{
  "results": [
    {
      "command": "npm",
      "mean": 9.76012017808,
      "stddev": 0.051394521750225276,
      "median": 9.763832446879999,
      "user": 9.86991606,
      "system": 5.45596512,
      "min": 9.67038675288,
      "max": 9.82625968188,
      "times": [
        9.69228426088,
        9.81733815288,
        9.71696909388,
        9.77425900788,
        9.82625968188,
        9.67038675288,
        9.79325133288,
        9.74513388188,
        9.81191372988,
        9.75340588588
      ],
      "exit_codes": [
        0,
        0,
        0,
        0,
        0,
        0,
        0,
        0,
        0,
        0
      ]
    },
    {
      "command": "yarn",
      "mean": 19.898731510179996,
      "stddev": 0.14762501378303633,
      "median": 19.88510352338,
      "user": 26.343605460000003,
      "system": 14.727045219999999,
      "min": 19.70345994088,
      "max": 20.156063537879998,
      "times": [
        20.08469716988,
        20.156063537879998,
        19.70345994088,
        19.71765743488,
        19.987566049879998,
        19.762154448879997,
        19.99503630788,
        19.85171805788,
        19.810473164879998,
        19.91848898888
      ],
      "exit_codes": [
        0,
        0,
        0,
        0,
        0,
        0,
        0,
        0,
        0,
        0
      ]
    },
    {
      "command": "berry",
      "mean": 7.59764315998,
      "stddev": 0.08948570762105386,
      "median": 7.61898696338,
      "user": 11.79158176,
      "system": 5.09071032,
      "min": 7.46520632288,
      "max": 7.76408533888,
      "times": [
        7.76408533888,
        7.60902011888,
        7.62895380788,
        7.6810073048800005,
        7.56868767288,
        7.63858886488,
        7.4892245308800005,
        7.63822065788,
        7.46520632288,
        7.49343697988
      ],
      "exit_codes": [
        0,
        0,
        0,
        0,
        0,
        0,
        0,
        0,
        0,
        0
      ]
    },
    {
      "command": "pnpm",
      "mean": 3.59097330358,
      "stddev": 0.040583016997226586,
      "median": 3.5917949158800004,
      "user": 7.078902559999999,
      "system": 2.98834242,
      "min": 3.5084030958800003,
      "max": 3.6795147148800003,
      "times": [
        3.5951935178800003,
        3.58839631388,
        3.59990981988,
        3.57792159288,
        3.56354388088,
        3.6795147148800003,
        3.58024528388,
        3.61420465588,
        3.60240015988,
        3.5084030958800003
      ],
      "exit_codes": [
        0,
        0,
        0,
        0,
        0,
        0,
        0,
        0,
        0,
        0
      ]
    },
    {
      "command": "vlt",
      "mean": 5.11789035278,
      "stddev": 0.051962138851353576,
      "median": 5.12611638588,
      "user": 6.726252560000001,
      "system": 3.6334570200000003,
      "min": 5.01711211788,
      "max": 5.19838552488,
      "times": [
        5.13559687688,
        5.0677596538800005,
        5.0664251378800005,
        5.01711211788,
        5.13840189488,
        5.11979272488,
        5.18319682488,
        5.12041444988,
        5.13181832188,
        5.19838552488
      ],
      "exit_codes": [
        0,
        0,
        0,
        0,
        0,
        0,
        0,
        0,
        0,
        0
      ]
    },
    {
      "command": "bun",
      "mean": 1.5550186667800003,
      "stddev": 0.060115363551691704,
      "median": 1.5588644358800001,
      "user": 1.8121550600000003,
      "system": 2.5639171199999997,
      "min": 1.4558241498800002,
      "max": 1.6853317848800002,
      "times": [
        1.5749948368800002,
        1.6853317848800002,
        1.56483316988,
        1.47326258388,
        1.5528957018800003,
        1.4558241498800002,
        1.5363703278800003,
        1.56868358488,
        1.54441487088,
        1.5935756568800001
      ],
      "exit_codes": [
        0,
        0,
        0,
        0,
        0,
        0,
        0,
        0,
        0,
        0
      ]
    },
    {
      "command": "deno",
      "mean": 3.65945647628,
      "stddev": 0.1434236240672241,
      "median": 3.66705122838,
      "user": 3.968265959999999,
      "system": 2.2882007200000003,
      "min": 3.4469015508800003,
      "max": 3.90693292588,
      "times": [
        3.87844549288,
        3.45947912088,
        3.68486516888,
        3.60741315988,
        3.64923728788,
        3.6922805268800003,
        3.90693292588,
        3.68718732088,
        3.58182220788,
        3.4469015508800003
      ],
      "exit_codes": [
        0,
        0,
        0,
        0,
        0,
        0,
        0,
        0,
        0,
        0
      ]
    }
  ]
}