{
  "results": [
    {
      "command": "npm",
      "mean": 0.6160732635,
      "stddev": 0.0074062126479669385,
      "median": 0.6122076189000001,
      "user": 0.6973130000000001,
      "system": 0.10842703999999999,
      "min": 0.6082993299,
      "max": 0.6294772719,
      "times": [
        0.6127830419,
        0.6115977529000001,
        0.6082993299,
        0.6108045009,
        0.6116321959000001,
        0.6087597209000001,
        0.6224613519000001,
        0.6172512579,
        0.6276662109000001,
        0.6294772719
      ],
      "exit_codes": [
        0,
        0,
        0,
        0,
        0,
        0,
        0,
        0,
        0,
        0
      ]
    },
    {
      "command": "yarn",
      "mean": 0.3081125008,
      "stddev": 0.0030362119505242214,
      "median": 0.3084817864,
      "user": 0.34325639999999996,
      "system": 0.06381104000000001,
      "min": 0.3029948149,
      "max": 0.3141686999,
      "times": [
        0.3076165259,
        0.3067542439,
        0.3093917559,
        0.3141686999,
        0.3049689009,
        0.3057468829,
        0.30934704690000003,
        0.3029948149,
        0.3107533659,
        0.3093827709
      ],
      "exit_codes": [
        0,
        0,
        0,
        0,
        0,
        0,
        0,
        0,
        0,
        0
      ]
    },
    {
      "command": "berry",
      "mean": 3.5328781512000007,
      "stddev": 0.03755180210566364,
      "median": 3.5229452674,
      "user": 6.6608225,
      "system": 1.77646314,
      "min": 3.4870456979,
      "max": 3.5985076939000002,
      "times": [
        3.5004324099,
        3.4870456979,
        3.5342961909,
        3.4911477889,
        3.5881426629,
        3.5162840599000003,
        3.5151741979,
        3.5681443349,
        3.5985076939000002,
        3.5296064749
      ],
      "exit_codes": [
        0,
        0,
        0,
        0,
        0,
        0,
        0,
        0,
        0,
        0
      ]
    },
    {
      "command": "pnpm",
      "mean": 0.8037162392000001,
      "stddev": 0.011812870143991785,
      "median": 0.8050268059000001,
      "user": 0.8852485,
      "system": 0.16542034,
      "min": 0.7796365069000001,
      "max": 0.8263860249,
      "times": [
        0.7901894989,
        0.8088266339000001,
        0.8064468249000001,
        0.7796365069000001,
        0.8023416579,
        0.8109661179000001,
        0.8036067869000001,
        0.8005214469,
        0.8263860249,
        0.8082408929
      ],
      "exit_codes": [
        0,
        0,
        0,
        0,
        0,
        0,
        0,
        0,
        0,
        0
      ]
    },
    {
      "command": "vlt",
      "mean": 0.3433512773,
      "stddev": 0.004786666234118623,
      "median": 0.3435530379,
      "user": 0.365901,
      "system": 0.07751714000000001,
      "min": 0.3358714949,
      "max": 0.3508772429,
      "times": [
        0.3395863149,
        0.3465587329,
        0.34372197790000003,
        0.3358714949,
        0.3508772429,
        0.3442779569,
        0.3369500099,
        0.3433840979,
        0.34198815390000004,
        0.3502967909
      ],
      "exit_codes": [
        0,
        0,
        0,
        0,
        0,
        0,
        0,
        0,
        0,
        0
      ]
    },
    {
      "command": "bun",
      "mean": 0.0143546382,
      "stddev": 0.0007271081549423098,
      "median": 0.014034754900000002,
      "user": 0.009047699999999999,
      "system": 0.01124354,
      "min": 0.0138396509,
      "max": 0.0160418279,
      "times": [
        0.0139003189,
        0.0160418279,
        0.015517348900000002,
        0.0141142069,
        0.0138396509,
        0.0139848479,
        0.013944703900000001,
        0.014133966900000001,
        0.0140546899,
        0.014014819900000001
      ],
      "exit_codes": [
        0,
        0,
        0,
        0,
        0,
        0,
        0,
        0,
        0,
        0
      ]
    },
    {
      "command": "deno",
      "mean": 0.20789129099999998,
      "stddev": 0.008656266373020707,
      "median": 0.2059605534,
      "user": 0.031934699999999996,
      "system": 0.028240140000000004,
      "min": 0.1974608849,
      "max": 0.2312710549,
      "times": [
        0.2035933269,
        0.2022482659,
        0.2105255669,
        0.2069473979,
        0.2038458329,
        0.2068667859,
        0.1974608849,
        0.2050543209,
        0.2110994729,
        0.2312710549
      ],
      "exit_codes": [
        0,
        0,
        0,
        0,
        0,
        0,
        0,
        0,
        0,
        0
      ]
    }
  ]
}