{
  "results": [
    {
      "command": "npm",
      "mean": 0.59095067908,
      "stddev": 0.007053639724511347,
      "median": 0.58975712028,
      "user": 0.6781161,
      "system": 0.09853684000000001,
      "min": 0.58064770128,
      "max": 0.60607422828,
      "times": [
        0.58930193228,
        0.58706904228,
        0.58064770128,
        0.59082802228,
        0.5867319212800001,
        0.5938451192800001,
        0.60607422828,
        0.59994653128,
        0.58484998428,
        0.59021230828
      ],
      "exit_codes": [
        0,
        0,
        0,
        0,
        0,
        0,
        0,
        0,
        0,
        0
      ]
    },
    {
      "command": "yarn",
      "mean": 0.32516121888000005,
      "stddev": 0.006005543818318576,
      "median": 0.32574291278,
      "user": 0.36949879999999996,
      "system": 0.06670844000000001,
      "min": 0.31618710328,
      "max": 0.33445898428,
      "times": [
        0.32701840128,
        0.32362348628,
        0.33135555028,
        0.32464034428,
        0.32684548128,
        0.33161776428,
        0.33445898428,
        0.31761935528,
        0.31824571828,
        0.31618710328
      ],
      "exit_codes": [
        0,
        0,
        0,
        0,
        0,
        0,
        0,
        0,
        0,
        0
      ]
    },
    {
      "command": "berry",
      "mean": 4.907309661579999,
      "stddev": 0.19735170341612954,
      "median": 4.8657421452800005,
      "user": 9.052534999999999,
      "system": 2.89206164,
      "min": 4.59663991328,
      "max": 5.37755916228,
      "times": [
        5.37755916228,
        4.79034523228,
        4.81265036328,
        4.95429766728,
        4.97615410328,
        4.90019934828,
        4.83128494228,
        4.59663991328,
        5.05155766728,
        4.78240821628
      ],
      "exit_codes": [
        0,
        0,
        0,
        0,
        0,
        0,
        0,
        0,
        0,
        0
      ]
    },
    {
      "command": "zpm",
      "mean": 2.4393197828800006,
      "stddev": 0.4072952018629236,
      "median": 2.36871174978,
      "user": 2.0515821,
      "system": 0.95479054,
      "min": 1.94170472128,
      "max": 3.34117717328,
      "times": [
        2.28994600128,
        2.08106459428,
        2.51990237728,
        3.34117717328,
        2.20800947428,
        2.08156922028,
        2.44747749828,
        1.94170472128,
        2.93736944128,
        2.54497732728
      ],
      "exit_codes": [
        0,
        0,
        0,
        0,
        0,
        0,
        0,
        0,
        0,
        0
      ]
    },
    {
      "command": "pnpm",
      "mean": 0.74689322188,
      "stddev": 0.016394709825852706,
      "median": 0.74765031178,
      "user": 0.8560521000000001,
      "system": 0.15387283999999998,
      "min": 0.71192976428,
      "max": 0.77569511828,
      "times": [
        0.75383715428,
        0.75782546628,
        0.73876667028,
        0.7432964252800001,
        0.71192976428,
        0.7602907962800001,
        0.75200419828,
        0.74013568428,
        0.77569511828,
        0.73515094128
      ],
      "exit_codes": [
        0,
        0,
        0,
        0,
        0,
        0,
        0,
        0,
        0,
        0
      ]
    },
    {
      "command": "vlt",
      "mean": 0.6967542030800001,
      "stddev": 0.013897119467103194,
      "median": 0.7021903297800001,
      "user": 0.6857348,
      "system": 0.18110994,
      "min": 0.66786685128,
      "max": 0.7116995982800001,
      "times": [
        0.71117721628,
        0.6961960942800001,
        0.70315118128,
        0.7116995982800001,
        0.67511334828,
        0.7014940992800001,
        0.70553235128,
        0.66786685128,
        0.7028865602800001,
        0.6924247302800001
      ],
      "exit_codes": [
        0,
        0,
        0,
        0,
        0,
        0,
        0,
        0,
        0,
        0
      ]
    },
    {
      "command": "bun",
      "mean": 0.012861285080000001,
      "stddev": 0.0004910890730158429,
      "median": 0.012779329780000001,
      "user": 0.010128700000000001,
      "system": 0.008550039999999998,
      "min": 0.01236805528,
      "max": 0.01410122028,
      "times": [
        0.01281635828,
        0.012684953280000001,
        0.01241117528,
        0.012456431280000001,
        0.01236805528,
        0.012847396280000001,
        0.013327108280000001,
        0.01285785128,
        0.01410122028,
        0.01274230128
      ],
      "exit_codes": [
        0,
        0,
        0,
        0,
        0,
        0,
        0,
        0,
        0,
        0
      ]
    },
    {
      "command": "deno",
      "mean": 0.90831904648,
      "stddev": 0.155585667445392,
      "median": 0.86951316878,
      "user": 0.34175919999999993,
      "system": 0.14054763999999997,
      "min": 0.70299652028,
      "max": 1.30371672028,
      "times": [
        0.8166239482800001,
        1.30371672028,
        0.7879510132800001,
        0.84970192328,
        0.9148926002800001,
        0.85631511228,
        0.70299652028,
        0.88271122528,
        0.94994501728,
        1.01833638428
      ],
      "exit_codes": [
        0,
        0,
        0,
        0,
        0,
        0,
        0,
        0,
        0,
        0
      ]
    }
  ]
}