{
  "results": [
    {
      "command": "npm",
      "mean": 6.6376288730800015,
      "stddev": 0.03608776843341813,
      "median": 6.65286497858,
      "user": 7.7203374799999995,
      "system": 2.4933331,
      "min": 6.579925455580001,
      "max": 6.68796345158,
      "times": [
        6.68796345158,
        6.61015302058,
        6.66128842258,
        6.667747735580001,
        6.6627948335800005,
        6.581229603580001,
        6.663421249580001,
        6.61732342358,
        6.579925455580001,
        6.64444153458
      ],
      "exit_codes": [
        0,
        0,
        0,
        0,
        0,
        0,
        0,
        0,
        0,
        0
      ]
    },
    {
      "command": "yarn",
      "mean": 4.710273814280001,
      "stddev": 0.16147206174534878,
      "median": 4.67197757708,
      "user": 2.66799308,
      "system": 2.2550961000000003,
      "min": 4.47467485858,
      "max": 4.98550463958,
      "times": [
        4.8861944395800005,
        4.54930488058,
        4.47467485858,
        4.5828266835800004,
        4.73352767958,
        4.63095974558,
        4.71299540858,
        4.9175435395800005,
        4.629206267580001,
        4.98550463958
      ],
      "exit_codes": [
        0,
        0,
        0,
        0,
        0,
        0,
        0,
        0,
        0,
        0
      ]
    },
    {
      "command": "berry",
      "mean": 3.05073167818,
      "stddev": 0.09792603470597755,
      "median": 3.04893823808,
      "user": 3.07472508,
      "system": 1.2517696999999999,
      "min": 2.9077780185799997,
      "max": 3.22238063558,
      "times": [
        3.22238063558,
        3.05083052658,
        2.95616163458,
        3.00100043558,
        3.21310196658,
        3.06841174258,
        3.0470459495799997,
        3.0752446025799998,
        2.96536126958,
        2.9077780185799997
      ],
      "exit_codes": [
        0,
        0,
        0,
        0,
        0,
        0,
        0,
        0,
        0,
        0
      ]
    },
    {
      "command": "pnpm",
      "mean": 3.24285744258,
      "stddev": 0.6240818054642067,
      "median": 2.92893293158,
      "user": 2.8140089799999997,
      "system": 0.9142104,
      "min": 2.75547955058,
      "max": 4.73009221558,
      "times": [
        4.73009221558,
        2.8958863985799996,
        4.09038078158,
        3.34710675258,
        2.95168186458,
        3.1451224935799997,
        2.77370989558,
        2.75547955058,
        2.83293047458,
        2.90618399858
      ],
      "exit_codes": [
        0,
        0,
        0,
        0,
        0,
        0,
        0,
        0,
        0,
        0
      ]
    },
    {
      "command": "vlt",
      "mean": 1.5505518542800003,
      "stddev": 0.01644705125821942,
      "median": 1.54260136058,
      "user": 1.6356731800000002,
      "system": 1.3155828999999999,
      "min": 1.5293888395800002,
      "max": 1.5800735215800001,
      "times": [
        1.5800735215800001,
        1.53944458758,
        1.5661247745800002,
        1.5293888395800002,
        1.5719144625800001,
        1.5409716845800001,
        1.5588503875800002,
        1.5394321635800001,
        1.54423103658,
        1.53508708458
      ],
      "exit_codes": [
        0,
        0,
        0,
        0,
        0,
        0,
        0,
        0,
        0,
        0
      ]
    },
    {
      "command": "bun",
      "mean": 0.21741115978,
      "stddev": 0.005940356459105415,
      "median": 0.21663890908,
      "user": 0.07216887999999999,
      "system": 0.1953198,
      "min": 0.21095674558,
      "max": 0.23323337558,
      "times": [
        0.21934837258,
        0.23323337558,
        0.21095674558,
        0.21533041458,
        0.21946819658,
        0.21170105658,
        0.21722119758,
        0.21657564558,
        0.21670217258,
        0.21357442058
      ],
      "exit_codes": [
        0,
        0,
        0,
        0,
        0,
        0,
        0,
        0,
        0,
        0
      ]
    },
    {
      "command": "deno",
      "mean": 0.57015317248,
      "stddev": 0.004781995845384906,
      "median": 0.56844687808,
      "user": 0.5571147799999998,
      "system": 0.4705222,
      "min": 0.56311105658,
      "max": 0.57935108558,
      "times": [
        0.56898126458,
        0.56770841558,
        0.56791249158,
        0.56653386258,
        0.56311105658,
        0.57331567358,
        0.56560151058,
        0.57935108558,
        0.57493263758,
        0.57408372658
      ],
      "exit_codes": [
        0,
        0,
        0,
        0,
        0,
        0,
        0,
        0,
        0,
        0
      ]
    }
  ]
}