{
  "results": [
    {
      "command": "npm",
      "mean": 0.5969651837,
      "stddev": 0.005428486822185787,
      "median": 0.5986974985,
      "user": 0.6638526600000001,
      "system": 0.10961728,
      "min": 0.586004599,
      "max": 0.605587885,
      "times": [
        0.598676253,
        0.599012349,
        0.592093056,
        0.586004599,
        0.593234391,
        0.598718744,
        0.605587885,
        0.593584073,
        0.602396943,
        0.600343544
      ],
      "exit_codes": [
        0,
        0,
        0,
        0,
        0,
        0,
        0,
        0,
        0,
        0
      ]
    },
    {
      "command": "yarn",
      "mean": 0.3202590880000001,
      "stddev": 0.003975795821712187,
      "median": 0.31851934700000006,
      "user": 0.3699669599999999,
      "system": 0.06343288,
      "min": 0.31628949300000003,
      "max": 0.32841716300000007,
      "times": [
        0.32841716300000007,
        0.31628949300000003,
        0.31746439900000006,
        0.31931836100000005,
        0.31713404500000003,
        0.32104046500000005,
        0.322956789,
        0.317720333,
        0.316571688,
        0.32567814400000006
      ],
      "exit_codes": [
        0,
        0,
        0,
        0,
        0,
        0,
        0,
        0,
        0,
        0
      ]
    },
    {
      "command": "berry",
      "mean": 1.1100929627,
      "stddev": 0.00998970530466795,
      "median": 1.106101483,
      "user": 1.22735606,
      "system": 0.21669657999999994,
      "min": 1.1005089799999999,
      "max": 1.133279249,
      "times": [
        1.101862009,
        1.10374879,
        1.108454176,
        1.113552669,
        1.1005089799999999,
        1.117754354,
        1.133279249,
        1.103108505,
        1.117612681,
        1.101048214
      ],
      "exit_codes": [
        0,
        0,
        0,
        0,
        0,
        0,
        0,
        0,
        0,
        0
      ]
    },
    {
      "command": "pnpm",
      "mean": 0.7668673912,
      "stddev": 0.1438857512526495,
      "median": 0.7204843635,
      "user": 0.8073096599999999,
      "system": 0.12539647999999998,
      "min": 0.699291284,
      "max": 1.197846462,
      "times": [
        0.71891138,
        0.715926363,
        0.715662164,
        0.7300349620000001,
        0.725244463,
        0.7166224840000001,
        0.727077003,
        0.699291284,
        1.197846462,
        0.722057347
      ],
      "exit_codes": [
        0,
        0,
        0,
        0,
        0,
        0,
        0,
        0,
        0,
        0
      ]
    },
    {
      "command": "vlt",
      "mean": 0.3117176300000001,
      "stddev": 0.005307289669147332,
      "median": 0.3112007875,
      "user": 0.33332886,
      "system": 0.07550127999999999,
      "min": 0.30580180300000004,
      "max": 0.32596510300000003,
      "times": [
        0.308228015,
        0.312305745,
        0.31240375600000003,
        0.31056849400000003,
        0.30737349500000005,
        0.30580180300000004,
        0.30908857300000003,
        0.31183308100000007,
        0.31360823500000007,
        0.32596510300000003
      ],
      "exit_codes": [
        0,
        0,
        0,
        0,
        0,
        0,
        0,
        0,
        0,
        0
      ]
    },
    {
      "command": "bun",
      "mean": 0.0122641145,
      "stddev": 0.0006607954337374389,
      "median": 0.011898024,
      "user": 0.00862966,
      "system": 0.00937268,
      "min": 0.011782025,
      "max": 0.013807984,
      "times": [
        0.011795317,
        0.013227938,
        0.011841237000000001,
        0.012283183,
        0.012235045,
        0.011885940000000001,
        0.013807984,
        0.011782025,
        0.011872368,
        0.011910108
      ],
      "exit_codes": [
        0,
        0,
        0,
        0,
        0,
        0,
        0,
        0,
        0,
        0
      ]
    },
    {
      "command": "deno",
      "mean": 0.057856715200000006,
      "stddev": 0.0013511565043330689,
      "median": 0.0576776645,
      "user": 0.03473606,
      "system": 0.02780058,
      "min": 0.056358038000000006,
      "max": 0.06066185400000001,
      "times": [
        0.056358038000000006,
        0.05661440100000001,
        0.05747612500000001,
        0.06066185400000001,
        0.056740236000000006,
        0.059410872,
        0.057879204000000004,
        0.05655922000000001,
        0.058903540000000004,
        0.057963662000000006
      ],
      "exit_codes": [
        0,
        0,
        0,
        0,
        0,
        0,
        0,
        0,
        0,
        0
      ]
    }
  ]
}