{
  "results": [
    {
      "command": "npm",
      "mean": 0.7146062373200002,
      "stddev": 0.006696604601375369,
      "median": 0.71378482952,
      "user": 0.8151423,
      "system": 0.13236527999999997,
      "min": 0.70378720452,
      "max": 0.7295982305200001,
      "times": [
        0.7107219665200001,
        0.71008877352,
        0.71218011952,
        0.7295982305200001,
        0.70378720452,
        0.71540784752,
        0.7181780815200001,
        0.71034949352,
        0.72036111652,
        0.7153895395200001
      ],
      "exit_codes": [
        0,
        0,
        0,
        0,
        0,
        0,
        0,
        0,
        0,
        0
      ]
    },
    {
      "command": "yarn",
      "mean": 9.14194254102,
      "stddev": 0.545003549113755,
      "median": 9.32526400302,
      "user": 4.032453599999999,
      "system": 1.49018718,
      "min": 8.17068660952,
      "max": 9.90096953552,
      "times": [
        9.56753544552,
        8.28116146752,
        9.59019010952,
        9.46182144252,
        9.90096953552,
        9.30983484852,
        9.03801812452,
        9.34069315752,
        8.75851466952,
        8.17068660952
      ],
      "exit_codes": [
        0,
        0,
        0,
        0,
        0,
        0,
        0,
        0,
        0,
        0
      ]
    },
    {
      "command": "berry",
      "mean": 2.24349314392,
      "stddev": 0.0468624033283015,
      "median": 2.22538522602,
      "user": 2.5220826,
      "system": 0.41543998000000004,
      "min": 2.1836489345200003,
      "max": 2.31539041952,
      "times": [
        2.28061969952,
        2.1836489345200003,
        2.1934678405200003,
        2.31539041952,
        2.2048168235200003,
        2.28525985052,
        2.22784082752,
        2.30969354952,
        2.21126386952,
        2.2229296245200003
      ],
      "exit_codes": [
        0,
        0,
        0,
        0,
        0,
        0,
        0,
        0,
        0,
        0
      ]
    },
    {
      "command": "pnpm",
      "mean": 1.2760370053200003,
      "stddev": 0.05990828181714114,
      "median": 1.26573983302,
      "user": 1.7231476000000001,
      "system": 0.30790378000000007,
      "min": 1.2209390555200001,
      "max": 1.4278619525200003,
      "times": [
        1.22231696252,
        1.4278619525200003,
        1.29591097552,
        1.2334250685200001,
        1.2209390555200001,
        1.2870266965200001,
        1.29060367752,
        1.3093818185200001,
        1.2444529695200002,
        1.2284508765200002
      ],
      "exit_codes": [
        0,
        0,
        0,
        0,
        0,
        0,
        0,
        0,
        0,
        0
      ]
    },
    {
      "command": "vlt",
      "mean": 0.33114064511999997,
      "stddev": 0.0047356796323562295,
      "median": 0.32978455702,
      "user": 0.3571314,
      "system": 0.07640427999999998,
      "min": 0.32465142152,
      "max": 0.34102862652,
      "times": [
        0.32923122452,
        0.33260684452,
        0.32976546752,
        0.32626642952,
        0.34102862652,
        0.32744471452,
        0.32465142152,
        0.33649242952,
        0.33411564652,
        0.32980364652
      ],
      "exit_codes": [
        0,
        0,
        0,
        0,
        0,
        0,
        0,
        0,
        0,
        0
      ]
    },
    {
      "command": "bun",
      "mean": 0.04268450722000001,
      "stddev": 0.002458515974550991,
      "median": 0.04178088102000001,
      "user": 0.0107194,
      "system": 0.037238480000000004,
      "min": 0.039854428520000006,
      "max": 0.046896496520000004,
      "times": [
        0.04617601552000001,
        0.04045937252000001,
        0.041384290520000006,
        0.04145121752000001,
        0.046896496520000004,
        0.04211054452000001,
        0.04565994752000001,
        0.040428647520000006,
        0.039854428520000006,
        0.04242411152000001
      ],
      "exit_codes": [
        0,
        0,
        0,
        0,
        0,
        0,
        0,
        0,
        0,
        0
      ]
    },
    {
      "command": "deno",
      "mean": 0.8237278165199999,
      "stddev": 0.025092495335069315,
      "median": 0.81298193952,
      "user": 1.0026499,
      "system": 0.29007068,
      "min": 0.80585659452,
      "max": 0.89209041552,
      "times": [
        0.80970369752,
        0.81337472952,
        0.81258914952,
        0.8164114235200001,
        0.80953565052,
        0.80663841952,
        0.83056055452,
        0.80585659452,
        0.84051753052,
        0.89209041552
      ],
      "exit_codes": [
        0,
        0,
        0,
        0,
        0,
        0,
        0,
        0,
        0,
        0
      ]
    }
  ]
}