{
  "results": [
    {
      "command": "npm",
      "mean": 0.88801443154,
      "stddev": 0.022662164967226676,
      "median": 0.8818962289400001,
      "user": 0.9630260400000001,
      "system": 0.20437596,
      "min": 0.85737957544,
      "max": 0.9366483464400001,
      "times": [
        0.85737957544,
        0.89820806144,
        0.87516702844,
        0.91824750844,
        0.86605084744,
        0.87888879544,
        0.88319323244,
        0.88576169444,
        0.9366483464400001,
        0.88059922544
      ],
      "exit_codes": [
        0,
        0,
        0,
        0,
        0,
        0,
        0,
        0,
        0,
        0
      ]
    },
    {
      "command": "yarn",
      "mean": 2.6438202131400006,
      "stddev": 0.06604541267725718,
      "median": 2.6559565119400004,
      "user": 2.03189274,
      "system": 0.8289822599999999,
      "min": 2.51245171044,
      "max": 2.7461010424400003,
      "times": [
        2.65646498544,
        2.6496652334400004,
        2.6872652284400003,
        2.6720042524400003,
        2.5344135154400003,
        2.7461010424400003,
        2.6511301264400005,
        2.67325799844,
        2.51245171044,
        2.6554480384400003
      ],
      "exit_codes": [
        0,
        0,
        0,
        0,
        0,
        0,
        0,
        0,
        0,
        0
      ]
    },
    {
      "command": "berry",
      "mean": 1.4183473759399998,
      "stddev": 0.01737133688404553,
      "median": 1.40920171994,
      "user": 1.5529452400000001,
      "system": 0.25732555999999995,
      "min": 1.40337851044,
      "max": 1.45960589044,
      "times": [
        1.40980359844,
        1.40337851044,
        1.42263981844,
        1.40626156544,
        1.42619670744,
        1.40522373944,
        1.40859984144,
        1.45960589044,
        1.40488035444,
        1.43688373344
      ],
      "exit_codes": [
        0,
        0,
        0,
        0,
        0,
        0,
        0,
        0,
        0,
        0
      ]
    },
    {
      "command": "pnpm",
      "mean": 1.13378079234,
      "stddev": 0.019292474168127877,
      "median": 1.13243860644,
      "user": 1.60236734,
      "system": 0.28823716,
      "min": 1.10951938144,
      "max": 1.16898807144,
      "times": [
        1.11386171044,
        1.13945164844,
        1.10951938144,
        1.15047976644,
        1.15766432844,
        1.1309821574399999,
        1.13389505544,
        1.16898807144,
        1.11432186844,
        1.11864393544
      ],
      "exit_codes": [
        0,
        0,
        0,
        0,
        0,
        0,
        0,
        0,
        0,
        0
      ]
    },
    {
      "command": "vlt",
      "mean": 0.34182689944,
      "stddev": 0.007271327563523092,
      "median": 0.34215294744,
      "user": 0.35587023999999995,
      "system": 0.07311585999999999,
      "min": 0.33220036444000006,
      "max": 0.35298265444000004,
      "times": [
        0.35298265444000004,
        0.33737365444000006,
        0.34683616244000004,
        0.34811343344000006,
        0.34148647044,
        0.33332312744000003,
        0.33220036444000006,
        0.34281942444,
        0.33280311944,
        0.35033058344000007
      ],
      "exit_codes": [
        0,
        0,
        0,
        0,
        0,
        0,
        0,
        0,
        0,
        0
      ]
    },
    {
      "command": "bun",
      "mean": 0.019162014740000004,
      "stddev": 0.0006444422808531494,
      "median": 0.019047750939999997,
      "user": 0.007641939999999998,
      "system": 0.01701916,
      "min": 0.01837152844,
      "max": 0.02041622944,
      "times": [
        0.01837152844,
        0.01921135344,
        0.02041622944,
        0.018884148439999998,
        0.019894742439999998,
        0.01860746744,
        0.01849458444,
        0.019580759439999998,
        0.019525035439999998,
        0.01863429844
      ],
      "exit_codes": [
        0,
        0,
        0,
        0,
        0,
        0,
        0,
        0,
        0,
        0
      ]
    },
    {
      "command": "deno",
      "mean": 0.38819925344000006,
      "stddev": 0.006846380734209003,
      "median": 0.38697021944000004,
      "user": 0.5070249399999999,
      "system": 0.17244446,
      "min": 0.37736788444,
      "max": 0.39802932144000003,
      "times": [
        0.38851269044000003,
        0.38542774844000005,
        0.39802932144000003,
        0.38513430044,
        0.38455048244000006,
        0.37936145544000005,
        0.39562382544,
        0.39745226944000006,
        0.37736788444,
        0.39053255644000007
      ],
      "exit_codes": [
        0,
        0,
        0,
        0,
        0,
        0,
        0,
        0,
        0,
        0
      ]
    }
  ]
}