{
  "results": [
    {
      "command": "npm",
      "mean": 3.0409866715,
      "stddev": 0.017087076797270204,
      "median": 3.0438819771,
      "user": 3.16849506,
      "system": 2.0714908999999997,
      "min": 3.0123319861,
      "max": 3.0678022771,
      "times": [
        3.0519846801,
        3.0237298591,
        3.0123319861,
        3.0282579961000002,
        3.0472784171000002,
        3.0404855371,
        3.0258485781,
        3.0678022771,
        3.0499701751,
        3.0621772091
      ],
      "exit_codes": [
        0,
        0,
        0,
        0,
        0,
        0,
        0,
        0,
        0,
        0
      ]
    },
    {
      "command": "yarn",
      "mean": 1.9695572123000002,
      "stddev": 0.02816415238346999,
      "median": 1.9661634161000001,
      "user": 1.9191659599999997,
      "system": 2.1366342999999994,
      "min": 1.9264367781000002,
      "max": 2.0409050551,
      "times": [
        1.9600025381000001,
        1.9669917141000002,
        1.9616155771000001,
        2.0409050551,
        1.9754551691000002,
        1.9450121431,
        1.9264367781000002,
        1.9715148181000002,
        1.9823032121000002,
        1.9653351181
      ],
      "exit_codes": [
        0,
        0,
        0,
        0,
        0,
        0,
        0,
        0,
        0,
        0
      ]
    },
    {
      "command": "berry",
      "mean": 1.9722232682999998,
      "stddev": 0.01297719858409176,
      "median": 1.9707594826000001,
      "user": 2.26602506,
      "system": 1.1150516,
      "min": 1.9564326361000002,
      "max": 1.9946346911000001,
      "times": [
        1.9813643291000003,
        1.9825697411000003,
        1.9599427481,
        1.9641852071,
        1.9946346911000001,
        1.9613164801000003,
        1.9584179321000001,
        1.9860351601000001,
        1.9564326361000002,
        1.9773337581000001
      ],
      "exit_codes": [
        0,
        0,
        0,
        0,
        0,
        0,
        0,
        0,
        0,
        0
      ]
    },
    {
      "command": "pnpm",
      "mean": 0.988909706,
      "stddev": 0.009681372092465588,
      "median": 0.9883108956000001,
      "user": 1.5293743599999998,
      "system": 0.5117229999999999,
      "min": 0.9734758571000001,
      "max": 1.0046444371,
      "times": [
        0.9823757861000001,
        0.9893948921000001,
        0.9872268991,
        0.9848694921000001,
        0.9929936821,
        1.0039389891000001,
        0.9734758571000001,
        0.9927585931,
        1.0046444371,
        0.9774184321
      ],
      "exit_codes": [
        0,
        0,
        0,
        0,
        0,
        0,
        0,
        0,
        0,
        0
      ]
    },
    {
      "command": "vlt",
      "mean": 1.4900849290999998,
      "stddev": 0.019295584813777245,
      "median": 1.4905186331000002,
      "user": 1.56893636,
      "system": 1.2259308999999998,
      "min": 1.4554553611,
      "max": 1.5218865811000002,
      "times": [
        1.4836853491000002,
        1.4554553611,
        1.4973519171,
        1.5048468281000003,
        1.4980517591000002,
        1.4684604471,
        1.5114850381,
        1.4804794771,
        1.4791465331000002,
        1.5218865811000002
      ],
      "exit_codes": [
        0,
        0,
        0,
        0,
        0,
        0,
        0,
        0,
        0,
        0
      ]
    },
    {
      "command": "bun",
      "mean": 0.15778420540000002,
      "stddev": 0.000991096690992461,
      "median": 0.15760290910000002,
      "user": 0.01149736,
      "system": 0.15158370000000002,
      "min": 0.1561635811,
      "max": 0.1593617581,
      "times": [
        0.1576180811,
        0.1568545331,
        0.1561635811,
        0.1573373161,
        0.1575877371,
        0.1593617581,
        0.1591307471,
        0.15828637710000001,
        0.1568820911,
        0.1586198321
      ],
      "exit_codes": [
        0,
        0,
        0,
        0,
        0,
        0,
        0,
        0,
        0,
        0
      ]
    },
    {
      "command": "deno",
      "mean": 0.3744555205,
      "stddev": 0.004184554816983718,
      "median": 0.37400368110000004,
      "user": 0.29134086,
      "system": 0.41204150000000006,
      "min": 0.3669716531,
      "max": 0.3830771531,
      "times": [
        0.3748473651,
        0.3669716531,
        0.3755635631,
        0.3716612581,
        0.3715808501,
        0.3723022801,
        0.3830771531,
        0.37315999710000003,
        0.37767402710000003,
        0.3777170581
      ],
      "exit_codes": [
        0,
        0,
        0,
        0,
        0,
        0,
        0,
        0,
        0,
        0
      ]
    }
  ]
}