{
  "results": [
    {
      "command": "npm",
      "mean": 4.7761300316,
      "stddev": 0.4545694271775124,
      "median": 4.9094045224,
      "user": 1.56139398,
      "system": 0.31326874,
      "min": 3.9158596194,
      "max": 5.3353262374,
      "times": [
        5.0952375314000005,
        5.3353262374,
        4.6421710274,
        4.9703956574,
        3.9158596194,
        5.2896858144,
        4.5800521534000005,
        4.8484133874,
        5.0106325374,
        4.0735263504
      ],
      "exit_codes": [
        0,
        0,
        0,
        0,
        0,
        0,
        0,
        0,
        0,
        0
      ]
    },
    {
      "command": "yarn",
      "mean": 24.7102670111,
      "stddev": 0.3610976859434278,
      "median": 24.5865549574,
      "user": 32.232906979999996,
      "system": 15.52279734,
      "min": 24.2063886384,
      "max": 25.3757454014,
      "times": [
        24.4297522254,
        24.4897601264,
        24.4841389674,
        24.5083621494,
        24.9265573544,
        24.2063886384,
        25.2924045294,
        24.7248129534,
        24.6647477654,
        25.3757454014
      ],
      "exit_codes": [
        0,
        0,
        0,
        0,
        0,
        0,
        0,
        0,
        0,
        0
      ]
    },
    {
      "command": "berry",
      "mean": 6.4416512669,
      "stddev": 0.3897562432453074,
      "median": 6.2903697684,
      "user": 11.72272078,
      "system": 3.291335339999999,
      "min": 6.0895357804,
      "max": 7.4145962184,
      "times": [
        7.4145962184,
        6.0895357804,
        6.5292553234,
        6.2680519684,
        6.3126875684,
        6.4076890724,
        6.8622803124,
        6.2362245974,
        6.1747177344,
        6.1214740934
      ],
      "exit_codes": [
        0,
        0,
        0,
        0,
        0,
        0,
        0,
        0,
        0,
        0
      ]
    },
    {
      "command": "pnpm",
      "mean": 4.6614114315999995,
      "stddev": 0.13167698059921615,
      "median": 4.6864337849,
      "user": 6.92649778,
      "system": 2.42506964,
      "min": 4.4454011794,
      "max": 4.854543119400001,
      "times": [
        4.7537272544,
        4.5976378834,
        4.4939969634,
        4.7280669164,
        4.854543119400001,
        4.8189175314,
        4.4454011794,
        4.543025156400001,
        4.6448006534,
        4.7339976584
      ],
      "exit_codes": [
        0,
        0,
        0,
        0,
        0,
        0,
        0,
        0,
        0,
        0
      ]
    },
    {
      "command": "vlt",
      "mean": 0.35560640190000004,
      "stddev": 0.006530489462311244,
      "median": 0.3546293324,
      "user": 0.37869597999999993,
      "system": 0.07907393999999998,
      "min": 0.34482008540000003,
      "max": 0.3647038554,
      "times": [
        0.3524889264,
        0.36444899540000003,
        0.3550017874,
        0.34482008540000003,
        0.3527671254,
        0.3542568774,
        0.3597860034,
        0.34661917140000004,
        0.3647038554,
        0.36117119140000004
      ],
      "exit_codes": [
        0,
        0,
        0,
        0,
        0,
        0,
        0,
        0,
        0,
        0
      ]
    },
    {
      "command": "bun",
      "mean": 2.6896807832,
      "stddev": 0.1878042667917902,
      "median": 2.6376036879,
      "user": 3.3457011800000003,
      "system": 2.9638388399999998,
      "min": 2.4149197084000003,
      "max": 3.0647515984,
      "times": [
        3.0067915594000003,
        3.0647515984,
        2.6130983504,
        2.5543365474,
        2.6173381814,
        2.6383477674,
        2.4149197084000003,
        2.6940431194000003,
        2.6368596084,
        2.6563213914
      ],
      "exit_codes": [
        0,
        0,
        0,
        0,
        0,
        0,
        0,
        0,
        0,
        0
      ]
    },
    {
      "command": "deno",
      "mean": 9.483161490799999,
      "stddev": 0.7429675268874635,
      "median": 9.2921349224,
      "user": 3.7813403800000005,
      "system": 0.87059274,
      "min": 8.4619027244,
      "max": 10.7746826824,
      "times": [
        9.399937704400001,
        10.544625463400001,
        10.1644594154,
        8.841096909400001,
        9.0285606184,
        8.4619027244,
        8.7915896044,
        9.1843321404,
        10.7746826824,
        9.6404276454
      ],
      "exit_codes": [
        0,
        0,
        0,
        0,
        0,
        0,
        0,
        0,
        0,
        0
      ]
    }
  ]
}