{
  "results": [
    {
      "command": "npm",
      "mean": 0.5616229081400002,
      "stddev": 0.004535465247061987,
      "median": 0.56048321444,
      "user": 0.60238558,
      "system": 0.13975332000000001,
      "min": 0.55514700294,
      "max": 0.57037148594,
      "times": [
        0.56760179694,
        0.55514700294,
        0.55922504294,
        0.57037148594,
        0.56174138594,
        0.55775264094,
        0.56449708594,
        0.56298720294,
        0.55896125094,
        0.55794418594
      ],
      "exit_codes": [
        0,
        0,
        0,
        0,
        0,
        0,
        0,
        0,
        0,
        0
      ]
    },
    {
      "command": "yarn",
      "mean": 1.96240484484,
      "stddev": 0.09007708140492296,
      "median": 1.9503521839400002,
      "user": 0.97108848,
      "system": 0.32313591999999997,
      "min": 1.7885908609399999,
      "max": 2.12644305794,
      "times": [
        1.89884086294,
        1.92583376794,
        2.12644305794,
        1.93125954194,
        1.9173569379400002,
        2.07600202794,
        2.01164532794,
        1.97863123694,
        1.9694448259400001,
        1.7885908609399999
      ],
      "exit_codes": [
        0,
        0,
        0,
        0,
        0,
        0,
        0,
        0,
        0,
        0
      ]
    },
    {
      "command": "berry",
      "mean": 1.0545574490400003,
      "stddev": 0.022029517527848833,
      "median": 1.05862548894,
      "user": 1.09815458,
      "system": 0.19196412,
      "min": 1.01470490294,
      "max": 1.08347926494,
      "times": [
        1.06147184694,
        1.08347926494,
        1.05577913094,
        1.02333152894,
        1.07269266294,
        1.04489323994,
        1.07816698994,
        1.07005957894,
        1.04099534394,
        1.01470490294
      ],
      "exit_codes": [
        0,
        0,
        0,
        0,
        0,
        0,
        0,
        0,
        0,
        0
      ]
    },
    {
      "command": "pnpm",
      "mean": 0.6762389929399999,
      "stddev": 0.0041458198665367645,
      "median": 0.67479768944,
      "user": 0.93442258,
      "system": 0.15218082,
      "min": 0.66984514894,
      "max": 0.68482908694,
      "times": [
        0.67382855194,
        0.67838574794,
        0.67366374394,
        0.66984514894,
        0.67495585194,
        0.68096748394,
        0.67463952694,
        0.68482908694,
        0.67310072594,
        0.67817406094
      ],
      "exit_codes": [
        0,
        0,
        0,
        0,
        0,
        0,
        0,
        0,
        0,
        0
      ]
    },
    {
      "command": "vlt",
      "mean": 0.26929293424,
      "stddev": 0.0038055846989680955,
      "median": 0.26815571294,
      "user": 0.27029778,
      "system": 0.05393842,
      "min": 0.26452901894,
      "max": 0.27826286394000005,
      "times": [
        0.26540671794000004,
        0.27136642194000005,
        0.26452901894,
        0.27230012894000005,
        0.27039738994,
        0.27826286394000005,
        0.26863630094,
        0.26767512494,
        0.26711389794,
        0.26724147694
      ],
      "exit_codes": [
        0,
        0,
        0,
        0,
        0,
        0,
        0,
        0,
        0,
        0
      ]
    },
    {
      "command": "bun",
      "mean": 0.01078490344,
      "stddev": 0.00017327965562133975,
      "median": 0.01078440394,
      "user": 0.005254379999999999,
      "system": 0.011141719999999997,
      "min": 0.01054650994,
      "max": 0.01102554294,
      "times": [
        0.01102554294,
        0.01083139094,
        0.01093370194,
        0.01056878094,
        0.010981158940000001,
        0.01073741694,
        0.01094147394,
        0.01070520994,
        0.01054650994,
        0.01057784794
      ],
      "exit_codes": [
        0,
        0,
        0,
        0,
        0,
        0,
        0,
        0,
        0,
        0
      ]
    },
    {
      "command": "deno",
      "mean": 0.17736040074,
      "stddev": 0.0035686348437893103,
      "median": 0.17639044144000005,
      "user": 0.24101708,
      "system": 0.08952962,
      "min": 0.17283994594000002,
      "max": 0.18186502194,
      "times": [
        0.17766417194000003,
        0.18152028894000002,
        0.17456082894000002,
        0.18186502194,
        0.17407174094000002,
        0.18099795494,
        0.18150108694000003,
        0.17346625594,
        0.17511671094000003,
        0.17283994594000002
      ],
      "exit_codes": [
        0,
        0,
        0,
        0,
        0,
        0,
        0,
        0,
        0,
        0
      ]
    }
  ]
}