{
  "results": [
    {
      "command": "npm",
      "mean": 0.9746944014200001,
      "stddev": 0.011901587116386857,
      "median": 0.9777537465200001,
      "user": 0.97595902,
      "system": 0.23290842000000006,
      "min": 0.9480392190200001,
      "max": 0.9922005550200002,
      "times": [
        0.9480392190200001,
        0.9786853990200001,
        0.98165806202,
        0.9729808550200001,
        0.9670237480200001,
        0.9818176980200001,
        0.9768220940200001,
        0.9799820430200001,
        0.9922005550200002,
        0.9677343410200001
      ],
      "exit_codes": [
        1,
        1,
        1,
        1,
        1,
        1,
        1,
        1,
        1,
        1
      ]
    },
    {
      "command": "yarn",
      "mean": 29.32825069662,
      "stddev": 1.4350371269133624,
      "median": 29.42175973102,
      "user": 10.70773292,
      "system": 8.932749920000001,
      "min": 27.491816384019998,
      "max": 31.93438379302,
      "times": [
        29.79236037402,
        27.491816384019998,
        28.29242719602,
        27.836420071019997,
        27.64939378702,
        30.007390277019997,
        29.05115908802,
        31.93438379302,
        30.97016229902,
        30.25699369702
      ],
      "exit_codes": [
        0,
        0,
        0,
        0,
        0,
        0,
        0,
        0,
        0,
        0
      ]
    },
    {
      "command": "berry",
      "mean": 8.220080020120003,
      "stddev": 0.058962143319066226,
      "median": 8.20079760902,
      "user": 9.489881519999999,
      "system": 4.21560932,
      "min": 8.150916783020001,
      "max": 8.353014617020001,
      "times": [
        8.186806928020001,
        8.272705016020002,
        8.16064061902,
        8.353014617020001,
        8.208567566020001,
        8.150916783020001,
        8.223541394020002,
        8.27028194702,
        8.193027652020001,
        8.18129767902
      ],
      "exit_codes": [
        0,
        0,
        0,
        0,
        0,
        0,
        0,
        0,
        0,
        0
      ]
    },
    {
      "command": "pnpm",
      "mean": 8.381965980820002,
      "stddev": 0.4731306307880273,
      "median": 8.32037259852,
      "user": 7.88647242,
      "system": 3.3139927200000003,
      "min": 7.90314465202,
      "max": 9.706586645020002,
      "times": [
        8.32454150402,
        8.36318911402,
        8.31620369302,
        9.706586645020002,
        8.15579505202,
        8.17115555802,
        8.33220213102,
        8.02339428902,
        7.90314465202,
        8.52344717002
      ],
      "exit_codes": [
        0,
        0,
        0,
        0,
        0,
        0,
        0,
        0,
        0,
        0
      ]
    },
    {
      "command": "vlt",
      "mean": 8.88183165832,
      "stddev": 0.04369167292850228,
      "median": 8.87226257552,
      "user": 11.01243422,
      "system": 4.905707519999999,
      "min": 8.813425823020001,
      "max": 8.95681441602,
      "times": [
        8.954638218020001,
        8.850509906020001,
        8.85940491402,
        8.868495495020001,
        8.845294989020001,
        8.813425823020001,
        8.89520789002,
        8.89849527602,
        8.95681441602,
        8.87602965602
      ],
      "exit_codes": [
        0,
        0,
        0,
        0,
        0,
        0,
        0,
        0,
        0,
        0
      ]
    },
    {
      "command": "bun",
      "mean": 0.72793765142,
      "stddev": 0.0024693878189560254,
      "median": 0.7276085695200001,
      "user": 0.046357419999999996,
      "system": 0.66650052,
      "min": 0.7245087780200001,
      "max": 0.7333776590200001,
      "times": [
        0.72857384702,
        0.72541592602,
        0.7278156080200001,
        0.73045895402,
        0.72740153102,
        0.7257645960200001,
        0.7245087780200001,
        0.7288858510200001,
        0.7333776590200001,
        0.7271737640200001
      ],
      "exit_codes": [
        0,
        0,
        0,
        0,
        0,
        0,
        0,
        0,
        0,
        0
      ]
    },
    {
      "command": "deno",
      "mean": 1.08236780542,
      "stddev": 0.03210763246936278,
      "median": 1.07284904552,
      "user": 0.71330642,
      "system": 1.39297982,
      "min": 1.04534715602,
      "max": 1.16628471602,
      "times": [
        1.06243432902,
        1.08342826602,
        1.09598687702,
        1.10001775202,
        1.0638652450200001,
        1.07139290802,
        1.16628471602,
        1.04534715602,
        1.07430518302,
        1.06061562202
      ],
      "exit_codes": [
        0,
        0,
        0,
        0,
        0,
        0,
        0,
        0,
        0,
        0
      ]
    }
  ]
}