{
  "results": [
    {
      "command": "npm",
      "mean": 21.038569800399994,
      "stddev": 1.1423379230123194,
      "median": 21.182747431,
      "user": 14.695387579999998,
      "system": 4.282274379999999,
      "min": 19.5337258705,
      "max": 23.2320635185,
      "times": [
        19.5337258705,
        22.175580809499998,
        19.9506552445,
        20.096960818499998,
        21.0268456685,
        21.3386491935,
        19.7151534975,
        23.2320635185,
        21.6837988315,
        21.6322645515
      ],
      "exit_codes": [
        0,
        0,
        0,
        0,
        0,
        0,
        0,
        0,
        0,
        0
      ]
    },
    {
      "command": "yarn",
      "mean": 16.5233823033,
      "stddev": 0.2568625808272803,
      "median": 16.506640908499996,
      "user": 17.83608878,
      "system": 8.09864818,
      "min": 16.0427035715,
      "max": 16.9867692305,
      "times": [
        16.537816945499998,
        16.2866415915,
        16.9867692305,
        16.3738202515,
        16.6425924665,
        16.0427035715,
        16.452299166499998,
        16.5796910835,
        16.475464871499998,
        16.8560238545
      ],
      "exit_codes": [
        0,
        0,
        0,
        0,
        0,
        0,
        0,
        0,
        0,
        0
      ]
    },
    {
      "command": "berry",
      "mean": 6.3210891488000005,
      "stddev": 0.09142573114337449,
      "median": 6.317116586000001,
      "user": 10.888356380000001,
      "system": 3.2104813799999996,
      "min": 6.1622826345,
      "max": 6.4680321875,
      "times": [
        6.386228781500001,
        6.2651216385,
        6.264792492500001,
        6.2518972425,
        6.369111533500001,
        6.241507711500001,
        6.4680321875,
        6.3962211985,
        6.4056960675,
        6.1622826345
      ],
      "exit_codes": [
        0,
        0,
        0,
        0,
        0,
        0,
        0,
        0,
        0,
        0
      ]
    },
    {
      "command": "pnpm",
      "mean": 4.512154887400001,
      "stddev": 0.04538487441982843,
      "median": 4.5114969685,
      "user": 6.82662538,
      "system": 2.42590118,
      "min": 4.424763818500001,
      "max": 4.5952430135,
      "times": [
        4.5952430135,
        4.5318173475000005,
        4.463052531500001,
        4.544531134500001,
        4.424763818500001,
        4.5090708025,
        4.5137841205,
        4.5480054905000005,
        4.5092098165,
        4.482070798500001
      ],
      "exit_codes": [
        0,
        0,
        0,
        0,
        0,
        0,
        0,
        0,
        0,
        0
      ]
    },
    {
      "command": "vlt",
      "mean": 7.0842419373,
      "stddev": 0.21483177515545518,
      "median": 7.0516004605,
      "user": 8.13715378,
      "system": 2.944591779999999,
      "min": 6.7522937445,
      "max": 7.508538708500001,
      "times": [
        6.9023783685,
        7.0950005285,
        7.0082003925,
        7.3576918945,
        7.1176697195,
        6.7522937445,
        6.914825227500001,
        7.508538708500001,
        6.975452869500001,
        7.2103679195
      ],
      "exit_codes": [
        0,
        0,
        0,
        0,
        0,
        0,
        0,
        0,
        0,
        0
      ]
    },
    {
      "command": "bun",
      "mean": 1.3917521828000001,
      "stddev": 0.05761158474160022,
      "median": 1.3833069125000002,
      "user": 2.0666510799999998,
      "system": 1.6912229799999998,
      "min": 1.3210324725,
      "max": 1.4857312815000001,
      "times": [
        1.4054853745000002,
        1.4857312815000001,
        1.4821710365000003,
        1.4383537585000001,
        1.3523413195,
        1.3269779205,
        1.3388148395000001,
        1.3210324725,
        1.3913004515,
        1.3753133735
      ],
      "exit_codes": [
        0,
        0,
        0,
        0,
        0,
        0,
        0,
        0,
        0,
        0
      ]
    },
    {
      "command": "deno",
      "mean": 11.3471475102,
      "stddev": 1.3875505901211915,
      "median": 10.702612153499999,
      "user": 4.2627628799999995,
      "system": 2.00220218,
      "min": 10.0095343535,
      "max": 13.7151784245,
      "times": [
        13.3682075975,
        10.3817418715,
        10.042711235499999,
        13.076363859499999,
        10.2185701075,
        10.5712228275,
        11.2539433455,
        10.0095343535,
        10.8340014795,
        13.7151784245
      ],
      "exit_codes": [
        0,
        0,
        0,
        0,
        0,
        0,
        0,
        0,
        0,
        0
      ]
    }
  ]
}