{
  "results": [
    {
      "command": "npm",
      "mean": 0.6320061920399999,
      "stddev": 0.009071036102236054,
      "median": 0.63064622774,
      "user": 0.71642166,
      "system": 0.10927832,
      "min": 0.62150644424,
      "max": 0.65532997224,
      "times": [
        0.62939672924,
        0.63688166124,
        0.62322922824,
        0.6338915982400001,
        0.6273624842400001,
        0.63189572624,
        0.62150644424,
        0.63415161724,
        0.65532997224,
        0.62641645924
      ],
      "exit_codes": [
        0,
        0,
        0,
        0,
        0,
        0,
        0,
        0,
        0,
        0
      ]
    },
    {
      "command": "yarn",
      "mean": 0.32187586544,
      "stddev": 0.03827309484925536,
      "median": 0.3103896447400001,
      "user": 0.34622795999999995,
      "system": 0.062164620000000004,
      "min": 0.30179302824000004,
      "max": 0.43629917524000006,
      "times": [
        0.31209261224,
        0.31278290824000005,
        0.30912730324000004,
        0.30558052824000004,
        0.31168560124000005,
        0.30861820824,
        0.31147418624000006,
        0.30179302824000004,
        0.43629917524000006,
        0.30930510324000005
      ],
      "exit_codes": [
        0,
        0,
        0,
        0,
        0,
        0,
        0,
        0,
        0,
        0
      ]
    },
    {
      "command": "berry",
      "mean": 1.0420480838399997,
      "stddev": 0.024429419862249727,
      "median": 1.03082051674,
      "user": 1.1624725599999999,
      "system": 0.20336881999999998,
      "min": 1.0130941702399998,
      "max": 1.0942013362399998,
      "times": [
        1.0610583512399998,
        1.03088340424,
        1.0130941702399998,
        1.0307576292399998,
        1.0266736802399998,
        1.07465591024,
        1.0276709442399998,
        1.0942013362399998,
        1.0348774432399999,
        1.0266079692399999
      ],
      "exit_codes": [
        0,
        0,
        0,
        0,
        0,
        0,
        0,
        0,
        0,
        0
      ]
    },
    {
      "command": "pnpm",
      "mean": 0.7891065568400001,
      "stddev": 0.022464956626875834,
      "median": 0.7863638367400001,
      "user": 0.85081946,
      "system": 0.14638402,
      "min": 0.7578189742400001,
      "max": 0.8231397822400001,
      "times": [
        0.8148047652400001,
        0.7600443062400001,
        0.7975990672400001,
        0.7578189742400001,
        0.8109893072400001,
        0.77512860624,
        0.8231397822400001,
        0.80340447924,
        0.7732143112400001,
        0.77492196924
      ],
      "exit_codes": [
        0,
        0,
        0,
        0,
        0,
        0,
        0,
        0,
        0,
        0
      ]
    },
    {
      "command": "vlt",
      "mean": 0.32571229964000004,
      "stddev": 0.01608332648798371,
      "median": 0.32073134124,
      "user": 0.36116596,
      "system": 0.07507562,
      "min": 0.31270801424000005,
      "max": 0.37265380524,
      "times": [
        0.32677509924000003,
        0.31270801424000005,
        0.37265380524,
        0.32262313924,
        0.31944073424,
        0.31649238624000003,
        0.32040610724,
        0.32077999824000003,
        0.32456102824000005,
        0.32068268424
      ],
      "exit_codes": [
        0,
        0,
        0,
        0,
        0,
        0,
        0,
        0,
        0,
        0
      ]
    },
    {
      "command": "bun",
      "mean": 0.014563899040000003,
      "stddev": 0.0006277776750389902,
      "median": 0.014282913740000002,
      "user": 0.008929659999999997,
      "system": 0.01164032,
      "min": 0.013982464240000003,
      "max": 0.01590865224,
      "times": [
        0.015321002240000003,
        0.01412786424,
        0.01452514824,
        0.013982464240000003,
        0.01590865224,
        0.014064277240000003,
        0.015120091240000001,
        0.014023663240000001,
        0.014180309240000001,
        0.014385518240000002
      ],
      "exit_codes": [
        0,
        0,
        0,
        0,
        0,
        0,
        0,
        0,
        0,
        0
      ]
    },
    {
      "command": "deno",
      "mean": 0.04834711794000001,
      "stddev": 0.00030706019038099006,
      "median": 0.048451569740000006,
      "user": 0.028223359999999996,
      "system": 0.026106219999999996,
      "min": 0.047736651240000004,
      "max": 0.04869305224000001,
      "times": [
        0.04862559024,
        0.048417072240000004,
        0.047736651240000004,
        0.04854360824,
        0.04815384524000001,
        0.048259510240000004,
        0.04863534724,
        0.04869305224000001,
        0.04848606724000001,
        0.04792043524
      ],
      "exit_codes": [
        0,
        0,
        0,
        0,
        0,
        0,
        0,
        0,
        0,
        0
      ]
    }
  ]
}