{
  "results": [
    {
      "command": "npm",
      "mean": 7.83040770978,
      "stddev": 0.04421797840509146,
      "median": 7.83761371638,
      "user": 8.761730859999998,
      "system": 3.2451305999999995,
      "min": 7.757765357879999,
      "max": 7.89623320388,
      "times": [
        7.7764093148799995,
        7.781426035879999,
        7.83919195788,
        7.757765357879999,
        7.836035474879999,
        7.8421215558799995,
        7.89623320388,
        7.84653997688,
        7.8338430168799995,
        7.8945112028799995
      ],
      "exit_codes": [
        0,
        0,
        0,
        0,
        0,
        0,
        0,
        0,
        0,
        0
      ]
    },
    {
      "command": "yarn",
      "mean": 4.714398471479999,
      "stddev": 0.24319845593341274,
      "median": 4.70355708738,
      "user": 3.010704959999999,
      "system": 2.7346173999999994,
      "min": 4.39400525888,
      "max": 5.28236607788,
      "times": [
        5.28236607788,
        4.71418203088,
        4.54758171888,
        4.578663382879999,
        4.46080556188,
        4.899670330879999,
        4.39400525888,
        4.70115748688,
        4.859596177879999,
        4.70595668788
      ],
      "exit_codes": [
        0,
        0,
        0,
        0,
        0,
        0,
        0,
        0,
        0,
        0
      ]
    },
    {
      "command": "berry",
      "mean": 3.17575442478,
      "stddev": 0.08625239647906714,
      "median": 3.1411630753799997,
      "user": 3.3733065599999996,
      "system": 1.4559004999999998,
      "min": 3.09109891288,
      "max": 3.39115790888,
      "times": [
        3.24210305088,
        3.14880210988,
        3.18643400088,
        3.09109891288,
        3.21994321788,
        3.09300742088,
        3.39115790888,
        3.1253673328800002,
        3.13352404088,
        3.12610625188
      ],
      "exit_codes": [
        0,
        0,
        0,
        0,
        0,
        0,
        0,
        0,
        0,
        0
      ]
    },
    {
      "command": "pnpm",
      "mean": 2.7764312491800007,
      "stddev": 0.09451864576241155,
      "median": 2.7625719368799997,
      "user": 2.75403156,
      "system": 0.9347289,
      "min": 2.57848839288,
      "max": 2.91280483788,
      "times": [
        2.7300484588800003,
        2.91280483788,
        2.86446357688,
        2.8711576718800003,
        2.84843230888,
        2.76606450788,
        2.57848839288,
        2.71745451688,
        2.7163188538800003,
        2.75907936588
      ],
      "exit_codes": [
        0,
        0,
        0,
        0,
        0,
        0,
        0,
        0,
        0,
        0
      ]
    },
    {
      "command": "vlt",
      "mean": 1.99210848878,
      "stddev": 0.029697461144058725,
      "median": 2.00135525688,
      "user": 1.9548974600000002,
      "system": 1.5858583999999998,
      "min": 1.93100448088,
      "max": 2.02842348288,
      "times": [
        2.02842348288,
        2.0155399208800002,
        2.01663380688,
        1.99555243288,
        1.96938697088,
        2.01410830188,
        1.9552107418800002,
        1.98806666788,
        2.00715808088,
        1.93100448088
      ],
      "exit_codes": [
        0,
        0,
        0,
        0,
        0,
        0,
        0,
        0,
        0,
        0
      ]
    },
    {
      "command": "bun",
      "mean": 0.19531505098000002,
      "stddev": 0.0011990375581603287,
      "median": 0.19537520688,
      "user": 0.013162059999999998,
      "system": 0.18763080000000004,
      "min": 0.19355575288000001,
      "max": 0.19766372588,
      "times": [
        0.19392906588,
        0.19396578288000002,
        0.19766372588,
        0.19622817588000002,
        0.19502628088,
        0.19608857888,
        0.19355575288000001,
        0.19514360888,
        0.19560680488,
        0.19594273288
      ],
      "exit_codes": [
        0,
        0,
        0,
        0,
        0,
        0,
        0,
        0,
        0,
        0
      ]
    },
    {
      "command": "deno",
      "mean": 0.5936189804800001,
      "stddev": 0.007118193883596086,
      "median": 0.5925934368800001,
      "user": 0.5604115600000001,
      "system": 0.5166055,
      "min": 0.5832582778800001,
      "max": 0.6061623018800001,
      "times": [
        0.5832582778800001,
        0.6061623018800001,
        0.5939679868800001,
        0.59008001188,
        0.5935048688800001,
        0.5845067298800001,
        0.59700661688,
        0.5916820048800001,
        0.5912091558800001,
        0.60481184988
      ],
      "exit_codes": [
        0,
        0,
        0,
        0,
        0,
        0,
        0,
        0,
        0,
        0
      ]
    }
  ]
}