{
  "results": [
    {
      "command": "npm",
      "mean": 6.6768122653600015,
      "stddev": 0.03682686308523986,
      "median": 6.67040868576,
      "user": 6.55786166,
      "system": 3.231974079999999,
      "min": 6.627991600260001,
      "max": 6.75526296926,
      "times": [
        6.66332767826,
        6.627991600260001,
        6.6870717412600005,
        6.638766261260001,
        6.67748969326,
        6.6485944982600005,
        6.68414269026,
        6.661657706260001,
        6.75526296926,
        6.72381781526
      ],
      "exit_codes": [
        0,
        0,
        0,
        0,
        0,
        0,
        0,
        0,
        0,
        0
      ]
    },
    {
      "command": "yarn",
      "mean": 3.4275838630599997,
      "stddev": 0.26257670912206627,
      "median": 3.35979178876,
      "user": 2.9992742599999995,
      "system": 2.7131185799999997,
      "min": 3.23994422526,
      "max": 4.18943665226,
      "times": [
        3.4458003432599997,
        3.3797413552599997,
        3.44621079226,
        4.18943665226,
        3.29098919026,
        3.2716477502599997,
        3.37482157526,
        3.34476200226,
        3.29248474426,
        3.23994422526
      ],
      "exit_codes": [
        0,
        0,
        0,
        0,
        0,
        0,
        0,
        0,
        0,
        0
      ]
    },
    {
      "command": "berry",
      "mean": 3.7457236150599997,
      "stddev": 0.024039393877992914,
      "median": 3.74620387576,
      "user": 4.0049348600000005,
      "system": 1.63006978,
      "min": 3.70316663826,
      "max": 3.78399689326,
      "times": [
        3.77211115126,
        3.71657924926,
        3.78399689326,
        3.75695202926,
        3.7553763882599998,
        3.7307323582599996,
        3.7645967632599997,
        3.70316663826,
        3.73703136326,
        3.73669331626
      ],
      "exit_codes": [
        0,
        0,
        0,
        0,
        0,
        0,
        0,
        0,
        0,
        0
      ]
    },
    {
      "command": "pnpm",
      "mean": 1.2407371305600001,
      "stddev": 0.0948699620455905,
      "median": 1.21970524176,
      "user": 1.8631480599999999,
      "system": 0.45308428,
      "min": 1.17360422826,
      "max": 1.52017732926,
      "times": [
        1.22144795726,
        1.19501579326,
        1.21796252626,
        1.19467524226,
        1.23009609326,
        1.23207085626,
        1.22473781026,
        1.52017732926,
        1.19758346926,
        1.17360422826
      ],
      "exit_codes": [
        0,
        0,
        0,
        0,
        0,
        0,
        0,
        0,
        0,
        0
      ]
    },
    {
      "command": "vlt",
      "mean": 2.3813729310599996,
      "stddev": 0.031037665397218597,
      "median": 2.37831584876,
      "user": 2.3465506599999997,
      "system": 1.78683568,
      "min": 2.32800753126,
      "max": 2.4479729842599998,
      "times": [
        2.38561435626,
        2.36266010726,
        2.37355215326,
        2.4479729842599998,
        2.3584988232599997,
        2.3830795442599997,
        2.3732361212599997,
        2.3833426592599998,
        2.41776503026,
        2.32800753126
      ],
      "exit_codes": [
        0,
        0,
        0,
        0,
        0,
        0,
        0,
        0,
        0,
        0
      ]
    },
    {
      "command": "bun",
      "mean": 0.14437022186,
      "stddev": 0.003347742952077418,
      "median": 0.14521965376,
      "user": 0.01495666,
      "system": 0.13471918,
      "min": 0.14006476126,
      "max": 0.14815618826,
      "times": [
        0.14071925826,
        0.14068738226,
        0.14056436226,
        0.14006476126,
        0.14394159226,
        0.14649771526,
        0.14815618826,
        0.14784590026,
        0.14754014226,
        0.14768491626
      ],
      "exit_codes": [
        0,
        0,
        0,
        0,
        0,
        0,
        0,
        0,
        0,
        0
      ]
    },
    {
      "command": "deno",
      "mean": 0.38269138596,
      "stddev": 0.01806283504369582,
      "median": 0.38405322626000005,
      "user": 0.36833095999999993,
      "system": 0.36044467999999996,
      "min": 0.35918689526,
      "max": 0.42520214226,
      "times": [
        0.38800070926,
        0.38063440026,
        0.37399544526,
        0.38747205226000003,
        0.39271390926,
        0.35918689526,
        0.42520214226,
        0.36088980426,
        0.38875899926,
        0.37005950226
      ],
      "exit_codes": [
        0,
        0,
        0,
        0,
        0,
        0,
        0,
        0,
        0,
        0
      ]
    }
  ]
}