{
  "results": [
    {
      "command": "npm",
      "mean": 0.55068066386,
      "stddev": 0.004995376418946402,
      "median": 0.54954665426,
      "user": 0.58932882,
      "system": 0.13837541999999997,
      "min": 0.54175472226,
      "max": 0.55790381826,
      "times": [
        0.54175472226,
        0.55610175126,
        0.55297675226,
        0.5490859222600001,
        0.55728389126,
        0.5469465922600001,
        0.54792347326,
        0.5468223292600001,
        0.55790381826,
        0.55000738626
      ],
      "exit_codes": [
        0,
        0,
        0,
        0,
        0,
        0,
        0,
        0,
        0,
        0
      ]
    },
    {
      "command": "yarn",
      "mean": 2.99114241646,
      "stddev": 0.7459689969163462,
      "median": 2.78742539826,
      "user": 0.9469644199999999,
      "system": 0.32657192,
      "min": 2.51691402726,
      "max": 5.1111881082599995,
      "times": [
        2.58666190726,
        2.85297191626,
        5.1111881082599995,
        3.35005553726,
        2.79084979926,
        2.5220485472600003,
        2.51691402726,
        2.78400099726,
        2.87039558826,
        2.52633773626
      ],
      "exit_codes": [
        0,
        0,
        0,
        0,
        0,
        0,
        0,
        0,
        0,
        0
      ]
    },
    {
      "command": "berry",
      "mean": 1.32801486496,
      "stddev": 0.04712809106918443,
      "median": 1.31709819026,
      "user": 1.12167182,
      "system": 0.19235412,
      "min": 1.26431707926,
      "max": 1.41721222826,
      "times": [
        1.38548964726,
        1.3171255342600001,
        1.29811146526,
        1.41721222826,
        1.37083791726,
        1.3115787002600001,
        1.26431707926,
        1.31707084626,
        1.26760493826,
        1.33080029326
      ],
      "exit_codes": [
        0,
        0,
        0,
        0,
        0,
        0,
        0,
        0,
        0,
        0
      ]
    },
    {
      "command": "pnpm",
      "mean": 0.70486569346,
      "stddev": 0.020834184416324078,
      "median": 0.7014360887600001,
      "user": 0.9018305200000001,
      "system": 0.14832481999999997,
      "min": 0.67313775226,
      "max": 0.74679339826,
      "times": [
        0.7048080132600001,
        0.73212067126,
        0.68514650026,
        0.69774700426,
        0.71116390626,
        0.74679339826,
        0.6980641642600001,
        0.67313775226,
        0.68849779326,
        0.7111777312600001
      ],
      "exit_codes": [
        0,
        0,
        0,
        0,
        0,
        0,
        0,
        0,
        0,
        0
      ]
    },
    {
      "command": "vlt",
      "mean": 0.24675456426000003,
      "stddev": 0.003554688004024888,
      "median": 0.24732549526000003,
      "user": 0.24818701999999998,
      "system": 0.04962512,
      "min": 0.24239650926,
      "max": 0.25410922426000004,
      "times": [
        0.24777672126000003,
        0.24239650926,
        0.24262374726000002,
        0.24876248726000003,
        0.24687426926000003,
        0.24259801726000002,
        0.25410922426000004,
        0.24976812826,
        0.24483828526,
        0.24779825326000002
      ],
      "exit_codes": [
        0,
        0,
        0,
        0,
        0,
        0,
        0,
        0,
        0,
        0
      ]
    },
    {
      "command": "bun",
      "mean": 0.010440948160000001,
      "stddev": 0.0002520484165819933,
      "median": 0.010505896760000001,
      "user": 0.005920120000000001,
      "system": 0.009934219999999999,
      "min": 0.01000870026,
      "max": 0.01082967026,
      "times": [
        0.01000870026,
        0.01020427326,
        0.01048216226,
        0.01052963126,
        0.01045916726,
        0.01056917326,
        0.010628273260000001,
        0.01063475726,
        0.01082967026,
        0.010063673260000001
      ],
      "exit_codes": [
        0,
        0,
        0,
        0,
        0,
        0,
        0,
        0,
        0,
        0
      ]
    },
    {
      "command": "deno",
      "mean": 0.17266327606,
      "stddev": 0.00307182736549409,
      "median": 0.17197639026,
      "user": 0.23261062,
      "system": 0.09076422,
      "min": 0.16847891926,
      "max": 0.17728463326000002,
      "times": [
        0.17018791126000002,
        0.17550812426,
        0.16908317626000002,
        0.17474689426,
        0.16847891926,
        0.17675364826,
        0.17063667326,
        0.17089602226,
        0.17728463326000002,
        0.17305675826
      ],
      "exit_codes": [
        0,
        0,
        0,
        0,
        0,
        0,
        0,
        0,
        0,
        0
      ]
    }
  ]
}