{
  "results": [
    {
      "command": "npm",
      "mean": 21.439348996200003,
      "stddev": 0.8573921972775248,
      "median": 21.547923224,
      "user": 12.1373896,
      "system": 4.31586296,
      "min": 19.989454329,
      "max": 23.118247995,
      "times": [
        21.56228219,
        21.72683367,
        23.118247995,
        20.970850774000002,
        22.160677838,
        20.668088924000003,
        20.636807708000003,
        22.026682276000003,
        21.533564258000002,
        19.989454329
      ],
      "exit_codes": [
        0,
        0,
        0,
        0,
        0,
        0,
        0,
        0,
        0,
        0
      ]
    },
    {
      "command": "yarn",
      "mean": 11.971662968999999,
      "stddev": 0.13537715686764307,
      "median": 11.97641153,
      "user": 15.631840500000001,
      "system": 8.258586059999999,
      "min": 11.68612733,
      "max": 12.250705865,
      "times": [
        11.991034325,
        12.002614643,
        12.069626272,
        12.006826917,
        11.893391842,
        11.899508292,
        11.961788735,
        12.250705865,
        11.955005469,
        11.68612733
      ],
      "exit_codes": [
        0,
        0,
        0,
        0,
        0,
        0,
        0,
        0,
        0,
        0
      ]
    },
    {
      "command": "berry",
      "mean": 4.660783132200001,
      "stddev": 0.05552649765410854,
      "median": 4.6662707625,
      "user": 7.794910400000001,
      "system": 2.4829483599999995,
      "min": 4.551343607,
      "max": 4.7689672299999994,
      "times": [
        4.551343607,
        4.6909964209999995,
        4.658978013,
        4.598805302,
        4.7689672299999994,
        4.654395805,
        4.634982476999999,
        4.673563511999999,
        4.682734413,
        4.693064542
      ],
      "exit_codes": [
        0,
        0,
        0,
        0,
        0,
        0,
        0,
        0,
        0,
        0
      ]
    },
    {
      "command": "pnpm",
      "mean": 2.9200100201,
      "stddev": 0.07473913078100636,
      "median": 2.9126593859999996,
      "user": 4.860157299999999,
      "system": 1.8794370600000003,
      "min": 2.822618876,
      "max": 3.0707784119999997,
      "times": [
        2.9562899209999998,
        2.9068538019999997,
        3.0130441379999997,
        2.90836668,
        3.0707784119999997,
        2.827679918,
        2.822618876,
        2.926675515,
        2.8508408469999997,
        2.916952092
      ],
      "exit_codes": [
        0,
        0,
        0,
        0,
        0,
        0,
        0,
        0,
        0,
        0
      ]
    },
    {
      "command": "vlt",
      "mean": 5.1562984102,
      "stddev": 0.22505497410712982,
      "median": 5.14245749,
      "user": 4.7830952999999985,
      "system": 2.26276976,
      "min": 4.878242140999999,
      "max": 5.71845725,
      "times": [
        5.11930195,
        5.255422998,
        5.14824974,
        4.878242140999999,
        4.971031001,
        5.13666524,
        4.910517776,
        5.71845725,
        5.227626677,
        5.197469329
      ],
      "exit_codes": [
        0,
        0,
        0,
        0,
        0,
        0,
        0,
        0,
        0,
        0
      ]
    },
    {
      "command": "bun",
      "mean": 1.9822249555,
      "stddev": 2.2061224148105225,
      "median": 1.2493923495,
      "user": 0.8595091,
      "system": 1.18162466,
      "min": 1.2003998530000002,
      "max": 8.599874672,
      "times": [
        8.599874672,
        1.262971982,
        1.251946309,
        1.21280608,
        1.3031370210000002,
        1.2003998530000002,
        1.29820777,
        1.220826623,
        1.2468383900000002,
        1.225240855
      ],
      "exit_codes": [
        0,
        0,
        0,
        0,
        0,
        0,
        0,
        0,
        0,
        0
      ]
    },
    {
      "command": "deno",
      "mean": 6.0468235037,
      "stddev": 0.5717661343492901,
      "median": 5.876921995,
      "user": 2.6933835999999998,
      "system": 1.49054296,
      "min": 5.3321341019999995,
      "max": 7.06250833,
      "times": [
        5.3321341019999995,
        6.633988045,
        5.891325549,
        6.783567072,
        5.862518441,
        5.396551364,
        5.5618106439999995,
        6.208298473,
        7.06250833,
        5.735533017
      ],
      "exit_codes": [
        0,
        0,
        0,
        0,
        0,
        0,
        0,
        0,
        0,
        0
      ]
    }
  ]
}