{
  "results": [
    {
      "command": "npm",
      "mean": 0.5191811268600001,
      "stddev": 0.009405489992298769,
      "median": 0.51466274646,
      "user": 0.5743200199999999,
      "system": 0.10358216,
      "min": 0.50811198396,
      "max": 0.53457858896,
      "times": [
        0.5099529179600001,
        0.51153894696,
        0.53457858896,
        0.52476026996,
        0.52798297896,
        0.51633725096,
        0.53279300096,
        0.51276708796,
        0.50811198396,
        0.51298824196
      ],
      "exit_codes": [
        0,
        0,
        0,
        0,
        0,
        0,
        0,
        0,
        0,
        0
      ]
    },
    {
      "command": "yarn",
      "mean": 0.29769054676000006,
      "stddev": 0.004317096343586231,
      "median": 0.29790616646,
      "user": 0.3241845199999999,
      "system": 0.06178655999999999,
      "min": 0.29120801596,
      "max": 0.30500790996000005,
      "times": [
        0.29622661196000005,
        0.30177861796000005,
        0.30250384596,
        0.29843145596000004,
        0.30500790996000005,
        0.29166132096,
        0.29427535596000004,
        0.29815706096000005,
        0.29765527196,
        0.29120801596
      ],
      "exit_codes": [
        0,
        0,
        0,
        0,
        0,
        0,
        0,
        0,
        0,
        0
      ]
    },
    {
      "command": "berry",
      "mean": 0.77642714666,
      "stddev": 0.007809201512128306,
      "median": 0.7752865599600001,
      "user": 0.85750952,
      "system": 0.14053365999999998,
      "min": 0.76486375196,
      "max": 0.79133528596,
      "times": [
        0.77288203696,
        0.7850236849600001,
        0.7658535619600001,
        0.78300422696,
        0.77362716196,
        0.7761346159600001,
        0.77710863596,
        0.76486375196,
        0.77443850396,
        0.79133528596
      ],
      "exit_codes": [
        0,
        0,
        0,
        0,
        0,
        0,
        0,
        0,
        0,
        0
      ]
    },
    {
      "command": "pnpm",
      "mean": 0.8013581030599999,
      "stddev": 0.05308830314482541,
      "median": 0.7798656029600001,
      "user": 0.79800812,
      "system": 0.12602286000000001,
      "min": 0.7535323879600001,
      "max": 0.9365557679600001,
      "times": [
        0.7802017749600001,
        0.7535323879600001,
        0.80852271596,
        0.75661156496,
        0.7688116069600001,
        0.83254392696,
        0.83464742296,
        0.9365557679600001,
        0.7626244309600001,
        0.77952943096
      ],
      "exit_codes": [
        0,
        0,
        0,
        0,
        0,
        0,
        0,
        0,
        0,
        0
      ]
    },
    {
      "command": "vlt",
      "mean": 0.30602777046,
      "stddev": 0.004276762428383534,
      "median": 0.30576744146,
      "user": 0.32774562,
      "system": 0.06755145999999998,
      "min": 0.29898709396,
      "max": 0.31472708896,
      "times": [
        0.29898709396,
        0.30697136796,
        0.31472708896,
        0.31151216896,
        0.30569695296000005,
        0.30598590896000005,
        0.30314201596,
        0.30583792996000003,
        0.30563947896000004,
        0.30177769796000004
      ],
      "exit_codes": [
        0,
        0,
        0,
        0,
        0,
        0,
        0,
        0,
        0,
        0
      ]
    },
    {
      "command": "bun",
      "mean": 0.01099756766,
      "stddev": 0.0006717379567228653,
      "median": 0.010657742460000001,
      "user": 0.008659019999999998,
      "system": 0.008491160000000001,
      "min": 0.01016944296,
      "max": 0.012012706960000001,
      "times": [
        0.011769778960000001,
        0.011818077960000001,
        0.01047891896,
        0.010450575960000002,
        0.01158198696,
        0.010620493960000001,
        0.010378702960000001,
        0.012012706960000001,
        0.01016944296,
        0.010694990960000001
      ],
      "exit_codes": [
        0,
        0,
        0,
        0,
        0,
        0,
        0,
        0,
        0,
        0
      ]
    },
    {
      "command": "deno",
      "mean": 0.04243931276,
      "stddev": 0.0006714622882753434,
      "median": 0.04230499496000001,
      "user": 0.024642119999999997,
      "system": 0.02189406,
      "min": 0.04153520496,
      "max": 0.043854740960000006,
      "times": [
        0.04176911296000001,
        0.04209103796000001,
        0.043212524960000005,
        0.04153520496,
        0.043854740960000006,
        0.04242641196000001,
        0.04254426496,
        0.04218357796,
        0.041920350960000005,
        0.042855899960000006
      ],
      "exit_codes": [
        0,
        0,
        0,
        0,
        0,
        0,
        0,
        0,
        0,
        0
      ]
    }
  ]
}