{
  "results": [
    {
      "command": "npm",
      "mean": 0.27472437644000003,
      "stddev": 0.0031820041829776174,
      "median": 0.27498174844,
      "user": 0.30647287999999995,
      "system": 0.05057338,
      "min": 0.26932237594,
      "max": 0.27967821594000003,
      "times": [
        0.27967821594000003,
        0.27931189894,
        0.27497880694,
        0.27212257094000003,
        0.27553408794,
        0.27498468994,
        0.26932237594,
        0.27305487594,
        0.27135069294,
        0.27690554894
      ],
      "exit_codes": [
        0,
        0,
        0,
        0,
        0,
        0,
        0,
        0,
        0,
        0
      ]
    },
    {
      "command": "yarn",
      "mean": 0.22391036584,
      "stddev": 0.0016403806079818436,
      "median": 0.22360314644,
      "user": 0.20625597999999998,
      "system": 0.04141508,
      "min": 0.22158113794,
      "max": 0.22789977694,
      "times": [
        0.22254433494,
        0.22377574694,
        0.22476992494,
        0.22158113794,
        0.22505856994,
        0.22343054594,
        0.22285971794,
        0.22380354194,
        0.22789977694,
        0.22338036094
      ],
      "exit_codes": [
        0,
        0,
        0,
        0,
        0,
        0,
        0,
        0,
        0,
        0
      ]
    },
    {
      "command": "berry",
      "mean": 0.6284658535400001,
      "stddev": 0.01323992129209315,
      "median": 0.6265309454400001,
      "user": 0.6833055799999999,
      "system": 0.09800837999999998,
      "min": 0.61315819394,
      "max": 0.6628775039400001,
      "times": [
        0.6628775039400001,
        0.6302077219400001,
        0.61315819394,
        0.6288444689400001,
        0.6363742359400001,
        0.6242174219400001,
        0.6152354009400001,
        0.6290817899400001,
        0.6223185579400001,
        0.6223432399400001
      ],
      "exit_codes": [
        0,
        0,
        0,
        0,
        0,
        0,
        0,
        0,
        0,
        0
      ]
    },
    {
      "command": "pnpm",
      "mean": 0.61765128604,
      "stddev": 0.00953042186939387,
      "median": 0.6180752384400001,
      "user": 0.59834978,
      "system": 0.08396108000000001,
      "min": 0.6006129489400001,
      "max": 0.6335919869400001,
      "times": [
        0.6303127089400001,
        0.6144142949400001,
        0.6335919869400001,
        0.60534040594,
        0.6165641839400001,
        0.61419560894,
        0.61973539994,
        0.6221590289400001,
        0.6195862929400001,
        0.6006129489400001
      ],
      "exit_codes": [
        0,
        0,
        0,
        0,
        0,
        0,
        0,
        0,
        0,
        0
      ]
    },
    {
      "command": "vlt",
      "mean": 0.25269268854000004,
      "stddev": 0.0019752613059517013,
      "median": 0.25300491644,
      "user": 0.26907687999999996,
      "system": 0.04208068,
      "min": 0.24805471694,
      "max": 0.25597888694,
      "times": [
        0.25345695994,
        0.25092991994,
        0.24805471694,
        0.25246614994,
        0.25343921294,
        0.25398332194,
        0.25352705494,
        0.25597888694,
        0.25257061994,
        0.25252004194
      ],
      "exit_codes": [
        0,
        0,
        0,
        0,
        0,
        0,
        0,
        0,
        0,
        0
      ]
    },
    {
      "command": "bun",
      "mean": 0.00508834064,
      "stddev": 0.00021233172266905864,
      "median": 0.00505876444,
      "user": 0.0032633799999999998,
      "system": 0.004511179999999999,
      "min": 0.00481845994,
      "max": 0.005421271940000001,
      "times": [
        0.004970388940000001,
        0.0048593909400000005,
        0.005326571940000001,
        0.004963704940000001,
        0.005148942940000001,
        0.005147139940000001,
        0.004868688940000001,
        0.005421271940000001,
        0.00481845994,
        0.005358845940000001
      ],
      "exit_codes": [
        0,
        0,
        0,
        0,
        0,
        0,
        0,
        0,
        0,
        0
      ]
    },
    {
      "command": "deno",
      "mean": 0.03226722284,
      "stddev": 0.000473500911368171,
      "median": 0.032138139940000005,
      "user": 0.02123148,
      "system": 0.014256979999999999,
      "min": 0.03172491094,
      "max": 0.03313927194,
      "times": [
        0.03172491094,
        0.03270590594,
        0.031911470940000006,
        0.03175316394,
        0.03242061994,
        0.03203125694,
        0.03313927194,
        0.03287192294,
        0.03224502294,
        0.031868681940000004
      ],
      "exit_codes": [
        0,
        0,
        0,
        0,
        0,
        0,
        0,
        0,
        0,
        0
      ]
    }
  ]
}