{
  "results": [
    {
      "command": "npm",
      "mean": 0.31993407834000004,
      "stddev": 0.0020590695022059745,
      "median": 0.31955746364000004,
      "user": 0.32469899999999996,
      "system": 0.0788314,
      "min": 0.31653270014,
      "max": 0.32404772914,
      "times": [
        0.32309477314,
        0.31904271314000004,
        0.31990212814,
        0.31957673914,
        0.31953818814,
        0.32404772914,
        0.32010654214,
        0.31876774214000003,
        0.31873152814,
        0.31653270014
      ],
      "exit_codes": [
        0,
        0,
        0,
        0,
        0,
        0,
        0,
        0,
        0,
        0
      ]
    },
    {
      "command": "yarn",
      "mean": 0.23128610354000007,
      "stddev": 0.00205786121895171,
      "median": 0.23103345264000003,
      "user": 0.202514,
      "system": 0.052963899999999994,
      "min": 0.22840292414000002,
      "max": 0.23527714014,
      "times": [
        0.22840292414000002,
        0.22979301814000003,
        0.23527714014,
        0.23281304414,
        0.23264013814,
        0.23116496214,
        0.23308009014,
        0.22862871914000002,
        0.23090194314,
        0.23015905614
      ],
      "exit_codes": [
        0,
        0,
        0,
        0,
        0,
        0,
        0,
        0,
        0,
        0
      ]
    },
    {
      "command": "berry",
      "mean": 0.59122733834,
      "stddev": 0.011822100095298207,
      "median": 0.58931615064,
      "user": 0.6805805999999999,
      "system": 0.12028069999999999,
      "min": 0.57588892514,
      "max": 0.61121515614,
      "times": [
        0.57588892514,
        0.60996465314,
        0.59213371814,
        0.58044949014,
        0.61121515614,
        0.58649858314,
        0.58422074914,
        0.57877395414,
        0.59893773114,
        0.59419042314
      ],
      "exit_codes": [
        0,
        0,
        0,
        0,
        0,
        0,
        0,
        0,
        0,
        0
      ]
    },
    {
      "command": "pnpm",
      "mean": 0.57575197094,
      "stddev": 0.008751618347973639,
      "median": 0.5760626336400001,
      "user": 0.6217700999999999,
      "system": 0.1075419,
      "min": 0.56082180514,
      "max": 0.59045103014,
      "times": [
        0.56082180514,
        0.5626747481400001,
        0.58588101214,
        0.57420558714,
        0.5723065111400001,
        0.59045103014,
        0.5754906631400001,
        0.5773228771400001,
        0.58173087114,
        0.57663460414
      ],
      "exit_codes": [
        0,
        0,
        0,
        0,
        0,
        0,
        0,
        0,
        0,
        0
      ]
    },
    {
      "command": "vlt",
      "mean": 0.26685002554000004,
      "stddev": 0.003393431441663737,
      "median": 0.26623506714,
      "user": 0.26796990000000004,
      "system": 0.0544068,
      "min": 0.26290618314,
      "max": 0.27482170414,
      "times": [
        0.26290618314,
        0.26618126014000004,
        0.26517768014000004,
        0.26918605514,
        0.26948720914,
        0.26628887414,
        0.27482170414,
        0.26416379514,
        0.26702030814,
        0.26326718614
      ],
      "exit_codes": [
        0,
        0,
        0,
        0,
        0,
        0,
        0,
        0,
        0,
        0
      ]
    },
    {
      "command": "bun",
      "mean": 0.00621046474,
      "stddev": 0.00044546073685594313,
      "median": 0.00607508514,
      "user": 0.0037786999999999994,
      "system": 0.0059173,
      "min": 0.0055810921400000005,
      "max": 0.0069551451400000006,
      "times": [
        0.00655916514,
        0.00686410214,
        0.00598203114,
        0.00641416314,
        0.005761536140000001,
        0.005851063140000001,
        0.005968210140000001,
        0.0055810921400000005,
        0.0069551451400000006,
        0.006168139140000001
      ],
      "exit_codes": [
        0,
        0,
        0,
        0,
        0,
        0,
        0,
        0,
        0,
        0
      ]
    },
    {
      "command": "deno",
      "mean": 0.035766769239999996,
      "stddev": 0.0005861196436988703,
      "median": 0.03548237064,
      "user": 0.018855300000000002,
      "system": 0.019899399999999998,
      "min": 0.03528434614,
      "max": 0.03709903414,
      "times": [
        0.03537151914,
        0.03556101414,
        0.03540372714,
        0.03565212214,
        0.036250261140000004,
        0.03529461314,
        0.03532605214,
        0.03528434614,
        0.03709903414,
        0.03642500314
      ],
      "exit_codes": [
        0,
        0,
        0,
        0,
        0,
        0,
        0,
        0,
        0,
        0
      ]
    }
  ]
}