{
  "results": [
    {
      "command": "npm",
      "mean": 0.32783532645999997,
      "stddev": 0.003163060345360148,
      "median": 0.32807543786000004,
      "user": 0.3431457,
      "system": 0.07222305999999999,
      "min": 0.32306184586000003,
      "max": 0.33415775886000004,
      "times": [
        0.32792138686000005,
        0.33112935986,
        0.32306184586000003,
        0.32740579386,
        0.32831966786000005,
        0.32889022686,
        0.32319519286000004,
        0.32822948886000003,
        0.32604254286,
        0.33415775886000004
      ],
      "exit_codes": [
        0,
        0,
        0,
        0,
        0,
        0,
        0,
        0,
        0,
        0
      ]
    },
    {
      "command": "yarn",
      "mean": 0.23257231456000005,
      "stddev": 0.0015717589217896643,
      "median": 0.23235962286000003,
      "user": 0.20417129999999997,
      "system": 0.05326196000000001,
      "min": 0.23041180186000002,
      "max": 0.23594770986000002,
      "times": [
        0.23215270986000003,
        0.23103117786000002,
        0.23594770986000002,
        0.23414309686,
        0.23135926786000002,
        0.23041180186000002,
        0.23305030986000003,
        0.23155019286000003,
        0.23351034286000003,
        0.23256653586000003
      ],
      "exit_codes": [
        0,
        0,
        0,
        0,
        0,
        0,
        0,
        0,
        0,
        0
      ]
    },
    {
      "command": "berry",
      "mean": 0.6151186322600001,
      "stddev": 0.010082138031120265,
      "median": 0.61412281136,
      "user": 0.7053201,
      "system": 0.12206666000000002,
      "min": 0.60060040686,
      "max": 0.63269185386,
      "times": [
        0.61332822086,
        0.61491740186,
        0.60463447786,
        0.60372179286,
        0.6283599738600001,
        0.62342100186,
        0.60060040686,
        0.61259683286,
        0.6169143598600001,
        0.63269185386
      ],
      "exit_codes": [
        0,
        0,
        0,
        0,
        0,
        0,
        0,
        0,
        0,
        0
      ]
    },
    {
      "command": "pnpm",
      "mean": 0.5950493731600001,
      "stddev": 0.030051311121347304,
      "median": 0.58476181086,
      "user": 0.6219663999999999,
      "system": 0.10084805999999999,
      "min": 0.57155836386,
      "max": 0.6777564528600001,
      "times": [
        0.58714013586,
        0.6777564528600001,
        0.57599742586,
        0.61454788386,
        0.57991470186,
        0.59352973286,
        0.57410180986,
        0.59356373886,
        0.58238348586,
        0.57155836386
      ],
      "exit_codes": [
        0,
        0,
        0,
        0,
        0,
        0,
        0,
        0,
        0,
        0
      ]
    },
    {
      "command": "vlt",
      "mean": 0.23414711256,
      "stddev": 0.0024441013135648028,
      "median": 0.23490669986,
      "user": 0.21168599999999999,
      "system": 0.05113816,
      "min": 0.23056037186000003,
      "max": 0.23748679886000001,
      "times": [
        0.23694549986000002,
        0.23748679886000001,
        0.23056037186000003,
        0.23599287386,
        0.23564857586000001,
        0.23416482386,
        0.23249693586000003,
        0.23568548586000002,
        0.23086408986,
        0.23162566986000002
      ],
      "exit_codes": [
        0,
        0,
        0,
        0,
        0,
        0,
        0,
        0,
        0,
        0
      ]
    },
    {
      "command": "bun",
      "mean": 0.006001533860000001,
      "stddev": 0.00018010379045594788,
      "median": 0.005944231360000001,
      "user": 0.0037033000000000005,
      "system": 0.005647259999999999,
      "min": 0.00574736086,
      "max": 0.0062912168600000005,
      "times": [
        0.00589987086,
        0.00622850086,
        0.00582741386,
        0.005940554860000001,
        0.00624005786,
        0.00574736086,
        0.005947907860000001,
        0.005862319860000001,
        0.006030134860000001,
        0.0062912168600000005
      ],
      "exit_codes": [
        0,
        0,
        0,
        0,
        0,
        0,
        0,
        0,
        0,
        0
      ]
    },
    {
      "command": "deno",
      "mean": 0.037082946760000006,
      "stddev": 0.0003773262033820198,
      "median": 0.037069502860000006,
      "user": 0.0201406,
      "system": 0.02018836,
      "min": 0.03650541486,
      "max": 0.03771305086,
      "times": [
        0.03650541486,
        0.03705383486,
        0.03762779386,
        0.03700926386,
        0.03711496486,
        0.03691408686,
        0.03771305086,
        0.036518433860000005,
        0.03708517086,
        0.03728745286
      ],
      "exit_codes": [
        0,
        0,
        0,
        0,
        0,
        0,
        0,
        0,
        0,
        0
      ]
    }
  ]
}