{
  "results": [
    {
      "command": "npm",
      "mean": 0.33146837208,
      "stddev": 0.005880738229041206,
      "median": 0.33349428098,
      "user": 0.34005578,
      "system": 0.07839961999999998,
      "min": 0.32185708248,
      "max": 0.33825458448,
      "times": [
        0.33387722948,
        0.33825458448,
        0.33311133248,
        0.33434543348,
        0.33772387648,
        0.33663741448,
        0.33171267648,
        0.32185708248,
        0.32317983548,
        0.32398425548
      ],
      "exit_codes": [
        0,
        0,
        0,
        0,
        0,
        0,
        0,
        0,
        0,
        0
      ]
    },
    {
      "command": "yarn",
      "mean": 0.24202995558,
      "stddev": 0.0055852833597581355,
      "median": 0.24309883197999999,
      "user": 0.21399268,
      "system": 0.05420482,
      "min": 0.23338965148000002,
      "max": 0.25089024648,
      "times": [
        0.23338965148000002,
        0.23629772848,
        0.23388905448,
        0.24418145848,
        0.25089024648,
        0.24767734248,
        0.24555008248000001,
        0.24120490448,
        0.24201620548,
        0.24520288148
      ],
      "exit_codes": [
        0,
        0,
        0,
        0,
        0,
        0,
        0,
        0,
        0,
        0
      ]
    },
    {
      "command": "berry",
      "mean": 0.6089087517800001,
      "stddev": 0.015081052656837589,
      "median": 0.6046701134800001,
      "user": 0.70720058,
      "system": 0.12866612,
      "min": 0.5892266744800001,
      "max": 0.6385387154800001,
      "times": [
        0.6125295934800001,
        0.5961405364800001,
        0.6385387154800001,
        0.5892266744800001,
        0.6027695444800001,
        0.6078902224800001,
        0.6047022754800001,
        0.59832277848,
        0.6046379514800001,
        0.63432922548
      ],
      "exit_codes": [
        0,
        0,
        0,
        0,
        0,
        0,
        0,
        0,
        0,
        0
      ]
    },
    {
      "command": "pnpm",
      "mean": 0.64369539048,
      "stddev": 0.07748972213859079,
      "median": 0.6058560889800001,
      "user": 0.63314238,
      "system": 0.10634392,
      "min": 0.57938872348,
      "max": 0.7918703384800001,
      "times": [
        0.6434498534800001,
        0.78985334248,
        0.6039747644800001,
        0.59585950048,
        0.6576273894800001,
        0.7918703384800001,
        0.6077374134800001,
        0.5864528104800001,
        0.57938872348,
        0.5807397684800001
      ],
      "exit_codes": [
        0,
        0,
        0,
        0,
        0,
        0,
        0,
        0,
        0,
        0
      ]
    },
    {
      "command": "vlt",
      "mean": 0.26248238228000004,
      "stddev": 0.006064782989808336,
      "median": 0.26328986048,
      "user": 0.26790358,
      "system": 0.05523092,
      "min": 0.25135902048000003,
      "max": 0.27200152148,
      "times": [
        0.26888094248,
        0.27200152148,
        0.26034436948,
        0.26478772348,
        0.26226621448,
        0.26253440948,
        0.25135902048000003,
        0.26404531148,
        0.26562376848,
        0.25298054148
      ],
      "exit_codes": [
        0,
        0,
        0,
        0,
        0,
        0,
        0,
        0,
        0,
        0
      ]
    },
    {
      "command": "bun",
      "mean": 0.00614852908,
      "stddev": 0.0002697544873710907,
      "median": 0.00605575048,
      "user": 0.0036943799999999997,
      "system": 0.005853820000000001,
      "min": 0.00581332648,
      "max": 0.00673058648,
      "times": [
        0.00601395948,
        0.00644830648,
        0.00596150648,
        0.00627707548,
        0.00609754148,
        0.0058724664800000005,
        0.0059976314800000005,
        0.00581332648,
        0.00627289048,
        0.00673058648
      ],
      "exit_codes": [
        0,
        0,
        0,
        0,
        0,
        0,
        0,
        0,
        0,
        0
      ]
    },
    {
      "command": "deno",
      "mean": 0.037578172980000005,
      "stddev": 0.0007969298492332002,
      "median": 0.037315213980000005,
      "user": 0.02092018,
      "system": 0.019913820000000002,
      "min": 0.03633667648,
      "max": 0.039149061480000004,
      "times": [
        0.039149061480000004,
        0.03803891048000001,
        0.037827250480000005,
        0.038601044480000006,
        0.03721123048,
        0.03684316648,
        0.037419197480000006,
        0.037189933480000006,
        0.037165258480000005,
        0.03633667648
      ],
      "exit_codes": [
        0,
        0,
        0,
        0,
        0,
        0,
        0,
        0,
        0,
        0
      ]
    }
  ]
}