{
  "results": [
    {
      "command": "npm",
      "mean": 0.27206762687999997,
      "stddev": 0.003997255262714716,
      "median": 0.27116061248,
      "user": 0.30315265999999996,
      "system": 0.04998878,
      "min": 0.26668448698,
      "max": 0.27975542798,
      "times": [
        0.26670106698,
        0.27636420598,
        0.27029001098,
        0.27367775798,
        0.26993347898,
        0.27521953998,
        0.26668448698,
        0.27975542798,
        0.27001907898,
        0.27203121398
      ],
      "exit_codes": [
        0,
        0,
        0,
        0,
        0,
        0,
        0,
        0,
        0,
        0
      ]
    },
    {
      "command": "yarn",
      "mean": 0.22275464028000003,
      "stddev": 0.0033907841627704646,
      "median": 0.22241509148000005,
      "user": 0.20640985999999995,
      "system": 0.039688280000000006,
      "min": 0.21808219798000003,
      "max": 0.23118860098000002,
      "times": [
        0.22298855198000003,
        0.21808219798000003,
        0.22334716398,
        0.22008392198,
        0.22339809798000002,
        0.22034235198000002,
        0.22125105298000003,
        0.23118860098000002,
        0.22502283198000003,
        0.22184163098000004
      ],
      "exit_codes": [
        0,
        0,
        0,
        0,
        0,
        0,
        0,
        0,
        0,
        0
      ]
    },
    {
      "command": "berry",
      "mean": 0.6231020122800001,
      "stddev": 0.007989610707705909,
      "median": 0.62007583048,
      "user": 0.67403656,
      "system": 0.09599517999999999,
      "min": 0.6114750119800001,
      "max": 0.6431735299800001,
      "times": [
        0.6192445519800001,
        0.62713362898,
        0.6114750119800001,
        0.6262870089800001,
        0.61934766898,
        0.6187716159800001,
        0.62554353098,
        0.61923958298,
        0.6431735299800001,
        0.62080399198
      ],
      "exit_codes": [
        0,
        0,
        0,
        0,
        0,
        0,
        0,
        0,
        0,
        0
      ]
    },
    {
      "command": "pnpm",
      "mean": 0.6150217570800001,
      "stddev": 0.007212194978736042,
      "median": 0.61403096848,
      "user": 0.5983575600000001,
      "system": 0.07327587999999999,
      "min": 0.6029346239800001,
      "max": 0.6266587639800001,
      "times": [
        0.6029346239800001,
        0.6266587639800001,
        0.6174903969800001,
        0.62016484798,
        0.6136942539800001,
        0.6088860129800001,
        0.61032530098,
        0.6098407959800001,
        0.6258548909800001,
        0.6143676829800001
      ],
      "exit_codes": [
        0,
        0,
        0,
        0,
        0,
        0,
        0,
        0,
        0,
        0
      ]
    },
    {
      "command": "vlt",
      "mean": 0.24955425348000002,
      "stddev": 0.002974590860941075,
      "median": 0.24902435848,
      "user": 0.26530516,
      "system": 0.04013288,
      "min": 0.24585450398000003,
      "max": 0.25406010898,
      "times": [
        0.25199799698,
        0.24795916698000003,
        0.25363608298,
        0.25406010898,
        0.24585450398000003,
        0.24638969198000002,
        0.25008954998,
        0.25167089198,
        0.24760839798000003,
        0.24627614298000003
      ],
      "exit_codes": [
        0,
        0,
        0,
        0,
        0,
        0,
        0,
        0,
        0,
        0
      ]
    },
    {
      "command": "bun",
      "mean": 0.004893126080000002,
      "stddev": 0.0002028913810374654,
      "median": 0.004821127980000001,
      "user": 0.0034283599999999992,
      "system": 0.00418128,
      "min": 0.00472638198,
      "max": 0.0054331399800000004,
      "times": [
        0.004915499980000001,
        0.004800384980000001,
        0.00472638198,
        0.0054331399800000004,
        0.00490960498,
        0.00504039398,
        0.004749656980000001,
        0.00477938398,
        0.00484187098,
        0.00473494298
      ],
      "exit_codes": [
        0,
        0,
        0,
        0,
        0,
        0,
        0,
        0,
        0,
        0
      ]
    },
    {
      "command": "deno",
      "mean": 0.03177072268,
      "stddev": 0.00047270655663742353,
      "median": 0.03176214648,
      "user": 0.02022886,
      "system": 0.014594179999999998,
      "min": 0.03116449498,
      "max": 0.03276209998,
      "times": [
        0.03276209998,
        0.03196660898,
        0.03150942198,
        0.03182489198,
        0.03230536098,
        0.03169940098,
        0.03116449498,
        0.031320425980000004,
        0.03189822998,
        0.031256290980000004
      ],
      "exit_codes": [
        0,
        0,
        0,
        0,
        0,
        0,
        0,
        0,
        0,
        0
      ]
    }
  ]
}