{
  "results": [
    {
      "command": "npm",
      "mean": 0.32434367132,
      "stddev": 0.024383133013558145,
      "median": 0.31573823132,
      "user": 0.33400552,
      "system": 0.07142274,
      "min": 0.31202563532000005,
      "max": 0.39706845332,
      "times": [
        0.31882929832,
        0.31448035632000004,
        0.39706845332,
        0.31494978532,
        0.32188545532,
        0.31824688432000003,
        0.31594039832000004,
        0.31553606432000003,
        0.31202563532000005,
        0.31447438232
      ],
      "exit_codes": [
        0,
        0,
        0,
        0,
        0,
        0,
        0,
        0,
        0,
        0
      ]
    },
    {
      "command": "yarn",
      "mean": 0.22590718472000004,
      "stddev": 0.003753493116365665,
      "median": 0.22610822032000003,
      "user": 0.19921331999999997,
      "system": 0.05033044,
      "min": 0.22037350832000002,
      "max": 0.23203168632,
      "times": [
        0.22879871232000001,
        0.22287511932,
        0.23080379732000003,
        0.22759205732,
        0.22592464932000003,
        0.22629179132000002,
        0.22163944332000002,
        0.22274108232000003,
        0.22037350832000002,
        0.23203168632
      ],
      "exit_codes": [
        0,
        0,
        0,
        0,
        0,
        0,
        0,
        0,
        0,
        0
      ]
    },
    {
      "command": "berry",
      "mean": 0.76102277102,
      "stddev": 0.3053752672876892,
      "median": 0.61388134732,
      "user": 0.64758852,
      "system": 0.11553973999999997,
      "min": 0.60050909832,
      "max": 1.5507850443200002,
      "times": [
        0.6460321133200001,
        0.61244968932,
        0.6304274713200001,
        0.6074576243200001,
        1.5507850443200002,
        1.13309126732,
        0.6147159843200001,
        0.60050909832,
        0.60171270732,
        0.61304671032
      ],
      "exit_codes": [
        0,
        0,
        0,
        0,
        0,
        0,
        0,
        0,
        0,
        0
      ]
    },
    {
      "command": "pnpm",
      "mean": 0.5808452843199999,
      "stddev": 0.03920977200413735,
      "median": 0.5649377373200001,
      "user": 0.5942406199999999,
      "system": 0.09985654,
      "min": 0.5509468013200001,
      "max": 0.68069670532,
      "times": [
        0.5693932473200001,
        0.68069670532,
        0.5534405063200001,
        0.5604822273200001,
        0.6042188713200001,
        0.5509468013200001,
        0.55244036232,
        0.55108348232,
        0.57437344132,
        0.61137719832
      ],
      "exit_codes": [
        0,
        0,
        0,
        0,
        0,
        0,
        0,
        0,
        0,
        0
      ]
    },
    {
      "command": "vlt",
      "mean": 0.98666776532,
      "stddev": 0.006939666718162792,
      "median": 0.98480460832,
      "user": 0.91857022,
      "system": 0.29535273999999995,
      "min": 0.9768025503200001,
      "max": 0.99958653832,
      "times": [
        0.9820879223200001,
        0.99019954332,
        0.98675383532,
        0.9820199703200001,
        0.97999329832,
        0.9768025503200001,
        0.99620352032,
        0.98285538132,
        0.99958653832,
        0.9901750933200001
      ],
      "exit_codes": [
        0,
        0,
        0,
        0,
        0,
        0,
        0,
        0,
        0,
        0
      ]
    },
    {
      "command": "bun",
      "mean": 0.00583078822,
      "stddev": 0.00013986087602503434,
      "median": 0.00584179732,
      "user": 0.0033487200000000003,
      "system": 0.005673439999999999,
      "min": 0.00562791832,
      "max": 0.006158244320000001,
      "times": [
        0.00562791832,
        0.005788285320000001,
        0.0056761823200000006,
        0.00586246132,
        0.00591673832,
        0.006158244320000001,
        0.00586236932,
        0.00582122532,
        0.00572728032,
        0.00586717732
      ],
      "exit_codes": [
        0,
        0,
        0,
        0,
        0,
        0,
        0,
        0,
        0,
        0
      ]
    },
    {
      "command": "deno",
      "mean": 0.03627002922,
      "stddev": 0.00037568915378899316,
      "median": 0.036169710320000006,
      "user": 0.01945822,
      "system": 0.02017834,
      "min": 0.03574563832,
      "max": 0.03691136832,
      "times": [
        0.03586990732,
        0.03691136832,
        0.03614573732,
        0.03679065732,
        0.03663225732,
        0.03574563832,
        0.03619368332,
        0.035935639320000004,
        0.03635512732,
        0.03612027632
      ],
      "exit_codes": [
        0,
        0,
        0,
        0,
        0,
        0,
        0,
        0,
        0,
        0
      ]
    }
  ]
}