{
  "results": [
    {
      "command": "npm",
      "mean": 0.55121173358,
      "stddev": 0.003395201941407644,
      "median": 0.5503957933800001,
      "user": 0.62990972,
      "system": 0.10620878,
      "min": 0.5450927558800001,
      "max": 0.55644499688,
      "times": [
        0.5541279168800001,
        0.55644499688,
        0.5486728228800001,
        0.5450927558800001,
        0.5490346248800001,
        0.54878496288,
        0.5552113108800001,
        0.5504443758800001,
        0.5539563578800001,
        0.55034721088
      ],
      "exit_codes": [
        0,
        0,
        0,
        0,
        0,
        0,
        0,
        0,
        0,
        0
      ]
    },
    {
      "command": "yarn",
      "mean": 4.274489454879999,
      "stddev": 0.19657234456426678,
      "median": 4.24026127938,
      "user": 1.8775997200000003,
      "system": 0.7668322799999998,
      "min": 4.02099487988,
      "max": 4.58466913988,
      "times": [
        4.04212976988,
        4.02099487988,
        4.58466913988,
        4.43789531888,
        4.16987022388,
        4.2168979458799996,
        4.08711028588,
        4.57550518188,
        4.26362461288,
        4.34619718988
      ],
      "exit_codes": [
        0,
        0,
        0,
        0,
        0,
        0,
        0,
        0,
        0,
        0
      ]
    },
    {
      "command": "berry",
      "mean": 1.83335231958,
      "stddev": 0.05796023390564171,
      "median": 1.8201870898799999,
      "user": 1.5014170199999999,
      "system": 0.25016778,
      "min": 1.74330550688,
      "max": 1.92407537488,
      "times": [
        1.77316768688,
        1.90992384288,
        1.78249041988,
        1.85565611288,
        1.8175135788799999,
        1.74330550688,
        1.80978749988,
        1.89474257188,
        1.92407537488,
        1.82286060088
      ],
      "exit_codes": [
        0,
        0,
        0,
        0,
        0,
        0,
        0,
        0,
        0,
        0
      ]
    },
    {
      "command": "pnpm",
      "mean": 1.1021742371799998,
      "stddev": 0.030315142986644405,
      "median": 1.09585588888,
      "user": 1.34933062,
      "system": 0.2588615799999999,
      "min": 1.07220997188,
      "max": 1.17451933588,
      "times": [
        1.07762529388,
        1.13391534088,
        1.1133833768799999,
        1.07984707388,
        1.09191729088,
        1.09979448688,
        1.10304830288,
        1.07220997188,
        1.17451933588,
        1.0754818978799998
      ],
      "exit_codes": [
        0,
        0,
        0,
        0,
        0,
        0,
        0,
        0,
        0,
        0
      ]
    },
    {
      "command": "vlt",
      "mean": 0.27826787028,
      "stddev": 0.003041237372763211,
      "median": 0.27942750688000006,
      "user": 0.26999282,
      "system": 0.06235948,
      "min": 0.27278835088000003,
      "max": 0.28185421888000006,
      "times": [
        0.27278835088000003,
        0.27962184288,
        0.28077801088000004,
        0.27777282988,
        0.27998000888,
        0.28185421888000006,
        0.27528854388,
        0.27395283788,
        0.28140888788,
        0.27923317088000005
      ],
      "exit_codes": [
        0,
        0,
        0,
        0,
        0,
        0,
        0,
        0,
        0,
        0
      ]
    },
    {
      "command": "bun",
      "mean": 0.01806137098,
      "stddev": 0.0002612888665364256,
      "median": 0.01803903788,
      "user": 0.00793732,
      "system": 0.015584079999999997,
      "min": 0.01758670088,
      "max": 0.01851536288,
      "times": [
        0.018363380880000002,
        0.01824198488,
        0.01781532388,
        0.01819031088,
        0.01786885888,
        0.01805710988,
        0.01758670088,
        0.01795371088,
        0.01802096588,
        0.01851536288
      ],
      "exit_codes": [
        0,
        0,
        0,
        0,
        0,
        0,
        0,
        0,
        0,
        0
      ]
    },
    {
      "command": "deno",
      "mean": 0.30846218608000003,
      "stddev": 0.002331457449340293,
      "median": 0.30788350438000006,
      "user": 0.37204252,
      "system": 0.15445278,
      "min": 0.30516901788000006,
      "max": 0.31340320088000007,
      "times": [
        0.31340320088000007,
        0.30845609388000006,
        0.30928744588,
        0.30960734888,
        0.30516901788000006,
        0.30708002088,
        0.30731091488000006,
        0.30689062988000004,
        0.30633384788000007,
        0.31108333988000003
      ],
      "exit_codes": [
        0,
        0,
        0,
        0,
        0,
        0,
        0,
        0,
        0,
        0
      ]
    }
  ]
}