{
  "results": [
    {
      "command": "npm",
      "mean": 3.36058401944,
      "stddev": 0.020026081703566446,
      "median": 3.35604463374,
      "user": 3.8756945199999997,
      "system": 2.1599098199999998,
      "min": 3.3390697822399997,
      "max": 3.40455470624,
      "times": [
        3.39160622124,
        3.34086254524,
        3.3484510142399997,
        3.3576687822399998,
        3.3526808732399997,
        3.3588570022399997,
        3.3390697822399997,
        3.3565342552399997,
        3.35555501224,
        3.40455470624
      ],
      "exit_codes": [
        0,
        0,
        0,
        0,
        0,
        0,
        0,
        0,
        0,
        0
      ]
    },
    {
      "command": "yarn",
      "mean": 2.85584885624,
      "stddev": 0.043839944921687586,
      "median": 2.85955157674,
      "user": 3.04401942,
      "system": 3.05407962,
      "min": 2.7840398352399998,
      "max": 2.9181232542399997,
      "times": [
        2.8949043892399997,
        2.9181232542399997,
        2.88023084124,
        2.87579890524,
        2.81678996524,
        2.80801336624,
        2.82760268924,
        2.7840398352399998,
        2.84330424824,
        2.90968106824
      ],
      "exit_codes": [
        0,
        0,
        0,
        0,
        0,
        0,
        0,
        0,
        0,
        0
      ]
    },
    {
      "command": "berry",
      "mean": 3.07265028644,
      "stddev": 0.08300991592747332,
      "median": 3.04904808874,
      "user": 3.61643002,
      "system": 1.6375227200000002,
      "min": 2.98083007924,
      "max": 3.3025209622399996,
      "times": [
        3.0226553522399997,
        3.04815780724,
        2.98083007924,
        3.11228658124,
        3.3025209622399996,
        3.03178257724,
        3.04648884624,
        3.04993837024,
        3.0645817272399998,
        3.06726056124
      ],
      "exit_codes": [
        0,
        0,
        0,
        0,
        0,
        0,
        0,
        0,
        0,
        0
      ]
    },
    {
      "command": "pnpm",
      "mean": 1.38868917564,
      "stddev": 0.018893999709586363,
      "median": 1.38458234774,
      "user": 1.95933082,
      "system": 0.7098417199999999,
      "min": 1.36301546524,
      "max": 1.42523193024,
      "times": [
        1.4123958112400001,
        1.3928329242400002,
        1.37310767024,
        1.4036281832400002,
        1.36301546524,
        1.42523193024,
        1.36878140124,
        1.38529785724,
        1.3838668382400001,
        1.3787336752400001
      ],
      "exit_codes": [
        0,
        0,
        0,
        0,
        0,
        0,
        0,
        0,
        0,
        0
      ]
    },
    {
      "command": "vlt",
      "mean": 1.95384323124,
      "stddev": 0.04115374860884961,
      "median": 1.95130394274,
      "user": 2.24258022,
      "system": 1.65901822,
      "min": 1.8700774312400001,
      "max": 2.02042795724,
      "times": [
        1.96857872124,
        1.93497668524,
        1.91706376724,
        1.8700774312400001,
        1.96908772624,
        1.94491886024,
        2.02042795724,
        2.0106932782399998,
        1.9526082092400001,
        1.94999967624
      ],
      "exit_codes": [
        0,
        0,
        0,
        0,
        0,
        0,
        0,
        0,
        0,
        0
      ]
    },
    {
      "command": "bun",
      "mean": 0.30075224324000005,
      "stddev": 0.00793150279681598,
      "median": 0.29880498424,
      "user": 0.19501432000000002,
      "system": 0.28107661999999994,
      "min": 0.29308456924000004,
      "max": 0.32156850424000005,
      "times": [
        0.29308456924000004,
        0.32156850424000005,
        0.29577818924000004,
        0.29848706724000007,
        0.29912290124,
        0.29360986624,
        0.30318025324000003,
        0.30535651924000007,
        0.29569674624000003,
        0.30163781624
      ],
      "exit_codes": [
        0,
        0,
        0,
        0,
        0,
        0,
        0,
        0,
        0,
        0
      ]
    },
    {
      "command": "deno",
      "mean": 0.55336379144,
      "stddev": 0.026364489933397264,
      "median": 0.5430984777400001,
      "user": 0.4150089199999999,
      "system": 0.56477012,
      "min": 0.52069429424,
      "max": 0.6064749732400001,
      "times": [
        0.6064749732400001,
        0.58570241024,
        0.5322187542400001,
        0.52069429424,
        0.5483657672400001,
        0.5378311882400001,
        0.55540134324,
        0.53748839124,
        0.57757458124,
        0.53188621124
      ],
      "exit_codes": [
        0,
        0,
        0,
        0,
        0,
        0,
        0,
        0,
        0,
        0
      ]
    }
  ]
}