{
  "results": [
    {
      "command": "npm",
      "mean": 0.31696675170000005,
      "stddev": 0.002386305879482021,
      "median": 0.31683272910000004,
      "user": 0.32413458000000006,
      "system": 0.0728658,
      "min": 0.3131290871,
      "max": 0.3212741311,
      "times": [
        0.3157698501,
        0.3167735331,
        0.3168919251,
        0.3203058211,
        0.3212741311,
        0.3172925981,
        0.3142488801,
        0.3131290871,
        0.3156596211,
        0.3183220701
      ],
      "exit_codes": [
        0,
        0,
        0,
        0,
        0,
        0,
        0,
        0,
        0,
        0
      ]
    },
    {
      "command": "yarn",
      "mean": 0.2293569432,
      "stddev": 0.002062809690648965,
      "median": 0.2295604856,
      "user": 0.20251867999999998,
      "system": 0.05128469999999998,
      "min": 0.2256652621,
      "max": 0.2339069001,
      "times": [
        0.2298454951,
        0.2297082611,
        0.2294127101,
        0.2256652621,
        0.2283950251,
        0.2307020721,
        0.2298792571,
        0.2272172151,
        0.2288372341,
        0.2339069001
      ],
      "exit_codes": [
        0,
        0,
        0,
        0,
        0,
        0,
        0,
        0,
        0,
        0
      ]
    },
    {
      "command": "berry",
      "mean": 2.0448808624000003,
      "stddev": 0.057436902731581495,
      "median": 2.0216043691,
      "user": 3.25259298,
      "system": 0.8789452000000001,
      "min": 1.9978150741,
      "max": 2.2041249911,
      "times": [
        2.0224927471,
        2.0203275431,
        2.0506536491,
        2.0035206410999997,
        2.2041249911,
        2.0207159911,
        2.0391175471,
        1.9978150741,
        2.0137887041,
        2.0762517361
      ],
      "exit_codes": [
        0,
        0,
        0,
        0,
        0,
        0,
        0,
        0,
        0,
        0
      ]
    },
    {
      "command": "pnpm",
      "mean": 0.6805612681,
      "stddev": 0.005329992027122407,
      "median": 0.6795790511000002,
      "user": 0.6906969799999998,
      "system": 0.1339028,
      "min": 0.6735708871000001,
      "max": 0.6874603001,
      "times": [
        0.6762070701000001,
        0.6836194401000001,
        0.6735708871000001,
        0.6743660321000001,
        0.6873667341,
        0.6874603001,
        0.6816965401000001,
        0.6764564681,
        0.6774615621000001,
        0.6874076471000001
      ],
      "exit_codes": [
        0,
        0,
        0,
        0,
        0,
        0,
        0,
        0,
        0,
        0
      ]
    },
    {
      "command": "vlt",
      "mean": 0.25165510309999994,
      "stddev": 0.003371486521632504,
      "median": 0.25213276360000003,
      "user": 0.25460348,
      "system": 0.04990759999999999,
      "min": 0.2440836511,
      "max": 0.2553815991,
      "times": [
        0.2440836511,
        0.2550233361,
        0.2482993241,
        0.2531258931,
        0.2553815991,
        0.2552367481,
        0.2502687191,
        0.25116912210000003,
        0.2508662331,
        0.2530964051
      ],
      "exit_codes": [
        0,
        0,
        0,
        0,
        0,
        0,
        0,
        0,
        0,
        0
      ]
    },
    {
      "command": "bun",
      "mean": 0.005905802400000002,
      "stddev": 0.00017673838852612074,
      "median": 0.005831803100000001,
      "user": 0.0037328799999999996,
      "system": 0.0056832,
      "min": 0.005699686100000001,
      "max": 0.006189782100000001,
      "times": [
        0.005790629100000001,
        0.006189782100000001,
        0.005861585100000001,
        0.0058020211000000006,
        0.0059706271000000005,
        0.005699686100000001,
        0.005750512100000001,
        0.006156419100000001,
        0.006107858100000001,
        0.005728904100000001
      ],
      "exit_codes": [
        0,
        0,
        0,
        0,
        0,
        0,
        0,
        0,
        0,
        0
      ]
    },
    {
      "command": "deno",
      "mean": 0.0359251432,
      "stddev": 0.0003669815325507408,
      "median": 0.035947509600000004,
      "user": 0.020329379999999998,
      "system": 0.019554299999999997,
      "min": 0.035369754100000005,
      "max": 0.036531533100000006,
      "times": [
        0.035607720100000004,
        0.0353790521,
        0.0359915011,
        0.036207647100000004,
        0.03627720810000001,
        0.0361562391,
        0.035369754100000005,
        0.035903518100000004,
        0.0358272591,
        0.036531533100000006
      ],
      "exit_codes": [
        0,
        0,
        0,
        0,
        0,
        0,
        0,
        0,
        0,
        0
      ]
    }
  ]
}