{
  "results": [
    {
      "command": "npm",
      "mean": 1.50998476052,
      "stddev": 0.07562464317591004,
      "median": 1.51341359672,
      "user": 1.67650414,
      "system": 0.72442844,
      "min": 1.41175289422,
      "max": 1.62986481122,
      "times": [
        1.5513314632200002,
        1.5098737872199999,
        1.59683235922,
        1.5838214242200002,
        1.4531155902200001,
        1.62986481122,
        1.41596313822,
        1.41175289422,
        1.43033873122,
        1.51695340622
      ],
      "exit_codes": [
        0,
        0,
        0,
        0,
        0,
        0,
        0,
        0,
        0,
        0
      ]
    },
    {
      "command": "yarn",
      "mean": 1.01167190542,
      "stddev": 0.03600471645360897,
      "median": 0.9982859662200001,
      "user": 1.06020094,
      "system": 0.80099734,
      "min": 0.9786490962200001,
      "max": 1.08408928622,
      "times": [
        1.07344490722,
        1.08408928622,
        0.98951981822,
        1.01689124122,
        0.9786490962200001,
        0.97919630522,
        1.00682621822,
        0.98974571422,
        1.01373271922,
        0.9846237482200001
      ],
      "exit_codes": [
        0,
        0,
        0,
        0,
        0,
        0,
        0,
        0,
        0,
        0
      ]
    },
    {
      "command": "berry",
      "mean": 1.2329497217200003,
      "stddev": 0.02282740906606487,
      "median": 1.22731691122,
      "user": 1.40959624,
      "system": 0.5291506399999999,
      "min": 1.19026163222,
      "max": 1.2589029462199999,
      "times": [
        1.25866233422,
        1.25837299822,
        1.20858860722,
        1.25561803422,
        1.2589029462199999,
        1.22048610122,
        1.22796669722,
        1.22666712522,
        1.19026163222,
        1.22397074122
      ],
      "exit_codes": [
        0,
        0,
        0,
        0,
        0,
        0,
        0,
        0,
        0,
        0
      ]
    },
    {
      "command": "pnpm",
      "mean": 0.59244301462,
      "stddev": 0.07847808114324686,
      "median": 0.5737049937200001,
      "user": 0.71982474,
      "system": 0.20719813999999998,
      "min": 0.5236229772200001,
      "max": 0.81019898822,
      "times": [
        0.56277161222,
        0.59478225822,
        0.57502004622,
        0.5372371032200001,
        0.5236229772200001,
        0.6275507112200001,
        0.53292781722,
        0.58792869122,
        0.81019898822,
        0.57238994122
      ],
      "exit_codes": [
        0,
        0,
        0,
        0,
        0,
        0,
        0,
        0,
        0,
        0
      ]
    },
    {
      "command": "vlt",
      "mean": 0.7505791112200001,
      "stddev": 0.04979216917432292,
      "median": 0.7365710382200001,
      "user": 0.75924314,
      "system": 0.52820884,
      "min": 0.71424153522,
      "max": 0.89488555222,
      "times": [
        0.7361268832200001,
        0.72358335622,
        0.71424153522,
        0.72777797122,
        0.72251577322,
        0.74098258622,
        0.7613498092200001,
        0.89488555222,
        0.7370151932200001,
        0.7473124522200001
      ],
      "exit_codes": [
        0,
        0,
        0,
        0,
        0,
        0,
        0,
        0,
        0,
        0
      ]
    },
    {
      "command": "bun",
      "mean": 0.16870830032,
      "stddev": 0.02852428152921121,
      "median": 0.18265418422000002,
      "user": 0.11183193999999999,
      "system": 0.13768974,
      "min": 0.11046320422000001,
      "max": 0.20297019022,
      "times": [
        0.18530741822,
        0.16489855922,
        0.18000095022,
        0.18541639222,
        0.19338946522,
        0.18625022722,
        0.14953977422,
        0.20297019022,
        0.11046320422000001,
        0.12884682222
      ],
      "exit_codes": [
        0,
        0,
        0,
        0,
        0,
        0,
        0,
        0,
        0,
        0
      ]
    },
    {
      "command": "deno",
      "mean": 0.24630078971999997,
      "stddev": 0.009505038369162963,
      "median": 0.24441436372,
      "user": 0.19333174,
      "system": 0.16941303999999996,
      "min": 0.22906472222,
      "max": 0.26522127622,
      "times": [
        0.22906472222,
        0.24295297222,
        0.24418949822,
        0.25236101922,
        0.26522127622,
        0.24104562622,
        0.24463922922,
        0.23758886822,
        0.25237881322,
        0.25356587222
      ],
      "exit_codes": [
        0,
        0,
        0,
        0,
        0,
        0,
        0,
        0,
        0,
        0
      ]
    }
  ]
}