{
  "results": [
    {
      "command": "npm",
      "mean": 22.876872750599997,
      "stddev": 1.0037000991023874,
      "median": 23.0860635043,
      "user": 11.22713046,
      "system": 3.4239171999999995,
      "min": 21.3625772203,
      "max": 24.361512711299998,
      "times": [
        24.1158736433,
        22.2932846703,
        21.3625772203,
        23.4666248863,
        24.361512711299998,
        21.5454252943,
        23.0124644133,
        23.1596625953,
        21.8781421143,
        23.5731599573
      ],
      "exit_codes": [
        0,
        0,
        0,
        0,
        0,
        0,
        0,
        0,
        0,
        0
      ]
    },
    {
      "command": "yarn",
      "mean": 11.254827088000003,
      "stddev": 0.2223676844893471,
      "median": 11.2025705523,
      "user": 14.005003659999996,
      "system": 6.828502,
      "min": 11.0146341373,
      "max": 11.8409871503,
      "times": [
        11.3820083243,
        11.8409871503,
        11.1065453943,
        11.070483528299999,
        11.2638880673,
        11.306242058299999,
        11.2447362303,
        11.1604048743,
        11.0146341373,
        11.158341115299999
      ],
      "exit_codes": [
        0,
        0,
        0,
        0,
        0,
        0,
        0,
        0,
        0,
        0
      ]
    },
    {
      "command": "berry",
      "mean": 4.6447732545,
      "stddev": 0.8235693779770559,
      "median": 4.330460028800001,
      "user": 6.958802759999999,
      "system": 2.1588602999999997,
      "min": 4.1441433353,
      "max": 7.021240914300001,
      "times": [
        4.1441433353,
        7.021240914300001,
        4.2521466373,
        4.940988545300001,
        4.4026215803,
        4.613071883300001,
        4.223345403300001,
        4.320210177300001,
        4.3407098803,
        4.1892541883000005
      ],
      "exit_codes": [
        0,
        0,
        0,
        0,
        0,
        0,
        0,
        0,
        0,
        0
      ]
    },
    {
      "command": "pnpm",
      "mean": 3.1236432190000003,
      "stddev": 0.056610026450497015,
      "median": 3.0970986082999996,
      "user": 4.60988866,
      "system": 1.7086624999999998,
      "min": 3.0755191752999997,
      "max": 3.2578143542999998,
      "times": [
        3.0813617353,
        3.0755191752999997,
        3.0964189933,
        3.0977782232999997,
        3.1777770873,
        3.1024266493,
        3.0935203422999997,
        3.0809625643,
        3.1728530653,
        3.2578143542999998
      ],
      "exit_codes": [
        0,
        0,
        0,
        0,
        0,
        0,
        0,
        0,
        0,
        0
      ]
    },
    {
      "command": "vlt",
      "mean": 4.953958353599999,
      "stddev": 0.15334951371705863,
      "median": 4.9810451713,
      "user": 4.91769936,
      "system": 2.2402362000000005,
      "min": 4.7445738313,
      "max": 5.2155731533,
      "times": [
        5.0269816743,
        4.9826748793,
        5.0097410643,
        4.8011586703,
        4.7445738313,
        4.9794154633000005,
        4.8609188393,
        5.2155731533,
        5.1603937743,
        4.7581521863
      ],
      "exit_codes": [
        0,
        0,
        0,
        0,
        0,
        0,
        0,
        0,
        0,
        0
      ]
    },
    {
      "command": "bun",
      "mean": 1.4054763461,
      "stddev": 0.20052501113202054,
      "median": 1.3245028388000002,
      "user": 0.8340855599999999,
      "system": 0.9869012000000001,
      "min": 1.2008542373000002,
      "max": 1.8982591243000002,
      "times": [
        1.8982591243000002,
        1.4766261563,
        1.2008542373000002,
        1.2773023813000002,
        1.2686570843000002,
        1.3317544333000002,
        1.3172512443000002,
        1.6206887983,
        1.2735384533,
        1.3898315483
      ],
      "exit_codes": [
        0,
        0,
        0,
        0,
        0,
        0,
        0,
        0,
        0,
        0
      ]
    },
    {
      "command": "deno",
      "mean": 7.4735016366,
      "stddev": 0.8014795671581859,
      "median": 7.3030529368,
      "user": 2.5416444599999997,
      "system": 1.2582704,
      "min": 6.727851091300001,
      "max": 9.473459953299999,
      "times": [
        7.8193589583000005,
        6.8021265283000005,
        7.3376657483,
        8.1335942923,
        7.268440125300001,
        7.4797235523,
        9.473459953299999,
        6.932202208300001,
        6.760593908300001,
        6.727851091300001
      ],
      "exit_codes": [
        0,
        0,
        0,
        0,
        0,
        0,
        0,
        0,
        0,
        0
      ]
    }
  ]
}