{
  "results": [
    {
      "command": "npm",
      "mean": 1.04682472988,
      "stddev": 0.0070863668765070945,
      "median": 1.04411490778,
      "user": 1.05406538,
      "system": 0.5613967599999998,
      "min": 1.03954268528,
      "max": 1.0650887332799999,
      "times": [
        1.0650887332799999,
        1.04511095228,
        1.0429450892799998,
        1.05078147828,
        1.04486771128,
        1.0420926392799998,
        1.0518853072799998,
        1.04257059828,
        1.0433621042799999,
        1.03954268528
      ],
      "exit_codes": [
        0,
        0,
        0,
        0,
        0,
        0,
        0,
        0,
        0,
        0
      ]
    },
    {
      "command": "yarn",
      "mean": 0.71804668868,
      "stddev": 0.005143056383054482,
      "median": 0.71612334328,
      "user": 0.68120388,
      "system": 0.52128506,
      "min": 0.7102486112799999,
      "max": 0.72736975628,
      "times": [
        0.71616015628,
        0.72569512328,
        0.71948535728,
        0.71608653028,
        0.72736975628,
        0.71316189028,
        0.71545183828,
        0.72140060728,
        0.7102486112799999,
        0.71540701628
      ],
      "exit_codes": [
        0,
        0,
        0,
        0,
        0,
        0,
        0,
        0,
        0,
        0
      ]
    },
    {
      "command": "berry",
      "mean": 1.0733218908799997,
      "stddev": 0.03653274655538352,
      "median": 1.06660780078,
      "user": 1.20915708,
      "system": 0.39963126,
      "min": 1.03591276728,
      "max": 1.16457749928,
      "times": [
        1.0477556802799999,
        1.04315419328,
        1.03591276728,
        1.09352092728,
        1.06481058228,
        1.0684050192799999,
        1.08131976228,
        1.09337762528,
        1.16457749928,
        1.0403848522799999
      ],
      "exit_codes": [
        0,
        0,
        0,
        0,
        0,
        0,
        0,
        0,
        0,
        0
      ]
    },
    {
      "command": "pnpm",
      "mean": 0.7555496748800001,
      "stddev": 0.05613743479860329,
      "median": 0.7362540202800001,
      "user": 0.94120858,
      "system": 0.20843665999999997,
      "min": 0.7081260202799999,
      "max": 0.91007111128,
      "times": [
        0.78800188128,
        0.76092865728,
        0.7081260202799999,
        0.91007111128,
        0.71460436528,
        0.73878011328,
        0.72266492128,
        0.72784041528,
        0.75075133628,
        0.73372792728
      ],
      "exit_codes": [
        0,
        0,
        0,
        0,
        0,
        0,
        0,
        0,
        0,
        0
      ]
    },
    {
      "command": "vlt",
      "mean": 0.5319057500800001,
      "stddev": 0.004837128778307646,
      "median": 0.53132062578,
      "user": 0.5386514799999998,
      "system": 0.34680575999999996,
      "min": 0.5219762622799999,
      "max": 0.54097931128,
      "times": [
        0.5369470372799999,
        0.53136007428,
        0.53325700128,
        0.53435888528,
        0.52987849728,
        0.53083536528,
        0.5219762622799999,
        0.54097931128,
        0.53128117728,
        0.5281838892799999
      ],
      "exit_codes": [
        0,
        0,
        0,
        0,
        0,
        0,
        0,
        0,
        0,
        0
      ]
    },
    {
      "command": "bun",
      "mean": 0.03200810448000001,
      "stddev": 0.0002758553121409126,
      "median": 0.032030396280000005,
      "user": 0.006410180000000001,
      "system": 0.031209559999999997,
      "min": 0.03163170028,
      "max": 0.032433197280000006,
      "times": [
        0.032364729280000004,
        0.031904789280000005,
        0.032156003280000005,
        0.031644044280000005,
        0.031719664280000004,
        0.032433197280000006,
        0.03189411628,
        0.03163170028,
        0.03216535628,
        0.032167444280000006
      ],
      "exit_codes": [
        0,
        0,
        0,
        0,
        0,
        0,
        0,
        0,
        0,
        0
      ]
    },
    {
      "command": "deno",
      "mean": 0.19487321668,
      "stddev": 0.0076691481408814625,
      "median": 0.19672722178000002,
      "user": 0.17315407999999996,
      "system": 0.14151385999999996,
      "min": 0.17814954128000002,
      "max": 0.20597876928,
      "times": [
        0.20227489228,
        0.19298747128000002,
        0.19751469828,
        0.20022292828000002,
        0.20597876928,
        0.19593974528000002,
        0.18769974728000002,
        0.19828462928,
        0.18967974428,
        0.17814954128000002
      ],
      "exit_codes": [
        0,
        0,
        0,
        0,
        0,
        0,
        0,
        0,
        0,
        0
      ]
    }
  ]
}