{
  "results": [
    {
      "command": "npm",
      "mean": 21.053355804620004,
      "stddev": 0.46162949083767907,
      "median": 21.095287016919997,
      "user": 14.6656577,
      "system": 4.33187244,
      "min": 20.48515473692,
      "max": 21.85010640592,
      "times": [
        21.85010640592,
        20.48515473692,
        20.87828006392,
        21.33708454192,
        21.31479594792,
        21.57773806692,
        20.55366268692,
        20.531814562919998,
        21.31229396992,
        20.69262706292
      ],
      "exit_codes": [
        0,
        0,
        0,
        0,
        0,
        0,
        0,
        0,
        0,
        0
      ]
    },
    {
      "command": "yarn",
      "mean": 16.71332923242,
      "stddev": 0.9683253023622327,
      "median": 16.290472756419998,
      "user": 17.895523,
      "system": 8.30553124,
      "min": 15.67454362092,
      "max": 19.270763502919998,
      "times": [
        15.67454362092,
        16.273047892919998,
        16.265386571919997,
        16.98211147592,
        16.73867644192,
        16.02426650392,
        16.23439129592,
        16.30789761992,
        19.270763502919998,
        17.36220739792
      ],
      "exit_codes": [
        0,
        0,
        0,
        0,
        0,
        0,
        0,
        0,
        0,
        0
      ]
    },
    {
      "command": "berry",
      "mean": 6.341521418119999,
      "stddev": 0.07195264502914502,
      "median": 6.333277796419999,
      "user": 10.9897987,
      "system": 3.28261014,
      "min": 6.24010546392,
      "max": 6.4747610049199995,
      "times": [
        6.4276064569199995,
        6.367511072919999,
        6.3032190329199995,
        6.338407463919999,
        6.39815217492,
        6.4747610049199995,
        6.32814812892,
        6.24010546392,
        6.2595659669199994,
        6.27773741492
      ],
      "exit_codes": [
        0,
        0,
        0,
        0,
        0,
        0,
        0,
        0,
        0,
        0
      ]
    },
    {
      "command": "pnpm",
      "mean": 4.458695925019999,
      "stddev": 0.044906415201528056,
      "median": 4.461591760419999,
      "user": 6.8059196,
      "system": 2.4587791399999994,
      "min": 4.372257429919999,
      "max": 4.52399196692,
      "times": [
        4.4102285519199995,
        4.443621096919999,
        4.42744882492,
        4.511051204919999,
        4.52399196692,
        4.472713424919999,
        4.4976676399199995,
        4.47750901392,
        4.372257429919999,
        4.450470095919999
      ],
      "exit_codes": [
        0,
        0,
        0,
        0,
        0,
        0,
        0,
        0,
        0,
        0
      ]
    },
    {
      "command": "vlt",
      "mean": 5.520722399019999,
      "stddev": 0.10050719460861338,
      "median": 5.50086181142,
      "user": 6.163138499999999,
      "system": 2.69338154,
      "min": 5.40094534992,
      "max": 5.720911957919999,
      "times": [
        5.49432971392,
        5.61964644192,
        5.42684598292,
        5.720911957919999,
        5.408236512919999,
        5.507393908919999,
        5.55940006892,
        5.40094534992,
        5.455451880919999,
        5.61406217192
      ],
      "exit_codes": [
        0,
        0,
        0,
        0,
        0,
        0,
        0,
        0,
        0,
        0
      ]
    },
    {
      "command": "bun",
      "mean": 1.4413190544199999,
      "stddev": 0.06818723672011855,
      "median": 1.44166115692,
      "user": 2.0815013,
      "system": 1.7460207399999998,
      "min": 1.34597242292,
      "max": 1.56051146692,
      "times": [
        1.39757744992,
        1.48015352792,
        1.38981974292,
        1.34597242292,
        1.50370807292,
        1.42339291992,
        1.5038379909200001,
        1.56051146692,
        1.34828755592,
        1.45992939392
      ],
      "exit_codes": [
        0,
        0,
        0,
        0,
        0,
        0,
        0,
        0,
        0,
        0
      ]
    },
    {
      "command": "deno",
      "mean": 11.23722923932,
      "stddev": 0.5667142989742382,
      "median": 11.175690839920001,
      "user": 4.466567199999999,
      "system": 2.06697344,
      "min": 10.45878078692,
      "max": 12.24084085692,
      "times": [
        11.94280605492,
        11.18222851392,
        11.27435247292,
        10.46898231792,
        10.45878078692,
        12.24084085692,
        11.77042187392,
        10.807519004920001,
        11.169153165920001,
        11.05720734492
      ],
      "exit_codes": [
        0,
        0,
        0,
        0,
        0,
        0,
        0,
        0,
        0,
        0
      ]
    }
  ]
}