{
  "results": [
    {
      "command": "npm",
      "mean": 8.458867878020001,
      "stddev": 0.04371829444784841,
      "median": 8.45036436802,
      "user": 8.3043075,
      "system": 4.92688162,
      "min": 8.40136563002,
      "max": 8.54614463002,
      "times": [
        8.48271884302,
        8.43411030102,
        8.51457978102,
        8.46016475102,
        8.47050455302,
        8.54614463002,
        8.40713188402,
        8.40136563002,
        8.43139442202,
        8.44056398502
      ],
      "exit_codes": [
        0,
        0,
        0,
        0,
        0,
        0,
        0,
        0,
        0,
        0
      ]
    },
    {
      "command": "vlt",
      "mean": 9.55478715032,
      "stddev": 0.05900986971596377,
      "median": 9.53424393652,
      "user": 9.8118309,
      "system": 5.52866412,
      "min": 9.47389559802,
      "max": 9.647687019020001,
      "times": [
        9.62935116902,
        9.639761656020001,
        9.53320665902,
        9.48962657102,
        9.47389559802,
        9.52043098502,
        9.54693624902,
        9.53169438302,
        9.53528121402,
        9.647687019020001
      ],
      "exit_codes": [
        0,
        0,
        0,
        0,
        0,
        0,
        0,
        0,
        0,
        0
      ]
    },
    {
      "command": "aws",
      "mean": 8.39805035262,
      "stddev": 0.04684545167714355,
      "median": 8.38889345852,
      "user": 8.1523748,
      "system": 4.8865620199999995,
      "min": 8.32825074802,
      "max": 8.51450440702,
      "times": [
        8.41499646302,
        8.51450440702,
        8.425107500020001,
        8.32825074802,
        8.36228017802,
        8.36960774602,
        8.38477524502,
        8.38481311702,
        8.39297380002,
        8.403194322020001
      ],
      "exit_codes": [
        0,
        0,
        0,
        0,
        0,
        0,
        0,
        0,
        0,
        0
      ]
    }
  ]
}