{
  "results": [
    {
      "command": "npm",
      "mean": 1.0330871512600002,
      "stddev": 0.016084256603809476,
      "median": 1.0303202847600001,
      "user": 1.1524776399999999,
      "system": 0.20261294,
      "min": 1.0166025757600001,
      "max": 1.0755368787600001,
      "times": [
        1.0308240557600001,
        1.0177490017600002,
        1.03818978976,
        1.04088136776,
        1.0337942097600001,
        1.0298165137600002,
        1.0166025757600001,
        1.0755368787600001,
        1.02345925576,
        1.0240178637600001
      ],
      "exit_codes": [
        0,
        0,
        0,
        0,
        0,
        0,
        0,
        0,
        0,
        0
      ]
    },
    {
      "command": "yarn",
      "mean": 5.539361865559999,
      "stddev": 0.1268892614088957,
      "median": 5.57422127476,
      "user": 4.8104441399999995,
      "system": 1.54093564,
      "min": 5.23668183676,
      "max": 5.69515438276,
      "times": [
        5.23668183676,
        5.62573615276,
        5.69515438276,
        5.56608172476,
        5.509963555760001,
        5.6210636777600005,
        5.41252888976,
        5.50368895176,
        5.64035865876,
        5.58236082476
      ],
      "exit_codes": [
        0,
        0,
        0,
        0,
        0,
        0,
        0,
        0,
        0,
        0
      ]
    },
    {
      "command": "berry",
      "mean": 2.7986474634599996,
      "stddev": 0.03756649217812697,
      "median": 2.8088144382599998,
      "user": 3.69340134,
      "system": 0.6784193399999999,
      "min": 2.7203024597599996,
      "max": 2.86932966576,
      "times": [
        2.81387621176,
        2.77911445876,
        2.86932966576,
        2.76839953776,
        2.81335415676,
        2.7203024597599996,
        2.8195633987599997,
        2.81867758376,
        2.80427471976,
        2.77958244176
      ],
      "exit_codes": [
        0,
        0,
        0,
        0,
        0,
        0,
        0,
        0,
        0,
        0
      ]
    },
    {
      "command": "zpm",
      "mean": 1.9490489494600003,
      "stddev": 0.09625221751220242,
      "median": 1.93251231026,
      "user": 1.6790439399999997,
      "system": 0.59264854,
      "min": 1.78261148876,
      "max": 2.1063872407599997,
      "times": [
        1.93676402176,
        2.0880060007599996,
        1.78261148876,
        1.9605061927600003,
        1.8886709887600002,
        2.1063872407599997,
        1.8720626477600002,
        1.89230701676,
        2.0349132977599997,
        1.92826059876
      ],
      "exit_codes": [
        0,
        0,
        0,
        0,
        0,
        0,
        0,
        0,
        0,
        0
      ]
    },
    {
      "command": "pnpm",
      "mean": 1.3220864128600003,
      "stddev": 0.02678004937908164,
      "median": 1.30887749626,
      "user": 1.93591254,
      "system": 0.36359573999999995,
      "min": 1.29275956976,
      "max": 1.3666686517600002,
      "times": [
        1.3666686517600002,
        1.29275956976,
        1.2961766027600001,
        1.34962305876,
        1.29782522376,
        1.30097926276,
        1.30991847376,
        1.30783651876,
        1.3485311827600002,
        1.35054558376
      ],
      "exit_codes": [
        0,
        0,
        0,
        0,
        0,
        0,
        0,
        0,
        0,
        0
      ]
    },
    {
      "command": "vlt",
      "mean": 0.36331378636000006,
      "stddev": 0.006282497128450006,
      "median": 0.36263440926,
      "user": 0.39628754,
      "system": 0.07586044,
      "min": 0.35295134276,
      "max": 0.37388450076,
      "times": [
        0.36742768576,
        0.36396470076000004,
        0.35896084176000004,
        0.35295134276,
        0.35932753176000004,
        0.36183958776,
        0.35825859076000005,
        0.36342923076,
        0.37309385076,
        0.37388450076
      ],
      "exit_codes": [
        0,
        0,
        0,
        0,
        0,
        0,
        0,
        0,
        0,
        0
      ]
    },
    {
      "command": "bun",
      "mean": 0.042703705960000005,
      "stddev": 0.0010489950204768189,
      "median": 0.042508658260000005,
      "user": 0.00989694,
      "system": 0.03845704,
      "min": 0.04141010776,
      "max": 0.04448208076000001,
      "times": [
        0.04220461776000001,
        0.04141010776,
        0.04177395676000001,
        0.041676475760000005,
        0.041800197760000005,
        0.042812698760000004,
        0.04413675376000001,
        0.04448208076000001,
        0.043708620760000004,
        0.04303154976
      ],
      "exit_codes": [
        0,
        0,
        0,
        0,
        0,
        0,
        0,
        0,
        0,
        0
      ]
    },
    {
      "command": "deno",
      "mean": 0.9017601660599999,
      "stddev": 0.016404847362524025,
      "median": 0.89982890776,
      "user": 1.3766927399999997,
      "system": 0.3562128399999999,
      "min": 0.87773183976,
      "max": 0.94081251676,
      "times": [
        0.90099706476,
        0.88449170876,
        0.89854733276,
        0.89993697876,
        0.91257941276,
        0.91019054376,
        0.87773183976,
        0.89972083676,
        0.94081251676,
        0.89259342576
      ],
      "exit_codes": [
        0,
        0,
        0,
        0,
        0,
        0,
        0,
        0,
        0,
        0
      ]
    }
  ]
}