{
  "results": [
    {
      "command": "npm",
      "mean": 0.3360748163400001,
      "stddev": 0.007666048380826588,
      "median": 0.33352204724,
      "user": 0.35710662,
      "system": 0.07306188,
      "min": 0.33061907974000004,
      "max": 0.35834627474,
      "times": [
        0.33560285574000004,
        0.33503994574000007,
        0.33738291474000004,
        0.33335788674000005,
        0.33061907974000004,
        0.33368620774,
        0.33301987074000006,
        0.33124692174000003,
        0.35834627474,
        0.33244620574000006
      ],
      "exit_codes": [
        0,
        0,
        0,
        0,
        0,
        0,
        0,
        0,
        0,
        0
      ]
    },
    {
      "command": "yarn",
      "mean": 0.24051687224,
      "stddev": 0.0026338118042256264,
      "median": 0.23984926124,
      "user": 0.21521662,
      "system": 0.051116079999999994,
      "min": 0.23722353974000002,
      "max": 0.24601264874,
      "times": [
        0.23922593674,
        0.23722353974000002,
        0.24162157874,
        0.24047258574,
        0.24378657974,
        0.23772581074000002,
        0.23877066774,
        0.23881322774,
        0.24151614674000002,
        0.24601264874
      ],
      "exit_codes": [
        0,
        0,
        0,
        0,
        0,
        0,
        0,
        0,
        0,
        0
      ]
    },
    {
      "command": "berry",
      "mean": 2.1340725309399997,
      "stddev": 0.010555756650519213,
      "median": 2.13641950124,
      "user": 3.61513042,
      "system": 0.9278778799999999,
      "min": 2.1201392867399997,
      "max": 2.14957131774,
      "times": [
        2.13881099874,
        2.13975052674,
        2.1201392867399997,
        2.14957131774,
        2.12164260374,
        2.12253038674,
        2.12540860774,
        2.13402800374,
        2.14933073874,
        2.13951283874
      ],
      "exit_codes": [
        0,
        0,
        0,
        0,
        0,
        0,
        0,
        0,
        0,
        0
      ]
    },
    {
      "command": "zpm",
      "mean": 0.5900862483400001,
      "stddev": 0.08662333695747094,
      "median": 0.5561985007400001,
      "user": 0.5231056199999999,
      "system": 0.24665678,
      "min": 0.5253750957400001,
      "max": 0.8323067327400001,
      "times": [
        0.5455792377400001,
        0.64435620274,
        0.5663659587400001,
        0.5467313407400001,
        0.5253750957400001,
        0.5473218107400001,
        0.56507519074,
        0.5860222997400001,
        0.8323067327400001,
        0.54172861374
      ],
      "exit_codes": [
        0,
        0,
        0,
        0,
        0,
        0,
        0,
        0,
        0,
        0
      ]
    },
    {
      "command": "pnpm",
      "mean": 0.61125582894,
      "stddev": 0.010603760162705098,
      "median": 0.6090219817400001,
      "user": 0.73634372,
      "system": 0.13565458,
      "min": 0.5949691127400001,
      "max": 0.62885183174,
      "times": [
        0.5949691127400001,
        0.6046096417400001,
        0.6225258877400001,
        0.61964722774,
        0.62885183174,
        0.59953066974,
        0.6098935887400001,
        0.60332445174,
        0.6081503747400001,
        0.6210555027400001
      ],
      "exit_codes": [
        0,
        0,
        0,
        0,
        0,
        0,
        0,
        0,
        0,
        0
      ]
    },
    {
      "command": "vlt",
      "mean": 0.28188761574000004,
      "stddev": 0.0018293215110538035,
      "median": 0.28214253124,
      "user": 0.28705672,
      "system": 0.057348880000000005,
      "min": 0.27725155574000004,
      "max": 0.28455634474,
      "times": [
        0.28455634474,
        0.28185288874000003,
        0.28105218274000004,
        0.28309021474,
        0.28147932774000006,
        0.28283739074,
        0.28243217374,
        0.28293264774000004,
        0.28139143074000006,
        0.27725155574000004
      ],
      "exit_codes": [
        0,
        0,
        0,
        0,
        0,
        0,
        0,
        0,
        0,
        0
      ]
    },
    {
      "command": "bun",
      "mean": 0.00641581854,
      "stddev": 0.00010801085209255592,
      "median": 0.00644088874,
      "user": 0.00490612,
      "system": 0.00548648,
      "min": 0.006224742740000001,
      "max": 0.00656250574,
      "times": [
        0.00646710974,
        0.006412628740000001,
        0.00624809274,
        0.006331657740000001,
        0.0064968857400000005,
        0.00641466774,
        0.00650504174,
        0.00649485274,
        0.006224742740000001,
        0.00656250574
      ],
      "exit_codes": [
        0,
        0,
        0,
        0,
        0,
        0,
        0,
        0,
        0,
        0
      ]
    },
    {
      "command": "deno",
      "mean": 0.038279847439999994,
      "stddev": 0.0004393538917660913,
      "median": 0.03814457024,
      "user": 0.02205782,
      "system": 0.02037538,
      "min": 0.03771658074,
      "max": 0.03926602874,
      "times": [
        0.03821479574,
        0.03805127774,
        0.03926602874,
        0.03837549374,
        0.03863929974,
        0.038611280740000004,
        0.03771658074,
        0.03806839974,
        0.03807434474,
        0.03778097274
      ],
      "exit_codes": [
        0,
        0,
        0,
        0,
        0,
        0,
        0,
        0,
        0,
        0
      ]
    }
  ]
}