{
  "results": [
    {
      "command": "npm",
      "mean": 3.8281010751399998,
      "stddev": 0.2835968833147564,
      "median": 3.75055359764,
      "user": 1.41290826,
      "system": 0.24962437999999998,
      "min": 3.4881234511400003,
      "max": 4.208790426139999,
      "times": [
        4.10545602714,
        3.49615230314,
        4.11948781214,
        3.8327374781400003,
        3.4881234511400003,
        3.53969286914,
        3.66836971714,
        4.18427437914,
        3.63792628814,
        4.208790426139999
      ],
      "exit_codes": [
        0,
        0,
        0,
        0,
        0,
        0,
        0,
        0,
        0,
        0
      ]
    },
    {
      "command": "yarn",
      "mean": 18.605299087439995,
      "stddev": 0.4978322313952399,
      "median": 18.50452334564,
      "user": 21.01006926,
      "system": 9.634020879999998,
      "min": 17.89479289814,
      "max": 19.71032748514,
      "times": [
        19.71032748514,
        18.86310450714,
        18.54764330514,
        18.40831910414,
        18.46140338614,
        18.02339631414,
        18.95732768814,
        18.87648689414,
        17.89479289814,
        18.31018929214
      ],
      "exit_codes": [
        0,
        0,
        0,
        0,
        0,
        0,
        0,
        0,
        0,
        0
      ]
    },
    {
      "command": "berry",
      "mean": 5.15306242684,
      "stddev": 0.06493619375897097,
      "median": 5.135878440639999,
      "user": 9.73279196,
      "system": 2.17685378,
      "min": 5.063871113139999,
      "max": 5.28936792414,
      "times": [
        5.18721205214,
        5.23482289814,
        5.159797848139999,
        5.139005163139999,
        5.28936792414,
        5.13275171814,
        5.08295725114,
        5.12676114714,
        5.063871113139999,
        5.114077153139999
      ],
      "exit_codes": [
        0,
        0,
        0,
        0,
        0,
        0,
        0,
        0,
        0,
        0
      ]
    },
    {
      "command": "zpm",
      "mean": 3.01124885734,
      "stddev": 0.7691453142255673,
      "median": 2.66724652714,
      "user": 2.3245594599999997,
      "system": 0.8046144799999999,
      "min": 2.2094055641400003,
      "max": 4.34404585014,
      "times": [
        2.86451064814,
        3.51861919214,
        4.34404585014,
        4.26069289014,
        2.3714283701400003,
        2.29456724014,
        2.46998240614,
        3.34289367714,
        2.43634273514,
        2.2094055641400003
      ],
      "exit_codes": [
        0,
        0,
        0,
        0,
        0,
        0,
        0,
        0,
        0,
        0
      ]
    },
    {
      "command": "pnpm",
      "mean": 2.7033762278399993,
      "stddev": 0.09982411341332893,
      "median": 2.65643795964,
      "user": 4.256085259999999,
      "system": 1.3812252799999998,
      "min": 2.61028887314,
      "max": 2.96064700314,
      "times": [
        2.65019511214,
        2.61028887314,
        2.96064700314,
        2.72882423714,
        2.76441038914,
        2.63343146514,
        2.66268080714,
        2.64306483014,
        2.74950750214,
        2.63071205914
      ],
      "exit_codes": [
        0,
        0,
        0,
        0,
        0,
        0,
        0,
        0,
        0,
        0
      ]
    },
    {
      "command": "vlt",
      "mean": 0.36786657324,
      "stddev": 0.007328100958363035,
      "median": 0.36452114014,
      "user": 0.39526915999999995,
      "system": 0.08208298,
      "min": 0.35960933714,
      "max": 0.38441281914,
      "times": [
        0.38441281914,
        0.37170084214,
        0.36343370914,
        0.37415609914,
        0.36153625414,
        0.35960933714,
        0.37271149714,
        0.36206289414,
        0.36364717414,
        0.36539510614
      ],
      "exit_codes": [
        0,
        0,
        0,
        0,
        0,
        0,
        0,
        0,
        0,
        0
      ]
    },
    {
      "command": "bun",
      "mean": 1.2307387940399999,
      "stddev": 0.14608693471643955,
      "median": 1.16843619814,
      "user": 2.08859316,
      "system": 1.4578846799999998,
      "min": 1.1437323121399998,
      "max": 1.65547356114,
      "times": [
        1.65547356114,
        1.1437323121399998,
        1.2547444941399999,
        1.17166952814,
        1.21910597714,
        1.22979216814,
        1.16520286814,
        1.1612022231399999,
        1.14624201414,
        1.1602227941399998
      ],
      "exit_codes": [
        0,
        0,
        0,
        0,
        0,
        0,
        0,
        0,
        0,
        0
      ]
    },
    {
      "command": "deno",
      "mean": 11.641134755039998,
      "stddev": 1.1250276247660458,
      "median": 11.441178151639999,
      "user": 3.2344530600000008,
      "system": 0.84800588,
      "min": 9.83657468114,
      "max": 13.31770850014,
      "times": [
        13.31770850014,
        12.48059919014,
        10.77736869714,
        11.57245957214,
        11.21089433214,
        10.30797795214,
        11.30989673114,
        9.83657468114,
        13.235337379139999,
        12.36253051514
      ],
      "exit_codes": [
        0,
        0,
        0,
        0,
        0,
        0,
        0,
        0,
        0,
        0
      ]
    }
  ]
}