{
  "results": [
    {
      "command": "npm",
      "mean": 16.98139419232,
      "stddev": 0.40942171681540374,
      "median": 17.03800992732,
      "user": 11.965685519999997,
      "system": 3.95215148,
      "min": 16.28039483932,
      "max": 17.43189516932,
      "times": [
        17.43189516932,
        16.831577628319998,
        17.03800992732,
        16.28039483932,
        17.32509339732
      ],
      "exit_codes": [
        0,
        0,
        0,
        0,
        0
      ]
    },
    {
      "command": "vlt",
      "mean": 74.07951055792002,
      "stddev": 8.77092108469537,
      "median": 79.85418705932001,
      "user": 14.473918520000002,
      "system": 4.614922279999999,
      "min": 62.45201244232,
      "max": 82.46495059532,
      "times": [
        79.85418705932001,
        81.25645307732,
        82.46495059532,
        62.45201244232,
        64.36994961532001
      ],
      "exit_codes": [
        0,
        0,
        0,
        0,
        0
      ]
    },
    {
      "command": "aws",
      "mean": 64.47700626952,
      "stddev": 1.030956378526874,
      "median": 64.51234456032,
      "user": 13.332097319999997,
      "system": 4.20517308,
      "min": 63.15871541832,
      "max": 66.21450306132,
      "times": [
        63.15871541832,
        66.21450306132,
        63.77380591432,
        64.72566239332001,
        64.51234456032
      ],
      "exit_codes": [
        0,
        0,
        0,
        0,
        0
      ]
    }
  ]
}