{
  "results": [
    {
      "command": "npm",
      "mean": 20.47829937648,
      "stddev": 0.36535397548888804,
      "median": 20.37949063648,
      "user": 14.399590879999996,
      "system": 5.84992808,
      "min": 20.07877683148,
      "max": 21.36392989548,
      "times": [
        21.36392989548,
        20.239044317479998,
        20.370676530479997,
        20.38830474248,
        20.817465455479997,
        20.113713685479997,
        20.635656994479998,
        20.27630974648,
        20.49911556548,
        20.07877683148
      ],
      "exit_codes": [
        0,
        0,
        0,
        0,
        0,
        0,
        0,
        0,
        0,
        0
      ]
    },
    {
      "command": "yarn",
      "mean": 24.556121561380003,
      "stddev": 0.21672986709460063,
      "median": 24.58852263648,
      "user": 31.87187038,
      "system": 14.99829128,
      "min": 24.04280506948,
      "max": 24.84431794048,
      "times": [
        24.512848459479997,
        24.39169848448,
        24.68803234048,
        24.61379064748,
        24.84431794048,
        24.04280506948,
        24.79692227848,
        24.46577631048,
        24.56325462548,
        24.64176945748
      ],
      "exit_codes": [
        0,
        0,
        0,
        0,
        0,
        0,
        0,
        0,
        0,
        0
      ]
    },
    {
      "command": "berry",
      "mean": 8.956286232580002,
      "stddev": 0.10631151848548419,
      "median": 8.92985410848,
      "user": 14.64525548,
      "system": 5.26611818,
      "min": 8.83056859148,
      "max": 9.18551067548,
      "times": [
        9.00173787348,
        8.95189585048,
        8.83056859148,
        9.07700438248,
        8.856391097480001,
        8.90781236648,
        8.874300017480001,
        9.18551067548,
        9.003450604480001,
        8.874190866480001
      ],
      "exit_codes": [
        0,
        0,
        0,
        0,
        0,
        0,
        0,
        0,
        0,
        0
      ]
    },
    {
      "command": "zpm",
      "mean": 3.11850994988,
      "stddev": 0.05293268512236872,
      "median": 3.12152976148,
      "user": 1.7485714799999996,
      "system": 1.89344528,
      "min": 3.02780552448,
      "max": 3.20001524248,
      "times": [
        3.02780552448,
        3.16174466948,
        3.18397365448,
        3.06773456648,
        3.06430663248,
        3.09122643248,
        3.14523325348,
        3.12096166948,
        3.20001524248,
        3.12209785348
      ],
      "exit_codes": [
        0,
        0,
        0,
        0,
        0,
        0,
        0,
        0,
        0,
        0
      ]
    },
    {
      "command": "pnpm",
      "mean": 5.18757553588,
      "stddev": 0.05671426435552026,
      "median": 5.160611209480001,
      "user": 8.727086779999997,
      "system": 3.2006566799999994,
      "min": 5.12272015248,
      "max": 5.289045912480001,
      "times": [
        5.24178349648,
        5.289045912480001,
        5.12370546248,
        5.25040589448,
        5.16887443548,
        5.15234798348,
        5.145056239480001,
        5.231381741480001,
        5.15043404048,
        5.12272015248
      ],
      "exit_codes": [
        0,
        0,
        0,
        0,
        0,
        0,
        0,
        0,
        0,
        0
      ]
    },
    {
      "command": "vlt",
      "mean": 8.351393691979998,
      "stddev": 0.2431641012389092,
      "median": 8.325879755479999,
      "user": 9.25086378,
      "system": 4.363313979999999,
      "min": 8.018080104480001,
      "max": 8.87052407348,
      "times": [
        8.32305405548,
        8.482203977480001,
        8.53650645548,
        8.87052407348,
        8.09629481248,
        8.32870545548,
        8.018080104480001,
        8.261956426480001,
        8.49741181648,
        8.09919974248
      ],
      "exit_codes": [
        0,
        0,
        0,
        0,
        0,
        0,
        0,
        0,
        0,
        0
      ]
    },
    {
      "command": "bun",
      "mean": 2.7049300671800003,
      "stddev": 0.08395458732306615,
      "median": 2.6941532979800003,
      "user": 3.44600778,
      "system": 3.16900228,
      "min": 2.58276906248,
      "max": 2.89479821248,
      "times": [
        2.89479821248,
        2.75141461548,
        2.68472046348,
        2.7006828294800003,
        2.58276906248,
        2.6876237664800002,
        2.76559965448,
        2.71208515948,
        2.59571229548,
        2.6738946124800003
      ],
      "exit_codes": [
        0,
        0,
        0,
        0,
        0,
        0,
        0,
        0,
        0,
        0
      ]
    },
    {
      "command": "deno",
      "mean": 10.72531759688,
      "stddev": 0.36154126720801566,
      "median": 10.70831766848,
      "user": 6.5657416799999995,
      "system": 2.60124218,
      "min": 10.24057851248,
      "max": 11.49773969348,
      "times": [
        10.95434741248,
        11.49773969348,
        10.51179284248,
        11.08459524448,
        10.71726269348,
        10.57840849848,
        10.69937264348,
        10.71918398148,
        10.24057851248,
        10.24989444648
      ],
      "exit_codes": [
        0,
        0,
        0,
        0,
        0,
        0,
        0,
        0,
        0,
        0
      ]
    }
  ]
}