{
  "results": [
    {
      "command": "npm",
      "mean": 20.561707333079998,
      "stddev": 0.8151316268887652,
      "median": 20.638468894979997,
      "user": 15.129560880000003,
      "system": 4.629912979999999,
      "min": 19.303484051479998,
      "max": 21.596313035479998,
      "times": [
        20.871937704479997,
        20.405000085479998,
        21.596313035479998,
        19.658917196479997,
        21.46995921248,
        21.49850995248,
        19.631055780479997,
        20.098663765479998,
        19.303484051479998,
        21.083232546479998
      ],
      "exit_codes": [
        0,
        0,
        0,
        0,
        0,
        0,
        0,
        0,
        0,
        0
      ]
    },
    {
      "command": "yarn",
      "mean": 24.751298545679997,
      "stddev": 0.5921007851151322,
      "median": 24.86404747398,
      "user": 31.204528579999998,
      "system": 14.58548138,
      "min": 23.85282393348,
      "max": 25.87516706548,
      "times": [
        23.93381413448,
        25.19590585648,
        25.87516706548,
        24.589139056479997,
        24.74280091448,
        25.10465351948,
        24.21214353148,
        25.021243411479997,
        24.98529403348,
        23.85282393348
      ],
      "exit_codes": [
        0,
        0,
        0,
        0,
        0,
        0,
        0,
        0,
        0,
        0
      ]
    },
    {
      "command": "berry",
      "mean": 8.86840514998,
      "stddev": 0.1243725770740748,
      "median": 8.87098204998,
      "user": 14.633662179999998,
      "system": 5.26270038,
      "min": 8.59853549248,
      "max": 9.06198163148,
      "times": [
        8.85599025748,
        8.77991531148,
        8.86256744548,
        8.59853549248,
        8.962631377480001,
        8.99158654248,
        8.87939665448,
        9.06198163148,
        8.92043369548,
        8.77101309148
      ],
      "exit_codes": [
        0,
        0,
        0,
        0,
        0,
        0,
        0,
        0,
        0,
        0
      ]
    },
    {
      "command": "pnpm",
      "mean": 5.96275893548,
      "stddev": 0.33931297534801536,
      "median": 5.9458238229800005,
      "user": 10.14093778,
      "system": 3.6446828800000004,
      "min": 5.47489609748,
      "max": 6.49094587148,
      "times": [
        5.87684313148,
        5.47489609748,
        6.49094587148,
        5.70443136148,
        5.61710781748,
        6.014804514480001,
        6.40549794248,
        5.62599989348,
        6.1460389094800005,
        6.27102381548
      ],
      "exit_codes": [
        0,
        0,
        0,
        0,
        0,
        0,
        0,
        0,
        0,
        0
      ]
    },
    {
      "command": "vlt",
      "mean": 8.934538970679998,
      "stddev": 0.11623503745203462,
      "median": 8.97204618248,
      "user": 10.849914179999999,
      "system": 4.97459478,
      "min": 8.77610683148,
      "max": 9.14287830748,
      "times": [
        9.05488277648,
        8.97130334448,
        8.97278902048,
        8.98024895048,
        8.82352099248,
        9.14287830748,
        8.81752732348,
        9.00108468848,
        8.77610683148,
        8.80504747148
      ],
      "exit_codes": [
        0,
        0,
        0,
        0,
        0,
        0,
        0,
        0,
        0,
        0
      ]
    },
    {
      "command": "bun",
      "mean": 3.3906646131800002,
      "stddev": 0.4048746762459717,
      "median": 3.37399930198,
      "user": 3.4670743799999997,
      "system": 3.13847478,
      "min": 2.86370142948,
      "max": 4.247955553480001,
      "times": [
        3.65543938548,
        3.59438192548,
        3.18924627748,
        2.9685417194799997,
        3.55875232648,
        3.17183424448,
        2.86370142948,
        3.65423306848,
        3.0025602014799997,
        4.247955553480001
      ],
      "exit_codes": [
        0,
        0,
        0,
        0,
        0,
        0,
        0,
        0,
        0,
        0
      ]
    },
    {
      "command": "deno",
      "mean": 11.886568377980002,
      "stddev": 1.7653564378820568,
      "median": 11.922629951480001,
      "user": 6.13961448,
      "system": 2.60974228,
      "min": 9.48460834948,
      "max": 14.080626329480001,
      "times": [
        13.41398830148,
        14.080626329480001,
        13.439420829480001,
        9.901721270480001,
        12.936373038480001,
        9.96236731648,
        10.908886864480001,
        10.68482269148,
        14.05286878848,
        9.48460834948
      ],
      "exit_codes": [
        0,
        0,
        0,
        0,
        0,
        0,
        0,
        0,
        0,
        0
      ]
    }
  ]
}