{
  "results": [
    {
      "command": "npm",
      "mean": 25.11885239176,
      "stddev": 3.131188985502713,
      "median": 24.34598041696,
      "user": 15.019970120000002,
      "system": 4.509800659999999,
      "min": 21.42358202346,
      "max": 30.971164665459998,
      "times": [
        25.86241033846,
        22.248312520459997,
        22.75226603346,
        24.45548623046,
        22.52887282446,
        30.208838888459997,
        26.50111578946,
        21.42358202346,
        24.23647460346,
        30.971164665459998
      ],
      "exit_codes": [
        0,
        0,
        0,
        0,
        0,
        0,
        0,
        0,
        0,
        0
      ]
    },
    {
      "command": "yarn",
      "mean": 26.704357148159993,
      "stddev": 0.7691499886300566,
      "median": 26.66795342746,
      "user": 31.53917672,
      "system": 15.092391859999998,
      "min": 25.41279151046,
      "max": 28.28281725146,
      "times": [
        25.41279151046,
        27.390184444459997,
        28.28281725146,
        26.468567158459997,
        26.26757404746,
        27.085476202459997,
        26.56451575446,
        26.771391100459997,
        26.98540071146,
        25.814853300459998
      ],
      "exit_codes": [
        0,
        0,
        0,
        0,
        0,
        0,
        0,
        0,
        0,
        0
      ]
    },
    {
      "command": "berry",
      "mean": 9.43457375946,
      "stddev": 0.3826540054916431,
      "median": 9.40655946496,
      "user": 14.634321420000001,
      "system": 5.253461659999999,
      "min": 8.915638404460001,
      "max": 10.00703613446,
      "times": [
        9.89951326946,
        10.00703613446,
        9.32962176246,
        9.43384392446,
        9.647684700460001,
        9.37927500546,
        8.915638404460001,
        8.92905750746,
        9.810635298460001,
        8.99343158746
      ],
      "exit_codes": [
        0,
        0,
        0,
        0,
        0,
        0,
        0,
        0,
        0,
        0
      ]
    },
    {
      "command": "pnpm",
      "mean": 6.760757788159999,
      "stddev": 0.4406187409218852,
      "median": 6.794523809960001,
      "user": 10.095183819999999,
      "system": 3.58461226,
      "min": 6.12336626046,
      "max": 7.48859607446,
      "times": [
        7.11624476346,
        6.12336626046,
        6.19043277246,
        6.971782555460001,
        7.17147885546,
        7.48859607446,
        6.39670187046,
        6.617265064460001,
        6.45975964746,
        7.071950017460001
      ],
      "exit_codes": [
        0,
        0,
        0,
        0,
        0,
        0,
        0,
        0,
        0,
        0
      ]
    },
    {
      "command": "vlt",
      "mean": 10.042138052659999,
      "stddev": 0.4383265267049555,
      "median": 10.13954933746,
      "user": 10.981580019999999,
      "system": 4.999304659999999,
      "min": 9.286998629460001,
      "max": 10.87777899646,
      "times": [
        10.208149456460001,
        9.87407461846,
        10.15724455346,
        10.298239261460001,
        9.286998629460001,
        10.12185412146,
        9.49446764746,
        10.87777899646,
        9.72596927746,
        10.376603964460001
      ],
      "exit_codes": [
        0,
        0,
        0,
        0,
        0,
        0,
        0,
        0,
        0,
        0
      ]
    },
    {
      "command": "bun",
      "mean": 3.37966293746,
      "stddev": 0.3531937579329178,
      "median": 3.2432715094599995,
      "user": 3.4764761199999996,
      "system": 3.1708231599999994,
      "min": 3.11428712346,
      "max": 4.31362391846,
      "times": [
        3.11428712346,
        4.31362391846,
        3.2543315434599998,
        3.14983985246,
        3.30735367546,
        3.2775305164599997,
        3.20835458046,
        3.74642136646,
        3.19267532246,
        3.2322114754599998
      ],
      "exit_codes": [
        0,
        0,
        0,
        0,
        0,
        0,
        0,
        0,
        0,
        0
      ]
    },
    {
      "command": "deno",
      "mean": 13.714513858859998,
      "stddev": 1.7679190522544308,
      "median": 12.86019307046,
      "user": 6.04484212,
      "system": 2.59794316,
      "min": 11.99425084646,
      "max": 17.13270688346,
      "times": [
        12.89240803146,
        15.51250859846,
        17.13270688346,
        12.35368210646,
        13.10211796446,
        12.82797810946,
        12.38322803646,
        11.99425084646,
        12.63366807346,
        16.312589938459997
      ],
      "exit_codes": [
        0,
        0,
        0,
        0,
        0,
        0,
        0,
        0,
        0,
        0
      ]
    }
  ]
}