{
  "results": [
    {
      "command": "npm",
      "mean": 27.61731780878,
      "stddev": 1.041505581173185,
      "median": 27.479686442979997,
      "user": 15.12972622,
      "system": 6.040352,
      "min": 26.44088239848,
      "max": 29.663000357479998,
      "times": [
        28.63778368348,
        26.541314877479998,
        26.44088239848,
        27.407907505479997,
        27.599483501479998,
        28.798219355479997,
        27.55146538048,
        26.45933357048,
        27.073787457479998,
        29.663000357479998
      ],
      "exit_codes": [
        0,
        0,
        0,
        0,
        0,
        0,
        0,
        0,
        0,
        0
      ]
    },
    {
      "command": "yarn",
      "mean": 28.20754592678,
      "stddev": 1.2285088762739285,
      "median": 27.774225966979998,
      "user": 32.76319012,
      "system": 15.382466899999997,
      "min": 26.833463120479998,
      "max": 30.464264780479997,
      "times": [
        28.55081297048,
        27.137971394479997,
        26.833463120479998,
        26.854497541479997,
        29.17526800348,
        30.464264780479997,
        27.836438772479998,
        30.000138829479997,
        27.510590693479998,
        27.712013161479998
      ],
      "exit_codes": [
        0,
        0,
        0,
        0,
        0,
        0,
        0,
        0,
        0,
        0
      ]
    },
    {
      "command": "berry",
      "mean": 9.26776392268,
      "stddev": 0.12472501486179877,
      "median": 9.28125400898,
      "user": 14.966297919999999,
      "system": 5.3826175,
      "min": 9.05389010348,
      "max": 9.42293369448,
      "times": [
        9.05389010348,
        9.42293369448,
        9.40399324648,
        9.22058299748,
        9.34907698348,
        9.37367013648,
        9.06196059748,
        9.24310025048,
        9.22902344948,
        9.31940776748
      ],
      "exit_codes": [
        0,
        0,
        0,
        0,
        0,
        0,
        0,
        0,
        0,
        0
      ]
    },
    {
      "command": "pnpm",
      "mean": 6.81445267848,
      "stddev": 0.6043338573013414,
      "median": 6.46644658748,
      "user": 10.194272119999997,
      "system": 3.6465332000000004,
      "min": 6.38168926148,
      "max": 8.19577777848,
      "times": [
        6.47401774448,
        6.45887543048,
        6.39648581748,
        6.4166902414800004,
        6.39740332448,
        6.38168926148,
        8.19577777848,
        6.63637502648,
        7.62287599548,
        7.16433616448
      ],
      "exit_codes": [
        0,
        0,
        0,
        0,
        0,
        0,
        0,
        0,
        0,
        0
      ]
    },
    {
      "command": "vlt",
      "mean": 8.601997660479999,
      "stddev": 0.3296450620387412,
      "median": 8.58375508748,
      "user": 8.42333432,
      "system": 4.3689759,
      "min": 8.17660510248,
      "max": 9.12272019748,
      "times": [
        9.05158654848,
        8.21690764348,
        9.12272019748,
        8.63427077048,
        8.53323940448,
        8.49217723248,
        8.78039422148,
        8.17736490448,
        8.17660510248,
        8.83471057948
      ],
      "exit_codes": [
        0,
        0,
        0,
        0,
        0,
        0,
        0,
        0,
        0,
        0
      ]
    },
    {
      "command": "bun",
      "mean": 3.71627557458,
      "stddev": 0.37094772398754755,
      "median": 3.65401733148,
      "user": 3.21120682,
      "system": 3.2359336999999995,
      "min": 3.17156976648,
      "max": 4.47589062348,
      "times": [
        4.16518907648,
        3.99466198548,
        3.68828439148,
        3.64370119248,
        3.17156976648,
        3.66433347048,
        3.42833582448,
        3.51896767348,
        3.4118217414800003,
        4.47589062348
      ],
      "exit_codes": [
        0,
        0,
        0,
        0,
        0,
        0,
        0,
        0,
        0,
        0
      ]
    },
    {
      "command": "deno",
      "mean": 15.663271518680002,
      "stddev": 1.5048288353732397,
      "median": 15.26029169348,
      "user": 6.507513819999998,
      "system": 2.6183527,
      "min": 13.94728425648,
      "max": 19.187020254479997,
      "times": [
        15.64471417048,
        13.95192491148,
        16.45864012348,
        15.13507439048,
        17.120713842479997,
        15.28338585548,
        15.23719753148,
        14.66675985048,
        19.187020254479997,
        13.94728425648
      ],
      "exit_codes": [
        0,
        0,
        0,
        0,
        0,
        0,
        0,
        0,
        0,
        0
      ]
    }
  ]
}