{
  "results": [
    {
      "command": "npm",
      "mean": 2.5573697065200003,
      "stddev": 0.01893575860879494,
      "median": 2.55162312682,
      "user": 2.76238684,
      "system": 1.5635002599999999,
      "min": 2.5294493018199997,
      "max": 2.5900896638199997,
      "times": [
        2.5900896638199997,
        2.55062520182,
        2.54774766582,
        2.53390891482,
        2.56237909182,
        2.54901822982,
        2.57899793682,
        2.57886000682,
        2.5526210518199997,
        2.5294493018199997
      ],
      "exit_codes": [
        0,
        0,
        0,
        0,
        0,
        0,
        0,
        0,
        0,
        0
      ]
    },
    {
      "command": "yarn",
      "mean": 2.04555081022,
      "stddev": 0.4175048058966369,
      "median": 1.90521840182,
      "user": 1.8502408399999997,
      "system": 2.1080249600000003,
      "min": 1.8718737248200001,
      "max": 3.29693511882,
      "times": [
        1.8984444098200002,
        1.90150161382,
        1.8932032988200003,
        1.9292875528200002,
        3.29693511882,
        1.93764556382,
        1.89956119282,
        1.91812043682,
        1.8718737248200001,
        1.90893518982
      ],
      "exit_codes": [
        0,
        0,
        0,
        0,
        0,
        0,
        0,
        0,
        0,
        0
      ]
    },
    {
      "command": "berry",
      "mean": 1.9698575394200002,
      "stddev": 0.02437440299492459,
      "median": 1.95788833582,
      "user": 2.1710512399999997,
      "system": 1.08586246,
      "min": 1.9449955358200002,
      "max": 2.0215260048199997,
      "times": [
        1.95921755382,
        2.0215260048199997,
        1.9449955358200002,
        1.9565591178200001,
        1.98983399082,
        1.9794587978200002,
        1.94958090882,
        1.9459721868200002,
        1.9554452408200003,
        1.99598605682
      ],
      "exit_codes": [
        0,
        0,
        0,
        0,
        0,
        0,
        0,
        0,
        0,
        0
      ]
    },
    {
      "command": "pnpm",
      "mean": 0.99030647172,
      "stddev": 0.029685378415291903,
      "median": 0.97791084982,
      "user": 1.49873594,
      "system": 0.5111281599999999,
      "min": 0.9683931368200001,
      "max": 1.07006505882,
      "times": [
        0.99374303082,
        0.97772650482,
        0.97180397682,
        0.9866360938200001,
        0.9780951948200001,
        0.97109756482,
        1.07006505882,
        0.9683931368200001,
        0.97136690082,
        1.01413725482
      ],
      "exit_codes": [
        0,
        0,
        0,
        0,
        0,
        0,
        0,
        0,
        0,
        0
      ]
    },
    {
      "command": "vlt",
      "mean": 14.71854770482,
      "stddev": 0.176408637664193,
      "median": 14.765103535320002,
      "user": 18.12192114,
      "system": 8.81410456,
      "min": 14.37072348182,
      "max": 14.96816699582,
      "times": [
        14.37072348182,
        14.57277287382,
        14.76030525782,
        14.81509346682,
        14.49153369982,
        14.91106104682,
        14.74855846882,
        14.76990181282,
        14.77735994382,
        14.96816699582
      ],
      "exit_codes": [
        0,
        0,
        0,
        0,
        0,
        0,
        0,
        0,
        0,
        0
      ]
    },
    {
      "command": "bun",
      "mean": 0.20932552882000005,
      "stddev": 0.007631865920861425,
      "median": 0.20645700732000002,
      "user": 0.07232144,
      "system": 0.18687026,
      "min": 0.20166093082000003,
      "max": 0.22671269082000003,
      "times": [
        0.20630188282000003,
        0.20757918082000001,
        0.20542524582000002,
        0.20752468682000003,
        0.22671269082000003,
        0.20661213182000002,
        0.20565621782000001,
        0.20166093082000003,
        0.22139095682,
        0.20439136382000003
      ],
      "exit_codes": [
        0,
        0,
        0,
        0,
        0,
        0,
        0,
        0,
        0,
        0
      ]
    },
    {
      "command": "deno",
      "mean": 0.35380610842000004,
      "stddev": 0.008186187997987019,
      "median": 0.35529382432,
      "user": 0.23459014000000003,
      "system": 0.40027895999999996,
      "min": 0.33843024482000006,
      "max": 0.36287848482,
      "times": [
        0.34659042382000005,
        0.33843024482000006,
        0.36257232182000004,
        0.35370034082,
        0.35688730782000005,
        0.36221718982,
        0.34594122782000003,
        0.36073181282000005,
        0.34811172982000005,
        0.36287848482
      ],
      "exit_codes": [
        0,
        0,
        0,
        0,
        0,
        0,
        0,
        0,
        0,
        0
      ]
    }
  ]
}