{
  "results": [
    {
      "command": "npm",
      "mean": 0.8606050141199999,
      "stddev": 0.014617355908951303,
      "median": 0.85670303202,
      "user": 0.9395986599999999,
      "system": 0.18976698,
      "min": 0.84716577102,
      "max": 0.90022201302,
      "times": [
        0.86375008602,
        0.84825173002,
        0.85509948702,
        0.85830657702,
        0.8639924440200001,
        0.85071700602,
        0.86542327902,
        0.84716577102,
        0.90022201302,
        0.8531217480200001
      ],
      "exit_codes": [
        0,
        0,
        0,
        0,
        0,
        0,
        0,
        0,
        0,
        0
      ]
    },
    {
      "command": "yarn",
      "mean": 3.07501827272,
      "stddev": 0.10078032091421467,
      "median": 3.06859278152,
      "user": 1.9317464599999998,
      "system": 0.77775478,
      "min": 2.93064614302,
      "max": 3.2915392520199998,
      "times": [
        2.98384148602,
        2.93064614302,
        2.96626742802,
        3.2915392520199998,
        3.11413798602,
        3.05430627902,
        3.11076463402,
        3.17209031902,
        3.08287928402,
        3.04370991602
      ],
      "exit_codes": [
        0,
        0,
        0,
        0,
        0,
        0,
        0,
        0,
        0,
        0
      ]
    },
    {
      "command": "berry",
      "mean": 1.46599135182,
      "stddev": 0.02152493600429743,
      "median": 1.47058894702,
      "user": 1.4412852600000001,
      "system": 0.24836348,
      "min": 1.42567822302,
      "max": 1.49549405802,
      "times": [
        1.46411308402,
        1.4641815980200001,
        1.47806386102,
        1.47699629602,
        1.42567822302,
        1.4871961310200001,
        1.43952154702,
        1.49549405802,
        1.44551643202,
        1.4831522880199999
      ],
      "exit_codes": [
        0,
        0,
        0,
        0,
        0,
        0,
        0,
        0,
        0,
        0
      ]
    },
    {
      "command": "zpm",
      "mean": 2.0228371849199998,
      "stddev": 0.17695507161864296,
      "median": 2.01376421702,
      "user": 0.59596376,
      "system": 0.5423158800000001,
      "min": 1.76691983402,
      "max": 2.40716041102,
      "times": [
        1.87705493602,
        1.85169698802,
        1.9964565460200001,
        2.00959047402,
        2.01793796002,
        2.40716041102,
        2.02326336602,
        2.0356068180199998,
        1.76691983402,
        2.24268451602
      ],
      "exit_codes": [
        0,
        0,
        0,
        0,
        0,
        0,
        0,
        0,
        0,
        0
      ]
    },
    {
      "command": "pnpm",
      "mean": 1.10703595842,
      "stddev": 0.02592807429218528,
      "median": 1.09645152252,
      "user": 1.51189376,
      "system": 0.27303147999999994,
      "min": 1.08065038902,
      "max": 1.17167641602,
      "times": [
        1.09214313402,
        1.09213480602,
        1.08988756202,
        1.10075991102,
        1.13478189802,
        1.08065038902,
        1.10795264502,
        1.09003120502,
        1.11034161802,
        1.17167641602
      ],
      "exit_codes": [
        0,
        0,
        0,
        0,
        0,
        0,
        0,
        0,
        0,
        0
      ]
    },
    {
      "command": "vlt",
      "mean": 0.32075072682,
      "stddev": 0.0019166058614408883,
      "median": 0.32021262302,
      "user": 0.33014795999999996,
      "system": 0.06609898,
      "min": 0.31806959902,
      "max": 0.32427676902,
      "times": [
        0.32008171202,
        0.31806959902,
        0.32034353402,
        0.32257916702,
        0.32207927902,
        0.32252714002,
        0.32427676902,
        0.31911334302,
        0.31987325902,
        0.31856346602
      ],
      "exit_codes": [
        0,
        0,
        0,
        0,
        0,
        0,
        0,
        0,
        0,
        0
      ]
    },
    {
      "command": "bun",
      "mean": 0.018057281520000003,
      "stddev": 0.00020390183706835553,
      "median": 0.018065230520000003,
      "user": 0.007170360000000001,
      "system": 0.01611628,
      "min": 0.01760694202,
      "max": 0.01835693802,
      "times": [
        0.01794945002,
        0.01760694202,
        0.01801041302,
        0.01795256602,
        0.01826705102,
        0.01812004802,
        0.01816927902,
        0.01793302902,
        0.01835693802,
        0.01820709902
      ],
      "exit_codes": [
        0,
        0,
        0,
        0,
        0,
        0,
        0,
        0,
        0,
        0
      ]
    },
    {
      "command": "deno",
      "mean": 0.36532410042,
      "stddev": 0.007649592285296941,
      "median": 0.36384861452,
      "user": 0.48546405999999986,
      "system": 0.16328557999999999,
      "min": 0.35579321302,
      "max": 0.38111798202,
      "times": [
        0.37643914102,
        0.36749719702,
        0.36074996402,
        0.36434329902,
        0.35579321302,
        0.35788157902,
        0.36335393002,
        0.35950035302,
        0.38111798202,
        0.36656434602
      ],
      "exit_codes": [
        0,
        0,
        0,
        0,
        0,
        0,
        0,
        0,
        0,
        0
      ]
    }
  ]
}