{
  "results": [
    {
      "command": "npm",
      "mean": 1.9890112838800005,
      "stddev": 0.19760317882126185,
      "median": 1.92222516898,
      "user": 2.0377519399999997,
      "system": 0.56104236,
      "min": 1.90690725098,
      "max": 2.58110724998,
      "times": [
        1.92883354298,
        2.58110724998,
        1.9359419149800001,
        1.91813320898,
        1.94146367198,
        1.91829982698,
        1.9156782009800002,
        1.91759745998,
        1.90690725098,
        1.9261505109800001
      ],
      "exit_codes": [
        0,
        0,
        0,
        0,
        0,
        0,
        0,
        0,
        0,
        0
      ]
    },
    {
      "command": "yarn",
      "mean": 2.51949060798,
      "stddev": 0.4767189879235068,
      "median": 2.36097208248,
      "user": 1.10012644,
      "system": 0.43326325999999993,
      "min": 2.14702972698,
      "max": 3.80848814198,
      "times": [
        2.25061554798,
        2.4717501449799997,
        2.21015865698,
        2.20848142398,
        2.4795551639799998,
        2.14702972698,
        2.43549080898,
        2.89688310798,
        2.28645335598,
        3.80848814198
      ],
      "exit_codes": [
        0,
        0,
        0,
        0,
        0,
        0,
        0,
        0,
        0,
        0
      ]
    },
    {
      "command": "berry",
      "mean": 1.4817161019799998,
      "stddev": 0.03735537462206469,
      "median": 1.47211382698,
      "user": 1.67281024,
      "system": 0.33671606,
      "min": 1.43682395898,
      "max": 1.54925039198,
      "times": [
        1.50007053998,
        1.43682395898,
        1.45934723798,
        1.4523083779800001,
        1.51061113598,
        1.53045236398,
        1.54925039198,
        1.44516916198,
        1.48488041598,
        1.44824743498
      ],
      "exit_codes": [
        0,
        0,
        0,
        0,
        0,
        0,
        0,
        0,
        0,
        0
      ]
    },
    {
      "command": "zpm",
      "mean": 1.7317324624800001,
      "stddev": 0.34840812155740863,
      "median": 1.6393542864800001,
      "user": 0.5383857400000001,
      "system": 0.39840496,
      "min": 1.2642102909800002,
      "max": 2.56816139798,
      "times": [
        1.59533110498,
        1.66402329998,
        2.0843436549799996,
        1.2642102909800002,
        1.6418379569800001,
        1.41810822198,
        1.6368706159800002,
        1.5946526539800001,
        2.56816139798,
        1.84978542698
      ],
      "exit_codes": [
        0,
        0,
        0,
        0,
        0,
        0,
        0,
        0,
        0,
        0
      ]
    },
    {
      "command": "pnpm",
      "mean": 1.15835764038,
      "stddev": 0.017566977150618824,
      "median": 1.15704883448,
      "user": 1.5556125399999998,
      "system": 0.28047546,
      "min": 1.13209099198,
      "max": 1.19565217298,
      "times": [
        1.19565217298,
        1.14559354598,
        1.15371128598,
        1.1579727609800001,
        1.13209099198,
        1.13828419498,
        1.17206136598,
        1.1733457309800002,
        1.15873944598,
        1.15612490798
      ],
      "exit_codes": [
        0,
        0,
        0,
        0,
        0,
        0,
        0,
        0,
        0,
        0
      ]
    },
    {
      "command": "vlt",
      "mean": 0.52102879398,
      "stddev": 0.003734459858680994,
      "median": 0.52118472548,
      "user": 0.5769713399999998,
      "system": 0.23573336,
      "min": 0.5157664229800001,
      "max": 0.5283905069800001,
      "times": [
        0.5198874629800001,
        0.51782251698,
        0.5233200549800001,
        0.5283905069800001,
        0.51583281298,
        0.5225134959800001,
        0.52152018198,
        0.5157664229800001,
        0.5208492689800001,
        0.52438521498
      ],
      "exit_codes": [
        0,
        0,
        0,
        0,
        0,
        0,
        0,
        0,
        0,
        0
      ]
    },
    {
      "command": "bun",
      "mean": 0.02187731398,
      "stddev": 0.0017978492392236904,
      "median": 0.021327135480000002,
      "user": 0.0062304399999999985,
      "system": 0.02080646,
      "min": 0.02093551898,
      "max": 0.027201360980000002,
      "times": [
        0.02147142498,
        0.02162469698,
        0.027201360980000002,
        0.02097807298,
        0.02185165798,
        0.02128145898,
        0.02093551898,
        0.02104047298,
        0.02101566298,
        0.02137281198
      ],
      "exit_codes": [
        0,
        0,
        0,
        0,
        0,
        0,
        0,
        0,
        0,
        0
      ]
    },
    {
      "command": "deno",
      "mean": 0.20217647888,
      "stddev": 0.0021095689801676294,
      "median": 0.20147555948,
      "user": 0.25939734,
      "system": 0.10443175999999998,
      "min": 0.20004335898000003,
      "max": 0.20772105498000001,
      "times": [
        0.20146387398,
        0.20004335898000003,
        0.20148724498,
        0.20093926098,
        0.20384215398000002,
        0.20244561498000002,
        0.20224234098000002,
        0.20080605098,
        0.20077383398,
        0.20772105498000001
      ],
      "exit_codes": [
        0,
        0,
        0,
        0,
        0,
        0,
        0,
        0,
        0,
        0
      ]
    }
  ]
}