npm http fetch GET 200 https://npm.cloudsmith.io/vlt/benchmarks/canvas 420ms (cache miss)
npm http fetch GET 200 https://npm.cloudsmith.io/vlt/benchmarks/@alex_neo%2fjest-expect-message 300ms (cache miss)
npm http fetch GET 200 https://npm.cloudsmith.io/vlt/benchmarks/@eslint%2fjs 363ms (cache miss)
npm http fetch GET 200 https://npm.cloudsmith.io/vlt/benchmarks/@nrwl%2ftao 906ms (cache miss)
npm http fetch GET 200 https://npm.cloudsmith.io/vlt/benchmarks/@nrwl%2fworkspace 927ms (cache miss)
npm http fetch GET 200 https://npm.cloudsmith.io/vlt/benchmarks/@playwright%2ftest 1582ms (cache miss)
npm http fetch GET 200 https://npm.cloudsmith.io/vlt/benchmarks/@types%2fexpect-puppeteer 301ms (cache miss)
npm http fetch GET 200 https://npm.cloudsmith.io/vlt/benchmarks/@types%2ffs-extra 341ms (cache miss)
npm http fetch GET 200 https://npm.cloudsmith.io/vlt/benchmarks/@types%2fjest 488ms (cache miss)
npm http fetch GET 200 https://npm.cloudsmith.io/vlt/benchmarks/@types%2fjest-environment-puppeteer 303ms (cache miss)
npm http fetch GET 200 https://npm.cloudsmith.io/vlt/benchmarks/@types%2fjest-expect-message 331ms (cache miss)
npm http fetch GET 200 https://npm.cloudsmith.io/vlt/benchmarks/@types%2fpuppeteer 947ms (cache miss)
npm http fetch GET 200 https://npm.cloudsmith.io/vlt/benchmarks/@typescript-eslint%2feslint-plugin 1947ms (cache miss)
npm http fetch GET 200 https://npm.cloudsmith.io/vlt/benchmarks/@typescript-eslint%2fparser 1746ms (cache miss)
npm http fetch GET 200 https://npm.cloudsmith.io/vlt/benchmarks/eslint 430ms (cache miss)
npm http fetch GET 200 https://npm.cloudsmith.io/vlt/benchmarks/typescript 1594ms (cache miss)
npm http fetch GET 200 https://npm.cloudsmith.io/vlt/benchmarks/ajv 390ms (cache miss)
npm http fetch GET 200 https://npm.cloudsmith.io/vlt/benchmarks/chokidar 315ms (cache miss)
npm http fetch GET 200 https://npm.cloudsmith.io/vlt/benchmarks/dotenv 332ms (cache miss)
npm http fetch GET 200 https://npm.cloudsmith.io/vlt/benchmarks/es-check 342ms (cache miss)
npm http fetch GET 200 https://npm.cloudsmith.io/vlt/benchmarks/eslint-config-prettier 346ms (cache miss)
npm http fetch GET 200 https://npm.cloudsmith.io/vlt/benchmarks/eslint-formatter-azure-devops 294ms (cache miss)
npm http fetch GET 200 https://npm.cloudsmith.io/vlt/benchmarks/eslint-plugin-github 386ms (cache miss)
npm http fetch GET 200 https://npm.cloudsmith.io/vlt/benchmarks/eslint-plugin-import 310ms (cache miss)
npm http fetch GET 200 https://npm.cloudsmith.io/vlt/benchmarks/eslint-plugin-jest 596ms (cache miss)
npm http fetch GET 200 https://npm.cloudsmith.io/vlt/benchmarks/jest 399ms (cache miss)
npm http fetch GET 200 https://npm.cloudsmith.io/vlt/benchmarks/eslint-plugin-jsdoc 834ms (cache miss)
npm http fetch GET 200 https://npm.cloudsmith.io/vlt/benchmarks/eslint-plugin-prettier 365ms (cache miss)
npm http fetch GET 200 https://npm.cloudsmith.io/vlt/benchmarks/prettier 355ms (cache miss)
npm http fetch GET 200 https://npm.cloudsmith.io/vlt/benchmarks/eslint-plugin-tsdoc 323ms (cache miss)
npm http fetch GET 200 https://npm.cloudsmith.io/vlt/benchmarks/fs-extra 330ms (cache miss)
npm http fetch GET 200 https://npm.cloudsmith.io/vlt/benchmarks/glob 338ms (cache miss)
npm http fetch GET 200 https://npm.cloudsmith.io/vlt/benchmarks/globals 318ms (cache miss)
npm http fetch GET 200 https://npm.cloudsmith.io/vlt/benchmarks/jest-environment-jsdom 355ms (cache miss)
npm http fetch GET 200 https://npm.cloudsmith.io/vlt/benchmarks/jest-junit 297ms (cache miss)
npm http fetch GET 200 https://npm.cloudsmith.io/vlt/benchmarks/mini-css-extract-plugin 350ms (cache miss)
npm http fetch GET 200 https://npm.cloudsmith.io/vlt/benchmarks/webpack 587ms (cache miss)
npm http fetch GET 200 https://npm.cloudsmith.io/vlt/benchmarks/nx 1387ms (cache miss)
npm http fetch GET 200 https://npm.cloudsmith.io/vlt/benchmarks/rimraf 424ms (cache miss)
npm http fetch GET 200 https://npm.cloudsmith.io/vlt/benchmarks/ts-jest 380ms (cache miss)
npm http fetch GET 200 https://npm.cloudsmith.io/vlt/benchmarks/ts-node 443ms (cache miss)
npm http fetch GET 200 https://npm.cloudsmith.io/vlt/benchmarks/@types%2fnode 1483ms (cache miss)
npm http fetch GET 200 https://npm.cloudsmith.io/vlt/benchmarks/ts-patch 314ms (cache miss)
npm http fetch GET 200 https://npm.cloudsmith.io/vlt/benchmarks/tslib 291ms (cache miss)
npm http fetch GET 200 https://npm.cloudsmith.io/vlt/benchmarks/typedoc 408ms (cache miss)
npm http fetch GET 200 https://npm.cloudsmith.io/vlt/benchmarks/webpack-cli 354ms (cache miss)
npm http fetch GET 200 https://npm.cloudsmith.io/vlt/benchmarks/tslib 41ms (cache updated)
npm http fetch GET 200 https://npm.cloudsmith.io/vlt/benchmarks/nx 160ms (cache updated)
npm http fetch GET 200 https://npm.cloudsmith.io/vlt/benchmarks/@types%2fjest 56ms (cache updated)
npm http fetch GET 200 https://npm.cloudsmith.io/vlt/benchmarks/@types%2fpuppeteer 37ms (cache updated)
npm http fetch GET 200 https://npm.cloudsmith.io/vlt/benchmarks/jest-matcher-utils 384ms (cache miss)
npm http fetch GET 200 https://npm.cloudsmith.io/vlt/benchmarks/@nx%2fworkspace 961ms (cache miss)
npm http fetch GET 200 https://npm.cloudsmith.io/vlt/benchmarks/pretty-format 374ms (cache miss)
npm http fetch GET 200 https://npm.cloudsmith.io/vlt/benchmarks/@jest%2ftypes 326ms (cache miss)
npm http fetch GET 200 https://npm.cloudsmith.io/vlt/benchmarks/jest-environment-node 360ms (cache miss)
npm http fetch GET 200 https://npm.cloudsmith.io/vlt/benchmarks/@eslint-community%2fregexpp 337ms (cache miss)
npm http fetch GET 200 https://npm.cloudsmith.io/vlt/benchmarks/playwright 2022ms (cache miss)
npm http fetch GET 200 https://npm.cloudsmith.io/vlt/benchmarks/@typescript-eslint%2ftype-utils 1409ms (cache miss)
npm http fetch GET 200 https://npm.cloudsmith.io/vlt/benchmarks/@typescript-eslint%2fscope-manager 1561ms (cache miss)
npm http fetch GET 200 https://npm.cloudsmith.io/vlt/benchmarks/ignore 317ms (cache miss)
npm http fetch GET 200 https://npm.cloudsmith.io/vlt/benchmarks/@typescript-eslint%2futils 1417ms (cache miss)
npm http fetch GET 200 https://npm.cloudsmith.io/vlt/benchmarks/natural-compare 344ms (cache miss)
npm http fetch GET 200 https://npm.cloudsmith.io/vlt/benchmarks/ts-api-utils 351ms (cache miss)
npm http fetch GET 200 https://npm.cloudsmith.io/vlt/benchmarks/@typescript-eslint%2fvisitor-keys 1538ms (cache miss)
npm http fetch GET 200 https://npm.cloudsmith.io/vlt/benchmarks/debug 327ms (cache miss)
npm http fetch GET 200 https://npm.cloudsmith.io/vlt/benchmarks/@eslint-community%2feslint-utils 332ms (cache miss)
npm http fetch GET 200 https://npm.cloudsmith.io/vlt/benchmarks/@typescript-eslint%2ftypes 1636ms (cache miss)
npm http fetch GET 200 https://npm.cloudsmith.io/vlt/benchmarks/@eslint-community%2fregexpp 246ms (cache updated)
npm http fetch GET 200 https://npm.cloudsmith.io/vlt/benchmarks/@typescript-eslint%2ftypescript-estree 1814ms (cache miss)
npm http fetch GET 200 https://npm.cloudsmith.io/vlt/benchmarks/@eslint%2fconfig-array 329ms (cache miss)
npm http fetch GET 200 https://npm.cloudsmith.io/vlt/benchmarks/@eslint%2fconfig-helpers 294ms (cache miss)
npm http fetch GET 200 https://npm.cloudsmith.io/vlt/benchmarks/@eslint%2fcore 304ms (cache miss)
npm http fetch GET 200 https://npm.cloudsmith.io/vlt/benchmarks/@eslint%2feslintrc 319ms (cache miss)
npm http fetch GET 200 https://npm.cloudsmith.io/vlt/benchmarks/@eslint%2fplugin-kit 293ms (cache miss)
npm http fetch GET 200 https://npm.cloudsmith.io/vlt/benchmarks/@humanfs%2fnode 322ms (cache miss)
npm http fetch GET 200 https://npm.cloudsmith.io/vlt/benchmarks/@humanwhocodes%2fmodule-importer 298ms (cache miss)
npm http fetch GET 200 https://npm.cloudsmith.io/vlt/benchmarks/@humanwhocodes%2fretry 286ms (cache miss)
npm http fetch GET 200 https://npm.cloudsmith.io/vlt/benchmarks/ajv 41ms (cache updated)
npm http fetch GET 200 https://npm.cloudsmith.io/vlt/benchmarks/@types%2festree 297ms (cache miss)
npm http fetch GET 200 https://npm.cloudsmith.io/vlt/benchmarks/chalk 284ms (cache miss)
npm http fetch GET 200 https://npm.cloudsmith.io/vlt/benchmarks/debug 14ms (cache updated)
npm http fetch GET 200 https://npm.cloudsmith.io/vlt/benchmarks/cross-spawn 320ms (cache miss)
npm http fetch GET 200 https://npm.cloudsmith.io/vlt/benchmarks/escape-string-regexp 284ms (cache miss)
npm http fetch GET 200 https://npm.cloudsmith.io/vlt/benchmarks/eslint-scope 282ms (cache miss)
npm http fetch GET 200 https://npm.cloudsmith.io/vlt/benchmarks/eslint-visitor-keys 315ms (cache miss)
npm http fetch GET 200 https://npm.cloudsmith.io/vlt/benchmarks/espree 352ms (cache miss)
npm http fetch GET 200 https://npm.cloudsmith.io/vlt/benchmarks/esquery 565ms (cache miss)
npm http fetch GET 200 https://npm.cloudsmith.io/vlt/benchmarks/esutils 506ms (cache miss)
npm http fetch GET 200 https://npm.cloudsmith.io/vlt/benchmarks/fast-deep-equal 286ms (cache miss)
npm http fetch GET 200 https://npm.cloudsmith.io/vlt/benchmarks/find-up 319ms (cache miss)
npm http fetch GET 200 https://npm.cloudsmith.io/vlt/benchmarks/file-entry-cache 349ms (cache miss)
npm http fetch GET 200 https://npm.cloudsmith.io/vlt/benchmarks/ignore 16ms (cache updated)
npm http fetch GET 200 https://npm.cloudsmith.io/vlt/benchmarks/glob-parent 353ms (cache miss)
npm http fetch GET 200 https://npm.cloudsmith.io/vlt/benchmarks/imurmurhash 289ms (cache miss)
npm http fetch GET 200 https://npm.cloudsmith.io/vlt/benchmarks/is-glob 284ms (cache miss)
npm http fetch GET 200 https://npm.cloudsmith.io/vlt/benchmarks/json-stable-stringify-without-jsonify 367ms (cache miss)
npm http fetch GET 200 https://npm.cloudsmith.io/vlt/benchmarks/lodash.merge 304ms (cache miss)
npm http fetch GET 200 https://npm.cloudsmith.io/vlt/benchmarks/fast-deep-equal 13ms (cache updated)
npm http fetch GET 200 https://npm.cloudsmith.io/vlt/benchmarks/minimatch 323ms (cache miss)
npm http fetch GET 200 https://npm.cloudsmith.io/vlt/benchmarks/optionator 282ms (cache miss)
npm http fetch GET 200 https://npm.cloudsmith.io/vlt/benchmarks/json-schema-traverse 303ms (cache miss)
npm http fetch GET 200 https://npm.cloudsmith.io/vlt/benchmarks/require-from-string 315ms (cache miss)
npm http fetch GET 200 https://npm.cloudsmith.io/vlt/benchmarks/uri-js 461ms (cache miss)
npm http fetch GET 200 https://npm.cloudsmith.io/vlt/benchmarks/prebuild-install 305ms (cache miss)
npm http fetch GET 200 https://npm.cloudsmith.io/vlt/benchmarks/node-addon-api 341ms (cache miss)
npm http fetch GET 200 https://npm.cloudsmith.io/vlt/benchmarks/glob-parent 34ms (cache updated)
npm http fetch GET 200 https://npm.cloudsmith.io/vlt/benchmarks/anymatch 305ms (cache miss)
npm http fetch GET 200 https://npm.cloudsmith.io/vlt/benchmarks/is-glob 18ms (cache updated)
npm http fetch GET 200 https://npm.cloudsmith.io/vlt/benchmarks/braces 328ms (cache miss)
npm http fetch GET 200 https://npm.cloudsmith.io/vlt/benchmarks/is-binary-path 302ms (cache miss)
npm http fetch GET 200 https://npm.cloudsmith.io/vlt/benchmarks/readdirp 298ms (cache miss)
npm http fetch GET 200 https://npm.cloudsmith.io/vlt/benchmarks/fsevents 297ms (cache miss)
npm http fetch GET 200 https://npm.cloudsmith.io/vlt/benchmarks/normalize-path 524ms (cache miss)
npm http fetch GET 200 https://npm.cloudsmith.io/vlt/benchmarks/acorn 347ms (cache miss)
npm http fetch GET 200 https://npm.cloudsmith.io/vlt/benchmarks/commander 359ms (cache miss)
npm http fetch GET 200 https://npm.cloudsmith.io/vlt/benchmarks/fast-glob 443ms (cache miss)
npm http fetch GET 200 https://npm.cloudsmith.io/vlt/benchmarks/supports-color 307ms (cache miss)
npm http fetch GET 200 https://npm.cloudsmith.io/vlt/benchmarks/winston 331ms (cache miss)
npm http fetch GET 200 https://npm.cloudsmith.io/vlt/benchmarks/@eslint%2fcompat 286ms (cache miss)
npm http fetch GET 200 https://npm.cloudsmith.io/vlt/benchmarks/aria-query 400ms (cache miss)
npm http fetch GET 200 https://npm.cloudsmith.io/vlt/benchmarks/eslint-plugin-escompat 299ms (cache miss)
npm http fetch GET 200 https://npm.cloudsmith.io/vlt/benchmarks/@github%2fbrowserslist-config 601ms (cache miss)
npm http fetch GET 200 https://npm.cloudsmith.io/vlt/benchmarks/eslint-plugin-eslint-comments 285ms (cache miss)
npm http fetch GET 200 https://npm.cloudsmith.io/vlt/benchmarks/eslint-plugin-i18n-text 287ms (cache miss)
npm http fetch GET 200 https://npm.cloudsmith.io/vlt/benchmarks/eslint-plugin-jsx-a11y 377ms (cache miss)
npm http fetch GET 200 https://npm.cloudsmith.io/vlt/benchmarks/eslint-plugin-prettier 48ms (cache updated)
npm http fetch GET 200 https://npm.cloudsmith.io/vlt/benchmarks/eslint-plugin-filenames 735ms (cache miss)
npm http fetch GET 200 https://npm.cloudsmith.io/vlt/benchmarks/globals 13ms (cache updated)
npm http fetch GET 200 https://npm.cloudsmith.io/vlt/benchmarks/eslint-plugin-no-only-tests 494ms (cache miss)
npm http fetch GET 200 https://npm.cloudsmith.io/vlt/benchmarks/prettier 53ms (cache updated)
npm http fetch GET 200 https://npm.cloudsmith.io/vlt/benchmarks/eslint-rule-documentation 371ms (cache miss)
npm http fetch GET 200 https://npm.cloudsmith.io/vlt/benchmarks/typescript 95ms (cache updated)
npm http fetch GET 200 https://npm.cloudsmith.io/vlt/benchmarks/svg-element-attributes 280ms (cache miss)
npm http fetch GET 200 https://npm.cloudsmith.io/vlt/benchmarks/jsx-ast-utils 461ms (cache miss)
npm http fetch GET 200 https://npm.cloudsmith.io/vlt/benchmarks/@rtsao%2fscc 300ms (cache miss)
npm http fetch GET 200 https://npm.cloudsmith.io/vlt/benchmarks/array-includes 320ms (cache miss)
npm http fetch GET 200 https://npm.cloudsmith.io/vlt/benchmarks/array.prototype.flat 288ms (cache miss)
npm http fetch GET 200 https://npm.cloudsmith.io/vlt/benchmarks/array.prototype.findlastindex 342ms (cache miss)
npm http fetch GET 200 https://npm.cloudsmith.io/vlt/benchmarks/debug 12ms (cache updated)
npm http fetch GET 200 https://npm.cloudsmith.io/vlt/benchmarks/doctrine 290ms (cache miss)
npm http fetch GET 200 https://npm.cloudsmith.io/vlt/benchmarks/eslint-import-resolver-node 407ms (cache miss)
npm http fetch GET 200 https://npm.cloudsmith.io/vlt/benchmarks/typescript-eslint 1510ms (cache miss)
npm http fetch GET 200 https://npm.cloudsmith.io/vlt/benchmarks/hasown 366ms (cache miss)
npm http fetch GET 200 https://npm.cloudsmith.io/vlt/benchmarks/array.prototype.flatmap 1258ms (cache miss)
npm http fetch GET 200 https://npm.cloudsmith.io/vlt/benchmarks/is-glob 12ms (cache updated)
npm http fetch GET 200 https://npm.cloudsmith.io/vlt/benchmarks/minimatch 37ms (cache updated)
npm http fetch GET 200 https://npm.cloudsmith.io/vlt/benchmarks/eslint-module-utils 738ms (cache miss)
npm http fetch GET 200 https://npm.cloudsmith.io/vlt/benchmarks/is-core-module 293ms (cache miss)
npm http fetch GET 200 https://npm.cloudsmith.io/vlt/benchmarks/object.fromentries 292ms (cache miss)
npm http fetch GET 200 https://npm.cloudsmith.io/vlt/benchmarks/object.groupby 288ms (cache miss)
npm http fetch GET 200 https://npm.cloudsmith.io/vlt/benchmarks/object.values 293ms (cache miss)
npm http fetch GET 200 https://npm.cloudsmith.io/vlt/benchmarks/semver 322ms (cache miss)
npm http fetch GET 200 https://npm.cloudsmith.io/vlt/benchmarks/@typescript-eslint%2futils 75ms (cache updated)
npm http fetch GET 200 https://npm.cloudsmith.io/vlt/benchmarks/string.prototype.trimend 300ms (cache miss)
npm http fetch GET 200 https://npm.cloudsmith.io/vlt/benchmarks/tsconfig-paths 310ms (cache miss)
npm http fetch GET 200 https://npm.cloudsmith.io/vlt/benchmarks/@es-joy%2fjsdoccomment 346ms (cache miss)
npm http fetch GET 200 https://npm.cloudsmith.io/vlt/benchmarks/debug 14ms (cache updated)
npm http fetch GET 200 https://npm.cloudsmith.io/vlt/benchmarks/espree 12ms (cache updated)
npm http fetch GET 200 https://npm.cloudsmith.io/vlt/benchmarks/comment-parser 315ms (cache miss)
npm http fetch GET 200 https://npm.cloudsmith.io/vlt/benchmarks/esquery 243ms (cache updated)
npm http fetch GET 200 https://npm.cloudsmith.io/vlt/benchmarks/semver 13ms (cache updated)
npm http fetch GET 200 https://npm.cloudsmith.io/vlt/benchmarks/parse-imports-exports 289ms (cache miss)
npm http fetch GET 200 https://npm.cloudsmith.io/vlt/benchmarks/are-docs-informative 765ms (cache miss)
npm http fetch GET 200 https://npm.cloudsmith.io/vlt/benchmarks/spdx-expression-parse 297ms (cache miss)
npm http fetch GET 200 https://npm.cloudsmith.io/vlt/benchmarks/@typescript-eslint%2futils 70ms (cache updated)
npm http fetch GET 200 https://npm.cloudsmith.io/vlt/benchmarks/prettier-linter-helpers 356ms (cache miss)
npm http fetch GET 200 https://npm.cloudsmith.io/vlt/benchmarks/synckit 310ms (cache miss)
npm http fetch GET 200 https://npm.cloudsmith.io/vlt/benchmarks/@microsoft%2ftsdoc-config 291ms (cache miss)
npm http fetch GET 200 https://npm.cloudsmith.io/vlt/benchmarks/@microsoft%2ftsdoc 320ms (cache miss)
npm http fetch GET 200 https://npm.cloudsmith.io/vlt/benchmarks/graceful-fs 306ms (cache miss)
npm http fetch GET 200 https://npm.cloudsmith.io/vlt/benchmarks/universalify 290ms (cache miss)
npm http fetch GET 200 https://npm.cloudsmith.io/vlt/benchmarks/jsonfile 340ms (cache miss)
npm http fetch GET 200 https://npm.cloudsmith.io/vlt/benchmarks/minimatch 14ms (cache updated)
npm http fetch GET 200 https://npm.cloudsmith.io/vlt/benchmarks/foreground-child 309ms (cache miss)
npm http fetch GET 200 https://npm.cloudsmith.io/vlt/benchmarks/jackspeak 310ms (cache miss)
npm http fetch GET 200 https://npm.cloudsmith.io/vlt/benchmarks/package-json-from-dist 296ms (cache miss)
npm http fetch GET 200 https://npm.cloudsmith.io/vlt/benchmarks/minipass 311ms (cache miss)
npm http fetch GET 200 https://npm.cloudsmith.io/vlt/benchmarks/@jest%2ftypes 15ms (cache updated)
npm http fetch GET 200 https://npm.cloudsmith.io/vlt/benchmarks/path-scurry 292ms (cache miss)
npm http fetch GET 200 https://npm.cloudsmith.io/vlt/benchmarks/import-local 277ms (cache miss)
npm http fetch GET 200 https://npm.cloudsmith.io/vlt/benchmarks/@jest%2fcore 358ms (cache miss)
npm http fetch GET 200 https://npm.cloudsmith.io/vlt/benchmarks/@jest%2fenvironment-jsdom-abstract 310ms (cache miss)
npm http fetch GET 200 https://npm.cloudsmith.io/vlt/benchmarks/jest-cli 405ms (cache miss)
npm http fetch GET 200 https://npm.cloudsmith.io/vlt/benchmarks/@jest%2fenvironment 470ms (cache miss)
npm http fetch GET 200 https://npm.cloudsmith.io/vlt/benchmarks/mkdirp 297ms (cache miss)
npm http fetch GET 200 https://npm.cloudsmith.io/vlt/benchmarks/@types%2fjsdom 420ms (cache miss)
npm http fetch GET 200 https://npm.cloudsmith.io/vlt/benchmarks/jsdom 439ms (cache miss)
npm http fetch GET 200 https://npm.cloudsmith.io/vlt/benchmarks/strip-ansi 287ms (cache miss)
npm http fetch GET 200 https://npm.cloudsmith.io/vlt/benchmarks/xml 295ms (cache miss)
npm http fetch GET 200 https://npm.cloudsmith.io/vlt/benchmarks/uuid 336ms (cache miss)
npm http fetch GET 200 https://npm.cloudsmith.io/vlt/benchmarks/schema-utils 299ms (cache miss)
npm http fetch GET 200 https://npm.cloudsmith.io/vlt/benchmarks/@types%2festree 242ms (cache updated)
npm http fetch GET 200 https://npm.cloudsmith.io/vlt/benchmarks/@types%2fjson-schema 419ms (cache miss)
npm http fetch GET 200 https://npm.cloudsmith.io/vlt/benchmarks/@webassemblyjs%2fast 294ms (cache miss)
npm http fetch GET 200 https://npm.cloudsmith.io/vlt/benchmarks/@webassemblyjs%2fwasm-edit 361ms (cache miss)
npm http fetch GET 200 https://npm.cloudsmith.io/vlt/benchmarks/@webassemblyjs%2fwasm-parser 316ms (cache miss)
npm http fetch GET 200 https://npm.cloudsmith.io/vlt/benchmarks/browserslist 340ms (cache miss)
npm http fetch GET 200 https://npm.cloudsmith.io/vlt/benchmarks/chrome-trace-event 317ms (cache miss)
npm http fetch GET 200 https://npm.cloudsmith.io/vlt/benchmarks/enhanced-resolve 325ms (cache miss)
npm http fetch GET 200 https://npm.cloudsmith.io/vlt/benchmarks/graceful-fs 36ms (cache updated)
npm http fetch GET 200 https://npm.cloudsmith.io/vlt/benchmarks/es-module-lexer 299ms (cache miss)
npm http fetch GET 200 https://npm.cloudsmith.io/vlt/benchmarks/events 271ms (cache miss)
npm http fetch GET 200 https://npm.cloudsmith.io/vlt/benchmarks/schema-utils 33ms (cache updated)
npm http fetch GET 200 https://npm.cloudsmith.io/vlt/benchmarks/mime-db 309ms (cache miss)
npm http fetch GET 200 https://npm.cloudsmith.io/vlt/benchmarks/minimizer-webpack-plugin 312ms (cache miss)
npm http fetch GET 200 https://npm.cloudsmith.io/vlt/benchmarks/tapable 336ms (cache miss)
npm http fetch GET 200 https://npm.cloudsmith.io/vlt/benchmarks/watchpack 314ms (cache miss)
npm http fetch GET 200 https://npm.cloudsmith.io/vlt/benchmarks/webpack-sources 313ms (cache miss)
npm http fetch GET 200 https://npm.cloudsmith.io/vlt/benchmarks/@emnapi%2fcore 293ms (cache miss)
npm http fetch GET 200 https://npm.cloudsmith.io/vlt/benchmarks/@emnapi%2fruntime 315ms (cache miss)
npm http fetch GET 200 https://npm.cloudsmith.io/vlt/benchmarks/@emnapi%2fwasi-threads 319ms (cache miss)
npm http fetch GET 200 https://npm.cloudsmith.io/vlt/benchmarks/@jest%2fdiff-sequences 315ms (cache miss)
npm http fetch GET 200 https://npm.cloudsmith.io/vlt/benchmarks/@napi-rs%2fwasm-runtime 350ms (cache miss)
npm http fetch GET 200 https://npm.cloudsmith.io/vlt/benchmarks/@tybys%2fwasm-util 331ms (cache miss)
npm http fetch GET 200 https://npm.cloudsmith.io/vlt/benchmarks/@yarnpkg%2flockfile 339ms (cache miss)
npm http fetch GET 200 https://npm.cloudsmith.io/vlt/benchmarks/@zkochan%2fjs-yaml 280ms (cache miss)
npm http fetch GET 200 https://npm.cloudsmith.io/vlt/benchmarks/agent-base 282ms (cache miss)
npm http fetch GET 200 https://npm.cloudsmith.io/vlt/benchmarks/ansi-colors 284ms (cache miss)
npm http fetch GET 200 https://npm.cloudsmith.io/vlt/benchmarks/ansi-styles 278ms (cache miss)
npm http fetch GET 200 https://npm.cloudsmith.io/vlt/benchmarks/argparse 287ms (cache miss)
npm http fetch GET 200 https://npm.cloudsmith.io/vlt/benchmarks/ansi-regex 446ms (cache miss)
npm http fetch GET 200 https://npm.cloudsmith.io/vlt/benchmarks/asynckit 298ms (cache miss)
npm http fetch GET 200 https://npm.cloudsmith.io/vlt/benchmarks/balanced-match 276ms (cache miss)
npm http fetch GET 200 https://npm.cloudsmith.io/vlt/benchmarks/axios 353ms (cache miss)
npm http fetch GET 200 https://npm.cloudsmith.io/vlt/benchmarks/base64-js 314ms (cache miss)
npm http fetch GET 200 https://npm.cloudsmith.io/vlt/benchmarks/bl 329ms (cache miss)
npm http fetch GET 200 https://npm.cloudsmith.io/vlt/benchmarks/brace-expansion 336ms (cache miss)
npm http fetch GET 200 https://npm.cloudsmith.io/vlt/benchmarks/chalk 13ms (cache updated)
npm http fetch GET 200 https://npm.cloudsmith.io/vlt/benchmarks/buffer 350ms (cache miss)
npm http fetch GET 200 https://npm.cloudsmith.io/vlt/benchmarks/call-bind-apply-helpers 306ms (cache miss)
npm http fetch GET 200 https://npm.cloudsmith.io/vlt/benchmarks/cli-cursor 293ms (cache miss)
npm http fetch GET 200 https://npm.cloudsmith.io/vlt/benchmarks/cli-spinners 316ms (cache miss)
npm http fetch GET 200 https://npm.cloudsmith.io/vlt/benchmarks/cliui 329ms (cache miss)
npm http fetch GET 200 https://npm.cloudsmith.io/vlt/benchmarks/clone 317ms (cache miss)
npm http fetch GET 200 https://npm.cloudsmith.io/vlt/benchmarks/color-convert 319ms (cache miss)
npm http fetch GET 200 https://npm.cloudsmith.io/vlt/benchmarks/debug 13ms (cache updated)
npm http fetch GET 200 https://npm.cloudsmith.io/vlt/benchmarks/color-name 272ms (cache miss)
npm http fetch GET 200 https://npm.cloudsmith.io/vlt/benchmarks/combined-stream 277ms (cache miss)
npm http fetch GET 200 https://npm.cloudsmith.io/vlt/benchmarks/defaults 281ms (cache miss)
npm http fetch GET 200 https://npm.cloudsmith.io/vlt/benchmarks/define-lazy-prop 298ms (cache miss)
npm http fetch GET 200 https://npm.cloudsmith.io/vlt/benchmarks/delayed-stream 281ms (cache miss)
npm http fetch GET 200 https://npm.cloudsmith.io/vlt/benchmarks/dotenv 263ms (cache updated)
npm http fetch GET 200 https://npm.cloudsmith.io/vlt/benchmarks/dotenv-expand 289ms (cache miss)
npm http fetch GET 200 https://npm.cloudsmith.io/vlt/benchmarks/dunder-proto 306ms (cache miss)
npm http fetch GET 200 https://npm.cloudsmith.io/vlt/benchmarks/ejs 330ms (cache miss)
npm http fetch GET 200 https://npm.cloudsmith.io/vlt/benchmarks/emoji-regex 304ms (cache miss)
npm http fetch GET 200 https://npm.cloudsmith.io/vlt/benchmarks/end-of-stream 371ms (cache miss)
npm http fetch GET 200 https://npm.cloudsmith.io/vlt/benchmarks/es-define-property 298ms (cache miss)
npm http fetch GET 200 https://npm.cloudsmith.io/vlt/benchmarks/enquirer 340ms (cache miss)
npm http fetch GET 200 https://npm.cloudsmith.io/vlt/benchmarks/es-errors 284ms (cache miss)
npm http fetch GET 200 https://npm.cloudsmith.io/vlt/benchmarks/es-object-atoms 302ms (cache miss)
npm http fetch GET 200 https://npm.cloudsmith.io/vlt/benchmarks/es-set-tostringtag 297ms (cache miss)
npm http fetch GET 200 https://npm.cloudsmith.io/vlt/benchmarks/escape-string-regexp 37ms (cache updated)
npm http fetch GET 200 https://npm.cloudsmith.io/vlt/benchmarks/escalade 282ms (cache miss)
npm http fetch GET 200 https://npm.cloudsmith.io/vlt/benchmarks/figures 307ms (cache miss)
npm http fetch GET 200 https://npm.cloudsmith.io/vlt/benchmarks/flat 290ms (cache miss)
npm http fetch GET 200 https://npm.cloudsmith.io/vlt/benchmarks/follow-redirects 371ms (cache miss)
npm http fetch GET 200 https://npm.cloudsmith.io/vlt/benchmarks/form-data 296ms (cache miss)
npm http fetch GET 200 https://npm.cloudsmith.io/vlt/benchmarks/fs-constants 375ms (cache miss)
npm http fetch GET 200 https://npm.cloudsmith.io/vlt/benchmarks/function-bind 278ms (cache miss)
npm http fetch GET 200 https://npm.cloudsmith.io/vlt/benchmarks/get-caller-file 272ms (cache miss)
npm http fetch GET 200 https://npm.cloudsmith.io/vlt/benchmarks/get-proto 312ms (cache miss)
npm http fetch GET 200 https://npm.cloudsmith.io/vlt/benchmarks/gopd 314ms (cache miss)
npm http fetch GET 200 https://npm.cloudsmith.io/vlt/benchmarks/has-flag 296ms (cache miss)
npm http fetch GET 200 https://npm.cloudsmith.io/vlt/benchmarks/has-symbols 280ms (cache miss)
npm http fetch GET 200 https://npm.cloudsmith.io/vlt/benchmarks/get-intrinsic 781ms (cache miss)
npm http fetch GET 200 https://npm.cloudsmith.io/vlt/benchmarks/hasown 37ms (cache updated)
npm http fetch GET 200 https://npm.cloudsmith.io/vlt/benchmarks/has-tostringtag 280ms (cache miss)
npm http fetch GET 200 https://npm.cloudsmith.io/vlt/benchmarks/ignore 14ms (cache updated)
npm http fetch GET 200 https://npm.cloudsmith.io/vlt/benchmarks/https-proxy-agent 332ms (cache miss)
npm http fetch GET 200 https://npm.cloudsmith.io/vlt/benchmarks/ieee754 311ms (cache miss)
npm http fetch GET 200 https://npm.cloudsmith.io/vlt/benchmarks/inherits 313ms (cache miss)
npm http fetch GET 200 https://npm.cloudsmith.io/vlt/benchmarks/is-docker 305ms (cache miss)
npm http fetch GET 200 https://npm.cloudsmith.io/vlt/benchmarks/is-fullwidth-code-point 300ms (cache miss)
npm http fetch GET 200 https://npm.cloudsmith.io/vlt/benchmarks/is-interactive 314ms (cache miss)
npm http fetch GET 200 https://npm.cloudsmith.io/vlt/benchmarks/is-unicode-supported 299ms (cache miss)
npm http fetch GET 200 https://npm.cloudsmith.io/vlt/benchmarks/is-wsl 304ms (cache miss)
npm http fetch GET 200 https://npm.cloudsmith.io/vlt/benchmarks/json5 324ms (cache miss)
npm http fetch GET 200 https://npm.cloudsmith.io/vlt/benchmarks/jsonc-parser 303ms (cache miss)
npm http fetch GET 200 https://npm.cloudsmith.io/vlt/benchmarks/lines-and-columns 320ms (cache miss)
npm http fetch GET 200 https://npm.cloudsmith.io/vlt/benchmarks/mime-db 35ms (cache updated)
npm http fetch GET 200 https://npm.cloudsmith.io/vlt/benchmarks/log-symbols 332ms (cache miss)
npm http fetch GET 200 https://npm.cloudsmith.io/vlt/benchmarks/math-intrinsics 272ms (cache miss)
npm http fetch GET 200 https://npm.cloudsmith.io/vlt/benchmarks/minimatch 15ms (cache updated)
npm http fetch GET 200 https://npm.cloudsmith.io/vlt/benchmarks/mime-types 283ms (cache miss)
npm http fetch GET 200 https://npm.cloudsmith.io/vlt/benchmarks/mimic-fn 275ms (cache miss)
npm http fetch GET 200 https://npm.cloudsmith.io/vlt/benchmarks/minimist 302ms (cache miss)
npm http fetch GET 200 https://npm.cloudsmith.io/vlt/benchmarks/ms 282ms (cache miss)
npm http fetch GET 200 https://npm.cloudsmith.io/vlt/benchmarks/npm-run-path 317ms (cache miss)
npm http fetch GET 200 https://npm.cloudsmith.io/vlt/benchmarks/once 311ms (cache miss)
npm http fetch GET 200 https://npm.cloudsmith.io/vlt/benchmarks/onetime 308ms (cache miss)
npm http fetch GET 200 https://npm.cloudsmith.io/vlt/benchmarks/open 318ms (cache miss)
npm http fetch GET 200 https://npm.cloudsmith.io/vlt/benchmarks/ora 302ms (cache miss)
npm http fetch GET 200 https://npm.cloudsmith.io/vlt/benchmarks/path-key 271ms (cache miss)
npm http fetch GET 200 https://npm.cloudsmith.io/vlt/benchmarks/picocolors 304ms (cache miss)
npm http fetch GET 200 https://npm.cloudsmith.io/vlt/benchmarks/proxy-from-env 273ms (cache miss)
npm http fetch GET 200 https://npm.cloudsmith.io/vlt/benchmarks/readable-stream 317ms (cache miss)
npm http fetch GET 200 https://npm.cloudsmith.io/vlt/benchmarks/require-directory 306ms (cache miss)
npm http fetch GET 200 https://npm.cloudsmith.io/vlt/benchmarks/resolve.exports 303ms (cache miss)
npm http fetch GET 200 https://npm.cloudsmith.io/vlt/benchmarks/semver 33ms (cache updated)
npm http fetch GET 200 https://npm.cloudsmith.io/vlt/benchmarks/restore-cursor 299ms (cache miss)
npm http fetch GET 200 https://npm.cloudsmith.io/vlt/benchmarks/safe-buffer 306ms (cache miss)
npm http fetch GET 200 https://npm.cloudsmith.io/vlt/benchmarks/signal-exit 311ms (cache miss)
npm http fetch GET 200 https://npm.cloudsmith.io/vlt/benchmarks/smol-toml 304ms (cache miss)
npm http fetch GET 200 https://npm.cloudsmith.io/vlt/benchmarks/strip-ansi 13ms (cache updated)
npm http fetch GET 200 https://npm.cloudsmith.io/vlt/benchmarks/string-width 283ms (cache miss)
npm http fetch GET 200 https://npm.cloudsmith.io/vlt/benchmarks/supports-color 13ms (cache updated)
npm http fetch GET 200 https://npm.cloudsmith.io/vlt/benchmarks/string_decoder 315ms (cache miss)
npm http fetch GET 200 https://npm.cloudsmith.io/vlt/benchmarks/strip-bom 306ms (cache miss)
npm http fetch GET 200 https://npm.cloudsmith.io/vlt/benchmarks/tar-stream 312ms (cache miss)
npm http fetch GET 200 https://npm.cloudsmith.io/vlt/benchmarks/tsconfig-paths 35ms (cache updated)
npm http fetch GET 200 https://npm.cloudsmith.io/vlt/benchmarks/tmp 296ms (cache miss)
npm http fetch GET 200 https://npm.cloudsmith.io/vlt/benchmarks/tree-kill 349ms (cache miss)
npm http fetch GET 200 https://npm.cloudsmith.io/vlt/benchmarks/tslib 253ms (cache updated)
npm http fetch GET 200 https://npm.cloudsmith.io/vlt/benchmarks/util-deprecate 298ms (cache miss)
npm http fetch GET 200 https://npm.cloudsmith.io/vlt/benchmarks/wcwidth 281ms (cache miss)
npm http fetch GET 200 https://npm.cloudsmith.io/vlt/benchmarks/wrap-ansi 373ms (cache miss)
npm http fetch GET 200 https://npm.cloudsmith.io/vlt/benchmarks/wrappy 292ms (cache miss)
npm http fetch GET 200 https://npm.cloudsmith.io/vlt/benchmarks/y18n 301ms (cache miss)
npm http fetch GET 200 https://npm.cloudsmith.io/vlt/benchmarks/yaml 311ms (cache miss)
npm http fetch GET 200 https://npm.cloudsmith.io/vlt/benchmarks/yargs 394ms (cache miss)
npm http fetch GET 200 https://npm.cloudsmith.io/vlt/benchmarks/yargs-parser 353ms (cache miss)
npm http fetch GET 200 https://npm.cloudsmith.io/vlt/benchmarks/@nx%2fnx-darwin-arm64 760ms (cache miss)
npm http fetch GET 200 https://npm.cloudsmith.io/vlt/benchmarks/@nx%2fnx-freebsd-x64 733ms (cache miss)
npm http fetch GET 200 https://npm.cloudsmith.io/vlt/benchmarks/@nx%2fnx-darwin-x64 918ms (cache miss)
npm http fetch GET 200 https://npm.cloudsmith.io/vlt/benchmarks/@nx%2fnx-linux-arm-gnueabihf 768ms (cache miss)
npm http fetch GET 200 https://npm.cloudsmith.io/vlt/benchmarks/@nx%2fnx-linux-arm64-musl 748ms (cache miss)
npm http fetch GET 200 https://npm.cloudsmith.io/vlt/benchmarks/@nx%2fnx-linux-arm64-gnu 945ms (cache miss)
npm http fetch GET 200 https://npm.cloudsmith.io/vlt/benchmarks/@nx%2fnx-linux-x64-gnu 783ms (cache miss)
npm http fetch GET 200 https://npm.cloudsmith.io/vlt/benchmarks/@nx%2fnx-linux-x64-musl 733ms (cache miss)
npm http fetch GET 200 https://npm.cloudsmith.io/vlt/benchmarks/@nx%2fnx-win32-arm64-msvc 920ms (cache miss)
npm http fetch GET 200 https://npm.cloudsmith.io/vlt/benchmarks/glob 241ms (cache updated)
npm http fetch GET 200 https://npm.cloudsmith.io/vlt/benchmarks/bs-logger 290ms (cache miss)
npm http fetch GET 200 https://npm.cloudsmith.io/vlt/benchmarks/@nx%2fnx-win32-x64-msvc 720ms (cache miss)
npm http fetch GET 200 https://npm.cloudsmith.io/vlt/benchmarks/json5 14ms (cache updated)
npm http fetch GET 200 https://npm.cloudsmith.io/vlt/benchmarks/fast-json-stable-stringify 309ms (cache miss)
npm http fetch GET 200 https://npm.cloudsmith.io/vlt/benchmarks/lodash.memoize 300ms (cache miss)
npm http fetch GET 200 https://npm.cloudsmith.io/vlt/benchmarks/semver 27ms (cache updated)
npm http fetch GET 200 https://npm.cloudsmith.io/vlt/benchmarks/make-error 316ms (cache miss)
npm http fetch GET 200 https://npm.cloudsmith.io/vlt/benchmarks/jest-util 373ms (cache miss)
npm http fetch GET 200 https://npm.cloudsmith.io/vlt/benchmarks/yargs-parser 39ms (cache updated)
npm http fetch GET 200 https://npm.cloudsmith.io/vlt/benchmarks/@cspotcode%2fsource-map-support 282ms (cache miss)
npm http fetch GET 200 https://npm.cloudsmith.io/vlt/benchmarks/@tsconfig%2fnode10 291ms (cache miss)
npm http fetch GET 200 https://npm.cloudsmith.io/vlt/benchmarks/@tsconfig%2fnode12 297ms (cache miss)
npm http fetch GET 200 https://npm.cloudsmith.io/vlt/benchmarks/acorn 13ms (cache updated)
npm http fetch GET 200 https://npm.cloudsmith.io/vlt/benchmarks/@tsconfig%2fnode14 305ms (cache miss)
npm http fetch GET 200 https://npm.cloudsmith.io/vlt/benchmarks/@tsconfig%2fnode16 295ms (cache miss)
npm http fetch GET 200 https://npm.cloudsmith.io/vlt/benchmarks/acorn-walk 291ms (cache miss)
npm http fetch GET 200 https://npm.cloudsmith.io/vlt/benchmarks/create-require 289ms (cache miss)
npm http fetch GET 200 https://npm.cloudsmith.io/vlt/benchmarks/make-error 35ms (cache updated)
npm http fetch GET 200 https://npm.cloudsmith.io/vlt/benchmarks/arg 351ms (cache miss)
npm http fetch GET 200 https://npm.cloudsmith.io/vlt/benchmarks/diff 317ms (cache miss)
npm http fetch GET 200 https://npm.cloudsmith.io/vlt/benchmarks/v8-compile-cache-lib 301ms (cache miss)
npm http fetch GET 200 https://npm.cloudsmith.io/vlt/benchmarks/chalk 14ms (cache updated)
npm http fetch GET 200 https://npm.cloudsmith.io/vlt/benchmarks/undici-types 343ms (cache miss)
npm http fetch GET 200 https://npm.cloudsmith.io/vlt/benchmarks/minimist 12ms (cache updated)
npm http fetch GET 200 https://npm.cloudsmith.io/vlt/benchmarks/yn 422ms (cache miss)
npm http fetch GET 200 https://npm.cloudsmith.io/vlt/benchmarks/semver 26ms (cache updated)
npm http fetch GET 200 https://npm.cloudsmith.io/vlt/benchmarks/global-prefix 304ms (cache miss)
npm http fetch GET 200 https://npm.cloudsmith.io/vlt/benchmarks/@gerrit0%2fmini-shiki 345ms (cache miss)
npm http fetch GET 200 https://npm.cloudsmith.io/vlt/benchmarks/resolve 437ms (cache miss)
npm http fetch GET 200 https://npm.cloudsmith.io/vlt/benchmarks/minimatch 14ms (cache updated)
npm http fetch GET 200 https://npm.cloudsmith.io/vlt/benchmarks/yaml 38ms (cache updated)
npm http fetch GET 200 https://npm.cloudsmith.io/vlt/benchmarks/markdown-it 327ms (cache miss)
npm http fetch GET 200 https://npm.cloudsmith.io/vlt/benchmarks/lunr 558ms (cache miss)
npm http fetch GET 200 https://npm.cloudsmith.io/vlt/benchmarks/@discoveryjs%2fjson-ext 292ms (cache miss)
npm http fetch GET 200 https://npm.cloudsmith.io/vlt/benchmarks/@webpack-cli%2fconfigtest 300ms (cache miss)
npm http fetch GET 200 https://npm.cloudsmith.io/vlt/benchmarks/@webpack-cli%2fserve 292ms (cache miss)
npm http fetch GET 200 https://npm.cloudsmith.io/vlt/benchmarks/commander 15ms (cache updated)
npm http fetch GET 200 https://npm.cloudsmith.io/vlt/benchmarks/@webpack-cli%2finfo 340ms (cache miss)
npm http fetch GET 200 https://npm.cloudsmith.io/vlt/benchmarks/colorette 296ms (cache miss)
npm http fetch GET 200 https://npm.cloudsmith.io/vlt/benchmarks/cross-spawn 278ms (cache updated)
npm http fetch GET 200 https://npm.cloudsmith.io/vlt/benchmarks/envinfo 313ms (cache miss)
npm http fetch GET 200 https://npm.cloudsmith.io/vlt/benchmarks/fastest-levenshtein 329ms (cache miss)
npm http fetch GET 200 https://npm.cloudsmith.io/vlt/benchmarks/interpret 312ms (cache miss)
npm http fetch GET 200 https://npm.cloudsmith.io/vlt/benchmarks/rechoir 289ms (cache miss)
npm http fetch GET 200 https://npm.cloudsmith.io/vlt/benchmarks/webpack-merge 450ms (cache miss)
npm http fetch GET 200 https://npm.cloudsmith.io/vlt/benchmarks/axios 18ms (cache updated)
npm http fetch GET 200 https://npm.cloudsmith.io/vlt/benchmarks/@yarnpkg%2flockfile 41ms (cache updated)
npm http fetch GET 200 https://npm.cloudsmith.io/vlt/benchmarks/cliui 12ms (cache updated)
npm http fetch GET 200 https://npm.cloudsmith.io/vlt/benchmarks/dotenv 13ms (cache updated)
npm http fetch GET 200 https://npm.cloudsmith.io/vlt/benchmarks/dotenv-expand 36ms (cache updated)
npm http fetch GET 200 https://npm.cloudsmith.io/vlt/benchmarks/enquirer 14ms (cache updated)
npm http fetch GET 200 https://npm.cloudsmith.io/vlt/benchmarks/flat 35ms (cache updated)
npm http fetch GET 200 https://npm.cloudsmith.io/vlt/benchmarks/chalk 246ms (cache updated)
npm http fetch GET 200 https://npm.cloudsmith.io/vlt/benchmarks/@yarnpkg%2fparsers 394ms (cache miss)
npm http fetch GET 200 https://npm.cloudsmith.io/vlt/benchmarks/front-matter 311ms (cache miss)
npm http fetch GET 200 https://npm.cloudsmith.io/vlt/benchmarks/minimatch 15ms (cache updated)
npm http fetch GET 200 https://npm.cloudsmith.io/vlt/benchmarks/npm-run-path 13ms (cache updated)
npm http fetch GET 200 https://npm.cloudsmith.io/vlt/benchmarks/ignore 251ms (cache updated)
npm http fetch GET 200 https://npm.cloudsmith.io/vlt/benchmarks/string-width 13ms (cache updated)
npm http fetch GET 200 https://npm.cloudsmith.io/vlt/benchmarks/open 77ms (cache updated)
npm http fetch GET 200 https://npm.cloudsmith.io/vlt/benchmarks/tar-stream 12ms (cache updated)
npm http fetch GET 200 https://npm.cloudsmith.io/vlt/benchmarks/tmp 35ms (cache updated)
npm http fetch GET 200 https://npm.cloudsmith.io/vlt/benchmarks/tsconfig-paths 13ms (cache updated)
npm http fetch GET 200 https://npm.cloudsmith.io/vlt/benchmarks/yargs 17ms (cache updated)
npm http fetch GET 200 https://npm.cloudsmith.io/vlt/benchmarks/jest-diff 352ms (cache miss)
npm http fetch GET 200 https://npm.cloudsmith.io/vlt/benchmarks/@nx%2fnx-darwin-x64 67ms (cache updated)
npm http fetch GET 200 https://npm.cloudsmith.io/vlt/benchmarks/strong-log-transformer 309ms (cache miss)
npm http fetch GET 200 https://npm.cloudsmith.io/vlt/benchmarks/@nx%2fnx-darwin-arm64 45ms (cache updated)
npm http fetch GET 200 https://npm.cloudsmith.io/vlt/benchmarks/@nx%2fnx-linux-x64-gnu 75ms (cache updated)
npm http fetch GET 200 https://npm.cloudsmith.io/vlt/benchmarks/@nx%2fnx-linux-x64-musl 78ms (cache updated)
npm http fetch GET 200 https://npm.cloudsmith.io/vlt/benchmarks/@nx%2fnx-linux-arm64-gnu 36ms (cache updated)
npm http fetch GET 200 https://npm.cloudsmith.io/vlt/benchmarks/node-machine-id 391ms (cache miss)
npm http fetch GET 200 https://npm.cloudsmith.io/vlt/benchmarks/@nx%2fnx-linux-arm64-musl 45ms (cache updated)
npm http fetch GET 200 https://npm.cloudsmith.io/vlt/benchmarks/@nx%2fnx-linux-arm-gnueabihf 68ms (cache updated)
npm http fetch GET 200 https://npm.cloudsmith.io/vlt/benchmarks/@nx%2fnx-win32-arm64-msvc 71ms (cache updated)
npm http fetch GET 200 https://npm.cloudsmith.io/vlt/benchmarks/@nx%2fnx-freebsd-x64 64ms (cache updated)
npm http fetch GET 200 https://npm.cloudsmith.io/vlt/benchmarks/@nx%2fnx-win32-x64-msvc 588ms (cache updated)
npm http fetch GET 200 https://npm.cloudsmith.io/vlt/benchmarks/@nx%2fdevkit 1052ms (cache miss)
npm http fetch GET 200 https://npm.cloudsmith.io/vlt/benchmarks/ansi-styles 21ms (cache updated)
npm http fetch GET 200 https://npm.cloudsmith.io/vlt/benchmarks/ejs 46ms (cache updated)
npm http fetch GET 200 https://npm.cloudsmith.io/vlt/benchmarks/ansi-colors 37ms (cache updated)
npm http fetch GET 200 https://npm.cloudsmith.io/vlt/benchmarks/supports-color 269ms (cache updated)
npm http fetch GET 200 https://npm.cloudsmith.io/vlt/benchmarks/@nrwl%2fdevkit 733ms (cache miss)
npm http fetch GET 200 https://npm.cloudsmith.io/vlt/benchmarks/fsevents 251ms (cache updated)
npm http fetch GET 200 https://npm.cloudsmith.io/vlt/benchmarks/playwright-core 2785ms (cache miss)
npm http fetch GET 200 https://npm.cloudsmith.io/vlt/benchmarks/jest-diff 47ms (cache updated)
npm http fetch GET 200 https://npm.cloudsmith.io/vlt/benchmarks/ansi-regex 34ms (cache updated)
npm http fetch GET 200 https://npm.cloudsmith.io/vlt/benchmarks/ansi-styles 13ms (cache updated)
npm http fetch GET 200 https://npm.cloudsmith.io/vlt/benchmarks/pretty-format 265ms (cache updated)
npm http fetch GET 200 https://npm.cloudsmith.io/vlt/benchmarks/jest-get-type 318ms (cache miss)
npm http fetch GET 200 https://npm.cloudsmith.io/vlt/benchmarks/react-is 1044ms (cache miss)
npm http fetch GET 200 https://npm.cloudsmith.io/vlt/benchmarks/@types%2fistanbul-reports 329ms (cache miss)
npm http fetch GET 200 https://npm.cloudsmith.io/vlt/benchmarks/@jest%2fenvironment 36ms (cache updated)
npm http fetch GET 200 https://npm.cloudsmith.io/vlt/benchmarks/@types%2fistanbul-lib-coverage 454ms (cache miss)
npm http fetch GET 200 https://npm.cloudsmith.io/vlt/benchmarks/@types%2fyargs 455ms (cache miss)
npm http fetch GET 200 https://npm.cloudsmith.io/vlt/benchmarks/jest-util 15ms (cache updated)
npm http fetch GET 200 https://npm.cloudsmith.io/vlt/benchmarks/@jest%2ffake-timers 338ms (cache miss)
npm http fetch GET 200 https://npm.cloudsmith.io/vlt/benchmarks/jest-mock 354ms (cache miss)
npm http fetch GET 200 https://npm.cloudsmith.io/vlt/benchmarks/@types%2fyargs-parser 292ms (cache miss)
npm http fetch GET 200 https://npm.cloudsmith.io/vlt/benchmarks/@types%2fistanbul-lib-report 320ms (cache miss)
npm http fetch GET 200 https://npm.cloudsmith.io/vlt/benchmarks/eslint 256ms (cache updated)
npm http fetch GET 200 https://npm.cloudsmith.io/vlt/benchmarks/typescript 533ms (cache updated)
npm http fetch GET 200 https://npm.cloudsmith.io/vlt/benchmarks/@eslint-community%2feslint-utils 272ms (cache updated)
npm http fetch GET 200 https://npm.cloudsmith.io/vlt/benchmarks/eslint-visitor-keys 303ms (cache updated)
npm http fetch GET 200 https://npm.cloudsmith.io/vlt/benchmarks/minimatch 252ms (cache updated)
npm http fetch GET 200 https://npm.cloudsmith.io/vlt/benchmarks/@typescript-eslint%2ftsconfig-utils 473ms (cache miss)
npm http fetch GET 200 https://npm.cloudsmith.io/vlt/benchmarks/@typescript-eslint%2fproject-service 487ms (cache miss)
npm http fetch GET 200 https://npm.cloudsmith.io/vlt/benchmarks/ms 23ms (cache updated)
npm http fetch GET 200 https://npm.cloudsmith.io/vlt/benchmarks/semver 317ms (cache updated)
npm http fetch GET 200 https://npm.cloudsmith.io/vlt/benchmarks/tinyglobby 295ms (cache miss)
npm http fetch GET 200 https://npm.cloudsmith.io/vlt/benchmarks/brace-expansion 14ms (cache updated)
npm http fetch GET 200 https://npm.cloudsmith.io/vlt/benchmarks/@typescript-eslint%2ftsconfig-utils 292ms (cache updated)
npm http fetch GET 200 https://npm.cloudsmith.io/vlt/benchmarks/fdir 391ms (cache miss)
npm http fetch GET 200 https://npm.cloudsmith.io/vlt/benchmarks/picomatch 395ms (cache miss)
npm http fetch GET 200 https://npm.cloudsmith.io/vlt/benchmarks/eslint-visitor-keys 12ms (cache updated)
npm http fetch GET 200 https://npm.cloudsmith.io/vlt/benchmarks/punycode 324ms (cache miss)
npm http fetch GET 200 https://npm.cloudsmith.io/vlt/benchmarks/expand-template 312ms (cache miss)
npm http fetch GET 200 https://npm.cloudsmith.io/vlt/benchmarks/minimist 11ms (cache updated)
npm http fetch GET 200 https://npm.cloudsmith.io/vlt/benchmarks/detect-libc 329ms (cache miss)
npm http fetch GET 200 https://npm.cloudsmith.io/vlt/benchmarks/github-from-package 382ms (cache miss)
npm http fetch GET 200 https://npm.cloudsmith.io/vlt/benchmarks/mkdirp-classic 273ms (cache miss)
npm http fetch GET 200 https://npm.cloudsmith.io/vlt/benchmarks/napi-build-utils 285ms (cache miss)
npm http fetch GET 200 https://npm.cloudsmith.io/vlt/benchmarks/node-abi 324ms (cache miss)
npm http fetch GET 200 https://npm.cloudsmith.io/vlt/benchmarks/rc 283ms (cache miss)
npm http fetch GET 200 https://npm.cloudsmith.io/vlt/benchmarks/pump 318ms (cache miss)
npm http fetch GET 200 https://npm.cloudsmith.io/vlt/benchmarks/simple-get 292ms (cache miss)
npm http fetch GET 200 https://npm.cloudsmith.io/vlt/benchmarks/tar-fs 286ms (cache miss)
npm http fetch GET 200 https://npm.cloudsmith.io/vlt/benchmarks/tunnel-agent 283ms (cache miss)
npm http fetch GET 200 https://npm.cloudsmith.io/vlt/benchmarks/has-flag 12ms (cache updated)
npm http fetch GET 200 https://npm.cloudsmith.io/vlt/benchmarks/color-convert 14ms (cache updated)
npm http fetch GET 200 https://npm.cloudsmith.io/vlt/benchmarks/color-name 11ms (cache updated)
npm http fetch GET 200 https://npm.cloudsmith.io/vlt/benchmarks/picomatch 38ms (cache updated)
npm http fetch GET 200 https://npm.cloudsmith.io/vlt/benchmarks/normalize-path 246ms (cache updated)
npm http fetch GET 200 https://npm.cloudsmith.io/vlt/benchmarks/is-glob 258ms (cache updated)
npm http fetch GET 200 https://npm.cloudsmith.io/vlt/benchmarks/fill-range 305ms (cache miss)
npm http fetch GET 200 https://npm.cloudsmith.io/vlt/benchmarks/picomatch 13ms (cache updated)
npm http fetch GET 200 https://npm.cloudsmith.io/vlt/benchmarks/binary-extensions 320ms (cache miss)
npm http fetch GET 200 https://npm.cloudsmith.io/vlt/benchmarks/is-extglob 297ms (cache miss)
npm http fetch GET 200 https://npm.cloudsmith.io/vlt/benchmarks/to-regex-range 300ms (cache miss)
npm http fetch GET 200 https://npm.cloudsmith.io/vlt/benchmarks/@nodelib%2ffs.stat 285ms (cache miss)
npm http fetch GET 200 https://npm.cloudsmith.io/vlt/benchmarks/@nodelib%2ffs.walk 290ms (cache miss)
npm http fetch GET 200 https://npm.cloudsmith.io/vlt/benchmarks/merge2 320ms (cache miss)
npm http fetch GET 200 https://npm.cloudsmith.io/vlt/benchmarks/@dabh%2fdiagnostics 299ms (cache miss)
npm http fetch GET 200 https://npm.cloudsmith.io/vlt/benchmarks/micromatch 350ms (cache miss)
npm http fetch GET 200 https://npm.cloudsmith.io/vlt/benchmarks/async 321ms (cache miss)
npm http fetch GET 200 https://npm.cloudsmith.io/vlt/benchmarks/is-stream 294ms (cache miss)
npm http fetch GET 200 https://npm.cloudsmith.io/vlt/benchmarks/@colors%2fcolors 659ms (cache miss)
npm http fetch GET 200 https://npm.cloudsmith.io/vlt/benchmarks/readable-stream 13ms (cache updated)
npm http fetch GET 200 https://npm.cloudsmith.io/vlt/benchmarks/one-time 296ms (cache miss)
npm http fetch GET 200 https://npm.cloudsmith.io/vlt/benchmarks/logform 358ms (cache miss)
npm http fetch GET 200 https://npm.cloudsmith.io/vlt/benchmarks/safe-stable-stringify 323ms (cache miss)
npm http fetch GET 200 https://npm.cloudsmith.io/vlt/benchmarks/stack-trace 303ms (cache miss)
npm http fetch GET 200 https://npm.cloudsmith.io/vlt/benchmarks/triple-beam 294ms (cache miss)
npm http fetch GET 200 https://npm.cloudsmith.io/vlt/benchmarks/winston-transport 455ms (cache miss)
npm http fetch GET 200 https://npm.cloudsmith.io/vlt/benchmarks/espree 248ms (cache updated)
npm http fetch GET 200 https://npm.cloudsmith.io/vlt/benchmarks/globals 295ms (cache updated)
npm http fetch GET 200 https://npm.cloudsmith.io/vlt/benchmarks/@eslint%2fobject-schema 319ms (cache miss)
npm http fetch GET 200 https://npm.cloudsmith.io/vlt/benchmarks/import-fresh 320ms (cache miss)
npm http fetch GET 200 https://npm.cloudsmith.io/vlt/benchmarks/strip-json-comments 317ms (cache miss)
npm http fetch GET 200 https://npm.cloudsmith.io/vlt/benchmarks/js-yaml 347ms (cache miss)
npm http fetch GET 200 https://npm.cloudsmith.io/vlt/benchmarks/@humanwhocodes%2fretry 263ms (cache updated)
npm http fetch GET 200 https://npm.cloudsmith.io/vlt/benchmarks/levn 334ms (cache miss)
npm http fetch GET 200 https://npm.cloudsmith.io/vlt/benchmarks/fast-json-stable-stringify 11ms (cache updated)
npm http fetch GET 200 https://npm.cloudsmith.io/vlt/benchmarks/@humanfs%2fcore 392ms (cache miss)
npm http fetch GET 200 https://npm.cloudsmith.io/vlt/benchmarks/path-key 10ms (cache updated)
npm http fetch GET 200 https://npm.cloudsmith.io/vlt/benchmarks/json-schema-traverse 350ms (cache updated)
npm http fetch GET 200 https://npm.cloudsmith.io/vlt/benchmarks/@humanfs%2ftypes 450ms (cache miss)
npm http fetch GET 200 https://npm.cloudsmith.io/vlt/benchmarks/shebang-command 526ms (cache miss)
npm http fetch GET 200 https://npm.cloudsmith.io/vlt/benchmarks/esrecurse 332ms (cache miss)
npm http fetch GET 200 https://npm.cloudsmith.io/vlt/benchmarks/which 418ms (cache miss)
npm http fetch GET 200 https://npm.cloudsmith.io/vlt/benchmarks/estraverse 296ms (cache miss)
npm http fetch GET 200 https://npm.cloudsmith.io/vlt/benchmarks/estraverse 14ms (cache updated)
npm http fetch GET 200 https://npm.cloudsmith.io/vlt/benchmarks/acorn 255ms (cache updated)
npm http fetch GET 200 https://npm.cloudsmith.io/vlt/benchmarks/acorn-jsx 360ms (cache miss)
npm http fetch GET 200 https://npm.cloudsmith.io/vlt/benchmarks/flat-cache 361ms (cache miss)
npm http fetch GET 200 https://npm.cloudsmith.io/vlt/benchmarks/locate-path 316ms (cache miss)
npm http fetch GET 200 https://npm.cloudsmith.io/vlt/benchmarks/path-exists 380ms (cache miss)
npm http fetch GET 200 https://npm.cloudsmith.io/vlt/benchmarks/brace-expansion 241ms (cache updated)
npm http fetch GET 200 https://npm.cloudsmith.io/vlt/benchmarks/prelude-ls 408ms (cache miss)
npm http fetch GET 200 https://npm.cloudsmith.io/vlt/benchmarks/deep-is 334ms (cache miss)
npm http fetch GET 200 https://npm.cloudsmith.io/vlt/benchmarks/word-wrap 304ms (cache miss)
npm http fetch GET 200 https://npm.cloudsmith.io/vlt/benchmarks/type-check 294ms (cache miss)
npm http fetch GET 200 https://npm.cloudsmith.io/vlt/benchmarks/fast-levenshtein 289ms (cache miss)
npm http fetch GET 200 https://npm.cloudsmith.io/vlt/benchmarks/argparse 275ms (cache updated)
npm http fetch GET 200 https://npm.cloudsmith.io/vlt/benchmarks/resolve-from 306ms (cache miss)
npm http fetch GET 200 https://npm.cloudsmith.io/vlt/benchmarks/parent-module 445ms (cache miss)
npm http fetch GET 200 https://npm.cloudsmith.io/vlt/benchmarks/type-check 243ms (cache updated)
npm http fetch GET 200 https://npm.cloudsmith.io/vlt/benchmarks/shebang-regex 282ms (cache miss)
npm http fetch GET 200 https://npm.cloudsmith.io/vlt/benchmarks/isexe 340ms (cache miss)
npm http fetch GET 200 https://npm.cloudsmith.io/vlt/benchmarks/eslint 21ms (cache updated)
npm http fetch GET 200 https://npm.cloudsmith.io/vlt/benchmarks/eslint 38ms (cache updated)
npm http fetch GET 200 https://npm.cloudsmith.io/vlt/benchmarks/eslint-config-prettier 281ms (cache updated)
npm http fetch GET 200 https://npm.cloudsmith.io/vlt/benchmarks/@eslint%2fcore 249ms (cache updated)
npm http fetch GET 200 https://npm.cloudsmith.io/vlt/benchmarks/ignore 14ms (cache updated)
npm http fetch GET 200 https://npm.cloudsmith.io/vlt/benchmarks/browserslist 272ms (cache updated)
npm http fetch GET 200 https://npm.cloudsmith.io/vlt/benchmarks/lodash.camelcase 278ms (cache miss)
npm http fetch GET 200 https://npm.cloudsmith.io/vlt/benchmarks/lodash.kebabcase 292ms (cache miss)
npm http fetch GET 200 https://npm.cloudsmith.io/vlt/benchmarks/lodash.snakecase 321ms (cache miss)
npm http fetch GET 200 https://npm.cloudsmith.io/vlt/benchmarks/escape-string-regexp 1049ms (cache updated)
npm http fetch GET 200 https://npm.cloudsmith.io/vlt/benchmarks/lodash.upperfirst 602ms (cache miss)
npm http fetch GET 200 https://npm.cloudsmith.io/vlt/benchmarks/array-includes 303ms (cache updated)
npm http fetch GET 200 https://npm.cloudsmith.io/vlt/benchmarks/array.prototype.flatmap 266ms (cache updated)
npm http fetch GET 200 https://npm.cloudsmith.io/vlt/benchmarks/ast-types-flow 281ms (cache miss)
npm http fetch GET 200 https://npm.cloudsmith.io/vlt/benchmarks/axobject-query 413ms (cache miss)
npm http fetch GET 200 https://npm.cloudsmith.io/vlt/benchmarks/damerau-levenshtein 356ms (cache miss)
npm http fetch GET 200 https://npm.cloudsmith.io/vlt/benchmarks/emoji-regex 273ms (cache updated)
npm http fetch GET 200 https://npm.cloudsmith.io/vlt/benchmarks/jsx-ast-utils 241ms (cache updated)
npm http fetch GET 200 https://npm.cloudsmith.io/vlt/benchmarks/axe-core 1147ms (cache miss)
npm http fetch GET 200 https://npm.cloudsmith.io/vlt/benchmarks/safe-regex-test 316ms (cache miss)
npm http fetch GET 200 https://npm.cloudsmith.io/vlt/benchmarks/string.prototype.includes 281ms (cache miss)
npm http fetch GET 200 https://npm.cloudsmith.io/vlt/benchmarks/prettier-linter-helpers 374ms (cache updated)
npm http fetch GET 200 https://npm.cloudsmith.io/vlt/benchmarks/array-includes 13ms (cache updated)
npm http fetch GET 200 https://npm.cloudsmith.io/vlt/benchmarks/synckit 290ms (cache updated)
npm http fetch GET 200 https://npm.cloudsmith.io/vlt/benchmarks/array.prototype.flat 356ms (cache updated)
npm http fetch GET 200 https://npm.cloudsmith.io/vlt/benchmarks/language-tags 1151ms (cache miss)
npm http fetch GET 200 https://npm.cloudsmith.io/vlt/benchmarks/object.assign 297ms (cache miss)
npm http fetch GET 200 https://npm.cloudsmith.io/vlt/benchmarks/object.values 253ms (cache updated)
npm http fetch GET 200 https://npm.cloudsmith.io/vlt/benchmarks/baseline-browser-mapping 393ms (cache miss)
npm http fetch GET 200 https://npm.cloudsmith.io/vlt/benchmarks/caniuse-lite 684ms (cache miss)
npm http fetch GET 200 https://npm.cloudsmith.io/vlt/benchmarks/node-releases 519ms (cache miss)
npm http fetch GET 200 https://npm.cloudsmith.io/vlt/benchmarks/electron-to-chromium 953ms (cache miss)
npm http fetch GET 200 https://npm.cloudsmith.io/vlt/benchmarks/update-browserslist-db 308ms (cache miss)
npm http fetch GET 200 https://npm.cloudsmith.io/vlt/benchmarks/browserslist 39ms (cache updated)
npm http fetch GET 200 https://npm.cloudsmith.io/vlt/benchmarks/picocolors 276ms (cache updated)
npm http fetch GET 200 https://npm.cloudsmith.io/vlt/benchmarks/escalade 343ms (cache updated)
npm http fetch GET 200 https://npm.cloudsmith.io/vlt/benchmarks/call-bound 298ms (cache miss)
npm http fetch GET 200 https://npm.cloudsmith.io/vlt/benchmarks/call-bind 308ms (cache miss)
npm http fetch GET 200 https://npm.cloudsmith.io/vlt/benchmarks/define-properties 397ms (cache miss)
npm http fetch GET 200 https://npm.cloudsmith.io/vlt/benchmarks/es-object-atoms 277ms (cache updated)
npm http fetch GET 200 https://npm.cloudsmith.io/vlt/benchmarks/es-abstract 310ms (cache miss)
npm http fetch GET 200 https://npm.cloudsmith.io/vlt/benchmarks/es-shim-unscopables 285ms (cache miss)
npm http fetch GET 200 https://npm.cloudsmith.io/vlt/benchmarks/call-bind 34ms (cache updated)
npm http fetch GET 200 https://npm.cloudsmith.io/vlt/benchmarks/es-abstract 186ms (cache updated)
npm http fetch GET 200 https://npm.cloudsmith.io/vlt/benchmarks/math-intrinsics 431ms (cache updated)
npm http fetch GET 200 https://npm.cloudsmith.io/vlt/benchmarks/is-string 456ms (cache miss)
npm http fetch GET 200 https://npm.cloudsmith.io/vlt/benchmarks/es-object-atoms 16ms (cache updated)
npm http fetch GET 200 https://npm.cloudsmith.io/vlt/benchmarks/es-abstract 18ms (cache updated)
npm http fetch GET 200 https://npm.cloudsmith.io/vlt/benchmarks/es-shim-unscopables 36ms (cache updated)
npm http fetch GET 200 https://npm.cloudsmith.io/vlt/benchmarks/es-shim-unscopables 35ms (cache updated)
npm http fetch GET 200 https://npm.cloudsmith.io/vlt/benchmarks/resolve 14ms (cache updated)
npm http fetch GET 200 https://npm.cloudsmith.io/vlt/benchmarks/call-bind 12ms (cache updated)
npm http fetch GET 200 https://npm.cloudsmith.io/vlt/benchmarks/es-abstract 25ms (cache updated)
npm http fetch GET 200 https://npm.cloudsmith.io/vlt/benchmarks/es-object-atoms 13ms (cache updated)
npm http fetch GET 200 https://npm.cloudsmith.io/vlt/benchmarks/call-bound 11ms (cache updated)
npm http fetch GET 200 https://npm.cloudsmith.io/vlt/benchmarks/es-errors 283ms (cache updated)
npm http fetch GET 200 https://npm.cloudsmith.io/vlt/benchmarks/json5 239ms (cache updated)
npm http fetch GET 200 https://npm.cloudsmith.io/vlt/benchmarks/@types%2fjson5 327ms (cache miss)
npm http fetch GET 200 https://npm.cloudsmith.io/vlt/benchmarks/minimist 254ms (cache updated)
npm http fetch GET 200 https://npm.cloudsmith.io/vlt/benchmarks/strip-bom 257ms (cache updated)
npm http fetch GET 200 https://npm.cloudsmith.io/vlt/benchmarks/function-bind 948ms (cache updated)
npm http fetch GET 200 https://npm.cloudsmith.io/vlt/benchmarks/es-define-property 273ms (cache updated)
npm http fetch GET 200 https://npm.cloudsmith.io/vlt/benchmarks/call-bind-apply-helpers 274ms (cache updated)
npm http fetch GET 200 https://npm.cloudsmith.io/vlt/benchmarks/get-intrinsic 492ms (cache updated)
npm http fetch GET 200 https://npm.cloudsmith.io/vlt/benchmarks/get-intrinsic 280ms (cache updated)
npm http fetch GET 200 https://npm.cloudsmith.io/vlt/benchmarks/set-function-length 315ms (cache miss)
npm http fetch GET 200 https://npm.cloudsmith.io/vlt/benchmarks/define-data-property 334ms (cache miss)
npm http fetch GET 200 https://npm.cloudsmith.io/vlt/benchmarks/has-property-descriptors 306ms (cache miss)
npm http fetch GET 200 https://npm.cloudsmith.io/vlt/benchmarks/object-keys 287ms (cache miss)
npm http fetch GET 200 https://npm.cloudsmith.io/vlt/benchmarks/array-buffer-byte-length 293ms (cache miss)
npm http fetch GET 200 https://npm.cloudsmith.io/vlt/benchmarks/arraybuffer.prototype.slice 298ms (cache miss)
npm http fetch GET 200 https://npm.cloudsmith.io/vlt/benchmarks/available-typed-arrays 293ms (cache miss)
npm http fetch GET 200 https://npm.cloudsmith.io/vlt/benchmarks/data-view-buffer 296ms (cache miss)
npm http fetch GET 200 https://npm.cloudsmith.io/vlt/benchmarks/data-view-byte-length 285ms (cache miss)
npm http fetch GET 200 https://npm.cloudsmith.io/vlt/benchmarks/data-view-byte-offset 410ms (cache miss)
npm http fetch GET 200 https://npm.cloudsmith.io/vlt/benchmarks/es-set-tostringtag 294ms (cache updated)
npm http fetch GET 200 https://npm.cloudsmith.io/vlt/benchmarks/es-to-primitive 276ms (cache miss)
npm http fetch GET 200 https://npm.cloudsmith.io/vlt/benchmarks/function.prototype.name 322ms (cache miss)
npm http fetch GET 200 https://npm.cloudsmith.io/vlt/benchmarks/get-proto 269ms (cache updated)
npm http fetch GET 200 https://npm.cloudsmith.io/vlt/benchmarks/get-symbol-description 332ms (cache miss)
npm http fetch GET 200 https://npm.cloudsmith.io/vlt/benchmarks/has-property-descriptors 11ms (cache updated)
npm http fetch GET 200 https://npm.cloudsmith.io/vlt/benchmarks/globalthis 302ms (cache miss)
npm http fetch GET 200 https://npm.cloudsmith.io/vlt/benchmarks/gopd 235ms (cache updated)
npm http fetch GET 200 https://npm.cloudsmith.io/vlt/benchmarks/has-proto 302ms (cache miss)
npm http fetch GET 200 https://npm.cloudsmith.io/vlt/benchmarks/has-symbols 274ms (cache updated)
npm http fetch GET 200 https://npm.cloudsmith.io/vlt/benchmarks/internal-slot 354ms (cache miss)
npm http fetch GET 200 https://npm.cloudsmith.io/vlt/benchmarks/is-array-buffer 279ms (cache miss)
npm http fetch GET 200 https://npm.cloudsmith.io/vlt/benchmarks/is-callable 321ms (cache miss)
npm http fetch GET 200 https://npm.cloudsmith.io/vlt/benchmarks/is-data-view 275ms (cache miss)
npm http fetch GET 200 https://npm.cloudsmith.io/vlt/benchmarks/is-negative-zero 280ms (cache miss)
npm http fetch GET 200 https://npm.cloudsmith.io/vlt/benchmarks/is-regex 306ms (cache miss)
npm http fetch GET 200 https://npm.cloudsmith.io/vlt/benchmarks/is-set 334ms (cache miss)
npm http fetch GET 200 https://npm.cloudsmith.io/vlt/benchmarks/is-typed-array 328ms (cache miss)
npm http fetch GET 200 https://npm.cloudsmith.io/vlt/benchmarks/is-weakref 327ms (cache miss)
npm http fetch GET 200 https://npm.cloudsmith.io/vlt/benchmarks/object.assign 13ms (cache updated)
npm http fetch GET 200 https://npm.cloudsmith.io/vlt/benchmarks/object-inspect 342ms (cache miss)
npm http fetch GET 200 https://npm.cloudsmith.io/vlt/benchmarks/own-keys 269ms (cache miss)
npm http fetch GET 200 https://npm.cloudsmith.io/vlt/benchmarks/safe-array-concat 341ms (cache miss)
npm http fetch GET 200 https://npm.cloudsmith.io/vlt/benchmarks/regexp.prototype.flags 589ms (cache miss)
npm http fetch GET 200 https://npm.cloudsmith.io/vlt/benchmarks/safe-regex-test 11ms (cache updated)
npm http fetch GET 200 https://npm.cloudsmith.io/vlt/benchmarks/safe-push-apply 427ms (cache miss)
npm http fetch GET 200 https://npm.cloudsmith.io/vlt/benchmarks/set-proto 365ms (cache miss)
npm http fetch GET 200 https://npm.cloudsmith.io/vlt/benchmarks/stop-iteration-iterator 383ms (cache miss)
npm http fetch GET 200 https://npm.cloudsmith.io/vlt/benchmarks/string.prototype.trim 317ms (cache miss)
npm http fetch GET 200 https://npm.cloudsmith.io/vlt/benchmarks/is-shared-array-buffer 2220ms (cache miss)
npm http fetch GET 200 https://npm.cloudsmith.io/vlt/benchmarks/typed-array-buffer 283ms (cache miss)
npm http fetch GET 200 https://npm.cloudsmith.io/vlt/benchmarks/typed-array-byte-length 268ms (cache miss)
npm http fetch GET 200 https://npm.cloudsmith.io/vlt/benchmarks/string.prototype.trimstart 487ms (cache miss)
npm http fetch GET 200 https://npm.cloudsmith.io/vlt/benchmarks/unbox-primitive 290ms (cache miss)
npm http fetch GET 200 https://npm.cloudsmith.io/vlt/benchmarks/typed-array-byte-offset 427ms (cache miss)
npm http fetch GET 200 https://npm.cloudsmith.io/vlt/benchmarks/typed-array-length 404ms (cache miss)
npm http fetch GET 200 https://npm.cloudsmith.io/vlt/benchmarks/has-tostringtag 236ms (cache updated)
npm http fetch GET 200 https://npm.cloudsmith.io/vlt/benchmarks/which-typed-array 337ms (cache miss)
npm http fetch GET 200 https://npm.cloudsmith.io/vlt/benchmarks/async-function 319ms (cache miss)
npm http fetch GET 200 https://npm.cloudsmith.io/vlt/benchmarks/generator-function 366ms (cache miss)
npm http fetch GET 200 https://npm.cloudsmith.io/vlt/benchmarks/gopd 13ms (cache updated)
npm http fetch GET 200 https://npm.cloudsmith.io/vlt/benchmarks/define-data-property 242ms (cache updated)
npm http fetch GET 200 https://npm.cloudsmith.io/vlt/benchmarks/async-generator-function 625ms (cache miss)
npm http fetch GET 200 https://npm.cloudsmith.io/vlt/benchmarks/is-data-view 14ms (cache updated)
npm http fetch GET 200 https://npm.cloudsmith.io/vlt/benchmarks/is-array-buffer 17ms (cache updated)
npm http fetch GET 200 https://npm.cloudsmith.io/vlt/benchmarks/is-date-object 336ms (cache miss)
npm http fetch GET 200 https://npm.cloudsmith.io/vlt/benchmarks/possible-typed-array-names 373ms (cache miss)
npm http fetch GET 200 https://npm.cloudsmith.io/vlt/benchmarks/es-abstract-get 425ms (cache miss)
npm http fetch GET 200 https://npm.cloudsmith.io/vlt/benchmarks/functions-have-names 276ms (cache miss)
npm http fetch GET 200 https://npm.cloudsmith.io/vlt/benchmarks/is-symbol 329ms (cache miss)
npm http fetch GET 200 https://npm.cloudsmith.io/vlt/benchmarks/dunder-proto 240ms (cache updated)
npm http fetch GET 200 https://npm.cloudsmith.io/vlt/benchmarks/is-document.all 456ms (cache miss)
npm http fetch GET 200 https://npm.cloudsmith.io/vlt/benchmarks/is-typed-array 37ms (cache updated)
npm http fetch GET 200 https://npm.cloudsmith.io/vlt/benchmarks/which-typed-array 12ms (cache updated)
npm http fetch GET 200 https://npm.cloudsmith.io/vlt/benchmarks/dunder-proto 268ms (cache updated)
npm http fetch GET 200 https://npm.cloudsmith.io/vlt/benchmarks/side-channel 305ms (cache miss)
npm http fetch GET 200 https://npm.cloudsmith.io/vlt/benchmarks/isarray 288ms (cache miss)
npm http fetch GET 200 https://npm.cloudsmith.io/vlt/benchmarks/set-function-name 295ms (cache miss)
npm http fetch GET 200 https://npm.cloudsmith.io/vlt/benchmarks/isarray 275ms (cache miss)
npm http fetch GET 200 https://npm.cloudsmith.io/vlt/benchmarks/for-each 300ms (cache miss)
npm http fetch GET 200 https://npm.cloudsmith.io/vlt/benchmarks/for-each 307ms (cache miss)
npm http fetch GET 200 https://npm.cloudsmith.io/vlt/benchmarks/for-each 14ms (cache updated)
npm http fetch GET 200 https://npm.cloudsmith.io/vlt/benchmarks/possible-typed-array-names 37ms (cache updated)
npm http fetch GET 200 https://npm.cloudsmith.io/vlt/benchmarks/reflect.getprototypeof 341ms (cache miss)
npm http fetch GET 200 https://npm.cloudsmith.io/vlt/benchmarks/reflect.getprototypeof 287ms (cache miss)
npm http fetch GET 200 https://npm.cloudsmith.io/vlt/benchmarks/has-bigints 302ms (cache miss)
npm http fetch GET 200 https://npm.cloudsmith.io/vlt/benchmarks/which-boxed-primitive 283ms (cache miss)
npm http fetch GET 200 https://npm.cloudsmith.io/vlt/benchmarks/node-exports-info 280ms (cache miss)
npm http fetch GET 200 https://npm.cloudsmith.io/vlt/benchmarks/path-parse 286ms (cache miss)
npm http fetch GET 200 https://npm.cloudsmith.io/vlt/benchmarks/supports-preserve-symlinks-flag 376ms (cache miss)
npm http fetch GET 200 https://npm.cloudsmith.io/vlt/benchmarks/spdx-exceptions 281ms (cache miss)
npm http fetch GET 200 https://npm.cloudsmith.io/vlt/benchmarks/parse-statements 310ms (cache miss)
npm http fetch GET 200 https://npm.cloudsmith.io/vlt/benchmarks/jsdoc-type-pratt-parser 329ms (cache miss)
npm http fetch GET 200 https://npm.cloudsmith.io/vlt/benchmarks/spdx-license-ids 289ms (cache miss)
npm http fetch GET 200 https://npm.cloudsmith.io/vlt/benchmarks/language-subtag-registry 287ms (cache miss)
npm http fetch GET 200 https://npm.cloudsmith.io/vlt/benchmarks/fast-diff 287ms (cache miss)
npm http fetch GET 200 https://npm.cloudsmith.io/vlt/benchmarks/@pkgr%2fcore 351ms (cache miss)
npm http fetch GET 200 https://npm.cloudsmith.io/vlt/benchmarks/eslint 21ms (cache updated)
npm http fetch GET 200 https://npm.cloudsmith.io/vlt/benchmarks/typescript 116ms (cache updated)
npm http fetch GET 200 https://npm.cloudsmith.io/vlt/benchmarks/resolve 272ms (cache updated)
npm http fetch GET 200 https://npm.cloudsmith.io/vlt/benchmarks/ajv 303ms (cache updated)
npm http fetch GET 200 https://npm.cloudsmith.io/vlt/benchmarks/jju 315ms (cache miss)
npm http fetch GET 200 https://npm.cloudsmith.io/vlt/benchmarks/@typescript-eslint%2fscope-manager 525ms (cache updated)
npm http fetch GET 200 https://npm.cloudsmith.io/vlt/benchmarks/@typescript-eslint%2ftypes 554ms (cache updated)
npm http fetch GET 200 https://npm.cloudsmith.io/vlt/benchmarks/@typescript-eslint%2ftypescript-estree 613ms (cache updated)
npm http fetch GET 200 https://npm.cloudsmith.io/vlt/benchmarks/fast-uri 306ms (cache miss)
npm http fetch GET 200 https://npm.cloudsmith.io/vlt/benchmarks/@nodelib%2ffs.scandir 300ms (cache miss)
npm http fetch GET 200 https://npm.cloudsmith.io/vlt/benchmarks/fastq 316ms (cache miss)
npm http fetch GET 200 https://npm.cloudsmith.io/vlt/benchmarks/reusify 297ms (cache miss)
npm http fetch GET 200 https://npm.cloudsmith.io/vlt/benchmarks/run-parallel 370ms (cache miss)
npm http fetch GET 200 https://npm.cloudsmith.io/vlt/benchmarks/queue-microtask 596ms (cache miss)
npm http fetch GET 200 https://npm.cloudsmith.io/vlt/benchmarks/flatted 312ms (cache miss)
npm http fetch GET 200 https://npm.cloudsmith.io/vlt/benchmarks/keyv 345ms (cache miss)
npm http fetch GET 200 https://npm.cloudsmith.io/vlt/benchmarks/is-number 309ms (cache miss)
npm http fetch GET 200 https://npm.cloudsmith.io/vlt/benchmarks/p-locate 288ms (cache miss)
npm http fetch GET 200 https://npm.cloudsmith.io/vlt/benchmarks/json-buffer 336ms (cache miss)
npm http fetch GET 200 https://npm.cloudsmith.io/vlt/benchmarks/signal-exit 254ms (cache updated)
npm http fetch GET 200 https://npm.cloudsmith.io/vlt/benchmarks/@isaacs%2fcliui 380ms (cache miss)
npm http fetch GET 200 https://npm.cloudsmith.io/vlt/benchmarks/lru-cache 390ms (cache miss)
npm http fetch GET 200 https://npm.cloudsmith.io/vlt/benchmarks/callsites 303ms (cache miss)
npm http fetch GET 200 https://npm.cloudsmith.io/vlt/benchmarks/side-channel-weakmap 274ms (cache miss)
npm http fetch GET 200 https://npm.cloudsmith.io/vlt/benchmarks/side-channel-list 493ms (cache miss)
npm http fetch GET 200 https://npm.cloudsmith.io/vlt/benchmarks/side-channel-map 608ms (cache miss)
npm http fetch GET 200 https://npm.cloudsmith.io/vlt/benchmarks/node-notifier 319ms (cache miss)
npm http fetch GET 200 https://npm.cloudsmith.io/vlt/benchmarks/@jest%2fconsole 345ms (cache miss)
npm http fetch GET 200 https://npm.cloudsmith.io/vlt/benchmarks/@jest%2ftest-result 352ms (cache miss)
npm http fetch GET 200 https://npm.cloudsmith.io/vlt/benchmarks/@jest%2ftransform 320ms (cache miss)
npm http fetch GET 200 https://npm.cloudsmith.io/vlt/benchmarks/ansi-escapes 350ms (cache miss)
npm http fetch GET 200 https://npm.cloudsmith.io/vlt/benchmarks/@jest%2freporters 845ms (cache miss)
npm http fetch GET 200 https://npm.cloudsmith.io/vlt/benchmarks/exit 264ms (cache miss)
npm http fetch GET 200 https://npm.cloudsmith.io/vlt/benchmarks/ci-info 323ms (cache miss)
npm http fetch GET 200 https://npm.cloudsmith.io/vlt/benchmarks/jest-changed-files 450ms (cache miss)
npm http fetch GET 200 https://npm.cloudsmith.io/vlt/benchmarks/jest-haste-map 348ms (cache miss)
npm http fetch GET 200 https://npm.cloudsmith.io/vlt/benchmarks/jest-config 449ms (cache miss)
npm http fetch GET 200 https://npm.cloudsmith.io/vlt/benchmarks/jest-message-util 354ms (cache miss)
npm http fetch GET 200 https://npm.cloudsmith.io/vlt/benchmarks/jest-regex-util 352ms (cache miss)
npm http fetch GET 200 https://npm.cloudsmith.io/vlt/benchmarks/jest-resolve 443ms (cache miss)
npm http fetch GET 200 https://npm.cloudsmith.io/vlt/benchmarks/jest-resolve-dependencies 368ms (cache miss)
npm http fetch GET 200 https://npm.cloudsmith.io/vlt/benchmarks/jest-runner 372ms (cache miss)
npm http fetch GET 200 https://npm.cloudsmith.io/vlt/benchmarks/jest-util 270ms (cache updated)
npm http fetch GET 200 https://npm.cloudsmith.io/vlt/benchmarks/jest-runtime 496ms (cache miss)
npm http fetch GET 200 https://npm.cloudsmith.io/vlt/benchmarks/jest-snapshot 440ms (cache miss)
npm http fetch GET 200 https://npm.cloudsmith.io/vlt/benchmarks/jest-watcher 326ms (cache miss)
npm http fetch GET 200 https://npm.cloudsmith.io/vlt/benchmarks/jest-validate 386ms (cache miss)
npm http fetch GET 200 https://npm.cloudsmith.io/vlt/benchmarks/pretty-format 276ms (cache updated)
npm http fetch GET 200 https://npm.cloudsmith.io/vlt/benchmarks/@jest%2fschemas 302ms (cache miss)
npm http fetch GET 200 https://npm.cloudsmith.io/vlt/benchmarks/slash 361ms (cache miss)
npm http fetch GET 200 https://npm.cloudsmith.io/vlt/benchmarks/strip-ansi 386ms (cache updated)
npm http fetch GET 200 https://npm.cloudsmith.io/vlt/benchmarks/@types%2fyargs 240ms (cache updated)
npm http fetch GET 200 https://npm.cloudsmith.io/vlt/benchmarks/pkg-dir 289ms (cache miss)
npm http fetch GET 200 https://npm.cloudsmith.io/vlt/benchmarks/resolve-cwd 301ms (cache miss)
npm http fetch GET 200 https://npm.cloudsmith.io/vlt/benchmarks/yargs 242ms (cache updated)
npm http fetch GET 200 https://npm.cloudsmith.io/vlt/benchmarks/create-jest 324ms (cache miss)
npm http fetch GET 200 https://npm.cloudsmith.io/vlt/benchmarks/@bcoe%2fv8-coverage 273ms (cache miss)
npm http fetch GET 200 https://npm.cloudsmith.io/vlt/benchmarks/@jridgewell%2ftrace-mapping 373ms (cache miss)
npm http fetch GET 200 https://npm.cloudsmith.io/vlt/benchmarks/collect-v8-coverage 434ms (cache miss)
npm http fetch GET 200 https://npm.cloudsmith.io/vlt/benchmarks/glob 253ms (cache updated)
npm http fetch GET 200 https://npm.cloudsmith.io/vlt/benchmarks/istanbul-lib-coverage 302ms (cache miss)
npm http fetch GET 200 https://npm.cloudsmith.io/vlt/benchmarks/istanbul-lib-instrument 338ms (cache miss)
npm http fetch GET 200 https://npm.cloudsmith.io/vlt/benchmarks/istanbul-lib-report 333ms (cache miss)
npm http fetch GET 200 https://npm.cloudsmith.io/vlt/benchmarks/istanbul-reports 317ms (cache miss)
npm http fetch GET 200 https://npm.cloudsmith.io/vlt/benchmarks/istanbul-lib-source-maps 459ms (cache miss)
npm http fetch GET 200 https://npm.cloudsmith.io/vlt/benchmarks/jest-worker 438ms (cache miss)
npm http fetch GET 200 https://npm.cloudsmith.io/vlt/benchmarks/string-length 279ms (cache miss)
npm http fetch GET 200 https://npm.cloudsmith.io/vlt/benchmarks/v8-to-istanbul 293ms (cache miss)
npm http fetch GET 200 https://npm.cloudsmith.io/vlt/benchmarks/babel-plugin-istanbul 301ms (cache miss)
npm http fetch GET 200 https://npm.cloudsmith.io/vlt/benchmarks/convert-source-map 314ms (cache miss)
npm http fetch GET 200 https://npm.cloudsmith.io/vlt/benchmarks/@babel%2fcore 474ms (cache miss)
npm http fetch GET 200 https://npm.cloudsmith.io/vlt/benchmarks/fast-json-stable-stringify 312ms (cache updated)
npm http fetch GET 200 https://npm.cloudsmith.io/vlt/benchmarks/pirates 282ms (cache miss)
npm http fetch GET 200 https://npm.cloudsmith.io/vlt/benchmarks/write-file-atomic 271ms (cache miss)
npm http fetch GET 200 https://npm.cloudsmith.io/vlt/benchmarks/p-limit 300ms (cache miss)
npm http fetch GET 200 https://npm.cloudsmith.io/vlt/benchmarks/type-fest 374ms (cache miss)
npm http fetch GET 200 https://npm.cloudsmith.io/vlt/benchmarks/execa 351ms (cache miss)
npm http fetch GET 200 https://npm.cloudsmith.io/vlt/benchmarks/deepmerge 293ms (cache miss)
npm http fetch GET 200 https://npm.cloudsmith.io/vlt/benchmarks/@jest%2ftest-sequencer 376ms (cache miss)
npm http fetch GET 200 https://npm.cloudsmith.io/vlt/benchmarks/babel-jest 383ms (cache miss)
npm http fetch GET 200 https://npm.cloudsmith.io/vlt/benchmarks/jest-get-type 229ms (cache updated)
npm http fetch GET 200 https://npm.cloudsmith.io/vlt/benchmarks/jest-environment-node 271ms (cache updated)
npm http fetch GET 200 https://npm.cloudsmith.io/vlt/benchmarks/jest-circus 465ms (cache miss)
npm http fetch GET 200 https://npm.cloudsmith.io/vlt/benchmarks/parse-json 310ms (cache miss)
npm http fetch GET 200 https://npm.cloudsmith.io/vlt/benchmarks/@types%2fgraceful-fs 330ms (cache miss)
npm http fetch GET 200 https://npm.cloudsmith.io/vlt/benchmarks/fb-watchman 297ms (cache miss)
npm http fetch GET 200 https://npm.cloudsmith.io/vlt/benchmarks/walker 293ms (cache miss)
npm http fetch GET 200 https://npm.cloudsmith.io/vlt/benchmarks/@babel%2fcode-frame 326ms (cache miss)
npm http fetch GET 200 https://npm.cloudsmith.io/vlt/benchmarks/@types%2fstack-utils 321ms (cache miss)
npm http fetch GET 200 https://npm.cloudsmith.io/vlt/benchmarks/resolve 13ms (cache updated)
npm http fetch GET 200 https://npm.cloudsmith.io/vlt/benchmarks/stack-utils 351ms (cache miss)
npm http fetch GET 200 https://npm.cloudsmith.io/vlt/benchmarks/jest-pnp-resolver 331ms (cache miss)
npm http fetch GET 200 https://npm.cloudsmith.io/vlt/benchmarks/resolve.exports 254ms (cache updated)
npm http fetch GET 200 https://npm.cloudsmith.io/vlt/benchmarks/@jest%2fenvironment 232ms (cache updated)
npm http fetch GET 200 https://npm.cloudsmith.io/vlt/benchmarks/emittery 280ms (cache miss)
npm http fetch GET 200 https://npm.cloudsmith.io/vlt/benchmarks/jest-docblock 365ms (cache miss)
npm http fetch GET 200 https://npm.cloudsmith.io/vlt/benchmarks/jest-leak-detector 426ms (cache miss)
npm http fetch GET 200 https://npm.cloudsmith.io/vlt/benchmarks/source-map-support 351ms (cache miss)
npm http fetch GET 200 https://npm.cloudsmith.io/vlt/benchmarks/@jest%2ffake-timers 272ms (cache updated)
npm http fetch GET 200 https://npm.cloudsmith.io/vlt/benchmarks/@jest%2fsource-map 291ms (cache miss)
npm http fetch GET 200 https://npm.cloudsmith.io/vlt/benchmarks/@jest%2fglobals 368ms (cache miss)
npm http fetch GET 200 https://npm.cloudsmith.io/vlt/benchmarks/cjs-module-lexer 326ms (cache miss)
npm http fetch GET 200 https://npm.cloudsmith.io/vlt/benchmarks/strip-bom 37ms (cache updated)
npm http fetch GET 200 https://npm.cloudsmith.io/vlt/benchmarks/jest-mock 300ms (cache updated)
npm http fetch GET 200 https://npm.cloudsmith.io/vlt/benchmarks/@babel%2fplugin-syntax-jsx 301ms (cache miss)
npm http fetch GET 200 https://npm.cloudsmith.io/vlt/benchmarks/@babel%2fgenerator 371ms (cache miss)
npm http fetch GET 200 https://npm.cloudsmith.io/vlt/benchmarks/@babel%2ftypes 363ms (cache miss)
npm http fetch GET 200 https://npm.cloudsmith.io/vlt/benchmarks/babel-preset-current-node-syntax 312ms (cache miss)
npm http fetch GET 200 https://npm.cloudsmith.io/vlt/benchmarks/@jest%2fexpect-utils 654ms (cache miss)
npm http fetch GET 200 https://npm.cloudsmith.io/vlt/benchmarks/jest-diff 274ms (cache updated)
npm http fetch GET 200 https://npm.cloudsmith.io/vlt/benchmarks/expect 378ms (cache miss)
npm http fetch GET 200 https://npm.cloudsmith.io/vlt/benchmarks/@babel%2fplugin-syntax-typescript 1341ms (cache miss)
npm http fetch GET 200 https://npm.cloudsmith.io/vlt/benchmarks/jest-matcher-utils 283ms (cache updated)
npm http fetch GET 200 https://npm.cloudsmith.io/vlt/benchmarks/camelcase 293ms (cache miss)
npm http fetch GET 200 https://npm.cloudsmith.io/vlt/benchmarks/leven 312ms (cache miss)
npm http fetch GET 200 https://npm.cloudsmith.io/vlt/benchmarks/react-is 362ms (cache updated)
npm http fetch GET 200 https://npm.cloudsmith.io/vlt/benchmarks/@jridgewell%2fsourcemap-codec 276ms (cache miss)
npm http fetch GET 200 https://npm.cloudsmith.io/vlt/benchmarks/fs.realpath 293ms (cache miss)
npm http fetch GET 200 https://npm.cloudsmith.io/vlt/benchmarks/@jridgewell%2fresolve-uri 299ms (cache miss)
npm http fetch GET 200 https://npm.cloudsmith.io/vlt/benchmarks/inherits 244ms (cache updated)
npm http fetch GET 200 https://npm.cloudsmith.io/vlt/benchmarks/inflight 283ms (cache miss)
npm http fetch GET 200 https://npm.cloudsmith.io/vlt/benchmarks/minimatch 292ms (cache updated)
npm http fetch GET 200 https://npm.cloudsmith.io/vlt/benchmarks/@babel%2fcore 15ms (cache updated)
npm http fetch GET 200 https://npm.cloudsmith.io/vlt/benchmarks/once 245ms (cache updated)
npm http fetch GET 200 https://npm.cloudsmith.io/vlt/benchmarks/path-is-absolute 279ms (cache miss)
npm http fetch GET 200 https://npm.cloudsmith.io/vlt/benchmarks/@babel%2fparser 373ms (cache miss)
npm http fetch GET 200 https://npm.cloudsmith.io/vlt/benchmarks/make-dir 375ms (cache miss)
npm http fetch GET 200 https://npm.cloudsmith.io/vlt/benchmarks/source-map 682ms (cache miss)
npm http fetch GET 200 https://npm.cloudsmith.io/vlt/benchmarks/html-escaper 552ms (cache miss)
npm http fetch GET 200 https://npm.cloudsmith.io/vlt/benchmarks/@istanbuljs%2fschema 1119ms (cache miss)
npm http fetch GET 200 https://npm.cloudsmith.io/vlt/benchmarks/merge-stream 291ms (cache miss)
npm http fetch GET 200 https://npm.cloudsmith.io/vlt/benchmarks/supports-color 233ms (cache updated)
npm http fetch GET 200 https://npm.cloudsmith.io/vlt/benchmarks/char-regex 1233ms (cache miss)
npm http fetch GET 200 https://npm.cloudsmith.io/vlt/benchmarks/@babel%2fcode-frame 17ms (cache updated)
npm http fetch GET 200 https://npm.cloudsmith.io/vlt/benchmarks/@babel%2fhelper-compilation-targets 305ms (cache miss)
npm http fetch GET 200 https://npm.cloudsmith.io/vlt/benchmarks/@babel%2fhelper-module-transforms 321ms (cache miss)
npm http fetch GET 200 https://npm.cloudsmith.io/vlt/benchmarks/@babel%2fparser 56ms (cache updated)
npm http fetch GET 200 https://npm.cloudsmith.io/vlt/benchmarks/@babel%2ftemplate 319ms (cache miss)
npm http fetch GET 200 https://npm.cloudsmith.io/vlt/benchmarks/@babel%2fgenerator 750ms (cache updated)
npm http fetch GET 200 https://npm.cloudsmith.io/vlt/benchmarks/@babel%2fhelpers 450ms (cache miss)
npm http fetch GET 200 https://npm.cloudsmith.io/vlt/benchmarks/@babel%2ftypes 53ms (cache updated)
npm http fetch GET 200 https://npm.cloudsmith.io/vlt/benchmarks/@babel%2ftraverse 467ms (cache miss)
npm http fetch GET 200 https://npm.cloudsmith.io/vlt/benchmarks/gensync 641ms (cache miss)
npm http fetch GET 200 https://npm.cloudsmith.io/vlt/benchmarks/@babel%2fhelper-plugin-utils 329ms (cache miss)
npm http fetch GET 200 https://npm.cloudsmith.io/vlt/benchmarks/@istanbuljs%2fschema 13ms (cache updated)
npm http fetch GET 200 https://npm.cloudsmith.io/vlt/benchmarks/istanbul-lib-instrument 37ms (cache updated)
npm http fetch GET 200 https://npm.cloudsmith.io/vlt/benchmarks/@istanbuljs%2fload-nyc-config 310ms (cache miss)
npm http fetch GET 200 https://npm.cloudsmith.io/vlt/benchmarks/signal-exit 12ms (cache updated)
npm http fetch GET 200 https://npm.cloudsmith.io/vlt/benchmarks/@jridgewell%2fremapping 1108ms (cache miss)
npm http fetch GET 200 https://npm.cloudsmith.io/vlt/benchmarks/test-exclude 321ms (cache miss)
npm http fetch GET 200 https://npm.cloudsmith.io/vlt/benchmarks/@babel%2fcore 15ms (cache updated)
npm http fetch GET 200 https://npm.cloudsmith.io/vlt/benchmarks/@babel%2fparser 17ms (cache updated)
npm http fetch GET 200 https://npm.cloudsmith.io/vlt/benchmarks/@babel%2ftypes 16ms (cache updated)
npm http fetch GET 200 https://npm.cloudsmith.io/vlt/benchmarks/@babel%2fhelper-validator-identifier 431ms (cache miss)
npm http fetch GET 200 https://npm.cloudsmith.io/vlt/benchmarks/@jridgewell%2fgen-mapping 442ms (cache miss)
npm http fetch GET 200 https://npm.cloudsmith.io/vlt/benchmarks/jsesc 278ms (cache miss)
npm http fetch GET 200 https://npm.cloudsmith.io/vlt/benchmarks/@babel%2fcompat-data 316ms (cache miss)
npm http fetch GET 200 https://npm.cloudsmith.io/vlt/benchmarks/lru-cache 14ms (cache updated)
npm http fetch GET 200 https://npm.cloudsmith.io/vlt/benchmarks/@babel%2fhelper-validator-option 303ms (cache miss)
npm http fetch GET 200 https://npm.cloudsmith.io/vlt/benchmarks/@babel%2fhelper-module-imports 341ms (cache miss)
npm http fetch GET 200 https://npm.cloudsmith.io/vlt/benchmarks/js-tokens 1298ms (cache miss)
npm http fetch GET 200 https://npm.cloudsmith.io/vlt/benchmarks/@jridgewell%2fgen-mapping 11ms (cache updated)
npm http fetch GET 200 https://npm.cloudsmith.io/vlt/benchmarks/@babel%2fhelper-globals 561ms (cache miss)
npm http fetch GET 200 https://npm.cloudsmith.io/vlt/benchmarks/@babel%2fhelper-string-parser 477ms (cache miss)
npm http fetch GET 200 https://npm.cloudsmith.io/vlt/benchmarks/@jridgewell%2fsourcemap-codec 44ms (cache updated)
npm http fetch GET 200 https://npm.cloudsmith.io/vlt/benchmarks/yallist 307ms (cache miss)
npm http fetch GET 200 https://npm.cloudsmith.io/vlt/benchmarks/camelcase 14ms (cache updated)
npm http fetch GET 200 https://npm.cloudsmith.io/vlt/benchmarks/js-yaml 240ms (cache updated)
npm http fetch GET 200 https://npm.cloudsmith.io/vlt/benchmarks/find-up 260ms (cache updated)
npm http fetch GET 200 https://npm.cloudsmith.io/vlt/benchmarks/resolve-from 241ms (cache updated)
npm http fetch GET 200 https://npm.cloudsmith.io/vlt/benchmarks/glob 15ms (cache updated)
npm http fetch GET 200 https://npm.cloudsmith.io/vlt/benchmarks/minimatch 15ms (cache updated)
npm http fetch GET 200 https://npm.cloudsmith.io/vlt/benchmarks/semver 432ms (cache updated)
npm http fetch GET 200 https://npm.cloudsmith.io/vlt/benchmarks/get-package-type 715ms (cache miss)
npm http fetch GET 200 https://npm.cloudsmith.io/vlt/benchmarks/locate-path 228ms (cache updated)
npm http fetch GET 200 https://npm.cloudsmith.io/vlt/benchmarks/argparse 232ms (cache updated)
npm http fetch GET 200 https://npm.cloudsmith.io/vlt/benchmarks/esprima 342ms (cache miss)
npm http fetch GET 200 https://npm.cloudsmith.io/vlt/benchmarks/find-up 12ms (cache updated)
npm http fetch GET 200 https://npm.cloudsmith.io/vlt/benchmarks/onetime 272ms (cache updated)
npm http fetch GET 200 https://npm.cloudsmith.io/vlt/benchmarks/human-signals 281ms (cache miss)
npm http fetch GET 200 https://npm.cloudsmith.io/vlt/benchmarks/signal-exit 13ms (cache updated)
npm http fetch GET 200 https://npm.cloudsmith.io/vlt/benchmarks/yocto-queue 285ms (cache miss)
npm http fetch GET 200 https://npm.cloudsmith.io/vlt/benchmarks/strip-final-newline 298ms (cache miss)
npm http fetch GET 200 https://npm.cloudsmith.io/vlt/benchmarks/get-stream 664ms (cache miss)
npm http fetch GET 200 https://npm.cloudsmith.io/vlt/benchmarks/mimic-fn 1071ms (cache updated)
npm http fetch GET 200 https://npm.cloudsmith.io/vlt/benchmarks/escalade 242ms (cache updated)
npm http fetch GET 200 https://npm.cloudsmith.io/vlt/benchmarks/get-caller-file 260ms (cache updated)
npm http fetch GET 200 https://npm.cloudsmith.io/vlt/benchmarks/prompts 513ms (cache miss)
npm http fetch GET 200 https://npm.cloudsmith.io/vlt/benchmarks/require-directory 272ms (cache updated)
npm http fetch GET 200 https://npm.cloudsmith.io/vlt/benchmarks/y18n 431ms (cache updated)
npm http fetch GET 200 https://npm.cloudsmith.io/vlt/benchmarks/sisteransi 283ms (cache miss)
npm http fetch GET 200 https://npm.cloudsmith.io/vlt/benchmarks/kleur 1076ms (cache miss)
npm http fetch GET 200 https://npm.cloudsmith.io/vlt/benchmarks/@jest%2fexpect 289ms (cache miss)
npm http fetch GET 200 https://npm.cloudsmith.io/vlt/benchmarks/babel-preset-jest 331ms (cache miss)
npm http fetch GET 200 https://npm.cloudsmith.io/vlt/benchmarks/@types%2fbabel__core 425ms (cache miss)
npm http fetch GET 200 https://npm.cloudsmith.io/vlt/benchmarks/co 292ms (cache miss)
npm http fetch GET 200 https://npm.cloudsmith.io/vlt/benchmarks/dedent 280ms (cache miss)
npm http fetch GET 200 https://npm.cloudsmith.io/vlt/benchmarks/is-generator-fn 312ms (cache miss)
npm http fetch GET 200 https://npm.cloudsmith.io/vlt/benchmarks/pure-rand 297ms (cache miss)
npm http fetch GET 200 https://npm.cloudsmith.io/vlt/benchmarks/jest-each 340ms (cache miss)
npm http fetch GET 200 https://npm.cloudsmith.io/vlt/benchmarks/lines-and-columns 241ms (cache updated)
npm http fetch GET 200 https://npm.cloudsmith.io/vlt/benchmarks/json-parse-even-better-errors 284ms (cache miss)
npm http fetch GET 200 https://npm.cloudsmith.io/vlt/benchmarks/error-ex 775ms (cache miss)
npm http fetch GET 200 https://npm.cloudsmith.io/vlt/benchmarks/@babel%2fcore 15ms (cache updated)
npm http fetch GET 200 https://npm.cloudsmith.io/vlt/benchmarks/@types%2fbabel__template 283ms (cache miss)
npm http fetch GET 200 https://npm.cloudsmith.io/vlt/benchmarks/@types%2fbabel__generator 295ms (cache miss)
npm http fetch GET 200 https://npm.cloudsmith.io/vlt/benchmarks/babel-plugin-jest-hoist 351ms (cache miss)
npm http fetch GET 200 https://npm.cloudsmith.io/vlt/benchmarks/@types%2fbabel__traverse 657ms (cache miss)
npm http fetch GET 200 https://npm.cloudsmith.io/vlt/benchmarks/@babel%2fplugin-syntax-bigint 291ms (cache miss)
npm http fetch GET 200 https://npm.cloudsmith.io/vlt/benchmarks/@babel%2fplugin-syntax-async-generators 295ms (cache miss)
npm http fetch GET 200 https://npm.cloudsmith.io/vlt/benchmarks/@babel%2fplugin-syntax-class-properties 571ms (cache miss)
npm http fetch GET 200 https://npm.cloudsmith.io/vlt/benchmarks/@babel%2fplugin-syntax-class-static-block 285ms (cache miss)
npm http fetch GET 200 https://npm.cloudsmith.io/vlt/benchmarks/@babel%2fplugin-syntax-json-strings 285ms (cache miss)
npm http fetch GET 200 https://npm.cloudsmith.io/vlt/benchmarks/@babel%2fplugin-syntax-import-meta 293ms (cache miss)
npm http fetch GET 200 https://npm.cloudsmith.io/vlt/benchmarks/@babel%2fplugin-syntax-nullish-coalescing-operator 359ms (cache miss)
npm http fetch GET 200 https://npm.cloudsmith.io/vlt/benchmarks/@babel%2fplugin-syntax-logical-assignment-operators 546ms (cache miss)
npm http fetch GET 200 https://npm.cloudsmith.io/vlt/benchmarks/@babel%2fplugin-syntax-numeric-separator 298ms (cache miss)
npm http fetch GET 200 https://npm.cloudsmith.io/vlt/benchmarks/@babel%2fplugin-syntax-import-attributes 1302ms (cache miss)
npm http fetch GET 200 https://npm.cloudsmith.io/vlt/benchmarks/@babel%2fplugin-syntax-object-rest-spread 297ms (cache miss)
npm http fetch GET 200 https://npm.cloudsmith.io/vlt/benchmarks/@babel%2fplugin-syntax-optional-catch-binding 297ms (cache miss)
npm http fetch GET 200 https://npm.cloudsmith.io/vlt/benchmarks/@babel%2fplugin-syntax-optional-chaining 295ms (cache miss)
npm http fetch GET 200 https://npm.cloudsmith.io/vlt/benchmarks/@babel%2fplugin-syntax-private-property-in-object 293ms (cache miss)
npm http fetch GET 200 https://npm.cloudsmith.io/vlt/benchmarks/@babel%2fplugin-syntax-top-level-await 282ms (cache miss)
npm http fetch GET 200 https://npm.cloudsmith.io/vlt/benchmarks/@babel%2fcore 16ms (cache updated)
npm http fetch GET 200 https://npm.cloudsmith.io/vlt/benchmarks/@babel%2fcore 16ms (cache updated)
npm http fetch GET 200 https://npm.cloudsmith.io/vlt/benchmarks/escape-string-regexp 258ms (cache updated)
npm http fetch GET 200 https://npm.cloudsmith.io/vlt/benchmarks/@sinonjs%2ffake-timers 339ms (cache miss)
npm http fetch GET 200 https://npm.cloudsmith.io/vlt/benchmarks/@sinonjs%2fcommons 285ms (cache miss)
npm http fetch GET 200 https://npm.cloudsmith.io/vlt/benchmarks/type-detect 314ms (cache miss)
npm http fetch GET 200 https://npm.cloudsmith.io/vlt/benchmarks/canvas 239ms (cache updated)
npm http fetch GET 200 https://npm.cloudsmith.io/vlt/benchmarks/@jest%2ffake-timers 17ms (cache updated)
npm http fetch GET 200 https://npm.cloudsmith.io/vlt/benchmarks/jest-mock 24ms (cache updated)
npm http fetch GET 200 https://npm.cloudsmith.io/vlt/benchmarks/jest-util 39ms (cache updated)
npm http fetch GET 200 https://npm.cloudsmith.io/vlt/benchmarks/@jest%2ftypes 276ms (cache updated)
npm http fetch GET 200 https://npm.cloudsmith.io/vlt/benchmarks/@jest%2ftypes 264ms (cache updated)
npm http fetch GET 200 https://npm.cloudsmith.io/vlt/benchmarks/cssstyle 370ms (cache miss)
npm http fetch GET 200 https://npm.cloudsmith.io/vlt/benchmarks/decimal.js 288ms (cache miss)
npm http fetch GET 200 https://npm.cloudsmith.io/vlt/benchmarks/data-urls 312ms (cache miss)
npm http fetch GET 200 https://npm.cloudsmith.io/vlt/benchmarks/html-encoding-sniffer 292ms (cache miss)
npm http fetch GET 200 https://npm.cloudsmith.io/vlt/benchmarks/https-proxy-agent 247ms (cache updated)
npm http fetch GET 200 https://npm.cloudsmith.io/vlt/benchmarks/http-proxy-agent 314ms (cache miss)
npm http fetch GET 200 https://npm.cloudsmith.io/vlt/benchmarks/is-potential-custom-element-name 280ms (cache miss)
npm http fetch GET 200 https://npm.cloudsmith.io/vlt/benchmarks/nwsapi 295ms (cache miss)
npm http fetch GET 200 https://npm.cloudsmith.io/vlt/benchmarks/parse5 292ms (cache miss)
npm http fetch GET 200 https://npm.cloudsmith.io/vlt/benchmarks/rrweb-cssom 294ms (cache miss)
npm http fetch GET 200 https://npm.cloudsmith.io/vlt/benchmarks/saxes 295ms (cache miss)
npm http fetch GET 200 https://npm.cloudsmith.io/vlt/benchmarks/symbol-tree 296ms (cache miss)
npm http fetch GET 200 https://npm.cloudsmith.io/vlt/benchmarks/tough-cookie 289ms (cache miss)
npm http fetch GET 200 https://npm.cloudsmith.io/vlt/benchmarks/w3c-xmlserializer 296ms (cache miss)
npm http fetch GET 200 https://npm.cloudsmith.io/vlt/benchmarks/webidl-conversions 286ms (cache miss)
npm http fetch GET 200 https://npm.cloudsmith.io/vlt/benchmarks/whatwg-encoding 314ms (cache miss)
npm http fetch GET 200 https://npm.cloudsmith.io/vlt/benchmarks/whatwg-url 318ms (cache miss)
npm http fetch GET 200 https://npm.cloudsmith.io/vlt/benchmarks/whatwg-mimetype 401ms (cache miss)
npm http fetch GET 200 https://npm.cloudsmith.io/vlt/benchmarks/ws 351ms (cache miss)
npm http fetch GET 200 https://npm.cloudsmith.io/vlt/benchmarks/parse5 36ms (cache updated)
npm http fetch GET 200 https://npm.cloudsmith.io/vlt/benchmarks/xml-name-validator 280ms (cache miss)
npm http fetch GET 200 https://npm.cloudsmith.io/vlt/benchmarks/@types%2ftough-cookie 288ms (cache miss)
npm http fetch GET 200 https://npm.cloudsmith.io/vlt/benchmarks/@sinonjs%2ffake-timers 16ms (cache updated)
npm http fetch GET 200 https://npm.cloudsmith.io/vlt/benchmarks/jest-message-util 44ms (cache updated)
npm http fetch GET 200 https://npm.cloudsmith.io/vlt/benchmarks/@jest%2fschemas 39ms (cache updated)
npm http fetch GET 200 https://npm.cloudsmith.io/vlt/benchmarks/@types%2fyargs 36ms (cache updated)
npm http fetch GET 200 https://npm.cloudsmith.io/vlt/benchmarks/@jest%2fexpect-utils 35ms (cache updated)
npm http fetch GET 200 https://npm.cloudsmith.io/vlt/benchmarks/ci-info 36ms (cache updated)
npm http fetch GET 200 https://npm.cloudsmith.io/vlt/benchmarks/@jest%2fpattern 301ms (cache miss)
npm http fetch GET 200 https://npm.cloudsmith.io/vlt/benchmarks/picomatch 248ms (cache updated)
npm http fetch GET 200 https://npm.cloudsmith.io/vlt/benchmarks/entities 311ms (cache miss)
npm http fetch GET 200 https://npm.cloudsmith.io/vlt/benchmarks/@sinonjs%2ffake-timers 16ms (cache updated)
npm http fetch GET 200 https://npm.cloudsmith.io/vlt/benchmarks/jest-message-util 314ms (cache updated)
npm http fetch GET 200 https://npm.cloudsmith.io/vlt/benchmarks/bser 281ms (cache miss)
npm http fetch GET 200 https://npm.cloudsmith.io/vlt/benchmarks/makeerror 297ms (cache miss)
npm http fetch GET 200 https://npm.cloudsmith.io/vlt/benchmarks/node-int64 295ms (cache miss)
npm http fetch GET 200 https://npm.cloudsmith.io/vlt/benchmarks/diff-sequences 300ms (cache miss)
npm http fetch GET 200 https://npm.cloudsmith.io/vlt/benchmarks/detect-newline 316ms (cache miss)
npm http fetch GET 200 https://npm.cloudsmith.io/vlt/benchmarks/buffer-from 398ms (cache miss)
npm http fetch GET 200 https://npm.cloudsmith.io/vlt/benchmarks/diff-sequences 36ms (cache updated)
npm http fetch GET 200 https://npm.cloudsmith.io/vlt/benchmarks/whatwg-url 39ms (cache updated)
npm http fetch GET 200 https://npm.cloudsmith.io/vlt/benchmarks/agent-base 251ms (cache updated)
npm http fetch GET 200 https://npm.cloudsmith.io/vlt/benchmarks/agent-base 240ms (cache updated)
npm http fetch GET 200 https://npm.cloudsmith.io/vlt/benchmarks/@asamuzakjp%2fcss-color 447ms (cache miss)
npm http fetch GET 200 https://npm.cloudsmith.io/vlt/benchmarks/xmlchars 314ms (cache miss)
npm http fetch GET 200 https://npm.cloudsmith.io/vlt/benchmarks/iconv-lite 422ms (cache miss)
npm http fetch GET 200 https://npm.cloudsmith.io/vlt/benchmarks/tr46 310ms (cache miss)
npm http fetch GET 200 https://npm.cloudsmith.io/vlt/benchmarks/tldts 683ms (cache miss)
npm http fetch GET 200 https://npm.cloudsmith.io/vlt/benchmarks/@csstools%2fcss-color-parser 284ms (cache miss)
npm http fetch GET 200 https://npm.cloudsmith.io/vlt/benchmarks/@csstools%2fcss-parser-algorithms 296ms (cache miss)
npm http fetch GET 200 https://npm.cloudsmith.io/vlt/benchmarks/@csstools%2fcss-calc 325ms (cache miss)
npm http fetch GET 200 https://npm.cloudsmith.io/vlt/benchmarks/lru-cache 267ms (cache updated)
npm http fetch GET 200 https://npm.cloudsmith.io/vlt/benchmarks/@csstools%2fcss-tokenizer 289ms (cache miss)
npm http fetch GET 200 https://npm.cloudsmith.io/vlt/benchmarks/@csstools%2fcolor-helpers 298ms (cache miss)
npm http fetch GET 200 https://npm.cloudsmith.io/vlt/benchmarks/ajv 264ms (cache updated)
npm http fetch GET 200 https://npm.cloudsmith.io/vlt/benchmarks/ajv-formats 296ms (cache miss)
npm http fetch GET 200 https://npm.cloudsmith.io/vlt/benchmarks/ajv-keywords 300ms (cache miss)
npm http fetch GET 200 https://npm.cloudsmith.io/vlt/benchmarks/balanced-match 236ms (cache updated)
npm http fetch GET 200 https://npm.cloudsmith.io/vlt/benchmarks/form-data 241ms (cache updated)
npm http fetch GET 200 https://npm.cloudsmith.io/vlt/benchmarks/@tybys%2fwasm-util 248ms (cache updated)
npm http fetch GET 200 https://npm.cloudsmith.io/vlt/benchmarks/follow-redirects 260ms (cache updated)
npm http fetch GET 200 https://npm.cloudsmith.io/vlt/benchmarks/https-proxy-agent 36ms (cache updated)
npm http fetch GET 200 https://npm.cloudsmith.io/vlt/benchmarks/inherits 12ms (cache updated)
npm http fetch GET 200 https://npm.cloudsmith.io/vlt/benchmarks/proxy-from-env 250ms (cache updated)
npm http fetch GET 200 https://npm.cloudsmith.io/vlt/benchmarks/buffer 253ms (cache updated)
npm http fetch GET 200 https://npm.cloudsmith.io/vlt/benchmarks/ieee754 255ms (cache updated)
npm http fetch GET 200 https://npm.cloudsmith.io/vlt/benchmarks/restore-cursor 235ms (cache updated)
npm http fetch GET 200 https://npm.cloudsmith.io/vlt/benchmarks/string-width 236ms (cache updated)
npm http fetch GET 200 https://npm.cloudsmith.io/vlt/benchmarks/wrap-ansi 241ms (cache updated)
npm http fetch GET 200 https://npm.cloudsmith.io/vlt/benchmarks/once 76ms (cache updated)
npm http fetch GET 200 https://npm.cloudsmith.io/vlt/benchmarks/delayed-stream 245ms (cache updated)
npm http fetch GET 200 https://npm.cloudsmith.io/vlt/benchmarks/mime-types 236ms (cache updated)
npm http fetch GET 200 https://npm.cloudsmith.io/vlt/benchmarks/dotenv 408ms (cache updated)
npm http fetch GET 200 https://npm.cloudsmith.io/vlt/benchmarks/wrappy 253ms (cache updated)
npm http fetch GET 200 https://npm.cloudsmith.io/vlt/benchmarks/wcwidth 251ms (cache updated)
npm http fetch GET 200 https://npm.cloudsmith.io/vlt/benchmarks/string_decoder 259ms (cache updated)
npm http fetch GET 200 https://npm.cloudsmith.io/vlt/benchmarks/util-deprecate 252ms (cache updated)
npm http fetch GET 200 https://npm.cloudsmith.io/vlt/benchmarks/signal-exit 230ms (cache updated)
npm http fetch GET 200 https://npm.cloudsmith.io/vlt/benchmarks/emoji-regex 260ms (cache updated)
npm http fetch GET 200 https://npm.cloudsmith.io/vlt/benchmarks/agent-base 13ms (cache updated)
npm http fetch GET 200 https://npm.cloudsmith.io/vlt/benchmarks/is-arrayish 279ms (cache miss)
npm http fetch GET 200 https://npm.cloudsmith.io/vlt/benchmarks/strip-json-comments 231ms (cache updated)
npm http fetch GET 200 https://npm.cloudsmith.io/vlt/benchmarks/deep-extend 281ms (cache miss)
npm http fetch GET 200 https://npm.cloudsmith.io/vlt/benchmarks/ini 300ms (cache miss)
npm http fetch GET 200 https://npm.cloudsmith.io/vlt/benchmarks/simple-concat 269ms (cache miss)
npm http fetch GET 200 https://npm.cloudsmith.io/vlt/benchmarks/chownr 276ms (cache miss)
npm http fetch GET 200 https://npm.cloudsmith.io/vlt/benchmarks/decompress-response 417ms (cache miss)
npm http fetch GET 200 https://npm.cloudsmith.io/vlt/benchmarks/object.entries 302ms (cache miss)
npm http fetch GET 200 https://npm.cloudsmith.io/vlt/benchmarks/mimic-response 292ms (cache miss)
npm http fetch GET 200 https://npm.cloudsmith.io/vlt/benchmarks/tldts-core 865ms (cache miss)
npm http fetch GET 200 https://npm.cloudsmith.io/vlt/benchmarks/@sinclair%2ftypebox 439ms (cache miss)
npm http fetch GET 200 https://npm.cloudsmith.io/vlt/benchmarks/@jest%2ftypes 14ms (cache updated)
npm http fetch GET 200 https://npm.cloudsmith.io/vlt/benchmarks/@jridgewell%2ftrace-mapping 231ms (cache updated)
npm http fetch GET 200 https://npm.cloudsmith.io/vlt/benchmarks/ini 13ms (cache updated)
npm http fetch GET 200 https://npm.cloudsmith.io/vlt/benchmarks/which 263ms (cache updated)
npm http fetch GET 200 https://npm.cloudsmith.io/vlt/benchmarks/kind-of 299ms (cache miss)
npm http fetch GET 200 https://npm.cloudsmith.io/vlt/benchmarks/isexe 258ms (cache updated)
npm http fetch GET 200 https://npm.cloudsmith.io/vlt/benchmarks/which-builtin-type 274ms (cache miss)
npm http fetch GET 200 https://npm.cloudsmith.io/vlt/benchmarks/is-generator-function 286ms (cache miss)
npm http fetch GET 200 https://npm.cloudsmith.io/vlt/benchmarks/is-async-function 293ms (cache miss)
npm http fetch GET 200 https://npm.cloudsmith.io/vlt/benchmarks/is-finalizationregistry 296ms (cache miss)
npm http fetch GET 200 https://npm.cloudsmith.io/vlt/benchmarks/which-boxed-primitive 239ms (cache updated)
npm http fetch GET 200 https://npm.cloudsmith.io/vlt/benchmarks/which-collection 297ms (cache miss)
npm http fetch GET 200 https://npm.cloudsmith.io/vlt/benchmarks/@shikijs%2fengine-oniguruma 303ms (cache miss)
npm http fetch GET 200 https://npm.cloudsmith.io/vlt/benchmarks/@shikijs%2fthemes 306ms (cache miss)
npm http fetch GET 200 https://npm.cloudsmith.io/vlt/benchmarks/@shikijs%2flangs 326ms (cache miss)
npm http fetch GET 200 https://npm.cloudsmith.io/vlt/benchmarks/entities 35ms (cache updated)
npm http fetch GET 200 https://npm.cloudsmith.io/vlt/benchmarks/@shikijs%2fvscode-textmate 302ms (cache miss)
npm http fetch GET 200 https://npm.cloudsmith.io/vlt/benchmarks/@shikijs%2ftypes 328ms (cache miss)
npm http fetch GET 200 https://npm.cloudsmith.io/vlt/benchmarks/linkify-it 304ms (cache miss)
npm http fetch GET 200 https://npm.cloudsmith.io/vlt/benchmarks/mdurl 311ms (cache miss)
npm http fetch GET 200 https://npm.cloudsmith.io/vlt/benchmarks/punycode.js 290ms (cache miss)
npm http fetch GET 200 https://npm.cloudsmith.io/vlt/benchmarks/uc.micro 299ms (cache miss)
npm http fetch GET 200 https://npm.cloudsmith.io/vlt/benchmarks/@shikijs%2ftypes 16ms (cache updated)
npm http fetch GET 200 https://npm.cloudsmith.io/vlt/benchmarks/@shikijs%2ftypes 18ms (cache updated)
npm http fetch GET 200 https://npm.cloudsmith.io/vlt/benchmarks/@shikijs%2ftypes 19ms (cache updated)
npm http fetch GET 200 https://npm.cloudsmith.io/vlt/benchmarks/@types%2fhast 297ms (cache miss)
npm http fetch GET 200 https://npm.cloudsmith.io/vlt/benchmarks/@types%2funist 306ms (cache miss)
npm http fetch GET 200 https://npm.cloudsmith.io/vlt/benchmarks/uc.micro 35ms (cache updated)
npm http fetch GET 200 https://npm.cloudsmith.io/vlt/benchmarks/is-bigint 273ms (cache miss)
npm http fetch GET 200 https://npm.cloudsmith.io/vlt/benchmarks/is-boolean-object 294ms (cache miss)
npm http fetch GET 200 https://npm.cloudsmith.io/vlt/benchmarks/is-number-object 604ms (cache miss)
npm http fetch GET 200 https://npm.cloudsmith.io/vlt/benchmarks/tmpl 280ms (cache miss)
npm http fetch GET 200 https://npm.cloudsmith.io/vlt/benchmarks/webpack 312ms (cache updated)
npm http fetch GET 200 https://npm.cloudsmith.io/vlt/benchmarks/@webassemblyjs%2fhelper-wasm-bytecode 307ms (cache miss)
npm http fetch GET 200 https://npm.cloudsmith.io/vlt/benchmarks/@webassemblyjs%2fhelper-buffer 313ms (cache miss)
npm http fetch GET 200 https://npm.cloudsmith.io/vlt/benchmarks/@webassemblyjs%2fhelper-numbers 493ms (cache miss)
npm http fetch GET 200 https://npm.cloudsmith.io/vlt/benchmarks/@webassemblyjs%2fwasm-gen 342ms (cache miss)
npm http fetch GET 200 https://npm.cloudsmith.io/vlt/benchmarks/@webassemblyjs%2fhelper-wasm-section 457ms (cache miss)
npm http fetch GET 200 https://npm.cloudsmith.io/vlt/benchmarks/@webassemblyjs%2fwasm-opt 302ms (cache miss)
npm http fetch GET 200 https://npm.cloudsmith.io/vlt/benchmarks/@webassemblyjs%2fwasm-parser 268ms (cache updated)
npm http fetch GET 200 https://npm.cloudsmith.io/vlt/benchmarks/@webassemblyjs%2fhelper-api-error 291ms (cache miss)
npm http fetch GET 200 https://npm.cloudsmith.io/vlt/benchmarks/@webassemblyjs%2fwast-printer 356ms (cache miss)
npm http fetch GET 200 https://npm.cloudsmith.io/vlt/benchmarks/@webassemblyjs%2fieee754 305ms (cache miss)
npm http fetch GET 200 https://npm.cloudsmith.io/vlt/benchmarks/@webassemblyjs%2fleb128 315ms (cache miss)
npm http fetch GET 200 https://npm.cloudsmith.io/vlt/benchmarks/@webassemblyjs%2futf8 290ms (cache miss)
npm http fetch GET 200 https://npm.cloudsmith.io/vlt/benchmarks/tapable 245ms (cache updated)
npm http fetch GET 200 https://npm.cloudsmith.io/vlt/benchmarks/jest-worker 274ms (cache updated)
npm http fetch GET 200 https://npm.cloudsmith.io/vlt/benchmarks/terser 366ms (cache miss)
npm http fetch GET 200 https://npm.cloudsmith.io/vlt/benchmarks/@xtuc%2flong 276ms (cache miss)
npm http fetch GET 200 https://npm.cloudsmith.io/vlt/benchmarks/@webassemblyjs%2ffloating-point-hex-parser 323ms (cache miss)
npm http fetch GET 200 https://npm.cloudsmith.io/vlt/benchmarks/@xtuc%2fieee754 370ms (cache miss)
npm http fetch GET 200 https://npm.cloudsmith.io/vlt/benchmarks/commander 236ms (cache updated)
npm http fetch GET 200 https://npm.cloudsmith.io/vlt/benchmarks/source-map-support 301ms (cache updated)
npm http fetch GET 200 https://npm.cloudsmith.io/vlt/benchmarks/@jridgewell%2fsource-map 321ms (cache miss)
npm http fetch GET 200 https://npm.cloudsmith.io/vlt/benchmarks/webpack 32ms (cache updated)
npm http fetch GET 200 https://npm.cloudsmith.io/vlt/benchmarks/webpack-cli 312ms (cache updated)
npm http fetch GET 200 https://npm.cloudsmith.io/vlt/benchmarks/wildcard 284ms (cache miss)
npm http fetch GET 200 https://npm.cloudsmith.io/vlt/benchmarks/clone-deep 301ms (cache miss)
npm http fetch GET 200 https://npm.cloudsmith.io/vlt/benchmarks/shallow-clone 324ms (cache miss)
npm http fetch GET 200 https://npm.cloudsmith.io/vlt/benchmarks/is-plain-object 432ms (cache miss)
npm http fetch GET 200 https://npm.cloudsmith.io/vlt/benchmarks/isobject 282ms (cache miss)
npm http fetch GET 200 https://npm.cloudsmith.io/vlt/benchmarks/safer-buffer 305ms (cache miss)
npm http fetch GET 200 https://npm.cloudsmith.io/vlt/benchmarks/is-weakmap 277ms (cache miss)
npm http fetch GET 200 https://npm.cloudsmith.io/vlt/benchmarks/is-weakset 283ms (cache miss)
npm http fetch GET 200 https://npm.cloudsmith.io/vlt/benchmarks/is-map 300ms (cache miss)
npm http fetch GET 200 https://npm.cloudsmith.io/vlt/benchmarks/kuler 276ms (cache miss)
npm http fetch GET 200 https://npm.cloudsmith.io/vlt/benchmarks/@so-ric%2fcolorspace 284ms (cache miss)
npm http fetch GET 200 https://npm.cloudsmith.io/vlt/benchmarks/enabled 296ms (cache miss)
npm http fetch GET 200 https://npm.cloudsmith.io/vlt/benchmarks/@colors%2fcolors 232ms (cache updated)
npm http fetch GET 200 https://npm.cloudsmith.io/vlt/benchmarks/fecha 286ms (cache miss)
npm http fetch GET 200 https://npm.cloudsmith.io/vlt/benchmarks/@types%2ftriple-beam 320ms (cache miss)
npm http fetch GET 200 https://npm.cloudsmith.io/vlt/benchmarks/fn.name 309ms (cache miss)
npm http fetch GET 200 https://npm.cloudsmith.io/vlt/benchmarks/text-hex 285ms (cache miss)
npm http fetch GET 200 https://npm.cloudsmith.io/vlt/benchmarks/color 295ms (cache miss)
npm http fetch GET 200 https://npm.cloudsmith.io/vlt/benchmarks/color-string 318ms (cache miss)
npm http fetch GET 200 https://npm.cloudsmith.io/vlt/benchmarks/color-convert 758ms (cache updated)
npm http fetch GET 200 https://npm.cloudsmith.io/vlt/benchmarks/color-name 253ms (cache updated)
npm http fetch GET 200 https://npm.cloudsmith.io/vlt/benchmarks/color-name 304ms (cache updated)
npm http fetch GET 200 https://npm.cloudsmith.io/vlt/benchmarks/balanced-match 14ms (cache updated)
npm http fetch GET 200 https://npm.cloudsmith.io/vlt/benchmarks/concat-map 362ms (cache miss)
npm http fetch GET 200 https://npm.cloudsmith.io/vlt/benchmarks/p-locate 250ms (cache updated)
npm http fetch GET 200 https://npm.cloudsmith.io/vlt/benchmarks/sprintf-js 276ms (cache miss)
npm http fetch GET 200 https://npm.cloudsmith.io/vlt/benchmarks/p-limit 245ms (cache updated)
npm http fetch GET 200 https://npm.cloudsmith.io/vlt/benchmarks/p-try 437ms (cache miss)
npm http fetch GET 200 https://npm.cloudsmith.io/vlt/benchmarks/pretty-format 293ms (cache updated)
npm http fetch GET 200 https://npm.cloudsmith.io/vlt/benchmarks/@sinclair%2ftypebox 42ms (cache updated)
npm http fetch GET 200 https://npm.cloudsmith.io/vlt/benchmarks/jest-regex-util 298ms (cache updated)
npm http fetch GET 200 https://npm.cloudsmith.io/vlt/benchmarks/ansi-styles 248ms (cache updated)
npm http fetch GET 200 https://npm.cloudsmith.io/vlt/benchmarks/react-is 383ms (cache updated)
npm http fetch GET 200 https://npm.cloudsmith.io/vlt/benchmarks/react-is 430ms (cache updated)
npm http fetch GET 200 https://npm.cloudsmith.io/vlt/benchmarks/@jest%2fget-type 306ms (cache miss)
npm http fetch GET 200 https://npm.cloudsmith.io/vlt/benchmarks/js-yaml 246ms (cache updated)
npm http fetch GET 200 https://npm.cloudsmith.io/vlt/benchmarks/brace-expansion 256ms (cache updated)
npm http fetch GET 200 https://npm.cloudsmith.io/vlt/benchmarks/duplexer 291ms (cache miss)
npm http fetch GET 200 https://npm.cloudsmith.io/vlt/benchmarks/through 294ms (cache miss)
npm http fetch GET 200 https://npm.cloudsmith.io/vlt/benchmarks/jake 325ms (cache miss)
npm http fetch GET 200 https://npm.cloudsmith.io/vlt/benchmarks/nx 371ms (cache updated)
npm http fetch GET 200 https://npm.cloudsmith.io/vlt/benchmarks/@yarnpkg%2fparsers 260ms (cache updated)
npm http fetch GET 200 https://npm.cloudsmith.io/vlt/benchmarks/jest-diff 278ms (cache updated)
npm http fetch GET 200 https://npm.cloudsmith.io/vlt/benchmarks/@nx%2fnx-darwin-arm64 328ms (cache updated)
npm http fetch GET 200 https://npm.cloudsmith.io/vlt/benchmarks/@nx%2fnx-darwin-x64 331ms (cache updated)
npm http fetch GET 200 https://npm.cloudsmith.io/vlt/benchmarks/@nx%2fnx-freebsd-x64 333ms (cache updated)
npm http fetch GET 200 https://npm.cloudsmith.io/vlt/benchmarks/@nx%2fnx-linux-arm64-gnu 347ms (cache updated)
npm http fetch GET 200 https://npm.cloudsmith.io/vlt/benchmarks/@nx%2fnx-linux-arm64-musl 346ms (cache updated)
npm http fetch GET 200 https://npm.cloudsmith.io/vlt/benchmarks/@nx%2fnx-linux-arm-gnueabihf 897ms (cache updated)
npm http fetch GET 200 https://npm.cloudsmith.io/vlt/benchmarks/@nx%2fnx-linux-x64-gnu 327ms (cache updated)
npm http fetch GET 200 https://npm.cloudsmith.io/vlt/benchmarks/@nx%2fnx-linux-x64-musl 327ms (cache updated)
npm http fetch GET 200 https://npm.cloudsmith.io/vlt/benchmarks/@nx%2fnx-win32-arm64-msvc 332ms (cache updated)
npm http fetch GET 200 https://npm.cloudsmith.io/vlt/benchmarks/@nx%2fnx-win32-x64-msvc 322ms (cache updated)
npm http fetch GET 200 https://npm.cloudsmith.io/vlt/benchmarks/filelist 324ms (cache miss)
npm http fetch GET 200 https://npm.cloudsmith.io/vlt/benchmarks/minimatch 248ms (cache updated)
npm http fetch GET 200 https://npm.cloudsmith.io/vlt/benchmarks/@jest%2fdiff-sequences 233ms (cache updated)
npm http fetch GET 200 https://npm.cloudsmith.io/vlt/benchmarks/@pkgr%2fcore 234ms (cache updated)
npm http fetch GET 200 https://npm.cloudsmith.io/vlt/benchmarks/@typescript-eslint%2fproject-service 326ms (cache updated)
npm http fetch GET 200 https://npm.cloudsmith.io/vlt/benchmarks/@typescript-eslint%2fvisitor-keys 409ms (cache updated)
npm http fetch GET 200 https://npm.cloudsmith.io/vlt/benchmarks/@typescript-eslint%2fvisitor-keys 532ms (cache updated)
npm http fetch GET 200 https://npm.cloudsmith.io/vlt/benchmarks/@typescript-eslint%2ftsconfig-utils 295ms (cache updated)
npm http fetch GET 200 https://npm.cloudsmith.io/vlt/benchmarks/@sinonjs%2fcommons 246ms (cache updated)
npm http fetch GET 200 https://npm.cloudsmith.io/vlt/benchmarks/@recast-navigation%2fcore 327ms (cache miss)
npm http fetch GET 200 https://npm.cloudsmith.io/vlt/benchmarks/@recast-navigation%2fgenerators 313ms (cache miss)
npm http fetch GET 200 https://npm.cloudsmith.io/vlt/benchmarks/@recast-navigation%2fwasm 310ms (cache miss)
npm http fetch GET 200 https://npm.cloudsmith.io/vlt/benchmarks/@recast-navigation%2fwasm 39ms (cache updated)
npm http fetch GET 200 https://npm.cloudsmith.io/vlt/benchmarks/@recast-navigation%2fwasm 381ms (cache updated)
npm http fetch GET 200 https://npm.cloudsmith.io/vlt/benchmarks/@types%2fmv 285ms (cache miss)
npm http fetch GET 200 https://npm.cloudsmith.io/vlt/benchmarks/mv 295ms (cache miss)
npm http fetch GET 200 https://npm.cloudsmith.io/vlt/benchmarks/rimraf 245ms (cache updated)
npm http fetch GET 200 https://npm.cloudsmith.io/vlt/benchmarks/mkdirp 300ms (cache updated)
npm http fetch GET 200 https://npm.cloudsmith.io/vlt/benchmarks/ncp 312ms (cache miss)
npm http fetch GET 200 https://npm.cloudsmith.io/vlt/benchmarks/@types%2fdraco3d 308ms (cache miss)
npm http fetch GET 200 https://npm.cloudsmith.io/vlt/benchmarks/@types%2fdraco3dgltf 278ms (cache miss)
npm http fetch GET 200 https://npm.cloudsmith.io/vlt/benchmarks/@fortawesome%2ffontawesome-svg-core 323ms (cache miss)
npm http fetch GET 200 https://npm.cloudsmith.io/vlt/benchmarks/@fortawesome%2ffree-regular-svg-icons 314ms (cache miss)
npm http fetch GET 200 https://npm.cloudsmith.io/vlt/benchmarks/@fortawesome%2ffree-solid-svg-icons 414ms (cache miss)
npm http fetch GET 200 https://npm.cloudsmith.io/vlt/benchmarks/@fortawesome%2freact-fontawesome 323ms (cache miss)
npm http fetch GET 200 https://npm.cloudsmith.io/vlt/benchmarks/react 1179ms (cache miss)
npm http fetch GET 200 https://npm.cloudsmith.io/vlt/benchmarks/@types%2freact 494ms (cache miss)
npm http fetch GET 200 https://npm.cloudsmith.io/vlt/benchmarks/@types%2freact-dom 462ms (cache miss)
npm http fetch GET 200 https://npm.cloudsmith.io/vlt/benchmarks/gif.js.optimized 407ms (cache miss)
npm http fetch GET 200 https://npm.cloudsmith.io/vlt/benchmarks/re-resizable 357ms (cache miss)
npm http fetch GET 200 https://npm.cloudsmith.io/vlt/benchmarks/react-dom 1171ms (cache miss)
npm http fetch GET 200 https://npm.cloudsmith.io/vlt/benchmarks/sass 406ms (cache miss)
npm http fetch GET 200 https://npm.cloudsmith.io/vlt/benchmarks/@fortawesome%2ffontawesome-common-types 329ms (cache miss)
npm http fetch GET 200 https://npm.cloudsmith.io/vlt/benchmarks/@fortawesome%2ffontawesome-common-types 362ms (cache miss)
npm http fetch GET 200 https://npm.cloudsmith.io/vlt/benchmarks/@fortawesome%2ffontawesome-common-types 382ms (cache miss)
npm http fetch GET 200 https://npm.cloudsmith.io/vlt/benchmarks/prop-types 306ms (cache miss)
npm http fetch GET 200 https://npm.cloudsmith.io/vlt/benchmarks/loose-envify 298ms (cache miss)
npm http fetch GET 200 https://npm.cloudsmith.io/vlt/benchmarks/@types%2fprop-types 287ms (cache miss)
npm http fetch GET 200 https://npm.cloudsmith.io/vlt/benchmarks/chokidar 264ms (cache updated)
npm http fetch GET 200 https://npm.cloudsmith.io/vlt/benchmarks/csstype 304ms (cache miss)
npm http fetch GET 200 https://npm.cloudsmith.io/vlt/benchmarks/source-map-js 310ms (cache miss)
npm http fetch GET 200 https://npm.cloudsmith.io/vlt/benchmarks/immutable 341ms (cache miss)
npm http fetch GET 200 https://npm.cloudsmith.io/vlt/benchmarks/@parcel%2fwatcher 290ms (cache miss)
npm http fetch GET 200 https://npm.cloudsmith.io/vlt/benchmarks/scheduler 1138ms (cache miss)
npm http fetch GET 200 https://npm.cloudsmith.io/vlt/benchmarks/@babylonjs%2fhavok 327ms (cache miss)
npm http fetch GET 200 https://npm.cloudsmith.io/vlt/benchmarks/@fluentui-contrib%2freact-virtualizer 284ms (cache miss)
npm http fetch GET 200 https://npm.cloudsmith.io/vlt/benchmarks/@fluentui%2freact-shared-contexts 873ms (cache miss)
npm http fetch GET 200 https://npm.cloudsmith.io/vlt/benchmarks/@fluentui%2freact-components 1067ms (cache miss)
npm http fetch GET 200 https://npm.cloudsmith.io/vlt/benchmarks/@fluentui%2freact-icons 386ms (cache miss)
npm http fetch GET 200 https://npm.cloudsmith.io/vlt/benchmarks/@pmmmwh%2freact-refresh-webpack-plugin 349ms (cache miss)
npm http fetch GET 200 https://npm.cloudsmith.io/vlt/benchmarks/react-refresh 1013ms (cache miss)
npm http fetch GET 200 https://npm.cloudsmith.io/vlt/benchmarks/html-webpack-plugin 323ms (cache miss)
npm http fetch GET 200 https://npm.cloudsmith.io/vlt/benchmarks/react-refresh-typescript 290ms (cache miss)
npm http fetch GET 200 https://npm.cloudsmith.io/vlt/benchmarks/typescript 427ms (cache updated)
npm http fetch GET 200 https://npm.cloudsmith.io/vlt/benchmarks/usehooks-ts 304ms (cache miss)
npm http fetch GET 200 https://npm.cloudsmith.io/vlt/benchmarks/@types%2femscripten 324ms (cache miss)
npm http fetch GET 200 https://npm.cloudsmith.io/vlt/benchmarks/@swc%2fhelpers 328ms (cache miss)
npm http fetch GET 200 https://npm.cloudsmith.io/vlt/benchmarks/@griffel%2freact 313ms (cache miss)
npm http fetch GET 200 https://npm.cloudsmith.io/vlt/benchmarks/@fluentui%2freact-jsx-runtime 717ms (cache miss)
npm http fetch GET 200 https://npm.cloudsmith.io/vlt/benchmarks/@swc%2fhelpers 37ms (cache updated)
npm http fetch GET 200 https://npm.cloudsmith.io/vlt/benchmarks/@fluentui%2freact-utilities 927ms (cache miss)
npm http fetch GET 200 https://npm.cloudsmith.io/vlt/benchmarks/@fluentui%2freact-theme 681ms (cache miss)
npm http fetch GET 200 https://npm.cloudsmith.io/vlt/benchmarks/@fluentui%2freact-accordion 754ms (cache miss)
npm http fetch GET 200 https://npm.cloudsmith.io/vlt/benchmarks/@fluentui%2freact-alert 606ms (cache miss)
npm http fetch GET 200 https://npm.cloudsmith.io/vlt/benchmarks/@fluentui%2freact-aria 884ms (cache miss)
npm http fetch GET 200 https://npm.cloudsmith.io/vlt/benchmarks/@fluentui%2freact-avatar 1064ms (cache miss)
npm http fetch GET 200 https://npm.cloudsmith.io/vlt/benchmarks/@fluentui%2freact-badge 789ms (cache miss)
npm http fetch GET 200 https://npm.cloudsmith.io/vlt/benchmarks/@fluentui%2freact-breadcrumb 626ms (cache miss)
npm http fetch GET 200 https://npm.cloudsmith.io/vlt/benchmarks/@fluentui%2freact-carousel 437ms (cache miss)
npm http fetch GET 200 https://npm.cloudsmith.io/vlt/benchmarks/@fluentui%2freact-card 802ms (cache miss)
npm http fetch GET 200 https://npm.cloudsmith.io/vlt/benchmarks/@fluentui%2freact-button 909ms (cache miss)
npm http fetch GET 200 https://npm.cloudsmith.io/vlt/benchmarks/@fluentui%2freact-color-picker 570ms (cache miss)
npm http fetch GET 200 https://npm.cloudsmith.io/vlt/benchmarks/@fluentui%2freact-checkbox 884ms (cache miss)
npm http fetch GET 200 https://npm.cloudsmith.io/vlt/benchmarks/@fluentui%2freact-combobox 687ms (cache miss)
npm http fetch GET 200 https://npm.cloudsmith.io/vlt/benchmarks/@fluentui%2freact-dialog 679ms (cache miss)
npm http fetch GET 200 https://npm.cloudsmith.io/vlt/benchmarks/@fluentui%2freact-drawer 735ms (cache miss)
npm http fetch GET 200 https://npm.cloudsmith.io/vlt/benchmarks/@fluentui%2freact-divider 882ms (cache miss)
npm http fetch GET 200 https://npm.cloudsmith.io/vlt/benchmarks/@fluentui%2freact-field 700ms (cache miss)
npm http fetch GET 200 https://npm.cloudsmith.io/vlt/benchmarks/@fluentui%2freact-infobutton 529ms (cache miss)
npm http fetch GET 200 https://npm.cloudsmith.io/vlt/benchmarks/@fluentui%2freact-image 832ms (cache miss)
npm http fetch GET 200 https://npm.cloudsmith.io/vlt/benchmarks/@fluentui%2freact-infolabel 529ms (cache miss)
npm http fetch GET 200 https://npm.cloudsmith.io/vlt/benchmarks/@fluentui%2freact-input 891ms (cache miss)
npm http fetch GET 200 https://npm.cloudsmith.io/vlt/benchmarks/@fluentui%2freact-label 730ms (cache miss)
npm http fetch GET 200 https://npm.cloudsmith.io/vlt/benchmarks/@fluentui%2freact-link 874ms (cache miss)
npm http fetch GET 200 https://npm.cloudsmith.io/vlt/benchmarks/@fluentui%2freact-list 418ms (cache miss)
npm http fetch GET 200 https://npm.cloudsmith.io/vlt/benchmarks/@fluentui%2freact-motion 555ms (cache miss)
npm http fetch GET 200 https://npm.cloudsmith.io/vlt/benchmarks/@fluentui%2freact-message-bar 660ms (cache miss)
npm http fetch GET 200 https://npm.cloudsmith.io/vlt/benchmarks/@fluentui%2freact-menu 1016ms (cache miss)
npm http fetch GET 200 https://npm.cloudsmith.io/vlt/benchmarks/@fluentui%2freact-nav 426ms (cache miss)
npm http fetch GET 200 https://npm.cloudsmith.io/vlt/benchmarks/@fluentui%2freact-overflow 622ms (cache miss)
npm http fetch GET 200 https://npm.cloudsmith.io/vlt/benchmarks/@fluentui%2freact-persona 841ms (cache miss)
npm http fetch GET 200 https://npm.cloudsmith.io/vlt/benchmarks/@fluentui%2freact-popover 726ms (cache miss)
npm http fetch GET 200 https://npm.cloudsmith.io/vlt/benchmarks/@fluentui%2freact-portal 727ms (cache miss)
npm http fetch GET 200 https://npm.cloudsmith.io/vlt/benchmarks/@fluentui%2freact-positioning 726ms (cache miss)
npm http fetch GET 200 https://npm.cloudsmith.io/vlt/benchmarks/@fluentui%2freact-progress 723ms (cache miss)
npm http fetch GET 200 https://npm.cloudsmith.io/vlt/benchmarks/@fluentui%2freact-provider 855ms (cache miss)
npm http fetch GET 200 https://npm.cloudsmith.io/vlt/benchmarks/@fluentui%2freact-radio 862ms (cache miss)
npm http fetch GET 200 https://npm.cloudsmith.io/vlt/benchmarks/@fluentui%2freact-rating 811ms (cache miss)
npm http fetch GET 200 https://npm.cloudsmith.io/vlt/benchmarks/@fluentui%2freact-search 813ms (cache miss)
npm http fetch GET 200 https://npm.cloudsmith.io/vlt/benchmarks/@fluentui%2freact-select 802ms (cache miss)
npm http fetch GET 200 https://npm.cloudsmith.io/vlt/benchmarks/@fluentui%2freact-skeleton 730ms (cache miss)
npm http fetch GET 200 https://npm.cloudsmith.io/vlt/benchmarks/@fluentui%2freact-slider 950ms (cache miss)
npm http fetch GET 200 https://npm.cloudsmith.io/vlt/benchmarks/@fluentui%2freact-spinner 1061ms (cache miss)
npm http fetch GET 200 https://npm.cloudsmith.io/vlt/benchmarks/@fluentui%2freact-swatch-picker 508ms (cache miss)
npm http fetch GET 200 https://npm.cloudsmith.io/vlt/benchmarks/@fluentui%2freact-spinbutton 1241ms (cache miss)
npm http fetch GET 200 https://npm.cloudsmith.io/vlt/benchmarks/@fluentui%2freact-table 661ms (cache miss)
npm http fetch GET 200 https://npm.cloudsmith.io/vlt/benchmarks/@fluentui%2freact-tabs 745ms (cache miss)
npm http fetch GET 200 https://npm.cloudsmith.io/vlt/benchmarks/@fluentui%2freact-switch 889ms (cache miss)
npm http fetch GET 200 https://npm.cloudsmith.io/vlt/benchmarks/@fluentui%2freact-tag-picker 525ms (cache miss)
npm http fetch GET 200 https://npm.cloudsmith.io/vlt/benchmarks/@fluentui%2freact-tags 557ms (cache miss)
npm http fetch GET 200 https://npm.cloudsmith.io/vlt/benchmarks/@fluentui%2freact-tabster 783ms (cache miss)
npm http fetch GET 200 https://npm.cloudsmith.io/vlt/benchmarks/@fluentui%2freact-teaching-popover 564ms (cache miss)
npm http fetch GET 200 https://npm.cloudsmith.io/vlt/benchmarks/@fluentui%2freact-textarea 652ms (cache miss)
npm http fetch GET 200 https://npm.cloudsmith.io/vlt/benchmarks/@fluentui%2freact-text 884ms (cache miss)
npm http fetch GET 200 https://npm.cloudsmith.io/vlt/benchmarks/@fluentui%2freact-toast 566ms (cache miss)
npm http fetch GET 200 https://npm.cloudsmith.io/vlt/benchmarks/@fluentui%2freact-toolbar 817ms (cache miss)
npm http fetch GET 200 https://npm.cloudsmith.io/vlt/benchmarks/@fluentui%2freact-utilities 76ms (cache updated)
npm http fetch GET 200 https://npm.cloudsmith.io/vlt/benchmarks/@fluentui%2freact-tooltip 835ms (cache miss)
npm http fetch GET 200 https://npm.cloudsmith.io/vlt/benchmarks/@fluentui%2freact-tree 726ms (cache miss)
npm http fetch GET 200 https://npm.cloudsmith.io/vlt/benchmarks/@griffel%2freact 96ms (cache updated)
npm http fetch GET 200 https://npm.cloudsmith.io/vlt/benchmarks/@griffel%2freact 95ms (cache updated)
npm http fetch GET 200 https://npm.cloudsmith.io/vlt/benchmarks/core-js-pure 327ms (cache miss)
npm http fetch GET 200 https://npm.cloudsmith.io/vlt/benchmarks/@fluentui%2freact-virtualizer 642ms (cache miss)
npm http fetch GET 200 https://npm.cloudsmith.io/vlt/benchmarks/anser 474ms (cache miss)
npm http fetch GET 200 https://npm.cloudsmith.io/vlt/benchmarks/source-map 237ms (cache updated)
npm http fetch GET 200 https://npm.cloudsmith.io/vlt/benchmarks/error-stack-parser 411ms (cache miss)
npm http fetch GET 200 https://npm.cloudsmith.io/vlt/benchmarks/@types%2fhtml-minifier-terser 295ms (cache miss)
npm http fetch GET 200 https://npm.cloudsmith.io/vlt/benchmarks/html-minifier-terser 322ms (cache miss)
npm http fetch GET 200 https://npm.cloudsmith.io/vlt/benchmarks/html-entities 727ms (cache miss)
npm http fetch GET 200 https://npm.cloudsmith.io/vlt/benchmarks/lodash 316ms (cache miss)
npm http fetch GET 200 https://npm.cloudsmith.io/vlt/benchmarks/pretty-error 302ms (cache miss)
npm http fetch GET 200 https://npm.cloudsmith.io/vlt/benchmarks/lodash.debounce 301ms (cache miss)
npm http fetch GET 200 https://npm.cloudsmith.io/vlt/benchmarks/react-dnd 328ms (cache miss)
npm http fetch GET 200 https://npm.cloudsmith.io/vlt/benchmarks/react-dnd-touch-backend 312ms (cache miss)
npm http fetch GET 200 https://npm.cloudsmith.io/vlt/benchmarks/@react-dnd%2fshallowequal 318ms (cache miss)
npm http fetch GET 200 https://npm.cloudsmith.io/vlt/benchmarks/dnd-core 322ms (cache miss)
npm http fetch GET 200 https://npm.cloudsmith.io/vlt/benchmarks/@react-dnd%2finvariant 333ms (cache miss)
npm http fetch GET 200 https://npm.cloudsmith.io/vlt/benchmarks/@react-dnd%2finvariant 242ms (cache miss)
npm http fetch GET 200 https://npm.cloudsmith.io/vlt/benchmarks/hoist-non-react-statics 330ms (cache miss)
npm http fetch GET 200 https://npm.cloudsmith.io/vlt/benchmarks/@rollup%2fplugin-alias 291ms (cache miss)
npm http fetch GET 200 https://npm.cloudsmith.io/vlt/benchmarks/rollup 658ms (cache miss)
npm http fetch GET 200 https://npm.cloudsmith.io/vlt/benchmarks/@rollup%2fplugin-node-resolve 340ms (cache miss)
npm http fetch GET 200 https://npm.cloudsmith.io/vlt/benchmarks/@rollup%2fplugin-typescript 339ms (cache miss)
npm http fetch GET 200 https://npm.cloudsmith.io/vlt/benchmarks/typescript 103ms (cache updated)
npm http fetch GET 200 https://npm.cloudsmith.io/vlt/benchmarks/rollup-plugin-dts 323ms (cache miss)
npm http fetch GET 200 https://npm.cloudsmith.io/vlt/benchmarks/typescript 113ms (cache updated)
npm http fetch GET 200 https://npm.cloudsmith.io/vlt/benchmarks/@types%2fresolve 313ms (cache miss)
npm http fetch GET 200 https://npm.cloudsmith.io/vlt/benchmarks/@rollup%2fpluginutils 333ms (cache miss)
npm http fetch GET 200 https://npm.cloudsmith.io/vlt/benchmarks/@rollup%2fpluginutils 37ms (cache updated)
npm http fetch GET 200 https://npm.cloudsmith.io/vlt/benchmarks/is-module 384ms (cache miss)
npm http fetch GET 200 https://npm.cloudsmith.io/vlt/benchmarks/resolve 250ms (cache updated)
npm http fetch GET 200 https://npm.cloudsmith.io/vlt/benchmarks/resolve 342ms (cache updated)
npm http fetch GET 200 https://npm.cloudsmith.io/vlt/benchmarks/@napi-rs%2flzma-linux-x64-gnu 338ms (cache miss)
npm http fetch GET 200 https://npm.cloudsmith.io/vlt/benchmarks/@rollup%2frollup-darwin-arm64 357ms (cache miss)
npm http fetch GET 200 https://npm.cloudsmith.io/vlt/benchmarks/@rollup%2frollup-android-arm64 354ms (cache miss)
npm http fetch GET 200 https://npm.cloudsmith.io/vlt/benchmarks/@rollup%2frollup-freebsd-arm64 313ms (cache miss)
npm http fetch GET 200 https://npm.cloudsmith.io/vlt/benchmarks/@rollup%2frollup-linux-arm64-gnu 367ms (cache miss)
npm http fetch GET 200 https://npm.cloudsmith.io/vlt/benchmarks/@rollup%2frollup-win32-arm64-msvc 798ms (cache miss)
npm http fetch GET 200 https://npm.cloudsmith.io/vlt/benchmarks/@rollup%2frollup-linux-arm64-musl 466ms (cache miss)
npm http fetch GET 200 https://npm.cloudsmith.io/vlt/benchmarks/@rollup%2frollup-linux-arm-gnueabihf 384ms (cache miss)
npm http fetch GET 200 https://npm.cloudsmith.io/vlt/benchmarks/@rollup%2frollup-linux-arm-musleabihf 325ms (cache miss)
npm http fetch GET 200 https://npm.cloudsmith.io/vlt/benchmarks/@rollup%2frollup-android-arm-eabi 782ms (cache miss)
npm http fetch GET 200 https://npm.cloudsmith.io/vlt/benchmarks/@rollup%2frollup-win32-ia32-msvc 337ms (cache miss)
npm http fetch GET 200 https://npm.cloudsmith.io/vlt/benchmarks/@rollup%2frollup-linux-loong64-gnu 307ms (cache miss)
npm http fetch GET 200 https://npm.cloudsmith.io/vlt/benchmarks/@rollup%2frollup-linux-loong64-musl 289ms (cache miss)
npm http fetch GET 200 https://npm.cloudsmith.io/vlt/benchmarks/@rollup%2frollup-linux-riscv64-gnu 338ms (cache miss)
npm http fetch GET 200 https://npm.cloudsmith.io/vlt/benchmarks/@rollup%2frollup-linux-riscv64-musl 347ms (cache miss)
npm http fetch GET 200 https://npm.cloudsmith.io/vlt/benchmarks/@rollup%2frollup-linux-ppc64-gnu 313ms (cache miss)
npm http fetch GET 200 https://npm.cloudsmith.io/vlt/benchmarks/@rollup%2frollup-linux-ppc64-musl 314ms (cache miss)
npm http fetch GET 200 https://npm.cloudsmith.io/vlt/benchmarks/@rollup%2frollup-linux-s390x-gnu 311ms (cache miss)
npm http fetch GET 200 https://npm.cloudsmith.io/vlt/benchmarks/@rollup%2frollup-darwin-x64 355ms (cache miss)
npm http fetch GET 200 https://npm.cloudsmith.io/vlt/benchmarks/@rollup%2frollup-win32-x64-gnu 334ms (cache miss)
npm http fetch GET 200 https://npm.cloudsmith.io/vlt/benchmarks/@rollup%2frollup-win32-x64-msvc 337ms (cache miss)
npm http fetch GET 200 https://npm.cloudsmith.io/vlt/benchmarks/@rollup%2frollup-freebsd-x64 348ms (cache miss)
npm http fetch GET 200 https://npm.cloudsmith.io/vlt/benchmarks/@rollup%2frollup-linux-x64-gnu 416ms (cache miss)
npm http fetch GET 200 https://npm.cloudsmith.io/vlt/benchmarks/@rollup%2frollup-linux-x64-musl 335ms (cache miss)
npm http fetch GET 200 https://npm.cloudsmith.io/vlt/benchmarks/@rollup%2frollup-openbsd-x64 302ms (cache miss)
npm http fetch GET 200 https://npm.cloudsmith.io/vlt/benchmarks/@rollup%2frollup-openharmony-arm64 314ms (cache miss)
npm http fetch GET 200 https://npm.cloudsmith.io/vlt/benchmarks/magic-string 328ms (cache miss)
npm http fetch GET 200 https://npm.cloudsmith.io/vlt/benchmarks/@babel%2fcode-frame 260ms (cache updated)
npm http fetch GET 200 https://npm.cloudsmith.io/vlt/benchmarks/@types%2fdagre 369ms (cache miss)
npm http fetch GET 200 https://npm.cloudsmith.io/vlt/benchmarks/dagre 323ms (cache miss)
npm http fetch GET 200 https://npm.cloudsmith.io/vlt/benchmarks/lodash 13ms (cache updated)
npm http fetch GET 200 https://npm.cloudsmith.io/vlt/benchmarks/graphlib 391ms (cache miss)
npm http fetch GET 200 https://npm.cloudsmith.io/vlt/benchmarks/jest-puppeteer 312ms (cache miss)
npm http fetch GET 200 https://npm.cloudsmith.io/vlt/benchmarks/puppeteer 753ms (cache miss)
npm http fetch GET 200 https://npm.cloudsmith.io/vlt/benchmarks/cosmiconfig 330ms (cache miss)
npm http fetch GET 200 https://npm.cloudsmith.io/vlt/benchmarks/jest-environment-puppeteer 337ms (cache miss)
npm http fetch GET 200 https://npm.cloudsmith.io/vlt/benchmarks/expect-puppeteer 412ms (cache miss)
npm http fetch GET 200 https://npm.cloudsmith.io/vlt/benchmarks/@puppeteer%2fbrowsers 337ms (cache miss)
npm http fetch GET 200 https://npm.cloudsmith.io/vlt/benchmarks/puppeteer-core 452ms (cache miss)
npm http fetch GET 200 https://npm.cloudsmith.io/vlt/benchmarks/devtools-protocol 794ms (cache miss)
npm http fetch GET 200 https://npm.cloudsmith.io/vlt/benchmarks/lit 355ms (cache miss)
npm http fetch GET 200 https://npm.cloudsmith.io/vlt/benchmarks/@rollup%2fplugin-commonjs 310ms (cache miss)
npm http fetch GET 200 https://npm.cloudsmith.io/vlt/benchmarks/@rollup%2fplugin-terser 277ms (cache miss)
npm http fetch GET 200 https://npm.cloudsmith.io/vlt/benchmarks/rollup-plugin-minify-template-literals 293ms (cache miss)
npm http fetch GET 200 https://npm.cloudsmith.io/vlt/benchmarks/vite 1288ms (cache miss)
npm http fetch GET 200 https://npm.cloudsmith.io/vlt/benchmarks/glob 259ms (cache updated)
npm http fetch GET 200 https://npm.cloudsmith.io/vlt/benchmarks/estree-walker 286ms (cache miss)
npm http fetch GET 200 https://npm.cloudsmith.io/vlt/benchmarks/commondir 312ms (cache miss)
npm http fetch GET 200 https://npm.cloudsmith.io/vlt/benchmarks/magic-string 39ms (cache updated)
npm http fetch GET 200 https://npm.cloudsmith.io/vlt/benchmarks/is-reference 324ms (cache miss)
npm http fetch GET 200 https://npm.cloudsmith.io/vlt/benchmarks/serialize-javascript 342ms (cache miss)
npm http fetch GET 200 https://npm.cloudsmith.io/vlt/benchmarks/smob 331ms (cache miss)
npm http fetch GET 200 https://npm.cloudsmith.io/vlt/benchmarks/@lit%2freactive-element 305ms (cache miss)
npm http fetch GET 200 https://npm.cloudsmith.io/vlt/benchmarks/lit-element 334ms (cache miss)
npm http fetch GET 200 https://npm.cloudsmith.io/vlt/benchmarks/lit-html 373ms (cache miss)
npm http fetch GET 200 https://npm.cloudsmith.io/vlt/benchmarks/minify-literals 282ms (cache miss)
npm http fetch GET 200 https://npm.cloudsmith.io/vlt/benchmarks/fdir 246ms (cache updated)
npm http fetch GET 200 https://npm.cloudsmith.io/vlt/benchmarks/picomatch 246ms (cache updated)
npm http fetch GET 200 https://npm.cloudsmith.io/vlt/benchmarks/esbuild 449ms (cache miss)
npm http fetch GET 200 https://npm.cloudsmith.io/vlt/benchmarks/postcss 431ms (cache miss)
npm http fetch GET 200 https://npm.cloudsmith.io/vlt/benchmarks/source-map-loader 337ms (cache miss)
npm http fetch GET 200 https://npm.cloudsmith.io/vlt/benchmarks/ts-loader 349ms (cache miss)
npm http fetch GET 200 https://npm.cloudsmith.io/vlt/benchmarks/typescript 419ms (cache updated)
npm http fetch GET 200 https://npm.cloudsmith.io/vlt/benchmarks/picomatch 22ms (cache updated)
npm http fetch GET 200 https://npm.cloudsmith.io/vlt/benchmarks/source-map 45ms (cache updated)
npm http fetch GET 200 https://npm.cloudsmith.io/vlt/benchmarks/source-map-js 293ms (cache updated)
npm http fetch GET 200 https://npm.cloudsmith.io/vlt/benchmarks/css-loader 357ms (cache miss)
npm http fetch GET 200 https://npm.cloudsmith.io/vlt/benchmarks/sass-loader 334ms (cache miss)
npm http fetch GET 200 https://npm.cloudsmith.io/vlt/benchmarks/postcss 16ms (cache updated)
npm http fetch GET 200 https://npm.cloudsmith.io/vlt/benchmarks/postcss-modules-extract-imports 335ms (cache miss)
npm http fetch GET 200 https://npm.cloudsmith.io/vlt/benchmarks/icss-utils 347ms (cache miss)
npm http fetch GET 200 https://npm.cloudsmith.io/vlt/benchmarks/postcss-modules-local-by-default 349ms (cache miss)
npm http fetch GET 200 https://npm.cloudsmith.io/vlt/benchmarks/postcss-modules-scope 314ms (cache miss)
npm http fetch GET 200 https://npm.cloudsmith.io/vlt/benchmarks/postcss-value-parser 283ms (cache miss)
npm http fetch GET 200 https://npm.cloudsmith.io/vlt/benchmarks/postcss-modules-values 316ms (cache miss)
npm http fetch GET 200 https://npm.cloudsmith.io/vlt/benchmarks/neo-async 343ms (cache miss)
npm http fetch GET 200 https://npm.cloudsmith.io/vlt/benchmarks/style-loader 338ms (cache miss)
npm http fetch GET 200 https://npm.cloudsmith.io/vlt/benchmarks/webpack-dev-server 401ms (cache miss)
npm http fetch GET 200 https://npm.cloudsmith.io/vlt/benchmarks/@types%2fconnect-history-api-fallback 299ms (cache miss)
npm http fetch GET 200 https://npm.cloudsmith.io/vlt/benchmarks/@types%2fbonjour 356ms (cache miss)
npm http fetch GET 200 https://npm.cloudsmith.io/vlt/benchmarks/@types%2fexpress 365ms (cache miss)
npm http fetch GET 200 https://npm.cloudsmith.io/vlt/benchmarks/@types%2fserve-static 307ms (cache miss)
npm http fetch GET 200 https://npm.cloudsmith.io/vlt/benchmarks/@types%2fserve-index 319ms (cache miss)
npm http fetch GET 200 https://npm.cloudsmith.io/vlt/benchmarks/@types%2fexpress-serve-static-core 393ms (cache miss)
npm http fetch GET 200 https://npm.cloudsmith.io/vlt/benchmarks/@types%2fws 305ms (cache miss)
npm http fetch GET 200 https://npm.cloudsmith.io/vlt/benchmarks/@types%2fsockjs 316ms (cache miss)
npm http fetch GET 200 https://npm.cloudsmith.io/vlt/benchmarks/ansi-html-community 358ms (cache miss)
npm http fetch GET 200 https://npm.cloudsmith.io/vlt/benchmarks/bonjour-service 299ms (cache miss)
npm http fetch GET 200 https://npm.cloudsmith.io/vlt/benchmarks/compression 299ms (cache miss)
npm http fetch GET 200 https://npm.cloudsmith.io/vlt/benchmarks/connect-history-api-fallback 308ms (cache miss)
npm http fetch GET 200 https://npm.cloudsmith.io/vlt/benchmarks/http-proxy-middleware 321ms (cache miss)
npm http fetch GET 200 https://npm.cloudsmith.io/vlt/benchmarks/ipaddr.js 281ms (cache miss)
npm http fetch GET 200 https://npm.cloudsmith.io/vlt/benchmarks/express 382ms (cache miss)
npm http fetch GET 200 https://npm.cloudsmith.io/vlt/benchmarks/open 270ms (cache updated)
npm http fetch GET 200 https://npm.cloudsmith.io/vlt/benchmarks/launch-editor 320ms (cache miss)
npm http fetch GET 200 https://npm.cloudsmith.io/vlt/benchmarks/p-retry 280ms (cache miss)
npm http fetch GET 200 https://npm.cloudsmith.io/vlt/benchmarks/selfsigned 310ms (cache miss)
npm http fetch GET 200 https://npm.cloudsmith.io/vlt/benchmarks/serve-index 302ms (cache miss)
npm http fetch GET 200 https://npm.cloudsmith.io/vlt/benchmarks/sockjs 436ms (cache miss)
npm http fetch GET 200 https://npm.cloudsmith.io/vlt/benchmarks/spdy 367ms (cache miss)
npm http fetch GET 200 https://npm.cloudsmith.io/vlt/benchmarks/webpack-dev-middleware 362ms (cache miss)
npm http fetch GET 200 https://npm.cloudsmith.io/vlt/benchmarks/webpack-bundle-analyzer 339ms (cache miss)
npm http fetch GET 200 https://npm.cloudsmith.io/vlt/benchmarks/@discoveryjs%2fjson-ext 255ms (cache updated)
npm http fetch GET 200 https://npm.cloudsmith.io/vlt/benchmarks/commander 279ms (cache updated)
npm http fetch GET 200 https://npm.cloudsmith.io/vlt/benchmarks/debounce 314ms (cache miss)
npm http fetch GET 200 https://npm.cloudsmith.io/vlt/benchmarks/gzip-size 279ms (cache miss)
npm http fetch GET 200 https://npm.cloudsmith.io/vlt/benchmarks/opener 302ms (cache miss)
npm http fetch GET 200 https://npm.cloudsmith.io/vlt/benchmarks/sirv 325ms (cache miss)
npm http fetch GET 200 https://npm.cloudsmith.io/vlt/benchmarks/ws 261ms (cache updated)
npm http fetch GET 200 https://npm.cloudsmith.io/vlt/benchmarks/@types%2feslint 328ms (cache miss)
npm http fetch GET 200 https://npm.cloudsmith.io/vlt/benchmarks/@svgr%2fwebpack 299ms (cache miss)
npm http fetch GET 200 https://npm.cloudsmith.io/vlt/benchmarks/copy-webpack-plugin 338ms (cache miss)
npm http fetch GET 200 https://npm.cloudsmith.io/vlt/benchmarks/split.js 305ms (cache miss)
npm http fetch GET 200 https://npm.cloudsmith.io/vlt/benchmarks/url-loader 304ms (cache miss)
npm http fetch GET 200 https://npm.cloudsmith.io/vlt/benchmarks/@babel%2fplugin-transform-react-constant-elements 303ms (cache miss)
npm http fetch GET 200 https://npm.cloudsmith.io/vlt/benchmarks/@babel%2fpreset-react 308ms (cache miss)
npm http fetch GET 200 https://npm.cloudsmith.io/vlt/benchmarks/@babel%2fpreset-env 386ms (cache miss)
npm http fetch GET 200 https://npm.cloudsmith.io/vlt/benchmarks/@svgr%2fcore 286ms (cache miss)
npm http fetch GET 200 https://npm.cloudsmith.io/vlt/benchmarks/@babel%2fpreset-typescript 348ms (cache miss)
npm http fetch GET 200 https://npm.cloudsmith.io/vlt/benchmarks/@svgr%2fplugin-jsx 341ms (cache miss)
npm http fetch GET 200 https://npm.cloudsmith.io/vlt/benchmarks/glob-parent 250ms (cache updated)
npm http fetch GET 200 https://npm.cloudsmith.io/vlt/benchmarks/@svgr%2fplugin-svgo 320ms (cache miss)
npm http fetch GET 200 https://npm.cloudsmith.io/vlt/benchmarks/globby 346ms (cache miss)
npm http fetch GET 200 https://npm.cloudsmith.io/vlt/benchmarks/serialize-javascript 252ms (cache updated)
npm http fetch GET 200 https://npm.cloudsmith.io/vlt/benchmarks/loader-utils 311ms (cache miss)
npm http fetch GET 200 https://npm.cloudsmith.io/vlt/benchmarks/schema-utils 251ms (cache updated)
npm http fetch GET 200 https://npm.cloudsmith.io/vlt/benchmarks/file-loader 334ms (cache miss)
npm http fetch GET 200 https://npm.cloudsmith.io/vlt/benchmarks/@types%2fuuid 373ms (cache miss)
npm http fetch GET 200 https://npm.cloudsmith.io/vlt/benchmarks/@typescript%2fata 277ms (cache miss)
npm http fetch GET 200 https://npm.cloudsmith.io/vlt/benchmarks/typescript 304ms (cache updated)
npm http fetch GET 200 https://npm.cloudsmith.io/vlt/benchmarks/monaco-editor 719ms (cache miss)
npm http fetch GET 200 https://npm.cloudsmith.io/vlt/benchmarks/monaco-editor-webpack-plugin 309ms (cache miss)
npm http fetch GET 200 https://npm.cloudsmith.io/vlt/benchmarks/ts-debounce 309ms (cache miss)
npm http fetch GET 200 https://npm.cloudsmith.io/vlt/benchmarks/loader-utils 35ms (cache updated)
npm http fetch GET 200 https://npm.cloudsmith.io/vlt/benchmarks/marked 366ms (cache miss)
npm http fetch GET 200 https://npm.cloudsmith.io/vlt/benchmarks/dompurify 373ms (cache miss)
npm http fetch GET 200 https://npm.cloudsmith.io/vlt/benchmarks/bufferutil 323ms (cache miss)
npm http fetch GET 200 https://npm.cloudsmith.io/vlt/benchmarks/utf-8-validate 312ms (cache miss)
npm http fetch GET 200 https://npm.cloudsmith.io/vlt/benchmarks/@types%2fws 268ms (cache updated)
npm http fetch GET 200 https://npm.cloudsmith.io/vlt/benchmarks/https 399ms (cache miss)
npm http fetch GET 200 https://npm.cloudsmith.io/vlt/benchmarks/node-gyp-build 289ms (cache miss)
npm http fetch GET 200 https://npm.cloudsmith.io/vlt/benchmarks/node-gyp-build 303ms (cache miss)
npm http fetch GET 200 https://npm.cloudsmith.io/vlt/benchmarks/@types%2fchrome 380ms (cache miss)
npm http fetch GET 200 https://npm.cloudsmith.io/vlt/benchmarks/@types%2fhar-format 301ms (cache miss)
npm http fetch GET 200 https://npm.cloudsmith.io/vlt/benchmarks/@types%2ffilesystem 306ms (cache miss)
npm http fetch GET 200 https://npm.cloudsmith.io/vlt/benchmarks/jest-image-snapshot 447ms (cache miss)
npm http fetch GET 200 https://npm.cloudsmith.io/vlt/benchmarks/@types%2fjest-image-snapshot 448ms (cache miss)
npm http fetch GET 200 https://npm.cloudsmith.io/vlt/benchmarks/browserstack-local 436ms (cache miss)
npm http fetch GET 200 https://npm.cloudsmith.io/vlt/benchmarks/agent-base 272ms (cache updated)
npm http fetch GET 200 https://npm.cloudsmith.io/vlt/benchmarks/@types%2fpixelmatch 282ms (cache miss)
npm http fetch GET 200 https://npm.cloudsmith.io/vlt/benchmarks/ssim.js 312ms (cache miss)
npm http fetch GET 200 https://npm.cloudsmith.io/vlt/benchmarks/get-stdin 293ms (cache miss)
npm http fetch GET 200 https://npm.cloudsmith.io/vlt/benchmarks/glur 301ms (cache miss)
npm http fetch GET 200 https://npm.cloudsmith.io/vlt/benchmarks/is-running 571ms (cache miss)
npm http fetch GET 200 https://npm.cloudsmith.io/vlt/benchmarks/lodash 273ms (cache updated)
npm http fetch GET 200 https://npm.cloudsmith.io/vlt/benchmarks/pixelmatch 365ms (cache miss)
npm http fetch GET 200 https://npm.cloudsmith.io/vlt/benchmarks/pngjs 303ms (cache miss)
npm http fetch GET 200 https://npm.cloudsmith.io/vlt/benchmarks/memlab 301ms (cache miss)
npm http fetch GET 200 https://npm.cloudsmith.io/vlt/benchmarks/@memlab%2fcore 325ms (cache miss)
npm http fetch GET 200 https://npm.cloudsmith.io/vlt/benchmarks/@memlab%2fcli 344ms (cache miss)
npm http fetch GET 200 https://npm.cloudsmith.io/vlt/benchmarks/@memlab%2fheap-analysis 310ms (cache miss)
npm http fetch GET 200 https://npm.cloudsmith.io/vlt/benchmarks/@memlab%2fapi 753ms (cache miss)
npm http fetch GET 200 https://npm.cloudsmith.io/vlt/benchmarks/@memlab%2fe2e 452ms (cache miss)
npm http fetch GET 200 https://npm.cloudsmith.io/vlt/benchmarks/@memlab%2flens 284ms (cache miss)
npm http fetch GET 200 https://npm.cloudsmith.io/vlt/benchmarks/ansi 326ms (cache miss)
npm http fetch GET 200 https://npm.cloudsmith.io/vlt/benchmarks/babar 304ms (cache miss)
npm http fetch GET 200 https://npm.cloudsmith.io/vlt/benchmarks/puppeteer-core 62ms (cache updated)
npm http fetch GET 200 https://npm.cloudsmith.io/vlt/benchmarks/fs-extra 262ms (cache updated)
npm http fetch GET 200 https://npm.cloudsmith.io/vlt/benchmarks/util.promisify 283ms (cache miss)
npm http fetch GET 200 https://npm.cloudsmith.io/vlt/benchmarks/xvfb 284ms (cache miss)
npm http fetch GET 200 https://npm.cloudsmith.io/vlt/benchmarks/cross-env 312ms (cache miss)
npm http fetch GET 200 https://npm.cloudsmith.io/vlt/benchmarks/nyc 331ms (cache miss)
npm http fetch GET 200 https://npm.cloudsmith.io/vlt/benchmarks/rollup-plugin-visualizer 423ms (cache miss)
npm http fetch GET 200 https://npm.cloudsmith.io/vlt/benchmarks/convert-source-map 257ms (cache updated)
npm http fetch GET 200 https://npm.cloudsmith.io/vlt/benchmarks/decamelize 288ms (cache miss)
npm http fetch GET 200 https://npm.cloudsmith.io/vlt/benchmarks/caching-transform 314ms (cache miss)
npm http fetch GET 200 https://npm.cloudsmith.io/vlt/benchmarks/glob 34ms (cache updated)
npm http fetch GET 200 https://npm.cloudsmith.io/vlt/benchmarks/find-cache-dir 286ms (cache miss)
npm http fetch GET 200 https://npm.cloudsmith.io/vlt/benchmarks/istanbul-lib-processinfo 295ms (cache miss)
npm http fetch GET 200 https://npm.cloudsmith.io/vlt/benchmarks/istanbul-lib-hook 308ms (cache miss)
npm http fetch GET 200 https://npm.cloudsmith.io/vlt/benchmarks/make-dir 247ms (cache updated)
npm http fetch GET 200 https://npm.cloudsmith.io/vlt/benchmarks/node-preload 308ms (cache miss)
npm http fetch GET 200 https://npm.cloudsmith.io/vlt/benchmarks/p-map 400ms (cache miss)
npm http fetch GET 200 https://npm.cloudsmith.io/vlt/benchmarks/process-on-spawn 308ms (cache miss)
npm http fetch GET 200 https://npm.cloudsmith.io/vlt/benchmarks/rimraf 245ms (cache updated)
npm http fetch GET 200 https://npm.cloudsmith.io/vlt/benchmarks/yargs 273ms (cache updated)
npm http fetch GET 200 https://npm.cloudsmith.io/vlt/benchmarks/spawn-wrap 358ms (cache miss)
npm http fetch GET 200 https://npm.cloudsmith.io/vlt/benchmarks/@dnd-kit%2fmodifiers 343ms (cache miss)
npm http fetch GET 200 https://npm.cloudsmith.io/vlt/benchmarks/@dnd-kit%2fcore 354ms (cache miss)
npm http fetch GET 200 https://npm.cloudsmith.io/vlt/benchmarks/@dnd-kit%2fsortable 455ms (cache miss)
npm http fetch GET 200 https://npm.cloudsmith.io/vlt/benchmarks/@dnd-kit%2faccessibility 288ms (cache miss)
npm http fetch GET 200 https://npm.cloudsmith.io/vlt/benchmarks/@dnd-kit%2futilities 325ms (cache miss)
npm http fetch GET 200 https://npm.cloudsmith.io/vlt/benchmarks/@dnd-kit%2futilities 362ms (cache miss)
npm http fetch GET 200 https://npm.cloudsmith.io/vlt/benchmarks/@dnd-kit%2futilities 504ms (cache miss)
npm http fetch GET 200 https://npm.cloudsmith.io/vlt/benchmarks/react 374ms (cache updated)
npm http fetch GET 200 https://npm.cloudsmith.io/vlt/benchmarks/@types%2freact 315ms (cache updated)
npm http fetch GET 200 https://npm.cloudsmith.io/vlt/benchmarks/react 91ms (cache updated)
npm http fetch GET 200 https://npm.cloudsmith.io/vlt/benchmarks/@griffel%2fcore 347ms (cache miss)
npm http fetch GET 200 https://npm.cloudsmith.io/vlt/benchmarks/@fluentui%2fkeyboard-keys 639ms (cache miss)
npm http fetch GET 200 https://npm.cloudsmith.io/vlt/benchmarks/@types%2freact 68ms (cache updated)
npm http fetch GET 200 https://npm.cloudsmith.io/vlt/benchmarks/react 82ms (cache updated)
npm http fetch GET 200 https://npm.cloudsmith.io/vlt/benchmarks/react-dom 428ms (cache updated)
npm http fetch GET 200 https://npm.cloudsmith.io/vlt/benchmarks/@fluentui%2freact-avatar 362ms (cache updated)
npm http fetch GET 200 https://npm.cloudsmith.io/vlt/benchmarks/@fluentui%2freact-motion-components-preview 478ms (cache miss)
npm http fetch GET 200 https://npm.cloudsmith.io/vlt/benchmarks/@fluentui%2freact-context-selector 683ms (cache miss)
npm http fetch GET 200 https://npm.cloudsmith.io/vlt/benchmarks/@fluentui%2freact-context-selector 408ms (cache miss)
npm http fetch GET 200 https://npm.cloudsmith.io/vlt/benchmarks/embla-carousel 367ms (cache miss)
npm http fetch GET 200 https://npm.cloudsmith.io/vlt/benchmarks/embla-carousel-autoplay 409ms (cache miss)
npm http fetch GET 200 https://npm.cloudsmith.io/vlt/benchmarks/embla-carousel-fade 289ms (cache miss)
npm http fetch GET 200 https://npm.cloudsmith.io/vlt/benchmarks/@fluentui%2freact-context-selector 1005ms (cache miss)
npm http fetch GET 200 https://npm.cloudsmith.io/vlt/benchmarks/@fluentui%2freact-popover 350ms (cache updated)
npm http fetch GET 200 https://npm.cloudsmith.io/vlt/benchmarks/@floating-ui%2fdevtools 310ms (cache miss)
npm http fetch GET 200 https://npm.cloudsmith.io/vlt/benchmarks/@fluentui%2fpriority-overflow 652ms (cache miss)
npm http fetch GET 200 https://npm.cloudsmith.io/vlt/benchmarks/@floating-ui%2fdom 342ms (cache miss)
npm http fetch GET 200 https://npm.cloudsmith.io/vlt/benchmarks/@griffel%2fcore 51ms (cache updated)
npm http fetch GET 200 https://npm.cloudsmith.io/vlt/benchmarks/tabster 353ms (cache miss)
npm http fetch GET 200 https://npm.cloudsmith.io/vlt/benchmarks/use-sync-external-store 944ms (cache miss)
npm http fetch GET 200 https://npm.cloudsmith.io/vlt/benchmarks/use-sync-external-store 344ms (cache miss)
npm http fetch GET 200 https://npm.cloudsmith.io/vlt/benchmarks/keyborg 896ms (cache miss)
npm http fetch GET 200 https://npm.cloudsmith.io/vlt/benchmarks/@fluentui%2ftokens 635ms (cache miss)
npm http fetch GET 200 https://npm.cloudsmith.io/vlt/benchmarks/scheduler 406ms (cache updated)
npm http fetch GET 200 https://npm.cloudsmith.io/vlt/benchmarks/@floating-ui%2fcore 297ms (cache miss)
npm http fetch GET 200 https://npm.cloudsmith.io/vlt/benchmarks/@floating-ui%2futils 322ms (cache miss)
npm http fetch GET 200 https://npm.cloudsmith.io/vlt/benchmarks/csstype 249ms (cache updated)
npm http fetch GET 200 https://npm.cloudsmith.io/vlt/benchmarks/@emotion%2fhash 296ms (cache miss)
npm http fetch GET 200 https://npm.cloudsmith.io/vlt/benchmarks/@griffel%2fstyle-types 309ms (cache miss)
npm http fetch GET 200 https://npm.cloudsmith.io/vlt/benchmarks/rtl-css-js 298ms (cache miss)
npm http fetch GET 200 https://npm.cloudsmith.io/vlt/benchmarks/stylis 315ms (cache miss)
npm http fetch GET 200 https://npm.cloudsmith.io/vlt/benchmarks/keyborg 48ms (cache updated)
npm http fetch GET 200 https://npm.cloudsmith.io/vlt/benchmarks/loose-envify 267ms (cache updated)
npm http fetch GET 200 https://npm.cloudsmith.io/vlt/benchmarks/object-assign 287ms (cache miss)
npm http fetch GET 200 https://npm.cloudsmith.io/vlt/benchmarks/react-is 396ms (cache updated)
npm http fetch GET 200 https://npm.cloudsmith.io/vlt/benchmarks/@babel%2fruntime 468ms (cache miss)
npm http fetch GET 200 https://npm.cloudsmith.io/vlt/benchmarks/stackframe 320ms (cache miss)
npm http fetch GET 200 https://npm.cloudsmith.io/vlt/benchmarks/rollup 328ms (cache updated)
npm http fetch GET 200 https://npm.cloudsmith.io/vlt/benchmarks/jackspeak 261ms (cache updated)
npm http fetch GET 200 https://npm.cloudsmith.io/vlt/benchmarks/path-scurry 290ms (cache updated)
npm http fetch GET 200 https://npm.cloudsmith.io/vlt/benchmarks/minimatch 295ms (cache updated)
npm http fetch GET 200 https://npm.cloudsmith.io/vlt/benchmarks/randombytes 324ms (cache miss)
npm http fetch GET 200 https://npm.cloudsmith.io/vlt/benchmarks/@babel%2fcore 267ms (cache updated)
npm http fetch GET 200 https://npm.cloudsmith.io/vlt/benchmarks/@babel%2fplugin-bugfix-safari-id-destructuring-collision-in-function-expression 320ms (cache miss)
npm http fetch GET 200 https://npm.cloudsmith.io/vlt/benchmarks/@babel%2fplugin-bugfix-safari-class-field-initializer-scope 326ms (cache miss)
npm http fetch GET 200 https://npm.cloudsmith.io/vlt/benchmarks/@babel%2fplugin-bugfix-firefox-class-in-computed-class-key 338ms (cache miss)
npm http fetch GET 200 https://npm.cloudsmith.io/vlt/benchmarks/@babel%2fplugin-bugfix-v8-static-class-fields-redefine-readonly 310ms (cache miss)
npm http fetch GET 200 https://npm.cloudsmith.io/vlt/benchmarks/@babel%2fplugin-bugfix-safari-rest-destructuring-rhs-array 335ms (cache miss)
npm http fetch GET 200 https://npm.cloudsmith.io/vlt/benchmarks/@babel%2fplugin-bugfix-v8-spread-parameters-in-optional-chaining 488ms (cache miss)
npm http fetch GET 200 https://npm.cloudsmith.io/vlt/benchmarks/@babel%2fplugin-syntax-import-assertions 292ms (cache miss)
npm http fetch GET 200 https://npm.cloudsmith.io/vlt/benchmarks/@babel%2fplugin-proposal-private-property-in-object 482ms (cache miss)
npm http fetch GET 200 https://npm.cloudsmith.io/vlt/benchmarks/@babel%2fplugin-syntax-unicode-sets-regex 377ms (cache miss)
npm http fetch GET 200 https://npm.cloudsmith.io/vlt/benchmarks/@babel%2fplugin-transform-arrow-functions 345ms (cache miss)
npm http fetch GET 200 https://npm.cloudsmith.io/vlt/benchmarks/@babel%2fplugin-transform-async-generator-functions 335ms (cache miss)
npm http fetch GET 200 https://npm.cloudsmith.io/vlt/benchmarks/@babel%2fplugin-transform-async-to-generator 325ms (cache miss)
npm http fetch GET 200 https://npm.cloudsmith.io/vlt/benchmarks/@babel%2fplugin-transform-block-scoped-functions 332ms (cache miss)
npm http fetch GET 200 https://npm.cloudsmith.io/vlt/benchmarks/@babel%2fplugin-transform-block-scoping 328ms (cache miss)
npm http fetch GET 200 https://npm.cloudsmith.io/vlt/benchmarks/@babel%2fplugin-transform-class-properties 395ms (cache miss)
npm http fetch GET 200 https://npm.cloudsmith.io/vlt/benchmarks/@babel%2fplugin-transform-class-static-block 461ms (cache miss)
npm http fetch GET 200 https://npm.cloudsmith.io/vlt/benchmarks/@babel%2fplugin-transform-classes 333ms (cache miss)
npm http fetch GET 200 https://npm.cloudsmith.io/vlt/benchmarks/@babel%2fplugin-transform-computed-properties 331ms (cache miss)
npm http fetch GET 200 https://npm.cloudsmith.io/vlt/benchmarks/@babel%2fplugin-transform-destructuring 346ms (cache miss)
npm http fetch GET 200 https://npm.cloudsmith.io/vlt/benchmarks/@babel%2fplugin-transform-dotall-regex 313ms (cache miss)
npm http fetch GET 200 https://npm.cloudsmith.io/vlt/benchmarks/@babel%2fplugin-transform-duplicate-keys 416ms (cache miss)
npm http fetch GET 200 https://npm.cloudsmith.io/vlt/benchmarks/@babel%2fplugin-transform-dynamic-import 297ms (cache miss)
npm http fetch GET 200 https://npm.cloudsmith.io/vlt/benchmarks/@babel%2fplugin-transform-duplicate-named-capturing-groups-regex 309ms (cache miss)
npm http fetch GET 200 https://npm.cloudsmith.io/vlt/benchmarks/@babel%2fplugin-transform-explicit-resource-management 359ms (cache miss)
npm http fetch GET 200 https://npm.cloudsmith.io/vlt/benchmarks/@babel%2fplugin-transform-export-namespace-from 322ms (cache miss)
npm http fetch GET 200 https://npm.cloudsmith.io/vlt/benchmarks/@babel%2fplugin-transform-for-of 332ms (cache miss)
npm http fetch GET 200 https://npm.cloudsmith.io/vlt/benchmarks/@babel%2fplugin-transform-function-name 321ms (cache miss)
npm http fetch GET 200 https://npm.cloudsmith.io/vlt/benchmarks/@babel%2fplugin-transform-exponentiation-operator 687ms (cache miss)
npm http fetch GET 200 https://npm.cloudsmith.io/vlt/benchmarks/@babel%2fplugin-transform-json-strings 299ms (cache miss)
npm http fetch GET 200 https://npm.cloudsmith.io/vlt/benchmarks/@babel%2fplugin-transform-literals 305ms (cache miss)
npm http fetch GET 200 https://npm.cloudsmith.io/vlt/benchmarks/@babel%2fplugin-transform-logical-assignment-operators 290ms (cache miss)
npm http fetch GET 200 https://npm.cloudsmith.io/vlt/benchmarks/@babel%2fplugin-transform-modules-amd 317ms (cache miss)
npm http fetch GET 200 https://npm.cloudsmith.io/vlt/benchmarks/@babel%2fplugin-transform-modules-commonjs 330ms (cache miss)
npm http fetch GET 200 https://npm.cloudsmith.io/vlt/benchmarks/@babel%2fplugin-transform-modules-systemjs 311ms (cache miss)
npm http fetch GET 200 https://npm.cloudsmith.io/vlt/benchmarks/@babel%2fplugin-transform-modules-umd 341ms (cache miss)
npm http fetch GET 200 https://npm.cloudsmith.io/vlt/benchmarks/@babel%2fplugin-transform-member-expression-literals 840ms (cache miss)
npm http fetch GET 200 https://npm.cloudsmith.io/vlt/benchmarks/@babel%2fplugin-transform-named-capturing-groups-regex 325ms (cache miss)
npm http fetch GET 200 https://npm.cloudsmith.io/vlt/benchmarks/@babel%2fplugin-transform-new-target 323ms (cache miss)
npm http fetch GET 200 https://npm.cloudsmith.io/vlt/benchmarks/@babel%2fplugin-transform-nullish-coalescing-operator 294ms (cache miss)
npm http fetch GET 200 https://npm.cloudsmith.io/vlt/benchmarks/@babel%2fplugin-transform-numeric-separator 312ms (cache miss)
npm http fetch GET 200 https://npm.cloudsmith.io/vlt/benchmarks/@babel%2fplugin-transform-object-rest-spread 304ms (cache miss)
npm http fetch GET 200 https://npm.cloudsmith.io/vlt/benchmarks/@babel%2fplugin-transform-object-super 308ms (cache miss)
npm http fetch GET 200 https://npm.cloudsmith.io/vlt/benchmarks/@babel%2fplugin-transform-optional-catch-binding 333ms (cache miss)
npm http fetch GET 200 https://npm.cloudsmith.io/vlt/benchmarks/@babel%2fplugin-transform-optional-chaining 341ms (cache miss)
npm http fetch GET 200 https://npm.cloudsmith.io/vlt/benchmarks/@babel%2fplugin-transform-parameters 330ms (cache miss)
npm http fetch GET 200 https://npm.cloudsmith.io/vlt/benchmarks/@babel%2fplugin-transform-private-methods 308ms (cache miss)
npm http fetch GET 200 https://npm.cloudsmith.io/vlt/benchmarks/@babel%2fplugin-transform-private-property-in-object 338ms (cache miss)
npm http fetch GET 200 https://npm.cloudsmith.io/vlt/benchmarks/@babel%2fplugin-transform-property-literals 308ms (cache miss)
npm http fetch GET 200 https://npm.cloudsmith.io/vlt/benchmarks/@babel%2fplugin-transform-regenerator 340ms (cache miss)
npm http fetch GET 200 https://npm.cloudsmith.io/vlt/benchmarks/@babel%2fplugin-transform-regexp-modifiers 316ms (cache miss)
npm http fetch GET 200 https://npm.cloudsmith.io/vlt/benchmarks/@babel%2fplugin-transform-reserved-words 309ms (cache miss)
npm http fetch GET 200 https://npm.cloudsmith.io/vlt/benchmarks/@babel%2fplugin-transform-shorthand-properties 326ms (cache miss)
npm http fetch GET 200 https://npm.cloudsmith.io/vlt/benchmarks/@babel%2fplugin-transform-spread 305ms (cache miss)
npm http fetch GET 200 https://npm.cloudsmith.io/vlt/benchmarks/@babel%2fplugin-transform-sticky-regex 303ms (cache miss)
npm http fetch GET 200 https://npm.cloudsmith.io/vlt/benchmarks/@babel%2fplugin-transform-template-literals 342ms (cache miss)
npm http fetch GET 200 https://npm.cloudsmith.io/vlt/benchmarks/@babel%2fplugin-transform-typeof-symbol 313ms (cache miss)
npm http fetch GET 200 https://npm.cloudsmith.io/vlt/benchmarks/@babel%2fplugin-transform-unicode-escapes 309ms (cache miss)
npm http fetch GET 200 https://npm.cloudsmith.io/vlt/benchmarks/@babel%2fplugin-transform-unicode-property-regex 321ms (cache miss)
npm http fetch GET 200 https://npm.cloudsmith.io/vlt/benchmarks/@babel%2fplugin-transform-unicode-sets-regex 288ms (cache miss)
npm http fetch GET 200 https://npm.cloudsmith.io/vlt/benchmarks/@babel%2fplugin-transform-unicode-regex 336ms (cache miss)
npm http fetch GET 200 https://npm.cloudsmith.io/vlt/benchmarks/@babel%2fpreset-modules 293ms (cache miss)
npm http fetch GET 200 https://npm.cloudsmith.io/vlt/benchmarks/babel-plugin-polyfill-corejs2 295ms (cache miss)
npm http fetch GET 200 https://npm.cloudsmith.io/vlt/benchmarks/babel-plugin-polyfill-corejs3 291ms (cache miss)
npm http fetch GET 200 https://npm.cloudsmith.io/vlt/benchmarks/babel-plugin-polyfill-regenerator 305ms (cache miss)
npm http fetch GET 200 https://npm.cloudsmith.io/vlt/benchmarks/core-js-compat 316ms (cache miss)
npm http fetch GET 200 https://npm.cloudsmith.io/vlt/benchmarks/@babel%2fplugin-transform-react-display-name 318ms (cache miss)
npm http fetch GET 200 https://npm.cloudsmith.io/vlt/benchmarks/@babel%2fplugin-transform-react-jsx-development 303ms (cache miss)
npm http fetch GET 200 https://npm.cloudsmith.io/vlt/benchmarks/@babel%2fplugin-transform-react-jsx 342ms (cache miss)
npm http fetch GET 200 https://npm.cloudsmith.io/vlt/benchmarks/@babel%2fplugin-transform-react-pure-annotations 310ms (cache miss)
npm http fetch GET 200 https://npm.cloudsmith.io/vlt/benchmarks/cosmiconfig 251ms (cache updated)
npm http fetch GET 200 https://npm.cloudsmith.io/vlt/benchmarks/@svgr%2fbabel-preset 287ms (cache miss)
npm http fetch GET 200 https://npm.cloudsmith.io/vlt/benchmarks/@svgr%2fbabel-preset 75ms (cache miss)
npm http fetch GET 200 https://npm.cloudsmith.io/vlt/benchmarks/@babel%2fplugin-transform-typescript 488ms (cache miss)
npm http fetch GET 200 https://npm.cloudsmith.io/vlt/benchmarks/@svgr%2fhast-util-to-babel-ast 289ms (cache miss)
npm http fetch GET 200 https://npm.cloudsmith.io/vlt/benchmarks/svg-parser 281ms (cache miss)
npm http fetch GET 200 https://npm.cloudsmith.io/vlt/benchmarks/svgo 314ms (cache miss)
npm http fetch GET 200 https://npm.cloudsmith.io/vlt/benchmarks/@babel%2fhelper-skip-transparent-expression-wrappers 290ms (cache miss)
npm http fetch GET 200 https://npm.cloudsmith.io/vlt/benchmarks/@babel%2fhelper-skip-transparent-expression-wrappers 334ms (cache miss)
npm http fetch GET 200 https://npm.cloudsmith.io/vlt/benchmarks/@babel%2fhelper-create-regexp-features-plugin 343ms (cache miss)
npm http fetch GET 200 https://npm.cloudsmith.io/vlt/benchmarks/@babel%2fhelper-remap-async-to-generator 318ms (cache miss)
npm http fetch GET 200 https://npm.cloudsmith.io/vlt/benchmarks/@babel%2fhelper-remap-async-to-generator 301ms (cache miss)
npm http fetch GET 200 https://npm.cloudsmith.io/vlt/benchmarks/@babel%2fhelper-create-class-features-plugin 401ms (cache miss)
npm http fetch GET 200 https://npm.cloudsmith.io/vlt/benchmarks/@babel%2fhelper-create-class-features-plugin 259ms (cache miss)
npm http fetch GET 200 https://npm.cloudsmith.io/vlt/benchmarks/@babel%2fhelper-create-regexp-features-plugin 37ms (cache updated)
npm http fetch GET 200 https://npm.cloudsmith.io/vlt/benchmarks/@babel%2fhelper-annotate-as-pure 299ms (cache miss)
npm http fetch GET 200 https://npm.cloudsmith.io/vlt/benchmarks/@babel%2fhelper-replace-supers 311ms (cache miss)
npm http fetch GET 200 https://npm.cloudsmith.io/vlt/benchmarks/@babel%2fhelper-replace-supers 261ms (cache miss)
npm http fetch GET 200 https://npm.cloudsmith.io/vlt/benchmarks/@babel%2fhelper-define-polyfill-provider 292ms (cache miss)
npm http fetch GET 200 https://npm.cloudsmith.io/vlt/benchmarks/@babel%2fhelper-define-polyfill-provider 251ms (cache miss)
npm http fetch GET 200 https://npm.cloudsmith.io/vlt/benchmarks/@babel%2fhelper-define-polyfill-provider 295ms (cache miss)
npm http fetch GET 200 https://npm.cloudsmith.io/vlt/benchmarks/regexpu-core 313ms (cache miss)
npm http fetch GET 200 https://npm.cloudsmith.io/vlt/benchmarks/regjsgen 281ms (cache miss)
npm http fetch GET 200 https://npm.cloudsmith.io/vlt/benchmarks/regenerate-unicode-properties 291ms (cache miss)
npm http fetch GET 200 https://npm.cloudsmith.io/vlt/benchmarks/regenerate 308ms (cache miss)
npm http fetch GET 200 https://npm.cloudsmith.io/vlt/benchmarks/regjsparser 310ms (cache miss)
npm http fetch GET 200 https://npm.cloudsmith.io/vlt/benchmarks/unicode-match-property-ecmascript 311ms (cache miss)
npm http fetch GET 200 https://npm.cloudsmith.io/vlt/benchmarks/unicode-match-property-value-ecmascript 297ms (cache miss)
npm http fetch GET 200 https://npm.cloudsmith.io/vlt/benchmarks/@babel%2fhelper-wrap-function 324ms (cache miss)
npm http fetch GET 200 https://npm.cloudsmith.io/vlt/benchmarks/@babel%2fhelper-member-expression-to-functions 298ms (cache miss)
npm http fetch GET 200 https://npm.cloudsmith.io/vlt/benchmarks/@babel%2fhelper-optimise-call-expression 416ms (cache miss)
npm http fetch GET 200 https://npm.cloudsmith.io/vlt/benchmarks/@svgr%2fbabel-plugin-add-jsx-attribute 276ms (cache miss)
npm http fetch GET 200 https://npm.cloudsmith.io/vlt/benchmarks/@svgr%2fbabel-plugin-remove-jsx-attribute 294ms (cache miss)
npm http fetch GET 200 https://npm.cloudsmith.io/vlt/benchmarks/@svgr%2fbabel-plugin-remove-jsx-empty-expression 295ms (cache miss)
npm http fetch GET 200 https://npm.cloudsmith.io/vlt/benchmarks/@svgr%2fbabel-plugin-replace-jsx-attribute-value 299ms (cache miss)
npm http fetch GET 200 https://npm.cloudsmith.io/vlt/benchmarks/@svgr%2fbabel-plugin-svg-dynamic-title 289ms (cache miss)
npm http fetch GET 200 https://npm.cloudsmith.io/vlt/benchmarks/@svgr%2fbabel-plugin-transform-react-native-svg 290ms (cache miss)
npm http fetch GET 200 https://npm.cloudsmith.io/vlt/benchmarks/path-type 304ms (cache miss)
npm http fetch GET 200 https://npm.cloudsmith.io/vlt/benchmarks/@svgr%2fbabel-plugin-svg-em-dimensions 902ms (cache miss)
npm http fetch GET 200 https://npm.cloudsmith.io/vlt/benchmarks/@svgr%2fbabel-plugin-transform-svg-component 626ms (cache miss)
npm http fetch GET 200 https://npm.cloudsmith.io/vlt/benchmarks/entities 239ms (cache updated)
npm http fetch GET 200 https://npm.cloudsmith.io/vlt/benchmarks/css-what 275ms (cache miss)
npm http fetch GET 200 https://npm.cloudsmith.io/vlt/benchmarks/css-select 311ms (cache miss)
npm http fetch GET 200 https://npm.cloudsmith.io/vlt/benchmarks/css-tree 324ms (cache miss)
npm http fetch GET 200 https://npm.cloudsmith.io/vlt/benchmarks/csso 300ms (cache miss)
npm http fetch GET 200 https://npm.cloudsmith.io/vlt/benchmarks/sax 279ms (cache miss)
npm http fetch GET 200 https://npm.cloudsmith.io/vlt/benchmarks/@types%2ffilewriter 304ms (cache miss)
npm http fetch GET 200 https://npm.cloudsmith.io/vlt/benchmarks/@babel%2fcore 16ms (cache updated)
npm http fetch GET 200 https://npm.cloudsmith.io/vlt/benchmarks/resolve 264ms (cache updated)
npm http fetch GET 200 https://npm.cloudsmith.io/vlt/benchmarks/ignore 234ms (cache updated)
npm http fetch GET 200 https://npm.cloudsmith.io/vlt/benchmarks/slash 247ms (cache updated)
npm http fetch GET 200 https://npm.cloudsmith.io/vlt/benchmarks/dir-glob 287ms (cache miss)
npm http fetch GET 200 https://npm.cloudsmith.io/vlt/benchmarks/source-map-js 251ms (cache updated)
npm http fetch GET 200 https://npm.cloudsmith.io/vlt/benchmarks/postcss-selector-parser 302ms (cache miss)
npm http fetch GET 200 https://npm.cloudsmith.io/vlt/benchmarks/postcss-value-parser 240ms (cache updated)
npm http fetch GET 200 https://npm.cloudsmith.io/vlt/benchmarks/nanoid 975ms (cache miss)
npm http fetch GET 200 https://npm.cloudsmith.io/vlt/benchmarks/ajv 253ms (cache updated)
npm http fetch GET 200 https://npm.cloudsmith.io/vlt/benchmarks/emojis-list 359ms (cache miss)
npm http fetch GET 200 https://npm.cloudsmith.io/vlt/benchmarks/big.js 361ms (cache miss)
npm http fetch GET 200 https://npm.cloudsmith.io/vlt/benchmarks/ajv-keywords 250ms (cache updated)
npm http fetch GET 200 https://npm.cloudsmith.io/vlt/benchmarks/commander 244ms (cache updated)
npm http fetch GET 200 https://npm.cloudsmith.io/vlt/benchmarks/clean-css 329ms (cache miss)
npm http fetch GET 200 https://npm.cloudsmith.io/vlt/benchmarks/camel-case 489ms (cache miss)
npm http fetch GET 200 https://npm.cloudsmith.io/vlt/benchmarks/he 277ms (cache miss)
npm http fetch GET 200 https://npm.cloudsmith.io/vlt/benchmarks/param-case 271ms (cache miss)
npm http fetch GET 200 https://npm.cloudsmith.io/vlt/benchmarks/relateurl 302ms (cache miss)
npm http fetch GET 200 https://npm.cloudsmith.io/vlt/benchmarks/renderkid 315ms (cache miss)
npm http fetch GET 200 https://npm.cloudsmith.io/vlt/benchmarks/dot-case 289ms (cache miss)
npm http fetch GET 200 https://npm.cloudsmith.io/vlt/benchmarks/pascal-case 375ms (cache miss)
npm http fetch GET 200 https://npm.cloudsmith.io/vlt/benchmarks/no-case 301ms (cache miss)
npm http fetch GET 200 https://npm.cloudsmith.io/vlt/benchmarks/pngjs 273ms (cache updated)
npm http fetch GET 200 https://npm.cloudsmith.io/vlt/benchmarks/jest-dev-server 291ms (cache miss)
npm http fetch GET 200 https://npm.cloudsmith.io/vlt/benchmarks/cwd 296ms (cache miss)
npm http fetch GET 200 https://npm.cloudsmith.io/vlt/benchmarks/find-process 332ms (cache miss)
npm http fetch GET 200 https://npm.cloudsmith.io/vlt/benchmarks/spawnd 339ms (cache miss)
npm http fetch GET 200 https://npm.cloudsmith.io/vlt/benchmarks/wait-on 296ms (cache miss)
npm http fetch GET 200 https://npm.cloudsmith.io/vlt/benchmarks/loglevel 309ms (cache miss)
npm http fetch GET 200 https://npm.cloudsmith.io/vlt/benchmarks/find-pkg 313ms (cache miss)
npm http fetch GET 200 https://npm.cloudsmith.io/vlt/benchmarks/fs-exists-sync 385ms (cache miss)
npm http fetch GET 200 https://npm.cloudsmith.io/vlt/benchmarks/joi 347ms (cache miss)
npm http fetch GET 200 https://npm.cloudsmith.io/vlt/benchmarks/rxjs 392ms (cache miss)
npm http fetch GET 200 https://npm.cloudsmith.io/vlt/benchmarks/find-file-up 315ms (cache miss)
npm http fetch GET 200 https://npm.cloudsmith.io/vlt/benchmarks/resolve-dir 304ms (cache miss)
npm http fetch GET 200 https://npm.cloudsmith.io/vlt/benchmarks/global-modules 291ms (cache miss)
npm http fetch GET 200 https://npm.cloudsmith.io/vlt/benchmarks/expand-tilde 313ms (cache miss)
npm http fetch GET 200 https://npm.cloudsmith.io/vlt/benchmarks/@lit-labs%2fssr-dom-shim 302ms (cache miss)
npm http fetch GET 200 https://npm.cloudsmith.io/vlt/benchmarks/@lit-labs%2fssr-dom-shim 303ms (cache miss)
npm http fetch GET 200 https://npm.cloudsmith.io/vlt/benchmarks/@types%2ftrusted-types 326ms (cache miss)
npm http fetch GET 200 https://npm.cloudsmith.io/vlt/benchmarks/jsonfile 240ms (cache updated)
npm http fetch GET 200 https://npm.cloudsmith.io/vlt/benchmarks/blessed 296ms (cache miss)
npm http fetch GET 200 https://npm.cloudsmith.io/vlt/benchmarks/colors 311ms (cache miss)
npm http fetch GET 200 https://npm.cloudsmith.io/vlt/benchmarks/universalify 244ms (cache updated)
npm http fetch GET 200 https://npm.cloudsmith.io/vlt/benchmarks/object.getownpropertydescriptors 284ms (cache miss)
npm http fetch GET 200 https://npm.cloudsmith.io/vlt/benchmarks/chromium-bidi 326ms (cache miss)
npm http fetch GET 200 https://npm.cloudsmith.io/vlt/benchmarks/sleep 304ms (cache miss)
npm http fetch GET 200 https://npm.cloudsmith.io/vlt/benchmarks/glob 250ms (cache updated)
npm http fetch GET 200 https://npm.cloudsmith.io/vlt/benchmarks/write-file-atomic 239ms (cache updated)
npm http fetch GET 200 https://npm.cloudsmith.io/vlt/benchmarks/hasha 292ms (cache miss)
npm http fetch GET 200 https://npm.cloudsmith.io/vlt/benchmarks/package-hash 305ms (cache miss)
npm http fetch GET 200 https://npm.cloudsmith.io/vlt/benchmarks/make-dir 238ms (cache updated)
npm http fetch GET 200 https://npm.cloudsmith.io/vlt/benchmarks/archy 279ms (cache miss)
npm http fetch GET 200 https://npm.cloudsmith.io/vlt/benchmarks/append-transform 301ms (cache miss)
npm http fetch GET 200 https://npm.cloudsmith.io/vlt/benchmarks/aggregate-error 290ms (cache miss)
npm http fetch GET 200 https://npm.cloudsmith.io/vlt/benchmarks/fromentries 302ms (cache miss)
npm http fetch GET 200 https://npm.cloudsmith.io/vlt/benchmarks/foreground-child 247ms (cache updated)
npm http fetch GET 200 https://npm.cloudsmith.io/vlt/benchmarks/is-windows 322ms (cache miss)
npm http fetch GET 200 https://npm.cloudsmith.io/vlt/benchmarks/semver 759ms (cache updated)
npm http fetch GET 200 https://npm.cloudsmith.io/vlt/benchmarks/cliui 261ms (cache updated)
npm http fetch GET 200 https://npm.cloudsmith.io/vlt/benchmarks/require-main-filename 300ms (cache miss)
npm http fetch GET 200 https://npm.cloudsmith.io/vlt/benchmarks/set-blocking 293ms (cache miss)
npm http fetch GET 200 https://npm.cloudsmith.io/vlt/benchmarks/which-module 312ms (cache miss)
npm http fetch GET 200 https://npm.cloudsmith.io/vlt/benchmarks/y18n 282ms (cache updated)
npm http fetch GET 200 https://npm.cloudsmith.io/vlt/benchmarks/yargs-parser 273ms (cache updated)
npm http fetch GET 200 https://npm.cloudsmith.io/vlt/benchmarks/type-fest 257ms (cache updated)
npm http fetch GET 200 https://npm.cloudsmith.io/vlt/benchmarks/lodash.flattendeep 323ms (cache miss)
npm http fetch GET 200 https://npm.cloudsmith.io/vlt/benchmarks/release-zalgo 383ms (cache miss)
npm http fetch GET 200 https://npm.cloudsmith.io/vlt/benchmarks/is-typedarray 299ms (cache miss)
npm http fetch GET 200 https://npm.cloudsmith.io/vlt/benchmarks/typedarray-to-buffer 288ms (cache miss)
npm http fetch GET 200 https://npm.cloudsmith.io/vlt/benchmarks/default-require-extensions 281ms (cache miss)
npm http fetch GET 200 https://npm.cloudsmith.io/vlt/benchmarks/clean-stack 294ms (cache miss)
npm http fetch GET 200 https://npm.cloudsmith.io/vlt/benchmarks/indent-string 304ms (cache miss)
npm http fetch GET 200 https://npm.cloudsmith.io/vlt/benchmarks/es6-error 277ms (cache miss)
npm http fetch GET 200 https://npm.cloudsmith.io/vlt/benchmarks/lower-case 308ms (cache miss)
npm http fetch GET 200 https://npm.cloudsmith.io/vlt/benchmarks/cssesc 308ms (cache miss)
npm http fetch GET 200 https://npm.cloudsmith.io/vlt/benchmarks/css-select 38ms (cache updated)
npm http fetch GET 200 https://npm.cloudsmith.io/vlt/benchmarks/dom-converter 283ms (cache miss)
npm http fetch GET 200 https://npm.cloudsmith.io/vlt/benchmarks/htmlparser2 336ms (cache miss)
npm http fetch GET 200 https://npm.cloudsmith.io/vlt/benchmarks/proxy-agent 289ms (cache miss)
npm http fetch GET 200 https://npm.cloudsmith.io/vlt/benchmarks/extract-zip 299ms (cache miss)
npm http fetch GET 200 https://npm.cloudsmith.io/vlt/benchmarks/progress 325ms (cache miss)
npm http fetch GET 200 https://npm.cloudsmith.io/vlt/benchmarks/tar-fs 237ms (cache updated)
npm http fetch GET 200 https://npm.cloudsmith.io/vlt/benchmarks/unbzip2-stream 295ms (cache miss)
npm http fetch GET 200 https://npm.cloudsmith.io/vlt/benchmarks/env-paths 296ms (cache miss)
npm http fetch GET 200 https://npm.cloudsmith.io/vlt/benchmarks/get-stream 242ms (cache updated)
npm http fetch GET 200 https://npm.cloudsmith.io/vlt/benchmarks/@types%2fyauzl 292ms (cache miss)
npm http fetch GET 200 https://npm.cloudsmith.io/vlt/benchmarks/yauzl 308ms (cache miss)
npm http fetch GET 200 https://npm.cloudsmith.io/vlt/benchmarks/lru-cache 259ms (cache updated)
npm http fetch GET 200 https://npm.cloudsmith.io/vlt/benchmarks/proxy-from-env 243ms (cache updated)
npm http fetch GET 200 https://npm.cloudsmith.io/vlt/benchmarks/pac-proxy-agent 304ms (cache miss)
npm http fetch GET 200 https://npm.cloudsmith.io/vlt/benchmarks/socks-proxy-agent 295ms (cache miss)
npm http fetch GET 200 https://npm.cloudsmith.io/vlt/benchmarks/tar-stream 254ms (cache updated)
npm http fetch GET 200 https://npm.cloudsmith.io/vlt/benchmarks/bare-fs 347ms (cache miss)
npm http fetch GET 200 https://npm.cloudsmith.io/vlt/benchmarks/bare-path 282ms (cache miss)
npm http fetch GET 200 https://npm.cloudsmith.io/vlt/benchmarks/fd-slicer 306ms (cache miss)
npm http fetch GET 200 https://npm.cloudsmith.io/vlt/benchmarks/buffer-crc32 377ms (cache miss)
npm http fetch GET 200 https://npm.cloudsmith.io/vlt/benchmarks/pac-resolver 308ms (cache miss)
npm http fetch GET 200 https://npm.cloudsmith.io/vlt/benchmarks/get-uri 319ms (cache miss)
npm http fetch GET 200 https://npm.cloudsmith.io/vlt/benchmarks/@tootallnate%2fquickjs-emscripten 373ms (cache miss)
npm http fetch GET 200 https://npm.cloudsmith.io/vlt/benchmarks/socks 301ms (cache miss)
npm http fetch GET 200 https://npm.cloudsmith.io/vlt/benchmarks/basic-ftp 315ms (cache miss)
npm http fetch GET 200 https://npm.cloudsmith.io/vlt/benchmarks/degenerator 322ms (cache miss)
npm http fetch GET 200 https://npm.cloudsmith.io/vlt/benchmarks/data-uri-to-buffer 378ms (cache miss)
npm http fetch GET 200 https://npm.cloudsmith.io/vlt/benchmarks/netmask 286ms (cache miss)
npm http fetch GET 200 https://npm.cloudsmith.io/vlt/benchmarks/escodegen 317ms (cache miss)
npm http fetch GET 200 https://npm.cloudsmith.io/vlt/benchmarks/ast-types 342ms (cache miss)
npm http fetch GET 200 https://npm.cloudsmith.io/vlt/benchmarks/urlpattern-polyfill 298ms (cache miss)
npm http fetch GET 200 https://npm.cloudsmith.io/vlt/benchmarks/zod 773ms (cache miss)
npm http fetch GET 200 https://npm.cloudsmith.io/vlt/benchmarks/mitt 872ms (cache miss)
npm http fetch GET 200 https://npm.cloudsmith.io/vlt/benchmarks/@react-dnd%2fasap 325ms (cache miss)
npm http fetch GET 200 https://npm.cloudsmith.io/vlt/benchmarks/redux 356ms (cache miss)
npm http fetch GET 200 https://npm.cloudsmith.io/vlt/benchmarks/react-is 376ms (cache updated)
npm http fetch GET 200 https://npm.cloudsmith.io/vlt/benchmarks/@babel%2fruntime 328ms (cache updated)
npm http fetch GET 200 https://npm.cloudsmith.io/vlt/benchmarks/unicode-canonical-property-names-ecmascript 323ms (cache miss)
npm http fetch GET 200 https://npm.cloudsmith.io/vlt/benchmarks/unicode-property-aliases-ecmascript 353ms (cache miss)
npm http fetch GET 200 https://npm.cloudsmith.io/vlt/benchmarks/css-what 39ms (cache updated)
npm http fetch GET 200 https://npm.cloudsmith.io/vlt/benchmarks/boolbase 292ms (cache miss)
npm http fetch GET 200 https://npm.cloudsmith.io/vlt/benchmarks/domhandler 313ms (cache miss)
npm http fetch GET 200 https://npm.cloudsmith.io/vlt/benchmarks/domutils 316ms (cache miss)
npm http fetch GET 200 https://npm.cloudsmith.io/vlt/benchmarks/nth-check 321ms (cache miss)
npm http fetch GET 200 https://npm.cloudsmith.io/vlt/benchmarks/domhandler 12ms (cache updated)
npm http fetch GET 200 https://npm.cloudsmith.io/vlt/benchmarks/domutils 35ms (cache updated)
npm http fetch GET 200 https://npm.cloudsmith.io/vlt/benchmarks/entities 13ms (cache updated)
npm http fetch GET 200 https://npm.cloudsmith.io/vlt/benchmarks/utila 519ms (cache miss)
npm http fetch GET 200 https://npm.cloudsmith.io/vlt/benchmarks/domelementtype 515ms (cache miss)
npm http fetch GET 200 https://npm.cloudsmith.io/vlt/benchmarks/domelementtype 13ms (cache updated)
npm http fetch GET 200 https://npm.cloudsmith.io/vlt/benchmarks/domelementtype 247ms (cache updated)
npm http fetch GET 200 https://npm.cloudsmith.io/vlt/benchmarks/dom-serializer 301ms (cache miss)
npm http fetch GET 200 https://npm.cloudsmith.io/vlt/benchmarks/is-windows 55ms (cache updated)
npm http fetch GET 200 https://npm.cloudsmith.io/vlt/benchmarks/global-prefix 290ms (cache updated)
npm http fetch GET 200 https://npm.cloudsmith.io/vlt/benchmarks/os-homedir 297ms (cache miss)
npm http fetch GET 200 https://npm.cloudsmith.io/vlt/benchmarks/which 246ms (cache updated)
npm http fetch GET 200 https://npm.cloudsmith.io/vlt/benchmarks/homedir-polyfill 275ms (cache miss)
npm http fetch GET 200 https://npm.cloudsmith.io/vlt/benchmarks/js-tokens 251ms (cache updated)
npm http fetch GET 200 https://npm.cloudsmith.io/vlt/benchmarks/@babel%2fhelper-validator-identifier 270ms (cache updated)
npm http fetch GET 200 https://npm.cloudsmith.io/vlt/benchmarks/html-minifier-terser 266ms (cache updated)
npm http fetch GET 200 https://npm.cloudsmith.io/vlt/benchmarks/parse-literals 297ms (cache miss)
npm http fetch GET 200 https://npm.cloudsmith.io/vlt/benchmarks/commander 15ms (cache updated)
npm http fetch GET 200 https://npm.cloudsmith.io/vlt/benchmarks/typescript 425ms (cache updated)
npm http fetch GET 200 https://npm.cloudsmith.io/vlt/benchmarks/@parcel%2fwatcher-darwin-x64 278ms (cache miss)
npm http fetch GET 200 https://npm.cloudsmith.io/vlt/benchmarks/@parcel%2fwatcher-win32-x64 310ms (cache miss)
npm http fetch GET 200 https://npm.cloudsmith.io/vlt/benchmarks/@parcel%2fwatcher-darwin-arm64 316ms (cache miss)
npm http fetch GET 200 https://npm.cloudsmith.io/vlt/benchmarks/@parcel%2fwatcher-linux-x64-musl 278ms (cache miss)
npm http fetch GET 200 https://npm.cloudsmith.io/vlt/benchmarks/@parcel%2fwatcher-win32-arm64 332ms (cache miss)
npm http fetch GET 200 https://npm.cloudsmith.io/vlt/benchmarks/@parcel%2fwatcher-linux-x64-glibc 339ms (cache miss)
npm http fetch GET 200 https://npm.cloudsmith.io/vlt/benchmarks/@parcel%2fwatcher-linux-arm64-glibc 280ms (cache miss)
npm http fetch GET 200 https://npm.cloudsmith.io/vlt/benchmarks/@parcel%2fwatcher-linux-arm64-musl 289ms (cache miss)
npm http fetch GET 200 https://npm.cloudsmith.io/vlt/benchmarks/@parcel%2fwatcher-linux-arm-glibc 294ms (cache miss)
npm http fetch GET 200 https://npm.cloudsmith.io/vlt/benchmarks/@parcel%2fwatcher-android-arm64 289ms (cache miss)
npm http fetch GET 200 https://npm.cloudsmith.io/vlt/benchmarks/@parcel%2fwatcher-freebsd-x64 288ms (cache miss)
npm http fetch GET 200 https://npm.cloudsmith.io/vlt/benchmarks/@parcel%2fwatcher-linux-arm-musl 401ms (cache miss)
npm http fetch GET 200 https://npm.cloudsmith.io/vlt/benchmarks/readdirp 402ms (cache updated)
npm http fetch GET 200 https://npm.cloudsmith.io/vlt/benchmarks/ip-address 315ms (cache miss)
npm http fetch GET 200 https://npm.cloudsmith.io/vlt/benchmarks/smart-buffer 326ms (cache miss)
npm http fetch GET 200 https://npm.cloudsmith.io/vlt/benchmarks/domutils 18ms (cache updated)
npm http fetch GET 200 https://npm.cloudsmith.io/vlt/benchmarks/domhandler 38ms (cache updated)
npm http fetch GET 200 https://npm.cloudsmith.io/vlt/benchmarks/css-tree 36ms (cache updated)
npm http fetch GET 200 https://npm.cloudsmith.io/vlt/benchmarks/mdn-data 324ms (cache miss)
npm http fetch GET 200 https://npm.cloudsmith.io/vlt/benchmarks/mdn-data 12ms (cache updated)
npm http fetch GET 200 https://npm.cloudsmith.io/vlt/benchmarks/array.prototype.reduce 285ms (cache miss)
npm http fetch GET 200 https://npm.cloudsmith.io/vlt/benchmarks/es-array-method-boxes-properly 380ms (cache miss)
npm http fetch GET 200 https://npm.cloudsmith.io/vlt/benchmarks/@esbuild%2faix-ppc64 276ms (cache miss)
npm http fetch GET 200 https://npm.cloudsmith.io/vlt/benchmarks/@esbuild%2fandroid-arm 316ms (cache miss)
npm http fetch GET 200 https://npm.cloudsmith.io/vlt/benchmarks/@esbuild%2fandroid-arm64 372ms (cache miss)
npm http fetch GET 200 https://npm.cloudsmith.io/vlt/benchmarks/@esbuild%2fandroid-x64 294ms (cache miss)
npm http fetch GET 200 https://npm.cloudsmith.io/vlt/benchmarks/@esbuild%2fdarwin-arm64 321ms (cache miss)
npm http fetch GET 200 https://npm.cloudsmith.io/vlt/benchmarks/@esbuild%2fdarwin-x64 318ms (cache miss)
npm http fetch GET 200 https://npm.cloudsmith.io/vlt/benchmarks/@esbuild%2ffreebsd-arm64 306ms (cache miss)
npm http fetch GET 200 https://npm.cloudsmith.io/vlt/benchmarks/@esbuild%2ffreebsd-x64 342ms (cache miss)
npm http fetch GET 200 https://npm.cloudsmith.io/vlt/benchmarks/@esbuild%2flinux-arm 361ms (cache miss)
npm http fetch GET 200 https://npm.cloudsmith.io/vlt/benchmarks/@esbuild%2flinux-arm64 314ms (cache miss)
npm http fetch GET 200 https://npm.cloudsmith.io/vlt/benchmarks/@esbuild%2flinux-ia32 330ms (cache miss)
npm http fetch GET 200 https://npm.cloudsmith.io/vlt/benchmarks/@esbuild%2flinux-loong64 319ms (cache miss)
npm http fetch GET 200 https://npm.cloudsmith.io/vlt/benchmarks/@esbuild%2flinux-mips64el 341ms (cache miss)
npm http fetch GET 200 https://npm.cloudsmith.io/vlt/benchmarks/@esbuild%2flinux-ppc64 308ms (cache miss)
npm http fetch GET 200 https://npm.cloudsmith.io/vlt/benchmarks/@esbuild%2flinux-riscv64 394ms (cache miss)
npm http fetch GET 200 https://npm.cloudsmith.io/vlt/benchmarks/@esbuild%2flinux-s390x 348ms (cache miss)
npm http fetch GET 200 https://npm.cloudsmith.io/vlt/benchmarks/@esbuild%2flinux-x64 316ms (cache miss)
npm http fetch GET 200 https://npm.cloudsmith.io/vlt/benchmarks/@esbuild%2fnetbsd-arm64 280ms (cache miss)
npm http fetch GET 200 https://npm.cloudsmith.io/vlt/benchmarks/@esbuild%2fnetbsd-x64 319ms (cache miss)
npm http fetch GET 200 https://npm.cloudsmith.io/vlt/benchmarks/@esbuild%2fopenbsd-arm64 288ms (cache miss)
npm http fetch GET 200 https://npm.cloudsmith.io/vlt/benchmarks/@esbuild%2fopenbsd-x64 300ms (cache miss)
npm http fetch GET 200 https://npm.cloudsmith.io/vlt/benchmarks/@esbuild%2fopenharmony-arm64 332ms (cache miss)
npm http fetch GET 200 https://npm.cloudsmith.io/vlt/benchmarks/@esbuild%2fsunos-x64 361ms (cache miss)
npm http fetch GET 200 https://npm.cloudsmith.io/vlt/benchmarks/@esbuild%2fwin32-arm64 349ms (cache miss)
npm http fetch GET 200 https://npm.cloudsmith.io/vlt/benchmarks/@esbuild%2fwin32-x64 309ms (cache miss)
npm http fetch GET 200 https://npm.cloudsmith.io/vlt/benchmarks/@esbuild%2fwin32-ia32 388ms (cache miss)
npm http fetch GET 200 https://npm.cloudsmith.io/vlt/benchmarks/@hapi%2faddress 295ms (cache miss)
npm http fetch GET 200 https://npm.cloudsmith.io/vlt/benchmarks/@hapi%2fformula 304ms (cache miss)
npm http fetch GET 200 https://npm.cloudsmith.io/vlt/benchmarks/@hapi%2ftlds 281ms (cache miss)
npm http fetch GET 200 https://npm.cloudsmith.io/vlt/benchmarks/@hapi%2fhoek 645ms (cache miss)
npm http fetch GET 200 https://npm.cloudsmith.io/vlt/benchmarks/@hapi%2fpinpoint 513ms (cache miss)
npm http fetch GET 200 https://npm.cloudsmith.io/vlt/benchmarks/@hapi%2ftopo 361ms (cache miss)
npm http fetch GET 200 https://npm.cloudsmith.io/vlt/benchmarks/@standard-schema%2fspec 302ms (cache miss)
npm http fetch GET 200 https://npm.cloudsmith.io/vlt/benchmarks/@hapi%2fhoek 36ms (cache updated)
npm http fetch GET 200 https://npm.cloudsmith.io/vlt/benchmarks/totalist 287ms (cache miss)
npm http fetch GET 200 https://npm.cloudsmith.io/vlt/benchmarks/@polka%2furl 291ms (cache miss)
npm http fetch GET 200 https://npm.cloudsmith.io/vlt/benchmarks/mrmime 319ms (cache miss)
npm http fetch GET 200 https://npm.cloudsmith.io/vlt/benchmarks/webpack 312ms (cache updated)
npm http fetch GET 200 https://npm.cloudsmith.io/vlt/benchmarks/@types%2fexpress-serve-static-core 259ms (cache updated)
npm http fetch GET 200 https://npm.cloudsmith.io/vlt/benchmarks/@types%2fbody-parser 331ms (cache miss)
npm http fetch GET 200 https://npm.cloudsmith.io/vlt/benchmarks/@types%2fexpress-serve-static-core 549ms (cache updated)
npm http fetch GET 200 https://npm.cloudsmith.io/vlt/benchmarks/@types%2fserve-static 257ms (cache updated)
npm http fetch GET 200 https://npm.cloudsmith.io/vlt/benchmarks/@types%2fqs 352ms (cache miss)
npm http fetch GET 200 https://npm.cloudsmith.io/vlt/benchmarks/@types%2fqs 281ms (cache miss)
npm http fetch GET 200 https://npm.cloudsmith.io/vlt/benchmarks/@types%2frange-parser 283ms (cache miss)
npm http fetch GET 200 https://npm.cloudsmith.io/vlt/benchmarks/@types%2fsend 296ms (cache miss)
npm http fetch GET 200 https://npm.cloudsmith.io/vlt/benchmarks/@types%2fsend 249ms (cache miss)
npm http fetch GET 200 https://npm.cloudsmith.io/vlt/benchmarks/@types%2fhttp-errors 317ms (cache miss)
npm http fetch GET 200 https://npm.cloudsmith.io/vlt/benchmarks/multicast-dns 299ms (cache miss)
npm http fetch GET 200 https://npm.cloudsmith.io/vlt/benchmarks/bytes 317ms (cache miss)
npm http fetch GET 200 https://npm.cloudsmith.io/vlt/benchmarks/compressible 302ms (cache miss)
npm http fetch GET 200 https://npm.cloudsmith.io/vlt/benchmarks/debug 259ms (cache updated)
npm http fetch GET 200 https://npm.cloudsmith.io/vlt/benchmarks/destroy 292ms (cache miss)
npm http fetch GET 200 https://npm.cloudsmith.io/vlt/benchmarks/negotiator 312ms (cache miss)
npm http fetch GET 200 https://npm.cloudsmith.io/vlt/benchmarks/on-headers 324ms (cache miss)
npm http fetch GET 200 https://npm.cloudsmith.io/vlt/benchmarks/vary 297ms (cache miss)
npm http fetch GET 200 https://npm.cloudsmith.io/vlt/benchmarks/accepts 287ms (cache miss)
npm http fetch GET 200 https://npm.cloudsmith.io/vlt/benchmarks/array-flatten 286ms (cache miss)
npm http fetch GET 200 https://npm.cloudsmith.io/vlt/benchmarks/body-parser 315ms (cache miss)
npm http fetch GET 200 https://npm.cloudsmith.io/vlt/benchmarks/content-disposition 345ms (cache miss)
npm http fetch GET 200 https://npm.cloudsmith.io/vlt/benchmarks/cookie 336ms (cache miss)
npm http fetch GET 200 https://npm.cloudsmith.io/vlt/benchmarks/content-type 668ms (cache miss)
npm http fetch GET 200 https://npm.cloudsmith.io/vlt/benchmarks/cookie-signature 350ms (cache miss)
npm http fetch GET 200 https://npm.cloudsmith.io/vlt/benchmarks/depd 300ms (cache miss)
npm http fetch GET 200 https://npm.cloudsmith.io/vlt/benchmarks/encodeurl 287ms (cache miss)
npm http fetch GET 200 https://npm.cloudsmith.io/vlt/benchmarks/escape-html 293ms (cache miss)
npm http fetch GET 200 https://npm.cloudsmith.io/vlt/benchmarks/finalhandler 295ms (cache miss)
npm http fetch GET 200 https://npm.cloudsmith.io/vlt/benchmarks/fresh 291ms (cache miss)
npm http fetch GET 200 https://npm.cloudsmith.io/vlt/benchmarks/etag 434ms (cache miss)
npm http fetch GET 200 https://npm.cloudsmith.io/vlt/benchmarks/http-errors 294ms (cache miss)
npm http fetch GET 200 https://npm.cloudsmith.io/vlt/benchmarks/merge-descriptors 299ms (cache miss)
npm http fetch GET 200 https://npm.cloudsmith.io/vlt/benchmarks/methods 284ms (cache miss)
npm http fetch GET 200 https://npm.cloudsmith.io/vlt/benchmarks/parseurl 309ms (cache miss)
npm http fetch GET 200 https://npm.cloudsmith.io/vlt/benchmarks/path-to-regexp 322ms (cache miss)
npm http fetch GET 200 https://npm.cloudsmith.io/vlt/benchmarks/on-finished 529ms (cache miss)
npm http fetch GET 200 https://npm.cloudsmith.io/vlt/benchmarks/proxy-addr 347ms (cache miss)
