npm http fetch GET 200 https://vltoss.jfrog.io/artifactory/api/npm/benchmark-npm-remote/canvas 394ms (cache miss)
npm http fetch GET 200 https://vltoss.jfrog.io/artifactory/api/npm/benchmark-npm-remote/@alex_neo%2fjest-expect-message 48ms (cache miss)
npm http fetch GET 200 https://vltoss.jfrog.io/artifactory/api/npm/benchmark-npm-remote/@eslint%2fjs 78ms (cache miss)
npm http fetch GET 200 https://vltoss.jfrog.io/artifactory/api/npm/benchmark-npm-remote/@nrwl%2ftao 201ms (cache miss)
npm http fetch GET 200 https://vltoss.jfrog.io/artifactory/api/npm/benchmark-npm-remote/@nrwl%2fworkspace 251ms (cache miss)
npm http fetch GET 200 https://vltoss.jfrog.io/artifactory/api/npm/benchmark-npm-remote/@playwright%2ftest 483ms (cache miss)
npm http fetch GET 200 https://vltoss.jfrog.io/artifactory/api/npm/benchmark-npm-remote/@types%2fexpect-puppeteer 39ms (cache miss)
npm http fetch GET 200 https://vltoss.jfrog.io/artifactory/api/npm/benchmark-npm-remote/@types%2ffs-extra 42ms (cache miss)
npm http fetch GET 200 https://vltoss.jfrog.io/artifactory/api/npm/benchmark-npm-remote/@types%2fjest 55ms (cache miss)
npm http fetch GET 200 https://vltoss.jfrog.io/artifactory/api/npm/benchmark-npm-remote/@types%2fjest-environment-puppeteer 44ms (cache miss)
npm http fetch GET 200 https://vltoss.jfrog.io/artifactory/api/npm/benchmark-npm-remote/@types%2fjest-expect-message 37ms (cache miss)
npm http fetch GET 200 https://vltoss.jfrog.io/artifactory/api/npm/benchmark-npm-remote/@types%2fpuppeteer 43ms (cache miss)
npm http fetch GET 200 https://vltoss.jfrog.io/artifactory/api/npm/benchmark-npm-remote/@typescript-eslint%2feslint-plugin 828ms (cache miss)
npm http fetch GET 200 https://vltoss.jfrog.io/artifactory/api/npm/benchmark-npm-remote/@typescript-eslint%2fparser 601ms (cache miss)
npm http fetch GET 200 https://vltoss.jfrog.io/artifactory/api/npm/benchmark-npm-remote/eslint 122ms (cache miss)
npm http fetch GET 200 https://vltoss.jfrog.io/artifactory/api/npm/benchmark-npm-remote/typescript 704ms (cache miss)
npm http fetch GET 200 https://vltoss.jfrog.io/artifactory/api/npm/benchmark-npm-remote/ajv 87ms (cache miss)
npm http fetch GET 200 https://vltoss.jfrog.io/artifactory/api/npm/benchmark-npm-remote/chokidar 52ms (cache miss)
npm http fetch GET 200 https://vltoss.jfrog.io/artifactory/api/npm/benchmark-npm-remote/dotenv 48ms (cache miss)
npm http fetch GET 200 https://vltoss.jfrog.io/artifactory/api/npm/benchmark-npm-remote/es-check 59ms (cache miss)
npm http fetch GET 200 https://vltoss.jfrog.io/artifactory/api/npm/benchmark-npm-remote/eslint-config-prettier 48ms (cache miss)
npm http fetch GET 200 https://vltoss.jfrog.io/artifactory/api/npm/benchmark-npm-remote/eslint-formatter-azure-devops 40ms (cache miss)
npm http fetch GET 200 https://vltoss.jfrog.io/artifactory/api/npm/benchmark-npm-remote/eslint-plugin-github 54ms (cache miss)
npm http fetch GET 200 https://vltoss.jfrog.io/artifactory/api/npm/benchmark-npm-remote/eslint-plugin-import 56ms (cache miss)
npm http fetch GET 200 https://vltoss.jfrog.io/artifactory/api/npm/benchmark-npm-remote/eslint-plugin-jest 102ms (cache miss)
npm http fetch GET 200 https://vltoss.jfrog.io/artifactory/api/npm/benchmark-npm-remote/jest 74ms (cache miss)
npm http fetch GET 200 https://vltoss.jfrog.io/artifactory/api/npm/benchmark-npm-remote/eslint-plugin-jsdoc 193ms (cache miss)
npm http fetch GET 200 https://vltoss.jfrog.io/artifactory/api/npm/benchmark-npm-remote/eslint-plugin-prettier 50ms (cache miss)
npm http fetch GET 200 https://vltoss.jfrog.io/artifactory/api/npm/benchmark-npm-remote/prettier 62ms (cache miss)
npm http fetch GET 200 https://vltoss.jfrog.io/artifactory/api/npm/benchmark-npm-remote/eslint-plugin-tsdoc 41ms (cache miss)
npm http fetch GET 200 https://vltoss.jfrog.io/artifactory/api/npm/benchmark-npm-remote/fs-extra 45ms (cache miss)
npm http fetch GET 200 https://vltoss.jfrog.io/artifactory/api/npm/benchmark-npm-remote/glob 59ms (cache miss)
npm http fetch GET 200 https://vltoss.jfrog.io/artifactory/api/npm/benchmark-npm-remote/globals 57ms (cache miss)
npm http fetch GET 200 https://vltoss.jfrog.io/artifactory/api/npm/benchmark-npm-remote/jest-environment-jsdom 58ms (cache miss)
npm http fetch GET 200 https://vltoss.jfrog.io/artifactory/api/npm/benchmark-npm-remote/jest-junit 44ms (cache miss)
npm http fetch GET 200 https://vltoss.jfrog.io/artifactory/api/npm/benchmark-npm-remote/mini-css-extract-plugin 48ms (cache miss)
npm http fetch GET 200 https://vltoss.jfrog.io/artifactory/api/npm/benchmark-npm-remote/webpack 231ms (cache miss)
npm http fetch GET 200 https://vltoss.jfrog.io/artifactory/api/npm/benchmark-npm-remote/nx 628ms (cache miss)
npm http fetch GET 200 https://vltoss.jfrog.io/artifactory/api/npm/benchmark-npm-remote/rimraf 53ms (cache miss)
npm http fetch GET 200 https://vltoss.jfrog.io/artifactory/api/npm/benchmark-npm-remote/ts-jest 89ms (cache miss)
npm http fetch GET 200 https://vltoss.jfrog.io/artifactory/api/npm/benchmark-npm-remote/ts-node 63ms (cache miss)
npm http fetch GET 200 https://vltoss.jfrog.io/artifactory/api/npm/benchmark-npm-remote/@types%2fnode 259ms (cache miss)
npm http fetch GET 200 https://vltoss.jfrog.io/artifactory/api/npm/benchmark-npm-remote/ts-patch 45ms (cache miss)
npm http fetch GET 200 https://vltoss.jfrog.io/artifactory/api/npm/benchmark-npm-remote/tslib 42ms (cache miss)
npm http fetch GET 200 https://vltoss.jfrog.io/artifactory/api/npm/benchmark-npm-remote/typedoc 86ms (cache miss)
npm http fetch GET 200 https://vltoss.jfrog.io/artifactory/api/npm/benchmark-npm-remote/webpack-cli 59ms (cache miss)
npm http fetch GET 200 https://vltoss.jfrog.io/artifactory/api/npm/benchmark-npm-remote/nx 125ms (cache revalidated)
npm http fetch GET 200 https://vltoss.jfrog.io/artifactory/api/npm/benchmark-npm-remote/tslib 191ms (cache revalidated)
npm http fetch GET 200 https://vltoss.jfrog.io/artifactory/api/npm/benchmark-npm-remote/@types%2fjest 55ms (cache revalidated)
npm http fetch GET 200 https://vltoss.jfrog.io/artifactory/api/npm/benchmark-npm-remote/@types%2fpuppeteer 34ms (cache revalidated)
npm http fetch GET 200 https://vltoss.jfrog.io/artifactory/api/npm/benchmark-npm-remote/@nx%2fworkspace 336ms (cache miss)
npm http fetch GET 200 https://vltoss.jfrog.io/artifactory/api/npm/benchmark-npm-remote/pretty-format 143ms (cache miss)
npm http fetch GET 200 https://vltoss.jfrog.io/artifactory/api/npm/benchmark-npm-remote/jest-matcher-utils 89ms (cache miss)
npm http fetch GET 200 https://vltoss.jfrog.io/artifactory/api/npm/benchmark-npm-remote/@jest%2ftypes 45ms (cache miss)
npm http fetch GET 200 https://vltoss.jfrog.io/artifactory/api/npm/benchmark-npm-remote/ignore 55ms (cache miss)
npm http fetch GET 200 https://vltoss.jfrog.io/artifactory/api/npm/benchmark-npm-remote/jest-environment-node 99ms (cache miss)
npm http fetch GET 200 https://vltoss.jfrog.io/artifactory/api/npm/benchmark-npm-remote/ts-api-utils 54ms (cache miss)
npm http fetch GET 200 https://vltoss.jfrog.io/artifactory/api/npm/benchmark-npm-remote/natural-compare 54ms (cache miss)
npm http fetch GET 200 https://vltoss.jfrog.io/artifactory/api/npm/benchmark-npm-remote/@eslint-community%2fregexpp 45ms (cache miss)
npm http fetch GET 200 https://vltoss.jfrog.io/artifactory/api/npm/benchmark-npm-remote/playwright 873ms (cache miss)
npm http fetch GET 200 https://vltoss.jfrog.io/artifactory/api/npm/benchmark-npm-remote/@typescript-eslint%2ftype-utils 663ms (cache miss)
npm http fetch GET 200 https://vltoss.jfrog.io/artifactory/api/npm/benchmark-npm-remote/@typescript-eslint%2futils 854ms (cache miss)
npm http fetch GET 200 https://vltoss.jfrog.io/artifactory/api/npm/benchmark-npm-remote/debug 66ms (cache miss)
npm http fetch GET 200 https://vltoss.jfrog.io/artifactory/api/npm/benchmark-npm-remote/@typescript-eslint%2fvisitor-keys 942ms (cache miss)
npm http fetch GET 200 https://vltoss.jfrog.io/artifactory/api/npm/benchmark-npm-remote/@typescript-eslint%2fscope-manager 839ms (cache miss)
npm http fetch GET 200 https://vltoss.jfrog.io/artifactory/api/npm/benchmark-npm-remote/@typescript-eslint%2ftypes 791ms (cache miss)
npm http fetch GET 200 https://vltoss.jfrog.io/artifactory/api/npm/benchmark-npm-remote/ajv 91ms (cache revalidated)
npm http fetch GET 200 https://vltoss.jfrog.io/artifactory/api/npm/benchmark-npm-remote/chalk 53ms (cache miss)
npm http fetch GET 200 https://vltoss.jfrog.io/artifactory/api/npm/benchmark-npm-remote/debug 39ms (cache revalidated)
npm http fetch GET 200 https://vltoss.jfrog.io/artifactory/api/npm/benchmark-npm-remote/espree 70ms (cache miss)
npm http fetch GET 200 https://vltoss.jfrog.io/artifactory/api/npm/benchmark-npm-remote/ignore 42ms (cache revalidated)
npm http fetch GET 200 https://vltoss.jfrog.io/artifactory/api/npm/benchmark-npm-remote/esquery 50ms (cache miss)
npm http fetch GET 200 https://vltoss.jfrog.io/artifactory/api/npm/benchmark-npm-remote/esutils 41ms (cache miss)
npm http fetch GET 200 https://vltoss.jfrog.io/artifactory/api/npm/benchmark-npm-remote/find-up 41ms (cache miss)
npm http fetch GET 200 https://vltoss.jfrog.io/artifactory/api/npm/benchmark-npm-remote/is-glob 44ms (cache miss)
npm http fetch GET 200 https://vltoss.jfrog.io/artifactory/api/npm/benchmark-npm-remote/minimatch 62ms (cache miss)
npm http fetch GET 200 https://vltoss.jfrog.io/artifactory/api/npm/benchmark-npm-remote/@typescript-eslint%2fscope-manager 859ms (cache miss)
npm http fetch GET 200 https://vltoss.jfrog.io/artifactory/api/npm/benchmark-npm-remote/optionator 43ms (cache miss)
npm http fetch GET 200 https://vltoss.jfrog.io/artifactory/api/npm/benchmark-npm-remote/cross-spawn 45ms (cache miss)
npm http fetch GET 200 https://vltoss.jfrog.io/artifactory/api/npm/benchmark-npm-remote/glob-parent 43ms (cache miss)
npm http fetch GET 200 https://vltoss.jfrog.io/artifactory/api/npm/benchmark-npm-remote/imurmurhash 42ms (cache miss)
npm http fetch GET 200 https://vltoss.jfrog.io/artifactory/api/npm/benchmark-npm-remote/@eslint%2fcore 43ms (cache miss)
npm http fetch GET 200 https://vltoss.jfrog.io/artifactory/api/npm/benchmark-npm-remote/@typescript-eslint%2ftypescript-estree 855ms (cache miss)
npm http fetch GET 200 https://vltoss.jfrog.io/artifactory/api/npm/benchmark-npm-remote/lodash.merge 65ms (cache miss)
npm http fetch GET 200 https://vltoss.jfrog.io/artifactory/api/npm/benchmark-npm-remote/eslint-scope 73ms (cache miss)
npm http fetch GET 200 https://vltoss.jfrog.io/artifactory/api/npm/benchmark-npm-remote/@humanfs%2fnode 47ms (cache miss)
npm http fetch GET 200 https://vltoss.jfrog.io/artifactory/api/npm/benchmark-npm-remote/fast-deep-equal 69ms (cache miss)
npm http fetch GET 200 https://vltoss.jfrog.io/artifactory/api/npm/benchmark-npm-remote/@types%2festree 77ms (cache miss)
npm http fetch GET 200 https://vltoss.jfrog.io/artifactory/api/npm/benchmark-npm-remote/@eslint%2feslintrc 54ms (cache miss)
npm http fetch GET 200 https://vltoss.jfrog.io/artifactory/api/npm/benchmark-npm-remote/file-entry-cache 49ms (cache miss)
npm http fetch GET 200 https://vltoss.jfrog.io/artifactory/api/npm/benchmark-npm-remote/@eslint%2fplugin-kit 48ms (cache miss)
npm http fetch GET 200 https://vltoss.jfrog.io/artifactory/api/npm/benchmark-npm-remote/eslint-visitor-keys 38ms (cache miss)
npm http fetch GET 200 https://vltoss.jfrog.io/artifactory/api/npm/benchmark-npm-remote/@humanwhocodes%2fretry 41ms (cache miss)
npm http fetch GET 200 https://vltoss.jfrog.io/artifactory/api/npm/benchmark-npm-remote/@eslint%2fconfig-array 49ms (cache miss)
npm http fetch GET 200 https://vltoss.jfrog.io/artifactory/api/npm/benchmark-npm-remote/escape-string-regexp 38ms (cache miss)
npm http fetch GET 200 https://vltoss.jfrog.io/artifactory/api/npm/benchmark-npm-remote/@eslint-community%2fregexpp 54ms (cache revalidated)
npm http fetch GET 200 https://vltoss.jfrog.io/artifactory/api/npm/benchmark-npm-remote/@eslint%2fconfig-helpers 62ms (cache miss)
npm http fetch GET 200 https://vltoss.jfrog.io/artifactory/api/npm/benchmark-npm-remote/@eslint-community%2feslint-utils 63ms (cache miss)
npm http fetch GET 200 https://vltoss.jfrog.io/artifactory/api/npm/benchmark-npm-remote/@humanwhocodes%2fmodule-importer 37ms (cache miss)
npm http fetch GET 200 https://vltoss.jfrog.io/artifactory/api/npm/benchmark-npm-remote/json-stable-stringify-without-jsonify 39ms (cache miss)
npm http fetch GET 200 https://vltoss.jfrog.io/artifactory/api/npm/benchmark-npm-remote/uri-js 42ms (cache miss)
npm http fetch GET 200 https://vltoss.jfrog.io/artifactory/api/npm/benchmark-npm-remote/fast-deep-equal 35ms (cache revalidated)
npm http fetch GET 200 https://vltoss.jfrog.io/artifactory/api/npm/benchmark-npm-remote/require-from-string 41ms (cache miss)
npm http fetch GET 200 https://vltoss.jfrog.io/artifactory/api/npm/benchmark-npm-remote/json-schema-traverse 39ms (cache miss)
npm http fetch GET 200 https://vltoss.jfrog.io/artifactory/api/npm/benchmark-npm-remote/node-addon-api 45ms (cache miss)
npm http fetch GET 200 https://vltoss.jfrog.io/artifactory/api/npm/benchmark-npm-remote/prebuild-install 46ms (cache miss)
npm http fetch GET 200 https://vltoss.jfrog.io/artifactory/api/npm/benchmark-npm-remote/braces 46ms (cache miss)
npm http fetch GET 200 https://vltoss.jfrog.io/artifactory/api/npm/benchmark-npm-remote/is-glob 35ms (cache revalidated)
npm http fetch GET 200 https://vltoss.jfrog.io/artifactory/api/npm/benchmark-npm-remote/anymatch 42ms (cache miss)
npm http fetch GET 200 https://vltoss.jfrog.io/artifactory/api/npm/benchmark-npm-remote/readdirp 44ms (cache miss)
npm http fetch GET 200 https://vltoss.jfrog.io/artifactory/api/npm/benchmark-npm-remote/glob-parent 36ms (cache revalidated)
npm http fetch GET 200 https://vltoss.jfrog.io/artifactory/api/npm/benchmark-npm-remote/is-binary-path 40ms (cache miss)
npm http fetch GET 200 https://vltoss.jfrog.io/artifactory/api/npm/benchmark-npm-remote/normalize-path 39ms (cache miss)
npm http fetch GET 200 https://vltoss.jfrog.io/artifactory/api/npm/benchmark-npm-remote/fsevents 46ms (cache miss)
npm http fetch GET 200 https://vltoss.jfrog.io/artifactory/api/npm/benchmark-npm-remote/acorn 54ms (cache miss)
npm http fetch GET 200 https://vltoss.jfrog.io/artifactory/api/npm/benchmark-npm-remote/winston 52ms (cache miss)
npm http fetch GET 200 https://vltoss.jfrog.io/artifactory/api/npm/benchmark-npm-remote/commander 52ms (cache miss)
npm http fetch GET 200 https://vltoss.jfrog.io/artifactory/api/npm/benchmark-npm-remote/fast-glob 48ms (cache miss)
npm http fetch GET 200 https://vltoss.jfrog.io/artifactory/api/npm/benchmark-npm-remote/supports-color 48ms (cache miss)
npm http fetch GET 200 https://vltoss.jfrog.io/artifactory/api/npm/benchmark-npm-remote/@eslint%2fcompat 40ms (cache miss)
npm http fetch GET 200 https://vltoss.jfrog.io/artifactory/api/npm/benchmark-npm-remote/@github%2fbrowserslist-config 42ms (cache miss)
npm http fetch GET 200 https://vltoss.jfrog.io/artifactory/api/npm/benchmark-npm-remote/aria-query 43ms (cache miss)
npm http fetch GET 200 https://vltoss.jfrog.io/artifactory/api/npm/benchmark-npm-remote/eslint-plugin-escompat 42ms (cache miss)
npm http fetch GET 200 https://vltoss.jfrog.io/artifactory/api/npm/benchmark-npm-remote/eslint-plugin-eslint-comments 41ms (cache miss)
npm http fetch GET 200 https://vltoss.jfrog.io/artifactory/api/npm/benchmark-npm-remote/eslint-plugin-i18n-text 37ms (cache miss)
npm http fetch GET 200 https://vltoss.jfrog.io/artifactory/api/npm/benchmark-npm-remote/eslint-plugin-no-only-tests 39ms (cache miss)
npm http fetch GET 200 https://vltoss.jfrog.io/artifactory/api/npm/benchmark-npm-remote/eslint-plugin-jsx-a11y 56ms (cache miss)
npm http fetch GET 200 https://vltoss.jfrog.io/artifactory/api/npm/benchmark-npm-remote/eslint-plugin-prettier 37ms (cache revalidated)
npm http fetch GET 200 https://vltoss.jfrog.io/artifactory/api/npm/benchmark-npm-remote/eslint-rule-documentation 41ms (cache miss)
npm http fetch GET 200 https://vltoss.jfrog.io/artifactory/api/npm/benchmark-npm-remote/eslint-plugin-filenames 137ms (cache miss)
npm http fetch GET 200 https://vltoss.jfrog.io/artifactory/api/npm/benchmark-npm-remote/globals 36ms (cache revalidated)
npm http fetch GET 200 https://vltoss.jfrog.io/artifactory/api/npm/benchmark-npm-remote/prettier 37ms (cache revalidated)
npm http fetch GET 200 https://vltoss.jfrog.io/artifactory/api/npm/benchmark-npm-remote/jsx-ast-utils 46ms (cache miss)
npm http fetch GET 200 https://vltoss.jfrog.io/artifactory/api/npm/benchmark-npm-remote/svg-element-attributes 38ms (cache miss)
npm http fetch GET 200 https://vltoss.jfrog.io/artifactory/api/npm/benchmark-npm-remote/typescript 48ms (cache revalidated)
npm http fetch GET 200 https://vltoss.jfrog.io/artifactory/api/npm/benchmark-npm-remote/@rtsao%2fscc 87ms (cache miss)
npm http fetch GET 200 https://vltoss.jfrog.io/artifactory/api/npm/benchmark-npm-remote/array.prototype.findlastindex 51ms (cache miss)
npm http fetch GET 200 https://vltoss.jfrog.io/artifactory/api/npm/benchmark-npm-remote/array-includes 69ms (cache miss)
npm http fetch GET 200 https://vltoss.jfrog.io/artifactory/api/npm/benchmark-npm-remote/array.prototype.flat 51ms (cache miss)
npm http fetch GET 200 https://vltoss.jfrog.io/artifactory/api/npm/benchmark-npm-remote/array.prototype.flatmap 50ms (cache miss)
npm http fetch GET 200 https://vltoss.jfrog.io/artifactory/api/npm/benchmark-npm-remote/doctrine 48ms (cache miss)
npm http fetch GET 200 https://vltoss.jfrog.io/artifactory/api/npm/benchmark-npm-remote/eslint-import-resolver-node 42ms (cache miss)
npm http fetch GET 200 https://vltoss.jfrog.io/artifactory/api/npm/benchmark-npm-remote/typescript-eslint 299ms (cache miss)
npm http fetch GET 200 https://vltoss.jfrog.io/artifactory/api/npm/benchmark-npm-remote/hasown 55ms (cache miss)
npm http fetch GET 200 https://vltoss.jfrog.io/artifactory/api/npm/benchmark-npm-remote/eslint-module-utils 61ms (cache miss)
npm http fetch GET 200 https://vltoss.jfrog.io/artifactory/api/npm/benchmark-npm-remote/is-core-module 41ms (cache miss)
npm http fetch GET 200 https://vltoss.jfrog.io/artifactory/api/npm/benchmark-npm-remote/minimatch 39ms (cache revalidated)
npm http fetch GET 200 https://vltoss.jfrog.io/artifactory/api/npm/benchmark-npm-remote/object.fromentries 41ms (cache miss)
npm http fetch GET 200 https://vltoss.jfrog.io/artifactory/api/npm/benchmark-npm-remote/object.groupby 41ms (cache miss)
npm http fetch GET 200 https://vltoss.jfrog.io/artifactory/api/npm/benchmark-npm-remote/object.values 47ms (cache miss)
npm http fetch GET 200 https://vltoss.jfrog.io/artifactory/api/npm/benchmark-npm-remote/semver 51ms (cache miss)
npm http fetch GET 200 https://vltoss.jfrog.io/artifactory/api/npm/benchmark-npm-remote/string.prototype.trimend 40ms (cache miss)
npm http fetch GET 200 https://vltoss.jfrog.io/artifactory/api/npm/benchmark-npm-remote/@typescript-eslint%2futils 43ms (cache revalidated)
npm http fetch GET 200 https://vltoss.jfrog.io/artifactory/api/npm/benchmark-npm-remote/espree 70ms (cache revalidated)
npm http fetch GET 200 https://vltoss.jfrog.io/artifactory/api/npm/benchmark-npm-remote/tsconfig-paths 106ms (cache miss)
npm http fetch GET 200 https://vltoss.jfrog.io/artifactory/api/npm/benchmark-npm-remote/semver 49ms (cache revalidated)
npm http fetch GET 200 https://vltoss.jfrog.io/artifactory/api/npm/benchmark-npm-remote/esquery 39ms (cache revalidated)
npm http fetch GET 200 https://vltoss.jfrog.io/artifactory/api/npm/benchmark-npm-remote/comment-parser 46ms (cache miss)
npm http fetch GET 200 https://vltoss.jfrog.io/artifactory/api/npm/benchmark-npm-remote/are-docs-informative 46ms (cache miss)
npm http fetch GET 200 https://vltoss.jfrog.io/artifactory/api/npm/benchmark-npm-remote/parse-imports-exports 43ms (cache miss)
npm http fetch GET 200 https://vltoss.jfrog.io/artifactory/api/npm/benchmark-npm-remote/@es-joy%2fjsdoccomment 71ms (cache miss)
npm http fetch GET 200 https://vltoss.jfrog.io/artifactory/api/npm/benchmark-npm-remote/spdx-expression-parse 42ms (cache miss)
npm http fetch GET 200 https://vltoss.jfrog.io/artifactory/api/npm/benchmark-npm-remote/synckit 46ms (cache miss)
npm http fetch GET 200 https://vltoss.jfrog.io/artifactory/api/npm/benchmark-npm-remote/prettier-linter-helpers 37ms (cache miss)
npm http fetch GET 200 https://vltoss.jfrog.io/artifactory/api/npm/benchmark-npm-remote/@microsoft%2ftsdoc 43ms (cache miss)
npm http fetch GET 200 https://vltoss.jfrog.io/artifactory/api/npm/benchmark-npm-remote/@typescript-eslint%2futils 43ms (cache revalidated)
npm http fetch GET 200 https://vltoss.jfrog.io/artifactory/api/npm/benchmark-npm-remote/jsonfile 76ms (cache miss)
npm http fetch GET 200 https://vltoss.jfrog.io/artifactory/api/npm/benchmark-npm-remote/@microsoft%2ftsdoc-config 109ms (cache miss)
npm http fetch GET 200 https://vltoss.jfrog.io/artifactory/api/npm/benchmark-npm-remote/graceful-fs 44ms (cache miss)
npm http fetch GET 200 https://vltoss.jfrog.io/artifactory/api/npm/benchmark-npm-remote/universalify 41ms (cache miss)
npm http fetch GET 200 https://vltoss.jfrog.io/artifactory/api/npm/benchmark-npm-remote/minipass 50ms (cache miss)
npm http fetch GET 200 https://vltoss.jfrog.io/artifactory/api/npm/benchmark-npm-remote/jackspeak 47ms (cache miss)
npm http fetch GET 200 https://vltoss.jfrog.io/artifactory/api/npm/benchmark-npm-remote/path-scurry 45ms (cache miss)
npm http fetch GET 200 https://vltoss.jfrog.io/artifactory/api/npm/benchmark-npm-remote/foreground-child 41ms (cache miss)
npm http fetch GET 200 https://vltoss.jfrog.io/artifactory/api/npm/benchmark-npm-remote/package-json-from-dist 40ms (cache miss)
npm http fetch GET 200 https://vltoss.jfrog.io/artifactory/api/npm/benchmark-npm-remote/@jest%2ftypes 37ms (cache revalidated)
npm http fetch GET 200 https://vltoss.jfrog.io/artifactory/api/npm/benchmark-npm-remote/@jest%2fcore 83ms (cache miss)
npm http fetch GET 200 https://vltoss.jfrog.io/artifactory/api/npm/benchmark-npm-remote/jest-cli 106ms (cache miss)
npm http fetch GET 200 https://vltoss.jfrog.io/artifactory/api/npm/benchmark-npm-remote/import-local 39ms (cache miss)
npm http fetch GET 200 https://vltoss.jfrog.io/artifactory/api/npm/benchmark-npm-remote/@types%2fjsdom 56ms (cache miss)
npm http fetch GET 200 https://vltoss.jfrog.io/artifactory/api/npm/benchmark-npm-remote/@jest%2fenvironment 56ms (cache miss)
npm http fetch GET 200 https://vltoss.jfrog.io/artifactory/api/npm/benchmark-npm-remote/jsdom 93ms (cache miss)
npm http fetch GET 200 https://vltoss.jfrog.io/artifactory/api/npm/benchmark-npm-remote/@jest%2fenvironment-jsdom-abstract 41ms (cache miss)
npm http fetch GET 200 https://vltoss.jfrog.io/artifactory/api/npm/benchmark-npm-remote/xml 39ms (cache miss)
npm http fetch GET 200 https://vltoss.jfrog.io/artifactory/api/npm/benchmark-npm-remote/uuid 51ms (cache miss)
npm http fetch GET 200 https://vltoss.jfrog.io/artifactory/api/npm/benchmark-npm-remote/mkdirp 41ms (cache miss)
npm http fetch GET 200 https://vltoss.jfrog.io/artifactory/api/npm/benchmark-npm-remote/strip-ansi 41ms (cache miss)
npm http fetch GET 200 https://vltoss.jfrog.io/artifactory/api/npm/benchmark-npm-remote/schema-utils 46ms (cache miss)
npm http fetch GET 200 https://vltoss.jfrog.io/artifactory/api/npm/benchmark-npm-remote/events 43ms (cache miss)
npm http fetch GET 200 https://vltoss.jfrog.io/artifactory/api/npm/benchmark-npm-remote/mime-db 47ms (cache miss)
npm http fetch GET 200 https://vltoss.jfrog.io/artifactory/api/npm/benchmark-npm-remote/graceful-fs 36ms (cache revalidated)
npm http fetch GET 200 https://vltoss.jfrog.io/artifactory/api/npm/benchmark-npm-remote/tapable 54ms (cache miss)
npm http fetch GET 200 https://vltoss.jfrog.io/artifactory/api/npm/benchmark-npm-remote/watchpack 54ms (cache miss)
npm http fetch GET 200 https://vltoss.jfrog.io/artifactory/api/npm/benchmark-npm-remote/@types%2festree 34ms (cache revalidated)
npm http fetch GET 200 https://vltoss.jfrog.io/artifactory/api/npm/benchmark-npm-remote/schema-utils 38ms (cache revalidated)
npm http fetch GET 200 https://vltoss.jfrog.io/artifactory/api/npm/benchmark-npm-remote/browserslist 63ms (cache miss)
npm http fetch GET 200 https://vltoss.jfrog.io/artifactory/api/npm/benchmark-npm-remote/webpack-sources 47ms (cache miss)
npm http fetch GET 200 https://vltoss.jfrog.io/artifactory/api/npm/benchmark-npm-remote/es-module-lexer 54ms (cache miss)
npm http fetch GET 200 https://vltoss.jfrog.io/artifactory/api/npm/benchmark-npm-remote/enhanced-resolve 57ms (cache miss)
npm http fetch GET 200 https://vltoss.jfrog.io/artifactory/api/npm/benchmark-npm-remote/@types%2fjson-schema 41ms (cache miss)
npm http fetch GET 200 https://vltoss.jfrog.io/artifactory/api/npm/benchmark-npm-remote/@webassemblyjs%2fast 48ms (cache miss)
npm http fetch GET 200 https://vltoss.jfrog.io/artifactory/api/npm/benchmark-npm-remote/chrome-trace-event 41ms (cache miss)
npm http fetch GET 200 https://vltoss.jfrog.io/artifactory/api/npm/benchmark-npm-remote/@webassemblyjs%2fwasm-edit 43ms (cache miss)
npm http fetch GET 200 https://vltoss.jfrog.io/artifactory/api/npm/benchmark-npm-remote/minimizer-webpack-plugin 41ms (cache miss)
npm http fetch GET 200 https://vltoss.jfrog.io/artifactory/api/npm/benchmark-npm-remote/@webassemblyjs%2fwasm-parser 48ms (cache miss)
npm http fetch GET 200 https://vltoss.jfrog.io/artifactory/api/npm/benchmark-npm-remote/bl 47ms (cache miss)
npm http fetch GET 200 https://vltoss.jfrog.io/artifactory/api/npm/benchmark-npm-remote/ms 51ms (cache miss)
npm http fetch GET 200 https://vltoss.jfrog.io/artifactory/api/npm/benchmark-npm-remote/ejs 47ms (cache miss)
npm http fetch GET 200 https://vltoss.jfrog.io/artifactory/api/npm/benchmark-npm-remote/ora 46ms (cache miss)
npm http fetch GET 200 https://vltoss.jfrog.io/artifactory/api/npm/benchmark-npm-remote/tmp 46ms (cache miss)
npm http fetch GET 200 https://vltoss.jfrog.io/artifactory/api/npm/benchmark-npm-remote/flat 41ms (cache miss)
npm http fetch GET 200 https://vltoss.jfrog.io/artifactory/api/npm/benchmark-npm-remote/gopd 36ms (cache miss)
npm http fetch GET 200 https://vltoss.jfrog.io/artifactory/api/npm/benchmark-npm-remote/once 42ms (cache miss)
npm http fetch GET 200 https://vltoss.jfrog.io/artifactory/api/npm/benchmark-npm-remote/y18n 40ms (cache miss)
npm http fetch GET 200 https://vltoss.jfrog.io/artifactory/api/npm/benchmark-npm-remote/open 48ms (cache miss)
npm http fetch GET 200 https://vltoss.jfrog.io/artifactory/api/npm/benchmark-npm-remote/yaml 55ms (cache miss)
npm http fetch GET 200 https://vltoss.jfrog.io/artifactory/api/npm/benchmark-npm-remote/chalk 35ms (cache revalidated)
npm http fetch GET 200 https://vltoss.jfrog.io/artifactory/api/npm/benchmark-npm-remote/axios 69ms (cache miss)
npm http fetch GET 200 https://vltoss.jfrog.io/artifactory/api/npm/benchmark-npm-remote/cliui 43ms (cache miss)
npm http fetch GET 200 https://vltoss.jfrog.io/artifactory/api/npm/benchmark-npm-remote/clone 46ms (cache miss)
npm http fetch GET 200 https://vltoss.jfrog.io/artifactory/api/npm/benchmark-npm-remote/json5 45ms (cache miss)
npm http fetch GET 200 https://vltoss.jfrog.io/artifactory/api/npm/benchmark-npm-remote/buffer 61ms (cache miss)
npm http fetch GET 200 https://vltoss.jfrog.io/artifactory/api/npm/benchmark-npm-remote/dotenv 35ms (cache revalidated)
npm http fetch GET 200 https://vltoss.jfrog.io/artifactory/api/npm/benchmark-npm-remote/yargs 82ms (cache miss)
npm http fetch GET 200 https://vltoss.jfrog.io/artifactory/api/npm/benchmark-npm-remote/hasown 39ms (cache revalidated)
npm http fetch GET 200 https://vltoss.jfrog.io/artifactory/api/npm/benchmark-npm-remote/is-wsl 43ms (cache miss)
npm http fetch GET 200 https://vltoss.jfrog.io/artifactory/api/npm/benchmark-npm-remote/wrappy 39ms (cache miss)
npm http fetch GET 200 https://vltoss.jfrog.io/artifactory/api/npm/benchmark-npm-remote/figures 42ms (cache miss)
npm http fetch GET 200 https://vltoss.jfrog.io/artifactory/api/npm/benchmark-npm-remote/mime-db 34ms (cache revalidated)
npm http fetch GET 200 https://vltoss.jfrog.io/artifactory/api/npm/benchmark-npm-remote/ieee754 43ms (cache miss)
npm http fetch GET 200 https://vltoss.jfrog.io/artifactory/api/npm/benchmark-npm-remote/onetime 43ms (cache miss)
npm http fetch GET 200 https://vltoss.jfrog.io/artifactory/api/npm/benchmark-npm-remote/wcwidth 37ms (cache miss)
npm http fetch GET 200 https://vltoss.jfrog.io/artifactory/api/npm/benchmark-npm-remote/argparse 39ms (cache miss)
npm http fetch GET 200 https://vltoss.jfrog.io/artifactory/api/npm/benchmark-npm-remote/asynckit 46ms (cache miss)
npm http fetch GET 200 https://vltoss.jfrog.io/artifactory/api/npm/benchmark-npm-remote/defaults 43ms (cache miss)
npm http fetch GET 200 https://vltoss.jfrog.io/artifactory/api/npm/benchmark-npm-remote/enquirer 42ms (cache miss)
npm http fetch GET 200 https://vltoss.jfrog.io/artifactory/api/npm/benchmark-npm-remote/has-flag 39ms (cache miss)
npm http fetch GET 200 https://vltoss.jfrog.io/artifactory/api/npm/benchmark-npm-remote/escalade 42ms (cache miss)
npm http fetch GET 200 https://vltoss.jfrog.io/artifactory/api/npm/benchmark-npm-remote/inherits 38ms (cache miss)
npm http fetch GET 200 https://vltoss.jfrog.io/artifactory/api/npm/benchmark-npm-remote/mimic-fn 42ms (cache miss)
npm http fetch GET 200 https://vltoss.jfrog.io/artifactory/api/npm/benchmark-npm-remote/path-key 43ms (cache miss)
npm http fetch GET 200 https://vltoss.jfrog.io/artifactory/api/npm/benchmark-npm-remote/minimist 49ms (cache miss)
npm http fetch GET 200 https://vltoss.jfrog.io/artifactory/api/npm/benchmark-npm-remote/base64-js 40ms (cache miss)
npm http fetch GET 200 https://vltoss.jfrog.io/artifactory/api/npm/benchmark-npm-remote/es-errors 44ms (cache miss)
npm http fetch GET 200 https://vltoss.jfrog.io/artifactory/api/npm/benchmark-npm-remote/form-data 46ms (cache miss)
npm http fetch GET 200 https://vltoss.jfrog.io/artifactory/api/npm/benchmark-npm-remote/get-proto 40ms (cache miss)
npm http fetch GET 200 https://vltoss.jfrog.io/artifactory/api/npm/benchmark-npm-remote/is-docker 41ms (cache miss)
npm http fetch GET 200 https://vltoss.jfrog.io/artifactory/api/npm/benchmark-npm-remote/smol-toml 44ms (cache miss)
npm http fetch GET 200 https://vltoss.jfrog.io/artifactory/api/npm/benchmark-npm-remote/strip-bom 41ms (cache miss)
npm http fetch GET 200 https://vltoss.jfrog.io/artifactory/api/npm/benchmark-npm-remote/tree-kill 42ms (cache miss)
npm http fetch GET 200 https://vltoss.jfrog.io/artifactory/api/npm/benchmark-npm-remote/wrap-ansi 39ms (cache miss)
npm http fetch GET 200 https://vltoss.jfrog.io/artifactory/api/npm/benchmark-npm-remote/agent-base 46ms (cache miss)
npm http fetch GET 200 https://vltoss.jfrog.io/artifactory/api/npm/benchmark-npm-remote/ansi-regex 40ms (cache miss)
npm http fetch GET 200 https://vltoss.jfrog.io/artifactory/api/npm/benchmark-npm-remote/cli-cursor 39ms (cache miss)
npm http fetch GET 200 https://vltoss.jfrog.io/artifactory/api/npm/benchmark-npm-remote/color-name 40ms (cache miss)
npm http fetch GET 200 https://vltoss.jfrog.io/artifactory/api/npm/benchmark-npm-remote/picocolors 37ms (cache miss)
npm http fetch GET 200 https://vltoss.jfrog.io/artifactory/api/npm/benchmark-npm-remote/mime-types 46ms (cache miss)
npm http fetch GET 200 https://vltoss.jfrog.io/artifactory/api/npm/benchmark-npm-remote/strip-ansi 38ms (cache revalidated)
npm http fetch GET 200 https://vltoss.jfrog.io/artifactory/api/npm/benchmark-npm-remote/tar-stream 43ms (cache miss)
npm http fetch GET 200 https://vltoss.jfrog.io/artifactory/api/npm/benchmark-npm-remote/ansi-colors 42ms (cache miss)
npm http fetch GET 200 https://vltoss.jfrog.io/artifactory/api/npm/benchmark-npm-remote/ansi-styles 43ms (cache miss)
npm http fetch GET 200 https://vltoss.jfrog.io/artifactory/api/npm/benchmark-npm-remote/emoji-regex 40ms (cache miss)
npm http fetch GET 200 https://vltoss.jfrog.io/artifactory/api/npm/benchmark-npm-remote/has-symbols 42ms (cache miss)
npm http fetch GET 200 https://vltoss.jfrog.io/artifactory/api/npm/benchmark-npm-remote/log-symbols 41ms (cache miss)
npm http fetch GET 200 https://vltoss.jfrog.io/artifactory/api/npm/benchmark-npm-remote/safe-buffer 37ms (cache miss)
npm http fetch GET 200 https://vltoss.jfrog.io/artifactory/api/npm/benchmark-npm-remote/signal-exit 42ms (cache miss)
npm http fetch GET 200 https://vltoss.jfrog.io/artifactory/api/npm/benchmark-npm-remote/cli-spinners 38ms (cache miss)
npm http fetch GET 200 https://vltoss.jfrog.io/artifactory/api/npm/benchmark-npm-remote/@emnapi%2fcore 49ms (cache miss)
npm http fetch GET 200 https://vltoss.jfrog.io/artifactory/api/npm/benchmark-npm-remote/dunder-proto 37ms (cache miss)
npm http fetch GET 200 https://vltoss.jfrog.io/artifactory/api/npm/benchmark-npm-remote/fs-constants 43ms (cache miss)
npm http fetch GET 200 https://vltoss.jfrog.io/artifactory/api/npm/benchmark-npm-remote/jsonc-parser 43ms (cache miss)
npm http fetch GET 200 https://vltoss.jfrog.io/artifactory/api/npm/benchmark-npm-remote/npm-run-path 45ms (cache miss)
npm http fetch GET 200 https://vltoss.jfrog.io/artifactory/api/npm/benchmark-npm-remote/string-width 45ms (cache miss)
npm http fetch GET 200 https://vltoss.jfrog.io/artifactory/api/npm/benchmark-npm-remote/yargs-parser 46ms (cache miss)
npm http fetch GET 200 https://vltoss.jfrog.io/artifactory/api/npm/benchmark-npm-remote/color-convert 44ms (cache miss)
npm http fetch GET 200 https://vltoss.jfrog.io/artifactory/api/npm/benchmark-npm-remote/dotenv-expand 45ms (cache miss)
npm http fetch GET 200 https://vltoss.jfrog.io/artifactory/api/npm/benchmark-npm-remote/end-of-stream 42ms (cache miss)
npm http fetch GET 200 https://vltoss.jfrog.io/artifactory/api/npm/benchmark-npm-remote/function-bind 40ms (cache miss)
npm http fetch GET 200 https://vltoss.jfrog.io/artifactory/api/npm/benchmark-npm-remote/balanced-match 40ms (cache miss)
npm http fetch GET 200 https://vltoss.jfrog.io/artifactory/api/npm/benchmark-npm-remote/get-intrinsic 45ms (cache miss)
npm http fetch GET 200 https://vltoss.jfrog.io/artifactory/api/npm/benchmark-npm-remote/delayed-stream 41ms (cache miss)
npm http fetch GET 200 https://vltoss.jfrog.io/artifactory/api/npm/benchmark-npm-remote/is-interactive 40ms (cache miss)
npm http fetch GET 200 https://vltoss.jfrog.io/artifactory/api/npm/benchmark-npm-remote/proxy-from-env 43ms (cache miss)
npm http fetch GET 200 https://vltoss.jfrog.io/artifactory/api/npm/benchmark-npm-remote/restore-cursor 43ms (cache miss)
npm http fetch GET 200 https://vltoss.jfrog.io/artifactory/api/npm/benchmark-npm-remote/string_decoder 39ms (cache miss)
npm http fetch GET 200 https://vltoss.jfrog.io/artifactory/api/npm/benchmark-npm-remote/tsconfig-paths 36ms (cache revalidated)
npm http fetch GET 200 https://vltoss.jfrog.io/artifactory/api/npm/benchmark-npm-remote/supports-color 44ms (cache revalidated)
npm http fetch GET 200 https://vltoss.jfrog.io/artifactory/api/npm/benchmark-npm-remote/util-deprecate 42ms (cache miss)
npm http fetch GET 200 https://vltoss.jfrog.io/artifactory/api/npm/benchmark-npm-remote/@emnapi%2fruntime 50ms (cache miss)
npm http fetch GET 200 https://vltoss.jfrog.io/artifactory/api/npm/benchmark-npm-remote/brace-expansion 50ms (cache miss)
npm http fetch GET 200 https://vltoss.jfrog.io/artifactory/api/npm/benchmark-npm-remote/combined-stream 37ms (cache miss)
npm http fetch GET 200 https://vltoss.jfrog.io/artifactory/api/npm/benchmark-npm-remote/es-object-atoms 43ms (cache miss)
npm http fetch GET 200 https://vltoss.jfrog.io/artifactory/api/npm/benchmark-npm-remote/get-caller-file 40ms (cache miss)
npm http fetch GET 200 https://vltoss.jfrog.io/artifactory/api/npm/benchmark-npm-remote/has-tostringtag 39ms (cache miss)
npm http fetch GET 200 https://vltoss.jfrog.io/artifactory/api/npm/benchmark-npm-remote/math-intrinsics 41ms (cache miss)
npm http fetch GET 200 https://vltoss.jfrog.io/artifactory/api/npm/benchmark-npm-remote/readable-stream 51ms (cache miss)
npm http fetch GET 200 https://vltoss.jfrog.io/artifactory/api/npm/benchmark-npm-remote/resolve.exports 41ms (cache miss)
npm http fetch GET 200 https://vltoss.jfrog.io/artifactory/api/npm/benchmark-npm-remote/@tybys%2fwasm-util 44ms (cache miss)
npm http fetch GET 200 https://vltoss.jfrog.io/artifactory/api/npm/benchmark-npm-remote/define-lazy-prop 36ms (cache miss)
npm http fetch GET 200 https://vltoss.jfrog.io/artifactory/api/npm/benchmark-npm-remote/@zkochan%2fjs-yaml 45ms (cache miss)
npm http fetch GET 200 https://vltoss.jfrog.io/artifactory/api/npm/benchmark-npm-remote/@yarnpkg%2flockfile 52ms (cache miss)
npm http fetch GET 200 https://vltoss.jfrog.io/artifactory/api/npm/benchmark-npm-remote/follow-redirects 65ms (cache miss)
npm http fetch GET 200 https://vltoss.jfrog.io/artifactory/api/npm/benchmark-npm-remote/https-proxy-agent 56ms (cache miss)
npm http fetch GET 200 https://vltoss.jfrog.io/artifactory/api/npm/benchmark-npm-remote/require-directory 41ms (cache miss)
npm http fetch GET 200 https://vltoss.jfrog.io/artifactory/api/npm/benchmark-npm-remote/es-define-property 40ms (cache miss)
npm http fetch GET 200 https://vltoss.jfrog.io/artifactory/api/npm/benchmark-npm-remote/lines-and-columns 49ms (cache miss)
npm http fetch GET 200 https://vltoss.jfrog.io/artifactory/api/npm/benchmark-npm-remote/es-set-tostringtag 38ms (cache miss)
npm http fetch GET 200 https://vltoss.jfrog.io/artifactory/api/npm/benchmark-npm-remote/@jest%2fdiff-sequences 44ms (cache miss)
npm http fetch GET 200 https://vltoss.jfrog.io/artifactory/api/npm/benchmark-npm-remote/@emnapi%2fwasi-threads 47ms (cache miss)
npm http fetch GET 200 https://vltoss.jfrog.io/artifactory/api/npm/benchmark-npm-remote/escape-string-regexp 34ms (cache revalidated)
npm http fetch GET 200 https://vltoss.jfrog.io/artifactory/api/npm/benchmark-npm-remote/is-unicode-supported 43ms (cache miss)
npm http fetch GET 200 https://vltoss.jfrog.io/artifactory/api/npm/benchmark-npm-remote/@napi-rs%2fwasm-runtime 44ms (cache miss)
npm http fetch GET 200 https://vltoss.jfrog.io/artifactory/api/npm/benchmark-npm-remote/call-bind-apply-helpers 38ms (cache miss)
npm http fetch GET 200 https://vltoss.jfrog.io/artifactory/api/npm/benchmark-npm-remote/is-fullwidth-code-point 41ms (cache miss)
npm http fetch GET 200 https://vltoss.jfrog.io/artifactory/api/npm/benchmark-npm-remote/@nx%2fnx-freebsd-x64 340ms (cache miss)
npm http fetch GET 200 https://vltoss.jfrog.io/artifactory/api/npm/benchmark-npm-remote/@nx%2fnx-darwin-x64 367ms (cache miss)
npm http fetch GET 200 https://vltoss.jfrog.io/artifactory/api/npm/benchmark-npm-remote/@nx%2fnx-darwin-arm64 344ms (cache miss)
npm http fetch GET 200 https://vltoss.jfrog.io/artifactory/api/npm/benchmark-npm-remote/@nx%2fnx-linux-x64-gnu 327ms (cache miss)
npm http fetch GET 200 https://vltoss.jfrog.io/artifactory/api/npm/benchmark-npm-remote/@nx%2fnx-linux-x64-musl 329ms (cache miss)
npm http fetch GET 200 https://vltoss.jfrog.io/artifactory/api/npm/benchmark-npm-remote/@nx%2fnx-win32-x64-msvc 329ms (cache miss)
npm http fetch GET 200 https://vltoss.jfrog.io/artifactory/api/npm/benchmark-npm-remote/@nx%2fnx-linux-arm64-gnu 324ms (cache miss)
npm http fetch GET 200 https://vltoss.jfrog.io/artifactory/api/npm/benchmark-npm-remote/@nx%2fnx-win32-arm64-msvc 330ms (cache miss)
npm http fetch GET 200 https://vltoss.jfrog.io/artifactory/api/npm/benchmark-npm-remote/@nx%2fnx-linux-arm64-musl 371ms (cache miss)
npm http fetch GET 200 https://vltoss.jfrog.io/artifactory/api/npm/benchmark-npm-remote/glob 36ms (cache revalidated)
npm http fetch GET 200 https://vltoss.jfrog.io/artifactory/api/npm/benchmark-npm-remote/json5 39ms (cache revalidated)
npm http fetch GET 200 https://vltoss.jfrog.io/artifactory/api/npm/benchmark-npm-remote/bs-logger 48ms (cache miss)
npm http fetch GET 200 https://vltoss.jfrog.io/artifactory/api/npm/benchmark-npm-remote/make-error 42ms (cache miss)
npm http fetch GET 200 https://vltoss.jfrog.io/artifactory/api/npm/benchmark-npm-remote/jest-util 76ms (cache miss)
npm http fetch GET 200 https://vltoss.jfrog.io/artifactory/api/npm/benchmark-npm-remote/yargs-parser 36ms (cache revalidated)
npm http fetch GET 200 https://vltoss.jfrog.io/artifactory/api/npm/benchmark-npm-remote/lodash.memoize 36ms (cache miss)
npm http fetch GET 200 https://vltoss.jfrog.io/artifactory/api/npm/benchmark-npm-remote/fast-json-stable-stringify 41ms (cache miss)
npm http fetch GET 200 https://vltoss.jfrog.io/artifactory/api/npm/benchmark-npm-remote/@nx%2fnx-linux-arm-gnueabihf 247ms (cache miss)
npm http fetch GET 200 https://vltoss.jfrog.io/artifactory/api/npm/benchmark-npm-remote/yn 75ms (cache miss)
npm http fetch GET 200 https://vltoss.jfrog.io/artifactory/api/npm/benchmark-npm-remote/arg 50ms (cache miss)
npm http fetch GET 200 https://vltoss.jfrog.io/artifactory/api/npm/benchmark-npm-remote/diff 52ms (cache miss)
npm http fetch GET 200 https://vltoss.jfrog.io/artifactory/api/npm/benchmark-npm-remote/acorn 38ms (cache revalidated)
npm http fetch GET 200 https://vltoss.jfrog.io/artifactory/api/npm/benchmark-npm-remote/acorn-walk 43ms (cache miss)
npm http fetch GET 200 https://vltoss.jfrog.io/artifactory/api/npm/benchmark-npm-remote/make-error 36ms (cache revalidated)
npm http fetch GET 200 https://vltoss.jfrog.io/artifactory/api/npm/benchmark-npm-remote/create-require 36ms (cache miss)
npm http fetch GET 200 https://vltoss.jfrog.io/artifactory/api/npm/benchmark-npm-remote/@tsconfig%2fnode10 40ms (cache miss)
npm http fetch GET 200 https://vltoss.jfrog.io/artifactory/api/npm/benchmark-npm-remote/@tsconfig%2fnode12 38ms (cache miss)
npm http fetch GET 200 https://vltoss.jfrog.io/artifactory/api/npm/benchmark-npm-remote/@tsconfig%2fnode14 38ms (cache miss)
npm http fetch GET 200 https://vltoss.jfrog.io/artifactory/api/npm/benchmark-npm-remote/@tsconfig%2fnode16 41ms (cache miss)
npm http fetch GET 200 https://vltoss.jfrog.io/artifactory/api/npm/benchmark-npm-remote/v8-compile-cache-lib 39ms (cache miss)
npm http fetch GET 200 https://vltoss.jfrog.io/artifactory/api/npm/benchmark-npm-remote/@cspotcode%2fsource-map-support 37ms (cache miss)
npm http fetch GET 200 https://vltoss.jfrog.io/artifactory/api/npm/benchmark-npm-remote/undici-types 45ms (cache miss)
npm http fetch GET 200 https://vltoss.jfrog.io/artifactory/api/npm/benchmark-npm-remote/resolve 45ms (cache miss)
npm http fetch GET 200 https://vltoss.jfrog.io/artifactory/api/npm/benchmark-npm-remote/minimist 33ms (cache revalidated)
npm http fetch GET 200 https://vltoss.jfrog.io/artifactory/api/npm/benchmark-npm-remote/global-prefix 39ms (cache miss)
npm http fetch GET 200 https://vltoss.jfrog.io/artifactory/api/npm/benchmark-npm-remote/lunr 40ms (cache miss)
npm http fetch GET 200 https://vltoss.jfrog.io/artifactory/api/npm/benchmark-npm-remote/@gerrit0%2fmini-shiki 44ms (cache miss)
npm http fetch GET 200 https://vltoss.jfrog.io/artifactory/api/npm/benchmark-npm-remote/yaml 36ms (cache revalidated)
npm http fetch GET 200 https://vltoss.jfrog.io/artifactory/api/npm/benchmark-npm-remote/envinfo 51ms (cache miss)
npm http fetch GET 200 https://vltoss.jfrog.io/artifactory/api/npm/benchmark-npm-remote/markdown-it 70ms (cache miss)
npm http fetch GET 200 https://vltoss.jfrog.io/artifactory/api/npm/benchmark-npm-remote/rechoir 44ms (cache miss)
npm http fetch GET 200 https://vltoss.jfrog.io/artifactory/api/npm/benchmark-npm-remote/commander 37ms (cache revalidated)
npm http fetch GET 200 https://vltoss.jfrog.io/artifactory/api/npm/benchmark-npm-remote/colorette 47ms (cache miss)
npm http fetch GET 200 https://vltoss.jfrog.io/artifactory/api/npm/benchmark-npm-remote/interpret 42ms (cache miss)
npm http fetch GET 200 https://vltoss.jfrog.io/artifactory/api/npm/benchmark-npm-remote/cross-spawn 36ms (cache revalidated)
npm http fetch GET 200 https://vltoss.jfrog.io/artifactory/api/npm/benchmark-npm-remote/webpack-merge 50ms (cache miss)
npm http fetch GET 200 https://vltoss.jfrog.io/artifactory/api/npm/benchmark-npm-remote/@webpack-cli%2finfo 41ms (cache miss)
npm http fetch GET 200 https://vltoss.jfrog.io/artifactory/api/npm/benchmark-npm-remote/@webpack-cli%2fserve 39ms (cache miss)
npm http fetch GET 200 https://vltoss.jfrog.io/artifactory/api/npm/benchmark-npm-remote/fastest-levenshtein 41ms (cache miss)
npm http fetch GET 200 https://vltoss.jfrog.io/artifactory/api/npm/benchmark-npm-remote/@discoveryjs%2fjson-ext 37ms (cache miss)
npm http fetch GET 200 https://vltoss.jfrog.io/artifactory/api/npm/benchmark-npm-remote/@webpack-cli%2fconfigtest 36ms (cache miss)
npm http fetch GET 200 https://vltoss.jfrog.io/artifactory/api/npm/benchmark-npm-remote/open 36ms (cache revalidated)
npm http fetch GET 200 https://vltoss.jfrog.io/artifactory/api/npm/benchmark-npm-remote/flat 39ms (cache revalidated)
npm http fetch GET 200 https://vltoss.jfrog.io/artifactory/api/npm/benchmark-npm-remote/tmp 42ms (cache revalidated)
npm http fetch GET 200 https://vltoss.jfrog.io/artifactory/api/npm/benchmark-npm-remote/cliui 37ms (cache revalidated)
npm http fetch GET 200 https://vltoss.jfrog.io/artifactory/api/npm/benchmark-npm-remote/axios 44ms (cache revalidated)
npm http fetch GET 200 https://vltoss.jfrog.io/artifactory/api/npm/benchmark-npm-remote/yargs 45ms (cache revalidated)
npm http fetch GET 200 https://vltoss.jfrog.io/artifactory/api/npm/benchmark-npm-remote/enquirer 59ms (cache revalidated)
npm http fetch GET 200 https://vltoss.jfrog.io/artifactory/api/npm/benchmark-npm-remote/tar-stream 55ms (cache revalidated)
npm http fetch GET 200 https://vltoss.jfrog.io/artifactory/api/npm/benchmark-npm-remote/jest-diff 72ms (cache miss)
npm http fetch GET 200 https://vltoss.jfrog.io/artifactory/api/npm/benchmark-npm-remote/npm-run-path 37ms (cache revalidated)
npm http fetch GET 200 https://vltoss.jfrog.io/artifactory/api/npm/benchmark-npm-remote/front-matter 48ms (cache miss)
npm http fetch GET 200 https://vltoss.jfrog.io/artifactory/api/npm/benchmark-npm-remote/string-width 35ms (cache revalidated)
npm http fetch GET 200 https://vltoss.jfrog.io/artifactory/api/npm/benchmark-npm-remote/dotenv-expand 38ms (cache revalidated)
npm http fetch GET 200 https://vltoss.jfrog.io/artifactory/api/npm/benchmark-npm-remote/node-machine-id 42ms (cache miss)
npm http fetch GET 200 https://vltoss.jfrog.io/artifactory/api/npm/benchmark-npm-remote/@yarnpkg%2fparsers 52ms (cache miss)
npm http fetch GET 200 https://vltoss.jfrog.io/artifactory/api/npm/benchmark-npm-remote/@yarnpkg%2flockfile 38ms (cache revalidated)
npm http fetch GET 200 https://vltoss.jfrog.io/artifactory/api/npm/benchmark-npm-remote/strong-log-transformer 39ms (cache miss)
npm http fetch GET 200 https://vltoss.jfrog.io/artifactory/api/npm/benchmark-npm-remote/@nx%2fnx-darwin-x64 36ms (cache revalidated)
npm http fetch GET 200 https://vltoss.jfrog.io/artifactory/api/npm/benchmark-npm-remote/@nx%2fnx-freebsd-x64 47ms (cache revalidated)
npm http fetch GET 200 https://vltoss.jfrog.io/artifactory/api/npm/benchmark-npm-remote/@nx%2fnx-darwin-arm64 59ms (cache revalidated)
npm http fetch GET 200 https://vltoss.jfrog.io/artifactory/api/npm/benchmark-npm-remote/@nx%2fnx-linux-x64-gnu 50ms (cache revalidated)
npm http fetch GET 200 https://vltoss.jfrog.io/artifactory/api/npm/benchmark-npm-remote/@nx%2fnx-linux-x64-musl 58ms (cache revalidated)
npm http fetch GET 200 https://vltoss.jfrog.io/artifactory/api/npm/benchmark-npm-remote/@nx%2fnx-win32-x64-msvc 58ms (cache revalidated)
npm http fetch GET 200 https://vltoss.jfrog.io/artifactory/api/npm/benchmark-npm-remote/@nx%2fnx-linux-arm64-gnu 54ms (cache revalidated)
npm http fetch GET 200 https://vltoss.jfrog.io/artifactory/api/npm/benchmark-npm-remote/@nx%2fnx-linux-arm64-musl 43ms (cache revalidated)
npm http fetch GET 200 https://vltoss.jfrog.io/artifactory/api/npm/benchmark-npm-remote/@nx%2fnx-linux-arm-gnueabihf 40ms (cache revalidated)
npm http fetch GET 200 https://vltoss.jfrog.io/artifactory/api/npm/benchmark-npm-remote/@nx%2fnx-win32-arm64-msvc 66ms (cache revalidated)
npm http fetch GET 200 https://vltoss.jfrog.io/artifactory/api/npm/benchmark-npm-remote/@nx%2fdevkit 245ms (cache miss)
npm http fetch GET 200 https://vltoss.jfrog.io/artifactory/api/npm/benchmark-npm-remote/ejs 39ms (cache revalidated)
npm http fetch GET 200 https://vltoss.jfrog.io/artifactory/api/npm/benchmark-npm-remote/ansi-styles 40ms (cache revalidated)
npm http fetch GET 200 https://vltoss.jfrog.io/artifactory/api/npm/benchmark-npm-remote/ansi-colors 39ms (cache revalidated)
npm http fetch GET 200 https://vltoss.jfrog.io/artifactory/api/npm/benchmark-npm-remote/@nrwl%2fdevkit 160ms (cache miss)
npm http fetch GET 200 https://vltoss.jfrog.io/artifactory/api/npm/benchmark-npm-remote/fsevents 38ms (cache revalidated)
npm http fetch GET 200 https://vltoss.jfrog.io/artifactory/api/npm/benchmark-npm-remote/playwright-core 744ms (cache miss)
npm http fetch GET 200 https://vltoss.jfrog.io/artifactory/api/npm/benchmark-npm-remote/jest-diff 38ms (cache revalidated)
npm http fetch GET 200 https://vltoss.jfrog.io/artifactory/api/npm/benchmark-npm-remote/pretty-format 41ms (cache revalidated)
npm http fetch GET 200 https://vltoss.jfrog.io/artifactory/api/npm/benchmark-npm-remote/jest-get-type 51ms (cache miss)
npm http fetch GET 200 https://vltoss.jfrog.io/artifactory/api/npm/benchmark-npm-remote/ansi-regex 37ms (cache revalidated)
npm http fetch GET 200 https://vltoss.jfrog.io/artifactory/api/npm/benchmark-npm-remote/react-is 250ms (cache miss)
npm http fetch GET 200 https://vltoss.jfrog.io/artifactory/api/npm/benchmark-npm-remote/@types%2fistanbul-reports 47ms (cache miss)
npm http fetch GET 200 https://vltoss.jfrog.io/artifactory/api/npm/benchmark-npm-remote/@types%2fistanbul-lib-coverage 48ms (cache miss)
npm http fetch GET 200 https://vltoss.jfrog.io/artifactory/api/npm/benchmark-npm-remote/@types%2fyargs 67ms (cache miss)
npm http fetch GET 200 https://vltoss.jfrog.io/artifactory/api/npm/benchmark-npm-remote/jest-util 39ms (cache revalidated)
npm http fetch GET 200 https://vltoss.jfrog.io/artifactory/api/npm/benchmark-npm-remote/@jest%2fenvironment 34ms (cache revalidated)
npm http fetch GET 200 https://vltoss.jfrog.io/artifactory/api/npm/benchmark-npm-remote/jest-mock 60ms (cache miss)
npm http fetch GET 200 https://vltoss.jfrog.io/artifactory/api/npm/benchmark-npm-remote/@jest%2ffake-timers 54ms (cache miss)
npm http fetch GET 200 https://vltoss.jfrog.io/artifactory/api/npm/benchmark-npm-remote/@types%2fistanbul-lib-report 40ms (cache miss)
npm http fetch GET 200 https://vltoss.jfrog.io/artifactory/api/npm/benchmark-npm-remote/@types%2fyargs-parser 42ms (cache miss)
npm http fetch GET 200 https://vltoss.jfrog.io/artifactory/api/npm/benchmark-npm-remote/typescript 48ms (cache revalidated)
npm http fetch GET 200 https://vltoss.jfrog.io/artifactory/api/npm/benchmark-npm-remote/eslint 37ms (cache revalidated)
npm http fetch GET 200 https://vltoss.jfrog.io/artifactory/api/npm/benchmark-npm-remote/eslint-visitor-keys 38ms (cache revalidated)
npm http fetch GET 200 https://vltoss.jfrog.io/artifactory/api/npm/benchmark-npm-remote/@eslint-community%2feslint-utils 39ms (cache revalidated)
npm http fetch GET 200 https://vltoss.jfrog.io/artifactory/api/npm/benchmark-npm-remote/tinyglobby 46ms (cache miss)
npm http fetch GET 200 https://vltoss.jfrog.io/artifactory/api/npm/benchmark-npm-remote/ms 49ms (cache revalidated)
npm http fetch GET 200 https://vltoss.jfrog.io/artifactory/api/npm/benchmark-npm-remote/@typescript-eslint%2fproject-service 141ms (cache miss)
npm http fetch GET 200 https://vltoss.jfrog.io/artifactory/api/npm/benchmark-npm-remote/@typescript-eslint%2ftsconfig-utils 155ms (cache miss)
npm http fetch GET 200 https://vltoss.jfrog.io/artifactory/api/npm/benchmark-npm-remote/brace-expansion 38ms (cache revalidated)
npm http fetch GET 200 https://vltoss.jfrog.io/artifactory/api/npm/benchmark-npm-remote/@typescript-eslint%2ftsconfig-utils 41ms (cache revalidated)
npm http fetch GET 200 https://vltoss.jfrog.io/artifactory/api/npm/benchmark-npm-remote/fdir 52ms (cache miss)
npm http fetch GET 200 https://vltoss.jfrog.io/artifactory/api/npm/benchmark-npm-remote/picomatch 48ms (cache miss)
npm http fetch GET 200 https://vltoss.jfrog.io/artifactory/api/npm/benchmark-npm-remote/punycode 46ms (cache miss)
npm http fetch GET 200 https://vltoss.jfrog.io/artifactory/api/npm/benchmark-npm-remote/pump 42ms (cache miss)
npm http fetch GET 200 https://vltoss.jfrog.io/artifactory/api/npm/benchmark-npm-remote/rc 48ms (cache miss)
npm http fetch GET 200 https://vltoss.jfrog.io/artifactory/api/npm/benchmark-npm-remote/tar-fs 50ms (cache miss)
npm http fetch GET 200 https://vltoss.jfrog.io/artifactory/api/npm/benchmark-npm-remote/simple-get 46ms (cache miss)
npm http fetch GET 200 https://vltoss.jfrog.io/artifactory/api/npm/benchmark-npm-remote/detect-libc 47ms (cache miss)
npm http fetch GET 200 https://vltoss.jfrog.io/artifactory/api/npm/benchmark-npm-remote/node-abi 59ms (cache miss)
npm http fetch GET 200 https://vltoss.jfrog.io/artifactory/api/npm/benchmark-npm-remote/tunnel-agent 36ms (cache miss)
npm http fetch GET 200 https://vltoss.jfrog.io/artifactory/api/npm/benchmark-npm-remote/mkdirp-classic 38ms (cache miss)
npm http fetch GET 200 https://vltoss.jfrog.io/artifactory/api/npm/benchmark-npm-remote/expand-template 39ms (cache miss)
npm http fetch GET 200 https://vltoss.jfrog.io/artifactory/api/npm/benchmark-npm-remote/napi-build-utils 36ms (cache miss)
npm http fetch GET 200 https://vltoss.jfrog.io/artifactory/api/npm/benchmark-npm-remote/github-from-package 38ms (cache miss)
npm http fetch GET 200 https://vltoss.jfrog.io/artifactory/api/npm/benchmark-npm-remote/has-flag 38ms (cache revalidated)
npm http fetch GET 200 https://vltoss.jfrog.io/artifactory/api/npm/benchmark-npm-remote/color-convert 39ms (cache revalidated)
npm http fetch GET 200 https://vltoss.jfrog.io/artifactory/api/npm/benchmark-npm-remote/color-name 36ms (cache revalidated)
npm http fetch GET 200 https://vltoss.jfrog.io/artifactory/api/npm/benchmark-npm-remote/normalize-path 36ms (cache revalidated)
npm http fetch GET 200 https://vltoss.jfrog.io/artifactory/api/npm/benchmark-npm-remote/picomatch 40ms (cache revalidated)
npm http fetch GET 200 https://vltoss.jfrog.io/artifactory/api/npm/benchmark-npm-remote/fill-range 44ms (cache miss)
npm http fetch GET 200 https://vltoss.jfrog.io/artifactory/api/npm/benchmark-npm-remote/is-extglob 40ms (cache miss)
npm http fetch GET 200 https://vltoss.jfrog.io/artifactory/api/npm/benchmark-npm-remote/binary-extensions 44ms (cache miss)
npm http fetch GET 200 https://vltoss.jfrog.io/artifactory/api/npm/benchmark-npm-remote/to-regex-range 41ms (cache miss)
npm http fetch GET 200 https://vltoss.jfrog.io/artifactory/api/npm/benchmark-npm-remote/@nodelib%2ffs.walk 42ms (cache miss)
npm http fetch GET 200 https://vltoss.jfrog.io/artifactory/api/npm/benchmark-npm-remote/@nodelib%2ffs.stat 46ms (cache miss)
npm http fetch GET 200 https://vltoss.jfrog.io/artifactory/api/npm/benchmark-npm-remote/merge2 48ms (cache miss)
npm http fetch GET 200 https://vltoss.jfrog.io/artifactory/api/npm/benchmark-npm-remote/logform 44ms (cache miss)
npm http fetch GET 200 https://vltoss.jfrog.io/artifactory/api/npm/benchmark-npm-remote/micromatch 56ms (cache miss)
npm http fetch GET 200 https://vltoss.jfrog.io/artifactory/api/npm/benchmark-npm-remote/async 58ms (cache miss)
npm http fetch GET 200 https://vltoss.jfrog.io/artifactory/api/npm/benchmark-npm-remote/one-time 40ms (cache miss)
npm http fetch GET 200 https://vltoss.jfrog.io/artifactory/api/npm/benchmark-npm-remote/is-stream 37ms (cache miss)
npm http fetch GET 200 https://vltoss.jfrog.io/artifactory/api/npm/benchmark-npm-remote/stack-trace 41ms (cache miss)
npm http fetch GET 200 https://vltoss.jfrog.io/artifactory/api/npm/benchmark-npm-remote/readable-stream 36ms (cache revalidated)
npm http fetch GET 200 https://vltoss.jfrog.io/artifactory/api/npm/benchmark-npm-remote/@colors%2fcolors 50ms (cache miss)
npm http fetch GET 200 https://vltoss.jfrog.io/artifactory/api/npm/benchmark-npm-remote/triple-beam 79ms (cache miss)
npm http fetch GET 200 https://vltoss.jfrog.io/artifactory/api/npm/benchmark-npm-remote/@dabh%2fdiagnostics 43ms (cache miss)
npm http fetch GET 200 https://vltoss.jfrog.io/artifactory/api/npm/benchmark-npm-remote/winston-transport 57ms (cache miss)
npm http fetch GET 200 https://vltoss.jfrog.io/artifactory/api/npm/benchmark-npm-remote/safe-stable-stringify 38ms (cache miss)
npm http fetch GET 200 https://vltoss.jfrog.io/artifactory/api/npm/benchmark-npm-remote/@eslint%2fobject-schema 44ms (cache miss)
npm http fetch GET 200 https://vltoss.jfrog.io/artifactory/api/npm/benchmark-npm-remote/import-fresh 46ms (cache miss)
npm http fetch GET 200 https://vltoss.jfrog.io/artifactory/api/npm/benchmark-npm-remote/js-yaml 52ms (cache miss)
npm http fetch GET 200 https://vltoss.jfrog.io/artifactory/api/npm/benchmark-npm-remote/levn 41ms (cache miss)
npm http fetch GET 200 https://vltoss.jfrog.io/artifactory/api/npm/benchmark-npm-remote/strip-json-comments 47ms (cache miss)
npm http fetch GET 200 https://vltoss.jfrog.io/artifactory/api/npm/benchmark-npm-remote/@humanfs%2fcore 41ms (cache miss)
npm http fetch GET 200 https://vltoss.jfrog.io/artifactory/api/npm/benchmark-npm-remote/@humanwhocodes%2fretry 35ms (cache revalidated)
npm http fetch GET 200 https://vltoss.jfrog.io/artifactory/api/npm/benchmark-npm-remote/json-schema-traverse 37ms (cache revalidated)
npm http fetch GET 200 https://vltoss.jfrog.io/artifactory/api/npm/benchmark-npm-remote/@humanfs%2ftypes 46ms (cache miss)
npm http fetch GET 200 https://vltoss.jfrog.io/artifactory/api/npm/benchmark-npm-remote/fast-json-stable-stringify 37ms (cache revalidated)
npm http fetch GET 200 https://vltoss.jfrog.io/artifactory/api/npm/benchmark-npm-remote/path-key 38ms (cache revalidated)
npm http fetch GET 200 https://vltoss.jfrog.io/artifactory/api/npm/benchmark-npm-remote/which 47ms (cache miss)
npm http fetch GET 200 https://vltoss.jfrog.io/artifactory/api/npm/benchmark-npm-remote/shebang-command 41ms (cache miss)
npm http fetch GET 200 https://vltoss.jfrog.io/artifactory/api/npm/benchmark-npm-remote/esrecurse 40ms (cache miss)
npm http fetch GET 200 https://vltoss.jfrog.io/artifactory/api/npm/benchmark-npm-remote/estraverse 40ms (cache miss)
npm http fetch GET 200 https://vltoss.jfrog.io/artifactory/api/npm/benchmark-npm-remote/acorn-jsx 42ms (cache miss)
npm http fetch GET 200 https://vltoss.jfrog.io/artifactory/api/npm/benchmark-npm-remote/estraverse 44ms (cache miss)
npm http fetch GET 200 https://vltoss.jfrog.io/artifactory/api/npm/benchmark-npm-remote/flat-cache 45ms (cache miss)
npm http fetch GET 200 https://vltoss.jfrog.io/artifactory/api/npm/benchmark-npm-remote/locate-path 42ms (cache miss)
npm http fetch GET 200 https://vltoss.jfrog.io/artifactory/api/npm/benchmark-npm-remote/path-exists 42ms (cache miss)
npm http fetch GET 200 https://vltoss.jfrog.io/artifactory/api/npm/benchmark-npm-remote/prelude-ls 46ms (cache miss)
npm http fetch GET 200 https://vltoss.jfrog.io/artifactory/api/npm/benchmark-npm-remote/deep-is 36ms (cache miss)
npm http fetch GET 200 https://vltoss.jfrog.io/artifactory/api/npm/benchmark-npm-remote/word-wrap 41ms (cache miss)
npm http fetch GET 200 https://vltoss.jfrog.io/artifactory/api/npm/benchmark-npm-remote/type-check 43ms (cache miss)
npm http fetch GET 200 https://vltoss.jfrog.io/artifactory/api/npm/benchmark-npm-remote/fast-levenshtein 37ms (cache miss)
npm http fetch GET 200 https://vltoss.jfrog.io/artifactory/api/npm/benchmark-npm-remote/argparse 37ms (cache revalidated)
npm http fetch GET 200 https://vltoss.jfrog.io/artifactory/api/npm/benchmark-npm-remote/resolve-from 42ms (cache miss)
npm http fetch GET 200 https://vltoss.jfrog.io/artifactory/api/npm/benchmark-npm-remote/parent-module 43ms (cache miss)
npm http fetch GET 200 https://vltoss.jfrog.io/artifactory/api/npm/benchmark-npm-remote/type-check 37ms (cache revalidated)
npm http fetch GET 200 https://vltoss.jfrog.io/artifactory/api/npm/benchmark-npm-remote/shebang-regex 49ms (cache miss)
npm http fetch GET 200 https://vltoss.jfrog.io/artifactory/api/npm/benchmark-npm-remote/isexe 53ms (cache miss)
npm http fetch GET 200 https://vltoss.jfrog.io/artifactory/api/npm/benchmark-npm-remote/eslint 37ms (cache revalidated)
npm http fetch GET 200 https://vltoss.jfrog.io/artifactory/api/npm/benchmark-npm-remote/eslint 40ms (cache revalidated)
npm http fetch GET 200 https://vltoss.jfrog.io/artifactory/api/npm/benchmark-npm-remote/eslint-config-prettier 39ms (cache revalidated)
npm http fetch GET 200 https://vltoss.jfrog.io/artifactory/api/npm/benchmark-npm-remote/@eslint%2fcore 38ms (cache revalidated)
npm http fetch GET 200 https://vltoss.jfrog.io/artifactory/api/npm/benchmark-npm-remote/lodash.camelcase 40ms (cache miss)
npm http fetch GET 200 https://vltoss.jfrog.io/artifactory/api/npm/benchmark-npm-remote/browserslist 44ms (cache revalidated)
npm http fetch GET 200 https://vltoss.jfrog.io/artifactory/api/npm/benchmark-npm-remote/lodash.kebabcase 43ms (cache miss)
npm http fetch GET 200 https://vltoss.jfrog.io/artifactory/api/npm/benchmark-npm-remote/lodash.snakecase 43ms (cache miss)
npm http fetch GET 200 https://vltoss.jfrog.io/artifactory/api/npm/benchmark-npm-remote/lodash.upperfirst 42ms (cache miss)
npm http fetch GET 200 https://vltoss.jfrog.io/artifactory/api/npm/benchmark-npm-remote/array-includes 34ms (cache revalidated)
npm http fetch GET 200 https://vltoss.jfrog.io/artifactory/api/npm/benchmark-npm-remote/array.prototype.flatmap 37ms (cache revalidated)
npm http fetch GET 200 https://vltoss.jfrog.io/artifactory/api/npm/benchmark-npm-remote/ast-types-flow 49ms (cache miss)
npm http fetch GET 200 https://vltoss.jfrog.io/artifactory/api/npm/benchmark-npm-remote/axobject-query 42ms (cache miss)
npm http fetch GET 200 https://vltoss.jfrog.io/artifactory/api/npm/benchmark-npm-remote/damerau-levenshtein 42ms (cache miss)
npm http fetch GET 200 https://vltoss.jfrog.io/artifactory/api/npm/benchmark-npm-remote/emoji-regex 36ms (cache revalidated)
npm http fetch GET 200 https://vltoss.jfrog.io/artifactory/api/npm/benchmark-npm-remote/jsx-ast-utils 42ms (cache revalidated)
npm http fetch GET 200 https://vltoss.jfrog.io/artifactory/api/npm/benchmark-npm-remote/language-tags 40ms (cache miss)
npm http fetch GET 200 https://vltoss.jfrog.io/artifactory/api/npm/benchmark-npm-remote/safe-regex-test 43ms (cache miss)
npm http fetch GET 200 https://vltoss.jfrog.io/artifactory/api/npm/benchmark-npm-remote/string.prototype.includes 39ms (cache miss)
npm http fetch GET 200 https://vltoss.jfrog.io/artifactory/api/npm/benchmark-npm-remote/prettier-linter-helpers 48ms (cache revalidated)
npm http fetch GET 200 https://vltoss.jfrog.io/artifactory/api/npm/benchmark-npm-remote/synckit 37ms (cache revalidated)
npm http fetch GET 200 https://vltoss.jfrog.io/artifactory/api/npm/benchmark-npm-remote/array.prototype.flat 62ms (cache revalidated)
npm http fetch GET 200 https://vltoss.jfrog.io/artifactory/api/npm/benchmark-npm-remote/object.assign 74ms (cache miss)
npm http fetch GET 200 https://vltoss.jfrog.io/artifactory/api/npm/benchmark-npm-remote/object.values 44ms (cache revalidated)
npm http fetch GET 200 https://vltoss.jfrog.io/artifactory/api/npm/benchmark-npm-remote/axe-core 414ms (cache miss)
npm http fetch GET 200 https://vltoss.jfrog.io/artifactory/api/npm/benchmark-npm-remote/node-releases 50ms (cache miss)
npm http fetch GET 200 https://vltoss.jfrog.io/artifactory/api/npm/benchmark-npm-remote/update-browserslist-db 57ms (cache miss)
npm http fetch GET 200 https://vltoss.jfrog.io/artifactory/api/npm/benchmark-npm-remote/caniuse-lite 143ms (cache miss)
npm http fetch GET 200 https://vltoss.jfrog.io/artifactory/api/npm/benchmark-npm-remote/baseline-browser-mapping 82ms (cache miss)
npm http fetch GET 200 https://vltoss.jfrog.io/artifactory/api/npm/benchmark-npm-remote/electron-to-chromium 225ms (cache miss)
npm http fetch GET 200 https://vltoss.jfrog.io/artifactory/api/npm/benchmark-npm-remote/escalade 59ms (cache revalidated)
npm http fetch GET 200 https://vltoss.jfrog.io/artifactory/api/npm/benchmark-npm-remote/picocolors 62ms (cache revalidated)
npm http fetch GET 200 https://vltoss.jfrog.io/artifactory/api/npm/benchmark-npm-remote/call-bind 40ms (cache miss)
npm http fetch GET 200 https://vltoss.jfrog.io/artifactory/api/npm/benchmark-npm-remote/call-bound 46ms (cache miss)
npm http fetch GET 200 https://vltoss.jfrog.io/artifactory/api/npm/benchmark-npm-remote/is-string 47ms (cache miss)
npm http fetch GET 200 https://vltoss.jfrog.io/artifactory/api/npm/benchmark-npm-remote/es-object-atoms 37ms (cache revalidated)
npm http fetch GET 200 https://vltoss.jfrog.io/artifactory/api/npm/benchmark-npm-remote/math-intrinsics 46ms (cache revalidated)
npm http fetch GET 200 https://vltoss.jfrog.io/artifactory/api/npm/benchmark-npm-remote/es-abstract 66ms (cache miss)
npm http fetch GET 200 https://vltoss.jfrog.io/artifactory/api/npm/benchmark-npm-remote/define-properties 43ms (cache miss)
npm http fetch GET 200 https://vltoss.jfrog.io/artifactory/api/npm/benchmark-npm-remote/es-shim-unscopables 42ms (cache miss)
npm http fetch GET 200 https://vltoss.jfrog.io/artifactory/api/npm/benchmark-npm-remote/call-bind 40ms (cache revalidated)
npm http fetch GET 200 https://vltoss.jfrog.io/artifactory/api/npm/benchmark-npm-remote/es-abstract 37ms (cache revalidated)
npm http fetch GET 200 https://vltoss.jfrog.io/artifactory/api/npm/benchmark-npm-remote/es-errors 38ms (cache revalidated)
npm http fetch GET 200 https://vltoss.jfrog.io/artifactory/api/npm/benchmark-npm-remote/es-abstract 38ms (cache revalidated)
npm http fetch GET 200 https://vltoss.jfrog.io/artifactory/api/npm/benchmark-npm-remote/es-shim-unscopables 33ms (cache revalidated)
npm http fetch GET 200 https://vltoss.jfrog.io/artifactory/api/npm/benchmark-npm-remote/es-shim-unscopables 36ms (cache revalidated)
npm http fetch GET 200 https://vltoss.jfrog.io/artifactory/api/npm/benchmark-npm-remote/resolve 36ms (cache revalidated)
npm http fetch GET 200 https://vltoss.jfrog.io/artifactory/api/npm/benchmark-npm-remote/function-bind 34ms (cache revalidated)
npm http fetch GET 200 https://vltoss.jfrog.io/artifactory/api/npm/benchmark-npm-remote/call-bound 36ms (cache revalidated)
npm http fetch GET 200 https://vltoss.jfrog.io/artifactory/api/npm/benchmark-npm-remote/strip-bom 40ms (cache revalidated)
npm http fetch GET 200 https://vltoss.jfrog.io/artifactory/api/npm/benchmark-npm-remote/@types%2fjson5 40ms (cache miss)
npm http fetch GET 200 https://vltoss.jfrog.io/artifactory/api/npm/benchmark-npm-remote/es-define-property 40ms (cache revalidated)
npm http fetch GET 200 https://vltoss.jfrog.io/artifactory/api/npm/benchmark-npm-remote/call-bind-apply-helpers 45ms (cache revalidated)
npm http fetch GET 200 https://vltoss.jfrog.io/artifactory/api/npm/benchmark-npm-remote/get-intrinsic 45ms (cache revalidated)
npm http fetch GET 200 https://vltoss.jfrog.io/artifactory/api/npm/benchmark-npm-remote/set-function-length 40ms (cache miss)
npm http fetch GET 200 https://vltoss.jfrog.io/artifactory/api/npm/benchmark-npm-remote/get-intrinsic 39ms (cache revalidated)
npm http fetch GET 200 https://vltoss.jfrog.io/artifactory/api/npm/benchmark-npm-remote/define-data-property 43ms (cache miss)
npm http fetch GET 200 https://vltoss.jfrog.io/artifactory/api/npm/benchmark-npm-remote/has-property-descriptors 40ms (cache miss)
npm http fetch GET 200 https://vltoss.jfrog.io/artifactory/api/npm/benchmark-npm-remote/array-buffer-byte-length 37ms (cache miss)
npm http fetch GET 200 https://vltoss.jfrog.io/artifactory/api/npm/benchmark-npm-remote/object-keys 44ms (cache miss)
npm http fetch GET 200 https://vltoss.jfrog.io/artifactory/api/npm/benchmark-npm-remote/arraybuffer.prototype.slice 37ms (cache miss)
npm http fetch GET 200 https://vltoss.jfrog.io/artifactory/api/npm/benchmark-npm-remote/available-typed-arrays 37ms (cache miss)
npm http fetch GET 200 https://vltoss.jfrog.io/artifactory/api/npm/benchmark-npm-remote/data-view-buffer 51ms (cache miss)
npm http fetch GET 200 https://vltoss.jfrog.io/artifactory/api/npm/benchmark-npm-remote/data-view-byte-length 36ms (cache miss)
npm http fetch GET 200 https://vltoss.jfrog.io/artifactory/api/npm/benchmark-npm-remote/data-view-byte-offset 41ms (cache miss)
npm http fetch GET 200 https://vltoss.jfrog.io/artifactory/api/npm/benchmark-npm-remote/es-set-tostringtag 35ms (cache revalidated)
npm http fetch GET 200 https://vltoss.jfrog.io/artifactory/api/npm/benchmark-npm-remote/es-to-primitive 42ms (cache miss)
npm http fetch GET 200 https://vltoss.jfrog.io/artifactory/api/npm/benchmark-npm-remote/function.prototype.name 43ms (cache miss)
npm http fetch GET 200 https://vltoss.jfrog.io/artifactory/api/npm/benchmark-npm-remote/get-proto 42ms (cache revalidated)
npm http fetch GET 200 https://vltoss.jfrog.io/artifactory/api/npm/benchmark-npm-remote/get-symbol-description 39ms (cache miss)
npm http fetch GET 200 https://vltoss.jfrog.io/artifactory/api/npm/benchmark-npm-remote/globalthis 38ms (cache miss)
npm http fetch GET 200 https://vltoss.jfrog.io/artifactory/api/npm/benchmark-npm-remote/gopd 43ms (cache revalidated)
npm http fetch GET 200 https://vltoss.jfrog.io/artifactory/api/npm/benchmark-npm-remote/has-property-descriptors 33ms (cache revalidated)
npm http fetch GET 200 https://vltoss.jfrog.io/artifactory/api/npm/benchmark-npm-remote/has-proto 37ms (cache miss)
npm http fetch GET 200 https://vltoss.jfrog.io/artifactory/api/npm/benchmark-npm-remote/has-symbols 35ms (cache revalidated)
npm http fetch GET 200 https://vltoss.jfrog.io/artifactory/api/npm/benchmark-npm-remote/internal-slot 41ms (cache miss)
npm http fetch GET 200 https://vltoss.jfrog.io/artifactory/api/npm/benchmark-npm-remote/is-array-buffer 42ms (cache miss)
npm http fetch GET 200 https://vltoss.jfrog.io/artifactory/api/npm/benchmark-npm-remote/is-callable 43ms (cache miss)
npm http fetch GET 200 https://vltoss.jfrog.io/artifactory/api/npm/benchmark-npm-remote/is-data-view 36ms (cache miss)
npm http fetch GET 200 https://vltoss.jfrog.io/artifactory/api/npm/benchmark-npm-remote/is-negative-zero 47ms (cache miss)
npm http fetch GET 200 https://vltoss.jfrog.io/artifactory/api/npm/benchmark-npm-remote/is-set 40ms (cache miss)
npm http fetch GET 200 https://vltoss.jfrog.io/artifactory/api/npm/benchmark-npm-remote/is-regex 52ms (cache miss)
npm http fetch GET 200 https://vltoss.jfrog.io/artifactory/api/npm/benchmark-npm-remote/is-shared-array-buffer 41ms (cache miss)
npm http fetch GET 200 https://vltoss.jfrog.io/artifactory/api/npm/benchmark-npm-remote/is-typed-array 37ms (cache miss)
npm http fetch GET 200 https://vltoss.jfrog.io/artifactory/api/npm/benchmark-npm-remote/is-weakref 44ms (cache miss)
npm http fetch GET 200 https://vltoss.jfrog.io/artifactory/api/npm/benchmark-npm-remote/object.assign 34ms (cache revalidated)
npm http fetch GET 200 https://vltoss.jfrog.io/artifactory/api/npm/benchmark-npm-remote/object-inspect 47ms (cache miss)
npm http fetch GET 200 https://vltoss.jfrog.io/artifactory/api/npm/benchmark-npm-remote/own-keys 38ms (cache miss)
npm http fetch GET 200 https://vltoss.jfrog.io/artifactory/api/npm/benchmark-npm-remote/safe-array-concat 37ms (cache miss)
npm http fetch GET 200 https://vltoss.jfrog.io/artifactory/api/npm/benchmark-npm-remote/regexp.prototype.flags 42ms (cache miss)
npm http fetch GET 200 https://vltoss.jfrog.io/artifactory/api/npm/benchmark-npm-remote/safe-push-apply 40ms (cache miss)
npm http fetch GET 200 https://vltoss.jfrog.io/artifactory/api/npm/benchmark-npm-remote/safe-regex-test 40ms (cache revalidated)
npm http fetch GET 200 https://vltoss.jfrog.io/artifactory/api/npm/benchmark-npm-remote/set-proto 45ms (cache miss)
npm http fetch GET 200 https://vltoss.jfrog.io/artifactory/api/npm/benchmark-npm-remote/stop-iteration-iterator 49ms (cache miss)
npm http fetch GET 200 https://vltoss.jfrog.io/artifactory/api/npm/benchmark-npm-remote/string.prototype.trim 39ms (cache miss)
npm http fetch GET 200 https://vltoss.jfrog.io/artifactory/api/npm/benchmark-npm-remote/string.prototype.trimstart 38ms (cache miss)
npm http fetch GET 200 https://vltoss.jfrog.io/artifactory/api/npm/benchmark-npm-remote/typed-array-buffer 39ms (cache miss)
npm http fetch GET 200 https://vltoss.jfrog.io/artifactory/api/npm/benchmark-npm-remote/typed-array-byte-length 37ms (cache miss)
npm http fetch GET 200 https://vltoss.jfrog.io/artifactory/api/npm/benchmark-npm-remote/typed-array-byte-offset 38ms (cache miss)
npm http fetch GET 200 https://vltoss.jfrog.io/artifactory/api/npm/benchmark-npm-remote/typed-array-length 48ms (cache miss)
npm http fetch GET 200 https://vltoss.jfrog.io/artifactory/api/npm/benchmark-npm-remote/unbox-primitive 42ms (cache miss)
npm http fetch GET 200 https://vltoss.jfrog.io/artifactory/api/npm/benchmark-npm-remote/which-typed-array 43ms (cache miss)
npm http fetch GET 200 https://vltoss.jfrog.io/artifactory/api/npm/benchmark-npm-remote/has-tostringtag 36ms (cache revalidated)
npm http fetch GET 200 https://vltoss.jfrog.io/artifactory/api/npm/benchmark-npm-remote/define-data-property 38ms (cache revalidated)
npm http fetch GET 200 https://vltoss.jfrog.io/artifactory/api/npm/benchmark-npm-remote/is-array-buffer 38ms (cache revalidated)
npm http fetch GET 200 https://vltoss.jfrog.io/artifactory/api/npm/benchmark-npm-remote/is-data-view 41ms (cache revalidated)
npm http fetch GET 200 https://vltoss.jfrog.io/artifactory/api/npm/benchmark-npm-remote/possible-typed-array-names 44ms (cache miss)
npm http fetch GET 200 https://vltoss.jfrog.io/artifactory/api/npm/benchmark-npm-remote/is-symbol 36ms (cache miss)
npm http fetch GET 200 https://vltoss.jfrog.io/artifactory/api/npm/benchmark-npm-remote/es-abstract-get 39ms (cache miss)
npm http fetch GET 200 https://vltoss.jfrog.io/artifactory/api/npm/benchmark-npm-remote/is-date-object 47ms (cache miss)
npm http fetch GET 200 https://vltoss.jfrog.io/artifactory/api/npm/benchmark-npm-remote/is-document.all 39ms (cache miss)
npm http fetch GET 200 https://vltoss.jfrog.io/artifactory/api/npm/benchmark-npm-remote/dunder-proto 35ms (cache revalidated)
npm http fetch GET 200 https://vltoss.jfrog.io/artifactory/api/npm/benchmark-npm-remote/functions-have-names 43ms (cache miss)
npm http fetch GET 200 https://vltoss.jfrog.io/artifactory/api/npm/benchmark-npm-remote/dunder-proto 34ms (cache revalidated)
npm http fetch GET 200 https://vltoss.jfrog.io/artifactory/api/npm/benchmark-npm-remote/is-typed-array 35ms (cache revalidated)
npm http fetch GET 200 https://vltoss.jfrog.io/artifactory/api/npm/benchmark-npm-remote/side-channel 42ms (cache miss)
npm http fetch GET 200 https://vltoss.jfrog.io/artifactory/api/npm/benchmark-npm-remote/which-typed-array 34ms (cache revalidated)
npm http fetch GET 200 https://vltoss.jfrog.io/artifactory/api/npm/benchmark-npm-remote/set-function-name 49ms (cache miss)
npm http fetch GET 200 https://vltoss.jfrog.io/artifactory/api/npm/benchmark-npm-remote/isarray 48ms (cache miss)
npm http fetch GET 200 https://vltoss.jfrog.io/artifactory/api/npm/benchmark-npm-remote/isarray 41ms (cache miss)
npm http fetch GET 200 https://vltoss.jfrog.io/artifactory/api/npm/benchmark-npm-remote/for-each 37ms (cache miss)
npm http fetch GET 200 https://vltoss.jfrog.io/artifactory/api/npm/benchmark-npm-remote/for-each 40ms (cache miss)
npm http fetch GET 200 https://vltoss.jfrog.io/artifactory/api/npm/benchmark-npm-remote/reflect.getprototypeof 36ms (cache miss)
npm http fetch GET 200 https://vltoss.jfrog.io/artifactory/api/npm/benchmark-npm-remote/possible-typed-array-names 36ms (cache revalidated)
npm http fetch GET 200 https://vltoss.jfrog.io/artifactory/api/npm/benchmark-npm-remote/for-each 45ms (cache revalidated)
npm http fetch GET 200 https://vltoss.jfrog.io/artifactory/api/npm/benchmark-npm-remote/has-bigints 39ms (cache miss)
npm http fetch GET 200 https://vltoss.jfrog.io/artifactory/api/npm/benchmark-npm-remote/which-boxed-primitive 41ms (cache miss)
npm http fetch GET 200 https://vltoss.jfrog.io/artifactory/api/npm/benchmark-npm-remote/path-parse 38ms (cache miss)
npm http fetch GET 200 https://vltoss.jfrog.io/artifactory/api/npm/benchmark-npm-remote/supports-preserve-symlinks-flag 42ms (cache miss)
npm http fetch GET 200 https://vltoss.jfrog.io/artifactory/api/npm/benchmark-npm-remote/node-exports-info 46ms (cache miss)
npm http fetch GET 200 https://vltoss.jfrog.io/artifactory/api/npm/benchmark-npm-remote/spdx-exceptions 53ms (cache miss)
npm http fetch GET 200 https://vltoss.jfrog.io/artifactory/api/npm/benchmark-npm-remote/parse-statements 55ms (cache miss)
npm http fetch GET 200 https://vltoss.jfrog.io/artifactory/api/npm/benchmark-npm-remote/jsdoc-type-pratt-parser 60ms (cache miss)
npm http fetch GET 200 https://vltoss.jfrog.io/artifactory/api/npm/benchmark-npm-remote/spdx-license-ids 39ms (cache miss)
npm http fetch GET 200 https://vltoss.jfrog.io/artifactory/api/npm/benchmark-npm-remote/language-subtag-registry 47ms (cache miss)
npm http fetch GET 200 https://vltoss.jfrog.io/artifactory/api/npm/benchmark-npm-remote/fast-diff 38ms (cache miss)
npm http fetch GET 200 https://vltoss.jfrog.io/artifactory/api/npm/benchmark-npm-remote/@pkgr%2fcore 44ms (cache miss)
npm http fetch GET 200 https://vltoss.jfrog.io/artifactory/api/npm/benchmark-npm-remote/eslint 51ms (cache revalidated)
npm http fetch GET 200 https://vltoss.jfrog.io/artifactory/api/npm/benchmark-npm-remote/typescript 47ms (cache revalidated)
npm http fetch GET 200 https://vltoss.jfrog.io/artifactory/api/npm/benchmark-npm-remote/jju 44ms (cache miss)
npm http fetch GET 200 https://vltoss.jfrog.io/artifactory/api/npm/benchmark-npm-remote/@typescript-eslint%2ftypes 58ms (cache revalidated)
npm http fetch GET 200 https://vltoss.jfrog.io/artifactory/api/npm/benchmark-npm-remote/@typescript-eslint%2fscope-manager 101ms (cache revalidated)
npm http fetch GET 200 https://vltoss.jfrog.io/artifactory/api/npm/benchmark-npm-remote/@typescript-eslint%2ftypescript-estree 122ms (cache revalidated)
npm http fetch GET 200 https://vltoss.jfrog.io/artifactory/api/npm/benchmark-npm-remote/fast-uri 49ms (cache miss)
npm http fetch GET 200 https://vltoss.jfrog.io/artifactory/api/npm/benchmark-npm-remote/@nodelib%2ffs.scandir 45ms (cache miss)
npm http fetch GET 200 https://vltoss.jfrog.io/artifactory/api/npm/benchmark-npm-remote/fastq 48ms (cache miss)
npm http fetch GET 200 https://vltoss.jfrog.io/artifactory/api/npm/benchmark-npm-remote/reusify 41ms (cache miss)
npm http fetch GET 200 https://vltoss.jfrog.io/artifactory/api/npm/benchmark-npm-remote/run-parallel 43ms (cache miss)
npm http fetch GET 200 https://vltoss.jfrog.io/artifactory/api/npm/benchmark-npm-remote/queue-microtask 41ms (cache miss)
npm http fetch GET 200 https://vltoss.jfrog.io/artifactory/api/npm/benchmark-npm-remote/flatted 49ms (cache miss)
npm http fetch GET 200 https://vltoss.jfrog.io/artifactory/api/npm/benchmark-npm-remote/keyv 50ms (cache miss)
npm http fetch GET 200 https://vltoss.jfrog.io/artifactory/api/npm/benchmark-npm-remote/is-number 47ms (cache miss)
npm http fetch GET 200 https://vltoss.jfrog.io/artifactory/api/npm/benchmark-npm-remote/p-locate 40ms (cache miss)
npm http fetch GET 200 https://vltoss.jfrog.io/artifactory/api/npm/benchmark-npm-remote/json-buffer 42ms (cache miss)
npm http fetch GET 200 https://vltoss.jfrog.io/artifactory/api/npm/benchmark-npm-remote/signal-exit 39ms (cache revalidated)
npm http fetch GET 200 https://vltoss.jfrog.io/artifactory/api/npm/benchmark-npm-remote/@isaacs%2fcliui 40ms (cache miss)
npm http fetch GET 200 https://vltoss.jfrog.io/artifactory/api/npm/benchmark-npm-remote/lru-cache 56ms (cache miss)
npm http fetch GET 200 https://vltoss.jfrog.io/artifactory/api/npm/benchmark-npm-remote/callsites 39ms (cache miss)
npm http fetch GET 200 https://vltoss.jfrog.io/artifactory/api/npm/benchmark-npm-remote/side-channel-map 38ms (cache miss)
npm http fetch GET 200 https://vltoss.jfrog.io/artifactory/api/npm/benchmark-npm-remote/side-channel-list 43ms (cache miss)
npm http fetch GET 200 https://vltoss.jfrog.io/artifactory/api/npm/benchmark-npm-remote/side-channel-weakmap 43ms (cache miss)
npm http fetch GET 200 https://vltoss.jfrog.io/artifactory/api/npm/benchmark-npm-remote/node-notifier 41ms (cache miss)
npm http fetch GET 200 https://vltoss.jfrog.io/artifactory/api/npm/benchmark-npm-remote/ci-info 41ms (cache miss)
npm http fetch GET 200 https://vltoss.jfrog.io/artifactory/api/npm/benchmark-npm-remote/exit 47ms (cache miss)
npm http fetch GET 200 https://vltoss.jfrog.io/artifactory/api/npm/benchmark-npm-remote/slash 49ms (cache miss)
npm http fetch GET 200 https://vltoss.jfrog.io/artifactory/api/npm/benchmark-npm-remote/ansi-escapes 52ms (cache miss)
npm http fetch GET 200 https://vltoss.jfrog.io/artifactory/api/npm/benchmark-npm-remote/jest-runner 76ms (cache miss)
npm http fetch GET 200 https://vltoss.jfrog.io/artifactory/api/npm/benchmark-npm-remote/jest-config 121ms (cache miss)
npm http fetch GET 200 https://vltoss.jfrog.io/artifactory/api/npm/benchmark-npm-remote/jest-resolve 90ms (cache miss)
npm http fetch GET 200 https://vltoss.jfrog.io/artifactory/api/npm/benchmark-npm-remote/jest-runtime 80ms (cache miss)
npm http fetch GET 200 https://vltoss.jfrog.io/artifactory/api/npm/benchmark-npm-remote/jest-watcher 54ms (cache miss)
npm http fetch GET 200 https://vltoss.jfrog.io/artifactory/api/npm/benchmark-npm-remote/@jest%2fconsole 52ms (cache miss)
npm http fetch GET 200 https://vltoss.jfrog.io/artifactory/api/npm/benchmark-npm-remote/jest-validate 59ms (cache miss)
npm http fetch GET 200 https://vltoss.jfrog.io/artifactory/api/npm/benchmark-npm-remote/jest-snapshot 85ms (cache miss)
npm http fetch GET 200 https://vltoss.jfrog.io/artifactory/api/npm/benchmark-npm-remote/jest-haste-map 67ms (cache miss)
npm http fetch GET 200 https://vltoss.jfrog.io/artifactory/api/npm/benchmark-npm-remote/@jest%2ftransform 54ms (cache miss)
npm http fetch GET 200 https://vltoss.jfrog.io/artifactory/api/npm/benchmark-npm-remote/@jest%2freporters 79ms (cache miss)
npm http fetch GET 200 https://vltoss.jfrog.io/artifactory/api/npm/benchmark-npm-remote/jest-regex-util 49ms (cache miss)
npm http fetch GET 200 https://vltoss.jfrog.io/artifactory/api/npm/benchmark-npm-remote/@jest%2ftest-result 61ms (cache miss)
npm http fetch GET 200 https://vltoss.jfrog.io/artifactory/api/npm/benchmark-npm-remote/jest-message-util 64ms (cache miss)
npm http fetch GET 200 https://vltoss.jfrog.io/artifactory/api/npm/benchmark-npm-remote/jest-changed-files 65ms (cache miss)
npm http fetch GET 200 https://vltoss.jfrog.io/artifactory/api/npm/benchmark-npm-remote/@types%2fyargs 39ms (cache revalidated)
npm http fetch GET 200 https://vltoss.jfrog.io/artifactory/api/npm/benchmark-npm-remote/@jest%2fschemas 49ms (cache miss)
npm http fetch GET 200 https://vltoss.jfrog.io/artifactory/api/npm/benchmark-npm-remote/jest-resolve-dependencies 73ms (cache miss)
npm http fetch GET 200 https://vltoss.jfrog.io/artifactory/api/npm/benchmark-npm-remote/pkg-dir 38ms (cache miss)
npm http fetch GET 200 https://vltoss.jfrog.io/artifactory/api/npm/benchmark-npm-remote/resolve-cwd 43ms (cache miss)
npm http fetch GET 200 https://vltoss.jfrog.io/artifactory/api/npm/benchmark-npm-remote/create-jest 41ms (cache miss)
npm http fetch GET 200 https://vltoss.jfrog.io/artifactory/api/npm/benchmark-npm-remote/string-length 62ms (cache miss)
npm http fetch GET 200 https://vltoss.jfrog.io/artifactory/api/npm/benchmark-npm-remote/v8-to-istanbul 65ms (cache miss)
npm http fetch GET 200 https://vltoss.jfrog.io/artifactory/api/npm/benchmark-npm-remote/jest-worker 71ms (cache miss)
npm http fetch GET 200 https://vltoss.jfrog.io/artifactory/api/npm/benchmark-npm-remote/@bcoe%2fv8-coverage 41ms (cache miss)
npm http fetch GET 200 https://vltoss.jfrog.io/artifactory/api/npm/benchmark-npm-remote/istanbul-reports 48ms (cache miss)
npm http fetch GET 200 https://vltoss.jfrog.io/artifactory/api/npm/benchmark-npm-remote/collect-v8-coverage 41ms (cache miss)
npm http fetch GET 200 https://vltoss.jfrog.io/artifactory/api/npm/benchmark-npm-remote/istanbul-lib-report 39ms (cache miss)
npm http fetch GET 200 https://vltoss.jfrog.io/artifactory/api/npm/benchmark-npm-remote/istanbul-lib-coverage 41ms (cache miss)
npm http fetch GET 200 https://vltoss.jfrog.io/artifactory/api/npm/benchmark-npm-remote/istanbul-lib-instrument 47ms (cache miss)
npm http fetch GET 200 https://vltoss.jfrog.io/artifactory/api/npm/benchmark-npm-remote/istanbul-lib-source-maps 42ms (cache miss)
npm http fetch GET 200 https://vltoss.jfrog.io/artifactory/api/npm/benchmark-npm-remote/@jridgewell%2ftrace-mapping 44ms (cache miss)
npm http fetch GET 200 https://vltoss.jfrog.io/artifactory/api/npm/benchmark-npm-remote/pirates 38ms (cache miss)
npm http fetch GET 200 https://vltoss.jfrog.io/artifactory/api/npm/benchmark-npm-remote/convert-source-map 48ms (cache miss)
npm http fetch GET 200 https://vltoss.jfrog.io/artifactory/api/npm/benchmark-npm-remote/write-file-atomic 55ms (cache miss)
npm http fetch GET 200 https://vltoss.jfrog.io/artifactory/api/npm/benchmark-npm-remote/@babel%2fcore 76ms (cache miss)
npm http fetch GET 200 https://vltoss.jfrog.io/artifactory/api/npm/benchmark-npm-remote/babel-plugin-istanbul 106ms (cache miss)
npm http fetch GET 200 https://vltoss.jfrog.io/artifactory/api/npm/benchmark-npm-remote/execa 84ms (cache miss)
npm http fetch GET 200 https://vltoss.jfrog.io/artifactory/api/npm/benchmark-npm-remote/type-fest 114ms (cache miss)
npm http fetch GET 200 https://vltoss.jfrog.io/artifactory/api/npm/benchmark-npm-remote/p-limit 40ms (cache miss)
npm http fetch GET 200 https://vltoss.jfrog.io/artifactory/api/npm/benchmark-npm-remote/deepmerge 42ms (cache miss)
npm http fetch GET 200 https://vltoss.jfrog.io/artifactory/api/npm/benchmark-npm-remote/babel-jest 55ms (cache miss)
npm http fetch GET 200 https://vltoss.jfrog.io/artifactory/api/npm/benchmark-npm-remote/parse-json 42ms (cache miss)
npm http fetch GET 200 https://vltoss.jfrog.io/artifactory/api/npm/benchmark-npm-remote/jest-get-type 35ms (cache revalidated)
npm http fetch GET 200 https://vltoss.jfrog.io/artifactory/api/npm/benchmark-npm-remote/jest-circus 72ms (cache miss)
npm http fetch GET 200 https://vltoss.jfrog.io/artifactory/api/npm/benchmark-npm-remote/@jest%2ftest-sequencer 58ms (cache miss)
npm http fetch GET 200 https://vltoss.jfrog.io/artifactory/api/npm/benchmark-npm-remote/jest-environment-node 39ms (cache revalidated)
npm http fetch GET 200 https://vltoss.jfrog.io/artifactory/api/npm/benchmark-npm-remote/walker 43ms (cache miss)
npm http fetch GET 200 https://vltoss.jfrog.io/artifactory/api/npm/benchmark-npm-remote/fb-watchman 42ms (cache miss)
npm http fetch GET 200 https://vltoss.jfrog.io/artifactory/api/npm/benchmark-npm-remote/@types%2fgraceful-fs 39ms (cache miss)
npm http fetch GET 200 https://vltoss.jfrog.io/artifactory/api/npm/benchmark-npm-remote/stack-utils 43ms (cache miss)
npm http fetch GET 200 https://vltoss.jfrog.io/artifactory/api/npm/benchmark-npm-remote/@types%2fstack-utils 38ms (cache miss)
npm http fetch GET 200 https://vltoss.jfrog.io/artifactory/api/npm/benchmark-npm-remote/@babel%2fcode-frame 47ms (cache miss)
npm http fetch GET 200 https://vltoss.jfrog.io/artifactory/api/npm/benchmark-npm-remote/resolve.exports 43ms (cache revalidated)
npm http fetch GET 200 https://vltoss.jfrog.io/artifactory/api/npm/benchmark-npm-remote/jest-pnp-resolver 40ms (cache miss)
npm http fetch GET 200 https://vltoss.jfrog.io/artifactory/api/npm/benchmark-npm-remote/emittery 44ms (cache miss)
npm http fetch GET 200 https://vltoss.jfrog.io/artifactory/api/npm/benchmark-npm-remote/jest-docblock 49ms (cache miss)
npm http fetch GET 200 https://vltoss.jfrog.io/artifactory/api/npm/benchmark-npm-remote/jest-leak-detector 67ms (cache miss)
npm http fetch GET 200 https://vltoss.jfrog.io/artifactory/api/npm/benchmark-npm-remote/source-map-support 61ms (cache miss)
npm http fetch GET 200 https://vltoss.jfrog.io/artifactory/api/npm/benchmark-npm-remote/jest-mock 39ms (cache revalidated)
npm http fetch GET 200 https://vltoss.jfrog.io/artifactory/api/npm/benchmark-npm-remote/@jest%2fglobals 44ms (cache miss)
npm http fetch GET 200 https://vltoss.jfrog.io/artifactory/api/npm/benchmark-npm-remote/@jest%2fsource-map 55ms (cache miss)
npm http fetch GET 200 https://vltoss.jfrog.io/artifactory/api/npm/benchmark-npm-remote/cjs-module-lexer 53ms (cache miss)
npm http fetch GET 200 https://vltoss.jfrog.io/artifactory/api/npm/benchmark-npm-remote/@jest%2ffake-timers 40ms (cache revalidated)
npm http fetch GET 200 https://vltoss.jfrog.io/artifactory/api/npm/benchmark-npm-remote/@babel%2ftypes 58ms (cache miss)
npm http fetch GET 200 https://vltoss.jfrog.io/artifactory/api/npm/benchmark-npm-remote/expect 76ms (cache miss)
npm http fetch GET 200 https://vltoss.jfrog.io/artifactory/api/npm/benchmark-npm-remote/@babel%2fgenerator 61ms (cache miss)
npm http fetch GET 200 https://vltoss.jfrog.io/artifactory/api/npm/benchmark-npm-remote/jest-matcher-utils 37ms (cache revalidated)
npm http fetch GET 200 https://vltoss.jfrog.io/artifactory/api/npm/benchmark-npm-remote/@jest%2fexpect-utils 54ms (cache miss)
npm http fetch GET 200 https://vltoss.jfrog.io/artifactory/api/npm/benchmark-npm-remote/@babel%2fplugin-syntax-jsx 44ms (cache miss)
npm http fetch GET 200 https://vltoss.jfrog.io/artifactory/api/npm/benchmark-npm-remote/babel-preset-current-node-syntax 42ms (cache miss)
npm http fetch GET 200 https://vltoss.jfrog.io/artifactory/api/npm/benchmark-npm-remote/@babel%2fplugin-syntax-typescript 49ms (cache miss)
npm http fetch GET 200 https://vltoss.jfrog.io/artifactory/api/npm/benchmark-npm-remote/leven 39ms (cache miss)
npm http fetch GET 200 https://vltoss.jfrog.io/artifactory/api/npm/benchmark-npm-remote/react-is 40ms (cache revalidated)
npm http fetch GET 200 https://vltoss.jfrog.io/artifactory/api/npm/benchmark-npm-remote/camelcase 66ms (cache miss)
npm http fetch GET 200 https://vltoss.jfrog.io/artifactory/api/npm/benchmark-npm-remote/once 37ms (cache revalidated)
npm http fetch GET 200 https://vltoss.jfrog.io/artifactory/api/npm/benchmark-npm-remote/@jridgewell%2fsourcemap-codec 43ms (cache miss)
npm http fetch GET 200 https://vltoss.jfrog.io/artifactory/api/npm/benchmark-npm-remote/@jridgewell%2fresolve-uri 44ms (cache miss)
npm http fetch GET 200 https://vltoss.jfrog.io/artifactory/api/npm/benchmark-npm-remote/inflight 42ms (cache miss)
npm http fetch GET 200 https://vltoss.jfrog.io/artifactory/api/npm/benchmark-npm-remote/fs.realpath 36ms (cache miss)
npm http fetch GET 200 https://vltoss.jfrog.io/artifactory/api/npm/benchmark-npm-remote/inherits 43ms (cache revalidated)
npm http fetch GET 200 https://vltoss.jfrog.io/artifactory/api/npm/benchmark-npm-remote/@babel%2fcore 35ms (cache revalidated)
npm http fetch GET 200 https://vltoss.jfrog.io/artifactory/api/npm/benchmark-npm-remote/path-is-absolute 44ms (cache miss)
npm http fetch GET 200 https://vltoss.jfrog.io/artifactory/api/npm/benchmark-npm-remote/@babel%2fparser 63ms (cache miss)
npm http fetch GET 200 https://vltoss.jfrog.io/artifactory/api/npm/benchmark-npm-remote/@istanbuljs%2fschema 40ms (cache miss)
npm http fetch GET 200 https://vltoss.jfrog.io/artifactory/api/npm/benchmark-npm-remote/make-dir 40ms (cache miss)
npm http fetch GET 200 https://vltoss.jfrog.io/artifactory/api/npm/benchmark-npm-remote/html-escaper 38ms (cache miss)
npm http fetch GET 200 https://vltoss.jfrog.io/artifactory/api/npm/benchmark-npm-remote/merge-stream 39ms (cache miss)
npm http fetch GET 200 https://vltoss.jfrog.io/artifactory/api/npm/benchmark-npm-remote/source-map 55ms (cache miss)
npm http fetch GET 200 https://vltoss.jfrog.io/artifactory/api/npm/benchmark-npm-remote/char-regex 36ms (cache miss)
npm http fetch GET 200 https://vltoss.jfrog.io/artifactory/api/npm/benchmark-npm-remote/@babel%2ftypes 39ms (cache revalidated)
npm http fetch GET 200 https://vltoss.jfrog.io/artifactory/api/npm/benchmark-npm-remote/@babel%2fparser 43ms (cache revalidated)
npm http fetch GET 200 https://vltoss.jfrog.io/artifactory/api/npm/benchmark-npm-remote/gensync 48ms (cache miss)
npm http fetch GET 200 https://vltoss.jfrog.io/artifactory/api/npm/benchmark-npm-remote/@babel%2ftemplate 46ms (cache miss)
npm http fetch GET 200 https://vltoss.jfrog.io/artifactory/api/npm/benchmark-npm-remote/@babel%2fhelpers 56ms (cache miss)
npm http fetch GET 200 https://vltoss.jfrog.io/artifactory/api/npm/benchmark-npm-remote/@babel%2ftraverse 62ms (cache miss)
npm http fetch GET 200 https://vltoss.jfrog.io/artifactory/api/npm/benchmark-npm-remote/@babel%2fgenerator 36ms (cache revalidated)
npm http fetch GET 200 https://vltoss.jfrog.io/artifactory/api/npm/benchmark-npm-remote/@babel%2fcode-frame 38ms (cache revalidated)
npm http fetch GET 200 https://vltoss.jfrog.io/artifactory/api/npm/benchmark-npm-remote/@jridgewell%2fremapping 48ms (cache miss)
npm http fetch GET 200 https://vltoss.jfrog.io/artifactory/api/npm/benchmark-npm-remote/@babel%2fhelper-compilation-targets 46ms (cache miss)
npm http fetch GET 200 https://vltoss.jfrog.io/artifactory/api/npm/benchmark-npm-remote/@babel%2fhelper-module-transforms 57ms (cache miss)
npm http fetch GET 200 https://vltoss.jfrog.io/artifactory/api/npm/benchmark-npm-remote/test-exclude 47ms (cache miss)
npm http fetch GET 200 https://vltoss.jfrog.io/artifactory/api/npm/benchmark-npm-remote/@istanbuljs%2fschema 37ms (cache revalidated)
npm http fetch GET 200 https://vltoss.jfrog.io/artifactory/api/npm/benchmark-npm-remote/istanbul-lib-instrument 34ms (cache revalidated)
npm http fetch GET 200 https://vltoss.jfrog.io/artifactory/api/npm/benchmark-npm-remote/@babel%2fhelper-plugin-utils 57ms (cache miss)
npm http fetch GET 200 https://vltoss.jfrog.io/artifactory/api/npm/benchmark-npm-remote/@istanbuljs%2fload-nyc-config 48ms (cache miss)
npm http fetch GET 200 https://vltoss.jfrog.io/artifactory/api/npm/benchmark-npm-remote/js-tokens 41ms (cache miss)
npm http fetch GET 200 https://vltoss.jfrog.io/artifactory/api/npm/benchmark-npm-remote/jsesc 42ms (cache miss)
npm http fetch GET 200 https://vltoss.jfrog.io/artifactory/api/npm/benchmark-npm-remote/@babel%2fhelper-validator-identifier 50ms (cache miss)
npm http fetch GET 200 https://vltoss.jfrog.io/artifactory/api/npm/benchmark-npm-remote/lru-cache 39ms (cache revalidated)
npm http fetch GET 200 https://vltoss.jfrog.io/artifactory/api/npm/benchmark-npm-remote/@jridgewell%2fgen-mapping 47ms (cache miss)
npm http fetch GET 200 https://vltoss.jfrog.io/artifactory/api/npm/benchmark-npm-remote/@babel%2fcompat-data 61ms (cache miss)
npm http fetch GET 200 https://vltoss.jfrog.io/artifactory/api/npm/benchmark-npm-remote/@babel%2fhelper-validator-option 42ms (cache miss)
npm http fetch GET 200 https://vltoss.jfrog.io/artifactory/api/npm/benchmark-npm-remote/@babel%2fhelper-module-imports 45ms (cache miss)
npm http fetch GET 200 https://vltoss.jfrog.io/artifactory/api/npm/benchmark-npm-remote/@babel%2fhelper-globals 44ms (cache miss)
npm http fetch GET 200 https://vltoss.jfrog.io/artifactory/api/npm/benchmark-npm-remote/@jridgewell%2fgen-mapping 34ms (cache revalidated)
npm http fetch GET 200 https://vltoss.jfrog.io/artifactory/api/npm/benchmark-npm-remote/@babel%2fhelper-string-parser 46ms (cache miss)
npm http fetch GET 200 https://vltoss.jfrog.io/artifactory/api/npm/benchmark-npm-remote/@jridgewell%2fsourcemap-codec 37ms (cache revalidated)
npm http fetch GET 200 https://vltoss.jfrog.io/artifactory/api/npm/benchmark-npm-remote/yallist 37ms (cache miss)
npm http fetch GET 200 https://vltoss.jfrog.io/artifactory/api/npm/benchmark-npm-remote/get-package-type 42ms (cache miss)
npm http fetch GET 200 https://vltoss.jfrog.io/artifactory/api/npm/benchmark-npm-remote/find-up 46ms (cache revalidated)
npm http fetch GET 200 https://vltoss.jfrog.io/artifactory/api/npm/benchmark-npm-remote/camelcase 51ms (cache revalidated)
npm http fetch GET 200 https://vltoss.jfrog.io/artifactory/api/npm/benchmark-npm-remote/js-yaml 39ms (cache revalidated)
npm http fetch GET 200 https://vltoss.jfrog.io/artifactory/api/npm/benchmark-npm-remote/resolve-from 37ms (cache revalidated)
npm http fetch GET 200 https://vltoss.jfrog.io/artifactory/api/npm/benchmark-npm-remote/locate-path 38ms (cache revalidated)
npm http fetch GET 200 https://vltoss.jfrog.io/artifactory/api/npm/benchmark-npm-remote/esprima 43ms (cache miss)
npm http fetch GET 200 https://vltoss.jfrog.io/artifactory/api/npm/benchmark-npm-remote/onetime 43ms (cache revalidated)
npm http fetch GET 200 https://vltoss.jfrog.io/artifactory/api/npm/benchmark-npm-remote/human-signals 46ms (cache miss)
npm http fetch GET 200 https://vltoss.jfrog.io/artifactory/api/npm/benchmark-npm-remote/get-stream 49ms (cache miss)
npm http fetch GET 200 https://vltoss.jfrog.io/artifactory/api/npm/benchmark-npm-remote/strip-final-newline 42ms (cache miss)
npm http fetch GET 200 https://vltoss.jfrog.io/artifactory/api/npm/benchmark-npm-remote/yocto-queue 39ms (cache miss)
npm http fetch GET 200 https://vltoss.jfrog.io/artifactory/api/npm/benchmark-npm-remote/mimic-fn 47ms (cache revalidated)
npm http fetch GET 200 https://vltoss.jfrog.io/artifactory/api/npm/benchmark-npm-remote/y18n 38ms (cache revalidated)
npm http fetch GET 200 https://vltoss.jfrog.io/artifactory/api/npm/benchmark-npm-remote/get-caller-file 41ms (cache revalidated)
npm http fetch GET 200 https://vltoss.jfrog.io/artifactory/api/npm/benchmark-npm-remote/prompts 45ms (cache miss)
npm http fetch GET 200 https://vltoss.jfrog.io/artifactory/api/npm/benchmark-npm-remote/require-directory 39ms (cache revalidated)
npm http fetch GET 200 https://vltoss.jfrog.io/artifactory/api/npm/benchmark-npm-remote/sisteransi 43ms (cache miss)
npm http fetch GET 200 https://vltoss.jfrog.io/artifactory/api/npm/benchmark-npm-remote/kleur 45ms (cache miss)
npm http fetch GET 200 https://vltoss.jfrog.io/artifactory/api/npm/benchmark-npm-remote/@types%2fbabel__core 47ms (cache miss)
npm http fetch GET 200 https://vltoss.jfrog.io/artifactory/api/npm/benchmark-npm-remote/co 52ms (cache miss)
npm http fetch GET 200 https://vltoss.jfrog.io/artifactory/api/npm/benchmark-npm-remote/babel-preset-jest 58ms (cache miss)
npm http fetch GET 200 https://vltoss.jfrog.io/artifactory/api/npm/benchmark-npm-remote/dedent 44ms (cache miss)
npm http fetch GET 200 https://vltoss.jfrog.io/artifactory/api/npm/benchmark-npm-remote/pure-rand 49ms (cache miss)
npm http fetch GET 200 https://vltoss.jfrog.io/artifactory/api/npm/benchmark-npm-remote/jest-each 59ms (cache miss)
npm http fetch GET 200 https://vltoss.jfrog.io/artifactory/api/npm/benchmark-npm-remote/@jest%2fexpect 43ms (cache miss)
npm http fetch GET 200 https://vltoss.jfrog.io/artifactory/api/npm/benchmark-npm-remote/is-generator-fn 42ms (cache miss)
npm http fetch GET 200 https://vltoss.jfrog.io/artifactory/api/npm/benchmark-npm-remote/error-ex 39ms (cache miss)
npm http fetch GET 200 https://vltoss.jfrog.io/artifactory/api/npm/benchmark-npm-remote/lines-and-columns 37ms (cache revalidated)
npm http fetch GET 200 https://vltoss.jfrog.io/artifactory/api/npm/benchmark-npm-remote/json-parse-even-better-errors 36ms (cache miss)
npm http fetch GET 200 https://vltoss.jfrog.io/artifactory/api/npm/benchmark-npm-remote/@types%2fbabel__template 49ms (cache miss)
npm http fetch GET 200 https://vltoss.jfrog.io/artifactory/api/npm/benchmark-npm-remote/@types%2fbabel__generator 49ms (cache miss)
npm http fetch GET 200 https://vltoss.jfrog.io/artifactory/api/npm/benchmark-npm-remote/@types%2fbabel__traverse 51ms (cache miss)
npm http fetch GET 200 https://vltoss.jfrog.io/artifactory/api/npm/benchmark-npm-remote/babel-plugin-jest-hoist 51ms (cache miss)
npm http fetch GET 200 https://vltoss.jfrog.io/artifactory/api/npm/benchmark-npm-remote/@babel%2fplugin-syntax-bigint 47ms (cache miss)
npm http fetch GET 200 https://vltoss.jfrog.io/artifactory/api/npm/benchmark-npm-remote/@babel%2fplugin-syntax-async-generators 50ms (cache miss)
npm http fetch GET 200 https://vltoss.jfrog.io/artifactory/api/npm/benchmark-npm-remote/@babel%2fplugin-syntax-class-properties 50ms (cache miss)
npm http fetch GET 200 https://vltoss.jfrog.io/artifactory/api/npm/benchmark-npm-remote/@babel%2fplugin-syntax-import-meta 48ms (cache miss)
npm http fetch GET 200 https://vltoss.jfrog.io/artifactory/api/npm/benchmark-npm-remote/@babel%2fplugin-syntax-class-static-block 53ms (cache miss)
npm http fetch GET 200 https://vltoss.jfrog.io/artifactory/api/npm/benchmark-npm-remote/@babel%2fplugin-syntax-import-attributes 53ms (cache miss)
npm http fetch GET 200 https://vltoss.jfrog.io/artifactory/api/npm/benchmark-npm-remote/@babel%2fplugin-syntax-json-strings 43ms (cache miss)
npm http fetch GET 200 https://vltoss.jfrog.io/artifactory/api/npm/benchmark-npm-remote/@babel%2fplugin-syntax-logical-assignment-operators 45ms (cache miss)
npm http fetch GET 200 https://vltoss.jfrog.io/artifactory/api/npm/benchmark-npm-remote/@babel%2fplugin-syntax-nullish-coalescing-operator 52ms (cache miss)
npm http fetch GET 200 https://vltoss.jfrog.io/artifactory/api/npm/benchmark-npm-remote/@babel%2fplugin-syntax-numeric-separator 40ms (cache miss)
npm http fetch GET 200 https://vltoss.jfrog.io/artifactory/api/npm/benchmark-npm-remote/@babel%2fplugin-syntax-object-rest-spread 41ms (cache miss)
npm http fetch GET 200 https://vltoss.jfrog.io/artifactory/api/npm/benchmark-npm-remote/@babel%2fplugin-syntax-optional-catch-binding 40ms (cache miss)
npm http fetch GET 200 https://vltoss.jfrog.io/artifactory/api/npm/benchmark-npm-remote/@babel%2fplugin-syntax-optional-chaining 41ms (cache miss)
npm http fetch GET 200 https://vltoss.jfrog.io/artifactory/api/npm/benchmark-npm-remote/@babel%2fplugin-syntax-private-property-in-object 41ms (cache miss)
npm http fetch GET 200 https://vltoss.jfrog.io/artifactory/api/npm/benchmark-npm-remote/@babel%2fplugin-syntax-top-level-await 44ms (cache miss)
npm http fetch GET 200 https://vltoss.jfrog.io/artifactory/api/npm/benchmark-npm-remote/@sinonjs%2ffake-timers 50ms (cache miss)
npm http fetch GET 200 https://vltoss.jfrog.io/artifactory/api/npm/benchmark-npm-remote/@sinonjs%2fcommons 40ms (cache miss)
npm http fetch GET 200 https://vltoss.jfrog.io/artifactory/api/npm/benchmark-npm-remote/type-detect 39ms (cache miss)
npm http fetch GET 200 https://vltoss.jfrog.io/artifactory/api/npm/benchmark-npm-remote/canvas 34ms (cache revalidated)
npm http fetch GET 200 https://vltoss.jfrog.io/artifactory/api/npm/benchmark-npm-remote/@types%2ftough-cookie 52ms (cache miss)
npm http fetch GET 200 https://vltoss.jfrog.io/artifactory/api/npm/benchmark-npm-remote/parse5 58ms (cache miss)
npm http fetch GET 200 https://vltoss.jfrog.io/artifactory/api/npm/benchmark-npm-remote/ws 67ms (cache miss)
npm http fetch GET 200 https://vltoss.jfrog.io/artifactory/api/npm/benchmark-npm-remote/saxes 40ms (cache miss)
npm http fetch GET 200 https://vltoss.jfrog.io/artifactory/api/npm/benchmark-npm-remote/nwsapi 40ms (cache miss)
npm http fetch GET 200 https://vltoss.jfrog.io/artifactory/api/npm/benchmark-npm-remote/parse5 34ms (cache revalidated)
npm http fetch GET 200 https://vltoss.jfrog.io/artifactory/api/npm/benchmark-npm-remote/cssstyle 46ms (cache miss)
npm http fetch GET 200 https://vltoss.jfrog.io/artifactory/api/npm/benchmark-npm-remote/data-urls 46ms (cache miss)
npm http fetch GET 200 https://vltoss.jfrog.io/artifactory/api/npm/benchmark-npm-remote/decimal.js 43ms (cache miss)
npm http fetch GET 200 https://vltoss.jfrog.io/artifactory/api/npm/benchmark-npm-remote/rrweb-cssom 44ms (cache miss)
npm http fetch GET 200 https://vltoss.jfrog.io/artifactory/api/npm/benchmark-npm-remote/symbol-tree 43ms (cache miss)
npm http fetch GET 200 https://vltoss.jfrog.io/artifactory/api/npm/benchmark-npm-remote/whatwg-url 53ms (cache miss)
npm http fetch GET 200 https://vltoss.jfrog.io/artifactory/api/npm/benchmark-npm-remote/whatwg-mimetype 39ms (cache miss)
npm http fetch GET 200 https://vltoss.jfrog.io/artifactory/api/npm/benchmark-npm-remote/whatwg-encoding 44ms (cache miss)
npm http fetch GET 200 https://vltoss.jfrog.io/artifactory/api/npm/benchmark-npm-remote/tough-cookie 51ms (cache miss)
npm http fetch GET 200 https://vltoss.jfrog.io/artifactory/api/npm/benchmark-npm-remote/https-proxy-agent 36ms (cache revalidated)
npm http fetch GET 200 https://vltoss.jfrog.io/artifactory/api/npm/benchmark-npm-remote/http-proxy-agent 41ms (cache miss)
npm http fetch GET 200 https://vltoss.jfrog.io/artifactory/api/npm/benchmark-npm-remote/w3c-xmlserializer 46ms (cache miss)
npm http fetch GET 200 https://vltoss.jfrog.io/artifactory/api/npm/benchmark-npm-remote/webidl-conversions 47ms (cache miss)
npm http fetch GET 200 https://vltoss.jfrog.io/artifactory/api/npm/benchmark-npm-remote/xml-name-validator 47ms (cache miss)
npm http fetch GET 200 https://vltoss.jfrog.io/artifactory/api/npm/benchmark-npm-remote/html-encoding-sniffer 49ms (cache miss)
npm http fetch GET 200 https://vltoss.jfrog.io/artifactory/api/npm/benchmark-npm-remote/is-potential-custom-element-name 41ms (cache miss)
npm http fetch GET 200 https://vltoss.jfrog.io/artifactory/api/npm/benchmark-npm-remote/@sinonjs%2ffake-timers 40ms (cache revalidated)
npm http fetch GET 200 https://vltoss.jfrog.io/artifactory/api/npm/benchmark-npm-remote/jest-message-util 42ms (cache revalidated)
npm http fetch GET 200 https://vltoss.jfrog.io/artifactory/api/npm/benchmark-npm-remote/@jest%2fpattern 45ms (cache miss)
npm http fetch GET 200 https://vltoss.jfrog.io/artifactory/api/npm/benchmark-npm-remote/@jest%2fexpect-utils 35ms (cache revalidated)
npm http fetch GET 200 https://vltoss.jfrog.io/artifactory/api/npm/benchmark-npm-remote/@jest%2fschemas 41ms (cache revalidated)
npm http fetch GET 200 https://vltoss.jfrog.io/artifactory/api/npm/benchmark-npm-remote/ci-info 35ms (cache revalidated)
npm http fetch GET 200 https://vltoss.jfrog.io/artifactory/api/npm/benchmark-npm-remote/entities 44ms (cache miss)
npm http fetch GET 200 https://vltoss.jfrog.io/artifactory/api/npm/benchmark-npm-remote/bser 39ms (cache miss)
npm http fetch GET 200 https://vltoss.jfrog.io/artifactory/api/npm/benchmark-npm-remote/makeerror 39ms (cache miss)
npm http fetch GET 200 https://vltoss.jfrog.io/artifactory/api/npm/benchmark-npm-remote/node-int64 37ms (cache miss)
npm http fetch GET 200 https://vltoss.jfrog.io/artifactory/api/npm/benchmark-npm-remote/diff-sequences 49ms (cache miss)
npm http fetch GET 200 https://vltoss.jfrog.io/artifactory/api/npm/benchmark-npm-remote/buffer-from 44ms (cache miss)
npm http fetch GET 200 https://vltoss.jfrog.io/artifactory/api/npm/benchmark-npm-remote/detect-newline 46ms (cache miss)
npm http fetch GET 200 https://vltoss.jfrog.io/artifactory/api/npm/benchmark-npm-remote/diff-sequences 39ms (cache revalidated)
npm http fetch GET 200 https://vltoss.jfrog.io/artifactory/api/npm/benchmark-npm-remote/whatwg-url 41ms (cache revalidated)
npm http fetch GET 200 https://vltoss.jfrog.io/artifactory/api/npm/benchmark-npm-remote/agent-base 44ms (cache revalidated)
npm http fetch GET 200 https://vltoss.jfrog.io/artifactory/api/npm/benchmark-npm-remote/@asamuzakjp%2fcss-color 53ms (cache miss)
npm http fetch GET 200 https://vltoss.jfrog.io/artifactory/api/npm/benchmark-npm-remote/agent-base 40ms (cache revalidated)
npm http fetch GET 200 https://vltoss.jfrog.io/artifactory/api/npm/benchmark-npm-remote/xmlchars 47ms (cache miss)
npm http fetch GET 200 https://vltoss.jfrog.io/artifactory/api/npm/benchmark-npm-remote/iconv-lite 54ms (cache miss)
npm http fetch GET 200 https://vltoss.jfrog.io/artifactory/api/npm/benchmark-npm-remote/tr46 48ms (cache miss)
npm http fetch GET 200 https://vltoss.jfrog.io/artifactory/api/npm/benchmark-npm-remote/tldts 133ms (cache miss)
npm http fetch GET 200 https://vltoss.jfrog.io/artifactory/api/npm/benchmark-npm-remote/@csstools%2fcss-tokenizer 44ms (cache miss)
npm http fetch GET 200 https://vltoss.jfrog.io/artifactory/api/npm/benchmark-npm-remote/@csstools%2fcss-calc 49ms (cache miss)
npm http fetch GET 200 https://vltoss.jfrog.io/artifactory/api/npm/benchmark-npm-remote/@csstools%2fcss-color-parser 49ms (cache miss)
npm http fetch GET 200 https://vltoss.jfrog.io/artifactory/api/npm/benchmark-npm-remote/@csstools%2fcss-parser-algorithms 41ms (cache miss)
npm http fetch GET 200 https://vltoss.jfrog.io/artifactory/api/npm/benchmark-npm-remote/@csstools%2fcolor-helpers 44ms (cache miss)
npm http fetch GET 200 https://vltoss.jfrog.io/artifactory/api/npm/benchmark-npm-remote/ajv-formats 48ms (cache miss)
npm http fetch GET 200 https://vltoss.jfrog.io/artifactory/api/npm/benchmark-npm-remote/ajv-keywords 50ms (cache miss)
npm http fetch GET 200 https://vltoss.jfrog.io/artifactory/api/npm/benchmark-npm-remote/balanced-match 37ms (cache revalidated)
npm http fetch GET 200 https://vltoss.jfrog.io/artifactory/api/npm/benchmark-npm-remote/proxy-from-env 42ms (cache revalidated)
npm http fetch GET 200 https://vltoss.jfrog.io/artifactory/api/npm/benchmark-npm-remote/form-data 44ms (cache revalidated)
npm http fetch GET 200 https://vltoss.jfrog.io/artifactory/api/npm/benchmark-npm-remote/@tybys%2fwasm-util 46ms (cache revalidated)
npm http fetch GET 200 https://vltoss.jfrog.io/artifactory/api/npm/benchmark-npm-remote/follow-redirects 41ms (cache revalidated)
npm http fetch GET 200 https://vltoss.jfrog.io/artifactory/api/npm/benchmark-npm-remote/ieee754 40ms (cache revalidated)
npm http fetch GET 200 https://vltoss.jfrog.io/artifactory/api/npm/benchmark-npm-remote/buffer 42ms (cache revalidated)
npm http fetch GET 200 https://vltoss.jfrog.io/artifactory/api/npm/benchmark-npm-remote/wrap-ansi 40ms (cache revalidated)
npm http fetch GET 200 https://vltoss.jfrog.io/artifactory/api/npm/benchmark-npm-remote/delayed-stream 41ms (cache revalidated)
npm http fetch GET 200 https://vltoss.jfrog.io/artifactory/api/npm/benchmark-npm-remote/restore-cursor 45ms (cache revalidated)
npm http fetch GET 200 https://vltoss.jfrog.io/artifactory/api/npm/benchmark-npm-remote/wrappy 37ms (cache revalidated)
npm http fetch GET 200 https://vltoss.jfrog.io/artifactory/api/npm/benchmark-npm-remote/mime-types 40ms (cache revalidated)
npm http fetch GET 200 https://vltoss.jfrog.io/artifactory/api/npm/benchmark-npm-remote/wcwidth 40ms (cache revalidated)
npm http fetch GET 200 https://vltoss.jfrog.io/artifactory/api/npm/benchmark-npm-remote/string_decoder 39ms (cache revalidated)
npm http fetch GET 200 https://vltoss.jfrog.io/artifactory/api/npm/benchmark-npm-remote/util-deprecate 44ms (cache revalidated)
npm http fetch GET 200 https://vltoss.jfrog.io/artifactory/api/npm/benchmark-npm-remote/is-arrayish 43ms (cache miss)
npm http fetch GET 200 https://vltoss.jfrog.io/artifactory/api/npm/benchmark-npm-remote/strip-json-comments 44ms (cache revalidated)
npm http fetch GET 200 https://vltoss.jfrog.io/artifactory/api/npm/benchmark-npm-remote/ini 51ms (cache miss)
npm http fetch GET 200 https://vltoss.jfrog.io/artifactory/api/npm/benchmark-npm-remote/deep-extend 54ms (cache miss)
npm http fetch GET 200 https://vltoss.jfrog.io/artifactory/api/npm/benchmark-npm-remote/decompress-response 46ms (cache miss)
npm http fetch GET 200 https://vltoss.jfrog.io/artifactory/api/npm/benchmark-npm-remote/simple-concat 41ms (cache miss)
npm http fetch GET 200 https://vltoss.jfrog.io/artifactory/api/npm/benchmark-npm-remote/chownr 42ms (cache miss)
npm http fetch GET 200 https://vltoss.jfrog.io/artifactory/api/npm/benchmark-npm-remote/object.entries 39ms (cache miss)
npm http fetch GET 200 https://vltoss.jfrog.io/artifactory/api/npm/benchmark-npm-remote/mimic-response 38ms (cache miss)
npm http fetch GET 200 https://vltoss.jfrog.io/artifactory/api/npm/benchmark-npm-remote/tldts-core 131ms (cache miss)
npm http fetch GET 200 https://vltoss.jfrog.io/artifactory/api/npm/benchmark-npm-remote/@sinclair%2ftypebox 119ms (cache miss)
npm http fetch GET 200 https://vltoss.jfrog.io/artifactory/api/npm/benchmark-npm-remote/@jridgewell%2ftrace-mapping 35ms (cache revalidated)
npm http fetch GET 200 https://vltoss.jfrog.io/artifactory/api/npm/benchmark-npm-remote/which 36ms (cache revalidated)
npm http fetch GET 200 https://vltoss.jfrog.io/artifactory/api/npm/benchmark-npm-remote/ini 40ms (cache revalidated)
npm http fetch GET 200 https://vltoss.jfrog.io/artifactory/api/npm/benchmark-npm-remote/kind-of 43ms (cache miss)
npm http fetch GET 200 https://vltoss.jfrog.io/artifactory/api/npm/benchmark-npm-remote/isexe 34ms (cache revalidated)
npm http fetch GET 200 https://vltoss.jfrog.io/artifactory/api/npm/benchmark-npm-remote/which-builtin-type 39ms (cache miss)
npm http fetch GET 200 https://vltoss.jfrog.io/artifactory/api/npm/benchmark-npm-remote/is-generator-function 40ms (cache miss)
npm http fetch GET 200 https://vltoss.jfrog.io/artifactory/api/npm/benchmark-npm-remote/is-finalizationregistry 45ms (cache miss)
npm http fetch GET 200 https://vltoss.jfrog.io/artifactory/api/npm/benchmark-npm-remote/is-async-function 49ms (cache miss)
npm http fetch GET 200 https://vltoss.jfrog.io/artifactory/api/npm/benchmark-npm-remote/which-boxed-primitive 40ms (cache revalidated)
npm http fetch GET 200 https://vltoss.jfrog.io/artifactory/api/npm/benchmark-npm-remote/which-collection 46ms (cache miss)
npm http fetch GET 200 https://vltoss.jfrog.io/artifactory/api/npm/benchmark-npm-remote/@shikijs%2fengine-oniguruma 69ms (cache miss)
npm http fetch GET 200 https://vltoss.jfrog.io/artifactory/api/npm/benchmark-npm-remote/@shikijs%2fthemes 75ms (cache miss)
npm http fetch GET 200 https://vltoss.jfrog.io/artifactory/api/npm/benchmark-npm-remote/@shikijs%2flangs 92ms (cache miss)
npm http fetch GET 200 https://vltoss.jfrog.io/artifactory/api/npm/benchmark-npm-remote/@shikijs%2fvscode-textmate 42ms (cache miss)
npm http fetch GET 200 https://vltoss.jfrog.io/artifactory/api/npm/benchmark-npm-remote/@shikijs%2ftypes 57ms (cache miss)
npm http fetch GET 200 https://vltoss.jfrog.io/artifactory/api/npm/benchmark-npm-remote/mdurl 44ms (cache miss)
npm http fetch GET 200 https://vltoss.jfrog.io/artifactory/api/npm/benchmark-npm-remote/entities 36ms (cache revalidated)
npm http fetch GET 200 https://vltoss.jfrog.io/artifactory/api/npm/benchmark-npm-remote/uc.micro 39ms (cache miss)
npm http fetch GET 200 https://vltoss.jfrog.io/artifactory/api/npm/benchmark-npm-remote/linkify-it 46ms (cache miss)
npm http fetch GET 200 https://vltoss.jfrog.io/artifactory/api/npm/benchmark-npm-remote/punycode.js 40ms (cache miss)
npm http fetch GET 200 https://vltoss.jfrog.io/artifactory/api/npm/benchmark-npm-remote/@shikijs%2ftypes 39ms (cache revalidated)
npm http fetch GET 200 https://vltoss.jfrog.io/artifactory/api/npm/benchmark-npm-remote/@shikijs%2ftypes 42ms (cache revalidated)
npm http fetch GET 200 https://vltoss.jfrog.io/artifactory/api/npm/benchmark-npm-remote/@shikijs%2ftypes 43ms (cache revalidated)
npm http fetch GET 200 https://vltoss.jfrog.io/artifactory/api/npm/benchmark-npm-remote/@types%2fhast 51ms (cache miss)
npm http fetch GET 200 https://vltoss.jfrog.io/artifactory/api/npm/benchmark-npm-remote/@types%2funist 45ms (cache miss)
npm http fetch GET 200 https://vltoss.jfrog.io/artifactory/api/npm/benchmark-npm-remote/uc.micro 38ms (cache revalidated)
npm http fetch GET 200 https://vltoss.jfrog.io/artifactory/api/npm/benchmark-npm-remote/is-boolean-object 40ms (cache miss)
npm http fetch GET 200 https://vltoss.jfrog.io/artifactory/api/npm/benchmark-npm-remote/is-bigint 45ms (cache miss)
npm http fetch GET 200 https://vltoss.jfrog.io/artifactory/api/npm/benchmark-npm-remote/is-number-object 46ms (cache miss)
npm http fetch GET 200 https://vltoss.jfrog.io/artifactory/api/npm/benchmark-npm-remote/tmpl 42ms (cache miss)
npm http fetch GET 200 https://vltoss.jfrog.io/artifactory/api/npm/benchmark-npm-remote/webpack 42ms (cache revalidated)
npm http fetch GET 200 https://vltoss.jfrog.io/artifactory/api/npm/benchmark-npm-remote/@webassemblyjs%2fhelper-numbers 49ms (cache miss)
npm http fetch GET 200 https://vltoss.jfrog.io/artifactory/api/npm/benchmark-npm-remote/@webassemblyjs%2fhelper-buffer 52ms (cache miss)
npm http fetch GET 200 https://vltoss.jfrog.io/artifactory/api/npm/benchmark-npm-remote/@webassemblyjs%2fhelper-wasm-bytecode 54ms (cache miss)
npm http fetch GET 200 https://vltoss.jfrog.io/artifactory/api/npm/benchmark-npm-remote/@webassemblyjs%2fhelper-wasm-section 48ms (cache miss)
npm http fetch GET 200 https://vltoss.jfrog.io/artifactory/api/npm/benchmark-npm-remote/@webassemblyjs%2fhelper-wasm-bytecode 54ms (cache miss)
npm http fetch GET 200 https://vltoss.jfrog.io/artifactory/api/npm/benchmark-npm-remote/@webassemblyjs%2fwasm-gen 50ms (cache miss)
npm http fetch GET 200 https://vltoss.jfrog.io/artifactory/api/npm/benchmark-npm-remote/@webassemblyjs%2fwasm-parser 46ms (cache revalidated)
npm http fetch GET 200 https://vltoss.jfrog.io/artifactory/api/npm/benchmark-npm-remote/@webassemblyjs%2fwasm-opt 52ms (cache miss)
npm http fetch GET 200 https://vltoss.jfrog.io/artifactory/api/npm/benchmark-npm-remote/@webassemblyjs%2fwast-printer 57ms (cache miss)
npm http fetch GET 200 https://vltoss.jfrog.io/artifactory/api/npm/benchmark-npm-remote/@webassemblyjs%2fhelper-api-error 52ms (cache miss)
npm http fetch GET 200 https://vltoss.jfrog.io/artifactory/api/npm/benchmark-npm-remote/@webassemblyjs%2fieee754 50ms (cache miss)
npm http fetch GET 200 https://vltoss.jfrog.io/artifactory/api/npm/benchmark-npm-remote/@webassemblyjs%2fleb128 59ms (cache miss)
npm http fetch GET 200 https://vltoss.jfrog.io/artifactory/api/npm/benchmark-npm-remote/tapable 35ms (cache revalidated)
npm http fetch GET 200 https://vltoss.jfrog.io/artifactory/api/npm/benchmark-npm-remote/@webassemblyjs%2futf8 46ms (cache miss)
npm http fetch GET 200 https://vltoss.jfrog.io/artifactory/api/npm/benchmark-npm-remote/jest-worker 39ms (cache revalidated)
npm http fetch GET 200 https://vltoss.jfrog.io/artifactory/api/npm/benchmark-npm-remote/terser 75ms (cache miss)
npm http fetch GET 200 https://vltoss.jfrog.io/artifactory/api/npm/benchmark-npm-remote/@xtuc%2flong 41ms (cache miss)
npm http fetch GET 200 https://vltoss.jfrog.io/artifactory/api/npm/benchmark-npm-remote/@webassemblyjs%2ffloating-point-hex-parser 44ms (cache miss)
npm http fetch GET 200 https://vltoss.jfrog.io/artifactory/api/npm/benchmark-npm-remote/@xtuc%2fieee754 41ms (cache miss)
npm http fetch GET 200 https://vltoss.jfrog.io/artifactory/api/npm/benchmark-npm-remote/source-map-support 36ms (cache revalidated)
npm http fetch GET 200 https://vltoss.jfrog.io/artifactory/api/npm/benchmark-npm-remote/@jridgewell%2fsource-map 40ms (cache miss)
npm http fetch GET 200 https://vltoss.jfrog.io/artifactory/api/npm/benchmark-npm-remote/webpack 42ms (cache revalidated)
npm http fetch GET 200 https://vltoss.jfrog.io/artifactory/api/npm/benchmark-npm-remote/webpack-cli 40ms (cache revalidated)
npm http fetch GET 200 https://vltoss.jfrog.io/artifactory/api/npm/benchmark-npm-remote/clone-deep 45ms (cache miss)
npm http fetch GET 200 https://vltoss.jfrog.io/artifactory/api/npm/benchmark-npm-remote/wildcard 46ms (cache miss)
npm http fetch GET 200 https://vltoss.jfrog.io/artifactory/api/npm/benchmark-npm-remote/shallow-clone 40ms (cache miss)
npm http fetch GET 200 https://vltoss.jfrog.io/artifactory/api/npm/benchmark-npm-remote/is-plain-object 45ms (cache miss)
npm http fetch GET 200 https://vltoss.jfrog.io/artifactory/api/npm/benchmark-npm-remote/isobject 36ms (cache miss)
npm http fetch GET 200 https://vltoss.jfrog.io/artifactory/api/npm/benchmark-npm-remote/safer-buffer 39ms (cache miss)
npm http fetch GET 200 https://vltoss.jfrog.io/artifactory/api/npm/benchmark-npm-remote/is-map 42ms (cache miss)
npm http fetch GET 200 https://vltoss.jfrog.io/artifactory/api/npm/benchmark-npm-remote/async-function 47ms (cache miss)
npm http fetch GET 200 https://vltoss.jfrog.io/artifactory/api/npm/benchmark-npm-remote/generator-function 47ms (cache miss)
npm http fetch GET 200 https://vltoss.jfrog.io/artifactory/api/npm/benchmark-npm-remote/is-weakmap 38ms (cache miss)
npm http fetch GET 200 https://vltoss.jfrog.io/artifactory/api/npm/benchmark-npm-remote/is-weakset 44ms (cache miss)
npm http fetch GET 200 https://vltoss.jfrog.io/artifactory/api/npm/benchmark-npm-remote/@so-ric%2fcolorspace 40ms (cache miss)
npm http fetch GET 200 https://vltoss.jfrog.io/artifactory/api/npm/benchmark-npm-remote/kuler 46ms (cache miss)
npm http fetch GET 200 https://vltoss.jfrog.io/artifactory/api/npm/benchmark-npm-remote/enabled 47ms (cache miss)
npm http fetch GET 200 https://vltoss.jfrog.io/artifactory/api/npm/benchmark-npm-remote/@colors%2fcolors 37ms (cache revalidated)
npm http fetch GET 200 https://vltoss.jfrog.io/artifactory/api/npm/benchmark-npm-remote/fecha 41ms (cache miss)
npm http fetch GET 200 https://vltoss.jfrog.io/artifactory/api/npm/benchmark-npm-remote/@types%2ftriple-beam 45ms (cache miss)
npm http fetch GET 200 https://vltoss.jfrog.io/artifactory/api/npm/benchmark-npm-remote/fn.name 39ms (cache miss)
npm http fetch GET 200 https://vltoss.jfrog.io/artifactory/api/npm/benchmark-npm-remote/text-hex 46ms (cache miss)
npm http fetch GET 200 https://vltoss.jfrog.io/artifactory/api/npm/benchmark-npm-remote/color 48ms (cache miss)
npm http fetch GET 200 https://vltoss.jfrog.io/artifactory/api/npm/benchmark-npm-remote/color-string 44ms (cache miss)
npm http fetch GET 200 https://vltoss.jfrog.io/artifactory/api/npm/benchmark-npm-remote/concat-map 39ms (cache miss)
npm http fetch GET 200 https://vltoss.jfrog.io/artifactory/api/npm/benchmark-npm-remote/p-locate 34ms (cache revalidated)
npm http fetch GET 200 https://vltoss.jfrog.io/artifactory/api/npm/benchmark-npm-remote/sprintf-js 43ms (cache miss)
npm http fetch GET 200 https://vltoss.jfrog.io/artifactory/api/npm/benchmark-npm-remote/p-limit 38ms (cache revalidated)
npm http fetch GET 200 https://vltoss.jfrog.io/artifactory/api/npm/benchmark-npm-remote/p-try 39ms (cache miss)
npm http fetch GET 200 https://vltoss.jfrog.io/artifactory/api/npm/benchmark-npm-remote/@sinclair%2ftypebox 41ms (cache revalidated)
npm http fetch GET 200 https://vltoss.jfrog.io/artifactory/api/npm/benchmark-npm-remote/jest-regex-util 46ms (cache revalidated)
npm http fetch GET 200 https://vltoss.jfrog.io/artifactory/api/npm/benchmark-npm-remote/react-is 42ms (cache revalidated)
npm http fetch GET 200 https://vltoss.jfrog.io/artifactory/api/npm/benchmark-npm-remote/react-is 55ms (cache revalidated)
npm http fetch GET 200 https://vltoss.jfrog.io/artifactory/api/npm/benchmark-npm-remote/@jest%2fget-type 42ms (cache miss)
npm http fetch GET 200 https://vltoss.jfrog.io/artifactory/api/npm/benchmark-npm-remote/through 40ms (cache miss)
npm http fetch GET 200 https://vltoss.jfrog.io/artifactory/api/npm/benchmark-npm-remote/duplexer 42ms (cache miss)
npm http fetch GET 200 https://vltoss.jfrog.io/artifactory/api/npm/benchmark-npm-remote/jake 53ms (cache miss)
npm http fetch GET 200 https://vltoss.jfrog.io/artifactory/api/npm/benchmark-npm-remote/nx 47ms (cache revalidated)
npm http fetch GET 200 https://vltoss.jfrog.io/artifactory/api/npm/benchmark-npm-remote/@nx%2fnx-freebsd-x64 51ms (cache revalidated)
npm http fetch GET 200 https://vltoss.jfrog.io/artifactory/api/npm/benchmark-npm-remote/@nx%2fnx-darwin-x64 63ms (cache revalidated)
npm http fetch GET 200 https://vltoss.jfrog.io/artifactory/api/npm/benchmark-npm-remote/@yarnpkg%2fparsers 73ms (cache revalidated)
npm http fetch GET 200 https://vltoss.jfrog.io/artifactory/api/npm/benchmark-npm-remote/@nx%2fnx-linux-x64-gnu 46ms (cache revalidated)
npm http fetch GET 200 https://vltoss.jfrog.io/artifactory/api/npm/benchmark-npm-remote/@nx%2fnx-linux-x64-musl 56ms (cache revalidated)
npm http fetch GET 200 https://vltoss.jfrog.io/artifactory/api/npm/benchmark-npm-remote/@nx%2fnx-darwin-arm64 83ms (cache revalidated)
npm http fetch GET 200 https://vltoss.jfrog.io/artifactory/api/npm/benchmark-npm-remote/@nx%2fnx-linux-arm64-musl 42ms (cache revalidated)
npm http fetch GET 200 https://vltoss.jfrog.io/artifactory/api/npm/benchmark-npm-remote/@nx%2fnx-linux-arm64-gnu 68ms (cache revalidated)
npm http fetch GET 200 https://vltoss.jfrog.io/artifactory/api/npm/benchmark-npm-remote/@nx%2fnx-win32-x64-msvc 94ms (cache revalidated)
npm http fetch GET 200 https://vltoss.jfrog.io/artifactory/api/npm/benchmark-npm-remote/@nx%2fnx-linux-arm-gnueabihf 75ms (cache revalidated)
npm http fetch GET 200 https://vltoss.jfrog.io/artifactory/api/npm/benchmark-npm-remote/@nx%2fnx-win32-arm64-msvc 100ms (cache revalidated)
npm http fetch GET 200 https://vltoss.jfrog.io/artifactory/api/npm/benchmark-npm-remote/filelist 41ms (cache miss)
npm http fetch GET 200 https://vltoss.jfrog.io/artifactory/api/npm/benchmark-npm-remote/@pkgr%2fcore 40ms (cache revalidated)
npm http fetch GET 200 https://vltoss.jfrog.io/artifactory/api/npm/benchmark-npm-remote/@typescript-eslint%2ftsconfig-utils 40ms (cache revalidated)
npm http fetch GET 200 https://vltoss.jfrog.io/artifactory/api/npm/benchmark-npm-remote/@typescript-eslint%2fvisitor-keys 52ms (cache revalidated)
npm http fetch GET 200 https://vltoss.jfrog.io/artifactory/api/npm/benchmark-npm-remote/@typescript-eslint%2fvisitor-keys 89ms (cache revalidated)
npm http fetch GET 200 https://vltoss.jfrog.io/artifactory/api/npm/benchmark-npm-remote/@typescript-eslint%2fproject-service 128ms (cache revalidated)
npm http fetch GET 200 https://vltoss.jfrog.io/artifactory/api/npm/benchmark-npm-remote/@sinonjs%2fcommons 39ms (cache revalidated)
npm http fetch GET 200 https://vltoss.jfrog.io/artifactory/api/npm/benchmark-npm-remote/@recast-navigation%2fcore 54ms (cache miss)
npm http fetch GET 200 https://vltoss.jfrog.io/artifactory/api/npm/benchmark-npm-remote/@recast-navigation%2fgenerators 43ms (cache miss)
npm http fetch GET 200 https://vltoss.jfrog.io/artifactory/api/npm/benchmark-npm-remote/@recast-navigation%2fwasm 54ms (cache miss)
npm http fetch GET 200 https://vltoss.jfrog.io/artifactory/api/npm/benchmark-npm-remote/@recast-navigation%2fwasm 35ms (cache revalidated)
npm http fetch GET 200 https://vltoss.jfrog.io/artifactory/api/npm/benchmark-npm-remote/@recast-navigation%2fwasm 38ms (cache revalidated)
npm http fetch GET 200 https://vltoss.jfrog.io/artifactory/api/npm/benchmark-npm-remote/@types%2fmv 51ms (cache miss)
npm http fetch GET 200 https://vltoss.jfrog.io/artifactory/api/npm/benchmark-npm-remote/mv 38ms (cache miss)
npm http fetch GET 200 https://vltoss.jfrog.io/artifactory/api/npm/benchmark-npm-remote/rimraf 38ms (cache revalidated)
npm http fetch GET 200 https://vltoss.jfrog.io/artifactory/api/npm/benchmark-npm-remote/mkdirp 40ms (cache revalidated)
npm http fetch GET 200 https://vltoss.jfrog.io/artifactory/api/npm/benchmark-npm-remote/ncp 43ms (cache miss)
npm http fetch GET 200 https://vltoss.jfrog.io/artifactory/api/npm/benchmark-npm-remote/@types%2fdraco3d 40ms (cache miss)
npm http fetch GET 200 https://vltoss.jfrog.io/artifactory/api/npm/benchmark-npm-remote/@types%2fdraco3dgltf 36ms (cache miss)
npm http fetch GET 200 https://vltoss.jfrog.io/artifactory/api/npm/benchmark-npm-remote/@fortawesome%2ffontawesome-svg-core 49ms (cache miss)
npm http fetch GET 200 https://vltoss.jfrog.io/artifactory/api/npm/benchmark-npm-remote/@fortawesome%2ffree-regular-svg-icons 51ms (cache miss)
npm http fetch GET 200 https://vltoss.jfrog.io/artifactory/api/npm/benchmark-npm-remote/@fortawesome%2ffree-solid-svg-icons 43ms (cache miss)
npm http fetch GET 200 https://vltoss.jfrog.io/artifactory/api/npm/benchmark-npm-remote/@fortawesome%2freact-fontawesome 47ms (cache miss)
npm http fetch GET 200 https://vltoss.jfrog.io/artifactory/api/npm/benchmark-npm-remote/react 341ms (cache miss)
npm http fetch GET 200 https://vltoss.jfrog.io/artifactory/api/npm/benchmark-npm-remote/@types%2freact 116ms (cache miss)
npm http fetch GET 200 https://vltoss.jfrog.io/artifactory/api/npm/benchmark-npm-remote/@types%2freact-dom 75ms (cache miss)
npm http fetch GET 200 https://vltoss.jfrog.io/artifactory/api/npm/benchmark-npm-remote/gif.js.optimized 37ms (cache miss)
npm http fetch GET 200 https://vltoss.jfrog.io/artifactory/api/npm/benchmark-npm-remote/re-resizable 49ms (cache miss)
npm http fetch GET 200 https://vltoss.jfrog.io/artifactory/api/npm/benchmark-npm-remote/react-dom 398ms (cache miss)
npm http fetch GET 200 https://vltoss.jfrog.io/artifactory/api/npm/benchmark-npm-remote/sass 216ms (cache miss)
npm http fetch GET 200 https://vltoss.jfrog.io/artifactory/api/npm/benchmark-npm-remote/@fortawesome%2ffontawesome-common-types 51ms (cache miss)
npm http fetch GET 200 https://vltoss.jfrog.io/artifactory/api/npm/benchmark-npm-remote/@fortawesome%2ffontawesome-common-types 53ms (cache miss)
npm http fetch GET 200 https://vltoss.jfrog.io/artifactory/api/npm/benchmark-npm-remote/@fortawesome%2ffontawesome-common-types 57ms (cache miss)
npm http fetch GET 200 https://vltoss.jfrog.io/artifactory/api/npm/benchmark-npm-remote/loose-envify 48ms (cache miss)
npm http fetch GET 200 https://vltoss.jfrog.io/artifactory/api/npm/benchmark-npm-remote/prop-types 54ms (cache miss)
npm http fetch GET 200 https://vltoss.jfrog.io/artifactory/api/npm/benchmark-npm-remote/csstype 54ms (cache miss)
npm http fetch GET 200 https://vltoss.jfrog.io/artifactory/api/npm/benchmark-npm-remote/chokidar 34ms (cache revalidated)
npm http fetch GET 200 https://vltoss.jfrog.io/artifactory/api/npm/benchmark-npm-remote/@types%2fprop-types 49ms (cache miss)
npm http fetch GET 200 https://vltoss.jfrog.io/artifactory/api/npm/benchmark-npm-remote/source-map-js 53ms (cache miss)
npm http fetch GET 200 https://vltoss.jfrog.io/artifactory/api/npm/benchmark-npm-remote/immutable 63ms (cache miss)
npm http fetch GET 200 https://vltoss.jfrog.io/artifactory/api/npm/benchmark-npm-remote/@parcel%2fwatcher 50ms (cache miss)
npm http fetch GET 200 https://vltoss.jfrog.io/artifactory/api/npm/benchmark-npm-remote/scheduler 248ms (cache miss)
npm http fetch GET 200 https://vltoss.jfrog.io/artifactory/api/npm/benchmark-npm-remote/@babylonjs%2fhavok 40ms (cache miss)
npm http fetch GET 200 https://vltoss.jfrog.io/artifactory/api/npm/benchmark-npm-remote/@fluentui-contrib%2freact-virtualizer 43ms (cache miss)
npm http fetch GET 200 https://vltoss.jfrog.io/artifactory/api/npm/benchmark-npm-remote/@fluentui%2freact-shared-contexts 183ms (cache miss)
npm http fetch GET 200 https://vltoss.jfrog.io/artifactory/api/npm/benchmark-npm-remote/@fluentui%2freact-components 373ms (cache miss)
npm http fetch GET 200 https://vltoss.jfrog.io/artifactory/api/npm/benchmark-npm-remote/@fluentui%2freact-icons 101ms (cache miss)
npm http fetch GET 200 https://vltoss.jfrog.io/artifactory/api/npm/benchmark-npm-remote/@pmmmwh%2freact-refresh-webpack-plugin 54ms (cache miss)
npm http fetch GET 200 https://vltoss.jfrog.io/artifactory/api/npm/benchmark-npm-remote/react-refresh 298ms (cache miss)
npm http fetch GET 200 https://vltoss.jfrog.io/artifactory/api/npm/benchmark-npm-remote/html-webpack-plugin 89ms (cache miss)
npm http fetch GET 200 https://vltoss.jfrog.io/artifactory/api/npm/benchmark-npm-remote/react-refresh-typescript 42ms (cache miss)
npm http fetch GET 200 https://vltoss.jfrog.io/artifactory/api/npm/benchmark-npm-remote/typescript 47ms (cache revalidated)
npm http fetch GET 200 https://vltoss.jfrog.io/artifactory/api/npm/benchmark-npm-remote/usehooks-ts 57ms (cache miss)
npm http fetch GET 200 https://vltoss.jfrog.io/artifactory/api/npm/benchmark-npm-remote/@griffel%2freact 47ms (cache miss)
npm http fetch GET 200 https://vltoss.jfrog.io/artifactory/api/npm/benchmark-npm-remote/@types%2femscripten 59ms (cache miss)
npm http fetch GET 200 https://vltoss.jfrog.io/artifactory/api/npm/benchmark-npm-remote/@swc%2fhelpers 79ms (cache miss)
npm http fetch GET 200 https://vltoss.jfrog.io/artifactory/api/npm/benchmark-npm-remote/@swc%2fhelpers 36ms (cache revalidated)
npm http fetch GET 200 https://vltoss.jfrog.io/artifactory/api/npm/benchmark-npm-remote/@fluentui%2freact-jsx-runtime 270ms (cache miss)
npm http fetch GET 200 https://vltoss.jfrog.io/artifactory/api/npm/benchmark-npm-remote/@fluentui%2freact-utilities 314ms (cache miss)
npm http fetch GET 200 https://vltoss.jfrog.io/artifactory/api/npm/benchmark-npm-remote/@griffel%2freact 40ms (cache revalidated)
npm http fetch GET 200 https://vltoss.jfrog.io/artifactory/api/npm/benchmark-npm-remote/@fluentui%2freact-theme 261ms (cache miss)
npm http fetch GET 200 https://vltoss.jfrog.io/artifactory/api/npm/benchmark-npm-remote/@fluentui%2freact-nav 76ms (cache miss)
npm http fetch GET 200 https://vltoss.jfrog.io/artifactory/api/npm/benchmark-npm-remote/@fluentui%2freact-aria 336ms (cache miss)
npm http fetch GET 200 https://vltoss.jfrog.io/artifactory/api/npm/benchmark-npm-remote/@fluentui%2freact-card 349ms (cache miss)
npm http fetch GET 200 https://vltoss.jfrog.io/artifactory/api/npm/benchmark-npm-remote/@fluentui%2freact-link 316ms (cache miss)
npm http fetch GET 200 https://vltoss.jfrog.io/artifactory/api/npm/benchmark-npm-remote/@fluentui%2freact-list 99ms (cache miss)
npm http fetch GET 200 https://vltoss.jfrog.io/artifactory/api/npm/benchmark-npm-remote/@fluentui%2freact-tags 260ms (cache miss)
npm http fetch GET 200 https://vltoss.jfrog.io/artifactory/api/npm/benchmark-npm-remote/@fluentui%2freact-tabs 379ms (cache miss)
npm http fetch GET 200 https://vltoss.jfrog.io/artifactory/api/npm/benchmark-npm-remote/@fluentui%2freact-menu 438ms (cache miss)
npm http fetch GET 200 https://vltoss.jfrog.io/artifactory/api/npm/benchmark-npm-remote/@fluentui%2freact-text 270ms (cache miss)
npm http fetch GET 200 https://vltoss.jfrog.io/artifactory/api/npm/benchmark-npm-remote/@fluentui%2freact-alert 192ms (cache miss)
npm http fetch GET 200 https://vltoss.jfrog.io/artifactory/api/npm/benchmark-npm-remote/@fluentui%2freact-tree 246ms (cache miss)
npm http fetch GET 200 https://vltoss.jfrog.io/artifactory/api/npm/benchmark-npm-remote/@fluentui%2freact-field 253ms (cache miss)
npm http fetch GET 200 https://vltoss.jfrog.io/artifactory/api/npm/benchmark-npm-remote/@fluentui%2freact-badge 297ms (cache miss)
npm http fetch GET 200 https://vltoss.jfrog.io/artifactory/api/npm/benchmark-npm-remote/@fluentui%2freact-image 280ms (cache miss)
npm http fetch GET 200 https://vltoss.jfrog.io/artifactory/api/npm/benchmark-npm-remote/@fluentui%2freact-input 288ms (cache miss)
npm http fetch GET 200 https://vltoss.jfrog.io/artifactory/api/npm/benchmark-npm-remote/@fluentui%2freact-label 320ms (cache miss)
npm http fetch GET 200 https://vltoss.jfrog.io/artifactory/api/npm/benchmark-npm-remote/@fluentui%2freact-radio 295ms (cache miss)
npm http fetch GET 200 https://vltoss.jfrog.io/artifactory/api/npm/benchmark-npm-remote/@fluentui%2freact-table 259ms (cache miss)
npm http fetch GET 200 https://vltoss.jfrog.io/artifactory/api/npm/benchmark-npm-remote/@fluentui%2freact-toast 233ms (cache miss)
npm http fetch GET 200 https://vltoss.jfrog.io/artifactory/api/npm/benchmark-npm-remote/@fluentui%2freact-avatar 275ms (cache miss)
npm http fetch GET 200 https://vltoss.jfrog.io/artifactory/api/npm/benchmark-npm-remote/@fluentui%2freact-drawer 189ms (cache miss)
npm http fetch GET 200 https://vltoss.jfrog.io/artifactory/api/npm/benchmark-npm-remote/@fluentui%2freact-dialog 289ms (cache miss)
npm http fetch GET 200 https://vltoss.jfrog.io/artifactory/api/npm/benchmark-npm-remote/@fluentui%2freact-button 324ms (cache miss)
npm http fetch GET 200 https://vltoss.jfrog.io/artifactory/api/npm/benchmark-npm-remote/@fluentui%2freact-motion 179ms (cache miss)
npm http fetch GET 200 https://vltoss.jfrog.io/artifactory/api/npm/benchmark-npm-remote/@fluentui%2freact-rating 180ms (cache miss)
npm http fetch GET 200 https://vltoss.jfrog.io/artifactory/api/npm/benchmark-npm-remote/@fluentui%2freact-search 131ms (cache miss)
npm http fetch GET 200 https://vltoss.jfrog.io/artifactory/api/npm/benchmark-npm-remote/@fluentui%2freact-portal 286ms (cache miss)
npm http fetch GET 200 https://vltoss.jfrog.io/artifactory/api/npm/benchmark-npm-remote/@fluentui%2freact-select 228ms (cache miss)
npm http fetch GET 200 https://vltoss.jfrog.io/artifactory/api/npm/benchmark-npm-remote/@fluentui%2freact-slider 285ms (cache miss)
npm http fetch GET 200 https://vltoss.jfrog.io/artifactory/api/npm/benchmark-npm-remote/@fluentui%2freact-switch 312ms (cache miss)
npm http fetch GET 200 https://vltoss.jfrog.io/artifactory/api/npm/benchmark-npm-remote/@fluentui%2freact-divider 266ms (cache miss)
npm http fetch GET 200 https://vltoss.jfrog.io/artifactory/api/npm/benchmark-npm-remote/@fluentui%2freact-persona 240ms (cache miss)
npm http fetch GET 200 https://vltoss.jfrog.io/artifactory/api/npm/benchmark-npm-remote/@fluentui%2freact-popover 335ms (cache miss)
npm http fetch GET 200 https://vltoss.jfrog.io/artifactory/api/npm/benchmark-npm-remote/@fluentui%2freact-spinner 314ms (cache miss)
npm http fetch GET 200 https://vltoss.jfrog.io/artifactory/api/npm/benchmark-npm-remote/@fluentui%2freact-tabster 370ms (cache miss)
npm http fetch GET 200 https://vltoss.jfrog.io/artifactory/api/npm/benchmark-npm-remote/@fluentui%2freact-toolbar 285ms (cache miss)
npm http fetch GET 200 https://vltoss.jfrog.io/artifactory/api/npm/benchmark-npm-remote/@fluentui%2freact-carousel 111ms (cache miss)
npm http fetch GET 200 https://vltoss.jfrog.io/artifactory/api/npm/benchmark-npm-remote/@fluentui%2freact-tooltip 289ms (cache miss)
npm http fetch GET 200 https://vltoss.jfrog.io/artifactory/api/npm/benchmark-npm-remote/@fluentui%2freact-checkbox 299ms (cache miss)
npm http fetch GET 200 https://vltoss.jfrog.io/artifactory/api/npm/benchmark-npm-remote/@fluentui%2freact-overflow 235ms (cache miss)
npm http fetch GET 200 https://vltoss.jfrog.io/artifactory/api/npm/benchmark-npm-remote/@fluentui%2freact-combobox 278ms (cache miss)
npm http fetch GET 200 https://vltoss.jfrog.io/artifactory/api/npm/benchmark-npm-remote/@fluentui%2freact-skeleton 246ms (cache miss)
npm http fetch GET 200 https://vltoss.jfrog.io/artifactory/api/npm/benchmark-npm-remote/@fluentui%2freact-progress 318ms (cache miss)
npm http fetch GET 200 https://vltoss.jfrog.io/artifactory/api/npm/benchmark-npm-remote/@fluentui%2freact-provider 349ms (cache miss)
npm http fetch GET 200 https://vltoss.jfrog.io/artifactory/api/npm/benchmark-npm-remote/@fluentui%2freact-textarea 252ms (cache miss)
npm http fetch GET 200 https://vltoss.jfrog.io/artifactory/api/npm/benchmark-npm-remote/@fluentui%2freact-infolabel 179ms (cache miss)
npm http fetch GET 200 https://vltoss.jfrog.io/artifactory/api/npm/benchmark-npm-remote/@fluentui%2freact-utilities 48ms (cache revalidated)
npm http fetch GET 200 https://vltoss.jfrog.io/artifactory/api/npm/benchmark-npm-remote/@fluentui%2freact-accordion 344ms (cache miss)
npm http fetch GET 200 https://vltoss.jfrog.io/artifactory/api/npm/benchmark-npm-remote/@fluentui%2freact-breadcrumb 168ms (cache miss)
npm http fetch GET 200 https://vltoss.jfrog.io/artifactory/api/npm/benchmark-npm-remote/@fluentui%2freact-infobutton 154ms (cache miss)
npm http fetch GET 200 https://vltoss.jfrog.io/artifactory/api/npm/benchmark-npm-remote/@fluentui%2freact-tag-picker 152ms (cache miss)
npm http fetch GET 200 https://vltoss.jfrog.io/artifactory/api/npm/benchmark-npm-remote/@fluentui%2freact-spinbutton 229ms (cache miss)
npm http fetch GET 200 https://vltoss.jfrog.io/artifactory/api/npm/benchmark-npm-remote/@fluentui%2freact-message-bar 167ms (cache miss)
npm http fetch GET 200 https://vltoss.jfrog.io/artifactory/api/npm/benchmark-npm-remote/@fluentui%2freact-color-picker 115ms (cache miss)
npm http fetch GET 200 https://vltoss.jfrog.io/artifactory/api/npm/benchmark-npm-remote/@fluentui%2freact-virtualizer 176ms (cache miss)
npm http fetch GET 200 https://vltoss.jfrog.io/artifactory/api/npm/benchmark-npm-remote/@fluentui%2freact-positioning 228ms (cache miss)
npm http fetch GET 200 https://vltoss.jfrog.io/artifactory/api/npm/benchmark-npm-remote/anser 51ms (cache miss)
npm http fetch GET 200 https://vltoss.jfrog.io/artifactory/api/npm/benchmark-npm-remote/@fluentui%2freact-swatch-picker 151ms (cache miss)
npm http fetch GET 200 https://vltoss.jfrog.io/artifactory/api/npm/benchmark-npm-remote/source-map 41ms (cache revalidated)
npm http fetch GET 200 https://vltoss.jfrog.io/artifactory/api/npm/benchmark-npm-remote/@fluentui%2freact-teaching-popover 160ms (cache miss)
npm http fetch GET 200 https://vltoss.jfrog.io/artifactory/api/npm/benchmark-npm-remote/html-entities 48ms (cache miss)
npm http fetch GET 200 https://vltoss.jfrog.io/artifactory/api/npm/benchmark-npm-remote/core-js-pure 65ms (cache miss)
npm http fetch GET 200 https://vltoss.jfrog.io/artifactory/api/npm/benchmark-npm-remote/error-stack-parser 44ms (cache miss)
npm http fetch GET 200 https://vltoss.jfrog.io/artifactory/api/npm/benchmark-npm-remote/pretty-error 42ms (cache miss)
npm http fetch GET 200 https://vltoss.jfrog.io/artifactory/api/npm/benchmark-npm-remote/lodash 51ms (cache miss)
npm http fetch GET 200 https://vltoss.jfrog.io/artifactory/api/npm/benchmark-npm-remote/html-minifier-terser 43ms (cache miss)
npm http fetch GET 200 https://vltoss.jfrog.io/artifactory/api/npm/benchmark-npm-remote/@types%2fhtml-minifier-terser 46ms (cache miss)
npm http fetch GET 200 https://vltoss.jfrog.io/artifactory/api/npm/benchmark-npm-remote/lodash.debounce 45ms (cache miss)
npm http fetch GET 200 https://vltoss.jfrog.io/artifactory/api/npm/benchmark-npm-remote/react-dnd 49ms (cache miss)
npm http fetch GET 200 https://vltoss.jfrog.io/artifactory/api/npm/benchmark-npm-remote/react-dnd-touch-backend 45ms (cache miss)
npm http fetch GET 200 https://vltoss.jfrog.io/artifactory/api/npm/benchmark-npm-remote/@react-dnd%2finvariant 39ms (cache miss)
npm http fetch GET 200 https://vltoss.jfrog.io/artifactory/api/npm/benchmark-npm-remote/@react-dnd%2fshallowequal 48ms (cache miss)
npm http fetch GET 200 https://vltoss.jfrog.io/artifactory/api/npm/benchmark-npm-remote/dnd-core 54ms (cache miss)
npm http fetch GET 200 https://vltoss.jfrog.io/artifactory/api/npm/benchmark-npm-remote/hoist-non-react-statics 40ms (cache miss)
npm http fetch GET 200 https://vltoss.jfrog.io/artifactory/api/npm/benchmark-npm-remote/dnd-core 41ms (cache miss)
npm http fetch GET 200 https://vltoss.jfrog.io/artifactory/api/npm/benchmark-npm-remote/@rollup%2fplugin-alias 42ms (cache miss)
npm http fetch GET 200 https://vltoss.jfrog.io/artifactory/api/npm/benchmark-npm-remote/rollup 291ms (cache miss)
npm http fetch GET 200 https://vltoss.jfrog.io/artifactory/api/npm/benchmark-npm-remote/@rollup%2fplugin-node-resolve 54ms (cache miss)
npm http fetch GET 200 https://vltoss.jfrog.io/artifactory/api/npm/benchmark-npm-remote/@rollup%2fplugin-typescript 46ms (cache miss)
npm http fetch GET 200 https://vltoss.jfrog.io/artifactory/api/npm/benchmark-npm-remote/typescript 57ms (cache revalidated)
npm http fetch GET 200 https://vltoss.jfrog.io/artifactory/api/npm/benchmark-npm-remote/rollup-plugin-dts 49ms (cache miss)
npm http fetch GET 200 https://vltoss.jfrog.io/artifactory/api/npm/benchmark-npm-remote/typescript 56ms (cache revalidated)
npm http fetch GET 200 https://vltoss.jfrog.io/artifactory/api/npm/benchmark-npm-remote/is-module 45ms (cache miss)
npm http fetch GET 200 https://vltoss.jfrog.io/artifactory/api/npm/benchmark-npm-remote/@types%2fresolve 55ms (cache miss)
npm http fetch GET 200 https://vltoss.jfrog.io/artifactory/api/npm/benchmark-npm-remote/@rollup%2fpluginutils 58ms (cache miss)
npm http fetch GET 200 https://vltoss.jfrog.io/artifactory/api/npm/benchmark-npm-remote/@rollup%2fpluginutils 52ms (cache miss)
npm http fetch GET 200 https://vltoss.jfrog.io/artifactory/api/npm/benchmark-npm-remote/@rollup%2frollup-freebsd-x64 55ms (cache miss)
npm http fetch GET 200 https://vltoss.jfrog.io/artifactory/api/npm/benchmark-npm-remote/@rollup%2frollup-darwin-x64 63ms (cache miss)
npm http fetch GET 200 https://vltoss.jfrog.io/artifactory/api/npm/benchmark-npm-remote/@rollup%2frollup-openbsd-x64 53ms (cache miss)
npm http fetch GET 200 https://vltoss.jfrog.io/artifactory/api/npm/benchmark-npm-remote/@napi-rs%2flzma-linux-x64-gnu 45ms (cache miss)
npm http fetch GET 200 https://vltoss.jfrog.io/artifactory/api/npm/benchmark-npm-remote/@rollup%2frollup-darwin-arm64 52ms (cache miss)
npm http fetch GET 200 https://vltoss.jfrog.io/artifactory/api/npm/benchmark-npm-remote/@rollup%2frollup-freebsd-arm64 51ms (cache miss)
npm http fetch GET 200 https://vltoss.jfrog.io/artifactory/api/npm/benchmark-npm-remote/@rollup%2frollup-android-arm64 62ms (cache miss)
npm http fetch GET 200 https://vltoss.jfrog.io/artifactory/api/npm/benchmark-npm-remote/@rollup%2frollup-linux-x64-gnu 56ms (cache miss)
npm http fetch GET 200 https://vltoss.jfrog.io/artifactory/api/npm/benchmark-npm-remote/@rollup%2frollup-win32-x64-gnu 48ms (cache miss)
npm http fetch GET 200 https://vltoss.jfrog.io/artifactory/api/npm/benchmark-npm-remote/@rollup%2frollup-linux-x64-musl 64ms (cache miss)
npm http fetch GET 200 https://vltoss.jfrog.io/artifactory/api/npm/benchmark-npm-remote/@rollup%2frollup-win32-x64-msvc 60ms (cache miss)
npm http fetch GET 200 https://vltoss.jfrog.io/artifactory/api/npm/benchmark-npm-remote/@rollup%2frollup-linux-arm64-gnu 55ms (cache miss)
npm http fetch GET 200 https://vltoss.jfrog.io/artifactory/api/npm/benchmark-npm-remote/@rollup%2frollup-linux-ppc64-gnu 54ms (cache miss)
npm http fetch GET 200 https://vltoss.jfrog.io/artifactory/api/npm/benchmark-npm-remote/@rollup%2frollup-linux-s390x-gnu 49ms (cache miss)
npm http fetch GET 200 https://vltoss.jfrog.io/artifactory/api/npm/benchmark-npm-remote/@rollup%2frollup-win32-ia32-msvc 56ms (cache miss)
npm http fetch GET 200 https://vltoss.jfrog.io/artifactory/api/npm/benchmark-npm-remote/@rollup%2frollup-linux-arm64-musl 49ms (cache miss)
npm http fetch GET 200 https://vltoss.jfrog.io/artifactory/api/npm/benchmark-npm-remote/@rollup%2frollup-android-arm-eabi 66ms (cache miss)
npm http fetch GET 200 https://vltoss.jfrog.io/artifactory/api/npm/benchmark-npm-remote/@rollup%2frollup-linux-ppc64-musl 42ms (cache miss)
npm http fetch GET 200 https://vltoss.jfrog.io/artifactory/api/npm/benchmark-npm-remote/@rollup%2frollup-win32-arm64-msvc 51ms (cache miss)
npm http fetch GET 200 https://vltoss.jfrog.io/artifactory/api/npm/benchmark-npm-remote/@rollup%2frollup-linux-loong64-gnu 50ms (cache miss)
npm http fetch GET 200 https://vltoss.jfrog.io/artifactory/api/npm/benchmark-npm-remote/@rollup%2frollup-linux-riscv64-gnu 47ms (cache miss)
npm http fetch GET 200 https://vltoss.jfrog.io/artifactory/api/npm/benchmark-npm-remote/@rollup%2frollup-openharmony-arm64 43ms (cache miss)
npm http fetch GET 200 https://vltoss.jfrog.io/artifactory/api/npm/benchmark-npm-remote/@rollup%2frollup-linux-loong64-musl 46ms (cache miss)
npm http fetch GET 200 https://vltoss.jfrog.io/artifactory/api/npm/benchmark-npm-remote/@rollup%2frollup-linux-riscv64-musl 47ms (cache miss)
npm http fetch GET 200 https://vltoss.jfrog.io/artifactory/api/npm/benchmark-npm-remote/@rollup%2frollup-linux-arm-gnueabihf 50ms (cache miss)
npm http fetch GET 200 https://vltoss.jfrog.io/artifactory/api/npm/benchmark-npm-remote/@rollup%2frollup-linux-arm-musleabihf 56ms (cache miss)
npm http fetch GET 200 https://vltoss.jfrog.io/artifactory/api/npm/benchmark-npm-remote/magic-string 53ms (cache miss)
npm http fetch GET 200 https://vltoss.jfrog.io/artifactory/api/npm/benchmark-npm-remote/@types%2fdagre 46ms (cache miss)
npm http fetch GET 200 https://vltoss.jfrog.io/artifactory/api/npm/benchmark-npm-remote/dagre 46ms (cache miss)
npm http fetch GET 200 https://vltoss.jfrog.io/artifactory/api/npm/benchmark-npm-remote/lodash 40ms (cache revalidated)
npm http fetch GET 200 https://vltoss.jfrog.io/artifactory/api/npm/benchmark-npm-remote/graphlib 47ms (cache miss)
npm http fetch GET 200 https://vltoss.jfrog.io/artifactory/api/npm/benchmark-npm-remote/jest-puppeteer 44ms (cache miss)
npm http fetch GET 200 https://vltoss.jfrog.io/artifactory/api/npm/benchmark-npm-remote/puppeteer 163ms (cache miss)
npm http fetch GET 200 https://vltoss.jfrog.io/artifactory/api/npm/benchmark-npm-remote/expect-puppeteer 49ms (cache miss)
npm http fetch GET 200 https://vltoss.jfrog.io/artifactory/api/npm/benchmark-npm-remote/cosmiconfig 53ms (cache miss)
npm http fetch GET 200 https://vltoss.jfrog.io/artifactory/api/npm/benchmark-npm-remote/jest-environment-puppeteer 62ms (cache miss)
npm http fetch GET 200 https://vltoss.jfrog.io/artifactory/api/npm/benchmark-npm-remote/@puppeteer%2fbrowsers 90ms (cache miss)
npm http fetch GET 200 https://vltoss.jfrog.io/artifactory/api/npm/benchmark-npm-remote/puppeteer-core 134ms (cache miss)
npm http fetch GET 200 https://vltoss.jfrog.io/artifactory/api/npm/benchmark-npm-remote/devtools-protocol 147ms (cache miss)
npm http fetch GET 200 https://vltoss.jfrog.io/artifactory/api/npm/benchmark-npm-remote/lit 69ms (cache miss)
npm http fetch GET 200 https://vltoss.jfrog.io/artifactory/api/npm/benchmark-npm-remote/@rollup%2fplugin-commonjs 56ms (cache miss)
npm http fetch GET 200 https://vltoss.jfrog.io/artifactory/api/npm/benchmark-npm-remote/@rollup%2fplugin-terser 44ms (cache miss)
npm http fetch GET 200 https://vltoss.jfrog.io/artifactory/api/npm/benchmark-npm-remote/rollup-plugin-minify-template-literals 50ms (cache miss)
npm http fetch GET 200 https://vltoss.jfrog.io/artifactory/api/npm/benchmark-npm-remote/vite 1276ms (cache miss)
npm http fetch GET 200 https://vltoss.jfrog.io/artifactory/api/npm/benchmark-npm-remote/magic-string 39ms (cache revalidated)
npm http fetch GET 200 https://vltoss.jfrog.io/artifactory/api/npm/benchmark-npm-remote/commondir 46ms (cache miss)
npm http fetch GET 200 https://vltoss.jfrog.io/artifactory/api/npm/benchmark-npm-remote/is-reference 63ms (cache miss)
npm http fetch GET 200 https://vltoss.jfrog.io/artifactory/api/npm/benchmark-npm-remote/estree-walker 44ms (cache miss)
npm http fetch GET 200 https://vltoss.jfrog.io/artifactory/api/npm/benchmark-npm-remote/smob 60ms (cache miss)
npm http fetch GET 200 https://vltoss.jfrog.io/artifactory/api/npm/benchmark-npm-remote/serialize-javascript 71ms (cache miss)
npm http fetch GET 200 https://vltoss.jfrog.io/artifactory/api/npm/benchmark-npm-remote/@lit%2freactive-element 55ms (cache miss)
npm http fetch GET 200 https://vltoss.jfrog.io/artifactory/api/npm/benchmark-npm-remote/lit-element 86ms (cache miss)
npm http fetch GET 200 https://vltoss.jfrog.io/artifactory/api/npm/benchmark-npm-remote/minify-literals 53ms (cache miss)
npm http fetch GET 200 https://vltoss.jfrog.io/artifactory/api/npm/benchmark-npm-remote/lit-html 101ms (cache miss)
npm http fetch GET 200 https://vltoss.jfrog.io/artifactory/api/npm/benchmark-npm-remote/fdir 44ms (cache revalidated)
npm http fetch GET 200 https://vltoss.jfrog.io/artifactory/api/npm/benchmark-npm-remote/esbuild 82ms (cache miss)
npm http fetch GET 200 https://vltoss.jfrog.io/artifactory/api/npm/benchmark-npm-remote/postcss 80ms (cache miss)
npm http fetch GET 200 https://vltoss.jfrog.io/artifactory/api/npm/benchmark-npm-remote/source-map-loader 43ms (cache miss)
npm http fetch GET 200 https://vltoss.jfrog.io/artifactory/api/npm/benchmark-npm-remote/ts-loader 65ms (cache miss)
npm http fetch GET 200 https://vltoss.jfrog.io/artifactory/api/npm/benchmark-npm-remote/typescript 55ms (cache revalidated)
npm http fetch GET 200 https://vltoss.jfrog.io/artifactory/api/npm/benchmark-npm-remote/source-map-js 83ms (cache revalidated)
npm http fetch GET 200 https://vltoss.jfrog.io/artifactory/api/npm/benchmark-npm-remote/css-loader 55ms (cache miss)
npm http fetch GET 200 https://vltoss.jfrog.io/artifactory/api/npm/benchmark-npm-remote/sass-loader 68ms (cache miss)
npm http fetch GET 200 https://vltoss.jfrog.io/artifactory/api/npm/benchmark-npm-remote/icss-utils 41ms (cache miss)
npm http fetch GET 200 https://vltoss.jfrog.io/artifactory/api/npm/benchmark-npm-remote/postcss 47ms (cache revalidated)
npm http fetch GET 200 https://vltoss.jfrog.io/artifactory/api/npm/benchmark-npm-remote/postcss-value-parser 54ms (cache miss)
npm http fetch GET 200 https://vltoss.jfrog.io/artifactory/api/npm/benchmark-npm-remote/postcss-modules-scope 42ms (cache miss)
npm http fetch GET 200 https://vltoss.jfrog.io/artifactory/api/npm/benchmark-npm-remote/postcss-modules-extract-imports 40ms (cache miss)
npm http fetch GET 200 https://vltoss.jfrog.io/artifactory/api/npm/benchmark-npm-remote/postcss-modules-values 61ms (cache miss)
npm http fetch GET 200 https://vltoss.jfrog.io/artifactory/api/npm/benchmark-npm-remote/postcss-modules-local-by-default 41ms (cache miss)
npm http fetch GET 200 https://vltoss.jfrog.io/artifactory/api/npm/benchmark-npm-remote/neo-async 49ms (cache miss)
npm http fetch GET 200 https://vltoss.jfrog.io/artifactory/api/npm/benchmark-npm-remote/style-loader 57ms (cache miss)
npm http fetch GET 200 https://vltoss.jfrog.io/artifactory/api/npm/benchmark-npm-remote/webpack-dev-server 111ms (cache miss)
npm http fetch GET 200 https://vltoss.jfrog.io/artifactory/api/npm/benchmark-npm-remote/spdy 59ms (cache miss)
npm http fetch GET 200 https://vltoss.jfrog.io/artifactory/api/npm/benchmark-npm-remote/sockjs 63ms (cache miss)
npm http fetch GET 200 https://vltoss.jfrog.io/artifactory/api/npm/benchmark-npm-remote/express 89ms (cache miss)
npm http fetch GET 200 https://vltoss.jfrog.io/artifactory/api/npm/benchmark-npm-remote/p-retry 39ms (cache miss)
npm http fetch GET 200 https://vltoss.jfrog.io/artifactory/api/npm/benchmark-npm-remote/@types%2fws 57ms (cache miss)
npm http fetch GET 200 https://vltoss.jfrog.io/artifactory/api/npm/benchmark-npm-remote/ipaddr.js 42ms (cache miss)
npm http fetch GET 200 https://vltoss.jfrog.io/artifactory/api/npm/benchmark-npm-remote/selfsigned 45ms (cache miss)
npm http fetch GET 200 https://vltoss.jfrog.io/artifactory/api/npm/benchmark-npm-remote/compression 56ms (cache miss)
npm http fetch GET 200 https://vltoss.jfrog.io/artifactory/api/npm/benchmark-npm-remote/serve-index 45ms (cache miss)
npm http fetch GET 200 https://vltoss.jfrog.io/artifactory/api/npm/benchmark-npm-remote/@types%2fsockjs 47ms (cache miss)
npm http fetch GET 200 https://vltoss.jfrog.io/artifactory/api/npm/benchmark-npm-remote/launch-editor 46ms (cache miss)
npm http fetch GET 200 https://vltoss.jfrog.io/artifactory/api/npm/benchmark-npm-remote/@types%2fbonjour 45ms (cache miss)
npm http fetch GET 200 https://vltoss.jfrog.io/artifactory/api/npm/benchmark-npm-remote/@types%2fexpress 44ms (cache miss)
npm http fetch GET 200 https://vltoss.jfrog.io/artifactory/api/npm/benchmark-npm-remote/@types%2fserve-index 41ms (cache miss)
npm http fetch GET 200 https://vltoss.jfrog.io/artifactory/api/npm/benchmark-npm-remote/@types%2fserve-static 39ms (cache miss)
npm http fetch GET 200 https://vltoss.jfrog.io/artifactory/api/npm/benchmark-npm-remote/bonjour-service 56ms (cache miss)
npm http fetch GET 200 https://vltoss.jfrog.io/artifactory/api/npm/benchmark-npm-remote/ansi-html-community 42ms (cache miss)
npm http fetch GET 200 https://vltoss.jfrog.io/artifactory/api/npm/benchmark-npm-remote/webpack-dev-middleware 58ms (cache miss)
npm http fetch GET 200 https://vltoss.jfrog.io/artifactory/api/npm/benchmark-npm-remote/http-proxy-middleware 69ms (cache miss)
npm http fetch GET 200 https://vltoss.jfrog.io/artifactory/api/npm/benchmark-npm-remote/connect-history-api-fallback 41ms (cache miss)
npm http fetch GET 200 https://vltoss.jfrog.io/artifactory/api/npm/benchmark-npm-remote/@types%2fexpress-serve-static-core 49ms (cache miss)
npm http fetch GET 200 https://vltoss.jfrog.io/artifactory/api/npm/benchmark-npm-remote/@types%2fconnect-history-api-fallback 46ms (cache miss)
npm http fetch GET 200 https://vltoss.jfrog.io/artifactory/api/npm/benchmark-npm-remote/webpack-bundle-analyzer 58ms (cache miss)
npm http fetch GET 200 https://vltoss.jfrog.io/artifactory/api/npm/benchmark-npm-remote/ws 36ms (cache revalidated)
npm http fetch GET 200 https://vltoss.jfrog.io/artifactory/api/npm/benchmark-npm-remote/sirv 43ms (cache miss)
npm http fetch GET 200 https://vltoss.jfrog.io/artifactory/api/npm/benchmark-npm-remote/opener 48ms (cache miss)
npm http fetch GET 200 https://vltoss.jfrog.io/artifactory/api/npm/benchmark-npm-remote/debounce 45ms (cache miss)
npm http fetch GET 200 https://vltoss.jfrog.io/artifactory/api/npm/benchmark-npm-remote/gzip-size 43ms (cache miss)
npm http fetch GET 200 https://vltoss.jfrog.io/artifactory/api/npm/benchmark-npm-remote/@discoveryjs%2fjson-ext 50ms (cache revalidated)
npm http fetch GET 200 https://vltoss.jfrog.io/artifactory/api/npm/benchmark-npm-remote/@types%2feslint 45ms (cache miss)
npm http fetch GET 200 https://vltoss.jfrog.io/artifactory/api/npm/benchmark-npm-remote/@svgr%2fwebpack 41ms (cache miss)
npm http fetch GET 200 https://vltoss.jfrog.io/artifactory/api/npm/benchmark-npm-remote/copy-webpack-plugin 65ms (cache miss)
npm http fetch GET 200 https://vltoss.jfrog.io/artifactory/api/npm/benchmark-npm-remote/split.js 44ms (cache miss)
npm http fetch GET 200 https://vltoss.jfrog.io/artifactory/api/npm/benchmark-npm-remote/url-loader 43ms (cache miss)
npm http fetch GET 200 https://vltoss.jfrog.io/artifactory/api/npm/benchmark-npm-remote/@babel%2fpreset-react 59ms (cache miss)
npm http fetch GET 200 https://vltoss.jfrog.io/artifactory/api/npm/benchmark-npm-remote/@babel%2fplugin-transform-react-constant-elements 68ms (cache miss)
npm http fetch GET 200 https://vltoss.jfrog.io/artifactory/api/npm/benchmark-npm-remote/@babel%2fpreset-env 86ms (cache miss)
npm http fetch GET 200 https://vltoss.jfrog.io/artifactory/api/npm/benchmark-npm-remote/@svgr%2fcore 48ms (cache miss)
npm http fetch GET 200 https://vltoss.jfrog.io/artifactory/api/npm/benchmark-npm-remote/@babel%2fpreset-typescript 58ms (cache miss)
npm http fetch GET 200 https://vltoss.jfrog.io/artifactory/api/npm/benchmark-npm-remote/@svgr%2fplugin-jsx 47ms (cache miss)
npm http fetch GET 200 https://vltoss.jfrog.io/artifactory/api/npm/benchmark-npm-remote/@svgr%2fplugin-svgo 43ms (cache miss)
npm http fetch GET 200 https://vltoss.jfrog.io/artifactory/api/npm/benchmark-npm-remote/globby 49ms (cache miss)
npm http fetch GET 200 https://vltoss.jfrog.io/artifactory/api/npm/benchmark-npm-remote/serialize-javascript 59ms (cache revalidated)
npm http fetch GET 200 https://vltoss.jfrog.io/artifactory/api/npm/benchmark-npm-remote/loader-utils 40ms (cache miss)
npm http fetch GET 200 https://vltoss.jfrog.io/artifactory/api/npm/benchmark-npm-remote/file-loader 49ms (cache miss)
npm http fetch GET 200 https://vltoss.jfrog.io/artifactory/api/npm/benchmark-npm-remote/@types%2fuuid 48ms (cache miss)
npm http fetch GET 200 https://vltoss.jfrog.io/artifactory/api/npm/benchmark-npm-remote/@typescript%2fata 41ms (cache miss)
npm http fetch GET 200 https://vltoss.jfrog.io/artifactory/api/npm/benchmark-npm-remote/typescript 54ms (cache revalidated)
npm http fetch GET 200 https://vltoss.jfrog.io/artifactory/api/npm/benchmark-npm-remote/monaco-editor 166ms (cache miss)
npm http fetch GET 200 https://vltoss.jfrog.io/artifactory/api/npm/benchmark-npm-remote/monaco-editor-webpack-plugin 45ms (cache miss)
npm http fetch GET 200 https://vltoss.jfrog.io/artifactory/api/npm/benchmark-npm-remote/ts-debounce 47ms (cache miss)
npm http fetch GET 200 https://vltoss.jfrog.io/artifactory/api/npm/benchmark-npm-remote/loader-utils 38ms (cache revalidated)
npm http fetch GET 200 https://vltoss.jfrog.io/artifactory/api/npm/benchmark-npm-remote/dompurify 77ms (cache miss)
npm http fetch GET 200 https://vltoss.jfrog.io/artifactory/api/npm/benchmark-npm-remote/marked 84ms (cache miss)
npm http fetch GET 200 https://vltoss.jfrog.io/artifactory/api/npm/benchmark-npm-remote/bufferutil 42ms (cache miss)
npm http fetch GET 200 https://vltoss.jfrog.io/artifactory/api/npm/benchmark-npm-remote/utf-8-validate 50ms (cache miss)
npm http fetch GET 200 https://vltoss.jfrog.io/artifactory/api/npm/benchmark-npm-remote/@types%2fws 45ms (cache revalidated)
npm http fetch GET 200 https://vltoss.jfrog.io/artifactory/api/npm/benchmark-npm-remote/https 50ms (cache miss)
npm http fetch GET 200 https://vltoss.jfrog.io/artifactory/api/npm/benchmark-npm-remote/node-gyp-build 47ms (cache miss)
npm http fetch GET 200 https://vltoss.jfrog.io/artifactory/api/npm/benchmark-npm-remote/node-gyp-build 48ms (cache miss)
npm http fetch GET 200 https://vltoss.jfrog.io/artifactory/api/npm/benchmark-npm-remote/@types%2fchrome 67ms (cache miss)
npm http fetch GET 200 https://vltoss.jfrog.io/artifactory/api/npm/benchmark-npm-remote/@types%2ffilesystem 42ms (cache miss)
npm http fetch GET 200 https://vltoss.jfrog.io/artifactory/api/npm/benchmark-npm-remote/@types%2fhar-format 45ms (cache miss)
npm http fetch GET 200 https://vltoss.jfrog.io/artifactory/api/npm/benchmark-npm-remote/jest-image-snapshot 46ms (cache miss)
npm http fetch GET 200 https://vltoss.jfrog.io/artifactory/api/npm/benchmark-npm-remote/@types%2fjest-image-snapshot 51ms (cache miss)
npm http fetch GET 200 https://vltoss.jfrog.io/artifactory/api/npm/benchmark-npm-remote/browserstack-local 45ms (cache miss)
npm http fetch GET 200 https://vltoss.jfrog.io/artifactory/api/npm/benchmark-npm-remote/is-running 45ms (cache miss)
npm http fetch GET 200 https://vltoss.jfrog.io/artifactory/api/npm/benchmark-npm-remote/ssim.js 49ms (cache miss)
npm http fetch GET 200 https://vltoss.jfrog.io/artifactory/api/npm/benchmark-npm-remote/@types%2fpixelmatch 53ms (cache miss)
npm http fetch GET 200 https://vltoss.jfrog.io/artifactory/api/npm/benchmark-npm-remote/get-stdin 41ms (cache miss)
npm http fetch GET 200 https://vltoss.jfrog.io/artifactory/api/npm/benchmark-npm-remote/glur 41ms (cache miss)
npm http fetch GET 200 https://vltoss.jfrog.io/artifactory/api/npm/benchmark-npm-remote/pixelmatch 44ms (cache miss)
npm http fetch GET 200 https://vltoss.jfrog.io/artifactory/api/npm/benchmark-npm-remote/pngjs 44ms (cache miss)
npm http fetch GET 200 https://vltoss.jfrog.io/artifactory/api/npm/benchmark-npm-remote/memlab 45ms (cache miss)
npm http fetch GET 200 https://vltoss.jfrog.io/artifactory/api/npm/benchmark-npm-remote/xvfb 44ms (cache miss)
npm http fetch GET 200 https://vltoss.jfrog.io/artifactory/api/npm/benchmark-npm-remote/babar 48ms (cache miss)
npm http fetch GET 200 https://vltoss.jfrog.io/artifactory/api/npm/benchmark-npm-remote/ansi 57ms (cache miss)
npm http fetch GET 200 https://vltoss.jfrog.io/artifactory/api/npm/benchmark-npm-remote/fs-extra 39ms (cache revalidated)
npm http fetch GET 200 https://vltoss.jfrog.io/artifactory/api/npm/benchmark-npm-remote/@memlab%2fapi 48ms (cache miss)
npm http fetch GET 200 https://vltoss.jfrog.io/artifactory/api/npm/benchmark-npm-remote/@memlab%2fcli 55ms (cache miss)
npm http fetch GET 200 https://vltoss.jfrog.io/artifactory/api/npm/benchmark-npm-remote/@memlab%2fe2e 43ms (cache miss)
npm http fetch GET 200 https://vltoss.jfrog.io/artifactory/api/npm/benchmark-npm-remote/@memlab%2fcore 45ms (cache miss)
npm http fetch GET 200 https://vltoss.jfrog.io/artifactory/api/npm/benchmark-npm-remote/@memlab%2flens 50ms (cache miss)
npm http fetch GET 200 https://vltoss.jfrog.io/artifactory/api/npm/benchmark-npm-remote/puppeteer-core 37ms (cache revalidated)
npm http fetch GET 200 https://vltoss.jfrog.io/artifactory/api/npm/benchmark-npm-remote/util.promisify 47ms (cache miss)
npm http fetch GET 200 https://vltoss.jfrog.io/artifactory/api/npm/benchmark-npm-remote/@memlab%2fheap-analysis 57ms (cache miss)
npm http fetch GET 200 https://vltoss.jfrog.io/artifactory/api/npm/benchmark-npm-remote/cross-env 42ms (cache miss)
npm http fetch GET 200 https://vltoss.jfrog.io/artifactory/api/npm/benchmark-npm-remote/nyc 63ms (cache miss)
npm http fetch GET 200 https://vltoss.jfrog.io/artifactory/api/npm/benchmark-npm-remote/rollup-plugin-visualizer 58ms (cache miss)
npm http fetch GET 200 https://vltoss.jfrog.io/artifactory/api/npm/benchmark-npm-remote/make-dir 38ms (cache revalidated)
npm http fetch GET 200 https://vltoss.jfrog.io/artifactory/api/npm/benchmark-npm-remote/decamelize 40ms (cache miss)
npm http fetch GET 200 https://vltoss.jfrog.io/artifactory/api/npm/benchmark-npm-remote/p-map 45ms (cache miss)
npm http fetch GET 200 https://vltoss.jfrog.io/artifactory/api/npm/benchmark-npm-remote/node-preload 41ms (cache miss)
npm http fetch GET 200 https://vltoss.jfrog.io/artifactory/api/npm/benchmark-npm-remote/spawn-wrap 46ms (cache miss)
npm http fetch GET 200 https://vltoss.jfrog.io/artifactory/api/npm/benchmark-npm-remote/find-cache-dir 46ms (cache miss)
npm http fetch GET 200 https://vltoss.jfrog.io/artifactory/api/npm/benchmark-npm-remote/process-on-spawn 47ms (cache miss)
npm http fetch GET 200 https://vltoss.jfrog.io/artifactory/api/npm/benchmark-npm-remote/caching-transform 46ms (cache miss)
npm http fetch GET 200 https://vltoss.jfrog.io/artifactory/api/npm/benchmark-npm-remote/istanbul-lib-hook 56ms (cache miss)
npm http fetch GET 200 https://vltoss.jfrog.io/artifactory/api/npm/benchmark-npm-remote/convert-source-map 37ms (cache revalidated)
npm http fetch GET 200 https://vltoss.jfrog.io/artifactory/api/npm/benchmark-npm-remote/istanbul-lib-processinfo 46ms (cache miss)
npm http fetch GET 200 https://vltoss.jfrog.io/artifactory/api/npm/benchmark-npm-remote/@dnd-kit%2fmodifiers 53ms (cache miss)
npm http fetch GET 200 https://vltoss.jfrog.io/artifactory/api/npm/benchmark-npm-remote/@dnd-kit%2fcore 52ms (cache miss)
npm http fetch GET 200 https://vltoss.jfrog.io/artifactory/api/npm/benchmark-npm-remote/@dnd-kit%2fsortable 52ms (cache miss)
npm http fetch GET 200 https://vltoss.jfrog.io/artifactory/api/npm/benchmark-npm-remote/@dnd-kit%2faccessibility 45ms (cache miss)
npm http fetch GET 200 https://vltoss.jfrog.io/artifactory/api/npm/benchmark-npm-remote/@dnd-kit%2futilities 52ms (cache miss)
npm http fetch GET 200 https://vltoss.jfrog.io/artifactory/api/npm/benchmark-npm-remote/@dnd-kit%2futilities 53ms (cache miss)
npm http fetch GET 200 https://vltoss.jfrog.io/artifactory/api/npm/benchmark-npm-remote/@dnd-kit%2futilities 46ms (cache miss)
npm http fetch GET 200 https://vltoss.jfrog.io/artifactory/api/npm/benchmark-npm-remote/react 40ms (cache revalidated)
npm http fetch GET 200 https://vltoss.jfrog.io/artifactory/api/npm/benchmark-npm-remote/react 42ms (cache revalidated)
npm http fetch GET 200 https://vltoss.jfrog.io/artifactory/api/npm/benchmark-npm-remote/@types%2freact 55ms (cache revalidated)
npm http fetch GET 200 https://vltoss.jfrog.io/artifactory/api/npm/benchmark-npm-remote/@griffel%2fcore 42ms (cache miss)
npm http fetch GET 200 https://vltoss.jfrog.io/artifactory/api/npm/benchmark-npm-remote/@fluentui%2fkeyboard-keys 152ms (cache miss)
npm http fetch GET 200 https://vltoss.jfrog.io/artifactory/api/npm/benchmark-npm-remote/react 50ms (cache revalidated)
npm http fetch GET 200 https://vltoss.jfrog.io/artifactory/api/npm/benchmark-npm-remote/react-dom 44ms (cache revalidated)
npm http fetch GET 200 https://vltoss.jfrog.io/artifactory/api/npm/benchmark-npm-remote/@fluentui%2freact-avatar 45ms (cache revalidated)
npm http fetch GET 200 https://vltoss.jfrog.io/artifactory/api/npm/benchmark-npm-remote/@fluentui%2freact-motion-components-preview 142ms (cache miss)
npm http fetch GET 200 https://vltoss.jfrog.io/artifactory/api/npm/benchmark-npm-remote/embla-carousel 83ms (cache miss)
npm http fetch GET 200 https://vltoss.jfrog.io/artifactory/api/npm/benchmark-npm-remote/@fluentui%2freact-context-selector 246ms (cache miss)
npm http fetch GET 200 https://vltoss.jfrog.io/artifactory/api/npm/benchmark-npm-remote/embla-carousel-fade 43ms (cache miss)
npm http fetch GET 200 https://vltoss.jfrog.io/artifactory/api/npm/benchmark-npm-remote/@fluentui%2freact-context-selector 228ms (cache miss)
npm http fetch GET 200 https://vltoss.jfrog.io/artifactory/api/npm/benchmark-npm-remote/embla-carousel-autoplay 51ms (cache miss)
npm http fetch GET 200 https://vltoss.jfrog.io/artifactory/api/npm/benchmark-npm-remote/@fluentui%2freact-popover 44ms (cache revalidated)
npm http fetch GET 200 https://vltoss.jfrog.io/artifactory/api/npm/benchmark-npm-remote/@floating-ui%2fdom 48ms (cache miss)
npm http fetch GET 200 https://vltoss.jfrog.io/artifactory/api/npm/benchmark-npm-remote/@floating-ui%2fdevtools 43ms (cache miss)
npm http fetch GET 200 https://vltoss.jfrog.io/artifactory/api/npm/benchmark-npm-remote/@griffel%2fcore 73ms (cache revalidated)
npm http fetch GET 200 https://vltoss.jfrog.io/artifactory/api/npm/benchmark-npm-remote/@fluentui%2fpriority-overflow 158ms (cache miss)
npm http fetch GET 200 https://vltoss.jfrog.io/artifactory/api/npm/benchmark-npm-remote/tabster 105ms (cache miss)
npm http fetch GET 200 https://vltoss.jfrog.io/artifactory/api/npm/benchmark-npm-remote/use-sync-external-store 272ms (cache miss)
npm http fetch GET 200 https://vltoss.jfrog.io/artifactory/api/npm/benchmark-npm-remote/keyborg 203ms (cache miss)
npm http fetch GET 200 https://vltoss.jfrog.io/artifactory/api/npm/benchmark-npm-remote/@fluentui%2ftokens 164ms (cache miss)
npm http fetch GET 200 https://vltoss.jfrog.io/artifactory/api/npm/benchmark-npm-remote/use-sync-external-store 262ms (cache miss)
npm http fetch GET 200 https://vltoss.jfrog.io/artifactory/api/npm/benchmark-npm-remote/scheduler 44ms (cache revalidated)
npm http fetch GET 200 https://vltoss.jfrog.io/artifactory/api/npm/benchmark-npm-remote/@floating-ui%2futils 46ms (cache miss)
npm http fetch GET 200 https://vltoss.jfrog.io/artifactory/api/npm/benchmark-npm-remote/@floating-ui%2fcore 51ms (cache miss)
npm http fetch GET 200 https://vltoss.jfrog.io/artifactory/api/npm/benchmark-npm-remote/csstype 36ms (cache revalidated)
npm http fetch GET 200 https://vltoss.jfrog.io/artifactory/api/npm/benchmark-npm-remote/rtl-css-js 50ms (cache miss)
npm http fetch GET 200 https://vltoss.jfrog.io/artifactory/api/npm/benchmark-npm-remote/stylis 58ms (cache miss)
npm http fetch GET 200 https://vltoss.jfrog.io/artifactory/api/npm/benchmark-npm-remote/@emotion%2fhash 43ms (cache miss)
npm http fetch GET 200 https://vltoss.jfrog.io/artifactory/api/npm/benchmark-npm-remote/@griffel%2fstyle-types 46ms (cache miss)
npm http fetch GET 200 https://vltoss.jfrog.io/artifactory/api/npm/benchmark-npm-remote/keyborg 39ms (cache revalidated)
npm http fetch GET 200 https://vltoss.jfrog.io/artifactory/api/npm/benchmark-npm-remote/loose-envify 39ms (cache revalidated)
npm http fetch GET 200 https://vltoss.jfrog.io/artifactory/api/npm/benchmark-npm-remote/react-is 43ms (cache revalidated)
npm http fetch GET 200 https://vltoss.jfrog.io/artifactory/api/npm/benchmark-npm-remote/object-assign 66ms (cache miss)
npm http fetch GET 200 https://vltoss.jfrog.io/artifactory/api/npm/benchmark-npm-remote/@babel%2fruntime 157ms (cache miss)
npm http fetch GET 200 https://vltoss.jfrog.io/artifactory/api/npm/benchmark-npm-remote/stackframe 43ms (cache miss)
npm http fetch GET 200 https://vltoss.jfrog.io/artifactory/api/npm/benchmark-npm-remote/rollup 41ms (cache revalidated)
npm http fetch GET 200 https://vltoss.jfrog.io/artifactory/api/npm/benchmark-npm-remote/jackspeak 50ms (cache revalidated)
npm http fetch GET 200 https://vltoss.jfrog.io/artifactory/api/npm/benchmark-npm-remote/path-scurry 52ms (cache revalidated)
npm http fetch GET 200 https://vltoss.jfrog.io/artifactory/api/npm/benchmark-npm-remote/randombytes 46ms (cache miss)
npm http fetch GET 200 https://vltoss.jfrog.io/artifactory/api/npm/benchmark-npm-remote/@babel%2fpreset-modules 46ms (cache miss)
npm http fetch GET 200 https://vltoss.jfrog.io/artifactory/api/npm/benchmark-npm-remote/babel-plugin-polyfill-corejs2 50ms (cache miss)
npm http fetch GET 200 https://vltoss.jfrog.io/artifactory/api/npm/benchmark-npm-remote/core-js-compat 55ms (cache miss)
npm http fetch GET 200 https://vltoss.jfrog.io/artifactory/api/npm/benchmark-npm-remote/babel-plugin-polyfill-corejs3 44ms (cache miss)
npm http fetch GET 200 https://vltoss.jfrog.io/artifactory/api/npm/benchmark-npm-remote/@babel%2fplugin-transform-spread 46ms (cache miss)
npm http fetch GET 200 https://vltoss.jfrog.io/artifactory/api/npm/benchmark-npm-remote/@babel%2fplugin-transform-for-of 55ms (cache miss)
npm http fetch GET 200 https://vltoss.jfrog.io/artifactory/api/npm/benchmark-npm-remote/@babel%2fplugin-transform-literals 43ms (cache miss)
npm http fetch GET 200 https://vltoss.jfrog.io/artifactory/api/npm/benchmark-npm-remote/@babel%2fplugin-transform-classes 60ms (cache miss)
npm http fetch GET 200 https://vltoss.jfrog.io/artifactory/api/npm/benchmark-npm-remote/babel-plugin-polyfill-regenerator 49ms (cache miss)
npm http fetch GET 200 https://vltoss.jfrog.io/artifactory/api/npm/benchmark-npm-remote/@babel%2fplugin-transform-new-target 54ms (cache miss)
npm http fetch GET 200 https://vltoss.jfrog.io/artifactory/api/npm/benchmark-npm-remote/@babel%2fplugin-transform-parameters 58ms (cache miss)
npm http fetch GET 200 https://vltoss.jfrog.io/artifactory/api/npm/benchmark-npm-remote/@babel%2fplugin-transform-modules-amd 58ms (cache miss)
npm http fetch GET 200 https://vltoss.jfrog.io/artifactory/api/npm/benchmark-npm-remote/@babel%2fplugin-transform-modules-umd 53ms (cache miss)
npm http fetch GET 200 https://vltoss.jfrog.io/artifactory/api/npm/benchmark-npm-remote/@babel%2fplugin-transform-regenerator 54ms (cache miss)
npm http fetch GET 200 https://vltoss.jfrog.io/artifactory/api/npm/benchmark-npm-remote/@babel%2fplugin-transform-dotall-regex 55ms (cache miss)
npm http fetch GET 200 https://vltoss.jfrog.io/artifactory/api/npm/benchmark-npm-remote/@babel%2fplugin-transform-json-strings 44ms (cache miss)
npm http fetch GET 200 https://vltoss.jfrog.io/artifactory/api/npm/benchmark-npm-remote/@babel%2fplugin-transform-object-super 51ms (cache miss)
npm http fetch GET 200 https://vltoss.jfrog.io/artifactory/api/npm/benchmark-npm-remote/@babel%2fplugin-transform-sticky-regex 50ms (cache miss)
npm http fetch GET 200 https://vltoss.jfrog.io/artifactory/api/npm/benchmark-npm-remote/@babel%2fplugin-transform-block-scoping 46ms (cache miss)
npm http fetch GET 200 https://vltoss.jfrog.io/artifactory/api/npm/benchmark-npm-remote/@babel%2fplugin-transform-destructuring 48ms (cache miss)
npm http fetch GET 200 https://vltoss.jfrog.io/artifactory/api/npm/benchmark-npm-remote/@babel%2fplugin-transform-function-name 52ms (cache miss)
npm http fetch GET 200 https://vltoss.jfrog.io/artifactory/api/npm/benchmark-npm-remote/@babel%2fplugin-transform-typeof-symbol 50ms (cache miss)
npm http fetch GET 200 https://vltoss.jfrog.io/artifactory/api/npm/benchmark-npm-remote/@babel%2fplugin-transform-unicode-regex 52ms (cache miss)
npm http fetch GET 200 https://vltoss.jfrog.io/artifactory/api/npm/benchmark-npm-remote/@babel%2fplugin-syntax-import-assertions 49ms (cache miss)
npm http fetch GET 200 https://vltoss.jfrog.io/artifactory/api/npm/benchmark-npm-remote/@babel%2fplugin-transform-duplicate-keys 56ms (cache miss)
npm http fetch GET 200 https://vltoss.jfrog.io/artifactory/api/npm/benchmark-npm-remote/@babel%2fplugin-transform-dynamic-import 47ms (cache miss)
npm http fetch GET 200 https://vltoss.jfrog.io/artifactory/api/npm/benchmark-npm-remote/@babel%2fplugin-transform-reserved-words 59ms (cache miss)
npm http fetch GET 200 https://vltoss.jfrog.io/artifactory/api/npm/benchmark-npm-remote/@babel%2fplugin-syntax-unicode-sets-regex 42ms (cache miss)
npm http fetch GET 200 https://vltoss.jfrog.io/artifactory/api/npm/benchmark-npm-remote/@babel%2fplugin-transform-arrow-functions 43ms (cache miss)
npm http fetch GET 200 https://vltoss.jfrog.io/artifactory/api/npm/benchmark-npm-remote/@babel%2fplugin-transform-private-methods 47ms (cache miss)
npm http fetch GET 200 https://vltoss.jfrog.io/artifactory/api/npm/benchmark-npm-remote/@babel%2fplugin-transform-unicode-escapes 41ms (cache miss)
npm http fetch GET 200 https://vltoss.jfrog.io/artifactory/api/npm/benchmark-npm-remote/@babel%2fplugin-transform-class-properties 41ms (cache miss)
npm http fetch GET 200 https://vltoss.jfrog.io/artifactory/api/npm/benchmark-npm-remote/@babel%2fplugin-transform-modules-commonjs 55ms (cache miss)
npm http fetch GET 200 https://vltoss.jfrog.io/artifactory/api/npm/benchmark-npm-remote/@babel%2fplugin-transform-modules-systemjs 50ms (cache miss)
npm http fetch GET 200 https://vltoss.jfrog.io/artifactory/api/npm/benchmark-npm-remote/@babel%2fplugin-transform-regexp-modifiers 45ms (cache miss)
npm http fetch GET 200 https://vltoss.jfrog.io/artifactory/api/npm/benchmark-npm-remote/@babel%2fplugin-transform-numeric-separator 43ms (cache miss)
npm http fetch GET 200 https://vltoss.jfrog.io/artifactory/api/npm/benchmark-npm-remote/@babel%2fplugin-transform-optional-chaining 44ms (cache miss)
npm http fetch GET 200 https://vltoss.jfrog.io/artifactory/api/npm/benchmark-npm-remote/@babel%2fplugin-transform-property-literals 47ms (cache miss)
npm http fetch GET 200 https://vltoss.jfrog.io/artifactory/api/npm/benchmark-npm-remote/@babel%2fplugin-transform-template-literals 50ms (cache miss)
npm http fetch GET 200 https://vltoss.jfrog.io/artifactory/api/npm/benchmark-npm-remote/@babel%2fplugin-transform-async-to-generator 52ms (cache miss)
npm http fetch GET 200 https://vltoss.jfrog.io/artifactory/api/npm/benchmark-npm-remote/@babel%2fplugin-transform-class-static-block 46ms (cache miss)
npm http fetch GET 200 https://vltoss.jfrog.io/artifactory/api/npm/benchmark-npm-remote/@babel%2fplugin-transform-unicode-sets-regex 42ms (cache miss)
npm http fetch GET 200 https://vltoss.jfrog.io/artifactory/api/npm/benchmark-npm-remote/@babel%2fplugin-transform-object-rest-spread 53ms (cache miss)
npm http fetch GET 200 https://vltoss.jfrog.io/artifactory/api/npm/benchmark-npm-remote/@babel%2fplugin-transform-computed-properties 56ms (cache miss)
npm http fetch GET 200 https://vltoss.jfrog.io/artifactory/api/npm/benchmark-npm-remote/@babel%2fplugin-transform-shorthand-properties 45ms (cache miss)
npm http fetch GET 200 https://vltoss.jfrog.io/artifactory/api/npm/benchmark-npm-remote/@babel%2fplugin-transform-export-namespace-from 49ms (cache miss)
npm http fetch GET 200 https://vltoss.jfrog.io/artifactory/api/npm/benchmark-npm-remote/@babel%2fplugin-transform-block-scoped-functions 57ms (cache miss)
npm http fetch GET 200 https://vltoss.jfrog.io/artifactory/api/npm/benchmark-npm-remote/@babel%2fplugin-transform-optional-catch-binding 41ms (cache miss)
npm http fetch GET 200 https://vltoss.jfrog.io/artifactory/api/npm/benchmark-npm-remote/@babel%2fplugin-transform-unicode-property-regex 49ms (cache miss)
npm http fetch GET 200 https://vltoss.jfrog.io/artifactory/api/npm/benchmark-npm-remote/@babel%2fplugin-transform-exponentiation-operator 49ms (cache miss)
npm http fetch GET 200 https://vltoss.jfrog.io/artifactory/api/npm/benchmark-npm-remote/@babel%2fplugin-proposal-private-property-in-object 46ms (cache miss)
npm http fetch GET 200 https://vltoss.jfrog.io/artifactory/api/npm/benchmark-npm-remote/@babel%2fplugin-transform-async-generator-functions 45ms (cache miss)
npm http fetch GET 200 https://vltoss.jfrog.io/artifactory/api/npm/benchmark-npm-remote/@babel%2fplugin-transform-private-property-in-object 47ms (cache miss)
npm http fetch GET 200 https://vltoss.jfrog.io/artifactory/api/npm/benchmark-npm-remote/@babel%2fplugin-transform-member-expression-literals 53ms (cache miss)
npm http fetch GET 200 https://vltoss.jfrog.io/artifactory/api/npm/benchmark-npm-remote/@babel%2fplugin-transform-nullish-coalescing-operator 57ms (cache miss)
npm http fetch GET 200 https://vltoss.jfrog.io/artifactory/api/npm/benchmark-npm-remote/@babel%2fplugin-transform-explicit-resource-management 49ms (cache miss)
npm http fetch GET 200 https://vltoss.jfrog.io/artifactory/api/npm/benchmark-npm-remote/@babel%2fplugin-transform-logical-assignment-operators 50ms (cache miss)
npm http fetch GET 200 https://vltoss.jfrog.io/artifactory/api/npm/benchmark-npm-remote/@babel%2fplugin-transform-named-capturing-groups-regex 43ms (cache miss)
npm http fetch GET 200 https://vltoss.jfrog.io/artifactory/api/npm/benchmark-npm-remote/@babel%2fplugin-bugfix-firefox-class-in-computed-class-key 44ms (cache miss)
npm http fetch GET 200 https://vltoss.jfrog.io/artifactory/api/npm/benchmark-npm-remote/@babel%2fplugin-bugfix-safari-rest-destructuring-rhs-array 43ms (cache miss)
npm http fetch GET 200 https://vltoss.jfrog.io/artifactory/api/npm/benchmark-npm-remote/@babel%2fplugin-bugfix-safari-class-field-initializer-scope 47ms (cache miss)
npm http fetch GET 200 https://vltoss.jfrog.io/artifactory/api/npm/benchmark-npm-remote/@babel%2fplugin-bugfix-v8-static-class-fields-redefine-readonly 46ms (cache miss)
npm http fetch GET 200 https://vltoss.jfrog.io/artifactory/api/npm/benchmark-npm-remote/@babel%2fplugin-bugfix-v8-spread-parameters-in-optional-chaining 45ms (cache miss)
npm http fetch GET 200 https://vltoss.jfrog.io/artifactory/api/npm/benchmark-npm-remote/@babel%2fplugin-transform-duplicate-named-capturing-groups-regex 43ms (cache miss)
npm http fetch GET 200 https://vltoss.jfrog.io/artifactory/api/npm/benchmark-npm-remote/@babel%2fplugin-bugfix-safari-id-destructuring-collision-in-function-expression 49ms (cache miss)
npm http fetch GET 200 https://vltoss.jfrog.io/artifactory/api/npm/benchmark-npm-remote/@babel%2fplugin-transform-react-jsx 50ms (cache miss)
npm http fetch GET 200 https://vltoss.jfrog.io/artifactory/api/npm/benchmark-npm-remote/@babel%2fplugin-transform-react-display-name 46ms (cache miss)
npm http fetch GET 200 https://vltoss.jfrog.io/artifactory/api/npm/benchmark-npm-remote/@babel%2fplugin-transform-react-pure-annotations 47ms (cache miss)
npm http fetch GET 200 https://vltoss.jfrog.io/artifactory/api/npm/benchmark-npm-remote/@babel%2fplugin-transform-react-jsx-development 55ms (cache miss)
npm http fetch GET 200 https://vltoss.jfrog.io/artifactory/api/npm/benchmark-npm-remote/@babel%2fplugin-transform-typescript 54ms (cache miss)
npm http fetch GET 200 https://vltoss.jfrog.io/artifactory/api/npm/benchmark-npm-remote/cosmiconfig 40ms (cache revalidated)
npm http fetch GET 200 https://vltoss.jfrog.io/artifactory/api/npm/benchmark-npm-remote/@svgr%2fbabel-preset 49ms (cache miss)
npm http fetch GET 200 https://vltoss.jfrog.io/artifactory/api/npm/benchmark-npm-remote/@svgr%2fbabel-preset 47ms (cache miss)
npm http fetch GET 200 https://vltoss.jfrog.io/artifactory/api/npm/benchmark-npm-remote/@svgr%2fhast-util-to-babel-ast 40ms (cache miss)
npm http fetch GET 200 https://vltoss.jfrog.io/artifactory/api/npm/benchmark-npm-remote/svg-parser 42ms (cache miss)
npm http fetch GET 200 https://vltoss.jfrog.io/artifactory/api/npm/benchmark-npm-remote/svgo 52ms (cache miss)
npm http fetch GET 200 https://vltoss.jfrog.io/artifactory/api/npm/benchmark-npm-remote/@babel%2fhelper-skip-transparent-expression-wrappers 52ms (cache miss)
npm http fetch GET 200 https://vltoss.jfrog.io/artifactory/api/npm/benchmark-npm-remote/@babel%2fhelper-skip-transparent-expression-wrappers 54ms (cache miss)
npm http fetch GET 200 https://vltoss.jfrog.io/artifactory/api/npm/benchmark-npm-remote/@babel%2fhelper-create-regexp-features-plugin 57ms (cache miss)
npm http fetch GET 200 https://vltoss.jfrog.io/artifactory/api/npm/benchmark-npm-remote/@babel%2fhelper-remap-async-to-generator 49ms (cache miss)
npm http fetch GET 200 https://vltoss.jfrog.io/artifactory/api/npm/benchmark-npm-remote/@babel%2fhelper-remap-async-to-generator 52ms (cache miss)
npm http fetch GET 200 https://vltoss.jfrog.io/artifactory/api/npm/benchmark-npm-remote/@babel%2fhelper-create-class-features-plugin 56ms (cache miss)
npm http fetch GET 200 https://vltoss.jfrog.io/artifactory/api/npm/benchmark-npm-remote/@babel%2fhelper-replace-supers 50ms (cache miss)
npm http fetch GET 200 https://vltoss.jfrog.io/artifactory/api/npm/benchmark-npm-remote/@babel%2fhelper-create-class-features-plugin 61ms (cache miss)
npm http fetch GET 200 https://vltoss.jfrog.io/artifactory/api/npm/benchmark-npm-remote/@babel%2fhelper-annotate-as-pure 52ms (cache miss)
npm http fetch GET 200 https://vltoss.jfrog.io/artifactory/api/npm/benchmark-npm-remote/@babel%2fhelper-create-regexp-features-plugin 37ms (cache revalidated)
npm http fetch GET 200 https://vltoss.jfrog.io/artifactory/api/npm/benchmark-npm-remote/@babel%2fhelper-create-regexp-features-plugin 37ms (cache revalidated)
npm http fetch GET 200 https://vltoss.jfrog.io/artifactory/api/npm/benchmark-npm-remote/@babel%2fhelper-create-regexp-features-plugin 37ms (cache revalidated)
npm http fetch GET 200 https://vltoss.jfrog.io/artifactory/api/npm/benchmark-npm-remote/@babel%2fhelper-define-polyfill-provider 41ms (cache miss)
npm http fetch GET 200 https://vltoss.jfrog.io/artifactory/api/npm/benchmark-npm-remote/@babel%2fhelper-define-polyfill-provider 44ms (cache miss)
npm http fetch GET 200 https://vltoss.jfrog.io/artifactory/api/npm/benchmark-npm-remote/@babel%2fhelper-define-polyfill-provider 45ms (cache miss)
npm http fetch GET 200 https://vltoss.jfrog.io/artifactory/api/npm/benchmark-npm-remote/regexpu-core 48ms (cache miss)
npm http fetch GET 200 https://vltoss.jfrog.io/artifactory/api/npm/benchmark-npm-remote/regjsgen 43ms (cache miss)
npm http fetch GET 200 https://vltoss.jfrog.io/artifactory/api/npm/benchmark-npm-remote/regenerate 47ms (cache miss)
npm http fetch GET 200 https://vltoss.jfrog.io/artifactory/api/npm/benchmark-npm-remote/regjsparser 50ms (cache miss)
npm http fetch GET 200 https://vltoss.jfrog.io/artifactory/api/npm/benchmark-npm-remote/regenerate-unicode-properties 49ms (cache miss)
npm http fetch GET 200 https://vltoss.jfrog.io/artifactory/api/npm/benchmark-npm-remote/unicode-match-property-ecmascript 46ms (cache miss)
npm http fetch GET 200 https://vltoss.jfrog.io/artifactory/api/npm/benchmark-npm-remote/unicode-match-property-value-ecmascript 45ms (cache miss)
npm http fetch GET 200 https://vltoss.jfrog.io/artifactory/api/npm/benchmark-npm-remote/@babel%2fhelper-wrap-function 45ms (cache miss)
npm http fetch GET 200 https://vltoss.jfrog.io/artifactory/api/npm/benchmark-npm-remote/@babel%2fhelper-member-expression-to-functions 47ms (cache miss)
npm http fetch GET 200 https://vltoss.jfrog.io/artifactory/api/npm/benchmark-npm-remote/@babel%2fhelper-optimise-call-expression 50ms (cache miss)
npm http fetch GET 200 https://vltoss.jfrog.io/artifactory/api/npm/benchmark-npm-remote/@svgr%2fbabel-plugin-remove-jsx-attribute 39ms (cache miss)
npm http fetch GET 200 https://vltoss.jfrog.io/artifactory/api/npm/benchmark-npm-remote/@svgr%2fbabel-plugin-add-jsx-attribute 43ms (cache miss)
npm http fetch GET 200 https://vltoss.jfrog.io/artifactory/api/npm/benchmark-npm-remote/@svgr%2fbabel-plugin-remove-jsx-empty-expression 45ms (cache miss)
npm http fetch GET 200 https://vltoss.jfrog.io/artifactory/api/npm/benchmark-npm-remote/@svgr%2fbabel-plugin-replace-jsx-attribute-value 41ms (cache miss)
npm http fetch GET 200 https://vltoss.jfrog.io/artifactory/api/npm/benchmark-npm-remote/@svgr%2fbabel-plugin-svg-em-dimensions 39ms (cache miss)
npm http fetch GET 200 https://vltoss.jfrog.io/artifactory/api/npm/benchmark-npm-remote/@svgr%2fbabel-plugin-transform-react-native-svg 45ms (cache miss)
npm http fetch GET 200 https://vltoss.jfrog.io/artifactory/api/npm/benchmark-npm-remote/@svgr%2fbabel-plugin-transform-svg-component 45ms (cache miss)
npm http fetch GET 200 https://vltoss.jfrog.io/artifactory/api/npm/benchmark-npm-remote/@svgr%2fbabel-plugin-svg-dynamic-title 103ms (cache miss)
npm http fetch GET 200 https://vltoss.jfrog.io/artifactory/api/npm/benchmark-npm-remote/path-type 45ms (cache miss)
npm http fetch GET 200 https://vltoss.jfrog.io/artifactory/api/npm/benchmark-npm-remote/sax 46ms (cache miss)
npm http fetch GET 200 https://vltoss.jfrog.io/artifactory/api/npm/benchmark-npm-remote/csso 52ms (cache miss)
npm http fetch GET 200 https://vltoss.jfrog.io/artifactory/api/npm/benchmark-npm-remote/css-tree 56ms (cache miss)
npm http fetch GET 200 https://vltoss.jfrog.io/artifactory/api/npm/benchmark-npm-remote/css-what 44ms (cache miss)
npm http fetch GET 200 https://vltoss.jfrog.io/artifactory/api/npm/benchmark-npm-remote/css-select 43ms (cache miss)
npm http fetch GET 200 https://vltoss.jfrog.io/artifactory/api/npm/benchmark-npm-remote/@types%2ffilewriter 40ms (cache miss)
npm http fetch GET 200 https://vltoss.jfrog.io/artifactory/api/npm/benchmark-npm-remote/slash 41ms (cache revalidated)
npm http fetch GET 200 https://vltoss.jfrog.io/artifactory/api/npm/benchmark-npm-remote/dir-glob 47ms (cache miss)
npm http fetch GET 200 https://vltoss.jfrog.io/artifactory/api/npm/benchmark-npm-remote/postcss-value-parser 39ms (cache revalidated)
npm http fetch GET 200 https://vltoss.jfrog.io/artifactory/api/npm/benchmark-npm-remote/postcss-selector-parser 53ms (cache miss)
npm http fetch GET 200 https://vltoss.jfrog.io/artifactory/api/npm/benchmark-npm-remote/nanoid 58ms (cache miss)
npm http fetch GET 200 https://vltoss.jfrog.io/artifactory/api/npm/benchmark-npm-remote/postcss-selector-parser 44ms (cache miss)
npm http fetch GET 200 https://vltoss.jfrog.io/artifactory/api/npm/benchmark-npm-remote/ajv-keywords 37ms (cache revalidated)
npm http fetch GET 200 https://vltoss.jfrog.io/artifactory/api/npm/benchmark-npm-remote/emojis-list 42ms (cache miss)
npm http fetch GET 200 https://vltoss.jfrog.io/artifactory/api/npm/benchmark-npm-remote/big.js 44ms (cache miss)
npm http fetch GET 200 https://vltoss.jfrog.io/artifactory/api/npm/benchmark-npm-remote/camel-case 40ms (cache miss)
npm http fetch GET 200 https://vltoss.jfrog.io/artifactory/api/npm/benchmark-npm-remote/he 40ms (cache miss)
npm http fetch GET 200 https://vltoss.jfrog.io/artifactory/api/npm/benchmark-npm-remote/clean-css 56ms (cache miss)
npm http fetch GET 200 https://vltoss.jfrog.io/artifactory/api/npm/benchmark-npm-remote/relateurl 38ms (cache miss)
npm http fetch GET 200 https://vltoss.jfrog.io/artifactory/api/npm/benchmark-npm-remote/param-case 44ms (cache miss)
npm http fetch GET 200 https://vltoss.jfrog.io/artifactory/api/npm/benchmark-npm-remote/renderkid 39ms (cache miss)
npm http fetch GET 200 https://vltoss.jfrog.io/artifactory/api/npm/benchmark-npm-remote/pascal-case 43ms (cache miss)
npm http fetch GET 200 https://vltoss.jfrog.io/artifactory/api/npm/benchmark-npm-remote/dot-case 45ms (cache miss)
npm http fetch GET 200 https://vltoss.jfrog.io/artifactory/api/npm/benchmark-npm-remote/no-case 42ms (cache miss)
npm http fetch GET 200 https://vltoss.jfrog.io/artifactory/api/npm/benchmark-npm-remote/pngjs 36ms (cache revalidated)
npm http fetch GET 200 https://vltoss.jfrog.io/artifactory/api/npm/benchmark-npm-remote/jest-dev-server 42ms (cache miss)
npm http fetch GET 200 https://vltoss.jfrog.io/artifactory/api/npm/benchmark-npm-remote/spawnd 45ms (cache miss)
npm http fetch GET 200 https://vltoss.jfrog.io/artifactory/api/npm/benchmark-npm-remote/cwd 52ms (cache miss)
npm http fetch GET 200 https://vltoss.jfrog.io/artifactory/api/npm/benchmark-npm-remote/wait-on 56ms (cache miss)
npm http fetch GET 200 https://vltoss.jfrog.io/artifactory/api/npm/benchmark-npm-remote/find-process 42ms (cache miss)
npm http fetch GET 200 https://vltoss.jfrog.io/artifactory/api/npm/benchmark-npm-remote/find-pkg 39ms (cache miss)
npm http fetch GET 200 https://vltoss.jfrog.io/artifactory/api/npm/benchmark-npm-remote/fs-exists-sync 43ms (cache miss)
npm http fetch GET 200 https://vltoss.jfrog.io/artifactory/api/npm/benchmark-npm-remote/loglevel 46ms (cache miss)
npm http fetch GET 200 https://vltoss.jfrog.io/artifactory/api/npm/benchmark-npm-remote/joi 68ms (cache miss)
npm http fetch GET 200 https://vltoss.jfrog.io/artifactory/api/npm/benchmark-npm-remote/rxjs 80ms (cache miss)
npm http fetch GET 200 https://vltoss.jfrog.io/artifactory/api/npm/benchmark-npm-remote/find-file-up 41ms (cache miss)
npm http fetch GET 200 https://vltoss.jfrog.io/artifactory/api/npm/benchmark-npm-remote/resolve-dir 45ms (cache miss)
npm http fetch GET 200 https://vltoss.jfrog.io/artifactory/api/npm/benchmark-npm-remote/global-modules 39ms (cache miss)
npm http fetch GET 200 https://vltoss.jfrog.io/artifactory/api/npm/benchmark-npm-remote/expand-tilde 41ms (cache miss)
npm http fetch GET 200 https://vltoss.jfrog.io/artifactory/api/npm/benchmark-npm-remote/@lit-labs%2fssr-dom-shim 41ms (cache miss)
npm http fetch GET 200 https://vltoss.jfrog.io/artifactory/api/npm/benchmark-npm-remote/@lit-labs%2fssr-dom-shim 42ms (cache miss)
npm http fetch GET 200 https://vltoss.jfrog.io/artifactory/api/npm/benchmark-npm-remote/@types%2ftrusted-types 44ms (cache miss)
npm http fetch GET 200 https://vltoss.jfrog.io/artifactory/api/npm/benchmark-npm-remote/jsonfile 37ms (cache revalidated)
npm http fetch GET 200 https://vltoss.jfrog.io/artifactory/api/npm/benchmark-npm-remote/blessed 47ms (cache miss)
npm http fetch GET 200 https://vltoss.jfrog.io/artifactory/api/npm/benchmark-npm-remote/colors 48ms (cache miss)
npm http fetch GET 200 https://vltoss.jfrog.io/artifactory/api/npm/benchmark-npm-remote/universalify 40ms (cache revalidated)
npm http fetch GET 200 https://vltoss.jfrog.io/artifactory/api/npm/benchmark-npm-remote/object.getownpropertydescriptors 46ms (cache miss)
npm http fetch GET 200 https://vltoss.jfrog.io/artifactory/api/npm/benchmark-npm-remote/chromium-bidi 71ms (cache miss)
npm http fetch GET 200 https://vltoss.jfrog.io/artifactory/api/npm/benchmark-npm-remote/sleep 44ms (cache miss)
npm http fetch GET 200 https://vltoss.jfrog.io/artifactory/api/npm/benchmark-npm-remote/write-file-atomic 38ms (cache revalidated)
npm http fetch GET 200 https://vltoss.jfrog.io/artifactory/api/npm/benchmark-npm-remote/package-hash 43ms (cache miss)
npm http fetch GET 200 https://vltoss.jfrog.io/artifactory/api/npm/benchmark-npm-remote/hasha 44ms (cache miss)
npm http fetch GET 200 https://vltoss.jfrog.io/artifactory/api/npm/benchmark-npm-remote/archy 36ms (cache miss)
npm http fetch GET 200 https://vltoss.jfrog.io/artifactory/api/npm/benchmark-npm-remote/append-transform 41ms (cache miss)
npm http fetch GET 200 https://vltoss.jfrog.io/artifactory/api/npm/benchmark-npm-remote/aggregate-error 40ms (cache miss)
npm http fetch GET 200 https://vltoss.jfrog.io/artifactory/api/npm/benchmark-npm-remote/fromentries 35ms (cache miss)
npm http fetch GET 200 https://vltoss.jfrog.io/artifactory/api/npm/benchmark-npm-remote/foreground-child 34ms (cache revalidated)
npm http fetch GET 200 https://vltoss.jfrog.io/artifactory/api/npm/benchmark-npm-remote/is-windows 42ms (cache miss)
npm http fetch GET 200 https://vltoss.jfrog.io/artifactory/api/npm/benchmark-npm-remote/set-blocking 40ms (cache miss)
npm http fetch GET 200 https://vltoss.jfrog.io/artifactory/api/npm/benchmark-npm-remote/which-module 40ms (cache miss)
npm http fetch GET 200 https://vltoss.jfrog.io/artifactory/api/npm/benchmark-npm-remote/require-main-filename 41ms (cache miss)
npm http fetch GET 200 https://vltoss.jfrog.io/artifactory/api/npm/benchmark-npm-remote/type-fest 39ms (cache revalidated)
npm http fetch GET 200 https://vltoss.jfrog.io/artifactory/api/npm/benchmark-npm-remote/release-zalgo 44ms (cache miss)
npm http fetch GET 200 https://vltoss.jfrog.io/artifactory/api/npm/benchmark-npm-remote/lodash.flattendeep 47ms (cache miss)
npm http fetch GET 200 https://vltoss.jfrog.io/artifactory/api/npm/benchmark-npm-remote/is-typedarray 41ms (cache miss)
npm http fetch GET 200 https://vltoss.jfrog.io/artifactory/api/npm/benchmark-npm-remote/typedarray-to-buffer 38ms (cache miss)
npm http fetch GET 200 https://vltoss.jfrog.io/artifactory/api/npm/benchmark-npm-remote/default-require-extensions 39ms (cache miss)
npm http fetch GET 200 https://vltoss.jfrog.io/artifactory/api/npm/benchmark-npm-remote/indent-string 38ms (cache miss)
npm http fetch GET 200 https://vltoss.jfrog.io/artifactory/api/npm/benchmark-npm-remote/clean-stack 42ms (cache miss)
npm http fetch GET 200 https://vltoss.jfrog.io/artifactory/api/npm/benchmark-npm-remote/es6-error 40ms (cache miss)
npm http fetch GET 200 https://vltoss.jfrog.io/artifactory/api/npm/benchmark-npm-remote/lower-case 40ms (cache miss)
npm http fetch GET 200 https://vltoss.jfrog.io/artifactory/api/npm/benchmark-npm-remote/cssesc 38ms (cache miss)
npm http fetch GET 200 https://vltoss.jfrog.io/artifactory/api/npm/benchmark-npm-remote/css-select 38ms (cache revalidated)
npm http fetch GET 200 https://vltoss.jfrog.io/artifactory/api/npm/benchmark-npm-remote/dom-converter 40ms (cache miss)
npm http fetch GET 200 https://vltoss.jfrog.io/artifactory/api/npm/benchmark-npm-remote/htmlparser2 165ms (cache miss)
npm http fetch GET 200 https://vltoss.jfrog.io/artifactory/api/npm/benchmark-npm-remote/tar-fs 39ms (cache revalidated)
npm http fetch GET 200 https://vltoss.jfrog.io/artifactory/api/npm/benchmark-npm-remote/progress 45ms (cache miss)
npm http fetch GET 200 https://vltoss.jfrog.io/artifactory/api/npm/benchmark-npm-remote/extract-zip 46ms (cache miss)
npm http fetch GET 200 https://vltoss.jfrog.io/artifactory/api/npm/benchmark-npm-remote/proxy-agent 44ms (cache miss)
npm http fetch GET 200 https://vltoss.jfrog.io/artifactory/api/npm/benchmark-npm-remote/env-paths 41ms (cache miss)
npm http fetch GET 200 https://vltoss.jfrog.io/artifactory/api/npm/benchmark-npm-remote/unbzip2-stream 44ms (cache miss)
npm http fetch GET 200 https://vltoss.jfrog.io/artifactory/api/npm/benchmark-npm-remote/get-stream 38ms (cache revalidated)
npm http fetch GET 200 https://vltoss.jfrog.io/artifactory/api/npm/benchmark-npm-remote/@types%2fyauzl 45ms (cache miss)
npm http fetch GET 200 https://vltoss.jfrog.io/artifactory/api/npm/benchmark-npm-remote/yauzl 48ms (cache miss)
npm http fetch GET 200 https://vltoss.jfrog.io/artifactory/api/npm/benchmark-npm-remote/pac-proxy-agent 48ms (cache miss)
npm http fetch GET 200 https://vltoss.jfrog.io/artifactory/api/npm/benchmark-npm-remote/socks-proxy-agent 50ms (cache miss)
npm http fetch GET 200 https://vltoss.jfrog.io/artifactory/api/npm/benchmark-npm-remote/bare-fs 51ms (cache miss)
npm http fetch GET 200 https://vltoss.jfrog.io/artifactory/api/npm/benchmark-npm-remote/bare-path 40ms (cache miss)
npm http fetch GET 200 https://vltoss.jfrog.io/artifactory/api/npm/benchmark-npm-remote/fd-slicer 39ms (cache miss)
npm http fetch GET 200 https://vltoss.jfrog.io/artifactory/api/npm/benchmark-npm-remote/buffer-crc32 44ms (cache miss)
npm http fetch GET 200 https://vltoss.jfrog.io/artifactory/api/npm/benchmark-npm-remote/@tootallnate%2fquickjs-emscripten 41ms (cache miss)
npm http fetch GET 200 https://vltoss.jfrog.io/artifactory/api/npm/benchmark-npm-remote/get-uri 46ms (cache miss)
npm http fetch GET 200 https://vltoss.jfrog.io/artifactory/api/npm/benchmark-npm-remote/pac-resolver 47ms (cache miss)
npm http fetch GET 200 https://vltoss.jfrog.io/artifactory/api/npm/benchmark-npm-remote/socks 41ms (cache miss)
npm http fetch GET 200 https://vltoss.jfrog.io/artifactory/api/npm/benchmark-npm-remote/netmask 46ms (cache miss)
npm http fetch GET 200 https://vltoss.jfrog.io/artifactory/api/npm/benchmark-npm-remote/data-uri-to-buffer 49ms (cache miss)
npm http fetch GET 200 https://vltoss.jfrog.io/artifactory/api/npm/benchmark-npm-remote/basic-ftp 53ms (cache miss)
npm http fetch GET 200 https://vltoss.jfrog.io/artifactory/api/npm/benchmark-npm-remote/degenerator 42ms (cache miss)
npm http fetch GET 200 https://vltoss.jfrog.io/artifactory/api/npm/benchmark-npm-remote/escodegen 51ms (cache miss)
npm http fetch GET 200 https://vltoss.jfrog.io/artifactory/api/npm/benchmark-npm-remote/ast-types 56ms (cache miss)
npm http fetch GET 200 https://vltoss.jfrog.io/artifactory/api/npm/benchmark-npm-remote/mitt 45ms (cache miss)
npm http fetch GET 200 https://vltoss.jfrog.io/artifactory/api/npm/benchmark-npm-remote/urlpattern-polyfill 48ms (cache miss)
npm http fetch GET 200 https://vltoss.jfrog.io/artifactory/api/npm/benchmark-npm-remote/zod 220ms (cache miss)
npm http fetch GET 200 https://vltoss.jfrog.io/artifactory/api/npm/benchmark-npm-remote/@react-dnd%2fasap 43ms (cache miss)
npm http fetch GET 200 https://vltoss.jfrog.io/artifactory/api/npm/benchmark-npm-remote/react-is 50ms (cache revalidated)
npm http fetch GET 200 https://vltoss.jfrog.io/artifactory/api/npm/benchmark-npm-remote/redux 103ms (cache miss)
npm http fetch GET 200 https://vltoss.jfrog.io/artifactory/api/npm/benchmark-npm-remote/@babel%2fruntime 39ms (cache revalidated)
npm http fetch GET 200 https://vltoss.jfrog.io/artifactory/api/npm/benchmark-npm-remote/unicode-canonical-property-names-ecmascript 41ms (cache miss)
npm http fetch GET 200 https://vltoss.jfrog.io/artifactory/api/npm/benchmark-npm-remote/unicode-property-aliases-ecmascript 42ms (cache miss)
npm http fetch GET 200 https://vltoss.jfrog.io/artifactory/api/npm/benchmark-npm-remote/css-what 44ms (cache revalidated)
npm http fetch GET 200 https://vltoss.jfrog.io/artifactory/api/npm/benchmark-npm-remote/boolbase 47ms (cache miss)
npm http fetch GET 200 https://vltoss.jfrog.io/artifactory/api/npm/benchmark-npm-remote/domutils 51ms (cache miss)
npm http fetch GET 200 https://vltoss.jfrog.io/artifactory/api/npm/benchmark-npm-remote/domhandler 41ms (cache miss)
npm http fetch GET 200 https://vltoss.jfrog.io/artifactory/api/npm/benchmark-npm-remote/utila 41ms (cache miss)
npm http fetch GET 200 https://vltoss.jfrog.io/artifactory/api/npm/benchmark-npm-remote/nth-check 50ms (cache miss)
npm http fetch GET 200 https://vltoss.jfrog.io/artifactory/api/npm/benchmark-npm-remote/domutils 38ms (cache revalidated)
npm http fetch GET 200 https://vltoss.jfrog.io/artifactory/api/npm/benchmark-npm-remote/domhandler 38ms (cache revalidated)
npm http fetch GET 200 https://vltoss.jfrog.io/artifactory/api/npm/benchmark-npm-remote/domelementtype 40ms (cache miss)
npm http fetch GET 200 https://vltoss.jfrog.io/artifactory/api/npm/benchmark-npm-remote/domelementtype 37ms (cache revalidated)
npm http fetch GET 200 https://vltoss.jfrog.io/artifactory/api/npm/benchmark-npm-remote/domelementtype 37ms (cache revalidated)
npm http fetch GET 200 https://vltoss.jfrog.io/artifactory/api/npm/benchmark-npm-remote/dom-serializer 42ms (cache miss)
npm http fetch GET 200 https://vltoss.jfrog.io/artifactory/api/npm/benchmark-npm-remote/global-prefix 37ms (cache revalidated)
npm http fetch GET 200 https://vltoss.jfrog.io/artifactory/api/npm/benchmark-npm-remote/is-windows 39ms (cache revalidated)
npm http fetch GET 200 https://vltoss.jfrog.io/artifactory/api/npm/benchmark-npm-remote/os-homedir 45ms (cache miss)
npm http fetch GET 200 https://vltoss.jfrog.io/artifactory/api/npm/benchmark-npm-remote/homedir-polyfill 40ms (cache miss)
npm http fetch GET 200 https://vltoss.jfrog.io/artifactory/api/npm/benchmark-npm-remote/js-tokens 36ms (cache revalidated)
npm http fetch GET 200 https://vltoss.jfrog.io/artifactory/api/npm/benchmark-npm-remote/@babel%2fhelper-validator-identifier 37ms (cache revalidated)
npm http fetch GET 200 https://vltoss.jfrog.io/artifactory/api/npm/benchmark-npm-remote/html-minifier-terser 34ms (cache revalidated)
npm http fetch GET 200 https://vltoss.jfrog.io/artifactory/api/npm/benchmark-npm-remote/parse-literals 39ms (cache miss)
npm http fetch GET 200 https://vltoss.jfrog.io/artifactory/api/npm/benchmark-npm-remote/typescript 49ms (cache revalidated)
npm http fetch GET 200 https://vltoss.jfrog.io/artifactory/api/npm/benchmark-npm-remote/@parcel%2fwatcher-darwin-x64 44ms (cache miss)
npm http fetch GET 200 https://vltoss.jfrog.io/artifactory/api/npm/benchmark-npm-remote/@parcel%2fwatcher-win32-x64 45ms (cache miss)
npm http fetch GET 200 https://vltoss.jfrog.io/artifactory/api/npm/benchmark-npm-remote/@parcel%2fwatcher-darwin-arm64 48ms (cache miss)
npm http fetch GET 200 https://vltoss.jfrog.io/artifactory/api/npm/benchmark-npm-remote/@parcel%2fwatcher-win32-arm64 46ms (cache miss)
npm http fetch GET 200 https://vltoss.jfrog.io/artifactory/api/npm/benchmark-npm-remote/@parcel%2fwatcher-linux-x64-glibc 46ms (cache miss)
npm http fetch GET 200 https://vltoss.jfrog.io/artifactory/api/npm/benchmark-npm-remote/@parcel%2fwatcher-linux-x64-musl 46ms (cache miss)
npm http fetch GET 200 https://vltoss.jfrog.io/artifactory/api/npm/benchmark-npm-remote/@parcel%2fwatcher-linux-arm64-musl 42ms (cache miss)
npm http fetch GET 200 https://vltoss.jfrog.io/artifactory/api/npm/benchmark-npm-remote/@parcel%2fwatcher-linux-arm64-glibc 43ms (cache miss)
npm http fetch GET 200 https://vltoss.jfrog.io/artifactory/api/npm/benchmark-npm-remote/@parcel%2fwatcher-linux-arm-glibc 41ms (cache miss)
npm http fetch GET 200 https://vltoss.jfrog.io/artifactory/api/npm/benchmark-npm-remote/@parcel%2fwatcher-android-arm64 43ms (cache miss)
npm http fetch GET 200 https://vltoss.jfrog.io/artifactory/api/npm/benchmark-npm-remote/@parcel%2fwatcher-linux-arm-musl 46ms (cache miss)
npm http fetch GET 200 https://vltoss.jfrog.io/artifactory/api/npm/benchmark-npm-remote/@parcel%2fwatcher-freebsd-x64 44ms (cache miss)
npm http fetch GET 200 https://vltoss.jfrog.io/artifactory/api/npm/benchmark-npm-remote/readdirp 41ms (cache revalidated)
npm http fetch GET 200 https://vltoss.jfrog.io/artifactory/api/npm/benchmark-npm-remote/smart-buffer 42ms (cache miss)
npm http fetch GET 200 https://vltoss.jfrog.io/artifactory/api/npm/benchmark-npm-remote/ip-address 45ms (cache miss)
npm http fetch GET 200 https://vltoss.jfrog.io/artifactory/api/npm/benchmark-npm-remote/css-tree 36ms (cache revalidated)
npm http fetch GET 200 https://vltoss.jfrog.io/artifactory/api/npm/benchmark-npm-remote/mdn-data 49ms (cache miss)
npm http fetch GET 200 https://vltoss.jfrog.io/artifactory/api/npm/benchmark-npm-remote/mdn-data 37ms (cache revalidated)
npm http fetch GET 200 https://vltoss.jfrog.io/artifactory/api/npm/benchmark-npm-remote/array.prototype.reduce 41ms (cache miss)
npm http fetch GET 200 https://vltoss.jfrog.io/artifactory/api/npm/benchmark-npm-remote/es-array-method-boxes-properly 40ms (cache miss)
npm http fetch GET 200 https://vltoss.jfrog.io/artifactory/api/npm/benchmark-npm-remote/@esbuild%2faix-ppc64 49ms (cache miss)
npm http fetch GET 200 https://vltoss.jfrog.io/artifactory/api/npm/benchmark-npm-remote/@esbuild%2flinux-x64 56ms (cache miss)
npm http fetch GET 200 https://vltoss.jfrog.io/artifactory/api/npm/benchmark-npm-remote/@esbuild%2flinux-arm 57ms (cache miss)
npm http fetch GET 200 https://vltoss.jfrog.io/artifactory/api/npm/benchmark-npm-remote/@esbuild%2fsunos-x64 59ms (cache miss)
npm http fetch GET 200 https://vltoss.jfrog.io/artifactory/api/npm/benchmark-npm-remote/@esbuild%2fwin32-x64 58ms (cache miss)
npm http fetch GET 200 https://vltoss.jfrog.io/artifactory/api/npm/benchmark-npm-remote/@esbuild%2fdarwin-x64 58ms (cache miss)
npm http fetch GET 200 https://vltoss.jfrog.io/artifactory/api/npm/benchmark-npm-remote/@esbuild%2flinux-ia32 46ms (cache miss)
npm http fetch GET 200 https://vltoss.jfrog.io/artifactory/api/npm/benchmark-npm-remote/@esbuild%2fwin32-ia32 52ms (cache miss)
npm http fetch GET 200 https://vltoss.jfrog.io/artifactory/api/npm/benchmark-npm-remote/@esbuild%2fnetbsd-x64 54ms (cache miss)
npm http fetch GET 200 https://vltoss.jfrog.io/artifactory/api/npm/benchmark-npm-remote/@esbuild%2fandroid-arm 57ms (cache miss)
npm http fetch GET 200 https://vltoss.jfrog.io/artifactory/api/npm/benchmark-npm-remote/@esbuild%2fandroid-x64 51ms (cache miss)
npm http fetch GET 200 https://vltoss.jfrog.io/artifactory/api/npm/benchmark-npm-remote/@esbuild%2ffreebsd-x64 52ms (cache miss)
npm http fetch GET 200 https://vltoss.jfrog.io/artifactory/api/npm/benchmark-npm-remote/@esbuild%2flinux-ppc64 49ms (cache miss)
npm http fetch GET 200 https://vltoss.jfrog.io/artifactory/api/npm/benchmark-npm-remote/@esbuild%2flinux-s390x 51ms (cache miss)
npm http fetch GET 200 https://vltoss.jfrog.io/artifactory/api/npm/benchmark-npm-remote/@esbuild%2flinux-arm64 59ms (cache miss)
npm http fetch GET 200 https://vltoss.jfrog.io/artifactory/api/npm/benchmark-npm-remote/@esbuild%2fopenbsd-x64 58ms (cache miss)
npm http fetch GET 200 https://vltoss.jfrog.io/artifactory/api/npm/benchmark-npm-remote/@esbuild%2fwin32-arm64 57ms (cache miss)
npm http fetch GET 200 https://vltoss.jfrog.io/artifactory/api/npm/benchmark-npm-remote/@esbuild%2fdarwin-arm64 58ms (cache miss)
npm http fetch GET 200 https://vltoss.jfrog.io/artifactory/api/npm/benchmark-npm-remote/@esbuild%2fnetbsd-arm64 46ms (cache miss)
npm http fetch GET 200 https://vltoss.jfrog.io/artifactory/api/npm/benchmark-npm-remote/@esbuild%2fandroid-arm64 49ms (cache miss)
npm http fetch GET 200 https://vltoss.jfrog.io/artifactory/api/npm/benchmark-npm-remote/@esbuild%2ffreebsd-arm64 48ms (cache miss)
npm http fetch GET 200 https://vltoss.jfrog.io/artifactory/api/npm/benchmark-npm-remote/@esbuild%2flinux-loong64 51ms (cache miss)
npm http fetch GET 200 https://vltoss.jfrog.io/artifactory/api/npm/benchmark-npm-remote/@esbuild%2fopenbsd-arm64 46ms (cache miss)
npm http fetch GET 200 https://vltoss.jfrog.io/artifactory/api/npm/benchmark-npm-remote/@esbuild%2flinux-riscv64 52ms (cache miss)
npm http fetch GET 200 https://vltoss.jfrog.io/artifactory/api/npm/benchmark-npm-remote/@esbuild%2fopenharmony-arm64 43ms (cache miss)
npm http fetch GET 200 https://vltoss.jfrog.io/artifactory/api/npm/benchmark-npm-remote/@esbuild%2flinux-mips64el 47ms (cache miss)
npm http fetch GET 200 https://vltoss.jfrog.io/artifactory/api/npm/benchmark-npm-remote/@hapi%2ftopo 49ms (cache miss)
npm http fetch GET 200 https://vltoss.jfrog.io/artifactory/api/npm/benchmark-npm-remote/@hapi%2ftlds 52ms (cache miss)
npm http fetch GET 200 https://vltoss.jfrog.io/artifactory/api/npm/benchmark-npm-remote/@hapi%2fhoek 54ms (cache miss)
npm http fetch GET 200 https://vltoss.jfrog.io/artifactory/api/npm/benchmark-npm-remote/@hapi%2fformula 38ms (cache miss)
npm http fetch GET 200 https://vltoss.jfrog.io/artifactory/api/npm/benchmark-npm-remote/@hapi%2faddress 43ms (cache miss)
npm http fetch GET 200 https://vltoss.jfrog.io/artifactory/api/npm/benchmark-npm-remote/@hapi%2fpinpoint 41ms (cache miss)
npm http fetch GET 200 https://vltoss.jfrog.io/artifactory/api/npm/benchmark-npm-remote/@standard-schema%2fspec 39ms (cache miss)
npm http fetch GET 200 https://vltoss.jfrog.io/artifactory/api/npm/benchmark-npm-remote/@hapi%2fhoek 36ms (cache revalidated)
npm http fetch GET 200 https://vltoss.jfrog.io/artifactory/api/npm/benchmark-npm-remote/totalist 42ms (cache miss)
npm http fetch GET 200 https://vltoss.jfrog.io/artifactory/api/npm/benchmark-npm-remote/mrmime 44ms (cache miss)
npm http fetch GET 200 https://vltoss.jfrog.io/artifactory/api/npm/benchmark-npm-remote/@polka%2furl 45ms (cache miss)
npm http fetch GET 200 https://vltoss.jfrog.io/artifactory/api/npm/benchmark-npm-remote/webpack 41ms (cache revalidated)
npm http fetch GET 200 https://vltoss.jfrog.io/artifactory/api/npm/benchmark-npm-remote/@types%2fexpress-serve-static-core 42ms (cache revalidated)
npm http fetch GET 200 https://vltoss.jfrog.io/artifactory/api/npm/benchmark-npm-remote/@types%2fbody-parser 47ms (cache miss)
npm http fetch GET 200 https://vltoss.jfrog.io/artifactory/api/npm/benchmark-npm-remote/@types%2fqs 50ms (cache miss)
npm http fetch GET 200 https://vltoss.jfrog.io/artifactory/api/npm/benchmark-npm-remote/@types%2fserve-static 38ms (cache revalidated)
npm http fetch GET 200 https://vltoss.jfrog.io/artifactory/api/npm/benchmark-npm-remote/@types%2fsend 38ms (cache miss)
npm http fetch GET 200 https://vltoss.jfrog.io/artifactory/api/npm/benchmark-npm-remote/@types%2fqs 47ms (cache miss)
npm http fetch GET 200 https://vltoss.jfrog.io/artifactory/api/npm/benchmark-npm-remote/@types%2frange-parser 43ms (cache miss)
npm http fetch GET 200 https://vltoss.jfrog.io/artifactory/api/npm/benchmark-npm-remote/@types%2fsend 37ms (cache revalidated)
npm http fetch GET 200 https://vltoss.jfrog.io/artifactory/api/npm/benchmark-npm-remote/@types%2fhttp-errors 43ms (cache miss)
npm http fetch GET 200 https://vltoss.jfrog.io/artifactory/api/npm/benchmark-npm-remote/vary 44ms (cache miss)
npm http fetch GET 200 https://vltoss.jfrog.io/artifactory/api/npm/benchmark-npm-remote/multicast-dns 48ms (cache miss)
npm http fetch GET 200 https://vltoss.jfrog.io/artifactory/api/npm/benchmark-npm-remote/bytes 41ms (cache miss)
npm http fetch GET 200 https://vltoss.jfrog.io/artifactory/api/npm/benchmark-npm-remote/destroy 39ms (cache miss)
npm http fetch GET 200 https://vltoss.jfrog.io/artifactory/api/npm/benchmark-npm-remote/negotiator 42ms (cache miss)
npm http fetch GET 200 https://vltoss.jfrog.io/artifactory/api/npm/benchmark-npm-remote/on-headers 40ms (cache miss)
npm http fetch GET 200 https://vltoss.jfrog.io/artifactory/api/npm/benchmark-npm-remote/compressible 41ms (cache miss)
npm http fetch GET 200 https://vltoss.jfrog.io/artifactory/api/npm/benchmark-npm-remote/depd 44ms (cache miss)
npm http fetch GET 200 https://vltoss.jfrog.io/artifactory/api/npm/benchmark-npm-remote/qs 56ms (cache miss)
npm http fetch GET 200 https://vltoss.jfrog.io/artifactory/api/npm/benchmark-npm-remote/etag 40ms (cache miss)
npm http fetch GET 200 https://vltoss.jfrog.io/artifactory/api/npm/benchmark-npm-remote/send 47ms (cache miss)
npm http fetch GET 200 https://vltoss.jfrog.io/artifactory/api/npm/benchmark-npm-remote/fresh 42ms (cache miss)
npm http fetch GET 200 https://vltoss.jfrog.io/artifactory/api/npm/benchmark-npm-remote/cookie 42ms (cache miss)
npm http fetch GET 200 https://vltoss.jfrog.io/artifactory/api/npm/benchmark-npm-remote/methods 38ms (cache miss)
npm http fetch GET 200 https://vltoss.jfrog.io/artifactory/api/npm/benchmark-npm-remote/accepts 45ms (cache miss)
npm http fetch GET 200 https://vltoss.jfrog.io/artifactory/api/npm/benchmark-npm-remote/type-is 37ms (cache miss)
npm http fetch GET 200 https://vltoss.jfrog.io/artifactory/api/npm/benchmark-npm-remote/statuses 40ms (cache miss)
npm http fetch GET 200 https://vltoss.jfrog.io/artifactory/api/npm/benchmark-npm-remote/parseurl 44ms (cache miss)
npm http fetch GET 200 https://vltoss.jfrog.io/artifactory/api/npm/benchmark-npm-remote/encodeurl 35ms (cache miss)
npm http fetch GET 200 https://vltoss.jfrog.io/artifactory/api/npm/benchmark-npm-remote/escape-html 39ms (cache miss)
npm http fetch GET 200 https://vltoss.jfrog.io/artifactory/api/npm/benchmark-npm-remote/proxy-addr 51ms (cache miss)
npm http fetch GET 200 https://vltoss.jfrog.io/artifactory/api/npm/benchmark-npm-remote/body-parser 54ms (cache miss)
npm http fetch GET 200 https://vltoss.jfrog.io/artifactory/api/npm/benchmark-npm-remote/on-finished 42ms (cache miss)
npm http fetch GET 200 https://vltoss.jfrog.io/artifactory/api/npm/benchmark-npm-remote/http-errors 48ms (cache miss)
npm http fetch GET 200 https://vltoss.jfrog.io/artifactory/api/npm/benchmark-npm-remote/utils-merge 42ms (cache miss)
npm http fetch GET 200 https://vltoss.jfrog.io/artifactory/api/npm/benchmark-npm-remote/range-parser 39ms (cache miss)
npm http fetch GET 200 https://vltoss.jfrog.io/artifactory/api/npm/benchmark-npm-remote/content-type 46ms (cache miss)
npm http fetch GET 200 https://vltoss.jfrog.io/artifactory/api/npm/benchmark-npm-remote/finalhandler 47ms (cache miss)
npm http fetch GET 200 https://vltoss.jfrog.io/artifactory/api/npm/benchmark-npm-remote/array-flatten 39ms (cache miss)
npm http fetch GET 200 https://vltoss.jfrog.io/artifactory/api/npm/benchmark-npm-remote/serve-static 47ms (cache miss)
npm http fetch GET 200 https://vltoss.jfrog.io/artifactory/api/npm/benchmark-npm-remote/path-to-regexp 52ms (cache miss)
npm http fetch GET 200 https://vltoss.jfrog.io/artifactory/api/npm/benchmark-npm-remote/setprototypeof 39ms (cache miss)
npm http fetch GET 200 https://vltoss.jfrog.io/artifactory/api/npm/benchmark-npm-remote/cookie-signature 45ms (cache miss)
npm http fetch GET 200 https://vltoss.jfrog.io/artifactory/api/npm/benchmark-npm-remote/merge-descriptors 38ms (cache miss)
npm http fetch GET 200 https://vltoss.jfrog.io/artifactory/api/npm/benchmark-npm-remote/content-disposition 43ms (cache miss)
npm http fetch GET 200 https://vltoss.jfrog.io/artifactory/api/npm/benchmark-npm-remote/is-plain-obj 42ms (cache miss)
npm http fetch GET 200 https://vltoss.jfrog.io/artifactory/api/npm/benchmark-npm-remote/http-proxy 50ms (cache miss)
npm http fetch GET 200 https://vltoss.jfrog.io/artifactory/api/npm/benchmark-npm-remote/@types%2fhttp-proxy 39ms (cache miss)
npm http fetch GET 200 https://vltoss.jfrog.io/artifactory/api/npm/benchmark-npm-remote/shell-quote 41ms (cache miss)
npm http fetch GET 200 https://vltoss.jfrog.io/artifactory/api/npm/benchmark-npm-remote/wsl-utils 44ms (cache miss)
npm http fetch GET 200 https://vltoss.jfrog.io/artifactory/api/npm/benchmark-npm-remote/default-browser 41ms (cache miss)
npm http fetch GET 200 https://vltoss.jfrog.io/artifactory/api/npm/benchmark-npm-remote/define-lazy-prop 36ms (cache revalidated)
npm http fetch GET 200 https://vltoss.jfrog.io/artifactory/api/npm/benchmark-npm-remote/is-inside-container 43ms (cache miss)
npm http fetch GET 200 https://vltoss.jfrog.io/artifactory/api/npm/benchmark-npm-remote/@types%2fretry 42ms (cache miss)
npm http fetch GET 200 https://vltoss.jfrog.io/artifactory/api/npm/benchmark-npm-remote/retry 66ms (cache miss)
npm http fetch GET 200 https://vltoss.jfrog.io/artifactory/api/npm/benchmark-npm-remote/is-network-error 47ms (cache miss)
npm http fetch GET 200 https://vltoss.jfrog.io/artifactory/api/npm/benchmark-npm-remote/@peculiar%2fx509 51ms (cache miss)
npm http fetch GET 200 https://vltoss.jfrog.io/artifactory/api/npm/benchmark-npm-remote/batch 39ms (cache miss)
npm http fetch GET 200 https://vltoss.jfrog.io/artifactory/api/npm/benchmark-npm-remote/pkijs 77ms (cache miss)
npm http fetch GET 200 https://vltoss.jfrog.io/artifactory/api/npm/benchmark-npm-remote/http-errors 39ms (cache revalidated)
npm http fetch GET 200 https://vltoss.jfrog.io/artifactory/api/npm/benchmark-npm-remote/faye-websocket 41ms (cache miss)
npm http fetch GET 200 https://vltoss.jfrog.io/artifactory/api/npm/benchmark-npm-remote/websocket-driver 43ms (cache miss)
npm http fetch GET 200 https://vltoss.jfrog.io/artifactory/api/npm/benchmark-npm-remote/handle-thing 42ms (cache miss)
npm http fetch GET 200 https://vltoss.jfrog.io/artifactory/api/npm/benchmark-npm-remote/http-deceiver 39ms (cache miss)
npm http fetch GET 200 https://vltoss.jfrog.io/artifactory/api/npm/benchmark-npm-remote/select-hose 40ms (cache miss)
npm http fetch GET 200 https://vltoss.jfrog.io/artifactory/api/npm/benchmark-npm-remote/spdy-transport 42ms (cache miss)
npm http fetch GET 200 https://vltoss.jfrog.io/artifactory/api/npm/benchmark-npm-remote/on-finished 34ms (cache revalidated)
npm http fetch GET 200 https://vltoss.jfrog.io/artifactory/api/npm/benchmark-npm-remote/range-parser 34ms (cache revalidated)
npm http fetch GET 200 https://vltoss.jfrog.io/artifactory/api/npm/benchmark-npm-remote/memfs 79ms (cache miss)
npm http fetch GET 200 https://vltoss.jfrog.io/artifactory/api/npm/benchmark-npm-remote/@types%2fconnect 43ms (cache miss)
npm http fetch GET 200 https://vltoss.jfrog.io/artifactory/api/npm/benchmark-npm-remote/@types%2fmime 39ms (cache miss)
npm http fetch GET 200 https://vltoss.jfrog.io/artifactory/api/npm/benchmark-npm-remote/thunky 44ms (cache miss)
npm http fetch GET 200 https://vltoss.jfrog.io/artifactory/api/npm/benchmark-npm-remote/dns-packet 45ms (cache miss)
npm http fetch GET 200 https://vltoss.jfrog.io/artifactory/api/npm/benchmark-npm-remote/negotiator 39ms (cache revalidated)
npm http fetch GET 200 https://vltoss.jfrog.io/artifactory/api/npm/benchmark-npm-remote/unpipe 41ms (cache miss)
npm http fetch GET 200 https://vltoss.jfrog.io/artifactory/api/npm/benchmark-npm-remote/raw-body 46ms (cache miss)
npm http fetch GET 200 https://vltoss.jfrog.io/artifactory/api/npm/benchmark-npm-remote/iconv-lite 37ms (cache revalidated)
npm http fetch GET 200 https://vltoss.jfrog.io/artifactory/api/npm/benchmark-npm-remote/content-type 36ms (cache revalidated)
npm http fetch GET 200 https://vltoss.jfrog.io/artifactory/api/npm/benchmark-npm-remote/statuses 35ms (cache revalidated)
npm http fetch GET 200 https://vltoss.jfrog.io/artifactory/api/npm/benchmark-npm-remote/setprototypeof 36ms (cache revalidated)
npm http fetch GET 200 https://vltoss.jfrog.io/artifactory/api/npm/benchmark-npm-remote/statuses 36ms (cache revalidated)
npm http fetch GET 200 https://vltoss.jfrog.io/artifactory/api/npm/benchmark-npm-remote/toidentifier 40ms (cache miss)
npm http fetch GET 200 https://vltoss.jfrog.io/artifactory/api/npm/benchmark-npm-remote/ee-first 41ms (cache miss)
npm http fetch GET 200 https://vltoss.jfrog.io/artifactory/api/npm/benchmark-npm-remote/ipaddr.js 36ms (cache revalidated)
npm http fetch GET 200 https://vltoss.jfrog.io/artifactory/api/npm/benchmark-npm-remote/forwarded 45ms (cache miss)
npm http fetch GET 200 https://vltoss.jfrog.io/artifactory/api/npm/benchmark-npm-remote/media-typer 41ms (cache miss)
npm http fetch GET 200 https://vltoss.jfrog.io/artifactory/api/npm/benchmark-npm-remote/mime 46ms (cache miss)
npm http fetch GET 200 https://vltoss.jfrog.io/artifactory/api/npm/benchmark-npm-remote/requires-port 41ms (cache miss)
npm http fetch GET 200 https://vltoss.jfrog.io/artifactory/api/npm/benchmark-npm-remote/eventemitter3 43ms (cache miss)
npm http fetch GET 200 https://vltoss.jfrog.io/artifactory/api/npm/benchmark-npm-remote/@leichtgewicht%2fip-codec 47ms (cache miss)
npm http fetch GET 200 https://vltoss.jfrog.io/artifactory/api/npm/benchmark-npm-remote/tsyringe 48ms (cache miss)
npm http fetch GET 200 https://vltoss.jfrog.io/artifactory/api/npm/benchmark-npm-remote/pvtsutils 52ms (cache miss)
npm http fetch GET 200 https://vltoss.jfrog.io/artifactory/api/npm/benchmark-npm-remote/reflect-metadata 78ms (cache miss)
npm http fetch GET 200 https://vltoss.jfrog.io/artifactory/api/npm/benchmark-npm-remote/@peculiar%2fasn1-csr 46ms (cache miss)
npm http fetch GET 200 https://vltoss.jfrog.io/artifactory/api/npm/benchmark-npm-remote/@peculiar%2fasn1-cms 50ms (cache miss)
npm http fetch GET 200 https://vltoss.jfrog.io/artifactory/api/npm/benchmark-npm-remote/@peculiar%2fasn1-ecc 47ms (cache miss)
npm http fetch GET 200 https://vltoss.jfrog.io/artifactory/api/npm/benchmark-npm-remote/@peculiar%2fasn1-x509 49ms (cache miss)
npm http fetch GET 200 https://vltoss.jfrog.io/artifactory/api/npm/benchmark-npm-remote/@peculiar%2fasn1-rsa 53ms (cache miss)
npm http fetch GET 200 https://vltoss.jfrog.io/artifactory/api/npm/benchmark-npm-remote/@peculiar%2fasn1-pkcs9 41ms (cache miss)
npm http fetch GET 200 https://vltoss.jfrog.io/artifactory/api/npm/benchmark-npm-remote/asn1js 45ms (cache miss)
npm http fetch GET 200 https://vltoss.jfrog.io/artifactory/api/npm/benchmark-npm-remote/@peculiar%2fasn1-schema 52ms (cache miss)
npm http fetch GET 200 https://vltoss.jfrog.io/artifactory/api/npm/benchmark-npm-remote/pvutils 39ms (cache miss)
npm http fetch GET 200 https://vltoss.jfrog.io/artifactory/api/npm/benchmark-npm-remote/bytestreamjs 48ms (cache miss)
npm http fetch GET 200 https://vltoss.jfrog.io/artifactory/api/npm/benchmark-npm-remote/@noble%2fhashes 48ms (cache miss)
npm http fetch GET 200 https://vltoss.jfrog.io/artifactory/api/npm/benchmark-npm-remote/@peculiar%2fasn1-schema 37ms (cache revalidated)
npm http fetch GET 200 https://vltoss.jfrog.io/artifactory/api/npm/benchmark-npm-remote/asn1js 39ms (cache revalidated)
npm http fetch GET 200 https://vltoss.jfrog.io/artifactory/api/npm/benchmark-npm-remote/@peculiar%2fasn1-x509 49ms (cache revalidated)
npm http fetch GET 200 https://vltoss.jfrog.io/artifactory/api/npm/benchmark-npm-remote/@peculiar%2fasn1-x509 36ms (cache revalidated)
npm http fetch GET 200 https://vltoss.jfrog.io/artifactory/api/npm/benchmark-npm-remote/@peculiar%2fasn1-x509-attr 54ms (cache miss)
npm http fetch GET 200 https://vltoss.jfrog.io/artifactory/api/npm/benchmark-npm-remote/@peculiar%2fasn1-pfx 48ms (cache miss)
npm http fetch GET 200 https://vltoss.jfrog.io/artifactory/api/npm/benchmark-npm-remote/@peculiar%2fasn1-pkcs8 46ms (cache miss)
npm http fetch GET 200 https://vltoss.jfrog.io/artifactory/api/npm/benchmark-npm-remote/@peculiar%2futils 41ms (cache miss)
npm http fetch GET 200 https://vltoss.jfrog.io/artifactory/api/npm/benchmark-npm-remote/@peculiar%2futils 43ms (cache miss)
npm http fetch GET 200 https://vltoss.jfrog.io/artifactory/api/npm/benchmark-npm-remote/pvutils 37ms (cache revalidated)
npm http fetch GET 200 https://vltoss.jfrog.io/artifactory/api/npm/benchmark-npm-remote/depd 36ms (cache revalidated)
npm http fetch GET 200 https://vltoss.jfrog.io/artifactory/api/npm/benchmark-npm-remote/websocket-driver 37ms (cache revalidated)
npm http fetch GET 200 https://vltoss.jfrog.io/artifactory/api/npm/benchmark-npm-remote/websocket-extensions 40ms (cache miss)
npm http fetch GET 200 https://vltoss.jfrog.io/artifactory/api/npm/benchmark-npm-remote/http-parser-js 44ms (cache miss)
npm http fetch GET 200 https://vltoss.jfrog.io/artifactory/api/npm/benchmark-npm-remote/detect-node 40ms (cache miss)
npm http fetch GET 200 https://vltoss.jfrog.io/artifactory/api/npm/benchmark-npm-remote/hpack.js 41ms (cache miss)
npm http fetch GET 200 https://vltoss.jfrog.io/artifactory/api/npm/benchmark-npm-remote/obuf 42ms (cache miss)
npm http fetch GET 200 https://vltoss.jfrog.io/artifactory/api/npm/benchmark-npm-remote/wbuf 36ms (cache miss)
npm http fetch GET 200 https://vltoss.jfrog.io/artifactory/api/npm/benchmark-npm-remote/obuf 38ms (cache revalidated)
npm http fetch GET 200 https://vltoss.jfrog.io/artifactory/api/npm/benchmark-npm-remote/wbuf 39ms (cache revalidated)
npm http fetch GET 200 https://vltoss.jfrog.io/artifactory/api/npm/benchmark-npm-remote/minimalistic-assert 43ms (cache miss)
npm http fetch GET 200 https://vltoss.jfrog.io/artifactory/api/npm/benchmark-npm-remote/isarray 35ms (cache revalidated)
npm http fetch GET 200 https://vltoss.jfrog.io/artifactory/api/npm/benchmark-npm-remote/safe-buffer 39ms (cache revalidated)
npm http fetch GET 200 https://vltoss.jfrog.io/artifactory/api/npm/benchmark-npm-remote/core-util-is 40ms (cache miss)
npm http fetch GET 200 https://vltoss.jfrog.io/artifactory/api/npm/benchmark-npm-remote/process-nextick-args 36ms (cache miss)
npm http fetch GET 200 https://vltoss.jfrog.io/artifactory/api/npm/benchmark-npm-remote/tree-dump 42ms (cache miss)
npm http fetch GET 200 https://vltoss.jfrog.io/artifactory/api/npm/benchmark-npm-remote/glob-to-regex.js 44ms (cache miss)
npm http fetch GET 200 https://vltoss.jfrog.io/artifactory/api/npm/benchmark-npm-remote/thingies 48ms (cache miss)
npm http fetch GET 200 https://vltoss.jfrog.io/artifactory/api/npm/benchmark-npm-remote/@jsonjoy.com%2ffs-core 47ms (cache miss)
npm http fetch GET 200 https://vltoss.jfrog.io/artifactory/api/npm/benchmark-npm-remote/@jsonjoy.com%2ffs-fsa 52ms (cache miss)
npm http fetch GET 200 https://vltoss.jfrog.io/artifactory/api/npm/benchmark-npm-remote/@jsonjoy.com%2futil 58ms (cache miss)
npm http fetch GET 200 https://vltoss.jfrog.io/artifactory/api/npm/benchmark-npm-remote/@jsonjoy.com%2ffs-print 52ms (cache miss)
npm http fetch GET 200 https://vltoss.jfrog.io/artifactory/api/npm/benchmark-npm-remote/@jsonjoy.com%2ffs-node 57ms (cache miss)
npm http fetch GET 200 https://vltoss.jfrog.io/artifactory/api/npm/benchmark-npm-remote/@jsonjoy.com%2fjson-pack 57ms (cache miss)
npm http fetch GET 200 https://vltoss.jfrog.io/artifactory/api/npm/benchmark-npm-remote/@jsonjoy.com%2ffs-snapshot 48ms (cache miss)
npm http fetch GET 200 https://vltoss.jfrog.io/artifactory/api/npm/benchmark-npm-remote/@jsonjoy.com%2ffs-node-utils 50ms (cache miss)
npm http fetch GET 200 https://vltoss.jfrog.io/artifactory/api/npm/benchmark-npm-remote/@jsonjoy.com%2ffs-node-to-fsa 53ms (cache miss)
npm http fetch GET 200 https://vltoss.jfrog.io/artifactory/api/npm/benchmark-npm-remote/@jsonjoy.com%2ffs-node-builtins 51ms (cache miss)
npm http fetch GET 200 https://vltoss.jfrog.io/artifactory/api/npm/benchmark-npm-remote/@jsonjoy.com%2fbuffers 41ms (cache miss)
npm http fetch GET 200 https://vltoss.jfrog.io/artifactory/api/npm/benchmark-npm-remote/@jsonjoy.com%2futil 45ms (cache revalidated)
npm http fetch GET 200 https://vltoss.jfrog.io/artifactory/api/npm/benchmark-npm-remote/tree-dump 55ms (cache revalidated)
npm http fetch GET 200 https://vltoss.jfrog.io/artifactory/api/npm/benchmark-npm-remote/@jsonjoy.com%2fjson-pack 38ms (cache revalidated)
npm http fetch GET 200 https://vltoss.jfrog.io/artifactory/api/npm/benchmark-npm-remote/tree-dump 39ms (cache revalidated)
npm http fetch GET 200 https://vltoss.jfrog.io/artifactory/api/npm/benchmark-npm-remote/hyperdyperid 37ms (cache miss)
npm http fetch GET 200 https://vltoss.jfrog.io/artifactory/api/npm/benchmark-npm-remote/@jsonjoy.com%2fbuffers 37ms (cache revalidated)
npm http fetch GET 200 https://vltoss.jfrog.io/artifactory/api/npm/benchmark-npm-remote/@jsonjoy.com%2fbase64 46ms (cache miss)
npm http fetch GET 200 https://vltoss.jfrog.io/artifactory/api/npm/benchmark-npm-remote/@jsonjoy.com%2fcodegen 53ms (cache miss)
npm http fetch GET 200 https://vltoss.jfrog.io/artifactory/api/npm/benchmark-npm-remote/@jsonjoy.com%2fcodegen 43ms (cache miss)
npm http fetch GET 200 https://vltoss.jfrog.io/artifactory/api/npm/benchmark-npm-remote/@jsonjoy.com%2fjson-pointer 52ms (cache miss)
npm http fetch GET 200 https://vltoss.jfrog.io/artifactory/api/npm/benchmark-npm-remote/@jsonjoy.com%2fjson-pointer 38ms (cache revalidated)
npm http fetch GET 200 https://vltoss.jfrog.io/artifactory/api/npm/benchmark-npm-remote/@jsonjoy.com%2fcodegen 41ms (cache revalidated)
npm http fetch GET 200 https://vltoss.jfrog.io/artifactory/api/npm/benchmark-npm-remote/@jsonjoy.com%2fbase64 42ms (cache revalidated)
npm http fetch GET 200 https://vltoss.jfrog.io/artifactory/api/npm/benchmark-npm-remote/@jsonjoy.com%2fcodegen 52ms (cache revalidated)
npm http fetch GET 200 https://vltoss.jfrog.io/artifactory/api/npm/benchmark-npm-remote/nan 45ms (cache miss)
npm http fetch GET 200 https://vltoss.jfrog.io/artifactory/api/npm/benchmark-npm-remote/pend 36ms (cache miss)
npm http fetch GET 200 https://vltoss.jfrog.io/artifactory/api/npm/benchmark-npm-remote/fast-fifo 39ms (cache miss)
npm http fetch GET 200 https://vltoss.jfrog.io/artifactory/api/npm/benchmark-npm-remote/bare-events 46ms (cache miss)
npm http fetch GET 200 https://vltoss.jfrog.io/artifactory/api/npm/benchmark-npm-remote/bare-url 50ms (cache miss)
npm http fetch GET 200 https://vltoss.jfrog.io/artifactory/api/npm/benchmark-npm-remote/bare-stream 46ms (cache miss)
npm http fetch GET 200 https://vltoss.jfrog.io/artifactory/api/npm/benchmark-npm-remote/b4a 43ms (cache miss)
npm http fetch GET 200 https://vltoss.jfrog.io/artifactory/api/npm/benchmark-npm-remote/streamx 47ms (cache miss)
npm http fetch GET 200 https://vltoss.jfrog.io/artifactory/api/npm/benchmark-npm-remote/fast-fifo 36ms (cache revalidated)
npm http fetch GET 200 https://vltoss.jfrog.io/artifactory/api/npm/benchmark-npm-remote/bare-buffer 42ms (cache miss)
npm http fetch GET 200 https://vltoss.jfrog.io/artifactory/api/npm/benchmark-npm-remote/streamx 37ms (cache revalidated)
npm http fetch GET 200 https://vltoss.jfrog.io/artifactory/api/npm/benchmark-npm-remote/b4a 38ms (cache revalidated)
npm http fetch GET 200 https://vltoss.jfrog.io/artifactory/api/npm/benchmark-npm-remote/teex 42ms (cache miss)
npm http fetch GET 200 https://vltoss.jfrog.io/artifactory/api/npm/benchmark-npm-remote/text-decoder 40ms (cache miss)
npm http fetch GET 200 https://vltoss.jfrog.io/artifactory/api/npm/benchmark-npm-remote/events-universal 74ms (cache miss)
npm http fetch GET 200 https://vltoss.jfrog.io/artifactory/api/npm/benchmark-npm-remote/@isaacs%2fcliui 37ms (cache revalidated)
npm http fetch GET 200 https://vltoss.jfrog.io/artifactory/api/npm/benchmark-npm-remote/@pkgjs%2fparseargs 43ms (cache miss)
npm http fetch GET 200 https://vltoss.jfrog.io/artifactory/api/npm/benchmark-npm-remote/eastasianwidth 42ms (cache miss)
npm http fetch GET 200 https://vltoss.jfrog.io/artifactory/api/npm/benchmark-npm-remote/parse-passwd 36ms (cache miss)
npm http fetch GET 200 https://vltoss.jfrog.io/artifactory/api/npm/benchmark-npm-remote/dom-serializer 39ms (cache revalidated)
npm http fetch GET 200 https://vltoss.jfrog.io/artifactory/api/npm/benchmark-npm-remote/is-docker 40ms (cache revalidated)
npm http fetch GET 200 https://vltoss.jfrog.io/artifactory/api/npm/benchmark-npm-remote/bundle-name 41ms (cache miss)
npm http fetch GET 200 https://vltoss.jfrog.io/artifactory/api/npm/benchmark-npm-remote/default-browser-id 41ms (cache miss)
npm http fetch GET 200 https://vltoss.jfrog.io/artifactory/api/npm/benchmark-npm-remote/is-wsl 35ms (cache revalidated)
npm http fetch GET 200 https://vltoss.jfrog.io/artifactory/api/npm/benchmark-npm-remote/run-applescript 43ms (cache miss)
npm http fetch GET 200 https://vltoss.jfrog.io/artifactory/api/npm/benchmark-npm-remote/bundle-name/-/bundle-name-4.1.1.tgz 827ms (cache miss)
npm http fetch GET 200 https://vltoss.jfrog.io/artifactory/api/npm/benchmark-npm-remote/default-browser-id/-/default-browser-id-5.0.1.tgz 827ms (cache miss)
npm http fetch GET 200 https://vltoss.jfrog.io/artifactory/api/npm/benchmark-npm-remote/run-applescript/-/run-applescript-7.1.0.tgz 832ms (cache miss)
npm http fetch GET 200 https://vltoss.jfrog.io/artifactory/api/npm/benchmark-npm-remote/is-typedarray/-/is-typedarray-1.0.0.tgz 864ms (cache miss)
npm http fetch GET 200 https://vltoss.jfrog.io/artifactory/api/npm/benchmark-npm-remote/@types/mime/-/mime-1.3.5.tgz 865ms (cache miss)
npm http fetch GET 200 https://vltoss.jfrog.io/artifactory/api/npm/benchmark-npm-remote/eastasianwidth/-/eastasianwidth-0.2.0.tgz 865ms (cache miss)
npm http fetch GET 200 https://vltoss.jfrog.io/artifactory/api/npm/benchmark-npm-remote/string-width/-/string-width-4.2.3.tgz 891ms (cache miss)
npm http fetch GET 200 https://vltoss.jfrog.io/artifactory/api/npm/benchmark-npm-remote/strip-ansi/-/strip-ansi-6.0.1.tgz 891ms (cache miss)
npm http fetch GET 200 https://vltoss.jfrog.io/artifactory/api/npm/benchmark-npm-remote/wrap-ansi/-/wrap-ansi-7.0.0.tgz 893ms (cache miss)
npm http fetch GET 200 https://vltoss.jfrog.io/artifactory/api/npm/benchmark-npm-remote/which-module/-/which-module-2.0.1.tgz 895ms (cache miss)
npm http fetch GET 200 https://vltoss.jfrog.io/artifactory/api/npm/benchmark-npm-remote/set-blocking/-/set-blocking-2.0.0.tgz 899ms (cache miss)
npm http fetch GET 200 https://vltoss.jfrog.io/artifactory/api/npm/benchmark-npm-remote/is-inside-container/-/is-inside-container-1.0.0.tgz 930ms (cache miss)
npm http fetch GET 200 https://vltoss.jfrog.io/artifactory/api/npm/benchmark-npm-remote/parse-passwd/-/parse-passwd-1.0.0.tgz 931ms (cache miss)
npm http fetch GET 200 https://vltoss.jfrog.io/artifactory/api/npm/benchmark-npm-remote/default-browser/-/default-browser-5.5.1.tgz 933ms (cache miss)
npm http fetch GET 200 https://vltoss.jfrog.io/artifactory/api/npm/benchmark-npm-remote/homedir-polyfill/-/homedir-polyfill-1.0.3.tgz 933ms (cache miss)
npm http fetch GET 200 https://vltoss.jfrog.io/artifactory/api/npm/benchmark-npm-remote/require-main-filename/-/require-main-filename-2.0.0.tgz 934ms (cache miss)
npm http fetch GET 200 https://vltoss.jfrog.io/artifactory/api/npm/benchmark-npm-remote/core-util-is/-/core-util-is-1.0.3.tgz 935ms (cache miss)
npm http fetch GET 200 https://vltoss.jfrog.io/artifactory/api/npm/benchmark-npm-remote/env-paths/-/env-paths-2.2.1.tgz 938ms (cache miss)
npm http fetch GET 200 https://vltoss.jfrog.io/artifactory/api/npm/benchmark-npm-remote/typedarray-to-buffer/-/typedarray-to-buffer-3.1.5.tgz 938ms (cache miss)
npm http fetch GET 200 https://vltoss.jfrog.io/artifactory/api/npm/benchmark-npm-remote/process-nextick-args/-/process-nextick-args-2.0.1.tgz 940ms (cache miss)
npm http fetch GET 200 https://vltoss.jfrog.io/artifactory/api/npm/benchmark-npm-remote/wsl-utils/-/wsl-utils-0.1.0.tgz 944ms (cache miss)
npm http fetch GET 200 https://vltoss.jfrog.io/artifactory/api/npm/benchmark-npm-remote/teex/-/teex-1.0.1.tgz 944ms (cache miss)
npm http fetch GET 200 https://vltoss.jfrog.io/artifactory/api/npm/benchmark-npm-remote/events-universal/-/events-universal-1.0.1.tgz 950ms (cache miss)
npm http fetch GET 200 https://vltoss.jfrog.io/artifactory/api/npm/benchmark-npm-remote/text-decoder/-/text-decoder-1.2.7.tgz 962ms (cache miss)
npm http fetch GET 200 https://vltoss.jfrog.io/artifactory/api/npm/benchmark-npm-remote/fast-fifo/-/fast-fifo-1.3.2.tgz 968ms (cache miss)
npm http fetch GET 200 https://vltoss.jfrog.io/artifactory/api/npm/benchmark-npm-remote/pend/-/pend-1.2.0.tgz 976ms (cache miss)
npm http fetch GET 200 https://vltoss.jfrog.io/artifactory/api/npm/benchmark-npm-remote/buffer-crc32/-/buffer-crc32-0.2.13.tgz 976ms (cache miss)
npm http fetch GET 200 https://vltoss.jfrog.io/artifactory/api/npm/benchmark-npm-remote/bare-stream/-/bare-stream-2.13.4.tgz 979ms (cache miss)
npm http fetch GET 200 https://vltoss.jfrog.io/artifactory/api/npm/benchmark-npm-remote/streamx/-/streamx-2.28.1.tgz 979ms (cache miss)
npm http fetch GET 200 https://vltoss.jfrog.io/artifactory/api/npm/benchmark-npm-remote/bare-events/-/bare-events-2.9.2.tgz 982ms (cache miss)
npm http fetch GET 200 https://vltoss.jfrog.io/artifactory/api/npm/benchmark-npm-remote/fd-slicer/-/fd-slicer-1.1.0.tgz 982ms (cache miss)
npm http fetch GET 200 https://vltoss.jfrog.io/artifactory/api/npm/benchmark-npm-remote/sleep/-/sleep-6.1.0.tgz 983ms (cache miss)
npm http fetch GET 200 https://vltoss.jfrog.io/artifactory/api/npm/benchmark-npm-remote/@pkgjs/parseargs/-/parseargs-0.11.0.tgz 1002ms (cache miss)
npm http fetch GET 200 https://vltoss.jfrog.io/artifactory/api/npm/benchmark-npm-remote/http-parser-js/-/http-parser-js-0.5.10.tgz 1001ms (cache miss)
npm http fetch GET 200 https://vltoss.jfrog.io/artifactory/api/npm/benchmark-npm-remote/b4a/-/b4a-1.9.0.tgz 1005ms (cache miss)
npm http fetch GET 200 https://vltoss.jfrog.io/artifactory/api/npm/benchmark-npm-remote/glob-to-regex.js/-/glob-to-regex.js-1.3.1.tgz 1016ms (cache miss)
npm http fetch GET 200 https://vltoss.jfrog.io/artifactory/api/npm/benchmark-npm-remote/tree-dump/-/tree-dump-1.1.0.tgz 1022ms (cache miss)
npm http fetch GET 200 https://vltoss.jfrog.io/artifactory/api/npm/benchmark-npm-remote/websocket-extensions/-/websocket-extensions-0.1.4.tgz 1033ms (cache miss)
npm http fetch GET 200 https://vltoss.jfrog.io/artifactory/api/npm/benchmark-npm-remote/@jsonjoy.com/fs-print/-/fs-print-4.80.0.tgz 1098ms (cache miss)
npm http fetch GET 200 https://vltoss.jfrog.io/artifactory/api/npm/benchmark-npm-remote/minimalistic-assert/-/minimalistic-assert-1.0.1.tgz 1126ms (cache miss)
npm http fetch GET 200 https://vltoss.jfrog.io/artifactory/api/npm/benchmark-npm-remote/media-typer/-/media-typer-0.3.0.tgz 1132ms (cache miss)
npm http fetch GET 200 https://vltoss.jfrog.io/artifactory/api/npm/benchmark-npm-remote/obuf/-/obuf-1.1.2.tgz 1153ms (cache miss)
npm http fetch GET 200 https://vltoss.jfrog.io/artifactory/api/npm/benchmark-npm-remote/wbuf/-/wbuf-1.7.3.tgz 1163ms (cache miss)
npm http fetch GET 200 https://vltoss.jfrog.io/artifactory/api/npm/benchmark-npm-remote/detect-node/-/detect-node-2.1.0.tgz 1174ms (cache miss)
npm http fetch GET 200 https://vltoss.jfrog.io/artifactory/api/npm/benchmark-npm-remote/select-hose/-/select-hose-2.0.0.tgz 1181ms (cache miss)
npm http fetch GET 200 https://vltoss.jfrog.io/artifactory/api/npm/benchmark-npm-remote/http-deceiver/-/http-deceiver-1.2.7.tgz 1207ms (cache miss)
npm http fetch GET 200 https://vltoss.jfrog.io/artifactory/api/npm/benchmark-npm-remote/handle-thing/-/handle-thing-2.0.1.tgz 1207ms (cache miss)
npm http fetch GET 200 https://vltoss.jfrog.io/artifactory/api/npm/benchmark-npm-remote/batch/-/batch-0.6.1.tgz 1221ms (cache miss)
npm http fetch GET 200 https://vltoss.jfrog.io/artifactory/api/npm/benchmark-npm-remote/pvutils/-/pvutils-1.2.0.tgz 1240ms (cache miss)
npm http fetch GET 200 https://vltoss.jfrog.io/artifactory/api/npm/benchmark-npm-remote/@jsonjoy.com/fs-snapshot/-/fs-snapshot-4.80.0.tgz 1267ms (cache miss)
npm http fetch GET 200 https://vltoss.jfrog.io/artifactory/api/npm/benchmark-npm-remote/pvtsutils/-/pvtsutils-1.3.6.tgz 1275ms (cache miss)
npm http fetch GET 200 https://vltoss.jfrog.io/artifactory/api/npm/benchmark-npm-remote/is-network-error/-/is-network-error-1.3.2.tgz 1280ms (cache miss)
npm http fetch GET 200 https://vltoss.jfrog.io/artifactory/api/npm/benchmark-npm-remote/forwarded/-/forwarded-0.2.0.tgz 1297ms (cache miss)
npm http fetch GET 200 https://vltoss.jfrog.io/artifactory/api/npm/benchmark-npm-remote/@types/retry/-/retry-0.12.2.tgz 1297ms (cache miss)
npm http fetch GET 200 https://vltoss.jfrog.io/artifactory/api/npm/benchmark-npm-remote/ee-first/-/ee-first-1.1.1.tgz 1307ms (cache miss)
npm http fetch GET 200 https://vltoss.jfrog.io/artifactory/api/npm/benchmark-npm-remote/@jsonjoy.com/codegen/-/codegen-1.0.0.tgz 1322ms (cache miss)
npm http fetch GET 200 https://vltoss.jfrog.io/artifactory/api/npm/benchmark-npm-remote/@leichtgewicht/ip-codec/-/ip-codec-2.0.5.tgz 1314ms (cache miss)
npm http fetch GET 200 https://vltoss.jfrog.io/artifactory/api/npm/benchmark-npm-remote/thunky/-/thunky-1.1.0.tgz 1334ms (cache miss)
npm http fetch GET 200 https://vltoss.jfrog.io/artifactory/api/npm/benchmark-npm-remote/requires-port/-/requires-port-1.0.0.tgz 1342ms (cache miss)
npm http fetch GET 200 https://vltoss.jfrog.io/artifactory/api/npm/benchmark-npm-remote/is-plain-obj/-/is-plain-obj-3.0.0.tgz 1358ms (cache miss)
npm http fetch GET 200 https://vltoss.jfrog.io/artifactory/api/npm/benchmark-npm-remote/@types/http-proxy/-/http-proxy-1.17.17.tgz 1364ms (cache miss)
npm http fetch GET 200 https://vltoss.jfrog.io/artifactory/api/npm/benchmark-npm-remote/unpipe/-/unpipe-1.0.0.tgz 1364ms (cache miss)
npm http fetch GET 200 https://vltoss.jfrog.io/artifactory/api/npm/benchmark-npm-remote/toidentifier/-/toidentifier-1.0.1.tgz 1365ms (cache miss)
npm http fetch GET 200 https://vltoss.jfrog.io/artifactory/api/npm/benchmark-npm-remote/type-is/-/type-is-1.6.18.tgz 1373ms (cache miss)
npm http fetch GET 200 https://vltoss.jfrog.io/artifactory/api/npm/benchmark-npm-remote/utils-merge/-/utils-merge-1.0.1.tgz 1374ms (cache miss)
npm http fetch GET 200 https://vltoss.jfrog.io/artifactory/api/npm/benchmark-npm-remote/mime/-/mime-1.6.0.tgz 1386ms (cache miss)
npm http fetch GET 200 https://vltoss.jfrog.io/artifactory/api/npm/benchmark-npm-remote/@peculiar/asn1-pkcs9/-/asn1-pkcs9-2.10.0.tgz 1385ms (cache miss)
npm http fetch GET 200 https://vltoss.jfrog.io/artifactory/api/npm/benchmark-npm-remote/shell-quote/-/shell-quote-1.11.0.tgz 1382ms (cache miss)
npm http fetch GET 200 https://vltoss.jfrog.io/artifactory/api/npm/benchmark-npm-remote/setprototypeof/-/setprototypeof-1.2.0.tgz 1381ms (cache miss)
npm http fetch GET 200 https://vltoss.jfrog.io/artifactory/api/npm/benchmark-npm-remote/raw-body/-/raw-body-2.5.3.tgz 1389ms (cache miss)
npm http fetch GET 200 https://vltoss.jfrog.io/artifactory/api/npm/benchmark-npm-remote/statuses/-/statuses-2.0.2.tgz 1390ms (cache miss)
npm http fetch GET 200 https://vltoss.jfrog.io/artifactory/api/npm/benchmark-npm-remote/retry/-/retry-0.13.1.tgz 1401ms (cache miss)
npm http fetch GET 200 https://vltoss.jfrog.io/artifactory/api/npm/benchmark-npm-remote/@peculiar/asn1-pkcs8/-/asn1-pkcs8-2.10.0.tgz 1429ms (cache miss)
npm http fetch GET 200 https://vltoss.jfrog.io/artifactory/api/npm/benchmark-npm-remote/range-parser/-/range-parser-1.2.1.tgz 1423ms (cache miss)
npm http fetch GET 200 https://vltoss.jfrog.io/artifactory/api/npm/benchmark-npm-remote/path-to-regexp/-/path-to-regexp-0.1.13.tgz 1424ms (cache miss)
npm http fetch GET 200 https://vltoss.jfrog.io/artifactory/api/npm/benchmark-npm-remote/methods/-/methods-1.1.2.tgz 1423ms (cache miss)
npm http fetch GET 200 https://vltoss.jfrog.io/artifactory/api/npm/benchmark-npm-remote/parseurl/-/parseurl-1.3.3.tgz 1434ms (cache miss)
npm http fetch GET 200 https://vltoss.jfrog.io/artifactory/api/npm/benchmark-npm-remote/merge-descriptors/-/merge-descriptors-1.0.3.tgz 1433ms (cache miss)
npm http fetch GET 200 https://vltoss.jfrog.io/artifactory/api/npm/benchmark-npm-remote/escape-html/-/escape-html-1.0.3.tgz 1432ms (cache miss)
npm http fetch GET 200 https://vltoss.jfrog.io/artifactory/api/npm/benchmark-npm-remote/serve-static/-/serve-static-1.16.3.tgz 1442ms (cache miss)
npm http fetch GET 200 https://vltoss.jfrog.io/artifactory/api/npm/benchmark-npm-remote/proxy-addr/-/proxy-addr-2.0.8.tgz 1441ms (cache miss)
npm http fetch GET 200 https://vltoss.jfrog.io/artifactory/api/npm/benchmark-npm-remote/etag/-/etag-1.8.1.tgz 1441ms (cache miss)
npm http fetch GET 200 https://vltoss.jfrog.io/artifactory/api/npm/benchmark-npm-remote/dns-packet/-/dns-packet-5.6.1.tgz 1450ms (cache miss)
npm http fetch GET 200 https://vltoss.jfrog.io/artifactory/api/npm/benchmark-npm-remote/on-finished/-/on-finished-2.4.1.tgz 1447ms (cache miss)
npm http fetch GET 200 https://vltoss.jfrog.io/artifactory/api/npm/benchmark-npm-remote/fresh/-/fresh-0.5.2.tgz 1447ms (cache miss)
npm http fetch GET 200 https://vltoss.jfrog.io/artifactory/api/npm/benchmark-npm-remote/eventemitter3/-/eventemitter3-4.0.7.tgz 1456ms (cache miss)
npm http fetch GET 200 https://vltoss.jfrog.io/artifactory/api/npm/benchmark-npm-remote/http-errors/-/http-errors-2.0.1.tgz 1454ms (cache miss)
npm http fetch GET 200 https://vltoss.jfrog.io/artifactory/api/npm/benchmark-npm-remote/finalhandler/-/finalhandler-1.3.2.tgz 1454ms (cache miss)
npm http fetch GET 200 https://vltoss.jfrog.io/artifactory/api/npm/benchmark-npm-remote/encodeurl/-/encodeurl-2.0.0.tgz 1454ms (cache miss)
npm http fetch GET 200 https://vltoss.jfrog.io/artifactory/api/npm/benchmark-npm-remote/array-flatten/-/array-flatten-1.1.1.tgz 1465ms (cache miss)
npm http fetch GET 200 https://vltoss.jfrog.io/artifactory/api/npm/benchmark-npm-remote/content-type/-/content-type-1.0.5.tgz 1473ms (cache miss)
npm http fetch GET 200 https://vltoss.jfrog.io/artifactory/api/npm/benchmark-npm-remote/cookie-signature/-/cookie-signature-1.0.7.tgz 1473ms (cache miss)
npm http fetch GET 200 https://vltoss.jfrog.io/artifactory/api/npm/benchmark-npm-remote/send/-/send-0.19.2.tgz 1483ms (cache miss)
npm http fetch GET 200 https://vltoss.jfrog.io/artifactory/api/npm/benchmark-npm-remote/on-headers/-/on-headers-1.1.0.tgz 1481ms (cache miss)
npm http fetch GET 200 https://vltoss.jfrog.io/artifactory/api/npm/benchmark-npm-remote/vary/-/vary-1.1.2.tgz 1481ms (cache miss)
npm http fetch GET 200 https://vltoss.jfrog.io/artifactory/api/npm/benchmark-npm-remote/depd/-/depd-2.0.0.tgz 1489ms (cache miss)
npm http fetch GET 200 https://vltoss.jfrog.io/artifactory/api/npm/benchmark-npm-remote/bytes/-/bytes-3.1.2.tgz 1488ms (cache miss)
npm http fetch GET 200 https://vltoss.jfrog.io/artifactory/api/npm/benchmark-npm-remote/compressible/-/compressible-2.0.18.tgz 1488ms (cache miss)
npm http fetch GET 200 https://vltoss.jfrog.io/artifactory/api/npm/benchmark-npm-remote/cookie/-/cookie-0.7.2.tgz 1499ms (cache miss)
npm http fetch GET 200 https://vltoss.jfrog.io/artifactory/api/npm/benchmark-npm-remote/accepts/-/accepts-1.3.8.tgz 1498ms (cache miss)
npm http fetch GET 200 https://vltoss.jfrog.io/artifactory/api/npm/benchmark-npm-remote/faye-websocket/-/faye-websocket-0.11.4.tgz 1516ms (cache miss)
npm http fetch GET 200 https://vltoss.jfrog.io/artifactory/api/npm/benchmark-npm-remote/content-disposition/-/content-disposition-0.5.4.tgz 1512ms (cache miss)
npm http fetch GET 200 https://vltoss.jfrog.io/artifactory/api/npm/benchmark-npm-remote/destroy/-/destroy-1.2.0.tgz 1512ms (cache miss)
npm http fetch GET 200 https://vltoss.jfrog.io/artifactory/api/npm/benchmark-npm-remote/@types/http-errors/-/http-errors-2.0.5.tgz 1512ms (cache miss)
npm http fetch GET 200 https://vltoss.jfrog.io/artifactory/api/npm/benchmark-npm-remote/@types/send/-/send-1.2.1.tgz 1512ms (cache miss)
npm http fetch GET 200 https://vltoss.jfrog.io/artifactory/api/npm/benchmark-npm-remote/reflect-metadata/-/reflect-metadata-0.2.2.tgz 1528ms (cache miss)
npm http fetch GET 200 https://vltoss.jfrog.io/artifactory/api/npm/benchmark-npm-remote/@types/body-parser/-/body-parser-1.19.6.tgz 1518ms (cache miss)
npm http fetch GET 200 https://vltoss.jfrog.io/artifactory/api/npm/benchmark-npm-remote/negotiator/-/negotiator-0.6.4.tgz 1526ms (cache miss)
npm http fetch GET 200 https://vltoss.jfrog.io/artifactory/api/npm/benchmark-npm-remote/@types/range-parser/-/range-parser-1.2.7.tgz 1526ms (cache miss)
npm http fetch GET 200 https://vltoss.jfrog.io/artifactory/api/npm/benchmark-npm-remote/@types/qs/-/qs-6.15.1.tgz 1526ms (cache miss)
npm http fetch GET 200 https://vltoss.jfrog.io/artifactory/api/npm/benchmark-npm-remote/@types/connect/-/connect-3.4.38.tgz 1526ms (cache miss)
npm http fetch GET 200 https://vltoss.jfrog.io/artifactory/api/npm/benchmark-npm-remote/asn1js/-/asn1js-3.0.10.tgz 1546ms (cache miss)
npm http fetch GET 200 https://vltoss.jfrog.io/artifactory/api/npm/benchmark-npm-remote/multicast-dns/-/multicast-dns-7.2.5.tgz 1542ms (cache miss)
npm http fetch GET 200 https://vltoss.jfrog.io/artifactory/api/npm/benchmark-npm-remote/p-retry/-/p-retry-6.2.1.tgz 1548ms (cache miss)
npm http fetch GET 200 https://vltoss.jfrog.io/artifactory/api/npm/benchmark-npm-remote/connect-history-api-fallback/-/connect-history-api-fallback-2.0.0.tgz 1562ms (cache miss)
npm http fetch GET 200 https://vltoss.jfrog.io/artifactory/api/npm/benchmark-npm-remote/@types/serve-static/-/serve-static-1.15.10.tgz 1561ms (cache miss)
npm http fetch GET 200 https://vltoss.jfrog.io/artifactory/api/npm/benchmark-npm-remote/@jsonjoy.com/json-pointer/-/json-pointer-1.0.2.tgz 1588ms (cache miss)
npm http fetch GET 200 https://vltoss.jfrog.io/artifactory/api/npm/benchmark-npm-remote/@types/serve-index/-/serve-index-1.9.4.tgz 1569ms (cache miss)
npm http fetch GET 200 https://vltoss.jfrog.io/artifactory/api/npm/benchmark-npm-remote/compression/-/compression-1.8.2.tgz 1580ms (cache miss)
npm http fetch GET 200 https://vltoss.jfrog.io/artifactory/api/npm/benchmark-npm-remote/@types/express/-/express-4.17.25.tgz 1580ms (cache miss)
npm http fetch GET 200 https://vltoss.jfrog.io/artifactory/api/npm/benchmark-npm-remote/@types/sockjs/-/sockjs-0.3.36.tgz 1585ms (cache miss)
npm http fetch GET 200 https://vltoss.jfrog.io/artifactory/api/npm/benchmark-npm-remote/@types/bonjour/-/bonjour-3.5.13.tgz 1595ms (cache miss)
npm http fetch GET 200 https://vltoss.jfrog.io/artifactory/api/npm/benchmark-npm-remote/totalist/-/totalist-3.0.1.tgz 1595ms (cache miss)
npm http fetch GET 200 https://vltoss.jfrog.io/artifactory/api/npm/benchmark-npm-remote/@peculiar/asn1-csr/-/asn1-csr-2.10.0.tgz 1616ms (cache miss)
npm http fetch GET 200 https://vltoss.jfrog.io/artifactory/api/npm/benchmark-npm-remote/@types/connect-history-api-fallback/-/connect-history-api-fallback-1.5.4.tgz 1603ms (cache miss)
npm http fetch GET 200 https://vltoss.jfrog.io/artifactory/api/npm/benchmark-npm-remote/opener/-/opener-1.5.2.tgz 1602ms (cache miss)
npm http fetch GET 200 https://vltoss.jfrog.io/artifactory/api/npm/benchmark-npm-remote/@polka/url/-/url-1.0.0-next.29.tgz 1604ms (cache miss)
npm http fetch GET 200 https://vltoss.jfrog.io/artifactory/api/npm/benchmark-npm-remote/ansi-html-community/-/ansi-html-community-0.0.8.tgz 1613ms (cache miss)
npm http fetch GET 200 https://vltoss.jfrog.io/artifactory/api/npm/benchmark-npm-remote/@jsonjoy.com/fs-node-to-fsa/-/fs-node-to-fsa-4.80.0.tgz 1639ms (cache miss)
npm http fetch GET 200 https://vltoss.jfrog.io/artifactory/api/npm/benchmark-npm-remote/sirv/-/sirv-2.0.4.tgz 1620ms (cache miss)
npm http fetch GET 200 https://vltoss.jfrog.io/artifactory/api/npm/benchmark-npm-remote/mrmime/-/mrmime-2.0.1.tgz 1622ms (cache miss)
npm http fetch GET 200 https://vltoss.jfrog.io/artifactory/api/npm/benchmark-npm-remote/@hapi/pinpoint/-/pinpoint-2.0.1.tgz 1620ms (cache miss)
npm http fetch GET 200 https://vltoss.jfrog.io/artifactory/api/npm/benchmark-npm-remote/@standard-schema/spec/-/spec-1.1.0.tgz 1631ms (cache miss)
npm http fetch GET 200 https://vltoss.jfrog.io/artifactory/api/npm/benchmark-npm-remote/launch-editor/-/launch-editor-2.14.1.tgz 1642ms (cache miss)
npm http fetch GET 200 https://vltoss.jfrog.io/artifactory/api/npm/benchmark-npm-remote/@hapi/topo/-/topo-6.0.2.tgz 1638ms (cache miss)
npm http fetch GET 200 https://vltoss.jfrog.io/artifactory/api/npm/benchmark-npm-remote/nan/-/nan-2.29.0.tgz 1669ms (cache miss)
npm http fetch GET 200 https://vltoss.jfrog.io/artifactory/api/npm/benchmark-npm-remote/@types/express-serve-static-core/-/express-serve-static-core-4.19.9.tgz 1649ms (cache miss)
npm http fetch GET 200 https://vltoss.jfrog.io/artifactory/api/npm/benchmark-npm-remote/ipaddr.js/-/ipaddr.js-2.5.0.tgz 1658ms (cache miss)
npm http fetch GET 200 https://vltoss.jfrog.io/artifactory/api/npm/benchmark-npm-remote/gzip-size/-/gzip-size-6.0.0.tgz 1656ms (cache miss)
npm http fetch GET 200 https://vltoss.jfrog.io/artifactory/api/npm/benchmark-npm-remote/@hapi/formula/-/formula-3.0.2.tgz 1655ms (cache miss)
npm http fetch GET 200 https://vltoss.jfrog.io/artifactory/api/npm/benchmark-npm-remote/es-array-method-boxes-properly/-/es-array-method-boxes-properly-1.0.0.tgz 1665ms (cache miss)
npm http fetch GET 200 https://vltoss.jfrog.io/artifactory/api/npm/benchmark-npm-remote/debounce/-/debounce-1.2.1.tgz 1674ms (cache miss)
npm http fetch GET 200 https://vltoss.jfrog.io/artifactory/api/npm/benchmark-npm-remote/unicode-property-aliases-ecmascript/-/unicode-property-aliases-ecmascript-2.2.0.tgz 1679ms (cache miss)
npm http fetch GET 200 https://vltoss.jfrog.io/artifactory/api/npm/benchmark-npm-remote/unicode-canonical-property-names-ecmascript/-/unicode-canonical-property-names-ecmascript-2.0.1.tgz 1693ms (cache miss)
npm http fetch GET 200 https://vltoss.jfrog.io/artifactory/api/npm/benchmark-npm-remote/randombytes/-/randombytes-2.1.0.tgz 1717ms (cache miss)
npm http fetch GET 200 https://vltoss.jfrog.io/artifactory/api/npm/benchmark-npm-remote/body-parser/-/body-parser-1.20.8.tgz 1736ms (cache miss)
npm http fetch GET 200 https://vltoss.jfrog.io/artifactory/api/npm/benchmark-npm-remote/@jsonjoy.com/fs-node-builtins/-/fs-node-builtins-4.80.0.tgz 1758ms (cache miss)
npm http fetch GET 200 https://vltoss.jfrog.io/artifactory/api/npm/benchmark-npm-remote/is-windows/-/is-windows-0.2.0.tgz 1750ms (cache miss)
npm http fetch GET 200 https://vltoss.jfrog.io/artifactory/api/npm/benchmark-npm-remote/os-homedir/-/os-homedir-1.0.2.tgz 1751ms (cache miss)
npm http fetch GET 200 https://vltoss.jfrog.io/artifactory/api/npm/benchmark-npm-remote/expand-tilde/-/expand-tilde-1.2.2.tgz 1761ms (cache miss)
npm http fetch GET 200 https://vltoss.jfrog.io/artifactory/api/npm/benchmark-npm-remote/global-modules/-/global-modules-0.2.3.tgz 1771ms (cache miss)
npm http fetch GET 200 https://vltoss.jfrog.io/artifactory/api/npm/benchmark-npm-remote/bare-path/-/bare-path-3.1.2.tgz 1810ms (cache miss)
npm http fetch GET 200 https://vltoss.jfrog.io/artifactory/api/npm/benchmark-npm-remote/selfsigned/-/selfsigned-5.5.0.tgz 1798ms (cache miss)
npm http fetch GET 200 https://vltoss.jfrog.io/artifactory/api/npm/benchmark-npm-remote/sax/-/sax-1.6.1.tgz 1801ms (cache miss)
npm http fetch GET 200 https://vltoss.jfrog.io/artifactory/api/npm/benchmark-npm-remote/boolbase/-/boolbase-1.0.0.tgz 1797ms (cache miss)
npm http fetch GET 200 https://vltoss.jfrog.io/artifactory/api/npm/benchmark-npm-remote/dom-converter/-/dom-converter-0.2.0.tgz 1819ms (cache miss)
npm http fetch GET 200 https://vltoss.jfrog.io/artifactory/api/npm/benchmark-npm-remote/es6-error/-/es6-error-4.1.1.tgz 1819ms (cache miss)
npm http fetch GET 200 https://vltoss.jfrog.io/artifactory/api/npm/benchmark-npm-remote/object.getownpropertydescriptors/-/object.getownpropertydescriptors-2.1.9.tgz 1842ms (cache miss)
npm http fetch GET 200 https://vltoss.jfrog.io/artifactory/api/npm/benchmark-npm-remote/unicode-match-property-value-ecmascript/-/unicode-match-property-value-ecmascript-2.2.1.tgz 1840ms (cache miss)
npm http fetch GET 200 https://vltoss.jfrog.io/artifactory/api/npm/benchmark-npm-remote/hpack.js/-/hpack.js-2.1.6.tgz 1873ms (cache miss)
npm http fetch GET 200 https://vltoss.jfrog.io/artifactory/api/npm/benchmark-npm-remote/regjsgen/-/regjsgen-0.8.0.tgz 1847ms (cache miss)
npm http fetch GET 200 https://vltoss.jfrog.io/artifactory/api/npm/benchmark-npm-remote/array.prototype.reduce/-/array.prototype.reduce-1.0.8.tgz 1875ms (cache miss)
npm http fetch GET 200 https://vltoss.jfrog.io/artifactory/api/npm/benchmark-npm-remote/unicode-match-property-ecmascript/-/unicode-match-property-ecmascript-2.0.0.tgz 1870ms (cache miss)
npm http fetch GET 200 https://vltoss.jfrog.io/artifactory/api/npm/benchmark-npm-remote/@jsonjoy.com/fs-fsa/-/fs-fsa-4.80.0.tgz 1920ms (cache miss)
npm http fetch GET 200 https://vltoss.jfrog.io/artifactory/api/npm/benchmark-npm-remote/esbuild/-/esbuild-0.25.12.tgz 1912ms (cache miss)
npm http fetch GET 200 https://vltoss.jfrog.io/artifactory/api/npm/benchmark-npm-remote/domelementtype/-/domelementtype-2.3.0.tgz 1934ms (cache miss)
npm http fetch GET 200 https://vltoss.jfrog.io/artifactory/api/npm/benchmark-npm-remote/regenerate/-/regenerate-1.4.2.tgz 1933ms (cache miss)
npm http fetch GET 200 https://vltoss.jfrog.io/artifactory/api/npm/benchmark-npm-remote/spdy/-/spdy-4.0.2.tgz 1992ms (cache miss)
npm http fetch GET 200 https://vltoss.jfrog.io/artifactory/api/npm/benchmark-npm-remote/parse-literals/-/parse-literals-1.2.1.tgz 1984ms (cache miss)
npm http fetch GET 200 https://vltoss.jfrog.io/artifactory/api/npm/benchmark-npm-remote/@types/yauzl/-/yauzl-2.10.3.tgz 1978ms (cache miss)
npm http fetch GET 200 https://vltoss.jfrog.io/artifactory/api/npm/benchmark-npm-remote/mitt/-/mitt-3.0.1.tgz 2006ms (cache miss)
npm http fetch GET 200 https://vltoss.jfrog.io/artifactory/api/npm/benchmark-npm-remote/socks-proxy-agent/-/socks-proxy-agent-8.0.5.tgz 2005ms (cache miss)
npm http fetch GET 200 https://vltoss.jfrog.io/artifactory/api/npm/benchmark-npm-remote/object-assign/-/object-assign-4.1.1.tgz 2003ms (cache miss)
npm http fetch GET 200 https://vltoss.jfrog.io/artifactory/api/npm/benchmark-npm-remote/domhandler/-/domhandler-4.3.1.tgz 2019ms (cache miss)
npm http fetch GET 200 https://vltoss.jfrog.io/artifactory/api/npm/benchmark-npm-remote/utila/-/utila-0.4.0.tgz 2019ms (cache miss)
npm http fetch GET 200 https://vltoss.jfrog.io/artifactory/api/npm/benchmark-npm-remote/regjsparser/-/regjsparser-0.13.3.tgz 2018ms (cache miss)
npm http fetch GET 200 https://vltoss.jfrog.io/artifactory/api/npm/benchmark-npm-remote/hoist-non-react-statics/-/hoist-non-react-statics-3.3.2.tgz 2017ms (cache miss)
npm http fetch GET 200 https://vltoss.jfrog.io/artifactory/api/npm/benchmark-npm-remote/fromentries/-/fromentries-1.3.2.tgz 2014ms (cache miss)
npm http fetch GET 200 https://vltoss.jfrog.io/artifactory/api/npm/benchmark-npm-remote/progress/-/progress-2.0.3.tgz 2026ms (cache miss)
npm http fetch GET 200 https://vltoss.jfrog.io/artifactory/api/npm/benchmark-npm-remote/extract-zip/-/extract-zip-2.0.1.tgz 2026ms (cache miss)
npm http fetch GET 200 https://vltoss.jfrog.io/artifactory/api/npm/benchmark-npm-remote/loose-envify/-/loose-envify-1.4.0.tgz 2026ms (cache miss)
npm http fetch GET 200 https://vltoss.jfrog.io/artifactory/api/npm/benchmark-npm-remote/@peculiar/asn1-ecc/-/asn1-ecc-2.10.0.tgz 2091ms (cache miss)
npm http fetch GET 200 https://vltoss.jfrog.io/artifactory/api/npm/benchmark-npm-remote/minify-literals/-/minify-literals-1.0.10.tgz 2073ms (cache miss)
npm http fetch GET 200 https://vltoss.jfrog.io/artifactory/api/npm/benchmark-npm-remote/proxy-agent/-/proxy-agent-6.5.0.tgz 2065ms (cache miss)
npm http fetch GET 200 https://vltoss.jfrog.io/artifactory/api/npm/benchmark-npm-remote/cssesc/-/cssesc-3.0.0.tgz 2065ms (cache miss)
npm http fetch GET 200 https://vltoss.jfrog.io/artifactory/api/npm/benchmark-npm-remote/urlpattern-polyfill/-/urlpattern-polyfill-10.0.0.tgz 2076ms (cache miss)
npm http fetch GET 200 https://vltoss.jfrog.io/artifactory/api/npm/benchmark-npm-remote/release-zalgo/-/release-zalgo-1.0.0.tgz 2072ms (cache miss)
npm http fetch GET 200 https://vltoss.jfrog.io/artifactory/api/npm/benchmark-npm-remote/aggregate-error/-/aggregate-error-3.1.0.tgz 2071ms (cache miss)
npm http fetch GET 200 https://vltoss.jfrog.io/artifactory/api/npm/benchmark-npm-remote/indent-string/-/indent-string-4.0.0.tgz 2071ms (cache miss)
npm http fetch GET 200 https://vltoss.jfrog.io/artifactory/api/npm/benchmark-npm-remote/default-require-extensions/-/default-require-extensions-3.0.1.tgz 2072ms (cache miss)
npm http fetch GET 200 https://vltoss.jfrog.io/artifactory/api/npm/benchmark-npm-remote/memfs/-/memfs-4.80.0.tgz 2117ms (cache miss)
npm http fetch GET 200 https://vltoss.jfrog.io/artifactory/api/npm/benchmark-npm-remote/escodegen/-/escodegen-2.1.0.tgz 2089ms (cache miss)
npm http fetch GET 200 https://vltoss.jfrog.io/artifactory/api/npm/benchmark-npm-remote/netmask/-/netmask-2.1.1.tgz 2088ms (cache miss)
npm http fetch GET 200 https://vltoss.jfrog.io/artifactory/api/npm/benchmark-npm-remote/lodash.flattendeep/-/lodash.flattendeep-4.4.0.tgz 2084ms (cache miss)
npm http fetch GET 200 https://vltoss.jfrog.io/artifactory/api/npm/benchmark-npm-remote/clean-stack/-/clean-stack-2.2.0.tgz 2085ms (cache miss)
npm http fetch GET 200 https://vltoss.jfrog.io/artifactory/api/npm/benchmark-npm-remote/archy/-/archy-1.0.0.tgz 2085ms (cache miss)
npm http fetch GET 200 https://vltoss.jfrog.io/artifactory/api/npm/benchmark-npm-remote/sockjs/-/sockjs-0.3.24.tgz 2118ms (cache miss)
npm http fetch GET 200 https://vltoss.jfrog.io/artifactory/api/npm/benchmark-npm-remote/hasha/-/hasha-5.2.2.tgz 2112ms (cache miss)
npm http fetch GET 200 https://vltoss.jfrog.io/artifactory/api/npm/benchmark-npm-remote/package-hash/-/package-hash-4.0.0.tgz 2112ms (cache miss)
npm http fetch GET 200 https://vltoss.jfrog.io/artifactory/api/npm/benchmark-npm-remote/append-transform/-/append-transform-2.0.0.tgz 2113ms (cache miss)
npm http fetch GET 200 https://vltoss.jfrog.io/artifactory/api/npm/benchmark-npm-remote/websocket-driver/-/websocket-driver-0.7.5.tgz 2158ms (cache miss)
npm http fetch GET 200 https://vltoss.jfrog.io/artifactory/api/npm/benchmark-npm-remote/@peculiar/x509/-/x509-1.14.3.tgz 2154ms (cache miss)
npm http fetch GET 200 https://vltoss.jfrog.io/artifactory/api/npm/benchmark-npm-remote/node-preload/-/node-preload-0.2.1.tgz 2124ms (cache miss)
npm http fetch GET 200 https://vltoss.jfrog.io/artifactory/api/npm/benchmark-npm-remote/process-on-spawn/-/process-on-spawn-1.1.0.tgz 2126ms (cache miss)
npm http fetch GET 200 https://vltoss.jfrog.io/artifactory/api/npm/benchmark-npm-remote/p-map/-/p-map-3.0.0.tgz 2126ms (cache miss)
npm http fetch GET 200 https://vltoss.jfrog.io/artifactory/api/npm/benchmark-npm-remote/smart-buffer/-/smart-buffer-4.2.0.tgz 2147ms (cache miss)
npm http fetch GET 200 https://vltoss.jfrog.io/artifactory/api/npm/benchmark-npm-remote/pac-proxy-agent/-/pac-proxy-agent-7.2.0.tgz 2140ms (cache miss)
npm http fetch GET 200 https://vltoss.jfrog.io/artifactory/api/npm/benchmark-npm-remote/yauzl/-/yauzl-2.10.0.tgz 2140ms (cache miss)
npm http fetch GET 200 https://vltoss.jfrog.io/artifactory/api/npm/benchmark-npm-remote/find-cache-dir/-/find-cache-dir-3.3.2.tgz 2135ms (cache miss)
npm http fetch GET 200 https://vltoss.jfrog.io/artifactory/api/npm/benchmark-npm-remote/decamelize/-/decamelize-1.2.0.tgz 2135ms (cache miss)
npm http fetch GET 200 https://vltoss.jfrog.io/artifactory/api/npm/benchmark-npm-remote/istanbul-lib-hook/-/istanbul-lib-hook-3.0.0.tgz 2162ms (cache miss)
npm http fetch GET 200 https://vltoss.jfrog.io/artifactory/api/npm/benchmark-npm-remote/istanbul-lib-processinfo/-/istanbul-lib-processinfo-2.0.3.tgz 2162ms (cache miss)
npm http fetch GET 200 https://vltoss.jfrog.io/artifactory/api/npm/benchmark-npm-remote/http-proxy/-/http-proxy-1.18.1.tgz 2204ms (cache miss)
npm http fetch GET 200 https://vltoss.jfrog.io/artifactory/api/npm/benchmark-npm-remote/bytestreamjs/-/bytestreamjs-2.0.1.tgz 2222ms (cache miss)
npm http fetch GET 200 https://vltoss.jfrog.io/artifactory/api/npm/benchmark-npm-remote/xvfb/-/xvfb-0.4.0.tgz 2188ms (cache miss)
npm http fetch GET 200 https://vltoss.jfrog.io/artifactory/api/npm/benchmark-npm-remote/caching-transform/-/caching-transform-4.0.0.tgz 2200ms (cache miss)
npm http fetch GET 200 https://vltoss.jfrog.io/artifactory/api/npm/benchmark-npm-remote/@react-dnd/shallowequal/-/shallowequal-2.0.0.tgz 2250ms (cache miss)
npm http fetch GET 200 https://vltoss.jfrog.io/artifactory/api/npm/benchmark-npm-remote/@types/trusted-types/-/trusted-types-2.0.7.tgz 2239ms (cache miss)
npm http fetch GET 200 https://vltoss.jfrog.io/artifactory/api/npm/benchmark-npm-remote/@react-dnd/invariant/-/invariant-2.0.0.tgz 2267ms (cache miss)
npm http fetch GET 200 https://vltoss.jfrog.io/artifactory/api/npm/benchmark-npm-remote/resolve-dir/-/resolve-dir-0.1.1.tgz 2255ms (cache miss)
npm http fetch GET 200 https://vltoss.jfrog.io/artifactory/api/npm/benchmark-npm-remote/find-file-up/-/find-file-up-0.1.3.tgz 2256ms (cache miss)
npm http fetch GET 200 https://vltoss.jfrog.io/artifactory/api/npm/benchmark-npm-remote/dom-serializer/-/dom-serializer-1.4.1.tgz 2285ms (cache miss)
npm http fetch GET 200 https://vltoss.jfrog.io/artifactory/api/npm/benchmark-npm-remote/fs-exists-sync/-/fs-exists-sync-0.1.0.tgz 2269ms (cache miss)
npm http fetch GET 200 https://vltoss.jfrog.io/artifactory/api/npm/benchmark-npm-remote/find-pkg/-/find-pkg-0.1.2.tgz 2269ms (cache miss)
npm http fetch GET 200 https://vltoss.jfrog.io/artifactory/api/npm/benchmark-npm-remote/cwd/-/cwd-0.10.0.tgz 2269ms (cache miss)
npm http fetch GET 200 https://vltoss.jfrog.io/artifactory/api/npm/benchmark-npm-remote/ansi/-/ansi-0.3.1.tgz 2286ms (cache miss)
npm http fetch GET 200 https://vltoss.jfrog.io/artifactory/api/npm/benchmark-npm-remote/degenerator/-/degenerator-5.0.1.tgz 2305ms (cache miss)
npm http fetch GET 200 https://vltoss.jfrog.io/artifactory/api/npm/benchmark-npm-remote/spawnd/-/spawnd-10.1.4.tgz 2296ms (cache miss)
npm http fetch GET 200 https://vltoss.jfrog.io/artifactory/api/npm/benchmark-npm-remote/data-uri-to-buffer/-/data-uri-to-buffer-6.0.2.tgz 2320ms (cache miss)
npm http fetch GET 200 https://vltoss.jfrog.io/artifactory/api/npm/benchmark-npm-remote/jest-dev-server/-/jest-dev-server-10.1.4.tgz 2308ms (cache miss)
npm http fetch GET 200 https://vltoss.jfrog.io/artifactory/api/npm/benchmark-npm-remote/qs/-/qs-6.16.0.tgz 2356ms (cache miss)
npm http fetch GET 200 https://vltoss.jfrog.io/artifactory/api/npm/benchmark-npm-remote/dot-case/-/dot-case-3.0.4.tgz 2333ms (cache miss)
npm http fetch GET 200 https://vltoss.jfrog.io/artifactory/api/npm/benchmark-npm-remote/glur/-/glur-1.1.2.tgz 2324ms (cache miss)
npm http fetch GET 200 https://vltoss.jfrog.io/artifactory/api/npm/benchmark-npm-remote/get-stdin/-/get-stdin-5.0.1.tgz 2324ms (cache miss)
npm http fetch GET 200 https://vltoss.jfrog.io/artifactory/api/npm/benchmark-npm-remote/no-case/-/no-case-3.0.4.tgz 2343ms (cache miss)
npm http fetch GET 200 https://vltoss.jfrog.io/artifactory/api/npm/benchmark-npm-remote/emojis-list/-/emojis-list-3.0.0.tgz 2339ms (cache miss)
npm http fetch GET 200 https://vltoss.jfrog.io/artifactory/api/npm/benchmark-npm-remote/lower-case/-/lower-case-2.0.2.tgz 2355ms (cache miss)
npm http fetch GET 200 https://vltoss.jfrog.io/artifactory/api/npm/benchmark-npm-remote/jest-environment-puppeteer/-/jest-environment-puppeteer-10.1.4.tgz 2347ms (cache miss)
npm http fetch GET 200 https://vltoss.jfrog.io/artifactory/api/npm/benchmark-npm-remote/pixelmatch/-/pixelmatch-5.3.0.tgz 2347ms (cache miss)
npm http fetch GET 200 https://vltoss.jfrog.io/artifactory/api/npm/benchmark-npm-remote/dir-glob/-/dir-glob-3.0.1.tgz 2341ms (cache miss)
npm http fetch GET 200 https://vltoss.jfrog.io/artifactory/api/npm/benchmark-npm-remote/@types/html-minifier-terser/-/html-minifier-terser-6.1.0.tgz 2354ms (cache miss)
npm http fetch GET 200 https://vltoss.jfrog.io/artifactory/api/npm/benchmark-npm-remote/@jsonjoy.com/base64/-/base64-1.1.2.tgz 2417ms (cache miss)
npm http fetch GET 200 https://vltoss.jfrog.io/artifactory/api/npm/benchmark-npm-remote/big.js/-/big.js-5.2.2.tgz 2377ms (cache miss)
npm http fetch GET 200 https://vltoss.jfrog.io/artifactory/api/npm/benchmark-npm-remote/expect-puppeteer/-/expect-puppeteer-10.1.4.tgz 2374ms (cache miss)
npm http fetch GET 200 https://vltoss.jfrog.io/artifactory/api/npm/benchmark-npm-remote/stackframe/-/stackframe-1.3.4.tgz 2381ms (cache miss)
npm http fetch GET 200 https://vltoss.jfrog.io/artifactory/api/npm/benchmark-npm-remote/path-type/-/path-type-4.0.0.tgz 2381ms (cache miss)
npm http fetch GET 200 https://vltoss.jfrog.io/artifactory/api/npm/benchmark-npm-remote/postcss-modules-values/-/postcss-modules-values-4.0.0.tgz 2396ms (cache miss)
npm http fetch GET 200 https://vltoss.jfrog.io/artifactory/api/npm/benchmark-npm-remote/postcss-modules-extract-imports/-/postcss-modules-extract-imports-3.1.0.tgz 2396ms (cache miss)
npm http fetch GET 200 https://vltoss.jfrog.io/artifactory/api/npm/benchmark-npm-remote/is-running/-/is-running-2.1.0.tgz 2396ms (cache miss)
npm http fetch GET 200 https://vltoss.jfrog.io/artifactory/api/npm/benchmark-npm-remote/thingies/-/thingies-2.6.1.tgz 2462ms (cache miss)
npm http fetch GET 200 https://vltoss.jfrog.io/artifactory/api/npm/benchmark-npm-remote/util.promisify/-/util.promisify-1.1.3.tgz 2422ms (cache miss)
npm http fetch GET 200 https://vltoss.jfrog.io/artifactory/api/npm/benchmark-npm-remote/@types/prop-types/-/prop-types-15.7.15.tgz 2409ms (cache miss)
npm http fetch GET 200 https://vltoss.jfrog.io/artifactory/api/npm/benchmark-npm-remote/unbzip2-stream/-/unbzip2-stream-1.4.3.tgz 2444ms (cache miss)
npm http fetch GET 200 https://vltoss.jfrog.io/artifactory/api/npm/benchmark-npm-remote/wait-on/-/wait-on-8.0.5.tgz 2435ms (cache miss)
npm http fetch GET 200 https://vltoss.jfrog.io/artifactory/api/npm/benchmark-npm-remote/postcss-modules-scope/-/postcss-modules-scope-3.2.1.tgz 2426ms (cache miss)
npm http fetch GET 200 https://vltoss.jfrog.io/artifactory/api/npm/benchmark-npm-remote/lodash.debounce/-/lodash.debounce-4.0.8.tgz 2425ms (cache miss)
npm http fetch GET 200 https://vltoss.jfrog.io/artifactory/api/npm/benchmark-npm-remote/node-gyp-build/-/node-gyp-build-4.8.4.tgz 2426ms (cache miss)
npm http fetch GET 200 https://vltoss.jfrog.io/artifactory/api/npm/benchmark-npm-remote/icss-utils/-/icss-utils-5.1.0.tgz 2426ms (cache miss)
npm http fetch GET 200 https://vltoss.jfrog.io/artifactory/api/npm/benchmark-npm-remote/postcss-modules-local-by-default/-/postcss-modules-local-by-default-4.2.0.tgz 2439ms (cache miss)
npm http fetch GET 200 https://vltoss.jfrog.io/artifactory/api/npm/benchmark-npm-remote/globby/-/globby-13.2.2.tgz 2438ms (cache miss)
npm http fetch GET 200 https://vltoss.jfrog.io/artifactory/api/npm/benchmark-npm-remote/@types/pixelmatch/-/pixelmatch-5.2.6.tgz 2438ms (cache miss)
npm http fetch GET 200 https://vltoss.jfrog.io/artifactory/api/npm/benchmark-npm-remote/@types/filewriter/-/filewriter-0.0.33.tgz 2451ms (cache miss)
npm http fetch GET 200 https://vltoss.jfrog.io/artifactory/api/npm/benchmark-npm-remote/@types/filesystem/-/filesystem-0.0.36.tgz 2469ms (cache miss)
npm http fetch GET 200 https://vltoss.jfrog.io/artifactory/api/npm/benchmark-npm-remote/@svgr/babel-plugin-transform-react-native-svg/-/babel-plugin-transform-react-native-svg-7.0.0.tgz 2468ms (cache miss)
npm http fetch GET 200 https://vltoss.jfrog.io/artifactory/api/npm/benchmark-npm-remote/@svgr/babel-plugin-svg-em-dimensions/-/babel-plugin-svg-em-dimensions-7.0.0.tgz 2469ms (cache miss)
npm http fetch GET 200 https://vltoss.jfrog.io/artifactory/api/npm/benchmark-npm-remote/@svgr/babel-plugin-remove-jsx-empty-expression/-/babel-plugin-remove-jsx-empty-expression-7.0.0.tgz 2468ms (cache miss)
npm http fetch GET 200 https://vltoss.jfrog.io/artifactory/api/npm/benchmark-npm-remote/@types/har-format/-/har-format-1.2.16.tgz 2518ms (cache miss)
npm http fetch GET 200 https://vltoss.jfrog.io/artifactory/api/npm/benchmark-npm-remote/@svgr/babel-plugin-add-jsx-attribute/-/babel-plugin-add-jsx-attribute-7.0.0.tgz 2516ms (cache miss)
npm http fetch GET 200 https://vltoss.jfrog.io/artifactory/api/npm/benchmark-npm-remote/@svgr/babel-plugin-replace-jsx-attribute-value/-/babel-plugin-replace-jsx-attribute-value-7.0.0.tgz 2518ms (cache miss)
npm http fetch GET 200 https://vltoss.jfrog.io/artifactory/api/npm/benchmark-npm-remote/@svgr/babel-plugin-svg-dynamic-title/-/babel-plugin-svg-dynamic-title-7.0.0.tgz 2521ms (cache miss)
npm http fetch GET 200 https://vltoss.jfrog.io/artifactory/api/npm/benchmark-npm-remote/@svgr/babel-plugin-remove-jsx-attribute/-/babel-plugin-remove-jsx-attribute-7.0.0.tgz 2522ms (cache miss)
npm http fetch GET 200 https://vltoss.jfrog.io/artifactory/api/npm/benchmark-npm-remote/@svgr/babel-preset/-/babel-preset-7.0.0.tgz 2563ms (cache miss)
npm http fetch GET 200 https://vltoss.jfrog.io/artifactory/api/npm/benchmark-npm-remote/@babel/plugin-transform-react-jsx-development/-/plugin-transform-react-jsx-development-7.29.7.tgz 2564ms (cache miss)
npm http fetch GET 200 https://vltoss.jfrog.io/artifactory/api/npm/benchmark-npm-remote/express/-/express-4.22.3.tgz 2619ms (cache miss)
npm http fetch GET 200 https://vltoss.jfrog.io/artifactory/api/npm/benchmark-npm-remote/@babel/plugin-transform-react-display-name/-/plugin-transform-react-display-name-7.29.7.tgz 2581ms (cache miss)
npm http fetch GET 200 https://vltoss.jfrog.io/artifactory/api/npm/benchmark-npm-remote/@babel/helper-optimise-call-expression/-/helper-optimise-call-expression-7.29.7.tgz 2581ms (cache miss)
npm http fetch GET 200 https://vltoss.jfrog.io/artifactory/api/npm/benchmark-npm-remote/nanoid/-/nanoid-3.3.19.tgz 2617ms (cache miss)
npm http fetch GET 200 https://vltoss.jfrog.io/artifactory/api/npm/benchmark-npm-remote/svg-parser/-/svg-parser-2.1.0.tgz 2598ms (cache miss)
npm http fetch GET 200 https://vltoss.jfrog.io/artifactory/api/npm/benchmark-npm-remote/@babel/plugin-transform-react-pure-annotations/-/plugin-transform-react-pure-annotations-7.29.7.tgz 2597ms (cache miss)
npm http fetch GET 200 https://jfrog-prod-use2-shared-ohio-main.s3.amazonaws.com/aol-a0eigilwc24ii/filestore/59/59668d323ada92228d2a869d3e474d5a33b69e6b?response-content-disposition=attachment%3Bfilename%3D%22hyperdyperid-1.2.0.tgz%22&response-content-type=application%2Fx-gzip&X-Artifactory-username=darcy%40vlt.sh&X-Artifactory-repoType=local&X-Artifactory-repositoryKey=benchmark-npm-remote-cache&X-Artifactory-originPackageType=npm&X-Artifactory-packageType=npm&X-Artifactory-artifactPath=hyperdyperid%2F-%2Fhyperdyperid-1.2.0.tgz&X-Artifactory-originProjectKey=benchmark&X-Artifactory-projectKey=benchmark&X-Artifactory-originRepoType=remote&X-Artifactory-originRepositoryKey=benchmark-npm-remote&x-jf-traceId=f5138f28a1a7369b65b629a218b8b37d&X-Amz-Security-Token=IQoJb3JpZ2luX2VjEKT%2F%2F%2F%2F%2F%2F%2F%2F%2F%2FwEaCXVzLWVhc3QtMiJGMEQCIGE05Nq07AoTr5hDsK%2Fz9lwEUN5HM86m%2BfGPbXQZ%2FdtCAiBQ3WNO7Py4EfCz88%2FeERFKKmb7UZEFCZqnchqYH%2BYuXyqSBQhtEAAaDDcyMTg4MjYxMzAzNyIMzzm3ajtO0WT7d9hxKu8EJU%2F3xYhBBgyfL1OAyamecU1X0jbcp0RFRmbFCPK6b6eD0b5PFFjEfdD8p2cGWog5gQV9Kjt8mGbno8V9mGEdwsCam5Bbm%2FBDkKc3DzTA8%2BSnMhG%2FwVTG3cA%2BpAKXKQ8TtnY7f2EWpE%2BSko0xe1FZV0H%2FY%2FVa0EGrces6gNWg4i%2FU3ui2hWlsWfnR9Bv7se7e0ZbPO8UGGNDhQkrc1x0g%2BbUYiRIfCpVul6bwyUTqx6jGJjpe%2Bl1sDZ6YVtBp5vVLV0G428zg6IhQf1%2F7311mz9n6YqiugFZK5fGBX4Xg9YY2e25tLsXYol55bdHgA9C5Cp9iGR%2BptiHCyfiPtk56HHQKqiiLlRiQU7M8eEjJprOQ7geXQAQLluWYyUiavmlhcuJa3pIzH0YL89I44H4jPfzA5e9O7mwZRn6zzpv8jN1RFX4hh0wEtgDxV9f4VU8OTXQEhtEnPMhnwMJKIHLHg7iwN%2Fc1lTY%2BaX4dlqhMtzS%2F6TOR8oca6f33A487nGSOGEHgwTFcvaQwRSd8GEmCzHHVMR7IiKGXzfjLChYJGtnYASJWrh3sOuFDp7cpfqS95qnaCE9NfTvgz2upgtyitiIifnCLk4JanJzzKN2DFkQLyDusSU1hCoxwXf6CAm8rIdbF23HkJI96fBTS3q%2FJ4tONCPjgh7IpU0kaCFHgdXyCoggFYeYn874G9QXZdKdzKo5kNZndVrPkAgjUiPhj5xOqRSk5%2BiUsw%2Fs6basSUOKYRBNURpIYOKjMKG5vkxAXFTZ1C%2Bzh6S7ARVzg845WjzH9nj3dL9TNwRScEhl8ogAsB6%2BJPR%2Fas05DTUC%2F7Nww%2Btb11QY6mgFuIXjUuJ1WiwOBL9NuEk6J3Raj8HIzuVWCggs4ILK0u0BDsDuUVlMwkNOHbsn4yLOBiD15bDxxi15B6oIbihBOqb0XjdnJtW6oYPTP%2FgSxD%2F3o7HYpkZJCBR7YmsIaaSJvBjG5m%2FUsJpbdBj%2BkC9lzNLqjIC37ZnVhmQ28RRyt5Fi%2FOsECLLOIc13O6Nk7NXpxGz3sA9MbSK7g&X-Amz-Algorithm=AWS4-HMAC-SHA256&X-Amz-Date=20260930T200514Z&X-Amz-SignedHeaders=host&X-Amz-Credential=ASIA2QE4OQUW7N476K6D%2F20260930%2Fus-east-2%2Fs3%2Faws4_request&X-Amz-Expires=30&X-Amz-Signature=b33030c13dcd1afe752cd29cb75d9652f9346df270c61ce2559ad9c37efff811 2672ms (cache miss)
npm http fetch GET 200 https://vltoss.jfrog.io/artifactory/api/npm/benchmark-npm-remote/@svgr/babel-plugin-transform-svg-component/-/babel-plugin-transform-svg-component-7.0.0.tgz 2616ms (cache miss)
npm http fetch GET 200 https://vltoss.jfrog.io/artifactory/api/npm/benchmark-npm-remote/@babel/helper-skip-transparent-expression-wrappers/-/helper-skip-transparent-expression-wrappers-7.29.7.tgz 2613ms (cache miss)
npm http fetch GET 200 https://vltoss.jfrog.io/artifactory/api/npm/benchmark-npm-remote/@babel/helper-annotate-as-pure/-/helper-annotate-as-pure-7.29.7.tgz 2613ms (cache miss)
npm http fetch GET 200 https://vltoss.jfrog.io/artifactory/api/npm/benchmark-npm-remote/@babel/helper-remap-async-to-generator/-/helper-remap-async-to-generator-7.29.7.tgz 2628ms (cache miss)
npm http fetch GET 200 https://vltoss.jfrog.io/artifactory/api/npm/benchmark-npm-remote/@babel/plugin-transform-unicode-regex/-/plugin-transform-unicode-regex-7.29.7.tgz 2627ms (cache miss)
npm http fetch GET 200 https://vltoss.jfrog.io/artifactory/api/npm/benchmark-npm-remote/@babel/plugin-transform-unicode-sets-regex/-/plugin-transform-unicode-sets-regex-7.29.7.tgz 2626ms (cache miss)
npm http fetch GET 200 https://vltoss.jfrog.io/artifactory/api/npm/benchmark-npm-remote/@babel/helper-wrap-function/-/helper-wrap-function-7.29.7.tgz 2645ms (cache miss)
npm http fetch GET 200 https://vltoss.jfrog.io/artifactory/api/npm/benchmark-npm-remote/babel-plugin-polyfill-regenerator/-/babel-plugin-polyfill-regenerator-0.6.8.tgz 2644ms (cache miss)
npm http fetch GET 200 https://vltoss.jfrog.io/artifactory/api/npm/benchmark-npm-remote/find-process/-/find-process-1.4.11.tgz 2673ms (cache miss)
npm http fetch GET 200 https://vltoss.jfrog.io/artifactory/api/npm/benchmark-npm-remote/@babel/plugin-transform-unicode-property-regex/-/plugin-transform-unicode-property-regex-7.29.7.tgz 2657ms (cache miss)
npm http fetch GET 200 https://vltoss.jfrog.io/artifactory/api/npm/benchmark-npm-remote/@babel/plugin-transform-reserved-words/-/plugin-transform-reserved-words-7.29.7.tgz 2657ms (cache miss)
npm http fetch GET 200 https://vltoss.jfrog.io/artifactory/api/npm/benchmark-npm-remote/postcss-value-parser/-/postcss-value-parser-4.2.0.tgz 2681ms (cache miss)
npm http fetch GET 200 https://vltoss.jfrog.io/artifactory/api/npm/benchmark-npm-remote/@babel/plugin-transform-sticky-regex/-/plugin-transform-sticky-regex-7.29.7.tgz 2672ms (cache miss)
npm http fetch GET 200 https://vltoss.jfrog.io/artifactory/api/npm/benchmark-npm-remote/param-case/-/param-case-3.0.4.tgz 2705ms (cache miss)
npm http fetch GET 200 https://vltoss.jfrog.io/artifactory/api/npm/benchmark-npm-remote/@babel/plugin-transform-typeof-symbol/-/plugin-transform-typeof-symbol-7.29.7.tgz 2690ms (cache miss)
npm http fetch GET 200 https://vltoss.jfrog.io/artifactory/api/npm/benchmark-npm-remote/@babel/plugin-transform-private-methods/-/plugin-transform-private-methods-7.29.7.tgz 2688ms (cache miss)
npm http fetch GET 200 https://vltoss.jfrog.io/artifactory/api/npm/benchmark-npm-remote/@babel/plugin-transform-property-literals/-/plugin-transform-property-literals-7.29.7.tgz 2689ms (cache miss)
npm http fetch GET 200 https://vltoss.jfrog.io/artifactory/api/npm/benchmark-npm-remote/@babel/plugin-transform-regexp-modifiers/-/plugin-transform-regexp-modifiers-7.29.7.tgz 2690ms (cache miss)
npm http fetch GET 200 https://vltoss.jfrog.io/artifactory/api/npm/benchmark-npm-remote/pascal-case/-/pascal-case-3.1.2.tgz 2720ms (cache miss)
npm http fetch GET 200 https://vltoss.jfrog.io/artifactory/api/npm/benchmark-npm-remote/@babel/plugin-transform-template-literals/-/plugin-transform-template-literals-7.29.7.tgz 2706ms (cache miss)
npm http fetch GET 200 https://vltoss.jfrog.io/artifactory/api/npm/benchmark-npm-remote/@babel/plugin-transform-shorthand-properties/-/plugin-transform-shorthand-properties-7.29.7.tgz 2705ms (cache miss)
npm http fetch GET 200 https://vltoss.jfrog.io/artifactory/api/npm/benchmark-npm-remote/camel-case/-/camel-case-4.1.2.tgz 2736ms (cache miss)
npm http fetch GET 200 https://vltoss.jfrog.io/artifactory/api/npm/benchmark-npm-remote/@babel/helper-replace-supers/-/helper-replace-supers-7.29.7.tgz 2724ms (cache miss)
npm http fetch GET 200 https://vltoss.jfrog.io/artifactory/api/npm/benchmark-npm-remote/@babel/plugin-transform-spread/-/plugin-transform-spread-7.29.8.tgz 2835ms (cache miss)
npm http fetch GET 200 https://vltoss.jfrog.io/artifactory/api/npm/benchmark-npm-remote/@babel/plugin-transform-unicode-escapes/-/plugin-transform-unicode-escapes-7.29.7.tgz 2836ms (cache miss)
npm http fetch GET 200 https://vltoss.jfrog.io/artifactory/api/npm/benchmark-npm-remote/@babel/plugin-transform-private-property-in-object/-/plugin-transform-private-property-in-object-7.29.7.tgz 2851ms (cache miss)
npm http fetch GET 200 https://vltoss.jfrog.io/artifactory/api/npm/benchmark-npm-remote/@babel/plugin-transform-object-super/-/plugin-transform-object-super-7.29.7.tgz 2851ms (cache miss)
npm http fetch GET 200 https://vltoss.jfrog.io/artifactory/api/npm/benchmark-npm-remote/@babel/plugin-transform-optional-catch-binding/-/plugin-transform-optional-catch-binding-7.29.7.tgz 2851ms (cache miss)
npm http fetch GET 200 https://vltoss.jfrog.io/artifactory/api/npm/benchmark-npm-remote/@hapi/tlds/-/tlds-1.1.7.tgz 2915ms (cache miss)
npm http fetch GET 200 https://vltoss.jfrog.io/artifactory/api/npm/benchmark-npm-remote/domutils/-/domutils-2.8.0.tgz 2910ms (cache miss)
npm http fetch GET 200 https://vltoss.jfrog.io/artifactory/api/npm/benchmark-npm-remote/@babel/plugin-transform-nullish-coalescing-operator/-/plugin-transform-nullish-coalescing-operator-7.29.7.tgz 2876ms (cache miss)
npm http fetch GET 200 https://vltoss.jfrog.io/artifactory/api/npm/benchmark-npm-remote/he/-/he-1.2.0.tgz 2906ms (cache miss)
npm http fetch GET 200 https://vltoss.jfrog.io/artifactory/api/npm/benchmark-npm-remote/@svgr/hast-util-to-babel-ast/-/hast-util-to-babel-ast-7.0.0.tgz 2896ms (cache miss)
npm http fetch GET 200 https://vltoss.jfrog.io/artifactory/api/npm/benchmark-npm-remote/@babel/plugin-transform-new-target/-/plugin-transform-new-target-7.29.7.tgz 2888ms (cache miss)
npm http fetch GET 200 https://vltoss.jfrog.io/artifactory/api/npm/benchmark-npm-remote/@babel/plugin-transform-numeric-separator/-/plugin-transform-numeric-separator-7.29.7.tgz 2888ms (cache miss)
npm http fetch GET 200 https://vltoss.jfrog.io/artifactory/api/npm/benchmark-npm-remote/@babel/plugin-transform-member-expression-literals/-/plugin-transform-member-expression-literals-7.29.7.tgz 2887ms (cache miss)
npm http fetch GET 200 https://vltoss.jfrog.io/artifactory/api/npm/benchmark-npm-remote/@babel/helper-member-expression-to-functions/-/helper-member-expression-to-functions-7.29.7.tgz 2910ms (cache miss)
npm http fetch GET 200 https://vltoss.jfrog.io/artifactory/api/npm/benchmark-npm-remote/@babel/plugin-transform-named-capturing-groups-regex/-/plugin-transform-named-capturing-groups-regex-7.29.7.tgz 2905ms (cache miss)
npm http fetch GET 200 https://vltoss.jfrog.io/artifactory/api/npm/benchmark-npm-remote/@babel/plugin-transform-logical-assignment-operators/-/plugin-transform-logical-assignment-operators-7.29.7.tgz 2904ms (cache miss)
npm http fetch GET 200 https://vltoss.jfrog.io/artifactory/api/npm/benchmark-npm-remote/@babel/plugin-transform-literals/-/plugin-transform-literals-7.29.7.tgz 2903ms (cache miss)
npm http fetch GET 200 https://vltoss.jfrog.io/artifactory/api/npm/benchmark-npm-remote/@babel/plugin-transform-json-strings/-/plugin-transform-json-strings-7.29.7.tgz 2905ms (cache miss)
npm http fetch GET 200 https://vltoss.jfrog.io/artifactory/api/npm/benchmark-npm-remote/@babel/plugin-transform-function-name/-/plugin-transform-function-name-7.29.7.tgz 2904ms (cache miss)
npm http fetch GET 200 https://vltoss.jfrog.io/artifactory/api/npm/benchmark-npm-remote/loglevel/-/loglevel-1.9.2.tgz 2947ms (cache miss)
npm http fetch GET 200 https://vltoss.jfrog.io/artifactory/api/npm/benchmark-npm-remote/@babel/plugin-transform-modules-amd/-/plugin-transform-modules-amd-7.29.7.tgz 2924ms (cache miss)
npm http fetch GET 200 https://vltoss.jfrog.io/artifactory/api/npm/benchmark-npm-remote/@babel/plugin-transform-export-namespace-from/-/plugin-transform-export-namespace-from-7.29.7.tgz 2937ms (cache miss)
npm http fetch GET 200 https://vltoss.jfrog.io/artifactory/api/npm/benchmark-npm-remote/@babel/plugin-transform-duplicate-named-capturing-groups-regex/-/plugin-transform-duplicate-named-capturing-groups-regex-7.29.7.tgz 2936ms (cache miss)
npm http fetch GET 200 https://vltoss.jfrog.io/artifactory/api/npm/benchmark-npm-remote/@babel/plugin-transform-dynamic-import/-/plugin-transform-dynamic-import-7.29.7.tgz 2937ms (cache miss)
npm http fetch GET 200 https://vltoss.jfrog.io/artifactory/api/npm/benchmark-npm-remote/@babel/plugin-transform-modules-umd/-/plugin-transform-modules-umd-7.29.7.tgz 2953ms (cache miss)
npm http fetch GET 200 https://vltoss.jfrog.io/artifactory/api/npm/benchmark-npm-remote/@babel/plugin-transform-exponentiation-operator/-/plugin-transform-exponentiation-operator-7.29.7.tgz 2951ms (cache miss)
npm http fetch GET 200 https://vltoss.jfrog.io/artifactory/api/npm/benchmark-npm-remote/@babel/plugin-transform-duplicate-keys/-/plugin-transform-duplicate-keys-7.29.7.tgz 2951ms (cache miss)
npm http fetch GET 200 https://vltoss.jfrog.io/artifactory/api/npm/benchmark-npm-remote/@babel/plugin-transform-dotall-regex/-/plugin-transform-dotall-regex-7.29.7.tgz 2952ms (cache miss)
npm http fetch GET 200 https://vltoss.jfrog.io/artifactory/api/npm/benchmark-npm-remote/@babel/plugin-transform-react-jsx/-/plugin-transform-react-jsx-7.29.7.tgz 2974ms (cache miss)
npm http fetch GET 200 https://vltoss.jfrog.io/artifactory/api/npm/benchmark-npm-remote/@babel/plugin-transform-block-scoped-functions/-/plugin-transform-block-scoped-functions-7.29.7.tgz 2963ms (cache miss)
npm http fetch GET 200 https://vltoss.jfrog.io/artifactory/api/npm/benchmark-npm-remote/spawn-wrap/-/spawn-wrap-2.0.0.tgz 3013ms (cache miss)
npm http fetch GET 200 https://vltoss.jfrog.io/artifactory/api/npm/benchmark-npm-remote/@babel/plugin-transform-optional-chaining/-/plugin-transform-optional-chaining-7.29.7.tgz 2989ms (cache miss)
npm http fetch GET 200 https://vltoss.jfrog.io/artifactory/api/npm/benchmark-npm-remote/@babel/plugin-transform-arrow-functions/-/plugin-transform-arrow-functions-7.29.7.tgz 2984ms (cache miss)
npm http fetch GET 200 https://vltoss.jfrog.io/artifactory/api/npm/benchmark-npm-remote/@babel/plugin-transform-class-properties/-/plugin-transform-class-properties-7.29.7.tgz 2985ms (cache miss)
npm http fetch GET 200 https://vltoss.jfrog.io/artifactory/api/npm/benchmark-npm-remote/@babel/plugin-syntax-unicode-sets-regex/-/plugin-syntax-unicode-sets-regex-7.18.6.tgz 2984ms (cache miss)
npm http fetch GET 200 https://vltoss.jfrog.io/artifactory/api/npm/benchmark-npm-remote/@babel/plugin-transform-computed-properties/-/plugin-transform-computed-properties-7.29.7.tgz 3005ms (cache miss)
npm http fetch GET 200 https://vltoss.jfrog.io/artifactory/api/npm/benchmark-npm-remote/@babel/plugin-transform-async-to-generator/-/plugin-transform-async-to-generator-7.29.7.tgz 3005ms (cache miss)
npm http fetch GET 200 https://vltoss.jfrog.io/artifactory/api/npm/benchmark-npm-remote/@babel/plugin-syntax-import-assertions/-/plugin-syntax-import-assertions-7.29.7.tgz 3004ms (cache miss)
npm http fetch GET 200 https://vltoss.jfrog.io/artifactory/api/npm/benchmark-npm-remote/html-minifier-terser/-/html-minifier-terser-6.1.0.tgz 3041ms (cache miss)
npm http fetch GET 200 https://vltoss.jfrog.io/artifactory/api/npm/benchmark-npm-remote/@babel/helper-create-regexp-features-plugin/-/helper-create-regexp-features-plugin-7.29.7.tgz 3033ms (cache miss)
npm http fetch GET 200 https://vltoss.jfrog.io/artifactory/api/npm/benchmark-npm-remote/@babel/plugin-transform-async-generator-functions/-/plugin-transform-async-generator-functions-7.29.7.tgz 3040ms (cache miss)
npm http fetch GET 200 https://vltoss.jfrog.io/artifactory/api/npm/benchmark-npm-remote/@babel/plugin-bugfix-v8-spread-parameters-in-optional-chaining/-/plugin-bugfix-v8-spread-parameters-in-optional-chaining-7.29.7.tgz 3039ms (cache miss)
npm http fetch GET 200 https://vltoss.jfrog.io/artifactory/api/npm/benchmark-npm-remote/@babel/plugin-proposal-private-property-in-object/-/plugin-proposal-private-property-in-object-7.21.0-placeholder-for-preset-env.2.tgz 3040ms (cache miss)
npm http fetch GET 200 https://vltoss.jfrog.io/artifactory/api/npm/benchmark-npm-remote/@babel/plugin-bugfix-safari-id-destructuring-collision-in-function-expression/-/plugin-bugfix-safari-id-destructuring-collision-in-function-expression-7.29.7.tgz 3039ms (cache miss)
npm http fetch GET 200 https://vltoss.jfrog.io/artifactory/api/npm/benchmark-npm-remote/@babel/plugin-bugfix-safari-rest-destructuring-rhs-array/-/plugin-bugfix-safari-rest-destructuring-rhs-array-7.29.7.tgz 3040ms (cache miss)
npm http fetch GET 200 https://vltoss.jfrog.io/artifactory/api/npm/benchmark-npm-remote/is-module/-/is-module-1.0.0.tgz 3038ms (cache miss)
npm http fetch GET 200 https://vltoss.jfrog.io/artifactory/api/npm/benchmark-npm-remote/htmlparser2/-/htmlparser2-6.1.0.tgz 3096ms (cache miss)
npm http fetch GET 200 https://vltoss.jfrog.io/artifactory/api/npm/benchmark-npm-remote/@babel/plugin-bugfix-safari-class-field-initializer-scope/-/plugin-bugfix-safari-class-field-initializer-scope-7.29.7.tgz 3054ms (cache miss)
npm http fetch GET 200 https://vltoss.jfrog.io/artifactory/api/npm/benchmark-npm-remote/@svgr/plugin-jsx/-/plugin-jsx-7.0.0.tgz 3054ms (cache miss)
npm http fetch GET 200 https://vltoss.jfrog.io/artifactory/api/npm/benchmark-npm-remote/@babel/plugin-bugfix-firefox-class-in-computed-class-key/-/plugin-bugfix-firefox-class-in-computed-class-key-7.29.7.tgz 3054ms (cache miss)
npm http fetch GET 200 https://vltoss.jfrog.io/artifactory/api/npm/benchmark-npm-remote/@svgr/plugin-svgo/-/plugin-svgo-7.0.0.tgz 3055ms (cache miss)
npm http fetch GET 200 https://vltoss.jfrog.io/artifactory/api/npm/benchmark-npm-remote/@babel/preset-react/-/preset-react-7.29.7.tgz 3054ms (cache miss)
npm http fetch GET 200 https://vltoss.jfrog.io/artifactory/api/npm/benchmark-npm-remote/is-reference/-/is-reference-1.2.1.tgz 3053ms (cache miss)
npm http fetch GET 200 https://vltoss.jfrog.io/artifactory/api/npm/benchmark-npm-remote/@types/resolve/-/resolve-1.20.2.tgz 3054ms (cache miss)
npm http fetch GET 200 https://vltoss.jfrog.io/artifactory/api/npm/benchmark-npm-remote/babar/-/babar-0.2.3.tgz 3103ms (cache miss)
npm http fetch GET 200 https://vltoss.jfrog.io/artifactory/api/npm/benchmark-npm-remote/@babel/plugin-transform-explicit-resource-management/-/plugin-transform-explicit-resource-management-7.29.7.tgz 3077ms (cache miss)
npm http fetch GET 200 https://vltoss.jfrog.io/artifactory/api/npm/benchmark-npm-remote/@svgr/core/-/core-7.0.0.tgz 3087ms (cache miss)
npm http fetch GET 200 https://vltoss.jfrog.io/artifactory/api/npm/benchmark-npm-remote/@babel/preset-typescript/-/preset-typescript-7.29.7.tgz 3087ms (cache miss)
npm http fetch GET 200 https://vltoss.jfrog.io/artifactory/api/npm/benchmark-npm-remote/http-proxy-middleware/-/http-proxy-middleware-2.0.10.tgz 3156ms (cache miss)
npm http fetch GET 200 https://vltoss.jfrog.io/artifactory/api/npm/benchmark-npm-remote/@babel/plugin-transform-react-constant-elements/-/plugin-transform-react-constant-elements-7.29.7.tgz 3103ms (cache miss)
npm http fetch GET 200 https://vltoss.jfrog.io/artifactory/api/npm/benchmark-npm-remote/serialize-javascript/-/serialize-javascript-6.0.2.tgz 3102ms (cache miss)
npm http fetch GET 200 https://vltoss.jfrog.io/artifactory/api/npm/benchmark-npm-remote/pretty-error/-/pretty-error-4.0.0.tgz 3144ms (cache miss)
npm http fetch GET 200 https://vltoss.jfrog.io/artifactory/api/npm/benchmark-npm-remote/@babel/plugin-transform-for-of/-/plugin-transform-for-of-7.29.7.tgz 3124ms (cache miss)
npm http fetch GET 200 https://vltoss.jfrog.io/artifactory/api/npm/benchmark-npm-remote/source-map-js/-/source-map-js-1.2.2.tgz 3169ms (cache miss)
npm http fetch GET 200 https://vltoss.jfrog.io/artifactory/api/npm/benchmark-npm-remote/@babel/plugin-transform-class-static-block/-/plugin-transform-class-static-block-7.29.7.tgz 3136ms (cache miss)
npm http fetch GET 200 https://vltoss.jfrog.io/artifactory/api/npm/benchmark-npm-remote/colors/-/colors-1.4.0.tgz 3180ms (cache miss)
npm http fetch GET 200 https://vltoss.jfrog.io/artifactory/api/npm/benchmark-npm-remote/@babel/plugin-bugfix-v8-static-class-fields-redefine-readonly/-/plugin-bugfix-v8-static-class-fields-redefine-readonly-7.29.7.tgz 3149ms (cache miss)
npm http fetch GET 200 https://vltoss.jfrog.io/artifactory/api/npm/benchmark-npm-remote/anser/-/anser-2.3.5.tgz 3146ms (cache miss)
npm http fetch GET 200 https://vltoss.jfrog.io/artifactory/api/npm/benchmark-npm-remote/@peculiar/asn1-rsa/-/asn1-rsa-2.10.0.tgz 3228ms (cache miss)
npm http fetch GET 200 https://vltoss.jfrog.io/artifactory/api/npm/benchmark-npm-remote/@babel/plugin-transform-modules-systemjs/-/plugin-transform-modules-systemjs-7.29.8.tgz 3169ms (cache miss)
npm http fetch GET 200 https://vltoss.jfrog.io/artifactory/api/npm/benchmark-npm-remote/@babel/plugin-transform-object-rest-spread/-/plugin-transform-object-rest-spread-7.29.7.tgz 3170ms (cache miss)
npm http fetch GET 200 https://vltoss.jfrog.io/artifactory/api/npm/benchmark-npm-remote/babel-plugin-polyfill-corejs2/-/babel-plugin-polyfill-corejs2-0.4.17.tgz 3189ms (cache miss)
npm http fetch GET 200 https://vltoss.jfrog.io/artifactory/api/npm/benchmark-npm-remote/@jsonjoy.com/fs-core/-/fs-core-4.80.0.tgz 3263ms (cache miss)
npm http fetch GET 200 https://vltoss.jfrog.io/artifactory/api/npm/benchmark-npm-remote/nth-check/-/nth-check-2.1.1.tgz 3236ms (cache miss)
npm http fetch GET 200 https://vltoss.jfrog.io/artifactory/api/npm/benchmark-npm-remote/get-uri/-/get-uri-6.0.5.tgz 3258ms (cache miss)
npm http fetch GET 200 https://vltoss.jfrog.io/artifactory/api/npm/benchmark-npm-remote/redux/-/redux-4.2.1.tgz 3292ms (cache miss)
npm http fetch GET 200 https://vltoss.jfrog.io/artifactory/api/npm/benchmark-npm-remote/@babel/plugin-transform-destructuring/-/plugin-transform-destructuring-7.29.7.tgz 3255ms (cache miss)
npm http fetch GET 200 https://vltoss.jfrog.io/artifactory/api/npm/benchmark-npm-remote/error-stack-parser/-/error-stack-parser-2.1.4.tgz 3249ms (cache miss)
npm http fetch GET 200 https://jfrog-prod-use2-shared-ohio-main.s3.amazonaws.com/aol-a0eigilwc24ii/filestore/b4/b42c36b5143bc7ea2584e5d1f5bd4b5ac3ca4bca?response-content-disposition=attachment%3Bfilename%3D%22pkijs-3.4.1.tgz%22&response-content-type=application%2Fx-gzip&X-Artifactory-username=darcy%40vlt.sh&X-Artifactory-repoType=local&X-Artifactory-repositoryKey=benchmark-npm-remote-cache&X-Artifactory-originPackageType=npm&X-Artifactory-packageType=npm&X-Artifactory-artifactPath=pkijs%2F-%2Fpkijs-3.4.1.tgz&X-Artifactory-originProjectKey=benchmark&X-Artifactory-projectKey=benchmark&X-Artifactory-originRepoType=remote&X-Artifactory-originRepositoryKey=benchmark-npm-remote&x-jf-traceId=fab1bd80a5e8204aef5ac34176e4be9e&X-Amz-Security-Token=IQoJb3JpZ2luX2VjEKT%2F%2F%2F%2F%2F%2F%2F%2F%2F%2FwEaCXVzLWVhc3QtMiJGMEQCIGE05Nq07AoTr5hDsK%2Fz9lwEUN5HM86m%2BfGPbXQZ%2FdtCAiBQ3WNO7Py4EfCz88%2FeERFKKmb7UZEFCZqnchqYH%2BYuXyqSBQhtEAAaDDcyMTg4MjYxMzAzNyIMzzm3ajtO0WT7d9hxKu8EJU%2F3xYhBBgyfL1OAyamecU1X0jbcp0RFRmbFCPK6b6eD0b5PFFjEfdD8p2cGWog5gQV9Kjt8mGbno8V9mGEdwsCam5Bbm%2FBDkKc3DzTA8%2BSnMhG%2FwVTG3cA%2BpAKXKQ8TtnY7f2EWpE%2BSko0xe1FZV0H%2FY%2FVa0EGrces6gNWg4i%2FU3ui2hWlsWfnR9Bv7se7e0ZbPO8UGGNDhQkrc1x0g%2BbUYiRIfCpVul6bwyUTqx6jGJjpe%2Bl1sDZ6YVtBp5vVLV0G428zg6IhQf1%2F7311mz9n6YqiugFZK5fGBX4Xg9YY2e25tLsXYol55bdHgA9C5Cp9iGR%2BptiHCyfiPtk56HHQKqiiLlRiQU7M8eEjJprOQ7geXQAQLluWYyUiavmlhcuJa3pIzH0YL89I44H4jPfzA5e9O7mwZRn6zzpv8jN1RFX4hh0wEtgDxV9f4VU8OTXQEhtEnPMhnwMJKIHLHg7iwN%2Fc1lTY%2BaX4dlqhMtzS%2F6TOR8oca6f33A487nGSOGEHgwTFcvaQwRSd8GEmCzHHVMR7IiKGXzfjLChYJGtnYASJWrh3sOuFDp7cpfqS95qnaCE9NfTvgz2upgtyitiIifnCLk4JanJzzKN2DFkQLyDusSU1hCoxwXf6CAm8rIdbF23HkJI96fBTS3q%2FJ4tONCPjgh7IpU0kaCFHgdXyCoggFYeYn874G9QXZdKdzKo5kNZndVrPkAgjUiPhj5xOqRSk5%2BiUsw%2Fs6basSUOKYRBNURpIYOKjMKG5vkxAXFTZ1C%2Bzh6S7ARVzg845WjzH9nj3dL9TNwRScEhl8ogAsB6%2BJPR%2Fas05DTUC%2F7Nww%2Btb11QY6mgFuIXjUuJ1WiwOBL9NuEk6J3Raj8HIzuVWCggs4ILK0u0BDsDuUVlMwkNOHbsn4yLOBiD15bDxxi15B6oIbihBOqb0XjdnJtW6oYPTP%2FgSxD%2F3o7HYpkZJCBR7YmsIaaSJvBjG5m%2FUsJpbdBj%2BkC9lzNLqjIC37ZnVhmQ28RRyt5Fi%2FOsECLLOIc13O6Nk7NXpxGz3sA9MbSK7g&X-Amz-Algorithm=AWS4-HMAC-SHA256&X-Amz-Date=20260930T200515Z&X-Amz-SignedHeaders=host&X-Amz-Credential=ASIA2QE4OQUW7N476K6D%2F20260930%2Fus-east-2%2Fs3%2Faws4_request&X-Amz-Expires=30&X-Amz-Signature=d65ce573b3a4d6e09ad923326e14c6d04feddc62a706dc5f1e511cced2e8fd65 3338ms (cache miss)
npm http fetch GET 200 https://vltoss.jfrog.io/artifactory/api/npm/benchmark-npm-remote/@babel/plugin-transform-modules-commonjs/-/plugin-transform-modules-commonjs-7.29.7.tgz 3280ms (cache miss)
npm http fetch GET 200 https://vltoss.jfrog.io/artifactory/api/npm/benchmark-npm-remote/regexpu-core/-/regexpu-core-6.5.2.tgz 3306ms (cache miss)
npm http fetch GET 200 https://vltoss.jfrog.io/artifactory/api/npm/benchmark-npm-remote/webpack-dev-middleware/-/webpack-dev-middleware-7.4.6.tgz 3417ms (cache miss)
npm http fetch GET 200 https://vltoss.jfrog.io/artifactory/api/npm/benchmark-npm-remote/loader-utils/-/loader-utils-2.0.4.tgz 3382ms (cache miss)
npm http fetch GET 200 https://vltoss.jfrog.io/artifactory/api/npm/benchmark-npm-remote/@fortawesome/fontawesome-common-types/-/fontawesome-common-types-6.7.2.tgz 3357ms (cache miss)
npm http fetch GET 200 https://vltoss.jfrog.io/artifactory/api/npm/benchmark-npm-remote/@babel/plugin-transform-parameters/-/plugin-transform-parameters-7.29.7.tgz 3390ms (cache miss)
npm http fetch GET 200 https://vltoss.jfrog.io/artifactory/api/npm/benchmark-npm-remote/smob/-/smob-1.6.2.tgz 3380ms (cache miss)
npm http fetch GET 200 https://vltoss.jfrog.io/artifactory/api/npm/benchmark-npm-remote/ncp/-/ncp-2.0.0.tgz 3483ms (cache miss)
npm http fetch GET 200 https://vltoss.jfrog.io/artifactory/api/npm/benchmark-npm-remote/commondir/-/commondir-1.0.1.tgz 3435ms (cache miss)
npm http fetch GET 200 https://vltoss.jfrog.io/artifactory/api/npm/benchmark-npm-remote/@types/emscripten/-/emscripten-1.41.6.tgz 3462ms (cache miss)
npm http fetch GET 200 https://vltoss.jfrog.io/artifactory/api/npm/benchmark-npm-remote/https/-/https-1.0.0.tgz 3461ms (cache miss)
npm http fetch GET 200 https://vltoss.jfrog.io/artifactory/api/npm/benchmark-npm-remote/@emotion/hash/-/hash-0.9.2.tgz 3492ms (cache miss)
npm http fetch GET 200 https://vltoss.jfrog.io/artifactory/api/npm/benchmark-npm-remote/@types/jest-image-snapshot/-/jest-image-snapshot-4.3.2.tgz 3479ms (cache miss)
npm http fetch GET 200 https://vltoss.jfrog.io/artifactory/api/npm/benchmark-npm-remote/@fluentui/react-theme/-/react-theme-9.2.2.tgz 3512ms (cache miss)
npm http fetch GET 200 https://vltoss.jfrog.io/artifactory/api/npm/benchmark-npm-remote/@rollup/pluginutils/-/pluginutils-5.4.0.tgz 3537ms (cache miss)
npm http fetch GET 200 https://vltoss.jfrog.io/artifactory/api/npm/benchmark-npm-remote/prop-types/-/prop-types-15.8.1.tgz 3537ms (cache miss)
npm http fetch GET 200 https://vltoss.jfrog.io/artifactory/api/npm/benchmark-npm-remote/@types/ws/-/ws-8.18.2.tgz 3522ms (cache miss)
npm http fetch GET 200 https://vltoss.jfrog.io/artifactory/api/npm/benchmark-npm-remote/@types/uuid/-/uuid-10.0.0.tgz 3523ms (cache miss)
npm http fetch GET 200 https://vltoss.jfrog.io/artifactory/api/npm/benchmark-npm-remote/spdy-transport/-/spdy-transport-3.0.0.tgz 3638ms (cache miss)
npm http fetch GET 200 https://vltoss.jfrog.io/artifactory/api/npm/benchmark-npm-remote/basic-ftp/-/basic-ftp-5.3.1.tgz 3609ms (cache miss)
npm http fetch GET 200 https://vltoss.jfrog.io/artifactory/api/npm/benchmark-npm-remote/@babel/plugin-transform-typescript/-/plugin-transform-typescript-7.29.9.tgz 3605ms (cache miss)
npm http fetch GET 200 https://vltoss.jfrog.io/artifactory/api/npm/benchmark-npm-remote/@babel/plugin-transform-classes/-/plugin-transform-classes-7.29.7.tgz 3594ms (cache miss)
npm http fetch GET 200 https://vltoss.jfrog.io/artifactory/api/npm/benchmark-npm-remote/keyborg/-/keyborg-2.14.1.tgz 3613ms (cache miss)
npm http fetch GET 200 https://vltoss.jfrog.io/artifactory/api/npm/benchmark-npm-remote/@svgr/webpack/-/webpack-7.0.0.tgz 3600ms (cache miss)
npm http fetch GET 200 https://vltoss.jfrog.io/artifactory/api/npm/benchmark-npm-remote/scheduler/-/scheduler-0.28.0.tgz 3633ms (cache miss)
npm http fetch GET 200 https://vltoss.jfrog.io/artifactory/api/npm/benchmark-npm-remote/relateurl/-/relateurl-0.2.7.tgz 3691ms (cache miss)
npm http fetch GET 200 https://vltoss.jfrog.io/artifactory/api/npm/benchmark-npm-remote/jest-puppeteer/-/jest-puppeteer-10.1.4.tgz 3643ms (cache miss)
npm http fetch GET 200 https://vltoss.jfrog.io/artifactory/api/npm/benchmark-npm-remote/@lit-labs/ssr-dom-shim/-/ssr-dom-shim-1.6.0.tgz 3717ms (cache miss)
npm http fetch GET 200 https://vltoss.jfrog.io/artifactory/api/npm/benchmark-npm-remote/@types/dagre/-/dagre-0.7.54.tgz 3666ms (cache miss)
npm http fetch GET 200 https://vltoss.jfrog.io/artifactory/api/npm/benchmark-npm-remote/css-what/-/css-what-6.2.2.tgz 3754ms (cache miss)
npm http fetch GET 200 https://vltoss.jfrog.io/artifactory/api/npm/benchmark-npm-remote/@babel/plugin-transform-block-scoping/-/plugin-transform-block-scoping-7.29.7.tgz 3713ms (cache miss)
npm http fetch GET 200 https://vltoss.jfrog.io/artifactory/api/npm/benchmark-npm-remote/rollup-plugin-minify-template-literals/-/rollup-plugin-minify-template-literals-1.1.7.tgz 3691ms (cache miss)
npm http fetch GET 200 https://vltoss.jfrog.io/artifactory/api/npm/benchmark-npm-remote/memlab/-/memlab-1.1.60.tgz 3717ms (cache miss)
npm http fetch GET 200 https://vltoss.jfrog.io/artifactory/api/npm/benchmark-npm-remote/immutable/-/immutable-5.1.9.tgz 3827ms (cache miss)
npm http fetch GET 200 https://vltoss.jfrog.io/artifactory/api/npm/benchmark-npm-remote/@griffel/style-types/-/style-types-1.4.3.tgz 3776ms (cache miss)
npm http fetch GET 200 https://vltoss.jfrog.io/artifactory/api/npm/benchmark-npm-remote/use-sync-external-store/-/use-sync-external-store-1.7.0.tgz 3799ms (cache miss)
npm http fetch GET 200 https://vltoss.jfrog.io/artifactory/api/npm/benchmark-npm-remote/mdn-data/-/mdn-data-2.0.30.tgz 3876ms (cache miss)
npm http fetch GET 200 https://vltoss.jfrog.io/artifactory/api/npm/benchmark-npm-remote/@types/draco3dgltf/-/draco3dgltf-1.4.3.tgz 3824ms (cache miss)
npm http fetch GET 200 https://vltoss.jfrog.io/artifactory/api/npm/benchmark-npm-remote/@types/mv/-/mv-2.1.4.tgz 3824ms (cache miss)
npm http fetch GET 200 https://vltoss.jfrog.io/artifactory/api/npm/benchmark-npm-remote/@floating-ui/devtools/-/devtools-0.2.3.tgz 3918ms (cache miss)
npm http fetch GET 200 https://vltoss.jfrog.io/artifactory/api/npm/benchmark-npm-remote/@types/draco3d/-/draco3d-1.4.10.tgz 3903ms (cache miss)
npm http fetch GET 200 https://vltoss.jfrog.io/artifactory/api/npm/benchmark-npm-remote/file-loader/-/file-loader-6.2.0.tgz 3954ms (cache miss)
npm http fetch GET 200 https://vltoss.jfrog.io/artifactory/api/npm/benchmark-npm-remote/mv/-/mv-2.1.1.tgz 3947ms (cache miss)
npm http fetch GET 200 https://vltoss.jfrog.io/artifactory/api/npm/benchmark-npm-remote/estree-walker/-/estree-walker-2.0.2.tgz 3994ms (cache miss)
npm http fetch GET 200 https://vltoss.jfrog.io/artifactory/api/npm/benchmark-npm-remote/through/-/through-2.3.8.tgz 3971ms (cache miss)
npm http fetch GET 200 https://vltoss.jfrog.io/artifactory/api/npm/benchmark-npm-remote/@nrwl/devkit/-/devkit-19.8.4.tgz 3971ms (cache miss)
npm http fetch GET 200 https://vltoss.jfrog.io/artifactory/api/npm/benchmark-npm-remote/duplexer/-/duplexer-0.1.2.tgz 3970ms (cache miss)
npm http fetch GET 200 https://vltoss.jfrog.io/artifactory/api/npm/benchmark-npm-remote/@floating-ui/utils/-/utils-0.2.12.tgz 4007ms (cache miss)
npm http fetch GET 200 https://vltoss.jfrog.io/artifactory/api/npm/benchmark-npm-remote/path-is-absolute/-/path-is-absolute-1.0.1.tgz 3981ms (cache miss)
npm http fetch GET 200 https://vltoss.jfrog.io/artifactory/api/npm/benchmark-npm-remote/@floating-ui/dom/-/dom-1.8.0.tgz 4082ms (cache miss)
npm http fetch GET 200 https://vltoss.jfrog.io/artifactory/api/npm/benchmark-npm-remote/url-loader/-/url-loader-4.1.1.tgz 4069ms (cache miss)
npm http fetch GET 200 https://vltoss.jfrog.io/artifactory/api/npm/benchmark-npm-remote/front-matter/-/front-matter-4.0.2.tgz 4062ms (cache miss)
npm http fetch GET 200 https://vltoss.jfrog.io/artifactory/api/npm/benchmark-npm-remote/react-is/-/react-is-19.3.0.tgz 4061ms (cache miss)
npm http fetch GET 200 https://vltoss.jfrog.io/artifactory/api/npm/benchmark-npm-remote/inflight/-/inflight-1.0.6.tgz 4063ms (cache miss)
npm warn deprecated inflight@1.0.6: This module is not supported, and leaks memory. Do not use it. Check out lru-cache if you want a good and tested way to coalesce async requests by a key value, which is much more comprehensive and powerful.
npm http fetch GET 200 https://jfrog-prod-use2-shared-ohio-main.s3.amazonaws.com/aol-a0eigilwc24ii/filestore/3d/3d124eae8a0af0c34590b1a0f266a7df2b26b0d2?response-content-disposition=attachment%3Bfilename%3D%22bare-fs-4.8.2.tgz%22&response-content-type=application%2Fx-gzip&X-Artifactory-username=darcy%40vlt.sh&X-Artifactory-repoType=local&X-Artifactory-repositoryKey=benchmark-npm-remote-cache&X-Artifactory-originPackageType=npm&X-Artifactory-packageType=npm&X-Artifactory-artifactPath=bare-fs%2F-%2Fbare-fs-4.8.2.tgz&X-Artifactory-originProjectKey=benchmark&X-Artifactory-projectKey=benchmark&X-Artifactory-originRepoType=remote&X-Artifactory-originRepositoryKey=benchmark-npm-remote&x-jf-traceId=291fcefa446cf656afcf92e866c5093f&X-Amz-Security-Token=IQoJb3JpZ2luX2VjEKT%2F%2F%2F%2F%2F%2F%2F%2F%2F%2FwEaCXVzLWVhc3QtMiJGMEQCIGE05Nq07AoTr5hDsK%2Fz9lwEUN5HM86m%2BfGPbXQZ%2FdtCAiBQ3WNO7Py4EfCz88%2FeERFKKmb7UZEFCZqnchqYH%2BYuXyqSBQhtEAAaDDcyMTg4MjYxMzAzNyIMzzm3ajtO0WT7d9hxKu8EJU%2F3xYhBBgyfL1OAyamecU1X0jbcp0RFRmbFCPK6b6eD0b5PFFjEfdD8p2cGWog5gQV9Kjt8mGbno8V9mGEdwsCam5Bbm%2FBDkKc3DzTA8%2BSnMhG%2FwVTG3cA%2BpAKXKQ8TtnY7f2EWpE%2BSko0xe1FZV0H%2FY%2FVa0EGrces6gNWg4i%2FU3ui2hWlsWfnR9Bv7se7e0ZbPO8UGGNDhQkrc1x0g%2BbUYiRIfCpVul6bwyUTqx6jGJjpe%2Bl1sDZ6YVtBp5vVLV0G428zg6IhQf1%2F7311mz9n6YqiugFZK5fGBX4Xg9YY2e25tLsXYol55bdHgA9C5Cp9iGR%2BptiHCyfiPtk56HHQKqiiLlRiQU7M8eEjJprOQ7geXQAQLluWYyUiavmlhcuJa3pIzH0YL89I44H4jPfzA5e9O7mwZRn6zzpv8jN1RFX4hh0wEtgDxV9f4VU8OTXQEhtEnPMhnwMJKIHLHg7iwN%2Fc1lTY%2BaX4dlqhMtzS%2F6TOR8oca6f33A487nGSOGEHgwTFcvaQwRSd8GEmCzHHVMR7IiKGXzfjLChYJGtnYASJWrh3sOuFDp7cpfqS95qnaCE9NfTvgz2upgtyitiIifnCLk4JanJzzKN2DFkQLyDusSU1hCoxwXf6CAm8rIdbF23HkJI96fBTS3q%2FJ4tONCPjgh7IpU0kaCFHgdXyCoggFYeYn874G9QXZdKdzKo5kNZndVrPkAgjUiPhj5xOqRSk5%2BiUsw%2Fs6basSUOKYRBNURpIYOKjMKG5vkxAXFTZ1C%2Bzh6S7ARVzg845WjzH9nj3dL9TNwRScEhl8ogAsB6%2BJPR%2Fas05DTUC%2F7Nww%2Btb11QY6mgFuIXjUuJ1WiwOBL9NuEk6J3Raj8HIzuVWCggs4ILK0u0BDsDuUVlMwkNOHbsn4yLOBiD15bDxxi15B6oIbihBOqb0XjdnJtW6oYPTP%2FgSxD%2F3o7HYpkZJCBR7YmsIaaSJvBjG5m%2FUsJpbdBj%2BkC9lzNLqjIC37ZnVhmQ28RRyt5Fi%2FOsECLLOIc13O6Nk7NXpxGz3sA9MbSK7g&X-Amz-Algorithm=AWS4-HMAC-SHA256&X-Amz-Date=20260930T200514Z&X-Amz-SignedHeaders=host&X-Amz-Credential=ASIA2QE4OQUW7N476K6D%2F20260930%2Fus-east-2%2Fs3%2Faws4_request&X-Amz-Expires=30&X-Amz-Signature=e93a8b36fc433c911e521bfef3e600bf53802ee26feefab547222e1a6cdb2082 4187ms (cache miss)
npm http fetch GET 200 https://jfrog-prod-use2-shared-ohio-main.s3.amazonaws.com/aol-a0eigilwc24ii/filestore/72/721d63913db5111dd6dfda8d3a748cfd7982d44a?response-content-disposition=attachment%3Bfilename%3D%22dompurify-3.2.7.tgz%22&response-content-type=application%2Fx-gzip&X-Artifactory-username=darcy%40vlt.sh&X-Artifactory-repoType=local&X-Artifactory-repositoryKey=benchmark-npm-remote-cache&X-Artifactory-originPackageType=npm&X-Artifactory-packageType=npm&X-Artifactory-artifactPath=dompurify%2F-%2Fdompurify-3.2.7.tgz&X-Artifactory-originProjectKey=benchmark&X-Artifactory-projectKey=benchmark&X-Artifactory-originRepoType=remote&X-Artifactory-originRepositoryKey=benchmark-npm-remote&x-jf-traceId=e497771f54e8c12dc447059fcf47ff0c&X-Amz-Security-Token=IQoJb3JpZ2luX2VjEKP%2F%2F%2F%2F%2F%2F%2F%2F%2F%2FwEaCXVzLWVhc3QtMiJHMEUCIQCNM1vyehYeot350c8CmRxyxANvaNL6o%2FiXftrYvN3QywIgJtJnf8Vo3mqOPxnbYHJVntu4EqNd3FL7eos1bvhYpIgqkgUIbBAAGgw3MjE4ODI2MTMwMzciDOIbxNlDwteJv9ALRirvBFhqoH1fB4CeV1H%2FaT8tH%2Fhhvom8QCtzC%2FE0AvYQHFpqf%2BH%2F3xTVGISqSZkk%2BId1FoRcSuovhtFz4ghRZqDWCvDDU6VA5wF%2BanA02u6RiQmBIxm1HzosqOTTNw7oVFrPyx2XOvnqksLRMMOmtWxIjEXCcS1b9ifWcFSRYQ80danrcAqkNkCNW%2FJw0N8co%2FhFHeZPbEVLQI89iaOYuwl091x39JAjglhNjcJkk9MbmeqB8HWamd1RnZ9GhTur%2F1LVll79ah%2BY6lV3oDRtJcptDouKM9k1YKPnIfFNjDu29oUhLKCSWF9eM7hIxA0fucpTwAbc4ARQeusYYpq%2FQpaxRDvmGSBDUJX%2Br9C6UavFnfGv5sKJ2OfdUnPIIdcTemwwLAwtc4HcatwDZEPipLqqGW0nltMEtuiZyQqrPN0ZYHheLld6eIlFHH7s0nP6QYe1jdbqnA0p1R4MKQUKBRt%2FW%2FBnMM%2FVqvglFW8t%2F1aUHuhDU2ULm%2F9p2Kw%2B3q0JKU%2FrONLPzvLcEsAwkN7x81L7qYN5GeZ7Xpq315IpRsqHloLSJAtIhmGcWnk03J%2BvoppO3iWPSSAYBRj1s91hcOKRZTxcDlxGnBEDRkgr8lURS1HCBrAXRUScaSP6gujzwTuNdAnsVmDgowcYsD499zgQvTvZI61j469co13kCwPFv6D6l9oi3P04WhprxV%2FDbab995sy%2F3G4INHiPE6%2BG3HCYOBPBNJSIimqwDvy986amweffu5t9SQTtV2v%2FEvCFhLArnsCIs%2BfbbcqvozPqUMMVaN321MXXx5afWpeYFYnQ4omoul2bc7f8J3FMODLUKirMK6%2B9dUGOpkB6DGxDtYFNfORc5JhXgm9VIJz8Z9T68V0gsInpGx8xgvijGbqRKk5zQknbWkR0OyGmFJWKIjc%2FoISOvsPVxTOXXt00cMbNTFFIrKf3sK1pReGSe336dM9gLM235Wl%2BlyUriPlDgxAh3Uv14sz8wL1nsY3bcBWTxMmaKf%2BwBafuSm366qj7Cg%2FQSgON7OTTMbH2HqlH5Hduc4S&X-Amz-Algorithm=AWS4-HMAC-SHA256&X-Amz-Date=20260930T200515Z&X-Amz-SignedHeaders=host&X-Amz-Credential=ASIA2QE4OQUW27TYEKCH%2F20260930%2Fus-east-2%2Fs3%2Faws4_request&X-Amz-Expires=30&X-Amz-Signature=27e4e71c3938220dae38b35fd07e41ad40a530ae7dbcb6b715a46c3dd5ab7e5c 4145ms (cache miss)
npm http fetch GET 200 https://vltoss.jfrog.io/artifactory/api/npm/benchmark-npm-remote/@fortawesome/react-fontawesome/-/react-fontawesome-0.2.6.tgz 4089ms (cache miss)
npm warn deprecated @fortawesome/react-fontawesome@0.2.6: v0.2.x is no longer supported. Unless you are still using FontAwesome 5, please update to v3.1.1 or greater.
npm http fetch GET 200 https://vltoss.jfrog.io/artifactory/api/npm/benchmark-npm-remote/filelist/-/filelist-1.0.6.tgz 4088ms (cache miss)
npm http fetch GET 200 https://vltoss.jfrog.io/artifactory/api/npm/benchmark-npm-remote/strong-log-transformer/-/strong-log-transformer-2.1.0.tgz 4088ms (cache miss)
npm http fetch GET 200 https://vltoss.jfrog.io/artifactory/api/npm/benchmark-npm-remote/babel-plugin-polyfill-corejs3/-/babel-plugin-polyfill-corejs3-0.14.2.tgz 4151ms (cache miss)
npm http fetch GET 200 https://vltoss.jfrog.io/artifactory/api/npm/benchmark-npm-remote/react-is/-/react-is-18.3.1.tgz 4112ms (cache miss)
npm http fetch GET 200 https://vltoss.jfrog.io/artifactory/api/npm/benchmark-npm-remote/@jest/get-type/-/get-type-30.5.0.tgz 4114ms (cache miss)
npm http fetch GET 200 https://vltoss.jfrog.io/artifactory/api/npm/benchmark-npm-remote/p-try/-/p-try-2.2.0.tgz 4113ms (cache miss)
npm http fetch GET 200 https://vltoss.jfrog.io/artifactory/api/npm/benchmark-npm-remote/@parcel/watcher-linux-arm64-glibc/-/watcher-linux-arm64-glibc-2.6.0.tgz 4198ms (cache miss)
npm http fetch GET 200 https://vltoss.jfrog.io/artifactory/api/npm/benchmark-npm-remote/concat-map/-/concat-map-0.0.1.tgz 4114ms (cache miss)
npm http fetch GET 200 https://vltoss.jfrog.io/artifactory/api/npm/benchmark-npm-remote/@types/triple-beam/-/triple-beam-1.3.5.tgz 4114ms (cache miss)
npm http fetch GET 200 https://vltoss.jfrog.io/artifactory/api/npm/benchmark-npm-remote/fn.name/-/fn.name-1.1.0.tgz 4115ms (cache miss)
npm http fetch GET 200 https://vltoss.jfrog.io/artifactory/api/npm/benchmark-npm-remote/monaco-editor-webpack-plugin/-/monaco-editor-webpack-plugin-7.1.1.tgz 4153ms (cache miss)
npm http fetch GET 200 https://vltoss.jfrog.io/artifactory/api/npm/benchmark-npm-remote/@rollup/plugin-terser/-/plugin-terser-0.4.4.tgz 4151ms (cache miss)
npm http fetch GET 200 https://vltoss.jfrog.io/artifactory/api/npm/benchmark-npm-remote/kuler/-/kuler-2.0.0.tgz 4144ms (cache miss)
npm http fetch GET 200 https://vltoss.jfrog.io/artifactory/api/npm/benchmark-npm-remote/text-hex/-/text-hex-1.0.0.tgz 4144ms (cache miss)
npm http fetch GET 200 https://vltoss.jfrog.io/artifactory/api/npm/benchmark-npm-remote/@hapi/hoek/-/hoek-11.0.7.tgz 4245ms (cache miss)
npm http fetch GET 200 https://vltoss.jfrog.io/artifactory/api/npm/benchmark-npm-remote/react-refresh/-/react-refresh-0.17.0.tgz 4168ms (cache miss)
npm http fetch GET 200 https://vltoss.jfrog.io/artifactory/api/npm/benchmark-npm-remote/cross-env/-/cross-env-7.0.3.tgz 4178ms (cache miss)
npm http fetch GET 200 https://vltoss.jfrog.io/artifactory/api/npm/benchmark-npm-remote/color-string/-/color-string-2.1.4.tgz 4171ms (cache miss)
npm http fetch GET 200 https://vltoss.jfrog.io/artifactory/api/npm/benchmark-npm-remote/enabled/-/enabled-2.0.0.tgz 4170ms (cache miss)
npm http fetch GET 200 https://vltoss.jfrog.io/artifactory/api/npm/benchmark-npm-remote/one-time/-/one-time-1.0.0.tgz 4170ms (cache miss)
npm http fetch GET 200 https://vltoss.jfrog.io/artifactory/api/npm/benchmark-npm-remote/fs.realpath/-/fs.realpath-1.0.0.tgz 4174ms (cache miss)
npm http fetch GET 200 https://vltoss.jfrog.io/artifactory/api/npm/benchmark-npm-remote/copy-webpack-plugin/-/copy-webpack-plugin-11.0.0.tgz 4200ms (cache miss)
npm http fetch GET 200 https://vltoss.jfrog.io/artifactory/api/npm/benchmark-npm-remote/stack-trace/-/stack-trace-0.0.10.tgz 4189ms (cache miss)
npm http fetch GET 200 https://vltoss.jfrog.io/artifactory/api/npm/benchmark-npm-remote/color/-/color-5.0.3.tgz 4239ms (cache miss)
npm http fetch GET 200 https://vltoss.jfrog.io/artifactory/api/npm/benchmark-npm-remote/sass-loader/-/sass-loader-16.0.8.tgz 4269ms (cache miss)
npm http fetch GET 200 https://vltoss.jfrog.io/artifactory/api/npm/benchmark-npm-remote/@rollup/plugin-alias/-/plugin-alias-5.1.1.tgz 4267ms (cache miss)
npm http fetch GET 200 https://vltoss.jfrog.io/artifactory/api/npm/benchmark-npm-remote/@types/react-dom/-/react-dom-18.3.7.tgz 4265ms (cache miss)
npm http fetch GET 200 https://vltoss.jfrog.io/artifactory/api/npm/benchmark-npm-remote/safe-stable-stringify/-/safe-stable-stringify-2.5.0.tgz 4262ms (cache miss)
npm http fetch GET 200 https://vltoss.jfrog.io/artifactory/api/npm/benchmark-npm-remote/async-function/-/async-function-1.0.0.tgz 4260ms (cache miss)
npm http fetch GET 200 https://vltoss.jfrog.io/artifactory/api/npm/benchmark-npm-remote/generator-function/-/generator-function-2.0.1.tgz 4261ms (cache miss)
npm http fetch GET 200 https://vltoss.jfrog.io/artifactory/api/npm/benchmark-npm-remote/source-map-loader/-/source-map-loader-4.0.2.tgz 4313ms (cache miss)
npm http fetch GET 200 https://vltoss.jfrog.io/artifactory/api/npm/benchmark-npm-remote/@typescript/ata/-/ata-0.9.8.tgz 4341ms (cache miss)
npm http fetch GET 200 https://vltoss.jfrog.io/artifactory/api/npm/benchmark-npm-remote/is-weakset/-/is-weakset-2.0.4.tgz 4331ms (cache miss)
npm http fetch GET 200 https://vltoss.jfrog.io/artifactory/api/npm/benchmark-npm-remote/isexe/-/isexe-2.0.0.tgz 4330ms (cache miss)
npm http fetch GET 200 https://vltoss.jfrog.io/artifactory/api/npm/benchmark-npm-remote/isobject/-/isobject-3.0.1.tgz 4329ms (cache miss)
npm http fetch GET 200 https://vltoss.jfrog.io/artifactory/api/npm/benchmark-npm-remote/is-plain-object/-/is-plain-object-2.0.4.tgz 4330ms (cache miss)
npm http fetch GET 200 https://vltoss.jfrog.io/artifactory/api/npm/benchmark-npm-remote/core-js-compat/-/core-js-compat-3.50.0.tgz 4398ms (cache miss)
npm http fetch GET 200 https://vltoss.jfrog.io/artifactory/api/npm/benchmark-npm-remote/which-collection/-/which-collection-1.0.2.tgz 4356ms (cache miss)
npm http fetch GET 200 https://vltoss.jfrog.io/artifactory/api/npm/benchmark-npm-remote/shallow-clone/-/shallow-clone-3.0.1.tgz 4355ms (cache miss)
npm http fetch GET 200 https://vltoss.jfrog.io/artifactory/api/npm/benchmark-npm-remote/clone-deep/-/clone-deep-4.0.1.tgz 4355ms (cache miss)
npm http fetch GET 200 https://vltoss.jfrog.io/artifactory/api/npm/benchmark-npm-remote/neo-async/-/neo-async-2.6.2.tgz 4454ms (cache miss)
npm http fetch GET 200 https://vltoss.jfrog.io/artifactory/api/npm/benchmark-npm-remote/@floating-ui/core/-/core-1.8.0.tgz 4414ms (cache miss)
npm http fetch GET 200 https://vltoss.jfrog.io/artifactory/api/npm/benchmark-npm-remote/rechoir/-/rechoir-0.8.0.tgz 4387ms (cache miss)
npm http fetch GET 200 https://vltoss.jfrog.io/artifactory/api/npm/benchmark-npm-remote/@webpack-cli/info/-/info-3.0.1.tgz 4391ms (cache miss)
npm http fetch GET 200 https://vltoss.jfrog.io/artifactory/api/npm/benchmark-npm-remote/@hapi/address/-/address-5.1.1.tgz 4491ms (cache miss)
npm http fetch GET 200 https://vltoss.jfrog.io/artifactory/api/npm/benchmark-npm-remote/triple-beam/-/triple-beam-1.4.1.tgz 4417ms (cache miss)
npm http fetch GET 200 https://vltoss.jfrog.io/artifactory/api/npm/benchmark-npm-remote/is-bigint/-/is-bigint-1.1.0.tgz 4415ms (cache miss)
npm http fetch GET 200 https://vltoss.jfrog.io/artifactory/api/npm/benchmark-npm-remote/interpret/-/interpret-3.1.1.tgz 4417ms (cache miss)
npm http fetch GET 200 https://vltoss.jfrog.io/artifactory/api/npm/benchmark-npm-remote/@webpack-cli/serve/-/serve-3.0.1.tgz 4417ms (cache miss)
npm http fetch GET 200 https://vltoss.jfrog.io/artifactory/api/npm/benchmark-npm-remote/@xtuc/ieee754/-/ieee754-1.2.0.tgz 4416ms (cache miss)
npm http fetch GET 200 https://vltoss.jfrog.io/artifactory/api/npm/benchmark-npm-remote/@webpack-cli/configtest/-/configtest-3.0.1.tgz 4417ms (cache miss)
npm http fetch GET 200 https://vltoss.jfrog.io/artifactory/api/npm/benchmark-npm-remote/colorette/-/colorette-2.0.20.tgz 4445ms (cache miss)
npm http fetch GET 200 https://vltoss.jfrog.io/artifactory/api/npm/benchmark-npm-remote/fastest-levenshtein/-/fastest-levenshtein-1.0.16.tgz 4447ms (cache miss)
npm http fetch GET 200 https://vltoss.jfrog.io/artifactory/api/npm/benchmark-npm-remote/split.js/-/split.js-1.6.5.tgz 4484ms (cache miss)
npm http fetch GET 200 https://vltoss.jfrog.io/artifactory/api/npm/benchmark-npm-remote/@webassemblyjs/ieee754/-/ieee754-1.13.2.tgz 4465ms (cache miss)
npm http fetch GET 200 https://vltoss.jfrog.io/artifactory/api/npm/benchmark-npm-remote/@jest/pattern/-/pattern-30.5.0.tgz 4479ms (cache miss)
npm http fetch GET 200 https://vltoss.jfrog.io/artifactory/api/npm/benchmark-npm-remote/@so-ric/colorspace/-/colorspace-1.1.6.tgz 4476ms (cache miss)
npm http fetch GET 200 https://vltoss.jfrog.io/artifactory/api/npm/benchmark-npm-remote/is-number-object/-/is-number-object-1.1.1.tgz 4474ms (cache miss)
npm http fetch GET 200 https://vltoss.jfrog.io/artifactory/api/npm/benchmark-npm-remote/@webassemblyjs/wasm-opt/-/wasm-opt-1.14.1.tgz 4473ms (cache miss)
npm http fetch GET 200 https://vltoss.jfrog.io/artifactory/api/npm/benchmark-npm-remote/@webassemblyjs/helper-api-error/-/helper-api-error-1.13.2.tgz 4473ms (cache miss)
npm http fetch GET 200 https://vltoss.jfrog.io/artifactory/api/npm/benchmark-npm-remote/@webassemblyjs/helper-buffer/-/helper-buffer-1.14.1.tgz 4474ms (cache miss)
npm http fetch GET 200 https://vltoss.jfrog.io/artifactory/api/npm/benchmark-npm-remote/css-select/-/css-select-4.3.0.tgz 4569ms (cache miss)
npm http fetch GET 200 https://vltoss.jfrog.io/artifactory/api/npm/benchmark-npm-remote/node-machine-id/-/node-machine-id-1.1.12.tgz 4510ms (cache miss)
npm http fetch GET 200 https://vltoss.jfrog.io/artifactory/api/npm/benchmark-npm-remote/is-weakmap/-/is-weakmap-2.0.2.tgz 4507ms (cache miss)
npm http fetch GET 200 https://vltoss.jfrog.io/artifactory/api/npm/benchmark-npm-remote/is-map/-/is-map-2.0.3.tgz 4506ms (cache miss)
npm http fetch GET 200 https://vltoss.jfrog.io/artifactory/api/npm/benchmark-npm-remote/@webassemblyjs/wasm-gen/-/wasm-gen-1.14.1.tgz 4506ms (cache miss)
npm http fetch GET 200 https://vltoss.jfrog.io/artifactory/api/npm/benchmark-npm-remote/@webassemblyjs/wast-printer/-/wast-printer-1.14.1.tgz 4505ms (cache miss)
npm http fetch GET 200 https://vltoss.jfrog.io/artifactory/api/npm/benchmark-npm-remote/@webassemblyjs/helper-numbers/-/helper-numbers-1.13.2.tgz 4505ms (cache miss)
npm http fetch GET 200 https://vltoss.jfrog.io/artifactory/api/npm/benchmark-npm-remote/@webassemblyjs/floating-point-hex-parser/-/floating-point-hex-parser-1.13.2.tgz 4505ms (cache miss)
npm http fetch GET 200 https://vltoss.jfrog.io/artifactory/api/npm/benchmark-npm-remote/cosmiconfig/-/cosmiconfig-8.3.6.tgz 4580ms (cache miss)
npm http fetch GET 200 https://vltoss.jfrog.io/artifactory/api/npm/benchmark-npm-remote/tmpl/-/tmpl-1.0.5.tgz 4528ms (cache miss)
npm http fetch GET 200 https://vltoss.jfrog.io/artifactory/api/npm/benchmark-npm-remote/socks/-/socks-2.8.10.tgz 4629ms (cache miss)
npm http fetch GET 200 https://vltoss.jfrog.io/artifactory/api/npm/benchmark-npm-remote/safer-buffer/-/safer-buffer-2.1.2.tgz 4564ms (cache miss)
npm http fetch GET 200 https://vltoss.jfrog.io/artifactory/api/npm/benchmark-npm-remote/@webassemblyjs/helper-wasm-bytecode/-/helper-wasm-bytecode-1.13.2.tgz 4562ms (cache miss)
npm http fetch GET 200 https://vltoss.jfrog.io/artifactory/api/npm/benchmark-npm-remote/ts-debounce/-/ts-debounce-4.0.0.tgz 4605ms (cache miss)
npm http fetch GET 200 https://vltoss.jfrog.io/artifactory/api/npm/benchmark-npm-remote/jest-image-snapshot/-/jest-image-snapshot-6.5.2.tgz 4606ms (cache miss)
npm http fetch GET 200 https://vltoss.jfrog.io/artifactory/api/npm/benchmark-npm-remote/chrome-trace-event/-/chrome-trace-event-1.0.4.tgz 4583ms (cache miss)
npm http fetch GET 200 https://vltoss.jfrog.io/artifactory/api/npm/benchmark-npm-remote/is-boolean-object/-/is-boolean-object-1.2.2.tgz 4591ms (cache miss)
npm http fetch GET 200 https://vltoss.jfrog.io/artifactory/api/npm/benchmark-npm-remote/is-async-function/-/is-async-function-2.1.1.tgz 4592ms (cache miss)
npm http fetch GET 200 https://vltoss.jfrog.io/artifactory/api/npm/benchmark-npm-remote/makeerror/-/makeerror-1.0.12.tgz 4587ms (cache miss)
npm http fetch GET 200 https://vltoss.jfrog.io/artifactory/api/npm/benchmark-npm-remote/sprintf-js/-/sprintf-js-1.0.3.tgz 4631ms (cache miss)
npm http fetch GET 200 https://vltoss.jfrog.io/artifactory/api/npm/benchmark-npm-remote/wildcard/-/wildcard-2.0.1.tgz 4626ms (cache miss)
npm http fetch GET 200 https://vltoss.jfrog.io/artifactory/api/npm/benchmark-npm-remote/@types/unist/-/unist-3.0.3.tgz 4621ms (cache miss)
npm http fetch GET 200 https://vltoss.jfrog.io/artifactory/api/npm/benchmark-npm-remote/@webassemblyjs/wasm-edit/-/wasm-edit-1.14.1.tgz 4650ms (cache miss)
npm http fetch GET 200 https://vltoss.jfrog.io/artifactory/api/npm/benchmark-npm-remote/has-bigints/-/has-bigints-1.1.0.tgz 4649ms (cache miss)
npm http fetch GET 200 https://vltoss.jfrog.io/artifactory/api/npm/benchmark-npm-remote/embla-carousel-autoplay/-/embla-carousel-autoplay-8.6.0.tgz 4707ms (cache miss)
npm http fetch GET 200 https://vltoss.jfrog.io/artifactory/api/npm/benchmark-npm-remote/@types/json5/-/json5-0.0.29.tgz 4666ms (cache miss)
npm http fetch GET 200 https://vltoss.jfrog.io/artifactory/api/npm/benchmark-npm-remote/@tsconfig/node10/-/node10-1.0.13.tgz 4665ms (cache miss)
npm http fetch GET 200 https://vltoss.jfrog.io/artifactory/api/npm/benchmark-npm-remote/@tsconfig/node16/-/node16-1.0.4.tgz 4666ms (cache miss)
npm http fetch GET 200 https://vltoss.jfrog.io/artifactory/api/npm/benchmark-npm-remote/@tsconfig/node12/-/node12-1.0.11.tgz 4667ms (cache miss)
npm http fetch GET 200 https://vltoss.jfrog.io/artifactory/api/npm/benchmark-npm-remote/@tsconfig/node14/-/node14-1.0.3.tgz 4667ms (cache miss)
npm http fetch GET 200 https://vltoss.jfrog.io/artifactory/api/npm/benchmark-npm-remote/yn/-/yn-3.1.1.tgz 4692ms (cache miss)
npm http fetch GET 200 https://vltoss.jfrog.io/artifactory/api/npm/benchmark-npm-remote/create-require/-/create-require-1.1.1.tgz 4691ms (cache miss)
npm http fetch GET 200 https://vltoss.jfrog.io/artifactory/api/npm/benchmark-npm-remote/@types/yargs-parser/-/yargs-parser-21.0.3.tgz 4691ms (cache miss)
npm http fetch GET 200 https://vltoss.jfrog.io/artifactory/api/npm/benchmark-npm-remote/@jest/schemas/-/schemas-29.6.3.tgz 4691ms (cache miss)
npm http fetch GET 200 https://vltoss.jfrog.io/artifactory/api/npm/benchmark-npm-remote/chownr/-/chownr-1.1.4.tgz 4690ms (cache miss)
npm http fetch GET 200 https://vltoss.jfrog.io/artifactory/api/npm/benchmark-npm-remote/char-regex/-/char-regex-1.0.2.tgz 4691ms (cache miss)
npm http fetch GET 200 https://vltoss.jfrog.io/artifactory/api/npm/benchmark-npm-remote/@webassemblyjs/helper-wasm-section/-/helper-wasm-section-1.14.1.tgz 4705ms (cache miss)
npm http fetch GET 200 https://vltoss.jfrog.io/artifactory/api/npm/benchmark-npm-remote/which-boxed-primitive/-/which-boxed-primitive-1.1.1.tgz 4702ms (cache miss)
npm http fetch GET 200 https://vltoss.jfrog.io/artifactory/api/npm/benchmark-npm-remote/@types/hast/-/hast-3.0.5.tgz 4702ms (cache miss)
npm http fetch GET 200 https://vltoss.jfrog.io/artifactory/api/npm/benchmark-npm-remote/global-prefix/-/global-prefix-4.0.0.tgz 4723ms (cache miss)
npm http fetch GET 200 https://vltoss.jfrog.io/artifactory/api/npm/benchmark-npm-remote/make-error/-/make-error-1.3.6.tgz 4720ms (cache miss)
npm http fetch GET 200 https://vltoss.jfrog.io/artifactory/api/npm/benchmark-npm-remote/is-number/-/is-number-7.0.0.tgz 4720ms (cache miss)
npm http fetch GET 200 https://vltoss.jfrog.io/artifactory/api/npm/benchmark-npm-remote/spdx-exceptions/-/spdx-exceptions-2.5.0.tgz 4722ms (cache miss)
npm http fetch GET 200 https://vltoss.jfrog.io/artifactory/api/npm/benchmark-npm-remote/@webassemblyjs/utf8/-/utf8-1.13.2.tgz 4736ms (cache miss)
npm http fetch GET 200 https://vltoss.jfrog.io/artifactory/api/npm/benchmark-npm-remote/@shikijs/types/-/types-3.23.0.tgz 4731ms (cache miss)
npm http fetch GET 200 https://vltoss.jfrog.io/artifactory/api/npm/benchmark-npm-remote/re-resizable/-/re-resizable-6.11.2.tgz 4770ms (cache miss)
npm http fetch GET 200 https://vltoss.jfrog.io/artifactory/api/npm/benchmark-npm-remote/arg/-/arg-4.1.3.tgz 4748ms (cache miss)
npm http fetch GET 200 https://vltoss.jfrog.io/artifactory/api/npm/benchmark-npm-remote/spdx-license-ids/-/spdx-license-ids-3.0.24.tgz 4745ms (cache miss)
npm http fetch GET 200 https://vltoss.jfrog.io/artifactory/api/npm/benchmark-npm-remote/mimic-response/-/mimic-response-3.1.0.tgz 4747ms (cache miss)
npm http fetch GET 200 https://vltoss.jfrog.io/artifactory/api/npm/benchmark-npm-remote/decompress-response/-/decompress-response-6.0.0.tgz 4747ms (cache miss)
npm http fetch GET 200 https://vltoss.jfrog.io/artifactory/api/npm/benchmark-npm-remote/buffer-from/-/buffer-from-1.1.2.tgz 4748ms (cache miss)
npm http fetch GET 200 https://vltoss.jfrog.io/artifactory/api/npm/benchmark-npm-remote/shebang-regex/-/shebang-regex-3.0.0.tgz 4747ms (cache miss)
npm http fetch GET 200 https://vltoss.jfrog.io/artifactory/api/npm/benchmark-npm-remote/isarray/-/isarray-2.0.5.tgz 4748ms (cache miss)
npm http fetch GET 200 https://vltoss.jfrog.io/artifactory/api/npm/benchmark-npm-remote/@babel/helper-define-polyfill-provider/-/helper-define-polyfill-provider-0.6.8.tgz 4844ms (cache miss)
npm http fetch GET 200 https://vltoss.jfrog.io/artifactory/api/npm/benchmark-npm-remote/stylis/-/stylis-4.4.0.tgz 4822ms (cache miss)
npm http fetch GET 200 https://vltoss.jfrog.io/artifactory/api/npm/benchmark-npm-remote/@dnd-kit/modifiers/-/modifiers-9.0.0.tgz 4809ms (cache miss)
npm http fetch GET 200 https://vltoss.jfrog.io/artifactory/api/npm/benchmark-npm-remote/lodash.memoize/-/lodash.memoize-4.1.2.tgz 4776ms (cache miss)
npm http fetch GET 200 https://vltoss.jfrog.io/artifactory/api/npm/benchmark-npm-remote/simple-concat/-/simple-concat-1.0.1.tgz 4776ms (cache miss)
npm http fetch GET 200 https://vltoss.jfrog.io/artifactory/api/npm/benchmark-npm-remote/@babel/preset-modules/-/preset-modules-0.1.6-no-external-plugins.tgz 4864ms (cache miss)
npm http fetch GET 200 https://vltoss.jfrog.io/artifactory/api/npm/benchmark-npm-remote/embla-carousel-fade/-/embla-carousel-fade-8.6.0.tgz 4845ms (cache miss)
npm http fetch GET 200 https://vltoss.jfrog.io/artifactory/api/npm/benchmark-npm-remote/browserstack-local/-/browserstack-local-1.5.15.tgz 4835ms (cache miss)
npm http fetch GET 200 https://vltoss.jfrog.io/artifactory/api/npm/benchmark-npm-remote/kind-of/-/kind-of-6.0.3.tgz 4806ms (cache miss)
npm http fetch GET 200 https://vltoss.jfrog.io/artifactory/api/npm/benchmark-npm-remote/v8-compile-cache-lib/-/v8-compile-cache-lib-3.0.1.tgz 4806ms (cache miss)
npm http fetch GET 200 https://vltoss.jfrog.io/artifactory/api/npm/benchmark-npm-remote/is-generator-function/-/is-generator-function-1.1.2.tgz 4821ms (cache miss)
npm http fetch GET 200 https://vltoss.jfrog.io/artifactory/api/npm/benchmark-npm-remote/side-channel-weakmap/-/side-channel-weakmap-1.0.2.tgz 4804ms (cache miss)
npm http fetch GET 200 https://vltoss.jfrog.io/artifactory/api/npm/benchmark-npm-remote/path-parse/-/path-parse-1.0.7.tgz 4803ms (cache miss)
npm http fetch GET 200 https://vltoss.jfrog.io/artifactory/api/npm/benchmark-npm-remote/@types/eslint/-/eslint-9.6.1.tgz 4879ms (cache miss)
npm http fetch GET 200 https://vltoss.jfrog.io/artifactory/api/npm/benchmark-npm-remote/acorn-walk/-/acorn-walk-8.3.5.tgz 4852ms (cache miss)
npm http fetch GET 200 https://vltoss.jfrog.io/artifactory/api/npm/benchmark-npm-remote/side-channel-list/-/side-channel-list-1.0.1.tgz 4855ms (cache miss)
npm http fetch GET 200 https://vltoss.jfrog.io/artifactory/api/npm/benchmark-npm-remote/side-channel-map/-/side-channel-map-1.0.1.tgz 4858ms (cache miss)
npm http fetch GET 200 https://vltoss.jfrog.io/artifactory/api/npm/benchmark-npm-remote/queue-microtask/-/queue-microtask-1.2.3.tgz 4856ms (cache miss)
npm http fetch GET 200 https://vltoss.jfrog.io/artifactory/api/npm/benchmark-npm-remote/ini/-/ini-1.3.8.tgz 4856ms (cache miss)
npm http fetch GET 200 https://vltoss.jfrog.io/artifactory/api/npm/benchmark-npm-remote/punycode/-/punycode-2.3.1.tgz 4871ms (cache miss)
npm http fetch GET 200 https://vltoss.jfrog.io/artifactory/api/npm/benchmark-npm-remote/punycode.js/-/punycode.js-2.3.1.tgz 4871ms (cache miss)
npm http fetch GET 200 https://vltoss.jfrog.io/artifactory/api/npm/benchmark-npm-remote/linkify-it/-/linkify-it-5.0.2.tgz 4871ms (cache miss)
npm http fetch GET 200 https://vltoss.jfrog.io/artifactory/api/npm/benchmark-npm-remote/for-each/-/for-each-0.3.5.tgz 4869ms (cache miss)
npm http fetch GET 200 https://vltoss.jfrog.io/artifactory/api/npm/benchmark-npm-remote/sisteransi/-/sisteransi-1.0.5.tgz 4925ms (cache miss)
npm http fetch GET 200 https://vltoss.jfrog.io/artifactory/api/npm/benchmark-npm-remote/mkdirp-classic/-/mkdirp-classic-0.5.3.tgz 4924ms (cache miss)
npm http fetch GET 200 https://vltoss.jfrog.io/artifactory/api/npm/benchmark-npm-remote/expand-template/-/expand-template-2.0.3.tgz 4924ms (cache miss)
npm http fetch GET 200 https://vltoss.jfrog.io/artifactory/api/npm/benchmark-npm-remote/supports-preserve-symlinks-flag/-/supports-preserve-symlinks-flag-1.0.0.tgz 4928ms (cache miss)
npm http fetch GET 200 https://vltoss.jfrog.io/artifactory/api/npm/benchmark-npm-remote/deep-extend/-/deep-extend-0.6.0.tgz 4927ms (cache miss)
npm http fetch GET 200 https://vltoss.jfrog.io/artifactory/api/npm/benchmark-npm-remote/@jridgewell/source-map/-/source-map-0.3.11.tgz 4945ms (cache miss)
npm http fetch GET 200 https://vltoss.jfrog.io/artifactory/api/npm/benchmark-npm-remote/uc.micro/-/uc.micro-2.1.0.tgz 4940ms (cache miss)
npm http fetch GET 200 https://vltoss.jfrog.io/artifactory/api/npm/benchmark-npm-remote/mdurl/-/mdurl-2.1.0.tgz 4940ms (cache miss)
npm http fetch GET 200 https://vltoss.jfrog.io/artifactory/api/npm/benchmark-npm-remote/@dnd-kit/accessibility/-/accessibility-3.1.1.tgz 4995ms (cache miss)
npm http fetch GET 200 https://vltoss.jfrog.io/artifactory/api/npm/benchmark-npm-remote/@rollup/plugin-typescript/-/plugin-typescript-11.1.6.tgz 4988ms (cache miss)
npm http fetch GET 200 https://vltoss.jfrog.io/artifactory/api/npm/benchmark-npm-remote/kleur/-/kleur-3.0.3.tgz 4957ms (cache miss)
npm http fetch GET 200 https://vltoss.jfrog.io/artifactory/api/npm/benchmark-npm-remote/napi-build-utils/-/napi-build-utils-2.0.0.tgz 4956ms (cache miss)
npm http fetch GET 200 https://vltoss.jfrog.io/artifactory/api/npm/benchmark-npm-remote/node-abi/-/node-abi-3.96.0.tgz 4957ms (cache miss)
npm http fetch GET 200 https://vltoss.jfrog.io/artifactory/api/npm/benchmark-npm-remote/pump/-/pump-3.0.4.tgz 4958ms (cache miss)
npm http fetch GET 200 https://vltoss.jfrog.io/artifactory/api/npm/benchmark-npm-remote/set-function-name/-/set-function-name-2.0.2.tgz 4960ms (cache miss)
npm http fetch GET 200 https://vltoss.jfrog.io/artifactory/api/npm/benchmark-npm-remote/wrappy/-/wrappy-1.0.2.tgz 4959ms (cache miss)
npm http fetch GET 200 https://vltoss.jfrog.io/artifactory/api/npm/benchmark-npm-remote/usehooks-ts/-/usehooks-ts-3.1.1.tgz 5015ms (cache miss)
npm http fetch GET 200 https://vltoss.jfrog.io/artifactory/api/npm/benchmark-npm-remote/react-is/-/react-is-17.0.2.tgz 4985ms (cache miss)
npm http fetch GET 200 https://vltoss.jfrog.io/artifactory/api/npm/benchmark-npm-remote/tunnel-agent/-/tunnel-agent-0.6.0.tgz 4985ms (cache miss)
npm http fetch GET 200 https://vltoss.jfrog.io/artifactory/api/npm/benchmark-npm-remote/which-builtin-type/-/which-builtin-type-1.2.1.tgz 4996ms (cache miss)
npm http fetch GET 200 https://vltoss.jfrog.io/artifactory/api/npm/benchmark-npm-remote/@jsonjoy.com/fs-node/-/fs-node-4.80.0.tgz 5123ms (cache miss)
npm http fetch GET 200 https://vltoss.jfrog.io/artifactory/api/npm/benchmark-npm-remote/ip-address/-/ip-address-10.7.2.tgz 5099ms (cache miss)
npm http fetch GET 200 https://vltoss.jfrog.io/artifactory/api/npm/benchmark-npm-remote/yocto-queue/-/yocto-queue-0.1.0.tgz 4987ms (cache miss)
npm http fetch GET 200 https://vltoss.jfrog.io/artifactory/api/npm/benchmark-npm-remote/is-arrayish/-/is-arrayish-0.2.1.tgz 4987ms (cache miss)
npm http fetch GET 200 https://vltoss.jfrog.io/artifactory/api/npm/benchmark-npm-remote/simple-get/-/simple-get-4.0.1.tgz 5014ms (cache miss)
npm http fetch GET 200 https://vltoss.jfrog.io/artifactory/api/npm/benchmark-npm-remote/rc/-/rc-1.2.8.tgz 5014ms (cache miss)
npm http fetch GET 200 https://vltoss.jfrog.io/artifactory/api/npm/benchmark-npm-remote/deep-is/-/deep-is-0.1.4.tgz 5015ms (cache miss)
npm http fetch GET 200 https://vltoss.jfrog.io/artifactory/api/npm/benchmark-npm-remote/fast-levenshtein/-/fast-levenshtein-2.0.6.tgz 5015ms (cache miss)
npm http fetch GET 200 https://vltoss.jfrog.io/artifactory/api/npm/benchmark-npm-remote/error-ex/-/error-ex-1.3.4.tgz 5017ms (cache miss)
npm http fetch GET 200 https://vltoss.jfrog.io/artifactory/api/npm/benchmark-npm-remote/word-wrap/-/word-wrap-1.2.5.tgz 5016ms (cache miss)
npm http fetch GET 200 https://vltoss.jfrog.io/artifactory/api/npm/benchmark-npm-remote/wrap-ansi/-/wrap-ansi-7.0.0.tgz 5016ms (cache miss)
npm http fetch GET 200 https://vltoss.jfrog.io/artifactory/api/npm/benchmark-npm-remote/json-parse-even-better-errors/-/json-parse-even-better-errors-2.3.1.tgz 5018ms (cache miss)
npm http fetch GET 200 https://vltoss.jfrog.io/artifactory/api/npm/benchmark-npm-remote/@pkgr/core/-/core-0.1.2.tgz 5042ms (cache miss)
npm http fetch GET 200 https://vltoss.jfrog.io/artifactory/api/npm/benchmark-npm-remote/util-deprecate/-/util-deprecate-1.0.2.tgz 5039ms (cache miss)
npm http fetch GET 200 https://vltoss.jfrog.io/artifactory/api/npm/benchmark-npm-remote/string-width/-/string-width-4.2.3.tgz 5039ms (cache miss)
npm http fetch GET 200 https://vltoss.jfrog.io/artifactory/api/npm/benchmark-npm-remote/restore-cursor/-/restore-cursor-3.1.0.tgz 5039ms (cache miss)
npm http fetch GET 200 https://vltoss.jfrog.io/artifactory/api/npm/benchmark-npm-remote/winston-transport/-/winston-transport-4.9.0.tgz 5091ms (cache miss)
npm http fetch GET 200 https://vltoss.jfrog.io/artifactory/api/npm/benchmark-npm-remote/github-from-package/-/github-from-package-0.0.0.tgz 5067ms (cache miss)
npm http fetch GET 200 https://vltoss.jfrog.io/artifactory/api/npm/benchmark-npm-remote/wcwidth/-/wcwidth-1.0.1.tgz 5068ms (cache miss)
npm http fetch GET 200 https://vltoss.jfrog.io/artifactory/api/npm/benchmark-npm-remote/tree-kill/-/tree-kill-1.2.2.tgz 5068ms (cache miss)
npm http fetch GET 200 https://vltoss.jfrog.io/artifactory/api/npm/benchmark-npm-remote/@fluentui/keyboard-keys/-/keyboard-keys-9.0.9.tgz 5140ms (cache miss)
npm http fetch GET 200 https://vltoss.jfrog.io/artifactory/api/npm/benchmark-npm-remote/@rollup/plugin-node-resolve/-/plugin-node-resolve-15.3.1.tgz 5124ms (cache miss)
npm http fetch GET 200 https://vltoss.jfrog.io/artifactory/api/npm/benchmark-npm-remote/string_decoder/-/string_decoder-1.3.0.tgz 5092ms (cache miss)
npm http fetch GET 200 https://vltoss.jfrog.io/artifactory/api/npm/benchmark-npm-remote/require-directory/-/require-directory-2.1.1.tgz 5092ms (cache miss)
npm http fetch GET 200 https://vltoss.jfrog.io/artifactory/api/npm/benchmark-npm-remote/once/-/once-1.4.0.tgz 5091ms (cache miss)
npm http fetch GET 200 https://vltoss.jfrog.io/artifactory/api/npm/benchmark-npm-remote/mimic-fn/-/mimic-fn-2.1.0.tgz 5092ms (cache miss)
npm http fetch GET 200 https://vltoss.jfrog.io/artifactory/api/npm/benchmark-npm-remote/react-refresh-typescript/-/react-refresh-typescript-2.0.12.tgz 5151ms (cache miss)
npm http fetch GET 200 https://vltoss.jfrog.io/artifactory/api/npm/benchmark-npm-remote/@recast-navigation/generators/-/generators-0.43.1.tgz 5146ms (cache miss)
npm http fetch GET 200 https://vltoss.jfrog.io/artifactory/api/npm/benchmark-npm-remote/proxy-from-env/-/proxy-from-env-2.1.0.tgz 5117ms (cache miss)
npm http fetch GET 200 https://vltoss.jfrog.io/artifactory/api/npm/benchmark-npm-remote/lines-and-columns/-/lines-and-columns-2.0.3.tgz 5117ms (cache miss)
npm http fetch GET 200 https://vltoss.jfrog.io/artifactory/api/npm/benchmark-npm-remote/is-unicode-supported/-/is-unicode-supported-0.1.0.tgz 5118ms (cache miss)
npm http fetch GET 200 https://vltoss.jfrog.io/artifactory/api/npm/benchmark-npm-remote/is-docker/-/is-docker-2.2.1.tgz 5117ms (cache miss)
npm http fetch GET 200 https://vltoss.jfrog.io/artifactory/api/npm/benchmark-npm-remote/@types/yargs/-/yargs-17.0.35.tgz 5150ms (cache miss)
npm http fetch GET 200 https://vltoss.jfrog.io/artifactory/api/npm/benchmark-npm-remote/@webassemblyjs/leb128/-/leb128-1.13.2.tgz 5162ms (cache miss)
npm http fetch GET 200 https://vltoss.jfrog.io/artifactory/api/npm/benchmark-npm-remote/mime-types/-/mime-types-2.1.35.tgz 5143ms (cache miss)
npm http fetch GET 200 https://vltoss.jfrog.io/artifactory/api/npm/benchmark-npm-remote/log-symbols/-/log-symbols-4.1.0.tgz 5142ms (cache miss)
npm http fetch GET 200 https://vltoss.jfrog.io/artifactory/api/npm/benchmark-npm-remote/is-wsl/-/is-wsl-2.2.0.tgz 5142ms (cache miss)
npm http fetch GET 200 https://vltoss.jfrog.io/artifactory/api/npm/benchmark-npm-remote/is-fullwidth-code-point/-/is-fullwidth-code-point-3.0.0.tgz 5142ms (cache miss)
npm http fetch GET 200 https://vltoss.jfrog.io/artifactory/api/npm/benchmark-npm-remote/is-interactive/-/is-interactive-1.0.0.tgz 5142ms (cache miss)
npm http fetch GET 200 https://vltoss.jfrog.io/artifactory/api/npm/benchmark-npm-remote/ieee754/-/ieee754-1.2.1.tgz 5142ms (cache miss)
npm http fetch GET 200 https://vltoss.jfrog.io/artifactory/api/npm/benchmark-npm-remote/inherits/-/inherits-2.0.4.tgz 5143ms (cache miss)
npm http fetch GET 200 https://vltoss.jfrog.io/artifactory/api/npm/benchmark-npm-remote/fs-constants/-/fs-constants-1.0.0.tgz 5142ms (cache miss)
npm http fetch GET 200 https://vltoss.jfrog.io/artifactory/api/npm/benchmark-npm-remote/@babel/helper-create-class-features-plugin/-/helper-create-class-features-plugin-7.29.7.tgz 5245ms (cache miss)
npm http fetch GET 200 https://vltoss.jfrog.io/artifactory/api/npm/benchmark-npm-remote/magic-string/-/magic-string-0.30.21.tgz 5230ms (cache miss)
npm http fetch GET 200 https://vltoss.jfrog.io/artifactory/api/npm/benchmark-npm-remote/@fluentui/react-context-selector/-/react-context-selector-9.2.20.tgz 5224ms (cache miss)
npm http fetch GET 200 https://vltoss.jfrog.io/artifactory/api/npm/benchmark-npm-remote/html-webpack-plugin/-/html-webpack-plugin-5.6.8.tgz 5209ms (cache miss)
npm http fetch GET 200 https://vltoss.jfrog.io/artifactory/api/npm/benchmark-npm-remote/y18n/-/y18n-5.0.8.tgz 5179ms (cache miss)
npm http fetch GET 200 https://vltoss.jfrog.io/artifactory/api/npm/benchmark-npm-remote/tar-stream/-/tar-stream-2.2.0.tgz 5178ms (cache miss)
npm http fetch GET 200 https://vltoss.jfrog.io/artifactory/api/npm/benchmark-npm-remote/ora/-/ora-5.3.0.tgz 5176ms (cache miss)
npm http fetch GET 200 https://vltoss.jfrog.io/artifactory/api/npm/benchmark-npm-remote/has-flag/-/has-flag-4.0.0.tgz 5175ms (cache miss)
npm http fetch GET 200 https://vltoss.jfrog.io/artifactory/api/npm/benchmark-npm-remote/get-caller-file/-/get-caller-file-2.0.5.tgz 5174ms (cache miss)
npm http fetch GET 200 https://vltoss.jfrog.io/artifactory/api/npm/benchmark-npm-remote/fast-diff/-/fast-diff-1.3.0.tgz 5205ms (cache miss)
npm http fetch GET 200 https://vltoss.jfrog.io/artifactory/api/npm/benchmark-npm-remote/@shikijs/vscode-textmate/-/vscode-textmate-10.0.2.tgz 5217ms (cache miss)
npm http fetch GET 200 https://vltoss.jfrog.io/artifactory/api/npm/benchmark-npm-remote/reflect.getprototypeof/-/reflect.getprototypeof-1.0.10.tgz 5216ms (cache miss)
npm http fetch GET 200 https://vltoss.jfrog.io/artifactory/api/npm/benchmark-npm-remote/safe-buffer/-/safe-buffer-5.2.1.tgz 5204ms (cache miss)
npm http fetch GET 200 https://vltoss.jfrog.io/artifactory/api/npm/benchmark-npm-remote/@webassemblyjs/wasm-parser/-/wasm-parser-1.14.1.tgz 5245ms (cache miss)
npm http fetch GET 200 https://vltoss.jfrog.io/artifactory/api/npm/benchmark-npm-remote/tmp/-/tmp-0.2.7.tgz 5231ms (cache miss)
npm http fetch GET 200 https://vltoss.jfrog.io/artifactory/api/npm/benchmark-npm-remote/figures/-/figures-3.2.0.tgz 5227ms (cache miss)
npm http fetch GET 200 https://vltoss.jfrog.io/artifactory/api/npm/benchmark-npm-remote/end-of-stream/-/end-of-stream-1.4.5.tgz 5226ms (cache miss)
npm http fetch GET 200 https://vltoss.jfrog.io/artifactory/api/npm/benchmark-npm-remote/define-lazy-prop/-/define-lazy-prop-2.0.0.tgz 5225ms (cache miss)
npm http fetch GET 200 https://vltoss.jfrog.io/artifactory/api/npm/benchmark-npm-remote/defaults/-/defaults-1.0.4.tgz 5226ms (cache miss)
npm http fetch GET 200 https://vltoss.jfrog.io/artifactory/api/npm/benchmark-npm-remote/@peculiar/asn1-pfx/-/asn1-pfx-2.10.0.tgz 5393ms (cache miss)
npm http fetch GET 200 https://vltoss.jfrog.io/artifactory/api/npm/benchmark-npm-remote/open/-/open-8.4.2.tgz 5257ms (cache miss)
npm http fetch GET 200 https://vltoss.jfrog.io/artifactory/api/npm/benchmark-npm-remote/delayed-stream/-/delayed-stream-1.0.0.tgz 5253ms (cache miss)
npm http fetch GET 200 https://vltoss.jfrog.io/artifactory/api/npm/benchmark-npm-remote/clone/-/clone-1.0.4.tgz 5253ms (cache miss)
npm http fetch GET 200 https://vltoss.jfrog.io/artifactory/api/npm/benchmark-npm-remote/combined-stream/-/combined-stream-1.0.8.tgz 5253ms (cache miss)
npm http fetch GET 200 https://vltoss.jfrog.io/artifactory/api/npm/benchmark-npm-remote/flat/-/flat-5.0.2.tgz 5284ms (cache miss)
npm http fetch GET 200 https://vltoss.jfrog.io/artifactory/api/npm/benchmark-npm-remote/dotenv-expand/-/dotenv-expand-12.0.3.tgz 5284ms (cache miss)
npm http fetch GET 200 https://vltoss.jfrog.io/artifactory/api/npm/benchmark-npm-remote/is-finalizationregistry/-/is-finalizationregistry-1.1.1.tgz 5284ms (cache miss)
npm http fetch GET 200 https://vltoss.jfrog.io/artifactory/api/npm/benchmark-npm-remote/ansi-regex/-/ansi-regex-5.0.1.tgz 5282ms (cache miss)
npm http fetch GET 200 https://vltoss.jfrog.io/artifactory/api/npm/benchmark-npm-remote/cli-cursor/-/cli-cursor-3.1.0.tgz 5284ms (cache miss)
npm http fetch GET 200 https://vltoss.jfrog.io/artifactory/api/npm/benchmark-npm-remote/escalade/-/escalade-3.2.0.tgz 5309ms (cache miss)
npm http fetch GET 200 https://vltoss.jfrog.io/artifactory/api/npm/benchmark-npm-remote/cli-spinners/-/cli-spinners-2.6.1.tgz 5309ms (cache miss)
npm http fetch GET 200 https://vltoss.jfrog.io/artifactory/api/npm/benchmark-npm-remote/cliui/-/cliui-8.0.1.tgz 5339ms (cache miss)
npm http fetch GET 200 https://vltoss.jfrog.io/artifactory/api/npm/benchmark-npm-remote/base64-js/-/base64-js-1.5.1.tgz 5338ms (cache miss)
npm http fetch GET 200 https://vltoss.jfrog.io/artifactory/api/npm/benchmark-npm-remote/@babel/plugin-transform-regenerator/-/plugin-transform-regenerator-7.29.8.tgz 5433ms (cache miss)
npm http fetch GET 200 https://vltoss.jfrog.io/artifactory/api/npm/benchmark-npm-remote/parse-statements/-/parse-statements-1.0.11.tgz 5368ms (cache miss)
npm http fetch GET 200 https://vltoss.jfrog.io/artifactory/api/npm/benchmark-npm-remote/p-locate/-/p-locate-5.0.0.tgz 5356ms (cache miss)
npm http fetch GET 200 https://vltoss.jfrog.io/artifactory/api/npm/benchmark-npm-remote/@jest/types/-/types-29.6.3.tgz 5397ms (cache miss)
npm http fetch GET 200 https://vltoss.jfrog.io/artifactory/api/npm/benchmark-npm-remote/follow-redirects/-/follow-redirects-1.16.0.tgz 5386ms (cache miss)
npm http fetch GET 200 https://vltoss.jfrog.io/artifactory/api/npm/benchmark-npm-remote/yallist/-/yallist-3.1.1.tgz 5381ms (cache miss)
npm http fetch GET 200 https://vltoss.jfrog.io/artifactory/api/npm/benchmark-npm-remote/json-buffer/-/json-buffer-3.0.1.tgz 5382ms (cache miss)
npm http fetch GET 200 https://vltoss.jfrog.io/artifactory/api/npm/benchmark-npm-remote/@parcel/watcher/-/watcher-2.6.0.tgz 5531ms (cache miss)
npm http fetch GET 200 https://vltoss.jfrog.io/artifactory/api/npm/benchmark-npm-remote/@rollup/plugin-commonjs/-/plugin-commonjs-26.0.3.tgz 5475ms (cache miss)
npm http fetch GET 200 https://vltoss.jfrog.io/artifactory/api/npm/benchmark-npm-remote/esprima/-/esprima-4.0.1.tgz 5470ms (cache miss)
npm http fetch GET 200 https://vltoss.jfrog.io/artifactory/api/npm/benchmark-npm-remote/detect-libc/-/detect-libc-2.1.2.tgz 5447ms (cache miss)
npm http fetch GET 200 https://vltoss.jfrog.io/artifactory/api/npm/benchmark-npm-remote/type-check/-/type-check-0.4.0.tgz 5435ms (cache miss)
npm http fetch GET 200 https://vltoss.jfrog.io/artifactory/api/npm/benchmark-npm-remote/nyc/-/nyc-17.1.0.tgz 5506ms (cache miss)
npm http fetch GET 200 https://vltoss.jfrog.io/artifactory/api/npm/benchmark-npm-remote/@cspotcode/source-map-support/-/source-map-support-0.8.1.tgz 5474ms (cache miss)
npm http fetch GET 200 https://vltoss.jfrog.io/artifactory/api/npm/benchmark-npm-remote/xml-name-validator/-/xml-name-validator-5.0.0.tgz 5457ms (cache miss)
npm http fetch GET 200 https://vltoss.jfrog.io/artifactory/api/npm/benchmark-npm-remote/whatwg-encoding/-/whatwg-encoding-3.1.1.tgz 5457ms (cache miss)
npm warn deprecated whatwg-encoding@3.1.1: Use @exodus/bytes instead for a more spec-conformant and faster implementation
npm http fetch GET 200 https://vltoss.jfrog.io/artifactory/api/npm/benchmark-npm-remote/is-potential-custom-element-name/-/is-potential-custom-element-name-1.0.1.tgz 5456ms (cache miss)
npm http fetch GET 200 https://vltoss.jfrog.io/artifactory/api/npm/benchmark-npm-remote/@xtuc/long/-/long-4.2.2.tgz 5512ms (cache miss)
npm http fetch GET 200 https://vltoss.jfrog.io/artifactory/api/npm/benchmark-npm-remote/@jest/diff-sequences/-/diff-sequences-30.0.1.tgz 5486ms (cache miss)
npm http fetch GET 200 https://vltoss.jfrog.io/artifactory/api/npm/benchmark-npm-remote/fecha/-/fecha-4.2.3.tgz 5540ms (cache miss)
npm http fetch GET 200 https://vltoss.jfrog.io/artifactory/api/npm/benchmark-npm-remote/@csstools/css-parser-algorithms/-/css-parser-algorithms-3.0.5.tgz 5504ms (cache miss)
npm http fetch GET 200 https://vltoss.jfrog.io/artifactory/api/npm/benchmark-npm-remote/html-encoding-sniffer/-/html-encoding-sniffer-4.0.0.tgz 5502ms (cache miss)
npm http fetch GET 200 https://vltoss.jfrog.io/artifactory/api/npm/benchmark-npm-remote/leven/-/leven-3.1.0.tgz 5502ms (cache miss)
npm http fetch GET 200 https://vltoss.jfrog.io/artifactory/api/npm/benchmark-npm-remote/@babel/plugin-syntax-typescript/-/plugin-syntax-typescript-7.29.7.tgz 5502ms (cache miss)
npm http fetch GET 200 https://vltoss.jfrog.io/artifactory/api/npm/benchmark-npm-remote/callsites/-/callsites-3.1.0.tgz 5502ms (cache miss)
npm http fetch GET 200 https://vltoss.jfrog.io/artifactory/api/npm/benchmark-npm-remote/strip-bom/-/strip-bom-4.0.0.tgz 5502ms (cache miss)
npm http fetch GET 200 https://vltoss.jfrog.io/artifactory/api/npm/benchmark-npm-remote/@jest/source-map/-/source-map-29.6.3.tgz 5502ms (cache miss)
npm http fetch GET 200 https://vltoss.jfrog.io/artifactory/api/npm/benchmark-npm-remote/@babel/plugin-syntax-jsx/-/plugin-syntax-jsx-7.29.7.tgz 5503ms (cache miss)
npm http fetch GET 200 https://vltoss.jfrog.io/artifactory/api/npm/benchmark-npm-remote/detect-newline/-/detect-newline-3.1.0.tgz 5503ms (cache miss)
npm http fetch GET 200 https://vltoss.jfrog.io/artifactory/api/npm/benchmark-npm-remote/webidl-conversions/-/webidl-conversions-7.0.0.tgz 5527ms (cache miss)
npm http fetch GET 200 https://vltoss.jfrog.io/artifactory/api/npm/benchmark-npm-remote/data-urls/-/data-urls-5.0.0.tgz 5527ms (cache miss)
npm http fetch GET 200 https://vltoss.jfrog.io/artifactory/api/npm/benchmark-npm-remote/@jest/globals/-/globals-29.7.0.tgz 5526ms (cache miss)
npm http fetch GET 200 https://vltoss.jfrog.io/artifactory/api/npm/benchmark-npm-remote/jest-leak-detector/-/jest-leak-detector-29.7.0.tgz 5525ms (cache miss)
npm http fetch GET 200 https://vltoss.jfrog.io/artifactory/api/npm/benchmark-npm-remote/rtl-css-js/-/rtl-css-js-1.16.1.tgz 5618ms (cache miss)
npm http fetch GET 200 https://vltoss.jfrog.io/artifactory/api/npm/benchmark-npm-remote/object.entries/-/object.entries-1.1.9.tgz 5568ms (cache miss)
npm http fetch GET 200 https://vltoss.jfrog.io/artifactory/api/npm/benchmark-npm-remote/envinfo/-/envinfo-7.21.0.tgz 5585ms (cache miss)
npm http fetch GET 200 https://vltoss.jfrog.io/artifactory/api/npm/benchmark-npm-remote/jest-docblock/-/jest-docblock-29.7.0.tgz 5549ms (cache miss)
npm http fetch GET 200 https://vltoss.jfrog.io/artifactory/api/npm/benchmark-npm-remote/@types/stack-utils/-/stack-utils-2.0.3.tgz 5550ms (cache miss)
npm http fetch GET 200 https://vltoss.jfrog.io/artifactory/api/npm/benchmark-npm-remote/@dabh/diagnostics/-/diagnostics-2.0.9.tgz 5611ms (cache miss)
npm http fetch GET 200 https://vltoss.jfrog.io/artifactory/api/npm/benchmark-npm-remote/mime-db/-/mime-db-1.52.0.tgz 5585ms (cache miss)
npm http fetch GET 200 https://vltoss.jfrog.io/artifactory/api/npm/benchmark-npm-remote/w3c-xmlserializer/-/w3c-xmlserializer-5.0.0.tgz 5575ms (cache miss)
npm http fetch GET 200 https://vltoss.jfrog.io/artifactory/api/npm/benchmark-npm-remote/symbol-tree/-/symbol-tree-3.2.4.tgz 5576ms (cache miss)
npm http fetch GET 200 https://vltoss.jfrog.io/artifactory/api/npm/benchmark-npm-remote/walker/-/walker-1.0.8.tgz 5572ms (cache miss)
npm http fetch GET 200 https://vltoss.jfrog.io/artifactory/api/npm/benchmark-npm-remote/@types/graceful-fs/-/graceful-fs-4.1.9.tgz 5572ms (cache miss)
npm http fetch GET 200 https://vltoss.jfrog.io/artifactory/api/npm/benchmark-npm-remote/resolve.exports/-/resolve.exports-2.0.3.tgz 5625ms (cache miss)
npm http fetch GET 200 https://vltoss.jfrog.io/artifactory/api/npm/benchmark-npm-remote/fb-watchman/-/fb-watchman-2.0.2.tgz 5624ms (cache miss)
npm http fetch GET 200 https://vltoss.jfrog.io/artifactory/api/npm/benchmark-npm-remote/http-proxy-agent/-/http-proxy-agent-7.0.2.tgz 5687ms (cache miss)
npm http fetch GET 200 https://vltoss.jfrog.io/artifactory/api/npm/benchmark-npm-remote/bser/-/bser-2.1.1.tgz 5684ms (cache miss)
npm http fetch GET 200 https://vltoss.jfrog.io/artifactory/api/npm/benchmark-npm-remote/@types/tough-cookie/-/tough-cookie-4.0.5.tgz 5684ms (cache miss)
npm http fetch GET 200 https://vltoss.jfrog.io/artifactory/api/npm/benchmark-npm-remote/node-int64/-/node-int64-0.4.0.tgz 5685ms (cache miss)
npm http fetch GET 200 https://vltoss.jfrog.io/artifactory/api/npm/benchmark-npm-remote/@jest/environment-jsdom-abstract/-/environment-jsdom-abstract-30.5.2.tgz 5709ms (cache miss)
npm http fetch GET 200 https://vltoss.jfrog.io/artifactory/api/npm/benchmark-npm-remote/is-generator-fn/-/is-generator-fn-2.1.0.tgz 5707ms (cache miss)
npm http fetch GET 200 https://vltoss.jfrog.io/artifactory/api/npm/benchmark-npm-remote/ajv-formats/-/ajv-formats-3.0.1.tgz 5753ms (cache miss)
npm http fetch GET 200 https://vltoss.jfrog.io/artifactory/api/npm/benchmark-npm-remote/buffer/-/buffer-5.7.1.tgz 5741ms (cache miss)
npm http fetch GET 200 https://vltoss.jfrog.io/artifactory/api/npm/benchmark-npm-remote/@csstools/color-helpers/-/color-helpers-5.1.0.tgz 5738ms (cache miss)
npm http fetch GET 200 https://vltoss.jfrog.io/artifactory/api/npm/benchmark-npm-remote/whatwg-mimetype/-/whatwg-mimetype-4.0.0.tgz 5738ms (cache miss)
npm http fetch GET 200 https://vltoss.jfrog.io/artifactory/api/npm/benchmark-npm-remote/@types/jsdom/-/jsdom-21.1.7.tgz 5731ms (cache miss)
npm http fetch GET 200 https://vltoss.jfrog.io/artifactory/api/npm/benchmark-npm-remote/@babel/plugin-syntax-private-property-in-object/-/plugin-syntax-private-property-in-object-7.14.5.tgz 5729ms (cache miss)
npm http fetch GET 200 https://vltoss.jfrog.io/artifactory/api/npm/benchmark-npm-remote/@babel/plugin-syntax-top-level-await/-/plugin-syntax-top-level-await-7.14.5.tgz 5729ms (cache miss)
npm http fetch GET 200 https://vltoss.jfrog.io/artifactory/api/npm/benchmark-npm-remote/@babel/plugin-syntax-optional-chaining/-/plugin-syntax-optional-chaining-7.8.3.tgz 5729ms (cache miss)
npm http fetch GET 200 https://jfrog-prod-use2-shared-ohio-main.s3.amazonaws.com/aol-a0eigilwc24ii/filestore/ff/fff99e3aff1ad28fe8506c6fd6e845c7b2848243?response-content-disposition=attachment%3Bfilename%3D%22rollup-linux-arm64-gnu-4.63.5.tgz%22&response-content-type=application%2Fx-gzip&X-Artifactory-username=darcy%40vlt.sh&X-Artifactory-repoType=local&X-Artifactory-repositoryKey=benchmark-npm-remote-cache&X-Artifactory-originPackageType=npm&X-Artifactory-packageType=npm&X-Artifactory-artifactPath=%40rollup%2Frollup-linux-arm64-gnu%2F-%2Frollup-linux-arm64-gnu-4.63.5.tgz&X-Artifactory-originProjectKey=benchmark&X-Artifactory-projectKey=benchmark&X-Artifactory-originRepoType=remote&X-Artifactory-originRepositoryKey=benchmark-npm-remote&x-jf-traceId=207e5f4346250cc11a840495a4ab718e&X-Amz-Security-Token=IQoJb3JpZ2luX2VjEKT%2F%2F%2F%2F%2F%2F%2F%2F%2F%2FwEaCXVzLWVhc3QtMiJGMEQCIGE05Nq07AoTr5hDsK%2Fz9lwEUN5HM86m%2BfGPbXQZ%2FdtCAiBQ3WNO7Py4EfCz88%2FeERFKKmb7UZEFCZqnchqYH%2BYuXyqSBQhtEAAaDDcyMTg4MjYxMzAzNyIMzzm3ajtO0WT7d9hxKu8EJU%2F3xYhBBgyfL1OAyamecU1X0jbcp0RFRmbFCPK6b6eD0b5PFFjEfdD8p2cGWog5gQV9Kjt8mGbno8V9mGEdwsCam5Bbm%2FBDkKc3DzTA8%2BSnMhG%2FwVTG3cA%2BpAKXKQ8TtnY7f2EWpE%2BSko0xe1FZV0H%2FY%2FVa0EGrces6gNWg4i%2FU3ui2hWlsWfnR9Bv7se7e0ZbPO8UGGNDhQkrc1x0g%2BbUYiRIfCpVul6bwyUTqx6jGJjpe%2Bl1sDZ6YVtBp5vVLV0G428zg6IhQf1%2F7311mz9n6YqiugFZK5fGBX4Xg9YY2e25tLsXYol55bdHgA9C5Cp9iGR%2BptiHCyfiPtk56HHQKqiiLlRiQU7M8eEjJprOQ7geXQAQLluWYyUiavmlhcuJa3pIzH0YL89I44H4jPfzA5e9O7mwZRn6zzpv8jN1RFX4hh0wEtgDxV9f4VU8OTXQEhtEnPMhnwMJKIHLHg7iwN%2Fc1lTY%2BaX4dlqhMtzS%2F6TOR8oca6f33A487nGSOGEHgwTFcvaQwRSd8GEmCzHHVMR7IiKGXzfjLChYJGtnYASJWrh3sOuFDp7cpfqS95qnaCE9NfTvgz2upgtyitiIifnCLk4JanJzzKN2DFkQLyDusSU1hCoxwXf6CAm8rIdbF23HkJI96fBTS3q%2FJ4tONCPjgh7IpU0kaCFHgdXyCoggFYeYn874G9QXZdKdzKo5kNZndVrPkAgjUiPhj5xOqRSk5%2BiUsw%2Fs6basSUOKYRBNURpIYOKjMKG5vkxAXFTZ1C%2Bzh6S7ARVzg845WjzH9nj3dL9TNwRScEhl8ogAsB6%2BJPR%2Fas05DTUC%2F7Nww%2Btb11QY6mgFuIXjUuJ1WiwOBL9NuEk6J3Raj8HIzuVWCggs4ILK0u0BDsDuUVlMwkNOHbsn4yLOBiD15bDxxi15B6oIbihBOqb0XjdnJtW6oYPTP%2FgSxD%2F3o7HYpkZJCBR7YmsIaaSJvBjG5m%2FUsJpbdBj%2BkC9lzNLqjIC37ZnVhmQ28RRyt5Fi%2FOsECLLOIc13O6Nk7NXpxGz3sA9MbSK7g&X-Amz-Algorithm=AWS4-HMAC-SHA256&X-Amz-Date=20260930T200515Z&X-Amz-SignedHeaders=host&X-Amz-Credential=ASIA2QE4OQUW7N476K6D%2F20260930%2Fus-east-2%2Fs3%2Faws4_request&X-Amz-Expires=30&X-Amz-Signature=f46a5c99c02b5924cbab30d75658c6aa9a01c66b32a2684c58f39a6a863f2de7 5883ms (cache miss)
npm http fetch GET 200 https://vltoss.jfrog.io/artifactory/api/npm/benchmark-npm-remote/marked/-/marked-14.0.0.tgz 5870ms (cache miss)
npm http fetch GET 200 https://vltoss.jfrog.io/artifactory/api/npm/benchmark-npm-remote/stack-utils/-/stack-utils-2.0.6.tgz 5752ms (cache miss)
npm http fetch GET 200 https://vltoss.jfrog.io/artifactory/api/npm/benchmark-npm-remote/@jest/expect/-/expect-29.7.0.tgz 5752ms (cache miss)
npm http fetch GET 200 https://vltoss.jfrog.io/artifactory/api/npm/benchmark-npm-remote/@babel/plugin-syntax-object-rest-spread/-/plugin-syntax-object-rest-spread-7.8.3.tgz 5751ms (cache miss)
npm http fetch GET 200 https://vltoss.jfrog.io/artifactory/api/npm/benchmark-npm-remote/@babel/plugin-syntax-optional-catch-binding/-/plugin-syntax-optional-catch-binding-7.8.3.tgz 5752ms (cache miss)
npm http fetch GET 200 https://vltoss.jfrog.io/artifactory/api/npm/benchmark-npm-remote/@babel/plugin-syntax-json-strings/-/plugin-syntax-json-strings-7.8.3.tgz 5751ms (cache miss)
npm http fetch GET 200 https://vltoss.jfrog.io/artifactory/api/npm/benchmark-npm-remote/@babel/plugin-syntax-numeric-separator/-/plugin-syntax-numeric-separator-7.10.4.tgz 5751ms (cache miss)
npm http fetch GET 200 https://vltoss.jfrog.io/artifactory/api/npm/benchmark-npm-remote/@babel/plugin-syntax-import-meta/-/plugin-syntax-import-meta-7.10.4.tgz 5752ms (cache miss)
npm http fetch GET 200 https://vltoss.jfrog.io/artifactory/api/npm/benchmark-npm-remote/@babel/plugin-syntax-nullish-coalescing-operator/-/plugin-syntax-nullish-coalescing-operator-7.8.3.tgz 5752ms (cache miss)
npm http fetch GET 200 https://vltoss.jfrog.io/artifactory/api/npm/benchmark-npm-remote/@babel/plugin-syntax-logical-assignment-operators/-/plugin-syntax-logical-assignment-operators-7.10.4.tgz 5752ms (cache miss)
npm http fetch GET 200 https://vltoss.jfrog.io/artifactory/api/npm/benchmark-npm-remote/type-detect/-/type-detect-4.0.8.tgz 5774ms (cache miss)
npm http fetch GET 200 https://vltoss.jfrog.io/artifactory/api/npm/benchmark-npm-remote/co/-/co-4.6.0.tgz 5773ms (cache miss)
npm http fetch GET 200 https://vltoss.jfrog.io/artifactory/api/npm/benchmark-npm-remote/@babel/plugin-syntax-class-properties/-/plugin-syntax-class-properties-7.12.13.tgz 5770ms (cache miss)
npm http fetch GET 200 https://vltoss.jfrog.io/artifactory/api/npm/benchmark-npm-remote/@babel/plugin-syntax-bigint/-/plugin-syntax-bigint-7.8.3.tgz 5771ms (cache miss)
npm http fetch GET 200 https://vltoss.jfrog.io/artifactory/api/npm/benchmark-npm-remote/@babel/plugin-syntax-class-static-block/-/plugin-syntax-class-static-block-7.14.5.tgz 5771ms (cache miss)
npm http fetch GET 200 https://vltoss.jfrog.io/artifactory/api/npm/benchmark-npm-remote/@babel/plugin-syntax-async-generators/-/plugin-syntax-async-generators-7.8.4.tgz 5771ms (cache miss)
npm http fetch GET 200 https://vltoss.jfrog.io/artifactory/api/npm/benchmark-npm-remote/rollup-plugin-dts/-/rollup-plugin-dts-6.5.1.tgz 5852ms (cache miss)
npm http fetch GET 200 https://vltoss.jfrog.io/artifactory/api/npm/benchmark-npm-remote/@fortawesome/fontawesome-svg-core/-/fontawesome-svg-core-6.7.2.tgz 5848ms (cache miss)
npm http fetch GET 200 https://vltoss.jfrog.io/artifactory/api/npm/benchmark-npm-remote/tr46/-/tr46-5.1.1.tgz 5840ms (cache miss)
npm http fetch GET 200 https://vltoss.jfrog.io/artifactory/api/npm/benchmark-npm-remote/bl/-/bl-4.1.0.tgz 5811ms (cache miss)
npm http fetch GET 200 https://vltoss.jfrog.io/artifactory/api/npm/benchmark-npm-remote/@babel/plugin-syntax-import-attributes/-/plugin-syntax-import-attributes-7.29.7.tgz 5797ms (cache miss)
npm http fetch GET 200 https://vltoss.jfrog.io/artifactory/api/npm/benchmark-npm-remote/babel-preset-current-node-syntax/-/babel-preset-current-node-syntax-1.2.0.tgz 5796ms (cache miss)
npm http fetch GET 200 https://vltoss.jfrog.io/artifactory/api/npm/benchmark-npm-remote/webpack-merge/-/webpack-merge-6.0.1.tgz 5864ms (cache miss)
npm http fetch GET 200 https://vltoss.jfrog.io/artifactory/api/npm/benchmark-npm-remote/emittery/-/emittery-0.13.1.tgz 5826ms (cache miss)
npm http fetch GET 200 https://vltoss.jfrog.io/artifactory/api/npm/benchmark-npm-remote/@types/babel__template/-/babel__template-7.4.4.tgz 5819ms (cache miss)
npm http fetch GET 200 https://vltoss.jfrog.io/artifactory/api/npm/benchmark-npm-remote/jest-get-type/-/jest-get-type-29.6.3.tgz 5818ms (cache miss)
npm http fetch GET 200 https://vltoss.jfrog.io/artifactory/api/npm/benchmark-npm-remote/babel-preset-jest/-/babel-preset-jest-29.6.3.tgz 5820ms (cache miss)
npm http fetch GET 200 https://vltoss.jfrog.io/artifactory/api/npm/benchmark-npm-remote/form-data/-/form-data-4.0.6.tgz 5858ms (cache miss)
npm http fetch GET 200 https://vltoss.jfrog.io/artifactory/api/npm/benchmark-npm-remote/parse-json/-/parse-json-5.2.0.tgz 5839ms (cache miss)
npm http fetch GET 200 https://vltoss.jfrog.io/artifactory/api/npm/benchmark-npm-remote/css-loader/-/css-loader-7.1.5.tgz 5921ms (cache miss)
npm http fetch GET 200 https://vltoss.jfrog.io/artifactory/api/npm/benchmark-npm-remote/@csstools/css-tokenizer/-/css-tokenizer-3.0.4.tgz 5874ms (cache miss)
npm http fetch GET 200 https://vltoss.jfrog.io/artifactory/api/npm/benchmark-npm-remote/@jest/fake-timers/-/fake-timers-29.7.0.tgz 5865ms (cache miss)
npm http fetch GET 200 https://vltoss.jfrog.io/artifactory/api/npm/benchmark-npm-remote/dedent/-/dedent-1.7.2.tgz 5864ms (cache miss)
npm http fetch GET 200 https://vltoss.jfrog.io/artifactory/api/npm/benchmark-npm-remote/babel-plugin-jest-hoist/-/babel-plugin-jest-hoist-29.6.3.tgz 5862ms (cache miss)
npm http fetch GET 200 https://vltoss.jfrog.io/artifactory/api/npm/benchmark-npm-remote/@jest/environment/-/environment-29.7.0.tgz 5865ms (cache miss)
npm http fetch GET 200 https://vltoss.jfrog.io/artifactory/api/npm/benchmark-npm-remote/@types/babel__generator/-/babel__generator-7.27.0.tgz 5861ms (cache miss)
npm http fetch GET 200 https://vltoss.jfrog.io/artifactory/api/npm/benchmark-npm-remote/strip-final-newline/-/strip-final-newline-2.0.0.tgz 5854ms (cache miss)
npm http fetch GET 200 https://vltoss.jfrog.io/artifactory/api/npm/benchmark-npm-remote/prelude-ls/-/prelude-ls-1.2.1.tgz 5898ms (cache miss)
npm http fetch GET 200 https://vltoss.jfrog.io/artifactory/api/npm/benchmark-npm-remote/@csstools/css-calc/-/css-calc-2.1.4.tgz 5898ms (cache miss)
npm http fetch GET 200 https://vltoss.jfrog.io/artifactory/api/npm/benchmark-npm-remote/@jest/test-sequencer/-/test-sequencer-29.7.0.tgz 5884ms (cache miss)
npm http fetch GET 200 https://vltoss.jfrog.io/artifactory/api/npm/benchmark-npm-remote/babel-jest/-/babel-jest-29.7.0.tgz 5884ms (cache miss)
npm http fetch GET 200 https://vltoss.jfrog.io/artifactory/api/npm/benchmark-npm-remote/npm-run-path/-/npm-run-path-4.0.1.tgz 5877ms (cache miss)
npm http fetch GET 200 https://vltoss.jfrog.io/artifactory/api/npm/benchmark-npm-remote/onetime/-/onetime-5.1.2.tgz 5877ms (cache miss)
npm http fetch GET 200 https://vltoss.jfrog.io/artifactory/api/npm/benchmark-npm-remote/p-limit/-/p-limit-3.1.0.tgz 5895ms (cache miss)
npm http fetch GET 200 https://vltoss.jfrog.io/artifactory/api/npm/benchmark-npm-remote/merge-stream/-/merge-stream-2.0.0.tgz 5896ms (cache miss)
npm http fetch GET 200 https://vltoss.jfrog.io/artifactory/api/npm/benchmark-npm-remote/is-stream/-/is-stream-2.0.1.tgz 5897ms (cache miss)
npm http fetch GET 200 https://vltoss.jfrog.io/artifactory/api/npm/benchmark-npm-remote/resolve-cwd/-/resolve-cwd-3.0.0.tgz 5896ms (cache miss)
npm http fetch GET 200 https://vltoss.jfrog.io/artifactory/api/npm/benchmark-npm-remote/bonjour-service/-/bonjour-service-1.4.4.tgz 6070ms (cache miss)
npm http fetch GET 200 https://vltoss.jfrog.io/artifactory/api/npm/benchmark-npm-remote/@csstools/css-color-parser/-/css-color-parser-3.1.0.tgz 5938ms (cache miss)
npm http fetch GET 200 https://vltoss.jfrog.io/artifactory/api/npm/benchmark-npm-remote/xml/-/xml-1.0.1.tgz 5933ms (cache miss)
npm http fetch GET 200 https://vltoss.jfrog.io/artifactory/api/npm/benchmark-npm-remote/@sinonjs/fake-timers/-/fake-timers-10.3.0.tgz 5930ms (cache miss)
npm http fetch GET 200 https://vltoss.jfrog.io/artifactory/api/npm/benchmark-npm-remote/get-stream/-/get-stream-6.0.1.tgz 5917ms (cache miss)
npm http fetch GET 200 https://vltoss.jfrog.io/artifactory/api/npm/benchmark-npm-remote/html-escaper/-/html-escaper-2.0.2.tgz 5917ms (cache miss)
npm http fetch GET 200 https://vltoss.jfrog.io/artifactory/api/npm/benchmark-npm-remote/make-dir/-/make-dir-4.0.0.tgz 5917ms (cache miss)
npm http fetch GET 200 https://vltoss.jfrog.io/artifactory/api/npm/benchmark-npm-remote/pkg-dir/-/pkg-dir-4.2.0.tgz 5916ms (cache miss)
npm http fetch GET 200 https://vltoss.jfrog.io/artifactory/api/npm/benchmark-npm-remote/graphlib/-/graphlib-2.1.8.tgz 6050ms (cache miss)
npm http fetch GET 200 https://vltoss.jfrog.io/artifactory/api/npm/benchmark-npm-remote/watchpack/-/watchpack-2.5.2.tgz 5989ms (cache miss)
npm http fetch GET 200 https://vltoss.jfrog.io/artifactory/api/npm/benchmark-npm-remote/@types/babel__core/-/babel__core-7.20.5.tgz 5947ms (cache miss)
npm http fetch GET 200 https://vltoss.jfrog.io/artifactory/api/npm/benchmark-npm-remote/get-package-type/-/get-package-type-0.1.0.tgz 5937ms (cache miss)
npm http fetch GET 200 https://vltoss.jfrog.io/artifactory/api/npm/benchmark-npm-remote/camelcase/-/camelcase-5.3.1.tgz 5937ms (cache miss)
npm http fetch GET 200 https://vltoss.jfrog.io/artifactory/api/npm/benchmark-npm-remote/diff-sequences/-/diff-sequences-27.5.1.tgz 5979ms (cache miss)
npm http fetch GET 200 https://vltoss.jfrog.io/artifactory/api/npm/benchmark-npm-remote/jest-mock/-/jest-mock-29.7.0.tgz 6035ms (cache miss)
npm http fetch GET 200 https://vltoss.jfrog.io/artifactory/api/npm/benchmark-npm-remote/@types/chrome/-/chrome-0.0.268.tgz 6113ms (cache miss)
npm http fetch GET 200 https://vltoss.jfrog.io/artifactory/api/npm/benchmark-npm-remote/node-exports-info/-/node-exports-info-1.6.2.tgz 6078ms (cache miss)
npm http fetch GET 200 https://vltoss.jfrog.io/artifactory/api/npm/benchmark-npm-remote/@istanbuljs/schema/-/schema-0.1.6.tgz 6039ms (cache miss)
npm http fetch GET 200 https://vltoss.jfrog.io/artifactory/api/npm/benchmark-npm-remote/@istanbuljs/load-nyc-config/-/load-nyc-config-1.1.0.tgz 6039ms (cache miss)
npm http fetch GET 200 https://vltoss.jfrog.io/artifactory/api/npm/benchmark-npm-remote/@babel/helper-plugin-utils/-/helper-plugin-utils-7.29.7.tgz 6039ms (cache miss)
npm http fetch GET 200 https://vltoss.jfrog.io/artifactory/api/npm/benchmark-npm-remote/@types/react/-/react-18.3.31.tgz 6138ms (cache miss)
npm http fetch GET 200 https://vltoss.jfrog.io/artifactory/api/npm/benchmark-npm-remote/agent-base/-/agent-base-7.1.4.tgz 6097ms (cache miss)
npm http fetch GET 200 https://vltoss.jfrog.io/artifactory/api/npm/benchmark-npm-remote/source-map-support/-/source-map-support-0.5.13.tgz 6092ms (cache miss)
npm http fetch GET 200 https://vltoss.jfrog.io/artifactory/api/npm/benchmark-npm-remote/@jest/expect-utils/-/expect-utils-29.7.0.tgz 6089ms (cache miss)
npm http fetch GET 200 https://vltoss.jfrog.io/artifactory/api/npm/benchmark-npm-remote/deepmerge/-/deepmerge-4.3.1.tgz 6083ms (cache miss)
npm http fetch GET 200 https://vltoss.jfrog.io/artifactory/api/npm/benchmark-npm-remote/test-exclude/-/test-exclude-6.0.0.tgz 6073ms (cache miss)
npm http fetch GET 200 https://vltoss.jfrog.io/artifactory/api/npm/benchmark-npm-remote/lru-cache/-/lru-cache-5.1.1.tgz 6072ms (cache miss)
npm http fetch GET 200 https://vltoss.jfrog.io/artifactory/api/npm/benchmark-npm-remote/jest-pnp-resolver/-/jest-pnp-resolver-1.2.3.tgz 6072ms (cache miss)
npm http fetch GET 200 https://vltoss.jfrog.io/artifactory/api/npm/benchmark-npm-remote/pac-resolver/-/pac-resolver-7.0.1.tgz 6235ms (cache miss)
npm http fetch GET 200 https://vltoss.jfrog.io/artifactory/api/npm/benchmark-npm-remote/asynckit/-/asynckit-0.4.0.tgz 6121ms (cache miss)
npm http fetch GET 200 https://vltoss.jfrog.io/artifactory/api/npm/benchmark-npm-remote/@types/babel__traverse/-/babel__traverse-7.28.0.tgz 6104ms (cache miss)
npm http fetch GET 200 https://vltoss.jfrog.io/artifactory/api/npm/benchmark-npm-remote/@babel/helper-globals/-/helper-globals-7.29.7.tgz 6092ms (cache miss)
npm http fetch GET 200 https://vltoss.jfrog.io/artifactory/api/npm/benchmark-npm-remote/picocolors/-/picocolors-1.1.1.tgz 6091ms (cache miss)
npm http fetch GET 200 https://vltoss.jfrog.io/artifactory/api/npm/benchmark-npm-remote/saxes/-/saxes-6.0.0.tgz 6159ms (cache miss)
npm http fetch GET 200 https://vltoss.jfrog.io/artifactory/api/npm/benchmark-npm-remote/https-proxy-agent/-/https-proxy-agent-7.0.6.tgz 6158ms (cache miss)
npm http fetch GET 200 https://vltoss.jfrog.io/artifactory/api/npm/benchmark-npm-remote/@babel/helper-validator-option/-/helper-validator-option-7.29.7.tgz 6135ms (cache miss)
npm http fetch GET 200 https://vltoss.jfrog.io/artifactory/api/npm/benchmark-npm-remote/@colors/colors/-/colors-1.6.1.tgz 6219ms (cache miss)
npm http fetch GET 200 https://vltoss.jfrog.io/artifactory/api/npm/benchmark-npm-remote/mkdirp/-/mkdirp-1.0.4.tgz 6178ms (cache miss)
npm http fetch GET 200 https://vltoss.jfrog.io/artifactory/api/npm/benchmark-npm-remote/js-tokens/-/js-tokens-4.0.0.tgz 6158ms (cache miss)
npm http fetch GET 200 https://vltoss.jfrog.io/artifactory/api/npm/benchmark-npm-remote/write-file-atomic/-/write-file-atomic-4.0.2.tgz 6156ms (cache miss)
npm http fetch GET 200 https://vltoss.jfrog.io/artifactory/api/npm/benchmark-npm-remote/string-length/-/string-length-4.0.2.tgz 6156ms (cache miss)
npm http fetch GET 200 https://vltoss.jfrog.io/artifactory/api/npm/benchmark-npm-remote/@fluentui/priority-overflow/-/priority-overflow-9.4.3.tgz 6268ms (cache miss)
npm http fetch GET 200 https://vltoss.jfrog.io/artifactory/api/npm/benchmark-npm-remote/style-loader/-/style-loader-3.3.4.tgz 6252ms (cache miss)
npm http fetch GET 200 https://vltoss.jfrog.io/artifactory/api/npm/benchmark-npm-remote/postcss-selector-parser/-/postcss-selector-parser-7.1.6.tgz 6319ms (cache miss)
npm http fetch GET 200 https://vltoss.jfrog.io/artifactory/api/npm/benchmark-npm-remote/gensync/-/gensync-1.0.0-beta.2.tgz 6178ms (cache miss)
npm http fetch GET 200 https://vltoss.jfrog.io/artifactory/api/npm/benchmark-npm-remote/pirates/-/pirates-4.0.7.tgz 6177ms (cache miss)
npm http fetch GET 200 https://vltoss.jfrog.io/artifactory/api/npm/benchmark-npm-remote/tapable/-/tapable-2.3.3.tgz 6261ms (cache miss)
npm http fetch GET 200 https://vltoss.jfrog.io/artifactory/api/npm/benchmark-npm-remote/balanced-match/-/balanced-match-4.0.4.tgz 6236ms (cache miss)
npm http fetch GET 200 https://vltoss.jfrog.io/artifactory/api/npm/benchmark-npm-remote/nwsapi/-/nwsapi-2.2.28.tgz 6232ms (cache miss)
npm http fetch GET 200 https://vltoss.jfrog.io/artifactory/api/npm/benchmark-npm-remote/@babel/helper-string-parser/-/helper-string-parser-7.29.7.tgz 6209ms (cache miss)
npm http fetch GET 200 https://vltoss.jfrog.io/artifactory/api/npm/benchmark-npm-remote/collect-v8-coverage/-/collect-v8-coverage-1.0.3.tgz 6205ms (cache miss)
npm http fetch GET 200 https://vltoss.jfrog.io/artifactory/api/npm/benchmark-npm-remote/slash/-/slash-3.0.0.tgz 6204ms (cache miss)
npm http fetch GET 200 https://vltoss.jfrog.io/artifactory/api/npm/benchmark-npm-remote/es-module-lexer/-/es-module-lexer-2.3.2.tgz 6285ms (cache miss)
npm http fetch GET 200 https://vltoss.jfrog.io/artifactory/api/npm/benchmark-npm-remote/jsesc/-/jsesc-3.1.0.tgz 6231ms (cache miss)
npm http fetch GET 200 https://vltoss.jfrog.io/artifactory/api/npm/benchmark-npm-remote/convert-source-map/-/convert-source-map-2.0.0.tgz 6228ms (cache miss)
npm http fetch GET 200 https://vltoss.jfrog.io/artifactory/api/npm/benchmark-npm-remote/strip-ansi/-/strip-ansi-6.0.1.tgz 6227ms (cache miss)
npm http fetch GET 200 https://vltoss.jfrog.io/artifactory/api/npm/benchmark-npm-remote/jest-regex-util/-/jest-regex-util-29.6.3.tgz 6226ms (cache miss)
npm http fetch GET 200 https://vltoss.jfrog.io/artifactory/api/npm/benchmark-npm-remote/csstype/-/csstype-3.2.3.tgz 6344ms (cache miss)
npm http fetch GET 200 https://vltoss.jfrog.io/artifactory/api/npm/benchmark-npm-remote/@yarnpkg/parsers/-/parsers-3.0.0-rc.46.tgz 6319ms (cache miss)
npm http fetch GET 200 https://vltoss.jfrog.io/artifactory/api/npm/benchmark-npm-remote/@jridgewell/resolve-uri/-/resolve-uri-3.1.2.tgz 6253ms (cache miss)
npm http fetch GET 200 https://vltoss.jfrog.io/artifactory/api/npm/benchmark-npm-remote/jest-resolve-dependencies/-/jest-resolve-dependencies-29.7.0.tgz 6247ms (cache miss)
npm http fetch GET 200 https://jfrog-prod-use2-shared-ohio-main.s3.amazonaws.com/aol-a0eigilwc24ii/filestore/78/789421048d66ac1b33613169d6d18b9cc6e340ed?response-content-disposition=attachment%3Bfilename%3D%22engine-oniguruma-3.23.0.tgz%22&response-content-type=application%2Fx-gzip&X-Artifactory-username=darcy%40vlt.sh&X-Artifactory-repoType=local&X-Artifactory-repositoryKey=benchmark-npm-remote-cache&X-Artifactory-originPackageType=npm&X-Artifactory-packageType=npm&X-Artifactory-artifactPath=%40shikijs%2Fengine-oniguruma%2F-%2Fengine-oniguruma-3.23.0.tgz&X-Artifactory-originProjectKey=benchmark&X-Artifactory-projectKey=benchmark&X-Artifactory-originRepoType=remote&X-Artifactory-originRepositoryKey=benchmark-npm-remote&x-jf-traceId=09fa11c7d865cadf7753ea165546bf02&X-Amz-Security-Token=IQoJb3JpZ2luX2VjEKT%2F%2F%2F%2F%2F%2F%2F%2F%2F%2FwEaCXVzLWVhc3QtMiJGMEQCIGE05Nq07AoTr5hDsK%2Fz9lwEUN5HM86m%2BfGPbXQZ%2FdtCAiBQ3WNO7Py4EfCz88%2FeERFKKmb7UZEFCZqnchqYH%2BYuXyqSBQhtEAAaDDcyMTg4MjYxMzAzNyIMzzm3ajtO0WT7d9hxKu8EJU%2F3xYhBBgyfL1OAyamecU1X0jbcp0RFRmbFCPK6b6eD0b5PFFjEfdD8p2cGWog5gQV9Kjt8mGbno8V9mGEdwsCam5Bbm%2FBDkKc3DzTA8%2BSnMhG%2FwVTG3cA%2BpAKXKQ8TtnY7f2EWpE%2BSko0xe1FZV0H%2FY%2FVa0EGrces6gNWg4i%2FU3ui2hWlsWfnR9Bv7se7e0ZbPO8UGGNDhQkrc1x0g%2BbUYiRIfCpVul6bwyUTqx6jGJjpe%2Bl1sDZ6YVtBp5vVLV0G428zg6IhQf1%2F7311mz9n6YqiugFZK5fGBX4Xg9YY2e25tLsXYol55bdHgA9C5Cp9iGR%2BptiHCyfiPtk56HHQKqiiLlRiQU7M8eEjJprOQ7geXQAQLluWYyUiavmlhcuJa3pIzH0YL89I44H4jPfzA5e9O7mwZRn6zzpv8jN1RFX4hh0wEtgDxV9f4VU8OTXQEhtEnPMhnwMJKIHLHg7iwN%2Fc1lTY%2BaX4dlqhMtzS%2F6TOR8oca6f33A487nGSOGEHgwTFcvaQwRSd8GEmCzHHVMR7IiKGXzfjLChYJGtnYASJWrh3sOuFDp7cpfqS95qnaCE9NfTvgz2upgtyitiIifnCLk4JanJzzKN2DFkQLyDusSU1hCoxwXf6CAm8rIdbF23HkJI96fBTS3q%2FJ4tONCPjgh7IpU0kaCFHgdXyCoggFYeYn874G9QXZdKdzKo5kNZndVrPkAgjUiPhj5xOqRSk5%2BiUsw%2Fs6basSUOKYRBNURpIYOKjMKG5vkxAXFTZ1C%2Bzh6S7ARVzg845WjzH9nj3dL9TNwRScEhl8ogAsB6%2BJPR%2Fas05DTUC%2F7Nww%2Btb11QY6mgFuIXjUuJ1WiwOBL9NuEk6J3Raj8HIzuVWCggs4ILK0u0BDsDuUVlMwkNOHbsn4yLOBiD15bDxxi15B6oIbihBOqb0XjdnJtW6oYPTP%2FgSxD%2F3o7HYpkZJCBR7YmsIaaSJvBjG5m%2FUsJpbdBj%2BkC9lzNLqjIC37ZnVhmQ28RRyt5Fi%2FOsECLLOIc13O6Nk7NXpxGz3sA9MbSK7g&X-Amz-Algorithm=AWS4-HMAC-SHA256&X-Amz-Date=20260930T200517Z&X-Amz-SignedHeaders=host&X-Amz-Credential=ASIA2QE4OQUW7N476K6D%2F20260930%2Fus-east-2%2Fs3%2Faws4_request&X-Amz-Expires=30&X-Amz-Signature=a80b2b7acb958b4c9468ca91ea214a4c83ac44870026613f18c221bba50318cc 6326ms (cache miss)
npm http fetch GET 200 https://vltoss.jfrog.io/artifactory/api/npm/benchmark-npm-remote/@react-dnd/asap/-/asap-4.0.1.tgz 6465ms (cache miss)
npm http fetch GET 200 https://vltoss.jfrog.io/artifactory/api/npm/benchmark-npm-remote/argparse/-/argparse-2.0.1.tgz 6342ms (cache miss)
npm http fetch GET 200 https://vltoss.jfrog.io/artifactory/api/npm/benchmark-npm-remote/create-jest/-/create-jest-29.7.0.tgz 6325ms (cache miss)
npm http fetch GET 200 https://vltoss.jfrog.io/artifactory/api/npm/benchmark-npm-remote/jest-message-util/-/jest-message-util-29.7.0.tgz 6314ms (cache miss)
npm http fetch GET 200 https://vltoss.jfrog.io/artifactory/api/npm/benchmark-npm-remote/@jest/test-result/-/test-result-29.7.0.tgz 6314ms (cache miss)
npm http fetch GET 200 https://vltoss.jfrog.io/artifactory/api/npm/benchmark-npm-remote/is-extglob/-/is-extglob-2.1.1.tgz 6313ms (cache miss)
npm http fetch GET 200 https://vltoss.jfrog.io/artifactory/api/npm/benchmark-npm-remote/jest-changed-files/-/jest-changed-files-29.7.0.tgz 6348ms (cache miss)
npm http fetch GET 200 https://vltoss.jfrog.io/artifactory/api/npm/benchmark-npm-remote/ansi-escapes/-/ansi-escapes-4.3.2.tgz 6347ms (cache miss)
npm http fetch GET 200 https://vltoss.jfrog.io/artifactory/api/npm/benchmark-npm-remote/import-local/-/import-local-3.2.0.tgz 6346ms (cache miss)
npm http fetch GET 200 https://vltoss.jfrog.io/artifactory/api/npm/benchmark-npm-remote/parent-module/-/parent-module-1.0.1.tgz 6346ms (cache miss)
npm http fetch GET 200 https://vltoss.jfrog.io/artifactory/api/npm/benchmark-npm-remote/resolve-from/-/resolve-from-4.0.0.tgz 6346ms (cache miss)
npm http fetch GET 200 https://vltoss.jfrog.io/artifactory/api/npm/benchmark-npm-remote/jest-each/-/jest-each-29.7.0.tgz 6395ms (cache miss)
npm http fetch GET 200 https://vltoss.jfrog.io/artifactory/api/npm/benchmark-npm-remote/@babel/code-frame/-/code-frame-7.29.7.tgz 6377ms (cache miss)
npm http fetch GET 200 https://vltoss.jfrog.io/artifactory/api/npm/benchmark-npm-remote/ci-info/-/ci-info-3.9.0.tgz 6373ms (cache miss)
npm http fetch GET 200 https://vltoss.jfrog.io/artifactory/api/npm/benchmark-npm-remote/react/-/react-18.3.1.tgz 6471ms (cache miss)
npm http fetch GET 200 https://vltoss.jfrog.io/artifactory/api/npm/benchmark-npm-remote/xmlchars/-/xmlchars-2.2.0.tgz 6444ms (cache miss)
npm http fetch GET 200 https://vltoss.jfrog.io/artifactory/api/npm/benchmark-npm-remote/ast-types/-/ast-types-0.13.4.tgz 6547ms (cache miss)
npm http fetch GET 200 https://vltoss.jfrog.io/artifactory/api/npm/benchmark-npm-remote/@babel/helper-validator-identifier/-/helper-validator-identifier-7.29.7.tgz 6401ms (cache miss)
npm http fetch GET 200 https://vltoss.jfrog.io/artifactory/api/npm/benchmark-npm-remote/babel-plugin-istanbul/-/babel-plugin-istanbul-6.1.1.tgz 6398ms (cache miss)
npm http fetch GET 200 https://vltoss.jfrog.io/artifactory/api/npm/benchmark-npm-remote/is-document.all/-/is-document.all-1.0.0.tgz 6414ms (cache miss)
npm http fetch GET 200 https://vltoss.jfrog.io/artifactory/api/npm/benchmark-npm-remote/universalify/-/universalify-2.0.1.tgz 6414ms (cache miss)
npm http fetch GET 200 https://vltoss.jfrog.io/artifactory/api/npm/benchmark-npm-remote/path-exists/-/path-exists-4.0.0.tgz 6413ms (cache miss)
npm http fetch GET 200 https://vltoss.jfrog.io/artifactory/api/npm/benchmark-npm-remote/@discoveryjs/json-ext/-/json-ext-0.6.3.tgz 6506ms (cache miss)
npm http fetch GET 200 https://vltoss.jfrog.io/artifactory/api/npm/benchmark-npm-remote/@peculiar/asn1-schema/-/asn1-schema-2.10.0.tgz 6620ms (cache miss)
npm http fetch GET 200 https://vltoss.jfrog.io/artifactory/api/npm/benchmark-npm-remote/jest-runner/-/jest-runner-29.7.0.tgz 6443ms (cache miss)
npm http fetch GET 200 https://vltoss.jfrog.io/artifactory/api/npm/benchmark-npm-remote/jest-cli/-/jest-cli-29.7.0.tgz 6440ms (cache miss)
npm http fetch GET 200 https://vltoss.jfrog.io/artifactory/api/npm/benchmark-npm-remote/jsonfile/-/jsonfile-6.2.1.tgz 6438ms (cache miss)
npm http fetch GET 200 https://vltoss.jfrog.io/artifactory/api/npm/benchmark-npm-remote/locate-path/-/locate-path-6.0.0.tgz 6438ms (cache miss)
npm http fetch GET 200 https://vltoss.jfrog.io/artifactory/api/npm/benchmark-npm-remote/run-parallel/-/run-parallel-1.2.0.tgz 6437ms (cache miss)
npm http fetch GET 200 https://vltoss.jfrog.io/artifactory/api/npm/benchmark-npm-remote/brace-expansion/-/brace-expansion-5.0.12.tgz 6502ms (cache miss)
npm http fetch GET 200 https://vltoss.jfrog.io/artifactory/api/npm/benchmark-npm-remote/@jest/console/-/console-29.7.0.tgz 6467ms (cache miss)
npm http fetch GET 200 https://vltoss.jfrog.io/artifactory/api/npm/benchmark-npm-remote/functions-have-names/-/functions-have-names-1.2.3.tgz 6463ms (cache miss)
npm http fetch GET 200 https://vltoss.jfrog.io/artifactory/api/npm/benchmark-npm-remote/tar-fs/-/tar-fs-2.1.5.tgz 6537ms (cache miss)
npm http fetch GET 200 https://vltoss.jfrog.io/artifactory/api/npm/benchmark-npm-remote/@recast-navigation/core/-/core-0.43.1.tgz 6590ms (cache miss)
npm http fetch GET 200 https://vltoss.jfrog.io/artifactory/api/npm/benchmark-npm-remote/cjs-module-lexer/-/cjs-module-lexer-1.4.3.tgz 6545ms (cache miss)
npm http fetch GET 200 https://vltoss.jfrog.io/artifactory/api/npm/benchmark-npm-remote/side-channel/-/side-channel-1.1.1.tgz 6515ms (cache miss)
npm http fetch GET 200 https://vltoss.jfrog.io/artifactory/api/npm/benchmark-npm-remote/graceful-fs/-/graceful-fs-4.2.11.tgz 6513ms (cache miss)
npm http fetch GET 200 https://vltoss.jfrog.io/artifactory/api/npm/benchmark-npm-remote/merge2/-/merge2-1.4.1.tgz 6512ms (cache miss)
npm http fetch GET 200 https://vltoss.jfrog.io/artifactory/api/npm/benchmark-npm-remote/@jsonjoy.com/fs-node-utils/-/fs-node-utils-4.80.0.tgz 6728ms (cache miss)
npm http fetch GET 200 https://vltoss.jfrog.io/artifactory/api/npm/benchmark-npm-remote/@babel/compat-data/-/compat-data-7.29.7.tgz 6550ms (cache miss)
npm http fetch GET 200 https://vltoss.jfrog.io/artifactory/api/npm/benchmark-npm-remote/keyv/-/keyv-4.5.4.tgz 6539ms (cache miss)
npm http fetch GET 200 https://vltoss.jfrog.io/artifactory/api/npm/benchmark-npm-remote/to-regex-range/-/to-regex-range-5.0.1.tgz 6539ms (cache miss)
npm http fetch GET 200 https://vltoss.jfrog.io/artifactory/api/npm/benchmark-npm-remote/esrecurse/-/esrecurse-4.3.0.tgz 6537ms (cache miss)
npm http fetch GET 200 https://vltoss.jfrog.io/artifactory/api/npm/benchmark-npm-remote/prettier-linter-helpers/-/prettier-linter-helpers-1.0.1.tgz 6537ms (cache miss)
npm http fetch GET 200 https://vltoss.jfrog.io/artifactory/api/npm/benchmark-npm-remote/@emnapi/wasi-threads/-/wasi-threads-1.0.4.tgz 6602ms (cache miss)
npm http fetch GET 200 https://vltoss.jfrog.io/artifactory/api/npm/benchmark-npm-remote/dunder-proto/-/dunder-proto-1.0.1.tgz 6564ms (cache miss)
npm http fetch GET 200 https://vltoss.jfrog.io/artifactory/api/npm/benchmark-npm-remote/flat-cache/-/flat-cache-4.0.1.tgz 6563ms (cache miss)
npm http fetch GET 200 https://vltoss.jfrog.io/artifactory/api/npm/benchmark-npm-remote/damerau-levenshtein/-/damerau-levenshtein-1.0.8.tgz 6560ms (cache miss)
npm http fetch GET 200 https://vltoss.jfrog.io/artifactory/api/npm/benchmark-npm-remote/acorn-jsx/-/acorn-jsx-5.3.2.tgz 6584ms (cache miss)
npm http fetch GET 200 https://vltoss.jfrog.io/artifactory/api/npm/benchmark-npm-remote/smol-toml/-/smol-toml-1.6.1.tgz 6660ms (cache miss)
npm http fetch GET 200 https://vltoss.jfrog.io/artifactory/api/npm/benchmark-npm-remote/minimist/-/minimist-1.2.8.tgz 6659ms (cache miss)
npm http fetch GET 200 https://vltoss.jfrog.io/artifactory/api/npm/benchmark-npm-remote/@babel/helper-module-imports/-/helper-module-imports-7.29.7.tgz 6625ms (cache miss)
npm http fetch GET 200 https://vltoss.jfrog.io/artifactory/api/npm/benchmark-npm-remote/estraverse/-/estraverse-5.3.0.tgz 6610ms (cache miss)
npm http fetch GET 200 https://vltoss.jfrog.io/artifactory/api/npm/benchmark-npm-remote/spdx-expression-parse/-/spdx-expression-parse-4.0.0.tgz 6609ms (cache miss)
npm http fetch GET 200 https://vltoss.jfrog.io/artifactory/api/npm/benchmark-npm-remote/possible-typed-array-names/-/possible-typed-array-names-1.1.0.tgz 6608ms (cache miss)
npm http fetch GET 200 https://vltoss.jfrog.io/artifactory/api/npm/benchmark-npm-remote/html-entities/-/html-entities-2.6.0.tgz 6754ms (cache miss)
npm http fetch GET 200 https://vltoss.jfrog.io/artifactory/api/npm/benchmark-npm-remote/@yarnpkg/lockfile/-/lockfile-1.1.0.tgz 6687ms (cache miss)
npm http fetch GET 200 https://vltoss.jfrog.io/artifactory/api/npm/benchmark-npm-remote/reusify/-/reusify-1.1.0.tgz 6647ms (cache miss)
npm http fetch GET 200 https://vltoss.jfrog.io/artifactory/api/npm/benchmark-npm-remote/are-docs-informative/-/are-docs-informative-0.0.2.tgz 6642ms (cache miss)
npm http fetch GET 200 https://vltoss.jfrog.io/artifactory/api/npm/benchmark-npm-remote/execa/-/execa-5.1.1.tgz 6687ms (cache miss)
npm http fetch GET 200 https://vltoss.jfrog.io/artifactory/api/npm/benchmark-npm-remote/v8-to-istanbul/-/v8-to-istanbul-9.3.0.tgz 6681ms (cache miss)
npm http fetch GET 200 https://vltoss.jfrog.io/artifactory/api/npm/benchmark-npm-remote/istanbul-lib-coverage/-/istanbul-lib-coverage-3.2.2.tgz 6680ms (cache miss)
npm http fetch GET 200 https://vltoss.jfrog.io/artifactory/api/npm/benchmark-npm-remote/jest-runtime/-/jest-runtime-29.7.0.tgz 6679ms (cache miss)
npm http fetch GET 200 https://vltoss.jfrog.io/artifactory/api/npm/benchmark-npm-remote/pngjs/-/pngjs-3.4.0.tgz 6841ms (cache miss)
npm http fetch GET 200 https://vltoss.jfrog.io/artifactory/api/npm/benchmark-npm-remote/whatwg-url/-/whatwg-url-14.2.0.tgz 6735ms (cache miss)
npm http fetch GET 200 https://vltoss.jfrog.io/artifactory/api/npm/benchmark-npm-remote/set-proto/-/set-proto-1.0.0.tgz 6689ms (cache miss)
npm http fetch GET 200 https://vltoss.jfrog.io/artifactory/api/npm/benchmark-npm-remote/typed-array-buffer/-/typed-array-buffer-1.0.3.tgz 6711ms (cache miss)
npm http fetch GET 200 https://vltoss.jfrog.io/artifactory/api/npm/benchmark-npm-remote/stop-iteration-iterator/-/stop-iteration-iterator-1.1.0.tgz 6711ms (cache miss)
npm http fetch GET 200 https://vltoss.jfrog.io/artifactory/api/npm/benchmark-npm-remote/safe-regex-test/-/safe-regex-test-1.1.0.tgz 6710ms (cache miss)
npm http fetch GET 200 https://vltoss.jfrog.io/artifactory/api/npm/benchmark-npm-remote/safe-push-apply/-/safe-push-apply-1.0.0.tgz 6711ms (cache miss)
npm http fetch GET 200 https://vltoss.jfrog.io/artifactory/api/npm/benchmark-npm-remote/events/-/events-3.3.0.tgz 6810ms (cache miss)
npm http fetch GET 200 https://vltoss.jfrog.io/artifactory/api/npm/benchmark-npm-remote/istanbul-lib-source-maps/-/istanbul-lib-source-maps-4.0.1.tgz 6752ms (cache miss)
npm http fetch GET 200 https://vltoss.jfrog.io/artifactory/api/npm/benchmark-npm-remote/language-tags/-/language-tags-1.0.9.tgz 6742ms (cache miss)
npm http fetch GET 200 https://vltoss.jfrog.io/artifactory/api/npm/benchmark-npm-remote/ast-types-flow/-/ast-types-flow-0.0.8.tgz 6741ms (cache miss)
npm http fetch GET 200 https://vltoss.jfrog.io/artifactory/api/npm/benchmark-npm-remote/unbox-primitive/-/unbox-primitive-1.1.0.tgz 6740ms (cache miss)
npm http fetch GET 200 https://vltoss.jfrog.io/artifactory/api/npm/benchmark-npm-remote/typed-array-byte-length/-/typed-array-byte-length-1.0.3.tgz 6739ms (cache miss)
npm http fetch GET 200 https://vltoss.jfrog.io/artifactory/api/npm/benchmark-npm-remote/typed-array-byte-offset/-/typed-array-byte-offset-1.0.5.tgz 6740ms (cache miss)
npm http fetch GET 200 https://vltoss.jfrog.io/artifactory/api/npm/benchmark-npm-remote/safe-array-concat/-/safe-array-concat-1.1.4.tgz 6739ms (cache miss)
npm http fetch GET 200 https://vltoss.jfrog.io/artifactory/api/npm/benchmark-npm-remote/own-keys/-/own-keys-1.0.2.tgz 6740ms (cache miss)
npm http fetch GET 200 https://vltoss.jfrog.io/artifactory/api/npm/benchmark-npm-remote/expect/-/expect-29.7.0.tgz 6799ms (cache miss)
npm http fetch GET 200 https://vltoss.jfrog.io/artifactory/api/npm/benchmark-npm-remote/micromatch/-/micromatch-4.0.8.tgz 6769ms (cache miss)
npm http fetch GET 200 https://vltoss.jfrog.io/artifactory/api/npm/benchmark-npm-remote/is-date-object/-/is-date-object-1.1.0.tgz 6765ms (cache miss)
npm http fetch GET 200 https://vltoss.jfrog.io/artifactory/api/npm/benchmark-npm-remote/decimal.js/-/decimal.js-10.6.0.tgz 6828ms (cache miss)
npm http fetch GET 200 https://vltoss.jfrog.io/artifactory/api/npm/benchmark-npm-remote/is-data-view/-/is-data-view-1.0.2.tgz 6784ms (cache miss)
npm http fetch GET 200 https://vltoss.jfrog.io/artifactory/api/npm/benchmark-npm-remote/is-symbol/-/is-symbol-1.1.1.tgz 6813ms (cache miss)
npm http fetch GET 200 https://vltoss.jfrog.io/artifactory/api/npm/benchmark-npm-remote/is-shared-array-buffer/-/is-shared-array-buffer-1.0.4.tgz 6809ms (cache miss)
npm http fetch GET 200 https://vltoss.jfrog.io/artifactory/api/npm/benchmark-npm-remote/is-typed-array/-/is-typed-array-1.1.15.tgz 6810ms (cache miss)
npm http fetch GET 200 https://vltoss.jfrog.io/artifactory/api/npm/benchmark-npm-remote/es-abstract-get/-/es-abstract-get-1.0.0.tgz 6865ms (cache miss)
npm http fetch GET 200 https://vltoss.jfrog.io/artifactory/api/npm/benchmark-npm-remote/typed-array-length/-/typed-array-length-1.0.8.tgz 6866ms (cache miss)
npm http fetch GET 200 https://vltoss.jfrog.io/artifactory/api/npm/benchmark-npm-remote/is-weakref/-/is-weakref-1.1.1.tgz 6868ms (cache miss)
npm http fetch GET 200 https://vltoss.jfrog.io/artifactory/api/npm/benchmark-npm-remote/is-array-buffer/-/is-array-buffer-3.0.5.tgz 6867ms (cache miss)
npm http fetch GET 200 https://vltoss.jfrog.io/artifactory/api/npm/benchmark-npm-remote/get-proto/-/get-proto-1.0.1.tgz 6867ms (cache miss)
npm http fetch GET 200 https://vltoss.jfrog.io/artifactory/api/npm/benchmark-npm-remote/@peculiar/asn1-x509-attr/-/asn1-x509-attr-2.10.0.tgz 7115ms (cache miss)
npm http fetch GET 200 https://vltoss.jfrog.io/artifactory/api/npm/benchmark-npm-remote/get-symbol-description/-/get-symbol-description-1.1.0.tgz 6922ms (cache miss)
npm http fetch GET 200 https://vltoss.jfrog.io/artifactory/api/npm/benchmark-npm-remote/es-set-tostringtag/-/es-set-tostringtag-2.1.0.tgz 6922ms (cache miss)
npm http fetch GET 200 https://vltoss.jfrog.io/artifactory/api/npm/benchmark-npm-remote/data-view-buffer/-/data-view-buffer-1.0.2.tgz 6922ms (cache miss)
npm http fetch GET 200 https://vltoss.jfrog.io/artifactory/api/npm/benchmark-npm-remote/data-view-byte-length/-/data-view-byte-length-1.0.2.tgz 6922ms (cache miss)
npm http fetch GET 200 https://vltoss.jfrog.io/artifactory/api/npm/benchmark-npm-remote/has-property-descriptors/-/has-property-descriptors-1.0.2.tgz 6921ms (cache miss)
npm http fetch GET 200 https://vltoss.jfrog.io/artifactory/api/npm/benchmark-npm-remote/postcss/-/postcss-8.5.28.tgz 7091ms (cache miss)
npm http fetch GET 200 https://vltoss.jfrog.io/artifactory/api/npm/benchmark-npm-remote/fast-json-stable-stringify/-/fast-json-stable-stringify-2.1.0.tgz 6971ms (cache miss)
npm http fetch GET 200 https://vltoss.jfrog.io/artifactory/api/npm/benchmark-npm-remote/available-typed-arrays/-/available-typed-arrays-1.0.7.tgz 6951ms (cache miss)
npm http fetch GET 200 https://vltoss.jfrog.io/artifactory/api/npm/benchmark-npm-remote/data-view-byte-offset/-/data-view-byte-offset-1.0.1.tgz 6951ms (cache miss)
npm http fetch GET 200 https://vltoss.jfrog.io/artifactory/api/npm/benchmark-npm-remote/array-buffer-byte-length/-/array-buffer-byte-length-1.0.2.tgz 6952ms (cache miss)
npm http fetch GET 200 https://vltoss.jfrog.io/artifactory/api/npm/benchmark-npm-remote/gopd/-/gopd-1.2.0.tgz 6951ms (cache miss)
npm http fetch GET 200 https://vltoss.jfrog.io/artifactory/api/npm/benchmark-npm-remote/fastq/-/fastq-1.20.3.tgz 6981ms (cache miss)
npm http fetch GET 200 https://vltoss.jfrog.io/artifactory/api/npm/benchmark-npm-remote/es-define-property/-/es-define-property-1.0.1.tgz 6970ms (cache miss)
npm http fetch GET 200 https://vltoss.jfrog.io/artifactory/api/npm/benchmark-npm-remote/istanbul-lib-instrument/-/istanbul-lib-instrument-6.0.3.tgz 7009ms (cache miss)
npm http fetch GET 200 https://vltoss.jfrog.io/artifactory/api/npm/benchmark-npm-remote/@jest/transform/-/transform-29.7.0.tgz 7006ms (cache miss)
npm http fetch GET 200 https://vltoss.jfrog.io/artifactory/api/npm/benchmark-npm-remote/is-callable/-/is-callable-1.2.7.tgz 6992ms (cache miss)
npm http fetch GET 200 https://vltoss.jfrog.io/artifactory/api/npm/benchmark-npm-remote/set-function-length/-/set-function-length-1.2.2.tgz 6990ms (cache miss)
npm http fetch GET 200 https://vltoss.jfrog.io/artifactory/api/npm/benchmark-npm-remote/istanbul-lib-report/-/istanbul-lib-report-3.0.1.tgz 7033ms (cache miss)
npm http fetch GET 200 https://vltoss.jfrog.io/artifactory/api/npm/benchmark-npm-remote/is-negative-zero/-/is-negative-zero-2.0.3.tgz 7017ms (cache miss)
npm http fetch GET 200 https://vltoss.jfrog.io/artifactory/api/npm/benchmark-npm-remote/es-shim-unscopables/-/es-shim-unscopables-1.1.0.tgz 7013ms (cache miss)
npm http fetch GET 200 https://vltoss.jfrog.io/artifactory/api/npm/benchmark-npm-remote/define-properties/-/define-properties-1.2.1.tgz 7013ms (cache miss)
npm http fetch GET 200 https://vltoss.jfrog.io/artifactory/api/npm/benchmark-npm-remote/emoji-regex/-/emoji-regex-9.2.2.tgz 7046ms (cache miss)
npm http fetch GET 200 https://vltoss.jfrog.io/artifactory/api/npm/benchmark-npm-remote/which-typed-array/-/which-typed-array-1.1.24.tgz 7044ms (cache miss)
npm http fetch GET 200 https://vltoss.jfrog.io/artifactory/api/npm/benchmark-npm-remote/is-set/-/is-set-2.0.3.tgz 7041ms (cache miss)
npm http fetch GET 200 https://vltoss.jfrog.io/artifactory/api/npm/benchmark-npm-remote/internal-slot/-/internal-slot-1.1.0.tgz 7041ms (cache miss)
npm http fetch GET 200 https://vltoss.jfrog.io/artifactory/api/npm/benchmark-npm-remote/arraybuffer.prototype.slice/-/arraybuffer.prototype.slice-1.0.4.tgz 7039ms (cache miss)
npm http fetch GET 200 https://vltoss.jfrog.io/artifactory/api/npm/benchmark-npm-remote/@rtsao/scc/-/scc-1.1.0.tgz 7035ms (cache miss)
npm http fetch GET 200 https://vltoss.jfrog.io/artifactory/api/npm/benchmark-npm-remote/jest-circus/-/jest-circus-29.7.0.tgz 7098ms (cache miss)
npm http fetch GET 200 https://vltoss.jfrog.io/artifactory/api/npm/benchmark-npm-remote/has-tostringtag/-/has-tostringtag-1.0.2.tgz 7069ms (cache miss)
npm http fetch GET 200 https://vltoss.jfrog.io/artifactory/api/npm/benchmark-npm-remote/call-bound/-/call-bound-1.0.4.tgz 7062ms (cache miss)
npm http fetch GET 200 https://vltoss.jfrog.io/artifactory/api/npm/benchmark-npm-remote/hasown/-/hasown-2.0.4.tgz 7061ms (cache miss)
npm http fetch GET 200 https://vltoss.jfrog.io/artifactory/api/npm/benchmark-npm-remote/eslint-import-resolver-node/-/eslint-import-resolver-node-0.3.10.tgz 7061ms (cache miss)
npm http fetch GET 200 https://vltoss.jfrog.io/artifactory/api/npm/benchmark-npm-remote/logform/-/logform-2.7.0.tgz 7174ms (cache miss)
npm http fetch GET 200 https://vltoss.jfrog.io/artifactory/api/npm/benchmark-npm-remote/flatted/-/flatted-3.4.4.tgz 7100ms (cache miss)
npm http fetch GET 200 https://vltoss.jfrog.io/artifactory/api/npm/benchmark-npm-remote/is-regex/-/is-regex-1.2.1.tgz 7091ms (cache miss)
npm http fetch GET 200 https://vltoss.jfrog.io/artifactory/api/npm/benchmark-npm-remote/has-proto/-/has-proto-1.2.0.tgz 7090ms (cache miss)
npm http fetch GET 200 https://vltoss.jfrog.io/artifactory/api/npm/benchmark-npm-remote/object-keys/-/object-keys-1.1.1.tgz 7088ms (cache miss)
npm http fetch GET 200 https://vltoss.jfrog.io/artifactory/api/npm/benchmark-npm-remote/bs-logger/-/bs-logger-0.2.6.tgz 7180ms (cache miss)
npm http fetch GET 200 https://vltoss.jfrog.io/artifactory/api/npm/benchmark-npm-remote/is-string/-/is-string-1.1.1.tgz 7110ms (cache miss)
npm http fetch GET 200 https://vltoss.jfrog.io/artifactory/api/npm/benchmark-npm-remote/es-object-atoms/-/es-object-atoms-1.1.2.tgz 7109ms (cache miss)
npm http fetch GET 200 https://vltoss.jfrog.io/artifactory/api/npm/benchmark-npm-remote/lodash.upperfirst/-/lodash.upperfirst-4.3.1.tgz 7107ms (cache miss)
npm http fetch GET 200 https://vltoss.jfrog.io/artifactory/api/npm/benchmark-npm-remote/jest-validate/-/jest-validate-29.7.0.tgz 7152ms (cache miss)
npm http fetch GET 200 https://vltoss.jfrog.io/artifactory/api/npm/benchmark-npm-remote/synckit/-/synckit-0.8.8.tgz 7142ms (cache miss)
npm http fetch GET 200 https://vltoss.jfrog.io/artifactory/api/npm/benchmark-npm-remote/call-bind-apply-helpers/-/call-bind-apply-helpers-1.0.2.tgz 7133ms (cache miss)
npm http fetch GET 200 https://vltoss.jfrog.io/artifactory/api/npm/benchmark-npm-remote/eslint-rule-documentation/-/eslint-rule-documentation-1.0.23.tgz 7129ms (cache miss)
npm http fetch GET 200 https://vltoss.jfrog.io/artifactory/api/npm/benchmark-npm-remote/jest-diff/-/jest-diff-27.5.1.tgz 7203ms (cache miss)
npm http fetch GET 200 https://vltoss.jfrog.io/artifactory/api/npm/benchmark-npm-remote/human-signals/-/human-signals-2.1.0.tgz 7187ms (cache miss)
npm http fetch GET 200 https://vltoss.jfrog.io/artifactory/api/npm/benchmark-npm-remote/jest-watcher/-/jest-watcher-29.7.0.tgz 7178ms (cache miss)
npm http fetch GET 200 https://vltoss.jfrog.io/artifactory/api/npm/benchmark-npm-remote/string.prototype.trimstart/-/string.prototype.trimstart-1.0.8.tgz 7165ms (cache miss)
npm http fetch GET 200 https://vltoss.jfrog.io/artifactory/api/npm/benchmark-npm-remote/define-data-property/-/define-data-property-1.1.4.tgz 7159ms (cache miss)
npm http fetch GET 200 https://vltoss.jfrog.io/artifactory/api/npm/benchmark-npm-remote/lodash.camelcase/-/lodash.camelcase-4.3.0.tgz 7156ms (cache miss)
npm http fetch GET 200 https://vltoss.jfrog.io/artifactory/api/npm/benchmark-npm-remote/lodash.snakecase/-/lodash.snakecase-4.1.1.tgz 7156ms (cache miss)
npm http fetch GET 200 https://vltoss.jfrog.io/artifactory/api/npm/benchmark-npm-remote/lodash.kebabcase/-/lodash.kebabcase-4.1.1.tgz 7156ms (cache miss)
npm http fetch GET 200 https://vltoss.jfrog.io/artifactory/api/npm/benchmark-npm-remote/@github/browserslist-config/-/browserslist-config-1.0.0.tgz 7155ms (cache miss)
npm http fetch GET 200 https://vltoss.jfrog.io/artifactory/api/npm/benchmark-npm-remote/es-errors/-/es-errors-1.3.0.tgz 7182ms (cache miss)
npm http fetch GET 200 https://vltoss.jfrog.io/artifactory/api/npm/benchmark-npm-remote/array.prototype.flatmap/-/array.prototype.flatmap-1.3.3.tgz 7180ms (cache miss)
npm http fetch GET 200 https://vltoss.jfrog.io/artifactory/api/npm/benchmark-npm-remote/update-browserslist-db/-/update-browserslist-db-1.3.3.tgz 7179ms (cache miss)
npm http fetch GET 200 https://vltoss.jfrog.io/artifactory/api/npm/benchmark-npm-remote/node-releases/-/node-releases-2.0.57.tgz 7179ms (cache miss)
npm http fetch GET 200 https://vltoss.jfrog.io/artifactory/api/npm/benchmark-npm-remote/eslint-plugin-i18n-text/-/eslint-plugin-i18n-text-1.0.1.tgz 7178ms (cache miss)
npm http fetch GET 200 https://vltoss.jfrog.io/artifactory/api/npm/benchmark-npm-remote/shebang-command/-/shebang-command-2.0.0.tgz 7177ms (cache miss)
npm http fetch GET 200 https://vltoss.jfrog.io/artifactory/api/npm/benchmark-npm-remote/ws/-/ws-8.22.0.tgz 7254ms (cache miss)
npm http fetch GET 200 https://vltoss.jfrog.io/artifactory/api/npm/benchmark-npm-remote/jest-resolve/-/jest-resolve-29.7.0.tgz 7221ms (cache miss)
npm http fetch GET 200 https://vltoss.jfrog.io/artifactory/api/npm/benchmark-npm-remote/package-json-from-dist/-/package-json-from-dist-1.0.1.tgz 7217ms (cache miss)
npm http fetch GET 200 https://vltoss.jfrog.io/artifactory/api/npm/benchmark-npm-remote/function-bind/-/function-bind-1.1.2.tgz 7203ms (cache miss)
npm http fetch GET 200 https://vltoss.jfrog.io/artifactory/api/npm/benchmark-npm-remote/get-intrinsic/-/get-intrinsic-1.3.0.tgz 7203ms (cache miss)
npm http fetch GET 200 https://vltoss.jfrog.io/artifactory/api/npm/benchmark-npm-remote/svg-element-attributes/-/svg-element-attributes-1.3.1.tgz 7199ms (cache miss)
npm http fetch GET 200 https://vltoss.jfrog.io/artifactory/api/npm/benchmark-npm-remote/array.prototype.flat/-/array.prototype.flat-1.3.3.tgz 7225ms (cache miss)
npm http fetch GET 200 https://vltoss.jfrog.io/artifactory/api/npm/benchmark-npm-remote/eslint-plugin-no-only-tests/-/eslint-plugin-no-only-tests-3.4.0.tgz 7223ms (cache miss)
npm http fetch GET 200 https://vltoss.jfrog.io/artifactory/api/npm/benchmark-npm-remote/which/-/which-2.0.2.tgz 7222ms (cache miss)
npm http fetch GET 200 https://vltoss.jfrog.io/artifactory/api/npm/benchmark-npm-remote/path-key/-/path-key-3.1.1.tgz 7222ms (cache miss)
npm http fetch GET 200 https://vltoss.jfrog.io/artifactory/api/npm/benchmark-npm-remote/@humanfs/types/-/types-0.15.0.tgz 7222ms (cache miss)
npm http fetch GET 200 https://vltoss.jfrog.io/artifactory/api/npm/benchmark-npm-remote/import-fresh/-/import-fresh-3.3.1.tgz 7221ms (cache miss)
npm http fetch GET 200 https://vltoss.jfrog.io/artifactory/api/npm/benchmark-npm-remote/strip-json-comments/-/strip-json-comments-3.1.1.tgz 7223ms (cache miss)
npm http fetch GET 200 https://vltoss.jfrog.io/artifactory/api/npm/benchmark-npm-remote/jsonc-parser/-/jsonc-parser-3.2.0.tgz 7311ms (cache miss)
npm http fetch GET 200 https://vltoss.jfrog.io/artifactory/api/npm/benchmark-npm-remote/string.prototype.trim/-/string.prototype.trim-1.2.11.tgz 7256ms (cache miss)
npm http fetch GET 200 https://vltoss.jfrog.io/artifactory/api/npm/benchmark-npm-remote/is-core-module/-/is-core-module-2.17.0.tgz 7249ms (cache miss)
npm http fetch GET 200 https://vltoss.jfrog.io/artifactory/api/npm/benchmark-npm-remote/jju/-/jju-1.4.0.tgz 7289ms (cache miss)
npm http fetch GET 200 https://vltoss.jfrog.io/artifactory/api/npm/benchmark-npm-remote/string.prototype.includes/-/string.prototype.includes-2.0.1.tgz 7288ms (cache miss)
npm http fetch GET 200 https://vltoss.jfrog.io/artifactory/api/npm/benchmark-npm-remote/has-symbols/-/has-symbols-1.1.0.tgz 7282ms (cache miss)
npm http fetch GET 200 https://vltoss.jfrog.io/artifactory/api/npm/benchmark-npm-remote/call-bind/-/call-bind-1.0.9.tgz 7277ms (cache miss)
npm http fetch GET 200 https://vltoss.jfrog.io/artifactory/api/npm/benchmark-npm-remote/levn/-/levn-0.4.1.tgz 7272ms (cache miss)
npm http fetch GET 200 https://vltoss.jfrog.io/artifactory/api/npm/benchmark-npm-remote/imurmurhash/-/imurmurhash-0.1.4.tgz 7270ms (cache miss)
npm http fetch GET 200 https://vltoss.jfrog.io/artifactory/api/npm/benchmark-npm-remote/find-up/-/find-up-5.0.0.tgz 7271ms (cache miss)
npm http fetch GET 200 https://vltoss.jfrog.io/artifactory/api/npm/benchmark-npm-remote/@babel/preset-env/-/preset-env-7.29.7.tgz 7425ms (cache miss)
npm http fetch GET 200 https://vltoss.jfrog.io/artifactory/api/npm/benchmark-npm-remote/@types/json-schema/-/json-schema-7.0.15.tgz 7295ms (cache miss)
npm http fetch GET 200 https://vltoss.jfrog.io/artifactory/api/npm/benchmark-npm-remote/file-entry-cache/-/file-entry-cache-8.0.0.tgz 7294ms (cache miss)
npm http fetch GET 200 https://vltoss.jfrog.io/artifactory/api/npm/benchmark-npm-remote/escape-string-regexp/-/escape-string-regexp-4.0.0.tgz 7294ms (cache miss)
npm http fetch GET 200 https://vltoss.jfrog.io/artifactory/api/npm/benchmark-npm-remote/object.groupby/-/object.groupby-1.0.3.tgz 7323ms (cache miss)
npm http fetch GET 200 https://vltoss.jfrog.io/artifactory/api/npm/benchmark-npm-remote/binary-extensions/-/binary-extensions-2.3.0.tgz 7315ms (cache miss)
npm http fetch GET 200 https://vltoss.jfrog.io/artifactory/api/npm/benchmark-npm-remote/@emnapi/runtime/-/runtime-1.4.5.tgz 7402ms (cache miss)
npm http fetch GET 200 https://vltoss.jfrog.io/artifactory/api/npm/benchmark-npm-remote/@babel/helper-compilation-targets/-/helper-compilation-targets-7.29.7.tgz 7370ms (cache miss)
npm http fetch GET 200 https://vltoss.jfrog.io/artifactory/api/npm/benchmark-npm-remote/@microsoft/tsdoc-config/-/tsdoc-config-0.18.3.tgz 7359ms (cache miss)
npm http fetch GET 200 https://vltoss.jfrog.io/artifactory/api/npm/benchmark-npm-remote/@types/estree/-/estree-1.0.9.tgz 7338ms (cache miss)
npm http fetch GET 200 https://vltoss.jfrog.io/artifactory/api/npm/benchmark-npm-remote/bufferutil/-/bufferutil-4.1.0.tgz 7476ms (cache miss)
npm http fetch GET 200 https://vltoss.jfrog.io/artifactory/api/npm/benchmark-npm-remote/utf-8-validate/-/utf-8-validate-5.0.10.tgz 7477ms (cache miss)
npm http fetch GET 200 https://vltoss.jfrog.io/artifactory/api/npm/benchmark-npm-remote/jest-snapshot/-/jest-snapshot-29.7.0.tgz 7391ms (cache miss)
npm http fetch GET 200 https://vltoss.jfrog.io/artifactory/api/npm/benchmark-npm-remote/ms/-/ms-2.1.3.tgz 7361ms (cache miss)
npm http fetch GET 200 https://vltoss.jfrog.io/artifactory/api/npm/benchmark-npm-remote/@nodelib/fs.stat/-/fs.stat-2.0.5.tgz 7405ms (cache miss)
npm http fetch GET 200 https://vltoss.jfrog.io/artifactory/api/npm/benchmark-npm-remote/globalthis/-/globalthis-1.0.4.tgz 7396ms (cache miss)
npm http fetch GET 200 https://vltoss.jfrog.io/artifactory/api/npm/benchmark-npm-remote/object.fromentries/-/object.fromentries-2.0.8.tgz 7392ms (cache miss)
npm http fetch GET 200 https://vltoss.jfrog.io/artifactory/api/npm/benchmark-npm-remote/color-name/-/color-name-1.1.4.tgz 7384ms (cache miss)
npm http fetch GET 200 https://vltoss.jfrog.io/artifactory/api/npm/benchmark-npm-remote/is-binary-path/-/is-binary-path-2.1.0.tgz 7383ms (cache miss)
npm http fetch GET 200 https://vltoss.jfrog.io/artifactory/api/npm/benchmark-npm-remote/regexp.prototype.flags/-/regexp.prototype.flags-1.5.4.tgz 7424ms (cache miss)
npm http fetch GET 200 https://vltoss.jfrog.io/artifactory/api/npm/benchmark-npm-remote/is-glob/-/is-glob-4.0.3.tgz 7406ms (cache miss)
npm http fetch GET 200 https://vltoss.jfrog.io/artifactory/api/npm/benchmark-npm-remote/supports-color/-/supports-color-7.2.0.tgz 7405ms (cache miss)
npm http fetch GET 200 https://vltoss.jfrog.io/artifactory/api/npm/benchmark-npm-remote/lodash.merge/-/lodash.merge-4.6.2.tgz 7437ms (cache miss)
npm http fetch GET 200 https://vltoss.jfrog.io/artifactory/api/npm/benchmark-npm-remote/fill-range/-/fill-range-7.1.1.tgz 7434ms (cache miss)
npm http fetch GET 200 https://vltoss.jfrog.io/artifactory/api/npm/benchmark-npm-remote/normalize-path/-/normalize-path-3.0.0.tgz 7434ms (cache miss)
npm http fetch GET 200 https://vltoss.jfrog.io/artifactory/api/npm/benchmark-npm-remote/anymatch/-/anymatch-3.1.3.tgz 7434ms (cache miss)
npm http fetch GET 200 https://vltoss.jfrog.io/artifactory/api/npm/benchmark-npm-remote/require-from-string/-/require-from-string-2.0.2.tgz 7433ms (cache miss)
npm http fetch GET 200 https://vltoss.jfrog.io/artifactory/api/npm/benchmark-npm-remote/@babel/template/-/template-7.29.7.tgz 7497ms (cache miss)
npm http fetch GET 200 https://vltoss.jfrog.io/artifactory/api/npm/benchmark-npm-remote/es-to-primitive/-/es-to-primitive-1.3.4.tgz 7476ms (cache miss)
npm http fetch GET 200 https://vltoss.jfrog.io/artifactory/api/npm/benchmark-npm-remote/string.prototype.trimend/-/string.prototype.trimend-1.0.10.tgz 7472ms (cache miss)
npm http fetch GET 200 https://vltoss.jfrog.io/artifactory/api/npm/benchmark-npm-remote/array.prototype.findlastindex/-/array.prototype.findlastindex-1.2.6.tgz 7471ms (cache miss)
npm http fetch GET 200 https://vltoss.jfrog.io/artifactory/api/npm/benchmark-npm-remote/glob-parent/-/glob-parent-5.1.2.tgz 7461ms (cache miss)
npm http fetch GET 200 https://vltoss.jfrog.io/artifactory/api/npm/benchmark-npm-remote/schema-utils/-/schema-utils-4.5.0.tgz 7559ms (cache miss)
npm http fetch GET 200 https://vltoss.jfrog.io/artifactory/api/npm/benchmark-npm-remote/browserslist/-/browserslist-4.29.3.tgz 7500ms (cache miss)
npm http fetch GET 200 https://vltoss.jfrog.io/artifactory/api/npm/benchmark-npm-remote/readdirp/-/readdirp-3.6.0.tgz 7493ms (cache miss)
npm http fetch GET 200 https://vltoss.jfrog.io/artifactory/api/npm/benchmark-npm-remote/ansi-styles/-/ansi-styles-4.3.0.tgz 7492ms (cache miss)
npm http fetch GET 200 https://vltoss.jfrog.io/artifactory/api/npm/benchmark-npm-remote/function.prototype.name/-/function.prototype.name-1.2.0.tgz 7557ms (cache miss)
npm http fetch GET 200 https://vltoss.jfrog.io/artifactory/api/npm/benchmark-npm-remote/ansi-colors/-/ansi-colors-4.1.3.tgz 7543ms (cache miss)
npm http fetch GET 200 https://vltoss.jfrog.io/artifactory/api/npm/benchmark-npm-remote/fast-deep-equal/-/fast-deep-equal-3.1.3.tgz 7541ms (cache miss)
npm http fetch GET 200 https://vltoss.jfrog.io/artifactory/api/npm/benchmark-npm-remote/@typescript-eslint/tsconfig-utils/-/tsconfig-utils-8.71.0.tgz 7540ms (cache miss)
npm http fetch GET 200 https://vltoss.jfrog.io/artifactory/api/npm/benchmark-npm-remote/minimizer-webpack-plugin/-/minimizer-webpack-plugin-5.12.0.tgz 7670ms (cache miss)
npm http fetch GET 200 https://vltoss.jfrog.io/artifactory/api/npm/benchmark-npm-remote/eslint-module-utils/-/eslint-module-utils-2.14.0.tgz 7587ms (cache miss)
npm http fetch GET 200 https://vltoss.jfrog.io/artifactory/api/npm/benchmark-npm-remote/esutils/-/esutils-2.0.3.tgz 7581ms (cache miss)
npm http fetch GET 200 https://vltoss.jfrog.io/artifactory/api/npm/benchmark-npm-remote/@types/istanbul-lib-report/-/istanbul-lib-report-3.0.3.tgz 7573ms (cache miss)
npm http fetch GET 200 https://vltoss.jfrog.io/artifactory/api/npm/benchmark-npm-remote/@types/istanbul-reports/-/istanbul-reports-3.0.4.tgz 7573ms (cache miss)
npm http fetch GET 200 https://vltoss.jfrog.io/artifactory/api/npm/benchmark-npm-remote/ejs/-/ejs-5.0.1.tgz 7675ms (cache miss)
npm http fetch GET 200 https://vltoss.jfrog.io/artifactory/api/npm/benchmark-npm-remote/array-includes/-/array-includes-3.2.0.tgz 7613ms (cache miss)
npm http fetch GET 200 https://vltoss.jfrog.io/artifactory/api/npm/benchmark-npm-remote/@typescript-eslint/project-service/-/project-service-8.71.0.tgz 7600ms (cache miss)
npm http fetch GET 200 https://vltoss.jfrog.io/artifactory/api/npm/benchmark-npm-remote/natural-compare/-/natural-compare-1.4.0.tgz 7600ms (cache miss)
npm http fetch GET 200 https://vltoss.jfrog.io/artifactory/api/npm/benchmark-npm-remote/jest-environment-node/-/jest-environment-node-27.5.1.tgz 7600ms (cache miss)
npm http fetch GET 200 https://vltoss.jfrog.io/artifactory/api/npm/benchmark-npm-remote/@types/istanbul-lib-coverage/-/istanbul-lib-coverage-2.0.6.tgz 7600ms (cache miss)
npm http fetch GET 200 https://vltoss.jfrog.io/artifactory/api/npm/benchmark-npm-remote/object.values/-/object.values-1.2.1.tgz 7640ms (cache miss)
npm http fetch GET 200 https://vltoss.jfrog.io/artifactory/api/npm/benchmark-npm-remote/color-convert/-/color-convert-2.0.1.tgz 7630ms (cache miss)
npm http fetch GET 200 https://vltoss.jfrog.io/artifactory/api/npm/benchmark-npm-remote/tinyglobby/-/tinyglobby-0.2.17.tgz 7628ms (cache miss)
npm http fetch GET 200 https://vltoss.jfrog.io/artifactory/api/npm/benchmark-npm-remote/@typescript-eslint/visitor-keys/-/visitor-keys-8.71.0.tgz 7627ms (cache miss)
npm http fetch GET 200 https://vltoss.jfrog.io/artifactory/api/npm/benchmark-npm-remote/object.assign/-/object.assign-4.1.7.tgz 7671ms (cache miss)
npm http fetch GET 200 https://vltoss.jfrog.io/artifactory/api/npm/benchmark-npm-remote/typescript-eslint/-/typescript-eslint-8.71.0.tgz 7661ms (cache miss)
npm http fetch GET 200 https://vltoss.jfrog.io/artifactory/api/npm/benchmark-npm-remote/eslint-plugin-filenames/-/eslint-plugin-filenames-1.3.2.tgz 7659ms (cache miss)
npm http fetch GET 200 https://vltoss.jfrog.io/artifactory/api/npm/benchmark-npm-remote/doctrine/-/doctrine-2.1.0.tgz 7684ms (cache miss)
npm http fetch GET 200 https://vltoss.jfrog.io/artifactory/api/npm/benchmark-npm-remote/@babel/helper-module-transforms/-/helper-module-transforms-7.29.7.tgz 7737ms (cache miss)
npm http fetch GET 200 https://vltoss.jfrog.io/artifactory/api/npm/benchmark-npm-remote/optionator/-/optionator-0.9.4.tgz 7705ms (cache miss)
npm http fetch GET 200 https://vltoss.jfrog.io/artifactory/api/npm/benchmark-npm-remote/jest-environment-jsdom/-/jest-environment-jsdom-30.5.2.tgz 7695ms (cache miss)
npm http fetch GET 200 https://vltoss.jfrog.io/artifactory/api/npm/benchmark-npm-remote/json-stable-stringify-without-jsonify/-/json-stable-stringify-without-jsonify-1.0.1.tgz 7725ms (cache miss)
npm http fetch GET 200 https://vltoss.jfrog.io/artifactory/api/npm/benchmark-npm-remote/jest/-/jest-29.7.0.tgz 7713ms (cache miss)
npm http fetch GET 200 https://vltoss.jfrog.io/artifactory/api/npm/benchmark-npm-remote/math-intrinsics/-/math-intrinsics-1.1.0.tgz 7759ms (cache miss)
npm http fetch GET 200 https://vltoss.jfrog.io/artifactory/api/npm/benchmark-npm-remote/@humanfs/node/-/node-0.16.8.tgz 7748ms (cache miss)
npm http fetch GET 200 https://vltoss.jfrog.io/artifactory/api/npm/benchmark-npm-remote/@humanwhocodes/module-importer/-/module-importer-1.0.1.tgz 7748ms (cache miss)
npm http fetch GET 200 https://vltoss.jfrog.io/artifactory/api/npm/benchmark-npm-remote/cross-spawn/-/cross-spawn-7.0.6.tgz 7775ms (cache miss)
npm http fetch GET 200 https://vltoss.jfrog.io/artifactory/api/npm/benchmark-npm-remote/eslint-formatter-azure-devops/-/eslint-formatter-azure-devops-1.2.1.tgz 7764ms (cache miss)
npm http fetch GET 200 https://vltoss.jfrog.io/artifactory/api/npm/benchmark-npm-remote/@eslint/compat/-/compat-2.1.1.tgz 7807ms (cache miss)
npm http fetch GET 200 https://vltoss.jfrog.io/artifactory/api/npm/benchmark-npm-remote/@humanwhocodes/retry/-/retry-0.4.3.tgz 7803ms (cache miss)
npm http fetch GET 200 https://vltoss.jfrog.io/artifactory/api/npm/benchmark-npm-remote/json-schema-traverse/-/json-schema-traverse-1.0.0.tgz 7799ms (cache miss)
npm http fetch GET 200 https://vltoss.jfrog.io/artifactory/api/npm/benchmark-npm-remote/fast-uri/-/fast-uri-3.1.8.tgz 7939ms (cache miss)
npm http fetch GET 200 https://vltoss.jfrog.io/artifactory/api/npm/benchmark-npm-remote/jest-matcher-utils/-/jest-matcher-utils-27.5.1.tgz 7829ms (cache miss)
npm http fetch GET 200 https://vltoss.jfrog.io/artifactory/api/npm/benchmark-npm-remote/@types/jest-expect-message/-/jest-expect-message-1.0.4.tgz 7825ms (cache miss)
npm http fetch GET 200 https://vltoss.jfrog.io/artifactory/api/npm/benchmark-npm-remote/parse-imports-exports/-/parse-imports-exports-0.2.4.tgz 7911ms (cache miss)
npm http fetch GET 200 https://vltoss.jfrog.io/artifactory/api/npm/benchmark-npm-remote/prebuild-install/-/prebuild-install-7.1.3.tgz 7888ms (cache miss)
npm warn deprecated prebuild-install@7.1.3: No longer maintained. Please contact the author of the relevant native addon; alternatives are available.
npm http fetch GET 200 https://vltoss.jfrog.io/artifactory/api/npm/benchmark-npm-remote/eslint-visitor-keys/-/eslint-visitor-keys-3.4.3.tgz 7888ms (cache miss)
npm http fetch GET 200 https://vltoss.jfrog.io/artifactory/api/npm/benchmark-npm-remote/es-check/-/es-check-7.2.1.tgz 7882ms (cache miss)
npm http fetch GET 200 https://vltoss.jfrog.io/artifactory/api/npm/benchmark-npm-remote/@typescript-eslint/parser/-/parser-8.71.0.tgz 7882ms (cache miss)
npm http fetch GET 200 https://vltoss.jfrog.io/artifactory/api/npm/benchmark-npm-remote/@types/jest-environment-puppeteer/-/jest-environment-puppeteer-5.0.6.tgz 7882ms (cache miss)
npm http fetch GET 200 https://vltoss.jfrog.io/artifactory/api/npm/benchmark-npm-remote/@types/expect-puppeteer/-/expect-puppeteer-5.0.6.tgz 7882ms (cache miss)
npm http fetch GET 200 https://vltoss.jfrog.io/artifactory/api/npm/benchmark-npm-remote/@eslint/object-schema/-/object-schema-2.1.7.tgz 7959ms (cache miss)
npm http fetch GET 200 https://vltoss.jfrog.io/artifactory/api/npm/benchmark-npm-remote/eslint-config-prettier/-/eslint-config-prettier-9.0.0.tgz 7947ms (cache miss)
npm http fetch GET 200 https://vltoss.jfrog.io/artifactory/api/npm/benchmark-npm-remote/@nrwl/workspace/-/workspace-19.8.4.tgz 7946ms (cache miss)
npm http fetch GET 200 https://vltoss.jfrog.io/artifactory/api/npm/benchmark-npm-remote/is-wsl/-/is-wsl-3.1.1.tgz 7945ms (cache miss)
npm http fetch GET 200 https://vltoss.jfrog.io/artifactory/api/npm/benchmark-npm-remote/json5/-/json5-2.2.3.tgz 8043ms (cache miss)
npm http fetch GET 200 https://vltoss.jfrog.io/artifactory/api/npm/benchmark-npm-remote/@eslint/js/-/js-9.39.5.tgz 7994ms (cache miss)
npm http fetch GET 200 https://vltoss.jfrog.io/artifactory/api/npm/benchmark-npm-remote/is-docker/-/is-docker-3.0.0.tgz 7994ms (cache miss)
npm http fetch GET 200 https://vltoss.jfrog.io/artifactory/api/npm/benchmark-npm-remote/@dnd-kit/utilities/-/utilities-3.2.2.tgz 8160ms (cache miss)
npm http fetch GET 200 https://vltoss.jfrog.io/artifactory/api/npm/benchmark-npm-remote/rrweb-cssom/-/rrweb-cssom-0.8.0.tgz 8104ms (cache miss)
npm http fetch GET 200 https://vltoss.jfrog.io/artifactory/api/npm/benchmark-npm-remote/electron-to-chromium/-/electron-to-chromium-1.5.443.tgz 8048ms (cache miss)
npm http fetch GET 200 https://vltoss.jfrog.io/artifactory/api/npm/benchmark-npm-remote/@types/fs-extra/-/fs-extra-9.0.13.tgz 8028ms (cache miss)
npm http fetch GET 200 https://jfrog-prod-use2-shared-ohio-main.s3.amazonaws.com/aol-a0eigilwc24ii/filestore/5a/5ab824d6f1669ec6c6eb0fba047e73601d969052?response-content-disposition=attachment%3Bfilename%3D%22devtools-protocol-0.0.1312386.tgz%22&response-content-type=application%2Fx-gzip&X-Artifactory-username=darcy%40vlt.sh&X-Artifactory-repoType=local&X-Artifactory-repositoryKey=benchmark-npm-remote-cache&X-Artifactory-originPackageType=npm&X-Artifactory-packageType=npm&X-Artifactory-artifactPath=devtools-protocol%2F-%2Fdevtools-protocol-0.0.1312386.tgz&X-Artifactory-originProjectKey=benchmark&X-Artifactory-projectKey=benchmark&X-Artifactory-originRepoType=remote&X-Artifactory-originRepositoryKey=benchmark-npm-remote&x-jf-traceId=ac29ba3822f756bc606bc2e8f3a9bae3&X-Amz-Security-Token=IQoJb3JpZ2luX2VjEKP%2F%2F%2F%2F%2F%2F%2F%2F%2F%2FwEaCXVzLWVhc3QtMiJHMEUCIQCNM1vyehYeot350c8CmRxyxANvaNL6o%2FiXftrYvN3QywIgJtJnf8Vo3mqOPxnbYHJVntu4EqNd3FL7eos1bvhYpIgqkgUIbBAAGgw3MjE4ODI2MTMwMzciDOIbxNlDwteJv9ALRirvBFhqoH1fB4CeV1H%2FaT8tH%2Fhhvom8QCtzC%2FE0AvYQHFpqf%2BH%2F3xTVGISqSZkk%2BId1FoRcSuovhtFz4ghRZqDWCvDDU6VA5wF%2BanA02u6RiQmBIxm1HzosqOTTNw7oVFrPyx2XOvnqksLRMMOmtWxIjEXCcS1b9ifWcFSRYQ80danrcAqkNkCNW%2FJw0N8co%2FhFHeZPbEVLQI89iaOYuwl091x39JAjglhNjcJkk9MbmeqB8HWamd1RnZ9GhTur%2F1LVll79ah%2BY6lV3oDRtJcptDouKM9k1YKPnIfFNjDu29oUhLKCSWF9eM7hIxA0fucpTwAbc4ARQeusYYpq%2FQpaxRDvmGSBDUJX%2Br9C6UavFnfGv5sKJ2OfdUnPIIdcTemwwLAwtc4HcatwDZEPipLqqGW0nltMEtuiZyQqrPN0ZYHheLld6eIlFHH7s0nP6QYe1jdbqnA0p1R4MKQUKBRt%2FW%2FBnMM%2FVqvglFW8t%2F1aUHuhDU2ULm%2F9p2Kw%2B3q0JKU%2FrONLPzvLcEsAwkN7x81L7qYN5GeZ7Xpq315IpRsqHloLSJAtIhmGcWnk03J%2BvoppO3iWPSSAYBRj1s91hcOKRZTxcDlxGnBEDRkgr8lURS1HCBrAXRUScaSP6gujzwTuNdAnsVmDgowcYsD499zgQvTvZI61j469co13kCwPFv6D6l9oi3P04WhprxV%2FDbab995sy%2F3G4INHiPE6%2BG3HCYOBPBNJSIimqwDvy986amweffu5t9SQTtV2v%2FEvCFhLArnsCIs%2BfbbcqvozPqUMMVaN321MXXx5afWpeYFYnQ4omoul2bc7f8J3FMODLUKirMK6%2B9dUGOpkB6DGxDtYFNfORc5JhXgm9VIJz8Z9T68V0gsInpGx8xgvijGbqRKk5zQknbWkR0OyGmFJWKIjc%2FoISOvsPVxTOXXt00cMbNTFFIrKf3sK1pReGSe336dM9gLM235Wl%2BlyUriPlDgxAh3Uv14sz8wL1nsY3bcBWTxMmaKf%2BwBafuSm366qj7Cg%2FQSgON7OTTMbH2HqlH5Hduc4S&X-Amz-Algorithm=AWS4-HMAC-SHA256&X-Amz-Date=20260930T200515Z&X-Amz-SignedHeaders=host&X-Amz-Credential=ASIA2QE4OQUW27TYEKCH%2F20260930%2Fus-east-2%2Fs3%2Faws4_request&X-Amz-Expires=30&X-Amz-Signature=7c00d37b04cd9a132045680bb5c1e934f2b6d0acc180d76b4d0c2b7a9234896f 8245ms (cache miss)
npm http fetch GET 200 https://vltoss.jfrog.io/artifactory/api/npm/benchmark-npm-remote/@memlab/lens/-/lens-1.0.3.tgz 8239ms (cache miss)
npm http fetch GET 200 https://vltoss.jfrog.io/artifactory/api/npm/benchmark-npm-remote/@es-joy/jsdoccomment/-/jsdoccomment-0.50.2.tgz 8086ms (cache miss)
npm http fetch GET 200 https://vltoss.jfrog.io/artifactory/api/npm/benchmark-npm-remote/@eslint/core/-/core-0.17.0.tgz 8089ms (cache miss)
npm http fetch GET 200 https://vltoss.jfrog.io/artifactory/api/npm/benchmark-npm-remote/isarray/-/isarray-1.0.0.tgz 8076ms (cache miss)
npm http fetch GET 200 https://vltoss.jfrog.io/artifactory/api/npm/benchmark-npm-remote/@humanfs/core/-/core-0.19.2.tgz 8122ms (cache miss)
npm http fetch GET 200 https://vltoss.jfrog.io/artifactory/api/npm/benchmark-npm-remote/emoji-regex/-/emoji-regex-8.0.0.tgz 8104ms (cache miss)
npm http fetch GET 200 https://vltoss.jfrog.io/artifactory/api/npm/benchmark-npm-remote/string_decoder/-/string_decoder-1.1.1.tgz 8104ms (cache miss)
npm http fetch GET 200 https://vltoss.jfrog.io/artifactory/api/npm/benchmark-npm-remote/ms/-/ms-2.0.0.tgz 8102ms (cache miss)
npm http fetch GET 200 https://jfrog-prod-use2-shared-ohio-main.s3.amazonaws.com/aol-a0eigilwc24ii/filestore/8f/8f489aebefab85cfa9979ea4471e3eea022787b1?response-content-disposition=attachment%3Bfilename%3D%22joi-18.2.9.tgz%22&response-content-type=application%2Fx-gzip&X-Artifactory-username=darcy%40vlt.sh&X-Artifactory-repoType=local&X-Artifactory-repositoryKey=benchmark-npm-remote-cache&X-Artifactory-originPackageType=npm&X-Artifactory-packageType=npm&X-Artifactory-artifactPath=joi%2F-%2Fjoi-18.2.9.tgz&X-Artifactory-originProjectKey=benchmark&X-Artifactory-projectKey=benchmark&X-Artifactory-originRepoType=remote&X-Artifactory-originRepositoryKey=benchmark-npm-remote&x-jf-traceId=79d2947e56bf52ac7a24564e673a01e7&X-Amz-Security-Token=IQoJb3JpZ2luX2VjEKT%2F%2F%2F%2F%2F%2F%2F%2F%2F%2FwEaCXVzLWVhc3QtMiJGMEQCIGE05Nq07AoTr5hDsK%2Fz9lwEUN5HM86m%2BfGPbXQZ%2FdtCAiBQ3WNO7Py4EfCz88%2FeERFKKmb7UZEFCZqnchqYH%2BYuXyqSBQhtEAAaDDcyMTg4MjYxMzAzNyIMzzm3ajtO0WT7d9hxKu8EJU%2F3xYhBBgyfL1OAyamecU1X0jbcp0RFRmbFCPK6b6eD0b5PFFjEfdD8p2cGWog5gQV9Kjt8mGbno8V9mGEdwsCam5Bbm%2FBDkKc3DzTA8%2BSnMhG%2FwVTG3cA%2BpAKXKQ8TtnY7f2EWpE%2BSko0xe1FZV0H%2FY%2FVa0EGrces6gNWg4i%2FU3ui2hWlsWfnR9Bv7se7e0ZbPO8UGGNDhQkrc1x0g%2BbUYiRIfCpVul6bwyUTqx6jGJjpe%2Bl1sDZ6YVtBp5vVLV0G428zg6IhQf1%2F7311mz9n6YqiugFZK5fGBX4Xg9YY2e25tLsXYol55bdHgA9C5Cp9iGR%2BptiHCyfiPtk56HHQKqiiLlRiQU7M8eEjJprOQ7geXQAQLluWYyUiavmlhcuJa3pIzH0YL89I44H4jPfzA5e9O7mwZRn6zzpv8jN1RFX4hh0wEtgDxV9f4VU8OTXQEhtEnPMhnwMJKIHLHg7iwN%2Fc1lTY%2BaX4dlqhMtzS%2F6TOR8oca6f33A487nGSOGEHgwTFcvaQwRSd8GEmCzHHVMR7IiKGXzfjLChYJGtnYASJWrh3sOuFDp7cpfqS95qnaCE9NfTvgz2upgtyitiIifnCLk4JanJzzKN2DFkQLyDusSU1hCoxwXf6CAm8rIdbF23HkJI96fBTS3q%2FJ4tONCPjgh7IpU0kaCFHgdXyCoggFYeYn874G9QXZdKdzKo5kNZndVrPkAgjUiPhj5xOqRSk5%2BiUsw%2Fs6basSUOKYRBNURpIYOKjMKG5vkxAXFTZ1C%2Bzh6S7ARVzg845WjzH9nj3dL9TNwRScEhl8ogAsB6%2BJPR%2Fas05DTUC%2F7Nww%2Btb11QY6mgFuIXjUuJ1WiwOBL9NuEk6J3Raj8HIzuVWCggs4ILK0u0BDsDuUVlMwkNOHbsn4yLOBiD15bDxxi15B6oIbihBOqb0XjdnJtW6oYPTP%2FgSxD%2F3o7HYpkZJCBR7YmsIaaSJvBjG5m%2FUsJpbdBj%2BkC9lzNLqjIC37ZnVhmQ28RRyt5Fi%2FOsECLLOIc13O6Nk7NXpxGz3sA9MbSK7g&X-Amz-Algorithm=AWS4-HMAC-SHA256&X-Amz-Date=20260930T200515Z&X-Amz-SignedHeaders=host&X-Amz-Credential=ASIA2QE4OQUW7N476K6D%2F20260930%2Fus-east-2%2Fs3%2Faws4_request&X-Amz-Expires=30&X-Amz-Signature=cbac1ae32b7179bd7fd1cb0ef76b2ffe7f5bd1d4ca57e1383ea74792b3463a12 8338ms (cache miss)
npm http fetch GET 200 https://vltoss.jfrog.io/artifactory/api/npm/benchmark-npm-remote/espree/-/espree-10.4.0.tgz 8148ms (cache miss)
npm http fetch GET 200 https://vltoss.jfrog.io/artifactory/api/npm/benchmark-npm-remote/debug/-/debug-4.4.3.tgz 8141ms (cache miss)
npm http fetch GET 200 https://vltoss.jfrog.io/artifactory/api/npm/benchmark-npm-remote/@jridgewell/remapping/-/remapping-2.3.5.tgz 8208ms (cache miss)
npm http fetch GET 200 https://vltoss.jfrog.io/artifactory/api/npm/benchmark-npm-remote/jest-util/-/jest-util-29.7.0.tgz 8203ms (cache miss)
npm http fetch GET 200 https://vltoss.jfrog.io/artifactory/api/npm/benchmark-npm-remote/@eslint/config-helpers/-/config-helpers-0.4.2.tgz 8171ms (cache miss)
npm http fetch GET 200 https://vltoss.jfrog.io/artifactory/api/npm/benchmark-npm-remote/chalk/-/chalk-4.1.2.tgz 8164ms (cache miss)
npm http fetch GET 200 https://vltoss.jfrog.io/artifactory/api/npm/benchmark-npm-remote/readable-stream/-/readable-stream-3.6.2.tgz 8274ms (cache miss)
npm http fetch GET 200 https://vltoss.jfrog.io/artifactory/api/npm/benchmark-npm-remote/@jridgewell/sourcemap-codec/-/sourcemap-codec-1.6.0.tgz 8237ms (cache miss)
npm http fetch GET 200 https://vltoss.jfrog.io/artifactory/api/npm/benchmark-npm-remote/exit/-/exit-0.1.2.tgz 8229ms (cache miss)
npm http fetch GET 200 https://vltoss.jfrog.io/artifactory/api/npm/benchmark-npm-remote/@types/jest/-/jest-27.4.1.tgz 8186ms (cache miss)
npm http fetch GET 200 https://vltoss.jfrog.io/artifactory/api/npm/benchmark-npm-remote/jest-worker/-/jest-worker-29.7.0.tgz 8257ms (cache miss)
npm http fetch GET 200 https://vltoss.jfrog.io/artifactory/api/npm/benchmark-npm-remote/safe-buffer/-/safe-buffer-5.1.2.tgz 8208ms (cache miss)
npm http fetch GET 200 https://vltoss.jfrog.io/artifactory/api/npm/benchmark-npm-remote/ms/-/ms-2.0.0.tgz 8205ms (cache miss)
npm http fetch GET 200 https://vltoss.jfrog.io/artifactory/api/npm/benchmark-npm-remote/ms/-/ms-2.0.0.tgz 8208ms (cache miss)
npm http fetch GET 200 https://vltoss.jfrog.io/artifactory/api/npm/benchmark-npm-remote/ms/-/ms-2.0.0.tgz 8206ms (cache miss)
npm http fetch GET 200 https://vltoss.jfrog.io/artifactory/api/npm/benchmark-npm-remote/ms/-/ms-2.0.0.tgz 8205ms (cache miss)
npm http fetch GET 200 https://vltoss.jfrog.io/artifactory/api/npm/benchmark-npm-remote/mime-types/-/mime-types-3.0.2.tgz 8208ms (cache miss)
npm http fetch GET 200 https://vltoss.jfrog.io/artifactory/api/npm/benchmark-npm-remote/statuses/-/statuses-1.5.0.tgz 8207ms (cache miss)
npm http fetch GET 200 https://vltoss.jfrog.io/artifactory/api/npm/benchmark-npm-remote/react-dnd-touch-backend/-/react-dnd-touch-backend-15.0.1.tgz 8359ms (cache miss)
npm http fetch GET 200 https://vltoss.jfrog.io/artifactory/api/npm/benchmark-npm-remote/@playwright/test/-/test-1.57.0.tgz 8234ms (cache miss)
npm http fetch GET 200 https://vltoss.jfrog.io/artifactory/api/npm/benchmark-npm-remote/http-errors/-/http-errors-1.8.1.tgz 8231ms (cache miss)
npm http fetch GET 200 https://vltoss.jfrog.io/artifactory/api/npm/benchmark-npm-remote/@types/send/-/send-0.17.6.tgz 8231ms (cache miss)
npm http fetch GET 200 https://vltoss.jfrog.io/artifactory/api/npm/benchmark-npm-remote/which/-/which-1.3.1.tgz 8254ms (cache miss)
npm http fetch GET 200 https://vltoss.jfrog.io/artifactory/api/npm/benchmark-npm-remote/global-prefix/-/global-prefix-0.1.5.tgz 8254ms (cache miss)
npm http fetch GET 200 https://vltoss.jfrog.io/artifactory/api/npm/benchmark-npm-remote/eslint-plugin-prettier/-/eslint-plugin-prettier-5.0.1.tgz 8287ms (cache miss)
npm http fetch GET 200 https://vltoss.jfrog.io/artifactory/api/npm/benchmark-npm-remote/@types/puppeteer/-/puppeteer-5.4.7.tgz 8286ms (cache miss)
npm http fetch GET 200 https://vltoss.jfrog.io/artifactory/api/npm/benchmark-npm-remote/ipaddr.js/-/ipaddr.js-1.9.1.tgz 8283ms (cache miss)
npm http fetch GET 200 https://vltoss.jfrog.io/artifactory/api/npm/benchmark-npm-remote/negotiator/-/negotiator-0.6.3.tgz 8283ms (cache miss)
npm http fetch GET 200 https://vltoss.jfrog.io/artifactory/api/npm/benchmark-npm-remote/react-is/-/react-is-16.13.1.tgz 8279ms (cache miss)
npm http fetch GET 200 https://vltoss.jfrog.io/artifactory/api/npm/benchmark-npm-remote/get-stream/-/get-stream-5.2.0.tgz 8280ms (cache miss)
npm http fetch GET 200 https://vltoss.jfrog.io/artifactory/api/npm/benchmark-npm-remote/balanced-match/-/balanced-match-1.0.2.tgz 8280ms (cache miss)
npm http fetch GET 200 https://vltoss.jfrog.io/artifactory/api/npm/benchmark-npm-remote/braces/-/braces-3.0.3.tgz 8321ms (cache miss)
npm http fetch GET 200 https://vltoss.jfrog.io/artifactory/api/npm/benchmark-npm-remote/tar-fs/-/tar-fs-3.1.3.tgz 8305ms (cache miss)
npm http fetch GET 200 https://vltoss.jfrog.io/artifactory/api/npm/benchmark-npm-remote/jest-config/-/jest-config-29.7.0.tgz 8380ms (cache miss)
npm http fetch GET 200 https://vltoss.jfrog.io/artifactory/api/npm/benchmark-npm-remote/@nodelib/fs.scandir/-/fs.scandir-2.1.5.tgz 8374ms (cache miss)
npm http fetch GET 200 https://vltoss.jfrog.io/artifactory/api/npm/benchmark-npm-remote/@eslint/plugin-kit/-/plugin-kit-0.4.1.tgz 8350ms (cache miss)
npm http fetch GET 200 https://vltoss.jfrog.io/artifactory/api/npm/benchmark-npm-remote/is-windows/-/is-windows-1.0.2.tgz 8329ms (cache miss)
npm http fetch GET 200 https://vltoss.jfrog.io/artifactory/api/npm/benchmark-npm-remote/picomatch/-/picomatch-2.3.2.tgz 8380ms (cache miss)
npm http fetch GET 200 https://vltoss.jfrog.io/artifactory/api/npm/benchmark-npm-remote/jest-junit/-/jest-junit-13.2.0.tgz 8373ms (cache miss)
npm http fetch GET 200 https://vltoss.jfrog.io/artifactory/api/npm/benchmark-npm-remote/dotenv/-/dotenv-16.0.3.tgz 8370ms (cache miss)
npm http fetch GET 200 https://vltoss.jfrog.io/artifactory/api/npm/benchmark-npm-remote/proxy-from-env/-/proxy-from-env-1.1.0.tgz 8362ms (cache miss)
npm http fetch GET 200 https://vltoss.jfrog.io/artifactory/api/npm/benchmark-npm-remote/signal-exit/-/signal-exit-3.0.7.tgz 8363ms (cache miss)
npm http fetch GET 200 https://vltoss.jfrog.io/artifactory/api/npm/benchmark-npm-remote/baseline-browser-mapping/-/baseline-browser-mapping-2.11.26.tgz 8419ms (cache miss)
npm http fetch GET 200 https://vltoss.jfrog.io/artifactory/api/npm/benchmark-npm-remote/balanced-match/-/balanced-match-1.0.2.tgz 8391ms (cache miss)
npm http fetch GET 200 https://vltoss.jfrog.io/artifactory/api/npm/benchmark-npm-remote/foreground-child/-/foreground-child-2.0.0.tgz 8391ms (cache miss)
npm http fetch GET 200 https://vltoss.jfrog.io/artifactory/api/npm/benchmark-npm-remote/make-dir/-/make-dir-3.1.0.tgz 8392ms (cache miss)
npm http fetch GET 200 https://vltoss.jfrog.io/artifactory/api/npm/benchmark-npm-remote/brace-expansion/-/brace-expansion-1.1.21.tgz 8413ms (cache miss)
npm http fetch GET 200 https://vltoss.jfrog.io/artifactory/api/npm/benchmark-npm-remote/universalify/-/universalify-0.1.2.tgz 8412ms (cache miss)
npm http fetch GET 200 https://vltoss.jfrog.io/artifactory/api/npm/benchmark-npm-remote/zod/-/zod-3.23.8.tgz 8642ms (cache miss)
npm http fetch GET 200 https://vltoss.jfrog.io/artifactory/api/npm/benchmark-npm-remote/@jridgewell/gen-mapping/-/gen-mapping-0.3.13.tgz 8495ms (cache miss)
npm http fetch GET 200 https://vltoss.jfrog.io/artifactory/api/npm/benchmark-npm-remote/ignore/-/ignore-7.0.11.tgz 8452ms (cache miss)
npm http fetch GET 200 https://vltoss.jfrog.io/artifactory/api/npm/benchmark-npm-remote/depd/-/depd-1.1.2.tgz 8440ms (cache miss)
npm http fetch GET 200 https://vltoss.jfrog.io/artifactory/api/npm/benchmark-npm-remote/rimraf/-/rimraf-3.0.2.tgz 8437ms (cache miss)
npm warn deprecated rimraf@3.0.2: Rimraf versions prior to v4 are no longer supported
npm http fetch GET 200 https://vltoss.jfrog.io/artifactory/api/npm/benchmark-npm-remote/webpack-dev-server/-/webpack-dev-server-5.2.6.tgz 8601ms (cache miss)
npm http fetch GET 200 https://vltoss.jfrog.io/artifactory/api/npm/benchmark-npm-remote/tslib/-/tslib-2.8.1.tgz 8476ms (cache miss)
npm http fetch GET 200 https://vltoss.jfrog.io/artifactory/api/npm/benchmark-npm-remote/globals/-/globals-16.5.0.tgz 8475ms (cache miss)
npm http fetch GET 200 https://vltoss.jfrog.io/artifactory/api/npm/benchmark-npm-remote/minimatch/-/minimatch-3.1.5.tgz 8465ms (cache miss)
npm http fetch GET 200 https://vltoss.jfrog.io/artifactory/api/npm/benchmark-npm-remote/signal-exit/-/signal-exit-3.0.7.tgz 8463ms (cache miss)
npm http fetch GET 200 https://vltoss.jfrog.io/artifactory/api/npm/benchmark-npm-remote/write-file-atomic/-/write-file-atomic-3.0.3.tgz 8463ms (cache miss)
npm http fetch GET 200 https://jfrog-prod-use2-shared-ohio-main.s3.amazonaws.com/aol-a0eigilwc24ii/filestore/63/633af2862c213730be3dbdf40456db171b60d5bd?response-content-disposition=attachment%3Bfilename%3D%22webpack-bundle-analyzer-4.10.2.tgz%22&response-content-type=application%2Fx-gzip&X-Artifactory-username=darcy%40vlt.sh&X-Artifactory-repoType=local&X-Artifactory-repositoryKey=benchmark-npm-remote-cache&X-Artifactory-originPackageType=npm&X-Artifactory-packageType=npm&X-Artifactory-artifactPath=webpack-bundle-analyzer%2F-%2Fwebpack-bundle-analyzer-4.10.2.tgz&X-Artifactory-originProjectKey=benchmark&X-Artifactory-projectKey=benchmark&X-Artifactory-originRepoType=remote&X-Artifactory-originRepositoryKey=benchmark-npm-remote&x-jf-traceId=a215f10400f8e0c7a847f81d9e25bd5e&X-Amz-Security-Token=IQoJb3JpZ2luX2VjEKP%2F%2F%2F%2F%2F%2F%2F%2F%2F%2FwEaCXVzLWVhc3QtMiJHMEUCIQCNM1vyehYeot350c8CmRxyxANvaNL6o%2FiXftrYvN3QywIgJtJnf8Vo3mqOPxnbYHJVntu4EqNd3FL7eos1bvhYpIgqkgUIbBAAGgw3MjE4ODI2MTMwMzciDOIbxNlDwteJv9ALRirvBFhqoH1fB4CeV1H%2FaT8tH%2Fhhvom8QCtzC%2FE0AvYQHFpqf%2BH%2F3xTVGISqSZkk%2BId1FoRcSuovhtFz4ghRZqDWCvDDU6VA5wF%2BanA02u6RiQmBIxm1HzosqOTTNw7oVFrPyx2XOvnqksLRMMOmtWxIjEXCcS1b9ifWcFSRYQ80danrcAqkNkCNW%2FJw0N8co%2FhFHeZPbEVLQI89iaOYuwl091x39JAjglhNjcJkk9MbmeqB8HWamd1RnZ9GhTur%2F1LVll79ah%2BY6lV3oDRtJcptDouKM9k1YKPnIfFNjDu29oUhLKCSWF9eM7hIxA0fucpTwAbc4ARQeusYYpq%2FQpaxRDvmGSBDUJX%2Br9C6UavFnfGv5sKJ2OfdUnPIIdcTemwwLAwtc4HcatwDZEPipLqqGW0nltMEtuiZyQqrPN0ZYHheLld6eIlFHH7s0nP6QYe1jdbqnA0p1R4MKQUKBRt%2FW%2FBnMM%2FVqvglFW8t%2F1aUHuhDU2ULm%2F9p2Kw%2B3q0JKU%2FrONLPzvLcEsAwkN7x81L7qYN5GeZ7Xpq315IpRsqHloLSJAtIhmGcWnk03J%2BvoppO3iWPSSAYBRj1s91hcOKRZTxcDlxGnBEDRkgr8lURS1HCBrAXRUScaSP6gujzwTuNdAnsVmDgowcYsD499zgQvTvZI61j469co13kCwPFv6D6l9oi3P04WhprxV%2FDbab995sy%2F3G4INHiPE6%2BG3HCYOBPBNJSIimqwDvy986amweffu5t9SQTtV2v%2FEvCFhLArnsCIs%2BfbbcqvozPqUMMVaN321MXXx5afWpeYFYnQ4omoul2bc7f8J3FMODLUKirMK6%2B9dUGOpkB6DGxDtYFNfORc5JhXgm9VIJz8Z9T68V0gsInpGx8xgvijGbqRKk5zQknbWkR0OyGmFJWKIjc%2FoISOvsPVxTOXXt00cMbNTFFIrKf3sK1pReGSe336dM9gLM235Wl%2BlyUriPlDgxAh3Uv14sz8wL1nsY3bcBWTxMmaKf%2BwBafuSm366qj7Cg%2FQSgON7OTTMbH2HqlH5Hduc4S&X-Amz-Algorithm=AWS4-HMAC-SHA256&X-Amz-Date=20260930T200517Z&X-Amz-SignedHeaders=host&X-Amz-Credential=ASIA2QE4OQUW27TYEKCH%2F20260930%2Fus-east-2%2Fs3%2Faws4_request&X-Amz-Expires=30&X-Amz-Signature=b5f37f1d6601d1a781c47a8f6ea0a5f8b8032459594d1dc8c441235497092a57 8626ms (cache miss)
npm http fetch GET 200 https://vltoss.jfrog.io/artifactory/api/npm/benchmark-npm-remote/tslib/-/tslib-1.14.1.tgz 8495ms (cache miss)
npm http fetch GET 200 https://vltoss.jfrog.io/artifactory/api/npm/benchmark-npm-remote/make-dir/-/make-dir-3.1.0.tgz 8488ms (cache miss)
npm http fetch GET 200 https://vltoss.jfrog.io/artifactory/api/npm/benchmark-npm-remote/make-dir/-/make-dir-3.1.0.tgz 8489ms (cache miss)
npm http fetch GET 200 https://vltoss.jfrog.io/artifactory/api/npm/benchmark-npm-remote/jsonfile/-/jsonfile-4.0.0.tgz 8488ms (cache miss)
npm http fetch GET 200 https://vltoss.jfrog.io/artifactory/api/npm/benchmark-npm-remote/@typescript-eslint/types/-/types-8.71.0.tgz 8530ms (cache miss)
npm http fetch GET 200 https://vltoss.jfrog.io/artifactory/api/npm/benchmark-npm-remote/brace-expansion/-/brace-expansion-1.1.21.tgz 8513ms (cache miss)
npm http fetch GET 200 https://vltoss.jfrog.io/artifactory/api/npm/benchmark-npm-remote/universalify/-/universalify-0.1.2.tgz 8512ms (cache miss)
npm http fetch GET 200 https://vltoss.jfrog.io/artifactory/api/npm/benchmark-npm-remote/universalify/-/universalify-0.1.2.tgz 8511ms (cache miss)
npm http fetch GET 200 https://vltoss.jfrog.io/artifactory/api/npm/benchmark-npm-remote/universalify/-/universalify-0.1.2.tgz 8512ms (cache miss)
npm http fetch GET 200 https://vltoss.jfrog.io/artifactory/api/npm/benchmark-npm-remote/universalify/-/universalify-0.1.2.tgz 8513ms (cache miss)
npm http fetch GET 200 https://vltoss.jfrog.io/artifactory/api/npm/benchmark-npm-remote/jest-environment-node/-/jest-environment-node-29.7.0.tgz 8512ms (cache miss)
npm http fetch GET 200 https://vltoss.jfrog.io/artifactory/api/npm/benchmark-npm-remote/slash/-/slash-4.0.0.tgz 8512ms (cache miss)
npm http fetch GET 200 https://jfrog-prod-use2-shared-ohio-main.s3.amazonaws.com/aol-a0eigilwc24ii/filestore/38/38a79ca9da8ed4d003f4474a6353a48790ac61a2?response-content-disposition=attachment%3Bfilename%3D%22wasm-0.43.1.tgz%22&response-content-type=application%2Fx-gzip&X-Artifactory-username=darcy%40vlt.sh&X-Artifactory-repoType=local&X-Artifactory-repositoryKey=benchmark-npm-remote-cache&X-Artifactory-originPackageType=npm&X-Artifactory-packageType=npm&X-Artifactory-artifactPath=%40recast-navigation%2Fwasm%2F-%2Fwasm-0.43.1.tgz&X-Artifactory-originProjectKey=benchmark&X-Artifactory-projectKey=benchmark&X-Artifactory-originRepoType=remote&X-Artifactory-originRepositoryKey=benchmark-npm-remote&x-jf-traceId=9a0d10f70b69fcf3e33410b03bb38fdd&X-Amz-Security-Token=IQoJb3JpZ2luX2VjEKT%2F%2F%2F%2F%2F%2F%2F%2F%2F%2FwEaCXVzLWVhc3QtMiJGMEQCIGE05Nq07AoTr5hDsK%2Fz9lwEUN5HM86m%2BfGPbXQZ%2FdtCAiBQ3WNO7Py4EfCz88%2FeERFKKmb7UZEFCZqnchqYH%2BYuXyqSBQhtEAAaDDcyMTg4MjYxMzAzNyIMzzm3ajtO0WT7d9hxKu8EJU%2F3xYhBBgyfL1OAyamecU1X0jbcp0RFRmbFCPK6b6eD0b5PFFjEfdD8p2cGWog5gQV9Kjt8mGbno8V9mGEdwsCam5Bbm%2FBDkKc3DzTA8%2BSnMhG%2FwVTG3cA%2BpAKXKQ8TtnY7f2EWpE%2BSko0xe1FZV0H%2FY%2FVa0EGrces6gNWg4i%2FU3ui2hWlsWfnR9Bv7se7e0ZbPO8UGGNDhQkrc1x0g%2BbUYiRIfCpVul6bwyUTqx6jGJjpe%2Bl1sDZ6YVtBp5vVLV0G428zg6IhQf1%2F7311mz9n6YqiugFZK5fGBX4Xg9YY2e25tLsXYol55bdHgA9C5Cp9iGR%2BptiHCyfiPtk56HHQKqiiLlRiQU7M8eEjJprOQ7geXQAQLluWYyUiavmlhcuJa3pIzH0YL89I44H4jPfzA5e9O7mwZRn6zzpv8jN1RFX4hh0wEtgDxV9f4VU8OTXQEhtEnPMhnwMJKIHLHg7iwN%2Fc1lTY%2BaX4dlqhMtzS%2F6TOR8oca6f33A487nGSOGEHgwTFcvaQwRSd8GEmCzHHVMR7IiKGXzfjLChYJGtnYASJWrh3sOuFDp7cpfqS95qnaCE9NfTvgz2upgtyitiIifnCLk4JanJzzKN2DFkQLyDusSU1hCoxwXf6CAm8rIdbF23HkJI96fBTS3q%2FJ4tONCPjgh7IpU0kaCFHgdXyCoggFYeYn874G9QXZdKdzKo5kNZndVrPkAgjUiPhj5xOqRSk5%2BiUsw%2Fs6basSUOKYRBNURpIYOKjMKG5vkxAXFTZ1C%2Bzh6S7ARVzg845WjzH9nj3dL9TNwRScEhl8ogAsB6%2BJPR%2Fas05DTUC%2F7Nww%2Btb11QY6mgFuIXjUuJ1WiwOBL9NuEk6J3Raj8HIzuVWCggs4ILK0u0BDsDuUVlMwkNOHbsn4yLOBiD15bDxxi15B6oIbihBOqb0XjdnJtW6oYPTP%2FgSxD%2F3o7HYpkZJCBR7YmsIaaSJvBjG5m%2FUsJpbdBj%2BkC9lzNLqjIC37ZnVhmQ28RRyt5Fi%2FOsECLLOIc13O6Nk7NXpxGz3sA9MbSK7g&X-Amz-Algorithm=AWS4-HMAC-SHA256&X-Amz-Date=20260930T200517Z&X-Amz-SignedHeaders=host&X-Amz-Credential=ASIA2QE4OQUW7N476K6D%2F20260930%2Fus-east-2%2Fs3%2Faws4_request&X-Amz-Expires=30&X-Amz-Signature=325d2464a6c3cff37ddb5d5eb81079e68a9c2f153733c0f85a1c71ec6c75045d 8673ms (cache miss)
npm http fetch GET 200 https://vltoss.jfrog.io/artifactory/api/npm/benchmark-npm-remote/@webassemblyjs/ast/-/ast-1.14.1.tgz 8658ms (cache miss)
npm http fetch GET 200 https://vltoss.jfrog.io/artifactory/api/npm/benchmark-npm-remote/tar-stream/-/tar-stream-3.2.1.tgz 8544ms (cache miss)
npm http fetch GET 200 https://vltoss.jfrog.io/artifactory/api/npm/benchmark-npm-remote/rimraf/-/rimraf-3.0.2.tgz 8543ms (cache miss)
npm warn deprecated rimraf@3.0.2: Rimraf versions prior to v4 are no longer supported
npm http fetch GET 200 https://vltoss.jfrog.io/artifactory/api/npm/benchmark-npm-remote/minimatch/-/minimatch-3.1.5.tgz 8566ms (cache miss)
npm http fetch GET 200 https://vltoss.jfrog.io/artifactory/api/npm/benchmark-npm-remote/camelcase/-/camelcase-6.3.0.tgz 8561ms (cache miss)
npm http fetch GET 200 https://vltoss.jfrog.io/artifactory/api/npm/benchmark-npm-remote/jsonfile/-/jsonfile-4.0.0.tgz 8591ms (cache miss)
npm http fetch GET 200 https://vltoss.jfrog.io/artifactory/api/npm/benchmark-npm-remote/jsonfile/-/jsonfile-4.0.0.tgz 8590ms (cache miss)
npm http fetch GET 200 https://vltoss.jfrog.io/artifactory/api/npm/benchmark-npm-remote/jsonfile/-/jsonfile-4.0.0.tgz 8590ms (cache miss)
npm http fetch GET 200 https://vltoss.jfrog.io/artifactory/api/npm/benchmark-npm-remote/jsonfile/-/jsonfile-4.0.0.tgz 8591ms (cache miss)
npm http fetch GET 200 https://vltoss.jfrog.io/artifactory/api/npm/benchmark-npm-remote/mime-db/-/mime-db-1.54.0.tgz 8623ms (cache miss)
npm http fetch GET 200 https://vltoss.jfrog.io/artifactory/api/npm/benchmark-npm-remote/react-is/-/react-is-16.13.1.tgz 8614ms (cache miss)
npm http fetch GET 200 https://vltoss.jfrog.io/artifactory/api/npm/benchmark-npm-remote/wrap-ansi/-/wrap-ansi-6.2.0.tgz 8613ms (cache miss)
npm http fetch GET 200 https://vltoss.jfrog.io/artifactory/api/npm/benchmark-npm-remote/y18n/-/y18n-4.0.3.tgz 8613ms (cache miss)
npm http fetch GET 200 https://vltoss.jfrog.io/artifactory/api/npm/benchmark-npm-remote/balanced-match/-/balanced-match-1.0.2.tgz 8613ms (cache miss)
npm http fetch GET 200 https://vltoss.jfrog.io/artifactory/api/npm/benchmark-npm-remote/chokidar/-/chokidar-3.6.0.tgz 8651ms (cache miss)
npm http fetch GET 200 https://vltoss.jfrog.io/artifactory/api/npm/benchmark-npm-remote/cliui/-/cliui-6.0.0.tgz 8635ms (cache miss)
npm http fetch GET 200 https://vltoss.jfrog.io/artifactory/api/npm/benchmark-npm-remote/p-limit/-/p-limit-2.3.0.tgz 8636ms (cache miss)
npm http fetch GET 200 https://vltoss.jfrog.io/artifactory/api/npm/benchmark-npm-remote/p-locate/-/p-locate-4.1.0.tgz 8635ms (cache miss)
npm http fetch GET 200 https://vltoss.jfrog.io/artifactory/api/npm/benchmark-npm-remote/@dnd-kit/sortable/-/sortable-10.0.0.tgz 8825ms (cache miss)
npm http fetch GET 200 https://vltoss.jfrog.io/artifactory/api/npm/benchmark-npm-remote/resolve-from/-/resolve-from-5.0.0.tgz 8671ms (cache miss)
npm http fetch GET 200 https://vltoss.jfrog.io/artifactory/api/npm/benchmark-npm-remote/ts-loader/-/ts-loader-9.6.2.tgz 8845ms (cache miss)
npm http fetch GET 200 https://vltoss.jfrog.io/artifactory/api/npm/benchmark-npm-remote/glob/-/glob-7.2.3.tgz 8707ms (cache miss)
npm warn deprecated glob@7.2.3: Old versions of glob are not supported, and contain widely publicized security vulnerabilities, which have been fixed in the current version. Please update. Support for old versions may be purchased (at exorbitant rates) by contacting i@izs.me
npm http fetch GET 200 https://vltoss.jfrog.io/artifactory/api/npm/benchmark-npm-remote/signal-exit/-/signal-exit-3.0.7.tgz 8766ms (cache miss)
npm http fetch GET 200 https://vltoss.jfrog.io/artifactory/api/npm/benchmark-npm-remote/make-dir/-/make-dir-3.1.0.tgz 8765ms (cache miss)
npm http fetch GET 200 https://vltoss.jfrog.io/artifactory/api/npm/benchmark-npm-remote/locate-path/-/locate-path-5.0.0.tgz 8767ms (cache miss)
npm http fetch GET 200 https://vltoss.jfrog.io/artifactory/api/npm/benchmark-npm-remote/universalify/-/universalify-0.1.2.tgz 8766ms (cache miss)
npm http fetch GET 200 https://vltoss.jfrog.io/artifactory/api/npm/benchmark-npm-remote/@jest/reporters/-/reporters-29.7.0.tgz 8846ms (cache miss)
npm http fetch GET 200 https://vltoss.jfrog.io/artifactory/api/npm/benchmark-npm-remote/@alex_neo/jest-expect-message/-/jest-expect-message-1.0.5.tgz 8801ms (cache miss)
npm http fetch GET 200 https://vltoss.jfrog.io/artifactory/api/npm/benchmark-npm-remote/convert-source-map/-/convert-source-map-1.9.0.tgz 8786ms (cache miss)
npm http fetch GET 200 https://vltoss.jfrog.io/artifactory/api/npm/benchmark-npm-remote/find-up/-/find-up-4.1.0.tgz 8787ms (cache miss)
npm http fetch GET 200 https://vltoss.jfrog.io/artifactory/api/npm/benchmark-npm-remote/eslint-scope/-/eslint-scope-8.4.0.tgz 8854ms (cache miss)
npm http fetch GET 200 https://vltoss.jfrog.io/artifactory/api/npm/benchmark-npm-remote/semver/-/semver-6.3.1.tgz 8832ms (cache miss)
npm http fetch GET 200 https://vltoss.jfrog.io/artifactory/api/npm/benchmark-npm-remote/ignore/-/ignore-5.3.2.tgz 8828ms (cache miss)
npm http fetch GET 200 https://vltoss.jfrog.io/artifactory/api/npm/benchmark-npm-remote/brace-expansion/-/brace-expansion-1.1.21.tgz 8825ms (cache miss)
npm http fetch GET 200 https://vltoss.jfrog.io/artifactory/api/npm/benchmark-npm-remote/@gerrit0/mini-shiki/-/mini-shiki-3.23.0.tgz 8965ms (cache miss)
npm http fetch GET 200 https://vltoss.jfrog.io/artifactory/api/npm/benchmark-npm-remote/rimraf/-/rimraf-3.0.2.tgz 8844ms (cache miss)
npm warn deprecated rimraf@3.0.2: Rimraf versions prior to v4 are no longer supported
npm http fetch GET 200 https://vltoss.jfrog.io/artifactory/api/npm/benchmark-npm-remote/jsonfile/-/jsonfile-4.0.0.tgz 8843ms (cache miss)
npm http fetch GET 200 https://vltoss.jfrog.io/artifactory/api/npm/benchmark-npm-remote/yargs-parser/-/yargs-parser-21.1.1.tgz 8893ms (cache miss)
npm http fetch GET 200 https://vltoss.jfrog.io/artifactory/api/npm/benchmark-npm-remote/glob/-/glob-7.2.3.tgz 8879ms (cache miss)
npm warn deprecated glob@7.2.3: Old versions of glob are not supported, and contain widely publicized security vulnerabilities, which have been fixed in the current version. Please update. Support for old versions may be purchased (at exorbitant rates) by contacting i@izs.me
npm http fetch GET 200 https://vltoss.jfrog.io/artifactory/api/npm/benchmark-npm-remote/json-schema-traverse/-/json-schema-traverse-0.4.1.tgz 8870ms (cache miss)
npm http fetch GET 200 https://vltoss.jfrog.io/artifactory/api/npm/benchmark-npm-remote/glob-parent/-/glob-parent-6.0.2.tgz 8870ms (cache miss)
npm http fetch GET 200 https://vltoss.jfrog.io/artifactory/api/npm/benchmark-npm-remote/define-lazy-prop/-/define-lazy-prop-3.0.0.tgz 8869ms (cache miss)
npm http fetch GET 200 https://vltoss.jfrog.io/artifactory/api/npm/benchmark-npm-remote/@nodelib/fs.walk/-/fs.walk-1.2.8.tgz 8952ms (cache miss)
npm http fetch GET 200 https://vltoss.jfrog.io/artifactory/api/npm/benchmark-npm-remote/semver/-/semver-6.3.1.tgz 8933ms (cache miss)
npm http fetch GET 200 https://vltoss.jfrog.io/artifactory/api/npm/benchmark-npm-remote/semver/-/semver-6.3.1.tgz 8933ms (cache miss)
npm http fetch GET 200 https://vltoss.jfrog.io/artifactory/api/npm/benchmark-npm-remote/minimatch/-/minimatch-3.1.5.tgz 8927ms (cache miss)
npm http fetch GET 200 https://vltoss.jfrog.io/artifactory/api/npm/benchmark-npm-remote/ansi-regex/-/ansi-regex-6.4.0.tgz 8924ms (cache miss)
npm http fetch GET 200 https://vltoss.jfrog.io/artifactory/api/npm/benchmark-npm-remote/balanced-match/-/balanced-match-1.0.2.tgz 8924ms (cache miss)
npm http fetch GET 200 https://vltoss.jfrog.io/artifactory/api/npm/benchmark-npm-remote/string-width/-/string-width-5.1.2.tgz 8924ms (cache miss)
npm http fetch GET 200 https://vltoss.jfrog.io/artifactory/api/npm/benchmark-npm-remote/debug/-/debug-2.6.9.tgz 8964ms (cache miss)
npm http fetch GET 200 https://vltoss.jfrog.io/artifactory/api/npm/benchmark-npm-remote/strip-ansi/-/strip-ansi-7.2.0.tgz 8947ms (cache miss)
npm http fetch GET 200 https://jfrog-prod-use2-shared-ohio-main.s3.amazonaws.com/aol-a0eigilwc24ii/filestore/73/738f6190c63604e484bc8293b2e44fd05aa4b6f0?response-content-disposition=attachment%3Bfilename%3D%22react-components-9.74.9.tgz%22&response-content-type=application%2Fx-gzip&X-Artifactory-username=darcy%40vlt.sh&X-Artifactory-repoType=local&X-Artifactory-repositoryKey=benchmark-npm-remote-cache&X-Artifactory-originPackageType=npm&X-Artifactory-packageType=npm&X-Artifactory-artifactPath=%40fluentui%2Freact-components%2F-%2Freact-components-9.74.9.tgz&X-Artifactory-originProjectKey=benchmark&X-Artifactory-projectKey=benchmark&X-Artifactory-originRepoType=remote&X-Artifactory-originRepositoryKey=benchmark-npm-remote&x-jf-traceId=dc7dac4188b79ea9e4531cb3de438339&X-Amz-Security-Token=IQoJb3JpZ2luX2VjEKT%2F%2F%2F%2F%2F%2F%2F%2F%2F%2FwEaCXVzLWVhc3QtMiJGMEQCIGE05Nq07AoTr5hDsK%2Fz9lwEUN5HM86m%2BfGPbXQZ%2FdtCAiBQ3WNO7Py4EfCz88%2FeERFKKmb7UZEFCZqnchqYH%2BYuXyqSBQhtEAAaDDcyMTg4MjYxMzAzNyIMzzm3ajtO0WT7d9hxKu8EJU%2F3xYhBBgyfL1OAyamecU1X0jbcp0RFRmbFCPK6b6eD0b5PFFjEfdD8p2cGWog5gQV9Kjt8mGbno8V9mGEdwsCam5Bbm%2FBDkKc3DzTA8%2BSnMhG%2FwVTG3cA%2BpAKXKQ8TtnY7f2EWpE%2BSko0xe1FZV0H%2FY%2FVa0EGrces6gNWg4i%2FU3ui2hWlsWfnR9Bv7se7e0ZbPO8UGGNDhQkrc1x0g%2BbUYiRIfCpVul6bwyUTqx6jGJjpe%2Bl1sDZ6YVtBp5vVLV0G428zg6IhQf1%2F7311mz9n6YqiugFZK5fGBX4Xg9YY2e25tLsXYol55bdHgA9C5Cp9iGR%2BptiHCyfiPtk56HHQKqiiLlRiQU7M8eEjJprOQ7geXQAQLluWYyUiavmlhcuJa3pIzH0YL89I44H4jPfzA5e9O7mwZRn6zzpv8jN1RFX4hh0wEtgDxV9f4VU8OTXQEhtEnPMhnwMJKIHLHg7iwN%2Fc1lTY%2BaX4dlqhMtzS%2F6TOR8oca6f33A487nGSOGEHgwTFcvaQwRSd8GEmCzHHVMR7IiKGXzfjLChYJGtnYASJWrh3sOuFDp7cpfqS95qnaCE9NfTvgz2upgtyitiIifnCLk4JanJzzKN2DFkQLyDusSU1hCoxwXf6CAm8rIdbF23HkJI96fBTS3q%2FJ4tONCPjgh7IpU0kaCFHgdXyCoggFYeYn874G9QXZdKdzKo5kNZndVrPkAgjUiPhj5xOqRSk5%2BiUsw%2Fs6basSUOKYRBNURpIYOKjMKG5vkxAXFTZ1C%2Bzh6S7ARVzg845WjzH9nj3dL9TNwRScEhl8ogAsB6%2BJPR%2Fas05DTUC%2F7Nww%2Btb11QY6mgFuIXjUuJ1WiwOBL9NuEk6J3Raj8HIzuVWCggs4ILK0u0BDsDuUVlMwkNOHbsn4yLOBiD15bDxxi15B6oIbihBOqb0XjdnJtW6oYPTP%2FgSxD%2F3o7HYpkZJCBR7YmsIaaSJvBjG5m%2FUsJpbdBj%2BkC9lzNLqjIC37ZnVhmQ28RRyt5Fi%2FOsECLLOIc13O6Nk7NXpxGz3sA9MbSK7g&X-Amz-Algorithm=AWS4-HMAC-SHA256&X-Amz-Date=20260930T200517Z&X-Amz-SignedHeaders=host&X-Amz-Credential=ASIA2QE4OQUW7N476K6D%2F20260930%2Fus-east-2%2Fs3%2Faws4_request&X-Amz-Expires=30&X-Amz-Signature=f5d981259239c178834eef70e54e87987c3c5f63eb129b6c4af48a8be4830366 9123ms (cache miss)
npm http fetch GET 200 https://vltoss.jfrog.io/artifactory/api/npm/benchmark-npm-remote/webpack-cli/-/webpack-cli-6.0.1.tgz 9004ms (cache miss)
npm http fetch GET 200 https://vltoss.jfrog.io/artifactory/api/npm/benchmark-npm-remote/json-schema-traverse/-/json-schema-traverse-0.4.1.tgz 8980ms (cache miss)
npm http fetch GET 200 https://vltoss.jfrog.io/artifactory/api/npm/benchmark-npm-remote/ansi-styles/-/ansi-styles-6.2.3.tgz 8979ms (cache miss)
npm http fetch GET 200 https://vltoss.jfrog.io/artifactory/api/npm/benchmark-npm-remote/wrap-ansi/-/wrap-ansi-8.1.0.tgz 8980ms (cache miss)
npm http fetch GET 200 https://vltoss.jfrog.io/artifactory/api/npm/benchmark-npm-remote/jake/-/jake-10.9.4.tgz 9147ms (cache miss)
npm http fetch GET 200 https://vltoss.jfrog.io/artifactory/api/npm/benchmark-npm-remote/brace-expansion/-/brace-expansion-2.1.7.tgz 9004ms (cache miss)
npm http fetch GET 200 https://vltoss.jfrog.io/artifactory/api/npm/benchmark-npm-remote/@isaacs/cliui/-/cliui-8.0.2.tgz 9003ms (cache miss)
npm http fetch GET 200 https://vltoss.jfrog.io/artifactory/api/npm/benchmark-npm-remote/js-tokens/-/js-tokens-10.0.0.tgz 9004ms (cache miss)
npm http fetch GET 200 https://vltoss.jfrog.io/artifactory/api/npm/benchmark-npm-remote/ts-api-utils/-/ts-api-utils-2.5.0.tgz 9068ms (cache miss)
npm http fetch GET 200 https://vltoss.jfrog.io/artifactory/api/npm/benchmark-npm-remote/@babel/code-frame/-/code-frame-8.0.6.tgz 9038ms (cache miss)
npm http fetch GET 200 https://vltoss.jfrog.io/artifactory/api/npm/benchmark-npm-remote/debug/-/debug-2.6.9.tgz 9082ms (cache miss)
npm http fetch GET 200 https://vltoss.jfrog.io/artifactory/api/npm/benchmark-npm-remote/debug/-/debug-2.6.9.tgz 9082ms (cache miss)
npm http fetch GET 200 https://vltoss.jfrog.io/artifactory/api/npm/benchmark-npm-remote/debug/-/debug-2.6.9.tgz 9082ms (cache miss)
npm http fetch GET 200 https://vltoss.jfrog.io/artifactory/api/npm/benchmark-npm-remote/debug/-/debug-2.6.9.tgz 9082ms (cache miss)
npm http fetch GET 200 https://vltoss.jfrog.io/artifactory/api/npm/benchmark-npm-remote/debug/-/debug-2.6.9.tgz 9081ms (cache miss)
npm http fetch GET 200 https://vltoss.jfrog.io/artifactory/api/npm/benchmark-npm-remote/semver/-/semver-6.3.1.tgz 9073ms (cache miss)
npm http fetch GET 200 https://vltoss.jfrog.io/artifactory/api/npm/benchmark-npm-remote/semver/-/semver-6.3.1.tgz 9073ms (cache miss)
npm http fetch GET 200 https://vltoss.jfrog.io/artifactory/api/npm/benchmark-npm-remote/semver/-/semver-6.3.1.tgz 9075ms (cache miss)
npm http fetch GET 200 https://vltoss.jfrog.io/artifactory/api/npm/benchmark-npm-remote/semver/-/semver-6.3.1.tgz 9074ms (cache miss)
npm http fetch GET 200 https://vltoss.jfrog.io/artifactory/api/npm/benchmark-npm-remote/@babel/helper-validator-identifier/-/helper-validator-identifier-8.0.6.tgz 9066ms (cache miss)
npm http fetch GET 200 https://vltoss.jfrog.io/artifactory/api/npm/benchmark-npm-remote/balanced-match/-/balanced-match-1.0.2.tgz 9065ms (cache miss)
npm http fetch GET 200 https://vltoss.jfrog.io/artifactory/api/npm/benchmark-npm-remote/balanced-match/-/balanced-match-1.0.2.tgz 9065ms (cache miss)
npm http fetch GET 200 https://vltoss.jfrog.io/artifactory/api/npm/benchmark-npm-remote/strip-bom/-/strip-bom-3.0.0.tgz 9092ms (cache miss)
npm http fetch GET 200 https://vltoss.jfrog.io/artifactory/api/npm/benchmark-npm-remote/minipass/-/minipass-7.1.3.tgz 9183ms (cache miss)
npm http fetch GET 200 https://vltoss.jfrog.io/artifactory/api/npm/benchmark-npm-remote/commander/-/commander-12.0.0.tgz 9155ms (cache miss)
npm http fetch GET 200 https://vltoss.jfrog.io/artifactory/api/npm/benchmark-npm-remote/lru-cache/-/lru-cache-7.18.3.tgz 9135ms (cache miss)
npm http fetch GET 200 https://vltoss.jfrog.io/artifactory/api/npm/benchmark-npm-remote/yargs-parser/-/yargs-parser-18.1.3.tgz 9126ms (cache miss)
npm http fetch GET 200 https://vltoss.jfrog.io/artifactory/api/npm/benchmark-npm-remote/open/-/open-10.2.0.tgz 9123ms (cache miss)
npm http fetch GET 200 https://vltoss.jfrog.io/artifactory/api/npm/benchmark-npm-remote/mkdirp/-/mkdirp-0.5.6.tgz 9119ms (cache miss)
npm http fetch GET 200 https://vltoss.jfrog.io/artifactory/api/npm/benchmark-npm-remote/@griffel/react/-/react-1.7.8.tgz 9303ms (cache miss)
npm http fetch GET 200 https://vltoss.jfrog.io/artifactory/api/npm/benchmark-npm-remote/diff/-/diff-4.0.4.tgz 9270ms (cache miss)
npm http fetch GET 200 https://vltoss.jfrog.io/artifactory/api/npm/benchmark-npm-remote/fdir/-/fdir-6.5.0.tgz 9149ms (cache miss)
npm http fetch GET 200 https://vltoss.jfrog.io/artifactory/api/npm/benchmark-npm-remote/rimraf/-/rimraf-2.4.5.tgz 9145ms (cache miss)
npm warn deprecated rimraf@2.4.5: Rimraf versions prior to v4 are no longer supported
npm http fetch GET 200 https://vltoss.jfrog.io/artifactory/api/npm/benchmark-npm-remote/jest-haste-map/-/jest-haste-map-29.7.0.tgz 9241ms (cache miss)
npm http fetch GET 200 https://vltoss.jfrog.io/artifactory/api/npm/benchmark-npm-remote/glob/-/glob-7.2.3.tgz 9179ms (cache miss)
npm warn deprecated glob@7.2.3: Old versions of glob are not supported, and contain widely publicized security vulnerabilities, which have been fixed in the current version. Please update. Support for old versions may be purchased (at exorbitant rates) by contacting i@izs.me
npm http fetch GET 200 https://vltoss.jfrog.io/artifactory/api/npm/benchmark-npm-remote/readdirp/-/readdirp-5.1.1.tgz 9174ms (cache miss)
npm http fetch GET 200 https://vltoss.jfrog.io/artifactory/api/npm/benchmark-npm-remote/brace-expansion/-/brace-expansion-1.1.21.tgz 9174ms (cache miss)
npm http fetch GET 200 https://vltoss.jfrog.io/artifactory/api/npm/benchmark-npm-remote/ansi-styles/-/ansi-styles-5.2.0.tgz 9173ms (cache miss)
npm http fetch GET 200 https://vltoss.jfrog.io/artifactory/api/npm/benchmark-npm-remote/react-is/-/react-is-18.3.1.tgz 9174ms (cache miss)
npm http fetch GET 200 https://vltoss.jfrog.io/artifactory/api/npm/benchmark-npm-remote/eslint-plugin-eslint-comments/-/eslint-plugin-eslint-comments-3.2.0.tgz 9245ms (cache miss)
npm http fetch GET 200 https://vltoss.jfrog.io/artifactory/api/npm/benchmark-npm-remote/semver/-/semver-6.3.1.tgz 9209ms (cache miss)
npm http fetch GET 200 https://vltoss.jfrog.io/artifactory/api/npm/benchmark-npm-remote/brace-expansion/-/brace-expansion-2.1.7.tgz 9201ms (cache miss)
npm http fetch GET 200 https://vltoss.jfrog.io/artifactory/api/npm/benchmark-npm-remote/balanced-match/-/balanced-match-1.0.2.tgz 9200ms (cache miss)
npm http fetch GET 200 https://jfrog-prod-use2-shared-ohio-main.s3.amazonaws.com/aol-a0eigilwc24ii/filestore/bf/bfbb0cbbbb9f96ec4e2c4fd917b7bbe5495ceccb?response-content-disposition=attachment%3Bfilename%3D%22core-1.4.5.tgz%22&response-content-type=application%2Fx-gzip&X-Artifactory-username=darcy%40vlt.sh&X-Artifactory-repoType=local&X-Artifactory-repositoryKey=benchmark-npm-remote-cache&X-Artifactory-originPackageType=npm&X-Artifactory-packageType=npm&X-Artifactory-artifactPath=%40emnapi%2Fcore%2F-%2Fcore-1.4.5.tgz&X-Artifactory-originProjectKey=benchmark&X-Artifactory-projectKey=benchmark&X-Artifactory-originRepoType=remote&X-Artifactory-originRepositoryKey=benchmark-npm-remote&x-jf-traceId=987b28bd53e06337e80a10e903ea5582&X-Amz-Security-Token=IQoJb3JpZ2luX2VjEKT%2F%2F%2F%2F%2F%2F%2F%2F%2F%2FwEaCXVzLWVhc3QtMiJGMEQCIGE05Nq07AoTr5hDsK%2Fz9lwEUN5HM86m%2BfGPbXQZ%2FdtCAiBQ3WNO7Py4EfCz88%2FeERFKKmb7UZEFCZqnchqYH%2BYuXyqSBQhtEAAaDDcyMTg4MjYxMzAzNyIMzzm3ajtO0WT7d9hxKu8EJU%2F3xYhBBgyfL1OAyamecU1X0jbcp0RFRmbFCPK6b6eD0b5PFFjEfdD8p2cGWog5gQV9Kjt8mGbno8V9mGEdwsCam5Bbm%2FBDkKc3DzTA8%2BSnMhG%2FwVTG3cA%2BpAKXKQ8TtnY7f2EWpE%2BSko0xe1FZV0H%2FY%2FVa0EGrces6gNWg4i%2FU3ui2hWlsWfnR9Bv7se7e0ZbPO8UGGNDhQkrc1x0g%2BbUYiRIfCpVul6bwyUTqx6jGJjpe%2Bl1sDZ6YVtBp5vVLV0G428zg6IhQf1%2F7311mz9n6YqiugFZK5fGBX4Xg9YY2e25tLsXYol55bdHgA9C5Cp9iGR%2BptiHCyfiPtk56HHQKqiiLlRiQU7M8eEjJprOQ7geXQAQLluWYyUiavmlhcuJa3pIzH0YL89I44H4jPfzA5e9O7mwZRn6zzpv8jN1RFX4hh0wEtgDxV9f4VU8OTXQEhtEnPMhnwMJKIHLHg7iwN%2Fc1lTY%2BaX4dlqhMtzS%2F6TOR8oca6f33A487nGSOGEHgwTFcvaQwRSd8GEmCzHHVMR7IiKGXzfjLChYJGtnYASJWrh3sOuFDp7cpfqS95qnaCE9NfTvgz2upgtyitiIifnCLk4JanJzzKN2DFkQLyDusSU1hCoxwXf6CAm8rIdbF23HkJI96fBTS3q%2FJ4tONCPjgh7IpU0kaCFHgdXyCoggFYeYn874G9QXZdKdzKo5kNZndVrPkAgjUiPhj5xOqRSk5%2BiUsw%2Fs6basSUOKYRBNURpIYOKjMKG5vkxAXFTZ1C%2Bzh6S7ARVzg845WjzH9nj3dL9TNwRScEhl8ogAsB6%2BJPR%2Fas05DTUC%2F7Nww%2Btb11QY6mgFuIXjUuJ1WiwOBL9NuEk6J3Raj8HIzuVWCggs4ILK0u0BDsDuUVlMwkNOHbsn4yLOBiD15bDxxi15B6oIbihBOqb0XjdnJtW6oYPTP%2FgSxD%2F3o7HYpkZJCBR7YmsIaaSJvBjG5m%2FUsJpbdBj%2BkC9lzNLqjIC37ZnVhmQ28RRyt5Fi%2FOsECLLOIc13O6Nk7NXpxGz3sA9MbSK7g&X-Amz-Algorithm=AWS4-HMAC-SHA256&X-Amz-Date=20260930T200518Z&X-Amz-SignedHeaders=host&X-Amz-Credential=ASIA2QE4OQUW7N476K6D%2F20260930%2Fus-east-2%2Fs3%2Faws4_request&X-Amz-Expires=30&X-Amz-Signature=f08cfae38228f84f43bc9da2e89fd2fb25d0e42fc0901cebe365eb87a51ee96d 9332ms (cache miss)
npm http fetch GET 200 https://vltoss.jfrog.io/artifactory/api/npm/benchmark-npm-remote/picomatch/-/picomatch-4.0.7.tgz 9245ms (cache miss)
npm http fetch GET 200 https://vltoss.jfrog.io/artifactory/api/npm/benchmark-npm-remote/@sinclair/typebox/-/typebox-0.27.12.tgz 9377ms (cache miss)
npm http fetch GET 200 https://vltoss.jfrog.io/artifactory/api/npm/benchmark-npm-remote/minimatch/-/minimatch-3.1.5.tgz 9251ms (cache miss)
npm http fetch GET 200 https://vltoss.jfrog.io/artifactory/api/npm/benchmark-npm-remote/dotenv-expand/-/dotenv-expand-11.0.7.tgz 9250ms (cache miss)
npm http fetch GET 200 https://vltoss.jfrog.io/artifactory/api/npm/benchmark-npm-remote/jest-regex-util/-/jest-regex-util-30.5.0.tgz 9249ms (cache miss)
npm http fetch GET 200 https://vltoss.jfrog.io/artifactory/api/npm/benchmark-npm-remote/color-name/-/color-name-2.1.1.tgz 9249ms (cache miss)
npm http fetch GET 200 https://vltoss.jfrog.io/artifactory/api/npm/benchmark-npm-remote/@eslint-community/regexpp/-/regexpp-4.12.2.tgz 9309ms (cache miss)
npm http fetch GET 200 https://vltoss.jfrog.io/artifactory/api/npm/benchmark-npm-remote/https-proxy-agent/-/https-proxy-agent-5.0.1.tgz 9285ms (cache miss)
npm http fetch GET 200 https://vltoss.jfrog.io/artifactory/api/npm/benchmark-npm-remote/brace-expansion/-/brace-expansion-2.1.7.tgz 9277ms (cache miss)
npm http fetch GET 200 https://vltoss.jfrog.io/artifactory/api/npm/benchmark-npm-remote/@eslint-community/eslint-utils/-/eslint-utils-4.10.1.tgz 9339ms (cache miss)
npm http fetch GET 200 https://vltoss.jfrog.io/artifactory/api/npm/benchmark-npm-remote/minimatch/-/minimatch-5.1.9.tgz 9306ms (cache miss)
npm http fetch GET 200 https://vltoss.jfrog.io/artifactory/api/npm/benchmark-npm-remote/diff-sequences/-/diff-sequences-29.6.3.tgz 9305ms (cache miss)
npm http fetch GET 200 https://vltoss.jfrog.io/artifactory/api/npm/benchmark-npm-remote/supports-color/-/supports-color-8.1.1.tgz 9303ms (cache miss)
npm http fetch GET 200 https://vltoss.jfrog.io/artifactory/api/npm/benchmark-npm-remote/node-addon-api/-/node-addon-api-7.1.1.tgz 9397ms (cache miss)
npm http fetch GET 200 https://vltoss.jfrog.io/artifactory/api/npm/benchmark-npm-remote/keyborg/-/keyborg-3.498.0.tgz 9376ms (cache miss)
npm http fetch GET 200 https://vltoss.jfrog.io/artifactory/api/npm/benchmark-npm-remote/strip-json-comments/-/strip-json-comments-2.0.1.tgz 9363ms (cache miss)
npm http fetch GET 200 https://vltoss.jfrog.io/artifactory/api/npm/benchmark-npm-remote/which/-/which-4.0.0.tgz 9368ms (cache miss)
npm http fetch GET 200 https://vltoss.jfrog.io/artifactory/api/npm/benchmark-npm-remote/escape-string-regexp/-/escape-string-regexp-1.0.5.tgz 9367ms (cache miss)
npm http fetch GET 200 https://vltoss.jfrog.io/artifactory/api/npm/benchmark-npm-remote/color-name/-/color-name-2.1.1.tgz 9435ms (cache miss)
npm http fetch GET 200 https://vltoss.jfrog.io/artifactory/api/npm/benchmark-npm-remote/glob/-/glob-6.0.4.tgz 9466ms (cache miss)
npm warn deprecated glob@6.0.4: Old versions of glob are not supported, and contain widely publicized security vulnerabilities, which have been fixed in the current version. Please update. Support for old versions may be purchased (at exorbitant rates) by contacting i@izs.me
npm http fetch GET 200 https://vltoss.jfrog.io/artifactory/api/npm/benchmark-npm-remote/ini/-/ini-4.1.3.tgz 9463ms (cache miss)
npm http fetch GET 200 https://vltoss.jfrog.io/artifactory/api/npm/benchmark-npm-remote/signal-exit/-/signal-exit-3.0.7.tgz 9463ms (cache miss)
npm http fetch GET 200 https://vltoss.jfrog.io/artifactory/api/npm/benchmark-npm-remote/jest-get-type/-/jest-get-type-27.5.1.tgz 9462ms (cache miss)
npm http fetch GET 200 https://vltoss.jfrog.io/artifactory/api/npm/benchmark-npm-remote/@nrwl/tao/-/tao-19.8.4.tgz 9516ms (cache miss)
npm http fetch GET 200 https://vltoss.jfrog.io/artifactory/api/npm/benchmark-npm-remote/object-inspect/-/object-inspect-1.13.4.tgz 9573ms (cache miss)
npm http fetch GET 200 https://vltoss.jfrog.io/artifactory/api/npm/benchmark-npm-remote/type-fest/-/type-fest-0.8.1.tgz 9536ms (cache miss)
npm http fetch GET 200 https://vltoss.jfrog.io/artifactory/api/npm/benchmark-npm-remote/commander/-/commander-7.2.0.tgz 9530ms (cache miss)
npm http fetch GET 200 https://vltoss.jfrog.io/artifactory/api/npm/benchmark-npm-remote/agent-base/-/agent-base-6.0.2.tgz 9524ms (cache miss)
npm http fetch GET 200 https://vltoss.jfrog.io/artifactory/api/npm/benchmark-npm-remote/ignore/-/ignore-5.3.2.tgz 9517ms (cache miss)
npm http fetch GET 200 https://vltoss.jfrog.io/artifactory/api/npm/benchmark-npm-remote/color-convert/-/color-convert-3.1.3.tgz 9515ms (cache miss)
npm http fetch GET 200 https://vltoss.jfrog.io/artifactory/api/npm/benchmark-npm-remote/emoji-regex/-/emoji-regex-8.0.0.tgz 9514ms (cache miss)
npm http fetch GET 200 https://vltoss.jfrog.io/artifactory/api/npm/benchmark-npm-remote/mini-css-extract-plugin/-/mini-css-extract-plugin-2.6.1.tgz 9574ms (cache miss)
npm http fetch GET 200 https://vltoss.jfrog.io/artifactory/api/npm/benchmark-npm-remote/ansi-styles/-/ansi-styles-5.2.0.tgz 9539ms (cache miss)
npm http fetch GET 200 https://vltoss.jfrog.io/artifactory/api/npm/benchmark-npm-remote/ansi-styles/-/ansi-styles-5.2.0.tgz 9539ms (cache miss)
npm http fetch GET 200 https://vltoss.jfrog.io/artifactory/api/npm/benchmark-npm-remote/react-is/-/react-is-18.3.1.tgz 9540ms (cache miss)
npm http fetch GET 200 https://vltoss.jfrog.io/artifactory/api/npm/benchmark-npm-remote/type-fest/-/type-fest-0.21.3.tgz 9650ms (cache miss)
npm http fetch GET 200 https://vltoss.jfrog.io/artifactory/api/npm/benchmark-npm-remote/@jest/schemas/-/schemas-30.5.0.tgz 9563ms (cache miss)
npm http fetch GET 200 https://vltoss.jfrog.io/artifactory/api/npm/benchmark-npm-remote/lines-and-columns/-/lines-and-columns-1.2.4.tgz 9561ms (cache miss)
npm http fetch GET 200 https://vltoss.jfrog.io/artifactory/api/npm/benchmark-npm-remote/escape-string-regexp/-/escape-string-regexp-2.0.0.tgz 9562ms (cache miss)
npm http fetch GET 200 https://vltoss.jfrog.io/artifactory/api/npm/benchmark-npm-remote/chokidar/-/chokidar-5.0.0.tgz 9598ms (cache miss)
npm http fetch GET 200 https://vltoss.jfrog.io/artifactory/api/npm/benchmark-npm-remote/ci-info/-/ci-info-4.4.0.tgz 9590ms (cache miss)
npm http fetch GET 200 https://vltoss.jfrog.io/artifactory/api/npm/benchmark-npm-remote/jest-message-util/-/jest-message-util-30.5.1.tgz 9590ms (cache miss)
npm http fetch GET 200 https://vltoss.jfrog.io/artifactory/api/npm/benchmark-npm-remote/@pmmmwh/react-refresh-webpack-plugin/-/react-refresh-webpack-plugin-0.6.3.tgz 9800ms (cache miss)
npm http fetch GET 200 https://vltoss.jfrog.io/artifactory/api/npm/benchmark-npm-remote/eslint-plugin-tsdoc/-/eslint-plugin-tsdoc-0.5.4.tgz 9677ms (cache miss)
npm http fetch GET 200 https://vltoss.jfrog.io/artifactory/api/npm/benchmark-npm-remote/@jest/expect-utils/-/expect-utils-30.5.2.tgz 9642ms (cache miss)
npm http fetch GET 200 https://vltoss.jfrog.io/artifactory/api/npm/benchmark-npm-remote/@jest/fake-timers/-/fake-timers-30.5.2.tgz 9641ms (cache miss)
npm http fetch GET 200 https://vltoss.jfrog.io/artifactory/api/npm/benchmark-npm-remote/react-is/-/react-is-18.3.1.tgz 9640ms (cache miss)
npm http fetch GET 200 https://vltoss.jfrog.io/artifactory/api/npm/benchmark-npm-remote/react-is/-/react-is-18.3.1.tgz 9641ms (cache miss)
npm http fetch GET 200 https://vltoss.jfrog.io/artifactory/api/npm/benchmark-npm-remote/react-is/-/react-is-18.3.1.tgz 9640ms (cache miss)
npm http fetch GET 200 https://vltoss.jfrog.io/artifactory/api/npm/benchmark-npm-remote/ansi-styles/-/ansi-styles-5.2.0.tgz 9642ms (cache miss)
npm http fetch GET 200 https://vltoss.jfrog.io/artifactory/api/npm/benchmark-npm-remote/ansi-styles/-/ansi-styles-5.2.0.tgz 9641ms (cache miss)
npm http fetch GET 200 https://vltoss.jfrog.io/artifactory/api/npm/benchmark-npm-remote/ansi-styles/-/ansi-styles-5.2.0.tgz 9641ms (cache miss)
npm http fetch GET 200 https://vltoss.jfrog.io/artifactory/api/npm/benchmark-npm-remote/resolve-from/-/resolve-from-5.0.0.tgz 9641ms (cache miss)
npm http fetch GET 200 https://vltoss.jfrog.io/artifactory/api/npm/benchmark-npm-remote/picomatch/-/picomatch-4.0.7.tgz 9686ms (cache miss)
npm http fetch GET 200 https://vltoss.jfrog.io/artifactory/api/npm/benchmark-npm-remote/picomatch/-/picomatch-4.0.7.tgz 9688ms (cache miss)
npm http fetch GET 200 https://vltoss.jfrog.io/artifactory/api/npm/benchmark-npm-remote/signal-exit/-/signal-exit-3.0.7.tgz 9667ms (cache miss)
npm http fetch GET 200 https://vltoss.jfrog.io/artifactory/api/npm/benchmark-npm-remote/p-limit/-/p-limit-2.3.0.tgz 9667ms (cache miss)
npm http fetch GET 200 https://vltoss.jfrog.io/artifactory/api/npm/benchmark-npm-remote/p-limit/-/p-limit-2.3.0.tgz 9660ms (cache miss)
npm http fetch GET 200 https://vltoss.jfrog.io/artifactory/api/npm/benchmark-npm-remote/p-locate/-/p-locate-4.1.0.tgz 9668ms (cache miss)
npm http fetch GET 200 https://vltoss.jfrog.io/artifactory/api/npm/benchmark-npm-remote/p-locate/-/p-locate-4.1.0.tgz 9660ms (cache miss)
npm http fetch GET 200 https://vltoss.jfrog.io/artifactory/api/npm/benchmark-npm-remote/locate-path/-/locate-path-5.0.0.tgz 9668ms (cache miss)
npm http fetch GET 200 https://vltoss.jfrog.io/artifactory/api/npm/benchmark-npm-remote/locate-path/-/locate-path-5.0.0.tgz 9661ms (cache miss)
npm http fetch GET 200 https://vltoss.jfrog.io/artifactory/api/npm/benchmark-npm-remote/balanced-match/-/balanced-match-1.0.2.tgz 9668ms (cache miss)
npm http fetch GET 200 https://vltoss.jfrog.io/artifactory/api/npm/benchmark-npm-remote/signal-exit/-/signal-exit-4.1.0.tgz 9773ms (cache miss)
npm http fetch GET 200 https://vltoss.jfrog.io/artifactory/api/npm/benchmark-npm-remote/undici-types/-/undici-types-8.9.0.tgz 9739ms (cache miss)
npm http fetch GET 200 https://vltoss.jfrog.io/artifactory/api/npm/benchmark-npm-remote/entities/-/entities-2.2.0.tgz 9725ms (cache miss)
npm http fetch GET 200 https://vltoss.jfrog.io/artifactory/api/npm/benchmark-npm-remote/commander/-/commander-2.20.3.tgz 9702ms (cache miss)
npm http fetch GET 200 https://vltoss.jfrog.io/artifactory/api/npm/benchmark-npm-remote/jest-util/-/jest-util-30.5.1.tgz 9698ms (cache miss)
npm http fetch GET 200 https://vltoss.jfrog.io/artifactory/api/npm/benchmark-npm-remote/pretty-format/-/pretty-format-30.5.1.tgz 9699ms (cache miss)
npm http fetch GET 200 https://vltoss.jfrog.io/artifactory/api/npm/benchmark-npm-remote/find-up/-/find-up-4.1.0.tgz 9687ms (cache miss)
npm http fetch GET 200 https://vltoss.jfrog.io/artifactory/api/npm/benchmark-npm-remote/find-up/-/find-up-4.1.0.tgz 9696ms (cache miss)
npm http fetch GET 200 https://vltoss.jfrog.io/artifactory/api/npm/benchmark-npm-remote/path-scurry/-/path-scurry-2.0.2.tgz 9799ms (cache miss)
npm http fetch GET 200 https://vltoss.jfrog.io/artifactory/api/npm/benchmark-npm-remote/resolve-from/-/resolve-from-5.0.0.tgz 9711ms (cache miss)
npm http fetch GET 200 https://vltoss.jfrog.io/artifactory/api/npm/benchmark-npm-remote/commander/-/commander-7.2.0.tgz 9761ms (cache miss)
npm http fetch GET 200 https://vltoss.jfrog.io/artifactory/api/npm/benchmark-npm-remote/@jest/environment/-/environment-30.5.2.tgz 9747ms (cache miss)
npm http fetch GET 200 https://vltoss.jfrog.io/artifactory/api/npm/benchmark-npm-remote/diff-sequences/-/diff-sequences-29.6.3.tgz 9748ms (cache miss)
npm http fetch GET 200 https://vltoss.jfrog.io/artifactory/api/npm/benchmark-npm-remote/commander/-/commander-10.0.1.tgz 9808ms (cache miss)
npm http fetch GET 200 https://vltoss.jfrog.io/artifactory/api/npm/benchmark-npm-remote/dom-serializer/-/dom-serializer-2.0.0.tgz 9801ms (cache miss)
npm http fetch GET 200 https://vltoss.jfrog.io/artifactory/api/npm/benchmark-npm-remote/brace-expansion/-/brace-expansion-1.1.21.tgz 9778ms (cache miss)
npm http fetch GET 200 https://vltoss.jfrog.io/artifactory/api/npm/benchmark-npm-remote/signal-exit/-/signal-exit-3.0.7.tgz 9770ms (cache miss)
npm http fetch GET 200 https://vltoss.jfrog.io/artifactory/api/npm/benchmark-npm-remote/supports-color/-/supports-color-8.1.1.tgz 9770ms (cache miss)
npm http fetch GET 200 https://vltoss.jfrog.io/artifactory/api/npm/benchmark-npm-remote/@fluentui/react-search/-/react-search-9.4.7.tgz 9986ms (cache miss)
npm http fetch GET 200 https://vltoss.jfrog.io/artifactory/api/npm/benchmark-npm-remote/entities/-/entities-2.2.0.tgz 9839ms (cache miss)
npm http fetch GET 200 https://vltoss.jfrog.io/artifactory/api/npm/benchmark-npm-remote/@jest/types/-/types-30.5.1.tgz 9813ms (cache miss)
npm http fetch GET 200 https://vltoss.jfrog.io/artifactory/api/npm/benchmark-npm-remote/jest-matcher-utils/-/jest-matcher-utils-29.7.0.tgz 9812ms (cache miss)
npm http fetch GET 200 https://vltoss.jfrog.io/artifactory/api/npm/benchmark-npm-remote/camelcase/-/camelcase-6.3.0.tgz 9802ms (cache miss)
npm http fetch GET 200 https://vltoss.jfrog.io/artifactory/api/npm/benchmark-npm-remote/@fluentui/react-label/-/react-label-9.4.5.tgz 10012ms (cache miss)
npm http fetch GET 200 https://vltoss.jfrog.io/artifactory/api/npm/benchmark-npm-remote/diff-sequences/-/diff-sequences-29.6.3.tgz 9837ms (cache miss)
npm http fetch GET 200 https://vltoss.jfrog.io/artifactory/api/npm/benchmark-npm-remote/ansi-styles/-/ansi-styles-5.2.0.tgz 9828ms (cache miss)
npm http fetch GET 200 https://vltoss.jfrog.io/artifactory/api/npm/benchmark-npm-remote/react-is/-/react-is-18.3.1.tgz 9828ms (cache miss)
npm http fetch GET 200 https://vltoss.jfrog.io/artifactory/api/npm/benchmark-npm-remote/ansi-styles/-/ansi-styles-5.2.0.tgz 9827ms (cache miss)
npm http fetch GET 200 https://vltoss.jfrog.io/artifactory/api/npm/benchmark-npm-remote/react-is/-/react-is-18.3.1.tgz 9829ms (cache miss)
npm http fetch GET 200 https://vltoss.jfrog.io/artifactory/api/npm/benchmark-npm-remote/balanced-match/-/balanced-match-1.0.2.tgz 9829ms (cache miss)
npm http fetch GET 200 https://vltoss.jfrog.io/artifactory/api/npm/benchmark-npm-remote/balanced-match/-/balanced-match-1.0.2.tgz 9827ms (cache miss)
npm http fetch GET 200 https://vltoss.jfrog.io/artifactory/api/npm/benchmark-npm-remote/commander/-/commander-8.3.0.tgz 9892ms (cache miss)
npm http fetch GET 200 https://vltoss.jfrog.io/artifactory/api/npm/benchmark-npm-remote/semver/-/semver-6.3.1.tgz 9874ms (cache miss)
npm http fetch GET 200 https://vltoss.jfrog.io/artifactory/api/npm/benchmark-npm-remote/jest-mock/-/jest-mock-30.5.2.tgz 9872ms (cache miss)
npm http fetch GET 200 https://vltoss.jfrog.io/artifactory/api/npm/benchmark-npm-remote/jest-environment-node/-/jest-environment-node-29.7.0.tgz 9858ms (cache miss)
npm http fetch GET 200 https://vltoss.jfrog.io/artifactory/api/npm/benchmark-npm-remote/@fluentui/react-image/-/react-image-9.4.5.tgz 10073ms (cache miss)
npm http fetch GET 200 https://vltoss.jfrog.io/artifactory/api/npm/benchmark-npm-remote/https-proxy-agent/-/https-proxy-agent-5.0.1.tgz 9902ms (cache miss)
npm http fetch GET 200 https://vltoss.jfrog.io/artifactory/api/npm/benchmark-npm-remote/jest-matcher-utils/-/jest-matcher-utils-29.7.0.tgz 9897ms (cache miss)
npm http fetch GET 200 https://vltoss.jfrog.io/artifactory/api/npm/benchmark-npm-remote/minimatch/-/minimatch-3.1.5.tgz 9897ms (cache miss)
npm http fetch GET 200 https://vltoss.jfrog.io/artifactory/api/npm/benchmark-npm-remote/picomatch/-/picomatch-4.0.7.tgz 9936ms (cache miss)
npm http fetch GET 200 https://vltoss.jfrog.io/artifactory/api/npm/benchmark-npm-remote/picomatch/-/picomatch-4.0.7.tgz 9937ms (cache miss)
npm http fetch GET 200 https://vltoss.jfrog.io/artifactory/api/npm/benchmark-npm-remote/source-map-support/-/source-map-support-0.5.21.tgz 9928ms (cache miss)
npm http fetch GET 200 https://vltoss.jfrog.io/artifactory/api/npm/benchmark-npm-remote/ansi-styles/-/ansi-styles-5.2.0.tgz 9910ms (cache miss)
npm http fetch GET 200 https://vltoss.jfrog.io/artifactory/api/npm/benchmark-npm-remote/ansi-styles/-/ansi-styles-5.2.0.tgz 9909ms (cache miss)
npm http fetch GET 200 https://vltoss.jfrog.io/artifactory/api/npm/benchmark-npm-remote/react-is/-/react-is-18.3.1.tgz 9910ms (cache miss)
npm http fetch GET 200 https://vltoss.jfrog.io/artifactory/api/npm/benchmark-npm-remote/react-is/-/react-is-18.3.1.tgz 9910ms (cache miss)
npm http fetch GET 200 https://vltoss.jfrog.io/artifactory/api/npm/benchmark-npm-remote/balanced-match/-/balanced-match-1.0.2.tgz 9910ms (cache miss)
npm http fetch GET 200 https://vltoss.jfrog.io/artifactory/api/npm/benchmark-npm-remote/domhandler/-/domhandler-5.0.3.tgz 9973ms (cache miss)
npm http fetch GET 200 https://vltoss.jfrog.io/artifactory/api/npm/benchmark-npm-remote/brace-expansion/-/brace-expansion-1.1.21.tgz 9940ms (cache miss)
npm http fetch GET 200 https://vltoss.jfrog.io/artifactory/api/npm/benchmark-npm-remote/brace-expansion/-/brace-expansion-1.1.21.tgz 9939ms (cache miss)
npm http fetch GET 200 https://vltoss.jfrog.io/artifactory/api/npm/benchmark-npm-remote/jest-environment-node/-/jest-environment-node-29.7.0.tgz 9939ms (cache miss)
npm http fetch GET 200 https://vltoss.jfrog.io/artifactory/api/npm/benchmark-npm-remote/strip-bom/-/strip-bom-3.0.0.tgz 9938ms (cache miss)
npm http fetch GET 200 https://vltoss.jfrog.io/artifactory/api/npm/benchmark-npm-remote/@peculiar/asn1-cms/-/asn1-cms-2.10.0.tgz 10240ms (cache miss)
npm http fetch GET 200 https://vltoss.jfrog.io/artifactory/api/npm/benchmark-npm-remote/dotenv/-/dotenv-16.4.7.tgz 10010ms (cache miss)
npm http fetch GET 200 https://vltoss.jfrog.io/artifactory/api/npm/benchmark-npm-remote/diff-sequences/-/diff-sequences-29.6.3.tgz 9990ms (cache miss)
npm http fetch GET 200 https://vltoss.jfrog.io/artifactory/api/npm/benchmark-npm-remote/ansi-styles/-/ansi-styles-5.2.0.tgz 9988ms (cache miss)
npm http fetch GET 200 https://vltoss.jfrog.io/artifactory/api/npm/benchmark-npm-remote/react-is/-/react-is-18.3.1.tgz 9988ms (cache miss)
npm http fetch GET 200 https://vltoss.jfrog.io/artifactory/api/npm/benchmark-npm-remote/balanced-match/-/balanced-match-1.0.2.tgz 9987ms (cache miss)
npm http fetch GET 200 https://vltoss.jfrog.io/artifactory/api/npm/benchmark-npm-remote/balanced-match/-/balanced-match-1.0.2.tgz 9985ms (cache miss)
npm http fetch GET 200 https://vltoss.jfrog.io/artifactory/api/npm/benchmark-npm-remote/balanced-match/-/balanced-match-1.0.2.tgz 9986ms (cache miss)
npm http fetch GET 200 https://vltoss.jfrog.io/artifactory/api/npm/benchmark-npm-remote/escape-string-regexp/-/escape-string-regexp-1.0.5.tgz 9988ms (cache miss)
npm http fetch GET 200 https://vltoss.jfrog.io/artifactory/api/npm/benchmark-npm-remote/jest-matcher-utils/-/jest-matcher-utils-29.7.0.tgz 10022ms (cache miss)
npm http fetch GET 200 https://vltoss.jfrog.io/artifactory/api/npm/benchmark-npm-remote/minimatch/-/minimatch-3.1.5.tgz 10023ms (cache miss)
npm http fetch GET 200 https://vltoss.jfrog.io/artifactory/api/npm/benchmark-npm-remote/minimatch/-/minimatch-3.1.5.tgz 10021ms (cache miss)
npm http fetch GET 200 https://vltoss.jfrog.io/artifactory/api/npm/benchmark-npm-remote/brace-expansion/-/brace-expansion-1.1.21.tgz 10021ms (cache miss)
npm http fetch GET 200 https://vltoss.jfrog.io/artifactory/api/npm/benchmark-npm-remote/@fluentui/react-select/-/react-select-9.5.6.tgz 10238ms (cache miss)
npm http fetch GET 200 https://vltoss.jfrog.io/artifactory/api/npm/benchmark-npm-remote/@fluentui/react-divider/-/react-divider-9.7.5.tgz 10273ms (cache miss)
npm http fetch GET 200 https://vltoss.jfrog.io/artifactory/api/npm/benchmark-npm-remote/@fluentui/react-alert/-/react-alert-9.0.2-beta.1.tgz 10272ms (cache miss)
npm http fetch GET 200 https://vltoss.jfrog.io/artifactory/api/npm/benchmark-npm-remote/agent-base/-/agent-base-6.0.2.tgz 10103ms (cache miss)
npm http fetch GET 200 https://vltoss.jfrog.io/artifactory/api/npm/benchmark-npm-remote/json-schema-traverse/-/json-schema-traverse-0.4.1.tgz 10083ms (cache miss)
npm http fetch GET 200 https://vltoss.jfrog.io/artifactory/api/npm/benchmark-npm-remote/@fluentui/react-textarea/-/react-textarea-9.7.7.tgz 10302ms (cache miss)
npm http fetch GET 200 https://vltoss.jfrog.io/artifactory/api/npm/benchmark-npm-remote/glob/-/glob-7.2.3.tgz 10120ms (cache miss)
npm warn deprecated glob@7.2.3: Old versions of glob are not supported, and contain widely publicized security vulnerabilities, which have been fixed in the current version. Please update. Support for old versions may be purchased (at exorbitant rates) by contacting i@izs.me
npm http fetch GET 200 https://vltoss.jfrog.io/artifactory/api/npm/benchmark-npm-remote/minimatch/-/minimatch-3.1.5.tgz 10109ms (cache miss)
npm http fetch GET 200 https://vltoss.jfrog.io/artifactory/api/npm/benchmark-npm-remote/brace-expansion/-/brace-expansion-1.1.21.tgz 10108ms (cache miss)
npm http fetch GET 200 https://vltoss.jfrog.io/artifactory/api/npm/benchmark-npm-remote/brace-expansion/-/brace-expansion-1.1.21.tgz 10106ms (cache miss)
npm http fetch GET 200 https://vltoss.jfrog.io/artifactory/api/npm/benchmark-npm-remote/brace-expansion/-/brace-expansion-1.1.21.tgz 10107ms (cache miss)
npm http fetch GET 200 https://vltoss.jfrog.io/artifactory/api/npm/benchmark-npm-remote/jest-get-type/-/jest-get-type-27.5.1.tgz 10106ms (cache miss)
npm http fetch GET 200 https://vltoss.jfrog.io/artifactory/api/npm/benchmark-npm-remote/strip-bom/-/strip-bom-3.0.0.tgz 10106ms (cache miss)
npm http fetch GET 200 https://vltoss.jfrog.io/artifactory/api/npm/benchmark-npm-remote/scheduler/-/scheduler-0.23.2.tgz 10159ms (cache miss)
npm http fetch GET 200 https://vltoss.jfrog.io/artifactory/api/npm/benchmark-npm-remote/@jest/environment/-/environment-27.5.1.tgz 10149ms (cache miss)
npm http fetch GET 200 https://vltoss.jfrog.io/artifactory/api/npm/benchmark-npm-remote/commander/-/commander-12.1.0.tgz 10213ms (cache miss)
npm http fetch GET 200 https://vltoss.jfrog.io/artifactory/api/npm/benchmark-npm-remote/dotenv/-/dotenv-16.6.1.tgz 10194ms (cache miss)
npm http fetch GET 200 https://vltoss.jfrog.io/artifactory/api/npm/benchmark-npm-remote/minimatch/-/minimatch-3.1.5.tgz 10172ms (cache miss)
npm http fetch GET 200 https://vltoss.jfrog.io/artifactory/api/npm/benchmark-npm-remote/minimatch/-/minimatch-3.1.5.tgz 10174ms (cache miss)
npm http fetch GET 200 https://vltoss.jfrog.io/artifactory/api/npm/benchmark-npm-remote/minimatch/-/minimatch-3.1.5.tgz 10173ms (cache miss)
npm http fetch GET 200 https://vltoss.jfrog.io/artifactory/api/npm/benchmark-npm-remote/jest-message-util/-/jest-message-util-27.5.1.tgz 10172ms (cache miss)
npm http fetch GET 200 https://vltoss.jfrog.io/artifactory/api/npm/benchmark-npm-remote/react-is/-/react-is-18.3.1.tgz 10172ms (cache miss)
npm http fetch GET 200 https://vltoss.jfrog.io/artifactory/api/npm/benchmark-npm-remote/@eslint/config-array/-/config-array-0.21.2.tgz 10263ms (cache miss)
npm http fetch GET 200 https://vltoss.jfrog.io/artifactory/api/npm/benchmark-npm-remote/@discoveryjs/json-ext/-/json-ext-0.5.7.tgz 10229ms (cache miss)
npm http fetch GET 200 https://vltoss.jfrog.io/artifactory/api/npm/benchmark-npm-remote/@sinonjs/fake-timers/-/fake-timers-15.4.0.tgz 10215ms (cache miss)
npm http fetch GET 200 https://vltoss.jfrog.io/artifactory/api/npm/benchmark-npm-remote/semver/-/semver-6.3.1.tgz 10204ms (cache miss)
npm http fetch GET 200 https://vltoss.jfrog.io/artifactory/api/npm/benchmark-npm-remote/semver/-/semver-6.3.1.tgz 10204ms (cache miss)
npm http fetch GET 200 https://vltoss.jfrog.io/artifactory/api/npm/benchmark-npm-remote/semver/-/semver-6.3.1.tgz 10203ms (cache miss)
npm http fetch GET 200 https://vltoss.jfrog.io/artifactory/api/npm/benchmark-npm-remote/ansi-styles/-/ansi-styles-5.2.0.tgz 10195ms (cache miss)
npm http fetch GET 200 https://vltoss.jfrog.io/artifactory/api/npm/benchmark-npm-remote/ansi-styles/-/ansi-styles-5.2.0.tgz 10195ms (cache miss)
npm http fetch GET 200 https://vltoss.jfrog.io/artifactory/api/npm/benchmark-npm-remote/balanced-match/-/balanced-match-1.0.2.tgz 10194ms (cache miss)
npm http fetch GET 200 https://vltoss.jfrog.io/artifactory/api/npm/benchmark-npm-remote/glob/-/glob-7.2.3.tgz 10222ms (cache miss)
npm warn deprecated glob@7.2.3: Old versions of glob are not supported, and contain widely publicized security vulnerabilities, which have been fixed in the current version. Please update. Support for old versions may be purchased (at exorbitant rates) by contacting i@izs.me
npm http fetch GET 200 https://vltoss.jfrog.io/artifactory/api/npm/benchmark-npm-remote/ignore/-/ignore-5.3.2.tgz 10218ms (cache miss)
npm http fetch GET 200 https://vltoss.jfrog.io/artifactory/api/npm/benchmark-npm-remote/ignore/-/ignore-5.3.2.tgz 10220ms (cache miss)
npm http fetch GET 200 https://vltoss.jfrog.io/artifactory/api/npm/benchmark-npm-remote/readable-stream/-/readable-stream-2.3.8.tgz 10290ms (cache miss)
npm http fetch GET 200 https://vltoss.jfrog.io/artifactory/api/npm/benchmark-npm-remote/dotenv-expand/-/dotenv-expand-11.0.7.tgz 10237ms (cache miss)
npm http fetch GET 200 https://vltoss.jfrog.io/artifactory/api/npm/benchmark-npm-remote/strip-bom/-/strip-bom-3.0.0.tgz 10236ms (cache miss)
npm http fetch GET 200 https://vltoss.jfrog.io/artifactory/api/npm/benchmark-npm-remote/escape-string-regexp/-/escape-string-regexp-1.0.5.tgz 10235ms (cache miss)
npm http fetch GET 200 https://vltoss.jfrog.io/artifactory/api/npm/benchmark-npm-remote/acorn/-/acorn-8.11.3.tgz 10328ms (cache miss)
npm http fetch GET 200 https://vltoss.jfrog.io/artifactory/api/npm/benchmark-npm-remote/brace-expansion/-/brace-expansion-2.1.7.tgz 10258ms (cache miss)
npm http fetch GET 200 https://vltoss.jfrog.io/artifactory/api/npm/benchmark-npm-remote/signal-exit/-/signal-exit-3.0.7.tgz 10257ms (cache miss)
npm http fetch GET 200 https://vltoss.jfrog.io/artifactory/api/npm/benchmark-npm-remote/@fluentui/react-switch/-/react-switch-9.7.6.tgz 10479ms (cache miss)
npm http fetch GET 200 https://vltoss.jfrog.io/artifactory/api/npm/benchmark-npm-remote/@fluentui/react-persona/-/react-persona-9.7.10.tgz 10478ms (cache miss)
npm http fetch GET 200 https://vltoss.jfrog.io/artifactory/api/npm/benchmark-npm-remote/@zkochan/js-yaml/-/js-yaml-0.0.7.tgz 10420ms (cache miss)
npm http fetch GET 200 https://vltoss.jfrog.io/artifactory/api/npm/benchmark-npm-remote/glob/-/glob-7.2.3.tgz 10287ms (cache miss)
npm warn deprecated glob@7.2.3: Old versions of glob are not supported, and contain widely publicized security vulnerabilities, which have been fixed in the current version. Please update. Support for old versions may be purchased (at exorbitant rates) by contacting i@izs.me
npm http fetch GET 200 https://vltoss.jfrog.io/artifactory/api/npm/benchmark-npm-remote/glob/-/glob-7.2.3.tgz 10287ms (cache miss)
npm warn deprecated glob@7.2.3: Old versions of glob are not supported, and contain widely publicized security vulnerabilities, which have been fixed in the current version. Please update. Support for old versions may be purchased (at exorbitant rates) by contacting i@izs.me
npm http fetch GET 200 https://vltoss.jfrog.io/artifactory/api/npm/benchmark-npm-remote/fdir/-/fdir-6.5.0.tgz 10285ms (cache miss)
npm http fetch GET 200 https://vltoss.jfrog.io/artifactory/api/npm/benchmark-npm-remote/jest-mock/-/jest-mock-27.5.1.tgz 10284ms (cache miss)
npm http fetch GET 200 https://vltoss.jfrog.io/artifactory/api/npm/benchmark-npm-remote/es-object-atoms/-/es-object-atoms-1.1.1.tgz 10281ms (cache miss)
npm http fetch GET 200 https://jfrog-prod-use2-shared-ohio-main.s3.amazonaws.com/aol-a0eigilwc24ii/filestore/10/10ab50f39b50335e2aa7672d5941043dbfc7749e?response-content-disposition=attachment%3Bfilename%3D%22bare-url-2.5.4.tgz%22&response-content-type=application%2Fx-gzip&X-Artifactory-username=darcy%40vlt.sh&X-Artifactory-repoType=local&X-Artifactory-repositoryKey=benchmark-npm-remote-cache&X-Artifactory-originPackageType=npm&X-Artifactory-packageType=npm&X-Artifactory-artifactPath=bare-url%2F-%2Fbare-url-2.5.4.tgz&X-Artifactory-originProjectKey=benchmark&X-Artifactory-projectKey=benchmark&X-Artifactory-originRepoType=remote&X-Artifactory-originRepositoryKey=benchmark-npm-remote&x-jf-traceId=1e4ca0d2250c4b2edae75c69741258fd&X-Amz-Security-Token=IQoJb3JpZ2luX2VjEKT%2F%2F%2F%2F%2F%2F%2F%2F%2F%2FwEaCXVzLWVhc3QtMiJGMEQCIGE05Nq07AoTr5hDsK%2Fz9lwEUN5HM86m%2BfGPbXQZ%2FdtCAiBQ3WNO7Py4EfCz88%2FeERFKKmb7UZEFCZqnchqYH%2BYuXyqSBQhtEAAaDDcyMTg4MjYxMzAzNyIMzzm3ajtO0WT7d9hxKu8EJU%2F3xYhBBgyfL1OAyamecU1X0jbcp0RFRmbFCPK6b6eD0b5PFFjEfdD8p2cGWog5gQV9Kjt8mGbno8V9mGEdwsCam5Bbm%2FBDkKc3DzTA8%2BSnMhG%2FwVTG3cA%2BpAKXKQ8TtnY7f2EWpE%2BSko0xe1FZV0H%2FY%2FVa0EGrces6gNWg4i%2FU3ui2hWlsWfnR9Bv7se7e0ZbPO8UGGNDhQkrc1x0g%2BbUYiRIfCpVul6bwyUTqx6jGJjpe%2Bl1sDZ6YVtBp5vVLV0G428zg6IhQf1%2F7311mz9n6YqiugFZK5fGBX4Xg9YY2e25tLsXYol55bdHgA9C5Cp9iGR%2BptiHCyfiPtk56HHQKqiiLlRiQU7M8eEjJprOQ7geXQAQLluWYyUiavmlhcuJa3pIzH0YL89I44H4jPfzA5e9O7mwZRn6zzpv8jN1RFX4hh0wEtgDxV9f4VU8OTXQEhtEnPMhnwMJKIHLHg7iwN%2Fc1lTY%2BaX4dlqhMtzS%2F6TOR8oca6f33A487nGSOGEHgwTFcvaQwRSd8GEmCzHHVMR7IiKGXzfjLChYJGtnYASJWrh3sOuFDp7cpfqS95qnaCE9NfTvgz2upgtyitiIifnCLk4JanJzzKN2DFkQLyDusSU1hCoxwXf6CAm8rIdbF23HkJI96fBTS3q%2FJ4tONCPjgh7IpU0kaCFHgdXyCoggFYeYn874G9QXZdKdzKo5kNZndVrPkAgjUiPhj5xOqRSk5%2BiUsw%2Fs6basSUOKYRBNURpIYOKjMKG5vkxAXFTZ1C%2Bzh6S7ARVzg845WjzH9nj3dL9TNwRScEhl8ogAsB6%2BJPR%2Fas05DTUC%2F7Nww%2Btb11QY6mgFuIXjUuJ1WiwOBL9NuEk6J3Raj8HIzuVWCggs4ILK0u0BDsDuUVlMwkNOHbsn4yLOBiD15bDxxi15B6oIbihBOqb0XjdnJtW6oYPTP%2FgSxD%2F3o7HYpkZJCBR7YmsIaaSJvBjG5m%2FUsJpbdBj%2BkC9lzNLqjIC37ZnVhmQ28RRyt5Fi%2FOsECLLOIc13O6Nk7NXpxGz3sA9MbSK7g&X-Amz-Algorithm=AWS4-HMAC-SHA256&X-Amz-Date=20260930T200514Z&X-Amz-SignedHeaders=host&X-Amz-Credential=ASIA2QE4OQUW7N476K6D%2F20260930%2Fus-east-2%2Fs3%2Faws4_request&X-Amz-Expires=30&X-Amz-Signature=38b948eded7a1f6495a35fcc18837faf1d8836a5566ae33154dc5fa7ebc017ba 10595ms (cache miss)
npm http fetch GET 200 https://jfrog-prod-use2-shared-ohio-main.s3.amazonaws.com/aol-a0eigilwc24ii/filestore/e7/e7ee0a24f752c5296c6455855ccb72662e67ea96?response-content-disposition=attachment%3Bfilename%3D%22parser-7.29.9.tgz%22&response-content-type=application%2Fx-gzip&X-Artifactory-username=darcy%40vlt.sh&X-Artifactory-repoType=local&X-Artifactory-repositoryKey=benchmark-npm-remote-cache&X-Artifactory-originPackageType=npm&X-Artifactory-packageType=npm&X-Artifactory-artifactPath=%40babel%2Fparser%2F-%2Fparser-7.29.9.tgz&X-Artifactory-originProjectKey=benchmark&X-Artifactory-projectKey=benchmark&X-Artifactory-originRepoType=remote&X-Artifactory-originRepositoryKey=benchmark-npm-remote&x-jf-traceId=b2f28d85d7aae91a19a1aaedd198e7ea&X-Amz-Security-Token=IQoJb3JpZ2luX2VjEKP%2F%2F%2F%2F%2F%2F%2F%2F%2F%2FwEaCXVzLWVhc3QtMiJHMEUCIQCNM1vyehYeot350c8CmRxyxANvaNL6o%2FiXftrYvN3QywIgJtJnf8Vo3mqOPxnbYHJVntu4EqNd3FL7eos1bvhYpIgqkgUIbBAAGgw3MjE4ODI2MTMwMzciDOIbxNlDwteJv9ALRirvBFhqoH1fB4CeV1H%2FaT8tH%2Fhhvom8QCtzC%2FE0AvYQHFpqf%2BH%2F3xTVGISqSZkk%2BId1FoRcSuovhtFz4ghRZqDWCvDDU6VA5wF%2BanA02u6RiQmBIxm1HzosqOTTNw7oVFrPyx2XOvnqksLRMMOmtWxIjEXCcS1b9ifWcFSRYQ80danrcAqkNkCNW%2FJw0N8co%2FhFHeZPbEVLQI89iaOYuwl091x39JAjglhNjcJkk9MbmeqB8HWamd1RnZ9GhTur%2F1LVll79ah%2BY6lV3oDRtJcptDouKM9k1YKPnIfFNjDu29oUhLKCSWF9eM7hIxA0fucpTwAbc4ARQeusYYpq%2FQpaxRDvmGSBDUJX%2Br9C6UavFnfGv5sKJ2OfdUnPIIdcTemwwLAwtc4HcatwDZEPipLqqGW0nltMEtuiZyQqrPN0ZYHheLld6eIlFHH7s0nP6QYe1jdbqnA0p1R4MKQUKBRt%2FW%2FBnMM%2FVqvglFW8t%2F1aUHuhDU2ULm%2F9p2Kw%2B3q0JKU%2FrONLPzvLcEsAwkN7x81L7qYN5GeZ7Xpq315IpRsqHloLSJAtIhmGcWnk03J%2BvoppO3iWPSSAYBRj1s91hcOKRZTxcDlxGnBEDRkgr8lURS1HCBrAXRUScaSP6gujzwTuNdAnsVmDgowcYsD499zgQvTvZI61j469co13kCwPFv6D6l9oi3P04WhprxV%2FDbab995sy%2F3G4INHiPE6%2BG3HCYOBPBNJSIimqwDvy986amweffu5t9SQTtV2v%2FEvCFhLArnsCIs%2BfbbcqvozPqUMMVaN321MXXx5afWpeYFYnQ4omoul2bc7f8J3FMODLUKirMK6%2B9dUGOpkB6DGxDtYFNfORc5JhXgm9VIJz8Z9T68V0gsInpGx8xgvijGbqRKk5zQknbWkR0OyGmFJWKIjc%2FoISOvsPVxTOXXt00cMbNTFFIrKf3sK1pReGSe336dM9gLM235Wl%2BlyUriPlDgxAh3Uv14sz8wL1nsY3bcBWTxMmaKf%2BwBafuSm366qj7Cg%2FQSgON7OTTMbH2HqlH5Hduc4S&X-Amz-Algorithm=AWS4-HMAC-SHA256&X-Amz-Date=20260930T200519Z&X-Amz-SignedHeaders=host&X-Amz-Credential=ASIA2QE4OQUW27TYEKCH%2F20260930%2Fus-east-2%2Fs3%2Faws4_request&X-Amz-Expires=30&X-Amz-Signature=f45ca2b41f244c28f53c7433c308cc0a639f6316650fbc6ce579ebb2bb6d763a 10411ms (cache miss)
npm http fetch GET 200 https://vltoss.jfrog.io/artifactory/api/npm/benchmark-npm-remote/@jest/fake-timers/-/fake-timers-27.5.1.tgz 10304ms (cache miss)
npm http fetch GET 200 https://vltoss.jfrog.io/artifactory/api/npm/benchmark-npm-remote/ejs/-/ejs-3.1.10.tgz 10351ms (cache miss)
npm http fetch GET 200 https://vltoss.jfrog.io/artifactory/api/npm/benchmark-npm-remote/@types/yargs/-/yargs-16.0.11.tgz 10325ms (cache miss)
npm http fetch GET 200 https://vltoss.jfrog.io/artifactory/api/npm/benchmark-npm-remote/diff-sequences/-/diff-sequences-29.6.3.tgz 10324ms (cache miss)
npm http fetch GET 200 https://vltoss.jfrog.io/artifactory/api/npm/benchmark-npm-remote/jest-diff/-/jest-diff-29.7.0.tgz 10370ms (cache miss)
npm http fetch GET 200 https://vltoss.jfrog.io/artifactory/api/npm/benchmark-npm-remote/emoji-regex/-/emoji-regex-8.0.0.tgz 10339ms (cache miss)
npm http fetch GET 200 https://vltoss.jfrog.io/artifactory/api/npm/benchmark-npm-remote/ansi-styles/-/ansi-styles-5.2.0.tgz 10338ms (cache miss)
npm http fetch GET 200 https://vltoss.jfrog.io/artifactory/api/npm/benchmark-npm-remote/globals/-/globals-14.0.0.tgz 10361ms (cache miss)
npm http fetch GET 200 https://vltoss.jfrog.io/artifactory/api/npm/benchmark-npm-remote/picomatch/-/picomatch-4.0.7.tgz 10399ms (cache miss)
npm http fetch GET 200 https://vltoss.jfrog.io/artifactory/api/npm/benchmark-npm-remote/ignore/-/ignore-5.3.2.tgz 10375ms (cache miss)
npm http fetch GET 200 https://vltoss.jfrog.io/artifactory/api/npm/benchmark-npm-remote/ci-info/-/ci-info-4.4.0.tgz 10373ms (cache miss)
npm http fetch GET 200 https://vltoss.jfrog.io/artifactory/api/npm/benchmark-npm-remote/@jest/schemas/-/schemas-30.5.0.tgz 10373ms (cache miss)
npm http fetch GET 200 https://vltoss.jfrog.io/artifactory/api/npm/benchmark-npm-remote/balanced-match/-/balanced-match-1.0.2.tgz 10372ms (cache miss)
npm http fetch GET 200 https://vltoss.jfrog.io/artifactory/api/npm/benchmark-npm-remote/cosmiconfig/-/cosmiconfig-9.0.2.tgz 10429ms (cache miss)
npm http fetch GET 200 https://vltoss.jfrog.io/artifactory/api/npm/benchmark-npm-remote/jest-message-util/-/jest-message-util-30.5.1.tgz 10391ms (cache miss)
npm http fetch GET 200 https://vltoss.jfrog.io/artifactory/api/npm/benchmark-npm-remote/@jest/fake-timers/-/fake-timers-30.5.2.tgz 10390ms (cache miss)
npm http fetch GET 200 https://vltoss.jfrog.io/artifactory/api/npm/benchmark-npm-remote/@jest/expect-utils/-/expect-utils-30.5.2.tgz 10409ms (cache miss)
npm http fetch GET 200 https://vltoss.jfrog.io/artifactory/api/npm/benchmark-npm-remote/@jsonjoy.com/codegen/-/codegen-17.67.0.tgz 10486ms (cache miss)
npm http fetch GET 200 https://vltoss.jfrog.io/artifactory/api/npm/benchmark-npm-remote/istanbul-lib-instrument/-/istanbul-lib-instrument-5.2.1.tgz 10444ms (cache miss)
npm http fetch GET 200 https://vltoss.jfrog.io/artifactory/api/npm/benchmark-npm-remote/eslint-visitor-keys/-/eslint-visitor-keys-5.0.1.tgz 10436ms (cache miss)
npm http fetch GET 200 https://vltoss.jfrog.io/artifactory/api/npm/benchmark-npm-remote/balanced-match/-/balanced-match-1.0.2.tgz 10431ms (cache miss)
npm http fetch GET 200 https://vltoss.jfrog.io/artifactory/api/npm/benchmark-npm-remote/balanced-match/-/balanced-match-1.0.2.tgz 10434ms (cache miss)
npm http fetch GET 200 https://vltoss.jfrog.io/artifactory/api/npm/benchmark-npm-remote/strip-bom/-/strip-bom-3.0.0.tgz 10434ms (cache miss)
npm http fetch GET 200 https://vltoss.jfrog.io/artifactory/api/npm/benchmark-npm-remote/@fluentui/react-input/-/react-input-9.8.7.tgz 10661ms (cache miss)
npm http fetch GET 200 https://vltoss.jfrog.io/artifactory/api/npm/benchmark-npm-remote/@fluentui/react-checkbox/-/react-checkbox-9.6.5.tgz 10660ms (cache miss)
npm http fetch GET 200 https://vltoss.jfrog.io/artifactory/api/npm/benchmark-npm-remote/eslint-visitor-keys/-/eslint-visitor-keys-4.2.1.tgz 10484ms (cache miss)
npm http fetch GET 200 https://vltoss.jfrog.io/artifactory/api/npm/benchmark-npm-remote/@sinonjs/fake-timers/-/fake-timers-8.1.0.tgz 10484ms (cache miss)
npm http fetch GET 200 https://vltoss.jfrog.io/artifactory/api/npm/benchmark-npm-remote/brace-expansion/-/brace-expansion-1.1.21.tgz 10478ms (cache miss)
npm http fetch GET 200 https://vltoss.jfrog.io/artifactory/api/npm/benchmark-npm-remote/supports-color/-/supports-color-8.1.1.tgz 10480ms (cache miss)
npm http fetch GET 200 https://vltoss.jfrog.io/artifactory/api/npm/benchmark-npm-remote/glob-parent/-/glob-parent-6.0.2.tgz 10480ms (cache miss)
npm http fetch GET 200 https://vltoss.jfrog.io/artifactory/api/npm/benchmark-npm-remote/tough-cookie/-/tough-cookie-5.1.2.tgz 10647ms (cache miss)
npm http fetch GET 200 https://vltoss.jfrog.io/artifactory/api/npm/benchmark-npm-remote/ws/-/ws-7.5.13.tgz 10549ms (cache miss)
npm http fetch GET 200 https://vltoss.jfrog.io/artifactory/api/npm/benchmark-npm-remote/pretty-format/-/pretty-format-30.5.1.tgz 10511ms (cache miss)
npm http fetch GET 200 https://vltoss.jfrog.io/artifactory/api/npm/benchmark-npm-remote/jest-util/-/jest-util-30.5.1.tgz 10511ms (cache miss)
npm http fetch GET 200 https://vltoss.jfrog.io/artifactory/api/npm/benchmark-npm-remote/@jest/environment/-/environment-30.5.2.tgz 10511ms (cache miss)
npm http fetch GET 200 https://vltoss.jfrog.io/artifactory/api/npm/benchmark-npm-remote/json-schema-traverse/-/json-schema-traverse-0.4.1.tgz 10509ms (cache miss)
npm http fetch GET 200 https://vltoss.jfrog.io/artifactory/api/npm/benchmark-npm-remote/@sinonjs/commons/-/commons-3.0.1.tgz 10678ms (cache miss)
npm http fetch GET 200 https://vltoss.jfrog.io/artifactory/api/npm/benchmark-npm-remote/react-is/-/react-is-18.3.1.tgz 10543ms (cache miss)
npm http fetch GET 200 https://vltoss.jfrog.io/artifactory/api/npm/benchmark-npm-remote/ansi-styles/-/ansi-styles-5.2.0.tgz 10544ms (cache miss)
npm http fetch GET 200 https://vltoss.jfrog.io/artifactory/api/npm/benchmark-npm-remote/ignore/-/ignore-7.0.5.tgz 10564ms (cache miss)
npm http fetch GET 200 https://vltoss.jfrog.io/artifactory/api/npm/benchmark-npm-remote/eslint-plugin-prettier/-/eslint-plugin-prettier-5.5.6.tgz 10561ms (cache miss)
npm http fetch GET 200 https://vltoss.jfrog.io/artifactory/api/npm/benchmark-npm-remote/brace-expansion/-/brace-expansion-1.1.21.tgz 10561ms (cache miss)
npm http fetch GET 200 https://vltoss.jfrog.io/artifactory/api/npm/benchmark-npm-remote/ms/-/ms-2.0.0.tgz 10558ms (cache miss)
npm http fetch GET 200 https://vltoss.jfrog.io/artifactory/api/npm/benchmark-npm-remote/@jridgewell/trace-mapping/-/trace-mapping-0.3.31.tgz 10688ms (cache miss)
npm http fetch GET 200 https://vltoss.jfrog.io/artifactory/api/npm/benchmark-npm-remote/schema-utils/-/schema-utils-3.3.0.tgz 10622ms (cache miss)
npm http fetch GET 200 https://vltoss.jfrog.io/artifactory/api/npm/benchmark-npm-remote/debug/-/debug-3.2.7.tgz 10590ms (cache miss)
npm http fetch GET 200 https://vltoss.jfrog.io/artifactory/api/npm/benchmark-npm-remote/@jest/types/-/types-30.5.1.tgz 10581ms (cache miss)
npm http fetch GET 200 https://vltoss.jfrog.io/artifactory/api/npm/benchmark-npm-remote/minimatch/-/minimatch-3.1.5.tgz 10579ms (cache miss)
npm http fetch GET 200 https://vltoss.jfrog.io/artifactory/api/npm/benchmark-npm-remote/minimatch/-/minimatch-3.1.5.tgz 10578ms (cache miss)
npm http fetch GET 200 https://vltoss.jfrog.io/artifactory/api/npm/benchmark-npm-remote/@eslint/core/-/core-1.2.1.tgz 10605ms (cache miss)
npm http fetch GET 200 https://vltoss.jfrog.io/artifactory/api/npm/benchmark-npm-remote/brace-expansion/-/brace-expansion-2.1.7.tgz 10592ms (cache miss)
npm http fetch GET 200 https://vltoss.jfrog.io/artifactory/api/npm/benchmark-npm-remote/dotenv-expand/-/dotenv-expand-11.0.7.tgz 10591ms (cache miss)
npm http fetch GET 200 https://vltoss.jfrog.io/artifactory/api/npm/benchmark-npm-remote/iconv-lite/-/iconv-lite-0.6.3.tgz 10788ms (cache miss)
npm http fetch GET 200 https://vltoss.jfrog.io/artifactory/api/npm/benchmark-npm-remote/foreground-child/-/foreground-child-3.3.1.tgz 10714ms (cache miss)
npm http fetch GET 200 https://vltoss.jfrog.io/artifactory/api/npm/benchmark-npm-remote/jest-mock/-/jest-mock-30.5.2.tgz 10609ms (cache miss)
npm http fetch GET 200 https://vltoss.jfrog.io/artifactory/api/npm/benchmark-npm-remote/jest-diff/-/jest-diff-29.7.0.tgz 10650ms (cache miss)
npm http fetch GET 200 https://vltoss.jfrog.io/artifactory/api/npm/benchmark-npm-remote/https-proxy-agent/-/https-proxy-agent-5.0.1.tgz 10626ms (cache miss)
npm http fetch GET 200 https://vltoss.jfrog.io/artifactory/api/npm/benchmark-npm-remote/schema-utils/-/schema-utils-3.3.0.tgz 10680ms (cache miss)
npm http fetch GET 200 https://vltoss.jfrog.io/artifactory/api/npm/benchmark-npm-remote/debug/-/debug-3.2.7.tgz 10649ms (cache miss)
npm http fetch GET 200 https://vltoss.jfrog.io/artifactory/api/npm/benchmark-npm-remote/@jest/types/-/types-27.5.1.tgz 10646ms (cache miss)
npm http fetch GET 200 https://vltoss.jfrog.io/artifactory/api/npm/benchmark-npm-remote/@pkgr/core/-/core-0.3.6.tgz 10638ms (cache miss)
npm http fetch GET 200 https://vltoss.jfrog.io/artifactory/api/npm/benchmark-npm-remote/ignore/-/ignore-5.3.2.tgz 10638ms (cache miss)
npm http fetch GET 200 https://vltoss.jfrog.io/artifactory/api/npm/benchmark-npm-remote/diff-sequences/-/diff-sequences-29.6.3.tgz 10648ms (cache miss)
npm http fetch GET 200 https://vltoss.jfrog.io/artifactory/api/npm/benchmark-npm-remote/pretty-format/-/pretty-format-27.5.1.tgz 10736ms (cache miss)
npm http fetch GET 200 https://vltoss.jfrog.io/artifactory/api/npm/benchmark-npm-remote/@jridgewell/trace-mapping/-/trace-mapping-0.3.9.tgz 10698ms (cache miss)
npm http fetch GET 200 https://vltoss.jfrog.io/artifactory/api/npm/benchmark-npm-remote/jest-diff/-/jest-diff-29.7.0.tgz 10693ms (cache miss)
npm http fetch GET 200 https://vltoss.jfrog.io/artifactory/api/npm/benchmark-npm-remote/@types/yargs/-/yargs-16.0.11.tgz 10664ms (cache miss)
npm http fetch GET 200 https://vltoss.jfrog.io/artifactory/api/npm/benchmark-npm-remote/dagre/-/dagre-0.8.5.tgz 10874ms (cache miss)
npm http fetch GET 200 https://vltoss.jfrog.io/artifactory/api/npm/benchmark-npm-remote/mime-db/-/mime-db-1.54.0.tgz 10682ms (cache miss)
npm http fetch GET 200 https://vltoss.jfrog.io/artifactory/api/npm/benchmark-npm-remote/eslint-visitor-keys/-/eslint-visitor-keys-5.0.1.tgz 10681ms (cache miss)
npm http fetch GET 200 https://vltoss.jfrog.io/artifactory/api/npm/benchmark-npm-remote/ignore/-/ignore-5.3.2.tgz 10677ms (cache miss)
npm http fetch GET 200 https://vltoss.jfrog.io/artifactory/api/npm/benchmark-npm-remote/pretty-format/-/pretty-format-29.7.0.tgz 10730ms (cache miss)
npm http fetch GET 200 https://vltoss.jfrog.io/artifactory/api/npm/benchmark-npm-remote/semver/-/semver-6.3.1.tgz 10708ms (cache miss)
npm http fetch GET 200 https://vltoss.jfrog.io/artifactory/api/npm/benchmark-npm-remote/dotenv/-/dotenv-16.4.7.tgz 10727ms (cache miss)
npm http fetch GET 200 https://vltoss.jfrog.io/artifactory/api/npm/benchmark-npm-remote/json5/-/json5-1.0.2.tgz 10745ms (cache miss)
npm http fetch GET 200 https://vltoss.jfrog.io/artifactory/api/npm/benchmark-npm-remote/eslint-plugin-escompat/-/eslint-plugin-escompat-3.12.0.tgz 10830ms (cache miss)
npm http fetch GET 200 https://vltoss.jfrog.io/artifactory/api/npm/benchmark-npm-remote/source-map/-/source-map-0.7.6.tgz 10795ms (cache miss)
npm http fetch GET 200 https://vltoss.jfrog.io/artifactory/api/npm/benchmark-npm-remote/picomatch/-/picomatch-4.0.7.tgz 10756ms (cache miss)
npm http fetch GET 200 https://vltoss.jfrog.io/artifactory/api/npm/benchmark-npm-remote/agent-base/-/agent-base-6.0.2.tgz 10750ms (cache miss)
npm http fetch GET 200 https://vltoss.jfrog.io/artifactory/api/npm/benchmark-npm-remote/language-subtag-registry/-/language-subtag-registry-0.3.23.tgz 10907ms (cache miss)
npm http fetch GET 200 https://vltoss.jfrog.io/artifactory/api/npm/benchmark-npm-remote/jest-diff/-/jest-diff-29.7.0.tgz 10778ms (cache miss)
npm http fetch GET 200 https://vltoss.jfrog.io/artifactory/api/npm/benchmark-npm-remote/@fluentui/react-spinner/-/react-spinner-9.8.6.tgz 10983ms (cache miss)
npm http fetch GET 200 https://vltoss.jfrog.io/artifactory/api/npm/benchmark-npm-remote/eslint-visitor-keys/-/eslint-visitor-keys-4.2.1.tgz 10771ms (cache miss)
npm http fetch GET 200 https://vltoss.jfrog.io/artifactory/api/npm/benchmark-npm-remote/@colors/colors/-/colors-1.6.0.tgz 10822ms (cache miss)
npm http fetch GET 200 https://vltoss.jfrog.io/artifactory/api/npm/benchmark-npm-remote/dotenv/-/dotenv-16.4.7.tgz 10792ms (cache miss)
npm http fetch GET 200 https://vltoss.jfrog.io/artifactory/api/npm/benchmark-npm-remote/source-map/-/source-map-0.6.1.tgz 10922ms (cache miss)
npm http fetch GET 200 https://vltoss.jfrog.io/artifactory/api/npm/benchmark-npm-remote/@sinonjs/fake-timers/-/fake-timers-15.4.0.tgz 10816ms (cache miss)
npm http fetch GET 200 https://vltoss.jfrog.io/artifactory/api/npm/benchmark-npm-remote/debug/-/debug-3.2.7.tgz 10813ms (cache miss)
npm http fetch GET 200 https://vltoss.jfrog.io/artifactory/api/npm/benchmark-npm-remote/rollup-plugin-visualizer/-/rollup-plugin-visualizer-5.14.0.tgz 11028ms (cache miss)
npm http fetch GET 200 https://vltoss.jfrog.io/artifactory/api/npm/benchmark-npm-remote/@jest/core/-/core-29.7.0.tgz 10936ms (cache miss)
npm http fetch GET 200 https://vltoss.jfrog.io/artifactory/api/npm/benchmark-npm-remote/pretty-format/-/pretty-format-29.7.0.tgz 10870ms (cache miss)
npm http fetch GET 200 https://vltoss.jfrog.io/artifactory/api/npm/benchmark-npm-remote/source-map/-/source-map-0.7.6.tgz 10895ms (cache miss)
npm http fetch GET 200 https://vltoss.jfrog.io/artifactory/api/npm/benchmark-npm-remote/globals/-/globals-17.12.0.tgz 10851ms (cache miss)
npm http fetch GET 200 https://vltoss.jfrog.io/artifactory/api/npm/benchmark-npm-remote/jackspeak/-/jackspeak-4.2.3.tgz 10971ms (cache miss)
npm http fetch GET 200 https://vltoss.jfrog.io/artifactory/api/npm/benchmark-npm-remote/balanced-match/-/balanced-match-4.0.3.tgz 10868ms (cache miss)
npm http fetch GET 200 https://vltoss.jfrog.io/artifactory/api/npm/benchmark-npm-remote/@jest/types/-/types-27.5.1.tgz 10862ms (cache miss)
npm http fetch GET 200 https://vltoss.jfrog.io/artifactory/api/npm/benchmark-npm-remote/ajv-keywords/-/ajv-keywords-3.5.2.tgz 10933ms (cache miss)
npm http fetch GET 200 https://vltoss.jfrog.io/artifactory/api/npm/benchmark-npm-remote/ajv-keywords/-/ajv-keywords-3.5.2.tgz 10932ms (cache miss)
npm http fetch GET 200 https://vltoss.jfrog.io/artifactory/api/npm/benchmark-npm-remote/pretty-format/-/pretty-format-29.7.0.tgz 10917ms (cache miss)
npm http fetch GET 200 https://vltoss.jfrog.io/artifactory/api/npm/benchmark-npm-remote/pretty-format/-/pretty-format-29.7.0.tgz 10917ms (cache miss)
npm http fetch GET 200 https://vltoss.jfrog.io/artifactory/api/npm/benchmark-npm-remote/pretty-format/-/pretty-format-29.7.0.tgz 10916ms (cache miss)
npm http fetch GET 200 https://vltoss.jfrog.io/artifactory/api/npm/benchmark-npm-remote/webpack-sources/-/webpack-sources-3.6.0.tgz 11077ms (cache miss)
npm http fetch GET 200 https://vltoss.jfrog.io/artifactory/api/npm/benchmark-npm-remote/source-map/-/source-map-0.7.6.tgz 10941ms (cache miss)
npm http fetch GET 200 https://vltoss.jfrog.io/artifactory/api/npm/benchmark-npm-remote/ejs/-/ejs-3.1.10.tgz 10906ms (cache miss)
npm http fetch GET 200 https://vltoss.jfrog.io/artifactory/api/npm/benchmark-npm-remote/brace-expansion/-/brace-expansion-5.0.8.tgz 10904ms (cache miss)
npm http fetch GET 200 https://vltoss.jfrog.io/artifactory/api/npm/benchmark-npm-remote/picomatch/-/picomatch-4.0.7.tgz 10916ms (cache miss)
npm http fetch GET 200 https://vltoss.jfrog.io/artifactory/api/npm/benchmark-npm-remote/@typescript-eslint/visitor-keys/-/visitor-keys-8.56.1.tgz 10915ms (cache miss)
npm http fetch GET 200 https://vltoss.jfrog.io/artifactory/api/npm/benchmark-npm-remote/jest-diff/-/jest-diff-29.7.0.tgz 10932ms (cache miss)
npm http fetch GET 200 https://jfrog-prod-use2-shared-ohio-main.s3.amazonaws.com/aol-a0eigilwc24ii/filestore/8a/8a3d9557ab2f386eca7e24760385849554985a1c?response-content-disposition=attachment%3Bfilename%3D%22svgo-3.3.5.tgz%22&response-content-type=application%2Fx-gzip&X-Artifactory-username=darcy%40vlt.sh&X-Artifactory-repoType=local&X-Artifactory-repositoryKey=benchmark-npm-remote-cache&X-Artifactory-originPackageType=npm&X-Artifactory-packageType=npm&X-Artifactory-artifactPath=svgo%2F-%2Fsvgo-3.3.5.tgz&X-Artifactory-originProjectKey=benchmark&X-Artifactory-projectKey=benchmark&X-Artifactory-originRepoType=remote&X-Artifactory-originRepositoryKey=benchmark-npm-remote&x-jf-traceId=bd3f0fb9b388b96f7aede31e60d4ae85&X-Amz-Security-Token=IQoJb3JpZ2luX2VjEKP%2F%2F%2F%2F%2F%2F%2F%2F%2F%2FwEaCXVzLWVhc3QtMiJHMEUCIQCNM1vyehYeot350c8CmRxyxANvaNL6o%2FiXftrYvN3QywIgJtJnf8Vo3mqOPxnbYHJVntu4EqNd3FL7eos1bvhYpIgqkgUIbBAAGgw3MjE4ODI2MTMwMzciDOIbxNlDwteJv9ALRirvBFhqoH1fB4CeV1H%2FaT8tH%2Fhhvom8QCtzC%2FE0AvYQHFpqf%2BH%2F3xTVGISqSZkk%2BId1FoRcSuovhtFz4ghRZqDWCvDDU6VA5wF%2BanA02u6RiQmBIxm1HzosqOTTNw7oVFrPyx2XOvnqksLRMMOmtWxIjEXCcS1b9ifWcFSRYQ80danrcAqkNkCNW%2FJw0N8co%2FhFHeZPbEVLQI89iaOYuwl091x39JAjglhNjcJkk9MbmeqB8HWamd1RnZ9GhTur%2F1LVll79ah%2BY6lV3oDRtJcptDouKM9k1YKPnIfFNjDu29oUhLKCSWF9eM7hIxA0fucpTwAbc4ARQeusYYpq%2FQpaxRDvmGSBDUJX%2Br9C6UavFnfGv5sKJ2OfdUnPIIdcTemwwLAwtc4HcatwDZEPipLqqGW0nltMEtuiZyQqrPN0ZYHheLld6eIlFHH7s0nP6QYe1jdbqnA0p1R4MKQUKBRt%2FW%2FBnMM%2FVqvglFW8t%2F1aUHuhDU2ULm%2F9p2Kw%2B3q0JKU%2FrONLPzvLcEsAwkN7x81L7qYN5GeZ7Xpq315IpRsqHloLSJAtIhmGcWnk03J%2BvoppO3iWPSSAYBRj1s91hcOKRZTxcDlxGnBEDRkgr8lURS1HCBrAXRUScaSP6gujzwTuNdAnsVmDgowcYsD499zgQvTvZI61j469co13kCwPFv6D6l9oi3P04WhprxV%2FDbab995sy%2F3G4INHiPE6%2BG3HCYOBPBNJSIimqwDvy986amweffu5t9SQTtV2v%2FEvCFhLArnsCIs%2BfbbcqvozPqUMMVaN321MXXx5afWpeYFYnQ4omoul2bc7f8J3FMODLUKirMK6%2B9dUGOpkB6DGxDtYFNfORc5JhXgm9VIJz8Z9T68V0gsInpGx8xgvijGbqRKk5zQknbWkR0OyGmFJWKIjc%2FoISOvsPVxTOXXt00cMbNTFFIrKf3sK1pReGSe336dM9gLM235Wl%2BlyUriPlDgxAh3Uv14sz8wL1nsY3bcBWTxMmaKf%2BwBafuSm366qj7Cg%2FQSgON7OTTMbH2HqlH5Hduc4S&X-Amz-Algorithm=AWS4-HMAC-SHA256&X-Amz-Date=20260930T200516Z&X-Amz-SignedHeaders=host&X-Amz-Credential=ASIA2QE4OQUW27TYEKCH%2F20260930%2Fus-east-2%2Fs3%2Faws4_request&X-Amz-Expires=30&X-Amz-Signature=df86f350245148ecfb07b747f5d339fe97d326795d26a73b6b45e3595c663094 11173ms (cache miss)
npm http fetch GET 200 https://vltoss.jfrog.io/artifactory/api/npm/benchmark-npm-remote/@yarnpkg/parsers/-/parsers-3.0.2.tgz 10975ms (cache miss)
npm http fetch GET 200 https://vltoss.jfrog.io/artifactory/api/npm/benchmark-npm-remote/@typescript-eslint/project-service/-/project-service-8.56.1.tgz 10939ms (cache miss)
npm http fetch GET 200 https://vltoss.jfrog.io/artifactory/api/npm/benchmark-npm-remote/@typescript-eslint/tsconfig-utils/-/tsconfig-utils-8.56.1.tgz 10940ms (cache miss)
npm http fetch GET 200 https://vltoss.jfrog.io/artifactory/api/npm/benchmark-npm-remote/dotenv/-/dotenv-16.4.7.tgz 10940ms (cache miss)
npm http fetch GET 200 https://vltoss.jfrog.io/artifactory/api/npm/benchmark-npm-remote/pretty-format/-/pretty-format-29.7.0.tgz 10994ms (cache miss)
npm http fetch GET 200 https://vltoss.jfrog.io/artifactory/api/npm/benchmark-npm-remote/pretty-format/-/pretty-format-29.7.0.tgz 10994ms (cache miss)
npm http fetch GET 200 https://jfrog-prod-use2-shared-ohio-main.s3.amazonaws.com/aol-a0eigilwc24ii/filestore/db/db4ecfd499a9765ab24002c3b696d02e6d32a12c?response-content-disposition=attachment%3Bfilename%3D%22quickjs-emscripten-0.23.0.tgz%22&response-content-type=application%2Fx-gzip&X-Artifactory-username=darcy%40vlt.sh&X-Artifactory-repoType=local&X-Artifactory-repositoryKey=benchmark-npm-remote-cache&X-Artifactory-originPackageType=npm&X-Artifactory-packageType=npm&X-Artifactory-artifactPath=%40tootallnate%2Fquickjs-emscripten%2F-%2Fquickjs-emscripten-0.23.0.tgz&X-Artifactory-originProjectKey=benchmark&X-Artifactory-projectKey=benchmark&X-Artifactory-originRepoType=remote&X-Artifactory-originRepositoryKey=benchmark-npm-remote&x-jf-traceId=9d3bdf529f2c22c1d4f34eb4bc6958ee&X-Amz-Security-Token=IQoJb3JpZ2luX2VjEKP%2F%2F%2F%2F%2F%2F%2F%2F%2F%2FwEaCXVzLWVhc3QtMiJHMEUCIQCNM1vyehYeot350c8CmRxyxANvaNL6o%2FiXftrYvN3QywIgJtJnf8Vo3mqOPxnbYHJVntu4EqNd3FL7eos1bvhYpIgqkgUIbBAAGgw3MjE4ODI2MTMwMzciDOIbxNlDwteJv9ALRirvBFhqoH1fB4CeV1H%2FaT8tH%2Fhhvom8QCtzC%2FE0AvYQHFpqf%2BH%2F3xTVGISqSZkk%2BId1FoRcSuovhtFz4ghRZqDWCvDDU6VA5wF%2BanA02u6RiQmBIxm1HzosqOTTNw7oVFrPyx2XOvnqksLRMMOmtWxIjEXCcS1b9ifWcFSRYQ80danrcAqkNkCNW%2FJw0N8co%2FhFHeZPbEVLQI89iaOYuwl091x39JAjglhNjcJkk9MbmeqB8HWamd1RnZ9GhTur%2F1LVll79ah%2BY6lV3oDRtJcptDouKM9k1YKPnIfFNjDu29oUhLKCSWF9eM7hIxA0fucpTwAbc4ARQeusYYpq%2FQpaxRDvmGSBDUJX%2Br9C6UavFnfGv5sKJ2OfdUnPIIdcTemwwLAwtc4HcatwDZEPipLqqGW0nltMEtuiZyQqrPN0ZYHheLld6eIlFHH7s0nP6QYe1jdbqnA0p1R4MKQUKBRt%2FW%2FBnMM%2FVqvglFW8t%2F1aUHuhDU2ULm%2F9p2Kw%2B3q0JKU%2FrONLPzvLcEsAwkN7x81L7qYN5GeZ7Xpq315IpRsqHloLSJAtIhmGcWnk03J%2BvoppO3iWPSSAYBRj1s91hcOKRZTxcDlxGnBEDRkgr8lURS1HCBrAXRUScaSP6gujzwTuNdAnsVmDgowcYsD499zgQvTvZI61j469co13kCwPFv6D6l9oi3P04WhprxV%2FDbab995sy%2F3G4INHiPE6%2BG3HCYOBPBNJSIimqwDvy986amweffu5t9SQTtV2v%2FEvCFhLArnsCIs%2BfbbcqvozPqUMMVaN321MXXx5afWpeYFYnQ4omoul2bc7f8J3FMODLUKirMK6%2B9dUGOpkB6DGxDtYFNfORc5JhXgm9VIJz8Z9T68V0gsInpGx8xgvijGbqRKk5zQknbWkR0OyGmFJWKIjc%2FoISOvsPVxTOXXt00cMbNTFFIrKf3sK1pReGSe336dM9gLM235Wl%2BlyUriPlDgxAh3Uv14sz8wL1nsY3bcBWTxMmaKf%2BwBafuSm366qj7Cg%2FQSgON7OTTMbH2HqlH5Hduc4S&X-Amz-Algorithm=AWS4-HMAC-SHA256&X-Amz-Date=20260930T200515Z&X-Amz-SignedHeaders=host&X-Amz-Credential=ASIA2QE4OQUW27TYEKCH%2F20260930%2Fus-east-2%2Fs3%2Faws4_request&X-Amz-Expires=30&X-Amz-Signature=ae120eafe6c5927b009ebe186f6736060529056a957cd8183b6a4a796623ee53 11273ms (cache miss)
npm http fetch GET 200 https://vltoss.jfrog.io/artifactory/api/npm/benchmark-npm-remote/pretty-format/-/pretty-format-29.7.0.tgz 11024ms (cache miss)
npm http fetch GET 200 https://vltoss.jfrog.io/artifactory/api/npm/benchmark-npm-remote/pretty-format/-/pretty-format-29.7.0.tgz 11023ms (cache miss)
npm http fetch GET 200 https://vltoss.jfrog.io/artifactory/api/npm/benchmark-npm-remote/@fluentui/react-jsx-runtime/-/react-jsx-runtime-9.4.6.tgz 11244ms (cache miss)
npm http fetch GET 200 https://vltoss.jfrog.io/artifactory/api/npm/benchmark-npm-remote/pretty-format/-/pretty-format-29.7.0.tgz 11053ms (cache miss)
npm http fetch GET 200 https://vltoss.jfrog.io/artifactory/api/npm/benchmark-npm-remote/fs-extra/-/fs-extra-10.1.0.tgz 11121ms (cache miss)
npm http fetch GET 200 https://vltoss.jfrog.io/artifactory/api/npm/benchmark-npm-remote/esquery/-/esquery-1.7.0.tgz 11144ms (cache miss)
npm http fetch GET 200 https://vltoss.jfrog.io/artifactory/api/npm/benchmark-npm-remote/@typescript-eslint/type-utils/-/type-utils-8.71.0.tgz 11157ms (cache miss)
npm http fetch GET 200 https://vltoss.jfrog.io/artifactory/api/npm/benchmark-npm-remote/lit-element/-/lit-element-4.2.2.tgz 11359ms (cache miss)
npm http fetch GET 200 https://vltoss.jfrog.io/artifactory/api/npm/benchmark-npm-remote/mdn-data/-/mdn-data-2.0.28.tgz 11163ms (cache miss)
npm http fetch GET 200 https://vltoss.jfrog.io/artifactory/api/npm/benchmark-npm-remote/commander/-/commander-12.1.0.tgz 11109ms (cache miss)
npm http fetch GET 200 https://vltoss.jfrog.io/artifactory/api/npm/benchmark-npm-remote/jest-diff/-/jest-diff-29.7.0.tgz 11101ms (cache miss)
npm http fetch GET 200 https://vltoss.jfrog.io/artifactory/api/npm/benchmark-npm-remote/pretty-format/-/pretty-format-29.7.0.tgz 11132ms (cache miss)
npm http fetch GET 200 https://vltoss.jfrog.io/artifactory/api/npm/benchmark-npm-remote/semver/-/semver-7.8.5.tgz 11244ms (cache miss)
npm http fetch GET 200 https://vltoss.jfrog.io/artifactory/api/npm/benchmark-npm-remote/@fluentui/react-link/-/react-link-9.8.5.tgz 11385ms (cache miss)
npm http fetch GET 200 https://vltoss.jfrog.io/artifactory/api/npm/benchmark-npm-remote/jest-worker/-/jest-worker-27.5.1.tgz 11222ms (cache miss)
npm http fetch GET 200 https://vltoss.jfrog.io/artifactory/api/npm/benchmark-npm-remote/synckit/-/synckit-0.11.13.tgz 11197ms (cache miss)
npm http fetch GET 200 https://vltoss.jfrog.io/artifactory/api/npm/benchmark-npm-remote/@typescript-eslint/types/-/types-8.56.1.tgz 11217ms (cache miss)
npm http fetch GET 200 https://vltoss.jfrog.io/artifactory/api/npm/benchmark-npm-remote/@fluentui/react-slider/-/react-slider-9.6.6.tgz 11446ms (cache miss)
npm http fetch GET 200 https://vltoss.jfrog.io/artifactory/api/npm/benchmark-npm-remote/jackspeak/-/jackspeak-3.4.3.tgz 11290ms (cache miss)
npm http fetch GET 200 https://vltoss.jfrog.io/artifactory/api/npm/benchmark-npm-remote/@fluentui/react-progress/-/react-progress-9.5.6.tgz 11478ms (cache miss)
npm http fetch GET 200 https://vltoss.jfrog.io/artifactory/api/npm/benchmark-npm-remote/argparse/-/argparse-1.0.10.tgz 11304ms (cache miss)
npm http fetch GET 200 https://vltoss.jfrog.io/artifactory/api/npm/benchmark-npm-remote/acorn/-/acorn-8.18.0.tgz 11314ms (cache miss)
npm http fetch GET 200 https://vltoss.jfrog.io/artifactory/api/npm/benchmark-npm-remote/path-scurry/-/path-scurry-1.11.1.tgz 11331ms (cache miss)
npm http fetch GET 200 https://vltoss.jfrog.io/artifactory/api/npm/benchmark-npm-remote/pretty-format/-/pretty-format-29.7.0.tgz 11285ms (cache miss)
npm http fetch GET 200 https://vltoss.jfrog.io/artifactory/api/npm/benchmark-npm-remote/argparse/-/argparse-1.0.10.tgz 11354ms (cache miss)
npm http fetch GET 200 https://vltoss.jfrog.io/artifactory/api/npm/benchmark-npm-remote/argparse/-/argparse-1.0.10.tgz 11357ms (cache miss)
npm http fetch GET 200 https://jfrog-prod-use2-shared-ohio-main.s3.amazonaws.com/aol-a0eigilwc24ii/filestore/18/18b123142832337dd6e964df1a5a7707b25d35e1?response-content-disposition=attachment%3Bfilename%3D%22lunr-2.3.9.tgz%22&response-content-type=application%2Fx-gzip&X-Artifactory-username=darcy%40vlt.sh&X-Artifactory-repoType=local&X-Artifactory-repositoryKey=benchmark-npm-remote-cache&X-Artifactory-originPackageType=npm&X-Artifactory-packageType=npm&X-Artifactory-artifactPath=lunr%2F-%2Flunr-2.3.9.tgz&X-Artifactory-originProjectKey=benchmark&X-Artifactory-projectKey=benchmark&X-Artifactory-originRepoType=remote&X-Artifactory-originRepositoryKey=benchmark-npm-remote&x-jf-traceId=67c29a20b5179b4d343915133c0f6a0a&X-Amz-Security-Token=IQoJb3JpZ2luX2VjEKT%2F%2F%2F%2F%2F%2F%2F%2F%2F%2FwEaCXVzLWVhc3QtMiJGMEQCIGE05Nq07AoTr5hDsK%2Fz9lwEUN5HM86m%2BfGPbXQZ%2FdtCAiBQ3WNO7Py4EfCz88%2FeERFKKmb7UZEFCZqnchqYH%2BYuXyqSBQhtEAAaDDcyMTg4MjYxMzAzNyIMzzm3ajtO0WT7d9hxKu8EJU%2F3xYhBBgyfL1OAyamecU1X0jbcp0RFRmbFCPK6b6eD0b5PFFjEfdD8p2cGWog5gQV9Kjt8mGbno8V9mGEdwsCam5Bbm%2FBDkKc3DzTA8%2BSnMhG%2FwVTG3cA%2BpAKXKQ8TtnY7f2EWpE%2BSko0xe1FZV0H%2FY%2FVa0EGrces6gNWg4i%2FU3ui2hWlsWfnR9Bv7se7e0ZbPO8UGGNDhQkrc1x0g%2BbUYiRIfCpVul6bwyUTqx6jGJjpe%2Bl1sDZ6YVtBp5vVLV0G428zg6IhQf1%2F7311mz9n6YqiugFZK5fGBX4Xg9YY2e25tLsXYol55bdHgA9C5Cp9iGR%2BptiHCyfiPtk56HHQKqiiLlRiQU7M8eEjJprOQ7geXQAQLluWYyUiavmlhcuJa3pIzH0YL89I44H4jPfzA5e9O7mwZRn6zzpv8jN1RFX4hh0wEtgDxV9f4VU8OTXQEhtEnPMhnwMJKIHLHg7iwN%2Fc1lTY%2BaX4dlqhMtzS%2F6TOR8oca6f33A487nGSOGEHgwTFcvaQwRSd8GEmCzHHVMR7IiKGXzfjLChYJGtnYASJWrh3sOuFDp7cpfqS95qnaCE9NfTvgz2upgtyitiIifnCLk4JanJzzKN2DFkQLyDusSU1hCoxwXf6CAm8rIdbF23HkJI96fBTS3q%2FJ4tONCPjgh7IpU0kaCFHgdXyCoggFYeYn874G9QXZdKdzKo5kNZndVrPkAgjUiPhj5xOqRSk5%2BiUsw%2Fs6basSUOKYRBNURpIYOKjMKG5vkxAXFTZ1C%2Bzh6S7ARVzg845WjzH9nj3dL9TNwRScEhl8ogAsB6%2BJPR%2Fas05DTUC%2F7Nww%2Btb11QY6mgFuIXjUuJ1WiwOBL9NuEk6J3Raj8HIzuVWCggs4ILK0u0BDsDuUVlMwkNOHbsn4yLOBiD15bDxxi15B6oIbihBOqb0XjdnJtW6oYPTP%2FgSxD%2F3o7HYpkZJCBR7YmsIaaSJvBjG5m%2FUsJpbdBj%2BkC9lzNLqjIC37ZnVhmQ28RRyt5Fi%2FOsECLLOIc13O6Nk7NXpxGz3sA9MbSK7g&X-Amz-Algorithm=AWS4-HMAC-SHA256&X-Amz-Date=20260930T200517Z&X-Amz-SignedHeaders=host&X-Amz-Credential=ASIA2QE4OQUW7N476K6D%2F20260930%2Fus-east-2%2Fs3%2Faws4_request&X-Amz-Expires=30&X-Amz-Signature=dcd87a24176726d79bcdcc04ec8c311a19f5e3971fb17966ee52eaa5358fa5dc 11511ms (cache miss)
npm http fetch GET 200 https://vltoss.jfrog.io/artifactory/api/npm/benchmark-npm-remote/@memlab/heap-analysis/-/heap-analysis-1.0.40.tgz 11617ms (cache miss)
npm http fetch GET 200 https://vltoss.jfrog.io/artifactory/api/npm/benchmark-npm-remote/@fluentui/react-provider/-/react-provider-9.22.21.tgz 11578ms (cache miss)
npm http fetch GET 200 https://jfrog-prod-use2-shared-ohio-main.s3.amazonaws.com/aol-a0eigilwc24ii/filestore/f3/f3f4686d0874a544ce5497380f132d8b675b4e59?response-content-disposition=attachment%3Bfilename%3D%22rollup-4.63.5.tgz%22&response-content-type=application%2Fx-gzip&X-Artifactory-username=darcy%40vlt.sh&X-Artifactory-repoType=local&X-Artifactory-repositoryKey=benchmark-npm-remote-cache&X-Artifactory-originPackageType=npm&X-Artifactory-packageType=npm&X-Artifactory-artifactPath=rollup%2F-%2Frollup-4.63.5.tgz&X-Artifactory-originProjectKey=benchmark&X-Artifactory-projectKey=benchmark&X-Artifactory-originRepoType=remote&X-Artifactory-originRepositoryKey=benchmark-npm-remote&x-jf-traceId=fab89482cf6fac1c9b03772985b090cf&X-Amz-Security-Token=IQoJb3JpZ2luX2VjEKT%2F%2F%2F%2F%2F%2F%2F%2F%2F%2FwEaCXVzLWVhc3QtMiJGMEQCIGE05Nq07AoTr5hDsK%2Fz9lwEUN5HM86m%2BfGPbXQZ%2FdtCAiBQ3WNO7Py4EfCz88%2FeERFKKmb7UZEFCZqnchqYH%2BYuXyqSBQhtEAAaDDcyMTg4MjYxMzAzNyIMzzm3ajtO0WT7d9hxKu8EJU%2F3xYhBBgyfL1OAyamecU1X0jbcp0RFRmbFCPK6b6eD0b5PFFjEfdD8p2cGWog5gQV9Kjt8mGbno8V9mGEdwsCam5Bbm%2FBDkKc3DzTA8%2BSnMhG%2FwVTG3cA%2BpAKXKQ8TtnY7f2EWpE%2BSko0xe1FZV0H%2FY%2FVa0EGrces6gNWg4i%2FU3ui2hWlsWfnR9Bv7se7e0ZbPO8UGGNDhQkrc1x0g%2BbUYiRIfCpVul6bwyUTqx6jGJjpe%2Bl1sDZ6YVtBp5vVLV0G428zg6IhQf1%2F7311mz9n6YqiugFZK5fGBX4Xg9YY2e25tLsXYol55bdHgA9C5Cp9iGR%2BptiHCyfiPtk56HHQKqiiLlRiQU7M8eEjJprOQ7geXQAQLluWYyUiavmlhcuJa3pIzH0YL89I44H4jPfzA5e9O7mwZRn6zzpv8jN1RFX4hh0wEtgDxV9f4VU8OTXQEhtEnPMhnwMJKIHLHg7iwN%2Fc1lTY%2BaX4dlqhMtzS%2F6TOR8oca6f33A487nGSOGEHgwTFcvaQwRSd8GEmCzHHVMR7IiKGXzfjLChYJGtnYASJWrh3sOuFDp7cpfqS95qnaCE9NfTvgz2upgtyitiIifnCLk4JanJzzKN2DFkQLyDusSU1hCoxwXf6CAm8rIdbF23HkJI96fBTS3q%2FJ4tONCPjgh7IpU0kaCFHgdXyCoggFYeYn874G9QXZdKdzKo5kNZndVrPkAgjUiPhj5xOqRSk5%2BiUsw%2Fs6basSUOKYRBNURpIYOKjMKG5vkxAXFTZ1C%2Bzh6S7ARVzg845WjzH9nj3dL9TNwRScEhl8ogAsB6%2BJPR%2Fas05DTUC%2F7Nww%2Btb11QY6mgFuIXjUuJ1WiwOBL9NuEk6J3Raj8HIzuVWCggs4ILK0u0BDsDuUVlMwkNOHbsn4yLOBiD15bDxxi15B6oIbihBOqb0XjdnJtW6oYPTP%2FgSxD%2F3o7HYpkZJCBR7YmsIaaSJvBjG5m%2FUsJpbdBj%2BkC9lzNLqjIC37ZnVhmQ28RRyt5Fi%2FOsECLLOIc13O6Nk7NXpxGz3sA9MbSK7g&X-Amz-Algorithm=AWS4-HMAC-SHA256&X-Amz-Date=20260930T200517Z&X-Amz-SignedHeaders=host&X-Amz-Credential=ASIA2QE4OQUW7N476K6D%2F20260930%2Fus-east-2%2Fs3%2Faws4_request&X-Amz-Expires=30&X-Amz-Signature=e29e116be1686827c05b33d96459e5ad8f9b9dc96946d281abf60e231728dd8d 11593ms (cache miss)
npm http fetch GET 200 https://jfrog-prod-use2-shared-ohio-main.s3.amazonaws.com/aol-a0eigilwc24ii/filestore/8e/8e44fb14a2643c59726bb15787b5f1512cb3d3fb?response-content-disposition=attachment%3Bfilename%3D%22js-yaml-4.3.2.tgz%22&response-content-type=application%2Fx-gzip&X-Artifactory-username=darcy%40vlt.sh&X-Artifactory-repoType=local&X-Artifactory-repositoryKey=benchmark-npm-remote-cache&X-Artifactory-originPackageType=npm&X-Artifactory-packageType=npm&X-Artifactory-artifactPath=js-yaml%2F-%2Fjs-yaml-4.3.2.tgz&X-Artifactory-originProjectKey=benchmark&X-Artifactory-projectKey=benchmark&X-Artifactory-originRepoType=remote&X-Artifactory-originRepositoryKey=benchmark-npm-remote&x-jf-traceId=3f5e6d043f7ddac09c2c4dcae5f4f072&X-Amz-Security-Token=IQoJb3JpZ2luX2VjEKP%2F%2F%2F%2F%2F%2F%2F%2F%2F%2FwEaCXVzLWVhc3QtMiJHMEUCIQCNM1vyehYeot350c8CmRxyxANvaNL6o%2FiXftrYvN3QywIgJtJnf8Vo3mqOPxnbYHJVntu4EqNd3FL7eos1bvhYpIgqkgUIbBAAGgw3MjE4ODI2MTMwMzciDOIbxNlDwteJv9ALRirvBFhqoH1fB4CeV1H%2FaT8tH%2Fhhvom8QCtzC%2FE0AvYQHFpqf%2BH%2F3xTVGISqSZkk%2BId1FoRcSuovhtFz4ghRZqDWCvDDU6VA5wF%2BanA02u6RiQmBIxm1HzosqOTTNw7oVFrPyx2XOvnqksLRMMOmtWxIjEXCcS1b9ifWcFSRYQ80danrcAqkNkCNW%2FJw0N8co%2FhFHeZPbEVLQI89iaOYuwl091x39JAjglhNjcJkk9MbmeqB8HWamd1RnZ9GhTur%2F1LVll79ah%2BY6lV3oDRtJcptDouKM9k1YKPnIfFNjDu29oUhLKCSWF9eM7hIxA0fucpTwAbc4ARQeusYYpq%2FQpaxRDvmGSBDUJX%2Br9C6UavFnfGv5sKJ2OfdUnPIIdcTemwwLAwtc4HcatwDZEPipLqqGW0nltMEtuiZyQqrPN0ZYHheLld6eIlFHH7s0nP6QYe1jdbqnA0p1R4MKQUKBRt%2FW%2FBnMM%2FVqvglFW8t%2F1aUHuhDU2ULm%2F9p2Kw%2B3q0JKU%2FrONLPzvLcEsAwkN7x81L7qYN5GeZ7Xpq315IpRsqHloLSJAtIhmGcWnk03J%2BvoppO3iWPSSAYBRj1s91hcOKRZTxcDlxGnBEDRkgr8lURS1HCBrAXRUScaSP6gujzwTuNdAnsVmDgowcYsD499zgQvTvZI61j469co13kCwPFv6D6l9oi3P04WhprxV%2FDbab995sy%2F3G4INHiPE6%2BG3HCYOBPBNJSIimqwDvy986amweffu5t9SQTtV2v%2FEvCFhLArnsCIs%2BfbbcqvozPqUMMVaN321MXXx5afWpeYFYnQ4omoul2bc7f8J3FMODLUKirMK6%2B9dUGOpkB6DGxDtYFNfORc5JhXgm9VIJz8Z9T68V0gsInpGx8xgvijGbqRKk5zQknbWkR0OyGmFJWKIjc%2FoISOvsPVxTOXXt00cMbNTFFIrKf3sK1pReGSe336dM9gLM235Wl%2BlyUriPlDgxAh3Uv14sz8wL1nsY3bcBWTxMmaKf%2BwBafuSm366qj7Cg%2FQSgON7OTTMbH2HqlH5Hduc4S&X-Amz-Algorithm=AWS4-HMAC-SHA256&X-Amz-Date=20260930T200520Z&X-Amz-SignedHeaders=host&X-Amz-Credential=ASIA2QE4OQUW27TYEKCH%2F20260930%2Fus-east-2%2Fs3%2Faws4_request&X-Amz-Expires=30&X-Amz-Signature=b20e5cedd75bb2f4925d81cd3cfe7e1bdf3553daa2a146025178eeeda41ec1d7 11491ms (cache miss)
npm http fetch GET 200 https://jfrog-prod-use2-shared-ohio-main.s3.amazonaws.com/aol-a0eigilwc24ii/filestore/85/85a164db7ce706f2a776812efa2b340f1721858e?response-content-disposition=attachment%3Bfilename%3D%22vite-6.4.3.tgz%22&response-content-type=application%2Fx-gzip&X-Artifactory-username=darcy%40vlt.sh&X-Artifactory-repoType=local&X-Artifactory-repositoryKey=benchmark-npm-remote-cache&X-Artifactory-originPackageType=npm&X-Artifactory-packageType=npm&X-Artifactory-artifactPath=vite%2F-%2Fvite-6.4.3.tgz&X-Artifactory-originProjectKey=benchmark&X-Artifactory-projectKey=benchmark&X-Artifactory-originRepoType=remote&X-Artifactory-originRepositoryKey=benchmark-npm-remote&x-jf-traceId=9e4fe83a3dbeae078d92df2754576a18&X-Amz-Security-Token=IQoJb3JpZ2luX2VjEKP%2F%2F%2F%2F%2F%2F%2F%2F%2F%2FwEaCXVzLWVhc3QtMiJHMEUCIQCNM1vyehYeot350c8CmRxyxANvaNL6o%2FiXftrYvN3QywIgJtJnf8Vo3mqOPxnbYHJVntu4EqNd3FL7eos1bvhYpIgqkgUIbBAAGgw3MjE4ODI2MTMwMzciDOIbxNlDwteJv9ALRirvBFhqoH1fB4CeV1H%2FaT8tH%2Fhhvom8QCtzC%2FE0AvYQHFpqf%2BH%2F3xTVGISqSZkk%2BId1FoRcSuovhtFz4ghRZqDWCvDDU6VA5wF%2BanA02u6RiQmBIxm1HzosqOTTNw7oVFrPyx2XOvnqksLRMMOmtWxIjEXCcS1b9ifWcFSRYQ80danrcAqkNkCNW%2FJw0N8co%2FhFHeZPbEVLQI89iaOYuwl091x39JAjglhNjcJkk9MbmeqB8HWamd1RnZ9GhTur%2F1LVll79ah%2BY6lV3oDRtJcptDouKM9k1YKPnIfFNjDu29oUhLKCSWF9eM7hIxA0fucpTwAbc4ARQeusYYpq%2FQpaxRDvmGSBDUJX%2Br9C6UavFnfGv5sKJ2OfdUnPIIdcTemwwLAwtc4HcatwDZEPipLqqGW0nltMEtuiZyQqrPN0ZYHheLld6eIlFHH7s0nP6QYe1jdbqnA0p1R4MKQUKBRt%2FW%2FBnMM%2FVqvglFW8t%2F1aUHuhDU2ULm%2F9p2Kw%2B3q0JKU%2FrONLPzvLcEsAwkN7x81L7qYN5GeZ7Xpq315IpRsqHloLSJAtIhmGcWnk03J%2BvoppO3iWPSSAYBRj1s91hcOKRZTxcDlxGnBEDRkgr8lURS1HCBrAXRUScaSP6gujzwTuNdAnsVmDgowcYsD499zgQvTvZI61j469co13kCwPFv6D6l9oi3P04WhprxV%2FDbab995sy%2F3G4INHiPE6%2BG3HCYOBPBNJSIimqwDvy986amweffu5t9SQTtV2v%2FEvCFhLArnsCIs%2BfbbcqvozPqUMMVaN321MXXx5afWpeYFYnQ4omoul2bc7f8J3FMODLUKirMK6%2B9dUGOpkB6DGxDtYFNfORc5JhXgm9VIJz8Z9T68V0gsInpGx8xgvijGbqRKk5zQknbWkR0OyGmFJWKIjc%2FoISOvsPVxTOXXt00cMbNTFFIrKf3sK1pReGSe336dM9gLM235Wl%2BlyUriPlDgxAh3Uv14sz8wL1nsY3bcBWTxMmaKf%2BwBafuSm366qj7Cg%2FQSgON7OTTMbH2HqlH5Hduc4S&X-Amz-Algorithm=AWS4-HMAC-SHA256&X-Amz-Date=20260930T200517Z&X-Amz-SignedHeaders=host&X-Amz-Credential=ASIA2QE4OQUW27TYEKCH%2F20260930%2Fus-east-2%2Fs3%2Faws4_request&X-Amz-Expires=30&X-Amz-Signature=4517a4510f1d16dd6cff673e7cf96456b1256fd1c4563dfb7d44cef1410ff676 11613ms (cache miss)
npm http fetch GET 200 https://vltoss.jfrog.io/artifactory/api/npm/benchmark-npm-remote/@fluentui/react-spinbutton/-/react-spinbutton-9.6.7.tgz 11663ms (cache miss)
npm http fetch GET 200 https://vltoss.jfrog.io/artifactory/api/npm/benchmark-npm-remote/puppeteer/-/puppeteer-22.15.0.tgz 11667ms (cache miss)
npm warn deprecated puppeteer@22.15.0: < 24.15.0 is no longer supported
npm http fetch GET 200 https://vltoss.jfrog.io/artifactory/api/npm/benchmark-npm-remote/argparse/-/argparse-1.0.10.tgz 11506ms (cache miss)
npm http fetch GET 200 https://vltoss.jfrog.io/artifactory/api/npm/benchmark-npm-remote/serve-index/-/serve-index-1.9.2.tgz 11778ms (cache miss)
npm http fetch GET 200 https://vltoss.jfrog.io/artifactory/api/npm/benchmark-npm-remote/acorn/-/acorn-8.18.0.tgz 11533ms (cache miss)
npm http fetch GET 200 https://vltoss.jfrog.io/artifactory/api/npm/benchmark-npm-remote/@fluentui/react-tooltip/-/react-tooltip-9.10.7.tgz 11744ms (cache miss)
npm http fetch GET 200 https://vltoss.jfrog.io/artifactory/api/npm/benchmark-npm-remote/async/-/async-3.2.6.tgz 11725ms (cache miss)
npm http fetch GET 200 https://vltoss.jfrog.io/artifactory/api/npm/benchmark-npm-remote/istanbul-reports/-/istanbul-reports-3.2.0.tgz 11655ms (cache miss)
npm http fetch GET 200 https://vltoss.jfrog.io/artifactory/api/npm/benchmark-npm-remote/@eslint/eslintrc/-/eslintrc-3.3.7.tgz 11626ms (cache miss)
npm http fetch GET 200 https://vltoss.jfrog.io/artifactory/api/npm/benchmark-npm-remote/uuid/-/uuid-8.3.2.tgz 11836ms (cache miss)
npm warn deprecated uuid@8.3.2: uuid@10 and below is no longer supported.  For ESM codebases, update to uuid@latest.  For CommonJS codebases, use uuid@11 (but be aware this version will likely be deprecated in 2028).
npm http fetch GET 200 https://vltoss.jfrog.io/artifactory/api/npm/benchmark-npm-remote/renderkid/-/renderkid-3.0.0.tgz 11975ms (cache miss)
npm http fetch GET 200 https://vltoss.jfrog.io/artifactory/api/npm/benchmark-npm-remote/@fluentui/react-field/-/react-field-9.5.5.tgz 11928ms (cache miss)
npm http fetch GET 200 https://jfrog-prod-use2-shared-ohio-main.s3.amazonaws.com/aol-a0eigilwc24ii/filestore/55/555912425a7f2ff7737425c3718fa76c7069f6ef?response-content-disposition=attachment%3Bfilename%3D%22terser-5.51.2.tgz%22&response-content-type=application%2Fx-gzip&X-Artifactory-username=darcy%40vlt.sh&X-Artifactory-repoType=local&X-Artifactory-repositoryKey=benchmark-npm-remote-cache&X-Artifactory-originPackageType=npm&X-Artifactory-packageType=npm&X-Artifactory-artifactPath=terser%2F-%2Fterser-5.51.2.tgz&X-Artifactory-originProjectKey=benchmark&X-Artifactory-projectKey=benchmark&X-Artifactory-originRepoType=remote&X-Artifactory-originRepositoryKey=benchmark-npm-remote&x-jf-traceId=5ea6b07d4052c3f3a66ea2273184d4c6&X-Amz-Security-Token=IQoJb3JpZ2luX2VjEKT%2F%2F%2F%2F%2F%2F%2F%2F%2F%2FwEaCXVzLWVhc3QtMiJGMEQCIGE05Nq07AoTr5hDsK%2Fz9lwEUN5HM86m%2BfGPbXQZ%2FdtCAiBQ3WNO7Py4EfCz88%2FeERFKKmb7UZEFCZqnchqYH%2BYuXyqSBQhtEAAaDDcyMTg4MjYxMzAzNyIMzzm3ajtO0WT7d9hxKu8EJU%2F3xYhBBgyfL1OAyamecU1X0jbcp0RFRmbFCPK6b6eD0b5PFFjEfdD8p2cGWog5gQV9Kjt8mGbno8V9mGEdwsCam5Bbm%2FBDkKc3DzTA8%2BSnMhG%2FwVTG3cA%2BpAKXKQ8TtnY7f2EWpE%2BSko0xe1FZV0H%2FY%2FVa0EGrces6gNWg4i%2FU3ui2hWlsWfnR9Bv7se7e0ZbPO8UGGNDhQkrc1x0g%2BbUYiRIfCpVul6bwyUTqx6jGJjpe%2Bl1sDZ6YVtBp5vVLV0G428zg6IhQf1%2F7311mz9n6YqiugFZK5fGBX4Xg9YY2e25tLsXYol55bdHgA9C5Cp9iGR%2BptiHCyfiPtk56HHQKqiiLlRiQU7M8eEjJprOQ7geXQAQLluWYyUiavmlhcuJa3pIzH0YL89I44H4jPfzA5e9O7mwZRn6zzpv8jN1RFX4hh0wEtgDxV9f4VU8OTXQEhtEnPMhnwMJKIHLHg7iwN%2Fc1lTY%2BaX4dlqhMtzS%2F6TOR8oca6f33A487nGSOGEHgwTFcvaQwRSd8GEmCzHHVMR7IiKGXzfjLChYJGtnYASJWrh3sOuFDp7cpfqS95qnaCE9NfTvgz2upgtyitiIifnCLk4JanJzzKN2DFkQLyDusSU1hCoxwXf6CAm8rIdbF23HkJI96fBTS3q%2FJ4tONCPjgh7IpU0kaCFHgdXyCoggFYeYn874G9QXZdKdzKo5kNZndVrPkAgjUiPhj5xOqRSk5%2BiUsw%2Fs6basSUOKYRBNURpIYOKjMKG5vkxAXFTZ1C%2Bzh6S7ARVzg845WjzH9nj3dL9TNwRScEhl8ogAsB6%2BJPR%2Fas05DTUC%2F7Nww%2Btb11QY6mgFuIXjUuJ1WiwOBL9NuEk6J3Raj8HIzuVWCggs4ILK0u0BDsDuUVlMwkNOHbsn4yLOBiD15bDxxi15B6oIbihBOqb0XjdnJtW6oYPTP%2FgSxD%2F3o7HYpkZJCBR7YmsIaaSJvBjG5m%2FUsJpbdBj%2BkC9lzNLqjIC37ZnVhmQ28RRyt5Fi%2FOsECLLOIc13O6Nk7NXpxGz3sA9MbSK7g&X-Amz-Algorithm=AWS4-HMAC-SHA256&X-Amz-Date=20260930T200517Z&X-Amz-SignedHeaders=host&X-Amz-Credential=ASIA2QE4OQUW7N476K6D%2F20260930%2Fus-east-2%2Fs3%2Faws4_request&X-Amz-Expires=30&X-Amz-Signature=f9292a037338e611f922e955f9a6deaed63d43f94cf3529383173501de041d83 11908ms (cache miss)
npm http fetch GET 200 https://vltoss.jfrog.io/artifactory/api/npm/benchmark-npm-remote/pngjs/-/pngjs-6.0.0.tgz 11782ms (cache miss)
npm http fetch GET 200 https://vltoss.jfrog.io/artifactory/api/npm/benchmark-npm-remote/yargs/-/yargs-17.7.3.tgz 11879ms (cache miss)
npm http fetch GET 200 https://vltoss.jfrog.io/artifactory/api/npm/benchmark-npm-remote/@jsonjoy.com/base64/-/base64-17.67.0.tgz 11819ms (cache miss)
npm http fetch GET 200 https://vltoss.jfrog.io/artifactory/api/npm/benchmark-npm-remote/jest-util/-/jest-util-27.5.1.tgz 11764ms (cache miss)
npm http fetch GET 200 https://vltoss.jfrog.io/artifactory/api/npm/benchmark-npm-remote/@peculiar/utils/-/utils-2.0.3.tgz 12099ms (cache miss)
npm http fetch GET 200 https://vltoss.jfrog.io/artifactory/api/npm/benchmark-npm-remote/enquirer/-/enquirer-2.3.6.tgz 11924ms (cache miss)
npm http fetch GET 200 https://vltoss.jfrog.io/artifactory/api/npm/benchmark-npm-remote/@babel/generator/-/generator-7.29.8.tgz 11978ms (cache miss)
npm http fetch GET 200 https://vltoss.jfrog.io/artifactory/api/npm/benchmark-npm-remote/winston/-/winston-3.13.0.tgz 11941ms (cache miss)
npm http fetch GET 200 https://vltoss.jfrog.io/artifactory/api/npm/benchmark-npm-remote/canvas/-/canvas-3.2.3.tgz 11937ms (cache miss)
npm http fetch GET 200 https://vltoss.jfrog.io/artifactory/api/npm/benchmark-npm-remote/@tybys/wasm-util/-/wasm-util-0.9.0.tgz 12029ms (cache miss)
npm http fetch GET 200 https://vltoss.jfrog.io/artifactory/api/npm/benchmark-npm-remote/@jsonjoy.com/json-pointer/-/json-pointer-17.67.0.tgz 11949ms (cache miss)
npm http fetch GET 200 https://jfrog-prod-use2-shared-ohio-main.s3.amazonaws.com/aol-a0eigilwc24ii/filestore/f9/f962d687ec2c369570ae71af843256e6d0ca1129?response-content-disposition=attachment%3Bfilename%3D%22blessed-0.1.81.tgz%22&response-content-type=application%2Fx-gzip&X-Artifactory-username=darcy%40vlt.sh&X-Artifactory-repoType=local&X-Artifactory-repositoryKey=benchmark-npm-remote-cache&X-Artifactory-originPackageType=npm&X-Artifactory-packageType=npm&X-Artifactory-artifactPath=blessed%2F-%2Fblessed-0.1.81.tgz&X-Artifactory-originProjectKey=benchmark&X-Artifactory-projectKey=benchmark&X-Artifactory-originRepoType=remote&X-Artifactory-originRepositoryKey=benchmark-npm-remote&x-jf-traceId=b8705dc9ffb7f4057cafe651ff0fc854&X-Amz-Security-Token=IQoJb3JpZ2luX2VjEKP%2F%2F%2F%2F%2F%2F%2F%2F%2F%2FwEaCXVzLWVhc3QtMiJHMEUCIQCNM1vyehYeot350c8CmRxyxANvaNL6o%2FiXftrYvN3QywIgJtJnf8Vo3mqOPxnbYHJVntu4EqNd3FL7eos1bvhYpIgqkgUIbBAAGgw3MjE4ODI2MTMwMzciDOIbxNlDwteJv9ALRirvBFhqoH1fB4CeV1H%2FaT8tH%2Fhhvom8QCtzC%2FE0AvYQHFpqf%2BH%2F3xTVGISqSZkk%2BId1FoRcSuovhtFz4ghRZqDWCvDDU6VA5wF%2BanA02u6RiQmBIxm1HzosqOTTNw7oVFrPyx2XOvnqksLRMMOmtWxIjEXCcS1b9ifWcFSRYQ80danrcAqkNkCNW%2FJw0N8co%2FhFHeZPbEVLQI89iaOYuwl091x39JAjglhNjcJkk9MbmeqB8HWamd1RnZ9GhTur%2F1LVll79ah%2BY6lV3oDRtJcptDouKM9k1YKPnIfFNjDu29oUhLKCSWF9eM7hIxA0fucpTwAbc4ARQeusYYpq%2FQpaxRDvmGSBDUJX%2Br9C6UavFnfGv5sKJ2OfdUnPIIdcTemwwLAwtc4HcatwDZEPipLqqGW0nltMEtuiZyQqrPN0ZYHheLld6eIlFHH7s0nP6QYe1jdbqnA0p1R4MKQUKBRt%2FW%2FBnMM%2FVqvglFW8t%2F1aUHuhDU2ULm%2F9p2Kw%2B3q0JKU%2FrONLPzvLcEsAwkN7x81L7qYN5GeZ7Xpq315IpRsqHloLSJAtIhmGcWnk03J%2BvoppO3iWPSSAYBRj1s91hcOKRZTxcDlxGnBEDRkgr8lURS1HCBrAXRUScaSP6gujzwTuNdAnsVmDgowcYsD499zgQvTvZI61j469co13kCwPFv6D6l9oi3P04WhprxV%2FDbab995sy%2F3G4INHiPE6%2BG3HCYOBPBNJSIimqwDvy986amweffu5t9SQTtV2v%2FEvCFhLArnsCIs%2BfbbcqvozPqUMMVaN321MXXx5afWpeYFYnQ4omoul2bc7f8J3FMODLUKirMK6%2B9dUGOpkB6DGxDtYFNfORc5JhXgm9VIJz8Z9T68V0gsInpGx8xgvijGbqRKk5zQknbWkR0OyGmFJWKIjc%2FoISOvsPVxTOXXt00cMbNTFFIrKf3sK1pReGSe336dM9gLM235Wl%2BlyUriPlDgxAh3Uv14sz8wL1nsY3bcBWTxMmaKf%2BwBafuSm366qj7Cg%2FQSgON7OTTMbH2HqlH5Hduc4S&X-Amz-Algorithm=AWS4-HMAC-SHA256&X-Amz-Date=20260930T200515Z&X-Amz-SignedHeaders=host&X-Amz-Credential=ASIA2QE4OQUW27TYEKCH%2F20260930%2Fus-east-2%2Fs3%2Faws4_request&X-Amz-Expires=30&X-Amz-Signature=d7b488e90dff284a5bdec3d45b674db0b713893d77789947876dc26b7313c817 12211ms (cache miss)
npm http fetch GET 200 https://vltoss.jfrog.io/artifactory/api/npm/benchmark-npm-remote/iconv-lite/-/iconv-lite-0.4.24.tgz 12048ms (cache miss)
npm http fetch GET 200 https://vltoss.jfrog.io/artifactory/api/npm/benchmark-npm-remote/@bcoe/v8-coverage/-/v8-coverage-0.2.3.tgz 12118ms (cache miss)
npm http fetch GET 200 https://vltoss.jfrog.io/artifactory/api/npm/benchmark-npm-remote/iconv-lite/-/iconv-lite-0.4.24.tgz 12075ms (cache miss)
npm http fetch GET 200 https://vltoss.jfrog.io/artifactory/api/npm/benchmark-npm-remote/isexe/-/isexe-3.1.5.tgz 12076ms (cache miss)
npm http fetch GET 200 https://vltoss.jfrog.io/artifactory/api/npm/benchmark-npm-remote/semver/-/semver-7.7.4.tgz 12100ms (cache miss)
npm http fetch GET 200 https://vltoss.jfrog.io/artifactory/api/npm/benchmark-npm-remote/eslint-plugin-github/-/eslint-plugin-github-6.1.2.tgz 12202ms (cache miss)
npm http fetch GET 200 https://vltoss.jfrog.io/artifactory/api/npm/benchmark-npm-remote/lru-cache/-/lru-cache-10.4.3.tgz 12178ms (cache miss)
npm http fetch GET 200 https://jfrog-prod-use2-shared-ohio-main.s3.amazonaws.com/aol-a0eigilwc24ii/filestore/08/087e0555b31b9725ee48ca7e77edc56115cd82f7?response-content-disposition=attachment%3Bfilename%3D%22tldts-6.1.86.tgz%22&response-content-type=application%2Fx-gzip&X-Artifactory-username=darcy%40vlt.sh&X-Artifactory-repoType=local&X-Artifactory-repositoryKey=benchmark-npm-remote-cache&X-Artifactory-originPackageType=npm&X-Artifactory-packageType=npm&X-Artifactory-artifactPath=tldts%2F-%2Ftldts-6.1.86.tgz&X-Artifactory-originProjectKey=benchmark&X-Artifactory-projectKey=benchmark&X-Artifactory-originRepoType=remote&X-Artifactory-originRepositoryKey=benchmark-npm-remote&x-jf-traceId=73eb95b0ae9d31e81ea7a875d8c572f7&X-Amz-Security-Token=IQoJb3JpZ2luX2VjEKP%2F%2F%2F%2F%2F%2F%2F%2F%2F%2FwEaCXVzLWVhc3QtMiJHMEUCIQCNM1vyehYeot350c8CmRxyxANvaNL6o%2FiXftrYvN3QywIgJtJnf8Vo3mqOPxnbYHJVntu4EqNd3FL7eos1bvhYpIgqkgUIbBAAGgw3MjE4ODI2MTMwMzciDOIbxNlDwteJv9ALRirvBFhqoH1fB4CeV1H%2FaT8tH%2Fhhvom8QCtzC%2FE0AvYQHFpqf%2BH%2F3xTVGISqSZkk%2BId1FoRcSuovhtFz4ghRZqDWCvDDU6VA5wF%2BanA02u6RiQmBIxm1HzosqOTTNw7oVFrPyx2XOvnqksLRMMOmtWxIjEXCcS1b9ifWcFSRYQ80danrcAqkNkCNW%2FJw0N8co%2FhFHeZPbEVLQI89iaOYuwl091x39JAjglhNjcJkk9MbmeqB8HWamd1RnZ9GhTur%2F1LVll79ah%2BY6lV3oDRtJcptDouKM9k1YKPnIfFNjDu29oUhLKCSWF9eM7hIxA0fucpTwAbc4ARQeusYYpq%2FQpaxRDvmGSBDUJX%2Br9C6UavFnfGv5sKJ2OfdUnPIIdcTemwwLAwtc4HcatwDZEPipLqqGW0nltMEtuiZyQqrPN0ZYHheLld6eIlFHH7s0nP6QYe1jdbqnA0p1R4MKQUKBRt%2FW%2FBnMM%2FVqvglFW8t%2F1aUHuhDU2ULm%2F9p2Kw%2B3q0JKU%2FrONLPzvLcEsAwkN7x81L7qYN5GeZ7Xpq315IpRsqHloLSJAtIhmGcWnk03J%2BvoppO3iWPSSAYBRj1s91hcOKRZTxcDlxGnBEDRkgr8lURS1HCBrAXRUScaSP6gujzwTuNdAnsVmDgowcYsD499zgQvTvZI61j469co13kCwPFv6D6l9oi3P04WhprxV%2FDbab995sy%2F3G4INHiPE6%2BG3HCYOBPBNJSIimqwDvy986amweffu5t9SQTtV2v%2FEvCFhLArnsCIs%2BfbbcqvozPqUMMVaN321MXXx5afWpeYFYnQ4omoul2bc7f8J3FMODLUKirMK6%2B9dUGOpkB6DGxDtYFNfORc5JhXgm9VIJz8Z9T68V0gsInpGx8xgvijGbqRKk5zQknbWkR0OyGmFJWKIjc%2FoISOvsPVxTOXXt00cMbNTFFIrKf3sK1pReGSe336dM9gLM235Wl%2BlyUriPlDgxAh3Uv14sz8wL1nsY3bcBWTxMmaKf%2BwBafuSm366qj7Cg%2FQSgON7OTTMbH2HqlH5Hduc4S&X-Amz-Algorithm=AWS4-HMAC-SHA256&X-Amz-Date=20260930T200518Z&X-Amz-SignedHeaders=host&X-Amz-Credential=ASIA2QE4OQUW27TYEKCH%2F20260930%2Fus-east-2%2Fs3%2Faws4_request&X-Amz-Expires=30&X-Amz-Signature=f1864bb2deaadbac3ff45a0b5291fbef98f9b9bef474a7f9e3cb016ac3920001 12325ms (cache miss)
npm http fetch GET 200 https://jfrog-prod-use2-shared-ohio-main.s3.amazonaws.com/aol-a0eigilwc24ii/filestore/83/8319ab55d49f78f1407bbd1aad90f868642994b9?response-content-disposition=attachment%3Bfilename%3D%22havok-1.3.14.tgz%22&response-content-type=application%2Fx-gzip&X-Artifactory-username=darcy%40vlt.sh&X-Artifactory-repoType=local&X-Artifactory-repositoryKey=benchmark-npm-remote-cache&X-Artifactory-originPackageType=npm&X-Artifactory-packageType=npm&X-Artifactory-artifactPath=%40babylonjs%2Fhavok%2F-%2Fhavok-1.3.14.tgz&X-Artifactory-originProjectKey=benchmark&X-Artifactory-projectKey=benchmark&X-Artifactory-originRepoType=remote&X-Artifactory-originRepositoryKey=benchmark-npm-remote&x-jf-traceId=0fc7f0a171d5565fd0a10fda676ae845&X-Amz-Security-Token=IQoJb3JpZ2luX2VjEKP%2F%2F%2F%2F%2F%2F%2F%2F%2F%2FwEaCXVzLWVhc3QtMiJHMEUCIQCNM1vyehYeot350c8CmRxyxANvaNL6o%2FiXftrYvN3QywIgJtJnf8Vo3mqOPxnbYHJVntu4EqNd3FL7eos1bvhYpIgqkgUIbBAAGgw3MjE4ODI2MTMwMzciDOIbxNlDwteJv9ALRirvBFhqoH1fB4CeV1H%2FaT8tH%2Fhhvom8QCtzC%2FE0AvYQHFpqf%2BH%2F3xTVGISqSZkk%2BId1FoRcSuovhtFz4ghRZqDWCvDDU6VA5wF%2BanA02u6RiQmBIxm1HzosqOTTNw7oVFrPyx2XOvnqksLRMMOmtWxIjEXCcS1b9ifWcFSRYQ80danrcAqkNkCNW%2FJw0N8co%2FhFHeZPbEVLQI89iaOYuwl091x39JAjglhNjcJkk9MbmeqB8HWamd1RnZ9GhTur%2F1LVll79ah%2BY6lV3oDRtJcptDouKM9k1YKPnIfFNjDu29oUhLKCSWF9eM7hIxA0fucpTwAbc4ARQeusYYpq%2FQpaxRDvmGSBDUJX%2Br9C6UavFnfGv5sKJ2OfdUnPIIdcTemwwLAwtc4HcatwDZEPipLqqGW0nltMEtuiZyQqrPN0ZYHheLld6eIlFHH7s0nP6QYe1jdbqnA0p1R4MKQUKBRt%2FW%2FBnMM%2FVqvglFW8t%2F1aUHuhDU2ULm%2F9p2Kw%2B3q0JKU%2FrONLPzvLcEsAwkN7x81L7qYN5GeZ7Xpq315IpRsqHloLSJAtIhmGcWnk03J%2BvoppO3iWPSSAYBRj1s91hcOKRZTxcDlxGnBEDRkgr8lURS1HCBrAXRUScaSP6gujzwTuNdAnsVmDgowcYsD499zgQvTvZI61j469co13kCwPFv6D6l9oi3P04WhprxV%2FDbab995sy%2F3G4INHiPE6%2BG3HCYOBPBNJSIimqwDvy986amweffu5t9SQTtV2v%2FEvCFhLArnsCIs%2BfbbcqvozPqUMMVaN321MXXx5afWpeYFYnQ4omoul2bc7f8J3FMODLUKirMK6%2B9dUGOpkB6DGxDtYFNfORc5JhXgm9VIJz8Z9T68V0gsInpGx8xgvijGbqRKk5zQknbWkR0OyGmFJWKIjc%2FoISOvsPVxTOXXt00cMbNTFFIrKf3sK1pReGSe336dM9gLM235Wl%2BlyUriPlDgxAh3Uv14sz8wL1nsY3bcBWTxMmaKf%2BwBafuSm366qj7Cg%2FQSgON7OTTMbH2HqlH5Hduc4S&X-Amz-Algorithm=AWS4-HMAC-SHA256&X-Amz-Date=20260930T200517Z&X-Amz-SignedHeaders=host&X-Amz-Credential=ASIA2QE4OQUW27TYEKCH%2F20260930%2Fus-east-2%2Fs3%2Faws4_request&X-Amz-Expires=30&X-Amz-Signature=03dcd3cf2f533917a1bde04f5809de0c408b4ab318d1ed8351a2bf5e1abd3ccf 12376ms (cache miss)
npm http fetch GET 200 https://jfrog-prod-use2-shared-ohio-main.s3.amazonaws.com/aol-a0eigilwc24ii/filestore/f8/f868ecb1bd61d982321760e51d841ab497ab86d0?response-content-disposition=attachment%3Bfilename%3D%22axe-core-4.13.0.tgz%22&response-content-type=application%2Fx-gzip&X-Artifactory-username=darcy%40vlt.sh&X-Artifactory-repoType=local&X-Artifactory-repositoryKey=benchmark-npm-remote-cache&X-Artifactory-originPackageType=npm&X-Artifactory-packageType=npm&X-Artifactory-artifactPath=axe-core%2F-%2Faxe-core-4.13.0.tgz&X-Artifactory-originProjectKey=benchmark&X-Artifactory-projectKey=benchmark&X-Artifactory-originRepoType=remote&X-Artifactory-originRepositoryKey=benchmark-npm-remote&x-jf-traceId=effcbf211aee2ef5ae4e571d92a69ff5&X-Amz-Security-Token=IQoJb3JpZ2luX2VjEKP%2F%2F%2F%2F%2F%2F%2F%2F%2F%2FwEaCXVzLWVhc3QtMiJHMEUCIQCNM1vyehYeot350c8CmRxyxANvaNL6o%2FiXftrYvN3QywIgJtJnf8Vo3mqOPxnbYHJVntu4EqNd3FL7eos1bvhYpIgqkgUIbBAAGgw3MjE4ODI2MTMwMzciDOIbxNlDwteJv9ALRirvBFhqoH1fB4CeV1H%2FaT8tH%2Fhhvom8QCtzC%2FE0AvYQHFpqf%2BH%2F3xTVGISqSZkk%2BId1FoRcSuovhtFz4ghRZqDWCvDDU6VA5wF%2BanA02u6RiQmBIxm1HzosqOTTNw7oVFrPyx2XOvnqksLRMMOmtWxIjEXCcS1b9ifWcFSRYQ80danrcAqkNkCNW%2FJw0N8co%2FhFHeZPbEVLQI89iaOYuwl091x39JAjglhNjcJkk9MbmeqB8HWamd1RnZ9GhTur%2F1LVll79ah%2BY6lV3oDRtJcptDouKM9k1YKPnIfFNjDu29oUhLKCSWF9eM7hIxA0fucpTwAbc4ARQeusYYpq%2FQpaxRDvmGSBDUJX%2Br9C6UavFnfGv5sKJ2OfdUnPIIdcTemwwLAwtc4HcatwDZEPipLqqGW0nltMEtuiZyQqrPN0ZYHheLld6eIlFHH7s0nP6QYe1jdbqnA0p1R4MKQUKBRt%2FW%2FBnMM%2FVqvglFW8t%2F1aUHuhDU2ULm%2F9p2Kw%2B3q0JKU%2FrONLPzvLcEsAwkN7x81L7qYN5GeZ7Xpq315IpRsqHloLSJAtIhmGcWnk03J%2BvoppO3iWPSSAYBRj1s91hcOKRZTxcDlxGnBEDRkgr8lURS1HCBrAXRUScaSP6gujzwTuNdAnsVmDgowcYsD499zgQvTvZI61j469co13kCwPFv6D6l9oi3P04WhprxV%2FDbab995sy%2F3G4INHiPE6%2BG3HCYOBPBNJSIimqwDvy986amweffu5t9SQTtV2v%2FEvCFhLArnsCIs%2BfbbcqvozPqUMMVaN321MXXx5afWpeYFYnQ4omoul2bc7f8J3FMODLUKirMK6%2B9dUGOpkB6DGxDtYFNfORc5JhXgm9VIJz8Z9T68V0gsInpGx8xgvijGbqRKk5zQknbWkR0OyGmFJWKIjc%2FoISOvsPVxTOXXt00cMbNTFFIrKf3sK1pReGSe336dM9gLM235Wl%2BlyUriPlDgxAh3Uv14sz8wL1nsY3bcBWTxMmaKf%2BwBafuSm366qj7Cg%2FQSgON7OTTMbH2HqlH5Hduc4S&X-Amz-Algorithm=AWS4-HMAC-SHA256&X-Amz-Date=20260930T200520Z&X-Amz-SignedHeaders=host&X-Amz-Credential=ASIA2QE4OQUW27TYEKCH%2F20260930%2Fus-east-2%2Fs3%2Faws4_request&X-Amz-Expires=30&X-Amz-Signature=55b6f70b85a963adb98de356a6d0934c64e815cab029e72249deccd36c46da56 12285ms (cache miss)
npm http fetch GET 200 https://vltoss.jfrog.io/artifactory/api/npm/benchmark-npm-remote/fs-extra/-/fs-extra-4.0.3.tgz 12237ms (cache miss)
npm http fetch GET 200 https://vltoss.jfrog.io/artifactory/api/npm/benchmark-npm-remote/fs-extra/-/fs-extra-4.0.3.tgz 12245ms (cache miss)
npm http fetch GET 200 https://vltoss.jfrog.io/artifactory/api/npm/benchmark-npm-remote/fast-glob/-/fast-glob-3.3.3.tgz 12277ms (cache miss)
npm http fetch GET 200 https://vltoss.jfrog.io/artifactory/api/npm/benchmark-npm-remote/fs-extra/-/fs-extra-4.0.3.tgz 12252ms (cache miss)
npm http fetch GET 200 https://vltoss.jfrog.io/artifactory/api/npm/benchmark-npm-remote/fs-extra/-/fs-extra-4.0.3.tgz 12260ms (cache miss)
npm http fetch GET 200 https://vltoss.jfrog.io/artifactory/api/npm/benchmark-npm-remote/ssim.js/-/ssim.js-3.5.0.tgz 12467ms (cache miss)
npm http fetch GET 200 https://vltoss.jfrog.io/artifactory/api/npm/benchmark-npm-remote/prompts/-/prompts-2.4.2.tgz 12366ms (cache miss)
npm http fetch GET 200 https://vltoss.jfrog.io/artifactory/api/npm/benchmark-npm-remote/fs-extra/-/fs-extra-4.0.3.tgz 12294ms (cache miss)
npm http fetch GET 200 https://vltoss.jfrog.io/artifactory/api/npm/benchmark-npm-remote/lru-cache/-/lru-cache-10.4.3.tgz 12272ms (cache miss)
npm http fetch GET 200 https://vltoss.jfrog.io/artifactory/api/npm/benchmark-npm-remote/@sinonjs/commons/-/commons-1.8.6.tgz 12249ms (cache miss)
npm http fetch GET 200 https://vltoss.jfrog.io/artifactory/api/npm/benchmark-npm-remote/fs-extra/-/fs-extra-4.0.3.tgz 12315ms (cache miss)
npm http fetch GET 200 https://vltoss.jfrog.io/artifactory/api/npm/benchmark-npm-remote/@fluentui/react-shared-contexts/-/react-shared-contexts-9.26.4.tgz 12479ms (cache miss)
npm http fetch GET 200 https://jfrog-prod-use2-shared-ohio-main.s3.amazonaws.com/aol-a0eigilwc24ii/filestore/eb/eb41b5855120836603c33c1be4c92f58001f8a26?response-content-disposition=attachment%3Bfilename%3D%22markdown-it-14.3.2.tgz%22&response-content-type=application%2Fx-gzip&X-Artifactory-username=darcy%40vlt.sh&X-Artifactory-repoType=local&X-Artifactory-repositoryKey=benchmark-npm-remote-cache&X-Artifactory-originPackageType=npm&X-Artifactory-packageType=npm&X-Artifactory-artifactPath=markdown-it%2F-%2Fmarkdown-it-14.3.2.tgz&X-Artifactory-originProjectKey=benchmark&X-Artifactory-projectKey=benchmark&X-Artifactory-originRepoType=remote&X-Artifactory-originRepositoryKey=benchmark-npm-remote&x-jf-traceId=52d040a2e60e62b54c4055995804f700&X-Amz-Security-Token=IQoJb3JpZ2luX2VjEKT%2F%2F%2F%2F%2F%2F%2F%2F%2F%2FwEaCXVzLWVhc3QtMiJGMEQCIGE05Nq07AoTr5hDsK%2Fz9lwEUN5HM86m%2BfGPbXQZ%2FdtCAiBQ3WNO7Py4EfCz88%2FeERFKKmb7UZEFCZqnchqYH%2BYuXyqSBQhtEAAaDDcyMTg4MjYxMzAzNyIMzzm3ajtO0WT7d9hxKu8EJU%2F3xYhBBgyfL1OAyamecU1X0jbcp0RFRmbFCPK6b6eD0b5PFFjEfdD8p2cGWog5gQV9Kjt8mGbno8V9mGEdwsCam5Bbm%2FBDkKc3DzTA8%2BSnMhG%2FwVTG3cA%2BpAKXKQ8TtnY7f2EWpE%2BSko0xe1FZV0H%2FY%2FVa0EGrces6gNWg4i%2FU3ui2hWlsWfnR9Bv7se7e0ZbPO8UGGNDhQkrc1x0g%2BbUYiRIfCpVul6bwyUTqx6jGJjpe%2Bl1sDZ6YVtBp5vVLV0G428zg6IhQf1%2F7311mz9n6YqiugFZK5fGBX4Xg9YY2e25tLsXYol55bdHgA9C5Cp9iGR%2BptiHCyfiPtk56HHQKqiiLlRiQU7M8eEjJprOQ7geXQAQLluWYyUiavmlhcuJa3pIzH0YL89I44H4jPfzA5e9O7mwZRn6zzpv8jN1RFX4hh0wEtgDxV9f4VU8OTXQEhtEnPMhnwMJKIHLHg7iwN%2Fc1lTY%2BaX4dlqhMtzS%2F6TOR8oca6f33A487nGSOGEHgwTFcvaQwRSd8GEmCzHHVMR7IiKGXzfjLChYJGtnYASJWrh3sOuFDp7cpfqS95qnaCE9NfTvgz2upgtyitiIifnCLk4JanJzzKN2DFkQLyDusSU1hCoxwXf6CAm8rIdbF23HkJI96fBTS3q%2FJ4tONCPjgh7IpU0kaCFHgdXyCoggFYeYn874G9QXZdKdzKo5kNZndVrPkAgjUiPhj5xOqRSk5%2BiUsw%2Fs6basSUOKYRBNURpIYOKjMKG5vkxAXFTZ1C%2Bzh6S7ARVzg845WjzH9nj3dL9TNwRScEhl8ogAsB6%2BJPR%2Fas05DTUC%2F7Nww%2Btb11QY6mgFuIXjUuJ1WiwOBL9NuEk6J3Raj8HIzuVWCggs4ILK0u0BDsDuUVlMwkNOHbsn4yLOBiD15bDxxi15B6oIbihBOqb0XjdnJtW6oYPTP%2FgSxD%2F3o7HYpkZJCBR7YmsIaaSJvBjG5m%2FUsJpbdBj%2BkC9lzNLqjIC37ZnVhmQ28RRyt5Fi%2FOsECLLOIc13O6Nk7NXpxGz3sA9MbSK7g&X-Amz-Algorithm=AWS4-HMAC-SHA256&X-Amz-Date=20260930T200517Z&X-Amz-SignedHeaders=host&X-Amz-Credential=ASIA2QE4OQUW7N476K6D%2F20260930%2Fus-east-2%2Fs3%2Faws4_request&X-Amz-Expires=30&X-Amz-Signature=e0425062555f49f85df15f839618dc5a4ea197183483eeab3bda555d20a65a1b 12504ms (cache miss)
npm http fetch GET 200 https://jfrog-prod-use2-shared-ohio-main.s3.amazonaws.com/aol-a0eigilwc24ii/filestore/c2/c2265d79511b57d479b3dd3fdfa51536494c5cb4?response-content-disposition=attachment%3Bfilename%3D%22react-dom-18.3.1.tgz%22&response-content-type=application%2Fx-gzip&X-Artifactory-username=darcy%40vlt.sh&X-Artifactory-repoType=local&X-Artifactory-repositoryKey=benchmark-npm-remote-cache&X-Artifactory-originPackageType=npm&X-Artifactory-packageType=npm&X-Artifactory-artifactPath=react-dom%2F-%2Freact-dom-18.3.1.tgz&X-Artifactory-originProjectKey=benchmark&X-Artifactory-projectKey=benchmark&X-Artifactory-originRepoType=remote&X-Artifactory-originRepositoryKey=benchmark-npm-remote&x-jf-traceId=0e21ce68039e241acf9448136bf56192&X-Amz-Security-Token=IQoJb3JpZ2luX2VjEKT%2F%2F%2F%2F%2F%2F%2F%2F%2F%2FwEaCXVzLWVhc3QtMiJGMEQCIGE05Nq07AoTr5hDsK%2Fz9lwEUN5HM86m%2BfGPbXQZ%2FdtCAiBQ3WNO7Py4EfCz88%2FeERFKKmb7UZEFCZqnchqYH%2BYuXyqSBQhtEAAaDDcyMTg4MjYxMzAzNyIMzzm3ajtO0WT7d9hxKu8EJU%2F3xYhBBgyfL1OAyamecU1X0jbcp0RFRmbFCPK6b6eD0b5PFFjEfdD8p2cGWog5gQV9Kjt8mGbno8V9mGEdwsCam5Bbm%2FBDkKc3DzTA8%2BSnMhG%2FwVTG3cA%2BpAKXKQ8TtnY7f2EWpE%2BSko0xe1FZV0H%2FY%2FVa0EGrces6gNWg4i%2FU3ui2hWlsWfnR9Bv7se7e0ZbPO8UGGNDhQkrc1x0g%2BbUYiRIfCpVul6bwyUTqx6jGJjpe%2Bl1sDZ6YVtBp5vVLV0G428zg6IhQf1%2F7311mz9n6YqiugFZK5fGBX4Xg9YY2e25tLsXYol55bdHgA9C5Cp9iGR%2BptiHCyfiPtk56HHQKqiiLlRiQU7M8eEjJprOQ7geXQAQLluWYyUiavmlhcuJa3pIzH0YL89I44H4jPfzA5e9O7mwZRn6zzpv8jN1RFX4hh0wEtgDxV9f4VU8OTXQEhtEnPMhnwMJKIHLHg7iwN%2Fc1lTY%2BaX4dlqhMtzS%2F6TOR8oca6f33A487nGSOGEHgwTFcvaQwRSd8GEmCzHHVMR7IiKGXzfjLChYJGtnYASJWrh3sOuFDp7cpfqS95qnaCE9NfTvgz2upgtyitiIifnCLk4JanJzzKN2DFkQLyDusSU1hCoxwXf6CAm8rIdbF23HkJI96fBTS3q%2FJ4tONCPjgh7IpU0kaCFHgdXyCoggFYeYn874G9QXZdKdzKo5kNZndVrPkAgjUiPhj5xOqRSk5%2BiUsw%2Fs6basSUOKYRBNURpIYOKjMKG5vkxAXFTZ1C%2Bzh6S7ARVzg845WjzH9nj3dL9TNwRScEhl8ogAsB6%2BJPR%2Fas05DTUC%2F7Nww%2Btb11QY6mgFuIXjUuJ1WiwOBL9NuEk6J3Raj8HIzuVWCggs4ILK0u0BDsDuUVlMwkNOHbsn4yLOBiD15bDxxi15B6oIbihBOqb0XjdnJtW6oYPTP%2FgSxD%2F3o7HYpkZJCBR7YmsIaaSJvBjG5m%2FUsJpbdBj%2BkC9lzNLqjIC37ZnVhmQ28RRyt5Fi%2FOsECLLOIc13O6Nk7NXpxGz3sA9MbSK7g&X-Amz-Algorithm=AWS4-HMAC-SHA256&X-Amz-Date=20260930T200517Z&X-Amz-SignedHeaders=host&X-Amz-Credential=ASIA2QE4OQUW7N476K6D%2F20260930%2Fus-east-2%2Fs3%2Faws4_request&X-Amz-Expires=30&X-Amz-Signature=c65119baa86934ae0809e489e5e42c0cddfcab82cf1e447aa70562f4d0a54c47 12559ms (cache miss)
npm http fetch GET 200 https://vltoss.jfrog.io/artifactory/api/npm/benchmark-npm-remote/csso/-/csso-5.0.5.tgz 12693ms (cache miss)
npm http fetch GET 200 https://vltoss.jfrog.io/artifactory/api/npm/benchmark-npm-remote/domutils/-/domutils-3.2.2.tgz 12510ms (cache miss)
npm http fetch GET 200 https://vltoss.jfrog.io/artifactory/api/npm/benchmark-npm-remote/tsconfig-paths/-/tsconfig-paths-3.15.0.tgz 12557ms (cache miss)
npm http fetch GET 200 https://vltoss.jfrog.io/artifactory/api/npm/benchmark-npm-remote/js-yaml/-/js-yaml-3.15.2.tgz 12516ms (cache miss)
npm http fetch GET 200 https://vltoss.jfrog.io/artifactory/api/npm/benchmark-npm-remote/js-yaml/-/js-yaml-3.15.2.tgz 12548ms (cache miss)
npm http fetch GET 200 https://vltoss.jfrog.io/artifactory/api/npm/benchmark-npm-remote/js-yaml/-/js-yaml-3.15.2.tgz 12572ms (cache miss)
npm http fetch GET 200 https://vltoss.jfrog.io/artifactory/api/npm/benchmark-npm-remote/yargs/-/yargs-15.4.1.tgz 12626ms (cache miss)
npm http fetch GET 200 https://vltoss.jfrog.io/artifactory/api/npm/benchmark-npm-remote/@fluentui/react-aria/-/react-aria-9.17.15.tgz 12812ms (cache miss)
npm http fetch GET 200 https://vltoss.jfrog.io/artifactory/api/npm/benchmark-npm-remote/js-yaml/-/js-yaml-3.15.2.tgz 12624ms (cache miss)
npm http fetch GET 200 https://vltoss.jfrog.io/artifactory/api/npm/benchmark-npm-remote/@fluentui/react-infolabel/-/react-infolabel-9.4.27.tgz 12822ms (cache miss)
npm http fetch GET 200 https://vltoss.jfrog.io/artifactory/api/npm/benchmark-npm-remote/minimatch/-/minimatch-10.2.6.tgz 12696ms (cache miss)
npm http fetch GET 200 https://vltoss.jfrog.io/artifactory/api/npm/benchmark-npm-remote/uri-js/-/uri-js-4.4.1.tgz 12715ms (cache miss)
npm http fetch GET 200 https://vltoss.jfrog.io/artifactory/api/npm/benchmark-npm-remote/@fluentui/react-portal/-/react-portal-9.8.16.tgz 12702ms (cache miss)
npm http fetch GET 200 https://vltoss.jfrog.io/artifactory/api/npm/benchmark-npm-remote/@jsonjoy.com/buffers/-/buffers-17.67.0.tgz 12973ms (cache miss)
npm http fetch GET 200 https://vltoss.jfrog.io/artifactory/api/npm/benchmark-npm-remote/@fluentui/react-portal/-/react-portal-9.8.16.tgz 12727ms (cache miss)
npm http fetch GET 200 https://vltoss.jfrog.io/artifactory/api/npm/benchmark-npm-remote/@fluentui/react-portal/-/react-portal-9.8.16.tgz 12728ms (cache miss)
npm http fetch GET 200 https://vltoss.jfrog.io/artifactory/api/npm/benchmark-npm-remote/@fluentui/react-portal/-/react-portal-9.8.16.tgz 12728ms (cache miss)
npm http fetch GET 200 https://vltoss.jfrog.io/artifactory/api/npm/benchmark-npm-remote/@fluentui/react-portal/-/react-portal-9.8.16.tgz 12728ms (cache miss)
npm http fetch GET 200 https://vltoss.jfrog.io/artifactory/api/npm/benchmark-npm-remote/@fluentui/react-portal/-/react-portal-9.8.16.tgz 12729ms (cache miss)
npm http fetch GET 200 https://vltoss.jfrog.io/artifactory/api/npm/benchmark-npm-remote/cssstyle/-/cssstyle-4.6.0.tgz 12855ms (cache miss)
npm http fetch GET 200 https://vltoss.jfrog.io/artifactory/api/npm/benchmark-npm-remote/@fluentui/react-portal/-/react-portal-9.8.16.tgz 12789ms (cache miss)
npm http fetch GET 200 https://vltoss.jfrog.io/artifactory/api/npm/benchmark-npm-remote/@fluentui/react-infobutton/-/react-infobutton-9.0.1-beta.1.tgz 12971ms (cache miss)
npm http fetch GET 200 https://vltoss.jfrog.io/artifactory/api/npm/benchmark-npm-remote/parse5/-/parse5-7.3.0.tgz 12933ms (cache miss)
npm http fetch GET 200 https://vltoss.jfrog.io/artifactory/api/npm/benchmark-npm-remote/yargs/-/yargs-17.7.2.tgz 12802ms (cache miss)
npm http fetch GET 200 https://vltoss.jfrog.io/artifactory/api/npm/benchmark-npm-remote/@noble/hashes/-/hashes-1.8.0.tgz 13120ms (cache miss)
npm http fetch GET 200 https://jfrog-prod-use2-shared-ohio-main.s3.amazonaws.com/aol-a0eigilwc24ii/filestore/41/411dccb5fc25687c958fe35b6ca3741d48a8d13c?response-content-disposition=attachment%3Bfilename%3D%22node-26.6.3.tgz%22&response-content-type=application%2Fx-gzip&X-Artifactory-username=darcy%40vlt.sh&X-Artifactory-repoType=local&X-Artifactory-repositoryKey=benchmark-npm-remote-cache&X-Artifactory-originPackageType=npm&X-Artifactory-packageType=npm&X-Artifactory-artifactPath=%40types%2Fnode%2F-%2Fnode-26.6.3.tgz&X-Artifactory-originProjectKey=benchmark&X-Artifactory-projectKey=benchmark&X-Artifactory-originRepoType=remote&X-Artifactory-originRepositoryKey=benchmark-npm-remote&x-jf-traceId=10888a8f1bfbdf925a1394295e83621b&X-Amz-Security-Token=IQoJb3JpZ2luX2VjEKP%2F%2F%2F%2F%2F%2F%2F%2F%2F%2FwEaCXVzLWVhc3QtMiJHMEUCIQCNM1vyehYeot350c8CmRxyxANvaNL6o%2FiXftrYvN3QywIgJtJnf8Vo3mqOPxnbYHJVntu4EqNd3FL7eos1bvhYpIgqkgUIbBAAGgw3MjE4ODI2MTMwMzciDOIbxNlDwteJv9ALRirvBFhqoH1fB4CeV1H%2FaT8tH%2Fhhvom8QCtzC%2FE0AvYQHFpqf%2BH%2F3xTVGISqSZkk%2BId1FoRcSuovhtFz4ghRZqDWCvDDU6VA5wF%2BanA02u6RiQmBIxm1HzosqOTTNw7oVFrPyx2XOvnqksLRMMOmtWxIjEXCcS1b9ifWcFSRYQ80danrcAqkNkCNW%2FJw0N8co%2FhFHeZPbEVLQI89iaOYuwl091x39JAjglhNjcJkk9MbmeqB8HWamd1RnZ9GhTur%2F1LVll79ah%2BY6lV3oDRtJcptDouKM9k1YKPnIfFNjDu29oUhLKCSWF9eM7hIxA0fucpTwAbc4ARQeusYYpq%2FQpaxRDvmGSBDUJX%2Br9C6UavFnfGv5sKJ2OfdUnPIIdcTemwwLAwtc4HcatwDZEPipLqqGW0nltMEtuiZyQqrPN0ZYHheLld6eIlFHH7s0nP6QYe1jdbqnA0p1R4MKQUKBRt%2FW%2FBnMM%2FVqvglFW8t%2F1aUHuhDU2ULm%2F9p2Kw%2B3q0JKU%2FrONLPzvLcEsAwkN7x81L7qYN5GeZ7Xpq315IpRsqHloLSJAtIhmGcWnk03J%2BvoppO3iWPSSAYBRj1s91hcOKRZTxcDlxGnBEDRkgr8lURS1HCBrAXRUScaSP6gujzwTuNdAnsVmDgowcYsD499zgQvTvZI61j469co13kCwPFv6D6l9oi3P04WhprxV%2FDbab995sy%2F3G4INHiPE6%2BG3HCYOBPBNJSIimqwDvy986amweffu5t9SQTtV2v%2FEvCFhLArnsCIs%2BfbbcqvozPqUMMVaN321MXXx5afWpeYFYnQ4omoul2bc7f8J3FMODLUKirMK6%2B9dUGOpkB6DGxDtYFNfORc5JhXgm9VIJz8Z9T68V0gsInpGx8xgvijGbqRKk5zQknbWkR0OyGmFJWKIjc%2FoISOvsPVxTOXXt00cMbNTFFIrKf3sK1pReGSe336dM9gLM235Wl%2BlyUriPlDgxAh3Uv14sz8wL1nsY3bcBWTxMmaKf%2BwBafuSm366qj7Cg%2FQSgON7OTTMbH2HqlH5Hduc4S&X-Amz-Algorithm=AWS4-HMAC-SHA256&X-Amz-Date=20260930T200521Z&X-Amz-SignedHeaders=host&X-Amz-Credential=ASIA2QE4OQUW27TYEKCH%2F20260930%2Fus-east-2%2Fs3%2Faws4_request&X-Amz-Expires=30&X-Amz-Signature=dc8ca734f0afebd42984cab80e6ad0450732528db983b494437161e2e76d5e74 12895ms (cache miss)
npm http fetch GET 200 https://vltoss.jfrog.io/artifactory/api/npm/benchmark-npm-remote/minimatch/-/minimatch-9.0.9.tgz 12912ms (cache miss)
npm http fetch GET 200 https://vltoss.jfrog.io/artifactory/api/npm/benchmark-npm-remote/@fluentui/react-skeleton/-/react-skeleton-9.7.6.tgz 13107ms (cache miss)
npm http fetch GET 200 https://vltoss.jfrog.io/artifactory/api/npm/benchmark-npm-remote/tldts-core/-/tldts-core-6.1.86.tgz 13064ms (cache miss)
npm http fetch GET 200 https://vltoss.jfrog.io/artifactory/api/npm/benchmark-npm-remote/minimatch/-/minimatch-9.0.3.tgz 12937ms (cache miss)
npm http fetch GET 200 https://vltoss.jfrog.io/artifactory/api/npm/benchmark-npm-remote/@fluentui/react-radio/-/react-radio-9.6.6.tgz 13136ms (cache miss)
npm http fetch GET 200 https://vltoss.jfrog.io/artifactory/api/npm/benchmark-npm-remote/tsconfig-paths/-/tsconfig-paths-4.2.0.tgz 12962ms (cache miss)
npm http fetch GET 200 https://vltoss.jfrog.io/artifactory/api/npm/benchmark-npm-remote/glob/-/glob-12.0.0.tgz 13001ms (cache miss)
npm http fetch GET 200 https://vltoss.jfrog.io/artifactory/api/npm/benchmark-npm-remote/enhanced-resolve/-/enhanced-resolve-5.26.0.tgz 13144ms (cache miss)
npm http fetch GET 200 https://vltoss.jfrog.io/artifactory/api/npm/benchmark-npm-remote/@fluentui/react-motion/-/react-motion-9.16.4.tgz 13200ms (cache miss)
npm http fetch GET 200 https://vltoss.jfrog.io/artifactory/api/npm/benchmark-npm-remote/@babel/traverse/-/traverse-7.29.8.tgz 13128ms (cache miss)
npm http fetch GET 200 https://vltoss.jfrog.io/artifactory/api/npm/benchmark-npm-remote/entities/-/entities-4.5.0.tgz 13111ms (cache miss)
npm http fetch GET 200 https://jfrog-prod-use2-shared-ohio-main.s3.amazonaws.com/aol-a0eigilwc24ii/filestore/18/18752e23a2f0ed4b0f550f217bb41693e975b942?response-content-disposition=attachment%3Bfilename%3D%22html-minifier-terser-7.2.0.tgz%22&response-content-type=application%2Fx-gzip&X-Artifactory-username=darcy%40vlt.sh&X-Artifactory-repoType=local&X-Artifactory-repositoryKey=benchmark-npm-remote-cache&X-Artifactory-originPackageType=npm&X-Artifactory-packageType=npm&X-Artifactory-artifactPath=html-minifier-terser%2F-%2Fhtml-minifier-terser-7.2.0.tgz&X-Artifactory-originProjectKey=benchmark&X-Artifactory-projectKey=benchmark&X-Artifactory-originRepoType=remote&X-Artifactory-originRepositoryKey=benchmark-npm-remote&x-jf-traceId=fd23ca8ce084fc3fb41625290d9af368&X-Amz-Security-Token=IQoJb3JpZ2luX2VjEKT%2F%2F%2F%2F%2F%2F%2F%2F%2F%2FwEaCXVzLWVhc3QtMiJGMEQCIGE05Nq07AoTr5hDsK%2Fz9lwEUN5HM86m%2BfGPbXQZ%2FdtCAiBQ3WNO7Py4EfCz88%2FeERFKKmb7UZEFCZqnchqYH%2BYuXyqSBQhtEAAaDDcyMTg4MjYxMzAzNyIMzzm3ajtO0WT7d9hxKu8EJU%2F3xYhBBgyfL1OAyamecU1X0jbcp0RFRmbFCPK6b6eD0b5PFFjEfdD8p2cGWog5gQV9Kjt8mGbno8V9mGEdwsCam5Bbm%2FBDkKc3DzTA8%2BSnMhG%2FwVTG3cA%2BpAKXKQ8TtnY7f2EWpE%2BSko0xe1FZV0H%2FY%2FVa0EGrces6gNWg4i%2FU3ui2hWlsWfnR9Bv7se7e0ZbPO8UGGNDhQkrc1x0g%2BbUYiRIfCpVul6bwyUTqx6jGJjpe%2Bl1sDZ6YVtBp5vVLV0G428zg6IhQf1%2F7311mz9n6YqiugFZK5fGBX4Xg9YY2e25tLsXYol55bdHgA9C5Cp9iGR%2BptiHCyfiPtk56HHQKqiiLlRiQU7M8eEjJprOQ7geXQAQLluWYyUiavmlhcuJa3pIzH0YL89I44H4jPfzA5e9O7mwZRn6zzpv8jN1RFX4hh0wEtgDxV9f4VU8OTXQEhtEnPMhnwMJKIHLHg7iwN%2Fc1lTY%2BaX4dlqhMtzS%2F6TOR8oca6f33A487nGSOGEHgwTFcvaQwRSd8GEmCzHHVMR7IiKGXzfjLChYJGtnYASJWrh3sOuFDp7cpfqS95qnaCE9NfTvgz2upgtyitiIifnCLk4JanJzzKN2DFkQLyDusSU1hCoxwXf6CAm8rIdbF23HkJI96fBTS3q%2FJ4tONCPjgh7IpU0kaCFHgdXyCoggFYeYn874G9QXZdKdzKo5kNZndVrPkAgjUiPhj5xOqRSk5%2BiUsw%2Fs6basSUOKYRBNURpIYOKjMKG5vkxAXFTZ1C%2Bzh6S7ARVzg845WjzH9nj3dL9TNwRScEhl8ogAsB6%2BJPR%2Fas05DTUC%2F7Nww%2Btb11QY6mgFuIXjUuJ1WiwOBL9NuEk6J3Raj8HIzuVWCggs4ILK0u0BDsDuUVlMwkNOHbsn4yLOBiD15bDxxi15B6oIbihBOqb0XjdnJtW6oYPTP%2FgSxD%2F3o7HYpkZJCBR7YmsIaaSJvBjG5m%2FUsJpbdBj%2BkC9lzNLqjIC37ZnVhmQ28RRyt5Fi%2FOsECLLOIc13O6Nk7NXpxGz3sA9MbSK7g&X-Amz-Algorithm=AWS4-HMAC-SHA256&X-Amz-Date=20260930T200521Z&X-Amz-SignedHeaders=host&X-Amz-Credential=ASIA2QE4OQUW7N476K6D%2F20260930%2Fus-east-2%2Fs3%2Faws4_request&X-Amz-Expires=30&X-Amz-Signature=a986d6ab1e12b0f0ebe119214fed6c6ad348a6ea0ed8e17db841c7d482570fc9 13129ms (cache miss)
npm http fetch GET 200 https://vltoss.jfrog.io/artifactory/api/npm/benchmark-npm-remote/minimatch/-/minimatch-9.0.3.tgz 13108ms (cache miss)
npm http fetch GET 200 https://vltoss.jfrog.io/artifactory/api/npm/benchmark-npm-remote/tsconfig-paths/-/tsconfig-paths-4.2.0.tgz 13117ms (cache miss)
npm http fetch GET 200 https://vltoss.jfrog.io/artifactory/api/npm/benchmark-npm-remote/embla-carousel/-/embla-carousel-8.6.0.tgz 13337ms (cache miss)
npm http fetch GET 200 https://vltoss.jfrog.io/artifactory/api/npm/benchmark-npm-remote/entities/-/entities-4.5.0.tgz 13172ms (cache miss)
npm http fetch GET 200 https://vltoss.jfrog.io/artifactory/api/npm/benchmark-npm-remote/entities/-/entities-4.5.0.tgz 13174ms (cache miss)
npm http fetch GET 200 https://vltoss.jfrog.io/artifactory/api/npm/benchmark-npm-remote/pure-rand/-/pure-rand-6.1.0.tgz 13265ms (cache miss)
npm http fetch GET 200 https://vltoss.jfrog.io/artifactory/api/npm/benchmark-npm-remote/tsconfig-paths/-/tsconfig-paths-4.2.0.tgz 13160ms (cache miss)
npm http fetch GET 200 https://vltoss.jfrog.io/artifactory/api/npm/benchmark-npm-remote/minimatch/-/minimatch-10.2.5.tgz 13186ms (cache miss)
npm http fetch GET 200 https://vltoss.jfrog.io/artifactory/api/npm/benchmark-npm-remote/entities/-/entities-6.0.1.tgz 13352ms (cache miss)
npm http fetch GET 200 https://vltoss.jfrog.io/artifactory/api/npm/benchmark-npm-remote/tsconfig-paths/-/tsconfig-paths-4.2.0.tgz 13184ms (cache miss)
npm http fetch GET 200 https://vltoss.jfrog.io/artifactory/api/npm/benchmark-npm-remote/entities/-/entities-4.5.0.tgz 13232ms (cache miss)
npm http fetch GET 200 https://jfrog-prod-use2-shared-ohio-main.s3.amazonaws.com/aol-a0eigilwc24ii/filestore/9e/9ef19b947f65007ccfe0ed385cc570b858ae42e0?response-content-disposition=attachment%3Bfilename%3D%22sass-1.105.1.tgz%22&response-content-type=application%2Fx-gzip&X-Artifactory-username=darcy%40vlt.sh&X-Artifactory-repoType=local&X-Artifactory-repositoryKey=benchmark-npm-remote-cache&X-Artifactory-originPackageType=npm&X-Artifactory-packageType=npm&X-Artifactory-artifactPath=sass%2F-%2Fsass-1.105.1.tgz&X-Artifactory-originProjectKey=benchmark&X-Artifactory-projectKey=benchmark&X-Artifactory-originRepoType=remote&X-Artifactory-originRepositoryKey=benchmark-npm-remote&x-jf-traceId=315e2e36fb59faef4fd2e9388c2bf504&X-Amz-Security-Token=IQoJb3JpZ2luX2VjEKP%2F%2F%2F%2F%2F%2F%2F%2F%2F%2FwEaCXVzLWVhc3QtMiJHMEUCIQCNM1vyehYeot350c8CmRxyxANvaNL6o%2FiXftrYvN3QywIgJtJnf8Vo3mqOPxnbYHJVntu4EqNd3FL7eos1bvhYpIgqkgUIbBAAGgw3MjE4ODI2MTMwMzciDOIbxNlDwteJv9ALRirvBFhqoH1fB4CeV1H%2FaT8tH%2Fhhvom8QCtzC%2FE0AvYQHFpqf%2BH%2F3xTVGISqSZkk%2BId1FoRcSuovhtFz4ghRZqDWCvDDU6VA5wF%2BanA02u6RiQmBIxm1HzosqOTTNw7oVFrPyx2XOvnqksLRMMOmtWxIjEXCcS1b9ifWcFSRYQ80danrcAqkNkCNW%2FJw0N8co%2FhFHeZPbEVLQI89iaOYuwl091x39JAjglhNjcJkk9MbmeqB8HWamd1RnZ9GhTur%2F1LVll79ah%2BY6lV3oDRtJcptDouKM9k1YKPnIfFNjDu29oUhLKCSWF9eM7hIxA0fucpTwAbc4ARQeusYYpq%2FQpaxRDvmGSBDUJX%2Br9C6UavFnfGv5sKJ2OfdUnPIIdcTemwwLAwtc4HcatwDZEPipLqqGW0nltMEtuiZyQqrPN0ZYHheLld6eIlFHH7s0nP6QYe1jdbqnA0p1R4MKQUKBRt%2FW%2FBnMM%2FVqvglFW8t%2F1aUHuhDU2ULm%2F9p2Kw%2B3q0JKU%2FrONLPzvLcEsAwkN7x81L7qYN5GeZ7Xpq315IpRsqHloLSJAtIhmGcWnk03J%2BvoppO3iWPSSAYBRj1s91hcOKRZTxcDlxGnBEDRkgr8lURS1HCBrAXRUScaSP6gujzwTuNdAnsVmDgowcYsD499zgQvTvZI61j469co13kCwPFv6D6l9oi3P04WhprxV%2FDbab995sy%2F3G4INHiPE6%2BG3HCYOBPBNJSIimqwDvy986amweffu5t9SQTtV2v%2FEvCFhLArnsCIs%2BfbbcqvozPqUMMVaN321MXXx5afWpeYFYnQ4omoul2bc7f8J3FMODLUKirMK6%2B9dUGOpkB6DGxDtYFNfORc5JhXgm9VIJz8Z9T68V0gsInpGx8xgvijGbqRKk5zQknbWkR0OyGmFJWKIjc%2FoISOvsPVxTOXXt00cMbNTFFIrKf3sK1pReGSe336dM9gLM235Wl%2BlyUriPlDgxAh3Uv14sz8wL1nsY3bcBWTxMmaKf%2BwBafuSm366qj7Cg%2FQSgON7OTTMbH2HqlH5Hduc4S&X-Amz-Algorithm=AWS4-HMAC-SHA256&X-Amz-Date=20260930T200517Z&X-Amz-SignedHeaders=host&X-Amz-Credential=ASIA2QE4OQUW27TYEKCH%2F20260930%2Fus-east-2%2Fs3%2Faws4_request&X-Amz-Expires=30&X-Amz-Signature=8eae6b2a0c7f08663ab534029b5b390d4dfeed494119b95e9f7f419324c7fcde 13401ms (cache miss)
npm http fetch GET 200 https://vltoss.jfrog.io/artifactory/api/npm/benchmark-npm-remote/@typescript-eslint/typescript-estree/-/typescript-estree-8.71.0.tgz 13297ms (cache miss)
npm http fetch GET 200 https://vltoss.jfrog.io/artifactory/api/npm/benchmark-npm-remote/glob/-/glob-10.5.0.tgz 13263ms (cache miss)
npm warn deprecated glob@10.5.0: Old versions of glob are not supported, and contain widely publicized security vulnerabilities, which have been fixed in the current version. Please update. Support for old versions may be purchased (at exorbitant rates) by contacting i@izs.me
npm http fetch GET 200 https://vltoss.jfrog.io/artifactory/api/npm/benchmark-npm-remote/minimatch/-/minimatch-9.0.3.tgz 13233ms (cache miss)
npm http fetch GET 200 https://jfrog-prod-use2-shared-ohio-main.s3.amazonaws.com/aol-a0eigilwc24ii/filestore/cc/cc42f5b85c593f79f1fa4f25d2b9b321e61d1794?response-content-disposition=attachment%3Bfilename%3D%22css-color-3.2.0.tgz%22&response-content-type=application%2Fx-gzip&X-Artifactory-username=darcy%40vlt.sh&X-Artifactory-repoType=local&X-Artifactory-repositoryKey=benchmark-npm-remote-cache&X-Artifactory-originPackageType=npm&X-Artifactory-packageType=npm&X-Artifactory-artifactPath=%40asamuzakjp%2Fcss-color%2F-%2Fcss-color-3.2.0.tgz&X-Artifactory-originProjectKey=benchmark&X-Artifactory-projectKey=benchmark&X-Artifactory-originRepoType=remote&X-Artifactory-originRepositoryKey=benchmark-npm-remote&x-jf-traceId=445981371291056f631e6a33f1e7ecab&X-Amz-Security-Token=IQoJb3JpZ2luX2VjEKT%2F%2F%2F%2F%2F%2F%2F%2F%2F%2FwEaCXVzLWVhc3QtMiJGMEQCIGE05Nq07AoTr5hDsK%2Fz9lwEUN5HM86m%2BfGPbXQZ%2FdtCAiBQ3WNO7Py4EfCz88%2FeERFKKmb7UZEFCZqnchqYH%2BYuXyqSBQhtEAAaDDcyMTg4MjYxMzAzNyIMzzm3ajtO0WT7d9hxKu8EJU%2F3xYhBBgyfL1OAyamecU1X0jbcp0RFRmbFCPK6b6eD0b5PFFjEfdD8p2cGWog5gQV9Kjt8mGbno8V9mGEdwsCam5Bbm%2FBDkKc3DzTA8%2BSnMhG%2FwVTG3cA%2BpAKXKQ8TtnY7f2EWpE%2BSko0xe1FZV0H%2FY%2FVa0EGrces6gNWg4i%2FU3ui2hWlsWfnR9Bv7se7e0ZbPO8UGGNDhQkrc1x0g%2BbUYiRIfCpVul6bwyUTqx6jGJjpe%2Bl1sDZ6YVtBp5vVLV0G428zg6IhQf1%2F7311mz9n6YqiugFZK5fGBX4Xg9YY2e25tLsXYol55bdHgA9C5Cp9iGR%2BptiHCyfiPtk56HHQKqiiLlRiQU7M8eEjJprOQ7geXQAQLluWYyUiavmlhcuJa3pIzH0YL89I44H4jPfzA5e9O7mwZRn6zzpv8jN1RFX4hh0wEtgDxV9f4VU8OTXQEhtEnPMhnwMJKIHLHg7iwN%2Fc1lTY%2BaX4dlqhMtzS%2F6TOR8oca6f33A487nGSOGEHgwTFcvaQwRSd8GEmCzHHVMR7IiKGXzfjLChYJGtnYASJWrh3sOuFDp7cpfqS95qnaCE9NfTvgz2upgtyitiIifnCLk4JanJzzKN2DFkQLyDusSU1hCoxwXf6CAm8rIdbF23HkJI96fBTS3q%2FJ4tONCPjgh7IpU0kaCFHgdXyCoggFYeYn874G9QXZdKdzKo5kNZndVrPkAgjUiPhj5xOqRSk5%2BiUsw%2Fs6basSUOKYRBNURpIYOKjMKG5vkxAXFTZ1C%2Bzh6S7ARVzg845WjzH9nj3dL9TNwRScEhl8ogAsB6%2BJPR%2Fas05DTUC%2F7Nww%2Btb11QY6mgFuIXjUuJ1WiwOBL9NuEk6J3Raj8HIzuVWCggs4ILK0u0BDsDuUVlMwkNOHbsn4yLOBiD15bDxxi15B6oIbihBOqb0XjdnJtW6oYPTP%2FgSxD%2F3o7HYpkZJCBR7YmsIaaSJvBjG5m%2FUsJpbdBj%2BkC9lzNLqjIC37ZnVhmQ28RRyt5Fi%2FOsECLLOIc13O6Nk7NXpxGz3sA9MbSK7g&X-Amz-Algorithm=AWS4-HMAC-SHA256&X-Amz-Date=20260930T200518Z&X-Amz-SignedHeaders=host&X-Amz-Credential=ASIA2QE4OQUW7N476K6D%2F20260930%2Fus-east-2%2Fs3%2Faws4_request&X-Amz-Expires=30&X-Amz-Signature=7c4389a553571eb351a126e8289c5b533aed10e0cc586fdbb360f47fcb887eb1 13402ms (cache miss)
npm http fetch GET 200 https://vltoss.jfrog.io/artifactory/api/npm/benchmark-npm-remote/@fluentui/react-overflow/-/react-overflow-9.9.4.tgz 13475ms (cache miss)
npm http fetch GET 200 https://vltoss.jfrog.io/artifactory/api/npm/benchmark-npm-remote/@shikijs/themes/-/themes-3.23.0.tgz 13463ms (cache miss)
npm http fetch GET 200 https://vltoss.jfrog.io/artifactory/api/npm/benchmark-npm-remote/@typescript-eslint/utils/-/utils-8.71.0.tgz 13400ms (cache miss)
npm http fetch GET 200 https://vltoss.jfrog.io/artifactory/api/npm/benchmark-npm-remote/@fluentui/react-tabs/-/react-tabs-9.12.5.tgz 13591ms (cache miss)
npm http fetch GET 200 https://vltoss.jfrog.io/artifactory/api/npm/benchmark-npm-remote/glob/-/glob-11.1.0.tgz 13412ms (cache miss)
npm http fetch GET 200 https://vltoss.jfrog.io/artifactory/api/npm/benchmark-npm-remote/ts-jest/-/ts-jest-29.1.5.tgz 13495ms (cache miss)
npm warn deprecated glob@11.1.0: Old versions of glob are not supported, and contain widely publicized security vulnerabilities, which have been fixed in the current version. Please update. Support for old versions may be purchased (at exorbitant rates) by contacting i@izs.me
npm http fetch GET 200 https://jfrog-prod-use2-shared-ohio-main.s3.amazonaws.com/aol-a0eigilwc24ii/filestore/d2/d27788176f250d86e498081e3c5ff48a17606918?response-content-disposition=attachment%3Bfilename%3D%22wasm-runtime-0.2.4.tgz%22&response-content-type=application%2Fx-gzip&X-Artifactory-username=darcy%40vlt.sh&X-Artifactory-repoType=local&X-Artifactory-repositoryKey=benchmark-npm-remote-cache&X-Artifactory-originPackageType=npm&X-Artifactory-packageType=npm&X-Artifactory-artifactPath=%40napi-rs%2Fwasm-runtime%2F-%2Fwasm-runtime-0.2.4.tgz&X-Artifactory-originProjectKey=benchmark&X-Artifactory-projectKey=benchmark&X-Artifactory-originRepoType=remote&X-Artifactory-originRepositoryKey=benchmark-npm-remote&x-jf-traceId=d4cb5d31d9b86294a9813e043a099df5&X-Amz-Security-Token=IQoJb3JpZ2luX2VjEKP%2F%2F%2F%2F%2F%2F%2F%2F%2F%2FwEaCXVzLWVhc3QtMiJHMEUCIQCNM1vyehYeot350c8CmRxyxANvaNL6o%2FiXftrYvN3QywIgJtJnf8Vo3mqOPxnbYHJVntu4EqNd3FL7eos1bvhYpIgqkgUIbBAAGgw3MjE4ODI2MTMwMzciDOIbxNlDwteJv9ALRirvBFhqoH1fB4CeV1H%2FaT8tH%2Fhhvom8QCtzC%2FE0AvYQHFpqf%2BH%2F3xTVGISqSZkk%2BId1FoRcSuovhtFz4ghRZqDWCvDDU6VA5wF%2BanA02u6RiQmBIxm1HzosqOTTNw7oVFrPyx2XOvnqksLRMMOmtWxIjEXCcS1b9ifWcFSRYQ80danrcAqkNkCNW%2FJw0N8co%2FhFHeZPbEVLQI89iaOYuwl091x39JAjglhNjcJkk9MbmeqB8HWamd1RnZ9GhTur%2F1LVll79ah%2BY6lV3oDRtJcptDouKM9k1YKPnIfFNjDu29oUhLKCSWF9eM7hIxA0fucpTwAbc4ARQeusYYpq%2FQpaxRDvmGSBDUJX%2Br9C6UavFnfGv5sKJ2OfdUnPIIdcTemwwLAwtc4HcatwDZEPipLqqGW0nltMEtuiZyQqrPN0ZYHheLld6eIlFHH7s0nP6QYe1jdbqnA0p1R4MKQUKBRt%2FW%2FBnMM%2FVqvglFW8t%2F1aUHuhDU2ULm%2F9p2Kw%2B3q0JKU%2FrONLPzvLcEsAwkN7x81L7qYN5GeZ7Xpq315IpRsqHloLSJAtIhmGcWnk03J%2BvoppO3iWPSSAYBRj1s91hcOKRZTxcDlxGnBEDRkgr8lURS1HCBrAXRUScaSP6gujzwTuNdAnsVmDgowcYsD499zgQvTvZI61j469co13kCwPFv6D6l9oi3P04WhprxV%2FDbab995sy%2F3G4INHiPE6%2BG3HCYOBPBNJSIimqwDvy986amweffu5t9SQTtV2v%2FEvCFhLArnsCIs%2BfbbcqvozPqUMMVaN321MXXx5afWpeYFYnQ4omoul2bc7f8J3FMODLUKirMK6%2B9dUGOpkB6DGxDtYFNfORc5JhXgm9VIJz8Z9T68V0gsInpGx8xgvijGbqRKk5zQknbWkR0OyGmFJWKIjc%2FoISOvsPVxTOXXt00cMbNTFFIrKf3sK1pReGSe336dM9gLM235Wl%2BlyUriPlDgxAh3Uv14sz8wL1nsY3bcBWTxMmaKf%2BwBafuSm366qj7Cg%2FQSgON7OTTMbH2HqlH5Hduc4S&X-Amz-Algorithm=AWS4-HMAC-SHA256&X-Amz-Date=20260930T200518Z&X-Amz-SignedHeaders=host&X-Amz-Credential=ASIA2QE4OQUW27TYEKCH%2F20260930%2Fus-east-2%2Fs3%2Faws4_request&X-Amz-Expires=30&X-Amz-Signature=ac6d9fc70aa9500c334c4bb7bd198affea186cce5948111dae14150dc0f55d64 13581ms (cache miss)
npm http fetch GET 200 https://jfrog-prod-use2-shared-ohio-main.s3.amazonaws.com/aol-a0eigilwc24ii/filestore/20/20fa5403654dfec402ae5f41f2385bebd8099105?response-content-disposition=attachment%3Bfilename%3D%22gif.js.optimized-1.0.1.tgz%22&response-content-type=application%2Fx-gzip&X-Artifactory-username=darcy%40vlt.sh&X-Artifactory-repoType=local&X-Artifactory-repositoryKey=benchmark-npm-remote-cache&X-Artifactory-originPackageType=npm&X-Artifactory-packageType=npm&X-Artifactory-artifactPath=gif.js.optimized%2F-%2Fgif.js.optimized-1.0.1.tgz&X-Artifactory-originProjectKey=benchmark&X-Artifactory-projectKey=benchmark&X-Artifactory-originRepoType=remote&X-Artifactory-originRepositoryKey=benchmark-npm-remote&x-jf-traceId=baab1a09180ee6ff2510be80089cff4c&X-Amz-Security-Token=IQoJb3JpZ2luX2VjEKT%2F%2F%2F%2F%2F%2F%2F%2F%2F%2FwEaCXVzLWVhc3QtMiJGMEQCIGE05Nq07AoTr5hDsK%2Fz9lwEUN5HM86m%2BfGPbXQZ%2FdtCAiBQ3WNO7Py4EfCz88%2FeERFKKmb7UZEFCZqnchqYH%2BYuXyqSBQhtEAAaDDcyMTg4MjYxMzAzNyIMzzm3ajtO0WT7d9hxKu8EJU%2F3xYhBBgyfL1OAyamecU1X0jbcp0RFRmbFCPK6b6eD0b5PFFjEfdD8p2cGWog5gQV9Kjt8mGbno8V9mGEdwsCam5Bbm%2FBDkKc3DzTA8%2BSnMhG%2FwVTG3cA%2BpAKXKQ8TtnY7f2EWpE%2BSko0xe1FZV0H%2FY%2FVa0EGrces6gNWg4i%2FU3ui2hWlsWfnR9Bv7se7e0ZbPO8UGGNDhQkrc1x0g%2BbUYiRIfCpVul6bwyUTqx6jGJjpe%2Bl1sDZ6YVtBp5vVLV0G428zg6IhQf1%2F7311mz9n6YqiugFZK5fGBX4Xg9YY2e25tLsXYol55bdHgA9C5Cp9iGR%2BptiHCyfiPtk56HHQKqiiLlRiQU7M8eEjJprOQ7geXQAQLluWYyUiavmlhcuJa3pIzH0YL89I44H4jPfzA5e9O7mwZRn6zzpv8jN1RFX4hh0wEtgDxV9f4VU8OTXQEhtEnPMhnwMJKIHLHg7iwN%2Fc1lTY%2BaX4dlqhMtzS%2F6TOR8oca6f33A487nGSOGEHgwTFcvaQwRSd8GEmCzHHVMR7IiKGXzfjLChYJGtnYASJWrh3sOuFDp7cpfqS95qnaCE9NfTvgz2upgtyitiIifnCLk4JanJzzKN2DFkQLyDusSU1hCoxwXf6CAm8rIdbF23HkJI96fBTS3q%2FJ4tONCPjgh7IpU0kaCFHgdXyCoggFYeYn874G9QXZdKdzKo5kNZndVrPkAgjUiPhj5xOqRSk5%2BiUsw%2Fs6basSUOKYRBNURpIYOKjMKG5vkxAXFTZ1C%2Bzh6S7ARVzg845WjzH9nj3dL9TNwRScEhl8ogAsB6%2BJPR%2Fas05DTUC%2F7Nww%2Btb11QY6mgFuIXjUuJ1WiwOBL9NuEk6J3Raj8HIzuVWCggs4ILK0u0BDsDuUVlMwkNOHbsn4yLOBiD15bDxxi15B6oIbihBOqb0XjdnJtW6oYPTP%2FgSxD%2F3o7HYpkZJCBR7YmsIaaSJvBjG5m%2FUsJpbdBj%2BkC9lzNLqjIC37ZnVhmQ28RRyt5Fi%2FOsECLLOIc13O6Nk7NXpxGz3sA9MbSK7g&X-Amz-Algorithm=AWS4-HMAC-SHA256&X-Amz-Date=20260930T200517Z&X-Amz-SignedHeaders=host&X-Amz-Credential=ASIA2QE4OQUW7N476K6D%2F20260930%2Fus-east-2%2Fs3%2Faws4_request&X-Amz-Expires=30&X-Amz-Signature=cb9ddfa321612ad543d026ba292df29911aa1e4eb7d2a7a02deaa173fc692d02 13656ms (cache miss)
npm http fetch GET 200 https://jfrog-prod-use2-shared-ohio-main.s3.amazonaws.com/aol-a0eigilwc24ii/filestore/d6/d63f9863bcd8938815c86f9e2abd380189d96dfe?response-content-disposition=attachment%3Bfilename%3D%22axios-1.18.1.tgz%22&response-content-type=application%2Fx-gzip&X-Artifactory-username=darcy%40vlt.sh&X-Artifactory-repoType=local&X-Artifactory-repositoryKey=benchmark-npm-remote-cache&X-Artifactory-originPackageType=npm&X-Artifactory-packageType=npm&X-Artifactory-artifactPath=axios%2F-%2Faxios-1.18.1.tgz&X-Artifactory-originProjectKey=benchmark&X-Artifactory-projectKey=benchmark&X-Artifactory-originRepoType=remote&X-Artifactory-originRepositoryKey=benchmark-npm-remote&x-jf-traceId=ccbd6e9258cd261873c6ada2a9175d0f&X-Amz-Security-Token=IQoJb3JpZ2luX2VjEKP%2F%2F%2F%2F%2F%2F%2F%2F%2F%2FwEaCXVzLWVhc3QtMiJHMEUCIQCNM1vyehYeot350c8CmRxyxANvaNL6o%2FiXftrYvN3QywIgJtJnf8Vo3mqOPxnbYHJVntu4EqNd3FL7eos1bvhYpIgqkgUIbBAAGgw3MjE4ODI2MTMwMzciDOIbxNlDwteJv9ALRirvBFhqoH1fB4CeV1H%2FaT8tH%2Fhhvom8QCtzC%2FE0AvYQHFpqf%2BH%2F3xTVGISqSZkk%2BId1FoRcSuovhtFz4ghRZqDWCvDDU6VA5wF%2BanA02u6RiQmBIxm1HzosqOTTNw7oVFrPyx2XOvnqksLRMMOmtWxIjEXCcS1b9ifWcFSRYQ80danrcAqkNkCNW%2FJw0N8co%2FhFHeZPbEVLQI89iaOYuwl091x39JAjglhNjcJkk9MbmeqB8HWamd1RnZ9GhTur%2F1LVll79ah%2BY6lV3oDRtJcptDouKM9k1YKPnIfFNjDu29oUhLKCSWF9eM7hIxA0fucpTwAbc4ARQeusYYpq%2FQpaxRDvmGSBDUJX%2Br9C6UavFnfGv5sKJ2OfdUnPIIdcTemwwLAwtc4HcatwDZEPipLqqGW0nltMEtuiZyQqrPN0ZYHheLld6eIlFHH7s0nP6QYe1jdbqnA0p1R4MKQUKBRt%2FW%2FBnMM%2FVqvglFW8t%2F1aUHuhDU2ULm%2F9p2Kw%2B3q0JKU%2FrONLPzvLcEsAwkN7x81L7qYN5GeZ7Xpq315IpRsqHloLSJAtIhmGcWnk03J%2BvoppO3iWPSSAYBRj1s91hcOKRZTxcDlxGnBEDRkgr8lURS1HCBrAXRUScaSP6gujzwTuNdAnsVmDgowcYsD499zgQvTvZI61j469co13kCwPFv6D6l9oi3P04WhprxV%2FDbab995sy%2F3G4INHiPE6%2BG3HCYOBPBNJSIimqwDvy986amweffu5t9SQTtV2v%2FEvCFhLArnsCIs%2BfbbcqvozPqUMMVaN321MXXx5afWpeYFYnQ4omoul2bc7f8J3FMODLUKirMK6%2B9dUGOpkB6DGxDtYFNfORc5JhXgm9VIJz8Z9T68V0gsInpGx8xgvijGbqRKk5zQknbWkR0OyGmFJWKIjc%2FoISOvsPVxTOXXt00cMbNTFFIrKf3sK1pReGSe336dM9gLM235Wl%2BlyUriPlDgxAh3Uv14sz8wL1nsY3bcBWTxMmaKf%2BwBafuSm366qj7Cg%2FQSgON7OTTMbH2HqlH5Hduc4S&X-Amz-Algorithm=AWS4-HMAC-SHA256&X-Amz-Date=20260930T200518Z&X-Amz-SignedHeaders=host&X-Amz-Credential=ASIA2QE4OQUW27TYEKCH%2F20260930%2Fus-east-2%2Fs3%2Faws4_request&X-Amz-Expires=30&X-Amz-Signature=26222b9a1be79be1d1d63b714303a8693d8dbefb562afa2ad07264c9bf5d69c1 13612ms (cache miss)
npm http fetch GET 200 https://vltoss.jfrog.io/artifactory/api/npm/benchmark-npm-remote/@fortawesome/free-regular-svg-icons/-/free-regular-svg-icons-6.7.2.tgz 13674ms (cache miss)
npm http fetch GET 200 https://vltoss.jfrog.io/artifactory/api/npm/benchmark-npm-remote/@isaacs/cliui/-/cliui-9.0.0.tgz 13593ms (cache miss)
npm http fetch GET 200 https://vltoss.jfrog.io/artifactory/api/npm/benchmark-npm-remote/@peculiar/asn1-x509/-/asn1-x509-2.10.0.tgz 13822ms (cache miss)
npm http fetch GET 200 https://vltoss.jfrog.io/artifactory/api/npm/benchmark-npm-remote/ts-patch/-/ts-patch-3.3.0.tgz 13615ms (cache miss)
npm http fetch GET 200 https://vltoss.jfrog.io/artifactory/api/npm/benchmark-npm-remote/dnd-core/-/dnd-core-15.0.1.tgz 13889ms (cache miss)
npm http fetch GET 200 https://vltoss.jfrog.io/artifactory/api/npm/benchmark-npm-remote/@fluentui/react-badge/-/react-badge-9.5.6.tgz 13852ms (cache miss)
npm http fetch GET 200 https://vltoss.jfrog.io/artifactory/api/npm/benchmark-npm-remote/ts-node/-/ts-node-10.9.2.tgz 13716ms (cache miss)
npm http fetch GET 200 https://vltoss.jfrog.io/artifactory/api/npm/benchmark-npm-remote/jsx-ast-utils/-/jsx-ast-utils-3.3.5.tgz 13752ms (cache miss)
npm http fetch GET 200 https://vltoss.jfrog.io/artifactory/api/npm/benchmark-npm-remote/@fluentui/react-tabster/-/react-tabster-9.26.18.tgz 13890ms (cache miss)
npm http fetch GET 200 https://vltoss.jfrog.io/artifactory/api/npm/benchmark-npm-remote/@fluentui/react-popover/-/react-popover-9.14.9.tgz 13920ms (cache miss)
npm http fetch GET 200 https://vltoss.jfrog.io/artifactory/api/npm/benchmark-npm-remote/@typescript-eslint/typescript-estree/-/typescript-estree-8.56.1.tgz 13711ms (cache miss)
npm http fetch GET 200 https://vltoss.jfrog.io/artifactory/api/npm/benchmark-npm-remote/@memlab/api/-/api-1.0.42.tgz 13980ms (cache miss)
npm http fetch GET 200 https://vltoss.jfrog.io/artifactory/api/npm/benchmark-npm-remote/resolve/-/resolve-2.0.0-next.7.tgz 13892ms (cache miss)
npm http fetch GET 200 https://vltoss.jfrog.io/artifactory/api/npm/benchmark-npm-remote/resolve/-/resolve-1.22.12.tgz 13851ms (cache miss)
npm http fetch GET 200 https://vltoss.jfrog.io/artifactory/api/npm/benchmark-npm-remote/@fluentui/react-list/-/react-list-9.6.19.tgz 14033ms (cache miss)
npm http fetch GET 200 https://jfrog-prod-use2-shared-ohio-main.s3.amazonaws.com/aol-a0eigilwc24ii/filestore/e1/e1066bce58394f1b1141deec8557a5f0a22f5977?response-content-disposition=attachment%3Bfilename%3D%22linux-arm64-0.25.12.tgz%22&response-content-type=application%2Fx-gzip&X-Artifactory-username=darcy%40vlt.sh&X-Artifactory-repoType=local&X-Artifactory-repositoryKey=benchmark-npm-remote-cache&X-Artifactory-originPackageType=npm&X-Artifactory-packageType=npm&X-Artifactory-artifactPath=%40esbuild%2Flinux-arm64%2F-%2Flinux-arm64-0.25.12.tgz&X-Artifactory-originProjectKey=benchmark&X-Artifactory-projectKey=benchmark&X-Artifactory-originRepoType=remote&X-Artifactory-originRepositoryKey=benchmark-npm-remote&x-jf-traceId=973515f1c687897a392e06fa597d8cf8&X-Amz-Security-Token=IQoJb3JpZ2luX2VjEKT%2F%2F%2F%2F%2F%2F%2F%2F%2F%2FwEaCXVzLWVhc3QtMiJGMEQCIGE05Nq07AoTr5hDsK%2Fz9lwEUN5HM86m%2BfGPbXQZ%2FdtCAiBQ3WNO7Py4EfCz88%2FeERFKKmb7UZEFCZqnchqYH%2BYuXyqSBQhtEAAaDDcyMTg4MjYxMzAzNyIMzzm3ajtO0WT7d9hxKu8EJU%2F3xYhBBgyfL1OAyamecU1X0jbcp0RFRmbFCPK6b6eD0b5PFFjEfdD8p2cGWog5gQV9Kjt8mGbno8V9mGEdwsCam5Bbm%2FBDkKc3DzTA8%2BSnMhG%2FwVTG3cA%2BpAKXKQ8TtnY7f2EWpE%2BSko0xe1FZV0H%2FY%2FVa0EGrces6gNWg4i%2FU3ui2hWlsWfnR9Bv7se7e0ZbPO8UGGNDhQkrc1x0g%2BbUYiRIfCpVul6bwyUTqx6jGJjpe%2Bl1sDZ6YVtBp5vVLV0G428zg6IhQf1%2F7311mz9n6YqiugFZK5fGBX4Xg9YY2e25tLsXYol55bdHgA9C5Cp9iGR%2BptiHCyfiPtk56HHQKqiiLlRiQU7M8eEjJprOQ7geXQAQLluWYyUiavmlhcuJa3pIzH0YL89I44H4jPfzA5e9O7mwZRn6zzpv8jN1RFX4hh0wEtgDxV9f4VU8OTXQEhtEnPMhnwMJKIHLHg7iwN%2Fc1lTY%2BaX4dlqhMtzS%2F6TOR8oca6f33A487nGSOGEHgwTFcvaQwRSd8GEmCzHHVMR7IiKGXzfjLChYJGtnYASJWrh3sOuFDp7cpfqS95qnaCE9NfTvgz2upgtyitiIifnCLk4JanJzzKN2DFkQLyDusSU1hCoxwXf6CAm8rIdbF23HkJI96fBTS3q%2FJ4tONCPjgh7IpU0kaCFHgdXyCoggFYeYn874G9QXZdKdzKo5kNZndVrPkAgjUiPhj5xOqRSk5%2BiUsw%2Fs6basSUOKYRBNURpIYOKjMKG5vkxAXFTZ1C%2Bzh6S7ARVzg845WjzH9nj3dL9TNwRScEhl8ogAsB6%2BJPR%2Fas05DTUC%2F7Nww%2Btb11QY6mgFuIXjUuJ1WiwOBL9NuEk6J3Raj8HIzuVWCggs4ILK0u0BDsDuUVlMwkNOHbsn4yLOBiD15bDxxi15B6oIbihBOqb0XjdnJtW6oYPTP%2FgSxD%2F3o7HYpkZJCBR7YmsIaaSJvBjG5m%2FUsJpbdBj%2BkC9lzNLqjIC37ZnVhmQ28RRyt5Fi%2FOsECLLOIc13O6Nk7NXpxGz3sA9MbSK7g&X-Amz-Algorithm=AWS4-HMAC-SHA256&X-Amz-Date=20260930T200515Z&X-Amz-SignedHeaders=host&X-Amz-Credential=ASIA2QE4OQUW7N476K6D%2F20260930%2Fus-east-2%2Fs3%2Faws4_request&X-Amz-Expires=30&X-Amz-Signature=b0da5a883f975ddb417447b9ba0277489757355c10a49fd6a981980440f789ae 14105ms (cache miss)
npm http fetch GET 200 https://vltoss.jfrog.io/artifactory/api/npm/benchmark-npm-remote/resolve/-/resolve-1.22.12.tgz 13898ms (cache miss)
npm http fetch GET 200 https://vltoss.jfrog.io/artifactory/api/npm/benchmark-npm-remote/resolve/-/resolve-1.22.12.tgz 13899ms (cache miss)
npm http fetch GET 200 https://vltoss.jfrog.io/artifactory/api/npm/benchmark-npm-remote/@typescript-eslint/utils/-/utils-8.56.1.tgz 13879ms (cache miss)
npm http fetch GET 200 https://vltoss.jfrog.io/artifactory/api/npm/benchmark-npm-remote/resolve/-/resolve-1.22.12.tgz 13931ms (cache miss)
npm http fetch GET 200 https://vltoss.jfrog.io/artifactory/api/npm/benchmark-npm-remote/resolve/-/resolve-1.22.12.tgz 13985ms (cache miss)
npm http fetch GET 200 https://vltoss.jfrog.io/artifactory/api/npm/benchmark-npm-remote/resolve/-/resolve-1.22.12.tgz 13997ms (cache miss)
npm http fetch GET 200 https://vltoss.jfrog.io/artifactory/api/npm/benchmark-npm-remote/@jsonjoy.com/util/-/util-17.67.0.tgz 14085ms (cache miss)
npm http fetch GET 200 https://vltoss.jfrog.io/artifactory/api/npm/benchmark-npm-remote/@nx/devkit/-/devkit-19.8.4.tgz 14057ms (cache miss)
npm http fetch GET 200 https://vltoss.jfrog.io/artifactory/api/npm/benchmark-npm-remote/resolve/-/resolve-1.22.12.tgz 14036ms (cache miss)
npm http fetch GET 200 https://vltoss.jfrog.io/artifactory/api/npm/benchmark-npm-remote/ajv/-/ajv-6.15.0.tgz 14093ms (cache miss)
npm http fetch GET 200 https://vltoss.jfrog.io/artifactory/api/npm/benchmark-npm-remote/ajv/-/ajv-6.15.0.tgz 14105ms (cache miss)
npm http fetch GET 200 https://vltoss.jfrog.io/artifactory/api/npm/benchmark-npm-remote/@lit/reactive-element/-/reactive-element-2.1.2.tgz 14446ms (cache miss)
npm http fetch GET 200 https://vltoss.jfrog.io/artifactory/api/npm/benchmark-npm-remote/@fluentui/react-rating/-/react-rating-9.4.6.tgz 14420ms (cache miss)
npm http fetch GET 200 https://vltoss.jfrog.io/artifactory/api/npm/benchmark-npm-remote/css-select/-/css-select-5.2.2.tgz 14301ms (cache miss)
npm http fetch GET 200 https://vltoss.jfrog.io/artifactory/api/npm/benchmark-npm-remote/jsdoc-type-pratt-parser/-/jsdoc-type-pratt-parser-4.1.0.tgz 14386ms (cache miss)
npm http fetch GET 200 https://vltoss.jfrog.io/artifactory/api/npm/benchmark-npm-remote/ajv/-/ajv-6.15.0.tgz 14290ms (cache miss)
npm http fetch GET 200 https://vltoss.jfrog.io/artifactory/api/npm/benchmark-npm-remote/@nx/devkit/-/devkit-19.8.4.tgz 14290ms (cache miss)
npm http fetch GET 200 https://vltoss.jfrog.io/artifactory/api/npm/benchmark-npm-remote/ajv/-/ajv-6.15.0.tgz 14332ms (cache miss)
npm http fetch GET 200 https://vltoss.jfrog.io/artifactory/api/npm/benchmark-npm-remote/clean-css/-/clean-css-5.3.3.tgz 14598ms (cache miss)
npm http fetch GET 200 https://vltoss.jfrog.io/artifactory/api/npm/benchmark-npm-remote/ajv-keywords/-/ajv-keywords-5.1.0.tgz 14537ms (cache miss)
npm http fetch GET 200 https://vltoss.jfrog.io/artifactory/api/npm/benchmark-npm-remote/@puppeteer/browsers/-/browsers-2.3.0.tgz 14645ms (cache miss)
npm http fetch GET 200 https://vltoss.jfrog.io/artifactory/api/npm/benchmark-npm-remote/rimraf/-/rimraf-6.0.1.tgz 14517ms (cache miss)
npm http fetch GET 200 https://vltoss.jfrog.io/artifactory/api/npm/benchmark-npm-remote/@fluentui/tokens/-/tokens-1.0.0-alpha.24.tgz 14732ms (cache miss)
npm http fetch GET 200 https://vltoss.jfrog.io/artifactory/api/npm/benchmark-npm-remote/@jsonjoy.com/util/-/util-1.9.0.tgz 14822ms (cache miss)
npm http fetch GET 200 https://vltoss.jfrog.io/artifactory/api/npm/benchmark-npm-remote/comment-parser/-/comment-parser-1.4.1.tgz 14623ms (cache miss)
npm http fetch GET 200 https://vltoss.jfrog.io/artifactory/api/npm/benchmark-npm-remote/@jsonjoy.com/buffers/-/buffers-1.2.1.tgz 14594ms (cache miss)
npm http fetch GET 200 https://vltoss.jfrog.io/artifactory/api/npm/benchmark-npm-remote/@jsonjoy.com/buffers/-/buffers-1.2.1.tgz 14594ms (cache miss)
npm http fetch GET 200 https://vltoss.jfrog.io/artifactory/api/npm/benchmark-npm-remote/tsyringe/-/tsyringe-4.10.0.tgz 14892ms (cache miss)
npm http fetch GET 200 https://jfrog-prod-use2-shared-ohio-main.s3.amazonaws.com/aol-a0eigilwc24ii/filestore/60/602b55faa6e4caeaa5e970c198b5c00a37708980?response-content-disposition=attachment%3Bfilename%3D%22eslint-plugin-import-2.32.0.tgz%22&response-content-type=application%2Fx-gzip&X-Artifactory-username=darcy%40vlt.sh&X-Artifactory-repoType=local&X-Artifactory-repositoryKey=benchmark-npm-remote-cache&X-Artifactory-originPackageType=npm&X-Artifactory-packageType=npm&X-Artifactory-artifactPath=eslint-plugin-import%2F-%2Feslint-plugin-import-2.32.0.tgz&X-Artifactory-originProjectKey=benchmark&X-Artifactory-projectKey=benchmark&X-Artifactory-originRepoType=remote&X-Artifactory-originRepositoryKey=benchmark-npm-remote&x-jf-traceId=c139edddf1c57ee6d2852b8092cba5f6&X-Amz-Security-Token=IQoJb3JpZ2luX2VjEKP%2F%2F%2F%2F%2F%2F%2F%2F%2F%2FwEaCXVzLWVhc3QtMiJHMEUCIQCNM1vyehYeot350c8CmRxyxANvaNL6o%2FiXftrYvN3QywIgJtJnf8Vo3mqOPxnbYHJVntu4EqNd3FL7eos1bvhYpIgqkgUIbBAAGgw3MjE4ODI2MTMwMzciDOIbxNlDwteJv9ALRirvBFhqoH1fB4CeV1H%2FaT8tH%2Fhhvom8QCtzC%2FE0AvYQHFpqf%2BH%2F3xTVGISqSZkk%2BId1FoRcSuovhtFz4ghRZqDWCvDDU6VA5wF%2BanA02u6RiQmBIxm1HzosqOTTNw7oVFrPyx2XOvnqksLRMMOmtWxIjEXCcS1b9ifWcFSRYQ80danrcAqkNkCNW%2FJw0N8co%2FhFHeZPbEVLQI89iaOYuwl091x39JAjglhNjcJkk9MbmeqB8HWamd1RnZ9GhTur%2F1LVll79ah%2BY6lV3oDRtJcptDouKM9k1YKPnIfFNjDu29oUhLKCSWF9eM7hIxA0fucpTwAbc4ARQeusYYpq%2FQpaxRDvmGSBDUJX%2Br9C6UavFnfGv5sKJ2OfdUnPIIdcTemwwLAwtc4HcatwDZEPipLqqGW0nltMEtuiZyQqrPN0ZYHheLld6eIlFHH7s0nP6QYe1jdbqnA0p1R4MKQUKBRt%2FW%2FBnMM%2FVqvglFW8t%2F1aUHuhDU2ULm%2F9p2Kw%2B3q0JKU%2FrONLPzvLcEsAwkN7x81L7qYN5GeZ7Xpq315IpRsqHloLSJAtIhmGcWnk03J%2BvoppO3iWPSSAYBRj1s91hcOKRZTxcDlxGnBEDRkgr8lURS1HCBrAXRUScaSP6gujzwTuNdAnsVmDgowcYsD499zgQvTvZI61j469co13kCwPFv6D6l9oi3P04WhprxV%2FDbab995sy%2F3G4INHiPE6%2BG3HCYOBPBNJSIimqwDvy986amweffu5t9SQTtV2v%2FEvCFhLArnsCIs%2BfbbcqvozPqUMMVaN321MXXx5afWpeYFYnQ4omoul2bc7f8J3FMODLUKirMK6%2B9dUGOpkB6DGxDtYFNfORc5JhXgm9VIJz8Z9T68V0gsInpGx8xgvijGbqRKk5zQknbWkR0OyGmFJWKIjc%2FoISOvsPVxTOXXt00cMbNTFFIrKf3sK1pReGSe336dM9gLM235Wl%2BlyUriPlDgxAh3Uv14sz8wL1nsY3bcBWTxMmaKf%2BwBafuSm366qj7Cg%2FQSgON7OTTMbH2HqlH5Hduc4S&X-Amz-Algorithm=AWS4-HMAC-SHA256&X-Amz-Date=20260930T200521Z&X-Amz-SignedHeaders=host&X-Amz-Credential=ASIA2QE4OQUW27TYEKCH%2F20260930%2Fus-east-2%2Fs3%2Faws4_request&X-Amz-Expires=30&X-Amz-Signature=c3dc5168d8fab94f4dc3e1b172798e16aa07c1c2a9196c050849d48382734595 14665ms (cache miss)
npm http fetch GET 200 https://vltoss.jfrog.io/artifactory/api/npm/benchmark-npm-remote/eslint-plugin-jest/-/eslint-plugin-jest-28.11.2.tgz 14703ms (cache miss)
npm http fetch GET 200 https://vltoss.jfrog.io/artifactory/api/npm/benchmark-npm-remote/@babel/core/-/core-7.29.7.tgz 14757ms (cache miss)
npm http fetch GET 200 https://vltoss.jfrog.io/artifactory/api/npm/benchmark-npm-remote/@babel/runtime/-/runtime-7.29.7.tgz 14914ms (cache miss)
npm http fetch GET 200 https://jfrog-prod-use2-shared-ohio-main.s3.amazonaws.com/aol-a0eigilwc24ii/filestore/4c/4c36406a62c7baac499726f899935f93f0e6d003?response-content-disposition=attachment%3Bfilename%3D%22core-6.3.1.tgz%22&response-content-type=application%2Fx-gzip&X-Artifactory-username=darcy%40vlt.sh&X-Artifactory-repoType=local&X-Artifactory-repositoryKey=benchmark-npm-remote-cache&X-Artifactory-originPackageType=npm&X-Artifactory-packageType=npm&X-Artifactory-artifactPath=%40dnd-kit%2Fcore%2F-%2Fcore-6.3.1.tgz&X-Artifactory-originProjectKey=benchmark&X-Artifactory-projectKey=benchmark&X-Artifactory-originRepoType=remote&X-Artifactory-originRepositoryKey=benchmark-npm-remote&x-jf-traceId=96213ce6f10ab6a167790e6e5276b76d&X-Amz-Security-Token=IQoJb3JpZ2luX2VjEKP%2F%2F%2F%2F%2F%2F%2F%2F%2F%2FwEaCXVzLWVhc3QtMiJHMEUCIQCNM1vyehYeot350c8CmRxyxANvaNL6o%2FiXftrYvN3QywIgJtJnf8Vo3mqOPxnbYHJVntu4EqNd3FL7eos1bvhYpIgqkgUIbBAAGgw3MjE4ODI2MTMwMzciDOIbxNlDwteJv9ALRirvBFhqoH1fB4CeV1H%2FaT8tH%2Fhhvom8QCtzC%2FE0AvYQHFpqf%2BH%2F3xTVGISqSZkk%2BId1FoRcSuovhtFz4ghRZqDWCvDDU6VA5wF%2BanA02u6RiQmBIxm1HzosqOTTNw7oVFrPyx2XOvnqksLRMMOmtWxIjEXCcS1b9ifWcFSRYQ80danrcAqkNkCNW%2FJw0N8co%2FhFHeZPbEVLQI89iaOYuwl091x39JAjglhNjcJkk9MbmeqB8HWamd1RnZ9GhTur%2F1LVll79ah%2BY6lV3oDRtJcptDouKM9k1YKPnIfFNjDu29oUhLKCSWF9eM7hIxA0fucpTwAbc4ARQeusYYpq%2FQpaxRDvmGSBDUJX%2Br9C6UavFnfGv5sKJ2OfdUnPIIdcTemwwLAwtc4HcatwDZEPipLqqGW0nltMEtuiZyQqrPN0ZYHheLld6eIlFHH7s0nP6QYe1jdbqnA0p1R4MKQUKBRt%2FW%2FBnMM%2FVqvglFW8t%2F1aUHuhDU2ULm%2F9p2Kw%2B3q0JKU%2FrONLPzvLcEsAwkN7x81L7qYN5GeZ7Xpq315IpRsqHloLSJAtIhmGcWnk03J%2BvoppO3iWPSSAYBRj1s91hcOKRZTxcDlxGnBEDRkgr8lURS1HCBrAXRUScaSP6gujzwTuNdAnsVmDgowcYsD499zgQvTvZI61j469co13kCwPFv6D6l9oi3P04WhprxV%2FDbab995sy%2F3G4INHiPE6%2BG3HCYOBPBNJSIimqwDvy986amweffu5t9SQTtV2v%2FEvCFhLArnsCIs%2BfbbcqvozPqUMMVaN321MXXx5afWpeYFYnQ4omoul2bc7f8J3FMODLUKirMK6%2B9dUGOpkB6DGxDtYFNfORc5JhXgm9VIJz8Z9T68V0gsInpGx8xgvijGbqRKk5zQknbWkR0OyGmFJWKIjc%2FoISOvsPVxTOXXt00cMbNTFFIrKf3sK1pReGSe336dM9gLM235Wl%2BlyUriPlDgxAh3Uv14sz8wL1nsY3bcBWTxMmaKf%2BwBafuSm366qj7Cg%2FQSgON7OTTMbH2HqlH5Hduc4S&X-Amz-Algorithm=AWS4-HMAC-SHA256&X-Amz-Date=20260930T200517Z&X-Amz-SignedHeaders=host&X-Amz-Credential=ASIA2QE4OQUW27TYEKCH%2F20260930%2Fus-east-2%2Fs3%2Faws4_request&X-Amz-Expires=30&X-Amz-Signature=a17c12332accb3c04faf73fe6976bdcb38e1550c41bb309a9d71c89b6277164c 15000ms (cache miss)
npm http fetch GET 200 https://vltoss.jfrog.io/artifactory/api/npm/benchmark-npm-remote/@memlab/e2e/-/e2e-1.0.43.tgz 15133ms (cache miss)
npm http fetch GET 200 https://vltoss.jfrog.io/artifactory/api/npm/benchmark-npm-remote/@fluentui/react-card/-/react-card-9.7.3.tgz 15114ms (cache miss)
npm http fetch GET 200 https://vltoss.jfrog.io/artifactory/api/npm/benchmark-npm-remote/@fluentui/react-motion-components-preview/-/react-motion-components-preview-0.15.9.tgz 15139ms (cache miss)
npm http fetch GET 200 https://vltoss.jfrog.io/artifactory/api/npm/benchmark-npm-remote/@fluentui/react-breadcrumb/-/react-breadcrumb-9.4.6.tgz 15135ms (cache miss)
npm http fetch GET 200 https://vltoss.jfrog.io/artifactory/api/npm/benchmark-npm-remote/axobject-query/-/axobject-query-4.1.0.tgz 15030ms (cache miss)
npm http fetch GET 200 https://vltoss.jfrog.io/artifactory/api/npm/benchmark-npm-remote/@fluentui/react-accordion/-/react-accordion-9.12.4.tgz 15218ms (cache miss)
npm http fetch GET 200 https://jfrog-prod-use2-shared-ohio-main.s3.amazonaws.com/aol-a0eigilwc24ii/filestore/4a/4af1f7c24920805d0b05259c235aa25894d64c17?response-content-disposition=attachment%3Bfilename%3D%22nx-linux-arm64-gnu-19.8.4.tgz%22&response-content-type=application%2Fx-gzip&X-Artifactory-username=darcy%40vlt.sh&X-Artifactory-repoType=local&X-Artifactory-repositoryKey=benchmark-npm-remote-cache&X-Artifactory-originPackageType=npm&X-Artifactory-packageType=npm&X-Artifactory-artifactPath=%40nx%2Fnx-linux-arm64-gnu%2F-%2Fnx-linux-arm64-gnu-19.8.4.tgz&X-Artifactory-originProjectKey=benchmark&X-Artifactory-projectKey=benchmark&X-Artifactory-originRepoType=remote&X-Artifactory-originRepositoryKey=benchmark-npm-remote&x-jf-traceId=2b4a9db284ae50eee7600e56360c54fe&X-Amz-Security-Token=IQoJb3JpZ2luX2VjEKP%2F%2F%2F%2F%2F%2F%2F%2F%2F%2FwEaCXVzLWVhc3QtMiJHMEUCIQCNM1vyehYeot350c8CmRxyxANvaNL6o%2FiXftrYvN3QywIgJtJnf8Vo3mqOPxnbYHJVntu4EqNd3FL7eos1bvhYpIgqkgUIbBAAGgw3MjE4ODI2MTMwMzciDOIbxNlDwteJv9ALRirvBFhqoH1fB4CeV1H%2FaT8tH%2Fhhvom8QCtzC%2FE0AvYQHFpqf%2BH%2F3xTVGISqSZkk%2BId1FoRcSuovhtFz4ghRZqDWCvDDU6VA5wF%2BanA02u6RiQmBIxm1HzosqOTTNw7oVFrPyx2XOvnqksLRMMOmtWxIjEXCcS1b9ifWcFSRYQ80danrcAqkNkCNW%2FJw0N8co%2FhFHeZPbEVLQI89iaOYuwl091x39JAjglhNjcJkk9MbmeqB8HWamd1RnZ9GhTur%2F1LVll79ah%2BY6lV3oDRtJcptDouKM9k1YKPnIfFNjDu29oUhLKCSWF9eM7hIxA0fucpTwAbc4ARQeusYYpq%2FQpaxRDvmGSBDUJX%2Br9C6UavFnfGv5sKJ2OfdUnPIIdcTemwwLAwtc4HcatwDZEPipLqqGW0nltMEtuiZyQqrPN0ZYHheLld6eIlFHH7s0nP6QYe1jdbqnA0p1R4MKQUKBRt%2FW%2FBnMM%2FVqvglFW8t%2F1aUHuhDU2ULm%2F9p2Kw%2B3q0JKU%2FrONLPzvLcEsAwkN7x81L7qYN5GeZ7Xpq315IpRsqHloLSJAtIhmGcWnk03J%2BvoppO3iWPSSAYBRj1s91hcOKRZTxcDlxGnBEDRkgr8lURS1HCBrAXRUScaSP6gujzwTuNdAnsVmDgowcYsD499zgQvTvZI61j469co13kCwPFv6D6l9oi3P04WhprxV%2FDbab995sy%2F3G4INHiPE6%2BG3HCYOBPBNJSIimqwDvy986amweffu5t9SQTtV2v%2FEvCFhLArnsCIs%2BfbbcqvozPqUMMVaN321MXXx5afWpeYFYnQ4omoul2bc7f8J3FMODLUKirMK6%2B9dUGOpkB6DGxDtYFNfORc5JhXgm9VIJz8Z9T68V0gsInpGx8xgvijGbqRKk5zQknbWkR0OyGmFJWKIjc%2FoISOvsPVxTOXXt00cMbNTFFIrKf3sK1pReGSe336dM9gLM235Wl%2BlyUriPlDgxAh3Uv14sz8wL1nsY3bcBWTxMmaKf%2BwBafuSm366qj7Cg%2FQSgON7OTTMbH2HqlH5Hduc4S&X-Amz-Algorithm=AWS4-HMAC-SHA256&X-Amz-Date=20260930T200523Z&X-Amz-SignedHeaders=host&X-Amz-Credential=ASIA2QE4OQUW27TYEKCH%2F20260930%2Fus-east-2%2Fs3%2Faws4_request&X-Amz-Expires=30&X-Amz-Signature=04be8da00e39dc2b7596237c6eb06256e776ff6e64b0bf15f327368f609bebfe 15019ms (cache miss)
npm http fetch GET 200 https://jfrog-prod-use2-shared-ohio-main.s3.amazonaws.com/aol-a0eigilwc24ii/filestore/09/09b826918c91cd4cbc80e0cbd1d2a922ff04f233?response-content-disposition=attachment%3Bfilename%3D%22prettier-3.9.9.tgz%22&response-content-type=application%2Fx-gzip&X-Artifactory-username=darcy%40vlt.sh&X-Artifactory-repoType=local&X-Artifactory-repositoryKey=benchmark-npm-remote-cache&X-Artifactory-originPackageType=npm&X-Artifactory-packageType=npm&X-Artifactory-artifactPath=prettier%2F-%2Fprettier-3.9.9.tgz&X-Artifactory-originProjectKey=benchmark&X-Artifactory-projectKey=benchmark&X-Artifactory-originRepoType=remote&X-Artifactory-originRepositoryKey=benchmark-npm-remote&x-jf-traceId=0ba781e2c63eac39274158325efe5b62&X-Amz-Security-Token=IQoJb3JpZ2luX2VjEKP%2F%2F%2F%2F%2F%2F%2F%2F%2F%2FwEaCXVzLWVhc3QtMiJHMEUCIQCNM1vyehYeot350c8CmRxyxANvaNL6o%2FiXftrYvN3QywIgJtJnf8Vo3mqOPxnbYHJVntu4EqNd3FL7eos1bvhYpIgqkgUIbBAAGgw3MjE4ODI2MTMwMzciDOIbxNlDwteJv9ALRirvBFhqoH1fB4CeV1H%2FaT8tH%2Fhhvom8QCtzC%2FE0AvYQHFpqf%2BH%2F3xTVGISqSZkk%2BId1FoRcSuovhtFz4ghRZqDWCvDDU6VA5wF%2BanA02u6RiQmBIxm1HzosqOTTNw7oVFrPyx2XOvnqksLRMMOmtWxIjEXCcS1b9ifWcFSRYQ80danrcAqkNkCNW%2FJw0N8co%2FhFHeZPbEVLQI89iaOYuwl091x39JAjglhNjcJkk9MbmeqB8HWamd1RnZ9GhTur%2F1LVll79ah%2BY6lV3oDRtJcptDouKM9k1YKPnIfFNjDu29oUhLKCSWF9eM7hIxA0fucpTwAbc4ARQeusYYpq%2FQpaxRDvmGSBDUJX%2Br9C6UavFnfGv5sKJ2OfdUnPIIdcTemwwLAwtc4HcatwDZEPipLqqGW0nltMEtuiZyQqrPN0ZYHheLld6eIlFHH7s0nP6QYe1jdbqnA0p1R4MKQUKBRt%2FW%2FBnMM%2FVqvglFW8t%2F1aUHuhDU2ULm%2F9p2Kw%2B3q0JKU%2FrONLPzvLcEsAwkN7x81L7qYN5GeZ7Xpq315IpRsqHloLSJAtIhmGcWnk03J%2BvoppO3iWPSSAYBRj1s91hcOKRZTxcDlxGnBEDRkgr8lURS1HCBrAXRUScaSP6gujzwTuNdAnsVmDgowcYsD499zgQvTvZI61j469co13kCwPFv6D6l9oi3P04WhprxV%2FDbab995sy%2F3G4INHiPE6%2BG3HCYOBPBNJSIimqwDvy986amweffu5t9SQTtV2v%2FEvCFhLArnsCIs%2BfbbcqvozPqUMMVaN321MXXx5afWpeYFYnQ4omoul2bc7f8J3FMODLUKirMK6%2B9dUGOpkB6DGxDtYFNfORc5JhXgm9VIJz8Z9T68V0gsInpGx8xgvijGbqRKk5zQknbWkR0OyGmFJWKIjc%2FoISOvsPVxTOXXt00cMbNTFFIrKf3sK1pReGSe336dM9gLM235Wl%2BlyUriPlDgxAh3Uv14sz8wL1nsY3bcBWTxMmaKf%2BwBafuSm366qj7Cg%2FQSgON7OTTMbH2HqlH5Hduc4S&X-Amz-Algorithm=AWS4-HMAC-SHA256&X-Amz-Date=20260930T200521Z&X-Amz-SignedHeaders=host&X-Amz-Credential=ASIA2QE4OQUW27TYEKCH%2F20260930%2Fus-east-2%2Fs3%2Faws4_request&X-Amz-Expires=30&X-Amz-Signature=289615cf22b84e1bb6e6d89df5c201d2a6436916b2651b6015d8e9f03f399769 15169ms (cache miss)
npm http fetch GET 200 https://jfrog-prod-use2-shared-ohio-main.s3.amazonaws.com/aol-a0eigilwc24ii/filestore/4a/4af1f7c24920805d0b05259c235aa25894d64c17?response-content-disposition=attachment%3Bfilename%3D%22nx-linux-arm64-gnu-19.8.4.tgz%22&response-content-type=application%2Fx-gzip&X-Artifactory-username=darcy%40vlt.sh&X-Artifactory-repoType=local&X-Artifactory-repositoryKey=benchmark-npm-remote-cache&X-Artifactory-originPackageType=npm&X-Artifactory-packageType=npm&X-Artifactory-artifactPath=%40nx%2Fnx-linux-arm64-gnu%2F-%2Fnx-linux-arm64-gnu-19.8.4.tgz&X-Artifactory-originProjectKey=benchmark&X-Artifactory-projectKey=benchmark&X-Artifactory-originRepoType=remote&X-Artifactory-originRepositoryKey=benchmark-npm-remote&x-jf-traceId=9f29f0d30c7b369cfbf0489f08e0b384&X-Amz-Security-Token=IQoJb3JpZ2luX2VjEKP%2F%2F%2F%2F%2F%2F%2F%2F%2F%2FwEaCXVzLWVhc3QtMiJHMEUCIQCNM1vyehYeot350c8CmRxyxANvaNL6o%2FiXftrYvN3QywIgJtJnf8Vo3mqOPxnbYHJVntu4EqNd3FL7eos1bvhYpIgqkgUIbBAAGgw3MjE4ODI2MTMwMzciDOIbxNlDwteJv9ALRirvBFhqoH1fB4CeV1H%2FaT8tH%2Fhhvom8QCtzC%2FE0AvYQHFpqf%2BH%2F3xTVGISqSZkk%2BId1FoRcSuovhtFz4ghRZqDWCvDDU6VA5wF%2BanA02u6RiQmBIxm1HzosqOTTNw7oVFrPyx2XOvnqksLRMMOmtWxIjEXCcS1b9ifWcFSRYQ80danrcAqkNkCNW%2FJw0N8co%2FhFHeZPbEVLQI89iaOYuwl091x39JAjglhNjcJkk9MbmeqB8HWamd1RnZ9GhTur%2F1LVll79ah%2BY6lV3oDRtJcptDouKM9k1YKPnIfFNjDu29oUhLKCSWF9eM7hIxA0fucpTwAbc4ARQeusYYpq%2FQpaxRDvmGSBDUJX%2Br9C6UavFnfGv5sKJ2OfdUnPIIdcTemwwLAwtc4HcatwDZEPipLqqGW0nltMEtuiZyQqrPN0ZYHheLld6eIlFHH7s0nP6QYe1jdbqnA0p1R4MKQUKBRt%2FW%2FBnMM%2FVqvglFW8t%2F1aUHuhDU2ULm%2F9p2Kw%2B3q0JKU%2FrONLPzvLcEsAwkN7x81L7qYN5GeZ7Xpq315IpRsqHloLSJAtIhmGcWnk03J%2BvoppO3iWPSSAYBRj1s91hcOKRZTxcDlxGnBEDRkgr8lURS1HCBrAXRUScaSP6gujzwTuNdAnsVmDgowcYsD499zgQvTvZI61j469co13kCwPFv6D6l9oi3P04WhprxV%2FDbab995sy%2F3G4INHiPE6%2BG3HCYOBPBNJSIimqwDvy986amweffu5t9SQTtV2v%2FEvCFhLArnsCIs%2BfbbcqvozPqUMMVaN321MXXx5afWpeYFYnQ4omoul2bc7f8J3FMODLUKirMK6%2B9dUGOpkB6DGxDtYFNfORc5JhXgm9VIJz8Z9T68V0gsInpGx8xgvijGbqRKk5zQknbWkR0OyGmFJWKIjc%2FoISOvsPVxTOXXt00cMbNTFFIrKf3sK1pReGSe336dM9gLM235Wl%2BlyUriPlDgxAh3Uv14sz8wL1nsY3bcBWTxMmaKf%2BwBafuSm366qj7Cg%2FQSgON7OTTMbH2HqlH5Hduc4S&X-Amz-Algorithm=AWS4-HMAC-SHA256&X-Amz-Date=20260930T200524Z&X-Amz-SignedHeaders=host&X-Amz-Credential=ASIA2QE4OQUW27TYEKCH%2F20260930%2Fus-east-2%2Fs3%2Faws4_request&X-Amz-Expires=30&X-Amz-Signature=4c62ef990238b3f5e3924f1f156ebc9d63b0e93bcc88e324cf12331e0f694b2b 15093ms (cache miss)
npm http fetch GET 200 https://vltoss.jfrog.io/artifactory/api/npm/benchmark-npm-remote/lit/-/lit-3.3.3.tgz 15354ms (cache miss)
npm http fetch GET 200 https://vltoss.jfrog.io/artifactory/api/npm/benchmark-npm-remote/@fluentui/react-positioning/-/react-positioning-9.23.3.tgz 15427ms (cache miss)
npm http fetch GET 200 https://vltoss.jfrog.io/artifactory/api/npm/benchmark-npm-remote/@fluentui/react-avatar/-/react-avatar-9.11.8.tgz 15481ms (cache miss)
npm http fetch GET 200 https://jfrog-prod-use2-shared-ohio-main.s3.amazonaws.com/aol-a0eigilwc24ii/filestore/12/1229eef31d85156d70fa3f4cd859376d0eaf6863?response-content-disposition=attachment%3Bfilename%3D%22types-7.29.8.tgz%22&response-content-type=application%2Fx-gzip&X-Artifactory-username=darcy%40vlt.sh&X-Artifactory-repoType=local&X-Artifactory-repositoryKey=benchmark-npm-remote-cache&X-Artifactory-originPackageType=npm&X-Artifactory-packageType=npm&X-Artifactory-artifactPath=%40babel%2Ftypes%2F-%2Ftypes-7.29.8.tgz&X-Artifactory-originProjectKey=benchmark&X-Artifactory-projectKey=benchmark&X-Artifactory-originRepoType=remote&X-Artifactory-originRepositoryKey=benchmark-npm-remote&x-jf-traceId=52b3993ec429042339cda56a17dfbdfd&X-Amz-Security-Token=IQoJb3JpZ2luX2VjEKT%2F%2F%2F%2F%2F%2F%2F%2F%2F%2FwEaCXVzLWVhc3QtMiJGMEQCIGE05Nq07AoTr5hDsK%2Fz9lwEUN5HM86m%2BfGPbXQZ%2FdtCAiBQ3WNO7Py4EfCz88%2FeERFKKmb7UZEFCZqnchqYH%2BYuXyqSBQhtEAAaDDcyMTg4MjYxMzAzNyIMzzm3ajtO0WT7d9hxKu8EJU%2F3xYhBBgyfL1OAyamecU1X0jbcp0RFRmbFCPK6b6eD0b5PFFjEfdD8p2cGWog5gQV9Kjt8mGbno8V9mGEdwsCam5Bbm%2FBDkKc3DzTA8%2BSnMhG%2FwVTG3cA%2BpAKXKQ8TtnY7f2EWpE%2BSko0xe1FZV0H%2FY%2FVa0EGrces6gNWg4i%2FU3ui2hWlsWfnR9Bv7se7e0ZbPO8UGGNDhQkrc1x0g%2BbUYiRIfCpVul6bwyUTqx6jGJjpe%2Bl1sDZ6YVtBp5vVLV0G428zg6IhQf1%2F7311mz9n6YqiugFZK5fGBX4Xg9YY2e25tLsXYol55bdHgA9C5Cp9iGR%2BptiHCyfiPtk56HHQKqiiLlRiQU7M8eEjJprOQ7geXQAQLluWYyUiavmlhcuJa3pIzH0YL89I44H4jPfzA5e9O7mwZRn6zzpv8jN1RFX4hh0wEtgDxV9f4VU8OTXQEhtEnPMhnwMJKIHLHg7iwN%2Fc1lTY%2BaX4dlqhMtzS%2F6TOR8oca6f33A487nGSOGEHgwTFcvaQwRSd8GEmCzHHVMR7IiKGXzfjLChYJGtnYASJWrh3sOuFDp7cpfqS95qnaCE9NfTvgz2upgtyitiIifnCLk4JanJzzKN2DFkQLyDusSU1hCoxwXf6CAm8rIdbF23HkJI96fBTS3q%2FJ4tONCPjgh7IpU0kaCFHgdXyCoggFYeYn874G9QXZdKdzKo5kNZndVrPkAgjUiPhj5xOqRSk5%2BiUsw%2Fs6basSUOKYRBNURpIYOKjMKG5vkxAXFTZ1C%2Bzh6S7ARVzg845WjzH9nj3dL9TNwRScEhl8ogAsB6%2BJPR%2Fas05DTUC%2F7Nww%2Btb11QY6mgFuIXjUuJ1WiwOBL9NuEk6J3Raj8HIzuVWCggs4ILK0u0BDsDuUVlMwkNOHbsn4yLOBiD15bDxxi15B6oIbihBOqb0XjdnJtW6oYPTP%2FgSxD%2F3o7HYpkZJCBR7YmsIaaSJvBjG5m%2FUsJpbdBj%2BkC9lzNLqjIC37ZnVhmQ28RRyt5Fi%2FOsECLLOIc13O6Nk7NXpxGz3sA9MbSK7g&X-Amz-Algorithm=AWS4-HMAC-SHA256&X-Amz-Date=20260930T200519Z&X-Amz-SignedHeaders=host&X-Amz-Credential=ASIA2QE4OQUW7N476K6D%2F20260930%2Fus-east-2%2Fs3%2Faws4_request&X-Amz-Expires=30&X-Amz-Signature=176aa72188e6bda76fcd6aed127dfc436ab008c4405000ba0fbbf3e7203eb454 15491ms (cache miss)
npm http fetch GET 200 https://jfrog-prod-use2-shared-ohio-main.s3.amazonaws.com/aol-a0eigilwc24ii/filestore/a7/a7767b4034e35269562d2b9da2b185b5df70c421?response-content-disposition=attachment%3Bfilename%3D%22lru-cache-11.5.3.tgz%22&response-content-type=application%2Fx-gzip&X-Artifactory-username=darcy%40vlt.sh&X-Artifactory-repoType=local&X-Artifactory-repositoryKey=benchmark-npm-remote-cache&X-Artifactory-originPackageType=npm&X-Artifactory-packageType=npm&X-Artifactory-artifactPath=lru-cache%2F-%2Flru-cache-11.5.3.tgz&X-Artifactory-originProjectKey=benchmark&X-Artifactory-projectKey=benchmark&X-Artifactory-originRepoType=remote&X-Artifactory-originRepositoryKey=benchmark-npm-remote&x-jf-traceId=851e597edf8659f8f2b7c5c5d03bbc53&X-Amz-Security-Token=IQoJb3JpZ2luX2VjEKP%2F%2F%2F%2F%2F%2F%2F%2F%2F%2FwEaCXVzLWVhc3QtMiJHMEUCIQCNM1vyehYeot350c8CmRxyxANvaNL6o%2FiXftrYvN3QywIgJtJnf8Vo3mqOPxnbYHJVntu4EqNd3FL7eos1bvhYpIgqkgUIbBAAGgw3MjE4ODI2MTMwMzciDOIbxNlDwteJv9ALRirvBFhqoH1fB4CeV1H%2FaT8tH%2Fhhvom8QCtzC%2FE0AvYQHFpqf%2BH%2F3xTVGISqSZkk%2BId1FoRcSuovhtFz4ghRZqDWCvDDU6VA5wF%2BanA02u6RiQmBIxm1HzosqOTTNw7oVFrPyx2XOvnqksLRMMOmtWxIjEXCcS1b9ifWcFSRYQ80danrcAqkNkCNW%2FJw0N8co%2FhFHeZPbEVLQI89iaOYuwl091x39JAjglhNjcJkk9MbmeqB8HWamd1RnZ9GhTur%2F1LVll79ah%2BY6lV3oDRtJcptDouKM9k1YKPnIfFNjDu29oUhLKCSWF9eM7hIxA0fucpTwAbc4ARQeusYYpq%2FQpaxRDvmGSBDUJX%2Br9C6UavFnfGv5sKJ2OfdUnPIIdcTemwwLAwtc4HcatwDZEPipLqqGW0nltMEtuiZyQqrPN0ZYHheLld6eIlFHH7s0nP6QYe1jdbqnA0p1R4MKQUKBRt%2FW%2FBnMM%2FVqvglFW8t%2F1aUHuhDU2ULm%2F9p2Kw%2B3q0JKU%2FrONLPzvLcEsAwkN7x81L7qYN5GeZ7Xpq315IpRsqHloLSJAtIhmGcWnk03J%2BvoppO3iWPSSAYBRj1s91hcOKRZTxcDlxGnBEDRkgr8lURS1HCBrAXRUScaSP6gujzwTuNdAnsVmDgowcYsD499zgQvTvZI61j469co13kCwPFv6D6l9oi3P04WhprxV%2FDbab995sy%2F3G4INHiPE6%2BG3HCYOBPBNJSIimqwDvy986amweffu5t9SQTtV2v%2FEvCFhLArnsCIs%2BfbbcqvozPqUMMVaN321MXXx5afWpeYFYnQ4omoul2bc7f8J3FMODLUKirMK6%2B9dUGOpkB6DGxDtYFNfORc5JhXgm9VIJz8Z9T68V0gsInpGx8xgvijGbqRKk5zQknbWkR0OyGmFJWKIjc%2FoISOvsPVxTOXXt00cMbNTFFIrKf3sK1pReGSe336dM9gLM235Wl%2BlyUriPlDgxAh3Uv14sz8wL1nsY3bcBWTxMmaKf%2BwBafuSm366qj7Cg%2FQSgON7OTTMbH2HqlH5Hduc4S&X-Amz-Algorithm=AWS4-HMAC-SHA256&X-Amz-Date=20260930T200523Z&X-Amz-SignedHeaders=host&X-Amz-Credential=ASIA2QE4OQUW27TYEKCH%2F20260930%2Fus-east-2%2Fs3%2Faws4_request&X-Amz-Expires=30&X-Amz-Signature=51bd87f09f208720c92f1b060ce0767f10476c73b94a5743c1d29d192810168d 15399ms (cache miss)
npm http fetch GET 200 https://vltoss.jfrog.io/artifactory/api/npm/benchmark-npm-remote/@fluentui/react-swatch-picker/-/react-swatch-picker-9.6.2.tgz 15615ms (cache miss)
npm http fetch GET 200 https://vltoss.jfrog.io/artifactory/api/npm/benchmark-npm-remote/@fluentui/react-color-picker/-/react-color-picker-9.3.1.tgz 15680ms (cache miss)
npm http fetch GET 200 https://vltoss.jfrog.io/artifactory/api/npm/benchmark-npm-remote/@fluentui/react-button/-/react-button-9.11.1.tgz 15687ms (cache miss)
npm http fetch GET 200 https://vltoss.jfrog.io/artifactory/api/npm/benchmark-npm-remote/react-dnd/-/react-dnd-15.0.1.tgz 15773ms (cache miss)
npm http fetch GET 200 https://vltoss.jfrog.io/artifactory/api/npm/benchmark-npm-remote/@fluentui/react-tags/-/react-tags-9.9.7.tgz 15800ms (cache miss)
npm http fetch GET 200 https://vltoss.jfrog.io/artifactory/api/npm/benchmark-npm-remote/@fluentui/react-message-bar/-/react-message-bar-9.7.7.tgz 15857ms (cache miss)
npm http fetch GET 200 https://jfrog-prod-use2-shared-ohio-main.s3.amazonaws.com/aol-a0eigilwc24ii/filestore/98/986a01154212da2b9946117ae1b5bd4aa1d00775?response-content-disposition=attachment%3Bfilename%3D%22nx-linux-arm64-gnu-20.8.4.tgz%22&response-content-type=application%2Fx-gzip&X-Artifactory-username=darcy%40vlt.sh&X-Artifactory-repoType=local&X-Artifactory-repositoryKey=benchmark-npm-remote-cache&X-Artifactory-originPackageType=npm&X-Artifactory-packageType=npm&X-Artifactory-artifactPath=%40nx%2Fnx-linux-arm64-gnu%2F-%2Fnx-linux-arm64-gnu-20.8.4.tgz&X-Artifactory-originProjectKey=benchmark&X-Artifactory-projectKey=benchmark&X-Artifactory-originRepoType=remote&X-Artifactory-originRepositoryKey=benchmark-npm-remote&x-jf-traceId=7dbac3713512f916a987c59cea59a3db&X-Amz-Security-Token=IQoJb3JpZ2luX2VjEKP%2F%2F%2F%2F%2F%2F%2F%2F%2F%2FwEaCXVzLWVhc3QtMiJHMEUCIQCNM1vyehYeot350c8CmRxyxANvaNL6o%2FiXftrYvN3QywIgJtJnf8Vo3mqOPxnbYHJVntu4EqNd3FL7eos1bvhYpIgqkgUIbBAAGgw3MjE4ODI2MTMwMzciDOIbxNlDwteJv9ALRirvBFhqoH1fB4CeV1H%2FaT8tH%2Fhhvom8QCtzC%2FE0AvYQHFpqf%2BH%2F3xTVGISqSZkk%2BId1FoRcSuovhtFz4ghRZqDWCvDDU6VA5wF%2BanA02u6RiQmBIxm1HzosqOTTNw7oVFrPyx2XOvnqksLRMMOmtWxIjEXCcS1b9ifWcFSRYQ80danrcAqkNkCNW%2FJw0N8co%2FhFHeZPbEVLQI89iaOYuwl091x39JAjglhNjcJkk9MbmeqB8HWamd1RnZ9GhTur%2F1LVll79ah%2BY6lV3oDRtJcptDouKM9k1YKPnIfFNjDu29oUhLKCSWF9eM7hIxA0fucpTwAbc4ARQeusYYpq%2FQpaxRDvmGSBDUJX%2Br9C6UavFnfGv5sKJ2OfdUnPIIdcTemwwLAwtc4HcatwDZEPipLqqGW0nltMEtuiZyQqrPN0ZYHheLld6eIlFHH7s0nP6QYe1jdbqnA0p1R4MKQUKBRt%2FW%2FBnMM%2FVqvglFW8t%2F1aUHuhDU2ULm%2F9p2Kw%2B3q0JKU%2FrONLPzvLcEsAwkN7x81L7qYN5GeZ7Xpq315IpRsqHloLSJAtIhmGcWnk03J%2BvoppO3iWPSSAYBRj1s91hcOKRZTxcDlxGnBEDRkgr8lURS1HCBrAXRUScaSP6gujzwTuNdAnsVmDgowcYsD499zgQvTvZI61j469co13kCwPFv6D6l9oi3P04WhprxV%2FDbab995sy%2F3G4INHiPE6%2BG3HCYOBPBNJSIimqwDvy986amweffu5t9SQTtV2v%2FEvCFhLArnsCIs%2BfbbcqvozPqUMMVaN321MXXx5afWpeYFYnQ4omoul2bc7f8J3FMODLUKirMK6%2B9dUGOpkB6DGxDtYFNfORc5JhXgm9VIJz8Z9T68V0gsInpGx8xgvijGbqRKk5zQknbWkR0OyGmFJWKIjc%2FoISOvsPVxTOXXt00cMbNTFFIrKf3sK1pReGSe336dM9gLM235Wl%2BlyUriPlDgxAh3Uv14sz8wL1nsY3bcBWTxMmaKf%2BwBafuSm366qj7Cg%2FQSgON7OTTMbH2HqlH5Hduc4S&X-Amz-Algorithm=AWS4-HMAC-SHA256&X-Amz-Date=20260930T200522Z&X-Amz-SignedHeaders=host&X-Amz-Credential=ASIA2QE4OQUW27TYEKCH%2F20260930%2Fus-east-2%2Fs3%2Faws4_request&X-Amz-Expires=30&X-Amz-Signature=e504d75fdf6d12ae0579cab5da852309cf449787a96d3194c7741cc28ea295b0 15688ms (cache miss)
npm http fetch GET 200 https://vltoss.jfrog.io/artifactory/api/npm/benchmark-npm-remote/@fluentui/react-toolbar/-/react-toolbar-9.8.5.tgz 15882ms (cache miss)
npm http fetch GET 200 https://jfrog-prod-use2-shared-ohio-main.s3.amazonaws.com/aol-a0eigilwc24ii/filestore/a8/a8d192ccca26df368a2fbaff17c9dddefacd773f?response-content-disposition=attachment%3Bfilename%3D%22eslint-plugin-jsdoc-50.8.0.tgz%22&response-content-type=application%2Fx-gzip&X-Artifactory-username=darcy%40vlt.sh&X-Artifactory-repoType=local&X-Artifactory-repositoryKey=benchmark-npm-remote-cache&X-Artifactory-originPackageType=npm&X-Artifactory-packageType=npm&X-Artifactory-artifactPath=eslint-plugin-jsdoc%2F-%2Feslint-plugin-jsdoc-50.8.0.tgz&X-Artifactory-originProjectKey=benchmark&X-Artifactory-projectKey=benchmark&X-Artifactory-originRepoType=remote&X-Artifactory-originRepositoryKey=benchmark-npm-remote&x-jf-traceId=58da69bbbc94e35c0ee0c700323890a6&X-Amz-Security-Token=IQoJb3JpZ2luX2VjEKT%2F%2F%2F%2F%2F%2F%2F%2F%2F%2FwEaCXVzLWVhc3QtMiJGMEQCIGE05Nq07AoTr5hDsK%2Fz9lwEUN5HM86m%2BfGPbXQZ%2FdtCAiBQ3WNO7Py4EfCz88%2FeERFKKmb7UZEFCZqnchqYH%2BYuXyqSBQhtEAAaDDcyMTg4MjYxMzAzNyIMzzm3ajtO0WT7d9hxKu8EJU%2F3xYhBBgyfL1OAyamecU1X0jbcp0RFRmbFCPK6b6eD0b5PFFjEfdD8p2cGWog5gQV9Kjt8mGbno8V9mGEdwsCam5Bbm%2FBDkKc3DzTA8%2BSnMhG%2FwVTG3cA%2BpAKXKQ8TtnY7f2EWpE%2BSko0xe1FZV0H%2FY%2FVa0EGrces6gNWg4i%2FU3ui2hWlsWfnR9Bv7se7e0ZbPO8UGGNDhQkrc1x0g%2BbUYiRIfCpVul6bwyUTqx6jGJjpe%2Bl1sDZ6YVtBp5vVLV0G428zg6IhQf1%2F7311mz9n6YqiugFZK5fGBX4Xg9YY2e25tLsXYol55bdHgA9C5Cp9iGR%2BptiHCyfiPtk56HHQKqiiLlRiQU7M8eEjJprOQ7geXQAQLluWYyUiavmlhcuJa3pIzH0YL89I44H4jPfzA5e9O7mwZRn6zzpv8jN1RFX4hh0wEtgDxV9f4VU8OTXQEhtEnPMhnwMJKIHLHg7iwN%2Fc1lTY%2BaX4dlqhMtzS%2F6TOR8oca6f33A487nGSOGEHgwTFcvaQwRSd8GEmCzHHVMR7IiKGXzfjLChYJGtnYASJWrh3sOuFDp7cpfqS95qnaCE9NfTvgz2upgtyitiIifnCLk4JanJzzKN2DFkQLyDusSU1hCoxwXf6CAm8rIdbF23HkJI96fBTS3q%2FJ4tONCPjgh7IpU0kaCFHgdXyCoggFYeYn874G9QXZdKdzKo5kNZndVrPkAgjUiPhj5xOqRSk5%2BiUsw%2Fs6basSUOKYRBNURpIYOKjMKG5vkxAXFTZ1C%2Bzh6S7ARVzg845WjzH9nj3dL9TNwRScEhl8ogAsB6%2BJPR%2Fas05DTUC%2F7Nww%2Btb11QY6mgFuIXjUuJ1WiwOBL9NuEk6J3Raj8HIzuVWCggs4ILK0u0BDsDuUVlMwkNOHbsn4yLOBiD15bDxxi15B6oIbihBOqb0XjdnJtW6oYPTP%2FgSxD%2F3o7HYpkZJCBR7YmsIaaSJvBjG5m%2FUsJpbdBj%2BkC9lzNLqjIC37ZnVhmQ28RRyt5Fi%2FOsECLLOIc13O6Nk7NXpxGz3sA9MbSK7g&X-Amz-Algorithm=AWS4-HMAC-SHA256&X-Amz-Date=20260930T200521Z&X-Amz-SignedHeaders=host&X-Amz-Credential=ASIA2QE4OQUW7N476K6D%2F20260930%2Fus-east-2%2Fs3%2Faws4_request&X-Amz-Expires=30&X-Amz-Signature=60640e7654f73b11c7b54e2d41ad637fcd76430cebea7a9bdafefe5402fe5fe9 15746ms (cache miss)
npm http fetch GET 200 https://vltoss.jfrog.io/artifactory/api/npm/benchmark-npm-remote/regenerate-unicode-properties/-/regenerate-unicode-properties-10.3.0.tgz 15992ms (cache miss)
npm http fetch GET 200 https://vltoss.jfrog.io/artifactory/api/npm/benchmark-npm-remote/@fluentui/react-utilities/-/react-utilities-9.26.7.tgz 15986ms (cache miss)
npm http fetch GET 200 https://jfrog-prod-use2-shared-ohio-main.s3.amazonaws.com/aol-a0eigilwc24ii/filestore/74/74d1dacff5048dc40bf4676940b1901e18ad0f46?response-content-disposition=attachment%3Bfilename%3D%22playwright-1.57.0.tgz%22&response-content-type=application%2Fx-gzip&X-Artifactory-username=darcy%40vlt.sh&X-Artifactory-repoType=local&X-Artifactory-repositoryKey=benchmark-npm-remote-cache&X-Artifactory-originPackageType=npm&X-Artifactory-packageType=npm&X-Artifactory-artifactPath=playwright%2F-%2Fplaywright-1.57.0.tgz&X-Artifactory-originProjectKey=benchmark&X-Artifactory-projectKey=benchmark&X-Artifactory-originRepoType=remote&X-Artifactory-originRepositoryKey=benchmark-npm-remote&x-jf-traceId=9dfdb0d54fea0d510f1f9c2740b6b7e5&X-Amz-Security-Token=IQoJb3JpZ2luX2VjEKP%2F%2F%2F%2F%2F%2F%2F%2F%2F%2FwEaCXVzLWVhc3QtMiJHMEUCIQCNM1vyehYeot350c8CmRxyxANvaNL6o%2FiXftrYvN3QywIgJtJnf8Vo3mqOPxnbYHJVntu4EqNd3FL7eos1bvhYpIgqkgUIbBAAGgw3MjE4ODI2MTMwMzciDOIbxNlDwteJv9ALRirvBFhqoH1fB4CeV1H%2FaT8tH%2Fhhvom8QCtzC%2FE0AvYQHFpqf%2BH%2F3xTVGISqSZkk%2BId1FoRcSuovhtFz4ghRZqDWCvDDU6VA5wF%2BanA02u6RiQmBIxm1HzosqOTTNw7oVFrPyx2XOvnqksLRMMOmtWxIjEXCcS1b9ifWcFSRYQ80danrcAqkNkCNW%2FJw0N8co%2FhFHeZPbEVLQI89iaOYuwl091x39JAjglhNjcJkk9MbmeqB8HWamd1RnZ9GhTur%2F1LVll79ah%2BY6lV3oDRtJcptDouKM9k1YKPnIfFNjDu29oUhLKCSWF9eM7hIxA0fucpTwAbc4ARQeusYYpq%2FQpaxRDvmGSBDUJX%2Br9C6UavFnfGv5sKJ2OfdUnPIIdcTemwwLAwtc4HcatwDZEPipLqqGW0nltMEtuiZyQqrPN0ZYHheLld6eIlFHH7s0nP6QYe1jdbqnA0p1R4MKQUKBRt%2FW%2FBnMM%2FVqvglFW8t%2F1aUHuhDU2ULm%2F9p2Kw%2B3q0JKU%2FrONLPzvLcEsAwkN7x81L7qYN5GeZ7Xpq315IpRsqHloLSJAtIhmGcWnk03J%2BvoppO3iWPSSAYBRj1s91hcOKRZTxcDlxGnBEDRkgr8lURS1HCBrAXRUScaSP6gujzwTuNdAnsVmDgowcYsD499zgQvTvZI61j469co13kCwPFv6D6l9oi3P04WhprxV%2FDbab995sy%2F3G4INHiPE6%2BG3HCYOBPBNJSIimqwDvy986amweffu5t9SQTtV2v%2FEvCFhLArnsCIs%2BfbbcqvozPqUMMVaN321MXXx5afWpeYFYnQ4omoul2bc7f8J3FMODLUKirMK6%2B9dUGOpkB6DGxDtYFNfORc5JhXgm9VIJz8Z9T68V0gsInpGx8xgvijGbqRKk5zQknbWkR0OyGmFJWKIjc%2FoISOvsPVxTOXXt00cMbNTFFIrKf3sK1pReGSe336dM9gLM235Wl%2BlyUriPlDgxAh3Uv14sz8wL1nsY3bcBWTxMmaKf%2BwBafuSm366qj7Cg%2FQSgON7OTTMbH2HqlH5Hduc4S&X-Amz-Algorithm=AWS4-HMAC-SHA256&X-Amz-Date=20260930T200521Z&X-Amz-SignedHeaders=host&X-Amz-Credential=ASIA2QE4OQUW27TYEKCH%2F20260930%2Fus-east-2%2Fs3%2Faws4_request&X-Amz-Expires=30&X-Amz-Signature=1629b346bb2ce8a56349856c6d8d590fee27aea73711232b9201c0797655e4a3 15894ms (cache miss)
npm http fetch GET 200 https://vltoss.jfrog.io/artifactory/api/npm/benchmark-npm-remote/@fluentui-contrib/react-virtualizer/-/react-virtualizer-0.5.4.tgz 16047ms (cache miss)
npm http fetch GET 200 https://vltoss.jfrog.io/artifactory/api/npm/benchmark-npm-remote/@swc/helpers/-/helpers-0.5.23.tgz 16067ms (cache miss)
npm http fetch GET 200 https://vltoss.jfrog.io/artifactory/api/npm/benchmark-npm-remote/@fluentui/react-virtualizer/-/react-virtualizer-9.0.0-alpha.116.tgz 15909ms (cache miss)
npm http fetch GET 200 https://vltoss.jfrog.io/artifactory/api/npm/benchmark-npm-remote/@babel/helpers/-/helpers-7.29.7.tgz 16042ms (cache miss)
npm http fetch GET 200 https://vltoss.jfrog.io/artifactory/api/npm/benchmark-npm-remote/yaml/-/yaml-2.9.0.tgz 16112ms (cache miss)
npm http fetch GET 200 https://vltoss.jfrog.io/artifactory/api/npm/benchmark-npm-remote/aria-query/-/aria-query-5.3.2.tgz 16057ms (cache miss)
npm http fetch GET 200 https://vltoss.jfrog.io/artifactory/api/npm/benchmark-npm-remote/@nx/workspace/-/workspace-19.8.4.tgz 16044ms (cache miss)
npm http fetch GET 200 https://jfrog-prod-use2-shared-ohio-main.s3.amazonaws.com/aol-a0eigilwc24ii/filestore/10/10264ce1e5442e8572fc82fbe490644ff54b5c20?response-content-disposition=attachment%3Bfilename%3D%22css-tree-2.3.1.tgz%22&response-content-type=application%2Fx-gzip&X-Artifactory-username=darcy%40vlt.sh&X-Artifactory-repoType=local&X-Artifactory-repositoryKey=benchmark-npm-remote-cache&X-Artifactory-originPackageType=npm&X-Artifactory-packageType=npm&X-Artifactory-artifactPath=css-tree%2F-%2Fcss-tree-2.3.1.tgz&X-Artifactory-originProjectKey=benchmark&X-Artifactory-projectKey=benchmark&X-Artifactory-originRepoType=remote&X-Artifactory-originRepositoryKey=benchmark-npm-remote&x-jf-traceId=fbbee386006f3a8c30cb32cdc7b9963a&X-Amz-Security-Token=IQoJb3JpZ2luX2VjEKP%2F%2F%2F%2F%2F%2F%2F%2F%2F%2FwEaCXVzLWVhc3QtMiJHMEUCIQCNM1vyehYeot350c8CmRxyxANvaNL6o%2FiXftrYvN3QywIgJtJnf8Vo3mqOPxnbYHJVntu4EqNd3FL7eos1bvhYpIgqkgUIbBAAGgw3MjE4ODI2MTMwMzciDOIbxNlDwteJv9ALRirvBFhqoH1fB4CeV1H%2FaT8tH%2Fhhvom8QCtzC%2FE0AvYQHFpqf%2BH%2F3xTVGISqSZkk%2BId1FoRcSuovhtFz4ghRZqDWCvDDU6VA5wF%2BanA02u6RiQmBIxm1HzosqOTTNw7oVFrPyx2XOvnqksLRMMOmtWxIjEXCcS1b9ifWcFSRYQ80danrcAqkNkCNW%2FJw0N8co%2FhFHeZPbEVLQI89iaOYuwl091x39JAjglhNjcJkk9MbmeqB8HWamd1RnZ9GhTur%2F1LVll79ah%2BY6lV3oDRtJcptDouKM9k1YKPnIfFNjDu29oUhLKCSWF9eM7hIxA0fucpTwAbc4ARQeusYYpq%2FQpaxRDvmGSBDUJX%2Br9C6UavFnfGv5sKJ2OfdUnPIIdcTemwwLAwtc4HcatwDZEPipLqqGW0nltMEtuiZyQqrPN0ZYHheLld6eIlFHH7s0nP6QYe1jdbqnA0p1R4MKQUKBRt%2FW%2FBnMM%2FVqvglFW8t%2F1aUHuhDU2ULm%2F9p2Kw%2B3q0JKU%2FrONLPzvLcEsAwkN7x81L7qYN5GeZ7Xpq315IpRsqHloLSJAtIhmGcWnk03J%2BvoppO3iWPSSAYBRj1s91hcOKRZTxcDlxGnBEDRkgr8lURS1HCBrAXRUScaSP6gujzwTuNdAnsVmDgowcYsD499zgQvTvZI61j469co13kCwPFv6D6l9oi3P04WhprxV%2FDbab995sy%2F3G4INHiPE6%2BG3HCYOBPBNJSIimqwDvy986amweffu5t9SQTtV2v%2FEvCFhLArnsCIs%2BfbbcqvozPqUMMVaN321MXXx5afWpeYFYnQ4omoul2bc7f8J3FMODLUKirMK6%2B9dUGOpkB6DGxDtYFNfORc5JhXgm9VIJz8Z9T68V0gsInpGx8xgvijGbqRKk5zQknbWkR0OyGmFJWKIjc%2FoISOvsPVxTOXXt00cMbNTFFIrKf3sK1pReGSe336dM9gLM235Wl%2BlyUriPlDgxAh3Uv14sz8wL1nsY3bcBWTxMmaKf%2BwBafuSm366qj7Cg%2FQSgON7OTTMbH2HqlH5Hduc4S&X-Amz-Algorithm=AWS4-HMAC-SHA256&X-Amz-Date=20260930T200515Z&X-Amz-SignedHeaders=host&X-Amz-Credential=ASIA2QE4OQUW27TYEKCH%2F20260930%2Fus-east-2%2Fs3%2Faws4_request&X-Amz-Expires=30&X-Amz-Signature=18da496efc5d6a1e963ce96b66d79b022ed11741a0fa7a357abc7af9be98803b 16277ms (cache miss)
npm http fetch GET 200 https://vltoss.jfrog.io/artifactory/api/npm/benchmark-npm-remote/eslint-plugin-jsx-a11y/-/eslint-plugin-jsx-a11y-6.10.2.tgz 16137ms (cache miss)
npm http fetch GET 200 https://jfrog-prod-use2-shared-ohio-main.s3.amazonaws.com/aol-a0eigilwc24ii/filestore/18/18d130b254baeb113d03b7606e89fa90b7677122?response-content-disposition=attachment%3Bfilename%3D%22tabster-8.8.1.tgz%22&response-content-type=application%2Fx-gzip&X-Artifactory-username=darcy%40vlt.sh&X-Artifactory-repoType=local&X-Artifactory-repositoryKey=benchmark-npm-remote-cache&X-Artifactory-originPackageType=npm&X-Artifactory-packageType=npm&X-Artifactory-artifactPath=tabster%2F-%2Ftabster-8.8.1.tgz&X-Artifactory-originProjectKey=benchmark&X-Artifactory-projectKey=benchmark&X-Artifactory-originRepoType=remote&X-Artifactory-originRepositoryKey=benchmark-npm-remote&x-jf-traceId=9fe44dedc1428eab373e67d06e5b07d7&X-Amz-Security-Token=IQoJb3JpZ2luX2VjEKT%2F%2F%2F%2F%2F%2F%2F%2F%2F%2FwEaCXVzLWVhc3QtMiJGMEQCIGE05Nq07AoTr5hDsK%2Fz9lwEUN5HM86m%2BfGPbXQZ%2FdtCAiBQ3WNO7Py4EfCz88%2FeERFKKmb7UZEFCZqnchqYH%2BYuXyqSBQhtEAAaDDcyMTg4MjYxMzAzNyIMzzm3ajtO0WT7d9hxKu8EJU%2F3xYhBBgyfL1OAyamecU1X0jbcp0RFRmbFCPK6b6eD0b5PFFjEfdD8p2cGWog5gQV9Kjt8mGbno8V9mGEdwsCam5Bbm%2FBDkKc3DzTA8%2BSnMhG%2FwVTG3cA%2BpAKXKQ8TtnY7f2EWpE%2BSko0xe1FZV0H%2FY%2FVa0EGrces6gNWg4i%2FU3ui2hWlsWfnR9Bv7se7e0ZbPO8UGGNDhQkrc1x0g%2BbUYiRIfCpVul6bwyUTqx6jGJjpe%2Bl1sDZ6YVtBp5vVLV0G428zg6IhQf1%2F7311mz9n6YqiugFZK5fGBX4Xg9YY2e25tLsXYol55bdHgA9C5Cp9iGR%2BptiHCyfiPtk56HHQKqiiLlRiQU7M8eEjJprOQ7geXQAQLluWYyUiavmlhcuJa3pIzH0YL89I44H4jPfzA5e9O7mwZRn6zzpv8jN1RFX4hh0wEtgDxV9f4VU8OTXQEhtEnPMhnwMJKIHLHg7iwN%2Fc1lTY%2BaX4dlqhMtzS%2F6TOR8oca6f33A487nGSOGEHgwTFcvaQwRSd8GEmCzHHVMR7IiKGXzfjLChYJGtnYASJWrh3sOuFDp7cpfqS95qnaCE9NfTvgz2upgtyitiIifnCLk4JanJzzKN2DFkQLyDusSU1hCoxwXf6CAm8rIdbF23HkJI96fBTS3q%2FJ4tONCPjgh7IpU0kaCFHgdXyCoggFYeYn874G9QXZdKdzKo5kNZndVrPkAgjUiPhj5xOqRSk5%2BiUsw%2Fs6basSUOKYRBNURpIYOKjMKG5vkxAXFTZ1C%2Bzh6S7ARVzg845WjzH9nj3dL9TNwRScEhl8ogAsB6%2BJPR%2Fas05DTUC%2F7Nww%2Btb11QY6mgFuIXjUuJ1WiwOBL9NuEk6J3Raj8HIzuVWCggs4ILK0u0BDsDuUVlMwkNOHbsn4yLOBiD15bDxxi15B6oIbihBOqb0XjdnJtW6oYPTP%2FgSxD%2F3o7HYpkZJCBR7YmsIaaSJvBjG5m%2FUsJpbdBj%2BkC9lzNLqjIC37ZnVhmQ28RRyt5Fi%2FOsECLLOIc13O6Nk7NXpxGz3sA9MbSK7g&X-Amz-Algorithm=AWS4-HMAC-SHA256&X-Amz-Date=20260930T200516Z&X-Amz-SignedHeaders=host&X-Amz-Credential=ASIA2QE4OQUW7N476K6D%2F20260930%2Fus-east-2%2Fs3%2Faws4_request&X-Amz-Expires=30&X-Amz-Signature=250c7420e5ee5475928d7659697db09b7700d0d94ea08aa349780c8b8f976063 16314ms (cache miss)
npm http fetch GET 200 https://jfrog-prod-use2-shared-ohio-main.s3.amazonaws.com/aol-a0eigilwc24ii/filestore/a6/a63fd02fb8c1c7b7057ee805ab6c612fdebef0b1?response-content-disposition=attachment%3Bfilename%3D%22lit-html-3.3.3.tgz%22&response-content-type=application%2Fx-gzip&X-Artifactory-username=darcy%40vlt.sh&X-Artifactory-repoType=local&X-Artifactory-repositoryKey=benchmark-npm-remote-cache&X-Artifactory-originPackageType=npm&X-Artifactory-packageType=npm&X-Artifactory-artifactPath=lit-html%2F-%2Flit-html-3.3.3.tgz&X-Artifactory-originProjectKey=benchmark&X-Artifactory-projectKey=benchmark&X-Artifactory-originRepoType=remote&X-Artifactory-originRepositoryKey=benchmark-npm-remote&x-jf-traceId=6499351f9134a3ea11dd80ef634befe1&X-Amz-Security-Token=IQoJb3JpZ2luX2VjEKT%2F%2F%2F%2F%2F%2F%2F%2F%2F%2FwEaCXVzLWVhc3QtMiJGMEQCIGE05Nq07AoTr5hDsK%2Fz9lwEUN5HM86m%2BfGPbXQZ%2FdtCAiBQ3WNO7Py4EfCz88%2FeERFKKmb7UZEFCZqnchqYH%2BYuXyqSBQhtEAAaDDcyMTg4MjYxMzAzNyIMzzm3ajtO0WT7d9hxKu8EJU%2F3xYhBBgyfL1OAyamecU1X0jbcp0RFRmbFCPK6b6eD0b5PFFjEfdD8p2cGWog5gQV9Kjt8mGbno8V9mGEdwsCam5Bbm%2FBDkKc3DzTA8%2BSnMhG%2FwVTG3cA%2BpAKXKQ8TtnY7f2EWpE%2BSko0xe1FZV0H%2FY%2FVa0EGrces6gNWg4i%2FU3ui2hWlsWfnR9Bv7se7e0ZbPO8UGGNDhQkrc1x0g%2BbUYiRIfCpVul6bwyUTqx6jGJjpe%2Bl1sDZ6YVtBp5vVLV0G428zg6IhQf1%2F7311mz9n6YqiugFZK5fGBX4Xg9YY2e25tLsXYol55bdHgA9C5Cp9iGR%2BptiHCyfiPtk56HHQKqiiLlRiQU7M8eEjJprOQ7geXQAQLluWYyUiavmlhcuJa3pIzH0YL89I44H4jPfzA5e9O7mwZRn6zzpv8jN1RFX4hh0wEtgDxV9f4VU8OTXQEhtEnPMhnwMJKIHLHg7iwN%2Fc1lTY%2BaX4dlqhMtzS%2F6TOR8oca6f33A487nGSOGEHgwTFcvaQwRSd8GEmCzHHVMR7IiKGXzfjLChYJGtnYASJWrh3sOuFDp7cpfqS95qnaCE9NfTvgz2upgtyitiIifnCLk4JanJzzKN2DFkQLyDusSU1hCoxwXf6CAm8rIdbF23HkJI96fBTS3q%2FJ4tONCPjgh7IpU0kaCFHgdXyCoggFYeYn874G9QXZdKdzKo5kNZndVrPkAgjUiPhj5xOqRSk5%2BiUsw%2Fs6basSUOKYRBNURpIYOKjMKG5vkxAXFTZ1C%2Bzh6S7ARVzg845WjzH9nj3dL9TNwRScEhl8ogAsB6%2BJPR%2Fas05DTUC%2F7Nww%2Btb11QY6mgFuIXjUuJ1WiwOBL9NuEk6J3Raj8HIzuVWCggs4ILK0u0BDsDuUVlMwkNOHbsn4yLOBiD15bDxxi15B6oIbihBOqb0XjdnJtW6oYPTP%2FgSxD%2F3o7HYpkZJCBR7YmsIaaSJvBjG5m%2FUsJpbdBj%2BkC9lzNLqjIC37ZnVhmQ28RRyt5Fi%2FOsECLLOIc13O6Nk7NXpxGz3sA9MbSK7g&X-Amz-Algorithm=AWS4-HMAC-SHA256&X-Amz-Date=20260930T200515Z&X-Amz-SignedHeaders=host&X-Amz-Credential=ASIA2QE4OQUW7N476K6D%2F20260930%2Fus-east-2%2Fs3%2Faws4_request&X-Amz-Expires=30&X-Amz-Signature=dbeb9998f4be84dc808c680aa658516695e894181a6312bd2eb6c2edde28f6da 16376ms (cache miss)
npm http fetch GET 200 https://vltoss.jfrog.io/artifactory/api/npm/benchmark-npm-remote/@memlab/core/-/core-1.1.43.tgz 16490ms (cache miss)
npm http fetch GET 200 https://jfrog-prod-use2-shared-ohio-main.s3.amazonaws.com/aol-a0eigilwc24ii/filestore/36/36115d382d60afd271e377f9c5f67d02bd48c032?response-content-disposition=attachment%3Bfilename%3D%22css-tree-2.2.1.tgz%22&response-content-type=application%2Fx-gzip&X-Artifactory-username=darcy%40vlt.sh&X-Artifactory-repoType=local&X-Artifactory-repositoryKey=benchmark-npm-remote-cache&X-Artifactory-originPackageType=npm&X-Artifactory-packageType=npm&X-Artifactory-artifactPath=css-tree%2F-%2Fcss-tree-2.2.1.tgz&X-Artifactory-originProjectKey=benchmark&X-Artifactory-projectKey=benchmark&X-Artifactory-originRepoType=remote&X-Artifactory-originRepositoryKey=benchmark-npm-remote&x-jf-traceId=bb430d5cde3695ce93727f4b4c825080&X-Amz-Security-Token=IQoJb3JpZ2luX2VjEKT%2F%2F%2F%2F%2F%2F%2F%2F%2F%2FwEaCXVzLWVhc3QtMiJGMEQCIGE05Nq07AoTr5hDsK%2Fz9lwEUN5HM86m%2BfGPbXQZ%2FdtCAiBQ3WNO7Py4EfCz88%2FeERFKKmb7UZEFCZqnchqYH%2BYuXyqSBQhtEAAaDDcyMTg4MjYxMzAzNyIMzzm3ajtO0WT7d9hxKu8EJU%2F3xYhBBgyfL1OAyamecU1X0jbcp0RFRmbFCPK6b6eD0b5PFFjEfdD8p2cGWog5gQV9Kjt8mGbno8V9mGEdwsCam5Bbm%2FBDkKc3DzTA8%2BSnMhG%2FwVTG3cA%2BpAKXKQ8TtnY7f2EWpE%2BSko0xe1FZV0H%2FY%2FVa0EGrces6gNWg4i%2FU3ui2hWlsWfnR9Bv7se7e0ZbPO8UGGNDhQkrc1x0g%2BbUYiRIfCpVul6bwyUTqx6jGJjpe%2Bl1sDZ6YVtBp5vVLV0G428zg6IhQf1%2F7311mz9n6YqiugFZK5fGBX4Xg9YY2e25tLsXYol55bdHgA9C5Cp9iGR%2BptiHCyfiPtk56HHQKqiiLlRiQU7M8eEjJprOQ7geXQAQLluWYyUiavmlhcuJa3pIzH0YL89I44H4jPfzA5e9O7mwZRn6zzpv8jN1RFX4hh0wEtgDxV9f4VU8OTXQEhtEnPMhnwMJKIHLHg7iwN%2Fc1lTY%2BaX4dlqhMtzS%2F6TOR8oca6f33A487nGSOGEHgwTFcvaQwRSd8GEmCzHHVMR7IiKGXzfjLChYJGtnYASJWrh3sOuFDp7cpfqS95qnaCE9NfTvgz2upgtyitiIifnCLk4JanJzzKN2DFkQLyDusSU1hCoxwXf6CAm8rIdbF23HkJI96fBTS3q%2FJ4tONCPjgh7IpU0kaCFHgdXyCoggFYeYn874G9QXZdKdzKo5kNZndVrPkAgjUiPhj5xOqRSk5%2BiUsw%2Fs6basSUOKYRBNURpIYOKjMKG5vkxAXFTZ1C%2Bzh6S7ARVzg845WjzH9nj3dL9TNwRScEhl8ogAsB6%2BJPR%2Fas05DTUC%2F7Nww%2Btb11QY6mgFuIXjUuJ1WiwOBL9NuEk6J3Raj8HIzuVWCggs4ILK0u0BDsDuUVlMwkNOHbsn4yLOBiD15bDxxi15B6oIbihBOqb0XjdnJtW6oYPTP%2FgSxD%2F3o7HYpkZJCBR7YmsIaaSJvBjG5m%2FUsJpbdBj%2BkC9lzNLqjIC37ZnVhmQ28RRyt5Fi%2FOsECLLOIc13O6Nk7NXpxGz3sA9MbSK7g&X-Amz-Algorithm=AWS4-HMAC-SHA256&X-Amz-Date=20260930T200521Z&X-Amz-SignedHeaders=host&X-Amz-Credential=ASIA2QE4OQUW7N476K6D%2F20260930%2Fus-east-2%2Fs3%2Faws4_request&X-Amz-Expires=30&X-Amz-Signature=f1c43b60288700963cad3b74e09f94c0ba166e4d125daef15df8e8bf1d352359 16367ms (cache miss)
npm http fetch GET 200 https://vltoss.jfrog.io/artifactory/api/npm/benchmark-npm-remote/@fluentui/react-dialog/-/react-dialog-9.18.5.tgz 16554ms (cache miss)
npm http fetch GET 200 https://vltoss.jfrog.io/artifactory/api/npm/benchmark-npm-remote/@fluentui/react-combobox/-/react-combobox-9.17.7.tgz 16571ms (cache miss)
npm http fetch GET 200 https://jfrog-prod-use2-shared-ohio-main.s3.amazonaws.com/aol-a0eigilwc24ii/filestore/98/983147a9daf10f5e22c1d75196fcef8314bd7b1a?response-content-disposition=attachment%3Bfilename%3D%22nx-linux-arm64-gnu-22.7.12.tgz%22&response-content-type=application%2Fx-gzip&X-Artifactory-username=darcy%40vlt.sh&X-Artifactory-repoType=local&X-Artifactory-repositoryKey=benchmark-npm-remote-cache&X-Artifactory-originPackageType=npm&X-Artifactory-packageType=npm&X-Artifactory-artifactPath=%40nx%2Fnx-linux-arm64-gnu%2F-%2Fnx-linux-arm64-gnu-22.7.12.tgz&X-Artifactory-originProjectKey=benchmark&X-Artifactory-projectKey=benchmark&X-Artifactory-originRepoType=remote&X-Artifactory-originRepositoryKey=benchmark-npm-remote&x-jf-traceId=42d916e8ff5d84de6650abcd06a324c5&X-Amz-Security-Token=IQoJb3JpZ2luX2VjEKT%2F%2F%2F%2F%2F%2F%2F%2F%2F%2FwEaCXVzLWVhc3QtMiJGMEQCIGE05Nq07AoTr5hDsK%2Fz9lwEUN5HM86m%2BfGPbXQZ%2FdtCAiBQ3WNO7Py4EfCz88%2FeERFKKmb7UZEFCZqnchqYH%2BYuXyqSBQhtEAAaDDcyMTg4MjYxMzAzNyIMzzm3ajtO0WT7d9hxKu8EJU%2F3xYhBBgyfL1OAyamecU1X0jbcp0RFRmbFCPK6b6eD0b5PFFjEfdD8p2cGWog5gQV9Kjt8mGbno8V9mGEdwsCam5Bbm%2FBDkKc3DzTA8%2BSnMhG%2FwVTG3cA%2BpAKXKQ8TtnY7f2EWpE%2BSko0xe1FZV0H%2FY%2FVa0EGrces6gNWg4i%2FU3ui2hWlsWfnR9Bv7se7e0ZbPO8UGGNDhQkrc1x0g%2BbUYiRIfCpVul6bwyUTqx6jGJjpe%2Bl1sDZ6YVtBp5vVLV0G428zg6IhQf1%2F7311mz9n6YqiugFZK5fGBX4Xg9YY2e25tLsXYol55bdHgA9C5Cp9iGR%2BptiHCyfiPtk56HHQKqiiLlRiQU7M8eEjJprOQ7geXQAQLluWYyUiavmlhcuJa3pIzH0YL89I44H4jPfzA5e9O7mwZRn6zzpv8jN1RFX4hh0wEtgDxV9f4VU8OTXQEhtEnPMhnwMJKIHLHg7iwN%2Fc1lTY%2BaX4dlqhMtzS%2F6TOR8oca6f33A487nGSOGEHgwTFcvaQwRSd8GEmCzHHVMR7IiKGXzfjLChYJGtnYASJWrh3sOuFDp7cpfqS95qnaCE9NfTvgz2upgtyitiIifnCLk4JanJzzKN2DFkQLyDusSU1hCoxwXf6CAm8rIdbF23HkJI96fBTS3q%2FJ4tONCPjgh7IpU0kaCFHgdXyCoggFYeYn874G9QXZdKdzKo5kNZndVrPkAgjUiPhj5xOqRSk5%2BiUsw%2Fs6basSUOKYRBNURpIYOKjMKG5vkxAXFTZ1C%2Bzh6S7ARVzg845WjzH9nj3dL9TNwRScEhl8ogAsB6%2BJPR%2Fas05DTUC%2F7Nww%2Btb11QY6mgFuIXjUuJ1WiwOBL9NuEk6J3Raj8HIzuVWCggs4ILK0u0BDsDuUVlMwkNOHbsn4yLOBiD15bDxxi15B6oIbihBOqb0XjdnJtW6oYPTP%2FgSxD%2F3o7HYpkZJCBR7YmsIaaSJvBjG5m%2FUsJpbdBj%2BkC9lzNLqjIC37ZnVhmQ28RRyt5Fi%2FOsECLLOIc13O6Nk7NXpxGz3sA9MbSK7g&X-Amz-Algorithm=AWS4-HMAC-SHA256&X-Amz-Date=20260930T200518Z&X-Amz-SignedHeaders=host&X-Amz-Credential=ASIA2QE4OQUW7N476K6D%2F20260930%2Fus-east-2%2Fs3%2Faws4_request&X-Amz-Expires=30&X-Amz-Signature=a87366321184b7503512435d25b2999e494c93f2830b8356f22edf1f5bb180f1 16754ms (cache miss)
npm http fetch GET 200 https://jfrog-prod-use2-shared-ohio-main.s3.amazonaws.com/aol-a0eigilwc24ii/filestore/ff/ff2b66c1f6326d59513de2407bf881439812771c?response-content-disposition=attachment%3Bfilename%3D%22lodash-4.18.1.tgz%22&response-content-type=application%2Fx-gzip&X-Artifactory-username=darcy%40vlt.sh&X-Artifactory-repoType=local&X-Artifactory-repositoryKey=benchmark-npm-remote-cache&X-Artifactory-originPackageType=npm&X-Artifactory-packageType=npm&X-Artifactory-artifactPath=lodash%2F-%2Flodash-4.18.1.tgz&X-Artifactory-originProjectKey=benchmark&X-Artifactory-projectKey=benchmark&X-Artifactory-originRepoType=remote&X-Artifactory-originRepositoryKey=benchmark-npm-remote&x-jf-traceId=af5bba8a85ebb0379fb34c821454aa12&X-Amz-Security-Token=IQoJb3JpZ2luX2VjEKT%2F%2F%2F%2F%2F%2F%2F%2F%2F%2FwEaCXVzLWVhc3QtMiJGMEQCIGE05Nq07AoTr5hDsK%2Fz9lwEUN5HM86m%2BfGPbXQZ%2FdtCAiBQ3WNO7Py4EfCz88%2FeERFKKmb7UZEFCZqnchqYH%2BYuXyqSBQhtEAAaDDcyMTg4MjYxMzAzNyIMzzm3ajtO0WT7d9hxKu8EJU%2F3xYhBBgyfL1OAyamecU1X0jbcp0RFRmbFCPK6b6eD0b5PFFjEfdD8p2cGWog5gQV9Kjt8mGbno8V9mGEdwsCam5Bbm%2FBDkKc3DzTA8%2BSnMhG%2FwVTG3cA%2BpAKXKQ8TtnY7f2EWpE%2BSko0xe1FZV0H%2FY%2FVa0EGrces6gNWg4i%2FU3ui2hWlsWfnR9Bv7se7e0ZbPO8UGGNDhQkrc1x0g%2BbUYiRIfCpVul6bwyUTqx6jGJjpe%2Bl1sDZ6YVtBp5vVLV0G428zg6IhQf1%2F7311mz9n6YqiugFZK5fGBX4Xg9YY2e25tLsXYol55bdHgA9C5Cp9iGR%2BptiHCyfiPtk56HHQKqiiLlRiQU7M8eEjJprOQ7geXQAQLluWYyUiavmlhcuJa3pIzH0YL89I44H4jPfzA5e9O7mwZRn6zzpv8jN1RFX4hh0wEtgDxV9f4VU8OTXQEhtEnPMhnwMJKIHLHg7iwN%2Fc1lTY%2BaX4dlqhMtzS%2F6TOR8oca6f33A487nGSOGEHgwTFcvaQwRSd8GEmCzHHVMR7IiKGXzfjLChYJGtnYASJWrh3sOuFDp7cpfqS95qnaCE9NfTvgz2upgtyitiIifnCLk4JanJzzKN2DFkQLyDusSU1hCoxwXf6CAm8rIdbF23HkJI96fBTS3q%2FJ4tONCPjgh7IpU0kaCFHgdXyCoggFYeYn874G9QXZdKdzKo5kNZndVrPkAgjUiPhj5xOqRSk5%2BiUsw%2Fs6basSUOKYRBNURpIYOKjMKG5vkxAXFTZ1C%2Bzh6S7ARVzg845WjzH9nj3dL9TNwRScEhl8ogAsB6%2BJPR%2Fas05DTUC%2F7Nww%2Btb11QY6mgFuIXjUuJ1WiwOBL9NuEk6J3Raj8HIzuVWCggs4ILK0u0BDsDuUVlMwkNOHbsn4yLOBiD15bDxxi15B6oIbihBOqb0XjdnJtW6oYPTP%2FgSxD%2F3o7HYpkZJCBR7YmsIaaSJvBjG5m%2FUsJpbdBj%2BkC9lzNLqjIC37ZnVhmQ28RRyt5Fi%2FOsECLLOIc13O6Nk7NXpxGz3sA9MbSK7g&X-Amz-Algorithm=AWS4-HMAC-SHA256&X-Amz-Date=20260930T200516Z&X-Amz-SignedHeaders=host&X-Amz-Credential=ASIA2QE4OQUW7N476K6D%2F20260930%2Fus-east-2%2Fs3%2Faws4_request&X-Amz-Expires=30&X-Amz-Signature=ac6708863df70ab4adb3d95d4a69da6bb9e213396782682bdb71bd47217a46e4 16898ms (cache miss)
npm http fetch GET 200 https://vltoss.jfrog.io/artifactory/api/npm/benchmark-npm-remote/@typescript-eslint/scope-manager/-/scope-manager-8.71.0.tgz 16737ms (cache miss)
npm http fetch GET 200 https://vltoss.jfrog.io/artifactory/api/npm/benchmark-npm-remote/@typescript-eslint/scope-manager/-/scope-manager-8.56.1.tgz 16696ms (cache miss)
npm http fetch GET 200 https://jfrog-prod-use2-shared-ohio-main.s3.amazonaws.com/aol-a0eigilwc24ii/filestore/23/23c9c841587c528b56cf9c0d017ca717745bb0d9?response-content-disposition=attachment%3Bfilename%3D%22typedoc-0.28.20.tgz%22&response-content-type=application%2Fx-gzip&X-Artifactory-username=darcy%40vlt.sh&X-Artifactory-repoType=local&X-Artifactory-repositoryKey=benchmark-npm-remote-cache&X-Artifactory-originPackageType=npm&X-Artifactory-packageType=npm&X-Artifactory-artifactPath=typedoc%2F-%2Ftypedoc-0.28.20.tgz&X-Artifactory-originProjectKey=benchmark&X-Artifactory-projectKey=benchmark&X-Artifactory-originRepoType=remote&X-Artifactory-originRepositoryKey=benchmark-npm-remote&x-jf-traceId=0f627bd894e3472d361996fa473cf835&X-Amz-Security-Token=IQoJb3JpZ2luX2VjEKT%2F%2F%2F%2F%2F%2F%2F%2F%2F%2FwEaCXVzLWVhc3QtMiJGMEQCIGE05Nq07AoTr5hDsK%2Fz9lwEUN5HM86m%2BfGPbXQZ%2FdtCAiBQ3WNO7Py4EfCz88%2FeERFKKmb7UZEFCZqnchqYH%2BYuXyqSBQhtEAAaDDcyMTg4MjYxMzAzNyIMzzm3ajtO0WT7d9hxKu8EJU%2F3xYhBBgyfL1OAyamecU1X0jbcp0RFRmbFCPK6b6eD0b5PFFjEfdD8p2cGWog5gQV9Kjt8mGbno8V9mGEdwsCam5Bbm%2FBDkKc3DzTA8%2BSnMhG%2FwVTG3cA%2BpAKXKQ8TtnY7f2EWpE%2BSko0xe1FZV0H%2FY%2FVa0EGrces6gNWg4i%2FU3ui2hWlsWfnR9Bv7se7e0ZbPO8UGGNDhQkrc1x0g%2BbUYiRIfCpVul6bwyUTqx6jGJjpe%2Bl1sDZ6YVtBp5vVLV0G428zg6IhQf1%2F7311mz9n6YqiugFZK5fGBX4Xg9YY2e25tLsXYol55bdHgA9C5Cp9iGR%2BptiHCyfiPtk56HHQKqiiLlRiQU7M8eEjJprOQ7geXQAQLluWYyUiavmlhcuJa3pIzH0YL89I44H4jPfzA5e9O7mwZRn6zzpv8jN1RFX4hh0wEtgDxV9f4VU8OTXQEhtEnPMhnwMJKIHLHg7iwN%2Fc1lTY%2BaX4dlqhMtzS%2F6TOR8oca6f33A487nGSOGEHgwTFcvaQwRSd8GEmCzHHVMR7IiKGXzfjLChYJGtnYASJWrh3sOuFDp7cpfqS95qnaCE9NfTvgz2upgtyitiIifnCLk4JanJzzKN2DFkQLyDusSU1hCoxwXf6CAm8rIdbF23HkJI96fBTS3q%2FJ4tONCPjgh7IpU0kaCFHgdXyCoggFYeYn874G9QXZdKdzKo5kNZndVrPkAgjUiPhj5xOqRSk5%2BiUsw%2Fs6basSUOKYRBNURpIYOKjMKG5vkxAXFTZ1C%2Bzh6S7ARVzg845WjzH9nj3dL9TNwRScEhl8ogAsB6%2BJPR%2Fas05DTUC%2F7Nww%2Btb11QY6mgFuIXjUuJ1WiwOBL9NuEk6J3Raj8HIzuVWCggs4ILK0u0BDsDuUVlMwkNOHbsn4yLOBiD15bDxxi15B6oIbihBOqb0XjdnJtW6oYPTP%2FgSxD%2F3o7HYpkZJCBR7YmsIaaSJvBjG5m%2FUsJpbdBj%2BkC9lzNLqjIC37ZnVhmQ28RRyt5Fi%2FOsECLLOIc13O6Nk7NXpxGz3sA9MbSK7g&X-Amz-Algorithm=AWS4-HMAC-SHA256&X-Amz-Date=20260930T200521Z&X-Amz-SignedHeaders=host&X-Amz-Credential=ASIA2QE4OQUW7N476K6D%2F20260930%2Fus-east-2%2Fs3%2Faws4_request&X-Amz-Expires=30&X-Amz-Signature=77a828fdc86e22fa5dcda63175f603b3ee951cba43ee87ef604caf9c7622c17a 16869ms (cache miss)
npm http fetch GET 200 https://vltoss.jfrog.io/artifactory/api/npm/benchmark-npm-remote/@memlab/cli/-/cli-1.0.45.tgz 17093ms (cache miss)
npm http fetch GET 200 https://vltoss.jfrog.io/artifactory/api/npm/benchmark-npm-remote/@fluentui/react-tag-picker/-/react-tag-picker-9.10.5.tgz 16885ms (cache miss)
npm http fetch GET 200 https://jfrog-prod-use2-shared-ohio-main.s3.amazonaws.com/aol-a0eigilwc24ii/filestore/b8/b8bb5062280827c4a54443297701a3e70dc1018d?response-content-disposition=attachment%3Bfilename%3D%22tsdoc-0.17.1.tgz%22&response-content-type=application%2Fx-gzip&X-Artifactory-username=darcy%40vlt.sh&X-Artifactory-repoType=local&X-Artifactory-repositoryKey=benchmark-npm-remote-cache&X-Artifactory-originPackageType=npm&X-Artifactory-packageType=npm&X-Artifactory-artifactPath=%40microsoft%2Ftsdoc%2F-%2Ftsdoc-0.17.1.tgz&X-Artifactory-originProjectKey=benchmark&X-Artifactory-projectKey=benchmark&X-Artifactory-originRepoType=remote&X-Artifactory-originRepositoryKey=benchmark-npm-remote&x-jf-traceId=65b2f1545dadc11c596b285df7cf5138&X-Amz-Security-Token=IQoJb3JpZ2luX2VjEKP%2F%2F%2F%2F%2F%2F%2F%2F%2F%2FwEaCXVzLWVhc3QtMiJHMEUCIQCNM1vyehYeot350c8CmRxyxANvaNL6o%2FiXftrYvN3QywIgJtJnf8Vo3mqOPxnbYHJVntu4EqNd3FL7eos1bvhYpIgqkgUIbBAAGgw3MjE4ODI2MTMwMzciDOIbxNlDwteJv9ALRirvBFhqoH1fB4CeV1H%2FaT8tH%2Fhhvom8QCtzC%2FE0AvYQHFpqf%2BH%2F3xTVGISqSZkk%2BId1FoRcSuovhtFz4ghRZqDWCvDDU6VA5wF%2BanA02u6RiQmBIxm1HzosqOTTNw7oVFrPyx2XOvnqksLRMMOmtWxIjEXCcS1b9ifWcFSRYQ80danrcAqkNkCNW%2FJw0N8co%2FhFHeZPbEVLQI89iaOYuwl091x39JAjglhNjcJkk9MbmeqB8HWamd1RnZ9GhTur%2F1LVll79ah%2BY6lV3oDRtJcptDouKM9k1YKPnIfFNjDu29oUhLKCSWF9eM7hIxA0fucpTwAbc4ARQeusYYpq%2FQpaxRDvmGSBDUJX%2Br9C6UavFnfGv5sKJ2OfdUnPIIdcTemwwLAwtc4HcatwDZEPipLqqGW0nltMEtuiZyQqrPN0ZYHheLld6eIlFHH7s0nP6QYe1jdbqnA0p1R4MKQUKBRt%2FW%2FBnMM%2FVqvglFW8t%2F1aUHuhDU2ULm%2F9p2Kw%2B3q0JKU%2FrONLPzvLcEsAwkN7x81L7qYN5GeZ7Xpq315IpRsqHloLSJAtIhmGcWnk03J%2BvoppO3iWPSSAYBRj1s91hcOKRZTxcDlxGnBEDRkgr8lURS1HCBrAXRUScaSP6gujzwTuNdAnsVmDgowcYsD499zgQvTvZI61j469co13kCwPFv6D6l9oi3P04WhprxV%2FDbab995sy%2F3G4INHiPE6%2BG3HCYOBPBNJSIimqwDvy986amweffu5t9SQTtV2v%2FEvCFhLArnsCIs%2BfbbcqvozPqUMMVaN321MXXx5afWpeYFYnQ4omoul2bc7f8J3FMODLUKirMK6%2B9dUGOpkB6DGxDtYFNfORc5JhXgm9VIJz8Z9T68V0gsInpGx8xgvijGbqRKk5zQknbWkR0OyGmFJWKIjc%2FoISOvsPVxTOXXt00cMbNTFFIrKf3sK1pReGSe336dM9gLM235Wl%2BlyUriPlDgxAh3Uv14sz8wL1nsY3bcBWTxMmaKf%2BwBafuSm366qj7Cg%2FQSgON7OTTMbH2HqlH5Hduc4S&X-Amz-Algorithm=AWS4-HMAC-SHA256&X-Amz-Date=20260930T200520Z&X-Amz-SignedHeaders=host&X-Amz-Credential=ASIA2QE4OQUW27TYEKCH%2F20260930%2Fus-east-2%2Fs3%2Faws4_request&X-Amz-Expires=30&X-Amz-Signature=030ec4c2bcd69d274455c8ae2d2a423d757f18415e90c8bb808c8c71310343a8 16972ms (cache miss)
npm http fetch GET 200 https://vltoss.jfrog.io/artifactory/api/npm/benchmark-npm-remote/@griffel/core/-/core-1.21.4.tgz 17120ms (cache miss)
npm http fetch GET 200 https://vltoss.jfrog.io/artifactory/api/npm/benchmark-npm-remote/@fluentui/react-drawer/-/react-drawer-9.13.4.tgz 17114ms (cache miss)
npm http fetch GET 200 https://vltoss.jfrog.io/artifactory/api/npm/benchmark-npm-remote/@fluentui/react-tree/-/react-tree-9.16.8.tgz 17036ms (cache miss)
npm http fetch GET 200 https://jfrog-prod-use2-shared-ohio-main.s3.amazonaws.com/aol-a0eigilwc24ii/filestore/5b/5b4f59e15310ab17a216f5d6cf53ee476ede670f?response-content-disposition=attachment%3Bfilename%3D%22typescript-5.9.3.tgz%22&response-content-type=application%2Fx-gzip&X-Artifactory-username=darcy%40vlt.sh&X-Artifactory-repoType=local&X-Artifactory-repositoryKey=benchmark-npm-remote-cache&X-Artifactory-originPackageType=npm&X-Artifactory-packageType=npm&X-Artifactory-artifactPath=typescript%2F-%2Ftypescript-5.9.3.tgz&X-Artifactory-originProjectKey=benchmark&X-Artifactory-projectKey=benchmark&X-Artifactory-originRepoType=remote&X-Artifactory-originRepositoryKey=benchmark-npm-remote&x-jf-traceId=f7b4d7b4fdfcba199c23fa517e24aa7a&X-Amz-Security-Token=IQoJb3JpZ2luX2VjEKT%2F%2F%2F%2F%2F%2F%2F%2F%2F%2FwEaCXVzLWVhc3QtMiJGMEQCIGE05Nq07AoTr5hDsK%2Fz9lwEUN5HM86m%2BfGPbXQZ%2FdtCAiBQ3WNO7Py4EfCz88%2FeERFKKmb7UZEFCZqnchqYH%2BYuXyqSBQhtEAAaDDcyMTg4MjYxMzAzNyIMzzm3ajtO0WT7d9hxKu8EJU%2F3xYhBBgyfL1OAyamecU1X0jbcp0RFRmbFCPK6b6eD0b5PFFjEfdD8p2cGWog5gQV9Kjt8mGbno8V9mGEdwsCam5Bbm%2FBDkKc3DzTA8%2BSnMhG%2FwVTG3cA%2BpAKXKQ8TtnY7f2EWpE%2BSko0xe1FZV0H%2FY%2FVa0EGrces6gNWg4i%2FU3ui2hWlsWfnR9Bv7se7e0ZbPO8UGGNDhQkrc1x0g%2BbUYiRIfCpVul6bwyUTqx6jGJjpe%2Bl1sDZ6YVtBp5vVLV0G428zg6IhQf1%2F7311mz9n6YqiugFZK5fGBX4Xg9YY2e25tLsXYol55bdHgA9C5Cp9iGR%2BptiHCyfiPtk56HHQKqiiLlRiQU7M8eEjJprOQ7geXQAQLluWYyUiavmlhcuJa3pIzH0YL89I44H4jPfzA5e9O7mwZRn6zzpv8jN1RFX4hh0wEtgDxV9f4VU8OTXQEhtEnPMhnwMJKIHLHg7iwN%2Fc1lTY%2BaX4dlqhMtzS%2F6TOR8oca6f33A487nGSOGEHgwTFcvaQwRSd8GEmCzHHVMR7IiKGXzfjLChYJGtnYASJWrh3sOuFDp7cpfqS95qnaCE9NfTvgz2upgtyitiIifnCLk4JanJzzKN2DFkQLyDusSU1hCoxwXf6CAm8rIdbF23HkJI96fBTS3q%2FJ4tONCPjgh7IpU0kaCFHgdXyCoggFYeYn874G9QXZdKdzKo5kNZndVrPkAgjUiPhj5xOqRSk5%2BiUsw%2Fs6basSUOKYRBNURpIYOKjMKG5vkxAXFTZ1C%2Bzh6S7ARVzg845WjzH9nj3dL9TNwRScEhl8ogAsB6%2BJPR%2Fas05DTUC%2F7Nww%2Btb11QY6mgFuIXjUuJ1WiwOBL9NuEk6J3Raj8HIzuVWCggs4ILK0u0BDsDuUVlMwkNOHbsn4yLOBiD15bDxxi15B6oIbihBOqb0XjdnJtW6oYPTP%2FgSxD%2F3o7HYpkZJCBR7YmsIaaSJvBjG5m%2FUsJpbdBj%2BkC9lzNLqjIC37ZnVhmQ28RRyt5Fi%2FOsECLLOIc13O6Nk7NXpxGz3sA9MbSK7g&X-Amz-Algorithm=AWS4-HMAC-SHA256&X-Amz-Date=20260930T200521Z&X-Amz-SignedHeaders=host&X-Amz-Credential=ASIA2QE4OQUW7N476K6D%2F20260930%2Fus-east-2%2Fs3%2Faws4_request&X-Amz-Expires=30&X-Amz-Signature=b9eefe1e7e7152bb28242d5e32a740b2891df5dd9f7e0bc818682b49e74a787c 17085ms (cache miss)
npm http fetch GET 200 https://vltoss.jfrog.io/artifactory/api/npm/benchmark-npm-remote/@fluentui/react-toast/-/react-toast-9.8.4.tgz 17288ms (cache miss)
npm http fetch GET 200 https://vltoss.jfrog.io/artifactory/api/npm/benchmark-npm-remote/@fluentui/react-carousel/-/react-carousel-9.9.14.tgz 17453ms (cache miss)
npm http fetch GET 200 https://jfrog-prod-use2-shared-ohio-main.s3.amazonaws.com/aol-a0eigilwc24ii/filestore/90/90251dc007916e972786cb94d74d15b185577d21?response-content-disposition=attachment%3Bfilename%3D%22typescript-6.0.3.tgz%22&response-content-type=application%2Fx-gzip&X-Artifactory-username=darcy%40vlt.sh&X-Artifactory-repoType=local&X-Artifactory-repositoryKey=benchmark-npm-remote-cache&X-Artifactory-originPackageType=npm&X-Artifactory-packageType=npm&X-Artifactory-artifactPath=typescript%2F-%2Ftypescript-6.0.3.tgz&X-Artifactory-originProjectKey=benchmark&X-Artifactory-projectKey=benchmark&X-Artifactory-originRepoType=remote&X-Artifactory-originRepositoryKey=benchmark-npm-remote&x-jf-traceId=e57a4f92d48fafdd5f349b30fe034206&X-Amz-Security-Token=IQoJb3JpZ2luX2VjEKT%2F%2F%2F%2F%2F%2F%2F%2F%2F%2FwEaCXVzLWVhc3QtMiJGMEQCIGE05Nq07AoTr5hDsK%2Fz9lwEUN5HM86m%2BfGPbXQZ%2FdtCAiBQ3WNO7Py4EfCz88%2FeERFKKmb7UZEFCZqnchqYH%2BYuXyqSBQhtEAAaDDcyMTg4MjYxMzAzNyIMzzm3ajtO0WT7d9hxKu8EJU%2F3xYhBBgyfL1OAyamecU1X0jbcp0RFRmbFCPK6b6eD0b5PFFjEfdD8p2cGWog5gQV9Kjt8mGbno8V9mGEdwsCam5Bbm%2FBDkKc3DzTA8%2BSnMhG%2FwVTG3cA%2BpAKXKQ8TtnY7f2EWpE%2BSko0xe1FZV0H%2FY%2FVa0EGrces6gNWg4i%2FU3ui2hWlsWfnR9Bv7se7e0ZbPO8UGGNDhQkrc1x0g%2BbUYiRIfCpVul6bwyUTqx6jGJjpe%2Bl1sDZ6YVtBp5vVLV0G428zg6IhQf1%2F7311mz9n6YqiugFZK5fGBX4Xg9YY2e25tLsXYol55bdHgA9C5Cp9iGR%2BptiHCyfiPtk56HHQKqiiLlRiQU7M8eEjJprOQ7geXQAQLluWYyUiavmlhcuJa3pIzH0YL89I44H4jPfzA5e9O7mwZRn6zzpv8jN1RFX4hh0wEtgDxV9f4VU8OTXQEhtEnPMhnwMJKIHLHg7iwN%2Fc1lTY%2BaX4dlqhMtzS%2F6TOR8oca6f33A487nGSOGEHgwTFcvaQwRSd8GEmCzHHVMR7IiKGXzfjLChYJGtnYASJWrh3sOuFDp7cpfqS95qnaCE9NfTvgz2upgtyitiIifnCLk4JanJzzKN2DFkQLyDusSU1hCoxwXf6CAm8rIdbF23HkJI96fBTS3q%2FJ4tONCPjgh7IpU0kaCFHgdXyCoggFYeYn874G9QXZdKdzKo5kNZndVrPkAgjUiPhj5xOqRSk5%2BiUsw%2Fs6basSUOKYRBNURpIYOKjMKG5vkxAXFTZ1C%2Bzh6S7ARVzg845WjzH9nj3dL9TNwRScEhl8ogAsB6%2BJPR%2Fas05DTUC%2F7Nww%2Btb11QY6mgFuIXjUuJ1WiwOBL9NuEk6J3Raj8HIzuVWCggs4ILK0u0BDsDuUVlMwkNOHbsn4yLOBiD15bDxxi15B6oIbihBOqb0XjdnJtW6oYPTP%2FgSxD%2F3o7HYpkZJCBR7YmsIaaSJvBjG5m%2FUsJpbdBj%2BkC9lzNLqjIC37ZnVhmQ28RRyt5Fi%2FOsECLLOIc13O6Nk7NXpxGz3sA9MbSK7g&X-Amz-Algorithm=AWS4-HMAC-SHA256&X-Amz-Date=20260930T200524Z&X-Amz-SignedHeaders=host&X-Amz-Credential=ASIA2QE4OQUW7N476K6D%2F20260930%2Fus-east-2%2Fs3%2Faws4_request&X-Amz-Expires=30&X-Amz-Signature=9617eed5b14a85d27091f27c7ce460b8bdacadbdd4bd06e39852bc60951f2905 17262ms (cache miss)
npm http fetch GET 200 https://jfrog-prod-use2-shared-ohio-main.s3.amazonaws.com/aol-a0eigilwc24ii/filestore/2a/2a4e3c8b0f753196efae943c8ffaa8730fc6a3fa?response-content-disposition=attachment%3Bfilename%3D%22eslint-9.39.5.tgz%22&response-content-type=application%2Fx-gzip&X-Artifactory-username=darcy%40vlt.sh&X-Artifactory-repoType=local&X-Artifactory-repositoryKey=benchmark-npm-remote-cache&X-Artifactory-originPackageType=npm&X-Artifactory-packageType=npm&X-Artifactory-artifactPath=eslint%2F-%2Feslint-9.39.5.tgz&X-Artifactory-originProjectKey=benchmark&X-Artifactory-projectKey=benchmark&X-Artifactory-originRepoType=remote&X-Artifactory-originRepositoryKey=benchmark-npm-remote&x-jf-traceId=117c1667b90ede9d43dd4dd637e63993&X-Amz-Security-Token=IQoJb3JpZ2luX2VjEKT%2F%2F%2F%2F%2F%2F%2F%2F%2F%2FwEaCXVzLWVhc3QtMiJGMEQCIGE05Nq07AoTr5hDsK%2Fz9lwEUN5HM86m%2BfGPbXQZ%2FdtCAiBQ3WNO7Py4EfCz88%2FeERFKKmb7UZEFCZqnchqYH%2BYuXyqSBQhtEAAaDDcyMTg4MjYxMzAzNyIMzzm3ajtO0WT7d9hxKu8EJU%2F3xYhBBgyfL1OAyamecU1X0jbcp0RFRmbFCPK6b6eD0b5PFFjEfdD8p2cGWog5gQV9Kjt8mGbno8V9mGEdwsCam5Bbm%2FBDkKc3DzTA8%2BSnMhG%2FwVTG3cA%2BpAKXKQ8TtnY7f2EWpE%2BSko0xe1FZV0H%2FY%2FVa0EGrces6gNWg4i%2FU3ui2hWlsWfnR9Bv7se7e0ZbPO8UGGNDhQkrc1x0g%2BbUYiRIfCpVul6bwyUTqx6jGJjpe%2Bl1sDZ6YVtBp5vVLV0G428zg6IhQf1%2F7311mz9n6YqiugFZK5fGBX4Xg9YY2e25tLsXYol55bdHgA9C5Cp9iGR%2BptiHCyfiPtk56HHQKqiiLlRiQU7M8eEjJprOQ7geXQAQLluWYyUiavmlhcuJa3pIzH0YL89I44H4jPfzA5e9O7mwZRn6zzpv8jN1RFX4hh0wEtgDxV9f4VU8OTXQEhtEnPMhnwMJKIHLHg7iwN%2Fc1lTY%2BaX4dlqhMtzS%2F6TOR8oca6f33A487nGSOGEHgwTFcvaQwRSd8GEmCzHHVMR7IiKGXzfjLChYJGtnYASJWrh3sOuFDp7cpfqS95qnaCE9NfTvgz2upgtyitiIifnCLk4JanJzzKN2DFkQLyDusSU1hCoxwXf6CAm8rIdbF23HkJI96fBTS3q%2FJ4tONCPjgh7IpU0kaCFHgdXyCoggFYeYn874G9QXZdKdzKo5kNZndVrPkAgjUiPhj5xOqRSk5%2BiUsw%2Fs6basSUOKYRBNURpIYOKjMKG5vkxAXFTZ1C%2Bzh6S7ARVzg845WjzH9nj3dL9TNwRScEhl8ogAsB6%2BJPR%2Fas05DTUC%2F7Nww%2Btb11QY6mgFuIXjUuJ1WiwOBL9NuEk6J3Raj8HIzuVWCggs4ILK0u0BDsDuUVlMwkNOHbsn4yLOBiD15bDxxi15B6oIbihBOqb0XjdnJtW6oYPTP%2FgSxD%2F3o7HYpkZJCBR7YmsIaaSJvBjG5m%2FUsJpbdBj%2BkC9lzNLqjIC37ZnVhmQ28RRyt5Fi%2FOsECLLOIc13O6Nk7NXpxGz3sA9MbSK7g&X-Amz-Algorithm=AWS4-HMAC-SHA256&X-Amz-Date=20260930T200521Z&X-Amz-SignedHeaders=host&X-Amz-Credential=ASIA2QE4OQUW7N476K6D%2F20260930%2Fus-east-2%2Fs3%2Faws4_request&X-Amz-Expires=30&X-Amz-Signature=1ba46dade36c8fe7faf56336fc89b265f3ce22291d77159634d172f869ef083d 17497ms (cache miss)
npm warn deprecated eslint@9.39.5: This version is no longer supported. Please see https://eslint.org/version-support for other options.
npm http fetch GET 200 https://jfrog-prod-use2-shared-ohio-main.s3.amazonaws.com/aol-a0eigilwc24ii/filestore/36/363fe1ca6b9c6122b9f1b2a47f9449ecf712f755?response-content-disposition=attachment%3Bfilename%3D%22chromium-bidi-0.6.3.tgz%22&response-content-type=application%2Fx-gzip&X-Artifactory-username=darcy%40vlt.sh&X-Artifactory-repoType=local&X-Artifactory-repositoryKey=benchmark-npm-remote-cache&X-Artifactory-originPackageType=npm&X-Artifactory-packageType=npm&X-Artifactory-artifactPath=chromium-bidi%2F-%2Fchromium-bidi-0.6.3.tgz&X-Artifactory-originProjectKey=benchmark&X-Artifactory-projectKey=benchmark&X-Artifactory-originRepoType=remote&X-Artifactory-originRepositoryKey=benchmark-npm-remote&x-jf-traceId=24f76ef5094c7846d3cc81adccc6df93&X-Amz-Security-Token=IQoJb3JpZ2luX2VjEKT%2F%2F%2F%2F%2F%2F%2F%2F%2F%2FwEaCXVzLWVhc3QtMiJGMEQCIGE05Nq07AoTr5hDsK%2Fz9lwEUN5HM86m%2BfGPbXQZ%2FdtCAiBQ3WNO7Py4EfCz88%2FeERFKKmb7UZEFCZqnchqYH%2BYuXyqSBQhtEAAaDDcyMTg4MjYxMzAzNyIMzzm3ajtO0WT7d9hxKu8EJU%2F3xYhBBgyfL1OAyamecU1X0jbcp0RFRmbFCPK6b6eD0b5PFFjEfdD8p2cGWog5gQV9Kjt8mGbno8V9mGEdwsCam5Bbm%2FBDkKc3DzTA8%2BSnMhG%2FwVTG3cA%2BpAKXKQ8TtnY7f2EWpE%2BSko0xe1FZV0H%2FY%2FVa0EGrces6gNWg4i%2FU3ui2hWlsWfnR9Bv7se7e0ZbPO8UGGNDhQkrc1x0g%2BbUYiRIfCpVul6bwyUTqx6jGJjpe%2Bl1sDZ6YVtBp5vVLV0G428zg6IhQf1%2F7311mz9n6YqiugFZK5fGBX4Xg9YY2e25tLsXYol55bdHgA9C5Cp9iGR%2BptiHCyfiPtk56HHQKqiiLlRiQU7M8eEjJprOQ7geXQAQLluWYyUiavmlhcuJa3pIzH0YL89I44H4jPfzA5e9O7mwZRn6zzpv8jN1RFX4hh0wEtgDxV9f4VU8OTXQEhtEnPMhnwMJKIHLHg7iwN%2Fc1lTY%2BaX4dlqhMtzS%2F6TOR8oca6f33A487nGSOGEHgwTFcvaQwRSd8GEmCzHHVMR7IiKGXzfjLChYJGtnYASJWrh3sOuFDp7cpfqS95qnaCE9NfTvgz2upgtyitiIifnCLk4JanJzzKN2DFkQLyDusSU1hCoxwXf6CAm8rIdbF23HkJI96fBTS3q%2FJ4tONCPjgh7IpU0kaCFHgdXyCoggFYeYn874G9QXZdKdzKo5kNZndVrPkAgjUiPhj5xOqRSk5%2BiUsw%2Fs6basSUOKYRBNURpIYOKjMKG5vkxAXFTZ1C%2Bzh6S7ARVzg845WjzH9nj3dL9TNwRScEhl8ogAsB6%2BJPR%2Fas05DTUC%2F7Nww%2Btb11QY6mgFuIXjUuJ1WiwOBL9NuEk6J3Raj8HIzuVWCggs4ILK0u0BDsDuUVlMwkNOHbsn4yLOBiD15bDxxi15B6oIbihBOqb0XjdnJtW6oYPTP%2FgSxD%2F3o7HYpkZJCBR7YmsIaaSJvBjG5m%2FUsJpbdBj%2BkC9lzNLqjIC37ZnVhmQ28RRyt5Fi%2FOsECLLOIc13O6Nk7NXpxGz3sA9MbSK7g&X-Amz-Algorithm=AWS4-HMAC-SHA256&X-Amz-Date=20260930T200515Z&X-Amz-SignedHeaders=host&X-Amz-Credential=ASIA2QE4OQUW7N476K6D%2F20260930%2Fus-east-2%2Fs3%2Faws4_request&X-Amz-Expires=30&X-Amz-Signature=3fe0f70fb863a3a18565c845994b2a8fd484036189e11736de5342606dd13871 17706ms (cache miss)
npm http fetch GET 200 https://jfrog-prod-use2-shared-ohio-main.s3.amazonaws.com/aol-a0eigilwc24ii/filestore/3d/3dcc9a865af256fa9f0af0d67fc8dd54eecaebf5?response-content-disposition=attachment%3Bfilename%3D%22playwright-core-1.57.0.tgz%22&response-content-type=application%2Fx-gzip&X-Artifactory-username=darcy%40vlt.sh&X-Artifactory-repoType=local&X-Artifactory-repositoryKey=benchmark-npm-remote-cache&X-Artifactory-originPackageType=npm&X-Artifactory-packageType=npm&X-Artifactory-artifactPath=playwright-core%2F-%2Fplaywright-core-1.57.0.tgz&X-Artifactory-originProjectKey=benchmark&X-Artifactory-projectKey=benchmark&X-Artifactory-originRepoType=remote&X-Artifactory-originRepositoryKey=benchmark-npm-remote&x-jf-traceId=b5deac7f423cff38ac8b488e47f9a33b&X-Amz-Security-Token=IQoJb3JpZ2luX2VjEKT%2F%2F%2F%2F%2F%2F%2F%2F%2F%2FwEaCXVzLWVhc3QtMiJGMEQCIGE05Nq07AoTr5hDsK%2Fz9lwEUN5HM86m%2BfGPbXQZ%2FdtCAiBQ3WNO7Py4EfCz88%2FeERFKKmb7UZEFCZqnchqYH%2BYuXyqSBQhtEAAaDDcyMTg4MjYxMzAzNyIMzzm3ajtO0WT7d9hxKu8EJU%2F3xYhBBgyfL1OAyamecU1X0jbcp0RFRmbFCPK6b6eD0b5PFFjEfdD8p2cGWog5gQV9Kjt8mGbno8V9mGEdwsCam5Bbm%2FBDkKc3DzTA8%2BSnMhG%2FwVTG3cA%2BpAKXKQ8TtnY7f2EWpE%2BSko0xe1FZV0H%2FY%2FVa0EGrces6gNWg4i%2FU3ui2hWlsWfnR9Bv7se7e0ZbPO8UGGNDhQkrc1x0g%2BbUYiRIfCpVul6bwyUTqx6jGJjpe%2Bl1sDZ6YVtBp5vVLV0G428zg6IhQf1%2F7311mz9n6YqiugFZK5fGBX4Xg9YY2e25tLsXYol55bdHgA9C5Cp9iGR%2BptiHCyfiPtk56HHQKqiiLlRiQU7M8eEjJprOQ7geXQAQLluWYyUiavmlhcuJa3pIzH0YL89I44H4jPfzA5e9O7mwZRn6zzpv8jN1RFX4hh0wEtgDxV9f4VU8OTXQEhtEnPMhnwMJKIHLHg7iwN%2Fc1lTY%2BaX4dlqhMtzS%2F6TOR8oca6f33A487nGSOGEHgwTFcvaQwRSd8GEmCzHHVMR7IiKGXzfjLChYJGtnYASJWrh3sOuFDp7cpfqS95qnaCE9NfTvgz2upgtyitiIifnCLk4JanJzzKN2DFkQLyDusSU1hCoxwXf6CAm8rIdbF23HkJI96fBTS3q%2FJ4tONCPjgh7IpU0kaCFHgdXyCoggFYeYn874G9QXZdKdzKo5kNZndVrPkAgjUiPhj5xOqRSk5%2BiUsw%2Fs6basSUOKYRBNURpIYOKjMKG5vkxAXFTZ1C%2Bzh6S7ARVzg845WjzH9nj3dL9TNwRScEhl8ogAsB6%2BJPR%2Fas05DTUC%2F7Nww%2Btb11QY6mgFuIXjUuJ1WiwOBL9NuEk6J3Raj8HIzuVWCggs4ILK0u0BDsDuUVlMwkNOHbsn4yLOBiD15bDxxi15B6oIbihBOqb0XjdnJtW6oYPTP%2FgSxD%2F3o7HYpkZJCBR7YmsIaaSJvBjG5m%2FUsJpbdBj%2BkC9lzNLqjIC37ZnVhmQ28RRyt5Fi%2FOsECLLOIc13O6Nk7NXpxGz3sA9MbSK7g&X-Amz-Algorithm=AWS4-HMAC-SHA256&X-Amz-Date=20260930T200518Z&X-Amz-SignedHeaders=host&X-Amz-Credential=ASIA2QE4OQUW7N476K6D%2F20260930%2Fus-east-2%2Fs3%2Faws4_request&X-Amz-Expires=30&X-Amz-Signature=a1a182d7be3376a0b1d845c0155969ed875f699e33ab2f82258ae15a8ac79f47 17670ms (cache miss)
npm http fetch GET 200 https://jfrog-prod-use2-shared-ohio-main.s3.amazonaws.com/aol-a0eigilwc24ii/filestore/00/00959d8b16c7f671221ae79b3ad8cde7e6a5c112?response-content-disposition=attachment%3Bfilename%3D%22langs-3.23.0.tgz%22&response-content-type=application%2Fx-gzip&X-Artifactory-username=darcy%40vlt.sh&X-Artifactory-repoType=local&X-Artifactory-repositoryKey=benchmark-npm-remote-cache&X-Artifactory-originPackageType=npm&X-Artifactory-packageType=npm&X-Artifactory-artifactPath=%40shikijs%2Flangs%2F-%2Flangs-3.23.0.tgz&X-Artifactory-originProjectKey=benchmark&X-Artifactory-projectKey=benchmark&X-Artifactory-originRepoType=remote&X-Artifactory-originRepositoryKey=benchmark-npm-remote&x-jf-traceId=259c295f64c7846bf4103f26bbeeb266&X-Amz-Security-Token=IQoJb3JpZ2luX2VjEKT%2F%2F%2F%2F%2F%2F%2F%2F%2F%2FwEaCXVzLWVhc3QtMiJGMEQCIGE05Nq07AoTr5hDsK%2Fz9lwEUN5HM86m%2BfGPbXQZ%2FdtCAiBQ3WNO7Py4EfCz88%2FeERFKKmb7UZEFCZqnchqYH%2BYuXyqSBQhtEAAaDDcyMTg4MjYxMzAzNyIMzzm3ajtO0WT7d9hxKu8EJU%2F3xYhBBgyfL1OAyamecU1X0jbcp0RFRmbFCPK6b6eD0b5PFFjEfdD8p2cGWog5gQV9Kjt8mGbno8V9mGEdwsCam5Bbm%2FBDkKc3DzTA8%2BSnMhG%2FwVTG3cA%2BpAKXKQ8TtnY7f2EWpE%2BSko0xe1FZV0H%2FY%2FVa0EGrces6gNWg4i%2FU3ui2hWlsWfnR9Bv7se7e0ZbPO8UGGNDhQkrc1x0g%2BbUYiRIfCpVul6bwyUTqx6jGJjpe%2Bl1sDZ6YVtBp5vVLV0G428zg6IhQf1%2F7311mz9n6YqiugFZK5fGBX4Xg9YY2e25tLsXYol55bdHgA9C5Cp9iGR%2BptiHCyfiPtk56HHQKqiiLlRiQU7M8eEjJprOQ7geXQAQLluWYyUiavmlhcuJa3pIzH0YL89I44H4jPfzA5e9O7mwZRn6zzpv8jN1RFX4hh0wEtgDxV9f4VU8OTXQEhtEnPMhnwMJKIHLHg7iwN%2Fc1lTY%2BaX4dlqhMtzS%2F6TOR8oca6f33A487nGSOGEHgwTFcvaQwRSd8GEmCzHHVMR7IiKGXzfjLChYJGtnYASJWrh3sOuFDp7cpfqS95qnaCE9NfTvgz2upgtyitiIifnCLk4JanJzzKN2DFkQLyDusSU1hCoxwXf6CAm8rIdbF23HkJI96fBTS3q%2FJ4tONCPjgh7IpU0kaCFHgdXyCoggFYeYn874G9QXZdKdzKo5kNZndVrPkAgjUiPhj5xOqRSk5%2BiUsw%2Fs6basSUOKYRBNURpIYOKjMKG5vkxAXFTZ1C%2Bzh6S7ARVzg845WjzH9nj3dL9TNwRScEhl8ogAsB6%2BJPR%2Fas05DTUC%2F7Nww%2Btb11QY6mgFuIXjUuJ1WiwOBL9NuEk6J3Raj8HIzuVWCggs4ILK0u0BDsDuUVlMwkNOHbsn4yLOBiD15bDxxi15B6oIbihBOqb0XjdnJtW6oYPTP%2FgSxD%2F3o7HYpkZJCBR7YmsIaaSJvBjG5m%2FUsJpbdBj%2BkC9lzNLqjIC37ZnVhmQ28RRyt5Fi%2FOsECLLOIc13O6Nk7NXpxGz3sA9MbSK7g&X-Amz-Algorithm=AWS4-HMAC-SHA256&X-Amz-Date=20260930T200517Z&X-Amz-SignedHeaders=host&X-Amz-Credential=ASIA2QE4OQUW7N476K6D%2F20260930%2Fus-east-2%2Fs3%2Faws4_request&X-Amz-Expires=30&X-Amz-Signature=cd66e58d47a4f8a942a1f0b2ade30cf5778c12876d77abbad1b0264256d3abc7 17842ms (cache miss)
npm http fetch GET 200 https://vltoss.jfrog.io/artifactory/api/npm/benchmark-npm-remote/@fluentui/react-text/-/react-text-9.6.20.tgz 17972ms (cache miss)
npm http fetch GET 200 https://jfrog-prod-use2-shared-ohio-main.s3.amazonaws.com/aol-a0eigilwc24ii/filestore/99/99f474391c3e54bfcb73b1934ea2dba6d6a59bef?response-content-disposition=attachment%3Bfilename%3D%22eslint-plugin-8.71.0.tgz%22&response-content-type=application%2Fx-gzip&X-Artifactory-username=darcy%40vlt.sh&X-Artifactory-repoType=local&X-Artifactory-repositoryKey=benchmark-npm-remote-cache&X-Artifactory-originPackageType=npm&X-Artifactory-packageType=npm&X-Artifactory-artifactPath=%40typescript-eslint%2Feslint-plugin%2F-%2Feslint-plugin-8.71.0.tgz&X-Artifactory-originProjectKey=benchmark&X-Artifactory-projectKey=benchmark&X-Artifactory-originRepoType=remote&X-Artifactory-originRepositoryKey=benchmark-npm-remote&x-jf-traceId=bdd22f195d0a804b4e4a83814174ace9&X-Amz-Security-Token=IQoJb3JpZ2luX2VjEKT%2F%2F%2F%2F%2F%2F%2F%2F%2F%2FwEaCXVzLWVhc3QtMiJGMEQCIGE05Nq07AoTr5hDsK%2Fz9lwEUN5HM86m%2BfGPbXQZ%2FdtCAiBQ3WNO7Py4EfCz88%2FeERFKKmb7UZEFCZqnchqYH%2BYuXyqSBQhtEAAaDDcyMTg4MjYxMzAzNyIMzzm3ajtO0WT7d9hxKu8EJU%2F3xYhBBgyfL1OAyamecU1X0jbcp0RFRmbFCPK6b6eD0b5PFFjEfdD8p2cGWog5gQV9Kjt8mGbno8V9mGEdwsCam5Bbm%2FBDkKc3DzTA8%2BSnMhG%2FwVTG3cA%2BpAKXKQ8TtnY7f2EWpE%2BSko0xe1FZV0H%2FY%2FVa0EGrces6gNWg4i%2FU3ui2hWlsWfnR9Bv7se7e0ZbPO8UGGNDhQkrc1x0g%2BbUYiRIfCpVul6bwyUTqx6jGJjpe%2Bl1sDZ6YVtBp5vVLV0G428zg6IhQf1%2F7311mz9n6YqiugFZK5fGBX4Xg9YY2e25tLsXYol55bdHgA9C5Cp9iGR%2BptiHCyfiPtk56HHQKqiiLlRiQU7M8eEjJprOQ7geXQAQLluWYyUiavmlhcuJa3pIzH0YL89I44H4jPfzA5e9O7mwZRn6zzpv8jN1RFX4hh0wEtgDxV9f4VU8OTXQEhtEnPMhnwMJKIHLHg7iwN%2Fc1lTY%2BaX4dlqhMtzS%2F6TOR8oca6f33A487nGSOGEHgwTFcvaQwRSd8GEmCzHHVMR7IiKGXzfjLChYJGtnYASJWrh3sOuFDp7cpfqS95qnaCE9NfTvgz2upgtyitiIifnCLk4JanJzzKN2DFkQLyDusSU1hCoxwXf6CAm8rIdbF23HkJI96fBTS3q%2FJ4tONCPjgh7IpU0kaCFHgdXyCoggFYeYn874G9QXZdKdzKo5kNZndVrPkAgjUiPhj5xOqRSk5%2BiUsw%2Fs6basSUOKYRBNURpIYOKjMKG5vkxAXFTZ1C%2Bzh6S7ARVzg845WjzH9nj3dL9TNwRScEhl8ogAsB6%2BJPR%2Fas05DTUC%2F7Nww%2Btb11QY6mgFuIXjUuJ1WiwOBL9NuEk6J3Raj8HIzuVWCggs4ILK0u0BDsDuUVlMwkNOHbsn4yLOBiD15bDxxi15B6oIbihBOqb0XjdnJtW6oYPTP%2FgSxD%2F3o7HYpkZJCBR7YmsIaaSJvBjG5m%2FUsJpbdBj%2BkC9lzNLqjIC37ZnVhmQ28RRyt5Fi%2FOsECLLOIc13O6Nk7NXpxGz3sA9MbSK7g&X-Amz-Algorithm=AWS4-HMAC-SHA256&X-Amz-Date=20260930T200521Z&X-Amz-SignedHeaders=host&X-Amz-Credential=ASIA2QE4OQUW7N476K6D%2F20260930%2Fus-east-2%2Fs3%2Faws4_request&X-Amz-Expires=30&X-Amz-Signature=851d1d8686fb56860125437fa8e8c0c86933ee1545eeb4c91da7fb1a27298026 17824ms (cache miss)
npm http fetch GET 200 https://jfrog-prod-use2-shared-ohio-main.s3.amazonaws.com/aol-a0eigilwc24ii/filestore/93/93f8dd57fe3a3a92132b33d1eb182dcd9e7629fa?response-content-disposition=attachment%3Bfilename%3D%22json-pack-1.21.0.tgz%22&response-content-type=application%2Fx-gzip&X-Artifactory-username=darcy%40vlt.sh&X-Artifactory-repoType=local&X-Artifactory-repositoryKey=benchmark-npm-remote-cache&X-Artifactory-originPackageType=npm&X-Artifactory-packageType=npm&X-Artifactory-artifactPath=%40jsonjoy.com%2Fjson-pack%2F-%2Fjson-pack-1.21.0.tgz&X-Artifactory-originProjectKey=benchmark&X-Artifactory-projectKey=benchmark&X-Artifactory-originRepoType=remote&X-Artifactory-originRepositoryKey=benchmark-npm-remote&x-jf-traceId=6ec220783fd43baf853a6a220df2654b&X-Amz-Security-Token=IQoJb3JpZ2luX2VjEKT%2F%2F%2F%2F%2F%2F%2F%2F%2F%2FwEaCXVzLWVhc3QtMiJGMEQCIGE05Nq07AoTr5hDsK%2Fz9lwEUN5HM86m%2BfGPbXQZ%2FdtCAiBQ3WNO7Py4EfCz88%2FeERFKKmb7UZEFCZqnchqYH%2BYuXyqSBQhtEAAaDDcyMTg4MjYxMzAzNyIMzzm3ajtO0WT7d9hxKu8EJU%2F3xYhBBgyfL1OAyamecU1X0jbcp0RFRmbFCPK6b6eD0b5PFFjEfdD8p2cGWog5gQV9Kjt8mGbno8V9mGEdwsCam5Bbm%2FBDkKc3DzTA8%2BSnMhG%2FwVTG3cA%2BpAKXKQ8TtnY7f2EWpE%2BSko0xe1FZV0H%2FY%2FVa0EGrces6gNWg4i%2FU3ui2hWlsWfnR9Bv7se7e0ZbPO8UGGNDhQkrc1x0g%2BbUYiRIfCpVul6bwyUTqx6jGJjpe%2Bl1sDZ6YVtBp5vVLV0G428zg6IhQf1%2F7311mz9n6YqiugFZK5fGBX4Xg9YY2e25tLsXYol55bdHgA9C5Cp9iGR%2BptiHCyfiPtk56HHQKqiiLlRiQU7M8eEjJprOQ7geXQAQLluWYyUiavmlhcuJa3pIzH0YL89I44H4jPfzA5e9O7mwZRn6zzpv8jN1RFX4hh0wEtgDxV9f4VU8OTXQEhtEnPMhnwMJKIHLHg7iwN%2Fc1lTY%2BaX4dlqhMtzS%2F6TOR8oca6f33A487nGSOGEHgwTFcvaQwRSd8GEmCzHHVMR7IiKGXzfjLChYJGtnYASJWrh3sOuFDp7cpfqS95qnaCE9NfTvgz2upgtyitiIifnCLk4JanJzzKN2DFkQLyDusSU1hCoxwXf6CAm8rIdbF23HkJI96fBTS3q%2FJ4tONCPjgh7IpU0kaCFHgdXyCoggFYeYn874G9QXZdKdzKo5kNZndVrPkAgjUiPhj5xOqRSk5%2BiUsw%2Fs6basSUOKYRBNURpIYOKjMKG5vkxAXFTZ1C%2Bzh6S7ARVzg845WjzH9nj3dL9TNwRScEhl8ogAsB6%2BJPR%2Fas05DTUC%2F7Nww%2Btb11QY6mgFuIXjUuJ1WiwOBL9NuEk6J3Raj8HIzuVWCggs4ILK0u0BDsDuUVlMwkNOHbsn4yLOBiD15bDxxi15B6oIbihBOqb0XjdnJtW6oYPTP%2FgSxD%2F3o7HYpkZJCBR7YmsIaaSJvBjG5m%2FUsJpbdBj%2BkC9lzNLqjIC37ZnVhmQ28RRyt5Fi%2FOsECLLOIc13O6Nk7NXpxGz3sA9MbSK7g&X-Amz-Algorithm=AWS4-HMAC-SHA256&X-Amz-Date=20260930T200514Z&X-Amz-SignedHeaders=host&X-Amz-Credential=ASIA2QE4OQUW7N476K6D%2F20260930%2Fus-east-2%2Fs3%2Faws4_request&X-Amz-Expires=30&X-Amz-Signature=eec7048639a2ca7225811c29c15ac1d75937796a0a04c0e0b279b6ef8fce6951 18213ms (cache miss)
npm http fetch GET 200 https://jfrog-prod-use2-shared-ohio-main.s3.amazonaws.com/aol-a0eigilwc24ii/filestore/d7/d7356068bf7d1ff85d87d8184ba2eb3e1339d89c?response-content-disposition=attachment%3Bfilename%3D%22react-menu-9.25.6.tgz%22&response-content-type=application%2Fx-gzip&X-Artifactory-username=darcy%40vlt.sh&X-Artifactory-repoType=local&X-Artifactory-repositoryKey=benchmark-npm-remote-cache&X-Artifactory-originPackageType=npm&X-Artifactory-packageType=npm&X-Artifactory-artifactPath=%40fluentui%2Freact-menu%2F-%2Freact-menu-9.25.6.tgz&X-Artifactory-originProjectKey=benchmark&X-Artifactory-projectKey=benchmark&X-Artifactory-originRepoType=remote&X-Artifactory-originRepositoryKey=benchmark-npm-remote&x-jf-traceId=ce21725b951d9073dc2e60c71e3aa525&X-Amz-Security-Token=IQoJb3JpZ2luX2VjEKP%2F%2F%2F%2F%2F%2F%2F%2F%2F%2FwEaCXVzLWVhc3QtMiJHMEUCIQCNM1vyehYeot350c8CmRxyxANvaNL6o%2FiXftrYvN3QywIgJtJnf8Vo3mqOPxnbYHJVntu4EqNd3FL7eos1bvhYpIgqkgUIbBAAGgw3MjE4ODI2MTMwMzciDOIbxNlDwteJv9ALRirvBFhqoH1fB4CeV1H%2FaT8tH%2Fhhvom8QCtzC%2FE0AvYQHFpqf%2BH%2F3xTVGISqSZkk%2BId1FoRcSuovhtFz4ghRZqDWCvDDU6VA5wF%2BanA02u6RiQmBIxm1HzosqOTTNw7oVFrPyx2XOvnqksLRMMOmtWxIjEXCcS1b9ifWcFSRYQ80danrcAqkNkCNW%2FJw0N8co%2FhFHeZPbEVLQI89iaOYuwl091x39JAjglhNjcJkk9MbmeqB8HWamd1RnZ9GhTur%2F1LVll79ah%2BY6lV3oDRtJcptDouKM9k1YKPnIfFNjDu29oUhLKCSWF9eM7hIxA0fucpTwAbc4ARQeusYYpq%2FQpaxRDvmGSBDUJX%2Br9C6UavFnfGv5sKJ2OfdUnPIIdcTemwwLAwtc4HcatwDZEPipLqqGW0nltMEtuiZyQqrPN0ZYHheLld6eIlFHH7s0nP6QYe1jdbqnA0p1R4MKQUKBRt%2FW%2FBnMM%2FVqvglFW8t%2F1aUHuhDU2ULm%2F9p2Kw%2B3q0JKU%2FrONLPzvLcEsAwkN7x81L7qYN5GeZ7Xpq315IpRsqHloLSJAtIhmGcWnk03J%2BvoppO3iWPSSAYBRj1s91hcOKRZTxcDlxGnBEDRkgr8lURS1HCBrAXRUScaSP6gujzwTuNdAnsVmDgowcYsD499zgQvTvZI61j469co13kCwPFv6D6l9oi3P04WhprxV%2FDbab995sy%2F3G4INHiPE6%2BG3HCYOBPBNJSIimqwDvy986amweffu5t9SQTtV2v%2FEvCFhLArnsCIs%2BfbbcqvozPqUMMVaN321MXXx5afWpeYFYnQ4omoul2bc7f8J3FMODLUKirMK6%2B9dUGOpkB6DGxDtYFNfORc5JhXgm9VIJz8Z9T68V0gsInpGx8xgvijGbqRKk5zQknbWkR0OyGmFJWKIjc%2FoISOvsPVxTOXXt00cMbNTFFIrKf3sK1pReGSe336dM9gLM235Wl%2BlyUriPlDgxAh3Uv14sz8wL1nsY3bcBWTxMmaKf%2BwBafuSm366qj7Cg%2FQSgON7OTTMbH2HqlH5Hduc4S&X-Amz-Algorithm=AWS4-HMAC-SHA256&X-Amz-Date=20260930T200516Z&X-Amz-SignedHeaders=host&X-Amz-Credential=ASIA2QE4OQUW27TYEKCH%2F20260930%2Fus-east-2%2Fs3%2Faws4_request&X-Amz-Expires=30&X-Amz-Signature=ddba82514698f7ce03b8a623daae28964b75d704f7e1b7a0c7827dec5fe0ca2e 18202ms (cache miss)
npm http fetch GET 200 https://jfrog-prod-use2-shared-ohio-main.s3.amazonaws.com/aol-a0eigilwc24ii/filestore/d1/d1a0527323e22f53562c567c00991577dfbe19d1?response-content-disposition=attachment%3Bfilename%3D%22ajv-8.12.0.tgz%22&response-content-type=application%2Fx-gzip&X-Artifactory-username=darcy%40vlt.sh&X-Artifactory-repoType=local&X-Artifactory-repositoryKey=benchmark-npm-remote-cache&X-Artifactory-originPackageType=npm&X-Artifactory-packageType=npm&X-Artifactory-artifactPath=ajv%2F-%2Fajv-8.12.0.tgz&X-Artifactory-originProjectKey=benchmark&X-Artifactory-projectKey=benchmark&X-Artifactory-originRepoType=remote&X-Artifactory-originRepositoryKey=benchmark-npm-remote&x-jf-traceId=96ec91b9f4e8f771279aa37690090e9a&X-Amz-Security-Token=IQoJb3JpZ2luX2VjEKT%2F%2F%2F%2F%2F%2F%2F%2F%2F%2FwEaCXVzLWVhc3QtMiJGMEQCIGE05Nq07AoTr5hDsK%2Fz9lwEUN5HM86m%2BfGPbXQZ%2FdtCAiBQ3WNO7Py4EfCz88%2FeERFKKmb7UZEFCZqnchqYH%2BYuXyqSBQhtEAAaDDcyMTg4MjYxMzAzNyIMzzm3ajtO0WT7d9hxKu8EJU%2F3xYhBBgyfL1OAyamecU1X0jbcp0RFRmbFCPK6b6eD0b5PFFjEfdD8p2cGWog5gQV9Kjt8mGbno8V9mGEdwsCam5Bbm%2FBDkKc3DzTA8%2BSnMhG%2FwVTG3cA%2BpAKXKQ8TtnY7f2EWpE%2BSko0xe1FZV0H%2FY%2FVa0EGrces6gNWg4i%2FU3ui2hWlsWfnR9Bv7se7e0ZbPO8UGGNDhQkrc1x0g%2BbUYiRIfCpVul6bwyUTqx6jGJjpe%2Bl1sDZ6YVtBp5vVLV0G428zg6IhQf1%2F7311mz9n6YqiugFZK5fGBX4Xg9YY2e25tLsXYol55bdHgA9C5Cp9iGR%2BptiHCyfiPtk56HHQKqiiLlRiQU7M8eEjJprOQ7geXQAQLluWYyUiavmlhcuJa3pIzH0YL89I44H4jPfzA5e9O7mwZRn6zzpv8jN1RFX4hh0wEtgDxV9f4VU8OTXQEhtEnPMhnwMJKIHLHg7iwN%2Fc1lTY%2BaX4dlqhMtzS%2F6TOR8oca6f33A487nGSOGEHgwTFcvaQwRSd8GEmCzHHVMR7IiKGXzfjLChYJGtnYASJWrh3sOuFDp7cpfqS95qnaCE9NfTvgz2upgtyitiIifnCLk4JanJzzKN2DFkQLyDusSU1hCoxwXf6CAm8rIdbF23HkJI96fBTS3q%2FJ4tONCPjgh7IpU0kaCFHgdXyCoggFYeYn874G9QXZdKdzKo5kNZndVrPkAgjUiPhj5xOqRSk5%2BiUsw%2Fs6basSUOKYRBNURpIYOKjMKG5vkxAXFTZ1C%2Bzh6S7ARVzg845WjzH9nj3dL9TNwRScEhl8ogAsB6%2BJPR%2Fas05DTUC%2F7Nww%2Btb11QY6mgFuIXjUuJ1WiwOBL9NuEk6J3Raj8HIzuVWCggs4ILK0u0BDsDuUVlMwkNOHbsn4yLOBiD15bDxxi15B6oIbihBOqb0XjdnJtW6oYPTP%2FgSxD%2F3o7HYpkZJCBR7YmsIaaSJvBjG5m%2FUsJpbdBj%2BkC9lzNLqjIC37ZnVhmQ28RRyt5Fi%2FOsECLLOIc13O6Nk7NXpxGz3sA9MbSK7g&X-Amz-Algorithm=AWS4-HMAC-SHA256&X-Amz-Date=20260930T200521Z&X-Amz-SignedHeaders=host&X-Amz-Credential=ASIA2QE4OQUW7N476K6D%2F20260930%2Fus-east-2%2Fs3%2Faws4_request&X-Amz-Expires=30&X-Amz-Signature=1bd71a52e416eb28d3d2b7e4a4fd269b110932b68db16a659d5ceb74fd9b5f8a 18059ms (cache miss)
npm http fetch GET 200 https://jfrog-prod-use2-shared-ohio-main.s3.amazonaws.com/aol-a0eigilwc24ii/filestore/30/304b3636add88ba7d936760dd50ece006dea95f9?response-content-disposition=attachment%3Bfilename%3D%22ajv-8.20.0.tgz%22&response-content-type=application%2Fx-gzip&X-Artifactory-username=darcy%40vlt.sh&X-Artifactory-repoType=local&X-Artifactory-repositoryKey=benchmark-npm-remote-cache&X-Artifactory-originPackageType=npm&X-Artifactory-packageType=npm&X-Artifactory-artifactPath=ajv%2F-%2Fajv-8.20.0.tgz&X-Artifactory-originProjectKey=benchmark&X-Artifactory-projectKey=benchmark&X-Artifactory-originRepoType=remote&X-Artifactory-originRepositoryKey=benchmark-npm-remote&x-jf-traceId=a977dc826881602a2fd5bb04c489748f&X-Amz-Security-Token=IQoJb3JpZ2luX2VjEKP%2F%2F%2F%2F%2F%2F%2F%2F%2F%2FwEaCXVzLWVhc3QtMiJHMEUCIQCNM1vyehYeot350c8CmRxyxANvaNL6o%2FiXftrYvN3QywIgJtJnf8Vo3mqOPxnbYHJVntu4EqNd3FL7eos1bvhYpIgqkgUIbBAAGgw3MjE4ODI2MTMwMzciDOIbxNlDwteJv9ALRirvBFhqoH1fB4CeV1H%2FaT8tH%2Fhhvom8QCtzC%2FE0AvYQHFpqf%2BH%2F3xTVGISqSZkk%2BId1FoRcSuovhtFz4ghRZqDWCvDDU6VA5wF%2BanA02u6RiQmBIxm1HzosqOTTNw7oVFrPyx2XOvnqksLRMMOmtWxIjEXCcS1b9ifWcFSRYQ80danrcAqkNkCNW%2FJw0N8co%2FhFHeZPbEVLQI89iaOYuwl091x39JAjglhNjcJkk9MbmeqB8HWamd1RnZ9GhTur%2F1LVll79ah%2BY6lV3oDRtJcptDouKM9k1YKPnIfFNjDu29oUhLKCSWF9eM7hIxA0fucpTwAbc4ARQeusYYpq%2FQpaxRDvmGSBDUJX%2Br9C6UavFnfGv5sKJ2OfdUnPIIdcTemwwLAwtc4HcatwDZEPipLqqGW0nltMEtuiZyQqrPN0ZYHheLld6eIlFHH7s0nP6QYe1jdbqnA0p1R4MKQUKBRt%2FW%2FBnMM%2FVqvglFW8t%2F1aUHuhDU2ULm%2F9p2Kw%2B3q0JKU%2FrONLPzvLcEsAwkN7x81L7qYN5GeZ7Xpq315IpRsqHloLSJAtIhmGcWnk03J%2BvoppO3iWPSSAYBRj1s91hcOKRZTxcDlxGnBEDRkgr8lURS1HCBrAXRUScaSP6gujzwTuNdAnsVmDgowcYsD499zgQvTvZI61j469co13kCwPFv6D6l9oi3P04WhprxV%2FDbab995sy%2F3G4INHiPE6%2BG3HCYOBPBNJSIimqwDvy986amweffu5t9SQTtV2v%2FEvCFhLArnsCIs%2BfbbcqvozPqUMMVaN321MXXx5afWpeYFYnQ4omoul2bc7f8J3FMODLUKirMK6%2B9dUGOpkB6DGxDtYFNfORc5JhXgm9VIJz8Z9T68V0gsInpGx8xgvijGbqRKk5zQknbWkR0OyGmFJWKIjc%2FoISOvsPVxTOXXt00cMbNTFFIrKf3sK1pReGSe336dM9gLM235Wl%2BlyUriPlDgxAh3Uv14sz8wL1nsY3bcBWTxMmaKf%2BwBafuSm366qj7Cg%2FQSgON7OTTMbH2HqlH5Hduc4S&X-Amz-Algorithm=AWS4-HMAC-SHA256&X-Amz-Date=20260930T200522Z&X-Amz-SignedHeaders=host&X-Amz-Credential=ASIA2QE4OQUW27TYEKCH%2F20260930%2Fus-east-2%2Fs3%2Faws4_request&X-Amz-Expires=30&X-Amz-Signature=d1e0bff5e33fa49360e7c618c49ad016fee8126c5124b24fd82dd531f0301340 18055ms (cache miss)
npm http fetch GET 200 https://jfrog-prod-use2-shared-ohio-main.s3.amazonaws.com/aol-a0eigilwc24ii/filestore/88/8864186b6738d003eb3a933172bb3833e10cefbc?response-content-disposition=attachment%3Bfilename%3D%22ajv-8.18.0.tgz%22&response-content-type=application%2Fx-gzip&X-Artifactory-username=darcy%40vlt.sh&X-Artifactory-repoType=local&X-Artifactory-repositoryKey=benchmark-npm-remote-cache&X-Artifactory-originPackageType=npm&X-Artifactory-packageType=npm&X-Artifactory-artifactPath=ajv%2F-%2Fajv-8.18.0.tgz&X-Artifactory-originProjectKey=benchmark&X-Artifactory-projectKey=benchmark&X-Artifactory-originRepoType=remote&X-Artifactory-originRepositoryKey=benchmark-npm-remote&x-jf-traceId=03889bd0b8a5762e087bc5b08af6291e&X-Amz-Security-Token=IQoJb3JpZ2luX2VjEKP%2F%2F%2F%2F%2F%2F%2F%2F%2F%2FwEaCXVzLWVhc3QtMiJHMEUCIQCNM1vyehYeot350c8CmRxyxANvaNL6o%2FiXftrYvN3QywIgJtJnf8Vo3mqOPxnbYHJVntu4EqNd3FL7eos1bvhYpIgqkgUIbBAAGgw3MjE4ODI2MTMwMzciDOIbxNlDwteJv9ALRirvBFhqoH1fB4CeV1H%2FaT8tH%2Fhhvom8QCtzC%2FE0AvYQHFpqf%2BH%2F3xTVGISqSZkk%2BId1FoRcSuovhtFz4ghRZqDWCvDDU6VA5wF%2BanA02u6RiQmBIxm1HzosqOTTNw7oVFrPyx2XOvnqksLRMMOmtWxIjEXCcS1b9ifWcFSRYQ80danrcAqkNkCNW%2FJw0N8co%2FhFHeZPbEVLQI89iaOYuwl091x39JAjglhNjcJkk9MbmeqB8HWamd1RnZ9GhTur%2F1LVll79ah%2BY6lV3oDRtJcptDouKM9k1YKPnIfFNjDu29oUhLKCSWF9eM7hIxA0fucpTwAbc4ARQeusYYpq%2FQpaxRDvmGSBDUJX%2Br9C6UavFnfGv5sKJ2OfdUnPIIdcTemwwLAwtc4HcatwDZEPipLqqGW0nltMEtuiZyQqrPN0ZYHheLld6eIlFHH7s0nP6QYe1jdbqnA0p1R4MKQUKBRt%2FW%2FBnMM%2FVqvglFW8t%2F1aUHuhDU2ULm%2F9p2Kw%2B3q0JKU%2FrONLPzvLcEsAwkN7x81L7qYN5GeZ7Xpq315IpRsqHloLSJAtIhmGcWnk03J%2BvoppO3iWPSSAYBRj1s91hcOKRZTxcDlxGnBEDRkgr8lURS1HCBrAXRUScaSP6gujzwTuNdAnsVmDgowcYsD499zgQvTvZI61j469co13kCwPFv6D6l9oi3P04WhprxV%2FDbab995sy%2F3G4INHiPE6%2BG3HCYOBPBNJSIimqwDvy986amweffu5t9SQTtV2v%2FEvCFhLArnsCIs%2BfbbcqvozPqUMMVaN321MXXx5afWpeYFYnQ4omoul2bc7f8J3FMODLUKirMK6%2B9dUGOpkB6DGxDtYFNfORc5JhXgm9VIJz8Z9T68V0gsInpGx8xgvijGbqRKk5zQknbWkR0OyGmFJWKIjc%2FoISOvsPVxTOXXt00cMbNTFFIrKf3sK1pReGSe336dM9gLM235Wl%2BlyUriPlDgxAh3Uv14sz8wL1nsY3bcBWTxMmaKf%2BwBafuSm366qj7Cg%2FQSgON7OTTMbH2HqlH5Hduc4S&X-Amz-Algorithm=AWS4-HMAC-SHA256&X-Amz-Date=20260930T200523Z&X-Amz-SignedHeaders=host&X-Amz-Credential=ASIA2QE4OQUW27TYEKCH%2F20260930%2Fus-east-2%2Fs3%2Faws4_request&X-Amz-Expires=30&X-Amz-Signature=c7cc2bd256d55c7a245669ca8245cf50b9e25ea0e8281e410689ab854a85c8b5 18043ms (cache miss)
npm http fetch GET 200 https://vltoss.jfrog.io/artifactory/api/npm/benchmark-npm-remote/@fluentui/react-nav/-/react-nav-9.4.7.tgz 18354ms (cache miss)
npm http fetch GET 200 https://jfrog-prod-use2-shared-ohio-main.s3.amazonaws.com/aol-a0eigilwc24ii/filestore/8d/8dd8ff65dd999c5d4d26df46c63915c7bdec093a?response-content-disposition=attachment%3Bfilename%3D%22json-pack-17.67.0.tgz%22&response-content-type=application%2Fx-gzip&X-Artifactory-username=darcy%40vlt.sh&X-Artifactory-repoType=local&X-Artifactory-repositoryKey=benchmark-npm-remote-cache&X-Artifactory-originPackageType=npm&X-Artifactory-packageType=npm&X-Artifactory-artifactPath=%40jsonjoy.com%2Fjson-pack%2F-%2Fjson-pack-17.67.0.tgz&X-Artifactory-originProjectKey=benchmark&X-Artifactory-projectKey=benchmark&X-Artifactory-originRepoType=remote&X-Artifactory-originRepositoryKey=benchmark-npm-remote&x-jf-traceId=77b664d0bd849224792c8492da457bb1&X-Amz-Security-Token=IQoJb3JpZ2luX2VjEKT%2F%2F%2F%2F%2F%2F%2F%2F%2F%2FwEaCXVzLWVhc3QtMiJGMEQCIGE05Nq07AoTr5hDsK%2Fz9lwEUN5HM86m%2BfGPbXQZ%2FdtCAiBQ3WNO7Py4EfCz88%2FeERFKKmb7UZEFCZqnchqYH%2BYuXyqSBQhtEAAaDDcyMTg4MjYxMzAzNyIMzzm3ajtO0WT7d9hxKu8EJU%2F3xYhBBgyfL1OAyamecU1X0jbcp0RFRmbFCPK6b6eD0b5PFFjEfdD8p2cGWog5gQV9Kjt8mGbno8V9mGEdwsCam5Bbm%2FBDkKc3DzTA8%2BSnMhG%2FwVTG3cA%2BpAKXKQ8TtnY7f2EWpE%2BSko0xe1FZV0H%2FY%2FVa0EGrces6gNWg4i%2FU3ui2hWlsWfnR9Bv7se7e0ZbPO8UGGNDhQkrc1x0g%2BbUYiRIfCpVul6bwyUTqx6jGJjpe%2Bl1sDZ6YVtBp5vVLV0G428zg6IhQf1%2F7311mz9n6YqiugFZK5fGBX4Xg9YY2e25tLsXYol55bdHgA9C5Cp9iGR%2BptiHCyfiPtk56HHQKqiiLlRiQU7M8eEjJprOQ7geXQAQLluWYyUiavmlhcuJa3pIzH0YL89I44H4jPfzA5e9O7mwZRn6zzpv8jN1RFX4hh0wEtgDxV9f4VU8OTXQEhtEnPMhnwMJKIHLHg7iwN%2Fc1lTY%2BaX4dlqhMtzS%2F6TOR8oca6f33A487nGSOGEHgwTFcvaQwRSd8GEmCzHHVMR7IiKGXzfjLChYJGtnYASJWrh3sOuFDp7cpfqS95qnaCE9NfTvgz2upgtyitiIifnCLk4JanJzzKN2DFkQLyDusSU1hCoxwXf6CAm8rIdbF23HkJI96fBTS3q%2FJ4tONCPjgh7IpU0kaCFHgdXyCoggFYeYn874G9QXZdKdzKo5kNZndVrPkAgjUiPhj5xOqRSk5%2BiUsw%2Fs6basSUOKYRBNURpIYOKjMKG5vkxAXFTZ1C%2Bzh6S7ARVzg845WjzH9nj3dL9TNwRScEhl8ogAsB6%2BJPR%2Fas05DTUC%2F7Nww%2Btb11QY6mgFuIXjUuJ1WiwOBL9NuEk6J3Raj8HIzuVWCggs4ILK0u0BDsDuUVlMwkNOHbsn4yLOBiD15bDxxi15B6oIbihBOqb0XjdnJtW6oYPTP%2FgSxD%2F3o7HYpkZJCBR7YmsIaaSJvBjG5m%2FUsJpbdBj%2BkC9lzNLqjIC37ZnVhmQ28RRyt5Fi%2FOsECLLOIc13O6Nk7NXpxGz3sA9MbSK7g&X-Amz-Algorithm=AWS4-HMAC-SHA256&X-Amz-Date=20260930T200521Z&X-Amz-SignedHeaders=host&X-Amz-Credential=ASIA2QE4OQUW7N476K6D%2F20260930%2Fus-east-2%2Fs3%2Faws4_request&X-Amz-Expires=30&X-Amz-Signature=f60decd5f97bba0ca17751ff99d4dcd1fe571602813139b9e7e7bf25e9501f81 18206ms (cache miss)
npm http fetch GET 200 https://vltoss.jfrog.io/artifactory/api/npm/benchmark-npm-remote/@fluentui/react-teaching-popover/-/react-teaching-popover-9.7.7.tgz 18388ms (cache miss)
npm http fetch GET 200 https://jfrog-prod-use2-shared-ohio-main.s3.amazonaws.com/aol-a0eigilwc24ii/filestore/79/79c76116aaa628e0c5f644c527c6b60a0ec8d3e3?response-content-disposition=attachment%3Bfilename%3D%22react-table-9.19.22.tgz%22&response-content-type=application%2Fx-gzip&X-Artifactory-username=darcy%40vlt.sh&X-Artifactory-repoType=local&X-Artifactory-repositoryKey=benchmark-npm-remote-cache&X-Artifactory-originPackageType=npm&X-Artifactory-packageType=npm&X-Artifactory-artifactPath=%40fluentui%2Freact-table%2F-%2Freact-table-9.19.22.tgz&X-Artifactory-originProjectKey=benchmark&X-Artifactory-projectKey=benchmark&X-Artifactory-originRepoType=remote&X-Artifactory-originRepositoryKey=benchmark-npm-remote&x-jf-traceId=508f7ed5a3bdf2f62e6cadd472615785&X-Amz-Security-Token=IQoJb3JpZ2luX2VjEKT%2F%2F%2F%2F%2F%2F%2F%2F%2F%2FwEaCXVzLWVhc3QtMiJGMEQCIGE05Nq07AoTr5hDsK%2Fz9lwEUN5HM86m%2BfGPbXQZ%2FdtCAiBQ3WNO7Py4EfCz88%2FeERFKKmb7UZEFCZqnchqYH%2BYuXyqSBQhtEAAaDDcyMTg4MjYxMzAzNyIMzzm3ajtO0WT7d9hxKu8EJU%2F3xYhBBgyfL1OAyamecU1X0jbcp0RFRmbFCPK6b6eD0b5PFFjEfdD8p2cGWog5gQV9Kjt8mGbno8V9mGEdwsCam5Bbm%2FBDkKc3DzTA8%2BSnMhG%2FwVTG3cA%2BpAKXKQ8TtnY7f2EWpE%2BSko0xe1FZV0H%2FY%2FVa0EGrces6gNWg4i%2FU3ui2hWlsWfnR9Bv7se7e0ZbPO8UGGNDhQkrc1x0g%2BbUYiRIfCpVul6bwyUTqx6jGJjpe%2Bl1sDZ6YVtBp5vVLV0G428zg6IhQf1%2F7311mz9n6YqiugFZK5fGBX4Xg9YY2e25tLsXYol55bdHgA9C5Cp9iGR%2BptiHCyfiPtk56HHQKqiiLlRiQU7M8eEjJprOQ7geXQAQLluWYyUiavmlhcuJa3pIzH0YL89I44H4jPfzA5e9O7mwZRn6zzpv8jN1RFX4hh0wEtgDxV9f4VU8OTXQEhtEnPMhnwMJKIHLHg7iwN%2Fc1lTY%2BaX4dlqhMtzS%2F6TOR8oca6f33A487nGSOGEHgwTFcvaQwRSd8GEmCzHHVMR7IiKGXzfjLChYJGtnYASJWrh3sOuFDp7cpfqS95qnaCE9NfTvgz2upgtyitiIifnCLk4JanJzzKN2DFkQLyDusSU1hCoxwXf6CAm8rIdbF23HkJI96fBTS3q%2FJ4tONCPjgh7IpU0kaCFHgdXyCoggFYeYn874G9QXZdKdzKo5kNZndVrPkAgjUiPhj5xOqRSk5%2BiUsw%2Fs6basSUOKYRBNURpIYOKjMKG5vkxAXFTZ1C%2Bzh6S7ARVzg845WjzH9nj3dL9TNwRScEhl8ogAsB6%2BJPR%2Fas05DTUC%2F7Nww%2Btb11QY6mgFuIXjUuJ1WiwOBL9NuEk6J3Raj8HIzuVWCggs4ILK0u0BDsDuUVlMwkNOHbsn4yLOBiD15bDxxi15B6oIbihBOqb0XjdnJtW6oYPTP%2FgSxD%2F3o7HYpkZJCBR7YmsIaaSJvBjG5m%2FUsJpbdBj%2BkC9lzNLqjIC37ZnVhmQ28RRyt5Fi%2FOsECLLOIc13O6Nk7NXpxGz3sA9MbSK7g&X-Amz-Algorithm=AWS4-HMAC-SHA256&X-Amz-Date=20260930T200516Z&X-Amz-SignedHeaders=host&X-Amz-Credential=ASIA2QE4OQUW7N476K6D%2F20260930%2Fus-east-2%2Fs3%2Faws4_request&X-Amz-Expires=30&X-Amz-Signature=86cc300261beddf592dc310371e785d82fd038738af2110aaa2e85e7da361e52 18737ms (cache miss)
npm http fetch GET 200 https://jfrog-prod-use2-shared-ohio-main.s3.amazonaws.com/aol-a0eigilwc24ii/filestore/fe/fe25883b5eb8464a82918599950d283c465b57f6?response-content-disposition=attachment%3Bfilename%3D%22free-solid-svg-icons-6.7.2.tgz%22&response-content-type=application%2Fx-gzip&X-Artifactory-username=darcy%40vlt.sh&X-Artifactory-repoType=local&X-Artifactory-repositoryKey=benchmark-npm-remote-cache&X-Artifactory-originPackageType=npm&X-Artifactory-packageType=npm&X-Artifactory-artifactPath=%40fortawesome%2Ffree-solid-svg-icons%2F-%2Ffree-solid-svg-icons-6.7.2.tgz&X-Artifactory-originProjectKey=benchmark&X-Artifactory-projectKey=benchmark&X-Artifactory-originRepoType=remote&X-Artifactory-originRepositoryKey=benchmark-npm-remote&x-jf-traceId=5854d763746eeec808f00c7737c6b98d&X-Amz-Security-Token=IQoJb3JpZ2luX2VjEKT%2F%2F%2F%2F%2F%2F%2F%2F%2F%2FwEaCXVzLWVhc3QtMiJGMEQCIGE05Nq07AoTr5hDsK%2Fz9lwEUN5HM86m%2BfGPbXQZ%2FdtCAiBQ3WNO7Py4EfCz88%2FeERFKKmb7UZEFCZqnchqYH%2BYuXyqSBQhtEAAaDDcyMTg4MjYxMzAzNyIMzzm3ajtO0WT7d9hxKu8EJU%2F3xYhBBgyfL1OAyamecU1X0jbcp0RFRmbFCPK6b6eD0b5PFFjEfdD8p2cGWog5gQV9Kjt8mGbno8V9mGEdwsCam5Bbm%2FBDkKc3DzTA8%2BSnMhG%2FwVTG3cA%2BpAKXKQ8TtnY7f2EWpE%2BSko0xe1FZV0H%2FY%2FVa0EGrces6gNWg4i%2FU3ui2hWlsWfnR9Bv7se7e0ZbPO8UGGNDhQkrc1x0g%2BbUYiRIfCpVul6bwyUTqx6jGJjpe%2Bl1sDZ6YVtBp5vVLV0G428zg6IhQf1%2F7311mz9n6YqiugFZK5fGBX4Xg9YY2e25tLsXYol55bdHgA9C5Cp9iGR%2BptiHCyfiPtk56HHQKqiiLlRiQU7M8eEjJprOQ7geXQAQLluWYyUiavmlhcuJa3pIzH0YL89I44H4jPfzA5e9O7mwZRn6zzpv8jN1RFX4hh0wEtgDxV9f4VU8OTXQEhtEnPMhnwMJKIHLHg7iwN%2Fc1lTY%2BaX4dlqhMtzS%2F6TOR8oca6f33A487nGSOGEHgwTFcvaQwRSd8GEmCzHHVMR7IiKGXzfjLChYJGtnYASJWrh3sOuFDp7cpfqS95qnaCE9NfTvgz2upgtyitiIifnCLk4JanJzzKN2DFkQLyDusSU1hCoxwXf6CAm8rIdbF23HkJI96fBTS3q%2FJ4tONCPjgh7IpU0kaCFHgdXyCoggFYeYn874G9QXZdKdzKo5kNZndVrPkAgjUiPhj5xOqRSk5%2BiUsw%2Fs6basSUOKYRBNURpIYOKjMKG5vkxAXFTZ1C%2Bzh6S7ARVzg845WjzH9nj3dL9TNwRScEhl8ogAsB6%2BJPR%2Fas05DTUC%2F7Nww%2Btb11QY6mgFuIXjUuJ1WiwOBL9NuEk6J3Raj8HIzuVWCggs4ILK0u0BDsDuUVlMwkNOHbsn4yLOBiD15bDxxi15B6oIbihBOqb0XjdnJtW6oYPTP%2FgSxD%2F3o7HYpkZJCBR7YmsIaaSJvBjG5m%2FUsJpbdBj%2BkC9lzNLqjIC37ZnVhmQ28RRyt5Fi%2FOsECLLOIc13O6Nk7NXpxGz3sA9MbSK7g&X-Amz-Algorithm=AWS4-HMAC-SHA256&X-Amz-Date=20260930T200517Z&X-Amz-SignedHeaders=host&X-Amz-Credential=ASIA2QE4OQUW7N476K6D%2F20260930%2Fus-east-2%2Fs3%2Faws4_request&X-Amz-Expires=30&X-Amz-Signature=74f3492207c5978632c3f0a0b96bf509427c1536f058b210a03d905ffbc49d77 18803ms (cache miss)
npm http fetch GET 200 https://jfrog-prod-use2-shared-ohio-main.s3.amazonaws.com/aol-a0eigilwc24ii/filestore/7a/7a9e1d107dd60f6ad3dacc74df6f6d53a9dbcf9b?response-content-disposition=attachment%3Bfilename%3D%22caniuse-lite-1.0.30001814.tgz%22&response-content-type=application%2Fx-gzip&X-Artifactory-username=darcy%40vlt.sh&X-Artifactory-repoType=local&X-Artifactory-repositoryKey=benchmark-npm-remote-cache&X-Artifactory-originPackageType=npm&X-Artifactory-packageType=npm&X-Artifactory-artifactPath=caniuse-lite%2F-%2Fcaniuse-lite-1.0.30001814.tgz&X-Artifactory-originProjectKey=benchmark&X-Artifactory-projectKey=benchmark&X-Artifactory-originRepoType=remote&X-Artifactory-originRepositoryKey=benchmark-npm-remote&x-jf-traceId=2d2dc6a516b72d025699e8b082469fab&X-Amz-Security-Token=IQoJb3JpZ2luX2VjEKP%2F%2F%2F%2F%2F%2F%2F%2F%2F%2FwEaCXVzLWVhc3QtMiJHMEUCIQCNM1vyehYeot350c8CmRxyxANvaNL6o%2FiXftrYvN3QywIgJtJnf8Vo3mqOPxnbYHJVntu4EqNd3FL7eos1bvhYpIgqkgUIbBAAGgw3MjE4ODI2MTMwMzciDOIbxNlDwteJv9ALRirvBFhqoH1fB4CeV1H%2FaT8tH%2Fhhvom8QCtzC%2FE0AvYQHFpqf%2BH%2F3xTVGISqSZkk%2BId1FoRcSuovhtFz4ghRZqDWCvDDU6VA5wF%2BanA02u6RiQmBIxm1HzosqOTTNw7oVFrPyx2XOvnqksLRMMOmtWxIjEXCcS1b9ifWcFSRYQ80danrcAqkNkCNW%2FJw0N8co%2FhFHeZPbEVLQI89iaOYuwl091x39JAjglhNjcJkk9MbmeqB8HWamd1RnZ9GhTur%2F1LVll79ah%2BY6lV3oDRtJcptDouKM9k1YKPnIfFNjDu29oUhLKCSWF9eM7hIxA0fucpTwAbc4ARQeusYYpq%2FQpaxRDvmGSBDUJX%2Br9C6UavFnfGv5sKJ2OfdUnPIIdcTemwwLAwtc4HcatwDZEPipLqqGW0nltMEtuiZyQqrPN0ZYHheLld6eIlFHH7s0nP6QYe1jdbqnA0p1R4MKQUKBRt%2FW%2FBnMM%2FVqvglFW8t%2F1aUHuhDU2ULm%2F9p2Kw%2B3q0JKU%2FrONLPzvLcEsAwkN7x81L7qYN5GeZ7Xpq315IpRsqHloLSJAtIhmGcWnk03J%2BvoppO3iWPSSAYBRj1s91hcOKRZTxcDlxGnBEDRkgr8lURS1HCBrAXRUScaSP6gujzwTuNdAnsVmDgowcYsD499zgQvTvZI61j469co13kCwPFv6D6l9oi3P04WhprxV%2FDbab995sy%2F3G4INHiPE6%2BG3HCYOBPBNJSIimqwDvy986amweffu5t9SQTtV2v%2FEvCFhLArnsCIs%2BfbbcqvozPqUMMVaN321MXXx5afWpeYFYnQ4omoul2bc7f8J3FMODLUKirMK6%2B9dUGOpkB6DGxDtYFNfORc5JhXgm9VIJz8Z9T68V0gsInpGx8xgvijGbqRKk5zQknbWkR0OyGmFJWKIjc%2FoISOvsPVxTOXXt00cMbNTFFIrKf3sK1pReGSe336dM9gLM235Wl%2BlyUriPlDgxAh3Uv14sz8wL1nsY3bcBWTxMmaKf%2BwBafuSm366qj7Cg%2FQSgON7OTTMbH2HqlH5Hduc4S&X-Amz-Algorithm=AWS4-HMAC-SHA256&X-Amz-Date=20260930T200520Z&X-Amz-SignedHeaders=host&X-Amz-Credential=ASIA2QE4OQUW27TYEKCH%2F20260930%2Fus-east-2%2Fs3%2Faws4_request&X-Amz-Expires=30&X-Amz-Signature=33fc8b07f2eacd0e01d983cffcd2b3a66f5e1e3cfc35b51d3f1345c78c811157 18768ms (cache miss)
npm http fetch GET 200 https://jfrog-prod-use2-shared-ohio-main.s3.amazonaws.com/aol-a0eigilwc24ii/filestore/ab/ab5f1c1cafc04bd878725490974ea5e8bf0c72b3?response-content-disposition=attachment%3Bfilename%3D%22jsdom-26.1.0.tgz%22&response-content-type=application%2Fx-gzip&X-Artifactory-username=darcy%40vlt.sh&X-Artifactory-repoType=local&X-Artifactory-repositoryKey=benchmark-npm-remote-cache&X-Artifactory-originPackageType=npm&X-Artifactory-packageType=npm&X-Artifactory-artifactPath=jsdom%2F-%2Fjsdom-26.1.0.tgz&X-Artifactory-originProjectKey=benchmark&X-Artifactory-projectKey=benchmark&X-Artifactory-originRepoType=remote&X-Artifactory-originRepositoryKey=benchmark-npm-remote&x-jf-traceId=f691e731f9d3da954228606491527546&X-Amz-Security-Token=IQoJb3JpZ2luX2VjEKT%2F%2F%2F%2F%2F%2F%2F%2F%2F%2FwEaCXVzLWVhc3QtMiJGMEQCIGE05Nq07AoTr5hDsK%2Fz9lwEUN5HM86m%2BfGPbXQZ%2FdtCAiBQ3WNO7Py4EfCz88%2FeERFKKmb7UZEFCZqnchqYH%2BYuXyqSBQhtEAAaDDcyMTg4MjYxMzAzNyIMzzm3ajtO0WT7d9hxKu8EJU%2F3xYhBBgyfL1OAyamecU1X0jbcp0RFRmbFCPK6b6eD0b5PFFjEfdD8p2cGWog5gQV9Kjt8mGbno8V9mGEdwsCam5Bbm%2FBDkKc3DzTA8%2BSnMhG%2FwVTG3cA%2BpAKXKQ8TtnY7f2EWpE%2BSko0xe1FZV0H%2FY%2FVa0EGrces6gNWg4i%2FU3ui2hWlsWfnR9Bv7se7e0ZbPO8UGGNDhQkrc1x0g%2BbUYiRIfCpVul6bwyUTqx6jGJjpe%2Bl1sDZ6YVtBp5vVLV0G428zg6IhQf1%2F7311mz9n6YqiugFZK5fGBX4Xg9YY2e25tLsXYol55bdHgA9C5Cp9iGR%2BptiHCyfiPtk56HHQKqiiLlRiQU7M8eEjJprOQ7geXQAQLluWYyUiavmlhcuJa3pIzH0YL89I44H4jPfzA5e9O7mwZRn6zzpv8jN1RFX4hh0wEtgDxV9f4VU8OTXQEhtEnPMhnwMJKIHLHg7iwN%2Fc1lTY%2BaX4dlqhMtzS%2F6TOR8oca6f33A487nGSOGEHgwTFcvaQwRSd8GEmCzHHVMR7IiKGXzfjLChYJGtnYASJWrh3sOuFDp7cpfqS95qnaCE9NfTvgz2upgtyitiIifnCLk4JanJzzKN2DFkQLyDusSU1hCoxwXf6CAm8rIdbF23HkJI96fBTS3q%2FJ4tONCPjgh7IpU0kaCFHgdXyCoggFYeYn874G9QXZdKdzKo5kNZndVrPkAgjUiPhj5xOqRSk5%2BiUsw%2Fs6basSUOKYRBNURpIYOKjMKG5vkxAXFTZ1C%2Bzh6S7ARVzg845WjzH9nj3dL9TNwRScEhl8ogAsB6%2BJPR%2Fas05DTUC%2F7Nww%2Btb11QY6mgFuIXjUuJ1WiwOBL9NuEk6J3Raj8HIzuVWCggs4ILK0u0BDsDuUVlMwkNOHbsn4yLOBiD15bDxxi15B6oIbihBOqb0XjdnJtW6oYPTP%2FgSxD%2F3o7HYpkZJCBR7YmsIaaSJvBjG5m%2FUsJpbdBj%2BkC9lzNLqjIC37ZnVhmQ28RRyt5Fi%2FOsECLLOIc13O6Nk7NXpxGz3sA9MbSK7g&X-Amz-Algorithm=AWS4-HMAC-SHA256&X-Amz-Date=20260930T200519Z&X-Amz-SignedHeaders=host&X-Amz-Credential=ASIA2QE4OQUW7N476K6D%2F20260930%2Fus-east-2%2Fs3%2Faws4_request&X-Amz-Expires=30&X-Amz-Signature=83f4962e979252a6f96e9c469baab83a1ba282a4e39dbc317b9295d86003e3ef 18947ms (cache miss)
npm http fetch GET 200 https://jfrog-prod-use2-shared-ohio-main.s3.amazonaws.com/aol-a0eigilwc24ii/filestore/09/095979f9bcc0d09da324d58d03ce8f8374cbe65a?response-content-disposition=attachment%3Bfilename%3D%22typescript-4.9.5.tgz%22&response-content-type=application%2Fx-gzip&X-Artifactory-username=darcy%40vlt.sh&X-Artifactory-repoType=local&X-Artifactory-repositoryKey=benchmark-npm-remote-cache&X-Artifactory-originPackageType=npm&X-Artifactory-packageType=npm&X-Artifactory-artifactPath=typescript%2F-%2Ftypescript-4.9.5.tgz&X-Artifactory-originProjectKey=benchmark&X-Artifactory-projectKey=benchmark&X-Artifactory-originRepoType=remote&X-Artifactory-originRepositoryKey=benchmark-npm-remote&x-jf-traceId=e3ff7110dcd8eb53eebadcc1b6e9a2af&X-Amz-Security-Token=IQoJb3JpZ2luX2VjEKP%2F%2F%2F%2F%2F%2F%2F%2F%2F%2FwEaCXVzLWVhc3QtMiJHMEUCIQCNM1vyehYeot350c8CmRxyxANvaNL6o%2FiXftrYvN3QywIgJtJnf8Vo3mqOPxnbYHJVntu4EqNd3FL7eos1bvhYpIgqkgUIbBAAGgw3MjE4ODI2MTMwMzciDOIbxNlDwteJv9ALRirvBFhqoH1fB4CeV1H%2FaT8tH%2Fhhvom8QCtzC%2FE0AvYQHFpqf%2BH%2F3xTVGISqSZkk%2BId1FoRcSuovhtFz4ghRZqDWCvDDU6VA5wF%2BanA02u6RiQmBIxm1HzosqOTTNw7oVFrPyx2XOvnqksLRMMOmtWxIjEXCcS1b9ifWcFSRYQ80danrcAqkNkCNW%2FJw0N8co%2FhFHeZPbEVLQI89iaOYuwl091x39JAjglhNjcJkk9MbmeqB8HWamd1RnZ9GhTur%2F1LVll79ah%2BY6lV3oDRtJcptDouKM9k1YKPnIfFNjDu29oUhLKCSWF9eM7hIxA0fucpTwAbc4ARQeusYYpq%2FQpaxRDvmGSBDUJX%2Br9C6UavFnfGv5sKJ2OfdUnPIIdcTemwwLAwtc4HcatwDZEPipLqqGW0nltMEtuiZyQqrPN0ZYHheLld6eIlFHH7s0nP6QYe1jdbqnA0p1R4MKQUKBRt%2FW%2FBnMM%2FVqvglFW8t%2F1aUHuhDU2ULm%2F9p2Kw%2B3q0JKU%2FrONLPzvLcEsAwkN7x81L7qYN5GeZ7Xpq315IpRsqHloLSJAtIhmGcWnk03J%2BvoppO3iWPSSAYBRj1s91hcOKRZTxcDlxGnBEDRkgr8lURS1HCBrAXRUScaSP6gujzwTuNdAnsVmDgowcYsD499zgQvTvZI61j469co13kCwPFv6D6l9oi3P04WhprxV%2FDbab995sy%2F3G4INHiPE6%2BG3HCYOBPBNJSIimqwDvy986amweffu5t9SQTtV2v%2FEvCFhLArnsCIs%2BfbbcqvozPqUMMVaN321MXXx5afWpeYFYnQ4omoul2bc7f8J3FMODLUKirMK6%2B9dUGOpkB6DGxDtYFNfORc5JhXgm9VIJz8Z9T68V0gsInpGx8xgvijGbqRKk5zQknbWkR0OyGmFJWKIjc%2FoISOvsPVxTOXXt00cMbNTFFIrKf3sK1pReGSe336dM9gLM235Wl%2BlyUriPlDgxAh3Uv14sz8wL1nsY3bcBWTxMmaKf%2BwBafuSm366qj7Cg%2FQSgON7OTTMbH2HqlH5Hduc4S&X-Amz-Algorithm=AWS4-HMAC-SHA256&X-Amz-Date=20260930T200521Z&X-Amz-SignedHeaders=host&X-Amz-Credential=ASIA2QE4OQUW27TYEKCH%2F20260930%2Fus-east-2%2Fs3%2Faws4_request&X-Amz-Expires=30&X-Amz-Signature=e35624bbf2ef9e9b95a11438bd459758569662ed698ff81453fcfee0a087367f 18944ms (cache miss)
npm http fetch GET 200 https://jfrog-prod-use2-shared-ohio-main.s3.amazonaws.com/aol-a0eigilwc24ii/filestore/7c/7c12cd014fbb9bfd8509a6cfc6f1c79f4e06cade?response-content-disposition=attachment%3Bfilename%3D%22webpack-5.111.1.tgz%22&response-content-type=application%2Fx-gzip&X-Artifactory-username=darcy%40vlt.sh&X-Artifactory-repoType=local&X-Artifactory-repositoryKey=benchmark-npm-remote-cache&X-Artifactory-originPackageType=npm&X-Artifactory-packageType=npm&X-Artifactory-artifactPath=webpack%2F-%2Fwebpack-5.111.1.tgz&X-Artifactory-originProjectKey=benchmark&X-Artifactory-projectKey=benchmark&X-Artifactory-originRepoType=remote&X-Artifactory-originRepositoryKey=benchmark-npm-remote&x-jf-traceId=80b4c5b8b86f9ff76a8c8c645731199a&X-Amz-Security-Token=IQoJb3JpZ2luX2VjEKP%2F%2F%2F%2F%2F%2F%2F%2F%2F%2FwEaCXVzLWVhc3QtMiJHMEUCIQCNM1vyehYeot350c8CmRxyxANvaNL6o%2FiXftrYvN3QywIgJtJnf8Vo3mqOPxnbYHJVntu4EqNd3FL7eos1bvhYpIgqkgUIbBAAGgw3MjE4ODI2MTMwMzciDOIbxNlDwteJv9ALRirvBFhqoH1fB4CeV1H%2FaT8tH%2Fhhvom8QCtzC%2FE0AvYQHFpqf%2BH%2F3xTVGISqSZkk%2BId1FoRcSuovhtFz4ghRZqDWCvDDU6VA5wF%2BanA02u6RiQmBIxm1HzosqOTTNw7oVFrPyx2XOvnqksLRMMOmtWxIjEXCcS1b9ifWcFSRYQ80danrcAqkNkCNW%2FJw0N8co%2FhFHeZPbEVLQI89iaOYuwl091x39JAjglhNjcJkk9MbmeqB8HWamd1RnZ9GhTur%2F1LVll79ah%2BY6lV3oDRtJcptDouKM9k1YKPnIfFNjDu29oUhLKCSWF9eM7hIxA0fucpTwAbc4ARQeusYYpq%2FQpaxRDvmGSBDUJX%2Br9C6UavFnfGv5sKJ2OfdUnPIIdcTemwwLAwtc4HcatwDZEPipLqqGW0nltMEtuiZyQqrPN0ZYHheLld6eIlFHH7s0nP6QYe1jdbqnA0p1R4MKQUKBRt%2FW%2FBnMM%2FVqvglFW8t%2F1aUHuhDU2ULm%2F9p2Kw%2B3q0JKU%2FrONLPzvLcEsAwkN7x81L7qYN5GeZ7Xpq315IpRsqHloLSJAtIhmGcWnk03J%2BvoppO3iWPSSAYBRj1s91hcOKRZTxcDlxGnBEDRkgr8lURS1HCBrAXRUScaSP6gujzwTuNdAnsVmDgowcYsD499zgQvTvZI61j469co13kCwPFv6D6l9oi3P04WhprxV%2FDbab995sy%2F3G4INHiPE6%2BG3HCYOBPBNJSIimqwDvy986amweffu5t9SQTtV2v%2FEvCFhLArnsCIs%2BfbbcqvozPqUMMVaN321MXXx5afWpeYFYnQ4omoul2bc7f8J3FMODLUKirMK6%2B9dUGOpkB6DGxDtYFNfORc5JhXgm9VIJz8Z9T68V0gsInpGx8xgvijGbqRKk5zQknbWkR0OyGmFJWKIjc%2FoISOvsPVxTOXXt00cMbNTFFIrKf3sK1pReGSe336dM9gLM235Wl%2BlyUriPlDgxAh3Uv14sz8wL1nsY3bcBWTxMmaKf%2BwBafuSm366qj7Cg%2FQSgON7OTTMbH2HqlH5Hduc4S&X-Amz-Algorithm=AWS4-HMAC-SHA256&X-Amz-Date=20260930T200521Z&X-Amz-SignedHeaders=host&X-Amz-Credential=ASIA2QE4OQUW27TYEKCH%2F20260930%2Fus-east-2%2Fs3%2Faws4_request&X-Amz-Expires=30&X-Amz-Signature=a94822120673da8042c97fefccb1114718ee9093b236efd5f122806b4758eff9 19109ms (cache miss)
npm http fetch GET 200 https://jfrog-prod-use2-shared-ohio-main.s3.amazonaws.com/aol-a0eigilwc24ii/filestore/6b/6bd7b9d8150f2f8cd263cb3792288f39e04111a0?response-content-disposition=attachment%3Bfilename%3D%22nx-19.8.4.tgz%22&response-content-type=application%2Fx-gzip&X-Artifactory-username=darcy%40vlt.sh&X-Artifactory-repoType=local&X-Artifactory-repositoryKey=benchmark-npm-remote-cache&X-Artifactory-originPackageType=npm&X-Artifactory-packageType=npm&X-Artifactory-artifactPath=nx%2F-%2Fnx-19.8.4.tgz&X-Artifactory-originProjectKey=benchmark&X-Artifactory-projectKey=benchmark&X-Artifactory-originRepoType=remote&X-Artifactory-originRepositoryKey=benchmark-npm-remote&x-jf-traceId=b2cf028e2fa638d890e5377720248d1d&X-Amz-Security-Token=IQoJb3JpZ2luX2VjEKT%2F%2F%2F%2F%2F%2F%2F%2F%2F%2FwEaCXVzLWVhc3QtMiJGMEQCIGE05Nq07AoTr5hDsK%2Fz9lwEUN5HM86m%2BfGPbXQZ%2FdtCAiBQ3WNO7Py4EfCz88%2FeERFKKmb7UZEFCZqnchqYH%2BYuXyqSBQhtEAAaDDcyMTg4MjYxMzAzNyIMzzm3ajtO0WT7d9hxKu8EJU%2F3xYhBBgyfL1OAyamecU1X0jbcp0RFRmbFCPK6b6eD0b5PFFjEfdD8p2cGWog5gQV9Kjt8mGbno8V9mGEdwsCam5Bbm%2FBDkKc3DzTA8%2BSnMhG%2FwVTG3cA%2BpAKXKQ8TtnY7f2EWpE%2BSko0xe1FZV0H%2FY%2FVa0EGrces6gNWg4i%2FU3ui2hWlsWfnR9Bv7se7e0ZbPO8UGGNDhQkrc1x0g%2BbUYiRIfCpVul6bwyUTqx6jGJjpe%2Bl1sDZ6YVtBp5vVLV0G428zg6IhQf1%2F7311mz9n6YqiugFZK5fGBX4Xg9YY2e25tLsXYol55bdHgA9C5Cp9iGR%2BptiHCyfiPtk56HHQKqiiLlRiQU7M8eEjJprOQ7geXQAQLluWYyUiavmlhcuJa3pIzH0YL89I44H4jPfzA5e9O7mwZRn6zzpv8jN1RFX4hh0wEtgDxV9f4VU8OTXQEhtEnPMhnwMJKIHLHg7iwN%2Fc1lTY%2BaX4dlqhMtzS%2F6TOR8oca6f33A487nGSOGEHgwTFcvaQwRSd8GEmCzHHVMR7IiKGXzfjLChYJGtnYASJWrh3sOuFDp7cpfqS95qnaCE9NfTvgz2upgtyitiIifnCLk4JanJzzKN2DFkQLyDusSU1hCoxwXf6CAm8rIdbF23HkJI96fBTS3q%2FJ4tONCPjgh7IpU0kaCFHgdXyCoggFYeYn874G9QXZdKdzKo5kNZndVrPkAgjUiPhj5xOqRSk5%2BiUsw%2Fs6basSUOKYRBNURpIYOKjMKG5vkxAXFTZ1C%2Bzh6S7ARVzg845WjzH9nj3dL9TNwRScEhl8ogAsB6%2BJPR%2Fas05DTUC%2F7Nww%2Btb11QY6mgFuIXjUuJ1WiwOBL9NuEk6J3Raj8HIzuVWCggs4ILK0u0BDsDuUVlMwkNOHbsn4yLOBiD15bDxxi15B6oIbihBOqb0XjdnJtW6oYPTP%2FgSxD%2F3o7HYpkZJCBR7YmsIaaSJvBjG5m%2FUsJpbdBj%2BkC9lzNLqjIC37ZnVhmQ28RRyt5Fi%2FOsECLLOIc13O6Nk7NXpxGz3sA9MbSK7g&X-Amz-Algorithm=AWS4-HMAC-SHA256&X-Amz-Date=20260930T200523Z&X-Amz-SignedHeaders=host&X-Amz-Credential=ASIA2QE4OQUW7N476K6D%2F20260930%2Fus-east-2%2Fs3%2Faws4_request&X-Amz-Expires=30&X-Amz-Signature=e845a1b0ad41d3c6a6710c5ded95fe6a494bbe3d0d777e67478e5419d837233d 19363ms (cache miss)
npm http fetch GET 200 https://jfrog-prod-use2-shared-ohio-main.s3.amazonaws.com/aol-a0eigilwc24ii/filestore/6b/6bd7b9d8150f2f8cd263cb3792288f39e04111a0?response-content-disposition=attachment%3Bfilename%3D%22nx-19.8.4.tgz%22&response-content-type=application%2Fx-gzip&X-Artifactory-username=darcy%40vlt.sh&X-Artifactory-repoType=local&X-Artifactory-repositoryKey=benchmark-npm-remote-cache&X-Artifactory-originPackageType=npm&X-Artifactory-packageType=npm&X-Artifactory-artifactPath=nx%2F-%2Fnx-19.8.4.tgz&X-Artifactory-originProjectKey=benchmark&X-Artifactory-projectKey=benchmark&X-Artifactory-originRepoType=remote&X-Artifactory-originRepositoryKey=benchmark-npm-remote&x-jf-traceId=eb505b10604b867de944aaa3f448a707&X-Amz-Security-Token=IQoJb3JpZ2luX2VjEKP%2F%2F%2F%2F%2F%2F%2F%2F%2F%2FwEaCXVzLWVhc3QtMiJHMEUCIQCNM1vyehYeot350c8CmRxyxANvaNL6o%2FiXftrYvN3QywIgJtJnf8Vo3mqOPxnbYHJVntu4EqNd3FL7eos1bvhYpIgqkgUIbBAAGgw3MjE4ODI2MTMwMzciDOIbxNlDwteJv9ALRirvBFhqoH1fB4CeV1H%2FaT8tH%2Fhhvom8QCtzC%2FE0AvYQHFpqf%2BH%2F3xTVGISqSZkk%2BId1FoRcSuovhtFz4ghRZqDWCvDDU6VA5wF%2BanA02u6RiQmBIxm1HzosqOTTNw7oVFrPyx2XOvnqksLRMMOmtWxIjEXCcS1b9ifWcFSRYQ80danrcAqkNkCNW%2FJw0N8co%2FhFHeZPbEVLQI89iaOYuwl091x39JAjglhNjcJkk9MbmeqB8HWamd1RnZ9GhTur%2F1LVll79ah%2BY6lV3oDRtJcptDouKM9k1YKPnIfFNjDu29oUhLKCSWF9eM7hIxA0fucpTwAbc4ARQeusYYpq%2FQpaxRDvmGSBDUJX%2Br9C6UavFnfGv5sKJ2OfdUnPIIdcTemwwLAwtc4HcatwDZEPipLqqGW0nltMEtuiZyQqrPN0ZYHheLld6eIlFHH7s0nP6QYe1jdbqnA0p1R4MKQUKBRt%2FW%2FBnMM%2FVqvglFW8t%2F1aUHuhDU2ULm%2F9p2Kw%2B3q0JKU%2FrONLPzvLcEsAwkN7x81L7qYN5GeZ7Xpq315IpRsqHloLSJAtIhmGcWnk03J%2BvoppO3iWPSSAYBRj1s91hcOKRZTxcDlxGnBEDRkgr8lURS1HCBrAXRUScaSP6gujzwTuNdAnsVmDgowcYsD499zgQvTvZI61j469co13kCwPFv6D6l9oi3P04WhprxV%2FDbab995sy%2F3G4INHiPE6%2BG3HCYOBPBNJSIimqwDvy986amweffu5t9SQTtV2v%2FEvCFhLArnsCIs%2BfbbcqvozPqUMMVaN321MXXx5afWpeYFYnQ4omoul2bc7f8J3FMODLUKirMK6%2B9dUGOpkB6DGxDtYFNfORc5JhXgm9VIJz8Z9T68V0gsInpGx8xgvijGbqRKk5zQknbWkR0OyGmFJWKIjc%2FoISOvsPVxTOXXt00cMbNTFFIrKf3sK1pReGSe336dM9gLM235Wl%2BlyUriPlDgxAh3Uv14sz8wL1nsY3bcBWTxMmaKf%2BwBafuSm366qj7Cg%2FQSgON7OTTMbH2HqlH5Hduc4S&X-Amz-Algorithm=AWS4-HMAC-SHA256&X-Amz-Date=20260930T200524Z&X-Amz-SignedHeaders=host&X-Amz-Credential=ASIA2QE4OQUW27TYEKCH%2F20260930%2Fus-east-2%2Fs3%2Faws4_request&X-Amz-Expires=30&X-Amz-Signature=b267e2314819c032b0c1dc367a8d34ef107ab6535e4cc2add872a92df122599d 19356ms (cache miss)
npm http fetch GET 200 https://jfrog-prod-use2-shared-ohio-main.s3.amazonaws.com/aol-a0eigilwc24ii/filestore/bd/bdbb4e41963fa7833c2aa3c972b5832f8b56983d?response-content-disposition=attachment%3Bfilename%3D%22nx-20.8.4.tgz%22&response-content-type=application%2Fx-gzip&X-Artifactory-username=darcy%40vlt.sh&X-Artifactory-repoType=local&X-Artifactory-repositoryKey=benchmark-npm-remote-cache&X-Artifactory-originPackageType=npm&X-Artifactory-packageType=npm&X-Artifactory-artifactPath=nx%2F-%2Fnx-20.8.4.tgz&X-Artifactory-originProjectKey=benchmark&X-Artifactory-projectKey=benchmark&X-Artifactory-originRepoType=remote&X-Artifactory-originRepositoryKey=benchmark-npm-remote&x-jf-traceId=f1d39ca0c58756974a1a826f66424baf&X-Amz-Security-Token=IQoJb3JpZ2luX2VjEKT%2F%2F%2F%2F%2F%2F%2F%2F%2F%2FwEaCXVzLWVhc3QtMiJGMEQCIGE05Nq07AoTr5hDsK%2Fz9lwEUN5HM86m%2BfGPbXQZ%2FdtCAiBQ3WNO7Py4EfCz88%2FeERFKKmb7UZEFCZqnchqYH%2BYuXyqSBQhtEAAaDDcyMTg4MjYxMzAzNyIMzzm3ajtO0WT7d9hxKu8EJU%2F3xYhBBgyfL1OAyamecU1X0jbcp0RFRmbFCPK6b6eD0b5PFFjEfdD8p2cGWog5gQV9Kjt8mGbno8V9mGEdwsCam5Bbm%2FBDkKc3DzTA8%2BSnMhG%2FwVTG3cA%2BpAKXKQ8TtnY7f2EWpE%2BSko0xe1FZV0H%2FY%2FVa0EGrces6gNWg4i%2FU3ui2hWlsWfnR9Bv7se7e0ZbPO8UGGNDhQkrc1x0g%2BbUYiRIfCpVul6bwyUTqx6jGJjpe%2Bl1sDZ6YVtBp5vVLV0G428zg6IhQf1%2F7311mz9n6YqiugFZK5fGBX4Xg9YY2e25tLsXYol55bdHgA9C5Cp9iGR%2BptiHCyfiPtk56HHQKqiiLlRiQU7M8eEjJprOQ7geXQAQLluWYyUiavmlhcuJa3pIzH0YL89I44H4jPfzA5e9O7mwZRn6zzpv8jN1RFX4hh0wEtgDxV9f4VU8OTXQEhtEnPMhnwMJKIHLHg7iwN%2Fc1lTY%2BaX4dlqhMtzS%2F6TOR8oca6f33A487nGSOGEHgwTFcvaQwRSd8GEmCzHHVMR7IiKGXzfjLChYJGtnYASJWrh3sOuFDp7cpfqS95qnaCE9NfTvgz2upgtyitiIifnCLk4JanJzzKN2DFkQLyDusSU1hCoxwXf6CAm8rIdbF23HkJI96fBTS3q%2FJ4tONCPjgh7IpU0kaCFHgdXyCoggFYeYn874G9QXZdKdzKo5kNZndVrPkAgjUiPhj5xOqRSk5%2BiUsw%2Fs6basSUOKYRBNURpIYOKjMKG5vkxAXFTZ1C%2Bzh6S7ARVzg845WjzH9nj3dL9TNwRScEhl8ogAsB6%2BJPR%2Fas05DTUC%2F7Nww%2Btb11QY6mgFuIXjUuJ1WiwOBL9NuEk6J3Raj8HIzuVWCggs4ILK0u0BDsDuUVlMwkNOHbsn4yLOBiD15bDxxi15B6oIbihBOqb0XjdnJtW6oYPTP%2FgSxD%2F3o7HYpkZJCBR7YmsIaaSJvBjG5m%2FUsJpbdBj%2BkC9lzNLqjIC37ZnVhmQ28RRyt5Fi%2FOsECLLOIc13O6Nk7NXpxGz3sA9MbSK7g&X-Amz-Algorithm=AWS4-HMAC-SHA256&X-Amz-Date=20260930T200522Z&X-Amz-SignedHeaders=host&X-Amz-Credential=ASIA2QE4OQUW7N476K6D%2F20260930%2Fus-east-2%2Fs3%2Faws4_request&X-Amz-Expires=30&X-Amz-Signature=747005d8fb2de030eed22dd740581e2469e207d321cb41d8a4cefe98ab449884 19451ms (cache miss)
npm http fetch GET 200 https://jfrog-prod-use2-shared-ohio-main.s3.amazonaws.com/aol-a0eigilwc24ii/filestore/2d/2dbd38c180735ee983f77585140a2706a963ed9a?response-content-disposition=attachment%3Bfilename%3D%22es-abstract-1.24.2.tgz%22&response-content-type=application%2Fx-gzip&X-Artifactory-username=darcy%40vlt.sh&X-Artifactory-repoType=local&X-Artifactory-repositoryKey=benchmark-npm-remote-cache&X-Artifactory-originPackageType=npm&X-Artifactory-packageType=npm&X-Artifactory-artifactPath=es-abstract%2F-%2Fes-abstract-1.24.2.tgz&X-Artifactory-originProjectKey=benchmark&X-Artifactory-projectKey=benchmark&X-Artifactory-originRepoType=remote&X-Artifactory-originRepositoryKey=benchmark-npm-remote&x-jf-traceId=a3c6929747daccc0e98efa38e2f9e4c1&X-Amz-Security-Token=IQoJb3JpZ2luX2VjEKP%2F%2F%2F%2F%2F%2F%2F%2F%2F%2FwEaCXVzLWVhc3QtMiJHMEUCIQCNM1vyehYeot350c8CmRxyxANvaNL6o%2FiXftrYvN3QywIgJtJnf8Vo3mqOPxnbYHJVntu4EqNd3FL7eos1bvhYpIgqkgUIbBAAGgw3MjE4ODI2MTMwMzciDOIbxNlDwteJv9ALRirvBFhqoH1fB4CeV1H%2FaT8tH%2Fhhvom8QCtzC%2FE0AvYQHFpqf%2BH%2F3xTVGISqSZkk%2BId1FoRcSuovhtFz4ghRZqDWCvDDU6VA5wF%2BanA02u6RiQmBIxm1HzosqOTTNw7oVFrPyx2XOvnqksLRMMOmtWxIjEXCcS1b9ifWcFSRYQ80danrcAqkNkCNW%2FJw0N8co%2FhFHeZPbEVLQI89iaOYuwl091x39JAjglhNjcJkk9MbmeqB8HWamd1RnZ9GhTur%2F1LVll79ah%2BY6lV3oDRtJcptDouKM9k1YKPnIfFNjDu29oUhLKCSWF9eM7hIxA0fucpTwAbc4ARQeusYYpq%2FQpaxRDvmGSBDUJX%2Br9C6UavFnfGv5sKJ2OfdUnPIIdcTemwwLAwtc4HcatwDZEPipLqqGW0nltMEtuiZyQqrPN0ZYHheLld6eIlFHH7s0nP6QYe1jdbqnA0p1R4MKQUKBRt%2FW%2FBnMM%2FVqvglFW8t%2F1aUHuhDU2ULm%2F9p2Kw%2B3q0JKU%2FrONLPzvLcEsAwkN7x81L7qYN5GeZ7Xpq315IpRsqHloLSJAtIhmGcWnk03J%2BvoppO3iWPSSAYBRj1s91hcOKRZTxcDlxGnBEDRkgr8lURS1HCBrAXRUScaSP6gujzwTuNdAnsVmDgowcYsD499zgQvTvZI61j469co13kCwPFv6D6l9oi3P04WhprxV%2FDbab995sy%2F3G4INHiPE6%2BG3HCYOBPBNJSIimqwDvy986amweffu5t9SQTtV2v%2FEvCFhLArnsCIs%2BfbbcqvozPqUMMVaN321MXXx5afWpeYFYnQ4omoul2bc7f8J3FMODLUKirMK6%2B9dUGOpkB6DGxDtYFNfORc5JhXgm9VIJz8Z9T68V0gsInpGx8xgvijGbqRKk5zQknbWkR0OyGmFJWKIjc%2FoISOvsPVxTOXXt00cMbNTFFIrKf3sK1pReGSe336dM9gLM235Wl%2BlyUriPlDgxAh3Uv14sz8wL1nsY3bcBWTxMmaKf%2BwBafuSm366qj7Cg%2FQSgON7OTTMbH2HqlH5Hduc4S&X-Amz-Algorithm=AWS4-HMAC-SHA256&X-Amz-Date=20260930T200520Z&X-Amz-SignedHeaders=host&X-Amz-Credential=ASIA2QE4OQUW27TYEKCH%2F20260930%2Fus-east-2%2Fs3%2Faws4_request&X-Amz-Expires=30&X-Amz-Signature=4851f3e247c607a18e17a989c880ee888e234bc529c6ce17b1f4bcd9ae26240e 19842ms (cache miss)
npm http fetch GET 200 https://jfrog-prod-use2-shared-ohio-main.s3.amazonaws.com/aol-a0eigilwc24ii/filestore/62/62f8a686e4ab28a8944902e2ad2d648312ef11cb?response-content-disposition=attachment%3Bfilename%3D%22typebox-0.34.52.tgz%22&response-content-type=application%2Fx-gzip&X-Artifactory-username=darcy%40vlt.sh&X-Artifactory-repoType=local&X-Artifactory-repositoryKey=benchmark-npm-remote-cache&X-Artifactory-originPackageType=npm&X-Artifactory-packageType=npm&X-Artifactory-artifactPath=%40sinclair%2Ftypebox%2F-%2Ftypebox-0.34.52.tgz&X-Artifactory-originProjectKey=benchmark&X-Artifactory-projectKey=benchmark&X-Artifactory-originRepoType=remote&X-Artifactory-originRepositoryKey=benchmark-npm-remote&x-jf-traceId=7cdba5e98e98c89140aee7fa4e005856&X-Amz-Security-Token=IQoJb3JpZ2luX2VjEKT%2F%2F%2F%2F%2F%2F%2F%2F%2F%2FwEaCXVzLWVhc3QtMiJGMEQCIGE05Nq07AoTr5hDsK%2Fz9lwEUN5HM86m%2BfGPbXQZ%2FdtCAiBQ3WNO7Py4EfCz88%2FeERFKKmb7UZEFCZqnchqYH%2BYuXyqSBQhtEAAaDDcyMTg4MjYxMzAzNyIMzzm3ajtO0WT7d9hxKu8EJU%2F3xYhBBgyfL1OAyamecU1X0jbcp0RFRmbFCPK6b6eD0b5PFFjEfdD8p2cGWog5gQV9Kjt8mGbno8V9mGEdwsCam5Bbm%2FBDkKc3DzTA8%2BSnMhG%2FwVTG3cA%2BpAKXKQ8TtnY7f2EWpE%2BSko0xe1FZV0H%2FY%2FVa0EGrces6gNWg4i%2FU3ui2hWlsWfnR9Bv7se7e0ZbPO8UGGNDhQkrc1x0g%2BbUYiRIfCpVul6bwyUTqx6jGJjpe%2Bl1sDZ6YVtBp5vVLV0G428zg6IhQf1%2F7311mz9n6YqiugFZK5fGBX4Xg9YY2e25tLsXYol55bdHgA9C5Cp9iGR%2BptiHCyfiPtk56HHQKqiiLlRiQU7M8eEjJprOQ7geXQAQLluWYyUiavmlhcuJa3pIzH0YL89I44H4jPfzA5e9O7mwZRn6zzpv8jN1RFX4hh0wEtgDxV9f4VU8OTXQEhtEnPMhnwMJKIHLHg7iwN%2Fc1lTY%2BaX4dlqhMtzS%2F6TOR8oca6f33A487nGSOGEHgwTFcvaQwRSd8GEmCzHHVMR7IiKGXzfjLChYJGtnYASJWrh3sOuFDp7cpfqS95qnaCE9NfTvgz2upgtyitiIifnCLk4JanJzzKN2DFkQLyDusSU1hCoxwXf6CAm8rIdbF23HkJI96fBTS3q%2FJ4tONCPjgh7IpU0kaCFHgdXyCoggFYeYn874G9QXZdKdzKo5kNZndVrPkAgjUiPhj5xOqRSk5%2BiUsw%2Fs6basSUOKYRBNURpIYOKjMKG5vkxAXFTZ1C%2Bzh6S7ARVzg845WjzH9nj3dL9TNwRScEhl8ogAsB6%2BJPR%2Fas05DTUC%2F7Nww%2Btb11QY6mgFuIXjUuJ1WiwOBL9NuEk6J3Raj8HIzuVWCggs4ILK0u0BDsDuUVlMwkNOHbsn4yLOBiD15bDxxi15B6oIbihBOqb0XjdnJtW6oYPTP%2FgSxD%2F3o7HYpkZJCBR7YmsIaaSJvBjG5m%2FUsJpbdBj%2BkC9lzNLqjIC37ZnVhmQ28RRyt5Fi%2FOsECLLOIc13O6Nk7NXpxGz3sA9MbSK7g&X-Amz-Algorithm=AWS4-HMAC-SHA256&X-Amz-Date=20260930T200522Z&X-Amz-SignedHeaders=host&X-Amz-Credential=ASIA2QE4OQUW7N476K6D%2F20260930%2Fus-east-2%2Fs3%2Faws4_request&X-Amz-Expires=30&X-Amz-Signature=88201d2a1f0b0e2dc2a2011013045796f996237797575d1f992a678e57786232 20047ms (cache miss)
npm http fetch GET 200 https://jfrog-prod-use2-shared-ohio-main.s3.amazonaws.com/aol-a0eigilwc24ii/filestore/62/62f8a686e4ab28a8944902e2ad2d648312ef11cb?response-content-disposition=attachment%3Bfilename%3D%22typebox-0.34.52.tgz%22&response-content-type=application%2Fx-gzip&X-Artifactory-username=darcy%40vlt.sh&X-Artifactory-repoType=local&X-Artifactory-repositoryKey=benchmark-npm-remote-cache&X-Artifactory-originPackageType=npm&X-Artifactory-packageType=npm&X-Artifactory-artifactPath=%40sinclair%2Ftypebox%2F-%2Ftypebox-0.34.52.tgz&X-Artifactory-originProjectKey=benchmark&X-Artifactory-projectKey=benchmark&X-Artifactory-originRepoType=remote&X-Artifactory-originRepositoryKey=benchmark-npm-remote&x-jf-traceId=818511bba7d9415d23e381de456a7a2f&X-Amz-Security-Token=IQoJb3JpZ2luX2VjEKT%2F%2F%2F%2F%2F%2F%2F%2F%2F%2FwEaCXVzLWVhc3QtMiJGMEQCIGE05Nq07AoTr5hDsK%2Fz9lwEUN5HM86m%2BfGPbXQZ%2FdtCAiBQ3WNO7Py4EfCz88%2FeERFKKmb7UZEFCZqnchqYH%2BYuXyqSBQhtEAAaDDcyMTg4MjYxMzAzNyIMzzm3ajtO0WT7d9hxKu8EJU%2F3xYhBBgyfL1OAyamecU1X0jbcp0RFRmbFCPK6b6eD0b5PFFjEfdD8p2cGWog5gQV9Kjt8mGbno8V9mGEdwsCam5Bbm%2FBDkKc3DzTA8%2BSnMhG%2FwVTG3cA%2BpAKXKQ8TtnY7f2EWpE%2BSko0xe1FZV0H%2FY%2FVa0EGrces6gNWg4i%2FU3ui2hWlsWfnR9Bv7se7e0ZbPO8UGGNDhQkrc1x0g%2BbUYiRIfCpVul6bwyUTqx6jGJjpe%2Bl1sDZ6YVtBp5vVLV0G428zg6IhQf1%2F7311mz9n6YqiugFZK5fGBX4Xg9YY2e25tLsXYol55bdHgA9C5Cp9iGR%2BptiHCyfiPtk56HHQKqiiLlRiQU7M8eEjJprOQ7geXQAQLluWYyUiavmlhcuJa3pIzH0YL89I44H4jPfzA5e9O7mwZRn6zzpv8jN1RFX4hh0wEtgDxV9f4VU8OTXQEhtEnPMhnwMJKIHLHg7iwN%2Fc1lTY%2BaX4dlqhMtzS%2F6TOR8oca6f33A487nGSOGEHgwTFcvaQwRSd8GEmCzHHVMR7IiKGXzfjLChYJGtnYASJWrh3sOuFDp7cpfqS95qnaCE9NfTvgz2upgtyitiIifnCLk4JanJzzKN2DFkQLyDusSU1hCoxwXf6CAm8rIdbF23HkJI96fBTS3q%2FJ4tONCPjgh7IpU0kaCFHgdXyCoggFYeYn874G9QXZdKdzKo5kNZndVrPkAgjUiPhj5xOqRSk5%2BiUsw%2Fs6basSUOKYRBNURpIYOKjMKG5vkxAXFTZ1C%2Bzh6S7ARVzg845WjzH9nj3dL9TNwRScEhl8ogAsB6%2BJPR%2Fas05DTUC%2F7Nww%2Btb11QY6mgFuIXjUuJ1WiwOBL9NuEk6J3Raj8HIzuVWCggs4ILK0u0BDsDuUVlMwkNOHbsn4yLOBiD15bDxxi15B6oIbihBOqb0XjdnJtW6oYPTP%2FgSxD%2F3o7HYpkZJCBR7YmsIaaSJvBjG5m%2FUsJpbdBj%2BkC9lzNLqjIC37ZnVhmQ28RRyt5Fi%2FOsECLLOIc13O6Nk7NXpxGz3sA9MbSK7g&X-Amz-Algorithm=AWS4-HMAC-SHA256&X-Amz-Date=20260930T200523Z&X-Amz-SignedHeaders=host&X-Amz-Credential=ASIA2QE4OQUW7N476K6D%2F20260930%2Fus-east-2%2Fs3%2Faws4_request&X-Amz-Expires=30&X-Amz-Signature=28bb4d5138ec9952813d70f79a5343db6a2a423f9e6c7c71a51a09121145207e 20026ms (cache miss)
npm http fetch GET 200 https://jfrog-prod-use2-shared-ohio-main.s3.amazonaws.com/aol-a0eigilwc24ii/filestore/2e/2e44fc556afd7662b1445380434d408269be595e?response-content-disposition=attachment%3Bfilename%3D%22nx-22.7.12.tgz%22&response-content-type=application%2Fx-gzip&X-Artifactory-username=darcy%40vlt.sh&X-Artifactory-repoType=local&X-Artifactory-repositoryKey=benchmark-npm-remote-cache&X-Artifactory-originPackageType=npm&X-Artifactory-packageType=npm&X-Artifactory-artifactPath=nx%2F-%2Fnx-22.7.12.tgz&X-Artifactory-originProjectKey=benchmark&X-Artifactory-projectKey=benchmark&X-Artifactory-originRepoType=remote&X-Artifactory-originRepositoryKey=benchmark-npm-remote&x-jf-traceId=8c11b28f43f6a457b6ca095db4596a28&X-Amz-Security-Token=IQoJb3JpZ2luX2VjEKP%2F%2F%2F%2F%2F%2F%2F%2F%2F%2FwEaCXVzLWVhc3QtMiJHMEUCIQCNM1vyehYeot350c8CmRxyxANvaNL6o%2FiXftrYvN3QywIgJtJnf8Vo3mqOPxnbYHJVntu4EqNd3FL7eos1bvhYpIgqkgUIbBAAGgw3MjE4ODI2MTMwMzciDOIbxNlDwteJv9ALRirvBFhqoH1fB4CeV1H%2FaT8tH%2Fhhvom8QCtzC%2FE0AvYQHFpqf%2BH%2F3xTVGISqSZkk%2BId1FoRcSuovhtFz4ghRZqDWCvDDU6VA5wF%2BanA02u6RiQmBIxm1HzosqOTTNw7oVFrPyx2XOvnqksLRMMOmtWxIjEXCcS1b9ifWcFSRYQ80danrcAqkNkCNW%2FJw0N8co%2FhFHeZPbEVLQI89iaOYuwl091x39JAjglhNjcJkk9MbmeqB8HWamd1RnZ9GhTur%2F1LVll79ah%2BY6lV3oDRtJcptDouKM9k1YKPnIfFNjDu29oUhLKCSWF9eM7hIxA0fucpTwAbc4ARQeusYYpq%2FQpaxRDvmGSBDUJX%2Br9C6UavFnfGv5sKJ2OfdUnPIIdcTemwwLAwtc4HcatwDZEPipLqqGW0nltMEtuiZyQqrPN0ZYHheLld6eIlFHH7s0nP6QYe1jdbqnA0p1R4MKQUKBRt%2FW%2FBnMM%2FVqvglFW8t%2F1aUHuhDU2ULm%2F9p2Kw%2B3q0JKU%2FrONLPzvLcEsAwkN7x81L7qYN5GeZ7Xpq315IpRsqHloLSJAtIhmGcWnk03J%2BvoppO3iWPSSAYBRj1s91hcOKRZTxcDlxGnBEDRkgr8lURS1HCBrAXRUScaSP6gujzwTuNdAnsVmDgowcYsD499zgQvTvZI61j469co13kCwPFv6D6l9oi3P04WhprxV%2FDbab995sy%2F3G4INHiPE6%2BG3HCYOBPBNJSIimqwDvy986amweffu5t9SQTtV2v%2FEvCFhLArnsCIs%2BfbbcqvozPqUMMVaN321MXXx5afWpeYFYnQ4omoul2bc7f8J3FMODLUKirMK6%2B9dUGOpkB6DGxDtYFNfORc5JhXgm9VIJz8Z9T68V0gsInpGx8xgvijGbqRKk5zQknbWkR0OyGmFJWKIjc%2FoISOvsPVxTOXXt00cMbNTFFIrKf3sK1pReGSe336dM9gLM235Wl%2BlyUriPlDgxAh3Uv14sz8wL1nsY3bcBWTxMmaKf%2BwBafuSm366qj7Cg%2FQSgON7OTTMbH2HqlH5Hduc4S&X-Amz-Algorithm=AWS4-HMAC-SHA256&X-Amz-Date=20260930T200521Z&X-Amz-SignedHeaders=host&X-Amz-Credential=ASIA2QE4OQUW27TYEKCH%2F20260930%2Fus-east-2%2Fs3%2Faws4_request&X-Amz-Expires=30&X-Amz-Signature=e5eaea47f0f327a65626b5509c83228b971b97ec388dd3613c7b17281dfe6f7a 20319ms (cache miss)
npm http fetch GET 200 https://jfrog-prod-use2-shared-ohio-main.s3.amazonaws.com/aol-a0eigilwc24ii/filestore/c7/c76926cce5dbc177572797a9dacc325c313fa91a?response-content-disposition=attachment%3Bfilename%3D%22puppeteer-core-22.15.0.tgz%22&response-content-type=application%2Fx-gzip&X-Artifactory-username=darcy%40vlt.sh&X-Artifactory-repoType=local&X-Artifactory-repositoryKey=benchmark-npm-remote-cache&X-Artifactory-originPackageType=npm&X-Artifactory-packageType=npm&X-Artifactory-artifactPath=puppeteer-core%2F-%2Fpuppeteer-core-22.15.0.tgz&X-Artifactory-originProjectKey=benchmark&X-Artifactory-projectKey=benchmark&X-Artifactory-originRepoType=remote&X-Artifactory-originRepositoryKey=benchmark-npm-remote&x-jf-traceId=e9ff7e4d58fa65db770abf776dca38fe&X-Amz-Security-Token=IQoJb3JpZ2luX2VjEKT%2F%2F%2F%2F%2F%2F%2F%2F%2F%2FwEaCXVzLWVhc3QtMiJGMEQCIGE05Nq07AoTr5hDsK%2Fz9lwEUN5HM86m%2BfGPbXQZ%2FdtCAiBQ3WNO7Py4EfCz88%2FeERFKKmb7UZEFCZqnchqYH%2BYuXyqSBQhtEAAaDDcyMTg4MjYxMzAzNyIMzzm3ajtO0WT7d9hxKu8EJU%2F3xYhBBgyfL1OAyamecU1X0jbcp0RFRmbFCPK6b6eD0b5PFFjEfdD8p2cGWog5gQV9Kjt8mGbno8V9mGEdwsCam5Bbm%2FBDkKc3DzTA8%2BSnMhG%2FwVTG3cA%2BpAKXKQ8TtnY7f2EWpE%2BSko0xe1FZV0H%2FY%2FVa0EGrces6gNWg4i%2FU3ui2hWlsWfnR9Bv7se7e0ZbPO8UGGNDhQkrc1x0g%2BbUYiRIfCpVul6bwyUTqx6jGJjpe%2Bl1sDZ6YVtBp5vVLV0G428zg6IhQf1%2F7311mz9n6YqiugFZK5fGBX4Xg9YY2e25tLsXYol55bdHgA9C5Cp9iGR%2BptiHCyfiPtk56HHQKqiiLlRiQU7M8eEjJprOQ7geXQAQLluWYyUiavmlhcuJa3pIzH0YL89I44H4jPfzA5e9O7mwZRn6zzpv8jN1RFX4hh0wEtgDxV9f4VU8OTXQEhtEnPMhnwMJKIHLHg7iwN%2Fc1lTY%2BaX4dlqhMtzS%2F6TOR8oca6f33A487nGSOGEHgwTFcvaQwRSd8GEmCzHHVMR7IiKGXzfjLChYJGtnYASJWrh3sOuFDp7cpfqS95qnaCE9NfTvgz2upgtyitiIifnCLk4JanJzzKN2DFkQLyDusSU1hCoxwXf6CAm8rIdbF23HkJI96fBTS3q%2FJ4tONCPjgh7IpU0kaCFHgdXyCoggFYeYn874G9QXZdKdzKo5kNZndVrPkAgjUiPhj5xOqRSk5%2BiUsw%2Fs6basSUOKYRBNURpIYOKjMKG5vkxAXFTZ1C%2Bzh6S7ARVzg845WjzH9nj3dL9TNwRScEhl8ogAsB6%2BJPR%2Fas05DTUC%2F7Nww%2Btb11QY6mgFuIXjUuJ1WiwOBL9NuEk6J3Raj8HIzuVWCggs4ILK0u0BDsDuUVlMwkNOHbsn4yLOBiD15bDxxi15B6oIbihBOqb0XjdnJtW6oYPTP%2FgSxD%2F3o7HYpkZJCBR7YmsIaaSJvBjG5m%2FUsJpbdBj%2BkC9lzNLqjIC37ZnVhmQ28RRyt5Fi%2FOsECLLOIc13O6Nk7NXpxGz3sA9MbSK7g&X-Amz-Algorithm=AWS4-HMAC-SHA256&X-Amz-Date=20260930T200515Z&X-Amz-SignedHeaders=host&X-Amz-Credential=ASIA2QE4OQUW7N476K6D%2F20260930%2Fus-east-2%2Fs3%2Faws4_request&X-Amz-Expires=30&X-Amz-Signature=837656b55ee86fca5b9ab9d2c065c183134a0dcfdec7c9a82e8a5b8fcce7598a 20819ms (cache miss)
npm http fetch GET 200 https://jfrog-prod-use2-shared-ohio-main.s3.amazonaws.com/aol-a0eigilwc24ii/filestore/26/263313e83606cb527005885da5be36c0a28f65ef?response-content-disposition=attachment%3Bfilename%3D%22core-js-pure-3.50.0.tgz%22&response-content-type=application%2Fx-gzip&X-Artifactory-username=darcy%40vlt.sh&X-Artifactory-repoType=local&X-Artifactory-repositoryKey=benchmark-npm-remote-cache&X-Artifactory-originPackageType=npm&X-Artifactory-packageType=npm&X-Artifactory-artifactPath=core-js-pure%2F-%2Fcore-js-pure-3.50.0.tgz&X-Artifactory-originProjectKey=benchmark&X-Artifactory-projectKey=benchmark&X-Artifactory-originRepoType=remote&X-Artifactory-originRepositoryKey=benchmark-npm-remote&x-jf-traceId=84563d633d172c11c2bfe54b1ee8018b&X-Amz-Security-Token=IQoJb3JpZ2luX2VjEKT%2F%2F%2F%2F%2F%2F%2F%2F%2F%2FwEaCXVzLWVhc3QtMiJGMEQCIGE05Nq07AoTr5hDsK%2Fz9lwEUN5HM86m%2BfGPbXQZ%2FdtCAiBQ3WNO7Py4EfCz88%2FeERFKKmb7UZEFCZqnchqYH%2BYuXyqSBQhtEAAaDDcyMTg4MjYxMzAzNyIMzzm3ajtO0WT7d9hxKu8EJU%2F3xYhBBgyfL1OAyamecU1X0jbcp0RFRmbFCPK6b6eD0b5PFFjEfdD8p2cGWog5gQV9Kjt8mGbno8V9mGEdwsCam5Bbm%2FBDkKc3DzTA8%2BSnMhG%2FwVTG3cA%2BpAKXKQ8TtnY7f2EWpE%2BSko0xe1FZV0H%2FY%2FVa0EGrces6gNWg4i%2FU3ui2hWlsWfnR9Bv7se7e0ZbPO8UGGNDhQkrc1x0g%2BbUYiRIfCpVul6bwyUTqx6jGJjpe%2Bl1sDZ6YVtBp5vVLV0G428zg6IhQf1%2F7311mz9n6YqiugFZK5fGBX4Xg9YY2e25tLsXYol55bdHgA9C5Cp9iGR%2BptiHCyfiPtk56HHQKqiiLlRiQU7M8eEjJprOQ7geXQAQLluWYyUiavmlhcuJa3pIzH0YL89I44H4jPfzA5e9O7mwZRn6zzpv8jN1RFX4hh0wEtgDxV9f4VU8OTXQEhtEnPMhnwMJKIHLHg7iwN%2Fc1lTY%2BaX4dlqhMtzS%2F6TOR8oca6f33A487nGSOGEHgwTFcvaQwRSd8GEmCzHHVMR7IiKGXzfjLChYJGtnYASJWrh3sOuFDp7cpfqS95qnaCE9NfTvgz2upgtyitiIifnCLk4JanJzzKN2DFkQLyDusSU1hCoxwXf6CAm8rIdbF23HkJI96fBTS3q%2FJ4tONCPjgh7IpU0kaCFHgdXyCoggFYeYn874G9QXZdKdzKo5kNZndVrPkAgjUiPhj5xOqRSk5%2BiUsw%2Fs6basSUOKYRBNURpIYOKjMKG5vkxAXFTZ1C%2Bzh6S7ARVzg845WjzH9nj3dL9TNwRScEhl8ogAsB6%2BJPR%2Fas05DTUC%2F7Nww%2Btb11QY6mgFuIXjUuJ1WiwOBL9NuEk6J3Raj8HIzuVWCggs4ILK0u0BDsDuUVlMwkNOHbsn4yLOBiD15bDxxi15B6oIbihBOqb0XjdnJtW6oYPTP%2FgSxD%2F3o7HYpkZJCBR7YmsIaaSJvBjG5m%2FUsJpbdBj%2BkC9lzNLqjIC37ZnVhmQ28RRyt5Fi%2FOsECLLOIc13O6Nk7NXpxGz3sA9MbSK7g&X-Amz-Algorithm=AWS4-HMAC-SHA256&X-Amz-Date=20260930T200516Z&X-Amz-SignedHeaders=host&X-Amz-Credential=ASIA2QE4OQUW7N476K6D%2F20260930%2Fus-east-2%2Fs3%2Faws4_request&X-Amz-Expires=30&X-Amz-Signature=6a31171becb19dbe78abf5ea51a7c004487d028832d1df76543ef19c5ec8a65f 21122ms (cache miss)
npm http fetch GET 200 https://jfrog-prod-use2-shared-ohio-main.s3.amazonaws.com/aol-a0eigilwc24ii/filestore/95/955bc473ed8af11a002a2be52071bf475638607b?response-content-disposition=attachment%3Bfilename%3D%22rxjs-7.8.2.tgz%22&response-content-type=application%2Fx-gzip&X-Artifactory-username=darcy%40vlt.sh&X-Artifactory-repoType=local&X-Artifactory-repositoryKey=benchmark-npm-remote-cache&X-Artifactory-originPackageType=npm&X-Artifactory-packageType=npm&X-Artifactory-artifactPath=rxjs%2F-%2Frxjs-7.8.2.tgz&X-Artifactory-originProjectKey=benchmark&X-Artifactory-projectKey=benchmark&X-Artifactory-originRepoType=remote&X-Artifactory-originRepositoryKey=benchmark-npm-remote&x-jf-traceId=94b30e544800d9a6644188d328a54e13&X-Amz-Security-Token=IQoJb3JpZ2luX2VjEKT%2F%2F%2F%2F%2F%2F%2F%2F%2F%2FwEaCXVzLWVhc3QtMiJGMEQCIGE05Nq07AoTr5hDsK%2Fz9lwEUN5HM86m%2BfGPbXQZ%2FdtCAiBQ3WNO7Py4EfCz88%2FeERFKKmb7UZEFCZqnchqYH%2BYuXyqSBQhtEAAaDDcyMTg4MjYxMzAzNyIMzzm3ajtO0WT7d9hxKu8EJU%2F3xYhBBgyfL1OAyamecU1X0jbcp0RFRmbFCPK6b6eD0b5PFFjEfdD8p2cGWog5gQV9Kjt8mGbno8V9mGEdwsCam5Bbm%2FBDkKc3DzTA8%2BSnMhG%2FwVTG3cA%2BpAKXKQ8TtnY7f2EWpE%2BSko0xe1FZV0H%2FY%2FVa0EGrces6gNWg4i%2FU3ui2hWlsWfnR9Bv7se7e0ZbPO8UGGNDhQkrc1x0g%2BbUYiRIfCpVul6bwyUTqx6jGJjpe%2Bl1sDZ6YVtBp5vVLV0G428zg6IhQf1%2F7311mz9n6YqiugFZK5fGBX4Xg9YY2e25tLsXYol55bdHgA9C5Cp9iGR%2BptiHCyfiPtk56HHQKqiiLlRiQU7M8eEjJprOQ7geXQAQLluWYyUiavmlhcuJa3pIzH0YL89I44H4jPfzA5e9O7mwZRn6zzpv8jN1RFX4hh0wEtgDxV9f4VU8OTXQEhtEnPMhnwMJKIHLHg7iwN%2Fc1lTY%2BaX4dlqhMtzS%2F6TOR8oca6f33A487nGSOGEHgwTFcvaQwRSd8GEmCzHHVMR7IiKGXzfjLChYJGtnYASJWrh3sOuFDp7cpfqS95qnaCE9NfTvgz2upgtyitiIifnCLk4JanJzzKN2DFkQLyDusSU1hCoxwXf6CAm8rIdbF23HkJI96fBTS3q%2FJ4tONCPjgh7IpU0kaCFHgdXyCoggFYeYn874G9QXZdKdzKo5kNZndVrPkAgjUiPhj5xOqRSk5%2BiUsw%2Fs6basSUOKYRBNURpIYOKjMKG5vkxAXFTZ1C%2Bzh6S7ARVzg845WjzH9nj3dL9TNwRScEhl8ogAsB6%2BJPR%2Fas05DTUC%2F7Nww%2Btb11QY6mgFuIXjUuJ1WiwOBL9NuEk6J3Raj8HIzuVWCggs4ILK0u0BDsDuUVlMwkNOHbsn4yLOBiD15bDxxi15B6oIbihBOqb0XjdnJtW6oYPTP%2FgSxD%2F3o7HYpkZJCBR7YmsIaaSJvBjG5m%2FUsJpbdBj%2BkC9lzNLqjIC37ZnVhmQ28RRyt5Fi%2FOsECLLOIc13O6Nk7NXpxGz3sA9MbSK7g&X-Amz-Algorithm=AWS4-HMAC-SHA256&X-Amz-Date=20260930T200515Z&X-Amz-SignedHeaders=host&X-Amz-Credential=ASIA2QE4OQUW7N476K6D%2F20260930%2Fus-east-2%2Fs3%2Faws4_request&X-Amz-Expires=30&X-Amz-Signature=97e87c3ea1d4bd1a097ef506f651f05c3326bb91ad6c04ffb6be13976d5b964f 21475ms (cache miss)
npm http fetch GET 200 https://jfrog-prod-use2-shared-ohio-main.s3.amazonaws.com/aol-a0eigilwc24ii/filestore/e7/e74c6fe5a6bf985b817d2de3eb88d56afc494a1b?response-content-disposition=attachment%3Bfilename%3D%22monaco-editor-0.55.1.tgz%22&response-content-type=application%2Fx-gzip&X-Artifactory-username=darcy%40vlt.sh&X-Artifactory-repoType=local&X-Artifactory-repositoryKey=benchmark-npm-remote-cache&X-Artifactory-originPackageType=npm&X-Artifactory-packageType=npm&X-Artifactory-artifactPath=monaco-editor%2F-%2Fmonaco-editor-0.55.1.tgz&X-Artifactory-originProjectKey=benchmark&X-Artifactory-projectKey=benchmark&X-Artifactory-originRepoType=remote&X-Artifactory-originRepositoryKey=benchmark-npm-remote&x-jf-traceId=6dbd04b3474caea58f7853f0c704035c&X-Amz-Security-Token=IQoJb3JpZ2luX2VjEKT%2F%2F%2F%2F%2F%2F%2F%2F%2F%2FwEaCXVzLWVhc3QtMiJGMEQCIGE05Nq07AoTr5hDsK%2Fz9lwEUN5HM86m%2BfGPbXQZ%2FdtCAiBQ3WNO7Py4EfCz88%2FeERFKKmb7UZEFCZqnchqYH%2BYuXyqSBQhtEAAaDDcyMTg4MjYxMzAzNyIMzzm3ajtO0WT7d9hxKu8EJU%2F3xYhBBgyfL1OAyamecU1X0jbcp0RFRmbFCPK6b6eD0b5PFFjEfdD8p2cGWog5gQV9Kjt8mGbno8V9mGEdwsCam5Bbm%2FBDkKc3DzTA8%2BSnMhG%2FwVTG3cA%2BpAKXKQ8TtnY7f2EWpE%2BSko0xe1FZV0H%2FY%2FVa0EGrces6gNWg4i%2FU3ui2hWlsWfnR9Bv7se7e0ZbPO8UGGNDhQkrc1x0g%2BbUYiRIfCpVul6bwyUTqx6jGJjpe%2Bl1sDZ6YVtBp5vVLV0G428zg6IhQf1%2F7311mz9n6YqiugFZK5fGBX4Xg9YY2e25tLsXYol55bdHgA9C5Cp9iGR%2BptiHCyfiPtk56HHQKqiiLlRiQU7M8eEjJprOQ7geXQAQLluWYyUiavmlhcuJa3pIzH0YL89I44H4jPfzA5e9O7mwZRn6zzpv8jN1RFX4hh0wEtgDxV9f4VU8OTXQEhtEnPMhnwMJKIHLHg7iwN%2Fc1lTY%2BaX4dlqhMtzS%2F6TOR8oca6f33A487nGSOGEHgwTFcvaQwRSd8GEmCzHHVMR7IiKGXzfjLChYJGtnYASJWrh3sOuFDp7cpfqS95qnaCE9NfTvgz2upgtyitiIifnCLk4JanJzzKN2DFkQLyDusSU1hCoxwXf6CAm8rIdbF23HkJI96fBTS3q%2FJ4tONCPjgh7IpU0kaCFHgdXyCoggFYeYn874G9QXZdKdzKo5kNZndVrPkAgjUiPhj5xOqRSk5%2BiUsw%2Fs6basSUOKYRBNURpIYOKjMKG5vkxAXFTZ1C%2Bzh6S7ARVzg845WjzH9nj3dL9TNwRScEhl8ogAsB6%2BJPR%2Fas05DTUC%2F7Nww%2Btb11QY6mgFuIXjUuJ1WiwOBL9NuEk6J3Raj8HIzuVWCggs4ILK0u0BDsDuUVlMwkNOHbsn4yLOBiD15bDxxi15B6oIbihBOqb0XjdnJtW6oYPTP%2FgSxD%2F3o7HYpkZJCBR7YmsIaaSJvBjG5m%2FUsJpbdBj%2BkC9lzNLqjIC37ZnVhmQ28RRyt5Fi%2FOsECLLOIc13O6Nk7NXpxGz3sA9MbSK7g&X-Amz-Algorithm=AWS4-HMAC-SHA256&X-Amz-Date=20260930T200517Z&X-Amz-SignedHeaders=host&X-Amz-Credential=ASIA2QE4OQUW7N476K6D%2F20260930%2Fus-east-2%2Fs3%2Faws4_request&X-Amz-Expires=30&X-Amz-Signature=ae94319c6c7f27a3891a684410468ace2b285c71d56b15b053f1902411fe91ee 21590ms (cache miss)
npm http fetch GET 200 https://jfrog-prod-use2-shared-ohio-main.s3.amazonaws.com/aol-a0eigilwc24ii/filestore/39/394fa50732e2876081b0f2def3f3b32b6c6f567e?response-content-disposition=attachment%3Bfilename%3D%22react-icons-2.0.343.tgz%22&response-content-type=application%2Fx-gzip&X-Artifactory-username=darcy%40vlt.sh&X-Artifactory-repoType=local&X-Artifactory-repositoryKey=benchmark-npm-remote-cache&X-Artifactory-originPackageType=npm&X-Artifactory-packageType=npm&X-Artifactory-artifactPath=%40fluentui%2Freact-icons%2F-%2Freact-icons-2.0.343.tgz&X-Artifactory-originProjectKey=benchmark&X-Artifactory-projectKey=benchmark&X-Artifactory-originRepoType=remote&X-Artifactory-originRepositoryKey=benchmark-npm-remote&x-jf-traceId=4349e4cecfd20328a05c2552805d28f4&X-Amz-Security-Token=IQoJb3JpZ2luX2VjEKT%2F%2F%2F%2F%2F%2F%2F%2F%2F%2FwEaCXVzLWVhc3QtMiJGMEQCIGE05Nq07AoTr5hDsK%2Fz9lwEUN5HM86m%2BfGPbXQZ%2FdtCAiBQ3WNO7Py4EfCz88%2FeERFKKmb7UZEFCZqnchqYH%2BYuXyqSBQhtEAAaDDcyMTg4MjYxMzAzNyIMzzm3ajtO0WT7d9hxKu8EJU%2F3xYhBBgyfL1OAyamecU1X0jbcp0RFRmbFCPK6b6eD0b5PFFjEfdD8p2cGWog5gQV9Kjt8mGbno8V9mGEdwsCam5Bbm%2FBDkKc3DzTA8%2BSnMhG%2FwVTG3cA%2BpAKXKQ8TtnY7f2EWpE%2BSko0xe1FZV0H%2FY%2FVa0EGrces6gNWg4i%2FU3ui2hWlsWfnR9Bv7se7e0ZbPO8UGGNDhQkrc1x0g%2BbUYiRIfCpVul6bwyUTqx6jGJjpe%2Bl1sDZ6YVtBp5vVLV0G428zg6IhQf1%2F7311mz9n6YqiugFZK5fGBX4Xg9YY2e25tLsXYol55bdHgA9C5Cp9iGR%2BptiHCyfiPtk56HHQKqiiLlRiQU7M8eEjJprOQ7geXQAQLluWYyUiavmlhcuJa3pIzH0YL89I44H4jPfzA5e9O7mwZRn6zzpv8jN1RFX4hh0wEtgDxV9f4VU8OTXQEhtEnPMhnwMJKIHLHg7iwN%2Fc1lTY%2BaX4dlqhMtzS%2F6TOR8oca6f33A487nGSOGEHgwTFcvaQwRSd8GEmCzHHVMR7IiKGXzfjLChYJGtnYASJWrh3sOuFDp7cpfqS95qnaCE9NfTvgz2upgtyitiIifnCLk4JanJzzKN2DFkQLyDusSU1hCoxwXf6CAm8rIdbF23HkJI96fBTS3q%2FJ4tONCPjgh7IpU0kaCFHgdXyCoggFYeYn874G9QXZdKdzKo5kNZndVrPkAgjUiPhj5xOqRSk5%2BiUsw%2Fs6basSUOKYRBNURpIYOKjMKG5vkxAXFTZ1C%2Bzh6S7ARVzg845WjzH9nj3dL9TNwRScEhl8ogAsB6%2BJPR%2Fas05DTUC%2F7Nww%2Btb11QY6mgFuIXjUuJ1WiwOBL9NuEk6J3Raj8HIzuVWCggs4ILK0u0BDsDuUVlMwkNOHbsn4yLOBiD15bDxxi15B6oIbihBOqb0XjdnJtW6oYPTP%2FgSxD%2F3o7HYpkZJCBR7YmsIaaSJvBjG5m%2FUsJpbdBj%2BkC9lzNLqjIC37ZnVhmQ28RRyt5Fi%2FOsECLLOIc13O6Nk7NXpxGz3sA9MbSK7g&X-Amz-Algorithm=AWS4-HMAC-SHA256&X-Amz-Date=20260930T200517Z&X-Amz-SignedHeaders=host&X-Amz-Credential=ASIA2QE4OQUW7N476K6D%2F20260930%2Fus-east-2%2Fs3%2Faws4_request&X-Amz-Expires=30&X-Amz-Signature=642c7bbc05ea03c5cdedbda9a7655de9fd856640e1e778dea1dcfbe2746bcc04 33792ms (cache miss)

added 1951 packages in 2m
