npm http fetch GET 200 https://registry.vlt.io/vlt-benchmarks/npm/canvas 107ms (cache miss)
npm http fetch GET 200 https://registry.vlt.io/vlt-benchmarks/npm/@alex_neo%2fjest-expect-message 19ms (cache miss)
npm http fetch GET 200 https://registry.vlt.io/vlt-benchmarks/npm/@eslint%2fjs 15ms (cache miss)
npm http fetch GET 200 https://registry.vlt.io/vlt-benchmarks/npm/@nrwl%2ftao 26ms (cache miss)
npm http fetch GET 200 https://registry.vlt.io/vlt-benchmarks/npm/@nrwl%2fworkspace 27ms (cache miss)
npm http fetch GET 200 https://registry.vlt.io/vlt-benchmarks/npm/@playwright%2ftest 32ms (cache miss)
npm http fetch GET 200 https://registry.vlt.io/vlt-benchmarks/npm/@types%2fexpect-puppeteer 17ms (cache miss)
npm http fetch GET 200 https://registry.vlt.io/vlt-benchmarks/npm/@types%2ffs-extra 19ms (cache miss)
npm http fetch GET 200 https://registry.vlt.io/vlt-benchmarks/npm/@types%2fjest 19ms (cache miss)
npm http fetch GET 200 https://registry.vlt.io/vlt-benchmarks/npm/@types%2fjest-environment-puppeteer 19ms (cache miss)
npm http fetch GET 200 https://registry.vlt.io/vlt-benchmarks/npm/@types%2fjest-expect-message 17ms (cache miss)
npm http fetch GET 200 https://registry.vlt.io/vlt-benchmarks/npm/@types%2fpuppeteer 20ms (cache miss)
npm http fetch GET 200 https://registry.vlt.io/vlt-benchmarks/npm/@typescript-eslint%2feslint-plugin 58ms (cache miss)
npm http fetch GET 200 https://registry.vlt.io/vlt-benchmarks/npm/@typescript-eslint%2fparser 47ms (cache miss)
npm http fetch GET 200 https://registry.vlt.io/vlt-benchmarks/npm/eslint 21ms (cache miss)
npm http fetch GET 200 https://registry.vlt.io/vlt-benchmarks/npm/typescript 47ms (cache miss)
npm http fetch GET 200 https://registry.vlt.io/vlt-benchmarks/npm/ajv 17ms (cache miss)
npm http fetch GET 200 https://registry.vlt.io/vlt-benchmarks/npm/chokidar 13ms (cache miss)
npm http fetch GET 200 https://registry.vlt.io/vlt-benchmarks/npm/dotenv 18ms (cache miss)
npm http fetch GET 200 https://registry.vlt.io/vlt-benchmarks/npm/es-check 21ms (cache miss)
npm http fetch GET 200 https://registry.vlt.io/vlt-benchmarks/npm/eslint-config-prettier 16ms (cache miss)
npm http fetch GET 200 https://registry.vlt.io/vlt-benchmarks/npm/eslint-formatter-azure-devops 16ms (cache miss)
npm http fetch GET 200 https://registry.vlt.io/vlt-benchmarks/npm/eslint-plugin-github 18ms (cache miss)
npm http fetch GET 200 https://registry.vlt.io/vlt-benchmarks/npm/eslint-plugin-import 13ms (cache miss)
npm http fetch GET 200 https://registry.vlt.io/vlt-benchmarks/npm/eslint-plugin-jest 18ms (cache miss)
npm http fetch GET 200 https://registry.vlt.io/vlt-benchmarks/npm/jest 16ms (cache miss)
npm http fetch GET 200 https://registry.vlt.io/vlt-benchmarks/npm/eslint-plugin-jsdoc 21ms (cache miss)
npm http fetch GET 200 https://registry.vlt.io/vlt-benchmarks/npm/eslint-plugin-prettier 13ms (cache miss)
npm http fetch GET 200 https://registry.vlt.io/vlt-benchmarks/npm/prettier 15ms (cache miss)
npm http fetch GET 200 https://registry.vlt.io/vlt-benchmarks/npm/eslint-plugin-tsdoc 17ms (cache miss)
npm http fetch GET 200 https://registry.vlt.io/vlt-benchmarks/npm/fs-extra 13ms (cache miss)
npm http fetch GET 200 https://registry.vlt.io/vlt-benchmarks/npm/glob 32ms (cache miss)
npm http fetch GET 200 https://registry.vlt.io/vlt-benchmarks/npm/globals 16ms (cache miss)
npm http fetch GET 200 https://registry.vlt.io/vlt-benchmarks/npm/jest-environment-jsdom 19ms (cache miss)
npm http fetch GET 200 https://registry.vlt.io/vlt-benchmarks/npm/jest-junit 16ms (cache miss)
npm http fetch GET 200 https://registry.vlt.io/vlt-benchmarks/npm/mini-css-extract-plugin 22ms (cache miss)
npm http fetch GET 200 https://registry.vlt.io/vlt-benchmarks/npm/webpack 30ms (cache miss)
npm http fetch GET 200 https://registry.vlt.io/vlt-benchmarks/npm/nx 37ms (cache miss)
npm http fetch GET 200 https://registry.vlt.io/vlt-benchmarks/npm/rimraf 16ms (cache miss)
npm http fetch GET 200 https://registry.vlt.io/vlt-benchmarks/npm/ts-jest 20ms (cache miss)
npm http fetch GET 200 https://registry.vlt.io/vlt-benchmarks/npm/ts-node 18ms (cache miss)
npm http fetch GET 200 https://registry.vlt.io/vlt-benchmarks/npm/@types%2fnode 17ms (cache miss)
npm http fetch GET 200 https://registry.vlt.io/vlt-benchmarks/npm/ts-patch 13ms (cache miss)
npm http fetch GET 200 https://registry.vlt.io/vlt-benchmarks/npm/tslib 16ms (cache miss)
npm http fetch GET 200 https://registry.vlt.io/vlt-benchmarks/npm/typedoc 16ms (cache miss)
npm http fetch GET 200 https://registry.vlt.io/vlt-benchmarks/npm/webpack-cli 19ms (cache miss)
npm http fetch GET 200 https://registry.vlt.io/vlt-benchmarks/npm/@nx%2fworkspace 21ms (cache miss)
npm http fetch GET 200 https://registry.vlt.io/vlt-benchmarks/npm/tslib 48ms (cache revalidated)
npm http fetch GET 200 https://registry.vlt.io/vlt-benchmarks/npm/nx 53ms (cache revalidated)
npm http fetch GET 200 https://registry.vlt.io/vlt-benchmarks/npm/@types%2fjest 40ms (cache revalidated)
npm http fetch GET 200 https://registry.vlt.io/vlt-benchmarks/npm/@types%2fpuppeteer 19ms (cache revalidated)
npm http fetch GET 200 https://registry.vlt.io/vlt-benchmarks/npm/playwright 76ms (cache miss)
npm http fetch GET 200 https://registry.vlt.io/vlt-benchmarks/npm/jest-matcher-utils 34ms (cache miss)
npm http fetch GET 200 https://registry.vlt.io/vlt-benchmarks/npm/pretty-format 41ms (cache miss)
npm http fetch GET 200 https://registry.vlt.io/vlt-benchmarks/npm/@jest%2ftypes 19ms (cache miss)
npm http fetch GET 200 https://registry.vlt.io/vlt-benchmarks/npm/ignore 15ms (cache miss)
npm http fetch GET 200 https://registry.vlt.io/vlt-benchmarks/npm/jest-environment-node 20ms (cache miss)
npm http fetch GET 200 https://registry.vlt.io/vlt-benchmarks/npm/ts-api-utils 14ms (cache miss)
npm http fetch GET 200 https://registry.vlt.io/vlt-benchmarks/npm/natural-compare 14ms (cache miss)
npm http fetch GET 200 https://registry.vlt.io/vlt-benchmarks/npm/@eslint-community%2fregexpp 13ms (cache miss)
npm http fetch GET 200 https://registry.vlt.io/vlt-benchmarks/npm/@typescript-eslint%2futils 58ms (cache miss)
npm http fetch GET 200 https://registry.vlt.io/vlt-benchmarks/npm/@typescript-eslint%2ftype-utils 71ms (cache miss)
npm http fetch GET 200 https://registry.vlt.io/vlt-benchmarks/npm/debug 23ms (cache miss)
npm http fetch GET 200 https://registry.vlt.io/vlt-benchmarks/npm/@typescript-eslint%2fvisitor-keys 107ms (cache miss)
npm http fetch GET 200 https://registry.vlt.io/vlt-benchmarks/npm/@typescript-eslint%2fscope-manager 122ms (cache miss)
npm http fetch GET 200 https://registry.vlt.io/vlt-benchmarks/npm/@typescript-eslint%2ftypes 96ms (cache miss)
npm http fetch GET 200 https://registry.vlt.io/vlt-benchmarks/npm/@typescript-eslint%2fscope-manager 101ms (cache miss)
npm http fetch GET 200 https://registry.vlt.io/vlt-benchmarks/npm/ajv 36ms (cache revalidated)
npm http fetch GET 200 https://registry.vlt.io/vlt-benchmarks/npm/chalk 13ms (cache miss)
npm http fetch GET 200 https://registry.vlt.io/vlt-benchmarks/npm/debug 23ms (cache revalidated)
npm http fetch GET 200 https://registry.vlt.io/vlt-benchmarks/npm/espree 18ms (cache miss)
npm http fetch GET 200 https://registry.vlt.io/vlt-benchmarks/npm/@typescript-eslint%2ftypescript-estree 99ms (cache miss)
npm http fetch GET 200 https://registry.vlt.io/vlt-benchmarks/npm/ignore 59ms (cache revalidated)
npm http fetch GET 200 https://registry.vlt.io/vlt-benchmarks/npm/esquery 59ms (cache miss)
npm http fetch GET 200 https://registry.vlt.io/vlt-benchmarks/npm/esutils 20ms (cache miss)
npm http fetch GET 200 https://registry.vlt.io/vlt-benchmarks/npm/find-up 12ms (cache miss)
npm http fetch GET 200 https://registry.vlt.io/vlt-benchmarks/npm/is-glob 13ms (cache miss)
npm http fetch GET 200 https://registry.vlt.io/vlt-benchmarks/npm/minimatch 15ms (cache miss)
npm http fetch GET 200 https://registry.vlt.io/vlt-benchmarks/npm/optionator 17ms (cache miss)
npm http fetch GET 200 https://registry.vlt.io/vlt-benchmarks/npm/cross-spawn 15ms (cache miss)
npm http fetch GET 200 https://registry.vlt.io/vlt-benchmarks/npm/glob-parent 12ms (cache miss)
npm http fetch GET 200 https://registry.vlt.io/vlt-benchmarks/npm/imurmurhash 11ms (cache miss)
npm http fetch GET 200 https://registry.vlt.io/vlt-benchmarks/npm/@eslint%2fcore 13ms (cache miss)
npm http fetch GET 200 https://registry.vlt.io/vlt-benchmarks/npm/eslint-scope 12ms (cache miss)
npm http fetch GET 200 https://registry.vlt.io/vlt-benchmarks/npm/lodash.merge 16ms (cache miss)
npm http fetch GET 200 https://registry.vlt.io/vlt-benchmarks/npm/@humanfs%2fnode 14ms (cache miss)
npm http fetch GET 200 https://registry.vlt.io/vlt-benchmarks/npm/@types%2festree 14ms (cache miss)
npm http fetch GET 200 https://registry.vlt.io/vlt-benchmarks/npm/fast-deep-equal 13ms (cache miss)
npm http fetch GET 200 https://registry.vlt.io/vlt-benchmarks/npm/@eslint%2feslintrc 14ms (cache miss)
npm http fetch GET 200 https://registry.vlt.io/vlt-benchmarks/npm/file-entry-cache 13ms (cache miss)
npm http fetch GET 200 https://registry.vlt.io/vlt-benchmarks/npm/@eslint%2fplugin-kit 13ms (cache miss)
npm http fetch GET 200 https://registry.vlt.io/vlt-benchmarks/npm/eslint-visitor-keys 13ms (cache miss)
npm http fetch GET 200 https://registry.vlt.io/vlt-benchmarks/npm/@eslint%2fconfig-array 15ms (cache miss)
npm http fetch GET 200 https://registry.vlt.io/vlt-benchmarks/npm/@humanwhocodes%2fretry 14ms (cache miss)
npm http fetch GET 200 https://registry.vlt.io/vlt-benchmarks/npm/escape-string-regexp 14ms (cache miss)
npm http fetch GET 200 https://registry.vlt.io/vlt-benchmarks/npm/@eslint%2fconfig-helpers 16ms (cache miss)
npm http fetch GET 200 https://registry.vlt.io/vlt-benchmarks/npm/@eslint-community%2fregexpp 15ms (cache revalidated)
npm http fetch GET 200 https://registry.vlt.io/vlt-benchmarks/npm/@eslint-community%2feslint-utils 15ms (cache miss)
npm http fetch GET 200 https://registry.vlt.io/vlt-benchmarks/npm/@humanwhocodes%2fmodule-importer 15ms (cache miss)
npm http fetch GET 200 https://registry.vlt.io/vlt-benchmarks/npm/json-stable-stringify-without-jsonify 14ms (cache miss)
npm http fetch GET 200 https://registry.vlt.io/vlt-benchmarks/npm/uri-js 16ms (cache miss)
npm http fetch GET 200 https://registry.vlt.io/vlt-benchmarks/npm/fast-deep-equal 14ms (cache revalidated)
npm http fetch GET 200 https://registry.vlt.io/vlt-benchmarks/npm/require-from-string 14ms (cache miss)
npm http fetch GET 200 https://registry.vlt.io/vlt-benchmarks/npm/json-schema-traverse 15ms (cache miss)
npm http fetch GET 200 https://registry.vlt.io/vlt-benchmarks/npm/node-addon-api 17ms (cache miss)
npm http fetch GET 200 https://registry.vlt.io/vlt-benchmarks/npm/prebuild-install 17ms (cache miss)
npm http fetch GET 200 https://registry.vlt.io/vlt-benchmarks/npm/braces 16ms (cache miss)
npm http fetch GET 200 https://registry.vlt.io/vlt-benchmarks/npm/is-glob 15ms (cache revalidated)
npm http fetch GET 200 https://registry.vlt.io/vlt-benchmarks/npm/anymatch 14ms (cache miss)
npm http fetch GET 200 https://registry.vlt.io/vlt-benchmarks/npm/readdirp 12ms (cache miss)
npm http fetch GET 200 https://registry.vlt.io/vlt-benchmarks/npm/glob-parent 13ms (cache revalidated)
npm http fetch GET 200 https://registry.vlt.io/vlt-benchmarks/npm/is-binary-path 15ms (cache miss)
npm http fetch GET 200 https://registry.vlt.io/vlt-benchmarks/npm/normalize-path 17ms (cache miss)
npm http fetch GET 200 https://registry.vlt.io/vlt-benchmarks/npm/fsevents 13ms (cache miss)
npm http fetch GET 200 https://registry.vlt.io/vlt-benchmarks/npm/acorn 15ms (cache miss)
npm http fetch GET 200 https://registry.vlt.io/vlt-benchmarks/npm/commander 13ms (cache miss)
npm http fetch GET 200 https://registry.vlt.io/vlt-benchmarks/npm/winston 19ms (cache miss)
npm http fetch GET 200 https://registry.vlt.io/vlt-benchmarks/npm/fast-glob 15ms (cache miss)
npm http fetch GET 200 https://registry.vlt.io/vlt-benchmarks/npm/supports-color 14ms (cache miss)
npm http fetch GET 200 https://registry.vlt.io/vlt-benchmarks/npm/@eslint%2fcompat 19ms (cache miss)
npm http fetch GET 200 https://registry.vlt.io/vlt-benchmarks/npm/@github%2fbrowserslist-config 17ms (cache miss)
npm http fetch GET 200 https://registry.vlt.io/vlt-benchmarks/npm/aria-query 15ms (cache miss)
npm http fetch GET 200 https://registry.vlt.io/vlt-benchmarks/npm/eslint-plugin-escompat 15ms (cache miss)
npm http fetch GET 200 https://registry.vlt.io/vlt-benchmarks/npm/eslint-plugin-eslint-comments 18ms (cache miss)
npm http fetch GET 200 https://registry.vlt.io/vlt-benchmarks/npm/eslint-plugin-filenames 17ms (cache miss)
npm http fetch GET 200 https://registry.vlt.io/vlt-benchmarks/npm/eslint-plugin-i18n-text 15ms (cache miss)
npm http fetch GET 200 https://registry.vlt.io/vlt-benchmarks/npm/eslint-plugin-jsx-a11y 15ms (cache miss)
npm http fetch GET 200 https://registry.vlt.io/vlt-benchmarks/npm/eslint-plugin-prettier 14ms (cache revalidated)
npm http fetch GET 200 https://registry.vlt.io/vlt-benchmarks/npm/eslint-plugin-no-only-tests 21ms (cache miss)
npm http fetch GET 200 https://registry.vlt.io/vlt-benchmarks/npm/eslint-rule-documentation 16ms (cache miss)
npm http fetch GET 200 https://registry.vlt.io/vlt-benchmarks/npm/globals 24ms (cache revalidated)
npm http fetch GET 200 https://registry.vlt.io/vlt-benchmarks/npm/jsx-ast-utils 26ms (cache miss)
npm http fetch GET 200 https://registry.vlt.io/vlt-benchmarks/npm/prettier 31ms (cache revalidated)
npm http fetch GET 200 https://registry.vlt.io/vlt-benchmarks/npm/svg-element-attributes 18ms (cache miss)
npm http fetch GET 200 https://registry.vlt.io/vlt-benchmarks/npm/typescript 22ms (cache revalidated)
npm http fetch GET 200 https://registry.vlt.io/vlt-benchmarks/npm/@rtsao%2fscc 52ms (cache miss)
npm http fetch GET 200 https://registry.vlt.io/vlt-benchmarks/npm/typescript-eslint 64ms (cache miss)
npm http fetch GET 200 https://registry.vlt.io/vlt-benchmarks/npm/array.prototype.findlastindex 20ms (cache miss)
npm http fetch GET 200 https://registry.vlt.io/vlt-benchmarks/npm/array-includes 28ms (cache miss)
npm http fetch GET 200 https://registry.vlt.io/vlt-benchmarks/npm/array.prototype.flat 16ms (cache miss)
npm http fetch GET 200 https://registry.vlt.io/vlt-benchmarks/npm/doctrine 14ms (cache miss)
npm http fetch GET 200 https://registry.vlt.io/vlt-benchmarks/npm/array.prototype.flatmap 18ms (cache miss)
npm http fetch GET 200 https://registry.vlt.io/vlt-benchmarks/npm/eslint-import-resolver-node 12ms (cache miss)
npm http fetch GET 200 https://registry.vlt.io/vlt-benchmarks/npm/hasown 12ms (cache miss)
npm http fetch GET 200 https://registry.vlt.io/vlt-benchmarks/npm/eslint-module-utils 15ms (cache miss)
npm http fetch GET 200 https://registry.vlt.io/vlt-benchmarks/npm/is-core-module 15ms (cache miss)
npm http fetch GET 200 https://registry.vlt.io/vlt-benchmarks/npm/object.fromentries 13ms (cache miss)
npm http fetch GET 200 https://registry.vlt.io/vlt-benchmarks/npm/minimatch 17ms (cache revalidated)
npm http fetch GET 200 https://registry.vlt.io/vlt-benchmarks/npm/object.groupby 14ms (cache miss)
npm http fetch GET 200 https://registry.vlt.io/vlt-benchmarks/npm/object.values 14ms (cache miss)
npm http fetch GET 200 https://registry.vlt.io/vlt-benchmarks/npm/semver 15ms (cache miss)
npm http fetch GET 200 https://registry.vlt.io/vlt-benchmarks/npm/string.prototype.trimend 18ms (cache miss)
npm http fetch GET 200 https://registry.vlt.io/vlt-benchmarks/npm/tsconfig-paths 15ms (cache miss)
npm http fetch GET 200 https://registry.vlt.io/vlt-benchmarks/npm/@typescript-eslint%2futils 19ms (cache revalidated)
npm http fetch GET 200 https://registry.vlt.io/vlt-benchmarks/npm/espree 33ms (cache revalidated)
npm http fetch GET 200 https://registry.vlt.io/vlt-benchmarks/npm/semver 32ms (cache revalidated)
npm http fetch GET 200 https://registry.vlt.io/vlt-benchmarks/npm/esquery 21ms (cache revalidated)
npm http fetch GET 200 https://registry.vlt.io/vlt-benchmarks/npm/comment-parser 22ms (cache miss)
npm http fetch GET 200 https://registry.vlt.io/vlt-benchmarks/npm/@es-joy%2fjsdoccomment 23ms (cache miss)
npm http fetch GET 200 https://registry.vlt.io/vlt-benchmarks/npm/are-docs-informative 17ms (cache miss)
npm http fetch GET 200 https://registry.vlt.io/vlt-benchmarks/npm/spdx-expression-parse 13ms (cache miss)
npm http fetch GET 200 https://registry.vlt.io/vlt-benchmarks/npm/parse-imports-exports 19ms (cache miss)
npm http fetch GET 200 https://registry.vlt.io/vlt-benchmarks/npm/synckit 17ms (cache miss)
npm http fetch GET 200 https://registry.vlt.io/vlt-benchmarks/npm/prettier-linter-helpers 16ms (cache miss)
npm http fetch GET 200 https://registry.vlt.io/vlt-benchmarks/npm/@microsoft%2ftsdoc 20ms (cache miss)
npm http fetch GET 200 https://registry.vlt.io/vlt-benchmarks/npm/@microsoft%2ftsdoc-config 14ms (cache miss)
npm http fetch GET 200 https://registry.vlt.io/vlt-benchmarks/npm/@typescript-eslint%2futils 19ms (cache revalidated)
npm http fetch GET 200 https://registry.vlt.io/vlt-benchmarks/npm/jsonfile 42ms (cache miss)
npm http fetch GET 200 https://registry.vlt.io/vlt-benchmarks/npm/graceful-fs 38ms (cache miss)
npm http fetch GET 200 https://registry.vlt.io/vlt-benchmarks/npm/universalify 15ms (cache miss)
npm http fetch GET 200 https://registry.vlt.io/vlt-benchmarks/npm/jackspeak 15ms (cache miss)
npm http fetch GET 200 https://registry.vlt.io/vlt-benchmarks/npm/minipass 19ms (cache miss)
npm http fetch GET 200 https://registry.vlt.io/vlt-benchmarks/npm/path-scurry 12ms (cache miss)
npm http fetch GET 200 https://registry.vlt.io/vlt-benchmarks/npm/foreground-child 13ms (cache miss)
npm http fetch GET 200 https://registry.vlt.io/vlt-benchmarks/npm/package-json-from-dist 14ms (cache miss)
npm http fetch GET 200 https://registry.vlt.io/vlt-benchmarks/npm/jest-cli 17ms (cache miss)
npm http fetch GET 200 https://registry.vlt.io/vlt-benchmarks/npm/@jest%2ftypes 13ms (cache revalidated)
npm http fetch GET 200 https://registry.vlt.io/vlt-benchmarks/npm/@jest%2fcore 20ms (cache miss)
npm http fetch GET 200 https://registry.vlt.io/vlt-benchmarks/npm/import-local 17ms (cache miss)
npm http fetch GET 200 https://registry.vlt.io/vlt-benchmarks/npm/@types%2fjsdom 13ms (cache miss)
npm http fetch GET 200 https://registry.vlt.io/vlt-benchmarks/npm/jsdom 21ms (cache miss)
npm http fetch GET 200 https://registry.vlt.io/vlt-benchmarks/npm/@jest%2fenvironment 18ms (cache miss)
npm http fetch GET 200 https://registry.vlt.io/vlt-benchmarks/npm/@jest%2fenvironment-jsdom-abstract 16ms (cache miss)
npm http fetch GET 200 https://registry.vlt.io/vlt-benchmarks/npm/xml 15ms (cache miss)
npm http fetch GET 200 https://registry.vlt.io/vlt-benchmarks/npm/uuid 13ms (cache miss)
npm http fetch GET 200 https://registry.vlt.io/vlt-benchmarks/npm/mkdirp 16ms (cache miss)
npm http fetch GET 200 https://registry.vlt.io/vlt-benchmarks/npm/strip-ansi 14ms (cache miss)
npm http fetch GET 200 https://registry.vlt.io/vlt-benchmarks/npm/schema-utils 14ms (cache miss)
npm http fetch GET 200 https://registry.vlt.io/vlt-benchmarks/npm/events 18ms (cache miss)
npm http fetch GET 200 https://registry.vlt.io/vlt-benchmarks/npm/mime-db 16ms (cache miss)
npm http fetch GET 200 https://registry.vlt.io/vlt-benchmarks/npm/tapable 14ms (cache miss)
npm http fetch GET 200 https://registry.vlt.io/vlt-benchmarks/npm/watchpack 12ms (cache miss)
npm http fetch GET 200 https://registry.vlt.io/vlt-benchmarks/npm/graceful-fs 14ms (cache revalidated)
npm http fetch GET 200 https://registry.vlt.io/vlt-benchmarks/npm/browserslist 17ms (cache miss)
npm http fetch GET 200 https://registry.vlt.io/vlt-benchmarks/npm/schema-utils 14ms (cache revalidated)
npm http fetch GET 200 https://registry.vlt.io/vlt-benchmarks/npm/@types%2festree 14ms (cache revalidated)
npm http fetch GET 200 https://registry.vlt.io/vlt-benchmarks/npm/es-module-lexer 13ms (cache miss)
npm http fetch GET 200 https://registry.vlt.io/vlt-benchmarks/npm/webpack-sources 14ms (cache miss)
npm http fetch GET 200 https://registry.vlt.io/vlt-benchmarks/npm/enhanced-resolve 15ms (cache miss)
npm http fetch GET 200 https://registry.vlt.io/vlt-benchmarks/npm/@types%2fjson-schema 12ms (cache miss)
npm http fetch GET 200 https://registry.vlt.io/vlt-benchmarks/npm/@webassemblyjs%2fast 12ms (cache miss)
npm http fetch GET 200 https://registry.vlt.io/vlt-benchmarks/npm/chrome-trace-event 12ms (cache miss)
npm http fetch GET 200 https://registry.vlt.io/vlt-benchmarks/npm/@webassemblyjs%2fwasm-edit 13ms (cache miss)
npm http fetch GET 200 https://registry.vlt.io/vlt-benchmarks/npm/minimizer-webpack-plugin 13ms (cache miss)
npm http fetch GET 200 https://registry.vlt.io/vlt-benchmarks/npm/@webassemblyjs%2fwasm-parser 16ms (cache miss)
npm http fetch GET 200 https://registry.vlt.io/vlt-benchmarks/npm/ms 14ms (cache miss)
npm http fetch GET 200 https://registry.vlt.io/vlt-benchmarks/npm/bl 19ms (cache miss)
npm http fetch GET 200 https://registry.vlt.io/vlt-benchmarks/npm/ejs 12ms (cache miss)
npm http fetch GET 200 https://registry.vlt.io/vlt-benchmarks/npm/ora 19ms (cache miss)
npm http fetch GET 200 https://registry.vlt.io/vlt-benchmarks/npm/tmp 19ms (cache miss)
npm http fetch GET 200 https://registry.vlt.io/vlt-benchmarks/npm/flat 17ms (cache miss)
npm http fetch GET 200 https://registry.vlt.io/vlt-benchmarks/npm/gopd 12ms (cache miss)
npm http fetch GET 200 https://registry.vlt.io/vlt-benchmarks/npm/once 17ms (cache miss)
npm http fetch GET 200 https://registry.vlt.io/vlt-benchmarks/npm/open 14ms (cache miss)
npm http fetch GET 200 https://registry.vlt.io/vlt-benchmarks/npm/y18n 13ms (cache miss)
npm http fetch GET 200 https://registry.vlt.io/vlt-benchmarks/npm/yaml 14ms (cache miss)
npm http fetch GET 200 https://registry.vlt.io/vlt-benchmarks/npm/chalk 13ms (cache revalidated)
npm http fetch GET 200 https://registry.vlt.io/vlt-benchmarks/npm/axios 21ms (cache miss)
npm http fetch GET 200 https://registry.vlt.io/vlt-benchmarks/npm/cliui 12ms (cache miss)
npm http fetch GET 200 https://registry.vlt.io/vlt-benchmarks/npm/json5 12ms (cache miss)
npm http fetch GET 200 https://registry.vlt.io/vlt-benchmarks/npm/clone 20ms (cache miss)
npm http fetch GET 200 https://registry.vlt.io/vlt-benchmarks/npm/yargs 17ms (cache miss)
npm http fetch GET 200 https://registry.vlt.io/vlt-benchmarks/npm/buffer 18ms (cache miss)
npm http fetch GET 200 https://registry.vlt.io/vlt-benchmarks/npm/dotenv 16ms (cache revalidated)
npm http fetch GET 200 https://registry.vlt.io/vlt-benchmarks/npm/hasown 16ms (cache revalidated)
npm http fetch GET 200 https://registry.vlt.io/vlt-benchmarks/npm/is-wsl 12ms (cache miss)
npm http fetch GET 200 https://registry.vlt.io/vlt-benchmarks/npm/wrappy 13ms (cache miss)
npm http fetch GET 200 https://registry.vlt.io/vlt-benchmarks/npm/figures 13ms (cache miss)
npm http fetch GET 200 https://registry.vlt.io/vlt-benchmarks/npm/ieee754 15ms (cache miss)
npm http fetch GET 200 https://registry.vlt.io/vlt-benchmarks/npm/mime-db 14ms (cache revalidated)
npm http fetch GET 200 https://registry.vlt.io/vlt-benchmarks/npm/onetime 14ms (cache miss)
npm http fetch GET 200 https://registry.vlt.io/vlt-benchmarks/npm/wcwidth 16ms (cache miss)
npm http fetch GET 200 https://registry.vlt.io/vlt-benchmarks/npm/argparse 15ms (cache miss)
npm http fetch GET 200 https://registry.vlt.io/vlt-benchmarks/npm/asynckit 12ms (cache miss)
npm http fetch GET 200 https://registry.vlt.io/vlt-benchmarks/npm/defaults 13ms (cache miss)
npm http fetch GET 200 https://registry.vlt.io/vlt-benchmarks/npm/escalade 17ms (cache miss)
npm http fetch GET 200 https://registry.vlt.io/vlt-benchmarks/npm/enquirer 21ms (cache miss)
npm http fetch GET 200 https://registry.vlt.io/vlt-benchmarks/npm/has-flag 14ms (cache miss)
npm http fetch GET 200 https://registry.vlt.io/vlt-benchmarks/npm/inherits 14ms (cache miss)
npm http fetch GET 200 https://registry.vlt.io/vlt-benchmarks/npm/minimist 14ms (cache miss)
npm http fetch GET 200 https://registry.vlt.io/vlt-benchmarks/npm/mimic-fn 20ms (cache miss)
npm http fetch GET 200 https://registry.vlt.io/vlt-benchmarks/npm/path-key 14ms (cache miss)
npm http fetch GET 200 https://registry.vlt.io/vlt-benchmarks/npm/base64-js 14ms (cache miss)
npm http fetch GET 200 https://registry.vlt.io/vlt-benchmarks/npm/es-errors 14ms (cache miss)
npm http fetch GET 200 https://registry.vlt.io/vlt-benchmarks/npm/form-data 13ms (cache miss)
npm http fetch GET 200 https://registry.vlt.io/vlt-benchmarks/npm/get-proto 14ms (cache miss)
npm http fetch GET 200 https://registry.vlt.io/vlt-benchmarks/npm/is-docker 13ms (cache miss)
npm http fetch GET 200 https://registry.vlt.io/vlt-benchmarks/npm/smol-toml 13ms (cache miss)
npm http fetch GET 200 https://registry.vlt.io/vlt-benchmarks/npm/strip-bom 18ms (cache miss)
npm http fetch GET 200 https://registry.vlt.io/vlt-benchmarks/npm/tree-kill 19ms (cache miss)
npm http fetch GET 200 https://registry.vlt.io/vlt-benchmarks/npm/wrap-ansi 14ms (cache miss)
npm http fetch GET 200 https://registry.vlt.io/vlt-benchmarks/npm/agent-base 17ms (cache miss)
npm http fetch GET 200 https://registry.vlt.io/vlt-benchmarks/npm/ansi-regex 17ms (cache miss)
npm http fetch GET 200 https://registry.vlt.io/vlt-benchmarks/npm/cli-cursor 18ms (cache miss)
npm http fetch GET 200 https://registry.vlt.io/vlt-benchmarks/npm/color-name 14ms (cache miss)
npm http fetch GET 200 https://registry.vlt.io/vlt-benchmarks/npm/picocolors 14ms (cache miss)
npm http fetch GET 200 https://registry.vlt.io/vlt-benchmarks/npm/mime-types 19ms (cache miss)
npm http fetch GET 200 https://registry.vlt.io/vlt-benchmarks/npm/strip-ansi 16ms (cache revalidated)
npm http fetch GET 200 https://registry.vlt.io/vlt-benchmarks/npm/tar-stream 21ms (cache miss)
npm http fetch GET 200 https://registry.vlt.io/vlt-benchmarks/npm/ansi-colors 22ms (cache miss)
npm http fetch GET 200 https://registry.vlt.io/vlt-benchmarks/npm/ansi-styles 16ms (cache miss)
npm http fetch GET 200 https://registry.vlt.io/vlt-benchmarks/npm/emoji-regex 13ms (cache miss)
npm http fetch GET 200 https://registry.vlt.io/vlt-benchmarks/npm/has-symbols 14ms (cache miss)
npm http fetch GET 200 https://registry.vlt.io/vlt-benchmarks/npm/log-symbols 16ms (cache miss)
npm http fetch GET 200 https://registry.vlt.io/vlt-benchmarks/npm/safe-buffer 12ms (cache miss)
npm http fetch GET 200 https://registry.vlt.io/vlt-benchmarks/npm/signal-exit 13ms (cache miss)
npm http fetch GET 200 https://registry.vlt.io/vlt-benchmarks/npm/@emnapi%2fcore 13ms (cache miss)
npm http fetch GET 200 https://registry.vlt.io/vlt-benchmarks/npm/dunder-proto 13ms (cache miss)
npm http fetch GET 200 https://registry.vlt.io/vlt-benchmarks/npm/cli-spinners 20ms (cache miss)
npm http fetch GET 200 https://registry.vlt.io/vlt-benchmarks/npm/jsonc-parser 18ms (cache miss)
npm http fetch GET 200 https://registry.vlt.io/vlt-benchmarks/npm/fs-constants 26ms (cache miss)
npm http fetch GET 200 https://registry.vlt.io/vlt-benchmarks/npm/npm-run-path 16ms (cache miss)
npm http fetch GET 200 https://registry.vlt.io/vlt-benchmarks/npm/string-width 16ms (cache miss)
npm http fetch GET 200 https://registry.vlt.io/vlt-benchmarks/npm/color-convert 15ms (cache miss)
npm http fetch GET 200 https://registry.vlt.io/vlt-benchmarks/npm/yargs-parser 20ms (cache miss)
npm http fetch GET 200 https://registry.vlt.io/vlt-benchmarks/npm/dotenv-expand 18ms (cache miss)
npm http fetch GET 200 https://registry.vlt.io/vlt-benchmarks/npm/end-of-stream 17ms (cache miss)
npm http fetch GET 200 https://registry.vlt.io/vlt-benchmarks/npm/get-intrinsic 14ms (cache miss)
npm http fetch GET 200 https://registry.vlt.io/vlt-benchmarks/npm/balanced-match 16ms (cache miss)
npm http fetch GET 200 https://registry.vlt.io/vlt-benchmarks/npm/function-bind 31ms (cache miss)
npm http fetch GET 200 https://registry.vlt.io/vlt-benchmarks/npm/delayed-stream 14ms (cache miss)
npm http fetch GET 200 https://registry.vlt.io/vlt-benchmarks/npm/is-interactive 17ms (cache miss)
npm http fetch GET 200 https://registry.vlt.io/vlt-benchmarks/npm/proxy-from-env 21ms (cache miss)
npm http fetch GET 200 https://registry.vlt.io/vlt-benchmarks/npm/restore-cursor 16ms (cache miss)
npm http fetch GET 200 https://registry.vlt.io/vlt-benchmarks/npm/string_decoder 12ms (cache miss)
npm http fetch GET 200 https://registry.vlt.io/vlt-benchmarks/npm/supports-color 11ms (cache revalidated)
npm http fetch GET 200 https://registry.vlt.io/vlt-benchmarks/npm/tsconfig-paths 14ms (cache revalidated)
npm http fetch GET 200 https://registry.vlt.io/vlt-benchmarks/npm/util-deprecate 16ms (cache miss)
npm http fetch GET 200 https://registry.vlt.io/vlt-benchmarks/npm/@emnapi%2fruntime 14ms (cache miss)
npm http fetch GET 200 https://registry.vlt.io/vlt-benchmarks/npm/combined-stream 13ms (cache miss)
npm http fetch GET 200 https://registry.vlt.io/vlt-benchmarks/npm/brace-expansion 18ms (cache miss)
npm http fetch GET 200 https://registry.vlt.io/vlt-benchmarks/npm/es-object-atoms 15ms (cache miss)
npm http fetch GET 200 https://registry.vlt.io/vlt-benchmarks/npm/has-tostringtag 14ms (cache miss)
npm http fetch GET 200 https://registry.vlt.io/vlt-benchmarks/npm/get-caller-file 18ms (cache miss)
npm http fetch GET 200 https://registry.vlt.io/vlt-benchmarks/npm/math-intrinsics 15ms (cache miss)
npm http fetch GET 200 https://registry.vlt.io/vlt-benchmarks/npm/readable-stream 15ms (cache miss)
npm http fetch GET 200 https://registry.vlt.io/vlt-benchmarks/npm/resolve.exports 17ms (cache miss)
npm http fetch GET 200 https://registry.vlt.io/vlt-benchmarks/npm/@tybys%2fwasm-util 18ms (cache miss)
npm http fetch GET 200 https://registry.vlt.io/vlt-benchmarks/npm/define-lazy-prop 12ms (cache miss)
npm http fetch GET 200 https://registry.vlt.io/vlt-benchmarks/npm/@zkochan%2fjs-yaml 17ms (cache miss)
npm http fetch GET 200 https://registry.vlt.io/vlt-benchmarks/npm/follow-redirects 17ms (cache miss)
npm http fetch GET 200 https://registry.vlt.io/vlt-benchmarks/npm/https-proxy-agent 14ms (cache miss)
npm http fetch GET 200 https://registry.vlt.io/vlt-benchmarks/npm/@yarnpkg%2flockfile 18ms (cache miss)
npm http fetch GET 200 https://registry.vlt.io/vlt-benchmarks/npm/lines-and-columns 13ms (cache miss)
npm http fetch GET 200 https://registry.vlt.io/vlt-benchmarks/npm/require-directory 14ms (cache miss)
npm http fetch GET 200 https://registry.vlt.io/vlt-benchmarks/npm/es-define-property 15ms (cache miss)
npm http fetch GET 200 https://registry.vlt.io/vlt-benchmarks/npm/es-set-tostringtag 14ms (cache miss)
npm http fetch GET 200 https://registry.vlt.io/vlt-benchmarks/npm/@emnapi%2fwasi-threads 13ms (cache miss)
npm http fetch GET 200 https://registry.vlt.io/vlt-benchmarks/npm/escape-string-regexp 13ms (cache revalidated)
npm http fetch GET 200 https://registry.vlt.io/vlt-benchmarks/npm/@jest%2fdiff-sequences 17ms (cache miss)
npm http fetch GET 200 https://registry.vlt.io/vlt-benchmarks/npm/is-unicode-supported 12ms (cache miss)
npm http fetch GET 200 https://registry.vlt.io/vlt-benchmarks/npm/@napi-rs%2fwasm-runtime 16ms (cache miss)
npm http fetch GET 200 https://registry.vlt.io/vlt-benchmarks/npm/call-bind-apply-helpers 19ms (cache miss)
npm http fetch GET 200 https://registry.vlt.io/vlt-benchmarks/npm/is-fullwidth-code-point 14ms (cache miss)
npm http fetch GET 200 https://registry.vlt.io/vlt-benchmarks/npm/@nx%2fnx-darwin-x64 21ms (cache miss)
npm http fetch GET 200 https://registry.vlt.io/vlt-benchmarks/npm/@nx%2fnx-freebsd-x64 29ms (cache miss)
npm http fetch GET 200 https://registry.vlt.io/vlt-benchmarks/npm/@nx%2fnx-darwin-arm64 32ms (cache miss)
npm http fetch GET 200 https://registry.vlt.io/vlt-benchmarks/npm/@nx%2fnx-linux-x64-gnu 29ms (cache miss)
npm http fetch GET 200 https://registry.vlt.io/vlt-benchmarks/npm/@nx%2fnx-linux-x64-musl 39ms (cache miss)
npm http fetch GET 200 https://registry.vlt.io/vlt-benchmarks/npm/@nx%2fnx-win32-x64-msvc 44ms (cache miss)
npm http fetch GET 200 https://registry.vlt.io/vlt-benchmarks/npm/@nx%2fnx-linux-arm64-gnu 36ms (cache miss)
npm http fetch GET 200 https://registry.vlt.io/vlt-benchmarks/npm/@nx%2fnx-linux-arm64-musl 30ms (cache miss)
npm http fetch GET 200 https://registry.vlt.io/vlt-benchmarks/npm/@nx%2fnx-win32-arm64-msvc 28ms (cache miss)
npm http fetch GET 200 https://registry.vlt.io/vlt-benchmarks/npm/glob 16ms (cache revalidated)
npm http fetch GET 200 https://registry.vlt.io/vlt-benchmarks/npm/@nx%2fnx-linux-arm-gnueabihf 33ms (cache miss)
npm http fetch GET 200 https://registry.vlt.io/vlt-benchmarks/npm/json5 16ms (cache revalidated)
npm http fetch GET 200 https://registry.vlt.io/vlt-benchmarks/npm/bs-logger 16ms (cache miss)
npm http fetch GET 200 https://registry.vlt.io/vlt-benchmarks/npm/make-error 17ms (cache miss)
npm http fetch GET 200 https://registry.vlt.io/vlt-benchmarks/npm/jest-util 22ms (cache miss)
npm http fetch GET 200 https://registry.vlt.io/vlt-benchmarks/npm/yargs-parser 16ms (cache revalidated)
npm http fetch GET 200 https://registry.vlt.io/vlt-benchmarks/npm/lodash.memoize 14ms (cache miss)
npm http fetch GET 200 https://registry.vlt.io/vlt-benchmarks/npm/fast-json-stable-stringify 19ms (cache miss)
npm http fetch GET 200 https://registry.vlt.io/vlt-benchmarks/npm/yn 18ms (cache miss)
npm http fetch GET 200 https://registry.vlt.io/vlt-benchmarks/npm/arg 14ms (cache miss)
npm http fetch GET 200 https://registry.vlt.io/vlt-benchmarks/npm/diff 12ms (cache miss)
npm http fetch GET 200 https://registry.vlt.io/vlt-benchmarks/npm/acorn 13ms (cache revalidated)
npm http fetch GET 200 https://registry.vlt.io/vlt-benchmarks/npm/acorn-walk 14ms (cache miss)
npm http fetch GET 200 https://registry.vlt.io/vlt-benchmarks/npm/make-error 15ms (cache revalidated)
npm http fetch GET 200 https://registry.vlt.io/vlt-benchmarks/npm/create-require 22ms (cache miss)
npm http fetch GET 200 https://registry.vlt.io/vlt-benchmarks/npm/@tsconfig%2fnode10 18ms (cache miss)
npm http fetch GET 200 https://registry.vlt.io/vlt-benchmarks/npm/@tsconfig%2fnode12 16ms (cache miss)
npm http fetch GET 200 https://registry.vlt.io/vlt-benchmarks/npm/@tsconfig%2fnode14 16ms (cache miss)
npm http fetch GET 200 https://registry.vlt.io/vlt-benchmarks/npm/@tsconfig%2fnode16 19ms (cache miss)
npm http fetch GET 200 https://registry.vlt.io/vlt-benchmarks/npm/v8-compile-cache-lib 17ms (cache miss)
npm http fetch GET 200 https://registry.vlt.io/vlt-benchmarks/npm/@cspotcode%2fsource-map-support 15ms (cache miss)
npm http fetch GET 200 https://registry.vlt.io/vlt-benchmarks/npm/undici-types 14ms (cache miss)
npm http fetch GET 200 https://registry.vlt.io/vlt-benchmarks/npm/resolve 14ms (cache miss)
npm http fetch GET 200 https://registry.vlt.io/vlt-benchmarks/npm/minimist 14ms (cache revalidated)
npm http fetch GET 200 https://registry.vlt.io/vlt-benchmarks/npm/global-prefix 13ms (cache miss)
npm http fetch GET 200 https://registry.vlt.io/vlt-benchmarks/npm/@gerrit0%2fmini-shiki 18ms (cache miss)
npm http fetch GET 200 https://registry.vlt.io/vlt-benchmarks/npm/lunr 18ms (cache miss)
npm http fetch GET 200 https://registry.vlt.io/vlt-benchmarks/npm/markdown-it 18ms (cache miss)
npm http fetch GET 200 https://registry.vlt.io/vlt-benchmarks/npm/yaml 13ms (cache revalidated)
npm http fetch GET 200 https://registry.vlt.io/vlt-benchmarks/npm/rechoir 13ms (cache miss)
npm http fetch GET 200 https://registry.vlt.io/vlt-benchmarks/npm/envinfo 18ms (cache miss)
npm http fetch GET 200 https://registry.vlt.io/vlt-benchmarks/npm/colorette 17ms (cache miss)
npm http fetch GET 200 https://registry.vlt.io/vlt-benchmarks/npm/interpret 13ms (cache miss)
npm http fetch GET 200 https://registry.vlt.io/vlt-benchmarks/npm/commander 18ms (cache revalidated)
npm http fetch GET 200 https://registry.vlt.io/vlt-benchmarks/npm/cross-spawn 13ms (cache revalidated)
npm http fetch GET 200 https://registry.vlt.io/vlt-benchmarks/npm/webpack-merge 15ms (cache miss)
npm http fetch GET 200 https://registry.vlt.io/vlt-benchmarks/npm/@webpack-cli%2fserve 15ms (cache miss)
npm http fetch GET 200 https://registry.vlt.io/vlt-benchmarks/npm/@webpack-cli%2finfo 20ms (cache miss)
npm http fetch GET 200 https://registry.vlt.io/vlt-benchmarks/npm/fastest-levenshtein 13ms (cache miss)
npm http fetch GET 200 https://registry.vlt.io/vlt-benchmarks/npm/@discoveryjs%2fjson-ext 13ms (cache miss)
npm http fetch GET 200 https://registry.vlt.io/vlt-benchmarks/npm/@webpack-cli%2fconfigtest 19ms (cache miss)
npm http fetch GET 200 https://registry.vlt.io/vlt-benchmarks/npm/flat 15ms (cache revalidated)
npm http fetch GET 200 https://registry.vlt.io/vlt-benchmarks/npm/open 17ms (cache revalidated)
npm http fetch GET 200 https://registry.vlt.io/vlt-benchmarks/npm/tmp 21ms (cache revalidated)
npm http fetch GET 200 https://registry.vlt.io/vlt-benchmarks/npm/axios 22ms (cache revalidated)
npm http fetch GET 200 https://registry.vlt.io/vlt-benchmarks/npm/cliui 26ms (cache revalidated)
npm http fetch GET 200 https://registry.vlt.io/vlt-benchmarks/npm/yargs 24ms (cache revalidated)
npm http fetch GET 200 https://registry.vlt.io/vlt-benchmarks/npm/tar-stream 14ms (cache revalidated)
npm http fetch GET 200 https://registry.vlt.io/vlt-benchmarks/npm/enquirer 25ms (cache revalidated)
npm http fetch GET 200 https://registry.vlt.io/vlt-benchmarks/npm/jest-diff 26ms (cache miss)
npm http fetch GET 200 https://registry.vlt.io/vlt-benchmarks/npm/npm-run-path 13ms (cache revalidated)
npm http fetch GET 200 https://registry.vlt.io/vlt-benchmarks/npm/front-matter 20ms (cache miss)
npm http fetch GET 200 https://registry.vlt.io/vlt-benchmarks/npm/string-width 15ms (cache revalidated)
npm http fetch GET 200 https://registry.vlt.io/vlt-benchmarks/npm/node-machine-id 16ms (cache miss)
npm http fetch GET 200 https://registry.vlt.io/vlt-benchmarks/npm/dotenv-expand 23ms (cache revalidated)
npm http fetch GET 200 https://registry.vlt.io/vlt-benchmarks/npm/@yarnpkg%2fparsers 21ms (cache miss)
npm http fetch GET 200 https://registry.vlt.io/vlt-benchmarks/npm/@yarnpkg%2flockfile 17ms (cache revalidated)
npm http fetch GET 200 https://registry.vlt.io/vlt-benchmarks/npm/@nx%2fnx-darwin-x64 15ms (cache revalidated)
npm http fetch GET 200 https://registry.vlt.io/vlt-benchmarks/npm/strong-log-transformer 25ms (cache miss)
npm http fetch GET 200 https://registry.vlt.io/vlt-benchmarks/npm/@nx%2fnx-freebsd-x64 16ms (cache revalidated)
npm http fetch GET 200 https://registry.vlt.io/vlt-benchmarks/npm/@nx%2fnx-linux-x64-gnu 13ms (cache revalidated)
npm http fetch GET 200 https://registry.vlt.io/vlt-benchmarks/npm/@nx%2fnx-darwin-arm64 21ms (cache revalidated)
npm http fetch GET 200 https://registry.vlt.io/vlt-benchmarks/npm/@nx%2fnx-linux-x64-musl 30ms (cache revalidated)
npm http fetch GET 200 https://registry.vlt.io/vlt-benchmarks/npm/@nx%2fnx-win32-x64-msvc 48ms (cache revalidated)
npm http fetch GET 200 https://registry.vlt.io/vlt-benchmarks/npm/@nx%2fnx-linux-arm64-gnu 50ms (cache revalidated)
npm http fetch GET 200 https://registry.vlt.io/vlt-benchmarks/npm/@nx%2fnx-linux-arm64-musl 35ms (cache revalidated)
npm http fetch GET 200 https://registry.vlt.io/vlt-benchmarks/npm/@nx%2fnx-win32-arm64-msvc 29ms (cache revalidated)
npm http fetch GET 200 https://registry.vlt.io/vlt-benchmarks/npm/@nx%2fnx-linux-arm-gnueabihf 27ms (cache revalidated)
npm http fetch GET 200 https://registry.vlt.io/vlt-benchmarks/npm/@nx%2fdevkit 21ms (cache miss)
npm http fetch GET 200 https://registry.vlt.io/vlt-benchmarks/npm/@nrwl%2fdevkit 28ms (cache miss)
npm http fetch GET 200 https://registry.vlt.io/vlt-benchmarks/npm/ejs 34ms (cache revalidated)
npm http fetch GET 200 https://registry.vlt.io/vlt-benchmarks/npm/ansi-styles 35ms (cache revalidated)
npm http fetch GET 200 https://registry.vlt.io/vlt-benchmarks/npm/ansi-colors 15ms (cache revalidated)
npm http fetch GET 200 https://registry.vlt.io/vlt-benchmarks/npm/fsevents 16ms (cache revalidated)
npm http fetch GET 200 https://registry.vlt.io/vlt-benchmarks/npm/playwright-core 37ms (cache miss)
npm http fetch GET 200 https://registry.vlt.io/vlt-benchmarks/npm/jest-diff 18ms (cache revalidated)
npm http fetch GET 200 https://registry.vlt.io/vlt-benchmarks/npm/pretty-format 20ms (cache revalidated)
npm http fetch GET 200 https://registry.vlt.io/vlt-benchmarks/npm/jest-get-type 24ms (cache miss)
npm http fetch GET 200 https://registry.vlt.io/vlt-benchmarks/npm/ansi-regex 18ms (cache revalidated)
npm http fetch GET 200 https://registry.vlt.io/vlt-benchmarks/npm/react-is 24ms (cache miss)
npm http fetch GET 200 https://registry.vlt.io/vlt-benchmarks/npm/@types%2fistanbul-lib-coverage 19ms (cache miss)
npm http fetch GET 200 https://registry.vlt.io/vlt-benchmarks/npm/@types%2fistanbul-reports 20ms (cache miss)
npm http fetch GET 200 https://registry.vlt.io/vlt-benchmarks/npm/@types%2fyargs 21ms (cache miss)
npm http fetch GET 200 https://registry.vlt.io/vlt-benchmarks/npm/@jest%2fenvironment 12ms (cache revalidated)
npm http fetch GET 200 https://registry.vlt.io/vlt-benchmarks/npm/jest-util 19ms (cache revalidated)
npm http fetch GET 200 https://registry.vlt.io/vlt-benchmarks/npm/jest-mock 23ms (cache miss)
npm http fetch GET 200 https://registry.vlt.io/vlt-benchmarks/npm/@jest%2ffake-timers 14ms (cache miss)
npm http fetch GET 200 https://registry.vlt.io/vlt-benchmarks/npm/@types%2fistanbul-lib-report 12ms (cache miss)
npm http fetch GET 200 https://registry.vlt.io/vlt-benchmarks/npm/@types%2fyargs-parser 15ms (cache miss)
npm http fetch GET 200 https://registry.vlt.io/vlt-benchmarks/npm/typescript 23ms (cache revalidated)
npm http fetch GET 200 https://registry.vlt.io/vlt-benchmarks/npm/eslint 15ms (cache revalidated)
npm http fetch GET 200 https://registry.vlt.io/vlt-benchmarks/npm/@eslint-community%2feslint-utils 14ms (cache revalidated)
npm http fetch GET 200 https://registry.vlt.io/vlt-benchmarks/npm/eslint-visitor-keys 15ms (cache revalidated)
npm http fetch GET 200 https://registry.vlt.io/vlt-benchmarks/npm/tinyglobby 17ms (cache miss)
npm http fetch GET 200 https://registry.vlt.io/vlt-benchmarks/npm/@typescript-eslint%2ftsconfig-utils 22ms (cache miss)
npm http fetch GET 200 https://registry.vlt.io/vlt-benchmarks/npm/@typescript-eslint%2fproject-service 26ms (cache miss)
npm http fetch GET 200 https://registry.vlt.io/vlt-benchmarks/npm/ms 14ms (cache revalidated)
npm http fetch GET 200 https://registry.vlt.io/vlt-benchmarks/npm/@typescript-eslint%2ftsconfig-utils 15ms (cache revalidated)
npm http fetch GET 200 https://registry.vlt.io/vlt-benchmarks/npm/brace-expansion 20ms (cache revalidated)
npm http fetch GET 200 https://registry.vlt.io/vlt-benchmarks/npm/fdir 21ms (cache miss)
npm http fetch GET 200 https://registry.vlt.io/vlt-benchmarks/npm/picomatch 15ms (cache miss)
npm http fetch GET 200 https://registry.vlt.io/vlt-benchmarks/npm/punycode 13ms (cache miss)
npm http fetch GET 200 https://registry.vlt.io/vlt-benchmarks/npm/pump 13ms (cache miss)
npm http fetch GET 200 https://registry.vlt.io/vlt-benchmarks/npm/rc 14ms (cache miss)
npm http fetch GET 200 https://registry.vlt.io/vlt-benchmarks/npm/tar-fs 18ms (cache miss)
npm http fetch GET 200 https://registry.vlt.io/vlt-benchmarks/npm/node-abi 17ms (cache miss)
npm http fetch GET 200 https://registry.vlt.io/vlt-benchmarks/npm/detect-libc 15ms (cache miss)
npm http fetch GET 200 https://registry.vlt.io/vlt-benchmarks/npm/simple-get 20ms (cache miss)
npm http fetch GET 200 https://registry.vlt.io/vlt-benchmarks/npm/tunnel-agent 12ms (cache miss)
npm http fetch GET 200 https://registry.vlt.io/vlt-benchmarks/npm/mkdirp-classic 15ms (cache miss)
npm http fetch GET 200 https://registry.vlt.io/vlt-benchmarks/npm/expand-template 20ms (cache miss)
npm http fetch GET 200 https://registry.vlt.io/vlt-benchmarks/npm/napi-build-utils 14ms (cache miss)
npm http fetch GET 200 https://registry.vlt.io/vlt-benchmarks/npm/github-from-package 15ms (cache miss)
npm http fetch GET 200 https://registry.vlt.io/vlt-benchmarks/npm/color-convert 13ms (cache revalidated)
npm http fetch GET 200 https://registry.vlt.io/vlt-benchmarks/npm/has-flag 14ms (cache revalidated)
npm http fetch GET 200 https://registry.vlt.io/vlt-benchmarks/npm/color-name 12ms (cache revalidated)
npm http fetch GET 200 https://registry.vlt.io/vlt-benchmarks/npm/picomatch 15ms (cache revalidated)
npm http fetch GET 200 https://registry.vlt.io/vlt-benchmarks/npm/normalize-path 16ms (cache revalidated)
npm http fetch GET 200 https://registry.vlt.io/vlt-benchmarks/npm/fill-range 19ms (cache miss)
npm http fetch GET 200 https://registry.vlt.io/vlt-benchmarks/npm/binary-extensions 12ms (cache miss)
npm http fetch GET 200 https://registry.vlt.io/vlt-benchmarks/npm/is-extglob 14ms (cache miss)
npm http fetch GET 200 https://registry.vlt.io/vlt-benchmarks/npm/to-regex-range 14ms (cache miss)
npm http fetch GET 200 https://registry.vlt.io/vlt-benchmarks/npm/@nodelib%2ffs.stat 15ms (cache miss)
npm http fetch GET 200 https://registry.vlt.io/vlt-benchmarks/npm/merge2 18ms (cache miss)
npm http fetch GET 200 https://registry.vlt.io/vlt-benchmarks/npm/@nodelib%2ffs.walk 19ms (cache miss)
npm http fetch GET 200 https://registry.vlt.io/vlt-benchmarks/npm/micromatch 12ms (cache miss)
npm http fetch GET 200 https://registry.vlt.io/vlt-benchmarks/npm/async 13ms (cache miss)
npm http fetch GET 200 https://registry.vlt.io/vlt-benchmarks/npm/logform 18ms (cache miss)
npm http fetch GET 200 https://registry.vlt.io/vlt-benchmarks/npm/one-time 13ms (cache miss)
npm http fetch GET 200 https://registry.vlt.io/vlt-benchmarks/npm/is-stream 15ms (cache miss)
npm http fetch GET 200 https://registry.vlt.io/vlt-benchmarks/npm/stack-trace 13ms (cache miss)
npm http fetch GET 200 https://registry.vlt.io/vlt-benchmarks/npm/triple-beam 15ms (cache miss)
npm http fetch GET 200 https://registry.vlt.io/vlt-benchmarks/npm/readable-stream 15ms (cache revalidated)
npm http fetch GET 200 https://registry.vlt.io/vlt-benchmarks/npm/@colors%2fcolors 22ms (cache miss)
npm http fetch GET 200 https://registry.vlt.io/vlt-benchmarks/npm/@dabh%2fdiagnostics 17ms (cache miss)
npm http fetch GET 200 https://registry.vlt.io/vlt-benchmarks/npm/winston-transport 16ms (cache miss)
npm http fetch GET 200 https://registry.vlt.io/vlt-benchmarks/npm/safe-stable-stringify 19ms (cache miss)
npm http fetch GET 200 https://registry.vlt.io/vlt-benchmarks/npm/@eslint%2fobject-schema 18ms (cache miss)
npm http fetch GET 200 https://registry.vlt.io/vlt-benchmarks/npm/js-yaml 19ms (cache miss)
npm http fetch GET 200 https://registry.vlt.io/vlt-benchmarks/npm/import-fresh 19ms (cache miss)
npm http fetch GET 200 https://registry.vlt.io/vlt-benchmarks/npm/strip-json-comments 16ms (cache miss)
npm http fetch GET 200 https://registry.vlt.io/vlt-benchmarks/npm/@humanfs%2fcore 15ms (cache miss)
npm http fetch GET 200 https://registry.vlt.io/vlt-benchmarks/npm/levn 17ms (cache miss)
npm http fetch GET 200 https://registry.vlt.io/vlt-benchmarks/npm/@humanfs%2ftypes 15ms (cache miss)
npm http fetch GET 200 https://registry.vlt.io/vlt-benchmarks/npm/json-schema-traverse 15ms (cache revalidated)
npm http fetch GET 200 https://registry.vlt.io/vlt-benchmarks/npm/@humanwhocodes%2fretry 17ms (cache revalidated)
npm http fetch GET 200 https://registry.vlt.io/vlt-benchmarks/npm/path-key 11ms (cache revalidated)
npm http fetch GET 200 https://registry.vlt.io/vlt-benchmarks/npm/fast-json-stable-stringify 18ms (cache revalidated)
npm http fetch GET 200 https://registry.vlt.io/vlt-benchmarks/npm/which 18ms (cache miss)
npm http fetch GET 200 https://registry.vlt.io/vlt-benchmarks/npm/shebang-command 12ms (cache miss)
npm http fetch GET 200 https://registry.vlt.io/vlt-benchmarks/npm/esrecurse 13ms (cache miss)
npm http fetch GET 200 https://registry.vlt.io/vlt-benchmarks/npm/estraverse 14ms (cache miss)
npm http fetch GET 200 https://registry.vlt.io/vlt-benchmarks/npm/acorn-jsx 13ms (cache miss)
npm http fetch GET 200 https://registry.vlt.io/vlt-benchmarks/npm/estraverse 13ms (cache miss)
npm http fetch GET 200 https://registry.vlt.io/vlt-benchmarks/npm/flat-cache 14ms (cache miss)
npm http fetch GET 200 https://registry.vlt.io/vlt-benchmarks/npm/locate-path 15ms (cache miss)
npm http fetch GET 200 https://registry.vlt.io/vlt-benchmarks/npm/path-exists 15ms (cache miss)
npm http fetch GET 200 https://registry.vlt.io/vlt-benchmarks/npm/prelude-ls 12ms (cache miss)
npm http fetch GET 200 https://registry.vlt.io/vlt-benchmarks/npm/deep-is 12ms (cache miss)
npm http fetch GET 200 https://registry.vlt.io/vlt-benchmarks/npm/word-wrap 12ms (cache miss)
npm http fetch GET 200 https://registry.vlt.io/vlt-benchmarks/npm/type-check 15ms (cache miss)
npm http fetch GET 200 https://registry.vlt.io/vlt-benchmarks/npm/fast-levenshtein 27ms (cache miss)
npm http fetch GET 200 https://registry.vlt.io/vlt-benchmarks/npm/argparse 14ms (cache revalidated)
npm http fetch GET 200 https://registry.vlt.io/vlt-benchmarks/npm/parent-module 16ms (cache miss)
npm http fetch GET 200 https://registry.vlt.io/vlt-benchmarks/npm/resolve-from 17ms (cache miss)
npm http fetch GET 200 https://registry.vlt.io/vlt-benchmarks/npm/type-check 11ms (cache revalidated)
npm http fetch GET 200 https://registry.vlt.io/vlt-benchmarks/npm/isexe 13ms (cache miss)
npm http fetch GET 200 https://registry.vlt.io/vlt-benchmarks/npm/shebang-regex 14ms (cache miss)
npm http fetch GET 200 https://registry.vlt.io/vlt-benchmarks/npm/eslint 15ms (cache revalidated)
npm http fetch GET 200 https://registry.vlt.io/vlt-benchmarks/npm/eslint 16ms (cache revalidated)
npm http fetch GET 200 https://registry.vlt.io/vlt-benchmarks/npm/eslint-config-prettier 16ms (cache revalidated)
npm http fetch GET 200 https://registry.vlt.io/vlt-benchmarks/npm/@eslint%2fcore 22ms (cache revalidated)
npm http fetch GET 200 https://registry.vlt.io/vlt-benchmarks/npm/browserslist 23ms (cache revalidated)
npm http fetch GET 200 https://registry.vlt.io/vlt-benchmarks/npm/lodash.camelcase 24ms (cache miss)
npm http fetch GET 200 https://registry.vlt.io/vlt-benchmarks/npm/lodash.kebabcase 19ms (cache miss)
npm http fetch GET 200 https://registry.vlt.io/vlt-benchmarks/npm/lodash.upperfirst 17ms (cache miss)
npm http fetch GET 200 https://registry.vlt.io/vlt-benchmarks/npm/lodash.snakecase 20ms (cache miss)
npm http fetch GET 200 https://registry.vlt.io/vlt-benchmarks/npm/array-includes 16ms (cache revalidated)
npm http fetch GET 200 https://registry.vlt.io/vlt-benchmarks/npm/ast-types-flow 16ms (cache miss)
npm http fetch GET 200 https://registry.vlt.io/vlt-benchmarks/npm/array.prototype.flatmap 18ms (cache revalidated)
npm http fetch GET 200 https://registry.vlt.io/vlt-benchmarks/npm/axobject-query 15ms (cache miss)
npm http fetch GET 200 https://registry.vlt.io/vlt-benchmarks/npm/damerau-levenshtein 17ms (cache miss)
npm http fetch GET 200 https://registry.vlt.io/vlt-benchmarks/npm/emoji-regex 16ms (cache revalidated)
npm http fetch GET 200 https://registry.vlt.io/vlt-benchmarks/npm/jsx-ast-utils 16ms (cache revalidated)
npm http fetch GET 200 https://registry.vlt.io/vlt-benchmarks/npm/language-tags 15ms (cache miss)
npm http fetch GET 200 https://registry.vlt.io/vlt-benchmarks/npm/safe-regex-test 15ms (cache miss)
npm http fetch GET 200 https://registry.vlt.io/vlt-benchmarks/npm/axe-core 55ms (cache miss)
npm http fetch GET 200 https://registry.vlt.io/vlt-benchmarks/npm/string.prototype.includes 39ms (cache miss)
npm http fetch GET 200 https://registry.vlt.io/vlt-benchmarks/npm/synckit 22ms (cache revalidated)
npm http fetch GET 200 https://registry.vlt.io/vlt-benchmarks/npm/prettier-linter-helpers 48ms (cache revalidated)
npm http fetch GET 200 https://registry.vlt.io/vlt-benchmarks/npm/array.prototype.flat 14ms (cache revalidated)
npm http fetch GET 200 https://registry.vlt.io/vlt-benchmarks/npm/object.assign 13ms (cache miss)
npm http fetch GET 200 https://registry.vlt.io/vlt-benchmarks/npm/object.values 16ms (cache revalidated)
npm http fetch GET 200 https://registry.vlt.io/vlt-benchmarks/npm/node-releases 16ms (cache miss)
npm http fetch GET 200 https://registry.vlt.io/vlt-benchmarks/npm/caniuse-lite 22ms (cache miss)
npm http fetch GET 200 https://registry.vlt.io/vlt-benchmarks/npm/electron-to-chromium 30ms (cache miss)
npm http fetch GET 200 https://registry.vlt.io/vlt-benchmarks/npm/update-browserslist-db 23ms (cache miss)
npm http fetch GET 200 https://registry.vlt.io/vlt-benchmarks/npm/baseline-browser-mapping 17ms (cache miss)
npm http fetch GET 200 https://registry.vlt.io/vlt-benchmarks/npm/picocolors 14ms (cache revalidated)
npm http fetch GET 200 https://registry.vlt.io/vlt-benchmarks/npm/escalade 16ms (cache revalidated)
npm http fetch GET 200 https://registry.vlt.io/vlt-benchmarks/npm/is-string 15ms (cache miss)
npm http fetch GET 200 https://registry.vlt.io/vlt-benchmarks/npm/call-bound 16ms (cache miss)
npm http fetch GET 200 https://registry.vlt.io/vlt-benchmarks/npm/call-bind 18ms (cache miss)
npm http fetch GET 200 https://registry.vlt.io/vlt-benchmarks/npm/es-abstract 14ms (cache miss)
npm http fetch GET 200 https://registry.vlt.io/vlt-benchmarks/npm/math-intrinsics 15ms (cache revalidated)
npm http fetch GET 200 https://registry.vlt.io/vlt-benchmarks/npm/es-object-atoms 17ms (cache revalidated)
npm http fetch GET 200 https://registry.vlt.io/vlt-benchmarks/npm/define-properties 13ms (cache miss)
npm http fetch GET 200 https://registry.vlt.io/vlt-benchmarks/npm/es-shim-unscopables 14ms (cache miss)
npm http fetch GET 200 https://registry.vlt.io/vlt-benchmarks/npm/call-bind 17ms (cache revalidated)
npm http fetch GET 200 https://registry.vlt.io/vlt-benchmarks/npm/es-abstract 12ms (cache revalidated)
npm http fetch GET 200 https://registry.vlt.io/vlt-benchmarks/npm/es-errors 11ms (cache revalidated)
npm http fetch GET 200 https://registry.vlt.io/vlt-benchmarks/npm/es-abstract 13ms (cache revalidated)
npm http fetch GET 200 https://registry.vlt.io/vlt-benchmarks/npm/es-shim-unscopables 12ms (cache revalidated)
npm http fetch GET 200 https://registry.vlt.io/vlt-benchmarks/npm/es-shim-unscopables 14ms (cache revalidated)
npm http fetch GET 200 https://registry.vlt.io/vlt-benchmarks/npm/function-bind 11ms (cache revalidated)
npm http fetch GET 200 https://registry.vlt.io/vlt-benchmarks/npm/resolve 18ms (cache revalidated)
npm http fetch GET 200 https://registry.vlt.io/vlt-benchmarks/npm/call-bound 13ms (cache revalidated)
npm http fetch GET 200 https://registry.vlt.io/vlt-benchmarks/npm/@types%2fjson5 12ms (cache miss)
npm http fetch GET 200 https://registry.vlt.io/vlt-benchmarks/npm/strip-bom 18ms (cache revalidated)
npm http fetch GET 200 https://registry.vlt.io/vlt-benchmarks/npm/get-intrinsic 13ms (cache revalidated)
npm http fetch GET 200 https://registry.vlt.io/vlt-benchmarks/npm/es-define-property 16ms (cache revalidated)
npm http fetch GET 200 https://registry.vlt.io/vlt-benchmarks/npm/call-bind-apply-helpers 18ms (cache revalidated)
npm http fetch GET 200 https://registry.vlt.io/vlt-benchmarks/npm/set-function-length 14ms (cache miss)
npm http fetch GET 200 https://registry.vlt.io/vlt-benchmarks/npm/call-bind-apply-helpers 15ms (cache revalidated)
npm http fetch GET 200 https://registry.vlt.io/vlt-benchmarks/npm/define-data-property 16ms (cache miss)
npm http fetch GET 200 https://registry.vlt.io/vlt-benchmarks/npm/has-property-descriptors 11ms (cache miss)
npm http fetch GET 200 https://registry.vlt.io/vlt-benchmarks/npm/object-keys 12ms (cache miss)
npm http fetch GET 200 https://registry.vlt.io/vlt-benchmarks/npm/available-typed-arrays 14ms (cache miss)
npm http fetch GET 200 https://registry.vlt.io/vlt-benchmarks/npm/array-buffer-byte-length 24ms (cache miss)
npm http fetch GET 200 https://registry.vlt.io/vlt-benchmarks/npm/arraybuffer.prototype.slice 18ms (cache miss)
npm http fetch GET 200 https://registry.vlt.io/vlt-benchmarks/npm/data-view-buffer 15ms (cache miss)
npm http fetch GET 200 https://registry.vlt.io/vlt-benchmarks/npm/data-view-byte-offset 16ms (cache miss)
npm http fetch GET 200 https://registry.vlt.io/vlt-benchmarks/npm/data-view-byte-length 19ms (cache miss)
npm http fetch GET 200 https://registry.vlt.io/vlt-benchmarks/npm/es-set-tostringtag 15ms (cache revalidated)
npm http fetch GET 200 https://registry.vlt.io/vlt-benchmarks/npm/es-to-primitive 16ms (cache miss)
npm http fetch GET 200 https://registry.vlt.io/vlt-benchmarks/npm/function.prototype.name 15ms (cache miss)
npm http fetch GET 200 https://registry.vlt.io/vlt-benchmarks/npm/get-symbol-description 10ms (cache miss)
npm http fetch GET 200 https://registry.vlt.io/vlt-benchmarks/npm/get-proto 16ms (cache revalidated)
npm http fetch GET 200 https://registry.vlt.io/vlt-benchmarks/npm/globalthis 15ms (cache miss)
npm http fetch GET 200 https://registry.vlt.io/vlt-benchmarks/npm/has-property-descriptors 15ms (cache revalidated)
npm http fetch GET 200 https://registry.vlt.io/vlt-benchmarks/npm/gopd 17ms (cache revalidated)
npm http fetch GET 200 https://registry.vlt.io/vlt-benchmarks/npm/has-proto 15ms (cache miss)
npm http fetch GET 200 https://registry.vlt.io/vlt-benchmarks/npm/has-symbols 18ms (cache revalidated)
npm http fetch GET 200 https://registry.vlt.io/vlt-benchmarks/npm/internal-slot 19ms (cache miss)
npm http fetch GET 200 https://registry.vlt.io/vlt-benchmarks/npm/is-array-buffer 16ms (cache miss)
npm http fetch GET 200 https://registry.vlt.io/vlt-benchmarks/npm/is-data-view 10ms (cache miss)
npm http fetch GET 200 https://registry.vlt.io/vlt-benchmarks/npm/is-callable 14ms (cache miss)
npm http fetch GET 200 https://registry.vlt.io/vlt-benchmarks/npm/is-negative-zero 14ms (cache miss)
npm http fetch GET 200 https://registry.vlt.io/vlt-benchmarks/npm/is-set 16ms (cache miss)
npm http fetch GET 200 https://registry.vlt.io/vlt-benchmarks/npm/is-shared-array-buffer 15ms (cache miss)
npm http fetch GET 200 https://registry.vlt.io/vlt-benchmarks/npm/is-regex 19ms (cache miss)
npm http fetch GET 200 https://registry.vlt.io/vlt-benchmarks/npm/is-typed-array 13ms (cache miss)
npm http fetch GET 200 https://registry.vlt.io/vlt-benchmarks/npm/is-weakref 14ms (cache miss)
npm http fetch GET 200 https://registry.vlt.io/vlt-benchmarks/npm/object-inspect 17ms (cache miss)
npm http fetch GET 200 https://registry.vlt.io/vlt-benchmarks/npm/own-keys 12ms (cache miss)
npm http fetch GET 200 https://registry.vlt.io/vlt-benchmarks/npm/object.assign 16ms (cache revalidated)
npm http fetch GET 200 https://registry.vlt.io/vlt-benchmarks/npm/regexp.prototype.flags 14ms (cache miss)
npm http fetch GET 200 https://registry.vlt.io/vlt-benchmarks/npm/safe-array-concat 11ms (cache miss)
npm http fetch GET 200 https://registry.vlt.io/vlt-benchmarks/npm/safe-push-apply 13ms (cache miss)
npm http fetch GET 200 https://registry.vlt.io/vlt-benchmarks/npm/safe-regex-test 13ms (cache revalidated)
npm http fetch GET 200 https://registry.vlt.io/vlt-benchmarks/npm/set-proto 12ms (cache miss)
npm http fetch GET 200 https://registry.vlt.io/vlt-benchmarks/npm/stop-iteration-iterator 13ms (cache miss)
npm http fetch GET 200 https://registry.vlt.io/vlt-benchmarks/npm/string.prototype.trimstart 13ms (cache miss)
npm http fetch GET 200 https://registry.vlt.io/vlt-benchmarks/npm/string.prototype.trim 20ms (cache miss)
npm http fetch GET 200 https://registry.vlt.io/vlt-benchmarks/npm/typed-array-buffer 14ms (cache miss)
npm http fetch GET 200 https://registry.vlt.io/vlt-benchmarks/npm/typed-array-byte-length 12ms (cache miss)
npm http fetch GET 200 https://registry.vlt.io/vlt-benchmarks/npm/typed-array-length 14ms (cache miss)
npm http fetch GET 200 https://registry.vlt.io/vlt-benchmarks/npm/typed-array-byte-offset 18ms (cache miss)
npm http fetch GET 200 https://registry.vlt.io/vlt-benchmarks/npm/unbox-primitive 12ms (cache miss)
npm http fetch GET 200 https://registry.vlt.io/vlt-benchmarks/npm/has-tostringtag 12ms (cache revalidated)
npm http fetch GET 200 https://registry.vlt.io/vlt-benchmarks/npm/which-typed-array 15ms (cache miss)
npm http fetch GET 200 https://registry.vlt.io/vlt-benchmarks/npm/define-data-property 14ms (cache revalidated)
npm http fetch GET 200 https://registry.vlt.io/vlt-benchmarks/npm/is-data-view 13ms (cache revalidated)
npm http fetch GET 200 https://registry.vlt.io/vlt-benchmarks/npm/is-array-buffer 16ms (cache revalidated)
npm http fetch GET 200 https://registry.vlt.io/vlt-benchmarks/npm/possible-typed-array-names 18ms (cache miss)
npm http fetch GET 200 https://registry.vlt.io/vlt-benchmarks/npm/is-symbol 13ms (cache miss)
npm http fetch GET 200 https://registry.vlt.io/vlt-benchmarks/npm/es-abstract-get 13ms (cache miss)
npm http fetch GET 200 https://registry.vlt.io/vlt-benchmarks/npm/is-date-object 15ms (cache miss)
npm http fetch GET 200 https://registry.vlt.io/vlt-benchmarks/npm/is-document.all 13ms (cache miss)
npm http fetch GET 200 https://registry.vlt.io/vlt-benchmarks/npm/dunder-proto 12ms (cache revalidated)
npm http fetch GET 200 https://registry.vlt.io/vlt-benchmarks/npm/functions-have-names 17ms (cache miss)
npm http fetch GET 200 https://registry.vlt.io/vlt-benchmarks/npm/dunder-proto 13ms (cache revalidated)
npm http fetch GET 200 https://registry.vlt.io/vlt-benchmarks/npm/side-channel 15ms (cache miss)
npm http fetch GET 200 https://registry.vlt.io/vlt-benchmarks/npm/is-typed-array 14ms (cache revalidated)
npm http fetch GET 200 https://registry.vlt.io/vlt-benchmarks/npm/which-typed-array 13ms (cache revalidated)
npm http fetch GET 200 https://registry.vlt.io/vlt-benchmarks/npm/set-function-name 13ms (cache miss)
npm http fetch GET 200 https://registry.vlt.io/vlt-benchmarks/npm/isarray 13ms (cache miss)
npm http fetch GET 200 https://registry.vlt.io/vlt-benchmarks/npm/isarray 13ms (cache miss)
npm http fetch GET 200 https://registry.vlt.io/vlt-benchmarks/npm/for-each 16ms (cache miss)
npm http fetch GET 200 https://registry.vlt.io/vlt-benchmarks/npm/for-each 21ms (cache miss)
npm http fetch GET 200 https://registry.vlt.io/vlt-benchmarks/npm/reflect.getprototypeof 15ms (cache miss)
npm http fetch GET 200 https://registry.vlt.io/vlt-benchmarks/npm/reflect.getprototypeof 13ms (cache revalidated)
npm http fetch GET 200 https://registry.vlt.io/vlt-benchmarks/npm/possible-typed-array-names 18ms (cache revalidated)
npm http fetch GET 200 https://registry.vlt.io/vlt-benchmarks/npm/has-bigints 17ms (cache miss)
npm http fetch GET 200 https://registry.vlt.io/vlt-benchmarks/npm/which-boxed-primitive 16ms (cache miss)
npm http fetch GET 200 https://registry.vlt.io/vlt-benchmarks/npm/path-parse 17ms (cache miss)
npm http fetch GET 200 https://registry.vlt.io/vlt-benchmarks/npm/node-exports-info 19ms (cache miss)
npm http fetch GET 200 https://registry.vlt.io/vlt-benchmarks/npm/supports-preserve-symlinks-flag 19ms (cache miss)
npm http fetch GET 200 https://registry.vlt.io/vlt-benchmarks/npm/spdx-exceptions 17ms (cache miss)
npm http fetch GET 200 https://registry.vlt.io/vlt-benchmarks/npm/parse-statements 19ms (cache miss)
npm http fetch GET 200 https://registry.vlt.io/vlt-benchmarks/npm/jsdoc-type-pratt-parser 20ms (cache miss)
npm http fetch GET 200 https://registry.vlt.io/vlt-benchmarks/npm/spdx-license-ids 16ms (cache miss)
npm http fetch GET 200 https://registry.vlt.io/vlt-benchmarks/npm/language-subtag-registry 12ms (cache miss)
npm http fetch GET 200 https://registry.vlt.io/vlt-benchmarks/npm/@pkgr%2fcore 13ms (cache miss)
npm http fetch GET 200 https://registry.vlt.io/vlt-benchmarks/npm/fast-diff 15ms (cache miss)
npm http fetch GET 200 https://registry.vlt.io/vlt-benchmarks/npm/eslint 12ms (cache revalidated)
npm http fetch GET 200 https://registry.vlt.io/vlt-benchmarks/npm/typescript 24ms (cache revalidated)
npm http fetch GET 200 https://registry.vlt.io/vlt-benchmarks/npm/@typescript-eslint%2fscope-manager 19ms (cache revalidated)
npm http fetch GET 200 https://registry.vlt.io/vlt-benchmarks/npm/@typescript-eslint%2ftypes 46ms (cache revalidated)
npm http fetch GET 200 https://registry.vlt.io/vlt-benchmarks/npm/jju 69ms (cache miss)
npm http fetch GET 200 https://registry.vlt.io/vlt-benchmarks/npm/@typescript-eslint%2ftypescript-estree 48ms (cache revalidated)
npm http fetch GET 200 https://registry.vlt.io/vlt-benchmarks/npm/fast-uri 16ms (cache miss)
npm http fetch GET 200 https://registry.vlt.io/vlt-benchmarks/npm/fastq 13ms (cache miss)
npm http fetch GET 200 https://registry.vlt.io/vlt-benchmarks/npm/@nodelib%2ffs.scandir 15ms (cache miss)
npm http fetch GET 200 https://registry.vlt.io/vlt-benchmarks/npm/run-parallel 13ms (cache miss)
npm http fetch GET 200 https://registry.vlt.io/vlt-benchmarks/npm/reusify 14ms (cache miss)
npm http fetch GET 200 https://registry.vlt.io/vlt-benchmarks/npm/queue-microtask 13ms (cache miss)
npm http fetch GET 200 https://registry.vlt.io/vlt-benchmarks/npm/keyv 15ms (cache miss)
npm http fetch GET 200 https://registry.vlt.io/vlt-benchmarks/npm/flatted 15ms (cache miss)
npm http fetch GET 200 https://registry.vlt.io/vlt-benchmarks/npm/is-number 11ms (cache miss)
npm http fetch GET 200 https://registry.vlt.io/vlt-benchmarks/npm/p-locate 12ms (cache miss)
npm http fetch GET 200 https://registry.vlt.io/vlt-benchmarks/npm/json-buffer 13ms (cache miss)
npm http fetch GET 200 https://registry.vlt.io/vlt-benchmarks/npm/signal-exit 15ms (cache revalidated)
npm http fetch GET 200 https://registry.vlt.io/vlt-benchmarks/npm/@isaacs%2fcliui 17ms (cache miss)
npm http fetch GET 200 https://registry.vlt.io/vlt-benchmarks/npm/lru-cache 18ms (cache miss)
npm http fetch GET 200 https://registry.vlt.io/vlt-benchmarks/npm/callsites 16ms (cache miss)
npm http fetch GET 200 https://registry.vlt.io/vlt-benchmarks/npm/side-channel-list 14ms (cache miss)
npm http fetch GET 200 https://registry.vlt.io/vlt-benchmarks/npm/side-channel-map 16ms (cache miss)
npm http fetch GET 200 https://registry.vlt.io/vlt-benchmarks/npm/side-channel-weakmap 17ms (cache miss)
npm http fetch GET 200 https://registry.vlt.io/vlt-benchmarks/npm/node-notifier 14ms (cache miss)
npm http fetch GET 200 https://registry.vlt.io/vlt-benchmarks/npm/exit 13ms (cache miss)
npm http fetch GET 200 https://registry.vlt.io/vlt-benchmarks/npm/slash 18ms (cache miss)
npm http fetch GET 200 https://registry.vlt.io/vlt-benchmarks/npm/ci-info 19ms (cache miss)
npm http fetch GET 200 https://registry.vlt.io/vlt-benchmarks/npm/jest-config 15ms (cache miss)
npm http fetch GET 200 https://registry.vlt.io/vlt-benchmarks/npm/ansi-escapes 17ms (cache miss)
npm http fetch GET 200 https://registry.vlt.io/vlt-benchmarks/npm/jest-runner 20ms (cache miss)
npm http fetch GET 200 https://registry.vlt.io/vlt-benchmarks/npm/jest-resolve 18ms (cache miss)
npm http fetch GET 200 https://registry.vlt.io/vlt-benchmarks/npm/jest-watcher 17ms (cache miss)
npm http fetch GET 200 https://registry.vlt.io/vlt-benchmarks/npm/jest-runtime 24ms (cache miss)
npm http fetch GET 200 https://registry.vlt.io/vlt-benchmarks/npm/@jest%2fconsole 17ms (cache miss)
npm http fetch GET 200 https://registry.vlt.io/vlt-benchmarks/npm/jest-snapshot 19ms (cache miss)
npm http fetch GET 200 https://registry.vlt.io/vlt-benchmarks/npm/jest-validate 20ms (cache miss)
npm http fetch GET 200 https://registry.vlt.io/vlt-benchmarks/npm/jest-haste-map 18ms (cache miss)
npm http fetch GET 200 https://registry.vlt.io/vlt-benchmarks/npm/@jest%2freporters 16ms (cache miss)
npm http fetch GET 200 https://registry.vlt.io/vlt-benchmarks/npm/@jest%2ftransform 16ms (cache miss)
npm http fetch GET 200 https://registry.vlt.io/vlt-benchmarks/npm/jest-regex-util 19ms (cache miss)
npm http fetch GET 200 https://registry.vlt.io/vlt-benchmarks/npm/@jest%2ftest-result 16ms (cache miss)
npm http fetch GET 200 https://registry.vlt.io/vlt-benchmarks/npm/jest-message-util 23ms (cache miss)
npm http fetch GET 200 https://registry.vlt.io/vlt-benchmarks/npm/jest-changed-files 17ms (cache miss)
npm http fetch GET 200 https://registry.vlt.io/vlt-benchmarks/npm/jest-resolve-dependencies 22ms (cache miss)
npm http fetch GET 200 https://registry.vlt.io/vlt-benchmarks/npm/@types%2fyargs 15ms (cache revalidated)
npm http fetch GET 200 https://registry.vlt.io/vlt-benchmarks/npm/@jest%2fschemas 15ms (cache miss)
npm http fetch GET 200 https://registry.vlt.io/vlt-benchmarks/npm/pkg-dir 13ms (cache miss)
npm http fetch GET 200 https://registry.vlt.io/vlt-benchmarks/npm/resolve-cwd 13ms (cache miss)
npm http fetch GET 200 https://registry.vlt.io/vlt-benchmarks/npm/create-jest 15ms (cache miss)
npm http fetch GET 200 https://registry.vlt.io/vlt-benchmarks/npm/v8-to-istanbul 14ms (cache miss)
npm http fetch GET 200 https://registry.vlt.io/vlt-benchmarks/npm/string-length 19ms (cache miss)
npm http fetch GET 200 https://registry.vlt.io/vlt-benchmarks/npm/jest-worker 21ms (cache miss)
npm http fetch GET 200 https://registry.vlt.io/vlt-benchmarks/npm/@bcoe%2fv8-coverage 13ms (cache miss)
npm http fetch GET 200 https://registry.vlt.io/vlt-benchmarks/npm/istanbul-reports 20ms (cache miss)
npm http fetch GET 200 https://registry.vlt.io/vlt-benchmarks/npm/collect-v8-coverage 16ms (cache miss)
npm http fetch GET 200 https://registry.vlt.io/vlt-benchmarks/npm/istanbul-lib-report 17ms (cache miss)
npm http fetch GET 200 https://registry.vlt.io/vlt-benchmarks/npm/istanbul-lib-coverage 18ms (cache miss)
npm http fetch GET 200 https://registry.vlt.io/vlt-benchmarks/npm/istanbul-lib-instrument 20ms (cache miss)
npm http fetch GET 200 https://registry.vlt.io/vlt-benchmarks/npm/@jridgewell%2ftrace-mapping 15ms (cache miss)
npm http fetch GET 200 https://registry.vlt.io/vlt-benchmarks/npm/istanbul-lib-source-maps 19ms (cache miss)
npm http fetch GET 200 https://registry.vlt.io/vlt-benchmarks/npm/pirates 15ms (cache miss)
npm http fetch GET 200 https://registry.vlt.io/vlt-benchmarks/npm/@babel%2fcore 13ms (cache miss)
npm http fetch GET 200 https://registry.vlt.io/vlt-benchmarks/npm/write-file-atomic 18ms (cache miss)
npm http fetch GET 200 https://registry.vlt.io/vlt-benchmarks/npm/convert-source-map 16ms (cache miss)
npm http fetch GET 200 https://registry.vlt.io/vlt-benchmarks/npm/babel-plugin-istanbul 17ms (cache miss)
npm http fetch GET 200 https://registry.vlt.io/vlt-benchmarks/npm/execa 14ms (cache miss)
npm http fetch GET 200 https://registry.vlt.io/vlt-benchmarks/npm/type-fest 18ms (cache miss)
npm http fetch GET 200 https://registry.vlt.io/vlt-benchmarks/npm/p-limit 13ms (cache miss)
npm http fetch GET 200 https://registry.vlt.io/vlt-benchmarks/npm/deepmerge 16ms (cache miss)
npm http fetch GET 200 https://registry.vlt.io/vlt-benchmarks/npm/babel-jest 18ms (cache miss)
npm http fetch GET 200 https://registry.vlt.io/vlt-benchmarks/npm/parse-json 15ms (cache miss)
npm http fetch GET 200 https://registry.vlt.io/vlt-benchmarks/npm/jest-circus 18ms (cache miss)
npm http fetch GET 200 https://registry.vlt.io/vlt-benchmarks/npm/jest-get-type 16ms (cache revalidated)
npm http fetch GET 200 https://registry.vlt.io/vlt-benchmarks/npm/@jest%2ftest-sequencer 17ms (cache miss)
npm http fetch GET 200 https://registry.vlt.io/vlt-benchmarks/npm/jest-environment-node 16ms (cache revalidated)
npm http fetch GET 200 https://registry.vlt.io/vlt-benchmarks/npm/walker 19ms (cache miss)
npm http fetch GET 200 https://registry.vlt.io/vlt-benchmarks/npm/fb-watchman 15ms (cache miss)
npm http fetch GET 200 https://registry.vlt.io/vlt-benchmarks/npm/@babel%2fcode-frame 15ms (cache miss)
npm http fetch GET 200 https://registry.vlt.io/vlt-benchmarks/npm/@types%2fgraceful-fs 26ms (cache miss)
npm http fetch GET 200 https://registry.vlt.io/vlt-benchmarks/npm/stack-utils 26ms (cache miss)
npm http fetch GET 200 https://registry.vlt.io/vlt-benchmarks/npm/@types%2fstack-utils 20ms (cache miss)
npm http fetch GET 200 https://registry.vlt.io/vlt-benchmarks/npm/resolve.exports 16ms (cache revalidated)
npm http fetch GET 200 https://registry.vlt.io/vlt-benchmarks/npm/jest-pnp-resolver 17ms (cache miss)
npm http fetch GET 200 https://registry.vlt.io/vlt-benchmarks/npm/emittery 16ms (cache miss)
npm http fetch GET 200 https://registry.vlt.io/vlt-benchmarks/npm/jest-leak-detector 15ms (cache miss)
npm http fetch GET 200 https://registry.vlt.io/vlt-benchmarks/npm/jest-docblock 20ms (cache miss)
npm http fetch GET 200 https://registry.vlt.io/vlt-benchmarks/npm/source-map-support 14ms (cache miss)
npm http fetch GET 200 https://registry.vlt.io/vlt-benchmarks/npm/jest-mock 15ms (cache revalidated)
npm http fetch GET 200 https://registry.vlt.io/vlt-benchmarks/npm/@jest%2fglobals 18ms (cache miss)
npm http fetch GET 200 https://registry.vlt.io/vlt-benchmarks/npm/@jest%2fsource-map 17ms (cache miss)
npm http fetch GET 200 https://registry.vlt.io/vlt-benchmarks/npm/cjs-module-lexer 13ms (cache miss)
npm http fetch GET 200 https://registry.vlt.io/vlt-benchmarks/npm/@jest%2ffake-timers 13ms (cache revalidated)
npm http fetch GET 200 https://registry.vlt.io/vlt-benchmarks/npm/expect 15ms (cache miss)
npm http fetch GET 200 https://registry.vlt.io/vlt-benchmarks/npm/@babel%2ftypes 16ms (cache miss)
npm http fetch GET 200 https://registry.vlt.io/vlt-benchmarks/npm/@babel%2fgenerator 15ms (cache miss)
npm http fetch GET 200 https://registry.vlt.io/vlt-benchmarks/npm/@jest%2fexpect-utils 18ms (cache miss)
npm http fetch GET 200 https://registry.vlt.io/vlt-benchmarks/npm/jest-matcher-utils 14ms (cache revalidated)
npm http fetch GET 200 https://registry.vlt.io/vlt-benchmarks/npm/@babel%2fplugin-syntax-jsx 16ms (cache miss)
npm http fetch GET 200 https://registry.vlt.io/vlt-benchmarks/npm/@babel%2fplugin-syntax-typescript 16ms (cache miss)
npm http fetch GET 200 https://registry.vlt.io/vlt-benchmarks/npm/babel-preset-current-node-syntax 17ms (cache miss)
npm http fetch GET 200 https://registry.vlt.io/vlt-benchmarks/npm/leven 17ms (cache miss)
npm http fetch GET 200 https://registry.vlt.io/vlt-benchmarks/npm/camelcase 16ms (cache miss)
npm http fetch GET 200 https://registry.vlt.io/vlt-benchmarks/npm/react-is 16ms (cache revalidated)
npm http fetch GET 200 https://registry.vlt.io/vlt-benchmarks/npm/once 14ms (cache revalidated)
npm http fetch GET 200 https://registry.vlt.io/vlt-benchmarks/npm/@jridgewell%2fsourcemap-codec 16ms (cache miss)
npm http fetch GET 200 https://registry.vlt.io/vlt-benchmarks/npm/inflight 12ms (cache miss)
npm http fetch GET 200 https://registry.vlt.io/vlt-benchmarks/npm/inherits 13ms (cache revalidated)
npm http fetch GET 200 https://registry.vlt.io/vlt-benchmarks/npm/@jridgewell%2fresolve-uri 37ms (cache miss)
npm http fetch GET 200 https://registry.vlt.io/vlt-benchmarks/npm/fs.realpath 13ms (cache miss)
npm http fetch GET 200 https://registry.vlt.io/vlt-benchmarks/npm/path-is-absolute 14ms (cache miss)
npm http fetch GET 200 https://registry.vlt.io/vlt-benchmarks/npm/@babel%2fcore 12ms (cache revalidated)
npm http fetch GET 200 https://registry.vlt.io/vlt-benchmarks/npm/@babel%2fparser 15ms (cache miss)
npm http fetch GET 200 https://registry.vlt.io/vlt-benchmarks/npm/@istanbuljs%2fschema 16ms (cache miss)
npm http fetch GET 200 https://registry.vlt.io/vlt-benchmarks/npm/make-dir 18ms (cache miss)
npm http fetch GET 200 https://registry.vlt.io/vlt-benchmarks/npm/source-map 16ms (cache miss)
npm http fetch GET 200 https://registry.vlt.io/vlt-benchmarks/npm/html-escaper 13ms (cache miss)
npm http fetch GET 200 https://registry.vlt.io/vlt-benchmarks/npm/merge-stream 12ms (cache miss)
npm http fetch GET 200 https://registry.vlt.io/vlt-benchmarks/npm/char-regex 15ms (cache miss)
npm http fetch GET 200 https://registry.vlt.io/vlt-benchmarks/npm/gensync 18ms (cache miss)
npm http fetch GET 200 https://registry.vlt.io/vlt-benchmarks/npm/@babel%2ftypes 19ms (cache revalidated)
npm http fetch GET 200 https://registry.vlt.io/vlt-benchmarks/npm/@babel%2fparser 22ms (cache revalidated)
npm http fetch GET 200 https://registry.vlt.io/vlt-benchmarks/npm/@babel%2fhelpers 13ms (cache miss)
npm http fetch GET 200 https://registry.vlt.io/vlt-benchmarks/npm/@babel%2ftemplate 15ms (cache miss)
npm http fetch GET 200 https://registry.vlt.io/vlt-benchmarks/npm/@babel%2ftraverse 16ms (cache miss)
npm http fetch GET 200 https://registry.vlt.io/vlt-benchmarks/npm/@babel%2fgenerator 13ms (cache revalidated)
npm http fetch GET 200 https://registry.vlt.io/vlt-benchmarks/npm/@babel%2fcode-frame 13ms (cache revalidated)
npm http fetch GET 200 https://registry.vlt.io/vlt-benchmarks/npm/@jridgewell%2fremapping 13ms (cache miss)
npm http fetch GET 200 https://registry.vlt.io/vlt-benchmarks/npm/@babel%2fhelper-module-transforms 13ms (cache miss)
npm http fetch GET 200 https://registry.vlt.io/vlt-benchmarks/npm/@babel%2fhelper-compilation-targets 14ms (cache miss)
npm http fetch GET 200 https://registry.vlt.io/vlt-benchmarks/npm/test-exclude 15ms (cache miss)
npm http fetch GET 200 https://registry.vlt.io/vlt-benchmarks/npm/@istanbuljs%2fschema 13ms (cache revalidated)
npm http fetch GET 200 https://registry.vlt.io/vlt-benchmarks/npm/istanbul-lib-instrument 10ms (cache revalidated)
npm http fetch GET 200 https://registry.vlt.io/vlt-benchmarks/npm/@babel%2fhelper-plugin-utils 14ms (cache miss)
npm http fetch GET 200 https://registry.vlt.io/vlt-benchmarks/npm/@istanbuljs%2fload-nyc-config 16ms (cache miss)
npm http fetch GET 200 https://registry.vlt.io/vlt-benchmarks/npm/js-tokens 15ms (cache miss)
npm http fetch GET 200 https://registry.vlt.io/vlt-benchmarks/npm/@babel%2fhelper-validator-identifier 16ms (cache miss)
npm http fetch GET 200 https://registry.vlt.io/vlt-benchmarks/npm/lru-cache 13ms (cache revalidated)
npm http fetch GET 200 https://registry.vlt.io/vlt-benchmarks/npm/@jridgewell%2fgen-mapping 18ms (cache miss)
npm http fetch GET 200 https://registry.vlt.io/vlt-benchmarks/npm/@babel%2fcompat-data 13ms (cache miss)
npm http fetch GET 200 https://registry.vlt.io/vlt-benchmarks/npm/@babel%2fhelper-validator-option 14ms (cache miss)
npm http fetch GET 200 https://registry.vlt.io/vlt-benchmarks/npm/@babel%2fhelper-globals 12ms (cache miss)
npm http fetch GET 200 https://registry.vlt.io/vlt-benchmarks/npm/@babel%2fhelper-module-imports 17ms (cache miss)
npm http fetch GET 200 https://registry.vlt.io/vlt-benchmarks/npm/@jridgewell%2fgen-mapping 13ms (cache revalidated)
npm http fetch GET 200 https://registry.vlt.io/vlt-benchmarks/npm/@babel%2fhelper-string-parser 15ms (cache miss)
npm http fetch GET 200 https://registry.vlt.io/vlt-benchmarks/npm/jsesc 82ms (cache miss)
npm http fetch GET 200 https://registry.vlt.io/vlt-benchmarks/npm/@jridgewell%2fsourcemap-codec 14ms (cache revalidated)
npm http fetch GET 200 https://registry.vlt.io/vlt-benchmarks/npm/yallist 14ms (cache miss)
npm http fetch GET 200 https://registry.vlt.io/vlt-benchmarks/npm/camelcase 15ms (cache revalidated)
npm http fetch GET 200 https://registry.vlt.io/vlt-benchmarks/npm/find-up 16ms (cache revalidated)
npm http fetch GET 200 https://registry.vlt.io/vlt-benchmarks/npm/get-package-type 17ms (cache miss)
npm http fetch GET 200 https://registry.vlt.io/vlt-benchmarks/npm/js-yaml 16ms (cache revalidated)
npm http fetch GET 200 https://registry.vlt.io/vlt-benchmarks/npm/resolve-from 16ms (cache revalidated)
npm http fetch GET 200 https://registry.vlt.io/vlt-benchmarks/npm/locate-path 17ms (cache revalidated)
npm http fetch GET 200 https://registry.vlt.io/vlt-benchmarks/npm/esprima 201ms (cache miss)
npm http fetch GET 200 https://registry.vlt.io/vlt-benchmarks/npm/get-stream 14ms (cache miss)
npm http fetch GET 200 https://registry.vlt.io/vlt-benchmarks/npm/onetime 16ms (cache revalidated)
npm http fetch GET 200 https://registry.vlt.io/vlt-benchmarks/npm/human-signals 18ms (cache miss)
npm http fetch GET 200 https://registry.vlt.io/vlt-benchmarks/npm/strip-final-newline 12ms (cache miss)
npm http fetch GET 200 https://registry.vlt.io/vlt-benchmarks/npm/yocto-queue 12ms (cache miss)
npm http fetch GET 200 https://registry.vlt.io/vlt-benchmarks/npm/mimic-fn 13ms (cache revalidated)
npm http fetch GET 200 https://registry.vlt.io/vlt-benchmarks/npm/prompts 14ms (cache miss)
npm http fetch GET 200 https://registry.vlt.io/vlt-benchmarks/npm/y18n 19ms (cache revalidated)
npm http fetch GET 200 https://registry.vlt.io/vlt-benchmarks/npm/get-caller-file 19ms (cache revalidated)
npm http fetch GET 200 https://registry.vlt.io/vlt-benchmarks/npm/require-directory 17ms (cache revalidated)
npm http fetch GET 200 https://registry.vlt.io/vlt-benchmarks/npm/kleur 13ms (cache miss)
npm http fetch GET 200 https://registry.vlt.io/vlt-benchmarks/npm/sisteransi 14ms (cache miss)
npm http fetch GET 200 https://registry.vlt.io/vlt-benchmarks/npm/co 17ms (cache miss)
npm http fetch GET 200 https://registry.vlt.io/vlt-benchmarks/npm/@types%2fbabel__core 20ms (cache miss)
npm http fetch GET 200 https://registry.vlt.io/vlt-benchmarks/npm/babel-preset-jest 21ms (cache miss)
npm http fetch GET 200 https://registry.vlt.io/vlt-benchmarks/npm/dedent 16ms (cache miss)
npm http fetch GET 200 https://registry.vlt.io/vlt-benchmarks/npm/jest-each 14ms (cache miss)
npm http fetch GET 200 https://registry.vlt.io/vlt-benchmarks/npm/pure-rand 17ms (cache miss)
npm http fetch GET 200 https://registry.vlt.io/vlt-benchmarks/npm/is-generator-fn 16ms (cache miss)
npm http fetch GET 200 https://registry.vlt.io/vlt-benchmarks/npm/@jest%2fexpect 18ms (cache miss)
npm http fetch GET 200 https://registry.vlt.io/vlt-benchmarks/npm/error-ex 16ms (cache miss)
npm http fetch GET 200 https://registry.vlt.io/vlt-benchmarks/npm/json-parse-even-better-errors 13ms (cache miss)
npm http fetch GET 200 https://registry.vlt.io/vlt-benchmarks/npm/lines-and-columns 16ms (cache revalidated)
npm http fetch GET 200 https://registry.vlt.io/vlt-benchmarks/npm/@types%2fbabel__traverse 17ms (cache miss)
npm http fetch GET 200 https://registry.vlt.io/vlt-benchmarks/npm/@types%2fbabel__template 19ms (cache miss)
npm http fetch GET 200 https://registry.vlt.io/vlt-benchmarks/npm/@types%2fbabel__generator 20ms (cache miss)
npm http fetch GET 200 https://registry.vlt.io/vlt-benchmarks/npm/babel-plugin-jest-hoist 13ms (cache miss)
npm http fetch GET 200 https://registry.vlt.io/vlt-benchmarks/npm/@babel%2fplugin-syntax-async-generators 13ms (cache miss)
npm http fetch GET 200 https://registry.vlt.io/vlt-benchmarks/npm/@babel%2fplugin-syntax-bigint 16ms (cache miss)
npm http fetch GET 200 https://registry.vlt.io/vlt-benchmarks/npm/@babel%2fplugin-syntax-class-properties 17ms (cache miss)
npm http fetch GET 200 https://registry.vlt.io/vlt-benchmarks/npm/@babel%2fplugin-syntax-import-meta 14ms (cache miss)
npm http fetch GET 200 https://registry.vlt.io/vlt-benchmarks/npm/@babel%2fplugin-syntax-import-attributes 17ms (cache miss)
npm http fetch GET 200 https://registry.vlt.io/vlt-benchmarks/npm/@babel%2fplugin-syntax-class-static-block 22ms (cache miss)
npm http fetch GET 200 https://registry.vlt.io/vlt-benchmarks/npm/@babel%2fplugin-syntax-json-strings 19ms (cache miss)
npm http fetch GET 200 https://registry.vlt.io/vlt-benchmarks/npm/@babel%2fplugin-syntax-nullish-coalescing-operator 18ms (cache miss)
npm http fetch GET 200 https://registry.vlt.io/vlt-benchmarks/npm/@babel%2fplugin-syntax-logical-assignment-operators 23ms (cache miss)
npm http fetch GET 200 https://registry.vlt.io/vlt-benchmarks/npm/@babel%2fplugin-syntax-object-rest-spread 13ms (cache miss)
npm http fetch GET 200 https://registry.vlt.io/vlt-benchmarks/npm/@babel%2fplugin-syntax-numeric-separator 18ms (cache miss)
npm http fetch GET 200 https://registry.vlt.io/vlt-benchmarks/npm/@babel%2fplugin-syntax-optional-catch-binding 16ms (cache miss)
npm http fetch GET 200 https://registry.vlt.io/vlt-benchmarks/npm/@babel%2fplugin-syntax-optional-chaining 13ms (cache miss)
npm http fetch GET 200 https://registry.vlt.io/vlt-benchmarks/npm/@babel%2fplugin-syntax-private-property-in-object 18ms (cache miss)
npm http fetch GET 200 https://registry.vlt.io/vlt-benchmarks/npm/@babel%2fplugin-syntax-top-level-await 16ms (cache miss)
npm http fetch GET 200 https://registry.vlt.io/vlt-benchmarks/npm/@sinonjs%2ffake-timers 18ms (cache miss)
npm http fetch GET 200 https://registry.vlt.io/vlt-benchmarks/npm/@sinonjs%2fcommons 19ms (cache miss)
npm http fetch GET 200 https://registry.vlt.io/vlt-benchmarks/npm/type-detect 19ms (cache miss)
npm http fetch GET 200 https://registry.vlt.io/vlt-benchmarks/npm/canvas 13ms (cache revalidated)
npm http fetch GET 200 https://registry.vlt.io/vlt-benchmarks/npm/@types%2ftough-cookie 20ms (cache miss)
npm http fetch GET 200 https://registry.vlt.io/vlt-benchmarks/npm/parse5 21ms (cache miss)
npm http fetch GET 200 https://registry.vlt.io/vlt-benchmarks/npm/ws 22ms (cache miss)
npm http fetch GET 200 https://registry.vlt.io/vlt-benchmarks/npm/nwsapi 13ms (cache miss)
npm http fetch GET 200 https://registry.vlt.io/vlt-benchmarks/npm/saxes 17ms (cache miss)
npm http fetch GET 200 https://registry.vlt.io/vlt-benchmarks/npm/parse5 14ms (cache revalidated)
npm http fetch GET 200 https://registry.vlt.io/vlt-benchmarks/npm/cssstyle 13ms (cache miss)
npm http fetch GET 200 https://registry.vlt.io/vlt-benchmarks/npm/data-urls 15ms (cache miss)
npm http fetch GET 200 https://registry.vlt.io/vlt-benchmarks/npm/decimal.js 14ms (cache miss)
npm http fetch GET 200 https://registry.vlt.io/vlt-benchmarks/npm/whatwg-url 13ms (cache miss)
npm http fetch GET 200 https://registry.vlt.io/vlt-benchmarks/npm/rrweb-cssom 14ms (cache miss)
npm http fetch GET 200 https://registry.vlt.io/vlt-benchmarks/npm/symbol-tree 14ms (cache miss)
npm http fetch GET 200 https://registry.vlt.io/vlt-benchmarks/npm/tough-cookie 12ms (cache miss)
npm http fetch GET 200 https://registry.vlt.io/vlt-benchmarks/npm/whatwg-encoding 12ms (cache miss)
npm http fetch GET 200 https://registry.vlt.io/vlt-benchmarks/npm/whatwg-mimetype 12ms (cache miss)
npm http fetch GET 200 https://registry.vlt.io/vlt-benchmarks/npm/http-proxy-agent 13ms (cache miss)
npm http fetch GET 200 https://registry.vlt.io/vlt-benchmarks/npm/w3c-xmlserializer 12ms (cache miss)
npm http fetch GET 200 https://registry.vlt.io/vlt-benchmarks/npm/https-proxy-agent 16ms (cache revalidated)
npm http fetch GET 200 https://registry.vlt.io/vlt-benchmarks/npm/webidl-conversions 13ms (cache miss)
npm http fetch GET 200 https://registry.vlt.io/vlt-benchmarks/npm/xml-name-validator 12ms (cache miss)
npm http fetch GET 200 https://registry.vlt.io/vlt-benchmarks/npm/html-encoding-sniffer 13ms (cache miss)
npm http fetch GET 200 https://registry.vlt.io/vlt-benchmarks/npm/is-potential-custom-element-name 13ms (cache miss)
npm http fetch GET 200 https://registry.vlt.io/vlt-benchmarks/npm/jest-message-util 14ms (cache revalidated)
npm http fetch GET 200 https://registry.vlt.io/vlt-benchmarks/npm/@sinonjs%2ffake-timers 18ms (cache revalidated)
npm http fetch GET 200 https://registry.vlt.io/vlt-benchmarks/npm/@jest%2fpattern 19ms (cache miss)
npm http fetch GET 200 https://registry.vlt.io/vlt-benchmarks/npm/@jest%2fschemas 16ms (cache revalidated)
npm http fetch GET 200 https://registry.vlt.io/vlt-benchmarks/npm/@jest%2fexpect-utils 16ms (cache revalidated)
npm http fetch GET 200 https://registry.vlt.io/vlt-benchmarks/npm/ci-info 14ms (cache revalidated)
npm http fetch GET 200 https://registry.vlt.io/vlt-benchmarks/npm/entities 15ms (cache miss)
npm http fetch GET 200 https://registry.vlt.io/vlt-benchmarks/npm/bser 15ms (cache miss)
npm http fetch GET 200 https://registry.vlt.io/vlt-benchmarks/npm/makeerror 16ms (cache miss)
npm http fetch GET 200 https://registry.vlt.io/vlt-benchmarks/npm/node-int64 15ms (cache miss)
npm http fetch GET 200 https://registry.vlt.io/vlt-benchmarks/npm/diff-sequences 17ms (cache miss)
npm http fetch GET 200 https://registry.vlt.io/vlt-benchmarks/npm/buffer-from 13ms (cache miss)
npm http fetch GET 200 https://registry.vlt.io/vlt-benchmarks/npm/detect-newline 14ms (cache miss)
npm http fetch GET 200 https://registry.vlt.io/vlt-benchmarks/npm/diff-sequences 15ms (cache revalidated)
npm http fetch GET 200 https://registry.vlt.io/vlt-benchmarks/npm/whatwg-url 15ms (cache revalidated)
npm http fetch GET 200 https://registry.vlt.io/vlt-benchmarks/npm/agent-base 16ms (cache revalidated)
npm http fetch GET 200 https://registry.vlt.io/vlt-benchmarks/npm/@asamuzakjp%2fcss-color 20ms (cache miss)
npm http fetch GET 200 https://registry.vlt.io/vlt-benchmarks/npm/xmlchars 17ms (cache miss)
npm http fetch GET 200 https://registry.vlt.io/vlt-benchmarks/npm/agent-base 21ms (cache revalidated)
npm http fetch GET 200 https://registry.vlt.io/vlt-benchmarks/npm/tldts 21ms (cache miss)
npm http fetch GET 200 https://registry.vlt.io/vlt-benchmarks/npm/tr46 14ms (cache miss)
npm http fetch GET 200 https://registry.vlt.io/vlt-benchmarks/npm/iconv-lite 18ms (cache miss)
npm http fetch GET 200 https://registry.vlt.io/vlt-benchmarks/npm/@csstools%2fcss-calc 16ms (cache miss)
npm http fetch GET 200 https://registry.vlt.io/vlt-benchmarks/npm/@csstools%2fcss-tokenizer 17ms (cache miss)
npm http fetch GET 200 https://registry.vlt.io/vlt-benchmarks/npm/@csstools%2fcss-color-parser 18ms (cache miss)
npm http fetch GET 200 https://registry.vlt.io/vlt-benchmarks/npm/@csstools%2fcss-parser-algorithms 14ms (cache miss)
npm http fetch GET 200 https://registry.vlt.io/vlt-benchmarks/npm/@csstools%2fcolor-helpers 12ms (cache miss)
npm http fetch GET 200 https://registry.vlt.io/vlt-benchmarks/npm/ajv-keywords 15ms (cache miss)
npm http fetch GET 200 https://registry.vlt.io/vlt-benchmarks/npm/ajv-formats 16ms (cache miss)
npm http fetch GET 200 https://registry.vlt.io/vlt-benchmarks/npm/balanced-match 12ms (cache revalidated)
npm http fetch GET 200 https://registry.vlt.io/vlt-benchmarks/npm/@tybys%2fwasm-util 13ms (cache revalidated)
npm http fetch GET 200 https://registry.vlt.io/vlt-benchmarks/npm/form-data 16ms (cache revalidated)
npm http fetch GET 200 https://registry.vlt.io/vlt-benchmarks/npm/proxy-from-env 17ms (cache revalidated)
npm http fetch GET 200 https://registry.vlt.io/vlt-benchmarks/npm/follow-redirects 15ms (cache revalidated)
npm http fetch GET 200 https://registry.vlt.io/vlt-benchmarks/npm/buffer 14ms (cache revalidated)
npm http fetch GET 200 https://registry.vlt.io/vlt-benchmarks/npm/ieee754 16ms (cache revalidated)
npm http fetch GET 200 https://registry.vlt.io/vlt-benchmarks/npm/restore-cursor 16ms (cache revalidated)
npm http fetch GET 200 https://registry.vlt.io/vlt-benchmarks/npm/delayed-stream 14ms (cache revalidated)
npm http fetch GET 200 https://registry.vlt.io/vlt-benchmarks/npm/wrap-ansi 18ms (cache revalidated)
npm http fetch GET 200 https://registry.vlt.io/vlt-benchmarks/npm/mime-types 14ms (cache revalidated)
npm http fetch GET 200 https://registry.vlt.io/vlt-benchmarks/npm/wcwidth 14ms (cache revalidated)
npm http fetch GET 200 https://registry.vlt.io/vlt-benchmarks/npm/wrappy 17ms (cache revalidated)
npm http fetch GET 200 https://registry.vlt.io/vlt-benchmarks/npm/string_decoder 14ms (cache revalidated)
npm http fetch GET 200 https://registry.vlt.io/vlt-benchmarks/npm/util-deprecate 14ms (cache revalidated)
npm http fetch GET 200 https://registry.vlt.io/vlt-benchmarks/npm/is-arrayish 14ms (cache miss)
npm http fetch GET 200 https://registry.vlt.io/vlt-benchmarks/npm/ini 18ms (cache miss)
npm http fetch GET 200 https://registry.vlt.io/vlt-benchmarks/npm/deep-extend 21ms (cache miss)
npm http fetch GET 200 https://registry.vlt.io/vlt-benchmarks/npm/strip-json-comments 22ms (cache revalidated)
npm http fetch GET 200 https://registry.vlt.io/vlt-benchmarks/npm/simple-concat 15ms (cache miss)
npm http fetch GET 200 https://registry.vlt.io/vlt-benchmarks/npm/decompress-response 17ms (cache miss)
npm http fetch GET 200 https://registry.vlt.io/vlt-benchmarks/npm/chownr 14ms (cache miss)
npm http fetch GET 200 https://registry.vlt.io/vlt-benchmarks/npm/object.entries 15ms (cache miss)
npm http fetch GET 200 https://registry.vlt.io/vlt-benchmarks/npm/mimic-response 16ms (cache miss)
npm http fetch GET 200 https://registry.vlt.io/vlt-benchmarks/npm/tldts-core 16ms (cache miss)
npm http fetch GET 200 https://registry.vlt.io/vlt-benchmarks/npm/@sinclair%2ftypebox 18ms (cache miss)
npm http fetch GET 200 https://registry.vlt.io/vlt-benchmarks/npm/@jridgewell%2ftrace-mapping 13ms (cache revalidated)
npm http fetch GET 200 https://registry.vlt.io/vlt-benchmarks/npm/ini 13ms (cache revalidated)
npm http fetch GET 200 https://registry.vlt.io/vlt-benchmarks/npm/kind-of 15ms (cache miss)
npm http fetch GET 200 https://registry.vlt.io/vlt-benchmarks/npm/which 16ms (cache revalidated)
npm http fetch GET 200 https://registry.vlt.io/vlt-benchmarks/npm/isexe 14ms (cache revalidated)
npm http fetch GET 200 https://registry.vlt.io/vlt-benchmarks/npm/which-builtin-type 13ms (cache miss)
npm http fetch GET 200 https://registry.vlt.io/vlt-benchmarks/npm/is-async-function 13ms (cache miss)
npm http fetch GET 200 https://registry.vlt.io/vlt-benchmarks/npm/is-finalizationregistry 17ms (cache miss)
npm http fetch GET 200 https://registry.vlt.io/vlt-benchmarks/npm/is-generator-function 19ms (cache miss)
npm http fetch GET 200 https://registry.vlt.io/vlt-benchmarks/npm/which-boxed-primitive 15ms (cache revalidated)
npm http fetch GET 200 https://registry.vlt.io/vlt-benchmarks/npm/which-collection 14ms (cache miss)
npm http fetch GET 200 https://registry.vlt.io/vlt-benchmarks/npm/@shikijs%2fthemes 14ms (cache miss)
npm http fetch GET 200 https://registry.vlt.io/vlt-benchmarks/npm/@shikijs%2fengine-oniguruma 16ms (cache miss)
npm http fetch GET 200 https://registry.vlt.io/vlt-benchmarks/npm/@shikijs%2flangs 19ms (cache miss)
npm http fetch GET 200 https://registry.vlt.io/vlt-benchmarks/npm/@shikijs%2ftypes 12ms (cache miss)
npm http fetch GET 200 https://registry.vlt.io/vlt-benchmarks/npm/@shikijs%2fvscode-textmate 14ms (cache miss)
npm http fetch GET 200 https://registry.vlt.io/vlt-benchmarks/npm/mdurl 15ms (cache miss)
npm http fetch GET 200 https://registry.vlt.io/vlt-benchmarks/npm/entities 11ms (cache revalidated)
npm http fetch GET 200 https://registry.vlt.io/vlt-benchmarks/npm/uc.micro 15ms (cache miss)
npm http fetch GET 200 https://registry.vlt.io/vlt-benchmarks/npm/linkify-it 13ms (cache miss)
npm http fetch GET 200 https://registry.vlt.io/vlt-benchmarks/npm/punycode.js 15ms (cache miss)
npm http fetch GET 200 https://registry.vlt.io/vlt-benchmarks/npm/@shikijs%2ftypes 21ms (cache revalidated)
npm http fetch GET 200 https://registry.vlt.io/vlt-benchmarks/npm/@shikijs%2ftypes 22ms (cache revalidated)
npm http fetch GET 200 https://registry.vlt.io/vlt-benchmarks/npm/@shikijs%2ftypes 23ms (cache revalidated)
npm http fetch GET 200 https://registry.vlt.io/vlt-benchmarks/npm/@types%2fhast 16ms (cache miss)
npm http fetch GET 200 https://registry.vlt.io/vlt-benchmarks/npm/@types%2funist 15ms (cache miss)
npm http fetch GET 200 https://registry.vlt.io/vlt-benchmarks/npm/uc.micro 14ms (cache revalidated)
npm http fetch GET 200 https://registry.vlt.io/vlt-benchmarks/npm/is-bigint 16ms (cache miss)
npm http fetch GET 200 https://registry.vlt.io/vlt-benchmarks/npm/is-boolean-object 17ms (cache miss)
npm http fetch GET 200 https://registry.vlt.io/vlt-benchmarks/npm/is-number-object 17ms (cache miss)
npm http fetch GET 200 https://registry.vlt.io/vlt-benchmarks/npm/tmpl 19ms (cache miss)
npm http fetch GET 200 https://registry.vlt.io/vlt-benchmarks/npm/webpack 16ms (cache revalidated)
npm http fetch GET 200 https://registry.vlt.io/vlt-benchmarks/npm/@webassemblyjs%2fhelper-numbers 16ms (cache miss)
npm http fetch GET 200 https://registry.vlt.io/vlt-benchmarks/npm/@webassemblyjs%2fhelper-buffer 16ms (cache miss)
npm http fetch GET 200 https://registry.vlt.io/vlt-benchmarks/npm/@webassemblyjs%2fhelper-wasm-bytecode 19ms (cache miss)
npm http fetch GET 200 https://registry.vlt.io/vlt-benchmarks/npm/@webassemblyjs%2fhelper-wasm-bytecode 15ms (cache miss)
npm http fetch GET 200 https://registry.vlt.io/vlt-benchmarks/npm/@webassemblyjs%2fhelper-wasm-section 15ms (cache miss)
npm http fetch GET 200 https://registry.vlt.io/vlt-benchmarks/npm/@webassemblyjs%2fwasm-gen 14ms (cache miss)
npm http fetch GET 200 https://registry.vlt.io/vlt-benchmarks/npm/@webassemblyjs%2fwasm-opt 13ms (cache miss)
npm http fetch GET 200 https://registry.vlt.io/vlt-benchmarks/npm/@webassemblyjs%2fwasm-parser 15ms (cache revalidated)
npm http fetch GET 200 https://registry.vlt.io/vlt-benchmarks/npm/@webassemblyjs%2fwast-printer 15ms (cache miss)
npm http fetch GET 200 https://registry.vlt.io/vlt-benchmarks/npm/@webassemblyjs%2fhelper-api-error 13ms (cache miss)
npm http fetch GET 200 https://registry.vlt.io/vlt-benchmarks/npm/@webassemblyjs%2fieee754 13ms (cache miss)
npm http fetch GET 200 https://registry.vlt.io/vlt-benchmarks/npm/@webassemblyjs%2fleb128 14ms (cache miss)
npm http fetch GET 200 https://registry.vlt.io/vlt-benchmarks/npm/@webassemblyjs%2futf8 14ms (cache miss)
npm http fetch GET 200 https://registry.vlt.io/vlt-benchmarks/npm/tapable 14ms (cache revalidated)
npm http fetch GET 200 https://registry.vlt.io/vlt-benchmarks/npm/terser 15ms (cache miss)
npm http fetch GET 200 https://registry.vlt.io/vlt-benchmarks/npm/jest-worker 12ms (cache revalidated)
npm http fetch GET 200 https://registry.vlt.io/vlt-benchmarks/npm/@xtuc%2flong 16ms (cache miss)
npm http fetch GET 200 https://registry.vlt.io/vlt-benchmarks/npm/@webassemblyjs%2ffloating-point-hex-parser 16ms (cache miss)
npm http fetch GET 200 https://registry.vlt.io/vlt-benchmarks/npm/@xtuc%2fieee754 13ms (cache miss)
npm http fetch GET 200 https://registry.vlt.io/vlt-benchmarks/npm/@jridgewell%2fsource-map 12ms (cache miss)
npm http fetch GET 200 https://registry.vlt.io/vlt-benchmarks/npm/source-map-support 14ms (cache revalidated)
npm http fetch GET 200 https://registry.vlt.io/vlt-benchmarks/npm/webpack 19ms (cache revalidated)
npm http fetch GET 200 https://registry.vlt.io/vlt-benchmarks/npm/webpack-cli 21ms (cache revalidated)
npm http fetch GET 200 https://registry.vlt.io/vlt-benchmarks/npm/wildcard 18ms (cache miss)
npm http fetch GET 200 https://registry.vlt.io/vlt-benchmarks/npm/clone-deep 18ms (cache miss)
npm http fetch GET 200 https://registry.vlt.io/vlt-benchmarks/npm/is-plain-object 14ms (cache miss)
npm http fetch GET 200 https://registry.vlt.io/vlt-benchmarks/npm/shallow-clone 17ms (cache miss)
npm http fetch GET 200 https://registry.vlt.io/vlt-benchmarks/npm/isobject 13ms (cache miss)
npm http fetch GET 200 https://registry.vlt.io/vlt-benchmarks/npm/safer-buffer 12ms (cache miss)
npm http fetch GET 200 https://registry.vlt.io/vlt-benchmarks/npm/async-function 16ms (cache miss)
npm http fetch GET 200 https://registry.vlt.io/vlt-benchmarks/npm/is-map 16ms (cache miss)
npm http fetch GET 200 https://registry.vlt.io/vlt-benchmarks/npm/generator-function 17ms (cache miss)
npm http fetch GET 200 https://registry.vlt.io/vlt-benchmarks/npm/is-weakmap 14ms (cache miss)
npm http fetch GET 200 https://registry.vlt.io/vlt-benchmarks/npm/is-weakset 13ms (cache miss)
npm http fetch GET 200 https://registry.vlt.io/vlt-benchmarks/npm/enabled 13ms (cache miss)
npm http fetch GET 200 https://registry.vlt.io/vlt-benchmarks/npm/kuler 18ms (cache miss)
npm http fetch GET 200 https://registry.vlt.io/vlt-benchmarks/npm/@so-ric%2fcolorspace 18ms (cache miss)
npm http fetch GET 200 https://registry.vlt.io/vlt-benchmarks/npm/@colors%2fcolors 17ms (cache revalidated)
npm http fetch GET 200 https://registry.vlt.io/vlt-benchmarks/npm/@types%2ftriple-beam 15ms (cache miss)
npm http fetch GET 200 https://registry.vlt.io/vlt-benchmarks/npm/fecha 16ms (cache miss)
npm http fetch GET 200 https://registry.vlt.io/vlt-benchmarks/npm/fn.name 13ms (cache miss)
npm http fetch GET 200 https://registry.vlt.io/vlt-benchmarks/npm/color 12ms (cache miss)
npm http fetch GET 200 https://registry.vlt.io/vlt-benchmarks/npm/text-hex 15ms (cache miss)
npm http fetch GET 200 https://registry.vlt.io/vlt-benchmarks/npm/color-string 15ms (cache miss)
npm http fetch GET 200 https://registry.vlt.io/vlt-benchmarks/npm/concat-map 14ms (cache miss)
npm http fetch GET 200 https://registry.vlt.io/vlt-benchmarks/npm/p-locate 13ms (cache revalidated)
npm http fetch GET 200 https://registry.vlt.io/vlt-benchmarks/npm/sprintf-js 12ms (cache miss)
npm http fetch GET 200 https://registry.vlt.io/vlt-benchmarks/npm/p-limit 12ms (cache revalidated)
npm http fetch GET 200 https://registry.vlt.io/vlt-benchmarks/npm/p-try 14ms (cache miss)
npm http fetch GET 200 https://registry.vlt.io/vlt-benchmarks/npm/jest-regex-util 13ms (cache revalidated)
npm http fetch GET 200 https://registry.vlt.io/vlt-benchmarks/npm/@sinclair%2ftypebox 18ms (cache revalidated)
npm http fetch GET 200 https://registry.vlt.io/vlt-benchmarks/npm/react-is 18ms (cache revalidated)
npm http fetch GET 200 https://registry.vlt.io/vlt-benchmarks/npm/react-is 25ms (cache revalidated)
npm http fetch GET 200 https://registry.vlt.io/vlt-benchmarks/npm/@jest%2fget-type 16ms (cache miss)
npm http fetch GET 200 https://registry.vlt.io/vlt-benchmarks/npm/duplexer 15ms (cache miss)
npm http fetch GET 200 https://registry.vlt.io/vlt-benchmarks/npm/through 18ms (cache miss)
npm http fetch GET 200 https://registry.vlt.io/vlt-benchmarks/npm/jake 12ms (cache miss)
npm http fetch GET 200 https://registry.vlt.io/vlt-benchmarks/npm/nx 16ms (cache revalidated)
npm http fetch GET 200 https://registry.vlt.io/vlt-benchmarks/npm/@yarnpkg%2fparsers 17ms (cache revalidated)
npm http fetch GET 200 https://registry.vlt.io/vlt-benchmarks/npm/@nx%2fnx-linux-arm64-gnu 19ms (cache revalidated)
npm http fetch GET 200 https://registry.vlt.io/vlt-benchmarks/npm/@nx%2fnx-linux-arm64-musl 25ms (cache revalidated)
npm http fetch GET 200 https://registry.vlt.io/vlt-benchmarks/npm/filelist 12ms (cache miss)
npm http fetch GET 200 https://registry.vlt.io/vlt-benchmarks/npm/@pkgr%2fcore 13ms (cache revalidated)
npm http fetch GET 200 https://registry.vlt.io/vlt-benchmarks/npm/@typescript-eslint%2fproject-service 15ms (cache revalidated)
npm http fetch GET 200 https://registry.vlt.io/vlt-benchmarks/npm/@typescript-eslint%2fvisitor-keys 25ms (cache revalidated)
npm http fetch GET 200 https://registry.vlt.io/vlt-benchmarks/npm/@typescript-eslint%2fvisitor-keys 47ms (cache revalidated)
npm http fetch GET 200 https://registry.vlt.io/vlt-benchmarks/npm/@sinonjs%2fcommons 14ms (cache revalidated)
npm http fetch GET 200 https://registry.vlt.io/vlt-benchmarks/npm/@recast-navigation%2fcore 18ms (cache miss)
npm http fetch GET 200 https://registry.vlt.io/vlt-benchmarks/npm/@recast-navigation%2fgenerators 17ms (cache miss)
npm http fetch GET 200 https://registry.vlt.io/vlt-benchmarks/npm/@recast-navigation%2fwasm 18ms (cache miss)
npm http fetch GET 200 https://registry.vlt.io/vlt-benchmarks/npm/@recast-navigation%2fwasm 15ms (cache revalidated)
npm http fetch GET 200 https://registry.vlt.io/vlt-benchmarks/npm/@recast-navigation%2fwasm 16ms (cache revalidated)
npm http fetch GET 200 https://registry.vlt.io/vlt-benchmarks/npm/@types%2fmv 19ms (cache miss)
npm http fetch GET 200 https://registry.vlt.io/vlt-benchmarks/npm/mv 13ms (cache miss)
npm http fetch GET 200 https://registry.vlt.io/vlt-benchmarks/npm/rimraf 12ms (cache revalidated)
npm http fetch GET 200 https://registry.vlt.io/vlt-benchmarks/npm/mkdirp 16ms (cache revalidated)
npm http fetch GET 200 https://registry.vlt.io/vlt-benchmarks/npm/ncp 17ms (cache miss)
npm http fetch GET 200 https://registry.vlt.io/vlt-benchmarks/npm/@types%2fdraco3d 16ms (cache miss)
npm http fetch GET 200 https://registry.vlt.io/vlt-benchmarks/npm/@types%2fdraco3dgltf 12ms (cache miss)
npm http fetch GET 200 https://registry.vlt.io/vlt-benchmarks/npm/@fortawesome%2ffontawesome-svg-core 17ms (cache miss)
npm http fetch GET 200 https://registry.vlt.io/vlt-benchmarks/npm/@fortawesome%2ffree-regular-svg-icons 17ms (cache miss)
npm http fetch GET 200 https://registry.vlt.io/vlt-benchmarks/npm/@fortawesome%2ffree-solid-svg-icons 18ms (cache miss)
npm http fetch GET 200 https://registry.vlt.io/vlt-benchmarks/npm/@fortawesome%2freact-fontawesome 22ms (cache miss)
npm http fetch GET 200 https://registry.vlt.io/vlt-benchmarks/npm/react 18ms (cache miss)
npm http fetch GET 200 https://registry.vlt.io/vlt-benchmarks/npm/@types%2freact 16ms (cache miss)
npm http fetch GET 200 https://registry.vlt.io/vlt-benchmarks/npm/@types%2freact-dom 15ms (cache miss)
npm http fetch GET 200 https://registry.vlt.io/vlt-benchmarks/npm/gif.js.optimized 14ms (cache miss)
npm http fetch GET 200 https://registry.vlt.io/vlt-benchmarks/npm/re-resizable 15ms (cache miss)
npm http fetch GET 200 https://registry.vlt.io/vlt-benchmarks/npm/react-dom 27ms (cache miss)
npm http fetch GET 200 https://registry.vlt.io/vlt-benchmarks/npm/sass 21ms (cache miss)
npm http fetch GET 200 https://registry.vlt.io/vlt-benchmarks/npm/@fortawesome%2ffontawesome-common-types 14ms (cache miss)
npm http fetch GET 200 https://registry.vlt.io/vlt-benchmarks/npm/@fortawesome%2ffontawesome-common-types 17ms (cache miss)
npm http fetch GET 200 https://registry.vlt.io/vlt-benchmarks/npm/@fortawesome%2ffontawesome-common-types 18ms (cache miss)
npm http fetch GET 200 https://registry.vlt.io/vlt-benchmarks/npm/prop-types 19ms (cache miss)
npm http fetch GET 200 https://registry.vlt.io/vlt-benchmarks/npm/loose-envify 17ms (cache miss)
npm http fetch GET 200 https://registry.vlt.io/vlt-benchmarks/npm/csstype 21ms (cache miss)
npm http fetch GET 200 https://registry.vlt.io/vlt-benchmarks/npm/chokidar 14ms (cache revalidated)
npm http fetch GET 200 https://registry.vlt.io/vlt-benchmarks/npm/@types%2fprop-types 22ms (cache miss)
npm http fetch GET 200 https://registry.vlt.io/vlt-benchmarks/npm/scheduler 24ms (cache miss)
npm http fetch GET 200 https://registry.vlt.io/vlt-benchmarks/npm/source-map-js 19ms (cache miss)
npm http fetch GET 200 https://registry.vlt.io/vlt-benchmarks/npm/immutable 23ms (cache miss)
npm http fetch GET 200 https://registry.vlt.io/vlt-benchmarks/npm/@parcel%2fwatcher 17ms (cache miss)
npm http fetch GET 200 https://registry.vlt.io/vlt-benchmarks/npm/@babylonjs%2fhavok 20ms (cache miss)
npm http fetch GET 200 https://registry.vlt.io/vlt-benchmarks/npm/@fluentui-contrib%2freact-virtualizer 161ms (cache miss)
npm http fetch GET 200 https://registry.vlt.io/vlt-benchmarks/npm/@fluentui%2freact-shared-contexts 19ms (cache miss)
npm http fetch GET 200 https://registry.vlt.io/vlt-benchmarks/npm/@fluentui%2freact-components 35ms (cache miss)
npm http fetch GET 200 https://registry.vlt.io/vlt-benchmarks/npm/@fluentui%2freact-icons 21ms (cache miss)
npm http fetch GET 200 https://registry.vlt.io/vlt-benchmarks/npm/@pmmmwh%2freact-refresh-webpack-plugin 16ms (cache miss)
npm http fetch GET 200 https://registry.vlt.io/vlt-benchmarks/npm/react-refresh 25ms (cache miss)
npm http fetch GET 200 https://registry.vlt.io/vlt-benchmarks/npm/html-webpack-plugin 17ms (cache miss)
npm http fetch GET 200 https://registry.vlt.io/vlt-benchmarks/npm/react-refresh-typescript 18ms (cache miss)
npm http fetch GET 200 https://registry.vlt.io/vlt-benchmarks/npm/typescript 20ms (cache revalidated)
npm http fetch GET 200 https://registry.vlt.io/vlt-benchmarks/npm/usehooks-ts 18ms (cache miss)
npm http fetch GET 200 https://registry.vlt.io/vlt-benchmarks/npm/@swc%2fhelpers 15ms (cache miss)
npm http fetch GET 200 https://registry.vlt.io/vlt-benchmarks/npm/@types%2femscripten 18ms (cache miss)
npm http fetch GET 200 https://registry.vlt.io/vlt-benchmarks/npm/@griffel%2freact 20ms (cache miss)
npm http fetch GET 200 https://registry.vlt.io/vlt-benchmarks/npm/@swc%2fhelpers 13ms (cache revalidated)
npm http fetch GET 200 https://registry.vlt.io/vlt-benchmarks/npm/@fluentui%2freact-jsx-runtime 21ms (cache miss)
npm http fetch GET 200 https://registry.vlt.io/vlt-benchmarks/npm/@fluentui%2freact-utilities 32ms (cache miss)
npm http fetch GET 200 https://registry.vlt.io/vlt-benchmarks/npm/@griffel%2freact 14ms (cache revalidated)
npm http fetch GET 200 https://registry.vlt.io/vlt-benchmarks/npm/@fluentui%2freact-theme 26ms (cache miss)
npm http fetch GET 200 https://registry.vlt.io/vlt-benchmarks/npm/@fluentui%2freact-nav 18ms (cache miss)
npm http fetch GET 200 https://registry.vlt.io/vlt-benchmarks/npm/@fluentui%2freact-aria 25ms (cache miss)
npm http fetch GET 200 https://registry.vlt.io/vlt-benchmarks/npm/@fluentui%2freact-card 39ms (cache miss)
npm http fetch GET 200 https://registry.vlt.io/vlt-benchmarks/npm/@fluentui%2freact-list 26ms (cache miss)
npm http fetch GET 200 https://registry.vlt.io/vlt-benchmarks/npm/@fluentui%2freact-link 44ms (cache miss)
npm http fetch GET 200 https://registry.vlt.io/vlt-benchmarks/npm/@fluentui%2freact-tabs 30ms (cache miss)
npm http fetch GET 200 https://registry.vlt.io/vlt-benchmarks/npm/@fluentui%2freact-menu 46ms (cache miss)
npm http fetch GET 200 https://registry.vlt.io/vlt-benchmarks/npm/@fluentui%2freact-tags 46ms (cache miss)
npm http fetch GET 200 https://registry.vlt.io/vlt-benchmarks/npm/@fluentui%2freact-text 56ms (cache miss)
npm http fetch GET 200 https://registry.vlt.io/vlt-benchmarks/npm/@fluentui%2freact-tree 54ms (cache miss)
npm http fetch GET 200 https://registry.vlt.io/vlt-benchmarks/npm/@fluentui%2freact-alert 49ms (cache miss)
npm http fetch GET 200 https://registry.vlt.io/vlt-benchmarks/npm/@fluentui%2freact-badge 32ms (cache miss)
npm http fetch GET 200 https://registry.vlt.io/vlt-benchmarks/npm/@fluentui%2freact-field 36ms (cache miss)
npm http fetch GET 200 https://registry.vlt.io/vlt-benchmarks/npm/@fluentui%2freact-image 41ms (cache miss)
npm http fetch GET 200 https://registry.vlt.io/vlt-benchmarks/npm/@fluentui%2freact-input 38ms (cache miss)
npm http fetch GET 200 https://registry.vlt.io/vlt-benchmarks/npm/@fluentui%2freact-label 36ms (cache miss)
npm http fetch GET 200 https://registry.vlt.io/vlt-benchmarks/npm/@fluentui%2freact-radio 39ms (cache miss)
npm http fetch GET 200 https://registry.vlt.io/vlt-benchmarks/npm/@fluentui%2freact-toast 27ms (cache miss)
npm http fetch GET 200 https://registry.vlt.io/vlt-benchmarks/npm/@fluentui%2freact-table 42ms (cache miss)
npm http fetch GET 200 https://registry.vlt.io/vlt-benchmarks/npm/@fluentui%2freact-avatar 72ms (cache miss)
npm http fetch GET 200 https://registry.vlt.io/vlt-benchmarks/npm/@fluentui%2freact-button 69ms (cache miss)
npm http fetch GET 200 https://registry.vlt.io/vlt-benchmarks/npm/@fluentui%2freact-dialog 72ms (cache miss)
npm http fetch GET 200 https://registry.vlt.io/vlt-benchmarks/npm/@fluentui%2freact-drawer 33ms (cache miss)
npm http fetch GET 200 https://registry.vlt.io/vlt-benchmarks/npm/@fluentui%2freact-motion 27ms (cache miss)
npm http fetch GET 200 https://registry.vlt.io/vlt-benchmarks/npm/@fluentui%2freact-portal 30ms (cache miss)
npm http fetch GET 200 https://registry.vlt.io/vlt-benchmarks/npm/@fluentui%2freact-rating 25ms (cache miss)
npm http fetch GET 200 https://registry.vlt.io/vlt-benchmarks/npm/@fluentui%2freact-search 26ms (cache miss)
npm http fetch GET 200 https://registry.vlt.io/vlt-benchmarks/npm/@fluentui%2freact-select 25ms (cache miss)
npm http fetch GET 200 https://registry.vlt.io/vlt-benchmarks/npm/@fluentui%2freact-slider 36ms (cache miss)
npm http fetch GET 200 https://registry.vlt.io/vlt-benchmarks/npm/@fluentui%2freact-switch 43ms (cache miss)
npm http fetch GET 200 https://registry.vlt.io/vlt-benchmarks/npm/@fluentui%2freact-divider 40ms (cache miss)
npm http fetch GET 200 https://registry.vlt.io/vlt-benchmarks/npm/@fluentui%2freact-persona 34ms (cache miss)
npm http fetch GET 200 https://registry.vlt.io/vlt-benchmarks/npm/@fluentui%2freact-spinner 53ms (cache miss)
npm http fetch GET 200 https://registry.vlt.io/vlt-benchmarks/npm/@fluentui%2freact-popover 74ms (cache miss)
npm http fetch GET 200 https://registry.vlt.io/vlt-benchmarks/npm/@fluentui%2freact-tabster 55ms (cache miss)
npm http fetch GET 200 https://registry.vlt.io/vlt-benchmarks/npm/@fluentui%2freact-toolbar 34ms (cache miss)
npm http fetch GET 200 https://registry.vlt.io/vlt-benchmarks/npm/@fluentui%2freact-tooltip 35ms (cache miss)
npm http fetch GET 200 https://registry.vlt.io/vlt-benchmarks/npm/@fluentui%2freact-carousel 36ms (cache miss)
npm http fetch GET 200 https://registry.vlt.io/vlt-benchmarks/npm/@fluentui%2freact-checkbox 33ms (cache miss)
npm http fetch GET 200 https://registry.vlt.io/vlt-benchmarks/npm/@fluentui%2freact-combobox 63ms (cache miss)
npm http fetch GET 200 https://registry.vlt.io/vlt-benchmarks/npm/@fluentui%2freact-overflow 67ms (cache miss)
npm http fetch GET 200 https://registry.vlt.io/vlt-benchmarks/npm/@fluentui%2freact-progress 56ms (cache miss)
npm http fetch GET 200 https://registry.vlt.io/vlt-benchmarks/npm/@fluentui%2freact-skeleton 26ms (cache miss)
npm http fetch GET 200 https://registry.vlt.io/vlt-benchmarks/npm/@fluentui%2freact-provider 38ms (cache miss)
npm http fetch GET 200 https://registry.vlt.io/vlt-benchmarks/npm/@fluentui%2freact-textarea 40ms (cache miss)
npm http fetch GET 200 https://registry.vlt.io/vlt-benchmarks/npm/@fluentui%2freact-accordion 36ms (cache miss)
npm http fetch GET 200 https://registry.vlt.io/vlt-benchmarks/npm/@fluentui%2freact-utilities 19ms (cache revalidated)
npm http fetch GET 200 https://registry.vlt.io/vlt-benchmarks/npm/@fluentui%2freact-infolabel 45ms (cache miss)
npm http fetch GET 200 https://registry.vlt.io/vlt-benchmarks/npm/@fluentui%2freact-breadcrumb 24ms (cache miss)
npm http fetch GET 200 https://registry.vlt.io/vlt-benchmarks/npm/@fluentui%2freact-infobutton 27ms (cache miss)
npm http fetch GET 200 https://registry.vlt.io/vlt-benchmarks/npm/@fluentui%2freact-spinbutton 35ms (cache miss)
npm http fetch GET 200 https://registry.vlt.io/vlt-benchmarks/npm/@fluentui%2freact-tag-picker 30ms (cache miss)
npm http fetch GET 200 https://registry.vlt.io/vlt-benchmarks/npm/@fluentui%2freact-message-bar 30ms (cache miss)
npm http fetch GET 200 https://registry.vlt.io/vlt-benchmarks/npm/@fluentui%2freact-color-picker 32ms (cache miss)
npm http fetch GET 200 https://registry.vlt.io/vlt-benchmarks/npm/@fluentui%2freact-positioning 55ms (cache miss)
npm http fetch GET 200 https://registry.vlt.io/vlt-benchmarks/npm/@fluentui%2freact-virtualizer 55ms (cache miss)
npm http fetch GET 200 https://registry.vlt.io/vlt-benchmarks/npm/@fluentui%2freact-swatch-picker 28ms (cache miss)
npm http fetch GET 200 https://registry.vlt.io/vlt-benchmarks/npm/@fluentui%2freact-teaching-popover 26ms (cache miss)
npm http fetch GET 200 https://registry.vlt.io/vlt-benchmarks/npm/anser 24ms (cache miss)
npm http fetch GET 200 https://registry.vlt.io/vlt-benchmarks/npm/html-entities 13ms (cache miss)
npm http fetch GET 200 https://registry.vlt.io/vlt-benchmarks/npm/source-map 21ms (cache revalidated)
npm http fetch GET 200 https://registry.vlt.io/vlt-benchmarks/npm/core-js-pure 21ms (cache miss)
npm http fetch GET 200 https://registry.vlt.io/vlt-benchmarks/npm/error-stack-parser 14ms (cache miss)
npm http fetch GET 200 https://registry.vlt.io/vlt-benchmarks/npm/lodash 16ms (cache miss)
npm http fetch GET 200 https://registry.vlt.io/vlt-benchmarks/npm/pretty-error 15ms (cache miss)
npm http fetch GET 200 https://registry.vlt.io/vlt-benchmarks/npm/html-minifier-terser 15ms (cache miss)
npm http fetch GET 200 https://registry.vlt.io/vlt-benchmarks/npm/@types%2fhtml-minifier-terser 16ms (cache miss)
npm http fetch GET 200 https://registry.vlt.io/vlt-benchmarks/npm/lodash.debounce 16ms (cache miss)
npm http fetch GET 200 https://registry.vlt.io/vlt-benchmarks/npm/react-dnd 12ms (cache miss)
npm http fetch GET 200 https://registry.vlt.io/vlt-benchmarks/npm/react-dnd-touch-backend 16ms (cache miss)
npm http fetch GET 200 https://registry.vlt.io/vlt-benchmarks/npm/@react-dnd%2finvariant 15ms (cache miss)
npm http fetch GET 200 https://registry.vlt.io/vlt-benchmarks/npm/@react-dnd%2fshallowequal 17ms (cache miss)
npm http fetch GET 200 https://registry.vlt.io/vlt-benchmarks/npm/dnd-core 18ms (cache miss)
npm http fetch GET 200 https://registry.vlt.io/vlt-benchmarks/npm/hoist-non-react-statics 14ms (cache miss)
npm http fetch GET 200 https://registry.vlt.io/vlt-benchmarks/npm/dnd-core 14ms (cache miss)
npm http fetch GET 200 https://registry.vlt.io/vlt-benchmarks/npm/@rollup%2fplugin-alias 15ms (cache miss)
npm http fetch GET 200 https://registry.vlt.io/vlt-benchmarks/npm/rollup 27ms (cache miss)
npm http fetch GET 200 https://registry.vlt.io/vlt-benchmarks/npm/@rollup%2fplugin-node-resolve 17ms (cache miss)
npm http fetch GET 200 https://registry.vlt.io/vlt-benchmarks/npm/@rollup%2fplugin-typescript 13ms (cache miss)
npm http fetch GET 200 https://registry.vlt.io/vlt-benchmarks/npm/typescript 26ms (cache revalidated)
npm http fetch GET 200 https://registry.vlt.io/vlt-benchmarks/npm/rollup-plugin-dts 31ms (cache miss)
npm http fetch GET 200 https://registry.vlt.io/vlt-benchmarks/npm/typescript 20ms (cache revalidated)
npm http fetch GET 200 https://registry.vlt.io/vlt-benchmarks/npm/@rollup%2fpluginutils 16ms (cache miss)
npm http fetch GET 200 https://registry.vlt.io/vlt-benchmarks/npm/is-module 18ms (cache miss)
npm http fetch GET 200 https://registry.vlt.io/vlt-benchmarks/npm/@types%2fresolve 20ms (cache miss)
npm http fetch GET 200 https://registry.vlt.io/vlt-benchmarks/npm/@rollup%2frollup-darwin-x64 13ms (cache miss)
npm http fetch GET 200 https://registry.vlt.io/vlt-benchmarks/npm/@rollup%2fpluginutils 18ms (cache revalidated)
npm http fetch GET 200 https://registry.vlt.io/vlt-benchmarks/npm/@rollup%2frollup-freebsd-x64 16ms (cache miss)
npm http fetch GET 200 https://registry.vlt.io/vlt-benchmarks/npm/@rollup%2frollup-openbsd-x64 13ms (cache miss)
npm http fetch GET 200 https://registry.vlt.io/vlt-benchmarks/npm/@napi-rs%2flzma-linux-x64-gnu 15ms (cache miss)
npm http fetch GET 200 https://registry.vlt.io/vlt-benchmarks/npm/@rollup%2frollup-darwin-arm64 15ms (cache miss)
npm http fetch GET 200 https://registry.vlt.io/vlt-benchmarks/npm/@rollup%2frollup-freebsd-arm64 17ms (cache miss)
npm http fetch GET 200 https://registry.vlt.io/vlt-benchmarks/npm/@rollup%2frollup-android-arm64 23ms (cache miss)
npm http fetch GET 200 https://registry.vlt.io/vlt-benchmarks/npm/@rollup%2frollup-linux-x64-gnu 17ms (cache miss)
npm http fetch GET 200 https://registry.vlt.io/vlt-benchmarks/npm/@rollup%2frollup-win32-x64-gnu 14ms (cache miss)
npm http fetch GET 200 https://registry.vlt.io/vlt-benchmarks/npm/@rollup%2frollup-linux-x64-musl 16ms (cache miss)
npm http fetch GET 200 https://registry.vlt.io/vlt-benchmarks/npm/@rollup%2frollup-win32-x64-msvc 17ms (cache miss)
npm http fetch GET 200 https://registry.vlt.io/vlt-benchmarks/npm/@rollup%2frollup-linux-arm64-gnu 13ms (cache miss)
npm http fetch GET 200 https://registry.vlt.io/vlt-benchmarks/npm/@rollup%2frollup-linux-ppc64-gnu 14ms (cache miss)
npm http fetch GET 200 https://registry.vlt.io/vlt-benchmarks/npm/@rollup%2frollup-linux-s390x-gnu 14ms (cache miss)
npm http fetch GET 200 https://registry.vlt.io/vlt-benchmarks/npm/@rollup%2frollup-win32-ia32-msvc 13ms (cache miss)
npm http fetch GET 200 https://registry.vlt.io/vlt-benchmarks/npm/@rollup%2frollup-android-arm-eabi 14ms (cache miss)
npm http fetch GET 200 https://registry.vlt.io/vlt-benchmarks/npm/@rollup%2frollup-linux-arm64-musl 16ms (cache miss)
npm http fetch GET 200 https://registry.vlt.io/vlt-benchmarks/npm/@rollup%2frollup-linux-ppc64-musl 12ms (cache miss)
npm http fetch GET 200 https://registry.vlt.io/vlt-benchmarks/npm/@rollup%2frollup-win32-arm64-msvc 14ms (cache miss)
npm http fetch GET 200 https://registry.vlt.io/vlt-benchmarks/npm/@rollup%2frollup-linux-loong64-gnu 12ms (cache miss)
npm http fetch GET 200 https://registry.vlt.io/vlt-benchmarks/npm/@rollup%2frollup-linux-riscv64-gnu 14ms (cache miss)
npm http fetch GET 200 https://registry.vlt.io/vlt-benchmarks/npm/@rollup%2frollup-openharmony-arm64 11ms (cache miss)
npm http fetch GET 200 https://registry.vlt.io/vlt-benchmarks/npm/@rollup%2frollup-linux-loong64-musl 13ms (cache miss)
npm http fetch GET 200 https://registry.vlt.io/vlt-benchmarks/npm/@rollup%2frollup-linux-riscv64-musl 12ms (cache miss)
npm http fetch GET 200 https://registry.vlt.io/vlt-benchmarks/npm/@rollup%2frollup-linux-arm-gnueabihf 13ms (cache miss)
npm http fetch GET 200 https://registry.vlt.io/vlt-benchmarks/npm/@rollup%2frollup-linux-arm-musleabihf 12ms (cache miss)
npm http fetch GET 200 https://registry.vlt.io/vlt-benchmarks/npm/magic-string 12ms (cache miss)
npm http fetch GET 200 https://registry.vlt.io/vlt-benchmarks/npm/@types%2fdagre 15ms (cache miss)
npm http fetch GET 200 https://registry.vlt.io/vlt-benchmarks/npm/dagre 20ms (cache miss)
npm http fetch GET 200 https://registry.vlt.io/vlt-benchmarks/npm/lodash 16ms (cache revalidated)
npm http fetch GET 200 https://registry.vlt.io/vlt-benchmarks/npm/graphlib 18ms (cache miss)
npm http fetch GET 200 https://registry.vlt.io/vlt-benchmarks/npm/jest-puppeteer 12ms (cache miss)
npm http fetch GET 200 https://registry.vlt.io/vlt-benchmarks/npm/puppeteer 19ms (cache miss)
npm http fetch GET 200 https://registry.vlt.io/vlt-benchmarks/npm/jest-environment-puppeteer 14ms (cache miss)
npm http fetch GET 200 https://registry.vlt.io/vlt-benchmarks/npm/cosmiconfig 15ms (cache miss)
npm http fetch GET 200 https://registry.vlt.io/vlt-benchmarks/npm/expect-puppeteer 20ms (cache miss)
npm http fetch GET 200 https://registry.vlt.io/vlt-benchmarks/npm/devtools-protocol 17ms (cache miss)
npm http fetch GET 200 https://registry.vlt.io/vlt-benchmarks/npm/@puppeteer%2fbrowsers 19ms (cache miss)
npm http fetch GET 200 https://registry.vlt.io/vlt-benchmarks/npm/puppeteer-core 25ms (cache miss)
npm http fetch GET 200 https://registry.vlt.io/vlt-benchmarks/npm/lit 17ms (cache miss)
npm http fetch GET 200 https://registry.vlt.io/vlt-benchmarks/npm/@rollup%2fplugin-commonjs 18ms (cache miss)
npm http fetch GET 200 https://registry.vlt.io/vlt-benchmarks/npm/@rollup%2fplugin-terser 15ms (cache miss)
npm http fetch GET 200 https://registry.vlt.io/vlt-benchmarks/npm/rollup-plugin-minify-template-literals 17ms (cache miss)
npm http fetch GET 200 https://registry.vlt.io/vlt-benchmarks/npm/vite 20ms (cache miss)
npm http fetch GET 200 https://registry.vlt.io/vlt-benchmarks/npm/is-reference 14ms (cache miss)
npm http fetch GET 200 https://registry.vlt.io/vlt-benchmarks/npm/magic-string 16ms (cache revalidated)
npm http fetch GET 200 https://registry.vlt.io/vlt-benchmarks/npm/estree-walker 15ms (cache miss)
npm http fetch GET 200 https://registry.vlt.io/vlt-benchmarks/npm/commondir 31ms (cache miss)
npm http fetch GET 200 https://registry.vlt.io/vlt-benchmarks/npm/smob 18ms (cache miss)
npm http fetch GET 200 https://registry.vlt.io/vlt-benchmarks/npm/@lit%2freactive-element 13ms (cache miss)
npm http fetch GET 200 https://registry.vlt.io/vlt-benchmarks/npm/lit-element 16ms (cache miss)
npm http fetch GET 200 https://registry.vlt.io/vlt-benchmarks/npm/serialize-javascript 26ms (cache miss)
npm http fetch GET 200 https://registry.vlt.io/vlt-benchmarks/npm/lit-html 18ms (cache miss)
npm http fetch GET 200 https://registry.vlt.io/vlt-benchmarks/npm/fdir 13ms (cache revalidated)
npm http fetch GET 200 https://registry.vlt.io/vlt-benchmarks/npm/minify-literals 18ms (cache miss)
npm http fetch GET 200 https://registry.vlt.io/vlt-benchmarks/npm/esbuild 16ms (cache miss)
npm http fetch GET 200 https://registry.vlt.io/vlt-benchmarks/npm/postcss 16ms (cache miss)
npm http fetch GET 200 https://registry.vlt.io/vlt-benchmarks/npm/source-map-loader 18ms (cache miss)
npm http fetch GET 200 https://registry.vlt.io/vlt-benchmarks/npm/ts-loader 18ms (cache miss)
npm http fetch GET 200 https://registry.vlt.io/vlt-benchmarks/npm/typescript 24ms (cache revalidated)
npm http fetch GET 200 https://registry.vlt.io/vlt-benchmarks/npm/source-map-js 23ms (cache revalidated)
npm http fetch GET 200 https://registry.vlt.io/vlt-benchmarks/npm/css-loader 21ms (cache miss)
npm http fetch GET 200 https://registry.vlt.io/vlt-benchmarks/npm/sass-loader 18ms (cache miss)
npm http fetch GET 200 https://registry.vlt.io/vlt-benchmarks/npm/postcss 14ms (cache revalidated)
npm http fetch GET 200 https://registry.vlt.io/vlt-benchmarks/npm/icss-utils 17ms (cache miss)
npm http fetch GET 200 https://registry.vlt.io/vlt-benchmarks/npm/postcss-value-parser 18ms (cache miss)
npm http fetch GET 200 https://registry.vlt.io/vlt-benchmarks/npm/postcss-modules-scope 12ms (cache miss)
npm http fetch GET 200 https://registry.vlt.io/vlt-benchmarks/npm/postcss-modules-extract-imports 13ms (cache miss)
npm http fetch GET 200 https://registry.vlt.io/vlt-benchmarks/npm/postcss-modules-values 17ms (cache miss)
npm http fetch GET 200 https://registry.vlt.io/vlt-benchmarks/npm/postcss-modules-local-by-default 13ms (cache miss)
npm http fetch GET 200 https://registry.vlt.io/vlt-benchmarks/npm/neo-async 17ms (cache miss)
npm http fetch GET 200 https://registry.vlt.io/vlt-benchmarks/npm/style-loader 15ms (cache miss)
npm http fetch GET 200 https://registry.vlt.io/vlt-benchmarks/npm/webpack-dev-server 19ms (cache miss)
npm http fetch GET 200 https://registry.vlt.io/vlt-benchmarks/npm/sockjs 19ms (cache miss)
npm http fetch GET 200 https://registry.vlt.io/vlt-benchmarks/npm/express 21ms (cache miss)
npm http fetch GET 200 https://registry.vlt.io/vlt-benchmarks/npm/spdy 25ms (cache miss)
npm http fetch GET 200 https://registry.vlt.io/vlt-benchmarks/npm/p-retry 12ms (cache miss)
npm http fetch GET 200 https://registry.vlt.io/vlt-benchmarks/npm/ipaddr.js 17ms (cache miss)
npm http fetch GET 200 https://registry.vlt.io/vlt-benchmarks/npm/@types%2fws 20ms (cache miss)
npm http fetch GET 200 https://registry.vlt.io/vlt-benchmarks/npm/selfsigned 16ms (cache miss)
npm http fetch GET 200 https://registry.vlt.io/vlt-benchmarks/npm/compression 17ms (cache miss)
npm http fetch GET 200 https://registry.vlt.io/vlt-benchmarks/npm/serve-index 19ms (cache miss)
npm http fetch GET 200 https://registry.vlt.io/vlt-benchmarks/npm/@types%2fsockjs 17ms (cache miss)
npm http fetch GET 200 https://registry.vlt.io/vlt-benchmarks/npm/launch-editor 12ms (cache miss)
npm http fetch GET 200 https://registry.vlt.io/vlt-benchmarks/npm/@types%2fbonjour 12ms (cache miss)
npm http fetch GET 200 https://registry.vlt.io/vlt-benchmarks/npm/@types%2fexpress 18ms (cache miss)
npm http fetch GET 200 https://registry.vlt.io/vlt-benchmarks/npm/bonjour-service 16ms (cache miss)
npm http fetch GET 200 https://registry.vlt.io/vlt-benchmarks/npm/@types%2fserve-index 16ms (cache miss)
npm http fetch GET 200 https://registry.vlt.io/vlt-benchmarks/npm/@types%2fserve-static 17ms (cache miss)
npm http fetch GET 200 https://registry.vlt.io/vlt-benchmarks/npm/ansi-html-community 16ms (cache miss)
npm http fetch GET 200 https://registry.vlt.io/vlt-benchmarks/npm/http-proxy-middleware 17ms (cache miss)
npm http fetch GET 200 https://registry.vlt.io/vlt-benchmarks/npm/connect-history-api-fallback 14ms (cache miss)
npm http fetch GET 200 https://registry.vlt.io/vlt-benchmarks/npm/webpack-dev-middleware 20ms (cache miss)
npm http fetch GET 200 https://registry.vlt.io/vlt-benchmarks/npm/@types%2fexpress-serve-static-core 15ms (cache miss)
npm http fetch GET 200 https://registry.vlt.io/vlt-benchmarks/npm/@types%2fconnect-history-api-fallback 12ms (cache miss)
npm http fetch GET 200 https://registry.vlt.io/vlt-benchmarks/npm/webpack-bundle-analyzer 12ms (cache miss)
npm http fetch GET 200 https://registry.vlt.io/vlt-benchmarks/npm/opener 13ms (cache miss)
npm http fetch GET 200 https://registry.vlt.io/vlt-benchmarks/npm/sirv 15ms (cache miss)
npm http fetch GET 200 https://registry.vlt.io/vlt-benchmarks/npm/ws 18ms (cache revalidated)
npm http fetch GET 200 https://registry.vlt.io/vlt-benchmarks/npm/debounce 16ms (cache miss)
npm http fetch GET 200 https://registry.vlt.io/vlt-benchmarks/npm/gzip-size 16ms (cache miss)
npm http fetch GET 200 https://registry.vlt.io/vlt-benchmarks/npm/@discoveryjs%2fjson-ext 13ms (cache revalidated)
npm http fetch GET 200 https://registry.vlt.io/vlt-benchmarks/npm/@types%2feslint 14ms (cache miss)
npm http fetch GET 200 https://registry.vlt.io/vlt-benchmarks/npm/@svgr%2fwebpack 18ms (cache miss)
npm http fetch GET 200 https://registry.vlt.io/vlt-benchmarks/npm/copy-webpack-plugin 16ms (cache miss)
npm http fetch GET 200 https://registry.vlt.io/vlt-benchmarks/npm/split.js 15ms (cache miss)
npm http fetch GET 200 https://registry.vlt.io/vlt-benchmarks/npm/url-loader 16ms (cache miss)
npm http fetch GET 200 https://registry.vlt.io/vlt-benchmarks/npm/@babel%2fplugin-transform-react-constant-elements 20ms (cache miss)
npm http fetch GET 200 https://registry.vlt.io/vlt-benchmarks/npm/@babel%2fpreset-react 23ms (cache miss)
npm http fetch GET 200 https://registry.vlt.io/vlt-benchmarks/npm/@babel%2fpreset-env 27ms (cache miss)
npm http fetch GET 200 https://registry.vlt.io/vlt-benchmarks/npm/@svgr%2fcore 26ms (cache miss)
npm http fetch GET 200 https://registry.vlt.io/vlt-benchmarks/npm/@babel%2fpreset-typescript 32ms (cache miss)
npm http fetch GET 200 https://registry.vlt.io/vlt-benchmarks/npm/@svgr%2fplugin-jsx 32ms (cache miss)
npm http fetch GET 200 https://registry.vlt.io/vlt-benchmarks/npm/globby 14ms (cache miss)
npm http fetch GET 200 https://registry.vlt.io/vlt-benchmarks/npm/@svgr%2fplugin-svgo 19ms (cache miss)
npm http fetch GET 200 https://registry.vlt.io/vlt-benchmarks/npm/serialize-javascript 14ms (cache revalidated)
npm http fetch GET 200 https://registry.vlt.io/vlt-benchmarks/npm/loader-utils 13ms (cache miss)
npm http fetch GET 200 https://registry.vlt.io/vlt-benchmarks/npm/file-loader 16ms (cache miss)
npm http fetch GET 200 https://registry.vlt.io/vlt-benchmarks/npm/@types%2fuuid 15ms (cache miss)
npm http fetch GET 200 https://registry.vlt.io/vlt-benchmarks/npm/@typescript%2fata 18ms (cache miss)
npm http fetch GET 200 https://registry.vlt.io/vlt-benchmarks/npm/typescript 22ms (cache revalidated)
npm http fetch GET 200 https://registry.vlt.io/vlt-benchmarks/npm/monaco-editor 21ms (cache miss)
npm http fetch GET 200 https://registry.vlt.io/vlt-benchmarks/npm/monaco-editor-webpack-plugin 32ms (cache miss)
npm http fetch GET 200 https://registry.vlt.io/vlt-benchmarks/npm/ts-debounce 17ms (cache miss)
npm http fetch GET 200 https://registry.vlt.io/vlt-benchmarks/npm/loader-utils 16ms (cache revalidated)
npm http fetch GET 200 https://registry.vlt.io/vlt-benchmarks/npm/dompurify 21ms (cache miss)
npm http fetch GET 200 https://registry.vlt.io/vlt-benchmarks/npm/marked 23ms (cache miss)
npm http fetch GET 200 https://registry.vlt.io/vlt-benchmarks/npm/bufferutil 17ms (cache miss)
npm http fetch GET 200 https://registry.vlt.io/vlt-benchmarks/npm/utf-8-validate 24ms (cache miss)
npm http fetch GET 200 https://registry.vlt.io/vlt-benchmarks/npm/@types%2fws 13ms (cache revalidated)
npm http fetch GET 200 https://registry.vlt.io/vlt-benchmarks/npm/https 15ms (cache miss)
npm http fetch GET 200 https://registry.vlt.io/vlt-benchmarks/npm/node-gyp-build 14ms (cache miss)
npm http fetch GET 200 https://registry.vlt.io/vlt-benchmarks/npm/node-gyp-build 15ms (cache miss)
npm http fetch GET 200 https://registry.vlt.io/vlt-benchmarks/npm/@types%2fchrome 12ms (cache miss)
npm http fetch GET 200 https://registry.vlt.io/vlt-benchmarks/npm/@types%2fhar-format 12ms (cache miss)
npm http fetch GET 200 https://registry.vlt.io/vlt-benchmarks/npm/@types%2ffilesystem 15ms (cache miss)
npm http fetch GET 200 https://registry.vlt.io/vlt-benchmarks/npm/jest-image-snapshot 14ms (cache miss)
npm http fetch GET 200 https://registry.vlt.io/vlt-benchmarks/npm/@types%2fjest-image-snapshot 16ms (cache miss)
npm http fetch GET 200 https://registry.vlt.io/vlt-benchmarks/npm/browserstack-local 12ms (cache miss)
npm http fetch GET 200 https://registry.vlt.io/vlt-benchmarks/npm/@types%2fpixelmatch 20ms (cache miss)
npm http fetch GET 200 https://registry.vlt.io/vlt-benchmarks/npm/is-running 20ms (cache miss)
npm http fetch GET 200 https://registry.vlt.io/vlt-benchmarks/npm/ssim.js 23ms (cache miss)
npm http fetch GET 200 https://registry.vlt.io/vlt-benchmarks/npm/get-stdin 19ms (cache miss)
npm http fetch GET 200 https://registry.vlt.io/vlt-benchmarks/npm/pixelmatch 18ms (cache miss)
npm http fetch GET 200 https://registry.vlt.io/vlt-benchmarks/npm/glur 22ms (cache miss)
npm http fetch GET 200 https://registry.vlt.io/vlt-benchmarks/npm/pngjs 18ms (cache miss)
npm http fetch GET 200 https://registry.vlt.io/vlt-benchmarks/npm/memlab 17ms (cache miss)
npm http fetch GET 200 https://registry.vlt.io/vlt-benchmarks/npm/babar 20ms (cache miss)
npm http fetch GET 200 https://registry.vlt.io/vlt-benchmarks/npm/ansi 21ms (cache miss)
npm http fetch GET 200 https://registry.vlt.io/vlt-benchmarks/npm/xvfb 25ms (cache miss)
npm http fetch GET 200 https://registry.vlt.io/vlt-benchmarks/npm/fs-extra 15ms (cache revalidated)
npm http fetch GET 200 https://registry.vlt.io/vlt-benchmarks/npm/@memlab%2fapi 22ms (cache miss)
npm http fetch GET 200 https://registry.vlt.io/vlt-benchmarks/npm/@memlab%2fcli 19ms (cache miss)
npm http fetch GET 200 https://registry.vlt.io/vlt-benchmarks/npm/@memlab%2fe2e 18ms (cache miss)
npm http fetch GET 200 https://registry.vlt.io/vlt-benchmarks/npm/@memlab%2fcore 17ms (cache miss)
npm http fetch GET 200 https://registry.vlt.io/vlt-benchmarks/npm/@memlab%2flens 18ms (cache miss)
npm http fetch GET 200 https://registry.vlt.io/vlt-benchmarks/npm/puppeteer-core 13ms (cache revalidated)
npm http fetch GET 200 https://registry.vlt.io/vlt-benchmarks/npm/util.promisify 18ms (cache miss)
npm http fetch GET 200 https://registry.vlt.io/vlt-benchmarks/npm/@memlab%2fheap-analysis 16ms (cache miss)
npm http fetch GET 200 https://registry.vlt.io/vlt-benchmarks/npm/cross-env 16ms (cache miss)
npm http fetch GET 200 https://registry.vlt.io/vlt-benchmarks/npm/nyc 17ms (cache miss)
npm http fetch GET 200 https://registry.vlt.io/vlt-benchmarks/npm/rollup-plugin-visualizer 16ms (cache miss)
npm http fetch GET 200 https://registry.vlt.io/vlt-benchmarks/npm/make-dir 13ms (cache revalidated)
npm http fetch GET 200 https://registry.vlt.io/vlt-benchmarks/npm/p-map 17ms (cache miss)
npm http fetch GET 200 https://registry.vlt.io/vlt-benchmarks/npm/decamelize 16ms (cache miss)
npm http fetch GET 200 https://registry.vlt.io/vlt-benchmarks/npm/find-cache-dir 14ms (cache miss)
npm http fetch GET 200 https://registry.vlt.io/vlt-benchmarks/npm/node-preload 18ms (cache miss)
npm http fetch GET 200 https://registry.vlt.io/vlt-benchmarks/npm/spawn-wrap 20ms (cache miss)
npm http fetch GET 200 https://registry.vlt.io/vlt-benchmarks/npm/process-on-spawn 14ms (cache miss)
npm http fetch GET 200 https://registry.vlt.io/vlt-benchmarks/npm/caching-transform 16ms (cache miss)
npm http fetch GET 200 https://registry.vlt.io/vlt-benchmarks/npm/istanbul-lib-hook 20ms (cache miss)
npm http fetch GET 200 https://registry.vlt.io/vlt-benchmarks/npm/convert-source-map 20ms (cache revalidated)
npm http fetch GET 200 https://registry.vlt.io/vlt-benchmarks/npm/istanbul-lib-processinfo 17ms (cache miss)
npm http fetch GET 200 https://registry.vlt.io/vlt-benchmarks/npm/@dnd-kit%2fmodifiers 15ms (cache miss)
npm http fetch GET 200 https://registry.vlt.io/vlt-benchmarks/npm/@dnd-kit%2fcore 16ms (cache miss)
npm http fetch GET 200 https://registry.vlt.io/vlt-benchmarks/npm/@dnd-kit%2fsortable 17ms (cache miss)
npm http fetch GET 200 https://registry.vlt.io/vlt-benchmarks/npm/@dnd-kit%2futilities 18ms (cache miss)
npm http fetch GET 200 https://registry.vlt.io/vlt-benchmarks/npm/@dnd-kit%2futilities 19ms (cache miss)
npm http fetch GET 200 https://registry.vlt.io/vlt-benchmarks/npm/@dnd-kit%2faccessibility 19ms (cache miss)
npm http fetch GET 200 https://registry.vlt.io/vlt-benchmarks/npm/react 18ms (cache revalidated)
npm http fetch GET 200 https://registry.vlt.io/vlt-benchmarks/npm/react 14ms (cache revalidated)
npm http fetch GET 200 https://registry.vlt.io/vlt-benchmarks/npm/@types%2freact 12ms (cache revalidated)
npm http fetch GET 200 https://registry.vlt.io/vlt-benchmarks/npm/@griffel%2fcore 14ms (cache miss)
npm http fetch GET 200 https://registry.vlt.io/vlt-benchmarks/npm/@fluentui%2fkeyboard-keys 18ms (cache miss)
npm http fetch GET 200 https://registry.vlt.io/vlt-benchmarks/npm/react 16ms (cache revalidated)
npm http fetch GET 200 https://registry.vlt.io/vlt-benchmarks/npm/react-dom 13ms (cache revalidated)
npm http fetch GET 200 https://registry.vlt.io/vlt-benchmarks/npm/@fluentui%2freact-avatar 17ms (cache revalidated)
npm http fetch GET 200 https://registry.vlt.io/vlt-benchmarks/npm/@fluentui%2freact-motion-components-preview 33ms (cache miss)
npm http fetch GET 200 https://registry.vlt.io/vlt-benchmarks/npm/@fluentui%2freact-context-selector 41ms (cache miss)
npm http fetch GET 200 https://registry.vlt.io/vlt-benchmarks/npm/embla-carousel 14ms (cache miss)
npm http fetch GET 200 https://registry.vlt.io/vlt-benchmarks/npm/@fluentui%2freact-context-selector 29ms (cache miss)
npm http fetch GET 200 https://registry.vlt.io/vlt-benchmarks/npm/embla-carousel-fade 24ms (cache miss)
npm http fetch GET 200 https://registry.vlt.io/vlt-benchmarks/npm/embla-carousel-autoplay 18ms (cache miss)
npm http fetch GET 200 https://registry.vlt.io/vlt-benchmarks/npm/@fluentui%2freact-popover 15ms (cache revalidated)
npm http fetch GET 200 https://registry.vlt.io/vlt-benchmarks/npm/@floating-ui%2fdom 18ms (cache miss)
npm http fetch GET 200 https://registry.vlt.io/vlt-benchmarks/npm/@fluentui%2fpriority-overflow 22ms (cache miss)
npm http fetch GET 200 https://registry.vlt.io/vlt-benchmarks/npm/@floating-ui%2fdevtools 18ms (cache miss)
npm http fetch GET 200 https://registry.vlt.io/vlt-benchmarks/npm/use-sync-external-store 21ms (cache miss)
npm http fetch GET 200 https://registry.vlt.io/vlt-benchmarks/npm/@griffel%2fcore 22ms (cache revalidated)
npm http fetch GET 200 https://registry.vlt.io/vlt-benchmarks/npm/keyborg 25ms (cache miss)
npm http fetch GET 200 https://registry.vlt.io/vlt-benchmarks/npm/tabster 27ms (cache miss)
npm http fetch GET 200 https://registry.vlt.io/vlt-benchmarks/npm/@fluentui%2ftokens 27ms (cache miss)
npm http fetch GET 200 https://registry.vlt.io/vlt-benchmarks/npm/scheduler 15ms (cache revalidated)
npm http fetch GET 200 https://registry.vlt.io/vlt-benchmarks/npm/@floating-ui%2futils 15ms (cache miss)
npm http fetch GET 200 https://registry.vlt.io/vlt-benchmarks/npm/@floating-ui%2fcore 18ms (cache miss)
npm http fetch GET 200 https://registry.vlt.io/vlt-benchmarks/npm/csstype 18ms (cache revalidated)
npm http fetch GET 200 https://registry.vlt.io/vlt-benchmarks/npm/rtl-css-js 20ms (cache miss)
npm http fetch GET 200 https://registry.vlt.io/vlt-benchmarks/npm/stylis 22ms (cache miss)
npm http fetch GET 200 https://registry.vlt.io/vlt-benchmarks/npm/@emotion%2fhash 13ms (cache miss)
npm http fetch GET 200 https://registry.vlt.io/vlt-benchmarks/npm/@griffel%2fstyle-types 22ms (cache miss)
npm http fetch GET 200 https://registry.vlt.io/vlt-benchmarks/npm/keyborg 25ms (cache revalidated)
npm http fetch GET 200 https://registry.vlt.io/vlt-benchmarks/npm/loose-envify 16ms (cache revalidated)
npm http fetch GET 200 https://registry.vlt.io/vlt-benchmarks/npm/react-is 19ms (cache revalidated)
npm http fetch GET 200 https://registry.vlt.io/vlt-benchmarks/npm/object-assign 33ms (cache miss)
npm http fetch GET 200 https://registry.vlt.io/vlt-benchmarks/npm/@babel%2fruntime 14ms (cache miss)
npm http fetch GET 200 https://registry.vlt.io/vlt-benchmarks/npm/stackframe 14ms (cache miss)
npm http fetch GET 200 https://registry.vlt.io/vlt-benchmarks/npm/rollup 20ms (cache revalidated)
npm http fetch GET 200 https://registry.vlt.io/vlt-benchmarks/npm/path-scurry 23ms (cache revalidated)
npm http fetch GET 200 https://registry.vlt.io/vlt-benchmarks/npm/jackspeak 26ms (cache revalidated)
npm http fetch GET 200 https://registry.vlt.io/vlt-benchmarks/npm/randombytes 18ms (cache miss)
npm http fetch GET 200 https://registry.vlt.io/vlt-benchmarks/npm/core-js-compat 18ms (cache miss)
npm http fetch GET 200 https://registry.vlt.io/vlt-benchmarks/npm/@babel%2fpreset-modules 21ms (cache miss)
npm http fetch GET 200 https://registry.vlt.io/vlt-benchmarks/npm/babel-plugin-polyfill-corejs2 22ms (cache miss)
npm http fetch GET 200 https://registry.vlt.io/vlt-benchmarks/npm/babel-plugin-polyfill-corejs3 16ms (cache miss)
npm http fetch GET 200 https://registry.vlt.io/vlt-benchmarks/npm/@babel%2fplugin-transform-for-of 18ms (cache miss)
npm http fetch GET 200 https://registry.vlt.io/vlt-benchmarks/npm/@babel%2fplugin-transform-spread 17ms (cache miss)
npm http fetch GET 200 https://registry.vlt.io/vlt-benchmarks/npm/@babel%2fplugin-transform-classes 16ms (cache miss)
npm http fetch GET 200 https://registry.vlt.io/vlt-benchmarks/npm/babel-plugin-polyfill-regenerator 20ms (cache miss)
npm http fetch GET 200 https://registry.vlt.io/vlt-benchmarks/npm/@babel%2fplugin-transform-literals 22ms (cache miss)
npm http fetch GET 200 https://registry.vlt.io/vlt-benchmarks/npm/@babel%2fplugin-transform-new-target 16ms (cache miss)
npm http fetch GET 200 https://registry.vlt.io/vlt-benchmarks/npm/@babel%2fplugin-transform-parameters 19ms (cache miss)
npm http fetch GET 200 https://registry.vlt.io/vlt-benchmarks/npm/@babel%2fplugin-transform-modules-amd 20ms (cache miss)
npm http fetch GET 200 https://registry.vlt.io/vlt-benchmarks/npm/@babel%2fplugin-transform-modules-umd 17ms (cache miss)
npm http fetch GET 200 https://registry.vlt.io/vlt-benchmarks/npm/@babel%2fplugin-transform-regenerator 19ms (cache miss)
npm http fetch GET 200 https://registry.vlt.io/vlt-benchmarks/npm/@babel%2fplugin-transform-dotall-regex 21ms (cache miss)
npm http fetch GET 200 https://registry.vlt.io/vlt-benchmarks/npm/@babel%2fplugin-transform-json-strings 19ms (cache miss)
npm http fetch GET 200 https://registry.vlt.io/vlt-benchmarks/npm/@babel%2fplugin-transform-object-super 18ms (cache miss)
npm http fetch GET 200 https://registry.vlt.io/vlt-benchmarks/npm/@babel%2fplugin-transform-block-scoping 14ms (cache miss)
npm http fetch GET 200 https://registry.vlt.io/vlt-benchmarks/npm/@babel%2fplugin-transform-sticky-regex 20ms (cache miss)
npm http fetch GET 200 https://registry.vlt.io/vlt-benchmarks/npm/@babel%2fplugin-transform-function-name 15ms (cache miss)
npm http fetch GET 200 https://registry.vlt.io/vlt-benchmarks/npm/@babel%2fplugin-transform-destructuring 19ms (cache miss)
npm http fetch GET 200 https://registry.vlt.io/vlt-benchmarks/npm/@babel%2fplugin-transform-typeof-symbol 17ms (cache miss)
npm http fetch GET 200 https://registry.vlt.io/vlt-benchmarks/npm/@babel%2fplugin-transform-unicode-regex 12ms (cache miss)
npm http fetch GET 200 https://registry.vlt.io/vlt-benchmarks/npm/@babel%2fplugin-syntax-import-assertions 18ms (cache miss)
npm http fetch GET 200 https://registry.vlt.io/vlt-benchmarks/npm/@babel%2fplugin-transform-duplicate-keys 19ms (cache miss)
npm http fetch GET 200 https://registry.vlt.io/vlt-benchmarks/npm/@babel%2fplugin-transform-dynamic-import 17ms (cache miss)
npm http fetch GET 200 https://registry.vlt.io/vlt-benchmarks/npm/@babel%2fplugin-transform-reserved-words 17ms (cache miss)
npm http fetch GET 200 https://registry.vlt.io/vlt-benchmarks/npm/@babel%2fplugin-syntax-unicode-sets-regex 19ms (cache miss)
npm http fetch GET 200 https://registry.vlt.io/vlt-benchmarks/npm/@babel%2fplugin-transform-arrow-functions 17ms (cache miss)
npm http fetch GET 200 https://registry.vlt.io/vlt-benchmarks/npm/@babel%2fplugin-transform-private-methods 16ms (cache miss)
npm http fetch GET 200 https://registry.vlt.io/vlt-benchmarks/npm/@babel%2fplugin-transform-unicode-escapes 15ms (cache miss)
npm http fetch GET 200 https://registry.vlt.io/vlt-benchmarks/npm/@babel%2fplugin-transform-class-properties 15ms (cache miss)
npm http fetch GET 200 https://registry.vlt.io/vlt-benchmarks/npm/@babel%2fplugin-transform-modules-commonjs 14ms (cache miss)
npm http fetch GET 200 https://registry.vlt.io/vlt-benchmarks/npm/@babel%2fplugin-transform-modules-systemjs 13ms (cache miss)
npm http fetch GET 200 https://registry.vlt.io/vlt-benchmarks/npm/@babel%2fplugin-transform-regexp-modifiers 14ms (cache miss)
npm http fetch GET 200 https://registry.vlt.io/vlt-benchmarks/npm/@babel%2fplugin-transform-numeric-separator 12ms (cache miss)
npm http fetch GET 200 https://registry.vlt.io/vlt-benchmarks/npm/@babel%2fplugin-transform-optional-chaining 18ms (cache miss)
npm http fetch GET 200 https://registry.vlt.io/vlt-benchmarks/npm/@babel%2fplugin-transform-property-literals 16ms (cache miss)
npm http fetch GET 200 https://registry.vlt.io/vlt-benchmarks/npm/@babel%2fplugin-transform-template-literals 16ms (cache miss)
npm http fetch GET 200 https://registry.vlt.io/vlt-benchmarks/npm/@babel%2fplugin-transform-class-static-block 13ms (cache miss)
npm http fetch GET 200 https://registry.vlt.io/vlt-benchmarks/npm/@babel%2fplugin-transform-async-to-generator 19ms (cache miss)
npm http fetch GET 200 https://registry.vlt.io/vlt-benchmarks/npm/@babel%2fplugin-transform-object-rest-spread 14ms (cache miss)
npm http fetch GET 200 https://registry.vlt.io/vlt-benchmarks/npm/@babel%2fplugin-transform-unicode-sets-regex 18ms (cache miss)
npm http fetch GET 200 https://registry.vlt.io/vlt-benchmarks/npm/@babel%2fplugin-transform-shorthand-properties 16ms (cache miss)
npm http fetch GET 200 https://registry.vlt.io/vlt-benchmarks/npm/@babel%2fplugin-transform-computed-properties 19ms (cache miss)
npm http fetch GET 200 https://registry.vlt.io/vlt-benchmarks/npm/@babel%2fplugin-transform-export-namespace-from 15ms (cache miss)
npm http fetch GET 200 https://registry.vlt.io/vlt-benchmarks/npm/@babel%2fplugin-transform-block-scoped-functions 15ms (cache miss)
npm http fetch GET 200 https://registry.vlt.io/vlt-benchmarks/npm/@babel%2fplugin-transform-unicode-property-regex 16ms (cache miss)
npm http fetch GET 200 https://registry.vlt.io/vlt-benchmarks/npm/@babel%2fplugin-transform-exponentiation-operator 17ms (cache miss)
npm http fetch GET 200 https://registry.vlt.io/vlt-benchmarks/npm/@babel%2fplugin-proposal-private-property-in-object 15ms (cache miss)
npm http fetch GET 200 https://registry.vlt.io/vlt-benchmarks/npm/@babel%2fplugin-transform-optional-catch-binding 49ms (cache miss)
npm http fetch GET 200 https://registry.vlt.io/vlt-benchmarks/npm/@babel%2fplugin-transform-async-generator-functions 19ms (cache miss)
npm http fetch GET 200 https://registry.vlt.io/vlt-benchmarks/npm/@babel%2fplugin-transform-member-expression-literals 14ms (cache miss)
npm http fetch GET 200 https://registry.vlt.io/vlt-benchmarks/npm/@babel%2fplugin-transform-nullish-coalescing-operator 16ms (cache miss)
npm http fetch GET 200 https://registry.vlt.io/vlt-benchmarks/npm/@babel%2fplugin-transform-private-property-in-object 20ms (cache miss)
npm http fetch GET 200 https://registry.vlt.io/vlt-benchmarks/npm/@babel%2fplugin-transform-explicit-resource-management 16ms (cache miss)
npm http fetch GET 200 https://registry.vlt.io/vlt-benchmarks/npm/@babel%2fplugin-transform-named-capturing-groups-regex 16ms (cache miss)
npm http fetch GET 200 https://registry.vlt.io/vlt-benchmarks/npm/@babel%2fplugin-transform-logical-assignment-operators 19ms (cache miss)
npm http fetch GET 200 https://registry.vlt.io/vlt-benchmarks/npm/@babel%2fplugin-bugfix-firefox-class-in-computed-class-key 18ms (cache miss)
npm http fetch GET 200 https://registry.vlt.io/vlt-benchmarks/npm/@babel%2fplugin-bugfix-safari-rest-destructuring-rhs-array 12ms (cache miss)
npm http fetch GET 200 https://registry.vlt.io/vlt-benchmarks/npm/@babel%2fplugin-bugfix-safari-class-field-initializer-scope 16ms (cache miss)
npm http fetch GET 200 https://registry.vlt.io/vlt-benchmarks/npm/@babel%2fplugin-bugfix-v8-static-class-fields-redefine-readonly 16ms (cache miss)
npm http fetch GET 200 https://registry.vlt.io/vlt-benchmarks/npm/@babel%2fplugin-transform-duplicate-named-capturing-groups-regex 12ms (cache miss)
npm http fetch GET 200 https://registry.vlt.io/vlt-benchmarks/npm/@babel%2fplugin-bugfix-v8-spread-parameters-in-optional-chaining 21ms (cache miss)
npm http fetch GET 200 https://registry.vlt.io/vlt-benchmarks/npm/@babel%2fplugin-bugfix-safari-id-destructuring-collision-in-function-expression 17ms (cache miss)
npm http fetch GET 200 https://registry.vlt.io/vlt-benchmarks/npm/@babel%2fplugin-transform-react-jsx 14ms (cache miss)
npm http fetch GET 200 https://registry.vlt.io/vlt-benchmarks/npm/@babel%2fplugin-transform-react-display-name 14ms (cache miss)
npm http fetch GET 200 https://registry.vlt.io/vlt-benchmarks/npm/@babel%2fplugin-transform-react-jsx-development 15ms (cache miss)
npm http fetch GET 200 https://registry.vlt.io/vlt-benchmarks/npm/@babel%2fplugin-transform-react-pure-annotations 17ms (cache miss)
npm http fetch GET 200 https://registry.vlt.io/vlt-benchmarks/npm/@svgr%2fbabel-preset 13ms (cache miss)
npm http fetch GET 200 https://registry.vlt.io/vlt-benchmarks/npm/@babel%2fplugin-transform-typescript 26ms (cache miss)
npm http fetch GET 200 https://registry.vlt.io/vlt-benchmarks/npm/cosmiconfig 14ms (cache revalidated)
npm http fetch GET 200 https://registry.vlt.io/vlt-benchmarks/npm/@svgr%2fhast-util-to-babel-ast 15ms (cache miss)
npm http fetch GET 200 https://registry.vlt.io/vlt-benchmarks/npm/svgo 12ms (cache miss)
npm http fetch GET 200 https://registry.vlt.io/vlt-benchmarks/npm/svg-parser 20ms (cache miss)
npm http fetch GET 200 https://registry.vlt.io/vlt-benchmarks/npm/@babel%2fhelper-skip-transparent-expression-wrappers 19ms (cache miss)
npm http fetch GET 200 https://registry.vlt.io/vlt-benchmarks/npm/@babel%2fhelper-create-regexp-features-plugin 20ms (cache miss)
npm http fetch GET 200 https://registry.vlt.io/vlt-benchmarks/npm/@babel%2fhelper-skip-transparent-expression-wrappers 22ms (cache miss)
npm http fetch GET 200 https://registry.vlt.io/vlt-benchmarks/npm/@babel%2fhelper-remap-async-to-generator 15ms (cache miss)
npm http fetch GET 200 https://registry.vlt.io/vlt-benchmarks/npm/@babel%2fhelper-create-class-features-plugin 17ms (cache miss)
npm http fetch GET 200 https://registry.vlt.io/vlt-benchmarks/npm/@babel%2fhelper-remap-async-to-generator 19ms (cache miss)
npm http fetch GET 200 https://registry.vlt.io/vlt-benchmarks/npm/@babel%2fhelper-create-class-features-plugin 12ms (cache miss)
npm http fetch GET 200 https://registry.vlt.io/vlt-benchmarks/npm/@babel%2fhelper-annotate-as-pure 13ms (cache miss)
npm http fetch GET 200 https://registry.vlt.io/vlt-benchmarks/npm/@babel%2fhelper-replace-supers 16ms (cache miss)
npm http fetch GET 200 https://registry.vlt.io/vlt-benchmarks/npm/@babel%2fhelper-create-regexp-features-plugin 14ms (cache revalidated)
npm http fetch GET 200 https://registry.vlt.io/vlt-benchmarks/npm/@babel%2fhelper-create-regexp-features-plugin 12ms (cache revalidated)
npm http fetch GET 200 https://registry.vlt.io/vlt-benchmarks/npm/@babel%2fhelper-create-regexp-features-plugin 20ms (cache revalidated)
npm http fetch GET 200 https://registry.vlt.io/vlt-benchmarks/npm/@babel%2fhelper-define-polyfill-provider 15ms (cache miss)
npm http fetch GET 200 https://registry.vlt.io/vlt-benchmarks/npm/@babel%2fhelper-define-polyfill-provider 14ms (cache miss)
npm http fetch GET 200 https://registry.vlt.io/vlt-benchmarks/npm/@babel%2fhelper-define-polyfill-provider 12ms (cache miss)
npm http fetch GET 200 https://registry.vlt.io/vlt-benchmarks/npm/regexpu-core 12ms (cache miss)
npm http fetch GET 200 https://registry.vlt.io/vlt-benchmarks/npm/regjsparser 14ms (cache miss)
npm http fetch GET 200 https://registry.vlt.io/vlt-benchmarks/npm/regjsgen 15ms (cache miss)
npm http fetch GET 200 https://registry.vlt.io/vlt-benchmarks/npm/regenerate 16ms (cache miss)
npm http fetch GET 200 https://registry.vlt.io/vlt-benchmarks/npm/unicode-match-property-value-ecmascript 13ms (cache miss)
npm http fetch GET 200 https://registry.vlt.io/vlt-benchmarks/npm/regenerate-unicode-properties 20ms (cache miss)
npm http fetch GET 200 https://registry.vlt.io/vlt-benchmarks/npm/unicode-match-property-ecmascript 19ms (cache miss)
npm http fetch GET 200 https://registry.vlt.io/vlt-benchmarks/npm/@babel%2fhelper-wrap-function 16ms (cache miss)
npm http fetch GET 200 https://registry.vlt.io/vlt-benchmarks/npm/@babel%2fhelper-member-expression-to-functions 13ms (cache miss)
npm http fetch GET 200 https://registry.vlt.io/vlt-benchmarks/npm/@babel%2fhelper-optimise-call-expression 15ms (cache miss)
npm http fetch GET 200 https://registry.vlt.io/vlt-benchmarks/npm/@svgr%2fbabel-plugin-add-jsx-attribute 17ms (cache miss)
npm http fetch GET 200 https://registry.vlt.io/vlt-benchmarks/npm/@svgr%2fbabel-plugin-remove-jsx-attribute 19ms (cache miss)
npm http fetch GET 200 https://registry.vlt.io/vlt-benchmarks/npm/@svgr%2fbabel-plugin-remove-jsx-empty-expression 20ms (cache miss)
npm http fetch GET 200 https://registry.vlt.io/vlt-benchmarks/npm/@svgr%2fbabel-plugin-replace-jsx-attribute-value 17ms (cache miss)
npm http fetch GET 200 https://registry.vlt.io/vlt-benchmarks/npm/@svgr%2fbabel-plugin-svg-em-dimensions 15ms (cache miss)
npm http fetch GET 200 https://registry.vlt.io/vlt-benchmarks/npm/@svgr%2fbabel-plugin-svg-dynamic-title 18ms (cache miss)
npm http fetch GET 200 https://registry.vlt.io/vlt-benchmarks/npm/@svgr%2fbabel-plugin-transform-react-native-svg 17ms (cache miss)
npm http fetch GET 200 https://registry.vlt.io/vlt-benchmarks/npm/path-type 15ms (cache miss)
npm http fetch GET 200 https://registry.vlt.io/vlt-benchmarks/npm/@svgr%2fbabel-plugin-transform-svg-component 18ms (cache miss)
npm http fetch GET 200 https://registry.vlt.io/vlt-benchmarks/npm/sax 15ms (cache miss)
npm http fetch GET 200 https://registry.vlt.io/vlt-benchmarks/npm/css-tree 17ms (cache miss)
npm http fetch GET 200 https://registry.vlt.io/vlt-benchmarks/npm/csso 18ms (cache miss)
npm http fetch GET 200 https://registry.vlt.io/vlt-benchmarks/npm/css-what 12ms (cache miss)
npm http fetch GET 200 https://registry.vlt.io/vlt-benchmarks/npm/css-select 13ms (cache miss)
npm http fetch GET 200 https://registry.vlt.io/vlt-benchmarks/npm/@types%2ffilewriter 21ms (cache miss)
npm http fetch GET 200 https://registry.vlt.io/vlt-benchmarks/npm/dir-glob 16ms (cache miss)
npm http fetch GET 200 https://registry.vlt.io/vlt-benchmarks/npm/slash 19ms (cache revalidated)
npm http fetch GET 200 https://registry.vlt.io/vlt-benchmarks/npm/postcss-value-parser 13ms (cache revalidated)
npm http fetch GET 200 https://registry.vlt.io/vlt-benchmarks/npm/postcss-selector-parser 16ms (cache miss)
npm http fetch GET 200 https://registry.vlt.io/vlt-benchmarks/npm/nanoid 18ms (cache miss)
npm http fetch GET 200 https://registry.vlt.io/vlt-benchmarks/npm/postcss-selector-parser 13ms (cache miss)
npm http fetch GET 200 https://registry.vlt.io/vlt-benchmarks/npm/ajv-keywords 14ms (cache revalidated)
npm http fetch GET 200 https://registry.vlt.io/vlt-benchmarks/npm/emojis-list 17ms (cache miss)
npm http fetch GET 200 https://registry.vlt.io/vlt-benchmarks/npm/big.js 18ms (cache miss)
npm http fetch GET 200 https://registry.vlt.io/vlt-benchmarks/npm/he 13ms (cache miss)
npm http fetch GET 200 https://registry.vlt.io/vlt-benchmarks/npm/camel-case 19ms (cache miss)
npm http fetch GET 200 https://registry.vlt.io/vlt-benchmarks/npm/clean-css 21ms (cache miss)
npm http fetch GET 200 https://registry.vlt.io/vlt-benchmarks/npm/relateurl 13ms (cache miss)
npm http fetch GET 200 https://registry.vlt.io/vlt-benchmarks/npm/param-case 19ms (cache miss)
npm http fetch GET 200 https://registry.vlt.io/vlt-benchmarks/npm/renderkid 17ms (cache miss)
npm http fetch GET 200 https://registry.vlt.io/vlt-benchmarks/npm/pascal-case 19ms (cache miss)
npm http fetch GET 200 https://registry.vlt.io/vlt-benchmarks/npm/dot-case 18ms (cache miss)
npm http fetch GET 200 https://registry.vlt.io/vlt-benchmarks/npm/no-case 22ms (cache miss)
npm http fetch GET 200 https://registry.vlt.io/vlt-benchmarks/npm/pngjs 13ms (cache revalidated)
npm http fetch GET 200 https://registry.vlt.io/vlt-benchmarks/npm/jest-dev-server 16ms (cache miss)
npm http fetch GET 200 https://registry.vlt.io/vlt-benchmarks/npm/wait-on 14ms (cache miss)
npm http fetch GET 200 https://registry.vlt.io/vlt-benchmarks/npm/spawnd 18ms (cache miss)
npm http fetch GET 200 https://registry.vlt.io/vlt-benchmarks/npm/cwd 19ms (cache miss)
npm http fetch GET 200 https://registry.vlt.io/vlt-benchmarks/npm/find-process 45ms (cache miss)
npm http fetch GET 200 https://registry.vlt.io/vlt-benchmarks/npm/fs-exists-sync 17ms (cache miss)
npm http fetch GET 200 https://registry.vlt.io/vlt-benchmarks/npm/loglevel 19ms (cache miss)
npm http fetch GET 200 https://registry.vlt.io/vlt-benchmarks/npm/find-pkg 24ms (cache miss)
npm http fetch GET 200 https://registry.vlt.io/vlt-benchmarks/npm/rxjs 21ms (cache miss)
npm http fetch GET 200 https://registry.vlt.io/vlt-benchmarks/npm/joi 29ms (cache miss)
npm http fetch GET 200 https://registry.vlt.io/vlt-benchmarks/npm/find-file-up 17ms (cache miss)
npm http fetch GET 200 https://registry.vlt.io/vlt-benchmarks/npm/resolve-dir 13ms (cache miss)
npm http fetch GET 200 https://registry.vlt.io/vlt-benchmarks/npm/global-modules 14ms (cache miss)
npm http fetch GET 200 https://registry.vlt.io/vlt-benchmarks/npm/expand-tilde 16ms (cache miss)
npm http fetch GET 200 https://registry.vlt.io/vlt-benchmarks/npm/@lit-labs%2fssr-dom-shim 14ms (cache miss)
npm http fetch GET 200 https://registry.vlt.io/vlt-benchmarks/npm/@lit-labs%2fssr-dom-shim 15ms (cache miss)
npm http fetch GET 200 https://registry.vlt.io/vlt-benchmarks/npm/@types%2ftrusted-types 18ms (cache miss)
npm http fetch GET 200 https://registry.vlt.io/vlt-benchmarks/npm/jsonfile 15ms (cache revalidated)
npm http fetch GET 200 https://registry.vlt.io/vlt-benchmarks/npm/colors 17ms (cache miss)
npm http fetch GET 200 https://registry.vlt.io/vlt-benchmarks/npm/blessed 22ms (cache miss)
npm http fetch GET 200 https://registry.vlt.io/vlt-benchmarks/npm/universalify 16ms (cache revalidated)
npm http fetch GET 200 https://registry.vlt.io/vlt-benchmarks/npm/chromium-bidi 16ms (cache miss)
npm http fetch GET 200 https://registry.vlt.io/vlt-benchmarks/npm/object.getownpropertydescriptors 19ms (cache miss)
npm http fetch GET 200 https://registry.vlt.io/vlt-benchmarks/npm/sleep 15ms (cache miss)
npm http fetch GET 200 https://registry.vlt.io/vlt-benchmarks/npm/write-file-atomic 15ms (cache revalidated)
npm http fetch GET 200 https://registry.vlt.io/vlt-benchmarks/npm/package-hash 18ms (cache miss)
npm http fetch GET 200 https://registry.vlt.io/vlt-benchmarks/npm/hasha 20ms (cache miss)
npm http fetch GET 200 https://registry.vlt.io/vlt-benchmarks/npm/append-transform 17ms (cache miss)
npm http fetch GET 200 https://registry.vlt.io/vlt-benchmarks/npm/archy 16ms (cache miss)
npm http fetch GET 200 https://registry.vlt.io/vlt-benchmarks/npm/aggregate-error 18ms (cache miss)
npm http fetch GET 200 https://registry.vlt.io/vlt-benchmarks/npm/fromentries 14ms (cache miss)
npm http fetch GET 200 https://registry.vlt.io/vlt-benchmarks/npm/is-windows 16ms (cache miss)
npm http fetch GET 200 https://registry.vlt.io/vlt-benchmarks/npm/foreground-child 14ms (cache revalidated)
npm http fetch GET 200 https://registry.vlt.io/vlt-benchmarks/npm/set-blocking 13ms (cache miss)
npm http fetch GET 200 https://registry.vlt.io/vlt-benchmarks/npm/which-module 12ms (cache miss)
npm http fetch GET 200 https://registry.vlt.io/vlt-benchmarks/npm/require-main-filename 13ms (cache miss)
npm http fetch GET 200 https://registry.vlt.io/vlt-benchmarks/npm/type-fest 15ms (cache revalidated)
npm http fetch GET 200 https://registry.vlt.io/vlt-benchmarks/npm/lodash.flattendeep 19ms (cache miss)
npm http fetch GET 200 https://registry.vlt.io/vlt-benchmarks/npm/release-zalgo 20ms (cache miss)
npm http fetch GET 200 https://registry.vlt.io/vlt-benchmarks/npm/is-typedarray 15ms (cache miss)
npm http fetch GET 200 https://registry.vlt.io/vlt-benchmarks/npm/typedarray-to-buffer 14ms (cache miss)
npm http fetch GET 200 https://registry.vlt.io/vlt-benchmarks/npm/default-require-extensions 17ms (cache miss)
npm http fetch GET 200 https://registry.vlt.io/vlt-benchmarks/npm/indent-string 18ms (cache miss)
npm http fetch GET 200 https://registry.vlt.io/vlt-benchmarks/npm/clean-stack 18ms (cache miss)
npm http fetch GET 200 https://registry.vlt.io/vlt-benchmarks/npm/es6-error 17ms (cache miss)
npm http fetch GET 200 https://registry.vlt.io/vlt-benchmarks/npm/lower-case 15ms (cache miss)
npm http fetch GET 200 https://registry.vlt.io/vlt-benchmarks/npm/cssesc 13ms (cache miss)
npm http fetch GET 200 https://registry.vlt.io/vlt-benchmarks/npm/css-select 14ms (cache revalidated)
npm http fetch GET 200 https://registry.vlt.io/vlt-benchmarks/npm/htmlparser2 16ms (cache miss)
npm http fetch GET 200 https://registry.vlt.io/vlt-benchmarks/npm/dom-converter 18ms (cache miss)
npm http fetch GET 200 https://registry.vlt.io/vlt-benchmarks/npm/progress 12ms (cache miss)
npm http fetch GET 200 https://registry.vlt.io/vlt-benchmarks/npm/tar-fs 15ms (cache revalidated)
npm http fetch GET 200 https://registry.vlt.io/vlt-benchmarks/npm/extract-zip 18ms (cache miss)
npm http fetch GET 200 https://registry.vlt.io/vlt-benchmarks/npm/env-paths 13ms (cache miss)
npm http fetch GET 200 https://registry.vlt.io/vlt-benchmarks/npm/proxy-agent 21ms (cache miss)
npm http fetch GET 200 https://registry.vlt.io/vlt-benchmarks/npm/unbzip2-stream 19ms (cache miss)
npm http fetch GET 200 https://registry.vlt.io/vlt-benchmarks/npm/get-stream 14ms (cache revalidated)
npm http fetch GET 200 https://registry.vlt.io/vlt-benchmarks/npm/yauzl 18ms (cache miss)
npm http fetch GET 200 https://registry.vlt.io/vlt-benchmarks/npm/@types%2fyauzl 20ms (cache miss)
npm http fetch GET 200 https://registry.vlt.io/vlt-benchmarks/npm/pac-proxy-agent 11ms (cache miss)
npm http fetch GET 200 https://registry.vlt.io/vlt-benchmarks/npm/socks-proxy-agent 15ms (cache miss)
npm http fetch GET 200 https://registry.vlt.io/vlt-benchmarks/npm/bare-fs 16ms (cache miss)
npm http fetch GET 200 https://registry.vlt.io/vlt-benchmarks/npm/bare-path 16ms (cache miss)
npm http fetch GET 200 https://registry.vlt.io/vlt-benchmarks/npm/buffer-crc32 13ms (cache miss)
npm http fetch GET 200 https://registry.vlt.io/vlt-benchmarks/npm/fd-slicer 16ms (cache miss)
npm http fetch GET 200 https://registry.vlt.io/vlt-benchmarks/npm/@tootallnate%2fquickjs-emscripten 15ms (cache miss)
npm http fetch GET 200 https://registry.vlt.io/vlt-benchmarks/npm/pac-resolver 21ms (cache miss)
npm http fetch GET 200 https://registry.vlt.io/vlt-benchmarks/npm/get-uri 22ms (cache miss)
npm http fetch GET 200 https://registry.vlt.io/vlt-benchmarks/npm/socks 15ms (cache miss)
npm http fetch GET 200 https://registry.vlt.io/vlt-benchmarks/npm/netmask 13ms (cache miss)
npm http fetch GET 200 https://registry.vlt.io/vlt-benchmarks/npm/data-uri-to-buffer 18ms (cache miss)
npm http fetch GET 200 https://registry.vlt.io/vlt-benchmarks/npm/basic-ftp 19ms (cache miss)
npm http fetch GET 200 https://registry.vlt.io/vlt-benchmarks/npm/degenerator 15ms (cache miss)
npm http fetch GET 200 https://registry.vlt.io/vlt-benchmarks/npm/escodegen 20ms (cache miss)
npm http fetch GET 200 https://registry.vlt.io/vlt-benchmarks/npm/ast-types 22ms (cache miss)
npm http fetch GET 200 https://registry.vlt.io/vlt-benchmarks/npm/mitt 14ms (cache miss)
npm http fetch GET 200 https://registry.vlt.io/vlt-benchmarks/npm/urlpattern-polyfill 14ms (cache miss)
npm http fetch GET 200 https://registry.vlt.io/vlt-benchmarks/npm/zod 29ms (cache miss)
npm http fetch GET 200 https://registry.vlt.io/vlt-benchmarks/npm/@react-dnd%2fasap 15ms (cache miss)
npm http fetch GET 200 https://registry.vlt.io/vlt-benchmarks/npm/redux 16ms (cache miss)
npm http fetch GET 200 https://registry.vlt.io/vlt-benchmarks/npm/react-is 20ms (cache revalidated)
npm http fetch GET 200 https://registry.vlt.io/vlt-benchmarks/npm/@babel%2fruntime 15ms (cache revalidated)
npm http fetch GET 200 https://registry.vlt.io/vlt-benchmarks/npm/unicode-property-aliases-ecmascript 20ms (cache miss)
npm http fetch GET 200 https://registry.vlt.io/vlt-benchmarks/npm/unicode-canonical-property-names-ecmascript 21ms (cache miss)
npm http fetch GET 200 https://registry.vlt.io/vlt-benchmarks/npm/css-what 17ms (cache revalidated)
npm http fetch GET 200 https://registry.vlt.io/vlt-benchmarks/npm/boolbase 20ms (cache miss)
npm http fetch GET 200 https://registry.vlt.io/vlt-benchmarks/npm/domutils 21ms (cache miss)
npm http fetch GET 200 https://registry.vlt.io/vlt-benchmarks/npm/nth-check 13ms (cache miss)
npm http fetch GET 200 https://registry.vlt.io/vlt-benchmarks/npm/domhandler 15ms (cache miss)
npm http fetch GET 200 https://registry.vlt.io/vlt-benchmarks/npm/utila 17ms (cache miss)
npm http fetch GET 200 https://registry.vlt.io/vlt-benchmarks/npm/domutils 12ms (cache revalidated)
npm http fetch GET 200 https://registry.vlt.io/vlt-benchmarks/npm/domhandler 16ms (cache revalidated)
npm http fetch GET 200 https://registry.vlt.io/vlt-benchmarks/npm/domelementtype 13ms (cache miss)
npm http fetch GET 200 https://registry.vlt.io/vlt-benchmarks/npm/domelementtype 15ms (cache revalidated)
npm http fetch GET 200 https://registry.vlt.io/vlt-benchmarks/npm/dom-serializer 16ms (cache miss)
npm http fetch GET 200 https://registry.vlt.io/vlt-benchmarks/npm/domelementtype 17ms (cache revalidated)
npm http fetch GET 200 https://registry.vlt.io/vlt-benchmarks/npm/global-prefix 15ms (cache revalidated)
npm http fetch GET 200 https://registry.vlt.io/vlt-benchmarks/npm/is-windows 16ms (cache revalidated)
npm http fetch GET 200 https://registry.vlt.io/vlt-benchmarks/npm/os-homedir 17ms (cache miss)
npm http fetch GET 200 https://registry.vlt.io/vlt-benchmarks/npm/homedir-polyfill 13ms (cache miss)
npm http fetch GET 200 https://registry.vlt.io/vlt-benchmarks/npm/js-tokens 14ms (cache revalidated)
npm http fetch GET 200 https://registry.vlt.io/vlt-benchmarks/npm/@babel%2fhelper-validator-identifier 16ms (cache revalidated)
npm http fetch GET 200 https://registry.vlt.io/vlt-benchmarks/npm/html-minifier-terser 14ms (cache revalidated)
npm http fetch GET 200 https://registry.vlt.io/vlt-benchmarks/npm/parse-literals 17ms (cache miss)
npm http fetch GET 200 https://registry.vlt.io/vlt-benchmarks/npm/typescript 22ms (cache revalidated)
npm http fetch GET 200 https://registry.vlt.io/vlt-benchmarks/npm/@parcel%2fwatcher-darwin-x64 26ms (cache miss)
npm http fetch GET 200 https://registry.vlt.io/vlt-benchmarks/npm/@parcel%2fwatcher-win32-x64 26ms (cache miss)
npm http fetch GET 200 https://registry.vlt.io/vlt-benchmarks/npm/@parcel%2fwatcher-darwin-arm64 35ms (cache miss)
npm http fetch GET 200 https://registry.vlt.io/vlt-benchmarks/npm/@parcel%2fwatcher-linux-x64-glibc 17ms (cache miss)
npm http fetch GET 200 https://registry.vlt.io/vlt-benchmarks/npm/@parcel%2fwatcher-win32-arm64 19ms (cache miss)
npm http fetch GET 200 https://registry.vlt.io/vlt-benchmarks/npm/@parcel%2fwatcher-linux-x64-musl 17ms (cache miss)
npm http fetch GET 200 https://registry.vlt.io/vlt-benchmarks/npm/@parcel%2fwatcher-linux-arm64-glibc 16ms (cache miss)
npm http fetch GET 200 https://registry.vlt.io/vlt-benchmarks/npm/@parcel%2fwatcher-linux-arm64-musl 18ms (cache miss)
npm http fetch GET 200 https://registry.vlt.io/vlt-benchmarks/npm/@parcel%2fwatcher-linux-arm-glibc 18ms (cache miss)
npm http fetch GET 200 https://registry.vlt.io/vlt-benchmarks/npm/@parcel%2fwatcher-linux-arm-musl 11ms (cache miss)
npm http fetch GET 200 https://registry.vlt.io/vlt-benchmarks/npm/@parcel%2fwatcher-android-arm64 17ms (cache miss)
npm http fetch GET 200 https://registry.vlt.io/vlt-benchmarks/npm/@parcel%2fwatcher-freebsd-x64 15ms (cache miss)
npm http fetch GET 200 https://registry.vlt.io/vlt-benchmarks/npm/readdirp 14ms (cache revalidated)
npm http fetch GET 200 https://registry.vlt.io/vlt-benchmarks/npm/ip-address 16ms (cache miss)
npm http fetch GET 200 https://registry.vlt.io/vlt-benchmarks/npm/smart-buffer 19ms (cache miss)
npm http fetch GET 200 https://registry.vlt.io/vlt-benchmarks/npm/css-tree 15ms (cache revalidated)
npm http fetch GET 200 https://registry.vlt.io/vlt-benchmarks/npm/mdn-data 18ms (cache miss)
npm http fetch GET 200 https://registry.vlt.io/vlt-benchmarks/npm/mdn-data 12ms (cache revalidated)
npm http fetch GET 200 https://registry.vlt.io/vlt-benchmarks/npm/array.prototype.reduce 15ms (cache miss)
npm http fetch GET 200 https://registry.vlt.io/vlt-benchmarks/npm/es-array-method-boxes-properly 24ms (cache miss)
npm http fetch GET 200 https://registry.vlt.io/vlt-benchmarks/npm/@esbuild%2faix-ppc64 15ms (cache miss)
npm http fetch GET 200 https://registry.vlt.io/vlt-benchmarks/npm/@esbuild%2flinux-arm 16ms (cache miss)
npm http fetch GET 200 https://registry.vlt.io/vlt-benchmarks/npm/@esbuild%2flinux-x64 16ms (cache miss)
npm http fetch GET 200 https://registry.vlt.io/vlt-benchmarks/npm/@esbuild%2fdarwin-x64 15ms (cache miss)
npm http fetch GET 200 https://registry.vlt.io/vlt-benchmarks/npm/@esbuild%2fsunos-x64 19ms (cache miss)
npm http fetch GET 200 https://registry.vlt.io/vlt-benchmarks/npm/@esbuild%2fwin32-x64 19ms (cache miss)
npm http fetch GET 200 https://registry.vlt.io/vlt-benchmarks/npm/@esbuild%2flinux-ia32 13ms (cache miss)
npm http fetch GET 200 https://registry.vlt.io/vlt-benchmarks/npm/@esbuild%2fnetbsd-x64 15ms (cache miss)
npm http fetch GET 200 https://registry.vlt.io/vlt-benchmarks/npm/@esbuild%2fwin32-ia32 15ms (cache miss)
npm http fetch GET 200 https://registry.vlt.io/vlt-benchmarks/npm/@esbuild%2fandroid-arm 13ms (cache miss)
npm http fetch GET 200 https://registry.vlt.io/vlt-benchmarks/npm/@esbuild%2fandroid-x64 13ms (cache miss)
npm http fetch GET 200 https://registry.vlt.io/vlt-benchmarks/npm/@esbuild%2ffreebsd-x64 16ms (cache miss)
npm http fetch GET 200 https://registry.vlt.io/vlt-benchmarks/npm/@esbuild%2flinux-arm64 12ms (cache miss)
npm http fetch GET 200 https://registry.vlt.io/vlt-benchmarks/npm/@esbuild%2flinux-ppc64 13ms (cache miss)
npm http fetch GET 200 https://registry.vlt.io/vlt-benchmarks/npm/@esbuild%2flinux-s390x 14ms (cache miss)
npm http fetch GET 200 https://registry.vlt.io/vlt-benchmarks/npm/@esbuild%2fopenbsd-x64 13ms (cache miss)
npm http fetch GET 200 https://registry.vlt.io/vlt-benchmarks/npm/@esbuild%2fwin32-arm64 12ms (cache miss)
npm http fetch GET 200 https://registry.vlt.io/vlt-benchmarks/npm/@esbuild%2fdarwin-arm64 17ms (cache miss)
npm http fetch GET 200 https://registry.vlt.io/vlt-benchmarks/npm/@esbuild%2fnetbsd-arm64 15ms (cache miss)
npm http fetch GET 200 https://registry.vlt.io/vlt-benchmarks/npm/@esbuild%2fandroid-arm64 14ms (cache miss)
npm http fetch GET 200 https://registry.vlt.io/vlt-benchmarks/npm/@esbuild%2ffreebsd-arm64 12ms (cache miss)
npm http fetch GET 200 https://registry.vlt.io/vlt-benchmarks/npm/@esbuild%2flinux-loong64 14ms (cache miss)
npm http fetch GET 200 https://registry.vlt.io/vlt-benchmarks/npm/@esbuild%2flinux-riscv64 13ms (cache miss)
npm http fetch GET 200 https://registry.vlt.io/vlt-benchmarks/npm/@esbuild%2fopenbsd-arm64 13ms (cache miss)
npm http fetch GET 200 https://registry.vlt.io/vlt-benchmarks/npm/@esbuild%2flinux-mips64el 13ms (cache miss)
npm http fetch GET 200 https://registry.vlt.io/vlt-benchmarks/npm/@esbuild%2fopenharmony-arm64 15ms (cache miss)
npm http fetch GET 200 https://registry.vlt.io/vlt-benchmarks/npm/@hapi%2ftlds 19ms (cache miss)
npm http fetch GET 200 https://registry.vlt.io/vlt-benchmarks/npm/@hapi%2ftopo 20ms (cache miss)
npm http fetch GET 200 https://registry.vlt.io/vlt-benchmarks/npm/@hapi%2fhoek 22ms (cache miss)
npm http fetch GET 200 https://registry.vlt.io/vlt-benchmarks/npm/@hapi%2faddress 18ms (cache miss)
npm http fetch GET 200 https://registry.vlt.io/vlt-benchmarks/npm/@hapi%2fformula 18ms (cache miss)
npm http fetch GET 200 https://registry.vlt.io/vlt-benchmarks/npm/@hapi%2fpinpoint 19ms (cache miss)
npm http fetch GET 200 https://registry.vlt.io/vlt-benchmarks/npm/@standard-schema%2fspec 16ms (cache miss)
npm http fetch GET 200 https://registry.vlt.io/vlt-benchmarks/npm/@hapi%2fhoek 13ms (cache revalidated)
npm http fetch GET 200 https://registry.vlt.io/vlt-benchmarks/npm/mrmime 15ms (cache miss)
npm http fetch GET 200 https://registry.vlt.io/vlt-benchmarks/npm/@polka%2furl 16ms (cache miss)
npm http fetch GET 200 https://registry.vlt.io/vlt-benchmarks/npm/totalist 16ms (cache miss)
npm http fetch GET 200 https://registry.vlt.io/vlt-benchmarks/npm/webpack 20ms (cache revalidated)
npm http fetch GET 200 https://registry.vlt.io/vlt-benchmarks/npm/@types%2fqs 14ms (cache miss)
npm http fetch GET 200 https://registry.vlt.io/vlt-benchmarks/npm/@types%2fexpress-serve-static-core 17ms (cache revalidated)
npm http fetch GET 200 https://registry.vlt.io/vlt-benchmarks/npm/@types%2fbody-parser 20ms (cache miss)
npm http fetch GET 200 https://registry.vlt.io/vlt-benchmarks/npm/@types%2fsend 13ms (cache miss)
npm http fetch GET 200 https://registry.vlt.io/vlt-benchmarks/npm/@types%2fserve-static 18ms (cache revalidated)
npm http fetch GET 200 https://registry.vlt.io/vlt-benchmarks/npm/@types%2frange-parser 15ms (cache miss)
npm http fetch GET 200 https://registry.vlt.io/vlt-benchmarks/npm/@types%2fsend 15ms (cache revalidated)
npm http fetch GET 200 https://registry.vlt.io/vlt-benchmarks/npm/@types%2fhttp-errors 16ms (cache miss)
npm http fetch GET 200 https://registry.vlt.io/vlt-benchmarks/npm/multicast-dns 17ms (cache miss)
npm http fetch GET 200 https://registry.vlt.io/vlt-benchmarks/npm/vary 11ms (cache miss)
npm http fetch GET 200 https://registry.vlt.io/vlt-benchmarks/npm/bytes 12ms (cache miss)
npm http fetch GET 200 https://registry.vlt.io/vlt-benchmarks/npm/destroy 12ms (cache miss)
npm http fetch GET 200 https://registry.vlt.io/vlt-benchmarks/npm/negotiator 13ms (cache miss)
npm http fetch GET 200 https://registry.vlt.io/vlt-benchmarks/npm/on-headers 12ms (cache miss)
npm http fetch GET 200 https://registry.vlt.io/vlt-benchmarks/npm/qs 12ms (cache miss)
npm http fetch GET 200 https://registry.vlt.io/vlt-benchmarks/npm/depd 14ms (cache miss)
npm http fetch GET 200 https://registry.vlt.io/vlt-benchmarks/npm/compressible 21ms (cache miss)
npm http fetch GET 200 https://registry.vlt.io/vlt-benchmarks/npm/etag 13ms (cache miss)
npm http fetch GET 200 https://registry.vlt.io/vlt-benchmarks/npm/fresh 13ms (cache miss)
npm http fetch GET 200 https://registry.vlt.io/vlt-benchmarks/npm/send 15ms (cache miss)
npm http fetch GET 200 https://registry.vlt.io/vlt-benchmarks/npm/cookie 14ms (cache miss)
npm http fetch GET 200 https://registry.vlt.io/vlt-benchmarks/npm/methods 13ms (cache miss)
npm http fetch GET 200 https://registry.vlt.io/vlt-benchmarks/npm/accepts 15ms (cache miss)
npm http fetch GET 200 https://registry.vlt.io/vlt-benchmarks/npm/type-is 12ms (cache miss)
npm http fetch GET 200 https://registry.vlt.io/vlt-benchmarks/npm/parseurl 13ms (cache miss)
npm http fetch GET 200 https://registry.vlt.io/vlt-benchmarks/npm/statuses 15ms (cache miss)
npm http fetch GET 200 https://registry.vlt.io/vlt-benchmarks/npm/encodeurl 13ms (cache miss)
npm http fetch GET 200 https://registry.vlt.io/vlt-benchmarks/npm/proxy-addr 13ms (cache miss)
npm http fetch GET 200 https://registry.vlt.io/vlt-benchmarks/npm/body-parser 15ms (cache miss)
npm http fetch GET 200 https://registry.vlt.io/vlt-benchmarks/npm/escape-html 12ms (cache miss)
npm http fetch GET 200 https://registry.vlt.io/vlt-benchmarks/npm/http-errors 13ms (cache miss)
npm http fetch GET 200 https://registry.vlt.io/vlt-benchmarks/npm/on-finished 15ms (cache miss)
npm http fetch GET 200 https://registry.vlt.io/vlt-benchmarks/npm/utils-merge 15ms (cache miss)
npm http fetch GET 200 https://registry.vlt.io/vlt-benchmarks/npm/content-type 14ms (cache miss)
npm http fetch GET 200 https://registry.vlt.io/vlt-benchmarks/npm/finalhandler 13ms (cache miss)
npm http fetch GET 200 https://registry.vlt.io/vlt-benchmarks/npm/range-parser 14ms (cache miss)
npm http fetch GET 200 https://registry.vlt.io/vlt-benchmarks/npm/array-flatten 13ms (cache miss)
npm http fetch GET 200 https://registry.vlt.io/vlt-benchmarks/npm/serve-static 16ms (cache miss)
npm http fetch GET 200 https://registry.vlt.io/vlt-benchmarks/npm/path-to-regexp 13ms (cache miss)
npm http fetch GET 200 https://registry.vlt.io/vlt-benchmarks/npm/cookie-signature 12ms (cache miss)
npm http fetch GET 200 https://registry.vlt.io/vlt-benchmarks/npm/setprototypeof 15ms (cache miss)
npm http fetch GET 200 https://registry.vlt.io/vlt-benchmarks/npm/merge-descriptors 12ms (cache miss)
npm http fetch GET 200 https://registry.vlt.io/vlt-benchmarks/npm/content-disposition 18ms (cache miss)
npm http fetch GET 200 https://registry.vlt.io/vlt-benchmarks/npm/http-proxy 18ms (cache miss)
npm http fetch GET 200 https://registry.vlt.io/vlt-benchmarks/npm/is-plain-obj 18ms (cache miss)
npm http fetch GET 200 https://registry.vlt.io/vlt-benchmarks/npm/@types%2fhttp-proxy 17ms (cache miss)
npm http fetch GET 200 https://registry.vlt.io/vlt-benchmarks/npm/shell-quote 16ms (cache miss)
npm http fetch GET 200 https://registry.vlt.io/vlt-benchmarks/npm/wsl-utils 15ms (cache miss)
npm http fetch GET 200 https://registry.vlt.io/vlt-benchmarks/npm/define-lazy-prop 15ms (cache revalidated)
npm http fetch GET 200 https://registry.vlt.io/vlt-benchmarks/npm/is-inside-container 14ms (cache miss)
npm http fetch GET 200 https://registry.vlt.io/vlt-benchmarks/npm/default-browser 17ms (cache miss)
npm http fetch GET 200 https://registry.vlt.io/vlt-benchmarks/npm/@types%2fretry 14ms (cache miss)
npm http fetch GET 200 https://registry.vlt.io/vlt-benchmarks/npm/retry 19ms (cache miss)
npm http fetch GET 200 https://registry.vlt.io/vlt-benchmarks/npm/is-network-error 18ms (cache miss)
npm http fetch GET 200 https://registry.vlt.io/vlt-benchmarks/npm/batch 13ms (cache miss)
npm http fetch GET 200 https://registry.vlt.io/vlt-benchmarks/npm/@peculiar%2fx509 20ms (cache miss)
npm http fetch GET 200 https://registry.vlt.io/vlt-benchmarks/npm/pkijs 22ms (cache miss)
npm http fetch GET 200 https://registry.vlt.io/vlt-benchmarks/npm/http-errors 15ms (cache revalidated)
npm http fetch GET 200 https://registry.vlt.io/vlt-benchmarks/npm/faye-websocket 15ms (cache miss)
npm http fetch GET 200 https://registry.vlt.io/vlt-benchmarks/npm/websocket-driver 13ms (cache miss)
npm http fetch GET 200 https://registry.vlt.io/vlt-benchmarks/npm/handle-thing 16ms (cache miss)
npm http fetch GET 200 https://registry.vlt.io/vlt-benchmarks/npm/http-deceiver 17ms (cache miss)
npm http fetch GET 200 https://registry.vlt.io/vlt-benchmarks/npm/select-hose 15ms (cache miss)
npm http fetch GET 200 https://registry.vlt.io/vlt-benchmarks/npm/spdy-transport 15ms (cache miss)
npm http fetch GET 200 https://registry.vlt.io/vlt-benchmarks/npm/on-finished 15ms (cache revalidated)
npm http fetch GET 200 https://registry.vlt.io/vlt-benchmarks/npm/memfs 20ms (cache miss)
npm http fetch GET 200 https://registry.vlt.io/vlt-benchmarks/npm/range-parser 11ms (cache revalidated)
npm http fetch GET 200 https://registry.vlt.io/vlt-benchmarks/npm/@types%2fconnect 17ms (cache miss)
npm http fetch GET 200 https://registry.vlt.io/vlt-benchmarks/npm/@types%2fmime 16ms (cache miss)
npm http fetch GET 200 https://registry.vlt.io/vlt-benchmarks/npm/thunky 17ms (cache miss)
npm http fetch GET 200 https://registry.vlt.io/vlt-benchmarks/npm/dns-packet 18ms (cache miss)
npm http fetch GET 200 https://registry.vlt.io/vlt-benchmarks/npm/unpipe 14ms (cache miss)
npm http fetch GET 200 https://registry.vlt.io/vlt-benchmarks/npm/negotiator 17ms (cache revalidated)
npm http fetch GET 200 https://registry.vlt.io/vlt-benchmarks/npm/raw-body 17ms (cache miss)
npm http fetch GET 200 https://registry.vlt.io/vlt-benchmarks/npm/content-type 14ms (cache revalidated)
npm http fetch GET 200 https://registry.vlt.io/vlt-benchmarks/npm/iconv-lite 18ms (cache revalidated)
npm http fetch GET 200 https://registry.vlt.io/vlt-benchmarks/npm/statuses 17ms (cache revalidated)
npm http fetch GET 200 https://registry.vlt.io/vlt-benchmarks/npm/setprototypeof 18ms (cache revalidated)
npm http fetch GET 200 https://registry.vlt.io/vlt-benchmarks/npm/statuses 16ms (cache revalidated)
npm http fetch GET 200 https://registry.vlt.io/vlt-benchmarks/npm/toidentifier 15ms (cache miss)
npm http fetch GET 200 https://registry.vlt.io/vlt-benchmarks/npm/ee-first 13ms (cache miss)
npm http fetch GET 200 https://registry.vlt.io/vlt-benchmarks/npm/forwarded 14ms (cache miss)
npm http fetch GET 200 https://registry.vlt.io/vlt-benchmarks/npm/ipaddr.js 14ms (cache revalidated)
npm http fetch GET 200 https://registry.vlt.io/vlt-benchmarks/npm/mime 13ms (cache miss)
npm http fetch GET 200 https://registry.vlt.io/vlt-benchmarks/npm/media-typer 12ms (cache miss)
npm http fetch GET 200 https://registry.vlt.io/vlt-benchmarks/npm/eventemitter3 18ms (cache miss)
npm http fetch GET 200 https://registry.vlt.io/vlt-benchmarks/npm/requires-port 19ms (cache miss)
npm http fetch GET 200 https://registry.vlt.io/vlt-benchmarks/npm/@leichtgewicht%2fip-codec 15ms (cache miss)
npm http fetch GET 200 https://registry.vlt.io/vlt-benchmarks/npm/reflect-metadata 15ms (cache miss)
npm http fetch GET 200 https://registry.vlt.io/vlt-benchmarks/npm/tsyringe 22ms (cache miss)
npm http fetch GET 200 https://registry.vlt.io/vlt-benchmarks/npm/pvtsutils 24ms (cache miss)
npm http fetch GET 200 https://registry.vlt.io/vlt-benchmarks/npm/@peculiar%2fasn1-cms 14ms (cache miss)
npm http fetch GET 200 https://registry.vlt.io/vlt-benchmarks/npm/@peculiar%2fasn1-csr 19ms (cache miss)
npm http fetch GET 200 https://registry.vlt.io/vlt-benchmarks/npm/@peculiar%2fasn1-ecc 18ms (cache miss)
npm http fetch GET 200 https://registry.vlt.io/vlt-benchmarks/npm/@peculiar%2fasn1-rsa 18ms (cache miss)
npm http fetch GET 200 https://registry.vlt.io/vlt-benchmarks/npm/@peculiar%2fasn1-pkcs9 17ms (cache miss)
npm http fetch GET 200 https://registry.vlt.io/vlt-benchmarks/npm/@peculiar%2fasn1-x509 19ms (cache miss)
npm http fetch GET 200 https://registry.vlt.io/vlt-benchmarks/npm/@peculiar%2fasn1-schema 15ms (cache miss)
npm http fetch GET 200 https://registry.vlt.io/vlt-benchmarks/npm/asn1js 15ms (cache miss)
npm http fetch GET 200 https://registry.vlt.io/vlt-benchmarks/npm/pvutils 20ms (cache miss)
npm http fetch GET 200 https://registry.vlt.io/vlt-benchmarks/npm/bytestreamjs 17ms (cache miss)
npm http fetch GET 200 https://registry.vlt.io/vlt-benchmarks/npm/@noble%2fhashes 12ms (cache miss)
npm http fetch GET 200 https://registry.vlt.io/vlt-benchmarks/npm/@peculiar%2fasn1-x509 14ms (cache revalidated)
npm http fetch GET 200 https://registry.vlt.io/vlt-benchmarks/npm/@peculiar%2fasn1-schema 18ms (cache revalidated)
npm http fetch GET 200 https://registry.vlt.io/vlt-benchmarks/npm/asn1js 19ms (cache revalidated)
npm http fetch GET 200 https://registry.vlt.io/vlt-benchmarks/npm/asn1js 16ms (cache revalidated)
npm http fetch GET 200 https://registry.vlt.io/vlt-benchmarks/npm/@peculiar%2fasn1-x509-attr 22ms (cache miss)
npm http fetch GET 200 https://registry.vlt.io/vlt-benchmarks/npm/@peculiar%2fasn1-pfx 19ms (cache miss)
npm http fetch GET 200 https://registry.vlt.io/vlt-benchmarks/npm/@peculiar%2futils 16ms (cache miss)
npm http fetch GET 200 https://registry.vlt.io/vlt-benchmarks/npm/@peculiar%2futils 15ms (cache miss)
npm http fetch GET 200 https://registry.vlt.io/vlt-benchmarks/npm/@peculiar%2fasn1-pkcs8 20ms (cache miss)
npm http fetch GET 200 https://registry.vlt.io/vlt-benchmarks/npm/pvutils 13ms (cache revalidated)
npm http fetch GET 200 https://registry.vlt.io/vlt-benchmarks/npm/depd 16ms (cache revalidated)
npm http fetch GET 200 https://registry.vlt.io/vlt-benchmarks/npm/websocket-extensions 14ms (cache miss)
npm http fetch GET 200 https://registry.vlt.io/vlt-benchmarks/npm/http-parser-js 15ms (cache miss)
npm http fetch GET 200 https://registry.vlt.io/vlt-benchmarks/npm/websocket-driver 16ms (cache revalidated)
npm http fetch GET 200 https://registry.vlt.io/vlt-benchmarks/npm/detect-node 19ms (cache miss)
npm http fetch GET 200 https://registry.vlt.io/vlt-benchmarks/npm/obuf 20ms (cache miss)
npm http fetch GET 200 https://registry.vlt.io/vlt-benchmarks/npm/hpack.js 20ms (cache miss)
npm http fetch GET 200 https://registry.vlt.io/vlt-benchmarks/npm/wbuf 20ms (cache miss)
npm http fetch GET 200 https://registry.vlt.io/vlt-benchmarks/npm/obuf 15ms (cache revalidated)
npm http fetch GET 200 https://registry.vlt.io/vlt-benchmarks/npm/wbuf 15ms (cache revalidated)
npm http fetch GET 200 https://registry.vlt.io/vlt-benchmarks/npm/minimalistic-assert 18ms (cache miss)
npm http fetch GET 200 https://registry.vlt.io/vlt-benchmarks/npm/core-util-is 13ms (cache miss)
npm http fetch GET 200 https://registry.vlt.io/vlt-benchmarks/npm/isarray 17ms (cache revalidated)
npm http fetch GET 200 https://registry.vlt.io/vlt-benchmarks/npm/safe-buffer 17ms (cache revalidated)
npm http fetch GET 200 https://registry.vlt.io/vlt-benchmarks/npm/process-nextick-args 15ms (cache miss)
npm http fetch GET 200 https://registry.vlt.io/vlt-benchmarks/npm/tree-dump 13ms (cache miss)
npm http fetch GET 200 https://registry.vlt.io/vlt-benchmarks/npm/glob-to-regex.js 19ms (cache miss)
npm http fetch GET 200 https://registry.vlt.io/vlt-benchmarks/npm/thingies 20ms (cache miss)
npm http fetch GET 200 https://registry.vlt.io/vlt-benchmarks/npm/@jsonjoy.com%2futil 18ms (cache miss)
npm http fetch GET 200 https://registry.vlt.io/vlt-benchmarks/npm/@jsonjoy.com%2ffs-fsa 18ms (cache miss)
npm http fetch GET 200 https://registry.vlt.io/vlt-benchmarks/npm/@jsonjoy.com%2ffs-core 18ms (cache miss)
npm http fetch GET 200 https://registry.vlt.io/vlt-benchmarks/npm/@jsonjoy.com%2ffs-node 12ms (cache miss)
npm http fetch GET 200 https://registry.vlt.io/vlt-benchmarks/npm/@jsonjoy.com%2ffs-print 19ms (cache miss)
npm http fetch GET 200 https://registry.vlt.io/vlt-benchmarks/npm/@jsonjoy.com%2fjson-pack 20ms (cache miss)
npm http fetch GET 200 https://registry.vlt.io/vlt-benchmarks/npm/@jsonjoy.com%2ffs-snapshot 16ms (cache miss)
npm http fetch GET 200 https://registry.vlt.io/vlt-benchmarks/npm/@jsonjoy.com%2ffs-node-utils 20ms (cache miss)
npm http fetch GET 200 https://registry.vlt.io/vlt-benchmarks/npm/@jsonjoy.com%2ffs-node-builtins 18ms (cache miss)
npm http fetch GET 200 https://registry.vlt.io/vlt-benchmarks/npm/@jsonjoy.com%2ffs-node-to-fsa 20ms (cache miss)
npm http fetch GET 200 https://registry.vlt.io/vlt-benchmarks/npm/tree-dump 17ms (cache revalidated)
npm http fetch GET 200 https://registry.vlt.io/vlt-benchmarks/npm/@jsonjoy.com%2futil 20ms (cache revalidated)
npm http fetch GET 200 https://registry.vlt.io/vlt-benchmarks/npm/@jsonjoy.com%2fbuffers 23ms (cache miss)
npm http fetch GET 200 https://registry.vlt.io/vlt-benchmarks/npm/hyperdyperid 14ms (cache miss)
npm http fetch GET 200 https://registry.vlt.io/vlt-benchmarks/npm/@jsonjoy.com%2fjson-pack 22ms (cache revalidated)
npm http fetch GET 200 https://registry.vlt.io/vlt-benchmarks/npm/@jsonjoy.com%2fbase64 19ms (cache miss)
npm http fetch GET 200 https://registry.vlt.io/vlt-benchmarks/npm/@jsonjoy.com%2fbuffers 13ms (cache revalidated)
npm http fetch GET 200 https://registry.vlt.io/vlt-benchmarks/npm/@jsonjoy.com%2fcodegen 13ms (cache miss)
npm http fetch GET 200 https://registry.vlt.io/vlt-benchmarks/npm/@jsonjoy.com%2fjson-pointer 14ms (cache miss)
npm http fetch GET 200 https://registry.vlt.io/vlt-benchmarks/npm/@jsonjoy.com%2fcodegen 13ms (cache miss)
npm http fetch GET 200 https://registry.vlt.io/vlt-benchmarks/npm/@jsonjoy.com%2fbase64 14ms (cache revalidated)
npm http fetch GET 200 https://registry.vlt.io/vlt-benchmarks/npm/@jsonjoy.com%2fjson-pointer 17ms (cache revalidated)
npm http fetch GET 200 https://registry.vlt.io/vlt-benchmarks/npm/@jsonjoy.com%2fcodegen 18ms (cache revalidated)
npm http fetch GET 200 https://registry.vlt.io/vlt-benchmarks/npm/@jsonjoy.com%2fcodegen 16ms (cache revalidated)
npm http fetch GET 200 https://registry.vlt.io/vlt-benchmarks/npm/nan 12ms (cache miss)
npm http fetch GET 200 https://registry.vlt.io/vlt-benchmarks/npm/pend 15ms (cache miss)
npm http fetch GET 200 https://registry.vlt.io/vlt-benchmarks/npm/bare-url 13ms (cache miss)
npm http fetch GET 200 https://registry.vlt.io/vlt-benchmarks/npm/fast-fifo 18ms (cache miss)
npm http fetch GET 200 https://registry.vlt.io/vlt-benchmarks/npm/bare-events 18ms (cache miss)
npm http fetch GET 200 https://registry.vlt.io/vlt-benchmarks/npm/bare-stream 15ms (cache miss)
npm http fetch GET 200 https://registry.vlt.io/vlt-benchmarks/npm/streamx 16ms (cache miss)
npm http fetch GET 200 https://registry.vlt.io/vlt-benchmarks/npm/b4a 20ms (cache miss)
npm http fetch GET 200 https://registry.vlt.io/vlt-benchmarks/npm/fast-fifo 13ms (cache revalidated)
npm http fetch GET 200 https://registry.vlt.io/vlt-benchmarks/npm/bare-buffer 19ms (cache miss)
npm http fetch GET 200 https://registry.vlt.io/vlt-benchmarks/npm/teex 13ms (cache miss)
npm http fetch GET 200 https://registry.vlt.io/vlt-benchmarks/npm/b4a 15ms (cache revalidated)
npm http fetch GET 200 https://registry.vlt.io/vlt-benchmarks/npm/streamx 15ms (cache revalidated)
npm http fetch GET 200 https://registry.vlt.io/vlt-benchmarks/npm/text-decoder 17ms (cache miss)
npm http fetch GET 200 https://registry.vlt.io/vlt-benchmarks/npm/events-universal 18ms (cache miss)
npm http fetch GET 200 https://registry.vlt.io/vlt-benchmarks/npm/@isaacs%2fcliui 14ms (cache revalidated)
npm http fetch GET 200 https://registry.vlt.io/vlt-benchmarks/npm/@pkgjs%2fparseargs 15ms (cache miss)
npm http fetch GET 200 https://registry.vlt.io/vlt-benchmarks/npm/eastasianwidth 15ms (cache miss)
npm http fetch GET 200 https://registry.vlt.io/vlt-benchmarks/npm/parse-passwd 12ms (cache miss)
npm http fetch GET 200 https://registry.vlt.io/vlt-benchmarks/npm/dom-serializer 19ms (cache revalidated)
npm http fetch GET 200 https://registry.vlt.io/vlt-benchmarks/npm/default-browser-id 15ms (cache miss)
npm http fetch GET 200 https://registry.vlt.io/vlt-benchmarks/npm/bundle-name 16ms (cache miss)
npm http fetch GET 200 https://registry.vlt.io/vlt-benchmarks/npm/is-docker 20ms (cache revalidated)
npm http fetch GET 200 https://registry.vlt.io/vlt-benchmarks/npm/is-wsl 14ms (cache revalidated)
npm http fetch GET 200 https://registry.vlt.io/vlt-benchmarks/npm/run-applescript 15ms (cache miss)
npm http fetch GET 200 https://registry.vlt.io/vlt-benchmarks/npm/default-browser-id/-/default-browser-id-5.0.1.tgz 1044ms (cache miss)
npm http fetch GET 200 https://registry.vlt.io/vlt-benchmarks/npm/bundle-name/-/bundle-name-4.1.1.tgz 1045ms (cache miss)
npm http fetch GET 200 https://registry.vlt.io/vlt-benchmarks/npm/run-applescript/-/run-applescript-7.1.0.tgz 1046ms (cache miss)
npm http fetch GET 200 https://registry.vlt.io/vlt-benchmarks/npm/is-typedarray/-/is-typedarray-1.0.0.tgz 1058ms (cache miss)
npm http fetch GET 200 https://registry.vlt.io/vlt-benchmarks/npm/default-browser/-/default-browser-5.5.1.tgz 1137ms (cache miss)
npm http fetch GET 200 https://registry.vlt.io/vlt-benchmarks/npm/set-blocking/-/set-blocking-2.0.0.tgz 1137ms (cache miss)
npm http fetch GET 200 https://registry.vlt.io/vlt-benchmarks/npm/eastasianwidth/-/eastasianwidth-0.2.0.tgz 1136ms (cache miss)
npm http fetch GET 200 https://registry.vlt.io/vlt-benchmarks/npm/@types/mime/-/mime-1.3.5.tgz 1136ms (cache miss)
npm http fetch GET 200 https://registry.vlt.io/vlt-benchmarks/npm/wrap-ansi/-/wrap-ansi-7.0.0.tgz 1136ms (cache miss)
npm http fetch GET 200 https://registry.vlt.io/vlt-benchmarks/npm/wsl-utils/-/wsl-utils-0.1.0.tgz 1140ms (cache miss)
npm http fetch GET 200 https://registry.vlt.io/vlt-benchmarks/npm/require-main-filename/-/require-main-filename-2.0.0.tgz 1154ms (cache miss)
npm http fetch GET 200 https://registry.vlt.io/vlt-benchmarks/npm/env-paths/-/env-paths-2.2.1.tgz 1156ms (cache miss)
npm http fetch GET 200 https://registry.vlt.io/vlt-benchmarks/npm/core-util-is/-/core-util-is-1.0.3.tgz 1155ms (cache miss)
npm http fetch GET 200 https://registry.vlt.io/vlt-benchmarks/npm/is-inside-container/-/is-inside-container-1.0.0.tgz 1157ms (cache miss)
npm http fetch GET 200 https://registry.vlt.io/vlt-benchmarks/npm/process-nextick-args/-/process-nextick-args-2.0.1.tgz 1172ms (cache miss)
npm http fetch GET 200 https://registry.vlt.io/vlt-benchmarks/npm/homedir-polyfill/-/homedir-polyfill-1.0.3.tgz 1172ms (cache miss)
npm http fetch GET 200 https://registry.vlt.io/vlt-benchmarks/npm/typedarray-to-buffer/-/typedarray-to-buffer-3.1.5.tgz 1172ms (cache miss)
npm http fetch GET 200 https://registry.vlt.io/vlt-benchmarks/npm/which-module/-/which-module-2.0.1.tgz 1174ms (cache miss)
npm http fetch GET 200 https://registry.vlt.io/vlt-benchmarks/npm/strip-ansi/-/strip-ansi-6.0.1.tgz 1171ms (cache miss)
npm http fetch GET 200 https://registry.vlt.io/vlt-benchmarks/npm/parse-passwd/-/parse-passwd-1.0.0.tgz 1173ms (cache miss)
npm http fetch GET 200 https://registry.vlt.io/vlt-benchmarks/npm/string-width/-/string-width-4.2.3.tgz 1172ms (cache miss)
npm http fetch GET 200 https://registry.vlt.io/vlt-benchmarks/npm/events-universal/-/events-universal-1.0.1.tgz 1190ms (cache miss)
npm http fetch GET 200 https://registry.vlt.io/vlt-benchmarks/npm/text-decoder/-/text-decoder-1.2.7.tgz 1190ms (cache miss)
npm http fetch GET 200 https://registry.vlt.io/vlt-benchmarks/npm/teex/-/teex-1.0.1.tgz 1190ms (cache miss)
npm http fetch GET 200 https://registry.vlt.io/vlt-benchmarks/npm/b4a/-/b4a-1.9.0.tgz 1190ms (cache miss)
npm http fetch GET 200 https://registry.vlt.io/vlt-benchmarks/npm/streamx/-/streamx-2.28.1.tgz 1190ms (cache miss)
npm http fetch GET 200 https://registry.vlt.io/vlt-benchmarks/npm/fast-fifo/-/fast-fifo-1.3.2.tgz 1190ms (cache miss)
npm http fetch GET 200 https://registry.vlt.io/vlt-benchmarks/npm/fd-slicer/-/fd-slicer-1.1.0.tgz 1206ms (cache miss)
npm http fetch GET 200 https://registry.vlt.io/vlt-benchmarks/npm/pend/-/pend-1.2.0.tgz 1207ms (cache miss)
npm http fetch GET 200 https://registry.vlt.io/vlt-benchmarks/npm/bare-events/-/bare-events-2.9.2.tgz 1225ms (cache miss)
npm http fetch GET 200 https://registry.vlt.io/vlt-benchmarks/npm/sleep/-/sleep-6.1.0.tgz 1223ms (cache miss)
npm http fetch GET 200 https://registry.vlt.io/vlt-benchmarks/npm/bare-stream/-/bare-stream-2.13.4.tgz 1226ms (cache miss)
npm http fetch GET 200 https://registry.vlt.io/vlt-benchmarks/npm/websocket-extensions/-/websocket-extensions-0.1.4.tgz 1224ms (cache miss)
npm http fetch GET 200 https://registry.vlt.io/vlt-benchmarks/npm/http-parser-js/-/http-parser-js-0.5.10.tgz 1225ms (cache miss)
npm http fetch GET 200 https://registry.vlt.io/vlt-benchmarks/npm/buffer-crc32/-/buffer-crc32-0.2.13.tgz 1226ms (cache miss)
npm http fetch GET 200 https://registry.vlt.io/vlt-benchmarks/npm/@jsonjoy.com/json-pointer/-/json-pointer-1.0.2.tgz 1241ms (cache miss)
npm http fetch GET 200 https://registry.vlt.io/vlt-benchmarks/npm/@jsonjoy.com/base64/-/base64-1.1.2.tgz 1241ms (cache miss)
npm http fetch GET 200 https://registry.vlt.io/vlt-benchmarks/npm/@jsonjoy.com/codegen/-/codegen-1.0.0.tgz 1242ms (cache miss)
npm http fetch GET 200 https://registry.vlt.io/vlt-benchmarks/npm/tree-dump/-/tree-dump-1.1.0.tgz 1241ms (cache miss)
npm http fetch GET 200 https://registry.vlt.io/vlt-benchmarks/npm/glob-to-regex.js/-/glob-to-regex.js-1.3.1.tgz 1259ms (cache miss)
npm http fetch GET 200 https://registry.vlt.io/vlt-benchmarks/npm/@jsonjoy.com/fs-snapshot/-/fs-snapshot-4.80.0.tgz 1259ms (cache miss)
npm http fetch GET 200 https://registry.vlt.io/vlt-benchmarks/npm/@jsonjoy.com/fs-print/-/fs-print-4.80.0.tgz 1285ms (cache miss)
npm http fetch GET 200 https://registry.vlt.io/vlt-benchmarks/npm/@jsonjoy.com/fs-node-builtins/-/fs-node-builtins-4.80.0.tgz 1304ms (cache miss)
npm http fetch GET 200 https://registry.vlt.io/vlt-benchmarks/npm/minimalistic-assert/-/minimalistic-assert-1.0.1.tgz 1304ms (cache miss)
npm http fetch GET 200 https://registry.vlt.io/vlt-benchmarks/npm/obuf/-/obuf-1.1.2.tgz 1304ms (cache miss)
npm http fetch GET 200 https://registry.vlt.io/vlt-benchmarks/npm/media-typer/-/media-typer-0.3.0.tgz 1304ms (cache miss)
npm http fetch GET 200 https://registry.vlt.io/vlt-benchmarks/npm/wbuf/-/wbuf-1.7.3.tgz 1319ms (cache miss)
npm http fetch GET 200 https://registry.vlt.io/vlt-benchmarks/npm/detect-node/-/detect-node-2.1.0.tgz 1335ms (cache miss)
npm http fetch GET 200 https://registry.vlt.io/vlt-benchmarks/npm/select-hose/-/select-hose-2.0.0.tgz 1335ms (cache miss)
npm http fetch GET 200 https://registry.vlt.io/vlt-benchmarks/npm/handle-thing/-/handle-thing-2.0.1.tgz 1335ms (cache miss)
npm http fetch GET 200 https://registry.vlt.io/vlt-benchmarks/npm/batch/-/batch-0.6.1.tgz 1335ms (cache miss)
npm http fetch GET 200 https://registry.vlt.io/vlt-benchmarks/npm/mime/-/mime-1.6.0.tgz 1335ms (cache miss)
npm http fetch GET 200 https://registry.vlt.io/vlt-benchmarks/npm/http-deceiver/-/http-deceiver-1.2.7.tgz 1351ms (cache miss)
npm http fetch GET 200 https://registry.vlt.io/vlt-benchmarks/npm/@peculiar/asn1-pkcs8/-/asn1-pkcs8-2.10.0.tgz 1350ms (cache miss)
npm http fetch GET 200 https://registry.vlt.io/vlt-benchmarks/npm/faye-websocket/-/faye-websocket-0.11.4.tgz 1352ms (cache miss)
npm http fetch GET 200 https://registry.vlt.io/vlt-benchmarks/npm/pvutils/-/pvutils-1.2.0.tgz 1367ms (cache miss)
npm http fetch GET 200 https://registry.vlt.io/vlt-benchmarks/npm/@peculiar/asn1-pfx/-/asn1-pfx-2.10.0.tgz 1366ms (cache miss)
npm http fetch GET 200 https://registry.vlt.io/vlt-benchmarks/npm/pvtsutils/-/pvtsutils-1.3.6.tgz 1366ms (cache miss)
npm http fetch GET 200 https://registry.vlt.io/vlt-benchmarks/npm/@peculiar/asn1-rsa/-/asn1-rsa-2.10.0.tgz 1384ms (cache miss)
npm http fetch GET 200 https://registry.vlt.io/vlt-benchmarks/npm/@peculiar/asn1-ecc/-/asn1-ecc-2.10.0.tgz 1384ms (cache miss)
npm http fetch GET 200 https://registry.vlt.io/vlt-benchmarks/npm/@peculiar/asn1-cms/-/asn1-cms-2.10.0.tgz 1384ms (cache miss)
npm http fetch GET 200 https://registry.vlt.io/vlt-benchmarks/npm/@peculiar/asn1-csr/-/asn1-csr-2.10.0.tgz 1384ms (cache miss)
npm http fetch GET 200 https://registry.vlt.io/vlt-benchmarks/npm/@peculiar/asn1-pkcs9/-/asn1-pkcs9-2.10.0.tgz 1400ms (cache miss)
npm http fetch GET 200 https://registry.vlt.io/vlt-benchmarks/npm/forwarded/-/forwarded-0.2.0.tgz 1400ms (cache miss)
npm http fetch GET 200 https://registry.vlt.io/vlt-benchmarks/npm/is-network-error/-/is-network-error-1.3.2.tgz 1399ms (cache miss)
npm http fetch GET 200 https://registry.vlt.io/vlt-benchmarks/npm/retry/-/retry-0.13.1.tgz 1399ms (cache miss)
npm http fetch GET 200 https://registry.vlt.io/vlt-benchmarks/npm/@types/retry/-/retry-0.12.2.tgz 1400ms (cache miss)
npm http fetch GET 200 https://registry.vlt.io/vlt-benchmarks/npm/@leichtgewicht/ip-codec/-/ip-codec-2.0.5.tgz 1400ms (cache miss)
npm http fetch GET 200 https://registry.vlt.io/vlt-benchmarks/npm/thunky/-/thunky-1.1.0.tgz 1400ms (cache miss)
npm http fetch GET 200 https://registry.vlt.io/vlt-benchmarks/npm/ee-first/-/ee-first-1.1.1.tgz 1401ms (cache miss)
npm http fetch GET 200 https://registry.vlt.io/vlt-benchmarks/npm/dns-packet/-/dns-packet-5.6.1.tgz 1420ms (cache miss)
npm http fetch GET 200 https://registry.vlt.io/vlt-benchmarks/npm/shell-quote/-/shell-quote-1.11.0.tgz 1420ms (cache miss)
npm http fetch GET 200 https://registry.vlt.io/vlt-benchmarks/npm/eventemitter3/-/eventemitter3-4.0.7.tgz 1421ms (cache miss)
npm http fetch GET 200 https://registry.vlt.io/vlt-benchmarks/npm/is-plain-obj/-/is-plain-obj-3.0.0.tgz 1421ms (cache miss)
npm http fetch GET 200 https://registry.vlt.io/vlt-benchmarks/npm/requires-port/-/requires-port-1.0.0.tgz 1439ms (cache miss)
npm http fetch GET 200 https://registry.vlt.io/vlt-benchmarks/npm/@types/http-proxy/-/http-proxy-1.17.17.tgz 1438ms (cache miss)
npm http fetch GET 200 https://registry.vlt.io/vlt-benchmarks/npm/unpipe/-/unpipe-1.0.0.tgz 1438ms (cache miss)
npm http fetch GET 200 https://registry.vlt.io/vlt-benchmarks/npm/toidentifier/-/toidentifier-1.0.1.tgz 1439ms (cache miss)
npm http fetch GET 200 https://registry.vlt.io/vlt-benchmarks/npm/raw-body/-/raw-body-2.5.3.tgz 1439ms (cache miss)
npm http fetch GET 200 https://registry.vlt.io/vlt-benchmarks/npm/statuses/-/statuses-2.0.2.tgz 1438ms (cache miss)
npm http fetch GET 200 https://registry.vlt.io/vlt-benchmarks/npm/type-is/-/type-is-1.6.18.tgz 1439ms (cache miss)
npm http fetch GET 200 https://registry.vlt.io/vlt-benchmarks/npm/utils-merge/-/utils-merge-1.0.1.tgz 1457ms (cache miss)
npm http fetch GET 200 https://registry.vlt.io/vlt-benchmarks/npm/serve-static/-/serve-static-1.16.3.tgz 1456ms (cache miss)
npm http fetch GET 200 https://registry.vlt.io/vlt-benchmarks/npm/setprototypeof/-/setprototypeof-1.2.0.tgz 1457ms (cache miss)
npm http fetch GET 200 https://registry.vlt.io/vlt-benchmarks/npm/range-parser/-/range-parser-1.2.1.tgz 1457ms (cache miss)
npm http fetch GET 200 https://registry.vlt.io/vlt-benchmarks/npm/send/-/send-0.19.2.tgz 1457ms (cache miss)
npm http fetch GET 200 https://registry.vlt.io/vlt-benchmarks/npm/proxy-addr/-/proxy-addr-2.0.8.tgz 1470ms (cache miss)
npm http fetch GET 200 https://registry.vlt.io/vlt-benchmarks/npm/methods/-/methods-1.1.2.tgz 1471ms (cache miss)
npm http fetch GET 200 https://registry.vlt.io/vlt-benchmarks/npm/on-finished/-/on-finished-2.4.1.tgz 1471ms (cache miss)
npm http fetch GET 200 https://registry.vlt.io/vlt-benchmarks/npm/parseurl/-/parseurl-1.3.3.tgz 1471ms (cache miss)
npm http fetch GET 200 https://registry.vlt.io/vlt-benchmarks/npm/path-to-regexp/-/path-to-regexp-0.1.13.tgz 1472ms (cache miss)
npm http fetch GET 200 https://registry.vlt.io/vlt-benchmarks/npm/fresh/-/fresh-0.5.2.tgz 1471ms (cache miss)
npm http fetch GET 200 https://registry.vlt.io/vlt-benchmarks/npm/finalhandler/-/finalhandler-1.3.2.tgz 1471ms (cache miss)
npm http fetch GET 200 https://registry.vlt.io/vlt-benchmarks/npm/http-errors/-/http-errors-2.0.1.tgz 1472ms (cache miss)
npm http fetch GET 200 https://registry.vlt.io/vlt-benchmarks/npm/merge-descriptors/-/merge-descriptors-1.0.3.tgz 1472ms (cache miss)
npm http fetch GET 200 https://registry.vlt.io/vlt-benchmarks/npm/reflect-metadata/-/reflect-metadata-0.2.2.tgz 1498ms (cache miss)
npm http fetch GET 200 https://registry.vlt.io/vlt-benchmarks/npm/etag/-/etag-1.8.1.tgz 1490ms (cache miss)
npm http fetch GET 200 https://registry.vlt.io/vlt-benchmarks/npm/depd/-/depd-2.0.0.tgz 1490ms (cache miss)
npm http fetch GET 200 https://registry.vlt.io/vlt-benchmarks/npm/encodeurl/-/encodeurl-2.0.0.tgz 1490ms (cache miss)
npm http fetch GET 200 https://registry.vlt.io/vlt-benchmarks/npm/escape-html/-/escape-html-1.0.3.tgz 1491ms (cache miss)
npm http fetch GET 200 https://registry.vlt.io/vlt-benchmarks/npm/cookie/-/cookie-0.7.2.tgz 1490ms (cache miss)
npm http fetch GET 200 https://registry.vlt.io/vlt-benchmarks/npm/cookie-signature/-/cookie-signature-1.0.7.tgz 1491ms (cache miss)
npm http fetch GET 200 https://registry.vlt.io/vlt-benchmarks/npm/content-type/-/content-type-1.0.5.tgz 1515ms (cache miss)
npm http fetch GET 200 https://registry.vlt.io/vlt-benchmarks/npm/body-parser/-/body-parser-1.20.8.tgz 1514ms (cache miss)
npm http fetch GET 200 https://registry.vlt.io/vlt-benchmarks/npm/accepts/-/accepts-1.3.8.tgz 1514ms (cache miss)
npm http fetch GET 200 https://registry.vlt.io/vlt-benchmarks/npm/content-disposition/-/content-disposition-0.5.4.tgz 1532ms (cache miss)
npm http fetch GET 200 https://registry.vlt.io/vlt-benchmarks/npm/array-flatten/-/array-flatten-1.1.1.tgz 1531ms (cache miss)
npm http fetch GET 200 https://registry.vlt.io/vlt-benchmarks/npm/on-headers/-/on-headers-1.1.0.tgz 1532ms (cache miss)
npm http fetch GET 200 https://registry.vlt.io/vlt-benchmarks/npm/vary/-/vary-1.1.2.tgz 1532ms (cache miss)
npm http fetch GET 200 https://registry.vlt.io/vlt-benchmarks/npm/bytes/-/bytes-3.1.2.tgz 1531ms (cache miss)
npm http fetch GET 200 https://registry.vlt.io/vlt-benchmarks/npm/multicast-dns/-/multicast-dns-7.2.5.tgz 1532ms (cache miss)
npm http fetch GET 200 https://registry.vlt.io/vlt-benchmarks/npm/destroy/-/destroy-1.2.0.tgz 1533ms (cache miss)
npm http fetch GET 200 https://registry.vlt.io/vlt-benchmarks/npm/compressible/-/compressible-2.0.18.tgz 1532ms (cache miss)
npm http fetch GET 200 https://registry.vlt.io/vlt-benchmarks/npm/@types/send/-/send-1.2.1.tgz 1533ms (cache miss)
npm http fetch GET 200 https://registry.vlt.io/vlt-benchmarks/npm/@types/range-parser/-/range-parser-1.2.7.tgz 1532ms (cache miss)
npm http fetch GET 200 https://registry.vlt.io/vlt-benchmarks/npm/@types/http-errors/-/http-errors-2.0.5.tgz 1533ms (cache miss)
npm http fetch GET 200 https://registry.vlt.io/vlt-benchmarks/npm/negotiator/-/negotiator-0.6.4.tgz 1535ms (cache miss)
npm http fetch GET 200 https://registry.vlt.io/vlt-benchmarks/npm/@pkgjs/parseargs/-/parseargs-0.11.0.tgz 1569ms (cache miss)
npm http fetch GET 200 https://registry.vlt.io/vlt-benchmarks/npm/@types/connect/-/connect-3.4.38.tgz 1549ms (cache miss)
npm http fetch GET 200 https://registry.vlt.io/vlt-benchmarks/npm/@types/body-parser/-/body-parser-1.19.6.tgz 1550ms (cache miss)
npm http fetch GET 200 https://registry.vlt.io/vlt-benchmarks/npm/ipaddr.js/-/ipaddr.js-2.5.0.tgz 1567ms (cache miss)
npm http fetch GET 200 https://registry.vlt.io/vlt-benchmarks/npm/launch-editor/-/launch-editor-2.14.1.tgz 1567ms (cache miss)
npm http fetch GET 200 https://registry.vlt.io/vlt-benchmarks/npm/compression/-/compression-1.8.2.tgz 1567ms (cache miss)
npm http fetch GET 200 https://registry.vlt.io/vlt-benchmarks/npm/@types/qs/-/qs-6.15.1.tgz 1586ms (cache miss)
npm http fetch GET 200 https://registry.vlt.io/vlt-benchmarks/npm/p-retry/-/p-retry-6.2.1.tgz 1586ms (cache miss)
npm http fetch GET 200 https://registry.vlt.io/vlt-benchmarks/npm/ansi-html-community/-/ansi-html-community-0.0.8.tgz 1584ms (cache miss)
npm http fetch GET 200 https://registry.vlt.io/vlt-benchmarks/npm/@types/sockjs/-/sockjs-0.3.36.tgz 1584ms (cache miss)
npm http fetch GET 200 https://registry.vlt.io/vlt-benchmarks/npm/asn1js/-/asn1js-3.0.10.tgz 1618ms (cache miss)
npm http fetch GET 200 https://registry.vlt.io/vlt-benchmarks/npm/connect-history-api-fallback/-/connect-history-api-fallback-2.0.0.tgz 1605ms (cache miss)
npm http fetch GET 200 https://registry.vlt.io/vlt-benchmarks/npm/@types/serve-static/-/serve-static-1.15.10.tgz 1604ms (cache miss)
npm http fetch GET 200 https://registry.vlt.io/vlt-benchmarks/npm/@types/connect-history-api-fallback/-/connect-history-api-fallback-1.5.4.tgz 1604ms (cache miss)
npm http fetch GET 200 https://registry.vlt.io/vlt-benchmarks/npm/@types/express-serve-static-core/-/express-serve-static-core-4.19.9.tgz 1605ms (cache miss)
npm http fetch GET 200 https://registry.vlt.io/vlt-benchmarks/npm/@types/express/-/express-4.17.25.tgz 1604ms (cache miss)
npm http fetch GET 200 https://registry.vlt.io/vlt-benchmarks/npm/totalist/-/totalist-3.0.1.tgz 1605ms (cache miss)
npm http fetch GET 200 https://registry.vlt.io/vlt-benchmarks/npm/@types/serve-index/-/serve-index-1.9.4.tgz 1606ms (cache miss)
npm http fetch GET 200 https://registry.vlt.io/vlt-benchmarks/npm/@types/bonjour/-/bonjour-3.5.13.tgz 1606ms (cache miss)
npm http fetch GET 200 https://registry.vlt.io/vlt-benchmarks/npm/sirv/-/sirv-2.0.4.tgz 1605ms (cache miss)
npm http fetch GET 200 https://registry.vlt.io/vlt-benchmarks/npm/mrmime/-/mrmime-2.0.1.tgz 1606ms (cache miss)
npm http fetch GET 200 https://registry.vlt.io/vlt-benchmarks/npm/@polka/url/-/url-1.0.0-next.29.tgz 1607ms (cache miss)
npm http fetch GET 200 https://registry.vlt.io/vlt-benchmarks/npm/opener/-/opener-1.5.2.tgz 1606ms (cache miss)
npm http fetch GET 200 https://registry.vlt.io/vlt-benchmarks/npm/gzip-size/-/gzip-size-6.0.0.tgz 1606ms (cache miss)
npm http fetch GET 200 https://registry.vlt.io/vlt-benchmarks/npm/@hapi/topo/-/topo-6.0.2.tgz 1623ms (cache miss)
npm http fetch GET 200 https://registry.vlt.io/vlt-benchmarks/npm/debounce/-/debounce-1.2.1.tgz 1624ms (cache miss)
npm http fetch GET 200 https://registry.vlt.io/vlt-benchmarks/npm/@hapi/hoek/-/hoek-11.0.7.tgz 1624ms (cache miss)
npm http fetch GET 200 https://registry.vlt.io/vlt-benchmarks/npm/@hapi/formula/-/formula-3.0.2.tgz 1624ms (cache miss)
npm http fetch GET 200 https://registry.vlt.io/vlt-benchmarks/npm/@hapi/pinpoint/-/pinpoint-2.0.1.tgz 1643ms (cache miss)
npm http fetch GET 200 https://registry.vlt.io/vlt-benchmarks/npm/@standard-schema/spec/-/spec-1.1.0.tgz 1644ms (cache miss)
npm http fetch GET 200 https://registry.vlt.io/vlt-benchmarks/npm/es-array-method-boxes-properly/-/es-array-method-boxes-properly-1.0.0.tgz 1643ms (cache miss)
npm http fetch GET 200 https://registry.vlt.io/vlt-benchmarks/npm/unicode-property-aliases-ecmascript/-/unicode-property-aliases-ecmascript-2.2.0.tgz 1643ms (cache miss)
npm http fetch GET 200 https://registry.vlt.io/vlt-benchmarks/npm/array.prototype.reduce/-/array.prototype.reduce-1.0.8.tgz 1644ms (cache miss)
npm http fetch GET 200 https://registry.vlt.io/vlt-benchmarks/npm/unicode-canonical-property-names-ecmascript/-/unicode-canonical-property-names-ecmascript-2.0.1.tgz 1662ms (cache miss)
npm http fetch GET 200 https://registry.vlt.io/vlt-benchmarks/npm/esbuild/-/esbuild-0.25.12.tgz 1663ms (cache miss)
npm http fetch GET 200 https://registry.vlt.io/vlt-benchmarks/npm/object.getownpropertydescriptors/-/object.getownpropertydescriptors-2.1.9.tgz 1662ms (cache miss)
npm http fetch GET 200 https://registry.vlt.io/vlt-benchmarks/npm/sax/-/sax-1.6.1.tgz 1679ms (cache miss)
npm http fetch GET 200 https://registry.vlt.io/vlt-benchmarks/npm/randombytes/-/randombytes-2.1.0.tgz 1679ms (cache miss)
npm http fetch GET 200 https://registry.vlt.io/vlt-benchmarks/npm/minify-literals/-/minify-literals-1.0.10.tgz 1694ms (cache miss)
npm http fetch GET 200 https://registry.vlt.io/vlt-benchmarks/npm/is-windows/-/is-windows-0.2.0.tgz 1712ms (cache miss)
npm http fetch GET 200 https://registry.vlt.io/vlt-benchmarks/npm/os-homedir/-/os-homedir-1.0.2.tgz 1712ms (cache miss)
npm http fetch GET 200 https://registry.vlt.io/vlt-benchmarks/npm/dom-serializer/-/dom-serializer-1.4.1.tgz 1713ms (cache miss)
npm http fetch GET 200 https://registry.vlt.io/vlt-benchmarks/npm/expand-tilde/-/expand-tilde-1.2.2.tgz 1713ms (cache miss)
npm http fetch GET 200 https://registry.vlt.io/vlt-benchmarks/npm/global-modules/-/global-modules-0.2.3.tgz 1714ms (cache miss)
npm http fetch GET 200 https://registry.vlt.io/vlt-benchmarks/npm/domelementtype/-/domelementtype-2.3.0.tgz 1731ms (cache miss)
npm http fetch GET 200 https://registry.vlt.io/vlt-benchmarks/npm/nth-check/-/nth-check-2.1.1.tgz 1732ms (cache miss)
npm http fetch GET 200 https://registry.vlt.io/vlt-benchmarks/npm/domutils/-/domutils-2.8.0.tgz 1732ms (cache miss)
npm http fetch GET 200 https://registry.vlt.io/vlt-benchmarks/npm/utila/-/utila-0.4.0.tgz 1766ms (cache miss)
npm http fetch GET 200 https://registry.vlt.io/vlt-benchmarks/npm/domhandler/-/domhandler-4.3.1.tgz 1766ms (cache miss)
npm http fetch GET 200 https://registry.vlt.io/vlt-benchmarks/npm/dom-converter/-/dom-converter-0.2.0.tgz 1766ms (cache miss)
npm http fetch GET 200 https://registry.vlt.io/vlt-benchmarks/npm/boolbase/-/boolbase-1.0.0.tgz 1766ms (cache miss)
npm http fetch GET 200 https://registry.vlt.io/vlt-benchmarks/npm/css-what/-/css-what-6.2.2.tgz 1766ms (cache miss)
npm http fetch GET 200 https://registry.vlt.io/vlt-benchmarks/npm/es6-error/-/es6-error-4.1.1.tgz 1767ms (cache miss)
npm http fetch GET 200 https://registry.vlt.io/vlt-benchmarks/npm/unicode-match-property-value-ecmascript/-/unicode-match-property-value-ecmascript-2.2.1.tgz 1767ms (cache miss)
npm http fetch GET 200 https://registry.vlt.io/vlt-benchmarks/npm/unicode-match-property-ecmascript/-/unicode-match-property-ecmascript-2.0.0.tgz 1815ms (cache miss)
npm http fetch GET 200 https://registry.vlt.io/vlt-benchmarks/npm/regjsparser/-/regjsparser-0.13.3.tgz 1837ms (cache miss)
npm http fetch GET 200 https://registry.vlt.io/vlt-benchmarks/npm/regjsgen/-/regjsgen-0.8.0.tgz 1837ms (cache miss)
npm http fetch GET 200 https://registry.vlt.io/vlt-benchmarks/npm/regenerate/-/regenerate-1.4.2.tgz 1838ms (cache miss)
npm http fetch GET 200 https://registry.vlt.io/vlt-benchmarks/npm/hoist-non-react-statics/-/hoist-non-react-statics-3.3.2.tgz 1837ms (cache miss)
npm http fetch GET 200 https://registry.vlt.io/vlt-benchmarks/npm/@react-dnd/invariant/-/invariant-2.0.0.tgz 1855ms (cache miss)
npm http fetch GET 200 https://registry.vlt.io/vlt-benchmarks/npm/urlpattern-polyfill/-/urlpattern-polyfill-10.0.0.tgz 1856ms (cache miss)
npm http fetch GET 200 https://registry.vlt.io/vlt-benchmarks/npm/mitt/-/mitt-3.0.1.tgz 1856ms (cache miss)
npm http fetch GET 200 https://registry.vlt.io/vlt-benchmarks/npm/netmask/-/netmask-2.1.1.tgz 1874ms (cache miss)
npm http fetch GET 200 https://registry.vlt.io/vlt-benchmarks/npm/degenerator/-/degenerator-5.0.1.tgz 1875ms (cache miss)
npm http fetch GET 200 https://registry.vlt.io/vlt-benchmarks/npm/data-uri-to-buffer/-/data-uri-to-buffer-6.0.2.tgz 1875ms (cache miss)
npm http fetch GET 200 https://registry.vlt.io/vlt-benchmarks/npm/get-uri/-/get-uri-6.0.5.tgz 1875ms (cache miss)
npm http fetch GET 200 https://registry.vlt.io/vlt-benchmarks/npm/escodegen/-/escodegen-2.1.0.tgz 1892ms (cache miss)
npm http fetch GET 200 https://registry.vlt.io/vlt-benchmarks/npm/socks-proxy-agent/-/socks-proxy-agent-8.0.5.tgz 1891ms (cache miss)
npm http fetch GET 200 https://registry.vlt.io/vlt-benchmarks/npm/pac-proxy-agent/-/pac-proxy-agent-7.2.0.tgz 1892ms (cache miss)
npm http fetch GET 200 https://registry.vlt.io/vlt-benchmarks/npm/selfsigned/-/selfsigned-5.5.0.tgz 1928ms (cache miss)
npm http fetch GET 200 https://registry.vlt.io/vlt-benchmarks/npm/yauzl/-/yauzl-2.10.0.tgz 1914ms (cache miss)
npm http fetch GET 200 https://registry.vlt.io/vlt-benchmarks/npm/@types/yauzl/-/yauzl-2.10.3.tgz 1914ms (cache miss)
npm http fetch GET 200 https://registry.vlt.io/vlt-benchmarks/npm/proxy-agent/-/proxy-agent-6.5.0.tgz 1914ms (cache miss)
npm http fetch GET 200 https://registry.vlt.io/vlt-benchmarks/npm/object-assign/-/object-assign-4.1.1.tgz 1913ms (cache miss)
npm http fetch GET 200 https://registry.vlt.io/vlt-benchmarks/npm/extract-zip/-/extract-zip-2.0.1.tgz 1914ms (cache miss)
npm http fetch GET 200 https://registry.vlt.io/vlt-benchmarks/npm/progress/-/progress-2.0.3.tgz 1931ms (cache miss)
npm http fetch GET 200 https://registry.vlt.io/vlt-benchmarks/npm/loose-envify/-/loose-envify-1.4.0.tgz 1931ms (cache miss)
npm http fetch GET 200 https://registry.vlt.io/vlt-benchmarks/npm/fromentries/-/fromentries-1.3.2.tgz 1931ms (cache miss)
npm http fetch GET 200 https://registry.vlt.io/vlt-benchmarks/npm/cssesc/-/cssesc-3.0.0.tgz 1931ms (cache miss)
npm http fetch GET 200 https://registry.vlt.io/vlt-benchmarks/npm/nanoid/-/nanoid-3.3.19.tgz 1952ms (cache miss)
npm http fetch GET 200 https://registry.vlt.io/vlt-benchmarks/npm/lower-case/-/lower-case-2.0.2.tgz 1952ms (cache miss)
npm http fetch GET 200 https://registry.vlt.io/vlt-benchmarks/npm/no-case/-/no-case-3.0.4.tgz 1953ms (cache miss)
npm http fetch GET 200 https://registry.vlt.io/vlt-benchmarks/npm/release-zalgo/-/release-zalgo-1.0.0.tgz 1952ms (cache miss)
npm http fetch GET 200 https://registry.vlt.io/vlt-benchmarks/npm/unbzip2-stream/-/unbzip2-stream-1.4.3.tgz 1972ms (cache miss)
npm http fetch GET 200 https://registry.vlt.io/vlt-benchmarks/npm/lodash.flattendeep/-/lodash.flattendeep-4.4.0.tgz 1971ms (cache miss)
npm http fetch GET 200 https://registry.vlt.io/vlt-benchmarks/npm/clean-stack/-/clean-stack-2.2.0.tgz 1971ms (cache miss)
npm http fetch GET 200 https://registry.vlt.io/vlt-benchmarks/npm/aggregate-error/-/aggregate-error-3.1.0.tgz 1971ms (cache miss)
npm http fetch GET 200 https://registry.vlt.io/vlt-benchmarks/npm/indent-string/-/indent-string-4.0.0.tgz 1972ms (cache miss)
npm http fetch GET 200 https://registry.vlt.io/vlt-benchmarks/npm/default-require-extensions/-/default-require-extensions-3.0.1.tgz 1991ms (cache miss)
npm http fetch GET 200 https://registry.vlt.io/vlt-benchmarks/npm/archy/-/archy-1.0.0.tgz 1992ms (cache miss)
npm http fetch GET 200 https://registry.vlt.io/vlt-benchmarks/npm/package-hash/-/package-hash-4.0.0.tgz 1991ms (cache miss)
npm http fetch GET 200 https://registry.vlt.io/vlt-benchmarks/npm/hasha/-/hasha-5.2.2.tgz 1991ms (cache miss)
npm http fetch GET 200 https://registry.vlt.io/vlt-benchmarks/npm/append-transform/-/append-transform-2.0.0.tgz 1992ms (cache miss)
npm http fetch GET 200 https://registry.vlt.io/vlt-benchmarks/npm/process-on-spawn/-/process-on-spawn-1.1.0.tgz 1992ms (cache miss)
npm http fetch GET 200 https://registry.vlt.io/vlt-benchmarks/npm/spawn-wrap/-/spawn-wrap-2.0.0.tgz 2011ms (cache miss)
npm http fetch GET 200 https://registry.vlt.io/vlt-benchmarks/npm/node-preload/-/node-preload-0.2.1.tgz 2010ms (cache miss)
npm http fetch GET 200 https://registry.vlt.io/vlt-benchmarks/npm/p-map/-/p-map-3.0.0.tgz 2011ms (cache miss)
npm http fetch GET 200 https://registry.vlt.io/vlt-benchmarks/npm/istanbul-lib-hook/-/istanbul-lib-hook-3.0.0.tgz 2011ms (cache miss)
npm http fetch GET 200 https://registry.vlt.io/vlt-benchmarks/npm/find-cache-dir/-/find-cache-dir-3.3.2.tgz 2011ms (cache miss)
npm http fetch GET 200 https://registry.vlt.io/vlt-benchmarks/npm/istanbul-lib-processinfo/-/istanbul-lib-processinfo-2.0.3.tgz 2031ms (cache miss)
npm http fetch GET 200 https://registry.vlt.io/vlt-benchmarks/npm/ncp/-/ncp-2.0.0.tgz 2031ms (cache miss)
npm http fetch GET 200 https://registry.vlt.io/vlt-benchmarks/npm/decamelize/-/decamelize-1.2.0.tgz 2032ms (cache miss)
npm http fetch GET 200 https://registry.vlt.io/vlt-benchmarks/npm/colors/-/colors-1.4.0.tgz 2031ms (cache miss)
npm http fetch GET 200 https://registry.vlt.io/vlt-benchmarks/npm/caching-transform/-/caching-transform-4.0.0.tgz 2049ms (cache miss)
npm http fetch GET 200 https://registry.vlt.io/vlt-benchmarks/npm/xvfb/-/xvfb-0.4.0.tgz 2048ms (cache miss)
npm http fetch GET 200 https://registry.vlt.io/vlt-benchmarks/npm/ansi/-/ansi-0.3.1.tgz 2048ms (cache miss)
npm http fetch GET 200 https://registry.vlt.io/vlt-benchmarks/npm/util.promisify/-/util.promisify-1.1.3.tgz 2049ms (cache miss)
npm http fetch GET 200 https://registry.vlt.io/vlt-benchmarks/npm/smart-buffer/-/smart-buffer-4.2.0.tgz 2086ms (cache miss)
npm http fetch GET 200 https://registry.vlt.io/vlt-benchmarks/npm/emojis-list/-/emojis-list-3.0.0.tgz 2071ms (cache miss)
npm http fetch GET 200 https://registry.vlt.io/vlt-benchmarks/npm/sockjs/-/sockjs-0.3.24.tgz 2112ms (cache miss)
npm http fetch GET 200 https://registry.vlt.io/vlt-benchmarks/npm/big.js/-/big.js-5.2.2.tgz 2088ms (cache miss)
npm http fetch GET 200 https://registry.vlt.io/vlt-benchmarks/npm/@types/trusted-types/-/trusted-types-2.0.7.tgz 2088ms (cache miss)
npm http fetch GET 200 https://registry.vlt.io/vlt-benchmarks/npm/resolve-dir/-/resolve-dir-0.1.1.tgz 2114ms (cache miss)
npm http fetch GET 200 https://registry.vlt.io/vlt-benchmarks/npm/fs-exists-sync/-/fs-exists-sync-0.1.0.tgz 2115ms (cache miss)
npm http fetch GET 200 https://registry.vlt.io/vlt-benchmarks/npm/wait-on/-/wait-on-8.0.5.tgz 2114ms (cache miss)
npm http fetch GET 200 https://registry.vlt.io/vlt-benchmarks/npm/find-pkg/-/find-pkg-0.1.2.tgz 2115ms (cache miss)
npm http fetch GET 200 https://registry.vlt.io/vlt-benchmarks/npm/@peculiar/x509/-/x509-1.14.3.tgz 2170ms (cache miss)
npm http fetch GET 200 https://registry.vlt.io/vlt-benchmarks/npm/parse-literals/-/parse-literals-1.2.1.tgz 2151ms (cache miss)
npm http fetch GET 200 https://registry.vlt.io/vlt-benchmarks/npm/find-file-up/-/find-file-up-0.1.3.tgz 2135ms (cache miss)
npm http fetch GET 200 https://registry.vlt.io/vlt-benchmarks/npm/spawnd/-/spawnd-10.1.4.tgz 2134ms (cache miss)
npm http fetch GET 200 https://registry.vlt.io/vlt-benchmarks/npm/find-process/-/find-process-1.4.11.tgz 2134ms (cache miss)
npm http fetch GET 200 https://registry.vlt.io/vlt-benchmarks/npm/jest-environment-puppeteer/-/jest-environment-puppeteer-10.1.4.tgz 2135ms (cache miss)
npm http fetch GET 200 https://registry.vlt.io/vlt-benchmarks/npm/babar/-/babar-0.2.3.tgz 2161ms (cache miss)
npm http fetch GET 200 https://registry.vlt.io/vlt-benchmarks/npm/cwd/-/cwd-0.10.0.tgz 2158ms (cache miss)
npm http fetch GET 200 https://registry.vlt.io/vlt-benchmarks/npm/expect-puppeteer/-/expect-puppeteer-10.1.4.tgz 2157ms (cache miss)
npm http fetch GET 200 https://registry.vlt.io/vlt-benchmarks/npm/pixelmatch/-/pixelmatch-5.3.0.tgz 2158ms (cache miss)
npm http fetch GET 200 https://registry.vlt.io/vlt-benchmarks/npm/jest-dev-server/-/jest-dev-server-10.1.4.tgz 2159ms (cache miss)
npm http fetch GET 200 https://registry.vlt.io/vlt-benchmarks/npm/get-stdin/-/get-stdin-5.0.1.tgz 2158ms (cache miss)
npm http fetch GET 200 https://registry.vlt.io/vlt-benchmarks/npm/glur/-/glur-1.1.2.tgz 2159ms (cache miss)
npm http fetch GET 200 https://registry.vlt.io/vlt-benchmarks/npm/pascal-case/-/pascal-case-3.1.2.tgz 2158ms (cache miss)
npm http fetch GET 200 https://registry.vlt.io/vlt-benchmarks/npm/relateurl/-/relateurl-0.2.7.tgz 2158ms (cache miss)
npm http fetch GET 200 https://registry.vlt.io/vlt-benchmarks/npm/spdy/-/spdy-4.0.2.tgz 2210ms (cache miss)
npm http fetch GET 200 https://registry.vlt.io/vlt-benchmarks/npm/param-case/-/param-case-3.0.4.tgz 2182ms (cache miss)
npm http fetch GET 200 https://registry.vlt.io/vlt-benchmarks/npm/pretty-error/-/pretty-error-4.0.0.tgz 2182ms (cache miss)
npm http fetch GET 200 https://registry.vlt.io/vlt-benchmarks/npm/dir-glob/-/dir-glob-3.0.1.tgz 2206ms (cache miss)
npm http fetch GET 200 https://registry.vlt.io/vlt-benchmarks/npm/loader-utils/-/loader-utils-2.0.4.tgz 2206ms (cache miss)
npm http fetch GET 200 https://registry.vlt.io/vlt-benchmarks/npm/stackframe/-/stackframe-1.3.4.tgz 2206ms (cache miss)
npm http fetch GET 200 https://registry.vlt.io/vlt-benchmarks/npm/@types/html-minifier-terser/-/html-minifier-terser-6.1.0.tgz 2207ms (cache miss)
npm http fetch GET 200 https://registry.vlt.io/vlt-benchmarks/npm/postcss-value-parser/-/postcss-value-parser-4.2.0.tgz 2201ms (cache miss)
npm http fetch GET 200 https://registry.vlt.io/vlt-benchmarks/npm/postcss-modules-values/-/postcss-modules-values-4.0.0.tgz 2224ms (cache miss)
npm http fetch GET 200 https://registry.vlt.io/vlt-benchmarks/npm/postcss-modules-scope/-/postcss-modules-scope-3.2.1.tgz 2224ms (cache miss)
npm http fetch GET 200 https://registry.vlt.io/vlt-benchmarks/npm/postcss-modules-local-by-default/-/postcss-modules-local-by-default-4.2.0.tgz 2224ms (cache miss)
npm http fetch GET 200 https://registry.vlt.io/vlt-benchmarks/npm/postcss-modules-extract-imports/-/postcss-modules-extract-imports-3.1.0.tgz 2224ms (cache miss)
npm http fetch GET 200 https://registry.vlt.io/vlt-benchmarks/npm/http-proxy/-/http-proxy-1.18.1.tgz 2293ms (cache miss)
npm http fetch GET 200 https://registry.vlt.io/vlt-benchmarks/npm/he/-/he-1.2.0.tgz 2258ms (cache miss)
npm http fetch GET 200 https://registry.vlt.io/vlt-benchmarks/npm/@types/prop-types/-/prop-types-15.7.15.tgz 2250ms (cache miss)
npm http fetch GET 200 https://registry.vlt.io/vlt-benchmarks/npm/icss-utils/-/icss-utils-5.1.0.tgz 2251ms (cache miss)
npm http fetch GET 200 https://registry.vlt.io/vlt-benchmarks/npm/globby/-/globby-13.2.2.tgz 2252ms (cache miss)
npm http fetch GET 200 https://registry.vlt.io/vlt-benchmarks/npm/node-gyp-build/-/node-gyp-build-4.8.4.tgz 2251ms (cache miss)
npm http fetch GET 200 https://registry.vlt.io/vlt-benchmarks/npm/path-type/-/path-type-4.0.0.tgz 2252ms (cache miss)
npm http fetch GET 200 https://registry.vlt.io/vlt-benchmarks/npm/is-running/-/is-running-2.1.0.tgz 2252ms (cache miss)
npm http fetch GET 200 https://registry.vlt.io/vlt-benchmarks/npm/lodash.debounce/-/lodash.debounce-4.0.8.tgz 2252ms (cache miss)
npm http fetch GET 200 https://registry.vlt.io/vlt-benchmarks/npm/html-minifier-terser/-/html-minifier-terser-6.1.0.tgz 2281ms (cache miss)
npm http fetch GET 200 https://registry.vlt.io/vlt-benchmarks/npm/@types/har-format/-/har-format-1.2.16.tgz 2273ms (cache miss)
npm http fetch GET 200 https://registry.vlt.io/vlt-benchmarks/npm/@types/filewriter/-/filewriter-0.0.33.tgz 2273ms (cache miss)
npm http fetch GET 200 https://registry.vlt.io/vlt-benchmarks/npm/@types/pixelmatch/-/pixelmatch-5.2.6.tgz 2274ms (cache miss)
npm http fetch GET 200 https://registry.vlt.io/vlt-benchmarks/npm/@react-dnd/shallowequal/-/shallowequal-2.0.0.tgz 2332ms (cache miss)
npm http fetch GET 200 https://registry.vlt.io/vlt-benchmarks/npm/svg-parser/-/svg-parser-2.1.0.tgz 2307ms (cache miss)
npm http fetch GET 200 https://registry.vlt.io/vlt-benchmarks/npm/@svgr/babel-plugin-transform-svg-component/-/babel-plugin-transform-svg-component-7.0.0.tgz 2307ms (cache miss)
npm http fetch GET 200 https://registry.vlt.io/vlt-benchmarks/npm/@svgr/babel-plugin-svg-em-dimensions/-/babel-plugin-svg-em-dimensions-7.0.0.tgz 2308ms (cache miss)
npm http fetch GET 200 https://registry.vlt.io/vlt-benchmarks/npm/@svgr/babel-plugin-svg-dynamic-title/-/babel-plugin-svg-dynamic-title-7.0.0.tgz 2307ms (cache miss)
npm http fetch GET 200 https://registry.vlt.io/vlt-benchmarks/npm/@svgr/babel-plugin-replace-jsx-attribute-value/-/babel-plugin-replace-jsx-attribute-value-7.0.0.tgz 2307ms (cache miss)
npm http fetch GET 200 https://registry.vlt.io/vlt-benchmarks/npm/@parcel/watcher-linux-arm64-glibc/-/watcher-linux-arm64-glibc-2.6.0.tgz 2374ms (cache miss)
npm http fetch GET 200 https://registry.vlt.io/vlt-benchmarks/npm/@types/filesystem/-/filesystem-0.0.36.tgz 2344ms (cache miss)
npm http fetch GET 200 https://registry.vlt.io/vlt-benchmarks/npm/@svgr/hast-util-to-babel-ast/-/hast-util-to-babel-ast-7.0.0.tgz 2344ms (cache miss)
npm http fetch GET 200 https://registry.vlt.io/vlt-benchmarks/npm/@svgr/babel-plugin-add-jsx-attribute/-/babel-plugin-add-jsx-attribute-7.0.0.tgz 2343ms (cache miss)
npm http fetch GET 200 https://registry.vlt.io/vlt-benchmarks/npm/@svgr/babel-plugin-remove-jsx-attribute/-/babel-plugin-remove-jsx-attribute-7.0.0.tgz 2343ms (cache miss)
npm http fetch GET 200 https://registry.vlt.io/vlt-benchmarks/npm/@svgr/babel-preset/-/babel-preset-7.0.0.tgz 2344ms (cache miss)
npm http fetch GET 200 https://registry.vlt.io/vlt-benchmarks/npm/@svgr/babel-plugin-transform-react-native-svg/-/babel-plugin-transform-react-native-svg-7.0.0.tgz 2345ms (cache miss)
npm http fetch GET 200 https://registry.vlt.io/vlt-benchmarks/npm/@svgr/babel-plugin-remove-jsx-empty-expression/-/babel-plugin-remove-jsx-empty-expression-7.0.0.tgz 2366ms (cache miss)
npm http fetch GET 200 https://registry.vlt.io/vlt-benchmarks/npm/@babel/plugin-transform-react-pure-annotations/-/plugin-transform-react-pure-annotations-7.29.7.tgz 2366ms (cache miss)
npm http fetch GET 200 https://registry.vlt.io/vlt-benchmarks/npm/@babel/plugin-transform-react-jsx-development/-/plugin-transform-react-jsx-development-7.29.7.tgz 2366ms (cache miss)
npm http fetch GET 200 https://registry.vlt.io/vlt-benchmarks/npm/@babel/helper-replace-supers/-/helper-replace-supers-7.29.7.tgz 2365ms (cache miss)
npm http fetch GET 200 https://registry.vlt.io/vlt-benchmarks/npm/@babel/helper-optimise-call-expression/-/helper-optimise-call-expression-7.29.7.tgz 2366ms (cache miss)
npm http fetch GET 200 https://registry.vlt.io/vlt-benchmarks/npm/dot-case/-/dot-case-3.0.4.tgz 2419ms (cache miss)
npm http fetch GET 200 https://registry.vlt.io/vlt-benchmarks/npm/@babel/helper-member-expression-to-functions/-/helper-member-expression-to-functions-7.29.7.tgz 2397ms (cache miss)
npm http fetch GET 200 https://registry.vlt.io/vlt-benchmarks/npm/@babel/helper-remap-async-to-generator/-/helper-remap-async-to-generator-7.29.7.tgz 2396ms (cache miss)
npm http fetch GET 200 https://registry.vlt.io/vlt-benchmarks/npm/@babel/plugin-transform-react-display-name/-/plugin-transform-react-display-name-7.29.7.tgz 2424ms (cache miss)
npm http fetch GET 200 https://registry.vlt.io/vlt-benchmarks/npm/@babel/helper-wrap-function/-/helper-wrap-function-7.29.7.tgz 2424ms (cache miss)
npm http fetch GET 200 https://registry.vlt.io/vlt-benchmarks/npm/@babel/helper-annotate-as-pure/-/helper-annotate-as-pure-7.29.7.tgz 2424ms (cache miss)
npm http fetch GET 200 https://registry.vlt.io/vlt-benchmarks/npm/@babel/helper-create-regexp-features-plugin/-/helper-create-regexp-features-plugin-7.29.7.tgz 2424ms (cache miss)
npm http fetch GET 200 https://registry.vlt.io/vlt-benchmarks/npm/@babel/helper-skip-transparent-expression-wrappers/-/helper-skip-transparent-expression-wrappers-7.29.7.tgz 2424ms (cache miss)
npm http fetch GET 200 https://registry.vlt.io/vlt-benchmarks/npm/babel-plugin-polyfill-regenerator/-/babel-plugin-polyfill-regenerator-0.6.8.tgz 2424ms (cache miss)
npm http fetch GET 200 https://registry.vlt.io/vlt-benchmarks/npm/@babel/preset-modules/-/preset-modules-0.1.6-no-external-plugins.tgz 2457ms (cache miss)
npm http fetch GET 200 https://registry.vlt.io/vlt-benchmarks/npm/@babel/plugin-transform-unicode-sets-regex/-/plugin-transform-unicode-sets-regex-7.29.7.tgz 2456ms (cache miss)
npm http fetch GET 200 https://registry.vlt.io/vlt-benchmarks/npm/@babel/plugin-transform-typeof-symbol/-/plugin-transform-typeof-symbol-7.29.7.tgz 2457ms (cache miss)
npm http fetch GET 200 https://registry.vlt.io/vlt-benchmarks/npm/@babel/plugin-transform-unicode-escapes/-/plugin-transform-unicode-escapes-7.29.7.tgz 2457ms (cache miss)
npm http fetch GET 200 https://registry.vlt.io/vlt-benchmarks/npm/@babel/plugin-transform-unicode-property-regex/-/plugin-transform-unicode-property-regex-7.29.7.tgz 2458ms (cache miss)
npm http fetch GET 200 https://registry.vlt.io/vlt-benchmarks/npm/loglevel/-/loglevel-1.9.2.tgz 2503ms (cache miss)
npm http fetch GET 200 https://registry.vlt.io/vlt-benchmarks/npm/@babel/plugin-transform-unicode-regex/-/plugin-transform-unicode-regex-7.29.7.tgz 2486ms (cache miss)
npm http fetch GET 200 https://registry.vlt.io/vlt-benchmarks/npm/@babel/plugin-transform-sticky-regex/-/plugin-transform-sticky-regex-7.29.7.tgz 2485ms (cache miss)
npm http fetch GET 200 https://registry.vlt.io/vlt-benchmarks/npm/@babel/plugin-transform-spread/-/plugin-transform-spread-7.29.8.tgz 2484ms (cache miss)
npm http fetch GET 200 https://registry.vlt.io/vlt-benchmarks/npm/@babel/plugin-transform-shorthand-properties/-/plugin-transform-shorthand-properties-7.29.7.tgz 2485ms (cache miss)
npm http fetch GET 200 https://registry.vlt.io/vlt-benchmarks/npm/@babel/plugin-transform-regexp-modifiers/-/plugin-transform-regexp-modifiers-7.29.7.tgz 2485ms (cache miss)
npm http fetch GET 200 https://registry.vlt.io/vlt-benchmarks/npm/@babel/plugin-transform-private-property-in-object/-/plugin-transform-private-property-in-object-7.29.7.tgz 2484ms (cache miss)
npm http fetch GET 200 https://registry.vlt.io/vlt-benchmarks/npm/@babel/plugin-transform-property-literals/-/plugin-transform-property-literals-7.29.7.tgz 2485ms (cache miss)
npm http fetch GET 200 https://registry.vlt.io/vlt-benchmarks/npm/@babel/plugin-transform-template-literals/-/plugin-transform-template-literals-7.29.7.tgz 2509ms (cache miss)
npm http fetch GET 200 https://registry.vlt.io/vlt-benchmarks/npm/@babel/plugin-transform-reserved-words/-/plugin-transform-reserved-words-7.29.7.tgz 2508ms (cache miss)
npm http fetch GET 200 https://registry.vlt.io/vlt-benchmarks/npm/@babel/plugin-transform-private-methods/-/plugin-transform-private-methods-7.29.7.tgz 2508ms (cache miss)
npm http fetch GET 200 https://registry.vlt.io/vlt-benchmarks/npm/@babel/plugin-transform-optional-chaining/-/plugin-transform-optional-chaining-7.29.7.tgz 2508ms (cache miss)
npm http fetch GET 200 https://registry.vlt.io/vlt-benchmarks/npm/@babel/plugin-transform-optional-catch-binding/-/plugin-transform-optional-catch-binding-7.29.7.tgz 2507ms (cache miss)
npm http fetch GET 200 https://registry.vlt.io/vlt-benchmarks/npm/@babel/plugin-transform-object-super/-/plugin-transform-object-super-7.29.7.tgz 2507ms (cache miss)
npm http fetch GET 200 https://registry.vlt.io/vlt-benchmarks/npm/@babel/plugin-transform-react-jsx/-/plugin-transform-react-jsx-7.29.7.tgz 2544ms (cache miss)
npm http fetch GET 200 https://registry.vlt.io/vlt-benchmarks/npm/@babel/plugin-transform-new-target/-/plugin-transform-new-target-7.29.7.tgz 2536ms (cache miss)
npm http fetch GET 200 https://registry.vlt.io/vlt-benchmarks/npm/@babel/plugin-transform-nullish-coalescing-operator/-/plugin-transform-nullish-coalescing-operator-7.29.7.tgz 2538ms (cache miss)
npm http fetch GET 200 https://registry.vlt.io/vlt-benchmarks/npm/@babel/plugin-transform-named-capturing-groups-regex/-/plugin-transform-named-capturing-groups-regex-7.29.7.tgz 2537ms (cache miss)
npm http fetch GET 200 https://registry.vlt.io/vlt-benchmarks/npm/@babel/plugin-transform-modules-commonjs/-/plugin-transform-modules-commonjs-7.29.7.tgz 2537ms (cache miss)
npm http fetch GET 200 https://registry.vlt.io/vlt-benchmarks/npm/@babel/plugin-transform-modules-umd/-/plugin-transform-modules-umd-7.29.7.tgz 2537ms (cache miss)
npm http fetch GET 200 https://registry.vlt.io/vlt-benchmarks/npm/@babel/plugin-transform-modules-amd/-/plugin-transform-modules-amd-7.29.7.tgz 2537ms (cache miss)
npm http fetch GET 200 https://registry.vlt.io/vlt-benchmarks/npm/@babel/plugin-transform-numeric-separator/-/plugin-transform-numeric-separator-7.29.7.tgz 2539ms (cache miss)
npm http fetch GET 200 https://registry.vlt.io/vlt-benchmarks/npm/@babel/plugin-transform-modules-systemjs/-/plugin-transform-modules-systemjs-7.29.8.tgz 2538ms (cache miss)
npm http fetch GET 200 https://registry.vlt.io/vlt-benchmarks/npm/express/-/express-4.22.3.tgz 2610ms (cache miss)
npm http fetch GET 200 https://registry.vlt.io/vlt-benchmarks/npm/@babel/plugin-transform-object-rest-spread/-/plugin-transform-object-rest-spread-7.29.7.tgz 2564ms (cache miss)
npm http fetch GET 200 https://registry.vlt.io/vlt-benchmarks/npm/@babel/plugin-transform-logical-assignment-operators/-/plugin-transform-logical-assignment-operators-7.29.7.tgz 2562ms (cache miss)
npm http fetch GET 200 https://registry.vlt.io/vlt-benchmarks/npm/@babel/plugin-transform-literals/-/plugin-transform-literals-7.29.7.tgz 2563ms (cache miss)
npm http fetch GET 200 https://registry.vlt.io/vlt-benchmarks/npm/@babel/plugin-transform-member-expression-literals/-/plugin-transform-member-expression-literals-7.29.7.tgz 2563ms (cache miss)
npm http fetch GET 200 https://registry.vlt.io/vlt-benchmarks/npm/@babel/plugin-transform-json-strings/-/plugin-transform-json-strings-7.29.7.tgz 2563ms (cache miss)
npm http fetch GET 200 https://registry.vlt.io/vlt-benchmarks/npm/@babel/plugin-transform-for-of/-/plugin-transform-for-of-7.29.7.tgz 2587ms (cache miss)
npm http fetch GET 200 https://registry.vlt.io/vlt-benchmarks/npm/@babel/plugin-transform-export-namespace-from/-/plugin-transform-export-namespace-from-7.29.7.tgz 2587ms (cache miss)
npm http fetch GET 200 https://registry.vlt.io/vlt-benchmarks/npm/@babel/plugin-transform-exponentiation-operator/-/plugin-transform-exponentiation-operator-7.29.7.tgz 2588ms (cache miss)
npm http fetch GET 200 https://registry.vlt.io/vlt-benchmarks/npm/@babel/plugin-transform-explicit-resource-management/-/plugin-transform-explicit-resource-management-7.29.7.tgz 2588ms (cache miss)
npm http fetch GET 200 https://registry.vlt.io/vlt-benchmarks/npm/@babel/plugin-transform-duplicate-named-capturing-groups-regex/-/plugin-transform-duplicate-named-capturing-groups-regex-7.29.7.tgz 2589ms (cache miss)
npm http fetch GET 200 https://registry.vlt.io/vlt-benchmarks/npm/@babel/plugin-transform-dotall-regex/-/plugin-transform-dotall-regex-7.29.7.tgz 2613ms (cache miss)
npm http fetch GET 200 https://registry.vlt.io/vlt-benchmarks/npm/@babel/plugin-transform-dynamic-import/-/plugin-transform-dynamic-import-7.29.7.tgz 2614ms (cache miss)
npm http fetch GET 200 https://registry.vlt.io/vlt-benchmarks/npm/@babel/plugin-transform-duplicate-keys/-/plugin-transform-duplicate-keys-7.29.7.tgz 2614ms (cache miss)
npm http fetch GET 200 https://registry.vlt.io/vlt-benchmarks/npm/@babel/plugin-transform-computed-properties/-/plugin-transform-computed-properties-7.29.7.tgz 2614ms (cache miss)
npm http fetch GET 200 https://registry.vlt.io/vlt-benchmarks/npm/@babel/plugin-transform-destructuring/-/plugin-transform-destructuring-7.29.7.tgz 2614ms (cache miss)
npm http fetch GET 200 https://registry.vlt.io/vlt-benchmarks/npm/@babel/plugin-transform-block-scoped-functions/-/plugin-transform-block-scoped-functions-7.29.7.tgz 2614ms (cache miss)
npm http fetch GET 200 https://registry.vlt.io/vlt-benchmarks/npm/@babel/plugin-transform-class-properties/-/plugin-transform-class-properties-7.29.7.tgz 2614ms (cache miss)
npm http fetch GET 200 https://registry.vlt.io/vlt-benchmarks/npm/@babel/plugin-transform-class-static-block/-/plugin-transform-class-static-block-7.29.7.tgz 2614ms (cache miss)
npm http fetch GET 200 https://registry.vlt.io/vlt-benchmarks/npm/qs/-/qs-6.16.0.tgz 2695ms (cache miss)
npm http fetch GET 200 https://registry.vlt.io/vlt-benchmarks/npm/@babel/plugin-transform-async-to-generator/-/plugin-transform-async-to-generator-7.29.7.tgz 2637ms (cache miss)
npm http fetch GET 200 https://registry.vlt.io/vlt-benchmarks/npm/@babel/plugin-syntax-import-assertions/-/plugin-syntax-import-assertions-7.29.7.tgz 2637ms (cache miss)
npm http fetch GET 200 https://registry.vlt.io/vlt-benchmarks/npm/@babel/plugin-bugfix-safari-rest-destructuring-rhs-array/-/plugin-bugfix-safari-rest-destructuring-rhs-array-7.29.7.tgz 2636ms (cache miss)
npm http fetch GET 200 https://registry.vlt.io/vlt-benchmarks/npm/@babel/plugin-syntax-unicode-sets-regex/-/plugin-syntax-unicode-sets-regex-7.18.6.tgz 2638ms (cache miss)
npm http fetch GET 200 https://registry.vlt.io/vlt-benchmarks/npm/@babel/plugin-bugfix-v8-spread-parameters-in-optional-chaining/-/plugin-bugfix-v8-spread-parameters-in-optional-chaining-7.29.7.tgz 2637ms (cache miss)
npm http fetch GET 200 https://registry.vlt.io/vlt-benchmarks/npm/@babel/plugin-bugfix-firefox-class-in-computed-class-key/-/plugin-bugfix-firefox-class-in-computed-class-key-7.29.7.tgz 2637ms (cache miss)
npm http fetch GET 200 https://registry.vlt.io/vlt-benchmarks/npm/@babel/plugin-bugfix-safari-class-field-initializer-scope/-/plugin-bugfix-safari-class-field-initializer-scope-7.29.7.tgz 2638ms (cache miss)
npm http fetch GET 200 https://registry.vlt.io/vlt-benchmarks/npm/hpack.js/-/hpack.js-2.1.6.tgz 2735ms (cache miss)
npm http fetch GET 200 https://registry.vlt.io/vlt-benchmarks/npm/babel-plugin-polyfill-corejs2/-/babel-plugin-polyfill-corejs2-0.4.17.tgz 2676ms (cache miss)
npm http fetch GET 200 https://registry.vlt.io/vlt-benchmarks/npm/@babel/plugin-transform-async-generator-functions/-/plugin-transform-async-generator-functions-7.29.7.tgz 2666ms (cache miss)
npm http fetch GET 200 https://registry.vlt.io/vlt-benchmarks/npm/@babel/plugin-transform-arrow-functions/-/plugin-transform-arrow-functions-7.29.7.tgz 2667ms (cache miss)
npm http fetch GET 200 https://registry.vlt.io/vlt-benchmarks/npm/@babel/plugin-bugfix-v8-static-class-fields-redefine-readonly/-/plugin-bugfix-v8-static-class-fields-redefine-readonly-7.29.7.tgz 2666ms (cache miss)
npm http fetch GET 200 https://registry.vlt.io/vlt-benchmarks/npm/@babel/plugin-proposal-private-property-in-object/-/plugin-proposal-private-property-in-object-7.21.0-placeholder-for-preset-env.2.tgz 2667ms (cache miss)
npm http fetch GET 200 https://registry.vlt.io/vlt-benchmarks/npm/@babel/plugin-bugfix-safari-id-destructuring-collision-in-function-expression/-/plugin-bugfix-safari-id-destructuring-collision-in-function-expression-7.29.7.tgz 2666ms (cache miss)
npm http fetch GET 200 https://registry.vlt.io/vlt-benchmarks/npm/@svgr/plugin-svgo/-/plugin-svgo-7.0.0.tgz 2666ms (cache miss)
npm http fetch GET 200 https://registry.vlt.io/vlt-benchmarks/npm/@svgr/core/-/core-7.0.0.tgz 2666ms (cache miss)
npm http fetch GET 200 https://registry.vlt.io/vlt-benchmarks/npm/@svgr/plugin-jsx/-/plugin-jsx-7.0.0.tgz 2666ms (cache miss)
npm http fetch GET 200 https://registry.vlt.io/vlt-benchmarks/npm/@babel/preset-typescript/-/preset-typescript-7.29.7.tgz 2667ms (cache miss)
npm http fetch GET 200 https://registry.vlt.io/vlt-benchmarks/npm/camel-case/-/camel-case-4.1.2.tgz 2724ms (cache miss)
npm http fetch GET 200 https://registry.vlt.io/vlt-benchmarks/npm/@babel/preset-react/-/preset-react-7.29.7.tgz 2697ms (cache miss)
npm http fetch GET 200 https://registry.vlt.io/vlt-benchmarks/npm/@babel/plugin-transform-react-constant-elements/-/plugin-transform-react-constant-elements-7.29.7.tgz 2697ms (cache miss)
npm http fetch GET 200 https://registry.vlt.io/vlt-benchmarks/npm/smob/-/smob-1.6.2.tgz 2698ms (cache miss)
npm http fetch GET 200 https://registry.vlt.io/vlt-benchmarks/npm/@types/resolve/-/resolve-1.20.2.tgz 2697ms (cache miss)
npm http fetch GET 200 https://registry.vlt.io/vlt-benchmarks/npm/is-module/-/is-module-1.0.0.tgz 2697ms (cache miss)
npm http fetch GET 200 https://registry.vlt.io/vlt-benchmarks/npm/serialize-javascript/-/serialize-javascript-6.0.2.tgz 2699ms (cache miss)
npm http fetch GET 200 https://registry.vlt.io/vlt-benchmarks/npm/is-reference/-/is-reference-1.2.1.tgz 2698ms (cache miss)
npm http fetch GET 200 https://registry.vlt.io/vlt-benchmarks/npm/estree-walker/-/estree-walker-2.0.2.tgz 2698ms (cache miss)
npm http fetch GET 200 https://registry.vlt.io/vlt-benchmarks/npm/regexpu-core/-/regexpu-core-6.5.2.tgz 2782ms (cache miss)
npm http fetch GET 200 https://registry.vlt.io/vlt-benchmarks/npm/@rollup/pluginutils/-/pluginutils-5.4.0.tgz 2768ms (cache miss)
npm http fetch GET 200 https://registry.vlt.io/vlt-benchmarks/npm/error-stack-parser/-/error-stack-parser-2.1.4.tgz 2768ms (cache miss)
npm http fetch GET 200 https://registry.vlt.io/vlt-benchmarks/npm/anser/-/anser-2.3.5.tgz 2769ms (cache miss)
npm http fetch GET 200 https://registry.vlt.io/vlt-benchmarks/npm/@babel/plugin-transform-classes/-/plugin-transform-classes-7.29.7.tgz 2820ms (cache miss)
npm http fetch GET 200 https://registry.vlt.io/vlt-benchmarks/npm/@griffel/style-types/-/style-types-1.4.3.tgz 2812ms (cache miss)
npm http fetch GET 200 https://registry.vlt.io/vlt-benchmarks/npm/@emotion/hash/-/hash-0.9.2.tgz 2813ms (cache miss)
npm http fetch GET 200 https://registry.vlt.io/vlt-benchmarks/npm/@fortawesome/fontawesome-common-types/-/fontawesome-common-types-6.7.2.tgz 2836ms (cache miss)
npm http fetch GET 200 https://registry.vlt.io/vlt-benchmarks/npm/use-sync-external-store/-/use-sync-external-store-1.7.0.tgz 2835ms (cache miss)
npm http fetch GET 200 https://registry.vlt.io/vlt-benchmarks/npm/@floating-ui/utils/-/utils-0.2.12.tgz 2836ms (cache miss)
npm http fetch GET 200 https://registry.vlt.io/vlt-benchmarks/npm/keyborg/-/keyborg-2.14.1.tgz 2859ms (cache miss)
npm http fetch GET 200 https://registry.vlt.io/vlt-benchmarks/npm/embla-carousel-autoplay/-/embla-carousel-autoplay-8.6.0.tgz 2859ms (cache miss)
npm http fetch GET 200 https://registry.vlt.io/vlt-benchmarks/npm/@floating-ui/devtools/-/devtools-0.2.3.tgz 2859ms (cache miss)
npm http fetch GET 200 https://registry.vlt.io/vlt-benchmarks/npm/scheduler/-/scheduler-0.28.0.tgz 2859ms (cache miss)
npm http fetch GET 200 https://registry.vlt.io/vlt-benchmarks/npm/prop-types/-/prop-types-15.8.1.tgz 2881ms (cache miss)
npm http fetch GET 200 https://registry.vlt.io/vlt-benchmarks/npm/source-map-js/-/source-map-js-1.2.2.tgz 2966ms (cache miss)
npm http fetch GET 200 https://registry.vlt.io/vlt-benchmarks/npm/@babel/plugin-transform-parameters/-/plugin-transform-parameters-7.29.7.tgz 2937ms (cache miss)
npm http fetch GET 200 https://registry.vlt.io/vlt-benchmarks/npm/@fluentui/react-theme/-/react-theme-9.2.2.tgz 2922ms (cache miss)
npm http fetch GET 200 https://registry.vlt.io/vlt-benchmarks/npm/@babel/plugin-transform-function-name/-/plugin-transform-function-name-7.29.7.tgz 3072ms (cache miss)
npm http fetch GET 200 https://registry.vlt.io/vlt-benchmarks/npm/@jsonjoy.com/fs-node-to-fsa/-/fs-node-to-fsa-4.80.0.tgz 3192ms (cache miss)
npm http fetch GET 200 https://registry.vlt.io/vlt-benchmarks/npm/@babel/plugin-transform-block-scoping/-/plugin-transform-block-scoping-7.29.7.tgz 3122ms (cache miss)
npm http fetch GET 200 https://registry.vlt.io/vlt-benchmarks/npm/@dnd-kit/accessibility/-/accessibility-3.1.1.tgz 3105ms (cache miss)
npm http fetch GET 200 https://registry.vlt.io/vlt-benchmarks/npm/@types/emscripten/-/emscripten-1.41.6.tgz 3105ms (cache miss)
npm http fetch GET 200 https://registry.vlt.io/vlt-benchmarks/npm/@babel/plugin-transform-typescript/-/plugin-transform-typescript-7.29.9.tgz 3163ms (cache miss)
npm http fetch GET 200 https://registry.vlt.io/vlt-benchmarks/npm/cross-env/-/cross-env-7.0.3.tgz 3133ms (cache miss)
npm http fetch GET 200 https://registry.vlt.io/vlt-benchmarks/npm/commondir/-/commondir-1.0.1.tgz 3132ms (cache miss)
npm http fetch GET 200 https://registry.vlt.io/vlt-benchmarks/npm/memlab/-/memlab-1.1.60.tgz 3132ms (cache miss)
npm http fetch GET 200 https://registry.vlt.io/vlt-benchmarks/npm/immutable/-/immutable-5.1.9.tgz 3222ms (cache miss)
npm http fetch GET 200 https://registry.vlt.io/vlt-benchmarks/npm/htmlparser2/-/htmlparser2-6.1.0.tgz 3221ms (cache miss)
npm http fetch GET 200 https://registry.vlt.io/vlt-benchmarks/npm/@types/jest-image-snapshot/-/jest-image-snapshot-4.3.2.tgz 3159ms (cache miss)
npm http fetch GET 200 https://registry.vlt.io/vlt-benchmarks/npm/https/-/https-1.0.0.tgz 3158ms (cache miss)
npm http fetch GET 200 https://registry.vlt.io/vlt-benchmarks/npm/@types/ws/-/ws-8.18.2.tgz 3159ms (cache miss)
npm http fetch GET 200 https://registry.vlt.io/vlt-benchmarks/npm/ts-debounce/-/ts-debounce-4.0.0.tgz 3184ms (cache miss)
npm http fetch GET 200 https://registry.vlt.io/vlt-benchmarks/npm/monaco-editor-webpack-plugin/-/monaco-editor-webpack-plugin-7.1.1.tgz 3184ms (cache miss)
npm http fetch GET 200 https://registry.vlt.io/vlt-benchmarks/npm/@typescript/ata/-/ata-0.9.8.tgz 3184ms (cache miss)
npm http fetch GET 200 https://registry.vlt.io/vlt-benchmarks/npm/file-loader/-/file-loader-6.2.0.tgz 3185ms (cache miss)
npm http fetch GET 200 https://registry.vlt.io/vlt-benchmarks/npm/@types/uuid/-/uuid-10.0.0.tgz 3211ms (cache miss)
npm http fetch GET 200 https://registry.vlt.io/vlt-benchmarks/npm/url-loader/-/url-loader-4.1.1.tgz 3211ms (cache miss)
npm http fetch GET 200 https://registry.vlt.io/vlt-benchmarks/npm/@svgr/webpack/-/webpack-7.0.0.tgz 3211ms (cache miss)
npm http fetch GET 200 https://registry.vlt.io/vlt-benchmarks/npm/source-map-loader/-/source-map-loader-4.0.2.tgz 3237ms (cache miss)
npm http fetch GET 200 https://registry.vlt.io/vlt-benchmarks/npm/sass-loader/-/sass-loader-16.0.8.tgz 3265ms (cache miss)
npm http fetch GET 200 https://registry.vlt.io/vlt-benchmarks/npm/@rollup/plugin-terser/-/plugin-terser-0.4.4.tgz 3264ms (cache miss)
npm http fetch GET 200 https://registry.vlt.io/vlt-benchmarks/npm/rollup-plugin-minify-template-literals/-/rollup-plugin-minify-template-literals-1.1.7.tgz 3266ms (cache miss)
npm http fetch GET 200 https://registry.vlt.io/vlt-benchmarks/npm/jest-puppeteer/-/jest-puppeteer-10.1.4.tgz 3265ms (cache miss)
npm http fetch GET 200 https://registry.vlt.io/vlt-benchmarks/npm/@types/dagre/-/dagre-0.7.54.tgz 3294ms (cache miss)
npm http fetch GET 200 https://registry.vlt.io/vlt-benchmarks/npm/copy-webpack-plugin/-/copy-webpack-plugin-11.0.0.tgz 3328ms (cache miss)
npm http fetch GET 200 https://registry.vlt.io/vlt-benchmarks/npm/websocket-driver/-/websocket-driver-0.7.5.tgz 3443ms (cache miss)
npm http fetch GET 200 https://registry.vlt.io/vlt-benchmarks/npm/babel-plugin-polyfill-corejs3/-/babel-plugin-polyfill-corejs3-0.14.2.tgz 3385ms (cache miss)
npm http fetch GET 200 https://registry.vlt.io/vlt-benchmarks/npm/react-dnd-touch-backend/-/react-dnd-touch-backend-15.0.1.tgz 3353ms (cache miss)
npm http fetch GET 200 https://registry.vlt.io/vlt-benchmarks/npm/react-refresh/-/react-refresh-0.17.0.tgz 3352ms (cache miss)
npm http fetch GET 200 https://registry.vlt.io/vlt-benchmarks/npm/@types/react-dom/-/react-dom-18.3.7.tgz 3404ms (cache miss)
npm http fetch GET 200 https://registry.vlt.io/vlt-benchmarks/npm/@jsonjoy.com/fs-fsa/-/fs-fsa-4.80.0.tgz 3512ms (cache miss)
npm http fetch GET 200 https://registry.vlt.io/vlt-benchmarks/npm/redux/-/redux-4.2.1.tgz 3483ms (cache miss)
npm http fetch GET 200 https://registry.vlt.io/vlt-benchmarks/npm/@floating-ui/dom/-/dom-1.8.0.tgz 3435ms (cache miss)
npm http fetch GET 200 https://registry.vlt.io/vlt-benchmarks/npm/split.js/-/split.js-1.6.5.tgz 3421ms (cache miss)
npm http fetch GET 200 https://registry.vlt.io/vlt-benchmarks/npm/@fortawesome/react-fontawesome/-/react-fontawesome-0.2.6.tgz 3431ms (cache miss)
npm warn deprecated @fortawesome/react-fontawesome@0.2.6: v0.2.x is no longer supported. Unless you are still using FontAwesome 5, please update to v3.1.1 or greater.
npm http fetch GET 200 https://registry.vlt.io/vlt-benchmarks/npm/bare-path/-/bare-path-3.1.2.tgz 3543ms (cache miss)
npm http fetch GET 200 https://registry.vlt.io/vlt-benchmarks/npm/mv/-/mv-2.1.1.tgz 3455ms (cache miss)
npm http fetch GET 200 https://registry.vlt.io/vlt-benchmarks/npm/@types/mv/-/mv-2.1.4.tgz 3455ms (cache miss)
npm http fetch GET 200 https://registry.vlt.io/vlt-benchmarks/npm/@types/draco3d/-/draco3d-1.4.10.tgz 3456ms (cache miss)
npm http fetch GET 200 https://registry.vlt.io/vlt-benchmarks/npm/@types/draco3dgltf/-/draco3dgltf-1.4.3.tgz 3457ms (cache miss)
npm http fetch GET 200 https://registry.vlt.io/vlt-benchmarks/npm/memfs/-/memfs-4.80.0.tgz 3565ms (cache miss)
npm http fetch GET 200 https://registry.vlt.io/vlt-benchmarks/npm/filelist/-/filelist-1.0.6.tgz 3483ms (cache miss)
npm http fetch GET 200 https://registry.vlt.io/vlt-benchmarks/npm/through/-/through-2.3.8.tgz 3506ms (cache miss)
npm http fetch GET 200 https://registry.vlt.io/vlt-benchmarks/npm/@rollup/plugin-alias/-/plugin-alias-5.1.1.tgz 3521ms (cache miss)
npm http fetch GET 200 https://registry.vlt.io/vlt-benchmarks/npm/duplexer/-/duplexer-0.1.2.tgz 3532ms (cache miss)
npm http fetch GET 200 https://registry.vlt.io/vlt-benchmarks/npm/strong-log-transformer/-/strong-log-transformer-2.1.0.tgz 3532ms (cache miss)
npm http fetch GET 200 https://registry.vlt.io/vlt-benchmarks/npm/@floating-ui/core/-/core-1.8.0.tgz 3564ms (cache miss)
npm http fetch GET 200 https://registry.vlt.io/vlt-benchmarks/npm/front-matter/-/front-matter-4.0.2.tgz 3541ms (cache miss)
npm http fetch GET 200 https://registry.vlt.io/vlt-benchmarks/npm/node-machine-id/-/node-machine-id-1.1.12.tgz 3541ms (cache miss)
npm http fetch GET 200 https://registry.vlt.io/vlt-benchmarks/npm/path-is-absolute/-/path-is-absolute-1.0.1.tgz 3542ms (cache miss)
npm http fetch GET 200 https://registry.vlt.io/vlt-benchmarks/npm/inflight/-/inflight-1.0.6.tgz 3542ms (cache miss)
npm warn deprecated inflight@1.0.6: This module is not supported, and leaks memory. Do not use it. Check out lru-cache if you want a good and tested way to coalesce async requests by a key value, which is much more comprehensive and powerful.
npm http fetch GET 200 https://registry.vlt.io/vlt-benchmarks/npm/fs.realpath/-/fs.realpath-1.0.0.tgz 3543ms (cache miss)
npm http fetch GET 200 https://registry.vlt.io/vlt-benchmarks/npm/react-is/-/react-is-19.3.0.tgz 3543ms (cache miss)
npm http fetch GET 200 https://registry.vlt.io/vlt-benchmarks/npm/@jest/get-type/-/get-type-30.5.0.tgz 3543ms (cache miss)
npm http fetch GET 200 https://registry.vlt.io/vlt-benchmarks/npm/react-is/-/react-is-18.3.1.tgz 3543ms (cache miss)
npm http fetch GET 200 https://registry.vlt.io/vlt-benchmarks/npm/@jest/pattern/-/pattern-30.5.0.tgz 3543ms (cache miss)
npm http fetch GET 200 https://registry.vlt.io/vlt-benchmarks/npm/sprintf-js/-/sprintf-js-1.0.3.tgz 3544ms (cache miss)
npm http fetch GET 200 https://registry.vlt.io/vlt-benchmarks/npm/p-try/-/p-try-2.2.0.tgz 3544ms (cache miss)
npm http fetch GET 200 https://registry.vlt.io/vlt-benchmarks/npm/fn.name/-/fn.name-1.1.0.tgz 3543ms (cache miss)
npm http fetch GET 200 https://registry.vlt.io/vlt-benchmarks/npm/concat-map/-/concat-map-0.0.1.tgz 3543ms (cache miss)
npm http fetch GET 200 https://registry.vlt.io/vlt-benchmarks/npm/@types/triple-beam/-/triple-beam-1.3.5.tgz 3544ms (cache miss)
npm http fetch GET 200 https://registry.vlt.io/vlt-benchmarks/npm/color-string/-/color-string-2.1.4.tgz 3544ms (cache miss)
npm http fetch GET 200 https://registry.vlt.io/vlt-benchmarks/npm/text-hex/-/text-hex-1.0.0.tgz 3543ms (cache miss)
npm http fetch GET 200 https://registry.vlt.io/vlt-benchmarks/npm/color/-/color-5.0.3.tgz 3544ms (cache miss)
npm http fetch GET 200 https://registry.vlt.io/vlt-benchmarks/npm/enabled/-/enabled-2.0.0.tgz 3544ms (cache miss)
npm http fetch GET 200 https://registry.vlt.io/vlt-benchmarks/npm/winston-transport/-/winston-transport-4.9.0.tgz 3544ms (cache miss)
npm http fetch GET 200 https://registry.vlt.io/vlt-benchmarks/npm/@so-ric/colorspace/-/colorspace-1.1.6.tgz 3544ms (cache miss)
npm http fetch GET 200 https://registry.vlt.io/vlt-benchmarks/npm/triple-beam/-/triple-beam-1.4.1.tgz 3544ms (cache miss)
npm http fetch GET 200 https://registry.vlt.io/vlt-benchmarks/npm/one-time/-/one-time-1.0.0.tgz 3544ms (cache miss)
npm http fetch GET 200 https://registry.vlt.io/vlt-benchmarks/npm/safe-stable-stringify/-/safe-stable-stringify-2.5.0.tgz 3544ms (cache miss)
npm http fetch GET 200 https://registry.vlt.io/vlt-benchmarks/npm/@dabh/diagnostics/-/diagnostics-2.0.9.tgz 3544ms (cache miss)
npm http fetch GET 200 https://registry.vlt.io/vlt-benchmarks/npm/@colors/colors/-/colors-1.6.1.tgz 3544ms (cache miss)
npm http fetch GET 200 https://registry.vlt.io/vlt-benchmarks/npm/generator-function/-/generator-function-2.0.1.tgz 3544ms (cache miss)
npm http fetch GET 200 https://registry.vlt.io/vlt-benchmarks/npm/async-function/-/async-function-1.0.0.tgz 3544ms (cache miss)
npm http fetch GET 200 https://registry.vlt.io/vlt-benchmarks/npm/is-weakmap/-/is-weakmap-2.0.2.tgz 3545ms (cache miss)
npm http fetch GET 200 https://registry.vlt.io/vlt-benchmarks/npm/which-collection/-/which-collection-1.0.2.tgz 3544ms (cache miss)
npm http fetch GET 200 https://registry.vlt.io/vlt-benchmarks/npm/@nrwl/devkit/-/devkit-19.8.4.tgz 3571ms (cache miss)
npm http fetch GET 200 https://registry.vlt.io/vlt-benchmarks/npm/kuler/-/kuler-2.0.0.tgz 3604ms (cache miss)
npm http fetch GET 200 https://registry.vlt.io/vlt-benchmarks/npm/is-map/-/is-map-2.0.3.tgz 3603ms (cache miss)
npm http fetch GET 200 https://registry.vlt.io/vlt-benchmarks/npm/is-generator-function/-/is-generator-function-1.1.2.tgz 3602ms (cache miss)
npm http fetch GET 200 https://registry.vlt.io/vlt-benchmarks/npm/usehooks-ts/-/usehooks-ts-3.1.1.tgz 3669ms (cache miss)
npm http fetch GET 200 https://registry.vlt.io/vlt-benchmarks/npm/stack-trace/-/stack-trace-0.0.10.tgz 3661ms (cache miss)
npm http fetch GET 200 https://registry.vlt.io/vlt-benchmarks/npm/is-weakset/-/is-weakset-2.0.4.tgz 3660ms (cache miss)
npm http fetch GET 200 https://registry.vlt.io/vlt-benchmarks/npm/is-number-object/-/is-number-object-1.1.1.tgz 3660ms (cache miss)
npm http fetch GET 200 https://registry.vlt.io/vlt-benchmarks/npm/is-bigint/-/is-bigint-1.1.0.tgz 3659ms (cache miss)
npm http fetch GET 200 https://registry.vlt.io/vlt-benchmarks/npm/isexe/-/isexe-2.0.0.tgz 3659ms (cache miss)
npm http fetch GET 200 https://registry.vlt.io/vlt-benchmarks/npm/safer-buffer/-/safer-buffer-2.1.2.tgz 3660ms (cache miss)
npm http fetch GET 200 https://registry.vlt.io/vlt-benchmarks/npm/shallow-clone/-/shallow-clone-3.0.1.tgz 3659ms (cache miss)
npm http fetch GET 200 https://registry.vlt.io/vlt-benchmarks/npm/is-finalizationregistry/-/is-finalizationregistry-1.1.1.tgz 3684ms (cache miss)
npm http fetch GET 200 https://registry.vlt.io/vlt-benchmarks/npm/is-async-function/-/is-async-function-2.1.1.tgz 3684ms (cache miss)
npm http fetch GET 200 https://registry.vlt.io/vlt-benchmarks/npm/is-boolean-object/-/is-boolean-object-1.2.2.tgz 3685ms (cache miss)
npm http fetch GET 200 https://registry.vlt.io/vlt-benchmarks/npm/isobject/-/isobject-3.0.1.tgz 3684ms (cache miss)
npm http fetch GET 200 https://registry.vlt.io/vlt-benchmarks/npm/colorette/-/colorette-2.0.20.tgz 3682ms (cache miss)
npm http fetch GET 200 https://registry.vlt.io/vlt-benchmarks/npm/jest-image-snapshot/-/jest-image-snapshot-6.5.2.tgz 3728ms (cache miss)
npm http fetch GET 200 https://registry.vlt.io/vlt-benchmarks/npm/is-plain-object/-/is-plain-object-2.0.4.tgz 3710ms (cache miss)
npm http fetch GET 200 https://registry.vlt.io/vlt-benchmarks/npm/wildcard/-/wildcard-2.0.1.tgz 3711ms (cache miss)
npm http fetch GET 200 https://registry.vlt.io/vlt-benchmarks/npm/webpack-merge/-/webpack-merge-6.0.1.tgz 3711ms (cache miss)
npm http fetch GET 200 https://registry.vlt.io/vlt-benchmarks/npm/fastest-levenshtein/-/fastest-levenshtein-1.0.16.tgz 3710ms (cache miss)
npm http fetch GET 200 https://registry.vlt.io/vlt-benchmarks/npm/interpret/-/interpret-3.1.1.tgz 3711ms (cache miss)
npm http fetch GET 200 https://registry.vlt.io/vlt-benchmarks/npm/@webpack-cli/configtest/-/configtest-3.0.1.tgz 3710ms (cache miss)
npm http fetch GET 200 https://registry.vlt.io/vlt-benchmarks/npm/rechoir/-/rechoir-0.8.0.tgz 3735ms (cache miss)
npm http fetch GET 200 https://registry.vlt.io/vlt-benchmarks/npm/clone-deep/-/clone-deep-4.0.1.tgz 3736ms (cache miss)
npm http fetch GET 200 https://registry.vlt.io/vlt-benchmarks/npm/@webpack-cli/info/-/info-3.0.1.tgz 3735ms (cache miss)
npm http fetch GET 200 https://registry.vlt.io/vlt-benchmarks/npm/http-proxy-middleware/-/http-proxy-middleware-2.0.10.tgz 3853ms (cache miss)
npm http fetch GET 200 https://registry.vlt.io/vlt-benchmarks/npm/@hapi/tlds/-/tlds-1.1.7.tgz 3850ms (cache miss)
npm http fetch GET 200 https://registry.vlt.io/vlt-benchmarks/npm/@rollup/plugin-typescript/-/plugin-typescript-11.1.6.tgz 3776ms (cache miss)
npm http fetch GET 200 https://registry.vlt.io/vlt-benchmarks/npm/@webpack-cli/serve/-/serve-3.0.1.tgz 3762ms (cache miss)
npm http fetch GET 200 https://registry.vlt.io/vlt-benchmarks/npm/@webassemblyjs/wasm-gen/-/wasm-gen-1.14.1.tgz 3760ms (cache miss)
npm http fetch GET 200 https://registry.vlt.io/vlt-benchmarks/npm/@jridgewell/source-map/-/source-map-0.3.11.tgz 3762ms (cache miss)
npm http fetch GET 200 https://registry.vlt.io/vlt-benchmarks/npm/@xtuc/ieee754/-/ieee754-1.2.0.tgz 3762ms (cache miss)
npm http fetch GET 200 https://registry.vlt.io/vlt-benchmarks/npm/@webassemblyjs/leb128/-/leb128-1.13.2.tgz 3762ms (cache miss)
npm http fetch GET 200 https://registry.vlt.io/vlt-benchmarks/npm/@webassemblyjs/utf8/-/utf8-1.13.2.tgz 3762ms (cache miss)
npm http fetch GET 200 https://registry.vlt.io/vlt-benchmarks/npm/@webassemblyjs/wasm-opt/-/wasm-opt-1.14.1.tgz 3762ms (cache miss)
npm http fetch GET 200 https://registry.vlt.io/vlt-benchmarks/npm/@webassemblyjs/ieee754/-/ieee754-1.13.2.tgz 3762ms (cache miss)
npm http fetch GET 200 https://registry.vlt.io/vlt-benchmarks/npm/envinfo/-/envinfo-7.21.0.tgz 3785ms (cache miss)
npm http fetch GET 200 https://registry.vlt.io/vlt-benchmarks/npm/@webassemblyjs/wast-printer/-/wast-printer-1.14.1.tgz 3784ms (cache miss)
npm http fetch GET 200 https://registry.vlt.io/vlt-benchmarks/npm/@webassemblyjs/helper-wasm-section/-/helper-wasm-section-1.14.1.tgz 3783ms (cache miss)
npm http fetch GET 200 https://registry.vlt.io/vlt-benchmarks/npm/@webassemblyjs/helper-buffer/-/helper-buffer-1.14.1.tgz 3783ms (cache miss)
npm http fetch GET 200 https://registry.vlt.io/vlt-benchmarks/npm/hyperdyperid/-/hyperdyperid-1.2.0.tgz 3923ms (cache miss)
npm http fetch GET 200 https://registry.vlt.io/vlt-benchmarks/npm/@rollup/plugin-node-resolve/-/plugin-node-resolve-15.3.1.tgz 3825ms (cache miss)
npm http fetch GET 200 https://registry.vlt.io/vlt-benchmarks/npm/html-webpack-plugin/-/html-webpack-plugin-5.6.8.tgz 3824ms (cache miss)
npm http fetch GET 200 https://registry.vlt.io/vlt-benchmarks/npm/tr46/-/tr46-5.1.1.tgz 3813ms (cache miss)
npm http fetch GET 200 https://registry.vlt.io/vlt-benchmarks/npm/@webassemblyjs/helper-wasm-bytecode/-/helper-wasm-bytecode-1.13.2.tgz 3809ms (cache miss)
npm http fetch GET 200 https://registry.vlt.io/vlt-benchmarks/npm/@webassemblyjs/floating-point-hex-parser/-/floating-point-hex-parser-1.13.2.tgz 3810ms (cache miss)
npm http fetch GET 200 https://registry.vlt.io/vlt-benchmarks/npm/chrome-trace-event/-/chrome-trace-event-1.0.4.tgz 3808ms (cache miss)
npm http fetch GET 200 https://registry.vlt.io/vlt-benchmarks/npm/@webassemblyjs/helper-numbers/-/helper-numbers-1.13.2.tgz 3809ms (cache miss)
npm http fetch GET 200 https://registry.vlt.io/vlt-benchmarks/npm/@lit-labs/ssr-dom-shim/-/ssr-dom-shim-1.6.0.tgz 3905ms (cache miss)
npm http fetch GET 200 https://registry.vlt.io/vlt-benchmarks/npm/@webassemblyjs/helper-api-error/-/helper-api-error-1.13.2.tgz 3834ms (cache miss)
npm http fetch GET 200 https://registry.vlt.io/vlt-benchmarks/npm/which-boxed-primitive/-/which-boxed-primitive-1.1.1.tgz 3832ms (cache miss)
npm http fetch GET 200 https://registry.vlt.io/vlt-benchmarks/npm/uc.micro/-/uc.micro-2.1.0.tgz 3832ms (cache miss)
npm http fetch GET 200 https://registry.vlt.io/vlt-benchmarks/npm/stylis/-/stylis-4.4.0.tgz 3896ms (cache miss)
npm http fetch GET 200 https://registry.vlt.io/vlt-benchmarks/npm/re-resizable/-/re-resizable-6.11.2.tgz 3875ms (cache miss)
npm http fetch GET 200 https://registry.vlt.io/vlt-benchmarks/npm/has-bigints/-/has-bigints-1.1.0.tgz 3857ms (cache miss)
npm http fetch GET 200 https://registry.vlt.io/vlt-benchmarks/npm/tmpl/-/tmpl-1.0.5.tgz 3858ms (cache miss)
npm http fetch GET 200 https://registry.vlt.io/vlt-benchmarks/npm/punycode/-/punycode-2.3.1.tgz 3858ms (cache miss)
npm http fetch GET 200 https://registry.vlt.io/vlt-benchmarks/npm/makeerror/-/makeerror-1.0.12.tgz 3859ms (cache miss)
npm http fetch GET 200 https://registry.vlt.io/vlt-benchmarks/npm/@types/unist/-/unist-3.0.3.tgz 3858ms (cache miss)
npm http fetch GET 200 https://registry.vlt.io/vlt-benchmarks/npm/linkify-it/-/linkify-it-5.0.2.tgz 3858ms (cache miss)
npm http fetch GET 200 https://registry.vlt.io/vlt-benchmarks/npm/esprima/-/esprima-4.0.1.tgz 3895ms (cache miss)
npm http fetch GET 200 https://registry.vlt.io/vlt-benchmarks/npm/@webassemblyjs/wasm-edit/-/wasm-edit-1.14.1.tgz 3884ms (cache miss)
npm http fetch GET 200 https://registry.vlt.io/vlt-benchmarks/npm/punycode.js/-/punycode.js-2.3.1.tgz 3883ms (cache miss)
npm http fetch GET 200 https://registry.vlt.io/vlt-benchmarks/npm/mdurl/-/mdurl-2.1.0.tgz 3883ms (cache miss)
npm http fetch GET 200 https://registry.vlt.io/vlt-benchmarks/npm/bytestreamjs/-/bytestreamjs-2.0.1.tgz 4022ms (cache miss)
npm http fetch GET 200 https://registry.vlt.io/vlt-benchmarks/npm/@xtuc/long/-/long-4.2.2.tgz 3912ms (cache miss)
npm http fetch GET 200 https://registry.vlt.io/vlt-benchmarks/npm/@types/hast/-/hast-3.0.5.tgz 3909ms (cache miss)
npm http fetch GET 200 https://registry.vlt.io/vlt-benchmarks/npm/@shikijs/types/-/types-3.23.0.tgz 3909ms (cache miss)
npm http fetch GET 200 https://registry.vlt.io/vlt-benchmarks/npm/magic-string/-/magic-string-0.30.21.tgz 3975ms (cache miss)
npm http fetch GET 200 https://registry.vlt.io/vlt-benchmarks/npm/@types/eslint/-/eslint-9.6.1.tgz 3957ms (cache miss)
npm http fetch GET 200 https://registry.vlt.io/vlt-benchmarks/npm/@shikijs/vscode-textmate/-/vscode-textmate-10.0.2.tgz 3934ms (cache miss)
npm http fetch GET 200 https://registry.vlt.io/vlt-benchmarks/npm/which-builtin-type/-/which-builtin-type-1.2.1.tgz 3933ms (cache miss)
npm http fetch GET 200 https://registry.vlt.io/vlt-benchmarks/npm/reflect.getprototypeof/-/reflect.getprototypeof-1.0.10.tgz 3933ms (cache miss)
npm http fetch GET 200 https://registry.vlt.io/vlt-benchmarks/npm/@types/chrome/-/chrome-0.0.268.tgz 3989ms (cache miss)
npm http fetch GET 200 https://registry.vlt.io/vlt-benchmarks/npm/@rollup/plugin-commonjs/-/plugin-commonjs-26.0.3.tgz 3985ms (cache miss)
npm http fetch GET 200 https://registry.vlt.io/vlt-benchmarks/npm/v8-compile-cache-lib/-/v8-compile-cache-lib-3.0.1.tgz 3961ms (cache miss)
npm http fetch GET 200 https://registry.vlt.io/vlt-benchmarks/npm/for-each/-/for-each-0.3.5.tgz 3962ms (cache miss)
npm http fetch GET 200 https://registry.vlt.io/vlt-benchmarks/npm/global-prefix/-/global-prefix-4.0.0.tgz 3962ms (cache miss)
npm http fetch GET 200 https://registry.vlt.io/vlt-benchmarks/npm/arg/-/arg-4.1.3.tgz 3962ms (cache miss)
npm http fetch GET 200 https://registry.vlt.io/vlt-benchmarks/npm/kind-of/-/kind-of-6.0.3.tgz 3964ms (cache miss)
npm http fetch GET 200 https://registry.vlt.io/vlt-benchmarks/npm/acorn-walk/-/acorn-walk-8.3.5.tgz 3962ms (cache miss)
npm http fetch GET 200 https://registry.vlt.io/vlt-benchmarks/npm/dompurify/-/dompurify-3.2.7.tgz 4072ms (cache miss)
npm http fetch GET 200 https://registry.vlt.io/vlt-benchmarks/npm/create-require/-/create-require-1.1.1.tgz 3993ms (cache miss)
npm http fetch GET 200 https://registry.vlt.io/vlt-benchmarks/npm/yn/-/yn-3.1.1.tgz 3993ms (cache miss)
npm http fetch GET 200 https://registry.vlt.io/vlt-benchmarks/npm/@types/yargs/-/yargs-17.0.35.tgz 3991ms (cache miss)
npm http fetch GET 200 https://registry.vlt.io/vlt-benchmarks/npm/@types/yargs-parser/-/yargs-parser-21.0.3.tgz 3992ms (cache miss)
npm http fetch GET 200 https://registry.vlt.io/vlt-benchmarks/npm/mdn-data/-/mdn-data-2.0.30.tgz 4116ms (cache miss)
npm http fetch GET 200 https://registry.vlt.io/vlt-benchmarks/npm/@babel/helper-define-polyfill-provider/-/helper-define-polyfill-provider-0.6.8.tgz 4085ms (cache miss)
npm http fetch GET 200 https://registry.vlt.io/vlt-benchmarks/npm/@babel/helper-create-class-features-plugin/-/helper-create-class-features-plugin-7.29.7.tgz 4081ms (cache miss)
npm http fetch GET 200 https://registry.vlt.io/vlt-benchmarks/npm/core-js-compat/-/core-js-compat-3.50.0.tgz 4080ms (cache miss)
npm http fetch GET 200 https://registry.vlt.io/vlt-benchmarks/npm/rollup-plugin-dts/-/rollup-plugin-dts-6.5.1.tgz 4045ms (cache miss)
npm http fetch GET 200 https://registry.vlt.io/vlt-benchmarks/npm/fecha/-/fecha-4.2.3.tgz 4037ms (cache miss)
npm http fetch GET 200 https://registry.vlt.io/vlt-benchmarks/npm/@types/json5/-/json5-0.0.29.tgz 4022ms (cache miss)
npm http fetch GET 200 https://registry.vlt.io/vlt-benchmarks/npm/@tsconfig/node16/-/node16-1.0.4.tgz 4021ms (cache miss)
npm http fetch GET 200 https://registry.vlt.io/vlt-benchmarks/npm/@tsconfig/node14/-/node14-1.0.3.tgz 4021ms (cache miss)
npm http fetch GET 200 https://registry.vlt.io/vlt-benchmarks/npm/@tsconfig/node10/-/node10-1.0.13.tgz 4022ms (cache miss)
npm http fetch GET 200 https://registry.vlt.io/vlt-benchmarks/npm/@tsconfig/node12/-/node12-1.0.11.tgz 4022ms (cache miss)
npm http fetch GET 200 https://registry.vlt.io/vlt-benchmarks/npm/bs-logger/-/bs-logger-0.2.6.tgz 4020ms (cache miss)
npm http fetch GET 200 https://registry.vlt.io/vlt-benchmarks/npm/lodash.memoize/-/lodash.memoize-4.1.2.tgz 4020ms (cache miss)
npm http fetch GET 200 https://registry.vlt.io/vlt-benchmarks/npm/basic-ftp/-/basic-ftp-5.3.1.tgz 4137ms (cache miss)
npm http fetch GET 200 https://registry.vlt.io/vlt-benchmarks/npm/@cspotcode/source-map-support/-/source-map-support-0.8.1.tgz 4046ms (cache miss)
npm http fetch GET 200 https://registry.vlt.io/vlt-benchmarks/npm/@jest/schemas/-/schemas-29.6.3.tgz 4046ms (cache miss)
npm http fetch GET 200 https://registry.vlt.io/vlt-benchmarks/npm/make-error/-/make-error-1.3.6.tgz 4047ms (cache miss)
npm http fetch GET 200 https://registry.vlt.io/vlt-benchmarks/npm/char-regex/-/char-regex-1.0.2.tgz 4045ms (cache miss)
npm http fetch GET 200 https://registry.vlt.io/vlt-benchmarks/npm/nan/-/nan-2.29.0.tgz 4199ms (cache miss)
npm http fetch GET 200 https://registry.vlt.io/vlt-benchmarks/npm/@pkgr/core/-/core-0.1.2.tgz 4073ms (cache miss)
npm http fetch GET 200 https://registry.vlt.io/vlt-benchmarks/npm/is-number/-/is-number-7.0.0.tgz 4075ms (cache miss)
npm http fetch GET 200 https://registry.vlt.io/vlt-benchmarks/npm/simple-concat/-/simple-concat-1.0.1.tgz 4073ms (cache miss)
npm http fetch GET 200 https://registry.vlt.io/vlt-benchmarks/npm/@jest/types/-/types-29.6.3.tgz 4075ms (cache miss)
npm http fetch GET 200 https://registry.vlt.io/vlt-benchmarks/npm/browserstack-local/-/browserstack-local-1.5.15.tgz 4132ms (cache miss)
npm http fetch GET 200 https://registry.vlt.io/vlt-benchmarks/npm/chownr/-/chownr-1.1.4.tgz 4101ms (cache miss)
npm http fetch GET 200 https://registry.vlt.io/vlt-benchmarks/npm/mimic-response/-/mimic-response-3.1.0.tgz 4100ms (cache miss)
npm http fetch GET 200 https://registry.vlt.io/vlt-benchmarks/npm/spdx-license-ids/-/spdx-license-ids-3.0.24.tgz 4101ms (cache miss)
npm http fetch GET 200 https://registry.vlt.io/vlt-benchmarks/npm/buffer-from/-/buffer-from-1.1.2.tgz 4101ms (cache miss)
npm http fetch GET 200 https://registry.vlt.io/vlt-benchmarks/npm/@fortawesome/fontawesome-svg-core/-/fontawesome-svg-core-6.7.2.tgz 4148ms (cache miss)
npm http fetch GET 200 https://registry.vlt.io/vlt-benchmarks/npm/spdx-exceptions/-/spdx-exceptions-2.5.0.tgz 4133ms (cache miss)
npm http fetch GET 200 https://registry.vlt.io/vlt-benchmarks/npm/side-channel-weakmap/-/side-channel-weakmap-1.0.2.tgz 4132ms (cache miss)
npm http fetch GET 200 https://registry.vlt.io/vlt-benchmarks/npm/side-channel-map/-/side-channel-map-1.0.1.tgz 4133ms (cache miss)
npm http fetch GET 200 https://registry.vlt.io/vlt-benchmarks/npm/decompress-response/-/decompress-response-6.0.0.tgz 4133ms (cache miss)
npm http fetch GET 200 https://registry.vlt.io/vlt-benchmarks/npm/side-channel-list/-/side-channel-list-1.0.1.tgz 4133ms (cache miss)
npm http fetch GET 200 https://registry.vlt.io/vlt-benchmarks/npm/shebang-regex/-/shebang-regex-3.0.0.tgz 4134ms (cache miss)
npm http fetch GET 200 https://registry.vlt.io/vlt-benchmarks/npm/@webassemblyjs/wasm-parser/-/wasm-parser-1.14.1.tgz 4166ms (cache miss)
npm http fetch GET 200 https://registry.vlt.io/vlt-benchmarks/npm/queue-microtask/-/queue-microtask-1.2.3.tgz 4157ms (cache miss)
npm http fetch GET 200 https://registry.vlt.io/vlt-benchmarks/npm/xmlchars/-/xmlchars-2.2.0.tgz 4157ms (cache miss)
npm http fetch GET 200 https://registry.vlt.io/vlt-benchmarks/npm/isarray/-/isarray-2.0.5.tgz 4158ms (cache miss)
npm http fetch GET 200 https://registry.vlt.io/vlt-benchmarks/npm/@fluentui/keyboard-keys/-/keyboard-keys-9.0.9.tgz 4230ms (cache miss)
npm http fetch GET 200 https://registry.vlt.io/vlt-benchmarks/npm/object.entries/-/object.entries-1.1.9.tgz 4186ms (cache miss)
npm http fetch GET 200 https://registry.vlt.io/vlt-benchmarks/npm/node-exports-info/-/node-exports-info-1.6.2.tgz 4187ms (cache miss)
npm http fetch GET 200 https://registry.vlt.io/vlt-benchmarks/npm/supports-preserve-symlinks-flag/-/supports-preserve-symlinks-flag-1.0.0.tgz 4187ms (cache miss)
npm http fetch GET 200 https://registry.vlt.io/vlt-benchmarks/npm/set-function-name/-/set-function-name-2.0.2.tgz 4188ms (cache miss)
npm http fetch GET 200 https://registry.vlt.io/vlt-benchmarks/npm/ini/-/ini-1.3.8.tgz 4188ms (cache miss)
npm http fetch GET 200 https://registry.vlt.io/vlt-benchmarks/npm/embla-carousel-fade/-/embla-carousel-fade-8.6.0.tgz 4262ms (cache miss)
npm http fetch GET 200 https://registry.vlt.io/vlt-benchmarks/npm/path-parse/-/path-parse-1.0.7.tgz 4214ms (cache miss)
npm http fetch GET 200 https://registry.vlt.io/vlt-benchmarks/npm/sisteransi/-/sisteransi-1.0.5.tgz 4214ms (cache miss)
npm http fetch GET 200 https://registry.vlt.io/vlt-benchmarks/npm/kleur/-/kleur-3.0.3.tgz 4214ms (cache miss)
npm http fetch GET 200 https://registry.vlt.io/vlt-benchmarks/npm/react-is/-/react-is-17.0.2.tgz 4214ms (cache miss)
npm http fetch GET 200 https://registry.vlt.io/vlt-benchmarks/npm/deep-extend/-/deep-extend-0.6.0.tgz 4239ms (cache miss)
npm http fetch GET 200 https://registry.vlt.io/vlt-benchmarks/npm/napi-build-utils/-/napi-build-utils-2.0.0.tgz 4238ms (cache miss)
npm http fetch GET 200 https://registry.vlt.io/vlt-benchmarks/npm/fast-diff/-/fast-diff-1.3.0.tgz 4239ms (cache miss)
npm http fetch GET 200 https://registry.vlt.io/vlt-benchmarks/npm/simple-get/-/simple-get-4.0.1.tgz 4239ms (cache miss)
npm http fetch GET 200 https://registry.vlt.io/vlt-benchmarks/npm/tunnel-agent/-/tunnel-agent-0.6.0.tgz 4240ms (cache miss)
npm http fetch GET 200 https://registry.vlt.io/vlt-benchmarks/npm/rc/-/rc-1.2.8.tgz 4239ms (cache miss)
npm http fetch GET 200 https://registry.vlt.io/vlt-benchmarks/npm/pump/-/pump-3.0.4.tgz 4240ms (cache miss)
npm http fetch GET 200 https://registry.vlt.io/vlt-benchmarks/npm/node-abi/-/node-abi-3.96.0.tgz 4261ms (cache miss)
npm http fetch GET 200 https://registry.vlt.io/vlt-benchmarks/npm/detect-libc/-/detect-libc-2.1.2.tgz 4261ms (cache miss)
npm http fetch GET 200 https://registry.vlt.io/vlt-benchmarks/npm/mkdirp-classic/-/mkdirp-classic-0.5.3.tgz 4262ms (cache miss)
npm http fetch GET 200 https://registry.vlt.io/vlt-benchmarks/npm/expand-template/-/expand-template-2.0.3.tgz 4261ms (cache miss)
npm http fetch GET 200 https://registry.vlt.io/vlt-benchmarks/npm/github-from-package/-/github-from-package-0.0.0.tgz 4262ms (cache miss)
npm http fetch GET 200 https://registry.vlt.io/vlt-benchmarks/npm/error-ex/-/error-ex-1.3.4.tgz 4285ms (cache miss)
npm http fetch GET 200 https://registry.vlt.io/vlt-benchmarks/npm/yocto-queue/-/yocto-queue-0.1.0.tgz 4285ms (cache miss)
npm http fetch GET 200 https://registry.vlt.io/vlt-benchmarks/npm/word-wrap/-/word-wrap-1.2.5.tgz 4286ms (cache miss)
npm http fetch GET 200 https://registry.vlt.io/vlt-benchmarks/npm/parse-statements/-/parse-statements-1.0.11.tgz 4286ms (cache miss)
npm http fetch GET 200 https://registry.vlt.io/vlt-benchmarks/npm/json-parse-even-better-errors/-/json-parse-even-better-errors-2.3.1.tgz 4286ms (cache miss)
npm http fetch GET 200 https://registry.vlt.io/vlt-benchmarks/npm/is-arrayish/-/is-arrayish-0.2.1.tgz 4288ms (cache miss)
npm http fetch GET 200 https://registry.vlt.io/vlt-benchmarks/npm/wcwidth/-/wcwidth-1.0.1.tgz 4286ms (cache miss)
npm http fetch GET 200 https://registry.vlt.io/vlt-benchmarks/npm/@recast-navigation/generators/-/generators-0.43.1.tgz 4343ms (cache miss)
npm http fetch GET 200 https://registry.vlt.io/vlt-benchmarks/npm/react-refresh-typescript/-/react-refresh-typescript-2.0.12.tgz 4354ms (cache miss)
npm http fetch GET 200 https://registry.vlt.io/vlt-benchmarks/npm/y18n/-/y18n-5.0.8.tgz 4319ms (cache miss)
npm http fetch GET 200 https://registry.vlt.io/vlt-benchmarks/npm/wrap-ansi/-/wrap-ansi-7.0.0.tgz 4319ms (cache miss)
npm http fetch GET 200 https://registry.vlt.io/vlt-benchmarks/npm/fast-levenshtein/-/fast-levenshtein-2.0.6.tgz 4321ms (cache miss)
npm http fetch GET 200 https://registry.vlt.io/vlt-benchmarks/npm/wrappy/-/wrappy-1.0.2.tgz 4320ms (cache miss)
npm http fetch GET 200 https://registry.vlt.io/vlt-benchmarks/npm/@dnd-kit/modifiers/-/modifiers-9.0.0.tgz 4388ms (cache miss)
npm http fetch GET 200 https://registry.vlt.io/vlt-benchmarks/npm/utf-8-validate/-/utf-8-validate-5.0.10.tgz 4387ms (cache miss)
npm http fetch GET 200 https://registry.vlt.io/vlt-benchmarks/npm/tree-kill/-/tree-kill-1.2.2.tgz 4346ms (cache miss)
npm http fetch GET 200 https://registry.vlt.io/vlt-benchmarks/npm/util-deprecate/-/util-deprecate-1.0.2.tgz 4347ms (cache miss)
npm http fetch GET 200 https://registry.vlt.io/vlt-benchmarks/npm/tmp/-/tmp-0.2.7.tgz 4346ms (cache miss)
npm http fetch GET 200 https://registry.vlt.io/vlt-benchmarks/npm/deep-is/-/deep-is-0.1.4.tgz 4346ms (cache miss)
npm http fetch GET 200 https://registry.vlt.io/vlt-benchmarks/npm/string-width/-/string-width-4.2.3.tgz 4347ms (cache miss)
npm http fetch GET 200 https://registry.vlt.io/vlt-benchmarks/npm/tar-stream/-/tar-stream-2.2.0.tgz 4347ms (cache miss)
npm http fetch GET 200 https://registry.vlt.io/vlt-benchmarks/npm/string_decoder/-/string_decoder-1.3.0.tgz 4347ms (cache miss)
npm http fetch GET 200 https://registry.vlt.io/vlt-benchmarks/npm/proxy-from-env/-/proxy-from-env-2.1.0.tgz 4347ms (cache miss)
npm http fetch GET 200 https://registry.vlt.io/vlt-benchmarks/npm/safe-buffer/-/safe-buffer-5.2.1.tgz 4370ms (cache miss)
npm http fetch GET 200 https://registry.vlt.io/vlt-benchmarks/npm/restore-cursor/-/restore-cursor-3.1.0.tgz 4369ms (cache miss)
npm http fetch GET 200 https://registry.vlt.io/vlt-benchmarks/npm/lines-and-columns/-/lines-and-columns-2.0.3.tgz 4369ms (cache miss)
npm http fetch GET 200 https://registry.vlt.io/vlt-benchmarks/npm/marked/-/marked-14.0.0.tgz 4489ms (cache miss)
npm http fetch GET 200 https://registry.vlt.io/vlt-benchmarks/npm/bufferutil/-/bufferutil-4.1.0.tgz 4436ms (cache miss)
npm http fetch GET 200 https://registry.vlt.io/vlt-benchmarks/npm/require-directory/-/require-directory-2.1.1.tgz 4394ms (cache miss)
npm http fetch GET 200 https://registry.vlt.io/vlt-benchmarks/npm/once/-/once-1.4.0.tgz 4394ms (cache miss)
npm http fetch GET 200 https://registry.vlt.io/vlt-benchmarks/npm/open/-/open-8.4.2.tgz 4395ms (cache miss)
npm http fetch GET 200 https://registry.vlt.io/vlt-benchmarks/npm/mime-types/-/mime-types-2.1.35.tgz 4394ms (cache miss)
npm http fetch GET 200 https://registry.vlt.io/vlt-benchmarks/npm/is-fullwidth-code-point/-/is-fullwidth-code-point-3.0.0.tgz 4394ms (cache miss)
npm http fetch GET 200 https://registry.vlt.io/vlt-benchmarks/npm/@types/react/-/react-18.3.31.tgz 4446ms (cache miss)
npm http fetch GET 200 https://registry.vlt.io/vlt-benchmarks/npm/cosmiconfig/-/cosmiconfig-8.3.6.tgz 4494ms (cache miss)
npm http fetch GET 200 https://registry.vlt.io/vlt-benchmarks/npm/ora/-/ora-5.3.0.tgz 4418ms (cache miss)
npm http fetch GET 200 https://registry.vlt.io/vlt-benchmarks/npm/minimist/-/minimist-1.2.8.tgz 4418ms (cache miss)
npm http fetch GET 200 https://registry.vlt.io/vlt-benchmarks/npm/is-unicode-supported/-/is-unicode-supported-0.1.0.tgz 4417ms (cache miss)
npm http fetch GET 200 https://registry.vlt.io/vlt-benchmarks/npm/is-wsl/-/is-wsl-2.2.0.tgz 4417ms (cache miss)
npm http fetch GET 200 https://registry.vlt.io/vlt-benchmarks/npm/mimic-fn/-/mimic-fn-2.1.0.tgz 4445ms (cache miss)
npm http fetch GET 200 https://registry.vlt.io/vlt-benchmarks/npm/log-symbols/-/log-symbols-4.1.0.tgz 4444ms (cache miss)
npm http fetch GET 200 https://registry.vlt.io/vlt-benchmarks/npm/mime-db/-/mime-db-1.52.0.tgz 4445ms (cache miss)
npm http fetch GET 200 https://registry.vlt.io/vlt-benchmarks/npm/is-docker/-/is-docker-2.2.1.tgz 4444ms (cache miss)
npm http fetch GET 200 https://registry.vlt.io/vlt-benchmarks/npm/ieee754/-/ieee754-1.2.1.tgz 4444ms (cache miss)
npm http fetch GET 200 https://registry.vlt.io/vlt-benchmarks/npm/inherits/-/inherits-2.0.4.tgz 4445ms (cache miss)
npm http fetch GET 200 https://registry.vlt.io/vlt-benchmarks/npm/fs-constants/-/fs-constants-1.0.0.tgz 4445ms (cache miss)
npm http fetch GET 200 https://registry.vlt.io/vlt-benchmarks/npm/get-caller-file/-/get-caller-file-2.0.5.tgz 4445ms (cache miss)
npm http fetch GET 200 https://registry.vlt.io/vlt-benchmarks/npm/form-data/-/form-data-4.0.6.tgz 4444ms (cache miss)
npm http fetch GET 200 https://registry.vlt.io/vlt-benchmarks/npm/css-loader/-/css-loader-7.1.5.tgz 4508ms (cache miss)
npm http fetch GET 200 https://registry.vlt.io/vlt-benchmarks/npm/es-module-lexer/-/es-module-lexer-2.3.2.tgz 4486ms (cache miss)
npm http fetch GET 200 https://registry.vlt.io/vlt-benchmarks/npm/is-interactive/-/is-interactive-1.0.0.tgz 4467ms (cache miss)
npm http fetch GET 200 https://registry.vlt.io/vlt-benchmarks/npm/has-flag/-/has-flag-4.0.0.tgz 4466ms (cache miss)
npm http fetch GET 200 https://registry.vlt.io/vlt-benchmarks/npm/follow-redirects/-/follow-redirects-1.16.0.tgz 4465ms (cache miss)
npm http fetch GET 200 https://registry.vlt.io/vlt-benchmarks/npm/figures/-/figures-3.2.0.tgz 4466ms (cache miss)
npm http fetch GET 200 https://registry.vlt.io/vlt-benchmarks/npm/flat/-/flat-5.0.2.tgz 4466ms (cache miss)
npm http fetch GET 200 https://registry.vlt.io/vlt-benchmarks/npm/escalade/-/escalade-3.2.0.tgz 4466ms (cache miss)
npm http fetch GET 200 https://registry.vlt.io/vlt-benchmarks/npm/clone/-/clone-1.0.4.tgz 4490ms (cache miss)
npm http fetch GET 200 https://registry.vlt.io/vlt-benchmarks/npm/dotenv-expand/-/dotenv-expand-12.0.3.tgz 4492ms (cache miss)
npm http fetch GET 200 https://registry.vlt.io/vlt-benchmarks/npm/define-lazy-prop/-/define-lazy-prop-2.0.0.tgz 4491ms (cache miss)
npm http fetch GET 200 https://registry.vlt.io/vlt-benchmarks/npm/defaults/-/defaults-1.0.4.tgz 4493ms (cache miss)
npm http fetch GET 200 https://registry.vlt.io/vlt-benchmarks/npm/combined-stream/-/combined-stream-1.0.8.tgz 4493ms (cache miss)
npm http fetch GET 200 https://registry.vlt.io/vlt-benchmarks/npm/bl/-/bl-4.1.0.tgz 4491ms (cache miss)
npm http fetch GET 200 https://registry.vlt.io/vlt-benchmarks/npm/pkijs/-/pkijs-3.4.1.tgz 4650ms (cache miss)
npm http fetch GET 200 https://registry.vlt.io/vlt-benchmarks/npm/@fluentui/react-context-selector/-/react-context-selector-9.2.20.tgz 4576ms (cache miss)
npm http fetch GET 200 https://registry.vlt.io/vlt-benchmarks/npm/nyc/-/nyc-17.1.0.tgz 4566ms (cache miss)
npm http fetch GET 200 https://registry.vlt.io/vlt-benchmarks/npm/end-of-stream/-/end-of-stream-1.4.5.tgz 4518ms (cache miss)
npm http fetch GET 200 https://registry.vlt.io/vlt-benchmarks/npm/delayed-stream/-/delayed-stream-1.0.0.tgz 4518ms (cache miss)
npm http fetch GET 200 https://registry.vlt.io/vlt-benchmarks/npm/cli-spinners/-/cli-spinners-2.6.1.tgz 4518ms (cache miss)
npm http fetch GET 200 https://registry.vlt.io/vlt-benchmarks/npm/cliui/-/cliui-8.0.1.tgz 4518ms (cache miss)
npm http fetch GET 200 https://registry.vlt.io/vlt-benchmarks/npm/cli-cursor/-/cli-cursor-3.1.0.tgz 4518ms (cache miss)
npm http fetch GET 200 https://registry.vlt.io/vlt-benchmarks/npm/@babel/plugin-transform-regenerator/-/plugin-transform-regenerator-7.29.8.tgz 4620ms (cache miss)
npm http fetch GET 200 https://registry.vlt.io/vlt-benchmarks/npm/buffer/-/buffer-5.7.1.tgz 4543ms (cache miss)
npm http fetch GET 200 https://registry.vlt.io/vlt-benchmarks/npm/asynckit/-/asynckit-0.4.0.tgz 4543ms (cache miss)
npm http fetch GET 200 https://registry.vlt.io/vlt-benchmarks/npm/ansi-regex/-/ansi-regex-5.0.1.tgz 4543ms (cache miss)
npm http fetch GET 200 https://registry.vlt.io/vlt-benchmarks/npm/@jest/diff-sequences/-/diff-sequences-30.0.1.tgz 4567ms (cache miss)
npm http fetch GET 200 https://registry.vlt.io/vlt-benchmarks/npm/prelude-ls/-/prelude-ls-1.2.1.tgz 4565ms (cache miss)
npm http fetch GET 200 https://registry.vlt.io/vlt-benchmarks/npm/webpack-dev-middleware/-/webpack-dev-middleware-7.4.6.tgz 4721ms (cache miss)
npm http fetch GET 200 https://registry.vlt.io/vlt-benchmarks/npm/base64-js/-/base64-js-1.5.1.tgz 4596ms (cache miss)
npm http fetch GET 200 https://registry.vlt.io/vlt-benchmarks/npm/brace-expansion/-/brace-expansion-5.0.12.tgz 4596ms (cache miss)
npm http fetch GET 200 https://registry.vlt.io/vlt-benchmarks/npm/yallist/-/yallist-3.1.1.tgz 4596ms (cache miss)
npm http fetch GET 200 https://registry.vlt.io/vlt-benchmarks/npm/balanced-match/-/balanced-match-4.0.4.tgz 4596ms (cache miss)
npm http fetch GET 200 https://registry.vlt.io/vlt-benchmarks/npm/type-check/-/type-check-0.4.0.tgz 4596ms (cache miss)
npm http fetch GET 200 https://registry.vlt.io/vlt-benchmarks/npm/rtl-css-js/-/rtl-css-js-1.16.1.tgz 4694ms (cache miss)
npm http fetch GET 200 https://registry.vlt.io/vlt-benchmarks/npm/p-locate/-/p-locate-5.0.0.tgz 4627ms (cache miss)
npm http fetch GET 200 https://registry.vlt.io/vlt-benchmarks/npm/json-buffer/-/json-buffer-3.0.1.tgz 4627ms (cache miss)
npm http fetch GET 200 https://registry.vlt.io/vlt-benchmarks/npm/xml-name-validator/-/xml-name-validator-5.0.0.tgz 4626ms (cache miss)
npm http fetch GET 200 https://registry.vlt.io/vlt-benchmarks/npm/@csstools/css-tokenizer/-/css-tokenizer-3.0.4.tgz 4653ms (cache miss)
npm http fetch GET 200 https://registry.vlt.io/vlt-benchmarks/npm/@csstools/css-parser-algorithms/-/css-parser-algorithms-3.0.5.tgz 4653ms (cache miss)
npm http fetch GET 200 https://registry.vlt.io/vlt-benchmarks/npm/whatwg-mimetype/-/whatwg-mimetype-4.0.0.tgz 4653ms (cache miss)
npm http fetch GET 200 https://registry.vlt.io/vlt-benchmarks/npm/csstype/-/csstype-3.2.3.tgz 4747ms (cache miss)
npm http fetch GET 200 https://registry.vlt.io/vlt-benchmarks/npm/@yarnpkg/lockfile/-/lockfile-1.1.0.tgz 4684ms (cache miss)
npm http fetch GET 200 https://registry.vlt.io/vlt-benchmarks/npm/@csstools/css-color-parser/-/css-color-parser-3.1.0.tgz 4682ms (cache miss)
npm http fetch GET 200 https://registry.vlt.io/vlt-benchmarks/npm/@csstools/color-helpers/-/color-helpers-5.1.0.tgz 4682ms (cache miss)
npm http fetch GET 200 https://registry.vlt.io/vlt-benchmarks/npm/@csstools/css-calc/-/css-calc-2.1.4.tgz 4708ms (cache miss)
npm http fetch GET 200 https://registry.vlt.io/vlt-benchmarks/npm/whatwg-encoding/-/whatwg-encoding-3.1.1.tgz 4707ms (cache miss)
npm warn deprecated whatwg-encoding@3.1.1: Use @exodus/bytes instead for a more spec-conformant and faster implementation
npm http fetch GET 200 https://registry.vlt.io/vlt-benchmarks/npm/webidl-conversions/-/webidl-conversions-7.0.0.tgz 4708ms (cache miss)
npm http fetch GET 200 https://registry.vlt.io/vlt-benchmarks/npm/w3c-xmlserializer/-/w3c-xmlserializer-5.0.0.tgz 4708ms (cache miss)
npm http fetch GET 200 https://registry.vlt.io/vlt-benchmarks/npm/symbol-tree/-/symbol-tree-3.2.4.tgz 4732ms (cache miss)
npm http fetch GET 200 https://registry.vlt.io/vlt-benchmarks/npm/https-proxy-agent/-/https-proxy-agent-7.0.6.tgz 4731ms (cache miss)
npm http fetch GET 200 https://registry.vlt.io/vlt-benchmarks/npm/is-potential-custom-element-name/-/is-potential-custom-element-name-1.0.1.tgz 4733ms (cache miss)
npm http fetch GET 200 https://registry.vlt.io/vlt-benchmarks/npm/react/-/react-18.3.1.tgz 4804ms (cache miss)
npm http fetch GET 200 https://registry.vlt.io/vlt-benchmarks/npm/ajv-formats/-/ajv-formats-3.0.1.tgz 4794ms (cache miss)
npm http fetch GET 200 https://registry.vlt.io/vlt-benchmarks/npm/saxes/-/saxes-6.0.0.tgz 4776ms (cache miss)
npm http fetch GET 200 https://registry.vlt.io/vlt-benchmarks/npm/leven/-/leven-3.1.0.tgz 4775ms (cache miss)
npm http fetch GET 200 https://registry.vlt.io/vlt-benchmarks/npm/http-proxy-agent/-/http-proxy-agent-7.0.2.tgz 4776ms (cache miss)
npm http fetch GET 200 https://registry.vlt.io/vlt-benchmarks/npm/tapable/-/tapable-2.3.3.tgz 4856ms (cache miss)
npm http fetch GET 200 https://registry.vlt.io/vlt-benchmarks/npm/nwsapi/-/nwsapi-2.2.28.tgz 4826ms (cache miss)
npm http fetch GET 200 https://registry.vlt.io/vlt-benchmarks/npm/html-encoding-sniffer/-/html-encoding-sniffer-4.0.0.tgz 4826ms (cache miss)
npm http fetch GET 200 https://registry.vlt.io/vlt-benchmarks/npm/data-urls/-/data-urls-5.0.0.tgz 4826ms (cache miss)
npm http fetch GET 200 https://registry.vlt.io/vlt-benchmarks/npm/strip-bom/-/strip-bom-4.0.0.tgz 4825ms (cache miss)
npm http fetch GET 200 https://registry.vlt.io/vlt-benchmarks/npm/@babel/plugin-syntax-typescript/-/plugin-syntax-typescript-7.29.7.tgz 4826ms (cache miss)
npm http fetch GET 200 https://registry.vlt.io/vlt-benchmarks/npm/callsites/-/callsites-3.1.0.tgz 4827ms (cache miss)
npm http fetch GET 200 https://registry.vlt.io/vlt-benchmarks/npm/emittery/-/emittery-0.13.1.tgz 4825ms (cache miss)
npm http fetch GET 200 https://registry.vlt.io/vlt-benchmarks/npm/pngjs/-/pngjs-3.4.0.tgz 4974ms (cache miss)
npm http fetch GET 200 https://registry.vlt.io/vlt-benchmarks/npm/@babel/plugin-syntax-jsx/-/plugin-syntax-jsx-7.29.7.tgz 4877ms (cache miss)
npm http fetch GET 200 https://registry.vlt.io/vlt-benchmarks/npm/@jest/globals/-/globals-29.7.0.tgz 4877ms (cache miss)
npm http fetch GET 200 https://registry.vlt.io/vlt-benchmarks/npm/detect-newline/-/detect-newline-3.1.0.tgz 4877ms (cache miss)
npm http fetch GET 200 https://registry.vlt.io/vlt-benchmarks/npm/jest-leak-detector/-/jest-leak-detector-29.7.0.tgz 4876ms (cache miss)
npm http fetch GET 200 https://registry.vlt.io/vlt-benchmarks/npm/diff-sequences/-/diff-sequences-27.5.1.tgz 4876ms (cache miss)
npm http fetch GET 200 https://registry.vlt.io/vlt-benchmarks/npm/jest-docblock/-/jest-docblock-29.7.0.tgz 4877ms (cache miss)
npm http fetch GET 200 https://registry.vlt.io/vlt-benchmarks/npm/watchpack/-/watchpack-2.5.2.tgz 4935ms (cache miss)
npm http fetch GET 200 https://registry.vlt.io/vlt-benchmarks/npm/argparse/-/argparse-2.0.1.tgz 4902ms (cache miss)
npm http fetch GET 200 https://registry.vlt.io/vlt-benchmarks/npm/source-map-support/-/source-map-support-0.5.13.tgz 4901ms (cache miss)
npm http fetch GET 200 https://registry.vlt.io/vlt-benchmarks/npm/resolve.exports/-/resolve.exports-2.0.3.tgz 4901ms (cache miss)
npm http fetch GET 200 https://registry.vlt.io/vlt-benchmarks/npm/@types/stack-utils/-/stack-utils-2.0.3.tgz 4901ms (cache miss)
npm http fetch GET 200 https://registry.vlt.io/vlt-benchmarks/npm/fb-watchman/-/fb-watchman-2.0.2.tgz 4900ms (cache miss)
npm http fetch GET 200 https://registry.vlt.io/vlt-benchmarks/npm/ip-address/-/ip-address-10.7.3.tgz 5054ms (cache miss)
npm http fetch GET 200 https://registry.vlt.io/vlt-benchmarks/npm/@jest/source-map/-/source-map-29.6.3.tgz 4929ms (cache miss)
npm http fetch GET 200 https://registry.vlt.io/vlt-benchmarks/npm/cjs-module-lexer/-/cjs-module-lexer-1.4.3.tgz 4930ms (cache miss)
npm http fetch GET 200 https://registry.vlt.io/vlt-benchmarks/npm/jest-pnp-resolver/-/jest-pnp-resolver-1.2.3.tgz 4929ms (cache miss)
npm http fetch GET 200 https://registry.vlt.io/vlt-benchmarks/npm/node-int64/-/node-int64-0.4.0.tgz 4929ms (cache miss)
npm http fetch GET 200 https://registry.vlt.io/vlt-benchmarks/npm/walker/-/walker-1.0.8.tgz 4928ms (cache miss)
npm http fetch GET 200 https://registry.vlt.io/vlt-benchmarks/npm/bser/-/bser-2.1.1.tgz 4928ms (cache miss)
npm http fetch GET 200 https://registry.vlt.io/vlt-benchmarks/npm/@types/jsdom/-/jsdom-21.1.7.tgz 4928ms (cache miss)
npm http fetch GET 200 https://registry.vlt.io/vlt-benchmarks/npm/style-loader/-/style-loader-3.3.4.tgz 5009ms (cache miss)
npm http fetch GET 200 https://registry.vlt.io/vlt-benchmarks/npm/@discoveryjs/json-ext/-/json-ext-0.6.3.tgz 4991ms (cache miss)
npm http fetch GET 200 https://registry.vlt.io/vlt-benchmarks/npm/xml/-/xml-1.0.1.tgz 4952ms (cache miss)
npm http fetch GET 200 https://registry.vlt.io/vlt-benchmarks/npm/mkdirp/-/mkdirp-1.0.4.tgz 4953ms (cache miss)
npm http fetch GET 200 https://registry.vlt.io/vlt-benchmarks/npm/@jest/fake-timers/-/fake-timers-29.7.0.tgz 4950ms (cache miss)
npm http fetch GET 200 https://registry.vlt.io/vlt-benchmarks/npm/@types/tough-cookie/-/tough-cookie-4.0.5.tgz 4952ms (cache miss)
npm http fetch GET 200 https://registry.vlt.io/vlt-benchmarks/npm/neo-async/-/neo-async-2.6.2.tgz 5106ms (cache miss)
npm http fetch GET 200 https://registry.vlt.io/vlt-benchmarks/npm/@types/graceful-fs/-/graceful-fs-4.1.9.tgz 4978ms (cache miss)
npm http fetch GET 200 https://registry.vlt.io/vlt-benchmarks/npm/@jest/expect-utils/-/expect-utils-29.7.0.tgz 4978ms (cache miss)
npm http fetch GET 200 https://registry.vlt.io/vlt-benchmarks/npm/@sinonjs/commons/-/commons-3.0.1.tgz 4978ms (cache miss)
npm http fetch GET 200 https://registry.vlt.io/vlt-benchmarks/npm/jest-mock/-/jest-mock-29.7.0.tgz 4978ms (cache miss)
npm http fetch GET 200 https://registry.vlt.io/vlt-benchmarks/npm/type-detect/-/type-detect-4.0.8.tgz 4979ms (cache miss)
npm http fetch GET 200 https://registry.vlt.io/vlt-benchmarks/npm/is-generator-fn/-/is-generator-fn-2.1.0.tgz 4977ms (cache miss)
npm http fetch GET 200 https://registry.vlt.io/vlt-benchmarks/npm/bare-fs/-/bare-fs-4.8.2.tgz 5160ms (cache miss)
npm http fetch GET 200 https://registry.vlt.io/vlt-benchmarks/npm/@jest/environment-jsdom-abstract/-/environment-jsdom-abstract-30.5.2.tgz 5002ms (cache miss)
npm http fetch GET 200 https://registry.vlt.io/vlt-benchmarks/npm/@sinonjs/fake-timers/-/fake-timers-10.3.0.tgz 5002ms (cache miss)
npm http fetch GET 200 https://registry.vlt.io/vlt-benchmarks/npm/stack-utils/-/stack-utils-2.0.6.tgz 5002ms (cache miss)
npm http fetch GET 200 https://registry.vlt.io/vlt-benchmarks/npm/@babel/plugin-syntax-optional-catch-binding/-/plugin-syntax-optional-catch-binding-7.8.3.tgz 5001ms (cache miss)
npm http fetch GET 200 https://registry.vlt.io/vlt-benchmarks/npm/socks/-/socks-2.8.10.tgz 5159ms (cache miss)
npm http fetch GET 200 https://registry.vlt.io/vlt-benchmarks/npm/co/-/co-4.6.0.tgz 5027ms (cache miss)
npm http fetch GET 200 https://registry.vlt.io/vlt-benchmarks/npm/dedent/-/dedent-1.7.2.tgz 5028ms (cache miss)
npm http fetch GET 200 https://registry.vlt.io/vlt-benchmarks/npm/@jest/environment/-/environment-29.7.0.tgz 5028ms (cache miss)
npm http fetch GET 200 https://registry.vlt.io/vlt-benchmarks/npm/@babel/plugin-syntax-private-property-in-object/-/plugin-syntax-private-property-in-object-7.14.5.tgz 5027ms (cache miss)
npm http fetch GET 200 https://registry.vlt.io/vlt-benchmarks/npm/@babel/plugin-syntax-optional-chaining/-/plugin-syntax-optional-chaining-7.8.3.tgz 5028ms (cache miss)
npm http fetch GET 200 https://registry.vlt.io/vlt-benchmarks/npm/@jest/expect/-/expect-29.7.0.tgz 5050ms (cache miss)
npm http fetch GET 200 https://registry.vlt.io/vlt-benchmarks/npm/@babel/plugin-syntax-top-level-await/-/plugin-syntax-top-level-await-7.14.5.tgz 5051ms (cache miss)
npm http fetch GET 200 https://registry.vlt.io/vlt-benchmarks/npm/@babel/plugin-syntax-logical-assignment-operators/-/plugin-syntax-logical-assignment-operators-7.10.4.tgz 5049ms (cache miss)
npm http fetch GET 200 https://registry.vlt.io/vlt-benchmarks/npm/@babel/plugin-syntax-numeric-separator/-/plugin-syntax-numeric-separator-7.10.4.tgz 5050ms (cache miss)
npm http fetch GET 200 https://registry.vlt.io/vlt-benchmarks/npm/@babel/plugin-syntax-nullish-coalescing-operator/-/plugin-syntax-nullish-coalescing-operator-7.8.3.tgz 5049ms (cache miss)
npm http fetch GET 200 https://registry.vlt.io/vlt-benchmarks/npm/@babel/plugin-syntax-object-rest-spread/-/plugin-syntax-object-rest-spread-7.8.3.tgz 5051ms (cache miss)
npm http fetch GET 200 https://registry.vlt.io/vlt-benchmarks/npm/babel-preset-current-node-syntax/-/babel-preset-current-node-syntax-1.2.0.tgz 5049ms (cache miss)
npm http fetch GET 200 https://registry.vlt.io/vlt-benchmarks/npm/babel-plugin-jest-hoist/-/babel-plugin-jest-hoist-29.6.3.tgz 5049ms (cache miss)
npm http fetch GET 200 https://registry.vlt.io/vlt-benchmarks/npm/@rollup/rollup-linux-arm64-gnu/-/rollup-linux-arm64-gnu-4.63.6.tgz 5208ms (cache miss)
npm http fetch GET 200 https://registry.vlt.io/vlt-benchmarks/npm/@babel/plugin-syntax-import-meta/-/plugin-syntax-import-meta-7.10.4.tgz 5075ms (cache miss)
npm http fetch GET 200 https://registry.vlt.io/vlt-benchmarks/npm/@babel/plugin-syntax-import-attributes/-/plugin-syntax-import-attributes-7.29.7.tgz 5076ms (cache miss)
npm http fetch GET 200 https://registry.vlt.io/vlt-benchmarks/npm/@babel/plugin-syntax-class-static-block/-/plugin-syntax-class-static-block-7.14.5.tgz 5075ms (cache miss)
npm http fetch GET 200 https://registry.vlt.io/vlt-benchmarks/npm/@babel/plugin-syntax-json-strings/-/plugin-syntax-json-strings-7.8.3.tgz 5076ms (cache miss)
npm http fetch GET 200 https://registry.vlt.io/vlt-benchmarks/npm/@babel/plugin-syntax-async-generators/-/plugin-syntax-async-generators-7.8.4.tgz 5076ms (cache miss)
npm http fetch GET 200 https://registry.vlt.io/vlt-benchmarks/npm/@babel/plugin-syntax-class-properties/-/plugin-syntax-class-properties-7.12.13.tgz 5076ms (cache miss)
npm http fetch GET 200 https://registry.vlt.io/vlt-benchmarks/npm/@babel/plugin-syntax-bigint/-/plugin-syntax-bigint-7.8.3.tgz 5076ms (cache miss)
npm http fetch GET 200 https://registry.vlt.io/vlt-benchmarks/npm/babel-preset-jest/-/babel-preset-jest-29.6.3.tgz 5075ms (cache miss)
npm http fetch GET 200 https://registry.vlt.io/vlt-benchmarks/npm/@types/babel__core/-/babel__core-7.20.5.tgz 5076ms (cache miss)
npm http fetch GET 200 https://registry.vlt.io/vlt-benchmarks/npm/@types/babel__template/-/babel__template-7.4.4.tgz 5101ms (cache miss)
npm http fetch GET 200 https://registry.vlt.io/vlt-benchmarks/npm/@types/babel__generator/-/babel__generator-7.27.0.tgz 5102ms (cache miss)
npm http fetch GET 200 https://registry.vlt.io/vlt-benchmarks/npm/create-jest/-/create-jest-29.7.0.tgz 5100ms (cache miss)
npm http fetch GET 200 https://registry.vlt.io/vlt-benchmarks/npm/agent-base/-/agent-base-7.1.4.tgz 5142ms (cache miss)
npm http fetch GET 200 https://registry.vlt.io/vlt-benchmarks/npm/decimal.js/-/decimal.js-10.6.0.tgz 5139ms (cache miss)
npm http fetch GET 200 https://registry.vlt.io/vlt-benchmarks/npm/@types/babel__traverse/-/babel__traverse-7.28.0.tgz 5128ms (cache miss)
npm http fetch GET 200 https://registry.vlt.io/vlt-benchmarks/npm/parse-json/-/parse-json-5.2.0.tgz 5128ms (cache miss)
npm http fetch GET 200 https://registry.vlt.io/vlt-benchmarks/npm/jest-get-type/-/jest-get-type-29.6.3.tgz 5128ms (cache miss)
npm http fetch GET 200 https://registry.vlt.io/vlt-benchmarks/npm/babel-jest/-/babel-jest-29.7.0.tgz 5128ms (cache miss)
npm http fetch GET 200 https://registry.vlt.io/vlt-benchmarks/npm/deepmerge/-/deepmerge-4.3.1.tgz 5128ms (cache miss)
npm http fetch GET 200 https://registry.vlt.io/vlt-benchmarks/npm/@jest/test-sequencer/-/test-sequencer-29.7.0.tgz 5128ms (cache miss)
npm http fetch GET 200 https://registry.vlt.io/vlt-benchmarks/npm/merge-stream/-/merge-stream-2.0.0.tgz 5128ms (cache miss)
npm http fetch GET 200 https://registry.vlt.io/vlt-benchmarks/npm/is-stream/-/is-stream-2.0.1.tgz 5127ms (cache miss)
npm http fetch GET 200 https://registry.vlt.io/vlt-benchmarks/npm/@jsonjoy.com/fs-core/-/fs-core-4.80.0.tgz 5316ms (cache miss)
npm http fetch GET 200 https://registry.vlt.io/vlt-benchmarks/npm/onetime/-/onetime-5.1.2.tgz 5154ms (cache miss)
npm http fetch GET 200 https://registry.vlt.io/vlt-benchmarks/npm/strip-final-newline/-/strip-final-newline-2.0.0.tgz 5155ms (cache miss)
npm http fetch GET 200 https://registry.vlt.io/vlt-benchmarks/npm/npm-run-path/-/npm-run-path-4.0.1.tgz 5155ms (cache miss)
npm http fetch GET 200 https://registry.vlt.io/vlt-benchmarks/npm/pkg-dir/-/pkg-dir-4.2.0.tgz 5145ms (cache miss)
npm http fetch GET 200 https://registry.vlt.io/vlt-benchmarks/npm/resolve-cwd/-/resolve-cwd-3.0.0.tgz 5146ms (cache miss)
npm http fetch GET 200 https://registry.vlt.io/vlt-benchmarks/npm/get-stream/-/get-stream-6.0.1.tgz 5185ms (cache miss)
npm http fetch GET 200 https://registry.vlt.io/vlt-benchmarks/npm/execa/-/execa-5.1.1.tgz 5185ms (cache miss)
npm http fetch GET 200 https://registry.vlt.io/vlt-benchmarks/npm/p-limit/-/p-limit-3.1.0.tgz 5185ms (cache miss)
npm http fetch GET 200 https://registry.vlt.io/vlt-benchmarks/npm/human-signals/-/human-signals-2.1.0.tgz 5186ms (cache miss)
npm http fetch GET 200 https://registry.vlt.io/vlt-benchmarks/npm/make-dir/-/make-dir-4.0.0.tgz 5177ms (cache miss)
npm http fetch GET 200 https://registry.vlt.io/vlt-benchmarks/npm/@istanbuljs/schema/-/schema-0.1.6.tgz 5176ms (cache miss)
npm http fetch GET 200 https://registry.vlt.io/vlt-benchmarks/npm/@istanbuljs/load-nyc-config/-/load-nyc-config-1.1.0.tgz 5177ms (cache miss)
npm http fetch GET 200 https://registry.vlt.io/vlt-benchmarks/npm/html-escaper/-/html-escaper-2.0.2.tgz 5201ms (cache miss)
npm http fetch GET 200 https://registry.vlt.io/vlt-benchmarks/npm/camelcase/-/camelcase-5.3.1.tgz 5201ms (cache miss)
npm http fetch GET 200 https://registry.vlt.io/vlt-benchmarks/npm/test-exclude/-/test-exclude-6.0.0.tgz 5201ms (cache miss)
npm http fetch GET 200 https://registry.vlt.io/vlt-benchmarks/npm/lru-cache/-/lru-cache-5.1.1.tgz 5200ms (cache miss)
npm http fetch GET 200 https://registry.vlt.io/vlt-benchmarks/npm/@fluentui/priority-overflow/-/priority-overflow-9.4.3.tgz 5320ms (cache miss)
npm http fetch GET 200 https://registry.vlt.io/vlt-benchmarks/npm/@yarnpkg/parsers/-/parsers-3.0.0-rc.46.tgz 5296ms (cache miss)
npm http fetch GET 200 https://registry.vlt.io/vlt-benchmarks/npm/@babel/helper-validator-option/-/helper-validator-option-7.29.7.tgz 5225ms (cache miss)
npm http fetch GET 200 https://registry.vlt.io/vlt-benchmarks/npm/get-package-type/-/get-package-type-0.1.0.tgz 5228ms (cache miss)
npm http fetch GET 200 https://registry.vlt.io/vlt-benchmarks/npm/@babel/helper-plugin-utils/-/helper-plugin-utils-7.29.7.tgz 5228ms (cache miss)
npm http fetch GET 200 https://registry.vlt.io/vlt-benchmarks/npm/@babel/helper-string-parser/-/helper-string-parser-7.29.7.tgz 5227ms (cache miss)
npm http fetch GET 200 https://registry.vlt.io/vlt-benchmarks/npm/@jridgewell/resolve-uri/-/resolve-uri-3.1.2.tgz 5228ms (cache miss)
npm http fetch GET 200 https://registry.vlt.io/vlt-benchmarks/npm/@babel/helper-globals/-/helper-globals-7.29.7.tgz 5228ms (cache miss)
npm http fetch GET 200 https://registry.vlt.io/vlt-benchmarks/npm/@babel/helper-module-imports/-/helper-module-imports-7.29.7.tgz 5227ms (cache miss)
npm http fetch GET 200 https://registry.vlt.io/vlt-benchmarks/npm/picocolors/-/picocolors-1.1.1.tgz 5228ms (cache miss)
npm http fetch GET 200 https://registry.vlt.io/vlt-benchmarks/npm/js-tokens/-/js-tokens-4.0.0.tgz 5227ms (cache miss)
npm http fetch GET 200 https://registry.vlt.io/vlt-benchmarks/npm/jest-each/-/jest-each-29.7.0.tgz 5273ms (cache miss)
npm http fetch GET 200 https://registry.vlt.io/vlt-benchmarks/npm/@babel/compat-data/-/compat-data-7.29.7.tgz 5254ms (cache miss)
npm http fetch GET 200 https://registry.vlt.io/vlt-benchmarks/npm/jsesc/-/jsesc-3.1.0.tgz 5254ms (cache miss)
npm http fetch GET 200 https://registry.vlt.io/vlt-benchmarks/npm/@recast-navigation/core/-/core-0.43.1.tgz 5347ms (cache miss)
npm http fetch GET 200 https://registry.vlt.io/vlt-benchmarks/npm/graphlib/-/graphlib-2.1.8.tgz 5403ms (cache miss)
npm http fetch GET 200 https://registry.vlt.io/vlt-benchmarks/npm/@babel/helper-validator-identifier/-/helper-validator-identifier-7.29.7.tgz 5280ms (cache miss)
npm http fetch GET 200 https://registry.vlt.io/vlt-benchmarks/npm/gensync/-/gensync-1.0.0-beta.2.tgz 5281ms (cache miss)
npm http fetch GET 200 https://registry.vlt.io/vlt-benchmarks/npm/@jridgewell/remapping/-/remapping-2.3.5.tgz 5281ms (cache miss)
npm http fetch GET 200 https://registry.vlt.io/vlt-benchmarks/npm/css-select/-/css-select-4.3.0.tgz 5454ms (cache miss)
npm http fetch GET 200 https://registry.vlt.io/vlt-benchmarks/npm/minimizer-webpack-plugin/-/minimizer-webpack-plugin-5.12.0.tgz 5367ms (cache miss)
npm http fetch GET 200 https://registry.vlt.io/vlt-benchmarks/npm/@gerrit0/mini-shiki/-/mini-shiki-3.23.0.tgz 5362ms (cache miss)
npm http fetch GET 200 https://registry.vlt.io/vlt-benchmarks/npm/@babel/helper-compilation-targets/-/helper-compilation-targets-7.29.7.tgz 5307ms (cache miss)
npm http fetch GET 200 https://registry.vlt.io/vlt-benchmarks/npm/babel-plugin-istanbul/-/babel-plugin-istanbul-6.1.1.tgz 5331ms (cache miss)
npm http fetch GET 200 https://registry.vlt.io/vlt-benchmarks/npm/@babel/code-frame/-/code-frame-7.29.7.tgz 5332ms (cache miss)
npm http fetch GET 200 https://registry.vlt.io/vlt-benchmarks/npm/pirates/-/pirates-4.0.7.tgz 5333ms (cache miss)
npm http fetch GET 200 https://registry.vlt.io/vlt-benchmarks/npm/fast-json-stable-stringify/-/fast-json-stable-stringify-2.1.0.tgz 5333ms (cache miss)
npm http fetch GET 200 https://registry.vlt.io/vlt-benchmarks/npm/write-file-atomic/-/write-file-atomic-4.0.2.tgz 5333ms (cache miss)
npm http fetch GET 200 https://registry.vlt.io/vlt-benchmarks/npm/convert-source-map/-/convert-source-map-2.0.0.tgz 5361ms (cache miss)
npm http fetch GET 200 https://registry.vlt.io/vlt-benchmarks/npm/v8-to-istanbul/-/v8-to-istanbul-9.3.0.tgz 5360ms (cache miss)
npm http fetch GET 200 https://registry.vlt.io/vlt-benchmarks/npm/string-length/-/string-length-4.0.2.tgz 5361ms (cache miss)
npm http fetch GET 200 https://registry.vlt.io/vlt-benchmarks/npm/istanbul-lib-report/-/istanbul-lib-report-3.0.1.tgz 5387ms (cache miss)
npm http fetch GET 200 https://registry.vlt.io/vlt-benchmarks/npm/collect-v8-coverage/-/collect-v8-coverage-1.0.3.tgz 5387ms (cache miss)
npm http fetch GET 200 https://registry.vlt.io/vlt-benchmarks/npm/jest-validate/-/jest-validate-29.7.0.tgz 5387ms (cache miss)
npm http fetch GET 200 https://registry.vlt.io/vlt-benchmarks/npm/istanbul-lib-coverage/-/istanbul-lib-coverage-3.2.2.tgz 5417ms (cache miss)
npm http fetch GET 200 https://registry.vlt.io/vlt-benchmarks/npm/slash/-/slash-3.0.0.tgz 5417ms (cache miss)
npm http fetch GET 200 https://registry.vlt.io/vlt-benchmarks/npm/jest-message-util/-/jest-message-util-29.7.0.tgz 5415ms (cache miss)
npm http fetch GET 200 https://registry.vlt.io/vlt-benchmarks/npm/strip-ansi/-/strip-ansi-6.0.1.tgz 5450ms (cache miss)
npm http fetch GET 200 https://registry.vlt.io/vlt-benchmarks/npm/jest-regex-util/-/jest-regex-util-29.6.3.tgz 5539ms (cache miss)
npm http fetch GET 200 https://registry.vlt.io/vlt-benchmarks/npm/jest-resolve/-/jest-resolve-29.7.0.tgz 5539ms (cache miss)
npm http fetch GET 200 https://registry.vlt.io/vlt-benchmarks/npm/jest-runner/-/jest-runner-29.7.0.tgz 5539ms (cache miss)
npm http fetch GET 200 https://registry.vlt.io/vlt-benchmarks/npm/@jest/transform/-/transform-29.7.0.tgz 5538ms (cache miss)
npm http fetch GET 200 https://registry.vlt.io/vlt-benchmarks/npm/ansi-escapes/-/ansi-escapes-4.3.2.tgz 5539ms (cache miss)
npm http fetch GET 200 https://registry.vlt.io/vlt-benchmarks/npm/jest-runtime/-/jest-runtime-29.7.0.tgz 5568ms (cache miss)
npm http fetch GET 200 https://registry.vlt.io/vlt-benchmarks/npm/jest-resolve-dependencies/-/jest-resolve-dependencies-29.7.0.tgz 5569ms (cache miss)
npm http fetch GET 200 https://registry.vlt.io/vlt-benchmarks/npm/exit/-/exit-0.1.2.tgz 5568ms (cache miss)
npm http fetch GET 200 https://registry.vlt.io/vlt-benchmarks/npm/ci-info/-/ci-info-3.9.0.tgz 5569ms (cache miss)
npm http fetch GET 200 https://registry.vlt.io/vlt-benchmarks/npm/is-extglob/-/is-extglob-2.1.1.tgz 5597ms (cache miss)
npm http fetch GET 200 https://registry.vlt.io/vlt-benchmarks/npm/@jest/test-result/-/test-result-29.7.0.tgz 5599ms (cache miss)
npm http fetch GET 200 https://registry.vlt.io/vlt-benchmarks/npm/import-local/-/import-local-3.2.0.tgz 5600ms (cache miss)
npm http fetch GET 200 https://registry.vlt.io/vlt-benchmarks/npm/jest-cli/-/jest-cli-29.7.0.tgz 5600ms (cache miss)
npm http fetch GET 200 https://registry.vlt.io/vlt-benchmarks/npm/@hapi/address/-/address-5.1.1.tgz 5792ms (cache miss)
npm http fetch GET 200 https://registry.vlt.io/vlt-benchmarks/npm/events/-/events-3.3.0.tgz 5698ms (cache miss)
npm http fetch GET 200 https://registry.vlt.io/vlt-benchmarks/npm/whatwg-url/-/whatwg-url-14.2.0.tgz 5668ms (cache miss)
npm http fetch GET 200 https://registry.vlt.io/vlt-benchmarks/npm/side-channel/-/side-channel-1.1.1.tgz 5632ms (cache miss)
npm http fetch GET 200 https://registry.vlt.io/vlt-benchmarks/npm/is-document.all/-/is-document.all-1.0.0.tgz 5639ms (cache miss)
npm http fetch GET 200 https://registry.vlt.io/vlt-benchmarks/npm/functions-have-names/-/functions-have-names-1.2.3.tgz 5639ms (cache miss)
npm http fetch GET 200 https://registry.vlt.io/vlt-benchmarks/npm/binary-extensions/-/binary-extensions-2.3.0.tgz 5642ms (cache miss)
npm http fetch GET 200 https://registry.vlt.io/vlt-benchmarks/npm/resolve-from/-/resolve-from-4.0.0.tgz 5643ms (cache miss)
npm http fetch GET 200 https://registry.vlt.io/vlt-benchmarks/npm/parent-module/-/parent-module-1.0.1.tgz 5643ms (cache miss)
npm http fetch GET 200 https://registry.vlt.io/vlt-benchmarks/npm/@shikijs/engine-oniguruma/-/engine-oniguruma-3.23.0.tgz 5727ms (cache miss)
npm http fetch GET 200 https://registry.vlt.io/vlt-benchmarks/npm/istanbul-lib-source-maps/-/istanbul-lib-source-maps-4.0.1.tgz 5668ms (cache miss)
npm http fetch GET 200 https://registry.vlt.io/vlt-benchmarks/npm/signal-exit/-/signal-exit-4.1.0.tgz 5663ms (cache miss)
npm http fetch GET 200 https://registry.vlt.io/vlt-benchmarks/npm/universalify/-/universalify-2.0.1.tgz 5672ms (cache miss)
npm http fetch GET 200 https://registry.vlt.io/vlt-benchmarks/npm/foreground-child/-/foreground-child-3.3.1.tgz 5673ms (cache miss)
npm http fetch GET 200 https://registry.vlt.io/vlt-benchmarks/npm/package-json-from-dist/-/package-json-from-dist-1.0.1.tgz 5673ms (cache miss)
npm http fetch GET 200 https://registry.vlt.io/vlt-benchmarks/npm/path-exists/-/path-exists-4.0.0.tgz 5672ms (cache miss)
npm http fetch GET 200 https://registry.vlt.io/vlt-benchmarks/npm/dunder-proto/-/dunder-proto-1.0.1.tgz 5673ms (cache miss)
npm http fetch GET 200 https://registry.vlt.io/vlt-benchmarks/npm/locate-path/-/locate-path-6.0.0.tgz 5672ms (cache miss)
npm http fetch GET 200 https://registry.vlt.io/vlt-benchmarks/npm/to-regex-range/-/to-regex-range-5.0.1.tgz 5673ms (cache miss)
npm http fetch GET 200 https://registry.vlt.io/vlt-benchmarks/npm/@emnapi/wasi-threads/-/wasi-threads-1.0.4.tgz 5736ms (cache miss)
npm http fetch GET 200 https://registry.vlt.io/vlt-benchmarks/npm/istanbul-lib-instrument/-/istanbul-lib-instrument-6.0.3.tgz 5700ms (cache miss)
npm http fetch GET 200 https://registry.vlt.io/vlt-benchmarks/npm/jest-changed-files/-/jest-changed-files-29.7.0.tgz 5698ms (cache miss)
npm http fetch GET 200 https://registry.vlt.io/vlt-benchmarks/npm/flatted/-/flatted-3.4.4.tgz 5705ms (cache miss)
npm http fetch GET 200 https://registry.vlt.io/vlt-benchmarks/npm/jsonfile/-/jsonfile-6.2.1.tgz 5706ms (cache miss)
npm http fetch GET 200 https://registry.vlt.io/vlt-benchmarks/npm/graceful-fs/-/graceful-fs-4.2.11.tgz 5707ms (cache miss)
npm http fetch GET 200 https://registry.vlt.io/vlt-benchmarks/npm/keyv/-/keyv-4.5.4.tgz 5706ms (cache miss)
npm http fetch GET 200 https://registry.vlt.io/vlt-benchmarks/npm/merge2/-/merge2-1.4.1.tgz 5705ms (cache miss)
npm http fetch GET 200 https://registry.vlt.io/vlt-benchmarks/npm/micromatch/-/micromatch-4.0.8.tgz 5706ms (cache miss)
npm http fetch GET 200 https://registry.vlt.io/vlt-benchmarks/npm/@nodelib/fs.walk/-/fs.walk-1.2.8.tgz 5705ms (cache miss)
npm http fetch GET 200 https://registry.vlt.io/vlt-benchmarks/npm/@jest/console/-/console-29.7.0.tgz 5729ms (cache miss)
npm http fetch GET 200 https://registry.vlt.io/vlt-benchmarks/npm/flat-cache/-/flat-cache-4.0.1.tgz 5738ms (cache miss)
npm http fetch GET 200 https://registry.vlt.io/vlt-benchmarks/npm/reusify/-/reusify-1.1.0.tgz 5738ms (cache miss)
npm http fetch GET 200 https://registry.vlt.io/vlt-benchmarks/npm/run-parallel/-/run-parallel-1.2.0.tgz 5738ms (cache miss)
npm http fetch GET 200 https://registry.vlt.io/vlt-benchmarks/npm/fastq/-/fastq-1.20.3.tgz 5738ms (cache miss)
npm http fetch GET 200 https://registry.vlt.io/vlt-benchmarks/npm/esrecurse/-/esrecurse-4.3.0.tgz 5738ms (cache miss)
npm http fetch GET 200 https://registry.vlt.io/vlt-benchmarks/npm/@nodelib/fs.scandir/-/fs.scandir-2.1.5.tgz 5770ms (cache miss)
npm http fetch GET 200 https://registry.vlt.io/vlt-benchmarks/npm/@nodelib/fs.stat/-/fs.stat-2.0.5.tgz 5770ms (cache miss)
npm http fetch GET 200 https://registry.vlt.io/vlt-benchmarks/npm/acorn-jsx/-/acorn-jsx-5.3.2.tgz 5770ms (cache miss)
npm http fetch GET 200 https://registry.vlt.io/vlt-benchmarks/npm/damerau-levenshtein/-/damerau-levenshtein-1.0.8.tgz 5768ms (cache miss)
npm http fetch GET 200 https://registry.vlt.io/vlt-benchmarks/npm/estraverse/-/estraverse-5.3.0.tgz 5771ms (cache miss)
npm http fetch GET 200 https://registry.vlt.io/vlt-benchmarks/npm/html-entities/-/html-entities-2.6.0.tgz 5899ms (cache miss)
npm http fetch GET 200 https://registry.vlt.io/vlt-benchmarks/npm/synckit/-/synckit-0.8.8.tgz 5805ms (cache miss)
npm http fetch GET 200 https://registry.vlt.io/vlt-benchmarks/npm/prettier-linter-helpers/-/prettier-linter-helpers-1.0.1.tgz 5805ms (cache miss)
npm http fetch GET 200 https://registry.vlt.io/vlt-benchmarks/npm/emoji-regex/-/emoji-regex-9.2.2.tgz 5805ms (cache miss)
npm http fetch GET 200 https://registry.vlt.io/vlt-benchmarks/npm/language-tags/-/language-tags-1.0.9.tgz 5806ms (cache miss)
npm http fetch GET 200 https://registry.vlt.io/vlt-benchmarks/npm/are-docs-informative/-/are-docs-informative-0.0.2.tgz 5804ms (cache miss)
npm http fetch GET 200 https://registry.vlt.io/vlt-benchmarks/npm/@parcel/watcher/-/watcher-2.6.0.tgz 5987ms (cache miss)
npm http fetch GET 200 https://registry.vlt.io/vlt-benchmarks/npm/ast-types-flow/-/ast-types-flow-0.0.8.tgz 5834ms (cache miss)
npm http fetch GET 200 https://registry.vlt.io/vlt-benchmarks/npm/spdx-expression-parse/-/spdx-expression-parse-4.0.0.tgz 5834ms (cache miss)
npm http fetch GET 200 https://registry.vlt.io/vlt-benchmarks/npm/has-tostringtag/-/has-tostringtag-1.0.2.tgz 5833ms (cache miss)
npm http fetch GET 200 https://registry.vlt.io/vlt-benchmarks/npm/possible-typed-array-names/-/possible-typed-array-names-1.1.0.tgz 5833ms (cache miss)
npm http fetch GET 200 https://registry.vlt.io/vlt-benchmarks/npm/smol-toml/-/smol-toml-1.6.1.tgz 5906ms (cache miss)
npm http fetch GET 200 https://registry.vlt.io/vlt-benchmarks/npm/ejs/-/ejs-5.0.1.tgz 5902ms (cache miss)
npm http fetch GET 200 https://registry.vlt.io/vlt-benchmarks/npm/ws/-/ws-8.22.0.tgz 5894ms (cache miss)
npm http fetch GET 200 https://registry.vlt.io/vlt-benchmarks/npm/expect/-/expect-29.7.0.tgz 5886ms (cache miss)
npm http fetch GET 200 https://registry.vlt.io/vlt-benchmarks/npm/es-abstract-get/-/es-abstract-get-1.0.0.tgz 5864ms (cache miss)
npm http fetch GET 200 https://registry.vlt.io/vlt-benchmarks/npm/is-symbol/-/is-symbol-1.1.1.tgz 5865ms (cache miss)
npm http fetch GET 200 https://registry.vlt.io/vlt-benchmarks/npm/is-date-object/-/is-date-object-1.1.0.tgz 5865ms (cache miss)
npm http fetch GET 200 https://registry.vlt.io/vlt-benchmarks/npm/typed-array-byte-length/-/typed-array-byte-length-1.0.3.tgz 5864ms (cache miss)
npm http fetch GET 200 https://registry.vlt.io/vlt-benchmarks/npm/typed-array-buffer/-/typed-array-buffer-1.0.3.tgz 5864ms (cache miss)
npm http fetch GET 200 https://registry.vlt.io/vlt-benchmarks/npm/typed-array-length/-/typed-array-length-1.0.8.tgz 5899ms (cache miss)
npm http fetch GET 200 https://registry.vlt.io/vlt-benchmarks/npm/unbox-primitive/-/unbox-primitive-1.1.0.tgz 5898ms (cache miss)
npm http fetch GET 200 https://registry.vlt.io/vlt-benchmarks/npm/safe-push-apply/-/safe-push-apply-1.0.0.tgz 5898ms (cache miss)
npm http fetch GET 200 https://registry.vlt.io/vlt-benchmarks/npm/safe-array-concat/-/safe-array-concat-1.1.4.tgz 5898ms (cache miss)
npm http fetch GET 200 https://registry.vlt.io/vlt-benchmarks/npm/which-typed-array/-/which-typed-array-1.1.24.tgz 5929ms (cache miss)
npm http fetch GET 200 https://registry.vlt.io/vlt-benchmarks/npm/typed-array-byte-offset/-/typed-array-byte-offset-1.0.5.tgz 5929ms (cache miss)
npm http fetch GET 200 https://registry.vlt.io/vlt-benchmarks/npm/string.prototype.trimstart/-/string.prototype.trimstart-1.0.8.tgz 5929ms (cache miss)
npm http fetch GET 200 https://registry.vlt.io/vlt-benchmarks/npm/string.prototype.trim/-/string.prototype.trim-1.2.11.tgz 5929ms (cache miss)
npm http fetch GET 200 https://registry.vlt.io/vlt-benchmarks/npm/set-proto/-/set-proto-1.0.0.tgz 5929ms (cache miss)
npm http fetch GET 200 https://registry.vlt.io/vlt-benchmarks/npm/safe-regex-test/-/safe-regex-test-1.1.0.tgz 5929ms (cache miss)
npm http fetch GET 200 https://registry.vlt.io/vlt-benchmarks/npm/is-typed-array/-/is-typed-array-1.1.15.tgz 5928ms (cache miss)
npm http fetch GET 200 https://registry.vlt.io/vlt-benchmarks/npm/is-shared-array-buffer/-/is-shared-array-buffer-1.0.4.tgz 5929ms (cache miss)
npm http fetch GET 200 https://registry.vlt.io/vlt-benchmarks/npm/stop-iteration-iterator/-/stop-iteration-iterator-1.1.0.tgz 5962ms (cache miss)
npm http fetch GET 200 https://registry.vlt.io/vlt-benchmarks/npm/regexp.prototype.flags/-/regexp.prototype.flags-1.5.4.tgz 5962ms (cache miss)
npm http fetch GET 200 https://registry.vlt.io/vlt-benchmarks/npm/own-keys/-/own-keys-1.0.2.tgz 5962ms (cache miss)
npm http fetch GET 200 https://registry.vlt.io/vlt-benchmarks/npm/is-array-buffer/-/is-array-buffer-3.0.5.tgz 5961ms (cache miss)
npm http fetch GET 200 https://registry.vlt.io/vlt-benchmarks/npm/internal-slot/-/internal-slot-1.1.0.tgz 5961ms (cache miss)
npm http fetch GET 200 https://registry.vlt.io/vlt-benchmarks/npm/has-symbols/-/has-symbols-1.1.0.tgz 5961ms (cache miss)
npm http fetch GET 200 https://registry.vlt.io/vlt-benchmarks/npm/is-weakref/-/is-weakref-1.1.1.tgz 6001ms (cache miss)
npm http fetch GET 200 https://registry.vlt.io/vlt-benchmarks/npm/is-set/-/is-set-2.0.3.tgz 6001ms (cache miss)
npm http fetch GET 200 https://registry.vlt.io/vlt-benchmarks/npm/is-regex/-/is-regex-1.2.1.tgz 6001ms (cache miss)
npm http fetch GET 200 https://registry.vlt.io/vlt-benchmarks/npm/is-callable/-/is-callable-1.2.7.tgz 6001ms (cache miss)
npm http fetch GET 200 https://registry.vlt.io/vlt-benchmarks/npm/data-view-byte-offset/-/data-view-byte-offset-1.0.1.tgz 6000ms (cache miss)
npm http fetch GET 200 https://registry.vlt.io/vlt-benchmarks/npm/is-negative-zero/-/is-negative-zero-2.0.3.tgz 6069ms (cache miss)
npm http fetch GET 200 https://registry.vlt.io/vlt-benchmarks/npm/is-data-view/-/is-data-view-1.0.2.tgz 6069ms (cache miss)
npm http fetch GET 200 https://registry.vlt.io/vlt-benchmarks/npm/es-set-tostringtag/-/es-set-tostringtag-2.1.0.tgz 6068ms (cache miss)
npm http fetch GET 200 https://registry.vlt.io/vlt-benchmarks/npm/has-proto/-/has-proto-1.2.0.tgz 6069ms (cache miss)
npm http fetch GET 200 https://registry.vlt.io/vlt-benchmarks/npm/get-proto/-/get-proto-1.0.1.tgz 6070ms (cache miss)
npm http fetch GET 200 https://registry.vlt.io/vlt-benchmarks/npm/globalthis/-/globalthis-1.0.4.tgz 6070ms (cache miss)
npm http fetch GET 200 https://registry.vlt.io/vlt-benchmarks/npm/function.prototype.name/-/function.prototype.name-1.2.0.tgz 6070ms (cache miss)
npm http fetch GET 200 https://registry.vlt.io/vlt-benchmarks/npm/get-symbol-description/-/get-symbol-description-1.1.0.tgz 6071ms (cache miss)
npm http fetch GET 200 https://registry.vlt.io/vlt-benchmarks/npm/gopd/-/gopd-1.2.0.tgz 6069ms (cache miss)
npm http fetch GET 200 https://registry.vlt.io/vlt-benchmarks/npm/object-keys/-/object-keys-1.1.1.tgz 6070ms (cache miss)
npm http fetch GET 200 https://registry.vlt.io/vlt-benchmarks/npm/has-property-descriptors/-/has-property-descriptors-1.0.2.tgz 6070ms (cache miss)
npm http fetch GET 200 https://registry.vlt.io/vlt-benchmarks/npm/tar-fs/-/tar-fs-2.1.5.tgz 6157ms (cache miss)
npm http fetch GET 200 https://registry.vlt.io/vlt-benchmarks/npm/jju/-/jju-1.4.0.tgz 6137ms (cache miss)
npm http fetch GET 200 https://registry.vlt.io/vlt-benchmarks/npm/data-view-byte-length/-/data-view-byte-length-1.0.2.tgz 6129ms (cache miss)
npm http fetch GET 200 https://registry.vlt.io/vlt-benchmarks/npm/available-typed-arrays/-/available-typed-arrays-1.0.7.tgz 6129ms (cache miss)
npm http fetch GET 200 https://registry.vlt.io/vlt-benchmarks/npm/data-view-buffer/-/data-view-buffer-1.0.2.tgz 6130ms (cache miss)
npm http fetch GET 200 https://registry.vlt.io/vlt-benchmarks/npm/array-buffer-byte-length/-/array-buffer-byte-length-1.0.2.tgz 6129ms (cache miss)
npm http fetch GET 200 https://registry.vlt.io/vlt-benchmarks/npm/call-bind-apply-helpers/-/call-bind-apply-helpers-1.0.2.tgz 6128ms (cache miss)
npm http fetch GET 200 https://registry.vlt.io/vlt-benchmarks/npm/math-intrinsics/-/math-intrinsics-1.1.0.tgz 6129ms (cache miss)
npm http fetch GET 200 https://registry.vlt.io/vlt-benchmarks/npm/es-errors/-/es-errors-1.3.0.tgz 6129ms (cache miss)
npm http fetch GET 200 https://registry.vlt.io/vlt-benchmarks/npm/spdy-transport/-/spdy-transport-3.0.0.tgz 6342ms (cache miss)
npm http fetch GET 200 https://registry.vlt.io/vlt-benchmarks/npm/define-data-property/-/define-data-property-1.1.4.tgz 6162ms (cache miss)
npm http fetch GET 200 https://registry.vlt.io/vlt-benchmarks/npm/function-bind/-/function-bind-1.1.2.tgz 6161ms (cache miss)
npm http fetch GET 200 https://registry.vlt.io/vlt-benchmarks/npm/get-intrinsic/-/get-intrinsic-1.3.0.tgz 6162ms (cache miss)
npm http fetch GET 200 https://registry.vlt.io/vlt-benchmarks/npm/set-function-length/-/set-function-length-1.2.2.tgz 6162ms (cache miss)
npm http fetch GET 200 https://registry.vlt.io/vlt-benchmarks/npm/call-bound/-/call-bound-1.0.4.tgz 6162ms (cache miss)
npm http fetch GET 200 https://registry.vlt.io/vlt-benchmarks/npm/es-define-property/-/es-define-property-1.0.1.tgz 6163ms (cache miss)
npm http fetch GET 200 https://registry.vlt.io/vlt-benchmarks/npm/call-bind/-/call-bind-1.0.9.tgz 6162ms (cache miss)
npm http fetch GET 200 https://registry.vlt.io/vlt-benchmarks/npm/logform/-/logform-2.7.0.tgz 6269ms (cache miss)
npm http fetch GET 200 https://registry.vlt.io/vlt-benchmarks/npm/is-string/-/is-string-1.1.1.tgz 6196ms (cache miss)
npm http fetch GET 200 https://registry.vlt.io/vlt-benchmarks/npm/es-shim-unscopables/-/es-shim-unscopables-1.1.0.tgz 6196ms (cache miss)
npm http fetch GET 200 https://registry.vlt.io/vlt-benchmarks/npm/define-properties/-/define-properties-1.2.1.tgz 6197ms (cache miss)
npm http fetch GET 200 https://registry.vlt.io/vlt-benchmarks/npm/es-object-atoms/-/es-object-atoms-1.1.2.tgz 6197ms (cache miss)
npm http fetch GET 200 https://registry.vlt.io/vlt-benchmarks/npm/hasown/-/hasown-2.0.4.tgz 6195ms (cache miss)
npm http fetch GET 200 https://registry.vlt.io/vlt-benchmarks/npm/string.prototype.trimend/-/string.prototype.trimend-1.0.10.tgz 6226ms (cache miss)
npm http fetch GET 200 https://registry.vlt.io/vlt-benchmarks/npm/object.groupby/-/object.groupby-1.0.3.tgz 6227ms (cache miss)
npm http fetch GET 200 https://registry.vlt.io/vlt-benchmarks/npm/object.fromentries/-/object.fromentries-2.0.8.tgz 6227ms (cache miss)
npm http fetch GET 200 https://registry.vlt.io/vlt-benchmarks/npm/array-includes/-/array-includes-3.2.0.tgz 6225ms (cache miss)
npm http fetch GET 200 https://registry.vlt.io/vlt-benchmarks/npm/is-core-module/-/is-core-module-2.17.0.tgz 6227ms (cache miss)
npm http fetch GET 200 https://registry.vlt.io/vlt-benchmarks/npm/lodash.upperfirst/-/lodash.upperfirst-4.3.1.tgz 6226ms (cache miss)
npm http fetch GET 200 https://registry.vlt.io/vlt-benchmarks/npm/object.values/-/object.values-1.2.1.tgz 6258ms (cache miss)
npm http fetch GET 200 https://registry.vlt.io/vlt-benchmarks/npm/@rtsao/scc/-/scc-1.1.0.tgz 6256ms (cache miss)
npm http fetch GET 200 https://registry.vlt.io/vlt-benchmarks/npm/eslint-import-resolver-node/-/eslint-import-resolver-node-0.3.10.tgz 6258ms (cache miss)
npm http fetch GET 200 https://registry.vlt.io/vlt-benchmarks/npm/array.prototype.flatmap/-/array.prototype.flatmap-1.3.3.tgz 6258ms (cache miss)
npm http fetch GET 200 https://registry.vlt.io/vlt-benchmarks/npm/postcss-selector-parser/-/postcss-selector-parser-7.1.6.tgz 6437ms (cache miss)
npm http fetch GET 200 https://registry.vlt.io/vlt-benchmarks/npm/lodash.kebabcase/-/lodash.kebabcase-4.1.1.tgz 6267ms (cache miss)
npm http fetch GET 200 https://registry.vlt.io/vlt-benchmarks/npm/lodash.camelcase/-/lodash.camelcase-4.3.0.tgz 6267ms (cache miss)
npm http fetch GET 200 https://registry.vlt.io/vlt-benchmarks/npm/update-browserslist-db/-/update-browserslist-db-1.3.3.tgz 6268ms (cache miss)
npm http fetch GET 200 https://registry.vlt.io/vlt-benchmarks/npm/node-releases/-/node-releases-2.0.57.tgz 6268ms (cache miss)
npm http fetch GET 200 https://registry.vlt.io/vlt-benchmarks/npm/eslint-plugin-no-only-tests/-/eslint-plugin-no-only-tests-3.4.0.tgz 6267ms (cache miss)
npm http fetch GET 200 https://registry.vlt.io/vlt-benchmarks/npm/arraybuffer.prototype.slice/-/arraybuffer.prototype.slice-1.0.4.tgz 6293ms (cache miss)
npm http fetch GET 200 https://registry.vlt.io/vlt-benchmarks/npm/array.prototype.findlastindex/-/array.prototype.findlastindex-1.2.6.tgz 6289ms (cache miss)
npm http fetch GET 200 https://registry.vlt.io/vlt-benchmarks/npm/lodash.snakecase/-/lodash.snakecase-4.1.1.tgz 6300ms (cache miss)
npm http fetch GET 200 https://registry.vlt.io/vlt-benchmarks/npm/typescript-eslint/-/typescript-eslint-8.71.0.tgz 6298ms (cache miss)
npm http fetch GET 200 https://registry.vlt.io/vlt-benchmarks/npm/svg-element-attributes/-/svg-element-attributes-1.3.1.tgz 6299ms (cache miss)
npm http fetch GET 200 https://registry.vlt.io/vlt-benchmarks/npm/eslint-rule-documentation/-/eslint-rule-documentation-1.0.23.tgz 6299ms (cache miss)
npm http fetch GET 200 https://registry.vlt.io/vlt-benchmarks/npm/@eslint/compat/-/compat-2.1.1.tgz 6298ms (cache miss)
npm http fetch GET 200 https://registry.vlt.io/vlt-benchmarks/npm/jest-circus/-/jest-circus-29.7.0.tgz 6372ms (cache miss)
npm http fetch GET 200 https://registry.vlt.io/vlt-benchmarks/npm/browserslist/-/browserslist-4.29.3.tgz 6327ms (cache miss)
npm http fetch GET 200 https://registry.vlt.io/vlt-benchmarks/npm/eslint-plugin-i18n-text/-/eslint-plugin-i18n-text-1.0.1.tgz 6327ms (cache miss)
npm http fetch GET 200 https://registry.vlt.io/vlt-benchmarks/npm/@github/browserslist-config/-/browserslist-config-1.0.0.tgz 6326ms (cache miss)
npm http fetch GET 200 https://registry.vlt.io/vlt-benchmarks/npm/eslint-plugin-escompat/-/eslint-plugin-escompat-3.12.0.tgz 6328ms (cache miss)
npm http fetch GET 200 https://registry.vlt.io/vlt-benchmarks/npm/eslint-plugin-filenames/-/eslint-plugin-filenames-1.3.2.tgz 6328ms (cache miss)
npm http fetch GET 200 https://registry.vlt.io/vlt-benchmarks/npm/eslint-plugin-eslint-comments/-/eslint-plugin-eslint-comments-3.2.0.tgz 6328ms (cache miss)
npm http fetch GET 200 https://registry.vlt.io/vlt-benchmarks/npm/levn/-/levn-0.4.1.tgz 6327ms (cache miss)
npm http fetch GET 200 https://registry.vlt.io/vlt-benchmarks/npm/strip-json-comments/-/strip-json-comments-3.1.1.tgz 6327ms (cache miss)
npm http fetch GET 200 https://registry.vlt.io/vlt-benchmarks/npm/which/-/which-2.0.2.tgz 6359ms (cache miss)
npm http fetch GET 200 https://registry.vlt.io/vlt-benchmarks/npm/shebang-command/-/shebang-command-2.0.0.tgz 6360ms (cache miss)
npm http fetch GET 200 https://registry.vlt.io/vlt-benchmarks/npm/path-key/-/path-key-3.1.1.tgz 6360ms (cache miss)
npm http fetch GET 200 https://registry.vlt.io/vlt-benchmarks/npm/json-stable-stringify-without-jsonify/-/json-stable-stringify-without-jsonify-1.0.1.tgz 6359ms (cache miss)
npm http fetch GET 200 https://registry.vlt.io/vlt-benchmarks/npm/@humanfs/core/-/core-0.19.2.tgz 6360ms (cache miss)
npm http fetch GET 200 https://registry.vlt.io/vlt-benchmarks/npm/imurmurhash/-/imurmurhash-0.1.4.tgz 6359ms (cache miss)
npm http fetch GET 200 https://registry.vlt.io/vlt-benchmarks/npm/@microsoft/tsdoc-config/-/tsdoc-config-0.18.3.tgz 6397ms (cache miss)
npm http fetch GET 200 https://registry.vlt.io/vlt-benchmarks/npm/doctrine/-/doctrine-2.1.0.tgz 6385ms (cache miss)
npm http fetch GET 200 https://registry.vlt.io/vlt-benchmarks/npm/@humanfs/types/-/types-0.15.0.tgz 6389ms (cache miss)
npm http fetch GET 200 https://registry.vlt.io/vlt-benchmarks/npm/import-fresh/-/import-fresh-3.3.1.tgz 6389ms (cache miss)
npm http fetch GET 200 https://registry.vlt.io/vlt-benchmarks/npm/@eslint/object-schema/-/object-schema-2.1.7.tgz 6388ms (cache miss)
npm http fetch GET 200 https://registry.vlt.io/vlt-benchmarks/npm/@types/json-schema/-/json-schema-7.0.15.tgz 6390ms (cache miss)
npm http fetch GET 200 https://registry.vlt.io/vlt-benchmarks/npm/optionator/-/optionator-0.9.4.tgz 6389ms (cache miss)
npm http fetch GET 200 https://registry.vlt.io/vlt-benchmarks/npm/lodash.merge/-/lodash.merge-4.6.2.tgz 6389ms (cache miss)
npm http fetch GET 200 https://registry.vlt.io/vlt-benchmarks/npm/escape-string-regexp/-/escape-string-regexp-4.0.0.tgz 6389ms (cache miss)
npm http fetch GET 200 https://registry.vlt.io/vlt-benchmarks/npm/thingies/-/thingies-2.6.1.tgz 6634ms (cache miss)
npm http fetch GET 200 https://registry.vlt.io/vlt-benchmarks/npm/find-up/-/find-up-5.0.0.tgz 6421ms (cache miss)
npm http fetch GET 200 https://registry.vlt.io/vlt-benchmarks/npm/file-entry-cache/-/file-entry-cache-8.0.0.tgz 6420ms (cache miss)
npm http fetch GET 200 https://registry.vlt.io/vlt-benchmarks/npm/esutils/-/esutils-2.0.3.tgz 6421ms (cache miss)
npm http fetch GET 200 https://registry.vlt.io/vlt-benchmarks/npm/electron-to-chromium/-/electron-to-chromium-1.5.444.tgz 6443ms (cache miss)
npm http fetch GET 200 https://registry.vlt.io/vlt-benchmarks/npm/jest-snapshot/-/jest-snapshot-29.7.0.tgz 6476ms (cache miss)
npm http fetch GET 200 https://registry.vlt.io/vlt-benchmarks/npm/@types/estree/-/estree-1.0.9.tgz 6445ms (cache miss)
npm http fetch GET 200 https://registry.vlt.io/vlt-benchmarks/npm/@humanwhocodes/retry/-/retry-0.4.3.tgz 6446ms (cache miss)
npm http fetch GET 200 https://registry.vlt.io/vlt-benchmarks/npm/@humanwhocodes/module-importer/-/module-importer-1.0.1.tgz 6446ms (cache miss)
npm http fetch GET 200 https://registry.vlt.io/vlt-benchmarks/npm/@humanfs/node/-/node-0.16.8.tgz 6446ms (cache miss)
npm http fetch GET 200 https://registry.vlt.io/vlt-benchmarks/npm/ansi-colors/-/ansi-colors-4.1.3.tgz 6445ms (cache miss)
npm http fetch GET 200 https://registry.vlt.io/vlt-benchmarks/npm/array.prototype.flat/-/array.prototype.flat-1.3.3.tgz 6474ms (cache miss)
npm http fetch GET 200 https://registry.vlt.io/vlt-benchmarks/npm/@emnapi/runtime/-/runtime-1.4.5.tgz 6543ms (cache miss)
npm http fetch GET 200 https://registry.vlt.io/vlt-benchmarks/npm/cross-spawn/-/cross-spawn-7.0.6.tgz 6474ms (cache miss)
npm http fetch GET 200 https://registry.vlt.io/vlt-benchmarks/npm/@eslint/config-helpers/-/config-helpers-0.4.2.tgz 6474ms (cache miss)
npm http fetch GET 200 https://registry.vlt.io/vlt-benchmarks/npm/readdirp/-/readdirp-3.6.0.tgz 6472ms (cache miss)
npm http fetch GET 200 https://registry.vlt.io/vlt-benchmarks/npm/normalize-path/-/normalize-path-3.0.0.tgz 6472ms (cache miss)
npm http fetch GET 200 https://registry.vlt.io/vlt-benchmarks/npm/is-glob/-/is-glob-4.0.3.tgz 6473ms (cache miss)
npm http fetch GET 200 https://registry.vlt.io/vlt-benchmarks/npm/@eslint/core/-/core-0.17.0.tgz 6508ms (cache miss)
npm http fetch GET 200 https://registry.vlt.io/vlt-benchmarks/npm/color-name/-/color-name-1.1.4.tgz 6508ms (cache miss)
npm http fetch GET 200 https://registry.vlt.io/vlt-benchmarks/npm/fill-range/-/fill-range-7.1.1.tgz 6508ms (cache miss)
npm http fetch GET 200 https://registry.vlt.io/vlt-benchmarks/npm/ansi-styles/-/ansi-styles-4.3.0.tgz 6506ms (cache miss)
npm http fetch GET 200 https://registry.vlt.io/vlt-benchmarks/npm/prebuild-install/-/prebuild-install-7.1.3.tgz 6507ms (cache miss)
npm warn deprecated prebuild-install@7.1.3: No longer maintained. Please contact the author of the relevant native addon; alternatives are available.
npm http fetch GET 200 https://registry.vlt.io/vlt-benchmarks/npm/jest-diff/-/jest-diff-27.5.1.tgz 6601ms (cache miss)
npm http fetch GET 200 https://registry.vlt.io/vlt-benchmarks/npm/ms/-/ms-2.1.3.tgz 6540ms (cache miss)
npm http fetch GET 200 https://registry.vlt.io/vlt-benchmarks/npm/glob-parent/-/glob-parent-5.1.2.tgz 6540ms (cache miss)
npm http fetch GET 200 https://registry.vlt.io/vlt-benchmarks/npm/braces/-/braces-3.0.3.tgz 6540ms (cache miss)
npm http fetch GET 200 https://registry.vlt.io/vlt-benchmarks/npm/anymatch/-/anymatch-3.1.3.tgz 6539ms (cache miss)
npm http fetch GET 200 https://registry.vlt.io/vlt-benchmarks/npm/is-binary-path/-/is-binary-path-2.1.0.tgz 6541ms (cache miss)
npm http fetch GET 200 https://registry.vlt.io/vlt-benchmarks/npm/color-convert/-/color-convert-2.0.1.tgz 6540ms (cache miss)
npm http fetch GET 200 https://registry.vlt.io/vlt-benchmarks/npm/supports-color/-/supports-color-7.2.0.tgz 6541ms (cache miss)
npm http fetch GET 200 https://registry.vlt.io/vlt-benchmarks/npm/tinyglobby/-/tinyglobby-0.2.17.tgz 6543ms (cache miss)
npm http fetch GET 200 https://registry.vlt.io/vlt-benchmarks/npm/es-to-primitive/-/es-to-primitive-1.3.4.tgz 6577ms (cache miss)
npm http fetch GET 200 https://registry.vlt.io/vlt-benchmarks/npm/eslint-visitor-keys/-/eslint-visitor-keys-3.4.3.tgz 6569ms (cache miss)
npm http fetch GET 200 https://registry.vlt.io/vlt-benchmarks/npm/fast-deep-equal/-/fast-deep-equal-3.1.3.tgz 6569ms (cache miss)
npm http fetch GET 200 https://registry.vlt.io/vlt-benchmarks/npm/require-from-string/-/require-from-string-2.0.2.tgz 6570ms (cache miss)
npm http fetch GET 200 https://registry.vlt.io/vlt-benchmarks/npm/json-schema-traverse/-/json-schema-traverse-1.0.0.tgz 6570ms (cache miss)
npm http fetch GET 200 https://registry.vlt.io/vlt-benchmarks/npm/natural-compare/-/natural-compare-1.4.0.tgz 6569ms (cache miss)
npm http fetch GET 200 https://registry.vlt.io/vlt-benchmarks/npm/jest-watcher/-/jest-watcher-29.7.0.tgz 6640ms (cache miss)
npm http fetch GET 200 https://registry.vlt.io/vlt-benchmarks/npm/@typescript-eslint/tsconfig-utils/-/tsconfig-utils-8.71.0.tgz 6603ms (cache miss)
npm http fetch GET 200 https://registry.vlt.io/vlt-benchmarks/npm/baseline-browser-mapping/-/baseline-browser-mapping-2.11.27.tgz 6631ms (cache miss)
npm http fetch GET 200 https://registry.vlt.io/vlt-benchmarks/npm/@babel/helper-module-transforms/-/helper-module-transforms-7.29.7.tgz 6670ms (cache miss)
npm http fetch GET 200 https://registry.vlt.io/vlt-benchmarks/npm/@typescript-eslint/project-service/-/project-service-8.71.0.tgz 6630ms (cache miss)
npm http fetch GET 200 https://registry.vlt.io/vlt-benchmarks/npm/debug/-/debug-4.4.3.tgz 6630ms (cache miss)
npm http fetch GET 200 https://registry.vlt.io/vlt-benchmarks/npm/@typescript-eslint/visitor-keys/-/visitor-keys-8.71.0.tgz 6630ms (cache miss)
npm http fetch GET 200 https://registry.vlt.io/vlt-benchmarks/npm/jest-matcher-utils/-/jest-matcher-utils-27.5.1.tgz 6628ms (cache miss)
npm http fetch GET 200 https://registry.vlt.io/vlt-benchmarks/npm/jest-environment-node/-/jest-environment-node-27.5.1.tgz 6628ms (cache miss)
npm http fetch GET 200 https://registry.vlt.io/vlt-benchmarks/npm/object.assign/-/object.assign-4.1.7.tgz 6672ms (cache miss)
npm http fetch GET 200 https://registry.vlt.io/vlt-benchmarks/npm/@babel/template/-/template-7.29.7.tgz 6701ms (cache miss)
npm http fetch GET 200 https://registry.vlt.io/vlt-benchmarks/npm/espree/-/espree-10.4.0.tgz 6666ms (cache miss)
npm http fetch GET 200 https://registry.vlt.io/vlt-benchmarks/npm/@types/istanbul-lib-report/-/istanbul-lib-report-3.0.3.tgz 6659ms (cache miss)
npm http fetch GET 200 https://registry.vlt.io/vlt-benchmarks/npm/@types/istanbul-lib-coverage/-/istanbul-lib-coverage-2.0.6.tgz 6659ms (cache miss)
npm http fetch GET 200 https://registry.vlt.io/vlt-benchmarks/npm/eslint-module-utils/-/eslint-module-utils-2.14.0.tgz 6695ms (cache miss)
npm http fetch GET 200 https://registry.vlt.io/vlt-benchmarks/npm/ignore/-/ignore-7.0.11.tgz 6688ms (cache miss)
npm http fetch GET 200 https://registry.vlt.io/vlt-benchmarks/npm/@types/istanbul-reports/-/istanbul-reports-3.0.4.tgz 6688ms (cache miss)
npm http fetch GET 200 https://registry.vlt.io/vlt-benchmarks/npm/chalk/-/chalk-4.1.2.tgz 6686ms (cache miss)
npm http fetch GET 200 https://registry.vlt.io/vlt-benchmarks/npm/jest-junit/-/jest-junit-13.2.0.tgz 6685ms (cache miss)
npm http fetch GET 200 https://registry.vlt.io/vlt-benchmarks/npm/@jsonjoy.com/fs-node/-/fs-node-4.80.0.tgz 6937ms (cache miss)
npm http fetch GET 200 https://registry.vlt.io/vlt-benchmarks/npm/parse-imports-exports/-/parse-imports-exports-0.2.4.tgz 6765ms (cache miss)
npm http fetch GET 200 https://registry.vlt.io/vlt-benchmarks/npm/picomatch/-/picomatch-2.3.2.tgz 6750ms (cache miss)
npm http fetch GET 200 https://registry.vlt.io/vlt-benchmarks/npm/jest-environment-jsdom/-/jest-environment-jsdom-30.5.2.tgz 6743ms (cache miss)
npm http fetch GET 200 https://registry.vlt.io/vlt-benchmarks/npm/@es-joy/jsdoccomment/-/jsdoccomment-0.50.2.tgz 6793ms (cache miss)
npm http fetch GET 200 https://registry.vlt.io/vlt-benchmarks/npm/@babel/preset-env/-/preset-env-7.29.7.tgz 6921ms (cache miss)
npm http fetch GET 200 https://registry.vlt.io/vlt-benchmarks/npm/jest/-/jest-29.7.0.tgz 6785ms (cache miss)
npm http fetch GET 200 https://registry.vlt.io/vlt-benchmarks/npm/globals/-/globals-16.5.0.tgz 6786ms (cache miss)
npm http fetch GET 200 https://registry.vlt.io/vlt-benchmarks/npm/pac-resolver/-/pac-resolver-7.0.1.tgz 7067ms (cache miss)
npm http fetch GET 200 https://registry.vlt.io/vlt-benchmarks/npm/jsonc-parser/-/jsonc-parser-3.2.0.tgz 6962ms (cache miss)
npm http fetch GET 200 https://registry.vlt.io/vlt-benchmarks/npm/es-check/-/es-check-7.2.1.tgz 6875ms (cache miss)
npm http fetch GET 200 https://registry.vlt.io/vlt-benchmarks/npm/eslint-formatter-azure-devops/-/eslint-formatter-azure-devops-1.2.1.tgz 6876ms (cache miss)
npm http fetch GET 200 https://registry.vlt.io/vlt-benchmarks/npm/eslint-config-prettier/-/eslint-config-prettier-9.0.0.tgz 6876ms (cache miss)
npm http fetch GET 200 https://registry.vlt.io/vlt-benchmarks/npm/eslint-plugin-prettier/-/eslint-plugin-prettier-5.0.1.tgz 6904ms (cache miss)
npm http fetch GET 200 https://registry.vlt.io/vlt-benchmarks/npm/dotenv/-/dotenv-16.0.3.tgz 6903ms (cache miss)
npm http fetch GET 200 https://registry.vlt.io/vlt-benchmarks/npm/string.prototype.includes/-/string.prototype.includes-2.0.1.tgz 6959ms (cache miss)
npm http fetch GET 200 https://registry.vlt.io/vlt-benchmarks/npm/tslib/-/tslib-2.8.1.tgz 6934ms (cache miss)
npm http fetch GET 200 https://registry.vlt.io/vlt-benchmarks/npm/ast-types/-/ast-types-0.13.4.tgz 7153ms (cache miss)
npm http fetch GET 200 https://registry.vlt.io/vlt-benchmarks/npm/jest-worker/-/jest-worker-29.7.0.tgz 7006ms (cache miss)
npm http fetch GET 200 https://registry.vlt.io/vlt-benchmarks/npm/@typescript-eslint/parser/-/parser-8.71.0.tgz 6959ms (cache miss)
npm http fetch GET 200 https://registry.vlt.io/vlt-benchmarks/npm/chokidar/-/chokidar-3.6.0.tgz 6959ms (cache miss)
npm http fetch GET 200 https://registry.vlt.io/vlt-benchmarks/npm/@types/jest-environment-puppeteer/-/jest-environment-puppeteer-5.0.6.tgz 6959ms (cache miss)
npm http fetch GET 200 https://registry.vlt.io/vlt-benchmarks/npm/@types/expect-puppeteer/-/expect-puppeteer-5.0.6.tgz 6958ms (cache miss)
npm http fetch GET 200 https://registry.vlt.io/vlt-benchmarks/npm/readable-stream/-/readable-stream-3.6.2.tgz 7076ms (cache miss)
npm http fetch GET 200 https://registry.vlt.io/vlt-benchmarks/npm/@types/puppeteer/-/puppeteer-5.4.7.tgz 6984ms (cache miss)
npm http fetch GET 200 https://registry.vlt.io/vlt-benchmarks/npm/@types/jest/-/jest-27.4.1.tgz 6984ms (cache miss)
npm http fetch GET 200 https://registry.vlt.io/vlt-benchmarks/npm/@types/jest-expect-message/-/jest-expect-message-1.0.4.tgz 6984ms (cache miss)
npm http fetch GET 200 https://registry.vlt.io/vlt-benchmarks/npm/@types/fs-extra/-/fs-extra-9.0.13.tgz 6985ms (cache miss)
npm http fetch GET 200 https://registry.vlt.io/vlt-benchmarks/npm/@alex_neo/jest-expect-message/-/jest-expect-message-1.0.5.tgz 6984ms (cache miss)
npm http fetch GET 200 https://registry.vlt.io/vlt-benchmarks/npm/is-wsl/-/is-wsl-3.1.1.tgz 6983ms (cache miss)
npm http fetch GET 200 https://registry.vlt.io/vlt-benchmarks/npm/json5/-/json5-2.2.3.tgz 7065ms (cache miss)
npm http fetch GET 200 https://registry.vlt.io/vlt-benchmarks/npm/@playwright/test/-/test-1.57.0.tgz 7013ms (cache miss)
npm http fetch GET 200 https://registry.vlt.io/vlt-benchmarks/npm/@nrwl/tao/-/tao-19.8.4.tgz 7013ms (cache miss)
npm http fetch GET 200 https://registry.vlt.io/vlt-benchmarks/npm/@eslint/js/-/js-9.39.5.tgz 7013ms (cache miss)
npm http fetch GET 200 https://registry.vlt.io/vlt-benchmarks/npm/emoji-regex/-/emoji-regex-8.0.0.tgz 7013ms (cache miss)
npm http fetch GET 200 https://registry.vlt.io/vlt-benchmarks/npm/schema-utils/-/schema-utils-4.5.0.tgz 7122ms (cache miss)
npm http fetch GET 200 https://registry.vlt.io/vlt-benchmarks/npm/commander/-/commander-12.0.0.tgz 7052ms (cache miss)
npm http fetch GET 200 https://registry.vlt.io/vlt-benchmarks/npm/@nrwl/workspace/-/workspace-19.8.4.tgz 7040ms (cache miss)
npm http fetch GET 200 https://registry.vlt.io/vlt-benchmarks/npm/is-docker/-/is-docker-3.0.0.tgz 7039ms (cache miss)
npm http fetch GET 200 https://registry.vlt.io/vlt-benchmarks/npm/string_decoder/-/string_decoder-1.1.1.tgz 7038ms (cache miss)
npm http fetch GET 200 https://registry.vlt.io/vlt-benchmarks/npm/safe-buffer/-/safe-buffer-5.1.2.tgz 7039ms (cache miss)
npm http fetch GET 200 https://registry.vlt.io/vlt-benchmarks/npm/@jsonjoy.com/json-pointer/-/json-pointer-17.67.0.tgz 7066ms (cache miss)
npm http fetch GET 200 https://registry.vlt.io/vlt-benchmarks/npm/@jsonjoy.com/base64/-/base64-17.67.0.tgz 7066ms (cache miss)
npm http fetch GET 200 https://registry.vlt.io/vlt-benchmarks/npm/tslib/-/tslib-1.14.1.tgz 7065ms (cache miss)
npm http fetch GET 200 https://registry.vlt.io/vlt-benchmarks/npm/@jsonjoy.com/codegen/-/codegen-17.67.0.tgz 7090ms (cache miss)
npm http fetch GET 200 https://registry.vlt.io/vlt-benchmarks/npm/ms/-/ms-2.0.0.tgz 7088ms (cache miss)
npm http fetch GET 200 https://registry.vlt.io/vlt-benchmarks/npm/rrweb-cssom/-/rrweb-cssom-0.8.0.tgz 7197ms (cache miss)
npm http fetch GET 200 https://registry.vlt.io/vlt-benchmarks/npm/isarray/-/isarray-1.0.0.tgz 7116ms (cache miss)
npm http fetch GET 200 https://registry.vlt.io/vlt-benchmarks/npm/ipaddr.js/-/ipaddr.js-1.9.1.tgz 7115ms (cache miss)
npm http fetch GET 200 https://registry.vlt.io/vlt-benchmarks/npm/negotiator/-/negotiator-0.6.3.tgz 7115ms (cache miss)
npm http fetch GET 200 https://registry.vlt.io/vlt-benchmarks/npm/webpack-dev-server/-/webpack-dev-server-5.2.6.tgz 7278ms (cache miss)
npm http fetch GET 200 https://registry.vlt.io/vlt-benchmarks/npm/@eslint/plugin-kit/-/plugin-kit-0.4.1.tgz 7159ms (cache miss)
npm http fetch GET 200 https://registry.vlt.io/vlt-benchmarks/npm/postcss/-/postcss-8.5.28.tgz 7347ms (cache miss)
npm http fetch GET 200 https://registry.vlt.io/vlt-benchmarks/npm/mime-db/-/mime-db-1.54.0.tgz 7169ms (cache miss)
npm http fetch GET 200 https://registry.vlt.io/vlt-benchmarks/npm/mime-types/-/mime-types-3.0.2.tgz 7169ms (cache miss)
npm http fetch GET 200 https://registry.vlt.io/vlt-benchmarks/npm/depd/-/depd-1.1.2.tgz 7169ms (cache miss)
npm http fetch GET 200 https://registry.vlt.io/vlt-benchmarks/npm/http-errors/-/http-errors-1.8.1.tgz 7169ms (cache miss)
npm http fetch GET 200 https://registry.vlt.io/vlt-benchmarks/npm/statuses/-/statuses-1.5.0.tgz 7169ms (cache miss)
npm http fetch GET 200 https://registry.vlt.io/vlt-benchmarks/npm/ms/-/ms-2.0.0.tgz 7202ms (cache miss)
npm http fetch GET 200 https://registry.vlt.io/vlt-benchmarks/npm/ms/-/ms-2.0.0.tgz 7203ms (cache miss)
npm http fetch GET 200 https://registry.vlt.io/vlt-benchmarks/npm/ms/-/ms-2.0.0.tgz 7201ms (cache miss)
npm http fetch GET 200 https://registry.vlt.io/vlt-benchmarks/npm/ms/-/ms-2.0.0.tgz 7202ms (cache miss)
npm http fetch GET 200 https://registry.vlt.io/vlt-benchmarks/npm/ms/-/ms-2.0.0.tgz 7202ms (cache miss)
npm http fetch GET 200 https://registry.vlt.io/vlt-benchmarks/npm/global-prefix/-/global-prefix-0.1.5.tgz 7201ms (cache miss)
npm http fetch GET 200 https://registry.vlt.io/vlt-benchmarks/npm/which/-/which-1.3.1.tgz 7201ms (cache miss)
npm http fetch GET 200 https://registry.vlt.io/vlt-benchmarks/npm/@types/send/-/send-0.17.6.tgz 7230ms (cache miss)
npm http fetch GET 200 https://registry.vlt.io/vlt-benchmarks/npm/proxy-from-env/-/proxy-from-env-1.1.0.tgz 7229ms (cache miss)
npm http fetch GET 200 https://registry.vlt.io/vlt-benchmarks/npm/react-is/-/react-is-16.13.1.tgz 7229ms (cache miss)
npm http fetch GET 200 https://registry.vlt.io/vlt-benchmarks/npm/fast-uri/-/fast-uri-3.1.8.tgz 7386ms (cache miss)
npm http fetch GET 200 https://registry.vlt.io/vlt-benchmarks/npm/jest-config/-/jest-config-29.7.0.tgz 7307ms (cache miss)
npm http fetch GET 200 https://registry.vlt.io/vlt-benchmarks/npm/eslint-scope/-/eslint-scope-8.4.0.tgz 7277ms (cache miss)
npm http fetch GET 200 https://registry.vlt.io/vlt-benchmarks/npm/balanced-match/-/balanced-match-1.0.2.tgz 7253ms (cache miss)
npm http fetch GET 200 https://registry.vlt.io/vlt-benchmarks/npm/brace-expansion/-/brace-expansion-1.1.21.tgz 7253ms (cache miss)
npm http fetch GET 200 https://registry.vlt.io/vlt-benchmarks/npm/diff/-/diff-4.0.4.tgz 7394ms (cache miss)
npm http fetch GET 200 https://registry.vlt.io/vlt-benchmarks/npm/@eslint-community/regexpp/-/regexpp-4.12.2.tgz 7295ms (cache miss)
npm http fetch GET 200 https://registry.vlt.io/vlt-benchmarks/npm/get-stream/-/get-stream-5.2.0.tgz 7280ms (cache miss)
npm http fetch GET 200 https://registry.vlt.io/vlt-benchmarks/npm/tar-stream/-/tar-stream-3.2.1.tgz 7280ms (cache miss)
npm http fetch GET 200 https://registry.vlt.io/vlt-benchmarks/npm/tar-fs/-/tar-fs-3.1.3.tgz 7281ms (cache miss)
npm http fetch GET 200 https://registry.vlt.io/vlt-benchmarks/npm/make-dir/-/make-dir-3.1.0.tgz 7279ms (cache miss)
npm http fetch GET 200 https://registry.vlt.io/vlt-benchmarks/npm/signal-exit/-/signal-exit-3.0.7.tgz 7281ms (cache miss)
npm http fetch GET 200 https://registry.vlt.io/vlt-benchmarks/npm/semver/-/semver-6.3.1.tgz 7305ms (cache miss)
npm http fetch GET 200 https://registry.vlt.io/vlt-benchmarks/npm/rimraf/-/rimraf-3.0.2.tgz 7306ms (cache miss)
npm warn deprecated rimraf@3.0.2: Rimraf versions prior to v4 are no longer supported
npm http fetch GET 200 https://registry.vlt.io/vlt-benchmarks/npm/glob/-/glob-7.2.3.tgz 7306ms (cache miss)
npm warn deprecated glob@7.2.3: Old versions of glob are not supported, and contain widely publicized security vulnerabilities, which have been fixed in the current version. Please update. Support for old versions may be purchased (at exorbitant rates) by contacting i@izs.me
npm http fetch GET 200 https://registry.vlt.io/vlt-benchmarks/npm/@typescript-eslint/types/-/types-8.71.0.tgz 7349ms (cache miss)
npm http fetch GET 200 https://registry.vlt.io/vlt-benchmarks/npm/yargs-parser/-/yargs-parser-21.1.1.tgz 7347ms (cache miss)
npm http fetch GET 200 https://registry.vlt.io/vlt-benchmarks/npm/lru-cache/-/lru-cache-7.18.3.tgz 7335ms (cache miss)
npm http fetch GET 200 https://registry.vlt.io/vlt-benchmarks/npm/minimatch/-/minimatch-3.1.5.tgz 7334ms (cache miss)
npm http fetch GET 200 https://registry.vlt.io/vlt-benchmarks/npm/is-windows/-/is-windows-1.0.2.tgz 7334ms (cache miss)
npm http fetch GET 200 https://registry.vlt.io/vlt-benchmarks/npm/universalify/-/universalify-0.1.2.tgz 7332ms (cache miss)
npm http fetch GET 200 https://registry.vlt.io/vlt-benchmarks/npm/jsonfile/-/jsonfile-4.0.0.tgz 7333ms (cache miss)
npm http fetch GET 200 https://registry.vlt.io/vlt-benchmarks/npm/balanced-match/-/balanced-match-1.0.2.tgz 7360ms (cache miss)
npm http fetch GET 200 https://registry.vlt.io/vlt-benchmarks/npm/brace-expansion/-/brace-expansion-1.1.21.tgz 7360ms (cache miss)
npm http fetch GET 200 https://registry.vlt.io/vlt-benchmarks/npm/foreground-child/-/foreground-child-2.0.0.tgz 7361ms (cache miss)
npm http fetch GET 200 https://registry.vlt.io/vlt-benchmarks/npm/write-file-atomic/-/write-file-atomic-3.0.3.tgz 7360ms (cache miss)
npm http fetch GET 200 https://registry.vlt.io/vlt-benchmarks/npm/@react-dnd/asap/-/asap-4.0.1.tgz 7598ms (cache miss)
npm http fetch GET 200 https://registry.vlt.io/vlt-benchmarks/npm/jest-util/-/jest-util-29.7.0.tgz 7446ms (cache miss)
npm http fetch GET 200 https://registry.vlt.io/vlt-benchmarks/npm/make-dir/-/make-dir-3.1.0.tgz 7388ms (cache miss)
npm http fetch GET 200 https://registry.vlt.io/vlt-benchmarks/npm/make-dir/-/make-dir-3.1.0.tgz 7388ms (cache miss)
npm http fetch GET 200 https://registry.vlt.io/vlt-benchmarks/npm/signal-exit/-/signal-exit-3.0.7.tgz 7389ms (cache miss)
npm http fetch GET 200 https://registry.vlt.io/vlt-benchmarks/npm/jest-environment-node/-/jest-environment-node-29.7.0.tgz 7386ms (cache miss)
npm http fetch GET 200 https://registry.vlt.io/vlt-benchmarks/npm/slash/-/slash-4.0.0.tgz 7387ms (cache miss)
npm http fetch GET 200 https://registry.vlt.io/vlt-benchmarks/npm/iconv-lite/-/iconv-lite-0.6.3.tgz 7543ms (cache miss)
npm http fetch GET 200 https://registry.vlt.io/vlt-benchmarks/npm/debug/-/debug-2.6.9.tgz 7420ms (cache miss)
npm http fetch GET 200 https://registry.vlt.io/vlt-benchmarks/npm/picomatch/-/picomatch-4.0.7.tgz 7419ms (cache miss)
npm http fetch GET 200 https://registry.vlt.io/vlt-benchmarks/npm/semver/-/semver-6.3.1.tgz 7415ms (cache miss)
npm http fetch GET 200 https://registry.vlt.io/vlt-benchmarks/npm/semver/-/semver-6.3.1.tgz 7410ms (cache miss)
npm http fetch GET 200 https://registry.vlt.io/vlt-benchmarks/npm/semver/-/semver-6.3.1.tgz 7416ms (cache miss)
npm http fetch GET 200 https://registry.vlt.io/vlt-benchmarks/npm/rimraf/-/rimraf-3.0.2.tgz 7416ms (cache miss)
npm warn deprecated rimraf@3.0.2: Rimraf versions prior to v4 are no longer supported
npm http fetch GET 200 https://registry.vlt.io/vlt-benchmarks/npm/glob/-/glob-7.2.3.tgz 7417ms (cache miss)
npm warn deprecated glob@7.2.3: Old versions of glob are not supported, and contain widely publicized security vulnerabilities, which have been fixed in the current version. Please update. Support for old versions may be purchased (at exorbitant rates) by contacting i@izs.me
npm http fetch GET 200 https://registry.vlt.io/vlt-benchmarks/npm/domhandler/-/domhandler-5.0.3.tgz 7415ms (cache miss)
npm http fetch GET 200 https://registry.vlt.io/vlt-benchmarks/npm/debug/-/debug-2.6.9.tgz 7454ms (cache miss)
npm http fetch GET 200 https://registry.vlt.io/vlt-benchmarks/npm/minimatch/-/minimatch-3.1.5.tgz 7448ms (cache miss)
npm http fetch GET 200 https://registry.vlt.io/vlt-benchmarks/npm/universalify/-/universalify-0.1.2.tgz 7446ms (cache miss)
npm http fetch GET 200 https://registry.vlt.io/vlt-benchmarks/npm/universalify/-/universalify-0.1.2.tgz 7447ms (cache miss)
npm http fetch GET 200 https://registry.vlt.io/vlt-benchmarks/npm/universalify/-/universalify-0.1.2.tgz 7446ms (cache miss)
npm http fetch GET 200 https://registry.vlt.io/vlt-benchmarks/npm/universalify/-/universalify-0.1.2.tgz 7446ms (cache miss)
npm http fetch GET 200 https://registry.vlt.io/vlt-benchmarks/npm/jsonfile/-/jsonfile-4.0.0.tgz 7447ms (cache miss)
npm http fetch GET 200 https://registry.vlt.io/vlt-benchmarks/npm/jsonfile/-/jsonfile-4.0.0.tgz 7447ms (cache miss)
npm http fetch GET 200 https://registry.vlt.io/vlt-benchmarks/npm/jsonfile/-/jsonfile-4.0.0.tgz 7448ms (cache miss)
npm http fetch GET 200 https://registry.vlt.io/vlt-benchmarks/npm/jsonfile/-/jsonfile-4.0.0.tgz 7447ms (cache miss)
npm http fetch GET 200 https://registry.vlt.io/vlt-benchmarks/npm/ignore/-/ignore-5.3.2.tgz 7447ms (cache miss)
npm http fetch GET 200 https://registry.vlt.io/vlt-benchmarks/npm/dom-serializer/-/dom-serializer-2.0.0.tgz 7447ms (cache miss)
npm http fetch GET 200 https://registry.vlt.io/vlt-benchmarks/npm/camelcase/-/camelcase-6.3.0.tgz 7446ms (cache miss)
npm http fetch GET 200 https://registry.vlt.io/vlt-benchmarks/npm/@eslint-community/eslint-utils/-/eslint-utils-4.10.1.tgz 7506ms (cache miss)
npm http fetch GET 200 https://registry.vlt.io/vlt-benchmarks/npm/debug/-/debug-2.6.9.tgz 7493ms (cache miss)
npm http fetch GET 200 https://registry.vlt.io/vlt-benchmarks/npm/debug/-/debug-2.6.9.tgz 7492ms (cache miss)
npm http fetch GET 200 https://registry.vlt.io/vlt-benchmarks/npm/bonjour-service/-/bonjour-service-1.4.4.tgz 7735ms (cache miss)
npm http fetch GET 200 https://registry.vlt.io/vlt-benchmarks/npm/debug/-/debug-2.6.9.tgz 7517ms (cache miss)
npm http fetch GET 200 https://registry.vlt.io/vlt-benchmarks/npm/debug/-/debug-2.6.9.tgz 7517ms (cache miss)
npm http fetch GET 200 https://registry.vlt.io/vlt-benchmarks/npm/semver/-/semver-6.3.1.tgz 7508ms (cache miss)
npm http fetch GET 200 https://registry.vlt.io/vlt-benchmarks/npm/semver/-/semver-6.3.1.tgz 7508ms (cache miss)
npm http fetch GET 200 https://registry.vlt.io/vlt-benchmarks/npm/react-is/-/react-is-16.13.1.tgz 7508ms (cache miss)
npm http fetch GET 200 https://registry.vlt.io/vlt-benchmarks/npm/keyborg/-/keyborg-3.498.0.tgz 7508ms (cache miss)
npm http fetch GET 200 https://registry.vlt.io/vlt-benchmarks/npm/y18n/-/y18n-4.0.3.tgz 7508ms (cache miss)
npm http fetch GET 200 https://registry.vlt.io/vlt-benchmarks/npm/minipass/-/minipass-7.1.3.tgz 7588ms (cache miss)
npm http fetch GET 200 https://registry.vlt.io/vlt-benchmarks/npm/commander/-/commander-7.2.0.tgz 7528ms (cache miss)
npm http fetch GET 200 https://registry.vlt.io/vlt-benchmarks/npm/yargs-parser/-/yargs-parser-18.1.3.tgz 7539ms (cache miss)
npm http fetch GET 200 https://registry.vlt.io/vlt-benchmarks/npm/wrap-ansi/-/wrap-ansi-6.2.0.tgz 7539ms (cache miss)
npm http fetch GET 200 https://registry.vlt.io/vlt-benchmarks/npm/minimatch/-/minimatch-3.1.5.tgz 7538ms (cache miss)
npm http fetch GET 200 https://registry.vlt.io/vlt-benchmarks/npm/p-locate/-/p-locate-4.1.0.tgz 7539ms (cache miss)
npm http fetch GET 200 https://registry.vlt.io/vlt-benchmarks/npm/ts-api-utils/-/ts-api-utils-2.5.0.tgz 7589ms (cache miss)
npm http fetch GET 200 https://registry.vlt.io/vlt-benchmarks/npm/locate-path/-/locate-path-5.0.0.tgz 7564ms (cache miss)
npm http fetch GET 200 https://registry.vlt.io/vlt-benchmarks/npm/p-limit/-/p-limit-2.3.0.tgz 7565ms (cache miss)
npm http fetch GET 200 https://registry.vlt.io/vlt-benchmarks/npm/cliui/-/cliui-6.0.0.tgz 7566ms (cache miss)
npm http fetch GET 200 https://registry.vlt.io/vlt-benchmarks/npm/brace-expansion/-/brace-expansion-1.1.21.tgz 7565ms (cache miss)
npm http fetch GET 200 https://registry.vlt.io/vlt-benchmarks/npm/balanced-match/-/balanced-match-1.0.2.tgz 7566ms (cache miss)
npm http fetch GET 200 https://registry.vlt.io/vlt-benchmarks/npm/make-dir/-/make-dir-3.1.0.tgz 7565ms (cache miss)
npm http fetch GET 200 https://registry.vlt.io/vlt-benchmarks/npm/glob/-/glob-7.2.3.tgz 7565ms (cache miss)
npm warn deprecated glob@7.2.3: Old versions of glob are not supported, and contain widely publicized security vulnerabilities, which have been fixed in the current version. Please update. Support for old versions may be purchased (at exorbitant rates) by contacting i@izs.me
npm http fetch GET 200 https://registry.vlt.io/vlt-benchmarks/npm/semver/-/semver-6.3.1.tgz 7592ms (cache miss)
npm http fetch GET 200 https://registry.vlt.io/vlt-benchmarks/npm/convert-source-map/-/convert-source-map-1.9.0.tgz 7592ms (cache miss)
npm http fetch GET 200 https://registry.vlt.io/vlt-benchmarks/npm/signal-exit/-/signal-exit-3.0.7.tgz 7592ms (cache miss)
npm http fetch GET 200 https://registry.vlt.io/vlt-benchmarks/npm/resolve-from/-/resolve-from-5.0.0.tgz 7592ms (cache miss)
npm http fetch GET 200 https://registry.vlt.io/vlt-benchmarks/npm/rimraf/-/rimraf-3.0.2.tgz 7593ms (cache miss)
npm warn deprecated rimraf@3.0.2: Rimraf versions prior to v4 are no longer supported
npm http fetch GET 200 https://registry.vlt.io/vlt-benchmarks/npm/agent-base/-/agent-base-6.0.2.tgz 7592ms (cache miss)
npm http fetch GET 200 https://registry.vlt.io/vlt-benchmarks/npm/json-schema-traverse/-/json-schema-traverse-0.4.1.tgz 7592ms (cache miss)
npm http fetch GET 200 https://registry.vlt.io/vlt-benchmarks/npm/find-up/-/find-up-4.1.0.tgz 7619ms (cache miss)
npm http fetch GET 200 https://registry.vlt.io/vlt-benchmarks/npm/https-proxy-agent/-/https-proxy-agent-5.0.1.tgz 7619ms (cache miss)
npm http fetch GET 200 https://registry.vlt.io/vlt-benchmarks/npm/@recast-navigation/wasm/-/wasm-0.43.1.tgz 7785ms (cache miss)
npm http fetch GET 200 https://registry.vlt.io/vlt-benchmarks/npm/@webassemblyjs/ast/-/ast-1.14.1.tgz 7773ms (cache miss)
npm http fetch GET 200 https://registry.vlt.io/vlt-benchmarks/npm/acorn/-/acorn-8.11.3.tgz 7675ms (cache miss)
npm http fetch GET 200 https://registry.vlt.io/vlt-benchmarks/npm/node-addon-api/-/node-addon-api-7.1.1.tgz 7674ms (cache miss)
npm http fetch GET 200 https://registry.vlt.io/vlt-benchmarks/npm/picomatch/-/picomatch-4.0.7.tgz 7648ms (cache miss)
npm http fetch GET 200 https://registry.vlt.io/vlt-benchmarks/npm/universalify/-/universalify-0.1.2.tgz 7644ms (cache miss)
npm http fetch GET 200 https://registry.vlt.io/vlt-benchmarks/npm/jsonfile/-/jsonfile-4.0.0.tgz 7644ms (cache miss)
npm http fetch GET 200 https://registry.vlt.io/vlt-benchmarks/npm/mini-css-extract-plugin/-/mini-css-extract-plugin-2.6.1.tgz 7695ms (cache miss)
npm http fetch GET 200 https://registry.vlt.io/vlt-benchmarks/npm/define-lazy-prop/-/define-lazy-prop-3.0.0.tgz 7670ms (cache miss)
npm http fetch GET 200 https://registry.vlt.io/vlt-benchmarks/npm/glob-parent/-/glob-parent-6.0.2.tgz 7671ms (cache miss)
npm http fetch GET 200 https://registry.vlt.io/vlt-benchmarks/npm/ansi-styles/-/ansi-styles-6.2.3.tgz 7670ms (cache miss)
npm http fetch GET 200 https://registry.vlt.io/vlt-benchmarks/npm/ansi-regex/-/ansi-regex-6.4.0.tgz 7670ms (cache miss)
npm http fetch GET 200 https://registry.vlt.io/vlt-benchmarks/npm/open/-/open-10.2.0.tgz 7672ms (cache miss)
npm http fetch GET 200 https://registry.vlt.io/vlt-benchmarks/npm/@jridgewell/sourcemap-codec/-/sourcemap-codec-1.6.0.tgz 7771ms (cache miss)
npm http fetch GET 200 https://registry.vlt.io/vlt-benchmarks/npm/json-schema-traverse/-/json-schema-traverse-0.4.1.tgz 7696ms (cache miss)
npm http fetch GET 200 https://registry.vlt.io/vlt-benchmarks/npm/fdir/-/fdir-6.5.0.tgz 7695ms (cache miss)
npm http fetch GET 200 https://registry.vlt.io/vlt-benchmarks/npm/@isaacs/cliui/-/cliui-8.0.2.tgz 7695ms (cache miss)
npm http fetch GET 200 https://registry.vlt.io/vlt-benchmarks/npm/ts-loader/-/ts-loader-9.6.2.tgz 7895ms (cache miss)
npm http fetch GET 200 https://registry.vlt.io/vlt-benchmarks/npm/@jest/reporters/-/reporters-29.7.0.tgz 7810ms (cache miss)
npm http fetch GET 200 https://registry.vlt.io/vlt-benchmarks/npm/webpack-cli/-/webpack-cli-6.0.1.tgz 7774ms (cache miss)
npm http fetch GET 200 https://registry.vlt.io/vlt-benchmarks/npm/picomatch/-/picomatch-4.0.7.tgz 7759ms (cache miss)
npm http fetch GET 200 https://registry.vlt.io/vlt-benchmarks/npm/commander/-/commander-7.2.0.tgz 7760ms (cache miss)
npm http fetch GET 200 https://registry.vlt.io/vlt-benchmarks/npm/string-width/-/string-width-5.1.2.tgz 7760ms (cache miss)
npm http fetch GET 200 https://registry.vlt.io/vlt-benchmarks/npm/balanced-match/-/balanced-match-1.0.2.tgz 7762ms (cache miss)
npm http fetch GET 200 https://registry.vlt.io/vlt-benchmarks/npm/brace-expansion/-/brace-expansion-2.1.7.tgz 7761ms (cache miss)
npm http fetch GET 200 https://registry.vlt.io/vlt-benchmarks/npm/wrap-ansi/-/wrap-ansi-8.1.0.tgz 7819ms (cache miss)
npm http fetch GET 200 https://registry.vlt.io/vlt-benchmarks/npm/strip-ansi/-/strip-ansi-7.2.0.tgz 7820ms (cache miss)
npm http fetch GET 200 https://registry.vlt.io/vlt-benchmarks/npm/commander/-/commander-10.0.1.tgz 7867ms (cache miss)
npm http fetch GET 200 https://registry.vlt.io/vlt-benchmarks/npm/semver/-/semver-6.3.1.tgz 7860ms (cache miss)
npm http fetch GET 200 https://registry.vlt.io/vlt-benchmarks/npm/@babel/helper-validator-identifier/-/helper-validator-identifier-8.0.6.tgz 7851ms (cache miss)
npm http fetch GET 200 https://registry.vlt.io/vlt-benchmarks/npm/@babel/code-frame/-/code-frame-8.0.6.tgz 7851ms (cache miss)
npm http fetch GET 200 https://registry.vlt.io/vlt-benchmarks/npm/path-scurry/-/path-scurry-2.0.2.tgz 7937ms (cache miss)
npm http fetch GET 200 https://registry.vlt.io/vlt-benchmarks/npm/webpack-bundle-analyzer/-/webpack-bundle-analyzer-4.10.2.tgz 8037ms (cache miss)
npm http fetch GET 200 https://registry.vlt.io/vlt-benchmarks/npm/minimatch/-/minimatch-3.1.5.tgz 7875ms (cache miss)
npm http fetch GET 200 https://registry.vlt.io/vlt-benchmarks/npm/js-tokens/-/js-tokens-10.0.0.tgz 7878ms (cache miss)
npm http fetch GET 200 https://registry.vlt.io/vlt-benchmarks/npm/@jridgewell/gen-mapping/-/gen-mapping-0.3.13.tgz 7983ms (cache miss)
npm http fetch GET 200 https://registry.vlt.io/vlt-benchmarks/npm/brace-expansion/-/brace-expansion-2.1.7.tgz 7903ms (cache miss)
npm http fetch GET 200 https://registry.vlt.io/vlt-benchmarks/npm/balanced-match/-/balanced-match-1.0.2.tgz 7905ms (cache miss)
npm http fetch GET 200 https://registry.vlt.io/vlt-benchmarks/npm/balanced-match/-/balanced-match-1.0.2.tgz 7904ms (cache miss)
npm http fetch GET 200 https://registry.vlt.io/vlt-benchmarks/npm/readdirp/-/readdirp-5.1.1.tgz 7906ms (cache miss)
npm http fetch GET 200 https://registry.vlt.io/vlt-benchmarks/npm/balanced-match/-/balanced-match-1.0.2.tgz 7903ms (cache miss)
npm http fetch GET 200 https://registry.vlt.io/vlt-benchmarks/npm/brace-expansion/-/brace-expansion-1.1.21.tgz 7906ms (cache miss)
npm http fetch GET 200 https://registry.vlt.io/vlt-benchmarks/npm/minimatch/-/minimatch-5.1.9.tgz 7906ms (cache miss)
npm http fetch GET 200 https://registry.vlt.io/vlt-benchmarks/npm/commander/-/commander-8.3.0.tgz 7944ms (cache miss)
npm http fetch GET 200 https://registry.vlt.io/vlt-benchmarks/npm/picomatch/-/picomatch-4.0.7.tgz 7935ms (cache miss)
npm http fetch GET 200 https://registry.vlt.io/vlt-benchmarks/npm/mkdirp/-/mkdirp-0.5.6.tgz 7931ms (cache miss)
npm http fetch GET 200 https://registry.vlt.io/vlt-benchmarks/npm/rimraf/-/rimraf-2.4.5.tgz 7932ms (cache miss)
npm warn deprecated rimraf@2.4.5: Rimraf versions prior to v4 are no longer supported
npm http fetch GET 200 https://registry.vlt.io/vlt-benchmarks/npm/undici-types/-/undici-types-8.9.0.tgz 7994ms (cache miss)
npm http fetch GET 200 https://registry.vlt.io/vlt-benchmarks/npm/picomatch/-/picomatch-4.0.7.tgz 7963ms (cache miss)
npm http fetch GET 200 https://registry.vlt.io/vlt-benchmarks/npm/chokidar/-/chokidar-5.0.0.tgz 7960ms (cache miss)
npm http fetch GET 200 https://registry.vlt.io/vlt-benchmarks/npm/react-is/-/react-is-18.3.1.tgz 7958ms (cache miss)
npm http fetch GET 200 https://registry.vlt.io/vlt-benchmarks/npm/ansi-styles/-/ansi-styles-5.2.0.tgz 7959ms (cache miss)
npm http fetch GET 200 https://registry.vlt.io/vlt-benchmarks/npm/pretty-format/-/pretty-format-29.7.0.tgz 7959ms (cache miss)
npm http fetch GET 200 https://registry.vlt.io/vlt-benchmarks/npm/diff-sequences/-/diff-sequences-29.6.3.tgz 7960ms (cache miss)
npm http fetch GET 200 https://registry.vlt.io/vlt-benchmarks/npm/dotenv-expand/-/dotenv-expand-11.0.7.tgz 7976ms (cache miss)
npm http fetch GET 200 https://registry.vlt.io/vlt-benchmarks/npm/jest-haste-map/-/jest-haste-map-29.7.0.tgz 8162ms (cache miss)
npm http fetch GET 200 https://registry.vlt.io/vlt-benchmarks/npm/strip-bom/-/strip-bom-3.0.0.tgz 8089ms (cache miss)
npm http fetch GET 200 https://registry.vlt.io/vlt-benchmarks/npm/brace-expansion/-/brace-expansion-2.1.7.tgz 8087ms (cache miss)
npm http fetch GET 200 https://registry.vlt.io/vlt-benchmarks/npm/ignore/-/ignore-5.3.2.tgz 8088ms (cache miss)
npm http fetch GET 200 https://registry.vlt.io/vlt-benchmarks/npm/glob/-/glob-6.0.4.tgz 8116ms (cache miss)
npm warn deprecated glob@6.0.4: Old versions of glob are not supported, and contain widely publicized security vulnerabilities, which have been fixed in the current version. Please update. Support for old versions may be purchased (at exorbitant rates) by contacting i@izs.me
npm http fetch GET 200 https://registry.vlt.io/vlt-benchmarks/npm/jest-regex-util/-/jest-regex-util-30.5.0.tgz 8113ms (cache miss)
npm http fetch GET 200 https://registry.vlt.io/vlt-benchmarks/npm/color-name/-/color-name-2.1.1.tgz 8113ms (cache miss)
npm http fetch GET 200 https://registry.vlt.io/vlt-benchmarks/npm/@colors/colors/-/colors-1.6.0.tgz 8141ms (cache miss)
npm http fetch GET 200 https://registry.vlt.io/vlt-benchmarks/npm/color-convert/-/color-convert-3.1.3.tgz 8143ms (cache miss)
npm http fetch GET 200 https://registry.vlt.io/vlt-benchmarks/npm/ini/-/ini-4.1.3.tgz 8141ms (cache miss)
npm http fetch GET 200 https://registry.vlt.io/vlt-benchmarks/npm/@dnd-kit/utilities/-/utilities-3.2.2.tgz 8339ms (cache miss)
npm http fetch GET 200 https://registry.vlt.io/vlt-benchmarks/npm/commander/-/commander-12.1.0.tgz 8185ms (cache miss)
npm http fetch GET 200 https://registry.vlt.io/vlt-benchmarks/npm/dotenv/-/dotenv-16.4.7.tgz 8169ms (cache miss)
npm http fetch GET 200 https://registry.vlt.io/vlt-benchmarks/npm/source-map-support/-/source-map-support-0.5.21.tgz 8167ms (cache miss)
npm http fetch GET 200 https://registry.vlt.io/vlt-benchmarks/npm/commander/-/commander-2.20.3.tgz 8167ms (cache miss)
npm http fetch GET 200 https://registry.vlt.io/vlt-benchmarks/npm/which/-/which-4.0.0.tgz 8167ms (cache miss)
npm http fetch GET 200 https://registry.vlt.io/vlt-benchmarks/npm/supports-color/-/supports-color-8.1.1.tgz 8168ms (cache miss)
npm http fetch GET 200 https://registry.vlt.io/vlt-benchmarks/npm/escape-string-regexp/-/escape-string-regexp-1.0.5.tgz 8166ms (cache miss)
npm http fetch GET 200 https://registry.vlt.io/vlt-benchmarks/npm/isexe/-/isexe-3.1.5.tgz 8168ms (cache miss)
npm http fetch GET 200 https://registry.vlt.io/vlt-benchmarks/npm/@sinclair/typebox/-/typebox-0.27.12.tgz 8332ms (cache miss)
npm http fetch GET 200 https://registry.vlt.io/vlt-benchmarks/npm/ejs/-/ejs-3.1.10.tgz 8198ms (cache miss)
npm http fetch GET 200 https://registry.vlt.io/vlt-benchmarks/npm/emoji-regex/-/emoji-regex-8.0.0.tgz 8204ms (cache miss)
npm http fetch GET 200 https://registry.vlt.io/vlt-benchmarks/npm/signal-exit/-/signal-exit-3.0.7.tgz 8204ms (cache miss)
npm http fetch GET 200 https://registry.vlt.io/vlt-benchmarks/npm/strip-json-comments/-/strip-json-comments-2.0.1.tgz 8205ms (cache miss)
npm http fetch GET 200 https://registry.vlt.io/vlt-benchmarks/npm/react-is/-/react-is-18.3.1.tgz 8204ms (cache miss)
npm http fetch GET 200 https://registry.vlt.io/vlt-benchmarks/npm/type-fest/-/type-fest-0.8.1.tgz 8246ms (cache miss)
npm http fetch GET 200 https://registry.vlt.io/vlt-benchmarks/npm/color-name/-/color-name-2.1.1.tgz 8224ms (cache miss)
npm http fetch GET 200 https://registry.vlt.io/vlt-benchmarks/npm/semver/-/semver-6.3.1.tgz 8240ms (cache miss)
npm http fetch GET 200 https://registry.vlt.io/vlt-benchmarks/npm/agent-base/-/agent-base-6.0.2.tgz 8240ms (cache miss)
npm http fetch GET 200 https://registry.vlt.io/vlt-benchmarks/npm/https-proxy-agent/-/https-proxy-agent-5.0.1.tgz 8240ms (cache miss)
npm http fetch GET 200 https://registry.vlt.io/vlt-benchmarks/npm/ansi-styles/-/ansi-styles-5.2.0.tgz 8239ms (cache miss)
npm http fetch GET 200 https://registry.vlt.io/vlt-benchmarks/npm/ansi-styles/-/ansi-styles-5.2.0.tgz 8240ms (cache miss)
npm http fetch GET 200 https://registry.vlt.io/vlt-benchmarks/npm/ansi-styles/-/ansi-styles-5.2.0.tgz 8237ms (cache miss)
npm http fetch GET 200 https://registry.vlt.io/vlt-benchmarks/npm/pretty-format/-/pretty-format-30.5.1.tgz 8239ms (cache miss)
npm http fetch GET 200 https://registry.vlt.io/vlt-benchmarks/npm/object-inspect/-/object-inspect-1.13.4.tgz 8317ms (cache miss)
npm http fetch GET 200 https://registry.vlt.io/vlt-benchmarks/npm/pretty-format/-/pretty-format-29.7.0.tgz 8269ms (cache miss)
npm http fetch GET 200 https://registry.vlt.io/vlt-benchmarks/npm/pretty-format/-/pretty-format-29.7.0.tgz 8266ms (cache miss)
npm http fetch GET 200 https://registry.vlt.io/vlt-benchmarks/npm/jest-get-type/-/jest-get-type-27.5.1.tgz 8270ms (cache miss)
npm http fetch GET 200 https://registry.vlt.io/vlt-benchmarks/npm/ci-info/-/ci-info-4.4.0.tgz 8269ms (cache miss)
npm http fetch GET 200 https://registry.vlt.io/vlt-benchmarks/npm/@dnd-kit/sortable/-/sortable-10.0.0.tgz 8458ms (cache miss)
npm http fetch GET 200 https://registry.vlt.io/vlt-benchmarks/npm/source-map/-/source-map-0.6.1.tgz 8376ms (cache miss)
npm http fetch GET 200 https://registry.vlt.io/vlt-benchmarks/npm/@jest/expect-utils/-/expect-utils-30.5.2.tgz 8295ms (cache miss)
npm http fetch GET 200 https://registry.vlt.io/vlt-benchmarks/npm/jest-util/-/jest-util-30.5.1.tgz 8294ms (cache miss)
npm http fetch GET 200 https://registry.vlt.io/vlt-benchmarks/npm/@jest/schemas/-/schemas-30.5.0.tgz 8296ms (cache miss)
npm http fetch GET 200 https://registry.vlt.io/vlt-benchmarks/npm/jest-message-util/-/jest-message-util-30.5.1.tgz 8321ms (cache miss)
npm http fetch GET 200 https://registry.vlt.io/vlt-benchmarks/npm/@sinonjs/fake-timers/-/fake-timers-15.4.0.tgz 8320ms (cache miss)
npm http fetch GET 200 https://registry.vlt.io/vlt-benchmarks/npm/@jest/types/-/types-30.5.1.tgz 8320ms (cache miss)
npm http fetch GET 200 https://registry.vlt.io/vlt-benchmarks/npm/@jest/fake-timers/-/fake-timers-30.5.2.tgz 8321ms (cache miss)
npm http fetch GET 200 https://registry.vlt.io/vlt-benchmarks/npm/react-is/-/react-is-18.3.1.tgz 8320ms (cache miss)
npm http fetch GET 200 https://registry.vlt.io/vlt-benchmarks/npm/react-is/-/react-is-18.3.1.tgz 8319ms (cache miss)
npm http fetch GET 200 https://registry.vlt.io/vlt-benchmarks/npm/jest-mock/-/jest-mock-30.5.2.tgz 8322ms (cache miss)
npm http fetch GET 200 https://registry.vlt.io/vlt-benchmarks/npm/@jest/environment/-/environment-30.5.2.tgz 8322ms (cache miss)
npm http fetch GET 200 https://registry.vlt.io/vlt-benchmarks/npm/escape-string-regexp/-/escape-string-regexp-2.0.0.tgz 8321ms (cache miss)
npm http fetch GET 200 https://registry.vlt.io/vlt-benchmarks/npm/react-is/-/react-is-18.3.1.tgz 8324ms (cache miss)
npm http fetch GET 200 https://registry.vlt.io/vlt-benchmarks/npm/diff-sequences/-/diff-sequences-29.6.3.tgz 8348ms (cache miss)
npm http fetch GET 200 https://registry.vlt.io/vlt-benchmarks/npm/diff-sequences/-/diff-sequences-29.6.3.tgz 8347ms (cache miss)
npm http fetch GET 200 https://registry.vlt.io/vlt-benchmarks/npm/jest-matcher-utils/-/jest-matcher-utils-29.7.0.tgz 8349ms (cache miss)
npm http fetch GET 200 https://registry.vlt.io/vlt-benchmarks/npm/ansi-styles/-/ansi-styles-5.2.0.tgz 8348ms (cache miss)
npm http fetch GET 200 https://registry.vlt.io/vlt-benchmarks/npm/ansi-styles/-/ansi-styles-5.2.0.tgz 8348ms (cache miss)
npm http fetch GET 200 https://registry.vlt.io/vlt-benchmarks/npm/@memlab/lens/-/lens-1.0.3.tgz 8591ms (cache miss)
npm http fetch GET 200 https://registry.vlt.io/vlt-benchmarks/npm/dotenv/-/dotenv-16.6.1.tgz 8381ms (cache miss)
npm http fetch GET 200 https://registry.vlt.io/vlt-benchmarks/npm/pretty-format/-/pretty-format-29.7.0.tgz 8378ms (cache miss)
npm http fetch GET 200 https://registry.vlt.io/vlt-benchmarks/npm/pretty-format/-/pretty-format-29.7.0.tgz 8377ms (cache miss)
npm http fetch GET 200 https://registry.vlt.io/vlt-benchmarks/npm/signal-exit/-/signal-exit-3.0.7.tgz 8377ms (cache miss)
npm http fetch GET 200 https://registry.vlt.io/vlt-benchmarks/npm/resolve-from/-/resolve-from-5.0.0.tgz 8377ms (cache miss)
npm http fetch GET 200 https://registry.vlt.io/vlt-benchmarks/npm/resolve-from/-/resolve-from-5.0.0.tgz 8376ms (cache miss)
npm http fetch GET 200 https://registry.vlt.io/vlt-benchmarks/npm/lines-and-columns/-/lines-and-columns-1.2.4.tgz 8379ms (cache miss)
npm http fetch GET 200 https://registry.vlt.io/vlt-benchmarks/npm/minimatch/-/minimatch-3.1.5.tgz 8403ms (cache miss)
npm http fetch GET 200 https://registry.vlt.io/vlt-benchmarks/npm/glob/-/glob-7.2.3.tgz 8404ms (cache miss)
npm warn deprecated glob@7.2.3: Old versions of glob are not supported, and contain widely publicized security vulnerabilities, which have been fixed in the current version. Please update. Support for old versions may be purchased (at exorbitant rates) by contacting i@izs.me
npm http fetch GET 200 https://registry.vlt.io/vlt-benchmarks/npm/p-limit/-/p-limit-2.3.0.tgz 8406ms (cache miss)
npm http fetch GET 200 https://registry.vlt.io/vlt-benchmarks/npm/p-limit/-/p-limit-2.3.0.tgz 8405ms (cache miss)
npm http fetch GET 200 https://registry.vlt.io/vlt-benchmarks/npm/jake/-/jake-10.9.4.tgz 8582ms (cache miss)
npm http fetch GET 200 https://registry.vlt.io/vlt-benchmarks/npm/devtools-protocol/-/devtools-protocol-0.0.1312386.tgz 8657ms (cache miss)
npm http fetch GET 200 https://registry.vlt.io/vlt-benchmarks/npm/picomatch/-/picomatch-4.0.7.tgz 8436ms (cache miss)
npm http fetch GET 200 https://registry.vlt.io/vlt-benchmarks/npm/p-locate/-/p-locate-4.1.0.tgz 8433ms (cache miss)
npm http fetch GET 200 https://registry.vlt.io/vlt-benchmarks/npm/p-locate/-/p-locate-4.1.0.tgz 8432ms (cache miss)
npm http fetch GET 200 https://registry.vlt.io/vlt-benchmarks/npm/find-up/-/find-up-4.1.0.tgz 8433ms (cache miss)
npm http fetch GET 200 https://registry.vlt.io/vlt-benchmarks/npm/find-up/-/find-up-4.1.0.tgz 8432ms (cache miss)
npm http fetch GET 200 https://registry.vlt.io/vlt-benchmarks/npm/balanced-match/-/balanced-match-1.0.2.tgz 8433ms (cache miss)
npm http fetch GET 200 https://registry.vlt.io/vlt-benchmarks/npm/brace-expansion/-/brace-expansion-1.1.21.tgz 8433ms (cache miss)
npm http fetch GET 200 https://registry.vlt.io/vlt-benchmarks/npm/readable-stream/-/readable-stream-2.3.8.tgz 8484ms (cache miss)
npm http fetch GET 200 https://registry.vlt.io/vlt-benchmarks/npm/jest-matcher-utils/-/jest-matcher-utils-29.7.0.tgz 8448ms (cache miss)
npm http fetch GET 200 https://registry.vlt.io/vlt-benchmarks/npm/jest-matcher-utils/-/jest-matcher-utils-29.7.0.tgz 8460ms (cache miss)
npm http fetch GET 200 https://registry.vlt.io/vlt-benchmarks/npm/locate-path/-/locate-path-5.0.0.tgz 8459ms (cache miss)
npm http fetch GET 200 https://registry.vlt.io/vlt-benchmarks/npm/locate-path/-/locate-path-5.0.0.tgz 8458ms (cache miss)
npm http fetch GET 200 https://registry.vlt.io/vlt-benchmarks/npm/react-is/-/react-is-18.3.1.tgz 8458ms (cache miss)
npm http fetch GET 200 https://registry.vlt.io/vlt-benchmarks/npm/react-is/-/react-is-18.3.1.tgz 8451ms (cache miss)
npm http fetch GET 200 https://registry.vlt.io/vlt-benchmarks/npm/react-is/-/react-is-18.3.1.tgz 8449ms (cache miss)
npm http fetch GET 200 https://registry.vlt.io/vlt-benchmarks/npm/ansi-styles/-/ansi-styles-5.2.0.tgz 8459ms (cache miss)
npm http fetch GET 200 https://registry.vlt.io/vlt-benchmarks/npm/ansi-styles/-/ansi-styles-5.2.0.tgz 8450ms (cache miss)
npm http fetch GET 200 https://registry.vlt.io/vlt-benchmarks/npm/ansi-styles/-/ansi-styles-5.2.0.tgz 8451ms (cache miss)
npm http fetch GET 200 https://registry.vlt.io/vlt-benchmarks/npm/pretty-format/-/pretty-format-29.7.0.tgz 8459ms (cache miss)
npm http fetch GET 200 https://registry.vlt.io/vlt-benchmarks/npm/pretty-format/-/pretty-format-29.7.0.tgz 8452ms (cache miss)
npm http fetch GET 200 https://registry.vlt.io/vlt-benchmarks/npm/signal-exit/-/signal-exit-3.0.7.tgz 8487ms (cache miss)
npm http fetch GET 200 https://registry.vlt.io/vlt-benchmarks/npm/diff-sequences/-/diff-sequences-29.6.3.tgz 8478ms (cache miss)
npm http fetch GET 200 https://registry.vlt.io/vlt-benchmarks/npm/entities/-/entities-2.2.0.tgz 8534ms (cache miss)
npm http fetch GET 200 https://registry.vlt.io/vlt-benchmarks/npm/semver/-/semver-6.3.1.tgz 8524ms (cache miss)
npm http fetch GET 200 https://registry.vlt.io/vlt-benchmarks/npm/semver/-/semver-6.3.1.tgz 8523ms (cache miss)
npm http fetch GET 200 https://registry.vlt.io/vlt-benchmarks/npm/semver/-/semver-6.3.1.tgz 8524ms (cache miss)
npm http fetch GET 200 https://registry.vlt.io/vlt-benchmarks/npm/supports-color/-/supports-color-8.1.1.tgz 8524ms (cache miss)
npm http fetch GET 200 https://registry.vlt.io/vlt-benchmarks/npm/camelcase/-/camelcase-6.3.0.tgz 8517ms (cache miss)
npm http fetch GET 200 https://registry.vlt.io/vlt-benchmarks/npm/entities/-/entities-2.2.0.tgz 8571ms (cache miss)
npm http fetch GET 200 https://registry.vlt.io/vlt-benchmarks/npm/balanced-match/-/balanced-match-1.0.2.tgz 8539ms (cache miss)
npm http fetch GET 200 https://registry.vlt.io/vlt-benchmarks/npm/balanced-match/-/balanced-match-1.0.2.tgz 8541ms (cache miss)
npm http fetch GET 200 https://registry.vlt.io/vlt-benchmarks/npm/balanced-match/-/balanced-match-1.0.2.tgz 8538ms (cache miss)
npm http fetch GET 200 https://registry.vlt.io/vlt-benchmarks/npm/brace-expansion/-/brace-expansion-1.1.21.tgz 8540ms (cache miss)
npm http fetch GET 200 https://registry.vlt.io/vlt-benchmarks/npm/brace-expansion/-/brace-expansion-1.1.21.tgz 8539ms (cache miss)
npm http fetch GET 200 https://registry.vlt.io/vlt-benchmarks/npm/brace-expansion/-/brace-expansion-1.1.21.tgz 8541ms (cache miss)
npm http fetch GET 200 https://registry.vlt.io/vlt-benchmarks/npm/jest-environment-node/-/jest-environment-node-29.7.0.tgz 8542ms (cache miss)
npm http fetch GET 200 https://registry.vlt.io/vlt-benchmarks/npm/jest-environment-node/-/jest-environment-node-29.7.0.tgz 8540ms (cache miss)
npm http fetch GET 200 https://registry.vlt.io/vlt-benchmarks/npm/minimatch/-/minimatch-3.1.5.tgz 8542ms (cache miss)
npm http fetch GET 200 https://registry.vlt.io/vlt-benchmarks/npm/minimatch/-/minimatch-3.1.5.tgz 8541ms (cache miss)
npm http fetch GET 200 https://registry.vlt.io/vlt-benchmarks/npm/minimatch/-/minimatch-3.1.5.tgz 8541ms (cache miss)
npm http fetch GET 200 https://registry.vlt.io/vlt-benchmarks/npm/glob/-/glob-7.2.3.tgz 8541ms (cache miss)
npm warn deprecated glob@7.2.3: Old versions of glob are not supported, and contain widely publicized security vulnerabilities, which have been fixed in the current version. Please update. Support for old versions may be purchased (at exorbitant rates) by contacting i@izs.me
npm http fetch GET 200 https://registry.vlt.io/vlt-benchmarks/npm/glob/-/glob-7.2.3.tgz 8544ms (cache miss)
npm warn deprecated glob@7.2.3: Old versions of glob are not supported, and contain widely publicized security vulnerabilities, which have been fixed in the current version. Please update. Support for old versions may be purchased (at exorbitant rates) by contacting i@izs.me
npm http fetch GET 200 https://registry.vlt.io/vlt-benchmarks/npm/glob/-/glob-7.2.3.tgz 8543ms (cache miss)
npm warn deprecated glob@7.2.3: Old versions of glob are not supported, and contain widely publicized security vulnerabilities, which have been fixed in the current version. Please update. Support for old versions may be purchased (at exorbitant rates) by contacting i@izs.me
npm http fetch GET 200 https://registry.vlt.io/vlt-benchmarks/npm/@eslint/config-array/-/config-array-0.21.2.tgz 8624ms (cache miss)
npm http fetch GET 200 https://registry.vlt.io/vlt-benchmarks/npm/eslint-plugin-tsdoc/-/eslint-plugin-tsdoc-0.5.4.tgz 8613ms (cache miss)
npm http fetch GET 200 https://registry.vlt.io/vlt-benchmarks/npm/react-is/-/react-is-18.3.1.tgz 8571ms (cache miss)
npm http fetch GET 200 https://registry.vlt.io/vlt-benchmarks/npm/react-is/-/react-is-18.3.1.tgz 8570ms (cache miss)
npm http fetch GET 200 https://registry.vlt.io/vlt-benchmarks/npm/ansi-styles/-/ansi-styles-5.2.0.tgz 8570ms (cache miss)
npm http fetch GET 200 https://registry.vlt.io/vlt-benchmarks/npm/ansi-styles/-/ansi-styles-5.2.0.tgz 8572ms (cache miss)
npm http fetch GET 200 https://registry.vlt.io/vlt-benchmarks/npm/pretty-format/-/pretty-format-29.7.0.tgz 8572ms (cache miss)
npm http fetch GET 200 https://registry.vlt.io/vlt-benchmarks/npm/pretty-format/-/pretty-format-29.7.0.tgz 8572ms (cache miss)
npm http fetch GET 200 https://registry.vlt.io/vlt-benchmarks/npm/pretty-format/-/pretty-format-29.7.0.tgz 8571ms (cache miss)
npm http fetch GET 200 https://registry.vlt.io/vlt-benchmarks/npm/@discoveryjs/json-ext/-/json-ext-0.5.7.tgz 8616ms (cache miss)
npm http fetch GET 200 https://registry.vlt.io/vlt-benchmarks/npm/strip-bom/-/strip-bom-3.0.0.tgz 8596ms (cache miss)
npm http fetch GET 200 https://registry.vlt.io/vlt-benchmarks/npm/@zkochan/js-yaml/-/js-yaml-0.0.7.tgz 8748ms (cache miss)
npm http fetch GET 200 https://registry.vlt.io/vlt-benchmarks/npm/escape-string-regexp/-/escape-string-regexp-1.0.5.tgz 8617ms (cache miss)
npm http fetch GET 200 https://registry.vlt.io/vlt-benchmarks/npm/@fluentui/react-components/-/react-components-9.74.9.tgz 8815ms (cache miss)
npm http fetch GET 200 https://registry.vlt.io/vlt-benchmarks/npm/balanced-match/-/balanced-match-1.0.2.tgz 8628ms (cache miss)
npm http fetch GET 200 https://registry.vlt.io/vlt-benchmarks/npm/balanced-match/-/balanced-match-1.0.2.tgz 8628ms (cache miss)
npm http fetch GET 200 https://registry.vlt.io/vlt-benchmarks/npm/balanced-match/-/balanced-match-1.0.2.tgz 8630ms (cache miss)
npm http fetch GET 200 https://registry.vlt.io/vlt-benchmarks/npm/brace-expansion/-/brace-expansion-1.1.21.tgz 8628ms (cache miss)
npm http fetch GET 200 https://registry.vlt.io/vlt-benchmarks/npm/brace-expansion/-/brace-expansion-1.1.21.tgz 8631ms (cache miss)
npm http fetch GET 200 https://registry.vlt.io/vlt-benchmarks/npm/brace-expansion/-/brace-expansion-1.1.21.tgz 8630ms (cache miss)
npm http fetch GET 200 https://registry.vlt.io/vlt-benchmarks/npm/ignore/-/ignore-5.3.2.tgz 8631ms (cache miss)
npm http fetch GET 200 https://registry.vlt.io/vlt-benchmarks/npm/ignore/-/ignore-5.3.2.tgz 8629ms (cache miss)
npm http fetch GET 200 https://registry.vlt.io/vlt-benchmarks/npm/minimatch/-/minimatch-3.1.5.tgz 8632ms (cache miss)
npm http fetch GET 200 https://registry.vlt.io/vlt-benchmarks/npm/minimatch/-/minimatch-3.1.5.tgz 8630ms (cache miss)
npm http fetch GET 200 https://registry.vlt.io/vlt-benchmarks/npm/minimatch/-/minimatch-3.1.5.tgz 8631ms (cache miss)
npm http fetch GET 200 https://registry.vlt.io/vlt-benchmarks/npm/zod/-/zod-3.23.8.tgz 8908ms (cache miss)
npm http fetch GET 200 https://registry.vlt.io/vlt-benchmarks/npm/debug/-/debug-3.2.7.tgz 8653ms (cache miss)
npm http fetch GET 200 https://registry.vlt.io/vlt-benchmarks/npm/eslint-visitor-keys/-/eslint-visitor-keys-4.2.1.tgz 8652ms (cache miss)
npm http fetch GET 200 https://registry.vlt.io/vlt-benchmarks/npm/fdir/-/fdir-6.5.0.tgz 8651ms (cache miss)
npm http fetch GET 200 https://registry.vlt.io/vlt-benchmarks/npm/istanbul-lib-instrument/-/istanbul-lib-instrument-5.2.1.tgz 8675ms (cache miss)
npm http fetch GET 200 https://registry.vlt.io/vlt-benchmarks/npm/jest-diff/-/jest-diff-29.7.0.tgz 8699ms (cache miss)
npm http fetch GET 200 https://registry.vlt.io/vlt-benchmarks/npm/@eslint/core/-/core-1.2.1.tgz 8671ms (cache miss)
npm http fetch GET 200 https://registry.vlt.io/vlt-benchmarks/npm/json-schema-traverse/-/json-schema-traverse-0.4.1.tgz 8672ms (cache miss)
npm http fetch GET 200 https://registry.vlt.io/vlt-benchmarks/npm/jest-message-util/-/jest-message-util-27.5.1.tgz 8670ms (cache miss)
npm http fetch GET 200 https://registry.vlt.io/vlt-benchmarks/npm/jest-util/-/jest-util-27.5.1.tgz 8671ms (cache miss)
npm http fetch GET 200 https://registry.vlt.io/vlt-benchmarks/npm/@sinonjs/fake-timers/-/fake-timers-8.1.0.tgz 8690ms (cache miss)
npm http fetch GET 200 https://registry.vlt.io/vlt-benchmarks/npm/globals/-/globals-14.0.0.tgz 8691ms (cache miss)
npm http fetch GET 200 https://registry.vlt.io/vlt-benchmarks/npm/@types/yargs/-/yargs-16.0.11.tgz 8691ms (cache miss)
npm http fetch GET 200 https://registry.vlt.io/vlt-benchmarks/npm/strip-bom/-/strip-bom-3.0.0.tgz 8689ms (cache miss)
npm http fetch GET 200 https://registry.vlt.io/vlt-benchmarks/npm/eslint-visitor-keys/-/eslint-visitor-keys-5.0.1.tgz 8692ms (cache miss)
npm http fetch GET 200 https://registry.vlt.io/vlt-benchmarks/npm/ansi-styles/-/ansi-styles-5.2.0.tgz 8691ms (cache miss)
npm http fetch GET 200 https://registry.vlt.io/vlt-benchmarks/npm/react-is/-/react-is-18.3.1.tgz 8690ms (cache miss)
npm http fetch GET 200 https://registry.vlt.io/vlt-benchmarks/npm/ansi-styles/-/ansi-styles-5.2.0.tgz 8690ms (cache miss)
npm http fetch GET 200 https://registry.vlt.io/vlt-benchmarks/npm/ws/-/ws-7.5.13.tgz 8748ms (cache miss)
npm http fetch GET 200 https://registry.vlt.io/vlt-benchmarks/npm/@sinonjs/commons/-/commons-1.8.6.tgz 8712ms (cache miss)
npm http fetch GET 200 https://registry.vlt.io/vlt-benchmarks/npm/@jest/types/-/types-27.5.1.tgz 8711ms (cache miss)
npm http fetch GET 200 https://registry.vlt.io/vlt-benchmarks/npm/@jest/fake-timers/-/fake-timers-27.5.1.tgz 8712ms (cache miss)
npm http fetch GET 200 https://registry.vlt.io/vlt-benchmarks/npm/dotenv-expand/-/dotenv-expand-11.0.7.tgz 8710ms (cache miss)
npm http fetch GET 200 https://registry.vlt.io/vlt-benchmarks/npm/jest-get-type/-/jest-get-type-27.5.1.tgz 8712ms (cache miss)
npm http fetch GET 200 https://registry.vlt.io/vlt-benchmarks/npm/scheduler/-/scheduler-0.23.2.tgz 8763ms (cache miss)
npm http fetch GET 200 https://registry.vlt.io/vlt-benchmarks/npm/debug/-/debug-3.2.7.tgz 8735ms (cache miss)
npm http fetch GET 200 https://registry.vlt.io/vlt-benchmarks/npm/jest-mock/-/jest-mock-27.5.1.tgz 8731ms (cache miss)
npm http fetch GET 200 https://registry.vlt.io/vlt-benchmarks/npm/@jest/environment/-/environment-27.5.1.tgz 8732ms (cache miss)
npm http fetch GET 200 https://registry.vlt.io/vlt-benchmarks/npm/pretty-format/-/pretty-format-29.7.0.tgz 8731ms (cache miss)
npm http fetch GET 200 https://registry.vlt.io/vlt-benchmarks/npm/diff-sequences/-/diff-sequences-29.6.3.tgz 8731ms (cache miss)
npm http fetch GET 200 https://registry.vlt.io/vlt-benchmarks/npm/balanced-match/-/balanced-match-1.0.2.tgz 8747ms (cache miss)
npm http fetch GET 200 https://registry.vlt.io/vlt-benchmarks/npm/ignore/-/ignore-5.3.2.tgz 8747ms (cache miss)
npm http fetch GET 200 https://registry.vlt.io/vlt-benchmarks/npm/brace-expansion/-/brace-expansion-2.1.7.tgz 8747ms (cache miss)
npm http fetch GET 200 https://registry.vlt.io/vlt-benchmarks/npm/strip-bom/-/strip-bom-3.0.0.tgz 8746ms (cache miss)
npm http fetch GET 200 https://registry.vlt.io/vlt-benchmarks/npm/jackspeak/-/jackspeak-4.2.3.tgz 8863ms (cache miss)
npm http fetch GET 200 https://registry.vlt.io/vlt-benchmarks/npm/dagre/-/dagre-0.8.5.tgz 8961ms (cache miss)
npm http fetch GET 200 https://registry.vlt.io/vlt-benchmarks/npm/source-map/-/source-map-0.7.6.tgz 8810ms (cache miss)
npm http fetch GET 200 https://registry.vlt.io/vlt-benchmarks/npm/escape-string-regexp/-/escape-string-regexp-1.0.5.tgz 8763ms (cache miss)
npm http fetch GET 200 https://registry.vlt.io/vlt-benchmarks/npm/es-object-atoms/-/es-object-atoms-1.1.1.tgz 8764ms (cache miss)
npm http fetch GET 200 https://registry.vlt.io/vlt-benchmarks/npm/picomatch/-/picomatch-4.0.7.tgz 8786ms (cache miss)
npm http fetch GET 200 https://registry.vlt.io/vlt-benchmarks/npm/signal-exit/-/signal-exit-3.0.7.tgz 8781ms (cache miss)
npm http fetch GET 200 https://registry.vlt.io/vlt-benchmarks/npm/balanced-match/-/balanced-match-4.0.3.tgz 8780ms (cache miss)
npm http fetch GET 200 https://registry.vlt.io/vlt-benchmarks/npm/dotenv/-/dotenv-16.4.7.tgz 8801ms (cache miss)
npm http fetch GET 200 https://registry.vlt.io/vlt-benchmarks/npm/ignore/-/ignore-7.0.5.tgz 8799ms (cache miss)
npm http fetch GET 200 https://registry.vlt.io/vlt-benchmarks/npm/emoji-regex/-/emoji-regex-8.0.0.tgz 8799ms (cache miss)
npm http fetch GET 200 https://registry.vlt.io/vlt-benchmarks/npm/pretty-format/-/pretty-format-30.5.1.tgz 8798ms (cache miss)
npm http fetch GET 200 https://registry.vlt.io/vlt-benchmarks/npm/agent-base/-/agent-base-6.0.2.tgz 8800ms (cache miss)
npm http fetch GET 200 https://registry.vlt.io/vlt-benchmarks/npm/type-fest/-/type-fest-0.21.3.tgz 8933ms (cache miss)
npm http fetch GET 200 https://registry.vlt.io/vlt-benchmarks/npm/ansi-styles/-/ansi-styles-5.2.0.tgz 8814ms (cache miss)
npm http fetch GET 200 https://registry.vlt.io/vlt-benchmarks/npm/ci-info/-/ci-info-4.4.0.tgz 8814ms (cache miss)
npm http fetch GET 200 https://registry.vlt.io/vlt-benchmarks/npm/@jest/expect-utils/-/expect-utils-30.5.2.tgz 8814ms (cache miss)
npm http fetch GET 200 https://registry.vlt.io/vlt-benchmarks/npm/@sinonjs/fake-timers/-/fake-timers-15.4.0.tgz 8828ms (cache miss)
npm http fetch GET 200 https://registry.vlt.io/vlt-benchmarks/npm/jest-util/-/jest-util-30.5.1.tgz 8828ms (cache miss)
npm http fetch GET 200 https://registry.vlt.io/vlt-benchmarks/npm/@jest/schemas/-/schemas-30.5.0.tgz 8829ms (cache miss)
npm http fetch GET 200 https://registry.vlt.io/vlt-benchmarks/npm/jest-message-util/-/jest-message-util-30.5.1.tgz 8829ms (cache miss)
npm http fetch GET 200 https://registry.vlt.io/vlt-benchmarks/npm/jest-mock/-/jest-mock-30.5.2.tgz 8829ms (cache miss)
npm http fetch GET 200 https://registry.vlt.io/vlt-benchmarks/npm/@emnapi/core/-/core-1.4.5.tgz 8995ms (cache miss)
npm http fetch GET 200 https://registry.vlt.io/vlt-benchmarks/npm/ejs/-/ejs-3.1.10.tgz 8848ms (cache miss)
npm http fetch GET 200 https://registry.vlt.io/vlt-benchmarks/npm/mime-db/-/mime-db-1.54.0.tgz 8846ms (cache miss)
npm http fetch GET 200 https://registry.vlt.io/vlt-benchmarks/npm/@jest/types/-/types-30.5.1.tgz 8845ms (cache miss)
npm http fetch GET 200 https://registry.vlt.io/vlt-benchmarks/npm/@jest/environment/-/environment-30.5.2.tgz 8844ms (cache miss)
npm http fetch GET 200 https://registry.vlt.io/vlt-benchmarks/npm/eslint-visitor-keys/-/eslint-visitor-keys-5.0.1.tgz 8845ms (cache miss)
npm http fetch GET 200 https://registry.vlt.io/vlt-benchmarks/npm/@jest/fake-timers/-/fake-timers-30.5.2.tgz 8846ms (cache miss)
npm http fetch GET 200 https://registry.vlt.io/vlt-benchmarks/npm/jest-diff/-/jest-diff-29.7.0.tgz 8886ms (cache miss)
npm http fetch GET 200 https://registry.vlt.io/vlt-benchmarks/npm/source-map/-/source-map-0.7.6.tgz 8913ms (cache miss)
npm http fetch GET 200 https://registry.vlt.io/vlt-benchmarks/npm/dotenv/-/dotenv-16.4.7.tgz 8871ms (cache miss)
npm http fetch GET 200 https://registry.vlt.io/vlt-benchmarks/npm/json5/-/json5-1.0.2.tgz 8886ms (cache miss)
npm http fetch GET 200 https://registry.vlt.io/vlt-benchmarks/npm/schema-utils/-/schema-utils-3.3.0.tgz 8929ms (cache miss)
npm http fetch GET 200 https://registry.vlt.io/vlt-benchmarks/npm/cosmiconfig/-/cosmiconfig-9.0.2.tgz 8926ms (cache miss)
npm http fetch GET 200 https://registry.vlt.io/vlt-benchmarks/npm/balanced-match/-/balanced-match-1.0.2.tgz 8884ms (cache miss)
npm http fetch GET 200 https://registry.vlt.io/vlt-benchmarks/npm/brace-expansion/-/brace-expansion-1.1.21.tgz 8882ms (cache miss)
npm http fetch GET 200 https://registry.vlt.io/vlt-benchmarks/npm/balanced-match/-/balanced-match-1.0.2.tgz 8883ms (cache miss)
npm http fetch GET 200 https://registry.vlt.io/vlt-benchmarks/npm/brace-expansion/-/brace-expansion-1.1.21.tgz 8885ms (cache miss)
npm http fetch GET 200 https://registry.vlt.io/vlt-benchmarks/npm/jest-diff/-/jest-diff-29.7.0.tgz 8918ms (cache miss)
npm http fetch GET 200 https://registry.vlt.io/vlt-benchmarks/npm/@pmmmwh/react-refresh-webpack-plugin/-/react-refresh-webpack-plugin-0.6.3.tgz 9101ms (cache miss)
npm http fetch GET 200 https://registry.vlt.io/vlt-benchmarks/npm/schema-utils/-/schema-utils-3.3.0.tgz 8947ms (cache miss)
npm http fetch GET 200 https://registry.vlt.io/vlt-benchmarks/npm/debug/-/debug-3.2.7.tgz 8901ms (cache miss)
npm http fetch GET 200 https://registry.vlt.io/vlt-benchmarks/npm/semver/-/semver-6.3.1.tgz 8901ms (cache miss)
npm http fetch GET 200 https://registry.vlt.io/vlt-benchmarks/npm/eslint-plugin-prettier/-/eslint-plugin-prettier-5.5.6.tgz 8900ms (cache miss)
npm http fetch GET 200 https://registry.vlt.io/vlt-benchmarks/npm/minimatch/-/minimatch-3.1.5.tgz 8901ms (cache miss)
npm http fetch GET 200 https://registry.vlt.io/vlt-benchmarks/npm/minimatch/-/minimatch-3.1.5.tgz 8900ms (cache miss)
npm http fetch GET 200 https://registry.vlt.io/vlt-benchmarks/npm/@pkgr/core/-/core-0.3.6.tgz 8901ms (cache miss)
npm http fetch GET 200 https://registry.vlt.io/vlt-benchmarks/npm/json-schema-traverse/-/json-schema-traverse-0.4.1.tgz 8915ms (cache miss)
npm http fetch GET 200 https://registry.vlt.io/vlt-benchmarks/npm/supports-color/-/supports-color-8.1.1.tgz 8916ms (cache miss)
npm http fetch GET 200 https://registry.vlt.io/vlt-benchmarks/npm/@types/yargs/-/yargs-16.0.11.tgz 8915ms (cache miss)
npm http fetch GET 200 https://registry.vlt.io/vlt-benchmarks/npm/globals/-/globals-17.13.0.tgz 8931ms (cache miss)
npm http fetch GET 200 https://registry.vlt.io/vlt-benchmarks/npm/ignore/-/ignore-5.3.2.tgz 8930ms (cache miss)
npm http fetch GET 200 https://registry.vlt.io/vlt-benchmarks/npm/glob-parent/-/glob-parent-6.0.2.tgz 8931ms (cache miss)
npm http fetch GET 200 https://registry.vlt.io/vlt-benchmarks/npm/eslint-visitor-keys/-/eslint-visitor-keys-4.2.1.tgz 8930ms (cache miss)
npm http fetch GET 200 https://registry.vlt.io/vlt-benchmarks/npm/ansi-styles/-/ansi-styles-5.2.0.tgz 8929ms (cache miss)
npm http fetch GET 200 https://registry.vlt.io/vlt-benchmarks/npm/source-map/-/source-map-0.7.6.tgz 8988ms (cache miss)
npm http fetch GET 200 https://registry.vlt.io/vlt-benchmarks/npm/picomatch/-/picomatch-4.0.7.tgz 8949ms (cache miss)
npm http fetch GET 200 https://registry.vlt.io/vlt-benchmarks/npm/@typescript-eslint/tsconfig-utils/-/tsconfig-utils-8.56.1.tgz 8947ms (cache miss)
npm http fetch GET 200 https://registry.vlt.io/vlt-benchmarks/npm/strip-bom/-/strip-bom-3.0.0.tgz 8944ms (cache miss)
npm http fetch GET 200 https://registry.vlt.io/vlt-benchmarks/npm/balanced-match/-/balanced-match-1.0.2.tgz 8944ms (cache miss)
npm http fetch GET 200 https://registry.vlt.io/vlt-benchmarks/npm/react-is/-/react-is-18.3.1.tgz 8945ms (cache miss)
npm http fetch GET 200 https://registry.vlt.io/vlt-benchmarks/npm/@jest/types/-/types-27.5.1.tgz 8945ms (cache miss)
npm http fetch GET 200 https://registry.vlt.io/vlt-benchmarks/npm/joi/-/joi-18.2.9.tgz 9238ms (cache miss)
npm http fetch GET 200 https://registry.vlt.io/vlt-benchmarks/npm/rollup-plugin-visualizer/-/rollup-plugin-visualizer-5.14.0.tgz 9169ms (cache miss)
npm http fetch GET 200 https://registry.vlt.io/vlt-benchmarks/npm/pretty-format/-/pretty-format-29.7.0.tgz 8958ms (cache miss)
npm http fetch GET 200 https://registry.vlt.io/vlt-benchmarks/npm/brace-expansion/-/brace-expansion-2.1.7.tgz 8958ms (cache miss)
npm http fetch GET 200 https://registry.vlt.io/vlt-benchmarks/npm/diff-sequences/-/diff-sequences-29.6.3.tgz 8958ms (cache miss)
npm http fetch GET 200 https://registry.vlt.io/vlt-benchmarks/npm/jest-diff/-/jest-diff-29.7.0.tgz 8982ms (cache miss)
npm http fetch GET 200 https://registry.vlt.io/vlt-benchmarks/npm/@peculiar/asn1-schema/-/asn1-schema-2.10.0.tgz 9270ms (cache miss)
npm http fetch GET 200 https://registry.vlt.io/vlt-benchmarks/npm/https-proxy-agent/-/https-proxy-agent-5.0.1.tgz 8980ms (cache miss)
npm http fetch GET 200 https://registry.vlt.io/vlt-benchmarks/npm/@typescript-eslint/visitor-keys/-/visitor-keys-8.56.1.tgz 8976ms (cache miss)
npm http fetch GET 200 https://registry.vlt.io/vlt-benchmarks/npm/dotenv-expand/-/dotenv-expand-11.0.7.tgz 8971ms (cache miss)
npm http fetch GET 200 https://registry.vlt.io/vlt-benchmarks/npm/ignore/-/ignore-5.3.2.tgz 8971ms (cache miss)
npm http fetch GET 200 https://registry.vlt.io/vlt-benchmarks/npm/@typescript-eslint/project-service/-/project-service-8.56.1.tgz 9002ms (cache miss)
npm http fetch GET 200 https://registry.vlt.io/vlt-benchmarks/npm/esquery/-/esquery-1.7.0.tgz 9099ms (cache miss)
npm http fetch GET 200 https://registry.vlt.io/vlt-benchmarks/npm/@griffel/react/-/react-1.7.8.tgz 9235ms (cache miss)
npm http fetch GET 200 https://registry.vlt.io/vlt-benchmarks/npm/dotenv/-/dotenv-16.4.7.tgz 9023ms (cache miss)
npm http fetch GET 200 https://registry.vlt.io/vlt-benchmarks/npm/acorn/-/acorn-8.18.0.tgz 9076ms (cache miss)
npm http fetch GET 200 https://registry.vlt.io/vlt-benchmarks/npm/@jsonjoy.com/fs-node-utils/-/fs-node-utils-4.80.0.tgz 9354ms (cache miss)
npm http fetch GET 200 https://registry.vlt.io/vlt-benchmarks/npm/language-subtag-registry/-/language-subtag-registry-0.3.23.tgz 9217ms (cache miss)
npm http fetch GET 200 https://registry.vlt.io/vlt-benchmarks/npm/commander/-/commander-12.1.0.tgz 9071ms (cache miss)
npm http fetch GET 200 https://registry.vlt.io/vlt-benchmarks/npm/@babel/parser/-/parser-7.29.9.tgz 9197ms (cache miss)
npm http fetch GET 200 https://registry.vlt.io/vlt-benchmarks/npm/jest-diff/-/jest-diff-29.7.0.tgz 9086ms (cache miss)
npm http fetch GET 200 https://registry.vlt.io/vlt-benchmarks/npm/@fluentui/react-label/-/react-label-9.4.5.tgz 9329ms (cache miss)
npm http fetch GET 200 https://registry.vlt.io/vlt-benchmarks/npm/@jridgewell/trace-mapping/-/trace-mapping-0.3.9.tgz 9164ms (cache miss)
npm http fetch GET 200 https://registry.vlt.io/vlt-benchmarks/npm/@fluentui/react-search/-/react-search-9.4.7.tgz 9355ms (cache miss)
npm http fetch GET 200 https://registry.vlt.io/vlt-benchmarks/npm/@fluentui/react-image/-/react-image-9.4.5.tgz 9363ms (cache miss)
npm http fetch GET 200 https://registry.vlt.io/vlt-benchmarks/npm/tough-cookie/-/tough-cookie-5.1.2.tgz 9328ms (cache miss)
npm http fetch GET 200 https://registry.vlt.io/vlt-benchmarks/npm/@fluentui/react-persona/-/react-persona-9.7.10.tgz 9484ms (cache miss)
npm http fetch GET 200 https://registry.vlt.io/vlt-benchmarks/npm/@jridgewell/trace-mapping/-/trace-mapping-0.3.31.tgz 9387ms (cache miss)
npm http fetch GET 200 https://registry.vlt.io/vlt-benchmarks/npm/@fluentui/react-textarea/-/react-textarea-9.7.7.tgz 9500ms (cache miss)
npm http fetch GET 200 https://registry.vlt.io/vlt-benchmarks/npm/pretty-format/-/pretty-format-27.5.1.tgz 9357ms (cache miss)
npm http fetch GET 200 https://registry.vlt.io/vlt-benchmarks/npm/mdn-data/-/mdn-data-2.0.28.tgz 9356ms (cache miss)
npm http fetch GET 200 https://registry.vlt.io/vlt-benchmarks/npm/path-scurry/-/path-scurry-1.11.1.tgz 9338ms (cache miss)
npm http fetch GET 200 https://registry.vlt.io/vlt-benchmarks/npm/@fluentui/react-select/-/react-select-9.5.6.tgz 9520ms (cache miss)
npm http fetch GET 200 https://registry.vlt.io/vlt-benchmarks/npm/@yarnpkg/parsers/-/parsers-3.0.2.tgz 9344ms (cache miss)
npm http fetch GET 200 https://registry.vlt.io/vlt-benchmarks/npm/@peculiar/asn1-x509-attr/-/asn1-x509-attr-2.10.0.tgz 9614ms (cache miss)
npm http fetch GET 200 https://registry.vlt.io/vlt-benchmarks/npm/@fluentui/react-divider/-/react-divider-9.7.5.tgz 9529ms (cache miss)
npm http fetch GET 200 https://registry.vlt.io/vlt-benchmarks/npm/@fluentui/react-alert/-/react-alert-9.0.2-beta.1.tgz 9528ms (cache miss)
npm http fetch GET 200 https://registry.vlt.io/vlt-benchmarks/npm/jest-diff/-/jest-diff-29.7.0.tgz 9314ms (cache miss)
npm http fetch GET 200 https://registry.vlt.io/vlt-benchmarks/npm/iconv-lite/-/iconv-lite-0.4.24.tgz 9393ms (cache miss)
npm http fetch GET 200 https://registry.vlt.io/vlt-benchmarks/npm/acorn/-/acorn-8.18.0.tgz 9339ms (cache miss)
npm http fetch GET 200 https://registry.vlt.io/vlt-benchmarks/npm/@typescript-eslint/types/-/types-8.56.1.tgz 9329ms (cache miss)
npm http fetch GET 200 https://registry.vlt.io/vlt-benchmarks/npm/iconv-lite/-/iconv-lite-0.4.24.tgz 9404ms (cache miss)
npm http fetch GET 200 https://registry.vlt.io/vlt-benchmarks/npm/brace-expansion/-/brace-expansion-5.0.8.tgz 9376ms (cache miss)
npm http fetch GET 200 https://registry.vlt.io/vlt-benchmarks/npm/@fluentui/react-switch/-/react-switch-9.7.6.tgz 9599ms (cache miss)
npm http fetch GET 200 https://registry.vlt.io/vlt-benchmarks/npm/@fluentui/react-checkbox/-/react-checkbox-9.6.5.tgz 9606ms (cache miss)
npm http fetch GET 200 https://registry.vlt.io/vlt-benchmarks/npm/@fluentui/react-input/-/react-input-9.8.7.tgz 9625ms (cache miss)
npm http fetch GET 200 https://registry.vlt.io/vlt-benchmarks/npm/@jest/core/-/core-29.7.0.tgz 9526ms (cache miss)
npm http fetch GET 200 https://registry.vlt.io/vlt-benchmarks/npm/fs-extra/-/fs-extra-10.1.0.tgz 9524ms (cache miss)
npm http fetch GET 200 https://registry.vlt.io/vlt-benchmarks/npm/pngjs/-/pngjs-6.0.0.tgz 9507ms (cache miss)
npm http fetch GET 200 https://registry.vlt.io/vlt-benchmarks/npm/ajv-keywords/-/ajv-keywords-3.5.2.tgz 9500ms (cache miss)
npm http fetch GET 200 https://registry.vlt.io/vlt-benchmarks/npm/ajv-keywords/-/ajv-keywords-3.5.2.tgz 9508ms (cache miss)
npm http fetch GET 200 https://registry.vlt.io/vlt-benchmarks/npm/synckit/-/synckit-0.11.13.tgz 9498ms (cache miss)
npm http fetch GET 200 https://registry.vlt.io/vlt-benchmarks/npm/jackspeak/-/jackspeak-3.4.3.tgz 9574ms (cache miss)
npm http fetch GET 200 https://registry.vlt.io/vlt-benchmarks/npm/jest-worker/-/jest-worker-27.5.1.tgz 9566ms (cache miss)
npm http fetch GET 200 https://registry.vlt.io/vlt-benchmarks/npm/semver/-/semver-7.8.5.tgz 9619ms (cache miss)
npm http fetch GET 200 https://registry.vlt.io/vlt-benchmarks/npm/@typescript-eslint/type-utils/-/type-utils-8.71.0.tgz 9645ms (cache miss)
npm http fetch GET 200 https://registry.vlt.io/vlt-benchmarks/npm/bare-url/-/bare-url-2.5.4.tgz 9884ms (cache miss)
npm http fetch GET 200 https://registry.vlt.io/vlt-benchmarks/npm/webpack-sources/-/webpack-sources-3.6.0.tgz 9800ms (cache miss)
npm http fetch GET 200 https://registry.vlt.io/vlt-benchmarks/npm/@fluentui/react-spinner/-/react-spinner-9.8.6.tgz 9845ms (cache miss)
npm http fetch GET 200 https://registry.vlt.io/vlt-benchmarks/npm/argparse/-/argparse-1.0.10.tgz 9686ms (cache miss)
npm http fetch GET 200 https://registry.vlt.io/vlt-benchmarks/npm/argparse/-/argparse-1.0.10.tgz 9684ms (cache miss)
npm http fetch GET 200 https://registry.vlt.io/vlt-benchmarks/npm/@eslint/eslintrc/-/eslintrc-3.3.7.tgz 9749ms (cache miss)
npm http fetch GET 200 https://registry.vlt.io/vlt-benchmarks/npm/argparse/-/argparse-1.0.10.tgz 9704ms (cache miss)
npm http fetch GET 200 https://registry.vlt.io/vlt-benchmarks/npm/async/-/async-3.2.6.tgz 9884ms (cache miss)
npm http fetch GET 200 https://registry.vlt.io/vlt-benchmarks/npm/lru-cache/-/lru-cache-10.4.3.tgz 9794ms (cache miss)
npm http fetch GET 200 https://registry.vlt.io/vlt-benchmarks/npm/argparse/-/argparse-1.0.10.tgz 9795ms (cache miss)
npm http fetch GET 200 https://registry.vlt.io/vlt-benchmarks/npm/lru-cache/-/lru-cache-10.4.3.tgz 9893ms (cache miss)
npm http fetch GET 200 https://registry.vlt.io/vlt-benchmarks/npm/canvas/-/canvas-3.2.3.tgz 9954ms (cache miss)
npm http fetch GET 200 https://registry.vlt.io/vlt-benchmarks/npm/@fluentui/react-slider/-/react-slider-9.6.6.tgz 10110ms (cache miss)
npm http fetch GET 200 https://registry.vlt.io/vlt-benchmarks/npm/@fluentui/react-link/-/react-link-9.8.5.tgz 10124ms (cache miss)
npm http fetch GET 200 https://registry.vlt.io/vlt-benchmarks/npm/js-yaml/-/js-yaml-4.3.2.tgz 10005ms (cache miss)
npm http fetch GET 200 https://registry.vlt.io/vlt-benchmarks/npm/@tootallnate/quickjs-emscripten/-/quickjs-emscripten-0.23.0.tgz 10195ms (cache miss)
npm http fetch GET 200 https://registry.vlt.io/vlt-benchmarks/npm/lunr/-/lunr-2.3.9.tgz 10105ms (cache miss)
npm http fetch GET 200 https://registry.vlt.io/vlt-benchmarks/npm/@fluentui/react-jsx-runtime/-/react-jsx-runtime-9.4.6.tgz 10155ms (cache miss)
npm http fetch GET 200 https://registry.vlt.io/vlt-benchmarks/npm/istanbul-reports/-/istanbul-reports-3.2.0.tgz 10065ms (cache miss)
npm http fetch GET 200 https://registry.vlt.io/vlt-benchmarks/npm/@babel/generator/-/generator-7.29.8.tgz 10082ms (cache miss)
npm http fetch GET 200 https://registry.vlt.io/vlt-benchmarks/npm/puppeteer/-/puppeteer-22.15.0.tgz 10198ms (cache miss)
npm warn deprecated puppeteer@22.15.0: < 24.15.0 is no longer supported
npm http fetch GET 200 https://registry.vlt.io/vlt-benchmarks/npm/enquirer/-/enquirer-2.3.6.tgz 10069ms (cache miss)
npm http fetch GET 200 https://registry.vlt.io/vlt-benchmarks/npm/@tybys/wasm-util/-/wasm-util-0.9.0.tgz 10158ms (cache miss)
npm http fetch GET 200 https://registry.vlt.io/vlt-benchmarks/npm/svgo/-/svgo-3.3.5.tgz 10264ms (cache miss)
npm http fetch GET 200 https://registry.vlt.io/vlt-benchmarks/npm/rollup/-/rollup-4.63.6.tgz 10222ms (cache miss)
npm http fetch GET 200 https://registry.vlt.io/vlt-benchmarks/npm/vite/-/vite-6.4.3.tgz 10241ms (cache miss)
npm http fetch GET 200 https://registry.vlt.io/vlt-benchmarks/npm/@fluentui/react-progress/-/react-progress-9.5.6.tgz 10276ms (cache miss)
npm http fetch GET 200 https://registry.vlt.io/vlt-benchmarks/npm/yargs/-/yargs-17.7.3.tgz 10196ms (cache miss)
npm http fetch GET 200 https://registry.vlt.io/vlt-benchmarks/npm/@fluentui/react-provider/-/react-provider-9.22.21.tgz 10322ms (cache miss)
npm http fetch GET 200 https://registry.vlt.io/vlt-benchmarks/npm/@fluentui/react-spinbutton/-/react-spinbutton-9.6.7.tgz 10332ms (cache miss)
npm http fetch GET 200 https://registry.vlt.io/vlt-benchmarks/npm/winston/-/winston-3.13.0.tgz 10235ms (cache miss)
npm http fetch GET 200 https://registry.vlt.io/vlt-benchmarks/npm/semver/-/semver-7.7.4.tgz 10163ms (cache miss)
npm http fetch GET 200 https://registry.vlt.io/vlt-benchmarks/npm/uuid/-/uuid-8.3.2.tgz 10320ms (cache miss)
npm http fetch GET 200 https://registry.vlt.io/vlt-benchmarks/npm/terser/-/terser-5.51.2.tgz 10376ms (cache miss)
npm warn deprecated uuid@8.3.2: uuid@10 and below is no longer supported.  For ESM codebases, update to uuid@latest.  For CommonJS codebases, use uuid@11 (but be aware this version will likely be deprecated in 2028).
npm http fetch GET 200 https://registry.vlt.io/vlt-benchmarks/npm/@fluentui/react-tooltip/-/react-tooltip-9.10.7.tgz 10472ms (cache miss)
npm http fetch GET 200 https://registry.vlt.io/vlt-benchmarks/npm/lit-element/-/lit-element-4.2.2.tgz 10518ms (cache miss)
npm http fetch GET 200 https://registry.vlt.io/vlt-benchmarks/npm/@fluentui/react-field/-/react-field-9.5.5.tgz 10500ms (cache miss)
npm http fetch GET 200 https://registry.vlt.io/vlt-benchmarks/npm/@babylonjs/havok/-/havok-1.3.14.tgz 10487ms (cache miss)
npm http fetch GET 200 https://registry.vlt.io/vlt-benchmarks/npm/@memlab/heap-analysis/-/heap-analysis-1.0.40.tgz 10554ms (cache miss)
npm http fetch GET 200 https://registry.vlt.io/vlt-benchmarks/npm/@bcoe/v8-coverage/-/v8-coverage-0.2.3.tgz 10462ms (cache miss)
npm http fetch GET 200 https://registry.vlt.io/vlt-benchmarks/npm/eslint-plugin-github/-/eslint-plugin-github-6.1.2.tgz 10437ms (cache miss)
npm http fetch GET 200 https://registry.vlt.io/vlt-benchmarks/npm/renderkid/-/renderkid-3.0.0.tgz 10727ms (cache miss)
npm http fetch GET 200 https://registry.vlt.io/vlt-benchmarks/npm/fs-extra/-/fs-extra-4.0.3.tgz 10516ms (cache miss)
npm http fetch GET 200 https://registry.vlt.io/vlt-benchmarks/npm/fs-extra/-/fs-extra-4.0.3.tgz 10521ms (cache miss)
npm http fetch GET 200 https://registry.vlt.io/vlt-benchmarks/npm/fs-extra/-/fs-extra-4.0.3.tgz 10529ms (cache miss)
npm http fetch GET 200 https://registry.vlt.io/vlt-benchmarks/npm/js-yaml/-/js-yaml-3.15.2.tgz 10628ms (cache miss)
npm http fetch GET 200 https://registry.vlt.io/vlt-benchmarks/npm/tldts/-/tldts-6.1.86.tgz 10772ms (cache miss)
npm http fetch GET 200 https://registry.vlt.io/vlt-benchmarks/npm/fs-extra/-/fs-extra-4.0.3.tgz 10652ms (cache miss)
npm http fetch GET 200 https://registry.vlt.io/vlt-benchmarks/npm/fs-extra/-/fs-extra-4.0.3.tgz 10652ms (cache miss)
npm http fetch GET 200 https://registry.vlt.io/vlt-benchmarks/npm/js-yaml/-/js-yaml-3.15.2.tgz 10641ms (cache miss)
npm http fetch GET 200 https://registry.vlt.io/vlt-benchmarks/npm/axe-core/-/axe-core-4.13.0.tgz 10714ms (cache miss)
npm http fetch GET 200 https://registry.vlt.io/vlt-benchmarks/npm/js-yaml/-/js-yaml-3.15.2.tgz 10655ms (cache miss)
npm http fetch GET 200 https://registry.vlt.io/vlt-benchmarks/npm/fs-extra/-/fs-extra-4.0.3.tgz 10693ms (cache miss)
npm http fetch GET 200 https://registry.vlt.io/vlt-benchmarks/npm/fast-glob/-/fast-glob-3.3.3.tgz 10749ms (cache miss)
npm http fetch GET 200 https://registry.vlt.io/vlt-benchmarks/npm/js-yaml/-/js-yaml-3.15.2.tgz 10718ms (cache miss)
npm http fetch GET 200 https://registry.vlt.io/vlt-benchmarks/npm/blessed/-/blessed-0.1.81.tgz 10962ms (cache miss)
npm http fetch GET 200 https://registry.vlt.io/vlt-benchmarks/npm/react-dom/-/react-dom-18.3.1.tgz 10931ms (cache miss)
npm http fetch GET 200 https://registry.vlt.io/vlt-benchmarks/npm/yargs/-/yargs-15.4.1.tgz 10781ms (cache miss)
npm http fetch GET 200 https://registry.vlt.io/vlt-benchmarks/npm/serve-index/-/serve-index-1.9.2.tgz 11026ms (cache miss)
npm http fetch GET 200 https://registry.vlt.io/vlt-benchmarks/npm/prompts/-/prompts-2.4.2.tgz 10876ms (cache miss)
npm http fetch GET 200 https://registry.vlt.io/vlt-benchmarks/npm/uri-js/-/uri-js-4.4.1.tgz 10836ms (cache miss)
npm http fetch GET 200 https://registry.vlt.io/vlt-benchmarks/npm/minimatch/-/minimatch-10.2.6.tgz 10853ms (cache miss)
npm http fetch GET 200 https://registry.vlt.io/vlt-benchmarks/npm/tsconfig-paths/-/tsconfig-paths-3.15.0.tgz 10921ms (cache miss)
npm http fetch GET 200 https://registry.vlt.io/vlt-benchmarks/npm/@fluentui/react-shared-contexts/-/react-shared-contexts-9.26.4.tgz 11043ms (cache miss)
npm http fetch GET 200 https://registry.vlt.io/vlt-benchmarks/npm/domutils/-/domutils-3.2.2.tgz 10900ms (cache miss)
npm http fetch GET 200 https://registry.vlt.io/vlt-benchmarks/npm/ssim.js/-/ssim.js-3.5.0.tgz 11153ms (cache miss)
npm http fetch GET 200 https://registry.vlt.io/vlt-benchmarks/npm/csso/-/csso-5.0.5.tgz 11193ms (cache miss)
npm http fetch GET 200 https://registry.vlt.io/vlt-benchmarks/npm/@fluentui/react-portal/-/react-portal-9.8.16.tgz 10989ms (cache miss)
npm http fetch GET 200 https://registry.vlt.io/vlt-benchmarks/npm/@fluentui/react-portal/-/react-portal-9.8.16.tgz 10988ms (cache miss)
npm http fetch GET 200 https://registry.vlt.io/vlt-benchmarks/npm/markdown-it/-/markdown-it-14.3.2.tgz 11130ms (cache miss)
npm http fetch GET 200 https://registry.vlt.io/vlt-benchmarks/npm/@fluentui/react-portal/-/react-portal-9.8.16.tgz 11002ms (cache miss)
npm http fetch GET 200 https://registry.vlt.io/vlt-benchmarks/npm/@fluentui/react-portal/-/react-portal-9.8.16.tgz 11008ms (cache miss)
npm http fetch GET 200 https://registry.vlt.io/vlt-benchmarks/npm/@fluentui/react-portal/-/react-portal-9.8.16.tgz 11009ms (cache miss)
npm http fetch GET 200 https://registry.vlt.io/vlt-benchmarks/npm/@fluentui/react-portal/-/react-portal-9.8.16.tgz 11009ms (cache miss)
npm http fetch GET 200 https://registry.vlt.io/vlt-benchmarks/npm/yargs/-/yargs-17.7.2.tgz 10962ms (cache miss)
npm http fetch GET 200 https://registry.vlt.io/vlt-benchmarks/npm/minimatch/-/minimatch-9.0.3.tgz 11011ms (cache miss)
npm http fetch GET 200 https://registry.vlt.io/vlt-benchmarks/npm/minimatch/-/minimatch-9.0.9.tgz 11023ms (cache miss)
npm http fetch GET 200 https://registry.vlt.io/vlt-benchmarks/npm/@fluentui/react-portal/-/react-portal-9.8.16.tgz 11053ms (cache miss)
npm http fetch GET 200 https://registry.vlt.io/vlt-benchmarks/npm/@babel/traverse/-/traverse-7.29.8.tgz 11161ms (cache miss)
npm http fetch GET 200 https://registry.vlt.io/vlt-benchmarks/npm/tsconfig-paths/-/tsconfig-paths-4.2.0.tgz 11131ms (cache miss)
npm http fetch GET 200 https://registry.vlt.io/vlt-benchmarks/npm/minimatch/-/minimatch-9.0.3.tgz 11133ms (cache miss)
npm http fetch GET 200 https://registry.vlt.io/vlt-benchmarks/npm/parse5/-/parse5-7.3.0.tgz 11278ms (cache miss)
npm http fetch GET 200 https://registry.vlt.io/vlt-benchmarks/npm/@peculiar/utils/-/utils-2.0.3.tgz 11442ms (cache miss)
npm http fetch GET 200 https://registry.vlt.io/vlt-benchmarks/npm/@fluentui/react-aria/-/react-aria-9.17.15.tgz 11374ms (cache miss)
npm http fetch GET 200 https://registry.vlt.io/vlt-benchmarks/npm/glob/-/glob-12.0.0.tgz 11362ms (cache miss)
npm http fetch GET 200 https://registry.vlt.io/vlt-benchmarks/npm/html-minifier-terser/-/html-minifier-terser-7.2.0.tgz 11358ms (cache miss)
npm http fetch GET 200 https://registry.vlt.io/vlt-benchmarks/npm/@types/node/-/node-26.6.4.tgz 11376ms (cache miss)
npm http fetch GET 200 https://registry.vlt.io/vlt-benchmarks/npm/@fluentui/react-infolabel/-/react-infolabel-9.4.27.tgz 11529ms (cache miss)
npm http fetch GET 200 https://registry.vlt.io/vlt-benchmarks/npm/enhanced-resolve/-/enhanced-resolve-5.26.0.tgz 11504ms (cache miss)
npm http fetch GET 200 https://registry.vlt.io/vlt-benchmarks/npm/tldts-core/-/tldts-core-6.1.86.tgz 11521ms (cache miss)
npm http fetch GET 200 https://registry.vlt.io/vlt-benchmarks/npm/entities/-/entities-4.5.0.tgz 11413ms (cache miss)
npm http fetch GET 200 https://registry.vlt.io/vlt-benchmarks/npm/@fluentui/react-infobutton/-/react-infobutton-9.0.1-beta.1.tgz 11578ms (cache miss)
npm http fetch GET 200 https://registry.vlt.io/vlt-benchmarks/npm/cssstyle/-/cssstyle-4.6.0.tgz 11523ms (cache miss)
npm http fetch GET 200 https://registry.vlt.io/vlt-benchmarks/npm/minimatch/-/minimatch-10.2.5.tgz 11378ms (cache miss)
npm http fetch GET 200 https://registry.vlt.io/vlt-benchmarks/npm/minimatch/-/minimatch-9.0.3.tgz 11370ms (cache miss)
npm http fetch GET 200 https://registry.vlt.io/vlt-benchmarks/npm/entities/-/entities-4.5.0.tgz 11438ms (cache miss)
npm http fetch GET 200 https://registry.vlt.io/vlt-benchmarks/npm/entities/-/entities-4.5.0.tgz 11450ms (cache miss)
npm http fetch GET 200 https://registry.vlt.io/vlt-benchmarks/npm/tsconfig-paths/-/tsconfig-paths-4.2.0.tgz 11408ms (cache miss)
npm http fetch GET 200 https://registry.vlt.io/vlt-benchmarks/npm/tsconfig-paths/-/tsconfig-paths-4.2.0.tgz 11411ms (cache miss)
npm http fetch GET 200 https://registry.vlt.io/vlt-benchmarks/npm/tsconfig-paths/-/tsconfig-paths-4.2.0.tgz 11457ms (cache miss)
npm http fetch GET 200 https://registry.vlt.io/vlt-benchmarks/npm/@fluentui/react-skeleton/-/react-skeleton-9.7.6.tgz 11713ms (cache miss)
npm http fetch GET 200 https://registry.vlt.io/vlt-benchmarks/npm/@typescript-eslint/typescript-estree/-/typescript-estree-8.71.0.tgz 11583ms (cache miss)
npm http fetch GET 200 https://registry.vlt.io/vlt-benchmarks/npm/entities/-/entities-4.5.0.tgz 11541ms (cache miss)
npm http fetch GET 200 https://registry.vlt.io/vlt-benchmarks/npm/entities/-/entities-6.0.1.tgz 11687ms (cache miss)
npm http fetch GET 200 https://registry.vlt.io/vlt-benchmarks/npm/glob/-/glob-10.5.0.tgz 11566ms (cache miss)
npm http fetch GET 200 https://registry.vlt.io/vlt-benchmarks/npm/@fluentui/react-radio/-/react-radio-9.6.6.tgz 11759ms (cache miss)
npm warn deprecated glob@10.5.0: Old versions of glob are not supported, and contain widely publicized security vulnerabilities, which have been fixed in the current version. Please update. Support for old versions may be purchased (at exorbitant rates) by contacting i@izs.me
npm http fetch GET 200 https://registry.vlt.io/vlt-benchmarks/npm/@fluentui/react-motion/-/react-motion-9.16.4.tgz 11769ms (cache miss)
npm http fetch GET 200 https://registry.vlt.io/vlt-benchmarks/npm/embla-carousel/-/embla-carousel-8.6.0.tgz 11820ms (cache miss)
npm http fetch GET 200 https://registry.vlt.io/vlt-benchmarks/npm/sass/-/sass-1.105.1.tgz 11862ms (cache miss)
npm http fetch GET 200 https://registry.vlt.io/vlt-benchmarks/npm/ts-jest/-/ts-jest-29.1.5.tgz 11752ms (cache miss)
npm http fetch GET 200 https://registry.vlt.io/vlt-benchmarks/npm/@typescript-eslint/utils/-/utils-8.71.0.tgz 11781ms (cache miss)
npm http fetch GET 200 https://registry.vlt.io/vlt-benchmarks/npm/glob/-/glob-11.1.0.tgz 11719ms (cache miss)
npm http fetch GET 200 https://registry.vlt.io/vlt-benchmarks/npm/gif.js.optimized/-/gif.js.optimized-1.0.1.tgz 11919ms (cache miss)
npm http fetch GET 200 https://registry.vlt.io/vlt-benchmarks/npm/@asamuzakjp/css-color/-/css-color-3.2.0.tgz 11879ms (cache miss)
npm http fetch GET 200 https://registry.vlt.io/vlt-benchmarks/npm/pure-rand/-/pure-rand-6.1.0.tgz 11873ms (cache miss)
npm warn deprecated glob@11.1.0: Old versions of glob are not supported, and contain widely publicized security vulnerabilities, which have been fixed in the current version. Please update. Support for old versions may be purchased (at exorbitant rates) by contacting i@izs.me
npm http fetch GET 200 https://registry.vlt.io/vlt-benchmarks/npm/@shikijs/themes/-/themes-3.23.0.tgz 11923ms (cache miss)
npm http fetch GET 200 https://registry.vlt.io/vlt-benchmarks/npm/@noble/hashes/-/hashes-1.8.0.tgz 12063ms (cache miss)
npm http fetch GET 200 https://registry.vlt.io/vlt-benchmarks/npm/ts-node/-/ts-node-10.9.2.tgz 11876ms (cache miss)
npm http fetch GET 200 https://registry.vlt.io/vlt-benchmarks/npm/@napi-rs/wasm-runtime/-/wasm-runtime-0.2.4.tgz 11986ms (cache miss)
npm http fetch GET 200 https://registry.vlt.io/vlt-benchmarks/npm/@fortawesome/free-regular-svg-icons/-/free-regular-svg-icons-6.7.2.tgz 12049ms (cache miss)
npm http fetch GET 200 https://registry.vlt.io/vlt-benchmarks/npm/@fluentui/react-overflow/-/react-overflow-9.9.4.tgz 12072ms (cache miss)
npm http fetch GET 200 https://registry.vlt.io/vlt-benchmarks/npm/@isaacs/cliui/-/cliui-9.0.0.tgz 11987ms (cache miss)
npm http fetch GET 200 https://registry.vlt.io/vlt-benchmarks/npm/axios/-/axios-1.18.1.tgz 12094ms (cache miss)
npm http fetch GET 200 https://registry.vlt.io/vlt-benchmarks/npm/@typescript-eslint/typescript-estree/-/typescript-estree-8.56.1.tgz 11938ms (cache miss)
npm http fetch GET 200 https://registry.vlt.io/vlt-benchmarks/npm/ts-patch/-/ts-patch-3.3.0.tgz 12019ms (cache miss)
npm http fetch GET 200 https://registry.vlt.io/vlt-benchmarks/npm/@fluentui/react-tabs/-/react-tabs-9.12.5.tgz 12179ms (cache miss)
npm http fetch GET 200 https://registry.vlt.io/vlt-benchmarks/npm/@fluentui/react-tabster/-/react-tabster-9.26.18.tgz 12304ms (cache miss)
npm http fetch GET 200 https://registry.vlt.io/vlt-benchmarks/npm/ajv/-/ajv-6.15.0.tgz 12219ms (cache miss)
npm http fetch GET 200 https://registry.vlt.io/vlt-benchmarks/npm/@jsonjoy.com/buffers/-/buffers-17.67.0.tgz 12492ms (cache miss)
npm http fetch GET 200 https://registry.vlt.io/vlt-benchmarks/npm/jsx-ast-utils/-/jsx-ast-utils-3.3.5.tgz 12278ms (cache miss)
npm http fetch GET 200 https://registry.vlt.io/vlt-benchmarks/npm/ajv/-/ajv-6.15.0.tgz 12238ms (cache miss)
npm http fetch GET 200 https://registry.vlt.io/vlt-benchmarks/npm/@typescript-eslint/utils/-/utils-8.56.1.tgz 12235ms (cache miss)
npm http fetch GET 200 https://registry.vlt.io/vlt-benchmarks/npm/@fluentui/react-badge/-/react-badge-9.5.6.tgz 12464ms (cache miss)
npm http fetch GET 200 https://registry.vlt.io/vlt-benchmarks/npm/@esbuild/linux-arm64/-/linux-arm64-0.25.12.tgz 12541ms (cache miss)
npm http fetch GET 200 https://registry.vlt.io/vlt-benchmarks/npm/@fluentui/react-popover/-/react-popover-9.14.9.tgz 12510ms (cache miss)
npm http fetch GET 200 https://registry.vlt.io/vlt-benchmarks/npm/resolve/-/resolve-1.22.12.tgz 12350ms (cache miss)
npm http fetch GET 200 https://registry.vlt.io/vlt-benchmarks/npm/ajv/-/ajv-6.15.0.tgz 12326ms (cache miss)
npm http fetch GET 200 https://registry.vlt.io/vlt-benchmarks/npm/resolve/-/resolve-1.22.12.tgz 12391ms (cache miss)
npm http fetch GET 200 https://registry.vlt.io/vlt-benchmarks/npm/resolve/-/resolve-1.22.12.tgz 12391ms (cache miss)
npm http fetch GET 200 https://registry.vlt.io/vlt-benchmarks/npm/resolve/-/resolve-2.0.0-next.7.tgz 12470ms (cache miss)
npm http fetch GET 200 https://registry.vlt.io/vlt-benchmarks/npm/resolve/-/resolve-1.22.12.tgz 12425ms (cache miss)
npm http fetch GET 200 https://registry.vlt.io/vlt-benchmarks/npm/ajv/-/ajv-6.15.0.tgz 12385ms (cache miss)
npm http fetch GET 200 https://registry.vlt.io/vlt-benchmarks/npm/@fluentui/react-list/-/react-list-9.6.19.tgz 12636ms (cache miss)
npm http fetch GET 200 https://registry.vlt.io/vlt-benchmarks/npm/resolve/-/resolve-1.22.12.tgz 12453ms (cache miss)
npm http fetch GET 200 https://registry.vlt.io/vlt-benchmarks/npm/resolve/-/resolve-1.22.12.tgz 12464ms (cache miss)
npm http fetch GET 200 https://registry.vlt.io/vlt-benchmarks/npm/@nx/devkit/-/devkit-19.8.4.tgz 12500ms (cache miss)
npm http fetch GET 200 https://registry.vlt.io/vlt-benchmarks/npm/resolve/-/resolve-1.22.12.tgz 12485ms (cache miss)
npm http fetch GET 200 https://registry.vlt.io/vlt-benchmarks/npm/dnd-core/-/dnd-core-15.0.1.tgz 12768ms (cache miss)
npm http fetch GET 200 https://registry.vlt.io/vlt-benchmarks/npm/@memlab/api/-/api-1.0.42.tgz 12766ms (cache miss)
npm http fetch GET 200 https://registry.vlt.io/vlt-benchmarks/npm/@jsonjoy.com/util/-/util-17.67.0.tgz 12580ms (cache miss)
npm http fetch GET 200 https://registry.vlt.io/vlt-benchmarks/npm/@nx/devkit/-/devkit-19.8.4.tgz 12552ms (cache miss)
npm http fetch GET 200 https://registry.vlt.io/vlt-benchmarks/npm/@peculiar/asn1-x509/-/asn1-x509-2.10.0.tgz 12881ms (cache miss)
npm http fetch GET 200 https://registry.vlt.io/vlt-benchmarks/npm/@lit/reactive-element/-/reactive-element-2.1.2.tgz 12882ms (cache miss)
npm http fetch GET 200 https://registry.vlt.io/vlt-benchmarks/npm/css-select/-/css-select-5.2.2.tgz 12679ms (cache miss)
npm http fetch GET 200 https://registry.vlt.io/vlt-benchmarks/npm/@fluentui/react-rating/-/react-rating-9.4.6.tgz 12867ms (cache miss)
npm http fetch GET 200 https://registry.vlt.io/vlt-benchmarks/npm/jsdoc-type-pratt-parser/-/jsdoc-type-pratt-parser-4.1.0.tgz 12831ms (cache miss)
npm http fetch GET 200 https://registry.vlt.io/vlt-benchmarks/npm/ajv-keywords/-/ajv-keywords-5.1.0.tgz 12977ms (cache miss)
npm http fetch GET 200 https://registry.vlt.io/vlt-benchmarks/npm/rimraf/-/rimraf-6.0.1.tgz 12922ms (cache miss)
npm http fetch GET 200 https://registry.vlt.io/vlt-benchmarks/npm/@babel/core/-/core-7.29.7.tgz 12975ms (cache miss)
npm http fetch GET 200 https://registry.vlt.io/vlt-benchmarks/npm/clean-css/-/clean-css-5.3.3.tgz 13116ms (cache miss)
npm http fetch GET 200 https://registry.vlt.io/vlt-benchmarks/npm/eslint-plugin-jest/-/eslint-plugin-jest-28.11.2.tgz 12969ms (cache miss)
npm http fetch GET 200 https://registry.vlt.io/vlt-benchmarks/npm/comment-parser/-/comment-parser-1.4.1.tgz 13024ms (cache miss)
npm http fetch GET 200 https://registry.vlt.io/vlt-benchmarks/npm/eslint-plugin-import/-/eslint-plugin-import-2.32.0.tgz 12996ms (cache miss)
npm http fetch GET 200 https://registry.vlt.io/vlt-benchmarks/npm/@jsonjoy.com/buffers/-/buffers-1.2.1.tgz 12998ms (cache miss)
npm http fetch GET 200 https://registry.vlt.io/vlt-benchmarks/npm/@jsonjoy.com/buffers/-/buffers-1.2.1.tgz 12999ms (cache miss)
npm http fetch GET 200 https://registry.vlt.io/vlt-benchmarks/npm/@fluentui/tokens/-/tokens-1.0.0-alpha.24.tgz 13169ms (cache miss)
npm http fetch GET 200 https://registry.vlt.io/vlt-benchmarks/npm/@nx/nx-linux-arm64-gnu/-/nx-linux-arm64-gnu-19.8.4.tgz 12957ms (cache miss)
npm http fetch GET 200 https://registry.vlt.io/vlt-benchmarks/npm/@nx/nx-linux-arm64-gnu/-/nx-linux-arm64-gnu-19.8.4.tgz 12957ms (cache miss)
npm http fetch GET 200 https://registry.vlt.io/vlt-benchmarks/npm/@puppeteer/browsers/-/browsers-2.3.0.tgz 13278ms (cache miss)
npm http fetch GET 200 https://registry.vlt.io/vlt-benchmarks/npm/@babel/runtime/-/runtime-7.29.7.tgz 13484ms (cache miss)
npm http fetch GET 200 https://registry.vlt.io/vlt-benchmarks/npm/@dnd-kit/core/-/core-6.3.1.tgz 13454ms (cache miss)
npm http fetch GET 200 https://registry.vlt.io/vlt-benchmarks/npm/prettier/-/prettier-3.9.9.tgz 13353ms (cache miss)
npm http fetch GET 200 https://registry.vlt.io/vlt-benchmarks/npm/@fluentui/react-card/-/react-card-9.7.3.tgz 13527ms (cache miss)
npm http fetch GET 200 https://registry.vlt.io/vlt-benchmarks/npm/@memlab/e2e/-/e2e-1.0.43.tgz 13586ms (cache miss)
npm http fetch GET 200 https://registry.vlt.io/vlt-benchmarks/npm/axobject-query/-/axobject-query-4.1.0.tgz 13432ms (cache miss)
npm http fetch GET 200 https://registry.vlt.io/vlt-benchmarks/npm/@fluentui/react-motion-components-preview/-/react-motion-components-preview-0.15.9.tgz 13550ms (cache miss)
npm http fetch GET 200 https://registry.vlt.io/vlt-benchmarks/npm/tsyringe/-/tsyringe-4.10.0.tgz 13636ms (cache miss)
npm http fetch GET 200 https://registry.vlt.io/vlt-benchmarks/npm/@fluentui/react-breadcrumb/-/react-breadcrumb-9.4.6.tgz 13549ms (cache miss)
npm http fetch GET 200 https://registry.vlt.io/vlt-benchmarks/npm/@fluentui/react-accordion/-/react-accordion-9.12.4.tgz 13655ms (cache miss)
npm http fetch GET 200 https://registry.vlt.io/vlt-benchmarks/npm/@jsonjoy.com/util/-/util-1.9.0.tgz 13765ms (cache miss)
npm http fetch GET 200 https://registry.vlt.io/vlt-benchmarks/npm/@nx/nx-linux-arm64-gnu/-/nx-linux-arm64-gnu-20.8.4.tgz 13531ms (cache miss)
npm http fetch GET 200 https://registry.vlt.io/vlt-benchmarks/npm/@fluentui/react-positioning/-/react-positioning-9.23.3.tgz 13799ms (cache miss)
npm http fetch GET 200 https://registry.vlt.io/vlt-benchmarks/npm/@fluentui/react-avatar/-/react-avatar-9.11.8.tgz 13835ms (cache miss)
npm http fetch GET 200 https://registry.vlt.io/vlt-benchmarks/npm/lit/-/lit-3.3.3.tgz 13847ms (cache miss)
npm http fetch GET 200 https://registry.vlt.io/vlt-benchmarks/npm/lru-cache/-/lru-cache-11.5.3.tgz 13752ms (cache miss)
npm http fetch GET 200 https://registry.vlt.io/vlt-benchmarks/npm/@babel/types/-/types-7.29.8.tgz 13964ms (cache miss)
npm http fetch GET 200 https://registry.vlt.io/vlt-benchmarks/npm/@fluentui/react-swatch-picker/-/react-swatch-picker-9.6.2.tgz 14103ms (cache miss)
npm http fetch GET 200 https://registry.vlt.io/vlt-benchmarks/npm/@fluentui/react-color-picker/-/react-color-picker-9.3.1.tgz 14116ms (cache miss)
npm http fetch GET 200 https://registry.vlt.io/vlt-benchmarks/npm/@fluentui/react-button/-/react-button-9.11.1.tgz 14180ms (cache miss)
npm http fetch GET 200 https://registry.vlt.io/vlt-benchmarks/npm/@fluentui/react-tags/-/react-tags-9.9.7.tgz 14256ms (cache miss)
npm http fetch GET 200 https://registry.vlt.io/vlt-benchmarks/npm/react-dnd/-/react-dnd-15.0.1.tgz 14281ms (cache miss)
npm http fetch GET 200 https://registry.vlt.io/vlt-benchmarks/npm/eslint-plugin-jsdoc/-/eslint-plugin-jsdoc-50.8.0.tgz 14172ms (cache miss)
npm http fetch GET 200 https://registry.vlt.io/vlt-benchmarks/npm/@fluentui/react-message-bar/-/react-message-bar-9.7.7.tgz 14322ms (cache miss)
npm http fetch GET 200 https://registry.vlt.io/vlt-benchmarks/npm/@fluentui/react-toolbar/-/react-toolbar-9.8.5.tgz 14384ms (cache miss)
npm http fetch GET 200 https://registry.vlt.io/vlt-benchmarks/npm/@fluentui/react-virtualizer/-/react-virtualizer-9.0.0-alpha.116.tgz 14213ms (cache miss)
npm http fetch GET 200 https://registry.vlt.io/vlt-benchmarks/npm/@fluentui/react-utilities/-/react-utilities-9.26.7.tgz 14410ms (cache miss)
npm http fetch GET 200 https://registry.vlt.io/vlt-benchmarks/npm/playwright/-/playwright-1.57.0.tgz 14312ms (cache miss)
npm http fetch GET 200 https://registry.vlt.io/vlt-benchmarks/npm/regenerate-unicode-properties/-/regenerate-unicode-properties-10.3.0.tgz 14532ms (cache miss)
npm http fetch GET 200 https://registry.vlt.io/vlt-benchmarks/npm/@babel/helpers/-/helpers-7.29.7.tgz 14412ms (cache miss)
npm http fetch GET 200 https://registry.vlt.io/vlt-benchmarks/npm/@fluentui-contrib/react-virtualizer/-/react-virtualizer-0.5.4.tgz 14506ms (cache miss)
npm http fetch GET 200 https://registry.vlt.io/vlt-benchmarks/npm/aria-query/-/aria-query-5.3.2.tgz 14477ms (cache miss)
npm http fetch GET 200 https://registry.vlt.io/vlt-benchmarks/npm/@nx/workspace/-/workspace-19.8.4.tgz 14465ms (cache miss)
npm http fetch GET 200 https://registry.vlt.io/vlt-benchmarks/npm/@swc/helpers/-/helpers-0.5.23.tgz 14580ms (cache miss)
npm http fetch GET 200 https://registry.vlt.io/vlt-benchmarks/npm/yaml/-/yaml-2.9.0.tgz 14573ms (cache miss)
npm http fetch GET 200 https://registry.vlt.io/vlt-benchmarks/npm/eslint-plugin-jsx-a11y/-/eslint-plugin-jsx-a11y-6.10.2.tgz 14538ms (cache miss)
npm http fetch GET 200 https://registry.vlt.io/vlt-benchmarks/npm/css-tree/-/css-tree-2.3.1.tgz 14965ms (cache miss)
npm http fetch GET 200 https://registry.vlt.io/vlt-benchmarks/npm/tabster/-/tabster-8.8.1.tgz 14917ms (cache miss)
npm http fetch GET 200 https://registry.vlt.io/vlt-benchmarks/npm/lit-html/-/lit-html-3.3.3.tgz 15033ms (cache miss)
npm http fetch GET 200 https://registry.vlt.io/vlt-benchmarks/npm/@memlab/core/-/core-1.1.43.tgz 15079ms (cache miss)
npm http fetch GET 200 https://registry.vlt.io/vlt-benchmarks/npm/css-tree/-/css-tree-2.2.1.tgz 14891ms (cache miss)
npm http fetch GET 200 https://registry.vlt.io/vlt-benchmarks/npm/@fluentui/react-dialog/-/react-dialog-9.18.5.tgz 15109ms (cache miss)
npm http fetch GET 200 https://registry.vlt.io/vlt-benchmarks/npm/@fluentui/react-combobox/-/react-combobox-9.17.7.tgz 15005ms (cache miss)
npm http fetch GET 200 https://registry.vlt.io/vlt-benchmarks/npm/@nx/nx-linux-arm64-gnu/-/nx-linux-arm64-gnu-22.7.12.tgz 15163ms (cache miss)
npm http fetch GET 200 https://registry.vlt.io/vlt-benchmarks/npm/@typescript-eslint/scope-manager/-/scope-manager-8.56.1.tgz 15181ms (cache miss)
npm http fetch GET 200 https://registry.vlt.io/vlt-benchmarks/npm/@typescript-eslint/scope-manager/-/scope-manager-8.71.0.tgz 15289ms (cache miss)
npm http fetch GET 200 https://registry.vlt.io/vlt-benchmarks/npm/lodash/-/lodash-4.18.1.tgz 15512ms (cache miss)
npm http fetch GET 200 https://registry.vlt.io/vlt-benchmarks/npm/typedoc/-/typedoc-0.28.20.tgz 15398ms (cache miss)
npm http fetch GET 200 https://registry.vlt.io/vlt-benchmarks/npm/@fluentui/react-tag-picker/-/react-tag-picker-9.10.5.tgz 15370ms (cache miss)
npm http fetch GET 200 https://registry.vlt.io/vlt-benchmarks/npm/@microsoft/tsdoc/-/tsdoc-0.17.1.tgz 15506ms (cache miss)
npm http fetch GET 200 https://registry.vlt.io/vlt-benchmarks/npm/@memlab/cli/-/cli-1.0.45.tgz 15689ms (cache miss)
npm http fetch GET 200 https://registry.vlt.io/vlt-benchmarks/npm/@fluentui/react-drawer/-/react-drawer-9.13.4.tgz 15654ms (cache miss)
npm http fetch GET 200 https://registry.vlt.io/vlt-benchmarks/npm/@griffel/core/-/core-1.21.4.tgz 15670ms (cache miss)
npm http fetch GET 200 https://registry.vlt.io/vlt-benchmarks/npm/@fluentui/react-tree/-/react-tree-9.16.8.tgz 15516ms (cache miss)
npm http fetch GET 200 https://registry.vlt.io/vlt-benchmarks/npm/typescript/-/typescript-5.9.3.tgz 15547ms (cache miss)
npm http fetch GET 200 https://registry.vlt.io/vlt-benchmarks/npm/@fluentui/react-toast/-/react-toast-9.8.4.tgz 15823ms (cache miss)
npm http fetch GET 200 https://registry.vlt.io/vlt-benchmarks/npm/typescript/-/typescript-6.0.3.tgz 15611ms (cache miss)
npm http fetch GET 200 https://registry.vlt.io/vlt-benchmarks/npm/@fluentui/react-carousel/-/react-carousel-9.9.14.tgz 15978ms (cache miss)
npm http fetch GET 200 https://registry.vlt.io/vlt-benchmarks/npm/eslint/-/eslint-9.39.5.tgz 16008ms (cache miss)
npm warn deprecated eslint@9.39.5: This version is no longer supported. Please see https://eslint.org/version-support for other options.
npm http fetch GET 200 https://registry.vlt.io/vlt-benchmarks/npm/playwright-core/-/playwright-core-1.57.0.tgz 16164ms (cache miss)
npm http fetch GET 200 https://registry.vlt.io/vlt-benchmarks/npm/@shikijs/langs/-/langs-3.23.0.tgz 16247ms (cache miss)
npm http fetch GET 200 https://registry.vlt.io/vlt-benchmarks/npm/chromium-bidi/-/chromium-bidi-0.6.3.tgz 16343ms (cache miss)
npm http fetch GET 200 https://registry.vlt.io/vlt-benchmarks/npm/@typescript-eslint/eslint-plugin/-/eslint-plugin-8.71.0.tgz 16231ms (cache miss)
npm http fetch GET 200 https://registry.vlt.io/vlt-benchmarks/npm/@fluentui/react-text/-/react-text-9.6.20.tgz 16423ms (cache miss)
npm http fetch GET 200 https://registry.vlt.io/vlt-benchmarks/npm/@jsonjoy.com/json-pack/-/json-pack-1.21.0.tgz 16716ms (cache miss)
npm http fetch GET 200 https://registry.vlt.io/vlt-benchmarks/npm/ajv/-/ajv-8.12.0.tgz 16482ms (cache miss)
npm http fetch GET 200 https://registry.vlt.io/vlt-benchmarks/npm/@fluentui/react-menu/-/react-menu-9.25.6.tgz 16656ms (cache miss)
npm http fetch GET 200 https://registry.vlt.io/vlt-benchmarks/npm/ajv/-/ajv-8.20.0.tgz 16476ms (cache miss)
npm http fetch GET 200 https://registry.vlt.io/vlt-benchmarks/npm/ajv/-/ajv-8.18.0.tgz 16458ms (cache miss)
npm http fetch GET 200 https://registry.vlt.io/vlt-benchmarks/npm/@fluentui/react-nav/-/react-nav-9.4.7.tgz 16780ms (cache miss)
npm http fetch GET 200 https://registry.vlt.io/vlt-benchmarks/npm/@jsonjoy.com/json-pack/-/json-pack-17.67.0.tgz 16634ms (cache miss)
npm http fetch GET 200 https://registry.vlt.io/vlt-benchmarks/npm/@fluentui/react-teaching-popover/-/react-teaching-popover-9.7.7.tgz 16795ms (cache miss)
npm http fetch GET 200 https://registry.vlt.io/vlt-benchmarks/npm/@fluentui/react-table/-/react-table-9.19.22.tgz 17210ms (cache miss)
npm http fetch GET 200 https://registry.vlt.io/vlt-benchmarks/npm/@fortawesome/free-solid-svg-icons/-/free-solid-svg-icons-6.7.2.tgz 17248ms (cache miss)
npm http fetch GET 200 https://registry.vlt.io/vlt-benchmarks/npm/caniuse-lite/-/caniuse-lite-1.0.30001814.tgz 17213ms (cache miss)
npm http fetch GET 200 https://registry.vlt.io/vlt-benchmarks/npm/jsdom/-/jsdom-26.1.0.tgz 17405ms (cache miss)
npm http fetch GET 200 https://registry.vlt.io/vlt-benchmarks/npm/typescript/-/typescript-4.9.5.tgz 17387ms (cache miss)
npm http fetch GET 200 https://registry.vlt.io/vlt-benchmarks/npm/webpack/-/webpack-5.111.1.tgz 17611ms (cache miss)
npm http fetch GET 200 https://registry.vlt.io/vlt-benchmarks/npm/nx/-/nx-19.8.4.tgz 17805ms (cache miss)
npm http fetch GET 200 https://registry.vlt.io/vlt-benchmarks/npm/nx/-/nx-19.8.4.tgz 17803ms (cache miss)
npm http fetch GET 200 https://registry.vlt.io/vlt-benchmarks/npm/nx/-/nx-20.8.4.tgz 17905ms (cache miss)
npm http fetch GET 200 https://registry.vlt.io/vlt-benchmarks/npm/es-abstract/-/es-abstract-1.24.2.tgz 18337ms (cache miss)
npm http fetch GET 200 https://registry.vlt.io/vlt-benchmarks/npm/@sinclair/typebox/-/typebox-0.34.52.tgz 18531ms (cache miss)
npm http fetch GET 200 https://registry.vlt.io/vlt-benchmarks/npm/@sinclair/typebox/-/typebox-0.34.52.tgz 18509ms (cache miss)
npm http fetch GET 200 https://registry.vlt.io/vlt-benchmarks/npm/nx/-/nx-22.7.12.tgz 18798ms (cache miss)
npm http fetch GET 200 https://registry.vlt.io/vlt-benchmarks/npm/puppeteer-core/-/puppeteer-core-22.15.0.tgz 19418ms (cache miss)
npm http fetch GET 200 https://registry.vlt.io/vlt-benchmarks/npm/core-js-pure/-/core-js-pure-3.50.0.tgz 19729ms (cache miss)
npm http fetch GET 200 https://registry.vlt.io/vlt-benchmarks/npm/rxjs/-/rxjs-7.8.2.tgz 20036ms (cache miss)
npm http fetch GET 200 https://registry.vlt.io/vlt-benchmarks/npm/monaco-editor/-/monaco-editor-0.55.1.tgz 20163ms (cache miss)
npm http fetch GET 200 https://registry.vlt.io/vlt-benchmarks/npm/@fluentui/react-icons/-/react-icons-2.0.343.tgz 32538ms (cache miss)

added 1951 packages in 55s
