{
  "results": [
    {
      "command": "npm",
      "mean": 0.6007869677200002,
      "stddev": 0.005867161599340521,
      "median": 0.59948711462,
      "user": 0.6759695399999999,
      "system": 0.10646183999999999,
      "min": 0.59289546912,
      "max": 0.61455136412,
      "times": [
        0.60528620312,
        0.60047808712,
        0.59944153112,
        0.59819228012,
        0.59678834012,
        0.59289546912,
        0.61455136412,
        0.59953269812,
        0.60513094712,
        0.59557275712
      ],
      "exit_codes": [
        0,
        0,
        0,
        0,
        0,
        0,
        0,
        0,
        0,
        0
      ]
    },
    {
      "command": "yarn",
      "mean": 0.33191947242000003,
      "stddev": 0.008876763886156656,
      "median": 0.33019417162000003,
      "user": 0.37489884,
      "system": 0.06898544,
      "min": 0.31794977212000003,
      "max": 0.35207579512000003,
      "times": [
        0.33322478512000003,
        0.32571473112000005,
        0.33775900512,
        0.33868869712000005,
        0.31794977212000003,
        0.33170678812000004,
        0.32588062012,
        0.35207579512000003,
        0.32868155512,
        0.32751297512000005
      ],
      "exit_codes": [
        0,
        0,
        0,
        0,
        0,
        0,
        0,
        0,
        0,
        0
      ]
    },
    {
      "command": "berry",
      "mean": 1.1387790582200001,
      "stddev": 0.04262749745396164,
      "median": 1.1259094101200002,
      "user": 1.26829204,
      "system": 0.21883044,
      "min": 1.10903914212,
      "max": 1.2570487241200001,
      "times": [
        1.11075010812,
        1.12655184012,
        1.11943537612,
        1.12909685812,
        1.1252669801200001,
        1.1295602121200001,
        1.2570487241200001,
        1.16900030512,
        1.10903914212,
        1.1120410361200002
      ],
      "exit_codes": [
        0,
        0,
        0,
        0,
        0,
        0,
        0,
        0,
        0,
        0
      ]
    },
    {
      "command": "zpm",
      "mean": 0.73115111892,
      "stddev": 0.0029500072092927755,
      "median": 0.73111650162,
      "user": 0.46372164,
      "system": 0.33837463999999995,
      "min": 0.72601052712,
      "max": 0.73711413512,
      "times": [
        0.73151062812,
        0.73106468212,
        0.73448971412,
        0.72965727212,
        0.72601052712,
        0.73116832112,
        0.73254541112,
        0.73711413512,
        0.72921451812,
        0.72873598012
      ],
      "exit_codes": [
        0,
        0,
        0,
        0,
        0,
        0,
        0,
        0,
        0,
        0
      ]
    },
    {
      "command": "pnpm",
      "mean": 0.7413556975200001,
      "stddev": 0.05115536342808141,
      "median": 0.72960665662,
      "user": 0.8282317399999999,
      "system": 0.12412364000000001,
      "min": 0.70278687912,
      "max": 0.88691141312,
      "times": [
        0.71145597312,
        0.72486787712,
        0.73434543612,
        0.74373398512,
        0.74800804812,
        0.74507757412,
        0.70541544012,
        0.88691141312,
        0.71095434912,
        0.70278687912
      ],
      "exit_codes": [
        0,
        0,
        0,
        0,
        0,
        0,
        0,
        0,
        0,
        0
      ]
    },
    {
      "command": "vlt",
      "mean": 0.48492444002000007,
      "stddev": 0.013803396287171149,
      "median": 0.48006330362000005,
      "user": 0.51090494,
      "system": 0.13889714000000003,
      "min": 0.47481084612,
      "max": 0.52396761112,
      "times": [
        0.47805960712000006,
        0.48191194012000005,
        0.48181797312,
        0.48174803412000006,
        0.47837857312000004,
        0.47767351012000003,
        0.47481084612,
        0.49274536012000003,
        0.47813094512000004,
        0.52396761112
      ],
      "exit_codes": [
        0,
        0,
        0,
        0,
        0,
        0,
        0,
        0,
        0,
        0
      ]
    },
    {
      "command": "bun",
      "mean": 0.012985459720000004,
      "stddev": 0.0005843974294184052,
      "median": 0.012840351120000001,
      "user": 0.007957139999999998,
      "system": 0.01093444,
      "min": 0.012564252120000001,
      "max": 0.01461328012,
      "times": [
        0.012918249120000001,
        0.01320289912,
        0.013099820120000001,
        0.01461328012,
        0.012606411120000001,
        0.012564252120000001,
        0.012590308120000001,
        0.012923423120000001,
        0.012762453120000001,
        0.01257350112
      ],
      "exit_codes": [
        0,
        0,
        0,
        0,
        0,
        0,
        0,
        0,
        0,
        0
      ]
    },
    {
      "command": "deno",
      "mean": 0.18352737742,
      "stddev": 0.0028088530353483437,
      "median": 0.18525615462,
      "user": 0.14749474,
      "system": 0.05578973999999999,
      "min": 0.17993562912,
      "max": 0.18701527212,
      "times": [
        0.17999743412,
        0.18532586312,
        0.18601179112,
        0.18701527212,
        0.18572460312,
        0.18054006812,
        0.17993562912,
        0.18518644612,
        0.18544289012,
        0.18009377712
      ],
      "exit_codes": [
        0,
        0,
        0,
        0,
        0,
        0,
        0,
        0,
        0,
        0
      ]
    }
  ]
}