{
  "results": [
    {
      "command": "npm",
      "mean": 5.09276778322,
      "stddev": 0.4311392561625181,
      "median": 5.086144153419999,
      "user": 1.1184219799999997,
      "system": 0.22190685999999998,
      "min": 4.54713824342,
      "max": 6.07659099642,
      "times": [
        5.20504931142,
        5.10348206842,
        5.2273391914200005,
        5.06880623842,
        5.48998591542,
        4.73701053242,
        6.07659099642,
        4.84353825042,
        4.62873708442,
        4.54713824342
      ],
      "exit_codes": [
        0,
        0,
        0,
        0,
        0,
        0,
        0,
        0,
        0,
        0
      ]
    },
    {
      "command": "yarn",
      "mean": 13.40149900692,
      "stddev": 0.8682012183563302,
      "median": 13.10420879842,
      "user": 15.66515918,
      "system": 8.97039886,
      "min": 12.87929946942,
      "max": 15.972883613419999,
      "times": [
        13.139638765419999,
        13.023830178419999,
        13.06877883142,
        13.22644521342,
        13.386412032419999,
        13.264264465419998,
        12.87929946942,
        13.01106771342,
        15.972883613419999,
        13.042369786419998
      ],
      "exit_codes": [
        0,
        0,
        0,
        0,
        0,
        0,
        0,
        0,
        0,
        0
      ]
    },
    {
      "command": "berry",
      "mean": 3.40093821142,
      "stddev": 0.046102346454323505,
      "median": 3.39183760492,
      "user": 6.00949628,
      "system": 1.3508125599999998,
      "min": 3.3367550124200003,
      "max": 3.49062680242,
      "times": [
        3.39431972842,
        3.4571063574200003,
        3.37171338442,
        3.37442134642,
        3.43339548242,
        3.3466414114200003,
        3.3367550124200003,
        3.38935548142,
        3.49062680242,
        3.41504710742
      ],
      "exit_codes": [
        0,
        0,
        0,
        0,
        0,
        0,
        0,
        0,
        0,
        0
      ]
    },
    {
      "command": "pnpm",
      "mean": 2.72620652232,
      "stddev": 0.05131548875721771,
      "median": 2.72814939292,
      "user": 3.7410522799999995,
      "system": 1.19152916,
      "min": 2.6414841784200003,
      "max": 2.8069454034200003,
      "times": [
        2.75368830842,
        2.7069451844200003,
        2.72277432442,
        2.67915491842,
        2.66567163842,
        2.79354132842,
        2.73352446142,
        2.8069454034200003,
        2.6414841784200003,
        2.75833547742
      ],
      "exit_codes": [
        0,
        0,
        0,
        0,
        0,
        0,
        0,
        0,
        0,
        0
      ]
    },
    {
      "command": "vlt",
      "mean": 0.32283320382,
      "stddev": 0.0035474186621811204,
      "median": 0.32308425192,
      "user": 0.33275928,
      "system": 0.07323875999999999,
      "min": 0.31663561742,
      "max": 0.32886124942000006,
      "times": [
        0.32600941442000003,
        0.31663561742,
        0.31929919042000005,
        0.32342338842,
        0.32034138342,
        0.32498239642000004,
        0.32274511542,
        0.32886124942000006,
        0.32595524242,
        0.32007904042
      ],
      "exit_codes": [
        0,
        0,
        0,
        0,
        0,
        0,
        0,
        0,
        0,
        0
      ]
    },
    {
      "command": "bun",
      "mean": 1.3851890722199998,
      "stddev": 0.17420070085340236,
      "median": 1.32452985392,
      "user": 0.8496583799999999,
      "system": 1.0391608600000002,
      "min": 1.2211292014200001,
      "max": 1.82997140842,
      "times": [
        1.2580979494200002,
        1.47900139542,
        1.82997140842,
        1.25692279542,
        1.2616847584200002,
        1.29090456642,
        1.2211292014200001,
        1.4956543564200002,
        1.3581551414200002,
        1.4003691494200001
      ],
      "exit_codes": [
        0,
        0,
        0,
        0,
        0,
        0,
        0,
        0,
        0,
        0
      ]
    },
    {
      "command": "deno",
      "mean": 7.21108969652,
      "stddev": 0.8607427339917766,
      "median": 6.96450299842,
      "user": 1.5704248799999998,
      "system": 0.38805956,
      "min": 6.11131223042,
      "max": 8.68756861542,
      "times": [
        6.17674217342,
        6.91104783542,
        7.76169830142,
        8.68756861542,
        6.95241834442,
        6.97658765242,
        6.47822911842,
        6.11131223042,
        8.558539031419999,
        7.49675366242
      ],
      "exit_codes": [
        0,
        0,
        0,
        0,
        0,
        0,
        0,
        0,
        0,
        0
      ]
    }
  ]
}