{
  "results": [
    {
      "command": "npm",
      "mean": 0.20725424868000003,
      "stddev": 0.013254035413937906,
      "median": 0.20316903588000002,
      "user": 0.24057795999999998,
      "system": 0.03660816,
      "min": 0.19735534888,
      "max": 0.24516832588,
      "times": [
        0.20381774488,
        0.21269305288,
        0.20077904888,
        0.20244240888,
        0.19834504188000002,
        0.20483821688,
        0.24516832588,
        0.20252032688000002,
        0.20458297088000002,
        0.19735534888
      ],
      "exit_codes": [
        0,
        0,
        0,
        0,
        0,
        0,
        0,
        0,
        0,
        0
      ]
    },
    {
      "command": "yarn",
      "mean": 0.14093040848,
      "stddev": 0.002417915982042228,
      "median": 0.14078081888,
      "user": 0.14591115999999998,
      "system": 0.03314486,
      "min": 0.13782890788,
      "max": 0.14536524988,
      "times": [
        0.13952616488,
        0.13782890788,
        0.13958904588,
        0.13800374188,
        0.14536524988,
        0.14052568988,
        0.14103594788,
        0.14105012088,
        0.14498436288,
        0.14139485288
      ],
      "exit_codes": [
        0,
        0,
        0,
        0,
        0,
        0,
        0,
        0,
        0,
        0
      ]
    },
    {
      "command": "berry",
      "mean": 0.31561566058,
      "stddev": 0.004769332029935218,
      "median": 0.31434602938,
      "user": 0.36706406,
      "system": 0.05783805999999999,
      "min": 0.30841170388,
      "max": 0.32475803288,
      "times": [
        0.31219739588,
        0.31969167288,
        0.31935631288,
        0.30841170388,
        0.31412370088,
        0.31012802188,
        0.31456835788000004,
        0.31373772088,
        0.32475803288,
        0.31918368588
      ],
      "exit_codes": [
        0,
        0,
        0,
        0,
        0,
        0,
        0,
        0,
        0,
        0
      ]
    },
    {
      "command": "pnpm",
      "mean": 0.33687482118,
      "stddev": 0.01567450411475126,
      "median": 0.33639661238,
      "user": 0.34558775999999997,
      "system": 0.05561026,
      "min": 0.31812647188000004,
      "max": 0.36901908788000004,
      "times": [
        0.32083366788,
        0.35074236788,
        0.36901908788000004,
        0.34394311488,
        0.34748542688,
        0.33112556888,
        0.34166765588000003,
        0.31812647188000004,
        0.32030509488000003,
        0.32549975488
      ],
      "exit_codes": [
        0,
        0,
        0,
        0,
        0,
        0,
        0,
        0,
        0,
        0
      ]
    },
    {
      "command": "vlt",
      "mean": 0.19714149308,
      "stddev": 0.0038216257376429428,
      "median": 0.19631388138,
      "user": 0.20674085999999997,
      "system": 0.043930559999999994,
      "min": 0.19154152588,
      "max": 0.20310143988,
      "times": [
        0.20212426788,
        0.19671574988,
        0.19536916888,
        0.20136399588,
        0.19184012788000002,
        0.19545410088,
        0.19799254088,
        0.19591201288,
        0.19154152588,
        0.20310143988
      ],
      "exit_codes": [
        0,
        0,
        0,
        0,
        0,
        0,
        0,
        0,
        0,
        0
      ]
    },
    {
      "command": "bun",
      "mean": 0.0046604635799999995,
      "stddev": 0.00044627144923040964,
      "median": 0.0044962403800000005,
      "user": 0.00270776,
      "system": 0.004438808,
      "min": 0.00423581888,
      "max": 0.00585708688,
      "times": [
        0.00448033588,
        0.00423581888,
        0.00469132488,
        0.00458629488,
        0.00451214488,
        0.0044782788799999996,
        0.00585708688,
        0.00447308188,
        0.00499846188,
        0.0042918068799999995
      ],
      "exit_codes": [
        0,
        0,
        0,
        0,
        0,
        0,
        0,
        0,
        0,
        0
      ]
    },
    {
      "command": "deno",
      "mean": 0.02116231238,
      "stddev": 0.0017614162727708775,
      "median": 0.02032076138,
      "user": 0.009778559999999999,
      "system": 0.01305096,
      "min": 0.01993127988,
      "max": 0.02520781988,
      "times": [
        0.02008924188,
        0.01996345388,
        0.02025825288,
        0.02120727188,
        0.01993546488,
        0.02520781988,
        0.01993127988,
        0.02389313288,
        0.02038326988,
        0.02075393588
      ],
      "exit_codes": [
        0,
        0,
        0,
        0,
        0,
        0,
        0,
        0,
        0,
        0
      ]
    }
  ]
}