{
  "results": [
    {
      "command": "npm",
      "mean": 16.6347563093,
      "stddev": 1.4731474794872406,
      "median": 16.429318799,
      "user": 5.225375099999999,
      "system": 1.27919164,
      "min": 14.788749707,
      "max": 19.098914209,
      "times": [
        16.258306401,
        19.032420341999998,
        15.378967009999998,
        17.722699954,
        16.657598511,
        16.600331197,
        14.788749707,
        19.098914209,
        14.883571311999999,
        15.926004449999999
      ],
      "exit_codes": [
        0,
        0,
        0,
        0,
        0,
        0,
        0,
        0,
        0,
        0
      ]
    },
    {
      "command": "yarn",
      "mean": 5.2462205183,
      "stddev": 0.3576916945919909,
      "median": 5.164814347,
      "user": 5.8755179,
      "system": 2.01773864,
      "min": 4.737925055,
      "max": 6.115736355,
      "times": [
        5.096427447,
        5.56033688,
        4.737925055,
        5.310070535,
        6.115736355,
        5.062999315,
        5.163763231,
        5.302570381,
        5.165865463,
        4.946510521
      ],
      "exit_codes": [
        0,
        0,
        0,
        0,
        0,
        0,
        0,
        0,
        0,
        0
      ]
    },
    {
      "command": "berry",
      "mean": 1.9513553820000002,
      "stddev": 0.5712953972528915,
      "median": 1.752879468,
      "user": 2.999823599999999,
      "system": 0.83088904,
      "min": 1.6931946290000002,
      "max": 3.655323039,
      "times": [
        1.718884499,
        1.776077709,
        1.729681227,
        1.7215909210000002,
        1.696051004,
        3.655323039,
        1.879548453,
        1.6931946290000002,
        1.8598541060000002,
        1.7833482330000001
      ],
      "exit_codes": [
        0,
        0,
        0,
        0,
        0,
        0,
        0,
        0,
        0,
        0
      ]
    },
    {
      "command": "pnpm",
      "mean": 1.7006291914999998,
      "stddev": 0.34954626191679583,
      "median": 1.6058467545,
      "user": 2.1639275999999996,
      "system": 0.63581534,
      "min": 1.4305490810000001,
      "max": 2.712121659,
      "times": [
        1.615913408,
        2.712121659,
        1.589336609,
        1.515025368,
        1.4305490810000001,
        1.595780101,
        1.72106214,
        1.7199251480000002,
        1.462314712,
        1.6442636890000002
      ],
      "exit_codes": [
        0,
        0,
        0,
        0,
        0,
        0,
        0,
        0,
        0,
        0
      ]
    },
    {
      "command": "vlt",
      "mean": 3.1729430803000005,
      "stddev": 0.14315767768000034,
      "median": 3.161606296,
      "user": 1.8462128999999998,
      "system": 0.6660559399999999,
      "min": 2.95229154,
      "max": 3.385134675,
      "times": [
        3.375209491,
        3.033719397,
        3.196469161,
        3.385134675,
        3.088126431,
        3.267413655,
        3.126743431,
        2.95229154,
        3.02713409,
        3.277188932
      ],
      "exit_codes": [
        0,
        0,
        0,
        0,
        0,
        0,
        0,
        0,
        0,
        0
      ]
    },
    {
      "command": "bun",
      "mean": 0.7968232996000001,
      "stddev": 0.06281722596527878,
      "median": 0.7648454625000001,
      "user": 0.34701069999999995,
      "system": 0.33531494,
      "min": 0.727945755,
      "max": 0.90276098,
      "times": [
        0.90276098,
        0.7599936970000001,
        0.858485641,
        0.7293617290000001,
        0.8914757980000001,
        0.727945755,
        0.759704353,
        0.749747126,
        0.8190606890000001,
        0.7696972280000001
      ],
      "exit_codes": [
        0,
        0,
        0,
        0,
        0,
        0,
        0,
        0,
        0,
        0
      ]
    },
    {
      "command": "deno",
      "mean": 5.8075980736,
      "stddev": 0.7589151362503344,
      "median": 5.840348658,
      "user": 1.1235467,
      "system": 0.43258553999999994,
      "min": 4.631809125,
      "max": 7.224263692,
      "times": [
        4.850285569,
        5.631755572,
        5.34708582,
        6.518902964,
        4.631809125,
        5.312319298,
        6.048941744,
        7.224263692,
        6.243696564,
        6.266920388
      ],
      "exit_codes": [
        0,
        0,
        0,
        0,
        0,
        0,
        0,
        0,
        0,
        0
      ]
    }
  ]
}