{
  "results": [
    {
      "command": "npm",
      "mean": 1.44381143856,
      "stddev": 0.009304219503638534,
      "median": 1.44287650446,
      "user": 1.5050169,
      "system": 0.6404852400000001,
      "min": 1.42457580446,
      "max": 1.4589225404600001,
      "times": [
        1.45135601746,
        1.4383028044600001,
        1.4369941784600002,
        1.4502762254600001,
        1.4589225404600001,
        1.4419937064600001,
        1.4396741754600002,
        1.4437593024600002,
        1.42457580446,
        1.4522596304600002
      ],
      "exit_codes": [
        0,
        0,
        0,
        0,
        0,
        0,
        0,
        0,
        0,
        0
      ]
    },
    {
      "command": "yarn",
      "mean": 3.9421244456599993,
      "stddev": 0.09433600465413136,
      "median": 3.92217491296,
      "user": 5.765769999999998,
      "system": 2.2885926399999996,
      "min": 3.82862932146,
      "max": 4.13767558446,
      "times": [
        3.9999232064599997,
        3.93563005446,
        4.13767558446,
        3.8348284704599997,
        3.90871977146,
        3.9559421264599997,
        3.82862932146,
        3.85906132946,
        3.90348498846,
        4.0573496034600005
      ],
      "exit_codes": [
        0,
        0,
        0,
        0,
        0,
        0,
        0,
        0,
        0,
        0
      ]
    },
    {
      "command": "berry",
      "mean": 2.38495121036,
      "stddev": 0.0264538915051595,
      "median": 2.38200661046,
      "user": 3.6855008999999996,
      "system": 1.14740784,
      "min": 2.35123433846,
      "max": 2.4335236334599997,
      "times": [
        2.37771434146,
        2.37074248846,
        2.38629887946,
        2.36156580846,
        2.3518327594599997,
        2.4335236334599997,
        2.42029361046,
        2.39664900046,
        2.35123433846,
        2.3996572434599996
      ],
      "exit_codes": [
        0,
        0,
        0,
        0,
        0,
        0,
        0,
        0,
        0,
        0
      ]
    },
    {
      "command": "pnpm",
      "mean": 1.18057945316,
      "stddev": 0.06043045190180656,
      "median": 1.18412832896,
      "user": 1.6338391999999995,
      "system": 0.48638134,
      "min": 1.10686162546,
      "max": 1.28780661746,
      "times": [
        1.28780661746,
        1.10686162546,
        1.22134042146,
        1.15534578146,
        1.1364839444600001,
        1.1101867894600002,
        1.21291087646,
        1.11573872446,
        1.2165047614600002,
        1.24261498946
      ],
      "exit_codes": [
        0,
        0,
        0,
        0,
        0,
        0,
        0,
        0,
        0,
        0
      ]
    },
    {
      "command": "vlt",
      "mean": 0.9240613128599999,
      "stddev": 0.027317200938200805,
      "median": 0.9165386224600001,
      "user": 1.0832167,
      "system": 0.43342344,
      "min": 0.9008656994600001,
      "max": 1.00144729846,
      "times": [
        1.00144729846,
        0.92495334246,
        0.9008656994600001,
        0.90674195646,
        0.9161255634600001,
        0.91573343346,
        0.9169516814600001,
        0.92661026146,
        0.92788172946,
        0.9033021624600001
      ],
      "exit_codes": [
        0,
        0,
        0,
        0,
        0,
        0,
        0,
        0,
        0,
        0
      ]
    },
    {
      "command": "bun",
      "mean": 0.2595045395600001,
      "stddev": 0.024219552853553667,
      "median": 0.26359760796000004,
      "user": 0.1835774,
      "system": 0.21964003999999998,
      "min": 0.21559927946000002,
      "max": 0.29497298146000006,
      "times": [
        0.29497298146000006,
        0.28195611146000005,
        0.24994921346,
        0.26085031146000004,
        0.26387387146,
        0.27890001346000004,
        0.21919108246000002,
        0.26332134446000005,
        0.26643118646,
        0.21559927946000002
      ],
      "exit_codes": [
        0,
        0,
        0,
        0,
        0,
        0,
        0,
        0,
        0,
        0
      ]
    },
    {
      "command": "deno",
      "mean": 3.0506071631599996,
      "stddev": 0.25983324248415124,
      "median": 3.09249259946,
      "user": 0.8164821,
      "system": 0.42541474,
      "min": 2.42792182646,
      "max": 3.44197216646,
      "times": [
        3.44197216646,
        2.88541409846,
        3.17325699546,
        2.9408205334599997,
        2.99833328246,
        3.13009594146,
        2.42792182646,
        3.16046665846,
        3.0548892574599997,
        3.29290087146
      ],
      "exit_codes": [
        0,
        0,
        0,
        0,
        0,
        0,
        0,
        0,
        0,
        0
      ]
    }
  ]
}