{
  "results": [
    {
      "command": "npm",
      "mean": 1.49345554966,
      "stddev": 0.012289661059698184,
      "median": 1.4902163388599998,
      "user": 1.5315837799999996,
      "system": 0.6640250999999999,
      "min": 1.47404466036,
      "max": 1.51215613736,
      "times": [
        1.49016027936,
        1.48205224236,
        1.51215613736,
        1.5077285623599999,
        1.5062367373599999,
        1.47404466036,
        1.50329997736,
        1.48350217436,
        1.48510232736,
        1.49027239836
      ],
      "exit_codes": [
        0,
        0,
        0,
        0,
        0,
        0,
        0,
        0,
        0,
        0
      ]
    },
    {
      "command": "yarn",
      "mean": 3.9846219867599992,
      "stddev": 0.07033512916006687,
      "median": 3.9724568593600003,
      "user": 5.85375448,
      "system": 2.3454153,
      "min": 3.89317700036,
      "max": 4.10140479736,
      "times": [
        4.02220902136,
        3.9906323713600003,
        4.040215165359999,
        3.89317700036,
        4.10140479736,
        4.08230093036,
        3.9542813473600003,
        3.9138630403600003,
        3.9320767193600004,
        3.9160594743600003
      ],
      "exit_codes": [
        0,
        0,
        0,
        0,
        0,
        0,
        0,
        0,
        0,
        0
      ]
    },
    {
      "command": "berry",
      "mean": 2.47071973766,
      "stddev": 0.055896070608435613,
      "median": 2.43910500136,
      "user": 3.685161479999999,
      "system": 1.1576867,
      "min": 2.41073120736,
      "max": 2.58318856136,
      "times": [
        2.5094316553600002,
        2.4999178253600003,
        2.4249461033600004,
        2.4405367473600004,
        2.58318856136,
        2.43169163236,
        2.41073120736,
        2.5421648183600003,
        2.43767325536,
        2.4269155703600003
      ],
      "exit_codes": [
        0,
        0,
        0,
        0,
        0,
        0,
        0,
        0,
        0,
        0
      ]
    },
    {
      "command": "pnpm",
      "mean": 1.2341190387599998,
      "stddev": 0.03403584541350038,
      "median": 1.23471360636,
      "user": 1.62437528,
      "system": 0.5019636999999999,
      "min": 1.16312488936,
      "max": 1.29713798936,
      "times": [
        1.24167047936,
        1.24299279836,
        1.25908843636,
        1.21067486136,
        1.22775673336,
        1.2205578663599999,
        1.16312488936,
        1.21684351536,
        1.26134281836,
        1.29713798936
      ],
      "exit_codes": [
        0,
        0,
        0,
        0,
        0,
        0,
        0,
        0,
        0,
        0
      ]
    },
    {
      "command": "vlt",
      "mean": 0.93044165596,
      "stddev": 0.014846890026336023,
      "median": 0.92693319986,
      "user": 1.0758703799999996,
      "system": 0.45318050000000004,
      "min": 0.9150493023600001,
      "max": 0.9709517293600001,
      "times": [
        0.9210160573600001,
        0.9320433743600001,
        0.9709517293600001,
        0.92810024036,
        0.9150493023600001,
        0.9253313163600001,
        0.92576615936,
        0.93687609636,
        0.9306723693600001,
        0.9186099143600002
      ],
      "exit_codes": [
        0,
        0,
        0,
        0,
        0,
        0,
        0,
        0,
        0,
        0
      ]
    },
    {
      "command": "bun",
      "mean": 0.34577778786,
      "stddev": 0.065852894685548,
      "median": 0.32129964636,
      "user": 0.18347098,
      "system": 0.21358289999999996,
      "min": 0.26751170236,
      "max": 0.45011210536,
      "times": [
        0.26751170236,
        0.45011210536,
        0.31937725236000003,
        0.32322204036,
        0.27260038736000003,
        0.28827299836000003,
        0.35737863536000003,
        0.31458783736,
        0.44628320536000005,
        0.41843171436000004
      ],
      "exit_codes": [
        0,
        0,
        0,
        0,
        0,
        0,
        0,
        0,
        0,
        0
      ]
    },
    {
      "command": "deno",
      "mean": 3.21093598076,
      "stddev": 0.43727918583312453,
      "median": 3.2246441058600004,
      "user": 0.75670448,
      "system": 0.4023011,
      "min": 2.5134713413600003,
      "max": 3.87015825236,
      "times": [
        3.49372305736,
        2.9426103313600005,
        2.5134713413600003,
        2.75882345736,
        3.7419912503600004,
        3.58054943036,
        3.87015825236,
        3.14967666636,
        2.7587444753600003,
        3.2996115453600003
      ],
      "exit_codes": [
        0,
        0,
        0,
        0,
        0,
        0,
        0,
        0,
        0,
        0
      ]
    }
  ]
}