{
  "results": [
    {
      "command": "npm",
      "mean": 0.5974150198200001,
      "stddev": 0.01557348059393773,
      "median": 0.5971395461200001,
      "user": 0.6505195,
      "system": 0.18473924000000003,
      "min": 0.57965214312,
      "max": 0.6374390901200001,
      "times": [
        0.5952080471200001,
        0.5990710451200001,
        0.6044197731200001,
        0.5902122401200001,
        0.5990711031200001,
        0.57965214312,
        0.58453832912,
        0.6374390901200001,
        0.60169833912,
        0.5828400881200001
      ],
      "exit_codes": [
        0,
        0,
        0,
        0,
        0,
        0,
        0,
        0,
        0,
        0
      ]
    },
    {
      "command": "yarn",
      "mean": 1.82709707592,
      "stddev": 0.05342101231160181,
      "median": 1.8178819501199999,
      "user": 2.7721777,
      "system": 0.8093794400000001,
      "min": 1.76542983212,
      "max": 1.95095373912,
      "times": [
        1.95095373912,
        1.84963864112,
        1.78384840712,
        1.7952538891199998,
        1.80453983312,
        1.83122406712,
        1.83607768212,
        1.76542983212,
        1.77506181512,
        1.87894285312
      ],
      "exit_codes": [
        0,
        0,
        0,
        0,
        0,
        0,
        0,
        0,
        0,
        0
      ]
    },
    {
      "command": "berry",
      "mean": 1.10410354792,
      "stddev": 0.028156149127841274,
      "median": 1.10563504812,
      "user": 1.7652110999999997,
      "system": 0.54005894,
      "min": 1.05487655812,
      "max": 1.16134152612,
      "times": [
        1.16134152612,
        1.10484029712,
        1.05487655812,
        1.12054296312,
        1.07943833812,
        1.1125720851199998,
        1.0981757431199999,
        1.07668816012,
        1.12613000912,
        1.1064297991199998
      ],
      "exit_codes": [
        0,
        0,
        0,
        0,
        0,
        0,
        0,
        0,
        0,
        0
      ]
    },
    {
      "command": "pnpm",
      "mean": 0.5523643814200001,
      "stddev": 0.04496871679241852,
      "median": 0.52705475162,
      "user": 0.9031901,
      "system": 0.20221934,
      "min": 0.50431441712,
      "max": 0.6307583921200001,
      "times": [
        0.51210423112,
        0.5185858471200001,
        0.50431441712,
        0.56673231312,
        0.5237417091200001,
        0.6222493721200001,
        0.5931824201200001,
        0.6307583921200001,
        0.53036779412,
        0.52160731812
      ],
      "exit_codes": [
        0,
        0,
        0,
        0,
        0,
        0,
        0,
        0,
        0,
        0
      ]
    },
    {
      "command": "vlt",
      "mean": 0.42699571391999996,
      "stddev": 0.015172696898226971,
      "median": 0.42235851762,
      "user": 0.5187277000000001,
      "system": 0.15951334,
      "min": 0.41371491412,
      "max": 0.46260654612,
      "times": [
        0.46260654612,
        0.41371491412,
        0.41641700312,
        0.42528999512,
        0.42474842512,
        0.44891780312,
        0.42249657612,
        0.42222045912,
        0.41836714012,
        0.41517827712
      ],
      "exit_codes": [
        0,
        0,
        0,
        0,
        0,
        0,
        0,
        0,
        0,
        0
      ]
    },
    {
      "command": "bun",
      "mean": 0.17259048342000005,
      "stddev": 0.060341955088032646,
      "median": 0.14415133212000003,
      "user": 0.0889749,
      "system": 0.07767934,
      "min": 0.09715373412000002,
      "max": 0.26379098512,
      "times": [
        0.26379098512,
        0.25938986812,
        0.09715373412000002,
        0.13835965912,
        0.14918965912,
        0.24673285512,
        0.13911300512000002,
        0.12809092112,
        0.10898814512,
        0.19509600212000003
      ],
      "exit_codes": [
        0,
        0,
        0,
        0,
        0,
        0,
        0,
        0,
        0,
        0
      ]
    },
    {
      "command": "deno",
      "mean": 2.11949891922,
      "stddev": 0.1354163396745927,
      "median": 2.1199084171200004,
      "user": 0.42911299999999997,
      "system": 0.16326964000000002,
      "min": 1.87829885612,
      "max": 2.41961119612,
      "times": [
        1.87829885612,
        2.00627887712,
        2.12056361212,
        2.41961119612,
        2.1865589501200002,
        2.1192532221200002,
        2.03943958412,
        2.1818014101200003,
        2.06029686312,
        2.18288662112
      ],
      "exit_codes": [
        0,
        0,
        0,
        0,
        0,
        0,
        0,
        0,
        0,
        0
      ]
    }
  ]
}