{
  "results": [
    {
      "command": "npm",
      "mean": 1.5101499412600001,
      "stddev": 0.010307007841699143,
      "median": 1.50655313666,
      "user": 1.51570584,
      "system": 0.6626231199999999,
      "min": 1.4929012221600002,
      "max": 1.53092864316,
      "times": [
        1.52150803616,
        1.50532478816,
        1.53092864316,
        1.5031145591600001,
        1.5183140621600002,
        1.5120554711600003,
        1.4929012221600002,
        1.50618159016,
        1.5042463571600002,
        1.50692468316
      ],
      "exit_codes": [
        0,
        0,
        0,
        0,
        0,
        0,
        0,
        0,
        0,
        0
      ]
    },
    {
      "command": "yarn",
      "mean": 4.36055968046,
      "stddev": 0.2737528137587649,
      "median": 4.30329432016,
      "user": 5.87435474,
      "system": 2.31483502,
      "min": 4.06069821216,
      "max": 5.143181897160001,
      "times": [
        4.28802049416,
        4.30635153216,
        4.30023710816,
        4.3602268011600005,
        4.240851210160001,
        4.06069821216,
        4.361785703160001,
        4.22123911216,
        4.32300473416,
        5.143181897160001
      ],
      "exit_codes": [
        0,
        0,
        0,
        0,
        0,
        0,
        0,
        0,
        0,
        0
      ]
    },
    {
      "command": "berry",
      "mean": 2.73006156026,
      "stddev": 0.20281107118625682,
      "median": 2.70834139816,
      "user": 3.6037605399999997,
      "system": 1.1230100200000002,
      "min": 2.5019828291599997,
      "max": 3.2859841511599996,
      "times": [
        2.5019828291599997,
        3.2859841511599996,
        2.71996100116,
        2.57503106916,
        2.62737644016,
        2.70766766816,
        2.80086047416,
        2.6325276501599997,
        2.70901512816,
        2.74020919116
      ],
      "exit_codes": [
        0,
        0,
        0,
        0,
        0,
        0,
        0,
        0,
        0,
        0
      ]
    },
    {
      "command": "pnpm",
      "mean": 1.6082473847600003,
      "stddev": 0.14245311858270113,
      "median": 1.6145674361600002,
      "user": 1.6422778399999998,
      "system": 0.4736150199999999,
      "min": 1.3721668231600002,
      "max": 1.7945727791600001,
      "times": [
        1.7833610021600002,
        1.5445700581600001,
        1.66753198216,
        1.42184709416,
        1.6000828431600003,
        1.49752187716,
        1.7717673591600003,
        1.6290520291600001,
        1.7945727791600001,
        1.3721668231600002
      ],
      "exit_codes": [
        0,
        0,
        0,
        0,
        0,
        0,
        0,
        0,
        0,
        0
      ]
    },
    {
      "command": "vlt",
      "mean": 1.13044717516,
      "stddev": 0.0937573612560709,
      "median": 1.12940399716,
      "user": 1.0608091400000002,
      "system": 0.45049572000000004,
      "min": 0.99322447116,
      "max": 1.29636143416,
      "times": [
        1.1146456951600001,
        1.18728838516,
        1.08086953416,
        1.1443442381600002,
        1.03130393416,
        1.29636143416,
        1.14416229916,
        1.2658578681600001,
        1.0464138921600001,
        0.99322447116
      ],
      "exit_codes": [
        0,
        0,
        0,
        0,
        0,
        0,
        0,
        0,
        0,
        0
      ]
    },
    {
      "command": "bun",
      "mean": 0.66153492106,
      "stddev": 0.26188751710655495,
      "median": 0.60893385366,
      "user": 0.20238483999999998,
      "system": 0.21246351999999996,
      "min": 0.35674782316,
      "max": 1.34742373316,
      "times": [
        0.63973067316,
        0.35674782316,
        1.34742373316,
        0.63011863516,
        0.54395536916,
        0.41619205216,
        0.84540628916,
        0.67382614616,
        0.58774907216,
        0.57419941716
      ],
      "exit_codes": [
        0,
        0,
        0,
        0,
        0,
        0,
        0,
        0,
        0,
        0
      ]
    },
    {
      "command": "deno",
      "mean": 3.78948658926,
      "stddev": 0.5821940251933784,
      "median": 3.58286331366,
      "user": 0.7265067399999999,
      "system": 0.41742502000000004,
      "min": 3.1088693621599996,
      "max": 5.182574472160001,
      "times": [
        3.58901996116,
        3.5767066661599998,
        3.1088693621599996,
        5.182574472160001,
        4.33165312716,
        3.4583790791599998,
        3.24712074216,
        3.88464242016,
        3.44865905616,
        4.067241006160001
      ],
      "exit_codes": [
        0,
        0,
        0,
        0,
        0,
        0,
        0,
        0,
        0,
        0
      ]
    }
  ]
}