{
  "results": [
    {
      "command": "npm",
      "mean": 1.36378884606,
      "stddev": 0.012975169625234043,
      "median": 1.3612935483600002,
      "user": 1.4499799599999998,
      "system": 0.5468693599999999,
      "min": 1.34230607886,
      "max": 1.38696409286,
      "times": [
        1.3629434978600001,
        1.37306708386,
        1.36345932686,
        1.3594476718600002,
        1.38696409286,
        1.3596435988600002,
        1.34230607886,
        1.35860041886,
        1.34948691586,
        1.3819697748600002
      ],
      "exit_codes": [
        0,
        0,
        0,
        0,
        0,
        0,
        0,
        0,
        0,
        0
      ]
    },
    {
      "command": "yarn",
      "mean": 3.87808309716,
      "stddev": 0.09819745964056363,
      "median": 3.86877318386,
      "user": 5.753704559999999,
      "system": 2.21214256,
      "min": 3.77339899486,
      "max": 4.14992338786,
      "times": [
        3.8224795558599998,
        4.14992338786,
        3.91380221986,
        3.8667350798599998,
        3.82784586586,
        3.8725882008599997,
        3.87081128786,
        3.77339899486,
        3.8717032208599997,
        3.8115431578599996
      ],
      "exit_codes": [
        0,
        0,
        0,
        0,
        0,
        0,
        0,
        0,
        0,
        0
      ]
    },
    {
      "command": "berry",
      "mean": 2.40837718206,
      "stddev": 0.032406934324974254,
      "median": 2.4038307573599997,
      "user": 3.78418406,
      "system": 1.1570387599999998,
      "min": 2.3785053878599998,
      "max": 2.4940683828599997,
      "times": [
        2.40507898586,
        2.4940683828599997,
        2.40576883486,
        2.4091524718599997,
        2.40258252886,
        2.3785053878599998,
        2.3830316458599996,
        2.43275061286,
        2.38905490386,
        2.38377806586
      ],
      "exit_codes": [
        0,
        0,
        0,
        0,
        0,
        0,
        0,
        0,
        0,
        0
      ]
    },
    {
      "command": "pnpm",
      "mean": 1.1206334514599998,
      "stddev": 0.020845609911030075,
      "median": 1.1151575448600002,
      "user": 1.69275436,
      "system": 0.49636026,
      "min": 1.09807218286,
      "max": 1.17232723986,
      "times": [
        1.10800409786,
        1.10231196886,
        1.11853908986,
        1.13691285286,
        1.12333177986,
        1.12966535886,
        1.17232723986,
        1.11177599986,
        1.09807218286,
        1.10539394386
      ],
      "exit_codes": [
        0,
        0,
        0,
        0,
        0,
        0,
        0,
        0,
        0,
        0
      ]
    },
    {
      "command": "vlt",
      "mean": 0.92660247096,
      "stddev": 0.019364408027681985,
      "median": 0.9214197458600001,
      "user": 1.08198486,
      "system": 0.43975615999999995,
      "min": 0.8998766998600001,
      "max": 0.9696738128600001,
      "times": [
        0.9106044958600001,
        0.8998766998600001,
        0.9226877078600001,
        0.9201517838600001,
        0.9696738128600001,
        0.9167219138600001,
        0.9506814658600001,
        0.9272331298600001,
        0.9336342368600001,
        0.9147594628600001
      ],
      "exit_codes": [
        0,
        0,
        0,
        0,
        0,
        0,
        0,
        0,
        0,
        0
      ]
    },
    {
      "command": "bun",
      "mean": 0.26115481376,
      "stddev": 0.04882154298389613,
      "median": 0.24303927136000003,
      "user": 0.20983455999999995,
      "system": 0.23355505999999998,
      "min": 0.23881694086000002,
      "max": 0.40710954086,
      "times": [
        0.24301814686000003,
        0.24306039586000003,
        0.24253621686000004,
        0.23881694086000002,
        0.24906591086000002,
        0.24274337786000003,
        0.24851121786000002,
        0.25370092986,
        0.40710954086,
        0.24298545986000003
      ],
      "exit_codes": [
        0,
        0,
        0,
        0,
        0,
        0,
        0,
        0,
        0,
        0
      ]
    },
    {
      "command": "deno",
      "mean": 2.37233426486,
      "stddev": 0.1919420128054249,
      "median": 2.34570440636,
      "user": 0.86555596,
      "system": 0.44727675999999994,
      "min": 1.9496394568600002,
      "max": 2.6742662998599998,
      "times": [
        1.9496394568600002,
        2.27283988586,
        2.51245115386,
        2.6742662998599998,
        2.2965172838599996,
        2.61497495386,
        2.38512005686,
        2.32612474486,
        2.36456999386,
        2.3268388188599998
      ],
      "exit_codes": [
        0,
        0,
        0,
        0,
        0,
        0,
        0,
        0,
        0,
        0
      ]
    }
  ]
}