{
  "results": [
    {
      "command": "npm",
      "mean": 1.5254668883200002,
      "stddev": 0.00806882678993387,
      "median": 1.5231765453200001,
      "user": 1.6018707999999997,
      "system": 0.6883767000000001,
      "min": 1.51470487232,
      "max": 1.54077486832,
      "times": [
        1.54077486832,
        1.51921897332,
        1.53177080232,
        1.51470487232,
        1.52501639032,
        1.51870517132,
        1.5342864683200002,
        1.5213367003200002,
        1.51813446432,
        1.5307201723200001
      ],
      "exit_codes": [
        0,
        0,
        0,
        0,
        0,
        0,
        0,
        0,
        0,
        0
      ]
    },
    {
      "command": "yarn",
      "mean": 4.13581585222,
      "stddev": 0.08418911520545871,
      "median": 4.1001654933200005,
      "user": 5.9975855,
      "system": 2.4611709,
      "min": 4.06162521032,
      "max": 4.31078321832,
      "times": [
        4.06690641932,
        4.25710742732,
        4.10910372832,
        4.06591670432,
        4.12351900332,
        4.31078321832,
        4.09122725832,
        4.06162521032,
        4.19747153832,
        4.0744980143200005
      ],
      "exit_codes": [
        0,
        0,
        0,
        0,
        0,
        0,
        0,
        0,
        0,
        0
      ]
    },
    {
      "command": "berry",
      "mean": 2.42814058282,
      "stddev": 0.045710469399996706,
      "median": 2.42541799732,
      "user": 3.7700167,
      "system": 1.1745027999999997,
      "min": 2.3714395753199997,
      "max": 2.50561012332,
      "times": [
        2.4580665213199997,
        2.45040628732,
        2.3714395753199997,
        2.40350305032,
        2.40604137032,
        2.48816806432,
        2.4447946243199996,
        2.3795040573199997,
        2.37387215432,
        2.50561012332
      ],
      "exit_codes": [
        0,
        0,
        0,
        0,
        0,
        0,
        0,
        0,
        0,
        0
      ]
    },
    {
      "command": "pnpm",
      "mean": 1.2414804857200001,
      "stddev": 0.06891033705072072,
      "median": 1.24038264082,
      "user": 1.7176367999999997,
      "system": 0.5206697,
      "min": 1.12302859532,
      "max": 1.35566074432,
      "times": [
        1.35566074432,
        1.26275171932,
        1.21976444232,
        1.15612714732,
        1.2305324393200001,
        1.2881929013200002,
        1.19795065632,
        1.12302859532,
        1.2502328423200002,
        1.33056336932
      ],
      "exit_codes": [
        0,
        0,
        0,
        0,
        0,
        0,
        0,
        0,
        0,
        0
      ]
    },
    {
      "command": "vlt",
      "mean": 0.9611469810200001,
      "stddev": 0.012975780863298052,
      "median": 0.9588666703200002,
      "user": 1.1457395,
      "system": 0.478735,
      "min": 0.9454292773200001,
      "max": 0.9883645833200001,
      "times": [
        0.9639250983200001,
        0.9653584683200002,
        0.9454292773200001,
        0.9460985153200001,
        0.9782091903200001,
        0.9550582353200001,
        0.9608993453200001,
        0.9883645833200001,
        0.9512931013200001,
        0.9568339953200001
      ],
      "exit_codes": [
        0,
        0,
        0,
        0,
        0,
        0,
        0,
        0,
        0,
        0
      ]
    },
    {
      "command": "bun",
      "mean": 0.31832152662,
      "stddev": 0.08226325481355092,
      "median": 0.29189880832000004,
      "user": 0.18606340000000002,
      "system": 0.2222528,
      "min": 0.22919755632000002,
      "max": 0.48294224232000005,
      "times": [
        0.29323882332,
        0.26543754132,
        0.27753727532,
        0.48294224232000005,
        0.37858780832,
        0.29055879332,
        0.22919755632000002,
        0.29371554832,
        0.23134119832000002,
        0.44065847932
      ],
      "exit_codes": [
        0,
        0,
        0,
        0,
        0,
        0,
        0,
        0,
        0,
        0
      ]
    },
    {
      "command": "deno",
      "mean": 3.3414784835199995,
      "stddev": 0.32367025805237837,
      "median": 3.28286907832,
      "user": 0.8261137999999999,
      "system": 0.4429437,
      "min": 2.93538260232,
      "max": 3.9085362293199997,
      "times": [
        3.35056237932,
        3.60269346732,
        3.47066780132,
        2.9715664783199998,
        3.7746787133199997,
        3.9085362293199997,
        3.21517577732,
        2.93538260232,
        3.17015436332,
        3.0153670233199996
      ],
      "exit_codes": [
        0,
        0,
        0,
        0,
        0,
        0,
        0,
        0,
        0,
        0
      ]
    }
  ]
}