{
  "results": [
    {
      "command": "npm",
      "mean": 0.99205554454,
      "stddev": 0.005674480335012861,
      "median": 0.9907214386400001,
      "user": 1.0035437,
      "system": 0.2311702,
      "min": 0.98514196064,
      "max": 1.00472009864,
      "times": [
        0.99139850764,
        0.9900443696400001,
        0.99397270664,
        0.9946047736400001,
        0.9866191026400001,
        1.00472009864,
        0.98514196064,
        0.9886739806400001,
        0.9891428966400001,
        0.9962370486400001
      ],
      "exit_codes": [
        1,
        1,
        1,
        1,
        1,
        1,
        1,
        1,
        1,
        1
      ]
    },
    {
      "command": "yarn",
      "mean": 7.915980706940002,
      "stddev": 0.11466480660083805,
      "median": 7.89477429464,
      "user": 7.8168971,
      "system": 8.391792800000001,
      "min": 7.800338470640001,
      "max": 8.18328577664,
      "times": [
        8.18328577664,
        7.800338470640001,
        7.80104504464,
        7.939439263640001,
        7.85010932564,
        7.844369691640001,
        8.02408048664,
        7.949891170640001,
        7.818439720640001,
        7.948808118640001
      ],
      "exit_codes": [
        0,
        0,
        0,
        0,
        0,
        0,
        0,
        0,
        0,
        0
      ]
    },
    {
      "command": "berry",
      "mean": 6.25955421154,
      "stddev": 0.04554723377728116,
      "median": 6.24958993964,
      "user": 7.066465799999999,
      "system": 4.0657032,
      "min": 6.199767014640001,
      "max": 6.35406106764,
      "times": [
        6.33178348664,
        6.26107090164,
        6.259474685640001,
        6.25393108164,
        6.35406106764,
        6.2395085656400004,
        6.2299247416400005,
        6.22077177264,
        6.24524879764,
        6.199767014640001
      ],
      "exit_codes": [
        0,
        0,
        0,
        0,
        0,
        0,
        0,
        0,
        0,
        0
      ]
    },
    {
      "command": "pnpm",
      "mean": 2.5619954357399997,
      "stddev": 0.056045051673896625,
      "median": 2.53836379014,
      "user": 3.8076801000000002,
      "system": 2.2372916,
      "min": 2.5105848426399997,
      "max": 2.69664305564,
      "times": [
        2.5105848426399997,
        2.53405627764,
        2.58187259364,
        2.69664305564,
        2.62042825164,
        2.57427866464,
        2.51294492364,
        2.51573039664,
        2.53074404864,
        2.54267130264
      ],
      "exit_codes": [
        0,
        0,
        0,
        0,
        0,
        0,
        0,
        0,
        0,
        0
      ]
    },
    {
      "command": "vlt",
      "mean": 5.183694427140001,
      "stddev": 0.0286781914583122,
      "median": 5.17963958614,
      "user": 5.853924,
      "system": 4.568392300000001,
      "min": 5.14217505964,
      "max": 5.2433491096400004,
      "times": [
        5.16378081964,
        5.2433491096400004,
        5.19321516764,
        5.166064004640001,
        5.14217505964,
        5.201264072640001,
        5.2094881516400005,
        5.162356653640001,
        5.15972520564,
        5.1955260266400005
      ],
      "exit_codes": [
        0,
        0,
        0,
        0,
        0,
        0,
        0,
        0,
        0,
        0
      ]
    },
    {
      "command": "bun",
      "mean": 0.7282602231400002,
      "stddev": 0.00849570957898909,
      "median": 0.7292247966400001,
      "user": 0.0458499,
      "system": 0.6649996,
      "min": 0.7072612016400001,
      "max": 0.7391332726400001,
      "times": [
        0.7242414746400001,
        0.7354402526400001,
        0.7303652826400001,
        0.7072612016400001,
        0.7275047296400001,
        0.7280843106400001,
        0.72357082664,
        0.7309565886400001,
        0.7391332726400001,
        0.7360442916400001
      ],
      "exit_codes": [
        0,
        0,
        0,
        0,
        0,
        0,
        0,
        0,
        0,
        0
      ]
    },
    {
      "command": "deno",
      "mean": 0.7282325120400002,
      "stddev": 0.008924432882592209,
      "median": 0.72662578464,
      "user": 0.28744179999999997,
      "system": 1.2834564,
      "min": 0.71416843064,
      "max": 0.7428877996400001,
      "times": [
        0.7313532646400001,
        0.73502470464,
        0.72352659764,
        0.72714481864,
        0.72071886764,
        0.7428877996400001,
        0.7199369026400001,
        0.7414569836400001,
        0.71416843064,
        0.7261067506400001
      ],
      "exit_codes": [
        0,
        0,
        0,
        0,
        0,
        0,
        0,
        0,
        0,
        0
      ]
    }
  ]
}