{
  "results": [
    {
      "command": "npm",
      "mean": 1.01966199084,
      "stddev": 0.04714350148119389,
      "median": 1.00807300044,
      "user": 1.09646128,
      "system": 0.19429854,
      "min": 0.9852811359400001,
      "max": 1.15597963094,
      "times": [
        0.9852811359400001,
        0.99596953994,
        1.00966672494,
        1.00647927594,
        1.01449830694,
        1.01155286794,
        1.15597963094,
        1.03064572294,
        0.99641573394,
        0.9901309689400001
      ],
      "exit_codes": [
        0,
        0,
        0,
        0,
        0,
        0,
        0,
        0,
        0,
        0
      ]
    },
    {
      "command": "yarn",
      "mean": 7.065820359239998,
      "stddev": 0.651042281307169,
      "median": 6.84728906544,
      "user": 3.9027011799999998,
      "system": 1.4885500399999998,
      "min": 6.3292542439399995,
      "max": 8.603866353939999,
      "times": [
        6.62220453894,
        7.4367442839399995,
        6.92669194394,
        6.3292542439399995,
        7.055398085939999,
        8.603866353939999,
        6.75111418494,
        7.7103108119399995,
        6.76788618694,
        6.45473295794
      ],
      "exit_codes": [
        0,
        0,
        0,
        0,
        0,
        0,
        0,
        0,
        0,
        0
      ]
    },
    {
      "command": "berry",
      "mean": 2.27455160454,
      "stddev": 0.04094202001550832,
      "median": 2.27590251094,
      "user": 2.53773058,
      "system": 0.41692904000000003,
      "min": 2.20875428594,
      "max": 2.33061541694,
      "times": [
        2.24722219794,
        2.29468560894,
        2.25877928394,
        2.33007304294,
        2.3070279199400003,
        2.28976275794,
        2.33061541694,
        2.20875428594,
        2.21655326694,
        2.26204226394
      ],
      "exit_codes": [
        0,
        0,
        0,
        0,
        0,
        0,
        0,
        0,
        0,
        0
      ]
    },
    {
      "command": "pnpm",
      "mean": 1.25384269284,
      "stddev": 0.04469940761002254,
      "median": 1.25204347294,
      "user": 1.7774901800000003,
      "system": 0.34727963999999995,
      "min": 1.18244663294,
      "max": 1.33412523194,
      "times": [
        1.21139032494,
        1.24939250194,
        1.28327673894,
        1.33412523194,
        1.28663147994,
        1.2988572039400001,
        1.22860583094,
        1.25469444394,
        1.20900653894,
        1.18244663294
      ],
      "exit_codes": [
        0,
        0,
        0,
        0,
        0,
        0,
        0,
        0,
        0,
        0
      ]
    },
    {
      "command": "vlt",
      "mean": 0.33414351204000003,
      "stddev": 0.013614513440114254,
      "median": 0.33082173994,
      "user": 0.3612360799999999,
      "system": 0.07670594,
      "min": 0.31894526294000003,
      "max": 0.36465884794000003,
      "times": [
        0.32098119294,
        0.34015615294,
        0.31894526294000003,
        0.32662182694,
        0.32599624194,
        0.34506819194,
        0.34270862894000004,
        0.33502165294,
        0.32127712094,
        0.36465884794000003
      ],
      "exit_codes": [
        0,
        0,
        0,
        0,
        0,
        0,
        0,
        0,
        0,
        0
      ]
    },
    {
      "command": "bun",
      "mean": 0.04092307804,
      "stddev": 0.0008317024450171409,
      "median": 0.04094311894,
      "user": 0.007622780000000001,
      "system": 0.03887213999999999,
      "min": 0.03937866594,
      "max": 0.042237726940000005,
      "times": [
        0.040063392940000005,
        0.03937866594,
        0.04195366894,
        0.040465614940000005,
        0.041220757940000005,
        0.04114325094,
        0.04074298694,
        0.040461055940000004,
        0.041563658940000005,
        0.042237726940000005
      ],
      "exit_codes": [
        0,
        0,
        0,
        0,
        0,
        0,
        0,
        0,
        0,
        0
      ]
    },
    {
      "command": "deno",
      "mean": 0.75222745784,
      "stddev": 0.008463348003298257,
      "median": 0.7525486099400001,
      "user": 1.18838598,
      "system": 0.33321794000000005,
      "min": 0.73626308194,
      "max": 0.7652307489400001,
      "times": [
        0.74624182894,
        0.73626308194,
        0.74285144694,
        0.75250432594,
        0.7512137279400001,
        0.7642424239400001,
        0.7652307489400001,
        0.75615669994,
        0.75497739994,
        0.7525928939400001
      ],
      "exit_codes": [
        0,
        0,
        0,
        0,
        0,
        0,
        0,
        0,
        0,
        0
      ]
    }
  ]
}