{
  "results": [
    {
      "command": "npm",
      "mean": 0.5467281991200001,
      "stddev": 0.004629806269611391,
      "median": 0.54787375302,
      "user": 0.6170316,
      "system": 0.1132204,
      "min": 0.53916138952,
      "max": 0.55343928152,
      "times": [
        0.54981464652,
        0.55241654752,
        0.55343928152,
        0.54192179652,
        0.54113774552,
        0.54426171252,
        0.53916138952,
        0.54938136552,
        0.54806116752,
        0.54768633852
      ],
      "exit_codes": [
        0,
        0,
        0,
        0,
        0,
        0,
        0,
        0,
        0,
        0
      ]
    },
    {
      "command": "yarn",
      "mean": 3.9522930992199994,
      "stddev": 0.13062406518642408,
      "median": 3.9767400630200003,
      "user": 1.8700469000000002,
      "system": 0.7737089,
      "min": 3.6770486605199997,
      "max": 4.11548643452,
      "times": [
        4.07611736252,
        3.6770486605199997,
        4.09248357152,
        4.02141555252,
        4.11548643452,
        3.8571422795199997,
        3.82656086552,
        3.97798011752,
        3.97550000852,
        3.90319613952
      ],
      "exit_codes": [
        0,
        0,
        0,
        0,
        0,
        0,
        0,
        0,
        0,
        0
      ]
    },
    {
      "command": "berry",
      "mean": 1.7530082412200003,
      "stddev": 0.07579775452149523,
      "median": 1.7315432295200002,
      "user": 1.4254177,
      "system": 0.24830790000000005,
      "min": 1.65856086752,
      "max": 1.8788768485200003,
      "times": [
        1.8525248765200002,
        1.6761148415200002,
        1.79122577052,
        1.6758964815200001,
        1.8788768485200003,
        1.7032985815200001,
        1.7374452145200001,
        1.8304976855200001,
        1.65856086752,
        1.72564124452
      ],
      "exit_codes": [
        0,
        0,
        0,
        0,
        0,
        0,
        0,
        0,
        0,
        0
      ]
    },
    {
      "command": "pnpm",
      "mean": 1.07403467652,
      "stddev": 0.03335423953330494,
      "median": 1.0615843680200001,
      "user": 1.336789,
      "system": 0.2533368,
      "min": 1.0378883245200001,
      "max": 1.1589969825200002,
      "times": [
        1.0378883245200001,
        1.05510238252,
        1.0614310425200002,
        1.0600563575200002,
        1.06173769352,
        1.1048675355200002,
        1.07184847652,
        1.1589969825200002,
        1.0470702115200001,
        1.0813477585200002
      ],
      "exit_codes": [
        0,
        0,
        0,
        0,
        0,
        0,
        0,
        0,
        0,
        0
      ]
    },
    {
      "command": "vlt",
      "mean": 0.27982756552000004,
      "stddev": 0.004308864479482283,
      "median": 0.27998083951999997,
      "user": 0.26696250000000005,
      "system": 0.0651543,
      "min": 0.27167951752,
      "max": 0.28997607352,
      "times": [
        0.27969884652,
        0.28079430852,
        0.27745308952000003,
        0.28026283252,
        0.28092991552,
        0.27167951752,
        0.27768424452,
        0.28125532852,
        0.28997607352,
        0.27854149852
      ],
      "exit_codes": [
        0,
        0,
        0,
        0,
        0,
        0,
        0,
        0,
        0,
        0
      ]
    },
    {
      "command": "bun",
      "mean": 0.01799433052,
      "stddev": 0.00017756295474169104,
      "median": 0.01795910252,
      "user": 0.0075849,
      "system": 0.0161545,
      "min": 0.01776848852,
      "max": 0.01836365952,
      "times": [
        0.017926793519999998,
        0.01824652952,
        0.017977868520000002,
        0.01806639352,
        0.017873183520000002,
        0.01796828852,
        0.017949916519999998,
        0.01776848852,
        0.01836365952,
        0.01780218352
      ],
      "exit_codes": [
        0,
        0,
        0,
        0,
        0,
        0,
        0,
        0,
        0,
        0
      ]
    },
    {
      "command": "deno",
      "mean": 0.30807503512,
      "stddev": 0.0024016817532816967,
      "median": 0.30829106552,
      "user": 0.36997690000000005,
      "system": 0.1566028,
      "min": 0.30502719352,
      "max": 0.31340836952,
      "times": [
        0.30582901852,
        0.31340836952,
        0.30857388852,
        0.30800824252000003,
        0.30550806652,
        0.30983916552,
        0.30946437952,
        0.30865451752,
        0.30643750952,
        0.30502719352
      ],
      "exit_codes": [
        0,
        0,
        0,
        0,
        0,
        0,
        0,
        0,
        0,
        0
      ]
    }
  ]
}