{
  "results": [
    {
      "command": "npm",
      "mean": 4.292815087380001,
      "stddev": 1.5414550305495918,
      "median": 3.8057617755799997,
      "user": 1.4506089199999999,
      "system": 0.26851687999999996,
      "min": 3.50584845558,
      "max": 8.89521537958,
      "times": [
        3.7951758775799997,
        3.69738442358,
        3.8163476735799997,
        3.8173006355799997,
        3.50584845558,
        4.0349484025799995,
        8.89521537958,
        3.98147083858,
        3.5940532345799996,
        3.7904059525799996
      ],
      "exit_codes": [
        0,
        0,
        0,
        0,
        0,
        0,
        0,
        0,
        0,
        0
      ]
    },
    {
      "command": "yarn",
      "mean": 18.619695592679996,
      "stddev": 0.6891286917607974,
      "median": 18.53989047108,
      "user": 20.302438719999998,
      "system": 9.561347179999999,
      "min": 17.681049125580003,
      "max": 20.369735490580002,
      "times": [
        17.681049125580003,
        18.43400375658,
        18.66689675258,
        20.369735490580002,
        18.932341335580002,
        18.246155626580002,
        18.065919292580002,
        18.645777185580002,
        18.909498752580003,
        18.24557860858
      ],
      "exit_codes": [
        0,
        0,
        0,
        0,
        0,
        0,
        0,
        0,
        0,
        0
      ]
    },
    {
      "command": "berry",
      "mean": 4.792699042080001,
      "stddev": 0.20299905171772345,
      "median": 4.71583117408,
      "user": 8.84941162,
      "system": 2.03845998,
      "min": 4.59865438858,
      "max": 5.29581836358,
      "times": [
        4.68878185958,
        4.72917181258,
        4.88132391258,
        5.29581836358,
        4.59865438858,
        4.62889078858,
        4.70249053558,
        4.64623393358,
        4.76011875358,
        4.99550607258
      ],
      "exit_codes": [
        0,
        0,
        0,
        0,
        0,
        0,
        0,
        0,
        0,
        0
      ]
    },
    {
      "command": "zpm",
      "mean": 2.9857877932799997,
      "stddev": 0.713919084065551,
      "median": 2.95023498558,
      "user": 2.25871482,
      "system": 0.8206137799999998,
      "min": 1.9453188215800001,
      "max": 3.98996200058,
      "times": [
        2.3297555265799996,
        2.0803207485799997,
        3.94063475258,
        2.99186171258,
        3.5497699135799996,
        1.9453188215800001,
        2.55656550258,
        3.98996200058,
        2.9086082585799997,
        3.56508069558
      ],
      "exit_codes": [
        0,
        0,
        0,
        0,
        0,
        0,
        0,
        0,
        0,
        0
      ]
    },
    {
      "command": "pnpm",
      "mean": 2.9096700470799997,
      "stddev": 0.4529775300926634,
      "median": 2.6509334185799998,
      "user": 4.366745919999999,
      "system": 1.4277915799999998,
      "min": 2.57377754858,
      "max": 3.99290726058,
      "times": [
        2.63826865758,
        3.99290726058,
        2.60228599358,
        2.5819656095799997,
        3.08548316058,
        2.57377754858,
        2.60385664758,
        2.89274954458,
        2.6635981795799997,
        3.46180786858
      ],
      "exit_codes": [
        0,
        0,
        0,
        0,
        0,
        0,
        0,
        0,
        0,
        0
      ]
    },
    {
      "command": "vlt",
      "mean": 0.36416789148000006,
      "stddev": 0.006661307413238909,
      "median": 0.36385688108,
      "user": 0.39145562,
      "system": 0.07564057999999999,
      "min": 0.35272810158,
      "max": 0.37603374858000005,
      "times": [
        0.36111556958,
        0.36253873958000005,
        0.35272810158,
        0.35483906958,
        0.36446049058,
        0.36883530558000005,
        0.37049671558,
        0.36325327158000004,
        0.37603374858000005,
        0.36737790258
      ],
      "exit_codes": [
        0,
        0,
        0,
        0,
        0,
        0,
        0,
        0,
        0,
        0
      ]
    },
    {
      "command": "bun",
      "mean": 1.51611563548,
      "stddev": 0.4273657703873712,
      "median": 1.36588703158,
      "user": 2.00210012,
      "system": 1.46954958,
      "min": 1.15263052458,
      "max": 2.56007041158,
      "times": [
        1.15932223158,
        1.52150351658,
        2.0083206315799997,
        1.16550117358,
        1.41199976158,
        1.15263052458,
        2.56007041158,
        1.5860194355800001,
        1.31977430158,
        1.27601436658
      ],
      "exit_codes": [
        0,
        0,
        0,
        0,
        0,
        0,
        0,
        0,
        0,
        0
      ]
    },
    {
      "command": "deno",
      "mean": 11.03711334338,
      "stddev": 1.2659931684002144,
      "median": 11.035490540080001,
      "user": 3.23706242,
      "system": 0.90082278,
      "min": 9.29400283458,
      "max": 13.67857568058,
      "times": [
        12.29226412858,
        10.94347189958,
        9.29400283458,
        11.48568825158,
        13.67857568058,
        11.55103706758,
        10.694006697579999,
        11.12750918058,
        9.63293824158,
        9.671639451579999
      ],
      "exit_codes": [
        0,
        0,
        0,
        0,
        0,
        0,
        0,
        0,
        0,
        0
      ]
    }
  ]
}