{
  "results": [
    {
      "command": "npm",
      "mean": 0.6878897772600001,
      "stddev": 0.004698373379320338,
      "median": 0.68830298026,
      "user": 0.7900669999999999,
      "system": 0.11985789999999999,
      "min": 0.67986942626,
      "max": 0.69660842026,
      "times": [
        0.68135209826,
        0.67986942626,
        0.69279456726,
        0.68973812526,
        0.6882826092600001,
        0.68908501926,
        0.68832335126,
        0.69660842026,
        0.68498810326,
        0.68785605226
      ],
      "exit_codes": [
        0,
        0,
        0,
        0,
        0,
        0,
        0,
        0,
        0,
        0
      ]
    },
    {
      "command": "yarn",
      "mean": 16.64324798916,
      "stddev": 0.5068510216700237,
      "median": 16.63102910226,
      "user": 17.852507299999996,
      "system": 8.7762141,
      "min": 15.93970399926,
      "max": 17.488350423259998,
      "times": [
        16.944233460259998,
        16.034230535259997,
        16.43346551826,
        16.258164066259997,
        17.216159014259997,
        16.23040498926,
        17.488350423259998,
        15.93970399926,
        17.05917519926,
        16.82859268626
      ],
      "exit_codes": [
        0,
        0,
        0,
        0,
        0,
        0,
        0,
        0,
        0,
        0
      ]
    },
    {
      "command": "berry",
      "mean": 4.44610947886,
      "stddev": 0.10094070800260642,
      "median": 4.39028952226,
      "user": 8.320182499999998,
      "system": 1.9131927999999998,
      "min": 4.34437161326,
      "max": 4.66615952326,
      "times": [
        4.37896254626,
        4.570971778260001,
        4.66615952326,
        4.4982138352600005,
        4.37593750026,
        4.34437161326,
        4.35989312426,
        4.38245811526,
        4.39812092926,
        4.48600582326
      ],
      "exit_codes": [
        0,
        0,
        0,
        0,
        0,
        0,
        0,
        0,
        0,
        0
      ]
    },
    {
      "command": "pnpm",
      "mean": 2.40281206896,
      "stddev": 0.029314820540321227,
      "median": 2.40936364526,
      "user": 4.1859818,
      "system": 1.3968688999999999,
      "min": 2.35968107326,
      "max": 2.4628434492599998,
      "times": [
        2.35968107326,
        2.40041976326,
        2.4128316442599997,
        2.40705046926,
        2.3673484292599998,
        2.41855678526,
        2.41896480226,
        2.41167682126,
        2.36874745226,
        2.4628434492599998
      ],
      "exit_codes": [
        0,
        0,
        0,
        0,
        0,
        0,
        0,
        0,
        0,
        0
      ]
    },
    {
      "command": "vlt",
      "mean": 0.31182067686,
      "stddev": 0.003239736312747142,
      "median": 0.31084912076,
      "user": 0.33498770000000005,
      "system": 0.07132530000000001,
      "min": 0.30808027826,
      "max": 0.31811025826,
      "times": [
        0.31014558526,
        0.31191413826,
        0.31558133726,
        0.30916067226,
        0.31149595626,
        0.30808027826,
        0.31811025826,
        0.31526841226,
        0.31020228526,
        0.30824784526
      ],
      "exit_codes": [
        0,
        0,
        0,
        0,
        0,
        0,
        0,
        0,
        0,
        0
      ]
    },
    {
      "command": "bun",
      "mean": 1.10556743256,
      "stddev": 0.03554568402157415,
      "median": 1.09259699976,
      "user": 1.8811799999999999,
      "system": 1.4897619999999998,
      "min": 1.05337686026,
      "max": 1.1805947782600001,
      "times": [
        1.12832135326,
        1.08329963326,
        1.08736974926,
        1.05337686026,
        1.14948122326,
        1.10780902126,
        1.0802277072600002,
        1.0961491082600001,
        1.0890448912600001,
        1.1805947782600001
      ],
      "exit_codes": [
        0,
        0,
        0,
        0,
        0,
        0,
        0,
        0,
        0,
        0
      ]
    },
    {
      "command": "deno",
      "mean": 10.078656946759999,
      "stddev": 0.4605555424248049,
      "median": 10.05685336826,
      "user": 2.9895447999999996,
      "system": 0.8916814000000001,
      "min": 9.19798234426,
      "max": 10.70029288326,
      "times": [
        9.85193445326,
        10.18184549226,
        10.70029288326,
        9.87098442926,
        9.19798234426,
        10.68618380626,
        10.519770516260001,
        9.93186124426,
        9.59108158826,
        10.254632710260001
      ],
      "exit_codes": [
        0,
        0,
        0,
        0,
        0,
        0,
        0,
        0,
        0,
        0
      ]
    }
  ]
}