{
  "results": [
    {
      "command": "npm",
      "mean": 4.766411360840001,
      "stddev": 0.597864290466608,
      "median": 4.664612998440001,
      "user": 1.3607114399999998,
      "system": 0.2551984,
      "min": 4.081677042440001,
      "max": 6.073103892440001,
      "times": [
        5.241654003440001,
        4.58908339344,
        4.081677042440001,
        4.75659492944,
        5.365433292440001,
        4.304387447440001,
        6.073103892440001,
        4.40887192844,
        4.740142603440001,
        4.103165075440001
      ],
      "exit_codes": [
        0,
        0,
        0,
        0,
        0,
        0,
        0,
        0,
        0,
        0
      ]
    },
    {
      "command": "yarn",
      "mean": 21.21187419554,
      "stddev": 2.6486761267899657,
      "median": 19.97025755244,
      "user": 18.489685640000005,
      "system": 8.896736,
      "min": 19.33104502244,
      "max": 28.02015901944,
      "times": [
        19.44268378044,
        20.91012969144,
        19.33104502244,
        19.82676226844,
        28.02015901944,
        21.493680866440002,
        19.34190260444,
        19.62786031044,
        20.11375283644,
        24.01076555544
      ],
      "exit_codes": [
        0,
        0,
        0,
        0,
        0,
        0,
        0,
        0,
        0,
        0
      ]
    },
    {
      "command": "berry",
      "mean": 4.773573669540001,
      "stddev": 0.1547874627897406,
      "median": 4.75939749594,
      "user": 8.642318439999999,
      "system": 1.9681445999999998,
      "min": 4.6403335744400005,
      "max": 5.20016614044,
      "times": [
        4.800848811440001,
        4.767828559440001,
        4.7588608724400006,
        4.663776958440001,
        4.6593078424400005,
        4.81854683444,
        4.6403335744400005,
        4.75993411944,
        5.20016614044,
        4.666132982440001
      ],
      "exit_codes": [
        0,
        0,
        0,
        0,
        0,
        0,
        0,
        0,
        0,
        0
      ]
    },
    {
      "command": "pnpm",
      "mean": 2.8438987341399997,
      "stddev": 0.06144728198210371,
      "median": 2.8514139624399997,
      "user": 4.03609494,
      "system": 1.3471256999999999,
      "min": 2.75805663144,
      "max": 2.96910979244,
      "times": [
        2.85354441444,
        2.81482791444,
        2.77625823244,
        2.77868324044,
        2.87418201144,
        2.96910979244,
        2.90505032144,
        2.84928351044,
        2.85999127244,
        2.75805663144
      ],
      "exit_codes": [
        0,
        0,
        0,
        0,
        0,
        0,
        0,
        0,
        0,
        0
      ]
    },
    {
      "command": "vlt",
      "mean": 0.33517336014000004,
      "stddev": 0.004243100867433824,
      "median": 0.33654854344,
      "user": 0.35603284,
      "system": 0.0799477,
      "min": 0.32657464344000003,
      "max": 0.34133386344000005,
      "times": [
        0.33747384844,
        0.32657464344000003,
        0.33015420744,
        0.33761828544000005,
        0.33562323844,
        0.33838117244000004,
        0.34133386344000005,
        0.33526437844,
        0.33786818544,
        0.33144177844
      ],
      "exit_codes": [
        0,
        0,
        0,
        0,
        0,
        0,
        0,
        0,
        0,
        0
      ]
    },
    {
      "command": "bun",
      "mean": 1.55247231154,
      "stddev": 0.0847730167128212,
      "median": 1.5365730064399998,
      "user": 1.8469089399999998,
      "system": 1.4301932000000002,
      "min": 1.4497536014399999,
      "max": 1.69309448044,
      "times": [
        1.56197216644,
        1.65842588244,
        1.46930934044,
        1.55865659244,
        1.4497536014399999,
        1.51448942044,
        1.48478256344,
        1.65881059144,
        1.4754284764399999,
        1.69309448044
      ],
      "exit_codes": [
        0,
        0,
        0,
        0,
        0,
        0,
        0,
        0,
        0,
        0
      ]
    },
    {
      "command": "deno",
      "mean": 15.964609010339998,
      "stddev": 1.950885404864868,
      "median": 14.939320822940001,
      "user": 3.1805725399999996,
      "system": 0.8325642999999999,
      "min": 13.97172298744,
      "max": 19.43809509244,
      "times": [
        14.39793407644,
        13.97172298744,
        19.43809509244,
        14.33276494144,
        15.08631246744,
        17.93966554744,
        14.46645126044,
        18.87476072744,
        16.346053824440002,
        14.792329178440001
      ],
      "exit_codes": [
        0,
        0,
        0,
        0,
        0,
        0,
        0,
        0,
        0,
        0
      ]
    }
  ]
}