{
  "results": [
    {
      "command": "npm",
      "mean": 4.237308770519999,
      "stddev": 0.015615837609143713,
      "median": 4.23839323212,
      "user": 4.5982974599999995,
      "system": 2.4779282599999997,
      "min": 4.21282970162,
      "max": 4.26411328562,
      "times": [
        4.215672543619999,
        4.23578824262,
        4.21282970162,
        4.25805181562,
        4.23368375662,
        4.24099822162,
        4.241116121619999,
        4.26411328562,
        4.24468303562,
        4.22615098062
      ],
      "exit_codes": [
        0,
        0,
        0,
        0,
        0,
        0,
        0,
        0,
        0,
        0
      ]
    },
    {
      "command": "yarn",
      "mean": 12.60588219072,
      "stddev": 0.0901361541793228,
      "median": 12.57343602512,
      "user": 18.830155460000004,
      "system": 8.73592906,
      "min": 12.510968713619999,
      "max": 12.76891854362,
      "times": [
        12.76891854362,
        12.57917213562,
        12.510968713619999,
        12.59086022862,
        12.56769991462,
        12.68177632362,
        12.529584998619999,
        12.54466041562,
        12.75491709462,
        12.53026353862
      ],
      "exit_codes": [
        0,
        0,
        0,
        0,
        0,
        0,
        0,
        0,
        0,
        0
      ]
    },
    {
      "command": "berry",
      "mean": 3.91433457662,
      "stddev": 0.06686291164405589,
      "median": 3.9070500706200004,
      "user": 6.74897776,
      "system": 2.24691466,
      "min": 3.80335687462,
      "max": 4.0099556626199995,
      "times": [
        3.9054144976200003,
        3.90096560462,
        3.91227937062,
        3.8282508716200003,
        4.0099556626199995,
        3.87756643762,
        3.99372277362,
        4.003148029619999,
        3.80335687462,
        3.90868564362
      ],
      "exit_codes": [
        0,
        0,
        0,
        0,
        0,
        0,
        0,
        0,
        0,
        0
      ]
    },
    {
      "command": "zpm",
      "mean": 1.0468620770200001,
      "stddev": 0.09175916235310393,
      "median": 1.01792899362,
      "user": 0.76292906,
      "system": 0.6153494599999999,
      "min": 0.9629597016200001,
      "max": 1.2776987906200001,
      "times": [
        1.0998758346200002,
        0.9629597016200001,
        1.2776987906200001,
        1.01929161262,
        1.0627248796200002,
        1.1049465576200002,
        1.01656637462,
        0.9815231036200002,
        0.9632879736200001,
        0.9797459416200002
      ],
      "exit_codes": [
        0,
        0,
        0,
        0,
        0,
        0,
        0,
        0,
        0,
        0
      ]
    },
    {
      "command": "pnpm",
      "mean": 2.22880100362,
      "stddev": 0.017148245466477308,
      "median": 2.2245767026200003,
      "user": 3.4099894599999994,
      "system": 1.3310381599999999,
      "min": 2.19789189262,
      "max": 2.25844825662,
      "times": [
        2.19789189262,
        2.24275386962,
        2.22197020162,
        2.22718320362,
        2.25844825662,
        2.2140290726200003,
        2.21989477962,
        2.2436418756200003,
        2.21817574562,
        2.24402113862
      ],
      "exit_codes": [
        0,
        0,
        0,
        0,
        0,
        0,
        0,
        0,
        0,
        0
      ]
    },
    {
      "command": "vlt",
      "mean": 2.4427902659200003,
      "stddev": 0.0319536645765374,
      "median": 2.43491049612,
      "user": 3.19798386,
      "system": 1.5817725599999999,
      "min": 2.4142637756200003,
      "max": 2.53234481362,
      "times": [
        2.4142637756200003,
        2.53234481362,
        2.43121985262,
        2.44971980562,
        2.44243238462,
        2.42407957162,
        2.4485308266200003,
        2.42774472462,
        2.4189657646200002,
        2.4386011396200002
      ],
      "exit_codes": [
        0,
        0,
        0,
        0,
        0,
        0,
        0,
        0,
        0,
        0
      ]
    },
    {
      "command": "bun",
      "mean": 0.5686193775200001,
      "stddev": 0.02448665736832358,
      "median": 0.5629759821200001,
      "user": 0.59815976,
      "system": 0.87986076,
      "min": 0.5457273896200001,
      "max": 0.6298318996200001,
      "times": [
        0.5480903696200001,
        0.59006342862,
        0.5707049726200001,
        0.6298318996200001,
        0.5592782546200001,
        0.55116479762,
        0.5488298386200001,
        0.5758291146200001,
        0.5666737096200001,
        0.5457273896200001
      ],
      "exit_codes": [
        0,
        0,
        0,
        0,
        0,
        0,
        0,
        0,
        0,
        0
      ]
    },
    {
      "command": "deno",
      "mean": 3.41351541662,
      "stddev": 0.10710033476511287,
      "median": 3.4066301881200003,
      "user": 1.0721462599999998,
      "system": 1.1347696600000001,
      "min": 3.29819018762,
      "max": 3.6710920116200003,
      "times": [
        3.3262551946200003,
        3.41227064162,
        3.6710920116200003,
        3.45228119062,
        3.40098973462,
        3.29819018762,
        3.31049739062,
        3.32864448762,
        3.50022616762,
        3.43470715962
      ],
      "exit_codes": [
        0,
        0,
        0,
        0,
        0,
        0,
        0,
        0,
        0,
        0
      ]
    }
  ]
}