{
  "results": [
    {
      "command": "npm",
      "mean": 3.7890537108,
      "stddev": 0.6109579783310777,
      "median": 3.5223355095000004,
      "user": 0.77834346,
      "system": 0.16281697999999997,
      "min": 3.368987691,
      "max": 5.441913391,
      "times": [
        3.3953917600000003,
        3.645489485,
        3.3991815340000002,
        3.368987691,
        3.384378398,
        3.3920266100000003,
        4.165517672,
        5.441913391,
        3.733820559,
        3.963830008
      ],
      "exit_codes": [
        0,
        0,
        0,
        0,
        0,
        0,
        0,
        0,
        0,
        0
      ]
    },
    {
      "command": "yarn",
      "mean": 6.9386582911,
      "stddev": 0.8471937610546576,
      "median": 6.640577028499999,
      "user": 7.856720059999999,
      "system": 2.9298199799999995,
      "min": 6.4467439639999995,
      "max": 9.439131828,
      "times": [
        6.511060368,
        6.5754463869999995,
        6.704154093,
        6.633955735,
        6.908211473,
        6.6471983219999995,
        6.4467439639999995,
        6.9486962199999995,
        9.439131828,
        6.571984521
      ],
      "exit_codes": [
        0,
        0,
        0,
        0,
        0,
        0,
        0,
        0,
        0,
        0
      ]
    },
    {
      "command": "berry",
      "mean": 2.8262418993000002,
      "stddev": 0.5767903864575915,
      "median": 2.6244401545000002,
      "user": 3.918084859999999,
      "system": 0.99452408,
      "min": 2.5206151670000003,
      "max": 4.525441162,
      "times": [
        2.5286069710000003,
        2.609524043,
        2.591995572,
        2.936630778,
        2.6424429020000004,
        2.5206151670000003,
        2.632655426,
        2.658282089,
        4.525441162,
        2.616224883
      ],
      "exit_codes": [
        0,
        0,
        0,
        0,
        0,
        0,
        0,
        0,
        0,
        0
      ]
    },
    {
      "command": "zpm",
      "mean": 1.5247569132999998,
      "stddev": 0.14602427348709238,
      "median": 1.4791066259999999,
      "user": 0.7740725599999999,
      "system": 0.29337238,
      "min": 1.3473337459999999,
      "max": 1.767576364,
      "times": [
        1.442161749,
        1.6488810989999998,
        1.602598435,
        1.3473337459999999,
        1.381486072,
        1.504430982,
        1.366239995,
        1.4537822699999998,
        1.767576364,
        1.7330784209999999
      ],
      "exit_codes": [
        0,
        0,
        0,
        0,
        0,
        0,
        0,
        0,
        0,
        0
      ]
    },
    {
      "command": "pnpm",
      "mean": 1.4295566253999998,
      "stddev": 0.04764436478048245,
      "median": 1.4134243695,
      "user": 1.72998516,
      "system": 0.43442768000000004,
      "min": 1.379776798,
      "max": 1.5305838369999998,
      "times": [
        1.421222732,
        1.479754319,
        1.5305838369999998,
        1.4088903659999998,
        1.379776798,
        1.395847758,
        1.3819089679999998,
        1.417958373,
        1.480107558,
        1.3995155449999999
      ],
      "exit_codes": [
        0,
        0,
        0,
        0,
        0,
        0,
        0,
        0,
        0,
        0
      ]
    },
    {
      "command": "vlt",
      "mean": 0.27876095870000006,
      "stddev": 0.0017262039230947156,
      "median": 0.2788032475000001,
      "user": 0.2869288599999999,
      "system": 0.05436788,
      "min": 0.27671443500000004,
      "max": 0.281647476,
      "times": [
        0.27958529400000004,
        0.281647476,
        0.27983377800000003,
        0.27671443500000004,
        0.27716202500000003,
        0.276749783,
        0.281064119,
        0.277241956,
        0.27802120100000005,
        0.27958952000000004
      ],
      "exit_codes": [
        0,
        0,
        0,
        0,
        0,
        0,
        0,
        0,
        0,
        0
      ]
    },
    {
      "command": "bun",
      "mean": 0.5494254365,
      "stddev": 0.027202404345011828,
      "median": 0.5527824035,
      "user": 0.47405536000000004,
      "system": 0.33508537999999993,
      "min": 0.48284230300000003,
      "max": 0.5901535450000001,
      "times": [
        0.48284230300000003,
        0.545112043,
        0.551428095,
        0.5901535450000001,
        0.564044792,
        0.5600254100000001,
        0.552411249,
        0.553153558,
        0.569093988,
        0.525989382
      ],
      "exit_codes": [
        0,
        0,
        0,
        0,
        0,
        0,
        0,
        0,
        0,
        0
      ]
    },
    {
      "command": "deno",
      "mean": 0.8663860445999999,
      "stddev": 0.506192850899878,
      "median": 0.6734513385,
      "user": 0.32410816000000003,
      "system": 0.12909838,
      "min": 0.574527247,
      "max": 2.351219373,
      "times": [
        2.351219373,
        0.6787546470000001,
        0.9814652730000001,
        0.707735475,
        0.6644665550000001,
        0.651829372,
        0.574527247,
        0.771764867,
        0.613949607,
        0.66814803
      ],
      "exit_codes": [
        0,
        0,
        0,
        0,
        0,
        0,
        0,
        0,
        0,
        0
      ]
    }
  ]
}