{
  "results": [
    {
      "command": "npm",
      "mean": 5.5148673225,
      "stddev": 0.05651193975340696,
      "median": 5.544541585699999,
      "user": 6.354819699999999,
      "system": 3.1524796399999997,
      "min": 5.4215820642,
      "max": 5.5748803092,
      "times": [
        5.5057190812,
        5.4215820642,
        5.4469312381999995,
        5.5629067292,
        5.5534470272,
        5.5748803092,
        5.5479988822,
        5.5630845732,
        5.5410842892,
        5.4310390312
      ],
      "exit_codes": [
        0,
        0,
        0,
        0,
        0,
        0,
        0,
        0,
        0,
        0
      ]
    },
    {
      "command": "yarn",
      "mean": 12.316816568000002,
      "stddev": 0.1472942266947655,
      "median": 12.301920971700001,
      "user": 17.139611199999997,
      "system": 8.965039039999999,
      "min": 12.146172917200001,
      "max": 12.6055761592,
      "times": [
        12.414601989200001,
        12.460464320200002,
        12.412945263200001,
        12.6055761592,
        12.338819608200001,
        12.1620041152,
        12.146172917200001,
        12.1573747712,
        12.205184201200002,
        12.265022335200001
      ],
      "exit_codes": [
        0,
        0,
        0,
        0,
        0,
        0,
        0,
        0,
        0,
        0
      ]
    },
    {
      "command": "berry",
      "mean": 5.727562561,
      "stddev": 0.07418291993715342,
      "median": 5.717430783699999,
      "user": 9.715275199999999,
      "system": 3.27131204,
      "min": 5.6528816952,
      "max": 5.9192622641999995,
      "times": [
        5.9192622641999995,
        5.7534638272,
        5.6528816952,
        5.6642827131999995,
        5.6581335232,
        5.7628078492,
        5.6944618791999995,
        5.7348048832,
        5.7354702911999995,
        5.7000566842
      ],
      "exit_codes": [
        0,
        0,
        0,
        0,
        0,
        0,
        0,
        0,
        0,
        0
      ]
    },
    {
      "command": "zpm",
      "mean": 1.3805292450000004,
      "stddev": 0.13726000812737307,
      "median": 1.3282735372,
      "user": 1.1305229,
      "system": 0.9190901399999998,
      "min": 1.2737360302,
      "max": 1.7475068692000002,
      "times": [
        1.3560134072,
        1.3375856082000002,
        1.3205213422000002,
        1.7475068692000002,
        1.2833338702000001,
        1.3220772992,
        1.3177750592000002,
        1.2737360302,
        1.5122731892,
        1.3344697752
      ],
      "exit_codes": [
        0,
        0,
        0,
        0,
        0,
        0,
        0,
        0,
        0,
        0
      ]
    },
    {
      "command": "pnpm",
      "mean": 2.7528586796999996,
      "stddev": 0.040670694907173274,
      "median": 2.7484314096999998,
      "user": 4.381711699999999,
      "system": 1.77678524,
      "min": 2.7033972522,
      "max": 2.8301530472,
      "times": [
        2.7934554362,
        2.8301530472,
        2.7156482451999997,
        2.7938890912,
        2.7579287831999997,
        2.7203258341999996,
        2.7087067562,
        2.7033972522,
        2.7389340362,
        2.7661483151999997
      ],
      "exit_codes": [
        0,
        0,
        0,
        0,
        0,
        0,
        0,
        0,
        0,
        0
      ]
    },
    {
      "command": "vlt",
      "mean": 3.0250180022000004,
      "stddev": 0.02571006965243546,
      "median": 3.0267890017,
      "user": 3.9693224999999996,
      "system": 1.97684544,
      "min": 2.9822976232,
      "max": 3.0833280332,
      "times": [
        3.0345506132,
        3.0056507351999997,
        3.0286965682,
        3.0833280332,
        3.0418838191999997,
        3.0248814351999997,
        3.0096518902,
        3.0323988652,
        3.0068404392,
        2.9822976232
      ],
      "exit_codes": [
        0,
        0,
        0,
        0,
        0,
        0,
        0,
        0,
        0,
        0
      ]
    },
    {
      "command": "bun",
      "mean": 0.7130611362,
      "stddev": 0.24221076959407045,
      "median": 0.6278550387,
      "user": 0.7340859999999999,
      "system": 1.0885609399999998,
      "min": 0.6145251942,
      "max": 1.4382351392000001,
      "times": [
        1.4382351392000001,
        0.6185889912,
        0.6145251942,
        0.6618023622,
        0.6225569922,
        0.6251773282,
        0.6207125842,
        0.6570319572,
        0.6414480642,
        0.6305327492
      ],
      "exit_codes": [
        0,
        0,
        0,
        0,
        0,
        0,
        0,
        0,
        0,
        0
      ]
    },
    {
      "command": "deno",
      "mean": 2.9854821354000003,
      "stddev": 1.4126522497151905,
      "median": 2.4573610211999997,
      "user": 1.3531898999999998,
      "system": 1.4489898399999999,
      "min": 2.2828542902,
      "max": 7.1644402552,
      "times": [
        2.7963841491999997,
        7.1644402552,
        2.4114786572,
        2.2828542902,
        2.6188686642,
        2.3367481322,
        2.3682671032,
        3.0640389692,
        2.5032433852,
        2.3084977481999998
      ],
      "exit_codes": [
        0,
        0,
        0,
        0,
        0,
        0,
        0,
        0,
        0,
        0
      ]
    }
  ]
}