{
  "results": [
    {
      "command": "npm",
      "mean": 5.46078736206,
      "stddev": 0.06920454480127665,
      "median": 5.49537850706,
      "user": 6.347195799999999,
      "system": 3.1841326,
      "min": 5.34372094406,
      "max": 5.53332425306,
      "times": [
        5.50317980106,
        5.37352602306,
        5.34372094406,
        5.4238338190599995,
        5.49668497006,
        5.53332425306,
        5.53200505106,
        5.52650323006,
        5.38102348506,
        5.49407204406
      ],
      "exit_codes": [
        0,
        0,
        0,
        0,
        0,
        0,
        0,
        0,
        0,
        0
      ]
    },
    {
      "command": "vlt",
      "mean": 14.915670798159999,
      "stddev": 3.1372299742131555,
      "median": 14.62001976206,
      "user": 6.5645906,
      "system": 3.1619248,
      "min": 9.75848558506,
      "max": 21.59767185406,
      "times": [
        16.69986700706,
        16.57090968306,
        16.72707557706,
        14.882054398060001,
        13.929269445060001,
        21.59767185406,
        14.35798512606,
        11.05622301106,
        9.75848558506,
        13.577166295060001
      ],
      "exit_codes": [
        0,
        0,
        0,
        0,
        0,
        0,
        0,
        0,
        0,
        0
      ]
    },
    {
      "command": "aws",
      "mean": 6.18125263586,
      "stddev": 0.36012699355339145,
      "median": 6.10008639406,
      "user": 5.9773646,
      "system": 3.0834357,
      "min": 5.95315658706,
      "max": 7.23525611206,
      "times": [
        6.1144836930599995,
        5.97140235906,
        7.23525611206,
        5.99187383506,
        6.1968947300599995,
        5.99195764706,
        6.1240412190599995,
        6.14777108106,
        6.08568909506,
        5.95315658706
      ],
      "exit_codes": [
        0,
        0,
        0,
        0,
        0,
        0,
        0,
        0,
        0,
        0
      ]
    }
  ]
}