npm http fetch GET 200 https://vlt-451504312483.d.codeartifact.us-east-1.amazonaws.com/npm/code-artifact-benchmark-test/pinia 375ms (cache miss)
npm http fetch GET 200 https://vlt-451504312483.d.codeartifact.us-east-1.amazonaws.com/npm/code-artifact-benchmark-test/typescript 1198ms (cache miss)
npm http fetch GET 200 https://vlt-451504312483.d.codeartifact.us-east-1.amazonaws.com/npm/code-artifact-benchmark-test/vue 274ms (cache miss)
npm http fetch GET 200 https://vlt-451504312483.d.codeartifact.us-east-1.amazonaws.com/npm/code-artifact-benchmark-test/vue-router 195ms (cache miss)
npm http fetch GET 200 https://vlt-451504312483.d.codeartifact.us-east-1.amazonaws.com/npm/code-artifact-benchmark-test/@playwright%2ftest 743ms (cache miss)
npm http fetch GET 200 https://vlt-451504312483.d.codeartifact.us-east-1.amazonaws.com/npm/code-artifact-benchmark-test/@tsconfig%2fnode22 136ms (cache miss)
npm http fetch GET 200 https://vlt-451504312483.d.codeartifact.us-east-1.amazonaws.com/npm/code-artifact-benchmark-test/@types%2fjsdom 155ms (cache miss)
npm http fetch GET 200 https://vlt-451504312483.d.codeartifact.us-east-1.amazonaws.com/npm/code-artifact-benchmark-test/@types%2fnode 980ms (cache miss)
npm http fetch GET 200 https://vlt-451504312483.d.codeartifact.us-east-1.amazonaws.com/npm/code-artifact-benchmark-test/@vitejs%2fplugin-vue 188ms (cache miss)
npm http fetch GET 200 https://vlt-451504312483.d.codeartifact.us-east-1.amazonaws.com/npm/code-artifact-benchmark-test/vite 2798ms (cache miss)
npm http fetch GET 200 https://vlt-451504312483.d.codeartifact.us-east-1.amazonaws.com/npm/code-artifact-benchmark-test/@vitejs%2fplugin-vue-jsx 214ms (cache miss)
npm http fetch GET 200 https://vlt-451504312483.d.codeartifact.us-east-1.amazonaws.com/npm/code-artifact-benchmark-test/@vitest%2feslint-plugin 141ms (cache miss)
npm http fetch GET 200 https://vlt-451504312483.d.codeartifact.us-east-1.amazonaws.com/npm/code-artifact-benchmark-test/@typescript-eslint%2futils 996ms (cache miss)
npm http fetch GET 200 https://vlt-451504312483.d.codeartifact.us-east-1.amazonaws.com/npm/code-artifact-benchmark-test/eslint 258ms (cache miss)
npm http fetch GET 200 https://vlt-451504312483.d.codeartifact.us-east-1.amazonaws.com/npm/code-artifact-benchmark-test/vitest 220ms (cache miss)
npm http fetch GET 200 https://vlt-451504312483.d.codeartifact.us-east-1.amazonaws.com/npm/code-artifact-benchmark-test/jsdom 209ms (cache miss)
npm http fetch GET 200 https://vlt-451504312483.d.codeartifact.us-east-1.amazonaws.com/npm/code-artifact-benchmark-test/@vue%2feslint-config-prettier 187ms (cache miss)
npm http fetch GET 200 https://vlt-451504312483.d.codeartifact.us-east-1.amazonaws.com/npm/code-artifact-benchmark-test/prettier 211ms (cache miss)
npm http fetch GET 200 https://vlt-451504312483.d.codeartifact.us-east-1.amazonaws.com/npm/code-artifact-benchmark-test/@vue%2feslint-config-typescript 173ms (cache miss)
npm http fetch GET 200 https://vlt-451504312483.d.codeartifact.us-east-1.amazonaws.com/npm/code-artifact-benchmark-test/eslint-plugin-vue 236ms (cache miss)
npm http fetch GET 200 https://vlt-451504312483.d.codeartifact.us-east-1.amazonaws.com/npm/code-artifact-benchmark-test/@vue%2ftest-utils 186ms (cache miss)
npm http fetch GET 200 https://vlt-451504312483.d.codeartifact.us-east-1.amazonaws.com/npm/code-artifact-benchmark-test/@vue%2fcompiler-dom 216ms (cache miss)
npm http fetch GET 200 https://vlt-451504312483.d.codeartifact.us-east-1.amazonaws.com/npm/code-artifact-benchmark-test/@vue%2ftsconfig 166ms (cache miss)
npm http fetch GET 200 https://vlt-451504312483.d.codeartifact.us-east-1.amazonaws.com/npm/code-artifact-benchmark-test/eslint-plugin-playwright 249ms (cache miss)
npm http fetch GET 200 https://vlt-451504312483.d.codeartifact.us-east-1.amazonaws.com/npm/code-artifact-benchmark-test/npm-run-all2 166ms (cache miss)
npm http fetch GET 200 https://vlt-451504312483.d.codeartifact.us-east-1.amazonaws.com/npm/code-artifact-benchmark-test/vite-plugin-vue-devtools 201ms (cache miss)
npm http fetch GET 200 https://vlt-451504312483.d.codeartifact.us-east-1.amazonaws.com/npm/code-artifact-benchmark-test/vue-tsc 226ms (cache miss)
npm http fetch GET 200 https://vlt-451504312483.d.codeartifact.us-east-1.amazonaws.com/npm/code-artifact-benchmark-test/parse5 248ms (cache miss)
npm http fetch GET 200 https://vlt-451504312483.d.codeartifact.us-east-1.amazonaws.com/npm/code-artifact-benchmark-test/@types%2ftough-cookie 121ms (cache miss)
npm http fetch GET 200 https://vlt-451504312483.d.codeartifact.us-east-1.amazonaws.com/npm/code-artifact-benchmark-test/undici-types 158ms (cache miss)
npm http fetch GET 200 https://vlt-451504312483.d.codeartifact.us-east-1.amazonaws.com/npm/code-artifact-benchmark-test/fdir 141ms (cache miss)
npm http fetch GET 200 https://vlt-451504312483.d.codeartifact.us-east-1.amazonaws.com/npm/code-artifact-benchmark-test/@types%2fnode 822ms (cache updated)
npm http fetch GET 200 https://vlt-451504312483.d.codeartifact.us-east-1.amazonaws.com/npm/code-artifact-benchmark-test/esbuild 251ms (cache miss)
npm http fetch GET 200 https://vlt-451504312483.d.codeartifact.us-east-1.amazonaws.com/npm/code-artifact-benchmark-test/rollup 478ms (cache miss)
npm http fetch GET 200 https://vlt-451504312483.d.codeartifact.us-east-1.amazonaws.com/npm/code-artifact-benchmark-test/picomatch 136ms (cache miss)
npm http fetch GET 200 https://vlt-451504312483.d.codeartifact.us-east-1.amazonaws.com/npm/code-artifact-benchmark-test/postcss 200ms (cache miss)
npm http fetch GET 200 https://vlt-451504312483.d.codeartifact.us-east-1.amazonaws.com/npm/code-artifact-benchmark-test/playwright 1365ms (cache miss)
npm http fetch GET 200 https://vlt-451504312483.d.codeartifact.us-east-1.amazonaws.com/npm/code-artifact-benchmark-test/tinyglobby 151ms (cache miss)
npm http fetch GET 200 https://vlt-451504312483.d.codeartifact.us-east-1.amazonaws.com/npm/code-artifact-benchmark-test/fsevents 146ms (cache miss)
npm http fetch GET 200 https://vlt-451504312483.d.codeartifact.us-east-1.amazonaws.com/npm/code-artifact-benchmark-test/@vue%2fshared 159ms (cache miss)
npm http fetch GET 200 https://vlt-451504312483.d.codeartifact.us-east-1.amazonaws.com/npm/code-artifact-benchmark-test/@vue%2fcompiler-dom 160ms (cache updated)
npm http fetch GET 200 https://vlt-451504312483.d.codeartifact.us-east-1.amazonaws.com/npm/code-artifact-benchmark-test/@vue%2fruntime-dom 194ms (cache miss)
npm http fetch GET 200 https://vlt-451504312483.d.codeartifact.us-east-1.amazonaws.com/npm/code-artifact-benchmark-test/@vue%2fcompiler-sfc 206ms (cache miss)
npm http fetch GET 200 https://vlt-451504312483.d.codeartifact.us-east-1.amazonaws.com/npm/code-artifact-benchmark-test/@vue%2fserver-renderer 201ms (cache miss)
npm http fetch GET 200 https://vlt-451504312483.d.codeartifact.us-east-1.amazonaws.com/npm/code-artifact-benchmark-test/@babel%2fcore 194ms (cache miss)
npm http fetch GET 200 https://vlt-451504312483.d.codeartifact.us-east-1.amazonaws.com/npm/code-artifact-benchmark-test/@vue%2fbabel-plugin-jsx 139ms (cache miss)
npm http fetch GET 200 https://vlt-451504312483.d.codeartifact.us-east-1.amazonaws.com/npm/code-artifact-benchmark-test/@rolldown%2fpluginutils 202ms (cache miss)
npm http fetch GET 200 https://vlt-451504312483.d.codeartifact.us-east-1.amazonaws.com/npm/code-artifact-benchmark-test/@babel%2fplugin-transform-typescript 252ms (cache miss)
npm http fetch GET 200 https://vlt-451504312483.d.codeartifact.us-east-1.amazonaws.com/npm/code-artifact-benchmark-test/@eslint-community%2feslint-utils 145ms (cache miss)
npm http fetch GET 200 https://vlt-451504312483.d.codeartifact.us-east-1.amazonaws.com/npm/code-artifact-benchmark-test/@typescript-eslint%2ftypes 810ms (cache miss)
npm http fetch GET 200 https://vlt-451504312483.d.codeartifact.us-east-1.amazonaws.com/npm/code-artifact-benchmark-test/@typescript-eslint%2fscope-manager 819ms (cache miss)
npm http fetch GET 200 https://vlt-451504312483.d.codeartifact.us-east-1.amazonaws.com/npm/code-artifact-benchmark-test/ajv 176ms (cache miss)
npm http fetch GET 200 https://vlt-451504312483.d.codeartifact.us-east-1.amazonaws.com/npm/code-artifact-benchmark-test/chalk 157ms (cache miss)
npm http fetch GET 200 https://vlt-451504312483.d.codeartifact.us-east-1.amazonaws.com/npm/code-artifact-benchmark-test/debug 131ms (cache miss)
npm http fetch GET 200 https://vlt-451504312483.d.codeartifact.us-east-1.amazonaws.com/npm/code-artifact-benchmark-test/espree 163ms (cache miss)
npm http fetch GET 200 https://vlt-451504312483.d.codeartifact.us-east-1.amazonaws.com/npm/code-artifact-benchmark-test/ignore 180ms (cache miss)
npm http fetch GET 200 https://vlt-451504312483.d.codeartifact.us-east-1.amazonaws.com/npm/code-artifact-benchmark-test/esquery 120ms (cache miss)
npm http fetch GET 200 https://vlt-451504312483.d.codeartifact.us-east-1.amazonaws.com/npm/code-artifact-benchmark-test/esutils 149ms (cache miss)
npm http fetch GET 200 https://vlt-451504312483.d.codeartifact.us-east-1.amazonaws.com/npm/code-artifact-benchmark-test/@typescript-eslint%2ftypescript-estree 1371ms (cache miss)
npm http fetch GET 200 https://vlt-451504312483.d.codeartifact.us-east-1.amazonaws.com/npm/code-artifact-benchmark-test/find-up 167ms (cache miss)
npm http fetch GET 200 https://vlt-451504312483.d.codeartifact.us-east-1.amazonaws.com/npm/code-artifact-benchmark-test/is-glob 157ms (cache miss)
npm http fetch GET 200 https://vlt-451504312483.d.codeartifact.us-east-1.amazonaws.com/npm/code-artifact-benchmark-test/minimatch 157ms (cache miss)
npm http fetch GET 200 https://vlt-451504312483.d.codeartifact.us-east-1.amazonaws.com/npm/code-artifact-benchmark-test/@eslint%2fjs 150ms (cache miss)
npm http fetch GET 200 https://vlt-451504312483.d.codeartifact.us-east-1.amazonaws.com/npm/code-artifact-benchmark-test/optionator 127ms (cache miss)
npm http fetch GET 200 https://vlt-451504312483.d.codeartifact.us-east-1.amazonaws.com/npm/code-artifact-benchmark-test/glob-parent 121ms (cache miss)
npm http fetch GET 200 https://vlt-451504312483.d.codeartifact.us-east-1.amazonaws.com/npm/code-artifact-benchmark-test/imurmurhash 116ms (cache miss)
npm http fetch GET 200 https://vlt-451504312483.d.codeartifact.us-east-1.amazonaws.com/npm/code-artifact-benchmark-test/cross-spawn 166ms (cache miss)
npm http fetch GET 200 https://vlt-451504312483.d.codeartifact.us-east-1.amazonaws.com/npm/code-artifact-benchmark-test/eslint-scope 120ms (cache miss)
npm http fetch GET 200 https://vlt-451504312483.d.codeartifact.us-east-1.amazonaws.com/npm/code-artifact-benchmark-test/lodash.merge 125ms (cache miss)
npm http fetch GET 200 https://vlt-451504312483.d.codeartifact.us-east-1.amazonaws.com/npm/code-artifact-benchmark-test/@eslint%2fcore 170ms (cache miss)
npm http fetch GET 200 https://vlt-451504312483.d.codeartifact.us-east-1.amazonaws.com/npm/code-artifact-benchmark-test/fast-deep-equal 105ms (cache miss)
npm http fetch GET 200 https://vlt-451504312483.d.codeartifact.us-east-1.amazonaws.com/npm/code-artifact-benchmark-test/@types%2festree 113ms (cache miss)
npm http fetch GET 200 https://vlt-451504312483.d.codeartifact.us-east-1.amazonaws.com/npm/code-artifact-benchmark-test/@humanfs%2fnode 155ms (cache miss)
npm http fetch GET 200 https://vlt-451504312483.d.codeartifact.us-east-1.amazonaws.com/npm/code-artifact-benchmark-test/natural-compare 104ms (cache miss)
npm http fetch GET 200 https://vlt-451504312483.d.codeartifact.us-east-1.amazonaws.com/npm/code-artifact-benchmark-test/file-entry-cache 133ms (cache miss)
npm http fetch GET 200 https://vlt-451504312483.d.codeartifact.us-east-1.amazonaws.com/npm/code-artifact-benchmark-test/@eslint%2feslintrc 175ms (cache miss)
npm http fetch GET 200 https://vlt-451504312483.d.codeartifact.us-east-1.amazonaws.com/npm/code-artifact-benchmark-test/@eslint%2fplugin-kit 153ms (cache miss)
npm http fetch GET 200 https://vlt-451504312483.d.codeartifact.us-east-1.amazonaws.com/npm/code-artifact-benchmark-test/eslint-visitor-keys 128ms (cache miss)
npm http fetch GET 200 https://vlt-451504312483.d.codeartifact.us-east-1.amazonaws.com/npm/code-artifact-benchmark-test/@eslint%2fconfig-array 188ms (cache miss)
npm http fetch GET 200 https://vlt-451504312483.d.codeartifact.us-east-1.amazonaws.com/npm/code-artifact-benchmark-test/@humanwhocodes%2fretry 152ms (cache miss)
npm http fetch GET 200 https://vlt-451504312483.d.codeartifact.us-east-1.amazonaws.com/npm/code-artifact-benchmark-test/escape-string-regexp 149ms (cache miss)
npm http fetch GET 200 https://vlt-451504312483.d.codeartifact.us-east-1.amazonaws.com/npm/code-artifact-benchmark-test/@eslint%2fconfig-helpers 167ms (cache miss)
npm http fetch GET 200 https://vlt-451504312483.d.codeartifact.us-east-1.amazonaws.com/npm/code-artifact-benchmark-test/@eslint-community%2fregexpp 137ms (cache miss)
npm http fetch GET 200 https://vlt-451504312483.d.codeartifact.us-east-1.amazonaws.com/npm/code-artifact-benchmark-test/@eslint-community%2feslint-utils 120ms (cache updated)
npm http fetch GET 200 https://vlt-451504312483.d.codeartifact.us-east-1.amazonaws.com/npm/code-artifact-benchmark-test/json-stable-stringify-without-jsonify 115ms (cache miss)
npm http fetch GET 200 https://vlt-451504312483.d.codeartifact.us-east-1.amazonaws.com/npm/code-artifact-benchmark-test/@humanwhocodes%2fmodule-importer 148ms (cache miss)
npm http fetch GET 200 https://vlt-451504312483.d.codeartifact.us-east-1.amazonaws.com/npm/code-artifact-benchmark-test/eslint-config-prettier 149ms (cache miss)
npm http fetch GET 200 https://vlt-451504312483.d.codeartifact.us-east-1.amazonaws.com/npm/code-artifact-benchmark-test/eslint-plugin-prettier 139ms (cache miss)
npm http fetch GET 200 https://vlt-451504312483.d.codeartifact.us-east-1.amazonaws.com/npm/code-artifact-benchmark-test/fast-glob 147ms (cache miss)
npm http fetch GET 200 https://vlt-451504312483.d.codeartifact.us-east-1.amazonaws.com/npm/code-artifact-benchmark-test/vue-eslint-parser 166ms (cache miss)
npm http fetch GET 200 https://vlt-451504312483.d.codeartifact.us-east-1.amazonaws.com/npm/code-artifact-benchmark-test/semver 160ms (cache miss)
npm http fetch GET 200 https://vlt-451504312483.d.codeartifact.us-east-1.amazonaws.com/npm/code-artifact-benchmark-test/typescript-eslint 365ms (cache miss)
npm http fetch GET 200 https://vlt-451504312483.d.codeartifact.us-east-1.amazonaws.com/npm/code-artifact-benchmark-test/globals 145ms (cache miss)
npm http fetch GET 200 https://vlt-451504312483.d.codeartifact.us-east-1.amazonaws.com/npm/code-artifact-benchmark-test/nth-check 136ms (cache miss)
npm http fetch GET 200 https://vlt-451504312483.d.codeartifact.us-east-1.amazonaws.com/npm/code-artifact-benchmark-test/xml-name-validator 127ms (cache miss)
npm http fetch GET 200 https://vlt-451504312483.d.codeartifact.us-east-1.amazonaws.com/npm/code-artifact-benchmark-test/vue-eslint-parser 192ms (cache updated)
npm http fetch GET 200 https://vlt-451504312483.d.codeartifact.us-east-1.amazonaws.com/npm/code-artifact-benchmark-test/postcss-selector-parser 164ms (cache miss)
npm http fetch GET 200 https://vlt-451504312483.d.codeartifact.us-east-1.amazonaws.com/npm/code-artifact-benchmark-test/@eslint-community%2feslint-utils 177ms (cache updated)
npm http fetch GET 200 https://vlt-451504312483.d.codeartifact.us-east-1.amazonaws.com/npm/code-artifact-benchmark-test/js-beautify 176ms (cache miss)
npm http fetch GET 200 https://vlt-451504312483.d.codeartifact.us-east-1.amazonaws.com/npm/code-artifact-benchmark-test/vue-component-type-helpers 168ms (cache miss)
npm http fetch GET 200 https://vlt-451504312483.d.codeartifact.us-east-1.amazonaws.com/npm/code-artifact-benchmark-test/ws 131ms (cache miss)
npm http fetch GET 200 https://vlt-451504312483.d.codeartifact.us-east-1.amazonaws.com/npm/code-artifact-benchmark-test/globals 159ms (cache updated)
npm http fetch GET 200 https://vlt-451504312483.d.codeartifact.us-east-1.amazonaws.com/npm/code-artifact-benchmark-test/@vue%2fcompiler-core 197ms (cache miss)
npm http fetch GET 200 https://vlt-451504312483.d.codeartifact.us-east-1.amazonaws.com/npm/code-artifact-benchmark-test/nwsapi 120ms (cache miss)
npm http fetch GET 200 https://vlt-451504312483.d.codeartifact.us-east-1.amazonaws.com/npm/code-artifact-benchmark-test/saxes 145ms (cache miss)
npm http fetch GET 200 https://vlt-451504312483.d.codeartifact.us-east-1.amazonaws.com/npm/code-artifact-benchmark-test/parse5 126ms (cache updated)
npm http fetch GET 200 https://vlt-451504312483.d.codeartifact.us-east-1.amazonaws.com/npm/code-artifact-benchmark-test/data-urls 160ms (cache miss)
npm http fetch GET 200 https://vlt-451504312483.d.codeartifact.us-east-1.amazonaws.com/npm/code-artifact-benchmark-test/form-data 153ms (cache miss)
npm http fetch GET 200 https://vlt-451504312483.d.codeartifact.us-east-1.amazonaws.com/npm/code-artifact-benchmark-test/cssstyle 168ms (cache miss)
npm http fetch GET 200 https://vlt-451504312483.d.codeartifact.us-east-1.amazonaws.com/npm/code-artifact-benchmark-test/rrweb-cssom 141ms (cache miss)
npm http fetch GET 200 https://vlt-451504312483.d.codeartifact.us-east-1.amazonaws.com/npm/code-artifact-benchmark-test/decimal.js 150ms (cache miss)
npm http fetch GET 200 https://vlt-451504312483.d.codeartifact.us-east-1.amazonaws.com/npm/code-artifact-benchmark-test/whatwg-url 213ms (cache miss)
npm http fetch GET 200 https://vlt-451504312483.d.codeartifact.us-east-1.amazonaws.com/npm/code-artifact-benchmark-test/tough-cookie 127ms (cache miss)
npm http fetch GET 200 https://vlt-451504312483.d.codeartifact.us-east-1.amazonaws.com/npm/code-artifact-benchmark-test/symbol-tree 142ms (cache miss)
npm http fetch GET 200 https://vlt-451504312483.d.codeartifact.us-east-1.amazonaws.com/npm/code-artifact-benchmark-test/whatwg-encoding 111ms (cache miss)
npm http fetch GET 200 https://vlt-451504312483.d.codeartifact.us-east-1.amazonaws.com/npm/code-artifact-benchmark-test/whatwg-mimetype 136ms (cache miss)
npm http fetch GET 200 https://vlt-451504312483.d.codeartifact.us-east-1.amazonaws.com/npm/code-artifact-benchmark-test/http-proxy-agent 131ms (cache miss)
npm http fetch GET 200 https://vlt-451504312483.d.codeartifact.us-east-1.amazonaws.com/npm/code-artifact-benchmark-test/https-proxy-agent 166ms (cache miss)
npm http fetch GET 200 https://vlt-451504312483.d.codeartifact.us-east-1.amazonaws.com/npm/code-artifact-benchmark-test/w3c-xmlserializer 134ms (cache miss)
npm http fetch GET 200 https://vlt-451504312483.d.codeartifact.us-east-1.amazonaws.com/npm/code-artifact-benchmark-test/webidl-conversions 133ms (cache miss)
npm http fetch GET 200 https://vlt-451504312483.d.codeartifact.us-east-1.amazonaws.com/npm/code-artifact-benchmark-test/html-encoding-sniffer 120ms (cache miss)
npm http fetch GET 200 https://vlt-451504312483.d.codeartifact.us-east-1.amazonaws.com/npm/code-artifact-benchmark-test/is-potential-custom-element-name 123ms (cache miss)
npm http fetch GET 200 https://vlt-451504312483.d.codeartifact.us-east-1.amazonaws.com/npm/code-artifact-benchmark-test/which 134ms (cache miss)
npm http fetch GET 200 https://vlt-451504312483.d.codeartifact.us-east-1.amazonaws.com/npm/code-artifact-benchmark-test/pidtree 142ms (cache miss)
npm http fetch GET 200 https://vlt-451504312483.d.codeartifact.us-east-1.amazonaws.com/npm/code-artifact-benchmark-test/ansi-styles 105ms (cache miss)
npm http fetch GET 200 https://vlt-451504312483.d.codeartifact.us-east-1.amazonaws.com/npm/code-artifact-benchmark-test/minimatch 152ms (cache updated)
npm http fetch GET 200 https://vlt-451504312483.d.codeartifact.us-east-1.amazonaws.com/npm/code-artifact-benchmark-test/shell-quote 170ms (cache miss)
npm http fetch GET 200 https://vlt-451504312483.d.codeartifact.us-east-1.amazonaws.com/npm/code-artifact-benchmark-test/memorystream 155ms (cache miss)
npm http fetch GET 200 https://vlt-451504312483.d.codeartifact.us-east-1.amazonaws.com/npm/code-artifact-benchmark-test/read-package-json-fast 158ms (cache miss)
npm http fetch GET 200 https://vlt-451504312483.d.codeartifact.us-east-1.amazonaws.com/npm/code-artifact-benchmark-test/vue-demi 162ms (cache miss)
npm http fetch GET 200 https://vlt-451504312483.d.codeartifact.us-east-1.amazonaws.com/npm/code-artifact-benchmark-test/execa 141ms (cache miss)
npm http fetch GET 200 https://vlt-451504312483.d.codeartifact.us-east-1.amazonaws.com/npm/code-artifact-benchmark-test/@vue%2fdevtools-api 213ms (cache miss)
npm http fetch GET 200 https://vlt-451504312483.d.codeartifact.us-east-1.amazonaws.com/npm/code-artifact-benchmark-test/sirv 144ms (cache miss)
npm http fetch GET 200 https://vlt-451504312483.d.codeartifact.us-east-1.amazonaws.com/npm/code-artifact-benchmark-test/vite-plugin-inspect 171ms (cache miss)
npm http fetch GET 200 https://vlt-451504312483.d.codeartifact.us-east-1.amazonaws.com/npm/code-artifact-benchmark-test/vite-plugin-vue-inspector 194ms (cache miss)
npm http fetch GET 200 https://vlt-451504312483.d.codeartifact.us-east-1.amazonaws.com/npm/code-artifact-benchmark-test/@vue%2fdevtools-shared 139ms (cache miss)
npm http fetch GET 200 https://vlt-451504312483.d.codeartifact.us-east-1.amazonaws.com/npm/code-artifact-benchmark-test/@vue%2fdevtools-core 227ms (cache miss)
npm http fetch GET 200 https://vlt-451504312483.d.codeartifact.us-east-1.amazonaws.com/npm/code-artifact-benchmark-test/@vue%2fdevtools-kit 161ms (cache miss)
npm http fetch GET 200 https://vlt-451504312483.d.codeartifact.us-east-1.amazonaws.com/npm/code-artifact-benchmark-test/chai 150ms (cache miss)
npm http fetch GET 200 https://vlt-451504312483.d.codeartifact.us-east-1.amazonaws.com/npm/code-artifact-benchmark-test/debug 158ms (cache updated)
npm http fetch GET 200 https://vlt-451504312483.d.codeartifact.us-east-1.amazonaws.com/npm/code-artifact-benchmark-test/pathe 128ms (cache miss)
npm http fetch GET 200 https://vlt-451504312483.d.codeartifact.us-east-1.amazonaws.com/npm/code-artifact-benchmark-test/std-env 151ms (cache miss)
npm http fetch GET 200 https://vlt-451504312483.d.codeartifact.us-east-1.amazonaws.com/npm/code-artifact-benchmark-test/tinyexec 149ms (cache miss)
npm http fetch GET 200 https://vlt-451504312483.d.codeartifact.us-east-1.amazonaws.com/npm/code-artifact-benchmark-test/tinypool 127ms (cache miss)
npm http fetch GET 200 https://vlt-451504312483.d.codeartifact.us-east-1.amazonaws.com/npm/code-artifact-benchmark-test/tinybench 137ms (cache miss)
npm http fetch GET 200 https://vlt-451504312483.d.codeartifact.us-east-1.amazonaws.com/npm/code-artifact-benchmark-test/vite-node 233ms (cache miss)
npm http fetch GET 200 https://vlt-451504312483.d.codeartifact.us-east-1.amazonaws.com/npm/code-artifact-benchmark-test/@vitest%2fspy 197ms (cache miss)
npm http fetch GET 200 https://vlt-451504312483.d.codeartifact.us-east-1.amazonaws.com/npm/code-artifact-benchmark-test/tinyrainbow 129ms (cache miss)
npm http fetch GET 200 https://vlt-451504312483.d.codeartifact.us-east-1.amazonaws.com/npm/code-artifact-benchmark-test/expect-type 151ms (cache miss)
npm http fetch GET 200 https://vlt-451504312483.d.codeartifact.us-east-1.amazonaws.com/npm/code-artifact-benchmark-test/magic-string 168ms (cache miss)
npm http fetch GET 200 https://vlt-451504312483.d.codeartifact.us-east-1.amazonaws.com/npm/code-artifact-benchmark-test/@vitest%2futils 195ms (cache miss)
npm http fetch GET 200 https://vlt-451504312483.d.codeartifact.us-east-1.amazonaws.com/npm/code-artifact-benchmark-test/@vitest%2fexpect 159ms (cache miss)
npm http fetch GET 200 https://vlt-451504312483.d.codeartifact.us-east-1.amazonaws.com/npm/code-artifact-benchmark-test/@vitest%2fmocker 202ms (cache miss)
npm http fetch GET 200 https://vlt-451504312483.d.codeartifact.us-east-1.amazonaws.com/npm/code-artifact-benchmark-test/@vitest%2frunner 164ms (cache miss)
npm http fetch GET 200 https://vlt-451504312483.d.codeartifact.us-east-1.amazonaws.com/npm/code-artifact-benchmark-test/@vitest%2fsnapshot 193ms (cache miss)
npm http fetch GET 200 https://vlt-451504312483.d.codeartifact.us-east-1.amazonaws.com/npm/code-artifact-benchmark-test/why-is-node-running 145ms (cache miss)
npm http fetch GET 200 https://vlt-451504312483.d.codeartifact.us-east-1.amazonaws.com/npm/code-artifact-benchmark-test/@vitest%2fpretty-format 145ms (cache miss)
npm http fetch GET 200 https://vlt-451504312483.d.codeartifact.us-east-1.amazonaws.com/npm/code-artifact-benchmark-test/@vue%2fdevtools-api 142ms (cache updated)
npm http fetch GET 200 https://vlt-451504312483.d.codeartifact.us-east-1.amazonaws.com/npm/code-artifact-benchmark-test/@volar%2ftypescript 155ms (cache miss)
npm http fetch GET 200 https://vlt-451504312483.d.codeartifact.us-east-1.amazonaws.com/npm/code-artifact-benchmark-test/@vue%2flanguage-core 144ms (cache miss)
npm http fetch GET 200 https://vlt-451504312483.d.codeartifact.us-east-1.amazonaws.com/npm/code-artifact-benchmark-test/vite 2737ms (cache updated)
npm http fetch GET 200 https://vlt-451504312483.d.codeartifact.us-east-1.amazonaws.com/npm/code-artifact-benchmark-test/playwright-core 1580ms (cache miss)
npm http fetch GET 200 https://vlt-451504312483.d.codeartifact.us-east-1.amazonaws.com/npm/code-artifact-benchmark-test/entities 142ms (cache miss)
npm http fetch GET 200 https://vlt-451504312483.d.codeartifact.us-east-1.amazonaws.com/npm/code-artifact-benchmark-test/eslint 211ms (cache updated)
npm http fetch GET 200 https://vlt-451504312483.d.codeartifact.us-east-1.amazonaws.com/npm/code-artifact-benchmark-test/typescript 1076ms (cache updated)
npm http fetch GET 200 https://vlt-451504312483.d.codeartifact.us-east-1.amazonaws.com/npm/code-artifact-benchmark-test/eslint-visitor-keys 121ms (cache updated)
npm http fetch GET 200 https://vlt-451504312483.d.codeartifact.us-east-1.amazonaws.com/npm/code-artifact-benchmark-test/debug 154ms (cache updated)
npm http fetch GET 200 https://vlt-451504312483.d.codeartifact.us-east-1.amazonaws.com/npm/code-artifact-benchmark-test/semver 125ms (cache updated)
npm http fetch GET 200 https://vlt-451504312483.d.codeartifact.us-east-1.amazonaws.com/npm/code-artifact-benchmark-test/minimatch 143ms (cache updated)
npm http fetch GET 200 https://vlt-451504312483.d.codeartifact.us-east-1.amazonaws.com/npm/code-artifact-benchmark-test/tinyglobby 151ms (cache updated)
npm http fetch GET 200 https://vlt-451504312483.d.codeartifact.us-east-1.amazonaws.com/npm/code-artifact-benchmark-test/ts-api-utils 150ms (cache miss)
npm http fetch GET 200 https://vlt-451504312483.d.codeartifact.us-east-1.amazonaws.com/npm/code-artifact-benchmark-test/@typescript-eslint%2ftsconfig-utils 291ms (cache miss)
npm http fetch GET 200 https://vlt-451504312483.d.codeartifact.us-east-1.amazonaws.com/npm/code-artifact-benchmark-test/@typescript-eslint%2fvisitor-keys 966ms (cache miss)
npm http fetch GET 200 https://vlt-451504312483.d.codeartifact.us-east-1.amazonaws.com/npm/code-artifact-benchmark-test/@typescript-eslint%2fproject-service 253ms (cache miss)
npm http fetch GET 200 https://vlt-451504312483.d.codeartifact.us-east-1.amazonaws.com/npm/code-artifact-benchmark-test/@typescript-eslint%2fvisitor-keys 1042ms (cache miss)
npm http fetch GET 200 https://vlt-451504312483.d.codeartifact.us-east-1.amazonaws.com/npm/code-artifact-benchmark-test/eslint-visitor-keys 139ms (cache updated)
npm http fetch GET 200 https://vlt-451504312483.d.codeartifact.us-east-1.amazonaws.com/npm/code-artifact-benchmark-test/ms 128ms (cache miss)
npm http fetch GET 200 https://vlt-451504312483.d.codeartifact.us-east-1.amazonaws.com/npm/code-artifact-benchmark-test/brace-expansion 139ms (cache miss)
npm http fetch GET 200 https://vlt-451504312483.d.codeartifact.us-east-1.amazonaws.com/npm/code-artifact-benchmark-test/@typescript-eslint%2ftsconfig-utils 203ms (cache updated)
npm http fetch GET 200 https://vlt-451504312483.d.codeartifact.us-east-1.amazonaws.com/npm/code-artifact-benchmark-test/fdir 127ms (cache updated)
npm http fetch GET 200 https://vlt-451504312483.d.codeartifact.us-east-1.amazonaws.com/npm/code-artifact-benchmark-test/picomatch 156ms (cache updated)
npm http fetch GET 200 https://vlt-451504312483.d.codeartifact.us-east-1.amazonaws.com/npm/code-artifact-benchmark-test/@babel%2fhelper-compilation-targets 156ms (cache miss)
npm http fetch GET 200 https://vlt-451504312483.d.codeartifact.us-east-1.amazonaws.com/npm/code-artifact-benchmark-test/@babel%2fcode-frame 178ms (cache miss)
npm http fetch GET 200 https://vlt-451504312483.d.codeartifact.us-east-1.amazonaws.com/npm/code-artifact-benchmark-test/@babel%2fgenerator 201ms (cache miss)
npm http fetch GET 200 https://vlt-451504312483.d.codeartifact.us-east-1.amazonaws.com/npm/code-artifact-benchmark-test/@babel%2fhelper-module-transforms 135ms (cache miss)
npm http fetch GET 200 https://vlt-451504312483.d.codeartifact.us-east-1.amazonaws.com/npm/code-artifact-benchmark-test/@babel%2fhelpers 151ms (cache miss)
npm http fetch GET 200 https://vlt-451504312483.d.codeartifact.us-east-1.amazonaws.com/npm/code-artifact-benchmark-test/@babel%2fparser 169ms (cache miss)
npm http fetch GET 200 https://vlt-451504312483.d.codeartifact.us-east-1.amazonaws.com/npm/code-artifact-benchmark-test/@babel%2ftemplate 170ms (cache miss)
npm http fetch GET 200 https://vlt-451504312483.d.codeartifact.us-east-1.amazonaws.com/npm/code-artifact-benchmark-test/@babel%2ftraverse 173ms (cache miss)
npm http fetch GET 200 https://vlt-451504312483.d.codeartifact.us-east-1.amazonaws.com/npm/code-artifact-benchmark-test/@babel%2ftypes 172ms (cache miss)
npm http fetch GET 200 https://vlt-451504312483.d.codeartifact.us-east-1.amazonaws.com/npm/code-artifact-benchmark-test/@jridgewell%2fremapping 134ms (cache miss)
npm http fetch GET 200 https://vlt-451504312483.d.codeartifact.us-east-1.amazonaws.com/npm/code-artifact-benchmark-test/convert-source-map 158ms (cache miss)
npm http fetch GET 200 https://vlt-451504312483.d.codeartifact.us-east-1.amazonaws.com/npm/code-artifact-benchmark-test/gensync 159ms (cache miss)
npm http fetch GET 200 https://vlt-451504312483.d.codeartifact.us-east-1.amazonaws.com/npm/code-artifact-benchmark-test/json5 143ms (cache miss)
npm http fetch GET 200 https://vlt-451504312483.d.codeartifact.us-east-1.amazonaws.com/npm/code-artifact-benchmark-test/semver 162ms (cache updated)
npm http fetch GET 200 https://vlt-451504312483.d.codeartifact.us-east-1.amazonaws.com/npm/code-artifact-benchmark-test/@babel%2fhelper-plugin-utils 153ms (cache miss)
npm http fetch GET 200 https://vlt-451504312483.d.codeartifact.us-east-1.amazonaws.com/npm/code-artifact-benchmark-test/@babel%2fhelper-annotate-as-pure 177ms (cache miss)
npm http fetch GET 200 https://vlt-451504312483.d.codeartifact.us-east-1.amazonaws.com/npm/code-artifact-benchmark-test/@babel%2fplugin-syntax-typescript 147ms (cache miss)
npm http fetch GET 200 https://vlt-451504312483.d.codeartifact.us-east-1.amazonaws.com/npm/code-artifact-benchmark-test/@babel%2fhelper-skip-transparent-expression-wrappers 198ms (cache miss)
npm http fetch GET 200 https://vlt-451504312483.d.codeartifact.us-east-1.amazonaws.com/npm/code-artifact-benchmark-test/@babel%2fhelper-create-class-features-plugin 259ms (cache miss)
npm http fetch GET 200 https://vlt-451504312483.d.codeartifact.us-east-1.amazonaws.com/npm/code-artifact-benchmark-test/@vue%2fshared 336ms (cache updated)
npm http fetch GET 200 https://vlt-451504312483.d.codeartifact.us-east-1.amazonaws.com/npm/code-artifact-benchmark-test/@babel%2ftypes 213ms (cache updated)
npm http fetch GET 200 https://vlt-451504312483.d.codeartifact.us-east-1.amazonaws.com/npm/code-artifact-benchmark-test/@babel%2ftemplate 229ms (cache updated)
npm http fetch GET 200 https://vlt-451504312483.d.codeartifact.us-east-1.amazonaws.com/npm/code-artifact-benchmark-test/@babel%2fplugin-syntax-jsx 147ms (cache miss)
npm http fetch GET 200 https://vlt-451504312483.d.codeartifact.us-east-1.amazonaws.com/npm/code-artifact-benchmark-test/@babel%2ftraverse 169ms (cache updated)
npm http fetch GET 200 https://vlt-451504312483.d.codeartifact.us-east-1.amazonaws.com/npm/code-artifact-benchmark-test/@babel%2fhelper-plugin-utils 137ms (cache updated)
npm http fetch GET 200 https://vlt-451504312483.d.codeartifact.us-east-1.amazonaws.com/npm/code-artifact-benchmark-test/@vue%2fbabel-plugin-resolve-type 113ms (cache miss)
npm http fetch GET 200 https://vlt-451504312483.d.codeartifact.us-east-1.amazonaws.com/npm/code-artifact-benchmark-test/@babel%2fhelper-module-imports 132ms (cache miss)
npm http fetch GET 200 https://vlt-451504312483.d.codeartifact.us-east-1.amazonaws.com/npm/code-artifact-benchmark-test/@vue%2fbabel-helper-vue-transform-on 129ms (cache miss)
npm http fetch GET 200 https://vlt-451504312483.d.codeartifact.us-east-1.amazonaws.com/npm/code-artifact-benchmark-test/@babel%2fcore 146ms (cache updated)
npm http fetch GET 200 https://vlt-451504312483.d.codeartifact.us-east-1.amazonaws.com/npm/code-artifact-benchmark-test/picocolors 110ms (cache miss)
npm http fetch GET 200 https://vlt-451504312483.d.codeartifact.us-east-1.amazonaws.com/npm/code-artifact-benchmark-test/js-tokens 135ms (cache miss)
npm http fetch GET 200 https://vlt-451504312483.d.codeartifact.us-east-1.amazonaws.com/npm/code-artifact-benchmark-test/@babel%2fhelper-validator-identifier 136ms (cache miss)
npm http fetch GET 200 https://vlt-451504312483.d.codeartifact.us-east-1.amazonaws.com/npm/code-artifact-benchmark-test/@babel%2ftypes 85ms (cache updated)
npm http fetch GET 200 https://vlt-451504312483.d.codeartifact.us-east-1.amazonaws.com/npm/code-artifact-benchmark-test/jsesc 130ms (cache miss)
npm http fetch GET 200 https://vlt-451504312483.d.codeartifact.us-east-1.amazonaws.com/npm/code-artifact-benchmark-test/@babel%2fparser 175ms (cache updated)
npm http fetch GET 200 https://vlt-451504312483.d.codeartifact.us-east-1.amazonaws.com/npm/code-artifact-benchmark-test/@jridgewell%2fgen-mapping 127ms (cache miss)
npm http fetch GET 200 https://vlt-451504312483.d.codeartifact.us-east-1.amazonaws.com/npm/code-artifact-benchmark-test/@jridgewell%2ftrace-mapping 155ms (cache miss)
npm http fetch GET 200 https://vlt-451504312483.d.codeartifact.us-east-1.amazonaws.com/npm/code-artifact-benchmark-test/@babel%2fcompat-data 163ms (cache miss)
npm http fetch GET 200 https://vlt-451504312483.d.codeartifact.us-east-1.amazonaws.com/npm/code-artifact-benchmark-test/@babel%2fhelper-validator-option 147ms (cache miss)
npm http fetch GET 200 https://vlt-451504312483.d.codeartifact.us-east-1.amazonaws.com/npm/code-artifact-benchmark-test/browserslist 155ms (cache miss)
npm http fetch GET 200 https://vlt-451504312483.d.codeartifact.us-east-1.amazonaws.com/npm/code-artifact-benchmark-test/@babel%2fhelper-module-imports 128ms (cache updated)
npm http fetch GET 200 https://vlt-451504312483.d.codeartifact.us-east-1.amazonaws.com/npm/code-artifact-benchmark-test/lru-cache 155ms (cache miss)
npm http fetch GET 200 https://vlt-451504312483.d.codeartifact.us-east-1.amazonaws.com/npm/code-artifact-benchmark-test/@babel%2fhelper-globals 136ms (cache miss)
npm http fetch GET 200 https://vlt-451504312483.d.codeartifact.us-east-1.amazonaws.com/npm/code-artifact-benchmark-test/@babel%2fhelper-string-parser 128ms (cache miss)
npm http fetch GET 200 https://vlt-451504312483.d.codeartifact.us-east-1.amazonaws.com/npm/code-artifact-benchmark-test/@jridgewell%2fgen-mapping 122ms (cache updated)
npm http fetch GET 200 https://vlt-451504312483.d.codeartifact.us-east-1.amazonaws.com/npm/code-artifact-benchmark-test/@jridgewell%2ftrace-mapping 136ms (cache updated)
npm http fetch GET 200 https://vlt-451504312483.d.codeartifact.us-east-1.amazonaws.com/npm/code-artifact-benchmark-test/@jridgewell%2fresolve-uri 122ms (cache miss)
npm http fetch GET 200 https://vlt-451504312483.d.codeartifact.us-east-1.amazonaws.com/npm/code-artifact-benchmark-test/@jridgewell%2fsourcemap-codec 127ms (cache miss)
npm http fetch GET 200 https://vlt-451504312483.d.codeartifact.us-east-1.amazonaws.com/npm/code-artifact-benchmark-test/@jridgewell%2fsourcemap-codec 174ms (cache miss)
npm http fetch GET 200 https://vlt-451504312483.d.codeartifact.us-east-1.amazonaws.com/npm/code-artifact-benchmark-test/node-releases 156ms (cache miss)
npm http fetch GET 200 https://vlt-451504312483.d.codeartifact.us-east-1.amazonaws.com/npm/code-artifact-benchmark-test/update-browserslist-db 130ms (cache miss)
npm http fetch GET 200 https://vlt-451504312483.d.codeartifact.us-east-1.amazonaws.com/npm/code-artifact-benchmark-test/caniuse-lite 295ms (cache miss)
npm http fetch GET 200 https://vlt-451504312483.d.codeartifact.us-east-1.amazonaws.com/npm/code-artifact-benchmark-test/electron-to-chromium 405ms (cache miss)
npm http fetch GET 200 https://vlt-451504312483.d.codeartifact.us-east-1.amazonaws.com/npm/code-artifact-benchmark-test/yallist 125ms (cache miss)
npm http fetch GET 200 https://vlt-451504312483.d.codeartifact.us-east-1.amazonaws.com/npm/code-artifact-benchmark-test/baseline-browser-mapping 282ms (cache miss)
npm http fetch GET 200 https://vlt-451504312483.d.codeartifact.us-east-1.amazonaws.com/npm/code-artifact-benchmark-test/@babel%2fcore 153ms (cache updated)
npm http fetch GET 200 https://vlt-451504312483.d.codeartifact.us-east-1.amazonaws.com/npm/code-artifact-benchmark-test/@babel%2fhelper-optimise-call-expression 126ms (cache miss)
npm http fetch GET 200 https://vlt-451504312483.d.codeartifact.us-east-1.amazonaws.com/npm/code-artifact-benchmark-test/@babel%2fhelper-replace-supers 142ms (cache miss)
npm http fetch GET 200 https://vlt-451504312483.d.codeartifact.us-east-1.amazonaws.com/npm/code-artifact-benchmark-test/@babel%2fhelper-member-expression-to-functions 173ms (cache miss)
npm http fetch GET 200 https://vlt-451504312483.d.codeartifact.us-east-1.amazonaws.com/npm/code-artifact-benchmark-test/@vue%2fcompiler-sfc 210ms (cache updated)
npm http fetch GET 200 https://vlt-451504312483.d.codeartifact.us-east-1.amazonaws.com/npm/code-artifact-benchmark-test/estree-walker 141ms (cache miss)
npm http fetch GET 200 https://vlt-451504312483.d.codeartifact.us-east-1.amazonaws.com/npm/code-artifact-benchmark-test/magic-string 180ms (cache updated)
npm http fetch GET 200 https://vlt-451504312483.d.codeartifact.us-east-1.amazonaws.com/npm/code-artifact-benchmark-test/postcss 218ms (cache updated)
npm http fetch GET 200 https://vlt-451504312483.d.codeartifact.us-east-1.amazonaws.com/npm/code-artifact-benchmark-test/source-map-js 154ms (cache miss)
npm http fetch GET 200 https://vlt-451504312483.d.codeartifact.us-east-1.amazonaws.com/npm/code-artifact-benchmark-test/@vue%2fcompiler-ssr 174ms (cache miss)
npm http fetch GET 200 https://vlt-451504312483.d.codeartifact.us-east-1.amazonaws.com/npm/code-artifact-benchmark-test/entities 149ms (cache updated)
npm http fetch GET 200 https://vlt-451504312483.d.codeartifact.us-east-1.amazonaws.com/npm/code-artifact-benchmark-test/nanoid 168ms (cache miss)
npm http fetch GET 200 https://vlt-451504312483.d.codeartifact.us-east-1.amazonaws.com/npm/code-artifact-benchmark-test/eslint 234ms (cache updated)
npm http fetch GET 200 https://vlt-451504312483.d.codeartifact.us-east-1.amazonaws.com/npm/code-artifact-benchmark-test/prettier 196ms (cache updated)
npm http fetch GET 200 https://vlt-451504312483.d.codeartifact.us-east-1.amazonaws.com/npm/code-artifact-benchmark-test/prettier-linter-helpers 127ms (cache miss)
npm http fetch GET 200 https://vlt-451504312483.d.codeartifact.us-east-1.amazonaws.com/npm/code-artifact-benchmark-test/synckit 132ms (cache miss)
npm http fetch GET 200 https://vlt-451504312483.d.codeartifact.us-east-1.amazonaws.com/npm/code-artifact-benchmark-test/eslint 236ms (cache updated)
npm http fetch GET 200 https://vlt-451504312483.d.codeartifact.us-east-1.amazonaws.com/npm/code-artifact-benchmark-test/typescript 925ms (cache updated)
npm http fetch GET 200 https://vlt-451504312483.d.codeartifact.us-east-1.amazonaws.com/npm/code-artifact-benchmark-test/glob-parent 130ms (cache updated)
npm http fetch GET 200 https://vlt-451504312483.d.codeartifact.us-east-1.amazonaws.com/npm/code-artifact-benchmark-test/@nodelib%2ffs.walk 134ms (cache miss)
npm http fetch GET 200 https://vlt-451504312483.d.codeartifact.us-east-1.amazonaws.com/npm/code-artifact-benchmark-test/@nodelib%2ffs.stat 150ms (cache miss)
npm http fetch GET 200 https://vlt-451504312483.d.codeartifact.us-east-1.amazonaws.com/npm/code-artifact-benchmark-test/micromatch 142ms (cache miss)
npm http fetch GET 200 https://vlt-451504312483.d.codeartifact.us-east-1.amazonaws.com/npm/code-artifact-benchmark-test/merge2 198ms (cache miss)
npm http fetch GET 200 https://vlt-451504312483.d.codeartifact.us-east-1.amazonaws.com/npm/code-artifact-benchmark-test/eslint-scope 118ms (cache updated)
npm http fetch GET 200 https://vlt-451504312483.d.codeartifact.us-east-1.amazonaws.com/npm/code-artifact-benchmark-test/eslint-visitor-keys 126ms (cache updated)
npm http fetch GET 200 https://vlt-451504312483.d.codeartifact.us-east-1.amazonaws.com/npm/code-artifact-benchmark-test/espree 160ms (cache updated)
npm http fetch GET 200 https://vlt-451504312483.d.codeartifact.us-east-1.amazonaws.com/npm/code-artifact-benchmark-test/esquery 123ms (cache updated)
npm http fetch GET 200 https://vlt-451504312483.d.codeartifact.us-east-1.amazonaws.com/npm/code-artifact-benchmark-test/@typescript-eslint%2fparser 1375ms (cache miss)
npm http fetch GET 200 https://vlt-451504312483.d.codeartifact.us-east-1.amazonaws.com/npm/code-artifact-benchmark-test/@typescript-eslint%2feslint-plugin 1504ms (cache miss)
npm http fetch GET 200 https://vlt-451504312483.d.codeartifact.us-east-1.amazonaws.com/npm/code-artifact-benchmark-test/config-chain 152ms (cache miss)
npm http fetch GET 200 https://vlt-451504312483.d.codeartifact.us-east-1.amazonaws.com/npm/code-artifact-benchmark-test/editorconfig 170ms (cache miss)
npm http fetch GET 200 https://vlt-451504312483.d.codeartifact.us-east-1.amazonaws.com/npm/code-artifact-benchmark-test/glob 173ms (cache miss)
npm http fetch GET 200 https://vlt-451504312483.d.codeartifact.us-east-1.amazonaws.com/npm/code-artifact-benchmark-test/nopt 128ms (cache miss)
npm http fetch GET 200 https://vlt-451504312483.d.codeartifact.us-east-1.amazonaws.com/npm/code-artifact-benchmark-test/js-cookie 202ms (cache miss)
npm http fetch GET 200 https://vlt-451504312483.d.codeartifact.us-east-1.amazonaws.com/npm/code-artifact-benchmark-test/browserslist 170ms (cache updated)
npm http fetch GET 200 https://vlt-451504312483.d.codeartifact.us-east-1.amazonaws.com/npm/code-artifact-benchmark-test/escalade 107ms (cache miss)
npm http fetch GET 200 https://vlt-451504312483.d.codeartifact.us-east-1.amazonaws.com/npm/code-artifact-benchmark-test/@types%2fjson-schema 115ms (cache miss)
npm http fetch GET 200 https://vlt-451504312483.d.codeartifact.us-east-1.amazonaws.com/npm/code-artifact-benchmark-test/@eslint%2fobject-schema 130ms (cache miss)
npm http fetch GET 200 https://vlt-451504312483.d.codeartifact.us-east-1.amazonaws.com/npm/code-artifact-benchmark-test/espree 147ms (cache updated)
npm http fetch GET 200 https://vlt-451504312483.d.codeartifact.us-east-1.amazonaws.com/npm/code-artifact-benchmark-test/import-fresh 105ms (cache miss)
npm http fetch GET 200 https://vlt-451504312483.d.codeartifact.us-east-1.amazonaws.com/npm/code-artifact-benchmark-test/js-yaml 138ms (cache miss)
npm http fetch GET 200 https://vlt-451504312483.d.codeartifact.us-east-1.amazonaws.com/npm/code-artifact-benchmark-test/globals 156ms (cache updated)
npm http fetch GET 200 https://vlt-451504312483.d.codeartifact.us-east-1.amazonaws.com/npm/code-artifact-benchmark-test/strip-json-comments 122ms (cache miss)
npm http fetch GET 200 https://vlt-451504312483.d.codeartifact.us-east-1.amazonaws.com/npm/code-artifact-benchmark-test/levn 136ms (cache miss)
npm http fetch GET 200 https://vlt-451504312483.d.codeartifact.us-east-1.amazonaws.com/npm/code-artifact-benchmark-test/@humanfs%2fcore 156ms (cache miss)
npm http fetch GET 200 https://vlt-451504312483.d.codeartifact.us-east-1.amazonaws.com/npm/code-artifact-benchmark-test/@humanfs%2ftypes 154ms (cache miss)
npm http fetch GET 200 https://vlt-451504312483.d.codeartifact.us-east-1.amazonaws.com/npm/code-artifact-benchmark-test/fast-deep-equal 140ms (cache updated)
npm http fetch GET 200 https://vlt-451504312483.d.codeartifact.us-east-1.amazonaws.com/npm/code-artifact-benchmark-test/fast-json-stable-stringify 122ms (cache miss)
npm http fetch GET 200 https://vlt-451504312483.d.codeartifact.us-east-1.amazonaws.com/npm/code-artifact-benchmark-test/json-schema-traverse 102ms (cache miss)
npm http fetch GET 200 https://vlt-451504312483.d.codeartifact.us-east-1.amazonaws.com/npm/code-artifact-benchmark-test/uri-js 105ms (cache miss)
npm http fetch GET 200 https://vlt-451504312483.d.codeartifact.us-east-1.amazonaws.com/npm/code-artifact-benchmark-test/ansi-styles 115ms (cache updated)
npm http fetch GET 200 https://vlt-451504312483.d.codeartifact.us-east-1.amazonaws.com/npm/code-artifact-benchmark-test/supports-color 101ms (cache miss)
npm http fetch GET 200 https://vlt-451504312483.d.codeartifact.us-east-1.amazonaws.com/npm/code-artifact-benchmark-test/which 123ms (cache updated)
npm http fetch GET 200 https://vlt-451504312483.d.codeartifact.us-east-1.amazonaws.com/npm/code-artifact-benchmark-test/path-key 171ms (cache miss)
npm http fetch GET 200 https://vlt-451504312483.d.codeartifact.us-east-1.amazonaws.com/npm/code-artifact-benchmark-test/shebang-command 123ms (cache miss)
npm http fetch GET 200 https://vlt-451504312483.d.codeartifact.us-east-1.amazonaws.com/npm/code-artifact-benchmark-test/esrecurse 155ms (cache miss)
npm http fetch GET 200 https://vlt-451504312483.d.codeartifact.us-east-1.amazonaws.com/npm/code-artifact-benchmark-test/estraverse 96ms (cache miss)
npm http fetch GET 200 https://vlt-451504312483.d.codeartifact.us-east-1.amazonaws.com/npm/code-artifact-benchmark-test/acorn 146ms (cache miss)
npm http fetch GET 200 https://vlt-451504312483.d.codeartifact.us-east-1.amazonaws.com/npm/code-artifact-benchmark-test/acorn-jsx 147ms (cache miss)
npm http fetch GET 200 https://vlt-451504312483.d.codeartifact.us-east-1.amazonaws.com/npm/code-artifact-benchmark-test/estraverse 163ms (cache updated)
npm http fetch GET 200 https://vlt-451504312483.d.codeartifact.us-east-1.amazonaws.com/npm/code-artifact-benchmark-test/flat-cache 143ms (cache miss)
npm http fetch GET 200 https://vlt-451504312483.d.codeartifact.us-east-1.amazonaws.com/npm/code-artifact-benchmark-test/locate-path 96ms (cache miss)
npm http fetch GET 200 https://vlt-451504312483.d.codeartifact.us-east-1.amazonaws.com/npm/code-artifact-benchmark-test/path-exists 112ms (cache miss)
npm http fetch GET 200 https://vlt-451504312483.d.codeartifact.us-east-1.amazonaws.com/npm/code-artifact-benchmark-test/is-glob 116ms (cache updated)
npm http fetch GET 200 https://vlt-451504312483.d.codeartifact.us-east-1.amazonaws.com/npm/code-artifact-benchmark-test/is-extglob 114ms (cache miss)
npm http fetch GET 200 https://vlt-451504312483.d.codeartifact.us-east-1.amazonaws.com/npm/code-artifact-benchmark-test/brace-expansion 140ms (cache updated)
npm http fetch GET 200 https://vlt-451504312483.d.codeartifact.us-east-1.amazonaws.com/npm/code-artifact-benchmark-test/deep-is 110ms (cache miss)
npm http fetch GET 200 https://vlt-451504312483.d.codeartifact.us-east-1.amazonaws.com/npm/code-artifact-benchmark-test/prelude-ls 140ms (cache miss)
npm http fetch GET 200 https://vlt-451504312483.d.codeartifact.us-east-1.amazonaws.com/npm/code-artifact-benchmark-test/word-wrap 118ms (cache miss)
npm http fetch GET 200 https://vlt-451504312483.d.codeartifact.us-east-1.amazonaws.com/npm/code-artifact-benchmark-test/fast-levenshtein 105ms (cache miss)
npm http fetch GET 200 https://vlt-451504312483.d.codeartifact.us-east-1.amazonaws.com/npm/code-artifact-benchmark-test/type-check 120ms (cache miss)
npm http fetch GET 200 https://vlt-451504312483.d.codeartifact.us-east-1.amazonaws.com/npm/code-artifact-benchmark-test/resolve-from 121ms (cache miss)
npm http fetch GET 200 https://vlt-451504312483.d.codeartifact.us-east-1.amazonaws.com/npm/code-artifact-benchmark-test/parent-module 125ms (cache miss)
npm http fetch GET 200 https://vlt-451504312483.d.codeartifact.us-east-1.amazonaws.com/npm/code-artifact-benchmark-test/argparse 132ms (cache miss)
npm http fetch GET 200 https://vlt-451504312483.d.codeartifact.us-east-1.amazonaws.com/npm/code-artifact-benchmark-test/punycode 128ms (cache miss)
npm http fetch GET 200 https://vlt-451504312483.d.codeartifact.us-east-1.amazonaws.com/npm/code-artifact-benchmark-test/has-flag 132ms (cache miss)
npm http fetch GET 200 https://vlt-451504312483.d.codeartifact.us-east-1.amazonaws.com/npm/code-artifact-benchmark-test/color-convert 133ms (cache miss)
npm http fetch GET 200 https://vlt-451504312483.d.codeartifact.us-east-1.amazonaws.com/npm/code-artifact-benchmark-test/color-name 133ms (cache miss)
npm http fetch GET 200 https://vlt-451504312483.d.codeartifact.us-east-1.amazonaws.com/npm/code-artifact-benchmark-test/isexe 55ms (cache miss)
npm http fetch GET 200 https://vlt-451504312483.d.codeartifact.us-east-1.amazonaws.com/npm/code-artifact-benchmark-test/shebang-regex 140ms (cache miss)
npm http fetch GET 200 https://vlt-451504312483.d.codeartifact.us-east-1.amazonaws.com/npm/code-artifact-benchmark-test/@pkgr%2fcore 117ms (cache miss)
npm http fetch GET 200 https://vlt-451504312483.d.codeartifact.us-east-1.amazonaws.com/npm/code-artifact-benchmark-test/fast-diff 131ms (cache miss)
npm http fetch GET 200 https://vlt-451504312483.d.codeartifact.us-east-1.amazonaws.com/npm/code-artifact-benchmark-test/eslint 106ms (cache updated)
npm http fetch GET 200 https://vlt-451504312483.d.codeartifact.us-east-1.amazonaws.com/npm/code-artifact-benchmark-test/boolbase 129ms (cache miss)
npm http fetch GET 200 https://vlt-451504312483.d.codeartifact.us-east-1.amazonaws.com/npm/code-artifact-benchmark-test/type-fest 132ms (cache miss)
npm http fetch GET 200 https://vlt-451504312483.d.codeartifact.us-east-1.amazonaws.com/npm/code-artifact-benchmark-test/cssesc 169ms (cache miss)
npm http fetch GET 200 https://vlt-451504312483.d.codeartifact.us-east-1.amazonaws.com/npm/code-artifact-benchmark-test/util-deprecate 114ms (cache miss)
npm http fetch GET 200 https://vlt-451504312483.d.codeartifact.us-east-1.amazonaws.com/npm/code-artifact-benchmark-test/espree 136ms (cache updated)
npm http fetch GET 200 https://vlt-451504312483.d.codeartifact.us-east-1.amazonaws.com/npm/code-artifact-benchmark-test/lodash 181ms (cache miss)
npm http fetch GET 200 https://vlt-451504312483.d.codeartifact.us-east-1.amazonaws.com/npm/code-artifact-benchmark-test/eslint-scope 152ms (cache updated)
npm http fetch GET 200 https://vlt-451504312483.d.codeartifact.us-east-1.amazonaws.com/npm/code-artifact-benchmark-test/fastq 116ms (cache miss)
npm http fetch GET 200 https://vlt-451504312483.d.codeartifact.us-east-1.amazonaws.com/npm/code-artifact-benchmark-test/@nodelib%2ffs.scandir 116ms (cache miss)
npm http fetch GET 200 https://vlt-451504312483.d.codeartifact.us-east-1.amazonaws.com/npm/code-artifact-benchmark-test/braces 129ms (cache miss)
npm http fetch GET 200 https://vlt-451504312483.d.codeartifact.us-east-1.amazonaws.com/npm/code-artifact-benchmark-test/picomatch 128ms (cache updated)
npm http fetch GET 200 https://vlt-451504312483.d.codeartifact.us-east-1.amazonaws.com/npm/code-artifact-benchmark-test/reusify 99ms (cache miss)
npm http fetch GET 200 https://vlt-451504312483.d.codeartifact.us-east-1.amazonaws.com/npm/code-artifact-benchmark-test/run-parallel 103ms (cache miss)
npm http fetch GET 200 https://vlt-451504312483.d.codeartifact.us-east-1.amazonaws.com/npm/code-artifact-benchmark-test/queue-microtask 133ms (cache miss)
npm http fetch GET 200 https://vlt-451504312483.d.codeartifact.us-east-1.amazonaws.com/npm/code-artifact-benchmark-test/flatted 151ms (cache miss)
npm http fetch GET 200 https://vlt-451504312483.d.codeartifact.us-east-1.amazonaws.com/npm/code-artifact-benchmark-test/keyv 178ms (cache miss)
npm http fetch GET 200 https://vlt-451504312483.d.codeartifact.us-east-1.amazonaws.com/npm/code-artifact-benchmark-test/p-locate 110ms (cache miss)
npm http fetch GET 200 https://vlt-451504312483.d.codeartifact.us-east-1.amazonaws.com/npm/code-artifact-benchmark-test/json-buffer 111ms (cache miss)
npm http fetch GET 200 https://vlt-451504312483.d.codeartifact.us-east-1.amazonaws.com/npm/code-artifact-benchmark-test/callsites 116ms (cache miss)
npm http fetch GET 200 https://vlt-451504312483.d.codeartifact.us-east-1.amazonaws.com/npm/code-artifact-benchmark-test/ini 141ms (cache miss)
npm http fetch GET 200 https://vlt-451504312483.d.codeartifact.us-east-1.amazonaws.com/npm/code-artifact-benchmark-test/proto-list 144ms (cache miss)
npm http fetch GET 200 https://vlt-451504312483.d.codeartifact.us-east-1.amazonaws.com/npm/code-artifact-benchmark-test/@one-ini%2fwasm 145ms (cache miss)
npm http fetch GET 200 https://vlt-451504312483.d.codeartifact.us-east-1.amazonaws.com/npm/code-artifact-benchmark-test/path-scurry 125ms (cache miss)
npm http fetch GET 200 https://vlt-451504312483.d.codeartifact.us-east-1.amazonaws.com/npm/code-artifact-benchmark-test/commander 159ms (cache miss)
npm http fetch GET 200 https://vlt-451504312483.d.codeartifact.us-east-1.amazonaws.com/npm/code-artifact-benchmark-test/minipass 177ms (cache miss)
npm http fetch GET 200 https://vlt-451504312483.d.codeartifact.us-east-1.amazonaws.com/npm/code-artifact-benchmark-test/abbrev 272ms (cache miss)
npm http fetch GET 200 https://vlt-451504312483.d.codeartifact.us-east-1.amazonaws.com/npm/code-artifact-benchmark-test/lru-cache 178ms (cache updated)
npm http fetch GET 200 https://vlt-451504312483.d.codeartifact.us-east-1.amazonaws.com/npm/code-artifact-benchmark-test/asynckit 138ms (cache miss)
npm http fetch GET 200 https://vlt-451504312483.d.codeartifact.us-east-1.amazonaws.com/npm/code-artifact-benchmark-test/@asamuzakjp%2fcss-color 152ms (cache miss)
npm http fetch GET 200 https://vlt-451504312483.d.codeartifact.us-east-1.amazonaws.com/npm/code-artifact-benchmark-test/hasown 168ms (cache miss)
npm http fetch GET 200 https://vlt-451504312483.d.codeartifact.us-east-1.amazonaws.com/npm/code-artifact-benchmark-test/combined-stream 131ms (cache miss)
npm http fetch GET 200 https://vlt-451504312483.d.codeartifact.us-east-1.amazonaws.com/npm/code-artifact-benchmark-test/mime-types 152ms (cache miss)
npm http fetch GET 200 https://vlt-451504312483.d.codeartifact.us-east-1.amazonaws.com/npm/code-artifact-benchmark-test/es-set-tostringtag 128ms (cache miss)
npm http fetch GET 200 https://vlt-451504312483.d.codeartifact.us-east-1.amazonaws.com/npm/code-artifact-benchmark-test/agent-base 124ms (cache miss)
npm http fetch GET 200 https://vlt-451504312483.d.codeartifact.us-east-1.amazonaws.com/npm/code-artifact-benchmark-test/xmlchars 123ms (cache miss)
npm http fetch GET 200 https://vlt-451504312483.d.codeartifact.us-east-1.amazonaws.com/npm/code-artifact-benchmark-test/agent-base 165ms (cache miss)
npm http fetch GET 200 https://vlt-451504312483.d.codeartifact.us-east-1.amazonaws.com/npm/code-artifact-benchmark-test/iconv-lite 108ms (cache miss)
npm http fetch GET 200 https://vlt-451504312483.d.codeartifact.us-east-1.amazonaws.com/npm/code-artifact-benchmark-test/tr46 110ms (cache miss)
npm http fetch GET 200 https://vlt-451504312483.d.codeartifact.us-east-1.amazonaws.com/npm/code-artifact-benchmark-test/tldts 333ms (cache miss)
npm http fetch GET 200 https://vlt-451504312483.d.codeartifact.us-east-1.amazonaws.com/npm/code-artifact-benchmark-test/@csstools%2fcss-calc 124ms (cache miss)
npm http fetch GET 200 https://vlt-451504312483.d.codeartifact.us-east-1.amazonaws.com/npm/code-artifact-benchmark-test/@csstools%2fcss-tokenizer 126ms (cache miss)
npm http fetch GET 200 https://vlt-451504312483.d.codeartifact.us-east-1.amazonaws.com/npm/code-artifact-benchmark-test/lru-cache 164ms (cache updated)
npm http fetch GET 200 https://vlt-451504312483.d.codeartifact.us-east-1.amazonaws.com/npm/code-artifact-benchmark-test/@csstools%2fcss-color-parser 145ms (cache miss)
npm http fetch GET 200 https://vlt-451504312483.d.codeartifact.us-east-1.amazonaws.com/npm/code-artifact-benchmark-test/@csstools%2fcss-parser-algorithms 157ms (cache miss)
npm http fetch GET 200 https://vlt-451504312483.d.codeartifact.us-east-1.amazonaws.com/npm/code-artifact-benchmark-test/@csstools%2fcolor-helpers 157ms (cache miss)
npm http fetch GET 200 https://vlt-451504312483.d.codeartifact.us-east-1.amazonaws.com/npm/code-artifact-benchmark-test/get-intrinsic 108ms (cache miss)
npm http fetch GET 200 https://vlt-451504312483.d.codeartifact.us-east-1.amazonaws.com/npm/code-artifact-benchmark-test/delayed-stream 111ms (cache miss)
npm http fetch GET 200 https://vlt-451504312483.d.codeartifact.us-east-1.amazonaws.com/npm/code-artifact-benchmark-test/es-errors 123ms (cache miss)
npm http fetch GET 200 https://vlt-451504312483.d.codeartifact.us-east-1.amazonaws.com/npm/code-artifact-benchmark-test/function-bind 105ms (cache miss)
npm http fetch GET 200 https://vlt-451504312483.d.codeartifact.us-east-1.amazonaws.com/npm/code-artifact-benchmark-test/has-tostringtag 127ms (cache miss)
npm http fetch GET 200 https://vlt-451504312483.d.codeartifact.us-east-1.amazonaws.com/npm/code-artifact-benchmark-test/mime-db 132ms (cache miss)
npm http fetch GET 200 https://vlt-451504312483.d.codeartifact.us-east-1.amazonaws.com/npm/code-artifact-benchmark-test/get-proto 65ms (cache miss)
npm http fetch GET 200 https://vlt-451504312483.d.codeartifact.us-east-1.amazonaws.com/npm/code-artifact-benchmark-test/has-symbols 115ms (cache miss)
npm http fetch GET 200 https://vlt-451504312483.d.codeartifact.us-east-1.amazonaws.com/npm/code-artifact-benchmark-test/gopd 136ms (cache miss)
npm http fetch GET 200 https://vlt-451504312483.d.codeartifact.us-east-1.amazonaws.com/npm/code-artifact-benchmark-test/es-object-atoms 154ms (cache miss)
npm http fetch GET 200 https://vlt-451504312483.d.codeartifact.us-east-1.amazonaws.com/npm/code-artifact-benchmark-test/es-define-property 108ms (cache miss)
npm http fetch GET 200 https://vlt-451504312483.d.codeartifact.us-east-1.amazonaws.com/npm/code-artifact-benchmark-test/math-intrinsics 134ms (cache miss)
npm http fetch GET 200 https://vlt-451504312483.d.codeartifact.us-east-1.amazonaws.com/npm/code-artifact-benchmark-test/call-bind-apply-helpers 119ms (cache miss)
npm http fetch GET 200 https://vlt-451504312483.d.codeartifact.us-east-1.amazonaws.com/npm/code-artifact-benchmark-test/dunder-proto 138ms (cache miss)
npm http fetch GET 200 https://vlt-451504312483.d.codeartifact.us-east-1.amazonaws.com/npm/code-artifact-benchmark-test/p-limit 114ms (cache miss)
npm http fetch GET 200 https://vlt-451504312483.d.codeartifact.us-east-1.amazonaws.com/npm/code-artifact-benchmark-test/fill-range 163ms (cache miss)
npm http fetch GET 200 https://vlt-451504312483.d.codeartifact.us-east-1.amazonaws.com/npm/code-artifact-benchmark-test/to-regex-range 127ms (cache miss)
npm http fetch GET 200 https://vlt-451504312483.d.codeartifact.us-east-1.amazonaws.com/npm/code-artifact-benchmark-test/is-number 155ms (cache miss)
npm http fetch GET 200 https://vlt-451504312483.d.codeartifact.us-east-1.amazonaws.com/npm/code-artifact-benchmark-test/balanced-match 128ms (cache miss)
npm http fetch GET 200 https://vlt-451504312483.d.codeartifact.us-east-1.amazonaws.com/npm/code-artifact-benchmark-test/json-parse-even-better-errors 130ms (cache miss)
npm http fetch GET 200 https://vlt-451504312483.d.codeartifact.us-east-1.amazonaws.com/npm/code-artifact-benchmark-test/npm-normalize-package-bin 135ms (cache miss)
npm http fetch GET 200 https://vlt-451504312483.d.codeartifact.us-east-1.amazonaws.com/npm/code-artifact-benchmark-test/brace-expansion 137ms (cache updated)
npm http fetch GET 200 https://vlt-451504312483.d.codeartifact.us-east-1.amazonaws.com/npm/code-artifact-benchmark-test/yocto-queue 119ms (cache miss)
npm http fetch GET 200 https://vlt-451504312483.d.codeartifact.us-east-1.amazonaws.com/npm/code-artifact-benchmark-test/vue 259ms (cache updated)
npm http fetch GET 200 https://vlt-451504312483.d.codeartifact.us-east-1.amazonaws.com/npm/code-artifact-benchmark-test/typescript 1068ms (cache updated)
npm http fetch GET 200 https://vlt-451504312483.d.codeartifact.us-east-1.amazonaws.com/npm/code-artifact-benchmark-test/tldts-core 375ms (cache miss)
npm http fetch GET 200 https://vlt-451504312483.d.codeartifact.us-east-1.amazonaws.com/npm/code-artifact-benchmark-test/ignore 195ms (cache updated)
npm http fetch GET 200 https://vlt-451504312483.d.codeartifact.us-east-1.amazonaws.com/npm/code-artifact-benchmark-test/@typescript-eslint%2ftype-utils 829ms (cache miss)
npm http fetch GET 200 https://vlt-451504312483.d.codeartifact.us-east-1.amazonaws.com/npm/code-artifact-benchmark-test/@esbuild%2faix-ppc64 130ms (cache miss)
npm http fetch GET 200 https://vlt-451504312483.d.codeartifact.us-east-1.amazonaws.com/npm/code-artifact-benchmark-test/@esbuild%2flinux-arm 137ms (cache miss)
npm http fetch GET 200 https://vlt-451504312483.d.codeartifact.us-east-1.amazonaws.com/npm/code-artifact-benchmark-test/@esbuild%2flinux-x64 158ms (cache miss)
npm http fetch GET 200 https://vlt-451504312483.d.codeartifact.us-east-1.amazonaws.com/npm/code-artifact-benchmark-test/@esbuild%2fsunos-x64 131ms (cache miss)
npm http fetch GET 200 https://vlt-451504312483.d.codeartifact.us-east-1.amazonaws.com/npm/code-artifact-benchmark-test/@esbuild%2fwin32-x64 139ms (cache miss)
npm http fetch GET 200 https://vlt-451504312483.d.codeartifact.us-east-1.amazonaws.com/npm/code-artifact-benchmark-test/@esbuild%2fdarwin-x64 134ms (cache miss)
npm http fetch GET 200 https://vlt-451504312483.d.codeartifact.us-east-1.amazonaws.com/npm/code-artifact-benchmark-test/@esbuild%2flinux-ia32 146ms (cache miss)
npm http fetch GET 200 https://vlt-451504312483.d.codeartifact.us-east-1.amazonaws.com/npm/code-artifact-benchmark-test/@esbuild%2fwin32-ia32 131ms (cache miss)
npm http fetch GET 200 https://vlt-451504312483.d.codeartifact.us-east-1.amazonaws.com/npm/code-artifact-benchmark-test/@esbuild%2fnetbsd-x64 164ms (cache miss)
npm http fetch GET 200 https://vlt-451504312483.d.codeartifact.us-east-1.amazonaws.com/npm/code-artifact-benchmark-test/@esbuild%2fandroid-arm 118ms (cache miss)
npm http fetch GET 200 https://vlt-451504312483.d.codeartifact.us-east-1.amazonaws.com/npm/code-artifact-benchmark-test/@esbuild%2fandroid-x64 147ms (cache miss)
npm http fetch GET 200 https://vlt-451504312483.d.codeartifact.us-east-1.amazonaws.com/npm/code-artifact-benchmark-test/@esbuild%2ffreebsd-x64 136ms (cache miss)
npm http fetch GET 200 https://vlt-451504312483.d.codeartifact.us-east-1.amazonaws.com/npm/code-artifact-benchmark-test/@esbuild%2flinux-arm64 161ms (cache miss)
npm http fetch GET 200 https://vlt-451504312483.d.codeartifact.us-east-1.amazonaws.com/npm/code-artifact-benchmark-test/@esbuild%2flinux-s390x 149ms (cache miss)
npm http fetch GET 200 https://vlt-451504312483.d.codeartifact.us-east-1.amazonaws.com/npm/code-artifact-benchmark-test/@esbuild%2flinux-ppc64 162ms (cache miss)
npm http fetch GET 200 https://vlt-451504312483.d.codeartifact.us-east-1.amazonaws.com/npm/code-artifact-benchmark-test/@esbuild%2fopenbsd-x64 144ms (cache miss)
npm http fetch GET 200 https://vlt-451504312483.d.codeartifact.us-east-1.amazonaws.com/npm/code-artifact-benchmark-test/@esbuild%2fwin32-arm64 129ms (cache miss)
npm http fetch GET 200 https://vlt-451504312483.d.codeartifact.us-east-1.amazonaws.com/npm/code-artifact-benchmark-test/@esbuild%2fdarwin-arm64 142ms (cache miss)
npm http fetch GET 200 https://vlt-451504312483.d.codeartifact.us-east-1.amazonaws.com/npm/code-artifact-benchmark-test/@esbuild%2fnetbsd-arm64 129ms (cache miss)
npm http fetch GET 200 https://vlt-451504312483.d.codeartifact.us-east-1.amazonaws.com/npm/code-artifact-benchmark-test/@esbuild%2fandroid-arm64 142ms (cache miss)
npm http fetch GET 200 https://vlt-451504312483.d.codeartifact.us-east-1.amazonaws.com/npm/code-artifact-benchmark-test/@esbuild%2ffreebsd-arm64 136ms (cache miss)
npm http fetch GET 200 https://vlt-451504312483.d.codeartifact.us-east-1.amazonaws.com/npm/code-artifact-benchmark-test/@esbuild%2flinux-loong64 152ms (cache miss)
npm http fetch GET 200 https://vlt-451504312483.d.codeartifact.us-east-1.amazonaws.com/npm/code-artifact-benchmark-test/@esbuild%2fopenbsd-arm64 110ms (cache miss)
npm http fetch GET 200 https://vlt-451504312483.d.codeartifact.us-east-1.amazonaws.com/npm/code-artifact-benchmark-test/@esbuild%2flinux-riscv64 136ms (cache miss)
npm http fetch GET 200 https://vlt-451504312483.d.codeartifact.us-east-1.amazonaws.com/npm/code-artifact-benchmark-test/@esbuild%2fopenharmony-arm64 110ms (cache miss)
npm http fetch GET 200 https://vlt-451504312483.d.codeartifact.us-east-1.amazonaws.com/npm/code-artifact-benchmark-test/@esbuild%2flinux-mips64el 144ms (cache miss)
npm http fetch GET 200 https://vlt-451504312483.d.codeartifact.us-east-1.amazonaws.com/npm/code-artifact-benchmark-test/@rollup%2frollup-darwin-x64 180ms (cache miss)
npm http fetch GET 200 https://vlt-451504312483.d.codeartifact.us-east-1.amazonaws.com/npm/code-artifact-benchmark-test/@rollup%2frollup-freebsd-x64 146ms (cache miss)
npm http fetch GET 200 https://vlt-451504312483.d.codeartifact.us-east-1.amazonaws.com/npm/code-artifact-benchmark-test/@rollup%2frollup-openbsd-x64 131ms (cache miss)
npm http fetch GET 200 https://vlt-451504312483.d.codeartifact.us-east-1.amazonaws.com/npm/code-artifact-benchmark-test/@napi-rs%2flzma-linux-x64-gnu 139ms (cache miss)
npm http fetch GET 200 https://vlt-451504312483.d.codeartifact.us-east-1.amazonaws.com/npm/code-artifact-benchmark-test/@rollup%2frollup-darwin-arm64 159ms (cache miss)
npm http fetch GET 200 https://vlt-451504312483.d.codeartifact.us-east-1.amazonaws.com/npm/code-artifact-benchmark-test/@rollup%2frollup-android-arm64 150ms (cache miss)
npm http fetch GET 200 https://vlt-451504312483.d.codeartifact.us-east-1.amazonaws.com/npm/code-artifact-benchmark-test/@rollup%2frollup-freebsd-arm64 176ms (cache miss)
npm http fetch GET 200 https://vlt-451504312483.d.codeartifact.us-east-1.amazonaws.com/npm/code-artifact-benchmark-test/@rollup%2frollup-win32-x64-gnu 125ms (cache miss)
npm http fetch GET 200 https://vlt-451504312483.d.codeartifact.us-east-1.amazonaws.com/npm/code-artifact-benchmark-test/@rollup%2frollup-linux-x64-gnu 175ms (cache miss)
npm http fetch GET 200 https://vlt-451504312483.d.codeartifact.us-east-1.amazonaws.com/npm/code-artifact-benchmark-test/@rollup%2frollup-linux-x64-musl 140ms (cache miss)
npm http fetch GET 200 https://vlt-451504312483.d.codeartifact.us-east-1.amazonaws.com/npm/code-artifact-benchmark-test/@rollup%2frollup-win32-x64-msvc 190ms (cache miss)
npm http fetch GET 200 https://vlt-451504312483.d.codeartifact.us-east-1.amazonaws.com/npm/code-artifact-benchmark-test/@rollup%2frollup-linux-arm64-gnu 158ms (cache miss)
npm http fetch GET 200 https://vlt-451504312483.d.codeartifact.us-east-1.amazonaws.com/npm/code-artifact-benchmark-test/@rollup%2frollup-linux-ppc64-gnu 146ms (cache miss)
npm http fetch GET 200 https://vlt-451504312483.d.codeartifact.us-east-1.amazonaws.com/npm/code-artifact-benchmark-test/@rollup%2frollup-win32-ia32-msvc 147ms (cache miss)
npm http fetch GET 200 https://vlt-451504312483.d.codeartifact.us-east-1.amazonaws.com/npm/code-artifact-benchmark-test/@rollup%2frollup-linux-s390x-gnu 165ms (cache miss)
npm http fetch GET 200 https://vlt-451504312483.d.codeartifact.us-east-1.amazonaws.com/npm/code-artifact-benchmark-test/@rollup%2frollup-android-arm-eabi 190ms (cache miss)
npm http fetch GET 200 https://vlt-451504312483.d.codeartifact.us-east-1.amazonaws.com/npm/code-artifact-benchmark-test/@rollup%2frollup-linux-ppc64-musl 135ms (cache miss)
npm http fetch GET 200 https://vlt-451504312483.d.codeartifact.us-east-1.amazonaws.com/npm/code-artifact-benchmark-test/@rollup%2frollup-linux-arm64-musl 153ms (cache miss)
npm http fetch GET 200 https://vlt-451504312483.d.codeartifact.us-east-1.amazonaws.com/npm/code-artifact-benchmark-test/@rollup%2frollup-win32-arm64-msvc 145ms (cache miss)
npm http fetch GET 200 https://vlt-451504312483.d.codeartifact.us-east-1.amazonaws.com/npm/code-artifact-benchmark-test/@rollup%2frollup-linux-loong64-gnu 146ms (cache miss)
npm http fetch GET 200 https://vlt-451504312483.d.codeartifact.us-east-1.amazonaws.com/npm/code-artifact-benchmark-test/@rollup%2frollup-linux-riscv64-gnu 143ms (cache miss)
npm http fetch GET 200 https://vlt-451504312483.d.codeartifact.us-east-1.amazonaws.com/npm/code-artifact-benchmark-test/@rollup%2frollup-openharmony-arm64 124ms (cache miss)
npm http fetch GET 200 https://vlt-451504312483.d.codeartifact.us-east-1.amazonaws.com/npm/code-artifact-benchmark-test/@rollup%2frollup-linux-loong64-musl 128ms (cache miss)
npm http fetch GET 200 https://vlt-451504312483.d.codeartifact.us-east-1.amazonaws.com/npm/code-artifact-benchmark-test/@rollup%2frollup-linux-riscv64-musl 152ms (cache miss)
npm http fetch GET 200 https://vlt-451504312483.d.codeartifact.us-east-1.amazonaws.com/npm/code-artifact-benchmark-test/@rollup%2frollup-linux-arm-gnueabihf 166ms (cache miss)
npm http fetch GET 200 https://vlt-451504312483.d.codeartifact.us-east-1.amazonaws.com/npm/code-artifact-benchmark-test/@rollup%2frollup-linux-arm-musleabihf 163ms (cache miss)
npm http fetch GET 200 https://vlt-451504312483.d.codeartifact.us-east-1.amazonaws.com/npm/code-artifact-benchmark-test/vite 1877ms (cache updated)
npm http fetch GET 200 https://vlt-451504312483.d.codeartifact.us-east-1.amazonaws.com/npm/code-artifact-benchmark-test/vite 1973ms (cache updated)
npm http fetch GET 200 https://vlt-451504312483.d.codeartifact.us-east-1.amazonaws.com/npm/code-artifact-benchmark-test/vue 282ms (cache updated)
npm http fetch GET 200 https://vlt-451504312483.d.codeartifact.us-east-1.amazonaws.com/npm/code-artifact-benchmark-test/pathe 132ms (cache updated)
npm http fetch GET 200 https://vlt-451504312483.d.codeartifact.us-east-1.amazonaws.com/npm/code-artifact-benchmark-test/mitt 146ms (cache miss)
npm http fetch GET 200 https://vlt-451504312483.d.codeartifact.us-east-1.amazonaws.com/npm/code-artifact-benchmark-test/nanoid 150ms (cache updated)
npm http fetch GET 200 https://vlt-451504312483.d.codeartifact.us-east-1.amazonaws.com/npm/code-artifact-benchmark-test/vite-hot-client 138ms (cache miss)
npm http fetch GET 200 https://vlt-451504312483.d.codeartifact.us-east-1.amazonaws.com/npm/code-artifact-benchmark-test/birpc 143ms (cache miss)
npm http fetch GET 200 https://vlt-451504312483.d.codeartifact.us-east-1.amazonaws.com/npm/code-artifact-benchmark-test/hookable 142ms (cache miss)
npm http fetch GET 200 https://vlt-451504312483.d.codeartifact.us-east-1.amazonaws.com/npm/code-artifact-benchmark-test/perfect-debounce 129ms (cache miss)
npm http fetch GET 200 https://vlt-451504312483.d.codeartifact.us-east-1.amazonaws.com/npm/code-artifact-benchmark-test/speakingurl 157ms (cache miss)
npm http fetch GET 200 https://vlt-451504312483.d.codeartifact.us-east-1.amazonaws.com/npm/code-artifact-benchmark-test/superjson 164ms (cache miss)
npm http fetch GET 200 https://vlt-451504312483.d.codeartifact.us-east-1.amazonaws.com/npm/code-artifact-benchmark-test/rfdc 119ms (cache miss)
npm http fetch GET 200 https://vlt-451504312483.d.codeartifact.us-east-1.amazonaws.com/npm/code-artifact-benchmark-test/@sindresorhus%2fmerge-streams 132ms (cache miss)
npm http fetch GET 200 https://vlt-451504312483.d.codeartifact.us-east-1.amazonaws.com/npm/code-artifact-benchmark-test/figures 181ms (cache miss)
npm http fetch GET 200 https://vlt-451504312483.d.codeartifact.us-east-1.amazonaws.com/npm/code-artifact-benchmark-test/get-stream 124ms (cache miss)
npm http fetch GET 200 https://vlt-451504312483.d.codeartifact.us-east-1.amazonaws.com/npm/code-artifact-benchmark-test/human-signals 133ms (cache miss)
npm http fetch GET 200 https://vlt-451504312483.d.codeartifact.us-east-1.amazonaws.com/npm/code-artifact-benchmark-test/is-plain-obj 114ms (cache miss)
npm http fetch GET 200 https://vlt-451504312483.d.codeartifact.us-east-1.amazonaws.com/npm/code-artifact-benchmark-test/is-stream 145ms (cache miss)
npm http fetch GET 200 https://vlt-451504312483.d.codeartifact.us-east-1.amazonaws.com/npm/code-artifact-benchmark-test/npm-run-path 166ms (cache miss)
npm http fetch GET 200 https://vlt-451504312483.d.codeartifact.us-east-1.amazonaws.com/npm/code-artifact-benchmark-test/pretty-ms 149ms (cache miss)
npm http fetch GET 200 https://vlt-451504312483.d.codeartifact.us-east-1.amazonaws.com/npm/code-artifact-benchmark-test/signal-exit 134ms (cache miss)
npm http fetch GET 200 https://vlt-451504312483.d.codeartifact.us-east-1.amazonaws.com/npm/code-artifact-benchmark-test/strip-final-newline 134ms (cache miss)
npm http fetch GET 200 https://vlt-451504312483.d.codeartifact.us-east-1.amazonaws.com/npm/code-artifact-benchmark-test/yoctocolors 118ms (cache miss)
npm http fetch GET 200 https://vlt-451504312483.d.codeartifact.us-east-1.amazonaws.com/npm/code-artifact-benchmark-test/@polka%2furl 151ms (cache miss)
npm http fetch GET 200 https://vlt-451504312483.d.codeartifact.us-east-1.amazonaws.com/npm/code-artifact-benchmark-test/mrmime 130ms (cache miss)
npm http fetch GET 200 https://vlt-451504312483.d.codeartifact.us-east-1.amazonaws.com/npm/code-artifact-benchmark-test/totalist 134ms (cache miss)
npm http fetch GET 200 https://vlt-451504312483.d.codeartifact.us-east-1.amazonaws.com/npm/code-artifact-benchmark-test/open 160ms (cache miss)
npm http fetch GET 200 https://vlt-451504312483.d.codeartifact.us-east-1.amazonaws.com/npm/code-artifact-benchmark-test/@antfu%2futils 145ms (cache miss)
npm http fetch GET 200 https://vlt-451504312483.d.codeartifact.us-east-1.amazonaws.com/npm/code-artifact-benchmark-test/fs-extra 162ms (cache miss)
npm http fetch GET 200 https://vlt-451504312483.d.codeartifact.us-east-1.amazonaws.com/npm/code-artifact-benchmark-test/@rollup%2fpluginutils 133ms (cache miss)
npm http fetch GET 200 https://vlt-451504312483.d.codeartifact.us-east-1.amazonaws.com/npm/code-artifact-benchmark-test/error-stack-parser-es 125ms (cache miss)
npm http fetch GET 200 https://vlt-451504312483.d.codeartifact.us-east-1.amazonaws.com/npm/code-artifact-benchmark-test/@babel%2fplugin-proposal-decorators 172ms (cache miss)
npm http fetch GET 200 https://vlt-451504312483.d.codeartifact.us-east-1.amazonaws.com/npm/code-artifact-benchmark-test/@babel%2fplugin-syntax-import-attributes 136ms (cache miss)
npm http fetch GET 200 https://vlt-451504312483.d.codeartifact.us-east-1.amazonaws.com/npm/code-artifact-benchmark-test/@babel%2fplugin-syntax-import-meta 114ms (cache miss)
npm http fetch GET 200 https://vlt-451504312483.d.codeartifact.us-east-1.amazonaws.com/npm/code-artifact-benchmark-test/kolorist 128ms (cache miss)
npm http fetch GET 200 https://vlt-451504312483.d.codeartifact.us-east-1.amazonaws.com/npm/code-artifact-benchmark-test/vite 2439ms (cache updated)
npm http fetch GET 200 https://vlt-451504312483.d.codeartifact.us-east-1.amazonaws.com/npm/code-artifact-benchmark-test/esbuild 262ms (cache updated)
npm http fetch GET 200 https://vlt-451504312483.d.codeartifact.us-east-1.amazonaws.com/npm/code-artifact-benchmark-test/copy-anything 175ms (cache miss)
npm http fetch GET 200 https://vlt-451504312483.d.codeartifact.us-east-1.amazonaws.com/npm/code-artifact-benchmark-test/unicorn-magic 117ms (cache miss)
npm http fetch GET 200 https://vlt-451504312483.d.codeartifact.us-east-1.amazonaws.com/npm/code-artifact-benchmark-test/@sec-ant%2freadable-stream 141ms (cache miss)
npm http fetch GET 200 https://vlt-451504312483.d.codeartifact.us-east-1.amazonaws.com/npm/code-artifact-benchmark-test/is-unicode-supported 166ms (cache miss)
npm http fetch GET 200 https://vlt-451504312483.d.codeartifact.us-east-1.amazonaws.com/npm/code-artifact-benchmark-test/parse-ms 184ms (cache miss)
npm http fetch GET 200 https://vlt-451504312483.d.codeartifact.us-east-1.amazonaws.com/npm/code-artifact-benchmark-test/universalify 120ms (cache miss)
npm http fetch GET 200 https://vlt-451504312483.d.codeartifact.us-east-1.amazonaws.com/npm/code-artifact-benchmark-test/graceful-fs 129ms (cache miss)
npm http fetch GET 200 https://vlt-451504312483.d.codeartifact.us-east-1.amazonaws.com/npm/code-artifact-benchmark-test/jsonfile 210ms (cache miss)
npm http fetch GET 200 https://vlt-451504312483.d.codeartifact.us-east-1.amazonaws.com/npm/code-artifact-benchmark-test/wsl-utils 135ms (cache miss)
npm http fetch GET 200 https://vlt-451504312483.d.codeartifact.us-east-1.amazonaws.com/npm/code-artifact-benchmark-test/default-browser 151ms (cache miss)
npm http fetch GET 200 https://vlt-451504312483.d.codeartifact.us-east-1.amazonaws.com/npm/code-artifact-benchmark-test/define-lazy-prop 141ms (cache miss)
npm http fetch GET 200 https://vlt-451504312483.d.codeartifact.us-east-1.amazonaws.com/npm/code-artifact-benchmark-test/is-inside-container 124ms (cache miss)
npm http fetch GET 200 https://vlt-451504312483.d.codeartifact.us-east-1.amazonaws.com/npm/code-artifact-benchmark-test/default-browser-id 142ms (cache miss)
npm http fetch GET 200 https://vlt-451504312483.d.codeartifact.us-east-1.amazonaws.com/npm/code-artifact-benchmark-test/is-docker 143ms (cache miss)
npm http fetch GET 200 https://vlt-451504312483.d.codeartifact.us-east-1.amazonaws.com/npm/code-artifact-benchmark-test/bundle-name 147ms (cache miss)
npm http fetch GET 200 https://vlt-451504312483.d.codeartifact.us-east-1.amazonaws.com/npm/code-artifact-benchmark-test/is-wsl 133ms (cache miss)
npm http fetch GET 200 https://vlt-451504312483.d.codeartifact.us-east-1.amazonaws.com/npm/code-artifact-benchmark-test/run-applescript 133ms (cache miss)
npm http fetch GET 200 https://vlt-451504312483.d.codeartifact.us-east-1.amazonaws.com/npm/code-artifact-benchmark-test/@babel%2fcore 180ms (cache updated)
npm http fetch GET 200 https://vlt-451504312483.d.codeartifact.us-east-1.amazonaws.com/npm/code-artifact-benchmark-test/@babel%2fplugin-syntax-decorators 134ms (cache miss)
npm http fetch GET 200 https://vlt-451504312483.d.codeartifact.us-east-1.amazonaws.com/npm/code-artifact-benchmark-test/@types%2fnode 923ms (cache updated)
npm http fetch GET 200 https://vlt-451504312483.d.codeartifact.us-east-1.amazonaws.com/npm/code-artifact-benchmark-test/tinyspy 145ms (cache miss)
npm http fetch GET 200 https://vlt-451504312483.d.codeartifact.us-east-1.amazonaws.com/npm/code-artifact-benchmark-test/estree-walker 164ms (cache updated)
npm http fetch GET 200 https://vlt-451504312483.d.codeartifact.us-east-1.amazonaws.com/npm/code-artifact-benchmark-test/esbuild 211ms (cache updated)
npm http fetch GET 200 https://vlt-451504312483.d.codeartifact.us-east-1.amazonaws.com/npm/code-artifact-benchmark-test/loupe 144ms (cache miss)
npm http fetch GET 200 https://vlt-451504312483.d.codeartifact.us-east-1.amazonaws.com/npm/code-artifact-benchmark-test/loupe 168ms (cache miss)
npm http fetch GET 200 https://vlt-451504312483.d.codeartifact.us-east-1.amazonaws.com/npm/code-artifact-benchmark-test/pathval 138ms (cache miss)
npm http fetch GET 200 https://vlt-451504312483.d.codeartifact.us-east-1.amazonaws.com/npm/code-artifact-benchmark-test/deep-eql 128ms (cache miss)
npm http fetch GET 200 https://vlt-451504312483.d.codeartifact.us-east-1.amazonaws.com/npm/code-artifact-benchmark-test/assertion-error 126ms (cache miss)
npm http fetch GET 200 https://vlt-451504312483.d.codeartifact.us-east-1.amazonaws.com/npm/code-artifact-benchmark-test/check-error 175ms (cache miss)
npm http fetch GET 200 https://vlt-451504312483.d.codeartifact.us-east-1.amazonaws.com/npm/code-artifact-benchmark-test/cac 150ms (cache miss)
npm http fetch GET 200 https://vlt-451504312483.d.codeartifact.us-east-1.amazonaws.com/npm/code-artifact-benchmark-test/siginfo 121ms (cache miss)
npm http fetch GET 200 https://vlt-451504312483.d.codeartifact.us-east-1.amazonaws.com/npm/code-artifact-benchmark-test/es-module-lexer 164ms (cache miss)
npm http fetch GET 200 https://vlt-451504312483.d.codeartifact.us-east-1.amazonaws.com/npm/code-artifact-benchmark-test/stackback 163ms (cache miss)
npm http fetch GET 200 https://vlt-451504312483.d.codeartifact.us-east-1.amazonaws.com/npm/code-artifact-benchmark-test/csstype 136ms (cache miss)
npm http fetch GET 200 https://vlt-451504312483.d.codeartifact.us-east-1.amazonaws.com/npm/code-artifact-benchmark-test/@vue%2freactivity 163ms (cache miss)
npm http fetch GET 200 https://vlt-451504312483.d.codeartifact.us-east-1.amazonaws.com/npm/code-artifact-benchmark-test/@vue%2fruntime-core 192ms (cache miss)
npm http fetch GET 200 https://vlt-451504312483.d.codeartifact.us-east-1.amazonaws.com/npm/code-artifact-benchmark-test/typescript 1232ms (cache updated)
npm http fetch GET 200 https://vlt-451504312483.d.codeartifact.us-east-1.amazonaws.com/npm/code-artifact-benchmark-test/path-browserify 131ms (cache miss)
npm http fetch GET 200 https://vlt-451504312483.d.codeartifact.us-east-1.amazonaws.com/npm/code-artifact-benchmark-test/vscode-uri 134ms (cache miss)
npm http fetch GET 200 https://vlt-451504312483.d.codeartifact.us-east-1.amazonaws.com/npm/code-artifact-benchmark-test/@volar%2flanguage-core 165ms (cache miss)
npm http fetch GET 200 https://vlt-451504312483.d.codeartifact.us-east-1.amazonaws.com/npm/code-artifact-benchmark-test/minimatch 162ms (cache updated)
npm http fetch GET 200 https://vlt-451504312483.d.codeartifact.us-east-1.amazonaws.com/npm/code-artifact-benchmark-test/alien-signals 180ms (cache miss)
npm http fetch GET 200 https://vlt-451504312483.d.codeartifact.us-east-1.amazonaws.com/npm/code-artifact-benchmark-test/muggle-string 150ms (cache miss)
npm http fetch GET 200 https://vlt-451504312483.d.codeartifact.us-east-1.amazonaws.com/npm/code-artifact-benchmark-test/@vue%2fcompiler-vue2 127ms (cache miss)
npm http fetch GET 200 https://vlt-451504312483.d.codeartifact.us-east-1.amazonaws.com/npm/code-artifact-benchmark-test/@volar%2fsource-map 202ms (cache miss)
npm http fetch GET 200 https://vlt-451504312483.d.codeartifact.us-east-1.amazonaws.com/npm/code-artifact-benchmark-test/de-indent 126ms (cache miss)
npm http fetch GET 200 https://vlt-451504312483.d.codeartifact.us-east-1.amazonaws.com/npm/code-artifact-benchmark-test/he 135ms (cache miss)
npm http fetch GET 200 https://vlt-451504312483.d.codeartifact.us-east-1.amazonaws.com/npm/code-artifact-benchmark-test/safer-buffer 139ms (cache miss)
npm http fetch GET 200 https://vlt-451504312483.d.codeartifact.us-east-1.amazonaws.com/npm/code-artifact-benchmark-test/concat-map 112ms (cache miss)
npm http fetch GET 200 https://vlt-451504312483.d.codeartifact.us-east-1.amazonaws.com/npm/code-artifact-benchmark-test/balanced-match 113ms (cache updated)
npm http fetch GET 200 https://vlt-451504312483.d.codeartifact.us-east-1.amazonaws.com/npm/code-artifact-benchmark-test/@esbuild%2faix-ppc64 136ms (cache updated)
npm http fetch GET 200 https://vlt-451504312483.d.codeartifact.us-east-1.amazonaws.com/npm/code-artifact-benchmark-test/@esbuild%2flinux-x64 153ms (cache updated)
npm http fetch GET 200 https://vlt-451504312483.d.codeartifact.us-east-1.amazonaws.com/npm/code-artifact-benchmark-test/@esbuild%2flinux-arm 163ms (cache updated)
npm http fetch GET 200 https://vlt-451504312483.d.codeartifact.us-east-1.amazonaws.com/npm/code-artifact-benchmark-test/@esbuild%2fsunos-x64 136ms (cache updated)
npm http fetch GET 200 https://vlt-451504312483.d.codeartifact.us-east-1.amazonaws.com/npm/code-artifact-benchmark-test/@esbuild%2fdarwin-x64 140ms (cache updated)
npm http fetch GET 200 https://vlt-451504312483.d.codeartifact.us-east-1.amazonaws.com/npm/code-artifact-benchmark-test/@esbuild%2fwin32-x64 198ms (cache updated)
npm http fetch GET 200 https://vlt-451504312483.d.codeartifact.us-east-1.amazonaws.com/npm/code-artifact-benchmark-test/@esbuild%2flinux-ia32 145ms (cache updated)
npm http fetch GET 200 https://vlt-451504312483.d.codeartifact.us-east-1.amazonaws.com/npm/code-artifact-benchmark-test/@esbuild%2fnetbsd-x64 121ms (cache updated)
npm http fetch GET 200 https://vlt-451504312483.d.codeartifact.us-east-1.amazonaws.com/npm/code-artifact-benchmark-test/@esbuild%2fwin32-ia32 111ms (cache updated)
npm http fetch GET 200 https://vlt-451504312483.d.codeartifact.us-east-1.amazonaws.com/npm/code-artifact-benchmark-test/@esbuild%2fandroid-arm 131ms (cache updated)
npm http fetch GET 200 https://vlt-451504312483.d.codeartifact.us-east-1.amazonaws.com/npm/code-artifact-benchmark-test/@esbuild%2fandroid-x64 139ms (cache updated)
npm http fetch GET 200 https://vlt-451504312483.d.codeartifact.us-east-1.amazonaws.com/npm/code-artifact-benchmark-test/@esbuild%2ffreebsd-x64 143ms (cache updated)
npm http fetch GET 200 https://vlt-451504312483.d.codeartifact.us-east-1.amazonaws.com/npm/code-artifact-benchmark-test/@esbuild%2flinux-ppc64 126ms (cache updated)
npm http fetch GET 200 https://vlt-451504312483.d.codeartifact.us-east-1.amazonaws.com/npm/code-artifact-benchmark-test/@esbuild%2flinux-arm64 195ms (cache updated)
npm http fetch GET 200 https://vlt-451504312483.d.codeartifact.us-east-1.amazonaws.com/npm/code-artifact-benchmark-test/@esbuild%2flinux-s390x 149ms (cache updated)
npm http fetch GET 200 https://vlt-451504312483.d.codeartifact.us-east-1.amazonaws.com/npm/code-artifact-benchmark-test/@esbuild%2fwin32-arm64 130ms (cache updated)
npm http fetch GET 200 https://vlt-451504312483.d.codeartifact.us-east-1.amazonaws.com/npm/code-artifact-benchmark-test/@esbuild%2fopenbsd-x64 184ms (cache updated)
npm http fetch GET 200 https://vlt-451504312483.d.codeartifact.us-east-1.amazonaws.com/npm/code-artifact-benchmark-test/@esbuild%2fdarwin-arm64 134ms (cache updated)
npm http fetch GET 200 https://vlt-451504312483.d.codeartifact.us-east-1.amazonaws.com/npm/code-artifact-benchmark-test/@esbuild%2ffreebsd-arm64 123ms (cache updated)
npm http fetch GET 200 https://vlt-451504312483.d.codeartifact.us-east-1.amazonaws.com/npm/code-artifact-benchmark-test/@esbuild%2flinux-loong64 123ms (cache updated)
npm http fetch GET 200 https://vlt-451504312483.d.codeartifact.us-east-1.amazonaws.com/npm/code-artifact-benchmark-test/@esbuild%2fandroid-arm64 142ms (cache updated)
npm http fetch GET 200 https://vlt-451504312483.d.codeartifact.us-east-1.amazonaws.com/npm/code-artifact-benchmark-test/@esbuild%2flinux-mips64el 136ms (cache updated)
npm http fetch GET 200 https://vlt-451504312483.d.codeartifact.us-east-1.amazonaws.com/npm/code-artifact-benchmark-test/@esbuild%2flinux-riscv64 156ms (cache updated)
npm http fetch GET 200 https://vlt-451504312483.d.codeartifact.us-east-1.amazonaws.com/npm/code-artifact-benchmark-test/stackback/-/stackback-0.0.2.tgz 305ms (cache miss)
npm http fetch GET 200 https://vlt-451504312483.d.codeartifact.us-east-1.amazonaws.com/npm/code-artifact-benchmark-test/concat-map/-/concat-map-0.0.1.tgz 304ms (cache miss)
npm http fetch GET 200 https://vlt-451504312483.d.codeartifact.us-east-1.amazonaws.com/npm/code-artifact-benchmark-test/@volar/source-map/-/source-map-2.4.15.tgz 376ms (cache miss)
npm http fetch GET 200 https://vlt-451504312483.d.codeartifact.us-east-1.amazonaws.com/npm/code-artifact-benchmark-test/muggle-string/-/muggle-string-0.4.1.tgz 393ms (cache miss)
npm http fetch GET 200 https://vlt-451504312483.d.codeartifact.us-east-1.amazonaws.com/npm/code-artifact-benchmark-test/siginfo/-/siginfo-2.0.0.tgz 399ms (cache miss)
npm http fetch GET 200 https://vlt-451504312483.d.codeartifact.us-east-1.amazonaws.com/npm/code-artifact-benchmark-test/isexe/-/isexe-2.0.0.tgz 420ms (cache miss)
npm http fetch GET 200 https://vlt-451504312483.d.codeartifact.us-east-1.amazonaws.com/npm/code-artifact-benchmark-test/de-indent/-/de-indent-1.0.2.tgz 419ms (cache miss)
npm http fetch GET 200 https://vlt-451504312483.d.codeartifact.us-east-1.amazonaws.com/npm/code-artifact-benchmark-test/vscode-uri/-/vscode-uri-3.2.0.tgz 418ms (cache miss)
npm http fetch GET 200 https://vlt-451504312483.d.codeartifact.us-east-1.amazonaws.com/npm/code-artifact-benchmark-test/alien-signals/-/alien-signals-1.0.13.tgz 454ms (cache miss)
npm http fetch GET 200 https://vlt-451504312483.d.codeartifact.us-east-1.amazonaws.com/npm/code-artifact-benchmark-test/is-wsl/-/is-wsl-3.1.1.tgz 458ms (cache miss)
npm http fetch GET 200 https://vlt-451504312483.d.codeartifact.us-east-1.amazonaws.com/npm/code-artifact-benchmark-test/type-fest/-/type-fest-0.20.2.tgz 459ms (cache miss)
npm http fetch GET 200 https://vlt-451504312483.d.codeartifact.us-east-1.amazonaws.com/npm/code-artifact-benchmark-test/tr46/-/tr46-5.1.1.tgz 459ms (cache miss)
npm http fetch GET 200 https://vlt-451504312483.d.codeartifact.us-east-1.amazonaws.com/npm/code-artifact-benchmark-test/he/-/he-1.2.0.tgz 459ms (cache miss)
npm http fetch GET 200 https://vlt-451504312483.d.codeartifact.us-east-1.amazonaws.com/npm/code-artifact-benchmark-test/safer-buffer/-/safer-buffer-2.1.2.tgz 466ms (cache miss)
npm http fetch GET 200 https://vlt-451504312483.d.codeartifact.us-east-1.amazonaws.com/npm/code-artifact-benchmark-test/path-browserify/-/path-browserify-1.0.1.tgz 476ms (cache miss)
npm http fetch GET 200 https://vlt-451504312483.d.codeartifact.us-east-1.amazonaws.com/npm/code-artifact-benchmark-test/@vue/compiler-vue2/-/compiler-vue2-2.7.16.tgz 507ms (cache miss)
npm http fetch GET 200 https://vlt-451504312483.d.codeartifact.us-east-1.amazonaws.com/npm/code-artifact-benchmark-test/csstype/-/csstype-3.2.3.tgz 512ms (cache miss)
npm http fetch GET 200 https://vlt-451504312483.d.codeartifact.us-east-1.amazonaws.com/npm/code-artifact-benchmark-test/iconv-lite/-/iconv-lite-0.6.3.tgz 521ms (cache miss)
npm http fetch GET 200 https://vlt-451504312483.d.codeartifact.us-east-1.amazonaws.com/npm/code-artifact-benchmark-test/@volar/language-core/-/language-core-2.4.15.tgz 530ms (cache miss)
npm http fetch GET 200 https://vlt-451504312483.d.codeartifact.us-east-1.amazonaws.com/npm/code-artifact-benchmark-test/es-module-lexer/-/es-module-lexer-1.7.0.tgz 547ms (cache miss)
npm http fetch GET 200 https://vlt-451504312483.d.codeartifact.us-east-1.amazonaws.com/npm/code-artifact-benchmark-test/deep-eql/-/deep-eql-5.0.2.tgz 549ms (cache miss)
npm http fetch GET 200 https://vlt-451504312483.d.codeartifact.us-east-1.amazonaws.com/npm/code-artifact-benchmark-test/pathval/-/pathval-2.0.1.tgz 551ms (cache miss)
npm http fetch GET 200 https://vlt-451504312483.d.codeartifact.us-east-1.amazonaws.com/npm/code-artifact-benchmark-test/cac/-/cac-6.7.14.tgz 560ms (cache miss)
npm http fetch GET 200 https://vlt-451504312483.d.codeartifact.us-east-1.amazonaws.com/npm/code-artifact-benchmark-test/check-error/-/check-error-2.1.3.tgz 564ms (cache miss)
npm http fetch GET 200 https://vlt-451504312483.d.codeartifact.us-east-1.amazonaws.com/npm/code-artifact-benchmark-test/@vue/server-renderer/-/server-renderer-3.5.43.tgz 571ms (cache miss)
npm http fetch GET 200 https://vlt-451504312483.d.codeartifact.us-east-1.amazonaws.com/npm/code-artifact-benchmark-test/@vue/reactivity/-/reactivity-3.5.43.tgz 572ms (cache miss)
npm http fetch GET 200 https://vlt-451504312483.d.codeartifact.us-east-1.amazonaws.com/npm/code-artifact-benchmark-test/@volar/typescript/-/typescript-2.4.15.tgz 584ms (cache miss)
npm http fetch GET 200 https://vlt-451504312483.d.codeartifact.us-east-1.amazonaws.com/npm/code-artifact-benchmark-test/loupe/-/loupe-3.2.1.tgz 613ms (cache miss)
npm http fetch GET 200 https://vlt-451504312483.d.codeartifact.us-east-1.amazonaws.com/npm/code-artifact-benchmark-test/assertion-error/-/assertion-error-2.0.1.tgz 628ms (cache miss)
npm http fetch GET 200 https://vlt-451504312483.d.codeartifact.us-east-1.amazonaws.com/npm/code-artifact-benchmark-test/lodash/-/lodash-4.18.1.tgz 639ms (cache miss)
npm http fetch GET 200 https://vlt-451504312483.d.codeartifact.us-east-1.amazonaws.com/npm/code-artifact-benchmark-test/@vue/language-core/-/language-core-2.2.12.tgz 646ms (cache miss)
npm http fetch GET 200 https://vlt-451504312483.d.codeartifact.us-east-1.amazonaws.com/npm/code-artifact-benchmark-test/tinypool/-/tinypool-1.1.1.tgz 645ms (cache miss)
npm http fetch GET 200 https://vlt-451504312483.d.codeartifact.us-east-1.amazonaws.com/npm/code-artifact-benchmark-test/std-env/-/std-env-3.10.0.tgz 652ms (cache miss)
npm http fetch GET 200 https://vlt-451504312483.d.codeartifact.us-east-1.amazonaws.com/npm/code-artifact-benchmark-test/why-is-node-running/-/why-is-node-running-2.3.0.tgz 654ms (cache miss)
npm http fetch GET 200 https://vlt-451504312483.d.codeartifact.us-east-1.amazonaws.com/npm/code-artifact-benchmark-test/@vue/runtime-core/-/runtime-core-3.5.43.tgz 663ms (cache miss)
npm http fetch GET 200 https://vlt-451504312483.d.codeartifact.us-east-1.amazonaws.com/npm/code-artifact-benchmark-test/tinyrainbow/-/tinyrainbow-1.2.0.tgz 661ms (cache miss)
npm http fetch GET 200 https://vlt-451504312483.d.codeartifact.us-east-1.amazonaws.com/npm/code-artifact-benchmark-test/vite-node/-/vite-node-2.1.9.tgz 671ms (cache miss)
npm http fetch GET 200 https://vlt-451504312483.d.codeartifact.us-east-1.amazonaws.com/npm/code-artifact-benchmark-test/@vitest/utils/-/utils-2.1.9.tgz 670ms (cache miss)
npm http fetch GET 200 https://vlt-451504312483.d.codeartifact.us-east-1.amazonaws.com/npm/code-artifact-benchmark-test/chai/-/chai-5.3.3.tgz 681ms (cache miss)
npm http fetch GET 200 https://vlt-451504312483.d.codeartifact.us-east-1.amazonaws.com/npm/code-artifact-benchmark-test/tinyexec/-/tinyexec-0.3.2.tgz 694ms (cache miss)
npm http fetch GET 200 https://vlt-451504312483.d.codeartifact.us-east-1.amazonaws.com/npm/code-artifact-benchmark-test/tinybench/-/tinybench-2.9.0.tgz 696ms (cache miss)
npm http fetch GET 200 https://vlt-451504312483.d.codeartifact.us-east-1.amazonaws.com/npm/code-artifact-benchmark-test/@vitest/snapshot/-/snapshot-2.1.9.tgz 697ms (cache miss)
npm http fetch GET 200 https://vlt-451504312483.d.codeartifact.us-east-1.amazonaws.com/npm/code-artifact-benchmark-test/expect-type/-/expect-type-1.4.0.tgz 699ms (cache miss)
npm http fetch GET 200 https://vlt-451504312483.d.codeartifact.us-east-1.amazonaws.com/npm/code-artifact-benchmark-test/@vue/runtime-dom/-/runtime-dom-3.5.43.tgz 722ms (cache miss)
npm http fetch GET 200 https://vlt-451504312483.d.codeartifact.us-east-1.amazonaws.com/npm/code-artifact-benchmark-test/tinyspy/-/tinyspy-3.0.2.tgz 745ms (cache miss)
npm http fetch GET 200 https://vlt-451504312483.d.codeartifact.us-east-1.amazonaws.com/npm/code-artifact-benchmark-test/@vitest/spy/-/spy-2.1.9.tgz 745ms (cache miss)
npm http fetch GET 200 https://vlt-451504312483.d.codeartifact.us-east-1.amazonaws.com/npm/code-artifact-benchmark-test/@babel/plugin-syntax-import-meta/-/plugin-syntax-import-meta-7.10.4.tgz 749ms (cache miss)
npm http fetch GET 200 https://vlt-451504312483.d.codeartifact.us-east-1.amazonaws.com/npm/code-artifact-benchmark-test/@vitest/pretty-format/-/pretty-format-2.1.9.tgz 757ms (cache miss)
npm http fetch GET 200 https://vlt-451504312483.d.codeartifact.us-east-1.amazonaws.com/npm/code-artifact-benchmark-test/@babel/plugin-syntax-decorators/-/plugin-syntax-decorators-7.29.7.tgz 761ms (cache miss)
npm http fetch GET 200 https://vlt-451504312483.d.codeartifact.us-east-1.amazonaws.com/npm/code-artifact-benchmark-test/@vitest/expect/-/expect-2.1.9.tgz 771ms (cache miss)
npm http fetch GET 200 https://vlt-451504312483.d.codeartifact.us-east-1.amazonaws.com/npm/code-artifact-benchmark-test/@babel/plugin-syntax-import-attributes/-/plugin-syntax-import-attributes-7.29.7.tgz 771ms (cache miss)
npm http fetch GET 200 https://vlt-451504312483.d.codeartifact.us-east-1.amazonaws.com/npm/code-artifact-benchmark-test/kolorist/-/kolorist-1.8.0.tgz 786ms (cache miss)
npm http fetch GET 200 https://vlt-451504312483.d.codeartifact.us-east-1.amazonaws.com/npm/code-artifact-benchmark-test/run-applescript/-/run-applescript-7.1.0.tgz 789ms (cache miss)
npm http fetch GET 200 https://vlt-451504312483.d.codeartifact.us-east-1.amazonaws.com/npm/code-artifact-benchmark-test/@babel/plugin-proposal-decorators/-/plugin-proposal-decorators-7.29.7.tgz 790ms (cache miss)
npm http fetch GET 200 https://vlt-451504312483.d.codeartifact.us-east-1.amazonaws.com/npm/code-artifact-benchmark-test/bundle-name/-/bundle-name-4.1.1.tgz 790ms (cache miss)
npm http fetch GET 200 https://vlt-451504312483.d.codeartifact.us-east-1.amazonaws.com/npm/code-artifact-benchmark-test/is-docker/-/is-docker-3.0.0.tgz 792ms (cache miss)
npm http fetch GET 200 https://vlt-451504312483.d.codeartifact.us-east-1.amazonaws.com/npm/code-artifact-benchmark-test/@vitest/runner/-/runner-2.1.9.tgz 795ms (cache miss)
npm http fetch GET 200 https://vlt-451504312483.d.codeartifact.us-east-1.amazonaws.com/npm/code-artifact-benchmark-test/default-browser-id/-/default-browser-id-5.0.1.tgz 795ms (cache miss)
npm http fetch GET 200 https://vlt-451504312483.d.codeartifact.us-east-1.amazonaws.com/npm/code-artifact-benchmark-test/wsl-utils/-/wsl-utils-0.1.0.tgz 809ms (cache miss)
npm http fetch GET 200 https://vlt-451504312483.d.codeartifact.us-east-1.amazonaws.com/npm/code-artifact-benchmark-test/define-lazy-prop/-/define-lazy-prop-3.0.0.tgz 840ms (cache miss)
npm http fetch GET 200 https://vlt-451504312483.d.codeartifact.us-east-1.amazonaws.com/npm/code-artifact-benchmark-test/is-inside-container/-/is-inside-container-1.0.0.tgz 853ms (cache miss)
npm http fetch GET 200 https://vlt-451504312483.d.codeartifact.us-east-1.amazonaws.com/npm/code-artifact-benchmark-test/default-browser/-/default-browser-5.5.1.tgz 866ms (cache miss)
npm http fetch GET 200 https://vlt-451504312483.d.codeartifact.us-east-1.amazonaws.com/npm/code-artifact-benchmark-test/universalify/-/universalify-2.0.1.tgz 880ms (cache miss)
npm http fetch GET 200 https://vlt-451504312483.d.codeartifact.us-east-1.amazonaws.com/npm/code-artifact-benchmark-test/@antfu/utils/-/utils-0.7.10.tgz 882ms (cache miss)
npm http fetch GET 200 https://vlt-451504312483.d.codeartifact.us-east-1.amazonaws.com/npm/code-artifact-benchmark-test/error-stack-parser-es/-/error-stack-parser-es-0.1.5.tgz 890ms (cache miss)
npm http fetch GET 200 https://vlt-451504312483.d.codeartifact.us-east-1.amazonaws.com/npm/code-artifact-benchmark-test/jsonfile/-/jsonfile-6.2.1.tgz 905ms (cache miss)
npm http fetch GET 200 https://vlt-451504312483.d.codeartifact.us-east-1.amazonaws.com/npm/code-artifact-benchmark-test/graceful-fs/-/graceful-fs-4.2.11.tgz 906ms (cache miss)
npm http fetch GET 200 https://vlt-451504312483.d.codeartifact.us-east-1.amazonaws.com/npm/code-artifact-benchmark-test/copy-anything/-/copy-anything-4.1.5.tgz 905ms (cache miss)
npm http fetch GET 200 https://vlt-451504312483.d.codeartifact.us-east-1.amazonaws.com/npm/code-artifact-benchmark-test/@rollup/pluginutils/-/pluginutils-5.4.0.tgz 909ms (cache miss)
npm http fetch GET 200 https://vlt-451504312483.d.codeartifact.us-east-1.amazonaws.com/npm/code-artifact-benchmark-test/mrmime/-/mrmime-2.0.1.tgz 911ms (cache miss)
npm http fetch GET 200 https://vlt-451504312483.d.codeartifact.us-east-1.amazonaws.com/npm/code-artifact-benchmark-test/totalist/-/totalist-3.0.1.tgz 913ms (cache miss)
npm http fetch GET 200 https://vlt-451504312483.d.codeartifact.us-east-1.amazonaws.com/npm/code-artifact-benchmark-test/open/-/open-10.2.0.tgz 915ms (cache miss)
npm http fetch GET 200 https://vlt-451504312483.d.codeartifact.us-east-1.amazonaws.com/npm/code-artifact-benchmark-test/@polka/url/-/url-1.0.0-next.29.tgz 914ms (cache miss)
npm http fetch GET 200 https://vlt-451504312483.d.codeartifact.us-east-1.amazonaws.com/npm/code-artifact-benchmark-test/fs-extra/-/fs-extra-11.4.1.tgz 920ms (cache miss)
npm http fetch GET 200 https://vlt-451504312483.d.codeartifact.us-east-1.amazonaws.com/npm/code-artifact-benchmark-test/parse-ms/-/parse-ms-4.0.0.tgz 925ms (cache miss)
npm http fetch GET 200 https://vlt-451504312483.d.codeartifact.us-east-1.amazonaws.com/npm/code-artifact-benchmark-test/@sec-ant/readable-stream/-/readable-stream-0.4.1.tgz 966ms (cache miss)
npm http fetch GET 200 https://vlt-451504312483.d.codeartifact.us-east-1.amazonaws.com/npm/code-artifact-benchmark-test/is-unicode-supported/-/is-unicode-supported-2.1.0.tgz 969ms (cache miss)
npm http fetch GET 200 https://vlt-451504312483.d.codeartifact.us-east-1.amazonaws.com/npm/code-artifact-benchmark-test/unicorn-magic/-/unicorn-magic-0.3.0.tgz 971ms (cache miss)
npm http fetch GET 200 https://vlt-451504312483.d.codeartifact.us-east-1.amazonaws.com/npm/code-artifact-benchmark-test/strip-final-newline/-/strip-final-newline-4.0.0.tgz 986ms (cache miss)
npm http fetch GET 200 https://vlt-451504312483.d.codeartifact.us-east-1.amazonaws.com/npm/code-artifact-benchmark-test/npm-run-path/-/npm-run-path-6.0.0.tgz 989ms (cache miss)
npm http fetch GET 200 https://vlt-451504312483.d.codeartifact.us-east-1.amazonaws.com/npm/code-artifact-benchmark-test/human-signals/-/human-signals-8.0.1.tgz 991ms (cache miss)
npm http fetch GET 200 https://vlt-451504312483.d.codeartifact.us-east-1.amazonaws.com/npm/code-artifact-benchmark-test/is-plain-obj/-/is-plain-obj-4.1.0.tgz 1003ms (cache miss)
npm http fetch GET 200 https://vlt-451504312483.d.codeartifact.us-east-1.amazonaws.com/npm/code-artifact-benchmark-test/figures/-/figures-6.1.0.tgz 1004ms (cache miss)
npm http fetch GET 200 https://vlt-451504312483.d.codeartifact.us-east-1.amazonaws.com/npm/code-artifact-benchmark-test/yoctocolors/-/yoctocolors-2.2.0.tgz 1017ms (cache miss)
npm http fetch GET 200 https://vlt-451504312483.d.codeartifact.us-east-1.amazonaws.com/npm/code-artifact-benchmark-test/is-stream/-/is-stream-4.0.1.tgz 1018ms (cache miss)
npm http fetch GET 200 https://vlt-451504312483.d.codeartifact.us-east-1.amazonaws.com/npm/code-artifact-benchmark-test/get-stream/-/get-stream-9.0.1.tgz 1018ms (cache miss)
npm http fetch GET 200 https://vlt-451504312483.d.codeartifact.us-east-1.amazonaws.com/npm/code-artifact-benchmark-test/rfdc/-/rfdc-1.4.1.tgz 1017ms (cache miss)
npm http fetch GET 200 https://vlt-451504312483.d.codeartifact.us-east-1.amazonaws.com/npm/code-artifact-benchmark-test/pretty-ms/-/pretty-ms-9.3.1.tgz 1024ms (cache miss)
npm http fetch GET 200 https://vlt-451504312483.d.codeartifact.us-east-1.amazonaws.com/npm/code-artifact-benchmark-test/@sindresorhus/merge-streams/-/merge-streams-4.0.0.tgz 1028ms (cache miss)
npm http fetch GET 200 https://vlt-451504312483.d.codeartifact.us-east-1.amazonaws.com/npm/code-artifact-benchmark-test/perfect-debounce/-/perfect-debounce-1.0.0.tgz 1060ms (cache miss)
npm http fetch GET 200 https://vlt-451504312483.d.codeartifact.us-east-1.amazonaws.com/npm/code-artifact-benchmark-test/superjson/-/superjson-2.2.6.tgz 1072ms (cache miss)
npm http fetch GET 200 https://vlt-451504312483.d.codeartifact.us-east-1.amazonaws.com/npm/code-artifact-benchmark-test/signal-exit/-/signal-exit-4.1.0.tgz 1080ms (cache miss)
npm http fetch GET 200 https://vlt-451504312483.d.codeartifact.us-east-1.amazonaws.com/npm/code-artifact-benchmark-test/birpc/-/birpc-2.9.0.tgz 1082ms (cache miss)
npm http fetch GET 200 https://vlt-451504312483.d.codeartifact.us-east-1.amazonaws.com/npm/code-artifact-benchmark-test/speakingurl/-/speakingurl-14.0.1.tgz 1093ms (cache miss)
npm http fetch GET 200 https://vlt-451504312483.d.codeartifact.us-east-1.amazonaws.com/npm/code-artifact-benchmark-test/hookable/-/hookable-5.5.3.tgz 1094ms (cache miss)
npm http fetch GET 200 https://vlt-451504312483.d.codeartifact.us-east-1.amazonaws.com/npm/code-artifact-benchmark-test/pathe/-/pathe-2.0.3.tgz 1110ms (cache miss)
npm http fetch GET 200 https://vlt-451504312483.d.codeartifact.us-east-1.amazonaws.com/npm/code-artifact-benchmark-test/vite-hot-client/-/vite-hot-client-2.2.0.tgz 1112ms (cache miss)
npm http fetch GET 200 https://vlt-451504312483.d.codeartifact.us-east-1.amazonaws.com/npm/code-artifact-benchmark-test/sirv/-/sirv-3.0.2.tgz 1112ms (cache miss)
npm http fetch GET 200 https://vlt-451504312483.d.codeartifact.us-east-1.amazonaws.com/npm/code-artifact-benchmark-test/vite-plugin-vue-inspector/-/vite-plugin-vue-inspector-5.4.0.tgz 1120ms (cache miss)
npm http fetch GET 200 https://vlt-451504312483.d.codeartifact.us-east-1.amazonaws.com/npm/code-artifact-benchmark-test/mitt/-/mitt-3.0.1.tgz 1127ms (cache miss)
npm http fetch GET 200 https://vlt-451504312483.d.codeartifact.us-east-1.amazonaws.com/npm/code-artifact-benchmark-test/@vue/devtools-shared/-/devtools-shared-7.7.10.tgz 1128ms (cache miss)
npm http fetch GET 200 https://vlt-451504312483.d.codeartifact.us-east-1.amazonaws.com/npm/code-artifact-benchmark-test/@vue/devtools-core/-/devtools-core-7.7.10.tgz 1158ms (cache miss)
npm http fetch GET 200 https://vlt-451504312483.d.codeartifact.us-east-1.amazonaws.com/npm/code-artifact-benchmark-test/execa/-/execa-9.6.1.tgz 1174ms (cache miss)
npm http fetch GET 200 https://vlt-451504312483.d.codeartifact.us-east-1.amazonaws.com/npm/code-artifact-benchmark-test/esbuild/-/esbuild-0.25.12.tgz 1184ms (cache miss)
npm http fetch GET 200 https://vlt-451504312483.d.codeartifact.us-east-1.amazonaws.com/npm/code-artifact-benchmark-test/punycode/-/punycode-2.3.1.tgz 1184ms (cache miss)
npm http fetch GET 200 https://vlt-451504312483.d.codeartifact.us-east-1.amazonaws.com/npm/code-artifact-benchmark-test/escalade/-/escalade-3.2.0.tgz 1226ms (cache miss)
npm http fetch GET 200 https://vlt-451504312483.d.codeartifact.us-east-1.amazonaws.com/npm/code-artifact-benchmark-test/is-number/-/is-number-7.0.0.tgz 1225ms (cache miss)
npm http fetch GET 200 https://vlt-451504312483.d.codeartifact.us-east-1.amazonaws.com/npm/code-artifact-benchmark-test/@typescript-eslint/parser/-/parser-8.71.1.tgz 1240ms (cache miss)
npm http fetch GET 200 https://vlt-451504312483.d.codeartifact.us-east-1.amazonaws.com/npm/code-artifact-benchmark-test/@vue/devtools-kit/-/devtools-kit-7.7.10.tgz 1260ms (cache miss)
npm http fetch GET 200 https://vlt-451504312483.d.codeartifact.us-east-1.amazonaws.com/npm/code-artifact-benchmark-test/@pkgr/core/-/core-0.3.6.tgz 1260ms (cache miss)
npm http fetch GET 200 https://vlt-451504312483.d.codeartifact.us-east-1.amazonaws.com/npm/code-artifact-benchmark-test/@typescript-eslint/type-utils/-/type-utils-8.71.1.tgz 1270ms (cache miss)
npm http fetch GET 200 https://vlt-451504312483.d.codeartifact.us-east-1.amazonaws.com/npm/code-artifact-benchmark-test/has-flag/-/has-flag-4.0.0.tgz 1271ms (cache miss)
npm http fetch GET 200 https://vlt-451504312483.d.codeartifact.us-east-1.amazonaws.com/npm/code-artifact-benchmark-test/vite-plugin-inspect/-/vite-plugin-inspect-0.8.9.tgz 1284ms (cache miss)
npm http fetch GET 200 https://vlt-451504312483.d.codeartifact.us-east-1.amazonaws.com/npm/code-artifact-benchmark-test/@rollup/rollup-linux-arm64-gnu/-/rollup-linux-arm64-gnu-4.64.2.tgz 1289ms (cache miss)
npm http fetch GET 200 https://vlt-451504312483.d.codeartifact.us-east-1.amazonaws.com/npm/code-artifact-benchmark-test/shebang-regex/-/shebang-regex-3.0.0.tgz 1300ms (cache miss)
npm http fetch GET 200 https://vlt-451504312483.d.codeartifact.us-east-1.amazonaws.com/npm/code-artifact-benchmark-test/xmlchars/-/xmlchars-2.2.0.tgz 1326ms (cache miss)
npm http fetch GET 200 https://vlt-451504312483.d.codeartifact.us-east-1.amazonaws.com/npm/code-artifact-benchmark-test/queue-microtask/-/queue-microtask-1.2.3.tgz 1327ms (cache miss)
npm http fetch GET 200 https://vlt-451504312483.d.codeartifact.us-east-1.amazonaws.com/npm/code-artifact-benchmark-test/rollup/-/rollup-4.64.2.tgz 1338ms (cache miss)
npm http fetch GET 200 https://vlt-451504312483.d.codeartifact.us-east-1.amazonaws.com/npm/code-artifact-benchmark-test/tldts-core/-/tldts-core-6.1.86.tgz 1339ms (cache miss)
npm http fetch GET 200 https://vlt-451504312483.d.codeartifact.us-east-1.amazonaws.com/npm/code-artifact-benchmark-test/npm-normalize-package-bin/-/npm-normalize-package-bin-4.0.0.tgz 1337ms (cache miss)
npm http fetch GET 200 https://vlt-451504312483.d.codeartifact.us-east-1.amazonaws.com/npm/code-artifact-benchmark-test/json-parse-even-better-errors/-/json-parse-even-better-errors-4.0.0.tgz 1338ms (cache miss)
npm http fetch GET 200 https://vlt-451504312483.d.codeartifact.us-east-1.amazonaws.com/npm/code-artifact-benchmark-test/cssesc/-/cssesc-3.0.0.tgz 1353ms (cache miss)
npm http fetch GET 200 https://vlt-451504312483.d.codeartifact.us-east-1.amazonaws.com/npm/code-artifact-benchmark-test/fast-diff/-/fast-diff-1.3.0.tgz 1355ms (cache miss)
npm http fetch GET 200 https://vlt-451504312483.d.codeartifact.us-east-1.amazonaws.com/npm/code-artifact-benchmark-test/tldts/-/tldts-6.1.86.tgz 1363ms (cache miss)
npm http fetch GET 200 https://vlt-451504312483.d.codeartifact.us-east-1.amazonaws.com/npm/code-artifact-benchmark-test/vue-demi/-/vue-demi-0.14.10.tgz 1372ms (cache miss)
npm http fetch GET 200 https://vlt-451504312483.d.codeartifact.us-east-1.amazonaws.com/npm/code-artifact-benchmark-test/util-deprecate/-/util-deprecate-1.0.2.tgz 1386ms (cache miss)
npm http fetch GET 200 https://vlt-451504312483.d.codeartifact.us-east-1.amazonaws.com/npm/code-artifact-benchmark-test/@vue/devtools-api/-/devtools-api-6.6.4.tgz 1385ms (cache miss)
npm http fetch GET 200 https://vlt-451504312483.d.codeartifact.us-east-1.amazonaws.com/npm/code-artifact-benchmark-test/callsites/-/callsites-3.1.0.tgz 1397ms (cache miss)
npm http fetch GET 200 https://vlt-451504312483.d.codeartifact.us-east-1.amazonaws.com/npm/code-artifact-benchmark-test/nanoid/-/nanoid-3.3.20.tgz 1399ms (cache miss)
npm http fetch GET 200 https://vlt-451504312483.d.codeartifact.us-east-1.amazonaws.com/npm/code-artifact-benchmark-test/yocto-queue/-/yocto-queue-0.1.0.tgz 1413ms (cache miss)
npm http fetch GET 200 https://vlt-451504312483.d.codeartifact.us-east-1.amazonaws.com/npm/code-artifact-benchmark-test/word-wrap/-/word-wrap-1.2.5.tgz 1414ms (cache miss)
npm http fetch GET 200 https://vlt-451504312483.d.codeartifact.us-east-1.amazonaws.com/npm/code-artifact-benchmark-test/fast-levenshtein/-/fast-levenshtein-2.0.6.tgz 1431ms (cache miss)
npm http fetch GET 200 https://vlt-451504312483.d.codeartifact.us-east-1.amazonaws.com/npm/code-artifact-benchmark-test/deep-is/-/deep-is-0.1.4.tgz 1432ms (cache miss)
npm http fetch GET 200 https://vlt-451504312483.d.codeartifact.us-east-1.amazonaws.com/npm/code-artifact-benchmark-test/p-limit/-/p-limit-3.1.0.tgz 1454ms (cache miss)
npm http fetch GET 200 https://vlt-451504312483.d.codeartifact.us-east-1.amazonaws.com/npm/code-artifact-benchmark-test/boolbase/-/boolbase-1.0.0.tgz 1460ms (cache miss)
npm http fetch GET 200 https://vlt-451504312483.d.codeartifact.us-east-1.amazonaws.com/npm/code-artifact-benchmark-test/shell-quote/-/shell-quote-1.12.0.tgz 1482ms (cache miss)
npm http fetch GET 200 https://vlt-451504312483.d.codeartifact.us-east-1.amazonaws.com/npm/code-artifact-benchmark-test/balanced-match/-/balanced-match-4.0.4.tgz 1482ms (cache miss)
npm http fetch GET 200 https://vlt-451504312483.d.codeartifact.us-east-1.amazonaws.com/npm/code-artifact-benchmark-test/pidtree/-/pidtree-0.6.1.tgz 1485ms (cache miss)
npm http fetch GET 200 https://vlt-451504312483.d.codeartifact.us-east-1.amazonaws.com/npm/code-artifact-benchmark-test/abbrev/-/abbrev-5.0.0.tgz 1490ms (cache miss)
npm http fetch GET 200 https://vlt-451504312483.d.codeartifact.us-east-1.amazonaws.com/npm/code-artifact-benchmark-test/memorystream/-/memorystream-0.3.1.tgz 1512ms (cache miss)
npm http fetch GET 200 https://vlt-451504312483.d.codeartifact.us-east-1.amazonaws.com/npm/code-artifact-benchmark-test/to-regex-range/-/to-regex-range-5.0.1.tgz 1511ms (cache miss)
npm http fetch GET 200 https://vlt-451504312483.d.codeartifact.us-east-1.amazonaws.com/npm/code-artifact-benchmark-test/read-package-json-fast/-/read-package-json-fast-4.0.0.tgz 1514ms (cache miss)
npm http fetch GET 200 https://vlt-451504312483.d.codeartifact.us-east-1.amazonaws.com/npm/code-artifact-benchmark-test/brace-expansion/-/brace-expansion-5.0.12.tgz 1516ms (cache miss)
npm http fetch GET 200 https://vlt-451504312483.d.codeartifact.us-east-1.amazonaws.com/npm/code-artifact-benchmark-test/@typescript-eslint/eslint-plugin/-/eslint-plugin-8.71.1.tgz 1526ms (cache miss)
npm http fetch GET 200 https://vlt-451504312483.d.codeartifact.us-east-1.amazonaws.com/npm/code-artifact-benchmark-test/picomatch/-/picomatch-2.3.2.tgz 1536ms (cache miss)
npm http fetch GET 200 https://vlt-451504312483.d.codeartifact.us-east-1.amazonaws.com/npm/code-artifact-benchmark-test/fill-range/-/fill-range-7.1.1.tgz 1540ms (cache miss)
npm http fetch GET 200 https://vlt-451504312483.d.codeartifact.us-east-1.amazonaws.com/npm/code-artifact-benchmark-test/braces/-/braces-3.0.3.tgz 1543ms (cache miss)
npm http fetch GET 200 https://vlt-451504312483.d.codeartifact.us-east-1.amazonaws.com/npm/code-artifact-benchmark-test/mime-db/-/mime-db-1.52.0.tgz 1554ms (cache miss)
npm http fetch GET 200 https://vlt-451504312483.d.codeartifact.us-east-1.amazonaws.com/npm/code-artifact-benchmark-test/type-check/-/type-check-0.4.0.tgz 1576ms (cache miss)
npm http fetch GET 200 https://vlt-451504312483.d.codeartifact.us-east-1.amazonaws.com/npm/code-artifact-benchmark-test/yallist/-/yallist-3.1.1.tgz 1585ms (cache miss)
npm http fetch GET 200 https://vlt-451504312483.d.codeartifact.us-east-1.amazonaws.com/npm/code-artifact-benchmark-test/json-buffer/-/json-buffer-3.0.1.tgz 1602ms (cache miss)
npm http fetch GET 200 https://vlt-451504312483.d.codeartifact.us-east-1.amazonaws.com/npm/code-artifact-benchmark-test/math-intrinsics/-/math-intrinsics-1.1.0.tgz 1603ms (cache miss)
npm http fetch GET 200 https://vlt-451504312483.d.codeartifact.us-east-1.amazonaws.com/npm/code-artifact-benchmark-test/p-locate/-/p-locate-5.0.0.tgz 1605ms (cache miss)
npm http fetch GET 200 https://vlt-451504312483.d.codeartifact.us-east-1.amazonaws.com/npm/code-artifact-benchmark-test/prelude-ls/-/prelude-ls-1.2.1.tgz 1608ms (cache miss)
npm http fetch GET 200 https://vlt-451504312483.d.codeartifact.us-east-1.amazonaws.com/npm/code-artifact-benchmark-test/agent-base/-/agent-base-7.1.4.tgz 1612ms (cache miss)
npm http fetch GET 200 https://vlt-451504312483.d.codeartifact.us-east-1.amazonaws.com/npm/code-artifact-benchmark-test/has-symbols/-/has-symbols-1.1.0.tgz 1626ms (cache miss)
npm http fetch GET 200 https://vlt-451504312483.d.codeartifact.us-east-1.amazonaws.com/npm/code-artifact-benchmark-test/get-proto/-/get-proto-1.0.1.tgz 1635ms (cache miss)
npm http fetch GET 200 https://vlt-451504312483.d.codeartifact.us-east-1.amazonaws.com/npm/code-artifact-benchmark-test/dunder-proto/-/dunder-proto-1.0.1.tgz 1637ms (cache miss)
npm http fetch GET 200 https://vlt-451504312483.d.codeartifact.us-east-1.amazonaws.com/npm/code-artifact-benchmark-test/@esbuild/linux-arm64/-/linux-arm64-0.25.12.tgz 1663ms (cache miss)
npm http fetch GET 200 https://vlt-451504312483.d.codeartifact.us-east-1.amazonaws.com/npm/code-artifact-benchmark-test/es-define-property/-/es-define-property-1.0.1.tgz 1652ms (cache miss)
npm http fetch GET 200 https://vlt-451504312483.d.codeartifact.us-east-1.amazonaws.com/npm/code-artifact-benchmark-test/gopd/-/gopd-1.2.0.tgz 1654ms (cache miss)
npm http fetch GET 200 https://vlt-451504312483.d.codeartifact.us-east-1.amazonaws.com/npm/code-artifact-benchmark-test/function-bind/-/function-bind-1.1.2.tgz 1654ms (cache miss)
npm http fetch GET 200 https://vlt-451504312483.d.codeartifact.us-east-1.amazonaws.com/npm/code-artifact-benchmark-test/call-bind-apply-helpers/-/call-bind-apply-helpers-1.0.2.tgz 1663ms (cache miss)
npm http fetch GET 200 https://vlt-451504312483.d.codeartifact.us-east-1.amazonaws.com/npm/code-artifact-benchmark-test/get-intrinsic/-/get-intrinsic-1.3.0.tgz 1681ms (cache miss)
npm http fetch GET 200 https://vlt-451504312483.d.codeartifact.us-east-1.amazonaws.com/npm/code-artifact-benchmark-test/has-tostringtag/-/has-tostringtag-1.0.2.tgz 1690ms (cache miss)
npm http fetch GET 200 https://vlt-451504312483.d.codeartifact.us-east-1.amazonaws.com/npm/code-artifact-benchmark-test/es-errors/-/es-errors-1.3.0.tgz 1701ms (cache miss)
npm http fetch GET 200 https://vlt-451504312483.d.codeartifact.us-east-1.amazonaws.com/npm/code-artifact-benchmark-test/delayed-stream/-/delayed-stream-1.0.0.tgz 1706ms (cache miss)
npm http fetch GET 200 https://vlt-451504312483.d.codeartifact.us-east-1.amazonaws.com/npm/code-artifact-benchmark-test/es-object-atoms/-/es-object-atoms-1.1.2.tgz 1707ms (cache miss)
npm http fetch GET 200 https://vlt-451504312483.d.codeartifact.us-east-1.amazonaws.com/npm/code-artifact-benchmark-test/es-set-tostringtag/-/es-set-tostringtag-2.1.0.tgz 1718ms (cache miss)
npm http fetch GET 200 https://vlt-451504312483.d.codeartifact.us-east-1.amazonaws.com/npm/code-artifact-benchmark-test/hasown/-/hasown-2.0.4.tgz 1727ms (cache miss)
npm http fetch GET 200 https://vlt-451504312483.d.codeartifact.us-east-1.amazonaws.com/npm/code-artifact-benchmark-test/playwright-core/-/playwright-core-1.64.0.tgz 1746ms (cache miss)
npm http fetch GET 200 https://vlt-451504312483.d.codeartifact.us-east-1.amazonaws.com/npm/code-artifact-benchmark-test/combined-stream/-/combined-stream-1.0.8.tgz 1738ms (cache miss)
npm http fetch GET 200 https://vlt-451504312483.d.codeartifact.us-east-1.amazonaws.com/npm/code-artifact-benchmark-test/@csstools/css-parser-algorithms/-/css-parser-algorithms-3.0.5.tgz 1743ms (cache miss)
npm http fetch GET 200 https://vlt-451504312483.d.codeartifact.us-east-1.amazonaws.com/npm/code-artifact-benchmark-test/asynckit/-/asynckit-0.4.0.tgz 1744ms (cache miss)
npm http fetch GET 200 https://vlt-451504312483.d.codeartifact.us-east-1.amazonaws.com/npm/code-artifact-benchmark-test/@csstools/css-color-parser/-/css-color-parser-3.1.0.tgz 1744ms (cache miss)
npm http fetch GET 200 https://vlt-451504312483.d.codeartifact.us-east-1.amazonaws.com/npm/code-artifact-benchmark-test/@csstools/css-tokenizer/-/css-tokenizer-3.0.4.tgz 1751ms (cache miss)
npm http fetch GET 200 https://vlt-451504312483.d.codeartifact.us-east-1.amazonaws.com/npm/code-artifact-benchmark-test/@csstools/color-helpers/-/color-helpers-5.1.0.tgz 1758ms (cache miss)
npm http fetch GET 200 https://vlt-451504312483.d.codeartifact.us-east-1.amazonaws.com/npm/code-artifact-benchmark-test/@csstools/css-calc/-/css-calc-2.1.4.tgz 1788ms (cache miss)
npm http fetch GET 200 https://vlt-451504312483.d.codeartifact.us-east-1.amazonaws.com/npm/code-artifact-benchmark-test/mime-types/-/mime-types-2.1.35.tgz 1794ms (cache miss)
npm http fetch GET 200 https://vlt-451504312483.d.codeartifact.us-east-1.amazonaws.com/npm/code-artifact-benchmark-test/ws/-/ws-8.22.0.tgz 1799ms (cache miss)
npm http fetch GET 200 https://vlt-451504312483.d.codeartifact.us-east-1.amazonaws.com/npm/code-artifact-benchmark-test/webidl-conversions/-/webidl-conversions-7.0.0.tgz 1816ms (cache miss)
npm http fetch GET 200 https://vlt-451504312483.d.codeartifact.us-east-1.amazonaws.com/npm/code-artifact-benchmark-test/whatwg-url/-/whatwg-url-14.2.0.tgz 1819ms (cache miss)
npm http fetch GET 200 https://vlt-451504312483.d.codeartifact.us-east-1.amazonaws.com/npm/code-artifact-benchmark-test/whatwg-mimetype/-/whatwg-mimetype-4.0.0.tgz 1835ms (cache miss)
npm http fetch GET 200 https://vlt-451504312483.d.codeartifact.us-east-1.amazonaws.com/npm/code-artifact-benchmark-test/saxes/-/saxes-6.0.0.tgz 1836ms (cache miss)
npm http fetch GET 200 https://vlt-451504312483.d.codeartifact.us-east-1.amazonaws.com/npm/code-artifact-benchmark-test/symbol-tree/-/symbol-tree-3.2.4.tgz 1846ms (cache miss)
npm http fetch GET 200 https://vlt-451504312483.d.codeartifact.us-east-1.amazonaws.com/npm/code-artifact-benchmark-test/is-potential-custom-element-name/-/is-potential-custom-element-name-1.0.1.tgz 1848ms (cache miss)
npm http fetch GET 200 https://vlt-451504312483.d.codeartifact.us-east-1.amazonaws.com/npm/code-artifact-benchmark-test/https-proxy-agent/-/https-proxy-agent-7.0.6.tgz 1859ms (cache miss)
npm http fetch GET 200 https://vlt-451504312483.d.codeartifact.us-east-1.amazonaws.com/npm/code-artifact-benchmark-test/nwsapi/-/nwsapi-2.2.28.tgz 1861ms (cache miss)
npm http fetch GET 200 https://vlt-451504312483.d.codeartifact.us-east-1.amazonaws.com/npm/code-artifact-benchmark-test/@asamuzakjp/css-color/-/css-color-3.2.0.tgz 1866ms (cache miss)
npm http fetch GET 200 https://vlt-451504312483.d.codeartifact.us-east-1.amazonaws.com/npm/code-artifact-benchmark-test/whatwg-encoding/-/whatwg-encoding-3.1.1.tgz 1872ms (cache miss)
npm warn deprecated whatwg-encoding@3.1.1: Use @exodus/bytes instead for a more spec-conformant and faster implementation
npm http fetch GET 200 https://vlt-451504312483.d.codeartifact.us-east-1.amazonaws.com/npm/code-artifact-benchmark-test/w3c-xmlserializer/-/w3c-xmlserializer-5.0.0.tgz 1872ms (cache miss)
npm http fetch GET 200 https://vlt-451504312483.d.codeartifact.us-east-1.amazonaws.com/npm/code-artifact-benchmark-test/html-encoding-sniffer/-/html-encoding-sniffer-4.0.0.tgz 1886ms (cache miss)
npm http fetch GET 200 https://vlt-451504312483.d.codeartifact.us-east-1.amazonaws.com/npm/code-artifact-benchmark-test/tough-cookie/-/tough-cookie-5.1.2.tgz 1892ms (cache miss)
npm http fetch GET 200 https://vlt-451504312483.d.codeartifact.us-east-1.amazonaws.com/npm/code-artifact-benchmark-test/form-data/-/form-data-4.0.6.tgz 1899ms (cache miss)
npm http fetch GET 200 https://vlt-451504312483.d.codeartifact.us-east-1.amazonaws.com/npm/code-artifact-benchmark-test/data-urls/-/data-urls-5.0.0.tgz 1907ms (cache miss)
npm http fetch GET 200 https://vlt-451504312483.d.codeartifact.us-east-1.amazonaws.com/npm/code-artifact-benchmark-test/decimal.js/-/decimal.js-10.6.0.tgz 1908ms (cache miss)
npm http fetch GET 200 https://vlt-451504312483.d.codeartifact.us-east-1.amazonaws.com/npm/code-artifact-benchmark-test/argparse/-/argparse-2.0.1.tgz 1950ms (cache miss)
npm http fetch GET 200 https://vlt-451504312483.d.codeartifact.us-east-1.amazonaws.com/npm/code-artifact-benchmark-test/path-scurry/-/path-scurry-2.0.2.tgz 1952ms (cache miss)
npm http fetch GET 200 https://vlt-451504312483.d.codeartifact.us-east-1.amazonaws.com/npm/code-artifact-benchmark-test/rrweb-cssom/-/rrweb-cssom-0.7.1.tgz 1955ms (cache miss)
npm http fetch GET 200 https://vlt-451504312483.d.codeartifact.us-east-1.amazonaws.com/npm/code-artifact-benchmark-test/minipass/-/minipass-7.1.3.tgz 1968ms (cache miss)
npm http fetch GET 200 https://vlt-451504312483.d.codeartifact.us-east-1.amazonaws.com/npm/code-artifact-benchmark-test/ini/-/ini-1.3.8.tgz 1974ms (cache miss)
npm http fetch GET 200 https://vlt-451504312483.d.codeartifact.us-east-1.amazonaws.com/npm/code-artifact-benchmark-test/proto-list/-/proto-list-1.2.4.tgz 1975ms (cache miss)
npm http fetch GET 200 https://vlt-451504312483.d.codeartifact.us-east-1.amazonaws.com/npm/code-artifact-benchmark-test/commander/-/commander-14.0.3.tgz 1986ms (cache miss)
npm http fetch GET 200 https://vlt-451504312483.d.codeartifact.us-east-1.amazonaws.com/npm/code-artifact-benchmark-test/cssstyle/-/cssstyle-4.6.0.tgz 1996ms (cache miss)
npm http fetch GET 200 https://vlt-451504312483.d.codeartifact.us-east-1.amazonaws.com/npm/code-artifact-benchmark-test/is-extglob/-/is-extglob-2.1.1.tgz 2001ms (cache miss)
npm http fetch GET 200 https://vlt-451504312483.d.codeartifact.us-east-1.amazonaws.com/npm/code-artifact-benchmark-test/config-chain/-/config-chain-1.1.13.tgz 2002ms (cache miss)
npm http fetch GET 200 https://vlt-451504312483.d.codeartifact.us-east-1.amazonaws.com/npm/code-artifact-benchmark-test/@one-ini/wasm/-/wasm-0.2.1.tgz 2004ms (cache miss)
npm http fetch GET 200 https://vlt-451504312483.d.codeartifact.us-east-1.amazonaws.com/npm/code-artifact-benchmark-test/nopt/-/nopt-10.0.1.tgz 2016ms (cache miss)
npm http fetch GET 200 https://vlt-451504312483.d.codeartifact.us-east-1.amazonaws.com/npm/code-artifact-benchmark-test/js-cookie/-/js-cookie-3.0.8.tgz 2035ms (cache miss)
npm http fetch GET 200 https://vlt-451504312483.d.codeartifact.us-east-1.amazonaws.com/npm/code-artifact-benchmark-test/editorconfig/-/editorconfig-3.0.2.tgz 2041ms (cache miss)
npm http fetch GET 200 https://vlt-451504312483.d.codeartifact.us-east-1.amazonaws.com/npm/code-artifact-benchmark-test/resolve-from/-/resolve-from-4.0.0.tgz 2047ms (cache miss)
npm http fetch GET 200 https://vlt-451504312483.d.codeartifact.us-east-1.amazonaws.com/npm/code-artifact-benchmark-test/keyv/-/keyv-4.5.4.tgz 2048ms (cache miss)
npm http fetch GET 200 https://vlt-451504312483.d.codeartifact.us-east-1.amazonaws.com/npm/code-artifact-benchmark-test/glob/-/glob-13.0.6.tgz 2051ms (cache miss)
npm http fetch GET 200 https://vlt-451504312483.d.codeartifact.us-east-1.amazonaws.com/npm/code-artifact-benchmark-test/locate-path/-/locate-path-6.0.0.tgz 2069ms (cache miss)
npm http fetch GET 200 https://vlt-451504312483.d.codeartifact.us-east-1.amazonaws.com/npm/code-artifact-benchmark-test/reusify/-/reusify-1.1.0.tgz 2071ms (cache miss)
npm http fetch GET 200 https://vlt-451504312483.d.codeartifact.us-east-1.amazonaws.com/npm/code-artifact-benchmark-test/parent-module/-/parent-module-1.0.1.tgz 2079ms (cache miss)
npm http fetch GET 200 https://vlt-451504312483.d.codeartifact.us-east-1.amazonaws.com/npm/code-artifact-benchmark-test/flatted/-/flatted-3.4.4.tgz 2091ms (cache miss)
npm http fetch GET 200 https://vlt-451504312483.d.codeartifact.us-east-1.amazonaws.com/npm/code-artifact-benchmark-test/run-parallel/-/run-parallel-1.2.0.tgz 2091ms (cache miss)
npm http fetch GET 200 https://vlt-451504312483.d.codeartifact.us-east-1.amazonaws.com/npm/code-artifact-benchmark-test/path-exists/-/path-exists-4.0.0.tgz 2093ms (cache miss)
npm http fetch GET 200 https://vlt-451504312483.d.codeartifact.us-east-1.amazonaws.com/npm/code-artifact-benchmark-test/@nodelib/fs.scandir/-/fs.scandir-2.1.5.tgz 2107ms (cache miss)
npm http fetch GET 200 https://vlt-451504312483.d.codeartifact.us-east-1.amazonaws.com/npm/code-artifact-benchmark-test/merge2/-/merge2-1.4.1.tgz 2130ms (cache miss)
npm http fetch GET 200 https://vlt-451504312483.d.codeartifact.us-east-1.amazonaws.com/npm/code-artifact-benchmark-test/micromatch/-/micromatch-4.0.8.tgz 2134ms (cache miss)
npm http fetch GET 200 https://vlt-451504312483.d.codeartifact.us-east-1.amazonaws.com/npm/code-artifact-benchmark-test/acorn-jsx/-/acorn-jsx-5.3.2.tgz 2140ms (cache miss)
npm http fetch GET 200 https://vlt-451504312483.d.codeartifact.us-east-1.amazonaws.com/npm/code-artifact-benchmark-test/flat-cache/-/flat-cache-4.0.1.tgz 2150ms (cache miss)
npm http fetch GET 200 https://vlt-451504312483.d.codeartifact.us-east-1.amazonaws.com/npm/code-artifact-benchmark-test/fastq/-/fastq-1.20.3.tgz 2150ms (cache miss)
npm http fetch GET 200 https://vlt-451504312483.d.codeartifact.us-east-1.amazonaws.com/npm/code-artifact-benchmark-test/@nodelib/fs.walk/-/fs.walk-1.2.8.tgz 2156ms (cache miss)
npm http fetch GET 200 https://vlt-451504312483.d.codeartifact.us-east-1.amazonaws.com/npm/code-artifact-benchmark-test/@nodelib/fs.stat/-/fs.stat-2.0.5.tgz 2157ms (cache miss)
npm http fetch GET 200 https://vlt-451504312483.d.codeartifact.us-east-1.amazonaws.com/npm/code-artifact-benchmark-test/estraverse/-/estraverse-5.3.0.tgz 2161ms (cache miss)
npm http fetch GET 200 https://vlt-451504312483.d.codeartifact.us-east-1.amazonaws.com/npm/code-artifact-benchmark-test/acorn/-/acorn-8.19.0.tgz 2161ms (cache miss)
npm http fetch GET 200 https://vlt-451504312483.d.codeartifact.us-east-1.amazonaws.com/npm/code-artifact-benchmark-test/esrecurse/-/esrecurse-4.3.0.tgz 2185ms (cache miss)
npm http fetch GET 200 https://vlt-451504312483.d.codeartifact.us-east-1.amazonaws.com/npm/code-artifact-benchmark-test/postcss-selector-parser/-/postcss-selector-parser-6.1.4.tgz 2189ms (cache miss)
npm http fetch GET 200 https://vlt-451504312483.d.codeartifact.us-east-1.amazonaws.com/npm/code-artifact-benchmark-test/nth-check/-/nth-check-2.1.1.tgz 2191ms (cache miss)
npm http fetch GET 200 https://vlt-451504312483.d.codeartifact.us-east-1.amazonaws.com/npm/code-artifact-benchmark-test/which/-/which-2.0.2.tgz 2201ms (cache miss)
npm http fetch GET 200 https://vlt-451504312483.d.codeartifact.us-east-1.amazonaws.com/npm/code-artifact-benchmark-test/xml-name-validator/-/xml-name-validator-4.0.0.tgz 2211ms (cache miss)
npm http fetch GET 200 https://vlt-451504312483.d.codeartifact.us-east-1.amazonaws.com/npm/code-artifact-benchmark-test/prettier-linter-helpers/-/prettier-linter-helpers-1.0.1.tgz 2225ms (cache miss)
npm http fetch GET 200 https://vlt-451504312483.d.codeartifact.us-east-1.amazonaws.com/npm/code-artifact-benchmark-test/color-convert/-/color-convert-2.0.1.tgz 2236ms (cache miss)
npm http fetch GET 200 https://vlt-451504312483.d.codeartifact.us-east-1.amazonaws.com/npm/code-artifact-benchmark-test/color-name/-/color-name-1.1.4.tgz 2241ms (cache miss)
npm http fetch GET 200 https://vlt-451504312483.d.codeartifact.us-east-1.amazonaws.com/npm/code-artifact-benchmark-test/shebang-command/-/shebang-command-2.0.0.tgz 2244ms (cache miss)
npm http fetch GET 200 https://vlt-451504312483.d.codeartifact.us-east-1.amazonaws.com/npm/code-artifact-benchmark-test/ansi-styles/-/ansi-styles-4.3.0.tgz 2245ms (cache miss)
npm http fetch GET 200 https://vlt-451504312483.d.codeartifact.us-east-1.amazonaws.com/npm/code-artifact-benchmark-test/synckit/-/synckit-0.11.13.tgz 2267ms (cache miss)
npm http fetch GET 200 https://vlt-451504312483.d.codeartifact.us-east-1.amazonaws.com/npm/code-artifact-benchmark-test/path-key/-/path-key-3.1.1.tgz 2279ms (cache miss)
npm http fetch GET 200 https://vlt-451504312483.d.codeartifact.us-east-1.amazonaws.com/npm/code-artifact-benchmark-test/json-schema-traverse/-/json-schema-traverse-0.4.1.tgz 2279ms (cache miss)
npm http fetch GET 200 https://vlt-451504312483.d.codeartifact.us-east-1.amazonaws.com/npm/code-artifact-benchmark-test/uri-js/-/uri-js-4.4.1.tgz 2285ms (cache miss)
npm http fetch GET 200 https://vlt-451504312483.d.codeartifact.us-east-1.amazonaws.com/npm/code-artifact-benchmark-test/@humanfs/types/-/types-0.15.0.tgz 2285ms (cache miss)
npm http fetch GET 200 https://vlt-451504312483.d.codeartifact.us-east-1.amazonaws.com/npm/code-artifact-benchmark-test/fast-json-stable-stringify/-/fast-json-stable-stringify-2.1.0.tgz 2292ms (cache miss)
npm http fetch GET 200 https://vlt-451504312483.d.codeartifact.us-east-1.amazonaws.com/npm/code-artifact-benchmark-test/levn/-/levn-0.4.1.tgz 2294ms (cache miss)
npm http fetch GET 200 https://vlt-451504312483.d.codeartifact.us-east-1.amazonaws.com/npm/code-artifact-benchmark-test/supports-color/-/supports-color-7.2.0.tgz 2314ms (cache miss)
npm http fetch GET 200 https://vlt-451504312483.d.codeartifact.us-east-1.amazonaws.com/npm/code-artifact-benchmark-test/strip-json-comments/-/strip-json-comments-3.1.1.tgz 2319ms (cache miss)
npm http fetch GET 200 https://vlt-451504312483.d.codeartifact.us-east-1.amazonaws.com/npm/code-artifact-benchmark-test/js-yaml/-/js-yaml-4.3.2.tgz 2324ms (cache miss)
npm http fetch GET 200 https://vlt-451504312483.d.codeartifact.us-east-1.amazonaws.com/npm/code-artifact-benchmark-test/globals/-/globals-14.0.0.tgz 2329ms (cache miss)
npm http fetch GET 200 https://vlt-451504312483.d.codeartifact.us-east-1.amazonaws.com/npm/code-artifact-benchmark-test/@types/json-schema/-/json-schema-7.0.15.tgz 2334ms (cache miss)
npm http fetch GET 200 https://vlt-451504312483.d.codeartifact.us-east-1.amazonaws.com/npm/code-artifact-benchmark-test/import-fresh/-/import-fresh-3.3.1.tgz 2338ms (cache miss)
npm http fetch GET 200 https://vlt-451504312483.d.codeartifact.us-east-1.amazonaws.com/npm/code-artifact-benchmark-test/@humanfs/core/-/core-0.19.2.tgz 2347ms (cache miss)
npm http fetch GET 200 https://vlt-451504312483.d.codeartifact.us-east-1.amazonaws.com/npm/code-artifact-benchmark-test/@eslint/object-schema/-/object-schema-2.1.7.tgz 2346ms (cache miss)
npm http fetch GET 200 https://vlt-451504312483.d.codeartifact.us-east-1.amazonaws.com/npm/code-artifact-benchmark-test/optionator/-/optionator-0.9.4.tgz 2360ms (cache miss)
npm http fetch GET 200 https://vlt-451504312483.d.codeartifact.us-east-1.amazonaws.com/npm/code-artifact-benchmark-test/json-stable-stringify-without-jsonify/-/json-stable-stringify-without-jsonify-1.0.1.tgz 2363ms (cache miss)
npm http fetch GET 200 https://vlt-451504312483.d.codeartifact.us-east-1.amazonaws.com/npm/code-artifact-benchmark-test/lodash.merge/-/lodash.merge-4.6.2.tgz 2377ms (cache miss)
npm http fetch GET 200 https://vlt-451504312483.d.codeartifact.us-east-1.amazonaws.com/npm/code-artifact-benchmark-test/is-glob/-/is-glob-4.0.3.tgz 2387ms (cache miss)
npm http fetch GET 200 https://vlt-451504312483.d.codeartifact.us-east-1.amazonaws.com/npm/code-artifact-benchmark-test/imurmurhash/-/imurmurhash-0.1.4.tgz 2388ms (cache miss)
npm http fetch GET 200 https://vlt-451504312483.d.codeartifact.us-east-1.amazonaws.com/npm/code-artifact-benchmark-test/ignore/-/ignore-5.3.2.tgz 2393ms (cache miss)
npm http fetch GET 200 https://vlt-451504312483.d.codeartifact.us-east-1.amazonaws.com/npm/code-artifact-benchmark-test/fast-deep-equal/-/fast-deep-equal-3.1.3.tgz 2406ms (cache miss)
npm http fetch GET 200 https://vlt-451504312483.d.codeartifact.us-east-1.amazonaws.com/npm/code-artifact-benchmark-test/glob-parent/-/glob-parent-6.0.2.tgz 2413ms (cache miss)
npm http fetch GET 200 https://vlt-451504312483.d.codeartifact.us-east-1.amazonaws.com/npm/code-artifact-benchmark-test/find-up/-/find-up-5.0.0.tgz 2421ms (cache miss)
npm http fetch GET 200 https://vlt-451504312483.d.codeartifact.us-east-1.amazonaws.com/npm/code-artifact-benchmark-test/file-entry-cache/-/file-entry-cache-8.0.0.tgz 2422ms (cache miss)
npm http fetch GET 200 https://vlt-451504312483.d.codeartifact.us-east-1.amazonaws.com/npm/code-artifact-benchmark-test/esutils/-/esutils-2.0.3.tgz 2438ms (cache miss)
npm http fetch GET 200 https://vlt-451504312483.d.codeartifact.us-east-1.amazonaws.com/npm/code-artifact-benchmark-test/natural-compare/-/natural-compare-1.4.0.tgz 2440ms (cache miss)
npm http fetch GET 200 https://vlt-451504312483.d.codeartifact.us-east-1.amazonaws.com/npm/code-artifact-benchmark-test/escape-string-regexp/-/escape-string-regexp-4.0.0.tgz 2444ms (cache miss)
npm http fetch GET 200 https://vlt-451504312483.d.codeartifact.us-east-1.amazonaws.com/npm/code-artifact-benchmark-test/espree/-/espree-10.4.0.tgz 2454ms (cache miss)
npm http fetch GET 200 https://vlt-451504312483.d.codeartifact.us-east-1.amazonaws.com/npm/code-artifact-benchmark-test/cross-spawn/-/cross-spawn-7.0.6.tgz 2457ms (cache miss)
npm http fetch GET 200 https://vlt-451504312483.d.codeartifact.us-east-1.amazonaws.com/npm/code-artifact-benchmark-test/esquery/-/esquery-1.7.0.tgz 2463ms (cache miss)
npm http fetch GET 200 https://vlt-451504312483.d.codeartifact.us-east-1.amazonaws.com/npm/code-artifact-benchmark-test/chalk/-/chalk-4.1.2.tgz 2468ms (cache miss)
npm http fetch GET 200 https://vlt-451504312483.d.codeartifact.us-east-1.amazonaws.com/npm/code-artifact-benchmark-test/http-proxy-agent/-/http-proxy-agent-7.0.2.tgz 2493ms (cache miss)
npm http fetch GET 200 https://vlt-451504312483.d.codeartifact.us-east-1.amazonaws.com/npm/code-artifact-benchmark-test/eslint-scope/-/eslint-scope-8.4.0.tgz 2507ms (cache miss)
npm http fetch GET 200 https://vlt-451504312483.d.codeartifact.us-east-1.amazonaws.com/npm/code-artifact-benchmark-test/@humanwhocodes/module-importer/-/module-importer-1.0.1.tgz 2515ms (cache miss)
npm http fetch GET 200 https://vlt-451504312483.d.codeartifact.us-east-1.amazonaws.com/npm/code-artifact-benchmark-test/@humanwhocodes/retry/-/retry-0.4.3.tgz 2517ms (cache miss)
npm http fetch GET 200 https://vlt-451504312483.d.codeartifact.us-east-1.amazonaws.com/npm/code-artifact-benchmark-test/@types/estree/-/estree-1.0.9.tgz 2524ms (cache miss)
npm http fetch GET 200 https://vlt-451504312483.d.codeartifact.us-east-1.amazonaws.com/npm/code-artifact-benchmark-test/@eslint/js/-/js-9.39.5.tgz 2540ms (cache miss)
npm http fetch GET 200 https://vlt-451504312483.d.codeartifact.us-east-1.amazonaws.com/npm/code-artifact-benchmark-test/@humanfs/node/-/node-0.16.8.tgz 2541ms (cache miss)
npm http fetch GET 200 https://vlt-451504312483.d.codeartifact.us-east-1.amazonaws.com/npm/code-artifact-benchmark-test/ajv/-/ajv-6.15.0.tgz 2550ms (cache miss)
npm http fetch GET 200 https://vlt-451504312483.d.codeartifact.us-east-1.amazonaws.com/npm/code-artifact-benchmark-test/@eslint-community/regexpp/-/regexpp-4.12.2.tgz 2551ms (cache miss)
npm http fetch GET 200 https://vlt-451504312483.d.codeartifact.us-east-1.amazonaws.com/npm/code-artifact-benchmark-test/@eslint/eslintrc/-/eslintrc-3.3.7.tgz 2557ms (cache miss)
npm http fetch GET 200 https://vlt-451504312483.d.codeartifact.us-east-1.amazonaws.com/npm/code-artifact-benchmark-test/@eslint/config-helpers/-/config-helpers-0.4.2.tgz 2558ms (cache miss)
npm http fetch GET 200 https://vlt-451504312483.d.codeartifact.us-east-1.amazonaws.com/npm/code-artifact-benchmark-test/@eslint/plugin-kit/-/plugin-kit-0.4.1.tgz 2571ms (cache miss)
npm http fetch GET 200 https://vlt-451504312483.d.codeartifact.us-east-1.amazonaws.com/npm/code-artifact-benchmark-test/ms/-/ms-2.1.3.tgz 2575ms (cache miss)
npm http fetch GET 200 https://vlt-451504312483.d.codeartifact.us-east-1.amazonaws.com/npm/code-artifact-benchmark-test/@eslint/config-array/-/config-array-0.21.2.tgz 2580ms (cache miss)
npm http fetch GET 200 https://vlt-451504312483.d.codeartifact.us-east-1.amazonaws.com/npm/code-artifact-benchmark-test/@eslint/core/-/core-0.17.0.tgz 2588ms (cache miss)
npm http fetch GET 200 https://vlt-451504312483.d.codeartifact.us-east-1.amazonaws.com/npm/code-artifact-benchmark-test/electron-to-chromium/-/electron-to-chromium-1.5.451.tgz 2615ms (cache miss)
npm http fetch GET 200 https://vlt-451504312483.d.codeartifact.us-east-1.amazonaws.com/npm/code-artifact-benchmark-test/node-releases/-/node-releases-2.0.57.tgz 2622ms (cache miss)
npm http fetch GET 200 https://vlt-451504312483.d.codeartifact.us-east-1.amazonaws.com/npm/code-artifact-benchmark-test/update-browserslist-db/-/update-browserslist-db-1.3.4.tgz 2622ms (cache miss)
npm http fetch GET 200 https://vlt-451504312483.d.codeartifact.us-east-1.amazonaws.com/npm/code-artifact-benchmark-test/vue-eslint-parser/-/vue-eslint-parser-10.4.1.tgz 2646ms (cache miss)
npm http fetch GET 200 https://vlt-451504312483.d.codeartifact.us-east-1.amazonaws.com/npm/code-artifact-benchmark-test/typescript-eslint/-/typescript-eslint-8.71.1.tgz 2657ms (cache miss)
npm http fetch GET 200 https://vlt-451504312483.d.codeartifact.us-east-1.amazonaws.com/npm/code-artifact-benchmark-test/baseline-browser-mapping/-/baseline-browser-mapping-2.11.27.tgz 2662ms (cache miss)
npm http fetch GET 200 https://vlt-451504312483.d.codeartifact.us-east-1.amazonaws.com/npm/code-artifact-benchmark-test/vue-component-type-helpers/-/vue-component-type-helpers-3.3.12.tgz 2665ms (cache miss)
npm http fetch GET 200 https://vlt-451504312483.d.codeartifact.us-east-1.amazonaws.com/npm/code-artifact-benchmark-test/@vue/compiler-ssr/-/compiler-ssr-3.5.43.tgz 2676ms (cache miss)
npm http fetch GET 200 https://vlt-451504312483.d.codeartifact.us-east-1.amazonaws.com/npm/code-artifact-benchmark-test/eslint-plugin-prettier/-/eslint-plugin-prettier-5.5.6.tgz 2693ms (cache miss)
npm http fetch GET 200 https://vlt-451504312483.d.codeartifact.us-east-1.amazonaws.com/npm/code-artifact-benchmark-test/magic-string/-/magic-string-0.30.21.tgz 2696ms (cache miss)
npm http fetch GET 200 https://vlt-451504312483.d.codeartifact.us-east-1.amazonaws.com/npm/code-artifact-benchmark-test/postcss/-/postcss-8.5.29.tgz 2698ms (cache miss)
npm http fetch GET 200 https://vlt-451504312483.d.codeartifact.us-east-1.amazonaws.com/npm/code-artifact-benchmark-test/fast-glob/-/fast-glob-3.3.3.tgz 2702ms (cache miss)
npm http fetch GET 200 https://vlt-451504312483.d.codeartifact.us-east-1.amazonaws.com/npm/code-artifact-benchmark-test/estree-walker/-/estree-walker-2.0.2.tgz 2726ms (cache miss)
npm http fetch GET 200 https://vlt-451504312483.d.codeartifact.us-east-1.amazonaws.com/npm/code-artifact-benchmark-test/js-beautify/-/js-beautify-2.0.3.tgz 2732ms (cache miss)
npm http fetch GET 200 https://vlt-451504312483.d.codeartifact.us-east-1.amazonaws.com/npm/code-artifact-benchmark-test/@vue/compiler-core/-/compiler-core-3.5.43.tgz 2731ms (cache miss)
npm http fetch GET 200 https://vlt-451504312483.d.codeartifact.us-east-1.amazonaws.com/npm/code-artifact-benchmark-test/source-map-js/-/source-map-js-1.2.2.tgz 2735ms (cache miss)
npm http fetch GET 200 https://vlt-451504312483.d.codeartifact.us-east-1.amazonaws.com/npm/code-artifact-benchmark-test/eslint-config-prettier/-/eslint-config-prettier-10.1.8.tgz 2752ms (cache miss)
npm http fetch GET 200 https://vlt-451504312483.d.codeartifact.us-east-1.amazonaws.com/npm/code-artifact-benchmark-test/@vue/compiler-sfc/-/compiler-sfc-3.5.43.tgz 2764ms (cache miss)
npm http fetch GET 200 https://vlt-451504312483.d.codeartifact.us-east-1.amazonaws.com/npm/code-artifact-benchmark-test/@babel/plugin-syntax-jsx/-/plugin-syntax-jsx-7.29.7.tgz 2774ms (cache miss)
npm http fetch GET 200 https://vlt-451504312483.d.codeartifact.us-east-1.amazonaws.com/npm/code-artifact-benchmark-test/@vue/babel-plugin-resolve-type/-/babel-plugin-resolve-type-1.5.0.tgz 2775ms (cache miss)
npm http fetch GET 200 https://vlt-451504312483.d.codeartifact.us-east-1.amazonaws.com/npm/code-artifact-benchmark-test/@jridgewell/resolve-uri/-/resolve-uri-3.1.2.tgz 2775ms (cache miss)
npm http fetch GET 200 https://vlt-451504312483.d.codeartifact.us-east-1.amazonaws.com/npm/code-artifact-benchmark-test/@vue/babel-helper-vue-transform-on/-/babel-helper-vue-transform-on-1.5.0.tgz 2797ms (cache miss)
npm http fetch GET 200 https://vlt-451504312483.d.codeartifact.us-east-1.amazonaws.com/npm/code-artifact-benchmark-test/@babel/helper-string-parser/-/helper-string-parser-7.29.7.tgz 2797ms (cache miss)
npm http fetch GET 200 https://vlt-451504312483.d.codeartifact.us-east-1.amazonaws.com/npm/code-artifact-benchmark-test/@babel/helper-globals/-/helper-globals-7.29.7.tgz 2797ms (cache miss)
npm http fetch GET 200 https://vlt-451504312483.d.codeartifact.us-east-1.amazonaws.com/npm/code-artifact-benchmark-test/entities/-/entities-7.0.1.tgz 2806ms (cache miss)
npm http fetch GET 200 https://vlt-451504312483.d.codeartifact.us-east-1.amazonaws.com/npm/code-artifact-benchmark-test/@vue/shared/-/shared-3.5.43.tgz 2812ms (cache miss)
npm http fetch GET 200 https://vlt-451504312483.d.codeartifact.us-east-1.amazonaws.com/npm/code-artifact-benchmark-test/@jridgewell/sourcemap-codec/-/sourcemap-codec-1.6.0.tgz 2812ms (cache miss)
npm http fetch GET 200 https://vlt-451504312483.d.codeartifact.us-east-1.amazonaws.com/npm/code-artifact-benchmark-test/@babel/helper-replace-supers/-/helper-replace-supers-7.29.7.tgz 2821ms (cache miss)
npm http fetch GET 200 https://vlt-451504312483.d.codeartifact.us-east-1.amazonaws.com/npm/code-artifact-benchmark-test/@babel/helper-skip-transparent-expression-wrappers/-/helper-skip-transparent-expression-wrappers-7.29.7.tgz 2822ms (cache miss)
npm http fetch GET 200 https://vlt-451504312483.d.codeartifact.us-east-1.amazonaws.com/npm/code-artifact-benchmark-test/@babel/plugin-syntax-typescript/-/plugin-syntax-typescript-7.29.7.tgz 2825ms (cache miss)
npm http fetch GET 200 https://vlt-451504312483.d.codeartifact.us-east-1.amazonaws.com/npm/code-artifact-benchmark-test/@babel/helper-plugin-utils/-/helper-plugin-utils-7.29.7.tgz 2838ms (cache miss)
npm http fetch GET 200 https://vlt-451504312483.d.codeartifact.us-east-1.amazonaws.com/npm/code-artifact-benchmark-test/@babel/helper-member-expression-to-functions/-/helper-member-expression-to-functions-7.29.7.tgz 2840ms (cache miss)
npm http fetch GET 200 https://vlt-451504312483.d.codeartifact.us-east-1.amazonaws.com/npm/code-artifact-benchmark-test/@babel/helper-optimise-call-expression/-/helper-optimise-call-expression-7.29.7.tgz 2840ms (cache miss)
npm http fetch GET 200 https://vlt-451504312483.d.codeartifact.us-east-1.amazonaws.com/npm/code-artifact-benchmark-test/@babel/helper-module-imports/-/helper-module-imports-7.29.7.tgz 2855ms (cache miss)
npm http fetch GET 200 https://vlt-451504312483.d.codeartifact.us-east-1.amazonaws.com/npm/code-artifact-benchmark-test/@babel/helper-annotate-as-pure/-/helper-annotate-as-pure-7.29.7.tgz 2859ms (cache miss)
npm http fetch GET 200 https://vlt-451504312483.d.codeartifact.us-east-1.amazonaws.com/npm/code-artifact-benchmark-test/@babel/helper-create-class-features-plugin/-/helper-create-class-features-plugin-7.29.7.tgz 2867ms (cache miss)
npm http fetch GET 200 https://vlt-451504312483.d.codeartifact.us-east-1.amazonaws.com/npm/code-artifact-benchmark-test/@babel/compat-data/-/compat-data-7.29.7.tgz 2882ms (cache miss)
npm http fetch GET 200 https://vlt-451504312483.d.codeartifact.us-east-1.amazonaws.com/npm/code-artifact-benchmark-test/jsesc/-/jsesc-3.1.0.tgz 2888ms (cache miss)
npm http fetch GET 200 https://vlt-451504312483.d.codeartifact.us-east-1.amazonaws.com/npm/code-artifact-benchmark-test/browserslist/-/browserslist-4.29.3.tgz 2900ms (cache miss)
npm http fetch GET 200 https://vlt-451504312483.d.codeartifact.us-east-1.amazonaws.com/npm/code-artifact-benchmark-test/picocolors/-/picocolors-1.1.1.tgz 2907ms (cache miss)
npm http fetch GET 200 https://vlt-451504312483.d.codeartifact.us-east-1.amazonaws.com/npm/code-artifact-benchmark-test/@babel/helper-validator-option/-/helper-validator-option-7.29.7.tgz 2910ms (cache miss)
npm http fetch GET 200 https://vlt-451504312483.d.codeartifact.us-east-1.amazonaws.com/npm/code-artifact-benchmark-test/@jridgewell/trace-mapping/-/trace-mapping-0.3.31.tgz 2928ms (cache miss)
npm http fetch GET 200 https://vlt-451504312483.d.codeartifact.us-east-1.amazonaws.com/npm/code-artifact-benchmark-test/gensync/-/gensync-1.0.0-beta.2.tgz 2936ms (cache miss)
npm http fetch GET 200 https://vlt-451504312483.d.codeartifact.us-east-1.amazonaws.com/npm/code-artifact-benchmark-test/@jridgewell/gen-mapping/-/gen-mapping-0.3.13.tgz 2942ms (cache miss)
npm http fetch GET 200 https://vlt-451504312483.d.codeartifact.us-east-1.amazonaws.com/npm/code-artifact-benchmark-test/lru-cache/-/lru-cache-5.1.1.tgz 2943ms (cache miss)
npm http fetch GET 200 https://vlt-451504312483.d.codeartifact.us-east-1.amazonaws.com/npm/code-artifact-benchmark-test/@jridgewell/remapping/-/remapping-2.3.5.tgz 2957ms (cache miss)
npm http fetch GET 200 https://vlt-451504312483.d.codeartifact.us-east-1.amazonaws.com/npm/code-artifact-benchmark-test/json5/-/json5-2.2.3.tgz 2960ms (cache miss)
npm http fetch GET 200 https://vlt-451504312483.d.codeartifact.us-east-1.amazonaws.com/npm/code-artifact-benchmark-test/@babel/helper-validator-identifier/-/helper-validator-identifier-7.29.7.tgz 2963ms (cache miss)
npm http fetch GET 200 https://vlt-451504312483.d.codeartifact.us-east-1.amazonaws.com/npm/code-artifact-benchmark-test/convert-source-map/-/convert-source-map-2.0.0.tgz 2964ms (cache miss)
npm http fetch GET 200 https://vlt-451504312483.d.codeartifact.us-east-1.amazonaws.com/npm/code-artifact-benchmark-test/js-tokens/-/js-tokens-4.0.0.tgz 2966ms (cache miss)
npm http fetch GET 200 https://vlt-451504312483.d.codeartifact.us-east-1.amazonaws.com/npm/code-artifact-benchmark-test/@babel/template/-/template-7.29.7.tgz 2980ms (cache miss)
npm http fetch GET 200 https://vlt-451504312483.d.codeartifact.us-east-1.amazonaws.com/npm/code-artifact-benchmark-test/@babel/traverse/-/traverse-7.29.10.tgz 3030ms (cache miss)
npm http fetch GET 200 https://vlt-451504312483.d.codeartifact.us-east-1.amazonaws.com/npm/code-artifact-benchmark-test/@babel/code-frame/-/code-frame-7.29.7.tgz 3038ms (cache miss)
npm http fetch GET 200 https://vlt-451504312483.d.codeartifact.us-east-1.amazonaws.com/npm/code-artifact-benchmark-test/@vue/babel-plugin-jsx/-/babel-plugin-jsx-1.5.0.tgz 3038ms (cache miss)
npm http fetch GET 200 https://vlt-451504312483.d.codeartifact.us-east-1.amazonaws.com/npm/code-artifact-benchmark-test/@babel/parser/-/parser-7.29.9.tgz 3045ms (cache miss)
npm http fetch GET 200 https://vlt-451504312483.d.codeartifact.us-east-1.amazonaws.com/npm/code-artifact-benchmark-test/@babel/helper-module-transforms/-/helper-module-transforms-7.29.7.tgz 3052ms (cache miss)
npm http fetch GET 200 https://vlt-451504312483.d.codeartifact.us-east-1.amazonaws.com/npm/code-artifact-benchmark-test/caniuse-lite/-/caniuse-lite-1.0.30001815.tgz 3063ms (cache miss)
npm http fetch GET 200 https://vlt-451504312483.d.codeartifact.us-east-1.amazonaws.com/npm/code-artifact-benchmark-test/tinyglobby/-/tinyglobby-0.2.17.tgz 3066ms (cache miss)
npm http fetch GET 200 https://vlt-451504312483.d.codeartifact.us-east-1.amazonaws.com/npm/code-artifact-benchmark-test/@babel/helper-compilation-targets/-/helper-compilation-targets-7.29.7.tgz 3071ms (cache miss)
npm http fetch GET 200 https://vlt-451504312483.d.codeartifact.us-east-1.amazonaws.com/npm/code-artifact-benchmark-test/@rolldown/pluginutils/-/pluginutils-1.0.1.tgz 3075ms (cache miss)
npm http fetch GET 200 https://vlt-451504312483.d.codeartifact.us-east-1.amazonaws.com/npm/code-artifact-benchmark-test/debug/-/debug-4.4.3.tgz 3109ms (cache miss)
npm http fetch GET 200 https://vlt-451504312483.d.codeartifact.us-east-1.amazonaws.com/npm/code-artifact-benchmark-test/@typescript-eslint/tsconfig-utils/-/tsconfig-utils-8.71.1.tgz 3111ms (cache miss)
npm http fetch GET 200 https://vlt-451504312483.d.codeartifact.us-east-1.amazonaws.com/npm/code-artifact-benchmark-test/ts-api-utils/-/ts-api-utils-2.5.0.tgz 3112ms (cache miss)
npm http fetch GET 200 https://vlt-451504312483.d.codeartifact.us-east-1.amazonaws.com/npm/code-artifact-benchmark-test/@babel/plugin-transform-typescript/-/plugin-transform-typescript-7.29.9.tgz 3117ms (cache miss)
npm http fetch GET 200 https://vlt-451504312483.d.codeartifact.us-east-1.amazonaws.com/npm/code-artifact-benchmark-test/@babel/generator/-/generator-7.29.8.tgz 3128ms (cache miss)
npm http fetch GET 200 https://vlt-451504312483.d.codeartifact.us-east-1.amazonaws.com/npm/code-artifact-benchmark-test/semver/-/semver-7.8.5.tgz 3131ms (cache miss)
npm http fetch GET 200 https://vlt-451504312483.d.codeartifact.us-east-1.amazonaws.com/npm/code-artifact-benchmark-test/@typescript-eslint/visitor-keys/-/visitor-keys-8.71.1.tgz 3132ms (cache miss)
npm http fetch GET 200 https://vlt-451504312483.d.codeartifact.us-east-1.amazonaws.com/npm/code-artifact-benchmark-test/@typescript-eslint/project-service/-/project-service-8.71.1.tgz 3143ms (cache miss)
npm http fetch GET 200 https://vlt-451504312483.d.codeartifact.us-east-1.amazonaws.com/npm/code-artifact-benchmark-test/@babel/types/-/types-7.29.8.tgz 3149ms (cache miss)
npm http fetch GET 200 https://vlt-451504312483.d.codeartifact.us-east-1.amazonaws.com/npm/code-artifact-benchmark-test/eslint-visitor-keys/-/eslint-visitor-keys-3.4.3.tgz 3155ms (cache miss)
npm http fetch GET 200 https://vlt-451504312483.d.codeartifact.us-east-1.amazonaws.com/npm/code-artifact-benchmark-test/minimatch/-/minimatch-10.2.6.tgz 3172ms (cache miss)
npm http fetch GET 200 https://vlt-451504312483.d.codeartifact.us-east-1.amazonaws.com/npm/code-artifact-benchmark-test/@typescript-eslint/types/-/types-8.71.1.tgz 3173ms (cache miss)
npm http fetch GET 200 https://vlt-451504312483.d.codeartifact.us-east-1.amazonaws.com/npm/code-artifact-benchmark-test/undici-types/-/undici-types-6.21.0.tgz 3174ms (cache miss)
npm http fetch GET 200 https://vlt-451504312483.d.codeartifact.us-east-1.amazonaws.com/npm/code-artifact-benchmark-test/@types/tough-cookie/-/tough-cookie-4.0.5.tgz 3191ms (cache miss)
npm http fetch GET 200 https://vlt-451504312483.d.codeartifact.us-east-1.amazonaws.com/npm/code-artifact-benchmark-test/@eslint-community/eslint-utils/-/eslint-utils-4.10.1.tgz 3211ms (cache miss)
npm http fetch GET 200 https://vlt-451504312483.d.codeartifact.us-east-1.amazonaws.com/npm/code-artifact-benchmark-test/vue-tsc/-/vue-tsc-2.2.12.tgz 3220ms (cache miss)
npm http fetch GET 200 https://vlt-451504312483.d.codeartifact.us-east-1.amazonaws.com/npm/code-artifact-benchmark-test/vue-router/-/vue-router-4.6.4.tgz 3236ms (cache miss)
npm http fetch GET 200 https://vlt-451504312483.d.codeartifact.us-east-1.amazonaws.com/npm/code-artifact-benchmark-test/pinia/-/pinia-2.3.1.tgz 3248ms (cache miss)
npm http fetch GET 200 https://vlt-451504312483.d.codeartifact.us-east-1.amazonaws.com/npm/code-artifact-benchmark-test/@babel/core/-/core-7.29.7.tgz 3256ms (cache miss)
npm http fetch GET 200 https://vlt-451504312483.d.codeartifact.us-east-1.amazonaws.com/npm/code-artifact-benchmark-test/@typescript-eslint/typescript-estree/-/typescript-estree-8.71.1.tgz 3257ms (cache miss)
npm http fetch GET 200 https://vlt-451504312483.d.codeartifact.us-east-1.amazonaws.com/npm/code-artifact-benchmark-test/@vue/tsconfig/-/tsconfig-0.7.0.tgz 3259ms (cache miss)
npm http fetch GET 200 https://vlt-451504312483.d.codeartifact.us-east-1.amazonaws.com/npm/code-artifact-benchmark-test/eslint-plugin-playwright/-/eslint-plugin-playwright-2.12.1.tgz 3260ms (cache miss)
npm http fetch GET 200 https://vlt-451504312483.d.codeartifact.us-east-1.amazonaws.com/npm/code-artifact-benchmark-test/@vue/eslint-config-typescript/-/eslint-config-typescript-14.9.0.tgz 3308ms (cache miss)
npm http fetch GET 200 https://vlt-451504312483.d.codeartifact.us-east-1.amazonaws.com/npm/code-artifact-benchmark-test/parse5/-/parse5-7.3.0.tgz 3314ms (cache miss)
npm http fetch GET 200 https://vlt-451504312483.d.codeartifact.us-east-1.amazonaws.com/npm/code-artifact-benchmark-test/@vue/eslint-config-prettier/-/eslint-config-prettier-10.2.0.tgz 3313ms (cache miss)
npm http fetch GET 200 https://vlt-451504312483.d.codeartifact.us-east-1.amazonaws.com/npm/code-artifact-benchmark-test/@vue/compiler-dom/-/compiler-dom-3.5.43.tgz 3329ms (cache miss)
npm http fetch GET 200 https://vlt-451504312483.d.codeartifact.us-east-1.amazonaws.com/npm/code-artifact-benchmark-test/@vitest/eslint-plugin/-/eslint-plugin-1.1.10.tgz 3405ms (cache miss)
npm http fetch GET 200 https://vlt-451504312483.d.codeartifact.us-east-1.amazonaws.com/npm/code-artifact-benchmark-test/@types/jsdom/-/jsdom-21.1.7.tgz 3424ms (cache miss)
npm http fetch GET 200 https://vlt-451504312483.d.codeartifact.us-east-1.amazonaws.com/npm/code-artifact-benchmark-test/@vitejs/plugin-vue-jsx/-/plugin-vue-jsx-4.2.0.tgz 3426ms (cache miss)
npm http fetch GET 200 https://vlt-451504312483.d.codeartifact.us-east-1.amazonaws.com/npm/code-artifact-benchmark-test/balanced-match/-/balanced-match-1.0.2.tgz 3425ms (cache miss)
npm http fetch GET 200 https://vlt-451504312483.d.codeartifact.us-east-1.amazonaws.com/npm/code-artifact-benchmark-test/@babel/helpers/-/helpers-7.29.10.tgz 3447ms (cache miss)
npm http fetch GET 200 https://vlt-451504312483.d.codeartifact.us-east-1.amazonaws.com/npm/code-artifact-benchmark-test/npm-run-all2/-/npm-run-all2-7.0.2.tgz 3452ms (cache miss)
npm http fetch GET 200 https://vlt-451504312483.d.codeartifact.us-east-1.amazonaws.com/npm/code-artifact-benchmark-test/@tsconfig/node22/-/node22-22.0.6.tgz 3449ms (cache miss)
npm http fetch GET 200 https://vlt-451504312483.d.codeartifact.us-east-1.amazonaws.com/npm/code-artifact-benchmark-test/@playwright/test/-/test-1.64.0.tgz 3453ms (cache miss)
npm http fetch GET 200 https://vlt-451504312483.d.codeartifact.us-east-1.amazonaws.com/npm/code-artifact-benchmark-test/@vitejs/plugin-vue/-/plugin-vue-5.2.4.tgz 3458ms (cache miss)
npm http fetch GET 200 https://vlt-451504312483.d.codeartifact.us-east-1.amazonaws.com/npm/code-artifact-benchmark-test/brace-expansion/-/brace-expansion-2.1.7.tgz 3471ms (cache miss)
npm http fetch GET 200 https://vlt-451504312483.d.codeartifact.us-east-1.amazonaws.com/npm/code-artifact-benchmark-test/@vue/test-utils/-/test-utils-2.5.1.tgz 3504ms (cache miss)
npm http fetch GET 200 https://vlt-451504312483.d.codeartifact.us-east-1.amazonaws.com/npm/code-artifact-benchmark-test/esbuild/-/esbuild-0.21.5.tgz 3507ms (cache miss)
npm http fetch GET 200 https://vlt-451504312483.d.codeartifact.us-east-1.amazonaws.com/npm/code-artifact-benchmark-test/playwright/-/playwright-1.64.0.tgz 3521ms (cache miss)
npm http fetch GET 200 https://vlt-451504312483.d.codeartifact.us-east-1.amazonaws.com/npm/code-artifact-benchmark-test/pathe/-/pathe-1.1.2.tgz 3524ms (cache miss)
npm http fetch GET 200 https://vlt-451504312483.d.codeartifact.us-east-1.amazonaws.com/npm/code-artifact-benchmark-test/pathe/-/pathe-1.1.2.tgz 3526ms (cache miss)
npm http fetch GET 200 https://vlt-451504312483.d.codeartifact.us-east-1.amazonaws.com/npm/code-artifact-benchmark-test/pathe/-/pathe-1.1.2.tgz 3542ms (cache miss)
npm http fetch GET 200 https://vlt-451504312483.d.codeartifact.us-east-1.amazonaws.com/npm/code-artifact-benchmark-test/picomatch/-/picomatch-4.0.7.tgz 3550ms (cache miss)
npm http fetch GET 200 https://vlt-451504312483.d.codeartifact.us-east-1.amazonaws.com/npm/code-artifact-benchmark-test/path-key/-/path-key-4.0.0.tgz 3567ms (cache miss)
npm http fetch GET 200 https://vlt-451504312483.d.codeartifact.us-east-1.amazonaws.com/npm/code-artifact-benchmark-test/ignore/-/ignore-7.0.12.tgz 3582ms (cache miss)
npm http fetch GET 200 https://vlt-451504312483.d.codeartifact.us-east-1.amazonaws.com/npm/code-artifact-benchmark-test/nanoid/-/nanoid-5.1.16.tgz 3583ms (cache miss)
npm http fetch GET 200 https://vlt-451504312483.d.codeartifact.us-east-1.amazonaws.com/npm/code-artifact-benchmark-test/xml-name-validator/-/xml-name-validator-5.0.0.tgz 3585ms (cache miss)
npm http fetch GET 200 https://vlt-451504312483.d.codeartifact.us-east-1.amazonaws.com/npm/code-artifact-benchmark-test/balanced-match/-/balanced-match-1.0.2.tgz 3619ms (cache miss)
npm http fetch GET 200 https://vlt-451504312483.d.codeartifact.us-east-1.amazonaws.com/npm/code-artifact-benchmark-test/eslint-visitor-keys/-/eslint-visitor-keys-4.2.1.tgz 3628ms (cache miss)
npm http fetch GET 200 https://vlt-451504312483.d.codeartifact.us-east-1.amazonaws.com/npm/code-artifact-benchmark-test/balanced-match/-/balanced-match-1.0.2.tgz 3636ms (cache miss)
npm http fetch GET 200 https://vlt-451504312483.d.codeartifact.us-east-1.amazonaws.com/npm/code-artifact-benchmark-test/minimatch/-/minimatch-3.1.5.tgz 3639ms (cache miss)
npm http fetch GET 200 https://vlt-451504312483.d.codeartifact.us-east-1.amazonaws.com/npm/code-artifact-benchmark-test/brace-expansion/-/brace-expansion-1.1.21.tgz 3644ms (cache miss)
npm http fetch GET 200 https://vlt-451504312483.d.codeartifact.us-east-1.amazonaws.com/npm/code-artifact-benchmark-test/minimatch/-/minimatch-3.1.5.tgz 3654ms (cache miss)
npm http fetch GET 200 https://vlt-451504312483.d.codeartifact.us-east-1.amazonaws.com/npm/code-artifact-benchmark-test/brace-expansion/-/brace-expansion-1.1.21.tgz 3666ms (cache miss)
npm http fetch GET 200 https://vlt-451504312483.d.codeartifact.us-east-1.amazonaws.com/npm/code-artifact-benchmark-test/rrweb-cssom/-/rrweb-cssom-0.8.0.tgz 3673ms (cache miss)
npm http fetch GET 200 https://vlt-451504312483.d.codeartifact.us-east-1.amazonaws.com/npm/code-artifact-benchmark-test/semver/-/semver-6.3.1.tgz 3682ms (cache miss)
npm http fetch GET 200 https://vlt-451504312483.d.codeartifact.us-east-1.amazonaws.com/npm/code-artifact-benchmark-test/glob-parent/-/glob-parent-5.1.2.tgz 3701ms (cache miss)
npm http fetch GET 200 https://vlt-451504312483.d.codeartifact.us-east-1.amazonaws.com/npm/code-artifact-benchmark-test/vue/-/vue-3.5.43.tgz 3718ms (cache miss)
npm http fetch GET 200 https://vlt-451504312483.d.codeartifact.us-east-1.amazonaws.com/npm/code-artifact-benchmark-test/eslint-visitor-keys/-/eslint-visitor-keys-5.0.1.tgz 3717ms (cache miss)
npm http fetch GET 200 https://vlt-451504312483.d.codeartifact.us-east-1.amazonaws.com/npm/code-artifact-benchmark-test/semver/-/semver-6.3.1.tgz 3724ms (cache miss)
npm http fetch GET 200 https://vlt-451504312483.d.codeartifact.us-east-1.amazonaws.com/npm/code-artifact-benchmark-test/vitest/-/vitest-2.1.9.tgz 3736ms (cache miss)
npm http fetch GET 200 https://vlt-451504312483.d.codeartifact.us-east-1.amazonaws.com/npm/code-artifact-benchmark-test/vite/-/vite-6.4.4.tgz 3736ms (cache miss)
npm http fetch GET 200 https://vlt-451504312483.d.codeartifact.us-east-1.amazonaws.com/npm/code-artifact-benchmark-test/semver/-/semver-6.3.1.tgz 3733ms (cache miss)
npm http fetch GET 200 https://vlt-451504312483.d.codeartifact.us-east-1.amazonaws.com/npm/code-artifact-benchmark-test/eslint-visitor-keys/-/eslint-visitor-keys-5.0.1.tgz 3738ms (cache miss)
npm http fetch GET 200 https://vlt-451504312483.d.codeartifact.us-east-1.amazonaws.com/npm/code-artifact-benchmark-test/fdir/-/fdir-6.5.0.tgz 3740ms (cache miss)
npm http fetch GET 200 https://vlt-451504312483.d.codeartifact.us-east-1.amazonaws.com/npm/code-artifact-benchmark-test/lru-cache/-/lru-cache-10.4.3.tgz 3745ms (cache miss)
npm http fetch GET 200 https://vlt-451504312483.d.codeartifact.us-east-1.amazonaws.com/npm/code-artifact-benchmark-test/esbuild/-/esbuild-0.21.5.tgz 3743ms (cache miss)
npm http fetch GET 200 https://vlt-451504312483.d.codeartifact.us-east-1.amazonaws.com/npm/code-artifact-benchmark-test/picomatch/-/picomatch-4.0.7.tgz 3746ms (cache miss)
npm http fetch GET 200 https://vlt-451504312483.d.codeartifact.us-east-1.amazonaws.com/npm/code-artifact-benchmark-test/@types/node/-/node-22.20.5.tgz 3754ms (cache miss)
npm http fetch GET 200 https://vlt-451504312483.d.codeartifact.us-east-1.amazonaws.com/npm/code-artifact-benchmark-test/estree-walker/-/estree-walker-3.0.3.tgz 3750ms (cache miss)
npm http fetch GET 200 https://vlt-451504312483.d.codeartifact.us-east-1.amazonaws.com/npm/code-artifact-benchmark-test/pathe/-/pathe-1.1.2.tgz 3754ms (cache miss)
npm http fetch GET 200 https://vlt-451504312483.d.codeartifact.us-east-1.amazonaws.com/npm/code-artifact-benchmark-test/minimatch/-/minimatch-9.0.9.tgz 3773ms (cache miss)
npm http fetch GET 200 https://vlt-451504312483.d.codeartifact.us-east-1.amazonaws.com/npm/code-artifact-benchmark-test/isexe/-/isexe-3.1.5.tgz 3785ms (cache miss)
npm http fetch GET 200 https://vlt-451504312483.d.codeartifact.us-east-1.amazonaws.com/npm/code-artifact-benchmark-test/balanced-match/-/balanced-match-1.0.2.tgz 3791ms (cache miss)
npm http fetch GET 200 https://vlt-451504312483.d.codeartifact.us-east-1.amazonaws.com/npm/code-artifact-benchmark-test/which/-/which-5.0.0.tgz 3792ms (cache miss)
npm http fetch GET 200 https://vlt-451504312483.d.codeartifact.us-east-1.amazonaws.com/npm/code-artifact-benchmark-test/@typescript-eslint/utils/-/utils-8.71.1.tgz 3807ms (cache miss)
npm http fetch GET 200 https://vlt-451504312483.d.codeartifact.us-east-1.amazonaws.com/npm/code-artifact-benchmark-test/brace-expansion/-/brace-expansion-2.1.7.tgz 3802ms (cache miss)
npm http fetch GET 200 https://vlt-451504312483.d.codeartifact.us-east-1.amazonaws.com/npm/code-artifact-benchmark-test/xml-name-validator/-/xml-name-validator-5.0.0.tgz 3814ms (cache miss)
npm http fetch GET 200 https://vlt-451504312483.d.codeartifact.us-east-1.amazonaws.com/npm/code-artifact-benchmark-test/ansi-styles/-/ansi-styles-6.2.3.tgz 3834ms (cache miss)
npm http fetch GET 200 https://vlt-451504312483.d.codeartifact.us-east-1.amazonaws.com/npm/code-artifact-benchmark-test/espree/-/espree-9.6.1.tgz 3861ms (cache miss)
npm http fetch GET 200 https://vlt-451504312483.d.codeartifact.us-east-1.amazonaws.com/npm/code-artifact-benchmark-test/globals/-/globals-13.24.0.tgz 3863ms (cache miss)
npm http fetch GET 200 https://vlt-451504312483.d.codeartifact.us-east-1.amazonaws.com/npm/code-artifact-benchmark-test/eslint-scope/-/eslint-scope-7.2.2.tgz 3868ms (cache miss)
npm http fetch GET 200 https://vlt-451504312483.d.codeartifact.us-east-1.amazonaws.com/npm/code-artifact-benchmark-test/vite/-/vite-5.4.21.tgz 3879ms (cache miss)
npm http fetch GET 200 https://vlt-451504312483.d.codeartifact.us-east-1.amazonaws.com/npm/code-artifact-benchmark-test/vite-plugin-vue-devtools/-/vite-plugin-vue-devtools-7.7.10.tgz 3886ms (cache miss)
npm http fetch GET 200 https://vlt-451504312483.d.codeartifact.us-east-1.amazonaws.com/npm/code-artifact-benchmark-test/globals/-/globals-17.13.0.tgz 3877ms (cache miss)
npm http fetch GET 200 https://vlt-451504312483.d.codeartifact.us-east-1.amazonaws.com/npm/code-artifact-benchmark-test/balanced-match/-/balanced-match-1.0.2.tgz 3882ms (cache miss)
npm http fetch GET 200 https://vlt-451504312483.d.codeartifact.us-east-1.amazonaws.com/npm/code-artifact-benchmark-test/brace-expansion/-/brace-expansion-1.1.21.tgz 3886ms (cache miss)
npm http fetch GET 200 https://vlt-451504312483.d.codeartifact.us-east-1.amazonaws.com/npm/code-artifact-benchmark-test/@vitest/mocker/-/mocker-2.1.9.tgz 3900ms (cache miss)
npm http fetch GET 200 https://vlt-451504312483.d.codeartifact.us-east-1.amazonaws.com/npm/code-artifact-benchmark-test/eslint-visitor-keys/-/eslint-visitor-keys-4.2.1.tgz 3902ms (cache miss)
npm http fetch GET 200 https://vlt-451504312483.d.codeartifact.us-east-1.amazonaws.com/npm/code-artifact-benchmark-test/minimatch/-/minimatch-3.1.5.tgz 3903ms (cache miss)
npm http fetch GET 200 https://vlt-451504312483.d.codeartifact.us-east-1.amazonaws.com/npm/code-artifact-benchmark-test/fdir/-/fdir-6.5.0.tgz 3908ms (cache miss)
npm http fetch GET 200 https://vlt-451504312483.d.codeartifact.us-east-1.amazonaws.com/npm/code-artifact-benchmark-test/vue-eslint-parser/-/vue-eslint-parser-9.4.3.tgz 3912ms (cache miss)
npm http fetch GET 200 https://vlt-451504312483.d.codeartifact.us-east-1.amazonaws.com/npm/code-artifact-benchmark-test/picomatch/-/picomatch-4.0.7.tgz 3961ms (cache miss)
npm http fetch GET 200 https://vlt-451504312483.d.codeartifact.us-east-1.amazonaws.com/npm/code-artifact-benchmark-test/minimatch/-/minimatch-9.0.9.tgz 3980ms (cache miss)
npm http fetch GET 200 https://vlt-451504312483.d.codeartifact.us-east-1.amazonaws.com/npm/code-artifact-benchmark-test/vite/-/vite-5.4.21.tgz 4004ms (cache miss)
npm http fetch GET 200 https://vlt-451504312483.d.codeartifact.us-east-1.amazonaws.com/npm/code-artifact-benchmark-test/entities/-/entities-6.0.1.tgz 4033ms (cache miss)
npm http fetch GET 200 https://vlt-451504312483.d.codeartifact.us-east-1.amazonaws.com/npm/code-artifact-benchmark-test/@esbuild/linux-arm64/-/linux-arm64-0.21.5.tgz 4085ms (cache miss)
npm http fetch GET 200 https://vlt-451504312483.d.codeartifact.us-east-1.amazonaws.com/npm/code-artifact-benchmark-test/prettier/-/prettier-3.9.9.tgz 4103ms (cache miss)
npm http fetch GET 200 https://vlt-451504312483.d.codeartifact.us-east-1.amazonaws.com/npm/code-artifact-benchmark-test/@esbuild/linux-arm64/-/linux-arm64-0.21.5.tgz 4114ms (cache miss)
npm http fetch GET 200 https://vlt-451504312483.d.codeartifact.us-east-1.amazonaws.com/npm/code-artifact-benchmark-test/@typescript-eslint/scope-manager/-/scope-manager-8.71.1.tgz 4144ms (cache miss)
npm http fetch GET 200 https://vlt-451504312483.d.codeartifact.us-east-1.amazonaws.com/npm/code-artifact-benchmark-test/lru-cache/-/lru-cache-11.5.3.tgz 4145ms (cache miss)
npm http fetch GET 200 https://vlt-451504312483.d.codeartifact.us-east-1.amazonaws.com/npm/code-artifact-benchmark-test/eslint-plugin-vue/-/eslint-plugin-vue-9.33.0.tgz 4214ms (cache miss)
npm http fetch GET 200 https://vlt-451504312483.d.codeartifact.us-east-1.amazonaws.com/npm/code-artifact-benchmark-test/typescript/-/typescript-5.6.3.tgz 4232ms (cache miss)
npm http fetch GET 200 https://vlt-451504312483.d.codeartifact.us-east-1.amazonaws.com/npm/code-artifact-benchmark-test/eslint/-/eslint-9.39.5.tgz 4265ms (cache miss)
npm http fetch GET 200 https://vlt-451504312483.d.codeartifact.us-east-1.amazonaws.com/npm/code-artifact-benchmark-test/jsdom/-/jsdom-25.0.1.tgz 4335ms (cache miss)

added 451 packages in 1m
