npm http fetch GET 200 https://vlt-451504312483.d.codeartifact.us-east-1.amazonaws.com/npm/code-artifact-benchmark-test/pinia 484ms (cache miss)
npm http fetch GET 200 https://vlt-451504312483.d.codeartifact.us-east-1.amazonaws.com/npm/code-artifact-benchmark-test/typescript 1394ms (cache miss)
npm http fetch GET 200 https://vlt-451504312483.d.codeartifact.us-east-1.amazonaws.com/npm/code-artifact-benchmark-test/vue 345ms (cache miss)
npm http fetch GET 200 https://vlt-451504312483.d.codeartifact.us-east-1.amazonaws.com/npm/code-artifact-benchmark-test/vue-router 297ms (cache miss)
npm http fetch GET 200 https://vlt-451504312483.d.codeartifact.us-east-1.amazonaws.com/npm/code-artifact-benchmark-test/@playwright%2ftest 1015ms (cache miss)
npm http fetch GET 200 https://vlt-451504312483.d.codeartifact.us-east-1.amazonaws.com/npm/code-artifact-benchmark-test/@tsconfig%2fnode22 214ms (cache miss)
npm http fetch GET 200 https://vlt-451504312483.d.codeartifact.us-east-1.amazonaws.com/npm/code-artifact-benchmark-test/@types%2fjsdom 206ms (cache miss)
npm http fetch GET 200 https://vlt-451504312483.d.codeartifact.us-east-1.amazonaws.com/npm/code-artifact-benchmark-test/@types%2fnode 1009ms (cache miss)
npm http fetch GET 200 https://vlt-451504312483.d.codeartifact.us-east-1.amazonaws.com/npm/code-artifact-benchmark-test/@vitejs%2fplugin-vue 314ms (cache miss)
npm http fetch GET 200 https://vlt-451504312483.d.codeartifact.us-east-1.amazonaws.com/npm/code-artifact-benchmark-test/vite 2647ms (cache miss)
npm http fetch GET 200 https://vlt-451504312483.d.codeartifact.us-east-1.amazonaws.com/npm/code-artifact-benchmark-test/jiti 187ms (cache miss)
npm http fetch GET 200 https://vlt-451504312483.d.codeartifact.us-east-1.amazonaws.com/npm/code-artifact-benchmark-test/less 197ms (cache miss)
npm http fetch GET 200 https://vlt-451504312483.d.codeartifact.us-east-1.amazonaws.com/npm/code-artifact-benchmark-test/lightningcss 179ms (cache miss)
npm http fetch GET 200 https://vlt-451504312483.d.codeartifact.us-east-1.amazonaws.com/npm/code-artifact-benchmark-test/sass 229ms (cache miss)
npm http fetch GET 200 https://vlt-451504312483.d.codeartifact.us-east-1.amazonaws.com/npm/code-artifact-benchmark-test/sass-embedded 238ms (cache miss)
npm http fetch GET 200 https://vlt-451504312483.d.codeartifact.us-east-1.amazonaws.com/npm/code-artifact-benchmark-test/stylus 221ms (cache miss)
npm http fetch GET 200 https://vlt-451504312483.d.codeartifact.us-east-1.amazonaws.com/npm/code-artifact-benchmark-test/sugarss 173ms (cache miss)
npm http fetch GET 200 https://vlt-451504312483.d.codeartifact.us-east-1.amazonaws.com/npm/code-artifact-benchmark-test/postcss 208ms (cache miss)
npm http fetch GET 200 https://vlt-451504312483.d.codeartifact.us-east-1.amazonaws.com/npm/code-artifact-benchmark-test/terser 441ms (cache miss)
npm http fetch GET 200 https://vlt-451504312483.d.codeartifact.us-east-1.amazonaws.com/npm/code-artifact-benchmark-test/tsx 196ms (cache miss)
npm http fetch GET 200 https://vlt-451504312483.d.codeartifact.us-east-1.amazonaws.com/npm/code-artifact-benchmark-test/yaml 218ms (cache miss)
npm http fetch GET 200 https://vlt-451504312483.d.codeartifact.us-east-1.amazonaws.com/npm/code-artifact-benchmark-test/@vitejs%2fplugin-vue-jsx 196ms (cache miss)
npm http fetch GET 200 https://vlt-451504312483.d.codeartifact.us-east-1.amazonaws.com/npm/code-artifact-benchmark-test/@vitest%2feslint-plugin 206ms (cache miss)
npm http fetch GET 200 https://vlt-451504312483.d.codeartifact.us-east-1.amazonaws.com/npm/code-artifact-benchmark-test/@typescript-eslint%2futils 1110ms (cache miss)
npm http fetch GET 200 https://vlt-451504312483.d.codeartifact.us-east-1.amazonaws.com/npm/code-artifact-benchmark-test/eslint 323ms (cache miss)
npm http fetch GET 200 https://vlt-451504312483.d.codeartifact.us-east-1.amazonaws.com/npm/code-artifact-benchmark-test/jiti 203ms (cache updated)
npm http fetch GET 200 https://vlt-451504312483.d.codeartifact.us-east-1.amazonaws.com/npm/code-artifact-benchmark-test/vitest 369ms (cache miss)
npm http fetch GET 200 https://vlt-451504312483.d.codeartifact.us-east-1.amazonaws.com/npm/code-artifact-benchmark-test/@edge-runtime%2fvm 208ms (cache miss)
npm http fetch GET 200 https://vlt-451504312483.d.codeartifact.us-east-1.amazonaws.com/npm/code-artifact-benchmark-test/@vitest%2fbrowser 229ms (cache miss)
npm http fetch GET 200 https://vlt-451504312483.d.codeartifact.us-east-1.amazonaws.com/npm/code-artifact-benchmark-test/playwright 1467ms (cache miss)
npm http fetch GET 200 https://vlt-451504312483.d.codeartifact.us-east-1.amazonaws.com/npm/code-artifact-benchmark-test/webdriverio 412ms (cache miss)
npm http fetch GET 200 https://vlt-451504312483.d.codeartifact.us-east-1.amazonaws.com/npm/code-artifact-benchmark-test/puppeteer-core 305ms (cache miss)
npm http fetch GET 200 https://vlt-451504312483.d.codeartifact.us-east-1.amazonaws.com/npm/code-artifact-benchmark-test/@vitest%2fui 310ms (cache miss)
npm http fetch GET 200 https://vlt-451504312483.d.codeartifact.us-east-1.amazonaws.com/npm/code-artifact-benchmark-test/happy-dom 412ms (cache miss)
npm http fetch GET 200 https://vlt-451504312483.d.codeartifact.us-east-1.amazonaws.com/npm/code-artifact-benchmark-test/jsdom 251ms (cache miss)
npm http fetch GET 200 https://vlt-451504312483.d.codeartifact.us-east-1.amazonaws.com/npm/code-artifact-benchmark-test/canvas 217ms (cache miss)
npm http fetch GET 200 https://vlt-451504312483.d.codeartifact.us-east-1.amazonaws.com/npm/code-artifact-benchmark-test/@vue%2feslint-config-prettier 210ms (cache miss)
npm http fetch GET 200 https://vlt-451504312483.d.codeartifact.us-east-1.amazonaws.com/npm/code-artifact-benchmark-test/prettier 242ms (cache miss)
npm http fetch GET 200 https://vlt-451504312483.d.codeartifact.us-east-1.amazonaws.com/npm/code-artifact-benchmark-test/@vue%2feslint-config-typescript 292ms (cache miss)
npm http fetch GET 200 https://vlt-451504312483.d.codeartifact.us-east-1.amazonaws.com/npm/code-artifact-benchmark-test/eslint-plugin-vue 226ms (cache miss)
npm http fetch GET 200 https://vlt-451504312483.d.codeartifact.us-east-1.amazonaws.com/npm/code-artifact-benchmark-test/@vue%2ftest-utils 205ms (cache miss)
npm http fetch GET 200 https://vlt-451504312483.d.codeartifact.us-east-1.amazonaws.com/npm/code-artifact-benchmark-test/@vue%2fcompiler-dom 255ms (cache miss)
npm http fetch GET 200 https://vlt-451504312483.d.codeartifact.us-east-1.amazonaws.com/npm/code-artifact-benchmark-test/@vue%2fserver-renderer 255ms (cache miss)
npm http fetch GET 200 https://vlt-451504312483.d.codeartifact.us-east-1.amazonaws.com/npm/code-artifact-benchmark-test/@vue%2ftsconfig 206ms (cache miss)
npm http fetch GET 200 https://vlt-451504312483.d.codeartifact.us-east-1.amazonaws.com/npm/code-artifact-benchmark-test/eslint-plugin-playwright 222ms (cache miss)
npm http fetch GET 200 https://vlt-451504312483.d.codeartifact.us-east-1.amazonaws.com/npm/code-artifact-benchmark-test/npm-run-all2 196ms (cache miss)
npm http fetch GET 200 https://vlt-451504312483.d.codeartifact.us-east-1.amazonaws.com/npm/code-artifact-benchmark-test/vite-plugin-vue-devtools 286ms (cache miss)
npm http fetch GET 200 https://vlt-451504312483.d.codeartifact.us-east-1.amazonaws.com/npm/code-artifact-benchmark-test/vue-tsc 249ms (cache miss)
npm http fetch GET 200 https://vlt-451504312483.d.codeartifact.us-east-1.amazonaws.com/npm/code-artifact-benchmark-test/parse5 190ms (cache miss)
npm http fetch GET 200 https://vlt-451504312483.d.codeartifact.us-east-1.amazonaws.com/npm/code-artifact-benchmark-test/@types%2ftough-cookie 215ms (cache miss)
npm http fetch GET 200 https://vlt-451504312483.d.codeartifact.us-east-1.amazonaws.com/npm/code-artifact-benchmark-test/undici-types 212ms (cache miss)
npm http fetch GET 200 https://vlt-451504312483.d.codeartifact.us-east-1.amazonaws.com/npm/code-artifact-benchmark-test/fdir 228ms (cache miss)
npm http fetch GET 200 https://vlt-451504312483.d.codeartifact.us-east-1.amazonaws.com/npm/code-artifact-benchmark-test/@types%2fnode 1386ms (cache updated)
npm http fetch GET 200 https://vlt-451504312483.d.codeartifact.us-east-1.amazonaws.com/npm/code-artifact-benchmark-test/rollup 617ms (cache miss)
npm http fetch GET 200 https://vlt-451504312483.d.codeartifact.us-east-1.amazonaws.com/npm/code-artifact-benchmark-test/esbuild 260ms (cache miss)
npm http fetch GET 200 https://vlt-451504312483.d.codeartifact.us-east-1.amazonaws.com/npm/code-artifact-benchmark-test/postcss 226ms (cache updated)
npm http fetch GET 200 https://vlt-451504312483.d.codeartifact.us-east-1.amazonaws.com/npm/code-artifact-benchmark-test/playwright 1760ms (cache updated)
npm http fetch GET 200 https://vlt-451504312483.d.codeartifact.us-east-1.amazonaws.com/npm/code-artifact-benchmark-test/picomatch 165ms (cache miss)
npm http fetch GET 200 https://vlt-451504312483.d.codeartifact.us-east-1.amazonaws.com/npm/code-artifact-benchmark-test/tinyglobby 187ms (cache miss)
npm http fetch GET 200 https://vlt-451504312483.d.codeartifact.us-east-1.amazonaws.com/npm/code-artifact-benchmark-test/fsevents 205ms (cache miss)
npm http fetch GET 200 https://vlt-451504312483.d.codeartifact.us-east-1.amazonaws.com/npm/code-artifact-benchmark-test/@vue%2fshared 219ms (cache miss)
npm http fetch GET 200 https://vlt-451504312483.d.codeartifact.us-east-1.amazonaws.com/npm/code-artifact-benchmark-test/@vue%2fruntime-dom 315ms (cache miss)
npm http fetch GET 200 https://vlt-451504312483.d.codeartifact.us-east-1.amazonaws.com/npm/code-artifact-benchmark-test/@vue%2fcompiler-sfc 257ms (cache miss)
npm http fetch GET 200 https://vlt-451504312483.d.codeartifact.us-east-1.amazonaws.com/npm/code-artifact-benchmark-test/@vue%2fserver-renderer 291ms (cache updated)
npm http fetch GET 200 https://vlt-451504312483.d.codeartifact.us-east-1.amazonaws.com/npm/code-artifact-benchmark-test/@vue%2fcompiler-dom 283ms (cache updated)
npm http fetch GET 200 https://vlt-451504312483.d.codeartifact.us-east-1.amazonaws.com/npm/code-artifact-benchmark-test/@rolldown%2fpluginutils 197ms (cache miss)
npm http fetch GET 200 https://vlt-451504312483.d.codeartifact.us-east-1.amazonaws.com/npm/code-artifact-benchmark-test/@babel%2fcore 335ms (cache miss)
npm http fetch GET 200 https://vlt-451504312483.d.codeartifact.us-east-1.amazonaws.com/npm/code-artifact-benchmark-test/@vue%2fbabel-plugin-jsx 195ms (cache miss)
npm http fetch GET 200 https://vlt-451504312483.d.codeartifact.us-east-1.amazonaws.com/npm/code-artifact-benchmark-test/@babel%2fplugin-transform-typescript 209ms (cache miss)
npm http fetch GET 200 https://vlt-451504312483.d.codeartifact.us-east-1.amazonaws.com/npm/code-artifact-benchmark-test/@eslint-community%2feslint-utils 163ms (cache miss)
npm http fetch GET 200 https://vlt-451504312483.d.codeartifact.us-east-1.amazonaws.com/npm/code-artifact-benchmark-test/@typescript-eslint%2fscope-manager 1112ms (cache miss)
npm http fetch GET 200 https://vlt-451504312483.d.codeartifact.us-east-1.amazonaws.com/npm/code-artifact-benchmark-test/@typescript-eslint%2ftypes 1315ms (cache miss)
npm http fetch GET 200 https://vlt-451504312483.d.codeartifact.us-east-1.amazonaws.com/npm/code-artifact-benchmark-test/chalk 168ms (cache miss)
npm http fetch GET 200 https://vlt-451504312483.d.codeartifact.us-east-1.amazonaws.com/npm/code-artifact-benchmark-test/ajv 261ms (cache miss)
npm http fetch GET 200 https://vlt-451504312483.d.codeartifact.us-east-1.amazonaws.com/npm/code-artifact-benchmark-test/@typescript-eslint%2ftypescript-estree 1415ms (cache miss)
npm http fetch GET 200 https://vlt-451504312483.d.codeartifact.us-east-1.amazonaws.com/npm/code-artifact-benchmark-test/debug 203ms (cache miss)
npm http fetch GET 200 https://vlt-451504312483.d.codeartifact.us-east-1.amazonaws.com/npm/code-artifact-benchmark-test/espree 208ms (cache miss)
npm http fetch GET 200 https://vlt-451504312483.d.codeartifact.us-east-1.amazonaws.com/npm/code-artifact-benchmark-test/esquery 160ms (cache miss)
npm http fetch GET 200 https://vlt-451504312483.d.codeartifact.us-east-1.amazonaws.com/npm/code-artifact-benchmark-test/ignore 224ms (cache miss)
npm http fetch GET 200 https://vlt-451504312483.d.codeartifact.us-east-1.amazonaws.com/npm/code-artifact-benchmark-test/esutils 159ms (cache miss)
npm http fetch GET 200 https://vlt-451504312483.d.codeartifact.us-east-1.amazonaws.com/npm/code-artifact-benchmark-test/find-up 175ms (cache miss)
npm http fetch GET 200 https://vlt-451504312483.d.codeartifact.us-east-1.amazonaws.com/npm/code-artifact-benchmark-test/is-glob 233ms (cache miss)
npm http fetch GET 200 https://vlt-451504312483.d.codeartifact.us-east-1.amazonaws.com/npm/code-artifact-benchmark-test/minimatch 243ms (cache miss)
npm http fetch GET 200 https://vlt-451504312483.d.codeartifact.us-east-1.amazonaws.com/npm/code-artifact-benchmark-test/@eslint%2fjs 194ms (cache miss)
npm http fetch GET 200 https://vlt-451504312483.d.codeartifact.us-east-1.amazonaws.com/npm/code-artifact-benchmark-test/cross-spawn 170ms (cache miss)
npm http fetch GET 200 https://vlt-451504312483.d.codeartifact.us-east-1.amazonaws.com/npm/code-artifact-benchmark-test/glob-parent 155ms (cache miss)
npm http fetch GET 200 https://vlt-451504312483.d.codeartifact.us-east-1.amazonaws.com/npm/code-artifact-benchmark-test/optionator 317ms (cache miss)
npm http fetch GET 200 https://vlt-451504312483.d.codeartifact.us-east-1.amazonaws.com/npm/code-artifact-benchmark-test/eslint-scope 164ms (cache miss)
npm http fetch GET 200 https://vlt-451504312483.d.codeartifact.us-east-1.amazonaws.com/npm/code-artifact-benchmark-test/@eslint%2fcore 384ms (cache miss)
npm http fetch GET 200 https://vlt-451504312483.d.codeartifact.us-east-1.amazonaws.com/npm/code-artifact-benchmark-test/lodash.merge 151ms (cache miss)
npm http fetch GET 200 https://vlt-451504312483.d.codeartifact.us-east-1.amazonaws.com/npm/code-artifact-benchmark-test/imurmurhash 452ms (cache miss)
npm http fetch GET 200 https://vlt-451504312483.d.codeartifact.us-east-1.amazonaws.com/npm/code-artifact-benchmark-test/@humanfs%2fnode 176ms (cache miss)
npm http fetch GET 200 https://vlt-451504312483.d.codeartifact.us-east-1.amazonaws.com/npm/code-artifact-benchmark-test/fast-deep-equal 204ms (cache miss)
npm http fetch GET 200 https://vlt-451504312483.d.codeartifact.us-east-1.amazonaws.com/npm/code-artifact-benchmark-test/natural-compare 178ms (cache miss)
npm http fetch GET 200 https://vlt-451504312483.d.codeartifact.us-east-1.amazonaws.com/npm/code-artifact-benchmark-test/@eslint%2feslintrc 220ms (cache miss)
npm http fetch GET 200 https://vlt-451504312483.d.codeartifact.us-east-1.amazonaws.com/npm/code-artifact-benchmark-test/file-entry-cache 224ms (cache miss)
npm http fetch GET 200 https://vlt-451504312483.d.codeartifact.us-east-1.amazonaws.com/npm/code-artifact-benchmark-test/@eslint%2fplugin-kit 167ms (cache miss)
npm http fetch GET 200 https://vlt-451504312483.d.codeartifact.us-east-1.amazonaws.com/npm/code-artifact-benchmark-test/eslint-visitor-keys 197ms (cache miss)
npm http fetch GET 200 https://vlt-451504312483.d.codeartifact.us-east-1.amazonaws.com/npm/code-artifact-benchmark-test/@eslint%2fconfig-array 260ms (cache miss)
npm http fetch GET 200 https://vlt-451504312483.d.codeartifact.us-east-1.amazonaws.com/npm/code-artifact-benchmark-test/@humanwhocodes%2fretry 202ms (cache miss)
npm http fetch GET 200 https://vlt-451504312483.d.codeartifact.us-east-1.amazonaws.com/npm/code-artifact-benchmark-test/escape-string-regexp 187ms (cache miss)
npm http fetch GET 200 https://vlt-451504312483.d.codeartifact.us-east-1.amazonaws.com/npm/code-artifact-benchmark-test/@eslint%2fconfig-helpers 198ms (cache miss)
npm http fetch GET 200 https://vlt-451504312483.d.codeartifact.us-east-1.amazonaws.com/npm/code-artifact-benchmark-test/@eslint-community%2fregexpp 151ms (cache miss)
npm http fetch GET 200 https://vlt-451504312483.d.codeartifact.us-east-1.amazonaws.com/npm/code-artifact-benchmark-test/@humanwhocodes%2fmodule-importer 150ms (cache miss)
npm http fetch GET 200 https://vlt-451504312483.d.codeartifact.us-east-1.amazonaws.com/npm/code-artifact-benchmark-test/@eslint-community%2feslint-utils 182ms (cache updated)
npm http fetch GET 200 https://vlt-451504312483.d.codeartifact.us-east-1.amazonaws.com/npm/code-artifact-benchmark-test/json-stable-stringify-without-jsonify 149ms (cache miss)
npm http fetch GET 200 https://vlt-451504312483.d.codeartifact.us-east-1.amazonaws.com/npm/code-artifact-benchmark-test/eslint-config-prettier 222ms (cache miss)
npm http fetch GET 200 https://vlt-451504312483.d.codeartifact.us-east-1.amazonaws.com/npm/code-artifact-benchmark-test/eslint-plugin-prettier 183ms (cache miss)
npm http fetch GET 200 https://vlt-451504312483.d.codeartifact.us-east-1.amazonaws.com/npm/code-artifact-benchmark-test/fast-glob 209ms (cache miss)
npm http fetch GET 200 https://vlt-451504312483.d.codeartifact.us-east-1.amazonaws.com/npm/code-artifact-benchmark-test/@types%2festree 1804ms (cache miss)
npm http fetch GET 200 https://vlt-451504312483.d.codeartifact.us-east-1.amazonaws.com/npm/code-artifact-benchmark-test/semver 168ms (cache miss)
npm http fetch GET 200 https://vlt-451504312483.d.codeartifact.us-east-1.amazonaws.com/npm/code-artifact-benchmark-test/vue-eslint-parser 189ms (cache miss)
npm http fetch GET 200 https://vlt-451504312483.d.codeartifact.us-east-1.amazonaws.com/npm/code-artifact-benchmark-test/nth-check 147ms (cache miss)
npm http fetch GET 200 https://vlt-451504312483.d.codeartifact.us-east-1.amazonaws.com/npm/code-artifact-benchmark-test/globals 237ms (cache miss)
npm http fetch GET 200 https://vlt-451504312483.d.codeartifact.us-east-1.amazonaws.com/npm/code-artifact-benchmark-test/typescript-eslint 573ms (cache miss)
npm http fetch GET 200 https://vlt-451504312483.d.codeartifact.us-east-1.amazonaws.com/npm/code-artifact-benchmark-test/vue-eslint-parser 230ms (cache updated)
npm http fetch GET 200 https://vlt-451504312483.d.codeartifact.us-east-1.amazonaws.com/npm/code-artifact-benchmark-test/xml-name-validator 208ms (cache miss)
npm http fetch GET 200 https://vlt-451504312483.d.codeartifact.us-east-1.amazonaws.com/npm/code-artifact-benchmark-test/postcss-selector-parser 216ms (cache miss)
npm http fetch GET 200 https://vlt-451504312483.d.codeartifact.us-east-1.amazonaws.com/npm/code-artifact-benchmark-test/@eslint-community%2feslint-utils 163ms (cache updated)
npm http fetch GET 200 https://vlt-451504312483.d.codeartifact.us-east-1.amazonaws.com/npm/code-artifact-benchmark-test/js-beautify 192ms (cache miss)
npm http fetch GET 200 https://vlt-451504312483.d.codeartifact.us-east-1.amazonaws.com/npm/code-artifact-benchmark-test/vue-component-type-helpers 236ms (cache miss)
npm http fetch GET 200 https://vlt-451504312483.d.codeartifact.us-east-1.amazonaws.com/npm/code-artifact-benchmark-test/globals 210ms (cache updated)
npm http fetch GET 200 https://vlt-451504312483.d.codeartifact.us-east-1.amazonaws.com/npm/code-artifact-benchmark-test/@vue%2fcompiler-core 321ms (cache miss)
npm http fetch GET 200 https://vlt-451504312483.d.codeartifact.us-east-1.amazonaws.com/npm/code-artifact-benchmark-test/ws 181ms (cache miss)
npm http fetch GET 200 https://vlt-451504312483.d.codeartifact.us-east-1.amazonaws.com/npm/code-artifact-benchmark-test/nwsapi 159ms (cache miss)
npm http fetch GET 200 https://vlt-451504312483.d.codeartifact.us-east-1.amazonaws.com/npm/code-artifact-benchmark-test/saxes 186ms (cache miss)
npm http fetch GET 200 https://vlt-451504312483.d.codeartifact.us-east-1.amazonaws.com/npm/code-artifact-benchmark-test/parse5 172ms (cache updated)
npm http fetch GET 200 https://vlt-451504312483.d.codeartifact.us-east-1.amazonaws.com/npm/code-artifact-benchmark-test/cssstyle 186ms (cache miss)
npm http fetch GET 200 https://vlt-451504312483.d.codeartifact.us-east-1.amazonaws.com/npm/code-artifact-benchmark-test/data-urls 220ms (cache miss)
npm http fetch GET 200 https://vlt-451504312483.d.codeartifact.us-east-1.amazonaws.com/npm/code-artifact-benchmark-test/form-data 183ms (cache miss)
npm http fetch GET 200 https://vlt-451504312483.d.codeartifact.us-east-1.amazonaws.com/npm/code-artifact-benchmark-test/decimal.js 198ms (cache miss)
npm http fetch GET 200 https://vlt-451504312483.d.codeartifact.us-east-1.amazonaws.com/npm/code-artifact-benchmark-test/rrweb-cssom 150ms (cache miss)
npm http fetch GET 200 https://vlt-451504312483.d.codeartifact.us-east-1.amazonaws.com/npm/code-artifact-benchmark-test/whatwg-url 226ms (cache miss)
npm http fetch GET 200 https://vlt-451504312483.d.codeartifact.us-east-1.amazonaws.com/npm/code-artifact-benchmark-test/symbol-tree 174ms (cache miss)
npm http fetch GET 200 https://vlt-451504312483.d.codeartifact.us-east-1.amazonaws.com/npm/code-artifact-benchmark-test/tough-cookie 197ms (cache miss)
npm http fetch GET 200 https://vlt-451504312483.d.codeartifact.us-east-1.amazonaws.com/npm/code-artifact-benchmark-test/whatwg-encoding 225ms (cache miss)
npm http fetch GET 200 https://vlt-451504312483.d.codeartifact.us-east-1.amazonaws.com/npm/code-artifact-benchmark-test/whatwg-mimetype 174ms (cache miss)
npm http fetch GET 200 https://vlt-451504312483.d.codeartifact.us-east-1.amazonaws.com/npm/code-artifact-benchmark-test/http-proxy-agent 145ms (cache miss)
npm http fetch GET 200 https://vlt-451504312483.d.codeartifact.us-east-1.amazonaws.com/npm/code-artifact-benchmark-test/webidl-conversions 157ms (cache miss)
npm http fetch GET 200 https://vlt-451504312483.d.codeartifact.us-east-1.amazonaws.com/npm/code-artifact-benchmark-test/w3c-xmlserializer 197ms (cache miss)
npm http fetch GET 200 https://vlt-451504312483.d.codeartifact.us-east-1.amazonaws.com/npm/code-artifact-benchmark-test/https-proxy-agent 326ms (cache miss)
npm http fetch GET 200 https://vlt-451504312483.d.codeartifact.us-east-1.amazonaws.com/npm/code-artifact-benchmark-test/html-encoding-sniffer 161ms (cache miss)
npm http fetch GET 200 https://vlt-451504312483.d.codeartifact.us-east-1.amazonaws.com/npm/code-artifact-benchmark-test/is-potential-custom-element-name 197ms (cache miss)
npm http fetch GET 200 https://vlt-451504312483.d.codeartifact.us-east-1.amazonaws.com/npm/code-artifact-benchmark-test/which 154ms (cache miss)
npm http fetch GET 200 https://vlt-451504312483.d.codeartifact.us-east-1.amazonaws.com/npm/code-artifact-benchmark-test/pidtree 192ms (cache miss)
npm http fetch GET 200 https://vlt-451504312483.d.codeartifact.us-east-1.amazonaws.com/npm/code-artifact-benchmark-test/ansi-styles 146ms (cache miss)
npm http fetch GET 200 https://vlt-451504312483.d.codeartifact.us-east-1.amazonaws.com/npm/code-artifact-benchmark-test/minimatch 228ms (cache updated)
npm http fetch GET 200 https://vlt-451504312483.d.codeartifact.us-east-1.amazonaws.com/npm/code-artifact-benchmark-test/memorystream 170ms (cache miss)
npm http fetch GET 200 https://vlt-451504312483.d.codeartifact.us-east-1.amazonaws.com/npm/code-artifact-benchmark-test/shell-quote 246ms (cache miss)
npm http fetch GET 200 https://vlt-451504312483.d.codeartifact.us-east-1.amazonaws.com/npm/code-artifact-benchmark-test/read-package-json-fast 246ms (cache miss)
npm http fetch GET 200 https://vlt-451504312483.d.codeartifact.us-east-1.amazonaws.com/npm/code-artifact-benchmark-test/vue-demi 177ms (cache miss)
npm http fetch GET 200 https://vlt-451504312483.d.codeartifact.us-east-1.amazonaws.com/npm/code-artifact-benchmark-test/@vue%2fdevtools-api 216ms (cache miss)
npm http fetch GET 200 https://vlt-451504312483.d.codeartifact.us-east-1.amazonaws.com/npm/code-artifact-benchmark-test/sirv 188ms (cache miss)
npm http fetch GET 200 https://vlt-451504312483.d.codeartifact.us-east-1.amazonaws.com/npm/code-artifact-benchmark-test/execa 231ms (cache miss)
npm http fetch GET 200 https://vlt-451504312483.d.codeartifact.us-east-1.amazonaws.com/npm/code-artifact-benchmark-test/@vue%2fdevtools-kit 280ms (cache miss)
npm http fetch GET 200 https://vlt-451504312483.d.codeartifact.us-east-1.amazonaws.com/npm/code-artifact-benchmark-test/vite-plugin-inspect 233ms (cache miss)
npm http fetch GET 200 https://vlt-451504312483.d.codeartifact.us-east-1.amazonaws.com/npm/code-artifact-benchmark-test/@vue%2fdevtools-shared 181ms (cache miss)
npm http fetch GET 200 https://vlt-451504312483.d.codeartifact.us-east-1.amazonaws.com/npm/code-artifact-benchmark-test/@vue%2fdevtools-core 411ms (cache miss)
npm http fetch GET 200 https://vlt-451504312483.d.codeartifact.us-east-1.amazonaws.com/npm/code-artifact-benchmark-test/chai 189ms (cache miss)
npm http fetch GET 200 https://vlt-451504312483.d.codeartifact.us-east-1.amazonaws.com/npm/code-artifact-benchmark-test/vite-plugin-vue-inspector 331ms (cache miss)
npm http fetch GET 200 https://vlt-451504312483.d.codeartifact.us-east-1.amazonaws.com/npm/code-artifact-benchmark-test/debug 171ms (cache updated)
npm http fetch GET 200 https://vlt-451504312483.d.codeartifact.us-east-1.amazonaws.com/npm/code-artifact-benchmark-test/pathe 187ms (cache miss)
npm http fetch GET 200 https://vlt-451504312483.d.codeartifact.us-east-1.amazonaws.com/npm/code-artifact-benchmark-test/std-env 237ms (cache miss)
npm http fetch GET 200 https://vlt-451504312483.d.codeartifact.us-east-1.amazonaws.com/npm/code-artifact-benchmark-test/tinyexec 151ms (cache miss)
npm http fetch GET 200 https://vlt-451504312483.d.codeartifact.us-east-1.amazonaws.com/npm/code-artifact-benchmark-test/tinypool 188ms (cache miss)
npm http fetch GET 200 https://vlt-451504312483.d.codeartifact.us-east-1.amazonaws.com/npm/code-artifact-benchmark-test/tinybench 204ms (cache miss)
npm http fetch GET 200 https://vlt-451504312483.d.codeartifact.us-east-1.amazonaws.com/npm/code-artifact-benchmark-test/vite-node 281ms (cache miss)
npm http fetch GET 200 https://vlt-451504312483.d.codeartifact.us-east-1.amazonaws.com/npm/code-artifact-benchmark-test/@vitest%2fspy 275ms (cache miss)
npm http fetch GET 200 https://vlt-451504312483.d.codeartifact.us-east-1.amazonaws.com/npm/code-artifact-benchmark-test/tinyrainbow 158ms (cache miss)
npm http fetch GET 200 https://vlt-451504312483.d.codeartifact.us-east-1.amazonaws.com/npm/code-artifact-benchmark-test/expect-type 178ms (cache miss)
npm http fetch GET 200 https://vlt-451504312483.d.codeartifact.us-east-1.amazonaws.com/npm/code-artifact-benchmark-test/@vitest%2futils 212ms (cache miss)
npm http fetch GET 200 https://vlt-451504312483.d.codeartifact.us-east-1.amazonaws.com/npm/code-artifact-benchmark-test/magic-string 232ms (cache miss)
npm http fetch GET 200 https://vlt-451504312483.d.codeartifact.us-east-1.amazonaws.com/npm/code-artifact-benchmark-test/@vitest%2fexpect 253ms (cache miss)
npm http fetch GET 200 https://vlt-451504312483.d.codeartifact.us-east-1.amazonaws.com/npm/code-artifact-benchmark-test/@vitest%2fmocker 303ms (cache miss)
npm http fetch GET 200 https://vlt-451504312483.d.codeartifact.us-east-1.amazonaws.com/npm/code-artifact-benchmark-test/@vitest%2frunner 234ms (cache miss)
npm http fetch GET 200 https://vlt-451504312483.d.codeartifact.us-east-1.amazonaws.com/npm/code-artifact-benchmark-test/@vitest%2fsnapshot 192ms (cache miss)
npm http fetch GET 200 https://vlt-451504312483.d.codeartifact.us-east-1.amazonaws.com/npm/code-artifact-benchmark-test/why-is-node-running 182ms (cache miss)
npm http fetch GET 200 https://vlt-451504312483.d.codeartifact.us-east-1.amazonaws.com/npm/code-artifact-benchmark-test/@vitest%2fpretty-format 176ms (cache miss)
npm http fetch GET 200 https://vlt-451504312483.d.codeartifact.us-east-1.amazonaws.com/npm/code-artifact-benchmark-test/@volar%2ftypescript 205ms (cache miss)
npm http fetch GET 200 https://vlt-451504312483.d.codeartifact.us-east-1.amazonaws.com/npm/code-artifact-benchmark-test/@vue%2fdevtools-api 258ms (cache updated)
npm http fetch GET 200 https://vlt-451504312483.d.codeartifact.us-east-1.amazonaws.com/npm/code-artifact-benchmark-test/@vue%2flanguage-core 198ms (cache miss)
npm http fetch GET 200 https://vlt-451504312483.d.codeartifact.us-east-1.amazonaws.com/npm/code-artifact-benchmark-test/vite 4690ms (cache updated)
npm http fetch GET 200 https://vlt-451504312483.d.codeartifact.us-east-1.amazonaws.com/npm/code-artifact-benchmark-test/fsevents 182ms (cache updated)
npm http fetch GET 200 https://vlt-451504312483.d.codeartifact.us-east-1.amazonaws.com/npm/code-artifact-benchmark-test/playwright-core 1559ms (cache miss)
npm http fetch GET 200 https://vlt-451504312483.d.codeartifact.us-east-1.amazonaws.com/npm/code-artifact-benchmark-test/entities 161ms (cache miss)
npm http fetch GET 200 https://vlt-451504312483.d.codeartifact.us-east-1.amazonaws.com/npm/code-artifact-benchmark-test/eslint 340ms (cache updated)
npm http fetch GET 200 https://vlt-451504312483.d.codeartifact.us-east-1.amazonaws.com/npm/code-artifact-benchmark-test/typescript 1287ms (cache updated)
npm http fetch GET 200 https://vlt-451504312483.d.codeartifact.us-east-1.amazonaws.com/npm/code-artifact-benchmark-test/eslint-visitor-keys 154ms (cache updated)
npm http fetch GET 200 https://vlt-451504312483.d.codeartifact.us-east-1.amazonaws.com/npm/code-artifact-benchmark-test/debug 162ms (cache updated)
npm http fetch GET 200 https://vlt-451504312483.d.codeartifact.us-east-1.amazonaws.com/npm/code-artifact-benchmark-test/minimatch 189ms (cache updated)
npm http fetch GET 200 https://vlt-451504312483.d.codeartifact.us-east-1.amazonaws.com/npm/code-artifact-benchmark-test/semver 218ms (cache updated)
npm http fetch GET 200 https://vlt-451504312483.d.codeartifact.us-east-1.amazonaws.com/npm/code-artifact-benchmark-test/tinyglobby 188ms (cache updated)
npm http fetch GET 200 https://vlt-451504312483.d.codeartifact.us-east-1.amazonaws.com/npm/code-artifact-benchmark-test/ts-api-utils 172ms (cache miss)
npm http fetch GET 200 https://vlt-451504312483.d.codeartifact.us-east-1.amazonaws.com/npm/code-artifact-benchmark-test/@typescript-eslint%2ftsconfig-utils 304ms (cache miss)
npm http fetch GET 200 https://vlt-451504312483.d.codeartifact.us-east-1.amazonaws.com/npm/code-artifact-benchmark-test/@typescript-eslint%2fvisitor-keys 1078ms (cache miss)
npm http fetch GET 200 https://vlt-451504312483.d.codeartifact.us-east-1.amazonaws.com/npm/code-artifact-benchmark-test/@typescript-eslint%2fproject-service 282ms (cache miss)
npm http fetch GET 200 https://vlt-451504312483.d.codeartifact.us-east-1.amazonaws.com/npm/code-artifact-benchmark-test/@typescript-eslint%2fvisitor-keys 1109ms (cache miss)
npm http fetch GET 200 https://vlt-451504312483.d.codeartifact.us-east-1.amazonaws.com/npm/code-artifact-benchmark-test/eslint-visitor-keys 195ms (cache updated)
npm http fetch GET 200 https://vlt-451504312483.d.codeartifact.us-east-1.amazonaws.com/npm/code-artifact-benchmark-test/ms 170ms (cache miss)
npm http fetch GET 200 https://vlt-451504312483.d.codeartifact.us-east-1.amazonaws.com/npm/code-artifact-benchmark-test/brace-expansion 192ms (cache miss)
npm http fetch GET 200 https://vlt-451504312483.d.codeartifact.us-east-1.amazonaws.com/npm/code-artifact-benchmark-test/@typescript-eslint%2ftsconfig-utils 267ms (cache updated)
npm http fetch GET 200 https://vlt-451504312483.d.codeartifact.us-east-1.amazonaws.com/npm/code-artifact-benchmark-test/picomatch 161ms (cache updated)
npm http fetch GET 200 https://vlt-451504312483.d.codeartifact.us-east-1.amazonaws.com/npm/code-artifact-benchmark-test/fdir 213ms (cache updated)
npm http fetch GET 200 https://vlt-451504312483.d.codeartifact.us-east-1.amazonaws.com/npm/code-artifact-benchmark-test/semver 185ms (cache updated)
npm http fetch GET 200 https://vlt-451504312483.d.codeartifact.us-east-1.amazonaws.com/npm/code-artifact-benchmark-test/gensync 191ms (cache miss)
npm http fetch GET 200 https://vlt-451504312483.d.codeartifact.us-east-1.amazonaws.com/npm/code-artifact-benchmark-test/json5 221ms (cache miss)
npm http fetch GET 200 https://vlt-451504312483.d.codeartifact.us-east-1.amazonaws.com/npm/code-artifact-benchmark-test/@babel%2fparser 235ms (cache miss)
npm http fetch GET 200 https://vlt-451504312483.d.codeartifact.us-east-1.amazonaws.com/npm/code-artifact-benchmark-test/@babel%2fhelpers 228ms (cache miss)
npm http fetch GET 200 https://vlt-451504312483.d.codeartifact.us-east-1.amazonaws.com/npm/code-artifact-benchmark-test/@babel%2ftypes 284ms (cache miss)
npm http fetch GET 200 https://vlt-451504312483.d.codeartifact.us-east-1.amazonaws.com/npm/code-artifact-benchmark-test/@babel%2ftemplate 192ms (cache miss)
npm http fetch GET 200 https://vlt-451504312483.d.codeartifact.us-east-1.amazonaws.com/npm/code-artifact-benchmark-test/@babel%2ftraverse 229ms (cache miss)
npm http fetch GET 200 https://vlt-451504312483.d.codeartifact.us-east-1.amazonaws.com/npm/code-artifact-benchmark-test/@babel%2fgenerator 245ms (cache miss)
npm http fetch GET 200 https://vlt-451504312483.d.codeartifact.us-east-1.amazonaws.com/npm/code-artifact-benchmark-test/@babel%2fcode-frame 189ms (cache miss)
npm http fetch GET 200 https://vlt-451504312483.d.codeartifact.us-east-1.amazonaws.com/npm/code-artifact-benchmark-test/convert-source-map 186ms (cache miss)
npm http fetch GET 200 https://vlt-451504312483.d.codeartifact.us-east-1.amazonaws.com/npm/code-artifact-benchmark-test/@jridgewell%2fremapping 172ms (cache miss)
npm http fetch GET 200 https://vlt-451504312483.d.codeartifact.us-east-1.amazonaws.com/npm/code-artifact-benchmark-test/@babel%2fhelper-module-transforms 164ms (cache miss)
npm http fetch GET 200 https://vlt-451504312483.d.codeartifact.us-east-1.amazonaws.com/npm/code-artifact-benchmark-test/@babel%2fhelper-compilation-targets 202ms (cache miss)
npm http fetch GET 200 https://vlt-451504312483.d.codeartifact.us-east-1.amazonaws.com/npm/code-artifact-benchmark-test/@babel%2fhelper-plugin-utils 231ms (cache miss)
npm http fetch GET 200 https://vlt-451504312483.d.codeartifact.us-east-1.amazonaws.com/npm/code-artifact-benchmark-test/@babel%2fhelper-annotate-as-pure 238ms (cache miss)
npm http fetch GET 200 https://vlt-451504312483.d.codeartifact.us-east-1.amazonaws.com/npm/code-artifact-benchmark-test/@babel%2fplugin-syntax-typescript 199ms (cache miss)
npm http fetch GET 200 https://vlt-451504312483.d.codeartifact.us-east-1.amazonaws.com/npm/code-artifact-benchmark-test/@babel%2fhelper-create-class-features-plugin 282ms (cache miss)
npm http fetch GET 200 https://vlt-451504312483.d.codeartifact.us-east-1.amazonaws.com/npm/code-artifact-benchmark-test/@babel%2fhelper-skip-transparent-expression-wrappers 213ms (cache miss)
npm http fetch GET 200 https://vlt-451504312483.d.codeartifact.us-east-1.amazonaws.com/npm/code-artifact-benchmark-test/@vue%2fshared 214ms (cache updated)
npm http fetch GET 200 https://vlt-451504312483.d.codeartifact.us-east-1.amazonaws.com/npm/code-artifact-benchmark-test/@babel%2ftemplate 231ms (cache updated)
npm http fetch GET 200 https://vlt-451504312483.d.codeartifact.us-east-1.amazonaws.com/npm/code-artifact-benchmark-test/@babel%2ftraverse 197ms (cache updated)
npm http fetch GET 200 https://vlt-451504312483.d.codeartifact.us-east-1.amazonaws.com/npm/code-artifact-benchmark-test/@babel%2ftypes 294ms (cache updated)
npm http fetch GET 200 https://vlt-451504312483.d.codeartifact.us-east-1.amazonaws.com/npm/code-artifact-benchmark-test/@babel%2fhelper-module-imports 172ms (cache miss)
npm http fetch GET 200 https://vlt-451504312483.d.codeartifact.us-east-1.amazonaws.com/npm/code-artifact-benchmark-test/@babel%2fhelper-plugin-utils 232ms (cache updated)
npm http fetch GET 200 https://vlt-451504312483.d.codeartifact.us-east-1.amazonaws.com/npm/code-artifact-benchmark-test/@babel%2fplugin-syntax-jsx 268ms (cache miss)
npm http fetch GET 200 https://vlt-451504312483.d.codeartifact.us-east-1.amazonaws.com/npm/code-artifact-benchmark-test/@vue%2fbabel-helper-vue-transform-on 208ms (cache miss)
npm http fetch GET 200 https://vlt-451504312483.d.codeartifact.us-east-1.amazonaws.com/npm/code-artifact-benchmark-test/@vue%2fbabel-plugin-resolve-type 274ms (cache miss)
npm http fetch GET 200 https://vlt-451504312483.d.codeartifact.us-east-1.amazonaws.com/npm/code-artifact-benchmark-test/@babel%2fcore 187ms (cache updated)
npm http fetch GET 200 https://vlt-451504312483.d.codeartifact.us-east-1.amazonaws.com/npm/code-artifact-benchmark-test/picocolors 173ms (cache miss)
npm http fetch GET 200 https://vlt-451504312483.d.codeartifact.us-east-1.amazonaws.com/npm/code-artifact-benchmark-test/js-tokens 228ms (cache miss)
npm http fetch GET 200 https://vlt-451504312483.d.codeartifact.us-east-1.amazonaws.com/npm/code-artifact-benchmark-test/@babel%2fhelper-validator-identifier 253ms (cache miss)
npm http fetch GET 200 https://vlt-451504312483.d.codeartifact.us-east-1.amazonaws.com/npm/code-artifact-benchmark-test/@babel%2fparser 215ms (cache updated)
npm http fetch GET 200 https://vlt-451504312483.d.codeartifact.us-east-1.amazonaws.com/npm/code-artifact-benchmark-test/@jridgewell%2fgen-mapping 162ms (cache miss)
npm http fetch GET 200 https://vlt-451504312483.d.codeartifact.us-east-1.amazonaws.com/npm/code-artifact-benchmark-test/@babel%2ftypes 199ms (cache updated)
npm http fetch GET 200 https://vlt-451504312483.d.codeartifact.us-east-1.amazonaws.com/npm/code-artifact-benchmark-test/@jridgewell%2ftrace-mapping 169ms (cache miss)
npm http fetch GET 200 https://vlt-451504312483.d.codeartifact.us-east-1.amazonaws.com/npm/code-artifact-benchmark-test/jsesc 215ms (cache miss)
npm http fetch GET 200 https://vlt-451504312483.d.codeartifact.us-east-1.amazonaws.com/npm/code-artifact-benchmark-test/@babel%2fhelper-validator-option 152ms (cache miss)
npm http fetch GET 200 https://vlt-451504312483.d.codeartifact.us-east-1.amazonaws.com/npm/code-artifact-benchmark-test/@babel%2fcompat-data 401ms (cache miss)
npm http fetch GET 200 https://vlt-451504312483.d.codeartifact.us-east-1.amazonaws.com/npm/code-artifact-benchmark-test/browserslist 247ms (cache miss)
npm http fetch GET 200 https://vlt-451504312483.d.codeartifact.us-east-1.amazonaws.com/npm/code-artifact-benchmark-test/lru-cache 194ms (cache miss)
npm http fetch GET 200 https://vlt-451504312483.d.codeartifact.us-east-1.amazonaws.com/npm/code-artifact-benchmark-test/@babel%2fhelper-validator-identifier 197ms (cache updated)
npm http fetch GET 200 https://vlt-451504312483.d.codeartifact.us-east-1.amazonaws.com/npm/code-artifact-benchmark-test/@babel%2ftraverse 186ms (cache updated)
npm http fetch GET 200 https://vlt-451504312483.d.codeartifact.us-east-1.amazonaws.com/npm/code-artifact-benchmark-test/@babel%2fhelper-module-imports 303ms (cache updated)
npm http fetch GET 200 https://vlt-451504312483.d.codeartifact.us-east-1.amazonaws.com/npm/code-artifact-benchmark-test/@babel%2ftemplate 167ms (cache updated)
npm http fetch GET 200 https://vlt-451504312483.d.codeartifact.us-east-1.amazonaws.com/npm/code-artifact-benchmark-test/@babel%2ftypes 194ms (cache updated)
npm http fetch GET 200 https://vlt-451504312483.d.codeartifact.us-east-1.amazonaws.com/npm/code-artifact-benchmark-test/@babel%2fhelper-globals 242ms (cache miss)
npm http fetch GET 200 https://vlt-451504312483.d.codeartifact.us-east-1.amazonaws.com/npm/code-artifact-benchmark-test/@babel%2fhelper-string-parser 197ms (cache miss)
npm http fetch GET 200 https://vlt-451504312483.d.codeartifact.us-east-1.amazonaws.com/npm/code-artifact-benchmark-test/@babel%2fhelper-validator-identifier 157ms (cache updated)
npm http fetch GET 200 https://vlt-451504312483.d.codeartifact.us-east-1.amazonaws.com/npm/code-artifact-benchmark-test/@jridgewell%2fgen-mapping 160ms (cache updated)
npm http fetch GET 200 https://vlt-451504312483.d.codeartifact.us-east-1.amazonaws.com/npm/code-artifact-benchmark-test/@jridgewell%2ftrace-mapping 145ms (cache updated)
npm http fetch GET 200 https://vlt-451504312483.d.codeartifact.us-east-1.amazonaws.com/npm/code-artifact-benchmark-test/@jridgewell%2fsourcemap-codec 141ms (cache miss)
npm http fetch GET 200 https://vlt-451504312483.d.codeartifact.us-east-1.amazonaws.com/npm/code-artifact-benchmark-test/@jridgewell%2fresolve-uri 176ms (cache miss)
npm http fetch GET 200 https://vlt-451504312483.d.codeartifact.us-east-1.amazonaws.com/npm/code-artifact-benchmark-test/@jridgewell%2fsourcemap-codec 266ms (cache miss)
npm http fetch GET 200 https://vlt-451504312483.d.codeartifact.us-east-1.amazonaws.com/npm/code-artifact-benchmark-test/@babel%2fcompat-data 164ms (cache updated)
npm http fetch GET 200 https://vlt-451504312483.d.codeartifact.us-east-1.amazonaws.com/npm/code-artifact-benchmark-test/baseline-browser-mapping 282ms (cache miss)
npm http fetch GET 200 https://vlt-451504312483.d.codeartifact.us-east-1.amazonaws.com/npm/code-artifact-benchmark-test/caniuse-lite 336ms (cache miss)
npm http fetch GET 200 https://vlt-451504312483.d.codeartifact.us-east-1.amazonaws.com/npm/code-artifact-benchmark-test/node-releases 197ms (cache miss)
npm http fetch GET 200 https://vlt-451504312483.d.codeartifact.us-east-1.amazonaws.com/npm/code-artifact-benchmark-test/electron-to-chromium 577ms (cache miss)
npm http fetch GET 200 https://vlt-451504312483.d.codeartifact.us-east-1.amazonaws.com/npm/code-artifact-benchmark-test/yallist 159ms (cache miss)
npm http fetch GET 200 https://vlt-451504312483.d.codeartifact.us-east-1.amazonaws.com/npm/code-artifact-benchmark-test/update-browserslist-db 502ms (cache miss)
npm http fetch GET 200 https://vlt-451504312483.d.codeartifact.us-east-1.amazonaws.com/npm/code-artifact-benchmark-test/@babel%2fhelper-module-imports 188ms (cache updated)
npm http fetch GET 200 https://vlt-451504312483.d.codeartifact.us-east-1.amazonaws.com/npm/code-artifact-benchmark-test/@babel%2fhelper-validator-identifier 148ms (cache updated)
npm http fetch GET 200 https://vlt-451504312483.d.codeartifact.us-east-1.amazonaws.com/npm/code-artifact-benchmark-test/@babel%2ftraverse 202ms (cache updated)
npm http fetch GET 200 https://vlt-451504312483.d.codeartifact.us-east-1.amazonaws.com/npm/code-artifact-benchmark-test/@babel%2ftemplate 187ms (cache updated)
npm http fetch GET 200 https://vlt-451504312483.d.codeartifact.us-east-1.amazonaws.com/npm/code-artifact-benchmark-test/@babel%2fcore 215ms (cache updated)
npm http fetch GET 200 https://vlt-451504312483.d.codeartifact.us-east-1.amazonaws.com/npm/code-artifact-benchmark-test/@babel%2fhelper-member-expression-to-functions 178ms (cache miss)
npm http fetch GET 200 https://vlt-451504312483.d.codeartifact.us-east-1.amazonaws.com/npm/code-artifact-benchmark-test/@babel%2fhelper-replace-supers 193ms (cache miss)
npm http fetch GET 200 https://vlt-451504312483.d.codeartifact.us-east-1.amazonaws.com/npm/code-artifact-benchmark-test/@babel%2fhelper-optimise-call-expression 230ms (cache miss)
npm http fetch GET 200 https://vlt-451504312483.d.codeartifact.us-east-1.amazonaws.com/npm/code-artifact-benchmark-test/@babel%2fhelper-plugin-utils 171ms (cache updated)
npm http fetch GET 200 https://vlt-451504312483.d.codeartifact.us-east-1.amazonaws.com/npm/code-artifact-benchmark-test/@babel%2ftraverse 203ms (cache updated)
npm http fetch GET 200 https://vlt-451504312483.d.codeartifact.us-east-1.amazonaws.com/npm/code-artifact-benchmark-test/@babel%2ftraverse 213ms (cache updated)
npm http fetch GET 200 https://vlt-451504312483.d.codeartifact.us-east-1.amazonaws.com/npm/code-artifact-benchmark-test/@babel%2ftraverse 232ms (cache updated)
npm http fetch GET 200 https://vlt-451504312483.d.codeartifact.us-east-1.amazonaws.com/npm/code-artifact-benchmark-test/@babel%2ftraverse 199ms (cache updated)
npm http fetch GET 200 https://vlt-451504312483.d.codeartifact.us-east-1.amazonaws.com/npm/code-artifact-benchmark-test/@babel%2fhelper-plugin-utils 168ms (cache updated)
npm http fetch GET 200 https://vlt-451504312483.d.codeartifact.us-east-1.amazonaws.com/npm/code-artifact-benchmark-test/@babel%2fhelper-string-parser 202ms (cache updated)
npm http fetch GET 200 https://vlt-451504312483.d.codeartifact.us-east-1.amazonaws.com/npm/code-artifact-benchmark-test/@babel%2fhelper-validator-identifier 183ms (cache updated)
npm http fetch GET 200 https://vlt-451504312483.d.codeartifact.us-east-1.amazonaws.com/npm/code-artifact-benchmark-test/@vue%2fcompiler-sfc 255ms (cache updated)
npm http fetch GET 200 https://vlt-451504312483.d.codeartifact.us-east-1.amazonaws.com/npm/code-artifact-benchmark-test/estree-walker 182ms (cache miss)
npm http fetch GET 200 https://vlt-451504312483.d.codeartifact.us-east-1.amazonaws.com/npm/code-artifact-benchmark-test/postcss 278ms (cache updated)
npm http fetch GET 200 https://vlt-451504312483.d.codeartifact.us-east-1.amazonaws.com/npm/code-artifact-benchmark-test/magic-string 298ms (cache updated)
npm http fetch GET 200 https://vlt-451504312483.d.codeartifact.us-east-1.amazonaws.com/npm/code-artifact-benchmark-test/source-map-js 162ms (cache miss)
npm http fetch GET 200 https://vlt-451504312483.d.codeartifact.us-east-1.amazonaws.com/npm/code-artifact-benchmark-test/@vue%2fcompiler-ssr 214ms (cache miss)
npm http fetch GET 200 https://vlt-451504312483.d.codeartifact.us-east-1.amazonaws.com/npm/code-artifact-benchmark-test/entities 179ms (cache updated)
npm http fetch GET 200 https://vlt-451504312483.d.codeartifact.us-east-1.amazonaws.com/npm/code-artifact-benchmark-test/nanoid 256ms (cache miss)
npm http fetch GET 200 https://vlt-451504312483.d.codeartifact.us-east-1.amazonaws.com/npm/code-artifact-benchmark-test/eslint 329ms (cache updated)
npm http fetch GET 200 https://vlt-451504312483.d.codeartifact.us-east-1.amazonaws.com/npm/code-artifact-benchmark-test/@types%2feslint 175ms (cache miss)
npm http fetch GET 200 https://vlt-451504312483.d.codeartifact.us-east-1.amazonaws.com/npm/code-artifact-benchmark-test/prettier 224ms (cache updated)
npm http fetch GET 200 https://vlt-451504312483.d.codeartifact.us-east-1.amazonaws.com/npm/code-artifact-benchmark-test/prettier-linter-helpers 137ms (cache miss)
npm http fetch GET 200 https://vlt-451504312483.d.codeartifact.us-east-1.amazonaws.com/npm/code-artifact-benchmark-test/synckit 202ms (cache miss)
npm http fetch GET 200 https://vlt-451504312483.d.codeartifact.us-east-1.amazonaws.com/npm/code-artifact-benchmark-test/eslint 320ms (cache updated)
npm http fetch GET 200 https://vlt-451504312483.d.codeartifact.us-east-1.amazonaws.com/npm/code-artifact-benchmark-test/typescript 1357ms (cache updated)
npm http fetch GET 200 https://vlt-451504312483.d.codeartifact.us-east-1.amazonaws.com/npm/code-artifact-benchmark-test/glob-parent 185ms (cache updated)
npm http fetch GET 200 https://vlt-451504312483.d.codeartifact.us-east-1.amazonaws.com/npm/code-artifact-benchmark-test/@nodelib%2ffs.walk 192ms (cache miss)
npm http fetch GET 200 https://vlt-451504312483.d.codeartifact.us-east-1.amazonaws.com/npm/code-artifact-benchmark-test/@nodelib%2ffs.stat 212ms (cache miss)
npm http fetch GET 200 https://vlt-451504312483.d.codeartifact.us-east-1.amazonaws.com/npm/code-artifact-benchmark-test/merge2 176ms (cache miss)
npm http fetch GET 200 https://vlt-451504312483.d.codeartifact.us-east-1.amazonaws.com/npm/code-artifact-benchmark-test/micromatch 185ms (cache miss)
npm http fetch GET 200 https://vlt-451504312483.d.codeartifact.us-east-1.amazonaws.com/npm/code-artifact-benchmark-test/eslint-scope 140ms (cache updated)
npm http fetch GET 200 https://vlt-451504312483.d.codeartifact.us-east-1.amazonaws.com/npm/code-artifact-benchmark-test/eslint-visitor-keys 149ms (cache updated)
npm http fetch GET 200 https://vlt-451504312483.d.codeartifact.us-east-1.amazonaws.com/npm/code-artifact-benchmark-test/espree 177ms (cache updated)
npm http fetch GET 200 https://vlt-451504312483.d.codeartifact.us-east-1.amazonaws.com/npm/code-artifact-benchmark-test/esquery 158ms (cache updated)
npm http fetch GET 200 https://vlt-451504312483.d.codeartifact.us-east-1.amazonaws.com/npm/code-artifact-benchmark-test/@typescript-eslint%2fparser 1354ms (cache miss)
npm http fetch GET 200 https://vlt-451504312483.d.codeartifact.us-east-1.amazonaws.com/npm/code-artifact-benchmark-test/@typescript-eslint%2feslint-plugin 1572ms (cache miss)
npm http fetch GET 200 https://vlt-451504312483.d.codeartifact.us-east-1.amazonaws.com/npm/code-artifact-benchmark-test/editorconfig 184ms (cache miss)
npm http fetch GET 200 https://vlt-451504312483.d.codeartifact.us-east-1.amazonaws.com/npm/code-artifact-benchmark-test/glob 203ms (cache miss)
npm http fetch GET 200 https://vlt-451504312483.d.codeartifact.us-east-1.amazonaws.com/npm/code-artifact-benchmark-test/config-chain 214ms (cache miss)
npm http fetch GET 200 https://vlt-451504312483.d.codeartifact.us-east-1.amazonaws.com/npm/code-artifact-benchmark-test/nopt 165ms (cache miss)
npm http fetch GET 200 https://vlt-451504312483.d.codeartifact.us-east-1.amazonaws.com/npm/code-artifact-benchmark-test/js-cookie 224ms (cache miss)
npm http fetch GET 200 https://vlt-451504312483.d.codeartifact.us-east-1.amazonaws.com/npm/code-artifact-benchmark-test/browserslist 192ms (cache updated)
npm http fetch GET 200 https://vlt-451504312483.d.codeartifact.us-east-1.amazonaws.com/npm/code-artifact-benchmark-test/escalade 193ms (cache miss)
npm http fetch GET 200 https://vlt-451504312483.d.codeartifact.us-east-1.amazonaws.com/npm/code-artifact-benchmark-test/@eslint%2fobject-schema 154ms (cache miss)
npm http fetch GET 200 https://vlt-451504312483.d.codeartifact.us-east-1.amazonaws.com/npm/code-artifact-benchmark-test/espree 191ms (cache updated)
npm http fetch GET 200 https://vlt-451504312483.d.codeartifact.us-east-1.amazonaws.com/npm/code-artifact-benchmark-test/@types%2fjson-schema 245ms (cache miss)
npm http fetch GET 200 https://vlt-451504312483.d.codeartifact.us-east-1.amazonaws.com/npm/code-artifact-benchmark-test/globals 188ms (cache updated)
npm http fetch GET 200 https://vlt-451504312483.d.codeartifact.us-east-1.amazonaws.com/npm/code-artifact-benchmark-test/import-fresh 157ms (cache miss)
npm http fetch GET 200 https://vlt-451504312483.d.codeartifact.us-east-1.amazonaws.com/npm/code-artifact-benchmark-test/js-yaml 239ms (cache miss)
npm http fetch GET 200 https://vlt-451504312483.d.codeartifact.us-east-1.amazonaws.com/npm/code-artifact-benchmark-test/strip-json-comments 174ms (cache miss)
npm http fetch GET 200 https://vlt-451504312483.d.codeartifact.us-east-1.amazonaws.com/npm/code-artifact-benchmark-test/levn 174ms (cache miss)
npm http fetch GET 200 https://vlt-451504312483.d.codeartifact.us-east-1.amazonaws.com/npm/code-artifact-benchmark-test/fast-deep-equal 147ms (cache updated)
npm http fetch GET 200 https://vlt-451504312483.d.codeartifact.us-east-1.amazonaws.com/npm/code-artifact-benchmark-test/@humanfs%2fcore 200ms (cache miss)
npm http fetch GET 200 https://vlt-451504312483.d.codeartifact.us-east-1.amazonaws.com/npm/code-artifact-benchmark-test/@humanfs%2ftypes 250ms (cache miss)
npm http fetch GET 200 https://vlt-451504312483.d.codeartifact.us-east-1.amazonaws.com/npm/code-artifact-benchmark-test/fast-json-stable-stringify 135ms (cache miss)
npm http fetch GET 200 https://vlt-451504312483.d.codeartifact.us-east-1.amazonaws.com/npm/code-artifact-benchmark-test/uri-js 146ms (cache miss)
npm http fetch GET 200 https://vlt-451504312483.d.codeartifact.us-east-1.amazonaws.com/npm/code-artifact-benchmark-test/json-schema-traverse 246ms (cache miss)
npm http fetch GET 200 https://vlt-451504312483.d.codeartifact.us-east-1.amazonaws.com/npm/code-artifact-benchmark-test/ansi-styles 155ms (cache updated)
npm http fetch GET 200 https://vlt-451504312483.d.codeartifact.us-east-1.amazonaws.com/npm/code-artifact-benchmark-test/which 134ms (cache updated)
npm http fetch GET 200 https://vlt-451504312483.d.codeartifact.us-east-1.amazonaws.com/npm/code-artifact-benchmark-test/supports-color 173ms (cache miss)
npm http fetch GET 200 https://vlt-451504312483.d.codeartifact.us-east-1.amazonaws.com/npm/code-artifact-benchmark-test/path-key 130ms (cache miss)
npm http fetch GET 200 https://vlt-451504312483.d.codeartifact.us-east-1.amazonaws.com/npm/code-artifact-benchmark-test/shebang-command 175ms (cache miss)
npm http fetch GET 200 https://vlt-451504312483.d.codeartifact.us-east-1.amazonaws.com/npm/code-artifact-benchmark-test/estraverse 161ms (cache miss)
npm http fetch GET 200 https://vlt-451504312483.d.codeartifact.us-east-1.amazonaws.com/npm/code-artifact-benchmark-test/esrecurse 170ms (cache miss)
npm http fetch GET 200 https://vlt-451504312483.d.codeartifact.us-east-1.amazonaws.com/npm/code-artifact-benchmark-test/acorn 164ms (cache miss)
npm http fetch GET 200 https://vlt-451504312483.d.codeartifact.us-east-1.amazonaws.com/npm/code-artifact-benchmark-test/acorn-jsx 156ms (cache miss)
npm http fetch GET 200 https://vlt-451504312483.d.codeartifact.us-east-1.amazonaws.com/npm/code-artifact-benchmark-test/estraverse 157ms (cache updated)
npm http fetch GET 200 https://vlt-451504312483.d.codeartifact.us-east-1.amazonaws.com/npm/code-artifact-benchmark-test/locate-path 146ms (cache miss)
npm http fetch GET 200 https://vlt-451504312483.d.codeartifact.us-east-1.amazonaws.com/npm/code-artifact-benchmark-test/path-exists 145ms (cache miss)
npm http fetch GET 200 https://vlt-451504312483.d.codeartifact.us-east-1.amazonaws.com/npm/code-artifact-benchmark-test/flat-cache 168ms (cache miss)
npm http fetch GET 200 https://vlt-451504312483.d.codeartifact.us-east-1.amazonaws.com/npm/code-artifact-benchmark-test/brace-expansion 136ms (cache updated)
npm http fetch GET 200 https://vlt-451504312483.d.codeartifact.us-east-1.amazonaws.com/npm/code-artifact-benchmark-test/is-glob 159ms (cache updated)
npm http fetch GET 200 https://vlt-451504312483.d.codeartifact.us-east-1.amazonaws.com/npm/code-artifact-benchmark-test/is-extglob 161ms (cache miss)
npm http fetch GET 200 https://vlt-451504312483.d.codeartifact.us-east-1.amazonaws.com/npm/code-artifact-benchmark-test/prelude-ls 132ms (cache miss)
npm http fetch GET 200 https://vlt-451504312483.d.codeartifact.us-east-1.amazonaws.com/npm/code-artifact-benchmark-test/word-wrap 135ms (cache miss)
npm http fetch GET 200 https://vlt-451504312483.d.codeartifact.us-east-1.amazonaws.com/npm/code-artifact-benchmark-test/deep-is 220ms (cache miss)
npm http fetch GET 200 https://vlt-451504312483.d.codeartifact.us-east-1.amazonaws.com/npm/code-artifact-benchmark-test/type-check 176ms (cache miss)
npm http fetch GET 200 https://vlt-451504312483.d.codeartifact.us-east-1.amazonaws.com/npm/code-artifact-benchmark-test/fast-levenshtein 285ms (cache miss)
npm http fetch GET 200 https://vlt-451504312483.d.codeartifact.us-east-1.amazonaws.com/npm/code-artifact-benchmark-test/resolve-from 147ms (cache miss)
npm http fetch GET 200 https://vlt-451504312483.d.codeartifact.us-east-1.amazonaws.com/npm/code-artifact-benchmark-test/argparse 162ms (cache miss)
npm http fetch GET 200 https://vlt-451504312483.d.codeartifact.us-east-1.amazonaws.com/npm/code-artifact-benchmark-test/parent-module 165ms (cache miss)
npm http fetch GET 200 https://vlt-451504312483.d.codeartifact.us-east-1.amazonaws.com/npm/code-artifact-benchmark-test/punycode 148ms (cache miss)
npm http fetch GET 200 https://vlt-451504312483.d.codeartifact.us-east-1.amazonaws.com/npm/code-artifact-benchmark-test/has-flag 142ms (cache miss)
npm http fetch GET 200 https://vlt-451504312483.d.codeartifact.us-east-1.amazonaws.com/npm/code-artifact-benchmark-test/color-convert 298ms (cache miss)
npm http fetch GET 200 https://vlt-451504312483.d.codeartifact.us-east-1.amazonaws.com/npm/code-artifact-benchmark-test/color-name 143ms (cache miss)
npm http fetch GET 200 https://vlt-451504312483.d.codeartifact.us-east-1.amazonaws.com/npm/code-artifact-benchmark-test/shebang-regex 173ms (cache miss)
npm http fetch GET 200 https://vlt-451504312483.d.codeartifact.us-east-1.amazonaws.com/npm/code-artifact-benchmark-test/isexe 177ms (cache miss)
npm http fetch GET 200 https://vlt-451504312483.d.codeartifact.us-east-1.amazonaws.com/npm/code-artifact-benchmark-test/@pkgr%2fcore 133ms (cache miss)
npm http fetch GET 200 https://vlt-451504312483.d.codeartifact.us-east-1.amazonaws.com/npm/code-artifact-benchmark-test/fast-diff 174ms (cache miss)
npm http fetch GET 200 https://vlt-451504312483.d.codeartifact.us-east-1.amazonaws.com/npm/code-artifact-benchmark-test/eslint 364ms (cache updated)
npm http fetch GET 200 https://vlt-451504312483.d.codeartifact.us-east-1.amazonaws.com/npm/code-artifact-benchmark-test/type-fest 178ms (cache miss)
npm http fetch GET 200 https://vlt-451504312483.d.codeartifact.us-east-1.amazonaws.com/npm/code-artifact-benchmark-test/boolbase 185ms (cache miss)
npm http fetch GET 200 https://vlt-451504312483.d.codeartifact.us-east-1.amazonaws.com/npm/code-artifact-benchmark-test/cssesc 197ms (cache miss)
npm http fetch GET 200 https://vlt-451504312483.d.codeartifact.us-east-1.amazonaws.com/npm/code-artifact-benchmark-test/util-deprecate 152ms (cache miss)
npm http fetch GET 200 https://vlt-451504312483.d.codeartifact.us-east-1.amazonaws.com/npm/code-artifact-benchmark-test/espree 176ms (cache updated)
npm http fetch GET 200 https://vlt-451504312483.d.codeartifact.us-east-1.amazonaws.com/npm/code-artifact-benchmark-test/lodash 210ms (cache miss)
npm http fetch GET 200 https://vlt-451504312483.d.codeartifact.us-east-1.amazonaws.com/npm/code-artifact-benchmark-test/eslint-scope 184ms (cache updated)
npm http fetch GET 200 https://vlt-451504312483.d.codeartifact.us-east-1.amazonaws.com/npm/code-artifact-benchmark-test/fastq 144ms (cache miss)
npm http fetch GET 200 https://vlt-451504312483.d.codeartifact.us-east-1.amazonaws.com/npm/code-artifact-benchmark-test/@nodelib%2ffs.scandir 149ms (cache miss)
npm http fetch GET 200 https://vlt-451504312483.d.codeartifact.us-east-1.amazonaws.com/npm/code-artifact-benchmark-test/braces 178ms (cache miss)
npm http fetch GET 200 https://vlt-451504312483.d.codeartifact.us-east-1.amazonaws.com/npm/code-artifact-benchmark-test/picomatch 233ms (cache updated)
npm http fetch GET 200 https://vlt-451504312483.d.codeartifact.us-east-1.amazonaws.com/npm/code-artifact-benchmark-test/run-parallel 151ms (cache miss)
npm http fetch GET 200 https://vlt-451504312483.d.codeartifact.us-east-1.amazonaws.com/npm/code-artifact-benchmark-test/reusify 174ms (cache miss)
npm http fetch GET 200 https://vlt-451504312483.d.codeartifact.us-east-1.amazonaws.com/npm/code-artifact-benchmark-test/queue-microtask 147ms (cache miss)
npm http fetch GET 200 https://vlt-451504312483.d.codeartifact.us-east-1.amazonaws.com/npm/code-artifact-benchmark-test/keyv 160ms (cache miss)
npm http fetch GET 200 https://vlt-451504312483.d.codeartifact.us-east-1.amazonaws.com/npm/code-artifact-benchmark-test/flatted 175ms (cache miss)
npm http fetch GET 200 https://vlt-451504312483.d.codeartifact.us-east-1.amazonaws.com/npm/code-artifact-benchmark-test/p-locate 149ms (cache miss)
npm http fetch GET 200 https://vlt-451504312483.d.codeartifact.us-east-1.amazonaws.com/npm/code-artifact-benchmark-test/json-buffer 234ms (cache miss)
npm http fetch GET 200 https://vlt-451504312483.d.codeartifact.us-east-1.amazonaws.com/npm/code-artifact-benchmark-test/callsites 203ms (cache miss)
npm http fetch GET 200 https://vlt-451504312483.d.codeartifact.us-east-1.amazonaws.com/npm/code-artifact-benchmark-test/proto-list 144ms (cache miss)
npm http fetch GET 200 https://vlt-451504312483.d.codeartifact.us-east-1.amazonaws.com/npm/code-artifact-benchmark-test/ini 227ms (cache miss)
npm http fetch GET 200 https://vlt-451504312483.d.codeartifact.us-east-1.amazonaws.com/npm/code-artifact-benchmark-test/commander 230ms (cache miss)
npm http fetch GET 200 https://vlt-451504312483.d.codeartifact.us-east-1.amazonaws.com/npm/code-artifact-benchmark-test/minimatch 170ms (cache updated)
npm http fetch GET 200 https://vlt-451504312483.d.codeartifact.us-east-1.amazonaws.com/npm/code-artifact-benchmark-test/@one-ini%2fwasm 421ms (cache miss)
npm http fetch GET 200 https://vlt-451504312483.d.codeartifact.us-east-1.amazonaws.com/npm/code-artifact-benchmark-test/minipass 172ms (cache miss)
npm http fetch GET 200 https://vlt-451504312483.d.codeartifact.us-east-1.amazonaws.com/npm/code-artifact-benchmark-test/jackspeak 166ms (cache miss)
npm http fetch GET 200 https://vlt-451504312483.d.codeartifact.us-east-1.amazonaws.com/npm/code-artifact-benchmark-test/minimatch 157ms (cache updated)
npm http fetch GET 200 https://vlt-451504312483.d.codeartifact.us-east-1.amazonaws.com/npm/code-artifact-benchmark-test/path-scurry 161ms (cache miss)
npm http fetch GET 200 https://vlt-451504312483.d.codeartifact.us-east-1.amazonaws.com/npm/code-artifact-benchmark-test/package-json-from-dist 136ms (cache miss)
npm http fetch GET 200 https://vlt-451504312483.d.codeartifact.us-east-1.amazonaws.com/npm/code-artifact-benchmark-test/foreground-child 267ms (cache miss)
npm http fetch GET 200 https://vlt-451504312483.d.codeartifact.us-east-1.amazonaws.com/npm/code-artifact-benchmark-test/abbrev 144ms (cache miss)
npm http fetch GET 200 https://vlt-451504312483.d.codeartifact.us-east-1.amazonaws.com/npm/code-artifact-benchmark-test/brace-expansion 157ms (cache updated)
npm http fetch GET 200 https://vlt-451504312483.d.codeartifact.us-east-1.amazonaws.com/npm/code-artifact-benchmark-test/signal-exit 206ms (cache miss)
npm http fetch GET 200 https://vlt-451504312483.d.codeartifact.us-east-1.amazonaws.com/npm/code-artifact-benchmark-test/@isaacs%2fcliui 211ms (cache miss)
npm http fetch GET 200 https://vlt-451504312483.d.codeartifact.us-east-1.amazonaws.com/npm/code-artifact-benchmark-test/lru-cache 218ms (cache updated)
npm http fetch GET 200 https://vlt-451504312483.d.codeartifact.us-east-1.amazonaws.com/npm/code-artifact-benchmark-test/@pkgjs%2fparseargs 435ms (cache miss)
npm http fetch GET 200 https://vlt-451504312483.d.codeartifact.us-east-1.amazonaws.com/npm/code-artifact-benchmark-test/string-width 149ms (cache miss)
npm http fetch GET 200 https://vlt-451504312483.d.codeartifact.us-east-1.amazonaws.com/npm/code-artifact-benchmark-test/strip-ansi 188ms (cache miss)
npm http fetch GET 200 https://vlt-451504312483.d.codeartifact.us-east-1.amazonaws.com/npm/code-artifact-benchmark-test/wrap-ansi 147ms (cache miss)
npm http fetch GET 200 https://vlt-451504312483.d.codeartifact.us-east-1.amazonaws.com/npm/code-artifact-benchmark-test/wrap-ansi 342ms (cache miss)
npm http fetch GET 200 https://vlt-451504312483.d.codeartifact.us-east-1.amazonaws.com/npm/code-artifact-benchmark-test/strip-ansi 157ms (cache updated)
npm http fetch GET 200 https://vlt-451504312483.d.codeartifact.us-east-1.amazonaws.com/npm/code-artifact-benchmark-test/string-width 287ms (cache updated)
npm http fetch GET 200 https://vlt-451504312483.d.codeartifact.us-east-1.amazonaws.com/npm/code-artifact-benchmark-test/emoji-regex 168ms (cache miss)
npm http fetch GET 200 https://vlt-451504312483.d.codeartifact.us-east-1.amazonaws.com/npm/code-artifact-benchmark-test/eastasianwidth 171ms (cache miss)
npm http fetch GET 200 https://vlt-451504312483.d.codeartifact.us-east-1.amazonaws.com/npm/code-artifact-benchmark-test/strip-ansi 173ms (cache updated)
npm http fetch GET 200 https://vlt-451504312483.d.codeartifact.us-east-1.amazonaws.com/npm/code-artifact-benchmark-test/ansi-regex 166ms (cache miss)
npm http fetch GET 200 https://vlt-451504312483.d.codeartifact.us-east-1.amazonaws.com/npm/code-artifact-benchmark-test/emoji-regex 173ms (cache updated)
npm http fetch GET 200 https://vlt-451504312483.d.codeartifact.us-east-1.amazonaws.com/npm/code-artifact-benchmark-test/is-fullwidth-code-point 206ms (cache miss)
npm http fetch GET 200 https://vlt-451504312483.d.codeartifact.us-east-1.amazonaws.com/npm/code-artifact-benchmark-test/ansi-regex 155ms (cache updated)
npm http fetch GET 200 https://vlt-451504312483.d.codeartifact.us-east-1.amazonaws.com/npm/code-artifact-benchmark-test/strip-ansi 137ms (cache updated)
npm http fetch GET 200 https://vlt-451504312483.d.codeartifact.us-east-1.amazonaws.com/npm/code-artifact-benchmark-test/ansi-styles 173ms (cache updated)
npm http fetch GET 200 https://vlt-451504312483.d.codeartifact.us-east-1.amazonaws.com/npm/code-artifact-benchmark-test/string-width 139ms (cache updated)
npm http fetch GET 200 https://vlt-451504312483.d.codeartifact.us-east-1.amazonaws.com/npm/code-artifact-benchmark-test/bufferutil 167ms (cache miss)
npm http fetch GET 200 https://vlt-451504312483.d.codeartifact.us-east-1.amazonaws.com/npm/code-artifact-benchmark-test/utf-8-validate 216ms (cache miss)
npm http fetch GET 200 https://vlt-451504312483.d.codeartifact.us-east-1.amazonaws.com/npm/code-artifact-benchmark-test/asynckit 148ms (cache miss)
npm http fetch GET 200 https://vlt-451504312483.d.codeartifact.us-east-1.amazonaws.com/npm/code-artifact-benchmark-test/combined-stream 167ms (cache miss)
npm http fetch GET 200 https://vlt-451504312483.d.codeartifact.us-east-1.amazonaws.com/npm/code-artifact-benchmark-test/@asamuzakjp%2fcss-color 248ms (cache miss)
npm http fetch GET 200 https://vlt-451504312483.d.codeartifact.us-east-1.amazonaws.com/npm/code-artifact-benchmark-test/es-set-tostringtag 141ms (cache miss)
npm http fetch GET 200 https://vlt-451504312483.d.codeartifact.us-east-1.amazonaws.com/npm/code-artifact-benchmark-test/hasown 167ms (cache miss)
npm http fetch GET 200 https://vlt-451504312483.d.codeartifact.us-east-1.amazonaws.com/npm/code-artifact-benchmark-test/mime-types 199ms (cache miss)
npm http fetch GET 200 https://vlt-451504312483.d.codeartifact.us-east-1.amazonaws.com/npm/code-artifact-benchmark-test/agent-base 155ms (cache miss)
npm http fetch GET 200 https://vlt-451504312483.d.codeartifact.us-east-1.amazonaws.com/npm/code-artifact-benchmark-test/agent-base 206ms (cache miss)
npm http fetch GET 200 https://vlt-451504312483.d.codeartifact.us-east-1.amazonaws.com/npm/code-artifact-benchmark-test/xmlchars 183ms (cache miss)
npm http fetch GET 200 https://vlt-451504312483.d.codeartifact.us-east-1.amazonaws.com/npm/code-artifact-benchmark-test/iconv-lite 185ms (cache miss)
npm http fetch GET 200 https://vlt-451504312483.d.codeartifact.us-east-1.amazonaws.com/npm/code-artifact-benchmark-test/tldts 431ms (cache miss)
npm http fetch GET 200 https://vlt-451504312483.d.codeartifact.us-east-1.amazonaws.com/npm/code-artifact-benchmark-test/tr46 689ms (cache miss)
npm http fetch GET 200 https://vlt-451504312483.d.codeartifact.us-east-1.amazonaws.com/npm/code-artifact-benchmark-test/@csstools%2fcss-calc 155ms (cache miss)
npm http fetch GET 200 https://vlt-451504312483.d.codeartifact.us-east-1.amazonaws.com/npm/code-artifact-benchmark-test/lru-cache 185ms (cache updated)
npm http fetch GET 200 https://vlt-451504312483.d.codeartifact.us-east-1.amazonaws.com/npm/code-artifact-benchmark-test/@csstools%2fcss-tokenizer 190ms (cache miss)
npm http fetch GET 200 https://vlt-451504312483.d.codeartifact.us-east-1.amazonaws.com/npm/code-artifact-benchmark-test/@csstools%2fcss-color-parser 185ms (cache miss)
npm http fetch GET 200 https://vlt-451504312483.d.codeartifact.us-east-1.amazonaws.com/npm/code-artifact-benchmark-test/@csstools%2fcss-parser-algorithms 185ms (cache miss)
npm http fetch GET 200 https://vlt-451504312483.d.codeartifact.us-east-1.amazonaws.com/npm/code-artifact-benchmark-test/@csstools%2fcolor-helpers 157ms (cache miss)
npm http fetch GET 200 https://vlt-451504312483.d.codeartifact.us-east-1.amazonaws.com/npm/code-artifact-benchmark-test/delayed-stream 129ms (cache miss)
npm http fetch GET 200 https://vlt-451504312483.d.codeartifact.us-east-1.amazonaws.com/npm/code-artifact-benchmark-test/get-intrinsic 138ms (cache miss)
npm http fetch GET 200 https://vlt-451504312483.d.codeartifact.us-east-1.amazonaws.com/npm/code-artifact-benchmark-test/es-errors 151ms (cache miss)
npm http fetch GET 200 https://vlt-451504312483.d.codeartifact.us-east-1.amazonaws.com/npm/code-artifact-benchmark-test/function-bind 146ms (cache miss)
npm http fetch GET 200 https://vlt-451504312483.d.codeartifact.us-east-1.amazonaws.com/npm/code-artifact-benchmark-test/has-tostringtag 164ms (cache miss)
npm http fetch GET 200 https://vlt-451504312483.d.codeartifact.us-east-1.amazonaws.com/npm/code-artifact-benchmark-test/mime-db 361ms (cache miss)
npm http fetch GET 200 https://vlt-451504312483.d.codeartifact.us-east-1.amazonaws.com/npm/code-artifact-benchmark-test/gopd 143ms (cache miss)
npm http fetch GET 200 https://vlt-451504312483.d.codeartifact.us-east-1.amazonaws.com/npm/code-artifact-benchmark-test/get-proto 161ms (cache miss)
npm http fetch GET 200 https://vlt-451504312483.d.codeartifact.us-east-1.amazonaws.com/npm/code-artifact-benchmark-test/has-symbols 231ms (cache miss)
npm http fetch GET 200 https://vlt-451504312483.d.codeartifact.us-east-1.amazonaws.com/npm/code-artifact-benchmark-test/es-object-atoms 153ms (cache miss)
npm http fetch GET 200 https://vlt-451504312483.d.codeartifact.us-east-1.amazonaws.com/npm/code-artifact-benchmark-test/math-intrinsics 155ms (cache miss)
npm http fetch GET 200 https://vlt-451504312483.d.codeartifact.us-east-1.amazonaws.com/npm/code-artifact-benchmark-test/es-define-property 148ms (cache miss)
npm http fetch GET 200 https://vlt-451504312483.d.codeartifact.us-east-1.amazonaws.com/npm/code-artifact-benchmark-test/call-bind-apply-helpers 218ms (cache miss)
npm http fetch GET 200 https://vlt-451504312483.d.codeartifact.us-east-1.amazonaws.com/npm/code-artifact-benchmark-test/dunder-proto 173ms (cache miss)
npm http fetch GET 200 https://vlt-451504312483.d.codeartifact.us-east-1.amazonaws.com/npm/code-artifact-benchmark-test/p-limit 163ms (cache miss)
npm http fetch GET 200 https://vlt-451504312483.d.codeartifact.us-east-1.amazonaws.com/npm/code-artifact-benchmark-test/fill-range 175ms (cache miss)
npm http fetch GET 200 https://vlt-451504312483.d.codeartifact.us-east-1.amazonaws.com/npm/code-artifact-benchmark-test/to-regex-range 141ms (cache miss)
npm http fetch GET 200 https://vlt-451504312483.d.codeartifact.us-east-1.amazonaws.com/npm/code-artifact-benchmark-test/is-number 216ms (cache miss)
npm http fetch GET 200 https://vlt-451504312483.d.codeartifact.us-east-1.amazonaws.com/npm/code-artifact-benchmark-test/balanced-match 182ms (cache miss)
npm http fetch GET 200 https://vlt-451504312483.d.codeartifact.us-east-1.amazonaws.com/npm/code-artifact-benchmark-test/json-parse-even-better-errors 146ms (cache miss)
npm http fetch GET 200 https://vlt-451504312483.d.codeartifact.us-east-1.amazonaws.com/npm/code-artifact-benchmark-test/npm-normalize-package-bin 413ms (cache miss)
npm http fetch GET 200 https://vlt-451504312483.d.codeartifact.us-east-1.amazonaws.com/npm/code-artifact-benchmark-test/yocto-queue 340ms (cache miss)
npm http fetch GET 200 https://vlt-451504312483.d.codeartifact.us-east-1.amazonaws.com/npm/code-artifact-benchmark-test/@vue%2fcomposition-api 203ms (cache miss)
npm http fetch GET 200 https://vlt-451504312483.d.codeartifact.us-east-1.amazonaws.com/npm/code-artifact-benchmark-test/vue 334ms (cache updated)
npm http fetch GET 200 https://vlt-451504312483.d.codeartifact.us-east-1.amazonaws.com/npm/code-artifact-benchmark-test/vue 367ms (cache updated)
npm http fetch GET 200 https://vlt-451504312483.d.codeartifact.us-east-1.amazonaws.com/npm/code-artifact-benchmark-test/typescript 1665ms (cache updated)
npm http fetch GET 200 https://vlt-451504312483.d.codeartifact.us-east-1.amazonaws.com/npm/code-artifact-benchmark-test/tldts-core 410ms (cache miss)
npm http fetch GET 200 https://vlt-451504312483.d.codeartifact.us-east-1.amazonaws.com/npm/code-artifact-benchmark-test/ignore 203ms (cache updated)
npm http fetch GET 200 https://vlt-451504312483.d.codeartifact.us-east-1.amazonaws.com/npm/code-artifact-benchmark-test/@typescript-eslint%2ftype-utils 924ms (cache miss)
npm http fetch GET 200 https://vlt-451504312483.d.codeartifact.us-east-1.amazonaws.com/npm/code-artifact-benchmark-test/@esbuild%2flinux-arm 162ms (cache miss)
npm http fetch GET 200 https://vlt-451504312483.d.codeartifact.us-east-1.amazonaws.com/npm/code-artifact-benchmark-test/@esbuild%2flinux-x64 183ms (cache miss)
npm http fetch GET 200 https://vlt-451504312483.d.codeartifact.us-east-1.amazonaws.com/npm/code-artifact-benchmark-test/@esbuild%2faix-ppc64 186ms (cache miss)
npm http fetch GET 200 https://vlt-451504312483.d.codeartifact.us-east-1.amazonaws.com/npm/code-artifact-benchmark-test/@esbuild%2fwin32-x64 160ms (cache miss)
npm http fetch GET 200 https://vlt-451504312483.d.codeartifact.us-east-1.amazonaws.com/npm/code-artifact-benchmark-test/@esbuild%2fsunos-x64 187ms (cache miss)
npm http fetch GET 200 https://vlt-451504312483.d.codeartifact.us-east-1.amazonaws.com/npm/code-artifact-benchmark-test/@esbuild%2fdarwin-x64 203ms (cache miss)
npm http fetch GET 200 https://vlt-451504312483.d.codeartifact.us-east-1.amazonaws.com/npm/code-artifact-benchmark-test/@esbuild%2flinux-ia32 173ms (cache miss)
npm http fetch GET 200 https://vlt-451504312483.d.codeartifact.us-east-1.amazonaws.com/npm/code-artifact-benchmark-test/@esbuild%2fnetbsd-x64 195ms (cache miss)
npm http fetch GET 200 https://vlt-451504312483.d.codeartifact.us-east-1.amazonaws.com/npm/code-artifact-benchmark-test/@esbuild%2fwin32-ia32 192ms (cache miss)
npm http fetch GET 200 https://vlt-451504312483.d.codeartifact.us-east-1.amazonaws.com/npm/code-artifact-benchmark-test/@esbuild%2fandroid-x64 183ms (cache miss)
npm http fetch GET 200 https://vlt-451504312483.d.codeartifact.us-east-1.amazonaws.com/npm/code-artifact-benchmark-test/@esbuild%2ffreebsd-x64 166ms (cache miss)
npm http fetch GET 200 https://vlt-451504312483.d.codeartifact.us-east-1.amazonaws.com/npm/code-artifact-benchmark-test/@esbuild%2fandroid-arm 296ms (cache miss)
npm http fetch GET 200 https://vlt-451504312483.d.codeartifact.us-east-1.amazonaws.com/npm/code-artifact-benchmark-test/@esbuild%2flinux-arm64 245ms (cache miss)
npm http fetch GET 200 https://vlt-451504312483.d.codeartifact.us-east-1.amazonaws.com/npm/code-artifact-benchmark-test/@esbuild%2flinux-s390x 184ms (cache miss)
npm http fetch GET 200 https://vlt-451504312483.d.codeartifact.us-east-1.amazonaws.com/npm/code-artifact-benchmark-test/@esbuild%2flinux-ppc64 329ms (cache miss)
npm http fetch GET 200 https://vlt-451504312483.d.codeartifact.us-east-1.amazonaws.com/npm/code-artifact-benchmark-test/@esbuild%2fopenbsd-x64 161ms (cache miss)
npm http fetch GET 200 https://vlt-451504312483.d.codeartifact.us-east-1.amazonaws.com/npm/code-artifact-benchmark-test/@esbuild%2fwin32-arm64 177ms (cache miss)
npm http fetch GET 200 https://vlt-451504312483.d.codeartifact.us-east-1.amazonaws.com/npm/code-artifact-benchmark-test/@esbuild%2fdarwin-arm64 218ms (cache miss)
npm http fetch GET 200 https://vlt-451504312483.d.codeartifact.us-east-1.amazonaws.com/npm/code-artifact-benchmark-test/@esbuild%2fnetbsd-arm64 254ms (cache miss)
npm http fetch GET 200 https://vlt-451504312483.d.codeartifact.us-east-1.amazonaws.com/npm/code-artifact-benchmark-test/@esbuild%2ffreebsd-arm64 156ms (cache miss)
npm http fetch GET 200 https://vlt-451504312483.d.codeartifact.us-east-1.amazonaws.com/npm/code-artifact-benchmark-test/@esbuild%2flinux-loong64 175ms (cache miss)
npm http fetch GET 200 https://vlt-451504312483.d.codeartifact.us-east-1.amazonaws.com/npm/code-artifact-benchmark-test/@esbuild%2flinux-riscv64 263ms (cache miss)
npm http fetch GET 200 https://vlt-451504312483.d.codeartifact.us-east-1.amazonaws.com/npm/code-artifact-benchmark-test/@esbuild%2fopenbsd-arm64 164ms (cache miss)
npm http fetch GET 200 https://vlt-451504312483.d.codeartifact.us-east-1.amazonaws.com/npm/code-artifact-benchmark-test/@esbuild%2fopenharmony-arm64 159ms (cache miss)
npm http fetch GET 200 https://vlt-451504312483.d.codeartifact.us-east-1.amazonaws.com/npm/code-artifact-benchmark-test/@esbuild%2flinux-mips64el 298ms (cache miss)
npm http fetch GET 200 https://vlt-451504312483.d.codeartifact.us-east-1.amazonaws.com/npm/code-artifact-benchmark-test/@types%2festree 204ms (cache updated)
npm http fetch GET 200 https://vlt-451504312483.d.codeartifact.us-east-1.amazonaws.com/npm/code-artifact-benchmark-test/@rollup%2frollup-darwin-arm64 244ms (cache miss)
npm http fetch GET 200 https://vlt-451504312483.d.codeartifact.us-east-1.amazonaws.com/npm/code-artifact-benchmark-test/@rollup%2frollup-android-arm64 191ms (cache miss)
npm http fetch GET 200 https://vlt-451504312483.d.codeartifact.us-east-1.amazonaws.com/npm/code-artifact-benchmark-test/@rollup%2frollup-win32-arm64-msvc 235ms (cache miss)
npm http fetch GET 200 https://vlt-451504312483.d.codeartifact.us-east-1.amazonaws.com/npm/code-artifact-benchmark-test/@rollup%2frollup-freebsd-arm64 313ms (cache miss)
npm http fetch GET 200 https://vlt-451504312483.d.codeartifact.us-east-1.amazonaws.com/npm/code-artifact-benchmark-test/@rollup%2frollup-linux-arm64-gnu 206ms (cache miss)
npm http fetch GET 200 https://vlt-451504312483.d.codeartifact.us-east-1.amazonaws.com/npm/code-artifact-benchmark-test/@rollup%2frollup-linux-arm64-musl 207ms (cache miss)
npm http fetch GET 200 https://vlt-451504312483.d.codeartifact.us-east-1.amazonaws.com/npm/code-artifact-benchmark-test/@rollup%2frollup-android-arm-eabi 181ms (cache miss)
npm http fetch GET 200 https://vlt-451504312483.d.codeartifact.us-east-1.amazonaws.com/npm/code-artifact-benchmark-test/@rollup%2frollup-linux-arm-gnueabihf 206ms (cache miss)
npm http fetch GET 200 https://vlt-451504312483.d.codeartifact.us-east-1.amazonaws.com/npm/code-artifact-benchmark-test/@rollup%2frollup-linux-arm-musleabihf 167ms (cache miss)
npm http fetch GET 200 https://vlt-451504312483.d.codeartifact.us-east-1.amazonaws.com/npm/code-artifact-benchmark-test/@rollup%2frollup-linux-loong64-gnu 158ms (cache miss)
npm http fetch GET 200 https://vlt-451504312483.d.codeartifact.us-east-1.amazonaws.com/npm/code-artifact-benchmark-test/@rollup%2frollup-win32-ia32-msvc 205ms (cache miss)
npm http fetch GET 200 https://vlt-451504312483.d.codeartifact.us-east-1.amazonaws.com/npm/code-artifact-benchmark-test/@rollup%2frollup-linux-loong64-musl 159ms (cache miss)
npm http fetch GET 200 https://vlt-451504312483.d.codeartifact.us-east-1.amazonaws.com/npm/code-artifact-benchmark-test/@rollup%2frollup-linux-riscv64-gnu 263ms (cache miss)
npm http fetch GET 200 https://vlt-451504312483.d.codeartifact.us-east-1.amazonaws.com/npm/code-artifact-benchmark-test/@rollup%2frollup-linux-riscv64-musl 161ms (cache miss)
npm http fetch GET 200 https://vlt-451504312483.d.codeartifact.us-east-1.amazonaws.com/npm/code-artifact-benchmark-test/@rollup%2frollup-linux-ppc64-gnu 192ms (cache miss)
npm http fetch GET 200 https://vlt-451504312483.d.codeartifact.us-east-1.amazonaws.com/npm/code-artifact-benchmark-test/@rollup%2frollup-linux-ppc64-musl 166ms (cache miss)
npm http fetch GET 200 https://vlt-451504312483.d.codeartifact.us-east-1.amazonaws.com/npm/code-artifact-benchmark-test/@rollup%2frollup-linux-s390x-gnu 181ms (cache miss)
npm http fetch GET 200 https://vlt-451504312483.d.codeartifact.us-east-1.amazonaws.com/npm/code-artifact-benchmark-test/@rollup%2frollup-darwin-x64 167ms (cache miss)
npm http fetch GET 200 https://vlt-451504312483.d.codeartifact.us-east-1.amazonaws.com/npm/code-artifact-benchmark-test/@esbuild%2fandroid-arm64 2880ms (cache miss)
npm http fetch GET 200 https://vlt-451504312483.d.codeartifact.us-east-1.amazonaws.com/npm/code-artifact-benchmark-test/@rollup%2frollup-win32-x64-gnu 188ms (cache miss)
npm http fetch GET 200 https://vlt-451504312483.d.codeartifact.us-east-1.amazonaws.com/npm/code-artifact-benchmark-test/@rollup%2frollup-win32-x64-msvc 186ms (cache miss)
npm http fetch GET 200 https://vlt-451504312483.d.codeartifact.us-east-1.amazonaws.com/npm/code-artifact-benchmark-test/@rollup%2frollup-freebsd-x64 183ms (cache miss)
npm http fetch GET 200 https://vlt-451504312483.d.codeartifact.us-east-1.amazonaws.com/npm/code-artifact-benchmark-test/@rollup%2frollup-linux-x64-musl 207ms (cache miss)
npm http fetch GET 200 https://vlt-451504312483.d.codeartifact.us-east-1.amazonaws.com/npm/code-artifact-benchmark-test/@rollup%2frollup-linux-x64-gnu 232ms (cache miss)
npm http fetch GET 200 https://vlt-451504312483.d.codeartifact.us-east-1.amazonaws.com/npm/code-artifact-benchmark-test/@rollup%2frollup-openbsd-x64 145ms (cache miss)
npm http fetch GET 200 https://vlt-451504312483.d.codeartifact.us-east-1.amazonaws.com/npm/code-artifact-benchmark-test/@rollup%2frollup-openharmony-arm64 279ms (cache miss)
npm http fetch GET 200 https://vlt-451504312483.d.codeartifact.us-east-1.amazonaws.com/npm/code-artifact-benchmark-test/vue 340ms (cache updated)
npm http fetch GET 200 https://vlt-451504312483.d.codeartifact.us-east-1.amazonaws.com/npm/code-artifact-benchmark-test/typescript 1413ms (cache updated)
npm http fetch GET 200 https://vlt-451504312483.d.codeartifact.us-east-1.amazonaws.com/npm/code-artifact-benchmark-test/vite 2732ms (cache updated)
npm http fetch GET 200 https://vlt-451504312483.d.codeartifact.us-east-1.amazonaws.com/npm/code-artifact-benchmark-test/vite 2804ms (cache updated)
npm http fetch GET 200 https://vlt-451504312483.d.codeartifact.us-east-1.amazonaws.com/npm/code-artifact-benchmark-test/@types%2fnode 984ms (cache updated)
npm http fetch GET 200 https://vlt-451504312483.d.codeartifact.us-east-1.amazonaws.com/npm/code-artifact-benchmark-test/@types%2fnode 1079ms (cache updated)
npm http fetch GET 200 https://vlt-451504312483.d.codeartifact.us-east-1.amazonaws.com/npm/code-artifact-benchmark-test/less 386ms (cache updated)
npm http fetch GET 200 https://vlt-451504312483.d.codeartifact.us-east-1.amazonaws.com/npm/code-artifact-benchmark-test/sass 296ms (cache updated)
npm http fetch GET 200 https://vlt-451504312483.d.codeartifact.us-east-1.amazonaws.com/npm/code-artifact-benchmark-test/sass-embedded 203ms (cache updated)
npm http fetch GET 200 https://vlt-451504312483.d.codeartifact.us-east-1.amazonaws.com/npm/code-artifact-benchmark-test/stylus 235ms (cache updated)
npm http fetch GET 200 https://vlt-451504312483.d.codeartifact.us-east-1.amazonaws.com/npm/code-artifact-benchmark-test/sugarss 215ms (cache updated)
npm http fetch GET 200 https://vlt-451504312483.d.codeartifact.us-east-1.amazonaws.com/npm/code-artifact-benchmark-test/mitt 174ms (cache miss)
npm http fetch GET 200 https://vlt-451504312483.d.codeartifact.us-east-1.amazonaws.com/npm/code-artifact-benchmark-test/nanoid 203ms (cache updated)
npm http fetch GET 200 https://vlt-451504312483.d.codeartifact.us-east-1.amazonaws.com/npm/code-artifact-benchmark-test/pathe 215ms (cache updated)
npm http fetch GET 200 https://vlt-451504312483.d.codeartifact.us-east-1.amazonaws.com/npm/code-artifact-benchmark-test/vite-hot-client 167ms (cache miss)
npm http fetch GET 200 https://vlt-451504312483.d.codeartifact.us-east-1.amazonaws.com/npm/code-artifact-benchmark-test/hookable 183ms (cache miss)
npm http fetch GET 200 https://vlt-451504312483.d.codeartifact.us-east-1.amazonaws.com/npm/code-artifact-benchmark-test/birpc 197ms (cache miss)
npm http fetch GET 200 https://vlt-451504312483.d.codeartifact.us-east-1.amazonaws.com/npm/code-artifact-benchmark-test/superjson 214ms (cache miss)
npm http fetch GET 200 https://vlt-451504312483.d.codeartifact.us-east-1.amazonaws.com/npm/code-artifact-benchmark-test/perfect-debounce 171ms (cache miss)
npm http fetch GET 200 https://vlt-451504312483.d.codeartifact.us-east-1.amazonaws.com/npm/code-artifact-benchmark-test/speakingurl 188ms (cache miss)
npm http fetch GET 200 https://vlt-451504312483.d.codeartifact.us-east-1.amazonaws.com/npm/code-artifact-benchmark-test/rfdc 170ms (cache miss)
npm http fetch GET 200 https://vlt-451504312483.d.codeartifact.us-east-1.amazonaws.com/npm/code-artifact-benchmark-test/@sindresorhus%2fmerge-streams 211ms (cache miss)
npm http fetch GET 200 https://vlt-451504312483.d.codeartifact.us-east-1.amazonaws.com/npm/code-artifact-benchmark-test/figures 199ms (cache miss)
npm http fetch GET 200 https://vlt-451504312483.d.codeartifact.us-east-1.amazonaws.com/npm/code-artifact-benchmark-test/get-stream 154ms (cache miss)
npm http fetch GET 200 https://vlt-451504312483.d.codeartifact.us-east-1.amazonaws.com/npm/code-artifact-benchmark-test/is-stream 127ms (cache miss)
npm http fetch GET 200 https://vlt-451504312483.d.codeartifact.us-east-1.amazonaws.com/npm/code-artifact-benchmark-test/is-plain-obj 259ms (cache miss)
npm http fetch GET 200 https://vlt-451504312483.d.codeartifact.us-east-1.amazonaws.com/npm/code-artifact-benchmark-test/human-signals 288ms (cache miss)
npm http fetch GET 200 https://vlt-451504312483.d.codeartifact.us-east-1.amazonaws.com/npm/code-artifact-benchmark-test/npm-run-path 190ms (cache miss)
npm http fetch GET 200 https://vlt-451504312483.d.codeartifact.us-east-1.amazonaws.com/npm/code-artifact-benchmark-test/pretty-ms 164ms (cache miss)
npm http fetch GET 200 https://vlt-451504312483.d.codeartifact.us-east-1.amazonaws.com/npm/code-artifact-benchmark-test/strip-final-newline 212ms (cache miss)
npm http fetch GET 200 https://vlt-451504312483.d.codeartifact.us-east-1.amazonaws.com/npm/code-artifact-benchmark-test/mrmime 163ms (cache miss)
npm http fetch GET 200 https://vlt-451504312483.d.codeartifact.us-east-1.amazonaws.com/npm/code-artifact-benchmark-test/yoctocolors 289ms (cache miss)
npm http fetch GET 200 https://vlt-451504312483.d.codeartifact.us-east-1.amazonaws.com/npm/code-artifact-benchmark-test/@polka%2furl 311ms (cache miss)
npm http fetch GET 200 https://vlt-451504312483.d.codeartifact.us-east-1.amazonaws.com/npm/code-artifact-benchmark-test/totalist 185ms (cache miss)
npm http fetch GET 200 https://vlt-451504312483.d.codeartifact.us-east-1.amazonaws.com/npm/code-artifact-benchmark-test/open 162ms (cache miss)
npm http fetch GET 200 https://vlt-451504312483.d.codeartifact.us-east-1.amazonaws.com/npm/code-artifact-benchmark-test/fs-extra 237ms (cache miss)
npm http fetch GET 200 https://vlt-451504312483.d.codeartifact.us-east-1.amazonaws.com/npm/code-artifact-benchmark-test/@rollup%2fpluginutils 172ms (cache miss)
npm http fetch GET 200 https://vlt-451504312483.d.codeartifact.us-east-1.amazonaws.com/npm/code-artifact-benchmark-test/@antfu%2futils 280ms (cache miss)
npm http fetch GET 200 https://vlt-451504312483.d.codeartifact.us-east-1.amazonaws.com/npm/code-artifact-benchmark-test/error-stack-parser-es 157ms (cache miss)
npm http fetch GET 200 https://vlt-451504312483.d.codeartifact.us-east-1.amazonaws.com/npm/code-artifact-benchmark-test/@babel%2fplugin-proposal-decorators 183ms (cache miss)
npm http fetch GET 200 https://vlt-451504312483.d.codeartifact.us-east-1.amazonaws.com/npm/code-artifact-benchmark-test/@babel%2fplugin-syntax-import-meta 143ms (cache miss)
npm http fetch GET 200 https://vlt-451504312483.d.codeartifact.us-east-1.amazonaws.com/npm/code-artifact-benchmark-test/kolorist 158ms (cache miss)
npm http fetch GET 200 https://vlt-451504312483.d.codeartifact.us-east-1.amazonaws.com/npm/code-artifact-benchmark-test/@babel%2fplugin-syntax-import-attributes 324ms (cache miss)
npm http fetch GET 200 https://vlt-451504312483.d.codeartifact.us-east-1.amazonaws.com/npm/code-artifact-benchmark-test/vite 2862ms (cache updated)
npm http fetch GET 200 https://vlt-451504312483.d.codeartifact.us-east-1.amazonaws.com/npm/code-artifact-benchmark-test/@vitejs%2fdevtools 218ms (cache miss)
npm http fetch GET 200 https://vlt-451504312483.d.codeartifact.us-east-1.amazonaws.com/npm/code-artifact-benchmark-test/esbuild 306ms (cache updated)
npm http fetch GET 200 https://vlt-451504312483.d.codeartifact.us-east-1.amazonaws.com/npm/code-artifact-benchmark-test/copy-anything 177ms (cache miss)
npm http fetch GET 200 https://vlt-451504312483.d.codeartifact.us-east-1.amazonaws.com/npm/code-artifact-benchmark-test/unicorn-magic 190ms (cache miss)
npm http fetch GET 200 https://vlt-451504312483.d.codeartifact.us-east-1.amazonaws.com/npm/code-artifact-benchmark-test/is-unicode-supported 205ms (cache miss)
npm http fetch GET 200 https://vlt-451504312483.d.codeartifact.us-east-1.amazonaws.com/npm/code-artifact-benchmark-test/@sec-ant%2freadable-stream 227ms (cache miss)
npm http fetch GET 200 https://vlt-451504312483.d.codeartifact.us-east-1.amazonaws.com/npm/code-artifact-benchmark-test/parse-ms 205ms (cache miss)
npm http fetch GET 200 https://vlt-451504312483.d.codeartifact.us-east-1.amazonaws.com/npm/code-artifact-benchmark-test/is-what 548ms (cache miss)
npm http fetch GET 200 https://vlt-451504312483.d.codeartifact.us-east-1.amazonaws.com/npm/code-artifact-benchmark-test/rollup 602ms (cache updated)
npm http fetch GET 200 https://vlt-451504312483.d.codeartifact.us-east-1.amazonaws.com/npm/code-artifact-benchmark-test/graceful-fs 173ms (cache miss)
npm http fetch GET 200 https://vlt-451504312483.d.codeartifact.us-east-1.amazonaws.com/npm/code-artifact-benchmark-test/jsonfile 192ms (cache miss)
npm http fetch GET 200 https://vlt-451504312483.d.codeartifact.us-east-1.amazonaws.com/npm/code-artifact-benchmark-test/universalify 198ms (cache miss)
npm http fetch GET 200 https://vlt-451504312483.d.codeartifact.us-east-1.amazonaws.com/npm/code-artifact-benchmark-test/wsl-utils 159ms (cache miss)
npm http fetch GET 200 https://vlt-451504312483.d.codeartifact.us-east-1.amazonaws.com/npm/code-artifact-benchmark-test/default-browser 163ms (cache miss)
npm http fetch GET 200 https://vlt-451504312483.d.codeartifact.us-east-1.amazonaws.com/npm/code-artifact-benchmark-test/define-lazy-prop 193ms (cache miss)
npm http fetch GET 200 https://vlt-451504312483.d.codeartifact.us-east-1.amazonaws.com/npm/code-artifact-benchmark-test/is-inside-container 166ms (cache miss)
npm http fetch GET 200 https://vlt-451504312483.d.codeartifact.us-east-1.amazonaws.com/npm/code-artifact-benchmark-test/bundle-name 183ms (cache miss)
npm http fetch GET 200 https://vlt-451504312483.d.codeartifact.us-east-1.amazonaws.com/npm/code-artifact-benchmark-test/default-browser-id 236ms (cache miss)
npm http fetch GET 200 https://vlt-451504312483.d.codeartifact.us-east-1.amazonaws.com/npm/code-artifact-benchmark-test/is-docker 293ms (cache miss)
npm http fetch GET 200 https://vlt-451504312483.d.codeartifact.us-east-1.amazonaws.com/npm/code-artifact-benchmark-test/is-wsl 183ms (cache miss)
npm http fetch GET 200 https://vlt-451504312483.d.codeartifact.us-east-1.amazonaws.com/npm/code-artifact-benchmark-test/run-applescript 3422ms (cache miss)
npm http fetch GET 200 https://vlt-451504312483.d.codeartifact.us-east-1.amazonaws.com/npm/code-artifact-benchmark-test/@babel%2fcore 251ms (cache updated)
npm http fetch GET 200 https://vlt-451504312483.d.codeartifact.us-east-1.amazonaws.com/npm/code-artifact-benchmark-test/@babel%2fplugin-syntax-decorators 203ms (cache miss)
npm http fetch GET 200 https://vlt-451504312483.d.codeartifact.us-east-1.amazonaws.com/npm/code-artifact-benchmark-test/@types%2fnode 1097ms (cache updated)
npm http fetch GET 200 https://vlt-451504312483.d.codeartifact.us-east-1.amazonaws.com/npm/code-artifact-benchmark-test/terser 209ms (cache updated)
npm http fetch GET 200 https://vlt-451504312483.d.codeartifact.us-east-1.amazonaws.com/npm/code-artifact-benchmark-test/msw 356ms (cache miss)
npm http fetch GET 200 https://vlt-451504312483.d.codeartifact.us-east-1.amazonaws.com/npm/code-artifact-benchmark-test/typescript 1392ms (cache updated)
npm http fetch GET 200 https://vlt-451504312483.d.codeartifact.us-east-1.amazonaws.com/npm/code-artifact-benchmark-test/estree-walker 196ms (cache updated)
npm http fetch GET 200 https://vlt-451504312483.d.codeartifact.us-east-1.amazonaws.com/npm/code-artifact-benchmark-test/tinyspy 245ms (cache miss)
npm http fetch GET 200 https://vlt-451504312483.d.codeartifact.us-east-1.amazonaws.com/npm/code-artifact-benchmark-test/esbuild 298ms (cache updated)
npm http fetch GET 200 https://vlt-451504312483.d.codeartifact.us-east-1.amazonaws.com/npm/code-artifact-benchmark-test/loupe 231ms (cache miss)
npm http fetch GET 200 https://vlt-451504312483.d.codeartifact.us-east-1.amazonaws.com/npm/code-artifact-benchmark-test/loupe 185ms (cache miss)
npm http fetch GET 200 https://vlt-451504312483.d.codeartifact.us-east-1.amazonaws.com/npm/code-artifact-benchmark-test/pathval 163ms (cache miss)
npm http fetch GET 200 https://vlt-451504312483.d.codeartifact.us-east-1.amazonaws.com/npm/code-artifact-benchmark-test/deep-eql 150ms (cache miss)
npm http fetch GET 200 https://vlt-451504312483.d.codeartifact.us-east-1.amazonaws.com/npm/code-artifact-benchmark-test/check-error 164ms (cache miss)
npm http fetch GET 200 https://vlt-451504312483.d.codeartifact.us-east-1.amazonaws.com/npm/code-artifact-benchmark-test/assertion-error 193ms (cache miss)
npm http fetch GET 200 https://vlt-451504312483.d.codeartifact.us-east-1.amazonaws.com/npm/code-artifact-benchmark-test/es-module-lexer 183ms (cache miss)
npm http fetch GET 200 https://vlt-451504312483.d.codeartifact.us-east-1.amazonaws.com/npm/code-artifact-benchmark-test/cac 222ms (cache miss)
npm http fetch GET 200 https://vlt-451504312483.d.codeartifact.us-east-1.amazonaws.com/npm/code-artifact-benchmark-test/siginfo 205ms (cache miss)
npm http fetch GET 200 https://vlt-451504312483.d.codeartifact.us-east-1.amazonaws.com/npm/code-artifact-benchmark-test/stackback 167ms (cache miss)
npm http fetch GET 200 https://vlt-451504312483.d.codeartifact.us-east-1.amazonaws.com/npm/code-artifact-benchmark-test/vue 359ms (cache updated)
npm http fetch GET 200 https://vlt-451504312483.d.codeartifact.us-east-1.amazonaws.com/npm/code-artifact-benchmark-test/csstype 182ms (cache miss)
npm http fetch GET 200 https://vlt-451504312483.d.codeartifact.us-east-1.amazonaws.com/npm/code-artifact-benchmark-test/@vue%2fruntime-core 208ms (cache miss)
npm http fetch GET 200 https://vlt-451504312483.d.codeartifact.us-east-1.amazonaws.com/npm/code-artifact-benchmark-test/@vue%2freactivity 298ms (cache miss)
npm http fetch GET 200 https://vlt-451504312483.d.codeartifact.us-east-1.amazonaws.com/npm/code-artifact-benchmark-test/typescript 1293ms (cache updated)
npm http fetch GET 200 https://vlt-451504312483.d.codeartifact.us-east-1.amazonaws.com/npm/code-artifact-benchmark-test/vscode-uri 179ms (cache miss)
npm http fetch GET 200 https://vlt-451504312483.d.codeartifact.us-east-1.amazonaws.com/npm/code-artifact-benchmark-test/path-browserify 199ms (cache miss)
npm http fetch GET 200 https://vlt-451504312483.d.codeartifact.us-east-1.amazonaws.com/npm/code-artifact-benchmark-test/@volar%2flanguage-core 241ms (cache miss)
npm http fetch GET 200 https://vlt-451504312483.d.codeartifact.us-east-1.amazonaws.com/npm/code-artifact-benchmark-test/alien-signals 197ms (cache miss)
npm http fetch GET 200 https://vlt-451504312483.d.codeartifact.us-east-1.amazonaws.com/npm/code-artifact-benchmark-test/minimatch 231ms (cache updated)
npm http fetch GET 200 https://vlt-451504312483.d.codeartifact.us-east-1.amazonaws.com/npm/code-artifact-benchmark-test/muggle-string 173ms (cache miss)
npm http fetch GET 200 https://vlt-451504312483.d.codeartifact.us-east-1.amazonaws.com/npm/code-artifact-benchmark-test/@vue%2fcompiler-vue2 180ms (cache miss)
npm http fetch GET 200 https://vlt-451504312483.d.codeartifact.us-east-1.amazonaws.com/npm/code-artifact-benchmark-test/@volar%2fsource-map 390ms (cache miss)
npm http fetch GET 200 https://vlt-451504312483.d.codeartifact.us-east-1.amazonaws.com/npm/code-artifact-benchmark-test/de-indent 154ms (cache miss)
npm http fetch GET 200 https://vlt-451504312483.d.codeartifact.us-east-1.amazonaws.com/npm/code-artifact-benchmark-test/he 187ms (cache miss)
npm http fetch GET 200 https://vlt-451504312483.d.codeartifact.us-east-1.amazonaws.com/npm/code-artifact-benchmark-test/safer-buffer 158ms (cache miss)
npm http fetch GET 200 https://vlt-451504312483.d.codeartifact.us-east-1.amazonaws.com/npm/code-artifact-benchmark-test/concat-map 142ms (cache miss)
npm http fetch GET 200 https://vlt-451504312483.d.codeartifact.us-east-1.amazonaws.com/npm/code-artifact-benchmark-test/balanced-match 166ms (cache updated)
npm http fetch GET 200 https://vlt-451504312483.d.codeartifact.us-east-1.amazonaws.com/npm/code-artifact-benchmark-test/@esbuild%2faix-ppc64 154ms (cache updated)
npm http fetch GET 200 https://vlt-451504312483.d.codeartifact.us-east-1.amazonaws.com/npm/code-artifact-benchmark-test/@esbuild%2flinux-arm 164ms (cache updated)
npm http fetch GET 200 https://vlt-451504312483.d.codeartifact.us-east-1.amazonaws.com/npm/code-artifact-benchmark-test/@esbuild%2flinux-x64 236ms (cache updated)
npm http fetch GET 200 https://vlt-451504312483.d.codeartifact.us-east-1.amazonaws.com/npm/code-artifact-benchmark-test/@esbuild%2fwin32-x64 152ms (cache updated)
npm http fetch GET 200 https://vlt-451504312483.d.codeartifact.us-east-1.amazonaws.com/npm/code-artifact-benchmark-test/@esbuild%2fsunos-x64 194ms (cache updated)
npm http fetch GET 200 https://vlt-451504312483.d.codeartifact.us-east-1.amazonaws.com/npm/code-artifact-benchmark-test/@esbuild%2fdarwin-x64 173ms (cache updated)
npm http fetch GET 200 https://vlt-451504312483.d.codeartifact.us-east-1.amazonaws.com/npm/code-artifact-benchmark-test/@esbuild%2flinux-ia32 185ms (cache updated)
npm http fetch GET 200 https://vlt-451504312483.d.codeartifact.us-east-1.amazonaws.com/npm/code-artifact-benchmark-test/@esbuild%2fnetbsd-x64 169ms (cache updated)
npm http fetch GET 200 https://vlt-451504312483.d.codeartifact.us-east-1.amazonaws.com/npm/code-artifact-benchmark-test/@esbuild%2fwin32-ia32 151ms (cache updated)
npm http fetch GET 200 https://vlt-451504312483.d.codeartifact.us-east-1.amazonaws.com/npm/code-artifact-benchmark-test/@esbuild%2fandroid-arm 169ms (cache updated)
npm http fetch GET 200 https://vlt-451504312483.d.codeartifact.us-east-1.amazonaws.com/npm/code-artifact-benchmark-test/@esbuild%2fandroid-x64 201ms (cache updated)
npm http fetch GET 200 https://vlt-451504312483.d.codeartifact.us-east-1.amazonaws.com/npm/code-artifact-benchmark-test/@esbuild%2ffreebsd-x64 158ms (cache updated)
npm http fetch GET 200 https://vlt-451504312483.d.codeartifact.us-east-1.amazonaws.com/npm/code-artifact-benchmark-test/@esbuild%2flinux-arm64 168ms (cache updated)
npm http fetch GET 200 https://vlt-451504312483.d.codeartifact.us-east-1.amazonaws.com/npm/code-artifact-benchmark-test/@esbuild%2flinux-ppc64 146ms (cache updated)
npm http fetch GET 200 https://vlt-451504312483.d.codeartifact.us-east-1.amazonaws.com/npm/code-artifact-benchmark-test/@esbuild%2fopenbsd-x64 169ms (cache updated)
npm http fetch GET 200 https://vlt-451504312483.d.codeartifact.us-east-1.amazonaws.com/npm/code-artifact-benchmark-test/@esbuild%2fwin32-arm64 156ms (cache updated)
npm http fetch GET 200 https://vlt-451504312483.d.codeartifact.us-east-1.amazonaws.com/npm/code-artifact-benchmark-test/@esbuild%2flinux-s390x 384ms (cache updated)
npm http fetch GET 200 https://vlt-451504312483.d.codeartifact.us-east-1.amazonaws.com/npm/code-artifact-benchmark-test/@esbuild%2fdarwin-arm64 149ms (cache updated)
npm http fetch GET 200 https://vlt-451504312483.d.codeartifact.us-east-1.amazonaws.com/npm/code-artifact-benchmark-test/@esbuild%2fandroid-arm64 200ms (cache updated)
npm http fetch GET 200 https://vlt-451504312483.d.codeartifact.us-east-1.amazonaws.com/npm/code-artifact-benchmark-test/@esbuild%2ffreebsd-arm64 211ms (cache updated)
npm http fetch GET 200 https://vlt-451504312483.d.codeartifact.us-east-1.amazonaws.com/npm/code-artifact-benchmark-test/@esbuild%2flinux-loong64 219ms (cache updated)
npm http fetch GET 200 https://vlt-451504312483.d.codeartifact.us-east-1.amazonaws.com/npm/code-artifact-benchmark-test/@esbuild%2flinux-riscv64 163ms (cache updated)
npm http fetch GET 200 https://vlt-451504312483.d.codeartifact.us-east-1.amazonaws.com/npm/code-artifact-benchmark-test/@esbuild%2flinux-mips64el 162ms (cache updated)
npm error code ETARGET
npm error notarget No matching version found for @babel/compat-data@^7.29.7.
npm error notarget In most cases you or one of your dependencies are requesting a package version that doesn't exist.
npm error A complete log of this run can be found in: /home/runner/.npm/_logs/2026-05-25T11_46_22_860Z-debug-0.log
