{
  "results": [
    {
      "command": "npm",
      "mean": 21.26540657498,
      "stddev": 0.5286902902003309,
      "median": 20.98138613378,
      "user": 15.96873804,
      "system": 4.383647679999999,
      "min": 20.74991103928,
      "max": 22.42145414828,
      "times": [
        22.42145414828,
        21.31426328528,
        22.00776727428,
        20.86877923828,
        20.86572865828,
        20.96182262728,
        21.000949640279998,
        20.74991103928,
        21.51279711428,
        20.95059272428
      ],
      "exit_codes": [
        0,
        0,
        0,
        0,
        0,
        0,
        0,
        0,
        0,
        0
      ]
    },
    {
      "command": "vlt",
      "mean": 12.787460255080001,
      "stddev": 0.07303183282258192,
      "median": 12.78685509828,
      "user": 13.53952874,
      "system": 4.03098578,
      "min": 12.67574062828,
      "max": 12.90193135328,
      "times": [
        12.729261447279999,
        12.817675056279999,
        12.82615252228,
        12.75479787128,
        12.67574062828,
        12.75603514028,
        12.69207459728,
        12.90193135328,
        12.86888417628,
        12.85204975828
      ],
      "exit_codes": [
        0,
        0,
        0,
        0,
        0,
        0,
        0,
        0,
        0,
        0
      ]
    },
    {
      "command": "aws",
      "mean": 79.27281904878001,
      "stddev": 0.6666647053590599,
      "median": 79.33818763628,
      "user": 19.29730754,
      "system": 5.359583879999999,
      "min": 78.09157696628,
      "max": 80.39146460128,
      "times": [
        79.72926653828,
        79.61435070628,
        80.39146460128,
        78.75858696028,
        78.09157696628,
        79.40927680728001,
        79.04504287928,
        79.96244721628,
        79.26709846528,
        78.45907934728001
      ],
      "exit_codes": [
        0,
        0,
        0,
        0,
        0,
        0,
        0,
        0,
        0,
        0
      ]
    }
  ]
}