npm http fetch GET 200 https://npm.pkg.github.com/vltsandbox/pinia 246ms (cache miss)
npm http fetch GET 200 https://npm.pkg.github.com/vltsandbox/typescript 312ms (cache miss)
npm http fetch GET 200 https://npm.pkg.github.com/vltsandbox/vue 144ms (cache miss)
npm http fetch GET 200 https://npm.pkg.github.com/vltsandbox/vue-router 119ms (cache miss)
npm http fetch GET 200 https://npm.pkg.github.com/vltsandbox/@playwright%2ftest 285ms (cache miss)
npm http fetch GET 200 https://npm.pkg.github.com/vltsandbox/@tsconfig%2fnode22 123ms (cache miss)
npm http fetch GET 200 https://npm.pkg.github.com/vltsandbox/@types%2fjsdom 102ms (cache miss)
npm http fetch GET 200 https://npm.pkg.github.com/vltsandbox/@types%2fnode 236ms (cache miss)
npm http fetch GET 200 https://npm.pkg.github.com/vltsandbox/@vitejs%2fplugin-vue 153ms (cache miss)
npm http fetch GET 200 https://npm.pkg.github.com/vltsandbox/vite 1301ms (cache miss)
npm http fetch GET 200 https://npm.pkg.github.com/vltsandbox/@vitejs%2fplugin-vue-jsx 109ms (cache miss)
npm http fetch GET 200 https://npm.pkg.github.com/vltsandbox/@vitest%2feslint-plugin 127ms (cache miss)
npm http fetch GET 200 https://npm.pkg.github.com/vltsandbox/@typescript-eslint%2futils 453ms (cache miss)
npm http fetch GET 200 https://npm.pkg.github.com/vltsandbox/eslint 127ms (cache miss)
npm http fetch GET 200 https://npm.pkg.github.com/vltsandbox/vitest 143ms (cache miss)
npm http fetch GET 200 https://npm.pkg.github.com/vltsandbox/jsdom 111ms (cache miss)
npm http fetch GET 200 https://npm.pkg.github.com/vltsandbox/@vue%2feslint-config-prettier 102ms (cache miss)
npm http fetch GET 200 https://npm.pkg.github.com/vltsandbox/prettier 109ms (cache miss)
npm http fetch GET 200 https://npm.pkg.github.com/vltsandbox/@vue%2feslint-config-typescript 111ms (cache miss)
npm http fetch GET 200 https://npm.pkg.github.com/vltsandbox/eslint-plugin-vue 103ms (cache miss)
npm http fetch GET 200 https://npm.pkg.github.com/vltsandbox/@vue%2ftest-utils 117ms (cache miss)
npm http fetch GET 200 https://npm.pkg.github.com/vltsandbox/@vue%2fcompiler-dom 123ms (cache miss)
npm http fetch GET 200 https://npm.pkg.github.com/vltsandbox/@vue%2ftsconfig 104ms (cache miss)
npm http fetch GET 200 https://npm.pkg.github.com/vltsandbox/eslint-plugin-playwright 88ms (cache miss)
npm http fetch GET 200 https://npm.pkg.github.com/vltsandbox/npm-run-all2 108ms (cache miss)
npm http fetch GET 200 https://npm.pkg.github.com/vltsandbox/vite-plugin-vue-devtools 116ms (cache miss)
npm http fetch GET 200 https://npm.pkg.github.com/vltsandbox/vue-tsc 117ms (cache miss)
npm http fetch GET 200 https://npm.pkg.github.com/vltsandbox/parse5 180ms (cache miss)
npm http fetch GET 200 https://npm.pkg.github.com/vltsandbox/@types%2ftough-cookie 103ms (cache miss)
npm http fetch GET 200 https://npm.pkg.github.com/vltsandbox/undici-types 139ms (cache miss)
npm http fetch GET 200 https://npm.pkg.github.com/vltsandbox/playwright 431ms (cache miss)
npm http fetch GET 200 https://npm.pkg.github.com/vltsandbox/fdir 86ms (cache miss)
npm http fetch GET 200 https://npm.pkg.github.com/vltsandbox/@types%2fnode 550ms (cache updated)
npm http fetch GET 200 https://npm.pkg.github.com/vltsandbox/esbuild 139ms (cache miss)
npm http fetch GET 200 https://npm.pkg.github.com/vltsandbox/postcss 121ms (cache miss)
npm http fetch GET 200 https://npm.pkg.github.com/vltsandbox/rollup 243ms (cache miss)
npm http fetch GET 200 https://npm.pkg.github.com/vltsandbox/picomatch 116ms (cache miss)
npm http fetch GET 200 https://npm.pkg.github.com/vltsandbox/tinyglobby 104ms (cache miss)
npm http fetch GET 200 https://npm.pkg.github.com/vltsandbox/fsevents 101ms (cache miss)
npm http fetch GET 200 https://npm.pkg.github.com/vltsandbox/@vue%2fshared 117ms (cache miss)
npm http fetch GET 200 https://npm.pkg.github.com/vltsandbox/@vue%2fruntime-dom 135ms (cache miss)
npm http fetch GET 200 https://npm.pkg.github.com/vltsandbox/@vue%2fcompiler-dom 120ms (cache updated)
npm http fetch GET 200 https://npm.pkg.github.com/vltsandbox/@vue%2fcompiler-sfc 153ms (cache miss)
npm http fetch GET 200 https://npm.pkg.github.com/vltsandbox/@vue%2fserver-renderer 124ms (cache miss)
npm http fetch GET 200 https://npm.pkg.github.com/vltsandbox/@babel%2fcore 115ms (cache miss)
npm http fetch GET 200 https://npm.pkg.github.com/vltsandbox/@rolldown%2fpluginutils 108ms (cache miss)
npm http fetch GET 200 https://npm.pkg.github.com/vltsandbox/@vue%2fbabel-plugin-jsx 97ms (cache miss)
npm http fetch GET 200 https://npm.pkg.github.com/vltsandbox/@babel%2fplugin-transform-typescript 133ms (cache miss)
npm http fetch GET 200 https://npm.pkg.github.com/vltsandbox/@eslint-community%2feslint-utils 101ms (cache miss)
npm http fetch GET 200 https://npm.pkg.github.com/vltsandbox/@typescript-eslint%2ftypes 356ms (cache miss)
npm http fetch GET 200 https://npm.pkg.github.com/vltsandbox/@typescript-eslint%2fscope-manager 383ms (cache miss)
npm http fetch GET 200 https://npm.pkg.github.com/vltsandbox/ajv 129ms (cache miss)
npm http fetch GET 200 https://npm.pkg.github.com/vltsandbox/@typescript-eslint%2ftypescript-estree 449ms (cache miss)
npm http fetch GET 200 https://npm.pkg.github.com/vltsandbox/chalk 136ms (cache miss)
npm http fetch GET 200 https://npm.pkg.github.com/vltsandbox/debug 111ms (cache miss)
npm http fetch GET 200 https://npm.pkg.github.com/vltsandbox/espree 103ms (cache miss)
npm http fetch GET 200 https://npm.pkg.github.com/vltsandbox/esquery 92ms (cache miss)
npm http fetch GET 200 https://npm.pkg.github.com/vltsandbox/ignore 99ms (cache miss)
npm http fetch GET 200 https://npm.pkg.github.com/vltsandbox/is-glob 90ms (cache miss)
npm http fetch GET 200 https://npm.pkg.github.com/vltsandbox/find-up 108ms (cache miss)
npm http fetch GET 200 https://npm.pkg.github.com/vltsandbox/esutils 136ms (cache miss)
npm http fetch GET 200 https://npm.pkg.github.com/vltsandbox/minimatch 111ms (cache miss)
npm http fetch GET 200 https://npm.pkg.github.com/vltsandbox/@eslint%2fjs 102ms (cache miss)
npm http fetch GET 200 https://npm.pkg.github.com/vltsandbox/optionator 87ms (cache miss)
npm http fetch GET 200 https://npm.pkg.github.com/vltsandbox/imurmurhash 94ms (cache miss)
npm http fetch GET 200 https://npm.pkg.github.com/vltsandbox/cross-spawn 109ms (cache miss)
npm http fetch GET 200 https://npm.pkg.github.com/vltsandbox/glob-parent 113ms (cache miss)
npm http fetch GET 200 https://npm.pkg.github.com/vltsandbox/@eslint%2fcore 103ms (cache miss)
npm http fetch GET 200 https://npm.pkg.github.com/vltsandbox/lodash.merge 95ms (cache miss)
npm http fetch GET 200 https://npm.pkg.github.com/vltsandbox/eslint-scope 105ms (cache miss)
npm http fetch GET 200 https://npm.pkg.github.com/vltsandbox/@types%2festree 95ms (cache miss)
npm http fetch GET 200 https://npm.pkg.github.com/vltsandbox/fast-deep-equal 95ms (cache miss)
npm http fetch GET 200 https://npm.pkg.github.com/vltsandbox/@humanfs%2fnode 114ms (cache miss)
npm http fetch GET 200 https://npm.pkg.github.com/vltsandbox/natural-compare 90ms (cache miss)
npm http fetch GET 200 https://npm.pkg.github.com/vltsandbox/@eslint%2feslintrc 99ms (cache miss)
npm http fetch GET 200 https://npm.pkg.github.com/vltsandbox/file-entry-cache 103ms (cache miss)
npm http fetch GET 200 https://npm.pkg.github.com/vltsandbox/eslint-visitor-keys 90ms (cache miss)
npm http fetch GET 200 https://npm.pkg.github.com/vltsandbox/@eslint%2fplugin-kit 111ms (cache miss)
npm http fetch GET 200 https://npm.pkg.github.com/vltsandbox/@eslint%2fconfig-array 100ms (cache miss)
npm http fetch GET 200 https://npm.pkg.github.com/vltsandbox/escape-string-regexp 97ms (cache miss)
npm http fetch GET 200 https://npm.pkg.github.com/vltsandbox/@humanwhocodes%2fretry 105ms (cache miss)
npm http fetch GET 200 https://npm.pkg.github.com/vltsandbox/@eslint%2fconfig-helpers 94ms (cache miss)
npm http fetch GET 200 https://npm.pkg.github.com/vltsandbox/@eslint-community%2fregexpp 109ms (cache miss)
npm http fetch GET 200 https://npm.pkg.github.com/vltsandbox/@eslint-community%2feslint-utils 111ms (cache updated)
npm http fetch GET 200 https://npm.pkg.github.com/vltsandbox/@humanwhocodes%2fmodule-importer 112ms (cache miss)
npm http fetch GET 200 https://npm.pkg.github.com/vltsandbox/json-stable-stringify-without-jsonify 93ms (cache miss)
npm http fetch GET 200 https://npm.pkg.github.com/vltsandbox/eslint-plugin-prettier 97ms (cache miss)
npm http fetch GET 200 https://npm.pkg.github.com/vltsandbox/eslint-config-prettier 117ms (cache miss)
npm http fetch GET 200 https://npm.pkg.github.com/vltsandbox/fast-glob 102ms (cache miss)
npm http fetch GET 200 https://npm.pkg.github.com/vltsandbox/vue-eslint-parser 97ms (cache miss)
npm http fetch GET 200 https://npm.pkg.github.com/vltsandbox/typescript-eslint 178ms (cache miss)
npm http fetch GET 200 https://npm.pkg.github.com/vltsandbox/globals 105ms (cache miss)
npm http fetch GET 200 https://npm.pkg.github.com/vltsandbox/semver 132ms (cache miss)
npm http fetch GET 200 https://npm.pkg.github.com/vltsandbox/nth-check 89ms (cache miss)
npm http fetch GET 200 https://npm.pkg.github.com/vltsandbox/vue-eslint-parser 113ms (cache updated)
npm http fetch GET 200 https://npm.pkg.github.com/vltsandbox/xml-name-validator 118ms (cache miss)
npm http fetch GET 200 https://npm.pkg.github.com/vltsandbox/postcss-selector-parser 96ms (cache miss)
npm http fetch GET 200 https://npm.pkg.github.com/vltsandbox/@eslint-community%2feslint-utils 108ms (cache updated)
npm http fetch GET 200 https://npm.pkg.github.com/vltsandbox/js-beautify 111ms (cache miss)
npm http fetch GET 200 https://npm.pkg.github.com/vltsandbox/vue-component-type-helpers 107ms (cache miss)
npm http fetch GET 200 https://npm.pkg.github.com/vltsandbox/globals 98ms (cache updated)
npm http fetch GET 200 https://npm.pkg.github.com/vltsandbox/@vue%2fcompiler-core 122ms (cache miss)
npm http fetch GET 200 https://npm.pkg.github.com/vltsandbox/ws 106ms (cache miss)
npm http fetch GET 200 https://npm.pkg.github.com/vltsandbox/saxes 98ms (cache miss)
npm http fetch GET 200 https://npm.pkg.github.com/vltsandbox/nwsapi 111ms (cache miss)
npm http fetch GET 200 https://npm.pkg.github.com/vltsandbox/parse5 93ms (cache updated)
npm http fetch GET 200 https://npm.pkg.github.com/vltsandbox/cssstyle 98ms (cache miss)
npm http fetch GET 200 https://npm.pkg.github.com/vltsandbox/data-urls 98ms (cache miss)
npm http fetch GET 200 https://npm.pkg.github.com/vltsandbox/form-data 96ms (cache miss)
npm http fetch GET 200 https://npm.pkg.github.com/vltsandbox/decimal.js 94ms (cache miss)
npm http fetch GET 200 https://npm.pkg.github.com/vltsandbox/whatwg-url 97ms (cache miss)
npm http fetch GET 200 https://npm.pkg.github.com/vltsandbox/rrweb-cssom 89ms (cache miss)
npm http fetch GET 200 https://npm.pkg.github.com/vltsandbox/symbol-tree 108ms (cache miss)
npm http fetch GET 200 https://npm.pkg.github.com/vltsandbox/tough-cookie 90ms (cache miss)
npm http fetch GET 200 https://npm.pkg.github.com/vltsandbox/whatwg-encoding 134ms (cache miss)
npm http fetch GET 200 https://npm.pkg.github.com/vltsandbox/http-proxy-agent 89ms (cache miss)
npm http fetch GET 200 https://npm.pkg.github.com/vltsandbox/https-proxy-agent 96ms (cache miss)
npm http fetch GET 200 https://npm.pkg.github.com/vltsandbox/w3c-xmlserializer 94ms (cache miss)
npm http fetch GET 200 https://npm.pkg.github.com/vltsandbox/whatwg-mimetype 252ms (cache miss)
npm http fetch GET 200 https://npm.pkg.github.com/vltsandbox/webidl-conversions 129ms (cache miss)
npm http fetch GET 200 https://npm.pkg.github.com/vltsandbox/xml-name-validator 121ms (cache updated)
npm http fetch GET 200 https://npm.pkg.github.com/vltsandbox/html-encoding-sniffer 87ms (cache miss)
npm http fetch GET 200 https://npm.pkg.github.com/vltsandbox/is-potential-custom-element-name 85ms (cache miss)
npm http fetch GET 200 https://npm.pkg.github.com/vltsandbox/which 92ms (cache miss)
npm http fetch GET 200 https://npm.pkg.github.com/vltsandbox/pidtree 105ms (cache miss)
npm http fetch GET 200 https://npm.pkg.github.com/vltsandbox/minimatch 95ms (cache updated)
npm http fetch GET 200 https://npm.pkg.github.com/vltsandbox/ansi-styles 102ms (cache miss)
npm http fetch GET 200 https://npm.pkg.github.com/vltsandbox/shell-quote 91ms (cache miss)
npm http fetch GET 200 https://npm.pkg.github.com/vltsandbox/memorystream 90ms (cache miss)
npm http fetch GET 200 https://npm.pkg.github.com/vltsandbox/read-package-json-fast 98ms (cache miss)
npm http fetch GET 200 https://npm.pkg.github.com/vltsandbox/vue-demi 103ms (cache miss)
npm http fetch GET 200 https://npm.pkg.github.com/vltsandbox/@vue%2fdevtools-api 101ms (cache miss)
npm http fetch GET 200 https://npm.pkg.github.com/vltsandbox/sirv 100ms (cache miss)
npm http fetch GET 200 https://npm.pkg.github.com/vltsandbox/execa 87ms (cache miss)
npm http fetch GET 200 https://npm.pkg.github.com/vltsandbox/@vue%2fdevtools-kit 109ms (cache miss)
npm http fetch GET 200 https://npm.pkg.github.com/vltsandbox/@vue%2fdevtools-core 100ms (cache miss)
npm http fetch GET 200 https://npm.pkg.github.com/vltsandbox/vite-plugin-inspect 113ms (cache miss)
npm http fetch GET 200 https://npm.pkg.github.com/vltsandbox/@vue%2fdevtools-shared 125ms (cache miss)
npm http fetch GET 200 https://npm.pkg.github.com/vltsandbox/vite-plugin-vue-inspector 98ms (cache miss)
npm http fetch GET 200 https://npm.pkg.github.com/vltsandbox/chai 95ms (cache miss)
npm http fetch GET 200 https://npm.pkg.github.com/vltsandbox/debug 119ms (cache updated)
npm http fetch GET 200 https://npm.pkg.github.com/vltsandbox/pathe 98ms (cache miss)
npm http fetch GET 200 https://npm.pkg.github.com/vltsandbox/tinyexec 97ms (cache miss)
npm http fetch GET 200 https://npm.pkg.github.com/vltsandbox/std-env 108ms (cache miss)
npm http fetch GET 200 https://npm.pkg.github.com/vltsandbox/tinypool 102ms (cache miss)
npm http fetch GET 200 https://npm.pkg.github.com/vltsandbox/tinybench 109ms (cache miss)
npm http fetch GET 200 https://npm.pkg.github.com/vltsandbox/@vitest%2fspy 121ms (cache miss)
npm http fetch GET 200 https://npm.pkg.github.com/vltsandbox/vite-node 142ms (cache miss)
npm http fetch GET 200 https://npm.pkg.github.com/vltsandbox/expect-type 100ms (cache miss)
npm http fetch GET 200 https://npm.pkg.github.com/vltsandbox/tinyrainbow 101ms (cache miss)
npm http fetch GET 200 https://npm.pkg.github.com/vltsandbox/magic-string 103ms (cache miss)
npm http fetch GET 200 https://npm.pkg.github.com/vltsandbox/@vitest%2futils 127ms (cache miss)
npm http fetch GET 200 https://npm.pkg.github.com/vltsandbox/@vitest%2fexpect 113ms (cache miss)
npm http fetch GET 200 https://npm.pkg.github.com/vltsandbox/@vitest%2fmocker 136ms (cache miss)
npm http fetch GET 200 https://npm.pkg.github.com/vltsandbox/@vitest%2frunner 108ms (cache miss)
npm http fetch GET 200 https://npm.pkg.github.com/vltsandbox/@vitest%2fsnapshot 124ms (cache miss)
npm http fetch GET 200 https://npm.pkg.github.com/vltsandbox/why-is-node-running 94ms (cache miss)
npm http fetch GET 200 https://npm.pkg.github.com/vltsandbox/@vitest%2fpretty-format 134ms (cache miss)
npm http fetch GET 200 https://npm.pkg.github.com/vltsandbox/@vue%2fdevtools-api 120ms (cache updated)
npm http fetch GET 200 https://npm.pkg.github.com/vltsandbox/@vue%2flanguage-core 124ms (cache miss)
npm http fetch GET 200 https://npm.pkg.github.com/vltsandbox/@volar%2ftypescript 135ms (cache miss)
npm http fetch GET 200 https://npm.pkg.github.com/vltsandbox/vite 1267ms (cache updated)
npm http fetch GET 200 https://npm.pkg.github.com/vltsandbox/playwright-core 385ms (cache miss)
npm http fetch GET 200 https://npm.pkg.github.com/vltsandbox/entities 90ms (cache miss)
npm http fetch GET 200 https://npm.pkg.github.com/vltsandbox/eslint 134ms (cache updated)
npm http fetch GET 200 https://npm.pkg.github.com/vltsandbox/typescript 320ms (cache updated)
npm http fetch GET 200 https://npm.pkg.github.com/vltsandbox/eslint-visitor-keys 102ms (cache updated)
npm http fetch GET 200 https://npm.pkg.github.com/vltsandbox/debug 106ms (cache updated)
npm http fetch GET 200 https://npm.pkg.github.com/vltsandbox/semver 108ms (cache updated)
npm http fetch GET 200 https://npm.pkg.github.com/vltsandbox/minimatch 123ms (cache updated)
npm http fetch GET 200 https://npm.pkg.github.com/vltsandbox/tinyglobby 110ms (cache updated)
npm http fetch GET 200 https://npm.pkg.github.com/vltsandbox/@typescript-eslint%2fvisitor-keys 337ms (cache miss)
npm http fetch GET 200 https://npm.pkg.github.com/vltsandbox/ts-api-utils 153ms (cache miss)
npm http fetch GET 200 https://npm.pkg.github.com/vltsandbox/@typescript-eslint%2ftsconfig-utils 164ms (cache miss)
npm http fetch GET 200 https://npm.pkg.github.com/vltsandbox/@typescript-eslint%2fproject-service 173ms (cache miss)
npm http fetch GET 200 https://npm.pkg.github.com/vltsandbox/@typescript-eslint%2fvisitor-keys 357ms (cache miss)
npm http fetch GET 200 https://npm.pkg.github.com/vltsandbox/eslint-visitor-keys 118ms (cache updated)
npm http fetch GET 200 https://npm.pkg.github.com/vltsandbox/ms 92ms (cache miss)
npm http fetch GET 200 https://npm.pkg.github.com/vltsandbox/brace-expansion 133ms (cache miss)
npm http fetch GET 200 https://npm.pkg.github.com/vltsandbox/@typescript-eslint%2ftsconfig-utils 162ms (cache updated)
npm http fetch GET 200 https://npm.pkg.github.com/vltsandbox/fdir 139ms (cache updated)
npm http fetch GET 200 https://npm.pkg.github.com/vltsandbox/picomatch 117ms (cache updated)
npm http fetch GET 200 https://npm.pkg.github.com/vltsandbox/json5 97ms (cache miss)
npm http fetch GET 200 https://npm.pkg.github.com/vltsandbox/semver 109ms (cache updated)
npm http fetch GET 200 https://npm.pkg.github.com/vltsandbox/gensync 114ms (cache miss)
npm http fetch GET 200 https://npm.pkg.github.com/vltsandbox/@babel%2ftypes 114ms (cache miss)
npm http fetch GET 200 https://npm.pkg.github.com/vltsandbox/@babel%2fparser 116ms (cache miss)
npm http fetch GET 200 https://npm.pkg.github.com/vltsandbox/@babel%2fhelpers 164ms (cache miss)
npm http fetch GET 200 https://npm.pkg.github.com/vltsandbox/@babel%2ftemplate 151ms (cache miss)
npm http fetch GET 200 https://npm.pkg.github.com/vltsandbox/@babel%2ftraverse 151ms (cache miss)
npm http fetch GET 200 https://npm.pkg.github.com/vltsandbox/@babel%2fgenerator 128ms (cache miss)
npm http fetch GET 200 https://npm.pkg.github.com/vltsandbox/convert-source-map 96ms (cache miss)
npm http fetch GET 200 https://npm.pkg.github.com/vltsandbox/@babel%2fcode-frame 167ms (cache miss)
npm http fetch GET 200 https://npm.pkg.github.com/vltsandbox/@jridgewell%2fremapping 140ms (cache miss)
npm http fetch GET 200 https://npm.pkg.github.com/vltsandbox/@babel%2fhelper-module-transforms 146ms (cache miss)
npm http fetch GET 200 https://npm.pkg.github.com/vltsandbox/@babel%2fhelper-plugin-utils 105ms (cache miss)
npm http fetch GET 200 https://npm.pkg.github.com/vltsandbox/@babel%2fhelper-compilation-targets 141ms (cache miss)
npm http fetch GET 200 https://npm.pkg.github.com/vltsandbox/@babel%2fhelper-annotate-as-pure 171ms (cache miss)
npm http fetch GET 200 https://npm.pkg.github.com/vltsandbox/@babel%2fplugin-syntax-typescript 143ms (cache miss)
npm http fetch GET 200 https://npm.pkg.github.com/vltsandbox/@babel%2fhelper-create-class-features-plugin 128ms (cache miss)
npm http fetch GET 200 https://npm.pkg.github.com/vltsandbox/@babel%2fhelper-skip-transparent-expression-wrappers 118ms (cache miss)
npm http fetch GET 200 https://npm.pkg.github.com/vltsandbox/@babel%2ftypes 159ms (cache updated)
npm http fetch GET 200 https://npm.pkg.github.com/vltsandbox/@vue%2fshared 237ms (cache updated)
npm http fetch GET 200 https://npm.pkg.github.com/vltsandbox/@babel%2ftemplate 158ms (cache updated)
npm http fetch GET 200 https://npm.pkg.github.com/vltsandbox/@babel%2ftraverse 151ms (cache updated)
npm http fetch GET 200 https://npm.pkg.github.com/vltsandbox/@babel%2fhelper-plugin-utils 110ms (cache updated)
npm http fetch GET 200 https://npm.pkg.github.com/vltsandbox/@babel%2fhelper-module-imports 105ms (cache miss)
npm http fetch GET 200 https://npm.pkg.github.com/vltsandbox/@babel%2fplugin-syntax-jsx 194ms (cache miss)
npm http fetch GET 200 https://npm.pkg.github.com/vltsandbox/@vue%2fbabel-plugin-resolve-type 142ms (cache miss)
npm http fetch GET 200 https://npm.pkg.github.com/vltsandbox/@vue%2fbabel-helper-vue-transform-on 116ms (cache miss)
npm http fetch GET 200 https://npm.pkg.github.com/vltsandbox/@babel%2fcore 145ms (cache updated)
npm http fetch GET 200 https://npm.pkg.github.com/vltsandbox/picocolors 128ms (cache miss)
npm http fetch GET 200 https://npm.pkg.github.com/vltsandbox/js-tokens 160ms (cache miss)
npm http fetch GET 200 https://npm.pkg.github.com/vltsandbox/@babel%2fhelper-validator-identifier 303ms (cache miss)
npm http fetch GET 200 https://npm.pkg.github.com/vltsandbox/jsesc 180ms (cache miss)
npm http fetch GET 200 https://npm.pkg.github.com/vltsandbox/@babel%2ftypes 166ms (cache updated)
npm http fetch GET 200 https://npm.pkg.github.com/vltsandbox/@jridgewell%2fgen-mapping 119ms (cache miss)
npm http fetch GET 200 https://npm.pkg.github.com/vltsandbox/@jridgewell%2ftrace-mapping 161ms (cache miss)
npm http fetch GET 200 https://npm.pkg.github.com/vltsandbox/@babel%2fparser 224ms (cache updated)
npm http fetch GET 200 https://npm.pkg.github.com/vltsandbox/lru-cache 148ms (cache miss)
npm http fetch GET 200 https://npm.pkg.github.com/vltsandbox/browserslist 142ms (cache miss)
npm http fetch GET 200 https://npm.pkg.github.com/vltsandbox/@babel%2fcompat-data 156ms (cache miss)
npm http fetch GET 200 https://npm.pkg.github.com/vltsandbox/@babel%2fhelper-validator-option 167ms (cache miss)
npm http fetch GET 200 https://npm.pkg.github.com/vltsandbox/@babel%2fhelper-globals 126ms (cache miss)
npm http fetch GET 200 https://npm.pkg.github.com/vltsandbox/@babel%2fhelper-module-imports 196ms (cache updated)
npm http fetch GET 200 https://npm.pkg.github.com/vltsandbox/@babel%2fhelper-string-parser 132ms (cache miss)
npm http fetch GET 200 https://npm.pkg.github.com/vltsandbox/@jridgewell%2ftrace-mapping 135ms (cache updated)
npm http fetch GET 200 https://npm.pkg.github.com/vltsandbox/@jridgewell%2fgen-mapping 154ms (cache updated)
npm http fetch GET 200 https://npm.pkg.github.com/vltsandbox/@jridgewell%2fresolve-uri 121ms (cache miss)
npm http fetch GET 200 https://npm.pkg.github.com/vltsandbox/@jridgewell%2fsourcemap-codec 124ms (cache miss)
npm http fetch GET 200 https://npm.pkg.github.com/vltsandbox/@jridgewell%2fsourcemap-codec 191ms (cache miss)
npm http fetch GET 200 https://npm.pkg.github.com/vltsandbox/node-releases 150ms (cache miss)
npm http fetch GET 200 https://npm.pkg.github.com/vltsandbox/caniuse-lite 200ms (cache miss)
npm http fetch GET 200 https://npm.pkg.github.com/vltsandbox/update-browserslist-db 124ms (cache miss)
npm http fetch GET 200 https://npm.pkg.github.com/vltsandbox/electron-to-chromium 301ms (cache miss)
npm http fetch GET 200 https://npm.pkg.github.com/vltsandbox/baseline-browser-mapping 126ms (cache miss)
npm http fetch GET 200 https://npm.pkg.github.com/vltsandbox/yallist 93ms (cache miss)
npm http fetch GET 200 https://npm.pkg.github.com/vltsandbox/@babel%2fcore 144ms (cache updated)
npm http fetch GET 200 https://npm.pkg.github.com/vltsandbox/@babel%2fhelper-member-expression-to-functions 120ms (cache miss)
npm http fetch GET 200 https://npm.pkg.github.com/vltsandbox/@babel%2fhelper-replace-supers 141ms (cache miss)
npm http fetch GET 200 https://npm.pkg.github.com/vltsandbox/@babel%2fhelper-optimise-call-expression 209ms (cache miss)
npm http fetch GET 200 https://npm.pkg.github.com/vltsandbox/@vue%2fcompiler-sfc 161ms (cache updated)
npm http fetch GET 200 https://npm.pkg.github.com/vltsandbox/postcss 144ms (cache updated)
npm http fetch GET 200 https://npm.pkg.github.com/vltsandbox/magic-string 151ms (cache updated)
npm http fetch GET 200 https://npm.pkg.github.com/vltsandbox/estree-walker 157ms (cache miss)
npm http fetch GET 200 https://npm.pkg.github.com/vltsandbox/source-map-js 112ms (cache miss)
npm http fetch GET 200 https://npm.pkg.github.com/vltsandbox/@vue%2fcompiler-ssr 139ms (cache miss)
npm http fetch GET 200 https://npm.pkg.github.com/vltsandbox/entities 107ms (cache updated)
npm http fetch GET 200 https://npm.pkg.github.com/vltsandbox/nanoid 122ms (cache miss)
npm http fetch GET 200 https://npm.pkg.github.com/vltsandbox/eslint 180ms (cache updated)
npm http fetch GET 200 https://npm.pkg.github.com/vltsandbox/prettier 128ms (cache updated)
npm http fetch GET 200 https://npm.pkg.github.com/vltsandbox/prettier-linter-helpers 102ms (cache miss)
npm http fetch GET 200 https://npm.pkg.github.com/vltsandbox/synckit 131ms (cache miss)
npm http fetch GET 200 https://npm.pkg.github.com/vltsandbox/eslint 161ms (cache updated)
npm http fetch GET 200 https://npm.pkg.github.com/vltsandbox/typescript 385ms (cache updated)
npm http fetch GET 200 https://npm.pkg.github.com/vltsandbox/@nodelib%2ffs.stat 118ms (cache miss)
npm http fetch GET 200 https://npm.pkg.github.com/vltsandbox/@nodelib%2ffs.walk 140ms (cache miss)
npm http fetch GET 200 https://npm.pkg.github.com/vltsandbox/glob-parent 147ms (cache updated)
npm http fetch GET 200 https://npm.pkg.github.com/vltsandbox/merge2 138ms (cache miss)
npm http fetch GET 200 https://npm.pkg.github.com/vltsandbox/micromatch 149ms (cache miss)
npm http fetch GET 200 https://npm.pkg.github.com/vltsandbox/eslint-scope 139ms (cache updated)
npm http fetch GET 200 https://npm.pkg.github.com/vltsandbox/eslint-visitor-keys 140ms (cache updated)
npm http fetch GET 200 https://npm.pkg.github.com/vltsandbox/@typescript-eslint%2fparser 499ms (cache miss)
npm http fetch GET 200 https://npm.pkg.github.com/vltsandbox/espree 140ms (cache updated)
npm http fetch GET 200 https://npm.pkg.github.com/vltsandbox/esquery 120ms (cache updated)
npm http fetch GET 200 https://npm.pkg.github.com/vltsandbox/@typescript-eslint%2feslint-plugin 607ms (cache miss)
npm http fetch GET 200 https://npm.pkg.github.com/vltsandbox/config-chain 100ms (cache miss)
npm http fetch GET 200 https://npm.pkg.github.com/vltsandbox/glob 118ms (cache miss)
npm http fetch GET 200 https://npm.pkg.github.com/vltsandbox/editorconfig 129ms (cache miss)
npm http fetch GET 200 https://npm.pkg.github.com/vltsandbox/js-cookie 105ms (cache miss)
npm http fetch GET 200 https://npm.pkg.github.com/vltsandbox/nopt 100ms (cache miss)
npm http fetch GET 200 https://npm.pkg.github.com/vltsandbox/browserslist 118ms (cache updated)
npm http fetch GET 200 https://npm.pkg.github.com/vltsandbox/escalade 116ms (cache miss)
npm http fetch GET 200 https://npm.pkg.github.com/vltsandbox/@types%2fjson-schema 112ms (cache miss)
npm http fetch GET 200 https://npm.pkg.github.com/vltsandbox/@eslint%2fobject-schema 158ms (cache miss)
npm http fetch GET 200 https://npm.pkg.github.com/vltsandbox/espree 172ms (cache updated)
npm http fetch GET 200 https://npm.pkg.github.com/vltsandbox/import-fresh 115ms (cache miss)
npm http fetch GET 200 https://npm.pkg.github.com/vltsandbox/globals 181ms (cache updated)
npm http fetch GET 200 https://npm.pkg.github.com/vltsandbox/js-yaml 166ms (cache miss)
npm http fetch GET 200 https://npm.pkg.github.com/vltsandbox/levn 99ms (cache miss)
npm http fetch GET 200 https://npm.pkg.github.com/vltsandbox/strip-json-comments 110ms (cache miss)
npm http fetch GET 200 https://npm.pkg.github.com/vltsandbox/@humanfs%2fcore 112ms (cache miss)
npm http fetch GET 200 https://npm.pkg.github.com/vltsandbox/@humanfs%2ftypes 108ms (cache miss)
npm http fetch GET 200 https://npm.pkg.github.com/vltsandbox/@humanwhocodes%2fretry 129ms (cache updated)
npm http fetch GET 200 https://npm.pkg.github.com/vltsandbox/fast-deep-equal 102ms (cache updated)
npm http fetch GET 200 https://npm.pkg.github.com/vltsandbox/uri-js 173ms (cache miss)
npm http fetch GET 200 https://npm.pkg.github.com/vltsandbox/json-schema-traverse 130ms (cache miss)
npm http fetch GET 200 https://npm.pkg.github.com/vltsandbox/fast-json-stable-stringify 99ms (cache miss)
npm http fetch GET 200 https://npm.pkg.github.com/vltsandbox/ansi-styles 94ms (cache updated)
npm http fetch GET 200 https://npm.pkg.github.com/vltsandbox/supports-color 99ms (cache miss)
npm http fetch GET 200 https://npm.pkg.github.com/vltsandbox/path-key 90ms (cache miss)
npm http fetch GET 200 https://npm.pkg.github.com/vltsandbox/which 105ms (cache updated)
npm http fetch GET 200 https://npm.pkg.github.com/vltsandbox/shebang-command 97ms (cache miss)
npm http fetch GET 200 https://npm.pkg.github.com/vltsandbox/esrecurse 93ms (cache miss)
npm http fetch GET 200 https://npm.pkg.github.com/vltsandbox/estraverse 103ms (cache miss)
npm http fetch GET 200 https://npm.pkg.github.com/vltsandbox/acorn 117ms (cache miss)
npm http fetch GET 200 https://npm.pkg.github.com/vltsandbox/acorn-jsx 101ms (cache miss)
npm http fetch GET 200 https://npm.pkg.github.com/vltsandbox/estraverse 98ms (cache updated)
npm http fetch GET 200 https://npm.pkg.github.com/vltsandbox/flat-cache 96ms (cache miss)
npm http fetch GET 200 https://npm.pkg.github.com/vltsandbox/locate-path 105ms (cache miss)
npm http fetch GET 200 https://npm.pkg.github.com/vltsandbox/path-exists 105ms (cache miss)
npm http fetch GET 200 https://npm.pkg.github.com/vltsandbox/is-glob 108ms (cache updated)
npm http fetch GET 200 https://npm.pkg.github.com/vltsandbox/is-extglob 89ms (cache miss)
npm http fetch GET 200 https://npm.pkg.github.com/vltsandbox/brace-expansion 104ms (cache updated)
npm http fetch GET 200 https://npm.pkg.github.com/vltsandbox/deep-is 90ms (cache miss)
npm http fetch GET 200 https://npm.pkg.github.com/vltsandbox/prelude-ls 111ms (cache miss)
npm http fetch GET 200 https://npm.pkg.github.com/vltsandbox/word-wrap 108ms (cache miss)
npm http fetch GET 200 https://npm.pkg.github.com/vltsandbox/type-check 117ms (cache miss)
npm http fetch GET 200 https://npm.pkg.github.com/vltsandbox/fast-levenshtein 112ms (cache miss)
npm http fetch GET 200 https://npm.pkg.github.com/vltsandbox/resolve-from 96ms (cache miss)
npm http fetch GET 200 https://npm.pkg.github.com/vltsandbox/parent-module 104ms (cache miss)
npm http fetch GET 200 https://npm.pkg.github.com/vltsandbox/argparse 129ms (cache miss)
npm http fetch GET 200 https://npm.pkg.github.com/vltsandbox/type-check 149ms (cache updated)
npm http fetch GET 200 https://npm.pkg.github.com/vltsandbox/punycode 92ms (cache miss)
npm http fetch GET 200 https://npm.pkg.github.com/vltsandbox/has-flag 104ms (cache miss)
npm http fetch GET 200 https://npm.pkg.github.com/vltsandbox/color-convert 131ms (cache miss)
npm http fetch GET 200 https://npm.pkg.github.com/vltsandbox/color-name 111ms (cache miss)
npm http fetch GET 200 https://npm.pkg.github.com/vltsandbox/isexe 94ms (cache miss)
npm http fetch GET 200 https://npm.pkg.github.com/vltsandbox/shebang-regex 113ms (cache miss)
npm http fetch GET 200 https://npm.pkg.github.com/vltsandbox/fast-diff 96ms (cache miss)
npm http fetch GET 200 https://npm.pkg.github.com/vltsandbox/@pkgr%2fcore 127ms (cache miss)
npm http fetch GET 200 https://npm.pkg.github.com/vltsandbox/eslint 158ms (cache updated)
npm http fetch GET 200 https://npm.pkg.github.com/vltsandbox/boolbase 123ms (cache miss)
npm http fetch GET 200 https://npm.pkg.github.com/vltsandbox/cssesc 124ms (cache miss)
npm http fetch GET 200 https://npm.pkg.github.com/vltsandbox/type-fest 130ms (cache miss)
npm http fetch GET 200 https://npm.pkg.github.com/vltsandbox/util-deprecate 86ms (cache miss)
npm http fetch GET 200 https://npm.pkg.github.com/vltsandbox/espree 106ms (cache updated)
npm http fetch GET 200 https://npm.pkg.github.com/vltsandbox/lodash 114ms (cache miss)
npm http fetch GET 200 https://npm.pkg.github.com/vltsandbox/eslint-scope 96ms (cache updated)
npm http fetch GET 200 https://npm.pkg.github.com/vltsandbox/braces 95ms (cache miss)
npm http fetch GET 200 https://npm.pkg.github.com/vltsandbox/@nodelib%2ffs.scandir 109ms (cache miss)
npm http fetch GET 200 https://npm.pkg.github.com/vltsandbox/fastq 110ms (cache miss)
npm http fetch GET 200 https://npm.pkg.github.com/vltsandbox/picomatch 102ms (cache updated)
npm http fetch GET 200 https://npm.pkg.github.com/vltsandbox/reusify 119ms (cache miss)
npm http fetch GET 200 https://npm.pkg.github.com/vltsandbox/run-parallel 127ms (cache miss)
npm http fetch GET 200 https://npm.pkg.github.com/vltsandbox/queue-microtask 132ms (cache miss)
npm http fetch GET 200 https://npm.pkg.github.com/vltsandbox/flatted 110ms (cache miss)
npm http fetch GET 200 https://npm.pkg.github.com/vltsandbox/keyv 119ms (cache miss)
npm http fetch GET 200 https://npm.pkg.github.com/vltsandbox/p-locate 93ms (cache miss)
npm http fetch GET 200 https://npm.pkg.github.com/vltsandbox/json-buffer 124ms (cache miss)
npm http fetch GET 200 https://npm.pkg.github.com/vltsandbox/callsites 107ms (cache miss)
npm http fetch GET 200 https://npm.pkg.github.com/vltsandbox/proto-list 94ms (cache miss)
npm http fetch GET 200 https://npm.pkg.github.com/vltsandbox/ini 96ms (cache miss)
npm http fetch GET 200 https://npm.pkg.github.com/vltsandbox/@one-ini%2fwasm 119ms (cache miss)
npm http fetch GET 200 https://npm.pkg.github.com/vltsandbox/commander 118ms (cache miss)
npm http fetch GET 200 https://npm.pkg.github.com/vltsandbox/path-scurry 105ms (cache miss)
npm http fetch GET 200 https://npm.pkg.github.com/vltsandbox/minipass 132ms (cache miss)
npm http fetch GET 200 https://npm.pkg.github.com/vltsandbox/abbrev 98ms (cache miss)
npm http fetch GET 200 https://npm.pkg.github.com/vltsandbox/lru-cache 111ms (cache updated)
npm http fetch GET 200 https://npm.pkg.github.com/vltsandbox/rrweb-cssom 87ms (cache updated)
npm http fetch GET 200 https://npm.pkg.github.com/vltsandbox/hasown 105ms (cache miss)
npm http fetch GET 200 https://npm.pkg.github.com/vltsandbox/asynckit 90ms (cache miss)
npm http fetch GET 200 https://npm.pkg.github.com/vltsandbox/mime-types 100ms (cache miss)
npm http fetch GET 200 https://npm.pkg.github.com/vltsandbox/@asamuzakjp%2fcss-color 254ms (cache miss)
npm http fetch GET 200 https://npm.pkg.github.com/vltsandbox/combined-stream 150ms (cache miss)
npm http fetch GET 200 https://npm.pkg.github.com/vltsandbox/es-set-tostringtag 149ms (cache miss)
npm http fetch GET 200 https://npm.pkg.github.com/vltsandbox/agent-base 103ms (cache miss)
npm http fetch GET 200 https://npm.pkg.github.com/vltsandbox/agent-base 118ms (cache miss)
npm http fetch GET 200 https://npm.pkg.github.com/vltsandbox/xmlchars 99ms (cache miss)
npm http fetch GET 200 https://npm.pkg.github.com/vltsandbox/iconv-lite 104ms (cache miss)
npm http fetch GET 200 https://npm.pkg.github.com/vltsandbox/tldts 218ms (cache miss)
npm http fetch GET 200 https://npm.pkg.github.com/vltsandbox/tr46 158ms (cache miss)
npm http fetch GET 200 https://npm.pkg.github.com/vltsandbox/lru-cache 126ms (cache updated)
npm http fetch GET 200 https://npm.pkg.github.com/vltsandbox/@csstools%2fcss-tokenizer 195ms (cache miss)
npm http fetch GET 200 https://npm.pkg.github.com/vltsandbox/@csstools%2fcss-calc 284ms (cache miss)
npm http fetch GET 200 https://npm.pkg.github.com/vltsandbox/@csstools%2fcss-color-parser 186ms (cache miss)
npm http fetch GET 200 https://npm.pkg.github.com/vltsandbox/@csstools%2fcss-parser-algorithms 150ms (cache miss)
npm http fetch GET 200 https://npm.pkg.github.com/vltsandbox/@csstools%2fcolor-helpers 105ms (cache miss)
npm http fetch GET 200 https://npm.pkg.github.com/vltsandbox/delayed-stream 97ms (cache miss)
npm http fetch GET 200 https://npm.pkg.github.com/vltsandbox/get-intrinsic 100ms (cache miss)
npm http fetch GET 200 https://npm.pkg.github.com/vltsandbox/es-errors 111ms (cache miss)
npm http fetch GET 200 https://npm.pkg.github.com/vltsandbox/has-tostringtag 99ms (cache miss)
npm http fetch GET 200 https://npm.pkg.github.com/vltsandbox/function-bind 94ms (cache miss)
npm http fetch GET 200 https://npm.pkg.github.com/vltsandbox/hasown 125ms (cache updated)
npm http fetch GET 200 https://npm.pkg.github.com/vltsandbox/mime-db 95ms (cache miss)
npm http fetch GET 200 https://npm.pkg.github.com/vltsandbox/gopd 93ms (cache miss)
npm http fetch GET 200 https://npm.pkg.github.com/vltsandbox/has-symbols 97ms (cache miss)
npm http fetch GET 200 https://npm.pkg.github.com/vltsandbox/get-proto 104ms (cache miss)
npm http fetch GET 200 https://npm.pkg.github.com/vltsandbox/es-object-atoms 90ms (cache miss)
npm http fetch GET 200 https://npm.pkg.github.com/vltsandbox/math-intrinsics 99ms (cache miss)
npm http fetch GET 200 https://npm.pkg.github.com/vltsandbox/es-define-property 94ms (cache miss)
npm http fetch GET 200 https://npm.pkg.github.com/vltsandbox/call-bind-apply-helpers 95ms (cache miss)
npm http fetch GET 200 https://npm.pkg.github.com/vltsandbox/has-symbols 97ms (cache updated)
npm http fetch GET 200 https://npm.pkg.github.com/vltsandbox/dunder-proto 135ms (cache miss)
npm http fetch GET 200 https://npm.pkg.github.com/vltsandbox/p-limit 120ms (cache miss)
npm http fetch GET 200 https://npm.pkg.github.com/vltsandbox/fill-range 169ms (cache miss)
npm http fetch GET 200 https://npm.pkg.github.com/vltsandbox/to-regex-range 91ms (cache miss)
npm http fetch GET 200 https://npm.pkg.github.com/vltsandbox/is-number 118ms (cache miss)
npm http fetch GET 200 https://npm.pkg.github.com/vltsandbox/balanced-match 125ms (cache miss)
npm http fetch GET 200 https://npm.pkg.github.com/vltsandbox/npm-normalize-package-bin 105ms (cache miss)
npm http fetch GET 200 https://npm.pkg.github.com/vltsandbox/json-parse-even-better-errors 111ms (cache miss)
npm http fetch GET 200 https://npm.pkg.github.com/vltsandbox/brace-expansion 113ms (cache updated)
npm http fetch GET 200 https://npm.pkg.github.com/vltsandbox/isexe 119ms (cache updated)
npm http fetch GET 200 https://npm.pkg.github.com/vltsandbox/yocto-queue 96ms (cache miss)
npm http fetch GET 200 https://npm.pkg.github.com/vltsandbox/vue 170ms (cache updated)
npm http fetch GET 200 https://npm.pkg.github.com/vltsandbox/typescript 377ms (cache updated)
npm http fetch GET 200 https://npm.pkg.github.com/vltsandbox/tldts-core 161ms (cache miss)
npm http fetch GET 200 https://npm.pkg.github.com/vltsandbox/ignore 112ms (cache updated)
npm http fetch GET 200 https://npm.pkg.github.com/vltsandbox/@typescript-eslint%2ftype-utils 1407ms (cache miss)
npm http fetch GET 200 https://npm.pkg.github.com/vltsandbox/@esbuild%2faix-ppc64 115ms (cache miss)
npm http fetch GET 200 https://npm.pkg.github.com/vltsandbox/@esbuild%2flinux-arm 118ms (cache miss)
npm http fetch GET 200 https://npm.pkg.github.com/vltsandbox/@esbuild%2flinux-x64 216ms (cache miss)
npm http fetch GET 200 https://npm.pkg.github.com/vltsandbox/@esbuild%2fsunos-x64 146ms (cache miss)
npm http fetch GET 200 https://npm.pkg.github.com/vltsandbox/@esbuild%2fwin32-x64 157ms (cache miss)
npm http fetch GET 200 https://npm.pkg.github.com/vltsandbox/@esbuild%2fdarwin-x64 99ms (cache miss)
npm http fetch GET 200 https://npm.pkg.github.com/vltsandbox/@esbuild%2flinux-ia32 107ms (cache miss)
npm http fetch GET 200 https://npm.pkg.github.com/vltsandbox/@esbuild%2fnetbsd-x64 101ms (cache miss)
npm http fetch GET 200 https://npm.pkg.github.com/vltsandbox/@esbuild%2fwin32-ia32 108ms (cache miss)
npm http fetch GET 200 https://npm.pkg.github.com/vltsandbox/@esbuild%2fandroid-arm 116ms (cache miss)
npm http fetch GET 200 https://npm.pkg.github.com/vltsandbox/@esbuild%2fandroid-x64 114ms (cache miss)
npm http fetch GET 200 https://npm.pkg.github.com/vltsandbox/@esbuild%2ffreebsd-x64 123ms (cache miss)
npm http fetch GET 200 https://npm.pkg.github.com/vltsandbox/@esbuild%2flinux-ppc64 111ms (cache miss)
npm http fetch GET 200 https://npm.pkg.github.com/vltsandbox/@esbuild%2flinux-arm64 119ms (cache miss)
npm http fetch GET 200 https://npm.pkg.github.com/vltsandbox/@esbuild%2flinux-s390x 118ms (cache miss)
npm http fetch GET 200 https://npm.pkg.github.com/vltsandbox/@esbuild%2fopenbsd-x64 113ms (cache miss)
npm http fetch GET 200 https://npm.pkg.github.com/vltsandbox/@esbuild%2fwin32-arm64 117ms (cache miss)
npm http fetch GET 200 https://npm.pkg.github.com/vltsandbox/@esbuild%2fdarwin-arm64 146ms (cache miss)
npm http fetch GET 200 https://npm.pkg.github.com/vltsandbox/@esbuild%2fnetbsd-arm64 103ms (cache miss)
npm http fetch GET 200 https://npm.pkg.github.com/vltsandbox/@esbuild%2fandroid-arm64 131ms (cache miss)
npm http fetch GET 200 https://npm.pkg.github.com/vltsandbox/@esbuild%2ffreebsd-arm64 120ms (cache miss)
npm http fetch GET 200 https://npm.pkg.github.com/vltsandbox/@esbuild%2flinux-loong64 123ms (cache miss)
npm http fetch GET 200 https://npm.pkg.github.com/vltsandbox/@esbuild%2flinux-riscv64 126ms (cache miss)
npm http fetch GET 200 https://npm.pkg.github.com/vltsandbox/@esbuild%2fopenbsd-arm64 101ms (cache miss)
npm http fetch GET 200 https://npm.pkg.github.com/vltsandbox/@esbuild%2flinux-mips64el 130ms (cache miss)
npm http fetch GET 200 https://npm.pkg.github.com/vltsandbox/@esbuild%2fopenharmony-arm64 109ms (cache miss)
npm http fetch GET 200 https://npm.pkg.github.com/vltsandbox/@rollup%2frollup-darwin-x64 127ms (cache miss)
npm http fetch GET 200 https://npm.pkg.github.com/vltsandbox/@rollup%2frollup-freebsd-x64 112ms (cache miss)
npm http fetch GET 200 https://npm.pkg.github.com/vltsandbox/@rollup%2frollup-openbsd-x64 102ms (cache miss)
npm http fetch GET 200 https://npm.pkg.github.com/vltsandbox/@napi-rs%2flzma-linux-x64-gnu 94ms (cache miss)
npm http fetch GET 200 https://npm.pkg.github.com/vltsandbox/@rollup%2frollup-darwin-arm64 120ms (cache miss)
npm http fetch GET 200 https://npm.pkg.github.com/vltsandbox/@rollup%2frollup-freebsd-arm64 97ms (cache miss)
npm http fetch GET 200 https://npm.pkg.github.com/vltsandbox/@rollup%2frollup-android-arm64 188ms (cache miss)
npm http fetch GET 200 https://npm.pkg.github.com/vltsandbox/@rollup%2frollup-linux-x64-gnu 118ms (cache miss)
npm http fetch GET 200 https://npm.pkg.github.com/vltsandbox/@rollup%2frollup-win32-x64-gnu 121ms (cache miss)
npm http fetch GET 200 https://npm.pkg.github.com/vltsandbox/@rollup%2frollup-linux-x64-musl 109ms (cache miss)
npm http fetch GET 200 https://npm.pkg.github.com/vltsandbox/@rollup%2frollup-win32-x64-msvc 124ms (cache miss)
npm http fetch GET 200 https://npm.pkg.github.com/vltsandbox/@rollup%2frollup-linux-ppc64-gnu 117ms (cache miss)
npm http fetch GET 200 https://npm.pkg.github.com/vltsandbox/@rollup%2frollup-linux-arm64-gnu 133ms (cache miss)
npm http fetch GET 200 https://npm.pkg.github.com/vltsandbox/@rollup%2frollup-linux-s390x-gnu 110ms (cache miss)
npm http fetch GET 200 https://npm.pkg.github.com/vltsandbox/@rollup%2frollup-win32-ia32-msvc 124ms (cache miss)
npm http fetch GET 200 https://npm.pkg.github.com/vltsandbox/@rollup%2frollup-android-arm-eabi 137ms (cache miss)
npm http fetch GET 200 https://npm.pkg.github.com/vltsandbox/@rollup%2frollup-linux-arm64-musl 126ms (cache miss)
npm http fetch GET 200 https://npm.pkg.github.com/vltsandbox/@rollup%2frollup-linux-ppc64-musl 109ms (cache miss)
npm http fetch GET 200 https://npm.pkg.github.com/vltsandbox/@rollup%2frollup-win32-arm64-msvc 116ms (cache miss)
npm http fetch GET 200 https://npm.pkg.github.com/vltsandbox/@rollup%2frollup-linux-loong64-gnu 105ms (cache miss)
npm http fetch GET 200 https://npm.pkg.github.com/vltsandbox/@rollup%2frollup-linux-riscv64-gnu 118ms (cache miss)
npm http fetch GET 200 https://npm.pkg.github.com/vltsandbox/@rollup%2frollup-linux-loong64-musl 110ms (cache miss)
npm http fetch GET 200 https://npm.pkg.github.com/vltsandbox/@rollup%2frollup-openharmony-arm64 170ms (cache miss)
npm http fetch GET 200 https://npm.pkg.github.com/vltsandbox/@rollup%2frollup-linux-riscv64-musl 113ms (cache miss)
npm http fetch GET 200 https://npm.pkg.github.com/vltsandbox/@rollup%2frollup-linux-arm-musleabihf 111ms (cache miss)
npm http fetch GET 200 https://npm.pkg.github.com/vltsandbox/@rollup%2frollup-linux-arm-gnueabihf 181ms (cache miss)
npm http fetch GET 200 https://npm.pkg.github.com/vltsandbox/vue 173ms (cache updated)
npm http fetch GET 200 https://npm.pkg.github.com/vltsandbox/vite 1365ms (cache updated)
npm http fetch GET 200 https://npm.pkg.github.com/vltsandbox/vite 1478ms (cache updated)
npm http fetch GET 200 https://npm.pkg.github.com/vltsandbox/pathe 105ms (cache updated)
npm http fetch GET 200 https://npm.pkg.github.com/vltsandbox/nanoid 117ms (cache updated)
npm http fetch GET 200 https://npm.pkg.github.com/vltsandbox/mitt 122ms (cache miss)
npm http fetch GET 200 https://npm.pkg.github.com/vltsandbox/mitt 101ms (cache updated)
npm http fetch GET 200 https://npm.pkg.github.com/vltsandbox/birpc 137ms (cache miss)
npm http fetch GET 200 https://npm.pkg.github.com/vltsandbox/vite-hot-client 157ms (cache miss)
npm http fetch GET 200 https://npm.pkg.github.com/vltsandbox/hookable 128ms (cache miss)
npm http fetch GET 200 https://npm.pkg.github.com/vltsandbox/speakingurl 99ms (cache miss)
npm http fetch GET 200 https://npm.pkg.github.com/vltsandbox/superjson 109ms (cache miss)
npm http fetch GET 200 https://npm.pkg.github.com/vltsandbox/perfect-debounce 105ms (cache miss)
npm http fetch GET 200 https://npm.pkg.github.com/vltsandbox/rfdc 111ms (cache miss)
npm http fetch GET 200 https://npm.pkg.github.com/vltsandbox/figures 170ms (cache miss)
npm http fetch GET 200 https://npm.pkg.github.com/vltsandbox/pretty-ms 93ms (cache miss)
npm http fetch GET 200 https://npm.pkg.github.com/vltsandbox/is-stream 134ms (cache miss)
npm http fetch GET 200 https://npm.pkg.github.com/vltsandbox/get-stream 95ms (cache miss)
npm http fetch GET 200 https://npm.pkg.github.com/vltsandbox/signal-exit 98ms (cache miss)
npm http fetch GET 200 https://npm.pkg.github.com/vltsandbox/yoctocolors 107ms (cache miss)
npm http fetch GET 200 https://npm.pkg.github.com/vltsandbox/is-plain-obj 95ms (cache miss)
npm http fetch GET 200 https://npm.pkg.github.com/vltsandbox/npm-run-path 90ms (cache miss)
npm http fetch GET 200 https://npm.pkg.github.com/vltsandbox/human-signals 93ms (cache miss)
npm http fetch GET 200 https://npm.pkg.github.com/vltsandbox/strip-final-newline 136ms (cache miss)
npm http fetch GET 200 https://npm.pkg.github.com/vltsandbox/@sindresorhus%2fmerge-streams 109ms (cache miss)
npm http fetch GET 200 https://npm.pkg.github.com/vltsandbox/@polka%2furl 114ms (cache miss)
npm http fetch GET 200 https://npm.pkg.github.com/vltsandbox/mrmime 82ms (cache miss)
npm http fetch GET 200 https://npm.pkg.github.com/vltsandbox/totalist 122ms (cache miss)
npm http fetch GET 200 https://npm.pkg.github.com/vltsandbox/open 101ms (cache miss)
npm http fetch GET 200 https://npm.pkg.github.com/vltsandbox/fs-extra 99ms (cache miss)
npm http fetch GET 200 https://npm.pkg.github.com/vltsandbox/@antfu%2futils 118ms (cache miss)
npm http fetch GET 200 https://npm.pkg.github.com/vltsandbox/@rollup%2fpluginutils 127ms (cache miss)
npm http fetch GET 200 https://npm.pkg.github.com/vltsandbox/error-stack-parser-es 95ms (cache miss)
npm http fetch GET 200 https://npm.pkg.github.com/vltsandbox/kolorist 93ms (cache miss)
npm http fetch GET 200 https://npm.pkg.github.com/vltsandbox/@babel%2fplugin-proposal-decorators 112ms (cache miss)
npm http fetch GET 200 https://npm.pkg.github.com/vltsandbox/@babel%2fplugin-syntax-import-meta 155ms (cache miss)
npm http fetch GET 200 https://npm.pkg.github.com/vltsandbox/@babel%2fplugin-syntax-import-attributes 190ms (cache miss)
npm http fetch GET 200 https://npm.pkg.github.com/vltsandbox/vite 1754ms (cache updated)
npm http fetch GET 200 https://npm.pkg.github.com/vltsandbox/esbuild 160ms (cache updated)
npm http fetch GET 200 https://npm.pkg.github.com/vltsandbox/copy-anything 108ms (cache miss)
npm http fetch GET 200 https://npm.pkg.github.com/vltsandbox/is-unicode-supported 95ms (cache miss)
npm http fetch GET 200 https://npm.pkg.github.com/vltsandbox/path-key 103ms (cache updated)
npm http fetch GET 200 https://npm.pkg.github.com/vltsandbox/@sec-ant%2freadable-stream 112ms (cache miss)
npm http fetch GET 200 https://npm.pkg.github.com/vltsandbox/unicorn-magic 105ms (cache miss)
npm http fetch GET 200 https://npm.pkg.github.com/vltsandbox/parse-ms 112ms (cache miss)
npm http fetch GET 200 https://npm.pkg.github.com/vltsandbox/universalify 93ms (cache miss)
npm http fetch GET 200 https://npm.pkg.github.com/vltsandbox/jsonfile 96ms (cache miss)
npm http fetch GET 200 https://npm.pkg.github.com/vltsandbox/graceful-fs 102ms (cache miss)
npm http fetch GET 200 https://npm.pkg.github.com/vltsandbox/wsl-utils 93ms (cache miss)
npm http fetch GET 200 https://npm.pkg.github.com/vltsandbox/define-lazy-prop 97ms (cache miss)
npm http fetch GET 200 https://npm.pkg.github.com/vltsandbox/default-browser 181ms (cache miss)
npm http fetch GET 200 https://npm.pkg.github.com/vltsandbox/is-inside-container 102ms (cache miss)
npm http fetch GET 200 https://npm.pkg.github.com/vltsandbox/default-browser-id 87ms (cache miss)
npm http fetch GET 200 https://npm.pkg.github.com/vltsandbox/bundle-name 96ms (cache miss)
npm http fetch GET 200 https://npm.pkg.github.com/vltsandbox/is-docker 128ms (cache miss)
npm http fetch GET 200 https://npm.pkg.github.com/vltsandbox/is-wsl 101ms (cache miss)
npm http fetch GET 200 https://npm.pkg.github.com/vltsandbox/run-applescript 89ms (cache miss)
npm http fetch GET 200 https://npm.pkg.github.com/vltsandbox/@babel%2fcore 126ms (cache updated)
npm http fetch GET 200 https://npm.pkg.github.com/vltsandbox/@babel%2fplugin-syntax-decorators 106ms (cache miss)
npm http fetch GET 200 https://npm.pkg.github.com/vltsandbox/@types%2fnode 281ms (cache updated)
npm http fetch GET 200 https://npm.pkg.github.com/vltsandbox/tinyspy 90ms (cache miss)
npm http fetch GET 200 https://npm.pkg.github.com/vltsandbox/estree-walker 117ms (cache updated)
npm http fetch GET 200 https://npm.pkg.github.com/vltsandbox/esbuild 197ms (cache updated)
npm http fetch GET 200 https://npm.pkg.github.com/vltsandbox/loupe 113ms (cache miss)
npm http fetch GET 200 https://npm.pkg.github.com/vltsandbox/loupe 126ms (cache miss)
npm http fetch GET 200 https://npm.pkg.github.com/vltsandbox/pathval 100ms (cache miss)
npm http fetch GET 200 https://npm.pkg.github.com/vltsandbox/deep-eql 101ms (cache miss)
npm http fetch GET 200 https://npm.pkg.github.com/vltsandbox/check-error 103ms (cache miss)
npm http fetch GET 200 https://npm.pkg.github.com/vltsandbox/cac 108ms (cache miss)
npm http fetch GET 200 https://npm.pkg.github.com/vltsandbox/assertion-error 121ms (cache miss)
npm http fetch GET 200 https://npm.pkg.github.com/vltsandbox/es-module-lexer 121ms (cache miss)
npm http fetch GET 200 https://npm.pkg.github.com/vltsandbox/siginfo 92ms (cache miss)
npm http fetch GET 200 https://npm.pkg.github.com/vltsandbox/stackback 111ms (cache miss)
npm http fetch GET 200 https://npm.pkg.github.com/vltsandbox/csstype 101ms (cache miss)
npm http fetch GET 200 https://npm.pkg.github.com/vltsandbox/@vue%2fruntime-core 122ms (cache miss)
npm http fetch GET 200 https://npm.pkg.github.com/vltsandbox/@vue%2freactivity 135ms (cache miss)
npm http fetch GET 200 https://npm.pkg.github.com/vltsandbox/typescript 365ms (cache updated)
npm http fetch GET 200 https://npm.pkg.github.com/vltsandbox/path-browserify 109ms (cache miss)
npm http fetch GET 200 https://npm.pkg.github.com/vltsandbox/vscode-uri 112ms (cache miss)
npm http fetch GET 200 https://npm.pkg.github.com/vltsandbox/@volar%2flanguage-core 135ms (cache miss)
npm http fetch GET 200 https://npm.pkg.github.com/vltsandbox/minimatch 110ms (cache updated)
npm http fetch GET 200 https://npm.pkg.github.com/vltsandbox/alien-signals 127ms (cache miss)
npm http fetch GET 200 https://npm.pkg.github.com/vltsandbox/muggle-string 109ms (cache miss)
npm http fetch GET 200 https://npm.pkg.github.com/vltsandbox/@vue%2fcompiler-vue2 103ms (cache miss)
npm http fetch GET 200 https://npm.pkg.github.com/vltsandbox/@volar%2fsource-map 142ms (cache miss)
npm http fetch GET 200 https://npm.pkg.github.com/vltsandbox/de-indent 83ms (cache miss)
npm http fetch GET 200 https://npm.pkg.github.com/vltsandbox/he 107ms (cache miss)
npm http fetch GET 200 https://npm.pkg.github.com/vltsandbox/safer-buffer 91ms (cache miss)
npm http fetch GET 200 https://npm.pkg.github.com/vltsandbox/balanced-match 87ms (cache updated)
npm http fetch GET 200 https://npm.pkg.github.com/vltsandbox/concat-map 100ms (cache miss)
npm http fetch GET 200 https://npm.pkg.github.com/vltsandbox/@esbuild%2flinux-x64 104ms (cache updated)
npm http fetch GET 200 https://npm.pkg.github.com/vltsandbox/@esbuild%2flinux-arm 112ms (cache updated)
npm http fetch GET 200 https://npm.pkg.github.com/vltsandbox/@esbuild%2faix-ppc64 126ms (cache updated)
npm http fetch GET 200 https://npm.pkg.github.com/vltsandbox/@esbuild%2fsunos-x64 109ms (cache updated)
npm http fetch GET 200 https://npm.pkg.github.com/vltsandbox/@esbuild%2fwin32-x64 114ms (cache updated)
npm http fetch GET 200 https://npm.pkg.github.com/vltsandbox/@esbuild%2fdarwin-x64 149ms (cache updated)
npm http fetch GET 200 https://npm.pkg.github.com/vltsandbox/@esbuild%2flinux-ia32 119ms (cache updated)
npm http fetch GET 200 https://npm.pkg.github.com/vltsandbox/@esbuild%2fnetbsd-x64 130ms (cache updated)
npm http fetch GET 200 https://npm.pkg.github.com/vltsandbox/@esbuild%2fwin32-ia32 122ms (cache updated)
npm http fetch GET 200 https://npm.pkg.github.com/vltsandbox/@esbuild%2fandroid-arm 147ms (cache updated)
npm http fetch GET 200 https://npm.pkg.github.com/vltsandbox/@esbuild%2fandroid-x64 127ms (cache updated)
npm http fetch GET 200 https://npm.pkg.github.com/vltsandbox/@esbuild%2ffreebsd-x64 115ms (cache updated)
npm http fetch GET 200 https://npm.pkg.github.com/vltsandbox/@esbuild%2flinux-arm64 114ms (cache updated)
npm http fetch GET 200 https://npm.pkg.github.com/vltsandbox/@esbuild%2flinux-ppc64 130ms (cache updated)
npm http fetch GET 200 https://npm.pkg.github.com/vltsandbox/@esbuild%2flinux-s390x 139ms (cache updated)
npm http fetch GET 200 https://npm.pkg.github.com/vltsandbox/@esbuild%2fwin32-arm64 107ms (cache updated)
npm http fetch GET 200 https://npm.pkg.github.com/vltsandbox/@esbuild%2fopenbsd-x64 143ms (cache updated)
npm http fetch GET 200 https://npm.pkg.github.com/vltsandbox/@esbuild%2fdarwin-arm64 123ms (cache updated)
npm http fetch GET 200 https://npm.pkg.github.com/vltsandbox/@esbuild%2fandroid-arm64 134ms (cache updated)
npm http fetch GET 200 https://npm.pkg.github.com/vltsandbox/@esbuild%2ffreebsd-arm64 118ms (cache updated)
npm http fetch GET 200 https://npm.pkg.github.com/vltsandbox/@esbuild%2flinux-loong64 155ms (cache updated)
npm http fetch GET 200 https://npm.pkg.github.com/vltsandbox/@esbuild%2flinux-riscv64 111ms (cache updated)
npm http fetch GET 200 https://npm.pkg.github.com/vltsandbox/@esbuild%2flinux-mips64el 127ms (cache updated)
npm http fetch GET 200 https://registry.npmjs.com/concat-map/-/concat-map-0.0.1.tgz 357ms (cache miss)
npm http fetch GET 200 https://registry.npmjs.com/is-wsl/-/is-wsl-3.1.1.tgz 357ms (cache miss)
npm http fetch GET 200 https://registry.npmjs.com/safer-buffer/-/safer-buffer-2.1.2.tgz 394ms (cache miss)
npm http fetch GET 200 https://registry.npmjs.com/stackback/-/stackback-0.0.2.tgz 468ms (cache miss)
npm http fetch GET 200 https://registry.npmjs.com/isexe/-/isexe-2.0.0.tgz 480ms (cache miss)
npm http fetch GET 200 https://registry.npmjs.com/de-indent/-/de-indent-1.0.2.tgz 494ms (cache miss)
npm http fetch GET 200 https://registry.npmjs.com/path-browserify/-/path-browserify-1.0.1.tgz 511ms (cache miss)
npm http fetch GET 200 https://registry.npmjs.com/tr46/-/tr46-5.1.1.tgz 530ms (cache miss)
npm http fetch GET 200 https://registry.npmjs.com/pathval/-/pathval-2.0.1.tgz 527ms (cache miss)
npm http fetch GET 200 https://registry.npmjs.com/siginfo/-/siginfo-2.0.0.tgz 543ms (cache miss)
npm http fetch GET 200 https://registry.npmjs.com/deep-eql/-/deep-eql-5.0.2.tgz 566ms (cache miss)
npm http fetch GET 200 https://registry.npmjs.com/he/-/he-1.2.0.tgz 589ms (cache miss)
npm http fetch GET 200 https://registry.npmjs.com/@volar/source-map/-/source-map-2.4.15.tgz 608ms (cache miss)
npm http fetch GET 200 https://registry.npmjs.com/tinyspy/-/tinyspy-3.0.2.tgz 611ms (cache miss)
npm http fetch GET 200 https://registry.npmjs.com/check-error/-/check-error-2.1.3.tgz 623ms (cache miss)
npm http fetch GET 200 https://registry.npmjs.com/why-is-node-running/-/why-is-node-running-2.3.0.tgz 623ms (cache miss)
npm http fetch GET 200 https://registry.npmjs.com/assertion-error/-/assertion-error-2.0.1.tgz 624ms (cache miss)
npm http fetch GET 200 https://registry.npmjs.com/tinyrainbow/-/tinyrainbow-1.2.0.tgz 623ms (cache miss)
npm http fetch GET 200 https://registry.npmjs.com/es-module-lexer/-/es-module-lexer-1.7.0.tgz 639ms (cache miss)
npm http fetch GET 200 https://registry.npmjs.com/@vue/compiler-vue2/-/compiler-vue2-2.7.16.tgz 655ms (cache miss)
npm http fetch GET 200 https://registry.npmjs.com/alien-signals/-/alien-signals-1.0.13.tgz 657ms (cache miss)
npm http fetch GET 200 https://registry.npmjs.com/tinyexec/-/tinyexec-0.3.2.tgz 674ms (cache miss)
npm http fetch GET 200 https://registry.npmjs.com/@volar/language-core/-/language-core-2.4.15.tgz 697ms (cache miss)
npm http fetch GET 200 https://registry.npmjs.com/std-env/-/std-env-3.10.0.tgz 693ms (cache miss)
npm http fetch GET 200 https://registry.npmjs.com/@vitest/spy/-/spy-2.1.9.tgz 699ms (cache miss)
npm http fetch GET 200 https://registry.npmjs.com/tinybench/-/tinybench-2.9.0.tgz 705ms (cache miss)
npm http fetch GET 200 https://registry.npmjs.com/@babel/plugin-syntax-import-attributes/-/plugin-syntax-import-attributes-7.29.7.tgz 713ms (cache miss)
npm http fetch GET 200 https://registry.npmjs.com/vscode-uri/-/vscode-uri-3.2.0.tgz 725ms (cache miss)
npm http fetch GET 200 https://registry.npmjs.com/run-applescript/-/run-applescript-7.1.0.tgz 729ms (cache miss)
npm http fetch GET 200 https://registry.npmjs.com/default-browser-id/-/default-browser-id-5.0.1.tgz 730ms (cache miss)
npm http fetch GET 200 https://registry.npmjs.com/cac/-/cac-6.7.14.tgz 739ms (cache miss)
npm http fetch GET 200 https://registry.npmjs.com/@babel/plugin-syntax-decorators/-/plugin-syntax-decorators-7.29.7.tgz 735ms (cache miss)
npm http fetch GET 200 https://registry.npmjs.com/@vitest/pretty-format/-/pretty-format-2.1.9.tgz 736ms (cache miss)
npm http fetch GET 200 https://registry.npmjs.com/@babel/plugin-proposal-decorators/-/plugin-proposal-decorators-7.29.7.tgz 734ms (cache miss)
npm http fetch GET 200 https://registry.npmjs.com/@babel/plugin-syntax-import-meta/-/plugin-syntax-import-meta-7.10.4.tgz 739ms (cache miss)
npm http fetch GET 200 https://registry.npmjs.com/@vitest/expect/-/expect-2.1.9.tgz 744ms (cache miss)
npm http fetch GET 200 https://registry.npmjs.com/is-docker/-/is-docker-3.0.0.tgz 744ms (cache miss)
npm http fetch GET 200 https://registry.npmjs.com/bundle-name/-/bundle-name-4.1.1.tgz 743ms (cache miss)
npm http fetch GET 200 https://registry.npmjs.com/@vue/reactivity/-/reactivity-3.5.43.tgz 753ms (cache miss)
npm http fetch GET 200 https://registry.npmjs.com/is-inside-container/-/is-inside-container-1.0.0.tgz 746ms (cache miss)
npm http fetch GET 200 https://registry.npmjs.com/wsl-utils/-/wsl-utils-0.1.0.tgz 746ms (cache miss)
npm http fetch GET 200 https://registry.npmjs.com/define-lazy-prop/-/define-lazy-prop-3.0.0.tgz 751ms (cache miss)
npm http fetch GET 200 https://registry.npmjs.com/universalify/-/universalify-2.0.1.tgz 757ms (cache miss)
npm http fetch GET 200 https://registry.npmjs.com/default-browser/-/default-browser-5.5.1.tgz 759ms (cache miss)
npm http fetch GET 200 https://registry.npmjs.com/tinypool/-/tinypool-1.1.1.tgz 776ms (cache miss)
npm http fetch GET 200 https://registry.npmjs.com/graceful-fs/-/graceful-fs-4.2.11.tgz 770ms (cache miss)
npm http fetch GET 200 https://registry.npmjs.com/jsonfile/-/jsonfile-6.2.1.tgz 774ms (cache miss)
npm http fetch GET 200 https://registry.npmjs.com/@vitest/runner/-/runner-2.1.9.tgz 782ms (cache miss)
npm http fetch GET 200 https://registry.npmjs.com/open/-/open-10.2.0.tgz 779ms (cache miss)
npm http fetch GET 200 https://registry.npmjs.com/copy-anything/-/copy-anything-4.1.5.tgz 789ms (cache miss)
npm http fetch GET 200 https://registry.npmjs.com/@vitest/snapshot/-/snapshot-2.1.9.tgz 795ms (cache miss)
npm http fetch GET 200 https://registry.npmjs.com/mrmime/-/mrmime-2.0.1.tgz 792ms (cache miss)
npm http fetch GET 200 https://registry.npmjs.com/unicorn-magic/-/unicorn-magic-0.3.0.tgz 793ms (cache miss)
npm http fetch GET 200 https://registry.npmjs.com/csstype/-/csstype-3.2.3.tgz 808ms (cache miss)
npm http fetch GET 200 https://registry.npmjs.com/@polka/url/-/url-1.0.0-next.29.tgz 797ms (cache miss)
npm http fetch GET 200 https://registry.npmjs.com/totalist/-/totalist-3.0.1.tgz 806ms (cache miss)
npm http fetch GET 200 https://registry.npmjs.com/parse-ms/-/parse-ms-4.0.0.tgz 806ms (cache miss)
npm http fetch GET 200 https://registry.npmjs.com/@vue/server-renderer/-/server-renderer-3.5.43.tgz 824ms (cache miss)
npm http fetch GET 200 https://registry.npmjs.com/is-unicode-supported/-/is-unicode-supported-2.1.0.tgz 814ms (cache miss)
npm http fetch GET 200 https://registry.npmjs.com/kolorist/-/kolorist-1.8.0.tgz 825ms (cache miss)
npm http fetch GET 200 https://registry.npmjs.com/yoctocolors/-/yoctocolors-2.2.0.tgz 819ms (cache miss)
npm http fetch GET 200 https://registry.npmjs.com/expect-type/-/expect-type-1.4.0.tgz 831ms (cache miss)
npm http fetch GET 200 https://registry.npmjs.com/strip-final-newline/-/strip-final-newline-4.0.0.tgz 823ms (cache miss)
npm http fetch GET 200 https://registry.npmjs.com/@vitest/utils/-/utils-2.1.9.tgz 835ms (cache miss)
npm http fetch GET 200 https://registry.npmjs.com/error-stack-parser-es/-/error-stack-parser-es-0.1.5.tgz 833ms (cache miss)
npm http fetch GET 200 https://registry.npmjs.com/@antfu/utils/-/utils-0.7.10.tgz 833ms (cache miss)
npm http fetch GET 200 https://registry.npmjs.com/@rollup/pluginutils/-/pluginutils-5.4.0.tgz 838ms (cache miss)
npm http fetch GET 200 https://registry.npmjs.com/is-stream/-/is-stream-4.0.1.tgz 835ms (cache miss)
npm http fetch GET 200 https://registry.npmjs.com/is-plain-obj/-/is-plain-obj-4.1.0.tgz 835ms (cache miss)
npm http fetch GET 200 https://registry.npmjs.com/npm-run-path/-/npm-run-path-6.0.0.tgz 846ms (cache miss)
npm http fetch GET 200 https://registry.npmjs.com/muggle-string/-/muggle-string-0.4.1.tgz 874ms (cache miss)
npm http fetch GET 200 https://registry.npmjs.com/figures/-/figures-6.1.0.tgz 858ms (cache miss)
npm http fetch GET 200 https://registry.npmjs.com/@vue/runtime-core/-/runtime-core-3.5.43.tgz 875ms (cache miss)
npm http fetch GET 200 https://registry.npmjs.com/signal-exit/-/signal-exit-4.1.0.tgz 884ms (cache miss)
npm http fetch GET 200 https://registry.npmjs.com/pretty-ms/-/pretty-ms-9.3.1.tgz 889ms (cache miss)
npm http fetch GET 200 https://registry.npmjs.com/rfdc/-/rfdc-1.4.1.tgz 892ms (cache miss)
npm http fetch GET 200 https://registry.npmjs.com/birpc/-/birpc-2.9.0.tgz 892ms (cache miss)
npm http fetch GET 200 https://registry.npmjs.com/human-signals/-/human-signals-8.0.1.tgz 898ms (cache miss)
npm http fetch GET 200 https://registry.npmjs.com/perfect-debounce/-/perfect-debounce-1.0.0.tgz 902ms (cache miss)
npm http fetch GET 200 https://registry.npmjs.com/@sindresorhus/merge-streams/-/merge-streams-4.0.0.tgz 903ms (cache miss)
npm http fetch GET 200 https://registry.npmjs.com/hookable/-/hookable-5.5.3.tgz 922ms (cache miss)
npm http fetch GET 200 https://registry.npmjs.com/get-stream/-/get-stream-9.0.1.tgz 929ms (cache miss)
npm http fetch GET 200 https://registry.npmjs.com/vite-hot-client/-/vite-hot-client-2.2.0.tgz 932ms (cache miss)
npm http fetch GET 200 https://registry.npmjs.com/mitt/-/mitt-3.0.1.tgz 953ms (cache miss)
npm http fetch GET 200 https://registry.npmjs.com/vite-plugin-vue-inspector/-/vite-plugin-vue-inspector-5.4.0.tgz 955ms (cache miss)
npm http fetch GET 200 https://registry.npmjs.com/sirv/-/sirv-3.0.2.tgz 956ms (cache miss)
npm http fetch GET 200 https://registry.npmjs.com/type-fest/-/type-fest-0.20.2.tgz 992ms (cache miss)
npm http fetch GET 200 https://registry.npmjs.com/@vue/runtime-dom/-/runtime-dom-3.5.43.tgz 1009ms (cache miss)
npm http fetch GET 200 https://registry.npmjs.com/@vue/devtools-shared/-/devtools-shared-7.7.10.tgz 1010ms (cache miss)
npm http fetch GET 200 https://registry.npmjs.com/@vue/devtools-core/-/devtools-core-7.7.10.tgz 1031ms (cache miss)
npm http fetch GET 200 https://registry.npmjs.com/punycode/-/punycode-2.3.1.tgz 1036ms (cache miss)
npm http fetch GET 200 https://registry.npmjs.com/escalade/-/escalade-3.2.0.tgz 1041ms (cache miss)
npm http fetch GET 200 https://registry.npmjs.com/is-number/-/is-number-7.0.0.tgz 1064ms (cache miss)
npm http fetch GET 200 https://registry.npmjs.com/shebang-regex/-/shebang-regex-3.0.0.tgz 1064ms (cache miss)
npm http fetch GET 200 https://registry.npmjs.com/has-flag/-/has-flag-4.0.0.tgz 1064ms (cache miss)
npm http fetch GET 200 https://registry.npmjs.com/esbuild/-/esbuild-0.25.12.tgz 1071ms (cache miss)
npm http fetch GET 200 https://registry.npmjs.com/npm-normalize-package-bin/-/npm-normalize-package-bin-4.0.0.tgz 1082ms (cache miss)
npm http fetch GET 200 https://registry.npmjs.com/pathe/-/pathe-2.0.3.tgz 1112ms (cache miss)
npm http fetch GET 200 https://registry.npmjs.com/fast-diff/-/fast-diff-1.3.0.tgz 1113ms (cache miss)
npm http fetch GET 200 https://registry.npmjs.com/cssesc/-/cssesc-3.0.0.tgz 1112ms (cache miss)
npm http fetch GET 200 https://registry.npmjs.com/util-deprecate/-/util-deprecate-1.0.2.tgz 1113ms (cache miss)
npm http fetch GET 200 https://registry.npmjs.com/nanoid/-/nanoid-3.3.19.tgz 1121ms (cache miss)
npm http fetch GET 200 https://registry.npmjs.com/@pkgr/core/-/core-0.3.6.tgz 1135ms (cache miss)
npm http fetch GET 200 https://registry.npmjs.com/yocto-queue/-/yocto-queue-0.1.0.tgz 1138ms (cache miss)
npm http fetch GET 200 https://registry.npmjs.com/p-limit/-/p-limit-3.1.0.tgz 1143ms (cache miss)
npm http fetch GET 200 https://registry.npmjs.com/@vue/devtools-api/-/devtools-api-6.6.4.tgz 1143ms (cache miss)
npm http fetch GET 200 https://registry.npmjs.com/@typescript-eslint/parser/-/parser-8.71.0.tgz 1152ms (cache miss)
npm http fetch GET 200 https://registry.npmjs.com/json-parse-even-better-errors/-/json-parse-even-better-errors-4.0.0.tgz 1155ms (cache miss)
npm http fetch GET 200 https://registry.npmjs.com/fast-levenshtein/-/fast-levenshtein-2.0.6.tgz 1153ms (cache miss)
npm http fetch GET 200 https://registry.npmjs.com/callsites/-/callsites-3.1.0.tgz 1158ms (cache miss)
npm http fetch GET 200 https://registry.npmjs.com/boolbase/-/boolbase-1.0.0.tgz 1158ms (cache miss)
npm http fetch GET 200 https://registry.npmjs.com/word-wrap/-/word-wrap-1.2.5.tgz 1163ms (cache miss)
npm http fetch GET 200 https://registry.npmjs.com/deep-is/-/deep-is-0.1.4.tgz 1169ms (cache miss)
npm http fetch GET 200 https://registry.npmjs.com/read-package-json-fast/-/read-package-json-fast-4.0.0.tgz 1168ms (cache miss)
npm http fetch GET 200 https://registry.npmjs.com/queue-microtask/-/queue-microtask-1.2.3.tgz 1183ms (cache miss)
npm http fetch GET 200 https://registry.npmjs.com/abbrev/-/abbrev-5.0.0.tgz 1179ms (cache miss)
npm http fetch GET 200 https://registry.npmjs.com/pidtree/-/pidtree-0.6.1.tgz 1183ms (cache miss)
npm http fetch GET 200 https://registry.npmjs.com/memorystream/-/memorystream-0.3.1.tgz 1188ms (cache miss)
npm http fetch GET 200 https://registry.npmjs.com/balanced-match/-/balanced-match-4.0.4.tgz 1187ms (cache miss)
npm http fetch GET 200 https://registry.npmjs.com/brace-expansion/-/brace-expansion-5.0.12.tgz 1194ms (cache miss)
npm http fetch GET 200 https://registry.npmjs.com/shell-quote/-/shell-quote-1.11.0.tgz 1201ms (cache miss)
npm http fetch GET 200 https://registry.npmjs.com/fill-range/-/fill-range-7.1.1.tgz 1205ms (cache miss)
npm http fetch GET 200 https://registry.npmjs.com/to-regex-range/-/to-regex-range-5.0.1.tgz 1210ms (cache miss)
npm http fetch GET 200 https://registry.npmjs.com/braces/-/braces-3.0.3.tgz 1215ms (cache miss)
npm http fetch GET 200 https://registry.npmjs.com/vite-node/-/vite-node-2.1.9.tgz 1244ms (cache miss)
npm http fetch GET 200 https://registry.npmjs.com/json-buffer/-/json-buffer-3.0.1.tgz 1223ms (cache miss)
npm http fetch GET 200 https://registry.npmjs.com/yallist/-/yallist-3.1.1.tgz 1228ms (cache miss)
npm http fetch GET 200 https://registry.npmjs.com/p-locate/-/p-locate-5.0.0.tgz 1229ms (cache miss)
npm http fetch GET 200 https://registry.npmjs.com/iconv-lite/-/iconv-lite-0.6.3.tgz 1265ms (cache miss)
npm http fetch GET 200 https://registry.npmjs.com/agent-base/-/agent-base-7.1.4.tgz 1234ms (cache miss)
npm http fetch GET 200 https://registry.npmjs.com/type-check/-/type-check-0.4.0.tgz 1239ms (cache miss)
npm http fetch GET 200 https://registry.npmjs.com/dunder-proto/-/dunder-proto-1.0.1.tgz 1239ms (cache miss)
npm http fetch GET 200 https://registry.npmjs.com/math-intrinsics/-/math-intrinsics-1.1.0.tgz 1239ms (cache miss)
npm http fetch GET 200 https://registry.npmjs.com/picomatch/-/picomatch-2.3.2.tgz 1244ms (cache miss)
npm http fetch GET 200 https://registry.npmjs.com/prelude-ls/-/prelude-ls-1.2.1.tgz 1259ms (cache miss)
npm http fetch GET 200 https://registry.npmjs.com/get-proto/-/get-proto-1.0.1.tgz 1258ms (cache miss)
npm http fetch GET 200 https://registry.npmjs.com/has-symbols/-/has-symbols-1.1.0.tgz 1258ms (cache miss)
npm http fetch GET 200 https://registry.npmjs.com/gopd/-/gopd-1.2.0.tgz 1264ms (cache miss)
npm http fetch GET 200 https://registry.npmjs.com/es-object-atoms/-/es-object-atoms-1.1.2.tgz 1283ms (cache miss)
npm http fetch GET 200 https://registry.npmjs.com/mime-db/-/mime-db-1.52.0.tgz 1293ms (cache miss)
npm http fetch GET 200 https://registry.npmjs.com/has-tostringtag/-/has-tostringtag-1.0.2.tgz 1291ms (cache miss)
npm http fetch GET 200 https://registry.npmjs.com/@vue/devtools-kit/-/devtools-kit-7.7.10.tgz 1308ms (cache miss)
npm http fetch GET 200 https://registry.npmjs.com/function-bind/-/function-bind-1.1.2.tgz 1297ms (cache miss)
npm http fetch GET 200 https://registry.npmjs.com/@sec-ant/readable-stream/-/readable-stream-0.4.1.tgz 1326ms (cache miss)
npm http fetch GET 200 https://registry.npmjs.com/hasown/-/hasown-2.0.4.tgz 1315ms (cache miss)
npm http fetch GET 200 https://registry.npmjs.com/delayed-stream/-/delayed-stream-1.0.0.tgz 1323ms (cache miss)
npm http fetch GET 200 https://registry.npmjs.com/mime-types/-/mime-types-2.1.35.tgz 1329ms (cache miss)
npm http fetch GET 200 https://registry.npmjs.com/xmlchars/-/xmlchars-2.2.0.tgz 1346ms (cache miss)
npm http fetch GET 200 https://registry.npmjs.com/es-define-property/-/es-define-property-1.0.1.tgz 1344ms (cache miss)
npm http fetch GET 200 https://registry.npmjs.com/call-bind-apply-helpers/-/call-bind-apply-helpers-1.0.2.tgz 1363ms (cache miss)
npm http fetch GET 200 https://registry.npmjs.com/combined-stream/-/combined-stream-1.0.8.tgz 1361ms (cache miss)
npm http fetch GET 200 https://registry.npmjs.com/es-errors/-/es-errors-1.3.0.tgz 1362ms (cache miss)
npm http fetch GET 200 https://registry.npmjs.com/@csstools/color-helpers/-/color-helpers-5.1.0.tgz 1372ms (cache miss)
npm http fetch GET 200 https://registry.npmjs.com/get-intrinsic/-/get-intrinsic-1.3.0.tgz 1382ms (cache miss)
npm http fetch GET 200 https://registry.npmjs.com/@csstools/css-tokenizer/-/css-tokenizer-3.0.4.tgz 1380ms (cache miss)
npm http fetch GET 200 https://registry.npmjs.com/@csstools/css-parser-algorithms/-/css-parser-algorithms-3.0.5.tgz 1381ms (cache miss)
npm http fetch GET 200 https://registry.npmjs.com/@csstools/css-color-parser/-/css-color-parser-3.1.0.tgz 1394ms (cache miss)
npm http fetch GET 200 https://registry.npmjs.com/whatwg-encoding/-/whatwg-encoding-3.1.1.tgz 1393ms (cache miss)
npm warn deprecated whatwg-encoding@3.1.1: Use @exodus/bytes instead for a more spec-conformant and faster implementation
npm http fetch GET 200 https://registry.npmjs.com/fs-extra/-/fs-extra-11.4.1.tgz 1422ms (cache miss)
npm http fetch GET 200 https://registry.npmjs.com/es-set-tostringtag/-/es-set-tostringtag-2.1.0.tgz 1402ms (cache miss)
npm http fetch GET 200 https://registry.npmjs.com/whatwg-mimetype/-/whatwg-mimetype-4.0.0.tgz 1405ms (cache miss)
npm http fetch GET 200 https://registry.npmjs.com/loupe/-/loupe-3.2.1.tgz 1441ms (cache miss)
npm http fetch GET 200 https://registry.npmjs.com/vue-demi/-/vue-demi-0.14.10.tgz 1421ms (cache miss)
npm http fetch GET 200 https://registry.npmjs.com/webidl-conversions/-/webidl-conversions-7.0.0.tgz 1416ms (cache miss)
npm http fetch GET 200 https://registry.npmjs.com/w3c-xmlserializer/-/w3c-xmlserializer-5.0.0.tgz 1423ms (cache miss)
npm http fetch GET 200 https://registry.npmjs.com/symbol-tree/-/symbol-tree-3.2.4.tgz 1424ms (cache miss)
npm http fetch GET 200 https://registry.npmjs.com/@volar/typescript/-/typescript-2.4.15.tgz 1463ms (cache miss)
npm http fetch GET 200 https://registry.npmjs.com/is-potential-custom-element-name/-/is-potential-custom-element-name-1.0.1.tgz 1436ms (cache miss)
npm http fetch GET 200 https://registry.npmjs.com/https-proxy-agent/-/https-proxy-agent-7.0.6.tgz 1441ms (cache miss)
npm http fetch GET 200 https://registry.npmjs.com/http-proxy-agent/-/http-proxy-agent-7.0.2.tgz 1454ms (cache miss)
npm http fetch GET 200 https://registry.npmjs.com/speakingurl/-/speakingurl-14.0.1.tgz 1484ms (cache miss)
npm http fetch GET 200 https://registry.npmjs.com/html-encoding-sniffer/-/html-encoding-sniffer-4.0.0.tgz 1473ms (cache miss)
npm http fetch GET 200 https://registry.npmjs.com/data-urls/-/data-urls-5.0.0.tgz 1473ms (cache miss)
npm http fetch GET 200 https://registry.npmjs.com/nwsapi/-/nwsapi-2.2.28.tgz 1481ms (cache miss)
npm http fetch GET 200 https://registry.npmjs.com/form-data/-/form-data-4.0.6.tgz 1480ms (cache miss)
npm http fetch GET 200 https://registry.npmjs.com/argparse/-/argparse-2.0.1.tgz 1499ms (cache miss)
npm http fetch GET 200 https://registry.npmjs.com/proto-list/-/proto-list-1.2.4.tgz 1505ms (cache miss)
npm http fetch GET 200 https://registry.npmjs.com/ini/-/ini-1.3.8.tgz 1508ms (cache miss)
npm http fetch GET 200 https://registry.npmjs.com/nopt/-/nopt-10.0.1.tgz 1511ms (cache miss)
npm http fetch GET 200 https://registry.npmjs.com/js-cookie/-/js-cookie-3.0.8.tgz 1518ms (cache miss)
npm http fetch GET 200 https://registry.npmjs.com/superjson/-/superjson-2.2.6.tgz 1544ms (cache miss)
npm http fetch GET 200 https://registry.npmjs.com/saxes/-/saxes-6.0.0.tgz 1525ms (cache miss)
npm http fetch GET 200 https://registry.npmjs.com/@one-ini/wasm/-/wasm-0.2.1.tgz 1522ms (cache miss)
npm http fetch GET 200 https://registry.npmjs.com/is-extglob/-/is-extglob-2.1.1.tgz 1522ms (cache miss)
npm http fetch GET 200 https://registry.npmjs.com/editorconfig/-/editorconfig-3.0.2.tgz 1528ms (cache miss)
npm http fetch GET 200 https://registry.npmjs.com/@csstools/css-calc/-/css-calc-2.1.4.tgz 1539ms (cache miss)
npm http fetch GET 200 https://registry.npmjs.com/resolve-from/-/resolve-from-4.0.0.tgz 1534ms (cache miss)
npm http fetch GET 200 https://registry.npmjs.com/parent-module/-/parent-module-1.0.1.tgz 1534ms (cache miss)
npm http fetch GET 200 https://registry.npmjs.com/config-chain/-/config-chain-1.1.13.tgz 1540ms (cache miss)
npm http fetch GET 200 https://registry.npmjs.com/path-exists/-/path-exists-4.0.0.tgz 1552ms (cache miss)
npm http fetch GET 200 https://registry.npmjs.com/decimal.js/-/decimal.js-10.6.0.tgz 1566ms (cache miss)
npm http fetch GET 200 https://registry.npmjs.com/keyv/-/keyv-4.5.4.tgz 1563ms (cache miss)
npm http fetch GET 200 https://registry.npmjs.com/asynckit/-/asynckit-0.4.0.tgz 1575ms (cache miss)
npm http fetch GET 200 https://registry.npmjs.com/flat-cache/-/flat-cache-4.0.1.tgz 1573ms (cache miss)
npm http fetch GET 200 https://registry.npmjs.com/reusify/-/reusify-1.1.0.tgz 1574ms (cache miss)
npm http fetch GET 200 https://registry.npmjs.com/fastq/-/fastq-1.20.3.tgz 1585ms (cache miss)
npm http fetch GET 200 https://registry.npmjs.com/merge2/-/merge2-1.4.1.tgz 1590ms (cache miss)
npm http fetch GET 200 https://registry.npmjs.com/ws/-/ws-8.22.0.tgz 1603ms (cache miss)
npm http fetch GET 200 https://registry.npmjs.com/locate-path/-/locate-path-6.0.0.tgz 1597ms (cache miss)
npm http fetch GET 200 https://registry.npmjs.com/@nodelib/fs.stat/-/fs.stat-2.0.5.tgz 1597ms (cache miss)
npm http fetch GET 200 https://registry.npmjs.com/run-parallel/-/run-parallel-1.2.0.tgz 1601ms (cache miss)
npm http fetch GET 200 https://registry.npmjs.com/@nodelib/fs.scandir/-/fs.scandir-2.1.5.tgz 1601ms (cache miss)
npm http fetch GET 200 https://registry.npmjs.com/acorn-jsx/-/acorn-jsx-5.3.2.tgz 1605ms (cache miss)
npm http fetch GET 200 https://registry.npmjs.com/micromatch/-/micromatch-4.0.8.tgz 1606ms (cache miss)
npm http fetch GET 200 https://registry.npmjs.com/flatted/-/flatted-3.4.4.tgz 1611ms (cache miss)
npm http fetch GET 200 https://registry.npmjs.com/commander/-/commander-14.0.3.tgz 1618ms (cache miss)
npm http fetch GET 200 https://registry.npmjs.com/esrecurse/-/esrecurse-4.3.0.tgz 1627ms (cache miss)
npm http fetch GET 200 https://registry.npmjs.com/xml-name-validator/-/xml-name-validator-4.0.0.tgz 1633ms (cache miss)
npm http fetch GET 200 https://registry.npmjs.com/estraverse/-/estraverse-5.3.0.tgz 1638ms (cache miss)
npm http fetch GET 200 https://registry.npmjs.com/nth-check/-/nth-check-2.1.1.tgz 1638ms (cache miss)
npm http fetch GET 200 https://registry.npmjs.com/whatwg-url/-/whatwg-url-14.2.0.tgz 1655ms (cache miss)
npm http fetch GET 200 https://registry.npmjs.com/prettier-linter-helpers/-/prettier-linter-helpers-1.0.1.tgz 1647ms (cache miss)
npm http fetch GET 200 https://registry.npmjs.com/@nodelib/fs.walk/-/fs.walk-1.2.8.tgz 1663ms (cache miss)
npm http fetch GET 200 https://registry.npmjs.com/path-key/-/path-key-3.1.1.tgz 1661ms (cache miss)
npm http fetch GET 200 https://registry.npmjs.com/color-name/-/color-name-1.1.4.tgz 1668ms (cache miss)
npm http fetch GET 200 https://registry.npmjs.com/which/-/which-2.0.2.tgz 1669ms (cache miss)
npm http fetch GET 200 https://registry.npmjs.com/shebang-command/-/shebang-command-2.0.0.tgz 1673ms (cache miss)
npm http fetch GET 200 https://registry.npmjs.com/ansi-styles/-/ansi-styles-4.3.0.tgz 1672ms (cache miss)
npm http fetch GET 200 https://registry.npmjs.com/strip-json-comments/-/strip-json-comments-3.1.1.tgz 1687ms (cache miss)
npm http fetch GET 200 https://registry.npmjs.com/@humanfs/types/-/types-0.15.0.tgz 1692ms (cache miss)
npm http fetch GET 200 https://registry.npmjs.com/@rollup/rollup-linux-arm64-gnu/-/rollup-linux-arm64-gnu-4.63.5.tgz 1724ms (cache miss)
npm http fetch GET 200 https://registry.npmjs.com/levn/-/levn-0.4.1.tgz 1703ms (cache miss)
npm http fetch GET 200 https://registry.npmjs.com/color-convert/-/color-convert-2.0.1.tgz 1704ms (cache miss)
npm http fetch GET 200 https://registry.npmjs.com/globals/-/globals-14.0.0.tgz 1703ms (cache miss)
npm http fetch GET 200 https://registry.npmjs.com/import-fresh/-/import-fresh-3.3.1.tgz 1709ms (cache miss)
npm http fetch GET 200 https://registry.npmjs.com/supports-color/-/supports-color-7.2.0.tgz 1721ms (cache miss)
npm http fetch GET 200 https://registry.npmjs.com/optionator/-/optionator-0.9.4.tgz 1718ms (cache miss)
npm http fetch GET 200 https://registry.npmjs.com/lodash.merge/-/lodash.merge-4.6.2.tgz 1718ms (cache miss)
npm http fetch GET 200 https://registry.npmjs.com/json-stable-stringify-without-jsonify/-/json-stable-stringify-without-jsonify-1.0.1.tgz 1723ms (cache miss)
npm http fetch GET 200 https://registry.npmjs.com/natural-compare/-/natural-compare-1.4.0.tgz 1732ms (cache miss)
npm http fetch GET 200 https://registry.npmjs.com/imurmurhash/-/imurmurhash-0.1.4.tgz 1734ms (cache miss)
npm http fetch GET 200 https://registry.npmjs.com/@eslint/object-schema/-/object-schema-2.1.7.tgz 1737ms (cache miss)
npm http fetch GET 200 https://registry.npmjs.com/is-glob/-/is-glob-4.0.3.tgz 1737ms (cache miss)
npm http fetch GET 200 https://registry.npmjs.com/@humanfs/core/-/core-0.19.2.tgz 1747ms (cache miss)
npm http fetch GET 200 https://registry.npmjs.com/glob-parent/-/glob-parent-6.0.2.tgz 1740ms (cache miss)
npm http fetch GET 200 https://registry.npmjs.com/ignore/-/ignore-5.3.2.tgz 1743ms (cache miss)
npm http fetch GET 200 https://registry.npmjs.com/@typescript-eslint/type-utils/-/type-utils-8.71.0.tgz 1778ms (cache miss)
npm http fetch GET 200 https://registry.npmjs.com/json-schema-traverse/-/json-schema-traverse-0.4.1.tgz 1750ms (cache miss)
npm http fetch GET 200 https://registry.npmjs.com/minipass/-/minipass-7.1.3.tgz 1774ms (cache miss)
npm http fetch GET 200 https://registry.npmjs.com/find-up/-/find-up-5.0.0.tgz 1760ms (cache miss)
npm http fetch GET 200 https://registry.npmjs.com/fast-deep-equal/-/fast-deep-equal-3.1.3.tgz 1766ms (cache miss)
npm http fetch GET 200 https://registry.npmjs.com/file-entry-cache/-/file-entry-cache-8.0.0.tgz 1766ms (cache miss)
npm http fetch GET 200 https://registry.npmjs.com/escape-string-regexp/-/escape-string-regexp-4.0.0.tgz 1776ms (cache miss)
npm http fetch GET 200 https://registry.npmjs.com/acorn/-/acorn-8.18.0.tgz 1798ms (cache miss)
npm http fetch GET 200 https://registry.npmjs.com/chalk/-/chalk-4.1.2.tgz 1786ms (cache miss)
npm http fetch GET 200 https://registry.npmjs.com/cross-spawn/-/cross-spawn-7.0.6.tgz 1789ms (cache miss)
npm http fetch GET 200 https://registry.npmjs.com/@humanwhocodes/retry/-/retry-0.4.3.tgz 1807ms (cache miss)
npm http fetch GET 200 https://registry.npmjs.com/rrweb-cssom/-/rrweb-cssom-0.7.1.tgz 1832ms (cache miss)
npm http fetch GET 200 https://registry.npmjs.com/esutils/-/esutils-2.0.3.tgz 1821ms (cache miss)
npm http fetch GET 200 https://registry.npmjs.com/@types/json-schema/-/json-schema-7.0.15.tgz 1824ms (cache miss)
npm http fetch GET 200 https://registry.npmjs.com/espree/-/espree-10.4.0.tgz 1823ms (cache miss)
npm http fetch GET 200 https://registry.npmjs.com/@humanfs/node/-/node-0.16.8.tgz 1822ms (cache miss)
npm http fetch GET 200 https://registry.npmjs.com/@humanwhocodes/module-importer/-/module-importer-1.0.1.tgz 1823ms (cache miss)
npm http fetch GET 200 https://registry.npmjs.com/chai/-/chai-5.3.3.tgz 1876ms (cache miss)
npm http fetch GET 200 https://registry.npmjs.com/path-scurry/-/path-scurry-2.0.2.tgz 1855ms (cache miss)
npm http fetch GET 200 https://registry.npmjs.com/@types/estree/-/estree-1.0.9.tgz 1851ms (cache miss)
npm http fetch GET 200 https://registry.npmjs.com/eslint-scope/-/eslint-scope-8.4.0.tgz 1864ms (cache miss)
npm http fetch GET 200 https://registry.npmjs.com/synckit/-/synckit-0.11.13.tgz 1874ms (cache miss)
npm http fetch GET 200 https://registry.npmjs.com/ms/-/ms-2.1.3.tgz 1865ms (cache miss)
npm http fetch GET 200 https://registry.npmjs.com/vue-component-type-helpers/-/vue-component-type-helpers-3.3.11.tgz 1894ms (cache miss)
npm http fetch GET 200 https://registry.npmjs.com/node-releases/-/node-releases-2.0.57.tgz 1895ms (cache miss)
npm http fetch GET 200 https://registry.npmjs.com/electron-to-chromium/-/electron-to-chromium-1.5.443.tgz 1909ms (cache miss)
npm http fetch GET 200 https://registry.npmjs.com/update-browserslist-db/-/update-browserslist-db-1.3.3.tgz 1914ms (cache miss)
npm http fetch GET 200 https://registry.npmjs.com/baseline-browser-mapping/-/baseline-browser-mapping-2.11.26.tgz 1942ms (cache miss)
npm http fetch GET 200 https://registry.npmjs.com/@eslint/js/-/js-9.39.5.tgz 1950ms (cache miss)
npm http fetch GET 200 https://registry.npmjs.com/@eslint/core/-/core-0.17.0.tgz 1951ms (cache miss)
npm http fetch GET 200 https://registry.npmjs.com/typescript-eslint/-/typescript-eslint-8.71.0.tgz 1948ms (cache miss)
npm http fetch GET 200 https://registry.npmjs.com/@eslint/config-helpers/-/config-helpers-0.4.2.tgz 1960ms (cache miss)
npm http fetch GET 200 https://registry.npmjs.com/eslint-config-prettier/-/eslint-config-prettier-10.1.8.tgz 1962ms (cache miss)
npm http fetch GET 200 https://registry.npmjs.com/eslint-plugin-prettier/-/eslint-plugin-prettier-5.5.6.tgz 1971ms (cache miss)
npm http fetch GET 200 https://registry.npmjs.com/@vue/compiler-ssr/-/compiler-ssr-3.5.43.tgz 1975ms (cache miss)
npm http fetch GET 200 https://registry.npmjs.com/@eslint-community/regexpp/-/regexpp-4.12.2.tgz 1984ms (cache miss)
npm http fetch GET 200 https://registry.npmjs.com/@babel/plugin-syntax-jsx/-/plugin-syntax-jsx-7.29.7.tgz 2010ms (cache miss)
npm http fetch GET 200 https://registry.npmjs.com/@vue/babel-plugin-resolve-type/-/babel-plugin-resolve-type-1.5.0.tgz 2011ms (cache miss)
npm http fetch GET 200 https://registry.npmjs.com/@eslint/plugin-kit/-/plugin-kit-0.4.1.tgz 2033ms (cache miss)
npm http fetch GET 200 https://registry.npmjs.com/@vue/shared/-/shared-3.5.43.tgz 2029ms (cache miss)
npm http fetch GET 200 https://registry.npmjs.com/@babel/helper-globals/-/helper-globals-7.29.7.tgz 2029ms (cache miss)
npm http fetch GET 200 https://registry.npmjs.com/@babel/helper-string-parser/-/helper-string-parser-7.29.7.tgz 2035ms (cache miss)
npm http fetch GET 200 https://registry.npmjs.com/@babel/helper-optimise-call-expression/-/helper-optimise-call-expression-7.29.7.tgz 2046ms (cache miss)
npm http fetch GET 200 https://registry.npmjs.com/@babel/helper-skip-transparent-expression-wrappers/-/helper-skip-transparent-expression-wrappers-7.29.7.tgz 2052ms (cache miss)
npm http fetch GET 200 https://registry.npmjs.com/@babel/helper-replace-supers/-/helper-replace-supers-7.29.7.tgz 2055ms (cache miss)
npm http fetch GET 200 https://registry.npmjs.com/@jridgewell/resolve-uri/-/resolve-uri-3.1.2.tgz 2056ms (cache miss)
npm http fetch GET 200 https://registry.npmjs.com/@vue/babel-helper-vue-transform-on/-/babel-helper-vue-transform-on-1.5.0.tgz 2058ms (cache miss)
npm http fetch GET 200 https://registry.npmjs.com/@babel/helper-module-imports/-/helper-module-imports-7.29.7.tgz 2059ms (cache miss)
npm http fetch GET 200 https://registry.npmjs.com/@babel/plugin-syntax-typescript/-/plugin-syntax-typescript-7.29.7.tgz 2060ms (cache miss)
npm http fetch GET 200 https://registry.npmjs.com/@babel/helper-annotate-as-pure/-/helper-annotate-as-pure-7.29.7.tgz 2065ms (cache miss)
npm http fetch GET 200 https://registry.npmjs.com/lru-cache/-/lru-cache-5.1.1.tgz 2075ms (cache miss)
npm http fetch GET 200 https://registry.npmjs.com/browserslist/-/browserslist-4.29.3.tgz 2082ms (cache miss)
npm http fetch GET 200 https://registry.npmjs.com/@babel/helper-plugin-utils/-/helper-plugin-utils-7.29.7.tgz 2083ms (cache miss)
npm http fetch GET 200 https://registry.npmjs.com/@babel/compat-data/-/compat-data-7.29.7.tgz 2092ms (cache miss)
npm http fetch GET 200 https://registry.npmjs.com/@babel/helper-validator-option/-/helper-validator-option-7.29.7.tgz 2098ms (cache miss)
npm http fetch GET 200 https://registry.npmjs.com/jsesc/-/jsesc-3.1.0.tgz 2102ms (cache miss)
npm http fetch GET 200 https://registry.npmjs.com/tough-cookie/-/tough-cookie-5.1.2.tgz 2135ms (cache miss)
npm http fetch GET 200 https://registry.npmjs.com/estree-walker/-/estree-walker-2.0.2.tgz 2118ms (cache miss)
npm http fetch GET 200 https://registry.npmjs.com/gensync/-/gensync-1.0.0-beta.2.tgz 2168ms (cache miss)
npm http fetch GET 200 https://registry.npmjs.com/js-tokens/-/js-tokens-4.0.0.tgz 2168ms (cache miss)
npm http fetch GET 200 https://registry.npmjs.com/convert-source-map/-/convert-source-map-2.0.0.tgz 2168ms (cache miss)
npm http fetch GET 200 https://registry.npmjs.com/magic-string/-/magic-string-0.30.21.tgz 2178ms (cache miss)
npm http fetch GET 200 https://registry.npmjs.com/@babel/helper-validator-identifier/-/helper-validator-identifier-7.29.7.tgz 2178ms (cache miss)
npm http fetch GET 200 https://registry.npmjs.com/esquery/-/esquery-1.7.0.tgz 2201ms (cache miss)
npm http fetch GET 200 https://registry.npmjs.com/@eslint/config-array/-/config-array-0.21.2.tgz 2202ms (cache miss)
npm http fetch GET 200 https://registry.npmjs.com/source-map-js/-/source-map-js-1.2.2.tgz 2202ms (cache miss)
npm http fetch GET 200 https://registry.npmjs.com/@jridgewell/remapping/-/remapping-2.3.5.tgz 2197ms (cache miss)
npm http fetch GET 200 https://registry.npmjs.com/@babel/helper-member-expression-to-functions/-/helper-member-expression-to-functions-7.29.7.tgz 2215ms (cache miss)
npm http fetch GET 200 https://registry.npmjs.com/@vue/compiler-core/-/compiler-core-3.5.43.tgz 2233ms (cache miss)
npm http fetch GET 200 https://registry.npmjs.com/@babel/code-frame/-/code-frame-7.29.7.tgz 2242ms (cache miss)
npm http fetch GET 200 https://registry.npmjs.com/picocolors/-/picocolors-1.1.1.tgz 2255ms (cache miss)
npm http fetch GET 200 https://registry.npmjs.com/@vue/babel-plugin-jsx/-/babel-plugin-jsx-1.5.0.tgz 2257ms (cache miss)
npm http fetch GET 200 https://registry.npmjs.com/@rolldown/pluginutils/-/pluginutils-1.0.1.tgz 2263ms (cache miss)
npm http fetch GET 200 https://registry.npmjs.com/tinyglobby/-/tinyglobby-0.2.17.tgz 2274ms (cache miss)
npm http fetch GET 200 https://registry.npmjs.com/vue-eslint-parser/-/vue-eslint-parser-10.4.1.tgz 2298ms (cache miss)
npm http fetch GET 200 https://registry.npmjs.com/debug/-/debug-4.4.3.tgz 2289ms (cache miss)
npm http fetch GET 200 https://registry.npmjs.com/@typescript-eslint/tsconfig-utils/-/tsconfig-utils-8.71.0.tgz 2296ms (cache miss)
npm http fetch GET 200 https://registry.npmjs.com/eslint-visitor-keys/-/eslint-visitor-keys-3.4.3.tgz 2305ms (cache miss)
npm http fetch GET 200 https://registry.npmjs.com/postcss-selector-parser/-/postcss-selector-parser-6.1.4.tgz 2350ms (cache miss)
npm http fetch GET 200 https://registry.npmjs.com/@typescript-eslint/visitor-keys/-/visitor-keys-8.71.0.tgz 2325ms (cache miss)
npm http fetch GET 200 https://registry.npmjs.com/@types/tough-cookie/-/tough-cookie-4.0.5.tgz 2334ms (cache miss)
npm http fetch GET 200 https://registry.npmjs.com/@typescript-eslint/project-service/-/project-service-8.71.0.tgz 2339ms (cache miss)
npm http fetch GET 200 https://registry.npmjs.com/vue-tsc/-/vue-tsc-2.2.12.tgz 2398ms (cache miss)
npm http fetch GET 200 https://registry.npmjs.com/ts-api-utils/-/ts-api-utils-2.5.0.tgz 2419ms (cache miss)
npm http fetch GET 200 https://registry.npmjs.com/@babel/helper-create-class-features-plugin/-/helper-create-class-features-plugin-7.29.7.tgz 2434ms (cache miss)
npm http fetch GET 200 https://registry.npmjs.com/@babel/plugin-transform-typescript/-/plugin-transform-typescript-7.29.9.tgz 2431ms (cache miss)
npm http fetch GET 200 https://registry.npmjs.com/eslint-plugin-playwright/-/eslint-plugin-playwright-2.12.0.tgz 2436ms (cache miss)
npm http fetch GET 200 https://registry.npmjs.com/@babel/helper-compilation-targets/-/helper-compilation-targets-7.29.7.tgz 2448ms (cache miss)
npm http fetch GET 200 https://registry.npmjs.com/@babel/template/-/template-7.29.7.tgz 2458ms (cache miss)
npm http fetch GET 200 https://registry.npmjs.com/@vue/tsconfig/-/tsconfig-0.7.0.tgz 2470ms (cache miss)
npm http fetch GET 200 https://registry.npmjs.com/@vue/eslint-config-typescript/-/eslint-config-typescript-14.9.0.tgz 2505ms (cache miss)
npm http fetch GET 200 https://registry.npmjs.com/@typescript-eslint/types/-/types-8.71.0.tgz 2515ms (cache miss)
npm http fetch GET 200 https://registry.npmjs.com/rollup/-/rollup-4.63.5.tgz 2581ms (cache miss)
npm http fetch GET 200 https://registry.npmjs.com/@babel/helper-module-transforms/-/helper-module-transforms-7.29.7.tgz 2536ms (cache miss)
npm http fetch GET 200 https://registry.npmjs.com/@vue/eslint-config-prettier/-/eslint-config-prettier-10.2.0.tgz 2549ms (cache miss)
npm http fetch GET 200 https://registry.npmjs.com/@vitejs/plugin-vue-jsx/-/plugin-vue-jsx-4.2.0.tgz 2548ms (cache miss)
npm http fetch GET 200 https://registry.npmjs.com/@types/jsdom/-/jsdom-21.1.7.tgz 2556ms (cache miss)
npm http fetch GET 200 https://registry.npmjs.com/@jridgewell/sourcemap-codec/-/sourcemap-codec-1.6.0.tgz 2577ms (cache miss)
npm http fetch GET 200 https://registry.npmjs.com/undici-types/-/undici-types-6.21.0.tgz 2568ms (cache miss)
npm http fetch GET 200 https://registry.npmjs.com/@playwright/test/-/test-1.63.0.tgz 2580ms (cache miss)
npm http fetch GET 200 https://registry.npmjs.com/@tsconfig/node22/-/node22-22.0.6.tgz 2581ms (cache miss)
npm http fetch GET 200 https://registry.npmjs.com/brace-expansion/-/brace-expansion-2.1.7.tgz 2586ms (cache miss)
npm http fetch GET 200 https://registry.npmjs.com/balanced-match/-/balanced-match-1.0.2.tgz 2588ms (cache miss)
npm http fetch GET 200 https://registry.npmjs.com/js-yaml/-/js-yaml-4.3.2.tgz 2621ms (cache miss)
npm http fetch GET 200 https://registry.npmjs.com/pathe/-/pathe-1.1.2.tgz 2600ms (cache miss)
npm http fetch GET 200 https://registry.npmjs.com/json5/-/json5-2.2.3.tgz 2633ms (cache miss)
npm http fetch GET 200 https://registry.npmjs.com/nanoid/-/nanoid-5.1.16.tgz 2623ms (cache miss)
npm http fetch GET 200 https://registry.npmjs.com/pathe/-/pathe-1.1.2.tgz 2629ms (cache miss)
npm http fetch GET 200 https://registry.npmjs.com/pathe/-/pathe-1.1.2.tgz 2630ms (cache miss)
npm http fetch GET 200 https://registry.npmjs.com/esbuild/-/esbuild-0.21.5.tgz 2631ms (cache miss)
npm http fetch GET 200 https://registry.npmjs.com/path-key/-/path-key-4.0.0.tgz 2630ms (cache miss)
npm http fetch GET 200 https://registry.npmjs.com/@eslint-community/eslint-utils/-/eslint-utils-4.10.1.tgz 2645ms (cache miss)
npm http fetch GET 200 https://registry.npmjs.com/@vitejs/plugin-vue/-/plugin-vue-5.2.4.tgz 2642ms (cache miss)
npm http fetch GET 200 https://registry.npmjs.com/ignore/-/ignore-7.0.11.tgz 2640ms (cache miss)
npm http fetch GET 200 https://registry.npmjs.com/balanced-match/-/balanced-match-1.0.2.tgz 2640ms (cache miss)
npm http fetch GET 200 https://registry.npmjs.com/xml-name-validator/-/xml-name-validator-5.0.0.tgz 2641ms (cache miss)
npm http fetch GET 200 https://registry.npmjs.com/@eslint/eslintrc/-/eslintrc-3.3.7.tgz 2688ms (cache miss)
npm http fetch GET 200 https://registry.npmjs.com/picomatch/-/picomatch-4.0.7.tgz 2667ms (cache miss)
npm http fetch GET 200 https://registry.npmjs.com/brace-expansion/-/brace-expansion-1.1.21.tgz 2666ms (cache miss)
npm http fetch GET 200 https://registry.npmjs.com/eslint-visitor-keys/-/eslint-visitor-keys-5.0.1.tgz 2671ms (cache miss)
npm http fetch GET 200 https://registry.npmjs.com/minimatch/-/minimatch-3.1.5.tgz 2678ms (cache miss)
npm http fetch GET 200 https://registry.npmjs.com/glob-parent/-/glob-parent-5.1.2.tgz 2677ms (cache miss)
npm http fetch GET 200 https://registry.npmjs.com/balanced-match/-/balanced-match-1.0.2.tgz 2679ms (cache miss)
npm http fetch GET 200 https://registry.npmjs.com/brace-expansion/-/brace-expansion-1.1.21.tgz 2692ms (cache miss)
npm http fetch GET 200 https://registry.npmjs.com/semver/-/semver-6.3.1.tgz 2692ms (cache miss)
npm http fetch GET 200 https://registry.npmjs.com/eslint-visitor-keys/-/eslint-visitor-keys-5.0.1.tgz 2696ms (cache miss)
npm http fetch GET 200 https://registry.npmjs.com/minimatch/-/minimatch-3.1.5.tgz 2703ms (cache miss)
npm http fetch GET 200 https://registry.npmjs.com/eslint-visitor-keys/-/eslint-visitor-keys-4.2.1.tgz 2705ms (cache miss)
npm http fetch GET 200 https://registry.npmjs.com/fdir/-/fdir-6.5.0.tgz 2703ms (cache miss)
npm http fetch GET 200 https://registry.npmjs.com/semver/-/semver-6.3.1.tgz 2713ms (cache miss)
npm http fetch GET 200 https://registry.npmjs.com/semver/-/semver-6.3.1.tgz 2713ms (cache miss)
npm http fetch GET 200 https://registry.npmjs.com/pathe/-/pathe-1.1.2.tgz 2716ms (cache miss)
npm http fetch GET 200 https://registry.npmjs.com/estree-walker/-/estree-walker-3.0.3.tgz 2716ms (cache miss)
npm http fetch GET 200 https://registry.npmjs.com/pinia/-/pinia-2.3.1.tgz 2735ms (cache miss)
npm http fetch GET 200 https://registry.npmjs.com/picomatch/-/picomatch-4.0.7.tgz 2727ms (cache miss)
npm http fetch GET 200 https://registry.npmjs.com/balanced-match/-/balanced-match-1.0.2.tgz 2725ms (cache miss)
npm http fetch GET 200 https://registry.npmjs.com/@vitest/eslint-plugin/-/eslint-plugin-1.1.10.tgz 2736ms (cache miss)
npm http fetch GET 200 https://registry.npmjs.com/esbuild/-/esbuild-0.21.5.tgz 2731ms (cache miss)
npm http fetch GET 200 https://registry.npmjs.com/xml-name-validator/-/xml-name-validator-5.0.0.tgz 2733ms (cache miss)
npm http fetch GET 200 https://registry.npmjs.com/ansi-styles/-/ansi-styles-6.2.3.tgz 2733ms (cache miss)
npm http fetch GET 200 https://registry.npmjs.com/isexe/-/isexe-3.1.5.tgz 2735ms (cache miss)
npm http fetch GET 200 https://registry.npmjs.com/which/-/which-5.0.0.tgz 2740ms (cache miss)
npm http fetch GET 200 https://registry.npmjs.com/globals/-/globals-13.24.0.tgz 2783ms (cache miss)
npm http fetch GET 200 https://registry.npmjs.com/globals/-/globals-17.13.0.tgz 2784ms (cache miss)
npm http fetch GET 200 https://registry.npmjs.com/brace-expansion/-/brace-expansion-1.1.21.tgz 2792ms (cache miss)
npm http fetch GET 200 https://registry.npmjs.com/tldts/-/tldts-6.1.86.tgz 2858ms (cache miss)
npm http fetch GET 200 https://registry.npmjs.com/fdir/-/fdir-6.5.0.tgz 2795ms (cache miss)
npm http fetch GET 200 https://registry.npmjs.com/minimatch/-/minimatch-3.1.5.tgz 2796ms (cache miss)
npm http fetch GET 200 https://registry.npmjs.com/eslint-visitor-keys/-/eslint-visitor-keys-4.2.1.tgz 2796ms (cache miss)
npm http fetch GET 200 https://registry.npmjs.com/brace-expansion/-/brace-expansion-2.1.7.tgz 2803ms (cache revalidated)
npm http fetch GET 200 https://registry.npmjs.com/picomatch/-/picomatch-4.0.7.tgz 2823ms (cache revalidated)
npm http fetch GET 200 https://registry.npmjs.com/balanced-match/-/balanced-match-1.0.2.tgz 2823ms (cache revalidated)
npm http fetch GET 200 https://registry.npmjs.com/espree/-/espree-9.6.1.tgz 2825ms (cache miss)
npm http fetch GET 200 https://registry.npmjs.com/fast-json-stable-stringify/-/fast-json-stable-stringify-2.1.0.tgz 2824ms (cache miss)
npm http fetch GET 200 https://registry.npmjs.com/@jridgewell/gen-mapping/-/gen-mapping-0.3.13.tgz 2846ms (cache miss)
npm http fetch GET 200 https://registry.npmjs.com/@vue/compiler-dom/-/compiler-dom-3.5.43.tgz 2853ms (cache miss)
npm http fetch GET 200 https://registry.npmjs.com/vite-plugin-inspect/-/vite-plugin-inspect-0.8.9.tgz 2911ms (cache miss)
npm http fetch GET 200 https://registry.npmjs.com/eslint-scope/-/eslint-scope-7.2.2.tgz 2858ms (cache miss)
npm http fetch GET 200 https://registry.npmjs.com/vue-router/-/vue-router-4.6.4.tgz 2898ms (cache miss)
npm http fetch GET 200 https://registry.npmjs.com/postcss/-/postcss-8.5.28.tgz 2915ms (cache miss)
npm http fetch GET 200 https://registry.npmjs.com/@vitest/mocker/-/mocker-2.1.9.tgz 2935ms (cache miss)
npm http fetch GET 200 https://registry.npmjs.com/@jridgewell/trace-mapping/-/trace-mapping-0.3.31.tgz 2954ms (cache miss)
npm http fetch GET 200 https://registry.npmjs.com/rrweb-cssom/-/rrweb-cssom-0.8.0.tgz 2956ms (cache miss)
npm http fetch GET 200 https://registry.npmjs.com/@vue/compiler-sfc/-/compiler-sfc-3.5.43.tgz 2978ms (cache miss)
npm http fetch GET 200 https://registry.npmjs.com/@babel/parser/-/parser-7.29.9.tgz 2983ms (cache miss)
npm http fetch GET 200 https://registry.npmjs.com/semver/-/semver-7.8.5.tgz 2985ms (cache miss)
npm http fetch GET 200 https://registry.npmjs.com/uri-js/-/uri-js-4.4.1.tgz 3015ms (cache miss)
npm http fetch GET 200 https://registry.npmjs.com/vue-eslint-parser/-/vue-eslint-parser-9.4.3.tgz 3003ms (cache miss)
npm http fetch GET 200 https://registry.npmjs.com/lru-cache/-/lru-cache-10.4.3.tgz 3037ms (cache miss)
npm http fetch GET 200 https://registry.npmjs.com/fast-glob/-/fast-glob-3.3.3.tgz 3122ms (cache miss)
npm http fetch GET 200 https://registry.npmjs.com/@babel/generator/-/generator-7.29.8.tgz 3147ms (cache miss)
npm http fetch GET 200 https://registry.npmjs.com/cssstyle/-/cssstyle-4.6.0.tgz 3204ms (cache miss)
npm http fetch GET 200 https://registry.npmjs.com/tldts-core/-/tldts-core-6.1.86.tgz 3238ms (cache miss)
npm http fetch GET 200 https://registry.npmjs.com/glob/-/glob-13.0.6.tgz 3249ms (cache miss)
npm http fetch GET 200 https://registry.npmjs.com/js-beautify/-/js-beautify-2.0.3.tgz 3245ms (cache miss)
npm http fetch GET 200 https://registry.npmjs.com/minimatch/-/minimatch-10.2.6.tgz 3258ms (cache miss)
npm http fetch GET 200 https://registry.npmjs.com/npm-run-all2/-/npm-run-all2-7.0.2.tgz 3279ms (cache miss)
npm http fetch GET 200 https://registry.npmjs.com/vue/-/vue-3.5.43.tgz 3282ms (cache miss)
npm http fetch GET 200 https://registry.npmjs.com/@asamuzakjp/css-color/-/css-color-3.2.0.tgz 3327ms (cache miss)
npm http fetch GET 200 https://registry.npmjs.com/@types/node/-/node-22.20.4.tgz 3309ms (cache miss)
npm http fetch GET 200 https://registry.npmjs.com/minimatch/-/minimatch-9.0.9.tgz 3312ms (cache miss)
npm http fetch GET 200 https://registry.npmjs.com/vite/-/vite-6.4.3.tgz 3332ms (cache miss)
npm http fetch GET 200 https://registry.npmjs.com/minimatch/-/minimatch-9.0.9.tgz 3341ms (cache miss)
npm http fetch GET 200 https://registry.npmjs.com/@babel/traverse/-/traverse-7.29.8.tgz 3376ms (cache miss)
npm http fetch GET 200 https://registry.npmjs.com/ajv/-/ajv-6.15.0.tgz 3400ms (cache miss)
npm http fetch GET 200 https://registry.npmjs.com/@vue/test-utils/-/test-utils-2.5.1.tgz 3382ms (cache miss)
npm http fetch GET 200 https://registry.npmjs.com/vite/-/vite-5.4.21.tgz 3391ms (cache miss)
npm http fetch GET 200 https://registry.npmjs.com/@typescript-eslint/typescript-estree/-/typescript-estree-8.71.0.tgz 3410ms (cache miss)
npm http fetch GET 200 https://registry.npmjs.com/vite/-/vite-5.4.21.tgz 3409ms (cache miss)
npm http fetch GET 200 https://registry.npmjs.com/parse5/-/parse5-7.3.0.tgz 3438ms (cache miss)
npm http fetch GET 200 https://registry.npmjs.com/execa/-/execa-9.6.1.tgz 3495ms (cache miss)
npm http fetch GET 200 https://registry.npmjs.com/@typescript-eslint/utils/-/utils-8.71.0.tgz 3476ms (cache miss)
npm http fetch GET 200 https://registry.npmjs.com/@esbuild/linux-arm64/-/linux-arm64-0.25.12.tgz 3539ms (cache miss)
npm http fetch GET 200 https://registry.npmjs.com/@vue/language-core/-/language-core-2.2.12.tgz 3568ms (cache miss)
npm http fetch GET 200 https://registry.npmjs.com/vitest/-/vitest-2.1.9.tgz 3514ms (cache miss)
npm http fetch GET 200 https://registry.npmjs.com/entities/-/entities-6.0.1.tgz 3529ms (cache miss)
npm http fetch GET 200 https://registry.npmjs.com/entities/-/entities-7.0.1.tgz 3587ms (cache miss)
npm http fetch GET 200 https://registry.npmjs.com/playwright/-/playwright-1.63.0.tgz 3595ms (cache miss)
npm http fetch GET 200 https://registry.npmjs.com/vite-plugin-vue-devtools/-/vite-plugin-vue-devtools-7.7.10.tgz 3626ms (cache miss)
npm http fetch GET 200 https://registry.npmjs.com/@esbuild/linux-arm64/-/linux-arm64-0.21.5.tgz 3668ms (cache miss)
npm http fetch GET 200 https://registry.npmjs.com/@esbuild/linux-arm64/-/linux-arm64-0.21.5.tgz 3674ms (cache miss)
npm http fetch GET 200 https://registry.npmjs.com/@babel/core/-/core-7.29.7.tgz 3689ms (cache miss)
npm http fetch GET 200 https://registry.npmjs.com/prettier/-/prettier-3.9.9.tgz 3757ms (cache miss)
npm http fetch GET 200 https://registry.npmjs.com/lru-cache/-/lru-cache-11.5.3.tgz 3799ms (cache miss)
npm http fetch GET 200 https://registry.npmjs.com/@babel/types/-/types-7.29.8.tgz 3846ms (cache miss)
npm http fetch GET 200 https://registry.npmjs.com/@babel/helpers/-/helpers-7.29.7.tgz 3918ms (cache miss)
npm http fetch GET 200 https://registry.npmjs.com/playwright-core/-/playwright-core-1.63.0.tgz 3996ms (cache miss)
npm http fetch GET 200 https://registry.npmjs.com/lodash/-/lodash-4.18.1.tgz 4062ms (cache miss)
npm http fetch GET 200 https://registry.npmjs.com/@typescript-eslint/scope-manager/-/scope-manager-8.71.0.tgz 4044ms (cache miss)
npm http fetch GET 200 https://registry.npmjs.com/eslint-plugin-vue/-/eslint-plugin-vue-9.33.0.tgz 4042ms (cache miss)
npm http fetch GET 200 https://registry.npmjs.com/typescript/-/typescript-5.6.3.tgz 4059ms (cache miss)
npm http fetch GET 200 https://registry.npmjs.com/@typescript-eslint/eslint-plugin/-/eslint-plugin-8.71.0.tgz 4177ms (cache miss)
npm http fetch GET 200 https://registry.npmjs.com/eslint/-/eslint-9.39.5.tgz 4134ms (cache miss)
npm warn deprecated eslint@9.39.5: This version is no longer supported. Please see https://eslint.org/version-support for other options.
npm http fetch GET 200 https://registry.npmjs.com/caniuse-lite/-/caniuse-lite-1.0.30001814.tgz 4244ms (cache miss)
npm http fetch GET 200 https://registry.npmjs.com/jsdom/-/jsdom-25.0.1.tgz 4240ms (cache miss)

added 451 packages in 48s
