npm http fetch GET 200 https://registry.vlt.io/npm/pinia 80ms (cache miss)
npm http fetch GET 200 https://registry.vlt.io/npm/typescript 74ms (cache miss)
npm http fetch GET 200 https://registry.vlt.io/npm/vue 44ms (cache miss)
npm http fetch GET 200 https://registry.vlt.io/npm/vue-router 35ms (cache miss)
npm http fetch GET 200 https://registry.vlt.io/npm/@playwright%2ftest 47ms (cache miss)
npm http fetch GET 200 https://registry.vlt.io/npm/@tsconfig%2fnode22 34ms (cache miss)
npm http fetch GET 200 https://registry.vlt.io/npm/@types%2fjsdom 32ms (cache miss)
npm http fetch GET 200 https://registry.vlt.io/npm/@types%2fnode 37ms (cache miss)
npm http fetch GET 200 https://registry.vlt.io/npm/@vitejs%2fplugin-vue 32ms (cache miss)
npm http fetch GET 200 https://registry.vlt.io/npm/vite 38ms (cache miss)
npm http fetch GET 200 https://registry.vlt.io/npm/jiti 30ms (cache miss)
npm http fetch GET 200 https://registry.vlt.io/npm/less 32ms (cache miss)
npm http fetch GET 200 https://registry.vlt.io/npm/lightningcss 34ms (cache miss)
npm http fetch GET 200 https://registry.vlt.io/npm/sass 40ms (cache miss)
npm http fetch GET 200 https://registry.vlt.io/npm/sass-embedded 35ms (cache miss)
npm http fetch GET 200 https://registry.vlt.io/npm/stylus 32ms (cache miss)
npm http fetch GET 200 https://registry.vlt.io/npm/sugarss 34ms (cache miss)
npm http fetch GET 200 https://registry.vlt.io/npm/postcss 32ms (cache miss)
npm http fetch GET 200 https://registry.vlt.io/npm/terser 31ms (cache miss)
npm http fetch GET 200 https://registry.vlt.io/npm/tsx 37ms (cache miss)
npm http fetch GET 200 https://registry.vlt.io/npm/yaml 39ms (cache miss)
npm http fetch GET 200 https://registry.vlt.io/npm/@vitejs%2fplugin-vue-jsx 33ms (cache miss)
npm http fetch GET 200 https://registry.vlt.io/npm/@vitest%2feslint-plugin 28ms (cache miss)
npm http fetch GET 200 https://registry.vlt.io/npm/@typescript-eslint%2futils 47ms (cache miss)
npm http fetch GET 200 https://registry.vlt.io/npm/eslint 31ms (cache miss)
npm http fetch GET 200 https://registry.vlt.io/npm/jiti 37ms (cache revalidated)
npm http fetch GET 200 https://registry.vlt.io/npm/vitest 38ms (cache miss)
npm http fetch GET 200 https://registry.vlt.io/npm/@edge-runtime%2fvm 28ms (cache miss)
npm http fetch GET 200 https://registry.vlt.io/npm/@vitest%2fbrowser 35ms (cache miss)
npm http fetch GET 200 https://registry.vlt.io/npm/playwright 52ms (cache miss)
npm http fetch GET 200 https://registry.vlt.io/npm/webdriverio 39ms (cache miss)
npm http fetch GET 200 https://registry.vlt.io/npm/puppeteer-core 41ms (cache miss)
npm http fetch GET 200 https://registry.vlt.io/npm/@vitest%2fui 30ms (cache miss)
npm http fetch GET 200 https://registry.vlt.io/npm/happy-dom 35ms (cache miss)
npm http fetch GET 200 https://registry.vlt.io/npm/jsdom 85ms (cache miss)
npm http fetch GET 200 https://registry.vlt.io/npm/canvas 29ms (cache miss)
npm http fetch GET 200 https://registry.vlt.io/npm/@vue%2feslint-config-prettier 43ms (cache miss)
npm http fetch GET 200 https://registry.vlt.io/npm/prettier 36ms (cache miss)
npm http fetch GET 200 https://registry.vlt.io/npm/@vue%2feslint-config-typescript 37ms (cache miss)
npm http fetch GET 200 https://registry.vlt.io/npm/eslint-plugin-vue 34ms (cache miss)
npm http fetch GET 200 https://registry.vlt.io/npm/@vue%2ftest-utils 31ms (cache miss)
npm http fetch GET 200 https://registry.vlt.io/npm/@vue%2fcompiler-dom 34ms (cache miss)
npm http fetch GET 200 https://registry.vlt.io/npm/@vue%2fserver-renderer 32ms (cache miss)
npm http fetch GET 200 https://registry.vlt.io/npm/@vue%2ftsconfig 30ms (cache miss)
npm http fetch GET 200 https://registry.vlt.io/npm/eslint-plugin-playwright 46ms (cache miss)
npm http fetch GET 200 https://registry.vlt.io/npm/npm-run-all2 32ms (cache miss)
npm http fetch GET 200 https://registry.vlt.io/npm/vite-plugin-vue-devtools 32ms (cache miss)
npm http fetch GET 200 https://registry.vlt.io/npm/vue-tsc 41ms (cache miss)
npm http fetch GET 200 https://registry.vlt.io/npm/parse5 33ms (cache miss)
npm http fetch GET 200 https://registry.vlt.io/npm/@types%2fnode 50ms (cache revalidated)
npm http fetch GET 200 https://registry.vlt.io/npm/playwright 61ms (cache revalidated)
npm http fetch GET 200 https://registry.vlt.io/npm/@types%2ftough-cookie 58ms (cache miss)
npm http fetch GET 200 https://registry.vlt.io/npm/undici-types 39ms (cache miss)
npm http fetch GET 200 https://registry.vlt.io/npm/fdir 35ms (cache miss)
npm http fetch GET 200 https://registry.vlt.io/npm/esbuild 41ms (cache miss)
npm http fetch GET 200 https://registry.vlt.io/npm/postcss 36ms (cache revalidated)
npm http fetch GET 200 https://registry.vlt.io/npm/rollup 64ms (cache miss)
npm http fetch GET 200 https://registry.vlt.io/npm/picomatch 35ms (cache miss)
npm http fetch GET 200 https://registry.vlt.io/npm/tinyglobby 43ms (cache miss)
npm http fetch GET 200 https://registry.vlt.io/npm/fsevents 37ms (cache miss)
npm http fetch GET 200 https://registry.vlt.io/npm/@vue%2fshared 42ms (cache miss)
npm http fetch GET 200 https://registry.vlt.io/npm/@vue%2fruntime-dom 35ms (cache miss)
npm http fetch GET 200 https://registry.vlt.io/npm/@vue%2fcompiler-dom 36ms (cache revalidated)
npm http fetch GET 200 https://registry.vlt.io/npm/@vue%2fcompiler-sfc 34ms (cache miss)
npm http fetch GET 200 https://registry.vlt.io/npm/@vue%2fserver-renderer 33ms (cache revalidated)
npm http fetch GET 200 https://registry.vlt.io/npm/@babel%2fcore 44ms (cache miss)
npm http fetch GET 200 https://registry.vlt.io/npm/@rolldown%2fpluginutils 44ms (cache miss)
npm http fetch GET 200 https://registry.vlt.io/npm/@vue%2fbabel-plugin-jsx 36ms (cache miss)
npm http fetch GET 200 https://registry.vlt.io/npm/@babel%2fplugin-transform-typescript 32ms (cache miss)
npm http fetch GET 200 https://registry.vlt.io/npm/@eslint-community%2feslint-utils 35ms (cache miss)
npm http fetch GET 200 https://registry.vlt.io/npm/@typescript-eslint%2ftypes 59ms (cache miss)
npm http fetch GET 200 https://registry.vlt.io/npm/ajv 42ms (cache miss)
npm http fetch GET 200 https://registry.vlt.io/npm/@typescript-eslint%2fscope-manager 91ms (cache miss)
npm http fetch GET 200 https://registry.vlt.io/npm/@typescript-eslint%2ftypescript-estree 114ms (cache miss)
npm http fetch GET 200 https://registry.vlt.io/npm/chalk 63ms (cache miss)
npm http fetch GET 200 https://registry.vlt.io/npm/debug 46ms (cache miss)
npm http fetch GET 200 https://registry.vlt.io/npm/esquery 31ms (cache miss)
npm http fetch GET 200 https://registry.vlt.io/npm/espree 42ms (cache miss)
npm http fetch GET 200 https://registry.vlt.io/npm/ignore 40ms (cache miss)
npm http fetch GET 200 https://registry.vlt.io/npm/esutils 36ms (cache miss)
npm http fetch GET 200 https://registry.vlt.io/npm/is-glob 34ms (cache miss)
npm http fetch GET 200 https://registry.vlt.io/npm/find-up 58ms (cache miss)
npm http fetch GET 200 https://registry.vlt.io/npm/minimatch 31ms (cache miss)
npm http fetch GET 200 https://registry.vlt.io/npm/@eslint%2fjs 35ms (cache miss)
npm http fetch GET 200 https://registry.vlt.io/npm/optionator 37ms (cache miss)
npm http fetch GET 200 https://registry.vlt.io/npm/cross-spawn 36ms (cache miss)
npm http fetch GET 200 https://registry.vlt.io/npm/glob-parent 40ms (cache miss)
npm http fetch GET 200 https://registry.vlt.io/npm/@eslint%2fcore 35ms (cache miss)
npm http fetch GET 200 https://registry.vlt.io/npm/imurmurhash 43ms (cache miss)
npm http fetch GET 200 https://registry.vlt.io/npm/@humanfs%2fnode 29ms (cache miss)
npm http fetch GET 200 https://registry.vlt.io/npm/eslint-scope 59ms (cache miss)
npm http fetch GET 200 https://registry.vlt.io/npm/lodash.merge 41ms (cache miss)
npm http fetch GET 200 https://registry.vlt.io/npm/@types%2festree 31ms (cache miss)
npm http fetch GET 200 https://registry.vlt.io/npm/fast-deep-equal 34ms (cache miss)
npm http fetch GET 200 https://registry.vlt.io/npm/natural-compare 32ms (cache miss)
npm http fetch GET 200 https://registry.vlt.io/npm/file-entry-cache 30ms (cache miss)
npm http fetch GET 200 https://registry.vlt.io/npm/@eslint%2feslintrc 39ms (cache miss)
npm http fetch GET 200 https://registry.vlt.io/npm/@eslint%2fplugin-kit 35ms (cache miss)
npm http fetch GET 200 https://registry.vlt.io/npm/eslint-visitor-keys 32ms (cache miss)
npm http fetch GET 200 https://registry.vlt.io/npm/@humanwhocodes%2fretry 36ms (cache miss)
npm http fetch GET 200 https://registry.vlt.io/npm/@eslint%2fconfig-array 43ms (cache miss)
npm http fetch GET 200 https://registry.vlt.io/npm/@eslint%2fconfig-helpers 31ms (cache miss)
npm http fetch GET 200 https://registry.vlt.io/npm/@eslint-community%2fregexpp 32ms (cache miss)
npm http fetch GET 200 https://registry.vlt.io/npm/escape-string-regexp 64ms (cache miss)
npm http fetch GET 200 https://registry.vlt.io/npm/@eslint-community%2feslint-utils 31ms (cache revalidated)
npm http fetch GET 200 https://registry.vlt.io/npm/@humanwhocodes%2fmodule-importer 31ms (cache miss)
npm http fetch GET 200 https://registry.vlt.io/npm/json-stable-stringify-without-jsonify 41ms (cache miss)
npm http fetch GET 200 https://registry.vlt.io/npm/eslint-plugin-prettier 31ms (cache miss)
npm http fetch GET 200 https://registry.vlt.io/npm/eslint-config-prettier 36ms (cache miss)
npm http fetch GET 200 https://registry.vlt.io/npm/fast-glob 37ms (cache miss)
npm http fetch GET 200 https://registry.vlt.io/npm/typescript-eslint 43ms (cache miss)
npm http fetch GET 200 https://registry.vlt.io/npm/vue-eslint-parser 50ms (cache miss)
npm http fetch GET 200 https://registry.vlt.io/npm/semver 33ms (cache miss)
npm http fetch GET 200 https://registry.vlt.io/npm/nth-check 32ms (cache miss)
npm http fetch GET 200 https://registry.vlt.io/npm/globals 44ms (cache miss)
npm http fetch GET 200 https://registry.vlt.io/npm/vue-eslint-parser 32ms (cache revalidated)
npm http fetch GET 200 https://registry.vlt.io/npm/xml-name-validator 36ms (cache miss)
npm http fetch GET 200 https://registry.vlt.io/npm/postcss-selector-parser 32ms (cache miss)
npm http fetch GET 200 https://registry.vlt.io/npm/js-beautify 31ms (cache miss)
npm http fetch GET 200 https://registry.vlt.io/npm/vue-component-type-helpers 35ms (cache miss)
npm http fetch GET 200 https://registry.vlt.io/npm/@vue%2fcompiler-core 34ms (cache miss)
npm http fetch GET 200 https://registry.vlt.io/npm/globals 30ms (cache revalidated)
npm http fetch GET 200 https://registry.vlt.io/npm/nwsapi 31ms (cache miss)
npm http fetch GET 200 https://registry.vlt.io/npm/ws 44ms (cache miss)
npm http fetch GET 200 https://registry.vlt.io/npm/saxes 44ms (cache miss)
npm http fetch GET 200 https://registry.vlt.io/npm/cssstyle 32ms (cache miss)
npm http fetch GET 200 https://registry.vlt.io/npm/data-urls 30ms (cache miss)
npm http fetch GET 200 https://registry.vlt.io/npm/parse5 42ms (cache revalidated)
npm http fetch GET 200 https://registry.vlt.io/npm/form-data 29ms (cache miss)
npm http fetch GET 200 https://registry.vlt.io/npm/whatwg-url 45ms (cache miss)
npm http fetch GET 200 https://registry.vlt.io/npm/rrweb-cssom 41ms (cache miss)
npm http fetch GET 200 https://registry.vlt.io/npm/symbol-tree 31ms (cache miss)
npm http fetch GET 200 https://registry.vlt.io/npm/tough-cookie 37ms (cache miss)
npm http fetch GET 200 https://registry.vlt.io/npm/whatwg-encoding 30ms (cache miss)
npm http fetch GET 200 https://registry.vlt.io/npm/decimal.js 122ms (cache miss)
npm http fetch GET 200 https://registry.vlt.io/npm/http-proxy-agent 27ms (cache miss)
npm http fetch GET 200 https://registry.vlt.io/npm/whatwg-mimetype 34ms (cache miss)
npm http fetch GET 200 https://registry.vlt.io/npm/https-proxy-agent 40ms (cache miss)
npm http fetch GET 200 https://registry.vlt.io/npm/w3c-xmlserializer 32ms (cache miss)
npm http fetch GET 200 https://registry.vlt.io/npm/webidl-conversions 30ms (cache miss)
npm http fetch GET 200 https://registry.vlt.io/npm/xml-name-validator 38ms (cache revalidated)
npm http fetch GET 200 https://registry.vlt.io/npm/is-potential-custom-element-name 31ms (cache miss)
npm http fetch GET 200 https://registry.vlt.io/npm/html-encoding-sniffer 35ms (cache miss)
npm http fetch GET 200 https://registry.vlt.io/npm/which 33ms (cache miss)
npm http fetch GET 200 https://registry.vlt.io/npm/pidtree 37ms (cache miss)
npm http fetch GET 200 https://registry.vlt.io/npm/minimatch 42ms (cache revalidated)
npm http fetch GET 200 https://registry.vlt.io/npm/ansi-styles 27ms (cache miss)
npm http fetch GET 200 https://registry.vlt.io/npm/shell-quote 28ms (cache miss)
npm http fetch GET 200 https://registry.vlt.io/npm/memorystream 33ms (cache miss)
npm http fetch GET 200 https://registry.vlt.io/npm/read-package-json-fast 30ms (cache miss)
npm http fetch GET 200 https://registry.vlt.io/npm/vue-demi 35ms (cache miss)
npm http fetch GET 200 https://registry.vlt.io/npm/@vue%2fdevtools-api 32ms (cache miss)
npm http fetch GET 200 https://registry.vlt.io/npm/sirv 29ms (cache miss)
npm http fetch GET 200 https://registry.vlt.io/npm/@vue%2fdevtools-kit 31ms (cache miss)
npm http fetch GET 200 https://registry.vlt.io/npm/execa 47ms (cache miss)
npm http fetch GET 200 https://registry.vlt.io/npm/@vue%2fdevtools-core 31ms (cache miss)
npm http fetch GET 200 https://registry.vlt.io/npm/@vue%2fdevtools-shared 31ms (cache miss)
npm http fetch GET 200 https://registry.vlt.io/npm/vite-plugin-vue-inspector 34ms (cache miss)
npm http fetch GET 200 https://registry.vlt.io/npm/vite-plugin-inspect 43ms (cache miss)
npm http fetch GET 200 https://registry.vlt.io/npm/chai 28ms (cache miss)
npm http fetch GET 200 https://registry.vlt.io/npm/debug 30ms (cache revalidated)
npm http fetch GET 200 https://registry.vlt.io/npm/vite 41ms (cache revalidated)
npm http fetch GET 200 https://registry.vlt.io/npm/std-env 31ms (cache miss)
npm http fetch GET 200 https://registry.vlt.io/npm/pathe 42ms (cache miss)
npm http fetch GET 200 https://registry.vlt.io/npm/tinybench 29ms (cache miss)
npm http fetch GET 200 https://registry.vlt.io/npm/tinyexec 45ms (cache miss)
npm http fetch GET 200 https://registry.vlt.io/npm/tinypool 44ms (cache miss)
npm http fetch GET 200 https://registry.vlt.io/npm/@vitest%2fspy 30ms (cache miss)
npm http fetch GET 200 https://registry.vlt.io/npm/vite-node 40ms (cache miss)
npm http fetch GET 200 https://registry.vlt.io/npm/expect-type 41ms (cache miss)
npm http fetch GET 200 https://registry.vlt.io/npm/tinyrainbow 40ms (cache miss)
npm http fetch GET 200 https://registry.vlt.io/npm/magic-string 34ms (cache miss)
npm http fetch GET 200 https://registry.vlt.io/npm/@vitest%2futils 42ms (cache miss)
npm http fetch GET 200 https://registry.vlt.io/npm/@vitest%2fmocker 31ms (cache miss)
npm http fetch GET 200 https://registry.vlt.io/npm/@vitest%2fexpect 44ms (cache miss)
npm http fetch GET 200 https://registry.vlt.io/npm/@vitest%2fsnapshot 30ms (cache miss)
npm http fetch GET 200 https://registry.vlt.io/npm/@vitest%2frunner 43ms (cache miss)
npm http fetch GET 200 https://registry.vlt.io/npm/why-is-node-running 32ms (cache miss)
npm http fetch GET 200 https://registry.vlt.io/npm/@vue%2fdevtools-api 30ms (cache revalidated)
npm http fetch GET 200 https://registry.vlt.io/npm/@vitest%2fpretty-format 35ms (cache miss)
npm http fetch GET 200 https://registry.vlt.io/npm/@volar%2ftypescript 29ms (cache miss)
npm http fetch GET 200 https://registry.vlt.io/npm/@vue%2flanguage-core 27ms (cache miss)
npm http fetch GET 200 https://registry.vlt.io/npm/fsevents 32ms (cache revalidated)
npm http fetch GET 200 https://registry.vlt.io/npm/playwright-core 52ms (cache miss)
npm http fetch GET 200 https://registry.vlt.io/npm/entities 30ms (cache miss)
npm http fetch GET 200 https://registry.vlt.io/npm/eslint 32ms (cache revalidated)
npm http fetch GET 200 https://registry.vlt.io/npm/typescript 39ms (cache revalidated)
npm http fetch GET 200 https://registry.vlt.io/npm/eslint-visitor-keys 34ms (cache revalidated)
npm http fetch GET 200 https://registry.vlt.io/npm/semver 36ms (cache revalidated)
npm http fetch GET 200 https://registry.vlt.io/npm/@typescript-eslint%2fvisitor-keys 55ms (cache miss)
npm http fetch GET 200 https://registry.vlt.io/npm/tinyglobby 37ms (cache revalidated)
npm http fetch GET 200 https://registry.vlt.io/npm/ts-api-utils 37ms (cache miss)
npm http fetch GET 200 https://registry.vlt.io/npm/@typescript-eslint%2ftsconfig-utils 30ms (cache miss)
npm http fetch GET 200 https://registry.vlt.io/npm/@typescript-eslint%2fproject-service 32ms (cache miss)
npm http fetch GET 200 https://registry.vlt.io/npm/@typescript-eslint%2ftsconfig-utils 33ms (cache revalidated)
npm http fetch GET 200 https://registry.vlt.io/npm/brace-expansion 36ms (cache miss)
npm http fetch GET 200 https://registry.vlt.io/npm/ms 38ms (cache miss)
npm http fetch GET 200 https://registry.vlt.io/npm/fdir 35ms (cache revalidated)
npm http fetch GET 200 https://registry.vlt.io/npm/picomatch 40ms (cache revalidated)
npm http fetch GET 200 https://registry.vlt.io/npm/json5 33ms (cache miss)
npm http fetch GET 200 https://registry.vlt.io/npm/gensync 36ms (cache miss)
npm http fetch GET 200 https://registry.vlt.io/npm/@babel%2ftypes 38ms (cache miss)
npm http fetch GET 200 https://registry.vlt.io/npm/@babel%2fparser 33ms (cache miss)
npm http fetch GET 200 https://registry.vlt.io/npm/@babel%2fhelpers 35ms (cache miss)
npm http fetch GET 200 https://registry.vlt.io/npm/@babel%2ftemplate 33ms (cache miss)
npm http fetch GET 200 https://registry.vlt.io/npm/@babel%2ftraverse 30ms (cache miss)
npm http fetch GET 200 https://registry.vlt.io/npm/@babel%2fcode-frame 31ms (cache miss)
npm http fetch GET 200 https://registry.vlt.io/npm/@babel%2fgenerator 34ms (cache miss)
npm http fetch GET 200 https://registry.vlt.io/npm/convert-source-map 29ms (cache miss)
npm http fetch GET 200 https://registry.vlt.io/npm/@jridgewell%2fremapping 29ms (cache miss)
npm http fetch GET 200 https://registry.vlt.io/npm/@babel%2fhelper-module-transforms 31ms (cache miss)
npm http fetch GET 200 https://registry.vlt.io/npm/@babel%2fhelper-plugin-utils 31ms (cache miss)
npm http fetch GET 200 https://registry.vlt.io/npm/@babel%2fhelper-annotate-as-pure 31ms (cache miss)
npm http fetch GET 200 https://registry.vlt.io/npm/@babel%2fhelper-compilation-targets 44ms (cache miss)
npm http fetch GET 200 https://registry.vlt.io/npm/@babel%2fplugin-syntax-typescript 32ms (cache miss)
npm http fetch GET 200 https://registry.vlt.io/npm/@babel%2fhelper-create-class-features-plugin 30ms (cache miss)
npm http fetch GET 200 https://registry.vlt.io/npm/@babel%2fhelper-skip-transparent-expression-wrappers 32ms (cache miss)
npm http fetch GET 200 https://registry.vlt.io/npm/@babel%2ftemplate 30ms (cache revalidated)
npm http fetch GET 200 https://registry.vlt.io/npm/@vue%2fshared 42ms (cache revalidated)
npm http fetch GET 200 https://registry.vlt.io/npm/@babel%2ftypes 44ms (cache revalidated)
npm http fetch GET 200 https://registry.vlt.io/npm/@babel%2ftraverse 29ms (cache revalidated)
npm http fetch GET 200 https://registry.vlt.io/npm/@babel%2fplugin-syntax-jsx 31ms (cache miss)
npm http fetch GET 200 https://registry.vlt.io/npm/@babel%2fhelper-plugin-utils 31ms (cache revalidated)
npm http fetch GET 200 https://registry.vlt.io/npm/@babel%2fhelper-module-imports 31ms (cache miss)
npm http fetch GET 200 https://registry.vlt.io/npm/@vue%2fbabel-helper-vue-transform-on 28ms (cache miss)
npm http fetch GET 200 https://registry.vlt.io/npm/@vue%2fbabel-plugin-resolve-type 34ms (cache miss)
npm http fetch GET 200 https://registry.vlt.io/npm/@babel%2fcore 27ms (cache revalidated)
npm http fetch GET 200 https://registry.vlt.io/npm/picocolors 30ms (cache miss)
npm http fetch GET 200 https://registry.vlt.io/npm/js-tokens 40ms (cache miss)
npm http fetch GET 200 https://registry.vlt.io/npm/@babel%2fhelper-validator-identifier 42ms (cache miss)
npm http fetch GET 200 https://registry.vlt.io/npm/jsesc 30ms (cache miss)
npm http fetch GET 200 https://registry.vlt.io/npm/@jridgewell%2fgen-mapping 33ms (cache miss)
npm http fetch GET 200 https://registry.vlt.io/npm/@jridgewell%2ftrace-mapping 46ms (cache miss)
npm http fetch GET 200 https://registry.vlt.io/npm/lru-cache 32ms (cache miss)
npm http fetch GET 200 https://registry.vlt.io/npm/browserslist 37ms (cache miss)
npm http fetch GET 200 https://registry.vlt.io/npm/@babel%2fhelper-validator-option 29ms (cache miss)
npm http fetch GET 200 https://registry.vlt.io/npm/@babel%2fcompat-data 38ms (cache miss)
npm http fetch GET 200 https://registry.vlt.io/npm/@babel%2fhelper-module-imports 40ms (cache revalidated)
npm http fetch GET 200 https://registry.vlt.io/npm/@babel%2fhelper-globals 31ms (cache miss)
npm http fetch GET 200 https://registry.vlt.io/npm/@babel%2fhelper-string-parser 39ms (cache miss)
npm http fetch GET 200 https://registry.vlt.io/npm/@jridgewell%2fgen-mapping 30ms (cache revalidated)
npm http fetch GET 200 https://registry.vlt.io/npm/@jridgewell%2ftrace-mapping 31ms (cache revalidated)
npm http fetch GET 200 https://registry.vlt.io/npm/@jridgewell%2fsourcemap-codec 31ms (cache miss)
npm http fetch GET 200 https://registry.vlt.io/npm/@jridgewell%2fsourcemap-codec 38ms (cache miss)
npm http fetch GET 200 https://registry.vlt.io/npm/@jridgewell%2fresolve-uri 39ms (cache miss)
npm http fetch GET 200 https://registry.vlt.io/npm/node-releases 31ms (cache miss)
npm http fetch GET 200 https://registry.vlt.io/npm/caniuse-lite 37ms (cache miss)
npm http fetch GET 200 https://registry.vlt.io/npm/electron-to-chromium 58ms (cache miss)
npm http fetch GET 200 https://registry.vlt.io/npm/update-browserslist-db 45ms (cache miss)
npm http fetch GET 200 https://registry.vlt.io/npm/yallist 32ms (cache miss)
npm http fetch GET 200 https://registry.vlt.io/npm/baseline-browser-mapping 58ms (cache miss)
npm http fetch GET 200 https://registry.vlt.io/npm/@babel%2fhelper-optimise-call-expression 35ms (cache miss)
npm http fetch GET 200 https://registry.vlt.io/npm/@babel%2fhelper-member-expression-to-functions 36ms (cache miss)
npm http fetch GET 200 https://registry.vlt.io/npm/@babel%2fhelper-replace-supers 47ms (cache miss)
npm http fetch GET 200 https://registry.vlt.io/npm/@vue%2fcompiler-sfc 33ms (cache revalidated)
npm http fetch GET 200 https://registry.vlt.io/npm/magic-string 31ms (cache revalidated)
npm http fetch GET 200 https://registry.vlt.io/npm/estree-walker 34ms (cache miss)
npm http fetch GET 200 https://registry.vlt.io/npm/source-map-js 36ms (cache miss)
npm http fetch GET 200 https://registry.vlt.io/npm/@vue%2fcompiler-ssr 41ms (cache miss)
npm http fetch GET 200 https://registry.vlt.io/npm/entities 33ms (cache revalidated)
npm http fetch GET 200 https://registry.vlt.io/npm/nanoid 29ms (cache miss)
npm http fetch GET 200 https://registry.vlt.io/npm/eslint 31ms (cache revalidated)
npm http fetch GET 200 https://registry.vlt.io/npm/@types%2feslint 30ms (cache miss)
npm http fetch GET 200 https://registry.vlt.io/npm/prettier 29ms (cache revalidated)
npm http fetch GET 200 https://registry.vlt.io/npm/synckit 31ms (cache miss)
npm http fetch GET 200 https://registry.vlt.io/npm/prettier-linter-helpers 32ms (cache miss)
npm http fetch GET 200 https://registry.vlt.io/npm/eslint 37ms (cache revalidated)
npm http fetch GET 200 https://registry.vlt.io/npm/typescript 41ms (cache revalidated)
npm http fetch GET 200 https://registry.vlt.io/npm/micromatch 32ms (cache miss)
npm http fetch GET 200 https://registry.vlt.io/npm/merge2 36ms (cache miss)
npm http fetch GET 200 https://registry.vlt.io/npm/glob-parent 49ms (cache revalidated)
npm http fetch GET 200 https://registry.vlt.io/npm/@nodelib%2ffs.walk 29ms (cache miss)
npm http fetch GET 200 https://registry.vlt.io/npm/@nodelib%2ffs.stat 38ms (cache miss)
npm http fetch GET 200 https://registry.vlt.io/npm/espree 45ms (cache revalidated)
npm http fetch GET 200 https://registry.vlt.io/npm/@typescript-eslint%2fparser 98ms (cache miss)
npm http fetch GET 200 https://registry.vlt.io/npm/esquery 60ms (cache revalidated)
npm http fetch GET 200 https://registry.vlt.io/npm/@typescript-eslint%2feslint-plugin 123ms (cache miss)
npm http fetch GET 200 https://registry.vlt.io/npm/eslint-scope 60ms (cache revalidated)
npm http fetch GET 200 https://registry.vlt.io/npm/js-cookie 33ms (cache miss)
npm http fetch GET 200 https://registry.vlt.io/npm/glob 36ms (cache miss)
npm http fetch GET 200 https://registry.vlt.io/npm/nopt 38ms (cache miss)
npm http fetch GET 200 https://registry.vlt.io/npm/config-chain 31ms (cache miss)
npm http fetch GET 200 https://registry.vlt.io/npm/editorconfig 27ms (cache miss)
npm http fetch GET 200 https://registry.vlt.io/npm/browserslist 29ms (cache revalidated)
npm http fetch GET 200 https://registry.vlt.io/npm/escalade 34ms (cache miss)
npm http fetch GET 200 https://registry.vlt.io/npm/@eslint%2fobject-schema 34ms (cache miss)
npm http fetch GET 200 https://registry.vlt.io/npm/@types%2fjson-schema 35ms (cache miss)
npm http fetch GET 200 https://registry.vlt.io/npm/js-yaml 35ms (cache miss)
npm http fetch GET 200 https://registry.vlt.io/npm/import-fresh 29ms (cache miss)
npm http fetch GET 200 https://registry.vlt.io/npm/strip-json-comments 29ms (cache miss)
npm http fetch GET 200 https://registry.vlt.io/npm/levn 39ms (cache miss)
npm http fetch GET 200 https://registry.vlt.io/npm/@humanfs%2ftypes 30ms (cache miss)
npm http fetch GET 200 https://registry.vlt.io/npm/@humanfs%2fcore 34ms (cache miss)
npm http fetch GET 200 https://registry.vlt.io/npm/@humanwhocodes%2fretry 33ms (cache revalidated)
npm http fetch GET 200 https://registry.vlt.io/npm/uri-js 29ms (cache miss)
npm http fetch GET 200 https://registry.vlt.io/npm/fast-deep-equal 35ms (cache revalidated)
npm http fetch GET 200 https://registry.vlt.io/npm/json-schema-traverse 43ms (cache miss)
npm http fetch GET 200 https://registry.vlt.io/npm/fast-json-stable-stringify 40ms (cache miss)
npm http fetch GET 200 https://registry.vlt.io/npm/ansi-styles 41ms (cache revalidated)
npm http fetch GET 200 https://registry.vlt.io/npm/which 30ms (cache revalidated)
npm http fetch GET 200 https://registry.vlt.io/npm/supports-color 44ms (cache miss)
npm http fetch GET 200 https://registry.vlt.io/npm/path-key 42ms (cache miss)
npm http fetch GET 200 https://registry.vlt.io/npm/esrecurse 32ms (cache miss)
npm http fetch GET 200 https://registry.vlt.io/npm/shebang-command 36ms (cache miss)
npm http fetch GET 200 https://registry.vlt.io/npm/estraverse 30ms (cache miss)
npm http fetch GET 200 https://registry.vlt.io/npm/acorn-jsx 30ms (cache miss)
npm http fetch GET 200 https://registry.vlt.io/npm/acorn 34ms (cache miss)
npm http fetch GET 200 https://registry.vlt.io/npm/estraverse 42ms (cache revalidated)
npm http fetch GET 200 https://registry.vlt.io/npm/flat-cache 31ms (cache miss)
npm http fetch GET 200 https://registry.vlt.io/npm/locate-path 45ms (cache miss)
npm http fetch GET 200 https://registry.vlt.io/npm/path-exists 33ms (cache miss)
npm http fetch GET 200 https://registry.vlt.io/npm/is-glob 38ms (cache revalidated)
npm http fetch GET 200 https://registry.vlt.io/npm/is-extglob 28ms (cache miss)
npm http fetch GET 200 https://registry.vlt.io/npm/brace-expansion 27ms (cache revalidated)
npm http fetch GET 200 https://registry.vlt.io/npm/deep-is 32ms (cache miss)
npm http fetch GET 200 https://registry.vlt.io/npm/word-wrap 29ms (cache miss)
npm http fetch GET 200 https://registry.vlt.io/npm/prelude-ls 42ms (cache miss)
npm http fetch GET 200 https://registry.vlt.io/npm/type-check 36ms (cache miss)
npm http fetch GET 200 https://registry.vlt.io/npm/fast-levenshtein 63ms (cache miss)
npm http fetch GET 200 https://registry.vlt.io/npm/parent-module 32ms (cache miss)
npm http fetch GET 200 https://registry.vlt.io/npm/resolve-from 33ms (cache miss)
npm http fetch GET 200 https://registry.vlt.io/npm/argparse 33ms (cache miss)
npm http fetch GET 200 https://registry.vlt.io/npm/type-check 29ms (cache revalidated)
npm http fetch GET 200 https://registry.vlt.io/npm/punycode 32ms (cache miss)
npm http fetch GET 200 https://registry.vlt.io/npm/color-convert 30ms (cache miss)
npm http fetch GET 200 https://registry.vlt.io/npm/has-flag 36ms (cache miss)
npm http fetch GET 200 https://registry.vlt.io/npm/color-name 40ms (cache miss)
npm http fetch GET 200 https://registry.vlt.io/npm/shebang-regex 32ms (cache miss)
npm http fetch GET 200 https://registry.vlt.io/npm/isexe 34ms (cache miss)
npm http fetch GET 200 https://registry.vlt.io/npm/@pkgr%2fcore 29ms (cache miss)
npm http fetch GET 200 https://registry.vlt.io/npm/fast-diff 32ms (cache miss)
npm http fetch GET 200 https://registry.vlt.io/npm/eslint 30ms (cache revalidated)
npm http fetch GET 200 https://registry.vlt.io/npm/boolbase 35ms (cache miss)
npm http fetch GET 200 https://registry.vlt.io/npm/cssesc 36ms (cache miss)
npm http fetch GET 200 https://registry.vlt.io/npm/type-fest 39ms (cache miss)
npm http fetch GET 200 https://registry.vlt.io/npm/util-deprecate 31ms (cache miss)
npm http fetch GET 200 https://registry.vlt.io/npm/lodash 30ms (cache miss)
npm http fetch GET 200 https://registry.vlt.io/npm/braces 33ms (cache miss)
npm http fetch GET 200 https://registry.vlt.io/npm/@nodelib%2ffs.scandir 35ms (cache miss)
npm http fetch GET 200 https://registry.vlt.io/npm/fastq 35ms (cache miss)
npm http fetch GET 200 https://registry.vlt.io/npm/reusify 28ms (cache miss)
npm http fetch GET 200 https://registry.vlt.io/npm/run-parallel 30ms (cache miss)
npm http fetch GET 200 https://registry.vlt.io/npm/queue-microtask 30ms (cache miss)
npm http fetch GET 200 https://registry.vlt.io/npm/keyv 42ms (cache miss)
npm http fetch GET 200 https://registry.vlt.io/npm/flatted 42ms (cache miss)
npm http fetch GET 200 https://registry.vlt.io/npm/p-locate 32ms (cache miss)
npm http fetch GET 200 https://registry.vlt.io/npm/json-buffer 27ms (cache miss)
npm http fetch GET 200 https://registry.vlt.io/npm/callsites 29ms (cache miss)
npm http fetch GET 200 https://registry.vlt.io/npm/proto-list 30ms (cache miss)
npm http fetch GET 200 https://registry.vlt.io/npm/ini 36ms (cache miss)
npm http fetch GET 200 https://registry.vlt.io/npm/commander 37ms (cache miss)
npm http fetch GET 200 https://registry.vlt.io/npm/@one-ini%2fwasm 37ms (cache miss)
npm http fetch GET 200 https://registry.vlt.io/npm/minipass 35ms (cache miss)
npm http fetch GET 200 https://registry.vlt.io/npm/jackspeak 35ms (cache miss)
npm http fetch GET 200 https://registry.vlt.io/npm/path-scurry 29ms (cache miss)
npm http fetch GET 200 https://registry.vlt.io/npm/foreground-child 31ms (cache miss)
npm http fetch GET 200 https://registry.vlt.io/npm/package-json-from-dist 30ms (cache miss)
npm http fetch GET 200 https://registry.vlt.io/npm/abbrev 33ms (cache miss)
npm http fetch GET 200 https://registry.vlt.io/npm/@pkgjs%2fparseargs 33ms (cache miss)
npm http fetch GET 200 https://registry.vlt.io/npm/@isaacs%2fcliui 34ms (cache miss)
npm http fetch GET 200 https://registry.vlt.io/npm/signal-exit 36ms (cache miss)
npm http fetch GET 200 https://registry.vlt.io/npm/lru-cache 31ms (cache revalidated)
npm http fetch GET 200 https://registry.vlt.io/npm/wrap-ansi 31ms (cache miss)
npm http fetch GET 200 https://registry.vlt.io/npm/string-width 32ms (cache miss)
npm http fetch GET 200 https://registry.vlt.io/npm/strip-ansi 34ms (cache miss)
npm http fetch GET 200 https://registry.vlt.io/npm/string-width 32ms (cache revalidated)
npm http fetch GET 200 https://registry.vlt.io/npm/wrap-ansi 36ms (cache revalidated)
npm http fetch GET 200 https://registry.vlt.io/npm/strip-ansi 36ms (cache revalidated)
npm http fetch GET 200 https://registry.vlt.io/npm/emoji-regex 32ms (cache miss)
npm http fetch GET 200 https://registry.vlt.io/npm/emoji-regex 35ms (cache miss)
npm http fetch GET 200 https://registry.vlt.io/npm/eastasianwidth 39ms (cache miss)
npm http fetch GET 200 https://registry.vlt.io/npm/is-fullwidth-code-point 25ms (cache miss)
npm http fetch GET 200 https://registry.vlt.io/npm/ansi-regex 29ms (cache miss)
npm http fetch GET 200 https://registry.vlt.io/npm/ansi-regex 32ms (cache miss)
npm http fetch GET 200 https://registry.vlt.io/npm/bufferutil 33ms (cache miss)
npm http fetch GET 200 https://registry.vlt.io/npm/utf-8-validate 40ms (cache miss)
npm http fetch GET 200 https://registry.vlt.io/npm/rrweb-cssom 35ms (cache revalidated)
npm http fetch GET 200 https://registry.vlt.io/npm/hasown 36ms (cache miss)
npm http fetch GET 200 https://registry.vlt.io/npm/@asamuzakjp%2fcss-color 44ms (cache miss)
npm http fetch GET 200 https://registry.vlt.io/npm/asynckit 29ms (cache miss)
npm http fetch GET 200 https://registry.vlt.io/npm/mime-types 33ms (cache miss)
npm http fetch GET 200 https://registry.vlt.io/npm/combined-stream 35ms (cache miss)
npm http fetch GET 200 https://registry.vlt.io/npm/es-set-tostringtag 37ms (cache miss)
npm http fetch GET 200 https://registry.vlt.io/npm/agent-base 33ms (cache miss)
npm http fetch GET 200 https://registry.vlt.io/npm/agent-base 46ms (cache miss)
npm http fetch GET 200 https://registry.vlt.io/npm/xmlchars 42ms (cache miss)
npm http fetch GET 200 https://registry.vlt.io/npm/iconv-lite 29ms (cache miss)
npm http fetch GET 200 https://registry.vlt.io/npm/tldts 37ms (cache miss)
npm http fetch GET 200 https://registry.vlt.io/npm/tr46 30ms (cache miss)
npm http fetch GET 200 https://registry.vlt.io/npm/@csstools%2fcss-tokenizer 31ms (cache miss)
npm http fetch GET 200 https://registry.vlt.io/npm/@csstools%2fcss-color-parser 32ms (cache miss)
npm http fetch GET 200 https://registry.vlt.io/npm/@csstools%2fcss-calc 42ms (cache miss)
npm http fetch GET 200 https://registry.vlt.io/npm/@csstools%2fcss-parser-algorithms 28ms (cache miss)
npm http fetch GET 200 https://registry.vlt.io/npm/@csstools%2fcolor-helpers 29ms (cache miss)
npm http fetch GET 200 https://registry.vlt.io/npm/delayed-stream 30ms (cache miss)
npm http fetch GET 200 https://registry.vlt.io/npm/es-errors 34ms (cache miss)
npm http fetch GET 200 https://registry.vlt.io/npm/get-intrinsic 43ms (cache miss)
npm http fetch GET 200 https://registry.vlt.io/npm/has-tostringtag 31ms (cache miss)
npm http fetch GET 200 https://registry.vlt.io/npm/function-bind 29ms (cache miss)
npm http fetch GET 200 https://registry.vlt.io/npm/mime-db 35ms (cache miss)
npm http fetch GET 200 https://registry.vlt.io/npm/gopd 30ms (cache miss)
npm http fetch GET 200 https://registry.vlt.io/npm/has-symbols 31ms (cache miss)
npm http fetch GET 200 https://registry.vlt.io/npm/get-proto 35ms (cache miss)
npm http fetch GET 200 https://registry.vlt.io/npm/math-intrinsics 28ms (cache miss)
npm http fetch GET 200 https://registry.vlt.io/npm/es-object-atoms 31ms (cache miss)
npm http fetch GET 200 https://registry.vlt.io/npm/es-define-property 32ms (cache miss)
npm http fetch GET 200 https://registry.vlt.io/npm/call-bind-apply-helpers 31ms (cache miss)
npm http fetch GET 200 https://registry.vlt.io/npm/has-symbols 32ms (cache revalidated)
npm http fetch GET 200 https://registry.vlt.io/npm/dunder-proto 27ms (cache miss)
npm http fetch GET 200 https://registry.vlt.io/npm/p-limit 30ms (cache miss)
npm http fetch GET 200 https://registry.vlt.io/npm/fill-range 32ms (cache miss)
npm http fetch GET 200 https://registry.vlt.io/npm/to-regex-range 29ms (cache miss)
npm http fetch GET 200 https://registry.vlt.io/npm/is-number 31ms (cache miss)
npm http fetch GET 200 https://registry.vlt.io/npm/balanced-match 32ms (cache miss)
npm http fetch GET 200 https://registry.vlt.io/npm/npm-normalize-package-bin 27ms (cache miss)
npm http fetch GET 200 https://registry.vlt.io/npm/isexe 43ms (cache revalidated)
npm http fetch GET 200 https://registry.vlt.io/npm/json-parse-even-better-errors 145ms (cache miss)
npm http fetch GET 200 https://registry.vlt.io/npm/yocto-queue 30ms (cache miss)
npm http fetch GET 200 https://registry.vlt.io/npm/@vue%2fcomposition-api 32ms (cache miss)
npm http fetch GET 200 https://registry.vlt.io/npm/vue 29ms (cache revalidated)
npm http fetch GET 200 https://registry.vlt.io/npm/typescript 42ms (cache revalidated)
npm http fetch GET 200 https://registry.vlt.io/npm/tldts-core 34ms (cache miss)
npm http fetch GET 200 https://registry.vlt.io/npm/ignore 30ms (cache revalidated)
npm http fetch GET 200 https://registry.vlt.io/npm/@typescript-eslint%2ftype-utils 51ms (cache miss)
npm http fetch GET 200 https://registry.vlt.io/npm/@esbuild%2flinux-arm 29ms (cache miss)
npm http fetch GET 200 https://registry.vlt.io/npm/@esbuild%2faix-ppc64 32ms (cache miss)
npm http fetch GET 200 https://registry.vlt.io/npm/@esbuild%2fsunos-x64 30ms (cache miss)
npm http fetch GET 200 https://registry.vlt.io/npm/@esbuild%2fwin32-x64 32ms (cache miss)
npm http fetch GET 200 https://registry.vlt.io/npm/@esbuild%2fdarwin-x64 30ms (cache miss)
npm http fetch GET 200 https://registry.vlt.io/npm/@esbuild%2flinux-x64 93ms (cache miss)
npm http fetch GET 200 https://registry.vlt.io/npm/@esbuild%2flinux-ia32 44ms (cache miss)
npm http fetch GET 200 https://registry.vlt.io/npm/@esbuild%2fnetbsd-x64 28ms (cache miss)
npm http fetch GET 200 https://registry.vlt.io/npm/@esbuild%2fwin32-ia32 44ms (cache miss)
npm http fetch GET 200 https://registry.vlt.io/npm/@esbuild%2fandroid-arm 30ms (cache miss)
npm http fetch GET 200 https://registry.vlt.io/npm/@esbuild%2fandroid-x64 28ms (cache miss)
npm http fetch GET 200 https://registry.vlt.io/npm/@esbuild%2ffreebsd-x64 30ms (cache miss)
npm http fetch GET 200 https://registry.vlt.io/npm/@esbuild%2flinux-arm64 31ms (cache miss)
npm http fetch GET 200 https://registry.vlt.io/npm/@esbuild%2flinux-ppc64 41ms (cache miss)
npm http fetch GET 200 https://registry.vlt.io/npm/@esbuild%2flinux-s390x 30ms (cache miss)
npm http fetch GET 200 https://registry.vlt.io/npm/@esbuild%2fopenbsd-x64 37ms (cache miss)
npm http fetch GET 200 https://registry.vlt.io/npm/@esbuild%2fwin32-arm64 42ms (cache miss)
npm http fetch GET 200 https://registry.vlt.io/npm/@esbuild%2fnetbsd-arm64 27ms (cache miss)
npm http fetch GET 200 https://registry.vlt.io/npm/@esbuild%2fdarwin-arm64 41ms (cache miss)
npm http fetch GET 200 https://registry.vlt.io/npm/@esbuild%2fandroid-arm64 30ms (cache miss)
npm http fetch GET 200 https://registry.vlt.io/npm/@esbuild%2ffreebsd-arm64 30ms (cache miss)
npm http fetch GET 200 https://registry.vlt.io/npm/@esbuild%2flinux-loong64 31ms (cache miss)
npm http fetch GET 200 https://registry.vlt.io/npm/@esbuild%2flinux-mips64el 30ms (cache miss)
npm http fetch GET 200 https://registry.vlt.io/npm/@esbuild%2fopenbsd-arm64 38ms (cache miss)
npm http fetch GET 200 https://registry.vlt.io/npm/@esbuild%2flinux-riscv64 44ms (cache miss)
npm http fetch GET 200 https://registry.vlt.io/npm/@rollup%2frollup-darwin-x64 32ms (cache miss)
npm http fetch GET 200 https://registry.vlt.io/npm/@rollup%2frollup-freebsd-x64 34ms (cache miss)
npm http fetch GET 200 https://registry.vlt.io/npm/@esbuild%2fopenharmony-arm64 43ms (cache miss)
npm http fetch GET 200 https://registry.vlt.io/npm/@rollup%2frollup-android-arm64 30ms (cache miss)
npm http fetch GET 200 https://registry.vlt.io/npm/@rollup%2frollup-darwin-arm64 33ms (cache miss)
npm http fetch GET 200 https://registry.vlt.io/npm/@rollup%2frollup-openbsd-x64 47ms (cache miss)
npm http fetch GET 200 https://registry.vlt.io/npm/@rollup%2frollup-freebsd-arm64 37ms (cache miss)
npm http fetch GET 200 https://registry.vlt.io/npm/@rollup%2frollup-linux-x64-gnu 38ms (cache miss)
npm http fetch GET 200 https://registry.vlt.io/npm/@rollup%2frollup-win32-x64-gnu 41ms (cache miss)
npm http fetch GET 200 https://registry.vlt.io/npm/@rollup%2frollup-win32-x64-msvc 39ms (cache miss)
npm http fetch GET 200 https://registry.vlt.io/npm/@rollup%2frollup-linux-x64-musl 44ms (cache miss)
npm http fetch GET 200 https://registry.vlt.io/npm/@rollup%2frollup-linux-arm64-gnu 33ms (cache miss)
npm http fetch GET 200 https://registry.vlt.io/npm/@rollup%2frollup-linux-ppc64-gnu 29ms (cache miss)
npm http fetch GET 200 https://registry.vlt.io/npm/@rollup%2frollup-win32-ia32-msvc 28ms (cache miss)
npm http fetch GET 200 https://registry.vlt.io/npm/@rollup%2frollup-linux-s390x-gnu 46ms (cache miss)
npm http fetch GET 200 https://registry.vlt.io/npm/@rollup%2frollup-linux-arm64-musl 31ms (cache miss)
npm http fetch GET 200 https://registry.vlt.io/npm/@rollup%2frollup-android-arm-eabi 41ms (cache miss)
npm http fetch GET 200 https://registry.vlt.io/npm/@rollup%2frollup-linux-ppc64-musl 40ms (cache miss)
npm http fetch GET 200 https://registry.vlt.io/npm/@rollup%2frollup-linux-loong64-gnu 29ms (cache miss)
npm http fetch GET 200 https://registry.vlt.io/npm/@rollup%2frollup-win32-arm64-msvc 45ms (cache miss)
npm http fetch GET 200 https://registry.vlt.io/npm/@rollup%2frollup-linux-riscv64-gnu 28ms (cache miss)
npm http fetch GET 200 https://registry.vlt.io/npm/@rollup%2frollup-openharmony-arm64 39ms (cache miss)
npm http fetch GET 200 https://registry.vlt.io/npm/@rollup%2frollup-linux-loong64-musl 30ms (cache miss)
npm http fetch GET 200 https://registry.vlt.io/npm/@rollup%2frollup-linux-riscv64-musl 38ms (cache miss)
npm http fetch GET 200 https://registry.vlt.io/npm/@rollup%2frollup-linux-arm-musleabihf 35ms (cache miss)
npm http fetch GET 200 https://registry.vlt.io/npm/@rollup%2frollup-linux-arm-gnueabihf 38ms (cache miss)
npm http fetch GET 200 https://registry.vlt.io/npm/typescript 44ms (cache revalidated)
npm http fetch GET 200 https://registry.vlt.io/npm/vite 33ms (cache revalidated)
npm http fetch GET 200 https://registry.vlt.io/npm/vite 32ms (cache revalidated)
npm http fetch GET 200 https://registry.vlt.io/npm/less 52ms (cache revalidated)
npm http fetch GET 200 https://registry.vlt.io/npm/sass 41ms (cache revalidated)
npm http fetch GET 200 https://registry.vlt.io/npm/sass-embedded 30ms (cache revalidated)
npm http fetch GET 200 https://registry.vlt.io/npm/stylus 28ms (cache revalidated)
npm http fetch GET 200 https://registry.vlt.io/npm/sugarss 32ms (cache revalidated)
npm http fetch GET 200 https://registry.vlt.io/npm/pathe 28ms (cache revalidated)
npm http fetch GET 200 https://registry.vlt.io/npm/nanoid 33ms (cache revalidated)
npm http fetch GET 200 https://registry.vlt.io/npm/mitt 36ms (cache miss)
npm http fetch GET 200 https://registry.vlt.io/npm/vite-hot-client 29ms (cache miss)
npm http fetch GET 200 https://registry.vlt.io/npm/mitt 31ms (cache miss)
npm http fetch GET 200 https://registry.vlt.io/npm/birpc 30ms (cache miss)
npm http fetch GET 200 https://registry.vlt.io/npm/hookable 36ms (cache miss)
npm http fetch GET 200 https://registry.vlt.io/npm/superjson 34ms (cache miss)
npm http fetch GET 200 https://registry.vlt.io/npm/speakingurl 33ms (cache miss)
npm http fetch GET 200 https://registry.vlt.io/npm/perfect-debounce 30ms (cache miss)
npm http fetch GET 200 https://registry.vlt.io/npm/figures 31ms (cache miss)
npm http fetch GET 200 https://registry.vlt.io/npm/rfdc 43ms (cache miss)
npm http fetch GET 200 https://registry.vlt.io/npm/is-stream 28ms (cache miss)
npm http fetch GET 200 https://registry.vlt.io/npm/get-stream 29ms (cache miss)
npm http fetch GET 200 https://registry.vlt.io/npm/pretty-ms 43ms (cache miss)
npm http fetch GET 200 https://registry.vlt.io/npm/yoctocolors 27ms (cache miss)
npm http fetch GET 200 https://registry.vlt.io/npm/npm-run-path 29ms (cache miss)
npm http fetch GET 200 https://registry.vlt.io/npm/is-plain-obj 33ms (cache miss)
npm http fetch GET 200 https://registry.vlt.io/npm/human-signals 41ms (cache miss)
npm http fetch GET 200 https://registry.vlt.io/npm/strip-final-newline 31ms (cache miss)
npm http fetch GET 200 https://registry.vlt.io/npm/@sindresorhus%2fmerge-streams 31ms (cache miss)
npm http fetch GET 200 https://registry.vlt.io/npm/mrmime 39ms (cache miss)
npm http fetch GET 200 https://registry.vlt.io/npm/totalist 31ms (cache miss)
npm http fetch GET 200 https://registry.vlt.io/npm/@polka%2furl 31ms (cache miss)
npm http fetch GET 200 https://registry.vlt.io/npm/fs-extra 32ms (cache miss)
npm http fetch GET 200 https://registry.vlt.io/npm/@antfu%2futils 35ms (cache miss)
npm http fetch GET 200 https://registry.vlt.io/npm/open 45ms (cache miss)
npm http fetch GET 200 https://registry.vlt.io/npm/@rollup%2fpluginutils 31ms (cache miss)
npm http fetch GET 200 https://registry.vlt.io/npm/kolorist 31ms (cache miss)
npm http fetch GET 200 https://registry.vlt.io/npm/error-stack-parser-es 34ms (cache miss)
npm http fetch GET 200 https://registry.vlt.io/npm/@babel%2fplugin-syntax-import-meta 30ms (cache miss)
npm http fetch GET 200 https://registry.vlt.io/npm/@babel%2fplugin-syntax-import-attributes 28ms (cache miss)
npm http fetch GET 200 https://registry.vlt.io/npm/@babel%2fplugin-proposal-decorators 31ms (cache miss)
npm http fetch GET 200 https://registry.vlt.io/npm/vite 31ms (cache revalidated)
npm http fetch GET 200 https://registry.vlt.io/npm/copy-anything 31ms (cache miss)
npm http fetch GET 200 https://registry.vlt.io/npm/is-unicode-supported 31ms (cache miss)
npm http fetch GET 200 https://registry.vlt.io/npm/@sec-ant%2freadable-stream 34ms (cache miss)
npm http fetch GET 200 https://registry.vlt.io/npm/path-key 49ms (cache revalidated)
npm http fetch GET 200 https://registry.vlt.io/npm/unicorn-magic 29ms (cache miss)
npm http fetch GET 200 https://registry.vlt.io/npm/parse-ms 33ms (cache miss)
npm http fetch GET 200 https://registry.vlt.io/npm/is-what 27ms (cache miss)
npm http fetch GET 200 https://registry.vlt.io/npm/rollup 32ms (cache revalidated)
npm http fetch GET 200 https://registry.vlt.io/npm/universalify 29ms (cache miss)
npm http fetch GET 200 https://registry.vlt.io/npm/graceful-fs 34ms (cache miss)
npm http fetch GET 200 https://registry.vlt.io/npm/jsonfile 46ms (cache miss)
npm http fetch GET 200 https://registry.vlt.io/npm/default-browser 29ms (cache miss)
npm http fetch GET 200 https://registry.vlt.io/npm/wsl-utils 36ms (cache miss)
npm http fetch GET 200 https://registry.vlt.io/npm/define-lazy-prop 27ms (cache miss)
npm http fetch GET 200 https://registry.vlt.io/npm/is-inside-container 58ms (cache miss)
npm http fetch GET 200 https://registry.vlt.io/npm/is-docker 28ms (cache miss)
npm http fetch GET 200 https://registry.vlt.io/npm/bundle-name 33ms (cache miss)
npm http fetch GET 200 https://registry.vlt.io/npm/default-browser-id 35ms (cache miss)
npm http fetch GET 200 https://registry.vlt.io/npm/is-wsl 32ms (cache miss)
npm http fetch GET 200 https://registry.vlt.io/npm/run-applescript 40ms (cache miss)
npm http fetch GET 200 https://registry.vlt.io/npm/@babel%2fplugin-syntax-decorators 42ms (cache miss)
npm http fetch GET 200 https://registry.vlt.io/npm/terser 28ms (cache revalidated)
npm http fetch GET 200 https://registry.vlt.io/npm/msw 31ms (cache miss)
npm http fetch GET 200 https://registry.vlt.io/npm/typescript 51ms (cache revalidated)
npm http fetch GET 200 https://registry.vlt.io/npm/tinyspy 32ms (cache miss)
npm http fetch GET 200 https://registry.vlt.io/npm/esbuild 36ms (cache revalidated)
npm http fetch GET 200 https://registry.vlt.io/npm/estree-walker 41ms (cache revalidated)
npm http fetch GET 200 https://registry.vlt.io/npm/loupe 32ms (cache miss)
npm http fetch GET 200 https://registry.vlt.io/npm/pathval 31ms (cache miss)
npm http fetch GET 200 https://registry.vlt.io/npm/loupe 35ms (cache miss)
npm http fetch GET 200 https://registry.vlt.io/npm/deep-eql 32ms (cache miss)
npm http fetch GET 200 https://registry.vlt.io/npm/assertion-error 37ms (cache miss)
npm http fetch GET 200 https://registry.vlt.io/npm/check-error 42ms (cache miss)
npm http fetch GET 200 https://registry.vlt.io/npm/cac 38ms (cache miss)
npm http fetch GET 200 https://registry.vlt.io/npm/siginfo 27ms (cache miss)
npm http fetch GET 200 https://registry.vlt.io/npm/es-module-lexer 33ms (cache miss)
npm http fetch GET 200 https://registry.vlt.io/npm/stackback 32ms (cache miss)
npm http fetch GET 200 https://registry.vlt.io/npm/csstype 31ms (cache miss)
npm http fetch GET 200 https://registry.vlt.io/npm/@vue%2fruntime-core 34ms (cache miss)
npm http fetch GET 200 https://registry.vlt.io/npm/@vue%2freactivity 36ms (cache miss)
npm http fetch GET 200 https://registry.vlt.io/npm/typescript 35ms (cache revalidated)
npm http fetch GET 200 https://registry.vlt.io/npm/vscode-uri 32ms (cache miss)
npm http fetch GET 200 https://registry.vlt.io/npm/path-browserify 35ms (cache miss)
npm http fetch GET 200 https://registry.vlt.io/npm/@volar%2flanguage-core 35ms (cache miss)
npm http fetch GET 200 https://registry.vlt.io/npm/muggle-string 29ms (cache miss)
npm http fetch GET 200 https://registry.vlt.io/npm/@vue%2fcompiler-vue2 28ms (cache miss)
npm http fetch GET 200 https://registry.vlt.io/npm/alien-signals 45ms (cache miss)
npm http fetch GET 200 https://registry.vlt.io/npm/@volar%2fsource-map 26ms (cache miss)
npm http fetch GET 200 https://registry.vlt.io/npm/he 29ms (cache miss)
npm http fetch GET 200 https://registry.vlt.io/npm/de-indent 34ms (cache miss)
npm http fetch GET 200 https://registry.vlt.io/npm/safer-buffer 29ms (cache miss)
npm http fetch GET 200 https://registry.vlt.io/npm/concat-map 28ms (cache miss)
npm http fetch GET 200 https://registry.vlt.io/npm/balanced-match 32ms (cache revalidated)
npm http fetch GET 200 https://registry.vlt.io/npm/@esbuild%2faix-ppc64 29ms (cache revalidated)
npm http fetch GET 200 https://registry.vlt.io/npm/@esbuild%2flinux-arm 33ms (cache revalidated)
npm http fetch GET 200 https://registry.vlt.io/npm/@esbuild%2flinux-x64 43ms (cache revalidated)
npm http fetch GET 200 https://registry.vlt.io/npm/@esbuild%2fsunos-x64 35ms (cache revalidated)
npm http fetch GET 200 https://registry.vlt.io/npm/@esbuild%2fwin32-x64 37ms (cache revalidated)
npm http fetch GET 200 https://registry.vlt.io/npm/@esbuild%2fdarwin-x64 35ms (cache revalidated)
npm http fetch GET 200 https://registry.vlt.io/npm/@esbuild%2flinux-ia32 32ms (cache revalidated)
npm http fetch GET 200 https://registry.vlt.io/npm/@esbuild%2fnetbsd-x64 28ms (cache revalidated)
npm http fetch GET 200 https://registry.vlt.io/npm/@esbuild%2fwin32-ia32 30ms (cache revalidated)
npm http fetch GET 200 https://registry.vlt.io/npm/@esbuild%2fandroid-arm 32ms (cache revalidated)
npm http fetch GET 200 https://registry.vlt.io/npm/@esbuild%2fandroid-x64 33ms (cache revalidated)
npm http fetch GET 200 https://registry.vlt.io/npm/@esbuild%2ffreebsd-x64 34ms (cache revalidated)
npm http fetch GET 200 https://registry.vlt.io/npm/@esbuild%2flinux-arm64 30ms (cache revalidated)
npm http fetch GET 200 https://registry.vlt.io/npm/@esbuild%2flinux-ppc64 29ms (cache revalidated)
npm http fetch GET 200 https://registry.vlt.io/npm/@esbuild%2flinux-s390x 41ms (cache revalidated)
npm http fetch GET 200 https://registry.vlt.io/npm/@esbuild%2fopenbsd-x64 28ms (cache revalidated)
npm http fetch GET 200 https://registry.vlt.io/npm/@esbuild%2fwin32-arm64 42ms (cache revalidated)
npm http fetch GET 200 https://registry.vlt.io/npm/@esbuild%2fdarwin-arm64 32ms (cache revalidated)
npm http fetch GET 200 https://registry.vlt.io/npm/@esbuild%2fandroid-arm64 32ms (cache revalidated)
npm http fetch GET 200 https://registry.vlt.io/npm/@esbuild%2ffreebsd-arm64 28ms (cache revalidated)
npm http fetch GET 200 https://registry.vlt.io/npm/@esbuild%2flinux-riscv64 28ms (cache revalidated)
npm http fetch GET 200 https://registry.vlt.io/npm/@esbuild%2flinux-loong64 33ms (cache revalidated)
npm http fetch GET 200 https://registry.vlt.io/npm/@esbuild%2flinux-mips64el 28ms (cache revalidated)
npm http fetch GET 200 https://registry.vlt.io/npm/concat-map/-/concat-map-0.0.1.tgz 268ms (cache miss)
npm http fetch GET 200 https://registry.vlt.io/npm/path-browserify/-/path-browserify-1.0.1.tgz 273ms (cache miss)
npm http fetch GET 200 https://registry.vlt.io/npm/isexe/-/isexe-2.0.0.tgz 312ms (cache miss)
npm http fetch GET 200 https://registry.vlt.io/npm/stackback/-/stackback-0.0.2.tgz 314ms (cache miss)
npm http fetch GET 200 https://registry.vlt.io/npm/is-wsl/-/is-wsl-3.1.1.tgz 329ms (cache miss)
npm http fetch GET 200 https://registry.vlt.io/npm/de-indent/-/de-indent-1.0.2.tgz 335ms (cache miss)
npm http fetch GET 200 https://registry.vlt.io/npm/muggle-string/-/muggle-string-0.4.1.tgz 336ms (cache miss)
npm http fetch GET 200 https://registry.vlt.io/npm/safer-buffer/-/safer-buffer-2.1.2.tgz 338ms (cache miss)
npm http fetch GET 200 https://registry.vlt.io/npm/he/-/he-1.2.0.tgz 345ms (cache miss)
npm http fetch GET 200 https://registry.vlt.io/npm/siginfo/-/siginfo-2.0.0.tgz 348ms (cache miss)
npm http fetch GET 200 https://registry.vlt.io/npm/@volar/language-core/-/language-core-2.4.15.tgz 350ms (cache miss)
npm http fetch GET 200 https://registry.vlt.io/npm/@vue/compiler-vue2/-/compiler-vue2-2.7.16.tgz 371ms (cache miss)
npm http fetch GET 200 https://registry.vlt.io/npm/@volar/source-map/-/source-map-2.4.15.tgz 373ms (cache miss)
npm http fetch GET 200 https://registry.vlt.io/npm/pathval/-/pathval-2.0.1.tgz 380ms (cache miss)
npm http fetch GET 200 https://registry.vlt.io/npm/deep-eql/-/deep-eql-5.0.2.tgz 384ms (cache miss)
npm http fetch GET 200 https://registry.vlt.io/npm/assertion-error/-/assertion-error-2.0.1.tgz 384ms (cache miss)
npm http fetch GET 200 https://registry.vlt.io/npm/check-error/-/check-error-2.1.3.tgz 384ms (cache miss)
npm http fetch GET 200 https://registry.vlt.io/npm/why-is-node-running/-/why-is-node-running-2.3.0.tgz 405ms (cache miss)
npm http fetch GET 200 https://registry.vlt.io/npm/tr46/-/tr46-5.1.1.tgz 421ms (cache miss)
npm http fetch GET 200 https://registry.vlt.io/npm/tinyspy/-/tinyspy-3.0.2.tgz 427ms (cache miss)
npm http fetch GET 200 https://registry.vlt.io/npm/es-module-lexer/-/es-module-lexer-1.7.0.tgz 449ms (cache miss)
npm http fetch GET 200 https://registry.vlt.io/npm/tinybench/-/tinybench-2.9.0.tgz 453ms (cache miss)
npm http fetch GET 200 https://registry.vlt.io/npm/loupe/-/loupe-3.2.1.tgz 464ms (cache miss)
npm http fetch GET 200 https://registry.vlt.io/npm/tinyexec/-/tinyexec-0.3.2.tgz 465ms (cache miss)
npm http fetch GET 200 https://registry.vlt.io/npm/std-env/-/std-env-3.10.0.tgz 471ms (cache miss)
npm http fetch GET 200 https://registry.vlt.io/npm/@vitest/spy/-/spy-2.1.9.tgz 472ms (cache miss)
npm http fetch GET 200 https://registry.vlt.io/npm/tinyrainbow/-/tinyrainbow-1.2.0.tgz 473ms (cache miss)
npm http fetch GET 200 https://registry.vlt.io/npm/@babel/plugin-syntax-decorators/-/plugin-syntax-decorators-7.28.6.tgz 492ms (cache miss)
npm http fetch GET 200 https://registry.vlt.io/npm/kolorist/-/kolorist-1.8.0.tgz 492ms (cache miss)
npm http fetch GET 200 https://registry.vlt.io/npm/@vitest/pretty-format/-/pretty-format-2.1.9.tgz 503ms (cache miss)
npm http fetch GET 200 https://registry.vlt.io/npm/bundle-name/-/bundle-name-4.1.0.tgz 502ms (cache miss)
npm http fetch GET 200 https://registry.vlt.io/npm/default-browser-id/-/default-browser-id-5.0.1.tgz 502ms (cache miss)
npm http fetch GET 200 https://registry.vlt.io/npm/@babel/plugin-proposal-decorators/-/plugin-proposal-decorators-7.29.0.tgz 508ms (cache miss)
npm http fetch GET 200 https://registry.vlt.io/npm/wsl-utils/-/wsl-utils-0.1.0.tgz 507ms (cache miss)
npm http fetch GET 200 https://registry.vlt.io/npm/@babel/plugin-syntax-import-meta/-/plugin-syntax-import-meta-7.10.4.tgz 509ms (cache miss)
npm http fetch GET 200 https://registry.vlt.io/npm/is-inside-container/-/is-inside-container-1.0.0.tgz 508ms (cache miss)
npm http fetch GET 200 https://registry.vlt.io/npm/run-applescript/-/run-applescript-7.1.0.tgz 515ms (cache miss)
npm http fetch GET 200 https://registry.vlt.io/npm/is-docker/-/is-docker-3.0.0.tgz 516ms (cache miss)
npm http fetch GET 200 https://registry.vlt.io/npm/default-browser/-/default-browser-5.5.0.tgz 515ms (cache miss)
npm http fetch GET 200 https://registry.vlt.io/npm/universalify/-/universalify-2.0.1.tgz 520ms (cache miss)
npm http fetch GET 200 https://registry.vlt.io/npm/@babel/plugin-syntax-import-attributes/-/plugin-syntax-import-attributes-7.28.6.tgz 526ms (cache miss)
npm http fetch GET 200 https://registry.vlt.io/npm/open/-/open-10.2.0.tgz 524ms (cache miss)
npm http fetch GET 200 https://registry.vlt.io/npm/alien-signals/-/alien-signals-1.0.13.tgz 533ms (cache miss)
npm http fetch GET 200 https://registry.vlt.io/npm/jsonfile/-/jsonfile-6.2.1.tgz 525ms (cache miss)
npm http fetch GET 200 https://registry.vlt.io/npm/define-lazy-prop/-/define-lazy-prop-3.0.0.tgz 529ms (cache miss)
npm http fetch GET 200 https://registry.vlt.io/npm/fs-extra/-/fs-extra-11.3.4.tgz 540ms (cache miss)
npm http fetch GET 200 https://registry.vlt.io/npm/graceful-fs/-/graceful-fs-4.2.11.tgz 540ms (cache miss)
npm http fetch GET 200 https://registry.vlt.io/npm/totalist/-/totalist-3.0.1.tgz 540ms (cache miss)
npm http fetch GET 200 https://registry.vlt.io/npm/is-what/-/is-what-5.5.0.tgz 539ms (cache miss)
npm http fetch GET 200 https://registry.vlt.io/npm/cac/-/cac-6.7.14.tgz 553ms (cache miss)
npm http fetch GET 200 https://registry.vlt.io/npm/@vitest/expect/-/expect-2.1.9.tgz 550ms (cache miss)
npm http fetch GET 200 https://registry.vlt.io/npm/@rollup/pluginutils/-/pluginutils-5.3.0.tgz 546ms (cache miss)
npm http fetch GET 200 https://registry.vlt.io/npm/error-stack-parser-es/-/error-stack-parser-es-0.1.5.tgz 547ms (cache miss)
npm http fetch GET 200 https://registry.vlt.io/npm/unicorn-magic/-/unicorn-magic-0.3.0.tgz 546ms (cache miss)
npm http fetch GET 200 https://registry.vlt.io/npm/@polka/url/-/url-1.0.0-next.29.tgz 551ms (cache miss)
npm http fetch GET 200 https://registry.vlt.io/npm/parse-ms/-/parse-ms-4.0.0.tgz 552ms (cache miss)
npm http fetch GET 200 https://registry.vlt.io/npm/copy-anything/-/copy-anything-4.0.5.tgz 560ms (cache miss)
npm http fetch GET 200 https://registry.vlt.io/npm/mrmime/-/mrmime-2.0.1.tgz 559ms (cache miss)
npm http fetch GET 200 https://registry.vlt.io/npm/is-unicode-supported/-/is-unicode-supported-2.1.0.tgz 569ms (cache miss)
npm http fetch GET 200 https://registry.vlt.io/npm/strip-final-newline/-/strip-final-newline-4.0.0.tgz 569ms (cache miss)
npm http fetch GET 200 https://registry.vlt.io/npm/yoctocolors/-/yoctocolors-2.1.2.tgz 577ms (cache miss)
npm http fetch GET 200 https://registry.vlt.io/npm/npm-run-path/-/npm-run-path-6.0.0.tgz 593ms (cache miss)
npm http fetch GET 200 https://registry.vlt.io/npm/@vitest/snapshot/-/snapshot-2.1.9.tgz 607ms (cache miss)
npm http fetch GET 200 https://registry.vlt.io/npm/is-stream/-/is-stream-4.0.1.tgz 601ms (cache miss)
npm http fetch GET 200 https://registry.vlt.io/npm/@sindresorhus/merge-streams/-/merge-streams-4.0.0.tgz 602ms (cache miss)
npm http fetch GET 200 https://registry.vlt.io/npm/human-signals/-/human-signals-8.0.1.tgz 602ms (cache miss)
npm http fetch GET 200 https://registry.vlt.io/npm/rfdc/-/rfdc-1.4.1.tgz 610ms (cache miss)
npm http fetch GET 200 https://registry.vlt.io/npm/is-plain-obj/-/is-plain-obj-4.1.0.tgz 618ms (cache miss)
npm http fetch GET 200 https://registry.vlt.io/npm/figures/-/figures-6.1.0.tgz 619ms (cache miss)
npm http fetch GET 200 https://registry.vlt.io/npm/hookable/-/hookable-5.5.3.tgz 618ms (cache miss)
npm http fetch GET 200 https://registry.vlt.io/npm/birpc/-/birpc-2.9.0.tgz 618ms (cache miss)
npm http fetch GET 200 https://registry.vlt.io/npm/@vitest/runner/-/runner-2.1.9.tgz 633ms (cache miss)
npm http fetch GET 200 https://registry.vlt.io/npm/@vue/server-renderer/-/server-renderer-3.5.33.tgz 645ms (cache miss)
npm http fetch GET 200 https://registry.vlt.io/npm/@antfu/utils/-/utils-0.7.10.tgz 644ms (cache miss)
npm http fetch GET 200 https://registry.vlt.io/npm/perfect-debounce/-/perfect-debounce-1.0.0.tgz 641ms (cache miss)
npm http fetch GET 200 https://registry.vlt.io/npm/@vue/reactivity/-/reactivity-3.5.33.tgz 658ms (cache miss)
npm http fetch GET 200 https://registry.vlt.io/npm/expect-type/-/expect-type-1.3.0.tgz 655ms (cache miss)
npm http fetch GET 200 https://registry.vlt.io/npm/vite-hot-client/-/vite-hot-client-2.1.0.tgz 646ms (cache miss)
npm http fetch GET 200 https://registry.vlt.io/npm/mitt/-/mitt-3.0.1.tgz 646ms (cache miss)
npm http fetch GET 200 https://registry.vlt.io/npm/@vue/devtools-core/-/devtools-core-7.7.9.tgz 658ms (cache miss)
npm http fetch GET 200 https://registry.vlt.io/npm/pathe/-/pathe-2.0.3.tgz 665ms (cache miss)
npm http fetch GET 200 https://registry.vlt.io/npm/sirv/-/sirv-3.0.2.tgz 665ms (cache miss)
npm http fetch GET 200 https://registry.vlt.io/npm/@vue/devtools-shared/-/devtools-shared-7.7.9.tgz 673ms (cache miss)
npm http fetch GET 200 https://registry.vlt.io/npm/pretty-ms/-/pretty-ms-9.3.0.tgz 684ms (cache miss)
npm http fetch GET 200 https://registry.vlt.io/npm/punycode/-/punycode-2.3.1.tgz 687ms (cache miss)
npm http fetch GET 200 https://registry.vlt.io/npm/@typescript-eslint/parser/-/parser-8.59.0.tgz 694ms (cache miss)
npm http fetch GET 200 https://registry.vlt.io/npm/escalade/-/escalade-3.2.0.tgz 703ms (cache miss)
npm http fetch GET 200 https://registry.vlt.io/npm/@sec-ant/readable-stream/-/readable-stream-0.4.1.tgz 709ms (cache miss)
npm http fetch GET 200 https://registry.vlt.io/npm/tinypool/-/tinypool-1.1.1.tgz 725ms (cache miss)
npm http fetch GET 200 https://registry.vlt.io/npm/has-flag/-/has-flag-4.0.0.tgz 713ms (cache miss)
npm http fetch GET 200 https://registry.vlt.io/npm/@pkgr/core/-/core-0.2.9.tgz 713ms (cache miss)
npm http fetch GET 200 https://registry.vlt.io/npm/is-number/-/is-number-7.0.0.tgz 722ms (cache miss)
npm http fetch GET 200 https://registry.vlt.io/npm/ansi-regex/-/ansi-regex-6.2.2.tgz 727ms (cache miss)
npm http fetch GET 200 https://registry.vlt.io/npm/queue-microtask/-/queue-microtask-1.2.3.tgz 727ms (cache miss)
npm http fetch GET 200 https://registry.vlt.io/npm/is-fullwidth-code-point/-/is-fullwidth-code-point-3.0.0.tgz 734ms (cache miss)
npm http fetch GET 200 https://registry.vlt.io/npm/npm-normalize-package-bin/-/npm-normalize-package-bin-4.0.0.tgz 733ms (cache miss)
npm http fetch GET 200 https://registry.vlt.io/npm/shebang-regex/-/shebang-regex-3.0.0.tgz 733ms (cache miss)
npm http fetch GET 200 https://registry.vlt.io/npm/xmlchars/-/xmlchars-2.2.0.tgz 734ms (cache miss)
npm http fetch GET 200 https://registry.vlt.io/npm/emoji-regex/-/emoji-regex-9.2.2.tgz 735ms (cache miss)
npm http fetch GET 200 https://registry.vlt.io/npm/esbuild/-/esbuild-0.25.12.tgz 740ms (cache miss)
npm http fetch GET 200 https://registry.vlt.io/npm/eastasianwidth/-/eastasianwidth-0.2.0.tgz 739ms (cache miss)
npm http fetch GET 200 https://registry.vlt.io/npm/json-parse-even-better-errors/-/json-parse-even-better-errors-4.0.0.tgz 738ms (cache miss)
npm http fetch GET 200 https://registry.vlt.io/npm/fast-diff/-/fast-diff-1.3.0.tgz 738ms (cache miss)
npm http fetch GET 200 https://registry.vlt.io/npm/vite-plugin-vue-inspector/-/vite-plugin-vue-inspector-5.4.0.tgz 750ms (cache miss)
npm http fetch GET 200 https://registry.vlt.io/npm/util-deprecate/-/util-deprecate-1.0.2.tgz 745ms (cache miss)
npm http fetch GET 200 https://registry.vlt.io/npm/cssesc/-/cssesc-3.0.0.tgz 746ms (cache miss)
npm http fetch GET 200 https://registry.vlt.io/npm/nanoid/-/nanoid-3.3.11.tgz 751ms (cache miss)
npm http fetch GET 200 https://registry.vlt.io/npm/vue-demi/-/vue-demi-0.14.10.tgz 758ms (cache miss)
npm http fetch GET 200 https://registry.vlt.io/npm/@vue/runtime-core/-/runtime-core-3.5.33.tgz 782ms (cache miss)
npm http fetch GET 200 https://registry.vlt.io/npm/get-stream/-/get-stream-9.0.1.tgz 772ms (cache miss)
npm http fetch GET 200 https://registry.vlt.io/npm/yocto-queue/-/yocto-queue-0.1.0.tgz 764ms (cache miss)
npm http fetch GET 200 https://registry.vlt.io/npm/deep-is/-/deep-is-0.1.4.tgz 764ms (cache miss)
npm http fetch GET 200 https://registry.vlt.io/npm/@vue/devtools-api/-/devtools-api-6.6.4.tgz 773ms (cache miss)
npm http fetch GET 200 https://registry.vlt.io/npm/boolbase/-/boolbase-1.0.0.tgz 772ms (cache miss)
npm http fetch GET 200 https://registry.vlt.io/npm/vscode-uri/-/vscode-uri-3.1.0.tgz 798ms (cache miss)
npm http fetch GET 200 https://registry.vlt.io/npm/@vitest/utils/-/utils-2.1.9.tgz 795ms (cache miss)
npm http fetch GET 200 https://registry.vlt.io/npm/callsites/-/callsites-3.1.0.tgz 780ms (cache miss)
npm http fetch GET 200 https://registry.vlt.io/npm/p-limit/-/p-limit-3.1.0.tgz 780ms (cache miss)
npm http fetch GET 200 https://registry.vlt.io/npm/shell-quote/-/shell-quote-1.8.3.tgz 779ms (cache miss)
npm http fetch GET 200 https://registry.vlt.io/npm/word-wrap/-/word-wrap-1.2.5.tgz 786ms (cache miss)
npm http fetch GET 200 https://registry.vlt.io/npm/abbrev/-/abbrev-2.0.0.tgz 786ms (cache miss)
npm http fetch GET 200 https://registry.vlt.io/npm/read-package-json-fast/-/read-package-json-fast-4.0.0.tgz 786ms (cache miss)
npm http fetch GET 200 https://registry.vlt.io/npm/memorystream/-/memorystream-0.3.1.tgz 786ms (cache miss)
npm http fetch GET 200 https://registry.vlt.io/npm/fast-levenshtein/-/fast-levenshtein-2.0.6.tgz 795ms (cache miss)
npm http fetch GET 200 https://registry.vlt.io/npm/pidtree/-/pidtree-0.6.0.tgz 802ms (cache miss)
npm http fetch GET 200 https://registry.vlt.io/npm/brace-expansion/-/brace-expansion-5.0.5.tgz 802ms (cache miss)
npm http fetch GET 200 https://registry.vlt.io/npm/balanced-match/-/balanced-match-4.0.4.tgz 803ms (cache miss)
npm http fetch GET 200 https://registry.vlt.io/npm/fill-range/-/fill-range-7.1.1.tgz 812ms (cache miss)
npm http fetch GET 200 https://registry.vlt.io/npm/to-regex-range/-/to-regex-range-5.0.1.tgz 812ms (cache miss)
npm http fetch GET 200 https://registry.vlt.io/npm/braces/-/braces-3.0.3.tgz 819ms (cache miss)
npm http fetch GET 200 https://registry.vlt.io/npm/prelude-ls/-/prelude-ls-1.2.1.tgz 819ms (cache miss)
npm http fetch GET 200 https://registry.vlt.io/npm/agent-base/-/agent-base-7.1.4.tgz 820ms (cache miss)
npm http fetch GET 200 https://registry.vlt.io/npm/p-locate/-/p-locate-5.0.0.tgz 820ms (cache miss)
npm http fetch GET 200 https://registry.vlt.io/npm/type-fest/-/type-fest-0.20.2.tgz 852ms (cache miss)
npm http fetch GET 200 https://registry.vlt.io/npm/yallist/-/yallist-3.1.1.tgz 825ms (cache miss)
npm http fetch GET 200 https://registry.vlt.io/npm/json-buffer/-/json-buffer-3.0.1.tgz 825ms (cache miss)
npm http fetch GET 200 https://registry.vlt.io/npm/type-check/-/type-check-0.4.0.tgz 826ms (cache miss)
npm http fetch GET 200 https://registry.vlt.io/npm/csstype/-/csstype-3.2.3.tgz 854ms (cache miss)
npm http fetch GET 200 https://registry.vlt.io/npm/math-intrinsics/-/math-intrinsics-1.1.0.tgz 832ms (cache miss)
npm http fetch GET 200 https://registry.vlt.io/npm/has-symbols/-/has-symbols-1.1.0.tgz 848ms (cache miss)
npm http fetch GET 200 https://registry.vlt.io/npm/gopd/-/gopd-1.2.0.tgz 849ms (cache miss)
npm http fetch GET 200 https://registry.vlt.io/npm/es-define-property/-/es-define-property-1.0.1.tgz 857ms (cache miss)
npm http fetch GET 200 https://registry.vlt.io/npm/has-tostringtag/-/has-tostringtag-1.0.2.tgz 857ms (cache miss)
npm http fetch GET 200 https://registry.vlt.io/npm/function-bind/-/function-bind-1.1.2.tgz 867ms (cache miss)
npm http fetch GET 200 https://registry.vlt.io/npm/mime-db/-/mime-db-1.52.0.tgz 874ms (cache miss)
npm http fetch GET 200 https://registry.vlt.io/npm/hasown/-/hasown-2.0.3.tgz 871ms (cache miss)
npm http fetch GET 200 https://registry.vlt.io/npm/es-errors/-/es-errors-1.3.0.tgz 873ms (cache miss)
npm http fetch GET 200 https://registry.vlt.io/npm/es-object-atoms/-/es-object-atoms-1.1.1.tgz 881ms (cache miss)
npm http fetch GET 200 https://registry.vlt.io/npm/dunder-proto/-/dunder-proto-1.0.1.tgz 882ms (cache miss)
npm http fetch GET 200 https://registry.vlt.io/npm/get-intrinsic/-/get-intrinsic-1.3.0.tgz 882ms (cache miss)
npm http fetch GET 200 https://registry.vlt.io/npm/delayed-stream/-/delayed-stream-1.0.0.tgz 881ms (cache miss)
npm http fetch GET 200 https://registry.vlt.io/npm/mime-types/-/mime-types-2.1.35.tgz 891ms (cache miss)
npm http fetch GET 200 https://registry.vlt.io/npm/call-bind-apply-helpers/-/call-bind-apply-helpers-1.0.2.tgz 892ms (cache miss)
npm http fetch GET 200 https://registry.vlt.io/npm/combined-stream/-/combined-stream-1.0.8.tgz 891ms (cache miss)
npm http fetch GET 200 https://registry.vlt.io/npm/es-set-tostringtag/-/es-set-tostringtag-2.1.0.tgz 892ms (cache miss)
npm http fetch GET 200 https://registry.vlt.io/npm/asynckit/-/asynckit-0.4.0.tgz 907ms (cache miss)
npm http fetch GET 200 https://registry.vlt.io/npm/get-proto/-/get-proto-1.0.1.tgz 917ms (cache miss)
npm http fetch GET 200 https://registry.vlt.io/npm/@csstools/css-tokenizer/-/css-tokenizer-3.0.4.tgz 914ms (cache miss)
npm http fetch GET 200 https://registry.vlt.io/npm/picomatch/-/picomatch-2.3.2.tgz 926ms (cache miss)
npm http fetch GET 200 https://registry.vlt.io/npm/whatwg-encoding/-/whatwg-encoding-3.1.1.tgz 921ms (cache miss)
npm http fetch GET 200 https://registry.vlt.io/npm/webidl-conversions/-/webidl-conversions-7.0.0.tgz 921ms (cache miss)
npm http fetch GET 200 https://registry.vlt.io/npm/w3c-xmlserializer/-/w3c-xmlserializer-5.0.0.tgz 921ms (cache miss)
npm http fetch GET 200 https://registry.vlt.io/npm/whatwg-mimetype/-/whatwg-mimetype-4.0.0.tgz 922ms (cache miss)
npm http fetch GET 200 https://registry.vlt.io/npm/@csstools/color-helpers/-/color-helpers-5.1.0.tgz 931ms (cache miss)
npm http fetch GET 200 https://registry.vlt.io/npm/@csstools/css-parser-algorithms/-/css-parser-algorithms-3.0.5.tgz 931ms (cache miss)
npm http fetch GET 200 https://registry.vlt.io/npm/@csstools/css-calc/-/css-calc-2.1.4.tgz 952ms (cache miss)
npm http fetch GET 200 https://registry.vlt.io/npm/symbol-tree/-/symbol-tree-3.2.4.tgz 951ms (cache miss)
npm http fetch GET 200 https://registry.vlt.io/npm/@vue/devtools-kit/-/devtools-kit-7.7.9.tgz 976ms (cache miss)
npm http fetch GET 200 https://registry.vlt.io/npm/@csstools/css-color-parser/-/css-color-parser-3.1.0.tgz 964ms (cache miss)
npm http fetch GET 200 https://registry.vlt.io/npm/http-proxy-agent/-/http-proxy-agent-7.0.2.tgz 962ms (cache miss)
npm http fetch GET 200 https://registry.vlt.io/npm/https-proxy-agent/-/https-proxy-agent-7.0.6.tgz 962ms (cache miss)
npm http fetch GET 200 https://registry.vlt.io/npm/is-potential-custom-element-name/-/is-potential-custom-element-name-1.0.1.tgz 971ms (cache miss)
npm http fetch GET 200 https://registry.vlt.io/npm/html-encoding-sniffer/-/html-encoding-sniffer-4.0.0.tgz 978ms (cache miss)
npm http fetch GET 200 https://registry.vlt.io/npm/wrap-ansi/-/wrap-ansi-8.1.0.tgz 979ms (cache miss)
npm http fetch GET 200 https://registry.vlt.io/npm/data-urls/-/data-urls-5.0.0.tgz 986ms (cache miss)
npm http fetch GET 200 https://registry.vlt.io/npm/wrap-ansi/-/wrap-ansi-7.0.0.tgz 985ms (cache miss)
npm http fetch GET 200 https://registry.vlt.io/npm/strip-ansi/-/strip-ansi-6.0.1.tgz 990ms (cache miss)
npm http fetch GET 200 https://registry.vlt.io/npm/string-width/-/string-width-5.1.2.tgz 1007ms (cache miss)
npm http fetch GET 200 https://registry.vlt.io/npm/signal-exit/-/signal-exit-4.1.0.tgz 1008ms (cache miss)
npm http fetch GET 200 https://registry.vlt.io/npm/string-width/-/string-width-4.2.3.tgz 1017ms (cache miss)
npm http fetch GET 200 https://registry.vlt.io/npm/strip-ansi/-/strip-ansi-7.2.0.tgz 1018ms (cache miss)
npm http fetch GET 200 https://registry.vlt.io/npm/@isaacs/cliui/-/cliui-8.0.2.tgz 1018ms (cache miss)
npm http fetch GET 200 https://registry.vlt.io/npm/package-json-from-dist/-/package-json-from-dist-1.0.1.tgz 1017ms (cache miss)
npm http fetch GET 200 https://registry.vlt.io/npm/form-data/-/form-data-4.0.5.tgz 1036ms (cache miss)
npm http fetch GET 200 https://registry.vlt.io/npm/proto-list/-/proto-list-1.2.4.tgz 1033ms (cache miss)
npm http fetch GET 200 https://registry.vlt.io/npm/nwsapi/-/nwsapi-2.2.23.tgz 1044ms (cache miss)
npm http fetch GET 200 https://registry.vlt.io/npm/saxes/-/saxes-6.0.0.tgz 1045ms (cache miss)
npm http fetch GET 200 https://registry.vlt.io/npm/ini/-/ini-1.3.8.tgz 1041ms (cache miss)
npm http fetch GET 200 https://registry.vlt.io/npm/config-chain/-/config-chain-1.1.13.tgz 1040ms (cache miss)
npm http fetch GET 200 https://registry.vlt.io/npm/argparse/-/argparse-2.0.1.tgz 1051ms (cache miss)
npm http fetch GET 200 https://registry.vlt.io/npm/foreground-child/-/foreground-child-3.3.1.tgz 1050ms (cache miss)
npm http fetch GET 200 https://registry.vlt.io/npm/@one-ini/wasm/-/wasm-0.1.1.tgz 1049ms (cache miss)
npm http fetch GET 200 https://registry.vlt.io/npm/js-cookie/-/js-cookie-3.0.5.tgz 1050ms (cache miss)
npm http fetch GET 200 https://registry.vlt.io/npm/editorconfig/-/editorconfig-1.0.7.tgz 1057ms (cache miss)
npm http fetch GET 200 https://registry.vlt.io/npm/is-extglob/-/is-extglob-2.1.1.tgz 1065ms (cache miss)
npm http fetch GET 200 https://registry.vlt.io/npm/nopt/-/nopt-7.2.1.tgz 1066ms (cache miss)
npm http fetch GET 200 https://registry.vlt.io/npm/parent-module/-/parent-module-1.0.1.tgz 1074ms (cache miss)
npm http fetch GET 200 https://registry.vlt.io/npm/resolve-from/-/resolve-from-4.0.0.tgz 1074ms (cache miss)
npm http fetch GET 200 https://registry.vlt.io/npm/locate-path/-/locate-path-6.0.0.tgz 1073ms (cache miss)
npm http fetch GET 200 https://registry.vlt.io/npm/flatted/-/flatted-3.4.2.tgz 1074ms (cache miss)
npm http fetch GET 200 https://registry.vlt.io/npm/keyv/-/keyv-4.5.4.tgz 1075ms (cache miss)
npm http fetch GET 200 https://registry.vlt.io/npm/fastq/-/fastq-1.20.1.tgz 1074ms (cache miss)
npm http fetch GET 200 https://registry.vlt.io/npm/path-exists/-/path-exists-4.0.0.tgz 1080ms (cache miss)
npm http fetch GET 200 https://registry.vlt.io/npm/reusify/-/reusify-1.1.0.tgz 1080ms (cache miss)
npm http fetch GET 200 https://registry.vlt.io/npm/micromatch/-/micromatch-4.0.8.tgz 1079ms (cache miss)
npm http fetch GET 200 https://registry.vlt.io/npm/@nodelib/fs.walk/-/fs.walk-1.2.8.tgz 1080ms (cache miss)
npm http fetch GET 200 https://registry.vlt.io/npm/flat-cache/-/flat-cache-4.0.1.tgz 1088ms (cache miss)
npm http fetch GET 200 https://registry.vlt.io/npm/run-parallel/-/run-parallel-1.2.0.tgz 1091ms (cache miss)
npm http fetch GET 200 https://registry.vlt.io/npm/acorn-jsx/-/acorn-jsx-5.3.2.tgz 1098ms (cache miss)
npm http fetch GET 200 https://registry.vlt.io/npm/merge2/-/merge2-1.4.1.tgz 1099ms (cache miss)
npm http fetch GET 200 https://registry.vlt.io/npm/nth-check/-/nth-check-2.1.1.tgz 1104ms (cache miss)
npm http fetch GET 200 https://registry.vlt.io/npm/estraverse/-/estraverse-5.3.0.tgz 1105ms (cache miss)
npm http fetch GET 200 https://registry.vlt.io/npm/@vue/runtime-dom/-/runtime-dom-3.5.33.tgz 1152ms (cache miss)
npm http fetch GET 200 https://registry.vlt.io/npm/decimal.js/-/decimal.js-10.6.0.tgz 1123ms (cache miss)
npm http fetch GET 200 https://registry.vlt.io/npm/path-key/-/path-key-3.1.1.tgz 1114ms (cache miss)
npm http fetch GET 200 https://registry.vlt.io/npm/xml-name-validator/-/xml-name-validator-4.0.0.tgz 1116ms (cache miss)
npm http fetch GET 200 https://registry.vlt.io/npm/esrecurse/-/esrecurse-4.3.0.tgz 1121ms (cache miss)
npm http fetch GET 200 https://registry.vlt.io/npm/shebang-command/-/shebang-command-2.0.0.tgz 1120ms (cache miss)
npm http fetch GET 200 https://registry.vlt.io/npm/which/-/which-2.0.2.tgz 1121ms (cache miss)
npm http fetch GET 200 https://registry.vlt.io/npm/color-name/-/color-name-1.1.4.tgz 1120ms (cache miss)
npm http fetch GET 200 https://registry.vlt.io/npm/prettier-linter-helpers/-/prettier-linter-helpers-1.0.1.tgz 1128ms (cache miss)
npm http fetch GET 200 https://registry.vlt.io/npm/color-convert/-/color-convert-2.0.1.tgz 1127ms (cache miss)
npm http fetch GET 200 https://registry.vlt.io/npm/supports-color/-/supports-color-7.2.0.tgz 1128ms (cache miss)
npm http fetch GET 200 https://registry.vlt.io/npm/fast-json-stable-stringify/-/fast-json-stable-stringify-2.1.0.tgz 1133ms (cache miss)
npm http fetch GET 200 https://registry.vlt.io/npm/json-schema-traverse/-/json-schema-traverse-0.4.1.tgz 1134ms (cache miss)
npm http fetch GET 200 https://registry.vlt.io/npm/ansi-styles/-/ansi-styles-4.3.0.tgz 1134ms (cache miss)
npm http fetch GET 200 https://registry.vlt.io/npm/@humanfs/types/-/types-0.15.0.tgz 1141ms (cache miss)
npm http fetch GET 200 https://registry.vlt.io/npm/levn/-/levn-0.4.1.tgz 1141ms (cache miss)
npm http fetch GET 200 https://registry.vlt.io/npm/@types/json-schema/-/json-schema-7.0.15.tgz 1158ms (cache miss)
npm http fetch GET 200 https://registry.vlt.io/npm/@humanfs/core/-/core-0.19.2.tgz 1160ms (cache miss)
npm http fetch GET 200 https://registry.vlt.io/npm/strip-json-comments/-/strip-json-comments-3.1.1.tgz 1170ms (cache miss)
npm http fetch GET 200 https://registry.vlt.io/npm/globals/-/globals-14.0.0.tgz 1169ms (cache miss)
npm http fetch GET 200 https://registry.vlt.io/npm/import-fresh/-/import-fresh-3.3.1.tgz 1170ms (cache miss)
npm http fetch GET 200 https://registry.vlt.io/npm/@eslint/object-schema/-/object-schema-2.1.7.tgz 1170ms (cache miss)
npm http fetch GET 200 https://registry.vlt.io/npm/lodash.merge/-/lodash.merge-4.6.2.tgz 1169ms (cache miss)
npm http fetch GET 200 https://registry.vlt.io/npm/json-stable-stringify-without-jsonify/-/json-stable-stringify-without-jsonify-1.0.1.tgz 1177ms (cache miss)
npm http fetch GET 200 https://registry.vlt.io/npm/natural-compare/-/natural-compare-1.4.0.tgz 1178ms (cache miss)
npm http fetch GET 200 https://registry.vlt.io/npm/glob-parent/-/glob-parent-6.0.2.tgz 1185ms (cache miss)
npm http fetch GET 200 https://registry.vlt.io/npm/optionator/-/optionator-0.9.4.tgz 1198ms (cache miss)
npm http fetch GET 200 https://registry.vlt.io/npm/is-glob/-/is-glob-4.0.3.tgz 1197ms (cache miss)
npm http fetch GET 200 https://registry.vlt.io/npm/fast-deep-equal/-/fast-deep-equal-3.1.3.tgz 1197ms (cache miss)
npm http fetch GET 200 https://registry.vlt.io/npm/ignore/-/ignore-5.3.2.tgz 1214ms (cache miss)
npm http fetch GET 200 https://registry.vlt.io/npm/file-entry-cache/-/file-entry-cache-8.0.0.tgz 1213ms (cache miss)
npm http fetch GET 200 https://registry.vlt.io/npm/@pkgjs/parseargs/-/parseargs-0.11.0.tgz 1232ms (cache miss)
npm http fetch GET 200 https://registry.vlt.io/npm/whatwg-url/-/whatwg-url-14.2.0.tgz 1244ms (cache miss)
npm http fetch GET 200 https://registry.vlt.io/npm/find-up/-/find-up-5.0.0.tgz 1229ms (cache miss)
npm http fetch GET 200 https://registry.vlt.io/npm/esutils/-/esutils-2.0.3.tgz 1229ms (cache miss)
npm http fetch GET 200 https://registry.vlt.io/npm/escape-string-regexp/-/escape-string-regexp-4.0.0.tgz 1229ms (cache miss)
npm http fetch GET 200 https://registry.vlt.io/npm/chalk/-/chalk-4.1.2.tgz 1237ms (cache miss)
npm http fetch GET 200 https://registry.vlt.io/npm/cross-spawn/-/cross-spawn-7.0.6.tgz 1237ms (cache miss)
npm http fetch GET 200 https://registry.vlt.io/npm/vite-node/-/vite-node-2.1.9.tgz 1286ms (cache miss)
npm http fetch GET 200 https://registry.vlt.io/npm/commander/-/commander-10.0.1.tgz 1256ms (cache miss)
npm http fetch GET 200 https://registry.vlt.io/npm/@humanwhocodes/retry/-/retry-0.4.3.tgz 1251ms (cache miss)
npm http fetch GET 200 https://registry.vlt.io/npm/@types/estree/-/estree-1.0.8.tgz 1252ms (cache miss)
npm http fetch GET 200 https://registry.vlt.io/npm/@humanwhocodes/module-importer/-/module-importer-1.0.1.tgz 1252ms (cache miss)
npm http fetch GET 200 https://registry.vlt.io/npm/@humanfs/node/-/node-0.16.8.tgz 1252ms (cache miss)
npm http fetch GET 200 https://registry.vlt.io/npm/@eslint/config-helpers/-/config-helpers-0.4.2.tgz 1265ms (cache miss)
npm http fetch GET 200 https://registry.vlt.io/npm/iconv-lite/-/iconv-lite-0.6.3.tgz 1322ms (cache miss)
npm http fetch GET 200 https://registry.vlt.io/npm/@eslint/js/-/js-9.39.4.tgz 1274ms (cache miss)
npm http fetch GET 200 https://registry.vlt.io/npm/ms/-/ms-2.1.3.tgz 1273ms (cache miss)
npm http fetch GET 200 https://registry.vlt.io/npm/node-releases/-/node-releases-2.0.38.tgz 1282ms (cache miss)
npm http fetch GET 200 https://registry.vlt.io/npm/update-browserslist-db/-/update-browserslist-db-1.2.3.tgz 1282ms (cache miss)
npm http fetch GET 200 https://registry.vlt.io/npm/ws/-/ws-8.20.0.tgz 1307ms (cache miss)
npm http fetch GET 200 https://registry.vlt.io/npm/@eslint/core/-/core-0.17.0.tgz 1297ms (cache miss)
npm http fetch GET 200 https://registry.vlt.io/npm/vue-component-type-helpers/-/vue-component-type-helpers-3.2.7.tgz 1296ms (cache miss)
npm http fetch GET 200 https://registry.vlt.io/npm/@vue/compiler-ssr/-/compiler-ssr-3.5.33.tgz 1303ms (cache miss)
npm http fetch GET 200 https://registry.vlt.io/npm/eslint-plugin-prettier/-/eslint-plugin-prettier-5.5.5.tgz 1313ms (cache miss)
npm http fetch GET 200 https://registry.vlt.io/npm/typescript-eslint/-/typescript-eslint-8.59.0.tgz 1314ms (cache miss)
npm http fetch GET 200 https://registry.vlt.io/npm/estree-walker/-/estree-walker-2.0.2.tgz 1313ms (cache miss)
npm http fetch GET 200 https://registry.vlt.io/npm/espree/-/espree-10.4.0.tgz 1338ms (cache miss)
npm http fetch GET 200 https://registry.vlt.io/npm/@vue/shared/-/shared-3.5.33.tgz 1334ms (cache miss)
npm http fetch GET 200 https://registry.vlt.io/npm/speakingurl/-/speakingurl-14.0.1.tgz 1380ms (cache miss)
npm http fetch GET 200 https://registry.vlt.io/npm/@jridgewell/resolve-uri/-/resolve-uri-3.1.2.tgz 1343ms (cache miss)
npm http fetch GET 200 https://registry.vlt.io/npm/@vue/babel-plugin-resolve-type/-/babel-plugin-resolve-type-1.5.0.tgz 1351ms (cache miss)
npm http fetch GET 200 https://registry.vlt.io/npm/@babel/helper-optimise-call-expression/-/helper-optimise-call-expression-7.27.1.tgz 1350ms (cache miss)
npm http fetch GET 200 https://registry.vlt.io/npm/@vue/babel-helper-vue-transform-on/-/babel-helper-vue-transform-on-1.5.0.tgz 1352ms (cache miss)
npm http fetch GET 200 https://registry.vlt.io/npm/@babel/plugin-syntax-jsx/-/plugin-syntax-jsx-7.28.6.tgz 1352ms (cache miss)
npm http fetch GET 200 https://registry.vlt.io/npm/eslint-config-prettier/-/eslint-config-prettier-10.1.8.tgz 1362ms (cache miss)
npm http fetch GET 200 https://registry.vlt.io/npm/@babel/helper-string-parser/-/helper-string-parser-7.27.1.tgz 1360ms (cache miss)
npm http fetch GET 200 https://registry.vlt.io/npm/@babel/helper-globals/-/helper-globals-7.28.0.tgz 1360ms (cache miss)
npm http fetch GET 200 https://registry.vlt.io/npm/@babel/helper-replace-supers/-/helper-replace-supers-7.28.6.tgz 1361ms (cache miss)
npm http fetch GET 200 https://registry.vlt.io/npm/@babel/helper-skip-transparent-expression-wrappers/-/helper-skip-transparent-expression-wrappers-7.27.1.tgz 1370ms (cache miss)
npm http fetch GET 200 https://registry.vlt.io/npm/@babel/plugin-syntax-typescript/-/plugin-syntax-typescript-7.28.6.tgz 1371ms (cache miss)
npm http fetch GET 200 https://registry.vlt.io/npm/imurmurhash/-/imurmurhash-0.1.4.tgz 1391ms (cache miss)
npm http fetch GET 200 https://registry.vlt.io/npm/@babel/helper-plugin-utils/-/helper-plugin-utils-7.28.6.tgz 1381ms (cache miss)
npm http fetch GET 200 https://registry.vlt.io/npm/@babel/helper-member-expression-to-functions/-/helper-member-expression-to-functions-7.28.5.tgz 1382ms (cache miss)
npm http fetch GET 200 https://registry.vlt.io/npm/@babel/helper-annotate-as-pure/-/helper-annotate-as-pure-7.27.3.tgz 1405ms (cache miss)
npm http fetch GET 200 https://registry.vlt.io/npm/@babel/helper-module-imports/-/helper-module-imports-7.28.6.tgz 1420ms (cache miss)
npm http fetch GET 200 https://registry.vlt.io/npm/picocolors/-/picocolors-1.1.1.tgz 1418ms (cache miss)
npm http fetch GET 200 https://registry.vlt.io/npm/electron-to-chromium/-/electron-to-chromium-1.5.344.tgz 1439ms (cache miss)
npm http fetch GET 200 https://registry.vlt.io/npm/jsesc/-/jsesc-3.1.0.tgz 1434ms (cache miss)
npm http fetch GET 200 https://registry.vlt.io/npm/@nodelib/fs.stat/-/fs.stat-2.0.5.tgz 1467ms (cache miss)
npm http fetch GET 200 https://registry.vlt.io/npm/lru-cache/-/lru-cache-5.1.1.tgz 1452ms (cache miss)
npm http fetch GET 200 https://registry.vlt.io/npm/@babel/helper-validator-identifier/-/helper-validator-identifier-7.28.5.tgz 1450ms (cache miss)
npm http fetch GET 200 https://registry.vlt.io/npm/browserslist/-/browserslist-4.28.2.tgz 1486ms (cache miss)
npm http fetch GET 200 https://registry.vlt.io/npm/js-tokens/-/js-tokens-4.0.0.tgz 1486ms (cache miss)
npm http fetch GET 200 https://registry.vlt.io/npm/convert-source-map/-/convert-source-map-2.0.0.tgz 1486ms (cache miss)
npm http fetch GET 200 https://registry.vlt.io/npm/superjson/-/superjson-2.2.6.tgz 1567ms (cache miss)
npm http fetch GET 200 https://registry.vlt.io/npm/@jridgewell/remapping/-/remapping-2.3.5.tgz 1526ms (cache miss)
npm http fetch GET 200 https://registry.vlt.io/npm/gensync/-/gensync-1.0.0-beta.2.tgz 1536ms (cache miss)
npm http fetch GET 200 https://registry.vlt.io/npm/@babel/helper-compilation-targets/-/helper-compilation-targets-7.28.6.tgz 1536ms (cache miss)
npm http fetch GET 200 https://registry.vlt.io/npm/baseline-browser-mapping/-/baseline-browser-mapping-2.10.23.tgz 1554ms (cache miss)
npm http fetch GET 200 https://registry.vlt.io/npm/@babel/code-frame/-/code-frame-7.29.0.tgz 1571ms (cache miss)
npm http fetch GET 200 https://registry.vlt.io/npm/@babel/helper-validator-option/-/helper-validator-option-7.27.1.tgz 1585ms (cache miss)
npm http fetch GET 200 https://registry.vlt.io/npm/tinyglobby/-/tinyglobby-0.2.16.tgz 1582ms (cache miss)
npm http fetch GET 200 https://registry.vlt.io/npm/acorn/-/acorn-8.16.0.tgz 1610ms (cache miss)
npm http fetch GET 200 https://registry.vlt.io/npm/eslint-scope/-/eslint-scope-8.4.0.tgz 1603ms (cache miss)
npm http fetch GET 200 https://registry.vlt.io/npm/@typescript-eslint/tsconfig-utils/-/tsconfig-utils-8.59.0.tgz 1590ms (cache miss)
npm http fetch GET 200 https://registry.vlt.io/npm/@typescript-eslint/project-service/-/project-service-8.59.0.tgz 1591ms (cache miss)
npm http fetch GET 200 https://registry.vlt.io/npm/debug/-/debug-4.4.3.tgz 1591ms (cache miss)
npm http fetch GET 200 https://registry.vlt.io/npm/eslint-visitor-keys/-/eslint-visitor-keys-3.4.3.tgz 1592ms (cache miss)
npm http fetch GET 200 https://registry.vlt.io/npm/@typescript-eslint/visitor-keys/-/visitor-keys-8.59.0.tgz 1602ms (cache miss)
npm http fetch GET 200 https://registry.vlt.io/npm/@vue/babel-plugin-jsx/-/babel-plugin-jsx-1.5.0.tgz 1614ms (cache miss)
npm http fetch GET 200 https://registry.vlt.io/npm/@eslint-community/regexpp/-/regexpp-4.12.2.tgz 1634ms (cache miss)
npm http fetch GET 200 https://registry.vlt.io/npm/@types/tough-cookie/-/tough-cookie-4.0.5.tgz 1624ms (cache miss)
npm http fetch GET 200 https://registry.vlt.io/npm/vue-tsc/-/vue-tsc-2.2.12.tgz 1623ms (cache miss)
npm http fetch GET 200 https://registry.vlt.io/npm/@eslint/plugin-kit/-/plugin-kit-0.4.1.tgz 1647ms (cache miss)
npm http fetch GET 200 https://registry.vlt.io/npm/@babel/compat-data/-/compat-data-7.29.0.tgz 1647ms (cache miss)
npm http fetch GET 200 https://registry.vlt.io/npm/@vue/tsconfig/-/tsconfig-0.7.0.tgz 1654ms (cache miss)
npm http fetch GET 200 https://registry.vlt.io/npm/@vue/eslint-config-prettier/-/eslint-config-prettier-10.2.0.tgz 1653ms (cache miss)
npm http fetch GET 200 https://registry.vlt.io/npm/@vue/eslint-config-typescript/-/eslint-config-typescript-14.7.0.tgz 1673ms (cache miss)
npm http fetch GET 200 https://registry.vlt.io/npm/@vitejs/plugin-vue-jsx/-/plugin-vue-jsx-4.2.0.tgz 1673ms (cache miss)
npm http fetch GET 200 https://registry.vlt.io/npm/@tsconfig/node22/-/node22-22.0.5.tgz 1672ms (cache miss)
npm http fetch GET 200 https://registry.vlt.io/npm/@types/jsdom/-/jsdom-21.1.7.tgz 1673ms (cache miss)
npm http fetch GET 200 https://registry.vlt.io/npm/@playwright/test/-/test-1.59.1.tgz 1673ms (cache miss)
npm http fetch GET 200 https://registry.vlt.io/npm/synckit/-/synckit-0.11.12.tgz 1708ms (cache miss)
npm http fetch GET 200 https://registry.vlt.io/npm/minipass/-/minipass-7.1.3.tgz 1727ms (cache miss)
npm http fetch GET 200 https://registry.vlt.io/npm/balanced-match/-/balanced-match-1.0.2.tgz 1697ms (cache miss)
npm http fetch GET 200 https://registry.vlt.io/npm/brace-expansion/-/brace-expansion-2.1.0.tgz 1697ms (cache miss)
npm http fetch GET 200 https://registry.vlt.io/npm/nanoid/-/nanoid-5.1.9.tgz 1726ms (cache miss)
npm http fetch GET 200 https://registry.vlt.io/npm/pathe/-/pathe-1.1.2.tgz 1727ms (cache miss)
npm http fetch GET 200 https://registry.vlt.io/npm/eslint-plugin-playwright/-/eslint-plugin-playwright-2.10.2.tgz 1744ms (cache miss)
npm http fetch GET 200 https://registry.vlt.io/npm/ignore/-/ignore-7.0.5.tgz 1740ms (cache miss)
npm http fetch GET 200 https://registry.vlt.io/npm/path-key/-/path-key-4.0.0.tgz 1741ms (cache miss)
npm http fetch GET 200 https://registry.vlt.io/npm/xml-name-validator/-/xml-name-validator-5.0.0.tgz 1740ms (cache miss)
npm http fetch GET 200 https://registry.vlt.io/npm/emoji-regex/-/emoji-regex-8.0.0.tgz 1741ms (cache miss)
npm http fetch GET 200 https://registry.vlt.io/npm/rrweb-cssom/-/rrweb-cssom-0.7.1.tgz 1785ms (cache miss)
npm http fetch GET 200 https://registry.vlt.io/npm/path-scurry/-/path-scurry-1.11.1.tgz 1782ms (cache miss)
npm http fetch GET 200 https://registry.vlt.io/npm/ansi-regex/-/ansi-regex-5.0.1.tgz 1749ms (cache miss)
npm http fetch GET 200 https://registry.vlt.io/npm/string-width/-/string-width-4.2.3.tgz 1759ms (cache miss)
npm http fetch GET 200 https://registry.vlt.io/npm/pathe/-/pathe-1.1.2.tgz 1769ms (cache miss)
npm http fetch GET 200 https://registry.vlt.io/npm/pathe/-/pathe-1.1.2.tgz 1770ms (cache miss)
npm http fetch GET 200 https://registry.vlt.io/npm/strip-ansi/-/strip-ansi-6.0.1.tgz 1769ms (cache miss)
npm http fetch GET 200 https://registry.vlt.io/npm/strip-ansi/-/strip-ansi-6.0.1.tgz 1768ms (cache miss)
npm http fetch GET 200 https://registry.vlt.io/npm/ansi-styles/-/ansi-styles-6.2.3.tgz 1769ms (cache miss)
npm http fetch GET 200 https://registry.vlt.io/npm/emoji-regex/-/emoji-regex-8.0.0.tgz 1778ms (cache miss)
npm http fetch GET 200 https://registry.vlt.io/npm/balanced-match/-/balanced-match-1.0.2.tgz 1778ms (cache miss)
npm http fetch GET 200 https://registry.vlt.io/npm/balanced-match/-/balanced-match-1.0.2.tgz 1778ms (cache miss)
npm http fetch GET 200 https://registry.vlt.io/npm/esbuild/-/esbuild-0.21.5.tgz 1788ms (cache miss)
npm http fetch GET 200 https://registry.vlt.io/npm/ansi-regex/-/ansi-regex-5.0.1.tgz 1786ms (cache miss)
npm http fetch GET 200 https://registry.vlt.io/npm/ansi-regex/-/ansi-regex-5.0.1.tgz 1786ms (cache miss)
npm http fetch GET 200 https://registry.vlt.io/npm/brace-expansion/-/brace-expansion-2.1.0.tgz 1786ms (cache miss)
npm http fetch GET 200 https://registry.vlt.io/npm/brace-expansion/-/brace-expansion-2.1.0.tgz 1786ms (cache miss)
npm http fetch GET 200 https://registry.vlt.io/npm/@rollup/rollup-linux-arm64-gnu/-/rollup-linux-arm64-gnu-4.60.2.tgz 1852ms (cache miss)
npm http fetch GET 200 https://registry.vlt.io/npm/minimatch/-/minimatch-3.1.5.tgz 1798ms (cache miss)
npm http fetch GET 200 https://registry.vlt.io/npm/balanced-match/-/balanced-match-1.0.2.tgz 1798ms (cache miss)
npm http fetch GET 200 https://registry.vlt.io/npm/brace-expansion/-/brace-expansion-1.1.14.tgz 1798ms (cache miss)
npm http fetch GET 200 https://registry.vlt.io/npm/balanced-match/-/balanced-match-1.0.2.tgz 1799ms (cache miss)
npm http fetch GET 200 https://registry.vlt.io/npm/eslint-visitor-keys/-/eslint-visitor-keys-4.2.1.tgz 1800ms (cache miss)
npm http fetch GET 200 https://registry.vlt.io/npm/glob-parent/-/glob-parent-5.1.2.tgz 1804ms (cache miss)
npm http fetch GET 200 https://registry.vlt.io/npm/@nodelib/fs.scandir/-/fs.scandir-2.1.5.tgz 1843ms (cache miss)
npm http fetch GET 200 https://registry.vlt.io/npm/eslint-visitor-keys/-/eslint-visitor-keys-5.0.1.tgz 1821ms (cache miss)
npm http fetch GET 200 https://registry.vlt.io/npm/semver/-/semver-6.3.1.tgz 1822ms (cache miss)
npm http fetch GET 200 https://registry.vlt.io/npm/@vue/compiler-core/-/compiler-core-3.5.33.tgz 1847ms (cache miss)
npm http fetch GET 200 https://registry.vlt.io/npm/ts-api-utils/-/ts-api-utils-2.5.0.tgz 1840ms (cache miss)
npm http fetch GET 200 https://registry.vlt.io/npm/minimatch/-/minimatch-3.1.5.tgz 1828ms (cache miss)
npm http fetch GET 200 https://registry.vlt.io/npm/brace-expansion/-/brace-expansion-1.1.14.tgz 1829ms (cache miss)
npm http fetch GET 200 https://registry.vlt.io/npm/pathe/-/pathe-1.1.2.tgz 1827ms (cache miss)
npm http fetch GET 200 https://registry.vlt.io/npm/source-map-js/-/source-map-js-1.2.1.tgz 1853ms (cache miss)
npm http fetch GET 200 https://registry.vlt.io/npm/@vitejs/plugin-vue/-/plugin-vue-5.2.4.tgz 1841ms (cache miss)
npm http fetch GET 200 https://registry.vlt.io/npm/picomatch/-/picomatch-4.0.4.tgz 1839ms (cache miss)
npm http fetch GET 200 https://registry.vlt.io/npm/eslint-visitor-keys/-/eslint-visitor-keys-5.0.1.tgz 1834ms (cache miss)
npm http fetch GET 200 https://registry.vlt.io/npm/brace-expansion/-/brace-expansion-2.1.0.tgz 1834ms (cache miss)
npm http fetch GET 200 https://registry.vlt.io/npm/isexe/-/isexe-3.1.5.tgz 1839ms (cache miss)
npm http fetch GET 200 https://registry.vlt.io/npm/balanced-match/-/balanced-match-1.0.2.tgz 1839ms (cache miss)
npm http fetch GET 200 https://registry.vlt.io/npm/balanced-match/-/balanced-match-1.0.2.tgz 1837ms (cache miss)
npm http fetch GET 200 https://registry.vlt.io/npm/semver/-/semver-6.3.1.tgz 1846ms (cache miss)
npm http fetch GET 200 https://registry.vlt.io/npm/semver/-/semver-6.3.1.tgz 1846ms (cache miss)
npm http fetch GET 200 https://registry.vlt.io/npm/which/-/which-5.0.0.tgz 1845ms (cache miss)
npm http fetch GET 200 https://registry.vlt.io/npm/ansi-styles/-/ansi-styles-6.2.3.tgz 1845ms (cache miss)
npm http fetch GET 200 https://registry.vlt.io/npm/xml-name-validator/-/xml-name-validator-5.0.0.tgz 1850ms (cache miss)
npm http fetch GET 200 https://registry.vlt.io/npm/magic-string/-/magic-string-0.30.21.tgz 1877ms (cache miss)
npm http fetch GET 200 https://registry.vlt.io/npm/@babel/plugin-transform-typescript/-/plugin-transform-typescript-7.28.6.tgz 1870ms (cache miss)
npm http fetch GET 200 https://registry.vlt.io/npm/fdir/-/fdir-6.5.0.tgz 1857ms (cache miss)
npm http fetch GET 200 https://registry.vlt.io/npm/minimatch/-/minimatch-3.1.5.tgz 1854ms (cache miss)
npm http fetch GET 200 https://registry.vlt.io/npm/globals/-/globals-13.24.0.tgz 1855ms (cache miss)
npm http fetch GET 200 https://registry.vlt.io/npm/brace-expansion/-/brace-expansion-1.1.14.tgz 1859ms (cache miss)
npm http fetch GET 200 https://registry.vlt.io/npm/@typescript-eslint/types/-/types-8.59.0.tgz 1879ms (cache miss)
npm http fetch GET 200 https://registry.vlt.io/npm/esbuild/-/esbuild-0.21.5.tgz 1868ms (cache miss)
npm http fetch GET 200 https://registry.vlt.io/npm/eslint-visitor-keys/-/eslint-visitor-keys-4.2.1.tgz 1866ms (cache miss)
npm http fetch GET 200 https://registry.vlt.io/npm/estree-walker/-/estree-walker-3.0.3.tgz 1883ms (cache miss)
npm http fetch GET 200 https://registry.vlt.io/npm/globals/-/globals-17.5.0.tgz 1882ms (cache miss)
npm http fetch GET 200 https://registry.vlt.io/npm/picomatch/-/picomatch-4.0.4.tgz 1889ms (cache miss)
npm http fetch GET 200 https://registry.vlt.io/npm/fdir/-/fdir-6.5.0.tgz 1878ms (cache miss)
npm http fetch GET 200 https://registry.vlt.io/npm/@eslint-community/eslint-utils/-/eslint-utils-4.9.1.tgz 1904ms (cache miss)
npm http fetch GET 200 https://registry.vlt.io/npm/jackspeak/-/jackspeak-3.4.3.tgz 1944ms (cache miss)
npm http fetch GET 200 https://registry.vlt.io/npm/@babel/helper-module-transforms/-/helper-module-transforms-7.28.6.tgz 1920ms (cache miss)
npm http fetch GET 200 https://registry.vlt.io/npm/undici-types/-/undici-types-6.21.0.tgz 1918ms (cache miss)
npm http fetch GET 200 https://registry.vlt.io/npm/@babel/template/-/template-7.28.6.tgz 1925ms (cache miss)
npm http fetch GET 200 https://registry.vlt.io/npm/@rolldown/pluginutils/-/pluginutils-1.0.0-rc.17.tgz 1925ms (cache miss)
npm http fetch GET 200 https://registry.vlt.io/npm/@typescript-eslint/type-utils/-/type-utils-8.59.0.tgz 1970ms (cache miss)
npm http fetch GET 200 https://registry.vlt.io/npm/pinia/-/pinia-2.3.1.tgz 1925ms (cache miss)
npm http fetch GET 200 https://registry.vlt.io/npm/espree/-/espree-9.6.1.tgz 1913ms (cache miss)
npm http fetch GET 200 https://registry.vlt.io/npm/picomatch/-/picomatch-4.0.4.tgz 1920ms (cache miss)
npm http fetch GET 200 https://registry.vlt.io/npm/@vitest/eslint-plugin/-/eslint-plugin-1.1.10.tgz 1934ms (cache miss)
npm http fetch GET 200 https://registry.vlt.io/npm/@volar/typescript/-/typescript-2.4.15.tgz 2005ms (cache miss)
npm http fetch GET 200 https://registry.vlt.io/npm/@eslint/config-array/-/config-array-0.21.2.tgz 1958ms (cache miss)
npm http fetch GET 200 https://registry.vlt.io/npm/json5/-/json5-2.2.3.tgz 1958ms (cache miss)
npm http fetch GET 200 https://registry.vlt.io/npm/vue-eslint-parser/-/vue-eslint-parser-10.4.0.tgz 1968ms (cache miss)
npm http fetch GET 200 https://registry.vlt.io/npm/@babel/helper-create-class-features-plugin/-/helper-create-class-features-plugin-7.28.6.tgz 1972ms (cache miss)
npm http fetch GET 200 https://registry.vlt.io/npm/@jridgewell/sourcemap-codec/-/sourcemap-codec-1.5.5.tgz 1977ms (cache miss)
npm http fetch GET 200 https://registry.vlt.io/npm/eslint-scope/-/eslint-scope-7.2.2.tgz 1962ms (cache miss)
npm http fetch GET 200 https://registry.vlt.io/npm/esquery/-/esquery-1.7.0.tgz 2027ms (cache miss)
npm http fetch GET 200 https://registry.vlt.io/npm/@vue/compiler-dom/-/compiler-dom-3.5.33.tgz 2009ms (cache miss)
npm http fetch GET 200 https://registry.vlt.io/npm/@jridgewell/gen-mapping/-/gen-mapping-0.3.13.tgz 2048ms (cache miss)
npm http fetch GET 200 https://registry.vlt.io/npm/@vitest/mocker/-/mocker-2.1.9.tgz 2039ms (cache miss)
npm http fetch GET 200 https://registry.vlt.io/npm/rrweb-cssom/-/rrweb-cssom-0.8.0.tgz 2073ms (cache miss)
npm http fetch GET 200 https://registry.vlt.io/npm/js-yaml/-/js-yaml-4.1.1.tgz 2105ms (cache miss)
npm http fetch GET 200 https://registry.vlt.io/npm/tough-cookie/-/tough-cookie-5.1.2.tgz 2120ms (cache miss)
npm http fetch GET 200 https://registry.vlt.io/npm/postcss-selector-parser/-/postcss-selector-parser-6.1.2.tgz 2115ms (cache miss)
npm http fetch GET 200 https://registry.vlt.io/npm/chai/-/chai-5.3.3.tgz 2172ms (cache miss)
npm http fetch GET 200 https://registry.vlt.io/npm/vue-router/-/vue-router-4.6.4.tgz 2115ms (cache miss)
npm http fetch GET 200 https://registry.vlt.io/npm/vue-eslint-parser/-/vue-eslint-parser-9.4.3.tgz 2102ms (cache miss)
npm http fetch GET 200 https://registry.vlt.io/npm/@eslint/eslintrc/-/eslintrc-3.3.5.tgz 2177ms (cache miss)
npm http fetch GET 200 https://registry.vlt.io/npm/lru-cache/-/lru-cache-10.4.3.tgz 2174ms (cache miss)
npm http fetch GET 200 https://registry.vlt.io/npm/semver/-/semver-7.7.4.tgz 2189ms (cache miss)
npm http fetch GET 200 https://registry.vlt.io/npm/@babel/parser/-/parser-7.29.2.tgz 2197ms (cache miss)
npm http fetch GET 200 https://registry.vlt.io/npm/lru-cache/-/lru-cache-10.4.3.tgz 2186ms (cache miss)
npm http fetch GET 200 https://registry.vlt.io/npm/@jridgewell/trace-mapping/-/trace-mapping-0.3.31.tgz 2205ms (cache miss)
npm http fetch GET 200 https://registry.vlt.io/npm/postcss/-/postcss-8.5.12.tgz 2246ms (cache miss)
npm http fetch GET 200 https://registry.vlt.io/npm/@vue/compiler-sfc/-/compiler-sfc-3.5.33.tgz 2261ms (cache miss)
npm http fetch GET 200 https://registry.vlt.io/npm/rollup/-/rollup-4.60.2.tgz 2358ms (cache miss)
npm http fetch GET 200 https://registry.vlt.io/npm/@babel/generator/-/generator-7.29.1.tgz 2379ms (cache miss)
npm http fetch GET 200 https://registry.vlt.io/npm/uri-js/-/uri-js-4.4.1.tgz 2417ms (cache miss)
npm http fetch GET 200 https://registry.vlt.io/npm/tldts/-/tldts-6.1.86.tgz 2449ms (cache miss)
npm http fetch GET 200 https://registry.vlt.io/npm/fast-glob/-/fast-glob-3.3.3.tgz 2425ms (cache miss)
npm http fetch GET 200 https://registry.vlt.io/npm/vite-plugin-inspect/-/vite-plugin-inspect-0.8.9.tgz 2504ms (cache miss)
npm http fetch GET 200 https://registry.vlt.io/npm/minimatch/-/minimatch-10.2.5.tgz 2477ms (cache miss)
npm http fetch GET 200 https://registry.vlt.io/npm/npm-run-all2/-/npm-run-all2-7.0.2.tgz 2475ms (cache miss)
npm http fetch GET 200 https://registry.vlt.io/npm/vue/-/vue-3.5.33.tgz 2478ms (cache miss)
npm http fetch GET 200 https://registry.vlt.io/npm/minimatch/-/minimatch-9.0.9.tgz 2477ms (cache miss)
npm http fetch GET 200 https://registry.vlt.io/npm/@types/node/-/node-22.19.17.tgz 2483ms (cache miss)
npm http fetch GET 200 https://registry.vlt.io/npm/glob/-/glob-10.5.0.tgz 2517ms (cache miss)
npm http fetch GET 200 https://registry.vlt.io/npm/minimatch/-/minimatch-9.0.9.tgz 2486ms (cache miss)
npm http fetch GET 200 https://registry.vlt.io/npm/minimatch/-/minimatch-9.0.9.tgz 2492ms (cache miss)
npm http fetch GET 200 https://registry.vlt.io/npm/minimatch/-/minimatch-9.0.9.tgz 2504ms (cache miss)
npm http fetch GET 200 https://registry.vlt.io/npm/vite/-/vite-6.4.2.tgz 2515ms (cache miss)
npm http fetch GET 200 https://registry.vlt.io/npm/@vue/test-utils/-/test-utils-2.4.8.tgz 2519ms (cache miss)
npm http fetch GET 200 https://registry.vlt.io/npm/js-beautify/-/js-beautify-1.15.4.tgz 2561ms (cache miss)
npm http fetch GET 200 https://registry.vlt.io/npm/tldts-core/-/tldts-core-6.1.86.tgz 2602ms (cache miss)
npm http fetch GET 200 https://registry.vlt.io/npm/vite/-/vite-5.4.21.tgz 2554ms (cache miss)
npm http fetch GET 200 https://registry.vlt.io/npm/cssstyle/-/cssstyle-4.6.0.tgz 2602ms (cache miss)
npm http fetch GET 200 https://registry.vlt.io/npm/@babel/traverse/-/traverse-7.29.0.tgz 2591ms (cache miss)
npm http fetch GET 200 https://registry.vlt.io/npm/vite/-/vite-5.4.21.tgz 2578ms (cache miss)
npm http fetch GET 200 https://registry.vlt.io/npm/@typescript-eslint/typescript-estree/-/typescript-estree-8.59.0.tgz 2607ms (cache miss)
npm http fetch GET 200 https://registry.vlt.io/npm/parse5/-/parse5-7.3.0.tgz 2628ms (cache miss)
npm http fetch GET 200 https://registry.vlt.io/npm/@asamuzakjp/css-color/-/css-color-3.2.0.tgz 2682ms (cache miss)
npm http fetch GET 200 https://registry.vlt.io/npm/@typescript-eslint/utils/-/utils-8.59.0.tgz 2657ms (cache miss)
npm http fetch GET 200 https://registry.vlt.io/npm/ajv/-/ajv-6.15.0.tgz 2694ms (cache miss)
npm http fetch GET 200 https://registry.vlt.io/npm/vitest/-/vitest-2.1.9.tgz 2709ms (cache miss)
npm http fetch GET 200 https://registry.vlt.io/npm/entities/-/entities-6.0.1.tgz 2702ms (cache miss)
npm http fetch GET 200 https://registry.vlt.io/npm/execa/-/execa-9.6.1.tgz 2838ms (cache miss)
npm http fetch GET 200 https://registry.vlt.io/npm/entities/-/entities-7.0.1.tgz 2819ms (cache miss)
npm http fetch GET 200 https://registry.vlt.io/npm/@esbuild/linux-arm64/-/linux-arm64-0.25.12.tgz 2858ms (cache miss)
npm http fetch GET 200 https://registry.vlt.io/npm/vite-plugin-vue-devtools/-/vite-plugin-vue-devtools-7.7.9.tgz 2835ms (cache miss)
npm http fetch GET 200 https://registry.vlt.io/npm/@vue/language-core/-/language-core-2.2.12.tgz 2903ms (cache miss)
npm http fetch GET 200 https://registry.vlt.io/npm/@esbuild/linux-arm64/-/linux-arm64-0.21.5.tgz 2843ms (cache miss)
npm http fetch GET 200 https://registry.vlt.io/npm/@esbuild/linux-arm64/-/linux-arm64-0.21.5.tgz 2854ms (cache miss)
npm http fetch GET 200 https://registry.vlt.io/npm/@babel/core/-/core-7.29.0.tgz 2875ms (cache miss)
npm http fetch GET 200 https://registry.vlt.io/npm/prettier/-/prettier-3.8.3.tgz 2894ms (cache miss)
npm http fetch GET 200 https://registry.vlt.io/npm/playwright/-/playwright-1.59.1.tgz 2936ms (cache miss)
npm http fetch GET 200 https://registry.vlt.io/npm/@babel/types/-/types-7.29.0.tgz 3038ms (cache miss)
npm http fetch GET 200 https://registry.vlt.io/npm/@babel/helpers/-/helpers-7.29.2.tgz 3106ms (cache miss)
npm http fetch GET 200 https://registry.vlt.io/npm/lodash/-/lodash-4.18.1.tgz 3321ms (cache miss)
npm http fetch GET 200 https://registry.vlt.io/npm/@typescript-eslint/scope-manager/-/scope-manager-8.59.0.tgz 3256ms (cache miss)
npm http fetch GET 200 https://registry.vlt.io/npm/eslint-plugin-vue/-/eslint-plugin-vue-9.33.0.tgz 3255ms (cache miss)
npm http fetch GET 200 https://registry.vlt.io/npm/typescript/-/typescript-5.6.3.tgz 3314ms (cache miss)
npm http fetch GET 200 https://registry.vlt.io/npm/eslint/-/eslint-9.39.4.tgz 3365ms (cache miss)
npm http fetch GET 200 https://registry.vlt.io/npm/@typescript-eslint/eslint-plugin/-/eslint-plugin-8.59.0.tgz 3418ms (cache miss)
npm http fetch GET 200 https://registry.vlt.io/npm/playwright-core/-/playwright-core-1.59.1.tgz 3504ms (cache miss)
npm http fetch GET 200 https://registry.vlt.io/npm/caniuse-lite/-/caniuse-lite-1.0.30001791.tgz 3511ms (cache miss)
npm http fetch GET 200 https://registry.vlt.io/npm/jsdom/-/jsdom-25.0.1.tgz 3503ms (cache miss)

added 482 packages in 16s
