npm http fetch GET 200 https://registry.vlt.io/npm/pinia 82ms (cache miss)
npm http fetch GET 200 https://registry.vlt.io/npm/typescript 92ms (cache miss)
npm http fetch GET 200 https://registry.vlt.io/npm/vue 52ms (cache miss)
npm http fetch GET 200 https://registry.vlt.io/npm/vue-router 37ms (cache miss)
npm http fetch GET 200 https://registry.vlt.io/npm/@playwright%2ftest 49ms (cache miss)
npm http fetch GET 200 https://registry.vlt.io/npm/@tsconfig%2fnode22 43ms (cache miss)
npm http fetch GET 200 https://registry.vlt.io/npm/@types%2fjsdom 36ms (cache miss)
npm http fetch GET 200 https://registry.vlt.io/npm/@types%2fnode 51ms (cache miss)
npm http fetch GET 200 https://registry.vlt.io/npm/@vitejs%2fplugin-vue 33ms (cache miss)
npm http fetch GET 200 https://registry.vlt.io/npm/vite 44ms (cache miss)
npm http fetch GET 200 https://registry.vlt.io/npm/jiti 43ms (cache miss)
npm http fetch GET 200 https://registry.vlt.io/npm/less 36ms (cache miss)
npm http fetch GET 200 https://registry.vlt.io/npm/lightningcss 54ms (cache miss)
npm http fetch GET 200 https://registry.vlt.io/npm/sass 36ms (cache miss)
npm http fetch GET 200 https://registry.vlt.io/npm/sass-embedded 37ms (cache miss)
npm http fetch GET 200 https://registry.vlt.io/npm/stylus 33ms (cache miss)
npm http fetch GET 200 https://registry.vlt.io/npm/sugarss 42ms (cache miss)
npm http fetch GET 200 https://registry.vlt.io/npm/postcss 34ms (cache miss)
npm http fetch GET 200 https://registry.vlt.io/npm/terser 35ms (cache miss)
npm http fetch GET 200 https://registry.vlt.io/npm/tsx 34ms (cache miss)
npm http fetch GET 200 https://registry.vlt.io/npm/yaml 40ms (cache miss)
npm http fetch GET 200 https://registry.vlt.io/npm/@vitejs%2fplugin-vue-jsx 34ms (cache miss)
npm http fetch GET 200 https://registry.vlt.io/npm/@vitest%2feslint-plugin 33ms (cache miss)
npm http fetch GET 200 https://registry.vlt.io/npm/@typescript-eslint%2futils 48ms (cache miss)
npm http fetch GET 200 https://registry.vlt.io/npm/eslint 44ms (cache miss)
npm http fetch GET 200 https://registry.vlt.io/npm/jiti 41ms (cache revalidated)
npm http fetch GET 200 https://registry.vlt.io/npm/vitest 40ms (cache miss)
npm http fetch GET 200 https://registry.vlt.io/npm/@edge-runtime%2fvm 36ms (cache miss)
npm http fetch GET 200 https://registry.vlt.io/npm/@vitest%2fbrowser 41ms (cache miss)
npm http fetch GET 200 https://registry.vlt.io/npm/playwright 53ms (cache miss)
npm http fetch GET 200 https://registry.vlt.io/npm/webdriverio 41ms (cache miss)
npm http fetch GET 200 https://registry.vlt.io/npm/puppeteer-core 35ms (cache miss)
npm http fetch GET 200 https://registry.vlt.io/npm/@vitest%2fui 36ms (cache miss)
npm http fetch GET 200 https://registry.vlt.io/npm/happy-dom 36ms (cache miss)
npm http fetch GET 200 https://registry.vlt.io/npm/jsdom 37ms (cache miss)
npm http fetch GET 200 https://registry.vlt.io/npm/canvas 33ms (cache miss)
npm http fetch GET 200 https://registry.vlt.io/npm/@vue%2feslint-config-prettier 35ms (cache miss)
npm http fetch GET 200 https://registry.vlt.io/npm/prettier 33ms (cache miss)
npm http fetch GET 200 https://registry.vlt.io/npm/@vue%2feslint-config-typescript 36ms (cache miss)
npm http fetch GET 200 https://registry.vlt.io/npm/eslint-plugin-vue 36ms (cache miss)
npm http fetch GET 200 https://registry.vlt.io/npm/@vue%2ftest-utils 35ms (cache miss)
npm http fetch GET 200 https://registry.vlt.io/npm/@vue%2fcompiler-dom 31ms (cache miss)
npm http fetch GET 200 https://registry.vlt.io/npm/@vue%2fserver-renderer 34ms (cache miss)
npm http fetch GET 200 https://registry.vlt.io/npm/@vue%2ftsconfig 37ms (cache miss)
npm http fetch GET 200 https://registry.vlt.io/npm/eslint-plugin-playwright 38ms (cache miss)
npm http fetch GET 200 https://registry.vlt.io/npm/npm-run-all2 32ms (cache miss)
npm http fetch GET 200 https://registry.vlt.io/npm/vite-plugin-vue-devtools 35ms (cache miss)
npm http fetch GET 200 https://registry.vlt.io/npm/vue-tsc 41ms (cache miss)
npm http fetch GET 200 https://registry.vlt.io/npm/parse5 35ms (cache miss)
npm http fetch GET 200 https://registry.vlt.io/npm/playwright 61ms (cache revalidated)
npm http fetch GET 200 https://registry.vlt.io/npm/@types%2fnode 83ms (cache revalidated)
npm http fetch GET 200 https://registry.vlt.io/npm/@types%2ftough-cookie 59ms (cache miss)
npm http fetch GET 200 https://registry.vlt.io/npm/undici-types 35ms (cache miss)
npm http fetch GET 200 https://registry.vlt.io/npm/fdir 33ms (cache miss)
npm http fetch GET 200 https://registry.vlt.io/npm/rollup 56ms (cache miss)
npm http fetch GET 200 https://registry.vlt.io/npm/postcss 48ms (cache revalidated)
npm http fetch GET 200 https://registry.vlt.io/npm/esbuild 63ms (cache miss)
npm http fetch GET 200 https://registry.vlt.io/npm/picomatch 34ms (cache miss)
npm http fetch GET 200 https://registry.vlt.io/npm/tinyglobby 33ms (cache miss)
npm http fetch GET 200 https://registry.vlt.io/npm/fsevents 38ms (cache miss)
npm http fetch GET 200 https://registry.vlt.io/npm/@vue%2fshared 33ms (cache miss)
npm http fetch GET 200 https://registry.vlt.io/npm/@vue%2fcompiler-dom 32ms (cache revalidated)
npm http fetch GET 200 https://registry.vlt.io/npm/@vue%2fruntime-dom 46ms (cache miss)
npm http fetch GET 200 https://registry.vlt.io/npm/@vue%2fcompiler-sfc 31ms (cache miss)
npm http fetch GET 200 https://registry.vlt.io/npm/@vue%2fserver-renderer 33ms (cache revalidated)
npm http fetch GET 200 https://registry.vlt.io/npm/@babel%2fcore 41ms (cache miss)
npm http fetch GET 200 https://registry.vlt.io/npm/@rolldown%2fpluginutils 35ms (cache miss)
npm http fetch GET 200 https://registry.vlt.io/npm/@vue%2fbabel-plugin-jsx 35ms (cache miss)
npm http fetch GET 200 https://registry.vlt.io/npm/@babel%2fplugin-transform-typescript 33ms (cache miss)
npm http fetch GET 200 https://registry.vlt.io/npm/@typescript-eslint%2ftypes 56ms (cache miss)
npm http fetch GET 200 https://registry.vlt.io/npm/@eslint-community%2feslint-utils 57ms (cache miss)
npm http fetch GET 200 https://registry.vlt.io/npm/@typescript-eslint%2fscope-manager 71ms (cache miss)
npm http fetch GET 200 https://registry.vlt.io/npm/ajv 48ms (cache miss)
npm http fetch GET 200 https://registry.vlt.io/npm/chalk 34ms (cache miss)
npm http fetch GET 200 https://registry.vlt.io/npm/@typescript-eslint%2ftypescript-estree 84ms (cache miss)
npm http fetch GET 200 https://registry.vlt.io/npm/debug 53ms (cache miss)
npm http fetch GET 200 https://registry.vlt.io/npm/espree 39ms (cache miss)
npm http fetch GET 200 https://registry.vlt.io/npm/ignore 34ms (cache miss)
npm http fetch GET 200 https://registry.vlt.io/npm/esquery 35ms (cache miss)
npm http fetch GET 200 https://registry.vlt.io/npm/esutils 32ms (cache miss)
npm http fetch GET 200 https://registry.vlt.io/npm/find-up 31ms (cache miss)
npm http fetch GET 200 https://registry.vlt.io/npm/is-glob 33ms (cache miss)
npm http fetch GET 200 https://registry.vlt.io/npm/minimatch 49ms (cache miss)
npm http fetch GET 200 https://registry.vlt.io/npm/optionator 35ms (cache miss)
npm http fetch GET 200 https://registry.vlt.io/npm/@eslint%2fjs 45ms (cache miss)
npm http fetch GET 200 https://registry.vlt.io/npm/cross-spawn 36ms (cache miss)
npm http fetch GET 200 https://registry.vlt.io/npm/glob-parent 34ms (cache miss)
npm http fetch GET 200 https://registry.vlt.io/npm/imurmurhash 34ms (cache miss)
npm http fetch GET 200 https://registry.vlt.io/npm/@eslint%2fcore 31ms (cache miss)
npm http fetch GET 200 https://registry.vlt.io/npm/lodash.merge 32ms (cache miss)
npm http fetch GET 200 https://registry.vlt.io/npm/eslint-scope 49ms (cache miss)
npm http fetch GET 200 https://registry.vlt.io/npm/@humanfs%2fnode 34ms (cache miss)
npm http fetch GET 200 https://registry.vlt.io/npm/@types%2festree 38ms (cache miss)
npm http fetch GET 200 https://registry.vlt.io/npm/natural-compare 29ms (cache miss)
npm http fetch GET 200 https://registry.vlt.io/npm/fast-deep-equal 47ms (cache miss)
npm http fetch GET 200 https://registry.vlt.io/npm/@eslint%2feslintrc 40ms (cache miss)
npm http fetch GET 200 https://registry.vlt.io/npm/file-entry-cache 34ms (cache miss)
npm http fetch GET 200 https://registry.vlt.io/npm/@eslint%2fplugin-kit 34ms (cache miss)
npm http fetch GET 200 https://registry.vlt.io/npm/eslint-visitor-keys 30ms (cache miss)
npm http fetch GET 200 https://registry.vlt.io/npm/@eslint%2fconfig-array 46ms (cache miss)
npm http fetch GET 200 https://registry.vlt.io/npm/@humanwhocodes%2fretry 42ms (cache miss)
npm http fetch GET 200 https://registry.vlt.io/npm/escape-string-regexp 33ms (cache miss)
npm http fetch GET 200 https://registry.vlt.io/npm/@eslint%2fconfig-helpers 33ms (cache miss)
npm http fetch GET 200 https://registry.vlt.io/npm/@eslint-community%2feslint-utils 36ms (cache revalidated)
npm http fetch GET 200 https://registry.vlt.io/npm/@eslint-community%2fregexpp 44ms (cache miss)
npm http fetch GET 200 https://registry.vlt.io/npm/@humanwhocodes%2fmodule-importer 31ms (cache miss)
npm http fetch GET 200 https://registry.vlt.io/npm/json-stable-stringify-without-jsonify 30ms (cache miss)
npm http fetch GET 200 https://registry.vlt.io/npm/eslint-config-prettier 49ms (cache miss)
npm http fetch GET 200 https://registry.vlt.io/npm/eslint-plugin-prettier 36ms (cache miss)
npm http fetch GET 200 https://registry.vlt.io/npm/fast-glob 48ms (cache miss)
npm http fetch GET 200 https://registry.vlt.io/npm/vue-eslint-parser 32ms (cache miss)
npm http fetch GET 200 https://registry.vlt.io/npm/typescript-eslint 56ms (cache miss)
npm http fetch GET 200 https://registry.vlt.io/npm/semver 43ms (cache miss)
npm http fetch GET 200 https://registry.vlt.io/npm/globals 35ms (cache miss)
npm http fetch GET 200 https://registry.vlt.io/npm/nth-check 31ms (cache miss)
npm http fetch GET 200 https://registry.vlt.io/npm/vue-eslint-parser 39ms (cache revalidated)
npm http fetch GET 200 https://registry.vlt.io/npm/xml-name-validator 41ms (cache miss)
npm http fetch GET 200 https://registry.vlt.io/npm/postcss-selector-parser 31ms (cache miss)
npm http fetch GET 200 https://registry.vlt.io/npm/js-beautify 35ms (cache miss)
npm http fetch GET 200 https://registry.vlt.io/npm/vue-component-type-helpers 37ms (cache miss)
npm http fetch GET 200 https://registry.vlt.io/npm/@vue%2fcompiler-core 38ms (cache miss)
npm http fetch GET 200 https://registry.vlt.io/npm/globals 36ms (cache revalidated)
npm http fetch GET 200 https://registry.vlt.io/npm/ws 35ms (cache miss)
npm http fetch GET 200 https://registry.vlt.io/npm/saxes 33ms (cache miss)
npm http fetch GET 200 https://registry.vlt.io/npm/nwsapi 31ms (cache miss)
npm http fetch GET 200 https://registry.vlt.io/npm/parse5 31ms (cache revalidated)
npm http fetch GET 200 https://registry.vlt.io/npm/cssstyle 32ms (cache miss)
npm http fetch GET 200 https://registry.vlt.io/npm/form-data 35ms (cache miss)
npm http fetch GET 200 https://registry.vlt.io/npm/data-urls 41ms (cache miss)
npm http fetch GET 200 https://registry.vlt.io/npm/decimal.js 43ms (cache miss)
npm http fetch GET 200 https://registry.vlt.io/npm/rrweb-cssom 32ms (cache miss)
npm http fetch GET 200 https://registry.vlt.io/npm/whatwg-url 37ms (cache miss)
npm http fetch GET 200 https://registry.vlt.io/npm/symbol-tree 39ms (cache miss)
npm http fetch GET 200 https://registry.vlt.io/npm/whatwg-encoding 34ms (cache miss)
npm http fetch GET 200 https://registry.vlt.io/npm/tough-cookie 44ms (cache miss)
npm http fetch GET 200 https://registry.vlt.io/npm/whatwg-mimetype 43ms (cache miss)
npm http fetch GET 200 https://registry.vlt.io/npm/http-proxy-agent 33ms (cache miss)
npm http fetch GET 200 https://registry.vlt.io/npm/https-proxy-agent 33ms (cache miss)
npm http fetch GET 200 https://registry.vlt.io/npm/w3c-xmlserializer 31ms (cache miss)
npm http fetch GET 200 https://registry.vlt.io/npm/webidl-conversions 33ms (cache miss)
npm http fetch GET 200 https://registry.vlt.io/npm/xml-name-validator 46ms (cache revalidated)
npm http fetch GET 200 https://registry.vlt.io/npm/is-potential-custom-element-name 35ms (cache miss)
npm http fetch GET 200 https://registry.vlt.io/npm/html-encoding-sniffer 44ms (cache miss)
npm http fetch GET 200 https://registry.vlt.io/npm/which 41ms (cache miss)
npm http fetch GET 200 https://registry.vlt.io/npm/minimatch 35ms (cache revalidated)
npm http fetch GET 200 https://registry.vlt.io/npm/pidtree 43ms (cache miss)
npm http fetch GET 200 https://registry.vlt.io/npm/ansi-styles 42ms (cache miss)
npm http fetch GET 200 https://registry.vlt.io/npm/memorystream 36ms (cache miss)
npm http fetch GET 200 https://registry.vlt.io/npm/shell-quote 42ms (cache miss)
npm http fetch GET 200 https://registry.vlt.io/npm/read-package-json-fast 35ms (cache miss)
npm http fetch GET 200 https://registry.vlt.io/npm/@vue%2fdevtools-api 30ms (cache miss)
npm http fetch GET 200 https://registry.vlt.io/npm/vue-demi 43ms (cache miss)
npm http fetch GET 200 https://registry.vlt.io/npm/sirv 30ms (cache miss)
npm http fetch GET 200 https://registry.vlt.io/npm/execa 31ms (cache miss)
npm http fetch GET 200 https://registry.vlt.io/npm/@vue%2fdevtools-kit 32ms (cache miss)
npm http fetch GET 200 https://registry.vlt.io/npm/@vue%2fdevtools-core 31ms (cache miss)
npm http fetch GET 200 https://registry.vlt.io/npm/vite-plugin-inspect 33ms (cache miss)
npm http fetch GET 200 https://registry.vlt.io/npm/@vue%2fdevtools-shared 37ms (cache miss)
npm http fetch GET 200 https://registry.vlt.io/npm/vite-plugin-vue-inspector 44ms (cache miss)
npm http fetch GET 200 https://registry.vlt.io/npm/vite 37ms (cache revalidated)
npm http fetch GET 200 https://registry.vlt.io/npm/debug 45ms (cache revalidated)
npm http fetch GET 200 https://registry.vlt.io/npm/chai 78ms (cache miss)
npm http fetch GET 200 https://registry.vlt.io/npm/pathe 35ms (cache miss)
npm http fetch GET 200 https://registry.vlt.io/npm/std-env 32ms (cache miss)
npm http fetch GET 200 https://registry.vlt.io/npm/tinyexec 34ms (cache miss)
npm http fetch GET 200 https://registry.vlt.io/npm/tinypool 31ms (cache miss)
npm http fetch GET 200 https://registry.vlt.io/npm/tinybench 32ms (cache miss)
npm http fetch GET 200 https://registry.vlt.io/npm/vite-node 34ms (cache miss)
npm http fetch GET 200 https://registry.vlt.io/npm/@vitest%2fspy 32ms (cache miss)
npm http fetch GET 200 https://registry.vlt.io/npm/expect-type 32ms (cache miss)
npm http fetch GET 200 https://registry.vlt.io/npm/tinyrainbow 39ms (cache miss)
npm http fetch GET 200 https://registry.vlt.io/npm/@vitest%2futils 34ms (cache miss)
npm http fetch GET 200 https://registry.vlt.io/npm/magic-string 47ms (cache miss)
npm http fetch GET 200 https://registry.vlt.io/npm/@vitest%2fexpect 41ms (cache miss)
npm http fetch GET 200 https://registry.vlt.io/npm/@vitest%2frunner 31ms (cache miss)
npm http fetch GET 200 https://registry.vlt.io/npm/@vitest%2fmocker 38ms (cache miss)
npm http fetch GET 200 https://registry.vlt.io/npm/@vitest%2fsnapshot 38ms (cache miss)
npm http fetch GET 200 https://registry.vlt.io/npm/@vitest%2fpretty-format 35ms (cache miss)
npm http fetch GET 200 https://registry.vlt.io/npm/why-is-node-running 43ms (cache miss)
npm http fetch GET 200 https://registry.vlt.io/npm/@vue%2fdevtools-api 36ms (cache revalidated)
npm http fetch GET 200 https://registry.vlt.io/npm/@vue%2flanguage-core 33ms (cache miss)
npm http fetch GET 200 https://registry.vlt.io/npm/@volar%2ftypescript 42ms (cache miss)
npm http fetch GET 200 https://registry.vlt.io/npm/fsevents 33ms (cache revalidated)
npm http fetch GET 200 https://registry.vlt.io/npm/playwright-core 68ms (cache miss)
npm http fetch GET 200 https://registry.vlt.io/npm/entities 36ms (cache miss)
npm http fetch GET 200 https://registry.vlt.io/npm/eslint 35ms (cache revalidated)
npm http fetch GET 200 https://registry.vlt.io/npm/typescript 42ms (cache revalidated)
npm http fetch GET 200 https://registry.vlt.io/npm/eslint-visitor-keys 46ms (cache revalidated)
npm http fetch GET 200 https://registry.vlt.io/npm/semver 50ms (cache revalidated)
npm http fetch GET 200 https://registry.vlt.io/npm/@typescript-eslint%2fvisitor-keys 62ms (cache miss)
npm http fetch GET 200 https://registry.vlt.io/npm/tinyglobby 41ms (cache revalidated)
npm http fetch GET 200 https://registry.vlt.io/npm/ts-api-utils 37ms (cache miss)
npm http fetch GET 200 https://registry.vlt.io/npm/@typescript-eslint%2ftsconfig-utils 36ms (cache miss)
npm http fetch GET 200 https://registry.vlt.io/npm/@typescript-eslint%2fproject-service 36ms (cache miss)
npm http fetch GET 200 https://registry.vlt.io/npm/brace-expansion 34ms (cache miss)
npm http fetch GET 200 https://registry.vlt.io/npm/ms 35ms (cache miss)
npm http fetch GET 200 https://registry.vlt.io/npm/@typescript-eslint%2ftsconfig-utils 38ms (cache revalidated)
npm http fetch GET 200 https://registry.vlt.io/npm/picomatch 36ms (cache revalidated)
npm http fetch GET 200 https://registry.vlt.io/npm/fdir 39ms (cache revalidated)
npm http fetch GET 200 https://registry.vlt.io/npm/gensync 38ms (cache miss)
npm http fetch GET 200 https://registry.vlt.io/npm/json5 40ms (cache miss)
npm http fetch GET 200 https://registry.vlt.io/npm/@babel%2ftypes 41ms (cache miss)
npm http fetch GET 200 https://registry.vlt.io/npm/@babel%2fparser 33ms (cache miss)
npm http fetch GET 200 https://registry.vlt.io/npm/@babel%2ftemplate 35ms (cache miss)
npm http fetch GET 200 https://registry.vlt.io/npm/@babel%2fhelpers 39ms (cache miss)
npm http fetch GET 200 https://registry.vlt.io/npm/@babel%2ftraverse 36ms (cache miss)
npm http fetch GET 200 https://registry.vlt.io/npm/@babel%2fgenerator 37ms (cache miss)
npm http fetch GET 200 https://registry.vlt.io/npm/@babel%2fcode-frame 38ms (cache miss)
npm http fetch GET 200 https://registry.vlt.io/npm/convert-source-map 32ms (cache miss)
npm http fetch GET 200 https://registry.vlt.io/npm/@jridgewell%2fremapping 33ms (cache miss)
npm http fetch GET 200 https://registry.vlt.io/npm/@babel%2fhelper-module-transforms 33ms (cache miss)
npm http fetch GET 200 https://registry.vlt.io/npm/@babel%2fhelper-compilation-targets 32ms (cache miss)
npm http fetch GET 200 https://registry.vlt.io/npm/@babel%2fhelper-plugin-utils 33ms (cache miss)
npm http fetch GET 200 https://registry.vlt.io/npm/@babel%2fhelper-annotate-as-pure 32ms (cache miss)
npm http fetch GET 200 https://registry.vlt.io/npm/@babel%2fplugin-syntax-typescript 33ms (cache miss)
npm http fetch GET 200 https://registry.vlt.io/npm/@babel%2fhelper-skip-transparent-expression-wrappers 32ms (cache miss)
npm http fetch GET 200 https://registry.vlt.io/npm/@babel%2fhelper-create-class-features-plugin 46ms (cache miss)
npm http fetch GET 200 https://registry.vlt.io/npm/@vue%2fshared 38ms (cache revalidated)
npm http fetch GET 200 https://registry.vlt.io/npm/@babel%2ftypes 33ms (cache revalidated)
npm http fetch GET 200 https://registry.vlt.io/npm/@babel%2ftemplate 42ms (cache revalidated)
npm http fetch GET 200 https://registry.vlt.io/npm/@babel%2ftraverse 36ms (cache revalidated)
npm http fetch GET 200 https://registry.vlt.io/npm/@babel%2fplugin-syntax-jsx 36ms (cache miss)
npm http fetch GET 200 https://registry.vlt.io/npm/@babel%2fhelper-plugin-utils 36ms (cache revalidated)
npm http fetch GET 200 https://registry.vlt.io/npm/@vue%2fbabel-plugin-resolve-type 30ms (cache miss)
npm http fetch GET 200 https://registry.vlt.io/npm/@babel%2fhelper-module-imports 34ms (cache miss)
npm http fetch GET 200 https://registry.vlt.io/npm/@vue%2fbabel-helper-vue-transform-on 33ms (cache miss)
npm http fetch GET 200 https://registry.vlt.io/npm/@babel%2fcore 33ms (cache revalidated)
npm http fetch GET 200 https://registry.vlt.io/npm/js-tokens 32ms (cache miss)
npm http fetch GET 200 https://registry.vlt.io/npm/picocolors 36ms (cache miss)
npm http fetch GET 200 https://registry.vlt.io/npm/@babel%2fhelper-validator-identifier 38ms (cache miss)
npm http fetch GET 200 https://registry.vlt.io/npm/jsesc 33ms (cache miss)
npm http fetch GET 200 https://registry.vlt.io/npm/@jridgewell%2fgen-mapping 33ms (cache miss)
npm http fetch GET 200 https://registry.vlt.io/npm/@jridgewell%2ftrace-mapping 34ms (cache miss)
npm http fetch GET 200 https://registry.vlt.io/npm/lru-cache 33ms (cache miss)
npm http fetch GET 200 https://registry.vlt.io/npm/browserslist 38ms (cache miss)
npm http fetch GET 200 https://registry.vlt.io/npm/@babel%2fcompat-data 40ms (cache miss)
npm http fetch GET 200 https://registry.vlt.io/npm/@babel%2fhelper-validator-option 35ms (cache miss)
npm http fetch GET 200 https://registry.vlt.io/npm/@babel%2fhelper-globals 34ms (cache miss)
npm http fetch GET 200 https://registry.vlt.io/npm/@babel%2fhelper-module-imports 41ms (cache revalidated)
npm http fetch GET 200 https://registry.vlt.io/npm/@babel%2fhelper-string-parser 34ms (cache miss)
npm http fetch GET 200 https://registry.vlt.io/npm/@jridgewell%2fgen-mapping 37ms (cache revalidated)
npm http fetch GET 200 https://registry.vlt.io/npm/@jridgewell%2ftrace-mapping 36ms (cache revalidated)
npm http fetch GET 200 https://registry.vlt.io/npm/@jridgewell%2fresolve-uri 38ms (cache miss)
npm http fetch GET 200 https://registry.vlt.io/npm/@jridgewell%2fsourcemap-codec 40ms (cache miss)
npm http fetch GET 200 https://registry.vlt.io/npm/@jridgewell%2fsourcemap-codec 40ms (cache miss)
npm http fetch GET 200 https://registry.vlt.io/npm/caniuse-lite 39ms (cache miss)
npm http fetch GET 200 https://registry.vlt.io/npm/electron-to-chromium 47ms (cache miss)
npm http fetch GET 200 https://registry.vlt.io/npm/node-releases 55ms (cache miss)
npm http fetch GET 200 https://registry.vlt.io/npm/update-browserslist-db 31ms (cache miss)
npm http fetch GET 200 https://registry.vlt.io/npm/yallist 31ms (cache miss)
npm http fetch GET 200 https://registry.vlt.io/npm/baseline-browser-mapping 39ms (cache miss)
npm http fetch GET 200 https://registry.vlt.io/npm/@babel%2fhelper-optimise-call-expression 35ms (cache miss)
npm http fetch GET 200 https://registry.vlt.io/npm/@babel%2fhelper-replace-supers 36ms (cache miss)
npm http fetch GET 200 https://registry.vlt.io/npm/@babel%2fhelper-member-expression-to-functions 40ms (cache miss)
npm http fetch GET 200 https://registry.vlt.io/npm/@vue%2fcompiler-sfc 33ms (cache revalidated)
npm http fetch GET 200 https://registry.vlt.io/npm/magic-string 34ms (cache revalidated)
npm http fetch GET 200 https://registry.vlt.io/npm/estree-walker 38ms (cache miss)
npm http fetch GET 200 https://registry.vlt.io/npm/source-map-js 38ms (cache miss)
npm http fetch GET 200 https://registry.vlt.io/npm/@vue%2fcompiler-ssr 33ms (cache miss)
npm http fetch GET 200 https://registry.vlt.io/npm/entities 33ms (cache revalidated)
npm http fetch GET 200 https://registry.vlt.io/npm/nanoid 35ms (cache miss)
npm http fetch GET 200 https://registry.vlt.io/npm/eslint 37ms (cache revalidated)
npm http fetch GET 200 https://registry.vlt.io/npm/@types%2feslint 36ms (cache miss)
npm http fetch GET 200 https://registry.vlt.io/npm/prettier 31ms (cache revalidated)
npm http fetch GET 200 https://registry.vlt.io/npm/synckit 30ms (cache miss)
npm http fetch GET 200 https://registry.vlt.io/npm/prettier-linter-helpers 33ms (cache miss)
npm http fetch GET 200 https://registry.vlt.io/npm/eslint 35ms (cache revalidated)
npm http fetch GET 200 https://registry.vlt.io/npm/typescript 40ms (cache revalidated)
npm http fetch GET 200 https://registry.vlt.io/npm/glob-parent 34ms (cache revalidated)
npm http fetch GET 200 https://registry.vlt.io/npm/micromatch 36ms (cache miss)
npm http fetch GET 200 https://registry.vlt.io/npm/merge2 40ms (cache miss)
npm http fetch GET 200 https://registry.vlt.io/npm/@nodelib%2ffs.stat 40ms (cache miss)
npm http fetch GET 200 https://registry.vlt.io/npm/@nodelib%2ffs.walk 38ms (cache miss)
npm http fetch GET 200 https://registry.vlt.io/npm/@typescript-eslint%2fparser 59ms (cache miss)
npm http fetch GET 200 https://registry.vlt.io/npm/espree 51ms (cache revalidated)
npm http fetch GET 200 https://registry.vlt.io/npm/esquery 38ms (cache revalidated)
npm http fetch GET 200 https://registry.vlt.io/npm/@typescript-eslint%2feslint-plugin 88ms (cache miss)
npm http fetch GET 200 https://registry.vlt.io/npm/eslint-scope 80ms (cache revalidated)
npm http fetch GET 200 https://registry.vlt.io/npm/nopt 36ms (cache miss)
npm http fetch GET 200 https://registry.vlt.io/npm/js-cookie 38ms (cache miss)
npm http fetch GET 200 https://registry.vlt.io/npm/glob 41ms (cache miss)
npm http fetch GET 200 https://registry.vlt.io/npm/config-chain 33ms (cache miss)
npm http fetch GET 200 https://registry.vlt.io/npm/editorconfig 37ms (cache miss)
npm http fetch GET 200 https://registry.vlt.io/npm/browserslist 33ms (cache revalidated)
npm http fetch GET 200 https://registry.vlt.io/npm/escalade 34ms (cache miss)
npm http fetch GET 200 https://registry.vlt.io/npm/@eslint%2fobject-schema 34ms (cache miss)
npm http fetch GET 200 https://registry.vlt.io/npm/js-yaml 36ms (cache miss)
npm http fetch GET 200 https://registry.vlt.io/npm/@types%2fjson-schema 41ms (cache miss)
npm http fetch GET 200 https://registry.vlt.io/npm/import-fresh 33ms (cache miss)
npm http fetch GET 200 https://registry.vlt.io/npm/strip-json-comments 31ms (cache miss)
npm http fetch GET 200 https://registry.vlt.io/npm/levn 33ms (cache miss)
npm http fetch GET 200 https://registry.vlt.io/npm/@humanfs%2fcore 33ms (cache miss)
npm http fetch GET 200 https://registry.vlt.io/npm/@humanfs%2ftypes 32ms (cache miss)
npm http fetch GET 200 https://registry.vlt.io/npm/@humanwhocodes%2fretry 44ms (cache revalidated)
npm http fetch GET 200 https://registry.vlt.io/npm/fast-deep-equal 31ms (cache revalidated)
npm http fetch GET 200 https://registry.vlt.io/npm/uri-js 39ms (cache miss)
npm http fetch GET 200 https://registry.vlt.io/npm/json-schema-traverse 41ms (cache miss)
npm http fetch GET 200 https://registry.vlt.io/npm/ansi-styles 34ms (cache revalidated)
npm http fetch GET 200 https://registry.vlt.io/npm/fast-json-stable-stringify 44ms (cache miss)
npm http fetch GET 200 https://registry.vlt.io/npm/supports-color 39ms (cache miss)
npm http fetch GET 200 https://registry.vlt.io/npm/path-key 30ms (cache miss)
npm http fetch GET 200 https://registry.vlt.io/npm/which 43ms (cache revalidated)
npm http fetch GET 200 https://registry.vlt.io/npm/esrecurse 32ms (cache miss)
npm http fetch GET 200 https://registry.vlt.io/npm/shebang-command 43ms (cache miss)
npm http fetch GET 200 https://registry.vlt.io/npm/estraverse 32ms (cache miss)
npm http fetch GET 200 https://registry.vlt.io/npm/acorn-jsx 31ms (cache miss)
npm http fetch GET 200 https://registry.vlt.io/npm/acorn 34ms (cache miss)
npm http fetch GET 200 https://registry.vlt.io/npm/estraverse 36ms (cache revalidated)
npm http fetch GET 200 https://registry.vlt.io/npm/flat-cache 35ms (cache miss)
npm http fetch GET 200 https://registry.vlt.io/npm/locate-path 37ms (cache miss)
npm http fetch GET 200 https://registry.vlt.io/npm/path-exists 42ms (cache miss)
npm http fetch GET 200 https://registry.vlt.io/npm/is-extglob 36ms (cache miss)
npm http fetch GET 200 https://registry.vlt.io/npm/is-glob 41ms (cache revalidated)
npm http fetch GET 200 https://registry.vlt.io/npm/brace-expansion 33ms (cache revalidated)
npm http fetch GET 200 https://registry.vlt.io/npm/deep-is 33ms (cache miss)
npm http fetch GET 200 https://registry.vlt.io/npm/word-wrap 32ms (cache miss)
npm http fetch GET 200 https://registry.vlt.io/npm/prelude-ls 30ms (cache miss)
npm http fetch GET 200 https://registry.vlt.io/npm/type-check 31ms (cache miss)
npm http fetch GET 200 https://registry.vlt.io/npm/fast-levenshtein 31ms (cache miss)
npm http fetch GET 200 https://registry.vlt.io/npm/parent-module 35ms (cache miss)
npm http fetch GET 200 https://registry.vlt.io/npm/resolve-from 36ms (cache miss)
npm http fetch GET 200 https://registry.vlt.io/npm/argparse 36ms (cache miss)
npm http fetch GET 200 https://registry.vlt.io/npm/type-check 32ms (cache revalidated)
npm http fetch GET 200 https://registry.vlt.io/npm/punycode 32ms (cache miss)
npm http fetch GET 200 https://registry.vlt.io/npm/has-flag 34ms (cache miss)
npm http fetch GET 200 https://registry.vlt.io/npm/color-convert 35ms (cache miss)
npm http fetch GET 200 https://registry.vlt.io/npm/color-name 32ms (cache miss)
npm http fetch GET 200 https://registry.vlt.io/npm/shebang-regex 33ms (cache miss)
npm http fetch GET 200 https://registry.vlt.io/npm/isexe 34ms (cache miss)
npm http fetch GET 200 https://registry.vlt.io/npm/fast-diff 35ms (cache miss)
npm http fetch GET 200 https://registry.vlt.io/npm/@pkgr%2fcore 35ms (cache miss)
npm http fetch GET 200 https://registry.vlt.io/npm/eslint 37ms (cache revalidated)
npm http fetch GET 200 https://registry.vlt.io/npm/boolbase 37ms (cache miss)
npm http fetch GET 200 https://registry.vlt.io/npm/cssesc 38ms (cache miss)
npm http fetch GET 200 https://registry.vlt.io/npm/type-fest 40ms (cache miss)
npm http fetch GET 200 https://registry.vlt.io/npm/util-deprecate 33ms (cache miss)
npm http fetch GET 200 https://registry.vlt.io/npm/lodash 40ms (cache miss)
npm http fetch GET 200 https://registry.vlt.io/npm/@nodelib%2ffs.scandir 34ms (cache miss)
npm http fetch GET 200 https://registry.vlt.io/npm/braces 35ms (cache miss)
npm http fetch GET 200 https://registry.vlt.io/npm/fastq 36ms (cache miss)
npm http fetch GET 200 https://registry.vlt.io/npm/run-parallel 32ms (cache miss)
npm http fetch GET 200 https://registry.vlt.io/npm/reusify 33ms (cache miss)
npm http fetch GET 200 https://registry.vlt.io/npm/queue-microtask 35ms (cache miss)
npm http fetch GET 200 https://registry.vlt.io/npm/keyv 35ms (cache miss)
npm http fetch GET 200 https://registry.vlt.io/npm/flatted 36ms (cache miss)
npm http fetch GET 200 https://registry.vlt.io/npm/p-locate 35ms (cache miss)
npm http fetch GET 200 https://registry.vlt.io/npm/json-buffer 35ms (cache miss)
npm http fetch GET 200 https://registry.vlt.io/npm/callsites 34ms (cache miss)
npm http fetch GET 200 https://registry.vlt.io/npm/proto-list 36ms (cache miss)
npm http fetch GET 200 https://registry.vlt.io/npm/ini 38ms (cache miss)
npm http fetch GET 200 https://registry.vlt.io/npm/commander 40ms (cache miss)
npm http fetch GET 200 https://registry.vlt.io/npm/minipass 32ms (cache miss)
npm http fetch GET 200 https://registry.vlt.io/npm/@one-ini%2fwasm 38ms (cache miss)
npm http fetch GET 200 https://registry.vlt.io/npm/jackspeak 36ms (cache miss)
npm http fetch GET 200 https://registry.vlt.io/npm/path-scurry 33ms (cache miss)
npm http fetch GET 200 https://registry.vlt.io/npm/foreground-child 33ms (cache miss)
npm http fetch GET 200 https://registry.vlt.io/npm/package-json-from-dist 32ms (cache miss)
npm http fetch GET 200 https://registry.vlt.io/npm/abbrev 31ms (cache miss)
npm http fetch GET 200 https://registry.vlt.io/npm/signal-exit 36ms (cache miss)
npm http fetch GET 200 https://registry.vlt.io/npm/@pkgjs%2fparseargs 38ms (cache miss)
npm http fetch GET 200 https://registry.vlt.io/npm/@isaacs%2fcliui 38ms (cache miss)
npm http fetch GET 200 https://registry.vlt.io/npm/lru-cache 34ms (cache revalidated)
npm http fetch GET 200 https://registry.vlt.io/npm/wrap-ansi 37ms (cache miss)
npm http fetch GET 200 https://registry.vlt.io/npm/string-width 37ms (cache miss)
npm http fetch GET 200 https://registry.vlt.io/npm/strip-ansi 39ms (cache miss)
npm http fetch GET 200 https://registry.vlt.io/npm/wrap-ansi 35ms (cache revalidated)
npm http fetch GET 200 https://registry.vlt.io/npm/string-width 35ms (cache revalidated)
npm http fetch GET 200 https://registry.vlt.io/npm/strip-ansi 38ms (cache revalidated)
npm http fetch GET 200 https://registry.vlt.io/npm/eastasianwidth 33ms (cache miss)
npm http fetch GET 200 https://registry.vlt.io/npm/emoji-regex 35ms (cache miss)
npm http fetch GET 200 https://registry.vlt.io/npm/emoji-regex 44ms (cache miss)
npm http fetch GET 200 https://registry.vlt.io/npm/is-fullwidth-code-point 31ms (cache miss)
npm http fetch GET 200 https://registry.vlt.io/npm/ansi-regex 33ms (cache miss)
npm http fetch GET 200 https://registry.vlt.io/npm/ansi-regex 47ms (cache miss)
npm http fetch GET 200 https://registry.vlt.io/npm/bufferutil 30ms (cache miss)
npm http fetch GET 200 https://registry.vlt.io/npm/utf-8-validate 36ms (cache miss)
npm http fetch GET 200 https://registry.vlt.io/npm/rrweb-cssom 35ms (cache revalidated)
npm http fetch GET 200 https://registry.vlt.io/npm/hasown 36ms (cache miss)
npm http fetch GET 200 https://registry.vlt.io/npm/@asamuzakjp%2fcss-color 39ms (cache miss)
npm http fetch GET 200 https://registry.vlt.io/npm/asynckit 33ms (cache miss)
npm http fetch GET 200 https://registry.vlt.io/npm/mime-types 42ms (cache miss)
npm http fetch GET 200 https://registry.vlt.io/npm/combined-stream 43ms (cache miss)
npm http fetch GET 200 https://registry.vlt.io/npm/es-set-tostringtag 36ms (cache miss)
npm http fetch GET 200 https://registry.vlt.io/npm/agent-base 34ms (cache miss)
npm http fetch GET 200 https://registry.vlt.io/npm/agent-base 35ms (cache miss)
npm http fetch GET 200 https://registry.vlt.io/npm/xmlchars 34ms (cache miss)
npm http fetch GET 200 https://registry.vlt.io/npm/tldts 35ms (cache miss)
npm http fetch GET 200 https://registry.vlt.io/npm/iconv-lite 40ms (cache miss)
npm http fetch GET 200 https://registry.vlt.io/npm/tr46 32ms (cache miss)
npm http fetch GET 200 https://registry.vlt.io/npm/@csstools%2fcss-color-parser 31ms (cache miss)
npm http fetch GET 200 https://registry.vlt.io/npm/@csstools%2fcss-calc 34ms (cache miss)
npm http fetch GET 200 https://registry.vlt.io/npm/@csstools%2fcss-tokenizer 37ms (cache miss)
npm http fetch GET 200 https://registry.vlt.io/npm/@csstools%2fcss-parser-algorithms 37ms (cache miss)
npm http fetch GET 200 https://registry.vlt.io/npm/@csstools%2fcolor-helpers 34ms (cache miss)
npm http fetch GET 200 https://registry.vlt.io/npm/delayed-stream 36ms (cache miss)
npm http fetch GET 200 https://registry.vlt.io/npm/get-intrinsic 37ms (cache miss)
npm http fetch GET 200 https://registry.vlt.io/npm/es-errors 39ms (cache miss)
npm http fetch GET 200 https://registry.vlt.io/npm/function-bind 34ms (cache miss)
npm http fetch GET 200 https://registry.vlt.io/npm/has-tostringtag 37ms (cache miss)
npm http fetch GET 200 https://registry.vlt.io/npm/mime-db 35ms (cache miss)
npm http fetch GET 200 https://registry.vlt.io/npm/get-proto 35ms (cache miss)
npm http fetch GET 200 https://registry.vlt.io/npm/has-symbols 36ms (cache miss)
npm http fetch GET 200 https://registry.vlt.io/npm/gopd 38ms (cache miss)
npm http fetch GET 200 https://registry.vlt.io/npm/es-object-atoms 32ms (cache miss)
npm http fetch GET 200 https://registry.vlt.io/npm/math-intrinsics 35ms (cache miss)
npm http fetch GET 200 https://registry.vlt.io/npm/es-define-property 35ms (cache miss)
npm http fetch GET 200 https://registry.vlt.io/npm/call-bind-apply-helpers 33ms (cache miss)
npm http fetch GET 200 https://registry.vlt.io/npm/has-symbols 35ms (cache revalidated)
npm http fetch GET 200 https://registry.vlt.io/npm/dunder-proto 37ms (cache miss)
npm http fetch GET 200 https://registry.vlt.io/npm/p-limit 33ms (cache miss)
npm http fetch GET 200 https://registry.vlt.io/npm/fill-range 39ms (cache miss)
npm http fetch GET 200 https://registry.vlt.io/npm/to-regex-range 32ms (cache miss)
npm http fetch GET 200 https://registry.vlt.io/npm/is-number 35ms (cache miss)
npm http fetch GET 200 https://registry.vlt.io/npm/balanced-match 34ms (cache miss)
npm http fetch GET 200 https://registry.vlt.io/npm/isexe 34ms (cache revalidated)
npm http fetch GET 200 https://registry.vlt.io/npm/json-parse-even-better-errors 35ms (cache miss)
npm http fetch GET 200 https://registry.vlt.io/npm/npm-normalize-package-bin 36ms (cache miss)
npm http fetch GET 200 https://registry.vlt.io/npm/yocto-queue 34ms (cache miss)
npm http fetch GET 200 https://registry.vlt.io/npm/@vue%2fcomposition-api 32ms (cache miss)
npm http fetch GET 200 https://registry.vlt.io/npm/vue 32ms (cache revalidated)
npm http fetch GET 200 https://registry.vlt.io/npm/typescript 41ms (cache revalidated)
npm http fetch GET 200 https://registry.vlt.io/npm/tldts-core 38ms (cache miss)
npm http fetch GET 200 https://registry.vlt.io/npm/ignore 36ms (cache revalidated)
npm http fetch GET 200 https://registry.vlt.io/npm/@typescript-eslint%2ftype-utils 51ms (cache miss)
npm http fetch GET 200 https://registry.vlt.io/npm/@esbuild%2faix-ppc64 35ms (cache miss)
npm http fetch GET 200 https://registry.vlt.io/npm/@esbuild%2flinux-arm 37ms (cache miss)
npm http fetch GET 200 https://registry.vlt.io/npm/@esbuild%2flinux-x64 39ms (cache miss)
npm http fetch GET 200 https://registry.vlt.io/npm/@esbuild%2fsunos-x64 32ms (cache miss)
npm http fetch GET 200 https://registry.vlt.io/npm/@esbuild%2fwin32-x64 34ms (cache miss)
npm http fetch GET 200 https://registry.vlt.io/npm/@esbuild%2fdarwin-x64 47ms (cache miss)
npm http fetch GET 200 https://registry.vlt.io/npm/@esbuild%2fnetbsd-x64 35ms (cache miss)
npm http fetch GET 200 https://registry.vlt.io/npm/@esbuild%2flinux-ia32 40ms (cache miss)
npm http fetch GET 200 https://registry.vlt.io/npm/@esbuild%2fwin32-ia32 31ms (cache miss)
npm http fetch GET 200 https://registry.vlt.io/npm/@esbuild%2fandroid-x64 33ms (cache miss)
npm http fetch GET 200 https://registry.vlt.io/npm/@esbuild%2fandroid-arm 37ms (cache miss)
npm http fetch GET 200 https://registry.vlt.io/npm/@esbuild%2ffreebsd-x64 39ms (cache miss)
npm http fetch GET 200 https://registry.vlt.io/npm/@esbuild%2flinux-arm64 33ms (cache miss)
npm http fetch GET 200 https://registry.vlt.io/npm/@esbuild%2flinux-ppc64 33ms (cache miss)
npm http fetch GET 200 https://registry.vlt.io/npm/@esbuild%2flinux-s390x 36ms (cache miss)
npm http fetch GET 200 https://registry.vlt.io/npm/@esbuild%2fopenbsd-x64 34ms (cache miss)
npm http fetch GET 200 https://registry.vlt.io/npm/@esbuild%2fwin32-arm64 35ms (cache miss)
npm http fetch GET 200 https://registry.vlt.io/npm/@esbuild%2fdarwin-arm64 32ms (cache miss)
npm http fetch GET 200 https://registry.vlt.io/npm/@esbuild%2fnetbsd-arm64 32ms (cache miss)
npm http fetch GET 200 https://registry.vlt.io/npm/@esbuild%2fandroid-arm64 34ms (cache miss)
npm http fetch GET 200 https://registry.vlt.io/npm/@esbuild%2flinux-loong64 34ms (cache miss)
npm http fetch GET 200 https://registry.vlt.io/npm/@esbuild%2ffreebsd-arm64 51ms (cache miss)
npm http fetch GET 200 https://registry.vlt.io/npm/@esbuild%2flinux-riscv64 46ms (cache miss)
npm http fetch GET 200 https://registry.vlt.io/npm/@esbuild%2fopenbsd-arm64 32ms (cache miss)
npm http fetch GET 200 https://registry.vlt.io/npm/@esbuild%2flinux-mips64el 33ms (cache miss)
npm http fetch GET 200 https://registry.vlt.io/npm/@esbuild%2fopenharmony-arm64 35ms (cache miss)
npm http fetch GET 200 https://registry.vlt.io/npm/@rollup%2frollup-freebsd-x64 31ms (cache miss)
npm http fetch GET 200 https://registry.vlt.io/npm/@rollup%2frollup-darwin-x64 45ms (cache miss)
npm http fetch GET 200 https://registry.vlt.io/npm/@rollup%2frollup-openbsd-x64 45ms (cache miss)
npm http fetch GET 200 https://registry.vlt.io/npm/@rollup%2frollup-darwin-arm64 33ms (cache miss)
npm http fetch GET 200 https://registry.vlt.io/npm/@rollup%2frollup-android-arm64 31ms (cache miss)
npm http fetch GET 200 https://registry.vlt.io/npm/@rollup%2frollup-freebsd-arm64 32ms (cache miss)
npm http fetch GET 200 https://registry.vlt.io/npm/@rollup%2frollup-win32-x64-gnu 32ms (cache miss)
npm http fetch GET 200 https://registry.vlt.io/npm/@rollup%2frollup-linux-x64-gnu 47ms (cache miss)
npm http fetch GET 200 https://registry.vlt.io/npm/@rollup%2frollup-linux-x64-musl 38ms (cache miss)
npm http fetch GET 200 https://registry.vlt.io/npm/@rollup%2frollup-linux-arm64-gnu 31ms (cache miss)
npm http fetch GET 200 https://registry.vlt.io/npm/@rollup%2frollup-win32-x64-msvc 47ms (cache miss)
npm http fetch GET 200 https://registry.vlt.io/npm/@rollup%2frollup-linux-ppc64-gnu 45ms (cache miss)
npm http fetch GET 200 https://registry.vlt.io/npm/@rollup%2frollup-linux-s390x-gnu 40ms (cache miss)
npm http fetch GET 200 https://registry.vlt.io/npm/@rollup%2frollup-win32-ia32-msvc 33ms (cache miss)
npm http fetch GET 200 https://registry.vlt.io/npm/@rollup%2frollup-android-arm-eabi 36ms (cache miss)
npm http fetch GET 200 https://registry.vlt.io/npm/@rollup%2frollup-linux-arm64-musl 33ms (cache miss)
npm http fetch GET 200 https://registry.vlt.io/npm/@rollup%2frollup-linux-ppc64-musl 34ms (cache miss)
npm http fetch GET 200 https://registry.vlt.io/npm/@rollup%2frollup-win32-arm64-msvc 36ms (cache miss)
npm http fetch GET 200 https://registry.vlt.io/npm/@rollup%2frollup-linux-loong64-gnu 40ms (cache miss)
npm http fetch GET 200 https://registry.vlt.io/npm/@rollup%2frollup-linux-riscv64-gnu 51ms (cache miss)
npm http fetch GET 200 https://registry.vlt.io/npm/@rollup%2frollup-linux-loong64-musl 31ms (cache miss)
npm http fetch GET 200 https://registry.vlt.io/npm/@rollup%2frollup-openharmony-arm64 47ms (cache miss)
npm http fetch GET 200 https://registry.vlt.io/npm/@rollup%2frollup-linux-riscv64-musl 34ms (cache miss)
npm http fetch GET 200 https://registry.vlt.io/npm/@rollup%2frollup-linux-arm-gnueabihf 33ms (cache miss)
npm http fetch GET 200 https://registry.vlt.io/npm/@rollup%2frollup-linux-arm-musleabihf 34ms (cache miss)
npm http fetch GET 200 https://registry.vlt.io/npm/typescript 42ms (cache revalidated)
npm http fetch GET 200 https://registry.vlt.io/npm/vite 37ms (cache revalidated)
npm http fetch GET 200 https://registry.vlt.io/npm/vite 53ms (cache revalidated)
npm http fetch GET 200 https://registry.vlt.io/npm/less 35ms (cache revalidated)
npm http fetch GET 200 https://registry.vlt.io/npm/sass 46ms (cache revalidated)
npm http fetch GET 200 https://registry.vlt.io/npm/sass-embedded 36ms (cache revalidated)
npm http fetch GET 200 https://registry.vlt.io/npm/stylus 34ms (cache revalidated)
npm http fetch GET 200 https://registry.vlt.io/npm/sugarss 34ms (cache revalidated)
npm http fetch GET 200 https://registry.vlt.io/npm/pathe 35ms (cache revalidated)
npm http fetch GET 200 https://registry.vlt.io/npm/nanoid 37ms (cache revalidated)
npm http fetch GET 200 https://registry.vlt.io/npm/mitt 40ms (cache miss)
npm http fetch GET 200 https://registry.vlt.io/npm/vite-hot-client 33ms (cache miss)
npm http fetch GET 200 https://registry.vlt.io/npm/birpc 33ms (cache miss)
npm http fetch GET 200 https://registry.vlt.io/npm/mitt 38ms (cache revalidated)
npm http fetch GET 200 https://registry.vlt.io/npm/hookable 32ms (cache miss)
npm http fetch GET 200 https://registry.vlt.io/npm/superjson 33ms (cache miss)
npm http fetch GET 200 https://registry.vlt.io/npm/speakingurl 34ms (cache miss)
npm http fetch GET 200 https://registry.vlt.io/npm/perfect-debounce 33ms (cache miss)
npm http fetch GET 200 https://registry.vlt.io/npm/rfdc 33ms (cache miss)
npm http fetch GET 200 https://registry.vlt.io/npm/figures 32ms (cache miss)
npm http fetch GET 200 https://registry.vlt.io/npm/is-stream 34ms (cache miss)
npm http fetch GET 200 https://registry.vlt.io/npm/pretty-ms 32ms (cache miss)
npm http fetch GET 200 https://registry.vlt.io/npm/get-stream 34ms (cache miss)
npm http fetch GET 200 https://registry.vlt.io/npm/yoctocolors 33ms (cache miss)
npm http fetch GET 200 https://registry.vlt.io/npm/is-plain-obj 32ms (cache miss)
npm http fetch GET 200 https://registry.vlt.io/npm/npm-run-path 42ms (cache miss)
npm http fetch GET 200 https://registry.vlt.io/npm/strip-final-newline 31ms (cache miss)
npm http fetch GET 200 https://registry.vlt.io/npm/human-signals 37ms (cache miss)
npm http fetch GET 200 https://registry.vlt.io/npm/@sindresorhus%2fmerge-streams 33ms (cache miss)
npm http fetch GET 200 https://registry.vlt.io/npm/totalist 32ms (cache miss)
npm http fetch GET 200 https://registry.vlt.io/npm/mrmime 42ms (cache miss)
npm http fetch GET 200 https://registry.vlt.io/npm/@polka%2furl 31ms (cache miss)
npm http fetch GET 200 https://registry.vlt.io/npm/open 31ms (cache miss)
npm http fetch GET 200 https://registry.vlt.io/npm/fs-extra 35ms (cache miss)
npm http fetch GET 200 https://registry.vlt.io/npm/@antfu%2futils 34ms (cache miss)
npm http fetch GET 200 https://registry.vlt.io/npm/@rollup%2fpluginutils 34ms (cache miss)
npm http fetch GET 200 https://registry.vlt.io/npm/kolorist 32ms (cache miss)
npm http fetch GET 200 https://registry.vlt.io/npm/error-stack-parser-es 42ms (cache miss)
npm http fetch GET 200 https://registry.vlt.io/npm/@babel%2fplugin-syntax-import-meta 32ms (cache miss)
npm http fetch GET 200 https://registry.vlt.io/npm/@babel%2fplugin-syntax-import-attributes 30ms (cache miss)
npm http fetch GET 200 https://registry.vlt.io/npm/@babel%2fplugin-proposal-decorators 46ms (cache miss)
npm http fetch GET 200 https://registry.vlt.io/npm/vite 33ms (cache revalidated)
npm http fetch GET 200 https://registry.vlt.io/npm/copy-anything 32ms (cache miss)
npm http fetch GET 200 https://registry.vlt.io/npm/path-key 32ms (cache revalidated)
npm http fetch GET 200 https://registry.vlt.io/npm/is-unicode-supported 36ms (cache miss)
npm http fetch GET 200 https://registry.vlt.io/npm/@sec-ant%2freadable-stream 39ms (cache miss)
npm http fetch GET 200 https://registry.vlt.io/npm/unicorn-magic 33ms (cache miss)
npm http fetch GET 200 https://registry.vlt.io/npm/parse-ms 35ms (cache miss)
npm http fetch GET 200 https://registry.vlt.io/npm/is-what 39ms (cache miss)
npm http fetch GET 200 https://registry.vlt.io/npm/rollup 36ms (cache revalidated)
npm http fetch GET 200 https://registry.vlt.io/npm/graceful-fs 38ms (cache miss)
npm http fetch GET 200 https://registry.vlt.io/npm/jsonfile 39ms (cache miss)
npm http fetch GET 200 https://registry.vlt.io/npm/universalify 40ms (cache miss)
npm http fetch GET 200 https://registry.vlt.io/npm/wsl-utils 31ms (cache miss)
npm http fetch GET 200 https://registry.vlt.io/npm/define-lazy-prop 33ms (cache miss)
npm http fetch GET 200 https://registry.vlt.io/npm/default-browser 40ms (cache miss)
npm http fetch GET 200 https://registry.vlt.io/npm/is-inside-container 41ms (cache miss)
npm http fetch GET 200 https://registry.vlt.io/npm/bundle-name 34ms (cache miss)
npm http fetch GET 200 https://registry.vlt.io/npm/is-docker 35ms (cache miss)
npm http fetch GET 200 https://registry.vlt.io/npm/default-browser-id 41ms (cache miss)
npm http fetch GET 200 https://registry.vlt.io/npm/is-wsl 33ms (cache miss)
npm http fetch GET 200 https://registry.vlt.io/npm/run-applescript 34ms (cache miss)
npm http fetch GET 200 https://registry.vlt.io/npm/@babel%2fplugin-syntax-decorators 34ms (cache miss)
npm http fetch GET 200 https://registry.vlt.io/npm/terser 36ms (cache revalidated)
npm http fetch GET 200 https://registry.vlt.io/npm/msw 36ms (cache miss)
npm http fetch GET 200 https://registry.vlt.io/npm/typescript 40ms (cache revalidated)
npm http fetch GET 200 https://registry.vlt.io/npm/estree-walker 37ms (cache revalidated)
npm http fetch GET 200 https://registry.vlt.io/npm/esbuild 42ms (cache revalidated)
npm http fetch GET 200 https://registry.vlt.io/npm/tinyspy 46ms (cache miss)
npm http fetch GET 200 https://registry.vlt.io/npm/loupe 36ms (cache miss)
npm http fetch GET 200 https://registry.vlt.io/npm/loupe 33ms (cache miss)
npm http fetch GET 200 https://registry.vlt.io/npm/pathval 34ms (cache miss)
npm http fetch GET 200 https://registry.vlt.io/npm/deep-eql 32ms (cache miss)
npm http fetch GET 200 https://registry.vlt.io/npm/check-error 32ms (cache miss)
npm http fetch GET 200 https://registry.vlt.io/npm/assertion-error 34ms (cache miss)
npm http fetch GET 200 https://registry.vlt.io/npm/cac 34ms (cache miss)
npm http fetch GET 200 https://registry.vlt.io/npm/es-module-lexer 34ms (cache miss)
npm http fetch GET 200 https://registry.vlt.io/npm/siginfo 41ms (cache miss)
npm http fetch GET 200 https://registry.vlt.io/npm/stackback 34ms (cache miss)
npm http fetch GET 200 https://registry.vlt.io/npm/@vue%2freactivity 36ms (cache miss)
npm http fetch GET 200 https://registry.vlt.io/npm/@vue%2fruntime-core 36ms (cache miss)
npm http fetch GET 200 https://registry.vlt.io/npm/csstype 38ms (cache miss)
npm http fetch GET 200 https://registry.vlt.io/npm/typescript 42ms (cache revalidated)
npm http fetch GET 200 https://registry.vlt.io/npm/vscode-uri 34ms (cache miss)
npm http fetch GET 200 https://registry.vlt.io/npm/@volar%2flanguage-core 37ms (cache miss)
npm http fetch GET 200 https://registry.vlt.io/npm/path-browserify 40ms (cache miss)
npm http fetch GET 200 https://registry.vlt.io/npm/alien-signals 32ms (cache miss)
npm http fetch GET 200 https://registry.vlt.io/npm/muggle-string 34ms (cache miss)
npm http fetch GET 200 https://registry.vlt.io/npm/@vue%2fcompiler-vue2 32ms (cache miss)
npm http fetch GET 200 https://registry.vlt.io/npm/@volar%2fsource-map 36ms (cache miss)
npm http fetch GET 200 https://registry.vlt.io/npm/de-indent 37ms (cache miss)
npm http fetch GET 200 https://registry.vlt.io/npm/he 37ms (cache miss)
npm http fetch GET 200 https://registry.vlt.io/npm/safer-buffer 33ms (cache miss)
npm http fetch GET 200 https://registry.vlt.io/npm/balanced-match 33ms (cache revalidated)
npm http fetch GET 200 https://registry.vlt.io/npm/concat-map 34ms (cache miss)
npm http fetch GET 200 https://registry.vlt.io/npm/@esbuild%2faix-ppc64 32ms (cache revalidated)
npm http fetch GET 200 https://registry.vlt.io/npm/@esbuild%2flinux-x64 34ms (cache revalidated)
npm http fetch GET 200 https://registry.vlt.io/npm/@esbuild%2flinux-arm 36ms (cache revalidated)
npm http fetch GET 200 https://registry.vlt.io/npm/@esbuild%2fwin32-x64 34ms (cache revalidated)
npm http fetch GET 200 https://registry.vlt.io/npm/@esbuild%2fsunos-x64 37ms (cache revalidated)
npm http fetch GET 200 https://registry.vlt.io/npm/@esbuild%2fdarwin-x64 49ms (cache revalidated)
npm http fetch GET 200 https://registry.vlt.io/npm/@esbuild%2flinux-ia32 38ms (cache revalidated)
npm http fetch GET 200 https://registry.vlt.io/npm/@esbuild%2fnetbsd-x64 44ms (cache revalidated)
npm http fetch GET 200 https://registry.vlt.io/npm/@esbuild%2fwin32-ia32 32ms (cache revalidated)
npm http fetch GET 200 https://registry.vlt.io/npm/@esbuild%2fandroid-arm 34ms (cache revalidated)
npm http fetch GET 200 https://registry.vlt.io/npm/@esbuild%2fandroid-x64 42ms (cache revalidated)
npm http fetch GET 200 https://registry.vlt.io/npm/@esbuild%2ffreebsd-x64 40ms (cache revalidated)
npm http fetch GET 200 https://registry.vlt.io/npm/@esbuild%2flinux-arm64 32ms (cache revalidated)
npm http fetch GET 200 https://registry.vlt.io/npm/@esbuild%2flinux-ppc64 41ms (cache revalidated)
npm http fetch GET 200 https://registry.vlt.io/npm/@esbuild%2flinux-s390x 46ms (cache revalidated)
npm http fetch GET 200 https://registry.vlt.io/npm/@esbuild%2fopenbsd-x64 43ms (cache revalidated)
npm http fetch GET 200 https://registry.vlt.io/npm/@esbuild%2fwin32-arm64 40ms (cache revalidated)
npm http fetch GET 200 https://registry.vlt.io/npm/@esbuild%2fdarwin-arm64 39ms (cache revalidated)
npm http fetch GET 200 https://registry.vlt.io/npm/@esbuild%2fandroid-arm64 41ms (cache revalidated)
npm http fetch GET 200 https://registry.vlt.io/npm/@esbuild%2ffreebsd-arm64 40ms (cache revalidated)
npm http fetch GET 200 https://registry.vlt.io/npm/@esbuild%2flinux-loong64 36ms (cache revalidated)
npm http fetch GET 200 https://registry.vlt.io/npm/@esbuild%2flinux-riscv64 31ms (cache revalidated)
npm http fetch GET 200 https://registry.vlt.io/npm/@esbuild%2flinux-mips64el 35ms (cache revalidated)
npm http fetch GET 200 https://registry.vlt.io/npm/concat-map/-/concat-map-0.0.1.tgz 256ms (cache miss)
npm http fetch GET 200 https://registry.vlt.io/npm/is-wsl/-/is-wsl-3.1.1.tgz 256ms (cache miss)
npm http fetch GET 200 https://registry.vlt.io/npm/path-browserify/-/path-browserify-1.0.1.tgz 263ms (cache miss)
npm http fetch GET 200 https://registry.vlt.io/npm/@volar/source-map/-/source-map-2.4.15.tgz 265ms (cache miss)
npm http fetch GET 200 https://registry.vlt.io/npm/stackback/-/stackback-0.0.2.tgz 283ms (cache miss)
npm http fetch GET 200 https://registry.vlt.io/npm/isexe/-/isexe-2.0.0.tgz 307ms (cache miss)
npm http fetch GET 200 https://registry.vlt.io/npm/de-indent/-/de-indent-1.0.2.tgz 312ms (cache miss)
npm http fetch GET 200 https://registry.vlt.io/npm/safer-buffer/-/safer-buffer-2.1.2.tgz 312ms (cache miss)
npm http fetch GET 200 https://registry.vlt.io/npm/alien-signals/-/alien-signals-1.0.13.tgz 322ms (cache miss)
npm http fetch GET 200 https://registry.vlt.io/npm/muggle-string/-/muggle-string-0.4.1.tgz 326ms (cache miss)
npm http fetch GET 200 https://registry.vlt.io/npm/siginfo/-/siginfo-2.0.0.tgz 333ms (cache miss)
npm http fetch GET 200 https://registry.vlt.io/npm/he/-/he-1.2.0.tgz 362ms (cache miss)
npm http fetch GET 200 https://registry.vlt.io/npm/@volar/language-core/-/language-core-2.4.15.tgz 363ms (cache miss)
npm http fetch GET 200 https://registry.vlt.io/npm/tr46/-/tr46-5.1.1.tgz 411ms (cache miss)
npm http fetch GET 200 https://registry.vlt.io/npm/pathval/-/pathval-2.0.1.tgz 415ms (cache miss)
npm http fetch GET 200 https://registry.vlt.io/npm/vscode-uri/-/vscode-uri-3.1.0.tgz 434ms (cache miss)
npm http fetch GET 200 https://registry.vlt.io/npm/tinyspy/-/tinyspy-3.0.2.tgz 432ms (cache miss)
npm http fetch GET 200 https://registry.vlt.io/npm/tinyrainbow/-/tinyrainbow-1.2.0.tgz 435ms (cache miss)
npm http fetch GET 200 https://registry.vlt.io/npm/loupe/-/loupe-3.2.1.tgz 437ms (cache miss)
npm http fetch GET 200 https://registry.vlt.io/npm/check-error/-/check-error-2.1.3.tgz 442ms (cache miss)
npm http fetch GET 200 https://registry.vlt.io/npm/assertion-error/-/assertion-error-2.0.1.tgz 456ms (cache miss)
npm http fetch GET 200 https://registry.vlt.io/npm/deep-eql/-/deep-eql-5.0.2.tgz 456ms (cache miss)
npm http fetch GET 200 https://registry.vlt.io/npm/tinyexec/-/tinyexec-0.3.2.tgz 461ms (cache miss)
npm http fetch GET 200 https://registry.vlt.io/npm/why-is-node-running/-/why-is-node-running-2.3.0.tgz 473ms (cache miss)
npm http fetch GET 200 https://registry.vlt.io/npm/tinybench/-/tinybench-2.9.0.tgz 473ms (cache miss)
npm http fetch GET 200 https://registry.vlt.io/npm/es-module-lexer/-/es-module-lexer-1.7.0.tgz 480ms (cache miss)
npm http fetch GET 200 https://registry.vlt.io/npm/tinypool/-/tinypool-1.1.1.tgz 483ms (cache miss)
npm http fetch GET 200 https://registry.vlt.io/npm/@vitest/spy/-/spy-2.1.9.tgz 490ms (cache miss)
npm http fetch GET 200 https://registry.vlt.io/npm/@babel/plugin-syntax-decorators/-/plugin-syntax-decorators-7.28.6.tgz 495ms (cache miss)
npm http fetch GET 200 https://registry.vlt.io/npm/@babel/plugin-syntax-import-meta/-/plugin-syntax-import-meta-7.10.4.tgz 495ms (cache miss)
npm http fetch GET 200 https://registry.vlt.io/npm/@vitest/pretty-format/-/pretty-format-2.1.9.tgz 501ms (cache miss)
npm http fetch GET 200 https://registry.vlt.io/npm/kolorist/-/kolorist-1.8.0.tgz 502ms (cache miss)
npm http fetch GET 200 https://registry.vlt.io/npm/@babel/plugin-proposal-decorators/-/plugin-proposal-decorators-7.29.0.tgz 511ms (cache miss)
npm http fetch GET 200 https://registry.vlt.io/npm/is-docker/-/is-docker-3.0.0.tgz 516ms (cache miss)
npm http fetch GET 200 https://registry.vlt.io/npm/bundle-name/-/bundle-name-4.1.0.tgz 516ms (cache miss)
npm http fetch GET 200 https://registry.vlt.io/npm/@babel/plugin-syntax-import-attributes/-/plugin-syntax-import-attributes-7.28.6.tgz 524ms (cache miss)
npm http fetch GET 200 https://registry.vlt.io/npm/wsl-utils/-/wsl-utils-0.1.0.tgz 522ms (cache miss)
npm http fetch GET 200 https://registry.vlt.io/npm/define-lazy-prop/-/define-lazy-prop-3.0.0.tgz 523ms (cache miss)
npm http fetch GET 200 https://registry.vlt.io/npm/default-browser-id/-/default-browser-id-5.0.1.tgz 524ms (cache miss)
npm http fetch GET 200 https://registry.vlt.io/npm/is-inside-container/-/is-inside-container-1.0.0.tgz 523ms (cache miss)
npm http fetch GET 200 https://registry.vlt.io/npm/@vue/compiler-vue2/-/compiler-vue2-2.7.16.tgz 538ms (cache miss)
npm http fetch GET 200 https://registry.vlt.io/npm/default-browser/-/default-browser-5.5.0.tgz 531ms (cache miss)
npm http fetch GET 200 https://registry.vlt.io/npm/run-applescript/-/run-applescript-7.1.0.tgz 533ms (cache miss)
npm http fetch GET 200 https://registry.vlt.io/npm/std-env/-/std-env-3.10.0.tgz 541ms (cache miss)
npm http fetch GET 200 https://registry.vlt.io/npm/universalify/-/universalify-2.0.1.tgz 538ms (cache miss)
npm http fetch GET 200 https://registry.vlt.io/npm/jsonfile/-/jsonfile-6.2.1.tgz 538ms (cache miss)
npm http fetch GET 200 https://registry.vlt.io/npm/@vitest/expect/-/expect-2.1.9.tgz 550ms (cache miss)
npm http fetch GET 200 https://registry.vlt.io/npm/error-stack-parser-es/-/error-stack-parser-es-0.1.5.tgz 547ms (cache miss)
npm http fetch GET 200 https://registry.vlt.io/npm/graceful-fs/-/graceful-fs-4.2.11.tgz 548ms (cache miss)
npm http fetch GET 200 https://registry.vlt.io/npm/@rollup/pluginutils/-/pluginutils-5.3.0.tgz 556ms (cache miss)
npm http fetch GET 200 https://registry.vlt.io/npm/open/-/open-10.2.0.tgz 564ms (cache miss)
npm http fetch GET 200 https://registry.vlt.io/npm/totalist/-/totalist-3.0.1.tgz 573ms (cache miss)
npm http fetch GET 200 https://registry.vlt.io/npm/is-what/-/is-what-5.5.0.tgz 574ms (cache miss)
npm http fetch GET 200 https://registry.vlt.io/npm/@polka/url/-/url-1.0.0-next.29.tgz 573ms (cache miss)
npm http fetch GET 200 https://registry.vlt.io/npm/@sec-ant/readable-stream/-/readable-stream-0.4.1.tgz 573ms (cache miss)
npm http fetch GET 200 https://registry.vlt.io/npm/unicorn-magic/-/unicorn-magic-0.3.0.tgz 574ms (cache miss)
npm http fetch GET 200 https://registry.vlt.io/npm/cac/-/cac-6.7.14.tgz 590ms (cache miss)
npm http fetch GET 200 https://registry.vlt.io/npm/mrmime/-/mrmime-2.0.1.tgz 583ms (cache miss)
npm http fetch GET 200 https://registry.vlt.io/npm/parse-ms/-/parse-ms-4.0.0.tgz 583ms (cache miss)
npm http fetch GET 200 https://registry.vlt.io/npm/yoctocolors/-/yoctocolors-2.1.2.tgz 589ms (cache miss)
npm http fetch GET 200 https://registry.vlt.io/npm/copy-anything/-/copy-anything-4.0.5.tgz 601ms (cache miss)
npm http fetch GET 200 https://registry.vlt.io/npm/strip-final-newline/-/strip-final-newline-4.0.0.tgz 599ms (cache miss)
npm http fetch GET 200 https://registry.vlt.io/npm/pretty-ms/-/pretty-ms-9.3.0.tgz 606ms (cache miss)
npm http fetch GET 200 https://registry.vlt.io/npm/type-fest/-/type-fest-0.20.2.tgz 629ms (cache miss)
npm http fetch GET 200 https://registry.vlt.io/npm/npm-run-path/-/npm-run-path-6.0.0.tgz 615ms (cache miss)
npm http fetch GET 200 https://registry.vlt.io/npm/is-unicode-supported/-/is-unicode-supported-2.1.0.tgz 616ms (cache miss)
npm http fetch GET 200 https://registry.vlt.io/npm/get-stream/-/get-stream-9.0.1.tgz 623ms (cache miss)
npm http fetch GET 200 https://registry.vlt.io/npm/human-signals/-/human-signals-8.0.1.tgz 625ms (cache miss)
npm http fetch GET 200 https://registry.vlt.io/npm/figures/-/figures-6.1.0.tgz 624ms (cache miss)
npm http fetch GET 200 https://registry.vlt.io/npm/@vitest/snapshot/-/snapshot-2.1.9.tgz 639ms (cache miss)
npm http fetch GET 200 https://registry.vlt.io/npm/is-stream/-/is-stream-4.0.1.tgz 633ms (cache miss)
npm http fetch GET 200 https://registry.vlt.io/npm/@sindresorhus/merge-streams/-/merge-streams-4.0.0.tgz 633ms (cache miss)
npm http fetch GET 200 https://registry.vlt.io/npm/rfdc/-/rfdc-1.4.1.tgz 633ms (cache miss)
npm http fetch GET 200 https://registry.vlt.io/npm/@vue/server-renderer/-/server-renderer-3.5.33.tgz 649ms (cache miss)
npm http fetch GET 200 https://registry.vlt.io/npm/is-plain-obj/-/is-plain-obj-4.1.0.tgz 640ms (cache miss)
npm http fetch GET 200 https://registry.vlt.io/npm/perfect-debounce/-/perfect-debounce-1.0.0.tgz 638ms (cache miss)
npm http fetch GET 200 https://registry.vlt.io/npm/hookable/-/hookable-5.5.3.tgz 645ms (cache miss)
npm http fetch GET 200 https://registry.vlt.io/npm/birpc/-/birpc-2.9.0.tgz 645ms (cache miss)
npm http fetch GET 200 https://registry.vlt.io/npm/vite-hot-client/-/vite-hot-client-2.1.0.tgz 646ms (cache miss)
npm http fetch GET 200 https://registry.vlt.io/npm/@vue/reactivity/-/reactivity-3.5.33.tgz 669ms (cache miss)
npm http fetch GET 200 https://registry.vlt.io/npm/@vitest/runner/-/runner-2.1.9.tgz 667ms (cache miss)
npm http fetch GET 200 https://registry.vlt.io/npm/mitt/-/mitt-3.0.1.tgz 658ms (cache miss)
npm http fetch GET 200 https://registry.vlt.io/npm/@vue/devtools-shared/-/devtools-shared-7.7.9.tgz 658ms (cache miss)
npm http fetch GET 200 https://registry.vlt.io/npm/@antfu/utils/-/utils-0.7.10.tgz 670ms (cache miss)
npm http fetch GET 200 https://registry.vlt.io/npm/pathe/-/pathe-2.0.3.tgz 666ms (cache miss)
npm http fetch GET 200 https://registry.vlt.io/npm/@vue/devtools-core/-/devtools-core-7.7.9.tgz 665ms (cache miss)
npm http fetch GET 200 https://registry.vlt.io/npm/punycode/-/punycode-2.3.1.tgz 685ms (cache miss)
npm http fetch GET 200 https://registry.vlt.io/npm/sirv/-/sirv-3.0.2.tgz 687ms (cache miss)
npm http fetch GET 200 https://registry.vlt.io/npm/escalade/-/escalade-3.2.0.tgz 693ms (cache miss)
npm http fetch GET 200 https://registry.vlt.io/npm/expect-type/-/expect-type-1.3.0.tgz 713ms (cache miss)
npm http fetch GET 200 https://registry.vlt.io/npm/is-number/-/is-number-7.0.0.tgz 701ms (cache miss)
npm http fetch GET 200 https://registry.vlt.io/npm/@pkgr/core/-/core-0.2.9.tgz 702ms (cache miss)
npm http fetch GET 200 https://registry.vlt.io/npm/@typescript-eslint/parser/-/parser-8.59.0.tgz 703ms (cache miss)
npm http fetch GET 200 https://registry.vlt.io/npm/has-flag/-/has-flag-4.0.0.tgz 720ms (cache miss)
npm http fetch GET 200 https://registry.vlt.io/npm/is-fullwidth-code-point/-/is-fullwidth-code-point-3.0.0.tgz 719ms (cache miss)
npm http fetch GET 200 https://registry.vlt.io/npm/emoji-regex/-/emoji-regex-9.2.2.tgz 726ms (cache miss)
npm http fetch GET 200 https://registry.vlt.io/npm/ansi-regex/-/ansi-regex-6.2.2.tgz 727ms (cache miss)
npm http fetch GET 200 https://registry.vlt.io/npm/vite-plugin-vue-inspector/-/vite-plugin-vue-inspector-5.4.0.tgz 735ms (cache miss)
npm http fetch GET 200 https://registry.vlt.io/npm/esbuild/-/esbuild-0.25.12.tgz 733ms (cache miss)
npm http fetch GET 200 https://registry.vlt.io/npm/queue-microtask/-/queue-microtask-1.2.3.tgz 732ms (cache miss)
npm http fetch GET 200 https://registry.vlt.io/npm/shebang-regex/-/shebang-regex-3.0.0.tgz 732ms (cache miss)
npm http fetch GET 200 https://registry.vlt.io/npm/eastasianwidth/-/eastasianwidth-0.2.0.tgz 739ms (cache miss)
npm http fetch GET 200 https://registry.vlt.io/npm/fast-diff/-/fast-diff-1.3.0.tgz 739ms (cache miss)
npm http fetch GET 200 https://registry.vlt.io/npm/npm-normalize-package-bin/-/npm-normalize-package-bin-4.0.0.tgz 745ms (cache miss)
npm http fetch GET 200 https://registry.vlt.io/npm/json-parse-even-better-errors/-/json-parse-even-better-errors-4.0.0.tgz 745ms (cache miss)
npm http fetch GET 200 https://registry.vlt.io/npm/util-deprecate/-/util-deprecate-1.0.2.tgz 752ms (cache miss)
npm http fetch GET 200 https://registry.vlt.io/npm/cssesc/-/cssesc-3.0.0.tgz 760ms (cache miss)
npm http fetch GET 200 https://registry.vlt.io/npm/vue-demi/-/vue-demi-0.14.10.tgz 759ms (cache miss)
npm http fetch GET 200 https://registry.vlt.io/npm/callsites/-/callsites-3.1.0.tgz 760ms (cache miss)
npm http fetch GET 200 https://registry.vlt.io/npm/nanoid/-/nanoid-3.3.11.tgz 767ms (cache miss)
npm http fetch GET 200 https://registry.vlt.io/npm/@vue/devtools-api/-/devtools-api-6.6.4.tgz 773ms (cache miss)
npm http fetch GET 200 https://registry.vlt.io/npm/p-limit/-/p-limit-3.1.0.tgz 773ms (cache miss)
npm http fetch GET 200 https://registry.vlt.io/npm/yocto-queue/-/yocto-queue-0.1.0.tgz 773ms (cache miss)
npm http fetch GET 200 https://registry.vlt.io/npm/read-package-json-fast/-/read-package-json-fast-4.0.0.tgz 779ms (cache miss)
npm http fetch GET 200 https://registry.vlt.io/npm/word-wrap/-/word-wrap-1.2.5.tgz 785ms (cache miss)
npm http fetch GET 200 https://registry.vlt.io/npm/deep-is/-/deep-is-0.1.4.tgz 785ms (cache miss)
npm http fetch GET 200 https://registry.vlt.io/npm/pidtree/-/pidtree-0.6.0.tgz 790ms (cache miss)
npm http fetch GET 200 https://registry.vlt.io/npm/boolbase/-/boolbase-1.0.0.tgz 798ms (cache miss)
npm http fetch GET 200 https://registry.vlt.io/npm/shell-quote/-/shell-quote-1.8.3.tgz 799ms (cache miss)
npm http fetch GET 200 https://registry.vlt.io/npm/abbrev/-/abbrev-2.0.0.tgz 799ms (cache miss)
npm http fetch GET 200 https://registry.vlt.io/npm/balanced-match/-/balanced-match-4.0.4.tgz 799ms (cache miss)
npm http fetch GET 200 https://registry.vlt.io/npm/memorystream/-/memorystream-0.3.1.tgz 819ms (cache miss)
npm http fetch GET 200 https://registry.vlt.io/npm/brace-expansion/-/brace-expansion-5.0.5.tgz 818ms (cache miss)
npm http fetch GET 200 https://registry.vlt.io/npm/to-regex-range/-/to-regex-range-5.0.1.tgz 819ms (cache miss)
npm http fetch GET 200 https://registry.vlt.io/npm/fill-range/-/fill-range-7.1.1.tgz 819ms (cache miss)
npm http fetch GET 200 https://registry.vlt.io/npm/@vitest/utils/-/utils-2.1.9.tgz 843ms (cache miss)
npm http fetch GET 200 https://registry.vlt.io/npm/fast-levenshtein/-/fast-levenshtein-2.0.6.tgz 827ms (cache miss)
npm http fetch GET 200 https://registry.vlt.io/npm/braces/-/braces-3.0.3.tgz 826ms (cache miss)
npm http fetch GET 200 https://registry.vlt.io/npm/@vue/runtime-core/-/runtime-core-3.5.33.tgz 853ms (cache miss)
npm http fetch GET 200 https://registry.vlt.io/npm/yallist/-/yallist-3.1.1.tgz 839ms (cache miss)
npm http fetch GET 200 https://registry.vlt.io/npm/json-buffer/-/json-buffer-3.0.1.tgz 838ms (cache miss)
npm http fetch GET 200 https://registry.vlt.io/npm/p-locate/-/p-locate-5.0.0.tgz 839ms (cache miss)
npm http fetch GET 200 https://registry.vlt.io/npm/type-check/-/type-check-0.4.0.tgz 849ms (cache miss)
npm http fetch GET 200 https://registry.vlt.io/npm/mime-db/-/mime-db-1.52.0.tgz 861ms (cache miss)
npm http fetch GET 200 https://registry.vlt.io/npm/function-bind/-/function-bind-1.1.2.tgz 858ms (cache miss)
npm http fetch GET 200 https://registry.vlt.io/npm/agent-base/-/agent-base-7.1.4.tgz 867ms (cache miss)
npm http fetch GET 200 https://registry.vlt.io/npm/es-define-property/-/es-define-property-1.0.1.tgz 866ms (cache miss)
npm http fetch GET 200 https://registry.vlt.io/npm/has-symbols/-/has-symbols-1.1.0.tgz 867ms (cache miss)
npm http fetch GET 200 https://registry.vlt.io/npm/dunder-proto/-/dunder-proto-1.0.1.tgz 876ms (cache miss)
npm http fetch GET 200 https://registry.vlt.io/npm/call-bind-apply-helpers/-/call-bind-apply-helpers-1.0.2.tgz 875ms (cache miss)
npm http fetch GET 200 https://registry.vlt.io/npm/math-intrinsics/-/math-intrinsics-1.1.0.tgz 877ms (cache miss)
npm http fetch GET 200 https://registry.vlt.io/npm/get-intrinsic/-/get-intrinsic-1.3.0.tgz 876ms (cache miss)
npm http fetch GET 200 https://registry.vlt.io/npm/get-proto/-/get-proto-1.0.1.tgz 883ms (cache miss)
npm http fetch GET 200 https://registry.vlt.io/npm/gopd/-/gopd-1.2.0.tgz 884ms (cache miss)
npm http fetch GET 200 https://registry.vlt.io/npm/es-object-atoms/-/es-object-atoms-1.1.1.tgz 884ms (cache miss)
npm http fetch GET 200 https://registry.vlt.io/npm/has-tostringtag/-/has-tostringtag-1.0.2.tgz 884ms (cache miss)
npm http fetch GET 200 https://registry.vlt.io/npm/delayed-stream/-/delayed-stream-1.0.0.tgz 893ms (cache miss)
npm http fetch GET 200 https://registry.vlt.io/npm/es-errors/-/es-errors-1.3.0.tgz 894ms (cache miss)
npm http fetch GET 200 https://registry.vlt.io/npm/hasown/-/hasown-2.0.3.tgz 903ms (cache miss)
npm http fetch GET 200 https://registry.vlt.io/npm/csstype/-/csstype-3.2.3.tgz 935ms (cache miss)
npm http fetch GET 200 https://registry.vlt.io/npm/mime-types/-/mime-types-2.1.35.tgz 911ms (cache miss)
npm http fetch GET 200 https://registry.vlt.io/npm/asynckit/-/asynckit-0.4.0.tgz 910ms (cache miss)
npm http fetch GET 200 https://registry.vlt.io/npm/es-set-tostringtag/-/es-set-tostringtag-2.1.0.tgz 917ms (cache miss)
npm http fetch GET 200 https://registry.vlt.io/npm/@csstools/css-tokenizer/-/css-tokenizer-3.0.4.tgz 916ms (cache miss)
npm http fetch GET 200 https://registry.vlt.io/npm/combined-stream/-/combined-stream-1.0.8.tgz 925ms (cache miss)
npm http fetch GET 200 https://registry.vlt.io/npm/prelude-ls/-/prelude-ls-1.2.1.tgz 936ms (cache miss)
npm http fetch GET 200 https://registry.vlt.io/npm/whatwg-mimetype/-/whatwg-mimetype-4.0.0.tgz 932ms (cache miss)
npm http fetch GET 200 https://registry.vlt.io/npm/picomatch/-/picomatch-2.3.2.tgz 944ms (cache miss)
npm http fetch GET 200 https://registry.vlt.io/npm/@csstools/css-parser-algorithms/-/css-parser-algorithms-3.0.5.tgz 940ms (cache miss)
npm http fetch GET 200 https://registry.vlt.io/npm/webidl-conversions/-/webidl-conversions-7.0.0.tgz 940ms (cache miss)
npm http fetch GET 200 https://registry.vlt.io/npm/whatwg-encoding/-/whatwg-encoding-3.1.1.tgz 950ms (cache miss)
npm http fetch GET 200 https://registry.vlt.io/npm/@vue/devtools-kit/-/devtools-kit-7.7.9.tgz 974ms (cache miss)
npm http fetch GET 200 https://registry.vlt.io/npm/@csstools/css-calc/-/css-calc-2.1.4.tgz 963ms (cache miss)
npm http fetch GET 200 https://registry.vlt.io/npm/@csstools/css-color-parser/-/css-color-parser-3.1.0.tgz 975ms (cache miss)
npm http fetch GET 200 https://registry.vlt.io/npm/@csstools/color-helpers/-/color-helpers-5.1.0.tgz 975ms (cache miss)
npm http fetch GET 200 https://registry.vlt.io/npm/w3c-xmlserializer/-/w3c-xmlserializer-5.0.0.tgz 973ms (cache miss)
npm http fetch GET 200 https://registry.vlt.io/npm/is-potential-custom-element-name/-/is-potential-custom-element-name-1.0.1.tgz 973ms (cache miss)
npm http fetch GET 200 https://registry.vlt.io/npm/https-proxy-agent/-/https-proxy-agent-7.0.6.tgz 973ms (cache miss)
npm http fetch GET 200 https://registry.vlt.io/npm/symbol-tree/-/symbol-tree-3.2.4.tgz 974ms (cache miss)
npm http fetch GET 200 https://registry.vlt.io/npm/html-encoding-sniffer/-/html-encoding-sniffer-4.0.0.tgz 980ms (cache miss)
npm http fetch GET 200 https://registry.vlt.io/npm/http-proxy-agent/-/http-proxy-agent-7.0.2.tgz 981ms (cache miss)
npm http fetch GET 200 https://registry.vlt.io/npm/saxes/-/saxes-6.0.0.tgz 988ms (cache miss)
npm http fetch GET 200 https://registry.vlt.io/npm/data-urls/-/data-urls-5.0.0.tgz 988ms (cache miss)
npm http fetch GET 200 https://registry.vlt.io/npm/wrap-ansi/-/wrap-ansi-7.0.0.tgz 993ms (cache miss)
npm http fetch GET 200 https://registry.vlt.io/npm/strip-ansi/-/strip-ansi-6.0.1.tgz 994ms (cache miss)
npm http fetch GET 200 https://registry.vlt.io/npm/wrap-ansi/-/wrap-ansi-8.1.0.tgz 1000ms (cache miss)
npm http fetch GET 200 https://registry.vlt.io/npm/string-width/-/string-width-5.1.2.tgz 1007ms (cache miss)
npm http fetch GET 200 https://registry.vlt.io/npm/@isaacs/cliui/-/cliui-8.0.2.tgz 1006ms (cache miss)
npm http fetch GET 200 https://registry.vlt.io/npm/strip-ansi/-/strip-ansi-7.2.0.tgz 1017ms (cache miss)
npm http fetch GET 200 https://registry.vlt.io/npm/package-json-from-dist/-/package-json-from-dist-1.0.1.tgz 1017ms (cache miss)
npm http fetch GET 200 https://registry.vlt.io/npm/string-width/-/string-width-4.2.3.tgz 1023ms (cache miss)
npm http fetch GET 200 https://registry.vlt.io/npm/signal-exit/-/signal-exit-4.1.0.tgz 1023ms (cache miss)
npm http fetch GET 200 https://registry.vlt.io/npm/form-data/-/form-data-4.0.5.tgz 1032ms (cache miss)
npm http fetch GET 200 https://registry.vlt.io/npm/proto-list/-/proto-list-1.2.4.tgz 1037ms (cache miss)
npm http fetch GET 200 https://registry.vlt.io/npm/nwsapi/-/nwsapi-2.2.23.tgz 1046ms (cache miss)
npm http fetch GET 200 https://registry.vlt.io/npm/ini/-/ini-1.3.8.tgz 1043ms (cache miss)
npm http fetch GET 200 https://registry.vlt.io/npm/js-cookie/-/js-cookie-3.0.5.tgz 1043ms (cache miss)
npm http fetch GET 200 https://registry.vlt.io/npm/argparse/-/argparse-2.0.1.tgz 1056ms (cache miss)
npm http fetch GET 200 https://registry.vlt.io/npm/@one-ini/wasm/-/wasm-0.1.1.tgz 1054ms (cache miss)
npm http fetch GET 200 https://registry.vlt.io/npm/foreground-child/-/foreground-child-3.3.1.tgz 1054ms (cache miss)
npm http fetch GET 200 https://registry.vlt.io/npm/editorconfig/-/editorconfig-1.0.7.tgz 1054ms (cache miss)
npm http fetch GET 200 https://registry.vlt.io/npm/nopt/-/nopt-7.2.1.tgz 1061ms (cache miss)
npm http fetch GET 200 https://registry.vlt.io/npm/resolve-from/-/resolve-from-4.0.0.tgz 1060ms (cache miss)
npm http fetch GET 200 https://registry.vlt.io/npm/config-chain/-/config-chain-1.1.13.tgz 1062ms (cache miss)
npm http fetch GET 200 https://registry.vlt.io/npm/is-extglob/-/is-extglob-2.1.1.tgz 1068ms (cache miss)
npm http fetch GET 200 https://registry.vlt.io/npm/parent-module/-/parent-module-1.0.1.tgz 1067ms (cache miss)
npm http fetch GET 200 https://registry.vlt.io/npm/keyv/-/keyv-4.5.4.tgz 1067ms (cache miss)
npm http fetch GET 200 https://registry.vlt.io/npm/reusify/-/reusify-1.1.0.tgz 1073ms (cache miss)
npm http fetch GET 200 https://registry.vlt.io/npm/path-exists/-/path-exists-4.0.0.tgz 1074ms (cache miss)
npm http fetch GET 200 https://registry.vlt.io/npm/fastq/-/fastq-1.20.1.tgz 1074ms (cache miss)
npm http fetch GET 200 https://registry.vlt.io/npm/locate-path/-/locate-path-6.0.0.tgz 1082ms (cache miss)
npm http fetch GET 200 https://registry.vlt.io/npm/@nodelib/fs.scandir/-/fs.scandir-2.1.5.tgz 1082ms (cache miss)
npm http fetch GET 200 https://registry.vlt.io/npm/@nodelib/fs.stat/-/fs.stat-2.0.5.tgz 1081ms (cache miss)
npm http fetch GET 200 https://registry.vlt.io/npm/run-parallel/-/run-parallel-1.2.0.tgz 1086ms (cache miss)
npm http fetch GET 200 https://registry.vlt.io/npm/flat-cache/-/flat-cache-4.0.1.tgz 1087ms (cache miss)
npm http fetch GET 200 https://registry.vlt.io/npm/micromatch/-/micromatch-4.0.8.tgz 1087ms (cache miss)
npm http fetch GET 200 https://registry.vlt.io/npm/estraverse/-/estraverse-5.3.0.tgz 1086ms (cache miss)
npm http fetch GET 200 https://registry.vlt.io/npm/esrecurse/-/esrecurse-4.3.0.tgz 1095ms (cache miss)
npm http fetch GET 200 https://registry.vlt.io/npm/acorn-jsx/-/acorn-jsx-5.3.2.tgz 1102ms (cache miss)
npm http fetch GET 200 https://registry.vlt.io/npm/@nodelib/fs.walk/-/fs.walk-1.2.8.tgz 1107ms (cache miss)
npm http fetch GET 200 https://registry.vlt.io/npm/decimal.js/-/decimal.js-10.6.0.tgz 1118ms (cache miss)
npm http fetch GET 200 https://registry.vlt.io/npm/merge2/-/merge2-1.4.1.tgz 1111ms (cache miss)
npm http fetch GET 200 https://registry.vlt.io/npm/nth-check/-/nth-check-2.1.1.tgz 1111ms (cache miss)
npm http fetch GET 200 https://registry.vlt.io/npm/shebang-command/-/shebang-command-2.0.0.tgz 1110ms (cache miss)
npm http fetch GET 200 https://registry.vlt.io/npm/which/-/which-2.0.2.tgz 1111ms (cache miss)
npm http fetch GET 200 https://registry.vlt.io/npm/path-key/-/path-key-3.1.1.tgz 1111ms (cache miss)
npm http fetch GET 200 https://registry.vlt.io/npm/prettier-linter-helpers/-/prettier-linter-helpers-1.0.1.tgz 1118ms (cache miss)
npm http fetch GET 200 https://registry.vlt.io/npm/ansi-styles/-/ansi-styles-4.3.0.tgz 1124ms (cache miss)
npm http fetch GET 200 https://registry.vlt.io/npm/color-name/-/color-name-1.1.4.tgz 1124ms (cache miss)
npm http fetch GET 200 https://registry.vlt.io/npm/color-convert/-/color-convert-2.0.1.tgz 1124ms (cache miss)
npm http fetch GET 200 https://registry.vlt.io/npm/xml-name-validator/-/xml-name-validator-4.0.0.tgz 1133ms (cache miss)
npm http fetch GET 200 https://registry.vlt.io/npm/json-schema-traverse/-/json-schema-traverse-0.4.1.tgz 1131ms (cache miss)
npm http fetch GET 200 https://registry.vlt.io/npm/supports-color/-/supports-color-7.2.0.tgz 1133ms (cache miss)
npm http fetch GET 200 https://registry.vlt.io/npm/@humanfs/types/-/types-0.15.0.tgz 1148ms (cache miss)
npm http fetch GET 200 https://registry.vlt.io/npm/@humanfs/core/-/core-0.19.2.tgz 1148ms (cache miss)
npm http fetch GET 200 https://registry.vlt.io/npm/import-fresh/-/import-fresh-3.3.1.tgz 1148ms (cache miss)
npm http fetch GET 200 https://registry.vlt.io/npm/xmlchars/-/xmlchars-2.2.0.tgz 1176ms (cache miss)
npm http fetch GET 200 https://registry.vlt.io/npm/fast-json-stable-stringify/-/fast-json-stable-stringify-2.1.0.tgz 1154ms (cache miss)
npm http fetch GET 200 https://registry.vlt.io/npm/levn/-/levn-0.4.1.tgz 1155ms (cache miss)
npm http fetch GET 200 https://registry.vlt.io/npm/globals/-/globals-14.0.0.tgz 1160ms (cache miss)
npm http fetch GET 200 https://registry.vlt.io/npm/@vue/runtime-dom/-/runtime-dom-3.5.33.tgz 1209ms (cache miss)
npm http fetch GET 200 https://registry.vlt.io/npm/strip-json-comments/-/strip-json-comments-3.1.1.tgz 1171ms (cache miss)
npm http fetch GET 200 https://registry.vlt.io/npm/@types/json-schema/-/json-schema-7.0.15.tgz 1171ms (cache miss)
npm http fetch GET 200 https://registry.vlt.io/npm/json-stable-stringify-without-jsonify/-/json-stable-stringify-without-jsonify-1.0.1.tgz 1170ms (cache miss)
npm http fetch GET 200 https://registry.vlt.io/npm/flatted/-/flatted-3.4.2.tgz 1186ms (cache miss)
npm http fetch GET 200 https://registry.vlt.io/npm/optionator/-/optionator-0.9.4.tgz 1179ms (cache miss)
npm http fetch GET 200 https://registry.vlt.io/npm/natural-compare/-/natural-compare-1.4.0.tgz 1180ms (cache miss)
npm http fetch GET 200 https://registry.vlt.io/npm/lodash.merge/-/lodash.merge-4.6.2.tgz 1180ms (cache miss)
npm http fetch GET 200 https://registry.vlt.io/npm/is-glob/-/is-glob-4.0.3.tgz 1199ms (cache miss)
npm http fetch GET 200 https://registry.vlt.io/npm/find-up/-/find-up-5.0.0.tgz 1198ms (cache miss)
npm http fetch GET 200 https://registry.vlt.io/npm/fast-deep-equal/-/fast-deep-equal-3.1.3.tgz 1198ms (cache miss)
npm http fetch GET 200 https://registry.vlt.io/npm/ignore/-/ignore-5.3.2.tgz 1199ms (cache miss)
npm http fetch GET 200 https://registry.vlt.io/npm/esutils/-/esutils-2.0.3.tgz 1213ms (cache miss)
npm http fetch GET 200 https://registry.vlt.io/npm/glob-parent/-/glob-parent-6.0.2.tgz 1214ms (cache miss)
npm http fetch GET 200 https://registry.vlt.io/npm/@pkgjs/parseargs/-/parseargs-0.11.0.tgz 1232ms (cache miss)
npm http fetch GET 200 https://registry.vlt.io/npm/file-entry-cache/-/file-entry-cache-8.0.0.tgz 1222ms (cache miss)
npm http fetch GET 200 https://registry.vlt.io/npm/whatwg-url/-/whatwg-url-14.2.0.tgz 1249ms (cache miss)
npm http fetch GET 200 https://registry.vlt.io/npm/imurmurhash/-/imurmurhash-0.1.4.tgz 1235ms (cache miss)
npm http fetch GET 200 https://registry.vlt.io/npm/escape-string-regexp/-/escape-string-regexp-4.0.0.tgz 1241ms (cache miss)
npm http fetch GET 200 https://registry.vlt.io/npm/chalk/-/chalk-4.1.2.tgz 1249ms (cache miss)
npm http fetch GET 200 https://registry.vlt.io/npm/cross-spawn/-/cross-spawn-7.0.6.tgz 1249ms (cache miss)
npm http fetch GET 200 https://registry.vlt.io/npm/iconv-lite/-/iconv-lite-0.6.3.tgz 1302ms (cache miss)
npm http fetch GET 200 https://registry.vlt.io/npm/commander/-/commander-10.0.1.tgz 1267ms (cache miss)
npm http fetch GET 200 https://registry.vlt.io/npm/@types/estree/-/estree-1.0.8.tgz 1256ms (cache miss)
npm http fetch GET 200 https://registry.vlt.io/npm/@humanwhocodes/retry/-/retry-0.4.3.tgz 1264ms (cache miss)
npm http fetch GET 200 https://registry.vlt.io/npm/@eslint/js/-/js-9.39.4.tgz 1264ms (cache miss)
npm http fetch GET 200 https://registry.vlt.io/npm/@humanfs/node/-/node-0.16.8.tgz 1274ms (cache miss)
npm http fetch GET 200 https://registry.vlt.io/npm/@eslint/config-helpers/-/config-helpers-0.4.2.tgz 1274ms (cache miss)
npm http fetch GET 200 https://registry.vlt.io/npm/vite-node/-/vite-node-2.1.9.tgz 1323ms (cache miss)
npm http fetch GET 200 https://registry.vlt.io/npm/ws/-/ws-8.20.0.tgz 1300ms (cache miss)
npm http fetch GET 200 https://registry.vlt.io/npm/ms/-/ms-2.1.3.tgz 1282ms (cache miss)
npm http fetch GET 200 https://registry.vlt.io/npm/node-releases/-/node-releases-2.0.38.tgz 1290ms (cache miss)
npm http fetch GET 200 https://registry.vlt.io/npm/update-browserslist-db/-/update-browserslist-db-1.2.3.tgz 1298ms (cache miss)
npm http fetch GET 200 https://registry.vlt.io/npm/eslint-plugin-prettier/-/eslint-plugin-prettier-5.5.5.tgz 1313ms (cache miss)
npm http fetch GET 200 https://registry.vlt.io/npm/eslint-config-prettier/-/eslint-config-prettier-10.1.8.tgz 1312ms (cache miss)
npm http fetch GET 200 https://registry.vlt.io/npm/vue-component-type-helpers/-/vue-component-type-helpers-3.2.7.tgz 1313ms (cache miss)
npm http fetch GET 200 https://registry.vlt.io/npm/@humanwhocodes/module-importer/-/module-importer-1.0.1.tgz 1329ms (cache miss)
npm http fetch GET 200 https://registry.vlt.io/npm/typescript-eslint/-/typescript-eslint-8.59.0.tgz 1326ms (cache miss)
npm http fetch GET 200 https://registry.vlt.io/npm/@eslint/core/-/core-0.17.0.tgz 1336ms (cache miss)
npm http fetch GET 200 https://registry.vlt.io/npm/@vue/compiler-ssr/-/compiler-ssr-3.5.33.tgz 1344ms (cache miss)
npm http fetch GET 200 https://registry.vlt.io/npm/estree-walker/-/estree-walker-2.0.2.tgz 1344ms (cache miss)
npm http fetch GET 200 https://registry.vlt.io/npm/@vue/babel-helper-vue-transform-on/-/babel-helper-vue-transform-on-1.5.0.tgz 1344ms (cache miss)
npm http fetch GET 200 https://registry.vlt.io/npm/@vue/shared/-/shared-3.5.33.tgz 1344ms (cache miss)
npm http fetch GET 200 https://registry.vlt.io/npm/@vue/babel-plugin-resolve-type/-/babel-plugin-resolve-type-1.5.0.tgz 1355ms (cache miss)
npm http fetch GET 200 https://registry.vlt.io/npm/@babel/plugin-syntax-jsx/-/plugin-syntax-jsx-7.28.6.tgz 1354ms (cache miss)
npm http fetch GET 200 https://registry.vlt.io/npm/@jridgewell/resolve-uri/-/resolve-uri-3.1.2.tgz 1367ms (cache miss)
npm http fetch GET 200 https://registry.vlt.io/npm/@babel/helper-string-parser/-/helper-string-parser-7.27.1.tgz 1368ms (cache miss)
npm http fetch GET 200 https://registry.vlt.io/npm/@babel/helper-globals/-/helper-globals-7.28.0.tgz 1377ms (cache miss)
npm http fetch GET 200 https://registry.vlt.io/npm/@babel/helper-optimise-call-expression/-/helper-optimise-call-expression-7.27.1.tgz 1376ms (cache miss)
npm http fetch GET 200 https://registry.vlt.io/npm/@babel/helper-replace-supers/-/helper-replace-supers-7.28.6.tgz 1386ms (cache miss)
npm http fetch GET 200 https://registry.vlt.io/npm/@babel/helper-member-expression-to-functions/-/helper-member-expression-to-functions-7.28.5.tgz 1385ms (cache miss)
npm http fetch GET 200 https://registry.vlt.io/npm/@babel/helper-skip-transparent-expression-wrappers/-/helper-skip-transparent-expression-wrappers-7.27.1.tgz 1386ms (cache miss)
npm http fetch GET 200 https://registry.vlt.io/npm/espree/-/espree-10.4.0.tgz 1403ms (cache miss)
npm http fetch GET 200 https://registry.vlt.io/npm/@babel/helper-plugin-utils/-/helper-plugin-utils-7.28.6.tgz 1397ms (cache miss)
npm http fetch GET 200 https://registry.vlt.io/npm/@babel/plugin-syntax-typescript/-/plugin-syntax-typescript-7.28.6.tgz 1397ms (cache miss)
npm http fetch GET 200 https://registry.vlt.io/npm/@babel/helper-annotate-as-pure/-/helper-annotate-as-pure-7.27.3.tgz 1411ms (cache miss)
npm http fetch GET 200 https://registry.vlt.io/npm/@babel/compat-data/-/compat-data-7.29.0.tgz 1410ms (cache miss)
npm http fetch GET 200 https://registry.vlt.io/npm/@eslint/object-schema/-/object-schema-2.1.7.tgz 1432ms (cache miss)
npm http fetch GET 200 https://registry.vlt.io/npm/browserslist/-/browserslist-4.28.2.tgz 1422ms (cache miss)
npm http fetch GET 200 https://registry.vlt.io/npm/speakingurl/-/speakingurl-14.0.1.tgz 1477ms (cache miss)
npm http fetch GET 200 https://registry.vlt.io/npm/lru-cache/-/lru-cache-5.1.1.tgz 1439ms (cache miss)
npm http fetch GET 200 https://registry.vlt.io/npm/@babel/helper-module-imports/-/helper-module-imports-7.28.6.tgz 1439ms (cache miss)
npm http fetch GET 200 https://registry.vlt.io/npm/picocolors/-/picocolors-1.1.1.tgz 1438ms (cache miss)
npm http fetch GET 200 https://registry.vlt.io/npm/jsesc/-/jsesc-3.1.0.tgz 1453ms (cache miss)
npm http fetch GET 200 https://registry.vlt.io/npm/electron-to-chromium/-/electron-to-chromium-1.5.344.tgz 1490ms (cache miss)
npm http fetch GET 200 https://registry.vlt.io/npm/@babel/helper-validator-option/-/helper-validator-option-7.27.1.tgz 1485ms (cache miss)
npm http fetch GET 200 https://registry.vlt.io/npm/gensync/-/gensync-1.0.0-beta.2.tgz 1484ms (cache miss)
npm http fetch GET 200 https://registry.vlt.io/npm/js-tokens/-/js-tokens-4.0.0.tgz 1485ms (cache miss)
npm http fetch GET 200 https://registry.vlt.io/npm/@babel/helper-validator-identifier/-/helper-validator-identifier-7.28.5.tgz 1486ms (cache miss)
npm http fetch GET 200 https://registry.vlt.io/npm/@jridgewell/remapping/-/remapping-2.3.5.tgz 1511ms (cache miss)
npm http fetch GET 200 https://registry.vlt.io/npm/convert-source-map/-/convert-source-map-2.0.0.tgz 1525ms (cache miss)
npm http fetch GET 200 https://registry.vlt.io/npm/superjson/-/superjson-2.2.6.tgz 1585ms (cache miss)
npm http fetch GET 200 https://registry.vlt.io/npm/@rolldown/pluginutils/-/pluginutils-1.0.0-rc.17.tgz 1543ms (cache miss)
npm http fetch GET 200 https://registry.vlt.io/npm/baseline-browser-mapping/-/baseline-browser-mapping-2.10.21.tgz 1565ms (cache miss)
npm http fetch GET 200 https://registry.vlt.io/npm/@babel/code-frame/-/code-frame-7.29.0.tgz 1556ms (cache miss)
npm http fetch GET 200 https://registry.vlt.io/npm/acorn/-/acorn-8.16.0.tgz 1592ms (cache miss)
npm http fetch GET 200 https://registry.vlt.io/npm/debug/-/debug-4.4.3.tgz 1573ms (cache miss)
npm http fetch GET 200 https://registry.vlt.io/npm/@typescript-eslint/project-service/-/project-service-8.59.0.tgz 1573ms (cache miss)
npm http fetch GET 200 https://registry.vlt.io/npm/tinyglobby/-/tinyglobby-0.2.16.tgz 1584ms (cache miss)
npm http fetch GET 200 https://registry.vlt.io/npm/@typescript-eslint/tsconfig-utils/-/tsconfig-utils-8.59.0.tgz 1585ms (cache miss)
npm http fetch GET 200 https://registry.vlt.io/npm/eslint-visitor-keys/-/eslint-visitor-keys-3.4.3.tgz 1584ms (cache miss)
npm http fetch GET 200 https://registry.vlt.io/npm/@eslint/plugin-kit/-/plugin-kit-0.4.1.tgz 1622ms (cache miss)
npm http fetch GET 200 https://registry.vlt.io/npm/@types/tough-cookie/-/tough-cookie-4.0.5.tgz 1621ms (cache miss)
npm http fetch GET 200 https://registry.vlt.io/npm/vue-tsc/-/vue-tsc-2.2.12.tgz 1621ms (cache miss)
npm http fetch GET 200 https://registry.vlt.io/npm/eslint-scope/-/eslint-scope-8.4.0.tgz 1657ms (cache miss)
npm http fetch GET 200 https://registry.vlt.io/npm/@vue/babel-plugin-jsx/-/babel-plugin-jsx-1.5.0.tgz 1645ms (cache miss)
npm http fetch GET 200 https://registry.vlt.io/npm/@vue/tsconfig/-/tsconfig-0.7.0.tgz 1649ms (cache miss)
npm http fetch GET 200 https://registry.vlt.io/npm/@vue/eslint-config-prettier/-/eslint-config-prettier-10.2.0.tgz 1662ms (cache miss)
npm http fetch GET 200 https://registry.vlt.io/npm/fs-extra/-/fs-extra-11.3.4.tgz 1723ms (cache miss)
npm http fetch GET 200 https://registry.vlt.io/npm/minipass/-/minipass-7.1.3.tgz 1699ms (cache miss)
npm http fetch GET 200 https://registry.vlt.io/npm/@eslint-community/regexpp/-/regexpp-4.12.2.tgz 1685ms (cache miss)
npm http fetch GET 200 https://registry.vlt.io/npm/@vitejs/plugin-vue-jsx/-/plugin-vue-jsx-4.2.0.tgz 1670ms (cache miss)
npm http fetch GET 200 https://registry.vlt.io/npm/synckit/-/synckit-0.11.12.tgz 1703ms (cache miss)
npm http fetch GET 200 https://registry.vlt.io/npm/@typescript-eslint/visitor-keys/-/visitor-keys-8.59.0.tgz 1684ms (cache miss)
npm http fetch GET 200 https://registry.vlt.io/npm/@tsconfig/node22/-/node22-22.0.5.tgz 1679ms (cache miss)
npm http fetch GET 200 https://registry.vlt.io/npm/@types/jsdom/-/jsdom-21.1.7.tgz 1680ms (cache miss)
npm http fetch GET 200 https://registry.vlt.io/npm/balanced-match/-/balanced-match-1.0.2.tgz 1680ms (cache miss)
npm http fetch GET 200 https://registry.vlt.io/npm/@playwright/test/-/test-1.59.1.tgz 1680ms (cache miss)
npm http fetch GET 200 https://registry.vlt.io/npm/brace-expansion/-/brace-expansion-2.1.0.tgz 1680ms (cache miss)
npm http fetch GET 200 https://registry.vlt.io/npm/pathe/-/pathe-1.1.2.tgz 1718ms (cache miss)
npm http fetch GET 200 https://registry.vlt.io/npm/rrweb-cssom/-/rrweb-cssom-0.7.1.tgz 1788ms (cache miss)
npm http fetch GET 200 https://registry.vlt.io/npm/eslint-plugin-playwright/-/eslint-plugin-playwright-2.10.2.tgz 1758ms (cache miss)
npm http fetch GET 200 https://registry.vlt.io/npm/@vue/eslint-config-typescript/-/eslint-config-typescript-14.7.0.tgz 1758ms (cache miss)
npm http fetch GET 200 https://registry.vlt.io/npm/nanoid/-/nanoid-5.1.9.tgz 1755ms (cache miss)
npm http fetch GET 200 https://registry.vlt.io/npm/path-key/-/path-key-4.0.0.tgz 1755ms (cache miss)
npm http fetch GET 200 https://registry.vlt.io/npm/ignore/-/ignore-7.0.5.tgz 1773ms (cache miss)
npm http fetch GET 200 https://registry.vlt.io/npm/xml-name-validator/-/xml-name-validator-5.0.0.tgz 1774ms (cache miss)
npm http fetch GET 200 https://registry.vlt.io/npm/ansi-regex/-/ansi-regex-5.0.1.tgz 1786ms (cache miss)
npm http fetch GET 200 https://registry.vlt.io/npm/strip-ansi/-/strip-ansi-6.0.1.tgz 1786ms (cache miss)
npm http fetch GET 200 https://registry.vlt.io/npm/strip-ansi/-/strip-ansi-6.0.1.tgz 1786ms (cache miss)
npm http fetch GET 200 https://registry.vlt.io/npm/string-width/-/string-width-4.2.3.tgz 1786ms (cache miss)
npm http fetch GET 200 https://registry.vlt.io/npm/pathe/-/pathe-1.1.2.tgz 1797ms (cache miss)
npm http fetch GET 200 https://registry.vlt.io/npm/pathe/-/pathe-1.1.2.tgz 1797ms (cache miss)
npm http fetch GET 200 https://registry.vlt.io/npm/ansi-styles/-/ansi-styles-6.2.3.tgz 1796ms (cache miss)
npm http fetch GET 200 https://registry.vlt.io/npm/emoji-regex/-/emoji-regex-8.0.0.tgz 1796ms (cache miss)
npm http fetch GET 200 https://registry.vlt.io/npm/balanced-match/-/balanced-match-1.0.2.tgz 1808ms (cache miss)
npm http fetch GET 200 https://registry.vlt.io/npm/balanced-match/-/balanced-match-1.0.2.tgz 1808ms (cache miss)
npm http fetch GET 200 https://registry.vlt.io/npm/brace-expansion/-/brace-expansion-2.1.0.tgz 1809ms (cache miss)
npm http fetch GET 200 https://registry.vlt.io/npm/brace-expansion/-/brace-expansion-2.1.0.tgz 1809ms (cache miss)
npm http fetch GET 200 https://registry.vlt.io/npm/esbuild/-/esbuild-0.21.5.tgz 1818ms (cache miss)
npm http fetch GET 200 https://registry.vlt.io/npm/ansi-regex/-/ansi-regex-5.0.1.tgz 1816ms (cache miss)
npm http fetch GET 200 https://registry.vlt.io/npm/ansi-regex/-/ansi-regex-5.0.1.tgz 1817ms (cache miss)
npm http fetch GET 200 https://registry.vlt.io/npm/emoji-regex/-/emoji-regex-8.0.0.tgz 1822ms (cache miss)
npm http fetch GET 200 https://registry.vlt.io/npm/eslint-visitor-keys/-/eslint-visitor-keys-4.2.1.tgz 1821ms (cache miss)
npm http fetch GET 200 https://registry.vlt.io/npm/path-scurry/-/path-scurry-1.11.1.tgz 1863ms (cache miss)
npm http fetch GET 200 https://registry.vlt.io/npm/brace-expansion/-/brace-expansion-1.1.14.tgz 1828ms (cache miss)
npm http fetch GET 200 https://registry.vlt.io/npm/balanced-match/-/balanced-match-1.0.2.tgz 1828ms (cache miss)
npm http fetch GET 200 https://registry.vlt.io/npm/balanced-match/-/balanced-match-1.0.2.tgz 1828ms (cache miss)
npm http fetch GET 200 https://registry.vlt.io/npm/minimatch/-/minimatch-3.1.5.tgz 1829ms (cache miss)
npm http fetch GET 200 https://registry.vlt.io/npm/ts-api-utils/-/ts-api-utils-2.5.0.tgz 1846ms (cache miss)
npm http fetch GET 200 https://registry.vlt.io/npm/glob-parent/-/glob-parent-5.1.2.tgz 1834ms (cache miss)
npm http fetch GET 200 https://registry.vlt.io/npm/eslint-visitor-keys/-/eslint-visitor-keys-5.0.1.tgz 1845ms (cache miss)
npm http fetch GET 200 https://registry.vlt.io/npm/fdir/-/fdir-6.5.0.tgz 1845ms (cache miss)
npm http fetch GET 200 https://registry.vlt.io/npm/@rollup/rollup-linux-arm64-gnu/-/rollup-linux-arm64-gnu-4.60.2.tgz 1905ms (cache miss)
npm http fetch GET 200 https://registry.vlt.io/npm/semver/-/semver-6.3.1.tgz 1852ms (cache miss)
npm http fetch GET 200 https://registry.vlt.io/npm/magic-string/-/magic-string-0.30.21.tgz 1877ms (cache miss)
npm http fetch GET 200 https://registry.vlt.io/npm/source-map-js/-/source-map-js-1.2.1.tgz 1877ms (cache miss)
npm http fetch GET 200 https://registry.vlt.io/npm/brace-expansion/-/brace-expansion-1.1.14.tgz 1858ms (cache miss)
npm http fetch GET 200 https://registry.vlt.io/npm/minimatch/-/minimatch-3.1.5.tgz 1858ms (cache miss)
npm http fetch GET 200 https://registry.vlt.io/npm/eslint-visitor-keys/-/eslint-visitor-keys-5.0.1.tgz 1858ms (cache miss)
npm http fetch GET 200 https://registry.vlt.io/npm/estree-walker/-/estree-walker-3.0.3.tgz 1858ms (cache miss)
npm http fetch GET 200 https://registry.vlt.io/npm/@vitejs/plugin-vue/-/plugin-vue-5.2.4.tgz 1870ms (cache miss)
npm http fetch GET 200 https://registry.vlt.io/npm/picomatch/-/picomatch-4.0.4.tgz 1869ms (cache miss)
npm http fetch GET 200 https://registry.vlt.io/npm/pathe/-/pathe-1.1.2.tgz 1863ms (cache miss)
npm http fetch GET 200 https://registry.vlt.io/npm/balanced-match/-/balanced-match-1.0.2.tgz 1863ms (cache miss)
npm http fetch GET 200 https://registry.vlt.io/npm/balanced-match/-/balanced-match-1.0.2.tgz 1862ms (cache miss)
npm http fetch GET 200 https://registry.vlt.io/npm/isexe/-/isexe-3.1.5.tgz 1864ms (cache miss)
npm http fetch GET 200 https://registry.vlt.io/npm/which/-/which-5.0.0.tgz 1869ms (cache miss)
npm http fetch GET 200 https://registry.vlt.io/npm/xml-name-validator/-/xml-name-validator-5.0.0.tgz 1869ms (cache miss)
npm http fetch GET 200 https://registry.vlt.io/npm/@babel/plugin-transform-typescript/-/plugin-transform-typescript-7.28.6.tgz 1889ms (cache miss)
npm http fetch GET 200 https://registry.vlt.io/npm/semver/-/semver-6.3.1.tgz 1877ms (cache miss)
npm http fetch GET 200 https://registry.vlt.io/npm/semver/-/semver-6.3.1.tgz 1877ms (cache miss)
npm http fetch GET 200 https://registry.vlt.io/npm/brace-expansion/-/brace-expansion-2.1.0.tgz 1876ms (cache miss)
npm http fetch GET 200 https://registry.vlt.io/npm/ansi-styles/-/ansi-styles-6.2.3.tgz 1876ms (cache miss)
npm http fetch GET 200 https://registry.vlt.io/npm/globals/-/globals-13.24.0.tgz 1875ms (cache miss)
npm http fetch GET 200 https://registry.vlt.io/npm/brace-expansion/-/brace-expansion-1.1.14.tgz 1875ms (cache miss)
npm http fetch GET 200 https://registry.vlt.io/npm/@typescript-eslint/types/-/types-8.59.0.tgz 1894ms (cache miss)
npm http fetch GET 200 https://registry.vlt.io/npm/eslint-visitor-keys/-/eslint-visitor-keys-4.2.1.tgz 1880ms (cache miss)
npm http fetch GET 200 https://registry.vlt.io/npm/minimatch/-/minimatch-3.1.5.tgz 1880ms (cache miss)
npm http fetch GET 200 https://registry.vlt.io/npm/fdir/-/fdir-6.5.0.tgz 1883ms (cache miss)
npm http fetch GET 200 https://registry.vlt.io/npm/@vue/compiler-core/-/compiler-core-3.5.33.tgz 1911ms (cache miss)
npm http fetch GET 200 https://registry.vlt.io/npm/@babel/helper-compilation-targets/-/helper-compilation-targets-7.28.6.tgz 1914ms (cache miss)
npm http fetch GET 200 https://registry.vlt.io/npm/esbuild/-/esbuild-0.21.5.tgz 1900ms (cache miss)
npm http fetch GET 200 https://registry.vlt.io/npm/@eslint-community/eslint-utils/-/eslint-utils-4.9.1.tgz 1923ms (cache miss)
npm http fetch GET 200 https://registry.vlt.io/npm/globals/-/globals-17.5.0.tgz 1911ms (cache miss)
npm http fetch GET 200 https://registry.vlt.io/npm/picomatch/-/picomatch-4.0.4.tgz 1917ms (cache miss)
npm http fetch GET 200 https://registry.vlt.io/npm/jackspeak/-/jackspeak-3.4.3.tgz 1958ms (cache miss)
npm http fetch GET 200 https://registry.vlt.io/npm/@vitest/eslint-plugin/-/eslint-plugin-1.1.10.tgz 1934ms (cache miss)
npm http fetch GET 200 https://registry.vlt.io/npm/@babel/template/-/template-7.28.6.tgz 1944ms (cache miss)
npm http fetch GET 200 https://registry.vlt.io/npm/@typescript-eslint/type-utils/-/type-utils-8.59.0.tgz 1988ms (cache miss)
npm http fetch GET 200 https://registry.vlt.io/npm/undici-types/-/undici-types-6.21.0.tgz 1945ms (cache miss)
npm http fetch GET 200 https://registry.vlt.io/npm/espree/-/espree-9.6.1.tgz 1933ms (cache miss)
npm http fetch GET 200 https://registry.vlt.io/npm/@babel/helper-module-transforms/-/helper-module-transforms-7.28.6.tgz 1953ms (cache miss)
npm http fetch GET 200 https://registry.vlt.io/npm/picomatch/-/picomatch-4.0.4.tgz 1947ms (cache miss)
npm http fetch GET 200 https://registry.vlt.io/npm/pinia/-/pinia-2.3.1.tgz 1963ms (cache miss)
npm http fetch GET 200 https://registry.vlt.io/npm/@eslint/config-array/-/config-array-0.21.2.tgz 1984ms (cache miss)
npm http fetch GET 200 https://registry.vlt.io/npm/vue-eslint-parser/-/vue-eslint-parser-10.4.0.tgz 1990ms (cache miss)
npm http fetch GET 200 https://registry.vlt.io/npm/json5/-/json5-2.2.3.tgz 1984ms (cache miss)
npm http fetch GET 200 https://registry.vlt.io/npm/@volar/typescript/-/typescript-2.4.15.tgz 2051ms (cache miss)
npm http fetch GET 200 https://registry.vlt.io/npm/@jridgewell/sourcemap-codec/-/sourcemap-codec-1.5.5.tgz 2001ms (cache miss)
npm http fetch GET 200 https://registry.vlt.io/npm/eslint-scope/-/eslint-scope-7.2.2.tgz 1983ms (cache miss)
npm http fetch GET 200 https://registry.vlt.io/npm/@babel/helper-create-class-features-plugin/-/helper-create-class-features-plugin-7.28.6.tgz 2005ms (cache miss)
npm http fetch GET 200 https://registry.vlt.io/npm/esquery/-/esquery-1.7.0.tgz 2031ms (cache miss)
npm http fetch GET 200 https://registry.vlt.io/npm/@vue/compiler-dom/-/compiler-dom-3.5.33.tgz 2037ms (cache miss)
npm http fetch GET 200 https://registry.vlt.io/npm/@jridgewell/gen-mapping/-/gen-mapping-0.3.13.tgz 2075ms (cache miss)
npm http fetch GET 200 https://registry.vlt.io/npm/@vitest/mocker/-/mocker-2.1.9.tgz 2061ms (cache miss)
npm http fetch GET 200 https://registry.vlt.io/npm/js-yaml/-/js-yaml-4.1.1.tgz 2128ms (cache miss)
npm http fetch GET 200 https://registry.vlt.io/npm/rrweb-cssom/-/rrweb-cssom-0.8.0.tgz 2104ms (cache miss)
npm http fetch GET 200 https://registry.vlt.io/npm/vue-router/-/vue-router-4.6.4.tgz 2113ms (cache miss)
npm http fetch GET 200 https://registry.vlt.io/npm/vue-eslint-parser/-/vue-eslint-parser-9.4.3.tgz 2108ms (cache miss)
npm http fetch GET 200 https://registry.vlt.io/npm/tough-cookie/-/tough-cookie-5.1.2.tgz 2159ms (cache miss)
npm http fetch GET 200 https://registry.vlt.io/npm/postcss-selector-parser/-/postcss-selector-parser-6.1.2.tgz 2154ms (cache miss)
npm http fetch GET 200 https://registry.vlt.io/npm/chai/-/chai-5.3.3.tgz 2203ms (cache miss)
npm http fetch GET 200 https://registry.vlt.io/npm/@eslint/eslintrc/-/eslintrc-3.3.5.tgz 2206ms (cache miss)
npm http fetch GET 200 https://registry.vlt.io/npm/lru-cache/-/lru-cache-10.4.3.tgz 2203ms (cache miss)
npm http fetch GET 200 https://registry.vlt.io/npm/semver/-/semver-7.7.4.tgz 2216ms (cache miss)
npm http fetch GET 200 https://registry.vlt.io/npm/lru-cache/-/lru-cache-10.4.3.tgz 2212ms (cache miss)
npm http fetch GET 200 https://registry.vlt.io/npm/@babel/parser/-/parser-7.29.2.tgz 2227ms (cache miss)
npm http fetch GET 200 https://registry.vlt.io/npm/@jridgewell/trace-mapping/-/trace-mapping-0.3.31.tgz 2232ms (cache miss)
npm http fetch GET 200 https://registry.vlt.io/npm/postcss/-/postcss-8.5.10.tgz 2294ms (cache miss)
npm http fetch GET 200 https://registry.vlt.io/npm/@vue/compiler-sfc/-/compiler-sfc-3.5.33.tgz 2305ms (cache miss)
npm http fetch GET 200 https://registry.vlt.io/npm/rollup/-/rollup-4.60.2.tgz 2396ms (cache miss)
npm http fetch GET 200 https://registry.vlt.io/npm/@babel/generator/-/generator-7.29.1.tgz 2456ms (cache miss)
npm http fetch GET 200 https://registry.vlt.io/npm/uri-js/-/uri-js-4.4.1.tgz 2477ms (cache miss)
npm http fetch GET 200 https://registry.vlt.io/npm/fast-glob/-/fast-glob-3.3.3.tgz 2489ms (cache miss)
npm http fetch GET 200 https://registry.vlt.io/npm/tldts/-/tldts-6.1.86.tgz 2541ms (cache miss)
npm http fetch GET 200 https://registry.vlt.io/npm/vue/-/vue-3.5.33.tgz 2511ms (cache miss)
npm http fetch GET 200 https://registry.vlt.io/npm/vite-plugin-inspect/-/vite-plugin-inspect-0.8.9.tgz 2563ms (cache miss)
npm http fetch GET 200 https://registry.vlt.io/npm/minimatch/-/minimatch-10.2.5.tgz 2534ms (cache miss)
npm http fetch GET 200 https://registry.vlt.io/npm/npm-run-all2/-/npm-run-all2-7.0.2.tgz 2533ms (cache miss)
npm http fetch GET 200 https://registry.vlt.io/npm/@types/node/-/node-22.19.17.tgz 2545ms (cache miss)
npm http fetch GET 200 https://registry.vlt.io/npm/minimatch/-/minimatch-9.0.9.tgz 2545ms (cache miss)
npm http fetch GET 200 https://registry.vlt.io/npm/glob/-/glob-10.5.0.tgz 2580ms (cache miss)
npm http fetch GET 200 https://registry.vlt.io/npm/minimatch/-/minimatch-9.0.9.tgz 2552ms (cache miss)
npm http fetch GET 200 https://registry.vlt.io/npm/minimatch/-/minimatch-9.0.9.tgz 2554ms (cache miss)
npm http fetch GET 200 https://registry.vlt.io/npm/minimatch/-/minimatch-9.0.9.tgz 2552ms (cache miss)
npm http fetch GET 200 https://registry.vlt.io/npm/vite/-/vite-6.4.2.tgz 2568ms (cache miss)
npm http fetch GET 200 https://registry.vlt.io/npm/js-beautify/-/js-beautify-1.15.4.tgz 2590ms (cache miss)
npm http fetch GET 200 https://registry.vlt.io/npm/@vue/test-utils/-/test-utils-2.4.8.tgz 2581ms (cache miss)
npm http fetch GET 200 https://registry.vlt.io/npm/tldts-core/-/tldts-core-6.1.86.tgz 2653ms (cache miss)
npm http fetch GET 200 https://registry.vlt.io/npm/vite/-/vite-5.4.21.tgz 2608ms (cache miss)
npm http fetch GET 200 https://registry.vlt.io/npm/cssstyle/-/cssstyle-4.6.0.tgz 2658ms (cache miss)
npm http fetch GET 200 https://registry.vlt.io/npm/vite/-/vite-5.4.21.tgz 2619ms (cache miss)
npm http fetch GET 200 https://registry.vlt.io/npm/@babel/traverse/-/traverse-7.29.0.tgz 2638ms (cache miss)
npm http fetch GET 200 https://registry.vlt.io/npm/@typescript-eslint/typescript-estree/-/typescript-estree-8.59.0.tgz 2651ms (cache miss)
npm http fetch GET 200 https://registry.vlt.io/npm/parse5/-/parse5-7.3.0.tgz 2671ms (cache miss)
npm http fetch GET 200 https://registry.vlt.io/npm/@asamuzakjp/css-color/-/css-color-3.2.0.tgz 2721ms (cache miss)
npm http fetch GET 200 https://registry.vlt.io/npm/@typescript-eslint/utils/-/utils-8.59.0.tgz 2700ms (cache miss)
npm http fetch GET 200 https://registry.vlt.io/npm/ajv/-/ajv-6.15.0.tgz 2731ms (cache miss)
npm http fetch GET 200 https://registry.vlt.io/npm/vitest/-/vitest-2.1.9.tgz 2747ms (cache miss)
npm http fetch GET 200 https://registry.vlt.io/npm/entities/-/entities-6.0.1.tgz 2739ms (cache miss)
npm http fetch GET 200 https://registry.vlt.io/npm/execa/-/execa-9.6.1.tgz 2877ms (cache miss)
npm http fetch GET 200 https://registry.vlt.io/npm/@esbuild/linux-arm64/-/linux-arm64-0.25.12.tgz 2896ms (cache miss)
npm http fetch GET 200 https://registry.vlt.io/npm/entities/-/entities-7.0.1.tgz 2863ms (cache miss)
npm http fetch GET 200 https://registry.vlt.io/npm/vite-plugin-vue-devtools/-/vite-plugin-vue-devtools-7.7.9.tgz 2875ms (cache miss)
npm http fetch GET 200 https://registry.vlt.io/npm/@esbuild/linux-arm64/-/linux-arm64-0.21.5.tgz 2890ms (cache miss)
npm http fetch GET 200 https://registry.vlt.io/npm/@esbuild/linux-arm64/-/linux-arm64-0.21.5.tgz 2892ms (cache miss)
npm http fetch GET 200 https://registry.vlt.io/npm/@vue/language-core/-/language-core-2.2.12.tgz 2968ms (cache miss)
npm http fetch GET 200 https://registry.vlt.io/npm/@babel/core/-/core-7.29.0.tgz 2919ms (cache miss)
npm http fetch GET 200 https://registry.vlt.io/npm/prettier/-/prettier-3.8.3.tgz 2934ms (cache miss)
npm http fetch GET 200 https://registry.vlt.io/npm/playwright/-/playwright-1.59.1.tgz 2978ms (cache miss)
npm http fetch GET 200 https://registry.vlt.io/npm/@babel/types/-/types-7.29.0.tgz 3074ms (cache miss)
npm http fetch GET 200 https://registry.vlt.io/npm/@babel/helpers/-/helpers-7.29.2.tgz 3133ms (cache miss)
npm http fetch GET 200 https://registry.vlt.io/npm/@typescript-eslint/scope-manager/-/scope-manager-8.59.0.tgz 3280ms (cache miss)
npm http fetch GET 200 https://registry.vlt.io/npm/eslint-plugin-vue/-/eslint-plugin-vue-9.33.0.tgz 3278ms (cache miss)
npm http fetch GET 200 https://registry.vlt.io/npm/lodash/-/lodash-4.18.1.tgz 3346ms (cache miss)
npm http fetch GET 200 https://registry.vlt.io/npm/typescript/-/typescript-5.6.3.tgz 3295ms (cache miss)
npm http fetch GET 200 https://registry.vlt.io/npm/eslint/-/eslint-9.39.4.tgz 3377ms (cache miss)
npm http fetch GET 200 https://registry.vlt.io/npm/@typescript-eslint/eslint-plugin/-/eslint-plugin-8.59.0.tgz 3431ms (cache miss)
npm http fetch GET 200 https://registry.vlt.io/npm/playwright-core/-/playwright-core-1.59.1.tgz 3517ms (cache miss)
npm http fetch GET 200 https://registry.vlt.io/npm/caniuse-lite/-/caniuse-lite-1.0.30001790.tgz 3528ms (cache miss)
npm http fetch GET 200 https://registry.vlt.io/npm/jsdom/-/jsdom-25.0.1.tgz 3521ms (cache miss)

added 482 packages in 16s
