{
  "results": [
    {
      "command": "npm",
      "mean": 9.1838606725,
      "stddev": 0.03129585317876623,
      "median": 9.1760883286,
      "user": 11.440432300000001,
      "system": 3.40299118,
      "min": 9.1501235801,
      "max": 9.2596260961,
      "times": [
        9.2596260961,
        9.1802944811,
        9.1507115311,
        9.1501235801,
        9.170358008100001,
        9.1718821761,
        9.1929196091,
        9.1988115561,
        9.1578011671,
        9.2060785201
      ],
      "exit_codes": [
        0,
        0,
        0,
        0,
        0,
        0,
        0,
        0,
        0,
        0
      ]
    },
    {
      "command": "yarn",
      "mean": 12.1065542254,
      "stddev": 0.9910144026548383,
      "median": 11.7135087176,
      "user": 4.986933,
      "system": 3.4891266799999996,
      "min": 10.9926044371,
      "max": 14.5942907571,
      "times": [
        12.2317897651,
        14.5942907571,
        12.5339211631,
        12.8769272581,
        11.5334290251,
        11.5405349051,
        11.8659945321,
        10.9926044371,
        11.3350275081,
        11.5610229031
      ],
      "exit_codes": [
        0,
        0,
        0,
        0,
        0,
        0,
        0,
        0,
        0,
        0
      ]
    },
    {
      "command": "berry",
      "mean": 4.3395260271,
      "stddev": 0.08875414551764152,
      "median": 4.3236492676000005,
      "user": 5.515433099999999,
      "system": 1.7997788799999999,
      "min": 4.2120926731,
      "max": 4.4901825651000005,
      "times": [
        4.3935631951000005,
        4.2961911361,
        4.3608314601,
        4.2981756811,
        4.3459708761,
        4.2120926731,
        4.4733910071,
        4.2235340181000005,
        4.3013276591,
        4.4901825651000005
      ],
      "exit_codes": [
        0,
        0,
        0,
        0,
        0,
        0,
        0,
        0,
        0,
        0
      ]
    },
    {
      "command": "pnpm",
      "mean": 3.6341470103,
      "stddev": 0.053942447434534746,
      "median": 3.6478740016,
      "user": 4.3866605,
      "system": 1.4146501800000002,
      "min": 3.5334141950999998,
      "max": 3.7243459901,
      "times": [
        3.7243459901,
        3.6662980721,
        3.5334141950999998,
        3.6045273980999997,
        3.5768851171,
        3.6868526851,
        3.6490848580999997,
        3.5923746470999998,
        3.6610239951,
        3.6466631451
      ],
      "exit_codes": [
        0,
        0,
        0,
        0,
        0,
        0,
        0,
        0,
        0,
        0
      ]
    },
    {
      "command": "vlt",
      "mean": 2.1146033896,
      "stddev": 0.013820443233925296,
      "median": 2.1134458661,
      "user": 2.4797228000000002,
      "system": 1.7350990800000001,
      "min": 2.0876009471,
      "max": 2.1414043920999997,
      "times": [
        2.1182736541,
        2.1414043920999997,
        2.1320527901,
        2.1088883161,
        2.1129131110999997,
        2.1136818681,
        2.1135407151,
        2.0876009471,
        2.1133510171,
        2.1043270851
      ],
      "exit_codes": [
        0,
        0,
        0,
        0,
        0,
        0,
        0,
        0,
        0,
        0
      ]
    },
    {
      "command": "bun",
      "mean": 0.30417316980000003,
      "stddev": 0.004402724397059236,
      "median": 0.3033170946,
      "user": 0.1407151,
      "system": 0.27079048,
      "min": 0.2960211641,
      "max": 0.3112070491,
      "times": [
        0.3026460141,
        0.30406375210000003,
        0.2960211641,
        0.3010890941,
        0.3027509311,
        0.3015334761,
        0.3038832581,
        0.3112070491,
        0.3076787771,
        0.3108581821
      ],
      "exit_codes": [
        0,
        0,
        0,
        0,
        0,
        0,
        0,
        0,
        0,
        0
      ]
    },
    {
      "command": "deno",
      "mean": 1.1306163741,
      "stddev": 0.027124450934961387,
      "median": 1.1213265281,
      "user": 1.1403926,
      "system": 0.69640328,
      "min": 1.1040892681,
      "max": 1.2046785621,
      "times": [
        1.2046785621,
        1.1178350161000001,
        1.1213854531,
        1.1119221211,
        1.1475459681,
        1.1259476091,
        1.1177721291,
        1.1212676031000002,
        1.1337200111,
        1.1040892681
      ],
      "exit_codes": [
        0,
        0,
        0,
        0,
        0,
        0,
        0,
        0,
        0,
        0
      ]
    }
  ]
}