{
  "results": [
    {
      "command": "npm",
      "mean": 9.05314782202,
      "stddev": 0.046311791343210514,
      "median": 9.05821953092,
      "user": 11.48956266,
      "system": 2.4157593799999995,
      "min": 8.96507440942,
      "max": 9.12036204442,
      "times": [
        9.12036204442,
        9.05681498342,
        9.111431164419999,
        9.052639834419999,
        9.05962407842,
        9.06149563742,
        9.08924770642,
        8.96507440942,
        8.99842569642,
        9.016362665419999
      ],
      "exit_codes": [
        0,
        0,
        0,
        0,
        0,
        0,
        0,
        0,
        0,
        0
      ]
    },
    {
      "command": "yarn",
      "mean": 8.08776293522,
      "stddev": 0.28720689220104134,
      "median": 8.046116385920001,
      "user": 4.61740736,
      "system": 2.2243351799999997,
      "min": 7.7079462334199995,
      "max": 8.60773701042,
      "times": [
        8.03867803542,
        8.06948802042,
        8.60773701042,
        8.57206645442,
        7.99041718142,
        7.7079462334199995,
        7.73166462442,
        7.92441688842,
        8.05355473642,
        8.18166016742
      ],
      "exit_codes": [
        0,
        0,
        0,
        0,
        0,
        0,
        0,
        0,
        0,
        0
      ]
    },
    {
      "command": "berry",
      "mean": 3.8996635742200008,
      "stddev": 0.03994376315595632,
      "median": 3.89012131342,
      "user": 5.36596396,
      "system": 1.2462470799999998,
      "min": 3.83975495742,
      "max": 3.96965061442,
      "times": [
        3.93813613642,
        3.83975495742,
        3.88566701142,
        3.89457561542,
        3.9565996754199997,
        3.89894456942,
        3.96965061442,
        3.86874847242,
        3.87811512742,
        3.8664435624199998
      ],
      "exit_codes": [
        0,
        0,
        0,
        0,
        0,
        0,
        0,
        0,
        0,
        0
      ]
    },
    {
      "command": "zpm",
      "mean": 2.43485198762,
      "stddev": 0.051361554103075455,
      "median": 2.4257290504199998,
      "user": 1.7172251600000004,
      "system": 1.18402428,
      "min": 2.36002436242,
      "max": 2.56306399742,
      "times": [
        2.36002436242,
        2.4209344484199997,
        2.43052365242,
        2.46338168742,
        2.4313900984199996,
        2.56306399742,
        2.46210564642,
        2.40704461042,
        2.40290318942,
        2.40714818342
      ],
      "exit_codes": [
        0,
        0,
        0,
        0,
        0,
        0,
        0,
        0,
        0,
        0
      ]
    },
    {
      "command": "pnpm",
      "mean": 3.3399340459200006,
      "stddev": 0.033124298718678245,
      "median": 3.32513573842,
      "user": 4.40566516,
      "system": 1.02691648,
      "min": 3.30869200442,
      "max": 3.4024059694199997,
      "times": [
        3.32161712642,
        3.3100357474199997,
        3.30869200442,
        3.4024059694199997,
        3.40214319542,
        3.32379905742,
        3.31855193542,
        3.33653926942,
        3.3490837344199997,
        3.32647241942
      ],
      "exit_codes": [
        0,
        0,
        0,
        0,
        0,
        0,
        0,
        0,
        0,
        0
      ]
    },
    {
      "command": "vlt",
      "mean": 1.67983588042,
      "stddev": 0.010624682681346255,
      "median": 1.6811444904200001,
      "user": 2.0704480599999995,
      "system": 1.01713068,
      "min": 1.65416644642,
      "max": 1.6921435874200002,
      "times": [
        1.6921435874200002,
        1.68719149342,
        1.6707914094200003,
        1.65416644642,
        1.67626777742,
        1.6780234094200002,
        1.69022330142,
        1.6872623984200001,
        1.68100518142,
        1.6812837994200003
      ],
      "exit_codes": [
        0,
        0,
        0,
        0,
        0,
        0,
        0,
        0,
        0,
        0
      ]
    },
    {
      "command": "bun",
      "mean": 0.20117664452,
      "stddev": 0.003913839404928548,
      "median": 0.20000361542,
      "user": 0.13880226,
      "system": 0.16338348,
      "min": 0.19361432142,
      "max": 0.20670840142,
      "times": [
        0.19830539542,
        0.19935136642,
        0.19361432142,
        0.19897543842,
        0.19988340642,
        0.20012382442,
        0.20670840142,
        0.20644721442,
        0.20461942842,
        0.20373764842
      ],
      "exit_codes": [
        0,
        0,
        0,
        0,
        0,
        0,
        0,
        0,
        0,
        0
      ]
    },
    {
      "command": "deno",
      "mean": 0.9756045973199999,
      "stddev": 0.015449580498644646,
      "median": 0.96922874142,
      "user": 1.10094176,
      "system": 0.4702004799999999,
      "min": 0.95304685842,
      "max": 0.99581450742,
      "times": [
        0.99029614942,
        0.99349582542,
        0.99502256042,
        0.99581450742,
        0.96136519042,
        0.96893141242,
        0.96148181842,
        0.96952607042,
        0.95304685842,
        0.96706558042
      ],
      "exit_codes": [
        0,
        0,
        0,
        0,
        0,
        0,
        0,
        0,
        0,
        0
      ]
    }
  ]
}