{
  "results": [
    {
      "command": "npm",
      "mean": 9.01306863416,
      "stddev": 0.04130585565890218,
      "median": 9.017321643559999,
      "user": 11.30279022,
      "system": 3.2810767199999993,
      "min": 8.92573311906,
      "max": 9.05703932106,
      "times": [
        8.999842535059999,
        9.02109856006,
        9.01354472706,
        9.05636890806,
        9.04837787106,
        8.99464421806,
        9.05018603606,
        9.05703932106,
        8.96385104606,
        8.92573311906
      ],
      "exit_codes": [
        0,
        0,
        0,
        0,
        0,
        0,
        0,
        0,
        0,
        0
      ]
    },
    {
      "command": "yarn",
      "mean": 9.12785580496,
      "stddev": 0.41154241680283193,
      "median": 9.09470640856,
      "user": 4.855763120000001,
      "system": 3.3579709199999996,
      "min": 8.405603082059999,
      "max": 9.90101959806,
      "times": [
        8.96429757006,
        9.23630124406,
        8.75609583006,
        9.410495360059999,
        8.92091407906,
        9.57917824406,
        8.87953779506,
        9.22511524706,
        9.90101959806,
        8.405603082059999
      ],
      "exit_codes": [
        0,
        0,
        0,
        0,
        0,
        0,
        0,
        0,
        0,
        0
      ]
    },
    {
      "command": "berry",
      "mean": 4.186575958659999,
      "stddev": 0.11111357783266172,
      "median": 4.152844186059999,
      "user": 5.46443952,
      "system": 1.75145032,
      "min": 4.07282770506,
      "max": 4.43031335406,
      "times": [
        4.080223152059999,
        4.285708974059999,
        4.43031335406,
        4.29766381206,
        4.16057961606,
        4.114180676059999,
        4.192409716059999,
        4.07282770506,
        4.14510875606,
        4.086743825059999
      ],
      "exit_codes": [
        0,
        0,
        0,
        0,
        0,
        0,
        0,
        0,
        0,
        0
      ]
    },
    {
      "command": "pnpm",
      "mean": 3.3765810881600005,
      "stddev": 0.10442858554750217,
      "median": 3.3372944455600004,
      "user": 4.39860562,
      "system": 1.37287852,
      "min": 3.27751559406,
      "max": 3.62896728106,
      "times": [
        3.3436442360600003,
        3.27751559406,
        3.4052498950600003,
        3.30289740006,
        3.28676509106,
        3.33094465506,
        3.32705352406,
        3.3621239000600003,
        3.62896728106,
        3.50064930506
      ],
      "exit_codes": [
        0,
        0,
        0,
        0,
        0,
        0,
        0,
        0,
        0,
        0
      ]
    },
    {
      "command": "vlt",
      "mean": 2.0385238985600003,
      "stddev": 0.021489166785585455,
      "median": 2.0382209715600004,
      "user": 2.42252172,
      "system": 1.66909392,
      "min": 1.9901613140600003,
      "max": 2.06642662806,
      "times": [
        1.9901613140600003,
        2.04960721506,
        2.06642662806,
        2.02836047006,
        2.0423246390600003,
        2.03370134806,
        2.03411730406,
        2.02197154006,
        2.05291562806,
        2.0656528990600003
      ],
      "exit_codes": [
        0,
        0,
        0,
        0,
        0,
        0,
        0,
        0,
        0,
        0
      ]
    },
    {
      "command": "bun",
      "mean": 0.29987896915999995,
      "stddev": 0.002393128353811148,
      "median": 0.30019892906,
      "user": 0.13858252000000001,
      "system": 0.26658462,
      "min": 0.29369617906,
      "max": 0.30375124806,
      "times": [
        0.30117767506,
        0.29966352006,
        0.30043874406,
        0.30375124806,
        0.29897367805999997,
        0.30086563305999997,
        0.30023125906,
        0.30016659906,
        0.29369617906,
        0.29982515606
      ],
      "exit_codes": [
        0,
        0,
        0,
        0,
        0,
        0,
        0,
        0,
        0,
        0
      ]
    },
    {
      "command": "deno",
      "mean": 1.12496373286,
      "stddev": 0.034131380956266354,
      "median": 1.1187313055600001,
      "user": 1.13283932,
      "system": 0.70005812,
      "min": 1.0923360510600002,
      "max": 1.2234410580600001,
      "times": [
        1.10768271706,
        1.1167440640600002,
        1.10495390206,
        1.12075039106,
        1.12065152606,
        1.1168110850600002,
        1.0923360510600002,
        1.12548469406,
        1.12078184006,
        1.2234410580600001
      ],
      "exit_codes": [
        0,
        0,
        0,
        0,
        0,
        0,
        0,
        0,
        0,
        0
      ]
    }
  ]
}