{
  "results": [
    {
      "command": "npm",
      "mean": 9.061897737479999,
      "stddev": 0.18806250613401476,
      "median": 8.985285173180001,
      "user": 11.33550518,
      "system": 3.26229578,
      "min": 8.908446321680001,
      "max": 9.578254771680001,
      "times": [
        8.993972576680001,
        8.975885033680001,
        9.578254771680001,
        9.15738539668,
        8.976597769680001,
        9.09353604168,
        8.931961435680002,
        9.071858863680001,
        8.931079163680002,
        8.908446321680001
      ],
      "exit_codes": [
        0,
        0,
        0,
        0,
        0,
        0,
        0,
        0,
        0,
        0
      ]
    },
    {
      "command": "yarn",
      "mean": 7.390393551579999,
      "stddev": 0.4215523936028722,
      "median": 7.23876639468,
      "user": 4.741471880000001,
      "system": 3.2477791799999993,
      "min": 6.83878791268,
      "max": 8.45442639268,
      "times": [
        7.21774350568,
        8.45442639268,
        7.25978928368,
        7.1238843546799995,
        7.45918475168,
        6.83878791268,
        7.19479819668,
        7.7357164986799996,
        7.46392769068,
        7.15567692868
      ],
      "exit_codes": [
        0,
        0,
        0,
        0,
        0,
        0,
        0,
        0,
        0,
        0
      ]
    },
    {
      "command": "berry",
      "mean": 3.9989984516799995,
      "stddev": 0.041052124081492725,
      "median": 4.00182297868,
      "user": 5.314325479999999,
      "system": 1.7087020800000001,
      "min": 3.9292459526799997,
      "max": 4.078133827679999,
      "times": [
        4.0340946526799994,
        4.0200037136799995,
        3.9292459526799997,
        4.01256042968,
        3.99108552768,
        3.99088635768,
        3.95412283368,
        4.0178646876799995,
        3.9619865336799998,
        4.078133827679999
      ],
      "exit_codes": [
        0,
        0,
        0,
        0,
        0,
        0,
        0,
        0,
        0,
        0
      ]
    },
    {
      "command": "pnpm",
      "mean": 3.1868829971799997,
      "stddev": 0.020486834985584196,
      "median": 3.18743289618,
      "user": 4.23804048,
      "system": 1.3450846799999998,
      "min": 3.15101261868,
      "max": 3.21830011968,
      "times": [
        3.19137684368,
        3.18348894868,
        3.19659466968,
        3.17446390768,
        3.20367211468,
        3.2092287906799997,
        3.1577967766799997,
        3.15101261868,
        3.21830011968,
        3.1828951816799997
      ],
      "exit_codes": [
        0,
        0,
        0,
        0,
        0,
        0,
        0,
        0,
        0,
        0
      ]
    },
    {
      "command": "vlt",
      "mean": 2.02710987878,
      "stddev": 0.022090485554428014,
      "median": 2.02399621118,
      "user": 2.37497678,
      "system": 1.63522368,
      "min": 1.99369700068,
      "max": 2.07753305868,
      "times": [
        1.99369700068,
        2.01034100068,
        2.00949702968,
        2.02583657468,
        2.01880570968,
        2.0221558476799997,
        2.0483619916799998,
        2.0360460416799997,
        2.07753305868,
        2.02882453268
      ],
      "exit_codes": [
        0,
        0,
        0,
        0,
        0,
        0,
        0,
        0,
        0,
        0
      ]
    },
    {
      "command": "bun",
      "mean": 0.33574528568,
      "stddev": 0.009003691168535607,
      "median": 0.33143953968000006,
      "user": 0.14607418,
      "system": 0.28824978,
      "min": 0.33044784268000005,
      "max": 0.36169430768000005,
      "times": [
        0.33044784268000005,
        0.33096966368,
        0.33159604268000004,
        0.36169430768000005,
        0.33092167768,
        0.33119888968000005,
        0.33555849668000004,
        0.33128303668000003,
        0.33572605968,
        0.33805683968000005
      ],
      "exit_codes": [
        0,
        0,
        0,
        0,
        0,
        0,
        0,
        0,
        0,
        0
      ]
    },
    {
      "command": "deno",
      "mean": 1.10912978588,
      "stddev": 0.014692137604912111,
      "median": 1.10472524968,
      "user": 1.1332447799999998,
      "system": 0.6814130800000001,
      "min": 1.0940095066800002,
      "max": 1.13912677468,
      "times": [
        1.1080541236800001,
        1.09490033868,
        1.10139637568,
        1.12530740168,
        1.09726036368,
        1.11954798768,
        1.09503031268,
        1.13912677468,
        1.0940095066800002,
        1.11666467368
      ],
      "exit_codes": [
        0,
        0,
        0,
        0,
        0,
        0,
        0,
        0,
        0,
        0
      ]
    }
  ]
}