{
  "results": [
    {
      "command": "npm",
      "mean": 9.20558793274,
      "stddev": 0.0604682485058176,
      "median": 9.20127292974,
      "user": 11.41026224,
      "system": 3.3724319199999995,
      "min": 9.12646954324,
      "max": 9.328255587240001,
      "times": [
        9.163028781240001,
        9.180725329240001,
        9.228757894240001,
        9.22182053024,
        9.13891355324,
        9.12646954324,
        9.158104856240001,
        9.23967916224,
        9.328255587240001,
        9.270124090240001
      ],
      "exit_codes": [
        0,
        0,
        0,
        0,
        0,
        0,
        0,
        0,
        0,
        0
      ]
    },
    {
      "command": "yarn",
      "mean": 11.22866045874,
      "stddev": 1.6216049146544653,
      "median": 10.85025681074,
      "user": 5.022648139999999,
      "system": 3.4983914199999995,
      "min": 10.111830304240002,
      "max": 15.985007085240001,
      "times": [
        11.00787501724,
        10.602755009240001,
        10.211357488240001,
        10.86232480624,
        11.16911378124,
        10.111830304240002,
        15.985007085240001,
        10.43264681824,
        11.06550546224,
        10.83818881524
      ],
      "exit_codes": [
        0,
        0,
        0,
        0,
        0,
        0,
        0,
        0,
        0,
        0
      ]
    },
    {
      "command": "berry",
      "mean": 4.35775350054,
      "stddev": 0.27787660230222266,
      "median": 4.27470130624,
      "user": 5.494768039999999,
      "system": 1.7988667200000001,
      "min": 4.1310439382399995,
      "max": 5.1592315942399996,
      "times": [
        5.1592315942399996,
        4.1310439382399995,
        4.22673170824,
        4.40928281324,
        4.321469878239999,
        4.21189908824,
        4.29230988624,
        4.35756065124,
        4.25709272624,
        4.21091272124
      ],
      "exit_codes": [
        0,
        0,
        0,
        0,
        0,
        0,
        0,
        0,
        0,
        0
      ]
    },
    {
      "command": "pnpm",
      "mean": 3.8414710879400005,
      "stddev": 0.10502369787910244,
      "median": 3.8330674577400003,
      "user": 4.79726594,
      "system": 1.44184592,
      "min": 3.7100277312400003,
      "max": 4.02236486024,
      "times": [
        3.7409563342400003,
        3.87290510624,
        3.9304418192400004,
        3.7100277312400003,
        3.7809050382400002,
        3.79892584924,
        3.97800112724,
        3.7129739472400005,
        3.8672090662400005,
        4.02236486024
      ],
      "exit_codes": [
        0,
        0,
        0,
        0,
        0,
        0,
        0,
        0,
        0,
        0
      ]
    },
    {
      "command": "vlt",
      "mean": 1.9972439567400002,
      "stddev": 0.035099471216340224,
      "median": 1.98749378174,
      "user": 2.1380075399999994,
      "system": 1.64877632,
      "min": 1.95613167924,
      "max": 2.0775523112400003,
      "times": [
        2.0343583032400003,
        2.00919115724,
        2.00847308224,
        1.98799991224,
        1.97961917324,
        2.0775523112400003,
        1.95613167924,
        1.95942947224,
        1.98698765124,
        1.9726968252400001
      ],
      "exit_codes": [
        0,
        0,
        0,
        0,
        0,
        0,
        0,
        0,
        0,
        0
      ]
    },
    {
      "command": "bun",
      "mean": 0.31151343053999997,
      "stddev": 0.0023481384091606746,
      "median": 0.31145080974,
      "user": 0.17999824,
      "system": 0.29344882,
      "min": 0.30811002324000003,
      "max": 0.31546582824,
      "times": [
        0.31027222424,
        0.31299127924000003,
        0.30811002324000003,
        0.30860031424,
        0.31111511224,
        0.31297453524,
        0.31446273324,
        0.30935574824,
        0.31178650724,
        0.31546582824
      ],
      "exit_codes": [
        0,
        0,
        0,
        0,
        0,
        0,
        0,
        0,
        0,
        0
      ]
    },
    {
      "command": "deno",
      "mean": 1.1395054740399997,
      "stddev": 0.035777679722027535,
      "median": 1.12965304124,
      "user": 1.13734164,
      "system": 0.7074570199999999,
      "min": 1.10162472624,
      "max": 1.22776065924,
      "times": [
        1.10230554824,
        1.11630719024,
        1.14257382324,
        1.10162472624,
        1.12068436224,
        1.12961665424,
        1.12968942824,
        1.16783315124,
        1.15665919724,
        1.22776065924
      ],
      "exit_codes": [
        0,
        0,
        0,
        0,
        0,
        0,
        0,
        0,
        0,
        0
      ]
    }
  ]
}