{
  "results": [
    {
      "command": "npm",
      "mean": 8.585619230519999,
      "stddev": 0.039176888275788004,
      "median": 8.58812654222,
      "user": 10.91144164,
      "system": 2.8685162199999996,
      "min": 8.49378735672,
      "max": 8.65134193472,
      "times": [
        8.573734780719999,
        8.65134193472,
        8.49378735672,
        8.57922302372,
        8.59442160672,
        8.586837400719999,
        8.60667702772,
        8.62063802172,
        8.58941568372,
        8.56011546872
      ],
      "exit_codes": [
        0,
        0,
        0,
        0,
        0,
        0,
        0,
        0,
        0,
        0
      ]
    },
    {
      "command": "yarn",
      "mean": 11.04048643702,
      "stddev": 0.7897333369452637,
      "median": 10.848041349219999,
      "user": 4.82126444,
      "system": 3.3929963199999995,
      "min": 10.09293816572,
      "max": 12.67500743072,
      "times": [
        12.10444486772,
        10.50991506072,
        11.464384729719999,
        10.78776002672,
        10.908322671719999,
        10.674190358719999,
        11.07341804072,
        10.11448301772,
        10.09293816572,
        12.67500743072
      ],
      "exit_codes": [
        0,
        0,
        0,
        0,
        0,
        0,
        0,
        0,
        0,
        0
      ]
    },
    {
      "command": "berry",
      "mean": 4.14125401922,
      "stddev": 0.07412011721054435,
      "median": 4.13746201022,
      "user": 5.21929604,
      "system": 1.74636522,
      "min": 4.03564007972,
      "max": 4.322559844720001,
      "times": [
        4.11831853672,
        4.322559844720001,
        4.179502531720001,
        4.03564007972,
        4.088219754720001,
        4.15813977172,
        4.13457283272,
        4.14035118772,
        4.069335988720001,
        4.16589966372
      ],
      "exit_codes": [
        0,
        0,
        0,
        0,
        0,
        0,
        0,
        0,
        0,
        0
      ]
    },
    {
      "command": "pnpm",
      "mean": 3.8133614380199994,
      "stddev": 0.08904815183449427,
      "median": 3.80293225472,
      "user": 4.68733314,
      "system": 1.40360322,
      "min": 3.6964762957199997,
      "max": 3.99905494172,
      "times": [
        3.85988400172,
        3.75833892372,
        3.6964762957199997,
        3.9207146107199997,
        3.99905494172,
        3.71988638572,
        3.82985804872,
        3.81582084272,
        3.79004366672,
        3.74353666272
      ],
      "exit_codes": [
        0,
        0,
        0,
        0,
        0,
        0,
        0,
        0,
        0,
        0
      ]
    },
    {
      "command": "vlt",
      "mean": 4.263934246820001,
      "stddev": 0.019512973919616303,
      "median": 4.260710082220001,
      "user": 5.051556639999999,
      "system": 2.0474098199999995,
      "min": 4.22440291172,
      "max": 4.296561419720001,
      "times": [
        4.2606898197200005,
        4.2809744507200005,
        4.28640011172,
        4.260730344720001,
        4.2580828117200005,
        4.2684348967200005,
        4.250450417720001,
        4.22440291172,
        4.25261528372,
        4.296561419720001
      ],
      "exit_codes": [
        0,
        0,
        0,
        0,
        0,
        0,
        0,
        0,
        0,
        0
      ]
    },
    {
      "command": "bun",
      "mean": 0.31482466452,
      "stddev": 0.0028991409653280954,
      "median": 0.31440842422000004,
      "user": 0.18375713999999999,
      "system": 0.29403322000000004,
      "min": 0.31078918072000006,
      "max": 0.32007562072,
      "times": [
        0.31282413572,
        0.31250988872,
        0.31078918072000006,
        0.31249394272000003,
        0.31235871972,
        0.31599271272,
        0.32007562072,
        0.31842736372,
        0.31659981772,
        0.31617526272
      ],
      "exit_codes": [
        0,
        0,
        0,
        0,
        0,
        0,
        0,
        0,
        0,
        0
      ]
    },
    {
      "command": "deno",
      "mean": 1.00558353722,
      "stddev": 0.015412798616932481,
      "median": 1.0056223767199999,
      "user": 0.92325244,
      "system": 0.70020652,
      "min": 0.9805191407200001,
      "max": 1.03393778772,
      "times": [
        0.9805191407200001,
        1.03393778772,
        0.9863750387200001,
        1.0098682557199998,
        1.00659709072,
        0.9947696527200001,
        1.0046476627199998,
        1.02443399572,
        1.00119301572,
        1.01349373172
      ],
      "exit_codes": [
        0,
        0,
        0,
        0,
        0,
        0,
        0,
        0,
        0,
        0
      ]
    }
  ]
}