{
  "results": [
    {
      "command": "npm",
      "mean": 100.92164638343999,
      "stddev": 6.536766876241453,
      "median": 98.39887786524,
      "user": 55.80436316,
      "system": 17.025966259999997,
      "min": 95.19959300324,
      "max": 112.81097142724,
      "times": [
        95.19959300324,
        102.74240857024,
        95.45638105124,
        112.81097142724,
        98.39887786524
      ],
      "exit_codes": [
        0,
        0,
        0,
        0,
        0
      ]
    },
    {
      "command": "vlt",
      "mean": 0,
      "stddev": 0,
      "median": 0,
      "user": 0,
      "system": 0,
      "min": 0,
      "max": 0,
      "times": [
        0
      ],
      "exit_codes": [
        1
      ]
    },
    {
      "command": "aws",
      "mean": 256.12585899004,
      "stddev": 4.125903510726758,
      "median": 257.20302405324003,
      "user": 64.95196116,
      "system": 18.839735859999998,
      "min": 248.14349010524,
      "max": 259.29249689224,
      "times": [
        248.14349010524,
        259.29249689224,
        259.26417074024,
        257.20302405324003,
        256.72611315924
      ],
      "exit_codes": [
        0,
        0,
        0,
        0,
        0
      ]
    },
    {
      "command": "cloudsmith",
      "mean": 223.17982887704002,
      "stddev": 12.875497506084614,
      "median": 231.39410169324,
      "user": 68.79324535999999,
      "system": 20.40260986,
      "min": 206.19057509124,
      "max": 235.73626203324,
      "times": [
        233.69816105024,
        208.88004451724,
        231.39410169324,
        206.19057509124,
        235.73626203324
      ],
      "exit_codes": [
        0,
        0,
        0,
        0,
        0
      ]
    }
  ]
}