{
  "results": [
    {
      "command": "npm",
      "mean": 0.9691001465800001,
      "stddev": 0.013556747409389884,
      "median": 0.9680886601800001,
      "user": 1.07698846,
      "system": 0.20605495999999998,
      "min": 0.95231995068,
      "max": 0.99902232268,
      "times": [
        0.97156002868,
        0.95231995068,
        0.96112517068,
        0.98624070968,
        0.96637941468,
        0.95604215368,
        0.96979790568,
        0.97026430968,
        0.99902232268,
        0.9582494996800001
      ],
      "exit_codes": [
        0,
        0,
        0,
        0,
        0,
        0,
        0,
        0,
        0,
        0
      ]
    },
    {
      "command": "yarn",
      "mean": 6.38484174478,
      "stddev": 0.24623090638630493,
      "median": 6.31983829618,
      "user": 3.828770359999999,
      "system": 1.4292606599999997,
      "min": 6.07527944168,
      "max": 6.7758735666800005,
      "times": [
        6.2102219316800005,
        6.07527944168,
        6.42842716368,
        6.7142426976800005,
        6.7758735666800005,
        6.10480865668,
        6.535818695680001,
        6.60247361868,
        6.21124942868,
        6.19002224668
      ],
      "exit_codes": [
        0,
        0,
        0,
        0,
        0,
        0,
        0,
        0,
        0,
        0
      ]
    },
    {
      "command": "berry",
      "mean": 2.5278230599800002,
      "stddev": 1.369445251007601,
      "median": 2.0755812881800004,
      "user": 2.49028796,
      "system": 0.4010321599999999,
      "min": 2.0376703486800003,
      "max": 6.63583801468,
      "times": [
        2.0916227386800004,
        2.07417010268,
        2.09481319068,
        2.0769924736800003,
        2.06237451968,
        6.63583801468,
        2.05331196368,
        2.06250973668,
        2.0376703486800003,
        2.08892751068
      ],
      "exit_codes": [
        0,
        0,
        0,
        0,
        0,
        0,
        0,
        0,
        0,
        0
      ]
    },
    {
      "command": "pnpm",
      "mean": 1.14286475668,
      "stddev": 0.014796706112214066,
      "median": 1.13872078268,
      "user": 1.6607852600000002,
      "system": 0.29515795999999994,
      "min": 1.12612168768,
      "max": 1.17331660168,
      "times": [
        1.12612168768,
        1.1317558536799999,
        1.13226592268,
        1.14301010568,
        1.12901690868,
        1.15210218868,
        1.13443145968,
        1.14384100868,
        1.17331660168,
        1.16278582968
      ],
      "exit_codes": [
        0,
        0,
        0,
        0,
        0,
        0,
        0,
        0,
        0,
        0
      ]
    },
    {
      "command": "vlt",
      "mean": 0.34954070538000004,
      "stddev": 0.0052035185880423855,
      "median": 0.34693950118000005,
      "user": 0.37330086,
      "system": 0.07633925999999999,
      "min": 0.34568999968,
      "max": 0.36095518468000004,
      "times": [
        0.34828170368000005,
        0.34568999968,
        0.34728522168000003,
        0.34659378068,
        0.34650517268000003,
        0.35832973568000004,
        0.34957618968000004,
        0.34629879168000005,
        0.36095518468000004,
        0.34589127368000006
      ],
      "exit_codes": [
        0,
        0,
        0,
        0,
        0,
        0,
        0,
        0,
        0,
        0
      ]
    },
    {
      "command": "bun",
      "mean": 0.042432674680000004,
      "stddev": 0.00498073955159916,
      "median": 0.04088154368,
      "user": 0.010027959999999999,
      "system": 0.03678226,
      "min": 0.03956742268,
      "max": 0.05730612368,
      "times": [
        0.04089866868,
        0.04052530068,
        0.03956742268,
        0.040824440680000004,
        0.04086441868,
        0.04099286868,
        0.04120647268,
        0.05730612368,
        0.04147291268,
        0.040668117680000004
      ],
      "exit_codes": [
        0,
        0,
        0,
        0,
        0,
        0,
        0,
        0,
        0,
        0
      ]
    },
    {
      "command": "deno",
      "mean": 0.80816732818,
      "stddev": 0.016465076791276224,
      "median": 0.80736664668,
      "user": 0.99000106,
      "system": 0.28284385999999995,
      "min": 0.77938367168,
      "max": 0.84051504868,
      "times": [
        0.80652158768,
        0.79714305968,
        0.78987551368,
        0.80821170568,
        0.80622495568,
        0.77938367168,
        0.8155695496800001,
        0.82540095168,
        0.84051504868,
        0.81282723768
      ],
      "exit_codes": [
        0,
        0,
        0,
        0,
        0,
        0,
        0,
        0,
        0,
        0
      ]
    }
  ]
}