{
  "results": [
    {
      "command": "npm",
      "mean": 0.55207310902,
      "stddev": 0.006890572050276352,
      "median": 0.55024725102,
      "user": 0.62899578,
      "system": 0.10098720000000001,
      "min": 0.54485917952,
      "max": 0.56582884952,
      "times": [
        0.54485917952,
        0.55037845452,
        0.5513962595199999,
        0.56582884952,
        0.54491851552,
        0.55624198752,
        0.54661969052,
        0.54781413952,
        0.55011604752,
        0.56255796652
      ],
      "exit_codes": [
        0,
        0,
        0,
        0,
        0,
        0,
        0,
        0,
        0,
        0
      ]
    },
    {
      "command": "yarn",
      "mean": 0.31526914412000007,
      "stddev": 0.007820487211532083,
      "median": 0.31681833552000005,
      "user": 0.34471588,
      "system": 0.0653136,
      "min": 0.30171424152000004,
      "max": 0.32922243352,
      "times": [
        0.32922243352,
        0.32159003252,
        0.31757328752,
        0.31900776652,
        0.31606338352,
        0.30552148252,
        0.31404205952,
        0.32003828252000005,
        0.30171424152000004,
        0.30791847152
      ],
      "exit_codes": [
        0,
        0,
        0,
        0,
        0,
        0,
        0,
        0,
        0,
        0
      ]
    },
    {
      "command": "berry",
      "mean": 2.6958450767200004,
      "stddev": 0.03530866852800444,
      "median": 2.68778691952,
      "user": 5.59841988,
      "system": 1.3693787999999998,
      "min": 2.64960811152,
      "max": 2.78444138052,
      "times": [
        2.72334843252,
        2.70571536752,
        2.78444138052,
        2.64960811152,
        2.6890298605200003,
        2.67292090152,
        2.6768111715200003,
        2.67140164752,
        2.68654397852,
        2.69862991552
      ],
      "exit_codes": [
        0,
        0,
        0,
        0,
        0,
        0,
        0,
        0,
        0,
        0
      ]
    },
    {
      "command": "zpm",
      "mean": 0.7188355598199999,
      "stddev": 0.07688599308604344,
      "median": 0.6865308060199999,
      "user": 0.7557245800000001,
      "system": 0.42829729999999994,
      "min": 0.66702431052,
      "max": 0.93812558452,
      "times": [
        0.67445305752,
        0.73977422552,
        0.67902192752,
        0.68678180052,
        0.68209767552,
        0.66702431052,
        0.69609652252,
        0.73870068252,
        0.93812558452,
        0.68627981152
      ],
      "exit_codes": [
        0,
        0,
        0,
        0,
        0,
        0,
        0,
        0,
        0,
        0
      ]
    },
    {
      "command": "pnpm",
      "mean": 0.6600569389200001,
      "stddev": 0.01232183041559011,
      "median": 0.65957709502,
      "user": 0.8453885800000001,
      "system": 0.15506519999999996,
      "min": 0.64082266052,
      "max": 0.67451650852,
      "times": [
        0.65459788852,
        0.67247903352,
        0.64082266052,
        0.64690984752,
        0.6740070285199999,
        0.67451650852,
        0.67228362652,
        0.65542828252,
        0.64579860552,
        0.66372590752
      ],
      "exit_codes": [
        0,
        0,
        0,
        0,
        0,
        0,
        0,
        0,
        0,
        0
      ]
    },
    {
      "command": "vlt",
      "mean": 0.52868827822,
      "stddev": 0.010043022906329543,
      "median": 0.53080525302,
      "user": 0.57642598,
      "system": 0.134785,
      "min": 0.51431447252,
      "max": 0.54784416352,
      "times": [
        0.53041374952,
        0.51547791152,
        0.52567208952,
        0.5177224915199999,
        0.51431447252,
        0.53644763952,
        0.53583006152,
        0.54784416352,
        0.53119675652,
        0.5319634465199999
      ],
      "exit_codes": [
        0,
        0,
        0,
        0,
        0,
        0,
        0,
        0,
        0,
        0
      ]
    },
    {
      "command": "bun",
      "mean": 0.011639044519999999,
      "stddev": 0.00033503003490194727,
      "median": 0.011561175520000001,
      "user": 0.00847928,
      "system": 0.008827100000000001,
      "min": 0.01120512552,
      "max": 0.01226846252,
      "times": [
        0.01143227952,
        0.011391713520000001,
        0.01160235652,
        0.01120512552,
        0.01226846252,
        0.01151999452,
        0.01180657852,
        0.01219273752,
        0.01162128252,
        0.01134991452
      ],
      "exit_codes": [
        0,
        0,
        0,
        0,
        0,
        0,
        0,
        0,
        0,
        0
      ]
    },
    {
      "command": "deno",
      "mean": 0.019183616320000003,
      "stddev": 0.0008441104756884373,
      "median": 0.01921837102,
      "user": 0.01103898,
      "system": 0.0114472,
      "min": 0.01803162752,
      "max": 0.02079890852,
      "times": [
        0.01803162752,
        0.02079890852,
        0.01924293752,
        0.01858927752,
        0.02017953352,
        0.01930267852,
        0.01980761052,
        0.01919380452,
        0.01846696952,
        0.01822281552
      ],
      "exit_codes": [
        0,
        0,
        0,
        0,
        0,
        0,
        0,
        0,
        0,
        0
      ]
    }
  ]
}