{
  "results": [
    {
      "command": "npm",
      "mean": 39.3802896324,
      "stddev": 1.0806066098509017,
      "median": 39.4883364013,
      "user": 27.47853998,
      "system": 9.648645579999998,
      "min": 37.5579840993,
      "max": 40.793184055299996,
      "times": [
        40.449903136299994,
        39.4396283783,
        38.5821783543,
        39.3072673183,
        37.643071265299994,
        40.363836963299995,
        39.5370444243,
        37.5579840993,
        40.793184055299996,
        40.1287983293
      ],
      "exit_codes": [
        0,
        0,
        0,
        0,
        0,
        0,
        0,
        0,
        0,
        0
      ]
    },
    {
      "command": "vlt",
      "mean": 116.9587550254,
      "stddev": 43.88413319372263,
      "median": 97.39672862180001,
      "user": 28.882440680000002,
      "system": 10.073574080000002,
      "min": 72.5548634273,
      "max": 216.5758372313,
      "times": [
        216.5758372313,
        167.0966167573,
        133.3839076683,
        134.7914030373,
        99.2854504223,
        95.5080068213,
        86.3752017723,
        74.5790513093,
        89.4372118073,
        72.5548634273
      ],
      "exit_codes": [
        0,
        0,
        0,
        0,
        0,
        0,
        0,
        0,
        0,
        0
      ]
    },
    {
      "command": "aws",
      "mean": 134.8733201946,
      "stddev": 1.4174431923201518,
      "median": 135.1793999873,
      "user": 33.593661579999996,
      "system": 10.88634978,
      "min": 132.2724295403,
      "max": 137.15974137630002,
      "times": [
        136.0871956883,
        135.0936669053,
        134.9698086553,
        135.6364033653,
        137.15974137630002,
        135.2651330693,
        134.24196229630002,
        132.6034484743,
        135.4034125753,
        132.2724295403
      ],
      "exit_codes": [
        0,
        0,
        0,
        0,
        0,
        0,
        0,
        0,
        0,
        0
      ]
    }
  ]
}