{
  "results": [
    {
      "command": "npm",
      "mean": 5.2884896350799995,
      "stddev": 0.03753692248476762,
      "median": 5.27725980978,
      "user": 6.12825364,
      "system": 3.1240916999999997,
      "min": 5.24042987878,
      "max": 5.36894645878,
      "times": [
        5.2524300537799995,
        5.36894645878,
        5.29687755078,
        5.25916849278,
        5.27470405078,
        5.30162526478,
        5.27981556878,
        5.33757180778,
        5.27332722378,
        5.24042987878
      ],
      "exit_codes": [
        0,
        0,
        0,
        0,
        0,
        0,
        0,
        0,
        0,
        0
      ]
    },
    {
      "command": "vlt",
      "mean": 0,
      "stddev": 0,
      "median": 0,
      "user": 0,
      "system": 0,
      "min": 0,
      "max": 0,
      "times": [
        0
      ],
      "exit_codes": [
        1
      ]
    },
    {
      "command": "aws",
      "mean": 5.304870921080001,
      "stddev": 0.029563295872999426,
      "median": 5.31126909528,
      "user": 5.90223544,
      "system": 3.0860243,
      "min": 5.25745023278,
      "max": 5.34260134978,
      "times": [
        5.32622422878,
        5.34074502178,
        5.29728965178,
        5.26652373878,
        5.32529469078,
        5.34260134978,
        5.27796519878,
        5.3252485387799995,
        5.28936655878,
        5.25745023278
      ],
      "exit_codes": [
        0,
        0,
        0,
        0,
        0,
        0,
        0,
        0,
        0,
        0
      ]
    }
  ]
}