{
  "results": [
    {
      "command": "npm",
      "mean": 79.08231987743999,
      "stddev": 1.8998431643904916,
      "median": 79.48892138964,
      "user": 71.47852,
      "system": 26.9440696,
      "min": 75.79521188764,
      "max": 81.27648383863999,
      "times": [
        81.27648383863999,
        78.41883131063999,
        79.48892138964,
        80.43215096063999,
        75.79521188764
      ],
      "exit_codes": [
        0,
        0,
        0,
        0,
        0
      ]
    },
    {
      "command": "vlt",
      "mean": 0,
      "stddev": 0,
      "median": 0,
      "user": 0,
      "system": 0,
      "min": 0,
      "max": 0,
      "times": [
        0
      ],
      "exit_codes": [
        1
      ]
    },
    {
      "command": "aws",
      "mean": 229.87017324484,
      "stddev": 2.4097298299746814,
      "median": 229.01538030464002,
      "user": 80.94302719999999,
      "system": 28.446801,
      "min": 227.28401523164,
      "max": 234.34564484764002,
      "times": [
        234.34564484764002,
        230.07753091364,
        229.01538030464002,
        227.28401523164,
        228.62829492664
      ],
      "exit_codes": [
        0,
        0,
        0,
        0,
        0
      ]
    }
  ]
}