{
  "results": [
    {
      "command": "npm",
      "mean": 0.5134732589200002,
      "stddev": 0.004646960577974408,
      "median": 0.51225915732,
      "user": 0.56499966,
      "system": 0.09892,
      "min": 0.5085265148200001,
      "max": 0.52287812182,
      "times": [
        0.52287812182,
        0.5154949218200001,
        0.51170448682,
        0.5095977488200001,
        0.5128138278200001,
        0.5085265148200001,
        0.50898407182,
        0.5133452338200001,
        0.51067787982,
        0.52070978182
      ],
      "exit_codes": [
        0,
        0,
        0,
        0,
        0,
        0,
        0,
        0,
        0,
        0
      ]
    },
    {
      "command": "yarn",
      "mean": 0.30145141591999997,
      "stddev": 0.00538216394316952,
      "median": 0.29968562231999996,
      "user": 0.3254495599999999,
      "system": 0.0625089,
      "min": 0.29601550682,
      "max": 0.31387546182,
      "times": [
        0.30150391882,
        0.29712258182,
        0.31387546182,
        0.30844978882,
        0.30284452582,
        0.29890827682,
        0.29763903682,
        0.30046296782,
        0.29601550682,
        0.29769209382
      ],
      "exit_codes": [
        0,
        0,
        0,
        0,
        0,
        0,
        0,
        0,
        0,
        0
      ]
    },
    {
      "command": "berry",
      "mean": 0.6904260765200001,
      "stddev": 0.007602102856401038,
      "median": 0.6901926608200001,
      "user": 0.81383466,
      "system": 0.1401511,
      "min": 0.6742208678200001,
      "max": 0.7008474468200001,
      "times": [
        0.6962506958200001,
        0.7008474468200001,
        0.6899515458200001,
        0.68693900082,
        0.6742208678200001,
        0.68442819882,
        0.6996548978200001,
        0.6904337758200001,
        0.6863503568200001,
        0.69518397882
      ],
      "exit_codes": [
        0,
        0,
        0,
        0,
        0,
        0,
        0,
        0,
        0,
        0
      ]
    },
    {
      "command": "zpm",
      "mean": 0.27969876172,
      "stddev": 0.002221639382974677,
      "median": 0.28008762882,
      "user": 0.16531866,
      "system": 0.15608449999999996,
      "min": 0.27536643082,
      "max": 0.28205360582,
      "times": [
        0.27941698282,
        0.27536643082,
        0.28179308682,
        0.27638521782,
        0.28125597382,
        0.27881733082,
        0.28194030382,
        0.28075827482,
        0.28205360582,
        0.27920040982
      ],
      "exit_codes": [
        0,
        0,
        0,
        0,
        0,
        0,
        0,
        0,
        0,
        0
      ]
    },
    {
      "command": "pnpm",
      "mean": 0.7046785847200001,
      "stddev": 0.024115061673705345,
      "median": 0.6996886483200001,
      "user": 0.7730721599999999,
      "system": 0.12219899999999999,
      "min": 0.67045703282,
      "max": 0.7619998758200001,
      "times": [
        0.7166293128200001,
        0.6807260958200001,
        0.72458815582,
        0.6934638178200001,
        0.6965918538200001,
        0.7029524058200001,
        0.7619998758200001,
        0.7005940438200001,
        0.67045703282,
        0.6987832528200001
      ],
      "exit_codes": [
        0,
        0,
        0,
        0,
        0,
        0,
        0,
        0,
        0,
        0
      ]
    },
    {
      "command": "vlt",
      "mean": 0.42640695801999995,
      "stddev": 0.003196032697336359,
      "median": 0.42648435432,
      "user": 0.45137615999999997,
      "system": 0.1050046,
      "min": 0.42142464282000003,
      "max": 0.43061435682,
      "times": [
        0.42142464282000003,
        0.42963280082,
        0.42599450882,
        0.42176713082,
        0.43061435682,
        0.42420033182,
        0.42968358282,
        0.42453057882,
        0.42697419982,
        0.42924744682
      ],
      "exit_codes": [
        0,
        0,
        0,
        0,
        0,
        0,
        0,
        0,
        0,
        0
      ]
    },
    {
      "command": "bun",
      "mean": 0.011468376120000002,
      "stddev": 0.0009830471445297067,
      "median": 0.01113301982,
      "user": 0.00892406,
      "system": 0.0083529,
      "min": 0.01094148382,
      "max": 0.014378167820000001,
      "times": [
        0.014378167820000001,
        0.01153259082,
        0.010959338820000001,
        0.011259374820000001,
        0.011095507820000001,
        0.01120763982,
        0.01094148382,
        0.01112927082,
        0.01104361782,
        0.01113676882
      ],
      "exit_codes": [
        0,
        0,
        0,
        0,
        0,
        0,
        0,
        0,
        0,
        0
      ]
    },
    {
      "command": "deno",
      "mean": 0.04262154382,
      "stddev": 0.001595390849436776,
      "median": 0.04222752382,
      "user": 0.025909460000000002,
      "system": 0.0210962,
      "min": 0.04133528982,
      "max": 0.04727400482,
      "times": [
        0.04248328682,
        0.04230435582,
        0.04255911982,
        0.04202687982,
        0.04248636982,
        0.04159987382,
        0.04215069182,
        0.04133528982,
        0.04727400482,
        0.041995565820000004
      ],
      "exit_codes": [
        0,
        0,
        0,
        0,
        0,
        0,
        0,
        0,
        0,
        0
      ]
    }
  ]
}