{
  "results": [
    {
      "command": "npm",
      "mean": 0.5253940882799999,
      "stddev": 0.008594644487611415,
      "median": 0.52334869608,
      "user": 0.5814299,
      "system": 0.10332622,
      "min": 0.5157489615799999,
      "max": 0.54762671358,
      "times": [
        0.5157489615799999,
        0.52675791258,
        0.52303515558,
        0.52070827458,
        0.52366223658,
        0.51965958658,
        0.53284045258,
        0.52008868458,
        0.52381290458,
        0.54762671358
      ],
      "exit_codes": [
        0,
        0,
        0,
        0,
        0,
        0,
        0,
        0,
        0,
        0
      ]
    },
    {
      "command": "yarn",
      "mean": 0.29317677598,
      "stddev": 0.004426019381703561,
      "median": 0.29245258558000004,
      "user": 0.31354619999999994,
      "system": 0.06516051999999999,
      "min": 0.28711605358000003,
      "max": 0.30217778558,
      "times": [
        0.28912576058000006,
        0.28927674958000005,
        0.28711605358000003,
        0.29645094158,
        0.29180782458000004,
        0.29013588458000006,
        0.29309734658000003,
        0.29791710058000004,
        0.29466231258000003,
        0.30217778558
      ],
      "exit_codes": [
        0,
        0,
        0,
        0,
        0,
        0,
        0,
        0,
        0,
        0
      ]
    },
    {
      "command": "berry",
      "mean": 0.80646501538,
      "stddev": 0.03339777217851174,
      "median": 0.79191301908,
      "user": 0.8186509000000001,
      "system": 0.13317121999999998,
      "min": 0.77391319158,
      "max": 0.87208507958,
      "times": [
        0.79022007658,
        0.79360596158,
        0.87208507958,
        0.77766824858,
        0.81912167358,
        0.86526237558,
        0.77391319158,
        0.80199277558,
        0.78687180258,
        0.78390896858
      ],
      "exit_codes": [
        0,
        0,
        0,
        0,
        0,
        0,
        0,
        0,
        0,
        0
      ]
    },
    {
      "command": "pnpm",
      "mean": 0.8091963061799999,
      "stddev": 0.06509739525998243,
      "median": 0.7870602235799999,
      "user": 0.7704044999999999,
      "system": 0.12108941999999998,
      "min": 0.77629456758,
      "max": 1.0024721085800001,
      "times": [
        0.78971499658,
        0.80586832558,
        0.80245201358,
        0.77629456758,
        0.77825142858,
        0.78382182858,
        1.0024721085800001,
        0.77896734558,
        0.78514786758,
        0.78897257958
      ],
      "exit_codes": [
        0,
        0,
        0,
        0,
        0,
        0,
        0,
        0,
        0,
        0
      ]
    },
    {
      "command": "vlt",
      "mean": 0.2766627775800001,
      "stddev": 0.0021247807293715733,
      "median": 0.27737384058000003,
      "user": 0.26772719999999994,
      "system": 0.06219381999999999,
      "min": 0.27278995258000005,
      "max": 0.27876077558,
      "times": [
        0.27471427958000005,
        0.27332768658,
        0.27857695858000003,
        0.27696466358000005,
        0.27811175058000004,
        0.27863402758000005,
        0.27876077558,
        0.27756786558,
        0.27278995258000005,
        0.27717981558000004
      ],
      "exit_codes": [
        0,
        0,
        0,
        0,
        0,
        0,
        0,
        0,
        0,
        0
      ]
    },
    {
      "command": "bun",
      "mean": 0.010366273180000002,
      "stddev": 0.0005844161248639876,
      "median": 0.010032303580000002,
      "user": 0.0083067,
      "system": 0.007683319999999999,
      "min": 0.009898050580000001,
      "max": 0.011476849580000002,
      "times": [
        0.011476849580000002,
        0.010651436580000001,
        0.010057896580000001,
        0.01145279958,
        0.009982617580000002,
        0.009992435580000002,
        0.009898050580000001,
        0.010162501580000002,
        0.00998143358,
        0.010006710580000001
      ],
      "exit_codes": [
        0,
        0,
        0,
        0,
        0,
        0,
        0,
        0,
        0,
        0
      ]
    },
    {
      "command": "deno",
      "mean": 0.23799861758000002,
      "stddev": 0.0024509574869167393,
      "median": 0.23859394307999998,
      "user": 0.1836157,
      "system": 0.05668742,
      "min": 0.23243205758,
      "max": 0.24157990258,
      "times": [
        0.23501511458,
        0.23739071558,
        0.23871406258,
        0.23939128758,
        0.23882198958,
        0.23847382358,
        0.23243205758,
        0.24157990258,
        0.23828382258,
        0.23988339958
      ],
      "exit_codes": [
        0,
        0,
        0,
        0,
        0,
        0,
        0,
        0,
        0,
        0
      ]
    }
  ]
}