{
  "results": [
    {
      "command": "npm",
      "mean": 0.6297465637399999,
      "stddev": 0.004031758068167978,
      "median": 0.62848535714,
      "user": 0.70685768,
      "system": 0.11427191999999997,
      "min": 0.62465685314,
      "max": 0.63681775414,
      "times": [
        0.62786000414,
        0.63681775414,
        0.62703350614,
        0.62625908314,
        0.62911071014,
        0.62465685314,
        0.63493382814,
        0.63082948614,
        0.63416345814,
        0.62580095414
      ],
      "exit_codes": [
        0,
        0,
        0,
        0,
        0,
        0,
        0,
        0,
        0,
        0
      ]
    },
    {
      "command": "yarn",
      "mean": 23.808598693439997,
      "stddev": 0.3261557863445953,
      "median": 23.843019920639996,
      "user": 31.299335379999995,
      "system": 15.294120419999999,
      "min": 23.27189937614,
      "max": 24.33438376014,
      "times": [
        23.899181136139998,
        24.17279070814,
        23.78685870514,
        23.588658522139998,
        23.41647919914,
        23.56237595914,
        24.33438376014,
        24.01995257714,
        24.033406991139998,
        23.27189937614
      ],
      "exit_codes": [
        0,
        0,
        0,
        0,
        0,
        0,
        0,
        0,
        0,
        0
      ]
    },
    {
      "command": "berry",
      "mean": 5.8700624263400005,
      "stddev": 0.18203254211054043,
      "median": 5.8096547991400005,
      "user": 11.157286279999997,
      "system": 3.1298771199999997,
      "min": 5.66987517814,
      "max": 6.2990053151400005,
      "times": [
        5.82842288714,
        5.7020105371400005,
        5.96047397714,
        5.86384326314,
        6.2990053151400005,
        6.06617413814,
        5.79088671114,
        5.66987517814,
        5.75183208414,
        5.7681001721400005
      ],
      "exit_codes": [
        0,
        0,
        0,
        0,
        0,
        0,
        0,
        0,
        0,
        0
      ]
    },
    {
      "command": "pnpm",
      "mean": 4.30882866584,
      "stddev": 0.15399015158880325,
      "median": 4.235507459640001,
      "user": 6.73666398,
      "system": 2.35319152,
      "min": 4.13498736814,
      "max": 4.61818143914,
      "times": [
        4.2937831091400005,
        4.13498736814,
        4.20664903014,
        4.25526194914,
        4.61818143914,
        4.38185621214,
        4.20622352714,
        4.21361481514,
        4.56197623814,
        4.2157529701400005
      ],
      "exit_codes": [
        0,
        0,
        0,
        0,
        0,
        0,
        0,
        0,
        0,
        0
      ]
    },
    {
      "command": "vlt",
      "mean": 0.3091177284400001,
      "stddev": 0.0020437054851455555,
      "median": 0.30910443114,
      "user": 0.3311044799999999,
      "system": 0.07138212,
      "min": 0.30501242014,
      "max": 0.31315882914000004,
      "times": [
        0.30865858014,
        0.30501242014,
        0.30918705614,
        0.30811003614000004,
        0.30902180614,
        0.30968027414000004,
        0.31315882914000004,
        0.30735583814000006,
        0.31024944614000005,
        0.31074299814000006
      ],
      "exit_codes": [
        0,
        0,
        0,
        0,
        0,
        0,
        0,
        0,
        0,
        0
      ]
    },
    {
      "command": "bun",
      "mean": 2.4206973311400004,
      "stddev": 0.085681028831446,
      "median": 2.40416147514,
      "user": 3.3628589799999995,
      "system": 2.86385872,
      "min": 2.3279962751400003,
      "max": 2.58546623314,
      "times": [
        2.39265527314,
        2.32975642914,
        2.53133183514,
        2.46277801714,
        2.33103073914,
        2.3279962751400003,
        2.35824337214,
        2.41566767714,
        2.47204746014,
        2.58546623314
      ],
      "exit_codes": [
        0,
        0,
        0,
        0,
        0,
        0,
        0,
        0,
        0,
        0
      ]
    },
    {
      "command": "deno",
      "mean": 6.91434842964,
      "stddev": 0.5377611209964543,
      "median": 6.87566996414,
      "user": 2.50090348,
      "system": 0.43871741999999997,
      "min": 5.84802921914,
      "max": 8.10163019414,
      "times": [
        7.04833782014,
        6.79126624614,
        5.84802921914,
        8.10163019414,
        7.2906482961400005,
        7.02287557614,
        6.63282366814,
        6.8049712411400005,
        6.65653334814,
        6.94636868714
      ],
      "exit_codes": [
        0,
        0,
        0,
        0,
        0,
        0,
        0,
        0,
        0,
        0
      ]
    }
  ]
}