{
  "results": [
    {
      "command": "npm",
      "mean": 1.07544021642,
      "stddev": 0.010863826206787195,
      "median": 1.07217105682,
      "user": 1.0777525999999997,
      "system": 0.5883139400000001,
      "min": 1.06682109482,
      "max": 1.10711904682,
      "times": [
        1.06682109482,
        1.10711904682,
        1.07068941582,
        1.07243919482,
        1.07029794482,
        1.07267724482,
        1.07103930282,
        1.07417299082,
        1.07724300982,
        1.07190291882
      ],
      "exit_codes": [
        0,
        0,
        0,
        0,
        0,
        0,
        0,
        0,
        0,
        0
      ]
    },
    {
      "command": "yarn",
      "mean": 0.77042940512,
      "stddev": 0.13859584563328647,
      "median": 0.7252064608200001,
      "user": 0.6853994,
      "system": 0.5395430400000001,
      "min": 0.7134671018200001,
      "max": 1.18543917882,
      "times": [
        0.7172183108200001,
        0.7235163038200001,
        0.72689661782,
        0.7411188458200001,
        0.73376149282,
        0.71520577482,
        0.71721806882,
        0.7134671018200001,
        0.73045235582,
        1.18543917882
      ],
      "exit_codes": [
        0,
        0,
        0,
        0,
        0,
        0,
        0,
        0,
        0,
        0
      ]
    },
    {
      "command": "berry",
      "mean": 1.17087844322,
      "stddev": 0.025273411858175374,
      "median": 1.1616782803199999,
      "user": 1.2408408999999998,
      "system": 0.4001439400000001,
      "min": 1.14149906582,
      "max": 1.22260025782,
      "times": [
        1.1939002998200001,
        1.14922286982,
        1.20366048982,
        1.16449070482,
        1.22260025782,
        1.15680888282,
        1.16607799182,
        1.15886585582,
        1.14149906582,
        1.15165801382
      ],
      "exit_codes": [
        0,
        0,
        0,
        0,
        0,
        0,
        0,
        0,
        0,
        0
      ]
    },
    {
      "command": "pnpm",
      "mean": 0.83761931382,
      "stddev": 0.04338909278207489,
      "median": 0.8338734833200001,
      "user": 0.9600842000000002,
      "system": 0.22217273999999998,
      "min": 0.77510581982,
      "max": 0.9354900688200001,
      "times": [
        0.8371619118200001,
        0.8199748838200001,
        0.87101203382,
        0.83058505482,
        0.77510581982,
        0.8593105968200001,
        0.79771007782,
        0.79773967182,
        0.9354900688200001,
        0.8521030188200001
      ],
      "exit_codes": [
        0,
        0,
        0,
        0,
        0,
        0,
        0,
        0,
        0,
        0
      ]
    },
    {
      "command": "vlt",
      "mean": 0.5299542997200001,
      "stddev": 0.005393822264571842,
      "median": 0.5287328763200001,
      "user": 0.5048334999999999,
      "system": 0.35195644,
      "min": 0.51991121182,
      "max": 0.53810838082,
      "times": [
        0.51991121182,
        0.5274896168200001,
        0.5244555588200001,
        0.5286058948200001,
        0.53333225782,
        0.53641856182,
        0.53810838082,
        0.5349256708200001,
        0.5274359858200001,
        0.52885985782
      ],
      "exit_codes": [
        0,
        0,
        0,
        0,
        0,
        0,
        0,
        0,
        0,
        0
      ]
    },
    {
      "command": "bun",
      "mean": 0.06860838482,
      "stddev": 0.0005594962078718677,
      "median": 0.06849469732000002,
      "user": 0.030611199999999995,
      "system": 0.046373239999999996,
      "min": 0.06793507882000001,
      "max": 0.06966618482,
      "times": [
        0.06956719782000001,
        0.06793507882000001,
        0.06866766482000002,
        0.06846868382000001,
        0.06821935582000001,
        0.06874038182000002,
        0.06966618482,
        0.06824348782,
        0.06852071082000001,
        0.06805510182
      ],
      "exit_codes": [
        0,
        0,
        0,
        0,
        0,
        0,
        0,
        0,
        0,
        0
      ]
    },
    {
      "command": "deno",
      "mean": 0.22267036152,
      "stddev": 0.0013707976044420311,
      "median": 0.22262911282000003,
      "user": 0.1522857,
      "system": 0.11138143999999998,
      "min": 0.22019529782000002,
      "max": 0.22561025582000002,
      "times": [
        0.22285865382000003,
        0.22127050882000002,
        0.22284239882,
        0.22219975282,
        0.22225319982000002,
        0.22370631282000003,
        0.22019529782000002,
        0.22561025582000002,
        0.22241582682000002,
        0.22335140782000001
      ],
      "exit_codes": [
        0,
        0,
        0,
        0,
        0,
        0,
        0,
        0,
        0,
        0
      ]
    }
  ]
}