{
  "results": [
    {
      "command": "npm",
      "mean": 3.8153212243,
      "stddev": 0.012245546484962242,
      "median": 3.8135342433000003,
      "user": 4.41981288,
      "system": 2.66504774,
      "min": 3.7962046133,
      "max": 3.8379173483,
      "times": [
        3.8379173483,
        3.8251051523000004,
        3.8078286593,
        3.8123937163000003,
        3.7995814673,
        3.8102737103,
        3.7962046133,
        3.8217324443000003,
        3.8275003613000003,
        3.8146747703000004
      ],
      "exit_codes": [
        0,
        0,
        0,
        0,
        0,
        0,
        0,
        0,
        0,
        0
      ]
    },
    {
      "command": "yarn",
      "mean": 2.9046625263,
      "stddev": 0.06725137267635763,
      "median": 2.8881120593,
      "user": 3.2506382799999995,
      "system": 2.9820281399999997,
      "min": 2.8075987253,
      "max": 3.0324332003,
      "times": [
        2.8762544383,
        2.8925515903,
        2.9658995813,
        2.9931772703,
        2.8969621693,
        2.8603103133,
        2.8377654463,
        2.8075987253,
        3.0324332003,
        2.8836725283
      ],
      "exit_codes": [
        0,
        0,
        0,
        0,
        0,
        0,
        0,
        0,
        0,
        0
      ]
    },
    {
      "command": "berry",
      "mean": 2.9501601064,
      "stddev": 0.02098198060377873,
      "median": 2.9436192028,
      "user": 3.68563188,
      "system": 1.6159896399999998,
      "min": 2.9293883963000003,
      "max": 2.9967445623,
      "times": [
        2.9967445623,
        2.9325843683,
        2.9407904683,
        2.9830145563,
        2.9444788943,
        2.9493155353000002,
        2.9293883963000003,
        2.9349913843,
        2.9427595113000002,
        2.9475333873
      ],
      "exit_codes": [
        0,
        0,
        0,
        0,
        0,
        0,
        0,
        0,
        0,
        0
      ]
    },
    {
      "command": "zpm",
      "mean": 0.6153071674000001,
      "stddev": 0.002079656911144591,
      "median": 0.6150395388000001,
      "user": 0.15857527999999999,
      "system": 0.49734234,
      "min": 0.6117207643000001,
      "max": 0.6193266283000001,
      "times": [
        0.6161426613000001,
        0.6155065173000001,
        0.6142670673000001,
        0.6193266283000001,
        0.6180662913000001,
        0.6132386793000001,
        0.6151755903000001,
        0.6147239873000001,
        0.6149034873000001,
        0.6117207643000001
      ],
      "exit_codes": [
        0,
        0,
        0,
        0,
        0,
        0,
        0,
        0,
        0,
        0
      ]
    },
    {
      "command": "pnpm",
      "mean": 1.2233763842,
      "stddev": 0.008384778204570412,
      "median": 1.2268119223,
      "user": 1.89641458,
      "system": 0.6785192400000002,
      "min": 1.2053250223,
      "max": 1.2372457473,
      "times": [
        1.2209551933,
        1.2259835963,
        1.2280733253,
        1.2053250223,
        1.2277596453000001,
        1.2372457473,
        1.2170820923,
        1.2276992173,
        1.2276402483000002,
        1.2159997543
      ],
      "exit_codes": [
        0,
        0,
        0,
        0,
        0,
        0,
        0,
        0,
        0,
        0
      ]
    },
    {
      "command": "vlt",
      "mean": 1.9561527226000002,
      "stddev": 0.00816689320530283,
      "median": 1.9559246698,
      "user": 2.24842648,
      "system": 1.62281464,
      "min": 1.9414328423000002,
      "max": 1.9692623433,
      "times": [
        1.9414328423000002,
        1.9571364963,
        1.9523877673,
        1.9547128433,
        1.9692623433,
        1.9528587573,
        1.9639450203000002,
        1.9597271913,
        1.9643692573,
        1.9456947073000002
      ],
      "exit_codes": [
        0,
        0,
        0,
        0,
        0,
        0,
        0,
        0,
        0,
        0
      ]
    },
    {
      "command": "bun",
      "mean": 0.2897869269,
      "stddev": 0.008585910209221725,
      "median": 0.2869829758,
      "user": 0.18015028,
      "system": 0.25091733999999993,
      "min": 0.2842631203,
      "max": 0.3147497563,
      "times": [
        0.2853721993,
        0.2888678713,
        0.2842631203,
        0.2854399413,
        0.2846437513,
        0.2894380703,
        0.2866714173,
        0.2911286073,
        0.2872945343,
        0.3147497563
      ],
      "exit_codes": [
        0,
        0,
        0,
        0,
        0,
        0,
        0,
        0,
        0,
        0
      ]
    },
    {
      "command": "deno",
      "mean": 0.5492762420000001,
      "stddev": 0.010496675915381693,
      "median": 0.5492060998000001,
      "user": 0.5004932799999999,
      "system": 0.5396619400000001,
      "min": 0.5320279123000001,
      "max": 0.5701716323000001,
      "times": [
        0.5701716323000001,
        0.5581800423000001,
        0.5483951403000001,
        0.5529175233000001,
        0.5446840913000001,
        0.5320279123000001,
        0.5500170593000001,
        0.5399839863000001,
        0.5572488763000001,
        0.5391361563000001
      ],
      "exit_codes": [
        0,
        0,
        0,
        0,
        0,
        0,
        0,
        0,
        0,
        0
      ]
    }
  ]
}