{
  "results": [
    {
      "command": "npm",
      "mean": 3.7210693014200005,
      "stddev": 0.020525385835159,
      "median": 3.7153089376199997,
      "user": 4.1004000199999995,
      "system": 2.6194788200000003,
      "min": 3.6977710206200003,
      "max": 3.76885255862,
      "times": [
        3.74097395162,
        3.71569096062,
        3.69935915262,
        3.71492691462,
        3.76885255862,
        3.70406334662,
        3.72714534962,
        3.7289090266200002,
        3.7130007326200003,
        3.6977710206200003
      ],
      "exit_codes": [
        0,
        0,
        0,
        0,
        0,
        0,
        0,
        0,
        0,
        0
      ]
    },
    {
      "command": "yarn",
      "mean": 2.89747951882,
      "stddev": 0.030394860367995772,
      "median": 2.90365047812,
      "user": 3.0582768199999997,
      "system": 3.07180242,
      "min": 2.83712509262,
      "max": 2.95888563862,
      "times": [
        2.83712509262,
        2.89413626862,
        2.95888563862,
        2.90626267962,
        2.91780836462,
        2.87538692162,
        2.87155376762,
        2.90573693062,
        2.90156402562,
        2.90633549862
      ],
      "exit_codes": [
        0,
        0,
        0,
        0,
        0,
        0,
        0,
        0,
        0,
        0
      ]
    },
    {
      "command": "berry",
      "mean": 2.97197389842,
      "stddev": 0.03652717722137928,
      "median": 2.9629315431200003,
      "user": 3.58050762,
      "system": 1.62754072,
      "min": 2.92536578962,
      "max": 3.03458215662,
      "times": [
        2.93428320662,
        2.92536578962,
        3.03458215662,
        2.9318092036200003,
        3.00606712362,
        2.9602922406200003,
        2.95659178762,
        3.02215286762,
        2.9655708456200003,
        2.9830237626200002
      ],
      "exit_codes": [
        0,
        0,
        0,
        0,
        0,
        0,
        0,
        0,
        0,
        0
      ]
    },
    {
      "command": "zpm",
      "mean": 0.7999182304200001,
      "stddev": 0.005135729298255455,
      "median": 0.79998452562,
      "user": 0.19981571999999997,
      "system": 0.65319512,
      "min": 0.7907499896200001,
      "max": 0.8098959356200001,
      "times": [
        0.80323982662,
        0.7907499896200001,
        0.79389757262,
        0.80278071062,
        0.7964995406200001,
        0.80015099562,
        0.7988116926200001,
        0.8098959356200001,
        0.8033379846200001,
        0.7998180556200001
      ],
      "exit_codes": [
        0,
        0,
        0,
        0,
        0,
        0,
        0,
        0,
        0,
        0
      ]
    },
    {
      "command": "pnpm",
      "mean": 1.26297478852,
      "stddev": 0.031450273451138655,
      "median": 1.25814610212,
      "user": 1.90239942,
      "system": 0.6740080199999999,
      "min": 1.2329066906200001,
      "max": 1.35078606462,
      "times": [
        1.27059009162,
        1.35078606462,
        1.25875840962,
        1.2329066906200001,
        1.24070974862,
        1.24459399262,
        1.25753379462,
        1.26337542762,
        1.24481317562,
        1.26568048962
      ],
      "exit_codes": [
        0,
        0,
        0,
        0,
        0,
        0,
        0,
        0,
        0,
        0
      ]
    },
    {
      "command": "vlt",
      "mean": 1.9938803572200001,
      "stddev": 0.029521654600752373,
      "median": 1.99197596812,
      "user": 2.229774919999999,
      "system": 1.65880652,
      "min": 1.9522629926200001,
      "max": 2.03891467562,
      "times": [
        1.96442152462,
        2.01649424062,
        1.9706495406200002,
        2.01888321062,
        2.03100630162,
        1.98857444162,
        1.96221914962,
        1.99537749462,
        2.03891467562,
        1.9522629926200001
      ],
      "exit_codes": [
        0,
        0,
        0,
        0,
        0,
        0,
        0,
        0,
        0,
        0
      ]
    },
    {
      "command": "bun",
      "mean": 0.28002144242000004,
      "stddev": 0.0018407625338160633,
      "median": 0.27945250562,
      "user": 0.13770552,
      "system": 0.24915592000000003,
      "min": 0.27784846162000004,
      "max": 0.28313839462,
      "times": [
        0.27824948062000004,
        0.27959705862,
        0.27930795262,
        0.27838887762000003,
        0.28313839462,
        0.28028154662000004,
        0.27875869062,
        0.27784846162000004,
        0.28172809662000003,
        0.28291586462
      ],
      "exit_codes": [
        0,
        0,
        0,
        0,
        0,
        0,
        0,
        0,
        0,
        0
      ]
    },
    {
      "command": "deno",
      "mean": 0.5709265802200001,
      "stddev": 0.03016207963671395,
      "median": 0.56399687762,
      "user": 0.51383462,
      "system": 0.56288922,
      "min": 0.53794813362,
      "max": 0.6490558336200001,
      "times": [
        0.58084251562,
        0.5485368636200001,
        0.57346710262,
        0.5530717876200001,
        0.5746271456200001,
        0.5871334086200001,
        0.55452665262,
        0.55005635862,
        0.6490558336200001,
        0.53794813362
      ],
      "exit_codes": [
        0,
        0,
        0,
        0,
        0,
        0,
        0,
        0,
        0,
        0
      ]
    }
  ]
}