{
  "results": [
    {
      "command": "npm",
      "mean": 1.3914487046,
      "stddev": 0.04553638647900054,
      "median": 1.3709141806,
      "user": 1.5285350000000002,
      "system": 0.66419238,
      "min": 1.3435080441,
      "max": 1.4612972061,
      "times": [
        1.3510986231000002,
        1.3561031051,
        1.3435080441,
        1.3444921661,
        1.4168873001,
        1.3658492721,
        1.3759790891,
        1.4612972061,
        1.4406129521000002,
        1.4586592881
      ],
      "exit_codes": [
        0,
        0,
        0,
        0,
        0,
        0,
        0,
        0,
        0,
        0
      ]
    },
    {
      "command": "yarn",
      "mean": 1.0762467472,
      "stddev": 0.03336925128721795,
      "median": 1.0926732326,
      "user": 1.1334641,
      "system": 0.84160998,
      "min": 1.0262322741,
      "max": 1.1176467541000001,
      "times": [
        1.0582392301,
        1.0939376841,
        1.1176467541000001,
        1.0290490921,
        1.0262322741,
        1.1118606741000001,
        1.1017875731,
        1.0914087811,
        1.0953113261,
        1.0369940831
      ],
      "exit_codes": [
        0,
        0,
        0,
        0,
        0,
        0,
        0,
        0,
        0,
        0
      ]
    },
    {
      "command": "berry",
      "mean": 1.3325258612000002,
      "stddev": 0.10254761213444653,
      "median": 1.2826458756,
      "user": 1.4995685,
      "system": 0.55909868,
      "min": 1.2130331141000001,
      "max": 1.5211676141000001,
      "times": [
        1.2773467181,
        1.2791780911000001,
        1.5211676141000001,
        1.2130331141000001,
        1.2659323521,
        1.4786108591,
        1.3734688931,
        1.4131809831,
        1.2172263271000001,
        1.2861136601
      ],
      "exit_codes": [
        0,
        0,
        0,
        0,
        0,
        0,
        0,
        0,
        0,
        0
      ]
    },
    {
      "command": "pnpm",
      "mean": 0.5821125456,
      "stddev": 0.04847651233024004,
      "median": 0.5609653826000001,
      "user": 0.7390192999999999,
      "system": 0.21368358,
      "min": 0.5245732821000001,
      "max": 0.6725624791000001,
      "times": [
        0.5490392321,
        0.5245732821000001,
        0.5633928491000001,
        0.6725624791000001,
        0.5466561581,
        0.5510983571000001,
        0.5704933011000001,
        0.5585379161,
        0.6563129731,
        0.6284589081
      ],
      "exit_codes": [
        0,
        0,
        0,
        0,
        0,
        0,
        0,
        0,
        0,
        0
      ]
    },
    {
      "command": "vlt",
      "mean": 0.7254350639,
      "stddev": 0.02311303415236078,
      "median": 0.7167590521,
      "user": 0.7594141999999999,
      "system": 0.49749837999999996,
      "min": 0.7070369641,
      "max": 0.7915784471,
      "times": [
        0.7235220711000001,
        0.7915784471,
        0.7139145821,
        0.7070369641,
        0.7299783951000001,
        0.7138782981,
        0.7196035221000001,
        0.7137128331000001,
        0.7128423901000001,
        0.7282831361000001
      ],
      "exit_codes": [
        0,
        0,
        0,
        0,
        0,
        0,
        0,
        0,
        0,
        0
      ]
    },
    {
      "command": "bun",
      "mean": 0.10532261750000001,
      "stddev": 0.005334945212835766,
      "median": 0.1023523856,
      "user": 0.06120759999999999,
      "system": 0.08563777999999997,
      "min": 0.1014157531,
      "max": 0.11865134910000001,
      "times": [
        0.1105523841,
        0.11865134910000001,
        0.1016838691,
        0.1014157531,
        0.1076483751,
        0.1027408341,
        0.1019639371,
        0.10537030110000001,
        0.1017192311,
        0.1014801411
      ],
      "exit_codes": [
        0,
        0,
        0,
        0,
        0,
        0,
        0,
        0,
        0,
        0
      ]
    },
    {
      "command": "deno",
      "mean": 0.2393240693,
      "stddev": 0.009863419455134694,
      "median": 0.2356742201,
      "user": 0.20862849999999997,
      "system": 0.15398918,
      "min": 0.22691314810000002,
      "max": 0.25449132910000005,
      "times": [
        0.2305429451,
        0.22691314810000002,
        0.23857221210000001,
        0.24559811410000001,
        0.25273059410000004,
        0.2304762041,
        0.25449132910000005,
        0.24972851510000002,
        0.2327762281,
        0.23141140310000002
      ],
      "exit_codes": [
        0,
        0,
        0,
        0,
        0,
        0,
        0,
        0,
        0,
        0
      ]
    }
  ]
}