{
  "results": [
    {
      "command": "npm",
      "mean": 3.3500813731199997,
      "stddev": 0.013783547213206527,
      "median": 3.35217847652,
      "user": 3.86782868,
      "system": 2.16141116,
      "min": 3.33199561302,
      "max": 3.3684531500199997,
      "times": [
        3.3624009030199997,
        3.3664226890199997,
        3.33918654402,
        3.35840462402,
        3.33395437802,
        3.3684531500199997,
        3.3599176810199998,
        3.33199561302,
        3.3459523290199997,
        3.3341258200199997
      ],
      "exit_codes": [
        0,
        0,
        0,
        0,
        0,
        0,
        0,
        0,
        0,
        0
      ]
    },
    {
      "command": "yarn",
      "mean": 2.87613158052,
      "stddev": 0.03901958462402694,
      "median": 2.8697807735199996,
      "user": 3.0331620799999994,
      "system": 3.10248386,
      "min": 2.82608839202,
      "max": 2.96608627702,
      "times": [
        2.85639503402,
        2.91833211402,
        2.96608627702,
        2.82608839202,
        2.85029796602,
        2.88914126102,
        2.83797707202,
        2.8633025760199997,
        2.87743614202,
        2.87625897102
      ],
      "exit_codes": [
        0,
        0,
        0,
        0,
        0,
        0,
        0,
        0,
        0,
        0
      ]
    },
    {
      "command": "berry",
      "mean": 2.9798104009199995,
      "stddev": 0.02310516062169079,
      "median": 2.96947937652,
      "user": 3.55503388,
      "system": 1.65680826,
      "min": 2.95499768502,
      "max": 3.03142207002,
      "times": [
        3.03142207002,
        2.96239001502,
        2.96875682202,
        2.99335001402,
        3.0011522940199997,
        2.9584777130199997,
        2.95499768502,
        2.97020193102,
        2.96376753302,
        2.99358793202
      ],
      "exit_codes": [
        0,
        0,
        0,
        0,
        0,
        0,
        0,
        0,
        0,
        0
      ]
    },
    {
      "command": "pnpm",
      "mean": 1.2713549560200001,
      "stddev": 0.01814602032375044,
      "median": 1.27504643402,
      "user": 1.9282650800000003,
      "system": 0.69620076,
      "min": 1.24282801402,
      "max": 1.2929343180200001,
      "times": [
        1.2895022600200001,
        1.2554083590200003,
        1.2929343180200001,
        1.2772844030200001,
        1.27280846502,
        1.2587446580200001,
        1.2899729720200002,
        1.24282801402,
        1.2464244670200002,
        1.28764164402
      ],
      "exit_codes": [
        0,
        0,
        0,
        0,
        0,
        0,
        0,
        0,
        0,
        0
      ]
    },
    {
      "command": "vlt",
      "mean": 7.63430731512,
      "stddev": 0.03634895460359131,
      "median": 7.63546734152,
      "user": 8.697532579999999,
      "system": 4.481070160000001,
      "min": 7.57619494202,
      "max": 7.69249180202,
      "times": [
        7.61070021102,
        7.65106861602,
        7.59867432602,
        7.61986606702,
        7.65614029602,
        7.69249180202,
        7.6746489230199995,
        7.57619494202,
        7.66338650602,
        7.59990146202
      ],
      "exit_codes": [
        0,
        0,
        0,
        0,
        0,
        0,
        0,
        0,
        0,
        0
      ]
    },
    {
      "command": "bun",
      "mean": 0.29391700322000003,
      "stddev": 0.008267997260539454,
      "median": 0.29143224902,
      "user": 0.18853758,
      "system": 0.2718972599999999,
      "min": 0.28838504202,
      "max": 0.31844308202,
      "times": [
        0.29111718302,
        0.29265737702,
        0.29173729702,
        0.29023556802,
        0.28838504202,
        0.29305567302,
        0.29067431202,
        0.29168912702,
        0.29117537102,
        0.31844308202
      ],
      "exit_codes": [
        0,
        0,
        0,
        0,
        0,
        0,
        0,
        0,
        0,
        0
      ]
    },
    {
      "command": "deno",
      "mean": 0.5331316666199999,
      "stddev": 0.010680791945827573,
      "median": 0.5329732795200001,
      "user": 0.42269167999999996,
      "system": 0.5624872599999999,
      "min": 0.51732655602,
      "max": 0.55328908302,
      "times": [
        0.55328908302,
        0.51732655602,
        0.54390313702,
        0.5309296760200001,
        0.51962367302,
        0.53763416202,
        0.52472679702,
        0.5279729360200001,
        0.5350168830200001,
        0.54089376302
      ],
      "exit_codes": [
        0,
        0,
        0,
        0,
        0,
        0,
        0,
        0,
        0,
        0
      ]
    }
  ]
}