{
  "results": [
    {
      "command": "npm",
      "mean": 3.62626802148,
      "stddev": 0.016983196992991913,
      "median": 3.62157117988,
      "user": 4.0750329999999995,
      "system": 2.51474654,
      "min": 3.6000973738799997,
      "max": 3.6561327118799998,
      "times": [
        3.62151593688,
        3.6561327118799998,
        3.64333817688,
        3.62674608088,
        3.61432042588,
        3.61373971688,
        3.61537247688,
        3.62162642288,
        3.6000973738799997,
        3.64979089188
      ],
      "exit_codes": [
        0,
        0,
        0,
        0,
        0,
        0,
        0,
        0,
        0,
        0
      ]
    },
    {
      "command": "yarn",
      "mean": 2.88939792768,
      "stddev": 0.4913479932552011,
      "median": 2.72976287088,
      "user": 2.9094127,
      "system": 2.88811384,
      "min": 2.62518389288,
      "max": 4.35330350088,
      "times": [
        2.81082078088,
        2.80385854288,
        2.78590833388,
        4.35330350088,
        2.73301237588,
        2.72651336588,
        2.70096731188,
        2.62518389288,
        2.65913111688,
        2.69528005488
      ],
      "exit_codes": [
        0,
        0,
        0,
        0,
        0,
        0,
        0,
        0,
        0,
        0
      ]
    },
    {
      "command": "berry",
      "mean": 2.89918869318,
      "stddev": 0.02621864889932327,
      "median": 2.90890778438,
      "user": 3.4395138999999992,
      "system": 1.5812003399999999,
      "min": 2.85991970688,
      "max": 2.93543362788,
      "times": [
        2.8783541598799998,
        2.92146318188,
        2.92160155388,
        2.86700586488,
        2.85991970688,
        2.90814566288,
        2.92090867888,
        2.93543362788,
        2.90966990588,
        2.86938458888
      ],
      "exit_codes": [
        0,
        0,
        0,
        0,
        0,
        0,
        0,
        0,
        0,
        0
      ]
    },
    {
      "command": "zpm",
      "mean": 0.7895244264800001,
      "stddev": 0.005346173820494842,
      "median": 0.79083817788,
      "user": 0.20401439999999998,
      "system": 0.6392526399999998,
      "min": 0.77894185488,
      "max": 0.79593522488,
      "times": [
        0.78861436188,
        0.78094172788,
        0.79189709988,
        0.79075648988,
        0.77894185488,
        0.7909198658800001,
        0.79593522488,
        0.7884319228800001,
        0.79398507588,
        0.79482064088
      ],
      "exit_codes": [
        0,
        0,
        0,
        0,
        0,
        0,
        0,
        0,
        0,
        0
      ]
    },
    {
      "command": "pnpm",
      "mean": 1.28779191338,
      "stddev": 0.021733375595195618,
      "median": 1.28745439888,
      "user": 1.8674741999999998,
      "system": 0.68477324,
      "min": 1.2450028488800002,
      "max": 1.32862669788,
      "times": [
        1.2810419008800003,
        1.2450028488800002,
        1.29243343388,
        1.29173764088,
        1.3055534478800002,
        1.2831711568800002,
        1.27981419588,
        1.32862669788,
        1.30436260488,
        1.26617520588
      ],
      "exit_codes": [
        0,
        0,
        0,
        0,
        0,
        0,
        0,
        0,
        0,
        0
      ]
    },
    {
      "command": "vlt",
      "mean": 1.8712092327800005,
      "stddev": 0.01895192718140733,
      "median": 1.86454220138,
      "user": 2.1151675999999995,
      "system": 1.55987594,
      "min": 1.85410535588,
      "max": 1.9233538458800001,
      "times": [
        1.8626419118800002,
        1.87705960988,
        1.8751785168800001,
        1.8545539218800002,
        1.86621824888,
        1.8737576638800002,
        1.86286615388,
        1.85410535588,
        1.9233538458800001,
        1.8623570988800002
      ],
      "exit_codes": [
        0,
        0,
        0,
        0,
        0,
        0,
        0,
        0,
        0,
        0
      ]
    },
    {
      "command": "bun",
      "mean": 0.28428479078,
      "stddev": 0.00673710282403542,
      "median": 0.28062353687999997,
      "user": 0.14130739999999997,
      "system": 0.25127044000000004,
      "min": 0.27910598588,
      "max": 0.30136867988,
      "times": [
        0.28043200888,
        0.27991558188,
        0.28655736288,
        0.30136867988,
        0.28056070088,
        0.29097249788,
        0.27910598588,
        0.28390570388,
        0.27934301288,
        0.28068637288
      ],
      "exit_codes": [
        0,
        0,
        0,
        0,
        0,
        0,
        0,
        0,
        0,
        0
      ]
    },
    {
      "command": "deno",
      "mean": 0.55631481398,
      "stddev": 0.012569784279408538,
      "median": 0.55396858538,
      "user": 0.5007239,
      "system": 0.5645662399999999,
      "min": 0.53815372188,
      "max": 0.58370054588,
      "times": [
        0.55894634688,
        0.5438328408800001,
        0.55424643788,
        0.56504257788,
        0.53815372188,
        0.55369073288,
        0.56797826588,
        0.58370054588,
        0.54927612188,
        0.54828054788
      ],
      "exit_codes": [
        0,
        0,
        0,
        0,
        0,
        0,
        0,
        0,
        0,
        0
      ]
    }
  ]
}