{
  "results": [
    {
      "command": "npm",
      "mean": 3.20846921308,
      "stddev": 0.024729217048329585,
      "median": 3.2095351911799996,
      "user": 3.69360864,
      "system": 2.0614695999999997,
      "min": 3.15181050518,
      "max": 3.23765457418,
      "times": [
        3.20086632618,
        3.23467897218,
        3.23765457418,
        3.1908156381799997,
        3.20033320718,
        3.15181050518,
        3.22831910618,
        3.21820405618,
        3.2256524671799998,
        3.19635727818
      ],
      "exit_codes": [
        0,
        0,
        0,
        0,
        0,
        0,
        0,
        0,
        0,
        0
      ]
    },
    {
      "command": "yarn",
      "mean": 2.91745522188,
      "stddev": 0.5760802008043927,
      "median": 2.73577090718,
      "user": 2.89621614,
      "system": 2.914099899999999,
      "min": 2.67624182018,
      "max": 4.64412173218,
      "times": [
        2.73896095718,
        2.73680841018,
        2.76237379518,
        4.64412173218,
        2.73473340418,
        2.72812415418,
        2.67624182018,
        2.7077127221799997,
        2.75034001318,
        2.6951352101799997
      ],
      "exit_codes": [
        0,
        0,
        0,
        0,
        0,
        0,
        0,
        0,
        0,
        0
      ]
    },
    {
      "command": "berry",
      "mean": 2.88197607218,
      "stddev": 0.031613512759480204,
      "median": 2.87969691668,
      "user": 3.39708744,
      "system": 1.5859006,
      "min": 2.83249539918,
      "max": 2.92431945418,
      "times": [
        2.89867142318,
        2.86333746218,
        2.84749627818,
        2.88222108918,
        2.91899051618,
        2.85229324218,
        2.92431945418,
        2.92276311318,
        2.83249539918,
        2.8771727441799997
      ],
      "exit_codes": [
        0,
        0,
        0,
        0,
        0,
        0,
        0,
        0,
        0,
        0
      ]
    },
    {
      "command": "pnpm",
      "mean": 1.3459900547799997,
      "stddev": 0.32204393307169715,
      "median": 1.2352689181799998,
      "user": 1.86137804,
      "system": 0.6828112,
      "min": 1.21011197418,
      "max": 2.31049083518,
      "times": [
        1.2368564411799998,
        1.2289592921799999,
        2.31049083518,
        1.22830492118,
        1.2336813951799999,
        1.22667708518,
        1.2397718361799999,
        1.26966233518,
        1.21011197418,
        1.2753844321799999
      ],
      "exit_codes": [
        0,
        0,
        0,
        0,
        0,
        0,
        0,
        0,
        0,
        0
      ]
    },
    {
      "command": "vlt",
      "mean": 10.062568217579999,
      "stddev": 0.05467716874601668,
      "median": 10.08627833018,
      "user": 11.15185044,
      "system": 5.1727871,
      "min": 9.93788895318,
      "max": 10.116111350179999,
      "times": [
        10.09419329418,
        10.10925639918,
        10.072685372179999,
        10.09938891018,
        10.028336873179999,
        9.99526436318,
        10.08310365118,
        10.08945300918,
        9.93788895318,
        10.116111350179999
      ],
      "exit_codes": [
        0,
        0,
        0,
        0,
        0,
        0,
        0,
        0,
        0,
        0
      ]
    },
    {
      "command": "bun",
      "mean": 0.29363446088,
      "stddev": 0.016781308898710504,
      "median": 0.28858822868,
      "user": 0.17978233999999998,
      "system": 0.27532689999999993,
      "min": 0.28512961218000005,
      "max": 0.34372772618,
      "times": [
        0.28823353718000005,
        0.28943223518000005,
        0.28894292018,
        0.28697952818000005,
        0.28770637618000006,
        0.29124367518000005,
        0.34372772618,
        0.28596123418,
        0.28898776418000005,
        0.28512961218000005
      ],
      "exit_codes": [
        0,
        0,
        0,
        0,
        0,
        0,
        0,
        0,
        0,
        0
      ]
    },
    {
      "command": "deno",
      "mean": 0.49164026738000005,
      "stddev": 0.01893506958652855,
      "median": 0.49332366268000005,
      "user": 0.36242714,
      "system": 0.525127,
      "min": 0.45651681318000004,
      "max": 0.51597700918,
      "times": [
        0.49475552818,
        0.47478510218000003,
        0.50622685518,
        0.50644974718,
        0.5137170251800001,
        0.49189179718000003,
        0.48742859418000006,
        0.46865420218000003,
        0.51597700918,
        0.45651681318000004
      ],
      "exit_codes": [
        0,
        0,
        0,
        0,
        0,
        0,
        0,
        0,
        0,
        0
      ]
    }
  ]
}