{
  "results": [
    {
      "command": "npm",
      "mean": 3.5960787185400007,
      "stddev": 0.018110857521676665,
      "median": 3.5918255970399997,
      "user": 3.9880139999999997,
      "system": 2.50654258,
      "min": 3.57236247804,
      "max": 3.6274697960399997,
      "times": [
        3.58866569504,
        3.62399315504,
        3.57236247804,
        3.59950201004,
        3.60961888104,
        3.59498549904,
        3.57627640004,
        3.58676122504,
        3.5811520460399997,
        3.6274697960399997
      ],
      "exit_codes": [
        0,
        0,
        0,
        0,
        0,
        0,
        0,
        0,
        0,
        0
      ]
    },
    {
      "command": "yarn",
      "mean": 2.71930300874,
      "stddev": 0.018704243782746103,
      "median": 2.71726714204,
      "user": 2.8802531,
      "system": 2.88152138,
      "min": 2.69217047904,
      "max": 2.75464220704,
      "times": [
        2.71461712104,
        2.71857771704,
        2.7352719730399997,
        2.69790651204,
        2.72006276604,
        2.70251186604,
        2.71595656704,
        2.69217047904,
        2.74131287904,
        2.75464220704
      ],
      "exit_codes": [
        0,
        0,
        0,
        0,
        0,
        0,
        0,
        0,
        0,
        0
      ]
    },
    {
      "command": "berry",
      "mean": 2.87251131794,
      "stddev": 0.01892707404703664,
      "median": 2.86672265004,
      "user": 3.4417964,
      "system": 1.5702348799999999,
      "min": 2.84496072304,
      "max": 2.90620935504,
      "times": [
        2.87231656404,
        2.86225013904,
        2.85914978704,
        2.85751902504,
        2.86224311904,
        2.87119516104,
        2.88781310004,
        2.9014562060399998,
        2.90620935504,
        2.84496072304
      ],
      "exit_codes": [
        0,
        0,
        0,
        0,
        0,
        0,
        0,
        0,
        0,
        0
      ]
    },
    {
      "command": "pnpm",
      "mean": 1.26515788564,
      "stddev": 0.030285489966906325,
      "median": 1.2561581950399998,
      "user": 1.8642688999999997,
      "system": 0.67342188,
      "min": 1.24157072404,
      "max": 1.34583361104,
      "times": [
        1.26480398804,
        1.24457862204,
        1.25909768504,
        1.26136690904,
        1.34583361104,
        1.2532187050399999,
        1.24157072404,
        1.24280056504,
        1.2472665700399999,
        1.2910414770399998
      ],
      "exit_codes": [
        0,
        0,
        0,
        0,
        0,
        0,
        0,
        0,
        0,
        0
      ]
    },
    {
      "command": "vlt",
      "mean": 1.7571733885400005,
      "stddev": 0.009518689879594405,
      "median": 1.75637000554,
      "user": 1.9731429000000003,
      "system": 1.55316528,
      "min": 1.74065698704,
      "max": 1.77757904804,
      "times": [
        1.75564252804,
        1.7554948500399998,
        1.74065698704,
        1.75599419004,
        1.77757904804,
        1.75674582104,
        1.75942247404,
        1.76460604804,
        1.76026294204,
        1.74532899704
      ],
      "exit_codes": [
        0,
        0,
        0,
        0,
        0,
        0,
        0,
        0,
        0,
        0
      ]
    },
    {
      "command": "bun",
      "mean": 0.28231925164,
      "stddev": 0.0013858212655337699,
      "median": 0.28177105154,
      "user": 0.1834364,
      "system": 0.26230638,
      "min": 0.28008381104,
      "max": 0.28433268904,
      "times": [
        0.28124475504,
        0.28162244504,
        0.28375403004,
        0.28112799004,
        0.28008381104,
        0.28165344204,
        0.28433268904,
        0.28416483704,
        0.28188866104,
        0.28331985604
      ],
      "exit_codes": [
        0,
        0,
        0,
        0,
        0,
        0,
        0,
        0,
        0,
        0
      ]
    },
    {
      "command": "deno",
      "mean": 0.5624200274400001,
      "stddev": 0.02100548734832489,
      "median": 0.5554529770400001,
      "user": 0.5048204,
      "system": 0.5596004800000001,
      "min": 0.54055533704,
      "max": 0.6184867970400001,
      "times": [
        0.6184867970400001,
        0.5566972040400001,
        0.55420875004,
        0.5638635460400001,
        0.56307254904,
        0.54055533704,
        0.5770421870400001,
        0.5533579030400001,
        0.5495224940400001,
        0.5473935070400001
      ],
      "exit_codes": [
        0,
        0,
        0,
        0,
        0,
        0,
        0,
        0,
        0,
        0
      ]
    }
  ]
}