{
  "results": [
    {
      "command": "npm",
      "mean": 2.9987765299799998,
      "stddev": 0.0182485172794201,
      "median": 3.0066418842800005,
      "user": 3.5856239999999993,
      "system": 1.5902078000000002,
      "min": 2.9629321547800003,
      "max": 3.0199018797800004,
      "times": [
        2.9917395587800004,
        3.0199018797800004,
        3.0132876217800004,
        2.9629321547800003,
        3.0080764647800002,
        3.01130675978,
        3.00542226578,
        3.0078615027800004,
        2.9676628807800003,
        2.99957421078
      ],
      "exit_codes": [
        0,
        0,
        0,
        0,
        0,
        0,
        0,
        0,
        0,
        0
      ]
    },
    {
      "command": "yarn",
      "mean": 2.40341821538,
      "stddev": 0.09151606020357667,
      "median": 2.41340817928,
      "user": 2.6154496,
      "system": 1.897862,
      "min": 2.29191686478,
      "max": 2.54752453078,
      "times": [
        2.4481782877800002,
        2.49718129878,
        2.4749009597800002,
        2.4767348727800003,
        2.29191686478,
        2.2940585697800002,
        2.30315314078,
        2.32189555778,
        2.37863807078,
        2.54752453078
      ],
      "exit_codes": [
        0,
        0,
        0,
        0,
        0,
        0,
        0,
        0,
        0,
        0
      ]
    },
    {
      "command": "berry",
      "mean": 2.6919133883800006,
      "stddev": 0.01626420038131386,
      "median": 2.69111638728,
      "user": 3.3050096000000004,
      "system": 1.1105077,
      "min": 2.66376252578,
      "max": 2.7198859037800003,
      "times": [
        2.7092636807800003,
        2.6763570047800003,
        2.7198859037800003,
        2.7007102987800002,
        2.6845872387800003,
        2.6906097697800004,
        2.6771436697800004,
        2.6916230047800003,
        2.66376252578,
        2.7051907867800002
      ],
      "exit_codes": [
        0,
        0,
        0,
        0,
        0,
        0,
        0,
        0,
        0,
        0
      ]
    },
    {
      "command": "pnpm",
      "mean": 1.1691846418800003,
      "stddev": 0.009246526380622372,
      "median": 1.16865614178,
      "user": 1.7631205,
      "system": 0.4256099000000001,
      "min": 1.1538987327799999,
      "max": 1.18744061778,
      "times": [
        1.16791856978,
        1.17992325178,
        1.17304901578,
        1.16431505578,
        1.17266573078,
        1.1693937137800001,
        1.1538987327799999,
        1.18744061778,
        1.15990436178,
        1.16333736878
      ],
      "exit_codes": [
        0,
        0,
        0,
        0,
        0,
        0,
        0,
        0,
        0,
        0
      ]
    },
    {
      "command": "vlt",
      "mean": 1.6284836774800002,
      "stddev": 0.020089312780365444,
      "median": 1.62570671328,
      "user": 1.9119404,
      "system": 1.0702437000000002,
      "min": 1.6053634757800002,
      "max": 1.67916059278,
      "times": [
        1.6244971937800001,
        1.63215278978,
        1.61878678678,
        1.64185858778,
        1.62691623278,
        1.67916059278,
        1.61615272078,
        1.60709966478,
        1.6053634757800002,
        1.63284872978
      ],
      "exit_codes": [
        0,
        0,
        0,
        0,
        0,
        0,
        0,
        0,
        0,
        0
      ]
    },
    {
      "command": "bun",
      "mean": 0.17629915627999998,
      "stddev": 0.003189648073509909,
      "median": 0.17645321878,
      "user": 0.1378366,
      "system": 0.1394731,
      "min": 0.16934503278,
      "max": 0.18180508078,
      "times": [
        0.16934503278,
        0.17657101378,
        0.17691272778,
        0.17469532878,
        0.17709416678,
        0.17414666478,
        0.17595836978,
        0.17633542378,
        0.18012775378,
        0.18180508078
      ],
      "exit_codes": [
        0,
        0,
        0,
        0,
        0,
        0,
        0,
        0,
        0,
        0
      ]
    },
    {
      "command": "deno",
      "mean": 0.44310293058,
      "stddev": 0.012596172983537407,
      "median": 0.43892351428,
      "user": 0.4739726,
      "system": 0.34789900000000007,
      "min": 0.42630059078,
      "max": 0.46561598178,
      "times": [
        0.45712348078000004,
        0.45950285078,
        0.44298884078,
        0.42876124078,
        0.43991610378,
        0.42630059078,
        0.43586226878,
        0.46561598178,
        0.43702702278,
        0.43793092478
      ],
      "exit_codes": [
        0,
        0,
        0,
        0,
        0,
        0,
        0,
        0,
        0,
        0
      ]
    }
  ]
}