{
  "results": [
    {
      "command": "npm",
      "mean": 3.1744958845,
      "stddev": 0.014068563324831525,
      "median": 3.1734986737,
      "user": 3.7889948799999997,
      "system": 1.7336135199999998,
      "min": 3.1450928807,
      "max": 3.2018722837,
      "times": [
        3.1847681387,
        3.1681147587000003,
        3.1450928807,
        3.2018722837,
        3.1753449617,
        3.1716523857000003,
        3.1797243047,
        3.1659549827,
        3.1834277647,
        3.1690063837
      ],
      "exit_codes": [
        0,
        0,
        0,
        0,
        0,
        0,
        0,
        0,
        0,
        0
      ]
    },
    {
      "command": "yarn",
      "mean": 2.5305125813000005,
      "stddev": 0.09057739610826027,
      "median": 2.5239154552,
      "user": 2.79704118,
      "system": 2.00240842,
      "min": 2.4183915447,
      "max": 2.6672021497,
      "times": [
        2.6672021497,
        2.6667445037,
        2.5892045197,
        2.5937598057,
        2.5276560727,
        2.5201748377,
        2.4183915447,
        2.4388139917,
        2.4565055027000002,
        2.4266728847
      ],
      "exit_codes": [
        0,
        0,
        0,
        0,
        0,
        0,
        0,
        0,
        0,
        0
      ]
    },
    {
      "command": "berry",
      "mean": 2.9573952715000003,
      "stddev": 0.024611776277674954,
      "median": 2.9514902592,
      "user": 3.6534188800000003,
      "system": 1.1940305199999999,
      "min": 2.9251285607,
      "max": 3.0025294837,
      "times": [
        2.9315325847,
        3.0025294837,
        2.9376946497,
        2.9933136797000004,
        2.9656785647,
        2.9418373367000004,
        2.9732573367,
        2.9513746547,
        2.9251285607,
        2.9516058637
      ],
      "exit_codes": [
        0,
        0,
        0,
        0,
        0,
        0,
        0,
        0,
        0,
        0
      ]
    },
    {
      "command": "zpm",
      "mean": 0.4687294859000001,
      "stddev": 0.0065462915893906145,
      "median": 0.46957092670000006,
      "user": 0.15573438,
      "system": 0.35823992,
      "min": 0.45857733070000006,
      "max": 0.4808233787,
      "times": [
        0.47315889170000003,
        0.46887493970000005,
        0.46646967170000003,
        0.4808233787,
        0.45857733070000006,
        0.47026691370000007,
        0.46198235470000004,
        0.46065379770000003,
        0.47269552270000004,
        0.47379205770000005
      ],
      "exit_codes": [
        0,
        0,
        0,
        0,
        0,
        0,
        0,
        0,
        0,
        0
      ]
    },
    {
      "command": "pnpm",
      "mean": 1.1890016036,
      "stddev": 0.004749449797437533,
      "median": 1.1877674092000001,
      "user": 1.7741708799999998,
      "system": 0.43566532,
      "min": 1.1827148037000002,
      "max": 1.1969070687,
      "times": [
        1.1892164407,
        1.1880621527000002,
        1.1958990087,
        1.1843006487,
        1.1874726657,
        1.1843269657,
        1.1827148037000002,
        1.1940161097000002,
        1.1871001717,
        1.1969070687
      ],
      "exit_codes": [
        0,
        0,
        0,
        0,
        0,
        0,
        0,
        0,
        0,
        0
      ]
    },
    {
      "command": "vlt",
      "mean": 1.6383888032000002,
      "stddev": 0.009733739004020438,
      "median": 1.6401690092,
      "user": 1.9179095799999994,
      "system": 1.05094852,
      "min": 1.6240840097000002,
      "max": 1.6588274997,
      "times": [
        1.6312742817,
        1.6588274997,
        1.6240840097000002,
        1.6402042387,
        1.6401337797000002,
        1.6268762687000002,
        1.6443173767,
        1.6439469587,
        1.6313545877000002,
        1.6428690307
      ],
      "exit_codes": [
        0,
        0,
        0,
        0,
        0,
        0,
        0,
        0,
        0,
        0
      ]
    },
    {
      "command": "bun",
      "mean": 0.1790473579,
      "stddev": 0.001436825663934266,
      "median": 0.17886133870000004,
      "user": 0.16772298000000002,
      "system": 0.14163572,
      "min": 0.17711587970000003,
      "max": 0.1818556437,
      "times": [
        0.18039705670000003,
        0.17736777870000003,
        0.17748304570000004,
        0.1818556437,
        0.17871323070000003,
        0.17900944670000002,
        0.17711587970000003,
        0.17862318870000002,
        0.17996640370000003,
        0.17994190470000002
      ],
      "exit_codes": [
        0,
        0,
        0,
        0,
        0,
        0,
        0,
        0,
        0,
        0
      ]
    },
    {
      "command": "deno",
      "mean": 0.4373929824,
      "stddev": 0.01431602520297916,
      "median": 0.43792944070000006,
      "user": 0.46972888,
      "system": 0.34051131999999995,
      "min": 0.4086404517,
      "max": 0.46398048070000003,
      "times": [
        0.46398048070000003,
        0.45041056970000004,
        0.43349427370000004,
        0.4086404517,
        0.44516602670000005,
        0.42223605070000003,
        0.43978473970000004,
        0.43607414170000003,
        0.43298462070000004,
        0.44115846870000003
      ],
      "exit_codes": [
        0,
        0,
        0,
        0,
        0,
        0,
        0,
        0,
        0,
        0
      ]
    }
  ]
}