{
  "results": [
    {
      "command": "npm",
      "mean": 3.163274929439999,
      "stddev": 0.017572877338852804,
      "median": 3.16167159804,
      "user": 3.6550283,
      "system": 2.0684733599999996,
      "min": 3.14322518204,
      "max": 3.20250888804,
      "times": [
        3.1487019060400003,
        3.20250888804,
        3.17496209404,
        3.16096535004,
        3.1523977490400004,
        3.1809136060400003,
        3.1442612000400003,
        3.16237784604,
        3.14322518204,
        3.1624354730400004
      ],
      "exit_codes": [
        0,
        0,
        0,
        0,
        0,
        0,
        0,
        0,
        0,
        0
      ]
    },
    {
      "command": "yarn",
      "mean": 2.73103260444,
      "stddev": 0.10534837084328329,
      "median": 2.6850914690400005,
      "user": 2.8403748999999996,
      "system": 2.9388047599999996,
      "min": 2.67359982504,
      "max": 3.03718681004,
      "times": [
        2.68081316204,
        2.6825360640400002,
        2.67359982504,
        2.76646750604,
        3.03718681004,
        2.6858440340400005,
        2.68433890404,
        2.6785453930400003,
        2.70913560004,
        2.7118587460400003
      ],
      "exit_codes": [
        0,
        0,
        0,
        0,
        0,
        0,
        0,
        0,
        0,
        0
      ]
    },
    {
      "command": "berry",
      "mean": 2.8610790281400007,
      "stddev": 0.015118807054633613,
      "median": 2.8566260000400003,
      "user": 3.4034112,
      "system": 1.5973974600000003,
      "min": 2.8424704800400002,
      "max": 2.8920140460400003,
      "times": [
        2.8920140460400003,
        2.87466845404,
        2.8540403230400004,
        2.8482152010400004,
        2.85825843504,
        2.8752657000400004,
        2.86711126604,
        2.8424704800400002,
        2.8437528110400003,
        2.85499356504
      ],
      "exit_codes": [
        0,
        0,
        0,
        0,
        0,
        0,
        0,
        0,
        0,
        0
      ]
    },
    {
      "command": "pnpm",
      "mean": 1.23081252684,
      "stddev": 0.032020296908399984,
      "median": 1.21928957304,
      "user": 1.8365885,
      "system": 0.6816093599999999,
      "min": 1.20401479904,
      "max": 1.32002221004,
      "times": [
        1.21589888104,
        1.21578514904,
        1.32002221004,
        1.22268026504,
        1.21359439204,
        1.20401479904,
        1.21192962904,
        1.25007351804,
        1.22930009204,
        1.22482633304
      ],
      "exit_codes": [
        0,
        0,
        0,
        0,
        0,
        0,
        0,
        0,
        0,
        0
      ]
    },
    {
      "command": "vlt",
      "mean": 6.824275871440001,
      "stddev": 0.02053131771814687,
      "median": 6.82414313004,
      "user": 7.5383491,
      "system": 4.34126206,
      "min": 6.78705832404,
      "max": 6.85602697904,
      "times": [
        6.78705832404,
        6.82069106804,
        6.79557978404,
        6.82254220204,
        6.82869685204,
        6.825744058040001,
        6.84894857304,
        6.85602697904,
        6.81623481204,
        6.84123606204
      ],
      "exit_codes": [
        0,
        0,
        0,
        0,
        0,
        0,
        0,
        0,
        0,
        0
      ]
    },
    {
      "command": "bun",
      "mean": 0.28617325184000003,
      "stddev": 0.0012856608351505265,
      "median": 0.28626592004,
      "user": 0.178988,
      "system": 0.26712806,
      "min": 0.28427889804,
      "max": 0.28799712404,
      "times": [
        0.28503321504,
        0.28542821404,
        0.28718273004,
        0.28528083704,
        0.28469897004,
        0.28427889804,
        0.28710362604,
        0.28754736904,
        0.28799712404,
        0.28718153504
      ],
      "exit_codes": [
        0,
        0,
        0,
        0,
        0,
        0,
        0,
        0,
        0,
        0
      ]
    },
    {
      "command": "deno",
      "mean": 0.49914169693999993,
      "stddev": 0.021685758981353463,
      "median": 0.49944526554,
      "user": 0.3711001,
      "system": 0.53754216,
      "min": 0.46734074304,
      "max": 0.53399327504,
      "times": [
        0.50248417904,
        0.53105100604,
        0.51183122404,
        0.48876404504,
        0.53399327504,
        0.46734074304,
        0.49640635204,
        0.50744714604,
        0.47182276604,
        0.48027623304
      ],
      "exit_codes": [
        0,
        0,
        0,
        0,
        0,
        0,
        0,
        0,
        0,
        0
      ]
    }
  ]
}