{
  "results": [
    {
      "command": "npm",
      "mean": 5.1849695255,
      "stddev": 0.020000984739326898,
      "median": 5.1884535657,
      "user": 6.01487532,
      "system": 3.09071756,
      "min": 5.1503382666999995,
      "max": 5.2141080617,
      "times": [
        5.2026206487,
        5.1835514477,
        5.1701991617,
        5.1503382666999995,
        5.1953323807,
        5.2078380807,
        5.1687429037,
        5.1636086197,
        5.1933556837,
        5.2141080617
      ],
      "exit_codes": [
        0,
        0,
        0,
        0,
        0,
        0,
        0,
        0,
        0,
        0
      ]
    },
    {
      "command": "vlt",
      "mean": 0,
      "stddev": 0,
      "median": 0,
      "user": 0,
      "system": 0,
      "min": 0,
      "max": 0,
      "times": [
        0
      ],
      "exit_codes": [
        1
      ]
    },
    {
      "command": "aws",
      "mean": 5.7510355736,
      "stddev": 1.5723707192804048,
      "median": 5.2351263402,
      "user": 5.82430022,
      "system": 3.02317286,
      "min": 5.1923704587,
      "max": 10.4679011787,
      "times": [
        5.2440213887,
        10.4679011787,
        5.2451554147,
        5.240046610699999,
        5.2335736186999995,
        5.2233733387,
        5.2202294697,
        5.2070051957,
        5.1923704587,
        5.2366790617
      ],
      "exit_codes": [
        0,
        0,
        0,
        0,
        0,
        0,
        0,
        0,
        0,
        0
      ]
    }
  ]
}