npm http fetch GET 200 https://npm.cloudsmith.io/vlt/benchmarks/pinia 394ms (cache miss)
npm http fetch GET 200 https://npm.cloudsmith.io/vlt/benchmarks/typescript 1922ms (cache miss)
npm http fetch GET 200 https://npm.cloudsmith.io/vlt/benchmarks/vue 396ms (cache miss)
npm http fetch GET 200 https://npm.cloudsmith.io/vlt/benchmarks/vue-router 327ms (cache miss)
npm http fetch GET 200 https://npm.cloudsmith.io/vlt/benchmarks/@playwright%2ftest 1293ms (cache miss)
npm http fetch GET 200 https://npm.cloudsmith.io/vlt/benchmarks/@tsconfig%2fnode22 207ms (cache miss)
npm http fetch GET 200 https://npm.cloudsmith.io/vlt/benchmarks/@types%2fjsdom 263ms (cache miss)
npm http fetch GET 200 https://npm.cloudsmith.io/vlt/benchmarks/@types%2fnode 1189ms (cache miss)
npm http fetch GET 200 https://npm.cloudsmith.io/vlt/benchmarks/@vitejs%2fplugin-vue 287ms (cache miss)
npm http fetch GET 200 https://npm.cloudsmith.io/vlt/benchmarks/vite 1278ms (cache miss)
npm http fetch GET 200 https://npm.cloudsmith.io/vlt/benchmarks/@vitejs%2fplugin-vue-jsx 257ms (cache miss)
npm http fetch GET 200 https://npm.cloudsmith.io/vlt/benchmarks/@vitest%2feslint-plugin 280ms (cache miss)
npm http fetch GET 200 https://npm.cloudsmith.io/vlt/benchmarks/@typescript-eslint%2futils 1396ms (cache miss)
npm http fetch GET 200 https://npm.cloudsmith.io/vlt/benchmarks/eslint 349ms (cache miss)
npm http fetch GET 200 https://npm.cloudsmith.io/vlt/benchmarks/vitest 382ms (cache miss)
npm http fetch GET 200 https://npm.cloudsmith.io/vlt/benchmarks/jsdom 287ms (cache miss)
npm http fetch GET 200 https://npm.cloudsmith.io/vlt/benchmarks/@vue%2feslint-config-prettier 221ms (cache miss)
npm http fetch GET 200 https://npm.cloudsmith.io/vlt/benchmarks/prettier 273ms (cache miss)
npm http fetch GET 200 https://npm.cloudsmith.io/vlt/benchmarks/@vue%2feslint-config-typescript 232ms (cache miss)
npm http fetch GET 200 https://npm.cloudsmith.io/vlt/benchmarks/eslint-plugin-vue 421ms (cache miss)
npm http fetch GET 200 https://npm.cloudsmith.io/vlt/benchmarks/@vue%2ftest-utils 267ms (cache miss)
npm http fetch GET 200 https://npm.cloudsmith.io/vlt/benchmarks/@vue%2fcompiler-dom 306ms (cache miss)
npm http fetch GET 200 https://npm.cloudsmith.io/vlt/benchmarks/@vue%2ftsconfig 185ms (cache miss)
npm http fetch GET 200 https://npm.cloudsmith.io/vlt/benchmarks/eslint-plugin-playwright 355ms (cache miss)
npm http fetch GET 200 https://npm.cloudsmith.io/vlt/benchmarks/npm-run-all2 230ms (cache miss)
npm http fetch GET 200 https://npm.cloudsmith.io/vlt/benchmarks/vite-plugin-vue-devtools 303ms (cache miss)
npm http fetch GET 200 https://npm.cloudsmith.io/vlt/benchmarks/vue-tsc 342ms (cache miss)
npm http fetch GET 200 https://npm.cloudsmith.io/vlt/benchmarks/@types%2fnode 127ms (cache updated)
npm http fetch GET 200 https://npm.cloudsmith.io/vlt/benchmarks/@types%2ftough-cookie 259ms (cache miss)
npm http fetch GET 200 https://npm.cloudsmith.io/vlt/benchmarks/parse5 233ms (cache miss)
npm http fetch GET 200 https://npm.cloudsmith.io/vlt/benchmarks/undici-types 248ms (cache miss)
npm http fetch GET 200 https://npm.cloudsmith.io/vlt/benchmarks/@vue%2fcompiler-dom 22ms (cache updated)
npm http fetch GET 200 https://npm.cloudsmith.io/vlt/benchmarks/@vue%2fshared 269ms (cache miss)
npm http fetch GET 200 https://npm.cloudsmith.io/vlt/benchmarks/@vue%2fruntime-dom 302ms (cache miss)
npm http fetch GET 200 https://npm.cloudsmith.io/vlt/benchmarks/@vue%2fcompiler-sfc 292ms (cache miss)
npm http fetch GET 200 https://npm.cloudsmith.io/vlt/benchmarks/esbuild 20ms (cache miss)
npm http fetch GET 200 https://npm.cloudsmith.io/vlt/benchmarks/@vue%2fserver-renderer 294ms (cache miss)
npm http fetch GET 200 https://npm.cloudsmith.io/vlt/benchmarks/picomatch 13ms (cache miss)
npm http fetch GET 200 https://npm.cloudsmith.io/vlt/benchmarks/fdir 229ms (cache miss)
npm http fetch GET 200 https://npm.cloudsmith.io/vlt/benchmarks/postcss 267ms (cache miss)
npm http fetch GET 200 https://npm.cloudsmith.io/vlt/benchmarks/tinyglobby 13ms (cache miss)
npm http fetch GET 200 https://npm.cloudsmith.io/vlt/benchmarks/fsevents 211ms (cache miss)
npm http fetch GET 200 https://npm.cloudsmith.io/vlt/benchmarks/playwright 1696ms (cache miss)
npm http fetch GET 200 https://npm.cloudsmith.io/vlt/benchmarks/rollup 588ms (cache miss)
npm http fetch GET 200 https://npm.cloudsmith.io/vlt/benchmarks/@babel%2fcore 273ms (cache miss)
npm http fetch GET 200 https://npm.cloudsmith.io/vlt/benchmarks/@babel%2fplugin-transform-typescript 288ms (cache miss)
npm http fetch GET 200 https://npm.cloudsmith.io/vlt/benchmarks/@rolldown%2fpluginutils 235ms (cache miss)
npm http fetch GET 200 https://npm.cloudsmith.io/vlt/benchmarks/@vue%2fbabel-plugin-jsx 191ms (cache miss)
npm http fetch GET 200 https://npm.cloudsmith.io/vlt/benchmarks/@eslint-community%2feslint-utils 235ms (cache miss)
npm http fetch GET 200 https://npm.cloudsmith.io/vlt/benchmarks/@typescript-eslint%2fscope-manager 1522ms (cache miss)
npm http fetch GET 200 https://npm.cloudsmith.io/vlt/benchmarks/@typescript-eslint%2ftypes 1533ms (cache miss)
npm http fetch GET 200 https://npm.cloudsmith.io/vlt/benchmarks/@eslint-community%2feslint-utils 71ms (cache updated)
npm http fetch GET 200 https://npm.cloudsmith.io/vlt/benchmarks/@eslint-community%2fregexpp 217ms (cache miss)
npm http fetch GET 200 https://npm.cloudsmith.io/vlt/benchmarks/@eslint%2fconfig-array 208ms (cache miss)
npm http fetch GET 200 https://npm.cloudsmith.io/vlt/benchmarks/@eslint%2fconfig-helpers 213ms (cache miss)
npm http fetch GET 200 https://npm.cloudsmith.io/vlt/benchmarks/@eslint%2fcore 219ms (cache miss)
npm http fetch GET 200 https://npm.cloudsmith.io/vlt/benchmarks/@typescript-eslint%2ftypescript-estree 1881ms (cache miss)
npm http fetch GET 200 https://npm.cloudsmith.io/vlt/benchmarks/@eslint%2feslintrc 217ms (cache miss)
npm http fetch GET 200 https://npm.cloudsmith.io/vlt/benchmarks/@eslint%2fjs 234ms (cache miss)
npm http fetch GET 200 https://npm.cloudsmith.io/vlt/benchmarks/@eslint%2fplugin-kit 237ms (cache miss)
npm http fetch GET 200 https://npm.cloudsmith.io/vlt/benchmarks/@humanwhocodes%2fmodule-importer 196ms (cache miss)
npm http fetch GET 200 https://npm.cloudsmith.io/vlt/benchmarks/@types%2festree 14ms (cache miss)
npm http fetch GET 200 https://npm.cloudsmith.io/vlt/benchmarks/@humanfs%2fnode 241ms (cache miss)
npm http fetch GET 200 https://npm.cloudsmith.io/vlt/benchmarks/chalk 14ms (cache miss)
npm http fetch GET 200 https://npm.cloudsmith.io/vlt/benchmarks/@humanwhocodes%2fretry 191ms (cache miss)
npm http fetch GET 200 https://npm.cloudsmith.io/vlt/benchmarks/debug 15ms (cache miss)
npm http fetch GET 200 https://npm.cloudsmith.io/vlt/benchmarks/escape-string-regexp 220ms (cache miss)
npm http fetch GET 200 https://npm.cloudsmith.io/vlt/benchmarks/cross-spawn 367ms (cache miss)
npm http fetch GET 200 https://npm.cloudsmith.io/vlt/benchmarks/ajv 445ms (cache miss)
npm http fetch GET 200 https://npm.cloudsmith.io/vlt/benchmarks/eslint-scope 219ms (cache miss)
npm http fetch GET 200 https://npm.cloudsmith.io/vlt/benchmarks/eslint-visitor-keys 202ms (cache miss)
npm http fetch GET 200 https://npm.cloudsmith.io/vlt/benchmarks/espree 215ms (cache miss)
npm http fetch GET 200 https://npm.cloudsmith.io/vlt/benchmarks/esquery 192ms (cache miss)
npm http fetch GET 200 https://npm.cloudsmith.io/vlt/benchmarks/esutils 227ms (cache miss)
npm http fetch GET 200 https://npm.cloudsmith.io/vlt/benchmarks/fast-deep-equal 221ms (cache miss)
npm http fetch GET 200 https://npm.cloudsmith.io/vlt/benchmarks/file-entry-cache 270ms (cache miss)
npm http fetch GET 200 https://npm.cloudsmith.io/vlt/benchmarks/find-up 240ms (cache miss)
npm http fetch GET 200 https://npm.cloudsmith.io/vlt/benchmarks/glob-parent 189ms (cache miss)
npm http fetch GET 200 https://npm.cloudsmith.io/vlt/benchmarks/imurmurhash 194ms (cache miss)
npm http fetch GET 200 https://npm.cloudsmith.io/vlt/benchmarks/ignore 273ms (cache miss)
npm http fetch GET 200 https://npm.cloudsmith.io/vlt/benchmarks/is-glob 274ms (cache miss)
npm http fetch GET 200 https://npm.cloudsmith.io/vlt/benchmarks/json-stable-stringify-without-jsonify 221ms (cache miss)
npm http fetch GET 200 https://npm.cloudsmith.io/vlt/benchmarks/lodash.merge 274ms (cache miss)
npm http fetch GET 200 https://npm.cloudsmith.io/vlt/benchmarks/minimatch 225ms (cache miss)
npm http fetch GET 200 https://npm.cloudsmith.io/vlt/benchmarks/natural-compare 187ms (cache miss)
npm http fetch GET 200 https://npm.cloudsmith.io/vlt/benchmarks/optionator 191ms (cache miss)
npm http fetch GET 200 https://npm.cloudsmith.io/vlt/benchmarks/eslint-config-prettier 255ms (cache miss)
npm http fetch GET 200 https://npm.cloudsmith.io/vlt/benchmarks/eslint-plugin-prettier 217ms (cache miss)
npm http fetch GET 200 https://npm.cloudsmith.io/vlt/benchmarks/fast-glob 224ms (cache miss)
npm http fetch GET 200 https://npm.cloudsmith.io/vlt/benchmarks/@eslint-community%2feslint-utils 15ms (cache updated)
npm http fetch GET 200 https://npm.cloudsmith.io/vlt/benchmarks/vue-eslint-parser 357ms (cache miss)
npm http fetch GET 200 https://npm.cloudsmith.io/vlt/benchmarks/globals 289ms (cache miss)
npm http fetch GET 200 https://npm.cloudsmith.io/vlt/benchmarks/nth-check 221ms (cache miss)
npm http fetch GET 200 https://npm.cloudsmith.io/vlt/benchmarks/semver 13ms (cache miss)
npm http fetch GET 200 https://npm.cloudsmith.io/vlt/benchmarks/postcss-selector-parser 225ms (cache miss)
npm http fetch GET 200 https://npm.cloudsmith.io/vlt/benchmarks/typescript-eslint 804ms (cache miss)
npm http fetch GET 200 https://npm.cloudsmith.io/vlt/benchmarks/vue-eslint-parser 240ms (cache updated)
npm http fetch GET 200 https://npm.cloudsmith.io/vlt/benchmarks/xml-name-validator 237ms (cache miss)
npm http fetch GET 200 https://npm.cloudsmith.io/vlt/benchmarks/js-beautify 266ms (cache miss)
npm http fetch GET 200 https://npm.cloudsmith.io/vlt/benchmarks/globals 16ms (cache updated)
npm http fetch GET 200 https://npm.cloudsmith.io/vlt/benchmarks/@vue%2fcompiler-core 335ms (cache miss)
npm http fetch GET 200 https://npm.cloudsmith.io/vlt/benchmarks/vue-component-type-helpers 374ms (cache miss)
npm http fetch GET 200 https://npm.cloudsmith.io/vlt/benchmarks/cssstyle 224ms (cache miss)
npm http fetch GET 200 https://npm.cloudsmith.io/vlt/benchmarks/data-urls 233ms (cache miss)
npm http fetch GET 200 https://npm.cloudsmith.io/vlt/benchmarks/form-data 268ms (cache miss)
npm http fetch GET 200 https://npm.cloudsmith.io/vlt/benchmarks/decimal.js 407ms (cache miss)
npm http fetch GET 200 https://npm.cloudsmith.io/vlt/benchmarks/html-encoding-sniffer 231ms (cache miss)
npm http fetch GET 200 https://npm.cloudsmith.io/vlt/benchmarks/http-proxy-agent 214ms (cache miss)
npm http fetch GET 200 https://npm.cloudsmith.io/vlt/benchmarks/https-proxy-agent 208ms (cache miss)
npm http fetch GET 200 https://npm.cloudsmith.io/vlt/benchmarks/parse5 17ms (cache updated)
npm http fetch GET 200 https://npm.cloudsmith.io/vlt/benchmarks/is-potential-custom-element-name 234ms (cache miss)
npm http fetch GET 200 https://npm.cloudsmith.io/vlt/benchmarks/nwsapi 205ms (cache miss)
npm http fetch GET 200 https://npm.cloudsmith.io/vlt/benchmarks/rrweb-cssom 227ms (cache miss)
npm http fetch GET 200 https://npm.cloudsmith.io/vlt/benchmarks/saxes 201ms (cache miss)
npm http fetch GET 200 https://npm.cloudsmith.io/vlt/benchmarks/symbol-tree 237ms (cache miss)
npm http fetch GET 200 https://npm.cloudsmith.io/vlt/benchmarks/w3c-xmlserializer 201ms (cache miss)
npm http fetch GET 200 https://npm.cloudsmith.io/vlt/benchmarks/tough-cookie 262ms (cache miss)
npm http fetch GET 200 https://npm.cloudsmith.io/vlt/benchmarks/webidl-conversions 268ms (cache miss)
npm http fetch GET 200 https://npm.cloudsmith.io/vlt/benchmarks/whatwg-encoding 281ms (cache miss)
npm http fetch GET 200 https://npm.cloudsmith.io/vlt/benchmarks/whatwg-mimetype 232ms (cache miss)
npm http fetch GET 200 https://npm.cloudsmith.io/vlt/benchmarks/xml-name-validator 14ms (cache updated)
npm http fetch GET 200 https://npm.cloudsmith.io/vlt/benchmarks/whatwg-url 201ms (cache miss)
npm http fetch GET 200 https://npm.cloudsmith.io/vlt/benchmarks/ansi-styles 206ms (cache miss)
npm http fetch GET 200 https://npm.cloudsmith.io/vlt/benchmarks/minimatch 15ms (cache updated)
npm http fetch GET 200 https://npm.cloudsmith.io/vlt/benchmarks/ws 314ms (cache miss)
npm http fetch GET 200 https://npm.cloudsmith.io/vlt/benchmarks/memorystream 190ms (cache miss)
npm http fetch GET 200 https://npm.cloudsmith.io/vlt/benchmarks/pidtree 199ms (cache miss)
npm http fetch GET 200 https://npm.cloudsmith.io/vlt/benchmarks/read-package-json-fast 202ms (cache miss)
npm http fetch GET 200 https://npm.cloudsmith.io/vlt/benchmarks/shell-quote 241ms (cache miss)
npm http fetch GET 200 https://npm.cloudsmith.io/vlt/benchmarks/which 220ms (cache miss)
npm http fetch GET 200 https://npm.cloudsmith.io/vlt/benchmarks/@vue%2fdevtools-api 240ms (cache miss)
npm http fetch GET 200 https://npm.cloudsmith.io/vlt/benchmarks/vue-demi 239ms (cache miss)
npm http fetch GET 200 https://npm.cloudsmith.io/vlt/benchmarks/sirv 203ms (cache miss)
npm http fetch GET 200 https://npm.cloudsmith.io/vlt/benchmarks/vite-plugin-inspect 262ms (cache miss)
npm http fetch GET 200 https://npm.cloudsmith.io/vlt/benchmarks/execa 505ms (cache miss)
npm http fetch GET 200 https://npm.cloudsmith.io/vlt/benchmarks/vite-plugin-vue-inspector 254ms (cache miss)
npm http fetch GET 200 https://npm.cloudsmith.io/vlt/benchmarks/@vue%2fdevtools-core 226ms (cache miss)
npm http fetch GET 200 https://npm.cloudsmith.io/vlt/benchmarks/@vue%2fdevtools-shared 225ms (cache miss)
npm http fetch GET 200 https://npm.cloudsmith.io/vlt/benchmarks/debug 19ms (cache updated)
npm http fetch GET 200 https://npm.cloudsmith.io/vlt/benchmarks/@vue%2fdevtools-kit 251ms (cache miss)
npm http fetch GET 200 https://npm.cloudsmith.io/vlt/benchmarks/magic-string 14ms (cache miss)
npm http fetch GET 200 https://npm.cloudsmith.io/vlt/benchmarks/chai 225ms (cache miss)
npm http fetch GET 200 https://npm.cloudsmith.io/vlt/benchmarks/expect-type 223ms (cache miss)
npm http fetch GET 200 https://npm.cloudsmith.io/vlt/benchmarks/pathe 202ms (cache miss)
npm http fetch GET 200 https://npm.cloudsmith.io/vlt/benchmarks/std-env 248ms (cache miss)
npm http fetch GET 200 https://npm.cloudsmith.io/vlt/benchmarks/tinybench 238ms (cache miss)
npm http fetch GET 200 https://npm.cloudsmith.io/vlt/benchmarks/tinyexec 218ms (cache miss)
npm http fetch GET 200 https://npm.cloudsmith.io/vlt/benchmarks/tinypool 263ms (cache miss)
npm http fetch GET 200 https://npm.cloudsmith.io/vlt/benchmarks/tinyrainbow 233ms (cache miss)
npm http fetch GET 200 https://npm.cloudsmith.io/vlt/benchmarks/vite 222ms (cache updated)
npm http fetch GET 200 https://npm.cloudsmith.io/vlt/benchmarks/why-is-node-running 246ms (cache miss)
npm http fetch GET 200 https://npm.cloudsmith.io/vlt/benchmarks/@vitest%2fexpect 258ms (cache miss)
npm http fetch GET 200 https://npm.cloudsmith.io/vlt/benchmarks/@vitest%2fmocker 253ms (cache miss)
npm http fetch GET 200 https://npm.cloudsmith.io/vlt/benchmarks/@vitest%2frunner 253ms (cache miss)
npm http fetch GET 200 https://npm.cloudsmith.io/vlt/benchmarks/@vitest%2fsnapshot 236ms (cache miss)
npm http fetch GET 200 https://npm.cloudsmith.io/vlt/benchmarks/@vitest%2fpretty-format 222ms (cache miss)
npm http fetch GET 200 https://npm.cloudsmith.io/vlt/benchmarks/@vitest%2fspy 305ms (cache miss)
npm http fetch GET 200 https://npm.cloudsmith.io/vlt/benchmarks/@vue%2fdevtools-api 19ms (cache updated)
npm http fetch GET 200 https://npm.cloudsmith.io/vlt/benchmarks/@vitest%2futils 271ms (cache miss)
npm http fetch GET 200 https://npm.cloudsmith.io/vlt/benchmarks/vite-node 426ms (cache miss)
npm http fetch GET 200 https://npm.cloudsmith.io/vlt/benchmarks/@volar%2ftypescript 259ms (cache miss)
npm http fetch GET 200 https://npm.cloudsmith.io/vlt/benchmarks/@vue%2flanguage-core 260ms (cache miss)
npm http fetch GET 200 https://npm.cloudsmith.io/vlt/benchmarks/playwright-core 2097ms (cache miss)
npm http fetch GET 200 https://npm.cloudsmith.io/vlt/benchmarks/entities 14ms (cache miss)
npm http fetch GET 200 https://npm.cloudsmith.io/vlt/benchmarks/eslint 22ms (cache updated)
npm http fetch GET 200 https://npm.cloudsmith.io/vlt/benchmarks/typescript 96ms (cache updated)
npm http fetch GET 200 https://npm.cloudsmith.io/vlt/benchmarks/eslint-visitor-keys 24ms (cache updated)
npm http fetch GET 200 https://npm.cloudsmith.io/vlt/benchmarks/@typescript-eslint%2ftsconfig-utils 411ms (cache miss)
npm http fetch GET 200 https://npm.cloudsmith.io/vlt/benchmarks/@typescript-eslint%2fproject-service 466ms (cache miss)
npm http fetch GET 200 https://npm.cloudsmith.io/vlt/benchmarks/debug 16ms (cache updated)
npm http fetch GET 200 https://npm.cloudsmith.io/vlt/benchmarks/minimatch 21ms (cache updated)
npm http fetch GET 200 https://npm.cloudsmith.io/vlt/benchmarks/semver 19ms (cache updated)
npm http fetch GET 200 https://npm.cloudsmith.io/vlt/benchmarks/tinyglobby 13ms (cache updated)
npm http fetch GET 200 https://npm.cloudsmith.io/vlt/benchmarks/ts-api-utils 245ms (cache miss)
npm http fetch GET 200 https://npm.cloudsmith.io/vlt/benchmarks/@typescript-eslint%2fvisitor-keys 1514ms (cache miss)
npm http fetch GET 200 https://npm.cloudsmith.io/vlt/benchmarks/@typescript-eslint%2fvisitor-keys 1493ms (cache miss)
npm http fetch GET 200 https://npm.cloudsmith.io/vlt/benchmarks/eslint-visitor-keys 26ms (cache updated)
npm http fetch GET 200 https://npm.cloudsmith.io/vlt/benchmarks/ms 17ms (cache miss)
npm http fetch GET 200 https://npm.cloudsmith.io/vlt/benchmarks/@typescript-eslint%2ftsconfig-utils 27ms (cache updated)
npm http fetch GET 200 https://npm.cloudsmith.io/vlt/benchmarks/fdir 21ms (cache updated)
npm http fetch GET 200 https://npm.cloudsmith.io/vlt/benchmarks/picomatch 15ms (cache updated)
npm http fetch GET 200 https://npm.cloudsmith.io/vlt/benchmarks/brace-expansion 227ms (cache miss)
npm http fetch GET 200 https://npm.cloudsmith.io/vlt/benchmarks/@babel%2fcode-frame 227ms (cache miss)
npm http fetch GET 200 https://npm.cloudsmith.io/vlt/benchmarks/@babel%2fhelper-compilation-targets 243ms (cache miss)
npm http fetch GET 200 https://npm.cloudsmith.io/vlt/benchmarks/@babel%2fgenerator 288ms (cache miss)
npm http fetch GET 200 https://npm.cloudsmith.io/vlt/benchmarks/@babel%2fparser 16ms (cache miss)
npm http fetch GET 200 https://npm.cloudsmith.io/vlt/benchmarks/@babel%2fhelpers 237ms (cache miss)
npm http fetch GET 200 https://npm.cloudsmith.io/vlt/benchmarks/@babel%2fhelper-module-transforms 257ms (cache miss)
npm http fetch GET 200 https://npm.cloudsmith.io/vlt/benchmarks/@babel%2ftypes 15ms (cache miss)
npm http fetch GET 200 https://npm.cloudsmith.io/vlt/benchmarks/@babel%2ftemplate 252ms (cache miss)
npm http fetch GET 200 https://npm.cloudsmith.io/vlt/benchmarks/@jridgewell%2fremapping 211ms (cache miss)
npm http fetch GET 200 https://npm.cloudsmith.io/vlt/benchmarks/@babel%2ftraverse 295ms (cache miss)
npm http fetch GET 200 https://npm.cloudsmith.io/vlt/benchmarks/convert-source-map 257ms (cache miss)
npm http fetch GET 200 https://npm.cloudsmith.io/vlt/benchmarks/semver 16ms (cache updated)
npm http fetch GET 200 https://npm.cloudsmith.io/vlt/benchmarks/gensync 246ms (cache miss)
npm http fetch GET 200 https://npm.cloudsmith.io/vlt/benchmarks/json5 189ms (cache miss)
npm http fetch GET 200 https://npm.cloudsmith.io/vlt/benchmarks/@babel%2fhelper-annotate-as-pure 229ms (cache miss)
npm http fetch GET 200 https://npm.cloudsmith.io/vlt/benchmarks/@babel%2fhelper-create-class-features-plugin 234ms (cache miss)
npm http fetch GET 200 https://npm.cloudsmith.io/vlt/benchmarks/@babel%2fhelper-plugin-utils 230ms (cache miss)
npm http fetch GET 200 https://npm.cloudsmith.io/vlt/benchmarks/@babel%2fhelper-skip-transparent-expression-wrappers 212ms (cache miss)
npm http fetch GET 200 https://npm.cloudsmith.io/vlt/benchmarks/@babel%2fhelper-plugin-utils 15ms (cache updated)
npm http fetch GET 200 https://npm.cloudsmith.io/vlt/benchmarks/@babel%2fplugin-syntax-typescript 234ms (cache miss)
npm http fetch GET 200 https://npm.cloudsmith.io/vlt/benchmarks/@babel%2fhelper-module-imports 255ms (cache miss)
npm http fetch GET 200 https://npm.cloudsmith.io/vlt/benchmarks/@babel%2ftemplate 28ms (cache updated)
npm http fetch GET 200 https://npm.cloudsmith.io/vlt/benchmarks/@babel%2ftraverse 25ms (cache updated)
npm http fetch GET 200 https://npm.cloudsmith.io/vlt/benchmarks/@vue%2fshared 18ms (cache updated)
npm http fetch GET 200 https://npm.cloudsmith.io/vlt/benchmarks/@babel%2fplugin-syntax-jsx 259ms (cache miss)
npm http fetch GET 200 https://npm.cloudsmith.io/vlt/benchmarks/@babel%2ftypes 172ms (cache updated)
npm http fetch GET 200 https://npm.cloudsmith.io/vlt/benchmarks/@vue%2fbabel-helper-vue-transform-on 210ms (cache miss)
npm http fetch GET 200 https://npm.cloudsmith.io/vlt/benchmarks/@vue%2fbabel-plugin-resolve-type 226ms (cache miss)
npm http fetch GET 200 https://npm.cloudsmith.io/vlt/benchmarks/@babel%2fcore 180ms (cache updated)
npm http fetch GET 200 https://npm.cloudsmith.io/vlt/benchmarks/picocolors 16ms (cache miss)
npm http fetch GET 200 https://npm.cloudsmith.io/vlt/benchmarks/@babel%2fhelper-validator-identifier 17ms (cache miss)
npm http fetch GET 200 https://npm.cloudsmith.io/vlt/benchmarks/@babel%2ftypes 20ms (cache updated)
npm http fetch GET 200 https://npm.cloudsmith.io/vlt/benchmarks/@babel%2fparser 27ms (cache updated)
npm http fetch GET 200 https://npm.cloudsmith.io/vlt/benchmarks/@jridgewell%2ftrace-mapping 151ms (cache miss)
npm http fetch GET 200 https://npm.cloudsmith.io/vlt/benchmarks/js-tokens 209ms (cache miss)
npm http fetch GET 200 https://npm.cloudsmith.io/vlt/benchmarks/@jridgewell%2fgen-mapping 254ms (cache miss)
npm http fetch GET 200 https://npm.cloudsmith.io/vlt/benchmarks/jsesc 227ms (cache miss)
npm http fetch GET 200 https://npm.cloudsmith.io/vlt/benchmarks/@babel%2fcompat-data 256ms (cache miss)
npm http fetch GET 200 https://npm.cloudsmith.io/vlt/benchmarks/lru-cache 15ms (cache miss)
npm http fetch GET 200 https://npm.cloudsmith.io/vlt/benchmarks/@babel%2fhelper-module-imports 25ms (cache updated)
npm http fetch GET 200 https://npm.cloudsmith.io/vlt/benchmarks/@babel%2fhelper-validator-option 220ms (cache miss)
npm http fetch GET 200 https://npm.cloudsmith.io/vlt/benchmarks/@babel%2fhelper-string-parser 13ms (cache miss)
npm http fetch GET 200 https://npm.cloudsmith.io/vlt/benchmarks/@jridgewell%2fgen-mapping 163ms (cache updated)
npm http fetch GET 200 https://npm.cloudsmith.io/vlt/benchmarks/@babel%2fhelper-globals 186ms (cache miss)
npm http fetch GET 200 https://npm.cloudsmith.io/vlt/benchmarks/@jridgewell%2ftrace-mapping 15ms (cache updated)
npm http fetch GET 200 https://npm.cloudsmith.io/vlt/benchmarks/browserslist 338ms (cache miss)
npm http fetch GET 200 https://npm.cloudsmith.io/vlt/benchmarks/@jridgewell%2fsourcemap-codec 14ms (cache miss)
npm http fetch GET 200 https://npm.cloudsmith.io/vlt/benchmarks/@jridgewell%2fsourcemap-codec 16ms (cache miss)
npm http fetch GET 200 https://npm.cloudsmith.io/vlt/benchmarks/@jridgewell%2fresolve-uri 243ms (cache miss)
npm http fetch GET 200 https://npm.cloudsmith.io/vlt/benchmarks/baseline-browser-mapping 268ms (cache miss)
npm http fetch GET 200 https://npm.cloudsmith.io/vlt/benchmarks/caniuse-lite 479ms (cache miss)
npm http fetch GET 200 https://npm.cloudsmith.io/vlt/benchmarks/node-releases 272ms (cache miss)
npm http fetch GET 200 https://npm.cloudsmith.io/vlt/benchmarks/update-browserslist-db 258ms (cache miss)
npm http fetch GET 200 https://npm.cloudsmith.io/vlt/benchmarks/yallist 206ms (cache miss)
npm http fetch GET 200 https://npm.cloudsmith.io/vlt/benchmarks/electron-to-chromium 887ms (cache miss)
npm http fetch GET 200 https://npm.cloudsmith.io/vlt/benchmarks/@babel%2fcore 28ms (cache updated)
npm http fetch GET 200 https://npm.cloudsmith.io/vlt/benchmarks/@babel%2fhelper-member-expression-to-functions 217ms (cache miss)
npm http fetch GET 200 https://npm.cloudsmith.io/vlt/benchmarks/@babel%2fhelper-optimise-call-expression 229ms (cache miss)
npm http fetch GET 200 https://npm.cloudsmith.io/vlt/benchmarks/@babel%2fhelper-replace-supers 272ms (cache miss)
npm http fetch GET 200 https://npm.cloudsmith.io/vlt/benchmarks/@vue%2fcompiler-sfc 28ms (cache updated)
npm http fetch GET 200 https://npm.cloudsmith.io/vlt/benchmarks/estree-walker 16ms (cache miss)
npm http fetch GET 200 https://npm.cloudsmith.io/vlt/benchmarks/magic-string 24ms (cache updated)
npm http fetch GET 200 https://npm.cloudsmith.io/vlt/benchmarks/postcss 16ms (cache updated)
npm http fetch GET 200 https://npm.cloudsmith.io/vlt/benchmarks/source-map-js 12ms (cache miss)
npm http fetch GET 200 https://npm.cloudsmith.io/vlt/benchmarks/@vue%2fcompiler-ssr 309ms (cache miss)
npm http fetch GET 200 https://npm.cloudsmith.io/vlt/benchmarks/entities 18ms (cache updated)
npm http fetch GET 200 https://npm.cloudsmith.io/vlt/benchmarks/nanoid 272ms (cache miss)
npm http fetch GET 200 https://npm.cloudsmith.io/vlt/benchmarks/eslint 22ms (cache updated)
npm http fetch GET 200 https://npm.cloudsmith.io/vlt/benchmarks/prettier 33ms (cache updated)
npm http fetch GET 200 https://npm.cloudsmith.io/vlt/benchmarks/prettier-linter-helpers 252ms (cache miss)
npm http fetch GET 200 https://npm.cloudsmith.io/vlt/benchmarks/synckit 339ms (cache miss)
npm http fetch GET 200 https://npm.cloudsmith.io/vlt/benchmarks/eslint 28ms (cache updated)
npm http fetch GET 200 https://npm.cloudsmith.io/vlt/benchmarks/typescript 1552ms (cache updated)
npm http fetch GET 200 https://npm.cloudsmith.io/vlt/benchmarks/glob-parent 20ms (cache updated)
npm http fetch GET 200 https://npm.cloudsmith.io/vlt/benchmarks/@nodelib%2ffs.stat 224ms (cache miss)
npm http fetch GET 200 https://npm.cloudsmith.io/vlt/benchmarks/merge2 204ms (cache miss)
npm http fetch GET 200 https://npm.cloudsmith.io/vlt/benchmarks/@nodelib%2ffs.walk 238ms (cache miss)
npm http fetch GET 200 https://npm.cloudsmith.io/vlt/benchmarks/micromatch 243ms (cache miss)
npm http fetch GET 200 https://npm.cloudsmith.io/vlt/benchmarks/eslint-scope 20ms (cache updated)
npm http fetch GET 200 https://npm.cloudsmith.io/vlt/benchmarks/eslint-visitor-keys 19ms (cache updated)
npm http fetch GET 200 https://npm.cloudsmith.io/vlt/benchmarks/espree 16ms (cache updated)
npm http fetch GET 200 https://npm.cloudsmith.io/vlt/benchmarks/esquery 17ms (cache updated)
npm http fetch GET 200 https://npm.cloudsmith.io/vlt/benchmarks/@typescript-eslint%2fparser 1749ms (cache miss)
npm http fetch GET 200 https://npm.cloudsmith.io/vlt/benchmarks/@typescript-eslint%2feslint-plugin 1830ms (cache miss)
npm http fetch GET 200 https://npm.cloudsmith.io/vlt/benchmarks/config-chain 215ms (cache miss)
npm http fetch GET 200 https://npm.cloudsmith.io/vlt/benchmarks/editorconfig 218ms (cache miss)
npm http fetch GET 200 https://npm.cloudsmith.io/vlt/benchmarks/glob 296ms (cache miss)
npm http fetch GET 200 https://npm.cloudsmith.io/vlt/benchmarks/js-cookie 247ms (cache miss)
npm http fetch GET 200 https://npm.cloudsmith.io/vlt/benchmarks/nopt 277ms (cache miss)
npm http fetch GET 200 https://npm.cloudsmith.io/vlt/benchmarks/browserslist 16ms (cache updated)
npm http fetch GET 200 https://npm.cloudsmith.io/vlt/benchmarks/escalade 241ms (cache miss)
npm http fetch GET 200 https://npm.cloudsmith.io/vlt/benchmarks/espree 21ms (cache updated)
npm http fetch GET 200 https://npm.cloudsmith.io/vlt/benchmarks/globals 15ms (cache updated)
npm http fetch GET 200 https://npm.cloudsmith.io/vlt/benchmarks/@types%2fjson-schema 193ms (cache miss)
npm http fetch GET 200 https://npm.cloudsmith.io/vlt/benchmarks/@eslint%2fobject-schema 225ms (cache miss)
npm http fetch GET 200 https://npm.cloudsmith.io/vlt/benchmarks/import-fresh 203ms (cache miss)
npm http fetch GET 200 https://npm.cloudsmith.io/vlt/benchmarks/js-yaml 165ms (cache miss)
npm http fetch GET 200 https://npm.cloudsmith.io/vlt/benchmarks/@humanwhocodes%2fretry 13ms (cache updated)
npm http fetch GET 200 https://npm.cloudsmith.io/vlt/benchmarks/strip-json-comments 211ms (cache miss)
npm http fetch GET 200 https://npm.cloudsmith.io/vlt/benchmarks/levn 228ms (cache miss)
npm http fetch GET 200 https://npm.cloudsmith.io/vlt/benchmarks/fast-deep-equal 13ms (cache updated)
npm http fetch GET 200 https://npm.cloudsmith.io/vlt/benchmarks/@humanfs%2fcore 222ms (cache miss)
npm http fetch GET 200 https://npm.cloudsmith.io/vlt/benchmarks/@humanfs%2ftypes 197ms (cache miss)
npm http fetch GET 200 https://npm.cloudsmith.io/vlt/benchmarks/fast-json-stable-stringify 208ms (cache miss)
npm http fetch GET 200 https://npm.cloudsmith.io/vlt/benchmarks/ansi-styles 18ms (cache updated)
npm http fetch GET 200 https://npm.cloudsmith.io/vlt/benchmarks/json-schema-traverse 188ms (cache miss)
npm http fetch GET 200 https://npm.cloudsmith.io/vlt/benchmarks/uri-js 224ms (cache miss)
npm http fetch GET 200 https://npm.cloudsmith.io/vlt/benchmarks/supports-color 207ms (cache miss)
npm http fetch GET 200 https://npm.cloudsmith.io/vlt/benchmarks/which 18ms (cache updated)
npm http fetch GET 200 https://npm.cloudsmith.io/vlt/benchmarks/path-key 275ms (cache miss)
npm http fetch GET 200 https://npm.cloudsmith.io/vlt/benchmarks/shebang-command 203ms (cache miss)
npm http fetch GET 200 https://npm.cloudsmith.io/vlt/benchmarks/esrecurse 200ms (cache miss)
npm http fetch GET 200 https://npm.cloudsmith.io/vlt/benchmarks/estraverse 259ms (cache miss)
npm http fetch GET 200 https://npm.cloudsmith.io/vlt/benchmarks/estraverse 21ms (cache updated)
npm http fetch GET 200 https://npm.cloudsmith.io/vlt/benchmarks/acorn 297ms (cache miss)
npm http fetch GET 200 https://npm.cloudsmith.io/vlt/benchmarks/acorn-jsx 304ms (cache miss)
npm http fetch GET 200 https://npm.cloudsmith.io/vlt/benchmarks/locate-path 206ms (cache miss)
npm http fetch GET 200 https://npm.cloudsmith.io/vlt/benchmarks/is-glob 22ms (cache updated)
npm http fetch GET 200 https://npm.cloudsmith.io/vlt/benchmarks/flat-cache 253ms (cache miss)
npm http fetch GET 200 https://npm.cloudsmith.io/vlt/benchmarks/path-exists 254ms (cache miss)
npm http fetch GET 200 https://npm.cloudsmith.io/vlt/benchmarks/brace-expansion 243ms (cache updated)
npm http fetch GET 200 https://npm.cloudsmith.io/vlt/benchmarks/is-extglob 263ms (cache miss)
npm http fetch GET 200 https://npm.cloudsmith.io/vlt/benchmarks/prelude-ls 273ms (cache miss)
npm http fetch GET 200 https://npm.cloudsmith.io/vlt/benchmarks/deep-is 218ms (cache miss)
npm http fetch GET 200 https://npm.cloudsmith.io/vlt/benchmarks/word-wrap 216ms (cache miss)
npm http fetch GET 200 https://npm.cloudsmith.io/vlt/benchmarks/type-check 227ms (cache miss)
npm http fetch GET 200 https://npm.cloudsmith.io/vlt/benchmarks/fast-levenshtein 200ms (cache miss)
npm http fetch GET 200 https://npm.cloudsmith.io/vlt/benchmarks/argparse 14ms (cache miss)
npm http fetch GET 200 https://npm.cloudsmith.io/vlt/benchmarks/resolve-from 208ms (cache miss)
npm http fetch GET 200 https://npm.cloudsmith.io/vlt/benchmarks/parent-module 236ms (cache miss)
npm http fetch GET 200 https://npm.cloudsmith.io/vlt/benchmarks/type-check 17ms (cache updated)
npm http fetch GET 200 https://npm.cloudsmith.io/vlt/benchmarks/punycode 228ms (cache miss)
npm http fetch GET 200 https://npm.cloudsmith.io/vlt/benchmarks/has-flag 200ms (cache miss)
npm http fetch GET 200 https://npm.cloudsmith.io/vlt/benchmarks/color-convert 211ms (cache miss)
npm http fetch GET 200 https://npm.cloudsmith.io/vlt/benchmarks/color-name 224ms (cache miss)
npm http fetch GET 200 https://npm.cloudsmith.io/vlt/benchmarks/shebang-regex 208ms (cache miss)
npm http fetch GET 200 https://npm.cloudsmith.io/vlt/benchmarks/isexe 251ms (cache miss)
npm http fetch GET 200 https://npm.cloudsmith.io/vlt/benchmarks/@pkgr%2fcore 209ms (cache miss)
npm http fetch GET 200 https://npm.cloudsmith.io/vlt/benchmarks/fast-diff 211ms (cache miss)
npm http fetch GET 200 https://npm.cloudsmith.io/vlt/benchmarks/eslint 432ms (cache updated)
npm http fetch GET 200 https://npm.cloudsmith.io/vlt/benchmarks/boolbase 17ms (cache miss)
npm http fetch GET 200 https://npm.cloudsmith.io/vlt/benchmarks/type-fest 22ms (cache miss)
npm http fetch GET 200 https://npm.cloudsmith.io/vlt/benchmarks/eslint-scope 16ms (cache updated)
npm http fetch GET 200 https://npm.cloudsmith.io/vlt/benchmarks/espree 17ms (cache updated)
npm http fetch GET 200 https://npm.cloudsmith.io/vlt/benchmarks/cssesc 200ms (cache miss)
npm http fetch GET 200 https://npm.cloudsmith.io/vlt/benchmarks/util-deprecate 220ms (cache miss)
npm http fetch GET 200 https://npm.cloudsmith.io/vlt/benchmarks/lodash 292ms (cache miss)
npm http fetch GET 200 https://npm.cloudsmith.io/vlt/benchmarks/@nodelib%2ffs.scandir 194ms (cache miss)
npm http fetch GET 200 https://npm.cloudsmith.io/vlt/benchmarks/fastq 215ms (cache miss)
npm http fetch GET 200 https://npm.cloudsmith.io/vlt/benchmarks/braces 266ms (cache miss)
npm http fetch GET 200 https://npm.cloudsmith.io/vlt/benchmarks/picomatch 203ms (cache updated)
npm http fetch GET 200 https://npm.cloudsmith.io/vlt/benchmarks/run-parallel 254ms (cache miss)
npm http fetch GET 200 https://npm.cloudsmith.io/vlt/benchmarks/reusify 255ms (cache miss)
npm http fetch GET 200 https://npm.cloudsmith.io/vlt/benchmarks/queue-microtask 235ms (cache miss)
npm http fetch GET 200 https://npm.cloudsmith.io/vlt/benchmarks/flatted 223ms (cache miss)
npm http fetch GET 200 https://npm.cloudsmith.io/vlt/benchmarks/keyv 224ms (cache miss)
npm http fetch GET 200 https://npm.cloudsmith.io/vlt/benchmarks/p-locate 240ms (cache miss)
npm http fetch GET 200 https://npm.cloudsmith.io/vlt/benchmarks/json-buffer 195ms (cache miss)
npm http fetch GET 200 https://npm.cloudsmith.io/vlt/benchmarks/callsites 316ms (cache miss)
npm http fetch GET 200 https://npm.cloudsmith.io/vlt/benchmarks/proto-list 201ms (cache miss)
npm http fetch GET 200 https://npm.cloudsmith.io/vlt/benchmarks/commander 14ms (cache miss)
npm http fetch GET 200 https://npm.cloudsmith.io/vlt/benchmarks/@one-ini%2fwasm 233ms (cache miss)
npm http fetch GET 200 https://npm.cloudsmith.io/vlt/benchmarks/ini 235ms (cache miss)
npm http fetch GET 200 https://npm.cloudsmith.io/vlt/benchmarks/minipass 237ms (cache miss)
npm http fetch GET 200 https://npm.cloudsmith.io/vlt/benchmarks/abbrev 227ms (cache miss)
npm http fetch GET 200 https://npm.cloudsmith.io/vlt/benchmarks/path-scurry 237ms (cache miss)
npm http fetch GET 200 https://npm.cloudsmith.io/vlt/benchmarks/lru-cache 15ms (cache updated)
npm http fetch GET 200 https://npm.cloudsmith.io/vlt/benchmarks/rrweb-cssom 18ms (cache updated)
npm http fetch GET 200 https://npm.cloudsmith.io/vlt/benchmarks/@asamuzakjp%2fcss-color 229ms (cache miss)
npm http fetch GET 200 https://npm.cloudsmith.io/vlt/benchmarks/combined-stream 238ms (cache miss)
npm http fetch GET 200 https://npm.cloudsmith.io/vlt/benchmarks/asynckit 277ms (cache miss)
npm http fetch GET 200 https://npm.cloudsmith.io/vlt/benchmarks/es-set-tostringtag 201ms (cache miss)
npm http fetch GET 200 https://npm.cloudsmith.io/vlt/benchmarks/hasown 281ms (cache miss)
npm http fetch GET 200 https://npm.cloudsmith.io/vlt/benchmarks/mime-types 264ms (cache miss)
npm http fetch GET 200 https://npm.cloudsmith.io/vlt/benchmarks/agent-base 228ms (cache miss)
npm http fetch GET 200 https://npm.cloudsmith.io/vlt/benchmarks/agent-base 149ms (cache miss)
npm http fetch GET 200 https://npm.cloudsmith.io/vlt/benchmarks/xmlchars 232ms (cache miss)
npm http fetch GET 200 https://npm.cloudsmith.io/vlt/benchmarks/iconv-lite 217ms (cache miss)
npm http fetch GET 200 https://npm.cloudsmith.io/vlt/benchmarks/tr46 229ms (cache miss)
npm http fetch GET 200 https://npm.cloudsmith.io/vlt/benchmarks/tldts 543ms (cache miss)
npm http fetch GET 200 https://npm.cloudsmith.io/vlt/benchmarks/@csstools%2fcss-color-parser 208ms (cache miss)
npm http fetch GET 200 https://npm.cloudsmith.io/vlt/benchmarks/@csstools%2fcss-calc 255ms (cache miss)
npm http fetch GET 200 https://npm.cloudsmith.io/vlt/benchmarks/@csstools%2fcss-parser-algorithms 260ms (cache miss)
npm http fetch GET 200 https://npm.cloudsmith.io/vlt/benchmarks/lru-cache 21ms (cache updated)
npm http fetch GET 200 https://npm.cloudsmith.io/vlt/benchmarks/@csstools%2fcss-tokenizer 238ms (cache miss)
npm http fetch GET 200 https://npm.cloudsmith.io/vlt/benchmarks/@csstools%2fcolor-helpers 217ms (cache miss)
npm http fetch GET 200 https://npm.cloudsmith.io/vlt/benchmarks/es-errors 222ms (cache miss)
npm http fetch GET 200 https://npm.cloudsmith.io/vlt/benchmarks/delayed-stream 236ms (cache miss)
npm http fetch GET 200 https://npm.cloudsmith.io/vlt/benchmarks/hasown 17ms (cache updated)
npm http fetch GET 200 https://npm.cloudsmith.io/vlt/benchmarks/get-intrinsic 336ms (cache miss)
npm http fetch GET 200 https://npm.cloudsmith.io/vlt/benchmarks/function-bind 245ms (cache miss)
npm http fetch GET 200 https://npm.cloudsmith.io/vlt/benchmarks/has-tostringtag 283ms (cache miss)
npm http fetch GET 200 https://npm.cloudsmith.io/vlt/benchmarks/mime-db 268ms (cache miss)
npm http fetch GET 200 https://npm.cloudsmith.io/vlt/benchmarks/async-generator-function 210ms (cache miss)
npm http fetch GET 200 https://npm.cloudsmith.io/vlt/benchmarks/async-function 229ms (cache miss)
npm http fetch GET 200 https://npm.cloudsmith.io/vlt/benchmarks/call-bind-apply-helpers 252ms (cache miss)
npm http fetch GET 200 https://npm.cloudsmith.io/vlt/benchmarks/es-define-property 235ms (cache miss)
npm http fetch GET 200 https://npm.cloudsmith.io/vlt/benchmarks/es-object-atoms 228ms (cache miss)
npm http fetch GET 200 https://npm.cloudsmith.io/vlt/benchmarks/generator-function 236ms (cache miss)
npm http fetch GET 200 https://npm.cloudsmith.io/vlt/benchmarks/get-proto 223ms (cache miss)
npm http fetch GET 200 https://npm.cloudsmith.io/vlt/benchmarks/gopd 238ms (cache miss)
npm http fetch GET 200 https://npm.cloudsmith.io/vlt/benchmarks/has-symbols 216ms (cache miss)
npm http fetch GET 200 https://npm.cloudsmith.io/vlt/benchmarks/math-intrinsics 210ms (cache miss)
npm http fetch GET 200 https://npm.cloudsmith.io/vlt/benchmarks/has-symbols 233ms (cache miss)
npm http fetch GET 200 https://npm.cloudsmith.io/vlt/benchmarks/dunder-proto 222ms (cache miss)
npm http fetch GET 200 https://npm.cloudsmith.io/vlt/benchmarks/p-limit 229ms (cache miss)
npm http fetch GET 200 https://npm.cloudsmith.io/vlt/benchmarks/fill-range 261ms (cache miss)
npm http fetch GET 200 https://npm.cloudsmith.io/vlt/benchmarks/to-regex-range 284ms (cache miss)
npm http fetch GET 200 https://npm.cloudsmith.io/vlt/benchmarks/is-number 246ms (cache miss)
npm http fetch GET 200 https://npm.cloudsmith.io/vlt/benchmarks/balanced-match 219ms (cache miss)
npm http fetch GET 200 https://npm.cloudsmith.io/vlt/benchmarks/brace-expansion 16ms (cache updated)
npm http fetch GET 200 https://npm.cloudsmith.io/vlt/benchmarks/isexe 17ms (cache updated)
npm http fetch GET 200 https://npm.cloudsmith.io/vlt/benchmarks/npm-normalize-package-bin 206ms (cache miss)
npm http fetch GET 200 https://npm.cloudsmith.io/vlt/benchmarks/json-parse-even-better-errors 230ms (cache miss)
npm http fetch GET 200 https://npm.cloudsmith.io/vlt/benchmarks/yocto-queue 165ms (cache miss)
npm http fetch GET 200 https://npm.cloudsmith.io/vlt/benchmarks/vue 199ms (cache updated)
npm http fetch GET 200 https://npm.cloudsmith.io/vlt/benchmarks/typescript 96ms (cache updated)
npm http fetch GET 200 https://npm.cloudsmith.io/vlt/benchmarks/tldts-core 499ms (cache miss)
npm http fetch GET 200 https://npm.cloudsmith.io/vlt/benchmarks/ignore 196ms (cache updated)
npm http fetch GET 200 https://npm.cloudsmith.io/vlt/benchmarks/@typescript-eslint%2ftype-utils 1180ms (cache miss)
npm http fetch GET 200 https://npm.cloudsmith.io/vlt/benchmarks/@esbuild%2faix-ppc64 17ms (cache miss)
npm http fetch GET 200 https://npm.cloudsmith.io/vlt/benchmarks/@esbuild%2fandroid-arm64 147ms (cache miss)
npm http fetch GET 200 https://npm.cloudsmith.io/vlt/benchmarks/@esbuild%2fandroid-arm 262ms (cache miss)
npm http fetch GET 200 https://npm.cloudsmith.io/vlt/benchmarks/@esbuild%2fandroid-x64 247ms (cache miss)
npm http fetch GET 200 https://npm.cloudsmith.io/vlt/benchmarks/@esbuild%2fdarwin-arm64 222ms (cache miss)
npm http fetch GET 200 https://npm.cloudsmith.io/vlt/benchmarks/@esbuild%2ffreebsd-x64 146ms (cache miss)
npm http fetch GET 200 https://npm.cloudsmith.io/vlt/benchmarks/@esbuild%2ffreebsd-arm64 256ms (cache miss)
npm http fetch GET 200 https://npm.cloudsmith.io/vlt/benchmarks/@esbuild%2flinux-arm 156ms (cache miss)
npm http fetch GET 200 https://npm.cloudsmith.io/vlt/benchmarks/@esbuild%2flinux-ia32 16ms (cache miss)
npm http fetch GET 200 https://npm.cloudsmith.io/vlt/benchmarks/@esbuild%2flinux-arm64 257ms (cache miss)
npm http fetch GET 200 https://npm.cloudsmith.io/vlt/benchmarks/@esbuild%2fdarwin-x64 520ms (cache miss)
npm http fetch GET 200 https://npm.cloudsmith.io/vlt/benchmarks/@esbuild%2flinux-loong64 319ms (cache miss)
npm http fetch GET 200 https://npm.cloudsmith.io/vlt/benchmarks/@esbuild%2flinux-mips64el 269ms (cache miss)
npm http fetch GET 200 https://npm.cloudsmith.io/vlt/benchmarks/@esbuild%2flinux-ppc64 269ms (cache miss)
npm http fetch GET 200 https://npm.cloudsmith.io/vlt/benchmarks/@esbuild%2flinux-riscv64 264ms (cache miss)
npm http fetch GET 200 https://npm.cloudsmith.io/vlt/benchmarks/@esbuild%2flinux-x64 254ms (cache miss)
npm http fetch GET 200 https://npm.cloudsmith.io/vlt/benchmarks/@esbuild%2flinux-s390x 278ms (cache miss)
npm http fetch GET 200 https://npm.cloudsmith.io/vlt/benchmarks/@esbuild%2fnetbsd-arm64 224ms (cache miss)
npm http fetch GET 200 https://npm.cloudsmith.io/vlt/benchmarks/@esbuild%2fopenbsd-arm64 209ms (cache miss)
npm http fetch GET 200 https://npm.cloudsmith.io/vlt/benchmarks/@esbuild%2fnetbsd-x64 278ms (cache miss)
npm http fetch GET 200 https://npm.cloudsmith.io/vlt/benchmarks/@esbuild%2fopenbsd-x64 220ms (cache miss)
npm http fetch GET 200 https://npm.cloudsmith.io/vlt/benchmarks/@esbuild%2fopenharmony-arm64 249ms (cache miss)
npm http fetch GET 200 https://npm.cloudsmith.io/vlt/benchmarks/@esbuild%2fsunos-x64 207ms (cache miss)
npm http fetch GET 200 https://npm.cloudsmith.io/vlt/benchmarks/@esbuild%2fwin32-arm64 263ms (cache miss)
npm http fetch GET 200 https://npm.cloudsmith.io/vlt/benchmarks/@rollup%2frollup-darwin-x64 14ms (cache miss)
npm http fetch GET 200 https://npm.cloudsmith.io/vlt/benchmarks/@esbuild%2fwin32-ia32 225ms (cache miss)
npm http fetch GET 200 https://npm.cloudsmith.io/vlt/benchmarks/@rollup%2frollup-freebsd-x64 15ms (cache miss)
npm http fetch GET 200 https://npm.cloudsmith.io/vlt/benchmarks/@rollup%2frollup-openbsd-x64 13ms (cache miss)
npm http fetch GET 200 https://npm.cloudsmith.io/vlt/benchmarks/@napi-rs%2flzma-linux-x64-gnu 12ms (cache miss)
npm http fetch GET 200 https://npm.cloudsmith.io/vlt/benchmarks/@esbuild%2fwin32-x64 263ms (cache miss)
npm http fetch GET 200 https://npm.cloudsmith.io/vlt/benchmarks/@rollup%2frollup-darwin-arm64 32ms (cache miss)
npm http fetch GET 200 https://npm.cloudsmith.io/vlt/benchmarks/@rollup%2frollup-android-arm64 30ms (cache miss)
npm http fetch GET 200 https://npm.cloudsmith.io/vlt/benchmarks/@rollup%2frollup-freebsd-arm64 13ms (cache miss)
npm http fetch GET 200 https://npm.cloudsmith.io/vlt/benchmarks/@rollup%2frollup-win32-x64-gnu 15ms (cache miss)
npm http fetch GET 200 https://npm.cloudsmith.io/vlt/benchmarks/@rollup%2frollup-linux-x64-gnu 20ms (cache miss)
npm http fetch GET 200 https://npm.cloudsmith.io/vlt/benchmarks/@rollup%2frollup-linux-x64-musl 15ms (cache miss)
npm http fetch GET 200 https://npm.cloudsmith.io/vlt/benchmarks/@rollup%2frollup-win32-x64-msvc 17ms (cache miss)
npm http fetch GET 200 https://npm.cloudsmith.io/vlt/benchmarks/@rollup%2frollup-linux-arm64-gnu 17ms (cache miss)
npm http fetch GET 200 https://npm.cloudsmith.io/vlt/benchmarks/@rollup%2frollup-linux-ppc64-gnu 15ms (cache miss)
npm http fetch GET 200 https://npm.cloudsmith.io/vlt/benchmarks/@rollup%2frollup-linux-s390x-gnu 21ms (cache miss)
npm http fetch GET 200 https://npm.cloudsmith.io/vlt/benchmarks/@rollup%2frollup-win32-ia32-msvc 26ms (cache miss)
npm http fetch GET 200 https://npm.cloudsmith.io/vlt/benchmarks/@rollup%2frollup-android-arm-eabi 25ms (cache miss)
npm http fetch GET 200 https://npm.cloudsmith.io/vlt/benchmarks/@rollup%2frollup-linux-arm64-musl 16ms (cache miss)
npm http fetch GET 200 https://npm.cloudsmith.io/vlt/benchmarks/@rollup%2frollup-linux-ppc64-musl 13ms (cache miss)
npm http fetch GET 200 https://npm.cloudsmith.io/vlt/benchmarks/@rollup%2frollup-win32-arm64-msvc 16ms (cache miss)
npm http fetch GET 200 https://npm.cloudsmith.io/vlt/benchmarks/@rollup%2frollup-linux-loong64-gnu 16ms (cache miss)
npm http fetch GET 200 https://npm.cloudsmith.io/vlt/benchmarks/@rollup%2frollup-linux-riscv64-gnu 16ms (cache miss)
npm http fetch GET 200 https://npm.cloudsmith.io/vlt/benchmarks/@rollup%2frollup-openharmony-arm64 14ms (cache miss)
npm http fetch GET 200 https://npm.cloudsmith.io/vlt/benchmarks/@rollup%2frollup-linux-loong64-musl 13ms (cache miss)
npm http fetch GET 200 https://npm.cloudsmith.io/vlt/benchmarks/@rollup%2frollup-linux-riscv64-musl 13ms (cache miss)
npm http fetch GET 200 https://npm.cloudsmith.io/vlt/benchmarks/@rollup%2frollup-linux-arm-gnueabihf 17ms (cache miss)
npm http fetch GET 200 https://npm.cloudsmith.io/vlt/benchmarks/@rollup%2frollup-linux-arm-musleabihf 15ms (cache miss)
npm http fetch GET 200 https://npm.cloudsmith.io/vlt/benchmarks/vite 1186ms (cache updated)
npm http fetch GET 200 https://npm.cloudsmith.io/vlt/benchmarks/vite 255ms (cache updated)
npm http fetch GET 200 https://npm.cloudsmith.io/vlt/benchmarks/vue 28ms (cache updated)
npm http fetch GET 200 https://npm.cloudsmith.io/vlt/benchmarks/nanoid 18ms (cache updated)
npm http fetch GET 200 https://npm.cloudsmith.io/vlt/benchmarks/pathe 154ms (cache updated)
npm http fetch GET 200 https://npm.cloudsmith.io/vlt/benchmarks/mitt 195ms (cache miss)
npm http fetch GET 200 https://npm.cloudsmith.io/vlt/benchmarks/vite-hot-client 219ms (cache miss)
npm http fetch GET 200 https://npm.cloudsmith.io/vlt/benchmarks/birpc 210ms (cache miss)
npm http fetch GET 200 https://npm.cloudsmith.io/vlt/benchmarks/hookable 204ms (cache miss)
npm http fetch GET 200 https://npm.cloudsmith.io/vlt/benchmarks/perfect-debounce 280ms (cache miss)
npm http fetch GET 200 https://npm.cloudsmith.io/vlt/benchmarks/speakingurl 238ms (cache miss)
npm http fetch GET 200 https://npm.cloudsmith.io/vlt/benchmarks/superjson 224ms (cache miss)
npm http fetch GET 200 https://npm.cloudsmith.io/vlt/benchmarks/rfdc 205ms (cache miss)
npm http fetch GET 200 https://npm.cloudsmith.io/vlt/benchmarks/@sindresorhus%2fmerge-streams 202ms (cache miss)
npm http fetch GET 200 https://npm.cloudsmith.io/vlt/benchmarks/figures 220ms (cache miss)
npm http fetch GET 200 https://npm.cloudsmith.io/vlt/benchmarks/get-stream 204ms (cache miss)
npm http fetch GET 200 https://npm.cloudsmith.io/vlt/benchmarks/is-plain-obj 181ms (cache miss)
npm http fetch GET 200 https://npm.cloudsmith.io/vlt/benchmarks/human-signals 245ms (cache miss)
npm http fetch GET 200 https://npm.cloudsmith.io/vlt/benchmarks/is-stream 266ms (cache miss)
npm http fetch GET 200 https://npm.cloudsmith.io/vlt/benchmarks/npm-run-path 313ms (cache miss)
npm http fetch GET 200 https://npm.cloudsmith.io/vlt/benchmarks/pretty-ms 309ms (cache miss)
npm http fetch GET 200 https://npm.cloudsmith.io/vlt/benchmarks/signal-exit 223ms (cache miss)
npm http fetch GET 200 https://npm.cloudsmith.io/vlt/benchmarks/yoctocolors 217ms (cache miss)
npm http fetch GET 200 https://npm.cloudsmith.io/vlt/benchmarks/mrmime 12ms (cache miss)
npm http fetch GET 200 https://npm.cloudsmith.io/vlt/benchmarks/strip-final-newline 260ms (cache miss)
npm http fetch GET 200 https://npm.cloudsmith.io/vlt/benchmarks/@polka%2furl 201ms (cache miss)
npm http fetch GET 200 https://npm.cloudsmith.io/vlt/benchmarks/@rollup%2fpluginutils 12ms (cache miss)
npm http fetch GET 200 https://npm.cloudsmith.io/vlt/benchmarks/totalist 192ms (cache miss)
npm http fetch GET 200 https://npm.cloudsmith.io/vlt/benchmarks/@antfu%2futils 218ms (cache miss)
npm http fetch GET 200 https://npm.cloudsmith.io/vlt/benchmarks/error-stack-parser-es 190ms (cache miss)
npm http fetch GET 200 https://npm.cloudsmith.io/vlt/benchmarks/fs-extra 230ms (cache miss)
npm http fetch GET 200 https://npm.cloudsmith.io/vlt/benchmarks/open 229ms (cache miss)
npm http fetch GET 200 https://npm.cloudsmith.io/vlt/benchmarks/@babel%2fplugin-proposal-decorators 281ms (cache miss)
npm http fetch GET 200 https://npm.cloudsmith.io/vlt/benchmarks/@babel%2fplugin-syntax-import-attributes 210ms (cache miss)
npm http fetch GET 200 https://npm.cloudsmith.io/vlt/benchmarks/kolorist 214ms (cache miss)
npm http fetch GET 200 https://npm.cloudsmith.io/vlt/benchmarks/@babel%2fplugin-syntax-import-meta 287ms (cache miss)
npm http fetch GET 200 https://npm.cloudsmith.io/vlt/benchmarks/vite 211ms (cache updated)
npm http fetch GET 200 https://npm.cloudsmith.io/vlt/benchmarks/esbuild 23ms (cache updated)
npm http fetch GET 200 https://npm.cloudsmith.io/vlt/benchmarks/copy-anything 204ms (cache miss)
npm http fetch GET 200 https://npm.cloudsmith.io/vlt/benchmarks/path-key 14ms (cache updated)
npm http fetch GET 200 https://npm.cloudsmith.io/vlt/benchmarks/is-unicode-supported 206ms (cache miss)
npm http fetch GET 200 https://npm.cloudsmith.io/vlt/benchmarks/@sec-ant%2freadable-stream 208ms (cache miss)
npm http fetch GET 200 https://npm.cloudsmith.io/vlt/benchmarks/unicorn-magic 235ms (cache miss)
npm http fetch GET 200 https://npm.cloudsmith.io/vlt/benchmarks/parse-ms 194ms (cache miss)
npm http fetch GET 200 https://npm.cloudsmith.io/vlt/benchmarks/universalify 192ms (cache miss)
npm http fetch GET 200 https://npm.cloudsmith.io/vlt/benchmarks/jsonfile 194ms (cache miss)
npm http fetch GET 200 https://npm.cloudsmith.io/vlt/benchmarks/graceful-fs 298ms (cache miss)
npm http fetch GET 200 https://npm.cloudsmith.io/vlt/benchmarks/default-browser 222ms (cache miss)
npm http fetch GET 200 https://npm.cloudsmith.io/vlt/benchmarks/define-lazy-prop 222ms (cache miss)
npm http fetch GET 200 https://npm.cloudsmith.io/vlt/benchmarks/is-inside-container 270ms (cache miss)
npm http fetch GET 200 https://npm.cloudsmith.io/vlt/benchmarks/wsl-utils 232ms (cache miss)
npm http fetch GET 200 https://npm.cloudsmith.io/vlt/benchmarks/default-browser-id 223ms (cache miss)
npm http fetch GET 200 https://npm.cloudsmith.io/vlt/benchmarks/bundle-name 231ms (cache miss)
npm http fetch GET 200 https://npm.cloudsmith.io/vlt/benchmarks/is-wsl 18ms (cache miss)
npm http fetch GET 200 https://npm.cloudsmith.io/vlt/benchmarks/is-docker 245ms (cache miss)
npm http fetch GET 200 https://npm.cloudsmith.io/vlt/benchmarks/run-applescript 195ms (cache miss)
npm http fetch GET 200 https://npm.cloudsmith.io/vlt/benchmarks/@babel%2fcore 262ms (cache updated)
npm http fetch GET 200 https://npm.cloudsmith.io/vlt/benchmarks/@babel%2fplugin-syntax-decorators 351ms (cache miss)
npm http fetch GET 200 https://npm.cloudsmith.io/vlt/benchmarks/@types%2fnode 1194ms (cache updated)
npm http fetch GET 200 https://npm.cloudsmith.io/vlt/benchmarks/estree-walker 32ms (cache updated)
npm http fetch GET 200 https://npm.cloudsmith.io/vlt/benchmarks/esbuild 39ms (cache updated)
npm http fetch GET 200 https://npm.cloudsmith.io/vlt/benchmarks/loupe 224ms (cache miss)
npm http fetch GET 200 https://npm.cloudsmith.io/vlt/benchmarks/assertion-error 237ms (cache miss)
npm http fetch GET 200 https://npm.cloudsmith.io/vlt/benchmarks/tinyspy 285ms (cache miss)
npm http fetch GET 200 https://npm.cloudsmith.io/vlt/benchmarks/loupe 13ms (cache updated)
npm http fetch GET 200 https://npm.cloudsmith.io/vlt/benchmarks/check-error 202ms (cache miss)
npm http fetch GET 200 https://npm.cloudsmith.io/vlt/benchmarks/pathval 181ms (cache miss)
npm http fetch GET 200 https://npm.cloudsmith.io/vlt/benchmarks/es-module-lexer 13ms (cache miss)
npm http fetch GET 200 https://npm.cloudsmith.io/vlt/benchmarks/deep-eql 229ms (cache miss)
npm http fetch GET 200 https://npm.cloudsmith.io/vlt/benchmarks/siginfo 219ms (cache miss)
npm http fetch GET 200 https://npm.cloudsmith.io/vlt/benchmarks/cac 269ms (cache miss)
npm http fetch GET 200 https://npm.cloudsmith.io/vlt/benchmarks/stackback 228ms (cache miss)
npm http fetch GET 200 https://npm.cloudsmith.io/vlt/benchmarks/csstype 250ms (cache miss)
npm http fetch GET 200 https://npm.cloudsmith.io/vlt/benchmarks/@vue%2fruntime-core 279ms (cache miss)
npm http fetch GET 200 https://npm.cloudsmith.io/vlt/benchmarks/@vue%2freactivity 289ms (cache miss)
npm http fetch GET 200 https://npm.cloudsmith.io/vlt/benchmarks/typescript 94ms (cache updated)
npm http fetch GET 200 https://npm.cloudsmith.io/vlt/benchmarks/path-browserify 196ms (cache miss)
npm http fetch GET 200 https://npm.cloudsmith.io/vlt/benchmarks/vscode-uri 244ms (cache miss)
npm http fetch GET 200 https://npm.cloudsmith.io/vlt/benchmarks/@volar%2flanguage-core 288ms (cache miss)
npm http fetch GET 200 https://npm.cloudsmith.io/vlt/benchmarks/@volar%2flanguage-core 179ms (cache miss)
npm http fetch GET 200 https://npm.cloudsmith.io/vlt/benchmarks/@vue%2fcompiler-vue2 260ms (cache miss)
npm http fetch GET 200 https://npm.cloudsmith.io/vlt/benchmarks/alien-signals 240ms (cache miss)
npm http fetch GET 200 https://npm.cloudsmith.io/vlt/benchmarks/minimatch 253ms (cache updated)
npm http fetch GET 200 https://npm.cloudsmith.io/vlt/benchmarks/muggle-string 218ms (cache miss)
npm http fetch GET 200 https://npm.cloudsmith.io/vlt/benchmarks/@volar%2fsource-map 292ms (cache miss)
npm http fetch GET 200 https://npm.cloudsmith.io/vlt/benchmarks/he 219ms (cache miss)
npm http fetch GET 200 https://npm.cloudsmith.io/vlt/benchmarks/de-indent 255ms (cache miss)
npm http fetch GET 200 https://npm.cloudsmith.io/vlt/benchmarks/safer-buffer 195ms (cache miss)
npm http fetch GET 200 https://npm.cloudsmith.io/vlt/benchmarks/balanced-match 19ms (cache updated)
npm http fetch GET 200 https://npm.cloudsmith.io/vlt/benchmarks/concat-map 229ms (cache miss)
npm http fetch GET 200 https://npm.cloudsmith.io/vlt/benchmarks/@esbuild%2fandroid-arm64 27ms (cache updated)
npm http fetch GET 200 https://npm.cloudsmith.io/vlt/benchmarks/@esbuild%2fandroid-arm 30ms (cache updated)
npm http fetch GET 200 https://npm.cloudsmith.io/vlt/benchmarks/@esbuild%2fandroid-x64 18ms (cache updated)
npm http fetch GET 200 https://npm.cloudsmith.io/vlt/benchmarks/@esbuild%2fdarwin-arm64 18ms (cache updated)
npm http fetch GET 200 https://npm.cloudsmith.io/vlt/benchmarks/@esbuild%2ffreebsd-arm64 16ms (cache updated)
npm http fetch GET 200 https://npm.cloudsmith.io/vlt/benchmarks/@esbuild%2fdarwin-x64 18ms (cache updated)
npm http fetch GET 200 https://npm.cloudsmith.io/vlt/benchmarks/@esbuild%2flinux-arm 15ms (cache updated)
npm http fetch GET 200 https://npm.cloudsmith.io/vlt/benchmarks/@esbuild%2flinux-arm64 14ms (cache updated)
npm http fetch GET 200 https://npm.cloudsmith.io/vlt/benchmarks/@esbuild%2faix-ppc64 168ms (cache updated)
npm http fetch GET 200 https://npm.cloudsmith.io/vlt/benchmarks/@esbuild%2flinux-loong64 15ms (cache updated)
npm http fetch GET 200 https://npm.cloudsmith.io/vlt/benchmarks/@esbuild%2flinux-mips64el 19ms (cache updated)
npm http fetch GET 200 https://npm.cloudsmith.io/vlt/benchmarks/@esbuild%2flinux-ppc64 16ms (cache updated)
npm http fetch GET 200 https://npm.cloudsmith.io/vlt/benchmarks/@esbuild%2ffreebsd-x64 159ms (cache updated)
npm http fetch GET 200 https://npm.cloudsmith.io/vlt/benchmarks/@esbuild%2flinux-riscv64 16ms (cache updated)
npm http fetch GET 200 https://npm.cloudsmith.io/vlt/benchmarks/@esbuild%2flinux-s390x 16ms (cache updated)
npm http fetch GET 200 https://npm.cloudsmith.io/vlt/benchmarks/@esbuild%2flinux-ia32 151ms (cache updated)
npm http fetch GET 200 https://npm.cloudsmith.io/vlt/benchmarks/@esbuild%2fnetbsd-x64 25ms (cache updated)
npm http fetch GET 200 https://npm.cloudsmith.io/vlt/benchmarks/@esbuild%2flinux-x64 30ms (cache updated)
npm http fetch GET 200 https://npm.cloudsmith.io/vlt/benchmarks/@esbuild%2fopenbsd-x64 29ms (cache updated)
npm http fetch GET 200 https://npm.cloudsmith.io/vlt/benchmarks/@esbuild%2fsunos-x64 23ms (cache updated)
npm http fetch GET 200 https://npm.cloudsmith.io/vlt/benchmarks/@esbuild%2fwin32-arm64 23ms (cache updated)
npm http fetch GET 200 https://npm.cloudsmith.io/vlt/benchmarks/@esbuild%2fwin32-ia32 18ms (cache updated)
npm http fetch GET 200 https://npm.cloudsmith.io/vlt/benchmarks/@esbuild%2fwin32-x64 17ms (cache updated)
npm http fetch GET 200 https://dl.cloudsmith.io/signed/vlt/benchmarks/npm/is-wsl/3.1.1/is-wsl-3.1.1.tgz?created=1791542082&expires=1791628482&source=t-PwLF9sWN2uK8&signature=gAAAAABqyMNCriKxLrpRTDH0DGsbvgGO1VwZUTfsf4vAUcA2JRQoIIJVfEMtcLAq0EETZPSZ0d-Pa0GFPP0gvlVmLegvnNl9Pcs-evSSUhiXXrc6N4tTTnfbS4ANzfkXv6360HTylAf4 321ms (cache miss)
npm http fetch GET 200 https://dl.cloudsmith.io/signed/vlt/benchmarks/npm/es-module-lexer/1.7.0/es-module-lexer-1.7.0.tgz?created=1791542083&expires=1791628483&source=t-PwLF9sWN2uK8&signature=gAAAAABqyMNDNecynJmLK65EIxeogTMhrUCvQCOiwm9yihKuOpUFXInH9bEC0m8taFgKsqreVdP18lLUCHt1e-kt4FrHS2tLd9whvT1_-jvC1mvMvtnwkXA4Dz_kzduPf6mksiU4OQZT 466ms (cache miss)
npm http fetch GET 200 https://dl.cloudsmith.io/signed/vlt/benchmarks/npm/stackback/0.0.2/stackback-0.0.2.tgz?created=1791542181&expires=1791628581&source=t-PwLF9sWN2uK8&signature=gAAAAABqyMOlJ3nLPUMXTzXWWb72PwIVV7Bbbr8GIIHTw_ugGPMDKK3Ntm7AoZoWGXpEPcvK01a1IVlUxB3BhqHZ5p5UvrAWptQBUFGjBaeggnSU_IceuAYJnK1B2blSRVQrBYeHBZzp 694ms (cache miss)
npm http fetch GET 200 https://dl.cloudsmith.io/signed/vlt/benchmarks/npm/concat-map/0.0.1/concat-map-0.0.1.tgz?created=1791542181&expires=1791628581&source=t-PwLF9sWN2uK8&signature=gAAAAABqyMOlhBuL27ndBKsEBPl2se8FXXZhbcYpHtvmKTzxvp6z4TH01-0cxgzTCc4jE9uc9yZuuk1tolDK7UJJolwuNmY_1FbM7BEwYMxQmkhseP_pw8nVMvIK-vrjTPjXja9sidqu 711ms (cache miss)
npm http fetch GET 200 https://dl.cloudsmith.io/signed/vlt/benchmarks/npm/isexe/2.0.0/isexe-2.0.0.tgz?created=1791542181&expires=1791628581&source=t-PwLF9sWN2uK8&signature=gAAAAABqyMOlmiPmr1S9h17ClpzB1mvZfbl2-h9hVna1tJbwnAB6E86rcA7knVNi_hsbPrklVcw_KU4pKy0TspO-qp_LGTJ0NsVubuXxCj9UtOQxlk_MicqOsn4Jf0gGT1t2VPrdv4PX 812ms (cache miss)
npm http fetch GET 200 https://dl.cloudsmith.io/signed/vlt/benchmarks/npm/alien-signals/1.0.13/alien-signals-1.0.13.tgz?created=1791542181&expires=1791628581&source=t-PwLF9sWN2uK8&signature=gAAAAABqyMOlbRpANLwq1ACn22zZsX9GxsFGOSftlQif4ujrH3yCwFpK6LK-zpKEbh4Zrgbu9Sdx49vh3KPxy3MT4dAtPUObLhDtTyHg_3eiRbx85kCHneoVdNG3zHT4JrfnjD9rm4z0 812ms (cache miss)
npm http fetch GET 200 https://dl.cloudsmith.io/signed/vlt/benchmarks/npm/siginfo/2.0.0/siginfo-2.0.0.tgz?created=1791542181&expires=1791628581&source=t-PwLF9sWN2uK8&signature=gAAAAABqyMOlKGFUbJOAkVXBFOib6fnMGThnaCM_UOqGtSCfWwRKh091iAeOuUGUB8UNvRXHRd01VRSciZkO1KHaiwhgvap60rDH1gHrVVUJ_cN9uyhmrqGPKB40K0z7olXFG1CAhDCE 831ms (cache miss)
npm http fetch GET 200 https://dl.cloudsmith.io/signed/vlt/benchmarks/npm/path-browserify/1.0.1/path-browserify-1.0.1.tgz?created=1791542181&expires=1791628581&source=t-PwLF9sWN2uK8&signature=gAAAAABqyMOleFN8eOvQCszpgCtTMYDce5bZAGM90Vueg0PW1hq_RRUieHTLOGnaY6U_yhzHYkJOgAR0VLgiiPXO96QTrcmxnxL9bUZjvH7Pr8UDLJVnGbR3Mu33yHJ1XY7JUWvsDkmk 828ms (cache miss)
npm http fetch GET 200 https://dl.cloudsmith.io/signed/vlt/benchmarks/npm/muggle-string/0.4.1/muggle-string-0.4.1.tgz?created=1791542181&expires=1791628581&source=t-PwLF9sWN2uK8&signature=gAAAAABqyMOlHVgvJHx2OskSSJQKkhNHysXhw_U-s86tUdEOVmNWJzmhlDKvtxSqHKjIX-jnpzIsi7NcSLMU2cz562A_-5K5wGPIpuyEe_ApOSUJ8MO-pcAcD24PbrASEPYKTshaocEY 847ms (cache miss)
npm http fetch GET 200 https://dl.cloudsmith.io/signed/vlt/benchmarks/npm/type-fest/0.20.2/type-fest-0.20.2.tgz?created=1791542181&expires=1791628581&source=t-PwLF9sWN2uK8&signature=gAAAAABqyMOlYqm0QWe54i-Pe5vf-QEsNQJ7tcV3AnXC_hNxmGhlOBm7NQ3N2vCYFY37pppP2Ap10ImXmV1aMMHZqBpmY0QP7wF3lHfbyCPK_i5skxO3_WTo9H3bpU1Yp92xOjXaT3RY 891ms (cache miss)
npm http fetch GET 200 https://dl.cloudsmith.io/signed/vlt/benchmarks/npm/he/1.2.0/he-1.2.0.tgz?created=1791542181&expires=1791628581&source=t-PwLF9sWN2uK8&signature=gAAAAABqyMOlPva-ymh0-peHoerUtCOVSG3UfCiPzmkG3xGtYD-Hokm6RUkZLiLxZfVFs6CtOMKVqMrjdDr082wW6UfA093IGMOhnpP4aFUUdloaB4M7wwB0CJiyL75Z5qXB9YHcvchT 926ms (cache miss)
npm http fetch GET 200 https://dl.cloudsmith.io/signed/vlt/benchmarks/npm/vscode-uri/3.2.0/vscode-uri-3.2.0.tgz?created=1791542181&expires=1791628581&source=t-PwLF9sWN2uK8&signature=gAAAAABqyMOlcSaav5oF9CEZsAJQuhIvTudbY6bjSqVawujfzJMCORe3UAHK49GTJMvNuLBLiKeyV1mAd32lAwPtmJZ5NybIgTm-WycECGbDci-KctaW2hFQdodh6yoIrxX8eA6kham6 951ms (cache miss)
npm http fetch GET 200 https://dl.cloudsmith.io/signed/vlt/benchmarks/npm/de-indent/1.0.2/de-indent-1.0.2.tgz?created=1791542181&expires=1791628581&source=t-PwLF9sWN2uK8&signature=gAAAAABqyMOlEuo3UOdhk9ufEM_I87nBozCaX9y_1TGRGOFJNznYUQ31w5R_O-5AhOkgg3uMEY7Pd10aRU1JVYMmxhf0OozTzRYc8VKXJD-ABo0UO3gfS8IAmjIlmnUcrEIeUw4qlorR 974ms (cache miss)
npm http fetch GET 200 https://dl.cloudsmith.io/signed/vlt/benchmarks/npm/tr46/5.1.1/tr46-5.1.1.tgz?created=1791542181&expires=1791628581&source=t-PwLF9sWN2uK8&signature=gAAAAABqyMOlVtzvNpC5QfP5fzoi8XtUcr_5DiaaVpQ3dp2wp8rPX3b199VqkZX3GNiCYINLgIRdu3TwrBEra31GlMCnikm5SRYWLknseFZKYd3JXYHm6jI-ERu9knc9zEOHNMezqyOY 1002ms (cache miss)
npm http fetch GET 200 https://dl.cloudsmith.io/signed/vlt/benchmarks/npm/lodash/4.18.1/lodash-4.18.1.tgz?created=1791542181&expires=1791628581&source=t-PwLF9sWN2uK8&signature=gAAAAABqyMOlOufEaH8f6UlKSlNaELcsO8scTK17qsr5ZY-5rsd2mUR2NNJCpjmDcnDp-ezVjJQWQ3bufDlgzrYuWV_ICLn3ZtXwn4HYUbcJEkmSwfK7f9lNDNAC_dBcuhTtoi51h8Fw 1007ms (cache miss)
npm http fetch GET 200 https://dl.cloudsmith.io/signed/vlt/benchmarks/npm/vue/compiler-vue2/2.7.16/compiler-vue2-2.7.16.tgz?created=1791542181&expires=1791628581&source=t-PwLF9sWN2uK8&signature=gAAAAABqyMOl5mKsPFq-IQAzN27g8fr1iuDAjBeDRIXrSP9EIxPlatwtEL4PN00XqeGhs0PLdQHObNx0FJaYfAA0hZ8oTSgFdscIVmT6fJXydLk7JST7Zcc-SIp-aP5336_U6B2NMW2U 1050ms (cache miss)
npm http fetch GET 200 https://dl.cloudsmith.io/signed/vlt/benchmarks/npm/volar/source-map/2.4.15/source-map-2.4.15.tgz?created=1791542181&expires=1791628581&source=t-PwLF9sWN2uK8&signature=gAAAAABqyMOl-KehO8a68BMDBDTZv43vGx0-MgwPBW8PgGj_VSb7-w9qlasamsxZmArhd1-aROjuONjVDTBnsCf-i6CC-aZL_DFN-JncynB8vaHf96dV7-TUwxiXr2gTBI9iXlsg4DzX 1091ms (cache miss)
npm http fetch GET 200 https://dl.cloudsmith.io/signed/vlt/benchmarks/npm/iconv-lite/0.6.3/iconv-lite-0.6.3.tgz?created=1791542181&expires=1791628581&source=t-PwLF9sWN2uK8&signature=gAAAAABqyMOlltfKdl8Zo-8U4EtHv8Yy8k-FMLHnP2VUyYB3BpBOcGIBUDm7XhASk5UIBLD-UY0cjetibpNxdwv9dGDsC6t9h2ql4OMBb6gwv26LmLAcbgr5CbPq7OYhUjzjlkWzFvx_ 1107ms (cache miss)
npm http fetch GET 200 https://dl.cloudsmith.io/signed/vlt/benchmarks/npm/volar/language-core/2.4.15/language-core-2.4.15.tgz?created=1791542181&expires=1791628581&source=t-PwLF9sWN2uK8&signature=gAAAAABqyMOlk2XYgvFkoO483Exyi_GC-_qbV34m7AMT-DrrhNbaBu-tylwFL-8AL4b-ILZ79gHz3sI3IXJs79G-b6RSEpNeAX1zsANR_ErGLSCrPmZq4xbzXw75EF-oj2hvkLNvIqpP 1119ms (cache miss)
npm http fetch GET 200 https://dl.cloudsmith.io/signed/vlt/benchmarks/npm/safer-buffer/2.1.2/safer-buffer-2.1.2.tgz?created=1791542181&expires=1791628581&source=t-PwLF9sWN2uK8&signature=gAAAAABqyMOlwXG-uDmC3U8i0IYGzSlqZ6KBuXaiLQElyT97ESjXZIYeaC61dRWzzncd0XvpxAJ2CZkiM2us7tHk-d1Q4hsNsdvIoXYxKKN6M0agJO61oOywyf7tECl58wPZSw2b5PIO 1215ms (cache miss)
npm http fetch GET 200 https://dl.cloudsmith.io/signed/vlt/benchmarks/npm/vue/language-core/2.2.12/language-core-2.2.12.tgz?created=1791542181&expires=1791628581&source=t-PwLF9sWN2uK8&signature=gAAAAABqyMOlrH-mZLUUTDeUtzRspgymC0jrYaHRUAmsJEfEVU0csyyNSM3hNWenxLykiXP6gN34VnXTIVmyn6UdlO_zr-zTD4OsS3-TeXtV5S9vd7il_HdsWpg1sHUBUx-VVYouTn6A 1291ms (cache miss)
npm http fetch GET 200 https://dl.cloudsmith.io/signed/vlt/benchmarks/npm/deep-eql/5.0.2/deep-eql-5.0.2.tgz?created=1791542181&expires=1791628581&source=t-PwLF9sWN2uK8&signature=gAAAAABqyMOlnu2kMrGZWg0nt-TAbbod2gKfJ-szJN_a7NJ6TluVnbAmIqO2Z9P2aC09p9JmwroZxBdhOLgvP63fip_2D9BkDp0Ivf4oI1k7_61CrvqIYcrbKPSQ7yLRFFl-oaJqqCZk 1331ms (cache miss)
npm http fetch GET 200 https://dl.cloudsmith.io/signed/vlt/benchmarks/npm/vue/reactivity/3.5.43/reactivity-3.5.43.tgz?created=1791542181&expires=1791628581&source=t-PwLF9sWN2uK8&signature=gAAAAABqyMOlFqeN3UgsdjivyRP1Jh_HRRTOTVZ7TQL_RGgW_QuYl7VAgbacsxUuWkyOR27Q-BwyHNvGYUVMKK79SmkotpXkpVIbKNBwcozECiIwkzJpMjZE4JzKVYJqau2qOGHNRmkl 1344ms (cache miss)
npm http fetch GET 200 https://dl.cloudsmith.io/signed/vlt/benchmarks/npm/vue/server-renderer/3.5.43/server-renderer-3.5.43.tgz?created=1791542181&expires=1791628581&source=t-PwLF9sWN2uK8&signature=gAAAAABqyMOlvzdAhcNyqFN6BHnGIo8xTEJ31iglsbUF_P8sHVpIMZGtG6HVf0qiW2NAxEbnkjq90V5TA3jEP5E_OU2IZ2VXBc_obZgstjVJtD6MlznNH2eXRljY_WCGMnZFH4FyTqBo 1374ms (cache miss)
npm http fetch GET 200 https://dl.cloudsmith.io/signed/vlt/benchmarks/npm/assertion-error/2.0.1/assertion-error-2.0.1.tgz?created=1791542181&expires=1791628581&source=t-PwLF9sWN2uK8&signature=gAAAAABqyMOlnoyql-1POiPwMkJiU1f7sgIpiI_8L5iyQ4mGWUKKMTYOIeFaMSWkjkwKP-X-eJERt3cxkLzg0YsOsgJuT-5b5Z6zqy7-Cb5O3sfYxtJR0OcpuVt7e2KOkDPN9yvu0wKZ 1395ms (cache miss)
npm http fetch GET 200 https://dl.cloudsmith.io/signed/vlt/benchmarks/npm/check-error/2.1.3/check-error-2.1.3.tgz?created=1791542181&expires=1791628581&source=t-PwLF9sWN2uK8&signature=gAAAAABqyMOlkRiKvuTIIwN2rS0zOVppP9-GlCS6NzsFD2mMyIS6h3DUDso8VF0Grdk8oi0hw5VIwhbiKE5JxJ1nMCRs2aTqIhua5boUdx694ln7VIguTz0ToPnko7SjJvMeIa3YK_Os 1398ms (cache miss)
npm http fetch GET 200 https://dl.cloudsmith.io/signed/vlt/benchmarks/npm/volar/typescript/2.4.15/typescript-2.4.15.tgz?created=1791542181&expires=1791628581&source=t-PwLF9sWN2uK8&signature=gAAAAABqyMOlevG7m58BK2b_Rx4Qum8CG8D2Bgo3wevfYptYvMXsxezYWgUIcNLqYVeso7eXIUZ4b-K-39MQaZKLgAcFxM2VFuiarVpXVZUOe9DGjFuxd7gz_hoqDsVt_oZOEBADZvav 1414ms (cache miss)
npm http fetch GET 200 https://dl.cloudsmith.io/signed/vlt/benchmarks/npm/cac/6.7.14/cac-6.7.14.tgz?created=1791542181&expires=1791628581&source=t-PwLF9sWN2uK8&signature=gAAAAABqyMOlDuJDzt75hxm0k8syDQ5juDc5oif7-0JHZPy4IKt0Hrmj845S4fZ5pgb8h5A4EHbOHTk29hCC6bbN27ziM_U6hp84GEPMENaSxIV0MDnLCtxUS6LrQ4179wkdbdE6E0e- 1448ms (cache miss)
npm http fetch GET 200 https://dl.cloudsmith.io/signed/vlt/benchmarks/npm/pathval/2.0.1/pathval-2.0.1.tgz?created=1791542181&expires=1791628581&source=t-PwLF9sWN2uK8&signature=gAAAAABqyMOl7kziskhTuEaTQ6ixyZJynkJZ20Yc1qAkt-dGXk047xHsUYjMFgv85hwgXN_aoE8uTJrQm4-iY4PrOolkP6bF2pBhM9MuFR9TgXtSI9UyenK2S829D5Zqmw7S9RdI-Yxg 1459ms (cache miss)
npm http fetch GET 200 https://dl.cloudsmith.io/signed/vlt/benchmarks/npm/tinyspy/3.0.2/tinyspy-3.0.2.tgz?created=1791542181&expires=1791628581&source=t-PwLF9sWN2uK8&signature=gAAAAABqyMOl4q4r8FHk69b9Jvgm3Xr1_51QMnB39xV-6SeWXmpQYj11hJXLwY7rUWuwwDKkyjIipESNmTZeUpGq_AfjxWEBfzxkCb4VRcMMQL552436m2HliguW8bsaVZOqZ4EbODfO 1460ms (cache miss)
npm http fetch GET 200 https://dl.cloudsmith.io/signed/vlt/benchmarks/npm/vue/runtime-core/3.5.43/runtime-core-3.5.43.tgz?created=1791542181&expires=1791628581&source=t-PwLF9sWN2uK8&signature=gAAAAABqyMOl1Ivh2p7OD_Al3ZyQuOsi_OX6Kol9brTqMP2j0XEKtUr67M3FOEd8A44WBXHwQ7RDtwjk52UQZOeAoZOFWLXpV4zEn1MXy5eE54Er3EhLQ19oZ4P97pcKN29fxuU1f-zT 1463ms (cache miss)
npm http fetch GET 200 https://dl.cloudsmith.io/signed/vlt/benchmarks/npm/vue/runtime-dom/3.5.43/runtime-dom-3.5.43.tgz?created=1791542181&expires=1791628581&source=t-PwLF9sWN2uK8&signature=gAAAAABqyMOlSablw9WwM02K4pwlrXLP-U7_Wn2bUIp9XXnbvN4ooT6f_HH0yBK1Eu3NAo269vLy2Xw6Mz3y9lf6ETjMCiHzpXAzu4ZZKYiRoa8MVLXuFA3jZ8P8QUZ5MMUMUi6iUQ1F 1463ms (cache miss)
npm http fetch GET 200 https://dl.cloudsmith.io/signed/vlt/benchmarks/npm/is-docker/3.0.0/is-docker-3.0.0.tgz?created=1791542082&expires=1791628482&source=t-PwLF9sWN2uK8&signature=gAAAAABqyMNCIKsprk1iWyCMM4VtNc-yHZOlrFtSFVad6jg3z-thW1nxddbdD-uKHPCW2gHl5Dx7SSjISZ9f8SX4eNB-oTw8eAibVfZxRvSgDocz5Ggv4ATcc3dCfWJ5Sc4JCUW6Rpq2 1461ms (cache miss)
npm http fetch GET 200 https://dl.cloudsmith.io/signed/vlt/benchmarks/npm/csstype/3.2.3/csstype-3.2.3.tgz?created=1791542181&expires=1791628581&source=t-PwLF9sWN2uK8&signature=gAAAAABqyMOlgw1epHX9oD56EWxLPz7G6sUAxcBW9gwY2xJMvaXM8PEu8RD_H9xohQEQFbRvqBa054tm0Rni82f8lpj5L11zNS3HB5xxRaFsjFQma7TYuBaWDQItKahUsVi56HMcIOyp 1475ms (cache miss)
npm http fetch GET 200 https://dl.cloudsmith.io/signed/vlt/benchmarks/npm/is-inside-container/1.0.0/is-inside-container-1.0.0.tgz?created=1791542082&expires=1791628482&source=t-PwLF9sWN2uK8&signature=gAAAAABqyMNC6gjU5PdU-Ram1-mceg0PLOXE7aQN8NPcFHi9nT53c7JPH0FTuK15utcc99nHMWn7wtAOB0BSBhbDb194OHD6KO_4CU-_9LV9GNHerqQWltFKmgt89-8lsgSz1ZV5R-x3 1472ms (cache miss)
npm http fetch GET 200 https://dl.cloudsmith.io/signed/vlt/benchmarks/npm/why-is-node-running/2.3.0/why-is-node-running-2.3.0.tgz?created=1791542181&expires=1791628581&source=t-PwLF9sWN2uK8&signature=gAAAAABqyMOl8QREfdwPzvz0TpuBVF4h-2twzVh1lden9wV8IgEQnADBukDT5j1DdV73jGiM-wp7K7TK64kXIVCsjqoC2lxvwlujU7f2xwf_o56SWnB0HceEEPrrdT_7Dy3OgMIVKE6F 1547ms (cache miss)
npm http fetch GET 200 https://dl.cloudsmith.io/signed/vlt/benchmarks/npm/tinypool/1.1.1/tinypool-1.1.1.tgz?created=1791542181&expires=1791628581&source=t-PwLF9sWN2uK8&signature=gAAAAABqyMOlSP0fo6cvZJgp0jgja60icWBpbfjjBPVuZIG2f0BCBafdjEZtHiPj0xUxiTVPM4cQ5m9h0kA0QPRAu13RqOUlPP1nvaC1sGHj8TTbr82cnlhHewVSyI3qChtpGiKORqhf 1579ms (cache miss)
npm http fetch GET 200 https://dl.cloudsmith.io/signed/vlt/benchmarks/npm/vite-node/2.1.9/vite-node-2.1.9.tgz?created=1791542181&expires=1791628581&source=t-PwLF9sWN2uK8&signature=gAAAAABqyMOl7sIvHKNpRdhY2hd-3weW6s6gSoD8CRRSuG-ermjgF-pgu-AnZHvquT2DcKc2kNL8YnIRzdwddGt5TuJdh66uhWQrV471rpuTQFCnFkHEPfx2e-b2QMsrVPU5dPGvXQbK 1698ms (cache miss)
npm http fetch GET 200 https://dl.cloudsmith.io/signed/vlt/benchmarks/npm/tinyrainbow/1.2.0/tinyrainbow-1.2.0.tgz?created=1791542181&expires=1791628581&source=t-PwLF9sWN2uK8&signature=gAAAAABqyMOlepxtB3P_2CT1Qbc_Ceq9jOigjA4sYei9hFwSqD95V0F_gZKqCh1TLHnfRT-ZrDqyEvAOALCEEo9wSb3aCrzNYEM6bCuyUpXaEPDDLELO5-tuQhWgITmWZbyoK72UhB1w 1711ms (cache miss)
npm http fetch GET 200 https://dl.cloudsmith.io/signed/vlt/benchmarks/npm/std-env/3.10.0/std-env-3.10.0.tgz?created=1791542181&expires=1791628581&source=t-PwLF9sWN2uK8&signature=gAAAAABqyMOlV-lt_nIuoXb29MdpTPR94Q2sbB8F2TDYrgfY5-jKNjFizK7xE4xcwAX3Y_abpOvUA6UXMwx8E4hIqd5njv17YEkxWXEDHcsgKSQZZDilneooX7TvsxgxHSLsgPs19XaQ 1742ms (cache miss)
npm http fetch GET 200 https://dl.cloudsmith.io/signed/vlt/benchmarks/npm/rollup/pluginutils/5.4.0/pluginutils-5.4.0.tgz?created=1791542083&expires=1791628483&source=t-PwLF9sWN2uK8&signature=gAAAAABqyMNDEopIk80G0_9qj_tfTD96n8UWXL_TAVmUnrTr1ruNgL8wE4F4FYOrvJpV_1jfVKuWvdcUu184q7IEyFIJqCZahtjtTNd6FpM5Pd8X0ynvKRSSy_rvPjRFEPo5V_sHnlH8 1748ms (cache miss)
npm http fetch GET 200 https://dl.cloudsmith.io/signed/vlt/benchmarks/npm/tinybench/2.9.0/tinybench-2.9.0.tgz?created=1791542181&expires=1791628581&source=t-PwLF9sWN2uK8&signature=gAAAAABqyMOlBfJWXjN2p2V_G0__4MC91AevXQXke9RgIvxyxYgabkFoJf2Y_OGHmKNzI4cyI3n6sIuOdwRUf20lNIjYu5iKPZj7xveV3vEXU2UiJIpH9yBjQl3TDUjA98eJa2kBVyQl 1783ms (cache miss)
npm http fetch GET 200 https://dl.cloudsmith.io/signed/vlt/benchmarks/npm/vitest/runner/2.1.9/runner-2.1.9.tgz?created=1791542181&expires=1791628581&source=t-PwLF9sWN2uK8&signature=gAAAAABqyMOlPBhB5u5-X8YVvuuUh0PwGYcL11S2vOEqdlRa7aJXJgPN07ZVjCs443PG35Cp5Ec5ne-QzavgLY_uUgATTHfn7sqPmyirg5u92Bq45-Fnx8QrHdAB1k6TE_4I1I-CntYC 1818ms (cache miss)
npm http fetch GET 200 https://dl.cloudsmith.io/signed/vlt/benchmarks/npm/expect-type/1.4.0/expect-type-1.4.0.tgz?created=1791542181&expires=1791628581&source=t-PwLF9sWN2uK8&signature=gAAAAABqyMOlZvBiZqh266owTtRh0gsrGZ1bDSImfySL6nJVYegMjJQMjIUkA-YvqIe35JlS85hPjtzUv4eIbiFgRYdj4H1gJhh3aU1EbUiaemMbv6rJ8FveCzp51rWYeUOwzY7Vasml 1825ms (cache miss)
npm http fetch GET 200 https://dl.cloudsmith.io/signed/vlt/benchmarks/npm/tinyexec/0.3.2/tinyexec-0.3.2.tgz?created=1791542181&expires=1791628581&source=t-PwLF9sWN2uK8&signature=gAAAAABqyMOlrz1TulQ_PcSiYBMrghu3jdKA2l_tmtGiF2JCSkUd_L7zCAXMj0Ym6doysDw35Kth3-EmmOgR7nL05fHEEcMpfZoW9JcQ2mjd4LZcSgNm3yz2pjYqtul0ckGOWMXyoc7z 1839ms (cache miss)
npm http fetch GET 200 https://dl.cloudsmith.io/signed/vlt/benchmarks/npm/mrmime/2.0.1/mrmime-2.0.1.tgz?created=1791542060&expires=1791628460&source=t-PwLF9sWN2uK8&signature=gAAAAABqyMMsQQbGLWLHUMDtn2FGPuokqELeYTnWurVVk-4DO1gjdSmhdDeoYGob6N549NiTZ7lZYBYXvrD0vwmRV0YIx9ypEkSwXpH-1nwbkfULzUEle7uWKDxzv6REnr3Pvjvc8fSP 1846ms (cache miss)
npm http fetch GET 200 https://dl.cloudsmith.io/signed/vlt/benchmarks/npm/vitest/snapshot/2.1.9/snapshot-2.1.9.tgz?created=1791542181&expires=1791628581&source=t-PwLF9sWN2uK8&signature=gAAAAABqyMOlsueMDI0GM8tBa1jrfHZnpJ-H_LJFSBIqrQMJb5lfUT9Y5xNRhrDBSINgttGCMOEBCImzxDs3b0NEPsW3gfeI_FANDT03bz7O1kPw6XrGyHOrTiLAS4CcSc3ZPyB9LcvK 1853ms (cache miss)
npm http fetch GET 200 https://dl.cloudsmith.io/signed/vlt/benchmarks/npm/vitest/spy/2.1.9/spy-2.1.9.tgz?created=1791542181&expires=1791628581&source=t-PwLF9sWN2uK8&signature=gAAAAABqyMOlzd-X3Sw67KKrTNHipfxfxD79CeW1srBxz2zOWcP3G1FaxuRFJBvOx0TZNq-3q3rvKoREHtvZ_tGWia0q_hPRBaKfJi1ocRb__qGIrNV7urzw_gbxAE7BT0glxptnIvRP 1869ms (cache miss)
npm http fetch GET 200 https://dl.cloudsmith.io/signed/vlt/benchmarks/npm/vitest/utils/2.1.9/utils-2.1.9.tgz?created=1791542181&expires=1791628581&source=t-PwLF9sWN2uK8&signature=gAAAAABqyMOlStVuFAjRcMxd3TCo-kZsFYYVkH8bQRvgBEvPe9SPq8p82zs6HkyQh_GANDeh0OsaZghgs5SkFXB5dNMwD-G3Q5AuWaE80uvwZXDD-CteVIHfLRJmhCXteNE0DoMSQuXt 1874ms (cache miss)
npm http fetch GET 200 https://dl.cloudsmith.io/signed/vlt/benchmarks/npm/loupe/3.2.1/loupe-3.2.1.tgz?created=1791542181&expires=1791628581&source=t-PwLF9sWN2uK8&signature=gAAAAABqyMOliFxrHELsi0-byuNR47jX0vTKdaYfa8XAy5E1tkHtB28p_2UZiUuOrip4hP93I1chzqqhSuwo94W1Pp8gLTBSeeC1C2snbCuNuBj9l-tVXHoYThFX92koAwK_o32KI-bS 1878ms (cache miss)
npm http fetch GET 200 https://dl.cloudsmith.io/signed/vlt/benchmarks/npm/yoctocolors/2.2.0/yoctocolors-2.2.0.tgz?created=1791542080&expires=1791628480&source=t-PwLF9sWN2uK8&signature=gAAAAABqyMNA8FvWT1HWpWOEaokhhASXNSdZWGgHULRZXGnE0j7LHCCUsPT6XxA1eiAgbKb-yuFJa8ftiXPOnLFEcayGVW-wBs69Y4DRzJNAUtpGQeEZm4EN1YcfQyK8ZlpwN7pELLNQ 1881ms (cache miss)
npm http fetch GET 200 https://dl.cloudsmith.io/signed/vlt/benchmarks/npm/vitest/pretty-format/2.1.9/pretty-format-2.1.9.tgz?created=1791542182&expires=1791628582&source=t-PwLF9sWN2uK8&signature=gAAAAABqyMOm8dAU-5nhTP86dwPqQVmofVunIkTHXba-y7jiuVJ36Lj9GSpdV1_sDRSl-hFYsEBOJZEIoln9be-FraJFDkTlPNOLlBm4n0G8Fg1xyRnM69F8A-OpCWMN46_wMldWXoCE 1895ms (cache miss)
npm http fetch GET 200 https://dl.cloudsmith.io/signed/vlt/benchmarks/npm/babel/plugin-syntax-decorators/7.29.7/plugin-syntax-decorators-7.29.7.tgz?created=1791542182&expires=1791628582&source=t-PwLF9sWN2uK8&signature=gAAAAABqyMOmHdMbgLa-rynS59vM95syNbsiUintFulttwtEpjyAbIQlbVzQHCBQw3PI5jLZiuCC8oRbf0T4orY-Gtq1lO8Z0F6L2gRV5FLnFtZq279koSZ9On_aF0M8O6GoklMQhkN6 1954ms (cache miss)
npm http fetch GET 200 https://dl.cloudsmith.io/signed/vlt/benchmarks/npm/vitest/expect/2.1.9/expect-2.1.9.tgz?created=1791542182&expires=1791628582&source=t-PwLF9sWN2uK8&signature=gAAAAABqyMOmnQCitIeh_QsnQT3-iAt2TF6VfJfuFPHpJjA8fjNHkDuJhVDWG-bJXXl8Pz2j9T0SwMHR4Wg7oRdLQQYzGHA3sxEPsDzmt-vkjmp8G0YY2xN25Fw9XXMcluwej4GasAdJ 1991ms (cache miss)
npm http fetch GET 200 https://dl.cloudsmith.io/signed/vlt/benchmarks/npm/chai/5.3.3/chai-5.3.3.tgz?created=1791542181&expires=1791628581&source=t-PwLF9sWN2uK8&signature=gAAAAABqyMOlpSK8ZLqabEqmAKHmg5Kt9JB9QhQsM3xOiAihknktMIwrWmtKGWKI2sQIi6TAOOWFXj-MGNfsEd2QUt1g5DERNDKGz7dF6D9HD2YkKGivcg1ns2smJtetbxv2omGThvp9 1997ms (cache miss)
npm http fetch GET 200 https://dl.cloudsmith.io/signed/vlt/benchmarks/npm/babel/plugin-syntax-import-meta/7.10.4/plugin-syntax-import-meta-7.10.4.tgz?created=1791542182&expires=1791628582&source=t-PwLF9sWN2uK8&signature=gAAAAABqyMOmN5_C5gq44WAq796lkXx8UcI_LzJ0t7Py7ouCjW-sN3vDIY8Ny-X6SPbX9CIsACQAxUMI7EoakTJ84zhSJ8jFYdeDQRp0-OkbsvI6ut8dktL3kY12wAlfsCYaqbdbyCfK 2063ms (cache miss)
npm http fetch GET 200 https://dl.cloudsmith.io/signed/vlt/benchmarks/npm/is-plain-obj/4.1.0/is-plain-obj-4.1.0.tgz?created=1791542080&expires=1791628480&source=t-PwLF9sWN2uK8&signature=gAAAAABqyMNAo_TC4GUzrh_Jkvm4LItXqDTc7HH0FgW43LysCngFltcADxryDVQ99ZgvG_Q1ANR1A4yIP3DEK9oL6DyHL4o5Dmmkr7A59GpXq_bU_HRiwiNEaO9hcgwtzfJXwTYP8YkU 2069ms (cache miss)
npm http fetch GET 200 https://dl.cloudsmith.io/signed/vlt/benchmarks/npm/kolorist/1.8.0/kolorist-1.8.0.tgz?created=1791542182&expires=1791628582&source=t-PwLF9sWN2uK8&signature=gAAAAABqyMOmmNROkKpfRuWU2LRMuGTtQ9JJgdj4mPdGsnsIKvuFGlOe3YHjTVH0f8Te9bftHNk3S2LMIF6bSPiOqt_lHs2LG2MhvHjK1bsJc1V-PsDBFyM428RSZfm53cxevu5Xf9wl 2107ms (cache miss)
npm http fetch GET 200 https://dl.cloudsmith.io/signed/vlt/benchmarks/npm/babel/plugin-syntax-import-attributes/7.29.7/plugin-syntax-import-attributes-7.29.7.tgz?created=1791542182&expires=1791628582&source=t-PwLF9sWN2uK8&signature=gAAAAABqyMOmMYlpKxbu5ILZUIIhPsXVlytXNp8r1MsyGuBW0Iu-R_U0tHtOut6wTfLmswNdlU43eTQcJ4xdKh2wYW6oTL5XsjTINXRKfJdCv46UA7SXcYnubRJV8eO5ubEVBJgYpecA 2133ms (cache miss)
npm http fetch GET 200 https://dl.cloudsmith.io/signed/vlt/benchmarks/npm/run-applescript/7.1.0/run-applescript-7.1.0.tgz?created=1791542182&expires=1791628582&source=t-PwLF9sWN2uK8&signature=gAAAAABqyMOmdIgBknI6EVI4dgbEDAsz3v2R4TTtq6XIsBeaab3Yf8nKYcwCCYfK_OGZi-tXfj4beJ_GxNyp6FYMOczNE6DoFeUVUB5NPQS65q37pKiaLPATAmQzKMtV6PS_ubSvv-PR 2159ms (cache miss)
npm http fetch GET 200 https://dl.cloudsmith.io/signed/vlt/benchmarks/npm/default-browser-id/5.0.1/default-browser-id-5.0.1.tgz?created=1791542182&expires=1791628582&source=t-PwLF9sWN2uK8&signature=gAAAAABqyMOmy6iEBVxGkwMaldxlBYsLFg8nbDaVL_iT2iZRFh2_TcuKOYGLsjzVywy2jaVLK7bZLx_EoaHneCfxAQ1dZzMMiKgW-ZxPp8sXQmJusyv7cCKvxX_xW8_lD3JS2wgeR5a- 2194ms (cache miss)
npm http fetch GET 200 https://dl.cloudsmith.io/signed/vlt/benchmarks/npm/babel/plugin-proposal-decorators/7.29.7/plugin-proposal-decorators-7.29.7.tgz?created=1791542182&expires=1791628582&source=t-PwLF9sWN2uK8&signature=gAAAAABqyMOmKpOV4d6K6b7RYG-hxTRvd60ebk-XMF24sxxqQcTVi4q4zog5O_7DbpY1GxERDUDNxM4xcUAfxjAuOk5rFeVfqR30MjZ6CesKYyOESIoMtL_Pz-axfDE_Bl7qSmBLy3iL 2217ms (cache miss)
npm http fetch GET 200 https://dl.cloudsmith.io/signed/vlt/benchmarks/npm/define-lazy-prop/3.0.0/define-lazy-prop-3.0.0.tgz?created=1791542182&expires=1791628582&source=t-PwLF9sWN2uK8&signature=gAAAAABqyMOmpZCAwr7DLHDJsgaWRRCgzHhilD_NrM4s5MUCrRwQYgJRsgmNexoQlI7fSS3GPSEFR-6TTdSuPGnvYAKRtnorFY8LKxam6TRtZ7oLcSuASawu4nP-Fp8AAlVZkF69HOb5 2216ms (cache miss)
npm http fetch GET 200 https://dl.cloudsmith.io/signed/vlt/benchmarks/npm/bundle-name/4.1.1/bundle-name-4.1.1.tgz?created=1791542182&expires=1791628582&source=t-PwLF9sWN2uK8&signature=gAAAAABqyMOmeruirQVqHR86aYDbA8ALh7Gsc_yb8rVvhS4KOf5kWT7nAsi-hxvzk148pdB0pUUuXRD4z68pjo2LwxBYOIMsK4Pak90WT6yMJQBANo_txjSX2h4BeVtokM_J_h6D_2WS 2254ms (cache miss)
npm http fetch GET 200 https://dl.cloudsmith.io/signed/vlt/benchmarks/npm/default-browser/5.5.1/default-browser-5.5.1.tgz?created=1791542182&expires=1791628582&source=t-PwLF9sWN2uK8&signature=gAAAAABqyMOmd4iXkRv3dHQgIwVctM9MNCP9MQUFK_9pmqWDW7Ektbs6ylqrnKqr7b4dGlKd2pskd3Rs05TmxNtHv2ahbM4Sl7enhBVpkfE2u70bSQ0eR9jUZu45zfNnwnvhauayk6gJ 2259ms (cache miss)
npm http fetch GET 200 https://dl.cloudsmith.io/signed/vlt/benchmarks/npm/universalify/2.0.1/universalify-2.0.1.tgz?created=1791542182&expires=1791628582&source=t-PwLF9sWN2uK8&signature=gAAAAABqyMOm8fdYj7jc0HhMfrMtTl0qYS42d23f7dvFofA2Z5LQtSmSHZI4oIK6UfBcQ1DRfkk6T_lwIZ5D4jTpB2HNeyLKO_G26zpl2fwU6hlge9_7MzrCzKPDq27dt7K9-SPYZYz7 2262ms (cache miss)
npm http fetch GET 200 https://dl.cloudsmith.io/signed/vlt/benchmarks/npm/jsonfile/6.2.1/jsonfile-6.2.1.tgz?created=1791542182&expires=1791628582&source=t-PwLF9sWN2uK8&signature=gAAAAABqyMOmEGYdYrbaNCzckL7j0rXLMG8lralhRgWg9Ghx9QDAxtnz7E4EYaRK2rUXCjIJqn8oHI71Ql-vqH42X7dgKehqFIKmolaXxIJdTxYoHU4bWxoO2_UFtW17rGEqluS8zDHH 2275ms (cache miss)
npm http fetch GET 200 https://dl.cloudsmith.io/signed/vlt/benchmarks/npm/graceful-fs/4.2.11/graceful-fs-4.2.11.tgz?created=1791542182&expires=1791628582&source=t-PwLF9sWN2uK8&signature=gAAAAABqyMOmEgmILhDHAe4uz2JkC648F4sTxTd-7J-Fk65sU71RJbk5VK_OaxxJdY8hG1DgryrbUtPTDXvoAtGBOXDKsnbJ8830E4xfLY_qoWtYrCe2ZCHr7S9-wm9tl6E2A_hQce7n 2328ms (cache miss)
npm http fetch GET 200 https://dl.cloudsmith.io/signed/vlt/benchmarks/npm/open/10.2.0/open-10.2.0.tgz?created=1791542182&expires=1791628582&source=t-PwLF9sWN2uK8&signature=gAAAAABqyMOmfQEnA5v_yIAI7ynw8v5JHKxkBrOCYmQg7tDEPBGNzQ0mCWvn3VF8qyxP5QP4AwtAGTBGeKJHHQjtislfmzXH0ANcLAuMDZR4oiRMiozfAGWqs0DI0XgW4ZJdPjTdyO9c 2341ms (cache miss)
npm http fetch GET 200 https://dl.cloudsmith.io/signed/vlt/benchmarks/npm/fs-extra/11.4.1/fs-extra-11.4.1.tgz?created=1791542182&expires=1791628582&source=t-PwLF9sWN2uK8&signature=gAAAAABqyMOmBntE1ISmur1Ya2jlFhKOxwf94shnWF-JI4AFaEic5u3ZzKIltm7tEuWxGyBXTdH5S1hmV0Xcs_yNC0mClQUoVQVQOu-2sWfl4C_lPSdV1IllxYncqqkEFok8TIDjuz5f 2367ms (cache miss)
npm http fetch GET 200 https://dl.cloudsmith.io/signed/vlt/benchmarks/npm/error-stack-parser-es/0.1.5/error-stack-parser-es-0.1.5.tgz?created=1791542182&expires=1791628582&source=t-PwLF9sWN2uK8&signature=gAAAAABqyMOmut828x3DC2jRWF1f2lLUYqJux2JLAv9fkkRUvliLob5tIIKoMmncdB0nGCWuZfXP_viM7ufDJRGMOY6EjdmND6Vzu5cgTomA-Y51dGqg-grsmQ-dAgcguQXqVJZcdll4 2404ms (cache miss)
npm http fetch GET 200 https://dl.cloudsmith.io/signed/vlt/benchmarks/npm/wsl-utils/0.1.0/wsl-utils-0.1.0.tgz?created=1791542182&expires=1791628582&source=t-PwLF9sWN2uK8&signature=gAAAAABqyMOmcBNTCxI31atxfAq2B2IN71xzFLEWTAHeHjLETYMEAxP5i5E3TkcDHYNYP7c58Fi6sIkFW1gUCC7xEVf9aaYEPpimiCSVp8Pf6Pe2kUAwBsgJS_rt24oNPSj3aXEPP76n 2469ms (cache miss)
npm http fetch GET 200 https://dl.cloudsmith.io/signed/vlt/benchmarks/npm/antfu/utils/0.7.10/utils-0.7.10.tgz?created=1791542182&expires=1791628582&source=t-PwLF9sWN2uK8&signature=gAAAAABqyMOmiwS6X4CEFcYOdjNMPIi6WAEucXwyfyHwz3wket-AUa9LtxF-XBn-EtE7H4JXJgoAu1OUFolsQV8le21kTvAQQ-9ioGx3u9id8bL-s-rwlahBZ9ek0-ji1Jam8Y8-2_Sl 2480ms (cache miss)
npm http fetch GET 200 https://dl.cloudsmith.io/signed/vlt/benchmarks/npm/totalist/3.0.1/totalist-3.0.1.tgz?created=1791542060&expires=1791628460&source=t-PwLF9sWN2uK8&signature=gAAAAABqyMMsg0pfVJI_Tsz0cXq9h0I3F7Vi28ydOKd2hEuECYMI4z3sdO7yb1gC_yaiKimnvtn-n_XGjgZmPslWKjDtCkJw3yq21g-BMI__FdR6O00gM71_AylQ-uTeD8l65rSY97yO 2520ms (cache miss)
npm http fetch GET 200 https://dl.cloudsmith.io/signed/vlt/benchmarks/npm/copy-anything/4.1.5/copy-anything-4.1.5.tgz?created=1791542182&expires=1791628582&source=t-PwLF9sWN2uK8&signature=gAAAAABqyMOm2tcdZu7g_DEudY_v7M3d4KGzVSZAKlTawVNxNwdwYMDQzgTz-44bLte2xg6075WrCdGQd6xny3MbHrR7xiX0XhCy9UjkTtduoKgC7f4qrd3xHE6YI6GluPuBBZ7XTR65 2548ms (cache miss)
npm http fetch GET 200 https://dl.cloudsmith.io/signed/vlt/benchmarks/npm/polka/url/1.0.0-next.29/url-1.0.0-next.29.tgz?created=1791542060&expires=1791628460&source=t-PwLF9sWN2uK8&signature=gAAAAABqyMMsi-Y9r39eBleiMnt041u6WQYoQcO2dKd-WIRuJV81CFDqroqU36lDUa3kHkoJZBuiFFogb92nQD7Alg_9CsvjwUaBXSOs7wAKuPY_zrc8RZ3malp6hean6s4tiJ0b6lEo 2567ms (cache miss)
npm http fetch GET 200 https://dl.cloudsmith.io/signed/vlt/benchmarks/npm/rollup/rollup-linux-arm64-gnu/4.64.3/rollup-linux-arm64-gnu-4.64.3.tgz?created=1791542092&expires=1791628492&source=t-PwLF9sWN2uK8&signature=gAAAAABqyMNMtMIgpIEyvjCu8-nK_B6C-TCmDC9FG2DfJZnK4jUpbMLS4H-z9uRztl9ixSLykI6qH6_hVaHqJtP-I98XggCd_kNvgHqQR3yToxgIPqgAPpSKEceEJPZ1qVLUTUwN1c86 2602ms (cache miss)
npm http fetch GET 200 https://dl.cloudsmith.io/signed/vlt/benchmarks/npm/unicorn-magic/0.3.0/unicorn-magic-0.3.0.tgz?created=1791542182&expires=1791628582&source=t-PwLF9sWN2uK8&signature=gAAAAABqyMOm-2FHmYwtCPk6D91xb_4bV2hXnrpDir_YbpSkLmfcmV2X0Gx_1QSUtryj-vyQtVi_x4mJLo88XGfQXFv93dCec8qDyrEQyr4UCuNcYKEj7uWo2v3thTwsElDJZbyB6eDS 2619ms (cache miss)
npm http fetch GET 200 https://dl.cloudsmith.io/signed/vlt/benchmarks/npm/sec-ant/readable-stream/0.4.1/readable-stream-0.4.1.tgz?created=1791542182&expires=1791628582&source=t-PwLF9sWN2uK8&signature=gAAAAABqyMOm0tkhYZ_I531mOEOyZDC9PmgGPzojH_5FEcvaT0ZXefzR5nk3cNEW_LsMC7a-5NLYNVByVUGcanvFqWez5UvrlJ-NOIUJaE4NTNIz8xuO_iatyuUSvzs7PnRv-qnKaM2I 2628ms (cache miss)
npm http fetch GET 200 https://dl.cloudsmith.io/signed/vlt/benchmarks/npm/is-unicode-supported/2.1.0/is-unicode-supported-2.1.0.tgz?created=1791542182&expires=1791628582&source=t-PwLF9sWN2uK8&signature=gAAAAABqyMOmntHGiqwTBzD9BIakjwslXaV1BudEsbAcVbN_YGpVxHp4F3f7pGgqYpDmo-T12zXRSqQh6gX-VMePDeU6PYS_O_2NhscvGbnhrHZZmpSmxbtTsoaK8J4sb4Xd5GTprQdI 2635ms (cache miss)
npm http fetch GET 200 https://dl.cloudsmith.io/signed/vlt/benchmarks/npm/parse-ms/4.0.0/parse-ms-4.0.0.tgz?created=1791542182&expires=1791628582&source=t-PwLF9sWN2uK8&signature=gAAAAABqyMOmuIGtUwMwVaEFfHxpoljaG09juTHhs5ayKSww0CXroBZeaI8Z3f47la8wcfoX6XzOdxYFbN4JAL2VEs4oSKpZuGtKb-nE-y7svOzIypdfrr85LjUdzNVbDtV2oXUbbLI- 2653ms (cache miss)
npm http fetch GET 200 https://dl.cloudsmith.io/signed/vlt/benchmarks/npm/pretty-ms/9.3.1/pretty-ms-9.3.1.tgz?created=1791542182&expires=1791628582&source=t-PwLF9sWN2uK8&signature=gAAAAABqyMOmgIQkAr4rt-2W4fTHHFmbjWt-QeBOay_M8ovfs7-yxaxRieuMuvT0fRCIajXFL2QYWzplj0Xt9w42PVKNlygdT67Kgvp6YVwrAWOgwbJkRGOFGTo_959sBe3-k2jAdgOO 2653ms (cache miss)
npm http fetch GET 200 https://dl.cloudsmith.io/signed/vlt/benchmarks/npm/esbuild/0.25.12/esbuild-0.25.12.tgz?created=1791542060&expires=1791628460&source=t-PwLF9sWN2uK8&signature=gAAAAABqyMMsRa99RQ8Suo8E5ykSeL0pa9PhZ_pWQaAFdZTWJ5JuGYFeww4V16LxX-BcTx-8DsHGOfaEluvaHya589QdtX-Qc937AefbHXBLZAcrip5z3sSjEpfc6sAyYLjDXLYLiI2a 2648ms (cache miss)
npm http fetch GET 200 https://dl.cloudsmith.io/signed/vlt/benchmarks/npm/strip-final-newline/4.0.0/strip-final-newline-4.0.0.tgz?created=1791542182&expires=1791628582&source=t-PwLF9sWN2uK8&signature=gAAAAABqyMOmV5BedcD1_VpxswIcdJ8O34CN29gMjaWg1C3UpD5_wrMG4jjjQRcj9Anz22y2H7ceQQCYzmU0KAeLHCpyiXffju0bGeBm5vjufzXDGOPXsviFphJD6jkV9mTma2W_qif0 2692ms (cache miss)
npm http fetch GET 200 https://dl.cloudsmith.io/signed/vlt/benchmarks/npm/is-stream/4.0.1/is-stream-4.0.1.tgz?created=1791542182&expires=1791628582&source=t-PwLF9sWN2uK8&signature=gAAAAABqyMOmv9Y_wdesGOUO688uNRSJEESG13ri8NaMzvcG7uOfKgZckgh_m0oO4i0VRm1O4hw9tNKD4Nhg2AXHvGwED4i3bBxRDExwNIyNO1Hw6a4jYBasmutQTYJWGMPmyHgMA_Mx 2704ms (cache miss)
npm http fetch GET 200 https://dl.cloudsmith.io/signed/vlt/benchmarks/npm/npm-run-path/6.0.0/npm-run-path-6.0.0.tgz?created=1791542182&expires=1791628582&source=t-PwLF9sWN2uK8&signature=gAAAAABqyMOmsIctrVBnS5ZYJatl4H5UjbXWXMhuriI2fc4G6eejgiiaKbih_NDvEV_osfY2btfmsGeNzREHBJsnGqYRX2-6AIqbt2DoqW-kD-V08eozMFRIOi8sJLdzxY8lrD7PnhVz 2713ms (cache miss)
npm http fetch GET 200 https://dl.cloudsmith.io/signed/vlt/benchmarks/npm/esbuild/linux-arm64/0.25.12/linux-arm64-0.25.12.tgz?created=1791542060&expires=1791628460&source=t-PwLF9sWN2uK8&signature=gAAAAABqyMMsExKMrz28daGp7TWHrJoUVla0jr0uQxND1trGdxrbRUfn0xNDTBItUzsSOWmx56y8gTOi2rYt_7VqAYL6rTOCCtlO-H4H9g1oKF01G7L-kNe7q5-FO6N9tnPdNLrmDFgk 2726ms (cache miss)
npm http fetch GET 200 https://dl.cloudsmith.io/signed/vlt/benchmarks/npm/human-signals/8.0.1/human-signals-8.0.1.tgz?created=1791542182&expires=1791628582&source=t-PwLF9sWN2uK8&signature=gAAAAABqyMOmEnXJmsAdO2prCDEmzsKnWiuCcA1CSxJxTP9SwOvOTnBGxvejojwLww1tvaEAWIF8PlOIiZ0Uf6t2CDC0VMa5oiTeLRkh_RRGpaSGQmKMGQYcxk4oXWsAemhKOQKmGQcW 2756ms (cache miss)
npm http fetch GET 200 https://dl.cloudsmith.io/signed/vlt/benchmarks/npm/get-stream/9.0.1/get-stream-9.0.1.tgz?created=1791542182&expires=1791628582&source=t-PwLF9sWN2uK8&signature=gAAAAABqyMOmFwPWFAirp0EHstVW_cybJ-Yj1KCeexSqvj2xwZrYs8tkO7DpuyMDziTdrdqRbbd53NFnGFZs2Co5QGkAxP7z-_cgYWyN_uz1_FedcIeT6-RF89LzMgiwwEQWLJuTdVo7 2799ms (cache miss)
npm http fetch GET 200 https://dl.cloudsmith.io/signed/vlt/benchmarks/npm/superjson/2.2.6/superjson-2.2.6.tgz?created=1791542182&expires=1791628582&source=t-PwLF9sWN2uK8&signature=gAAAAABqyMOmaE8j4XZoSSlPisNiR5gPmDdZDM6jFcXAmNh2avsZ_BsLzwuNh1XD46d6cYo2CKHfE6N-HHqhamaEK3A5bUWjx2TkI0XzZW6m83lSthTP2t3k8eVb8qsHC6Bk_WSGdcwo 2842ms (cache miss)
npm http fetch GET 200 https://dl.cloudsmith.io/signed/vlt/benchmarks/npm/sindresorhus/merge-streams/4.0.0/merge-streams-4.0.0.tgz?created=1791542182&expires=1791628582&source=t-PwLF9sWN2uK8&signature=gAAAAABqyMOm3zky9yF_wIeKgb0Wz6bdlf0rqtQAyYLmzrNY6cef0n9xZuLPKZQWnfgPiOKTfY4TrcRZZ1r_cW5lBlueivNOi-bFQ9wPdgKB5bWUDunMR1NGLxQOD0V8ZQUrr54FzbBP 2892ms (cache miss)
npm http fetch GET 200 https://dl.cloudsmith.io/signed/vlt/benchmarks/npm/rfdc/1.4.1/rfdc-1.4.1.tgz?created=1791542182&expires=1791628582&source=t-PwLF9sWN2uK8&signature=gAAAAABqyMOmuj0JEQl_wWZ3bzTcnr76jZkXUcAPAa0SG_XA6j3UWSjAnVPKwfrKV6NbbnnxicNTFgd_sRe-XaUv-Ij86RTUEUzQAh48B6Wcoa72b1XkMaiBDexWZ8eXJS8K9jZhyWNy 2910ms (cache miss)
npm http fetch GET 200 https://dl.cloudsmith.io/signed/vlt/benchmarks/npm/speakingurl/14.0.1/speakingurl-14.0.1.tgz?created=1791542182&expires=1791628582&source=t-PwLF9sWN2uK8&signature=gAAAAABqyMOm7PTSRHEnPOfpoBTyxI79lrJGGTXmRUOkx6IjI1D-DWD2jgppeIInMY2E0Sm9OqSTxuzQZo5Kom_YMtFbOpkWWsITKEiMO1lLM8gtolSWjG8O6VHoKC6SvyFC8ocDDxFQ 2981ms (cache miss)
npm http fetch GET 200 https://dl.cloudsmith.io/signed/vlt/benchmarks/npm/figures/6.1.0/figures-6.1.0.tgz?created=1791542182&expires=1791628582&source=t-PwLF9sWN2uK8&signature=gAAAAABqyMOmiKZieO5IUNG9FMQVFBtquWCzoKPYzp3JBMXeaTTZDwbPNBDStF-i5-g6ODUiW0lmTyHV-vJmUlHsLjiJQ5syXN7ZHcEs101keh0U43Q_0E_MxO2X_OhxyzDp2FmfwCL6 3010ms (cache miss)
npm http fetch GET 200 https://dl.cloudsmith.io/signed/vlt/benchmarks/npm/hookable/5.5.3/hookable-5.5.3.tgz?created=1791542182&expires=1791628582&source=t-PwLF9sWN2uK8&signature=gAAAAABqyMOmpMaqj1bquF47MLD1Yr4E0ZvVNoqsiDfFzl1yOuZb2AAiDRg-tOh8E1OyPCxXcX3qChhT7ZI6TVzJ4v6IcT5RF4j110o-_0JOxtacK_E0IGAcnxBwW9ijtIWIfF9BBLP4 3018ms (cache miss)
npm http fetch GET 200 https://dl.cloudsmith.io/signed/vlt/benchmarks/npm/perfect-debounce/1.0.0/perfect-debounce-1.0.0.tgz?created=1791542182&expires=1791628582&source=t-PwLF9sWN2uK8&signature=gAAAAABqyMOmBdnGYeqxyapg3A3NRno0R3MlhM3SD7ibjv59hmz9RAnNUCzUGdoOeN7abtwEsPZRkaDPcnLpbc-1oCVjBj4zZPXkp8mV7zKG4-j5di5CdjL7M1Ej9kMbd2yAZ0PvGCH8 3019ms (cache miss)
npm http fetch GET 200 https://dl.cloudsmith.io/signed/vlt/benchmarks/npm/mitt/3.0.1/mitt-3.0.1.tgz?created=1791542182&expires=1791628582&source=t-PwLF9sWN2uK8&signature=gAAAAABqyMOmhoaAHt_uJRdhTYSFAlAnZwb48PHHSuE2M5WSxiTVed7lKMffIyO1LDhcBIZvlCtkUW2aduHqsk8TWFHH_mHNQJnsG5f5gHqyx9FobQo3yXkf4xfkuPhs7AzIKanWeLn6 3053ms (cache miss)
npm http fetch GET 200 https://dl.cloudsmith.io/signed/vlt/benchmarks/npm/cssesc/3.0.0/cssesc-3.0.0.tgz?created=1791542083&expires=1791628483&source=t-PwLF9sWN2uK8&signature=gAAAAABqyMNDrrsmmbJhtJ-JNKzqOliVr6o1zT9vRe12XOFHbn9gehhCX0t196feZ5Tv6swv9lLfKDESmlpcDbrsBJOLNSDUTacPe-uBdyxPclr4-aBXe8QVB9jBAkro_n3tu-50U_aB 3060ms (cache miss)
npm http fetch GET 200 https://dl.cloudsmith.io/signed/vlt/benchmarks/npm/birpc/2.9.0/birpc-2.9.0.tgz?created=1791542182&expires=1791628582&source=t-PwLF9sWN2uK8&signature=gAAAAABqyMOm7m9WifHA40-XAnK8H-W3RTP5gLLyjTL2Juljr5en3nAbgjNLOErrmh3UX5_bcROsXdWWlqx4IYZpsvYzIKybMlldpeGB9Q41X0lQUeWebtSLZAnZwJ5j_vlAdOIypFj1 3089ms (cache miss)
npm http fetch GET 200 https://dl.cloudsmith.io/signed/vlt/benchmarks/npm/vite-hot-client/2.2.0/vite-hot-client-2.2.0.tgz?created=1791542182&expires=1791628582&source=t-PwLF9sWN2uK8&signature=gAAAAABqyMOmcvLXgV_iEdNTOmiJrK--GILZpXMyYEV4awIbh-FUXnO_xLNrovwC0bA4jlJwJej4GnlquepgSP0EavgFJe0HpHkYW6MLw5vrz8idUkU5uRfecwAFUGAzWI2pIemwOfcb 3089ms (cache miss)
npm http fetch GET 200 https://dl.cloudsmith.io/signed/vlt/benchmarks/npm/nanoid/3.3.20/nanoid-3.3.20.tgz?created=1791542060&expires=1791628460&source=t-PwLF9sWN2uK8&signature=gAAAAABqyMMsdYUG-dvaBTVm4wbbrVFON09fN4imfaNggRyWEY3ms2o-_-uZxx3qI8sBnROzqjaa1JbbdRclXMgDwhkLeAL8gBj_RsmPa-eqRWSXwscj5NX0VyFJIYUXhxT9uM1KbJx3 3093ms (cache miss)
npm http fetch GET 200 https://dl.cloudsmith.io/signed/vlt/benchmarks/npm/pathe/2.0.3/pathe-2.0.3.tgz?created=1791542182&expires=1791628582&source=t-PwLF9sWN2uK8&signature=gAAAAABqyMOmlgYQp9HIYgSVuEZ_Q4HBKoKUIuJiRVwmYF2hOMoRoexDZtI0Z9VYO3AeF4RS7hgnQ__5aOAXTZ9uSlF0dMl38I-A8XZU7b0stWwpkkQYvQQe8_AXIboXf23aKTOsTPnw 3100ms (cache miss)
npm http fetch GET 200 https://dl.cloudsmith.io/signed/vlt/benchmarks/npm/vite-plugin-vue-inspector/5.4.0/vite-plugin-vue-inspector-5.4.0.tgz?created=1791542182&expires=1791628582&source=t-PwLF9sWN2uK8&signature=gAAAAABqyMOmHk-B1eyJupsEHG3S7FPEX1_3KeDEzHceFJ6XwKbWBLjJsPaxDlLZ3wM7Y-OX4IeiiWutn7NU56ps0JskJsh60qD7dBdTsIzMrOt-EGtxolaKJEypBmywCOzeLN6HAhyR 3148ms (cache miss)
npm http fetch GET 200 https://dl.cloudsmith.io/signed/vlt/benchmarks/npm/sirv/3.0.2/sirv-3.0.2.tgz?created=1791542060&expires=1791628460&source=t-PwLF9sWN2uK8&signature=gAAAAABqyMMsPVVNGcvD10HW2UbYvQlIdxKWUSxnFZoW0oDGtFle8JDIfaGtcWoEURS26rQR15CvH_IYVFebcMwXSzoN7___042oZkoLAAM-kAeNLC9Gl6RhCgJ5oDFk8qoG2fGDl_p7 3183ms (cache miss)
npm http fetch GET 200 https://dl.cloudsmith.io/signed/vlt/benchmarks/npm/signal-exit/4.1.0/signal-exit-4.1.0.tgz?created=1791542182&expires=1791628582&source=t-PwLF9sWN2uK8&signature=gAAAAABqyMOmk8yV84fFk9yQu7il_IV-rZtxX_bkYzxuhj2aet-u_eB3vJvOkDKXV1t1O1vopiXZz7SiMfqPs32oed7Cb-3L8khmBkavv2w-CPkGm5gDktKXJL5z4e_6SoXQznO8_mIb 3195ms (cache miss)
npm http fetch GET 200 https://dl.cloudsmith.io/signed/vlt/benchmarks/npm/vue/devtools-core/7.7.10/devtools-core-7.7.10.tgz?created=1791542182&expires=1791628582&source=t-PwLF9sWN2uK8&signature=gAAAAABqyMOmh-0OrR_RiZkZzq1U6ToEi4y1ZpzFrZREbRJaPKDB7Is9SGFOyHmFaGTOGQLlJzKVog6ZGaiL6kI5wS3cFEKgu1RrCMOHoewN5sT_NZVh0HTu09zpjnHmq4XEmGoEPp43 3218ms (cache miss)
npm http fetch GET 200 https://dl.cloudsmith.io/signed/vlt/benchmarks/npm/typescript-eslint/type-utils/8.71.1/type-utils-8.71.1.tgz?created=1791542182&expires=1791628582&source=t-PwLF9sWN2uK8&signature=gAAAAABqyMOmI9aE75k6heW_fGyA5CIPCXlHf_Q1Jhr5xqKt67Sw5qscT9Dqzu9rOrzHX_nGMMt0uzz2jW42TP4SUoVOAeo93Zz2hmU8fGe0_T62lPIaC3XutWpAn4SPXEwOBDDJkNqs 3282ms (cache miss)
npm http fetch GET 200 https://dl.cloudsmith.io/signed/vlt/benchmarks/npm/punycode/2.3.1/punycode-2.3.1.tgz?created=1791542182&expires=1791628582&source=t-PwLF9sWN2uK8&signature=gAAAAABqyMOmu4wwC1QToVS7i4wms9yVbUu3-8bTxC37HvgRZZCn2oqo3erehf0LbBMrWrfBk3rkVFB-0UfOfNe94vjj6NqPxBxW_9WvjDqwOmh5JesPWSS8LFuzU7hR38lep1bnhSKF 3376ms (cache miss)
npm http fetch GET 200 https://dl.cloudsmith.io/signed/vlt/benchmarks/npm/escalade/3.2.0/escalade-3.2.0.tgz?created=1791542182&expires=1791628582&source=t-PwLF9sWN2uK8&signature=gAAAAABqyMOmhvgBtNiFbBzaGoTD_QM34GZqBnWeP7e06xJSPYrNOU8UyxZuYJphZit0YwDKm3m_IFP6rxSIuEszur6aw-ejUW0zIDv8kB4Tx4WSt7TYq3g5FGrz1Q_b0_CV1W8J7Miz 3379ms (cache miss)
npm http fetch GET 200 https://dl.cloudsmith.io/signed/vlt/benchmarks/npm/typescript-eslint/parser/8.71.1/parser-8.71.1.tgz?created=1791542182&expires=1791628582&source=t-PwLF9sWN2uK8&signature=gAAAAABqyMOm4ZeraIF-YOF3pW8PTbbCb3QvQfGQSoFS1ocBUt1yUzx68qAfa2YLr0DFkhKlGXxscovMFSLfrhMRoB_1eJDUsgAPWmwekIDeuU-YVU13me2frR7QH-AMZdlsgBqFpFEg 3386ms (cache miss)
npm http fetch GET 200 https://dl.cloudsmith.io/signed/vlt/benchmarks/npm/boolbase/1.0.0/boolbase-1.0.0.tgz?created=1791542081&expires=1791628481&source=t-PwLF9sWN2uK8&signature=gAAAAABqyMNB6fLNOLfQiTqjvwDd6tnd5u4OK8Lr4JfLGk8B_x5bYbvRolXxQ9CRsPjAU45UuPKtu6yC7qaKSe4E94eaYnsOVjxelhwOhrjjRbC4cxYH523s9k6jZB61dX-hRwKDp9It 3384ms (cache miss)
npm http fetch GET 200 https://dl.cloudsmith.io/signed/vlt/benchmarks/npm/execa/9.6.1/execa-9.6.1.tgz?created=1791542182&expires=1791628582&source=t-PwLF9sWN2uK8&signature=gAAAAABqyMOmoqdjL_HuzmyVBRB7sT4W3aQRDDyXcfq45cT0J0m6l9BuU1kFMv7m8tWo61P_uaqVwqUVw5ksFfr4laVjR_Sdx6RIOBk2cp4W0EROmUc1qmBmxQ8716rhjY8GObqZxkTA 3440ms (cache miss)
npm http fetch GET 200 https://dl.cloudsmith.io/signed/vlt/benchmarks/npm/pkgr/core/0.3.6/core-0.3.6.tgz?created=1791542182&expires=1791628582&source=t-PwLF9sWN2uK8&signature=gAAAAABqyMOmogHg0YoudSFFGrt0uBJRpZX9t6XkMWgcdPXaTYJdTXvNSm1LYpPddr5Ah-MLLfprJJizrBwSY1G4HnuCxSDOZfFTPp6fnlyJy7ZOhDBRYzFepZspfLClSqCQLjxS_NNE 3461ms (cache miss)
npm http fetch GET 200 https://dl.cloudsmith.io/signed/vlt/benchmarks/npm/is-number/7.0.0/is-number-7.0.0.tgz?created=1791542182&expires=1791628582&source=t-PwLF9sWN2uK8&signature=gAAAAABqyMOmYP187XhUrBw3cf67gaqLKipmkhLUHGaphUr4N1WFpeXYHgfPpUrO0aJLKkZFRwnXu5zaIw6h7poWxFiI_ajEcizzRBZCkfAajJSFAz_4kC3CyJ5uKYLRoew7AfKvkA2G 3491ms (cache miss)
npm http fetch GET 200 https://dl.cloudsmith.io/signed/vlt/benchmarks/npm/tldts-core/6.1.86/tldts-core-6.1.86.tgz?created=1791542182&expires=1791628582&source=t-PwLF9sWN2uK8&signature=gAAAAABqyMOm_sI4kWUdvHYW0WuXlM5wa-BZRiAewKqPQ3BLhmDUFw_GfQgKDosdA2yskGPEj1J3Zx1deYxB22FNcv3ft2s6fSXeosdKIQ3moC9oNOsl35lXAewsPmiu2jUq8IYA9Ix7 3544ms (cache miss)
npm http fetch GET 200 https://dl.cloudsmith.io/signed/vlt/benchmarks/npm/vue/devtools-shared/7.7.10/devtools-shared-7.7.10.tgz?created=1791542182&expires=1791628582&source=t-PwLF9sWN2uK8&signature=gAAAAABqyMOmHdMb9JkRWy8mxAerzi7HIUNB8xKaL9vyY9-adlvI4khcB_Y0M7MFrpPf2NjbLTx4H1Q2Shdg556Z_1UlrnUUqX_mV0D__d_JSltye_sNwpLi33xSbBZqaZATMYOJLB1N 3555ms (cache miss)
npm http fetch GET 200 https://dl.cloudsmith.io/signed/vlt/benchmarks/npm/xmlchars/2.2.0/xmlchars-2.2.0.tgz?created=1791542182&expires=1791628582&source=t-PwLF9sWN2uK8&signature=gAAAAABqyMOmjIewD9bI7QZBwKGwf7n9X4G947YVSRdJHB_4OlccsHTqiKWONXOA-rqo_jzDE-DPgR8itAkGNP5ZiAm-05byO9z04kdniOF3lqk9jdNLKxus5yHshAnvpP8KnxDjD445 3566ms (cache miss)
npm http fetch GET 200 https://dl.cloudsmith.io/signed/vlt/benchmarks/npm/has-flag/4.0.0/has-flag-4.0.0.tgz?created=1791542182&expires=1791628582&source=t-PwLF9sWN2uK8&signature=gAAAAABqyMOmKVMUSpD6ydIMAWQijDvgQpgeDpZ4C95TUcsU8Uw-_BiH_t3HmCNBQ8tqPJCQALpFfgr_7IDg-b_WITlX0w5SdgWXbXpC62n9PzEJEucneAGMMgS9Z0YpKxaMKhu894Yd 3570ms (cache miss)
npm http fetch GET 200 https://dl.cloudsmith.io/signed/vlt/benchmarks/npm/npm-normalize-package-bin/4.0.0/npm-normalize-package-bin-4.0.0.tgz?created=1791542182&expires=1791628582&source=t-PwLF9sWN2uK8&signature=gAAAAABqyMOmQn6kcszUgVl5ZzIHNQlrDwiIWurtcETlsXe4DwqWXiYjJAvK9HJB1CL1_jGvS1w-7diX79nVZ_F5YnvRHU34qjITN3g6NiA4ssPETcQEY8HoOFjd2K0K9t2p7jHDVT_3 3605ms (cache miss)
npm http fetch GET 200 https://dl.cloudsmith.io/signed/vlt/benchmarks/npm/vite-plugin-inspect/0.8.9/vite-plugin-inspect-0.8.9.tgz?created=1791542182&expires=1791628582&source=t-PwLF9sWN2uK8&signature=gAAAAABqyMOm9gHLzE0L4jeWMxaw998IbycVcdNr0EpCEf2br_m8lDwavGStJ1-XvTKEXACcx0Sji4tMc4s-nq3Lvo6f9o80pNafyuJQ1ubzwjBtYDueLT_zjTh-cmAVioUcWsvJ69dq 3616ms (cache miss)
npm http fetch GET 200 https://dl.cloudsmith.io/signed/vlt/benchmarks/npm/rollup/4.64.3/rollup-4.64.3.tgz?created=1791542182&expires=1791628582&source=t-PwLF9sWN2uK8&signature=gAAAAABqyMOmIteXcbLd2PF2vKKujjff632KzTys9Chg3ixR40ssN3pBYoZz2935pabw9GfUBYg8GquafCBK6NldssC6rXxxo8_uJzi61oAowTmO8EiUYyMjRefh-9KZA4alerPSELPf 3640ms (cache miss)
npm http fetch GET 200 https://dl.cloudsmith.io/signed/vlt/benchmarks/npm/picomatch/2.3.2/picomatch-2.3.2.tgz?created=1791542083&expires=1791628483&source=t-PwLF9sWN2uK8&signature=gAAAAABqyMNDFYxkpdGkfOcR-OpjqNBuM0pLhtRPXjTmNJ_jlX91T60JnXWzAEQ2BYljD33UVcjMH5OOFgPPJdZfbfP08IPDPdbTF6oxwMw0tQ4q6nXx6G2-t05dZJTEzBeAOeoEYURI 3637ms (cache miss)
npm http fetch GET 200 https://dl.cloudsmith.io/signed/vlt/benchmarks/npm/fast-diff/1.3.0/fast-diff-1.3.0.tgz?created=1791542182&expires=1791628582&source=t-PwLF9sWN2uK8&signature=gAAAAABqyMOmHmUqRQLM9VDOjtm9wU_R1khFF4IAXDiowrnQy1GjYv20Qot0TIf4j0Hq2DtAKWLIjP3y5cxsBiROJ41T7y7mnuTCMPHUDu_AiVe4NBcE48qMEMRQqFEoU6oC5BVr5Yml 3713ms (cache miss)
npm http fetch GET 200 https://dl.cloudsmith.io/signed/vlt/benchmarks/npm/tldts/6.1.86/tldts-6.1.86.tgz?created=1791542182&expires=1791628582&source=t-PwLF9sWN2uK8&signature=gAAAAABqyMOmW5Mfx6Fwju__3vPWha1JOrw13NHtIJpXrUXbR1E-TN-7k1ifKz5UigFqmXiUTrKJY4qRJchHsD8Wx8NZDysPjWBlpmL0XgnwXhcUJLPdX6ip1ElBvLeixyAW6ysEbQIx 3732ms (cache miss)
npm http fetch GET 200 https://dl.cloudsmith.io/signed/vlt/benchmarks/npm/queue-microtask/1.2.3/queue-microtask-1.2.3.tgz?created=1791542182&expires=1791628582&source=t-PwLF9sWN2uK8&signature=gAAAAABqyMOmjcKcvD8N33Cx2KseTibHXa2iuoGcBUWpuc9bnV8YzLR-wWORdG0mZKk3FIRt8w4LTsfBUbvco0CY_t88ayUlGz9T445b4s0Zy8Vs1zXkZLkhsOUBqYgtF6iR8xmDecSl 3752ms (cache miss)
npm http fetch GET 200 https://dl.cloudsmith.io/signed/vlt/benchmarks/npm/json-parse-even-better-errors/4.0.0/json-parse-even-better-errors-4.0.0.tgz?created=1791542182&expires=1791628582&source=t-PwLF9sWN2uK8&signature=gAAAAABqyMOmMsViH_o1n1Z3Nj8aGN9tD_Biu2VkkmW3fqAxjGoRTqC5s0pk-YveGDkai9am6jvfgoR6Av98kCvBd6u6kE4SgMQvsBAEru1WTZynySn_aCHLiuGMZvmtKlBRLErvArTd 3797ms (cache miss)
npm http fetch GET 200 https://dl.cloudsmith.io/signed/vlt/benchmarks/npm/util-deprecate/1.0.2/util-deprecate-1.0.2.tgz?created=1791542182&expires=1791628582&source=t-PwLF9sWN2uK8&signature=gAAAAABqyMOmpdL66g20Pxcv1slqLY0WVrjhPD9Niz1JLX2VM9qPcPcuLgeP9lNk8FYq-s3zENXUXQFbMqBqXM9R0FcS3KKLCtlMqaxSKz9bzNMYCDdv-8GWdBYm3tygO_F_5razPC17 3851ms (cache miss)
npm http fetch GET 200 https://dl.cloudsmith.io/signed/vlt/benchmarks/npm/vue-demi/0.14.10/vue-demi-0.14.10.tgz?created=1791542182&expires=1791628582&source=t-PwLF9sWN2uK8&signature=gAAAAABqyMOmeAuPBnZImCHMAU_6DV_AAXO-ERnSMRmt8ZDXL63sisPwwv1jA9D6UGmeVLOUWNht8mCtz00RhB8-fpTosjW0dmriPtxwQ-cx6Wg9-Cilb7FuCCucjcqkeuUmjefMrjEZ 3898ms (cache miss)
npm http fetch GET 200 https://dl.cloudsmith.io/signed/vlt/benchmarks/npm/vue/devtools-kit/7.7.10/devtools-kit-7.7.10.tgz?created=1791542182&expires=1791628582&source=t-PwLF9sWN2uK8&signature=gAAAAABqyMOmbfkHICS9bolc2ODytPaitVCRNFuCpT-Q10gFYYCbwriPBWM-EOZWMmyaLTSBVpIdbK7eWRNpqy5KV9Atieuzt_FY267i5pviIRheCP_jBv5sZW-z5quo4rE1lAwV5NUD 3901ms (cache miss)
npm http fetch GET 200 https://dl.cloudsmith.io/signed/vlt/benchmarks/npm/vue/devtools-api/6.6.4/devtools-api-6.6.4.tgz?created=1791542182&expires=1791628582&source=t-PwLF9sWN2uK8&signature=gAAAAABqyMOmO3xT_6J-ais9mhnpZTP_-es_Eb6FRYxTEEePtqtQbUoGfhEiaLUQEqDOChHuXJCl7CDIVdnzD8qD0BgJ_6GMh53vBDYzkB40QaCRSURzNme0UlFdJdZBcWJGO-vJF0CP 3959ms (cache miss)
npm http fetch GET 200 https://dl.cloudsmith.io/signed/vlt/benchmarks/npm/shebang-regex/3.0.0/shebang-regex-3.0.0.tgz?created=1791542182&expires=1791628582&source=t-PwLF9sWN2uK8&signature=gAAAAABqyMOmGkhFPHUVbKJXljXqw4hw9qnbvIB6gfteYN1qlllx9EUH_feWu4LQmWv_QjwfBnr8Kq76lzFWLjA_6dkuWeqsS-tNJ_r9KqbgU22ah0O-r65Xw5Migx_b1E8M7qlLf01H 3963ms (cache miss)
npm http fetch GET 200 https://dl.cloudsmith.io/signed/vlt/benchmarks/npm/callsites/3.1.0/callsites-3.1.0.tgz?created=1791542182&expires=1791628582&source=t-PwLF9sWN2uK8&signature=gAAAAABqyMOmc3K23UNuxDl6AoWtYmoH_uC0AqOziCpyt7ViH7rJTp8FhmOwbvjEq_xTz6gpsmHcRZ0NRGHTph8glCu3Si4fZD8qeSf6v7CftQx-frhOXyyCua7VSG0eMsK4OhPE8_co 3976ms (cache miss)
npm http fetch GET 200 https://dl.cloudsmith.io/signed/vlt/benchmarks/npm/p-limit/3.1.0/p-limit-3.1.0.tgz?created=1791542182&expires=1791628582&source=t-PwLF9sWN2uK8&signature=gAAAAABqyMOmCYvib4S-h8W2Ty5TFk81VWT7iNX4xLEWxEaT7g8PhUJmgTDSUlF6_lyGrVDtBACofK5hgG7uUirSwaafvtoB2RhzZKQiIiaRt8pfgCPPE9TPENfK4pWa2MZ8sQ2zTnR3 4019ms (cache miss)
npm http fetch GET 200 https://dl.cloudsmith.io/signed/vlt/benchmarks/npm/word-wrap/1.2.5/word-wrap-1.2.5.tgz?created=1791542182&expires=1791628582&source=t-PwLF9sWN2uK8&signature=gAAAAABqyMOmUHwRgmFC6xsL8iWE-AJsUuh-BNMrg8GC7dc-ah68RI5AWdT16Rf5aYlym85JOSzDc12OS9bERlFuGOhi6agZsKnhb-bGoD2kEIpQlbuUVyT7z0kOp4Y04CmRFT8LpkMU 4023ms (cache miss)
npm http fetch GET 200 https://dl.cloudsmith.io/signed/vlt/benchmarks/npm/yocto-queue/0.1.0/yocto-queue-0.1.0.tgz?created=1791542182&expires=1791628582&source=t-PwLF9sWN2uK8&signature=gAAAAABqyMOmpqEIUd-Wn-HaAC0B6mVLP93pdUkedBPYimSCVYFqvlsXQEtzL5MePPCdexHH7PUeHs08K-fl8fmaECHsF5DX1piz21K9a65r6irfCVTKsdY876PmZYh17G-mUwdgSVbT 4025ms (cache miss)
npm http fetch GET 200 https://dl.cloudsmith.io/signed/vlt/benchmarks/npm/shell-quote/1.12.0/shell-quote-1.12.0.tgz?created=1791542183&expires=1791628583&source=t-PwLF9sWN2uK8&signature=gAAAAABqyMOnQMXvmPN320XOKId3ZEWPqaMTo0obGPiBPl9rPbWBgHElpAlKQnV7SUEGziktrOBrTGl9ZwhsibN5Y7lCdfeNIuLP_TvE4rcLiWTliW9RViwODESbgB97in3Sd_2QqfTN 4078ms (cache miss)
npm http fetch GET 200 https://dl.cloudsmith.io/signed/vlt/benchmarks/npm/read-package-json-fast/4.0.0/read-package-json-fast-4.0.0.tgz?created=1791542183&expires=1791628583&source=t-PwLF9sWN2uK8&signature=gAAAAABqyMOnWL739Q9oRMh0hfYb2Itl_7Ak0vst48FGYjEOnb87vPZZMnA64rS9l2ASOBKrUnwhGTC4FaiqWYOAPik6XuUsOf5tJi0HxnGowYHFRKXWdWu4gGx-WAl0dPOHT19V8qd6 4145ms (cache miss)
npm http fetch GET 200 https://dl.cloudsmith.io/signed/vlt/benchmarks/npm/fast-levenshtein/2.0.6/fast-levenshtein-2.0.6.tgz?created=1791542183&expires=1791628583&source=t-PwLF9sWN2uK8&signature=gAAAAABqyMOnwFDa1iZTwL_GOsgn4cw2GEhc3r6dp8mepNR8tdAwBaNEURHMPS8LlGj1wKFki_JyMQdRQ4pQYgVRhbgc3Dz__MOFbWeA-sZ3ji-iH56IVqh1evLAa-1p5t-3BAfd7TBu 4164ms (cache miss)
npm http fetch GET 200 https://dl.cloudsmith.io/signed/vlt/benchmarks/npm/deep-is/0.1.4/deep-is-0.1.4.tgz?created=1791542183&expires=1791628583&source=t-PwLF9sWN2uK8&signature=gAAAAABqyMOnLLb9FR94Zs1hjKCr2rnNBw--ud_pYJl92gaqxTY5RXKdz9o_Lp5uuqd6phHFFeUpQTOA4kg4YNHxa3-nXqoAl5ItDULXqCPj7sNVE56RX--YYuECaeVysoNDLAix0HJ6 4178ms (cache miss)
npm http fetch GET 200 https://dl.cloudsmith.io/signed/vlt/benchmarks/npm/memorystream/0.3.1/memorystream-0.3.1.tgz?created=1791542183&expires=1791628583&source=t-PwLF9sWN2uK8&signature=gAAAAABqyMOnunYprtmhTbWre5Vn70QiGJI_oHdsHNLIaRHxoM8gp8DBKMUZaYH9UF5AlRSxcBYEpFPg6XTpr3QsZRsTLDPALpnRLqHMAEInMj7z-vk0ncMcMVxOp6NMDExLQHtvp8Ie 4258ms (cache miss)
npm http fetch GET 200 https://dl.cloudsmith.io/signed/vlt/benchmarks/npm/abbrev/5.0.0/abbrev-5.0.0.tgz?created=1791542183&expires=1791628583&source=t-PwLF9sWN2uK8&signature=gAAAAABqyMOnjZ544-hNnrn34eVZIsksFpqqIKTmTUrEkn2RHrw6hkvVucvdSXJ2YE_IC9-mwYT4TB_xyFbqHkzobzivmmXbnQEoLArL9DKl8UOIShsbdyx0I030Htwqdvxnva36EY5X 4321ms (cache miss)
npm http fetch GET 200 https://dl.cloudsmith.io/signed/vlt/benchmarks/npm/balanced-match/4.0.4/balanced-match-4.0.4.tgz?created=1791542183&expires=1791628583&source=t-PwLF9sWN2uK8&signature=gAAAAABqyMOns-pk8Pe4fF74vR1z6O4OSkedBot9j150lPawDI7C3OY4gm5ePekr0F5R-7wELYDcCm5YtxfBel9xZQrw-sHBubeFEg9M3cdSSID43P8_XOqacJ8WsffoKQYQIUj-rXGD 4334ms (cache miss)
npm http fetch GET 200 https://dl.cloudsmith.io/signed/vlt/benchmarks/npm/pidtree/0.6.1/pidtree-0.6.1.tgz?created=1791542183&expires=1791628583&source=t-PwLF9sWN2uK8&signature=gAAAAABqyMOnOGsp6fWpl2dU6-LSyPWLLp1Ws8-KzhaGjqout-O_v-nnmhNCxo671vnq1ckirdLxXz8pqNWpNKSGyy6FHoX1e8AhbnHD-82qc4M6S1BLvg0awSmpn-0tjzo0gy1yI4sQ 4336ms (cache miss)
npm http fetch GET 200 https://dl.cloudsmith.io/signed/vlt/benchmarks/npm/playwright-core/1.64.0/playwright-core-1.64.0.tgz?created=1791542182&expires=1791628582&source=t-PwLF9sWN2uK8&signature=gAAAAABqyMOm2tIBPv_bd0AL0d2uLZwdVJYZH0H-7MzZyrmoXpqJCTNF-YNhflzYdITEfIMMqnrgNj-t7IjGPmtMjRT43utntlJbx0waMDlXvkD0nCSsC8v0fP-Y0E0iyp6hpMid4Q4k 4343ms (cache miss)
npm http fetch GET 200 https://dl.cloudsmith.io/signed/vlt/benchmarks/npm/p-locate/5.0.0/p-locate-5.0.0.tgz?created=1791542183&expires=1791628583&source=t-PwLF9sWN2uK8&signature=gAAAAABqyMOnDYM-ksbjoF2pQNUw_RZ9EnbqEKGaq8DD2Muiq8PnP5jKctr-xpluAZzpR8OA3z25FIgu-E6TwJBGJHm7rRoKmODGlPBJCK6cwQOzj8e3jCEbPYLppMWC2oYqQ6LaR8Z_ 4385ms (cache miss)
npm http fetch GET 200 https://dl.cloudsmith.io/signed/vlt/benchmarks/npm/braces/3.0.3/braces-3.0.3.tgz?created=1791542183&expires=1791628583&source=t-PwLF9sWN2uK8&signature=gAAAAABqyMOnvr4Pvowxowsh9xdKo-86qugDMy0QthMiOC6nG1JVX_UpEuL6UK6oUhMIOmhjjlCwdK32ePzDNlicXgEG6pdRftseXQ7EiHtmJrEb6ftX9cuJ3iP5dzA4RI6KkPBvVI2d 4391ms (cache miss)
npm http fetch GET 200 https://dl.cloudsmith.io/signed/vlt/benchmarks/npm/mime-db/1.52.0/mime-db-1.52.0.tgz?created=1791542183&expires=1791628583&source=t-PwLF9sWN2uK8&signature=gAAAAABqyMOnsE10IxAK4sHxI7udv5uLUiURdfV-RZVzo0U3izgUXKpXGv00cH4bfoHzBr9dCM1cWd0gUS9GyZkcELLXnTwL5Y3uUWnSMVD7GqAy323-evIKs9gEzID5MKwuZM3cVfxj 4394ms (cache miss)
npm http fetch GET 200 https://dl.cloudsmith.io/signed/vlt/benchmarks/npm/to-regex-range/5.0.1/to-regex-range-5.0.1.tgz?created=1791542183&expires=1791628583&source=t-PwLF9sWN2uK8&signature=gAAAAABqyMOn3ITiejC5AdXdK0uB_SYCm-jxOgSvkDPLw0CkxE3eAHd13XN3JfnTuda9O6fqP5uylpAE9lRTu9o5FN9IedFFWwCD8bZdUDyAvN9S2RLSB6FxDEb9z2DVhTC3qQ1TJSvg 4398ms (cache miss)
npm http fetch GET 200 https://dl.cloudsmith.io/signed/vlt/benchmarks/npm/fill-range/7.1.1/fill-range-7.1.1.tgz?created=1791542183&expires=1791628583&source=t-PwLF9sWN2uK8&signature=gAAAAABqyMOnVwvcA79Re_JpE2bHTay0dYoqcaZNbEL8ayW8Eo6REhe-vwezASIbrh_-Vb1bpqGFWAqC-iKWvHfP7rHZLetBMus3yixjkwI562hiQxnrWF1gVGGheAXlU7a16MIYE9QN 4498ms (cache miss)
npm http fetch GET 200 https://dl.cloudsmith.io/signed/vlt/benchmarks/npm/yallist/3.1.1/yallist-3.1.1.tgz?created=1791542183&expires=1791628583&source=t-PwLF9sWN2uK8&signature=gAAAAABqyMOnJ6mlT4pzOYrGR9sWK_bazMV7iL6dUQWdzf0CLJSdbQB3PgIkrQSgZBEKrH64Zwm52OC9VPrRivH2uq5FnP7Gd5sYejk3JG0i1RCVLQ41Wjj2ksnPjqXi2JnNhZLO-u5p 4533ms (cache miss)
npm http fetch GET 200 https://dl.cloudsmith.io/signed/vlt/benchmarks/npm/type-check/0.4.0/type-check-0.4.0.tgz?created=1791542183&expires=1791628583&source=t-PwLF9sWN2uK8&signature=gAAAAABqyMOnJqeDl9CRf477xX_T1jV7Kfus8G5ngT8R8fx5OdCkYa0ySqVhAUnByBypqPZKaA2AqY2QVbSLv-T0hXSHZcrBR5HPr8lZyvm432NoFOUo7AotZB3gbT4_80btyd6t6FP6 4538ms (cache miss)
npm http fetch GET 200 https://dl.cloudsmith.io/signed/vlt/benchmarks/npm/json-buffer/3.0.1/json-buffer-3.0.1.tgz?created=1791542183&expires=1791628583&source=t-PwLF9sWN2uK8&signature=gAAAAABqyMOnuKZzb9M5gzrjt3uQAK9jxuD1mGlfaTiHB0dY6QxIoQw_jn-0Ejj4SubXqa7p3thOcrzCIKISD53i0C9K8WZc2ejg945hQNAPrG_dU-1_OzBmP8_BQqHWSisMyfKV20EQ 4571ms (cache miss)
npm http fetch GET 200 https://dl.cloudsmith.io/signed/vlt/benchmarks/npm/typescript-eslint/eslint-plugin/8.71.1/eslint-plugin-8.71.1.tgz?created=1791542182&expires=1791628582&source=t-PwLF9sWN2uK8&signature=gAAAAABqyMOm7c-eZOJ8ZjshVRjZK2Iu1QA-6jKNRR5OAxqGzLzFCAyLMspW-c52oEs9J6B98OOfIRgedlNg5k3khZxjA8LrfgdMXLH5S8BFa7vGC4UqYujm3eXeDSSCI-fApTpgQ-YZ 4607ms (cache miss)
npm http fetch GET 200 https://dl.cloudsmith.io/signed/vlt/benchmarks/npm/prelude-ls/1.2.1/prelude-ls-1.2.1.tgz?created=1791542183&expires=1791628583&source=t-PwLF9sWN2uK8&signature=gAAAAABqyMOnFN1VDSvazNvRQouWdKmVAkwd7wcnxs8uVnAIg_iJntcI5VKCePWw3A2EZUoNiTQB774SinhjygMGw4skF4VFD3VhTP-U5TRoSHdjTcxokbjfe1WhUJGUehkNRx1XqEpj 4646ms (cache miss)
npm http fetch GET 200 https://dl.cloudsmith.io/signed/vlt/benchmarks/npm/brace-expansion/5.0.12/brace-expansion-5.0.12.tgz?created=1791542183&expires=1791628583&source=t-PwLF9sWN2uK8&signature=gAAAAABqyMOnPC-unoKZj5kxNFAwUunDfiqctUdJ8uuHmUv8rPzwp_xzKVIS0ivtdj2lfkZZuyXGnjlacq2Xn5W73Kj4ihvsBfz-MLX-xOJ-KnBY64Ft_AWKOJkbE8MV34-s4d5xIRbR 4661ms (cache miss)
npm http fetch GET 200 https://dl.cloudsmith.io/signed/vlt/benchmarks/npm/has-symbols/1.1.0/has-symbols-1.1.0.tgz?created=1791542183&expires=1791628583&source=t-PwLF9sWN2uK8&signature=gAAAAABqyMOnRCi08oWwaRM0R7w92hVNuJH5g_PgNj9lGAuvFHs3FFQX4gcrHZKHqlxTVxZfRjwl3SWKLWvsoy_6UjeNFEypG26W9W8hExAInmmzSdCqwWexUq1CwiA4ax3SiihegMwo 4684ms (cache miss)
npm http fetch GET 200 https://dl.cloudsmith.io/signed/vlt/benchmarks/npm/dunder-proto/1.0.1/dunder-proto-1.0.1.tgz?created=1791542183&expires=1791628583&source=t-PwLF9sWN2uK8&signature=gAAAAABqyMOniuePLR-LNRdGpStoeC4zfbGd2M7QMU9Oa_DFUMhs_nxw8bdhbCvCZOQPhQ2kOJbT0EQjz-alY5BJUe83bI9lIVyE8oLW22o7gkttRmsS3yfiOVt3t1G1OijaZOVfXBSF 4700ms (cache miss)
npm http fetch GET 200 https://dl.cloudsmith.io/signed/vlt/benchmarks/npm/math-intrinsics/1.1.0/math-intrinsics-1.1.0.tgz?created=1791542183&expires=1791628583&source=t-PwLF9sWN2uK8&signature=gAAAAABqyMOnDnM2z-Y2evvAmMCcT49YdsnBs6YCqPovRlHUfZ4dry2lHwGi3pJ1C4DKgqLwXdxjSQ1Hiuc9pGGtePDVdcIuDxqi9z339936qkudKuUgsBa40TP7lIekdDSUJmIfebec 4716ms (cache miss)
npm http fetch GET 200 https://dl.cloudsmith.io/signed/vlt/benchmarks/npm/agent-base/7.1.4/agent-base-7.1.4.tgz?created=1791542183&expires=1791628583&source=t-PwLF9sWN2uK8&signature=gAAAAABqyMOnsCpaYec13EkW-Lmh8oYfWE56Gy9mr5xPhexV6XinsGGJDNCxvbPWTKG0UJu4syTgRMWpLiPvvej_zglFydnsB-h1OH-n_GUNzGUYBAtUH3aWFjf2-TflBSE7I_ct6mH0 4735ms (cache miss)
npm http fetch GET 200 https://dl.cloudsmith.io/signed/vlt/benchmarks/npm/gopd/1.2.0/gopd-1.2.0.tgz?created=1791542183&expires=1791628583&source=t-PwLF9sWN2uK8&signature=gAAAAABqyMOn8PN9dqJID8e4swgcODU0mgPpxJ3R-KrNoN3vwmwc7RyD-MWn_eG1fxiO4XEbNzqvp_uHFlPnJcmW-TVuQsMxFmOzM39MzW2oYlkSNdeKVXM4QlRRqcRWjq4r2JOcQ-xW 4750ms (cache miss)
npm http fetch GET 200 https://dl.cloudsmith.io/signed/vlt/benchmarks/npm/call-bind-apply-helpers/1.0.2/call-bind-apply-helpers-1.0.2.tgz?created=1791542183&expires=1791628583&source=t-PwLF9sWN2uK8&signature=gAAAAABqyMOnx0b6Tx9NVBM0rs73CxRSW3G-vyCJmXKFXG-xKDs_xeg0JpSyLU1ls6RAeIjA8DmzavNQaa2EcVEl-L7YEVU-Y9vIOqHgefPaukojOSxzvE2lgUZ-gl99hlH_wZ1-ISx9 4794ms (cache miss)
npm http fetch GET 200 https://dl.cloudsmith.io/signed/vlt/benchmarks/npm/generator-function/2.0.1/generator-function-2.0.1.tgz?created=1791542183&expires=1791628583&source=t-PwLF9sWN2uK8&signature=gAAAAABqyMOnkMJd1UouL02ANjj5woLTFY0EA5D9VhNYpfsbY1-fkMpsN5WfxAP4kVDnrzlBWRxxMa-rpB16UNIE-SVgyCm0LB0g5twKsR18TCE8ldYUp7x2_lA4gInUqBouoa9ZjTEC 4801ms (cache miss)
npm http fetch GET 200 https://dl.cloudsmith.io/signed/vlt/benchmarks/npm/get-proto/1.0.1/get-proto-1.0.1.tgz?created=1791542183&expires=1791628583&source=t-PwLF9sWN2uK8&signature=gAAAAABqyMOn4syxV34V2Hv5WlvQwBgSr4Kmdo6tdbGmIXuPxXkdJaLBapmb5HhUkM0hC0LXPYt1sr_cKUwkSC0sqVIwBYyQ4jKQp9YVFoT6En4XVYboQzalY42ZrggNkFqElRAyIUU7 4803ms (cache miss)
npm http fetch GET 200 https://dl.cloudsmith.io/signed/vlt/benchmarks/npm/function-bind/1.1.2/function-bind-1.1.2.tgz?created=1791542183&expires=1791628583&source=t-PwLF9sWN2uK8&signature=gAAAAABqyMOn9VQQv4Ra7r_gQXfOX9_23nG2XQDl2HSyuw6t8vFph3C8LEOaJAhmmB8ZEh7fIaCTsMrzFtKRkdMQjKFdCyTmlLZTfw2EhXiXDFID_o3_vz5FXMdS6JqhM5vhypy4xe8q 4856ms (cache miss)
npm http fetch GET 200 https://dl.cloudsmith.io/signed/vlt/benchmarks/npm/es-define-property/1.0.1/es-define-property-1.0.1.tgz?created=1791542183&expires=1791628583&source=t-PwLF9sWN2uK8&signature=gAAAAABqyMOnVHjj6yiIl6_UsyD7qYfDr-X5b1KieXwcqYi9HMETGwohXTOOBHrOmZA7Wx3erX32XrItClZsxGrRg54XRie34TwlSL5PkiTQDji7-TXiF8qDHXDZ9IHFN61p1CNt2TuB 4906ms (cache miss)
npm http fetch GET 200 https://dl.cloudsmith.io/signed/vlt/benchmarks/npm/async-generator-function/1.0.0/async-generator-function-1.0.0.tgz?created=1791542183&expires=1791628583&source=t-PwLF9sWN2uK8&signature=gAAAAABqyMOnKkU1e9qcibLpvtmAfcx-zsGNzkn7BSpRlv61baEq08rDQEry64w8JokyGtpoOrwXwpdKUvhIuXbaqWEGh-5QZLXk_r9Xp6gtsKgOdWNbcYjJUm98RUPE0Ocr2tgAmbil 4906ms (cache miss)
npm http fetch GET 200 https://dl.cloudsmith.io/signed/vlt/benchmarks/npm/es-object-atoms/1.1.2/es-object-atoms-1.1.2.tgz?created=1791542183&expires=1791628583&source=t-PwLF9sWN2uK8&signature=gAAAAABqyMOnKskjjhmjSFfaYumbTLF6xavJArGguQyFq51Icux_uXuKm3RBgL7v8UufdftNyVCwjdgqORNmc9rSi8jr2ZXJon_VarhV2Ac2Lq-Ygd08AvtRASenwQvvSgzRbp1_jxbp 4968ms (cache miss)
npm http fetch GET 200 https://dl.cloudsmith.io/signed/vlt/benchmarks/npm/async-function/1.0.0/async-function-1.0.0.tgz?created=1791542183&expires=1791628583&source=t-PwLF9sWN2uK8&signature=gAAAAABqyMOns8nRC1wwANQQWrOSDXSIVms0Ez7FYGjhjanqfSRuMO6uEDZ9fObEzCiBSdgEsJKsAcXbK1KBrLhLQsOi5OIoKGVAshzGtFbGYdcW_Bpwgn8q5Jc_jWCWCNSXai7OALkZ 4987ms (cache miss)
npm http fetch GET 200 https://dl.cloudsmith.io/signed/vlt/benchmarks/npm/delayed-stream/1.0.0/delayed-stream-1.0.0.tgz?created=1791542183&expires=1791628583&source=t-PwLF9sWN2uK8&signature=gAAAAABqyMOn74mOEJAvvmNZP0d3-pmDk5-CEaELgK5yAavLc-_BIdlWTC0nc0oa2I3N0IhHa60iw7kdX30Qjk7tVUiALxUN0dbAjyED_R2kyYJS1ttKBIK3xKnZi3YW1Fa9tKKlRXEa 5027ms (cache miss)
npm http fetch GET 200 https://dl.cloudsmith.io/signed/vlt/benchmarks/npm/has-tostringtag/1.0.2/has-tostringtag-1.0.2.tgz?created=1791542183&expires=1791628583&source=t-PwLF9sWN2uK8&signature=gAAAAABqyMOny6X8BuYpP3i4n7Z4ygRQXUrWpZRjtQyvzqRBFiPqLU__hspI5pD4k42ijSL36lfsojT7ubopyO0rDehyaQgysUMJMKswvf7PZHGMlV-8sua1dqIpZB864ZEPFAO53W5k 5028ms (cache miss)
npm http fetch GET 200 https://dl.cloudsmith.io/signed/vlt/benchmarks/npm/get-intrinsic/1.3.1/get-intrinsic-1.3.1.tgz?created=1791542183&expires=1791628583&source=t-PwLF9sWN2uK8&signature=gAAAAABqyMOnKe__zlU_CtHHlW0Jeg8xuRnBoSloQvEwwoiD_NV_nz4ZPd5-9ogjr25fPKYbEDUmo9Ck9ndAawl1vu6nNRDM79ySsZvezmZCojkGQZXY9Mu3muv6KJa9YePfSHU2Vh_y 5072ms (cache miss)
npm http fetch GET 200 https://dl.cloudsmith.io/signed/vlt/benchmarks/npm/es-errors/1.3.0/es-errors-1.3.0.tgz?created=1791542183&expires=1791628583&source=t-PwLF9sWN2uK8&signature=gAAAAABqyMOnzYmzPdbZe7jZBJSp7vt3M5oUY6z5erCRiYyuMj7U9HcsmLGzmKFxngdXbW8L_49WQl3nmcoVp9VMFcdYBM52OMYQ0TPLjepes6KdVS_ACYYPfBePQrizfFZPhZFleTNt 5087ms (cache miss)
npm http fetch GET 200 https://dl.cloudsmith.io/signed/vlt/benchmarks/npm/hasown/2.0.4/hasown-2.0.4.tgz?created=1791542183&expires=1791628583&source=t-PwLF9sWN2uK8&signature=gAAAAABqyMOnnkfvBvh6OBSiso3HiBKy7g2_LyokrIhFl14e23oo4AhnN3MdRPYCI20kCWQJID5lTyu_6DTHRajOswmCrem2ndlsCjT7CtjBA5iv-9PmVkc0_jtDjJGXXVO2-4Ym0Jyt 5114ms (cache miss)
npm http fetch GET 200 https://dl.cloudsmith.io/signed/vlt/benchmarks/npm/mime-types/2.1.35/mime-types-2.1.35.tgz?created=1791542183&expires=1791628583&source=t-PwLF9sWN2uK8&signature=gAAAAABqyMOnXJA1m7OuULEDcp-RB8SgtWRwYvj4AubPbIUZB7Gddv7xCqJLW38R-G2zg4RjSnAAYARsDWZUqWFF2sEDiHEhTRl9eKWV1N3Y_R_QfscEBLayxz0ydTns9ftAx-VImb5M 5147ms (cache miss)
npm http fetch GET 200 https://dl.cloudsmith.io/signed/vlt/benchmarks/npm/csstools/color-helpers/5.1.0/color-helpers-5.1.0.tgz?created=1791542183&expires=1791628583&source=t-PwLF9sWN2uK8&signature=gAAAAABqyMOn5MR4l8kvhD6g_a2sjsY6KaapDma2Lb-F2Edndy-BTnnOJvG2wc3qgxzLbR-K25jQl1zQS_zt2Pnrj7LKZv_Y-j-bCHg-IfX_hFjrlrpaNcQ1ofcne-w069CA1B5X1hvN 5171ms (cache miss)
npm http fetch GET 200 https://dl.cloudsmith.io/signed/vlt/benchmarks/npm/csstools/css-tokenizer/3.0.4/css-tokenizer-3.0.4.tgz?created=1791542183&expires=1791628583&source=t-PwLF9sWN2uK8&signature=gAAAAABqyMOnWWgYdmrH8GzWUhfWGcjrBjIUPKTmLtEzJ3IYYBteE-Hq0yXZDvF5QrOsTBp_H9T-neGPUYMgkuEIVzHmA39Fagj4QrD1nEMHXFRhogZbB1Wl4jdSu7qpP3CdxPm0KviC 5180ms (cache miss)
npm http fetch GET 200 https://dl.cloudsmith.io/signed/vlt/benchmarks/npm/asynckit/0.4.0/asynckit-0.4.0.tgz?created=1791542183&expires=1791628583&source=t-PwLF9sWN2uK8&signature=gAAAAABqyMOn3xrEHOa5d-eJ1tjp_1oSPtkWdcpAEzDEV1YWGtvtfznieIaIi2nTTQ7-q3m5S8YYUFpZ8-HFSMtErrAZNsBM1EVpPJEgWLqrHOMGyCeZ8AszqiigB_xhepfDLhw-5tV3 5187ms (cache miss)
npm http fetch GET 200 https://dl.cloudsmith.io/signed/vlt/benchmarks/npm/combined-stream/1.0.8/combined-stream-1.0.8.tgz?created=1791542183&expires=1791628583&source=t-PwLF9sWN2uK8&signature=gAAAAABqyMOnEsj5NyueS7XD8cvCU56kvlWDFFVvhMi72XMSTntIh0kVU42oJg8FYVJEm3mUIc9xyP6B9074fRjQqrQsi4wxeZXwjzcKPh64DgfX_3zS4ysvvRNAGtlbmvrV8px-SRXE 5187ms (cache miss)
npm http fetch GET 200 https://dl.cloudsmith.io/signed/vlt/benchmarks/npm/argparse/2.0.1/argparse-2.0.1.tgz?created=1791542082&expires=1791628482&source=t-PwLF9sWN2uK8&signature=gAAAAABqyMNCaZX95h0-PK7HJuQ8CzDCQ2gMMPKGbDgdVOKVVUw1hKPil8qEHaw5tWCZv5_vEFkldz25Uf4uopx7bOoLyje1SNi3ALxB_KUguiha-DDozy7aYwbbA0h5t6CLLaWBEE3I 5193ms (cache miss)
npm http fetch GET 200 https://dl.cloudsmith.io/signed/vlt/benchmarks/npm/csstools/css-calc/2.1.4/css-calc-2.1.4.tgz?created=1791542183&expires=1791628583&source=t-PwLF9sWN2uK8&signature=gAAAAABqyMOn8MAZPTaBgs621XITRZc0N7YGHLPleY1vtcNjoXXZZTxm6HgORWvVU8kPO7Ext2gc9xhLQ4Ap70bIT-yHZGJo2NukKBrjKi98S2YmfnLGxPP6AD9dJX9_-19obD8EwtLG 5242ms (cache miss)
npm http fetch GET 200 https://dl.cloudsmith.io/signed/vlt/benchmarks/npm/csstools/css-parser-algorithms/3.0.5/css-parser-algorithms-3.0.5.tgz?created=1791542183&expires=1791628583&source=t-PwLF9sWN2uK8&signature=gAAAAABqyMOnUzKstJLdNIYLzhzpdi2nIsx0QFtyQnhJkKyAk2o1JcHHX1G1ZngFqXhQtHdr4YMI7JZEn0fkz1O4xuhx2flYnLxQVmAfpQH8A9zT2OxxL89X39Isy2PotDh8D5twUIY- 5282ms (cache miss)
npm http fetch GET 200 https://dl.cloudsmith.io/signed/vlt/benchmarks/npm/es-set-tostringtag/2.1.0/es-set-tostringtag-2.1.0.tgz?created=1791542183&expires=1791628583&source=t-PwLF9sWN2uK8&signature=gAAAAABqyMOn8EYywOFel4ejfQUG3PiNN_dDoY5UKGPKJEpVNurKRXaa9Bn7Uy-tbpSNLs9enTuDaXeSVKGiIPv5NIoXOi2-LEVXde5EMSqG6odWeQDJ1bajJy6n0T1G1jl2KTxp-Xj8 5313ms (cache miss)
npm http fetch GET 200 https://dl.cloudsmith.io/signed/vlt/benchmarks/npm/ws/8.22.0/ws-8.22.0.tgz?created=1791542183&expires=1791628583&source=t-PwLF9sWN2uK8&signature=gAAAAABqyMOndzbzMIQYYLIQCHYOMkVYXy024GSRAZiyhf_O6kmjapruGUok3dwjUvEmfWlgG0ZiI7vmqA1vabHwtfleHTio54ja6j_Fq61-pcIv5DMtG8cUybQYp5jV6SvkKT10B8qT 5389ms (cache miss)
npm http fetch GET 200 https://dl.cloudsmith.io/signed/vlt/benchmarks/npm/whatwg-url/14.2.0/whatwg-url-14.2.0.tgz?created=1791542183&expires=1791628583&source=t-PwLF9sWN2uK8&signature=gAAAAABqyMOnYM9CWIMtMXzmLL278UMda28thaxkxGtr23drH8eeRtOXI_1icX8wreqXc2M0bGY7B7LbKbTBm2dHkz3Vv3VFr60Pj_CGCfHAQ3a-Brgk3_ZU-XwvCZ9tguwhifMq3skE 5390ms (cache miss)
npm http fetch GET 200 https://dl.cloudsmith.io/signed/vlt/benchmarks/npm/csstools/css-color-parser/3.1.0/css-color-parser-3.1.0.tgz?created=1791542183&expires=1791628583&source=t-PwLF9sWN2uK8&signature=gAAAAABqyMOnAiYS1mRkVMF-t51KuQyoaK3q2Y8At0BQPiZ9a1r5Cx_ZovNrYbm3i_2aKC3yGM7RjIZEX52syzFnZEMS-x26v4ScLV2EfwPvYUW6x9614CQVJMLxcbNFZHXrSb1jNTqC 5418ms (cache miss)
npm http fetch GET 200 https://dl.cloudsmith.io/signed/vlt/benchmarks/npm/w3c-xmlserializer/5.0.0/w3c-xmlserializer-5.0.0.tgz?created=1791542183&expires=1791628583&source=t-PwLF9sWN2uK8&signature=gAAAAABqyMOn0tWqgy_1apA_rloW5B20k10r5URFyBaex4P5eomNCvHIeIO6ccFxiti8GDtP2JpnHVIkK6a4v83ijGMajZNIztFPzfLqGPQ7x7_hUAuPqdhbuxmIR--lvxNaoSGHX0Nu 5426ms (cache miss)
npm http fetch GET 200 https://dl.cloudsmith.io/signed/vlt/benchmarks/npm/whatwg-encoding/3.1.1/whatwg-encoding-3.1.1.tgz?created=1791542183&expires=1791628583&source=t-PwLF9sWN2uK8&signature=gAAAAABqyMOn3hyIDYcts2vdw1A_G9pgjRLWOaNomQSuamrAR5_mxnqgBKy8jgDv-XPI2enLZFsnUOcf8fkL9Gg92_Oxh_noZQdAsouqGrN-SYJgQE5vXhQls-XGUC9ZAiyv5zTnZ6Xr 5455ms (cache miss)
npm http fetch GET 200 https://dl.cloudsmith.io/signed/vlt/benchmarks/npm/whatwg-mimetype/4.0.0/whatwg-mimetype-4.0.0.tgz?created=1791542183&expires=1791628583&source=t-PwLF9sWN2uK8&signature=gAAAAABqyMOndT80L2q4Ca6IyfKmvK1mvLgwEnuWsmOY_wPsNLCLeOR6Z3paudMoOtqrqcpU4PapmMzpqQq0ELt6HvanNEoPhftpX4fqp6W3VA6sauJsyNJGBbYUBXCqJN2jxvc0WGGT 5457ms (cache miss)
npm http fetch GET 200 https://dl.cloudsmith.io/signed/vlt/benchmarks/npm/webidl-conversions/7.0.0/webidl-conversions-7.0.0.tgz?created=1791542183&expires=1791628583&source=t-PwLF9sWN2uK8&signature=gAAAAABqyMOnqAMcbhIbi7PLeLq_ygQ0DLuByI1YKc3uq2GKCRDa04oXE7bIf1ivzOuwnKKAVrU0apnDQXwwAqWdVtWXST-U8NifgYnVx3v80vrRPl8PpkxA4koDZWuPKHsZDM8vTGU0 5538ms (cache miss)
npm http fetch GET 200 https://dl.cloudsmith.io/signed/vlt/benchmarks/npm/rrweb-cssom/0.7.1/rrweb-cssom-0.7.1.tgz?created=1791542183&expires=1791628583&source=t-PwLF9sWN2uK8&signature=gAAAAABqyMOnhxYhOkOacMkORPgZRT9lSa1amABN5qE3rOdDOCtIF5oDGOZrWimrbdQQnj9Kn5cZhVdMp-tsTXfjhzMe13O9CUdm2TgmaB2Ee_FHYCym7FqC35BVHeuHJC4lkhfSWvdL 5540ms (cache miss)
npm http fetch GET 200 https://dl.cloudsmith.io/signed/vlt/benchmarks/npm/is-potential-custom-element-name/1.0.1/is-potential-custom-element-name-1.0.1.tgz?created=1791542183&expires=1791628583&source=t-PwLF9sWN2uK8&signature=gAAAAABqyMOnE7Y9YjIZcfwX10n1ONLP3JivDugPyznp7iqM-LHl2f0nEClMHMSEzHflyRp0gA2RGRw4Me-0TU-tHM_2nZRI3F7hKIGoqpjGX4oBKUui8iMLhPuV8qWHp5JolHh2l3zP 5575ms (cache miss)
npm http fetch GET 200 https://dl.cloudsmith.io/signed/vlt/benchmarks/npm/symbol-tree/3.2.4/symbol-tree-3.2.4.tgz?created=1791542183&expires=1791628583&source=t-PwLF9sWN2uK8&signature=gAAAAABqyMOnDC8bdPmxyfpUvZqv2usJBbiJUJLCwnFVJN_XtaxeI372foblZz9ro4qYOxmvxmZ-QVAJTHt7ypzhuXIQPAKpHkhzhy9H9qMbB-S7h5tOApi110WaJX6w_dLRgryRPqP1 5580ms (cache miss)
npm http fetch GET 200 https://dl.cloudsmith.io/signed/vlt/benchmarks/npm/tough-cookie/5.1.2/tough-cookie-5.1.2.tgz?created=1791542183&expires=1791628583&source=t-PwLF9sWN2uK8&signature=gAAAAABqyMOnc5finyefmysDoos_zUVkP4BSsdpoq6CRKgH859ju5gnn29t8WSRuVohDdHflFWHwJ1NH89ySsL0zvg09blSm08L75r77tNphuT25aIdRoimg_Q2nAaGl-APnhE7m2swA 5625ms (cache miss)
npm http fetch GET 200 https://dl.cloudsmith.io/signed/vlt/benchmarks/npm/nwsapi/2.2.28/nwsapi-2.2.28.tgz?created=1791542183&expires=1791628583&source=t-PwLF9sWN2uK8&signature=gAAAAABqyMOnbq2O--SNXJMlzYt5d9r4jzbD8HO-4h6Deo93TXYDpJ3Qwuq06ORF-VoE1WGVuCj7ZdeNhcy9toWYNjvelPvBiMfk1J4QPGolEUeFNYRoPTpaGno6iYdd0kYGpiz7jDRv 5669ms (cache miss)
npm http fetch GET 200 https://dl.cloudsmith.io/signed/vlt/benchmarks/npm/saxes/6.0.0/saxes-6.0.0.tgz?created=1791542183&expires=1791628583&source=t-PwLF9sWN2uK8&signature=gAAAAABqyMOnsT9dA3mNoE5OvQ_jqy_aNASR78rrw529wveNBk7LdG47FeL1Bws6MGNb2o75YJdV5wpXsiQbOqbQHXc2uZnQwFwxvB2pk5CRdU9ccsP3yd_xVtfpYINTmRYJIW_Ju1bn 5693ms (cache miss)
npm http fetch GET 200 https://dl.cloudsmith.io/signed/vlt/benchmarks/npm/https-proxy-agent/7.0.6/https-proxy-agent-7.0.6.tgz?created=1791542183&expires=1791628583&source=t-PwLF9sWN2uK8&signature=gAAAAABqyMOn1sd8Q_gfxoI7C_xVEmaGHVIOnxNxfOkLV-isvcnclo5UF9WgPrh5PixI5oKQBv-Gqs_wMjeWlaJRf_Mm4_MPg6e3NrR0hE6Ph9zcIO3PQF1EGJbl3lxDUIY3P0s4Oycj 5716ms (cache miss)
npm http fetch GET 200 https://dl.cloudsmith.io/signed/vlt/benchmarks/npm/form-data/4.0.6/form-data-4.0.6.tgz?created=1791542183&expires=1791628583&source=t-PwLF9sWN2uK8&signature=gAAAAABqyMOn9mtYU-7ZkZi_Bo63WiR8oMmafgiHPlawKNWCl8CzWQ6SWDQr2Ea3IzUwhMP5rapWfy-HO4MnT_pAafYxIB7CYuvV0pY2p7vwU45uCLwM5Lnez8NMkQ2lSp9UYiZExA_V 5769ms (cache miss)
npm http fetch GET 200 https://dl.cloudsmith.io/signed/vlt/benchmarks/npm/html-encoding-sniffer/4.0.0/html-encoding-sniffer-4.0.0.tgz?created=1791542183&expires=1791628583&source=t-PwLF9sWN2uK8&signature=gAAAAABqyMOnerBg19iqNrwuQZ3vno5uIPt-x6jX_1ihFQ0fyosiMT8zzMJtDmky1plKIDSEnJhcFF7gz4DOvmHIGSeXK8iEzN4yqPKM_oZOi7bN8IiurARjhIqhZWPp6U0IrjIX5q-U 5785ms (cache miss)
npm http fetch GET 200 https://dl.cloudsmith.io/signed/vlt/benchmarks/npm/data-urls/5.0.0/data-urls-5.0.0.tgz?created=1791542183&expires=1791628583&source=t-PwLF9sWN2uK8&signature=gAAAAABqyMOnbjDQo8WaI4ePt2RIK5Z9i_DnmHR8Kq3d1LDdURNovSRhKka6sxTlro2dCWAo8BKZbfcxA75bntThMLHjDvQhrAJ84Svc2EJMDx-UCFulvbInZ-e-W4YETXKHGwKr2YbX 5793ms (cache miss)
npm http fetch GET 200 https://dl.cloudsmith.io/signed/vlt/benchmarks/npm/asamuzakjp/css-color/3.2.0/css-color-3.2.0.tgz?created=1791542183&expires=1791628583&source=t-PwLF9sWN2uK8&signature=gAAAAABqyMOnRo5bT_wiwkirzm1N7xIPvVjUsk0drmEwDWCyNR_qrKC-0Ql3qeXL6m9qpvGrzELMxPkv097TbtYr33_y6uQ653W4WdaiFkFMTXDJAwjC08Jp2-wI7g8b2A0vqZkuq_St 5848ms (cache miss)
npm http fetch GET 200 https://dl.cloudsmith.io/signed/vlt/benchmarks/npm/cssstyle/4.6.0/cssstyle-4.6.0.tgz?created=1791542183&expires=1791628583&source=t-PwLF9sWN2uK8&signature=gAAAAABqyMOnVYENMPiZD4LdpcFIBR7y0543-_Bimc5SU3WpLU1B7TknHjZK-Q_ijToKHW9Rbe2C1HV7FueYaCEOBK5U80SdOIgS7DnblLYnURodB5WFJtGmIjan2wQHWW1KgM5ntMWG 5867ms (cache miss)
npm http fetch GET 200 https://dl.cloudsmith.io/signed/vlt/benchmarks/npm/nopt/10.0.1/nopt-10.0.1.tgz?created=1791542183&expires=1791628583&source=t-PwLF9sWN2uK8&signature=gAAAAABqyMOnPvkbL_6r7PHp_bv-e2b48fz-lwRNsH3IdJ8nqX2DOLI12aA-SJseA2pfoBPUiAgYDITYYpxVhU_M2AAlfRDaph5yeJxMWJtuLb_8DR-aIM8cVP0wexO_ut5Df2hZAkZw 5904ms (cache miss)
npm http fetch GET 200 https://dl.cloudsmith.io/signed/vlt/benchmarks/npm/path-scurry/2.0.2/path-scurry-2.0.2.tgz?created=1791542183&expires=1791628583&source=t-PwLF9sWN2uK8&signature=gAAAAABqyMOnXcos7_hhYeA5VKEZzTGBhP3SUqPotJX__lHJVUX5CKDUhHt6wvy9FX56ayt6i9yQXwHL5OrwRNOxN_YM_PLrzPm4tNrt1pSJnvg-FySarqKXviLFmdZiAWWnpHrGrWpn 5966ms (cache miss)
npm http fetch GET 200 https://dl.cloudsmith.io/signed/vlt/benchmarks/npm/decimal.js/10.6.0/decimal.js-10.6.0.tgz?created=1791542183&expires=1791628583&source=t-PwLF9sWN2uK8&signature=gAAAAABqyMOnRSm6ZHFXxstBlX-ZgJgKU5NIjcUKWPnysyU-gwOvz_Qv0fwbW_tDDAf8AZgvCCYFCimRCe6ES6pQqEnXnUhAPSzpV2MiwJUv3FIWqpwLt0vXmgIjxNKzj_WomHcYrPK8 5972ms (cache miss)
npm http fetch GET 200 https://dl.cloudsmith.io/signed/vlt/benchmarks/npm/proto-list/1.2.4/proto-list-1.2.4.tgz?created=1791542183&expires=1791628583&source=t-PwLF9sWN2uK8&signature=gAAAAABqyMOn556slr-wkjWO3xztU0ldE01IXjdguua0g4uOVXFNG21fTMegkKpSndi5EApz_GJWuNlLOiZ78NS76yTjyPt1VdMJI50NsyG9KbDx5BB80YNNwB5RnkMH70uC2GJMlPEN 5978ms (cache miss)
npm http fetch GET 200 https://dl.cloudsmith.io/signed/vlt/benchmarks/npm/acorn/8.19.0/acorn-8.19.0.tgz?created=1791542060&expires=1791628460&source=t-PwLF9sWN2uK8&signature=gAAAAABqyMMsfb08J6fqe26ywTEcFjrkIG2U4Shw1p-JGuAjkMys5bGK18Oe4qAMY9AufOCMYKBwACqsWXJiqW9GphnSFzaAmzSm24WjmV4s_MuRW1kGRJENbwA8_oeI2HJfwE44syXY 5982ms (cache miss)
npm http fetch GET 200 https://dl.cloudsmith.io/signed/vlt/benchmarks/npm/minipass/7.1.3/minipass-7.1.3.tgz?created=1791542183&expires=1791628583&source=t-PwLF9sWN2uK8&signature=gAAAAABqyMOnQqS0gkWKq5yPmNoYfE4MHegi4tyQCIFmLm1tB-0aZLsiWXCMLYg4HHr1cNcv0EfSLUjPta_5pUzWDzrI3h2Ggq4cUFBiuJUl91Gkx77ijV9dr_opUpYAJYZ2A8ez-6lI 6005ms (cache miss)
npm http fetch GET 200 https://dl.cloudsmith.io/signed/vlt/benchmarks/npm/commander/14.0.3/commander-14.0.3.tgz?created=1791542183&expires=1791628583&source=t-PwLF9sWN2uK8&signature=gAAAAABqyMOn-gcnqGtiDBIpg9cOf_B5ysNT8_9NPZvcIDGhO7f4ZJKvKFJCWZwZX2_rijCTvP5TAUNfhSASfu_OpTQmlS5s_JrjYbl_FmN36GlG_BvVgCu14m9hzPk4UXwOQaviydjx 6025ms (cache miss)
npm http fetch GET 200 https://dl.cloudsmith.io/signed/vlt/benchmarks/npm/ini/1.3.8/ini-1.3.8.tgz?created=1791542183&expires=1791628583&source=t-PwLF9sWN2uK8&signature=gAAAAABqyMOn2i96V9T9ovm9pHKp02jvCTauZMqlggS5GqxeDT725QR-nYNQIFEv3YzZ1vMspjBxKshZXev8pYYpA4fJiWOTjEbzAZWzRDzxhy3x-6Uz1-8BXCzacAyicpKD8-VPamsH 6050ms (cache miss)
npm http fetch GET 200 https://dl.cloudsmith.io/signed/vlt/benchmarks/npm/nth-check/2.1.1/nth-check-2.1.1.tgz?created=1791542081&expires=1791628481&source=t-PwLF9sWN2uK8&signature=gAAAAABqyMNBlpf4IWgQdUMFXGDQfIUFpd0ho-IB2JViaKzP0CtdXwPqFyAayLYZq3UDV3bN85E75SwMBYJHMxcCjcDHzeRLN3MMVcnfn110L3goPCN1MEoWW0JyjtO9Q9gDM28vCuDn 6057ms (cache miss)
npm http fetch GET 200 https://dl.cloudsmith.io/signed/vlt/benchmarks/npm/one-ini/wasm/0.2.1/wasm-0.2.1.tgz?created=1791542183&expires=1791628583&source=t-PwLF9sWN2uK8&signature=gAAAAABqyMOnZ_k7pOOvAuse66zXtdNUFj5UeFUfPA9Jyl95-hkzlJ4VwS6x7iqIQ67KivDHCLUpTHwtMqjOhbkY43FwzqmuvS6AhGpfzuf35oTeEjHq91qlttEnlSfDIGMVl51LjJv1 6084ms (cache miss)
npm http fetch GET 200 https://dl.cloudsmith.io/signed/vlt/benchmarks/npm/http-proxy-agent/7.0.2/http-proxy-agent-7.0.2.tgz?created=1791542183&expires=1791628583&source=t-PwLF9sWN2uK8&signature=gAAAAABqyMOn8qE1SJzw7-X5c2Xbeh3vgOIDEPUvy2tGpZPhvQ-zWO-XB2UHT_-NS-aYYL0Ya7yOOD1_Mfw1lUyV4v4SUVBa-B0v5Y0O7s0jugcaa49JYvfMuUUNuwTFpWmhYW_5JPip 6090ms (cache miss)
npm http fetch GET 200 https://dl.cloudsmith.io/signed/vlt/benchmarks/npm/glob/13.0.6/glob-13.0.6.tgz?created=1791542183&expires=1791628583&source=t-PwLF9sWN2uK8&signature=gAAAAABqyMOn17r4tX5EUPXaQHq8vg3nf_uhCk41VV8_v3UCyG0W0Z8H_Yaj5Mkx0utOtHm-TVrRhqDjXt08r40OKQPYL17FNqMHa676eHwGDIGaQ2iWlHmn8UKqkWWVkgfPVZPA7bL0 6150ms (cache miss)
npm http fetch GET 200 https://dl.cloudsmith.io/signed/vlt/benchmarks/npm/is-extglob/2.1.1/is-extglob-2.1.1.tgz?created=1791542183&expires=1791628583&source=t-PwLF9sWN2uK8&signature=gAAAAABqyMOnXBGq4BKxrx4AnMpwObRCi-J_4jjRhzVyH5RSahbu1ZwQrBxvK_XDCVzC8J3d59oX7Z6LpGzdLLcq0MtiEIRnWggz8utluLwGB0Clr7IZ77bwsXHf_K4S7ZJuCuLwVjFy 6158ms (cache miss)
npm http fetch GET 200 https://dl.cloudsmith.io/signed/vlt/benchmarks/npm/editorconfig/3.0.2/editorconfig-3.0.2.tgz?created=1791542183&expires=1791628583&source=t-PwLF9sWN2uK8&signature=gAAAAABqyMOnpQkLQE5VmBC9ZtJpl7EZKgH8x1k4Gra-LvGBE7Scgh6pyTW35F8FH2yNK9ORr1H4ZMeikW9yxr8BQBC796qt6eTdAwluu_mliOT7kMr94KenAxVlaRfMmB8sNetNbk3A 6213ms (cache miss)
npm http fetch GET 200 https://dl.cloudsmith.io/signed/vlt/benchmarks/npm/resolve-from/4.0.0/resolve-from-4.0.0.tgz?created=1791542183&expires=1791628583&source=t-PwLF9sWN2uK8&signature=gAAAAABqyMOnUyfoUGF9cmWZb35xaLhqK2vfRVNVWwfdV7x186TMVU-cXUgH-dhaA1YRUH0K1vWPk8T3fKO19YqaDi-aRaXQ5B_oqdrLVBhSqoyepcteX-JvMMLmCN243led1XOTcj_x 6231ms (cache miss)
npm http fetch GET 200 https://dl.cloudsmith.io/signed/vlt/benchmarks/npm/parent-module/1.0.1/parent-module-1.0.1.tgz?created=1791542183&expires=1791628583&source=t-PwLF9sWN2uK8&signature=gAAAAABqyMOn2M2VHDJe-arrYvb4qi_aSJfB_LbPvh8ApVxnIu_1WGmrZMI8_b7jLJ4zJpxAFAUz1gN89Wvp-NrsFe9QKJMD1mLOI2VA8HlbCOdOYIZGiOU7o9UWMXRm5hqrhqBERiKP 6266ms (cache miss)
npm http fetch GET 200 https://dl.cloudsmith.io/signed/vlt/benchmarks/npm/flatted/3.4.4/flatted-3.4.4.tgz?created=1791542183&expires=1791628583&source=t-PwLF9sWN2uK8&signature=gAAAAABqyMOn54aMayL5yuGqUp7VTztq6y-Y5yf9v2uhCDfBfS2YTgfA2n9PV5Bcnj12_fCkKOpg0E7slZ3-QDaB_3e6my5yLfOPHZd0RFm3rblw1usWUozRw06K_uPR_DBu_pCJAUAK 6291ms (cache miss)
npm http fetch GET 200 https://dl.cloudsmith.io/signed/vlt/benchmarks/npm/keyv/4.5.4/keyv-4.5.4.tgz?created=1791542183&expires=1791628583&source=t-PwLF9sWN2uK8&signature=gAAAAABqyMOnAr19_WrGcn-zl_Rsz1mZWdF3W6wP4psQSQmiQolYnFhuXMvkaIN3rauwvY8QlC0p8bbYdPuUTCmUHueh5hXoXS4R3Z_VTgTj5y1QJAWSUHBKOhtLreAZgTFgb-OAlloT 6357ms (cache miss)
npm http fetch GET 200 https://dl.cloudsmith.io/signed/vlt/benchmarks/npm/flat-cache/4.0.1/flat-cache-4.0.1.tgz?created=1791542184&expires=1791628584&source=t-PwLF9sWN2uK8&signature=gAAAAABqyMOo9Gannl02Pzf90cnQ4evrzxB7rEex1srfDkHbjms2tkSlDHfL4fAwUzOz12QMd7ngygSlu80cDiXvgGcz7ls0YX71TC62b9XPjUg18DXD7lTmPGpiBsKmD2Dq_k6StEkz 6359ms (cache miss)
npm http fetch GET 200 https://dl.cloudsmith.io/signed/vlt/benchmarks/npm/reusify/1.1.0/reusify-1.1.0.tgz?created=1791542184&expires=1791628584&source=t-PwLF9sWN2uK8&signature=gAAAAABqyMOotb-ifr38ii1_gdkRg1Ys0f4b4vlLVQDkC2FeoF5LfVJ0PDIzv_3z4dMq1NG5L4GwU4Z-jTUeKz1UJV4Y-F5MiG8vkG0V8gcFpozIjUbWN7SWsGKAwpMGa_ZgafXpMUi8 6403ms (cache miss)
npm http fetch GET 200 https://dl.cloudsmith.io/signed/vlt/benchmarks/npm/path-exists/4.0.0/path-exists-4.0.0.tgz?created=1791542184&expires=1791628584&source=t-PwLF9sWN2uK8&signature=gAAAAABqyMOo7Yl9_EK8dV6SZXsEDHDcmOBbDpI6HQ-zveo9zxGgmQPocFk5nP7HweBWyxQqIgV9zJoentCwipXbn-jY13rfmrGuQhuzmXzzIuIFPKHc89F9RFfOY0TTup_S7tXJH4_r 6423ms (cache miss)
npm http fetch GET 200 https://dl.cloudsmith.io/signed/vlt/benchmarks/npm/run-parallel/1.2.0/run-parallel-1.2.0.tgz?created=1791542184&expires=1791628584&source=t-PwLF9sWN2uK8&signature=gAAAAABqyMOo22WXFBihkYNxZKAk9JJ8IOS5CDjPfsRwWhB4y2J5CZzK5vsbSYHEFoGobRWUSE305ccqgbVo8eRbTipPtXXmyNIOAdAfPNZIIWC83slRMP471zMdZcpXbpyDBCPxWY_B 6442ms (cache miss)
npm http fetch GET 200 https://dl.cloudsmith.io/signed/vlt/benchmarks/npm/js-cookie/3.0.8/js-cookie-3.0.8.tgz?created=1791542184&expires=1791628584&source=t-PwLF9sWN2uK8&signature=gAAAAABqyMOo6t7iCfNdt1PdZSFrFD0WGHsj_L7LqveXvcCJKTSCNw5wcJ5ybnWXXFzE6CHhqXfFbJNZ8hQNWL7F9L8xvei6_bCoJcjxLuBVkdjY512SE2UHM9Je4xb12sVG-QykH8vJ 6451ms (cache miss)
npm http fetch GET 200 https://dl.cloudsmith.io/signed/vlt/benchmarks/npm/locate-path/6.0.0/locate-path-6.0.0.tgz?created=1791542184&expires=1791628584&source=t-PwLF9sWN2uK8&signature=gAAAAABqyMOoA7pdDiVfjXjkA19knZN52ZpF8QL1yJrif0clcKFeChfZUSCzPhUOIhhZ5HAGqvPlhonIummiJs-NPRjn-Gll52Ojx9ILHlGvOJt3RptKVQC9Eqamxp-_5El-DDKjjeWO 6455ms (cache miss)
npm http fetch GET 200 https://dl.cloudsmith.io/signed/vlt/benchmarks/npm/config-chain/1.1.13/config-chain-1.1.13.tgz?created=1791542183&expires=1791628583&source=t-PwLF9sWN2uK8&signature=gAAAAABqyMOnIBLAAwnAa_i1cEkT6hvgViIaYmpJNHVHDfMkzSbdruSLNveyFoLm2omvZAS04MSegtlnxEBfVR-L6lTF1RfHI8TqBnzRBS37l3kyob8sLvtF2IIjHo0IQmomWiKJ7YXn 6479ms (cache miss)
npm http fetch GET 200 https://dl.cloudsmith.io/signed/vlt/benchmarks/npm/nodelib/fs.scandir/2.1.5/fs.scandir-2.1.5.tgz?created=1791542184&expires=1791628584&source=t-PwLF9sWN2uK8&signature=gAAAAABqyMOoS2d3vxugu22Q8H_0j5MDMitdv52v5lM7K3cKuP0JVFMylzLAEqbACYFwBkW5Yoc42cEkeR834fZernrXbMzMeYqH1eG0JpCg_t7c84iSe22lzosOic2e5NIrz-53OzBw 6481ms (cache miss)
npm http fetch GET 200 https://dl.cloudsmith.io/signed/vlt/benchmarks/npm/js-yaml/4.3.2/js-yaml-4.3.2.tgz?created=1791542083&expires=1791628483&source=t-PwLF9sWN2uK8&signature=gAAAAABqyMNDhvancox0HwDcjnLegnrDawYHaebIwYDEPtoovaKOr_H9ZJY55EoQ2M3HHXq95G0HVr2gs1dTyYivMvwf4uqN43AYZO1AHBq2ASWTYqtxejvi72vHlkB6aTRCeLrT5EGj 6475ms (cache miss)
npm http fetch GET 200 https://dl.cloudsmith.io/signed/vlt/benchmarks/npm/fastq/1.20.3/fastq-1.20.3.tgz?created=1791542184&expires=1791628584&source=t-PwLF9sWN2uK8&signature=gAAAAABqyMOoZiSt0UKtANW5zNBiUPNH9xtmxKni9k7cSpuVpGMvVZ2uhA4NaQ2vkyHL8Ve-6AzHQzxcwRdaE1QyEGYBAYURyb8TKugkvVzHy6FYqUy7BLHm4a_8eOyGkW32Clx_OwjI 6518ms (cache miss)
npm http fetch GET 200 https://dl.cloudsmith.io/signed/vlt/benchmarks/npm/micromatch/4.0.8/micromatch-4.0.8.tgz?created=1791542184&expires=1791628584&source=t-PwLF9sWN2uK8&signature=gAAAAABqyMOo9BKT9uwXcwnv0Ns56NJtJMXXyiD0CCqrJb7fDDVUbeJ-2etuazaapVh4n3XFd54rQrGGUByCfPeZ23As7wcrRfjpay01hvyXFoyNeIbkoOxdVvQ8tcaVR3Hf5nmlA2JY 6541ms (cache miss)
npm http fetch GET 200 https://dl.cloudsmith.io/signed/vlt/benchmarks/npm/merge2/1.4.1/merge2-1.4.1.tgz?created=1791542184&expires=1791628584&source=t-PwLF9sWN2uK8&signature=gAAAAABqyMOosdjlDIjUBCa6cWRnylJrHDAONzlHxVgi_CF3xIZkoX-Ui1bwndim_7n0sW0p32mlF5HXZeFAMbrkCPHsa9QvpBfybrfImcBkj0jdgfsPy7-SMqMUuploVLoH2-fiyCJF 6591ms (cache miss)
npm http fetch GET 200 https://dl.cloudsmith.io/signed/vlt/benchmarks/npm/nodelib/fs.walk/1.2.8/fs.walk-1.2.8.tgz?created=1791542184&expires=1791628584&source=t-PwLF9sWN2uK8&signature=gAAAAABqyMOoqr0T3GJy_33IgaJerebD9t-KcZBMGqJpFCsYx723ooOvCspAWbS-3hDRvllGJ3RqLhMUayPVBdhV9rr4sRefRs-ARnRyKl5sPwiaJ2FTHbE5adJlkQbvPDzLV3Eh9YJX 6619ms (cache miss)
npm http fetch GET 200 https://dl.cloudsmith.io/signed/vlt/benchmarks/npm/estraverse/5.3.0/estraverse-5.3.0.tgz?created=1791542184&expires=1791628584&source=t-PwLF9sWN2uK8&signature=gAAAAABqyMOo5WyvZGfas1wjajgTkLelmWkmqSiH-lDrJGKXOsFIf7yabU-iv55x2_6c2Eb7wB0yHJOtQ4o7LI3JagDPz1T324_vCI2qDbHLHr03a1WXPvpPN_bG09AN7R8udp7FJRzR 6641ms (cache miss)
npm http fetch GET 200 https://dl.cloudsmith.io/signed/vlt/benchmarks/npm/nodelib/fs.stat/2.0.5/fs.stat-2.0.5.tgz?created=1791542184&expires=1791628584&source=t-PwLF9sWN2uK8&signature=gAAAAABqyMOofEpfmRgaTyi8dd5rjWRGG1lBYJzcKhvRmAM_NgCBsa3KutFWIg1Dqm2J997hlPgsO4s6aygqk26dWRLfzsFFocvTMyn913K2UE7FklfgOqNFbckfVeK3SuF_XMkbHA6x 6678ms (cache miss)
npm http fetch GET 200 https://dl.cloudsmith.io/signed/vlt/benchmarks/npm/acorn-jsx/5.3.2/acorn-jsx-5.3.2.tgz?created=1791542184&expires=1791628584&source=t-PwLF9sWN2uK8&signature=gAAAAABqyMOoZ8Jhj_-ch27ZBeZqM2Kf9lXcG8v0j0mS9vzHF3Q0iXr68nWABw3vaYd5bgZMhrIRrPjV8QY8toX0Xkp8lN8NoSTqDBacoObIdDEkYyeg1C8VtqMyjMszDesllgUILgro 6721ms (cache miss)
npm http fetch GET 200 https://dl.cloudsmith.io/signed/vlt/benchmarks/npm/esrecurse/4.3.0/esrecurse-4.3.0.tgz?created=1791542184&expires=1791628584&source=t-PwLF9sWN2uK8&signature=gAAAAABqyMOo9Ozgxii4ZzVgyQvmXnNzmChpqWNAtzGIFROqa-llESMMXrwgIW0lE0w2ljA96K7lc3JwEZfb0vaFYhcW6Ot2-ahUalfM637P867-QjyZBw2TSHJalKrPF4pGU94oueIL 6764ms (cache miss)
npm http fetch GET 200 https://dl.cloudsmith.io/signed/vlt/benchmarks/npm/xml-name-validator/4.0.0/xml-name-validator-4.0.0.tgz?created=1791542184&expires=1791628584&source=t-PwLF9sWN2uK8&signature=gAAAAABqyMOoNxFjCO6h-FkS7EivkZAs0B2fO-olk68BNeICRxBnkWn3CkV0Ij__0Ozkz3alqvaKGP6yRvBbFYtVD27euCTZgyTleykNshJaHWcUEDnNHZtlEQ4HTltK8bY68LsGho1T 6808ms (cache miss)
npm http fetch GET 200 https://dl.cloudsmith.io/signed/vlt/benchmarks/npm/which/2.0.2/which-2.0.2.tgz?created=1791542184&expires=1791628584&source=t-PwLF9sWN2uK8&signature=gAAAAABqyMOoW9mOFcyHkneIOKiLdCgZw2SrIGzwkfiMENyqKZO8-mp1ICec1g25BfGJWn24MFW6Ve0JAzw_Y38mL5Mt5uAJB_DHS_3paAxH9R6-sv640zxd7x3-Wfv7trTZnARqnjF5 6809ms (cache miss)
npm http fetch GET 200 https://dl.cloudsmith.io/signed/vlt/benchmarks/npm/postcss-selector-parser/6.1.4/postcss-selector-parser-6.1.4.tgz?created=1791542184&expires=1791628584&source=t-PwLF9sWN2uK8&signature=gAAAAABqyMOoU6RBJmQECU2SIOAFjmr-gZXb3vbOgeGa0sLAObnd0hErhnjdG7Mmy7PJpP70ChBQbCp_U6pxDbl-0QpPfUdY6z-iE8av16I1URr5SsnVjdNdHTo0YmNdh49AjlxqOdI9 6837ms (cache miss)
npm http fetch GET 200 https://dl.cloudsmith.io/signed/vlt/benchmarks/npm/color-name/1.1.4/color-name-1.1.4.tgz?created=1791542184&expires=1791628584&source=t-PwLF9sWN2uK8&signature=gAAAAABqyMOo_Rmz0ztqCi18GXRDKAStZJ5iVkGa7cOBEdQQIxig0DnVnhMMgRh-HsGcQiMp6HwhOgVaehdh29xCZscMK7KubtxCed0_LLCgbTOrpaqABFU6gJ3UpN2ft3-9uN9mIagh 6849ms (cache miss)
npm http fetch GET 200 https://dl.cloudsmith.io/signed/vlt/benchmarks/npm/path-key/3.1.1/path-key-3.1.1.tgz?created=1791542184&expires=1791628584&source=t-PwLF9sWN2uK8&signature=gAAAAABqyMOoCznU5LJAz6iBkBjmq2_1dS7YJkFyVzzx2Yx_wPf7otkXITgJzAEpcdzHmi_fC9OxiSnsoi-LyojVLTi_E5BBLST2qZgzmdsHULI_D05fuvGIEIYmk6e-wDJl3Eh_wDWU 6865ms (cache miss)
npm http fetch GET 200 https://dl.cloudsmith.io/signed/vlt/benchmarks/npm/shebang-command/2.0.0/shebang-command-2.0.0.tgz?created=1791542184&expires=1791628584&source=t-PwLF9sWN2uK8&signature=gAAAAABqyMOoAoIs8__Mr8df_lA3PLTuh5_BD5jQIC2BS7z2frrmy7RtN1IomJWBVdTrhX0kQUxi2OvAgnFIJdbrx3d3hjfcO6zxM7tIiBo0H9-G58KsO3jxHy7WWLVFLxs_BLtvh6MF 6873ms (cache miss)
npm http fetch GET 200 https://dl.cloudsmith.io/signed/vlt/benchmarks/npm/ansi-styles/4.3.0/ansi-styles-4.3.0.tgz?created=1791542184&expires=1791628584&source=t-PwLF9sWN2uK8&signature=gAAAAABqyMOodMukbPQiMNnBNwGNWkpBBmOdClfsD--1WogOL5jkZYC8H8H9w5U0Rdjvdt91iYWHehU-C1mzQe2qyPY6umfKBAjFqHAHj8MOZC_Hn4BL_h3S8wpifBYkrxZPF-iYZPL0 6905ms (cache miss)
npm http fetch GET 200 https://dl.cloudsmith.io/signed/vlt/benchmarks/npm/synckit/0.11.13/synckit-0.11.13.tgz?created=1791542184&expires=1791628584&source=t-PwLF9sWN2uK8&signature=gAAAAABqyMOoqCDn0747cJORQd9xQ66pqME1YFZeVVOo6FBxyue520xJO-hBQ4s5yXCupVehu4Vl0Q5xWTRN3I2JIXTnawMlthYgtgcS8ue1YVehs7QqzKNRSXAaZLgwNO9Il19T3_YE 6913ms (cache miss)
npm http fetch GET 200 https://dl.cloudsmith.io/signed/vlt/benchmarks/npm/color-convert/2.0.1/color-convert-2.0.1.tgz?created=1791542184&expires=1791628584&source=t-PwLF9sWN2uK8&signature=gAAAAABqyMOoE50fz-KQrpYtr1roEKUbS33imGxz12s5ZbGqX6cYeGbZdV0aOyDqX1_NMrHPIUsalM1XTqbTt7R11DtF3xuUqrU_RcMbYw1uhg7qrkFau_kPDytIUwWpFluwUVp6_LOI 6953ms (cache miss)
npm http fetch GET 200 https://dl.cloudsmith.io/signed/vlt/benchmarks/npm/supports-color/7.2.0/supports-color-7.2.0.tgz?created=1791542184&expires=1791628584&source=t-PwLF9sWN2uK8&signature=gAAAAABqyMOogfMX_zr5M1iFgu3jKt7QCvZH4gZLR4eZ4Gp63bK-nKDVcoFC2j1Sj85ZxyAVQ-0ufhHVuRQdxC9rK5XLi_WE9AKVwyvAwaHOwnyhe5f9eE7eSjlRBNj1nDvr9gof2eO_ 6988ms (cache miss)
npm http fetch GET 200 https://dl.cloudsmith.io/signed/vlt/benchmarks/npm/json-schema-traverse/0.4.1/json-schema-traverse-0.4.1.tgz?created=1791542184&expires=1791628584&source=t-PwLF9sWN2uK8&signature=gAAAAABqyMOo-XKgT69n7RPfdDa5zq1tRl1E3q7h5zDPLX6_NgEfW8xy4WgMpDRvfrOm2t2uL47jlEZ1-8eJbHI_P5_YkIrn7xD0bof_ysiZ3BMgH0vhKAfzjqoDOWz_-QISXcIl15q3 7034ms (cache miss)
npm http fetch GET 200 https://dl.cloudsmith.io/signed/vlt/benchmarks/npm/uri-js/4.4.1/uri-js-4.4.1.tgz?created=1791542184&expires=1791628584&source=t-PwLF9sWN2uK8&signature=gAAAAABqyMOo0ORIRfq4wH4ZMpf95IPMs8bylBKpCd9VuhA4kTZCwOwQYJuEOY6jDKKPJrLZAb59DuCwkdQDwYZwtVUWJlqLom60zPhjphghtdz83Xph21txhBVHlpNLU7gRTB9239iT 7066ms (cache miss)
npm http fetch GET 200 https://dl.cloudsmith.io/signed/vlt/benchmarks/npm/humanfs/types/0.15.0/types-0.15.0.tgz?created=1791542184&expires=1791628584&source=t-PwLF9sWN2uK8&signature=gAAAAABqyMOop30P-EAFMTX9kcIAyhzbBCAp48zFBJQkIbCxDFUJ5aT3-VpWoTWhnsOlKJZch6lZbDoKXlBK8QzdTrKnsygn707y8oIztJB0SfKFJhFXb2lEY49SffZi6GFfjngEwIwC 7089ms (cache miss)
npm http fetch GET 200 https://dl.cloudsmith.io/signed/vlt/benchmarks/npm/fast-json-stable-stringify/2.1.0/fast-json-stable-stringify-2.1.0.tgz?created=1791542184&expires=1791628584&source=t-PwLF9sWN2uK8&signature=gAAAAABqyMOomF1Zigt9ng63lUI1PyryNoknNwZ3G63KgQQlMdd6YwDXXqjgVtqImUbkBisLZ4L_iF5UJSX8BLIV_otXfPYypfUdDAmxUfVo8iCRqN5RnLL9FOMrQHEW0Xf43eP26CDk 7098ms (cache miss)
npm http fetch GET 200 https://dl.cloudsmith.io/signed/vlt/benchmarks/npm/types/estree/1.0.9/estree-1.0.9.tgz?created=1791542060&expires=1791628460&source=t-PwLF9sWN2uK8&signature=gAAAAABqyMMsJ-BjgUiz9kQ9HFxrwB3-OWYHpdwwJ0iRIs9zw7rNcuQSlAh9CeuIW51Zntv7532HPEC55nqQu1kUQeKwX-bq9AGnhaSXaaBswVea6m1FwTBYSen8ZFsusOg1uCahTbMr 7096ms (cache miss)
npm http fetch GET 200 https://dl.cloudsmith.io/signed/vlt/benchmarks/npm/prettier-linter-helpers/1.0.1/prettier-linter-helpers-1.0.1.tgz?created=1791542184&expires=1791628584&source=t-PwLF9sWN2uK8&signature=gAAAAABqyMOo3ohHA5XiKmuaCwO0PKaWrDfYgf0CQHSPxnpjUrgLFsfdjlNnyDXjjmUlGeu7UqIELxN3cI3irtxjkxSYjBrby5cY9Iz25lu9Yw7pGKPZGlRd_qWT2_eufLNp9pQ9CiaK 7140ms (cache miss)
npm http fetch GET 200 https://dl.cloudsmith.io/signed/vlt/benchmarks/npm/levn/0.4.1/levn-0.4.1.tgz?created=1791542184&expires=1791628584&source=t-PwLF9sWN2uK8&signature=gAAAAABqyMOoARVzNp1GVyITmOQAGIXeRbnLlEsqrDHKFUpTf5gd9OT63chgjoxXIBoaGmkmFcI4K8saq0WUpsraa5rZTZk7kMTqntX9KEh5oNtERs2KB1tuopgKa45_aPZnGyJhsvtY 7201ms (cache miss)
npm http fetch GET 200 https://dl.cloudsmith.io/signed/vlt/benchmarks/npm/humanfs/core/0.19.2/core-0.19.2.tgz?created=1791542184&expires=1791628584&source=t-PwLF9sWN2uK8&signature=gAAAAABqyMOo8CH4dAOxBhVRCjWtMAQBoo_fyQlOd5QivJmDVo-CyJzJnaR25HBLQJtu2tx97qQXb_9kbfaQqgCZtkBlTL_vagnhau98OH-gJFm9tcX5bvNoor_Qs8SJX7EPtTtyJsqy 7215ms (cache miss)
npm http fetch GET 200 https://dl.cloudsmith.io/signed/vlt/benchmarks/npm/strip-json-comments/3.1.1/strip-json-comments-3.1.1.tgz?created=1791542184&expires=1791628584&source=t-PwLF9sWN2uK8&signature=gAAAAABqyMOoTjlxV8N7S5w3G0PqH715cfnArR1yYVuCRBM1fGoXpZe8r4eY08ZKT96aq9leQueYjUYdSOFnPV2Z0-T7p85BwJwCbwj3gvJY2FbXMIUZCddtMEHh1tuzbcEVDiAZ4Wqt 7214ms (cache miss)
npm http fetch GET 200 https://dl.cloudsmith.io/signed/vlt/benchmarks/npm/import-fresh/3.3.1/import-fresh-3.3.1.tgz?created=1791542184&expires=1791628584&source=t-PwLF9sWN2uK8&signature=gAAAAABqyMOo0gIy_JVf1XDIRnW_9fTpRbAEQh2BDs1A7A9AnqvhOkhp5hrFBkQWdNJ1KujI0TZsp9BOT4MINfhSkEG7Qm8vNw5wcGn54nZY7jVxE5aU2xEvmsFb7OoQ3XVcwHIPraDD 7216ms (cache miss)
npm http fetch GET 200 https://dl.cloudsmith.io/signed/vlt/benchmarks/npm/globals/14.0.0/globals-14.0.0.tgz?created=1791542184&expires=1791628584&source=t-PwLF9sWN2uK8&signature=gAAAAABqyMOoiYBkAfINRLbqfNkz3Baa0PtIQt8aWHkmoSDmLYl22MtD61OMVWGGN3A033S6I9gmZD15f4NoA620LI6-svxoV6DVr_n6Khf3UH77URzvYb0a9vbMqKUUCPHytd0jwI0Y 7229ms (cache miss)
npm http fetch GET 200 https://dl.cloudsmith.io/signed/vlt/benchmarks/npm/types/json-schema/7.0.15/json-schema-7.0.15.tgz?created=1791542184&expires=1791628584&source=t-PwLF9sWN2uK8&signature=gAAAAABqyMOoE3wqtPgM0HBZWQkw2s5gO-DVbOhTitDbgxWB20gcPu8AzVga_frj3nbwoy6BO3rUg_X1s6_TIh25Qbn1CG1szQbRmQXIQ4eQ2i3QzCHs7GhAHtbCE4TdnhVoAb7d2-nD 7253ms (cache miss)
npm http fetch GET 200 https://dl.cloudsmith.io/signed/vlt/benchmarks/npm/ms/2.1.3/ms-2.1.3.tgz?created=1791542060&expires=1791628460&source=t-PwLF9sWN2uK8&signature=gAAAAABqyMMswgztOXQckzKn6Ba8wv0uBxNOEYsW3iGsgYK8cUEwleypk7CrALdPAtc4tUQqmRPIHWMhFnmxVCRkXn5lKrjFM4DpHlxzXwkwgY0QsY39qxqOR3ZdqavYNV6NpoomRQg8 7261ms (cache miss)
npm http fetch GET 200 https://dl.cloudsmith.io/signed/vlt/benchmarks/npm/eslint/object-schema/2.1.7/object-schema-2.1.7.tgz?created=1791542184&expires=1791628584&source=t-PwLF9sWN2uK8&signature=gAAAAABqyMOopmIkbE5d3zqtyunjZpMGH3qxIAx7QkDdwVwkeKpYEKmU12CbYaREOIhMBfXJw9Hjmu8hw98MEF0VbWjXXVbYz-dzC3sMP8tmvBPeOIAf6Jkasn7NZuoWK61apKHdE00e 7283ms (cache miss)
npm http fetch GET 200 https://dl.cloudsmith.io/signed/vlt/benchmarks/npm/natural-compare/1.4.0/natural-compare-1.4.0.tgz?created=1791542184&expires=1791628584&source=t-PwLF9sWN2uK8&signature=gAAAAABqyMOoXV0V1JSfgtqDSScmOQfebWJm9TGEAuBpbj_ZuDmh8lTfCkOhni_TKQ2vWV1_32ybHUKo0iENb_5WwJ2vdEpkiYjZHbvGqjvh-Ve9RcoMXm6u739FhOkTCp5yVHxfiEy6 7294ms (cache miss)
npm http fetch GET 200 https://dl.cloudsmith.io/signed/vlt/benchmarks/npm/optionator/0.9.4/optionator-0.9.4.tgz?created=1791542184&expires=1791628584&source=t-PwLF9sWN2uK8&signature=gAAAAABqyMOo2Ag30mcoxm8x-8PxKJHg3fPJkWQZOPQDp3NQbmNMMRPdIR7dSMs63SnC1FX9dqV8Ctp38XHnKa9yseQIe1Io__aL_ZcZz_OKsbQ7RAn8USyE-9no1--W7P6aUQaDS50d 7329ms (cache miss)
npm http fetch GET 200 https://dl.cloudsmith.io/signed/vlt/benchmarks/npm/lodash.merge/4.6.2/lodash.merge-4.6.2.tgz?created=1791542184&expires=1791628584&source=t-PwLF9sWN2uK8&signature=gAAAAABqyMOoat3OBnQTJUJDu_j-_X91qK4J5fBpLfMADzp11Pl2__UCjSJXPHkhQftQESgfwI72QpEZhWkA_VlyP89yOOYDTJpJkDpdLf_hxurrAEqoVaemSpzXgw71CPgpq8LxS_L7 7366ms (cache miss)
npm http fetch GET 200 https://dl.cloudsmith.io/signed/vlt/benchmarks/npm/json-stable-stringify-without-jsonify/1.0.1/json-stable-stringify-without-jsonify-1.0.1.tgz?created=1791542184&expires=1791628584&source=t-PwLF9sWN2uK8&signature=gAAAAABqyMOowjNaVtT4wHiclskmPUjhUP9vklM4fLeyEcPYuzSN7JCcCfgAqT1JAObUTc5uvVCPdXoHG9g0DLQS0-SySMSF-xazp7VPwFnSol-UfvJmIbCwvEYl-Y0tRu-V2l6l00H4 7439ms (cache miss)
npm http fetch GET 200 https://dl.cloudsmith.io/signed/vlt/benchmarks/npm/is-glob/4.0.3/is-glob-4.0.3.tgz?created=1791542184&expires=1791628584&source=t-PwLF9sWN2uK8&signature=gAAAAABqyMOoxj9QEJPrNETViCtm5wyTaoFANejU4mwhXpcxG5E3oyrijplBOuI7mleSLE6efH0xzBRVv0hGRtjc1J6g6UxCfqu1pf1TZBm240BxRcQ6E3s6-Ztzz2YEdsOGGXmcYLcV 7456ms (cache miss)
npm http fetch GET 200 https://dl.cloudsmith.io/signed/vlt/benchmarks/npm/imurmurhash/0.1.4/imurmurhash-0.1.4.tgz?created=1791542184&expires=1791628584&source=t-PwLF9sWN2uK8&signature=gAAAAABqyMOojp6adH3BNelqu76L4gKBnvfzjoyBiYIBTOkQT8VgzfcVNEZRor81p50cPVOc_XzE8vMWqHPMiU2yyriTdQ0ckmAXKWiXs8UtnoB9CJOJnI0sm2AJzUDk7KPYmlcI5beO 7463ms (cache miss)
npm http fetch GET 200 https://dl.cloudsmith.io/signed/vlt/benchmarks/npm/ignore/5.3.2/ignore-5.3.2.tgz?created=1791542184&expires=1791628584&source=t-PwLF9sWN2uK8&signature=gAAAAABqyMOoWXjbY2bmDqjwcbDmZV03TxNXJrQJR5XQ8-qTeZuW9618L2FZpoc2RJXIMfN6XtU6y-asBu79lviNiKh-ym_6efcop_r_5R_jS382JWgMzjf8v_HUwN72bhxs90E25PLn 7492ms (cache miss)
npm http fetch GET 200 https://dl.cloudsmith.io/signed/vlt/benchmarks/npm/fast-deep-equal/3.1.3/fast-deep-equal-3.1.3.tgz?created=1791542184&expires=1791628584&source=t-PwLF9sWN2uK8&signature=gAAAAABqyMOow516908GNNrW7GHM7VKdziGZYd2floK_oUHKcr5nuNqeVapMyCRD67I7KWD7WlfNfxAYts-_VipiCqK0PvB0JGJFa90Y0IorhcYiTl02GPVZ36wCFgWnfG0mtOSHiLt0 7521ms (cache miss)
npm http fetch GET 200 https://dl.cloudsmith.io/signed/vlt/benchmarks/npm/file-entry-cache/8.0.0/file-entry-cache-8.0.0.tgz?created=1791542184&expires=1791628584&source=t-PwLF9sWN2uK8&signature=gAAAAABqyMOoEJJkWbWR2GuO5IAx9CmMA9WtBrelPNssx13ceF1LWeAyYQBHApbvWoX66Vud-F-WSW4LXFsW5cLgVA0DGJdzPX0DerbQuLIHkRUVA9ylRW6L7egmxcEX7YWaY0Glwx7P 7586ms (cache miss)
npm http fetch GET 200 https://dl.cloudsmith.io/signed/vlt/benchmarks/npm/glob-parent/6.0.2/glob-parent-6.0.2.tgz?created=1791542184&expires=1791628584&source=t-PwLF9sWN2uK8&signature=gAAAAABqyMOorHvN_qzi0Ka79kRQUKUgR1Zff_oGZfWsXkxIoTeWmk9I1l4a4KgxkOokSrbOMYSYeEGIP3G5CjKPm9y4rNFSvTsdHU5Wpu8gIUZHbVIbjYLexbiohxej4M5GeTo9yq8X 7596ms (cache miss)
npm http fetch GET 200 https://dl.cloudsmith.io/signed/vlt/benchmarks/npm/find-up/5.0.0/find-up-5.0.0.tgz?created=1791542184&expires=1791628584&source=t-PwLF9sWN2uK8&signature=gAAAAABqyMOoUqM4N9I01OPE7goiVhu-BQXHEUJIsfDMDt69f-PScimRpbur40Fa4ZjXW-SsD38bMajdNCcaGCnYEWcsrv-FAtL-lzynfp2MllMgLDX7dqUA_54_whIGpQ4I-mi2ACX- 7606ms (cache miss)
npm http fetch GET 200 https://dl.cloudsmith.io/signed/vlt/benchmarks/npm/espree/10.4.0/espree-10.4.0.tgz?created=1791542184&expires=1791628584&source=t-PwLF9sWN2uK8&signature=gAAAAABqyMOo_Z4991ADoMcJwQeQqB9OUOONsBl-CAdkT69ojcM5N2obpim8_-6fMnU2veEX068tznBbEjH0uNXxr6ZN5aj0XbDYEiXs1MM2lPeV2yNRHV4Fs_kL0Pk7iPMAZDt-_V82 7659ms (cache miss)
npm http fetch GET 200 https://dl.cloudsmith.io/signed/vlt/benchmarks/npm/esutils/2.0.3/esutils-2.0.3.tgz?created=1791542184&expires=1791628584&source=t-PwLF9sWN2uK8&signature=gAAAAABqyMOoTK5k_sDa5H3_YHrQOvCBqpfxql0gMTt6Wbq8FieMxB5dEPaS7hEmyxI33AR5T2cXzRN_hNP0QQwnjz_tNVXvD-RoOmAoBtuYR23H5A8emjYnYwuylu7bE9eXTeTrwz4Z 7661ms (cache miss)
npm http fetch GET 200 https://dl.cloudsmith.io/signed/vlt/benchmarks/npm/postcss/8.5.29/postcss-8.5.29.tgz?created=1791542060&expires=1791628460&source=t-PwLF9sWN2uK8&signature=gAAAAABqyMMs5hFLS0LmjFsqaeM7uwTELsTo5IHZjbF9gIHNmbrHrtyw8iII2lhRbZ_qbyZf2WLdc6mOj59ApnZ85boBkm8j8QsktEReWbAWmEqsDI8tjJgXSCgEm_t_AI3OnfbI-edt 7675ms (cache miss)
npm http fetch GET 200 https://dl.cloudsmith.io/signed/vlt/benchmarks/npm/magic-string/0.30.21/magic-string-0.30.21.tgz?created=1791542060&expires=1791628460&source=t-PwLF9sWN2uK8&signature=gAAAAABqyMMseSgtKM7EoEWfcpBQG4lsoO0Ox42IjFqM_LlwqAT2Q8oqKyxdb7p4ZEPvvCz7e9IVe-Z1J-Iah1PyImn8ERcF8E1mEn30URF4z9TqrhCw_qi4_P8HW0vNtQ5UG0LEaV_4 7682ms (cache miss)
npm http fetch GET 200 https://dl.cloudsmith.io/signed/vlt/benchmarks/npm/chalk/4.1.2/chalk-4.1.2.tgz?created=1791542184&expires=1791628584&source=t-PwLF9sWN2uK8&signature=gAAAAABqyMOoT4drz0nhiizQ4-U8EGRHYCoUYSScxrt-EkK8CNqlv4AtL72K3vpotfoPN_HjxseoCZ4cUo7w6v99BaQXUG-vZajVkGIFdTVEzv6MdpDiy752w3a5fu6w0ccdDMRZWtJG 7700ms (cache miss)
npm http fetch GET 200 https://dl.cloudsmith.io/signed/vlt/benchmarks/npm/escape-string-regexp/4.0.0/escape-string-regexp-4.0.0.tgz?created=1791542184&expires=1791628584&source=t-PwLF9sWN2uK8&signature=gAAAAABqyMOoOVbF8iKwnrJ4niDzUVOwM2Z38uzBj8IHuUafALWAMmHEUQJXvfyAFOgHfYD4uxnq490nxkk7aMqP0Bs7ynwMrFwZXKpl5UpFMXW9_5GuEAZrS9bFbWfB9ebyMzIkuG3R 7700ms (cache miss)
npm http fetch GET 200 https://dl.cloudsmith.io/signed/vlt/benchmarks/npm/source-map-js/1.2.2/source-map-js-1.2.2.tgz?created=1791542060&expires=1791628460&source=t-PwLF9sWN2uK8&signature=gAAAAABqyMMsUAsOTcQ7PByfq3U10N8TnzN5rEGHZcmQn-fwwjb9AShh-c61aff1lLqbxTi_zPGMxy0Xx0CH7rFfEj09zAy3k9wwAOfPZu2ih-8o1vbhc1vOH1yFDaKi7gbYZJKIV8D2 7710ms (cache miss)
npm http fetch GET 200 https://dl.cloudsmith.io/signed/vlt/benchmarks/npm/eslint-scope/8.4.0/eslint-scope-8.4.0.tgz?created=1791542184&expires=1791628584&source=t-PwLF9sWN2uK8&signature=gAAAAABqyMOo-SyyNf6rOk-kNNge3Eu55C_q6SsexNa-WGKz5wv97_uaxtCP4REfZHCiMoc7CV8RYamGVk0dciorwoxjjkRAMHl3CQcrosZtXZDZS0sHMyyLk5BUua4kUFhhUfhhVkmm 7716ms (cache miss)
npm http fetch GET 200 https://dl.cloudsmith.io/signed/vlt/benchmarks/npm/estree-walker/2.0.2/estree-walker-2.0.2.tgz?created=1791542083&expires=1791628483&source=t-PwLF9sWN2uK8&signature=gAAAAABqyMND5l8yRWJniF0H52J--DF9NzfnFQQ8UXBU2243c5_q1C5AfmATh2cNdthNLCliHKfKYky-jQrshaqWEkSe1AUA8BpYB5dXuTV3NLat6fMCSDMtIYXpADaCZdP6f83zbCf- 7720ms (cache miss)
npm http fetch GET 200 https://dl.cloudsmith.io/signed/vlt/benchmarks/npm/humanwhocodes/module-importer/1.0.1/module-importer-1.0.1.tgz?created=1791542184&expires=1791628584&source=t-PwLF9sWN2uK8&signature=gAAAAABqyMOoRiG50I0UWGZknkz3Kfj5Jg97dTKzeSUIH-bSEo_fIqdQBEQoHURbBCz9PrSCMjiAmhvjMX84FF_euuKPLpNXFfmhU_Z_PXNDlggK8pG6zs1QIN9vPDWMmCoKa2pOxoVw 7783ms (cache miss)
npm http fetch GET 200 https://dl.cloudsmith.io/signed/vlt/benchmarks/npm/esquery/1.7.0/esquery-1.7.0.tgz?created=1791542184&expires=1791628584&source=t-PwLF9sWN2uK8&signature=gAAAAABqyMOorI1kDDncsyd3Gi5n8gywfUXZ_QjBVmbXqLoJkZRKa8DAUmcBiyxxgtn2GgoQQ1-7Z0BV2TYIT_p_OCqa5Uz2TANvYE3V5WXjxx0g2inyX_aMxTodgCKcqnCqRrXXWy8K 7801ms (cache miss)
npm http fetch GET 200 https://dl.cloudsmith.io/signed/vlt/benchmarks/npm/cross-spawn/7.0.6/cross-spawn-7.0.6.tgz?created=1791542184&expires=1791628584&source=t-PwLF9sWN2uK8&signature=gAAAAABqyMOok1DicAsXjyZQkjJbZY3QdgeQdkn21uPwM3gY7FuT-pzLLtE9d_jaAFekV9LB24H2aSBcRz29wIf1h4bPFIoVTeWvLeQtcWOwpJdfL9h2cQ-0PtXFycNRK4y2KZSJ56uU 7855ms (cache miss)
npm http fetch GET 200 https://dl.cloudsmith.io/signed/vlt/benchmarks/npm/humanwhocodes/retry/0.4.3/retry-0.4.3.tgz?created=1791542184&expires=1791628584&source=t-PwLF9sWN2uK8&signature=gAAAAABqyMOoq0gEhEIZIDN3cPQXN89gWpsi1cp57qdSIDZ5uKtI7mYSQW7IWSu_0me1algvVYZBTqDMIIgZyi1HaVQmieWfCYY46VdFmG84iyPUh6BvDlZYkqd6fEB608UiGCX5-AAU 7865ms (cache miss)
npm http fetch GET 200 https://dl.cloudsmith.io/signed/vlt/benchmarks/npm/humanfs/node/0.16.8/node-0.16.8.tgz?created=1791542184&expires=1791628584&source=t-PwLF9sWN2uK8&signature=gAAAAABqyMOot30x0H5h0hHXOR-bJpUNZoOjt9qsT_bTOMheLeAugcOJxEroS5rQ9GGT6miN7BLKoV2Ud9za7tNFxoq6sFOsmP_WHuekm4e58qtg17u8V4lOgKOh8iwCzpH0Z-vVtRDr 7879ms (cache miss)
npm http fetch GET 200 https://dl.cloudsmith.io/signed/vlt/benchmarks/upstream/filename/npm/electron-to-chromium/electron-to-chromium-1.5.452.tgz?created=1791542184&expires=1791628584&source=t-PwLF9sWN2uK8&signature=gAAAAABqyMOoDzUiKovIbJAt_ahH7XKVZ5eOcdo-oqv3LxJGforx2h7Ip7cRKxJXANZwdHnvyyEkrDaDlw36p--ichiKF8b3YbbqzcFIXVl2sEeIjxngd2Z_oxPw1FwGPGFXddXbQ6fK 7910ms (cache miss)
npm http fetch GET 200 https://dl.cloudsmith.io/signed/vlt/benchmarks/npm/eslint/plugin-kit/0.4.1/plugin-kit-0.4.1.tgz?created=1791542184&expires=1791628584&source=t-PwLF9sWN2uK8&signature=gAAAAABqyMOoYYXamSbmn9axdZuyIpKaLF87ctMKpBSssznol5V2tRH6QIIBM0IWUK4MHHo9oykTH4qjzaCbF31herDdsuuE3vUt7D1zWfkxW3rcW6iI-RwE8Jg77LguPYeXW46lrPrH 7924ms (cache miss)
npm http fetch GET 200 https://dl.cloudsmith.io/signed/vlt/benchmarks/npm/jridgewell/sourcemap-codec/1.6.0/sourcemap-codec-1.6.0.tgz?created=1791542060&expires=1791628460&source=t-PwLF9sWN2uK8&signature=gAAAAABqyMMsgE4ViFxaT_pmcC9F9m5Guu3Yn994bcFQjTyu1LMEJVBB2q2H3h73QFJ660elt2l7SNjV6HujHgnnMU69RzBTJgre-UCRMzZoDqAkdvvrVkPEr9_i_s_aDzM7rteW9hjc 7922ms (cache miss)
npm http fetch GET 200 https://dl.cloudsmith.io/signed/vlt/benchmarks/npm/babel/helper-string-parser/7.29.7/helper-string-parser-7.29.7.tgz?created=1791542082&expires=1791628482&source=t-PwLF9sWN2uK8&signature=gAAAAABqyMNC2QXumTnIJCxXYfhX0rxTjEgsX8NGW2sCcKFL0JysgWpsqr3QAkORaaM9LYeEsHOlCjqFbjo3qVKlM5yLHd-jYRmwnZOhWN1t6b5IPzruXRgBK7j1zscb8J37z4zFLbFo 7930ms (cache miss)
npm http fetch GET 200 https://dl.cloudsmith.io/signed/vlt/benchmarks/npm/eslint/core/0.17.0/core-0.17.0.tgz?created=1791542184&expires=1791628584&source=t-PwLF9sWN2uK8&signature=gAAAAABqyMOo2TAVYIBedazU7h5zsHsOf9eQSR-QuWCUvpdMDs27Jv2jwDO5Sq4baTr30MQvp0qaI_am4Mx8oRQINP40UsOj8ItjLbcf5yIbSdOFCqubUzvOjJi6bDnO3jKLSI8NJyN3 7965ms (cache miss)
npm http fetch GET 200 https://dl.cloudsmith.io/signed/vlt/benchmarks/upstream/filename/npm/node-releases/node-releases-2.0.58.tgz?created=1791542184&expires=1791628584&source=t-PwLF9sWN2uK8&signature=gAAAAABqyMOo_moyJx0ll97awP1CLRXKn0diErUwARw-EuTkau6RPkbnYOb1fbbYJSXnJxsvPEsxg4w5ZXoUZjpQmfKbIZ4yaVMJh09f13zAAXKL1AmvuvFDF7q9MdBhwRFknq8cSEMd 7981ms (cache miss)
npm http fetch GET 200 https://dl.cloudsmith.io/signed/vlt/benchmarks/npm/eslint/js/9.39.5/js-9.39.5.tgz?created=1791542184&expires=1791628584&source=t-PwLF9sWN2uK8&signature=gAAAAABqyMOoxLGc_xcjMKtsWZqg5iuchYJKP1f__0iCXuf10NRFDh-EwNdn1LnC1lj7QvmgbOJbiWi1h3ZGR5I64gT2V-2Ln-zLw6QAm3pprFyCDUV2_y-C4xKZGuA_tNqLxusoU5mU 7985ms (cache miss)
npm http fetch GET 200 https://dl.cloudsmith.io/signed/vlt/benchmarks/npm/eslint/config-helpers/0.4.2/config-helpers-0.4.2.tgz?created=1791542184&expires=1791628584&source=t-PwLF9sWN2uK8&signature=gAAAAABqyMOoePWiGKo6sTK9N3CWK2BvCv6GdMFmvJ-3xrEw7ndS14P8q4Lt2tBfWo4Tx3T518vfdJ0jPDtLtpUi9z6ijIJtlJRWbUVyqhuG2WEvjhJXUBhfjkgvGRvdegmztmsyGvTw 8044ms (cache miss)
npm http fetch GET 200 https://dl.cloudsmith.io/signed/vlt/benchmarks/upstream/filename/npm/baseline-browser-mapping/baseline-browser-mapping-2.11.28.tgz?created=1791542184&expires=1791628584&source=t-PwLF9sWN2uK8&signature=gAAAAABqyMOoJR4xflPESwZEOeXW9ZLBBIhvwgkfyzwnkwxPwuVl7JoWe4e4HnjIVr5rGPhbSp01Y3QgijcnRUKSJ_cbaW7VUpyMuXZhboCs6tfQWmH7EMUnslHyR0x8g7hlbzWSuwXe 8044ms (cache miss)
npm http fetch GET 200 https://dl.cloudsmith.io/signed/vlt/benchmarks/npm/ajv/6.15.0/ajv-6.15.0.tgz?created=1791542184&expires=1791628584&source=t-PwLF9sWN2uK8&signature=gAAAAABqyMOokaUL2xAUZTWy4HadcY9ZxbyZ-UoYCxy1KKRMMl0l04GyyzRfot_R-m6TVW0rFNW8fBr97dNoGxAMJ9T1SEYpYaK9u8_0fIx1aEB3U_qLHKEZ7VzDQ7DkMKiW5Oyz3AUX 8074ms (cache miss)
npm http fetch GET 200 https://dl.cloudsmith.io/signed/vlt/benchmarks/npm/update-browserslist-db/1.3.4/update-browserslist-db-1.3.4.tgz?created=1791542184&expires=1791628584&source=t-PwLF9sWN2uK8&signature=gAAAAABqyMOoBN7CO4_1mqO6nhfNNhv4LGLfbVgZ8G0GWDfS3gETegA39HmasnAA7isGjzwCXdCkRaq1yCWXBuluTyMKdU5FjEJh5AWbeJuVQBHHaN60A8vQWMQVFpIqlGQ4ua7fkUF6 8134ms (cache miss)
npm http fetch GET 200 https://dl.cloudsmith.io/signed/vlt/benchmarks/npm/eslint/eslintrc/3.3.7/eslintrc-3.3.7.tgz?created=1791542184&expires=1791628584&source=t-PwLF9sWN2uK8&signature=gAAAAABqyMOo-Oqcd9dWKAcReRT58leOWF8EFSprikdNf1PYApMbnbDn6-oDZ3IhgnnyKhkPmVuqZl2wHTUmy54zuxxqe9gFHs_8szETYmaDyiLH1FlhvBxrZwIBepIf0KCbOKa6-79G 8187ms (cache miss)
npm http fetch GET 200 https://dl.cloudsmith.io/signed/vlt/benchmarks/npm/eslint/config-array/0.21.2/config-array-0.21.2.tgz?created=1791542184&expires=1791628584&source=t-PwLF9sWN2uK8&signature=gAAAAABqyMOoHMkcmPxXIsmOza2m77V83ru7BvZRmBto3xkWijGaaAhwjSUW2hdAruhtNZex_2aVfJu9g1I-LP8Yc2DE1OlZk6PhUeksL_gPSQbmxSzddgI87oOF938GgxT2zSo_EMW- 8281ms (cache miss)
npm http fetch GET 200 https://dl.cloudsmith.io/signed/vlt/benchmarks/npm/typescript-eslint/8.71.1/typescript-eslint-8.71.1.tgz?created=1791542184&expires=1791628584&source=t-PwLF9sWN2uK8&signature=gAAAAABqyMOoN-zlc0PeWzA89UL_Smy0EINbXQQ3xkF1lnGIgoWGRCdCYOY1Sim8fpvAMfOZ7-nflnwsGgkJAj0G74FhsmMETW4tmxgOOH1p2egp0HZv_XuWhpZOBhJIaEtdq3Kv7YU2 8317ms (cache miss)
npm http fetch GET 200 https://dl.cloudsmith.io/signed/vlt/benchmarks/npm/vue-component-type-helpers/3.3.12/vue-component-type-helpers-3.3.12.tgz?created=1791542184&expires=1791628584&source=t-PwLF9sWN2uK8&signature=gAAAAABqyMOocuPurdrmdGcG6aQoDkt9wCuqFhRhWVmU-OQZCLKsgOTYuTx6HpPh2QFkg5-mPxYG30T14KfQO-mvTguGJznT1AKaioF9E_1FDJhLbGXb7NHMP3eUsoTNoeIcvul3R0BV 8347ms (cache miss)
npm http fetch GET 200 https://dl.cloudsmith.io/signed/vlt/benchmarks/npm/eslint-config-prettier/10.1.8/eslint-config-prettier-10.1.8.tgz?created=1791542184&expires=1791628584&source=t-PwLF9sWN2uK8&signature=gAAAAABqyMOoFjuzzZb3gm2aO1g7a9LICGjRkju4W6RH87NYRo7kvw5RjYHzKDMpZ01HZqIRqGcz8iFJHK6Hla75s7XDdy6i0ua0pYqvuWcJ7ifJ_O5Ckt0pGriYO2FCMYPZ7kqp1Hs2 8383ms (cache miss)
npm http fetch GET 200 https://dl.cloudsmith.io/signed/vlt/benchmarks/npm/vue/compiler-ssr/3.5.43/compiler-ssr-3.5.43.tgz?created=1791542184&expires=1791628584&source=t-PwLF9sWN2uK8&signature=gAAAAABqyMOoenAWnM95cJ__B8ZwmOVR5AN9ecSREOiWsZasKoQY2fUQbo0Ja-b-bFMejs8nSkNCYmEWGBq1qU7CM0W8EP7rAEamKES7EqxD-IFpuCLLphOIfkWa7CVPBhUJoVbE0THy 8384ms (cache miss)
npm http fetch GET 200 https://dl.cloudsmith.io/signed/vlt/benchmarks/npm/js-beautify/2.0.3/js-beautify-2.0.3.tgz?created=1791542184&expires=1791628584&source=t-PwLF9sWN2uK8&signature=gAAAAABqyMOo4CmUFJgznPiM4-dlZJcyTmWXFLgMAhNwwME_ySWIg59ufeTuxRl_WCq_zu--FSrnhA2fxSvyLyqOw-ogzLMU8StIm0oj3H-IR4SwnyB-rtwMbQX-ug_Cq4JRt8iQLBQM 8435ms (cache miss)
npm http fetch GET 200 https://dl.cloudsmith.io/signed/vlt/benchmarks/npm/fast-glob/3.3.3/fast-glob-3.3.3.tgz?created=1791542184&expires=1791628584&source=t-PwLF9sWN2uK8&signature=gAAAAABqyMOo_g_mdckhk7_R2DWATp7Ec688f0FqHdI1rBQqRfFYm7zu6a-HjVxE_LRV3yJRRZaExJCfrBntrZxi1A_nLm04GfZAcMbq9pzz8x1U2uStx6XIlEzTLa7CFYDpv9ut1W4R 8437ms (cache miss)
npm http fetch GET 200 https://dl.cloudsmith.io/signed/vlt/benchmarks/npm/picocolors/1.1.1/picocolors-1.1.1.tgz?created=1791542060&expires=1791628460&source=t-PwLF9sWN2uK8&signature=gAAAAABqyMMsvvmTmlGIa8K98AZOBwm_n11-LMota34O78ES44gkwmr_CIuln9nnWizsR3iQjmnba_rsce7OcxShKI6e5FRM3bWZIw526Wn83PoFqZOn0pmvnWljxHlf6phzQrVSj18Z 8435ms (cache miss)
npm http fetch GET 200 https://dl.cloudsmith.io/signed/vlt/benchmarks/npm/vue-eslint-parser/10.4.1/vue-eslint-parser-10.4.1.tgz?created=1791542184&expires=1791628584&source=t-PwLF9sWN2uK8&signature=gAAAAABqyMOohoR3TO3X66WJ9j1roQkWgFzPhBzH_cmgxKNuRfxKScKUUBezTy7NOE6B9xnRTevOj_jXPknepN3SGZuJLyLo_VgNqLwxo4UEv4t3Dci6hw4ehrn6l1s5CZXLd__n5VmJ 8445ms (cache miss)
npm http fetch GET 200 https://dl.cloudsmith.io/signed/vlt/benchmarks/npm/eslint-community/regexpp/4.12.2/regexpp-4.12.2.tgz?created=1791542184&expires=1791628584&source=t-PwLF9sWN2uK8&signature=gAAAAABqyMOo_9YSNaXV7y3L2-3SMKe0wkyNK4WeiBlgkMtXChlDbIOZD5yPGpCKWsZFORJe_p-wXnQRmXe-nJplgZc_bjT0Y-0S8UGYYkz2uE3EhtUxoEWtLcI9CFiDGeTeErcFrva9 8455ms (cache miss)
npm http fetch GET 200 https://dl.cloudsmith.io/signed/vlt/benchmarks/npm/vue/babel-helper-vue-transform-on/1.5.0/babel-helper-vue-transform-on-1.5.0.tgz?created=1791542185&expires=1791628585&source=t-PwLF9sWN2uK8&signature=gAAAAABqyMOpvBr4mJFLT7oMX_PJs0Y_p1uH2pQ_hEm6CtvBx2Ts4X0IBjfZ8O_nrEWEOh60R2oI-YUOJKwvU6hmCORZYIXRk1bKFXGYFPNmcNboJypWDXLfX62Ns3x-MpUsf5UFXZNh 8467ms (cache miss)
npm http fetch GET 200 https://dl.cloudsmith.io/signed/vlt/benchmarks/npm/babel/helper-validator-identifier/7.29.7/helper-validator-identifier-7.29.7.tgz?created=1791542082&expires=1791628482&source=t-PwLF9sWN2uK8&signature=gAAAAABqyMNCwRYol2E7LWYaHgYRO_Nb9wlFgahcEQRu6eowiBQHSU7O8XYIXHNoQaBbsC9Y-q-L4xQ9nYp_csCZeXYx6Ie4rz_xVclPGGf3o9htgCYtroydnQq3ni7Bo3oLoyhnlF5u 8464ms (cache miss)
npm http fetch GET 200 https://dl.cloudsmith.io/signed/vlt/benchmarks/npm/caniuse-lite/1.0.30001815/caniuse-lite-1.0.30001815.tgz?created=1791542184&expires=1791628584&source=t-PwLF9sWN2uK8&signature=gAAAAABqyMOobXw8VhmzLpUoDB4ze1MbN2kCSe6GR2TGb7aPzsMI6O63TD9rTPhupjUGfYdaUhGsEJyuGrDDGSoR3k1rfPA-QbnK2SiKr3xrQAAid3O7ENYF1OQX5Nl4Mzt-iM-8QMOk 8483ms (cache miss)
npm http fetch GET 200 https://dl.cloudsmith.io/signed/vlt/benchmarks/npm/vue/shared/3.5.43/shared-3.5.43.tgz?created=1791542184&expires=1791628584&source=t-PwLF9sWN2uK8&signature=gAAAAABqyMOochi9XA_CSLdhSg6ZcWbg3DtVaeGuUPVbzNxivWDKt05-NpRjXvOJB3bA0L9Hvum_HSXSqkgQtcf8-Jn8XyBsbiMng4WXT87190epWY8_95w_V4bt4nI2KPVOAlY-xpre 8542ms (cache miss)
npm http fetch GET 200 https://dl.cloudsmith.io/signed/vlt/benchmarks/npm/vue/compiler-core/3.5.43/compiler-core-3.5.43.tgz?created=1791542184&expires=1791628584&source=t-PwLF9sWN2uK8&signature=gAAAAABqyMOohyKULT8yTbghXiyWvDGkXEcAMeEzSXhUWbWuWdNZ5y53M1FVXFj-nU2yQRb-bqErmK8JZurhnW6mX7c7DfreOPqbl9EcdkdSf_J9Q0UUloUwF4SCz_Icq_TOjtATOnMB 8597ms (cache miss)
npm http fetch GET 200 https://dl.cloudsmith.io/signed/vlt/benchmarks/npm/entities/7.0.1/entities-7.0.1.tgz?created=1791542184&expires=1791628584&source=t-PwLF9sWN2uK8&signature=gAAAAABqyMOoLTWlcpnzpG2sSojsiFX9vrVCr3O8qEfGL1mZAkOuJPrmdElGaE5C0Tv1m3jE8CZl4jDDgnbHbxzpzogG3EBJvrAR8Mirf3XrLRk5MUND8AdvLvd7q54gQaWqCYvdGG_m 8628ms (cache miss)
npm http fetch GET 200 https://dl.cloudsmith.io/signed/vlt/benchmarks/npm/eslint-plugin-prettier/5.5.6/eslint-plugin-prettier-5.5.6.tgz?created=1791542185&expires=1791628585&source=t-PwLF9sWN2uK8&signature=gAAAAABqyMOp6VQDr6pZ7t4sVYw1MArTR9SPavUL9ZKRhx12N8QVyzdPE3r89amhfu0wSLam6TYcSq2LgF7fnuCG47dpgyRo9bGEYoaeVKt0g8klruDOXnO3aJ5zWf3QqUZ-id3Zep-j 8671ms (cache miss)
npm http fetch GET 200 https://dl.cloudsmith.io/signed/vlt/benchmarks/npm/babel/types/7.29.8/types-7.29.8.tgz?created=1791542082&expires=1791628482&source=t-PwLF9sWN2uK8&signature=gAAAAABqyMNC3D-viCxYYlZ6v3RVC4fR7yeTGP30i9UH37vcD4iO2dODLzNLZfAH5UuRvDandmA5P2Qfg3WPPvobwqrCicBgrltzTqS3oUSLZ37A5Cqn9V0SUbZUij8VeUhGy3W-Sm1Y 8665ms (cache miss)
npm http fetch GET 200 https://dl.cloudsmith.io/signed/vlt/benchmarks/npm/jridgewell/resolve-uri/3.1.2/resolve-uri-3.1.2.tgz?created=1791542060&expires=1791628460&source=t-PwLF9sWN2uK8&signature=gAAAAABqyMMs__GGZGG5nIncDMLxEd7_DAVBYMbOWtwATWa332t5uWDCB99QHoa12NCDobb_L8ARJn0CYEnnGyfVC0GMmT1zE3DLbbiz8qat_pLloBYLvKtzqzfCb09mvJ3ZDhTxq3NV 8716ms (cache miss)
npm http fetch GET 200 https://dl.cloudsmith.io/signed/vlt/benchmarks/npm/babel/plugin-syntax-jsx/7.29.7/plugin-syntax-jsx-7.29.7.tgz?created=1791542185&expires=1791628585&source=t-PwLF9sWN2uK8&signature=gAAAAABqyMOpPjR07tbtXO4uMCjnVw3bH7u2_m73m9gIhIOBUiNuJAGqR-TRdfNiViELoBiiMwz0-MUDnpt48i8SqVVST6VCW6Wv2ESdgoi1obqCzi488Hjj1N_db_Cp1d-iigudEeV6 8729ms (cache miss)
npm http fetch GET 200 https://dl.cloudsmith.io/signed/vlt/benchmarks/npm/vue/babel-plugin-resolve-type/1.5.0/babel-plugin-resolve-type-1.5.0.tgz?created=1791542185&expires=1791628585&source=t-PwLF9sWN2uK8&signature=gAAAAABqyMOpX2n7wKLErQKruRTIzJzh8Fz-07vVAg7Vhd6DLanama0NflY3kAFKp6awBEzu4OzTDgEzZ8G_x5Hn27CITVlGVlv9WefUBzwb7kcO20OvVvZzwJhiCxGUCyE8DHkHLC_K 8733ms (cache miss)
npm http fetch GET 200 https://dl.cloudsmith.io/signed/vlt/benchmarks/npm/babel/parser/7.29.9/parser-7.29.9.tgz?created=1791542082&expires=1791628482&source=t-PwLF9sWN2uK8&signature=gAAAAABqyMNCP-neTExxZ_aAmLAtzNXAnGRpeLENlCg3LU41dagTqW80uGgmU6Ng9U1KsEf7hDY17DqkMRUD_cnnTpTLGbjWVlspXI4Ulvfgip_Q19fL9eCFK5euTwFleCvdztJmjgAF 8737ms (cache miss)
npm http fetch GET 200 https://dl.cloudsmith.io/signed/vlt/benchmarks/npm/babel/helper-globals/7.29.7/helper-globals-7.29.7.tgz?created=1791542185&expires=1791628585&source=t-PwLF9sWN2uK8&signature=gAAAAABqyMOpOUXuxTnd0QusGlboTP3TL96NY118kednrYVi-dPy8ITuXK_O2zq6tlXTRoem4HD5fmvgV28UXTx-U_ZFi74Z1RsIdE3b78xOgiY8nK2D-W3HgOMnrVr3FXaPE1G31Nbv 8742ms (cache miss)
npm http fetch GET 200 https://dl.cloudsmith.io/signed/vlt/benchmarks/npm/babel/helper-replace-supers/7.29.7/helper-replace-supers-7.29.7.tgz?created=1791542185&expires=1791628585&source=t-PwLF9sWN2uK8&signature=gAAAAABqyMOp8_IRF9Ys9ttiR_8yT1jM7dXiTZTm9tSuOyViKjo7lSq9iSoxKncR5NPke59RM8zexS2_WQkxNRZFUPhKpXSh3uipuas-Zllnxdi5ps20XL9_nmtj4fSbWLG0dvo8IrtK 8780ms (cache miss)
npm http fetch GET 200 https://dl.cloudsmith.io/signed/vlt/benchmarks/npm/babel/helper-optimise-call-expression/7.29.7/helper-optimise-call-expression-7.29.7.tgz?created=1791542185&expires=1791628585&source=t-PwLF9sWN2uK8&signature=gAAAAABqyMOpD0PrZzWvIdDo1wX27YX9cgWPDkoiPdF5CQ2o7CFIb-w3_xQv2S0aVEv5Ck7gigEnSX8-Q8qvSje_-qKPOrL3gxQsZRbVS9bZ1vOsNpZE_yfKkxH7nCCVaS5cRPVB0y9Y 8790ms (cache miss)
npm http fetch GET 200 https://dl.cloudsmith.io/signed/vlt/benchmarks/npm/babel/helper-skip-transparent-expression-wrappers/7.29.7/helper-skip-transparent-expression-wrappers-7.29.7.tgz?created=1791542185&expires=1791628585&source=t-PwLF9sWN2uK8&signature=gAAAAABqyMOp3JYSGIbvsMraMoiB9bcj4iPuurEvg9Grx1AyopCw_KONaDnNqZYhTwGRQxcY8TEaPyHGEfIWc0zWgduIuwc1Xgf8KMlyLGpa_QJIymKPxEHe65FtM1naGX3-1QvM_bS_ 8829ms (cache miss)
npm http fetch GET 200 https://dl.cloudsmith.io/signed/vlt/benchmarks/npm/babel/helper-member-expression-to-functions/7.29.7/helper-member-expression-to-functions-7.29.7.tgz?created=1791542185&expires=1791628585&source=t-PwLF9sWN2uK8&signature=gAAAAABqyMOpsLSIcmR6ORUxy6S6JgXphpdAPcKXLNcHM3EyHL5y55b2VqHtCHeB8Kq4uaqD2IP6VND-YzjiIxQ_4vuwCaIUUde5-qOi4mrCffmRhWzsrxuQeqSsuIulBLSOuSoECeMm 8846ms (cache miss)
npm http fetch GET 200 https://dl.cloudsmith.io/signed/vlt/benchmarks/npm/babel/plugin-syntax-typescript/7.29.7/plugin-syntax-typescript-7.29.7.tgz?created=1791542185&expires=1791628585&source=t-PwLF9sWN2uK8&signature=gAAAAABqyMOpFrLY2MU_185qJ2ti-_-jkeQba4RkfyjVvTOr9byJH2NhgmLpMbXabcvD63EYIc2gK7TrXmEfxN_utb2NfH8YdD0ayy0d9hARg3cCG6DzmKQyjzQhZ_BoILSDx-LVNqGI 8847ms (cache miss)
npm http fetch GET 200 https://dl.cloudsmith.io/signed/vlt/benchmarks/npm/vue/compiler-sfc/3.5.43/compiler-sfc-3.5.43.tgz?created=1791542185&expires=1791628585&source=t-PwLF9sWN2uK8&signature=gAAAAABqyMOpCmzHG6ON3RW19X-2TLr4Rsk1ZiuNaw8mpbVCGnycOZ_XTbl4gE2kjMYNIG8NXovanMMYkJxdM2mV5sOUG3A60Y05ueYHWZ7tLbHpaZIaJ7twcY-eYLdzPt3IjGAH10E6 8854ms (cache miss)
npm http fetch GET 200 https://dl.cloudsmith.io/signed/vlt/benchmarks/npm/babel/helper-plugin-utils/7.29.7/helper-plugin-utils-7.29.7.tgz?created=1791542185&expires=1791628585&source=t-PwLF9sWN2uK8&signature=gAAAAABqyMOp15VqTvyW8D5PpZypc0vHgR_u78bYRgy4y8gnqhnmFhT5vpWmU-aReDLen7FCgUAZjMH8x_LhIHoucOH47TSCZnXAB3A3T0BnOkf9VHY8STeDvnziJqaNv6oYKCpL1noz 8853ms (cache miss)
npm http fetch GET 200 https://dl.cloudsmith.io/signed/vlt/benchmarks/npm/tinyglobby/0.2.17/tinyglobby-0.2.17.tgz?created=1791542060&expires=1791628460&source=t-PwLF9sWN2uK8&signature=gAAAAABqyMMs6eK9lnDHsA6xJBeubwViiSqPgn11x_UZzs1Jh7837s8ATtMq6nBGmvFnFLrc3saapbeHxZJHgBK7bSW0FXUIsQLnoLI89pCsO0rUUSRz3epP6c60r3qyrHp6GHWVginz 8860ms (cache miss)
npm http fetch GET 200 https://dl.cloudsmith.io/signed/vlt/benchmarks/npm/semver/7.8.5/semver-7.8.5.tgz?created=1791542083&expires=1791628483&source=t-PwLF9sWN2uK8&signature=gAAAAABqyMNDLQHRFx_-TnoCHg4x7wHv2wSoExGfQEox59faLyoY2ySsWYf6Z1DeU_9OEhA5XMKHrg0-aiC-NGEXI8l42NmSQ2YYN61dT5mxiNhfIJQsS887CxcR3xZ0dgs0wGrTdF6h 8879ms (cache miss)
npm http fetch GET 200 https://dl.cloudsmith.io/signed/vlt/benchmarks/npm/debug/4.4.3/debug-4.4.3.tgz?created=1791542060&expires=1791628460&source=t-PwLF9sWN2uK8&signature=gAAAAABqyMMsgqeNkcY-hGm_q3YlzTCAdihvqJPgHwu96gkcXWebTg4x3EzMHGZcBi3xq62BF2axxJeJp907puNZcFoK7TqHmHUxM-PZQTBlGgG9gZerThdhza2feN86icKhkpd-QZCy 8886ms (cache miss)
npm http fetch GET 200 https://dl.cloudsmith.io/signed/vlt/benchmarks/npm/babel/helper-module-imports/7.29.7/helper-module-imports-7.29.7.tgz?created=1791542185&expires=1791628585&source=t-PwLF9sWN2uK8&signature=gAAAAABqyMOpOnMgFNXrSEB8-j3F0qVq45mWPvLbHI178vbEQ_HXC41FlriwrQUon68z7y--hy3t8vnL4zwuXVP2DjKVomI6PQ6qm7aLq27EspNYTMfPKzb4enrpVuMCitYaIQYkLmAs 8978ms (cache miss)
npm http fetch GET 200 https://dl.cloudsmith.io/signed/vlt/benchmarks/npm/browserslist/4.29.3/browserslist-4.29.3.tgz?created=1791542185&expires=1791628585&source=t-PwLF9sWN2uK8&signature=gAAAAABqyMOpmNmk5d0CJd9jlk3FRHKAh8VgDHV--5O9_ypnS66EAziwTNDMjb-37wUTi4pFZRXPPMTo4uclRkP4c80UfUYWJ2-HIXm9S5xMlmuhuHy-y7qyDIxXFWS_43Ha4jMsx1i7 8984ms (cache miss)
npm http fetch GET 200 https://dl.cloudsmith.io/signed/vlt/benchmarks/npm/lru-cache/5.1.1/lru-cache-5.1.1.tgz?created=1791542185&expires=1791628585&source=t-PwLF9sWN2uK8&signature=gAAAAABqyMOplMT7n0lh-auzUpqeMRhVHgsPWN-4n5oMmCT0fFl-la7tXIEi5Yq52-3F1qdHHDl3Bf-8u8ZGqr6jKy7A4uAklDui6x-t2lGung8uN2oW2vCc-wcxqKMA5WafWDZ1fyVN 9057ms (cache miss)
npm http fetch GET 200 https://dl.cloudsmith.io/signed/vlt/benchmarks/npm/babel/helper-create-class-features-plugin/7.29.7/helper-create-class-features-plugin-7.29.7.tgz?created=1791542185&expires=1791628585&source=t-PwLF9sWN2uK8&signature=gAAAAABqyMOpRG3saSNX5E4BhcUmEzBgsBZHo3Wd3aGhuNrOcAgwDCOCFCuokrOJHrZvRotVc0-RqGndW7IxiTTx4i-aG8UPNxuttbJpeWrJDdyA4sgtG3nc7FLWYvbmNYR8N7X87W27 9059ms (cache miss)
npm http fetch GET 200 https://dl.cloudsmith.io/signed/vlt/benchmarks/npm/babel/helper-annotate-as-pure/7.29.7/helper-annotate-as-pure-7.29.7.tgz?created=1791542185&expires=1791628585&source=t-PwLF9sWN2uK8&signature=gAAAAABqyMOpbGWkxFg4xoDKa5EXrdpQ-dkv5SKvXbEjt8WeuxGu1MLCU6sXE9H3GOOr8YnmzOV79iF75CbRIxtMbGNbiVYDXA412HMDCYuirCttLjg8E9-r7HXJltwQZOwxcgfuEDgv 9084ms (cache miss)
npm http fetch GET 200 https://dl.cloudsmith.io/signed/vlt/benchmarks/npm/jsesc/3.1.0/jsesc-3.1.0.tgz?created=1791542185&expires=1791628585&source=t-PwLF9sWN2uK8&signature=gAAAAABqyMOpr5WIfnZWCp7HO74P-l8UvdXVRqM_cYNTQ6veXGZYGK6rEthPd_NXtqLeHPHimSEwhw-mOLTr_rDLsHdFpgXFbEUwMHxu3wgwNH3cWWljmkp31Fb1gMiQCQKABOyqKb9F 9101ms (cache miss)
npm http fetch GET 200 https://dl.cloudsmith.io/signed/vlt/benchmarks/npm/babel/compat-data/7.29.7/compat-data-7.29.7.tgz?created=1791542185&expires=1791628585&source=t-PwLF9sWN2uK8&signature=gAAAAABqyMOpXo09PC_1oYISGaYfDWchmukMh3Tr5ALA46d629i1HjdqCD2Il7G4EvC2IDkbhnKPPwkDiyKk1Est7J_lXGEiXaX3zexB-Ra8FFcO54a_BoGLqGtlPieIYMwtgw2nIvj1 9137ms (cache miss)
npm http fetch GET 200 https://dl.cloudsmith.io/signed/vlt/benchmarks/npm/babel/helper-validator-option/7.29.7/helper-validator-option-7.29.7.tgz?created=1791542185&expires=1791628585&source=t-PwLF9sWN2uK8&signature=gAAAAABqyMOp4yjqj5CkE5g1L1aqSQv97MNSh2nYLmBRi97yeqT7e3GDaGmghDjRTQNpSL6gfBlQPF74FbvuKqN6sanKxVU3geWfiIn49dB6jfsCuDK_WMX2lA9wlet_wD6vq3aSrtzM 9138ms (cache miss)
npm http fetch GET 200 https://dl.cloudsmith.io/signed/vlt/benchmarks/npm/js-tokens/4.0.0/js-tokens-4.0.0.tgz?created=1791542185&expires=1791628585&source=t-PwLF9sWN2uK8&signature=gAAAAABqyMOpC9iUaxsLe3bfKZI5iPlw_f7iSgP15IvVnD60Xf4EdMB6eVOZqw1zKIhPBEvGSuzoPj2h2ahMraofr5hWxhiQoyC34d9na0ncj_FwMvVa9hVmAhYDpfYdfC2l98nGCyty 9201ms (cache miss)
npm http fetch GET 200 https://dl.cloudsmith.io/signed/vlt/benchmarks/npm/jridgewell/gen-mapping/0.3.13/gen-mapping-0.3.13.tgz?created=1791542060&expires=1791628460&source=t-PwLF9sWN2uK8&signature=gAAAAABqyMMsMPgMA5g3Mh5Lr28OzO2l269c1VoJN4k5-6rsOqcraFJ_ibIKGaZGNCToTJKu0jO-0M4F0C0utPBqfay0l8_SeA4fsJTBEF1i6xPqRRfsN5og8ALE7rRQCRaz7G6VHuJz 9223ms (cache miss)
npm http fetch GET 200 https://dl.cloudsmith.io/signed/vlt/benchmarks/npm/parse5/7.3.0/parse5-7.3.0.tgz?created=1791542082&expires=1791628482&source=t-PwLF9sWN2uK8&signature=gAAAAABqyMNCqp8vzIKFuhiOJ5jHDlgSwD-aU5teLPRt3GMsRN7ytjOEKXNumC-3kpEmlHiqWXTU-7hMR8KpyujDy_uQzix_ESg8wC5feks24hsdUr42wotGURfs43J-io1klD3QNQPp 9229ms (cache miss)
npm http fetch GET 200 https://dl.cloudsmith.io/signed/vlt/benchmarks/npm/jridgewell/trace-mapping/0.3.31/trace-mapping-0.3.31.tgz?created=1791542060&expires=1791628460&source=t-PwLF9sWN2uK8&signature=gAAAAABqyMMs4iGpXB9wE8vkj3Te9RgJH1AV4wJMFqlgMmSeT8uIpwhUSnbsoUhjMGhn-rfubjOxsy2_KkhVXJ7JXKWcL2LM554trTpILvZjqRpwqBWjiMEa3AEDfjz3rU7r8cOZtiJV 9249ms (cache miss)
npm http fetch GET 200 https://dl.cloudsmith.io/signed/vlt/benchmarks/npm/convert-source-map/2.0.0/convert-source-map-2.0.0.tgz?created=1791542185&expires=1791628585&source=t-PwLF9sWN2uK8&signature=gAAAAABqyMOpL4Q0EgRT2EAGBjpvJiQblZPVItptKZvnWo28ZS9iktdnz7PE06JomPCXHhQeoYVZs-VtSv3t47VpQljqhRZILgXAw0VQ1aEylqqb4Nqb20RrMEDFl18APjRoq-anrqHK 9265ms (cache miss)
npm http fetch GET 200 https://dl.cloudsmith.io/signed/vlt/benchmarks/npm/json5/2.2.3/json5-2.2.3.tgz?created=1791542185&expires=1791628585&source=t-PwLF9sWN2uK8&signature=gAAAAABqyMOp0euBgFbmW1Pzo5Jid_lxc6KzNmq5cqrAX1Fn8kTVCigYo1KIItQlPzXex_nSGS0KiHD_g8_3axDA7-e5neAmZSmOF2fTWcYdShmn_Z0QpdLqPkrry3zU0vmmFAvOauxq 9280ms (cache miss)
npm http fetch GET 200 https://dl.cloudsmith.io/signed/vlt/benchmarks/npm/gensync/1.0.0-beta.2/gensync-1.0.0-beta.2.tgz?created=1791542185&expires=1791628585&source=t-PwLF9sWN2uK8&signature=gAAAAABqyMOp1p-9Yiv6yz7EufRsQdDWp_dBsO6dJr3MJFRxJioAqSQx4jubOCi0uQdBw8d7GQhs9L7Ll1jQlmg8J4OeVA9zcNBzP6woGTNVFxuZF_8gddV3QhSuP7_QLckEmiFkgvGB 9281ms (cache miss)
npm http fetch GET 200 https://dl.cloudsmith.io/signed/vlt/benchmarks/npm/jridgewell/remapping/2.3.5/remapping-2.3.5.tgz?created=1791542060&expires=1791628460&source=t-PwLF9sWN2uK8&signature=gAAAAABqyMMsBQ1d08QWtRmaKWvCf2D8EQb4pxJbJHywzZODTptOoSFDmMGRPkP5nyNQjUecb9ME9vsjidcP3DM4c9kGjXQxauJOz_vYHLFaHQ8o0BGKizNRk8d5KwMb6Qx0Bg9kTRSO 9283ms (cache miss)
npm http fetch GET 200 https://dl.cloudsmith.io/signed/vlt/benchmarks/npm/babel/template/7.29.7/template-7.29.7.tgz?created=1791542185&expires=1791628585&source=t-PwLF9sWN2uK8&signature=gAAAAABqyMOpKlzuBaVoytqMl7y_GXF7mglEGrD3Zm1sZjHDiMf7DjJeQtx077bMP118NwOM975ZLA1NB_nFBq8WfxNqfZvNdY7RcaWSPzqZpb3d9lPEoSY478iQpsWF5YwrLU9pW0L3 9364ms (cache miss)
npm http fetch GET 200 https://dl.cloudsmith.io/signed/vlt/benchmarks/npm/babel/helper-compilation-targets/7.29.7/helper-compilation-targets-7.29.7.tgz?created=1791542185&expires=1791628585&source=t-PwLF9sWN2uK8&signature=gAAAAABqyMOpKZwmzGI9XX3OB54t-fSjyYS3H6cjZV0RJhyBY-SU0xpQS8omjpl_aRNfAeIDa3I8dV7d3c0P9BQTi2BhS2Ph271KPz8-a4ePOLpIN-oiilHLFfNpkJlcSXTY7mNcVJWK 9434ms (cache miss)
npm http fetch GET 200 https://dl.cloudsmith.io/signed/vlt/benchmarks/npm/babel/traverse/7.29.10/traverse-7.29.10.tgz?created=1791542185&expires=1791628585&source=t-PwLF9sWN2uK8&signature=gAAAAABqyMOpNd1xpm9K1TIBakQ3eR-hdUJywzam3dpDhwm9z5YlMfNVy3qdKcGrvxrQE33grHHtJiHkRc8fatgBO7siv-Y0nTPbpsLwjtooE41bOZ8rooHImQNbWFzNrjH7GIPat-Z9 9490ms (cache miss)
npm http fetch GET 200 https://dl.cloudsmith.io/signed/vlt/benchmarks/npm/babel/helper-module-transforms/7.29.7/helper-module-transforms-7.29.7.tgz?created=1791542185&expires=1791628585&source=t-PwLF9sWN2uK8&signature=gAAAAABqyMOpGwvJ6dHRKqwDvR6yQ2FVOZ8CZBSObCqRPi5m2G764pL0AkWdpT3uFFXUTeXUJAcbgwzxuSIZugr8Hp_OX5zyIxwXA-cxkCwKpqh_Yb4cNOlMXxcvp6mPQSz_spOWYY9b 9500ms (cache miss)
npm http fetch GET 200 https://dl.cloudsmith.io/signed/vlt/benchmarks/npm/babel/code-frame/7.29.7/code-frame-7.29.7.tgz?created=1791542185&expires=1791628585&source=t-PwLF9sWN2uK8&signature=gAAAAABqyMOp35BpzzPNJlspuUBuwTjytjICi8XJdlDU1Jhpz3N_m_q2ApGxkrJBdRnFpSZTnmE3ajEgz_8WNI3jwKhip1m_WkSXJ1eI7SQDnsJkjXAH1jYVLG_5cL85QVawNgDps3r5 9517ms (cache miss)
npm http fetch GET 200 https://dl.cloudsmith.io/signed/vlt/benchmarks/npm/vue/babel-plugin-jsx/1.5.0/babel-plugin-jsx-1.5.0.tgz?created=1791542185&expires=1791628585&source=t-PwLF9sWN2uK8&signature=gAAAAABqyMOpV_8ES1nzV6pg7n0nbTHHxgTxRW6kDcwydP_j36U25_jv-WU3uJumkPmOvB1qAzipBsuaARqMz90TydyIoN3gv3NK8VJELJajkXiBTapUPv4JIyzo-QYCTKAyvxZiq61U 9545ms (cache miss)
npm http fetch GET 200 https://dl.cloudsmith.io/signed/vlt/benchmarks/npm/rolldown/pluginutils/1.0.1/pluginutils-1.0.1.tgz?created=1791542185&expires=1791628585&source=t-PwLF9sWN2uK8&signature=gAAAAABqyMOp_VHHUmfghpugwYlnn5HUxwzC6qPipnLRnDSlKTm8xk_KofU44tFJHhDvQOny-Mcwx8IXHslJgjwxuTA6tf4Py4MlYWk_5kSkkdyBUxcDgcECQ8ATzruceOYECF8sUzm6 9607ms (cache miss)
npm http fetch GET 200 https://dl.cloudsmith.io/signed/vlt/benchmarks/npm/ts-api-utils/2.5.0/ts-api-utils-2.5.0.tgz?created=1791542185&expires=1791628585&source=t-PwLF9sWN2uK8&signature=gAAAAABqyMOpRBJNCh3pNlOWsn3uhk4VK0lIMEtQQwfLoUY0sFa1KXi4R9wzgMJ85p5Ebuf_oisfVQiWLoKdbURg9ARFwxr4yiYeebe1R48wcwmgFkPSNovZOjlR0zti0H5FPXisiYAG 9627ms (cache miss)
npm http fetch GET 200 https://dl.cloudsmith.io/signed/vlt/benchmarks/npm/typescript-eslint/project-service/8.71.1/project-service-8.71.1.tgz?created=1791542185&expires=1791628585&source=t-PwLF9sWN2uK8&signature=gAAAAABqyMOpw3BqqOWpccrF23cuiFmtmjSieIdpc5M5u8COFKCQhoZJjESpZljrcv5KT8ScPRkyopQGhpJ76OFucFOKpwVMihgYzetYeLWiGc-igHjGnvkUPTIWMY7wWYA0hPJbTRQf 9636ms (cache miss)
npm http fetch GET 200 https://dl.cloudsmith.io/signed/vlt/benchmarks/npm/typescript-eslint/tsconfig-utils/8.71.1/tsconfig-utils-8.71.1.tgz?created=1791542185&expires=1791628585&source=t-PwLF9sWN2uK8&signature=gAAAAABqyMOpMPx7THPby84eaENd0tQwePxo12Z35bMKYd4l3NXhL9YmFYJXP6wwm0FNQnPgsS0ayCcie1sB8govLe_FVxR3w0hOTa9HukmFNrFDxnlpvMgrJGFo70EpUqb_xTU0Wu1v 9665ms (cache miss)
npm http fetch GET 200 https://dl.cloudsmith.io/signed/vlt/benchmarks/npm/eslint-visitor-keys/3.4.3/eslint-visitor-keys-3.4.3.tgz?created=1791542185&expires=1791628585&source=t-PwLF9sWN2uK8&signature=gAAAAABqyMOpNdqw66mlXl1ib1C3Qzwoz0FwjEp9aLwbg9cNBf118aAF_36x5m5e8cIO_xF32Rjgi01CDnt3GQ4vBSrr6g7xQJmrKRvMHGJfY3L5z4EqUjvSukjR_WhVJuc1un48YFlz 9679ms (cache miss)
npm http fetch GET 200 https://dl.cloudsmith.io/signed/vlt/benchmarks/npm/babel/generator/7.29.8/generator-7.29.8.tgz?created=1791542185&expires=1791628585&source=t-PwLF9sWN2uK8&signature=gAAAAABqyMOphQSp--Z7Y5pNhShYf8Azs_GznpBgIFdyuObCSjzSKm1pT17-pHLqYaocKTVawRKswQP_fzdB21k2HNm98PAm9UqtahkdP9b1ertuFoReY6kRnxUAtwBBmyBfCEE01hof 9688ms (cache miss)
npm http fetch GET 200 https://dl.cloudsmith.io/signed/vlt/benchmarks/npm/babel/helpers/7.29.10/helpers-7.29.10.tgz?created=1791542185&expires=1791628585&source=t-PwLF9sWN2uK8&signature=gAAAAABqyMOpaceVLo5ZboZRrajcE-61r-9iY9E1GN3JaNKy464rW2ybMQd7P_9jCaqrcwUKYd2M9nPkSn7SjsaG06rW2m3OQRyP1ofNduq8aV4vO3oCXz8WkvnOIvUrmu-31BuClA1d 9703ms (cache miss)
npm http fetch GET 200 https://dl.cloudsmith.io/signed/vlt/benchmarks/npm/typescript-eslint/visitor-keys/8.71.1/visitor-keys-8.71.1.tgz?created=1791542185&expires=1791628585&source=t-PwLF9sWN2uK8&signature=gAAAAABqyMOpWbkbxCDRDai4_nQbCwMGvkxoEUe5fAu4hwVZBLjKYT0gePkI4j-DK1PxdW3se1bCc9KWzw9ZwVwT7Klb1NTOR6Jweg03o1Ei_usx19-4SfcxbX63scSCp23BVeUhQLjA 9722ms (cache miss)
npm http fetch GET 200 https://dl.cloudsmith.io/signed/vlt/benchmarks/npm/babel/plugin-transform-typescript/7.29.9/plugin-transform-typescript-7.29.9.tgz?created=1791542185&expires=1791628585&source=t-PwLF9sWN2uK8&signature=gAAAAABqyMOp3UcipbA3qN7cW5djlGIC0CFxF1Qy_YIzmtsJxld7lb8iYevcQyoLOhfEjih4NbIRWow_Wb9DyH8UsKNJavLPrahPtke9SEc_AapQ2bylzq4hDJ6DVA_zsf2RsEyY2vzQ 9728ms (cache miss)
npm http fetch GET 200 https://dl.cloudsmith.io/signed/vlt/benchmarks/npm/babel/core/7.29.7/core-7.29.7.tgz?created=1791542185&expires=1791628585&source=t-PwLF9sWN2uK8&signature=gAAAAABqyMOpsruLRfu6HJDl5WGQcJprk8cb2U2MMuTuKDQxKr4bg3AWRUvfDHmGvRzo7E4mvwlXQIspsh0AsM-ivDtkcVrl6LKoIbT8u4xXXqi59NB_wcVek6vC-TBZFOvDoQA4zBTa 9844ms (cache miss)
npm http fetch GET 200 https://dl.cloudsmith.io/signed/vlt/benchmarks/npm/typescript-eslint/types/8.71.1/types-8.71.1.tgz?created=1791542185&expires=1791628585&source=t-PwLF9sWN2uK8&signature=gAAAAABqyMOp4cbHFn7l1P-WsfGnMWuGlmLRujFQ5KUQWtcgkCrvowCGUx68UD6UgU7cTSsGiFluXGYErWJGjX7EiNEgu4sHU74NBpAl3v-VzHBYfIYVx32BYGLvYJnv5g00oe1ohSf7 9865ms (cache miss)
npm http fetch GET 200 https://dl.cloudsmith.io/signed/vlt/benchmarks/npm/vite/6.4.4/vite-6.4.4.tgz?created=1791542060&expires=1791628460&source=t-PwLF9sWN2uK8&signature=gAAAAABqyMMs2prLPrIwmd_iPpmoCbBru6JWmvUQqqxusgcT4_SqA6VpPTou9ua0p3bM-EFujZb0VW3sF5pWGFBcBbGbhcy8nTm6Zt7m4WTvVMVX0scs3ZUeNeefhGryEbTnSJeCm6Mu 9889ms (cache miss)
npm http fetch GET 200 https://dl.cloudsmith.io/signed/vlt/benchmarks/npm/types/tough-cookie/4.0.5/tough-cookie-4.0.5.tgz?created=1791542185&expires=1791628585&source=t-PwLF9sWN2uK8&signature=gAAAAABqyMOpKhnmp4ji_stjyAO8W8Yum0iq2IOJT0TJJdoxCZro32a8gbaDYeil84yUlNO0K2kZ-c1T_hTEcxfsgXnanIMJit3aFYbtfzgpe73eq9W0nVC4mAx6u07rflvJ9rQWHWFe 9928ms (cache miss)
npm http fetch GET 200 https://dl.cloudsmith.io/signed/vlt/benchmarks/npm/minimatch/10.2.6/minimatch-10.2.6.tgz?created=1791542185&expires=1791628585&source=t-PwLF9sWN2uK8&signature=gAAAAABqyMOp_fRKgIUFLl5WARLXPJ6JtLU0yENDUAV7kFLycauKSEy9ZToPdOAc_ayShE71UR5ClIPS417xL9BaEOMwTwUsLLn1zcLSKkeHYaecLcZNm0VevhFRYGJNRYuX5CCjI-Uv 9985ms (cache miss)
npm http fetch GET 200 https://dl.cloudsmith.io/signed/vlt/benchmarks/npm/typescript-eslint/scope-manager/8.71.1/scope-manager-8.71.1.tgz?created=1791542185&expires=1791628585&source=t-PwLF9sWN2uK8&signature=gAAAAABqyMOpiu72DJnBBwnuN5PSnZ1t3syV8DtZYSdypIYDYPLSzkeeYjLxGq4-epRUJLprv8Omw8XSspr10cE4jvrptPtgd9iqGgEBXabsF18_Gwd0qI7RRYC6qhSszFtPF4QKRRd7 10001ms (cache miss)
npm http fetch GET 200 https://dl.cloudsmith.io/signed/vlt/benchmarks/npm/undici-types/6.21.0/undici-types-6.21.0.tgz?created=1791542185&expires=1791628585&source=t-PwLF9sWN2uK8&signature=gAAAAABqyMOpKpG3F5vC-PgGECm1MFTH8GmN03qBq4ZJnxsKwbxGaEzg-2z8m8giP2sZ7IbizV_rPdvy7WMWmObvmzFiMw4_C_u7KshSQLnea1wARr95T0CiDSK2vP5AYE2U3sWsA-AR 10012ms (cache miss)
npm http fetch GET 200 https://dl.cloudsmith.io/signed/vlt/benchmarks/npm/typescript-eslint/typescript-estree/8.71.1/typescript-estree-8.71.1.tgz?created=1791542185&expires=1791628585&source=t-PwLF9sWN2uK8&signature=gAAAAABqyMOpZuWMiUrvYeEvDHv8r3b4wAoaGzfZCN3_TSttmGUzCo-95Tz9Z3lcXdi7k2LF4dSHtW4CsVSJsbVDrNYXIcG7UilU9IV3PhjgWNf0zZF07BXvWmzo5eEMlEf7DyAf_CKy 10033ms (cache miss)
npm http fetch GET 200 https://dl.cloudsmith.io/signed/vlt/benchmarks/npm/vue-tsc/2.2.12/vue-tsc-2.2.12.tgz?created=1791542185&expires=1791628585&source=t-PwLF9sWN2uK8&signature=gAAAAABqyMOpDMq_kVOsfKicxEFhowvyBXnZgl_BfbS0FiKx9nlesy-BfMxmryFnaNypzXBAxmDkWdjhBjZa0Ew5he-w3V5_UhDmSPt3fIFWoQvofsORKOAHESx4ZIeogE2OLxnOEWuY 10043ms (cache miss)
npm http fetch GET 200 https://dl.cloudsmith.io/signed/vlt/benchmarks/npm/eslint-community/eslint-utils/4.10.1/eslint-utils-4.10.1.tgz?created=1791542185&expires=1791628585&source=t-PwLF9sWN2uK8&signature=gAAAAABqyMOpDi0H_yQxlWMo1FJCIhO-QdNqjVNjTG0RWm8ooaZtehWdGQQtmsj7-8CcmRpqL0nyazWTrcAcP1raWPK26D9YmSVM3XaEn4c6tWqWar9aZLQSXCCcFPNhFasnLD1W5Eib 10121ms (cache miss)
npm http fetch GET 200 https://dl.cloudsmith.io/signed/vlt/benchmarks/npm/npm-run-all2/7.0.2/npm-run-all2-7.0.2.tgz?created=1791542185&expires=1791628585&source=t-PwLF9sWN2uK8&signature=gAAAAABqyMOpXSqq0cHH-LdpJyakalZRJ_r-Vyv6nH7MrBNUE6w9Ag1nT0o655wh7NdMLc3njjJr6g2_bgB_3MzFKYH9p8a5xPJxuErd8nE8caOxKG4y0iVKth5gDAHXhRq9aralhBpf 10141ms (cache miss)
npm http fetch GET 200 https://dl.cloudsmith.io/signed/vlt/benchmarks/npm/pinia/2.3.1/pinia-2.3.1.tgz?created=1791542185&expires=1791628585&source=t-PwLF9sWN2uK8&signature=gAAAAABqyMOpvzYHareADYepgPYx0WA4tvYw9qXYvj3UzTFWjjjpvFeC_ELKBYVogZ16ujTCGTpLNema_htpuElta6RKNroON0ViAooD4w-207g_qvt-STNs7ykUk3H1hMoRcK-XIFQb 10192ms (cache miss)
npm http fetch GET 200 https://dl.cloudsmith.io/signed/vlt/benchmarks/npm/vue/compiler-dom/3.5.43/compiler-dom-3.5.43.tgz?created=1791542185&expires=1791628585&source=t-PwLF9sWN2uK8&signature=gAAAAABqyMOpy79bFH-M6QS-ZzFFd1_bInb7PYRun4GxlXL_O3zH__UQqc07zzyfw0lvN_pqDhMPYCKX5O2yexWN67GP9C4MdNdi3NQ3Qvc4cNxrTJFzaVXf7hz3Aj_hAyUijEKvRsXD 10265ms (cache miss)
npm http fetch GET 200 https://dl.cloudsmith.io/signed/vlt/benchmarks/npm/vue-router/4.6.4/vue-router-4.6.4.tgz?created=1791542185&expires=1791628585&source=t-PwLF9sWN2uK8&signature=gAAAAABqyMOpHHB6iS6X6YwKw1KFEPWmziqO7mu4fgP2gSvk2yVZYiUe1GRJyIWNa8DBs8lO5pHwiCS5VFbNdifa5f6aVoemxo38wemsHa7L4wuls9b5CBp3Cg4VMR8yC7O-Y7KS0KaM 10301ms (cache miss)
npm http fetch GET 200 https://dl.cloudsmith.io/signed/vlt/benchmarks/npm/eslint-plugin-playwright/2.12.1/eslint-plugin-playwright-2.12.1.tgz?created=1791542185&expires=1791628585&source=t-PwLF9sWN2uK8&signature=gAAAAABqyMOp-nHnTRKsrrAGklxv69wt0otIWT6aaiR0MW1xI5N73ZQCa4OwnHbNsp6EcMe6efc8mBQxkG-_2mhr-vcTyGUF5m0czlNKisO7MweON2z67oeRzW1zHyDjRCCQO83pQNV1 10310ms (cache miss)
npm http fetch GET 200 https://dl.cloudsmith.io/signed/vlt/benchmarks/npm/vue/tsconfig/0.7.0/tsconfig-0.7.0.tgz?created=1791542185&expires=1791628585&source=t-PwLF9sWN2uK8&signature=gAAAAABqyMOp4SmawY9TtSXcY8GrBvFim9xc4w5wXXsT4ylvs-FLhAB2SWhatR9CTp2vIw-Rkxqt3tVgdQyQE9er5x8wNnDJ9Ov2P1qM-Nn39VyGcBNFRiFQQa0hC3pnDwNCC69qn10S 10312ms (cache miss)
npm http fetch GET 200 https://dl.cloudsmith.io/signed/vlt/benchmarks/npm/vitest/2.1.9/vitest-2.1.9.tgz?created=1791542185&expires=1791628585&source=t-PwLF9sWN2uK8&signature=gAAAAABqyMOpNyIlkcEObphm6i9TygpRcvvOaImHhgEU7Mc460MDA0rC5V12UNHd4pyrnbRycDfZ-cx115NeDLQ7WowE7MXg96PGlk8tNDVBfs0tIAOoM0RkkbFb3gAVmb4X4O-M9GZV 10317ms (cache miss)
npm http fetch GET 200 https://dl.cloudsmith.io/signed/vlt/benchmarks/npm/vue/eslint-config-typescript/14.9.0/eslint-config-typescript-14.9.0.tgz?created=1791542185&expires=1791628585&source=t-PwLF9sWN2uK8&signature=gAAAAABqyMOpiTiZnZrWRWm03-A-fhYi4T0VSD6TomHZeIOHSzv4JfnH_hP2en2bwHi5NCg79dA2eR-oVPRObiA70StRprUNU0e3oCMVnhPj4GCSNITajJWu9TrqLRQcvN-RfN1v0s77 10423ms (cache miss)
npm http fetch GET 200 https://dl.cloudsmith.io/signed/vlt/benchmarks/npm/vite-plugin-vue-devtools/7.7.10/vite-plugin-vue-devtools-7.7.10.tgz?created=1791542185&expires=1791628585&source=t-PwLF9sWN2uK8&signature=gAAAAABqyMOp-M88CYfVGbPCo_DYu6smkDsy3E3kaU42L_4c9Nv_FBc8XcFhXDGCyo3a2q8td8HfHpHzD8pX22FzT6jSXoW4WNI5FexrLM93o1vp7cpCrYHNHPH8VOmEoWJ3JVHoEsaA 10494ms (cache miss)
npm http fetch GET 200 https://dl.cloudsmith.io/signed/vlt/benchmarks/npm/picomatch/4.0.7/picomatch-4.0.7.tgz?created=1791542060&expires=1791628460&source=t-PwLF9sWN2uK8&signature=gAAAAABqyMMsvy61EVHD5UAgqAtZdkw1echYZU1sBNGbFMHxK2NG2W584W6YOB7vmB42LcBurhmxfxyXTJ7bcIf0leZcqQ6LIzqK7m_12EKINxC8sc0-4OPKKV7WvDEVrb_BAbjQDLl9 10504ms (cache miss)
npm http fetch GET 200 https://dl.cloudsmith.io/signed/vlt/benchmarks/npm/vue/eslint-config-prettier/10.2.0/eslint-config-prettier-10.2.0.tgz?created=1791542185&expires=1791628585&source=t-PwLF9sWN2uK8&signature=gAAAAABqyMOp0gLSLzDRwaxWPKiemztf3y_EEmQYGlbOcNL724ym4B6e0d-xa3Bybw6MPa8CLTn8DYv0LJ4c7Lq3DEgE4Iwwie_9AkdJK7hFdJJTPV3sCLyd4whU1-HbGHvMfjtg_4Xv 10559ms (cache miss)
npm http fetch GET 200 https://dl.cloudsmith.io/signed/vlt/benchmarks/npm/vue/test-utils/2.5.1/test-utils-2.5.1.tgz?created=1791542185&expires=1791628585&source=t-PwLF9sWN2uK8&signature=gAAAAABqyMOplRzdruje_nPG0ez4EPskO5QeTM8h8xBdvYgzjItdhXXK7gMlnXX8CcUhTS9bi0QyYN-4IL6G-AuGSKiWEUB_6LBhE4u8kQKZe4rJnpsXfubqllROHiZIi51Ejr5Szj_p 10597ms (cache miss)
npm http fetch GET 200 https://dl.cloudsmith.io/signed/vlt/benchmarks/npm/eslint-plugin-vue/9.33.0/eslint-plugin-vue-9.33.0.tgz?created=1791542185&expires=1791628585&source=t-PwLF9sWN2uK8&signature=gAAAAABqyMOpVk-rO_m0yVMUyMuKvTSf1ualus45XUOb8mkC8EUCGnJEg_uuIAOG_xdLVlk4aJNcGkgXp-e7HHkMlLhPeGG44dJLOHyfS3-SARtBfg_OHzZYRnnwczozmumrOL23CSFB 10609ms (cache miss)
npm http fetch GET 200 https://dl.cloudsmith.io/signed/vlt/benchmarks/npm/tsconfig/node22/22.0.6/node22-22.0.6.tgz?created=1791542185&expires=1791628585&source=t-PwLF9sWN2uK8&signature=gAAAAABqyMOpmPh4meDT71c_Els5n96fOYrCnBhwX0jJGVUYPS5G4RThuoX7RnsdmnGAJ9GkPtM4MQPbDNiwmEnfLjEI54ozSzPDj39BI6Toa6bJUsv2Z7TpQtJWQJ38zX7_pAZKOkqN 10719ms (cache miss)
npm http fetch GET 200 https://dl.cloudsmith.io/signed/vlt/benchmarks/npm/vitejs/plugin-vue-jsx/4.2.0/plugin-vue-jsx-4.2.0.tgz?created=1791542185&expires=1791628585&source=t-PwLF9sWN2uK8&signature=gAAAAABqyMOpDArKJ50nxHVVTNg2cvEQs6NpDPzZjHS3-6J75jp3Pc6YGB0grrf1D1o3HL3XVB2vebMfbbUeXpkwFy8uqbi6UOKG3sqBgHQxh2oOalMA9A22uYrpNhFDkNOVodN_pfln 10731ms (cache miss)
npm http fetch GET 200 https://dl.cloudsmith.io/signed/vlt/benchmarks/npm/typescript-eslint/utils/8.71.1/utils-8.71.1.tgz?created=1791542185&expires=1791628585&source=t-PwLF9sWN2uK8&signature=gAAAAABqyMOp_ZNpVHKHFDwIEn1QZk1QI53EuGkEQVR__9iOL3R3wx6dLDmOEU6ngk3sC65xmJjV967FF7id2OveIwz-xSyhAbKGAnfxQW3ifQ9Lh_ANrh3UeIufEFY-SLvRCagYF9WN 10785ms (cache miss)
npm http fetch GET 200 https://dl.cloudsmith.io/signed/vlt/benchmarks/npm/lru-cache/11.5.3/lru-cache-11.5.3.tgz?created=1791542080&expires=1791628480&source=t-PwLF9sWN2uK8&signature=gAAAAABqyMNAAYkMANODU54IGbh9Hxxh9QEPpua6JjJeI8bwu9OFrvhZMfbOOOMTe8NE9QnJetBS6RcUEr_vwkR0m4wVEs6Fby2Gv-M3oduFX5zn_UyRYplWa-4UF4zqD6dXJPt9ZsFO 10782ms (cache miss)
npm http fetch GET 200 https://dl.cloudsmith.io/signed/vlt/benchmarks/npm/playwright/test/1.64.0/test-1.64.0.tgz?created=1791542185&expires=1791628585&source=t-PwLF9sWN2uK8&signature=gAAAAABqyMOplOFr-02SoX3Ui4cPzZ-u0KII_cptKL9akCGOwfCeRW2hg3CZZcpwSlabNkpgy-mrm6msb8bAlmqEPdsTmsdcHpqbqonKVT5_JwPVNVeqOizwxEh0OBQ7ePm2fOb7OScp 10838ms (cache miss)
npm http fetch GET 200 https://dl.cloudsmith.io/signed/vlt/benchmarks/npm/vitest/eslint-plugin/1.1.10/eslint-plugin-1.1.10.tgz?created=1791542185&expires=1791628585&source=t-PwLF9sWN2uK8&signature=gAAAAABqyMOpzmNnZNQMHuj0FjztVQZTOYNLUFMCwmGtN2pHdbYqbLtviJ16XRkctVDJ3C1Izz0LCx0hHIEyiz6xWR1Z-n2lx7LSKCyaCmuAEGLiDtvAD9PraCAvg-kSQFEUPSjurqBu 10842ms (cache miss)
npm http fetch GET 200 https://dl.cloudsmith.io/signed/vlt/benchmarks/npm/playwright/1.64.0/playwright-1.64.0.tgz?created=1791542185&expires=1791628585&source=t-PwLF9sWN2uK8&signature=gAAAAABqyMOphcgdoPuehwaHewwzsszgZVLcOdF0Y4puaRitaSZ9lRCi6kmgFMSkfzHL6m5DixOOs4zY0vphJ4YguZolOEtEgvE87APH3c8k37OpVvft8YZVlcVurzDFHIOoG9ZOmfWZ 10870ms (cache miss)
npm http fetch GET 200 https://dl.cloudsmith.io/signed/vlt/benchmarks/npm/prettier/3.9.9/prettier-3.9.9.tgz?created=1791542185&expires=1791628585&source=t-PwLF9sWN2uK8&signature=gAAAAABqyMOpPVpWeykqQT9qK0-Vv1F9NXFVLXMpALywQdFMQlri5G22DGu6FlAKsBqAWQA42R5ssrz23dKStwDN0ymrLTaK7gfJh3_WnTSvxDsPHnWEIkGVxNv0Rc2A4DNaF8jjziEI 10893ms (cache miss)
npm http fetch GET 200 https://dl.cloudsmith.io/signed/vlt/benchmarks/npm/types/jsdom/21.1.7/jsdom-21.1.7.tgz?created=1791542185&expires=1791628585&source=t-PwLF9sWN2uK8&signature=gAAAAABqyMOpduxjgK11UCRU9QjvVETeBm-vko-X3hZl_HA9Uyz1hoVMPWUMtJxhcD0IqXZpwlYsIA1hUEtNRAEeOgyuwdtYCLe5KLs38wtnTcvXRseb2RD17p4wTnHBinGGLE-brm4U 10944ms (cache miss)
npm http fetch GET 200 https://dl.cloudsmith.io/signed/vlt/benchmarks/npm/vitejs/plugin-vue/5.2.4/plugin-vue-5.2.4.tgz?created=1791542185&expires=1791628585&source=t-PwLF9sWN2uK8&signature=gAAAAABqyMOp07s4wnQ7bf6Dp5xM8WzfMpbsgCgrBF7_NtdhreGByvoCfQJXti8RLdK-zZRseVWvQUIDEPN4VgXzcwIhTB2kqaeMrfZaNkiqUbofQTwnwXuEmGHQIAjxtUn2X853e1KT 10954ms (cache miss)
npm http fetch GET 200 https://dl.cloudsmith.io/signed/vlt/benchmarks/npm/balanced-match/1.0.2/balanced-match-1.0.2.tgz?created=1791542185&expires=1791628585&source=t-PwLF9sWN2uK8&signature=gAAAAABqyMOpaMS4_WOclFzI1fUoUUBmFTYlwdJ6OrW-laOiNMwEl9JX2Prn54o-dNOdor7sK79PfG05GioxKiUIYk8TEpbOA9f5qQocLvzG5b0TzLyP1OjIAMOdpp7XYYNJdqm_wzNw 10989ms (cache miss)
npm http fetch GET 200 https://dl.cloudsmith.io/signed/vlt/benchmarks/npm/vue/3.5.43/vue-3.5.43.tgz?created=1791542185&expires=1791628585&source=t-PwLF9sWN2uK8&signature=gAAAAABqyMOpW0haEXOo0BrqyQ0cf3Bbr-TfOOKwseK9BJyhFYCmLZFjTTQhwY6_392livSqpOdHtIh_MKCZBu6Xk2_Yt_V7NVk2_2vR2rfzCABLS9grjrLbtZF_i22sdzntqUmbw0l9 11011ms (cache miss)
npm http fetch GET 200 https://dl.cloudsmith.io/signed/vlt/benchmarks/npm/picomatch/4.0.7/picomatch-4.0.7.tgz?created=1791542060&expires=1791628460&source=t-PwLF9sWN2uK8&signature=gAAAAABqyMMsvy61EVHD5UAgqAtZdkw1echYZU1sBNGbFMHxK2NG2W584W6YOB7vmB42LcBurhmxfxyXTJ7bcIf0leZcqQ6LIzqK7m_12EKINxC8sc0-4OPKKV7WvDEVrb_BAbjQDLl9 11021ms (cache miss)
npm http fetch GET 200 https://dl.cloudsmith.io/signed/vlt/benchmarks/npm/jsdom/25.0.1/jsdom-25.0.1.tgz?created=1791542185&expires=1791628585&source=t-PwLF9sWN2uK8&signature=gAAAAABqyMOp2_UEmSXMqVx7cigDnkWa7fDjIiBQ79Di5AknpPSCDLyfeNWsLz2DLf5fYDRzdHbKB_5F-A-p3XcLlQzSriH8towvEGlHzaIf_4lmox4XJaVkV1cSgCAHNcnNYJHDlfj0 11034ms (cache miss)
npm http fetch GET 200 https://dl.cloudsmith.io/signed/vlt/benchmarks/npm/brace-expansion/2.1.7/brace-expansion-2.1.7.tgz?created=1791542185&expires=1791628585&source=t-PwLF9sWN2uK8&signature=gAAAAABqyMOpV1cANjrSw0i9Y-0LafXnn1vajLdO5sFvgRTvsEls3p-TXnD-urHS2LpUf-q-ojx4yJ0aNtM1B28hqrtp0vjnxCAZuh_r9uE80fXO1aVf67fry321Ki6Zx1TcMGDYBY2g 11046ms (cache miss)
npm http fetch GET 200 https://dl.cloudsmith.io/signed/vlt/benchmarks/npm/typescript/5.6.3/typescript-5.6.3.tgz?created=1791542185&expires=1791628585&source=t-PwLF9sWN2uK8&signature=gAAAAABqyMOpTzVFQEVzZf01GP1pOCmZgc6eOJKUfdJZAwyrQA-mjvyHwSJa_u4zstemenN5HA5wxPRqusfApOqDMMyATa_j1UkhZT5SyHdmojYO5qUhhUUmEB92hNolh52IzhDX7oUJ 11088ms (cache miss)
npm http fetch GET 200 https://dl.cloudsmith.io/signed/vlt/benchmarks/npm/eslint/9.39.5/eslint-9.39.5.tgz?created=1791542185&expires=1791628585&source=t-PwLF9sWN2uK8&signature=gAAAAABqyMOpNczzl4B5RRM8aLer1BVBwHIIhEfJcUww0L3F9RNGQxX3LFa9-BAT-zLbkWYOx1K_2UeSCnlWakTk59PO8kS9xtO2XFfvxhcDII5pGvIPYsDyUW-aGI9Wxt55OoDVxW2B 11104ms (cache miss)
npm http fetch GET 200 https://dl.cloudsmith.io/signed/vlt/benchmarks/npm/pathe/1.1.2/pathe-1.1.2.tgz?created=1791542186&expires=1791628586&source=t-PwLF9sWN2uK8&signature=gAAAAABqyMOqEoU__9xfuTDUMOuL-xiMsig-MPkzgZjJ61wMJwmfCI-YlajZx-pd5MEXRHKZOll6UHHt3El3TVUXBYvJ2mxt1Cmp2HKj04UnX4cIeovDzzx6baX9lWHnITLnobrjCIYh 11142ms (cache miss)
npm http fetch GET 200 https://dl.cloudsmith.io/signed/vlt/benchmarks/npm/fdir/6.5.0/fdir-6.5.0.tgz?created=1791542060&expires=1791628460&source=t-PwLF9sWN2uK8&signature=gAAAAABqyMMsgVnl9Z2htQZo_yGFD3twqChDpmNz3h2wRfrpTnwXRZjFl8lRbymQaeedDD5TxkEXmL9hG7Uf-uBhVHfOgfmKmLftDLS8lFj72eOdx_dAPOUBkTFBLJoKZAUHpNnHxhJ9 11152ms (cache miss)
npm http fetch GET 200 https://dl.cloudsmith.io/signed/vlt/benchmarks/npm/esbuild/0.21.5/esbuild-0.21.5.tgz?created=1791542185&expires=1791628585&source=t-PwLF9sWN2uK8&signature=gAAAAABqyMOpCMNmnAGoGibSofJxmAlXd8Txcm3AFfH6BiHubekK6Qlq3ab_8dwHwXtc2oH7zg6HjqoO68I7H74OZLRnC5zgBkdXLJJ77ln_abAIh8AMBjtpU1kG7L5Niswdoh9DCTXl 11157ms (cache miss)
npm http fetch GET 200 https://dl.cloudsmith.io/signed/vlt/benchmarks/npm/pathe/1.1.2/pathe-1.1.2.tgz?created=1791542186&expires=1791628586&source=t-PwLF9sWN2uK8&signature=gAAAAABqyMOqEoU__9xfuTDUMOuL-xiMsig-MPkzgZjJ61wMJwmfCI-YlajZx-pd5MEXRHKZOll6UHHt3El3TVUXBYvJ2mxt1Cmp2HKj04UnX4cIeovDzzx6baX9lWHnITLnobrjCIYh 11169ms (cache miss)
npm http fetch GET 200 https://dl.cloudsmith.io/signed/vlt/benchmarks/npm/estree-walker/3.0.3/estree-walker-3.0.3.tgz?created=1791542083&expires=1791628483&source=t-PwLF9sWN2uK8&signature=gAAAAABqyMNDtqhemSUG0iSZTWyIR1GMHO4IdNt7TLcaeDz0rviSLwtABHOvDkqMrwYi0VwtwtwFrVn414zhdpRKXsPuAQrpH8TK-e8bw_MwfsevSTavE_6zmZ_XMZ6ExwfQLgpWkebR 11177ms (cache miss)
npm http fetch GET 200 https://dl.cloudsmith.io/signed/vlt/benchmarks/npm/pathe/1.1.2/pathe-1.1.2.tgz?created=1791542186&expires=1791628586&source=t-PwLF9sWN2uK8&signature=gAAAAABqyMOqEoU__9xfuTDUMOuL-xiMsig-MPkzgZjJ61wMJwmfCI-YlajZx-pd5MEXRHKZOll6UHHt3El3TVUXBYvJ2mxt1Cmp2HKj04UnX4cIeovDzzx6baX9lWHnITLnobrjCIYh 11192ms (cache miss)
npm http fetch GET 200 https://dl.cloudsmith.io/signed/vlt/benchmarks/npm/entities/6.0.1/entities-6.0.1.tgz?created=1791542082&expires=1791628482&source=t-PwLF9sWN2uK8&signature=gAAAAABqyMNCjiOCTapHXuzGBnIgkgXdcPNUNgic-QHYmtemDeiVJedvAeSEn7m8uGIqQraUnzMqJaiJxAiW-rmiwaisAPJ3ycpzUvsBh0FhYGS3HTBadehyYwWFx2ufhXEfpOdfmSqT 11191ms (cache miss)
npm http fetch GET 200 https://dl.cloudsmith.io/signed/vlt/benchmarks/npm/pathe/1.1.2/pathe-1.1.2.tgz?created=1791542186&expires=1791628586&source=t-PwLF9sWN2uK8&signature=gAAAAABqyMOqEoU__9xfuTDUMOuL-xiMsig-MPkzgZjJ61wMJwmfCI-YlajZx-pd5MEXRHKZOll6UHHt3El3TVUXBYvJ2mxt1Cmp2HKj04UnX4cIeovDzzx6baX9lWHnITLnobrjCIYh 11195ms (cache miss)
npm http fetch GET 200 https://dl.cloudsmith.io/signed/vlt/benchmarks/npm/balanced-match/1.0.2/balanced-match-1.0.2.tgz?created=1791542185&expires=1791628585&source=t-PwLF9sWN2uK8&signature=gAAAAABqyMOpaMS4_WOclFzI1fUoUUBmFTYlwdJ6OrW-laOiNMwEl9JX2Prn54o-dNOdor7sK79PfG05GioxKiUIYk8TEpbOA9f5qQocLvzG5b0TzLyP1OjIAMOdpp7XYYNJdqm_wzNw 11208ms (cache miss)
npm http fetch GET 200 https://dl.cloudsmith.io/signed/vlt/benchmarks/npm/types/node/22.20.5/node-22.20.5.tgz?created=1791542185&expires=1791628585&source=t-PwLF9sWN2uK8&signature=gAAAAABqyMOp1W9dq-PVMiRpdll66StVeDggcJpQmz3sd0rsTPqWasKjRIfHp0EoqsOWEgC9z1PDIIPl8dN4aw4RQyTNOBzhy705cb35QHxkVTpHU2A1796W_fEJ8PvuIBfVshSoEdAY 11229ms (cache miss)
npm http fetch GET 200 https://dl.cloudsmith.io/signed/vlt/benchmarks/npm/brace-expansion/2.1.7/brace-expansion-2.1.7.tgz?created=1791542185&expires=1791628585&source=t-PwLF9sWN2uK8&signature=gAAAAABqyMOpV1cANjrSw0i9Y-0LafXnn1vajLdO5sFvgRTvsEls3p-TXnD-urHS2LpUf-q-ojx4yJ0aNtM1B28hqrtp0vjnxCAZuh_r9uE80fXO1aVf67fry321Ki6Zx1TcMGDYBY2g 11234ms (cache miss)
npm http fetch GET 200 https://dl.cloudsmith.io/signed/vlt/benchmarks/npm/balanced-match/1.0.2/balanced-match-1.0.2.tgz?created=1791542185&expires=1791628585&source=t-PwLF9sWN2uK8&signature=gAAAAABqyMOpaMS4_WOclFzI1fUoUUBmFTYlwdJ6OrW-laOiNMwEl9JX2Prn54o-dNOdor7sK79PfG05GioxKiUIYk8TEpbOA9f5qQocLvzG5b0TzLyP1OjIAMOdpp7XYYNJdqm_wzNw 11245ms (cache miss)
npm http fetch GET 200 https://dl.cloudsmith.io/signed/vlt/benchmarks/npm/ansi-styles/6.2.3/ansi-styles-6.2.3.tgz?created=1791542080&expires=1791628480&source=t-PwLF9sWN2uK8&signature=gAAAAABqyMNAZ7KKvDeHbKyvdV64wpdfJ47dAg8-a3NXiVbJkFdAXEwbko7TEq2a7kAbUlMg0GVByKeErWnRzKTW8K60MZ0S59kLT4RGsKk8gOuv_uxeVQnIFgWaWy2x9v5dFlGBg0y1 11244ms (cache miss)
npm http fetch GET 200 https://dl.cloudsmith.io/signed/vlt/benchmarks/npm/nanoid/5.1.16/nanoid-5.1.16.tgz?created=1791542186&expires=1791628586&source=t-PwLF9sWN2uK8&signature=gAAAAABqyMOqnTlz_KJWGxT3F_WlZoGROWa5ugwrHeasHi-qFZLiG31SbuXcviHMT1SJ5TjuOfQg_8_-D89-cVv2yqCp4-Zr1ZFvHAw8dRVYJ7vqnloz--e61wmWag_OdSRBNNFC3btX 11310ms (cache miss)
npm http fetch GET 200 https://dl.cloudsmith.io/signed/vlt/benchmarks/npm/path-key/4.0.0/path-key-4.0.0.tgz?created=1791542186&expires=1791628586&source=t-PwLF9sWN2uK8&signature=gAAAAABqyMOqKIA83CyI2AOFxxiLKQf25qQoTiGLMt-Pp5QMkIp_uNkXsce2GPVbUwFJirNXmat22huvQHjEjcECNkpQR_EqlQKVfsllLM5Mzxhu1xNOYzSzLkOGJdXmC6VcbwJbNEqs 11336ms (cache miss)
npm http fetch GET 200 https://dl.cloudsmith.io/signed/vlt/benchmarks/npm/balanced-match/1.0.2/balanced-match-1.0.2.tgz?created=1791542185&expires=1791628585&source=t-PwLF9sWN2uK8&signature=gAAAAABqyMOpaMS4_WOclFzI1fUoUUBmFTYlwdJ6OrW-laOiNMwEl9JX2Prn54o-dNOdor7sK79PfG05GioxKiUIYk8TEpbOA9f5qQocLvzG5b0TzLyP1OjIAMOdpp7XYYNJdqm_wzNw 11345ms (cache miss)
npm http fetch GET 200 https://dl.cloudsmith.io/signed/vlt/benchmarks/npm/eslint-visitor-keys/4.2.1/eslint-visitor-keys-4.2.1.tgz?created=1791542186&expires=1791628586&source=t-PwLF9sWN2uK8&signature=gAAAAABqyMOqw03jNHXilR4SQE91x0OE_HwSjAS8Xo0vgzprM7XUL-ePvccgf5QwtGCI1a62la22wUhTeXaBwvbXltgElfXAujGlQrbwAa-LjYGWSUmdxeOb561AZPAAwByfgjqZVfJZ 11353ms (cache miss)
npm http fetch GET 200 https://dl.cloudsmith.io/signed/vlt/benchmarks/npm/xml-name-validator/5.0.0/xml-name-validator-5.0.0.tgz?created=1791542186&expires=1791628586&source=t-PwLF9sWN2uK8&signature=gAAAAABqyMOqnw6xE9coDZFZ2x4W2S9lKmJsMFwtjK4iQzs85y-5StbslT2AeFKb1vH8Bw7QRr2kTxCLRGK3ZrR_3Nr2yXF1gN_ul_ZzfJHNdlv0_yJSThvCLy2j5GUtYpQ2jz7QucLH 11376ms (cache miss)
npm http fetch GET 200 https://dl.cloudsmith.io/signed/vlt/benchmarks/npm/minimatch/9.0.9/minimatch-9.0.9.tgz?created=1791542186&expires=1791628586&source=t-PwLF9sWN2uK8&signature=gAAAAABqyMOq4qfad7PigSsWpsvJplyKa2zH1EUTbnq3l7sz3Q885JSPWMBEJpN80VDakOjHmLIavzv4ZqFFwE2-RsE1waB5IzQyAfZzwFkIoeabVv3kgam_NFHGnhxMcvtcbNDrI-pp 11382ms (cache miss)
npm http fetch GET 200 https://dl.cloudsmith.io/signed/vlt/benchmarks/npm/esbuild/0.21.5/esbuild-0.21.5.tgz?created=1791542185&expires=1791628585&source=t-PwLF9sWN2uK8&signature=gAAAAABqyMOpCMNmnAGoGibSofJxmAlXd8Txcm3AFfH6BiHubekK6Qlq3ab_8dwHwXtc2oH7zg6HjqoO68I7H74OZLRnC5zgBkdXLJJ77ln_abAIh8AMBjtpU1kG7L5Niswdoh9DCTXl 11381ms (cache miss)
npm http fetch GET 200 https://dl.cloudsmith.io/signed/vlt/benchmarks/npm/balanced-match/1.0.2/balanced-match-1.0.2.tgz?created=1791542185&expires=1791628585&source=t-PwLF9sWN2uK8&signature=gAAAAABqyMOpaMS4_WOclFzI1fUoUUBmFTYlwdJ6OrW-laOiNMwEl9JX2Prn54o-dNOdor7sK79PfG05GioxKiUIYk8TEpbOA9f5qQocLvzG5b0TzLyP1OjIAMOdpp7XYYNJdqm_wzNw 11390ms (cache miss)
npm http fetch GET 200 https://dl.cloudsmith.io/signed/vlt/benchmarks/npm/ignore/7.0.12/ignore-7.0.12.tgz?created=1791542186&expires=1791628586&source=t-PwLF9sWN2uK8&signature=gAAAAABqyMOqYuO_WsqvMUqP-QqAxWMfPA5coTA0GDaQX4aAEaopIkU_5o6AK7aNhYsShyEDh0Ioa9JsxyxOhbqzOwyZpWE6PrNEsiEqg0Q4icDhT0ZEUSimhhgELnTNsLOzl1z1TIR2 11404ms (cache miss)
npm http fetch GET 200 https://dl.cloudsmith.io/signed/vlt/benchmarks/npm/rrweb-cssom/0.8.0/rrweb-cssom-0.8.0.tgz?created=1791542186&expires=1791628586&source=t-PwLF9sWN2uK8&signature=gAAAAABqyMOqn5f1pHmqowkx5TitANXI_CNYDqnaat85FFbjGs7dc7JVulbjFukVEbQMNg3N7hM6DDUkJWk8JlU89f7SgC8drBwnTfsU_8AVoLBHYME9nLEMYza7HYuIszPU9LJ8Ndr5 11428ms (cache miss)
npm http fetch GET 200 https://dl.cloudsmith.io/signed/vlt/benchmarks/npm/eslint-visitor-keys/4.2.1/eslint-visitor-keys-4.2.1.tgz?created=1791542186&expires=1791628586&source=t-PwLF9sWN2uK8&signature=gAAAAABqyMOqw03jNHXilR4SQE91x0OE_HwSjAS8Xo0vgzprM7XUL-ePvccgf5QwtGCI1a62la22wUhTeXaBwvbXltgElfXAujGlQrbwAa-LjYGWSUmdxeOb561AZPAAwByfgjqZVfJZ 11434ms (cache miss)
npm http fetch GET 200 https://dl.cloudsmith.io/signed/vlt/benchmarks/npm/vite/5.4.21/vite-5.4.21.tgz?created=1791542186&expires=1791628586&source=t-PwLF9sWN2uK8&signature=gAAAAABqyMOqGHuE5yJXgGW6VCfyBFcjGVRyAXo1cGDmho6jXN4nCuHjtNYC9SShl7d4ISOYE6vSrfpD11Zt9w-he6AnSP7bnx0NsTZFVo01k7GLSurhwrYkTGsD88IAG3shsThJgDiS 11453ms (cache miss)
npm http fetch GET 200 https://dl.cloudsmith.io/signed/vlt/benchmarks/npm/vite/5.4.21/vite-5.4.21.tgz?created=1791542186&expires=1791628586&source=t-PwLF9sWN2uK8&signature=gAAAAABqyMOqGHuE5yJXgGW6VCfyBFcjGVRyAXo1cGDmho6jXN4nCuHjtNYC9SShl7d4ISOYE6vSrfpD11Zt9w-he6AnSP7bnx0NsTZFVo01k7GLSurhwrYkTGsD88IAG3shsThJgDiS 11459ms (cache miss)
npm http fetch GET 200 https://dl.cloudsmith.io/signed/vlt/benchmarks/npm/brace-expansion/1.1.21/brace-expansion-1.1.21.tgz?created=1791542186&expires=1791628586&source=t-PwLF9sWN2uK8&signature=gAAAAABqyMOqi16Kl70lBbJjJSOdaOACLvkkdq479BlcbZmTaS46eUWeNlx5vsIlXbRaZ3dgEzX_DewSWeb4r7lleYjueFivj1giLHfRC4jaiyZRHy-A42lr1Bp1jQNfELpxHYWM5Hrg 11594ms (cache miss)
npm http fetch GET 200 https://dl.cloudsmith.io/signed/vlt/benchmarks/npm/esbuild/linux-arm64/0.21.5/linux-arm64-0.21.5.tgz?created=1791542185&expires=1791628585&source=t-PwLF9sWN2uK8&signature=gAAAAABqyMOpQVLNmTXayVitqVFyMIlDDYjfgpLWvXnYhfUp-BcIQ9TJxap2DTpZnR6UmIkdWF7LOT2LsfAczSdYEji4I77pO7EFFHcs2Dro44EULwo8UqKAIFjQiTNjnlh_ddxk6uHE 11620ms (cache miss)
npm http fetch GET 200 https://dl.cloudsmith.io/signed/vlt/benchmarks/npm/esbuild/linux-arm64/0.21.5/linux-arm64-0.21.5.tgz?created=1791542185&expires=1791628585&source=t-PwLF9sWN2uK8&signature=gAAAAABqyMOpQVLNmTXayVitqVFyMIlDDYjfgpLWvXnYhfUp-BcIQ9TJxap2DTpZnR6UmIkdWF7LOT2LsfAczSdYEji4I77pO7EFFHcs2Dro44EULwo8UqKAIFjQiTNjnlh_ddxk6uHE 11616ms (cache miss)
npm http fetch GET 200 https://dl.cloudsmith.io/signed/vlt/benchmarks/npm/picomatch/4.0.7/picomatch-4.0.7.tgz?created=1791542060&expires=1791628460&source=t-PwLF9sWN2uK8&signature=gAAAAABqyMMsvy61EVHD5UAgqAtZdkw1echYZU1sBNGbFMHxK2NG2W584W6YOB7vmB42LcBurhmxfxyXTJ7bcIf0leZcqQ6LIzqK7m_12EKINxC8sc0-4OPKKV7WvDEVrb_BAbjQDLl9 11615ms (cache miss)
npm http fetch GET 200 https://dl.cloudsmith.io/signed/vlt/benchmarks/npm/semver/6.3.1/semver-6.3.1.tgz?created=1791542186&expires=1791628586&source=t-PwLF9sWN2uK8&signature=gAAAAABqyMOqmvUYuhrhmrVC5Fk7fR2GJ6WpNcs7_QpqMA69_DdrVSgP8S3UFcU_b_HjssnIKqYa5XoOJYaEaawVORpZnClxmyCGzbXX-VU4fi74VvUGXnGv1UeWYBpLQYpppwdgUPHM 11631ms (cache miss)
npm http fetch GET 200 https://dl.cloudsmith.io/signed/vlt/benchmarks/npm/fdir/6.5.0/fdir-6.5.0.tgz?created=1791542060&expires=1791628460&source=t-PwLF9sWN2uK8&signature=gAAAAABqyMMsgVnl9Z2htQZo_yGFD3twqChDpmNz3h2wRfrpTnwXRZjFl8lRbymQaeedDD5TxkEXmL9hG7Uf-uBhVHfOgfmKmLftDLS8lFj72eOdx_dAPOUBkTFBLJoKZAUHpNnHxhJ9 11627ms (cache miss)
npm http fetch GET 200 https://dl.cloudsmith.io/signed/vlt/benchmarks/npm/xml-name-validator/5.0.0/xml-name-validator-5.0.0.tgz?created=1791542186&expires=1791628586&source=t-PwLF9sWN2uK8&signature=gAAAAABqyMOqnw6xE9coDZFZ2x4W2S9lKmJsMFwtjK4iQzs85y-5StbslT2AeFKb1vH8Bw7QRr2kTxCLRGK3ZrR_3Nr2yXF1gN_ul_ZzfJHNdlv0_yJSThvCLy2j5GUtYpQ2jz7QucLH 11643ms (cache miss)
npm http fetch GET 200 https://dl.cloudsmith.io/signed/vlt/benchmarks/npm/semver/6.3.1/semver-6.3.1.tgz?created=1791542186&expires=1791628586&source=t-PwLF9sWN2uK8&signature=gAAAAABqyMOqmvUYuhrhmrVC5Fk7fR2GJ6WpNcs7_QpqMA69_DdrVSgP8S3UFcU_b_HjssnIKqYa5XoOJYaEaawVORpZnClxmyCGzbXX-VU4fi74VvUGXnGv1UeWYBpLQYpppwdgUPHM 11670ms (cache miss)
npm http fetch GET 200 https://dl.cloudsmith.io/signed/vlt/benchmarks/npm/brace-expansion/1.1.21/brace-expansion-1.1.21.tgz?created=1791542186&expires=1791628586&source=t-PwLF9sWN2uK8&signature=gAAAAABqyMOqi16Kl70lBbJjJSOdaOACLvkkdq479BlcbZmTaS46eUWeNlx5vsIlXbRaZ3dgEzX_DewSWeb4r7lleYjueFivj1giLHfRC4jaiyZRHy-A42lr1Bp1jQNfELpxHYWM5Hrg 11710ms (cache miss)
npm http fetch GET 200 https://dl.cloudsmith.io/signed/vlt/benchmarks/npm/minimatch/3.1.5/minimatch-3.1.5.tgz?created=1791542186&expires=1791628586&source=t-PwLF9sWN2uK8&signature=gAAAAABqyMOqnM0xIV-zrykAkxuJc1bnyxGA3aquQMndhJYRIYxP4SghyNdwjixjijFHzVPCI1bI6N500R9sInB9C7RUUtBMCQXLJKuIdM_R4hHKXlqC51wzjLFC-PAyfetFn2IZg4Ls 11730ms (cache miss)
npm http fetch GET 200 https://dl.cloudsmith.io/signed/vlt/benchmarks/npm/glob-parent/5.1.2/glob-parent-5.1.2.tgz?created=1791542186&expires=1791628586&source=t-PwLF9sWN2uK8&signature=gAAAAABqyMOqYgYQ5LYXWcjRyMvKhRnjovwhy6mV_YgWqfZE42BQdSTtzCeAL4ZAopy0IyHMgNWvHLSGcwziEPm07uoUH8paUEJF1E4qc5rp-GO-RnhCaoviOgF24tLsLICd7dV106Qg 11736ms (cache miss)
npm http fetch GET 200 https://dl.cloudsmith.io/signed/vlt/benchmarks/npm/eslint-visitor-keys/5.0.1/eslint-visitor-keys-5.0.1.tgz?created=1791542186&expires=1791628586&source=t-PwLF9sWN2uK8&signature=gAAAAABqyMOq8I40LytYgv57SKsOZv-QAq01sXZgjqOy0SBFQ0rSmLB6I0NN-LZylhLJgGC9BrPJm7kXE2yM2xzNmIabG_SjZvY1MxAFUhvPbcPeeOsBq6b3xKNuBgz4Kf0erCPzRvcD 11737ms (cache miss)
npm http fetch GET 200 https://dl.cloudsmith.io/signed/vlt/benchmarks/npm/minimatch/9.0.9/minimatch-9.0.9.tgz?created=1791542186&expires=1791628586&source=t-PwLF9sWN2uK8&signature=gAAAAABqyMOq4qfad7PigSsWpsvJplyKa2zH1EUTbnq3l7sz3Q885JSPWMBEJpN80VDakOjHmLIavzv4ZqFFwE2-RsE1waB5IzQyAfZzwFkIoeabVv3kgam_NFHGnhxMcvtcbNDrI-pp 11740ms (cache miss)
npm http fetch GET 200 https://dl.cloudsmith.io/signed/vlt/benchmarks/npm/brace-expansion/1.1.21/brace-expansion-1.1.21.tgz?created=1791542186&expires=1791628586&source=t-PwLF9sWN2uK8&signature=gAAAAABqyMOqi16Kl70lBbJjJSOdaOACLvkkdq479BlcbZmTaS46eUWeNlx5vsIlXbRaZ3dgEzX_DewSWeb4r7lleYjueFivj1giLHfRC4jaiyZRHy-A42lr1Bp1jQNfELpxHYWM5Hrg 11745ms (cache miss)
npm http fetch GET 200 https://dl.cloudsmith.io/signed/vlt/benchmarks/npm/lru-cache/10.4.3/lru-cache-10.4.3.tgz?created=1791542186&expires=1791628586&source=t-PwLF9sWN2uK8&signature=gAAAAABqyMOqnLJZw79IlyQBY89HgZU4lLQECSDpW3P1ndlWNfayPhGGePI0XyxZtg1gUvd7fU9IihTMT8_izWE8nXo_ATa2T89eGP44EyEECobqpfXL72glBPT-52BEWW2mF6x2WGnw 11776ms (cache miss)
npm http fetch GET 200 https://dl.cloudsmith.io/signed/vlt/benchmarks/npm/minimatch/3.1.5/minimatch-3.1.5.tgz?created=1791542186&expires=1791628586&source=t-PwLF9sWN2uK8&signature=gAAAAABqyMOqnM0xIV-zrykAkxuJc1bnyxGA3aquQMndhJYRIYxP4SghyNdwjixjijFHzVPCI1bI6N500R9sInB9C7RUUtBMCQXLJKuIdM_R4hHKXlqC51wzjLFC-PAyfetFn2IZg4Ls 11780ms (cache miss)
npm http fetch GET 200 https://dl.cloudsmith.io/signed/vlt/benchmarks/npm/semver/6.3.1/semver-6.3.1.tgz?created=1791542186&expires=1791628586&source=t-PwLF9sWN2uK8&signature=gAAAAABqyMOqmvUYuhrhmrVC5Fk7fR2GJ6WpNcs7_QpqMA69_DdrVSgP8S3UFcU_b_HjssnIKqYa5XoOJYaEaawVORpZnClxmyCGzbXX-VU4fi74VvUGXnGv1UeWYBpLQYpppwdgUPHM 11787ms (cache miss)
npm http fetch GET 200 https://dl.cloudsmith.io/signed/vlt/benchmarks/npm/minimatch/3.1.5/minimatch-3.1.5.tgz?created=1791542186&expires=1791628586&source=t-PwLF9sWN2uK8&signature=gAAAAABqyMOqnM0xIV-zrykAkxuJc1bnyxGA3aquQMndhJYRIYxP4SghyNdwjixjijFHzVPCI1bI6N500R9sInB9C7RUUtBMCQXLJKuIdM_R4hHKXlqC51wzjLFC-PAyfetFn2IZg4Ls 11818ms (cache miss)
npm http fetch GET 200 https://dl.cloudsmith.io/signed/vlt/benchmarks/npm/isexe/3.1.5/isexe-3.1.5.tgz?created=1791542186&expires=1791628586&source=t-PwLF9sWN2uK8&signature=gAAAAABqyMOqsssrPeCJeTmxsbkkk_KDTbDOxx_jcrvt367jGa_-wIDHJGuxkLsInhks8lRcLcz2TbaD7ufs7ZAGjUm-xMghs1liTqaauoTJ78dYeM_U8ZhAblXp88Ty6WPxIR4EPDxf 11836ms (cache miss)
npm http fetch GET 200 https://dl.cloudsmith.io/signed/vlt/benchmarks/npm/eslint-visitor-keys/5.0.1/eslint-visitor-keys-5.0.1.tgz?created=1791542186&expires=1791628586&source=t-PwLF9sWN2uK8&signature=gAAAAABqyMOq8I40LytYgv57SKsOZv-QAq01sXZgjqOy0SBFQ0rSmLB6I0NN-LZylhLJgGC9BrPJm7kXE2yM2xzNmIabG_SjZvY1MxAFUhvPbcPeeOsBq6b3xKNuBgz4Kf0erCPzRvcD 11986ms (cache miss)
npm http fetch GET 200 https://dl.cloudsmith.io/signed/vlt/benchmarks/npm/vitest/mocker/2.1.9/mocker-2.1.9.tgz?created=1791542186&expires=1791628586&source=t-PwLF9sWN2uK8&signature=gAAAAABqyMOqNWnrbQvZQvy5uHAVDgqXOv4DoIJkL2TddYWr_GtOa_6QY3RSF-kSHNGaIlpNerfgpQt6znCBgrDizZH7eOaFpsrNWdcKbopWhT_V1VAeEokCcUAOAgrDNFFL2f63dY7N 12049ms (cache miss)
npm http fetch GET 200 https://dl.cloudsmith.io/signed/vlt/benchmarks/npm/which/5.0.0/which-5.0.0.tgz?created=1791542186&expires=1791628586&source=t-PwLF9sWN2uK8&signature=gAAAAABqyMOqQy10Ev2fmiPVxlT6BfJ5MFLgR9fVRVLLhAl3xjmLTVyw-ijLjIGZSwNqP2_cXnKx4oGJZ4tupujUWFSdsFkx50pgBPQ22py-r6FQilhsWjdbDKynV-VUfgz_L03pLlr0 12051ms (cache miss)
npm http fetch GET 200 https://dl.cloudsmith.io/signed/vlt/benchmarks/npm/globals/17.13.0/globals-17.13.0.tgz?created=1791542186&expires=1791628586&source=t-PwLF9sWN2uK8&signature=gAAAAABqyMOqKDsdJc7GgOCxz8y0Rc_MKJ7LFhSmF6Dy-yAXdLdsRtasvUd-mey2yLMeV262JTdkvCy8__7MQxjj2Axm6sa3TiSu-0GfkjklSEoYIsIe_mi7yNvIlXWXTq6dMflIH6Vu 12095ms (cache miss)
npm http fetch GET 200 https://dl.cloudsmith.io/signed/vlt/benchmarks/npm/eslint-scope/7.2.2/eslint-scope-7.2.2.tgz?created=1791542186&expires=1791628586&source=t-PwLF9sWN2uK8&signature=gAAAAABqyMOq6230A_xWJ-ZvwL5FODMNsBAreXFXN21uXS-GIF5q9ut8XaDpDWrdFbc0_unhpoRu0KEsMz1QTNPA92rQjMNwDz53Yqpourp7zCKSvVApiLGvC2fcUd34iI3Plyaz1yxq 12120ms (cache miss)
npm http fetch GET 200 https://dl.cloudsmith.io/signed/vlt/benchmarks/npm/espree/9.6.1/espree-9.6.1.tgz?created=1791542186&expires=1791628586&source=t-PwLF9sWN2uK8&signature=gAAAAABqyMOqmf9bHPsw0pPbI0vJhY9Td7WaS9TCyGYFXBIznpAhw8u7icwwCewjyRE3msbLaW87OfrcxxqggR2LSLMA4mG0L_vaNrfqHT0GViJ5Djfn_aIPPtjjjIMWBETl3rWie8CV 12152ms (cache miss)
npm http fetch GET 200 https://dl.cloudsmith.io/signed/vlt/benchmarks/npm/globals/13.24.0/globals-13.24.0.tgz?created=1791542186&expires=1791628586&source=t-PwLF9sWN2uK8&signature=gAAAAABqyMOqqZ7a-3cMdINBevQewaGbl5-ijAnPgnSnFquwmlfVPD1Z-SmXnTPMCsfcWKzGQwRcCGyEwQnrv8u29I6NhtL5oHb7Hi3hRldkbQdsbbUiD2KTAFIQ8ufpppHV5Wapjqvv 12154ms (cache miss)
npm http fetch GET 200 https://dl.cloudsmith.io/signed/vlt/benchmarks/npm/vue-eslint-parser/9.4.3/vue-eslint-parser-9.4.3.tgz?created=1791542186&expires=1791628586&source=t-PwLF9sWN2uK8&signature=gAAAAABqyMOqv8tv4NklJpLIj-JfmeDy9lwQGoIHZNNXyJWoRQ-48lSiWvsbsLCANKzONpdg8kSfTLjhSV3eorCBhc_8QN7BuXic-VRl9c85dt83GELhZNtcOVMCIm7SoeL0nqbc7Gje 12269ms (cache miss)

added 454 packages in 1m
