npm http fetch GET 200 https://registry.vlt.io/vlt/npm/pinia 176ms (cache miss)
npm http fetch GET 200 https://registry.vlt.io/vlt/npm/typescript 155ms (cache miss)
npm http fetch GET 200 https://registry.vlt.io/vlt/npm/vue 139ms (cache miss)
npm http fetch GET 200 https://registry.vlt.io/vlt/npm/vue-router 137ms (cache miss)
npm http fetch GET 200 https://registry.vlt.io/vlt/npm/@playwright%2ftest 130ms (cache miss)
npm http fetch GET 200 https://registry.vlt.io/vlt/npm/@tsconfig%2fnode22 133ms (cache miss)
npm http fetch GET 200 https://registry.vlt.io/vlt/npm/@types%2fjsdom 131ms (cache miss)
npm http fetch GET 200 https://registry.vlt.io/vlt/npm/@types%2fnode 140ms (cache miss)
npm http fetch GET 200 https://registry.vlt.io/vlt/npm/@vitejs%2fplugin-vue 124ms (cache miss)
npm http fetch GET 200 https://registry.vlt.io/vlt/npm/vite 131ms (cache miss)
npm http fetch GET 200 https://registry.vlt.io/vlt/npm/jiti 118ms (cache miss)
npm http fetch GET 200 https://registry.vlt.io/vlt/npm/less 130ms (cache miss)
npm http fetch GET 200 https://registry.vlt.io/vlt/npm/lightningcss 129ms (cache miss)
npm http fetch GET 200 https://registry.vlt.io/vlt/npm/sass 135ms (cache miss)
npm http fetch GET 200 https://registry.vlt.io/vlt/npm/sass-embedded 134ms (cache miss)
npm http fetch GET 200 https://registry.vlt.io/vlt/npm/stylus 120ms (cache miss)
npm http fetch GET 200 https://registry.vlt.io/vlt/npm/sugarss 137ms (cache miss)
npm http fetch GET 200 https://registry.vlt.io/vlt/npm/postcss 144ms (cache miss)
npm http fetch GET 200 https://registry.vlt.io/vlt/npm/terser 141ms (cache miss)
npm http fetch GET 200 https://registry.vlt.io/vlt/npm/tsx 126ms (cache miss)
npm http fetch GET 200 https://registry.vlt.io/vlt/npm/yaml 135ms (cache miss)
npm http fetch GET 200 https://registry.vlt.io/vlt/npm/@vitejs%2fplugin-vue-jsx 139ms (cache miss)
npm http fetch GET 200 https://registry.vlt.io/vlt/npm/@vitest%2feslint-plugin 124ms (cache miss)
npm http fetch GET 200 https://registry.vlt.io/vlt/npm/@typescript-eslint%2futils 132ms (cache miss)
npm http fetch GET 200 https://registry.vlt.io/vlt/npm/eslint 143ms (cache miss)
npm http fetch GET 200 https://registry.vlt.io/vlt/npm/jiti 143ms (cache revalidated)
npm http fetch GET 200 https://registry.vlt.io/vlt/npm/vitest 146ms (cache miss)
npm http fetch GET 200 https://registry.vlt.io/vlt/npm/@edge-runtime%2fvm 154ms (cache miss)
npm http fetch GET 200 https://registry.vlt.io/vlt/npm/@vitest%2fbrowser 134ms (cache miss)
npm http fetch GET 200 https://registry.vlt.io/vlt/npm/playwright 188ms (cache miss)
npm http fetch GET 200 https://registry.vlt.io/vlt/npm/webdriverio 151ms (cache miss)
npm http fetch GET 200 https://registry.vlt.io/vlt/npm/puppeteer-core 148ms (cache miss)
npm http fetch GET 200 https://registry.vlt.io/vlt/npm/@vitest%2fui 170ms (cache miss)
npm http fetch GET 200 https://registry.vlt.io/vlt/npm/happy-dom 154ms (cache miss)
npm http fetch GET 200 https://registry.vlt.io/vlt/npm/jsdom 163ms (cache miss)
npm http fetch GET 200 https://registry.vlt.io/vlt/npm/canvas 141ms (cache miss)
npm http fetch GET 200 https://registry.vlt.io/vlt/npm/@vue%2feslint-config-prettier 457ms (cache miss)
npm http fetch GET 200 https://registry.vlt.io/vlt/npm/prettier 119ms (cache miss)
npm http fetch GET 200 https://registry.vlt.io/vlt/npm/@vue%2feslint-config-typescript 139ms (cache miss)
npm http fetch GET 200 https://registry.vlt.io/vlt/npm/eslint-plugin-vue 156ms (cache miss)
npm http fetch GET 200 https://registry.vlt.io/vlt/npm/@vue%2ftest-utils 142ms (cache miss)
npm http fetch GET 200 https://registry.vlt.io/vlt/npm/@vue%2fcompiler-dom 138ms (cache miss)
npm http fetch GET 200 https://registry.vlt.io/vlt/npm/@vue%2fserver-renderer 127ms (cache miss)
npm http fetch GET 200 https://registry.vlt.io/vlt/npm/@vue%2ftsconfig 134ms (cache miss)
npm http fetch GET 200 https://registry.vlt.io/vlt/npm/eslint-plugin-playwright 166ms (cache miss)
npm http fetch GET 200 https://registry.vlt.io/vlt/npm/npm-run-all2 119ms (cache miss)
npm http fetch GET 200 https://registry.vlt.io/vlt/npm/vite-plugin-vue-devtools 128ms (cache miss)
npm http fetch GET 200 https://registry.vlt.io/vlt/npm/vue-tsc 134ms (cache miss)
npm http fetch GET 200 https://registry.vlt.io/vlt/npm/parse5 127ms (cache miss)
npm http fetch GET 200 https://registry.vlt.io/vlt/npm/@types%2fnode 154ms (cache revalidated)
npm http fetch GET 200 https://registry.vlt.io/vlt/npm/playwright 166ms (cache revalidated)
npm http fetch GET 200 https://registry.vlt.io/vlt/npm/@types%2ftough-cookie 130ms (cache miss)
npm http fetch GET 200 https://registry.vlt.io/vlt/npm/undici-types 124ms (cache miss)
npm http fetch GET 200 https://registry.vlt.io/vlt/npm/fdir 121ms (cache miss)
npm http fetch GET 200 https://registry.vlt.io/vlt/npm/rollup 135ms (cache miss)
npm http fetch GET 200 https://registry.vlt.io/vlt/npm/esbuild 137ms (cache miss)
npm http fetch GET 200 https://registry.vlt.io/vlt/npm/postcss 130ms (cache revalidated)
npm http fetch GET 200 https://registry.vlt.io/vlt/npm/picomatch 117ms (cache miss)
npm http fetch GET 200 https://registry.vlt.io/vlt/npm/fsevents 114ms (cache miss)
npm http fetch GET 200 https://registry.vlt.io/vlt/npm/tinyglobby 142ms (cache miss)
npm http fetch GET 200 https://registry.vlt.io/vlt/npm/@vue%2fshared 120ms (cache miss)
npm http fetch GET 200 https://registry.vlt.io/vlt/npm/@vue%2fruntime-dom 138ms (cache miss)
npm http fetch GET 200 https://registry.vlt.io/vlt/npm/@vue%2fcompiler-dom 126ms (cache revalidated)
npm http fetch GET 200 https://registry.vlt.io/vlt/npm/@vue%2fcompiler-sfc 132ms (cache miss)
npm http fetch GET 200 https://registry.vlt.io/vlt/npm/@vue%2fserver-renderer 108ms (cache revalidated)
npm http fetch GET 200 https://registry.vlt.io/vlt/npm/@babel%2fcore 112ms (cache miss)
npm http fetch GET 200 https://registry.vlt.io/vlt/npm/@rolldown%2fpluginutils 126ms (cache miss)
npm http fetch GET 200 https://registry.vlt.io/vlt/npm/@vue%2fbabel-plugin-jsx 125ms (cache miss)
npm http fetch GET 200 https://registry.vlt.io/vlt/npm/@babel%2fplugin-transform-typescript 130ms (cache miss)
npm http fetch GET 200 https://registry.vlt.io/vlt/npm/@eslint-community%2feslint-utils 121ms (cache miss)
npm http fetch GET 200 https://registry.vlt.io/vlt/npm/@typescript-eslint%2ftypes 145ms (cache miss)
npm http fetch GET 200 https://registry.vlt.io/vlt/npm/@typescript-eslint%2fscope-manager 149ms (cache miss)
npm http fetch GET 200 https://registry.vlt.io/vlt/npm/ajv 127ms (cache miss)
npm http fetch GET 200 https://registry.vlt.io/vlt/npm/@typescript-eslint%2ftypescript-estree 170ms (cache miss)
npm http fetch GET 200 https://registry.vlt.io/vlt/npm/chalk 151ms (cache miss)
npm http fetch GET 200 https://registry.vlt.io/vlt/npm/debug 109ms (cache miss)
npm http fetch GET 200 https://registry.vlt.io/vlt/npm/espree 125ms (cache miss)
npm http fetch GET 200 https://registry.vlt.io/vlt/npm/ignore 159ms (cache miss)
npm http fetch GET 200 https://registry.vlt.io/vlt/npm/esquery 134ms (cache miss)
npm http fetch GET 200 https://registry.vlt.io/vlt/npm/esutils 120ms (cache miss)
npm http fetch GET 200 https://registry.vlt.io/vlt/npm/find-up 113ms (cache miss)
npm http fetch GET 200 https://registry.vlt.io/vlt/npm/is-glob 113ms (cache miss)
npm http fetch GET 200 https://registry.vlt.io/vlt/npm/minimatch 118ms (cache miss)
npm http fetch GET 200 https://registry.vlt.io/vlt/npm/@eslint%2fjs 122ms (cache miss)
npm http fetch GET 200 https://registry.vlt.io/vlt/npm/optionator 116ms (cache miss)
npm http fetch GET 200 https://registry.vlt.io/vlt/npm/cross-spawn 123ms (cache miss)
npm http fetch GET 200 https://registry.vlt.io/vlt/npm/glob-parent 123ms (cache miss)
npm http fetch GET 200 https://registry.vlt.io/vlt/npm/imurmurhash 111ms (cache miss)
npm http fetch GET 200 https://registry.vlt.io/vlt/npm/@eslint%2fcore 127ms (cache miss)
npm http fetch GET 200 https://registry.vlt.io/vlt/npm/eslint-scope 145ms (cache miss)
npm http fetch GET 200 https://registry.vlt.io/vlt/npm/lodash.merge 155ms (cache miss)
npm http fetch GET 200 https://registry.vlt.io/vlt/npm/@humanfs%2fnode 146ms (cache miss)
npm http fetch GET 200 https://registry.vlt.io/vlt/npm/@types%2festree 127ms (cache miss)
npm http fetch GET 200 https://registry.vlt.io/vlt/npm/fast-deep-equal 114ms (cache miss)
npm http fetch GET 200 https://registry.vlt.io/vlt/npm/natural-compare 135ms (cache miss)
npm http fetch GET 200 https://registry.vlt.io/vlt/npm/@eslint%2feslintrc 112ms (cache miss)
npm http fetch GET 200 https://registry.vlt.io/vlt/npm/file-entry-cache 119ms (cache miss)
npm http fetch GET 200 https://registry.vlt.io/vlt/npm/@eslint%2fplugin-kit 117ms (cache miss)
npm http fetch GET 200 https://registry.vlt.io/vlt/npm/eslint-visitor-keys 140ms (cache miss)
npm http fetch GET 200 https://registry.vlt.io/vlt/npm/@eslint%2fconfig-array 132ms (cache miss)
npm http fetch GET 200 https://registry.vlt.io/vlt/npm/@humanwhocodes%2fretry 126ms (cache miss)
npm http fetch GET 200 https://registry.vlt.io/vlt/npm/escape-string-regexp 114ms (cache miss)
npm http fetch GET 200 https://registry.vlt.io/vlt/npm/@eslint%2fconfig-helpers 127ms (cache miss)
npm http fetch GET 200 https://registry.vlt.io/vlt/npm/@eslint-community%2fregexpp 132ms (cache miss)
npm http fetch GET 200 https://registry.vlt.io/vlt/npm/@eslint-community%2feslint-utils 118ms (cache revalidated)
npm http fetch GET 200 https://registry.vlt.io/vlt/npm/@humanwhocodes%2fmodule-importer 121ms (cache miss)
npm http fetch GET 200 https://registry.vlt.io/vlt/npm/json-stable-stringify-without-jsonify 128ms (cache miss)
npm http fetch GET 200 https://registry.vlt.io/vlt/npm/eslint-config-prettier 138ms (cache miss)
npm http fetch GET 200 https://registry.vlt.io/vlt/npm/eslint-plugin-prettier 124ms (cache miss)
npm http fetch GET 200 https://registry.vlt.io/vlt/npm/fast-glob 116ms (cache miss)
npm http fetch GET 200 https://registry.vlt.io/vlt/npm/vue-eslint-parser 127ms (cache miss)
npm http fetch GET 200 https://registry.vlt.io/vlt/npm/typescript-eslint 139ms (cache miss)
npm http fetch GET 200 https://registry.vlt.io/vlt/npm/semver 124ms (cache miss)
npm http fetch GET 200 https://registry.vlt.io/vlt/npm/globals 118ms (cache miss)
npm http fetch GET 200 https://registry.vlt.io/vlt/npm/nth-check 124ms (cache miss)
npm http fetch GET 200 https://registry.vlt.io/vlt/npm/vue-eslint-parser 125ms (cache revalidated)
npm http fetch GET 200 https://registry.vlt.io/vlt/npm/xml-name-validator 122ms (cache miss)
npm http fetch GET 200 https://registry.vlt.io/vlt/npm/postcss-selector-parser 123ms (cache miss)
npm http fetch GET 200 https://registry.vlt.io/vlt/npm/js-beautify 115ms (cache miss)
npm http fetch GET 200 https://registry.vlt.io/vlt/npm/vue-component-type-helpers 119ms (cache miss)
npm http fetch GET 200 https://registry.vlt.io/vlt/npm/@vue%2fcompiler-core 148ms (cache miss)
npm http fetch GET 200 https://registry.vlt.io/vlt/npm/globals 131ms (cache revalidated)
npm http fetch GET 200 https://registry.vlt.io/vlt/npm/ws 121ms (cache miss)
npm http fetch GET 200 https://registry.vlt.io/vlt/npm/saxes 130ms (cache miss)
npm http fetch GET 200 https://registry.vlt.io/vlt/npm/nwsapi 133ms (cache miss)
npm http fetch GET 200 https://registry.vlt.io/vlt/npm/parse5 128ms (cache revalidated)
npm http fetch GET 200 https://registry.vlt.io/vlt/npm/cssstyle 122ms (cache miss)
npm http fetch GET 200 https://registry.vlt.io/vlt/npm/data-urls 135ms (cache miss)
npm http fetch GET 200 https://registry.vlt.io/vlt/npm/form-data 125ms (cache miss)
npm http fetch GET 200 https://registry.vlt.io/vlt/npm/decimal.js 126ms (cache miss)
npm http fetch GET 200 https://registry.vlt.io/vlt/npm/rrweb-cssom 115ms (cache miss)
npm http fetch GET 200 https://registry.vlt.io/vlt/npm/whatwg-url 130ms (cache miss)
npm http fetch GET 200 https://registry.vlt.io/vlt/npm/symbol-tree 122ms (cache miss)
npm http fetch GET 200 https://registry.vlt.io/vlt/npm/tough-cookie 127ms (cache miss)
npm http fetch GET 200 https://registry.vlt.io/vlt/npm/whatwg-encoding 132ms (cache miss)
npm http fetch GET 200 https://registry.vlt.io/vlt/npm/whatwg-mimetype 125ms (cache miss)
npm http fetch GET 200 https://registry.vlt.io/vlt/npm/http-proxy-agent 135ms (cache miss)
npm http fetch GET 200 https://registry.vlt.io/vlt/npm/https-proxy-agent 139ms (cache miss)
npm http fetch GET 200 https://registry.vlt.io/vlt/npm/w3c-xmlserializer 125ms (cache miss)
npm http fetch GET 200 https://registry.vlt.io/vlt/npm/xml-name-validator 113ms (cache revalidated)
npm http fetch GET 200 https://registry.vlt.io/vlt/npm/webidl-conversions 136ms (cache miss)
npm http fetch GET 200 https://registry.vlt.io/vlt/npm/html-encoding-sniffer 137ms (cache miss)
npm http fetch GET 200 https://registry.vlt.io/vlt/npm/is-potential-custom-element-name 122ms (cache miss)
npm http fetch GET 200 https://registry.vlt.io/vlt/npm/which 146ms (cache miss)
npm http fetch GET 200 https://registry.vlt.io/vlt/npm/pidtree 139ms (cache miss)
npm http fetch GET 200 https://registry.vlt.io/vlt/npm/minimatch 121ms (cache revalidated)
npm http fetch GET 200 https://registry.vlt.io/vlt/npm/ansi-styles 112ms (cache miss)
npm http fetch GET 200 https://registry.vlt.io/vlt/npm/shell-quote 132ms (cache miss)
npm http fetch GET 200 https://registry.vlt.io/vlt/npm/memorystream 138ms (cache miss)
npm http fetch GET 200 https://registry.vlt.io/vlt/npm/read-package-json-fast 138ms (cache miss)
npm http fetch GET 200 https://registry.vlt.io/vlt/npm/vue-demi 119ms (cache miss)
npm http fetch GET 200 https://registry.vlt.io/vlt/npm/@vue%2fdevtools-api 127ms (cache miss)
npm http fetch GET 200 https://registry.vlt.io/vlt/npm/sirv 127ms (cache miss)
npm http fetch GET 200 https://registry.vlt.io/vlt/npm/execa 123ms (cache miss)
npm http fetch GET 200 https://registry.vlt.io/vlt/npm/@vue%2fdevtools-kit 137ms (cache miss)
npm http fetch GET 200 https://registry.vlt.io/vlt/npm/@vue%2fdevtools-core 132ms (cache miss)
npm http fetch GET 200 https://registry.vlt.io/vlt/npm/vite-plugin-inspect 126ms (cache miss)
npm http fetch GET 200 https://registry.vlt.io/vlt/npm/@vue%2fdevtools-shared 120ms (cache miss)
npm http fetch GET 200 https://registry.vlt.io/vlt/npm/vite-plugin-vue-inspector 137ms (cache miss)
npm http fetch GET 200 https://registry.vlt.io/vlt/npm/chai 156ms (cache miss)
npm http fetch GET 200 https://registry.vlt.io/vlt/npm/vite 193ms (cache revalidated)
npm http fetch GET 200 https://registry.vlt.io/vlt/npm/debug 268ms (cache revalidated)
npm http fetch GET 200 https://registry.vlt.io/vlt/npm/pathe 281ms (cache miss)
npm http fetch GET 200 https://registry.vlt.io/vlt/npm/std-env 192ms (cache miss)
npm http fetch GET 200 https://registry.vlt.io/vlt/npm/tinyexec 122ms (cache miss)
npm http fetch GET 200 https://registry.vlt.io/vlt/npm/tinypool 131ms (cache miss)
npm http fetch GET 200 https://registry.vlt.io/vlt/npm/tinybench 123ms (cache miss)
npm http fetch GET 200 https://registry.vlt.io/vlt/npm/vite-node 124ms (cache miss)
npm http fetch GET 200 https://registry.vlt.io/vlt/npm/@vitest%2fspy 127ms (cache miss)
npm http fetch GET 200 https://registry.vlt.io/vlt/npm/expect-type 130ms (cache miss)
npm http fetch GET 200 https://registry.vlt.io/vlt/npm/tinyrainbow 131ms (cache miss)
npm http fetch GET 200 https://registry.vlt.io/vlt/npm/magic-string 123ms (cache miss)
npm http fetch GET 200 https://registry.vlt.io/vlt/npm/@vitest%2futils 136ms (cache miss)
npm http fetch GET 200 https://registry.vlt.io/vlt/npm/@vitest%2fexpect 136ms (cache miss)
npm http fetch GET 200 https://registry.vlt.io/vlt/npm/@vitest%2fmocker 125ms (cache miss)
npm http fetch GET 200 https://registry.vlt.io/vlt/npm/@vitest%2frunner 128ms (cache miss)
npm http fetch GET 200 https://registry.vlt.io/vlt/npm/@vitest%2fsnapshot 126ms (cache miss)
npm http fetch GET 200 https://registry.vlt.io/vlt/npm/why-is-node-running 139ms (cache miss)
npm http fetch GET 200 https://registry.vlt.io/vlt/npm/@vitest%2fpretty-format 124ms (cache miss)
npm http fetch GET 200 https://registry.vlt.io/vlt/npm/@vue%2fdevtools-api 110ms (cache revalidated)
npm http fetch GET 200 https://registry.vlt.io/vlt/npm/@volar%2ftypescript 138ms (cache miss)
npm http fetch GET 200 https://registry.vlt.io/vlt/npm/@vue%2flanguage-core 126ms (cache miss)
npm http fetch GET 200 https://registry.vlt.io/vlt/npm/fsevents 115ms (cache revalidated)
npm http fetch GET 200 https://registry.vlt.io/vlt/npm/playwright-core 157ms (cache miss)
npm http fetch GET 200 https://registry.vlt.io/vlt/npm/entities 115ms (cache miss)
npm http fetch GET 200 https://registry.vlt.io/vlt/npm/eslint 114ms (cache revalidated)
npm http fetch GET 200 https://registry.vlt.io/vlt/npm/typescript 126ms (cache revalidated)
npm http fetch GET 200 https://registry.vlt.io/vlt/npm/semver 128ms (cache revalidated)
npm http fetch GET 200 https://registry.vlt.io/vlt/npm/eslint-visitor-keys 134ms (cache revalidated)
npm http fetch GET 200 https://registry.vlt.io/vlt/npm/@typescript-eslint%2fvisitor-keys 182ms (cache miss)
npm http fetch GET 200 https://registry.vlt.io/vlt/npm/tinyglobby 118ms (cache revalidated)
npm http fetch GET 200 https://registry.vlt.io/vlt/npm/ts-api-utils 121ms (cache miss)
npm http fetch GET 200 https://registry.vlt.io/vlt/npm/@typescript-eslint%2ftsconfig-utils 121ms (cache miss)
npm http fetch GET 200 https://registry.vlt.io/vlt/npm/@typescript-eslint%2fproject-service 126ms (cache miss)
npm http fetch GET 200 https://registry.vlt.io/vlt/npm/@typescript-eslint%2ftsconfig-utils 135ms (cache revalidated)
npm http fetch GET 200 https://registry.vlt.io/vlt/npm/ms 141ms (cache miss)
npm http fetch GET 200 https://registry.vlt.io/vlt/npm/brace-expansion 148ms (cache miss)
npm http fetch GET 200 https://registry.vlt.io/vlt/npm/picomatch 113ms (cache revalidated)
npm http fetch GET 200 https://registry.vlt.io/vlt/npm/fdir 130ms (cache revalidated)
npm http fetch GET 200 https://registry.vlt.io/vlt/npm/@babel%2ftypes 127ms (cache miss)
npm http fetch GET 200 https://registry.vlt.io/vlt/npm/json5 145ms (cache miss)
npm http fetch GET 200 https://registry.vlt.io/vlt/npm/gensync 154ms (cache miss)
npm http fetch GET 200 https://registry.vlt.io/vlt/npm/@babel%2fparser 140ms (cache miss)
npm http fetch GET 200 https://registry.vlt.io/vlt/npm/@babel%2ftemplate 128ms (cache miss)
npm http fetch GET 200 https://registry.vlt.io/vlt/npm/@babel%2fhelpers 147ms (cache miss)
npm http fetch GET 200 https://registry.vlt.io/vlt/npm/@babel%2ftraverse 118ms (cache miss)
npm http fetch GET 200 https://registry.vlt.io/vlt/npm/@babel%2fgenerator 128ms (cache miss)
npm http fetch GET 200 https://registry.vlt.io/vlt/npm/@babel%2fcode-frame 123ms (cache miss)
npm http fetch GET 200 https://registry.vlt.io/vlt/npm/convert-source-map 150ms (cache miss)
npm http fetch GET 200 https://registry.vlt.io/vlt/npm/@jridgewell%2fremapping 180ms (cache miss)
npm http fetch GET 200 https://registry.vlt.io/vlt/npm/@babel%2fhelper-module-transforms 280ms (cache miss)
npm http fetch GET 200 https://registry.vlt.io/vlt/npm/@babel%2fhelper-plugin-utils 132ms (cache miss)
npm http fetch GET 200 https://registry.vlt.io/vlt/npm/@babel%2fhelper-annotate-as-pure 132ms (cache miss)
npm http fetch GET 200 https://registry.vlt.io/vlt/npm/@babel%2fhelper-compilation-targets 297ms (cache miss)
npm http fetch GET 200 https://registry.vlt.io/vlt/npm/@babel%2fhelper-create-class-features-plugin 151ms (cache miss)
npm http fetch GET 200 https://registry.vlt.io/vlt/npm/@babel%2fhelper-skip-transparent-expression-wrappers 147ms (cache miss)
npm http fetch GET 200 https://registry.vlt.io/vlt/npm/@babel%2fplugin-syntax-typescript 376ms (cache miss)
npm http fetch GET 200 https://registry.vlt.io/vlt/npm/@babel%2ftypes 125ms (cache revalidated)
npm http fetch GET 200 https://registry.vlt.io/vlt/npm/@vue%2fshared 129ms (cache revalidated)
npm http fetch GET 200 https://registry.vlt.io/vlt/npm/@babel%2ftemplate 120ms (cache revalidated)
npm http fetch GET 200 https://registry.vlt.io/vlt/npm/@babel%2ftraverse 132ms (cache revalidated)
npm http fetch GET 200 https://registry.vlt.io/vlt/npm/@babel%2fplugin-syntax-jsx 141ms (cache miss)
npm http fetch GET 200 https://registry.vlt.io/vlt/npm/@babel%2fhelper-plugin-utils 113ms (cache revalidated)
npm http fetch GET 200 https://registry.vlt.io/vlt/npm/@babel%2fhelper-module-imports 131ms (cache miss)
npm http fetch GET 200 https://registry.vlt.io/vlt/npm/@vue%2fbabel-plugin-resolve-type 136ms (cache miss)
npm http fetch GET 200 https://registry.vlt.io/vlt/npm/@vue%2fbabel-helper-vue-transform-on 135ms (cache miss)
npm http fetch GET 200 https://registry.vlt.io/vlt/npm/@babel%2fcore 122ms (cache revalidated)
npm http fetch GET 200 https://registry.vlt.io/vlt/npm/picocolors 107ms (cache miss)
npm http fetch GET 200 https://registry.vlt.io/vlt/npm/@babel%2fhelper-validator-identifier 116ms (cache miss)
npm http fetch GET 200 https://registry.vlt.io/vlt/npm/js-tokens 133ms (cache miss)
npm http fetch GET 200 https://registry.vlt.io/vlt/npm/jsesc 136ms (cache miss)
npm http fetch GET 200 https://registry.vlt.io/vlt/npm/@jridgewell%2fgen-mapping 139ms (cache miss)
npm http fetch GET 200 https://registry.vlt.io/vlt/npm/@jridgewell%2ftrace-mapping 129ms (cache miss)
npm http fetch GET 200 https://registry.vlt.io/vlt/npm/lru-cache 135ms (cache miss)
npm http fetch GET 200 https://registry.vlt.io/vlt/npm/browserslist 132ms (cache miss)
npm http fetch GET 200 https://registry.vlt.io/vlt/npm/@babel%2fcompat-data 138ms (cache miss)
npm http fetch GET 200 https://registry.vlt.io/vlt/npm/@babel%2fhelper-validator-option 134ms (cache miss)
npm http fetch GET 200 https://registry.vlt.io/vlt/npm/@babel%2fhelper-module-imports 127ms (cache revalidated)
npm http fetch GET 200 https://registry.vlt.io/vlt/npm/@babel%2fhelper-globals 123ms (cache miss)
npm http fetch GET 200 https://registry.vlt.io/vlt/npm/@jridgewell%2fgen-mapping 117ms (cache revalidated)
npm http fetch GET 200 https://registry.vlt.io/vlt/npm/@babel%2fhelper-string-parser 129ms (cache miss)
npm http fetch GET 200 https://registry.vlt.io/vlt/npm/@jridgewell%2ftrace-mapping 130ms (cache revalidated)
npm http fetch GET 200 https://registry.vlt.io/vlt/npm/@jridgewell%2fsourcemap-codec 120ms (cache miss)
npm http fetch GET 200 https://registry.vlt.io/vlt/npm/@jridgewell%2fresolve-uri 127ms (cache miss)
npm http fetch GET 200 https://registry.vlt.io/vlt/npm/@jridgewell%2fsourcemap-codec 128ms (cache miss)
npm http fetch GET 200 https://registry.vlt.io/vlt/npm/node-releases 129ms (cache miss)
npm http fetch GET 200 https://registry.vlt.io/vlt/npm/electron-to-chromium 131ms (cache miss)
npm http fetch GET 200 https://registry.vlt.io/vlt/npm/caniuse-lite 149ms (cache miss)
npm http fetch GET 200 https://registry.vlt.io/vlt/npm/update-browserslist-db 125ms (cache miss)
npm http fetch GET 200 https://registry.vlt.io/vlt/npm/baseline-browser-mapping 153ms (cache miss)
npm http fetch GET 200 https://registry.vlt.io/vlt/npm/yallist 154ms (cache miss)
npm http fetch GET 200 https://registry.vlt.io/vlt/npm/@babel%2fhelper-optimise-call-expression 128ms (cache miss)
npm http fetch GET 200 https://registry.vlt.io/vlt/npm/@babel%2fhelper-replace-supers 134ms (cache miss)
npm http fetch GET 200 https://registry.vlt.io/vlt/npm/@babel%2fhelper-member-expression-to-functions 154ms (cache miss)
npm http fetch GET 200 https://registry.vlt.io/vlt/npm/@vue%2fcompiler-sfc 124ms (cache revalidated)
npm http fetch GET 200 https://registry.vlt.io/vlt/npm/magic-string 124ms (cache revalidated)
npm http fetch GET 200 https://registry.vlt.io/vlt/npm/estree-walker 128ms (cache miss)
npm http fetch GET 200 https://registry.vlt.io/vlt/npm/source-map-js 128ms (cache miss)
npm http fetch GET 200 https://registry.vlt.io/vlt/npm/@vue%2fcompiler-ssr 134ms (cache miss)
npm http fetch GET 200 https://registry.vlt.io/vlt/npm/entities 125ms (cache revalidated)
npm http fetch GET 200 https://registry.vlt.io/vlt/npm/nanoid 123ms (cache miss)
npm http fetch GET 200 https://registry.vlt.io/vlt/npm/eslint 129ms (cache revalidated)
npm http fetch GET 200 https://registry.vlt.io/vlt/npm/@types%2feslint 137ms (cache miss)
npm http fetch GET 200 https://registry.vlt.io/vlt/npm/prettier 126ms (cache revalidated)
npm http fetch GET 200 https://registry.vlt.io/vlt/npm/synckit 122ms (cache miss)
npm http fetch GET 200 https://registry.vlt.io/vlt/npm/prettier-linter-helpers 157ms (cache miss)
npm http fetch GET 200 https://registry.vlt.io/vlt/npm/eslint 141ms (cache revalidated)
npm http fetch GET 200 https://registry.vlt.io/vlt/npm/typescript 144ms (cache revalidated)
npm http fetch GET 200 https://registry.vlt.io/vlt/npm/merge2 117ms (cache miss)
npm http fetch GET 200 https://registry.vlt.io/vlt/npm/micromatch 121ms (cache miss)
npm http fetch GET 200 https://registry.vlt.io/vlt/npm/glob-parent 129ms (cache revalidated)
npm http fetch GET 200 https://registry.vlt.io/vlt/npm/@nodelib%2ffs.stat 120ms (cache miss)
npm http fetch GET 200 https://registry.vlt.io/vlt/npm/@nodelib%2ffs.walk 134ms (cache miss)
npm http fetch GET 200 https://registry.vlt.io/vlt/npm/@typescript-eslint%2fparser 154ms (cache miss)
npm http fetch GET 200 https://registry.vlt.io/vlt/npm/espree 126ms (cache revalidated)
npm http fetch GET 200 https://registry.vlt.io/vlt/npm/@typescript-eslint%2feslint-plugin 158ms (cache miss)
npm http fetch GET 200 https://registry.vlt.io/vlt/npm/esquery 129ms (cache revalidated)
npm http fetch GET 200 https://registry.vlt.io/vlt/npm/eslint-scope 113ms (cache revalidated)
npm http fetch GET 200 https://registry.vlt.io/vlt/npm/glob 119ms (cache miss)
npm http fetch GET 200 https://registry.vlt.io/vlt/npm/nopt 132ms (cache miss)
npm http fetch GET 200 https://registry.vlt.io/vlt/npm/js-cookie 145ms (cache miss)
npm http fetch GET 200 https://registry.vlt.io/vlt/npm/config-chain 120ms (cache miss)
npm http fetch GET 200 https://registry.vlt.io/vlt/npm/editorconfig 124ms (cache miss)
npm http fetch GET 200 https://registry.vlt.io/vlt/npm/browserslist 114ms (cache revalidated)
npm http fetch GET 200 https://registry.vlt.io/vlt/npm/escalade 149ms (cache miss)
npm http fetch GET 200 https://registry.vlt.io/vlt/npm/@eslint%2fobject-schema 131ms (cache miss)
npm http fetch GET 200 https://registry.vlt.io/vlt/npm/@types%2fjson-schema 142ms (cache miss)
npm http fetch GET 200 https://registry.vlt.io/vlt/npm/js-yaml 158ms (cache miss)
npm http fetch GET 200 https://registry.vlt.io/vlt/npm/import-fresh 120ms (cache miss)
npm http fetch GET 200 https://registry.vlt.io/vlt/npm/strip-json-comments 124ms (cache miss)
npm http fetch GET 200 https://registry.vlt.io/vlt/npm/levn 119ms (cache miss)
npm http fetch GET 200 https://registry.vlt.io/vlt/npm/@humanfs%2ftypes 125ms (cache miss)
npm http fetch GET 200 https://registry.vlt.io/vlt/npm/@humanfs%2fcore 149ms (cache miss)
npm http fetch GET 200 https://registry.vlt.io/vlt/npm/@humanwhocodes%2fretry 132ms (cache revalidated)
npm http fetch GET 200 https://registry.vlt.io/vlt/npm/uri-js 122ms (cache miss)
npm http fetch GET 200 https://registry.vlt.io/vlt/npm/fast-deep-equal 132ms (cache revalidated)
npm http fetch GET 200 https://registry.vlt.io/vlt/npm/json-schema-traverse 134ms (cache miss)
npm http fetch GET 200 https://registry.vlt.io/vlt/npm/fast-json-stable-stringify 110ms (cache miss)
npm http fetch GET 200 https://registry.vlt.io/vlt/npm/ansi-styles 119ms (cache revalidated)
npm http fetch GET 200 https://registry.vlt.io/vlt/npm/supports-color 126ms (cache miss)
npm http fetch GET 200 https://registry.vlt.io/vlt/npm/which 149ms (cache revalidated)
npm http fetch GET 200 https://registry.vlt.io/vlt/npm/path-key 127ms (cache miss)
npm http fetch GET 200 https://registry.vlt.io/vlt/npm/shebang-command 125ms (cache miss)
npm http fetch GET 200 https://registry.vlt.io/vlt/npm/estraverse 327ms (cache miss)
npm http fetch GET 200 https://registry.vlt.io/vlt/npm/esrecurse 343ms (cache miss)
npm http fetch GET 200 https://registry.vlt.io/vlt/npm/acorn 330ms (cache miss)
npm http fetch GET 200 https://registry.vlt.io/vlt/npm/estraverse 128ms (cache revalidated)
npm http fetch GET 200 https://registry.vlt.io/vlt/npm/acorn-jsx 144ms (cache miss)
npm http fetch GET 200 https://registry.vlt.io/vlt/npm/flat-cache 135ms (cache miss)
npm http fetch GET 200 https://registry.vlt.io/vlt/npm/locate-path 121ms (cache miss)
npm http fetch GET 200 https://registry.vlt.io/vlt/npm/path-exists 139ms (cache miss)
npm http fetch GET 200 https://registry.vlt.io/vlt/npm/brace-expansion 134ms (cache revalidated)
npm http fetch GET 200 https://registry.vlt.io/vlt/npm/is-extglob 161ms (cache miss)
npm http fetch GET 200 https://registry.vlt.io/vlt/npm/is-glob 288ms (cache revalidated)
npm http fetch GET 200 https://registry.vlt.io/vlt/npm/deep-is 118ms (cache miss)
npm http fetch GET 200 https://registry.vlt.io/vlt/npm/word-wrap 121ms (cache miss)
npm http fetch GET 200 https://registry.vlt.io/vlt/npm/prelude-ls 118ms (cache miss)
npm http fetch GET 200 https://registry.vlt.io/vlt/npm/fast-levenshtein 114ms (cache miss)
npm http fetch GET 200 https://registry.vlt.io/vlt/npm/type-check 128ms (cache miss)
npm http fetch GET 200 https://registry.vlt.io/vlt/npm/argparse 112ms (cache miss)
npm http fetch GET 200 https://registry.vlt.io/vlt/npm/parent-module 120ms (cache miss)
npm http fetch GET 200 https://registry.vlt.io/vlt/npm/resolve-from 120ms (cache miss)
npm http fetch GET 200 https://registry.vlt.io/vlt/npm/type-check 108ms (cache revalidated)
npm http fetch GET 200 https://registry.vlt.io/vlt/npm/punycode 124ms (cache miss)
npm http fetch GET 200 https://registry.vlt.io/vlt/npm/has-flag 112ms (cache miss)
npm http fetch GET 200 https://registry.vlt.io/vlt/npm/color-convert 124ms (cache miss)
npm http fetch GET 200 https://registry.vlt.io/vlt/npm/color-name 206ms (cache miss)
npm http fetch GET 200 https://registry.vlt.io/vlt/npm/isexe 125ms (cache miss)
npm http fetch GET 200 https://registry.vlt.io/vlt/npm/shebang-regex 131ms (cache miss)
npm http fetch GET 200 https://registry.vlt.io/vlt/npm/@pkgr%2fcore 121ms (cache miss)
npm http fetch GET 200 https://registry.vlt.io/vlt/npm/fast-diff 136ms (cache miss)
npm http fetch GET 200 https://registry.vlt.io/vlt/npm/eslint 118ms (cache revalidated)
npm http fetch GET 200 https://registry.vlt.io/vlt/npm/cssesc 138ms (cache miss)
npm http fetch GET 200 https://registry.vlt.io/vlt/npm/type-fest 140ms (cache miss)
npm http fetch GET 200 https://registry.vlt.io/vlt/npm/boolbase 144ms (cache miss)
npm http fetch GET 200 https://registry.vlt.io/vlt/npm/util-deprecate 122ms (cache miss)
npm http fetch GET 200 https://registry.vlt.io/vlt/npm/lodash 131ms (cache miss)
npm http fetch GET 200 https://registry.vlt.io/vlt/npm/fastq 120ms (cache miss)
npm http fetch GET 200 https://registry.vlt.io/vlt/npm/@nodelib%2ffs.scandir 124ms (cache miss)
npm http fetch GET 200 https://registry.vlt.io/vlt/npm/braces 137ms (cache miss)
npm http fetch GET 200 https://registry.vlt.io/vlt/npm/run-parallel 133ms (cache miss)
npm http fetch GET 200 https://registry.vlt.io/vlt/npm/reusify 134ms (cache miss)
npm http fetch GET 200 https://registry.vlt.io/vlt/npm/queue-microtask 135ms (cache miss)
npm http fetch GET 200 https://registry.vlt.io/vlt/npm/flatted 123ms (cache miss)
npm http fetch GET 200 https://registry.vlt.io/vlt/npm/keyv 136ms (cache miss)
npm http fetch GET 200 https://registry.vlt.io/vlt/npm/p-locate 119ms (cache miss)
npm http fetch GET 200 https://registry.vlt.io/vlt/npm/json-buffer 121ms (cache miss)
npm http fetch GET 200 https://registry.vlt.io/vlt/npm/callsites 117ms (cache miss)
npm http fetch GET 200 https://registry.vlt.io/vlt/npm/proto-list 130ms (cache miss)
npm http fetch GET 200 https://registry.vlt.io/vlt/npm/ini 142ms (cache miss)
npm http fetch GET 200 https://registry.vlt.io/vlt/npm/commander 144ms (cache miss)
npm http fetch GET 200 https://registry.vlt.io/vlt/npm/@one-ini%2fwasm 135ms (cache miss)
npm http fetch GET 200 https://registry.vlt.io/vlt/npm/minipass 133ms (cache miss)
npm http fetch GET 200 https://registry.vlt.io/vlt/npm/jackspeak 136ms (cache miss)
npm http fetch GET 200 https://registry.vlt.io/vlt/npm/path-scurry 132ms (cache miss)
npm http fetch GET 200 https://registry.vlt.io/vlt/npm/package-json-from-dist 834ms (cache miss)
npm http fetch GET 200 https://registry.vlt.io/vlt/npm/abbrev 1010ms (cache miss)
npm http fetch GET 200 https://registry.vlt.io/vlt/npm/foreground-child 1141ms (cache miss)
npm http fetch GET 200 https://registry.vlt.io/vlt/npm/@pkgjs%2fparseargs 130ms (cache miss)
npm http fetch GET 200 https://registry.vlt.io/vlt/npm/@isaacs%2fcliui 139ms (cache miss)
npm http fetch GET 200 https://registry.vlt.io/vlt/npm/signal-exit 158ms (cache miss)
npm http fetch GET 200 https://registry.vlt.io/vlt/npm/lru-cache 135ms (cache revalidated)
npm http fetch GET 200 https://registry.vlt.io/vlt/npm/strip-ansi 128ms (cache miss)
npm http fetch GET 200 https://registry.vlt.io/vlt/npm/string-width 136ms (cache miss)
npm http fetch GET 200 https://registry.vlt.io/vlt/npm/wrap-ansi 142ms (cache miss)
npm http fetch GET 200 https://registry.vlt.io/vlt/npm/wrap-ansi 166ms (cache miss)
npm http fetch GET 200 https://registry.vlt.io/vlt/npm/strip-ansi 166ms (cache revalidated)
npm http fetch GET 200 https://registry.vlt.io/vlt/npm/string-width 166ms (cache revalidated)
npm http fetch GET 200 https://registry.vlt.io/vlt/npm/emoji-regex 152ms (cache miss)
npm http fetch GET 200 https://registry.vlt.io/vlt/npm/eastasianwidth 164ms (cache miss)
npm http fetch GET 200 https://registry.vlt.io/vlt/npm/emoji-regex 167ms (cache miss)
npm http fetch GET 200 https://registry.vlt.io/vlt/npm/is-fullwidth-code-point 177ms (cache miss)
npm http fetch GET 200 https://registry.vlt.io/vlt/npm/ansi-regex 167ms (cache miss)
npm http fetch GET 200 https://registry.vlt.io/vlt/npm/ansi-regex 172ms (cache miss)
npm http fetch GET 200 https://registry.vlt.io/vlt/npm/bufferutil 150ms (cache miss)
npm http fetch GET 200 https://registry.vlt.io/vlt/npm/utf-8-validate 200ms (cache miss)
npm http fetch GET 200 https://registry.vlt.io/vlt/npm/hasown 176ms (cache miss)
npm http fetch GET 200 https://registry.vlt.io/vlt/npm/@asamuzakjp%2fcss-color 182ms (cache miss)
npm http fetch GET 200 https://registry.vlt.io/vlt/npm/rrweb-cssom 192ms (cache revalidated)
npm http fetch GET 200 https://registry.vlt.io/vlt/npm/mime-types 155ms (cache miss)
npm http fetch GET 200 https://registry.vlt.io/vlt/npm/asynckit 163ms (cache miss)
npm http fetch GET 200 https://registry.vlt.io/vlt/npm/combined-stream 163ms (cache miss)
npm http fetch GET 200 https://registry.vlt.io/vlt/npm/es-set-tostringtag 137ms (cache miss)
npm http fetch GET 200 https://registry.vlt.io/vlt/npm/agent-base 141ms (cache miss)
npm http fetch GET 200 https://registry.vlt.io/vlt/npm/agent-base 248ms (cache miss)
npm http fetch GET 200 https://registry.vlt.io/vlt/npm/xmlchars 188ms (cache miss)
npm http fetch GET 200 https://registry.vlt.io/vlt/npm/tldts 194ms (cache miss)
npm http fetch GET 200 https://registry.vlt.io/vlt/npm/iconv-lite 226ms (cache miss)
npm http fetch GET 200 https://registry.vlt.io/vlt/npm/tr46 222ms (cache miss)
npm http fetch GET 200 https://registry.vlt.io/vlt/npm/@csstools%2fcss-color-parser 153ms (cache miss)
npm http fetch GET 200 https://registry.vlt.io/vlt/npm/@csstools%2fcss-tokenizer 158ms (cache miss)
npm http fetch GET 200 https://registry.vlt.io/vlt/npm/@csstools%2fcss-calc 190ms (cache miss)
npm http fetch GET 200 https://registry.vlt.io/vlt/npm/@csstools%2fcss-parser-algorithms 177ms (cache miss)
npm http fetch GET 200 https://registry.vlt.io/vlt/npm/@csstools%2fcolor-helpers 157ms (cache miss)
npm http fetch GET 200 https://registry.vlt.io/vlt/npm/es-errors 166ms (cache miss)
npm http fetch GET 200 https://registry.vlt.io/vlt/npm/get-intrinsic 167ms (cache miss)
npm http fetch GET 200 https://registry.vlt.io/vlt/npm/delayed-stream 320ms (cache miss)
npm http fetch GET 200 https://registry.vlt.io/vlt/npm/function-bind 175ms (cache miss)
npm http fetch GET 200 https://registry.vlt.io/vlt/npm/has-tostringtag 192ms (cache miss)
npm http fetch GET 200 https://registry.vlt.io/vlt/npm/mime-db 159ms (cache miss)
npm http fetch GET 200 https://registry.vlt.io/vlt/npm/get-proto 171ms (cache miss)
npm http fetch GET 200 https://registry.vlt.io/vlt/npm/gopd 183ms (cache miss)
npm http fetch GET 200 https://registry.vlt.io/vlt/npm/has-symbols 191ms (cache miss)
npm http fetch GET 200 https://registry.vlt.io/vlt/npm/es-object-atoms 151ms (cache miss)
npm http fetch GET 200 https://registry.vlt.io/vlt/npm/es-define-property 163ms (cache miss)
npm http fetch GET 200 https://registry.vlt.io/vlt/npm/math-intrinsics 183ms (cache miss)
npm http fetch GET 200 https://registry.vlt.io/vlt/npm/call-bind-apply-helpers 173ms (cache miss)
npm http fetch GET 200 https://registry.vlt.io/vlt/npm/has-symbols 202ms (cache revalidated)
npm http fetch GET 200 https://registry.vlt.io/vlt/npm/dunder-proto 320ms (cache miss)
npm http fetch GET 200 https://registry.vlt.io/vlt/npm/p-limit 155ms (cache miss)
npm http fetch GET 200 https://registry.vlt.io/vlt/npm/fill-range 176ms (cache miss)
npm http fetch GET 200 https://registry.vlt.io/vlt/npm/to-regex-range 175ms (cache miss)
npm http fetch GET 200 https://registry.vlt.io/vlt/npm/is-number 179ms (cache miss)
npm http fetch GET 200 https://registry.vlt.io/vlt/npm/balanced-match 185ms (cache miss)
npm http fetch GET 200 https://registry.vlt.io/vlt/npm/npm-normalize-package-bin 180ms (cache miss)
npm http fetch GET 200 https://registry.vlt.io/vlt/npm/isexe 183ms (cache revalidated)
npm http fetch GET 200 https://registry.vlt.io/vlt/npm/json-parse-even-better-errors 204ms (cache miss)
npm http fetch GET 200 https://registry.vlt.io/vlt/npm/yocto-queue 148ms (cache miss)
npm http fetch GET 200 https://registry.vlt.io/vlt/npm/@vue%2fcomposition-api 195ms (cache miss)
npm http fetch GET 200 https://registry.vlt.io/vlt/npm/vue 177ms (cache revalidated)
npm http fetch GET 200 https://registry.vlt.io/vlt/npm/typescript 157ms (cache revalidated)
npm http fetch GET 200 https://registry.vlt.io/vlt/npm/tldts-core 177ms (cache miss)
npm http fetch GET 200 https://registry.vlt.io/vlt/npm/ignore 174ms (cache revalidated)
npm http fetch GET 200 https://registry.vlt.io/vlt/npm/@typescript-eslint%2ftype-utils 190ms (cache miss)
npm http fetch GET 200 https://registry.vlt.io/vlt/npm/@esbuild%2flinux-arm 171ms (cache miss)
npm http fetch GET 200 https://registry.vlt.io/vlt/npm/@esbuild%2faix-ppc64 187ms (cache miss)
npm http fetch GET 200 https://registry.vlt.io/vlt/npm/@esbuild%2flinux-x64 200ms (cache miss)
npm http fetch GET 200 https://registry.vlt.io/vlt/npm/@esbuild%2fsunos-x64 180ms (cache miss)
npm http fetch GET 200 https://registry.vlt.io/vlt/npm/@esbuild%2fwin32-x64 168ms (cache miss)
npm http fetch GET 200 https://registry.vlt.io/vlt/npm/@esbuild%2fdarwin-x64 170ms (cache miss)
npm http fetch GET 200 https://registry.vlt.io/vlt/npm/@esbuild%2fnetbsd-x64 182ms (cache miss)
npm http fetch GET 200 https://registry.vlt.io/vlt/npm/@esbuild%2flinux-ia32 187ms (cache miss)
npm http fetch GET 200 https://registry.vlt.io/vlt/npm/@esbuild%2fwin32-ia32 173ms (cache miss)
npm http fetch GET 200 https://registry.vlt.io/vlt/npm/@esbuild%2fandroid-arm 166ms (cache miss)
npm http fetch GET 200 https://registry.vlt.io/vlt/npm/@esbuild%2fandroid-x64 166ms (cache miss)
npm http fetch GET 200 https://registry.vlt.io/vlt/npm/@esbuild%2ffreebsd-x64 176ms (cache miss)
npm http fetch GET 200 https://registry.vlt.io/vlt/npm/@esbuild%2flinux-arm64 142ms (cache miss)
npm http fetch GET 200 https://registry.vlt.io/vlt/npm/@esbuild%2flinux-ppc64 155ms (cache miss)
npm http fetch GET 200 https://registry.vlt.io/vlt/npm/@esbuild%2flinux-s390x 150ms (cache miss)
npm http fetch GET 200 https://registry.vlt.io/vlt/npm/@esbuild%2fopenbsd-x64 170ms (cache miss)
npm http fetch GET 200 https://registry.vlt.io/vlt/npm/@esbuild%2fwin32-arm64 173ms (cache miss)
npm http fetch GET 200 https://registry.vlt.io/vlt/npm/@esbuild%2fdarwin-arm64 176ms (cache miss)
npm http fetch GET 200 https://registry.vlt.io/vlt/npm/@esbuild%2fnetbsd-arm64 194ms (cache miss)
npm http fetch GET 200 https://registry.vlt.io/vlt/npm/@esbuild%2fandroid-arm64 191ms (cache miss)
npm http fetch GET 200 https://registry.vlt.io/vlt/npm/@esbuild%2ffreebsd-arm64 185ms (cache miss)
npm http fetch GET 200 https://registry.vlt.io/vlt/npm/@esbuild%2flinux-loong64 174ms (cache miss)
npm http fetch GET 200 https://registry.vlt.io/vlt/npm/@esbuild%2flinux-riscv64 171ms (cache miss)
npm http fetch GET 200 https://registry.vlt.io/vlt/npm/@esbuild%2fopenbsd-arm64 182ms (cache miss)
npm http fetch GET 200 https://registry.vlt.io/vlt/npm/@esbuild%2flinux-mips64el 182ms (cache miss)
npm http fetch GET 200 https://registry.vlt.io/vlt/npm/@esbuild%2fopenharmony-arm64 201ms (cache miss)
npm http fetch GET 200 https://registry.vlt.io/vlt/npm/@rollup%2frollup-openbsd-x64 172ms (cache miss)
npm http fetch GET 200 https://registry.vlt.io/vlt/npm/@rollup%2frollup-darwin-x64 363ms (cache miss)
npm http fetch GET 200 https://registry.vlt.io/vlt/npm/@rollup%2frollup-freebsd-x64 313ms (cache miss)
npm http fetch GET 200 https://registry.vlt.io/vlt/npm/@rollup%2frollup-android-arm64 190ms (cache miss)
npm http fetch GET 200 https://registry.vlt.io/vlt/npm/@rollup%2frollup-freebsd-arm64 167ms (cache miss)
npm http fetch GET 200 https://registry.vlt.io/vlt/npm/@rollup%2frollup-darwin-arm64 358ms (cache miss)
npm http fetch GET 200 https://registry.vlt.io/vlt/npm/@rollup%2frollup-linux-x64-gnu 177ms (cache miss)
npm http fetch GET 200 https://registry.vlt.io/vlt/npm/@rollup%2frollup-win32-x64-gnu 167ms (cache miss)
npm http fetch GET 200 https://registry.vlt.io/vlt/npm/@rollup%2frollup-linux-x64-musl 176ms (cache miss)
npm http fetch GET 200 https://registry.vlt.io/vlt/npm/@rollup%2frollup-win32-x64-msvc 168ms (cache miss)
npm http fetch GET 200 https://registry.vlt.io/vlt/npm/@rollup%2frollup-linux-arm64-gnu 185ms (cache miss)
npm http fetch GET 200 https://registry.vlt.io/vlt/npm/@rollup%2frollup-linux-ppc64-gnu 178ms (cache miss)
npm http fetch GET 200 https://registry.vlt.io/vlt/npm/@rollup%2frollup-linux-s390x-gnu 213ms (cache miss)
npm http fetch GET 200 https://registry.vlt.io/vlt/npm/@rollup%2frollup-win32-ia32-msvc 285ms (cache miss)
npm http fetch GET 200 https://registry.vlt.io/vlt/npm/@rollup%2frollup-android-arm-eabi 269ms (cache miss)
npm http fetch GET 200 https://registry.vlt.io/vlt/npm/@rollup%2frollup-linux-arm64-musl 252ms (cache miss)
npm http fetch GET 200 https://registry.vlt.io/vlt/npm/@rollup%2frollup-linux-ppc64-musl 172ms (cache miss)
npm http fetch GET 200 https://registry.vlt.io/vlt/npm/@rollup%2frollup-win32-arm64-msvc 206ms (cache miss)
npm http fetch GET 200 https://registry.vlt.io/vlt/npm/@rollup%2frollup-linux-loong64-gnu 194ms (cache miss)
npm http fetch GET 200 https://registry.vlt.io/vlt/npm/@rollup%2frollup-linux-riscv64-gnu 190ms (cache miss)
npm http fetch GET 200 https://registry.vlt.io/vlt/npm/@rollup%2frollup-openharmony-arm64 177ms (cache miss)
npm http fetch GET 200 https://registry.vlt.io/vlt/npm/@rollup%2frollup-linux-loong64-musl 167ms (cache miss)
npm http fetch GET 200 https://registry.vlt.io/vlt/npm/@rollup%2frollup-linux-riscv64-musl 173ms (cache miss)
npm http fetch GET 200 https://registry.vlt.io/vlt/npm/@rollup%2frollup-linux-arm-musleabihf 172ms (cache miss)
npm http fetch GET 200 https://registry.vlt.io/vlt/npm/@rollup%2frollup-linux-arm-gnueabihf 183ms (cache miss)
npm http fetch GET 200 https://registry.vlt.io/vlt/npm/typescript 158ms (cache revalidated)
npm http fetch GET 200 https://registry.vlt.io/vlt/npm/vite 195ms (cache revalidated)
npm http fetch GET 200 https://registry.vlt.io/vlt/npm/vite 175ms (cache revalidated)
npm http fetch GET 200 https://registry.vlt.io/vlt/npm/less 183ms (cache revalidated)
npm http fetch GET 200 https://registry.vlt.io/vlt/npm/sass 148ms (cache revalidated)
npm http fetch GET 200 https://registry.vlt.io/vlt/npm/sass-embedded 176ms (cache revalidated)
npm http fetch GET 200 https://registry.vlt.io/vlt/npm/stylus 198ms (cache revalidated)
npm http fetch GET 200 https://registry.vlt.io/vlt/npm/sugarss 202ms (cache revalidated)
npm http fetch GET 200 https://registry.vlt.io/vlt/npm/nanoid 156ms (cache revalidated)
npm http fetch GET 200 https://registry.vlt.io/vlt/npm/mitt 166ms (cache miss)
npm http fetch GET 200 https://registry.vlt.io/vlt/npm/pathe 179ms (cache revalidated)
npm http fetch GET 200 https://registry.vlt.io/vlt/npm/birpc 202ms (cache miss)
npm http fetch GET 200 https://registry.vlt.io/vlt/npm/hookable 192ms (cache miss)
npm http fetch GET 200 https://registry.vlt.io/vlt/npm/vite-hot-client 221ms (cache miss)
npm http fetch GET 200 https://registry.vlt.io/vlt/npm/superjson 166ms (cache miss)
npm http fetch GET 200 https://registry.vlt.io/vlt/npm/speakingurl 195ms (cache miss)
npm http fetch GET 200 https://registry.vlt.io/vlt/npm/perfect-debounce 190ms (cache miss)
npm http fetch GET 200 https://registry.vlt.io/vlt/npm/rfdc 199ms (cache miss)
npm http fetch GET 200 https://registry.vlt.io/vlt/npm/figures 182ms (cache miss)
npm http fetch GET 200 https://registry.vlt.io/vlt/npm/is-stream 200ms (cache miss)
npm http fetch GET 200 https://registry.vlt.io/vlt/npm/pretty-ms 193ms (cache miss)
npm http fetch GET 200 https://registry.vlt.io/vlt/npm/get-stream 213ms (cache miss)
npm http fetch GET 200 https://registry.vlt.io/vlt/npm/yoctocolors 194ms (cache miss)
npm http fetch GET 200 https://registry.vlt.io/vlt/npm/is-plain-obj 190ms (cache miss)
npm http fetch GET 200 https://registry.vlt.io/vlt/npm/npm-run-path 180ms (cache miss)
npm http fetch GET 200 https://registry.vlt.io/vlt/npm/human-signals 191ms (cache miss)
npm http fetch GET 200 https://registry.vlt.io/vlt/npm/strip-final-newline 182ms (cache miss)
npm http fetch GET 200 https://registry.vlt.io/vlt/npm/@sindresorhus%2fmerge-streams 182ms (cache miss)
npm http fetch GET 200 https://registry.vlt.io/vlt/npm/mrmime 204ms (cache miss)
npm http fetch GET 200 https://registry.vlt.io/vlt/npm/totalist 454ms (cache miss)
npm http fetch GET 200 https://registry.vlt.io/vlt/npm/@polka%2furl 441ms (cache miss)
npm http fetch GET 200 https://registry.vlt.io/vlt/npm/open 438ms (cache miss)
npm http fetch GET 200 https://registry.vlt.io/vlt/npm/@antfu%2futils 170ms (cache miss)
npm http fetch GET 200 https://registry.vlt.io/vlt/npm/fs-extra 185ms (cache miss)
npm http fetch GET 200 https://registry.vlt.io/vlt/npm/@rollup%2fpluginutils 169ms (cache miss)
npm http fetch GET 200 https://registry.vlt.io/vlt/npm/error-stack-parser-es 215ms (cache miss)
npm http fetch GET 200 https://registry.vlt.io/vlt/npm/kolorist 215ms (cache miss)
npm http fetch GET 200 https://registry.vlt.io/vlt/npm/@babel%2fplugin-syntax-import-meta 204ms (cache miss)
npm http fetch GET 200 https://registry.vlt.io/vlt/npm/@babel%2fplugin-syntax-import-attributes 227ms (cache miss)
npm http fetch GET 200 https://registry.vlt.io/vlt/npm/@babel%2fplugin-proposal-decorators 237ms (cache miss)
npm http fetch GET 200 https://registry.vlt.io/vlt/npm/vite 189ms (cache revalidated)
npm http fetch GET 200 https://registry.vlt.io/vlt/npm/@vitejs%2fdevtools 168ms (cache miss)
npm http fetch GET 200 https://registry.vlt.io/vlt/npm/esbuild 182ms (cache revalidated)
npm http fetch GET 200 https://registry.vlt.io/vlt/npm/copy-anything 182ms (cache miss)
npm http fetch GET 200 https://registry.vlt.io/vlt/npm/path-key 184ms (cache revalidated)
npm http fetch GET 200 https://registry.vlt.io/vlt/npm/is-unicode-supported 190ms (cache miss)
npm http fetch GET 200 https://registry.vlt.io/vlt/npm/@sec-ant%2freadable-stream 199ms (cache miss)
npm http fetch GET 200 https://registry.vlt.io/vlt/npm/unicorn-magic 198ms (cache miss)
npm http fetch GET 200 https://registry.vlt.io/vlt/npm/parse-ms 200ms (cache miss)
npm http fetch GET 200 https://registry.vlt.io/vlt/npm/is-what 192ms (cache miss)
npm http fetch GET 200 https://registry.vlt.io/vlt/npm/rollup 183ms (cache revalidated)
npm http fetch GET 200 https://registry.vlt.io/vlt/npm/graceful-fs 126ms (cache miss)
npm http fetch GET 200 https://registry.vlt.io/vlt/npm/jsonfile 136ms (cache miss)
npm http fetch GET 200 https://registry.vlt.io/vlt/npm/universalify 144ms (cache miss)
npm http fetch GET 200 https://registry.vlt.io/vlt/npm/wsl-utils 123ms (cache miss)
npm http fetch GET 200 https://registry.vlt.io/vlt/npm/default-browser 130ms (cache miss)
npm http fetch GET 200 https://registry.vlt.io/vlt/npm/define-lazy-prop 148ms (cache miss)
npm http fetch GET 200 https://registry.vlt.io/vlt/npm/is-inside-container 130ms (cache miss)
npm http fetch GET 200 https://registry.vlt.io/vlt/npm/bundle-name 144ms (cache miss)
npm http fetch GET 200 https://registry.vlt.io/vlt/npm/is-docker 150ms (cache miss)
npm http fetch GET 200 https://registry.vlt.io/vlt/npm/default-browser-id 151ms (cache miss)
npm http fetch GET 200 https://registry.vlt.io/vlt/npm/is-wsl 132ms (cache miss)
npm http fetch GET 200 https://registry.vlt.io/vlt/npm/run-applescript 141ms (cache miss)
npm http fetch GET 200 https://registry.vlt.io/vlt/npm/@babel%2fplugin-syntax-decorators 119ms (cache miss)
npm http fetch GET 200 https://registry.vlt.io/vlt/npm/terser 127ms (cache revalidated)
npm http fetch GET 200 https://registry.vlt.io/vlt/npm/msw 128ms (cache miss)
npm http fetch GET 200 https://registry.vlt.io/vlt/npm/typescript 125ms (cache revalidated)
npm http fetch GET 200 https://registry.vlt.io/vlt/npm/tinyspy 121ms (cache miss)
npm http fetch GET 200 https://registry.vlt.io/vlt/npm/loupe 132ms (cache miss)
npm http fetch GET 200 https://registry.vlt.io/vlt/npm/estree-walker 145ms (cache revalidated)
npm http fetch GET 200 https://registry.vlt.io/vlt/npm/loupe 138ms (cache miss)
npm http fetch GET 200 https://registry.vlt.io/vlt/npm/deep-eql 138ms (cache miss)
npm http fetch GET 200 https://registry.vlt.io/vlt/npm/pathval 154ms (cache miss)
npm http fetch GET 200 https://registry.vlt.io/vlt/npm/check-error 129ms (cache miss)
npm http fetch GET 200 https://registry.vlt.io/vlt/npm/assertion-error 125ms (cache miss)
npm http fetch GET 200 https://registry.vlt.io/vlt/npm/cac 129ms (cache miss)
npm http fetch GET 200 https://registry.vlt.io/vlt/npm/es-module-lexer 125ms (cache miss)
npm http fetch GET 200 https://registry.vlt.io/vlt/npm/siginfo 140ms (cache miss)
npm http fetch GET 200 https://registry.vlt.io/vlt/npm/stackback 136ms (cache miss)
npm http fetch GET 200 https://registry.vlt.io/vlt/npm/csstype 122ms (cache miss)
npm http fetch GET 200 https://registry.vlt.io/vlt/npm/@vue%2fruntime-core 126ms (cache miss)
npm http fetch GET 200 https://registry.vlt.io/vlt/npm/@vue%2freactivity 132ms (cache miss)
npm http fetch GET 200 https://registry.vlt.io/vlt/npm/typescript 130ms (cache revalidated)
npm http fetch GET 200 https://registry.vlt.io/vlt/npm/path-browserify 155ms (cache miss)
npm http fetch GET 200 https://registry.vlt.io/vlt/npm/@volar%2flanguage-core 157ms (cache miss)
npm http fetch GET 200 https://registry.vlt.io/vlt/npm/vscode-uri 170ms (cache miss)
npm http fetch GET 200 https://registry.vlt.io/vlt/npm/muggle-string 130ms (cache miss)
npm http fetch GET 200 https://registry.vlt.io/vlt/npm/alien-signals 139ms (cache miss)
npm http fetch GET 200 https://registry.vlt.io/vlt/npm/@vue%2fcompiler-vue2 131ms (cache miss)
npm http fetch GET 200 https://registry.vlt.io/vlt/npm/@volar%2fsource-map 133ms (cache miss)
npm http fetch GET 200 https://registry.vlt.io/vlt/npm/de-indent 142ms (cache miss)
npm http fetch GET 200 https://registry.vlt.io/vlt/npm/he 154ms (cache miss)
npm http fetch GET 200 https://registry.vlt.io/vlt/npm/safer-buffer 120ms (cache miss)
npm http fetch GET 200 https://registry.vlt.io/vlt/npm/balanced-match 113ms (cache revalidated)
npm http fetch GET 200 https://registry.vlt.io/vlt/npm/concat-map 137ms (cache miss)
npm http fetch GET 200 https://registry.vlt.io/vlt/npm/@esbuild%2flinux-x64 115ms (cache revalidated)
npm http fetch GET 200 https://registry.vlt.io/vlt/npm/@esbuild%2faix-ppc64 128ms (cache revalidated)
npm http fetch GET 200 https://registry.vlt.io/vlt/npm/@esbuild%2flinux-arm 135ms (cache revalidated)
npm http fetch GET 200 https://registry.vlt.io/vlt/npm/@esbuild%2fsunos-x64 123ms (cache revalidated)
npm http fetch GET 200 https://registry.vlt.io/vlt/npm/@esbuild%2fwin32-x64 115ms (cache revalidated)
npm http fetch GET 200 https://registry.vlt.io/vlt/npm/@esbuild%2fdarwin-x64 121ms (cache revalidated)
npm http fetch GET 200 https://registry.vlt.io/vlt/npm/@esbuild%2flinux-ia32 115ms (cache revalidated)
npm http fetch GET 200 https://registry.vlt.io/vlt/npm/@esbuild%2fnetbsd-x64 128ms (cache revalidated)
npm http fetch GET 200 https://registry.vlt.io/vlt/npm/@esbuild%2fwin32-ia32 139ms (cache revalidated)
npm http fetch GET 200 https://registry.vlt.io/vlt/npm/@esbuild%2fandroid-arm 121ms (cache revalidated)
npm http fetch GET 200 https://registry.vlt.io/vlt/npm/@esbuild%2fandroid-x64 134ms (cache revalidated)
npm http fetch GET 200 https://registry.vlt.io/vlt/npm/@esbuild%2ffreebsd-x64 149ms (cache revalidated)
npm http fetch GET 200 https://registry.vlt.io/vlt/npm/@esbuild%2flinux-arm64 174ms (cache revalidated)
npm http fetch GET 200 https://registry.vlt.io/vlt/npm/@esbuild%2flinux-ppc64 149ms (cache revalidated)
npm http fetch GET 200 https://registry.vlt.io/vlt/npm/@esbuild%2flinux-s390x 138ms (cache revalidated)
npm http fetch GET 200 https://registry.vlt.io/vlt/npm/@esbuild%2fwin32-arm64 113ms (cache revalidated)
npm http fetch GET 200 https://registry.vlt.io/vlt/npm/@esbuild%2fopenbsd-x64 125ms (cache revalidated)
npm http fetch GET 200 https://registry.vlt.io/vlt/npm/@esbuild%2fdarwin-arm64 131ms (cache revalidated)
npm http fetch GET 200 https://registry.vlt.io/vlt/npm/@esbuild%2fandroid-arm64 159ms (cache revalidated)
npm http fetch GET 200 https://registry.vlt.io/vlt/npm/@esbuild%2ffreebsd-arm64 170ms (cache revalidated)
npm http fetch GET 200 https://registry.vlt.io/vlt/npm/@esbuild%2flinux-loong64 154ms (cache revalidated)
npm http fetch GET 200 https://registry.vlt.io/vlt/npm/@esbuild%2flinux-riscv64 145ms (cache revalidated)
npm http fetch GET 200 https://registry.vlt.io/vlt/npm/@esbuild%2flinux-mips64el 133ms (cache revalidated)
npm http fetch GET 403 https://registry.vlt.io/vlt/npm/concat-map/-/concat-map-0.0.1.tgz 456ms (cache skip)
npm http fetch GET 403 https://registry.vlt.io/vlt/npm/lodash/-/lodash-4.18.1.tgz 489ms (cache skip)
npm http fetch GET 403 https://registry.vlt.io/vlt/npm/type-fest/-/type-fest-0.20.2.tgz 513ms (cache skip)
npm http fetch GET 403 https://registry.vlt.io/vlt/npm/siginfo/-/siginfo-2.0.0.tgz 643ms (cache skip)
npm http fetch GET 403 https://registry.vlt.io/vlt/npm/iconv-lite/-/iconv-lite-0.6.3.tgz 643ms (cache skip)
npm http fetch GET 403 https://registry.vlt.io/vlt/npm/muggle-string/-/muggle-string-0.4.1.tgz 657ms (cache skip)
npm http fetch GET 403 https://registry.vlt.io/vlt/npm/de-indent/-/de-indent-1.0.2.tgz 659ms (cache skip)
npm http fetch GET 403 https://registry.vlt.io/vlt/npm/tr46/-/tr46-5.1.1.tgz 667ms (cache skip)
npm http fetch GET 403 https://registry.vlt.io/vlt/npm/stackback/-/stackback-0.0.2.tgz 669ms (cache skip)
npm http fetch GET 403 https://registry.vlt.io/vlt/npm/alien-signals/-/alien-signals-1.0.13.tgz 818ms (cache skip)
npm http fetch GET 403 https://registry.vlt.io/vlt/npm/safer-buffer/-/safer-buffer-2.1.2.tgz 833ms (cache skip)
npm http fetch GET 403 https://registry.vlt.io/vlt/npm/vscode-uri/-/vscode-uri-3.1.0.tgz 835ms (cache skip)
npm http fetch GET 403 https://registry.vlt.io/vlt/npm/@vue/compiler-vue2/-/compiler-vue2-2.7.16.tgz 846ms (cache skip)
npm http fetch GET 403 https://registry.vlt.io/vlt/npm/is-wsl/-/is-wsl-3.1.1.tgz 862ms (cache skip)
npm http fetch GET 403 https://registry.vlt.io/vlt/npm/he/-/he-1.2.0.tgz 862ms (cache skip)
npm http fetch GET 403 https://registry.vlt.io/vlt/npm/@volar/source-map/-/source-map-2.4.15.tgz 866ms (cache skip)
npm http fetch GET 403 https://registry.vlt.io/vlt/npm/path-browserify/-/path-browserify-1.0.1.tgz 926ms (cache skip)
npm http fetch GET 403 https://registry.vlt.io/vlt/npm/@vue/language-core/-/language-core-2.2.12.tgz 966ms (cache skip)
npm http fetch GET 403 https://registry.vlt.io/vlt/npm/isexe/-/isexe-2.0.0.tgz 992ms (cache skip)
npm http fetch GET 403 https://registry.vlt.io/vlt/npm/@volar/language-core/-/language-core-2.4.15.tgz 1061ms (cache skip)
npm http fetch GET 403 https://registry.vlt.io/vlt/npm/csstype/-/csstype-3.2.3.tgz 1066ms (cache skip)
npm http fetch GET 403 https://registry.vlt.io/vlt/npm/@vue/runtime-core/-/runtime-core-3.5.33.tgz 1088ms (cache skip)
npm http fetch GET 403 https://registry.vlt.io/vlt/npm/@volar/typescript/-/typescript-2.4.15.tgz 1090ms (cache skip)
npm http fetch GET 403 https://registry.vlt.io/vlt/npm/@vue/reactivity/-/reactivity-3.5.33.tgz 1096ms (cache skip)
npm http fetch GET 403 https://registry.vlt.io/vlt/npm/@vue/server-renderer/-/server-renderer-3.5.33.tgz 1206ms (cache skip)
npm http fetch GET 403 https://registry.vlt.io/vlt/npm/@vue/runtime-dom/-/runtime-dom-3.5.33.tgz 1246ms (cache skip)
npm http fetch GET 403 https://registry.vlt.io/vlt/npm/es-module-lexer/-/es-module-lexer-1.7.0.tgz 1262ms (cache skip)
npm http fetch GET 403 https://registry.vlt.io/vlt/npm/pathval/-/pathval-2.0.1.tgz 1285ms (cache skip)
npm http fetch GET 403 https://registry.vlt.io/vlt/npm/cac/-/cac-6.7.14.tgz 1287ms (cache skip)
npm http fetch GET 403 https://registry.vlt.io/vlt/npm/check-error/-/check-error-2.1.3.tgz 1356ms (cache skip)
npm http fetch GET 403 https://registry.vlt.io/vlt/npm/tinypool/-/tinypool-1.1.1.tgz 1516ms (cache skip)
npm http fetch GET 403 https://registry.vlt.io/vlt/npm/expect-type/-/expect-type-1.3.0.tgz 1574ms (cache skip)
npm http fetch GET 403 https://registry.vlt.io/vlt/npm/loupe/-/loupe-3.2.1.tgz 1607ms (cache skip)
npm http fetch GET 403 https://registry.vlt.io/vlt/npm/tinyspy/-/tinyspy-3.0.2.tgz 1630ms (cache skip)
npm http fetch GET 403 https://registry.vlt.io/vlt/npm/assertion-error/-/assertion-error-2.0.1.tgz 1633ms (cache skip)
npm http fetch GET 403 https://registry.vlt.io/vlt/npm/deep-eql/-/deep-eql-5.0.2.tgz 1641ms (cache skip)
npm http fetch GET 403 https://registry.vlt.io/vlt/npm/vite-node/-/vite-node-2.1.9.tgz 1672ms (cache skip)
npm http fetch GET 403 https://registry.vlt.io/vlt/npm/why-is-node-running/-/why-is-node-running-2.3.0.tgz 1676ms (cache skip)
npm http fetch GET 403 https://registry.vlt.io/vlt/npm/tinyrainbow/-/tinyrainbow-1.2.0.tgz 1681ms (cache skip)
npm http fetch GET 403 https://registry.vlt.io/vlt/npm/tinyexec/-/tinyexec-0.3.2.tgz 1685ms (cache skip)
npm http fetch GET 403 https://registry.vlt.io/vlt/npm/tinybench/-/tinybench-2.9.0.tgz 1702ms (cache skip)
npm http fetch GET 403 https://registry.vlt.io/vlt/npm/@vitest/spy/-/spy-2.1.9.tgz 1714ms (cache skip)
npm http fetch GET 403 https://registry.vlt.io/vlt/npm/@vitest/snapshot/-/snapshot-2.1.9.tgz 1732ms (cache skip)
npm http fetch GET 403 https://registry.vlt.io/vlt/npm/chai/-/chai-5.3.3.tgz 1764ms (cache skip)
npm http fetch GET 403 https://registry.vlt.io/vlt/npm/@vitest/utils/-/utils-2.1.9.tgz 1770ms (cache skip)
npm http fetch GET 403 https://registry.vlt.io/vlt/npm/@vitest/runner/-/runner-2.1.9.tgz 1778ms (cache skip)
npm http fetch GET 403 https://registry.vlt.io/vlt/npm/std-env/-/std-env-3.10.0.tgz 1825ms (cache skip)
npm http fetch GET 403 https://registry.vlt.io/vlt/npm/@vitest/expect/-/expect-2.1.9.tgz 1886ms (cache skip)
npm http fetch GET 403 https://registry.vlt.io/vlt/npm/@babel/plugin-syntax-import-attributes/-/plugin-syntax-import-attributes-7.28.6.tgz 1922ms (cache skip)
npm http fetch GET 403 https://registry.vlt.io/vlt/npm/default-browser-id/-/default-browser-id-5.0.1.tgz 1990ms (cache skip)
npm http fetch GET 403 https://registry.vlt.io/vlt/npm/@vitest/pretty-format/-/pretty-format-2.1.9.tgz 2000ms (cache skip)
npm http fetch GET 403 https://registry.vlt.io/vlt/npm/bundle-name/-/bundle-name-4.1.0.tgz 2002ms (cache skip)
npm http fetch GET 403 https://registry.vlt.io/vlt/npm/kolorist/-/kolorist-1.8.0.tgz 2040ms (cache skip)
npm http fetch GET 403 https://registry.vlt.io/vlt/npm/is-inside-container/-/is-inside-container-1.0.0.tgz 2062ms (cache skip)
npm http fetch GET 403 https://registry.vlt.io/vlt/npm/define-lazy-prop/-/define-lazy-prop-3.0.0.tgz 2063ms (cache skip)
npm http fetch GET 403 https://registry.vlt.io/vlt/npm/@babel/plugin-proposal-decorators/-/plugin-proposal-decorators-7.29.0.tgz 2094ms (cache skip)
npm http fetch GET 403 https://registry.vlt.io/vlt/npm/is-docker/-/is-docker-3.0.0.tgz 2098ms (cache skip)
npm http fetch GET 403 https://registry.vlt.io/vlt/npm/@babel/plugin-syntax-import-meta/-/plugin-syntax-import-meta-7.10.4.tgz 2104ms (cache skip)
npm http fetch GET 403 https://registry.vlt.io/vlt/npm/@babel/plugin-syntax-decorators/-/plugin-syntax-decorators-7.28.6.tgz 2114ms (cache skip)
npm http fetch GET 403 https://registry.vlt.io/vlt/npm/universalify/-/universalify-2.0.1.tgz 2132ms (cache skip)
npm http fetch GET 403 https://registry.vlt.io/vlt/npm/run-applescript/-/run-applescript-7.1.0.tgz 2134ms (cache skip)
npm http fetch GET 403 https://registry.vlt.io/vlt/npm/default-browser/-/default-browser-5.5.0.tgz 2143ms (cache skip)
npm http fetch GET 403 https://registry.vlt.io/vlt/npm/graceful-fs/-/graceful-fs-4.2.11.tgz 2233ms (cache skip)
npm http fetch GET 403 https://registry.vlt.io/vlt/npm/open/-/open-10.2.0.tgz 2243ms (cache skip)
npm http fetch GET 403 https://registry.vlt.io/vlt/npm/fs-extra/-/fs-extra-11.3.4.tgz 2256ms (cache skip)
npm http fetch GET 403 https://registry.vlt.io/vlt/npm/@rollup/pluginutils/-/pluginutils-5.3.0.tgz 2282ms (cache skip)
npm http fetch GET 403 https://registry.vlt.io/vlt/npm/@antfu/utils/-/utils-0.7.10.tgz 2291ms (cache skip)
npm http fetch GET 403 https://registry.vlt.io/vlt/npm/error-stack-parser-es/-/error-stack-parser-es-0.1.5.tgz 2301ms (cache skip)
npm http fetch GET 403 https://registry.vlt.io/vlt/npm/jsonfile/-/jsonfile-6.2.1.tgz 2331ms (cache skip)
npm http fetch GET 403 https://registry.vlt.io/vlt/npm/is-what/-/is-what-5.5.0.tgz 2355ms (cache skip)
npm http fetch GET 403 https://registry.vlt.io/vlt/npm/totalist/-/totalist-3.0.1.tgz 2358ms (cache skip)
npm http fetch GET 403 https://registry.vlt.io/vlt/npm/unicorn-magic/-/unicorn-magic-0.3.0.tgz 2410ms (cache skip)
npm http fetch GET 403 https://registry.vlt.io/vlt/npm/mrmime/-/mrmime-2.0.1.tgz 2510ms (cache skip)
npm http fetch GET 403 https://registry.vlt.io/vlt/npm/@sec-ant/readable-stream/-/readable-stream-0.4.1.tgz 2525ms (cache skip)
npm http fetch GET 403 https://registry.vlt.io/vlt/npm/@polka/url/-/url-1.0.0-next.29.tgz 2532ms (cache skip)
npm http fetch GET 403 https://registry.vlt.io/vlt/npm/is-unicode-supported/-/is-unicode-supported-2.1.0.tgz 2538ms (cache skip)
npm http fetch GET 403 https://registry.vlt.io/vlt/npm/copy-anything/-/copy-anything-4.0.5.tgz 2543ms (cache skip)
npm http fetch GET 403 https://registry.vlt.io/vlt/npm/yoctocolors/-/yoctocolors-2.1.2.tgz 2558ms (cache skip)
npm http fetch GET 403 https://registry.vlt.io/vlt/npm/parse-ms/-/parse-ms-4.0.0.tgz 2561ms (cache skip)
npm http fetch GET 403 https://registry.vlt.io/vlt/npm/pretty-ms/-/pretty-ms-9.3.0.tgz 2577ms (cache skip)
npm http fetch GET 403 https://registry.vlt.io/vlt/npm/strip-final-newline/-/strip-final-newline-4.0.0.tgz 2578ms (cache skip)
npm http fetch GET 403 https://registry.vlt.io/vlt/npm/npm-run-path/-/npm-run-path-6.0.0.tgz 2579ms (cache skip)
npm http fetch GET 403 https://registry.vlt.io/vlt/npm/is-stream/-/is-stream-4.0.1.tgz 2609ms (cache skip)
npm http fetch GET 403 https://registry.vlt.io/vlt/npm/human-signals/-/human-signals-8.0.1.tgz 2619ms (cache skip)
npm http fetch GET 403 https://registry.vlt.io/vlt/npm/get-stream/-/get-stream-9.0.1.tgz 2691ms (cache skip)
npm http fetch GET 403 https://registry.vlt.io/vlt/npm/is-plain-obj/-/is-plain-obj-4.1.0.tgz 2789ms (cache skip)
npm http fetch GET 403 https://registry.vlt.io/vlt/npm/figures/-/figures-6.1.0.tgz 2793ms (cache skip)
npm http fetch GET 403 https://registry.vlt.io/vlt/npm/rfdc/-/rfdc-1.4.1.tgz 2820ms (cache skip)
npm http fetch GET 403 https://registry.vlt.io/vlt/npm/hookable/-/hookable-5.5.3.tgz 2875ms (cache skip)
npm http fetch GET 403 https://registry.vlt.io/vlt/npm/pathe/-/pathe-2.0.3.tgz 2885ms (cache skip)
npm http fetch GET 403 https://registry.vlt.io/vlt/npm/birpc/-/birpc-2.9.0.tgz 2886ms (cache skip)
npm http fetch GET 403 https://registry.vlt.io/vlt/npm/vite-hot-client/-/vite-hot-client-2.2.0.tgz 2888ms (cache skip)
npm http fetch GET 403 https://registry.vlt.io/vlt/npm/vite-plugin-vue-inspector/-/vite-plugin-vue-inspector-5.4.0.tgz 2915ms (cache skip)
npm http fetch GET 403 https://registry.vlt.io/vlt/npm/mitt/-/mitt-3.0.1.tgz 2925ms (cache skip)
npm http fetch GET 403 https://registry.vlt.io/vlt/npm/superjson/-/superjson-2.2.6.tgz 2986ms (cache skip)
npm http fetch GET 403 https://registry.vlt.io/vlt/npm/@sindresorhus/merge-streams/-/merge-streams-4.0.0.tgz 2987ms (cache skip)
npm http fetch GET 403 https://registry.vlt.io/vlt/npm/speakingurl/-/speakingurl-14.0.1.tgz 3016ms (cache skip)
npm http fetch GET 403 https://registry.vlt.io/vlt/npm/perfect-debounce/-/perfect-debounce-1.0.0.tgz 3045ms (cache skip)
npm http fetch GET 403 https://registry.vlt.io/vlt/npm/sirv/-/sirv-3.0.2.tgz 3050ms (cache skip)
npm http fetch GET 403 https://registry.vlt.io/vlt/npm/vite-plugin-inspect/-/vite-plugin-inspect-0.8.9.tgz 3140ms (cache skip)
npm http fetch GET 403 https://registry.vlt.io/vlt/npm/@vue/devtools-kit/-/devtools-kit-7.7.9.tgz 3155ms (cache skip)
npm http fetch GET 403 https://registry.vlt.io/vlt/npm/@rollup/rollup-linux-arm64-gnu/-/rollup-linux-arm64-gnu-4.60.3.tgz 3179ms (cache skip)
npm http fetch GET 403 https://registry.vlt.io/vlt/npm/@esbuild/linux-arm64/-/linux-arm64-0.25.12.tgz 3181ms (cache skip)
npm http fetch GET 403 https://registry.vlt.io/vlt/npm/@vue/devtools-shared/-/devtools-shared-7.7.9.tgz 3215ms (cache skip)
npm http fetch GET 403 https://registry.vlt.io/vlt/npm/esbuild/-/esbuild-0.25.12.tgz 3235ms (cache skip)
npm http fetch GET 403 https://registry.vlt.io/vlt/npm/execa/-/execa-9.6.1.tgz 3239ms (cache skip)
npm http fetch GET 403 https://registry.vlt.io/vlt/npm/punycode/-/punycode-2.3.1.tgz 3269ms (cache skip)
npm http fetch GET 403 https://registry.vlt.io/vlt/npm/escalade/-/escalade-3.2.0.tgz 3284ms (cache skip)
npm http fetch GET 403 https://registry.vlt.io/vlt/npm/wsl-utils/-/wsl-utils-0.1.0.tgz 3318ms (cache skip)
npm http fetch GET 403 https://registry.vlt.io/vlt/npm/@typescript-eslint/eslint-plugin/-/eslint-plugin-8.59.2.tgz 3321ms (cache skip)
npm http fetch GET 403 https://registry.vlt.io/vlt/npm/@typescript-eslint/parser/-/parser-8.59.2.tgz 3322ms (cache skip)
npm http fetch GET 403 https://registry.vlt.io/vlt/npm/@vue/devtools-core/-/devtools-core-7.7.9.tgz 3329ms (cache skip)
npm http fetch GET 403 https://registry.vlt.io/vlt/npm/rollup/-/rollup-4.60.3.tgz 3372ms (cache skip)
npm http fetch GET 403 https://registry.vlt.io/vlt/npm/is-number/-/is-number-7.0.0.tgz 3400ms (cache skip)
npm http fetch GET 403 https://registry.vlt.io/vlt/npm/@typescript-eslint/type-utils/-/type-utils-8.59.2.tgz 3464ms (cache skip)
npm http fetch GET 403 https://registry.vlt.io/vlt/npm/is-fullwidth-code-point/-/is-fullwidth-code-point-3.0.0.tgz 3483ms (cache skip)
npm http fetch GET 403 https://registry.vlt.io/vlt/npm/emoji-regex/-/emoji-regex-9.2.2.tgz 3508ms (cache skip)
npm http fetch GET 403 https://registry.vlt.io/vlt/npm/eastasianwidth/-/eastasianwidth-0.2.0.tgz 3514ms (cache skip)
npm http fetch GET 403 https://registry.vlt.io/vlt/npm/tldts-core/-/tldts-core-6.1.86.tgz 3573ms (cache skip)
npm http fetch GET 403 https://registry.vlt.io/vlt/npm/queue-microtask/-/queue-microtask-1.2.3.tgz 3576ms (cache skip)
npm http fetch GET 403 https://registry.vlt.io/vlt/npm/shebang-regex/-/shebang-regex-3.0.0.tgz 3589ms (cache skip)
npm http fetch GET 403 https://registry.vlt.io/vlt/npm/xmlchars/-/xmlchars-2.2.0.tgz 3618ms (cache skip)
npm http fetch GET 403 https://registry.vlt.io/vlt/npm/has-flag/-/has-flag-4.0.0.tgz 3620ms (cache skip)
npm http fetch GET 403 https://registry.vlt.io/vlt/npm/util-deprecate/-/util-deprecate-1.0.2.tgz 3623ms (cache skip)
npm http fetch GET 403 https://registry.vlt.io/vlt/npm/ansi-regex/-/ansi-regex-6.2.2.tgz 3634ms (cache skip)
npm http fetch GET 403 https://registry.vlt.io/vlt/npm/@pkgr/core/-/core-0.2.9.tgz 3635ms (cache skip)
npm http fetch GET 403 https://registry.vlt.io/vlt/npm/tldts/-/tldts-6.1.86.tgz 3637ms (cache skip)
npm http fetch GET 403 https://registry.vlt.io/vlt/npm/cssesc/-/cssesc-3.0.0.tgz 3662ms (cache skip)
npm http fetch GET 403 https://registry.vlt.io/vlt/npm/json-parse-even-better-errors/-/json-parse-even-better-errors-4.0.0.tgz 3755ms (cache skip)
npm http fetch GET 403 https://registry.vlt.io/vlt/npm/vue-demi/-/vue-demi-0.14.10.tgz 3764ms (cache skip)
npm http fetch GET 403 https://registry.vlt.io/vlt/npm/callsites/-/callsites-3.1.0.tgz 3777ms (cache skip)
npm http fetch GET 403 https://registry.vlt.io/vlt/npm/fast-diff/-/fast-diff-1.3.0.tgz 3796ms (cache skip)
npm http fetch GET 403 https://registry.vlt.io/vlt/npm/p-limit/-/p-limit-3.1.0.tgz 3829ms (cache skip)
npm http fetch GET 403 https://registry.vlt.io/vlt/npm/word-wrap/-/word-wrap-1.2.5.tgz 3830ms (cache skip)
npm http fetch GET 403 https://registry.vlt.io/vlt/npm/yocto-queue/-/yocto-queue-0.1.0.tgz 3831ms (cache skip)
npm http fetch GET 403 https://registry.vlt.io/vlt/npm/nanoid/-/nanoid-3.3.12.tgz 3838ms (cache skip)
npm http fetch GET 403 https://registry.vlt.io/vlt/npm/deep-is/-/deep-is-0.1.4.tgz 3847ms (cache skip)
npm http fetch GET 403 https://registry.vlt.io/vlt/npm/npm-normalize-package-bin/-/npm-normalize-package-bin-4.0.0.tgz 3863ms (cache skip)
npm http fetch GET 403 https://registry.vlt.io/vlt/npm/shell-quote/-/shell-quote-1.8.3.tgz 3874ms (cache skip)
npm http fetch GET 403 https://registry.vlt.io/vlt/npm/playwright-core/-/playwright-core-1.59.1.tgz 3885ms (cache skip)
npm http fetch GET 403 https://registry.vlt.io/vlt/npm/@vue/devtools-api/-/devtools-api-6.6.4.tgz 3925ms (cache skip)
npm http fetch GET 403 https://registry.vlt.io/vlt/npm/read-package-json-fast/-/read-package-json-fast-4.0.0.tgz 3964ms (cache skip)
npm http fetch GET 403 https://registry.vlt.io/vlt/npm/memorystream/-/memorystream-0.3.1.tgz 3971ms (cache skip)
npm http fetch GET 403 https://registry.vlt.io/vlt/npm/boolbase/-/boolbase-1.0.0.tgz 3995ms (cache skip)
npm http fetch GET 403 https://registry.vlt.io/vlt/npm/fast-levenshtein/-/fast-levenshtein-2.0.6.tgz 4010ms (cache skip)
npm http fetch GET 403 https://registry.vlt.io/vlt/npm/pidtree/-/pidtree-0.6.0.tgz 4139ms (cache skip)
npm http fetch GET 403 https://registry.vlt.io/vlt/npm/abbrev/-/abbrev-2.0.0.tgz 4157ms (cache skip)
npm http fetch GET 403 https://registry.vlt.io/vlt/npm/brace-expansion/-/brace-expansion-5.0.5.tgz 4190ms (cache skip)
npm http fetch GET 403 https://registry.vlt.io/vlt/npm/mime-db/-/mime-db-1.52.0.tgz 4192ms (cache skip)
npm http fetch GET 403 https://registry.vlt.io/vlt/npm/balanced-match/-/balanced-match-4.0.4.tgz 4198ms (cache skip)
npm http fetch GET 403 https://registry.vlt.io/vlt/npm/fill-range/-/fill-range-7.1.1.tgz 4201ms (cache skip)
npm http fetch GET 403 https://registry.vlt.io/vlt/npm/to-regex-range/-/to-regex-range-5.0.1.tgz 4207ms (cache skip)
npm http fetch GET 403 https://registry.vlt.io/vlt/npm/picomatch/-/picomatch-2.3.2.tgz 4239ms (cache skip)
npm http fetch GET 403 https://registry.vlt.io/vlt/npm/yallist/-/yallist-3.1.1.tgz 4243ms (cache skip)
npm http fetch GET 403 https://registry.vlt.io/vlt/npm/braces/-/braces-3.0.3.tgz 4246ms (cache skip)
npm http fetch GET 403 https://registry.vlt.io/vlt/npm/p-locate/-/p-locate-5.0.0.tgz 4306ms (cache skip)
npm http fetch GET 403 https://registry.vlt.io/vlt/npm/prelude-ls/-/prelude-ls-1.2.1.tgz 4326ms (cache skip)
npm http fetch GET 403 https://registry.vlt.io/vlt/npm/type-check/-/type-check-0.4.0.tgz 4328ms (cache skip)
npm http fetch GET 403 https://registry.vlt.io/vlt/npm/json-buffer/-/json-buffer-3.0.1.tgz 4359ms (cache skip)
npm http fetch GET 403 https://registry.vlt.io/vlt/npm/agent-base/-/agent-base-7.1.4.tgz 4375ms (cache skip)
npm http fetch GET 403 https://registry.vlt.io/vlt/npm/dunder-proto/-/dunder-proto-1.0.1.tgz 4500ms (cache skip)
npm http fetch GET 403 https://registry.vlt.io/vlt/npm/math-intrinsics/-/math-intrinsics-1.1.0.tgz 4506ms (cache skip)
npm http fetch GET 403 https://registry.vlt.io/vlt/npm/es-errors/-/es-errors-1.3.0.tgz 4516ms (cache skip)
npm http fetch GET 403 https://registry.vlt.io/vlt/npm/delayed-stream/-/delayed-stream-1.0.0.tgz 4539ms (cache skip)
npm http fetch GET 403 https://registry.vlt.io/vlt/npm/has-symbols/-/has-symbols-1.1.0.tgz 4544ms (cache skip)
npm http fetch GET 403 https://registry.vlt.io/vlt/npm/get-proto/-/get-proto-1.0.1.tgz 4546ms (cache skip)
npm http fetch GET 403 https://registry.vlt.io/vlt/npm/gopd/-/gopd-1.2.0.tgz 4566ms (cache skip)
npm http fetch GET 403 https://registry.vlt.io/vlt/npm/function-bind/-/function-bind-1.1.2.tgz 4580ms (cache skip)
npm http fetch GET 403 https://registry.vlt.io/vlt/npm/es-object-atoms/-/es-object-atoms-1.1.1.tgz 4582ms (cache skip)
npm http fetch GET 403 https://registry.vlt.io/vlt/npm/has-tostringtag/-/has-tostringtag-1.0.2.tgz 4607ms (cache skip)
npm http fetch GET 403 https://registry.vlt.io/vlt/npm/es-define-property/-/es-define-property-1.0.1.tgz 4624ms (cache skip)
npm http fetch GET 403 https://registry.vlt.io/vlt/npm/call-bind-apply-helpers/-/call-bind-apply-helpers-1.0.2.tgz 4634ms (cache skip)
npm http fetch GET 403 https://registry.vlt.io/vlt/npm/get-intrinsic/-/get-intrinsic-1.3.0.tgz 4642ms (cache skip)
npm http fetch GET 403 https://registry.vlt.io/vlt/npm/combined-stream/-/combined-stream-1.0.8.tgz 4713ms (cache skip)
npm http fetch GET 403 https://registry.vlt.io/vlt/npm/mime-types/-/mime-types-2.1.35.tgz 4716ms (cache skip)
npm http fetch GET 403 https://registry.vlt.io/vlt/npm/hasown/-/hasown-2.0.3.tgz 4770ms (cache skip)
npm http fetch GET 403 https://registry.vlt.io/vlt/npm/@csstools/css-calc/-/css-calc-2.1.4.tgz 4794ms (cache skip)
npm http fetch GET 403 https://registry.vlt.io/vlt/npm/whatwg-mimetype/-/whatwg-mimetype-4.0.0.tgz 4841ms (cache skip)
npm http fetch GET 403 https://registry.vlt.io/vlt/npm/es-set-tostringtag/-/es-set-tostringtag-2.1.0.tgz 4858ms (cache skip)
npm http fetch GET 403 https://registry.vlt.io/vlt/npm/asynckit/-/asynckit-0.4.0.tgz 4881ms (cache skip)
npm http fetch GET 403 https://registry.vlt.io/vlt/npm/@csstools/css-color-parser/-/css-color-parser-3.1.0.tgz 4922ms (cache skip)
npm http fetch GET 403 https://registry.vlt.io/vlt/npm/@csstools/css-parser-algorithms/-/css-parser-algorithms-3.0.5.tgz 4937ms (cache skip)
npm http fetch GET 403 https://registry.vlt.io/vlt/npm/@csstools/css-tokenizer/-/css-tokenizer-3.0.4.tgz 4944ms (cache skip)
npm http fetch GET 403 https://registry.vlt.io/vlt/npm/@csstools/color-helpers/-/color-helpers-5.1.0.tgz 4949ms (cache skip)
npm http fetch GET 403 https://registry.vlt.io/vlt/npm/@asamuzakjp/css-color/-/css-color-3.2.0.tgz 4950ms (cache skip)
npm http fetch GET 403 https://registry.vlt.io/vlt/npm/tough-cookie/-/tough-cookie-5.1.2.tgz 4972ms (cache skip)
npm http fetch GET 403 https://registry.vlt.io/vlt/npm/whatwg-encoding/-/whatwg-encoding-3.1.1.tgz 4983ms (cache skip)
npm http fetch GET 403 https://registry.vlt.io/vlt/npm/ws/-/ws-8.20.0.tgz 4985ms (cache skip)
npm http fetch GET 403 https://registry.vlt.io/vlt/npm/whatwg-url/-/whatwg-url-14.2.0.tgz 4996ms (cache skip)
npm http fetch GET 403 https://registry.vlt.io/vlt/npm/w3c-xmlserializer/-/w3c-xmlserializer-5.0.0.tgz 5049ms (cache skip)
npm http fetch GET 403 https://registry.vlt.io/vlt/npm/webidl-conversions/-/webidl-conversions-7.0.0.tgz 5076ms (cache skip)
npm http fetch GET 403 https://registry.vlt.io/vlt/npm/symbol-tree/-/symbol-tree-3.2.4.tgz 5146ms (cache skip)
npm http fetch GET 403 https://registry.vlt.io/vlt/npm/saxes/-/saxes-6.0.0.tgz 5183ms (cache skip)
npm http fetch GET 403 https://registry.vlt.io/vlt/npm/argparse/-/argparse-2.0.1.tgz 5203ms (cache skip)
npm http fetch GET 403 https://registry.vlt.io/vlt/npm/nwsapi/-/nwsapi-2.2.23.tgz 5208ms (cache skip)
npm http fetch GET 403 https://registry.vlt.io/vlt/npm/rrweb-cssom/-/rrweb-cssom-0.7.1.tgz 5210ms (cache skip)
npm http fetch GET 403 https://registry.vlt.io/vlt/npm/wrap-ansi/-/wrap-ansi-8.1.0.tgz 5270ms (cache skip)
npm http fetch GET 403 https://registry.vlt.io/vlt/npm/is-potential-custom-element-name/-/is-potential-custom-element-name-1.0.1.tgz 5279ms (cache skip)
npm http fetch GET 403 https://registry.vlt.io/vlt/npm/https-proxy-agent/-/https-proxy-agent-7.0.6.tgz 5299ms (cache skip)
npm http fetch GET 403 https://registry.vlt.io/vlt/npm/http-proxy-agent/-/http-proxy-agent-7.0.2.tgz 5302ms (cache skip)
npm http fetch GET 403 https://registry.vlt.io/vlt/npm/form-data/-/form-data-4.0.5.tgz 5309ms (cache skip)
npm http fetch GET 403 https://registry.vlt.io/vlt/npm/html-encoding-sniffer/-/html-encoding-sniffer-4.0.0.tgz 5311ms (cache skip)
npm http fetch GET 403 https://registry.vlt.io/vlt/npm/decimal.js/-/decimal.js-10.6.0.tgz 5323ms (cache skip)
npm http fetch GET 403 https://registry.vlt.io/vlt/npm/cssstyle/-/cssstyle-4.6.0.tgz 5346ms (cache skip)
npm http fetch GET 403 https://registry.vlt.io/vlt/npm/data-urls/-/data-urls-5.0.0.tgz 5347ms (cache skip)
npm http fetch GET 403 https://registry.vlt.io/vlt/npm/wrap-ansi/-/wrap-ansi-7.0.0.tgz 5392ms (cache skip)
npm http fetch GET 403 https://registry.vlt.io/vlt/npm/string-width/-/string-width-4.2.3.tgz 5426ms (cache skip)
npm http fetch GET 403 https://registry.vlt.io/vlt/npm/@isaacs/cliui/-/cliui-8.0.2.tgz 5453ms (cache skip)
npm http fetch GET 403 https://registry.vlt.io/vlt/npm/strip-ansi/-/strip-ansi-6.0.1.tgz 5491ms (cache skip)
npm http fetch GET 403 https://registry.vlt.io/vlt/npm/path-scurry/-/path-scurry-1.11.1.tgz 5493ms (cache skip)
npm http fetch GET 403 https://registry.vlt.io/vlt/npm/minipass/-/minipass-7.1.3.tgz 5513ms (cache skip)
npm http fetch GET 403 https://registry.vlt.io/vlt/npm/jackspeak/-/jackspeak-3.4.3.tgz 5519ms (cache skip)
npm http fetch GET 403 https://registry.vlt.io/vlt/npm/package-json-from-dist/-/package-json-from-dist-1.0.1.tgz 5529ms (cache skip)
npm http fetch GET 403 https://registry.vlt.io/vlt/npm/strip-ansi/-/strip-ansi-7.2.0.tgz 5546ms (cache skip)
npm http fetch GET 403 https://registry.vlt.io/vlt/npm/string-width/-/string-width-5.1.2.tgz 5569ms (cache skip)
npm http fetch GET 403 https://registry.vlt.io/vlt/npm/@pkgjs/parseargs/-/parseargs-0.11.0.tgz 5577ms (cache skip)
npm http fetch GET 403 https://registry.vlt.io/vlt/npm/signal-exit/-/signal-exit-4.1.0.tgz 5642ms (cache skip)
npm http fetch GET 403 https://registry.vlt.io/vlt/npm/foreground-child/-/foreground-child-3.3.1.tgz 5676ms (cache skip)
npm http fetch GET 403 https://registry.vlt.io/vlt/npm/glob/-/glob-10.5.0.tgz 5692ms (cache skip)
npm http fetch GET 403 https://registry.vlt.io/vlt/npm/commander/-/commander-10.0.1.tgz 5693ms (cache skip)
npm http fetch GET 403 https://registry.vlt.io/vlt/npm/@one-ini/wasm/-/wasm-0.1.1.tgz 5707ms (cache skip)
npm http fetch GET 403 https://registry.vlt.io/vlt/npm/proto-list/-/proto-list-1.2.4.tgz 5754ms (cache skip)
npm http fetch GET 403 https://registry.vlt.io/vlt/npm/parent-module/-/parent-module-1.0.1.tgz 5771ms (cache skip)
npm http fetch GET 403 https://registry.vlt.io/vlt/npm/nopt/-/nopt-7.2.1.tgz 5790ms (cache skip)
npm http fetch GET 403 https://registry.vlt.io/vlt/npm/ini/-/ini-1.3.8.tgz 5802ms (cache skip)
npm http fetch GET 403 https://registry.vlt.io/vlt/npm/js-cookie/-/js-cookie-3.0.5.tgz 5834ms (cache skip)
npm http fetch GET 403 https://registry.vlt.io/vlt/npm/editorconfig/-/editorconfig-1.0.7.tgz 5870ms (cache skip)
npm http fetch GET 403 https://registry.vlt.io/vlt/npm/config-chain/-/config-chain-1.1.13.tgz 5899ms (cache skip)
npm http fetch GET 403 https://registry.vlt.io/vlt/npm/is-extglob/-/is-extglob-2.1.1.tgz 5908ms (cache skip)
npm http fetch GET 403 https://registry.vlt.io/vlt/npm/flat-cache/-/flat-cache-4.0.1.tgz 5918ms (cache skip)
npm http fetch GET 403 https://registry.vlt.io/vlt/npm/locate-path/-/locate-path-6.0.0.tgz 5922ms (cache skip)
npm http fetch GET 403 https://registry.vlt.io/vlt/npm/reusify/-/reusify-1.1.0.tgz 5924ms (cache skip)
npm http fetch GET 403 https://registry.vlt.io/vlt/npm/resolve-from/-/resolve-from-4.0.0.tgz 5927ms (cache skip)
npm http fetch GET 403 https://registry.vlt.io/vlt/npm/keyv/-/keyv-4.5.4.tgz 5937ms (cache skip)
npm http fetch GET 403 https://registry.vlt.io/vlt/npm/run-parallel/-/run-parallel-1.2.0.tgz 5958ms (cache skip)
npm http fetch GET 403 https://registry.vlt.io/vlt/npm/@nodelib/fs.scandir/-/fs.scandir-2.1.5.tgz 5974ms (cache skip)
npm http fetch GET 403 https://registry.vlt.io/vlt/npm/flatted/-/flatted-3.4.2.tgz 5987ms (cache skip)
npm http fetch GET 403 https://registry.vlt.io/vlt/npm/path-exists/-/path-exists-4.0.0.tgz 6028ms (cache skip)
npm http fetch GET 403 https://registry.vlt.io/vlt/npm/merge2/-/merge2-1.4.1.tgz 6037ms (cache skip)
npm http fetch GET 403 https://registry.vlt.io/vlt/npm/@nodelib/fs.stat/-/fs.stat-2.0.5.tgz 6088ms (cache skip)
npm http fetch GET 403 https://registry.vlt.io/vlt/npm/esrecurse/-/esrecurse-4.3.0.tgz 6107ms (cache skip)
npm http fetch GET 403 https://registry.vlt.io/vlt/npm/@nodelib/fs.walk/-/fs.walk-1.2.8.tgz 6110ms (cache skip)
npm http fetch GET 403 https://registry.vlt.io/vlt/npm/estraverse/-/estraverse-5.3.0.tgz 6113ms (cache skip)
npm http fetch GET 403 https://registry.vlt.io/vlt/npm/fastq/-/fastq-1.20.1.tgz 6129ms (cache skip)
npm http fetch GET 403 https://registry.vlt.io/vlt/npm/acorn/-/acorn-8.16.0.tgz 6129ms (cache skip)
npm http fetch GET 403 https://registry.vlt.io/vlt/npm/postcss-selector-parser/-/postcss-selector-parser-6.1.2.tgz 6146ms (cache skip)
npm http fetch GET 403 https://registry.vlt.io/vlt/npm/micromatch/-/micromatch-4.0.8.tgz 6149ms (cache skip)
npm http fetch GET 403 https://registry.vlt.io/vlt/npm/nth-check/-/nth-check-2.1.1.tgz 6180ms (cache skip)
npm http fetch GET 403 https://registry.vlt.io/vlt/npm/acorn-jsx/-/acorn-jsx-5.3.2.tgz 6244ms (cache skip)
npm http fetch GET 403 https://registry.vlt.io/vlt/npm/color-name/-/color-name-1.1.4.tgz 6251ms (cache skip)
npm http fetch GET 403 https://registry.vlt.io/vlt/npm/which/-/which-2.0.2.tgz 6254ms (cache skip)
npm http fetch GET 403 https://registry.vlt.io/vlt/npm/xml-name-validator/-/xml-name-validator-4.0.0.tgz 6273ms (cache skip)
npm http fetch GET 403 https://registry.vlt.io/vlt/npm/color-convert/-/color-convert-2.0.1.tgz 6303ms (cache skip)
npm http fetch GET 403 https://registry.vlt.io/vlt/npm/supports-color/-/supports-color-7.2.0.tgz 6316ms (cache skip)
npm http fetch GET 403 https://registry.vlt.io/vlt/npm/uri-js/-/uri-js-4.4.1.tgz 6327ms (cache skip)
npm http fetch GET 403 https://registry.vlt.io/vlt/npm/ansi-styles/-/ansi-styles-4.3.0.tgz 6340ms (cache skip)
npm http fetch GET 403 https://registry.vlt.io/vlt/npm/synckit/-/synckit-0.11.12.tgz 6367ms (cache skip)
npm http fetch GET 403 https://registry.vlt.io/vlt/npm/fast-json-stable-stringify/-/fast-json-stable-stringify-2.1.0.tgz 6368ms (cache skip)
npm http fetch GET 403 https://registry.vlt.io/vlt/npm/prettier-linter-helpers/-/prettier-linter-helpers-1.0.1.tgz 6380ms (cache skip)
npm http fetch GET 403 https://registry.vlt.io/vlt/npm/json-schema-traverse/-/json-schema-traverse-0.4.1.tgz 6392ms (cache skip)
npm http fetch GET 403 https://registry.vlt.io/vlt/npm/strip-json-comments/-/strip-json-comments-3.1.1.tgz 6445ms (cache skip)
npm http fetch GET 403 https://registry.vlt.io/vlt/npm/path-key/-/path-key-3.1.1.tgz 6449ms (cache skip)
npm http fetch GET 403 https://registry.vlt.io/vlt/npm/@humanfs/core/-/core-0.19.2.tgz 6449ms (cache skip)
npm http fetch GET 403 https://registry.vlt.io/vlt/npm/shebang-command/-/shebang-command-2.0.0.tgz 6457ms (cache skip)
npm http fetch GET 403 https://registry.vlt.io/vlt/npm/js-yaml/-/js-yaml-4.1.1.tgz 6469ms (cache skip)
npm http fetch GET 403 https://registry.vlt.io/vlt/npm/@types/json-schema/-/json-schema-7.0.15.tgz 6528ms (cache skip)
npm http fetch GET 403 https://registry.vlt.io/vlt/npm/@humanfs/types/-/types-0.15.0.tgz 6537ms (cache skip)
npm http fetch GET 403 https://registry.vlt.io/vlt/npm/natural-compare/-/natural-compare-1.4.0.tgz 6562ms (cache skip)
npm http fetch GET 403 https://registry.vlt.io/vlt/npm/optionator/-/optionator-0.9.4.tgz 6564ms (cache skip)
npm http fetch GET 403 https://registry.vlt.io/vlt/npm/lodash.merge/-/lodash.merge-4.6.2.tgz 6584ms (cache skip)
npm http fetch GET 403 https://registry.vlt.io/vlt/npm/json-stable-stringify-without-jsonify/-/json-stable-stringify-without-jsonify-1.0.1.tgz 6587ms (cache skip)
npm http fetch GET 403 https://registry.vlt.io/vlt/npm/levn/-/levn-0.4.1.tgz 6616ms (cache skip)
npm http fetch GET 403 https://registry.vlt.io/vlt/npm/is-glob/-/is-glob-4.0.3.tgz 6654ms (cache skip)
npm http fetch GET 403 https://registry.vlt.io/vlt/npm/import-fresh/-/import-fresh-3.3.1.tgz 6663ms (cache skip)
npm http fetch GET 403 https://registry.vlt.io/vlt/npm/imurmurhash/-/imurmurhash-0.1.4.tgz 6667ms (cache skip)
npm http fetch GET 403 https://registry.vlt.io/vlt/npm/glob-parent/-/glob-parent-6.0.2.tgz 6668ms (cache skip)
npm http fetch GET 403 https://registry.vlt.io/vlt/npm/find-up/-/find-up-5.0.0.tgz 6677ms (cache skip)
npm http fetch GET 403 https://registry.vlt.io/vlt/npm/@eslint/object-schema/-/object-schema-2.1.7.tgz 6701ms (cache skip)
npm http fetch GET 403 https://registry.vlt.io/vlt/npm/globals/-/globals-14.0.0.tgz 6709ms (cache skip)
npm http fetch GET 403 https://registry.vlt.io/vlt/npm/file-entry-cache/-/file-entry-cache-8.0.0.tgz 6727ms (cache skip)
npm http fetch GET 403 https://registry.vlt.io/vlt/npm/espree/-/espree-10.4.0.tgz 6756ms (cache skip)
npm http fetch GET 403 https://registry.vlt.io/vlt/npm/esquery/-/esquery-1.7.0.tgz 6795ms (cache skip)
npm http fetch GET 403 https://registry.vlt.io/vlt/npm/ignore/-/ignore-5.3.2.tgz 6815ms (cache skip)
npm http fetch GET 403 https://registry.vlt.io/vlt/npm/escape-string-regexp/-/escape-string-regexp-4.0.0.tgz 6855ms (cache skip)
npm http fetch GET 403 https://registry.vlt.io/vlt/npm/fast-deep-equal/-/fast-deep-equal-3.1.3.tgz 6889ms (cache skip)
npm http fetch GET 403 https://registry.vlt.io/vlt/npm/ajv/-/ajv-6.15.0.tgz 6897ms (cache skip)
npm http fetch GET 403 https://registry.vlt.io/vlt/npm/@types/estree/-/estree-1.0.8.tgz 6902ms (cache skip)
npm http fetch GET 403 https://registry.vlt.io/vlt/npm/@humanwhocodes/retry/-/retry-0.4.3.tgz 6912ms (cache skip)
npm http fetch GET 403 https://registry.vlt.io/vlt/npm/@humanwhocodes/module-importer/-/module-importer-1.0.1.tgz 6923ms (cache skip)
npm http fetch GET 403 https://registry.vlt.io/vlt/npm/esutils/-/esutils-2.0.3.tgz 6927ms (cache skip)
npm http fetch GET 403 https://registry.vlt.io/vlt/npm/@humanfs/node/-/node-0.16.8.tgz 6930ms (cache skip)
npm http fetch GET 403 https://registry.vlt.io/vlt/npm/eslint-scope/-/eslint-scope-8.4.0.tgz 6945ms (cache skip)
npm http fetch GET 403 https://registry.vlt.io/vlt/npm/@eslint/js/-/js-9.39.4.tgz 6954ms (cache skip)
npm http fetch GET 403 https://registry.vlt.io/vlt/npm/@eslint/eslintrc/-/eslintrc-3.3.5.tgz 6988ms (cache skip)
npm http fetch GET 403 https://registry.vlt.io/vlt/npm/@eslint/core/-/core-0.17.0.tgz 7017ms (cache skip)
npm http fetch GET 403 https://registry.vlt.io/vlt/npm/cross-spawn/-/cross-spawn-7.0.6.tgz 7022ms (cache skip)
npm http fetch GET 403 https://registry.vlt.io/vlt/npm/chalk/-/chalk-4.1.2.tgz 7046ms (cache skip)
npm http fetch GET 403 https://registry.vlt.io/vlt/npm/@eslint/plugin-kit/-/plugin-kit-0.4.1.tgz 7104ms (cache skip)
npm http fetch GET 403 https://registry.vlt.io/vlt/npm/@eslint/config-helpers/-/config-helpers-0.4.2.tgz 7225ms (cache skip)
npm http fetch GET 403 https://registry.vlt.io/vlt/npm/@eslint/config-array/-/config-array-0.21.2.tgz 7248ms (cache skip)
npm http fetch GET 403 https://registry.vlt.io/vlt/npm/ms/-/ms-2.1.3.tgz 7253ms (cache skip)
npm http fetch GET 403 https://registry.vlt.io/vlt/npm/@eslint-community/regexpp/-/regexpp-4.12.2.tgz 7254ms (cache skip)
npm http fetch GET 403 https://registry.vlt.io/vlt/npm/node-releases/-/node-releases-2.0.38.tgz 7259ms (cache skip)
npm http fetch GET 403 https://registry.vlt.io/vlt/npm/electron-to-chromium/-/electron-to-chromium-1.5.349.tgz 7260ms (cache skip)
npm http fetch GET 403 https://registry.vlt.io/vlt/npm/update-browserslist-db/-/update-browserslist-db-1.2.3.tgz 7262ms (cache skip)
npm http fetch GET 403 https://registry.vlt.io/vlt/npm/baseline-browser-mapping/-/baseline-browser-mapping-2.10.27.tgz 7267ms (cache skip)
npm http fetch GET 403 https://registry.vlt.io/vlt/npm/caniuse-lite/-/caniuse-lite-1.0.30001791.tgz 7272ms (cache skip)
npm http fetch GET 403 https://registry.vlt.io/vlt/npm/js-beautify/-/js-beautify-1.15.4.tgz 7287ms (cache skip)
npm http fetch GET 403 https://registry.vlt.io/vlt/npm/eslint-config-prettier/-/eslint-config-prettier-10.1.8.tgz 7314ms (cache skip)
npm http fetch GET 403 https://registry.vlt.io/vlt/npm/vue-eslint-parser/-/vue-eslint-parser-10.4.0.tgz 7382ms (cache skip)
npm http fetch GET 403 https://registry.vlt.io/vlt/npm/typescript-eslint/-/typescript-eslint-8.59.2.tgz 7394ms (cache skip)
npm http fetch GET 403 https://registry.vlt.io/vlt/npm/vue-component-type-helpers/-/vue-component-type-helpers-3.2.8.tgz 7435ms (cache skip)
npm http fetch GET 403 https://registry.vlt.io/vlt/npm/eslint-plugin-prettier/-/eslint-plugin-prettier-5.5.5.tgz 7444ms (cache skip)
npm http fetch GET 403 https://registry.vlt.io/vlt/npm/postcss/-/postcss-8.5.14.tgz 7470ms (cache skip)
npm http fetch GET 403 https://registry.vlt.io/vlt/npm/@vue/compiler-ssr/-/compiler-ssr-3.5.33.tgz 7488ms (cache skip)
npm http fetch GET 403 https://registry.vlt.io/vlt/npm/source-map-js/-/source-map-js-1.2.1.tgz 7490ms (cache skip)
npm http fetch GET 403 https://registry.vlt.io/vlt/npm/entities/-/entities-7.0.1.tgz 7490ms (cache skip)
npm http fetch GET 403 https://registry.vlt.io/vlt/npm/@vue/compiler-sfc/-/compiler-sfc-3.5.33.tgz 7506ms (cache skip)
npm http fetch GET 403 https://registry.vlt.io/vlt/npm/@vue/shared/-/shared-3.5.33.tgz 7510ms (cache skip)
npm http fetch GET 403 https://registry.vlt.io/vlt/npm/@vue/babel-helper-vue-transform-on/-/babel-helper-vue-transform-on-1.5.0.tgz 7574ms (cache skip)
npm http fetch GET 403 https://registry.vlt.io/vlt/npm/@babel/plugin-syntax-jsx/-/plugin-syntax-jsx-7.28.6.tgz 7594ms (cache skip)
npm http fetch GET 403 https://registry.vlt.io/vlt/npm/magic-string/-/magic-string-0.30.21.tgz 7630ms (cache skip)
npm http fetch GET 403 https://registry.vlt.io/vlt/npm/@vue/compiler-core/-/compiler-core-3.5.33.tgz 7645ms (cache skip)
npm http fetch GET 403 https://registry.vlt.io/vlt/npm/estree-walker/-/estree-walker-2.0.2.tgz 7653ms (cache skip)
npm http fetch GET 403 https://registry.vlt.io/vlt/npm/@babel/helper-string-parser/-/helper-string-parser-7.27.1.tgz 7674ms (cache skip)
npm http fetch GET 403 https://registry.vlt.io/vlt/npm/@babel/helper-globals/-/helper-globals-7.28.0.tgz 7692ms (cache skip)
npm http fetch GET 403 https://registry.vlt.io/vlt/npm/@babel/helper-replace-supers/-/helper-replace-supers-7.28.6.tgz 7704ms (cache skip)
npm http fetch GET 403 https://registry.vlt.io/vlt/npm/@babel/helper-optimise-call-expression/-/helper-optimise-call-expression-7.27.1.tgz 7714ms (cache skip)
npm http fetch GET 403 https://registry.vlt.io/vlt/npm/@babel/plugin-syntax-typescript/-/plugin-syntax-typescript-7.28.6.tgz 7721ms (cache skip)
npm http fetch GET 403 https://registry.vlt.io/vlt/npm/@babel/helper-member-expression-to-functions/-/helper-member-expression-to-functions-7.28.5.tgz 7731ms (cache skip)
npm http fetch GET 403 https://registry.vlt.io/vlt/npm/@jridgewell/resolve-uri/-/resolve-uri-3.1.2.tgz 7778ms (cache skip)
npm http fetch GET 403 https://registry.vlt.io/vlt/npm/@babel/helper-skip-transparent-expression-wrappers/-/helper-skip-transparent-expression-wrappers-7.27.1.tgz 7777ms (cache skip)
npm http fetch GET 403 https://registry.vlt.io/vlt/npm/@vue/babel-plugin-resolve-type/-/babel-plugin-resolve-type-1.5.0.tgz 7780ms (cache skip)
npm http fetch GET 403 https://registry.vlt.io/vlt/npm/@babel/helper-plugin-utils/-/helper-plugin-utils-7.28.6.tgz 7789ms (cache skip)
npm http fetch GET 403 https://registry.vlt.io/vlt/npm/@jridgewell/sourcemap-codec/-/sourcemap-codec-1.5.5.tgz 7803ms (cache skip)
npm http fetch GET 403 https://registry.vlt.io/vlt/npm/@babel/helper-annotate-as-pure/-/helper-annotate-as-pure-7.27.3.tgz 7826ms (cache skip)
npm http fetch GET 403 https://registry.vlt.io/vlt/npm/@babel/helper-module-imports/-/helper-module-imports-7.28.6.tgz 7842ms (cache skip)
npm http fetch GET 403 https://registry.vlt.io/vlt/npm/lru-cache/-/lru-cache-5.1.1.tgz 7886ms (cache skip)
npm http fetch GET 403 https://registry.vlt.io/vlt/npm/@babel/compat-data/-/compat-data-7.29.3.tgz 7917ms (cache skip)
npm http fetch GET 403 https://registry.vlt.io/vlt/npm/@jridgewell/trace-mapping/-/trace-mapping-0.3.31.tgz 7948ms (cache skip)
npm http fetch GET 403 https://registry.vlt.io/vlt/npm/@babel/helper-validator-option/-/helper-validator-option-7.27.1.tgz 7963ms (cache skip)
npm http fetch GET 403 https://registry.vlt.io/vlt/npm/picocolors/-/picocolors-1.1.1.tgz 7972ms (cache skip)
npm http fetch GET 403 https://registry.vlt.io/vlt/npm/js-tokens/-/js-tokens-4.0.0.tgz 7982ms (cache skip)
npm http fetch GET 403 https://registry.vlt.io/vlt/npm/@babel/helper-validator-identifier/-/helper-validator-identifier-7.28.5.tgz 7983ms (cache skip)
npm http fetch GET 403 https://registry.vlt.io/vlt/npm/@babel/helper-create-class-features-plugin/-/helper-create-class-features-plugin-7.29.3.tgz 7995ms (cache skip)
npm http fetch GET 403 https://registry.vlt.io/vlt/npm/json5/-/json5-2.2.3.tgz 8014ms (cache skip)
npm http fetch GET 403 https://registry.vlt.io/vlt/npm/browserslist/-/browserslist-4.28.2.tgz 8061ms (cache skip)
npm http fetch GET 403 https://registry.vlt.io/vlt/npm/@jridgewell/remapping/-/remapping-2.3.5.tgz 8086ms (cache skip)
npm http fetch GET 403 https://registry.vlt.io/vlt/npm/jsesc/-/jsesc-3.1.0.tgz 8105ms (cache skip)
npm http fetch GET 403 https://registry.vlt.io/vlt/npm/@babel/types/-/types-7.29.0.tgz 8138ms (cache skip)
npm http fetch GET 403 https://registry.vlt.io/vlt/npm/@babel/traverse/-/traverse-7.29.0.tgz 8144ms (cache skip)
npm http fetch GET 403 https://registry.vlt.io/vlt/npm/@jridgewell/gen-mapping/-/gen-mapping-0.3.13.tgz 8146ms (cache skip)
npm http fetch GET 403 https://registry.vlt.io/vlt/npm/gensync/-/gensync-1.0.0-beta.2.tgz 8171ms (cache skip)
npm http fetch GET 403 https://registry.vlt.io/vlt/npm/@babel/helper-compilation-targets/-/helper-compilation-targets-7.28.6.tgz 8191ms (cache skip)
npm http fetch GET 403 https://registry.vlt.io/vlt/npm/@babel/helpers/-/helpers-7.29.2.tgz 8201ms (cache skip)
npm http fetch GET 403 https://registry.vlt.io/vlt/npm/@babel/helper-module-transforms/-/helper-module-transforms-7.28.6.tgz 8211ms (cache skip)
npm http fetch GET 403 https://registry.vlt.io/vlt/npm/@babel/code-frame/-/code-frame-7.29.0.tgz 8247ms (cache skip)
npm http fetch GET 403 https://registry.vlt.io/vlt/npm/@vue/babel-plugin-jsx/-/babel-plugin-jsx-1.5.0.tgz 8285ms (cache skip)
npm http fetch GET 403 https://registry.vlt.io/vlt/npm/@rolldown/pluginutils/-/pluginutils-1.0.0-rc.18.tgz 8302ms (cache skip)
npm http fetch GET 403 https://registry.vlt.io/vlt/npm/convert-source-map/-/convert-source-map-2.0.0.tgz 8309ms (cache skip)
npm http fetch GET 403 https://registry.vlt.io/vlt/npm/@babel/template/-/template-7.28.6.tgz 8335ms (cache skip)
npm http fetch GET 403 https://registry.vlt.io/vlt/npm/@babel/parser/-/parser-7.29.3.tgz 8339ms (cache skip)
npm http fetch GET 403 https://registry.vlt.io/vlt/npm/@babel/plugin-transform-typescript/-/plugin-transform-typescript-7.28.6.tgz 8349ms (cache skip)
npm http fetch GET 403 https://registry.vlt.io/vlt/npm/tinyglobby/-/tinyglobby-0.2.16.tgz 8364ms (cache skip)
npm http fetch GET 403 https://registry.vlt.io/vlt/npm/@babel/generator/-/generator-7.29.1.tgz 8424ms (cache skip)
npm http fetch GET 403 https://registry.vlt.io/vlt/npm/@typescript-eslint/tsconfig-utils/-/tsconfig-utils-8.59.2.tgz 8437ms (cache skip)
npm http fetch GET 403 https://registry.vlt.io/vlt/npm/ts-api-utils/-/ts-api-utils-2.5.0.tgz 8491ms (cache skip)
npm http fetch GET 403 https://registry.vlt.io/vlt/npm/@typescript-eslint/project-service/-/project-service-8.59.2.tgz 8492ms (cache skip)
npm http fetch GET 403 https://registry.vlt.io/vlt/npm/@typescript-eslint/visitor-keys/-/visitor-keys-8.59.2.tgz 8493ms (cache skip)
npm http fetch GET 403 https://registry.vlt.io/vlt/npm/@babel/core/-/core-7.29.0.tgz 8508ms (cache skip)
npm http fetch GET 403 https://registry.vlt.io/vlt/npm/@typescript-eslint/types/-/types-8.59.2.tgz 8507ms (cache skip)
npm http fetch GET 403 https://registry.vlt.io/vlt/npm/eslint-visitor-keys/-/eslint-visitor-keys-3.4.3.tgz 8550ms (cache skip)
npm http fetch GET 403 https://registry.vlt.io/vlt/npm/@typescript-eslint/scope-manager/-/scope-manager-8.59.2.tgz 8560ms (cache skip)
npm http fetch GET 403 https://registry.vlt.io/vlt/npm/semver/-/semver-7.7.4.tgz 8566ms (cache skip)
npm http fetch GET 403 https://registry.vlt.io/vlt/npm/undici-types/-/undici-types-6.21.0.tgz 8575ms (cache skip)
npm http fetch GET 403 https://registry.vlt.io/vlt/npm/minimatch/-/minimatch-10.2.5.tgz 8582ms (cache skip)
npm http fetch GET 403 https://registry.vlt.io/vlt/npm/@eslint-community/eslint-utils/-/eslint-utils-4.9.1.tgz 8622ms (cache skip)
npm http fetch GET 403 https://registry.vlt.io/vlt/npm/@types/tough-cookie/-/tough-cookie-4.0.5.tgz 8632ms (cache skip)
npm http fetch GET 403 https://registry.vlt.io/vlt/npm/vue-router/-/vue-router-4.6.4.tgz 8689ms (cache skip)
npm http fetch GET 403 https://registry.vlt.io/vlt/npm/vue-tsc/-/vue-tsc-2.2.12.tgz 8697ms (cache skip)
npm http fetch GET 403 https://registry.vlt.io/vlt/npm/playwright/-/playwright-1.59.1.tgz 8698ms (cache skip)
npm http fetch GET 403 https://registry.vlt.io/vlt/npm/pinia/-/pinia-2.3.1.tgz 8707ms (cache skip)
npm http fetch GET 403 https://registry.vlt.io/vlt/npm/vitest/-/vitest-2.1.9.tgz 8723ms (cache skip)
npm http fetch GET 403 https://registry.vlt.io/vlt/npm/parse5/-/parse5-7.3.0.tgz 8771ms (cache skip)
npm http fetch GET 403 https://registry.vlt.io/vlt/npm/eslint-plugin-playwright/-/eslint-plugin-playwright-2.10.2.tgz 8773ms (cache skip)
npm http fetch GET 403 https://registry.vlt.io/vlt/npm/vite-plugin-vue-devtools/-/vite-plugin-vue-devtools-7.7.9.tgz 8801ms (cache skip)
npm http fetch GET 403 https://registry.vlt.io/vlt/npm/debug/-/debug-4.4.3.tgz 8810ms (cache skip)
npm http fetch GET 403 https://registry.vlt.io/vlt/npm/@vue/tsconfig/-/tsconfig-0.7.0.tgz 8807ms (cache skip)
npm http fetch GET 403 https://registry.vlt.io/vlt/npm/eslint-plugin-vue/-/eslint-plugin-vue-9.33.0.tgz 8830ms (cache skip)
npm http fetch GET 403 https://registry.vlt.io/vlt/npm/@vue/compiler-dom/-/compiler-dom-3.5.33.tgz 8836ms (cache skip)
npm http fetch GET 403 https://registry.vlt.io/vlt/npm/prettier/-/prettier-3.8.3.tgz 8913ms (cache skip)
npm http fetch GET 403 https://registry.vlt.io/vlt/npm/npm-run-all2/-/npm-run-all2-7.0.2.tgz 8918ms (cache skip)
npm http fetch GET 403 https://registry.vlt.io/vlt/npm/@vue/test-utils/-/test-utils-2.4.10.tgz 8935ms (cache skip)
npm http fetch GET 403 https://registry.vlt.io/vlt/npm/jsdom/-/jsdom-25.0.1.tgz 8947ms (cache skip)
npm http fetch GET 403 https://registry.vlt.io/vlt/npm/@vue/eslint-config-typescript/-/eslint-config-typescript-14.7.0.tgz 9080ms (cache skip)
npm http fetch GET 403 https://registry.vlt.io/vlt/npm/@vue/eslint-config-prettier/-/eslint-config-prettier-10.2.0.tgz 9081ms (cache skip)
npm http fetch GET 403 https://registry.vlt.io/vlt/npm/typescript/-/typescript-5.6.3.tgz 9108ms (cache skip)
npm http fetch GET 403 https://registry.vlt.io/vlt/npm/eslint/-/eslint-9.39.4.tgz 9148ms (cache skip)
npm http fetch GET 403 https://registry.vlt.io/vlt/npm/vite/-/vite-6.4.2.tgz 9159ms (cache skip)
npm http fetch GET 403 https://registry.vlt.io/vlt/npm/@typescript-eslint/utils/-/utils-8.59.2.tgz 9164ms (cache skip)
npm http fetch GET 403 https://registry.vlt.io/vlt/npm/@vitejs/plugin-vue-jsx/-/plugin-vue-jsx-4.2.0.tgz 9185ms (cache skip)
npm http fetch GET 403 https://registry.vlt.io/vlt/npm/@vitest/eslint-plugin/-/eslint-plugin-1.1.10.tgz 9193ms (cache skip)
npm http fetch GET 403 https://registry.vlt.io/vlt/npm/vue/-/vue-3.5.33.tgz 9197ms (cache skip)
npm http fetch GET 403 https://registry.vlt.io/vlt/npm/@vitejs/plugin-vue/-/plugin-vue-5.2.4.tgz 9214ms (cache skip)
npm http fetch GET 403 https://registry.vlt.io/vlt/npm/@types/jsdom/-/jsdom-21.1.7.tgz 9286ms (cache skip)
npm http fetch GET 403 https://registry.vlt.io/vlt/npm/brace-expansion/-/brace-expansion-2.1.0.tgz 9286ms (cache skip)
npm http fetch GET 403 https://registry.vlt.io/vlt/npm/@types/node/-/node-22.19.17.tgz 9291ms (cache skip)
npm http fetch GET 403 https://registry.vlt.io/vlt/npm/@playwright/test/-/test-1.59.1.tgz 9318ms (cache skip)
npm http fetch GET 403 https://registry.vlt.io/vlt/npm/fast-glob/-/fast-glob-3.3.3.tgz 9355ms (cache skip)
npm http fetch GET 403 https://registry.vlt.io/vlt/npm/@tsconfig/node22/-/node22-22.0.5.tgz 9345ms (cache skip)
npm http fetch GET 403 https://registry.vlt.io/vlt/npm/balanced-match/-/balanced-match-1.0.2.tgz 9450ms (cache skip)
npm http fetch GET 403 https://registry.vlt.io/vlt/npm/minimatch/-/minimatch-9.0.9.tgz 9493ms (cache skip)
npm http fetch GET 403 https://registry.vlt.io/vlt/npm/esbuild/-/esbuild-0.21.5.tgz 9497ms (cache skip)
npm http fetch GET 403 https://registry.vlt.io/vlt/npm/vite/-/vite-5.4.21.tgz 9518ms (cache skip)
npm http fetch GET 403 https://registry.vlt.io/vlt/npm/pathe/-/pathe-1.1.2.tgz 9531ms (cache skip)
npm http fetch GET 403 https://registry.vlt.io/vlt/npm/@esbuild/linux-arm64/-/linux-arm64-0.21.5.tgz 9537ms (cache skip)
npm http fetch GET 403 https://registry.vlt.io/vlt/npm/pathe/-/pathe-1.1.2.tgz 9549ms (cache skip)
npm http fetch GET 403 https://registry.vlt.io/vlt/npm/picomatch/-/picomatch-4.0.4.tgz 9571ms (cache skip)
npm http fetch GET 403 https://registry.vlt.io/vlt/npm/pathe/-/pathe-1.1.2.tgz 9576ms (cache skip)
npm http fetch GET 403 https://registry.vlt.io/vlt/npm/path-key/-/path-key-4.0.0.tgz 9633ms (cache skip)
npm http fetch GET 403 https://registry.vlt.io/vlt/npm/strip-ansi/-/strip-ansi-6.0.1.tgz 9693ms (cache skip)
npm http fetch GET 403 https://registry.vlt.io/vlt/npm/nanoid/-/nanoid-5.1.11.tgz 9743ms (cache skip)
npm http fetch GET 403 https://registry.vlt.io/vlt/npm/ignore/-/ignore-7.0.5.tgz 9782ms (cache skip)
npm http fetch GET 403 https://registry.vlt.io/vlt/npm/rrweb-cssom/-/rrweb-cssom-0.8.0.tgz 9794ms (cache skip)
npm http fetch GET 403 https://registry.vlt.io/vlt/npm/lru-cache/-/lru-cache-10.4.3.tgz 9796ms (cache skip)
npm http fetch GET 403 https://registry.vlt.io/vlt/npm/xml-name-validator/-/xml-name-validator-5.0.0.tgz 9803ms (cache skip)
npm http fetch GET 403 https://registry.vlt.io/vlt/npm/ansi-regex/-/ansi-regex-5.0.1.tgz 9814ms (cache skip)
npm http fetch GET 403 https://registry.vlt.io/vlt/npm/emoji-regex/-/emoji-regex-8.0.0.tgz 9847ms (cache skip)
npm http fetch GET 403 https://registry.vlt.io/vlt/npm/ansi-regex/-/ansi-regex-5.0.1.tgz 9867ms (cache skip)
npm http fetch GET 403 https://registry.vlt.io/vlt/npm/lru-cache/-/lru-cache-10.4.3.tgz 9869ms (cache skip)
npm http fetch GET 403 https://registry.vlt.io/vlt/npm/string-width/-/string-width-4.2.3.tgz 9878ms (cache skip)
npm http fetch GET 403 https://registry.vlt.io/vlt/npm/balanced-match/-/balanced-match-1.0.2.tgz 9884ms (cache skip)
npm http fetch GET 403 https://registry.vlt.io/vlt/npm/ansi-styles/-/ansi-styles-6.2.3.tgz 9894ms (cache skip)
npm http fetch GET 403 https://registry.vlt.io/vlt/npm/ansi-regex/-/ansi-regex-5.0.1.tgz 9915ms (cache skip)
npm http fetch GET 403 https://registry.vlt.io/vlt/npm/emoji-regex/-/emoji-regex-8.0.0.tgz 9937ms (cache skip)
npm http fetch GET 403 https://registry.vlt.io/vlt/npm/strip-ansi/-/strip-ansi-6.0.1.tgz 9941ms (cache skip)
npm http fetch GET 403 https://registry.vlt.io/vlt/npm/brace-expansion/-/brace-expansion-2.1.0.tgz 9944ms (cache skip)
npm http fetch GET 403 https://registry.vlt.io/vlt/npm/minimatch/-/minimatch-9.0.9.tgz 9974ms (cache skip)
npm http fetch GET 403 https://registry.vlt.io/vlt/npm/balanced-match/-/balanced-match-1.0.2.tgz 9991ms (cache skip)
npm http fetch GET 403 https://registry.vlt.io/vlt/npm/brace-expansion/-/brace-expansion-2.1.0.tgz 10060ms (cache skip)
npm http fetch GET 403 https://registry.vlt.io/vlt/npm/balanced-match/-/balanced-match-1.0.2.tgz 10075ms (cache skip)
npm http fetch GET 403 https://registry.vlt.io/vlt/npm/minimatch/-/minimatch-3.1.5.tgz 10085ms (cache skip)
npm http fetch GET 403 https://registry.vlt.io/vlt/npm/minimatch/-/minimatch-3.1.5.tgz 10093ms (cache skip)
npm http fetch GET 403 https://registry.vlt.io/vlt/npm/minimatch/-/minimatch-9.0.9.tgz 10159ms (cache skip)
npm http fetch GET 403 https://registry.vlt.io/vlt/npm/eslint-visitor-keys/-/eslint-visitor-keys-4.2.1.tgz 10174ms (cache skip)
npm http fetch GET 403 https://registry.vlt.io/vlt/npm/picomatch/-/picomatch-4.0.4.tgz 10206ms (cache skip)
npm http fetch GET 403 https://registry.vlt.io/vlt/npm/balanced-match/-/balanced-match-1.0.2.tgz 10241ms (cache skip)
npm http fetch GET 403 https://registry.vlt.io/vlt/npm/brace-expansion/-/brace-expansion-1.1.14.tgz 10257ms (cache skip)
npm http fetch GET 403 https://registry.vlt.io/vlt/npm/glob-parent/-/glob-parent-5.1.2.tgz 10288ms (cache skip)
npm http fetch GET 403 https://registry.vlt.io/vlt/npm/brace-expansion/-/brace-expansion-1.1.14.tgz 10301ms (cache skip)
npm http fetch GET 403 https://registry.vlt.io/vlt/npm/eslint-visitor-keys/-/eslint-visitor-keys-5.0.1.tgz 10303ms (cache skip)
npm http fetch GET 403 https://registry.vlt.io/vlt/npm/semver/-/semver-6.3.1.tgz 10311ms (cache skip)
npm http fetch GET 403 https://registry.vlt.io/vlt/npm/semver/-/semver-6.3.1.tgz 10311ms (cache skip)
npm http fetch GET 403 https://registry.vlt.io/vlt/npm/semver/-/semver-6.3.1.tgz 10332ms (cache skip)
npm http fetch GET 403 https://registry.vlt.io/vlt/npm/fdir/-/fdir-6.5.0.tgz 10404ms (cache skip)
npm http fetch GET 403 https://registry.vlt.io/vlt/npm/eslint-visitor-keys/-/eslint-visitor-keys-5.0.1.tgz 10438ms (cache skip)
npm http fetch GET 403 https://registry.vlt.io/vlt/npm/entities/-/entities-6.0.1.tgz 10532ms (cache skip)
npm http fetch GET 403 https://registry.vlt.io/vlt/npm/@esbuild/linux-arm64/-/linux-arm64-0.21.5.tgz 10621ms (cache skip)
npm http fetch GET 403 https://registry.vlt.io/vlt/npm/esbuild/-/esbuild-0.21.5.tgz 10646ms (cache skip)
npm http fetch GET 403 https://registry.vlt.io/vlt/npm/pathe/-/pathe-1.1.2.tgz 10648ms (cache skip)
npm http fetch GET 403 https://registry.vlt.io/vlt/npm/vite/-/vite-5.4.21.tgz 10667ms (cache skip)
npm http fetch GET 403 https://registry.vlt.io/vlt/npm/balanced-match/-/balanced-match-1.0.2.tgz 10675ms (cache skip)
npm http fetch GET 403 https://registry.vlt.io/vlt/npm/minimatch/-/minimatch-9.0.9.tgz 10682ms (cache skip)
npm http fetch GET 403 https://registry.vlt.io/vlt/npm/which/-/which-5.0.0.tgz 10683ms (cache skip)
npm http fetch GET 403 https://registry.vlt.io/vlt/npm/brace-expansion/-/brace-expansion-2.1.0.tgz 10684ms (cache skip)
npm http fetch GET 403 https://registry.vlt.io/vlt/npm/ansi-styles/-/ansi-styles-6.2.3.tgz 10700ms (cache skip)
npm http fetch GET 403 https://registry.vlt.io/vlt/npm/xml-name-validator/-/xml-name-validator-5.0.0.tgz 10727ms (cache skip)
npm http fetch GET 403 https://registry.vlt.io/vlt/npm/estree-walker/-/estree-walker-3.0.3.tgz 10803ms (cache skip)
npm http fetch GET 403 https://registry.vlt.io/vlt/npm/eslint-scope/-/eslint-scope-7.2.2.tgz 10819ms (cache skip)
npm http fetch GET 403 https://registry.vlt.io/vlt/npm/@vitest/mocker/-/mocker-2.1.9.tgz 10824ms (cache skip)
npm http fetch GET 403 https://registry.vlt.io/vlt/npm/isexe/-/isexe-3.1.5.tgz 10837ms (cache skip)
npm http fetch GET 403 https://registry.vlt.io/vlt/npm/espree/-/espree-9.6.1.tgz 10869ms (cache skip)
npm http fetch GET 403 https://registry.vlt.io/vlt/npm/vue-eslint-parser/-/vue-eslint-parser-9.4.3.tgz 10887ms (cache skip)
npm http fetch GET 403 https://registry.vlt.io/vlt/npm/globals/-/globals-17.6.0.tgz 10897ms (cache skip)
npm http fetch GET 403 https://registry.vlt.io/vlt/npm/balanced-match/-/balanced-match-1.0.2.tgz 10924ms (cache skip)
npm http fetch GET 403 https://registry.vlt.io/vlt/npm/picomatch/-/picomatch-4.0.4.tgz 10928ms (cache skip)
npm http fetch GET 403 https://registry.vlt.io/vlt/npm/eslint-visitor-keys/-/eslint-visitor-keys-4.2.1.tgz 10930ms (cache skip)
npm http fetch GET 403 https://registry.vlt.io/vlt/npm/minimatch/-/minimatch-3.1.5.tgz 10939ms (cache skip)
npm http fetch GET 403 https://registry.vlt.io/vlt/npm/fdir/-/fdir-6.5.0.tgz 10945ms (cache skip)
npm http fetch GET 403 https://registry.vlt.io/vlt/npm/brace-expansion/-/brace-expansion-1.1.14.tgz 11004ms (cache skip)
npm http fetch GET 403 https://registry.vlt.io/vlt/npm/globals/-/globals-13.24.0.tgz 11024ms (cache skip)
npm http fetch GET 403 https://registry.vlt.io/vlt/npm/@typescript-eslint/typescript-estree/-/typescript-estree-8.59.2.tgz 11122ms (cache skip)
npm error code E403
npm error 403 403 Forbidden - GET https://registry.vlt.io/vlt/npm/lodash/-/lodash-4.18.1.tgz
npm error 403 In most cases, you or one of your dependencies are requesting a package version that is forbidden by your security policy, or on a server you do not have access to.
npm error A complete log of this run can be found in: /home/runner/.npm/_logs/2026-05-05T16_36_42_860Z-debug-0.log
