{
  "results": [
    {
      "command": "npm",
      "mean": 2.5869860961800004,
      "stddev": 0.015151911141826685,
      "median": 2.5787922985800003,
      "user": 2.7550941999999994,
      "system": 1.6408196400000001,
      "min": 2.5732996430800004,
      "max": 2.61864645708,
      "times": [
        2.57654168608,
        2.5778462650800003,
        2.5732996430800004,
        2.57702086908,
        2.61170282308,
        2.5797383320800003,
        2.59178250808,
        2.57570021308,
        2.58758216508,
        2.61864645708
      ],
      "exit_codes": [
        0,
        0,
        0,
        0,
        0,
        0,
        0,
        0,
        0,
        0
      ]
    },
    {
      "command": "yarn",
      "mean": 2.0235497551800004,
      "stddev": 0.12860333771067672,
      "median": 1.9675337035800002,
      "user": 1.8918025,
      "system": 2.1887301399999997,
      "min": 1.93305902708,
      "max": 2.3352377300800002,
      "times": [
        1.93849883708,
        1.93305902708,
        1.9507986730800002,
        1.9971226560800002,
        2.20769191408,
        2.3352377300800002,
        1.9871047380800002,
        1.9631920910800003,
        1.9509165690800003,
        1.9718753160800002
      ],
      "exit_codes": [
        0,
        0,
        0,
        0,
        0,
        0,
        0,
        0,
        0,
        0
      ]
    },
    {
      "command": "berry",
      "mean": 2.0135290658800007,
      "stddev": 0.017874506398020476,
      "median": 2.00514111658,
      "user": 2.2330544,
      "system": 1.1127113400000002,
      "min": 1.9955154800800001,
      "max": 2.04834493308,
      "times": [
        2.00126419308,
        2.00367409708,
        2.00660813608,
        2.02145735708,
        2.04834493308,
        2.01234750408,
        2.04449568708,
        2.00355110508,
        1.9955154800800001,
        1.9980321660800002
      ],
      "exit_codes": [
        0,
        0,
        0,
        0,
        0,
        0,
        0,
        0,
        0,
        0
      ]
    },
    {
      "command": "pnpm",
      "mean": 1.00831769358,
      "stddev": 0.028061062978525595,
      "median": 1.0060161970800001,
      "user": 1.5224824,
      "system": 0.51795334,
      "min": 0.97398651108,
      "max": 1.08268864308,
      "times": [
        0.97398651108,
        0.98890942408,
        1.0118606460800001,
        1.0073207290800001,
        1.08268864308,
        1.00778838008,
        0.98600564808,
        1.0213078160800002,
        0.99859747308,
        1.00471166508
      ],
      "exit_codes": [
        0,
        0,
        0,
        0,
        0,
        0,
        0,
        0,
        0,
        0
      ]
    },
    {
      "command": "vlt",
      "mean": 14.83827025238,
      "stddev": 0.10646835507353558,
      "median": 14.811906226080001,
      "user": 18.1229813,
      "system": 9.032965739999998,
      "min": 14.69061073608,
      "max": 15.03034121808,
      "times": [
        14.75586244408,
        14.69061073608,
        14.747158647080001,
        14.82716364108,
        14.79664881108,
        14.74710490208,
        14.87681170608,
        15.03034121808,
        14.94083469208,
        14.97016572608
      ],
      "exit_codes": [
        0,
        0,
        0,
        0,
        0,
        0,
        0,
        0,
        0,
        0
      ]
    },
    {
      "command": "bun",
      "mean": 0.20585861648000003,
      "stddev": 0.0028053213990075843,
      "median": 0.20571986508,
      "user": 0.07243509999999999,
      "system": 0.18534794,
      "min": 0.20127945608,
      "max": 0.21099238108,
      "times": [
        0.20127945608,
        0.20616359208,
        0.20393797508,
        0.20351096008,
        0.20527613808,
        0.20621270108,
        0.21014190708000002,
        0.20677259208,
        0.20429846208000002,
        0.21099238108
      ],
      "exit_codes": [
        0,
        0,
        0,
        0,
        0,
        0,
        0,
        0,
        0,
        0
      ]
    },
    {
      "command": "deno",
      "mean": 0.35961476768,
      "stddev": 0.008405253651650792,
      "median": 0.35865906858,
      "user": 0.2536214,
      "system": 0.39961093999999997,
      "min": 0.34619717208,
      "max": 0.37262346708000005,
      "times": [
        0.35168836508,
        0.37240900508,
        0.35958277708,
        0.36257645508,
        0.35059546608000003,
        0.37262346708000005,
        0.36529991208,
        0.35773536008,
        0.35743969708,
        0.34619717208
      ],
      "exit_codes": [
        0,
        0,
        0,
        0,
        0,
        0,
        0,
        0,
        0,
        0
      ]
    }
  ]
}