{
  "results": [
    {
      "command": "npm",
      "mean": 3.53038793008,
      "stddev": 0.0769574183758812,
      "median": 3.5235140403800003,
      "user": 3.65918092,
      "system": 2.3902634399999996,
      "min": 3.38963876988,
      "max": 3.64822178888,
      "times": [
        3.55361402788,
        3.60542379888,
        3.60771829288,
        3.64822178888,
        3.45747679988,
        3.48662979588,
        3.48197753988,
        3.57976443388,
        3.49341405288,
        3.38963876988
      ],
      "exit_codes": [
        0,
        0,
        0,
        0,
        0,
        0,
        0,
        0,
        0,
        0
      ]
    },
    {
      "command": "yarn",
      "mean": 2.2399665972799996,
      "stddev": 0.22652933917534196,
      "median": 2.16668810538,
      "user": 2.13431382,
      "system": 2.4012490399999997,
      "min": 2.1209476658799997,
      "max": 2.91069050788,
      "times": [
        2.21254323388,
        2.16787479688,
        2.16550141388,
        2.14301473488,
        2.91069050788,
        2.13736381988,
        2.2448255648799997,
        2.12695084388,
        2.1209476658799997,
        2.16995339088
      ],
      "exit_codes": [
        0,
        0,
        0,
        0,
        0,
        0,
        0,
        0,
        0,
        0
      ]
    },
    {
      "command": "berry",
      "mean": 2.1939129614799997,
      "stddev": 0.02605825543231813,
      "median": 2.19981983488,
      "user": 2.4798576199999998,
      "system": 1.2252536399999998,
      "min": 2.15073656488,
      "max": 2.23871835888,
      "times": [
        2.16037143388,
        2.15073656488,
        2.1790771688799997,
        2.2136268758799997,
        2.17283605488,
        2.19752086588,
        2.21292291888,
        2.23871835888,
        2.21120056888,
        2.20211880388
      ],
      "exit_codes": [
        0,
        0,
        0,
        0,
        0,
        0,
        0,
        0,
        0,
        0
      ]
    },
    {
      "command": "pnpm",
      "mean": 1.03868154898,
      "stddev": 0.01316720568509579,
      "median": 1.03645054388,
      "user": 1.56882382,
      "system": 0.5488002399999999,
      "min": 1.0235252218800002,
      "max": 1.0627421328800002,
      "times": [
        1.0627421328800002,
        1.04589107488,
        1.0245812328800001,
        1.0235252218800002,
        1.02509186188,
        1.03723416488,
        1.0482636438800002,
        1.05543387388,
        1.0283853598800001,
        1.0356669228800002
      ],
      "exit_codes": [
        0,
        0,
        0,
        0,
        0,
        0,
        0,
        0,
        0,
        0
      ]
    },
    {
      "command": "vlt",
      "mean": 1.6610392478800002,
      "stddev": 0.014137205403591601,
      "median": 1.65882236238,
      "user": 1.82239992,
      "system": 1.4046201399999998,
      "min": 1.6410305628800002,
      "max": 1.6931075368800002,
      "times": [
        1.65728624988,
        1.6713581548800003,
        1.66824819888,
        1.64755260888,
        1.66035847488,
        1.66775821088,
        1.6931075368800002,
        1.65249013488,
        1.6410305628800002,
        1.65120234588
      ],
      "exit_codes": [
        0,
        0,
        0,
        0,
        0,
        0,
        0,
        0,
        0,
        0
      ]
    },
    {
      "command": "bun",
      "mean": 0.17233626298000002,
      "stddev": 0.0036971124642193767,
      "median": 0.17125617988000003,
      "user": 0.01278472,
      "system": 0.16519424,
      "min": 0.16967144788000002,
      "max": 0.18296735288000002,
      "times": [
        0.17031042188000003,
        0.17011173188000003,
        0.17177392888,
        0.17225947488,
        0.17079011788,
        0.18296735288000002,
        0.16967144788000002,
        0.17046325988000002,
        0.17329265188,
        0.17172224188000001
      ],
      "exit_codes": [
        0,
        0,
        0,
        0,
        0,
        0,
        0,
        0,
        0,
        0
      ]
    },
    {
      "command": "deno",
      "mean": 0.39896385368000004,
      "stddev": 0.014059744457437162,
      "median": 0.39772478588000004,
      "user": 0.30523152000000003,
      "system": 0.44109143999999995,
      "min": 0.38446035788,
      "max": 0.43611975188,
      "times": [
        0.40414884888,
        0.40275497988000003,
        0.39736901588,
        0.43611975188,
        0.39808055588,
        0.38446035788,
        0.39990124388000003,
        0.38745606788000003,
        0.39387835188000003,
        0.38546936288
      ],
      "exit_codes": [
        0,
        0,
        0,
        0,
        0,
        0,
        0,
        0,
        0,
        0
      ]
    }
  ]
}