{
  "results": [
    {
      "command": "npm",
      "mean": 3.36050278058,
      "stddev": 0.027775259977935004,
      "median": 3.36802759368,
      "user": 3.5120155000000004,
      "system": 2.26029914,
      "min": 3.32205516718,
      "max": 3.40212133118,
      "times": [
        3.40212133118,
        3.32205516718,
        3.38006789318,
        3.32541742618,
        3.3433733121800002,
        3.38456187418,
        3.3809516571800002,
        3.35598729418,
        3.38285460418,
        3.32763724618
      ],
      "exit_codes": [
        0,
        0,
        0,
        0,
        0,
        0,
        0,
        0,
        0,
        0
      ]
    },
    {
      "command": "yarn",
      "mean": 2.1596191087800003,
      "stddev": 0.03150920676599234,
      "median": 2.1714313031800003,
      "user": 2.1719256000000002,
      "system": 2.3751467399999995,
      "min": 2.10003562118,
      "max": 2.19283478318,
      "times": [
        2.18007390418,
        2.10200763918,
        2.14523320718,
        2.17150912018,
        2.18028531618,
        2.18186446718,
        2.17135348618,
        2.10003562118,
        2.1709935431800003,
        2.19283478318
      ],
      "exit_codes": [
        0,
        0,
        0,
        0,
        0,
        0,
        0,
        0,
        0,
        0
      ]
    },
    {
      "command": "berry",
      "mean": 2.1878274647800002,
      "stddev": 0.033185752520040926,
      "median": 2.18632052418,
      "user": 2.5127148999999998,
      "system": 1.2545096399999998,
      "min": 2.1326426991800003,
      "max": 2.23207131818,
      "times": [
        2.22437168018,
        2.23207131818,
        2.18631559218,
        2.16445526618,
        2.14181768518,
        2.1326426991800003,
        2.20771604718,
        2.22627361318,
        2.18632545618,
        2.17628529018
      ],
      "exit_codes": [
        0,
        0,
        0,
        0,
        0,
        0,
        0,
        0,
        0,
        0
      ]
    },
    {
      "command": "zpm",
      "mean": 0.4525150586800001,
      "stddev": 0.0039037089715704236,
      "median": 0.45269882018000007,
      "user": 0.1106831,
      "system": 0.38838904,
      "min": 0.44358848318000005,
      "max": 0.45921302818000004,
      "times": [
        0.45676432918000004,
        0.4504606781800001,
        0.45247187318000004,
        0.45304365218000003,
        0.45400337518000006,
        0.4510768941800001,
        0.45292576718000005,
        0.45921302818000004,
        0.45160250618000003,
        0.44358848318000005
      ],
      "exit_codes": [
        0,
        0,
        0,
        0,
        0,
        0,
        0,
        0,
        0,
        0
      ]
    },
    {
      "command": "pnpm",
      "mean": 1.0577867732800001,
      "stddev": 0.020899919560483014,
      "median": 1.04939281968,
      "user": 1.5786116000000001,
      "system": 0.5363380399999998,
      "min": 1.03622254618,
      "max": 1.0987179521800001,
      "times": [
        1.0498088541800001,
        1.04897678518,
        1.09152469418,
        1.04104577618,
        1.05794705718,
        1.03622254618,
        1.07014675118,
        1.04187823718,
        1.0987179521800001,
        1.04159907918
      ],
      "exit_codes": [
        0,
        0,
        0,
        0,
        0,
        0,
        0,
        0,
        0,
        0
      ]
    },
    {
      "command": "vlt",
      "mean": 1.63695375478,
      "stddev": 0.014805080018664363,
      "median": 1.64074133068,
      "user": 1.7965484999999997,
      "system": 1.31804604,
      "min": 1.61066936818,
      "max": 1.6573123971800001,
      "times": [
        1.64418907618,
        1.62097695718,
        1.64558137618,
        1.62126943618,
        1.6573123971800001,
        1.61066936818,
        1.64369720918,
        1.6315329521800002,
        1.65652332318,
        1.6377854521800002
      ],
      "exit_codes": [
        0,
        0,
        0,
        0,
        0,
        0,
        0,
        0,
        0,
        0
      ]
    },
    {
      "command": "bun",
      "mean": 0.19900910038000003,
      "stddev": 0.0032925326181949283,
      "median": 0.19797155318,
      "user": 0.037756,
      "system": 0.17102084,
      "min": 0.19678879118,
      "max": 0.20863421018,
      "times": [
        0.19720771018,
        0.19757940818,
        0.19823943518,
        0.19722459218000002,
        0.19678879118,
        0.19875871118000002,
        0.20863421018,
        0.19770367118,
        0.19899219818,
        0.19896227618
      ],
      "exit_codes": [
        0,
        0,
        0,
        0,
        0,
        0,
        0,
        0,
        0,
        0
      ]
    },
    {
      "command": "deno",
      "mean": 0.43741125798000013,
      "stddev": 0.013869791776187503,
      "median": 0.43314087568000004,
      "user": 0.3371872,
      "system": 0.44149443999999993,
      "min": 0.42482545518000003,
      "max": 0.47509076118000004,
      "times": [
        0.43322078518000007,
        0.44365329818000004,
        0.4371904051800001,
        0.42864104818000004,
        0.42821330318000006,
        0.42811040318000004,
        0.42482545518000003,
        0.43306096618000006,
        0.47509076118000004,
        0.44210615418000004
      ],
      "exit_codes": [
        0,
        0,
        0,
        0,
        0,
        0,
        0,
        0,
        0,
        0
      ]
    }
  ]
}