{
  "results": [
    {
      "command": "npm",
      "mean": 2.9780831854,
      "stddev": 0.01689861767815597,
      "median": 2.9842808123999998,
      "user": 3.09317524,
      "system": 2.0502794999999994,
      "min": 2.9513873513999997,
      "max": 2.9975539103999997,
      "times": [
        2.9520533814,
        2.9705575274,
        2.9971413773999998,
        2.9844187604,
        2.9975539103999997,
        2.9935064784,
        2.9621289714,
        2.9513873513999997,
        2.9879412314,
        2.9841428644
      ],
      "exit_codes": [
        0,
        0,
        0,
        0,
        0,
        0,
        0,
        0,
        0,
        0
      ]
    },
    {
      "command": "yarn",
      "mean": 1.94013692,
      "stddev": 0.029048831279400635,
      "median": 1.9340943064,
      "user": 1.8523097399999997,
      "system": 2.1699935999999993,
      "min": 1.8838227064,
      "max": 1.9940890564000002,
      "times": [
        1.9629572424000001,
        1.9210733954,
        1.9576586654,
        1.9252059604,
        1.9940890564000002,
        1.9645694134,
        1.9324573034,
        1.8838227064,
        1.9238041474,
        1.9357313094000002
      ],
      "exit_codes": [
        0,
        0,
        0,
        0,
        0,
        0,
        0,
        0,
        0,
        0
      ]
    },
    {
      "command": "berry",
      "mean": 2.0205165062,
      "stddev": 0.026600889693723255,
      "median": 2.0254517899,
      "user": 2.2612828400000002,
      "system": 1.1151122,
      "min": 1.9759779574,
      "max": 2.0528803383999996,
      "times": [
        1.9793623894,
        2.0040732624,
        2.0528803383999996,
        2.0241455763999996,
        2.0507205664,
        2.0121134204,
        2.0267580034,
        1.9759779574,
        2.0269160264,
        2.0522175214
      ],
      "exit_codes": [
        0,
        0,
        0,
        0,
        0,
        0,
        0,
        0,
        0,
        0
      ]
    },
    {
      "command": "pnpm",
      "mean": 1.0488777640999998,
      "stddev": 0.056046967130620025,
      "median": 1.0191909224,
      "user": 1.5140793399999999,
      "system": 0.5160058,
      "min": 0.9839508064000001,
      "max": 1.1471126204,
      "times": [
        1.0199129974,
        1.0083245074,
        1.0184688474,
        1.1347977664,
        1.0866776504,
        1.1471126204,
        1.0017611224,
        1.0829874744,
        0.9839508064000001,
        1.0047838484
      ],
      "exit_codes": [
        0,
        0,
        0,
        0,
        0,
        0,
        0,
        0,
        0,
        0
      ]
    },
    {
      "command": "vlt",
      "mean": 1.4741243352999998,
      "stddev": 0.014163701176742321,
      "median": 1.4717779364,
      "user": 1.50259414,
      "system": 1.3020896999999998,
      "min": 1.4565178874,
      "max": 1.4973984444000001,
      "times": [
        1.4681818574,
        1.4753740154000001,
        1.4859650624,
        1.4879875074,
        1.4565178874,
        1.4676943154,
        1.4874821994,
        1.4973984444000001,
        1.4567343694000001,
        1.4579076944
      ],
      "exit_codes": [
        0,
        0,
        0,
        0,
        0,
        0,
        0,
        0,
        0,
        0
      ]
    },
    {
      "command": "bun",
      "mean": 0.2072447672,
      "stddev": 0.005380151121683364,
      "median": 0.20521872690000004,
      "user": 0.07250793999999999,
      "system": 0.1857321,
      "min": 0.20256737340000003,
      "max": 0.22122250840000002,
      "times": [
        0.2097915804,
        0.2028360214,
        0.20367669340000003,
        0.21086083440000003,
        0.20422685640000002,
        0.20621059740000003,
        0.22122250840000002,
        0.20256737340000003,
        0.2040443614,
        0.20701084540000003
      ],
      "exit_codes": [
        0,
        0,
        0,
        0,
        0,
        0,
        0,
        0,
        0,
        0
      ]
    },
    {
      "command": "deno",
      "mean": 0.35584268240000005,
      "stddev": 0.007402960698799223,
      "median": 0.3537064629,
      "user": 0.25500454,
      "system": 0.4018961000000001,
      "min": 0.34920138840000003,
      "max": 0.3723665344,
      "times": [
        0.3723665344,
        0.35585605540000004,
        0.3547964344,
        0.3584656634,
        0.35011789940000004,
        0.3658836864,
        0.3496118664,
        0.34920138840000003,
        0.3526164914,
        0.34951080440000004
      ],
      "exit_codes": [
        0,
        0,
        0,
        0,
        0,
        0,
        0,
        0,
        0,
        0
      ]
    }
  ]
}