{
  "results": [
    {
      "command": "npm",
      "mean": 2.6038216368200002,
      "stddev": 0.010663457848121677,
      "median": 2.60607823252,
      "user": 2.7974340200000003,
      "system": 1.5822587,
      "min": 2.57785226402,
      "max": 2.61771564102,
      "times": [
        2.60605935902,
        2.57785226402,
        2.60963137102,
        2.6041406030200003,
        2.6045247170200003,
        2.60968360802,
        2.60609710602,
        2.59183305302,
        2.61771564102,
        2.61067864602
      ],
      "exit_codes": [
        0,
        0,
        0,
        0,
        0,
        0,
        0,
        0,
        0,
        0
      ]
    },
    {
      "command": "yarn",
      "mean": 1.96576000572,
      "stddev": 0.10382824279355532,
      "median": 1.93836115602,
      "user": 1.8563301199999998,
      "system": 2.1355014,
      "min": 1.8860517680200002,
      "max": 2.2686009350200003,
      "times": [
        1.9437414720200001,
        1.9329808400200001,
        1.9465745560200003,
        1.9298913780200002,
        2.2686009350200003,
        1.98146236502,
        1.8860517680200002,
        1.94393889802,
        1.9175867480200002,
        1.90677109702
      ],
      "exit_codes": [
        0,
        0,
        0,
        0,
        0,
        0,
        0,
        0,
        0,
        0
      ]
    },
    {
      "command": "berry",
      "mean": 2.0326233406200003,
      "stddev": 0.03681560662433429,
      "median": 2.01063614552,
      "user": 2.2328744200000004,
      "system": 1.1070527,
      "min": 1.9982676070200003,
      "max": 2.10709622102,
      "times": [
        2.10709622102,
        2.04632753602,
        2.00418402602,
        2.01018945602,
        2.01108283502,
        2.08998994302,
        1.9982676070200003,
        2.04640321702,
        2.00727115802,
        2.00542140702
      ],
      "exit_codes": [
        0,
        0,
        0,
        0,
        0,
        0,
        0,
        0,
        0,
        0
      ]
    },
    {
      "command": "pnpm",
      "mean": 1.03832266332,
      "stddev": 0.05613603895842505,
      "median": 1.01322317552,
      "user": 1.5012352199999999,
      "system": 0.5093015999999999,
      "min": 0.98308911102,
      "max": 1.1718633330200001,
      "times": [
        1.00750561202,
        1.01894073902,
        1.0932198510200002,
        0.9999701020199999,
        1.1718633330200001,
        1.00193370402,
        0.98308911102,
        0.98936853102,
        1.0470443900200002,
        1.07029126002
      ],
      "exit_codes": [
        0,
        0,
        0,
        0,
        0,
        0,
        0,
        0,
        0,
        0
      ]
    },
    {
      "command": "vlt",
      "mean": 1.47855542922,
      "stddev": 0.01814367279051344,
      "median": 1.48193430352,
      "user": 1.52384002,
      "system": 1.2800336,
      "min": 1.45239549302,
      "max": 1.51181558102,
      "times": [
        1.46761865202,
        1.4954218400200001,
        1.51181558102,
        1.4554488300200001,
        1.45239549302,
        1.48259126102,
        1.4616078190200001,
        1.4935394460200002,
        1.4838380240200002,
        1.4812773460200002
      ],
      "exit_codes": [
        0,
        0,
        0,
        0,
        0,
        0,
        0,
        0,
        0,
        0
      ]
    },
    {
      "command": "bun",
      "mean": 0.20737989992,
      "stddev": 0.01049620693512028,
      "median": 0.20310401002000003,
      "user": 0.06888291999999999,
      "system": 0.18904510000000002,
      "min": 0.20112720702000003,
      "max": 0.23761735702000003,
      "times": [
        0.21179523202000003,
        0.20112720702000003,
        0.20167255502000003,
        0.20318622102000003,
        0.20462584702000003,
        0.20259283402000003,
        0.23761735702000003,
        0.20215970602000002,
        0.20600024102000003,
        0.20302179902000003
      ],
      "exit_codes": [
        0,
        0,
        0,
        0,
        0,
        0,
        0,
        0,
        0,
        0
      ]
    },
    {
      "command": "deno",
      "mean": 0.36069481461999997,
      "stddev": 0.011060467645140624,
      "median": 0.36129364052,
      "user": 0.25323611999999995,
      "system": 0.40818569999999993,
      "min": 0.33716441302000005,
      "max": 0.38116865202000005,
      "times": [
        0.36186339702000003,
        0.33716441302000005,
        0.35975966502,
        0.35025358102000004,
        0.37083271802,
        0.36072388402000005,
        0.36549796902000004,
        0.38116865202000005,
        0.35740071002,
        0.36228315702
      ],
      "exit_codes": [
        0,
        0,
        0,
        0,
        0,
        0,
        0,
        0,
        0,
        0
      ]
    }
  ]
}