{
  "results": [
    {
      "command": "npm",
      "mean": 2.97904982882,
      "stddev": 0.014008028989657785,
      "median": 2.98078323432,
      "user": 3.1059639000000003,
      "system": 2.0256443999999996,
      "min": 2.94905250032,
      "max": 2.9980492393200002,
      "times": [
        2.96856826632,
        2.9980492393200002,
        2.98867668432,
        2.98957973032,
        2.9931776253200004,
        2.94905250032,
        2.9674410743200004,
        2.98438192432,
        2.97438669932,
        2.97718454432
      ],
      "exit_codes": [
        0,
        0,
        0,
        0,
        0,
        0,
        0,
        0,
        0,
        0
      ]
    },
    {
      "command": "yarn",
      "mean": 1.92539759182,
      "stddev": 0.02692126381686624,
      "median": 1.91901301982,
      "user": 1.8709286999999997,
      "system": 2.1355721999999995,
      "min": 1.8877895013200001,
      "max": 1.9723603413200002,
      "times": [
        1.9723603413200002,
        1.9174175383199998,
        1.92974490132,
        1.96487943932,
        1.9478231803200001,
        1.91408627932,
        1.89807185732,
        1.8877895013200001,
        1.90119437832,
        1.92060850132
      ],
      "exit_codes": [
        0,
        0,
        0,
        0,
        0,
        0,
        0,
        0,
        0,
        0
      ]
    },
    {
      "command": "berry",
      "mean": 2.00673107422,
      "stddev": 0.01925630058498387,
      "median": 2.0073142288200003,
      "user": 2.215802,
      "system": 1.1289517999999998,
      "min": 1.96988270632,
      "max": 2.0321174613200004,
      "times": [
        2.01040845232,
        1.96988270632,
        2.0157315813200003,
        2.00422000532,
        2.0321174613200004,
        1.99040497632,
        2.0239293103200002,
        1.98650224832,
        2.00256274532,
        2.03155125532
      ],
      "exit_codes": [
        0,
        0,
        0,
        0,
        0,
        0,
        0,
        0,
        0,
        0
      ]
    },
    {
      "command": "pnpm",
      "mean": 1.01767715612,
      "stddev": 0.0276723030412491,
      "median": 1.00419136482,
      "user": 1.5002337,
      "system": 0.5081944999999999,
      "min": 0.9884409383200001,
      "max": 1.06535339932,
      "times": [
        1.06535339932,
        0.99985246632,
        0.99975160232,
        0.9931828293200001,
        1.05439290432,
        0.9884409383200001,
        1.04542587632,
        0.9885850013200002,
        1.00853026332,
        1.03325628032
      ],
      "exit_codes": [
        0,
        0,
        0,
        0,
        0,
        0,
        0,
        0,
        0,
        0
      ]
    },
    {
      "command": "vlt",
      "mean": 1.39739462382,
      "stddev": 0.007011870581530339,
      "median": 1.3972843888200002,
      "user": 1.5016960999999998,
      "system": 1.2349340999999998,
      "min": 1.3892187673199998,
      "max": 1.41204469232,
      "times": [
        1.3982673213199999,
        1.39093581732,
        1.39662854332,
        1.3933381493199999,
        1.3892187673199998,
        1.41204469232,
        1.39990171232,
        1.38935898632,
        1.39794023432,
        1.4063120143199999
      ],
      "exit_codes": [
        0,
        0,
        0,
        0,
        0,
        0,
        0,
        0,
        0,
        0
      ]
    },
    {
      "command": "bun",
      "mean": 0.15766845732,
      "stddev": 0.005210937943582247,
      "median": 0.15583187082,
      "user": 0.012883700000000001,
      "system": 0.1499175,
      "min": 0.15456285232,
      "max": 0.17304854732,
      "times": [
        0.15596317632,
        0.15530577732,
        0.15456285232,
        0.15504554832,
        0.15570056532,
        0.15688271132,
        0.17304854732,
        0.15679387732,
        0.15550538432,
        0.15787613332
      ],
      "exit_codes": [
        0,
        0,
        0,
        0,
        0,
        0,
        0,
        0,
        0,
        0
      ]
    },
    {
      "command": "deno",
      "mean": 0.37019970652,
      "stddev": 0.008442029615707683,
      "median": 0.37024549332,
      "user": 0.2885118,
      "system": 0.4068804999999999,
      "min": 0.35696223632,
      "max": 0.38480468732,
      "times": [
        0.37949821732,
        0.36699130732,
        0.35696223632,
        0.38480468732,
        0.37468536432,
        0.37349967932,
        0.36488326932000004,
        0.37637169632,
        0.36261492932,
        0.36168567832000004
      ],
      "exit_codes": [
        0,
        0,
        0,
        0,
        0,
        0,
        0,
        0,
        0,
        0
      ]
    }
  ]
}