{
  "results": [
    {
      "command": "npm",
      "mean": 2.6806587987199997,
      "stddev": 0.023269789600155254,
      "median": 2.6814649070199996,
      "user": 2.9039114199999996,
      "system": 1.6186328800000003,
      "min": 2.64946410002,
      "max": 2.73123059302,
      "times": [
        2.70422903902,
        2.65744723502,
        2.66857885502,
        2.73123059302,
        2.65780296102,
        2.6780592790199997,
        2.68591030702,
        2.68899508302,
        2.64946410002,
        2.68487053502
      ],
      "exit_codes": [
        0,
        0,
        0,
        0,
        0,
        0,
        0,
        0,
        0,
        0
      ]
    },
    {
      "command": "yarn",
      "mean": 2.02722666952,
      "stddev": 0.1435991101569774,
      "median": 1.97494718502,
      "user": 1.9417079200000003,
      "system": 2.16423598,
      "min": 1.94535572502,
      "max": 2.44961975902,
      "times": [
        2.02770564702,
        2.0285490030199997,
        1.98940134602,
        1.94535572502,
        2.44961975902,
        1.9590379670200002,
        1.96049302402,
        1.9561592380200001,
        1.95994568702,
        1.99599929902
      ],
      "exit_codes": [
        0,
        0,
        0,
        0,
        0,
        0,
        0,
        0,
        0,
        0
      ]
    },
    {
      "command": "berry",
      "mean": 2.0710065057200002,
      "stddev": 0.018829727155073302,
      "median": 2.06909141602,
      "user": 2.31502012,
      "system": 1.13321418,
      "min": 2.03892054602,
      "max": 2.10404770902,
      "times": [
        2.09312722402,
        2.07382831902,
        2.0686422950199996,
        2.0878738160199997,
        2.0532286470199996,
        2.05353740102,
        2.10404770902,
        2.0673185630199997,
        2.03892054602,
        2.06954053702
      ],
      "exit_codes": [
        0,
        0,
        0,
        0,
        0,
        0,
        0,
        0,
        0,
        0
      ]
    },
    {
      "command": "pnpm",
      "mean": 1.04527299302,
      "stddev": 0.025970537950813735,
      "median": 1.03727399352,
      "user": 1.56248912,
      "system": 0.5335977799999999,
      "min": 1.01201382102,
      "max": 1.11032382402,
      "times": [
        1.11032382402,
        1.06511207702,
        1.05668089602,
        1.01201382102,
        1.03998750402,
        1.03768523902,
        1.03651812402,
        1.0360452580200001,
        1.02150043902,
        1.0368627480200001
      ],
      "exit_codes": [
        0,
        0,
        0,
        0,
        0,
        0,
        0,
        0,
        0,
        0
      ]
    },
    {
      "command": "vlt",
      "mean": 2.03948541792,
      "stddev": 0.030726223498132317,
      "median": 2.03766271052,
      "user": 2.3055001199999996,
      "system": 2.2943348799999996,
      "min": 1.99187056602,
      "max": 2.09312938902,
      "times": [
        2.08506933502,
        2.09312938902,
        2.03543525002,
        2.0291080520199998,
        2.0398901710199997,
        2.0026964390199997,
        2.0515254710199997,
        2.01704654902,
        2.04908295702,
        1.99187056602
      ],
      "exit_codes": [
        0,
        0,
        0,
        0,
        0,
        0,
        0,
        0,
        0,
        0
      ]
    },
    {
      "command": "bun",
      "mean": 0.21025630662,
      "stddev": 0.008672558360432578,
      "median": 0.20798810002,
      "user": 0.07144562000000002,
      "system": 0.19118227999999998,
      "min": 0.20300719602,
      "max": 0.23434931902,
      "times": [
        0.20865892102,
        0.21052506702,
        0.23434931902,
        0.20300719602,
        0.20383288202000002,
        0.21442290102,
        0.20731727902000002,
        0.20684221602,
        0.20942369902000002,
        0.20418358602
      ],
      "exit_codes": [
        0,
        0,
        0,
        0,
        0,
        0,
        0,
        0,
        0,
        0
      ]
    },
    {
      "command": "deno",
      "mean": 0.36710885232,
      "stddev": 0.011470440253152983,
      "median": 0.36476353102000003,
      "user": 0.24555352,
      "system": 0.40996288,
      "min": 0.35029988902000003,
      "max": 0.38988891302,
      "times": [
        0.37370863202000004,
        0.38988891302,
        0.38101540802,
        0.35029988902000003,
        0.36310940502,
        0.36641765702,
        0.35429490402,
        0.37068431802,
        0.36243213902000004,
        0.35923725802
      ],
      "exit_codes": [
        0,
        0,
        0,
        0,
        0,
        0,
        0,
        0,
        0,
        0
      ]
    }
  ]
}