{
  "results": [
    {
      "command": "npm",
      "mean": 3.03194610744,
      "stddev": 0.013719820996946155,
      "median": 3.02746003704,
      "user": 3.14939216,
      "system": 2.09052906,
      "min": 3.01195002904,
      "max": 3.05553864604,
      "times": [
        3.05553864604,
        3.02454085104,
        3.02791937404,
        3.03316782604,
        3.05382640504,
        3.02598435004,
        3.02700070004,
        3.01195002904,
        3.04211735704,
        3.01741553604
      ],
      "exit_codes": [
        0,
        0,
        0,
        0,
        0,
        0,
        0,
        0,
        0,
        0
      ]
    },
    {
      "command": "yarn",
      "mean": 2.00668575534,
      "stddev": 0.1016072148598895,
      "median": 1.97401385304,
      "user": 1.90033316,
      "system": 2.15905666,
      "min": 1.92970139704,
      "max": 2.30504524404,
      "times": [
        1.9919547200399998,
        1.99689813004,
        2.00554954204,
        1.96741692904,
        1.96785525804,
        2.30504524404,
        1.9544086270399998,
        1.97965036004,
        1.92970139704,
        1.96837734604
      ],
      "exit_codes": [
        0,
        0,
        0,
        0,
        0,
        0,
        0,
        0,
        0,
        0
      ]
    },
    {
      "command": "berry",
      "mean": 1.9540555077400001,
      "stddev": 0.018242157291546438,
      "median": 1.95444927304,
      "user": 2.22744126,
      "system": 1.11443996,
      "min": 1.92677164904,
      "max": 1.97941861404,
      "times": [
        1.9630997530399998,
        1.97303528504,
        1.92677164904,
        1.93153880204,
        1.9766822100399999,
        1.93454618204,
        1.95903298704,
        1.94986555904,
        1.97941861404,
        1.9465640360399998
      ],
      "exit_codes": [
        0,
        0,
        0,
        0,
        0,
        0,
        0,
        0,
        0,
        0
      ]
    },
    {
      "command": "zpm",
      "mean": 0.5223251255400001,
      "stddev": 0.0050870013230232495,
      "median": 0.5229097555400001,
      "user": 0.11757155999999999,
      "system": 0.42750546,
      "min": 0.5159739710400001,
      "max": 0.5335493820400001,
      "times": [
        0.5166717380400001,
        0.5234343120400001,
        0.5181799950400001,
        0.52238519904,
        0.5257915730400001,
        0.5159739710400001,
        0.5237490160400001,
        0.5180572900400001,
        0.52545877904,
        0.5335493820400001
      ],
      "exit_codes": [
        0,
        0,
        0,
        0,
        0,
        0,
        0,
        0,
        0,
        0
      ]
    },
    {
      "command": "pnpm",
      "mean": 0.97600215854,
      "stddev": 0.007502025933345366,
      "median": 0.97737503154,
      "user": 1.49951736,
      "system": 0.51586026,
      "min": 0.9608084690400001,
      "max": 0.9874701080400001,
      "times": [
        0.9802098260400001,
        0.9874701080400001,
        0.9608084690400001,
        0.9703066390400001,
        0.9790775590400002,
        0.97567250404,
        0.9680526270400001,
        0.9743063600400002,
        0.9828638540400001,
        0.9812536390400001
      ],
      "exit_codes": [
        0,
        0,
        0,
        0,
        0,
        0,
        0,
        0,
        0,
        0
      ]
    },
    {
      "command": "vlt",
      "mean": 1.4653597918399999,
      "stddev": 0.020082657677862645,
      "median": 1.45991278154,
      "user": 1.5594886600000002,
      "system": 1.2096153599999997,
      "min": 1.4360490480399999,
      "max": 1.50153431104,
      "times": [
        1.46219949804,
        1.47388744804,
        1.50153431104,
        1.45658102904,
        1.4360490480399999,
        1.45762606504,
        1.46227158304,
        1.50064046004,
        1.45039114304,
        1.45241733304
      ],
      "exit_codes": [
        0,
        0,
        0,
        0,
        0,
        0,
        0,
        0,
        0,
        0
      ]
    },
    {
      "command": "bun",
      "mean": 0.16009758504,
      "stddev": 0.0012854271465399351,
      "median": 0.16020737904,
      "user": 0.01497406,
      "system": 0.15068586,
      "min": 0.15832003704,
      "max": 0.16217351404,
      "times": [
        0.16217351404,
        0.16203392804,
        0.15991545903999999,
        0.16058185404,
        0.16049929904,
        0.15832003704,
        0.15914623104,
        0.15914243604,
        0.16070529204,
        0.15845780003999999
      ],
      "exit_codes": [
        0,
        0,
        0,
        0,
        0,
        0,
        0,
        0,
        0,
        0
      ]
    },
    {
      "command": "deno",
      "mean": 0.37302727254,
      "stddev": 0.008739313129818467,
      "median": 0.37526759404,
      "user": 0.28388055999999995,
      "system": 0.41128866,
      "min": 0.35476106804,
      "max": 0.38426560104,
      "times": [
        0.36847870304,
        0.37661941304,
        0.37436296604,
        0.38089301104,
        0.37617222204,
        0.38426560104,
        0.37252584804,
        0.36137685504,
        0.38081703804,
        0.35476106804
      ],
      "exit_codes": [
        0,
        0,
        0,
        0,
        0,
        0,
        0,
        0,
        0,
        0
      ]
    }
  ]
}