{
  "results": [
    {
      "command": "npm",
      "mean": 4.06679825338,
      "stddev": 0.012598561290344205,
      "median": 4.06915104388,
      "user": 3.8515917599999994,
      "system": 2.76413592,
      "min": 4.04708910038,
      "max": 4.0834086013799995,
      "times": [
        4.0834086013799995,
        4.0722714903799995,
        4.05207300538,
        4.06603059738,
        4.07916856338,
        4.07944536438,
        4.049451159379999,
        4.04708910038,
        4.0743580133799995,
        4.0646866383799996
      ],
      "exit_codes": [
        0,
        0,
        0,
        0,
        0,
        0,
        0,
        0,
        0,
        0
      ]
    },
    {
      "command": "yarn",
      "mean": 2.2059055382800006,
      "stddev": 0.030507831483663192,
      "median": 2.21428589988,
      "user": 2.20988706,
      "system": 2.5408169199999997,
      "min": 2.1388910413800004,
      "max": 2.2537149963800003,
      "times": [
        2.2537149963800003,
        2.2221833123800003,
        2.2286829633800003,
        2.2076820443800003,
        2.1853226133800003,
        2.1745183953800002,
        2.1388910413800004,
        2.21206124938,
        2.2194882163800003,
        2.21651055038
      ],
      "exit_codes": [
        0,
        0,
        0,
        0,
        0,
        0,
        0,
        0,
        0,
        0
      ]
    },
    {
      "command": "berry",
      "mean": 2.29913435668,
      "stddev": 0.029612956200737815,
      "median": 2.2993955808800006,
      "user": 2.6304928599999995,
      "system": 1.28514332,
      "min": 2.25576242338,
      "max": 2.3392958863800004,
      "times": [
        2.25634581138,
        2.2760058893800004,
        2.3381471953800004,
        2.3209457223800003,
        2.25576242338,
        2.32361617538,
        2.3034732423800004,
        2.3392958863800004,
        2.2824333013800002,
        2.2953179193800004
      ],
      "exit_codes": [
        0,
        0,
        0,
        0,
        0,
        0,
        0,
        0,
        0,
        0
      ]
    },
    {
      "command": "pnpm",
      "mean": 1.08674942948,
      "stddev": 0.027706804862747528,
      "median": 1.08453067938,
      "user": 1.60014076,
      "system": 0.55567842,
      "min": 1.04259558038,
      "max": 1.12711148838,
      "times": [
        1.11598320538,
        1.08360406738,
        1.04964686838,
        1.11834893438,
        1.08545729138,
        1.07623975638,
        1.06509898538,
        1.1034081173799999,
        1.04259558038,
        1.12711148838
      ],
      "exit_codes": [
        0,
        0,
        0,
        0,
        0,
        0,
        0,
        0,
        0,
        0
      ]
    },
    {
      "command": "vlt",
      "mean": 1.6618142721799998,
      "stddev": 0.014277499635688346,
      "median": 1.66077848088,
      "user": 1.67554806,
      "system": 1.4259166200000002,
      "min": 1.63401750238,
      "max": 1.6835538223800002,
      "times": [
        1.67890965638,
        1.63401750238,
        1.6739182723800001,
        1.65621868738,
        1.6581664493800001,
        1.6835538223800002,
        1.6614969553799999,
        1.66677970538,
        1.64502166438,
        1.66006000638
      ],
      "exit_codes": [
        0,
        0,
        0,
        0,
        0,
        0,
        0,
        0,
        0,
        0
      ]
    },
    {
      "command": "bun",
      "mean": 0.18575997238000003,
      "stddev": 0.0012641873305500274,
      "median": 0.18546028338000003,
      "user": 0.01385856,
      "system": 0.17736442000000002,
      "min": 0.18421638038000002,
      "max": 0.18869343038000003,
      "times": [
        0.18463460638,
        0.18421638038000002,
        0.18513104138000003,
        0.18607220938000002,
        0.18869343038000003,
        0.18511955438000002,
        0.18592305538,
        0.18578952538000001,
        0.18716576238000002,
        0.18485415838000002
      ],
      "exit_codes": [
        0,
        0,
        0,
        0,
        0,
        0,
        0,
        0,
        0,
        0
      ]
    },
    {
      "command": "deno",
      "mean": 0.37624734158000006,
      "stddev": 0.004802911006563701,
      "median": 0.37564351588,
      "user": 0.28798086,
      "system": 0.44884862,
      "min": 0.36653564438,
      "max": 0.38319777338,
      "times": [
        0.37982501938,
        0.37518407538,
        0.38157192938,
        0.37096295838,
        0.38319777338,
        0.37505112538,
        0.37977768138,
        0.36653564438,
        0.37426425238,
        0.37610295638
      ],
      "exit_codes": [
        0,
        0,
        0,
        0,
        0,
        0,
        0,
        0,
        0,
        0
      ]
    }
  ]
}