{
  "results": [
    {
      "command": "npm",
      "mean": 2.66929435628,
      "stddev": 0.01754511057575729,
      "median": 2.66566964878,
      "user": 2.8807682000000003,
      "system": 1.6173448000000001,
      "min": 2.63764053078,
      "max": 2.70180702578,
      "times": [
        2.6590149567799997,
        2.70180702578,
        2.66774360778,
        2.68607085978,
        2.6747280237799997,
        2.66121596878,
        2.68636325478,
        2.6635956897799997,
        2.63764053078,
        2.65476364478
      ],
      "exit_codes": [
        0,
        0,
        0,
        0,
        0,
        0,
        0,
        0,
        0,
        0
      ]
    },
    {
      "command": "yarn",
      "mean": 2.0877631233800003,
      "stddev": 0.323552696125821,
      "median": 1.98979961928,
      "user": 1.9443137999999998,
      "system": 2.0974062,
      "min": 1.9388531437799998,
      "max": 3.05561401378,
      "times": [
        1.97579629878,
        2.01851336378,
        1.95681638278,
        1.99445299378,
        3.05561401378,
        2.00963131978,
        1.9388531437799998,
        1.94835447878,
        1.99398114178,
        1.9856180967800001
      ],
      "exit_codes": [
        0,
        0,
        0,
        0,
        0,
        0,
        0,
        0,
        0,
        0
      ]
    },
    {
      "command": "berry",
      "mean": 2.0747056533799997,
      "stddev": 0.042917869328728486,
      "median": 2.06173135528,
      "user": 2.2590874,
      "system": 1.1197772,
      "min": 2.03762585178,
      "max": 2.1952443267799997,
      "times": [
        2.07105146978,
        2.04765428278,
        2.1952443267799997,
        2.06363943478,
        2.06566204078,
        2.05982327578,
        2.03762585178,
        2.0970731307799997,
        2.0590364057799997,
        2.05024631478
      ],
      "exit_codes": [
        0,
        0,
        0,
        0,
        0,
        0,
        0,
        0,
        0,
        0
      ]
    },
    {
      "command": "pnpm",
      "mean": 1.01888743598,
      "stddev": 0.005499494919812285,
      "median": 1.01864120378,
      "user": 1.5599852,
      "system": 0.5229454,
      "min": 1.00759677078,
      "max": 1.0276034647799999,
      "times": [
        1.0202138907799998,
        1.0139555707799999,
        1.02444772778,
        1.0276034647799999,
        1.0160524677799998,
        1.01975100078,
        1.00759677078,
        1.0242950357799998,
        1.0174270237799998,
        1.0175314067799999
      ],
      "exit_codes": [
        0,
        0,
        0,
        0,
        0,
        0,
        0,
        0,
        0,
        0
      ]
    },
    {
      "command": "vlt",
      "mean": 2.01647703608,
      "stddev": 0.015004616838703804,
      "median": 2.0128629267799996,
      "user": 2.2640544,
      "system": 2.2448555999999997,
      "min": 1.9916677857799998,
      "max": 2.04366868478,
      "times": [
        2.0134319927799997,
        2.03489522978,
        1.9916677857799998,
        2.01229386078,
        2.00996216478,
        2.02747674378,
        2.00885486378,
        2.04366868478,
        1.99997856278,
        2.0225404717799997
      ],
      "exit_codes": [
        0,
        0,
        0,
        0,
        0,
        0,
        0,
        0,
        0,
        0
      ]
    },
    {
      "command": "bun",
      "mean": 0.20867964148,
      "stddev": 0.0031578965771275357,
      "median": 0.20838824478,
      "user": 0.0736533,
      "system": 0.18891319999999998,
      "min": 0.20418322478000003,
      "max": 0.21479246978000002,
      "times": [
        0.21479246978000002,
        0.21002131578000002,
        0.20863068578000002,
        0.21131520678000001,
        0.20538643878,
        0.20814580378000003,
        0.20418322478000003,
        0.20758777178,
        0.20513628178,
        0.21159721578000001
      ],
      "exit_codes": [
        0,
        0,
        0,
        0,
        0,
        0,
        0,
        0,
        0,
        0
      ]
    },
    {
      "command": "deno",
      "mean": 0.35837828048,
      "stddev": 0.0067818767427770205,
      "median": 0.35908333328,
      "user": 0.24661629999999995,
      "system": 0.40482939999999995,
      "min": 0.34218629278,
      "max": 0.36684253578000003,
      "times": [
        0.35587416378000003,
        0.36684253578000003,
        0.34218629278,
        0.35551301178000005,
        0.36331571578000005,
        0.36536702578,
        0.35827967578000003,
        0.36250714978000004,
        0.35401024278000004,
        0.35988699078
      ],
      "exit_codes": [
        0,
        0,
        0,
        0,
        0,
        0,
        0,
        0,
        0,
        0
      ]
    }
  ]
}