{
  "results": [
    {
      "command": "npm",
      "mean": 1.0748916969200002,
      "stddev": 0.004991267141514923,
      "median": 1.07434056962,
      "user": 1.08794704,
      "system": 0.5810566999999999,
      "min": 1.06407717312,
      "max": 1.08355027212,
      "times": [
        1.08111038612,
        1.07612441712,
        1.07421697812,
        1.07446416112,
        1.07353480612,
        1.06407717312,
        1.07653281212,
        1.07170040712,
        1.08355027212,
        1.07360555612
      ],
      "exit_codes": [
        0,
        0,
        0,
        0,
        0,
        0,
        0,
        0,
        0,
        0
      ]
    },
    {
      "command": "yarn",
      "mean": 0.73483912112,
      "stddev": 0.007792696757723772,
      "median": 0.7360462591200001,
      "user": 0.7002631399999999,
      "system": 0.5288798,
      "min": 0.72242304112,
      "max": 0.7503016341200001,
      "times": [
        0.72242304112,
        0.73496835112,
        0.73957121112,
        0.7371241671200001,
        0.73900350812,
        0.72676951112,
        0.7343409591200001,
        0.7253522021200001,
        0.73853662612,
        0.7503016341200001
      ],
      "exit_codes": [
        0,
        0,
        0,
        0,
        0,
        0,
        0,
        0,
        0,
        0
      ]
    },
    {
      "command": "berry",
      "mean": 1.07254383902,
      "stddev": 0.01413004866350961,
      "median": 1.07445727312,
      "user": 1.2264606399999998,
      "system": 0.40700630000000004,
      "min": 1.05132507012,
      "max": 1.09126051912,
      "times": [
        1.06667177612,
        1.08130316912,
        1.05132507012,
        1.05495578012,
        1.09126051912,
        1.08803559812,
        1.06761137712,
        1.08267005612,
        1.08498979212,
        1.05661525212
      ],
      "exit_codes": [
        0,
        0,
        0,
        0,
        0,
        0,
        0,
        0,
        0,
        0
      ]
    },
    {
      "command": "pnpm",
      "mean": 0.7218142183199999,
      "stddev": 0.007920953223260967,
      "median": 0.72026740162,
      "user": 0.9719377399999999,
      "system": 0.21974709999999997,
      "min": 0.7108579071200001,
      "max": 0.7372742131200001,
      "times": [
        0.71845876312,
        0.71966064912,
        0.71292267812,
        0.7152787781200001,
        0.73194113912,
        0.7108579071200001,
        0.7372742131200001,
        0.7261468011200001,
        0.7247271001200001,
        0.72087415412
      ],
      "exit_codes": [
        0,
        0,
        0,
        0,
        0,
        0,
        0,
        0,
        0,
        0
      ]
    },
    {
      "command": "vlt",
      "mean": 0.54762687502,
      "stddev": 0.004662746052097881,
      "median": 0.5465842381200001,
      "user": 0.54730024,
      "system": 0.35574149999999993,
      "min": 0.54280556512,
      "max": 0.5587994471200001,
      "times": [
        0.54318705512,
        0.5587994471200001,
        0.5462349521200001,
        0.5445442031200001,
        0.54280556512,
        0.55173716312,
        0.5473464021200001,
        0.5469335241200001,
        0.54413318912,
        0.55054724912
      ],
      "exit_codes": [
        0,
        0,
        0,
        0,
        0,
        0,
        0,
        0,
        0,
        0
      ]
    },
    {
      "command": "bun",
      "mean": 0.03230795172,
      "stddev": 0.00014683950165551623,
      "median": 0.03226126312,
      "user": 0.00611614,
      "system": 0.0318111,
      "min": 0.03210806712,
      "max": 0.032553747120000004,
      "times": [
        0.032452053120000005,
        0.03219979012,
        0.032545796120000005,
        0.03224461212,
        0.03226930112,
        0.03210806712,
        0.032553747120000004,
        0.03217938112,
        0.032273544120000004,
        0.03225322512
      ],
      "exit_codes": [
        0,
        0,
        0,
        0,
        0,
        0,
        0,
        0,
        0,
        0
      ]
    },
    {
      "command": "deno",
      "mean": 0.19826157312000003,
      "stddev": 0.00561850339578189,
      "median": 0.19909894062,
      "user": 0.18620334,
      "system": 0.14520149999999998,
      "min": 0.18965009012,
      "max": 0.20752459612000002,
      "times": [
        0.19512803312,
        0.18965009012,
        0.19786919112,
        0.20307751612000002,
        0.19118632212000003,
        0.20752459612000002,
        0.20222571912000004,
        0.20032869011999999,
        0.20291664812,
        0.19270892511999999
      ],
      "exit_codes": [
        0,
        0,
        0,
        0,
        0,
        0,
        0,
        0,
        0,
        0
      ]
    }
  ]
}