{
  "results": [
    {
      "command": "npm",
      "mean": 0.9511625917400002,
      "stddev": 0.008426972656113373,
      "median": 0.9502995073400001,
      "user": 0.9880762599999999,
      "system": 0.4568887599999999,
      "min": 0.9395217613400001,
      "max": 0.9681934073400001,
      "times": [
        0.9577186093400001,
        0.9502789223400001,
        0.9681934073400001,
        0.9575973483400001,
        0.9395217613400001,
        0.9446625483400001,
        0.9561010583400001,
        0.9503200923400001,
        0.9406024173400002,
        0.9466297523400001
      ],
      "exit_codes": [
        0,
        0,
        0,
        0,
        0,
        0,
        0,
        0,
        0,
        0
      ]
    },
    {
      "command": "yarn",
      "mean": 0.7768985967400001,
      "stddev": 0.15423055924078483,
      "median": 0.7246109333400002,
      "user": 0.68910046,
      "system": 0.52237556,
      "min": 0.7114612613400001,
      "max": 1.23645275834,
      "times": [
        0.7154119473400001,
        0.7114612613400001,
        0.7767582403400001,
        0.7115307683400001,
        0.7251521433400001,
        0.7270098713400001,
        0.7242853873400001,
        0.7159871103400001,
        0.72493647934,
        1.23645275834
      ],
      "exit_codes": [
        0,
        0,
        0,
        0,
        0,
        0,
        0,
        0,
        0,
        0
      ]
    },
    {
      "command": "berry",
      "mean": 1.06735759214,
      "stddev": 0.026285994234756284,
      "median": 1.0655819848399999,
      "user": 1.16796246,
      "system": 0.38833466000000005,
      "min": 1.03279404234,
      "max": 1.11551326834,
      "times": [
        1.0691737693399999,
        1.0499628403399999,
        1.09556772834,
        1.11551326834,
        1.03279404234,
        1.09524529934,
        1.07225733734,
        1.04406223434,
        1.06199020034,
        1.0370092013399999
      ],
      "exit_codes": [
        0,
        0,
        0,
        0,
        0,
        0,
        0,
        0,
        0,
        0
      ]
    },
    {
      "command": "pnpm",
      "mean": 0.71594178384,
      "stddev": 0.02720718450790966,
      "median": 0.7071536868400001,
      "user": 0.9270841599999999,
      "system": 0.20894505999999996,
      "min": 0.6836136353400001,
      "max": 0.7596715223400001,
      "times": [
        0.6867974903400001,
        0.7596715223400001,
        0.6921042313400001,
        0.69741961634,
        0.6997261813400001,
        0.7319963133400001,
        0.7352884183400001,
        0.7145811923400001,
        0.6836136353400001,
        0.7582192373400001
      ],
      "exit_codes": [
        0,
        0,
        0,
        0,
        0,
        0,
        0,
        0,
        0,
        0
      ]
    },
    {
      "command": "vlt",
      "mean": 2.76736278334,
      "stddev": 0.021058357429096616,
      "median": 2.7708900618400003,
      "user": 2.6190998599999995,
      "system": 1.39256116,
      "min": 2.72162208134,
      "max": 2.79225788434,
      "times": [
        2.74972096034,
        2.78190194534,
        2.75600630934,
        2.72162208134,
        2.78488291734,
        2.75987817834,
        2.78498368534,
        2.79225788434,
        2.75761754434,
        2.78475632734
      ],
      "exit_codes": [
        0,
        0,
        0,
        0,
        0,
        0,
        0,
        0,
        0,
        0
      ]
    },
    {
      "command": "bun",
      "mean": 0.06704582744000001,
      "stddev": 0.00040380180162362893,
      "median": 0.06702186134000002,
      "user": 0.031017259999999998,
      "system": 0.04450596,
      "min": 0.06662388834,
      "max": 0.06807919334,
      "times": [
        0.06807919334,
        0.06705522734000001,
        0.06698849534000001,
        0.06669403134,
        0.06678141434,
        0.06662388834,
        0.06708892034,
        0.06709392634,
        0.06732884734,
        0.06672433034
      ],
      "exit_codes": [
        0,
        0,
        0,
        0,
        0,
        0,
        0,
        0,
        0,
        0
      ]
    },
    {
      "command": "deno",
      "mean": 0.15709440964000002,
      "stddev": 0.0165825275011931,
      "median": 0.15940797684000002,
      "user": 0.11391806,
      "system": 0.12297106,
      "min": 0.13083617934,
      "max": 0.18860664434000002,
      "times": [
        0.16539141034000002,
        0.18860664434000002,
        0.13083617934,
        0.15300729734000001,
        0.15740009834000002,
        0.16636065434,
        0.14200267834000002,
        0.16141585534,
        0.17050003034,
        0.13542324834
      ],
      "exit_codes": [
        0,
        0,
        0,
        0,
        0,
        0,
        0,
        0,
        0,
        0
      ]
    }
  ]
}