{
  "results": [
    {
      "command": "npm",
      "mean": 0.5832858151,
      "stddev": 0.008820995249394222,
      "median": 0.5838449956,
      "user": 0.65111614,
      "system": 0.10524518000000001,
      "min": 0.5708354266,
      "max": 0.6017481466,
      "times": [
        0.5846055326,
        0.5805518066,
        0.5708354266,
        0.5868982806,
        0.5830844586,
        0.5755738236,
        0.5723702336,
        0.5850654556,
        0.6017481466,
        0.5921249866
      ],
      "exit_codes": [
        0,
        0,
        0,
        0,
        0,
        0,
        0,
        0,
        0,
        0
      ]
    },
    {
      "command": "yarn",
      "mean": 0.32352276190000007,
      "stddev": 0.004601567690189,
      "median": 0.32369721710000005,
      "user": 0.37075554,
      "system": 0.06890158000000002,
      "min": 0.3169130996,
      "max": 0.33205136660000006,
      "times": [
        0.3169130996,
        0.3213903556,
        0.32255762760000006,
        0.32847860260000006,
        0.32670332360000004,
        0.33205136660000006,
        0.31855872760000004,
        0.32528392260000005,
        0.3184537866,
        0.3248368066
      ],
      "exit_codes": [
        0,
        0,
        0,
        0,
        0,
        0,
        0,
        0,
        0,
        0
      ]
    },
    {
      "command": "berry",
      "mean": 4.9632641910999995,
      "stddev": 0.19626347880769868,
      "median": 4.8928917861,
      "user": 8.769927939999999,
      "system": 2.9957736799999997,
      "min": 4.6890538296,
      "max": 5.4069052285999994,
      "times": [
        4.9125551746,
        5.124676688599999,
        5.0233813106,
        4.8732283976,
        4.8672040785999995,
        5.4069052285999994,
        4.6890538296,
        4.7823915565999995,
        5.100193787599999,
        4.8530518586
      ],
      "exit_codes": [
        0,
        0,
        0,
        0,
        0,
        0,
        0,
        0,
        0,
        0
      ]
    },
    {
      "command": "pnpm",
      "mean": 0.8135374905999999,
      "stddev": 0.09453742146031831,
      "median": 0.7772941616,
      "user": 0.8403417400000001,
      "system": 0.15113758,
      "min": 0.7452348616,
      "max": 1.0611720026,
      "times": [
        0.7875019006,
        0.7897921556,
        1.0611720026,
        0.9109677846,
        0.7452348616,
        0.7538467876,
        0.7599451036,
        0.7670864226,
        0.8098878766000001,
        0.7499400106
      ],
      "exit_codes": [
        0,
        0,
        0,
        0,
        0,
        0,
        0,
        0,
        0,
        0
      ]
    },
    {
      "command": "vlt",
      "mean": 0.315759288,
      "stddev": 0.005320310975673576,
      "median": 0.3132757196,
      "user": 0.33732323999999997,
      "system": 0.07073538000000001,
      "min": 0.3099464906,
      "max": 0.32645243460000006,
      "times": [
        0.3236707776,
        0.31686046760000003,
        0.3130292706,
        0.3135150916,
        0.3099464906,
        0.31189250760000004,
        0.3186906406,
        0.31303634760000004,
        0.32645243460000006,
        0.3104988516
      ],
      "exit_codes": [
        0,
        0,
        0,
        0,
        0,
        0,
        0,
        0,
        0,
        0
      ]
    },
    {
      "command": "bun",
      "mean": 0.012565528400000001,
      "stddev": 0.0006367366725472629,
      "median": 0.0123691636,
      "user": 0.008482439999999997,
      "system": 0.00993258,
      "min": 0.0120177766,
      "max": 0.013971252600000001,
      "times": [
        0.0128815796,
        0.0124518036,
        0.0120715866,
        0.0120177766,
        0.0123196576,
        0.013449060600000002,
        0.0120375936,
        0.013971252600000001,
        0.012418669600000001,
        0.012036303600000001
      ],
      "exit_codes": [
        0,
        0,
        0,
        0,
        0,
        0,
        0,
        0,
        0,
        0
      ]
    },
    {
      "command": "deno",
      "mean": 0.2932472959,
      "stddev": 0.02087919785411581,
      "median": 0.28411012160000004,
      "user": 0.05240804,
      "system": 0.03608847999999999,
      "min": 0.26981932560000005,
      "max": 0.3399996336,
      "times": [
        0.28007911160000004,
        0.27449034060000005,
        0.3399996336,
        0.30615967460000004,
        0.27770612260000005,
        0.28790954760000004,
        0.26981932560000005,
        0.3025134346,
        0.28031069560000005,
        0.3134850726
      ],
      "exit_codes": [
        0,
        0,
        0,
        0,
        0,
        0,
        0,
        0,
        0,
        0
      ]
    }
  ]
}