{
  "results": [
    {
      "command": "npm",
      "mean": 4.99770584024,
      "stddev": 0.04150808755332169,
      "median": 4.997809179940001,
      "user": 5.600400959999999,
      "system": 2.81340704,
      "min": 4.93290138194,
      "max": 5.08671719994,
      "times": [
        4.997318909940001,
        5.00393726294,
        4.98654669894,
        4.99829944994,
        5.08671719994,
        4.98006591494,
        4.94557825294,
        5.00481697194,
        4.93290138194,
        5.04087635894
      ],
      "exit_codes": [
        0,
        0,
        0,
        0,
        0,
        0,
        0,
        0,
        0,
        0
      ]
    },
    {
      "command": "yarn",
      "mean": 10.75821970394,
      "stddev": 0.1017799049636274,
      "median": 10.74719114994,
      "user": 14.530718859999999,
      "system": 7.889794140000001,
      "min": 10.64260934094,
      "max": 11.03284049094,
      "times": [
        10.73972991194,
        10.77675687494,
        10.69382322694,
        10.75465238794,
        10.66745103394,
        10.64260934094,
        11.03284049094,
        10.76200169094,
        10.726991249940001,
        10.785340830940001
      ],
      "exit_codes": [
        0,
        0,
        0,
        0,
        0,
        0,
        0,
        0,
        0,
        0
      ]
    },
    {
      "command": "berry",
      "mean": 5.195802808140001,
      "stddev": 0.07227939980009365,
      "median": 5.18817206744,
      "user": 8.757374259999999,
      "system": 3.09093584,
      "min": 5.13042605294,
      "max": 5.39478614094,
      "times": [
        5.39478614094,
        5.191976410940001,
        5.1434694179400005,
        5.1449007699400005,
        5.18628657294,
        5.22888262894,
        5.19397198594,
        5.15327053894,
        5.13042605294,
        5.19005756194
      ],
      "exit_codes": [
        0,
        0,
        0,
        0,
        0,
        0,
        0,
        0,
        0,
        0
      ]
    },
    {
      "command": "pnpm",
      "mean": 2.5395270673400003,
      "stddev": 0.04429209420651829,
      "median": 2.53979124144,
      "user": 4.2056131599999995,
      "system": 1.7815859399999998,
      "min": 2.4917675799400003,
      "max": 2.64722856794,
      "times": [
        2.55161239794,
        2.49997640694,
        2.5573901189400003,
        2.64722856794,
        2.54834608194,
        2.5010356069400004,
        2.4917675799400003,
        2.53123640094,
        2.50169051294,
        2.5649869989400003
      ],
      "exit_codes": [
        0,
        0,
        0,
        0,
        0,
        0,
        0,
        0,
        0,
        0
      ]
    },
    {
      "command": "vlt",
      "mean": 2.8205432492400004,
      "stddev": 0.019653774847344978,
      "median": 2.81788836694,
      "user": 3.77588116,
      "system": 1.8880599399999998,
      "min": 2.79576225494,
      "max": 2.8653589219400004,
      "times": [
        2.79773303894,
        2.8653589219400004,
        2.8161830409400004,
        2.79576225494,
        2.82679645494,
        2.8195936929400003,
        2.8350038169400005,
        2.8133080349400004,
        2.8039749719400002,
        2.83171826394
      ],
      "exit_codes": [
        0,
        0,
        0,
        0,
        0,
        0,
        0,
        0,
        0,
        0
      ]
    },
    {
      "command": "bun",
      "mean": 0.63531570414,
      "stddev": 0.05426048014103296,
      "median": 0.6079561269400001,
      "user": 0.6285910599999999,
      "system": 1.1221658399999999,
      "min": 0.59416676294,
      "max": 0.7658349749400001,
      "times": [
        0.5976550999400001,
        0.59416676294,
        0.6078579679400001,
        0.6416182049400001,
        0.6192133409400001,
        0.60614261294,
        0.7100037819400001,
        0.6080542859400001,
        0.60261000894,
        0.7658349749400001
      ],
      "exit_codes": [
        0,
        0,
        0,
        0,
        0,
        0,
        0,
        0,
        0,
        0
      ]
    },
    {
      "command": "deno",
      "mean": 3.35143900124,
      "stddev": 0.14609358738863915,
      "median": 3.31396190494,
      "user": 2.3682888599999994,
      "system": 1.7422052399999999,
      "min": 3.13368621094,
      "max": 3.66027102294,
      "times": [
        3.3136437449400002,
        3.49913463594,
        3.2917824379400002,
        3.13368621094,
        3.40963222494,
        3.66027102294,
        3.2816971499400003,
        3.18282324194,
        3.42743927794,
        3.31428006494
      ],
      "exit_codes": [
        0,
        0,
        0,
        0,
        0,
        0,
        0,
        0,
        0,
        0
      ]
    }
  ]
}