{
  "results": [
    {
      "command": "npm",
      "mean": 6.9025260802999995,
      "stddev": 0.5211946822404128,
      "median": 6.9173854376,
      "user": 3.5149203,
      "system": 1.1019514199999998,
      "min": 6.1790692406,
      "max": 7.8604382726,
      "times": [
        6.1790692406,
        7.6713112026,
        6.2151083696,
        7.0828492316,
        6.8784456256,
        6.6290346076,
        6.9563252496,
        6.5902677696,
        7.8604382726,
        6.9624112336
      ],
      "exit_codes": [
        0,
        0,
        0,
        0,
        0,
        0,
        0,
        0,
        0,
        0
      ]
    },
    {
      "command": "yarn",
      "mean": 6.0107290058,
      "stddev": 0.35794522730260214,
      "median": 5.919235862600001,
      "user": 6.4741975,
      "system": 2.36460972,
      "min": 5.5661259236000005,
      "max": 6.6835579216,
      "times": [
        5.7378121176,
        5.9013014206,
        5.5661259236000005,
        6.0669140556,
        5.6327763816,
        6.0532721906,
        5.9187368496,
        5.919734875600001,
        6.6270583216,
        6.6835579216
      ],
      "exit_codes": [
        0,
        0,
        0,
        0,
        0,
        0,
        0,
        0,
        0,
        0
      ]
    },
    {
      "command": "berry",
      "mean": 2.788436033,
      "stddev": 0.04224081636649597,
      "median": 2.7941602641000003,
      "user": 4.0495167,
      "system": 1.18839212,
      "min": 2.7270664626,
      "max": 2.8497815856,
      "times": [
        2.8426642156,
        2.7623973646,
        2.8158404166,
        2.7307690486,
        2.8497815856,
        2.8027986106,
        2.8181091216,
        2.7270664626,
        2.7494115866,
        2.7855219176
      ],
      "exit_codes": [
        0,
        0,
        0,
        0,
        0,
        0,
        0,
        0,
        0,
        0
      ]
    },
    {
      "command": "pnpm",
      "mean": 1.5417242470000003,
      "stddev": 0.08011806059282535,
      "median": 1.5329006961,
      "user": 2.2708246,
      "system": 0.63994402,
      "min": 1.4433210086,
      "max": 1.6777467196,
      "times": [
        1.6770947756,
        1.4591922856,
        1.4433210086,
        1.4621822656,
        1.5571314186,
        1.6777467196,
        1.5278646116,
        1.5379367806,
        1.4923383076,
        1.5824342966
      ],
      "exit_codes": [
        0,
        0,
        0,
        0,
        0,
        0,
        0,
        0,
        0,
        0
      ]
    },
    {
      "command": "vlt",
      "mean": 3.3221815906000005,
      "stddev": 0.3003287650486378,
      "median": 3.3085210041,
      "user": 2.1777667,
      "system": 0.7850341200000001,
      "min": 2.9291551946,
      "max": 3.8951304396,
      "times": [
        3.3111332886,
        2.9291551946,
        3.1758245486,
        3.0151138696,
        3.5058001056,
        3.8951304396,
        3.7344933046,
        3.3059087196,
        3.0074830786,
        3.3417733566
      ],
      "exit_codes": [
        0,
        0,
        0,
        0,
        0,
        0,
        0,
        0,
        0,
        0
      ]
    },
    {
      "command": "bun",
      "mean": 0.6019738461999999,
      "stddev": 0.06348021085044214,
      "median": 0.5904037551000001,
      "user": 0.4172817999999999,
      "system": 0.3452353199999999,
      "min": 0.5192254306,
      "max": 0.7364501906,
      "times": [
        0.5247059556,
        0.5585784186,
        0.5708468956,
        0.6589366786,
        0.5720623696,
        0.7364501906,
        0.5192254306,
        0.6087451406000001,
        0.6260204416,
        0.6441669406
      ],
      "exit_codes": [
        0,
        0,
        0,
        0,
        0,
        0,
        0,
        0,
        0,
        0
      ]
    },
    {
      "command": "deno",
      "mean": 3.2630825995999997,
      "stddev": 0.3591535142005273,
      "median": 3.4085797051,
      "user": 1.1615322,
      "system": 0.45959552000000004,
      "min": 2.5104469346,
      "max": 3.6831234866,
      "times": [
        2.5104469346,
        2.9104790666,
        3.3972761726,
        3.4308051926000003,
        3.6831234866,
        2.8343928346,
        3.4450404116,
        3.3921854866,
        3.6071931726,
        3.4198832376
      ],
      "exit_codes": [
        0,
        0,
        0,
        0,
        0,
        0,
        0,
        0,
        0,
        0
      ]
    }
  ]
}