{
  "results": [
    {
      "command": "npm",
      "mean": 6.553894707219999,
      "stddev": 0.5429958798144924,
      "median": 6.55922669882,
      "user": 3.3459925000000004,
      "system": 0.9931300399999999,
      "min": 5.86794785932,
      "max": 7.349773015319999,
      "times": [
        6.0169100983199995,
        7.349773015319999,
        6.03358893432,
        5.90034926232,
        7.04532447932,
        7.16729236932,
        6.50990542932,
        7.03930765632,
        6.60854796832,
        5.86794785932
      ],
      "exit_codes": [
        0,
        0,
        0,
        0,
        0,
        0,
        0,
        0,
        0,
        0
      ]
    },
    {
      "command": "yarn",
      "mean": 5.9900802434200004,
      "stddev": 0.3287804552116969,
      "median": 5.974073069319999,
      "user": 6.284198699999999,
      "system": 2.43360494,
      "min": 5.338851239319999,
      "max": 6.66073626832,
      "times": [
        5.77422487632,
        6.198006223319999,
        5.338851239319999,
        5.98506494032,
        6.0890492923199995,
        5.963081198319999,
        6.66073626832,
        6.19860992632,
        5.74159527532,
        5.9515831943199995
      ],
      "exit_codes": [
        0,
        0,
        0,
        0,
        0,
        0,
        0,
        0,
        0,
        0
      ]
    },
    {
      "command": "berry",
      "mean": 2.90289238822,
      "stddev": 0.07507623067246448,
      "median": 2.8881258248200004,
      "user": 4.1423483,
      "system": 1.20182344,
      "min": 2.79419429532,
      "max": 3.1000205973200003,
      "times": [
        2.88734396532,
        2.87738870732,
        2.9488558413200003,
        2.87495066132,
        2.8623228503200004,
        3.1000205973200003,
        2.8988400103200003,
        2.79419429532,
        2.89609926932,
        2.8889076843200003
      ],
      "exit_codes": [
        0,
        0,
        0,
        0,
        0,
        0,
        0,
        0,
        0,
        0
      ]
    },
    {
      "command": "pnpm",
      "mean": 1.5710119868199999,
      "stddev": 0.07896957362009896,
      "median": 1.54969507382,
      "user": 2.2794152,
      "system": 0.6648813399999999,
      "min": 1.49895687632,
      "max": 1.77322171932,
      "times": [
        1.49895687632,
        1.55088831232,
        1.5019059583199998,
        1.56086330732,
        1.51887830332,
        1.62156542632,
        1.54850183532,
        1.77322171932,
        1.61863469632,
        1.5167034333199998
      ],
      "exit_codes": [
        0,
        0,
        0,
        0,
        0,
        0,
        0,
        0,
        0,
        0
      ]
    },
    {
      "command": "vlt",
      "mean": 2.79099256932,
      "stddev": 0.18580708809348212,
      "median": 2.74165431732,
      "user": 2.0531026999999997,
      "system": 0.7621344400000001,
      "min": 2.45049110332,
      "max": 3.13577855832,
      "times": [
        2.62325956432,
        2.6882879023200004,
        2.7556541193200004,
        2.72493673232,
        2.7276545153200003,
        2.9321645373200003,
        2.92533438832,
        3.13577855832,
        2.45049110332,
        2.9463642723200003
      ],
      "exit_codes": [
        0,
        0,
        0,
        0,
        0,
        0,
        0,
        0,
        0,
        0
      ]
    },
    {
      "command": "bun",
      "mean": 0.53300659292,
      "stddev": 0.045592304320751946,
      "median": 0.53969140682,
      "user": 0.47070819999999997,
      "system": 0.36628774000000003,
      "min": 0.46463643532,
      "max": 0.6178325483200001,
      "times": [
        0.5749805253200001,
        0.6178325483200001,
        0.5010733863200001,
        0.48876277632000004,
        0.53248263232,
        0.56145460532,
        0.5469001813200001,
        0.48298906532,
        0.5589537733200001,
        0.46463643532
      ],
      "exit_codes": [
        0,
        0,
        0,
        0,
        0,
        0,
        0,
        0,
        0,
        0
      ]
    },
    {
      "command": "deno",
      "mean": 2.9643177208200004,
      "stddev": 0.48839125987223153,
      "median": 2.9152023173200003,
      "user": 1.0845316999999999,
      "system": 0.4908378399999999,
      "min": 2.3479059553200003,
      "max": 3.5790982983200004,
      "times": [
        2.5083628903200004,
        3.4955784963200003,
        2.3647243433200003,
        3.4396274533200004,
        3.5790982983200004,
        2.53310633732,
        2.3479059553200003,
        3.5443687993200004,
        2.80440956432,
        3.02599507032
      ],
      "exit_codes": [
        0,
        0,
        0,
        0,
        0,
        0,
        0,
        0,
        0,
        0
      ]
    }
  ]
}