{
  "results": [
    {
      "command": "npm",
      "mean": 6.62264916914,
      "stddev": 0.3872491662634935,
      "median": 6.453913007140001,
      "user": 3.55816826,
      "system": 1.1438875,
      "min": 6.34156656764,
      "max": 7.65158065664,
      "times": [
        6.916362132640001,
        6.34156656764,
        6.3731796136400005,
        7.65158065664,
        6.626027774640001,
        6.709349806640001,
        6.346033820640001,
        6.437297364640001,
        6.35456530464,
        6.47052864964
      ],
      "exit_codes": [
        0,
        0,
        0,
        0,
        0,
        0,
        0,
        0,
        0,
        0
      ]
    },
    {
      "command": "yarn",
      "mean": 5.6978449631400006,
      "stddev": 0.1439347209481527,
      "median": 5.689120941640001,
      "user": 6.4326155599999995,
      "system": 2.4010529,
      "min": 5.51113234864,
      "max": 6.04800942764,
      "times": [
        5.51113234864,
        5.61030930364,
        5.67304472064,
        5.75256683964,
        5.771789481640001,
        5.5435744946400005,
        5.70519716264,
        6.04800942764,
        5.6159835326400005,
        5.746842319640001
      ],
      "exit_codes": [
        0,
        0,
        0,
        0,
        0,
        0,
        0,
        0,
        0,
        0
      ]
    },
    {
      "command": "berry",
      "mean": 2.81145441684,
      "stddev": 0.0373904532629133,
      "median": 2.80568048164,
      "user": 4.15693626,
      "system": 1.1967436,
      "min": 2.75369962564,
      "max": 2.88036560564,
      "times": [
        2.79420541464,
        2.84627454064,
        2.88036560564,
        2.81168150464,
        2.7746000466400003,
        2.85464873164,
        2.75369962564,
        2.81901873364,
        2.79967945864,
        2.78037050664
      ],
      "exit_codes": [
        0,
        0,
        0,
        0,
        0,
        0,
        0,
        0,
        0,
        0
      ]
    },
    {
      "command": "pnpm",
      "mean": 1.52854448074,
      "stddev": 0.02881260115228069,
      "median": 1.53518697264,
      "user": 2.3372066599999997,
      "system": 0.6514444999999999,
      "min": 1.47956316264,
      "max": 1.57156001264,
      "times": [
        1.47956316264,
        1.53325690464,
        1.55205483264,
        1.56515894464,
        1.53711704064,
        1.5041045126400001,
        1.57156001264,
        1.5077670306400002,
        1.49759336864,
        1.53726899764
      ],
      "exit_codes": [
        0,
        0,
        0,
        0,
        0,
        0,
        0,
        0,
        0,
        0
      ]
    },
    {
      "command": "vlt",
      "mean": 3.1636943632400003,
      "stddev": 0.37510155034616266,
      "median": 3.08196906564,
      "user": 2.0163611599999998,
      "system": 0.7393108999999999,
      "min": 2.74108364764,
      "max": 4.00685477764,
      "times": [
        3.51780819164,
        3.11523258764,
        3.04870554364,
        3.12283653864,
        2.74108364764,
        2.74487392064,
        2.88305426564,
        3.46526180264,
        2.99123235664,
        4.00685477764
      ],
      "exit_codes": [
        0,
        0,
        0,
        0,
        0,
        0,
        0,
        0,
        0,
        0
      ]
    },
    {
      "command": "bun",
      "mean": 0.51333213034,
      "stddev": 0.04010653880859776,
      "median": 0.50401545264,
      "user": 0.43581046,
      "system": 0.3459133999999999,
      "min": 0.46398868964,
      "max": 0.58612249064,
      "times": [
        0.58612249064,
        0.51283590964,
        0.46398868964,
        0.48885511664000003,
        0.58195754664,
        0.50620894864,
        0.5018219566400001,
        0.46929830764,
        0.48977029864000005,
        0.5324620386400001
      ],
      "exit_codes": [
        0,
        0,
        0,
        0,
        0,
        0,
        0,
        0,
        0,
        0
      ]
    },
    {
      "command": "deno",
      "mean": 2.8896152853399997,
      "stddev": 0.34040699397691015,
      "median": 2.78791359014,
      "user": 1.14843276,
      "system": 0.4677375,
      "min": 2.38561543264,
      "max": 3.67193345064,
      "times": [
        2.78922094364,
        3.3166442426400002,
        3.67193345064,
        2.73246523064,
        2.78660623664,
        2.91898111564,
        2.38561543264,
        2.66493857564,
        2.77967904864,
        2.85006857664
      ],
      "exit_codes": [
        0,
        0,
        0,
        0,
        0,
        0,
        0,
        0,
        0,
        0
      ]
    }
  ]
}