{
  "results": [
    {
      "command": "npm",
      "mean": 6.6321779839,
      "stddev": 0.39176040171502163,
      "median": 6.7082138317,
      "user": 3.3883525199999993,
      "system": 1.0145540999999998,
      "min": 5.8619570672000005,
      "max": 7.1745899162,
      "times": [
        5.8619570672000005,
        7.1745899162,
        6.2189392812,
        6.737313283200001,
        7.0698443712,
        6.549107157200001,
        7.0028917452,
        6.6813209412,
        6.2907093542000005,
        6.7351067222
      ],
      "exit_codes": [
        0,
        0,
        0,
        0,
        0,
        0,
        0,
        0,
        0,
        0
      ]
    },
    {
      "command": "yarn",
      "mean": 5.8754369084,
      "stddev": 0.17941248194806506,
      "median": 5.8263640802,
      "user": 6.242202219999999,
      "system": 2.4289981,
      "min": 5.693355433200001,
      "max": 6.3352302512000005,
      "times": [
        5.8869212362,
        5.7205096152,
        5.9701692702,
        5.7935295112,
        5.972408505200001,
        5.7295171012,
        5.693355433200001,
        5.8579476312,
        5.7947805292000005,
        6.3352302512000005
      ],
      "exit_codes": [
        0,
        0,
        0,
        0,
        0,
        0,
        0,
        0,
        0,
        0
      ]
    },
    {
      "command": "berry",
      "mean": 2.9213957071999994,
      "stddev": 0.06901708030104325,
      "median": 2.9029207837,
      "user": 4.163866919999999,
      "system": 1.2149814,
      "min": 2.8348180852,
      "max": 3.0882306512,
      "times": [
        2.8741644222000002,
        2.8898305721999997,
        2.9652293592,
        2.8884336891999998,
        3.0882306512,
        2.8348180852,
        2.9323833512,
        2.9660861082,
        2.9160109952,
        2.8587698382
      ],
      "exit_codes": [
        0,
        0,
        0,
        0,
        0,
        0,
        0,
        0,
        0,
        0
      ]
    },
    {
      "command": "pnpm",
      "mean": 2.0866774320000006,
      "stddev": 1.3332454303066124,
      "median": 1.6315418767,
      "user": 2.29661042,
      "system": 0.6540497999999999,
      "min": 1.5601479422,
      "max": 6.0805809952,
      "times": [
        1.6153655852,
        1.6630260492,
        6.0805809952,
        1.7048011412,
        1.5601479422,
        1.6477181682,
        1.6034757092,
        1.5829920672,
        1.5876117902,
        1.8210548722
      ],
      "exit_codes": [
        0,
        0,
        0,
        0,
        0,
        0,
        0,
        0,
        0,
        0
      ]
    },
    {
      "command": "vlt",
      "mean": 3.5613877873999997,
      "stddev": 1.5042093141685922,
      "median": 3.0295237031999998,
      "user": 2.1322836199999995,
      "system": 0.7824546,
      "min": 2.6853132511999998,
      "max": 7.9741622982,
      "times": [
        7.9741622982,
        2.8785587142,
        2.7119451162,
        3.5905560072,
        3.3241653922,
        3.0046992882,
        2.8038736001999998,
        3.5862560882,
        3.0543481182,
        2.6853132511999998
      ],
      "exit_codes": [
        0,
        0,
        0,
        0,
        0,
        0,
        0,
        0,
        0,
        0
      ]
    },
    {
      "command": "bun",
      "mean": 0.6598310399777779,
      "stddev": 0.1071511090510148,
      "median": 0.6168648542,
      "user": 0.44507262000000003,
      "system": 0.35360849999999994,
      "min": 0.5646498772,
      "max": 0.9196276172000001,
      "times": [
        0.6168648542,
        0.7453004592000001,
        0.6182015982000001,
        0.5646498772,
        0.5950319712000001,
        0.9196276172000001,
        0.6966792992,
        0.5700942202000001,
        0.6120294632000001
      ],
      "exit_codes": [
        0,
        0,
        0,
        0,
        0,
        0,
        0,
        0,
        0
      ]
    },
    {
      "command": "deno",
      "mean": 3.1094187555999997,
      "stddev": 0.346654630019868,
      "median": 3.0516501707000003,
      "user": 1.1026640199999997,
      "system": 0.4790603,
      "min": 2.7036088062,
      "max": 3.9257565852,
      "times": [
        2.9867688162,
        2.7509387612,
        2.9922841942000002,
        2.8022252921999997,
        2.7036088062,
        3.9257565852,
        3.3651449452,
        3.1110161472,
        3.1156630082,
        3.3407810002
      ],
      "exit_codes": [
        0,
        0,
        0,
        0,
        0,
        0,
        0,
        0,
        0,
        0
      ]
    }
  ]
}