{
  "results": [
    {
      "command": "npm",
      "mean": 7.616796055180001,
      "stddev": 0.6073539547875456,
      "median": 7.48168338388,
      "user": 3.56629016,
      "system": 1.1251051200000002,
      "min": 6.81918846088,
      "max": 8.94414449488,
      "times": [
        8.00425233788,
        7.23978816288,
        8.24890216788,
        7.68967867088,
        7.0915341968800005,
        7.680425054880001,
        7.2829417128800005,
        7.1671052918800005,
        6.81918846088,
        8.94414449488
      ],
      "exit_codes": [
        0,
        0,
        0,
        0,
        0,
        0,
        0,
        0,
        0,
        0
      ]
    },
    {
      "command": "yarn",
      "mean": 6.11478890738,
      "stddev": 0.280357923617695,
      "median": 6.04490203738,
      "user": 6.39560176,
      "system": 2.48906742,
      "min": 5.75144570488,
      "max": 6.5281488238800005,
      "times": [
        5.75144570488,
        5.779273257880001,
        5.9236283508800005,
        6.521380493880001,
        6.232062052880001,
        5.98530437488,
        6.41970567288,
        5.90244064188,
        6.104499699880001,
        6.5281488238800005
      ],
      "exit_codes": [
        0,
        0,
        0,
        0,
        0,
        0,
        0,
        0,
        0,
        0
      ]
    },
    {
      "command": "berry",
      "mean": 2.87566483258,
      "stddev": 0.08035211658473147,
      "median": 2.88022025288,
      "user": 4.06149086,
      "system": 1.2234612199999995,
      "min": 2.75543645488,
      "max": 3.03460309088,
      "times": [
        2.86703003388,
        2.75543645488,
        2.9242518578800003,
        2.93233580888,
        2.89341047188,
        2.80817506788,
        2.7651208938800003,
        3.03460309088,
        2.85813881188,
        2.91814583388
      ],
      "exit_codes": [
        0,
        0,
        0,
        0,
        0,
        0,
        0,
        0,
        0,
        0
      ]
    },
    {
      "command": "pnpm",
      "mean": 1.76047725928,
      "stddev": 0.5039805998640595,
      "median": 1.60198951488,
      "user": 2.23681686,
      "system": 0.64678962,
      "min": 1.50572453788,
      "max": 3.25550653588,
      "times": [
        3.25550653588,
        1.53244307288,
        1.58074968788,
        1.52151893788,
        1.6536711938800002,
        1.6232293418800001,
        1.53566932588,
        1.76881517588,
        1.62744478288,
        1.50572453788
      ],
      "exit_codes": [
        0,
        0,
        0,
        0,
        0,
        0,
        0,
        0,
        0,
        0
      ]
    },
    {
      "command": "vlt",
      "mean": 3.39960604928,
      "stddev": 0.24098463823383637,
      "median": 3.47789097338,
      "user": 2.02799746,
      "system": 0.7305757199999999,
      "min": 2.84487646588,
      "max": 3.69141001688,
      "times": [
        3.30703669988,
        3.30210285888,
        3.48809790888,
        2.84487646588,
        3.69094189088,
        3.18285290388,
        3.53295980088,
        3.4726020108799998,
        3.48317993588,
        3.69141001688
      ],
      "exit_codes": [
        0,
        0,
        0,
        0,
        0,
        0,
        0,
        0,
        0,
        0
      ]
    },
    {
      "command": "bun",
      "mean": 0.77594401968,
      "stddev": 0.40218679927233003,
      "median": 0.64459677088,
      "user": 0.42057455999999993,
      "system": 0.36989272,
      "min": 0.51342891788,
      "max": 1.93880938088,
      "times": [
        0.61914497688,
        0.51342891788,
        0.6771501158800001,
        0.78327250288,
        0.55935150788,
        0.67004856488,
        0.87751475788,
        0.57733561588,
        1.93880938088,
        0.54338385588
      ],
      "exit_codes": [
        0,
        0,
        0,
        0,
        0,
        0,
        0,
        0,
        0,
        0
      ]
    },
    {
      "command": "deno",
      "mean": 3.4633912243799996,
      "stddev": 0.441448423424001,
      "median": 3.25321181238,
      "user": 1.1474971599999997,
      "system": 0.4595488199999999,
      "min": 3.04661422688,
      "max": 4.508577277880001,
      "times": [
        3.25206477988,
        4.508577277880001,
        3.04661422688,
        3.14120252988,
        3.21486678388,
        4.050421725880001,
        3.32958227488,
        3.24187807788,
        3.59434572188,
        3.25435884488
      ],
      "exit_codes": [
        0,
        0,
        0,
        0,
        0,
        0,
        0,
        0,
        0,
        0
      ]
    }
  ]
}