{
  "results": [
    {
      "command": "npm",
      "mean": 4.81314702264,
      "stddev": 0.2042275942205488,
      "median": 4.742396035640001,
      "user": 3.5187794000000006,
      "system": 1.12313004,
      "min": 4.576064039639999,
      "max": 5.2214828096399994,
      "times": [
        4.71819236264,
        4.97067710064,
        4.76271113764,
        4.576064039639999,
        5.2214828096399994,
        4.64095359364,
        4.61038465664,
        4.72208093364,
        4.8152302656399995,
        5.0936933266399995
      ],
      "exit_codes": [
        0,
        0,
        0,
        0,
        0,
        0,
        0,
        0,
        0,
        0
      ]
    },
    {
      "command": "yarn",
      "mean": 6.0305918399400005,
      "stddev": 0.06598951505808374,
      "median": 6.02608961614,
      "user": 8.0332959,
      "system": 2.93623224,
      "min": 5.91471609864,
      "max": 6.132182063639999,
      "times": [
        6.11512123164,
        6.09654221764,
        5.958582381639999,
        5.98806618264,
        6.01184297764,
        6.04033625464,
        6.044055806639999,
        5.91471609864,
        6.132182063639999,
        6.004473184639999
      ],
      "exit_codes": [
        0,
        0,
        0,
        0,
        0,
        0,
        0,
        0,
        0,
        0
      ]
    },
    {
      "command": "berry",
      "mean": 2.7172340145400002,
      "stddev": 0.03533614000647984,
      "median": 2.7121620661400003,
      "user": 4.3361098,
      "system": 1.2091879399999996,
      "min": 2.6689459486400002,
      "max": 2.78492443864,
      "times": [
        2.7767361686400003,
        2.69602788564,
        2.71877539964,
        2.71872665864,
        2.6689459486400002,
        2.68368716264,
        2.70559747364,
        2.69955494464,
        2.71936406464,
        2.78492443864
      ],
      "exit_codes": [
        0,
        0,
        0,
        0,
        0,
        0,
        0,
        0,
        0,
        0
      ]
    },
    {
      "command": "zpm",
      "mean": 1.0968105486400002,
      "stddev": 0.1456607463078778,
      "median": 1.0506124141400002,
      "user": 0.4092549000000001,
      "system": 0.20532414000000002,
      "min": 0.9849395336400001,
      "max": 1.5160863186400002,
      "times": [
        0.9849395336400001,
        1.0342059596400002,
        1.0807394436400002,
        1.0259713196400002,
        1.0400778936400001,
        1.1095013286400002,
        0.9987290376400001,
        1.1167077166400001,
        1.5160863186400002,
        1.0611469346400002
      ],
      "exit_codes": [
        0,
        0,
        0,
        0,
        0,
        0,
        0,
        0,
        0,
        0
      ]
    },
    {
      "command": "pnpm",
      "mean": 1.45509908244,
      "stddev": 0.022710115691363667,
      "median": 1.4606555276400002,
      "user": 2.3770878,
      "system": 0.64032274,
      "min": 1.40866701764,
      "max": 1.48017270364,
      "times": [
        1.45788107064,
        1.4697220366400001,
        1.47868012464,
        1.4754462776400001,
        1.4537336226400002,
        1.46342998464,
        1.4295958086400002,
        1.40866701764,
        1.48017270364,
        1.43366217764
      ],
      "exit_codes": [
        0,
        0,
        0,
        0,
        0,
        0,
        0,
        0,
        0,
        0
      ]
    },
    {
      "command": "vlt",
      "mean": 2.3915582541400005,
      "stddev": 0.09523153902480037,
      "median": 2.4133493996400004,
      "user": 1.9993359000000002,
      "system": 0.73481914,
      "min": 2.2328629066400003,
      "max": 2.5432146056400002,
      "times": [
        2.41409653564,
        2.5432146056400002,
        2.38166266164,
        2.26370674164,
        2.42697126564,
        2.4630413836400002,
        2.41260226364,
        2.2328629066400003,
        2.48548946464,
        2.2919347126400003
      ],
      "exit_codes": [
        0,
        0,
        0,
        0,
        0,
        0,
        0,
        0,
        0,
        0
      ]
    },
    {
      "command": "bun",
      "mean": 0.40118689314000006,
      "stddev": 0.033447629715077996,
      "median": 0.39106062214000004,
      "user": 0.5040962999999999,
      "system": 0.35633084,
      "min": 0.36847178064,
      "max": 0.48887207864000004,
      "times": [
        0.38311266664000004,
        0.37848675464000003,
        0.42381106664,
        0.36847178064,
        0.41192772164,
        0.39900857764000003,
        0.38118153264000004,
        0.48887207864000004,
        0.39927613064,
        0.37772062164000003
      ],
      "exit_codes": [
        0,
        0,
        0,
        0,
        0,
        0,
        0,
        0,
        0,
        0
      ]
    },
    {
      "command": "deno",
      "mean": 0.7160636218400002,
      "stddev": 0.08326005805808377,
      "median": 0.68628965164,
      "user": 0.6181683999999998,
      "system": 0.35903213999999994,
      "min": 0.65350050364,
      "max": 0.93911675664,
      "times": [
        0.6740442616400001,
        0.69791234264,
        0.67541605064,
        0.65350050364,
        0.6582252566400001,
        0.7929628656400001,
        0.69716325264,
        0.67030037864,
        0.7019945496400001,
        0.93911675664
      ],
      "exit_codes": [
        0,
        0,
        0,
        0,
        0,
        0,
        0,
        0,
        0,
        0
      ]
    }
  ]
}