{
  "results": [
    {
      "command": "npm",
      "mean": 7.635745336499999,
      "stddev": 0.4910895338215843,
      "median": 7.495960203,
      "user": 3.40931522,
      "system": 1.0784605599999997,
      "min": 6.9372618505,
      "max": 8.5860398995,
      "times": [
        7.2750080375,
        7.3853041945,
        7.5523195855,
        7.1843091784999995,
        6.9372618505,
        8.5860398995,
        8.0909115475,
        7.4396008205,
        7.6620155914999994,
        8.2446826595
      ],
      "exit_codes": [
        0,
        0,
        0,
        0,
        0,
        0,
        0,
        0,
        0,
        0
      ]
    },
    {
      "command": "yarn",
      "mean": 6.1874891764,
      "stddev": 0.26987110988459195,
      "median": 6.102716753499999,
      "user": 6.31686342,
      "system": 2.39536126,
      "min": 5.8818960055,
      "max": 6.6502070555,
      "times": [
        6.5426948225,
        6.1514435945,
        6.5368754705,
        5.8818960055,
        5.9751815425,
        6.1311616375,
        5.8890453495,
        6.0742718694999995,
        6.0421144165,
        6.6502070555
      ],
      "exit_codes": [
        0,
        0,
        0,
        0,
        0,
        0,
        0,
        0,
        0,
        0
      ]
    },
    {
      "command": "berry",
      "mean": 2.9422997454000006,
      "stddev": 0.048435260628201804,
      "median": 2.9447545165,
      "user": 4.150645119999999,
      "system": 1.20559366,
      "min": 2.8726849185,
      "max": 3.0538130525,
      "times": [
        2.8726849185,
        2.9446381915,
        2.8792322925,
        2.9487220425,
        2.9797717465,
        2.9508847495,
        2.9215742945,
        2.9268053245,
        3.0538130525,
        2.9448708415000002
      ],
      "exit_codes": [
        0,
        0,
        0,
        0,
        0,
        0,
        0,
        0,
        0,
        0
      ]
    },
    {
      "command": "pnpm",
      "mean": 1.6296716003999996,
      "stddev": 0.09514502359090347,
      "median": 1.6056131784999998,
      "user": 2.24201432,
      "system": 0.6307765599999999,
      "min": 1.5103381635,
      "max": 1.8663584085,
      "times": [
        1.8663584085,
        1.6680463985,
        1.5589115324999998,
        1.6653569254999998,
        1.5103381635,
        1.6274534754999999,
        1.5837728814999998,
        1.5792290804999998,
        1.5569340024999998,
        1.6803151355
      ],
      "exit_codes": [
        0,
        0,
        0,
        0,
        0,
        0,
        0,
        0,
        0,
        0
      ]
    },
    {
      "command": "vlt",
      "mean": 3.0930329836999997,
      "stddev": 0.09457871865822949,
      "median": 3.095918618,
      "user": 2.11629212,
      "system": 0.7669886599999999,
      "min": 2.9377469495,
      "max": 3.2437801664999997,
      "times": [
        3.0316027215,
        3.1257874974999997,
        3.1257852715,
        3.2321218755,
        3.0660519644999997,
        3.2437801664999997,
        2.9377469495,
        3.1464486625,
        3.0020144104999997,
        3.0189903174999997
      ],
      "exit_codes": [
        0,
        0,
        0,
        0,
        0,
        0,
        0,
        0,
        0,
        0
      ]
    },
    {
      "command": "bun",
      "mean": 0.6497255593,
      "stddev": 0.06805071158375006,
      "median": 0.6434397785000001,
      "user": 0.4464202199999999,
      "system": 0.3525736599999999,
      "min": 0.5432767985,
      "max": 0.7364760825000001,
      "times": [
        0.6199631165,
        0.5432767985,
        0.5525249885000001,
        0.6461866575,
        0.7364760825000001,
        0.6021778475,
        0.6406928995000001,
        0.7025984505,
        0.7345542555000001,
        0.7188044965
      ],
      "exit_codes": [
        0,
        0,
        0,
        0,
        0,
        0,
        0,
        0,
        0,
        0
      ]
    },
    {
      "command": "deno",
      "mean": 3.4620696080999998,
      "stddev": 0.2829306175504801,
      "median": 3.5317931495,
      "user": 1.1438282199999998,
      "system": 0.45966666,
      "min": 2.9305244385,
      "max": 3.9206361835,
      "times": [
        3.5035688525,
        3.6146555285,
        2.9305244385,
        3.9206361835,
        3.5600174465,
        3.0505959935,
        3.6268035565,
        3.6674352135,
        3.2766184915,
        3.4698403765
      ],
      "exit_codes": [
        0,
        0,
        0,
        0,
        0,
        0,
        0,
        0,
        0,
        0
      ]
    }
  ]
}