{
  "results": [
    {
      "command": "npm",
      "mean": 5.8031612883,
      "stddev": 0.41469912938623427,
      "median": 5.7691255103,
      "user": 3.5427169800000002,
      "system": 1.00977002,
      "min": 5.3215006762999995,
      "max": 6.6469078833,
      "times": [
        5.9415287213,
        5.9910569793,
        5.5967222993,
        6.2368264482999995,
        6.6469078833,
        5.365650105299999,
        5.5114705863,
        5.3962481733,
        5.3215006762999995,
        6.0237010103
      ],
      "exit_codes": [
        0,
        0,
        0,
        0,
        0,
        0,
        0,
        0,
        0,
        0
      ]
    },
    {
      "command": "yarn",
      "mean": 5.5357947579,
      "stddev": 0.1900319019294793,
      "median": 5.5252945038,
      "user": 6.37863078,
      "system": 2.3859821200000004,
      "min": 5.2496307983,
      "max": 5.9236999393,
      "times": [
        5.6327311042999995,
        5.6876640333,
        5.6617738913,
        5.5064291543,
        5.9236999393,
        5.4617282842999995,
        5.3701220293,
        5.320008491299999,
        5.2496307983,
        5.5441598533
      ],
      "exit_codes": [
        0,
        0,
        0,
        0,
        0,
        0,
        0,
        0,
        0,
        0
      ]
    },
    {
      "command": "berry",
      "mean": 2.9048895943999997,
      "stddev": 0.12544942274395843,
      "median": 2.8785170613,
      "user": 4.21202528,
      "system": 1.2133151200000003,
      "min": 2.7876237463000004,
      "max": 3.2508659423000004,
      "times": [
        2.8169285883,
        2.9113098413,
        2.8680787943,
        3.2508659423000004,
        2.8889553283000002,
        2.8612524313,
        2.7876237463000004,
        2.8028812543000003,
        2.9091028113000004,
        2.9518972063000004
      ],
      "exit_codes": [
        0,
        0,
        0,
        0,
        0,
        0,
        0,
        0,
        0,
        0
      ]
    },
    {
      "command": "pnpm",
      "mean": 1.5380827924000002,
      "stddev": 0.0570780227901765,
      "median": 1.5255299648,
      "user": 2.3632489800000003,
      "system": 0.6633718200000001,
      "min": 1.4718763673,
      "max": 1.6448526233,
      "times": [
        1.5342988243,
        1.4849851463,
        1.5167611053,
        1.5650780042999999,
        1.6193849553,
        1.4987157043000001,
        1.4718763673,
        1.5678772903,
        1.4769979033,
        1.6448526233
      ],
      "exit_codes": [
        0,
        0,
        0,
        0,
        0,
        0,
        0,
        0,
        0,
        0
      ]
    },
    {
      "command": "vlt",
      "mean": 2.727506423,
      "stddev": 0.23854328986692108,
      "median": 2.7181941373000003,
      "user": 2.1124959799999994,
      "system": 0.78782502,
      "min": 2.4315062833,
      "max": 3.0912251413000003,
      "times": [
        2.8759780913000004,
        2.8726704503000002,
        2.5830897753000004,
        3.0912251413000003,
        2.4315062833,
        2.6411947973000003,
        2.7951934773000002,
        3.0777223863,
        2.4497400283000004,
        2.4567437993000003
      ],
      "exit_codes": [
        0,
        0,
        0,
        0,
        0,
        0,
        0,
        0,
        0,
        0
      ]
    },
    {
      "command": "bun",
      "mean": 0.5985632357000001,
      "stddev": 0.12635332711620292,
      "median": 0.5365965883,
      "user": 0.48545628,
      "system": 0.37364902,
      "min": 0.4865888883,
      "max": 0.8426044183000001,
      "times": [
        0.4865888883,
        0.5164322923,
        0.8426044183000001,
        0.5693817693000001,
        0.5528578733,
        0.6747936773000001,
        0.5159036783000001,
        0.5203353033,
        0.8163104733000001,
        0.49042398330000003
      ],
      "exit_codes": [
        0,
        0,
        0,
        0,
        0,
        0,
        0,
        0,
        0,
        0
      ]
    },
    {
      "command": "deno",
      "mean": 2.3267909105,
      "stddev": 0.1652783546563182,
      "median": 2.3349048593,
      "user": 1.1854937799999996,
      "system": 0.51547862,
      "min": 2.0627538513,
      "max": 2.5537116623,
      "times": [
        2.2108596513000003,
        2.4951891333000003,
        2.4905003093,
        2.4725007183,
        2.1389562463000003,
        2.0627538513,
        2.2945430713,
        2.3752666473,
        2.5537116623,
        2.1736278143
      ],
      "exit_codes": [
        0,
        0,
        0,
        0,
        0,
        0,
        0,
        0,
        0,
        0
      ]
    }
  ]
}