{
  "results": [
    {
      "command": "npm",
      "mean": 1.4665097958599997,
      "stddev": 0.011427022630213673,
      "median": 1.4685611129599998,
      "user": 1.6218721999999999,
      "system": 0.65761472,
      "min": 1.44448676196,
      "max": 1.48247242296,
      "times": [
        1.45277891096,
        1.44448676196,
        1.45533432596,
        1.46814082296,
        1.46649177196,
        1.48247242296,
        1.47646294696,
        1.46898140296,
        1.47580810996,
        1.47414048196
      ],
      "exit_codes": [
        0,
        0,
        0,
        0,
        0,
        0,
        0,
        0,
        0,
        0
      ]
    },
    {
      "command": "vlt",
      "mean": 1.42266243516,
      "stddev": 0.01266445261568627,
      "median": 1.42349167346,
      "user": 1.5321734,
      "system": 0.64275582,
      "min": 1.40530627196,
      "max": 1.45181422096,
      "times": [
        1.4061080049599999,
        1.41464356996,
        1.40530627196,
        1.45181422096,
        1.41871680096,
        1.42790760896,
        1.42846348796,
        1.42031262596,
        1.42668103896,
        1.42667072096
      ],
      "exit_codes": [
        0,
        0,
        0,
        0,
        0,
        0,
        0,
        0,
        0,
        0
      ]
    },
    {
      "command": "aws",
      "mean": 1.4534091497600001,
      "stddev": 0.015873723469514132,
      "median": 1.4483980724599999,
      "user": 1.5223253,
      "system": 0.63658412,
      "min": 1.43351656596,
      "max": 1.48364988996,
      "times": [
        1.48364988996,
        1.47541451196,
        1.4460203669599998,
        1.45575070196,
        1.4427844829599998,
        1.43351656596,
        1.43720404696,
        1.44264546496,
        1.45077577796,
        1.4663296879599999
      ],
      "exit_codes": [
        0,
        0,
        0,
        0,
        0,
        0,
        0,
        0,
        0,
        0
      ]
    }
  ]
}