{
  "results": [
    {
      "command": "npm",
      "mean": 0.62573446948,
      "stddev": 0.009273851743577298,
      "median": 0.6222568097800001,
      "user": 0.70759618,
      "system": 0.11568033999999998,
      "min": 0.6167184677800001,
      "max": 0.6474457047800001,
      "times": [
        0.62020410078,
        0.6251990227800001,
        0.63848016978,
        0.62381826578,
        0.62631740278,
        0.6167184677800001,
        0.6189955957800001,
        0.61947061078,
        0.6474457047800001,
        0.6206953537800001
      ],
      "exit_codes": [
        0,
        0,
        0,
        0,
        0,
        0,
        0,
        0,
        0,
        0
      ]
    },
    {
      "command": "yarn",
      "mean": 0.30940011988000005,
      "stddev": 0.0038399859862910464,
      "median": 0.30938561778,
      "user": 0.34527408,
      "system": 0.06320653999999999,
      "min": 0.30330865278,
      "max": 0.31451495978,
      "times": [
        0.30370706678000003,
        0.31451495978,
        0.30855653578000003,
        0.30820822678000004,
        0.31169728178,
        0.31410366878,
        0.30330865278,
        0.31021469978,
        0.30659048178000003,
        0.31309962478000003
      ],
      "exit_codes": [
        0,
        0,
        0,
        0,
        0,
        0,
        0,
        0,
        0,
        0
      ]
    },
    {
      "command": "berry",
      "mean": 3.43858490248,
      "stddev": 0.03641561986453328,
      "median": 3.45494566178,
      "user": 6.7800449799999996,
      "system": 1.7776927399999998,
      "min": 3.36411856878,
      "max": 3.47254742878,
      "times": [
        3.45082531978,
        3.45906600378,
        3.38288191978,
        3.36411856878,
        3.47254742878,
        3.4622540807799997,
        3.41375939278,
        3.44703478278,
        3.47231409278,
        3.4610474347799998
      ],
      "exit_codes": [
        0,
        0,
        0,
        0,
        0,
        0,
        0,
        0,
        0,
        0
      ]
    },
    {
      "command": "pnpm",
      "mean": 0.71593488048,
      "stddev": 0.01183180868839871,
      "median": 0.72059681478,
      "user": 0.8894636799999999,
      "system": 0.16791424,
      "min": 0.69272205478,
      "max": 0.7300918807800001,
      "times": [
        0.7300918807800001,
        0.6959774507800001,
        0.71206209278,
        0.72071964578,
        0.72396845878,
        0.7242201607800001,
        0.72047398378,
        0.69272205478,
        0.7242708277800001,
        0.71484224878
      ],
      "exit_codes": [
        0,
        0,
        0,
        0,
        0,
        0,
        0,
        0,
        0,
        0
      ]
    },
    {
      "command": "vlt",
      "mean": 0.31831391868000003,
      "stddev": 0.004927696192818826,
      "median": 0.31761473778000004,
      "user": 0.34477157999999997,
      "system": 0.07187864000000001,
      "min": 0.31240634278,
      "max": 0.32715769578000004,
      "times": [
        0.32267302578,
        0.31266047878000003,
        0.32715769578000004,
        0.32049635578,
        0.31480097978,
        0.31240634278,
        0.31342125178,
        0.31691802178,
        0.32429358078000003,
        0.31831145378000003
      ],
      "exit_codes": [
        0,
        0,
        0,
        0,
        0,
        0,
        0,
        0,
        0,
        0
      ]
    },
    {
      "command": "bun",
      "mean": 0.014752206080000002,
      "stddev": 0.0007902076882848016,
      "median": 0.014415365280000002,
      "user": 0.00875138,
      "system": 0.01177394,
      "min": 0.014171284780000001,
      "max": 0.016319831780000002,
      "times": [
        0.014171284780000001,
        0.01417386978,
        0.014495630780000001,
        0.01461021378,
        0.016319831780000002,
        0.01431097378,
        0.01629445278,
        0.01433509978,
        0.014262012780000001,
        0.01454869078
      ],
      "exit_codes": [
        0,
        0,
        0,
        0,
        0,
        0,
        0,
        0,
        0,
        0
      ]
    },
    {
      "command": "deno",
      "mean": 0.13434448348,
      "stddev": 0.008300339367667569,
      "median": 0.13337449128,
      "user": 0.030766479999999995,
      "system": 0.028017939999999998,
      "min": 0.12241825478000001,
      "max": 0.15317764878,
      "times": [
        0.13315512578,
        0.13376202778000001,
        0.12787617878,
        0.13977200278000002,
        0.12591169378,
        0.14103376578000001,
        0.15317764878,
        0.12241825478000001,
        0.13359385678,
        0.13274427978
      ],
      "exit_codes": [
        0,
        0,
        0,
        0,
        0,
        0,
        0,
        0,
        0,
        0
      ]
    }
  ]
}