{
  "results": [
    {
      "command": "npm",
      "mean": 0.6098690891400002,
      "stddev": 0.006913834578795851,
      "median": 0.6105473825400001,
      "user": 0.68902886,
      "system": 0.10541271999999997,
      "min": 0.60163848604,
      "max": 0.6270881230400001,
      "times": [
        0.61041029804,
        0.6020565450400001,
        0.6270881230400001,
        0.60490516104,
        0.60163848604,
        0.61068446704,
        0.60609270904,
        0.6119369450400001,
        0.6118122570400001,
        0.61206590004
      ],
      "exit_codes": [
        0,
        0,
        0,
        0,
        0,
        0,
        0,
        0,
        0,
        0
      ]
    },
    {
      "command": "yarn",
      "mean": 0.29912702214000003,
      "stddev": 0.0031620954707018397,
      "median": 0.29874501104,
      "user": 0.33406705999999997,
      "system": 0.06035142,
      "min": 0.29556180804000004,
      "max": 0.30715740004000003,
      "times": [
        0.29817784704,
        0.29684970504,
        0.29556180804000004,
        0.30000415104,
        0.29586543504,
        0.30715740004000003,
        0.29931217504,
        0.29773761104,
        0.29976807604,
        0.30083601304
      ],
      "exit_codes": [
        0,
        0,
        0,
        0,
        0,
        0,
        0,
        0,
        0,
        0
      ]
    },
    {
      "command": "berry",
      "mean": 3.5285000973400003,
      "stddev": 0.09172277058741621,
      "median": 3.51313163704,
      "user": 6.602555959999999,
      "system": 1.7226651200000003,
      "min": 3.40162657604,
      "max": 3.72694589604,
      "times": [
        3.4345948060400002,
        3.6269430110400003,
        3.46032764504,
        3.72694589604,
        3.55918684304,
        3.49423618304,
        3.40162657604,
        3.5320270910400002,
        3.48370850904,
        3.56540441304
      ],
      "exit_codes": [
        0,
        0,
        0,
        0,
        0,
        0,
        0,
        0,
        0,
        0
      ]
    },
    {
      "command": "pnpm",
      "mean": 0.7963214886400001,
      "stddev": 0.03340363660757034,
      "median": 0.7840051400400001,
      "user": 0.85367456,
      "system": 0.16645351999999997,
      "min": 0.75487762404,
      "max": 0.8550358920400001,
      "times": [
        0.8008341010400001,
        0.83876339304,
        0.75487762404,
        0.7699340250400001,
        0.8550358920400001,
        0.7807072460400001,
        0.78039710104,
        0.83571185504,
        0.78730303404,
        0.7596506150400001
      ],
      "exit_codes": [
        0,
        0,
        0,
        0,
        0,
        0,
        0,
        0,
        0,
        0
      ]
    },
    {
      "command": "vlt",
      "mean": 10.70004482014,
      "stddev": 0.6250056070626527,
      "median": 10.65148045754,
      "user": 12.01517786,
      "system": 4.039564619999999,
      "min": 9.277759313039999,
      "max": 11.49464185604,
      "times": [
        10.68368389604,
        11.49464185604,
        10.619277019039998,
        11.35824156104,
        10.69031735404,
        10.53293967504,
        10.361589197039999,
        11.49107200204,
        10.490926328039999,
        9.277759313039999
      ],
      "exit_codes": [
        0,
        0,
        0,
        0,
        0,
        0,
        0,
        0,
        0,
        0
      ]
    },
    {
      "command": "bun",
      "mean": 0.014280781240000002,
      "stddev": 0.0011269930036127821,
      "median": 0.013788215040000001,
      "user": 0.01010086,
      "system": 0.010394620000000002,
      "min": 0.01359959904,
      "max": 0.017233032040000002,
      "times": [
        0.01371460004,
        0.013749334040000002,
        0.01557139104,
        0.013657835040000002,
        0.01389623704,
        0.01384267804,
        0.017233032040000002,
        0.01382709604,
        0.01359959904,
        0.01371601004
      ],
      "exit_codes": [
        0,
        0,
        0,
        0,
        0,
        0,
        0,
        0,
        0,
        0
      ]
    },
    {
      "command": "deno",
      "mean": 0.20277625384000003,
      "stddev": 0.014244627701318744,
      "median": 0.20203372604000003,
      "user": 0.02894986,
      "system": 0.029303919999999994,
      "min": 0.18460360504,
      "max": 0.23515412804000002,
      "times": [
        0.18460360504,
        0.21704215204000002,
        0.19019867804,
        0.20659947104,
        0.20041141604,
        0.18750538704,
        0.23515412804000002,
        0.20365603604000002,
        0.19740707404000002,
        0.20518459104
      ],
      "exit_codes": [
        0,
        0,
        0,
        0,
        0,
        0,
        0,
        0,
        0,
        0
      ]
    }
  ]
}