{
  "results": [
    {
      "command": "npm",
      "mean": 0.6537397115599999,
      "stddev": 0.020376786708518033,
      "median": 0.6469945128600001,
      "user": 0.7597854199999999,
      "system": 0.11218249999999999,
      "min": 0.63997014986,
      "max": 0.71327526486,
      "times": [
        0.65105081986,
        0.64596303186,
        0.65695344286,
        0.71327526486,
        0.6476429368600001,
        0.63997014986,
        0.64933305486,
        0.64634608886,
        0.64058255086,
        0.64627977486
      ],
      "exit_codes": [
        0,
        0,
        0,
        0,
        0,
        0,
        0,
        0,
        0,
        0
      ]
    },
    {
      "command": "yarn",
      "mean": 0.32482538825999996,
      "stddev": 0.003540430135575575,
      "median": 0.32368932386000004,
      "user": 0.35930252,
      "system": 0.06887079999999998,
      "min": 0.32083258686,
      "max": 0.33137063086,
      "times": [
        0.32088508686,
        0.32349563586,
        0.33137063086,
        0.32083258686,
        0.32261804586,
        0.32528390586,
        0.32273718886,
        0.33090152486,
        0.32388301186,
        0.32624626486
      ],
      "exit_codes": [
        0,
        0,
        0,
        0,
        0,
        0,
        0,
        0,
        0,
        0
      ]
    },
    {
      "command": "berry",
      "mean": 3.5581166736600003,
      "stddev": 0.0397551860674408,
      "median": 3.56406567936,
      "user": 7.06895622,
      "system": 1.810587,
      "min": 3.49842785286,
      "max": 3.62092754186,
      "times": [
        3.56918426886,
        3.5717840778600003,
        3.62092754186,
        3.52816086186,
        3.53153734886,
        3.50722173386,
        3.55894708986,
        3.57888014786,
        3.49842785286,
        3.6160958128600003
      ],
      "exit_codes": [
        0,
        0,
        0,
        0,
        0,
        0,
        0,
        0,
        0,
        0
      ]
    },
    {
      "command": "zpm",
      "mean": 2.0848429210600004,
      "stddev": 1.5336975291636108,
      "median": 1.3378341798600002,
      "user": 1.1441009199999999,
      "system": 0.6070527,
      "min": 1.02993172486,
      "max": 5.73831735586,
      "times": [
        1.70312302486,
        5.73831735586,
        4.35809382386,
        1.29666120886,
        1.02993172486,
        1.27199254286,
        1.04400834486,
        1.3790071508600001,
        1.8543535368600002,
        1.17294049686
      ],
      "exit_codes": [
        0,
        0,
        0,
        0,
        0,
        0,
        0,
        0,
        0,
        0
      ]
    },
    {
      "command": "pnpm",
      "mean": 0.7699165192600002,
      "stddev": 0.05101762721200948,
      "median": 0.75481692336,
      "user": 0.95725862,
      "system": 0.18031569999999997,
      "min": 0.72169524186,
      "max": 0.89175075786,
      "times": [
        0.77568137086,
        0.77214928486,
        0.73748456186,
        0.89175075786,
        0.73170680286,
        0.72719235386,
        0.73258311986,
        0.72169524186,
        0.82321342286,
        0.78570827586
      ],
      "exit_codes": [
        0,
        0,
        0,
        0,
        0,
        0,
        0,
        0,
        0,
        0
      ]
    },
    {
      "command": "vlt",
      "mean": 0.37452515265999997,
      "stddev": 0.01013448638913495,
      "median": 0.37165686036,
      "user": 0.41203421999999995,
      "system": 0.0818535,
      "min": 0.36193355686,
      "max": 0.38977923986,
      "times": [
        0.36259428686,
        0.36193355686,
        0.36582828086,
        0.36746070386,
        0.36763906886000003,
        0.38623580686000003,
        0.38977923986,
        0.38456176686,
        0.37567465186,
        0.38354416386
      ],
      "exit_codes": [
        0,
        0,
        0,
        0,
        0,
        0,
        0,
        0,
        0,
        0
      ]
    },
    {
      "command": "bun",
      "mean": 0.01646902876,
      "stddev": 0.0007511796118746108,
      "median": 0.016322899860000004,
      "user": 0.012161819999999997,
      "system": 0.010427299999999999,
      "min": 0.015598400860000002,
      "max": 0.017652534860000003,
      "times": [
        0.017493040860000003,
        0.015598400860000002,
        0.016513544860000003,
        0.017652534860000003,
        0.015928793860000002,
        0.01567877586,
        0.016172225860000004,
        0.01575308086,
        0.017426315860000003,
        0.016473573860000004
      ],
      "exit_codes": [
        0,
        0,
        0,
        0,
        0,
        0,
        0,
        0,
        0,
        0
      ]
    },
    {
      "command": "deno",
      "mean": 0.28989941416000004,
      "stddev": 0.3956747282182103,
      "median": 0.15104319536,
      "user": 0.04001361999999999,
      "system": 0.0325881,
      "min": 0.14229240286,
      "max": 1.4758499548600001,
      "times": [
        0.14611830086,
        0.15699453886,
        1.4758499548600001,
        0.14229240286,
        0.15149235585999998,
        0.19488775986,
        0.14865547686,
        0.14647070486,
        0.18563861186,
        0.15059403486
      ],
      "exit_codes": [
        0,
        0,
        0,
        0,
        0,
        0,
        0,
        0,
        0,
        0
      ]
    }
  ]
}