{
  "results": [
    {
      "command": "npm",
      "mean": 0.6056554392400002,
      "stddev": 0.006524695370930691,
      "median": 0.6052569055400001,
      "user": 0.6802717599999999,
      "system": 0.11169601999999998,
      "min": 0.59697334704,
      "max": 0.6179943440400001,
      "times": [
        0.6016375900400001,
        0.6056458160400001,
        0.59759408404,
        0.6124930570400001,
        0.59697334704,
        0.6048679950400001,
        0.6179943440400001,
        0.6106176280400001,
        0.5998026430400001,
        0.6089278880400001
      ],
      "exit_codes": [
        0,
        0,
        0,
        0,
        0,
        0,
        0,
        0,
        0,
        0
      ]
    },
    {
      "command": "yarn",
      "mean": 0.30193126364,
      "stddev": 0.004457154814992188,
      "median": 0.30224880204,
      "user": 0.33524355999999994,
      "system": 0.06261221999999998,
      "min": 0.29306560404,
      "max": 0.31013423304,
      "times": [
        0.29306560404,
        0.30042054804,
        0.29881522404,
        0.30388687104,
        0.30282535204,
        0.30287135604,
        0.30167225204,
        0.29870812404,
        0.31013423304,
        0.30691307204
      ],
      "exit_codes": [
        0,
        0,
        0,
        0,
        0,
        0,
        0,
        0,
        0,
        0
      ]
    },
    {
      "command": "berry",
      "mean": 3.5167033234400003,
      "stddev": 0.050270995632857446,
      "median": 3.5035040130400006,
      "user": 6.529275559999999,
      "system": 1.7375401200000002,
      "min": 3.4621564960400004,
      "max": 3.6423601910400003,
      "times": [
        3.55525206204,
        3.52656076204,
        3.4621564960400004,
        3.46449056504,
        3.52988857904,
        3.4996257030400004,
        3.6423601910400003,
        3.4992011410400004,
        3.48011541204,
        3.5073823230400003
      ],
      "exit_codes": [
        0,
        0,
        0,
        0,
        0,
        0,
        0,
        0,
        0,
        0
      ]
    },
    {
      "command": "pnpm",
      "mean": 0.7985276928400002,
      "stddev": 0.022136814529504414,
      "median": 0.7987344250400001,
      "user": 0.8588874599999998,
      "system": 0.16680672000000002,
      "min": 0.7666368400400001,
      "max": 0.8464811940400001,
      "times": [
        0.8464811940400001,
        0.7914345920400001,
        0.7693732280400001,
        0.7985553740400001,
        0.80014682804,
        0.7863200380400001,
        0.7989134760400001,
        0.8077552040400001,
        0.81966015404,
        0.7666368400400001
      ],
      "exit_codes": [
        0,
        0,
        0,
        0,
        0,
        0,
        0,
        0,
        0,
        0
      ]
    },
    {
      "command": "vlt",
      "mean": 0.30600319093999995,
      "stddev": 0.003789219408733419,
      "median": 0.30543270704000003,
      "user": 0.32614426,
      "system": 0.07346632,
      "min": 0.30065249104,
      "max": 0.31375642804,
      "times": [
        0.30538356604,
        0.31082568404,
        0.30359279704,
        0.30627615304,
        0.31375642804,
        0.30155953304,
        0.30785994404,
        0.30464346504,
        0.30065249104,
        0.30548184804
      ],
      "exit_codes": [
        0,
        0,
        0,
        0,
        0,
        0,
        0,
        0,
        0,
        0
      ]
    },
    {
      "command": "bun",
      "mean": 0.01455071774,
      "stddev": 0.000668731802913402,
      "median": 0.01413451254,
      "user": 0.00974526,
      "system": 0.010815920000000001,
      "min": 0.013842226040000002,
      "max": 0.015495970040000001,
      "times": [
        0.01545621204,
        0.01413969104,
        0.01514901204,
        0.014125336040000002,
        0.015495970040000001,
        0.015318421039999999,
        0.013929557040000002,
        0.013842226040000002,
        0.013921418040000001,
        0.01412933404
      ],
      "exit_codes": [
        0,
        0,
        0,
        0,
        0,
        0,
        0,
        0,
        0,
        0
      ]
    },
    {
      "command": "deno",
      "mean": 0.22526764804,
      "stddev": 0.023039155201817332,
      "median": 0.22017014604000001,
      "user": 0.030415859999999996,
      "system": 0.028083619999999997,
      "min": 0.19807377004,
      "max": 0.27260799304,
      "times": [
        0.21848111604000003,
        0.25645150204,
        0.22185917604000002,
        0.27260799304,
        0.19807377004,
        0.22321031304000002,
        0.19809089004000002,
        0.21682937604000002,
        0.20808795604000002,
        0.23898438804000002
      ],
      "exit_codes": [
        0,
        0,
        0,
        0,
        0,
        0,
        0,
        0,
        0,
        0
      ]
    }
  ]
}