{
  "results": [
    {
      "command": "npm",
      "mean": 4.22549427082,
      "stddev": 0.035235153409581256,
      "median": 4.22912195252,
      "user": 4.550656300000001,
      "system": 2.3376239599999997,
      "min": 4.12675989152,
      "max": 4.26063824652,
      "times": [
        4.23701739652,
        4.22187322652,
        4.22826001052,
        4.25000067752,
        4.26063824652,
        4.22861599552,
        4.22146724952,
        4.25068210452,
        4.12675989152,
        4.2296279095200005
      ],
      "exit_codes": [
        0,
        0,
        0,
        0,
        0,
        0,
        0,
        0,
        0,
        0
      ]
    },
    {
      "command": "yarn",
      "mean": 9.81154324872,
      "stddev": 0.1577708535224335,
      "median": 9.79312690652,
      "user": 13.669591,
      "system": 6.87134806,
      "min": 9.52483401152,
      "max": 10.15964449652,
      "times": [
        9.92379466152,
        9.69138420952,
        9.90826474352,
        9.81101931652,
        10.15964449652,
        9.76286434152,
        9.82021575552,
        9.73817645452,
        9.52483401152,
        9.77523449652
      ],
      "exit_codes": [
        0,
        0,
        0,
        0,
        0,
        0,
        0,
        0,
        0,
        0
      ]
    },
    {
      "command": "berry",
      "mean": 3.68916639082,
      "stddev": 0.06988624983941205,
      "median": 3.68232793552,
      "user": 6.440931999999999,
      "system": 2.1367720599999998,
      "min": 3.57675886852,
      "max": 3.8344995865200002,
      "times": [
        3.57675886852,
        3.69263842352,
        3.65694735152,
        3.8344995865200002,
        3.67201744752,
        3.71007851752,
        3.61795625252,
        3.77394014252,
        3.69858108652,
        3.65824623152
      ],
      "exit_codes": [
        0,
        0,
        0,
        0,
        0,
        0,
        0,
        0,
        0,
        0
      ]
    },
    {
      "command": "pnpm",
      "mean": 2.34622617062,
      "stddev": 0.14554604028955537,
      "median": 2.30834709402,
      "user": 3.5577049,
      "system": 1.42940976,
      "min": 2.19566200652,
      "max": 2.70455661652,
      "times": [
        2.33464294452,
        2.19566200652,
        2.21892217452,
        2.43832385352,
        2.70455661652,
        2.24286697552,
        2.44081772252,
        2.36670577752,
        2.28205124352,
        2.23771239152
      ],
      "exit_codes": [
        0,
        0,
        0,
        0,
        0,
        0,
        0,
        0,
        0,
        0
      ]
    },
    {
      "command": "vlt",
      "mean": 2.29623172792,
      "stddev": 0.0766041837969672,
      "median": 2.27560780352,
      "user": 3.0761061999999995,
      "system": 1.5080707600000003,
      "min": 2.24822447852,
      "max": 2.52280374852,
      "times": [
        2.26171286352,
        2.26486998552,
        2.25596513152,
        2.28025345752,
        2.27096214952,
        2.28386303352,
        2.24822447852,
        2.29017359352,
        2.28348883752,
        2.52280374852
      ],
      "exit_codes": [
        0,
        0,
        0,
        0,
        0,
        0,
        0,
        0,
        0,
        0
      ]
    },
    {
      "command": "bun",
      "mean": 0.56899978212,
      "stddev": 0.22919692234434494,
      "median": 0.47634733302000004,
      "user": 0.4808937999999999,
      "system": 0.86691276,
      "min": 0.44001726152000004,
      "max": 1.24079957452,
      "times": [
        0.48658914352000004,
        0.46316236652000004,
        0.46610552252000004,
        0.44001726152000004,
        0.50948756652,
        1.24079957452,
        0.5746133855200001,
        0.45927873652000006,
        0.45681148452000003,
        0.5931327795200001
      ],
      "exit_codes": [
        0,
        0,
        0,
        0,
        0,
        0,
        0,
        0,
        0,
        0
      ]
    },
    {
      "command": "deno",
      "mean": 5.611502053720001,
      "stddev": 0.7529546904420036,
      "median": 5.40645137452,
      "user": 1.7234901999999999,
      "system": 1.2643067600000002,
      "min": 4.92267903052,
      "max": 7.61649121252,
      "times": [
        6.22042211252,
        7.61649121252,
        5.16187653252,
        5.57671745852,
        5.28057035852,
        4.92267903052,
        5.47186789552,
        5.34103485352,
        5.53905761952,
        4.98430346352
      ],
      "exit_codes": [
        0,
        0,
        0,
        0,
        0,
        0,
        0,
        0,
        0,
        0
      ]
    }
  ]
}