{
  "results": [
    {
      "command": "npm",
      "mean": 5.23257382108,
      "stddev": 0.04503314176239199,
      "median": 5.229275342979999,
      "user": 5.8113056,
      "system": 2.9495253800000003,
      "min": 5.16989156898,
      "max": 5.3086640439799995,
      "times": [
        5.22585966598,
        5.3086640439799995,
        5.2212990669799995,
        5.24946695598,
        5.23269101998,
        5.18032393998,
        5.27547439998,
        5.16989156898,
        5.28360851598,
        5.17845903298
      ],
      "exit_codes": [
        0,
        0,
        0,
        0,
        0,
        0,
        0,
        0,
        0,
        0
      ]
    },
    {
      "command": "yarn",
      "mean": 11.64859552968,
      "stddev": 0.1388692937022136,
      "median": 11.68407631498,
      "user": 15.143055399999998,
      "system": 8.346018679999997,
      "min": 11.460617259980001,
      "max": 11.92609138098,
      "times": [
        11.53647997098,
        11.468199917980002,
        11.66017152098,
        11.74462800198,
        11.92609138098,
        11.71892035598,
        11.460617259980001,
        11.539299901980002,
        11.72356587698,
        11.70798110898
      ],
      "exit_codes": [
        0,
        0,
        0,
        0,
        0,
        0,
        0,
        0,
        0,
        0
      ]
    },
    {
      "command": "berry",
      "mean": 5.41394386998,
      "stddev": 0.06158995776042847,
      "median": 5.43876845948,
      "user": 8.925561799999999,
      "system": 3.1500642799999996,
      "min": 5.29387452898,
      "max": 5.50844171098,
      "times": [
        5.38649070198,
        5.43231312198,
        5.50844171098,
        5.44932965398,
        5.3641768149799995,
        5.45662101198,
        5.44522379698,
        5.45917438898,
        5.34379296898,
        5.29387452898
      ],
      "exit_codes": [
        0,
        0,
        0,
        0,
        0,
        0,
        0,
        0,
        0,
        0
      ]
    },
    {
      "command": "pnpm",
      "mean": 2.8457173954800004,
      "stddev": 0.04285015501749808,
      "median": 2.83728831398,
      "user": 4.3149674000000005,
      "system": 1.78661608,
      "min": 2.78684736098,
      "max": 2.9274226829799996,
      "times": [
        2.8440035779799997,
        2.78684736098,
        2.84448312298,
        2.83057304998,
        2.8256364499799997,
        2.82406381598,
        2.7931000349799997,
        2.9274226829799996,
        2.8776667739799997,
        2.90337708498
      ],
      "exit_codes": [
        0,
        0,
        0,
        0,
        0,
        0,
        0,
        0,
        0,
        0
      ]
    },
    {
      "command": "vlt",
      "mean": 2.8276917259800003,
      "stddev": 0.034129231292803985,
      "median": 2.83086423048,
      "user": 3.6677482000000006,
      "system": 1.8540919799999998,
      "min": 2.77144658798,
      "max": 2.87588554298,
      "times": [
        2.83604184098,
        2.86433093998,
        2.82568661998,
        2.77144658798,
        2.8249980679799997,
        2.85889021098,
        2.87588554298,
        2.84325500398,
        2.77400828498,
        2.80237415998
      ],
      "exit_codes": [
        0,
        0,
        0,
        0,
        0,
        0,
        0,
        0,
        0,
        0
      ]
    },
    {
      "command": "bun",
      "mean": 0.68010382488,
      "stddev": 0.07112204609985538,
      "median": 0.6499447179800001,
      "user": 0.6717431,
      "system": 1.1285662799999998,
      "min": 0.6234975719800001,
      "max": 0.8519113609800001,
      "times": [
        0.6380618609800001,
        0.65700274698,
        0.7749330869800001,
        0.8519113609800001,
        0.6252266769800001,
        0.6234975719800001,
        0.6400248109800001,
        0.6533153499800001,
        0.6904906969800001,
        0.6465740859800001
      ],
      "exit_codes": [
        0,
        0,
        0,
        0,
        0,
        0,
        0,
        0,
        0,
        0
      ]
    },
    {
      "command": "deno",
      "mean": 4.06758973428,
      "stddev": 0.26587911615430077,
      "median": 4.01198727098,
      "user": 2.5905766,
      "system": 1.8375729799999998,
      "min": 3.61721280998,
      "max": 4.53700084898,
      "times": [
        4.53700084898,
        4.03282495798,
        3.85610499498,
        3.99837676198,
        4.02559777998,
        3.61721280998,
        3.94787064298,
        4.50066714598,
        4.20061961198,
        3.9596217879799998
      ],
      "exit_codes": [
        0,
        0,
        0,
        0,
        0,
        0,
        0,
        0,
        0,
        0
      ]
    }
  ]
}