{
  "results": [
    {
      "command": "npm",
      "mean": 0.3270509495000001,
      "stddev": 0.0029278952001527796,
      "median": 0.32694998110000006,
      "user": 0.3340992399999999,
      "system": 0.07731539999999999,
      "min": 0.3230341666,
      "max": 0.3332913356,
      "times": [
        0.32545720460000005,
        0.32566336560000003,
        0.3230341666,
        0.3270634096,
        0.3232219156,
        0.32924313660000004,
        0.32685435560000003,
        0.3332913356,
        0.3296349986,
        0.32704560660000004
      ],
      "exit_codes": [
        0,
        0,
        0,
        0,
        0,
        0,
        0,
        0,
        0,
        0
      ]
    },
    {
      "command": "yarn",
      "mean": 0.23214452010000008,
      "stddev": 0.0022081677754160456,
      "median": 0.23208409610000003,
      "user": 0.20346883999999998,
      "system": 0.0528414,
      "min": 0.22935453960000002,
      "max": 0.23548667460000003,
      "times": [
        0.22935453960000002,
        0.22994927960000003,
        0.23258192060000002,
        0.23054846660000003,
        0.23480871560000002,
        0.23548667460000003,
        0.23158627160000003,
        0.23280512860000002,
        0.22947866460000002,
        0.23484553960000001
      ],
      "exit_codes": [
        0,
        0,
        0,
        0,
        0,
        0,
        0,
        0,
        0,
        0
      ]
    },
    {
      "command": "berry",
      "mean": 1.9403296038,
      "stddev": 0.014828001198682855,
      "median": 1.9421065306,
      "user": 3.2460024400000003,
      "system": 0.8972282999999999,
      "min": 1.9144095676000001,
      "max": 1.9626426666,
      "times": [
        1.9400878816,
        1.9441251796,
        1.9474759666,
        1.9213920536000002,
        1.9626426666,
        1.9356221706,
        1.9450831236000001,
        1.9305689866000002,
        1.9144095676000001,
        1.9618884416
      ],
      "exit_codes": [
        0,
        0,
        0,
        0,
        0,
        0,
        0,
        0,
        0,
        0
      ]
    },
    {
      "command": "pnpm",
      "mean": 0.6069383131999999,
      "stddev": 0.008774831214843999,
      "median": 0.6060281221,
      "user": 0.70045504,
      "system": 0.13685920000000001,
      "min": 0.5932729286,
      "max": 0.6247569105999999,
      "times": [
        0.6103203725999999,
        0.6060788726,
        0.6059773716,
        0.6073075966,
        0.6184312916,
        0.5976790336,
        0.6029773996,
        0.6025813546,
        0.6247569105999999,
        0.5932729286
      ],
      "exit_codes": [
        0,
        0,
        0,
        0,
        0,
        0,
        0,
        0,
        0,
        0
      ]
    },
    {
      "command": "vlt",
      "mean": 0.25211385589999996,
      "stddev": 0.0038831190173622613,
      "median": 0.25221545060000006,
      "user": 0.24958483999999997,
      "system": 0.0567447,
      "min": 0.24648097360000001,
      "max": 0.25824385660000004,
      "times": [
        0.24648097360000001,
        0.25824385660000004,
        0.2505887236,
        0.2567284396,
        0.2541579256,
        0.2535278946,
        0.24879983960000002,
        0.25090300660000003,
        0.24660788460000002,
        0.25510001460000004
      ],
      "exit_codes": [
        0,
        0,
        0,
        0,
        0,
        0,
        0,
        0,
        0,
        0
      ]
    },
    {
      "command": "bun",
      "mean": 0.005833975100000001,
      "stddev": 0.00025560370591024305,
      "median": 0.0057535516,
      "user": 0.00300894,
      "system": 0.0061901,
      "min": 0.005541073600000001,
      "max": 0.006462290600000001,
      "times": [
        0.005646940600000001,
        0.0057419126,
        0.0056163816,
        0.005541073600000001,
        0.0057452096000000005,
        0.0060731906,
        0.005761893600000001,
        0.006462290600000001,
        0.0059395406,
        0.005811317600000001
      ],
      "exit_codes": [
        0,
        0,
        0,
        0,
        0,
        0,
        0,
        0,
        0,
        0
      ]
    },
    {
      "command": "deno",
      "mean": 0.036411034800000006,
      "stddev": 0.0005407616201329003,
      "median": 0.036372051100000004,
      "user": 0.02105344,
      "system": 0.019274499999999996,
      "min": 0.0356672426,
      "max": 0.0374158636,
      "times": [
        0.035825382600000004,
        0.035886524600000004,
        0.0369719526,
        0.036388962600000005,
        0.0363551396,
        0.0374158636,
        0.0356672426,
        0.0369005236,
        0.0366475236,
        0.036051232600000004
      ],
      "exit_codes": [
        0,
        0,
        0,
        0,
        0,
        0,
        0,
        0,
        0,
        0
      ]
    }
  ]
}