{
  "results": [
    {
      "command": "npm",
      "mean": 0.4994780220200001,
      "stddev": 0.0038416346446530146,
      "median": 0.49923143762000005,
      "user": 0.55231698,
      "system": 0.10077597999999999,
      "min": 0.49396122212000004,
      "max": 0.5050093491200001,
      "times": [
        0.5050093491200001,
        0.49623147212,
        0.50250166512,
        0.49627058812,
        0.49559122512000003,
        0.49396122212000004,
        0.5013568661200001,
        0.5043582541200001,
        0.5023935691200001,
        0.49710600912
      ],
      "exit_codes": [
        0,
        0,
        0,
        0,
        0,
        0,
        0,
        0,
        0,
        0
      ]
    },
    {
      "command": "yarn",
      "mean": 0.29763213712000003,
      "stddev": 0.01821241637548281,
      "median": 0.29280510962,
      "user": 0.31958028000000005,
      "system": 0.05911888,
      "min": 0.28606233612000004,
      "max": 0.35161627612,
      "times": [
        0.29442520512000003,
        0.28803776912,
        0.28606233612000004,
        0.29430950212,
        0.29474430312,
        0.29130071712,
        0.29104863512,
        0.29446593212,
        0.29031069512,
        0.35161627612
      ],
      "exit_codes": [
        0,
        0,
        0,
        0,
        0,
        0,
        0,
        0,
        0,
        0
      ]
    },
    {
      "command": "berry",
      "mean": 0.6583979528200001,
      "stddev": 0.004485054142338597,
      "median": 0.6594854611200001,
      "user": 0.77511028,
      "system": 0.12777117999999998,
      "min": 0.6507467141200001,
      "max": 0.6640402001200001,
      "times": [
        0.6507467141200001,
        0.6553047611200001,
        0.6637944121200001,
        0.6640402001200001,
        0.6514206041200001,
        0.6615078271200001,
        0.6605303401200001,
        0.6570709601200001,
        0.6584405821200001,
        0.6611231271200001
      ],
      "exit_codes": [
        0,
        0,
        0,
        0,
        0,
        0,
        0,
        0,
        0,
        0
      ]
    },
    {
      "command": "pnpm",
      "mean": 0.6748148621200001,
      "stddev": 0.008309224069352724,
      "median": 0.6755585261200001,
      "user": 0.7718231799999999,
      "system": 0.12040747999999998,
      "min": 0.6622997531200001,
      "max": 0.6902869051200001,
      "times": [
        0.6762064951200001,
        0.6684543221200001,
        0.6622997531200001,
        0.6768690591200001,
        0.6662051401200001,
        0.6697874371200001,
        0.6902869051200001,
        0.6749648521200001,
        0.6761522001200001,
        0.6869224571200001
      ],
      "exit_codes": [
        0,
        0,
        0,
        0,
        0,
        0,
        0,
        0,
        0,
        0
      ]
    },
    {
      "command": "vlt",
      "mean": 0.3119559645200001,
      "stddev": 0.0023654239272285714,
      "median": 0.31155376012,
      "user": 0.32041847999999995,
      "system": 0.06907988,
      "min": 0.30825644012000003,
      "max": 0.31627153112,
      "times": [
        0.31126528612000004,
        0.31280882112,
        0.30963228812,
        0.31370502412,
        0.31039948212,
        0.31497701712000004,
        0.31627153112,
        0.31040152112,
        0.30825644012000003,
        0.31184223412
      ],
      "exit_codes": [
        0,
        0,
        0,
        0,
        0,
        0,
        0,
        0,
        0,
        0
      ]
    },
    {
      "command": "bun",
      "mean": 0.01016850552,
      "stddev": 0.00044760339662455663,
      "median": 0.01003042862,
      "user": 0.00723258,
      "system": 0.00861578,
      "min": 0.00985416712,
      "max": 0.01146393912,
      "times": [
        0.00993444712,
        0.01003976112,
        0.01018807112,
        0.01023852412,
        0.01146393912,
        0.00995649812,
        0.01002109612,
        0.00985416712,
        0.00988821312,
        0.01010033812
      ],
      "exit_codes": [
        0,
        0,
        0,
        0,
        0,
        0,
        0,
        0,
        0,
        0
      ]
    },
    {
      "command": "deno",
      "mean": 0.041553783420000004,
      "stddev": 0.0007500847393790987,
      "median": 0.04142387512,
      "user": 0.023568480000000003,
      "system": 0.021853079999999997,
      "min": 0.04051161812,
      "max": 0.042929477120000004,
      "times": [
        0.04090753012,
        0.04136638412,
        0.04163919012,
        0.042929477120000004,
        0.04101928312000001,
        0.04051161812,
        0.041569489120000004,
        0.04148136612,
        0.042890548120000004,
        0.041222948120000005
      ],
      "exit_codes": [
        0,
        0,
        0,
        0,
        0,
        0,
        0,
        0,
        0,
        0
      ]
    }
  ]
}