{
  "results": [
    {
      "command": "npm",
      "mean": 4.2493103991600005,
      "stddev": 0.07198614462480246,
      "median": 4.238896717759999,
      "user": 4.422774219999999,
      "system": 2.4500139,
      "min": 4.183484637259999,
      "max": 4.439514573259999,
      "times": [
        4.28933418026,
        4.21795284026,
        4.24737867026,
        4.23041476526,
        4.26146816126,
        4.183484637259999,
        4.18692714826,
        4.18365586126,
        4.439514573259999,
        4.252973154259999
      ],
      "exit_codes": [
        0,
        0,
        0,
        0,
        0,
        0,
        0,
        0,
        0,
        0
      ]
    },
    {
      "command": "yarn",
      "mean": 10.36420034026,
      "stddev": 0.11288929136130142,
      "median": 10.39908106526,
      "user": 14.57507052,
      "system": 7.4355172,
      "min": 10.15591298726,
      "max": 10.53662053226,
      "times": [
        10.42221419626,
        10.396624280260001,
        10.40153785026,
        10.15591298726,
        10.46450535426,
        10.435583108260001,
        10.23668120926,
        10.53662053226,
        10.358773429260001,
        10.233550455260001
      ],
      "exit_codes": [
        0,
        0,
        0,
        0,
        0,
        0,
        0,
        0,
        0,
        0
      ]
    },
    {
      "command": "berry",
      "mean": 3.5339190832600003,
      "stddev": 0.0399223257381605,
      "median": 3.53277022376,
      "user": 6.183875120000001,
      "system": 2.0825677,
      "min": 3.48249981026,
      "max": 3.60017459526,
      "times": [
        3.5374023712600002,
        3.50530764326,
        3.60017459526,
        3.5281380762600003,
        3.57111944026,
        3.5406983212600003,
        3.49329461026,
        3.49088681426,
        3.48249981026,
        3.58966915026
      ],
      "exit_codes": [
        0,
        0,
        0,
        0,
        0,
        0,
        0,
        0,
        0,
        0
      ]
    },
    {
      "command": "pnpm",
      "mean": 2.10663948026,
      "stddev": 0.021226206270617085,
      "median": 2.1051366487600003,
      "user": 3.5777288199999995,
      "system": 1.3960152,
      "min": 2.0771234622600003,
      "max": 2.1478308092600003,
      "times": [
        2.0771234622600003,
        2.0964859232600004,
        2.1478308092600003,
        2.09743493026,
        2.11584792826,
        2.12682754726,
        2.12152672426,
        2.11283836726,
        2.07885772226,
        2.09162138826
      ],
      "exit_codes": [
        0,
        0,
        0,
        0,
        0,
        0,
        0,
        0,
        0,
        0
      ]
    },
    {
      "command": "vlt",
      "mean": 2.3584134872600004,
      "stddev": 0.026477351630657453,
      "median": 2.34517931226,
      "user": 3.08297092,
      "system": 1.5603674999999997,
      "min": 2.3285605992600003,
      "max": 2.4003178812600003,
      "times": [
        2.3941906792600003,
        2.3876891062600003,
        2.4003178812600003,
        2.34763889726,
        2.34271972726,
        2.3753323122600003,
        2.3297628082600004,
        2.33896675726,
        2.3389561042600002,
        2.3285605992600003
      ],
      "exit_codes": [
        0,
        0,
        0,
        0,
        0,
        0,
        0,
        0,
        0,
        0
      ]
    },
    {
      "command": "bun",
      "mean": 0.44635735766,
      "stddev": 0.013204362977723582,
      "median": 0.44274602276,
      "user": 0.47079572000000003,
      "system": 0.8483509,
      "min": 0.43251138626,
      "max": 0.48080627326,
      "times": [
        0.43613038626,
        0.48080627326,
        0.44386014826000003,
        0.43966132026000004,
        0.43577059026000003,
        0.44877291126,
        0.44163189726,
        0.43251138626,
        0.45276049126,
        0.45166817226
      ],
      "exit_codes": [
        0,
        0,
        0,
        0,
        0,
        0,
        0,
        0,
        0,
        0
      ]
    },
    {
      "command": "deno",
      "mean": 4.59035059566,
      "stddev": 0.7368136352210745,
      "median": 4.75690229426,
      "user": 1.7156588200000003,
      "system": 1.2840262,
      "min": 3.3429490802600004,
      "max": 5.488909620259999,
      "times": [
        4.836921859259999,
        5.16961829926,
        5.4617605422599995,
        5.488909620259999,
        5.141181587259999,
        3.62421027426,
        3.3429490802600004,
        3.8106571932600004,
        4.67688272926,
        4.35041477126
      ],
      "exit_codes": [
        0,
        0,
        0,
        0,
        0,
        0,
        0,
        0,
        0,
        0
      ]
    }
  ]
}