{
  "results": [
    {
      "command": "npm",
      "mean": 9.73854339868,
      "stddev": 0.06722100699678585,
      "median": 9.733062334580001,
      "user": 10.16512812,
      "system": 4.68255146,
      "min": 9.660796277580001,
      "max": 9.89419122258,
      "times": [
        9.79212946758,
        9.89419122258,
        9.69255816058,
        9.762619133580001,
        9.66371839058,
        9.68664501658,
        9.660796277580001,
        9.76665164858,
        9.722872971580001,
        9.74325169758
      ],
      "exit_codes": [
        0,
        0,
        0,
        0,
        0,
        0,
        0,
        0,
        0,
        0
      ]
    },
    {
      "command": "yarn",
      "mean": 7.64966254878,
      "stddev": 0.21845534316051538,
      "median": 7.605947712580001,
      "user": 5.14328052,
      "system": 4.5716183599999995,
      "min": 7.347332493580001,
      "max": 7.97858546358,
      "times": [
        7.89860905258,
        7.69928431758,
        7.496926544580001,
        7.512611107580001,
        7.97858546358,
        7.425633378580001,
        7.767151885580001,
        7.913894297580001,
        7.45659694658,
        7.347332493580001
      ],
      "exit_codes": [
        0,
        0,
        0,
        0,
        0,
        0,
        0,
        0,
        0,
        0
      ]
    },
    {
      "command": "berry",
      "mean": 4.92771195598,
      "stddev": 0.049597383782161546,
      "median": 4.92980801958,
      "user": 5.84110432,
      "system": 2.37492656,
      "min": 4.86017637658,
      "max": 5.013391195580001,
      "times": [
        4.894575925580001,
        4.92298698358,
        4.96343696058,
        4.880305857580001,
        4.96028044258,
        4.981243059580001,
        4.86017637658,
        5.013391195580001,
        4.93662905558,
        4.86409370258
      ],
      "exit_codes": [
        0,
        0,
        0,
        0,
        0,
        0,
        0,
        0,
        0,
        0
      ]
    },
    {
      "command": "pnpm",
      "mean": 3.42746344098,
      "stddev": 0.06919039086286258,
      "median": 3.41130919008,
      "user": 4.564024120000001,
      "system": 1.4585581599999997,
      "min": 3.3388419585799998,
      "max": 3.56234418458,
      "times": [
        3.48744750358,
        3.3388419585799998,
        3.35621166758,
        3.56234418458,
        3.38693961958,
        3.41300796258,
        3.36954730558,
        3.40961041758,
        3.51434685558,
        3.43633693458
      ],
      "exit_codes": [
        0,
        0,
        0,
        0,
        0,
        0,
        0,
        0,
        0,
        0
      ]
    },
    {
      "command": "vlt",
      "mean": 3.2339452632800003,
      "stddev": 0.049918149427690774,
      "median": 3.23628640158,
      "user": 3.2820216199999996,
      "system": 2.58469596,
      "min": 3.1609801375799997,
      "max": 3.31417986458,
      "times": [
        3.31417986458,
        3.19953005758,
        3.18423840858,
        3.28294989258,
        3.24511649158,
        3.22745631158,
        3.29385828258,
        3.17904469958,
        3.1609801375799997,
        3.25209848658
      ],
      "exit_codes": [
        0,
        0,
        0,
        0,
        0,
        0,
        0,
        0,
        0,
        0
      ]
    },
    {
      "command": "bun",
      "mean": 0.32608045548000003,
      "stddev": 0.008013299663310483,
      "median": 0.32386729808000003,
      "user": 0.018364219999999997,
      "system": 0.31136885999999997,
      "min": 0.31856354258,
      "max": 0.34678065458,
      "times": [
        0.31856354258,
        0.31979325958,
        0.32106463958000003,
        0.32182821558,
        0.31965451458,
        0.32775376658,
        0.32590638058000004,
        0.32838807058,
        0.33107151058,
        0.34678065458
      ],
      "exit_codes": [
        0,
        0,
        0,
        0,
        0,
        0,
        0,
        0,
        0,
        0
      ]
    },
    {
      "command": "deno",
      "mean": 1.1205257361799998,
      "stddev": 0.009077090527346815,
      "median": 1.12451753108,
      "user": 1.2819275199999998,
      "system": 0.8642141600000001,
      "min": 1.10268319258,
      "max": 1.13123121958,
      "times": [
        1.12677069858,
        1.1264260635799999,
        1.11006628958,
        1.11176215558,
        1.13123121958,
        1.1254028865799999,
        1.12363217558,
        1.1298906465799998,
        1.1173920335799998,
        1.10268319258
      ],
      "exit_codes": [
        0,
        0,
        0,
        0,
        0,
        0,
        0,
        0,
        0,
        0
      ]
    }
  ]
}