{
  "results": [
    {
      "command": "npm",
      "mean": 24.31146571644,
      "stddev": 1.5397618757440585,
      "median": 24.14984332164,
      "user": 14.388451799999999,
      "system": 3.8762924399999994,
      "min": 21.852416230139998,
      "max": 27.53116233114,
      "times": [
        24.13396958314,
        24.16571706014,
        24.09158293514,
        24.442789283139998,
        23.24720430514,
        27.53116233114,
        22.624760361139998,
        21.852416230139998,
        25.908903309139998,
        25.11615176614
      ],
      "exit_codes": [
        0,
        0,
        0,
        0,
        0,
        0,
        0,
        0,
        0,
        0
      ]
    },
    {
      "command": "yarn",
      "mean": 18.302929374439998,
      "stddev": 0.760181676727237,
      "median": 18.178359859639997,
      "user": 17.744502,
      "system": 8.410307940000001,
      "min": 17.26380419414,
      "max": 20.100998886139998,
      "times": [
        17.98093581114,
        18.33438929414,
        20.100998886139998,
        17.655560749139998,
        18.75086140414,
        18.022330425139998,
        17.65532890414,
        18.51826883514,
        17.26380419414,
        18.74681524114
      ],
      "exit_codes": [
        0,
        0,
        0,
        0,
        0,
        0,
        0,
        0,
        0,
        0
      ]
    },
    {
      "command": "berry",
      "mean": 6.259315881439999,
      "stddev": 0.07436849806944801,
      "median": 6.2428634801400005,
      "user": 10.5214252,
      "system": 3.22037814,
      "min": 6.13723736214,
      "max": 6.43108061314,
      "times": [
        6.25887679414,
        6.33474392414,
        6.27700635614,
        6.24773439514,
        6.22964310414,
        6.13723736214,
        6.23050237314,
        6.20834132714,
        6.43108061314,
        6.23799256514
      ],
      "exit_codes": [
        0,
        0,
        0,
        0,
        0,
        0,
        0,
        0,
        0,
        0
      ]
    },
    {
      "command": "pnpm",
      "mean": 4.84288323374,
      "stddev": 0.12613552575648151,
      "median": 4.79440838814,
      "user": 6.8394973,
      "system": 2.4430656399999995,
      "min": 4.71742355414,
      "max": 5.08972289314,
      "times": [
        4.83175966414,
        4.75705711214,
        4.71742355414,
        4.95604701214,
        4.89093006414,
        4.73374933914,
        5.08972289314,
        4.71950729914,
        4.99201015714,
        4.74062524214
      ],
      "exit_codes": [
        0,
        0,
        0,
        0,
        0,
        0,
        0,
        0,
        0,
        0
      ]
    },
    {
      "command": "vlt",
      "mean": 7.50816834264,
      "stddev": 0.3561816958009657,
      "median": 7.3830808361399995,
      "user": 8.0502813,
      "system": 2.99568984,
      "min": 7.14032146214,
      "max": 8.461633476140001,
      "times": [
        7.58708082214,
        7.14032146214,
        7.20411299214,
        7.39491571514,
        7.68317794514,
        7.56847813914,
        7.37124595714,
        8.461633476140001,
        7.3367794671399995,
        7.33393745014
      ],
      "exit_codes": [
        0,
        0,
        0,
        0,
        0,
        0,
        0,
        0,
        0,
        0
      ]
    },
    {
      "command": "bun",
      "mean": 2.1284937149400003,
      "stddev": 0.9005776749552803,
      "median": 1.5747757291400002,
      "user": 2.0898957,
      "system": 1.71442674,
      "min": 1.44465363214,
      "max": 3.76478570014,
      "times": [
        1.5765990991400003,
        1.57295235914,
        1.5453950371400003,
        2.9513138251399997,
        1.7917411831400003,
        3.67300223214,
        1.50326541814,
        1.44465363214,
        3.76478570014,
        1.4612286631400002
      ],
      "exit_codes": [
        0,
        0,
        0,
        0,
        0,
        0,
        0,
        0,
        0,
        0
      ]
    },
    {
      "command": "deno",
      "mean": 12.55400178894,
      "stddev": 0.882044945414321,
      "median": 12.282992744640001,
      "user": 4.1602796,
      "system": 2.0470261400000003,
      "min": 11.52852313414,
      "max": 14.67991458514,
      "times": [
        13.130465304140001,
        12.218944481140001,
        11.63932450014,
        12.347041008140001,
        13.200814366140001,
        11.975138923140001,
        11.52852313414,
        12.197893054140001,
        14.67991458514,
        12.62195853314
      ],
      "exit_codes": [
        0,
        0,
        0,
        0,
        0,
        0,
        0,
        0,
        0,
        0
      ]
    }
  ]
}