{
  "results": [
    {
      "command": "npm",
      "mean": 1.82670531168,
      "stddev": 0.3304548117596596,
      "median": 1.70951816758,
      "user": 1.9019749799999996,
      "system": 0.73493482,
      "min": 1.63495927808,
      "max": 2.7935312570799997,
      "times": [
        1.82692716608,
        1.86733408208,
        1.7215543650799998,
        2.7935312570799997,
        1.74506575308,
        1.68718054308,
        1.64486782008,
        1.6974819700800001,
        1.64815088208,
        1.63495927808
      ],
      "exit_codes": [
        0,
        0,
        0,
        0,
        0,
        0,
        0,
        0,
        0,
        0
      ]
    },
    {
      "command": "yarn",
      "mean": 4.01388725298,
      "stddev": 0.5208905858044456,
      "median": 3.83902473858,
      "user": 5.8250519800000005,
      "system": 2.1740752199999998,
      "min": 3.71479728108,
      "max": 5.54638842408,
      "times": [
        3.7813797990799998,
        3.99895029308,
        3.87330944608,
        4.04134369708,
        3.85913989408,
        5.54638842408,
        3.71479728108,
        3.7234648140799997,
        3.81890958308,
        3.78118929808
      ],
      "exit_codes": [
        0,
        0,
        0,
        0,
        0,
        0,
        0,
        0,
        0,
        0
      ]
    },
    {
      "command": "berry",
      "mean": 1.5348517449799999,
      "stddev": 0.1272214765502056,
      "median": 1.4785880540799998,
      "user": 2.9043504799999997,
      "system": 0.84520002,
      "min": 1.40890762308,
      "max": 1.77645533108,
      "times": [
        1.74907909808,
        1.77645533108,
        1.63100235008,
        1.4557416080799999,
        1.47738798708,
        1.42998521708,
        1.48592160208,
        1.45424851208,
        1.47978812108,
        1.40890762308
      ],
      "exit_codes": [
        0,
        0,
        0,
        0,
        0,
        0,
        0,
        0,
        0,
        0
      ]
    },
    {
      "command": "pnpm",
      "mean": 1.2400624623799998,
      "stddev": 0.049370773815707834,
      "median": 1.2272798370799998,
      "user": 1.8047503799999998,
      "system": 0.50394362,
      "min": 1.1819603620799999,
      "max": 1.3327648510799999,
      "times": [
        1.23004064008,
        1.2245190340799998,
        1.32520820908,
        1.19698970908,
        1.3327648510799999,
        1.24959925308,
        1.1819603620799999,
        1.21027841608,
        1.2520530270799999,
        1.19721112208
      ],
      "exit_codes": [
        0,
        0,
        0,
        0,
        0,
        0,
        0,
        0,
        0,
        0
      ]
    },
    {
      "command": "vlt",
      "mean": 1.00128389738,
      "stddev": 0.22806487934019873,
      "median": 0.90028635558,
      "user": 1.1823875799999999,
      "system": 0.46515832,
      "min": 0.8753761960800001,
      "max": 1.61294219508,
      "times": [
        0.91878400808,
        0.8915754160800001,
        1.23544711208,
        0.8910233730800001,
        0.8754015570800001,
        0.8950144310800001,
        1.61294219508,
        0.8753761960800001,
        0.90555828008,
        0.9117164050800001
      ],
      "exit_codes": [
        0,
        0,
        0,
        0,
        0,
        0,
        0,
        0,
        0,
        0
      ]
    },
    {
      "command": "bun",
      "mean": 0.31107633328,
      "stddev": 0.09148549215015295,
      "median": 0.29098546908,
      "user": 0.21610078000000002,
      "system": 0.28222932,
      "min": 0.22923846408000004,
      "max": 0.53136288208,
      "times": [
        0.23302668308000002,
        0.32488744008,
        0.23024510908000004,
        0.53136288208,
        0.35539521808,
        0.38939271308,
        0.26861689508000003,
        0.22923846408000004,
        0.23524388508000002,
        0.31335404308
      ],
      "exit_codes": [
        0,
        0,
        0,
        0,
        0,
        0,
        0,
        0,
        0,
        0
      ]
    },
    {
      "command": "deno",
      "mean": 3.70478160758,
      "stddev": 0.5514616034674552,
      "median": 3.56622052958,
      "user": 0.7721648800000002,
      "system": 0.39992212,
      "min": 3.10564550408,
      "max": 5.07058460608,
      "times": [
        3.1877049350799997,
        5.07058460608,
        4.13839298308,
        3.5114530130799997,
        3.10564550408,
        3.59590072708,
        3.65590264608,
        3.53654033208,
        3.98889055308,
        3.25680077608
      ],
      "exit_codes": [
        0,
        0,
        0,
        0,
        0,
        0,
        0,
        0,
        0,
        0
      ]
    }
  ]
}