{
  "results": [
    {
      "command": "npm",
      "mean": 4.100869821799999,
      "stddev": 0.021583908160705864,
      "median": 4.1025176342,
      "user": 4.30056658,
      "system": 2.35404296,
      "min": 4.0594180327,
      "max": 4.1317761677,
      "times": [
        4.0867259527,
        4.0594180327,
        4.1247959937,
        4.1048199057,
        4.1164778017,
        4.0947519397,
        4.1317761677,
        4.0743238417,
        4.1153932197,
        4.1002153627
      ],
      "exit_codes": [
        0,
        0,
        0,
        0,
        0,
        0,
        0,
        0,
        0,
        0
      ]
    },
    {
      "command": "yarn",
      "mean": 9.9225489297,
      "stddev": 0.06438078456684862,
      "median": 9.933476224700001,
      "user": 14.05915478,
      "system": 7.084672360000001,
      "min": 9.7774212957,
      "max": 10.0206631967,
      "times": [
        9.9443418257,
        9.9927559487,
        9.9226106237,
        10.0206631967,
        9.9534723897,
        9.9470066777,
        9.8787343847,
        9.7774212957,
        9.9060667707,
        9.8824161837
      ],
      "exit_codes": [
        0,
        0,
        0,
        0,
        0,
        0,
        0,
        0,
        0,
        0
      ]
    },
    {
      "command": "berry",
      "mean": 3.4758843244,
      "stddev": 0.05987727755695475,
      "median": 3.4757309322,
      "user": 5.9612567799999985,
      "system": 2.02857476,
      "min": 3.3969201867,
      "max": 3.5679552207,
      "times": [
        3.5076813667,
        3.4122455277,
        3.5195095767,
        3.4442789357,
        3.4440962877,
        3.4047823487,
        3.5541908647,
        3.5071829287,
        3.5679552207,
        3.3969201867
      ],
      "exit_codes": [
        0,
        0,
        0,
        0,
        0,
        0,
        0,
        0,
        0,
        0
      ]
    },
    {
      "command": "zpm",
      "mean": 1.315910137,
      "stddev": 0.05084025074747685,
      "median": 1.3205432036999998,
      "user": 0.73092448,
      "system": 0.8903987599999998,
      "min": 1.2405303296999999,
      "max": 1.4163937597,
      "times": [
        1.3254230377,
        1.2563334986999999,
        1.3407590627,
        1.3734398777,
        1.2405303296999999,
        1.3177670427,
        1.3233193647,
        1.2930425417,
        1.4163937597,
        1.2720928546999999
      ],
      "exit_codes": [
        0,
        0,
        0,
        0,
        0,
        0,
        0,
        0,
        0,
        0
      ]
    },
    {
      "command": "pnpm",
      "mean": 2.1589608198,
      "stddev": 0.03192048190938288,
      "median": 2.1496627542,
      "user": 3.2376958799999995,
      "system": 1.3530898599999999,
      "min": 2.1065087087,
      "max": 2.2334607847,
      "times": [
        2.1429756567,
        2.1065087087,
        2.1464766567,
        2.1462572967,
        2.1604146037,
        2.1711704787,
        2.1528488517,
        2.1417320957,
        2.2334607847,
        2.1877630647
      ],
      "exit_codes": [
        0,
        0,
        0,
        0,
        0,
        0,
        0,
        0,
        0,
        0
      ]
    },
    {
      "command": "vlt",
      "mean": 2.2123230139,
      "stddev": 0.020365208304743053,
      "median": 2.2148475832,
      "user": 2.8194644799999997,
      "system": 1.4416960599999997,
      "min": 2.1720127887,
      "max": 2.2427910767,
      "times": [
        2.2271551797,
        2.1984744717,
        2.2369075197,
        2.1912460007,
        2.2046978827,
        2.1720127887,
        2.2146760576999998,
        2.2202500527,
        2.2427910767,
        2.2150191087
      ],
      "exit_codes": [
        0,
        0,
        0,
        0,
        0,
        0,
        0,
        0,
        0,
        0
      ]
    },
    {
      "command": "bun",
      "mean": 0.5069480259,
      "stddev": 0.11052585874432726,
      "median": 0.46470985070000004,
      "user": 0.47601518,
      "system": 0.8351780599999999,
      "min": 0.45186893870000006,
      "max": 0.8297482267,
      "times": [
        0.45186893870000006,
        0.46603908670000005,
        0.4592669287,
        0.8297482267,
        0.47007268770000005,
        0.4633806147,
        0.4661184157,
        0.46193385670000003,
        0.45611169370000004,
        0.5449398097
      ],
      "exit_codes": [
        0,
        0,
        0,
        0,
        0,
        0,
        0,
        0,
        0,
        0
      ]
    },
    {
      "command": "deno",
      "mean": 4.1010535989,
      "stddev": 0.811738352200877,
      "median": 3.8094059242,
      "user": 1.7408360799999998,
      "system": 1.2663323599999998,
      "min": 3.5846286457,
      "max": 6.4872671097,
      "times": [
        3.8560864687,
        4.1528748237,
        3.5846286457,
        4.0014132227,
        3.9966164007,
        3.7128607156999998,
        3.7554332597,
        3.7627253797,
        3.7006299627,
        6.4872671097
      ],
      "exit_codes": [
        0,
        0,
        0,
        0,
        0,
        0,
        0,
        0,
        0,
        0
      ]
    }
  ]
}