{
  "results": [
    {
      "command": "npm",
      "mean": 4.323892563799999,
      "stddev": 0.02952396506757258,
      "median": 4.3229145034,
      "user": 4.53115956,
      "system": 2.4561801,
      "min": 4.2705466809,
      "max": 4.3689513029,
      "times": [
        4.3249293379000004,
        4.3508280429,
        4.2942733179,
        4.2954565879,
        4.3147386179,
        4.2705466809,
        4.3545980179,
        4.3689513029,
        4.3437040629,
        4.3208996689
      ],
      "exit_codes": [
        0,
        0,
        0,
        0,
        0,
        0,
        0,
        0,
        0,
        0
      ]
    },
    {
      "command": "yarn",
      "mean": 10.444550440899999,
      "stddev": 0.11583469210100593,
      "median": 10.3947724804,
      "user": 14.535294959999998,
      "system": 7.517553199999999,
      "min": 10.3088093799,
      "max": 10.6704951279,
      "times": [
        10.3088093799,
        10.3965255989,
        10.451552230899999,
        10.3930193619,
        10.3914927219,
        10.3633771289,
        10.4235640969,
        10.3865301669,
        10.6601385949,
        10.6704951279
      ],
      "exit_codes": [
        0,
        0,
        0,
        0,
        0,
        0,
        0,
        0,
        0,
        0
      ]
    },
    {
      "command": "berry",
      "mean": 3.6021499338,
      "stddev": 0.0548798632344986,
      "median": 3.5979142754,
      "user": 6.151699160000001,
      "system": 2.1237618999999994,
      "min": 3.5177394508999997,
      "max": 3.7012242219,
      "times": [
        3.6212541009,
        3.6023531969,
        3.5823597479,
        3.5177394508999997,
        3.6425865409,
        3.5676392379,
        3.5276813529,
        3.6651861339,
        3.5934753538999997,
        3.7012242219
      ],
      "exit_codes": [
        0,
        0,
        0,
        0,
        0,
        0,
        0,
        0,
        0,
        0
      ]
    },
    {
      "command": "zpm",
      "mean": 1.4070417386999998,
      "stddev": 0.05297263970799756,
      "median": 1.4002308899,
      "user": 0.7321630600000001,
      "system": 0.9082853999999998,
      "min": 1.3435891308999999,
      "max": 1.5468439769,
      "times": [
        1.3701531248999999,
        1.5468439769,
        1.4018104449,
        1.3829951568999999,
        1.4360105039,
        1.3676620429,
        1.4149734499,
        1.3986513349,
        1.3435891308999999,
        1.4077282209
      ],
      "exit_codes": [
        0,
        0,
        0,
        0,
        0,
        0,
        0,
        0,
        0,
        0
      ]
    },
    {
      "command": "pnpm",
      "mean": 2.2186505859000003,
      "stddev": 0.02823815798546007,
      "median": 2.2262150214,
      "user": 3.3765829599999995,
      "system": 1.3810066,
      "min": 2.1701954869,
      "max": 2.2482494538999998,
      "times": [
        2.2357063809,
        2.2482494538999998,
        2.1701954869,
        2.1739843089,
        2.2449151409,
        2.2478513189,
        2.2406567559,
        2.2017969869,
        2.2064263639,
        2.2167236619
      ],
      "exit_codes": [
        0,
        0,
        0,
        0,
        0,
        0,
        0,
        0,
        0,
        0
      ]
    },
    {
      "command": "vlt",
      "mean": 2.3161389381,
      "stddev": 0.02425890176817624,
      "median": 2.3176772394,
      "user": 2.9021959599999994,
      "system": 1.5013883,
      "min": 2.2700440269,
      "max": 2.3566717869,
      "times": [
        2.3566717869,
        2.3441462609,
        2.3161418909,
        2.2700440269,
        2.3192125879,
        2.3140828489,
        2.3019105009,
        2.3289996799,
        2.2862856989,
        2.3238940989
      ],
      "exit_codes": [
        0,
        0,
        0,
        0,
        0,
        0,
        0,
        0,
        0,
        0
      ]
    },
    {
      "command": "bun",
      "mean": 0.5125478259,
      "stddev": 0.039076040886835355,
      "median": 0.49732674540000005,
      "user": 0.47491065999999993,
      "system": 0.8494712,
      "min": 0.47382111390000003,
      "max": 0.6139445239,
      "times": [
        0.6139445239,
        0.5147235989,
        0.49449992090000006,
        0.5092500269,
        0.47382111390000003,
        0.49171968590000004,
        0.5001535699,
        0.5501261959,
        0.48969734090000006,
        0.48754228190000004
      ],
      "exit_codes": [
        0,
        0,
        0,
        0,
        0,
        0,
        0,
        0,
        0,
        0
      ]
    },
    {
      "command": "deno",
      "mean": 3.8339306192000002,
      "stddev": 0.20337841737595136,
      "median": 3.8329504589,
      "user": 1.6711998599999998,
      "system": 1.2894434,
      "min": 3.5302613469,
      "max": 4.1285956719,
      "times": [
        3.5302613469,
        3.6918635489,
        4.0388656759,
        3.9518812159,
        3.6114597909,
        4.1285956719,
        4.0902243619,
        3.8631625159,
        3.6302536619,
        3.8027384019
      ],
      "exit_codes": [
        0,
        0,
        0,
        0,
        0,
        0,
        0,
        0,
        0,
        0
      ]
    }
  ]
}