{
  "results": [
    {
      "command": "npm",
      "mean": 3.6559988750800003,
      "stddev": 0.019957743876621716,
      "median": 3.65403559598,
      "user": 4.0196003199999994,
      "system": 1.82725086,
      "min": 3.62988077198,
      "max": 3.68858408998,
      "times": [
        3.62988077198,
        3.66905672298,
        3.63423337198,
        3.63105024898,
        3.66403351198,
        3.64973842698,
        3.6542613949800002,
        3.68858408998,
        3.68534041398,
        3.65380979698
      ],
      "exit_codes": [
        0,
        0,
        0,
        0,
        0,
        0,
        0,
        0,
        0,
        0
      ]
    },
    {
      "command": "yarn",
      "mean": 8.874564170580001,
      "stddev": 0.07016857620260182,
      "median": 8.86388825498,
      "user": 12.036320020000002,
      "system": 6.38643116,
      "min": 8.74523761298,
      "max": 9.010438564980001,
      "times": [
        8.87121903898,
        8.74523761298,
        8.923380807980001,
        8.84187838198,
        8.888108022980001,
        8.83435153698,
        8.85655747098,
        8.951034141980001,
        8.82343612598,
        9.010438564980001
      ],
      "exit_codes": [
        0,
        0,
        0,
        0,
        0,
        0,
        0,
        0,
        0,
        0
      ]
    },
    {
      "command": "berry",
      "mean": 3.51859971158,
      "stddev": 0.07219084314182697,
      "median": 3.50889603048,
      "user": 6.079005019999999,
      "system": 2.04252976,
      "min": 3.41921190898,
      "max": 3.68198569798,
      "times": [
        3.47510017298,
        3.41921190898,
        3.68198569798,
        3.49284594498,
        3.57591313098,
        3.54202129998,
        3.52494611598,
        3.55131696298,
        3.43410120398,
        3.48855467698
      ],
      "exit_codes": [
        0,
        0,
        0,
        0,
        0,
        0,
        0,
        0,
        0,
        0
      ]
    },
    {
      "command": "pnpm",
      "mean": 2.18369781878,
      "stddev": 0.04649743422248301,
      "median": 2.17505145298,
      "user": 3.47413352,
      "system": 1.39185506,
      "min": 2.12363833498,
      "max": 2.26280635998,
      "times": [
        2.14348801398,
        2.15505308798,
        2.23446681098,
        2.20371090998,
        2.16341083898,
        2.12748615198,
        2.26280635998,
        2.12363833498,
        2.18669206698,
        2.23622561198
      ],
      "exit_codes": [
        0,
        0,
        0,
        0,
        0,
        0,
        0,
        0,
        0,
        0
      ]
    },
    {
      "command": "vlt",
      "mean": 3.87065445028,
      "stddev": 0.22313801290674268,
      "median": 3.81248705048,
      "user": 6.30572562,
      "system": 2.47472056,
      "min": 3.71966332098,
      "max": 4.53076892098,
      "times": [
        3.76768704398,
        3.77885502198,
        3.81511560798,
        3.82888757098,
        3.80985849298,
        3.82661432498,
        4.53076892098,
        3.85677318498,
        3.71966332098,
        3.77232101298
      ],
      "exit_codes": [
        0,
        0,
        0,
        0,
        0,
        0,
        0,
        0,
        0,
        0
      ]
    },
    {
      "command": "bun",
      "mean": 0.5072581621800001,
      "stddev": 0.01136365378742136,
      "median": 0.50307148698,
      "user": 0.6189618199999999,
      "system": 0.85860436,
      "min": 0.49263652498000005,
      "max": 0.52761431598,
      "times": [
        0.49890712398000003,
        0.49925393498000004,
        0.50688903898,
        0.51233691998,
        0.49263652498000005,
        0.49823010298000003,
        0.51343583098,
        0.49849790898000007,
        0.52477991998,
        0.52761431598
      ],
      "exit_codes": [
        0,
        0,
        0,
        0,
        0,
        0,
        0,
        0,
        0,
        0
      ]
    },
    {
      "command": "deno",
      "mean": 4.318499977180001,
      "stddev": 0.6296420621759307,
      "median": 4.40838957748,
      "user": 1.64937222,
      "system": 1.24560696,
      "min": 3.31814121398,
      "max": 5.28372964498,
      "times": [
        3.71154439598,
        3.65612681598,
        3.31814121398,
        4.702531904980001,
        3.86973668198,
        4.79677507698,
        4.92058823598,
        5.28372964498,
        4.11424724998,
        4.81157855098
      ],
      "exit_codes": [
        0,
        0,
        0,
        0,
        0,
        0,
        0,
        0,
        0,
        0
      ]
    }
  ]
}