{
  "results": [
    {
      "command": "npm",
      "mean": 4.20101036788,
      "stddev": 0.02423800997824235,
      "median": 4.2047231924799995,
      "user": 4.48964622,
      "system": 2.4199872799999995,
      "min": 4.14835268298,
      "max": 4.23749688098,
      "times": [
        4.23749688098,
        4.18999087998,
        4.21255419298,
        4.2153649919800005,
        4.21481544498,
        4.18815221498,
        4.14835268298,
        4.19689219198,
        4.18171146098,
        4.22477273698
      ],
      "exit_codes": [
        0,
        0,
        0,
        0,
        0,
        0,
        0,
        0,
        0,
        0
      ]
    },
    {
      "command": "yarn",
      "mean": 12.164233572779997,
      "stddev": 0.32231239487639146,
      "median": 12.07127350848,
      "user": 17.980122619999996,
      "system": 8.206354780000002,
      "min": 11.81726631598,
      "max": 13.07300973298,
      "times": [
        11.97460484098,
        12.20127949098,
        12.08228358898,
        12.22195937998,
        12.143749679979999,
        12.029436968979999,
        12.060263427979999,
        11.81726631598,
        13.07300973298,
        12.038482300979998
      ],
      "exit_codes": [
        0,
        0,
        0,
        0,
        0,
        0,
        0,
        0,
        0,
        0
      ]
    },
    {
      "command": "berry",
      "mean": 3.74760400798,
      "stddev": 0.1271560559942346,
      "median": 3.7182246254800004,
      "user": 6.48049342,
      "system": 2.23776508,
      "min": 3.6364160609800003,
      "max": 4.08437392298,
      "times": [
        3.6414485469800004,
        3.6694520769800003,
        3.8083285789800003,
        3.69040084998,
        3.7682256669800003,
        4.08437392298,
        3.64819463298,
        3.78315134198,
        3.6364160609800003,
        3.7460484009800004
      ],
      "exit_codes": [
        0,
        0,
        0,
        0,
        0,
        0,
        0,
        0,
        0,
        0
      ]
    },
    {
      "command": "zpm",
      "mean": 1.2578611789800003,
      "stddev": 0.28054545778533485,
      "median": 1.17759407448,
      "user": 0.73712762,
      "system": 0.6486049799999999,
      "min": 0.91526209798,
      "max": 1.74126875798,
      "times": [
        1.59715263098,
        0.91526209798,
        1.21964379698,
        0.99053373598,
        1.13554435198,
        1.0421090919799998,
        1.39424337398,
        1.74126875798,
        1.56080455598,
        0.9820493959800001
      ],
      "exit_codes": [
        0,
        0,
        0,
        0,
        0,
        0,
        0,
        0,
        0,
        0
      ]
    },
    {
      "command": "pnpm",
      "mean": 2.20059447678,
      "stddev": 0.028081819051555483,
      "median": 2.19966414748,
      "user": 3.4729315200000004,
      "system": 1.38307578,
      "min": 2.1575367729800004,
      "max": 2.24197139298,
      "times": [
        2.23121836898,
        2.21260533298,
        2.21871090098,
        2.1818910329800003,
        2.22946014998,
        2.18672296198,
        2.1575367729800004,
        2.17383365498,
        2.24197139298,
        2.1719941989800002
      ],
      "exit_codes": [
        0,
        0,
        0,
        0,
        0,
        0,
        0,
        0,
        0,
        0
      ]
    },
    {
      "command": "vlt",
      "mean": 2.33848668608,
      "stddev": 0.06721341215888857,
      "median": 2.31642320548,
      "user": 3.0191409200000003,
      "system": 1.5122749800000002,
      "min": 2.28567918298,
      "max": 2.53152109098,
      "times": [
        2.28567918298,
        2.31034910898,
        2.31550789898,
        2.31733851198,
        2.3024396669800002,
        2.3476735089800003,
        2.3388270219800003,
        2.53152109098,
        2.34138617798,
        2.29414469098
      ],
      "exit_codes": [
        0,
        0,
        0,
        0,
        0,
        0,
        0,
        0,
        0,
        0
      ]
    },
    {
      "command": "bun",
      "mean": 0.63197543038,
      "stddev": 0.2808383931259673,
      "median": 0.54083960848,
      "user": 0.55690482,
      "system": 0.9016368800000001,
      "min": 0.51635399598,
      "max": 1.47324330198,
      "times": [
        0.5667288729800001,
        0.5303452189800001,
        1.47324330198,
        0.52889208398,
        0.5489483349800001,
        0.53322750698,
        0.51635399598,
        0.5188161919800001,
        0.54845170998,
        0.55474708598
      ],
      "exit_codes": [
        0,
        0,
        0,
        0,
        0,
        0,
        0,
        0,
        0,
        0
      ]
    },
    {
      "command": "deno",
      "mean": 4.4576491984799995,
      "stddev": 0.23777546086076742,
      "median": 4.50990937048,
      "user": 1.92528722,
      "system": 1.3341625799999999,
      "min": 4.14510167698,
      "max": 4.86897830998,
      "times": [
        4.51600255598,
        4.68980688098,
        4.20922049898,
        4.55066077998,
        4.50381618498,
        4.22256229498,
        4.672253753980001,
        4.86897830998,
        4.14510167698,
        4.19808904798
      ],
      "exit_codes": [
        0,
        0,
        0,
        0,
        0,
        0,
        0,
        0,
        0,
        0
      ]
    }
  ]
}