{
  "results": [
    {
      "command": "npm",
      "mean": 3.6465071789400008,
      "stddev": 0.21567599875245105,
      "median": 3.58491291204,
      "user": 3.927689279999999,
      "system": 1.45897384,
      "min": 3.52836324554,
      "max": 4.28561050254,
      "times": [
        3.57704006654,
        3.5292403075400003,
        3.54277866954,
        3.58524758854,
        3.58991359454,
        4.28561050254,
        3.58457823554,
        3.59529679154,
        3.52836324554,
        3.6470027875400004
      ],
      "exit_codes": [
        0,
        0,
        0,
        0,
        0,
        0,
        0,
        0,
        0,
        0
      ]
    },
    {
      "command": "yarn",
      "mean": 8.65558921004,
      "stddev": 0.271707962960113,
      "median": 8.570723775040001,
      "user": 11.81167808,
      "system": 4.1940639399999995,
      "min": 8.41605687254,
      "max": 9.396173262540001,
      "times": [
        8.57154744754,
        8.62605528854,
        8.47744554654,
        8.78971163654,
        8.74337057654,
        8.41605687254,
        8.56990010254,
        9.396173262540001,
        8.481620491540001,
        8.484010875540001
      ],
      "exit_codes": [
        0,
        0,
        0,
        0,
        0,
        0,
        0,
        0,
        0,
        0
      ]
    },
    {
      "command": "berry",
      "mean": 3.3331385522400003,
      "stddev": 0.06033760281735043,
      "median": 3.30938107604,
      "user": 5.815447279999999,
      "system": 1.4220574400000001,
      "min": 3.2305180995400002,
      "max": 3.44355779354,
      "times": [
        3.31206261654,
        3.30580558154,
        3.30510909954,
        3.30669953554,
        3.33699740754,
        3.4271605215400003,
        3.2989655625400003,
        3.2305180995400002,
        3.3645093045400003,
        3.44355779354
      ],
      "exit_codes": [
        0,
        0,
        0,
        0,
        0,
        0,
        0,
        0,
        0,
        0
      ]
    },
    {
      "command": "pnpm",
      "mean": 2.38275571624,
      "stddev": 0.09240933660313765,
      "median": 2.35993657804,
      "user": 3.3253844799999994,
      "system": 0.8108532399999999,
      "min": 2.29823377654,
      "max": 2.63890039654,
      "times": [
        2.33949075554,
        2.30773330454,
        2.3779066175400003,
        2.4141701705400003,
        2.63890039654,
        2.29823377654,
        2.38106488154,
        2.39373902854,
        2.3343516925400003,
        2.34196653854
      ],
      "exit_codes": [
        0,
        0,
        0,
        0,
        0,
        0,
        0,
        0,
        0,
        0
      ]
    },
    {
      "command": "vlt",
      "mean": 2.01556607014,
      "stddev": 0.03223107450831631,
      "median": 2.01705044704,
      "user": 2.7671030799999996,
      "system": 0.9861395399999999,
      "min": 1.97096552254,
      "max": 2.06454994054,
      "times": [
        2.0039996175400003,
        2.03010127654,
        2.03630864454,
        2.0020986085400003,
        1.98282829754,
        1.97096552254,
        1.9735390145399998,
        2.06454994054,
        2.05972049054,
        2.03154928854
      ],
      "exit_codes": [
        0,
        0,
        0,
        0,
        0,
        0,
        0,
        0,
        0,
        0
      ]
    },
    {
      "command": "bun",
      "mean": 0.69250729054,
      "stddev": 0.3272769165416981,
      "median": 0.5484500055400001,
      "user": 0.51542198,
      "system": 0.52856104,
      "min": 0.49575464054000007,
      "max": 1.63132393654,
      "times": [
        0.49575464054000007,
        0.76737004754,
        0.53740837354,
        0.5403211615400001,
        0.7779448255400001,
        0.57713226654,
        1.63132393654,
        0.5179384905400001,
        0.55657884954,
        0.5233003135400001
      ],
      "exit_codes": [
        0,
        0,
        0,
        0,
        0,
        0,
        0,
        0,
        0,
        0
      ]
    },
    {
      "command": "deno",
      "mean": 6.01593545514,
      "stddev": 1.6551495087121564,
      "median": 5.8785334020399995,
      "user": 1.62820998,
      "system": 0.7328865400000001,
      "min": 4.255163824539999,
      "max": 10.21248191554,
      "times": [
        6.104078051539999,
        4.96830715754,
        7.2955476385399995,
        4.457206160539999,
        10.21248191554,
        6.15889846054,
        6.191391095539999,
        4.863291494539999,
        4.255163824539999,
        5.65298875254
      ],
      "exit_codes": [
        0,
        0,
        0,
        0,
        0,
        0,
        0,
        0,
        0,
        0
      ]
    }
  ]
}