{
  "results": [
    {
      "command": "npm",
      "mean": 1.7325525453000001,
      "stddev": 0.1957833983028528,
      "median": 1.6890590266999999,
      "user": 1.8469996000000002,
      "system": 0.6602924399999999,
      "min": 1.5338017642000001,
      "max": 2.2803354812,
      "times": [
        1.5338017642000001,
        1.6221637342,
        1.5957692082000001,
        2.2803354812,
        1.7162148792,
        1.6604232152,
        1.6878988972,
        1.6902191562,
        1.7483217482,
        1.7903773692
      ],
      "exit_codes": [
        0,
        0,
        0,
        0,
        0,
        0,
        0,
        0,
        0,
        0
      ]
    },
    {
      "command": "yarn",
      "mean": 4.4912847110000005,
      "stddev": 2.090156302100627,
      "median": 3.7577025687,
      "user": 5.426959000000001,
      "system": 1.99534254,
      "min": 3.5264236371999997,
      "max": 10.7188936522,
      "times": [
        3.8021429211999997,
        4.4307458972,
        3.8921383372,
        3.7132622162,
        3.9052455092000002,
        3.7095482852,
        3.5268987492,
        3.5264236371999997,
        3.6875479051999998,
        10.7188936522
      ],
      "exit_codes": [
        0,
        0,
        0,
        0,
        0,
        0,
        0,
        0,
        0,
        0
      ]
    },
    {
      "command": "berry",
      "mean": 1.4055351552,
      "stddev": 0.08622253762209298,
      "median": 1.3804650887,
      "user": 2.6198906000000006,
      "system": 0.7751908399999998,
      "min": 1.3307179132,
      "max": 1.6169801382,
      "times": [
        1.3820338082,
        1.6169801382,
        1.3439888372,
        1.4121448892,
        1.3871216492,
        1.3788963692,
        1.3518003972,
        1.3307179132,
        1.5121255302,
        1.3395420202000001
      ],
      "exit_codes": [
        0,
        0,
        0,
        0,
        0,
        0,
        0,
        0,
        0,
        0
      ]
    },
    {
      "command": "pnpm",
      "mean": 1.2570022864999997,
      "stddev": 0.09041429391478412,
      "median": 1.2299025622,
      "user": 1.6979803,
      "system": 0.47696563999999997,
      "min": 1.1608468271999999,
      "max": 1.5134647112000001,
      "times": [
        1.1608468271999999,
        1.5134647112000001,
        1.2247088412,
        1.2145180412,
        1.2473727512,
        1.2575153202,
        1.2350962831999999,
        1.2187930392,
        1.2781383742,
        1.2195686762
      ],
      "exit_codes": [
        0,
        0,
        0,
        0,
        0,
        0,
        0,
        0,
        0,
        0
      ]
    },
    {
      "command": "vlt",
      "mean": 1.0344481373999999,
      "stddev": 0.3425258094737152,
      "median": 0.8947903967,
      "user": 1.1510912,
      "system": 0.4703926399999999,
      "min": 0.8425223172,
      "max": 2.0288018711999998,
      "times": [
        2.0288018711999998,
        0.9105938382000001,
        0.8425223172,
        0.8710561042,
        1.0069857372,
        0.8789869552,
        0.8537261102,
        1.1421812322,
        0.9424176692,
        0.8672095392
      ],
      "exit_codes": [
        0,
        0,
        0,
        0,
        0,
        0,
        0,
        0,
        0,
        0
      ]
    },
    {
      "command": "bun",
      "mean": 0.2826630726,
      "stddev": 0.05084854989025177,
      "median": 0.2770832087,
      "user": 0.21934869999999998,
      "system": 0.31523643999999995,
      "min": 0.21319387420000002,
      "max": 0.37169814320000005,
      "times": [
        0.28028290520000004,
        0.33961470320000003,
        0.37169814320000005,
        0.2353098862,
        0.27388351220000007,
        0.23546622520000002,
        0.33545912320000004,
        0.23739146120000001,
        0.21319387420000002,
        0.30433089220000004
      ],
      "exit_codes": [
        0,
        0,
        0,
        0,
        0,
        0,
        0,
        0,
        0,
        0
      ]
    },
    {
      "command": "deno",
      "mean": 3.8003388099,
      "stddev": 0.7092375523681336,
      "median": 3.4499156167000002,
      "user": 0.8431141,
      "system": 0.4496419399999999,
      "min": 3.0519810231999998,
      "max": 5.2113726192,
      "times": [
        3.0519810231999998,
        3.8525470612,
        3.2973064542,
        5.0057961102,
        3.4687806842,
        3.4310505492,
        5.2113726192,
        3.3773669582,
        3.2650380222,
        4.0421486172
      ],
      "exit_codes": [
        0,
        0,
        0,
        0,
        0,
        0,
        0,
        0,
        0,
        0
      ]
    }
  ]
}