{
  "results": [
    {
      "command": "npm",
      "mean": 0.25132808108,
      "stddev": 0.02202634084641951,
      "median": 0.24583043268000002,
      "user": 0.2891434599999999,
      "system": 0.04134106,
      "min": 0.23058104018000003,
      "max": 0.31212228718,
      "times": [
        0.23058104018000003,
        0.26346598717999997,
        0.23834687918000003,
        0.24692819318,
        0.23967065718000002,
        0.31212228718,
        0.23689516718,
        0.24473267218000003,
        0.25046250318,
        0.25007542418
      ],
      "exit_codes": [
        0,
        0,
        0,
        0,
        0,
        0,
        0,
        0,
        0,
        0
      ]
    },
    {
      "command": "yarn",
      "mean": 0.16073986058000003,
      "stddev": 0.00904389544467267,
      "median": 0.16095822168,
      "user": 0.17263196,
      "system": 0.03942655999999999,
      "min": 0.14569925418000002,
      "max": 0.17860545018,
      "times": [
        0.16598936918,
        0.16371337618,
        0.15972880718000002,
        0.14569925418000002,
        0.16758563718000002,
        0.15951220518,
        0.17860545018,
        0.14780789018,
        0.16218763618,
        0.15656898018
      ],
      "exit_codes": [
        0,
        0,
        0,
        0,
        0,
        0,
        0,
        0,
        0,
        0
      ]
    },
    {
      "command": "berry",
      "mean": 0.65372477448,
      "stddev": 0.08343383695437187,
      "median": 0.60780541968,
      "user": 0.7107883600000001,
      "system": 0.13701486000000002,
      "min": 0.57994750618,
      "max": 0.8253202751800001,
      "times": [
        0.61968122318,
        0.58202349518,
        0.58922513218,
        0.57994750618,
        0.5959296161800001,
        0.58187242218,
        0.74807596818,
        0.73056915918,
        0.68460294718,
        0.8253202751800001
      ],
      "exit_codes": [
        0,
        0,
        0,
        0,
        0,
        0,
        0,
        0,
        0,
        0
      ]
    },
    {
      "command": "pnpm",
      "mean": 0.6986291545800001,
      "stddev": 0.17837130534842938,
      "median": 0.65502203218,
      "user": 0.53833926,
      "system": 0.09150316,
      "min": 0.45704601018,
      "max": 1.0952066391800002,
      "times": [
        0.62614716418,
        0.89500464418,
        0.80660322618,
        0.65958199918,
        0.50629444418,
        0.66007750818,
        1.0952066391800002,
        0.45704601018,
        0.65046206518,
        0.62986784518
      ],
      "exit_codes": [
        0,
        0,
        0,
        0,
        0,
        0,
        0,
        0,
        0,
        0
      ]
    },
    {
      "command": "vlt",
      "mean": 0.30143370698,
      "stddev": 0.015576227219372135,
      "median": 0.30279088517999997,
      "user": 0.33193065999999993,
      "system": 0.08163666,
      "min": 0.27935789018,
      "max": 0.32350356018,
      "times": [
        0.32322835118,
        0.32350356018,
        0.28456763118,
        0.30311887218,
        0.28478651518,
        0.30307822918,
        0.29128227318,
        0.30250354118,
        0.31891020618,
        0.27935789018
      ],
      "exit_codes": [
        0,
        0,
        0,
        0,
        0,
        0,
        0,
        0,
        0,
        0
      ]
    },
    {
      "command": "bun",
      "mean": 0.009638754079999999,
      "stddev": 0.001973931934011274,
      "median": 0.00996350868,
      "user": 0.006996460000000001,
      "system": 0.006389254,
      "min": 0.006717053180000001,
      "max": 0.01291706718,
      "times": [
        0.007678745180000001,
        0.01021351718,
        0.010695405179999999,
        0.00719883118,
        0.01063126218,
        0.01291706718,
        0.00971350018,
        0.006717053180000001,
        0.01211994318,
        0.00850221618
      ],
      "exit_codes": [
        0,
        0,
        0,
        0,
        0,
        0,
        0,
        0,
        0,
        0
      ]
    },
    {
      "command": "deno",
      "mean": 0.12094168038000001,
      "stddev": 0.011727559721134108,
      "median": 0.12037609468000002,
      "user": 0.09350136,
      "system": 0.035470259999999997,
      "min": 0.10504157418000001,
      "max": 0.14205064618000002,
      "times": [
        0.11891979918000001,
        0.12894380218,
        0.11249566918000001,
        0.13308963818,
        0.14205064618000002,
        0.11193233118000001,
        0.10504157418000001,
        0.12183239018000001,
        0.10561750518000002,
        0.12949344818
      ],
      "exit_codes": [
        0,
        0,
        0,
        0,
        0,
        0,
        0,
        0,
        0,
        0
      ]
    }
  ]
}