{
  "results": [
    {
      "command": "npm",
      "mean": 9.165154067380001,
      "stddev": 0.04290456942654628,
      "median": 9.17279651418,
      "user": 11.696681359999998,
      "system": 2.415315,
      "min": 9.09534801268,
      "max": 9.230514926680002,
      "times": [
        9.17597544468,
        9.230514926680002,
        9.12570571568,
        9.21742802468,
        9.169617583680001,
        9.154712126680002,
        9.197609748680001,
        9.09534801268,
        9.106040336680001,
        9.178588753680001
      ],
      "exit_codes": [
        0,
        0,
        0,
        0,
        0,
        0,
        0,
        0,
        0,
        0
      ]
    },
    {
      "command": "yarn",
      "mean": 8.946943622080003,
      "stddev": 1.4761035278287502,
      "median": 8.325531378680001,
      "user": 4.689026659999999,
      "system": 2.2366932999999998,
      "min": 7.91495764468,
      "max": 13.142286997680001,
      "times": [
        8.32991969168,
        9.38341963168,
        13.142286997680001,
        8.00992113168,
        8.148992767680001,
        8.321143065680001,
        8.805770243680001,
        7.91495764468,
        9.211377908680001,
        8.20164713768
      ],
      "exit_codes": [
        0,
        0,
        0,
        0,
        0,
        0,
        0,
        0,
        0,
        0
      ]
    },
    {
      "command": "berry",
      "mean": 3.9357676276799998,
      "stddev": 0.042016708033255246,
      "median": 3.92432637868,
      "user": 5.38427276,
      "system": 1.2563650000000002,
      "min": 3.8895914866799997,
      "max": 4.04640225968,
      "times": [
        3.94721065668,
        3.9386061026799997,
        3.92253486668,
        4.04640225968,
        3.8895914866799997,
        3.91725816668,
        3.92611789068,
        3.90122966068,
        3.90852524668,
        3.96019993968
      ],
      "exit_codes": [
        0,
        0,
        0,
        0,
        0,
        0,
        0,
        0,
        0,
        0
      ]
    },
    {
      "command": "zpm",
      "mean": 2.4778109918799998,
      "stddev": 0.045334629008440805,
      "median": 2.48231974768,
      "user": 1.7611458599999998,
      "system": 1.1889284999999998,
      "min": 2.38871270668,
      "max": 2.5475783426799996,
      "times": [
        2.4772553836799998,
        2.42508402268,
        2.5475783426799996,
        2.50112233768,
        2.38871270668,
        2.48738411168,
        2.52423177768,
        2.50794783468,
        2.44222838868,
        2.47656501268
      ],
      "exit_codes": [
        0,
        0,
        0,
        0,
        0,
        0,
        0,
        0,
        0,
        0
      ]
    },
    {
      "command": "pnpm",
      "mean": 3.46903555308,
      "stddev": 0.21527198464593195,
      "median": 3.39207151018,
      "user": 4.52162186,
      "system": 1.0179896999999998,
      "min": 3.36260158668,
      "max": 4.10753784968,
      "times": [
        3.41870208768,
        3.38655325568,
        3.37599421468,
        3.41462976368,
        3.36260158668,
        3.3633074806799996,
        3.4785469556799997,
        4.10753784968,
        3.38489257168,
        3.3975897646799997
      ],
      "exit_codes": [
        0,
        0,
        0,
        0,
        0,
        0,
        0,
        0,
        0,
        0
      ]
    },
    {
      "command": "vlt",
      "mean": 1.6966998262800002,
      "stddev": 0.012470386921628841,
      "median": 1.6938944461800003,
      "user": 2.09654496,
      "system": 1.0267491,
      "min": 1.67496864868,
      "max": 1.7217718986800001,
      "times": [
        1.67496864868,
        1.6947959776800001,
        1.69085372068,
        1.7070954546800001,
        1.6929929146800002,
        1.68697337268,
        1.7217718986800001,
        1.68873337368,
        1.7014241406800001,
        1.70738876068
      ],
      "exit_codes": [
        0,
        0,
        0,
        0,
        0,
        0,
        0,
        0,
        0,
        0
      ]
    },
    {
      "command": "bun",
      "mean": 0.19545810298000002,
      "stddev": 0.001038456574978082,
      "median": 0.19553901668,
      "user": 0.13788226000000003,
      "system": 0.1578599,
      "min": 0.19355773668,
      "max": 0.19685411568,
      "times": [
        0.19669668768,
        0.19538633168,
        0.19651039168,
        0.19355773668,
        0.19478532368,
        0.19685411568,
        0.19568117668,
        0.19403123268,
        0.19542571268,
        0.19565232068
      ],
      "exit_codes": [
        0,
        0,
        0,
        0,
        0,
        0,
        0,
        0,
        0,
        0
      ]
    },
    {
      "command": "deno",
      "mean": 0.97039145238,
      "stddev": 0.020163080054965712,
      "median": 0.96673280068,
      "user": 1.11282116,
      "system": 0.4463921,
      "min": 0.9482270016800001,
      "max": 1.01942289168,
      "times": [
        0.96921639268,
        0.9730926346800001,
        0.95261271868,
        0.97808055168,
        0.9482270016800001,
        0.95766746168,
        0.9535485086800001,
        0.98779715368,
        1.01942289168,
        0.96424920868
      ],
      "exit_codes": [
        0,
        0,
        0,
        0,
        0,
        0,
        0,
        0,
        0,
        0
      ]
    }
  ]
}