{
  "results": [
    {
      "command": "npm",
      "mean": 3.1154395240399992,
      "stddev": 0.010984698324721643,
      "median": 3.11321771314,
      "user": 3.2476267799999996,
      "system": 2.11509628,
      "min": 3.09972731814,
      "max": 3.1385341681399996,
      "times": [
        3.09972731814,
        3.10123309914,
        3.1145072741399997,
        3.12040857914,
        3.11192815214,
        3.1385341681399996,
        3.1202435401399997,
        3.12634571114,
        3.1103012241399997,
        3.1111661741399996
      ],
      "exit_codes": [
        0,
        0,
        0,
        0,
        0,
        0,
        0,
        0,
        0,
        0
      ]
    },
    {
      "command": "yarn",
      "mean": 2.0809861740400004,
      "stddev": 0.14626230941325136,
      "median": 2.0339612891399996,
      "user": 1.95518238,
      "system": 2.2789046799999997,
      "min": 2.00284905414,
      "max": 2.51592697914,
      "times": [
        2.04249974814,
        2.07380377314,
        2.04938491914,
        2.04193930714,
        2.00284905414,
        2.51592697914,
        2.0220674981399998,
        2.02598327114,
        2.01116410614,
        2.0242430841399996
      ],
      "exit_codes": [
        0,
        0,
        0,
        0,
        0,
        0,
        0,
        0,
        0,
        0
      ]
    },
    {
      "command": "berry",
      "mean": 2.0368094571399995,
      "stddev": 0.02215984484741469,
      "median": 2.0447059196399997,
      "user": 2.32948328,
      "system": 1.15577288,
      "min": 1.98310334214,
      "max": 2.05837535914,
      "times": [
        2.04500570914,
        2.0524935841399996,
        1.98310334214,
        2.0339099091399997,
        2.0444061301399996,
        2.05837535914,
        2.0581251621399996,
        2.0199361201399997,
        2.02149667514,
        2.05124258014
      ],
      "exit_codes": [
        0,
        0,
        0,
        0,
        0,
        0,
        0,
        0,
        0,
        0
      ]
    },
    {
      "command": "pnpm",
      "mean": 1.0247694326399999,
      "stddev": 0.02029438508410964,
      "median": 1.01744060814,
      "user": 1.55973928,
      "system": 0.5230609799999998,
      "min": 0.99420963114,
      "max": 1.06692111114,
      "times": [
        1.00328293314,
        1.06692111114,
        0.99420963114,
        1.0158366141400001,
        1.01738516714,
        1.01705614214,
        1.03298222514,
        1.03462553014,
        1.04789892314,
        1.01749604914
      ],
      "exit_codes": [
        0,
        0,
        0,
        0,
        0,
        0,
        0,
        0,
        0,
        0
      ]
    },
    {
      "command": "vlt",
      "mean": 1.56430924294,
      "stddev": 0.01683491822656668,
      "median": 1.56212164414,
      "user": 1.6516724799999998,
      "system": 1.3277156799999996,
      "min": 1.53063600514,
      "max": 1.59196262714,
      "times": [
        1.5563896031400002,
        1.55513282414,
        1.5663368881400002,
        1.58395427814,
        1.5660776711400002,
        1.59196262714,
        1.55816561714,
        1.58027187614,
        1.53063600514,
        1.5541650391400001
      ],
      "exit_codes": [
        0,
        0,
        0,
        0,
        0,
        0,
        0,
        0,
        0,
        0
      ]
    },
    {
      "command": "bun",
      "mean": 0.15868736954,
      "stddev": 0.006330617635740501,
      "median": 0.15681780214000002,
      "user": 0.01366698,
      "system": 0.15037507999999997,
      "min": 0.15515353114000002,
      "max": 0.17760400814000002,
      "times": [
        0.15726051514000003,
        0.15686492914000003,
        0.15677067514,
        0.15626555414,
        0.15700203614000002,
        0.15705094714,
        0.17760400814000002,
        0.15655246714,
        0.15634903214,
        0.15515353114000002
      ],
      "exit_codes": [
        0,
        0,
        0,
        0,
        0,
        0,
        0,
        0,
        0,
        0
      ]
    },
    {
      "command": "deno",
      "mean": 0.36874804774000003,
      "stddev": 0.006176245115788137,
      "median": 0.36674338714,
      "user": 0.27844868,
      "system": 0.40821447999999994,
      "min": 0.35931530814,
      "max": 0.37828302314,
      "times": [
        0.37263688714,
        0.36701471314,
        0.36354048014,
        0.36647206114,
        0.37824814214,
        0.37828302314,
        0.36492274514,
        0.35931530814,
        0.37332750414,
        0.36371961314
      ],
      "exit_codes": [
        0,
        0,
        0,
        0,
        0,
        0,
        0,
        0,
        0,
        0
      ]
    }
  ]
}