{
  "results": [
    {
      "command": "npm",
      "mean": 6.0051945910999995,
      "stddev": 0.733250415993761,
      "median": 6.4850199670999995,
      "user": 1.4911794399999998,
      "system": 0.30603963999999995,
      "min": 4.6282793861,
      "max": 6.6789075990999995,
      "times": [
        6.5436378521,
        5.6836114031,
        5.0208498730999995,
        6.5739436311,
        6.5078046431,
        6.6388566750999995,
        5.3138195570999995,
        6.4622352911,
        4.6282793861,
        6.6789075990999995
      ],
      "exit_codes": [
        0,
        0,
        0,
        0,
        0,
        0,
        0,
        0,
        0,
        0
      ]
    },
    {
      "command": "yarn",
      "mean": 27.503774408900007,
      "stddev": 1.5471866102908964,
      "median": 26.6001663806,
      "user": 31.80740044,
      "system": 15.887729339999996,
      "min": 26.160071277100002,
      "max": 31.1548710991,
      "times": [
        28.4689091101,
        26.4009414021,
        26.5861093971,
        27.988320416100002,
        26.2903803401,
        28.9610192961,
        26.6142233641,
        26.4128983871,
        31.1548710991,
        26.160071277100002
      ],
      "exit_codes": [
        0,
        0,
        0,
        0,
        0,
        0,
        0,
        0,
        0,
        0
      ]
    },
    {
      "command": "berry",
      "mean": 6.958536368100001,
      "stddev": 1.3290030986335744,
      "median": 6.639434057599999,
      "user": 11.221146939999995,
      "system": 3.2338381399999996,
      "min": 6.0190682371,
      "max": 10.8595263431,
      "times": [
        6.9243354491,
        10.8595263431,
        6.7126751151,
        6.3319630811,
        6.210855415099999,
        6.7983099861,
        6.7868730181,
        6.0190682371,
        6.375564036099999,
        6.566193000099999
      ],
      "exit_codes": [
        0,
        0,
        0,
        0,
        0,
        0,
        0,
        0,
        0,
        0
      ]
    },
    {
      "command": "pnpm",
      "mean": 5.3762611522000014,
      "stddev": 0.46950506951326915,
      "median": 5.4625793651,
      "user": 6.70787444,
      "system": 2.3052956399999998,
      "min": 4.595431328099999,
      "max": 6.0835076851,
      "times": [
        6.0115385181,
        4.9154982551,
        5.5713198611,
        5.6005945801,
        6.0835076851,
        4.595431328099999,
        4.8936550091,
        5.3538388691,
        5.0887247571,
        5.6485026591
      ],
      "exit_codes": [
        0,
        0,
        0,
        0,
        0,
        0,
        0,
        0,
        0,
        0
      ]
    },
    {
      "command": "vlt",
      "mean": 0.3390346826,
      "stddev": 0.002852526725204037,
      "median": 0.33899722760000006,
      "user": 0.35964293999999997,
      "system": 0.07572554,
      "min": 0.3347584481,
      "max": 0.3441124681,
      "times": [
        0.3441124681,
        0.33606462210000004,
        0.3347584481,
        0.3363588731,
        0.3405068661,
        0.33758610710000003,
        0.34293704610000003,
        0.33964309210000004,
        0.34002794010000004,
        0.3383513631
      ],
      "exit_codes": [
        0,
        0,
        0,
        0,
        0,
        0,
        0,
        0,
        0,
        0
      ]
    },
    {
      "command": "bun",
      "mean": 2.803231716,
      "stddev": 0.22753295869810009,
      "median": 2.7902162841000004,
      "user": 3.2650814399999994,
      "system": 2.9578878399999997,
      "min": 2.4654019101,
      "max": 3.1929947941,
      "times": [
        2.9244339671,
        2.6152900641000003,
        2.8495895271,
        2.4654019101,
        3.1929947941,
        2.6008540891000003,
        3.1260973991000003,
        2.7308430411000004,
        2.6119203401,
        2.9148920281
      ],
      "exit_codes": [
        0,
        0,
        0,
        0,
        0,
        0,
        0,
        0,
        0,
        0
      ]
    },
    {
      "command": "deno",
      "mean": 10.0147580626,
      "stddev": 1.0979028613300612,
      "median": 10.2624827836,
      "user": 3.61208934,
      "system": 0.82611724,
      "min": 7.367525661099999,
      "max": 11.7307640581,
      "times": [
        10.8110635591,
        11.7307640581,
        9.7890369761,
        10.5440523891,
        9.1449836271,
        10.2271633831,
        10.2978021841,
        7.367525661099999,
        10.4591334421,
        9.776055346100001
      ],
      "exit_codes": [
        0,
        0,
        0,
        0,
        0,
        0,
        0,
        0,
        0,
        0
      ]
    }
  ]
}