{
  "results": [
    {
      "command": "npm",
      "mean": 8.0248849942,
      "stddev": 0.040639423101513694,
      "median": 8.0125037117,
      "user": 7.386085679999999,
      "system": 5.24605362,
      "min": 7.9841245322,
      "max": 8.1086213312,
      "times": [
        8.1086213312,
        8.0973882602,
        8.008674799200001,
        8.017433911200001,
        8.0220676522,
        7.9841245322,
        7.9938496862,
        8.0163326242,
        7.9990969662,
        8.0012601792
      ],
      "exit_codes": [
        0,
        0,
        0,
        0,
        0,
        0,
        0,
        0,
        0,
        0
      ]
    },
    {
      "command": "yarn",
      "mean": 4.0085603195,
      "stddev": 0.05887839322208886,
      "median": 4.0117508462,
      "user": 3.5345724800000005,
      "system": 4.569332619999999,
      "min": 3.9236091432,
      "max": 4.1416859941999995,
      "times": [
        4.004951527199999,
        3.9613100172,
        4.0195142852,
        4.1416859941999995,
        4.0517507352,
        3.9385933732000002,
        3.9975702802,
        3.9236091432,
        4.0280676742,
        4.0185501652
      ],
      "exit_codes": [
        0,
        0,
        0,
        0,
        0,
        0,
        0,
        0,
        0,
        0
      ]
    },
    {
      "command": "berry",
      "mean": 4.1732011368,
      "stddev": 0.040934166308644146,
      "median": 4.1914612937,
      "user": 4.339026379999999,
      "system": 2.46774812,
      "min": 4.0879432652,
      "max": 4.2162372681999996,
      "times": [
        4.0879432652,
        4.1913600112,
        4.1615396922,
        4.164420886199999,
        4.2162372681999996,
        4.2129546132,
        4.1915625762,
        4.1990799622,
        4.1966151322,
        4.1102979612
      ],
      "exit_codes": [
        0,
        0,
        0,
        0,
        0,
        0,
        0,
        0,
        0,
        0
      ]
    },
    {
      "command": "pnpm",
      "mean": 1.4273967270999999,
      "stddev": 0.1723750295912822,
      "median": 1.3510893657,
      "user": 1.99817548,
      "system": 0.79484212,
      "min": 1.2955495742,
      "max": 1.9099269962,
      "times": [
        1.3250939102,
        1.2955495742,
        1.4769581852,
        1.3351413562,
        1.4059450782,
        1.3364886982,
        1.9099269962,
        1.3326974102,
        1.4904760292,
        1.3656900332
      ],
      "exit_codes": [
        0,
        0,
        0,
        0,
        0,
        0,
        0,
        0,
        0,
        0
      ]
    },
    {
      "command": "vlt",
      "mean": 2.9307094081000002,
      "stddev": 0.02780323724266478,
      "median": 2.9321458497000004,
      "user": 2.6719216799999996,
      "system": 2.85673902,
      "min": 2.8928130852000002,
      "max": 2.9887379952,
      "times": [
        2.9034594392,
        2.9887379952,
        2.9419440632000002,
        2.9334530432,
        2.9597897412000003,
        2.8928130852000002,
        2.9308386562,
        2.9375047882000005,
        2.8983254072,
        2.9202278622000004
      ],
      "exit_codes": [
        0,
        0,
        0,
        0,
        0,
        0,
        0,
        0,
        0,
        0
      ]
    },
    {
      "command": "bun",
      "mean": 0.3370364064,
      "stddev": 0.0027594655504348652,
      "median": 0.33670423670000005,
      "user": 0.049182880000000005,
      "system": 0.29724781999999994,
      "min": 0.3314375332,
      "max": 0.34094068920000004,
      "times": [
        0.3314375332,
        0.33880338820000006,
        0.3400748552,
        0.33671478720000003,
        0.33469839220000003,
        0.34094068920000004,
        0.33968991820000005,
        0.3366936862,
        0.33622927620000004,
        0.33508153820000003
      ],
      "exit_codes": [
        0,
        0,
        0,
        0,
        0,
        0,
        0,
        0,
        0,
        0
      ]
    },
    {
      "command": "deno",
      "mean": 0.5098932855,
      "stddev": 0.00928577096093765,
      "median": 0.5114880997,
      "user": 0.41371877999999995,
      "system": 0.63904672,
      "min": 0.49254335020000006,
      "max": 0.5302829692,
      "times": [
        0.5302829692,
        0.5066919842,
        0.5109271582,
        0.49254335020000006,
        0.5004499862,
        0.5122416012,
        0.5132998902,
        0.5136159302,
        0.5068309442,
        0.5120490411999999
      ],
      "exit_codes": [
        0,
        0,
        0,
        0,
        0,
        0,
        0,
        0,
        0,
        0
      ]
    }
  ]
}