{
  "results": [
    {
      "command": "npm",
      "mean": 5.340869925279999,
      "stddev": 0.02976845688849153,
      "median": 5.34050122038,
      "user": 5.32566646,
      "system": 3.1816506,
      "min": 5.295444980879999,
      "max": 5.38313431688,
      "times": [
        5.3821830638799995,
        5.38313431688,
        5.32319725288,
        5.354736915879999,
        5.36523464188,
        5.354338279879999,
        5.32034359388,
        5.295444980879999,
        5.32666416088,
        5.30342204588
      ],
      "exit_codes": [
        0,
        0,
        0,
        0,
        0,
        0,
        0,
        0,
        0,
        0
      ]
    },
    {
      "command": "yarn",
      "mean": 10.90669681468,
      "stddev": 0.12257763706942154,
      "median": 10.92905336138,
      "user": 14.95979616,
      "system": 8.338040699999999,
      "min": 10.724525373879999,
      "max": 11.16775730188,
      "times": [
        10.91909634788,
        10.80884433588,
        10.99037542488,
        10.97138133088,
        11.16775730188,
        10.93901037488,
        10.830754923879999,
        10.724525373879999,
        10.94807850788,
        10.76714422488
      ],
      "exit_codes": [
        0,
        0,
        0,
        0,
        0,
        0,
        0,
        0,
        0,
        0
      ]
    },
    {
      "command": "berry",
      "mean": 4.14345853778,
      "stddev": 0.04851313430615142,
      "median": 4.144034166879999,
      "user": 7.2506793599999995,
      "system": 2.4138867,
      "min": 4.078270755879999,
      "max": 4.23825284688,
      "times": [
        4.17769243188,
        4.15294288588,
        4.23825284688,
        4.078270755879999,
        4.1077005478799995,
        4.18908669988,
        4.166184170879999,
        4.135125447879999,
        4.107506237879999,
        4.08182335288
      ],
      "exit_codes": [
        0,
        0,
        0,
        0,
        0,
        0,
        0,
        0,
        0,
        0
      ]
    },
    {
      "command": "pnpm",
      "mean": 2.07254064588,
      "stddev": 0.032290751323059266,
      "median": 2.0753468983800003,
      "user": 3.8293742599999994,
      "system": 1.5805012999999999,
      "min": 2.02404792088,
      "max": 2.12669281788,
      "times": [
        2.02404792088,
        2.05617453488,
        2.09740582588,
        2.10849373688,
        2.12669281788,
        2.07185539988,
        2.07883839688,
        2.08884035488,
        2.03084342788,
        2.04221404288
      ],
      "exit_codes": [
        0,
        0,
        0,
        0,
        0,
        0,
        0,
        0,
        0,
        0
      ]
    },
    {
      "command": "vlt",
      "mean": 2.7356694966800004,
      "stddev": 0.06383935484331772,
      "median": 2.74515437888,
      "user": 3.48101966,
      "system": 1.8374368999999997,
      "min": 2.64352238888,
      "max": 2.83578444288,
      "times": [
        2.72724330988,
        2.83578444288,
        2.7630654478800003,
        2.69295075688,
        2.7860822718800002,
        2.81103434388,
        2.76867049188,
        2.65871194088,
        2.6696295718800003,
        2.64352238888
      ],
      "exit_codes": [
        0,
        0,
        0,
        0,
        0,
        0,
        0,
        0,
        0,
        0
      ]
    },
    {
      "command": "bun",
      "mean": 0.48919189408,
      "stddev": 0.01047718063722302,
      "median": 0.49253382288,
      "user": 0.52212366,
      "system": 1.0292524999999997,
      "min": 0.47314398988000006,
      "max": 0.50701644688,
      "times": [
        0.49223379288,
        0.49283385288000003,
        0.50701644688,
        0.47503355688000004,
        0.48332340888,
        0.49750818388000007,
        0.47926525188,
        0.49807559188000006,
        0.49348486488000004,
        0.47314398988000006
      ],
      "exit_codes": [
        0,
        0,
        0,
        0,
        0,
        0,
        0,
        0,
        0,
        0
      ]
    },
    {
      "command": "deno",
      "mean": 3.4574395550799992,
      "stddev": 0.19037004657211265,
      "median": 3.48172592038,
      "user": 1.8772393599999997,
      "system": 1.5347858999999997,
      "min": 3.06009416788,
      "max": 3.71087060788,
      "times": [
        3.35685614988,
        3.06009416788,
        3.34033220788,
        3.71087060788,
        3.64654788088,
        3.30445361688,
        3.60541080988,
        3.57553088688,
        3.38792095388,
        3.58637826888
      ],
      "exit_codes": [
        0,
        0,
        0,
        0,
        0,
        0,
        0,
        0,
        0,
        0
      ]
    }
  ]
}