{
  "results": [
    {
      "command": "npm",
      "mean": 5.61412148718,
      "stddev": 0.6274935508494461,
      "median": 5.44882651498,
      "user": 1.197588,
      "system": 0.23673431999999997,
      "min": 4.88412848998,
      "max": 6.844117739980001,
      "times": [
        5.50357418698,
        6.5912293249800005,
        5.54644558698,
        4.96926942098,
        5.33646198798,
        5.10782342398,
        6.844117739980001,
        5.39407884298,
        4.88412848998,
        5.9640858669800005
      ],
      "exit_codes": [
        0,
        0,
        0,
        0,
        0,
        0,
        0,
        0,
        0,
        0
      ]
    },
    {
      "command": "yarn",
      "mean": 13.463387980779999,
      "stddev": 0.19635442839705283,
      "median": 13.38855611148,
      "user": 16.3396193,
      "system": 9.26994002,
      "min": 13.23045799098,
      "max": 13.869208176979999,
      "times": [
        13.405664354979999,
        13.652571782979999,
        13.29471809198,
        13.28957058298,
        13.33612258198,
        13.23045799098,
        13.869208176979999,
        13.51770318298,
        13.666415193979999,
        13.371447867979999
      ],
      "exit_codes": [
        0,
        0,
        0,
        0,
        0,
        0,
        0,
        0,
        0,
        0
      ]
    },
    {
      "command": "berry",
      "mean": 3.5734385897800003,
      "stddev": 0.2908415712709681,
      "median": 3.46465287748,
      "user": 6.2335915,
      "system": 1.39146392,
      "min": 3.3518655389800003,
      "max": 4.34336043698,
      "times": [
        3.3659777759800003,
        3.82805164698,
        3.3518655389800003,
        3.5988152339800004,
        4.34336043698,
        3.37662292198,
        3.53452055298,
        3.4058660349800003,
        3.50649730198,
        3.42280845298
      ],
      "exit_codes": [
        0,
        0,
        0,
        0,
        0,
        0,
        0,
        0,
        0,
        0
      ]
    },
    {
      "command": "pnpm",
      "mean": 2.88967732088,
      "stddev": 0.4534347746860858,
      "median": 2.64690157248,
      "user": 3.8555692,
      "system": 1.22516252,
      "min": 2.4853461389800002,
      "max": 3.76415958798,
      "times": [
        2.5641883129800003,
        2.64866273398,
        2.6814671709800004,
        2.58775231798,
        2.6451404109800003,
        3.76415958798,
        3.66421898898,
        2.4853461389800002,
        2.63925911498,
        3.2165784309800003
      ],
      "exit_codes": [
        0,
        0,
        0,
        0,
        0,
        0,
        0,
        0,
        0,
        0
      ]
    },
    {
      "command": "vlt",
      "mean": 0.33245256558,
      "stddev": 0.0037456527137121895,
      "median": 0.33176367898000003,
      "user": 0.3514781,
      "system": 0.07111612,
      "min": 0.32772665998000006,
      "max": 0.34082790998000007,
      "times": [
        0.33252326698000007,
        0.33100409098000005,
        0.32772665998000006,
        0.32869368598000004,
        0.33327338598000006,
        0.33606921998000006,
        0.32924082498,
        0.33064902098000004,
        0.34082790998000007,
        0.33451758998000003
      ],
      "exit_codes": [
        0,
        0,
        0,
        0,
        0,
        0,
        0,
        0,
        0,
        0
      ]
    },
    {
      "command": "bun",
      "mean": 1.81949750068,
      "stddev": 0.7517983213637845,
      "median": 1.50438920698,
      "user": 0.8619625,
      "system": 1.0404133199999999,
      "min": 1.16879335098,
      "max": 3.8002846809800004,
      "times": [
        2.55577585298,
        1.41119762198,
        1.44689200198,
        1.85852142598,
        1.55561643598,
        1.53940700898,
        1.38911522198,
        1.46937140498,
        3.8002846809800004,
        1.16879335098
      ],
      "exit_codes": [
        0,
        0,
        0,
        0,
        0,
        0,
        0,
        0,
        0,
        0
      ]
    },
    {
      "command": "deno",
      "mean": 8.485951124980001,
      "stddev": 1.3397374395980368,
      "median": 8.16904846098,
      "user": 1.614735,
      "system": 0.38780242,
      "min": 7.1075510069800005,
      "max": 12.146969820979999,
      "times": [
        8.82209833698,
        7.1075510069800005,
        7.75738536598,
        8.80381091198,
        7.96724730898,
        8.370849612979999,
        8.68639959898,
        7.55492738298,
        7.64227190298,
        12.146969820979999
      ],
      "exit_codes": [
        0,
        0,
        0,
        0,
        0,
        0,
        0,
        0,
        0,
        0
      ]
    }
  ]
}