{
  "results": [
    {
      "command": "npm",
      "mean": 0.8977723422600002,
      "stddev": 0.017011853998597802,
      "median": 0.89065524766,
      "user": 1.0122245399999998,
      "system": 0.14093274,
      "min": 0.8862708581600001,
      "max": 0.9462499541600001,
      "times": [
        0.9002774901600001,
        0.8957857391600001,
        0.8887231261600002,
        0.9462499541600001,
        0.8872830061600001,
        0.89191264016,
        0.9029162821600001,
        0.8862708581600001,
        0.8889064711600001,
        0.8893978551600001
      ],
      "exit_codes": [
        0,
        0,
        0,
        0,
        0,
        0,
        0,
        0,
        0,
        0
      ]
    },
    {
      "command": "yarn",
      "mean": 6.09421022136,
      "stddev": 0.10091935278853086,
      "median": 6.09349468166,
      "user": 3.87353604,
      "system": 1.1046391399999997,
      "min": 5.95712944816,
      "max": 6.22921783816,
      "times": [
        6.22921783816,
        6.1124536561600005,
        5.95712944816,
        6.22441365716,
        6.07453570716,
        6.1660379701600005,
        5.96531199516,
        5.98903196816,
        6.02925714716,
        6.19471282616
      ],
      "exit_codes": [
        0,
        0,
        0,
        0,
        0,
        0,
        0,
        0,
        0,
        0
      ]
    },
    {
      "command": "berry",
      "mean": 2.2859648215600004,
      "stddev": 0.06291746591844022,
      "median": 2.27249599516,
      "user": 2.5244942399999997,
      "system": 0.34983934000000005,
      "min": 2.2242484291599998,
      "max": 2.45927773716,
      "times": [
        2.2772826081599997,
        2.26770938216,
        2.45927773716,
        2.23694267016,
        2.25876222116,
        2.30902526016,
        2.24574148616,
        2.2242484291599998,
        2.29064886216,
        2.29000955916
      ],
      "exit_codes": [
        0,
        0,
        0,
        0,
        0,
        0,
        0,
        0,
        0,
        0
      ]
    },
    {
      "command": "pnpm",
      "mean": 1.18022122596,
      "stddev": 0.03242701430910353,
      "median": 1.17465695766,
      "user": 1.67381754,
      "system": 0.24224434,
      "min": 1.14582625516,
      "max": 1.25268747016,
      "times": [
        1.14582625516,
        1.16207549916,
        1.1531665901600001,
        1.20132617516,
        1.18723841616,
        1.14666973416,
        1.25268747016,
        1.1924473371600002,
        1.20538364916,
        1.15539113316
      ],
      "exit_codes": [
        0,
        0,
        0,
        0,
        0,
        0,
        0,
        0,
        0,
        0
      ]
    },
    {
      "command": "vlt",
      "mean": 0.32483304075999997,
      "stddev": 0.004931320521536079,
      "median": 0.32354836616,
      "user": 0.37658804,
      "system": 0.052921739999999995,
      "min": 0.31714849416,
      "max": 0.33472231916,
      "times": [
        0.32021647416,
        0.32812627016,
        0.32478245916,
        0.31714849416,
        0.33472231916,
        0.32186105616,
        0.32224743016,
        0.33019611316,
        0.32231427316,
        0.32671551816
      ],
      "exit_codes": [
        0,
        0,
        0,
        0,
        0,
        0,
        0,
        0,
        0,
        0
      ]
    },
    {
      "command": "bun",
      "mean": 0.03120661856,
      "stddev": 0.0007927584486569934,
      "median": 0.030848706160000003,
      "user": 0.00914414,
      "system": 0.02765144,
      "min": 0.03018352416,
      "max": 0.032660637160000006,
      "times": [
        0.03150974816,
        0.03095494516,
        0.030655954160000002,
        0.03049658416,
        0.030742467160000002,
        0.030697526160000002,
        0.03180620816,
        0.032358591160000005,
        0.032660637160000006,
        0.03018352416
      ],
      "exit_codes": [
        0,
        0,
        0,
        0,
        0,
        0,
        0,
        0,
        0,
        0
      ]
    },
    {
      "command": "deno",
      "mean": 0.7922787082599999,
      "stddev": 0.01666218874023452,
      "median": 0.7905015081600001,
      "user": 1.2855913399999999,
      "system": 0.24293434,
      "min": 0.7746544191600001,
      "max": 0.8368585981600001,
      "times": [
        0.78400068716,
        0.7798249391600001,
        0.8368585981600001,
        0.7796146931600001,
        0.78926198816,
        0.80138074816,
        0.7936384301600001,
        0.7918115511600001,
        0.7746544191600001,
        0.7917410281600001
      ],
      "exit_codes": [
        0,
        0,
        0,
        0,
        0,
        0,
        0,
        0,
        0,
        0
      ]
    }
  ]
}