{
  "results": [
    {
      "command": "npm",
      "mean": 0.4798635299000001,
      "stddev": 0.026940988315127437,
      "median": 0.4769380858000001,
      "user": 0.50150632,
      "system": 0.1045299,
      "min": 0.44514446330000007,
      "max": 0.5414160723,
      "times": [
        0.48760590330000003,
        0.5094799143000001,
        0.4827580463000001,
        0.46299104330000007,
        0.5414160723,
        0.45393330430000006,
        0.46143038030000005,
        0.44514446330000007,
        0.4754162773000001,
        0.4784598943000001
      ],
      "exit_codes": [
        0,
        0,
        0,
        0,
        0,
        0,
        0,
        0,
        0,
        0
      ]
    },
    {
      "command": "yarn",
      "mean": 4.696674669,
      "stddev": 0.23703113920658894,
      "median": 4.648898146800001,
      "user": 1.96599472,
      "system": 0.5223502000000001,
      "min": 4.3568120283,
      "max": 5.2706087613,
      "times": [
        4.8407119763,
        4.6240664843,
        4.8416849153,
        4.6921416063,
        5.2706087613,
        4.5880387493,
        4.4757875682999995,
        4.6737298093,
        4.3568120283,
        4.6031647913
      ],
      "exit_codes": [
        0,
        0,
        0,
        0,
        0,
        0,
        0,
        0,
        0,
        0
      ]
    },
    {
      "command": "berry",
      "mean": 2.2813414119999997,
      "stddev": 0.13671346604686746,
      "median": 2.3256564568,
      "user": 2.3898404199999996,
      "system": 0.43535520000000005,
      "min": 2.0394205803,
      "max": 2.4865519603,
      "times": [
        2.0394205803,
        2.0889538613,
        2.1429371253,
        2.3743209543,
        2.3814901823,
        2.3318988273,
        2.4865519603,
        2.3674764133,
        2.3194140863,
        2.2809501293
      ],
      "exit_codes": [
        0,
        0,
        0,
        0,
        0,
        0,
        0,
        0,
        0,
        0
      ]
    },
    {
      "command": "pnpm",
      "mean": 1.0782291119000003,
      "stddev": 0.16858026276532503,
      "median": 1.1350283338000002,
      "user": 1.4113472199999997,
      "system": 0.2693238,
      "min": 0.8345211923,
      "max": 1.2944954243000002,
      "times": [
        0.8345211923,
        1.2038442273,
        0.9021069493,
        0.9033342293000001,
        0.8954977703,
        1.2131756853000002,
        1.2311732413,
        1.2944954243000002,
        1.2379299593000002,
        1.0662124403000002
      ],
      "exit_codes": [
        0,
        0,
        0,
        0,
        0,
        0,
        0,
        0,
        0,
        0
      ]
    },
    {
      "command": "vlt",
      "mean": 0.3501409727000001,
      "stddev": 0.06294262292768717,
      "median": 0.3565610088000001,
      "user": 0.37185892,
      "system": 0.0699195,
      "min": 0.25594436230000006,
      "max": 0.4248988483000001,
      "times": [
        0.4248988483000001,
        0.25594436230000006,
        0.38281291730000006,
        0.32564040730000005,
        0.26444346030000004,
        0.28325524830000004,
        0.40822949630000005,
        0.41010949530000007,
        0.41576639130000004,
        0.33030910030000005
      ],
      "exit_codes": [
        0,
        0,
        0,
        0,
        0,
        0,
        0,
        0,
        0,
        0
      ]
    },
    {
      "command": "bun",
      "mean": 0.0317320983,
      "stddev": 0.0062698426388579625,
      "median": 0.028757696800000003,
      "user": 0.00631352,
      "system": 0.0287547,
      "min": 0.0261756053,
      "max": 0.0467241833,
      "times": [
        0.0467241833,
        0.0292446043,
        0.027138147300000002,
        0.0279527083,
        0.0261756053,
        0.0280355173,
        0.0339512513,
        0.0396615143,
        0.0282707893,
        0.0301666623
      ],
      "exit_codes": [
        0,
        0,
        0,
        0,
        0,
        0,
        0,
        0,
        0,
        0
      ]
    },
    {
      "command": "deno",
      "mean": 0.6078774965,
      "stddev": 0.06338717327351195,
      "median": 0.5890549067999999,
      "user": 0.7824230199999999,
      "system": 0.22829059999999995,
      "min": 0.5362784953,
      "max": 0.7266316303,
      "times": [
        0.5894698723,
        0.5883157943,
        0.6986345243000001,
        0.7266316303,
        0.5886399413,
        0.6675260693,
        0.5416453273,
        0.5492494433,
        0.5362784953,
        0.5923838673
      ],
      "exit_codes": [
        0,
        0,
        0,
        0,
        0,
        0,
        0,
        0,
        0,
        0
      ]
    }
  ]
}