{
  "results": [
    {
      "command": "npm",
      "mean": 0.9287606031,
      "stddev": 0.02930178085943703,
      "median": 0.9204472839000001,
      "user": 0.9921294799999998,
      "system": 0.19626101999999998,
      "min": 0.9115250214,
      "max": 1.0154303274,
      "times": [
        0.9237133634,
        0.9226671154,
        0.9159697994,
        0.9115250214,
        0.9176277784000001,
        0.9208754694000001,
        0.9117930834000001,
        1.0154303274,
        0.9279849744,
        0.9200190984000001
      ],
      "exit_codes": [
        0,
        0,
        0,
        0,
        0,
        0,
        0,
        0,
        0,
        0
      ]
    },
    {
      "command": "yarn",
      "mean": 6.3694251995,
      "stddev": 0.2724404866474121,
      "median": 6.367350696400001,
      "user": 3.7214688799999998,
      "system": 1.4788495200000003,
      "min": 5.8318007254,
      "max": 6.7720506694000004,
      "times": [
        6.1366426754,
        6.3294657034,
        6.1720112424,
        6.2413904754,
        6.6757094334,
        5.8318007254,
        6.5002766624,
        6.6296687184000005,
        6.7720506694000004,
        6.4052356894
      ],
      "exit_codes": [
        0,
        0,
        0,
        0,
        0,
        0,
        0,
        0,
        0,
        0
      ]
    },
    {
      "command": "berry",
      "mean": 2.2903238121,
      "stddev": 0.07339479006029527,
      "median": 2.2766923474,
      "user": 2.50259718,
      "system": 0.4535948199999999,
      "min": 2.2024924174000002,
      "max": 2.4483430854000003,
      "times": [
        2.2849969504,
        2.2024924174000002,
        2.2509213624,
        2.3029604634000003,
        2.3221211404,
        2.3799830514,
        2.2363956484000003,
        2.2066362574,
        2.4483430854000003,
        2.2683877444
      ],
      "exit_codes": [
        0,
        0,
        0,
        0,
        0,
        0,
        0,
        0,
        0,
        0
      ]
    },
    {
      "command": "pnpm",
      "mean": 1.1519816756,
      "stddev": 0.02524382478343406,
      "median": 1.1558425624000002,
      "user": 1.6418763799999998,
      "system": 0.37328102,
      "min": 1.1130802734,
      "max": 1.1885168224,
      "times": [
        1.1150781044000002,
        1.1587860894000002,
        1.1411744444,
        1.1130802734,
        1.1803904564,
        1.1639569414000002,
        1.1528990354000002,
        1.1885168224,
        1.1300964534000002,
        1.1758381354
      ],
      "exit_codes": [
        0,
        0,
        0,
        0,
        0,
        0,
        0,
        0,
        0,
        0
      ]
    },
    {
      "command": "vlt",
      "mean": 0.323609549,
      "stddev": 0.00729432819416232,
      "median": 0.3202758454,
      "user": 0.34100748,
      "system": 0.08435311999999999,
      "min": 0.3160008334,
      "max": 0.3396562934,
      "times": [
        0.3396562934,
        0.3283374004,
        0.3197559434,
        0.3308585424,
        0.3273592644,
        0.3168887714,
        0.3191483794,
        0.3207957474,
        0.3172943144,
        0.3160008334
      ],
      "exit_codes": [
        0,
        0,
        0,
        0,
        0,
        0,
        0,
        0,
        0,
        0
      ]
    },
    {
      "command": "bun",
      "mean": 0.0432396868,
      "stddev": 0.001096057673195092,
      "median": 0.043323344400000005,
      "user": 0.00854078,
      "system": 0.04075272,
      "min": 0.04173908540000001,
      "max": 0.044934674400000006,
      "times": [
        0.0441063734,
        0.0418459824,
        0.042757006400000006,
        0.04173908540000001,
        0.041862889400000006,
        0.043314646400000004,
        0.044934674400000006,
        0.0442168464,
        0.043332042400000007,
        0.0442873214
      ],
      "exit_codes": [
        0,
        0,
        0,
        0,
        0,
        0,
        0,
        0,
        0,
        0
      ]
    },
    {
      "command": "deno",
      "mean": 0.8052203192,
      "stddev": 0.03253869956422216,
      "median": 0.7938829394,
      "user": 1.2136992799999997,
      "system": 0.36515851999999993,
      "min": 0.7787521654,
      "max": 0.8856748534000001,
      "times": [
        0.7877880824,
        0.7943562604000001,
        0.7934096184,
        0.7963394904000001,
        0.7908943794000001,
        0.7944670834,
        0.7787521654,
        0.8488122444,
        0.8856748534000001,
        0.7817090144000001
      ],
      "exit_codes": [
        0,
        0,
        0,
        0,
        0,
        0,
        0,
        0,
        0,
        0
      ]
    }
  ]
}