{
  "results": [
    {
      "command": "npm",
      "mean": 1.01350842456,
      "stddev": 0.035707026205993427,
      "median": 1.00351256756,
      "user": 1.08249952,
      "system": 0.20449014000000001,
      "min": 0.9874881445600001,
      "max": 1.11792347656,
      "times": [
        1.00235308956,
        1.00194489056,
        0.99541366356,
        0.9929139935600001,
        1.0074006685599999,
        0.9874881445600001,
        1.11792347656,
        1.01713358856,
        1.0078406845599999,
        1.00467204556
      ],
      "exit_codes": [
        0,
        0,
        0,
        0,
        0,
        0,
        0,
        0,
        0,
        0
      ]
    },
    {
      "command": "yarn",
      "mean": 7.165499537360001,
      "stddev": 0.3218725111116164,
      "median": 7.16846411006,
      "user": 4.1227518199999995,
      "system": 1.5802904400000002,
      "min": 6.655504435559999,
      "max": 7.60138666556,
      "times": [
        7.53292164256,
        6.95658669956,
        7.60138666556,
        7.284621791559999,
        6.655504435559999,
        7.12928412556,
        6.73333117156,
        7.20764409456,
        6.9781648045599995,
        7.5755499425599995
      ],
      "exit_codes": [
        0,
        0,
        0,
        0,
        0,
        0,
        0,
        0,
        0,
        0
      ]
    },
    {
      "command": "berry",
      "mean": 2.40113360666,
      "stddev": 0.03944324831451877,
      "median": 2.4033484755600005,
      "user": 2.52640352,
      "system": 0.44141463999999997,
      "min": 2.32320867556,
      "max": 2.46106725356,
      "times": [
        2.3778657985600002,
        2.3861912905600002,
        2.4205056605600004,
        2.36923085456,
        2.43563604856,
        2.37516420656,
        2.32320867556,
        2.46106725356,
        2.42580894556,
        2.4366573325600003
      ],
      "exit_codes": [
        0,
        0,
        0,
        0,
        0,
        0,
        0,
        0,
        0,
        0
      ]
    },
    {
      "command": "pnpm",
      "mean": 1.4396554141600002,
      "stddev": 0.04438510409579586,
      "median": 1.4286754230599998,
      "user": 1.8058946200000001,
      "system": 0.35455134,
      "min": 1.3721015135599999,
      "max": 1.52140818956,
      "times": [
        1.4488270805599999,
        1.4272558785599998,
        1.41922252056,
        1.3721015135599999,
        1.3970030655599999,
        1.50001618756,
        1.47380152156,
        1.4068232165599999,
        1.4300949675599999,
        1.52140818956
      ],
      "exit_codes": [
        0,
        0,
        0,
        0,
        0,
        0,
        0,
        0,
        0,
        0
      ]
    },
    {
      "command": "vlt",
      "mean": 0.3215908519600001,
      "stddev": 0.00334021603129717,
      "median": 0.3210335000600001,
      "user": 0.34173212,
      "system": 0.07843394,
      "min": 0.31676395756000003,
      "max": 0.32651830856,
      "times": [
        0.31753316356000005,
        0.32651830856,
        0.31676395756000003,
        0.31824684156000005,
        0.32161782756000007,
        0.32540003956,
        0.32397723856000005,
        0.32044917256000005,
        0.32518802656000007,
        0.32021394356000005
      ],
      "exit_codes": [
        0,
        0,
        0,
        0,
        0,
        0,
        0,
        0,
        0,
        0
      ]
    },
    {
      "command": "bun",
      "mean": 0.040275461959999995,
      "stddev": 0.0008014902794360269,
      "median": 0.04021035506,
      "user": 0.00782452,
      "system": 0.03788614,
      "min": 0.03913002956,
      "max": 0.04191657956,
      "times": [
        0.03913002956,
        0.03971730856,
        0.03957892656,
        0.04036178456,
        0.03987123056,
        0.04028330856,
        0.04025630056,
        0.04016440956,
        0.04147474156,
        0.04191657956
      ],
      "exit_codes": [
        0,
        0,
        0,
        0,
        0,
        0,
        0,
        0,
        0,
        0
      ]
    },
    {
      "command": "deno",
      "mean": 0.7418922222600002,
      "stddev": 0.0065266885953552565,
      "median": 0.74001596006,
      "user": 1.1829543200000001,
      "system": 0.32587894,
      "min": 0.7329451195600001,
      "max": 0.75354860156,
      "times": [
        0.7396699815600001,
        0.73942840056,
        0.75300402056,
        0.75354860156,
        0.7338817835600001,
        0.7435814875600001,
        0.74289174156,
        0.7403619385600001,
        0.7396091475600001,
        0.7329451195600001
      ],
      "exit_codes": [
        0,
        0,
        0,
        0,
        0,
        0,
        0,
        0,
        0,
        0
      ]
    }
  ]
}