{
  "results": [
    {
      "command": "npm",
      "mean": 0.31875337684000005,
      "stddev": 0.0021360824567197884,
      "median": 0.31869037554,
      "user": 0.3315741599999999,
      "system": 0.0756423,
      "min": 0.31393171854,
      "max": 0.32243771754000006,
      "times": [
        0.31846491454000003,
        0.31782430354,
        0.31778356554000003,
        0.31798156354,
        0.32243771754000006,
        0.32089812354,
        0.31393171854,
        0.31942888654,
        0.31891583654000005,
        0.31986713854000004
      ],
      "exit_codes": [
        0,
        0,
        0,
        0,
        0,
        0,
        0,
        0,
        0,
        0
      ]
    },
    {
      "command": "yarn",
      "mean": 0.22812835244000004,
      "stddev": 0.0027858900807769312,
      "median": 0.22820695704000005,
      "user": 0.20265455999999998,
      "system": 0.0494732,
      "min": 0.22291791654000004,
      "max": 0.23217521054000004,
      "times": [
        0.22730203654000003,
        0.22291791654000004,
        0.22474086854000003,
        0.22879077954000002,
        0.22823901654000003,
        0.22668370754000003,
        0.23030076754000003,
        0.22817489754000003,
        0.23217521054000004,
        0.23195832354000004
      ],
      "exit_codes": [
        0,
        0,
        0,
        0,
        0,
        0,
        0,
        0,
        0,
        0
      ]
    },
    {
      "command": "berry",
      "mean": 0.6174948159400001,
      "stddev": 0.033800995745239475,
      "median": 0.60276055504,
      "user": 0.6462041600000001,
      "system": 0.11259949999999999,
      "min": 0.5821355595400001,
      "max": 0.68598628254,
      "times": [
        0.68598628254,
        0.6352751925400001,
        0.5965099235400001,
        0.5835794295400001,
        0.6429846125400001,
        0.6021125445400001,
        0.60340856554,
        0.5821355595400001,
        0.65655262954,
        0.5864034195400001
      ],
      "exit_codes": [
        0,
        0,
        0,
        0,
        0,
        0,
        0,
        0,
        0,
        0
      ]
    },
    {
      "command": "pnpm",
      "mean": 0.61070101424,
      "stddev": 0.027861368355202663,
      "median": 0.61205255954,
      "user": 0.59837946,
      "system": 0.10369030000000001,
      "min": 0.5640577775400001,
      "max": 0.64395958354,
      "times": [
        0.6244161085400001,
        0.6373922645400001,
        0.5964463545400001,
        0.57867250254,
        0.63330613654,
        0.5640577775400001,
        0.59968901054,
        0.6436008965400001,
        0.58546950754,
        0.64395958354
      ],
      "exit_codes": [
        0,
        0,
        0,
        0,
        0,
        0,
        0,
        0,
        0,
        0
      ]
    },
    {
      "command": "vlt",
      "mean": 1.8475452880399998,
      "stddev": 0.013784067765384262,
      "median": 1.8434685110400002,
      "user": 1.7714853599999998,
      "system": 0.5023856999999998,
      "min": 1.83416562754,
      "max": 1.88274287654,
      "times": [
        1.84085552654,
        1.8383095465400001,
        1.83788558854,
        1.84720814854,
        1.84511399754,
        1.83416562754,
        1.88274287654,
        1.86223454654,
        1.84210493254,
        1.84483208954
      ],
      "exit_codes": [
        0,
        0,
        0,
        0,
        0,
        0,
        0,
        0,
        0,
        0
      ]
    },
    {
      "command": "bun",
      "mean": 0.0059635990400000016,
      "stddev": 0.00024060751301497224,
      "median": 0.0058993475400000005,
      "user": 0.0037319600000000003,
      "system": 0.005483699999999999,
      "min": 0.0056951395400000005,
      "max": 0.006526615540000001,
      "times": [
        0.005999477540000001,
        0.00581740654,
        0.0056951395400000005,
        0.005786260540000001,
        0.005898597540000001,
        0.00590009754,
        0.005821927540000001,
        0.005904486540000001,
        0.006285981540000001,
        0.006526615540000001
      ],
      "exit_codes": [
        0,
        0,
        0,
        0,
        0,
        0,
        0,
        0,
        0,
        0
      ]
    },
    {
      "command": "deno",
      "mean": 0.036869400840000004,
      "stddev": 0.00045628362230153624,
      "median": 0.03676155754,
      "user": 0.020116959999999996,
      "system": 0.0198204,
      "min": 0.03616475654,
      "max": 0.037532636540000004,
      "times": [
        0.03744896854,
        0.03741510554,
        0.03708989054,
        0.03680162854,
        0.03672148654,
        0.03643444554,
        0.037532636540000004,
        0.03641233954,
        0.03667275054,
        0.03616475654
      ],
      "exit_codes": [
        0,
        0,
        0,
        0,
        0,
        0,
        0,
        0,
        0,
        0
      ]
    }
  ]
}