{
  "results": [
    {
      "command": "npm",
      "mean": 0.5776965853200002,
      "stddev": 0.009050518785808386,
      "median": 0.57537923032,
      "user": 0.639703,
      "system": 0.11017417999999998,
      "min": 0.56656649132,
      "max": 0.59516987332,
      "times": [
        0.57073651532,
        0.5681952173200001,
        0.56656649132,
        0.57507369232,
        0.57849944332,
        0.59516987332,
        0.5886697783200001,
        0.5867610533200001,
        0.57160902032,
        0.57568476832
      ],
      "exit_codes": [
        0,
        0,
        0,
        0,
        0,
        0,
        0,
        0,
        0,
        0
      ]
    },
    {
      "command": "yarn",
      "mean": 0.3164591029200001,
      "stddev": 0.0034437238226419724,
      "median": 0.31737474832,
      "user": 0.362884,
      "system": 0.06568937999999999,
      "min": 0.31073564432000006,
      "max": 0.32096641932000003,
      "times": [
        0.31815302232000003,
        0.31250713132,
        0.31863148532,
        0.31599573332,
        0.32096641932000003,
        0.31659647432000004,
        0.31870307332000003,
        0.32044363032000006,
        0.31073564432000006,
        0.31185841532
      ],
      "exit_codes": [
        0,
        0,
        0,
        0,
        0,
        0,
        0,
        0,
        0,
        0
      ]
    },
    {
      "command": "berry",
      "mean": 4.95489905032,
      "stddev": 0.23953789595897845,
      "median": 4.86978810532,
      "user": 8.9570191,
      "system": 3.0046314799999996,
      "min": 4.77185991032,
      "max": 5.64893538832,
      "times": [
        4.8572776293199995,
        4.81637580232,
        4.90184924532,
        4.77185991032,
        4.87068383932,
        4.999181227319999,
        4.868892371319999,
        5.64893538832,
        4.9618138603199995,
        4.85212122932
      ],
      "exit_codes": [
        0,
        0,
        0,
        0,
        0,
        0,
        0,
        0,
        0,
        0
      ]
    },
    {
      "command": "pnpm",
      "mean": 0.7548950343200002,
      "stddev": 0.03270720865883766,
      "median": 0.7459891328200001,
      "user": 0.8629794000000001,
      "system": 0.15689967999999999,
      "min": 0.7236474823200001,
      "max": 0.8466316313200001,
      "times": [
        0.73417860432,
        0.8466316313200001,
        0.7236474823200001,
        0.73358840832,
        0.7586608883200001,
        0.7623110673200001,
        0.7441886243200001,
        0.74129194332,
        0.74778964132,
        0.7566620523200001
      ],
      "exit_codes": [
        0,
        0,
        0,
        0,
        0,
        0,
        0,
        0,
        0,
        0
      ]
    },
    {
      "command": "vlt",
      "mean": 0.34665981432000004,
      "stddev": 0.009782796664795373,
      "median": 0.34201388332000004,
      "user": 0.3701568999999999,
      "system": 0.07720148000000002,
      "min": 0.33571627532000003,
      "max": 0.36430636432,
      "times": [
        0.35476643632000004,
        0.36430636432,
        0.36295682832000004,
        0.3416316313200001,
        0.33886132232000005,
        0.34169854932000004,
        0.34567994232000004,
        0.34232921732000005,
        0.33571627532000003,
        0.33865157632000004
      ],
      "exit_codes": [
        0,
        0,
        0,
        0,
        0,
        0,
        0,
        0,
        0,
        0
      ]
    },
    {
      "command": "bun",
      "mean": 0.01179490442,
      "stddev": 0.0004286357850789994,
      "median": 0.011747958320000002,
      "user": 0.007963000000000001,
      "system": 0.009572079999999998,
      "min": 0.011326415320000002,
      "max": 0.012903082320000002,
      "times": [
        0.012903082320000002,
        0.011791321320000001,
        0.011673634320000001,
        0.01146036532,
        0.011358383320000002,
        0.01170459532,
        0.011326415320000002,
        0.011799985320000001,
        0.011910480320000002,
        0.012020781320000002
      ],
      "exit_codes": [
        0,
        0,
        0,
        0,
        0,
        0,
        0,
        0,
        0,
        0
      ]
    },
    {
      "command": "deno",
      "mean": 0.8484843918199999,
      "stddev": 0.0759318956060293,
      "median": 0.8219291098200001,
      "user": 0.312396,
      "system": 0.14325198,
      "min": 0.7687390323200001,
      "max": 1.00471532732,
      "times": [
        0.8459875563200001,
        1.00471532732,
        0.77776228032,
        0.8318437113200001,
        0.7687390323200001,
        0.94433945632,
        0.79748867032,
        0.9160654893200001,
        0.8120145083200001,
        0.7858878863200001
      ],
      "exit_codes": [
        0,
        0,
        0,
        0,
        0,
        0,
        0,
        0,
        0,
        0
      ]
    }
  ]
}