{
  "results": [
    {
      "command": "npm",
      "mean": 2.0998975937799997,
      "stddev": 0.013354536639271062,
      "median": 2.0981926184799997,
      "user": 2.25936674,
      "system": 0.8106313199999999,
      "min": 2.08364809448,
      "max": 2.1232872234799998,
      "times": [
        2.09755757848,
        2.08653130148,
        2.10743667848,
        2.10916593948,
        2.09882765848,
        2.08507656448,
        2.11778259348,
        2.0896623054799996,
        2.1232872234799998,
        2.08364809448
      ],
      "exit_codes": [
        0,
        0,
        0,
        0,
        0,
        0,
        0,
        0,
        0,
        0
      ]
    },
    {
      "command": "yarn",
      "mean": 2.21745810878,
      "stddev": 0.09602774777106284,
      "median": 2.1898600434799995,
      "user": 1.2389587400000002,
      "system": 0.6896571199999999,
      "min": 2.11276750448,
      "max": 2.43538810348,
      "times": [
        2.20675020748,
        2.11276750448,
        2.30882771748,
        2.14854023348,
        2.2857795634799998,
        2.22920111648,
        2.1729698794799996,
        2.1580631694799997,
        2.11629359248,
        2.43538810348
      ],
      "exit_codes": [
        0,
        0,
        0,
        0,
        0,
        0,
        0,
        0,
        0,
        0
      ]
    },
    {
      "command": "berry",
      "mean": 1.6610688016800002,
      "stddev": 0.09337598646160894,
      "median": 1.62619265748,
      "user": 1.89146744,
      "system": 0.48684092,
      "min": 1.59095107248,
      "max": 1.9149637174800003,
      "times": [
        1.60982933448,
        1.5951934114800002,
        1.59332011748,
        1.6784580164800003,
        1.71277847348,
        1.59095107248,
        1.64255598048,
        1.6070565144800002,
        1.9149637174800003,
        1.66558137848
      ],
      "exit_codes": [
        0,
        0,
        0,
        0,
        0,
        0,
        0,
        0,
        0,
        0
      ]
    },
    {
      "command": "zpm",
      "mean": 1.28411765608,
      "stddev": 0.09749595912570495,
      "median": 1.2711745009800002,
      "user": 0.4208529399999999,
      "system": 0.21899242000000002,
      "min": 1.16043797548,
      "max": 1.4930851874800002,
      "times": [
        1.2310260644800002,
        1.2302818474800001,
        1.31040005148,
        1.16796915648,
        1.4930851874800002,
        1.2497570724800002,
        1.2925919294800001,
        1.40526141848,
        1.16043797548,
        1.30036585748
      ],
      "exit_codes": [
        0,
        0,
        0,
        0,
        0,
        0,
        0,
        0,
        0,
        0
      ]
    },
    {
      "command": "pnpm",
      "mean": 1.40692112538,
      "stddev": 0.2396418975985089,
      "median": 1.31341052348,
      "user": 1.75129864,
      "system": 0.42150612,
      "min": 1.29013771048,
      "max": 2.1129397974799997,
      "times": [
        1.3302212014800001,
        1.30884488548,
        1.30806021448,
        1.4551774214800002,
        1.34650117348,
        2.1129397974799997,
        1.3022277214800002,
        1.29013771048,
        1.29712496648,
        1.31797616148
      ],
      "exit_codes": [
        0,
        0,
        0,
        0,
        0,
        0,
        0,
        0,
        0,
        0
      ]
    },
    {
      "command": "vlt",
      "mean": 0.64643629948,
      "stddev": 0.005670562158650093,
      "median": 0.64533367298,
      "user": 0.69328244,
      "system": 0.36745342,
      "min": 0.63679999348,
      "max": 0.65558006148,
      "times": [
        0.65558006148,
        0.64623283548,
        0.64282871048,
        0.65074959048,
        0.65308091648,
        0.64132538748,
        0.63679999348,
        0.64224730348,
        0.6510836854800001,
        0.64443451048
      ],
      "exit_codes": [
        0,
        0,
        0,
        0,
        0,
        0,
        0,
        0,
        0,
        0
      ]
    },
    {
      "command": "bun",
      "mean": 0.037599129880000005,
      "stddev": 0.00024333852189293862,
      "median": 0.037588430980000004,
      "user": 0.00868814,
      "system": 0.034534619999999995,
      "min": 0.03711064548,
      "max": 0.03800969348,
      "times": [
        0.03711064548,
        0.03771912048000001,
        0.037628950480000006,
        0.03743841548,
        0.037611628480000006,
        0.03750253548,
        0.03800969348,
        0.03756523348,
        0.037938989480000004,
        0.03746608648000001
      ],
      "exit_codes": [
        0,
        0,
        0,
        0,
        0,
        0,
        0,
        0,
        0,
        0
      ]
    },
    {
      "command": "deno",
      "mean": 0.25733297878,
      "stddev": 0.0052249567001315025,
      "median": 0.25782687598000004,
      "user": 0.28937014000000005,
      "system": 0.16601522,
      "min": 0.24821574048,
      "max": 0.26529263348000004,
      "times": [
        0.26529263348000004,
        0.25569021148000004,
        0.25896441248,
        0.25132755148,
        0.26055597248000006,
        0.26350633748,
        0.24821574048,
        0.25668933948000006,
        0.25236418748000006,
        0.26072340148000006
      ],
      "exit_codes": [
        0,
        0,
        0,
        0,
        0,
        0,
        0,
        0,
        0,
        0
      ]
    }
  ]
}