{
  "results": [
    {
      "command": "npm",
      "mean": 1.8496437602,
      "stddev": 0.017083209280852205,
      "median": 1.8444810113,
      "user": 1.9263154,
      "system": 0.6631890199999999,
      "min": 1.8322770573,
      "max": 1.8910848563000002,
      "times": [
        1.8910848563000002,
        1.8462490813,
        1.8333450263000002,
        1.8592567823000001,
        1.8605968513000002,
        1.8322770573,
        1.8413746313000001,
        1.8427129413,
        1.8336813993,
        1.8558589753
      ],
      "exit_codes": [
        0,
        0,
        0,
        0,
        0,
        0,
        0,
        0,
        0,
        0
      ]
    },
    {
      "command": "yarn",
      "mean": 3.0404664356,
      "stddev": 0.18085423924855207,
      "median": 3.0281785983,
      "user": 1.0950291,
      "system": 0.6338430199999999,
      "min": 2.8157754743,
      "max": 3.4264559583,
      "times": [
        3.4264559583,
        2.8157754743,
        3.2678825952999997,
        3.0994654422999997,
        3.0320296743,
        2.8278052023,
        2.9532333763,
        3.0551631763,
        3.0243275222999997,
        2.9025259343
      ],
      "exit_codes": [
        0,
        0,
        0,
        0,
        0,
        0,
        0,
        0,
        0,
        0
      ]
    },
    {
      "command": "berry",
      "mean": 1.8209070566,
      "stddev": 0.14018528237171332,
      "median": 1.7913492063,
      "user": 1.6532234,
      "system": 0.44298101999999995,
      "min": 1.6890009743,
      "max": 2.1783411053,
      "times": [
        1.8004808313,
        1.7421145443000001,
        2.1783411053,
        1.9469172503,
        1.8529154363000002,
        1.8034305493,
        1.7075376553000001,
        1.7061146383,
        1.7822175813,
        1.6890009743
      ],
      "exit_codes": [
        0,
        0,
        0,
        0,
        0,
        0,
        0,
        0,
        0,
        0
      ]
    },
    {
      "command": "pnpm",
      "mean": 1.3498886944,
      "stddev": 0.0631468151898474,
      "median": 1.3531395148,
      "user": 1.6301789,
      "system": 0.39160022,
      "min": 1.2575726003,
      "max": 1.4724195673,
      "times": [
        1.3541304063000001,
        1.2575726003,
        1.4250702653,
        1.3787395693000002,
        1.3150214193,
        1.3092925323,
        1.3521486233,
        1.2680701893000002,
        1.3664217713,
        1.4724195673
      ],
      "exit_codes": [
        0,
        0,
        0,
        0,
        0,
        0,
        0,
        0,
        0,
        0
      ]
    },
    {
      "command": "vlt",
      "mean": 1.9277506621000005,
      "stddev": 0.020208317308740387,
      "median": 1.9311585068000001,
      "user": 1.8129808,
      "system": 1.2121290199999997,
      "min": 1.8958844673000002,
      "max": 1.9624717703,
      "times": [
        1.9624717703,
        1.9312565133000001,
        1.9183275233000001,
        1.9439725753000001,
        1.9423273483,
        1.9043310213000002,
        1.8958844673000002,
        1.9310605003,
        1.9052623523,
        1.9426125493000002
      ],
      "exit_codes": [
        0,
        0,
        0,
        0,
        0,
        0,
        0,
        0,
        0,
        0
      ]
    },
    {
      "command": "bun",
      "mean": 0.0710065899,
      "stddev": 0.00030830848911316124,
      "median": 0.07100215180000001,
      "user": 0.028365300000000003,
      "system": 0.051048819999999995,
      "min": 0.0705009783,
      "max": 0.0715154233,
      "times": [
        0.07060553430000001,
        0.07080912830000001,
        0.0715154233,
        0.07120262730000002,
        0.07128589130000001,
        0.07098343330000001,
        0.07102087030000001,
        0.0705009783,
        0.0713062413,
        0.07083577130000002
      ],
      "exit_codes": [
        0,
        0,
        0,
        0,
        0,
        0,
        0,
        0,
        0,
        0
      ]
    },
    {
      "command": "deno",
      "mean": 0.21337363610000004,
      "stddev": 0.0024142865149730562,
      "median": 0.21256924780000003,
      "user": 0.2066395,
      "system": 0.15721552,
      "min": 0.2106538323,
      "max": 0.2176608083,
      "times": [
        0.21094379130000002,
        0.2106538323,
        0.2176608083,
        0.21440184530000003,
        0.21286907030000002,
        0.2122694253,
        0.21129982430000002,
        0.2173677273,
        0.2144966443,
        0.21177339230000003
      ],
      "exit_codes": [
        0,
        0,
        0,
        0,
        0,
        0,
        0,
        0,
        0,
        0
      ]
    }
  ]
}