{
  "results": [
    {
      "command": "npm",
      "mean": 2.0957566649,
      "stddev": 0.03160998409847319,
      "median": 2.0894409567,
      "user": 2.26563328,
      "system": 0.7988366199999999,
      "min": 2.0592538912,
      "max": 2.1833218432,
      "times": [
        2.1833218432,
        2.0809129872,
        2.0592538912,
        2.0747124532,
        2.0909987162,
        2.1041133062,
        2.0878831972,
        2.0978578791999998,
        2.0957835862,
        2.0827287892
      ],
      "exit_codes": [
        0,
        0,
        0,
        0,
        0,
        0,
        0,
        0,
        0,
        0
      ]
    },
    {
      "command": "yarn",
      "mean": 3.0938801841999997,
      "stddev": 0.6672560705033707,
      "median": 2.7771185317000002,
      "user": 1.2653450800000001,
      "system": 0.6640513199999999,
      "min": 2.5793550792,
      "max": 4.7664393072,
      "times": [
        3.0723844862,
        2.7694154552,
        2.6980654472000003,
        2.5793550792,
        2.7154712152,
        2.7848216082,
        3.8924648412,
        2.5933408862,
        4.7664393072,
        3.0670435162
      ],
      "exit_codes": [
        0,
        0,
        0,
        0,
        0,
        0,
        0,
        0,
        0,
        0
      ]
    },
    {
      "command": "berry",
      "mean": 1.6702327270999997,
      "stddev": 0.12509202204435727,
      "median": 1.6543028547,
      "user": 1.8197815800000001,
      "system": 0.4677970199999999,
      "min": 1.5502173352000002,
      "max": 2.0199396122,
      "times": [
        1.6979132842,
        1.5698290922,
        1.6596214162,
        1.6489842932,
        1.6389037412,
        2.0199396122,
        1.6705386082,
        1.5847016651999999,
        1.6616782232,
        1.5502173352000002
      ],
      "exit_codes": [
        0,
        0,
        0,
        0,
        0,
        0,
        0,
        0,
        0,
        0
      ]
    },
    {
      "command": "zpm",
      "mean": 2.0135163318000004,
      "stddev": 0.6117377638476184,
      "median": 1.7772703682,
      "user": 0.42321108,
      "system": 0.20387462000000003,
      "min": 1.3528599002,
      "max": 3.3967029072,
      "times": [
        1.7621971822,
        1.5734889812000001,
        1.3528599002,
        1.7923435542,
        3.3967029072,
        2.8000776802000003,
        1.5403704232000002,
        2.0138956432,
        2.2955948072,
        1.6076322392
      ],
      "exit_codes": [
        0,
        0,
        0,
        0,
        0,
        0,
        0,
        0,
        0,
        0
      ]
    },
    {
      "command": "pnpm",
      "mean": 1.6061957823000004,
      "stddev": 0.7384051889403535,
      "median": 1.3517205722,
      "user": 1.7087842799999997,
      "system": 0.42191842,
      "min": 1.3173729522,
      "max": 3.8165136992,
      "times": [
        1.3173729522,
        1.3850473102,
        1.3178810262,
        1.3196923642,
        1.3307095092,
        3.8165136992,
        1.3727316352,
        1.4823664072,
        1.3933590002,
        1.3262839192
      ],
      "exit_codes": [
        0,
        0,
        0,
        0,
        0,
        0,
        0,
        0,
        0,
        0
      ]
    },
    {
      "command": "vlt",
      "mean": 0.6399936548,
      "stddev": 0.0058305722620374005,
      "median": 0.6403357392,
      "user": 0.68458168,
      "system": 0.36598642000000003,
      "min": 0.6288662392000001,
      "max": 0.6485271062,
      "times": [
        0.6428186652,
        0.6419019032000001,
        0.6360943642,
        0.6373658852,
        0.6474562612,
        0.6387695752,
        0.6288662392000001,
        0.6441023232,
        0.6485271062,
        0.6340342252
      ],
      "exit_codes": [
        0,
        0,
        0,
        0,
        0,
        0,
        0,
        0,
        0,
        0
      ]
    },
    {
      "command": "bun",
      "mean": 0.0380145756,
      "stddev": 0.000558878334585659,
      "median": 0.0378594977,
      "user": 0.00773398,
      "system": 0.03610012,
      "min": 0.037249680199999996,
      "max": 0.0394335672,
      "times": [
        0.037249680199999996,
        0.0379440542,
        0.0382859022,
        0.0380998032,
        0.0382603812,
        0.0377749412,
        0.0377668982,
        0.0377540522,
        0.0375764762,
        0.0394335672
      ],
      "exit_codes": [
        0,
        0,
        0,
        0,
        0,
        0,
        0,
        0,
        0,
        0
      ]
    },
    {
      "command": "deno",
      "mean": 0.25501824289999997,
      "stddev": 0.004123694385762937,
      "median": 0.2542744187,
      "user": 0.28490187999999994,
      "system": 0.16807261999999998,
      "min": 0.2501295512,
      "max": 0.2642911272,
      "times": [
        0.2503354782,
        0.2566617222,
        0.2642911272,
        0.2525897182,
        0.2501295512,
        0.2527686842,
        0.2589647842,
        0.2557801532,
        0.2523974832,
        0.2562637272
      ],
      "exit_codes": [
        0,
        0,
        0,
        0,
        0,
        0,
        0,
        0,
        0,
        0
      ]
    }
  ]
}