{
  "results": [
    {
      "command": "npm",
      "mean": 2.17082641702,
      "stddev": 0.022042616041100863,
      "median": 2.16806201292,
      "user": 2.27463102,
      "system": 0.83008822,
      "min": 2.12957964892,
      "max": 2.21855381192,
      "times": [
        2.15839164392,
        2.16960139692,
        2.19179564992,
        2.18058168692,
        2.21855381192,
        2.16129935992,
        2.16652262892,
        2.12957964892,
        2.1619630659199998,
        2.16997527692
      ],
      "exit_codes": [
        0,
        0,
        0,
        0,
        0,
        0,
        0,
        0,
        0,
        0
      ]
    },
    {
      "command": "yarn",
      "mean": 2.7219696827199993,
      "stddev": 0.24851226704281004,
      "median": 2.65827420842,
      "user": 1.2181419199999999,
      "system": 0.6676241199999999,
      "min": 2.42407099892,
      "max": 3.21254470492,
      "times": [
        2.57704152692,
        2.87961533892,
        3.21254470492,
        2.42407099892,
        2.87200614692,
        2.45141041492,
        2.64185631692,
        2.6746920999199997,
        3.0050015979199998,
        2.4814576809199997
      ],
      "exit_codes": [
        0,
        0,
        0,
        0,
        0,
        0,
        0,
        0,
        0,
        0
      ]
    },
    {
      "command": "berry",
      "mean": 1.6970091588199998,
      "stddev": 0.040791875347797185,
      "median": 1.69613820742,
      "user": 1.76026632,
      "system": 0.46664092,
      "min": 1.64271917692,
      "max": 1.75515463092,
      "times": [
        1.75515463092,
        1.69925583292,
        1.64339865492,
        1.66666304592,
        1.64271917692,
        1.69302058192,
        1.66252074792,
        1.71276591792,
        1.74760039392,
        1.74699260492
      ],
      "exit_codes": [
        0,
        0,
        0,
        0,
        0,
        0,
        0,
        0,
        0,
        0
      ]
    },
    {
      "command": "zpm",
      "mean": 1.6166240242199996,
      "stddev": 0.24960954719667666,
      "median": 1.50056486192,
      "user": 0.40939971999999997,
      "system": 0.19802602,
      "min": 1.30963189592,
      "max": 2.17854323692,
      "times": [
        1.8065973569199998,
        1.48948970492,
        1.69921611892,
        1.84097799892,
        1.4099568269199998,
        1.30963189592,
        1.43880769992,
        2.17854323692,
        1.4813793839199998,
        1.5116400189199999
      ],
      "exit_codes": [
        0,
        0,
        0,
        0,
        0,
        0,
        0,
        0,
        0,
        0
      ]
    },
    {
      "command": "pnpm",
      "mean": 1.4416562117199998,
      "stddev": 0.32340450270715315,
      "median": 1.3297107979199998,
      "user": 1.6591608199999999,
      "system": 0.40364432,
      "min": 1.30781139292,
      "max": 2.40790055292,
      "times": [
        1.41382272792,
        1.3220998529199999,
        1.3082502859199998,
        1.31777599292,
        2.40790055292,
        1.3176864369199999,
        1.3444034459199998,
        1.33732174292,
        1.30781139292,
        1.3394896859199998
      ],
      "exit_codes": [
        0,
        0,
        0,
        0,
        0,
        0,
        0,
        0,
        0,
        0
      ]
    },
    {
      "command": "vlt",
      "mean": 0.62816950142,
      "stddev": 0.004384324899239396,
      "median": 0.62773071492,
      "user": 0.6631542199999999,
      "system": 0.36452372,
      "min": 0.6193126089200001,
      "max": 0.63595829892,
      "times": [
        0.6268866469200001,
        0.62843862892,
        0.6270228009200001,
        0.63595829892,
        0.6243453829200001,
        0.6334860589200001,
        0.6193126089200001,
        0.62690530292,
        0.62893094092,
        0.63040834392
      ],
      "exit_codes": [
        0,
        0,
        0,
        0,
        0,
        0,
        0,
        0,
        0,
        0
      ]
    },
    {
      "command": "bun",
      "mean": 0.037095684520000005,
      "stddev": 0.00031368374932794966,
      "median": 0.037038322920000005,
      "user": 0.00882082,
      "system": 0.034129320000000005,
      "min": 0.03663576192,
      "max": 0.03776630192,
      "times": [
        0.03776630192,
        0.037381144920000005,
        0.036751518920000004,
        0.03704755992000001,
        0.03694242392,
        0.03702908592,
        0.037334355920000006,
        0.037152776920000005,
        0.03663576192,
        0.03691591492000001
      ],
      "exit_codes": [
        0,
        0,
        0,
        0,
        0,
        0,
        0,
        0,
        0,
        0
      ]
    },
    {
      "command": "deno",
      "mean": 0.24660404372000003,
      "stddev": 0.0034536897116549713,
      "median": 0.24775066742000001,
      "user": 0.27436262,
      "system": 0.16508702,
      "min": 0.24111537192000002,
      "max": 0.25057898292,
      "times": [
        0.24882033292000003,
        0.24668100192000003,
        0.25057898292,
        0.24195090892,
        0.24284434392,
        0.24111537192000002,
        0.24925776792,
        0.24963979892000004,
        0.25026872092,
        0.24488320692
      ],
      "exit_codes": [
        0,
        0,
        0,
        0,
        0,
        0,
        0,
        0,
        0,
        0
      ]
    }
  ]
}