{
  "results": [
    {
      "command": "npm",
      "mean": 2.09626476722,
      "stddev": 0.019256640622347596,
      "median": 2.0959236481200003,
      "user": 2.15621002,
      "system": 0.8116078200000001,
      "min": 2.06401363312,
      "max": 2.12460064112,
      "times": [
        2.11276849012,
        2.11824013912,
        2.12460064112,
        2.09817187312,
        2.0762555371199998,
        2.09367542312,
        2.06401363312,
        2.08021680612,
        2.11217181112,
        2.08253331812
      ],
      "exit_codes": [
        0,
        0,
        0,
        0,
        0,
        0,
        0,
        0,
        0,
        0
      ]
    },
    {
      "command": "yarn",
      "mean": 2.1277721883199994,
      "stddev": 0.145628768912422,
      "median": 2.09185854312,
      "user": 1.20061802,
      "system": 0.6530357199999999,
      "min": 1.98796069812,
      "max": 2.43353426012,
      "times": [
        2.02450226812,
        2.20714343712,
        2.43353426012,
        2.1592148181199997,
        1.99344281612,
        1.98796069812,
        1.99477498712,
        2.00610772212,
        2.29606928912,
        2.17497158712
      ],
      "exit_codes": [
        0,
        0,
        0,
        0,
        0,
        0,
        0,
        0,
        0,
        0
      ]
    },
    {
      "command": "berry",
      "mean": 1.54491753352,
      "stddev": 0.016774474770914365,
      "median": 1.5404661431199997,
      "user": 1.7799863200000001,
      "system": 0.4710214199999999,
      "min": 1.52123729912,
      "max": 1.57477690112,
      "times": [
        1.57463206212,
        1.54343536512,
        1.52868764212,
        1.54831930212,
        1.57477690112,
        1.5474022651200001,
        1.53571219112,
        1.5374969211199998,
        1.52123729912,
        1.5374753861200001
      ],
      "exit_codes": [
        0,
        0,
        0,
        0,
        0,
        0,
        0,
        0,
        0,
        0
      ]
    },
    {
      "command": "pnpm",
      "mean": 1.24335483462,
      "stddev": 0.025783217171504072,
      "median": 1.2363665046199999,
      "user": 1.6425614200000003,
      "system": 0.3937065199999999,
      "min": 1.20979144712,
      "max": 1.3054572041199999,
      "times": [
        1.20979144712,
        1.2281259491199998,
        1.25005550012,
        1.22860622112,
        1.23112774912,
        1.3054572041199999,
        1.22463947112,
        1.26913566712,
        1.24160526012,
        1.2450038771199998
      ],
      "exit_codes": [
        0,
        0,
        0,
        0,
        0,
        0,
        0,
        0,
        0,
        0
      ]
    },
    {
      "command": "vlt",
      "mean": 0.6051280317200002,
      "stddev": 0.004869904743816908,
      "median": 0.6069998081200001,
      "user": 0.64362802,
      "system": 0.35008672,
      "min": 0.5972824961200001,
      "max": 0.6127569651200001,
      "times": [
        0.6080599191200001,
        0.6127569651200001,
        0.59866693812,
        0.6087063411200001,
        0.6070060661200001,
        0.60320057412,
        0.6088960901200001,
        0.6069935501200001,
        0.5972824961200001,
        0.5997113771200001
      ],
      "exit_codes": [
        0,
        0,
        0,
        0,
        0,
        0,
        0,
        0,
        0,
        0
      ]
    },
    {
      "command": "bun",
      "mean": 0.03706078392,
      "stddev": 0.00045807207485455806,
      "median": 0.037131548119999996,
      "user": 0.006472519999999998,
      "system": 0.03613602,
      "min": 0.036338556120000004,
      "max": 0.03782337012,
      "times": [
        0.03782337012,
        0.03752172212,
        0.036338556120000004,
        0.036585354120000003,
        0.03671133912,
        0.03716768912,
        0.03664648112,
        0.03709540712,
        0.037549286120000004,
        0.03716863412
      ],
      "exit_codes": [
        0,
        0,
        0,
        0,
        0,
        0,
        0,
        0,
        0,
        0
      ]
    },
    {
      "command": "deno",
      "mean": 0.24468316801999998,
      "stddev": 0.004549841416520711,
      "median": 0.24480017312000002,
      "user": 0.26659701999999996,
      "system": 0.16559192,
      "min": 0.23898289512,
      "max": 0.25570368711999997,
      "times": [
        0.24136050812,
        0.23898289512,
        0.24175932112,
        0.24003743812000003,
        0.24617551412000002,
        0.24576618212,
        0.24617090712000003,
        0.24704106312000002,
        0.25570368711999997,
        0.24383416412000003
      ],
      "exit_codes": [
        0,
        0,
        0,
        0,
        0,
        0,
        0,
        0,
        0,
        0
      ]
    }
  ]
}