{
  "results": [
    {
      "command": "npm",
      "mean": 2.0449845835200002,
      "stddev": 0.09235051322623088,
      "median": 2.0126797510200003,
      "user": 2.04380862,
      "system": 0.78420978,
      "min": 1.99907128902,
      "max": 2.31948014002,
      "times": [
        2.0063507470200004,
        2.0121310450200003,
        2.31948014002,
        2.00247409802,
        2.0297787250200003,
        1.99907128902,
        2.00710470002,
        2.04304385602,
        2.01718277802,
        2.0132284570200003
      ],
      "exit_codes": [
        0,
        0,
        0,
        0,
        0,
        0,
        0,
        0,
        0,
        0
      ]
    },
    {
      "command": "yarn",
      "mean": 2.1458081458200002,
      "stddev": 0.10512092045725978,
      "median": 2.14563950302,
      "user": 1.1507715199999997,
      "system": 0.6350994799999998,
      "min": 1.98046788402,
      "max": 2.3082596790200003,
      "times": [
        2.17445899902,
        2.20234383402,
        1.98046788402,
        2.1938723710200003,
        2.10996414002,
        2.3082596790200003,
        1.9891960740199999,
        2.2904663970200003,
        2.0922320730200004,
        2.1168200070200003
      ],
      "exit_codes": [
        0,
        0,
        0,
        0,
        0,
        0,
        0,
        0,
        0,
        0
      ]
    },
    {
      "command": "berry",
      "mean": 1.52737506042,
      "stddev": 0.06924890849625204,
      "median": 1.50489954002,
      "user": 1.7197460199999999,
      "system": 0.46862217999999994,
      "min": 1.4643494800199999,
      "max": 1.69146738502,
      "times": [
        1.50117293702,
        1.47501399102,
        1.69146738502,
        1.48828689202,
        1.62734262002,
        1.51724812102,
        1.50862614302,
        1.49100066902,
        1.4643494800199999,
        1.50924236602
      ],
      "exit_codes": [
        0,
        0,
        0,
        0,
        0,
        0,
        0,
        0,
        0,
        0
      ]
    },
    {
      "command": "pnpm",
      "mean": 1.2360739861199999,
      "stddev": 0.02615504736843749,
      "median": 1.23445298402,
      "user": 1.6240651199999998,
      "system": 0.39068158,
      "min": 1.20112105002,
      "max": 1.30310857502,
      "times": [
        1.24536812602,
        1.21755950402,
        1.23395853502,
        1.20112105002,
        1.21153824502,
        1.23494743302,
        1.24380614202,
        1.2311407270199999,
        1.30310857502,
        1.23819152402
      ],
      "exit_codes": [
        0,
        0,
        0,
        0,
        0,
        0,
        0,
        0,
        0,
        0
      ]
    },
    {
      "command": "vlt",
      "mean": 0.61469598882,
      "stddev": 0.008576617478861381,
      "median": 0.61309237602,
      "user": 0.63477262,
      "system": 0.36621018000000005,
      "min": 0.60387265302,
      "max": 0.62900790202,
      "times": [
        0.60387265302,
        0.62631277302,
        0.60535747102,
        0.61232038902,
        0.62900790202,
        0.61438055002,
        0.62431054002,
        0.61210291702,
        0.61386436302,
        0.60543033002
      ],
      "exit_codes": [
        0,
        0,
        0,
        0,
        0,
        0,
        0,
        0,
        0,
        0
      ]
    },
    {
      "command": "bun",
      "mean": 0.03697915152,
      "stddev": 0.0006189922323198016,
      "median": 0.03684140552,
      "user": 0.00667922,
      "system": 0.03588318,
      "min": 0.03651735702,
      "max": 0.03876037802000001,
      "times": [
        0.03684955402,
        0.03662987702000001,
        0.03876037802000001,
        0.036709534020000004,
        0.036971133020000005,
        0.03651735702,
        0.03653955802,
        0.03683325702,
        0.036892547020000006,
        0.03708832002
      ],
      "exit_codes": [
        0,
        0,
        0,
        0,
        0,
        0,
        0,
        0,
        0,
        0
      ]
    },
    {
      "command": "deno",
      "mean": 0.24414359332000007,
      "stddev": 0.0016035187247141246,
      "median": 0.24397237602000002,
      "user": 0.26696371999999996,
      "system": 0.16523687999999997,
      "min": 0.24093892102000003,
      "max": 0.24770322202000003,
      "times": [
        0.24381006402000002,
        0.24428323702000002,
        0.24093892102000003,
        0.24354148602,
        0.24362801502,
        0.24520529902000002,
        0.24475913502000002,
        0.24343186602000003,
        0.24413468802000002,
        0.24770322202000003
      ],
      "exit_codes": [
        0,
        0,
        0,
        0,
        0,
        0,
        0,
        0,
        0,
        0
      ]
    }
  ]
}