{
  "results": [
    {
      "command": "npm",
      "mean": 0.32117452587999995,
      "stddev": 0.002812570478317657,
      "median": 0.32159762758,
      "user": 0.3419487,
      "system": 0.07055252000000001,
      "min": 0.31538393458,
      "max": 0.32465914358000003,
      "times": [
        0.32258347158,
        0.31910902158,
        0.32349647658,
        0.32294974958,
        0.32465914358000003,
        0.31538393458,
        0.31840249658,
        0.32024769658,
        0.32061178358000003,
        0.32430148458
      ],
      "exit_codes": [
        0,
        0,
        0,
        0,
        0,
        0,
        0,
        0,
        0,
        0
      ]
    },
    {
      "command": "yarn",
      "mean": 0.23028491357999997,
      "stddev": 0.003708576584251055,
      "median": 0.22924879607999998,
      "user": 0.20477439999999997,
      "system": 0.05016582000000001,
      "min": 0.22460541358,
      "max": 0.23963700058,
      "times": [
        0.22460541358,
        0.22803879758,
        0.22924506358,
        0.23237333358,
        0.22910147258,
        0.22891847758,
        0.22974699758,
        0.23963700058,
        0.22925252858,
        0.23193005058
      ],
      "exit_codes": [
        0,
        0,
        0,
        0,
        0,
        0,
        0,
        0,
        0,
        0
      ]
    },
    {
      "command": "berry",
      "mean": 2.07236514508,
      "stddev": 0.1972113711392692,
      "median": 2.02087120208,
      "user": 3.3208624,
      "system": 0.9065517199999998,
      "min": 1.9703982205800001,
      "max": 2.65905433558,
      "times": [
        1.9893508655800003,
        2.02468149658,
        2.65905433558,
        2.02610297158,
        2.0481663055799997,
        1.9703982205800001,
        2.03275514958,
        2.01706090758,
        1.9758998895800002,
        1.9801813085800002
      ],
      "exit_codes": [
        0,
        0,
        0,
        0,
        0,
        0,
        0,
        0,
        0,
        0
      ]
    },
    {
      "command": "pnpm",
      "mean": 0.64063006278,
      "stddev": 0.07287545312440694,
      "median": 0.61143300108,
      "user": 0.7043565,
      "system": 0.12958382,
      "min": 0.58080845158,
      "max": 0.83215651558,
      "times": [
        0.60429410858,
        0.83215651558,
        0.58080845158,
        0.6046038435800001,
        0.6201950605800001,
        0.63830284058,
        0.7143410115800001,
        0.59856793158,
        0.61826215858,
        0.5947687055800001
      ],
      "exit_codes": [
        0,
        0,
        0,
        0,
        0,
        0,
        0,
        0,
        0,
        0
      ]
    },
    {
      "command": "vlt",
      "mean": 4.123069982680001,
      "stddev": 0.44212947457529767,
      "median": 3.94791682508,
      "user": 3.3622449000000003,
      "system": 1.26547572,
      "min": 3.57927434958,
      "max": 4.92251194458,
      "times": [
        4.673541403580001,
        4.03054507958,
        3.57927434958,
        3.67504338658,
        3.84981832858,
        4.92251194458,
        3.86528857058,
        3.86070283258,
        4.10556422658,
        4.66840970458
      ],
      "exit_codes": [
        0,
        0,
        0,
        0,
        0,
        0,
        0,
        0,
        0,
        0
      ]
    },
    {
      "command": "bun",
      "mean": 0.005887003880000001,
      "stddev": 0.0002320599728251514,
      "median": 0.00579299808,
      "user": 0.0037874,
      "system": 0.00549112,
      "min": 0.0055321525800000005,
      "max": 0.00629107758,
      "times": [
        0.00578201858,
        0.00576433758,
        0.0055321525800000005,
        0.006082078580000001,
        0.00580397758,
        0.00570956058,
        0.00577720158,
        0.00625386758,
        0.00587376658,
        0.00629107758
      ],
      "exit_codes": [
        0,
        0,
        0,
        0,
        0,
        0,
        0,
        0,
        0,
        0
      ]
    },
    {
      "command": "deno",
      "mean": 0.03765298018000001,
      "stddev": 0.0005014144108697314,
      "median": 0.037526393080000005,
      "user": 0.020398400000000004,
      "system": 0.02123362,
      "min": 0.036866720580000005,
      "max": 0.038523757580000005,
      "times": [
        0.03798238258000001,
        0.038523757580000005,
        0.03745497458000001,
        0.037922484580000006,
        0.036866720580000005,
        0.037291895580000005,
        0.037106897580000006,
        0.03750184958,
        0.037550936580000006,
        0.03832790258
      ],
      "exit_codes": [
        0,
        0,
        0,
        0,
        0,
        0,
        0,
        0,
        0,
        0
      ]
    }
  ]
}