{
  "results": [
    {
      "command": "npm",
      "mean": 1.8899267609000003,
      "stddev": 0.04233798722423052,
      "median": 1.8783901986,
      "user": 1.95955644,
      "system": 0.6686874799999999,
      "min": 1.8646322741,
      "max": 2.0147170330999997,
      "times": [
        1.8706212091,
        1.8805803081,
        2.0147170330999997,
        1.8660223831,
        1.8646322741,
        1.8701984451,
        1.8907640441000002,
        1.8849515151000003,
        1.8780005591,
        1.8787798381
      ],
      "exit_codes": [
        0,
        0,
        0,
        0,
        0,
        0,
        0,
        0,
        0,
        0
      ]
    },
    {
      "command": "yarn",
      "mean": 3.2260887747,
      "stddev": 0.8249704146198895,
      "median": 2.9513820745999997,
      "user": 1.1530978399999998,
      "system": 0.6313876799999999,
      "min": 2.5144571490999996,
      "max": 5.1051190421,
      "times": [
        3.0585080921,
        2.5914755820999997,
        2.5144571490999996,
        2.6082505331,
        5.1051190421,
        4.4421297491,
        2.8442560571,
        3.0849943080999997,
        2.6783007021,
        3.3333965320999996
      ],
      "exit_codes": [
        0,
        0,
        0,
        0,
        0,
        0,
        0,
        0,
        0,
        0
      ]
    },
    {
      "command": "berry",
      "mean": 1.8025416200000002,
      "stddev": 0.033096292760622106,
      "median": 1.8080440006,
      "user": 1.7341870399999997,
      "system": 0.4602418799999999,
      "min": 1.7438815131,
      "max": 1.8442129211000002,
      "times": [
        1.8361319831000003,
        1.8091000511,
        1.8351234711,
        1.7491662701000001,
        1.7438815131,
        1.8055738161000001,
        1.8442129211000002,
        1.8069879501000001,
        1.8151816251000001,
        1.7800565991000001
      ],
      "exit_codes": [
        0,
        0,
        0,
        0,
        0,
        0,
        0,
        0,
        0,
        0
      ]
    },
    {
      "command": "pnpm",
      "mean": 1.4433180874000002,
      "stddev": 0.11495873966297511,
      "median": 1.4116357906,
      "user": 1.6779823399999998,
      "system": 0.40523318,
      "min": 1.3232265911,
      "max": 1.6753027871000001,
      "times": [
        1.4565475401,
        1.4205429211,
        1.3232265911,
        1.4027286601,
        1.3434884471000001,
        1.6381572231000001,
        1.6753027871000001,
        1.3383937611,
        1.3919622311000002,
        1.4428307121000001
      ],
      "exit_codes": [
        0,
        0,
        0,
        0,
        0,
        0,
        0,
        0,
        0,
        0
      ]
    },
    {
      "command": "vlt",
      "mean": 2.7844453379000003,
      "stddev": 0.017085323080050962,
      "median": 2.7844534981,
      "user": 2.65184674,
      "system": 1.38739268,
      "min": 2.7596763860999998,
      "max": 2.8194655951,
      "times": [
        2.7752652031,
        2.7860138571,
        2.7596763860999998,
        2.7887907871,
        2.8016473080999997,
        2.7828931391,
        2.7599055381,
        2.8194655951,
        2.7913648601,
        2.7794307051
      ],
      "exit_codes": [
        0,
        0,
        0,
        0,
        0,
        0,
        0,
        0,
        0,
        0
      ]
    },
    {
      "command": "bun",
      "mean": 0.07180528170000001,
      "stddev": 0.0010540269654950188,
      "median": 0.0715096426,
      "user": 0.029273139999999996,
      "system": 0.050581379999999995,
      "min": 0.07108047910000001,
      "max": 0.0749353301,
      "times": [
        0.0714705221,
        0.07108047910000001,
        0.07150106210000001,
        0.0713805021,
        0.0716446681,
        0.0715685561,
        0.0749353301,
        0.0715182231,
        0.0715816511,
        0.07137182310000001
      ],
      "exit_codes": [
        0,
        0,
        0,
        0,
        0,
        0,
        0,
        0,
        0,
        0
      ]
    },
    {
      "command": "deno",
      "mean": 0.21687992790000005,
      "stddev": 0.002517253366547467,
      "median": 0.2166833216,
      "user": 0.21305804,
      "system": 0.15588048,
      "min": 0.2110646411,
      "max": 0.2204298231,
      "times": [
        0.2183046121,
        0.2165583791,
        0.2168082641,
        0.2182905211,
        0.2204298231,
        0.2158218621,
        0.2110646411,
        0.2160908681,
        0.2199152651,
        0.2155150431
      ],
      "exit_codes": [
        0,
        0,
        0,
        0,
        0,
        0,
        0,
        0,
        0,
        0
      ]
    }
  ]
}