{
  "results": [
    {
      "command": "npm",
      "mean": 3.8150199541800007,
      "stddev": 0.06328432694205056,
      "median": 3.8064665187799998,
      "user": 4.22042124,
      "system": 1.6191594599999999,
      "min": 3.7342769047799997,
      "max": 3.93576951778,
      "times": [
        3.93576951778,
        3.88535176178,
        3.87659818578,
        3.8268425487799997,
        3.79098893278,
        3.74897370378,
        3.82194410478,
        3.76121750478,
        3.76823637678,
        3.7342769047799997
      ],
      "exit_codes": [
        0,
        0,
        0,
        0,
        0,
        0,
        0,
        0,
        0,
        0
      ]
    },
    {
      "command": "yarn",
      "mean": 9.750953727279999,
      "stddev": 0.1449345104360717,
      "median": 9.77070400178,
      "user": 14.30488704,
      "system": 4.91252896,
      "min": 9.457926690779999,
      "max": 9.96113254778,
      "times": [
        9.53385878378,
        9.77196023978,
        9.769447763779999,
        9.73794104978,
        9.457926690779999,
        9.72989285678,
        9.84311873678,
        9.88767049078,
        9.96113254778,
        9.81658811278
      ],
      "exit_codes": [
        0,
        0,
        0,
        0,
        0,
        0,
        0,
        0,
        0,
        0
      ]
    },
    {
      "command": "berry",
      "mean": 3.5018411431799996,
      "stddev": 0.05819434873120564,
      "median": 3.5203725057799997,
      "user": 6.30455304,
      "system": 1.5827633599999997,
      "min": 3.39070526578,
      "max": 3.56956434478,
      "times": [
        3.49796504478,
        3.4568243017799998,
        3.5611689527799997,
        3.56956434478,
        3.52522335278,
        3.5540665047799997,
        3.39070526578,
        3.5299002417799996,
        3.4174717637799996,
        3.5155216587799996
      ],
      "exit_codes": [
        0,
        0,
        0,
        0,
        0,
        0,
        0,
        0,
        0,
        0
      ]
    },
    {
      "command": "zpm",
      "mean": 1.23525066808,
      "stddev": 0.03220176624777511,
      "median": 1.24274863178,
      "user": 0.83409534,
      "system": 0.65388816,
      "min": 1.17397834678,
      "max": 1.27425217878,
      "times": [
        1.25867144078,
        1.25405127878,
        1.23368512378,
        1.17799077778,
        1.24330432878,
        1.17397834678,
        1.26320298178,
        1.23117728878,
        1.24219293478,
        1.27425217878
      ],
      "exit_codes": [
        0,
        0,
        0,
        0,
        0,
        0,
        0,
        0,
        0,
        0
      ]
    },
    {
      "command": "pnpm",
      "mean": 2.1321562004799994,
      "stddev": 0.019268275196939053,
      "median": 2.13425734928,
      "user": 3.4956574399999996,
      "system": 0.93658276,
      "min": 2.1018674487799998,
      "max": 2.15607707678,
      "times": [
        2.13012465478,
        2.15607707678,
        2.1553652077799996,
        2.1532885237799997,
        2.1018674487799998,
        2.12957521478,
        2.1078713197799996,
        2.10898975878,
        2.14001275578,
        2.13839004378
      ],
      "exit_codes": [
        0,
        0,
        0,
        0,
        0,
        0,
        0,
        0,
        0,
        0
      ]
    },
    {
      "command": "vlt",
      "mean": 2.14396715968,
      "stddev": 0.042304168673818185,
      "median": 2.16049070378,
      "user": 2.86305874,
      "system": 1.0278828599999998,
      "min": 2.03485955778,
      "max": 2.1811159777799998,
      "times": [
        2.17123464078,
        2.1275459177799996,
        2.1804656157799998,
        2.17163054678,
        2.1137808257799997,
        2.1626298507799997,
        2.1811159777799998,
        2.15835155678,
        2.13805710678,
        2.03485955778
      ],
      "exit_codes": [
        0,
        0,
        0,
        0,
        0,
        0,
        0,
        0,
        0,
        0
      ]
    },
    {
      "command": "bun",
      "mean": 0.41659834348000013,
      "stddev": 0.011433624339659169,
      "median": 0.41522599128000004,
      "user": 0.4707839399999999,
      "system": 0.5339493599999998,
      "min": 0.39591900478000003,
      "max": 0.43734975678000004,
      "times": [
        0.41170204378,
        0.40757011278000005,
        0.41616229378,
        0.43734975678000004,
        0.41428968878000005,
        0.42302715578000005,
        0.39591900478000003,
        0.43035362278000006,
        0.40769684178000004,
        0.42191291378000007
      ],
      "exit_codes": [
        0,
        0,
        0,
        0,
        0,
        0,
        0,
        0,
        0,
        0
      ]
    },
    {
      "command": "deno",
      "mean": 3.47654999208,
      "stddev": 0.11865251156252156,
      "median": 3.4863493512799995,
      "user": 1.59352264,
      "system": 0.7471664599999999,
      "min": 3.19565368378,
      "max": 3.66136732878,
      "times": [
        3.6152544077799997,
        3.4875280847799996,
        3.66136732878,
        3.49239692378,
        3.5107271667799997,
        3.45341828778,
        3.39760354978,
        3.4851706177799997,
        3.19565368378,
        3.46637986978
      ],
      "exit_codes": [
        0,
        0,
        0,
        0,
        0,
        0,
        0,
        0,
        0,
        0
      ]
    }
  ]
}