npm warn using --force Recommended protections disabled.
npm http fetch GET 200 https://vlt-451504312483.d.codeartifact.us-east-1.amazonaws.com/npm/code-artifact-benchmark-test/animate.less 5275ms (cache miss)
npm http fetch GET 200 https://vlt-451504312483.d.codeartifact.us-east-1.amazonaws.com/npm/code-artifact-benchmark-test/autoprefixer 391ms (cache miss)
npm http fetch GET 200 https://vlt-451504312483.d.codeartifact.us-east-1.amazonaws.com/npm/code-artifact-benchmark-test/postcss 261ms (cache miss)
npm http fetch GET 200 https://vlt-451504312483.d.codeartifact.us-east-1.amazonaws.com/npm/code-artifact-benchmark-test/babel-core 226ms (cache miss)
npm http fetch GET 200 https://vlt-451504312483.d.codeartifact.us-east-1.amazonaws.com/npm/code-artifact-benchmark-test/babel-eslint 191ms (cache miss)
npm http fetch GET 200 https://vlt-451504312483.d.codeartifact.us-east-1.amazonaws.com/npm/code-artifact-benchmark-test/eslint 300ms (cache miss)
npm http fetch GET 200 https://vlt-451504312483.d.codeartifact.us-east-1.amazonaws.com/npm/code-artifact-benchmark-test/babel-loader 193ms (cache miss)
npm http fetch GET 200 https://vlt-451504312483.d.codeartifact.us-east-1.amazonaws.com/npm/code-artifact-benchmark-test/@babel%2fcore 198ms (cache miss)
npm http fetch GET 200 https://vlt-451504312483.d.codeartifact.us-east-1.amazonaws.com/npm/code-artifact-benchmark-test/webpack 501ms (cache miss)
npm http fetch GET 200 https://vlt-451504312483.d.codeartifact.us-east-1.amazonaws.com/npm/code-artifact-benchmark-test/babel-plugin-lodash 206ms (cache miss)
npm http fetch GET 200 https://vlt-451504312483.d.codeartifact.us-east-1.amazonaws.com/npm/code-artifact-benchmark-test/babel-plugin-module-resolver 242ms (cache miss)
npm http fetch GET 200 https://vlt-451504312483.d.codeartifact.us-east-1.amazonaws.com/npm/code-artifact-benchmark-test/babel-plugin-transform-decorators-legacy 157ms (cache miss)
npm http fetch GET 200 https://vlt-451504312483.d.codeartifact.us-east-1.amazonaws.com/npm/code-artifact-benchmark-test/babel-plugin-transform-runtime 206ms (cache miss)
npm http fetch GET 200 https://vlt-451504312483.d.codeartifact.us-east-1.amazonaws.com/npm/code-artifact-benchmark-test/babel-polyfill 165ms (cache miss)
npm http fetch GET 200 https://vlt-451504312483.d.codeartifact.us-east-1.amazonaws.com/npm/code-artifact-benchmark-test/babel-preset-es2015 190ms (cache miss)
npm http fetch GET 200 https://vlt-451504312483.d.codeartifact.us-east-1.amazonaws.com/npm/code-artifact-benchmark-test/babel-preset-react 138ms (cache miss)
npm http fetch GET 200 https://vlt-451504312483.d.codeartifact.us-east-1.amazonaws.com/npm/code-artifact-benchmark-test/babel-preset-react-hmre 208ms (cache miss)
npm http fetch GET 200 https://vlt-451504312483.d.codeartifact.us-east-1.amazonaws.com/npm/code-artifact-benchmark-test/babel-preset-stage-1 176ms (cache miss)
npm http fetch GET 200 https://vlt-451504312483.d.codeartifact.us-east-1.amazonaws.com/npm/code-artifact-benchmark-test/babel-runtime 169ms (cache miss)
npm http fetch GET 200 https://vlt-451504312483.d.codeartifact.us-east-1.amazonaws.com/npm/code-artifact-benchmark-test/clean-webpack-plugin 161ms (cache miss)
npm http fetch GET 200 https://vlt-451504312483.d.codeartifact.us-east-1.amazonaws.com/npm/code-artifact-benchmark-test/webpack 516ms (cache updated)
npm http fetch GET 200 https://vlt-451504312483.d.codeartifact.us-east-1.amazonaws.com/npm/code-artifact-benchmark-test/core-decorators 204ms (cache miss)
npm http fetch GET 200 https://vlt-451504312483.d.codeartifact.us-east-1.amazonaws.com/npm/code-artifact-benchmark-test/css-loader 185ms (cache miss)
npm http fetch GET 200 https://vlt-451504312483.d.codeartifact.us-east-1.amazonaws.com/npm/code-artifact-benchmark-test/css-mqpacker 197ms (cache miss)
npm http fetch GET 200 https://vlt-451504312483.d.codeartifact.us-east-1.amazonaws.com/npm/code-artifact-benchmark-test/cssnano 189ms (cache miss)
npm http fetch GET 200 https://vlt-451504312483.d.codeartifact.us-east-1.amazonaws.com/npm/code-artifact-benchmark-test/postcss 207ms (cache updated)
npm http fetch GET 200 https://vlt-451504312483.d.codeartifact.us-east-1.amazonaws.com/npm/code-artifact-benchmark-test/custom-event-polyfill 211ms (cache miss)
npm http fetch GET 200 https://vlt-451504312483.d.codeartifact.us-east-1.amazonaws.com/npm/code-artifact-benchmark-test/draft-js 193ms (cache miss)
npm http fetch GET 200 https://vlt-451504312483.d.codeartifact.us-east-1.amazonaws.com/npm/code-artifact-benchmark-test/react 710ms (cache miss)
npm http fetch GET 200 https://vlt-451504312483.d.codeartifact.us-east-1.amazonaws.com/npm/code-artifact-benchmark-test/react-dom 900ms (cache miss)
npm http fetch GET 200 https://vlt-451504312483.d.codeartifact.us-east-1.amazonaws.com/npm/code-artifact-benchmark-test/ejs 165ms (cache miss)
npm http fetch GET 200 https://vlt-451504312483.d.codeartifact.us-east-1.amazonaws.com/npm/code-artifact-benchmark-test/eslint-config-airbnb 183ms (cache miss)
npm http fetch GET 200 https://vlt-451504312483.d.codeartifact.us-east-1.amazonaws.com/npm/code-artifact-benchmark-test/eslint-plugin-import 196ms (cache miss)
npm http fetch GET 200 https://vlt-451504312483.d.codeartifact.us-east-1.amazonaws.com/npm/code-artifact-benchmark-test/eslint-plugin-jsx-a11y 180ms (cache miss)
npm http fetch GET 200 https://vlt-451504312483.d.codeartifact.us-east-1.amazonaws.com/npm/code-artifact-benchmark-test/eslint-plugin-react 233ms (cache miss)
npm http fetch GET 200 https://vlt-451504312483.d.codeartifact.us-east-1.amazonaws.com/npm/code-artifact-benchmark-test/eslint-plugin-react-hooks 812ms (cache miss)
npm http fetch GET 200 https://vlt-451504312483.d.codeartifact.us-east-1.amazonaws.com/npm/code-artifact-benchmark-test/eslint-import-resolver-webpack 201ms (cache miss)
npm http fetch GET 200 https://vlt-451504312483.d.codeartifact.us-east-1.amazonaws.com/npm/code-artifact-benchmark-test/webpack 436ms (cache updated)
npm http fetch GET 200 https://vlt-451504312483.d.codeartifact.us-east-1.amazonaws.com/npm/code-artifact-benchmark-test/express 254ms (cache miss)
npm http fetch GET 200 https://vlt-451504312483.d.codeartifact.us-east-1.amazonaws.com/npm/code-artifact-benchmark-test/express-http-proxy 190ms (cache miss)
npm http fetch GET 200 https://vlt-451504312483.d.codeartifact.us-east-1.amazonaws.com/npm/code-artifact-benchmark-test/font-awesome 172ms (cache miss)
npm http fetch GET 200 https://vlt-451504312483.d.codeartifact.us-east-1.amazonaws.com/npm/code-artifact-benchmark-test/fready 171ms (cache miss)
npm http fetch GET 200 https://vlt-451504312483.d.codeartifact.us-east-1.amazonaws.com/npm/code-artifact-benchmark-test/glob 191ms (cache miss)
npm http fetch GET 200 https://vlt-451504312483.d.codeartifact.us-east-1.amazonaws.com/npm/code-artifact-benchmark-test/gulp 222ms (cache miss)
npm http fetch GET 200 https://vlt-451504312483.d.codeartifact.us-east-1.amazonaws.com/npm/code-artifact-benchmark-test/gulp-concat 222ms (cache miss)
npm http fetch GET 200 https://vlt-451504312483.d.codeartifact.us-east-1.amazonaws.com/npm/code-artifact-benchmark-test/gulp-csslint 253ms (cache miss)
npm http fetch GET 200 https://vlt-451504312483.d.codeartifact.us-east-1.amazonaws.com/npm/code-artifact-benchmark-test/gulp-cssnano 146ms (cache miss)
npm http fetch GET 200 https://vlt-451504312483.d.codeartifact.us-east-1.amazonaws.com/npm/code-artifact-benchmark-test/gulp-eol 139ms (cache miss)
npm http fetch GET 200 https://vlt-451504312483.d.codeartifact.us-east-1.amazonaws.com/npm/code-artifact-benchmark-test/gulp-less 191ms (cache miss)
npm http fetch GET 200 https://vlt-451504312483.d.codeartifact.us-east-1.amazonaws.com/npm/code-artifact-benchmark-test/gulp-livereload 172ms (cache miss)
npm http fetch GET 200 https://vlt-451504312483.d.codeartifact.us-east-1.amazonaws.com/npm/code-artifact-benchmark-test/gulp-minify-css 202ms (cache miss)
npm http fetch GET 200 https://vlt-451504312483.d.codeartifact.us-east-1.amazonaws.com/npm/code-artifact-benchmark-test/gulp-postcss 174ms (cache miss)
npm http fetch GET 200 https://vlt-451504312483.d.codeartifact.us-east-1.amazonaws.com/npm/code-artifact-benchmark-test/postcss 243ms (cache updated)
npm http fetch GET 200 https://vlt-451504312483.d.codeartifact.us-east-1.amazonaws.com/npm/code-artifact-benchmark-test/gulp-rename 203ms (cache miss)
npm http fetch GET 200 https://vlt-451504312483.d.codeartifact.us-east-1.amazonaws.com/npm/code-artifact-benchmark-test/gulp-util 174ms (cache miss)
npm http fetch GET 200 https://vlt-451504312483.d.codeartifact.us-east-1.amazonaws.com/npm/code-artifact-benchmark-test/happypack 183ms (cache miss)
npm http fetch GET 200 https://vlt-451504312483.d.codeartifact.us-east-1.amazonaws.com/npm/code-artifact-benchmark-test/highcharts 168ms (cache miss)
npm http fetch GET 200 https://vlt-451504312483.d.codeartifact.us-east-1.amazonaws.com/npm/code-artifact-benchmark-test/highcharts-solid-gauge 163ms (cache miss)
npm http fetch GET 200 https://vlt-451504312483.d.codeartifact.us-east-1.amazonaws.com/npm/code-artifact-benchmark-test/history 178ms (cache miss)
npm http fetch GET 200 https://vlt-451504312483.d.codeartifact.us-east-1.amazonaws.com/npm/code-artifact-benchmark-test/howler 162ms (cache miss)
npm http fetch GET 200 https://vlt-451504312483.d.codeartifact.us-east-1.amazonaws.com/npm/code-artifact-benchmark-test/imports-loader 156ms (cache miss)
npm http fetch GET 200 https://vlt-451504312483.d.codeartifact.us-east-1.amazonaws.com/npm/code-artifact-benchmark-test/webpack 526ms (cache updated)
npm http fetch GET 200 https://vlt-451504312483.d.codeartifact.us-east-1.amazonaws.com/npm/code-artifact-benchmark-test/jquery 176ms (cache miss)
npm http fetch GET 200 https://vlt-451504312483.d.codeartifact.us-east-1.amazonaws.com/npm/code-artifact-benchmark-test/jquery-ui 163ms (cache miss)
npm http fetch GET 200 https://vlt-451504312483.d.codeartifact.us-east-1.amazonaws.com/npm/code-artifact-benchmark-test/js-cookie 186ms (cache miss)
npm http fetch GET 200 https://vlt-451504312483.d.codeartifact.us-east-1.amazonaws.com/npm/code-artifact-benchmark-test/json-loader 164ms (cache miss)
npm http fetch GET 200 https://vlt-451504312483.d.codeartifact.us-east-1.amazonaws.com/npm/code-artifact-benchmark-test/leftpad 172ms (cache miss)
npm http fetch GET 200 https://vlt-451504312483.d.codeartifact.us-east-1.amazonaws.com/npm/code-artifact-benchmark-test/less 214ms (cache miss)
npm http fetch GET 200 https://vlt-451504312483.d.codeartifact.us-east-1.amazonaws.com/npm/code-artifact-benchmark-test/lesshat 160ms (cache miss)
npm http fetch GET 200 https://vlt-451504312483.d.codeartifact.us-east-1.amazonaws.com/npm/code-artifact-benchmark-test/lodash 245ms (cache miss)
npm http fetch GET 200 https://vlt-451504312483.d.codeartifact.us-east-1.amazonaws.com/npm/code-artifact-benchmark-test/medium-draft 156ms (cache miss)
npm http fetch GET 200 https://vlt-451504312483.d.codeartifact.us-east-1.amazonaws.com/npm/code-artifact-benchmark-test/draft-convert 292ms (cache miss)
npm http fetch GET 200 https://vlt-451504312483.d.codeartifact.us-east-1.amazonaws.com/npm/code-artifact-benchmark-test/prop-types 154ms (cache miss)
npm http fetch GET 200 https://vlt-451504312483.d.codeartifact.us-east-1.amazonaws.com/npm/code-artifact-benchmark-test/react 714ms (cache updated)
npm http fetch GET 200 https://vlt-451504312483.d.codeartifact.us-east-1.amazonaws.com/npm/code-artifact-benchmark-test/react-dom 875ms (cache updated)
npm http fetch GET 200 https://vlt-451504312483.d.codeartifact.us-east-1.amazonaws.com/npm/code-artifact-benchmark-test/mobx 274ms (cache miss)
npm http fetch GET 200 https://vlt-451504312483.d.codeartifact.us-east-1.amazonaws.com/npm/code-artifact-benchmark-test/mobx-react 199ms (cache miss)
npm http fetch GET 200 https://vlt-451504312483.d.codeartifact.us-east-1.amazonaws.com/npm/code-artifact-benchmark-test/moment 173ms (cache miss)
npm http fetch GET 200 https://vlt-451504312483.d.codeartifact.us-east-1.amazonaws.com/npm/code-artifact-benchmark-test/moment-range 176ms (cache miss)
npm http fetch GET 200 https://vlt-451504312483.d.codeartifact.us-east-1.amazonaws.com/npm/code-artifact-benchmark-test/moment-timezone 165ms (cache miss)
npm http fetch GET 200 https://vlt-451504312483.d.codeartifact.us-east-1.amazonaws.com/npm/code-artifact-benchmark-test/password-policy 152ms (cache miss)
npm http fetch GET 200 https://vlt-451504312483.d.codeartifact.us-east-1.amazonaws.com/npm/code-artifact-benchmark-test/postcss-reporter 166ms (cache miss)
npm http fetch GET 200 https://vlt-451504312483.d.codeartifact.us-east-1.amazonaws.com/npm/code-artifact-benchmark-test/progress 165ms (cache miss)
npm http fetch GET 200 https://vlt-451504312483.d.codeartifact.us-east-1.amazonaws.com/npm/code-artifact-benchmark-test/qs 167ms (cache miss)
npm http fetch GET 200 https://vlt-451504312483.d.codeartifact.us-east-1.amazonaws.com/npm/code-artifact-benchmark-test/raw-loader 165ms (cache miss)
npm http fetch GET 200 https://vlt-451504312483.d.codeartifact.us-east-1.amazonaws.com/npm/code-artifact-benchmark-test/webpack 488ms (cache updated)
npm http fetch GET 200 https://vlt-451504312483.d.codeartifact.us-east-1.amazonaws.com/npm/code-artifact-benchmark-test/rc-slider 269ms (cache miss)
npm http fetch GET 200 https://vlt-451504312483.d.codeartifact.us-east-1.amazonaws.com/npm/code-artifact-benchmark-test/react-addons-css-transition-group 153ms (cache miss)
npm http fetch GET 200 https://vlt-451504312483.d.codeartifact.us-east-1.amazonaws.com/npm/code-artifact-benchmark-test/react 712ms (cache updated)
npm http fetch GET 200 https://vlt-451504312483.d.codeartifact.us-east-1.amazonaws.com/npm/code-artifact-benchmark-test/react-addons-shallow-compare 180ms (cache miss)
npm http fetch GET 200 https://vlt-451504312483.d.codeartifact.us-east-1.amazonaws.com/npm/code-artifact-benchmark-test/react-dnd 195ms (cache miss)
npm http fetch GET 200 https://vlt-451504312483.d.codeartifact.us-east-1.amazonaws.com/npm/code-artifact-benchmark-test/react-dnd-html5-backend 194ms (cache miss)
npm http fetch GET 200 https://vlt-451504312483.d.codeartifact.us-east-1.amazonaws.com/npm/code-artifact-benchmark-test/react-draft-wysiwyg 241ms (cache miss)
npm http fetch GET 200 https://vlt-451504312483.d.codeartifact.us-east-1.amazonaws.com/npm/code-artifact-benchmark-test/immutable 184ms (cache miss)
npm http fetch GET 200 https://vlt-451504312483.d.codeartifact.us-east-1.amazonaws.com/npm/code-artifact-benchmark-test/react-dropzone 241ms (cache miss)
npm http fetch GET 200 https://vlt-451504312483.d.codeartifact.us-east-1.amazonaws.com/npm/code-artifact-benchmark-test/react-grid-layout 246ms (cache miss)
npm http fetch GET 200 https://vlt-451504312483.d.codeartifact.us-east-1.amazonaws.com/npm/code-artifact-benchmark-test/react-highcharts 222ms (cache miss)
npm http fetch GET 200 https://vlt-451504312483.d.codeartifact.us-east-1.amazonaws.com/npm/code-artifact-benchmark-test/react 699ms (cache updated)
npm http fetch GET 200 https://vlt-451504312483.d.codeartifact.us-east-1.amazonaws.com/npm/code-artifact-benchmark-test/react-dom 858ms (cache updated)
npm http fetch GET 200 https://vlt-451504312483.d.codeartifact.us-east-1.amazonaws.com/npm/code-artifact-benchmark-test/react-hot-loader 226ms (cache miss)
npm http fetch GET 200 https://vlt-451504312483.d.codeartifact.us-east-1.amazonaws.com/npm/code-artifact-benchmark-test/react 683ms (cache updated)
npm http fetch GET 200 https://vlt-451504312483.d.codeartifact.us-east-1.amazonaws.com/npm/code-artifact-benchmark-test/react-dom 879ms (cache updated)
npm http fetch GET 200 https://vlt-451504312483.d.codeartifact.us-east-1.amazonaws.com/npm/code-artifact-benchmark-test/react-input-calendar 291ms (cache miss)
npm http fetch GET 200 https://vlt-451504312483.d.codeartifact.us-east-1.amazonaws.com/npm/code-artifact-benchmark-test/moment-range 158ms (cache updated)
npm http fetch GET 200 https://vlt-451504312483.d.codeartifact.us-east-1.amazonaws.com/npm/code-artifact-benchmark-test/prop-types 149ms (cache updated)
npm http fetch GET 200 https://vlt-451504312483.d.codeartifact.us-east-1.amazonaws.com/npm/code-artifact-benchmark-test/react 726ms (cache updated)
npm http fetch GET 200 https://vlt-451504312483.d.codeartifact.us-east-1.amazonaws.com/npm/code-artifact-benchmark-test/react-lazyload 259ms (cache miss)
npm http fetch GET 200 https://vlt-451504312483.d.codeartifact.us-east-1.amazonaws.com/npm/code-artifact-benchmark-test/react-measure 181ms (cache miss)
npm http fetch GET 200 https://vlt-451504312483.d.codeartifact.us-east-1.amazonaws.com/npm/code-artifact-benchmark-test/react-mixin 187ms (cache miss)
npm http fetch GET 200 https://vlt-451504312483.d.codeartifact.us-east-1.amazonaws.com/npm/code-artifact-benchmark-test/react-responsive 173ms (cache miss)
npm http fetch GET 200 https://vlt-451504312483.d.codeartifact.us-east-1.amazonaws.com/npm/code-artifact-benchmark-test/react-responsive-tabs 223ms (cache miss)
npm http fetch GET 200 https://vlt-451504312483.d.codeartifact.us-east-1.amazonaws.com/npm/code-artifact-benchmark-test/react 708ms (cache updated)
npm http fetch GET 200 https://vlt-451504312483.d.codeartifact.us-east-1.amazonaws.com/npm/code-artifact-benchmark-test/react-dom 886ms (cache updated)
npm http fetch GET 200 https://vlt-451504312483.d.codeartifact.us-east-1.amazonaws.com/npm/code-artifact-benchmark-test/react-router 470ms (cache miss)
npm http fetch GET 200 https://vlt-451504312483.d.codeartifact.us-east-1.amazonaws.com/npm/code-artifact-benchmark-test/react-router-dom 400ms (cache miss)
npm http fetch GET 200 https://vlt-451504312483.d.codeartifact.us-east-1.amazonaws.com/npm/code-artifact-benchmark-test/react-select-plus 191ms (cache miss)
npm http fetch GET 200 https://vlt-451504312483.d.codeartifact.us-east-1.amazonaws.com/npm/code-artifact-benchmark-test/react 766ms (cache updated)
npm http fetch GET 200 https://vlt-451504312483.d.codeartifact.us-east-1.amazonaws.com/npm/code-artifact-benchmark-test/react-dom 938ms (cache updated)
npm http fetch GET 200 https://vlt-451504312483.d.codeartifact.us-east-1.amazonaws.com/npm/code-artifact-benchmark-test/react-skylight 222ms (cache miss)
npm http fetch GET 200 https://vlt-451504312483.d.codeartifact.us-east-1.amazonaws.com/npm/code-artifact-benchmark-test/react 763ms (cache updated)
npm http fetch GET 200 https://vlt-451504312483.d.codeartifact.us-east-1.amazonaws.com/npm/code-artifact-benchmark-test/react-sortablejs 192ms (cache miss)
npm http fetch GET 200 https://vlt-451504312483.d.codeartifact.us-east-1.amazonaws.com/npm/code-artifact-benchmark-test/@types%2fsortablejs 194ms (cache miss)
npm http fetch GET 200 https://vlt-451504312483.d.codeartifact.us-east-1.amazonaws.com/npm/code-artifact-benchmark-test/sortablejs 210ms (cache miss)
npm http fetch GET 200 https://vlt-451504312483.d.codeartifact.us-east-1.amazonaws.com/npm/code-artifact-benchmark-test/react-tappable 167ms (cache miss)
npm http fetch GET 200 https://vlt-451504312483.d.codeartifact.us-east-1.amazonaws.com/npm/code-artifact-benchmark-test/create-react-class 180ms (cache miss)
npm http fetch GET 200 https://vlt-451504312483.d.codeartifact.us-east-1.amazonaws.com/npm/code-artifact-benchmark-test/prop-types 157ms (cache updated)
npm http fetch GET 200 https://vlt-451504312483.d.codeartifact.us-east-1.amazonaws.com/npm/code-artifact-benchmark-test/react 681ms (cache updated)
npm http fetch GET 200 https://vlt-451504312483.d.codeartifact.us-east-1.amazonaws.com/npm/code-artifact-benchmark-test/react-dom 884ms (cache updated)
npm http fetch GET 200 https://vlt-451504312483.d.codeartifact.us-east-1.amazonaws.com/npm/code-artifact-benchmark-test/react-tooltip 293ms (cache miss)
npm http fetch GET 200 https://vlt-451504312483.d.codeartifact.us-east-1.amazonaws.com/npm/code-artifact-benchmark-test/react-virtualized 266ms (cache miss)
npm http fetch GET 200 https://vlt-451504312483.d.codeartifact.us-east-1.amazonaws.com/npm/code-artifact-benchmark-test/react-waypoint 247ms (cache miss)
npm http fetch GET 200 https://vlt-451504312483.d.codeartifact.us-east-1.amazonaws.com/npm/code-artifact-benchmark-test/style-loader 174ms (cache miss)
npm http fetch GET 200 https://vlt-451504312483.d.codeartifact.us-east-1.amazonaws.com/npm/code-artifact-benchmark-test/stylelint 262ms (cache miss)
npm http fetch GET 200 https://vlt-451504312483.d.codeartifact.us-east-1.amazonaws.com/npm/code-artifact-benchmark-test/superagent 237ms (cache miss)
npm http fetch GET 200 https://vlt-451504312483.d.codeartifact.us-east-1.amazonaws.com/npm/code-artifact-benchmark-test/uglify-js 237ms (cache miss)
npm http fetch GET 200 https://vlt-451504312483.d.codeartifact.us-east-1.amazonaws.com/npm/code-artifact-benchmark-test/uuid 177ms (cache miss)
npm http fetch GET 200 https://vlt-451504312483.d.codeartifact.us-east-1.amazonaws.com/npm/code-artifact-benchmark-test/verge 170ms (cache miss)
npm http fetch GET 200 https://vlt-451504312483.d.codeartifact.us-east-1.amazonaws.com/npm/code-artifact-benchmark-test/webpack-bundle-analyzer 227ms (cache miss)
npm http fetch GET 200 https://vlt-451504312483.d.codeartifact.us-east-1.amazonaws.com/npm/code-artifact-benchmark-test/webpack-hot-middleware 164ms (cache miss)
npm http fetch GET 200 https://vlt-451504312483.d.codeartifact.us-east-1.amazonaws.com/npm/code-artifact-benchmark-test/webpack-notifier 194ms (cache miss)
npm http fetch GET 200 https://vlt-451504312483.d.codeartifact.us-east-1.amazonaws.com/npm/code-artifact-benchmark-test/webpack-split-by-path 230ms (cache miss)
npm http fetch GET 200 https://vlt-451504312483.d.codeartifact.us-east-1.amazonaws.com/npm/code-artifact-benchmark-test/whatwg-fetch 190ms (cache miss)
npm http fetch GET 200 https://vlt-451504312483.d.codeartifact.us-east-1.amazonaws.com/npm/code-artifact-benchmark-test/nan-as 156ms (cache miss)
npm http fetch GET 200 https://vlt-451504312483.d.codeartifact.us-east-1.amazonaws.com/npm/code-artifact-benchmark-test/picocolors 152ms (cache miss)
npm http fetch GET 200 https://vlt-451504312483.d.codeartifact.us-east-1.amazonaws.com/npm/code-artifact-benchmark-test/fraction.js 406ms (cache miss)
npm http fetch GET 200 https://vlt-451504312483.d.codeartifact.us-east-1.amazonaws.com/npm/code-artifact-benchmark-test/browserslist 471ms (cache miss)
npm http fetch GET 200 https://vlt-451504312483.d.codeartifact.us-east-1.amazonaws.com/npm/code-artifact-benchmark-test/caniuse-lite 337ms (cache miss)
npm http fetch GET 200 https://vlt-451504312483.d.codeartifact.us-east-1.amazonaws.com/npm/code-artifact-benchmark-test/postcss-value-parser 142ms (cache miss)
npm http fetch GET 200 https://vlt-451504312483.d.codeartifact.us-east-1.amazonaws.com/npm/code-artifact-benchmark-test/source-map-js 167ms (cache miss)
npm http fetch GET 200 https://vlt-451504312483.d.codeartifact.us-east-1.amazonaws.com/npm/code-artifact-benchmark-test/nanoid 193ms (cache miss)
npm http fetch GET 200 https://vlt-451504312483.d.codeartifact.us-east-1.amazonaws.com/npm/code-artifact-benchmark-test/babel-code-frame 163ms (cache miss)
npm http fetch GET 200 https://vlt-451504312483.d.codeartifact.us-east-1.amazonaws.com/npm/code-artifact-benchmark-test/babel-generator 167ms (cache miss)
npm http fetch GET 200 https://vlt-451504312483.d.codeartifact.us-east-1.amazonaws.com/npm/code-artifact-benchmark-test/babel-helpers 168ms (cache miss)
npm http fetch GET 200 https://vlt-451504312483.d.codeartifact.us-east-1.amazonaws.com/npm/code-artifact-benchmark-test/babel-messages 156ms (cache miss)
npm http fetch GET 200 https://vlt-451504312483.d.codeartifact.us-east-1.amazonaws.com/npm/code-artifact-benchmark-test/babel-register 177ms (cache miss)
npm http fetch GET 200 https://vlt-451504312483.d.codeartifact.us-east-1.amazonaws.com/npm/code-artifact-benchmark-test/babel-template 175ms (cache miss)
npm http fetch GET 200 https://vlt-451504312483.d.codeartifact.us-east-1.amazonaws.com/npm/code-artifact-benchmark-test/babel-traverse 214ms (cache miss)
npm http fetch GET 200 https://vlt-451504312483.d.codeartifact.us-east-1.amazonaws.com/npm/code-artifact-benchmark-test/babel-types 175ms (cache miss)
npm http fetch GET 200 https://vlt-451504312483.d.codeartifact.us-east-1.amazonaws.com/npm/code-artifact-benchmark-test/babylon 188ms (cache miss)
npm http fetch GET 200 https://vlt-451504312483.d.codeartifact.us-east-1.amazonaws.com/npm/code-artifact-benchmark-test/convert-source-map 172ms (cache miss)
npm http fetch GET 200 https://vlt-451504312483.d.codeartifact.us-east-1.amazonaws.com/npm/code-artifact-benchmark-test/debug 166ms (cache miss)
npm http fetch GET 200 https://vlt-451504312483.d.codeartifact.us-east-1.amazonaws.com/npm/code-artifact-benchmark-test/json5 180ms (cache miss)
npm http fetch GET 200 https://vlt-451504312483.d.codeartifact.us-east-1.amazonaws.com/npm/code-artifact-benchmark-test/lodash 233ms (cache updated)
npm http fetch GET 200 https://vlt-451504312483.d.codeartifact.us-east-1.amazonaws.com/npm/code-artifact-benchmark-test/path-is-absolute 147ms (cache miss)
npm http fetch GET 200 https://vlt-451504312483.d.codeartifact.us-east-1.amazonaws.com/npm/code-artifact-benchmark-test/minimatch 183ms (cache miss)
npm http fetch GET 200 https://vlt-451504312483.d.codeartifact.us-east-1.amazonaws.com/npm/code-artifact-benchmark-test/private 164ms (cache miss)
npm http fetch GET 200 https://vlt-451504312483.d.codeartifact.us-east-1.amazonaws.com/npm/code-artifact-benchmark-test/slash 149ms (cache miss)
npm http fetch GET 200 https://vlt-451504312483.d.codeartifact.us-east-1.amazonaws.com/npm/code-artifact-benchmark-test/source-map 161ms (cache miss)
npm http fetch GET 200 https://vlt-451504312483.d.codeartifact.us-east-1.amazonaws.com/npm/code-artifact-benchmark-test/resolve 227ms (cache miss)
npm http fetch GET 200 https://vlt-451504312483.d.codeartifact.us-east-1.amazonaws.com/npm/code-artifact-benchmark-test/@babel%2fparser 196ms (cache miss)
npm http fetch GET 200 https://vlt-451504312483.d.codeartifact.us-east-1.amazonaws.com/npm/code-artifact-benchmark-test/@babel%2ftypes 223ms (cache miss)
npm http fetch GET 200 https://vlt-451504312483.d.codeartifact.us-east-1.amazonaws.com/npm/code-artifact-benchmark-test/eslint-visitor-keys 137ms (cache miss)
npm http fetch GET 200 https://vlt-451504312483.d.codeartifact.us-east-1.amazonaws.com/npm/code-artifact-benchmark-test/@babel%2fcode-frame 165ms (cache miss)
npm http fetch GET 200 https://vlt-451504312483.d.codeartifact.us-east-1.amazonaws.com/npm/code-artifact-benchmark-test/@babel%2ftraverse 246ms (cache miss)
npm http fetch GET 200 https://vlt-451504312483.d.codeartifact.us-east-1.amazonaws.com/npm/code-artifact-benchmark-test/levn 150ms (cache miss)
npm http fetch GET 200 https://vlt-451504312483.d.codeartifact.us-east-1.amazonaws.com/npm/code-artifact-benchmark-test/ajv 234ms (cache miss)
npm http fetch GET 200 https://vlt-451504312483.d.codeartifact.us-east-1.amazonaws.com/npm/code-artifact-benchmark-test/chalk 181ms (cache miss)
npm http fetch GET 200 https://vlt-451504312483.d.codeartifact.us-east-1.amazonaws.com/npm/code-artifact-benchmark-test/debug 166ms (cache updated)
npm http fetch GET 200 https://vlt-451504312483.d.codeartifact.us-east-1.amazonaws.com/npm/code-artifact-benchmark-test/espree 167ms (cache miss)
npm http fetch GET 200 https://vlt-451504312483.d.codeartifact.us-east-1.amazonaws.com/npm/code-artifact-benchmark-test/ignore 182ms (cache miss)
npm http fetch GET 200 https://vlt-451504312483.d.codeartifact.us-east-1.amazonaws.com/npm/code-artifact-benchmark-test/esquery 161ms (cache miss)
npm http fetch GET 200 https://vlt-451504312483.d.codeartifact.us-east-1.amazonaws.com/npm/code-artifact-benchmark-test/esutils 147ms (cache miss)
npm http fetch GET 200 https://vlt-451504312483.d.codeartifact.us-east-1.amazonaws.com/npm/code-artifact-benchmark-test/find-up 155ms (cache miss)
npm http fetch GET 200 https://vlt-451504312483.d.codeartifact.us-east-1.amazonaws.com/npm/code-artifact-benchmark-test/globals 175ms (cache miss)
npm http fetch GET 200 https://vlt-451504312483.d.codeartifact.us-east-1.amazonaws.com/npm/code-artifact-benchmark-test/is-glob 148ms (cache miss)
npm http fetch GET 200 https://vlt-451504312483.d.codeartifact.us-east-1.amazonaws.com/npm/code-artifact-benchmark-test/js-yaml 158ms (cache miss)
npm http fetch GET 200 https://vlt-451504312483.d.codeartifact.us-east-1.amazonaws.com/npm/code-artifact-benchmark-test/doctrine 157ms (cache miss)
npm http fetch GET 200 https://vlt-451504312483.d.codeartifact.us-east-1.amazonaws.com/npm/code-artifact-benchmark-test/graphemer 166ms (cache miss)
npm http fetch GET 200 https://vlt-451504312483.d.codeartifact.us-east-1.amazonaws.com/npm/code-artifact-benchmark-test/minimatch 177ms (cache updated)
npm http fetch GET 200 https://vlt-451504312483.d.codeartifact.us-east-1.amazonaws.com/npm/code-artifact-benchmark-test/@eslint%2fjs 177ms (cache miss)
npm http fetch GET 200 https://vlt-451504312483.d.codeartifact.us-east-1.amazonaws.com/npm/code-artifact-benchmark-test/optionator 150ms (cache miss)
npm http fetch GET 200 https://vlt-451504312483.d.codeartifact.us-east-1.amazonaws.com/npm/code-artifact-benchmark-test/strip-ansi 157ms (cache miss)
npm http fetch GET 200 https://vlt-451504312483.d.codeartifact.us-east-1.amazonaws.com/npm/code-artifact-benchmark-test/text-table 147ms (cache miss)
npm http fetch GET 200 https://vlt-451504312483.d.codeartifact.us-east-1.amazonaws.com/npm/code-artifact-benchmark-test/cross-spawn 181ms (cache miss)
npm http fetch GET 200 https://vlt-451504312483.d.codeartifact.us-east-1.amazonaws.com/npm/code-artifact-benchmark-test/glob-parent 144ms (cache miss)
npm http fetch GET 200 https://vlt-451504312483.d.codeartifact.us-east-1.amazonaws.com/npm/code-artifact-benchmark-test/imurmurhash 138ms (cache miss)
npm http fetch GET 200 https://vlt-451504312483.d.codeartifact.us-east-1.amazonaws.com/npm/code-artifact-benchmark-test/eslint-scope 160ms (cache miss)
npm http fetch GET 200 https://vlt-451504312483.d.codeartifact.us-east-1.amazonaws.com/npm/code-artifact-benchmark-test/lodash.merge 143ms (cache miss)
npm http fetch GET 200 https://vlt-451504312483.d.codeartifact.us-east-1.amazonaws.com/npm/code-artifact-benchmark-test/is-path-inside 159ms (cache miss)
npm http fetch GET 200 https://vlt-451504312483.d.codeartifact.us-east-1.amazonaws.com/npm/code-artifact-benchmark-test/fast-deep-equal 143ms (cache miss)
npm http fetch GET 200 https://vlt-451504312483.d.codeartifact.us-east-1.amazonaws.com/npm/code-artifact-benchmark-test/natural-compare 154ms (cache miss)
npm http fetch GET 200 https://vlt-451504312483.d.codeartifact.us-east-1.amazonaws.com/npm/code-artifact-benchmark-test/@nodelib%2ffs.walk 159ms (cache miss)
npm http fetch GET 200 https://vlt-451504312483.d.codeartifact.us-east-1.amazonaws.com/npm/code-artifact-benchmark-test/@eslint%2feslintrc 217ms (cache miss)
npm http fetch GET 200 https://vlt-451504312483.d.codeartifact.us-east-1.amazonaws.com/npm/code-artifact-benchmark-test/file-entry-cache 165ms (cache miss)
npm http fetch GET 200 https://vlt-451504312483.d.codeartifact.us-east-1.amazonaws.com/npm/code-artifact-benchmark-test/eslint-visitor-keys 148ms (cache updated)
npm http fetch GET 200 https://vlt-451504312483.d.codeartifact.us-east-1.amazonaws.com/npm/code-artifact-benchmark-test/escape-string-regexp 150ms (cache miss)
npm http fetch GET 200 https://vlt-451504312483.d.codeartifact.us-east-1.amazonaws.com/npm/code-artifact-benchmark-test/@ungap%2fstructured-clone 165ms (cache miss)
npm http fetch GET 200 https://vlt-451504312483.d.codeartifact.us-east-1.amazonaws.com/npm/code-artifact-benchmark-test/@eslint-community%2fregexpp 155ms (cache miss)
npm http fetch GET 200 https://vlt-451504312483.d.codeartifact.us-east-1.amazonaws.com/npm/code-artifact-benchmark-test/@humanwhocodes%2fconfig-array 162ms (cache miss)
npm http fetch GET 200 https://vlt-451504312483.d.codeartifact.us-east-1.amazonaws.com/npm/code-artifact-benchmark-test/@eslint-community%2feslint-utils 163ms (cache miss)
npm http fetch GET 200 https://vlt-451504312483.d.codeartifact.us-east-1.amazonaws.com/npm/code-artifact-benchmark-test/@humanwhocodes%2fmodule-importer 152ms (cache miss)
npm http fetch GET 200 https://vlt-451504312483.d.codeartifact.us-east-1.amazonaws.com/npm/code-artifact-benchmark-test/json-stable-stringify-without-jsonify 152ms (cache miss)
npm http fetch GET 200 https://vlt-451504312483.d.codeartifact.us-east-1.amazonaws.com/npm/code-artifact-benchmark-test/schema-utils 185ms (cache miss)
npm http fetch GET 200 https://vlt-451504312483.d.codeartifact.us-east-1.amazonaws.com/npm/code-artifact-benchmark-test/find-cache-dir 140ms (cache miss)
npm http fetch GET 200 https://vlt-451504312483.d.codeartifact.us-east-1.amazonaws.com/npm/code-artifact-benchmark-test/@babel%2fcode-frame 149ms (cache updated)
npm http fetch GET 200 https://vlt-451504312483.d.codeartifact.us-east-1.amazonaws.com/npm/code-artifact-benchmark-test/@babel%2fhelper-compilation-targets 165ms (cache miss)
npm http fetch GET 200 https://vlt-451504312483.d.codeartifact.us-east-1.amazonaws.com/npm/code-artifact-benchmark-test/@babel%2fgenerator 204ms (cache miss)
npm http fetch GET 200 https://vlt-451504312483.d.codeartifact.us-east-1.amazonaws.com/npm/code-artifact-benchmark-test/@babel%2fhelper-module-transforms 179ms (cache miss)
npm http fetch GET 200 https://vlt-451504312483.d.codeartifact.us-east-1.amazonaws.com/npm/code-artifact-benchmark-test/@babel%2fhelpers 192ms (cache miss)
npm http fetch GET 200 https://vlt-451504312483.d.codeartifact.us-east-1.amazonaws.com/npm/code-artifact-benchmark-test/@babel%2ftemplate 164ms (cache miss)
npm http fetch GET 200 https://vlt-451504312483.d.codeartifact.us-east-1.amazonaws.com/npm/code-artifact-benchmark-test/@babel%2fparser 199ms (cache updated)
npm http fetch GET 200 https://vlt-451504312483.d.codeartifact.us-east-1.amazonaws.com/npm/code-artifact-benchmark-test/@jridgewell%2fremapping 152ms (cache miss)
npm http fetch GET 200 https://vlt-451504312483.d.codeartifact.us-east-1.amazonaws.com/npm/code-artifact-benchmark-test/@babel%2ftypes 191ms (cache updated)
npm http fetch GET 200 https://vlt-451504312483.d.codeartifact.us-east-1.amazonaws.com/npm/code-artifact-benchmark-test/@babel%2ftraverse 206ms (cache updated)
npm http fetch GET 200 https://vlt-451504312483.d.codeartifact.us-east-1.amazonaws.com/npm/code-artifact-benchmark-test/convert-source-map 144ms (cache updated)
npm http fetch GET 200 https://vlt-451504312483.d.codeartifact.us-east-1.amazonaws.com/npm/code-artifact-benchmark-test/gensync 149ms (cache miss)
npm http fetch GET 200 https://vlt-451504312483.d.codeartifact.us-east-1.amazonaws.com/npm/code-artifact-benchmark-test/json5 155ms (cache updated)
npm http fetch GET 200 https://vlt-451504312483.d.codeartifact.us-east-1.amazonaws.com/npm/code-artifact-benchmark-test/semver 187ms (cache miss)
npm http fetch GET 200 https://vlt-451504312483.d.codeartifact.us-east-1.amazonaws.com/npm/code-artifact-benchmark-test/debug 382ms (cache updated)
npm http fetch GET 200 https://vlt-451504312483.d.codeartifact.us-east-1.amazonaws.com/npm/code-artifact-benchmark-test/events 147ms (cache miss)
npm http fetch GET 200 https://vlt-451504312483.d.codeartifact.us-east-1.amazonaws.com/npm/code-artifact-benchmark-test/mime-db 174ms (cache miss)
npm http fetch GET 200 https://vlt-451504312483.d.codeartifact.us-east-1.amazonaws.com/npm/code-artifact-benchmark-test/tapable 163ms (cache miss)
npm http fetch GET 200 https://vlt-451504312483.d.codeartifact.us-east-1.amazonaws.com/npm/code-artifact-benchmark-test/watchpack 185ms (cache miss)
npm http fetch GET 200 https://vlt-451504312483.d.codeartifact.us-east-1.amazonaws.com/npm/code-artifact-benchmark-test/graceful-fs 165ms (cache miss)
npm http fetch GET 200 https://vlt-451504312483.d.codeartifact.us-east-1.amazonaws.com/npm/code-artifact-benchmark-test/browserslist 194ms (cache updated)
npm http fetch GET 200 https://vlt-451504312483.d.codeartifact.us-east-1.amazonaws.com/npm/code-artifact-benchmark-test/schema-utils 160ms (cache updated)
npm http fetch GET 200 https://vlt-451504312483.d.codeartifact.us-east-1.amazonaws.com/npm/code-artifact-benchmark-test/@types%2festree 193ms (cache miss)
npm http fetch GET 200 https://vlt-451504312483.d.codeartifact.us-east-1.amazonaws.com/npm/code-artifact-benchmark-test/webpack-sources 162ms (cache miss)
npm http fetch GET 200 https://vlt-451504312483.d.codeartifact.us-east-1.amazonaws.com/npm/code-artifact-benchmark-test/es-module-lexer 195ms (cache miss)
npm http fetch GET 200 https://vlt-451504312483.d.codeartifact.us-east-1.amazonaws.com/npm/code-artifact-benchmark-test/@types%2fjson-schema 139ms (cache miss)
npm http fetch GET 200 https://vlt-451504312483.d.codeartifact.us-east-1.amazonaws.com/npm/code-artifact-benchmark-test/enhanced-resolve 219ms (cache miss)
npm http fetch GET 200 https://vlt-451504312483.d.codeartifact.us-east-1.amazonaws.com/npm/code-artifact-benchmark-test/@webassemblyjs%2fast 169ms (cache miss)
npm http fetch GET 200 https://vlt-451504312483.d.codeartifact.us-east-1.amazonaws.com/npm/code-artifact-benchmark-test/chrome-trace-event 196ms (cache miss)
npm http fetch GET 200 https://vlt-451504312483.d.codeartifact.us-east-1.amazonaws.com/npm/code-artifact-benchmark-test/@webassemblyjs%2fwasm-edit 172ms (cache miss)
npm http fetch GET 200 https://vlt-451504312483.d.codeartifact.us-east-1.amazonaws.com/npm/code-artifact-benchmark-test/minimizer-webpack-plugin 171ms (cache miss)
npm http fetch GET 200 https://vlt-451504312483.d.codeartifact.us-east-1.amazonaws.com/npm/code-artifact-benchmark-test/@babel%2fhelper-module-imports 147ms (cache miss)
npm http fetch GET 200 https://vlt-451504312483.d.codeartifact.us-east-1.amazonaws.com/npm/code-artifact-benchmark-test/@webassemblyjs%2fwasm-parser 164ms (cache miss)
npm http fetch GET 200 https://vlt-451504312483.d.codeartifact.us-east-1.amazonaws.com/npm/code-artifact-benchmark-test/@babel%2ftypes 190ms (cache updated)
npm http fetch GET 200 https://vlt-451504312483.d.codeartifact.us-east-1.amazonaws.com/npm/code-artifact-benchmark-test/lodash 186ms (cache updated)
npm http fetch GET 200 https://vlt-451504312483.d.codeartifact.us-east-1.amazonaws.com/npm/code-artifact-benchmark-test/glob 221ms (cache updated)
npm http fetch GET 200 https://vlt-451504312483.d.codeartifact.us-east-1.amazonaws.com/npm/code-artifact-benchmark-test/require-package-name 178ms (cache miss)
npm http fetch GET 200 https://vlt-451504312483.d.codeartifact.us-east-1.amazonaws.com/npm/code-artifact-benchmark-test/glob 188ms (cache updated)
npm http fetch GET 200 https://vlt-451504312483.d.codeartifact.us-east-1.amazonaws.com/npm/code-artifact-benchmark-test/resolve 183ms (cache updated)
npm http fetch GET 200 https://vlt-451504312483.d.codeartifact.us-east-1.amazonaws.com/npm/code-artifact-benchmark-test/pkg-up 216ms (cache miss)
npm http fetch GET 200 https://vlt-451504312483.d.codeartifact.us-east-1.amazonaws.com/npm/code-artifact-benchmark-test/reselect 198ms (cache miss)
npm http fetch GET 200 https://vlt-451504312483.d.codeartifact.us-east-1.amazonaws.com/npm/code-artifact-benchmark-test/find-babel-config 173ms (cache miss)
npm http fetch GET 200 https://vlt-451504312483.d.codeartifact.us-east-1.amazonaws.com/npm/code-artifact-benchmark-test/babel-plugin-syntax-decorators 176ms (cache miss)
npm http fetch GET 200 https://vlt-451504312483.d.codeartifact.us-east-1.amazonaws.com/npm/code-artifact-benchmark-test/babel-template 149ms (cache updated)
npm http fetch GET 200 https://vlt-451504312483.d.codeartifact.us-east-1.amazonaws.com/npm/code-artifact-benchmark-test/babel-runtime 175ms (cache updated)
npm http fetch GET 200 https://vlt-451504312483.d.codeartifact.us-east-1.amazonaws.com/npm/code-artifact-benchmark-test/babel-runtime 191ms (cache updated)
npm http fetch GET 200 https://vlt-451504312483.d.codeartifact.us-east-1.amazonaws.com/npm/code-artifact-benchmark-test/regenerator-runtime 163ms (cache miss)
npm http fetch GET 200 https://vlt-451504312483.d.codeartifact.us-east-1.amazonaws.com/npm/code-artifact-benchmark-test/babel-plugin-check-es2015-constants 154ms (cache miss)
npm http fetch GET 200 https://vlt-451504312483.d.codeartifact.us-east-1.amazonaws.com/npm/code-artifact-benchmark-test/core-js 236ms (cache miss)
npm http fetch GET 200 https://vlt-451504312483.d.codeartifact.us-east-1.amazonaws.com/npm/code-artifact-benchmark-test/babel-plugin-transform-es2015-arrow-functions 149ms (cache miss)
npm http fetch GET 200 https://vlt-451504312483.d.codeartifact.us-east-1.amazonaws.com/npm/code-artifact-benchmark-test/babel-plugin-transform-es2015-block-scoped-functions 178ms (cache miss)
npm http fetch GET 200 https://vlt-451504312483.d.codeartifact.us-east-1.amazonaws.com/npm/code-artifact-benchmark-test/babel-plugin-transform-es2015-block-scoping 201ms (cache miss)
npm http fetch GET 200 https://vlt-451504312483.d.codeartifact.us-east-1.amazonaws.com/npm/code-artifact-benchmark-test/babel-plugin-transform-es2015-classes 186ms (cache miss)
npm http fetch GET 200 https://vlt-451504312483.d.codeartifact.us-east-1.amazonaws.com/npm/code-artifact-benchmark-test/babel-plugin-transform-es2015-computed-properties 166ms (cache miss)
npm http fetch GET 200 https://vlt-451504312483.d.codeartifact.us-east-1.amazonaws.com/npm/code-artifact-benchmark-test/babel-plugin-transform-es2015-destructuring 153ms (cache miss)
npm http fetch GET 200 https://vlt-451504312483.d.codeartifact.us-east-1.amazonaws.com/npm/code-artifact-benchmark-test/babel-plugin-transform-es2015-duplicate-keys 149ms (cache miss)
npm http fetch GET 200 https://vlt-451504312483.d.codeartifact.us-east-1.amazonaws.com/npm/code-artifact-benchmark-test/babel-plugin-transform-es2015-function-name 158ms (cache miss)
npm http fetch GET 200 https://vlt-451504312483.d.codeartifact.us-east-1.amazonaws.com/npm/code-artifact-benchmark-test/babel-plugin-transform-es2015-for-of 196ms (cache miss)
npm http fetch GET 200 https://vlt-451504312483.d.codeartifact.us-east-1.amazonaws.com/npm/code-artifact-benchmark-test/babel-plugin-transform-es2015-literals 143ms (cache miss)
npm http fetch GET 200 https://vlt-451504312483.d.codeartifact.us-east-1.amazonaws.com/npm/code-artifact-benchmark-test/babel-plugin-transform-es2015-modules-commonjs 162ms (cache miss)
npm http fetch GET 200 https://vlt-451504312483.d.codeartifact.us-east-1.amazonaws.com/npm/code-artifact-benchmark-test/babel-plugin-transform-es2015-modules-amd 189ms (cache miss)
npm http fetch GET 200 https://vlt-451504312483.d.codeartifact.us-east-1.amazonaws.com/npm/code-artifact-benchmark-test/babel-plugin-transform-es2015-modules-systemjs 164ms (cache miss)
npm http fetch GET 200 https://vlt-451504312483.d.codeartifact.us-east-1.amazonaws.com/npm/code-artifact-benchmark-test/babel-plugin-transform-es2015-modules-umd 146ms (cache miss)
npm http fetch GET 200 https://vlt-451504312483.d.codeartifact.us-east-1.amazonaws.com/npm/code-artifact-benchmark-test/babel-plugin-transform-es2015-object-super 145ms (cache miss)
npm http fetch GET 200 https://vlt-451504312483.d.codeartifact.us-east-1.amazonaws.com/npm/code-artifact-benchmark-test/babel-plugin-transform-es2015-parameters 152ms (cache miss)
npm http fetch GET 200 https://vlt-451504312483.d.codeartifact.us-east-1.amazonaws.com/npm/code-artifact-benchmark-test/babel-plugin-transform-es2015-spread 130ms (cache miss)
npm http fetch GET 200 https://vlt-451504312483.d.codeartifact.us-east-1.amazonaws.com/npm/code-artifact-benchmark-test/babel-plugin-transform-es2015-shorthand-properties 155ms (cache miss)
npm http fetch GET 200 https://vlt-451504312483.d.codeartifact.us-east-1.amazonaws.com/npm/code-artifact-benchmark-test/babel-plugin-transform-es2015-sticky-regex 202ms (cache miss)
npm http fetch GET 200 https://vlt-451504312483.d.codeartifact.us-east-1.amazonaws.com/npm/code-artifact-benchmark-test/babel-plugin-transform-es2015-typeof-symbol 143ms (cache miss)
npm http fetch GET 200 https://vlt-451504312483.d.codeartifact.us-east-1.amazonaws.com/npm/code-artifact-benchmark-test/babel-plugin-transform-es2015-template-literals 196ms (cache miss)
npm http fetch GET 200 https://vlt-451504312483.d.codeartifact.us-east-1.amazonaws.com/npm/code-artifact-benchmark-test/babel-plugin-transform-es2015-unicode-regex 151ms (cache miss)
npm http fetch GET 200 https://vlt-451504312483.d.codeartifact.us-east-1.amazonaws.com/npm/code-artifact-benchmark-test/babel-plugin-transform-regenerator 186ms (cache miss)
npm http fetch GET 200 https://vlt-451504312483.d.codeartifact.us-east-1.amazonaws.com/npm/code-artifact-benchmark-test/babel-preset-flow 162ms (cache miss)
npm http fetch GET 200 https://vlt-451504312483.d.codeartifact.us-east-1.amazonaws.com/npm/code-artifact-benchmark-test/babel-plugin-syntax-jsx 158ms (cache miss)
npm http fetch GET 200 https://vlt-451504312483.d.codeartifact.us-east-1.amazonaws.com/npm/code-artifact-benchmark-test/babel-plugin-transform-react-display-name 152ms (cache miss)
npm http fetch GET 200 https://vlt-451504312483.d.codeartifact.us-east-1.amazonaws.com/npm/code-artifact-benchmark-test/babel-plugin-transform-react-jsx 147ms (cache miss)
npm http fetch GET 200 https://vlt-451504312483.d.codeartifact.us-east-1.amazonaws.com/npm/code-artifact-benchmark-test/babel-plugin-transform-react-jsx-source 143ms (cache miss)
npm http fetch GET 200 https://vlt-451504312483.d.codeartifact.us-east-1.amazonaws.com/npm/code-artifact-benchmark-test/babel-plugin-transform-react-jsx-self 167ms (cache miss)
npm http fetch GET 200 https://vlt-451504312483.d.codeartifact.us-east-1.amazonaws.com/npm/code-artifact-benchmark-test/babel-plugin-react-transform 188ms (cache miss)
npm http fetch GET 200 https://vlt-451504312483.d.codeartifact.us-east-1.amazonaws.com/npm/code-artifact-benchmark-test/react-transform-catch-errors 148ms (cache miss)
npm http fetch GET 200 https://vlt-451504312483.d.codeartifact.us-east-1.amazonaws.com/npm/code-artifact-benchmark-test/react-transform-hmr 144ms (cache miss)
npm http fetch GET 200 https://vlt-451504312483.d.codeartifact.us-east-1.amazonaws.com/npm/code-artifact-benchmark-test/babel-plugin-transform-class-constructor-call 170ms (cache miss)
npm http fetch GET 200 https://vlt-451504312483.d.codeartifact.us-east-1.amazonaws.com/npm/code-artifact-benchmark-test/redbox-react 246ms (cache miss)
npm http fetch GET 200 https://vlt-451504312483.d.codeartifact.us-east-1.amazonaws.com/npm/code-artifact-benchmark-test/babel-plugin-transform-export-extensions 163ms (cache miss)
npm http fetch GET 200 https://vlt-451504312483.d.codeartifact.us-east-1.amazonaws.com/npm/code-artifact-benchmark-test/babel-preset-stage-2 216ms (cache miss)
npm http fetch GET 200 https://vlt-451504312483.d.codeartifact.us-east-1.amazonaws.com/npm/code-artifact-benchmark-test/regenerator-runtime 150ms (cache updated)
npm http fetch GET 200 https://vlt-451504312483.d.codeartifact.us-east-1.amazonaws.com/npm/code-artifact-benchmark-test/core-js 242ms (cache updated)
npm http fetch GET 200 https://vlt-451504312483.d.codeartifact.us-east-1.amazonaws.com/npm/code-artifact-benchmark-test/del 181ms (cache miss)
npm http fetch GET 200 https://vlt-451504312483.d.codeartifact.us-east-1.amazonaws.com/npm/code-artifact-benchmark-test/semver 187ms (cache updated)
npm http fetch GET 200 https://vlt-451504312483.d.codeartifact.us-east-1.amazonaws.com/npm/code-artifact-benchmark-test/icss-utils 157ms (cache miss)
npm http fetch GET 200 https://vlt-451504312483.d.codeartifact.us-east-1.amazonaws.com/npm/code-artifact-benchmark-test/postcss-modules-scope 147ms (cache miss)
npm http fetch GET 200 https://vlt-451504312483.d.codeartifact.us-east-1.amazonaws.com/npm/code-artifact-benchmark-test/postcss-modules-values 150ms (cache miss)
npm http fetch GET 200 https://vlt-451504312483.d.codeartifact.us-east-1.amazonaws.com/npm/code-artifact-benchmark-test/postcss-modules-extract-imports 160ms (cache miss)
npm http fetch GET 200 https://vlt-451504312483.d.codeartifact.us-east-1.amazonaws.com/npm/code-artifact-benchmark-test/minimist 148ms (cache miss)
npm http fetch GET 200 https://vlt-451504312483.d.codeartifact.us-east-1.amazonaws.com/npm/code-artifact-benchmark-test/postcss-modules-local-by-default 230ms (cache miss)
npm http fetch GET 200 https://vlt-451504312483.d.codeartifact.us-east-1.amazonaws.com/npm/code-artifact-benchmark-test/postcss 217ms (cache updated)
npm http fetch GET 200 https://vlt-451504312483.d.codeartifact.us-east-1.amazonaws.com/npm/code-artifact-benchmark-test/lilconfig 148ms (cache miss)
npm http fetch GET 200 https://vlt-451504312483.d.codeartifact.us-east-1.amazonaws.com/npm/code-artifact-benchmark-test/cssnano-preset-default 172ms (cache miss)
npm http fetch GET 200 https://vlt-451504312483.d.codeartifact.us-east-1.amazonaws.com/npm/code-artifact-benchmark-test/fbjs 168ms (cache miss)
npm http fetch GET 200 https://vlt-451504312483.d.codeartifact.us-east-1.amazonaws.com/npm/code-artifact-benchmark-test/immutable 183ms (cache updated)
npm http fetch GET 200 https://vlt-451504312483.d.codeartifact.us-east-1.amazonaws.com/npm/code-artifact-benchmark-test/object-assign 167ms (cache miss)
npm http fetch GET 200 https://vlt-451504312483.d.codeartifact.us-east-1.amazonaws.com/npm/code-artifact-benchmark-test/loose-envify 141ms (cache miss)
npm http fetch GET 200 https://vlt-451504312483.d.codeartifact.us-east-1.amazonaws.com/npm/code-artifact-benchmark-test/loose-envify 141ms (cache miss)
npm http fetch GET 200 https://vlt-451504312483.d.codeartifact.us-east-1.amazonaws.com/npm/code-artifact-benchmark-test/jake 175ms (cache miss)
npm http fetch GET 200 https://vlt-451504312483.d.codeartifact.us-east-1.amazonaws.com/npm/code-artifact-benchmark-test/object.assign 172ms (cache miss)
npm http fetch GET 200 https://vlt-451504312483.d.codeartifact.us-east-1.amazonaws.com/npm/code-artifact-benchmark-test/object.entries 162ms (cache miss)
npm http fetch GET 200 https://vlt-451504312483.d.codeartifact.us-east-1.amazonaws.com/npm/code-artifact-benchmark-test/eslint-config-airbnb-base 168ms (cache miss)
npm http fetch GET 200 https://vlt-451504312483.d.codeartifact.us-east-1.amazonaws.com/npm/code-artifact-benchmark-test/scheduler 672ms (cache miss)
npm http fetch GET 200 https://vlt-451504312483.d.codeartifact.us-east-1.amazonaws.com/npm/code-artifact-benchmark-test/aria-query 178ms (cache miss)
npm http fetch GET 200 https://vlt-451504312483.d.codeartifact.us-east-1.amazonaws.com/npm/code-artifact-benchmark-test/array-includes 192ms (cache miss)
npm http fetch GET 200 https://vlt-451504312483.d.codeartifact.us-east-1.amazonaws.com/npm/code-artifact-benchmark-test/array.prototype.flatmap 143ms (cache miss)
npm http fetch GET 200 https://vlt-451504312483.d.codeartifact.us-east-1.amazonaws.com/npm/code-artifact-benchmark-test/ast-types-flow 143ms (cache miss)
npm http fetch GET 200 https://vlt-451504312483.d.codeartifact.us-east-1.amazonaws.com/npm/code-artifact-benchmark-test/damerau-levenshtein 137ms (cache miss)
npm http fetch GET 200 https://vlt-451504312483.d.codeartifact.us-east-1.amazonaws.com/npm/code-artifact-benchmark-test/axobject-query 171ms (cache miss)
npm http fetch GET 200 https://vlt-451504312483.d.codeartifact.us-east-1.amazonaws.com/npm/code-artifact-benchmark-test/emoji-regex 161ms (cache miss)
npm http fetch GET 200 https://vlt-451504312483.d.codeartifact.us-east-1.amazonaws.com/npm/code-artifact-benchmark-test/hasown 146ms (cache miss)
npm http fetch GET 200 https://vlt-451504312483.d.codeartifact.us-east-1.amazonaws.com/npm/code-artifact-benchmark-test/jsx-ast-utils 154ms (cache miss)
npm http fetch GET 200 https://vlt-451504312483.d.codeartifact.us-east-1.amazonaws.com/npm/code-artifact-benchmark-test/language-tags 170ms (cache miss)
npm http fetch GET 200 https://vlt-451504312483.d.codeartifact.us-east-1.amazonaws.com/npm/code-artifact-benchmark-test/object.fromentries 141ms (cache miss)
npm http fetch GET 200 https://vlt-451504312483.d.codeartifact.us-east-1.amazonaws.com/npm/code-artifact-benchmark-test/safe-regex-test 137ms (cache miss)
npm http fetch GET 200 https://vlt-451504312483.d.codeartifact.us-east-1.amazonaws.com/npm/code-artifact-benchmark-test/string.prototype.includes 159ms (cache miss)
npm http fetch GET 200 https://vlt-451504312483.d.codeartifact.us-east-1.amazonaws.com/npm/code-artifact-benchmark-test/@rtsao%2fscc 154ms (cache miss)
npm http fetch GET 200 https://vlt-451504312483.d.codeartifact.us-east-1.amazonaws.com/npm/code-artifact-benchmark-test/axe-core 843ms (cache miss)
npm http fetch GET 200 https://vlt-451504312483.d.codeartifact.us-east-1.amazonaws.com/npm/code-artifact-benchmark-test/array-includes 162ms (cache updated)
npm http fetch GET 200 https://vlt-451504312483.d.codeartifact.us-east-1.amazonaws.com/npm/code-artifact-benchmark-test/array.prototype.findlastindex 155ms (cache miss)
npm http fetch GET 200 https://vlt-451504312483.d.codeartifact.us-east-1.amazonaws.com/npm/code-artifact-benchmark-test/array.prototype.flat 150ms (cache miss)
npm http fetch GET 200 https://vlt-451504312483.d.codeartifact.us-east-1.amazonaws.com/npm/code-artifact-benchmark-test/array.prototype.flatmap 147ms (cache updated)
npm http fetch GET 200 https://vlt-451504312483.d.codeartifact.us-east-1.amazonaws.com/npm/code-artifact-benchmark-test/debug 166ms (cache updated)
npm http fetch GET 200 https://vlt-451504312483.d.codeartifact.us-east-1.amazonaws.com/npm/code-artifact-benchmark-test/doctrine 145ms (cache updated)
npm http fetch GET 200 https://vlt-451504312483.d.codeartifact.us-east-1.amazonaws.com/npm/code-artifact-benchmark-test/eslint-import-resolver-node 165ms (cache miss)
npm http fetch GET 200 https://vlt-451504312483.d.codeartifact.us-east-1.amazonaws.com/npm/code-artifact-benchmark-test/eslint-module-utils 167ms (cache miss)
npm http fetch GET 200 https://vlt-451504312483.d.codeartifact.us-east-1.amazonaws.com/npm/code-artifact-benchmark-test/is-core-module 154ms (cache miss)
npm http fetch GET 200 https://vlt-451504312483.d.codeartifact.us-east-1.amazonaws.com/npm/code-artifact-benchmark-test/is-glob 158ms (cache updated)
npm http fetch GET 200 https://vlt-451504312483.d.codeartifact.us-east-1.amazonaws.com/npm/code-artifact-benchmark-test/object.groupby 150ms (cache miss)
npm http fetch GET 200 https://vlt-451504312483.d.codeartifact.us-east-1.amazonaws.com/npm/code-artifact-benchmark-test/object.values 152ms (cache miss)
npm http fetch GET 200 https://vlt-451504312483.d.codeartifact.us-east-1.amazonaws.com/npm/code-artifact-benchmark-test/string.prototype.trimend 158ms (cache miss)
npm http fetch GET 200 https://vlt-451504312483.d.codeartifact.us-east-1.amazonaws.com/npm/code-artifact-benchmark-test/array.prototype.findlast 164ms (cache miss)
npm http fetch GET 200 https://vlt-451504312483.d.codeartifact.us-east-1.amazonaws.com/npm/code-artifact-benchmark-test/tsconfig-paths 173ms (cache miss)
npm http fetch GET 200 https://vlt-451504312483.d.codeartifact.us-east-1.amazonaws.com/npm/code-artifact-benchmark-test/array.prototype.tosorted 145ms (cache miss)
npm http fetch GET 200 https://vlt-451504312483.d.codeartifact.us-east-1.amazonaws.com/npm/code-artifact-benchmark-test/es-iterator-helpers 176ms (cache miss)
npm http fetch GET 200 https://vlt-451504312483.d.codeartifact.us-east-1.amazonaws.com/npm/code-artifact-benchmark-test/estraverse 183ms (cache miss)
npm http fetch GET 200 https://vlt-451504312483.d.codeartifact.us-east-1.amazonaws.com/npm/code-artifact-benchmark-test/jsx-ast-utils 164ms (cache updated)
npm http fetch GET 200 https://vlt-451504312483.d.codeartifact.us-east-1.amazonaws.com/npm/code-artifact-benchmark-test/object.entries 157ms (cache updated)
npm http fetch GET 200 https://vlt-451504312483.d.codeartifact.us-east-1.amazonaws.com/npm/code-artifact-benchmark-test/prop-types 147ms (cache updated)
npm http fetch GET 200 https://vlt-451504312483.d.codeartifact.us-east-1.amazonaws.com/npm/code-artifact-benchmark-test/resolve 151ms (cache updated)
npm http fetch GET 200 https://vlt-451504312483.d.codeartifact.us-east-1.amazonaws.com/npm/code-artifact-benchmark-test/string.prototype.repeat 149ms (cache miss)
npm http fetch GET 200 https://vlt-451504312483.d.codeartifact.us-east-1.amazonaws.com/npm/code-artifact-benchmark-test/string.prototype.matchall 170ms (cache miss)
npm http fetch GET 200 https://vlt-451504312483.d.codeartifact.us-east-1.amazonaws.com/npm/code-artifact-benchmark-test/enhanced-resolve 181ms (cache updated)
npm http fetch GET 200 https://vlt-451504312483.d.codeartifact.us-east-1.amazonaws.com/npm/code-artifact-benchmark-test/find-root 139ms (cache miss)
npm http fetch GET 200 https://vlt-451504312483.d.codeartifact.us-east-1.amazonaws.com/npm/code-artifact-benchmark-test/interpret 171ms (cache miss)
npm http fetch GET 200 https://vlt-451504312483.d.codeartifact.us-east-1.amazonaws.com/npm/code-artifact-benchmark-test/is-regex 147ms (cache miss)
npm http fetch GET 200 https://vlt-451504312483.d.codeartifact.us-east-1.amazonaws.com/npm/code-artifact-benchmark-test/lodash 188ms (cache updated)
npm http fetch GET 200 https://vlt-451504312483.d.codeartifact.us-east-1.amazonaws.com/npm/code-artifact-benchmark-test/resolve 183ms (cache updated)
npm http fetch GET 200 https://vlt-451504312483.d.codeartifact.us-east-1.amazonaws.com/npm/code-artifact-benchmark-test/semver 155ms (cache updated)
npm http fetch GET 200 https://vlt-451504312483.d.codeartifact.us-east-1.amazonaws.com/npm/code-artifact-benchmark-test/qs 184ms (cache updated)
npm http fetch GET 200 https://vlt-451504312483.d.codeartifact.us-east-1.amazonaws.com/npm/code-artifact-benchmark-test/depd 158ms (cache miss)
npm http fetch GET 200 https://vlt-451504312483.d.codeartifact.us-east-1.amazonaws.com/npm/code-artifact-benchmark-test/etag 186ms (cache miss)
npm http fetch GET 200 https://vlt-451504312483.d.codeartifact.us-east-1.amazonaws.com/npm/code-artifact-benchmark-test/send 167ms (cache miss)
npm http fetch GET 200 https://vlt-451504312483.d.codeartifact.us-east-1.amazonaws.com/npm/code-artifact-benchmark-test/vary 150ms (cache miss)
npm http fetch GET 200 https://vlt-451504312483.d.codeartifact.us-east-1.amazonaws.com/npm/code-artifact-benchmark-test/debug 153ms (cache updated)
npm http fetch GET 200 https://vlt-451504312483.d.codeartifact.us-east-1.amazonaws.com/npm/code-artifact-benchmark-test/fresh 150ms (cache miss)
npm http fetch GET 200 https://vlt-451504312483.d.codeartifact.us-east-1.amazonaws.com/npm/code-artifact-benchmark-test/cookie 155ms (cache miss)
npm http fetch GET 200 https://vlt-451504312483.d.codeartifact.us-east-1.amazonaws.com/npm/code-artifact-benchmark-test/accepts 145ms (cache miss)
npm http fetch GET 200 https://vlt-451504312483.d.codeartifact.us-east-1.amazonaws.com/npm/code-artifact-benchmark-test/methods 129ms (cache miss)
npm http fetch GET 200 https://vlt-451504312483.d.codeartifact.us-east-1.amazonaws.com/npm/code-artifact-benchmark-test/type-is 186ms (cache miss)
npm http fetch GET 200 https://vlt-451504312483.d.codeartifact.us-east-1.amazonaws.com/npm/code-artifact-benchmark-test/parseurl 151ms (cache miss)
npm http fetch GET 200 https://vlt-451504312483.d.codeartifact.us-east-1.amazonaws.com/npm/code-artifact-benchmark-test/statuses 131ms (cache miss)
npm http fetch GET 200 https://vlt-451504312483.d.codeartifact.us-east-1.amazonaws.com/npm/code-artifact-benchmark-test/encodeurl 160ms (cache miss)
npm http fetch GET 200 https://vlt-451504312483.d.codeartifact.us-east-1.amazonaws.com/npm/code-artifact-benchmark-test/proxy-addr 168ms (cache miss)
npm http fetch GET 200 https://vlt-451504312483.d.codeartifact.us-east-1.amazonaws.com/npm/code-artifact-benchmark-test/body-parser 177ms (cache miss)
npm http fetch GET 200 https://vlt-451504312483.d.codeartifact.us-east-1.amazonaws.com/npm/code-artifact-benchmark-test/escape-html 139ms (cache miss)
npm http fetch GET 200 https://vlt-451504312483.d.codeartifact.us-east-1.amazonaws.com/npm/code-artifact-benchmark-test/http-errors 154ms (cache miss)
npm http fetch GET 200 https://vlt-451504312483.d.codeartifact.us-east-1.amazonaws.com/npm/code-artifact-benchmark-test/on-finished 146ms (cache miss)
npm http fetch GET 200 https://vlt-451504312483.d.codeartifact.us-east-1.amazonaws.com/npm/code-artifact-benchmark-test/safe-buffer 146ms (cache miss)
npm http fetch GET 200 https://vlt-451504312483.d.codeartifact.us-east-1.amazonaws.com/npm/code-artifact-benchmark-test/content-type 154ms (cache miss)
npm http fetch GET 200 https://vlt-451504312483.d.codeartifact.us-east-1.amazonaws.com/npm/code-artifact-benchmark-test/utils-merge 183ms (cache miss)
npm http fetch GET 200 https://vlt-451504312483.d.codeartifact.us-east-1.amazonaws.com/npm/code-artifact-benchmark-test/finalhandler 154ms (cache miss)
npm http fetch GET 200 https://vlt-451504312483.d.codeartifact.us-east-1.amazonaws.com/npm/code-artifact-benchmark-test/range-parser 163ms (cache miss)
npm http fetch GET 200 https://vlt-451504312483.d.codeartifact.us-east-1.amazonaws.com/npm/code-artifact-benchmark-test/serve-static 166ms (cache miss)
npm http fetch GET 200 https://vlt-451504312483.d.codeartifact.us-east-1.amazonaws.com/npm/code-artifact-benchmark-test/array-flatten 160ms (cache miss)
npm http fetch GET 200 https://vlt-451504312483.d.codeartifact.us-east-1.amazonaws.com/npm/code-artifact-benchmark-test/setprototypeof 145ms (cache miss)
npm http fetch GET 200 https://vlt-451504312483.d.codeartifact.us-east-1.amazonaws.com/npm/code-artifact-benchmark-test/path-to-regexp 171ms (cache miss)
npm http fetch GET 200 https://vlt-451504312483.d.codeartifact.us-east-1.amazonaws.com/npm/code-artifact-benchmark-test/cookie-signature 151ms (cache miss)
npm http fetch GET 200 https://vlt-451504312483.d.codeartifact.us-east-1.amazonaws.com/npm/code-artifact-benchmark-test/merge-descriptors 148ms (cache miss)
npm http fetch GET 200 https://vlt-451504312483.d.codeartifact.us-east-1.amazonaws.com/npm/code-artifact-benchmark-test/content-disposition 142ms (cache miss)
npm http fetch GET 200 https://vlt-451504312483.d.codeartifact.us-east-1.amazonaws.com/npm/code-artifact-benchmark-test/debug 229ms (cache updated)
npm http fetch GET 200 https://vlt-451504312483.d.codeartifact.us-east-1.amazonaws.com/npm/code-artifact-benchmark-test/es6-promise 161ms (cache miss)
npm http fetch GET 200 https://vlt-451504312483.d.codeartifact.us-east-1.amazonaws.com/npm/code-artifact-benchmark-test/raw-body 167ms (cache miss)
npm http fetch GET 200 https://vlt-451504312483.d.codeartifact.us-east-1.amazonaws.com/npm/code-artifact-benchmark-test/minipass 162ms (cache miss)
npm http fetch GET 200 https://vlt-451504312483.d.codeartifact.us-east-1.amazonaws.com/npm/code-artifact-benchmark-test/minimatch 162ms (cache updated)
npm http fetch GET 200 https://vlt-451504312483.d.codeartifact.us-east-1.amazonaws.com/npm/code-artifact-benchmark-test/jackspeak 182ms (cache miss)
npm http fetch GET 200 https://vlt-451504312483.d.codeartifact.us-east-1.amazonaws.com/npm/code-artifact-benchmark-test/path-scurry 159ms (cache miss)
npm http fetch GET 200 https://vlt-451504312483.d.codeartifact.us-east-1.amazonaws.com/npm/code-artifact-benchmark-test/foreground-child 158ms (cache miss)
npm http fetch GET 200 https://vlt-451504312483.d.codeartifact.us-east-1.amazonaws.com/npm/code-artifact-benchmark-test/package-json-from-dist 171ms (cache miss)
npm http fetch GET 200 https://vlt-451504312483.d.codeartifact.us-east-1.amazonaws.com/npm/code-artifact-benchmark-test/gulp-cli 166ms (cache miss)
npm http fetch GET 200 https://vlt-451504312483.d.codeartifact.us-east-1.amazonaws.com/npm/code-artifact-benchmark-test/undertaker 168ms (cache miss)
npm http fetch GET 200 https://vlt-451504312483.d.codeartifact.us-east-1.amazonaws.com/npm/code-artifact-benchmark-test/vinyl-fs 192ms (cache miss)
npm http fetch GET 200 https://vlt-451504312483.d.codeartifact.us-east-1.amazonaws.com/npm/code-artifact-benchmark-test/glob-watcher 160ms (cache miss)
npm http fetch GET 200 https://vlt-451504312483.d.codeartifact.us-east-1.amazonaws.com/npm/code-artifact-benchmark-test/through2 157ms (cache miss)
npm http fetch GET 200 https://vlt-451504312483.d.codeartifact.us-east-1.amazonaws.com/npm/code-artifact-benchmark-test/vinyl 170ms (cache miss)
npm http fetch GET 200 https://vlt-451504312483.d.codeartifact.us-east-1.amazonaws.com/npm/code-artifact-benchmark-test/concat-with-sourcemaps 165ms (cache miss)
npm http fetch GET 200 https://vlt-451504312483.d.codeartifact.us-east-1.amazonaws.com/npm/code-artifact-benchmark-test/vinyl 93ms (cache miss)
npm http fetch GET 200 https://vlt-451504312483.d.codeartifact.us-east-1.amazonaws.com/npm/code-artifact-benchmark-test/csslint 201ms (cache miss)
npm http fetch GET 200 https://vlt-451504312483.d.codeartifact.us-east-1.amazonaws.com/npm/code-artifact-benchmark-test/rcloader 157ms (cache miss)
npm http fetch GET 200 https://vlt-451504312483.d.codeartifact.us-east-1.amazonaws.com/npm/code-artifact-benchmark-test/through2 177ms (cache updated)
npm http fetch GET 200 https://vlt-451504312483.d.codeartifact.us-east-1.amazonaws.com/npm/code-artifact-benchmark-test/fancy-log 176ms (cache miss)
npm http fetch GET 200 https://vlt-451504312483.d.codeartifact.us-east-1.amazonaws.com/npm/code-artifact-benchmark-test/plugin-error 156ms (cache miss)
npm http fetch GET 200 https://vlt-451504312483.d.codeartifact.us-east-1.amazonaws.com/npm/code-artifact-benchmark-test/cssnano 229ms (cache updated)
npm http fetch GET 200 https://vlt-451504312483.d.codeartifact.us-east-1.amazonaws.com/npm/code-artifact-benchmark-test/buffer-from 132ms (cache miss)
npm http fetch GET 200 https://vlt-451504312483.d.codeartifact.us-east-1.amazonaws.com/npm/code-artifact-benchmark-test/vinyl-sourcemaps-apply 149ms (cache miss)
npm http fetch GET 200 https://vlt-451504312483.d.codeartifact.us-east-1.amazonaws.com/npm/code-artifact-benchmark-test/through2 149ms (cache updated)
npm http fetch GET 200 https://vlt-451504312483.d.codeartifact.us-east-1.amazonaws.com/npm/code-artifact-benchmark-test/less 203ms (cache updated)
npm http fetch GET 200 https://vlt-451504312483.d.codeartifact.us-east-1.amazonaws.com/npm/code-artifact-benchmark-test/replace-ext 191ms (cache miss)
npm http fetch GET 200 https://vlt-451504312483.d.codeartifact.us-east-1.amazonaws.com/npm/code-artifact-benchmark-test/through2 155ms (cache updated)
npm http fetch GET 200 https://vlt-451504312483.d.codeartifact.us-east-1.amazonaws.com/npm/code-artifact-benchmark-test/debug 93ms (cache updated)
npm http fetch GET 200 https://vlt-451504312483.d.codeartifact.us-east-1.amazonaws.com/npm/code-artifact-benchmark-test/chalk 179ms (cache updated)
npm http fetch GET 200 https://vlt-451504312483.d.codeartifact.us-east-1.amazonaws.com/npm/code-artifact-benchmark-test/vinyl 160ms (cache updated)
npm http fetch GET 200 https://vlt-451504312483.d.codeartifact.us-east-1.amazonaws.com/npm/code-artifact-benchmark-test/lodash.assign 159ms (cache miss)
npm http fetch GET 200 https://vlt-451504312483.d.codeartifact.us-east-1.amazonaws.com/npm/code-artifact-benchmark-test/tiny-lr 239ms (cache miss)
npm http fetch GET 200 https://vlt-451504312483.d.codeartifact.us-east-1.amazonaws.com/npm/code-artifact-benchmark-test/readable-stream 181ms (cache miss)
npm http fetch GET 200 https://vlt-451504312483.d.codeartifact.us-east-1.amazonaws.com/npm/code-artifact-benchmark-test/clean-css 220ms (cache miss)
npm http fetch GET 200 https://vlt-451504312483.d.codeartifact.us-east-1.amazonaws.com/npm/code-artifact-benchmark-test/gulp-util 207ms (cache updated)
npm http fetch GET 200 https://vlt-451504312483.d.codeartifact.us-east-1.amazonaws.com/npm/code-artifact-benchmark-test/readable-stream 183ms (cache updated)
npm http fetch GET 200 https://vlt-451504312483.d.codeartifact.us-east-1.amazonaws.com/npm/code-artifact-benchmark-test/postcss-load-config 169ms (cache miss)
npm http fetch GET 200 https://vlt-451504312483.d.codeartifact.us-east-1.amazonaws.com/npm/code-artifact-benchmark-test/vinyl-bufferstream 191ms (cache miss)
npm http fetch GET 200 https://vlt-451504312483.d.codeartifact.us-east-1.amazonaws.com/npm/code-artifact-benchmark-test/array-differ 141ms (cache miss)
npm http fetch GET 200 https://vlt-451504312483.d.codeartifact.us-east-1.amazonaws.com/npm/code-artifact-benchmark-test/array-uniq 155ms (cache miss)
npm http fetch GET 200 https://vlt-451504312483.d.codeartifact.us-east-1.amazonaws.com/npm/code-artifact-benchmark-test/chalk 145ms (cache updated)
npm http fetch GET 200 https://vlt-451504312483.d.codeartifact.us-east-1.amazonaws.com/npm/code-artifact-benchmark-test/beeper 166ms (cache miss)
npm http fetch GET 200 https://vlt-451504312483.d.codeartifact.us-east-1.amazonaws.com/npm/code-artifact-benchmark-test/dateformat 160ms (cache miss)
npm http fetch GET 200 https://vlt-451504312483.d.codeartifact.us-east-1.amazonaws.com/npm/code-artifact-benchmark-test/gulplog 154ms (cache miss)
npm http fetch GET 200 https://vlt-451504312483.d.codeartifact.us-east-1.amazonaws.com/npm/code-artifact-benchmark-test/has-gulplog 189ms (cache miss)
npm http fetch GET 200 https://vlt-451504312483.d.codeartifact.us-east-1.amazonaws.com/npm/code-artifact-benchmark-test/lodash._reevaluate 162ms (cache miss)
npm http fetch GET 200 https://vlt-451504312483.d.codeartifact.us-east-1.amazonaws.com/npm/code-artifact-benchmark-test/lodash._reescape 169ms (cache miss)
npm http fetch GET 200 https://vlt-451504312483.d.codeartifact.us-east-1.amazonaws.com/npm/code-artifact-benchmark-test/lodash._reinterpolate 202ms (cache miss)
npm http fetch GET 200 https://vlt-451504312483.d.codeartifact.us-east-1.amazonaws.com/npm/code-artifact-benchmark-test/minimist 140ms (cache updated)
npm http fetch GET 200 https://vlt-451504312483.d.codeartifact.us-east-1.amazonaws.com/npm/code-artifact-benchmark-test/lodash.template 179ms (cache miss)
npm http fetch GET 200 https://vlt-451504312483.d.codeartifact.us-east-1.amazonaws.com/npm/code-artifact-benchmark-test/multipipe 173ms (cache miss)
npm http fetch GET 200 https://vlt-451504312483.d.codeartifact.us-east-1.amazonaws.com/npm/code-artifact-benchmark-test/vinyl 151ms (cache updated)
npm http fetch GET 200 https://vlt-451504312483.d.codeartifact.us-east-1.amazonaws.com/npm/code-artifact-benchmark-test/async 167ms (cache miss)
npm http fetch GET 200 https://vlt-451504312483.d.codeartifact.us-east-1.amazonaws.com/npm/code-artifact-benchmark-test/json-stringify-safe 148ms (cache miss)
npm http fetch GET 200 https://vlt-451504312483.d.codeartifact.us-east-1.amazonaws.com/npm/code-artifact-benchmark-test/loader-utils 164ms (cache miss)
npm http fetch GET 200 https://vlt-451504312483.d.codeartifact.us-east-1.amazonaws.com/npm/code-artifact-benchmark-test/serialize-error 171ms (cache miss)
npm http fetch GET 200 https://vlt-451504312483.d.codeartifact.us-east-1.amazonaws.com/npm/code-artifact-benchmark-test/source-map-js 152ms (cache updated)
npm http fetch GET 200 https://vlt-451504312483.d.codeartifact.us-east-1.amazonaws.com/npm/code-artifact-benchmark-test/strip-comments 167ms (cache miss)
npm http fetch GET 200 https://vlt-451504312483.d.codeartifact.us-east-1.amazonaws.com/npm/code-artifact-benchmark-test/@babel%2fruntime 353ms (cache miss)
npm http fetch GET 200 https://vlt-451504312483.d.codeartifact.us-east-1.amazonaws.com/npm/code-artifact-benchmark-test/copy-anything 182ms (cache miss)
npm http fetch GET 200 https://vlt-451504312483.d.codeartifact.us-east-1.amazonaws.com/npm/code-artifact-benchmark-test/parse-node-version 148ms (cache miss)
npm http fetch GET 200 https://vlt-451504312483.d.codeartifact.us-east-1.amazonaws.com/npm/code-artifact-benchmark-test/errno 150ms (cache miss)
npm http fetch GET 200 https://vlt-451504312483.d.codeartifact.us-east-1.amazonaws.com/npm/code-artifact-benchmark-test/mime 186ms (cache miss)
npm http fetch GET 200 https://vlt-451504312483.d.codeartifact.us-east-1.amazonaws.com/npm/code-artifact-benchmark-test/needle 180ms (cache miss)
npm http fetch GET 200 https://vlt-451504312483.d.codeartifact.us-east-1.amazonaws.com/npm/code-artifact-benchmark-test/make-dir 153ms (cache miss)
npm http fetch GET 200 https://vlt-451504312483.d.codeartifact.us-east-1.amazonaws.com/npm/code-artifact-benchmark-test/source-map 153ms (cache updated)
npm http fetch GET 200 https://vlt-451504312483.d.codeartifact.us-east-1.amazonaws.com/npm/code-artifact-benchmark-test/graceful-fs 150ms (cache updated)
npm http fetch GET 200 https://vlt-451504312483.d.codeartifact.us-east-1.amazonaws.com/npm/code-artifact-benchmark-test/probe-image-size 182ms (cache miss)
npm http fetch GET 200 https://vlt-451504312483.d.codeartifact.us-east-1.amazonaws.com/npm/code-artifact-benchmark-test/draft-js 165ms (cache updated)
npm http fetch GET 200 https://vlt-451504312483.d.codeartifact.us-east-1.amazonaws.com/npm/code-artifact-benchmark-test/immutable 215ms (cache updated)
npm http fetch GET 200 https://vlt-451504312483.d.codeartifact.us-east-1.amazonaws.com/npm/code-artifact-benchmark-test/react-transition-group 148ms (cache miss)
npm http fetch GET 200 https://vlt-451504312483.d.codeartifact.us-east-1.amazonaws.com/npm/code-artifact-benchmark-test/invariant 206ms (cache miss)
npm http fetch GET 200 https://vlt-451504312483.d.codeartifact.us-east-1.amazonaws.com/npm/code-artifact-benchmark-test/mobx-react-lite 179ms (cache miss)
npm http fetch GET 200 https://vlt-451504312483.d.codeartifact.us-east-1.amazonaws.com/npm/code-artifact-benchmark-test/@babel%2fruntime 381ms (cache updated)
npm http fetch GET 200 https://vlt-451504312483.d.codeartifact.us-east-1.amazonaws.com/npm/code-artifact-benchmark-test/es6-symbol 154ms (cache miss)
npm http fetch GET 200 https://vlt-451504312483.d.codeartifact.us-east-1.amazonaws.com/npm/code-artifact-benchmark-test/react-is 670ms (cache miss)
npm http fetch GET 200 https://vlt-451504312483.d.codeartifact.us-east-1.amazonaws.com/npm/code-artifact-benchmark-test/thenby 181ms (cache miss)
npm http fetch GET 200 https://vlt-451504312483.d.codeartifact.us-east-1.amazonaws.com/npm/code-artifact-benchmark-test/side-channel 182ms (cache miss)
npm http fetch GET 200 https://vlt-451504312483.d.codeartifact.us-east-1.amazonaws.com/npm/code-artifact-benchmark-test/es-define-property 168ms (cache miss)
npm http fetch GET 200 https://vlt-451504312483.d.codeartifact.us-east-1.amazonaws.com/npm/code-artifact-benchmark-test/loader-utils 184ms (cache updated)
npm http fetch GET 200 https://vlt-451504312483.d.codeartifact.us-east-1.amazonaws.com/npm/code-artifact-benchmark-test/schema-utils 150ms (cache updated)
npm http fetch GET 200 https://vlt-451504312483.d.codeartifact.us-east-1.amazonaws.com/npm/code-artifact-benchmark-test/classnames 168ms (cache miss)
npm http fetch GET 200 https://vlt-451504312483.d.codeartifact.us-east-1.amazonaws.com/npm/code-artifact-benchmark-test/rc-util 220ms (cache miss)
npm http fetch GET 200 https://vlt-451504312483.d.codeartifact.us-east-1.amazonaws.com/npm/code-artifact-benchmark-test/@react-dnd%2finvariant 155ms (cache miss)
npm http fetch GET 200 https://vlt-451504312483.d.codeartifact.us-east-1.amazonaws.com/npm/code-artifact-benchmark-test/@babel%2fruntime 342ms (cache updated)
npm http fetch GET 200 https://vlt-451504312483.d.codeartifact.us-east-1.amazonaws.com/npm/code-artifact-benchmark-test/@react-dnd%2fshallowequal 169ms (cache miss)
npm http fetch GET 200 https://vlt-451504312483.d.codeartifact.us-east-1.amazonaws.com/npm/code-artifact-benchmark-test/react-transition-group 377ms (cache updated)
npm http fetch GET 200 https://vlt-451504312483.d.codeartifact.us-east-1.amazonaws.com/npm/code-artifact-benchmark-test/dnd-core 186ms (cache miss)
npm http fetch GET 200 https://vlt-451504312483.d.codeartifact.us-east-1.amazonaws.com/npm/code-artifact-benchmark-test/hoist-non-react-statics 139ms (cache miss)
npm http fetch GET 200 https://vlt-451504312483.d.codeartifact.us-east-1.amazonaws.com/npm/code-artifact-benchmark-test/dnd-core 166ms (cache miss)
npm http fetch GET 200 https://vlt-451504312483.d.codeartifact.us-east-1.amazonaws.com/npm/code-artifact-benchmark-test/classnames 154ms (cache updated)
npm http fetch GET 200 https://vlt-451504312483.d.codeartifact.us-east-1.amazonaws.com/npm/code-artifact-benchmark-test/draftjs-utils 186ms (cache miss)
npm http fetch GET 200 https://vlt-451504312483.d.codeartifact.us-east-1.amazonaws.com/npm/code-artifact-benchmark-test/html-to-draftjs 159ms (cache miss)
npm http fetch GET 200 https://vlt-451504312483.d.codeartifact.us-east-1.amazonaws.com/npm/code-artifact-benchmark-test/linkify-it 158ms (cache miss)
npm http fetch GET 200 https://vlt-451504312483.d.codeartifact.us-east-1.amazonaws.com/npm/code-artifact-benchmark-test/attr-accept 168ms (cache miss)
npm http fetch GET 200 https://vlt-451504312483.d.codeartifact.us-east-1.amazonaws.com/npm/code-artifact-benchmark-test/file-selector 176ms (cache miss)
npm http fetch GET 200 https://vlt-451504312483.d.codeartifact.us-east-1.amazonaws.com/npm/code-artifact-benchmark-test/clsx 153ms (cache miss)
npm http fetch GET 200 https://vlt-451504312483.d.codeartifact.us-east-1.amazonaws.com/npm/code-artifact-benchmark-test/fast-equals 189ms (cache miss)
npm http fetch GET 200 https://vlt-451504312483.d.codeartifact.us-east-1.amazonaws.com/npm/code-artifact-benchmark-test/react-draggable 183ms (cache miss)
npm http fetch GET 200 https://vlt-451504312483.d.codeartifact.us-east-1.amazonaws.com/npm/code-artifact-benchmark-test/react-resizable 172ms (cache miss)
npm http fetch GET 200 https://vlt-451504312483.d.codeartifact.us-east-1.amazonaws.com/npm/code-artifact-benchmark-test/resize-observer-polyfill 166ms (cache miss)
npm http fetch GET 200 https://vlt-451504312483.d.codeartifact.us-east-1.amazonaws.com/npm/code-artifact-benchmark-test/fast-levenshtein 158ms (cache miss)
npm http fetch GET 200 https://vlt-451504312483.d.codeartifact.us-east-1.amazonaws.com/npm/code-artifact-benchmark-test/highcharts 190ms (cache updated)
npm http fetch GET 200 https://vlt-451504312483.d.codeartifact.us-east-1.amazonaws.com/npm/code-artifact-benchmark-test/hoist-non-react-statics 146ms (cache updated)
npm http fetch GET 200 https://vlt-451504312483.d.codeartifact.us-east-1.amazonaws.com/npm/code-artifact-benchmark-test/global 212ms (cache miss)
npm http fetch GET 200 https://vlt-451504312483.d.codeartifact.us-east-1.amazonaws.com/npm/code-artifact-benchmark-test/loader-utils 159ms (cache updated)
npm http fetch GET 200 https://vlt-451504312483.d.codeartifact.us-east-1.amazonaws.com/npm/code-artifact-benchmark-test/react-lifecycles-compat 168ms (cache miss)
npm http fetch GET 200 https://vlt-451504312483.d.codeartifact.us-east-1.amazonaws.com/npm/code-artifact-benchmark-test/shallowequal 168ms (cache miss)
npm http fetch GET 200 https://vlt-451504312483.d.codeartifact.us-east-1.amazonaws.com/npm/code-artifact-benchmark-test/source-map 162ms (cache updated)
npm http fetch GET 200 https://vlt-451504312483.d.codeartifact.us-east-1.amazonaws.com/npm/code-artifact-benchmark-test/classnames 160ms (cache updated)
npm http fetch GET 200 https://vlt-451504312483.d.codeartifact.us-east-1.amazonaws.com/npm/code-artifact-benchmark-test/get-node-dimensions 165ms (cache miss)
npm http fetch GET 200 https://vlt-451504312483.d.codeartifact.us-east-1.amazonaws.com/npm/code-artifact-benchmark-test/resize-observer-polyfill 159ms (cache updated)
npm http fetch GET 200 https://vlt-451504312483.d.codeartifact.us-east-1.amazonaws.com/npm/code-artifact-benchmark-test/smart-mixin 150ms (cache miss)
npm http fetch GET 200 https://vlt-451504312483.d.codeartifact.us-east-1.amazonaws.com/npm/code-artifact-benchmark-test/@babel%2fruntime 352ms (cache updated)
npm http fetch GET 200 https://vlt-451504312483.d.codeartifact.us-east-1.amazonaws.com/npm/code-artifact-benchmark-test/shallow-equal 139ms (cache miss)
npm http fetch GET 200 https://vlt-451504312483.d.codeartifact.us-east-1.amazonaws.com/npm/code-artifact-benchmark-test/matchmediaquery 177ms (cache miss)
npm http fetch GET 200 https://vlt-451504312483.d.codeartifact.us-east-1.amazonaws.com/npm/code-artifact-benchmark-test/hyphenate-style-name 160ms (cache miss)
npm http fetch GET 200 https://vlt-451504312483.d.codeartifact.us-east-1.amazonaws.com/npm/code-artifact-benchmark-test/classnames 149ms (cache updated)
npm http fetch GET 200 https://vlt-451504312483.d.codeartifact.us-east-1.amazonaws.com/npm/code-artifact-benchmark-test/lodash.throttle 150ms (cache miss)
npm http fetch GET 200 https://vlt-451504312483.d.codeartifact.us-east-1.amazonaws.com/npm/code-artifact-benchmark-test/react-resize-detector 204ms (cache miss)
npm http fetch GET 200 https://vlt-451504312483.d.codeartifact.us-east-1.amazonaws.com/npm/code-artifact-benchmark-test/@remix-run%2frouter 199ms (cache miss)
npm http fetch GET 200 https://vlt-451504312483.d.codeartifact.us-east-1.amazonaws.com/npm/code-artifact-benchmark-test/@remix-run%2frouter 217ms (cache miss)
npm http fetch GET 200 https://vlt-451504312483.d.codeartifact.us-east-1.amazonaws.com/npm/code-artifact-benchmark-test/classnames 152ms (cache updated)
npm http fetch GET 200 https://vlt-451504312483.d.codeartifact.us-east-1.amazonaws.com/npm/code-artifact-benchmark-test/classnames 91ms (cache updated)
npm http fetch GET 200 https://vlt-451504312483.d.codeartifact.us-east-1.amazonaws.com/npm/code-artifact-benchmark-test/react-input-autosize 168ms (cache miss)
npm http fetch GET 200 https://vlt-451504312483.d.codeartifact.us-east-1.amazonaws.com/npm/code-artifact-benchmark-test/tiny-invariant 174ms (cache miss)
npm http fetch GET 200 https://vlt-451504312483.d.codeartifact.us-east-1.amazonaws.com/npm/code-artifact-benchmark-test/classnames 94ms (cache updated)
npm http fetch GET 200 https://vlt-451504312483.d.codeartifact.us-east-1.amazonaws.com/npm/code-artifact-benchmark-test/@floating-ui%2fdom 173ms (cache miss)
npm http fetch GET 200 https://vlt-451504312483.d.codeartifact.us-east-1.amazonaws.com/npm/code-artifact-benchmark-test/clsx 156ms (cache updated)
npm http fetch GET 200 https://vlt-451504312483.d.codeartifact.us-east-1.amazonaws.com/npm/code-artifact-benchmark-test/dom-helpers 153ms (cache miss)
npm http fetch GET 200 https://vlt-451504312483.d.codeartifact.us-east-1.amazonaws.com/npm/code-artifact-benchmark-test/@babel%2fruntime 201ms (cache updated)
npm http fetch GET 200 https://vlt-451504312483.d.codeartifact.us-east-1.amazonaws.com/npm/code-artifact-benchmark-test/consolidated-events 161ms (cache miss)
npm http fetch GET 200 https://vlt-451504312483.d.codeartifact.us-east-1.amazonaws.com/npm/code-artifact-benchmark-test/meow 160ms (cache miss)
npm http fetch GET 200 https://vlt-451504312483.d.codeartifact.us-east-1.amazonaws.com/npm/code-artifact-benchmark-test/@babel%2fruntime 351ms (cache updated)
npm http fetch GET 200 https://vlt-451504312483.d.codeartifact.us-east-1.amazonaws.com/npm/code-artifact-benchmark-test/debug 170ms (cache updated)
npm http fetch GET 200 https://vlt-451504312483.d.codeartifact.us-east-1.amazonaws.com/npm/code-artifact-benchmark-test/table 178ms (cache miss)
npm http fetch GET 200 https://vlt-451504312483.d.codeartifact.us-east-1.amazonaws.com/npm/code-artifact-benchmark-test/colord 191ms (cache miss)
npm http fetch GET 200 https://vlt-451504312483.d.codeartifact.us-east-1.amazonaws.com/npm/code-artifact-benchmark-test/globby 158ms (cache miss)
npm http fetch GET 200 https://vlt-451504312483.d.codeartifact.us-east-1.amazonaws.com/npm/code-artifact-benchmark-test/react-is 608ms (cache updated)
npm http fetch GET 200 https://vlt-451504312483.d.codeartifact.us-east-1.amazonaws.com/npm/code-artifact-benchmark-test/ignore 162ms (cache updated)
npm http fetch GET 200 https://vlt-451504312483.d.codeartifact.us-east-1.amazonaws.com/npm/code-artifact-benchmark-test/css-tree 205ms (cache miss)
npm http fetch GET 200 https://vlt-451504312483.d.codeartifact.us-east-1.amazonaws.com/npm/code-artifact-benchmark-test/globjoin 151ms (cache miss)
npm http fetch GET 200 https://vlt-451504312483.d.codeartifact.us-east-1.amazonaws.com/npm/code-artifact-benchmark-test/svg-tags 157ms (cache miss)
npm http fetch GET 200 https://vlt-451504312483.d.codeartifact.us-east-1.amazonaws.com/npm/code-artifact-benchmark-test/fast-glob 184ms (cache miss)
npm http fetch GET 200 https://vlt-451504312483.d.codeartifact.us-east-1.amazonaws.com/npm/code-artifact-benchmark-test/html-tags 206ms (cache miss)
npm http fetch GET 200 https://vlt-451504312483.d.codeartifact.us-east-1.amazonaws.com/npm/code-artifact-benchmark-test/micromatch 160ms (cache miss)
npm http fetch GET 200 https://vlt-451504312483.d.codeartifact.us-east-1.amazonaws.com/npm/code-artifact-benchmark-test/resolve-from 147ms (cache miss)
npm http fetch GET 200 https://vlt-451504312483.d.codeartifact.us-east-1.amazonaws.com/npm/code-artifact-benchmark-test/cosmiconfig 191ms (cache miss)
npm http fetch GET 200 https://vlt-451504312483.d.codeartifact.us-east-1.amazonaws.com/npm/code-artifact-benchmark-test/string-width 164ms (cache miss)
npm http fetch GET 200 https://vlt-451504312483.d.codeartifact.us-east-1.amazonaws.com/npm/code-artifact-benchmark-test/balanced-match 140ms (cache miss)
npm http fetch GET 200 https://vlt-451504312483.d.codeartifact.us-east-1.amazonaws.com/npm/code-artifact-benchmark-test/global-modules 138ms (cache miss)
npm http fetch GET 200 https://vlt-451504312483.d.codeartifact.us-east-1.amazonaws.com/npm/code-artifact-benchmark-test/normalize-path 149ms (cache miss)
npm http fetch GET 200 https://vlt-451504312483.d.codeartifact.us-east-1.amazonaws.com/npm/code-artifact-benchmark-test/is-plain-object 165ms (cache miss)
npm http fetch GET 200 https://vlt-451504312483.d.codeartifact.us-east-1.amazonaws.com/npm/code-artifact-benchmark-test/file-entry-cache 171ms (cache updated)
npm http fetch GET 200 https://vlt-451504312483.d.codeartifact.us-east-1.amazonaws.com/npm/code-artifact-benchmark-test/mathml-tag-names 177ms (cache miss)
npm http fetch GET 200 https://vlt-451504312483.d.codeartifact.us-east-1.amazonaws.com/npm/code-artifact-benchmark-test/css-functions-list 170ms (cache miss)
npm http fetch GET 200 https://vlt-451504312483.d.codeartifact.us-east-1.amazonaws.com/npm/code-artifact-benchmark-test/fastest-levenshtein 171ms (cache miss)
npm http fetch GET 200 https://vlt-451504312483.d.codeartifact.us-east-1.amazonaws.com/npm/code-artifact-benchmark-test/write-file-atomic 253ms (cache miss)
npm http fetch GET 200 https://vlt-451504312483.d.codeartifact.us-east-1.amazonaws.com/npm/code-artifact-benchmark-test/postcss-safe-parser 178ms (cache miss)
npm http fetch GET 200 https://vlt-451504312483.d.codeartifact.us-east-1.amazonaws.com/npm/code-artifact-benchmark-test/known-css-properties 175ms (cache miss)
npm http fetch GET 200 https://vlt-451504312483.d.codeartifact.us-east-1.amazonaws.com/npm/code-artifact-benchmark-test/supports-hyperlinks 192ms (cache miss)
npm http fetch GET 200 https://vlt-451504312483.d.codeartifact.us-east-1.amazonaws.com/npm/code-artifact-benchmark-test/@csstools%2fcss-tokenizer 179ms (cache miss)
npm http fetch GET 200 https://vlt-451504312483.d.codeartifact.us-east-1.amazonaws.com/npm/code-artifact-benchmark-test/postcss-selector-parser 177ms (cache miss)
npm http fetch GET 200 https://vlt-451504312483.d.codeartifact.us-east-1.amazonaws.com/npm/code-artifact-benchmark-test/@csstools%2fselector-specificity 170ms (cache miss)
npm http fetch GET 200 https://vlt-451504312483.d.codeartifact.us-east-1.amazonaws.com/npm/code-artifact-benchmark-test/@csstools%2fcss-parser-algorithms 155ms (cache miss)
npm http fetch GET 200 https://vlt-451504312483.d.codeartifact.us-east-1.amazonaws.com/npm/code-artifact-benchmark-test/@dual-bundle%2fimport-meta-resolve 139ms (cache miss)
npm http fetch GET 200 https://vlt-451504312483.d.codeartifact.us-east-1.amazonaws.com/npm/code-artifact-benchmark-test/postcss-resolve-nested-selector 209ms (cache miss)
npm http fetch GET 200 https://vlt-451504312483.d.codeartifact.us-east-1.amazonaws.com/npm/code-artifact-benchmark-test/@csstools%2fmedia-query-list-parser 157ms (cache miss)
npm http fetch GET 200 https://vlt-451504312483.d.codeartifact.us-east-1.amazonaws.com/npm/code-artifact-benchmark-test/@csstools%2fcss-syntax-patches-for-csstree 167ms (cache miss)
npm http fetch GET 200 https://vlt-451504312483.d.codeartifact.us-east-1.amazonaws.com/npm/code-artifact-benchmark-test/mime 165ms (cache updated)
npm http fetch GET 200 https://vlt-451504312483.d.codeartifact.us-east-1.amazonaws.com/npm/code-artifact-benchmark-test/debug 189ms (cache updated)
npm http fetch GET 200 https://vlt-451504312483.d.codeartifact.us-east-1.amazonaws.com/npm/code-artifact-benchmark-test/semver 180ms (cache updated)
npm http fetch GET 200 https://vlt-451504312483.d.codeartifact.us-east-1.amazonaws.com/npm/code-artifact-benchmark-test/cookiejar 152ms (cache miss)
npm http fetch GET 200 https://vlt-451504312483.d.codeartifact.us-east-1.amazonaws.com/npm/code-artifact-benchmark-test/form-data 194ms (cache miss)
npm http fetch GET 200 https://vlt-451504312483.d.codeartifact.us-east-1.amazonaws.com/npm/code-artifact-benchmark-test/component-emitter 139ms (cache miss)
npm http fetch GET 200 https://vlt-451504312483.d.codeartifact.us-east-1.amazonaws.com/npm/code-artifact-benchmark-test/formidable 223ms (cache miss)
npm http fetch GET 200 https://vlt-451504312483.d.codeartifact.us-east-1.amazonaws.com/npm/code-artifact-benchmark-test/fast-safe-stringify 157ms (cache miss)
npm http fetch GET 200 https://vlt-451504312483.d.codeartifact.us-east-1.amazonaws.com/npm/code-artifact-benchmark-test/ws 190ms (cache miss)
npm http fetch GET 200 https://vlt-451504312483.d.codeartifact.us-east-1.amazonaws.com/npm/code-artifact-benchmark-test/sirv 179ms (cache miss)
npm http fetch GET 200 https://vlt-451504312483.d.codeartifact.us-east-1.amazonaws.com/npm/code-artifact-benchmark-test/acorn 176ms (cache miss)
npm http fetch GET 200 https://vlt-451504312483.d.codeartifact.us-east-1.amazonaws.com/npm/code-artifact-benchmark-test/opener 146ms (cache miss)
npm http fetch GET 200 https://vlt-451504312483.d.codeartifact.us-east-1.amazonaws.com/npm/code-artifact-benchmark-test/debounce 165ms (cache miss)
npm http fetch GET 200 https://vlt-451504312483.d.codeartifact.us-east-1.amazonaws.com/npm/code-artifact-benchmark-test/commander 160ms (cache miss)
npm http fetch GET 200 https://vlt-451504312483.d.codeartifact.us-east-1.amazonaws.com/npm/code-artifact-benchmark-test/acorn-walk 159ms (cache miss)
npm http fetch GET 200 https://vlt-451504312483.d.codeartifact.us-east-1.amazonaws.com/npm/code-artifact-benchmark-test/gzip-size 241ms (cache miss)
npm http fetch GET 200 https://vlt-451504312483.d.codeartifact.us-east-1.amazonaws.com/npm/code-artifact-benchmark-test/html-escaper 148ms (cache miss)
npm http fetch GET 200 https://vlt-451504312483.d.codeartifact.us-east-1.amazonaws.com/npm/code-artifact-benchmark-test/@discoveryjs%2fjson-ext 138ms (cache miss)
npm http fetch GET 200 https://vlt-451504312483.d.codeartifact.us-east-1.amazonaws.com/npm/code-artifact-benchmark-test/strip-ansi 158ms (cache updated)
npm http fetch GET 200 https://vlt-451504312483.d.codeartifact.us-east-1.amazonaws.com/npm/code-artifact-benchmark-test/html-entities 153ms (cache miss)
npm http fetch GET 200 https://vlt-451504312483.d.codeartifact.us-east-1.amazonaws.com/npm/code-artifact-benchmark-test/ansi-html-community 174ms (cache miss)
npm http fetch GET 200 https://vlt-451504312483.d.codeartifact.us-east-1.amazonaws.com/npm/code-artifact-benchmark-test/node-notifier 204ms (cache miss)
npm http fetch GET 200 https://vlt-451504312483.d.codeartifact.us-east-1.amazonaws.com/npm/code-artifact-benchmark-test/@types%2fnode-notifier 224ms (cache miss)
npm http fetch GET 200 https://vlt-451504312483.d.codeartifact.us-east-1.amazonaws.com/npm/code-artifact-benchmark-test/@babel%2fcore 229ms (cache updated)
npm http fetch GET 200 https://vlt-451504312483.d.codeartifact.us-east-1.amazonaws.com/npm/code-artifact-benchmark-test/jsesc 148ms (cache miss)
npm http fetch GET 200 https://vlt-451504312483.d.codeartifact.us-east-1.amazonaws.com/npm/code-artifact-benchmark-test/@babel%2fhelper-validator-identifier 157ms (cache miss)
npm http fetch GET 200 https://vlt-451504312483.d.codeartifact.us-east-1.amazonaws.com/npm/code-artifact-benchmark-test/js-tokens 186ms (cache miss)
npm http fetch GET 200 https://vlt-451504312483.d.codeartifact.us-east-1.amazonaws.com/npm/code-artifact-benchmark-test/@jridgewell%2fgen-mapping 142ms (cache miss)
npm http fetch GET 200 https://vlt-451504312483.d.codeartifact.us-east-1.amazonaws.com/npm/code-artifact-benchmark-test/@babel%2ftypes 209ms (cache updated)
npm http fetch GET 200 https://vlt-451504312483.d.codeartifact.us-east-1.amazonaws.com/npm/code-artifact-benchmark-test/@babel%2fparser 206ms (cache updated)
npm http fetch GET 200 https://vlt-451504312483.d.codeartifact.us-east-1.amazonaws.com/npm/code-artifact-benchmark-test/@jridgewell%2ftrace-mapping 147ms (cache miss)
npm http fetch GET 200 https://vlt-451504312483.d.codeartifact.us-east-1.amazonaws.com/npm/code-artifact-benchmark-test/@babel%2fhelper-validator-option 161ms (cache miss)
npm http fetch GET 200 https://vlt-451504312483.d.codeartifact.us-east-1.amazonaws.com/npm/code-artifact-benchmark-test/@babel%2fcompat-data 175ms (cache miss)
npm http fetch GET 200 https://vlt-451504312483.d.codeartifact.us-east-1.amazonaws.com/npm/code-artifact-benchmark-test/browserslist 191ms (cache updated)
npm http fetch GET 200 https://vlt-451504312483.d.codeartifact.us-east-1.amazonaws.com/npm/code-artifact-benchmark-test/@babel%2fhelper-module-imports 166ms (cache updated)
npm http fetch GET 200 https://vlt-451504312483.d.codeartifact.us-east-1.amazonaws.com/npm/code-artifact-benchmark-test/lru-cache 182ms (cache miss)
npm http fetch GET 200 https://vlt-451504312483.d.codeartifact.us-east-1.amazonaws.com/npm/code-artifact-benchmark-test/debug 175ms (cache updated)
npm http fetch GET 200 https://vlt-451504312483.d.codeartifact.us-east-1.amazonaws.com/npm/code-artifact-benchmark-test/@babel%2fhelper-globals 146ms (cache miss)
npm http fetch GET 200 https://vlt-451504312483.d.codeartifact.us-east-1.amazonaws.com/npm/code-artifact-benchmark-test/@babel%2fhelper-string-parser 145ms (cache miss)
npm http fetch GET 200 https://vlt-451504312483.d.codeartifact.us-east-1.amazonaws.com/npm/code-artifact-benchmark-test/@jridgewell%2ftrace-mapping 142ms (cache updated)
npm http fetch GET 200 https://vlt-451504312483.d.codeartifact.us-east-1.amazonaws.com/npm/code-artifact-benchmark-test/@jridgewell%2fgen-mapping 154ms (cache updated)
npm http fetch GET 200 https://vlt-451504312483.d.codeartifact.us-east-1.amazonaws.com/npm/code-artifact-benchmark-test/ms 145ms (cache miss)
npm http fetch GET 200 https://vlt-451504312483.d.codeartifact.us-east-1.amazonaws.com/npm/code-artifact-benchmark-test/@jridgewell%2fresolve-uri 151ms (cache miss)
npm http fetch GET 200 https://vlt-451504312483.d.codeartifact.us-east-1.amazonaws.com/npm/code-artifact-benchmark-test/@jridgewell%2fsourcemap-codec 166ms (cache miss)
npm http fetch GET 200 https://vlt-451504312483.d.codeartifact.us-east-1.amazonaws.com/npm/code-artifact-benchmark-test/@jridgewell%2fsourcemap-codec 169ms (cache miss)
npm http fetch GET 200 https://vlt-451504312483.d.codeartifact.us-east-1.amazonaws.com/npm/code-artifact-benchmark-test/node-releases 170ms (cache miss)
npm http fetch GET 200 https://vlt-451504312483.d.codeartifact.us-east-1.amazonaws.com/npm/code-artifact-benchmark-test/caniuse-lite 309ms (cache updated)
npm http fetch GET 200 https://vlt-451504312483.d.codeartifact.us-east-1.amazonaws.com/npm/code-artifact-benchmark-test/update-browserslist-db 168ms (cache miss)
npm http fetch GET 200 https://vlt-451504312483.d.codeartifact.us-east-1.amazonaws.com/npm/code-artifact-benchmark-test/yallist 154ms (cache miss)
npm http fetch GET 200 https://vlt-451504312483.d.codeartifact.us-east-1.amazonaws.com/npm/code-artifact-benchmark-test/baseline-browser-mapping 204ms (cache miss)
npm http fetch GET 200 https://vlt-451504312483.d.codeartifact.us-east-1.amazonaws.com/npm/code-artifact-benchmark-test/electron-to-chromium 541ms (cache miss)
npm http fetch GET 200 https://vlt-451504312483.d.codeartifact.us-east-1.amazonaws.com/npm/code-artifact-benchmark-test/js-tokens 154ms (cache updated)
npm http fetch GET 200 https://vlt-451504312483.d.codeartifact.us-east-1.amazonaws.com/npm/code-artifact-benchmark-test/detect-indent 157ms (cache miss)
npm http fetch GET 200 https://vlt-451504312483.d.codeartifact.us-east-1.amazonaws.com/npm/code-artifact-benchmark-test/chalk 177ms (cache updated)
npm http fetch GET 200 https://vlt-451504312483.d.codeartifact.us-east-1.amazonaws.com/npm/code-artifact-benchmark-test/trim-right 153ms (cache miss)
npm http fetch GET 200 https://vlt-451504312483.d.codeartifact.us-east-1.amazonaws.com/npm/code-artifact-benchmark-test/babel-template 138ms (cache updated)
npm http fetch GET 200 https://vlt-451504312483.d.codeartifact.us-east-1.amazonaws.com/npm/code-artifact-benchmark-test/jsesc 170ms (cache updated)
npm http fetch GET 200 https://vlt-451504312483.d.codeartifact.us-east-1.amazonaws.com/npm/code-artifact-benchmark-test/home-or-tmp 158ms (cache miss)
npm http fetch GET 200 https://vlt-451504312483.d.codeartifact.us-east-1.amazonaws.com/npm/code-artifact-benchmark-test/source-map-support 156ms (cache miss)
npm http fetch GET 200 https://vlt-451504312483.d.codeartifact.us-east-1.amazonaws.com/npm/code-artifact-benchmark-test/mkdirp 180ms (cache miss)
npm http fetch GET 200 https://vlt-451504312483.d.codeartifact.us-east-1.amazonaws.com/npm/code-artifact-benchmark-test/debug 180ms (cache updated)
npm http fetch GET 200 https://vlt-451504312483.d.codeartifact.us-east-1.amazonaws.com/npm/code-artifact-benchmark-test/to-fast-properties 163ms (cache miss)
npm http fetch GET 200 https://vlt-451504312483.d.codeartifact.us-east-1.amazonaws.com/npm/code-artifact-benchmark-test/globals 196ms (cache updated)
npm http fetch GET 200 https://vlt-451504312483.d.codeartifact.us-east-1.amazonaws.com/npm/code-artifact-benchmark-test/ms 147ms (cache updated)
npm http fetch GET 200 https://vlt-451504312483.d.codeartifact.us-east-1.amazonaws.com/npm/code-artifact-benchmark-test/brace-expansion 199ms (cache miss)
npm http fetch GET 200 https://vlt-451504312483.d.codeartifact.us-east-1.amazonaws.com/npm/code-artifact-benchmark-test/strip-ansi 145ms (cache updated)
npm http fetch GET 200 https://vlt-451504312483.d.codeartifact.us-east-1.amazonaws.com/npm/code-artifact-benchmark-test/ansi-styles 151ms (cache miss)
npm http fetch GET 200 https://vlt-451504312483.d.codeartifact.us-east-1.amazonaws.com/npm/code-artifact-benchmark-test/has-ansi 160ms (cache miss)
npm http fetch GET 200 https://vlt-451504312483.d.codeartifact.us-east-1.amazonaws.com/npm/code-artifact-benchmark-test/supports-color 152ms (cache miss)
npm http fetch GET 200 https://vlt-451504312483.d.codeartifact.us-east-1.amazonaws.com/npm/code-artifact-benchmark-test/path-parse 149ms (cache miss)
npm http fetch GET 200 https://vlt-451504312483.d.codeartifact.us-east-1.amazonaws.com/npm/code-artifact-benchmark-test/es-errors 179ms (cache miss)
npm http fetch GET 200 https://vlt-451504312483.d.codeartifact.us-east-1.amazonaws.com/npm/code-artifact-benchmark-test/supports-preserve-symlinks-flag 199ms (cache miss)
npm http fetch GET 200 https://vlt-451504312483.d.codeartifact.us-east-1.amazonaws.com/npm/code-artifact-benchmark-test/repeating 163ms (cache miss)
npm http fetch GET 200 https://vlt-451504312483.d.codeartifact.us-east-1.amazonaws.com/npm/code-artifact-benchmark-test/pkg-dir 152ms (cache miss)
npm http fetch GET 200 https://vlt-451504312483.d.codeartifact.us-east-1.amazonaws.com/npm/code-artifact-benchmark-test/common-path-prefix 174ms (cache miss)
npm http fetch GET 200 https://vlt-451504312483.d.codeartifact.us-east-1.amazonaws.com/npm/code-artifact-benchmark-test/ajv 279ms (cache updated)
npm http fetch GET 200 https://vlt-451504312483.d.codeartifact.us-east-1.amazonaws.com/npm/code-artifact-benchmark-test/ajv-formats 154ms (cache miss)
npm http fetch GET 200 https://vlt-451504312483.d.codeartifact.us-east-1.amazonaws.com/npm/code-artifact-benchmark-test/ajv-keywords 183ms (cache miss)
npm http fetch GET 200 https://vlt-451504312483.d.codeartifact.us-east-1.amazonaws.com/npm/code-artifact-benchmark-test/inflight 143ms (cache miss)
npm http fetch GET 200 https://vlt-451504312483.d.codeartifact.us-east-1.amazonaws.com/npm/code-artifact-benchmark-test/inherits 175ms (cache miss)
npm http fetch GET 200 https://vlt-451504312483.d.codeartifact.us-east-1.amazonaws.com/npm/code-artifact-benchmark-test/once 188ms (cache miss)
npm http fetch GET 200 https://vlt-451504312483.d.codeartifact.us-east-1.amazonaws.com/npm/code-artifact-benchmark-test/fs.realpath 167ms (cache miss)
npm http fetch GET 200 https://vlt-451504312483.d.codeartifact.us-east-1.amazonaws.com/npm/code-artifact-benchmark-test/path-scurry 161ms (cache updated)
npm http fetch GET 200 https://vlt-451504312483.d.codeartifact.us-east-1.amazonaws.com/npm/code-artifact-benchmark-test/minipass 169ms (cache updated)
npm http fetch GET 200 https://vlt-451504312483.d.codeartifact.us-east-1.amazonaws.com/npm/code-artifact-benchmark-test/minimatch 186ms (cache updated)
npm http fetch GET 200 https://vlt-451504312483.d.codeartifact.us-east-1.amazonaws.com/npm/code-artifact-benchmark-test/find-up 168ms (cache updated)
npm http fetch GET 200 https://vlt-451504312483.d.codeartifact.us-east-1.amazonaws.com/npm/code-artifact-benchmark-test/babel-helper-optimise-call-expression 165ms (cache miss)
npm http fetch GET 200 https://vlt-451504312483.d.codeartifact.us-east-1.amazonaws.com/npm/code-artifact-benchmark-test/babel-helper-replace-supers 178ms (cache miss)
npm http fetch GET 200 https://vlt-451504312483.d.codeartifact.us-east-1.amazonaws.com/npm/code-artifact-benchmark-test/babel-helper-function-name 184ms (cache miss)
npm http fetch GET 200 https://vlt-451504312483.d.codeartifact.us-east-1.amazonaws.com/npm/code-artifact-benchmark-test/babel-helper-define-map 164ms (cache miss)
npm http fetch GET 200 https://vlt-451504312483.d.codeartifact.us-east-1.amazonaws.com/npm/code-artifact-benchmark-test/babel-plugin-transform-strict-mode 162ms (cache miss)
npm http fetch GET 200 https://vlt-451504312483.d.codeartifact.us-east-1.amazonaws.com/npm/code-artifact-benchmark-test/babel-helper-function-name 188ms (cache miss)
npm http fetch GET 200 https://vlt-451504312483.d.codeartifact.us-east-1.amazonaws.com/npm/code-artifact-benchmark-test/babel-helper-hoist-variables 156ms (cache miss)
npm http fetch GET 200 https://vlt-451504312483.d.codeartifact.us-east-1.amazonaws.com/npm/code-artifact-benchmark-test/babel-helper-get-function-arity 146ms (cache miss)
npm http fetch GET 200 https://vlt-451504312483.d.codeartifact.us-east-1.amazonaws.com/npm/code-artifact-benchmark-test/babel-helper-call-delegate 182ms (cache miss)
npm http fetch GET 200 https://vlt-451504312483.d.codeartifact.us-east-1.amazonaws.com/npm/code-artifact-benchmark-test/babel-helper-regex 164ms (cache miss)
npm http fetch GET 200 https://vlt-451504312483.d.codeartifact.us-east-1.amazonaws.com/npm/code-artifact-benchmark-test/babel-helper-regex 165ms (cache miss)
npm http fetch GET 200 https://vlt-451504312483.d.codeartifact.us-east-1.amazonaws.com/npm/code-artifact-benchmark-test/regexpu-core 165ms (cache miss)
npm http fetch GET 200 https://vlt-451504312483.d.codeartifact.us-east-1.amazonaws.com/npm/code-artifact-benchmark-test/regenerator-transform 162ms (cache miss)
npm http fetch GET 200 https://vlt-451504312483.d.codeartifact.us-east-1.amazonaws.com/npm/code-artifact-benchmark-test/regjsparser 163ms (cache miss)
npm http fetch GET 200 https://vlt-451504312483.d.codeartifact.us-east-1.amazonaws.com/npm/code-artifact-benchmark-test/regjsgen 194ms (cache miss)
npm http fetch GET 200 https://vlt-451504312483.d.codeartifact.us-east-1.amazonaws.com/npm/code-artifact-benchmark-test/regenerate 207ms (cache miss)
npm http fetch GET 200 https://vlt-451504312483.d.codeartifact.us-east-1.amazonaws.com/npm/code-artifact-benchmark-test/babel-helper-builder-react-jsx 162ms (cache miss)
npm http fetch GET 200 https://vlt-451504312483.d.codeartifact.us-east-1.amazonaws.com/npm/code-artifact-benchmark-test/babel-plugin-transform-flow-strip-types 164ms (cache miss)
npm http fetch GET 200 https://vlt-451504312483.d.codeartifact.us-east-1.amazonaws.com/npm/code-artifact-benchmark-test/babel-plugin-syntax-flow 198ms (cache miss)
npm http fetch GET 200 https://vlt-451504312483.d.codeartifact.us-east-1.amazonaws.com/npm/code-artifact-benchmark-test/react 738ms (cache updated)
npm http fetch GET 200 https://vlt-451504312483.d.codeartifact.us-east-1.amazonaws.com/npm/code-artifact-benchmark-test/react-dom 916ms (cache updated)
npm http fetch GET 200 https://vlt-451504312483.d.codeartifact.us-east-1.amazonaws.com/npm/code-artifact-benchmark-test/react-proxy 207ms (cache miss)
npm http fetch GET 200 https://vlt-451504312483.d.codeartifact.us-east-1.amazonaws.com/npm/code-artifact-benchmark-test/error-stack-parser 211ms (cache miss)
npm http fetch GET 200 https://vlt-451504312483.d.codeartifact.us-east-1.amazonaws.com/npm/code-artifact-benchmark-test/sourcemapped-stacktrace 214ms (cache miss)
npm http fetch GET 200 https://vlt-451504312483.d.codeartifact.us-east-1.amazonaws.com/npm/code-artifact-benchmark-test/scheduler 641ms (cache updated)
npm http fetch GET 200 https://vlt-451504312483.d.codeartifact.us-east-1.amazonaws.com/npm/code-artifact-benchmark-test/babel-plugin-syntax-export-extensions 152ms (cache miss)
npm http fetch GET 200 https://vlt-451504312483.d.codeartifact.us-east-1.amazonaws.com/npm/code-artifact-benchmark-test/babel-plugin-syntax-class-constructor-call 188ms (cache miss)
npm http fetch GET 200 https://vlt-451504312483.d.codeartifact.us-east-1.amazonaws.com/npm/code-artifact-benchmark-test/babel-preset-stage-3 193ms (cache miss)
npm http fetch GET 200 https://vlt-451504312483.d.codeartifact.us-east-1.amazonaws.com/npm/code-artifact-benchmark-test/babel-plugin-transform-decorators 166ms (cache miss)
npm http fetch GET 200 https://vlt-451504312483.d.codeartifact.us-east-1.amazonaws.com/npm/code-artifact-benchmark-test/babel-plugin-syntax-dynamic-import 151ms (cache miss)
npm http fetch GET 200 https://vlt-451504312483.d.codeartifact.us-east-1.amazonaws.com/npm/code-artifact-benchmark-test/babel-plugin-transform-class-properties 203ms (cache miss)
npm http fetch GET 200 https://vlt-451504312483.d.codeartifact.us-east-1.amazonaws.com/npm/code-artifact-benchmark-test/babel-plugin-syntax-class-properties 166ms (cache miss)
npm http fetch GET 200 https://vlt-451504312483.d.codeartifact.us-east-1.amazonaws.com/npm/code-artifact-benchmark-test/babel-plugin-syntax-trailing-function-commas 171ms (cache miss)
npm http fetch GET 200 https://vlt-451504312483.d.codeartifact.us-east-1.amazonaws.com/npm/code-artifact-benchmark-test/babel-helper-explode-class 177ms (cache miss)
npm http fetch GET 200 https://vlt-451504312483.d.codeartifact.us-east-1.amazonaws.com/npm/code-artifact-benchmark-test/babel-plugin-transform-exponentiation-operator 153ms (cache miss)
npm http fetch GET 200 https://vlt-451504312483.d.codeartifact.us-east-1.amazonaws.com/npm/code-artifact-benchmark-test/babel-plugin-transform-async-to-generator 167ms (cache miss)
npm http fetch GET 200 https://vlt-451504312483.d.codeartifact.us-east-1.amazonaws.com/npm/code-artifact-benchmark-test/babel-plugin-transform-async-generator-functions 234ms (cache miss)
npm http fetch GET 200 https://vlt-451504312483.d.codeartifact.us-east-1.amazonaws.com/npm/code-artifact-benchmark-test/babel-plugin-transform-object-rest-spread 176ms (cache miss)
npm http fetch GET 200 https://vlt-451504312483.d.codeartifact.us-east-1.amazonaws.com/npm/code-artifact-benchmark-test/babel-helper-bindify-decorators 178ms (cache miss)
npm http fetch GET 200 https://vlt-451504312483.d.codeartifact.us-east-1.amazonaws.com/npm/code-artifact-benchmark-test/babel-helper-remap-async-to-generator 158ms (cache miss)
npm http fetch GET 200 https://vlt-451504312483.d.codeartifact.us-east-1.amazonaws.com/npm/code-artifact-benchmark-test/babel-plugin-syntax-async-generators 164ms (cache miss)
npm http fetch GET 200 https://vlt-451504312483.d.codeartifact.us-east-1.amazonaws.com/npm/code-artifact-benchmark-test/babel-helper-remap-async-to-generator 302ms (cache miss)
npm http fetch GET 200 https://vlt-451504312483.d.codeartifact.us-east-1.amazonaws.com/npm/code-artifact-benchmark-test/babel-plugin-syntax-async-functions 158ms (cache miss)
npm http fetch GET 200 https://vlt-451504312483.d.codeartifact.us-east-1.amazonaws.com/npm/code-artifact-benchmark-test/babel-plugin-syntax-exponentiation-operator 162ms (cache miss)
npm http fetch GET 200 https://vlt-451504312483.d.codeartifact.us-east-1.amazonaws.com/npm/code-artifact-benchmark-test/babel-helper-builder-binary-assignment-operator-visitor 157ms (cache miss)
npm http fetch GET 200 https://vlt-451504312483.d.codeartifact.us-east-1.amazonaws.com/npm/code-artifact-benchmark-test/babel-plugin-syntax-object-rest-spread 182ms (cache miss)
npm http fetch GET 200 https://vlt-451504312483.d.codeartifact.us-east-1.amazonaws.com/npm/code-artifact-benchmark-test/babel-helper-explode-assignable-expression 175ms (cache miss)
npm http fetch GET 200 https://vlt-451504312483.d.codeartifact.us-east-1.amazonaws.com/npm/code-artifact-benchmark-test/os-tmpdir 162ms (cache miss)
npm http fetch GET 200 https://vlt-451504312483.d.codeartifact.us-east-1.amazonaws.com/npm/code-artifact-benchmark-test/os-homedir 163ms (cache miss)
npm http fetch GET 200 https://vlt-451504312483.d.codeartifact.us-east-1.amazonaws.com/npm/code-artifact-benchmark-test/minimist 163ms (cache updated)
npm http fetch GET 200 https://vlt-451504312483.d.codeartifact.us-east-1.amazonaws.com/npm/code-artifact-benchmark-test/browserslist 193ms (cache updated)
npm http fetch GET 200 https://vlt-451504312483.d.codeartifact.us-east-1.amazonaws.com/npm/code-artifact-benchmark-test/escalade 148ms (cache miss)
npm http fetch GET 200 https://vlt-451504312483.d.codeartifact.us-east-1.amazonaws.com/npm/code-artifact-benchmark-test/ansi-regex 163ms (cache miss)
npm http fetch GET 200 https://vlt-451504312483.d.codeartifact.us-east-1.amazonaws.com/npm/code-artifact-benchmark-test/ansi-regex 184ms (cache miss)
npm http fetch GET 200 https://vlt-451504312483.d.codeartifact.us-east-1.amazonaws.com/npm/code-artifact-benchmark-test/pify 153ms (cache miss)
npm http fetch GET 200 https://vlt-451504312483.d.codeartifact.us-east-1.amazonaws.com/npm/code-artifact-benchmark-test/p-map 162ms (cache miss)
npm http fetch GET 200 https://vlt-451504312483.d.codeartifact.us-east-1.amazonaws.com/npm/code-artifact-benchmark-test/globby 187ms (cache updated)
npm http fetch GET 200 https://vlt-451504312483.d.codeartifact.us-east-1.amazonaws.com/npm/code-artifact-benchmark-test/@types%2fglob 154ms (cache miss)
npm http fetch GET 200 https://vlt-451504312483.d.codeartifact.us-east-1.amazonaws.com/npm/code-artifact-benchmark-test/rimraf 170ms (cache miss)
npm http fetch GET 200 https://vlt-451504312483.d.codeartifact.us-east-1.amazonaws.com/npm/code-artifact-benchmark-test/is-path-cwd 161ms (cache miss)
npm http fetch GET 200 https://vlt-451504312483.d.codeartifact.us-east-1.amazonaws.com/npm/code-artifact-benchmark-test/is-path-in-cwd 176ms (cache miss)
npm http fetch GET 200 https://vlt-451504312483.d.codeartifact.us-east-1.amazonaws.com/npm/code-artifact-benchmark-test/postcss 207ms (cache updated)
npm http fetch GET 200 https://vlt-451504312483.d.codeartifact.us-east-1.amazonaws.com/npm/code-artifact-benchmark-test/postcss-selector-parser 179ms (cache updated)
npm http fetch GET 200 https://vlt-451504312483.d.codeartifact.us-east-1.amazonaws.com/npm/code-artifact-benchmark-test/postcss-selector-parser 183ms (cache updated)
npm http fetch GET 200 https://vlt-451504312483.d.codeartifact.us-east-1.amazonaws.com/npm/code-artifact-benchmark-test/source-map 209ms (cache updated)
npm http fetch GET 200 https://vlt-451504312483.d.codeartifact.us-east-1.amazonaws.com/npm/code-artifact-benchmark-test/cssnano-utils 170ms (cache miss)
npm http fetch GET 200 https://vlt-451504312483.d.codeartifact.us-east-1.amazonaws.com/npm/code-artifact-benchmark-test/postcss-svgo 179ms (cache miss)
npm http fetch GET 200 https://vlt-451504312483.d.codeartifact.us-east-1.amazonaws.com/npm/code-artifact-benchmark-test/postcss-calc 183ms (cache miss)
npm http fetch GET 200 https://vlt-451504312483.d.codeartifact.us-east-1.amazonaws.com/npm/code-artifact-benchmark-test/postcss-colormin 158ms (cache miss)
npm http fetch GET 200 https://vlt-451504312483.d.codeartifact.us-east-1.amazonaws.com/npm/code-artifact-benchmark-test/postcss-discard-empty 166ms (cache miss)
npm http fetch GET 200 https://vlt-451504312483.d.codeartifact.us-east-1.amazonaws.com/npm/code-artifact-benchmark-test/postcss-merge-rules 185ms (cache miss)
npm http fetch GET 200 https://vlt-451504312483.d.codeartifact.us-east-1.amazonaws.com/npm/code-artifact-benchmark-test/postcss-normalize-url 163ms (cache miss)
npm http fetch GET 200 https://vlt-451504312483.d.codeartifact.us-east-1.amazonaws.com/npm/code-artifact-benchmark-test/css-declaration-sorter 171ms (cache miss)
npm http fetch GET 200 https://vlt-451504312483.d.codeartifact.us-east-1.amazonaws.com/npm/code-artifact-benchmark-test/postcss-minify-params 209ms (cache miss)
npm http fetch GET 200 https://vlt-451504312483.d.codeartifact.us-east-1.amazonaws.com/npm/code-artifact-benchmark-test/postcss-merge-longhand 173ms (cache miss)
npm http fetch GET 200 https://vlt-451504312483.d.codeartifact.us-east-1.amazonaws.com/npm/code-artifact-benchmark-test/postcss-convert-values 221ms (cache miss)
npm http fetch GET 200 https://vlt-451504312483.d.codeartifact.us-east-1.amazonaws.com/npm/code-artifact-benchmark-test/postcss-ordered-values 226ms (cache miss)
npm http fetch GET 200 https://vlt-451504312483.d.codeartifact.us-east-1.amazonaws.com/npm/code-artifact-benchmark-test/postcss-discard-comments 160ms (cache miss)
npm http fetch GET 200 https://vlt-451504312483.d.codeartifact.us-east-1.amazonaws.com/npm/code-artifact-benchmark-test/postcss-reduce-initial 197ms (cache miss)
npm http fetch GET 200 https://vlt-451504312483.d.codeartifact.us-east-1.amazonaws.com/npm/code-artifact-benchmark-test/postcss-minify-gradients 168ms (cache miss)
npm http fetch GET 200 https://vlt-451504312483.d.codeartifact.us-east-1.amazonaws.com/npm/code-artifact-benchmark-test/postcss-minify-selectors 157ms (cache miss)
npm http fetch GET 200 https://vlt-451504312483.d.codeartifact.us-east-1.amazonaws.com/npm/code-artifact-benchmark-test/postcss-normalize-string 177ms (cache miss)
npm http fetch GET 200 https://vlt-451504312483.d.codeartifact.us-east-1.amazonaws.com/npm/code-artifact-benchmark-test/postcss-unique-selectors 179ms (cache miss)
npm http fetch GET 200 https://vlt-451504312483.d.codeartifact.us-east-1.amazonaws.com/npm/code-artifact-benchmark-test/postcss-normalize-charset 164ms (cache miss)
npm http fetch GET 200 https://vlt-451504312483.d.codeartifact.us-east-1.amazonaws.com/npm/code-artifact-benchmark-test/postcss-normalize-unicode 175ms (cache miss)
npm http fetch GET 200 https://vlt-451504312483.d.codeartifact.us-east-1.amazonaws.com/npm/code-artifact-benchmark-test/postcss-reduce-transforms 180ms (cache miss)
npm http fetch GET 200 https://vlt-451504312483.d.codeartifact.us-east-1.amazonaws.com/npm/code-artifact-benchmark-test/postcss-discard-duplicates 180ms (cache miss)
npm http fetch GET 200 https://vlt-451504312483.d.codeartifact.us-east-1.amazonaws.com/npm/code-artifact-benchmark-test/postcss-discard-overridden 150ms (cache miss)
npm http fetch GET 200 https://vlt-451504312483.d.codeartifact.us-east-1.amazonaws.com/npm/code-artifact-benchmark-test/postcss-minify-font-values 178ms (cache miss)
npm http fetch GET 200 https://vlt-451504312483.d.codeartifact.us-east-1.amazonaws.com/npm/code-artifact-benchmark-test/postcss-normalize-positions 163ms (cache miss)
npm http fetch GET 200 https://vlt-451504312483.d.codeartifact.us-east-1.amazonaws.com/npm/code-artifact-benchmark-test/postcss-normalize-repeat-style 173ms (cache miss)
npm http fetch GET 200 https://vlt-451504312483.d.codeartifact.us-east-1.amazonaws.com/npm/code-artifact-benchmark-test/postcss-normalize-whitespace 256ms (cache miss)
npm http fetch GET 200 https://vlt-451504312483.d.codeartifact.us-east-1.amazonaws.com/npm/code-artifact-benchmark-test/postcss-normalize-display-values 191ms (cache miss)
npm http fetch GET 200 https://vlt-451504312483.d.codeartifact.us-east-1.amazonaws.com/npm/code-artifact-benchmark-test/postcss-normalize-timing-functions 173ms (cache miss)
npm http fetch GET 200 https://vlt-451504312483.d.codeartifact.us-east-1.amazonaws.com/npm/code-artifact-benchmark-test/postcss-selector-parser 152ms (cache updated)
npm http fetch GET 200 https://vlt-451504312483.d.codeartifact.us-east-1.amazonaws.com/npm/code-artifact-benchmark-test/caniuse-api 157ms (cache miss)
npm http fetch GET 200 https://vlt-451504312483.d.codeartifact.us-east-1.amazonaws.com/npm/code-artifact-benchmark-test/stylehacks 195ms (cache miss)
npm http fetch GET 200 https://vlt-451504312483.d.codeartifact.us-east-1.amazonaws.com/npm/code-artifact-benchmark-test/postcss-selector-parser 170ms (cache updated)
npm http fetch GET 200 https://vlt-451504312483.d.codeartifact.us-east-1.amazonaws.com/npm/code-artifact-benchmark-test/caniuse-api 197ms (cache miss)
npm http fetch GET 200 https://vlt-451504312483.d.codeartifact.us-east-1.amazonaws.com/npm/code-artifact-benchmark-test/postcss-selector-parser 160ms (cache updated)
npm http fetch GET 200 https://vlt-451504312483.d.codeartifact.us-east-1.amazonaws.com/npm/code-artifact-benchmark-test/svgo 195ms (cache miss)
npm http fetch GET 200 https://vlt-451504312483.d.codeartifact.us-east-1.amazonaws.com/npm/code-artifact-benchmark-test/@types%2fminimatch 165ms (cache miss)
npm http fetch GET 200 https://vlt-451504312483.d.codeartifact.us-east-1.amazonaws.com/npm/code-artifact-benchmark-test/glob 176ms (cache updated)
npm http fetch GET 200 https://vlt-451504312483.d.codeartifact.us-east-1.amazonaws.com/npm/code-artifact-benchmark-test/pify 139ms (cache updated)
npm http fetch GET 200 https://vlt-451504312483.d.codeartifact.us-east-1.amazonaws.com/npm/code-artifact-benchmark-test/array-union 137ms (cache miss)
npm http fetch GET 200 https://vlt-451504312483.d.codeartifact.us-east-1.amazonaws.com/npm/code-artifact-benchmark-test/pinkie-promise 146ms (cache miss)
npm http fetch GET 200 https://vlt-451504312483.d.codeartifact.us-east-1.amazonaws.com/npm/code-artifact-benchmark-test/is-path-inside 155ms (cache updated)
npm http fetch GET 200 https://vlt-451504312483.d.codeartifact.us-east-1.amazonaws.com/npm/code-artifact-benchmark-test/glob 204ms (cache updated)
npm http fetch GET 200 https://vlt-451504312483.d.codeartifact.us-east-1.amazonaws.com/npm/code-artifact-benchmark-test/@types%2fnode 1094ms (cache miss)
npm http fetch GET 200 https://vlt-451504312483.d.codeartifact.us-east-1.amazonaws.com/npm/code-artifact-benchmark-test/undici-types 173ms (cache miss)
npm http fetch GET 200 https://vlt-451504312483.d.codeartifact.us-east-1.amazonaws.com/npm/code-artifact-benchmark-test/is-finite 159ms (cache miss)
npm http fetch GET 200 https://vlt-451504312483.d.codeartifact.us-east-1.amazonaws.com/npm/code-artifact-benchmark-test/cross-fetch 205ms (cache miss)
npm http fetch GET 200 https://vlt-451504312483.d.codeartifact.us-east-1.amazonaws.com/npm/code-artifact-benchmark-test/core-js 212ms (cache updated)
npm http fetch GET 200 https://vlt-451504312483.d.codeartifact.us-east-1.amazonaws.com/npm/code-artifact-benchmark-test/fbjs-css-vars 227ms (cache miss)
npm http fetch GET 200 https://vlt-451504312483.d.codeartifact.us-east-1.amazonaws.com/npm/code-artifact-benchmark-test/setimmediate 160ms (cache miss)
npm http fetch GET 200 https://vlt-451504312483.d.codeartifact.us-east-1.amazonaws.com/npm/code-artifact-benchmark-test/promise 175ms (cache miss)
npm http fetch GET 200 https://vlt-451504312483.d.codeartifact.us-east-1.amazonaws.com/npm/code-artifact-benchmark-test/ua-parser-js 212ms (cache miss)
npm http fetch GET 200 https://vlt-451504312483.d.codeartifact.us-east-1.amazonaws.com/npm/code-artifact-benchmark-test/filelist 187ms (cache miss)
npm http fetch GET 200 https://vlt-451504312483.d.codeartifact.us-east-1.amazonaws.com/npm/code-artifact-benchmark-test/async 219ms (cache updated)
npm http fetch GET 200 https://vlt-451504312483.d.codeartifact.us-east-1.amazonaws.com/npm/code-artifact-benchmark-test/eslint 299ms (cache updated)
npm http fetch GET 200 https://vlt-451504312483.d.codeartifact.us-east-1.amazonaws.com/npm/code-artifact-benchmark-test/strip-json-comments 151ms (cache miss)
npm http fetch GET 200 https://vlt-451504312483.d.codeartifact.us-east-1.amazonaws.com/npm/code-artifact-benchmark-test/import-fresh 171ms (cache miss)
npm http fetch GET 200 https://vlt-451504312483.d.codeartifact.us-east-1.amazonaws.com/npm/code-artifact-benchmark-test/espree 184ms (cache updated)
npm http fetch GET 200 https://vlt-451504312483.d.codeartifact.us-east-1.amazonaws.com/npm/code-artifact-benchmark-test/@humanwhocodes%2fobject-schema 166ms (cache miss)
npm http fetch GET 200 https://vlt-451504312483.d.codeartifact.us-east-1.amazonaws.com/npm/code-artifact-benchmark-test/fastq 166ms (cache miss)
npm http fetch GET 200 https://vlt-451504312483.d.codeartifact.us-east-1.amazonaws.com/npm/code-artifact-benchmark-test/@nodelib%2ffs.scandir 164ms (cache miss)
npm http fetch GET 200 https://vlt-451504312483.d.codeartifact.us-east-1.amazonaws.com/npm/code-artifact-benchmark-test/fast-json-stable-stringify 146ms (cache miss)
npm http fetch GET 200 https://vlt-451504312483.d.codeartifact.us-east-1.amazonaws.com/npm/code-artifact-benchmark-test/fast-deep-equal 168ms (cache updated)
npm http fetch GET 200 https://vlt-451504312483.d.codeartifact.us-east-1.amazonaws.com/npm/code-artifact-benchmark-test/json-schema-traverse 157ms (cache miss)
npm http fetch GET 200 https://vlt-451504312483.d.codeartifact.us-east-1.amazonaws.com/npm/code-artifact-benchmark-test/ansi-styles 143ms (cache updated)
npm http fetch GET 200 https://vlt-451504312483.d.codeartifact.us-east-1.amazonaws.com/npm/code-artifact-benchmark-test/supports-color 139ms (cache updated)
npm http fetch GET 200 https://vlt-451504312483.d.codeartifact.us-east-1.amazonaws.com/npm/code-artifact-benchmark-test/uri-js 166ms (cache miss)
npm http fetch GET 200 https://vlt-451504312483.d.codeartifact.us-east-1.amazonaws.com/npm/code-artifact-benchmark-test/which 134ms (cache miss)
npm http fetch GET 200 https://vlt-451504312483.d.codeartifact.us-east-1.amazonaws.com/npm/code-artifact-benchmark-test/path-key 169ms (cache miss)
npm http fetch GET 200 https://vlt-451504312483.d.codeartifact.us-east-1.amazonaws.com/npm/code-artifact-benchmark-test/shebang-command 201ms (cache miss)
npm http fetch GET 200 https://vlt-451504312483.d.codeartifact.us-east-1.amazonaws.com/npm/code-artifact-benchmark-test/esrecurse 136ms (cache miss)
npm http fetch GET 200 https://vlt-451504312483.d.codeartifact.us-east-1.amazonaws.com/npm/code-artifact-benchmark-test/estraverse 166ms (cache updated)
npm http fetch GET 200 https://vlt-451504312483.d.codeartifact.us-east-1.amazonaws.com/npm/code-artifact-benchmark-test/acorn 177ms (cache updated)
npm http fetch GET 200 https://vlt-451504312483.d.codeartifact.us-east-1.amazonaws.com/npm/code-artifact-benchmark-test/acorn-jsx 157ms (cache miss)
npm http fetch GET 200 https://vlt-451504312483.d.codeartifact.us-east-1.amazonaws.com/npm/code-artifact-benchmark-test/eslint-visitor-keys 160ms (cache updated)
npm http fetch GET 200 https://vlt-451504312483.d.codeartifact.us-east-1.amazonaws.com/npm/code-artifact-benchmark-test/estraverse 142ms (cache updated)
npm http fetch GET 200 https://vlt-451504312483.d.codeartifact.us-east-1.amazonaws.com/npm/code-artifact-benchmark-test/flat-cache 170ms (cache miss)
npm http fetch GET 200 https://vlt-451504312483.d.codeartifact.us-east-1.amazonaws.com/npm/code-artifact-benchmark-test/locate-path 187ms (cache miss)
npm http fetch GET 200 https://vlt-451504312483.d.codeartifact.us-east-1.amazonaws.com/npm/code-artifact-benchmark-test/path-exists 166ms (cache miss)
npm http fetch GET 200 https://vlt-451504312483.d.codeartifact.us-east-1.amazonaws.com/npm/code-artifact-benchmark-test/type-fest 201ms (cache miss)
npm http fetch GET 200 https://vlt-451504312483.d.codeartifact.us-east-1.amazonaws.com/npm/code-artifact-benchmark-test/argparse 144ms (cache miss)
npm http fetch GET 200 https://vlt-451504312483.d.codeartifact.us-east-1.amazonaws.com/npm/code-artifact-benchmark-test/is-extglob 159ms (cache miss)
npm http fetch GET 200 https://vlt-451504312483.d.codeartifact.us-east-1.amazonaws.com/npm/code-artifact-benchmark-test/prelude-ls 179ms (cache miss)
npm http fetch GET 200 https://vlt-451504312483.d.codeartifact.us-east-1.amazonaws.com/npm/code-artifact-benchmark-test/prelude-ls 143ms (cache miss)
npm http fetch GET 200 https://vlt-451504312483.d.codeartifact.us-east-1.amazonaws.com/npm/code-artifact-benchmark-test/type-check 153ms (cache miss)
npm http fetch GET 200 https://vlt-451504312483.d.codeartifact.us-east-1.amazonaws.com/npm/code-artifact-benchmark-test/ansi-regex 95ms (cache updated)
npm http fetch GET 200 https://vlt-451504312483.d.codeartifact.us-east-1.amazonaws.com/npm/code-artifact-benchmark-test/deep-is 205ms (cache miss)
npm http fetch GET 200 https://vlt-451504312483.d.codeartifact.us-east-1.amazonaws.com/npm/code-artifact-benchmark-test/word-wrap 195ms (cache miss)
npm http fetch GET 200 https://vlt-451504312483.d.codeartifact.us-east-1.amazonaws.com/npm/code-artifact-benchmark-test/parent-module 159ms (cache miss)
npm http fetch GET 200 https://vlt-451504312483.d.codeartifact.us-east-1.amazonaws.com/npm/code-artifact-benchmark-test/run-parallel 171ms (cache miss)
npm http fetch GET 200 https://vlt-451504312483.d.codeartifact.us-east-1.amazonaws.com/npm/code-artifact-benchmark-test/@nodelib%2ffs.stat 172ms (cache miss)
npm http fetch GET 200 https://vlt-451504312483.d.codeartifact.us-east-1.amazonaws.com/npm/code-artifact-benchmark-test/reusify 173ms (cache miss)
npm http fetch GET 200 https://vlt-451504312483.d.codeartifact.us-east-1.amazonaws.com/npm/code-artifact-benchmark-test/queue-microtask 154ms (cache miss)
npm http fetch GET 200 https://vlt-451504312483.d.codeartifact.us-east-1.amazonaws.com/npm/code-artifact-benchmark-test/punycode 172ms (cache miss)
npm http fetch GET 200 https://vlt-451504312483.d.codeartifact.us-east-1.amazonaws.com/npm/code-artifact-benchmark-test/shebang-regex 158ms (cache miss)
npm http fetch GET 200 https://vlt-451504312483.d.codeartifact.us-east-1.amazonaws.com/npm/code-artifact-benchmark-test/isexe 169ms (cache miss)
npm http fetch GET 200 https://vlt-451504312483.d.codeartifact.us-east-1.amazonaws.com/npm/code-artifact-benchmark-test/eslint 312ms (cache updated)
npm http fetch GET 200 https://vlt-451504312483.d.codeartifact.us-east-1.amazonaws.com/npm/code-artifact-benchmark-test/eslint-plugin-import 248ms (cache updated)
npm http fetch GET 200 https://vlt-451504312483.d.codeartifact.us-east-1.amazonaws.com/npm/code-artifact-benchmark-test/confusing-browser-globals 161ms (cache miss)
npm http fetch GET 200 https://vlt-451504312483.d.codeartifact.us-east-1.amazonaws.com/npm/code-artifact-benchmark-test/call-bound 166ms (cache miss)
npm http fetch GET 200 https://vlt-451504312483.d.codeartifact.us-east-1.amazonaws.com/npm/code-artifact-benchmark-test/call-bind 169ms (cache miss)
npm http fetch GET 200 https://vlt-451504312483.d.codeartifact.us-east-1.amazonaws.com/npm/code-artifact-benchmark-test/es-object-atoms 141ms (cache miss)
npm http fetch GET 200 https://vlt-451504312483.d.codeartifact.us-east-1.amazonaws.com/npm/code-artifact-benchmark-test/define-properties 149ms (cache miss)
npm http fetch GET 200 https://vlt-451504312483.d.codeartifact.us-east-1.amazonaws.com/npm/code-artifact-benchmark-test/has-symbols 147ms (cache miss)
npm http fetch GET 200 https://vlt-451504312483.d.codeartifact.us-east-1.amazonaws.com/npm/code-artifact-benchmark-test/object-keys 149ms (cache miss)
npm http fetch GET 200 https://vlt-451504312483.d.codeartifact.us-east-1.amazonaws.com/npm/code-artifact-benchmark-test/function-bind 170ms (cache miss)
npm http fetch GET 200 https://vlt-451504312483.d.codeartifact.us-east-1.amazonaws.com/npm/code-artifact-benchmark-test/memory-fs 188ms (cache miss)
npm http fetch GET 200 https://vlt-451504312483.d.codeartifact.us-east-1.amazonaws.com/npm/code-artifact-benchmark-test/tapable 192ms (cache updated)
npm http fetch GET 200 https://vlt-451504312483.d.codeartifact.us-east-1.amazonaws.com/npm/code-artifact-benchmark-test/has-tostringtag 129ms (cache miss)
npm http fetch GET 200 https://vlt-451504312483.d.codeartifact.us-east-1.amazonaws.com/npm/code-artifact-benchmark-test/node-exports-info 148ms (cache miss)
npm http fetch GET 200 https://vlt-451504312483.d.codeartifact.us-east-1.amazonaws.com/npm/code-artifact-benchmark-test/gopd 173ms (cache miss)
npm http fetch GET 200 https://vlt-451504312483.d.codeartifact.us-east-1.amazonaws.com/npm/code-artifact-benchmark-test/is-string 151ms (cache miss)
npm http fetch GET 200 https://vlt-451504312483.d.codeartifact.us-east-1.amazonaws.com/npm/code-artifact-benchmark-test/math-intrinsics 167ms (cache miss)
npm http fetch GET 200 https://vlt-451504312483.d.codeartifact.us-east-1.amazonaws.com/npm/code-artifact-benchmark-test/es-abstract 171ms (cache miss)
npm http fetch GET 200 https://vlt-451504312483.d.codeartifact.us-east-1.amazonaws.com/npm/code-artifact-benchmark-test/es-shim-unscopables 154ms (cache miss)
npm http fetch GET 200 https://vlt-451504312483.d.codeartifact.us-east-1.amazonaws.com/npm/code-artifact-benchmark-test/es-shim-unscopables 138ms (cache miss)
npm http fetch GET 200 https://vlt-451504312483.d.codeartifact.us-east-1.amazonaws.com/npm/code-artifact-benchmark-test/es-abstract 172ms (cache miss)
npm http fetch GET 200 https://vlt-451504312483.d.codeartifact.us-east-1.amazonaws.com/npm/code-artifact-benchmark-test/es-abstract 162ms (cache updated)
npm http fetch GET 200 https://vlt-451504312483.d.codeartifact.us-east-1.amazonaws.com/npm/code-artifact-benchmark-test/es-abstract 166ms (cache updated)
npm http fetch GET 200 https://vlt-451504312483.d.codeartifact.us-east-1.amazonaws.com/npm/code-artifact-benchmark-test/es-abstract 197ms (cache updated)
npm http fetch GET 200 https://vlt-451504312483.d.codeartifact.us-east-1.amazonaws.com/npm/code-artifact-benchmark-test/es-abstract 169ms (cache updated)
npm http fetch GET 200 https://vlt-451504312483.d.codeartifact.us-east-1.amazonaws.com/npm/code-artifact-benchmark-test/json5 167ms (cache updated)
npm http fetch GET 200 https://vlt-451504312483.d.codeartifact.us-east-1.amazonaws.com/npm/code-artifact-benchmark-test/strip-bom 149ms (cache miss)
npm http fetch GET 200 https://vlt-451504312483.d.codeartifact.us-east-1.amazonaws.com/npm/code-artifact-benchmark-test/@types%2fjson5 157ms (cache miss)
npm http fetch GET 200 https://vlt-451504312483.d.codeartifact.us-east-1.amazonaws.com/npm/code-artifact-benchmark-test/get-intrinsic 154ms (cache miss)
npm http fetch GET 200 https://vlt-451504312483.d.codeartifact.us-east-1.amazonaws.com/npm/code-artifact-benchmark-test/set-function-length 160ms (cache miss)
npm http fetch GET 200 https://vlt-451504312483.d.codeartifact.us-east-1.amazonaws.com/npm/code-artifact-benchmark-test/call-bind-apply-helpers 196ms (cache miss)
npm http fetch GET 200 https://vlt-451504312483.d.codeartifact.us-east-1.amazonaws.com/npm/code-artifact-benchmark-test/define-data-property 140ms (cache miss)
npm http fetch GET 200 https://vlt-451504312483.d.codeartifact.us-east-1.amazonaws.com/npm/code-artifact-benchmark-test/call-bind-apply-helpers 222ms (cache miss)
npm http fetch GET 200 https://vlt-451504312483.d.codeartifact.us-east-1.amazonaws.com/npm/code-artifact-benchmark-test/has-property-descriptors 186ms (cache miss)
npm http fetch GET 200 https://vlt-451504312483.d.codeartifact.us-east-1.amazonaws.com/npm/code-artifact-benchmark-test/array-buffer-byte-length 150ms (cache miss)
npm http fetch GET 200 https://vlt-451504312483.d.codeartifact.us-east-1.amazonaws.com/npm/code-artifact-benchmark-test/arraybuffer.prototype.slice 150ms (cache miss)
npm http fetch GET 200 https://vlt-451504312483.d.codeartifact.us-east-1.amazonaws.com/npm/code-artifact-benchmark-test/available-typed-arrays 155ms (cache miss)
npm http fetch GET 200 https://vlt-451504312483.d.codeartifact.us-east-1.amazonaws.com/npm/code-artifact-benchmark-test/data-view-buffer 150ms (cache miss)
npm http fetch GET 200 https://vlt-451504312483.d.codeartifact.us-east-1.amazonaws.com/npm/code-artifact-benchmark-test/data-view-byte-offset 152ms (cache miss)
npm http fetch GET 200 https://vlt-451504312483.d.codeartifact.us-east-1.amazonaws.com/npm/code-artifact-benchmark-test/data-view-byte-length 167ms (cache miss)
npm http fetch GET 200 https://vlt-451504312483.d.codeartifact.us-east-1.amazonaws.com/npm/code-artifact-benchmark-test/es-set-tostringtag 131ms (cache miss)
npm http fetch GET 200 https://vlt-451504312483.d.codeartifact.us-east-1.amazonaws.com/npm/code-artifact-benchmark-test/function.prototype.name 166ms (cache miss)
npm http fetch GET 200 https://vlt-451504312483.d.codeartifact.us-east-1.amazonaws.com/npm/code-artifact-benchmark-test/get-proto 131ms (cache miss)
npm http fetch GET 200 https://vlt-451504312483.d.codeartifact.us-east-1.amazonaws.com/npm/code-artifact-benchmark-test/es-to-primitive 187ms (cache miss)
npm http fetch GET 200 https://vlt-451504312483.d.codeartifact.us-east-1.amazonaws.com/npm/code-artifact-benchmark-test/get-symbol-description 134ms (cache miss)
npm http fetch GET 200 https://vlt-451504312483.d.codeartifact.us-east-1.amazonaws.com/npm/code-artifact-benchmark-test/has-proto 146ms (cache miss)
npm http fetch GET 200 https://vlt-451504312483.d.codeartifact.us-east-1.amazonaws.com/npm/code-artifact-benchmark-test/globalthis 165ms (cache miss)
npm http fetch GET 200 https://vlt-451504312483.d.codeartifact.us-east-1.amazonaws.com/npm/code-artifact-benchmark-test/internal-slot 155ms (cache miss)
npm http fetch GET 200 https://vlt-451504312483.d.codeartifact.us-east-1.amazonaws.com/npm/code-artifact-benchmark-test/is-callable 160ms (cache miss)
npm http fetch GET 200 https://vlt-451504312483.d.codeartifact.us-east-1.amazonaws.com/npm/code-artifact-benchmark-test/is-array-buffer 194ms (cache miss)
npm http fetch GET 200 https://vlt-451504312483.d.codeartifact.us-east-1.amazonaws.com/npm/code-artifact-benchmark-test/is-negative-zero 138ms (cache miss)
npm http fetch GET 200 https://vlt-451504312483.d.codeartifact.us-east-1.amazonaws.com/npm/code-artifact-benchmark-test/is-data-view 191ms (cache miss)
npm http fetch GET 200 https://vlt-451504312483.d.codeartifact.us-east-1.amazonaws.com/npm/code-artifact-benchmark-test/is-set 138ms (cache miss)
npm http fetch GET 200 https://vlt-451504312483.d.codeartifact.us-east-1.amazonaws.com/npm/code-artifact-benchmark-test/is-shared-array-buffer 161ms (cache miss)
npm http fetch GET 200 https://vlt-451504312483.d.codeartifact.us-east-1.amazonaws.com/npm/code-artifact-benchmark-test/is-typed-array 170ms (cache miss)
npm http fetch GET 200 https://vlt-451504312483.d.codeartifact.us-east-1.amazonaws.com/npm/code-artifact-benchmark-test/is-weakref 165ms (cache miss)
npm http fetch GET 200 https://vlt-451504312483.d.codeartifact.us-east-1.amazonaws.com/npm/code-artifact-benchmark-test/object-inspect 147ms (cache miss)
npm http fetch GET 200 https://vlt-451504312483.d.codeartifact.us-east-1.amazonaws.com/npm/code-artifact-benchmark-test/regexp.prototype.flags 154ms (cache miss)
npm http fetch GET 200 https://vlt-451504312483.d.codeartifact.us-east-1.amazonaws.com/npm/code-artifact-benchmark-test/own-keys 238ms (cache miss)
npm http fetch GET 200 https://vlt-451504312483.d.codeartifact.us-east-1.amazonaws.com/npm/code-artifact-benchmark-test/safe-array-concat 150ms (cache miss)
npm http fetch GET 200 https://vlt-451504312483.d.codeartifact.us-east-1.amazonaws.com/npm/code-artifact-benchmark-test/safe-push-apply 157ms (cache miss)
npm http fetch GET 200 https://vlt-451504312483.d.codeartifact.us-east-1.amazonaws.com/npm/code-artifact-benchmark-test/set-proto 156ms (cache miss)
npm http fetch GET 200 https://vlt-451504312483.d.codeartifact.us-east-1.amazonaws.com/npm/code-artifact-benchmark-test/stop-iteration-iterator 136ms (cache miss)
npm http fetch GET 200 https://vlt-451504312483.d.codeartifact.us-east-1.amazonaws.com/npm/code-artifact-benchmark-test/string.prototype.trim 170ms (cache miss)
npm http fetch GET 200 https://vlt-451504312483.d.codeartifact.us-east-1.amazonaws.com/npm/code-artifact-benchmark-test/string.prototype.trimstart 140ms (cache miss)
npm http fetch GET 200 https://vlt-451504312483.d.codeartifact.us-east-1.amazonaws.com/npm/code-artifact-benchmark-test/typed-array-buffer 148ms (cache miss)
npm http fetch GET 200 https://vlt-451504312483.d.codeartifact.us-east-1.amazonaws.com/npm/code-artifact-benchmark-test/typed-array-byte-length 147ms (cache miss)
npm http fetch GET 200 https://vlt-451504312483.d.codeartifact.us-east-1.amazonaws.com/npm/code-artifact-benchmark-test/typed-array-byte-offset 132ms (cache miss)
npm http fetch GET 200 https://vlt-451504312483.d.codeartifact.us-east-1.amazonaws.com/npm/code-artifact-benchmark-test/typed-array-length 163ms (cache miss)
npm http fetch GET 200 https://vlt-451504312483.d.codeartifact.us-east-1.amazonaws.com/npm/code-artifact-benchmark-test/unbox-primitive 150ms (cache miss)
npm http fetch GET 200 https://vlt-451504312483.d.codeartifact.us-east-1.amazonaws.com/npm/code-artifact-benchmark-test/which-typed-array 160ms (cache miss)
npm http fetch GET 200 https://vlt-451504312483.d.codeartifact.us-east-1.amazonaws.com/npm/code-artifact-benchmark-test/possible-typed-array-names 131ms (cache miss)
npm http fetch GET 200 https://vlt-451504312483.d.codeartifact.us-east-1.amazonaws.com/npm/code-artifact-benchmark-test/is-symbol 133ms (cache miss)
npm http fetch GET 200 https://vlt-451504312483.d.codeartifact.us-east-1.amazonaws.com/npm/code-artifact-benchmark-test/is-array-buffer 139ms (cache updated)
npm http fetch GET 200 https://vlt-451504312483.d.codeartifact.us-east-1.amazonaws.com/npm/code-artifact-benchmark-test/is-date-object 139ms (cache miss)
npm http fetch GET 200 https://vlt-451504312483.d.codeartifact.us-east-1.amazonaws.com/npm/code-artifact-benchmark-test/es-abstract-get 150ms (cache miss)
npm http fetch GET 200 https://vlt-451504312483.d.codeartifact.us-east-1.amazonaws.com/npm/code-artifact-benchmark-test/is-document.all 152ms (cache miss)
npm http fetch GET 200 https://vlt-451504312483.d.codeartifact.us-east-1.amazonaws.com/npm/code-artifact-benchmark-test/dunder-proto 137ms (cache miss)
npm http fetch GET 200 https://vlt-451504312483.d.codeartifact.us-east-1.amazonaws.com/npm/code-artifact-benchmark-test/functions-have-names 156ms (cache miss)
npm http fetch GET 200 https://vlt-451504312483.d.codeartifact.us-east-1.amazonaws.com/npm/code-artifact-benchmark-test/dunder-proto 137ms (cache miss)
npm http fetch GET 200 https://vlt-451504312483.d.codeartifact.us-east-1.amazonaws.com/npm/code-artifact-benchmark-test/is-typed-array 144ms (cache updated)
npm http fetch GET 200 https://vlt-451504312483.d.codeartifact.us-east-1.amazonaws.com/npm/code-artifact-benchmark-test/which-typed-array 166ms (cache updated)
npm http fetch GET 200 https://vlt-451504312483.d.codeartifact.us-east-1.amazonaws.com/npm/code-artifact-benchmark-test/set-function-name 175ms (cache miss)
npm http fetch GET 200 https://vlt-451504312483.d.codeartifact.us-east-1.amazonaws.com/npm/code-artifact-benchmark-test/isarray 129ms (cache miss)
npm http fetch GET 200 https://vlt-451504312483.d.codeartifact.us-east-1.amazonaws.com/npm/code-artifact-benchmark-test/for-each 123ms (cache miss)
npm http fetch GET 200 https://vlt-451504312483.d.codeartifact.us-east-1.amazonaws.com/npm/code-artifact-benchmark-test/isarray 183ms (cache miss)
npm http fetch GET 200 https://vlt-451504312483.d.codeartifact.us-east-1.amazonaws.com/npm/code-artifact-benchmark-test/for-each 132ms (cache miss)
npm http fetch GET 200 https://vlt-451504312483.d.codeartifact.us-east-1.amazonaws.com/npm/code-artifact-benchmark-test/reflect.getprototypeof 164ms (cache miss)
npm http fetch GET 200 https://vlt-451504312483.d.codeartifact.us-east-1.amazonaws.com/npm/code-artifact-benchmark-test/reflect.getprototypeof 147ms (cache miss)
npm http fetch GET 200 https://vlt-451504312483.d.codeartifact.us-east-1.amazonaws.com/npm/code-artifact-benchmark-test/has-bigints 176ms (cache miss)
npm http fetch GET 200 https://vlt-451504312483.d.codeartifact.us-east-1.amazonaws.com/npm/code-artifact-benchmark-test/which-boxed-primitive 190ms (cache miss)
npm http fetch GET 200 https://vlt-451504312483.d.codeartifact.us-east-1.amazonaws.com/npm/code-artifact-benchmark-test/language-subtag-registry 195ms (cache miss)
npm http fetch GET 200 https://vlt-451504312483.d.codeartifact.us-east-1.amazonaws.com/npm/code-artifact-benchmark-test/iterator.prototype 172ms (cache miss)
npm http fetch GET 200 https://vlt-451504312483.d.codeartifact.us-east-1.amazonaws.com/npm/code-artifact-benchmark-test/bytes 152ms (cache miss)
npm http fetch GET 200 https://vlt-451504312483.d.codeartifact.us-east-1.amazonaws.com/npm/code-artifact-benchmark-test/negotiator 158ms (cache miss)
npm http fetch GET 200 https://vlt-451504312483.d.codeartifact.us-east-1.amazonaws.com/npm/code-artifact-benchmark-test/mime-types 229ms (cache miss)
npm http fetch GET 200 https://vlt-451504312483.d.codeartifact.us-east-1.amazonaws.com/npm/code-artifact-benchmark-test/unpipe 183ms (cache miss)
npm http fetch GET 200 https://vlt-451504312483.d.codeartifact.us-east-1.amazonaws.com/npm/code-artifact-benchmark-test/destroy 180ms (cache miss)
npm http fetch GET 200 https://vlt-451504312483.d.codeartifact.us-east-1.amazonaws.com/npm/code-artifact-benchmark-test/raw-body 156ms (cache updated)
npm http fetch GET 200 https://vlt-451504312483.d.codeartifact.us-east-1.amazonaws.com/npm/code-artifact-benchmark-test/iconv-lite 183ms (cache miss)
npm http fetch GET 200 https://vlt-451504312483.d.codeartifact.us-east-1.amazonaws.com/npm/code-artifact-benchmark-test/statuses 158ms (cache updated)
npm http fetch GET 200 https://vlt-451504312483.d.codeartifact.us-east-1.amazonaws.com/npm/code-artifact-benchmark-test/http-errors 267ms (cache updated)
npm http fetch GET 200 https://vlt-451504312483.d.codeartifact.us-east-1.amazonaws.com/npm/code-artifact-benchmark-test/statuses 163ms (cache updated)
npm http fetch GET 200 https://vlt-451504312483.d.codeartifact.us-east-1.amazonaws.com/npm/code-artifact-benchmark-test/toidentifier 162ms (cache miss)
npm http fetch GET 200 https://vlt-451504312483.d.codeartifact.us-east-1.amazonaws.com/npm/code-artifact-benchmark-test/ee-first 138ms (cache miss)
npm http fetch GET 200 https://vlt-451504312483.d.codeartifact.us-east-1.amazonaws.com/npm/code-artifact-benchmark-test/ipaddr.js 153ms (cache miss)
npm http fetch GET 200 https://vlt-451504312483.d.codeartifact.us-east-1.amazonaws.com/npm/code-artifact-benchmark-test/forwarded 180ms (cache miss)
npm http fetch GET 200 https://vlt-451504312483.d.codeartifact.us-east-1.amazonaws.com/npm/code-artifact-benchmark-test/mime 182ms (cache updated)
npm http fetch GET 200 https://vlt-451504312483.d.codeartifact.us-east-1.amazonaws.com/npm/code-artifact-benchmark-test/media-typer 180ms (cache miss)
npm http fetch GET 200 https://vlt-451504312483.d.codeartifact.us-east-1.amazonaws.com/npm/code-artifact-benchmark-test/mime-types 192ms (cache updated)
npm http fetch GET 200 https://vlt-451504312483.d.codeartifact.us-east-1.amazonaws.com/npm/code-artifact-benchmark-test/mime-db 148ms (cache updated)
npm http fetch GET 200 https://vlt-451504312483.d.codeartifact.us-east-1.amazonaws.com/npm/code-artifact-benchmark-test/safer-buffer 135ms (cache miss)
npm http fetch GET 200 https://vlt-451504312483.d.codeartifact.us-east-1.amazonaws.com/npm/code-artifact-benchmark-test/asap 157ms (cache miss)
npm http fetch GET 200 https://vlt-451504312483.d.codeartifact.us-east-1.amazonaws.com/npm/code-artifact-benchmark-test/node-fetch 209ms (cache miss)
npm http fetch GET 200 https://vlt-451504312483.d.codeartifact.us-east-1.amazonaws.com/npm/code-artifact-benchmark-test/whatwg-url 154ms (cache miss)
npm http fetch GET 200 https://vlt-451504312483.d.codeartifact.us-east-1.amazonaws.com/npm/code-artifact-benchmark-test/keyv 183ms (cache miss)
npm http fetch GET 200 https://vlt-451504312483.d.codeartifact.us-east-1.amazonaws.com/npm/code-artifact-benchmark-test/rimraf 186ms (cache updated)
npm http fetch GET 200 https://vlt-451504312483.d.codeartifact.us-east-1.amazonaws.com/npm/code-artifact-benchmark-test/flatted 205ms (cache miss)
npm http fetch GET 200 https://vlt-451504312483.d.codeartifact.us-east-1.amazonaws.com/npm/code-artifact-benchmark-test/find-up 165ms (cache updated)
npm http fetch GET 200 https://vlt-451504312483.d.codeartifact.us-east-1.amazonaws.com/npm/code-artifact-benchmark-test/p-locate 145ms (cache miss)
npm http fetch GET 200 https://vlt-451504312483.d.codeartifact.us-east-1.amazonaws.com/npm/code-artifact-benchmark-test/json-buffer 140ms (cache miss)
npm http fetch GET 200 https://vlt-451504312483.d.codeartifact.us-east-1.amazonaws.com/npm/code-artifact-benchmark-test/@pkgjs%2fparseargs 141ms (cache miss)
npm http fetch GET 200 https://vlt-451504312483.d.codeartifact.us-east-1.amazonaws.com/npm/code-artifact-benchmark-test/signal-exit 163ms (cache miss)
npm http fetch GET 200 https://vlt-451504312483.d.codeartifact.us-east-1.amazonaws.com/npm/code-artifact-benchmark-test/@isaacs%2fcliui 197ms (cache miss)
npm http fetch GET 200 https://vlt-451504312483.d.codeartifact.us-east-1.amazonaws.com/npm/code-artifact-benchmark-test/brace-expansion 148ms (cache updated)
npm http fetch GET 200 https://vlt-451504312483.d.codeartifact.us-east-1.amazonaws.com/npm/code-artifact-benchmark-test/lru-cache 163ms (cache updated)
npm http fetch GET 200 https://vlt-451504312483.d.codeartifact.us-east-1.amazonaws.com/npm/code-artifact-benchmark-test/pinkie 230ms (cache miss)
npm http fetch GET 200 https://vlt-451504312483.d.codeartifact.us-east-1.amazonaws.com/npm/code-artifact-benchmark-test/anymatch 132ms (cache miss)
npm http fetch GET 200 https://vlt-451504312483.d.codeartifact.us-east-1.amazonaws.com/npm/code-artifact-benchmark-test/chokidar 184ms (cache miss)
npm http fetch GET 200 https://vlt-451504312483.d.codeartifact.us-east-1.amazonaws.com/npm/code-artifact-benchmark-test/async-done 213ms (cache miss)
npm http fetch GET 200 https://vlt-451504312483.d.codeartifact.us-east-1.amazonaws.com/npm/code-artifact-benchmark-test/is-negated-glob 142ms (cache miss)
npm http fetch GET 200 https://vlt-451504312483.d.codeartifact.us-east-1.amazonaws.com/npm/code-artifact-benchmark-test/object.defaults 139ms (cache miss)
npm http fetch GET 200 https://vlt-451504312483.d.codeartifact.us-east-1.amazonaws.com/npm/code-artifact-benchmark-test/just-debounce 175ms (cache miss)
npm http fetch GET 200 https://vlt-451504312483.d.codeartifact.us-east-1.amazonaws.com/npm/code-artifact-benchmark-test/archy 147ms (cache miss)
npm http fetch GET 200 https://vlt-451504312483.d.codeartifact.us-east-1.amazonaws.com/npm/code-artifact-benchmark-test/yargs 213ms (cache miss)
npm http fetch GET 200 https://vlt-451504312483.d.codeartifact.us-east-1.amazonaws.com/npm/code-artifact-benchmark-test/liftoff 233ms (cache miss)
npm http fetch GET 200 https://vlt-451504312483.d.codeartifact.us-east-1.amazonaws.com/npm/code-artifact-benchmark-test/v8flags 190ms (cache miss)
npm http fetch GET 200 https://vlt-451504312483.d.codeartifact.us-east-1.amazonaws.com/npm/code-artifact-benchmark-test/isobject 162ms (cache miss)
npm http fetch GET 200 https://vlt-451504312483.d.codeartifact.us-east-1.amazonaws.com/npm/code-artifact-benchmark-test/array-sort 152ms (cache miss)
npm http fetch GET 200 https://vlt-451504312483.d.codeartifact.us-east-1.amazonaws.com/npm/code-artifact-benchmark-test/matchdep 194ms (cache miss)
npm http fetch GET 200 https://vlt-451504312483.d.codeartifact.us-east-1.amazonaws.com/npm/code-artifact-benchmark-test/ansi-colors 159ms (cache miss)
npm http fetch GET 200 https://vlt-451504312483.d.codeartifact.us-east-1.amazonaws.com/npm/code-artifact-benchmark-test/mute-stdout 157ms (cache miss)
npm http fetch GET 200 https://vlt-451504312483.d.codeartifact.us-east-1.amazonaws.com/npm/code-artifact-benchmark-test/copy-props 229ms (cache miss)
npm http fetch GET 200 https://vlt-451504312483.d.codeartifact.us-east-1.amazonaws.com/npm/code-artifact-benchmark-test/color-support 150ms (cache miss)
npm http fetch GET 200 https://vlt-451504312483.d.codeartifact.us-east-1.amazonaws.com/npm/code-artifact-benchmark-test/concat-stream 177ms (cache miss)
npm http fetch GET 200 https://vlt-451504312483.d.codeartifact.us-east-1.amazonaws.com/npm/code-artifact-benchmark-test/pretty-hrtime 164ms (cache miss)
npm http fetch GET 200 https://vlt-451504312483.d.codeartifact.us-east-1.amazonaws.com/npm/code-artifact-benchmark-test/replace-homedir 160ms (cache miss)
npm http fetch GET 200 https://vlt-451504312483.d.codeartifact.us-east-1.amazonaws.com/npm/code-artifact-benchmark-test/semver-greatest-satisfied-range 164ms (cache miss)
npm http fetch GET 200 https://vlt-451504312483.d.codeartifact.us-east-1.amazonaws.com/npm/code-artifact-benchmark-test/arr-flatten 165ms (cache miss)
npm http fetch GET 200 https://vlt-451504312483.d.codeartifact.us-east-1.amazonaws.com/npm/code-artifact-benchmark-test/arr-map 159ms (cache miss)
npm http fetch GET 200 https://vlt-451504312483.d.codeartifact.us-east-1.amazonaws.com/npm/code-artifact-benchmark-test/collection-map 162ms (cache miss)
npm http fetch GET 200 https://vlt-451504312483.d.codeartifact.us-east-1.amazonaws.com/npm/code-artifact-benchmark-test/bach 192ms (cache miss)
npm http fetch GET 200 https://vlt-451504312483.d.codeartifact.us-east-1.amazonaws.com/npm/code-artifact-benchmark-test/es6-weak-map 178ms (cache miss)
npm http fetch GET 200 https://vlt-451504312483.d.codeartifact.us-east-1.amazonaws.com/npm/code-artifact-benchmark-test/last-run 235ms (cache miss)
npm http fetch GET 200 https://vlt-451504312483.d.codeartifact.us-east-1.amazonaws.com/npm/code-artifact-benchmark-test/object.reduce 217ms (cache miss)
npm http fetch GET 200 https://vlt-451504312483.d.codeartifact.us-east-1.amazonaws.com/npm/code-artifact-benchmark-test/undertaker-registry 181ms (cache miss)
npm http fetch GET 200 https://vlt-451504312483.d.codeartifact.us-east-1.amazonaws.com/npm/code-artifact-benchmark-test/pumpify 176ms (cache miss)
npm http fetch GET 200 https://vlt-451504312483.d.codeartifact.us-east-1.amazonaws.com/npm/code-artifact-benchmark-test/lead 213ms (cache miss)
npm http fetch GET 200 https://vlt-451504312483.d.codeartifact.us-east-1.amazonaws.com/npm/code-artifact-benchmark-test/lazystream 176ms (cache miss)
npm http fetch GET 200 https://vlt-451504312483.d.codeartifact.us-east-1.amazonaws.com/npm/code-artifact-benchmark-test/to-through 156ms (cache miss)
npm http fetch GET 200 https://vlt-451504312483.d.codeartifact.us-east-1.amazonaws.com/npm/code-artifact-benchmark-test/glob-stream 170ms (cache miss)
npm http fetch GET 200 https://vlt-451504312483.d.codeartifact.us-east-1.amazonaws.com/npm/code-artifact-benchmark-test/is-valid-glob 230ms (cache miss)
npm http fetch GET 200 https://vlt-451504312483.d.codeartifact.us-east-1.amazonaws.com/npm/code-artifact-benchmark-test/resolve-options 136ms (cache miss)
npm http fetch GET 200 https://vlt-451504312483.d.codeartifact.us-east-1.amazonaws.com/npm/code-artifact-benchmark-test/readable-stream 208ms (cache updated)
npm http fetch GET 200 https://vlt-451504312483.d.codeartifact.us-east-1.amazonaws.com/npm/code-artifact-benchmark-test/vinyl-sourcemap 163ms (cache miss)
npm http fetch GET 200 https://vlt-451504312483.d.codeartifact.us-east-1.amazonaws.com/npm/code-artifact-benchmark-test/fs-mkdirp-stream 160ms (cache miss)
npm http fetch GET 200 https://vlt-451504312483.d.codeartifact.us-east-1.amazonaws.com/npm/code-artifact-benchmark-test/remove-bom-buffer 192ms (cache miss)
npm http fetch GET 200 https://vlt-451504312483.d.codeartifact.us-east-1.amazonaws.com/npm/code-artifact-benchmark-test/remove-bom-stream 194ms (cache miss)
npm http fetch GET 200 https://vlt-451504312483.d.codeartifact.us-east-1.amazonaws.com/npm/code-artifact-benchmark-test/value-or-function 160ms (cache miss)
npm http fetch GET 200 https://vlt-451504312483.d.codeartifact.us-east-1.amazonaws.com/npm/code-artifact-benchmark-test/process-nextick-args 140ms (cache miss)
npm http fetch GET 200 https://vlt-451504312483.d.codeartifact.us-east-1.amazonaws.com/npm/code-artifact-benchmark-test/end-of-stream 156ms (cache miss)
npm http fetch GET 200 https://vlt-451504312483.d.codeartifact.us-east-1.amazonaws.com/npm/code-artifact-benchmark-test/micromatch 168ms (cache updated)
npm http fetch GET 200 https://vlt-451504312483.d.codeartifact.us-east-1.amazonaws.com/npm/code-artifact-benchmark-test/stream-exhaust 189ms (cache miss)
npm http fetch GET 200 https://vlt-451504312483.d.codeartifact.us-east-1.amazonaws.com/npm/code-artifact-benchmark-test/braces 183ms (cache miss)
npm http fetch GET 200 https://vlt-451504312483.d.codeartifact.us-east-1.amazonaws.com/npm/code-artifact-benchmark-test/upath 207ms (cache miss)
npm http fetch GET 200 https://vlt-451504312483.d.codeartifact.us-east-1.amazonaws.com/npm/code-artifact-benchmark-test/readdirp 163ms (cache miss)
npm http fetch GET 200 https://vlt-451504312483.d.codeartifact.us-east-1.amazonaws.com/npm/code-artifact-benchmark-test/async-each 171ms (cache miss)
npm http fetch GET 200 https://vlt-451504312483.d.codeartifact.us-east-1.amazonaws.com/npm/code-artifact-benchmark-test/glob-parent 185ms (cache updated)
npm http fetch GET 200 https://vlt-451504312483.d.codeartifact.us-east-1.amazonaws.com/npm/code-artifact-benchmark-test/is-binary-path 177ms (cache miss)
npm http fetch GET 200 https://vlt-451504312483.d.codeartifact.us-east-1.amazonaws.com/npm/code-artifact-benchmark-test/fsevents 181ms (cache miss)
npm http fetch GET 200 https://vlt-451504312483.d.codeartifact.us-east-1.amazonaws.com/npm/code-artifact-benchmark-test/array-each 163ms (cache miss)
npm http fetch GET 200 https://vlt-451504312483.d.codeartifact.us-east-1.amazonaws.com/npm/code-artifact-benchmark-test/array-slice 162ms (cache miss)
npm http fetch GET 200 https://vlt-451504312483.d.codeartifact.us-east-1.amazonaws.com/npm/code-artifact-benchmark-test/for-own 190ms (cache miss)
npm http fetch GET 200 https://vlt-451504312483.d.codeartifact.us-east-1.amazonaws.com/npm/code-artifact-benchmark-test/kind-of 152ms (cache miss)
npm http fetch GET 200 https://vlt-451504312483.d.codeartifact.us-east-1.amazonaws.com/npm/code-artifact-benchmark-test/braces 159ms (cache updated)
npm http fetch GET 200 https://vlt-451504312483.d.codeartifact.us-east-1.amazonaws.com/npm/code-artifact-benchmark-test/extglob 216ms (cache miss)
npm http fetch GET 200 https://vlt-451504312483.d.codeartifact.us-east-1.amazonaws.com/npm/code-artifact-benchmark-test/to-regex 153ms (cache miss)
npm http fetch GET 200 https://vlt-451504312483.d.codeartifact.us-east-1.amazonaws.com/npm/code-artifact-benchmark-test/arr-diff 168ms (cache miss)
npm http fetch GET 200 https://vlt-451504312483.d.codeartifact.us-east-1.amazonaws.com/npm/code-artifact-benchmark-test/nanomatch 169ms (cache miss)
npm http fetch GET 200 https://vlt-451504312483.d.codeartifact.us-east-1.amazonaws.com/npm/code-artifact-benchmark-test/regex-not 152ms (cache miss)
npm http fetch GET 200 https://vlt-451504312483.d.codeartifact.us-east-1.amazonaws.com/npm/code-artifact-benchmark-test/snapdragon 187ms (cache miss)
npm http fetch GET 200 https://vlt-451504312483.d.codeartifact.us-east-1.amazonaws.com/npm/code-artifact-benchmark-test/object.pick 180ms (cache miss)
npm http fetch GET 200 https://vlt-451504312483.d.codeartifact.us-east-1.amazonaws.com/npm/code-artifact-benchmark-test/array-unique 169ms (cache miss)
npm http fetch GET 200 https://vlt-451504312483.d.codeartifact.us-east-1.amazonaws.com/npm/code-artifact-benchmark-test/extend-shallow 161ms (cache miss)
npm http fetch GET 200 https://vlt-451504312483.d.codeartifact.us-east-1.amazonaws.com/npm/code-artifact-benchmark-test/fragment-cache 158ms (cache miss)
npm http fetch GET 200 https://vlt-451504312483.d.codeartifact.us-east-1.amazonaws.com/npm/code-artifact-benchmark-test/define-property 157ms (cache miss)
npm http fetch GET 200 https://vlt-451504312483.d.codeartifact.us-east-1.amazonaws.com/npm/code-artifact-benchmark-test/remove-trailing-separator 143ms (cache miss)
npm http fetch GET 200 https://vlt-451504312483.d.codeartifact.us-east-1.amazonaws.com/npm/code-artifact-benchmark-test/wrappy 172ms (cache miss)
npm http fetch GET 200 https://vlt-451504312483.d.codeartifact.us-east-1.amazonaws.com/npm/code-artifact-benchmark-test/fill-range 152ms (cache miss)
npm http fetch GET 200 https://vlt-451504312483.d.codeartifact.us-east-1.amazonaws.com/npm/code-artifact-benchmark-test/repeat-element 161ms (cache miss)
npm http fetch GET 200 https://vlt-451504312483.d.codeartifact.us-east-1.amazonaws.com/npm/code-artifact-benchmark-test/split-string 174ms (cache miss)
npm http fetch GET 200 https://vlt-451504312483.d.codeartifact.us-east-1.amazonaws.com/npm/code-artifact-benchmark-test/snapdragon-node 150ms (cache miss)
npm http fetch GET 200 https://vlt-451504312483.d.codeartifact.us-east-1.amazonaws.com/npm/code-artifact-benchmark-test/nan 181ms (cache miss)
npm http fetch GET 200 https://vlt-451504312483.d.codeartifact.us-east-1.amazonaws.com/npm/code-artifact-benchmark-test/bindings 190ms (cache miss)
npm http fetch GET 200 https://vlt-451504312483.d.codeartifact.us-east-1.amazonaws.com/npm/code-artifact-benchmark-test/is-glob 144ms (cache updated)
npm http fetch GET 200 https://vlt-451504312483.d.codeartifact.us-east-1.amazonaws.com/npm/code-artifact-benchmark-test/path-dirname 157ms (cache miss)
npm http fetch GET 200 https://vlt-451504312483.d.codeartifact.us-east-1.amazonaws.com/npm/code-artifact-benchmark-test/binary-extensions 152ms (cache miss)
npm http fetch GET 200 https://vlt-451504312483.d.codeartifact.us-east-1.amazonaws.com/npm/code-artifact-benchmark-test/readable-stream 183ms (cache updated)
npm http fetch GET 200 https://vlt-451504312483.d.codeartifact.us-east-1.amazonaws.com/npm/code-artifact-benchmark-test/is-number 161ms (cache miss)
npm http fetch GET 200 https://vlt-451504312483.d.codeartifact.us-east-1.amazonaws.com/npm/code-artifact-benchmark-test/is-extendable 164ms (cache miss)
npm http fetch GET 200 https://vlt-451504312483.d.codeartifact.us-east-1.amazonaws.com/npm/code-artifact-benchmark-test/repeat-string 171ms (cache miss)
npm http fetch GET 200 https://vlt-451504312483.d.codeartifact.us-east-1.amazonaws.com/npm/code-artifact-benchmark-test/to-regex-range 146ms (cache miss)
npm http fetch GET 200 https://vlt-451504312483.d.codeartifact.us-east-1.amazonaws.com/npm/code-artifact-benchmark-test/debug 173ms (cache updated)
npm http fetch GET 200 https://vlt-451504312483.d.codeartifact.us-east-1.amazonaws.com/npm/code-artifact-benchmark-test/base 215ms (cache miss)
npm http fetch GET 200 https://vlt-451504312483.d.codeartifact.us-east-1.amazonaws.com/npm/code-artifact-benchmark-test/map-cache 152ms (cache miss)
npm http fetch GET 200 https://vlt-451504312483.d.codeartifact.us-east-1.amazonaws.com/npm/code-artifact-benchmark-test/source-map-resolve 153ms (cache miss)
npm http fetch GET 200 https://vlt-451504312483.d.codeartifact.us-east-1.amazonaws.com/npm/code-artifact-benchmark-test/use 155ms (cache miss)
npm http fetch GET 200 https://vlt-451504312483.d.codeartifact.us-east-1.amazonaws.com/npm/code-artifact-benchmark-test/snapdragon-util 152ms (cache miss)
npm http fetch GET 200 https://vlt-451504312483.d.codeartifact.us-east-1.amazonaws.com/npm/code-artifact-benchmark-test/safe-regex 168ms (cache miss)
npm http fetch GET 200 https://vlt-451504312483.d.codeartifact.us-east-1.amazonaws.com/npm/code-artifact-benchmark-test/kind-of 145ms (cache updated)
npm http fetch GET 200 https://vlt-451504312483.d.codeartifact.us-east-1.amazonaws.com/npm/code-artifact-benchmark-test/file-uri-to-path 161ms (cache miss)
npm http fetch GET 200 https://vlt-451504312483.d.codeartifact.us-east-1.amazonaws.com/npm/code-artifact-benchmark-test/default-compare 159ms (cache miss)
npm http fetch GET 200 https://vlt-451504312483.d.codeartifact.us-east-1.amazonaws.com/npm/code-artifact-benchmark-test/ansi-wrap 164ms (cache miss)
npm http fetch GET 200 https://vlt-451504312483.d.codeartifact.us-east-1.amazonaws.com/npm/code-artifact-benchmark-test/get-value 238ms (cache miss)
npm http fetch GET 200 https://vlt-451504312483.d.codeartifact.us-east-1.amazonaws.com/npm/code-artifact-benchmark-test/kind-of 140ms (cache updated)
npm http fetch GET 200 https://vlt-451504312483.d.codeartifact.us-east-1.amazonaws.com/npm/code-artifact-benchmark-test/readable-stream 167ms (cache updated)
npm http fetch GET 200 https://vlt-451504312483.d.codeartifact.us-east-1.amazonaws.com/npm/code-artifact-benchmark-test/typedarray 191ms (cache miss)
npm http fetch GET 200 https://vlt-451504312483.d.codeartifact.us-east-1.amazonaws.com/npm/code-artifact-benchmark-test/each-props 165ms (cache miss)
npm http fetch GET 200 https://vlt-451504312483.d.codeartifact.us-east-1.amazonaws.com/npm/code-artifact-benchmark-test/ansi-gray 194ms (cache miss)
npm http fetch GET 200 https://vlt-451504312483.d.codeartifact.us-east-1.amazonaws.com/npm/code-artifact-benchmark-test/time-stamp 182ms (cache miss)
npm http fetch GET 200 https://vlt-451504312483.d.codeartifact.us-east-1.amazonaws.com/npm/code-artifact-benchmark-test/glogg 161ms (cache miss)
npm http fetch GET 200 https://vlt-451504312483.d.codeartifact.us-east-1.amazonaws.com/npm/code-artifact-benchmark-test/fined 167ms (cache miss)
npm http fetch GET 200 https://vlt-451504312483.d.codeartifact.us-east-1.amazonaws.com/npm/code-artifact-benchmark-test/extend 147ms (cache miss)
npm http fetch GET 200 https://vlt-451504312483.d.codeartifact.us-east-1.amazonaws.com/npm/code-artifact-benchmark-test/rechoir 158ms (cache miss)
npm http fetch GET 200 https://vlt-451504312483.d.codeartifact.us-east-1.amazonaws.com/npm/code-artifact-benchmark-test/object.map 172ms (cache miss)
npm http fetch GET 200 https://vlt-451504312483.d.codeartifact.us-east-1.amazonaws.com/npm/code-artifact-benchmark-test/findup-sync 147ms (cache miss)
npm http fetch GET 200 https://vlt-451504312483.d.codeartifact.us-east-1.amazonaws.com/npm/code-artifact-benchmark-test/flagged-respawn 150ms (cache miss)
npm http fetch GET 200 https://vlt-451504312483.d.codeartifact.us-east-1.amazonaws.com/npm/code-artifact-benchmark-test/is-plain-object 154ms (cache updated)
npm http fetch GET 200 https://vlt-451504312483.d.codeartifact.us-east-1.amazonaws.com/npm/code-artifact-benchmark-test/findup-sync 139ms (cache updated)
npm http fetch GET 200 https://vlt-451504312483.d.codeartifact.us-east-1.amazonaws.com/npm/code-artifact-benchmark-test/stack-trace 163ms (cache miss)
npm http fetch GET 200 https://vlt-451504312483.d.codeartifact.us-east-1.amazonaws.com/npm/code-artifact-benchmark-test/homedir-polyfill 159ms (cache miss)
npm http fetch GET 200 https://vlt-451504312483.d.codeartifact.us-east-1.amazonaws.com/npm/code-artifact-benchmark-test/is-absolute 162ms (cache miss)
npm http fetch GET 200 https://vlt-451504312483.d.codeartifact.us-east-1.amazonaws.com/npm/code-artifact-benchmark-test/sver-compat 171ms (cache miss)
npm http fetch GET 200 https://vlt-451504312483.d.codeartifact.us-east-1.amazonaws.com/npm/code-artifact-benchmark-test/y18n 152ms (cache miss)
npm http fetch GET 200 https://vlt-451504312483.d.codeartifact.us-east-1.amazonaws.com/npm/code-artifact-benchmark-test/cliui 178ms (cache miss)
npm http fetch GET 200 https://vlt-451504312483.d.codeartifact.us-east-1.amazonaws.com/npm/code-artifact-benchmark-test/camelcase 136ms (cache miss)
npm http fetch GET 200 https://vlt-451504312483.d.codeartifact.us-east-1.amazonaws.com/npm/code-artifact-benchmark-test/os-locale 197ms (cache miss)
npm http fetch GET 200 https://vlt-451504312483.d.codeartifact.us-east-1.amazonaws.com/npm/code-artifact-benchmark-test/decamelize 147ms (cache miss)
npm http fetch GET 200 https://vlt-451504312483.d.codeartifact.us-east-1.amazonaws.com/npm/code-artifact-benchmark-test/read-pkg-up 182ms (cache miss)
npm http fetch GET 200 https://vlt-451504312483.d.codeartifact.us-east-1.amazonaws.com/npm/code-artifact-benchmark-test/set-blocking 140ms (cache miss)
npm http fetch GET 200 https://vlt-451504312483.d.codeartifact.us-east-1.amazonaws.com/npm/code-artifact-benchmark-test/string-width 175ms (cache updated)
npm http fetch GET 200 https://vlt-451504312483.d.codeartifact.us-east-1.amazonaws.com/npm/code-artifact-benchmark-test/which-module 152ms (cache miss)
npm http fetch GET 200 https://vlt-451504312483.d.codeartifact.us-east-1.amazonaws.com/npm/code-artifact-benchmark-test/yargs-parser 179ms (cache miss)
npm http fetch GET 200 https://vlt-451504312483.d.codeartifact.us-east-1.amazonaws.com/npm/code-artifact-benchmark-test/get-caller-file 194ms (cache miss)
npm http fetch GET 200 https://vlt-451504312483.d.codeartifact.us-east-1.amazonaws.com/npm/code-artifact-benchmark-test/require-directory 171ms (cache miss)
npm http fetch GET 200 https://vlt-451504312483.d.codeartifact.us-east-1.amazonaws.com/npm/code-artifact-benchmark-test/require-main-filename 180ms (cache miss)
npm http fetch GET 200 https://vlt-451504312483.d.codeartifact.us-east-1.amazonaws.com/npm/code-artifact-benchmark-test/core-util-is 128ms (cache miss)
npm http fetch GET 200 https://vlt-451504312483.d.codeartifact.us-east-1.amazonaws.com/npm/code-artifact-benchmark-test/string_decoder 150ms (cache miss)
npm http fetch GET 200 https://vlt-451504312483.d.codeartifact.us-east-1.amazonaws.com/npm/code-artifact-benchmark-test/safe-buffer 176ms (cache updated)
npm http fetch GET 200 https://vlt-451504312483.d.codeartifact.us-east-1.amazonaws.com/npm/code-artifact-benchmark-test/util-deprecate 176ms (cache miss)
npm http fetch GET 200 https://vlt-451504312483.d.codeartifact.us-east-1.amazonaws.com/npm/code-artifact-benchmark-test/is-plain-object 169ms (cache updated)
npm http fetch GET 200 https://vlt-451504312483.d.codeartifact.us-east-1.amazonaws.com/npm/code-artifact-benchmark-test/xtend 154ms (cache miss)
npm http fetch GET 200 https://vlt-451504312483.d.codeartifact.us-east-1.amazonaws.com/npm/code-artifact-benchmark-test/clone-stats 167ms (cache miss)
npm http fetch GET 200 https://vlt-451504312483.d.codeartifact.us-east-1.amazonaws.com/npm/code-artifact-benchmark-test/clone 186ms (cache miss)
npm http fetch GET 200 https://vlt-451504312483.d.codeartifact.us-east-1.amazonaws.com/npm/code-artifact-benchmark-test/clone-buffer 179ms (cache miss)
npm http fetch GET 200 https://vlt-451504312483.d.codeartifact.us-east-1.amazonaws.com/npm/code-artifact-benchmark-test/cloneable-readable 167ms (cache miss)
npm http fetch GET 200 https://vlt-451504312483.d.codeartifact.us-east-1.amazonaws.com/npm/code-artifact-benchmark-test/clone 176ms (cache updated)
npm http fetch GET 200 https://vlt-451504312483.d.codeartifact.us-east-1.amazonaws.com/npm/code-artifact-benchmark-test/parserlib 180ms (cache miss)
npm http fetch GET 200 https://vlt-451504312483.d.codeartifact.us-east-1.amazonaws.com/npm/code-artifact-benchmark-test/arr-union 230ms (cache miss)
npm http fetch GET 200 https://vlt-451504312483.d.codeartifact.us-east-1.amazonaws.com/npm/code-artifact-benchmark-test/lodash.isobject 163ms (cache miss)
npm http fetch GET 200 https://vlt-451504312483.d.codeartifact.us-east-1.amazonaws.com/npm/code-artifact-benchmark-test/rcfinder 168ms (cache miss)
npm http fetch GET 200 https://vlt-451504312483.d.codeartifact.us-east-1.amazonaws.com/npm/code-artifact-benchmark-test/has 167ms (cache miss)
npm http fetch GET 200 https://vlt-451504312483.d.codeartifact.us-east-1.amazonaws.com/npm/code-artifact-benchmark-test/defined 169ms (cache miss)
npm http fetch GET 200 https://vlt-451504312483.d.codeartifact.us-east-1.amazonaws.com/npm/code-artifact-benchmark-test/postcss 246ms (cache updated)
npm http fetch GET 200 https://vlt-451504312483.d.codeartifact.us-east-1.amazonaws.com/npm/code-artifact-benchmark-test/decamelize 163ms (cache updated)
npm http fetch GET 200 https://vlt-451504312483.d.codeartifact.us-east-1.amazonaws.com/npm/code-artifact-benchmark-test/postcss-calc 193ms (cache updated)
npm http fetch GET 200 https://vlt-451504312483.d.codeartifact.us-east-1.amazonaws.com/npm/code-artifact-benchmark-test/autoprefixer 281ms (cache updated)
npm http fetch GET 200 https://vlt-451504312483.d.codeartifact.us-east-1.amazonaws.com/npm/code-artifact-benchmark-test/postcss-svgo 162ms (cache updated)
npm http fetch GET 200 https://vlt-451504312483.d.codeartifact.us-east-1.amazonaws.com/npm/code-artifact-benchmark-test/postcss-colormin 157ms (cache updated)
npm http fetch GET 200 https://vlt-451504312483.d.codeartifact.us-east-1.amazonaws.com/npm/code-artifact-benchmark-test/postcss-zindex 181ms (cache miss)
npm http fetch GET 200 https://vlt-451504312483.d.codeartifact.us-east-1.amazonaws.com/npm/code-artifact-benchmark-test/postcss-merge-rules 190ms (cache updated)
npm http fetch GET 200 https://vlt-451504312483.d.codeartifact.us-east-1.amazonaws.com/npm/code-artifact-benchmark-test/postcss-merge-idents 162ms (cache miss)
npm http fetch GET 200 https://vlt-451504312483.d.codeartifact.us-east-1.amazonaws.com/npm/code-artifact-benchmark-test/postcss-value-parser 152ms (cache updated)
npm http fetch GET 200 https://vlt-451504312483.d.codeartifact.us-east-1.amazonaws.com/npm/code-artifact-benchmark-test/postcss-discard-empty 186ms (cache updated)
npm http fetch GET 200 https://vlt-451504312483.d.codeartifact.us-east-1.amazonaws.com/npm/code-artifact-benchmark-test/postcss-normalize-url 170ms (cache updated)
npm http fetch GET 200 https://vlt-451504312483.d.codeartifact.us-east-1.amazonaws.com/npm/code-artifact-benchmark-test/postcss-minify-params 186ms (cache updated)
npm http fetch GET 200 https://vlt-451504312483.d.codeartifact.us-east-1.amazonaws.com/npm/code-artifact-benchmark-test/postcss-reduce-idents 214ms (cache miss)
npm http fetch GET 200 https://vlt-451504312483.d.codeartifact.us-east-1.amazonaws.com/npm/code-artifact-benchmark-test/postcss-convert-values 167ms (cache updated)
npm http fetch GET 200 https://vlt-451504312483.d.codeartifact.us-east-1.amazonaws.com/npm/code-artifact-benchmark-test/postcss-discard-unused 209ms (cache miss)
npm http fetch GET 200 https://vlt-451504312483.d.codeartifact.us-east-1.amazonaws.com/npm/code-artifact-benchmark-test/postcss-merge-longhand 161ms (cache updated)
npm http fetch GET 200 https://vlt-451504312483.d.codeartifact.us-east-1.amazonaws.com/npm/code-artifact-benchmark-test/postcss-filter-plugins 234ms (cache miss)
npm http fetch GET 200 https://vlt-451504312483.d.codeartifact.us-east-1.amazonaws.com/npm/code-artifact-benchmark-test/postcss-ordered-values 163ms (cache updated)
npm http fetch GET 200 https://vlt-451504312483.d.codeartifact.us-east-1.amazonaws.com/npm/code-artifact-benchmark-test/postcss-reduce-initial 159ms (cache updated)
npm http fetch GET 200 https://vlt-451504312483.d.codeartifact.us-east-1.amazonaws.com/npm/code-artifact-benchmark-test/postcss-discard-comments 155ms (cache updated)
npm http fetch GET 200 https://vlt-451504312483.d.codeartifact.us-east-1.amazonaws.com/npm/code-artifact-benchmark-test/postcss-minify-gradients 176ms (cache updated)
npm http fetch GET 200 https://vlt-451504312483.d.codeartifact.us-east-1.amazonaws.com/npm/code-artifact-benchmark-test/postcss-minify-selectors 183ms (cache updated)
npm http fetch GET 200 https://vlt-451504312483.d.codeartifact.us-east-1.amazonaws.com/npm/code-artifact-benchmark-test/postcss-unique-selectors 151ms (cache updated)
npm http fetch GET 200 https://vlt-451504312483.d.codeartifact.us-east-1.amazonaws.com/npm/code-artifact-benchmark-test/postcss-normalize-charset 167ms (cache updated)
npm http fetch GET 200 https://vlt-451504312483.d.codeartifact.us-east-1.amazonaws.com/npm/code-artifact-benchmark-test/postcss-discard-duplicates 153ms (cache updated)
npm http fetch GET 200 https://vlt-451504312483.d.codeartifact.us-east-1.amazonaws.com/npm/code-artifact-benchmark-test/postcss-reduce-transforms 170ms (cache updated)
npm http fetch GET 200 https://vlt-451504312483.d.codeartifact.us-east-1.amazonaws.com/npm/code-artifact-benchmark-test/postcss-discard-overridden 162ms (cache updated)
npm http fetch GET 200 https://vlt-451504312483.d.codeartifact.us-east-1.amazonaws.com/npm/code-artifact-benchmark-test/postcss-minify-font-values 185ms (cache updated)
npm http fetch GET 200 https://vlt-451504312483.d.codeartifact.us-east-1.amazonaws.com/npm/code-artifact-benchmark-test/readable-stream 97ms (cache updated)
npm http fetch GET 200 https://vlt-451504312483.d.codeartifact.us-east-1.amazonaws.com/npm/code-artifact-benchmark-test/readable-stream 176ms (cache updated)
npm http fetch GET 200 https://vlt-451504312483.d.codeartifact.us-east-1.amazonaws.com/npm/code-artifact-benchmark-test/supports-color 158ms (cache updated)
npm http fetch GET 200 https://vlt-451504312483.d.codeartifact.us-east-1.amazonaws.com/npm/code-artifact-benchmark-test/body 161ms (cache miss)
npm http fetch GET 200 https://vlt-451504312483.d.codeartifact.us-east-1.amazonaws.com/npm/code-artifact-benchmark-test/ansi-styles 172ms (cache updated)
npm http fetch GET 200 https://vlt-451504312483.d.codeartifact.us-east-1.amazonaws.com/npm/code-artifact-benchmark-test/faye-websocket 146ms (cache miss)
npm http fetch GET 200 https://vlt-451504312483.d.codeartifact.us-east-1.amazonaws.com/npm/code-artifact-benchmark-test/livereload-js 235ms (cache miss)
npm http fetch GET 200 https://vlt-451504312483.d.codeartifact.us-east-1.amazonaws.com/npm/code-artifact-benchmark-test/source-map 159ms (cache updated)
npm http fetch GET 200 https://vlt-451504312483.d.codeartifact.us-east-1.amazonaws.com/npm/code-artifact-benchmark-test/bufferstreams 173ms (cache miss)
npm http fetch GET 200 https://vlt-451504312483.d.codeartifact.us-east-1.amazonaws.com/npm/code-artifact-benchmark-test/commander 176ms (cache updated)
npm http fetch GET 200 https://vlt-451504312483.d.codeartifact.us-east-1.amazonaws.com/npm/code-artifact-benchmark-test/graceful-readlink 161ms (cache miss)
npm http fetch GET 200 https://vlt-451504312483.d.codeartifact.us-east-1.amazonaws.com/npm/code-artifact-benchmark-test/amdefine 161ms (cache miss)
npm http fetch GET 200 https://vlt-451504312483.d.codeartifact.us-east-1.amazonaws.com/npm/code-artifact-benchmark-test/yaml 200ms (cache miss)
npm http fetch GET 200 https://vlt-451504312483.d.codeartifact.us-east-1.amazonaws.com/npm/code-artifact-benchmark-test/lodash.keys 169ms (cache miss)
npm http fetch GET 200 https://vlt-451504312483.d.codeartifact.us-east-1.amazonaws.com/npm/code-artifact-benchmark-test/sparkles 178ms (cache miss)
npm http fetch GET 200 https://vlt-451504312483.d.codeartifact.us-east-1.amazonaws.com/npm/code-artifact-benchmark-test/lodash.escape 185ms (cache miss)
npm http fetch GET 200 https://vlt-451504312483.d.codeartifact.us-east-1.amazonaws.com/npm/code-artifact-benchmark-test/lodash._basevalues 160ms (cache miss)
npm http fetch GET 200 https://vlt-451504312483.d.codeartifact.us-east-1.amazonaws.com/npm/code-artifact-benchmark-test/lodash._basecopy 184ms (cache miss)
npm http fetch GET 200 https://vlt-451504312483.d.codeartifact.us-east-1.amazonaws.com/npm/code-artifact-benchmark-test/lodash.restparam 210ms (cache miss)
npm http fetch GET 200 https://vlt-451504312483.d.codeartifact.us-east-1.amazonaws.com/npm/code-artifact-benchmark-test/lodash._isiterateecall 147ms (cache miss)
npm http fetch GET 200 https://vlt-451504312483.d.codeartifact.us-east-1.amazonaws.com/npm/code-artifact-benchmark-test/lodash._basetostring 187ms (cache miss)
npm http fetch GET 200 https://vlt-451504312483.d.codeartifact.us-east-1.amazonaws.com/npm/code-artifact-benchmark-test/lodash.templatesettings 156ms (cache miss)
npm http fetch GET 200 https://vlt-451504312483.d.codeartifact.us-east-1.amazonaws.com/npm/code-artifact-benchmark-test/duplexer2 166ms (cache miss)
npm http fetch GET 200 https://vlt-451504312483.d.codeartifact.us-east-1.amazonaws.com/npm/code-artifact-benchmark-test/clone 158ms (cache updated)
npm http fetch GET 200 https://vlt-451504312483.d.codeartifact.us-east-1.amazonaws.com/npm/code-artifact-benchmark-test/emojis-list 149ms (cache miss)
npm http fetch GET 200 https://vlt-451504312483.d.codeartifact.us-east-1.amazonaws.com/npm/code-artifact-benchmark-test/json5 168ms (cache updated)
npm http fetch GET 200 https://vlt-451504312483.d.codeartifact.us-east-1.amazonaws.com/npm/code-artifact-benchmark-test/big.js 204ms (cache miss)
npm http fetch GET 200 https://vlt-451504312483.d.codeartifact.us-east-1.amazonaws.com/npm/code-artifact-benchmark-test/callsites 137ms (cache miss)
npm http fetch GET 200 https://vlt-451504312483.d.codeartifact.us-east-1.amazonaws.com/npm/code-artifact-benchmark-test/side-channel-list 157ms (cache miss)
npm http fetch GET 200 https://vlt-451504312483.d.codeartifact.us-east-1.amazonaws.com/npm/code-artifact-benchmark-test/side-channel-weakmap 163ms (cache miss)
npm http fetch GET 200 https://vlt-451504312483.d.codeartifact.us-east-1.amazonaws.com/npm/code-artifact-benchmark-test/side-channel-map 204ms (cache miss)
npm http fetch GET 200 https://vlt-451504312483.d.codeartifact.us-east-1.amazonaws.com/npm/code-artifact-benchmark-test/is-buffer 172ms (cache miss)
npm http fetch GET 200 https://vlt-451504312483.d.codeartifact.us-east-1.amazonaws.com/npm/code-artifact-benchmark-test/path-is-inside 186ms (cache miss)
npm http fetch GET 200 https://vlt-451504312483.d.codeartifact.us-east-1.amazonaws.com/npm/code-artifact-benchmark-test/strip-ansi 150ms (cache updated)
npm http fetch GET 200 https://vlt-451504312483.d.codeartifact.us-east-1.amazonaws.com/npm/code-artifact-benchmark-test/string-width 154ms (cache updated)
npm http fetch GET 200 https://vlt-451504312483.d.codeartifact.us-east-1.amazonaws.com/npm/code-artifact-benchmark-test/wrap-ansi 165ms (cache miss)
npm http fetch GET 200 https://vlt-451504312483.d.codeartifact.us-east-1.amazonaws.com/npm/code-artifact-benchmark-test/wrap-ansi 151ms (cache miss)
npm http fetch GET 200 https://vlt-451504312483.d.codeartifact.us-east-1.amazonaws.com/npm/code-artifact-benchmark-test/string-width 138ms (cache updated)
npm http fetch GET 200 https://vlt-451504312483.d.codeartifact.us-east-1.amazonaws.com/npm/code-artifact-benchmark-test/strip-ansi 171ms (cache updated)
npm http fetch GET 200 https://vlt-451504312483.d.codeartifact.us-east-1.amazonaws.com/npm/code-artifact-benchmark-test/eastasianwidth 140ms (cache miss)
npm http fetch GET 200 https://vlt-451504312483.d.codeartifact.us-east-1.amazonaws.com/npm/code-artifact-benchmark-test/is-fullwidth-code-point 150ms (cache miss)
npm http fetch GET 200 https://vlt-451504312483.d.codeartifact.us-east-1.amazonaws.com/npm/code-artifact-benchmark-test/emoji-regex 190ms (cache updated)
npm http fetch GET 200 https://vlt-451504312483.d.codeartifact.us-east-1.amazonaws.com/npm/code-artifact-benchmark-test/ansi-styles 156ms (cache updated)
npm http fetch GET 200 https://vlt-451504312483.d.codeartifact.us-east-1.amazonaws.com/npm/code-artifact-benchmark-test/ansi-regex 176ms (cache updated)
npm http fetch GET 200 https://vlt-451504312483.d.codeartifact.us-east-1.amazonaws.com/npm/code-artifact-benchmark-test/ansi-styles 152ms (cache updated)
npm http fetch GET 200 https://vlt-451504312483.d.codeartifact.us-east-1.amazonaws.com/npm/code-artifact-benchmark-test/string-width 149ms (cache updated)
npm http fetch GET 200 https://vlt-451504312483.d.codeartifact.us-east-1.amazonaws.com/npm/code-artifact-benchmark-test/minimatch 208ms (cache updated)
npm http fetch GET 200 https://vlt-451504312483.d.codeartifact.us-east-1.amazonaws.com/npm/code-artifact-benchmark-test/brace-expansion 146ms (cache updated)
npm http fetch GET 200 https://vlt-451504312483.d.codeartifact.us-east-1.amazonaws.com/npm/code-artifact-benchmark-test/iconv-lite 145ms (cache updated)
npm http fetch GET 200 https://vlt-451504312483.d.codeartifact.us-east-1.amazonaws.com/npm/code-artifact-benchmark-test/prr 167ms (cache miss)
npm http fetch GET 200 https://vlt-451504312483.d.codeartifact.us-east-1.amazonaws.com/npm/code-artifact-benchmark-test/is-what 179ms (cache miss)
npm http fetch GET 200 https://vlt-451504312483.d.codeartifact.us-east-1.amazonaws.com/npm/code-artifact-benchmark-test/sax 166ms (cache miss)
npm http fetch GET 200 https://vlt-451504312483.d.codeartifact.us-east-1.amazonaws.com/npm/code-artifact-benchmark-test/stream-parser 158ms (cache miss)
npm http fetch GET 200 https://vlt-451504312483.d.codeartifact.us-east-1.amazonaws.com/npm/code-artifact-benchmark-test/needle 205ms (cache updated)
npm http fetch GET 200 https://vlt-451504312483.d.codeartifact.us-east-1.amazonaws.com/npm/code-artifact-benchmark-test/detect-file 140ms (cache miss)
npm http fetch GET 200 https://vlt-451504312483.d.codeartifact.us-east-1.amazonaws.com/npm/code-artifact-benchmark-test/expand-tilde 152ms (cache miss)
npm http fetch GET 200 https://vlt-451504312483.d.codeartifact.us-east-1.amazonaws.com/npm/code-artifact-benchmark-test/resolve-dir 156ms (cache miss)
npm http fetch GET 200 https://vlt-451504312483.d.codeartifact.us-east-1.amazonaws.com/npm/code-artifact-benchmark-test/make-iterator 162ms (cache miss)
npm http fetch GET 200 https://vlt-451504312483.d.codeartifact.us-east-1.amazonaws.com/npm/code-artifact-benchmark-test/parse-filepath 174ms (cache miss)
npm http fetch GET 200 https://vlt-451504312483.d.codeartifact.us-east-1.amazonaws.com/npm/code-artifact-benchmark-test/is-plain-object 187ms (cache updated)
npm http fetch GET 200 https://vlt-451504312483.d.codeartifact.us-east-1.amazonaws.com/npm/code-artifact-benchmark-test/path-root 149ms (cache miss)
npm http fetch GET 200 https://vlt-451504312483.d.codeartifact.us-east-1.amazonaws.com/npm/code-artifact-benchmark-test/parse-passwd 163ms (cache miss)
npm http fetch GET 200 https://vlt-451504312483.d.codeartifact.us-east-1.amazonaws.com/npm/code-artifact-benchmark-test/p-limit 159ms (cache miss)
npm http fetch GET 200 https://vlt-451504312483.d.codeartifact.us-east-1.amazonaws.com/npm/code-artifact-benchmark-test/lodash.isarguments 144ms (cache miss)
npm http fetch GET 200 https://vlt-451504312483.d.codeartifact.us-east-1.amazonaws.com/npm/code-artifact-benchmark-test/lodash._getnative 148ms (cache miss)
npm http fetch GET 200 https://vlt-451504312483.d.codeartifact.us-east-1.amazonaws.com/npm/code-artifact-benchmark-test/lodash._root 213ms (cache miss)
npm http fetch GET 200 https://vlt-451504312483.d.codeartifact.us-east-1.amazonaws.com/npm/code-artifact-benchmark-test/lodash.isarray 152ms (cache miss)
npm warn ERESOLVE overriding peer dependency
npm warn ERESOLVE overriding peer dependency
npm warn ERESOLVE overriding peer dependency
npm warn While resolving: medium-draft@0.5.18
npm warn Found: react@18.3.1
npm warn node_modules/react
npm warn   peer react@"^0.14.0 || ^15.0.0-rc || ^16.0.0-rc || ^16.0.0" from draft-js@0.10.5
npm warn   node_modules/medium-draft/node_modules/draft-js
npm warn     draft-js@"^0.10.0" from medium-draft@0.5.18
npm warn     node_modules/medium-draft
npm warn
npm warn Could not resolve dependency:
npm warn peer react@"^15.0.0 || ^16.0.0" from medium-draft@0.5.18
npm warn node_modules/medium-draft
npm warn   medium-draft@"^0.5.18" from the root project
npm warn
npm warn Conflicting peer dependency: react@16.14.0
npm warn node_modules/react
npm warn   peer react@"^15.0.0 || ^16.0.0" from medium-draft@0.5.18
npm warn   node_modules/medium-draft
npm warn     medium-draft@"^0.5.18" from the root project
npm warn ERESOLVE overriding peer dependency
npm warn While resolving: medium-draft@0.5.18
npm warn Found: react-dom@18.3.1
npm warn node_modules/react-dom
npm warn   peer react-dom@"^0.14.0 || ^15.0.0-rc || ^16.0.0-rc || ^16.0.0" from draft-js@0.10.5
npm warn   node_modules/medium-draft/node_modules/draft-js
npm warn     draft-js@"^0.10.0" from medium-draft@0.5.18
npm warn     node_modules/medium-draft
npm warn
npm warn Could not resolve dependency:
npm warn peer react-dom@"^15.0.0 || ^16.0.0" from medium-draft@0.5.18
npm warn node_modules/medium-draft
npm warn   medium-draft@"^0.5.18" from the root project
npm warn
npm warn Conflicting peer dependency: react-dom@16.14.0
npm warn node_modules/react-dom
npm warn   peer react-dom@"^15.0.0 || ^16.0.0" from medium-draft@0.5.18
npm warn   node_modules/medium-draft
npm warn     medium-draft@"^0.5.18" from the root project
npm http fetch GET 200 https://vlt-451504312483.d.codeartifact.us-east-1.amazonaws.com/npm/code-artifact-benchmark-test/fbjs 189ms (cache updated)
npm http fetch GET 200 https://vlt-451504312483.d.codeartifact.us-east-1.amazonaws.com/npm/code-artifact-benchmark-test/dom-helpers 147ms (cache updated)
npm http fetch GET 200 https://vlt-451504312483.d.codeartifact.us-east-1.amazonaws.com/npm/code-artifact-benchmark-test/react 720ms (cache updated)
npm http fetch GET 200 https://vlt-451504312483.d.codeartifact.us-east-1.amazonaws.com/npm/code-artifact-benchmark-test/react-dom 917ms (cache updated)
npm http fetch GET 200 https://vlt-451504312483.d.codeartifact.us-east-1.amazonaws.com/npm/code-artifact-benchmark-test/assign-symbols 157ms (cache miss)
npm http fetch GET 200 https://vlt-451504312483.d.codeartifact.us-east-1.amazonaws.com/npm/code-artifact-benchmark-test/is-descriptor 161ms (cache miss)
npm http fetch GET 200 https://vlt-451504312483.d.codeartifact.us-east-1.amazonaws.com/npm/code-artifact-benchmark-test/expand-brackets 181ms (cache miss)
npm http fetch GET 200 https://vlt-451504312483.d.codeartifact.us-east-1.amazonaws.com/npm/code-artifact-benchmark-test/is-windows 142ms (cache miss)
npm http fetch GET 200 https://vlt-451504312483.d.codeartifact.us-east-1.amazonaws.com/npm/code-artifact-benchmark-test/is-data-descriptor 161ms (cache miss)
npm http fetch GET 200 https://vlt-451504312483.d.codeartifact.us-east-1.amazonaws.com/npm/code-artifact-benchmark-test/is-accessor-descriptor 175ms (cache miss)
npm http fetch GET 200 https://vlt-451504312483.d.codeartifact.us-east-1.amazonaws.com/npm/code-artifact-benchmark-test/debug 153ms (cache updated)
npm http fetch GET 200 https://vlt-451504312483.d.codeartifact.us-east-1.amazonaws.com/npm/code-artifact-benchmark-test/posix-character-classes 156ms (cache miss)
npm http fetch GET 200 https://vlt-451504312483.d.codeartifact.us-east-1.amazonaws.com/npm/code-artifact-benchmark-test/is-descriptor 156ms (cache updated)
npm http fetch GET 200 https://vlt-451504312483.d.codeartifact.us-east-1.amazonaws.com/npm/code-artifact-benchmark-test/concat-map 144ms (cache miss)
npm http fetch GET 200 https://vlt-451504312483.d.codeartifact.us-east-1.amazonaws.com/npm/code-artifact-benchmark-test/balanced-match 159ms (cache updated)
npm http fetch GET 200 https://vlt-451504312483.d.codeartifact.us-east-1.amazonaws.com/npm/code-artifact-benchmark-test/mobx 239ms (cache updated)
npm http fetch GET 200 https://vlt-451504312483.d.codeartifact.us-east-1.amazonaws.com/npm/code-artifact-benchmark-test/react 693ms (cache updated)
npm http fetch GET 200 https://vlt-451504312483.d.codeartifact.us-east-1.amazonaws.com/npm/code-artifact-benchmark-test/use-sync-external-store 605ms (cache miss)
npm http fetch GET 200 https://vlt-451504312483.d.codeartifact.us-east-1.amazonaws.com/npm/code-artifact-benchmark-test/ext 151ms (cache miss)
npm http fetch GET 200 https://vlt-451504312483.d.codeartifact.us-east-1.amazonaws.com/npm/code-artifact-benchmark-test/d 167ms (cache miss)
npm http fetch GET 200 https://vlt-451504312483.d.codeartifact.us-east-1.amazonaws.com/npm/code-artifact-benchmark-test/type 160ms (cache miss)
npm http fetch GET 200 https://vlt-451504312483.d.codeartifact.us-east-1.amazonaws.com/npm/code-artifact-benchmark-test/es5-ext 163ms (cache miss)
npm http fetch GET 200 https://vlt-451504312483.d.codeartifact.us-east-1.amazonaws.com/npm/code-artifact-benchmark-test/type 167ms (cache miss)
npm http fetch GET 200 https://vlt-451504312483.d.codeartifact.us-east-1.amazonaws.com/npm/code-artifact-benchmark-test/next-tick 140ms (cache miss)
npm http fetch GET 200 https://vlt-451504312483.d.codeartifact.us-east-1.amazonaws.com/npm/code-artifact-benchmark-test/es6-iterator 145ms (cache miss)
npm http fetch GET 200 https://vlt-451504312483.d.codeartifact.us-east-1.amazonaws.com/npm/code-artifact-benchmark-test/esniff 175ms (cache miss)
npm http fetch GET 200 https://vlt-451504312483.d.codeartifact.us-east-1.amazonaws.com/npm/code-artifact-benchmark-test/event-emitter 158ms (cache miss)
npm http fetch GET 200 https://vlt-451504312483.d.codeartifact.us-east-1.amazonaws.com/npm/code-artifact-benchmark-test/readable-stream 153ms (cache updated)
npm http fetch GET 200 https://vlt-451504312483.d.codeartifact.us-east-1.amazonaws.com/npm/code-artifact-benchmark-test/tr46 146ms (cache miss)
npm http fetch GET 200 https://vlt-451504312483.d.codeartifact.us-east-1.amazonaws.com/npm/code-artifact-benchmark-test/webidl-conversions 161ms (cache miss)
npm http fetch GET 200 https://vlt-451504312483.d.codeartifact.us-east-1.amazonaws.com/npm/code-artifact-benchmark-test/for-in 172ms (cache miss)
npm http fetch GET 200 https://vlt-451504312483.d.codeartifact.us-east-1.amazonaws.com/npm/code-artifact-benchmark-test/yocto-queue 155ms (cache miss)
npm http fetch GET 200 https://vlt-451504312483.d.codeartifact.us-east-1.amazonaws.com/npm/code-artifact-benchmark-test/path-root-regex 151ms (cache miss)
npm http fetch GET 200 https://vlt-451504312483.d.codeartifact.us-east-1.amazonaws.com/npm/code-artifact-benchmark-test/is-relative 161ms (cache miss)
npm http fetch GET 200 https://vlt-451504312483.d.codeartifact.us-east-1.amazonaws.com/npm/code-artifact-benchmark-test/is-unc-path 203ms (cache miss)
npm http fetch GET 200 https://vlt-451504312483.d.codeartifact.us-east-1.amazonaws.com/npm/code-artifact-benchmark-test/unc-path-regex 163ms (cache miss)
npm http fetch GET 200 https://vlt-451504312483.d.codeartifact.us-east-1.amazonaws.com/npm/code-artifact-benchmark-test/locate-path 156ms (cache updated)
npm http fetch GET 200 https://vlt-451504312483.d.codeartifact.us-east-1.amazonaws.com/npm/code-artifact-benchmark-test/locate-path 166ms (cache updated)
npm http fetch GET 200 https://vlt-451504312483.d.codeartifact.us-east-1.amazonaws.com/npm/code-artifact-benchmark-test/cssesc 156ms (cache miss)
npm http fetch GET 200 https://vlt-451504312483.d.codeartifact.us-east-1.amazonaws.com/npm/code-artifact-benchmark-test/lodash.memoize 152ms (cache miss)
npm http fetch GET 200 https://vlt-451504312483.d.codeartifact.us-east-1.amazonaws.com/npm/code-artifact-benchmark-test/lodash.uniq 160ms (cache miss)
npm http fetch GET 200 https://vlt-451504312483.d.codeartifact.us-east-1.amazonaws.com/npm/code-artifact-benchmark-test/csso 166ms (cache miss)
npm http fetch GET 200 https://vlt-451504312483.d.codeartifact.us-east-1.amazonaws.com/npm/code-artifact-benchmark-test/css-tree 172ms (cache updated)
npm http fetch GET 200 https://vlt-451504312483.d.codeartifact.us-east-1.amazonaws.com/npm/code-artifact-benchmark-test/css-what 176ms (cache miss)
npm http fetch GET 200 https://vlt-451504312483.d.codeartifact.us-east-1.amazonaws.com/npm/code-artifact-benchmark-test/css-select 188ms (cache miss)
npm http fetch GET 200 https://vlt-451504312483.d.codeartifact.us-east-1.amazonaws.com/npm/code-artifact-benchmark-test/debug 99ms (cache updated)
npm http fetch GET 200 https://vlt-451504312483.d.codeartifact.us-east-1.amazonaws.com/npm/code-artifact-benchmark-test/debug 179ms (cache updated)
npm http fetch GET 200 https://vlt-451504312483.d.codeartifact.us-east-1.amazonaws.com/npm/code-artifact-benchmark-test/@types%2fjson-schema 142ms (cache updated)
npm http fetch GET 200 https://vlt-451504312483.d.codeartifact.us-east-1.amazonaws.com/npm/code-artifact-benchmark-test/big.js 155ms (cache updated)
npm http fetch GET 200 https://vlt-451504312483.d.codeartifact.us-east-1.amazonaws.com/npm/code-artifact-benchmark-test/ajv-keywords 205ms (cache updated)
npm http fetch GET 200 https://vlt-451504312483.d.codeartifact.us-east-1.amazonaws.com/npm/code-artifact-benchmark-test/react 736ms (cache updated)
npm http fetch GET 200 https://vlt-451504312483.d.codeartifact.us-east-1.amazonaws.com/npm/code-artifact-benchmark-test/react-dom 944ms (cache updated)
npm http fetch GET 200 https://vlt-451504312483.d.codeartifact.us-east-1.amazonaws.com/npm/code-artifact-benchmark-test/react-is 707ms (cache updated)
npm http fetch GET 200 https://vlt-451504312483.d.codeartifact.us-east-1.amazonaws.com/npm/code-artifact-benchmark-test/lodash.clonedeep 146ms (cache miss)
npm http fetch GET 200 https://vlt-451504312483.d.codeartifact.us-east-1.amazonaws.com/npm/code-artifact-benchmark-test/react 815ms (cache updated)
npm warn ERESOLVE overriding peer dependency
npm warn While resolving: react-addons-css-transition-group@15.6.2
npm warn Found: react@18.3.1
npm warn node_modules/react
npm warn   peer react@"^0.14.0 || ^15.0.0-rc || ^16.0.0-rc || ^16.0.0" from draft-js@0.10.5
npm warn   node_modules/medium-draft/node_modules/draft-js
npm warn     draft-js@"^0.10.0" from medium-draft@0.5.18
npm warn     node_modules/medium-draft
npm warn
npm warn Could not resolve dependency:
npm warn peer react@"^15.4.2" from react-addons-css-transition-group@15.6.2
npm warn node_modules/react-addons-css-transition-group
npm warn   react-addons-css-transition-group@"^15.6.2" from the root project
npm warn
npm warn Conflicting peer dependency: react@15.7.0
npm warn node_modules/react
npm warn   peer react@"^15.4.2" from react-addons-css-transition-group@15.6.2
npm warn   node_modules/react-addons-css-transition-group
npm warn     react-addons-css-transition-group@"^15.6.2" from the root project
npm warn ERESOLVE overriding peer dependency
npm http fetch GET 200 https://vlt-451504312483.d.codeartifact.us-east-1.amazonaws.com/npm/code-artifact-benchmark-test/chain-function 166ms (cache miss)
npm http fetch GET 200 https://vlt-451504312483.d.codeartifact.us-east-1.amazonaws.com/npm/code-artifact-benchmark-test/dom-helpers 173ms (cache updated)
npm http fetch GET 200 https://vlt-451504312483.d.codeartifact.us-east-1.amazonaws.com/npm/code-artifact-benchmark-test/warning 185ms (cache miss)
npm http fetch GET 200 https://vlt-451504312483.d.codeartifact.us-east-1.amazonaws.com/npm/code-artifact-benchmark-test/@react-dnd%2fasap 150ms (cache miss)
npm http fetch GET 200 https://vlt-451504312483.d.codeartifact.us-east-1.amazonaws.com/npm/code-artifact-benchmark-test/redux 287ms (cache miss)
npm http fetch GET 200 https://vlt-451504312483.d.codeartifact.us-east-1.amazonaws.com/npm/code-artifact-benchmark-test/draft-js 190ms (cache updated)
npm http fetch GET 200 https://vlt-451504312483.d.codeartifact.us-east-1.amazonaws.com/npm/code-artifact-benchmark-test/react 747ms (cache updated)
npm http fetch GET 200 https://vlt-451504312483.d.codeartifact.us-east-1.amazonaws.com/npm/code-artifact-benchmark-test/react-dom 939ms (cache updated)
npm http fetch GET 200 https://vlt-451504312483.d.codeartifact.us-east-1.amazonaws.com/npm/code-artifact-benchmark-test/uc.micro 147ms (cache miss)
npm http fetch GET 200 https://vlt-451504312483.d.codeartifact.us-east-1.amazonaws.com/npm/code-artifact-benchmark-test/tslib 167ms (cache miss)
npm http fetch GET 200 https://vlt-451504312483.d.codeartifact.us-east-1.amazonaws.com/npm/code-artifact-benchmark-test/react 847ms (cache updated)
npm http fetch GET 200 https://vlt-451504312483.d.codeartifact.us-east-1.amazonaws.com/npm/code-artifact-benchmark-test/react-dom 910ms (cache updated)
npm warn ERESOLVE overriding peer dependency
npm warn While resolving: react-highcharts@16.1.0
npm warn Found: react@18.3.1
npm warn node_modules/react
npm warn   peer react@"^0.14.0 || ^15.0.0-rc || ^16.0.0-rc || ^16.0.0" from draft-js@0.10.5
npm warn   node_modules/medium-draft/node_modules/draft-js
npm warn     draft-js@"^0.10.0" from medium-draft@0.5.18
npm warn     node_modules/medium-draft
npm warn
npm warn Could not resolve dependency:
npm warn peer react@"~0.14 || ^15.0.0 || ^16.0.0" from react-highcharts@16.1.0
npm warn node_modules/react-highcharts
npm warn   react-highcharts@"^16.1.0" from the root project
npm warn
npm warn Conflicting peer dependency: react@16.14.0
npm warn node_modules/react
npm warn   peer react@"~0.14 || ^15.0.0 || ^16.0.0" from react-highcharts@16.1.0
npm warn   node_modules/react-highcharts
npm warn     react-highcharts@"^16.1.0" from the root project
npm warn ERESOLVE overriding peer dependency
npm warn While resolving: react-highcharts@16.1.0
npm warn Found: react-dom@18.3.1
npm warn node_modules/react-dom
npm warn   peer react-dom@"^0.14.0 || ^15.0.0-rc || ^16.0.0-rc || ^16.0.0" from draft-js@0.10.5
npm warn   node_modules/medium-draft/node_modules/draft-js
npm warn     draft-js@"^0.10.0" from medium-draft@0.5.18
npm warn     node_modules/medium-draft
npm warn
npm warn Could not resolve dependency:
npm warn peer react-dom@"~0.14 || ^15.0.0 || ^16.0.0" from react-highcharts@16.1.0
npm warn node_modules/react-highcharts
npm warn   react-highcharts@"^16.1.0" from the root project
npm warn
npm warn Conflicting peer dependency: react-dom@16.14.0
npm warn node_modules/react-dom
npm warn   peer react-dom@"~0.14 || ^15.0.0 || ^16.0.0" from react-highcharts@16.1.0
npm warn   node_modules/react-highcharts
npm warn     react-highcharts@"^16.1.0" from the root project
npm warn ERESOLVE overriding peer dependency
npm warn While resolving: react-hot-loader@4.13.1
npm warn Found: react@18.3.1
npm warn node_modules/react
npm warn   peer react@"^0.14.0 || ^15.0.0-rc || ^16.0.0-rc || ^16.0.0" from draft-js@0.10.5
npm warn   node_modules/medium-draft/node_modules/draft-js
npm warn     draft-js@"^0.10.0" from medium-draft@0.5.18
npm warn     node_modules/medium-draft
npm warn
npm warn Could not resolve dependency:
npm warn peer react@"^15.0.0 || ^16.0.0 || ^17.0.0" from react-hot-loader@4.13.1
npm warn node_modules/react-hot-loader
npm warn   react-hot-loader@"4.13.1" from the root project
npm warn
npm warn Conflicting peer dependency: react@17.0.2
npm warn node_modules/react
npm warn   peer react@"^15.0.0 || ^16.0.0 || ^17.0.0" from react-hot-loader@4.13.1
npm warn   node_modules/react-hot-loader
npm warn     react-hot-loader@"4.13.1" from the root project
npm warn ERESOLVE overriding peer dependency
npm warn While resolving: react-hot-loader@4.13.1
npm warn Found: react-dom@18.3.1
npm warn node_modules/react-dom
npm warn   peer react-dom@"^0.14.0 || ^15.0.0-rc || ^16.0.0-rc || ^16.0.0" from draft-js@0.10.5
npm warn   node_modules/medium-draft/node_modules/draft-js
npm warn     draft-js@"^0.10.0" from medium-draft@0.5.18
npm warn     node_modules/medium-draft
npm warn
npm warn Could not resolve dependency:
npm warn peer react-dom@"^15.0.0 || ^16.0.0 || ^17.0.0" from react-hot-loader@4.13.1
npm warn node_modules/react-hot-loader
npm warn   react-hot-loader@"4.13.1" from the root project
npm warn
npm warn Conflicting peer dependency: react-dom@17.0.2
npm warn node_modules/react-dom
npm warn   peer react-dom@"^15.0.0 || ^16.0.0 || ^17.0.0" from react-hot-loader@4.13.1
npm warn   node_modules/react-hot-loader
npm warn     react-hot-loader@"4.13.1" from the root project
npm http fetch GET 200 https://vlt-451504312483.d.codeartifact.us-east-1.amazonaws.com/npm/code-artifact-benchmark-test/min-document 163ms (cache miss)
npm http fetch GET 200 https://vlt-451504312483.d.codeartifact.us-east-1.amazonaws.com/npm/code-artifact-benchmark-test/process 187ms (cache miss)
npm http fetch GET 200 https://vlt-451504312483.d.codeartifact.us-east-1.amazonaws.com/npm/code-artifact-benchmark-test/dom-walk 142ms (cache miss)
npm http fetch GET 200 https://vlt-451504312483.d.codeartifact.us-east-1.amazonaws.com/npm/code-artifact-benchmark-test/moment 178ms (cache updated)
npm warn ERESOLVE overriding peer dependency
npm warn While resolving: react-input-calendar@0.5.4
npm warn Found: moment-range@4.0.2
npm warn node_modules/moment-range
npm warn   moment-range@"^4.0.2" from the root project
npm warn
npm warn Could not resolve dependency:
npm warn peer moment-range@"^2.1.0" from react-input-calendar@0.5.4
npm warn node_modules/react-input-calendar
npm warn   react-input-calendar@"^0.5.4" from the root project
npm warn
npm warn Conflicting peer dependency: moment-range@2.2.0
npm warn node_modules/moment-range
npm warn   peer moment-range@"^2.1.0" from react-input-calendar@0.5.4
npm warn   node_modules/react-input-calendar
npm warn     react-input-calendar@"^0.5.4" from the root project
npm warn ERESOLVE overriding peer dependency
npm warn While resolving: react-input-calendar@0.5.4
npm warn Found: react@18.3.1
npm warn node_modules/react
npm warn   peer react@"^0.14.0 || ^15.0.0-rc || ^16.0.0-rc || ^16.0.0" from draft-js@0.10.5
npm warn   node_modules/medium-draft/node_modules/draft-js
npm warn     draft-js@"^0.10.0" from medium-draft@0.5.18
npm warn     node_modules/medium-draft
npm warn
npm warn Could not resolve dependency:
npm warn peer react@"^0.14.7 || ^15.0.0 || ^16.0.0" from react-input-calendar@0.5.4
npm warn node_modules/react-input-calendar
npm warn   react-input-calendar@"^0.5.4" from the root project
npm warn
npm warn Conflicting peer dependency: react@16.14.0
npm warn node_modules/react
npm warn   peer react@"^0.14.7 || ^15.0.0 || ^16.0.0" from react-input-calendar@0.5.4
npm warn   node_modules/react-input-calendar
npm warn     react-input-calendar@"^0.5.4" from the root project
npm http fetch GET 200 https://vlt-451504312483.d.codeartifact.us-east-1.amazonaws.com/npm/code-artifact-benchmark-test/css-mediaquery 151ms (cache miss)
npm warn ERESOLVE overriding peer dependency
npm warn While resolving: react-responsive-tabs@4.4.3
npm warn Found: react@18.3.1
npm warn node_modules/react
npm warn   peer react@"^0.14.0 || ^15.0.0-rc || ^16.0.0-rc || ^16.0.0" from draft-js@0.10.5
npm warn   node_modules/medium-draft/node_modules/draft-js
npm warn     draft-js@"^0.10.0" from medium-draft@0.5.18
npm warn     node_modules/medium-draft
npm warn
npm warn Could not resolve dependency:
npm warn peer react@"^15.1.0 || ^16.0.0 || ^17.0.0" from react-responsive-tabs@4.4.3
npm warn node_modules/react-responsive-tabs
npm warn   react-responsive-tabs@"^4.4.3" from the root project
npm warn
npm warn Conflicting peer dependency: react@17.0.2
npm warn node_modules/react
npm warn   peer react@"^15.1.0 || ^16.0.0 || ^17.0.0" from react-responsive-tabs@4.4.3
npm warn   node_modules/react-responsive-tabs
npm warn     react-responsive-tabs@"^4.4.3" from the root project
npm warn ERESOLVE overriding peer dependency
npm warn While resolving: react-responsive-tabs@4.4.3
npm warn Found: react-dom@18.3.1
npm warn node_modules/react-dom
npm warn   peer react-dom@"^0.14.0 || ^15.0.0-rc || ^16.0.0-rc || ^16.0.0" from draft-js@0.10.5
npm warn   node_modules/medium-draft/node_modules/draft-js
npm warn     draft-js@"^0.10.0" from medium-draft@0.5.18
npm warn     node_modules/medium-draft
npm warn
npm warn Could not resolve dependency:
npm warn peer react-dom@"^15.1.0 || ^16.0.0 || ^17.0.0" from react-responsive-tabs@4.4.3
npm warn node_modules/react-responsive-tabs
npm warn   react-responsive-tabs@"^4.4.3" from the root project
npm warn
npm warn Conflicting peer dependency: react-dom@17.0.2
npm warn node_modules/react-dom
npm warn   peer react-dom@"^15.1.0 || ^16.0.0 || ^17.0.0" from react-responsive-tabs@4.4.3
npm warn   node_modules/react-responsive-tabs
npm warn     react-responsive-tabs@"^4.4.3" from the root project
npm warn ERESOLVE overriding peer dependency
npm warn ERESOLVE overriding peer dependency
npm http fetch GET 200 https://vlt-451504312483.d.codeartifact.us-east-1.amazonaws.com/npm/code-artifact-benchmark-test/@types%2fresize-observer-browser 195ms (cache miss)
npm http fetch GET 200 https://vlt-451504312483.d.codeartifact.us-east-1.amazonaws.com/npm/code-artifact-benchmark-test/react 749ms (cache updated)
npm http fetch GET 200 https://vlt-451504312483.d.codeartifact.us-east-1.amazonaws.com/npm/code-artifact-benchmark-test/react-dom 931ms (cache updated)
npm warn ERESOLVE overriding peer dependency
npm warn While resolving: react-select-plus@1.0.0-rc.3.patch12
npm warn Found: react@18.3.1
npm warn node_modules/react
npm warn   peer react@"^0.14.0 || ^15.0.0-rc || ^16.0.0-rc || ^16.0.0" from draft-js@0.10.5
npm warn   node_modules/medium-draft/node_modules/draft-js
npm warn     draft-js@"^0.10.0" from medium-draft@0.5.18
npm warn     node_modules/medium-draft
npm warn
npm warn Could not resolve dependency:
npm warn peer react@"^0.14 || ^15.0.0-rc || ^15.0" from react-select-plus@1.0.0-rc.3.patch12
npm warn node_modules/react-select-plus
npm warn   react-select-plus@"1.0.0-rc.3.patch12" from the root project
npm warn
npm warn Conflicting peer dependency: react@15.7.0
npm warn node_modules/react
npm warn   peer react@"^0.14 || ^15.0.0-rc || ^15.0" from react-select-plus@1.0.0-rc.3.patch12
npm warn   node_modules/react-select-plus
npm warn     react-select-plus@"1.0.0-rc.3.patch12" from the root project
npm warn ERESOLVE overriding peer dependency
npm warn While resolving: react-select-plus@1.0.0-rc.3.patch12
npm warn Found: react-dom@18.3.1
npm warn node_modules/react-dom
npm warn   peer react-dom@"^0.14.0 || ^15.0.0-rc || ^16.0.0-rc || ^16.0.0" from draft-js@0.10.5
npm warn   node_modules/medium-draft/node_modules/draft-js
npm warn     draft-js@"^0.10.0" from medium-draft@0.5.18
npm warn     node_modules/medium-draft
npm warn
npm warn Could not resolve dependency:
npm warn peer react-dom@"^0.14 || ^15.0.0-rc || ^15.0" from react-select-plus@1.0.0-rc.3.patch12
npm warn node_modules/react-select-plus
npm warn   react-select-plus@"1.0.0-rc.3.patch12" from the root project
npm warn
npm warn Conflicting peer dependency: react-dom@15.7.0
npm warn node_modules/react-dom
npm warn   peer react-dom@"^0.14 || ^15.0.0-rc || ^15.0" from react-select-plus@1.0.0-rc.3.patch12
npm warn   node_modules/react-select-plus
npm warn     react-select-plus@"1.0.0-rc.3.patch12" from the root project
npm warn ERESOLVE overriding peer dependency
npm warn ERESOLVE overriding peer dependency
npm warn While resolving: react-skylight@0.5.1
npm warn Found: react@18.3.1
npm warn node_modules/react
npm warn   peer react@"^0.14.0 || ^15.0.0-rc || ^16.0.0-rc || ^16.0.0" from draft-js@0.10.5
npm warn   node_modules/medium-draft/node_modules/draft-js
npm warn     draft-js@"^0.10.0" from medium-draft@0.5.18
npm warn     node_modules/medium-draft
npm warn
npm warn Could not resolve dependency:
npm warn peer react@"^0.14.0 || ^15.0.1 || ^16.3.0" from react-skylight@0.5.1
npm warn node_modules/react-skylight
npm warn   react-skylight@"^0.5.1" from the root project
npm warn
npm warn Conflicting peer dependency: react@16.14.0
npm warn node_modules/react
npm warn   peer react@"^0.14.0 || ^15.0.1 || ^16.3.0" from react-skylight@0.5.1
npm warn   node_modules/react-skylight
npm warn     react-skylight@"^0.5.1" from the root project
npm warn ERESOLVE overriding peer dependency
npm warn While resolving: react-tappable@1.0.4
npm warn Found: react@18.3.1
npm warn node_modules/react
npm warn   peer react@"^0.14.0 || ^15.0.0-rc || ^16.0.0-rc || ^16.0.0" from draft-js@0.10.5
npm warn   node_modules/medium-draft/node_modules/draft-js
npm warn     draft-js@"^0.10.0" from medium-draft@0.5.18
npm warn     node_modules/medium-draft
npm warn
npm warn Could not resolve dependency:
npm warn peer react@"^0.14 || ^15.0.0-rc || ^15.0.0 || ^16.0.0" from react-tappable@1.0.4
npm warn node_modules/react-tappable
npm warn   react-tappable@"^1.0.4" from the root project
npm warn
npm warn Conflicting peer dependency: react@16.14.0
npm warn node_modules/react
npm warn   peer react@"^0.14 || ^15.0.0-rc || ^15.0.0 || ^16.0.0" from react-tappable@1.0.4
npm warn   node_modules/react-tappable
npm warn     react-tappable@"^1.0.4" from the root project
npm warn ERESOLVE overriding peer dependency
npm warn While resolving: react-tappable@1.0.4
npm warn Found: react-dom@18.3.1
npm warn node_modules/react-dom
npm warn   peer react-dom@"^0.14.0 || ^15.0.0-rc || ^16.0.0-rc || ^16.0.0" from draft-js@0.10.5
npm warn   node_modules/medium-draft/node_modules/draft-js
npm warn     draft-js@"^0.10.0" from medium-draft@0.5.18
npm warn     node_modules/medium-draft
npm warn
npm warn Could not resolve dependency:
npm warn peer react-dom@"^0.14 || ^15.0.0-rc || ^15.0.0 || ^16.0.0" from react-tappable@1.0.4
npm warn node_modules/react-tappable
npm warn   react-tappable@"^1.0.4" from the root project
npm warn
npm warn Conflicting peer dependency: react-dom@16.14.0
npm warn node_modules/react-dom
npm warn   peer react-dom@"^0.14 || ^15.0.0-rc || ^15.0.0 || ^16.0.0" from react-tappable@1.0.4
npm warn   node_modules/react-tappable
npm warn     react-tappable@"^1.0.4" from the root project
npm http fetch GET 200 https://vlt-451504312483.d.codeartifact.us-east-1.amazonaws.com/npm/code-artifact-benchmark-test/@floating-ui%2futils 166ms (cache miss)
npm http fetch GET 200 https://vlt-451504312483.d.codeartifact.us-east-1.amazonaws.com/npm/code-artifact-benchmark-test/@floating-ui%2fcore 168ms (cache miss)
npm http fetch GET 200 https://vlt-451504312483.d.codeartifact.us-east-1.amazonaws.com/npm/code-artifact-benchmark-test/react-deep-force-update 157ms (cache miss)
npm http fetch GET 200 https://vlt-451504312483.d.codeartifact.us-east-1.amazonaws.com/npm/code-artifact-benchmark-test/csstype 158ms (cache miss)
npm http fetch GET 200 https://vlt-451504312483.d.codeartifact.us-east-1.amazonaws.com/npm/code-artifact-benchmark-test/safe-buffer 128ms (cache updated)
npm http fetch GET 200 https://vlt-451504312483.d.codeartifact.us-east-1.amazonaws.com/npm/code-artifact-benchmark-test/ret 187ms (cache miss)
npm http fetch GET 200 https://vlt-451504312483.d.codeartifact.us-east-1.amazonaws.com/npm/code-artifact-benchmark-test/jsesc 167ms (cache updated)
npm http fetch GET 200 https://vlt-451504312483.d.codeartifact.us-east-1.amazonaws.com/npm/code-artifact-benchmark-test/global-prefix 169ms (cache miss)
npm http fetch GET 200 https://vlt-451504312483.d.codeartifact.us-east-1.amazonaws.com/npm/code-artifact-benchmark-test/which 146ms (cache updated)
npm http fetch GET 200 https://vlt-451504312483.d.codeartifact.us-east-1.amazonaws.com/npm/code-artifact-benchmark-test/ini 149ms (cache miss)
npm http fetch GET 200 https://vlt-451504312483.d.codeartifact.us-east-1.amazonaws.com/npm/code-artifact-benchmark-test/require-from-string 150ms (cache miss)
npm http fetch GET 200 https://vlt-451504312483.d.codeartifact.us-east-1.amazonaws.com/npm/code-artifact-benchmark-test/fast-uri 177ms (cache miss)
npm http fetch GET 200 https://vlt-451504312483.d.codeartifact.us-east-1.amazonaws.com/npm/code-artifact-benchmark-test/ajv 238ms (cache updated)
npm http fetch GET 200 https://vlt-451504312483.d.codeartifact.us-east-1.amazonaws.com/npm/code-artifact-benchmark-test/mixin-deep 143ms (cache miss)
npm http fetch GET 200 https://vlt-451504312483.d.codeartifact.us-east-1.amazonaws.com/npm/code-artifact-benchmark-test/cache-base 160ms (cache miss)
npm http fetch GET 200 https://vlt-451504312483.d.codeartifact.us-east-1.amazonaws.com/npm/code-artifact-benchmark-test/class-utils 176ms (cache miss)
npm http fetch GET 200 https://vlt-451504312483.d.codeartifact.us-east-1.amazonaws.com/npm/code-artifact-benchmark-test/pascalcase 162ms (cache miss)
npm http fetch GET 200 https://vlt-451504312483.d.codeartifact.us-east-1.amazonaws.com/npm/code-artifact-benchmark-test/decode-uri-component 160ms (cache miss)
npm http fetch GET 200 https://vlt-451504312483.d.codeartifact.us-east-1.amazonaws.com/npm/code-artifact-benchmark-test/atob 233ms (cache miss)
npm http fetch GET 200 https://vlt-451504312483.d.codeartifact.us-east-1.amazonaws.com/npm/code-artifact-benchmark-test/resolve-url 151ms (cache miss)
npm http fetch GET 200 https://vlt-451504312483.d.codeartifact.us-east-1.amazonaws.com/npm/code-artifact-benchmark-test/source-map-url 158ms (cache miss)
npm http fetch GET 200 https://vlt-451504312483.d.codeartifact.us-east-1.amazonaws.com/npm/code-artifact-benchmark-test/urix 144ms (cache miss)
npm http fetch GET 200 https://vlt-451504312483.d.codeartifact.us-east-1.amazonaws.com/npm/code-artifact-benchmark-test/collection-visit 147ms (cache miss)
npm http fetch GET 200 https://vlt-451504312483.d.codeartifact.us-east-1.amazonaws.com/npm/code-artifact-benchmark-test/has-value 150ms (cache miss)
npm http fetch GET 200 https://vlt-451504312483.d.codeartifact.us-east-1.amazonaws.com/npm/code-artifact-benchmark-test/set-value 226ms (cache miss)
npm http fetch GET 200 https://vlt-451504312483.d.codeartifact.us-east-1.amazonaws.com/npm/code-artifact-benchmark-test/to-object-path 146ms (cache miss)
npm http fetch GET 200 https://vlt-451504312483.d.codeartifact.us-east-1.amazonaws.com/npm/code-artifact-benchmark-test/union-value 177ms (cache miss)
npm http fetch GET 200 https://vlt-451504312483.d.codeartifact.us-east-1.amazonaws.com/npm/code-artifact-benchmark-test/unset-value 150ms (cache miss)
npm http fetch GET 200 https://vlt-451504312483.d.codeartifact.us-east-1.amazonaws.com/npm/code-artifact-benchmark-test/static-extend 144ms (cache miss)
npm http fetch GET 200 https://vlt-451504312483.d.codeartifact.us-east-1.amazonaws.com/npm/code-artifact-benchmark-test/map-visit 147ms (cache miss)
npm http fetch GET 200 https://vlt-451504312483.d.codeartifact.us-east-1.amazonaws.com/npm/code-artifact-benchmark-test/has-values 169ms (cache miss)
npm http fetch GET 200 https://vlt-451504312483.d.codeartifact.us-east-1.amazonaws.com/npm/code-artifact-benchmark-test/object-visit 170ms (cache miss)
npm http fetch GET 200 https://vlt-451504312483.d.codeartifact.us-east-1.amazonaws.com/npm/code-artifact-benchmark-test/object-copy 155ms (cache miss)
npm http fetch GET 200 https://vlt-451504312483.d.codeartifact.us-east-1.amazonaws.com/npm/code-artifact-benchmark-test/kind-of 164ms (cache updated)
npm http fetch GET 200 https://vlt-451504312483.d.codeartifact.us-east-1.amazonaws.com/npm/code-artifact-benchmark-test/kind-of 162ms (cache updated)
npm http fetch GET 200 https://vlt-451504312483.d.codeartifact.us-east-1.amazonaws.com/npm/code-artifact-benchmark-test/kind-of 151ms (cache updated)
npm http fetch GET 200 https://vlt-451504312483.d.codeartifact.us-east-1.amazonaws.com/npm/code-artifact-benchmark-test/copy-descriptor 171ms (cache miss)
npm http fetch GET 200 https://vlt-451504312483.d.codeartifact.us-east-1.amazonaws.com/npm/code-artifact-benchmark-test/postcss 208ms (cache updated)
npm http fetch GET 200 https://vlt-451504312483.d.codeartifact.us-east-1.amazonaws.com/npm/code-artifact-benchmark-test/parse-json 157ms (cache miss)
npm http fetch GET 200 https://vlt-451504312483.d.codeartifact.us-east-1.amazonaws.com/npm/code-artifact-benchmark-test/env-paths 161ms (cache miss)
npm http fetch GET 200 https://vlt-451504312483.d.codeartifact.us-east-1.amazonaws.com/npm/code-artifact-benchmark-test/mdn-data 168ms (cache miss)
npm http fetch GET 200 https://vlt-451504312483.d.codeartifact.us-east-1.amazonaws.com/npm/code-artifact-benchmark-test/glob-parent 149ms (cache updated)
npm http fetch GET 200 https://vlt-451504312483.d.codeartifact.us-east-1.amazonaws.com/npm/code-artifact-benchmark-test/merge2 189ms (cache miss)
npm http fetch GET 200 https://vlt-451504312483.d.codeartifact.us-east-1.amazonaws.com/npm/code-artifact-benchmark-test/flat-cache 191ms (cache updated)
npm http fetch GET 200 https://vlt-451504312483.d.codeartifact.us-east-1.amazonaws.com/npm/code-artifact-benchmark-test/merge2 154ms (cache miss)
npm http fetch GET 200 https://vlt-451504312483.d.codeartifact.us-east-1.amazonaws.com/npm/code-artifact-benchmark-test/dir-glob 140ms (cache miss)
npm http fetch GET 200 https://vlt-451504312483.d.codeartifact.us-east-1.amazonaws.com/npm/code-artifact-benchmark-test/braces 176ms (cache updated)
npm http fetch GET 200 https://vlt-451504312483.d.codeartifact.us-east-1.amazonaws.com/npm/code-artifact-benchmark-test/picomatch 154ms (cache miss)
npm http fetch GET 200 https://vlt-451504312483.d.codeartifact.us-east-1.amazonaws.com/npm/code-artifact-benchmark-test/has-flag 151ms (cache miss)
npm http fetch GET 200 https://vlt-451504312483.d.codeartifact.us-east-1.amazonaws.com/npm/code-artifact-benchmark-test/supports-color 147ms (cache updated)
npm http fetch GET 200 https://vlt-451504312483.d.codeartifact.us-east-1.amazonaws.com/npm/code-artifact-benchmark-test/lodash.truncate 139ms (cache miss)
npm http fetch GET 200 https://vlt-451504312483.d.codeartifact.us-east-1.amazonaws.com/npm/code-artifact-benchmark-test/slice-ansi 216ms (cache miss)
npm http fetch GET 200 https://vlt-451504312483.d.codeartifact.us-east-1.amazonaws.com/npm/code-artifact-benchmark-test/ajv 255ms (cache updated)
npm http fetch GET 200 https://vlt-451504312483.d.codeartifact.us-east-1.amazonaws.com/npm/code-artifact-benchmark-test/json-parse-even-better-errors 133ms (cache miss)
npm http fetch GET 200 https://vlt-451504312483.d.codeartifact.us-east-1.amazonaws.com/npm/code-artifact-benchmark-test/lines-and-columns 150ms (cache miss)
npm http fetch GET 200 https://vlt-451504312483.d.codeartifact.us-east-1.amazonaws.com/npm/code-artifact-benchmark-test/error-ex 159ms (cache miss)
npm http fetch GET 200 https://vlt-451504312483.d.codeartifact.us-east-1.amazonaws.com/npm/code-artifact-benchmark-test/is-arrayish 142ms (cache miss)
npm http fetch GET 200 https://vlt-451504312483.d.codeartifact.us-east-1.amazonaws.com/npm/code-artifact-benchmark-test/asynckit 152ms (cache miss)
npm http fetch GET 200 https://vlt-451504312483.d.codeartifact.us-east-1.amazonaws.com/npm/code-artifact-benchmark-test/dezalgo 156ms (cache miss)
npm http fetch GET 200 https://vlt-451504312483.d.codeartifact.us-east-1.amazonaws.com/npm/code-artifact-benchmark-test/combined-stream 172ms (cache miss)
npm http fetch GET 200 https://vlt-451504312483.d.codeartifact.us-east-1.amazonaws.com/npm/code-artifact-benchmark-test/@paralleldrive%2fcuid2 227ms (cache miss)
npm http fetch GET 200 https://vlt-451504312483.d.codeartifact.us-east-1.amazonaws.com/npm/code-artifact-benchmark-test/delayed-stream 133ms (cache miss)
npm http fetch GET 200 https://vlt-451504312483.d.codeartifact.us-east-1.amazonaws.com/npm/code-artifact-benchmark-test/@noble%2fhashes 170ms (cache miss)
npm http fetch GET 200 https://vlt-451504312483.d.codeartifact.us-east-1.amazonaws.com/npm/code-artifact-benchmark-test/boolbase 134ms (cache miss)
npm http fetch GET 200 https://vlt-451504312483.d.codeartifact.us-east-1.amazonaws.com/npm/code-artifact-benchmark-test/nth-check 142ms (cache miss)
npm http fetch GET 200 https://vlt-451504312483.d.codeartifact.us-east-1.amazonaws.com/npm/code-artifact-benchmark-test/domutils 162ms (cache miss)
npm http fetch GET 200 https://vlt-451504312483.d.codeartifact.us-east-1.amazonaws.com/npm/code-artifact-benchmark-test/domhandler 142ms (cache miss)
npm http fetch GET 200 https://vlt-451504312483.d.codeartifact.us-east-1.amazonaws.com/npm/code-artifact-benchmark-test/mdn-data 156ms (cache updated)
npm http fetch GET 200 https://vlt-451504312483.d.codeartifact.us-east-1.amazonaws.com/npm/code-artifact-benchmark-test/css-tree 162ms (cache updated)
npm http fetch GET 200 https://vlt-451504312483.d.codeartifact.us-east-1.amazonaws.com/npm/code-artifact-benchmark-test/domelementtype 136ms (cache miss)
npm http fetch GET 200 https://vlt-451504312483.d.codeartifact.us-east-1.amazonaws.com/npm/code-artifact-benchmark-test/dom-serializer 146ms (cache miss)
npm http fetch GET 200 https://vlt-451504312483.d.codeartifact.us-east-1.amazonaws.com/npm/code-artifact-benchmark-test/domelementtype 151ms (cache miss)
npm http fetch GET 200 https://vlt-451504312483.d.codeartifact.us-east-1.amazonaws.com/npm/code-artifact-benchmark-test/mdn-data 172ms (cache updated)
npm http fetch GET 200 https://vlt-451504312483.d.codeartifact.us-east-1.amazonaws.com/npm/code-artifact-benchmark-test/entities 163ms (cache miss)
npm http fetch GET 200 https://vlt-451504312483.d.codeartifact.us-east-1.amazonaws.com/npm/code-artifact-benchmark-test/astral-regex 174ms (cache miss)
npm http fetch GET 200 https://vlt-451504312483.d.codeartifact.us-east-1.amazonaws.com/npm/code-artifact-benchmark-test/color-convert 135ms (cache miss)
npm http fetch GET 200 https://vlt-451504312483.d.codeartifact.us-east-1.amazonaws.com/npm/code-artifact-benchmark-test/raw-body 147ms (cache updated)
npm http fetch GET 200 https://vlt-451504312483.d.codeartifact.us-east-1.amazonaws.com/npm/code-artifact-benchmark-test/error 152ms (cache miss)
npm http fetch GET 200 https://vlt-451504312483.d.codeartifact.us-east-1.amazonaws.com/npm/code-artifact-benchmark-test/continuable-cache 162ms (cache miss)
npm http fetch GET 200 https://vlt-451504312483.d.codeartifact.us-east-1.amazonaws.com/npm/code-artifact-benchmark-test/websocket-driver 156ms (cache miss)
npm http fetch GET 200 https://vlt-451504312483.d.codeartifact.us-east-1.amazonaws.com/npm/code-artifact-benchmark-test/safe-json-parse 164ms (cache miss)
npm http fetch GET 200 https://vlt-451504312483.d.codeartifact.us-east-1.amazonaws.com/npm/code-artifact-benchmark-test/bytes 173ms (cache updated)
npm http fetch GET 200 https://vlt-451504312483.d.codeartifact.us-east-1.amazonaws.com/npm/code-artifact-benchmark-test/string-template 175ms (cache miss)
npm http fetch GET 200 https://vlt-451504312483.d.codeartifact.us-east-1.amazonaws.com/npm/code-artifact-benchmark-test/websocket-extensions 179ms (cache miss)
npm http fetch GET 200 https://vlt-451504312483.d.codeartifact.us-east-1.amazonaws.com/npm/code-artifact-benchmark-test/http-parser-js 184ms (cache miss)
npm http fetch GET 200 https://vlt-451504312483.d.codeartifact.us-east-1.amazonaws.com/npm/code-artifact-benchmark-test/which-builtin-type 159ms (cache miss)
npm http fetch GET 200 https://vlt-451504312483.d.codeartifact.us-east-1.amazonaws.com/npm/code-artifact-benchmark-test/is-finalizationregistry 134ms (cache miss)
npm http fetch GET 200 https://vlt-451504312483.d.codeartifact.us-east-1.amazonaws.com/npm/code-artifact-benchmark-test/is-generator-function 157ms (cache miss)
npm http fetch GET 200 https://vlt-451504312483.d.codeartifact.us-east-1.amazonaws.com/npm/code-artifact-benchmark-test/is-async-function 166ms (cache miss)
npm http fetch GET 200 https://vlt-451504312483.d.codeartifact.us-east-1.amazonaws.com/npm/code-artifact-benchmark-test/which-collection 169ms (cache miss)
npm http fetch GET 200 https://vlt-451504312483.d.codeartifact.us-east-1.amazonaws.com/npm/code-artifact-benchmark-test/is-bigint 136ms (cache miss)
npm http fetch GET 200 https://vlt-451504312483.d.codeartifact.us-east-1.amazonaws.com/npm/code-artifact-benchmark-test/is-number-object 146ms (cache miss)
npm http fetch GET 200 https://vlt-451504312483.d.codeartifact.us-east-1.amazonaws.com/npm/code-artifact-benchmark-test/is-boolean-object 149ms (cache miss)
npm http fetch GET 200 https://vlt-451504312483.d.codeartifact.us-east-1.amazonaws.com/npm/code-artifact-benchmark-test/array-initial 159ms (cache miss)
npm http fetch GET 200 https://vlt-451504312483.d.codeartifact.us-east-1.amazonaws.com/npm/code-artifact-benchmark-test/array-last 160ms (cache miss)
npm http fetch GET 200 https://vlt-451504312483.d.codeartifact.us-east-1.amazonaws.com/npm/code-artifact-benchmark-test/arr-filter 248ms (cache miss)
npm http fetch GET 200 https://vlt-451504312483.d.codeartifact.us-east-1.amazonaws.com/npm/code-artifact-benchmark-test/now-and-later 157ms (cache miss)
npm http fetch GET 200 https://vlt-451504312483.d.codeartifact.us-east-1.amazonaws.com/npm/code-artifact-benchmark-test/async-settle 164ms (cache miss)
npm http fetch GET 200 https://vlt-451504312483.d.codeartifact.us-east-1.amazonaws.com/npm/code-artifact-benchmark-test/default-resolution 171ms (cache miss)
npm http fetch GET 200 https://vlt-451504312483.d.codeartifact.us-east-1.amazonaws.com/npm/code-artifact-benchmark-test/is-number 162ms (cache updated)
npm http fetch GET 200 https://vlt-451504312483.d.codeartifact.us-east-1.amazonaws.com/npm/code-artifact-benchmark-test/is-number 174ms (cache updated)
npm http fetch GET 200 https://vlt-451504312483.d.codeartifact.us-east-1.amazonaws.com/npm/code-artifact-benchmark-test/readable-stream 213ms (cache updated)
npm http fetch GET 200 https://vlt-451504312483.d.codeartifact.us-east-1.amazonaws.com/npm/code-artifact-benchmark-test/to-absolute-glob 156ms (cache miss)
npm http fetch GET 200 https://vlt-451504312483.d.codeartifact.us-east-1.amazonaws.com/npm/code-artifact-benchmark-test/ordered-read-streams 173ms (cache miss)
npm http fetch GET 200 https://vlt-451504312483.d.codeartifact.us-east-1.amazonaws.com/npm/code-artifact-benchmark-test/unique-stream 175ms (cache miss)
npm http fetch GET 200 https://vlt-451504312483.d.codeartifact.us-east-1.amazonaws.com/npm/code-artifact-benchmark-test/flush-write-stream 174ms (cache miss)
npm http fetch GET 200 https://vlt-451504312483.d.codeartifact.us-east-1.amazonaws.com/npm/code-artifact-benchmark-test/duplexify 158ms (cache miss)
npm http fetch GET 200 https://vlt-451504312483.d.codeartifact.us-east-1.amazonaws.com/npm/code-artifact-benchmark-test/pump 162ms (cache miss)
npm http fetch GET 200 https://vlt-451504312483.d.codeartifact.us-east-1.amazonaws.com/npm/code-artifact-benchmark-test/is-utf8 138ms (cache miss)
npm http fetch GET 200 https://vlt-451504312483.d.codeartifact.us-east-1.amazonaws.com/npm/code-artifact-benchmark-test/convert-source-map 174ms (cache updated)
npm http fetch GET 200 https://vlt-451504312483.d.codeartifact.us-east-1.amazonaws.com/npm/code-artifact-benchmark-test/append-buffer 234ms (cache miss)
npm http fetch GET 200 https://vlt-451504312483.d.codeartifact.us-east-1.amazonaws.com/npm/code-artifact-benchmark-test/through2-filter 199ms (cache miss)
npm http fetch GET 200 https://vlt-451504312483.d.codeartifact.us-east-1.amazonaws.com/npm/code-artifact-benchmark-test/stream-shift 145ms (cache miss)
npm http fetch GET 200 https://vlt-451504312483.d.codeartifact.us-east-1.amazonaws.com/npm/code-artifact-benchmark-test/buffer-equal 200ms (cache miss)
npm http fetch GET 200 https://vlt-451504312483.d.codeartifact.us-east-1.amazonaws.com/npm/code-artifact-benchmark-test/webpack 501ms (cache updated)
npm http fetch GET 200 https://vlt-451504312483.d.codeartifact.us-east-1.amazonaws.com/npm/code-artifact-benchmark-test/@webassemblyjs%2fhelper-numbers 145ms (cache miss)
npm http fetch GET 200 https://vlt-451504312483.d.codeartifact.us-east-1.amazonaws.com/npm/code-artifact-benchmark-test/@webassemblyjs%2fhelper-buffer 157ms (cache miss)
npm http fetch GET 200 https://vlt-451504312483.d.codeartifact.us-east-1.amazonaws.com/npm/code-artifact-benchmark-test/@webassemblyjs%2fhelper-wasm-bytecode 166ms (cache miss)
npm http fetch GET 200 https://vlt-451504312483.d.codeartifact.us-east-1.amazonaws.com/npm/code-artifact-benchmark-test/@webassemblyjs%2fhelper-wasm-bytecode 165ms (cache miss)
npm http fetch GET 200 https://vlt-451504312483.d.codeartifact.us-east-1.amazonaws.com/npm/code-artifact-benchmark-test/@webassemblyjs%2fwasm-gen 174ms (cache miss)
npm http fetch GET 200 https://vlt-451504312483.d.codeartifact.us-east-1.amazonaws.com/npm/code-artifact-benchmark-test/@webassemblyjs%2fhelper-wasm-section 213ms (cache miss)
npm http fetch GET 200 https://vlt-451504312483.d.codeartifact.us-east-1.amazonaws.com/npm/code-artifact-benchmark-test/@webassemblyjs%2fwasm-opt 165ms (cache miss)
npm http fetch GET 200 https://vlt-451504312483.d.codeartifact.us-east-1.amazonaws.com/npm/code-artifact-benchmark-test/@webassemblyjs%2fwasm-parser 138ms (cache updated)
npm http fetch GET 200 https://vlt-451504312483.d.codeartifact.us-east-1.amazonaws.com/npm/code-artifact-benchmark-test/@webassemblyjs%2fwast-printer 178ms (cache miss)
npm http fetch GET 200 https://vlt-451504312483.d.codeartifact.us-east-1.amazonaws.com/npm/code-artifact-benchmark-test/@webassemblyjs%2fhelper-api-error 145ms (cache miss)
npm http fetch GET 200 https://vlt-451504312483.d.codeartifact.us-east-1.amazonaws.com/npm/code-artifact-benchmark-test/@webassemblyjs%2fieee754 164ms (cache miss)
npm http fetch GET 200 https://vlt-451504312483.d.codeartifact.us-east-1.amazonaws.com/npm/code-artifact-benchmark-test/@webassemblyjs%2fleb128 160ms (cache miss)
npm http fetch GET 200 https://vlt-451504312483.d.codeartifact.us-east-1.amazonaws.com/npm/code-artifact-benchmark-test/@webassemblyjs%2futf8 144ms (cache miss)
npm http fetch GET 200 https://vlt-451504312483.d.codeartifact.us-east-1.amazonaws.com/npm/code-artifact-benchmark-test/tapable 157ms (cache updated)
npm http fetch GET 200 https://vlt-451504312483.d.codeartifact.us-east-1.amazonaws.com/npm/code-artifact-benchmark-test/terser 216ms (cache miss)
npm http fetch GET 200 https://vlt-451504312483.d.codeartifact.us-east-1.amazonaws.com/npm/code-artifact-benchmark-test/jest-worker 222ms (cache miss)
npm http fetch GET 200 https://vlt-451504312483.d.codeartifact.us-east-1.amazonaws.com/npm/code-artifact-benchmark-test/@webassemblyjs%2ffloating-point-hex-parser 146ms (cache miss)
npm http fetch GET 200 https://vlt-451504312483.d.codeartifact.us-east-1.amazonaws.com/npm/code-artifact-benchmark-test/@xtuc%2flong 153ms (cache miss)
npm http fetch GET 200 https://vlt-451504312483.d.codeartifact.us-east-1.amazonaws.com/npm/code-artifact-benchmark-test/@xtuc%2fieee754 162ms (cache miss)
npm http fetch GET 200 https://vlt-451504312483.d.codeartifact.us-east-1.amazonaws.com/npm/code-artifact-benchmark-test/supports-color 157ms (cache updated)
npm http fetch GET 200 https://vlt-451504312483.d.codeartifact.us-east-1.amazonaws.com/npm/code-artifact-benchmark-test/merge-stream 163ms (cache miss)
npm http fetch GET 200 https://vlt-451504312483.d.codeartifact.us-east-1.amazonaws.com/npm/code-artifact-benchmark-test/commander 190ms (cache updated)
npm http fetch GET 200 https://vlt-451504312483.d.codeartifact.us-east-1.amazonaws.com/npm/code-artifact-benchmark-test/source-map-support 152ms (cache updated)
npm http fetch GET 200 https://vlt-451504312483.d.codeartifact.us-east-1.amazonaws.com/npm/code-artifact-benchmark-test/@jridgewell%2fsource-map 150ms (cache miss)
npm http fetch GET 200 https://vlt-451504312483.d.codeartifact.us-east-1.amazonaws.com/npm/code-artifact-benchmark-test/source-map 157ms (cache updated)
npm http fetch GET 200 https://vlt-451504312483.d.codeartifact.us-east-1.amazonaws.com/npm/code-artifact-benchmark-test/mrmime 135ms (cache miss)
npm http fetch GET 200 https://vlt-451504312483.d.codeartifact.us-east-1.amazonaws.com/npm/code-artifact-benchmark-test/duplexer 142ms (cache miss)
npm http fetch GET 200 https://vlt-451504312483.d.codeartifact.us-east-1.amazonaws.com/npm/code-artifact-benchmark-test/totalist 178ms (cache miss)
npm http fetch GET 200 https://vlt-451504312483.d.codeartifact.us-east-1.amazonaws.com/npm/code-artifact-benchmark-test/@polka%2furl 145ms (cache miss)
npm http fetch GET 200 https://vlt-451504312483.d.codeartifact.us-east-1.amazonaws.com/npm/code-artifact-benchmark-test/is-wsl 157ms (cache miss)
npm http fetch GET 200 https://vlt-451504312483.d.codeartifact.us-east-1.amazonaws.com/npm/code-artifact-benchmark-test/growly 162ms (cache miss)
npm http fetch GET 200 https://vlt-451504312483.d.codeartifact.us-east-1.amazonaws.com/npm/code-artifact-benchmark-test/semver 163ms (cache updated)
npm http fetch GET 200 https://vlt-451504312483.d.codeartifact.us-east-1.amazonaws.com/npm/code-artifact-benchmark-test/shellwords 151ms (cache miss)
npm http fetch GET 200 https://vlt-451504312483.d.codeartifact.us-east-1.amazonaws.com/npm/code-artifact-benchmark-test/uuid 213ms (cache updated)
npm http fetch GET 200 https://vlt-451504312483.d.codeartifact.us-east-1.amazonaws.com/npm/code-artifact-benchmark-test/is-docker 163ms (cache miss)
npm http fetch GET 200 https://vlt-451504312483.d.codeartifact.us-east-1.amazonaws.com/npm/code-artifact-benchmark-test/async-function 142ms (cache miss)
npm http fetch GET 200 https://vlt-451504312483.d.codeartifact.us-east-1.amazonaws.com/npm/code-artifact-benchmark-test/generator-function 150ms (cache miss)
npm http fetch GET 200 https://vlt-451504312483.d.codeartifact.us-east-1.amazonaws.com/npm/code-artifact-benchmark-test/is-map 156ms (cache miss)
npm http fetch GET 200 https://vlt-451504312483.d.codeartifact.us-east-1.amazonaws.com/npm/code-artifact-benchmark-test/is-weakmap 164ms (cache miss)
npm http fetch GET 200 https://vlt-451504312483.d.codeartifact.us-east-1.amazonaws.com/npm/code-artifact-benchmark-test/is-weakset 166ms (cache miss)
npm http fetch GET 200 https://vlt-451504312483.d.codeartifact.us-east-1.amazonaws.com/npm/code-artifact-benchmark-test/wrap-ansi 147ms (cache updated)
npm http fetch GET 200 https://vlt-451504312483.d.codeartifact.us-east-1.amazonaws.com/npm/code-artifact-benchmark-test/string-width 149ms (cache updated)
npm http fetch GET 200 https://vlt-451504312483.d.codeartifact.us-east-1.amazonaws.com/npm/code-artifact-benchmark-test/lcid 199ms (cache miss)
npm http fetch GET 200 https://vlt-451504312483.d.codeartifact.us-east-1.amazonaws.com/npm/code-artifact-benchmark-test/find-up 148ms (cache updated)
npm http fetch GET 200 https://vlt-451504312483.d.codeartifact.us-east-1.amazonaws.com/npm/code-artifact-benchmark-test/read-pkg 149ms (cache miss)
npm http fetch GET 200 https://vlt-451504312483.d.codeartifact.us-east-1.amazonaws.com/npm/code-artifact-benchmark-test/code-point-at 154ms (cache miss)
npm http fetch GET 200 https://vlt-451504312483.d.codeartifact.us-east-1.amazonaws.com/npm/code-artifact-benchmark-test/invert-kv 153ms (cache miss)
npm http fetch GET 200 https://vlt-451504312483.d.codeartifact.us-east-1.amazonaws.com/npm/code-artifact-benchmark-test/path-type 124ms (cache miss)
npm http fetch GET 200 https://vlt-451504312483.d.codeartifact.us-east-1.amazonaws.com/npm/code-artifact-benchmark-test/load-json-file 153ms (cache miss)
npm http fetch GET 200 https://vlt-451504312483.d.codeartifact.us-east-1.amazonaws.com/npm/code-artifact-benchmark-test/normalize-package-data 186ms (cache miss)
npm http fetch GET 200 https://vlt-451504312483.d.codeartifact.us-east-1.amazonaws.com/npm/code-artifact-benchmark-test/parse-json 145ms (cache updated)
npm http fetch GET 200 https://vlt-451504312483.d.codeartifact.us-east-1.amazonaws.com/npm/code-artifact-benchmark-test/hosted-git-info 166ms (cache miss)
npm http fetch GET 200 https://vlt-451504312483.d.codeartifact.us-east-1.amazonaws.com/npm/code-artifact-benchmark-test/semver 188ms (cache updated)
npm http fetch GET 200 https://vlt-451504312483.d.codeartifact.us-east-1.amazonaws.com/npm/code-artifact-benchmark-test/validate-npm-package-license 133ms (cache miss)
npm http fetch GET 200 https://vlt-451504312483.d.codeartifact.us-east-1.amazonaws.com/npm/code-artifact-benchmark-test/spdx-expression-parse 144ms (cache miss)
npm http fetch GET 200 https://vlt-451504312483.d.codeartifact.us-east-1.amazonaws.com/npm/code-artifact-benchmark-test/spdx-correct 187ms (cache miss)
npm http fetch GET 200 https://vlt-451504312483.d.codeartifact.us-east-1.amazonaws.com/npm/code-artifact-benchmark-test/spdx-license-ids 160ms (cache miss)
npm http fetch GET 200 https://vlt-451504312483.d.codeartifact.us-east-1.amazonaws.com/npm/code-artifact-benchmark-test/spdx-exceptions 165ms (cache miss)
npm http fetch GET 200 https://vlt-451504312483.d.codeartifact.us-east-1.amazonaws.com/npm/code-artifact-benchmark-test/spdx-license-ids 174ms (cache miss)
npm http fetch GET 200 https://vlt-451504312483.d.codeartifact.us-east-1.amazonaws.com/npm/code-artifact-benchmark-test/source-map 156ms (cache updated)
npm http fetch GET 200 https://vlt-451504312483.d.codeartifact.us-east-1.amazonaws.com/npm/code-artifact-benchmark-test/stackframe 160ms (cache miss)
npm http fetch GET 200 https://vlt-451504312483.d.codeartifact.us-east-1.amazonaws.com/npm/code-artifact-benchmark-test/number-is-nan 161ms (cache miss)
npm http fetch GET 200 https://vlt-451504312483.d.codeartifact.us-east-1.amazonaws.com/npm/code-artifact-benchmark-test/color-name 126ms (cache miss)
npm http fetch GET 200 https://vlt-451504312483.d.codeartifact.us-east-1.amazonaws.com/npm/code-artifact-benchmark-test/fill-range 149ms (cache updated)
npm http fetch GET 200 https://vlt-451504312483.d.codeartifact.us-east-1.amazonaws.com/npm/code-artifact-benchmark-test/to-regex-range 152ms (cache updated)
npm http fetch GET 200 https://vlt-451504312483.d.codeartifact.us-east-1.amazonaws.com/npm/code-artifact-benchmark-test/is-number 160ms (cache updated)
npm http fetch GET 200 https://vlt-451504312483.d.codeartifact.us-east-1.amazonaws.com/npm/code-artifact-benchmark-test/browserslist 208ms (cache updated)
npm http fetch GET 200 https://vlt-451504312483.d.codeartifact.us-east-1.amazonaws.com/npm/code-artifact-benchmark-test/postcss 216ms (cache updated)
npm http fetch GET 200 https://vlt-451504312483.d.codeartifact.us-east-1.amazonaws.com/npm/code-artifact-benchmark-test/normalize-range 156ms (cache miss)
npm http fetch GET 200 https://vlt-451504312483.d.codeartifact.us-east-1.amazonaws.com/npm/code-artifact-benchmark-test/num2fraction 217ms (cache miss)
npm http fetch GET 200 https://vlt-451504312483.d.codeartifact.us-east-1.amazonaws.com/npm/code-artifact-benchmark-test/caniuse-db 516ms (cache miss)
npm http fetch GET 200 https://vlt-451504312483.d.codeartifact.us-east-1.amazonaws.com/npm/code-artifact-benchmark-test/js-base64 177ms (cache miss)
npm http fetch GET 200 https://vlt-451504312483.d.codeartifact.us-east-1.amazonaws.com/npm/code-artifact-benchmark-test/supports-color 155ms (cache updated)
npm http fetch GET 200 https://vlt-451504312483.d.codeartifact.us-east-1.amazonaws.com/npm/code-artifact-benchmark-test/reduce-css-calc 167ms (cache miss)
npm http fetch GET 200 https://vlt-451504312483.d.codeartifact.us-east-1.amazonaws.com/npm/code-artifact-benchmark-test/postcss-message-helpers 153ms (cache miss)
npm http fetch GET 200 https://vlt-451504312483.d.codeartifact.us-east-1.amazonaws.com/npm/code-artifact-benchmark-test/colormin 157ms (cache miss)
npm http fetch GET 200 https://vlt-451504312483.d.codeartifact.us-east-1.amazonaws.com/npm/code-artifact-benchmark-test/postcss-value-parser 166ms (cache updated)
npm http fetch GET 200 https://vlt-451504312483.d.codeartifact.us-east-1.amazonaws.com/npm/code-artifact-benchmark-test/uniqs 151ms (cache miss)
npm http fetch GET 200 https://vlt-451504312483.d.codeartifact.us-east-1.amazonaws.com/npm/code-artifact-benchmark-test/postcss 214ms (cache updated)
npm http fetch GET 200 https://vlt-451504312483.d.codeartifact.us-east-1.amazonaws.com/npm/code-artifact-benchmark-test/postcss-value-parser 181ms (cache updated)
npm http fetch GET 200 https://vlt-451504312483.d.codeartifact.us-east-1.amazonaws.com/npm/code-artifact-benchmark-test/postcss 223ms (cache updated)
npm http fetch GET 200 https://vlt-451504312483.d.codeartifact.us-east-1.amazonaws.com/npm/code-artifact-benchmark-test/vendors 165ms (cache miss)
npm http fetch GET 200 https://vlt-451504312483.d.codeartifact.us-east-1.amazonaws.com/npm/code-artifact-benchmark-test/caniuse-api 159ms (cache updated)
npm http fetch GET 200 https://vlt-451504312483.d.codeartifact.us-east-1.amazonaws.com/npm/code-artifact-benchmark-test/postcss-selector-parser 176ms (cache updated)
npm http fetch GET 200 https://vlt-451504312483.d.codeartifact.us-east-1.amazonaws.com/npm/code-artifact-benchmark-test/browserslist 227ms (cache updated)
npm http fetch GET 200 https://vlt-451504312483.d.codeartifact.us-east-1.amazonaws.com/npm/code-artifact-benchmark-test/postcss-value-parser 174ms (cache updated)
npm http fetch GET 200 https://vlt-451504312483.d.codeartifact.us-east-1.amazonaws.com/npm/code-artifact-benchmark-test/alphanum-sort 158ms (cache miss)
npm http fetch GET 200 https://vlt-451504312483.d.codeartifact.us-east-1.amazonaws.com/npm/code-artifact-benchmark-test/postcss-value-parser 176ms (cache updated)
npm http fetch GET 200 https://vlt-451504312483.d.codeartifact.us-east-1.amazonaws.com/npm/code-artifact-benchmark-test/alphanum-sort 159ms (cache miss)
npm http fetch GET 200 https://vlt-451504312483.d.codeartifact.us-east-1.amazonaws.com/npm/code-artifact-benchmark-test/normalize-url 159ms (cache miss)
npm http fetch GET 200 https://vlt-451504312483.d.codeartifact.us-east-1.amazonaws.com/npm/code-artifact-benchmark-test/postcss-selector-parser 178ms (cache updated)
npm http fetch GET 200 https://vlt-451504312483.d.codeartifact.us-east-1.amazonaws.com/npm/code-artifact-benchmark-test/is-absolute-url 158ms (cache miss)
npm http fetch GET 200 https://vlt-451504312483.d.codeartifact.us-east-1.amazonaws.com/npm/code-artifact-benchmark-test/postcss-value-parser 150ms (cache updated)
npm http fetch GET 200 https://vlt-451504312483.d.codeartifact.us-east-1.amazonaws.com/npm/code-artifact-benchmark-test/postcss-value-parser 143ms (cache updated)
npm http fetch GET 200 https://vlt-451504312483.d.codeartifact.us-east-1.amazonaws.com/npm/code-artifact-benchmark-test/svgo 176ms (cache updated)
npm http fetch GET 200 https://vlt-451504312483.d.codeartifact.us-east-1.amazonaws.com/npm/code-artifact-benchmark-test/is-svg 179ms (cache miss)
npm http fetch GET 200 https://vlt-451504312483.d.codeartifact.us-east-1.amazonaws.com/npm/code-artifact-benchmark-test/caniuse-db 473ms (cache updated)
npm http fetch GET 200 https://vlt-451504312483.d.codeartifact.us-east-1.amazonaws.com/npm/code-artifact-benchmark-test/balanced-match 148ms (cache updated)
npm http fetch GET 200 https://vlt-451504312483.d.codeartifact.us-east-1.amazonaws.com/npm/code-artifact-benchmark-test/math-expression-evaluator 165ms (cache miss)
npm http fetch GET 200 https://vlt-451504312483.d.codeartifact.us-east-1.amazonaws.com/npm/code-artifact-benchmark-test/reduce-function-call 230ms (cache miss)
npm http fetch GET 200 https://vlt-451504312483.d.codeartifact.us-east-1.amazonaws.com/npm/code-artifact-benchmark-test/css-color-names 163ms (cache miss)
npm http fetch GET 200 https://vlt-451504312483.d.codeartifact.us-east-1.amazonaws.com/npm/code-artifact-benchmark-test/color 187ms (cache miss)
npm http fetch GET 200 https://vlt-451504312483.d.codeartifact.us-east-1.amazonaws.com/npm/code-artifact-benchmark-test/clone 159ms (cache updated)
npm http fetch GET 200 https://vlt-451504312483.d.codeartifact.us-east-1.amazonaws.com/npm/code-artifact-benchmark-test/color-string 186ms (cache miss)
npm http fetch GET 200 https://vlt-451504312483.d.codeartifact.us-east-1.amazonaws.com/npm/code-artifact-benchmark-test/color-convert 189ms (cache updated)
npm http fetch GET 200 https://vlt-451504312483.d.codeartifact.us-east-1.amazonaws.com/npm/code-artifact-benchmark-test/flatten 149ms (cache miss)
npm http fetch GET 200 https://vlt-451504312483.d.codeartifact.us-east-1.amazonaws.com/npm/code-artifact-benchmark-test/uniq 157ms (cache miss)
npm http fetch GET 200 https://vlt-451504312483.d.codeartifact.us-east-1.amazonaws.com/npm/code-artifact-benchmark-test/indexes-of 159ms (cache miss)
npm http fetch GET 200 https://vlt-451504312483.d.codeartifact.us-east-1.amazonaws.com/npm/code-artifact-benchmark-test/sort-keys 151ms (cache miss)
npm http fetch GET 200 https://vlt-451504312483.d.codeartifact.us-east-1.amazonaws.com/npm/code-artifact-benchmark-test/query-string 175ms (cache miss)
npm http fetch GET 200 https://vlt-451504312483.d.codeartifact.us-east-1.amazonaws.com/npm/code-artifact-benchmark-test/prepend-http 189ms (cache miss)
npm http fetch GET 200 https://vlt-451504312483.d.codeartifact.us-east-1.amazonaws.com/npm/code-artifact-benchmark-test/strict-uri-encode 160ms (cache miss)
npm http fetch GET 200 https://vlt-451504312483.d.codeartifact.us-east-1.amazonaws.com/npm/code-artifact-benchmark-test/is-plain-obj 162ms (cache miss)
npm http fetch GET 200 https://vlt-451504312483.d.codeartifact.us-east-1.amazonaws.com/npm/code-artifact-benchmark-test/coa 163ms (cache miss)
npm http fetch GET 200 https://vlt-451504312483.d.codeartifact.us-east-1.amazonaws.com/npm/code-artifact-benchmark-test/sax 169ms (cache updated)
npm http fetch GET 200 https://vlt-451504312483.d.codeartifact.us-east-1.amazonaws.com/npm/code-artifact-benchmark-test/html-comment-regex 184ms (cache miss)
npm http fetch GET 200 https://vlt-451504312483.d.codeartifact.us-east-1.amazonaws.com/npm/code-artifact-benchmark-test/colors 166ms (cache miss)
npm http fetch GET 200 https://vlt-451504312483.d.codeartifact.us-east-1.amazonaws.com/npm/code-artifact-benchmark-test/csso 182ms (cache updated)
npm http fetch GET 200 https://vlt-451504312483.d.codeartifact.us-east-1.amazonaws.com/npm/code-artifact-benchmark-test/js-yaml 169ms (cache updated)
npm http fetch GET 200 https://vlt-451504312483.d.codeartifact.us-east-1.amazonaws.com/npm/code-artifact-benchmark-test/whet.extend 147ms (cache miss)
npm http fetch GET 200 https://vlt-451504312483.d.codeartifact.us-east-1.amazonaws.com/npm/code-artifact-benchmark-test/esprima 168ms (cache miss)
npm http fetch GET 200 https://vlt-451504312483.d.codeartifact.us-east-1.amazonaws.com/npm/code-artifact-benchmark-test/q 180ms (cache miss)
npm http fetch GET 200 https://vlt-451504312483.d.codeartifact.us-east-1.amazonaws.com/npm/code-artifact-benchmark-test/clap 258ms (cache miss)
npm http fetch GET 200 https://vlt-451504312483.d.codeartifact.us-east-1.amazonaws.com/npm/code-artifact-benchmark-test/argparse 141ms (cache updated)
npm http fetch GET 200 https://vlt-451504312483.d.codeartifact.us-east-1.amazonaws.com/npm/code-artifact-benchmark-test/sprintf-js 153ms (cache miss)
npm http fetch GET 200 https://vlt-451504312483.d.codeartifact.us-east-1.amazonaws.com/npm/code-artifact-benchmark-test/object-keys 151ms (cache updated)
npm http fetch GET 200 https://vlt-451504312483.d.codeartifact.us-east-1.amazonaws.com/npm/code-artifact-benchmark-test/color-convert 146ms (cache updated)
npm http fetch GET 200 https://vlt-451504312483.d.codeartifact.us-east-1.amazonaws.com/npm/code-artifact-benchmark-test/isomorphic-fetch 149ms (cache miss)
npm http fetch GET 200 https://vlt-451504312483.d.codeartifact.us-east-1.amazonaws.com/npm/code-artifact-benchmark-test/core-js 229ms (cache updated)
npm http fetch GET 200 https://vlt-451504312483.d.codeartifact.us-east-1.amazonaws.com/npm/code-artifact-benchmark-test/node-fetch 228ms (cache updated)
npm http fetch GET 200 https://vlt-451504312483.d.codeartifact.us-east-1.amazonaws.com/npm/code-artifact-benchmark-test/is-stream 154ms (cache miss)
npm http fetch GET 200 https://vlt-451504312483.d.codeartifact.us-east-1.amazonaws.com/npm/code-artifact-benchmark-test/encoding 155ms (cache miss)
npm http fetch GET 200 https://vlt-451504312483.d.codeartifact.us-east-1.amazonaws.com/npm/code-artifact-benchmark-test/iconv-lite 161ms (cache updated)
npm http fetch GET 200 https://vlt-451504312483.d.codeartifact.us-east-1.amazonaws.com/npm/code-artifact-benchmark-test/p-limit 171ms (cache updated)
npm http fetch GET 200 https://vlt-451504312483.d.codeartifact.us-east-1.amazonaws.com/npm/code-artifact-benchmark-test/p-limit 137ms (cache updated)
npm http fetch GET 200 https://vlt-451504312483.d.codeartifact.us-east-1.amazonaws.com/npm/code-artifact-benchmark-test/p-try 154ms (cache miss)
npm http fetch GET 200 https://vlt-451504312483.d.codeartifact.us-east-1.amazonaws.com/npm/code-artifact-benchmark-test/ajv 260ms (cache updated)
npm warn ERESOLVE overriding peer dependency
npm warn While resolving: react-dom@16.14.0
npm warn Found: react@18.3.1
npm warn node_modules/react
npm warn   peer react@"^0.14.0 || ^15.0.0-rc || ^16.0.0-rc || ^16.0.0" from draft-js@0.10.5
npm warn   node_modules/medium-draft/node_modules/draft-js
npm warn     draft-js@"^0.10.0" from medium-draft@0.5.18
npm warn     node_modules/medium-draft
npm warn
npm warn Could not resolve dependency:
npm warn peer react@"^16.14.0" from react-dom@16.14.0
npm warn node_modules/react-addons-css-transition-group/node_modules/react-dom
npm warn   peer react-dom@"^15.0.0 || ^16.0.0" from react-transition-group@1.2.1
npm warn   node_modules/react-addons-css-transition-group/node_modules/react-transition-group
npm warn
npm warn Conflicting peer dependency: react@16.14.0
npm warn node_modules/react
npm warn   peer react@"^16.14.0" from react-dom@16.14.0
npm warn   node_modules/react-addons-css-transition-group/node_modules/react-dom
npm warn     peer react-dom@"^15.0.0 || ^16.0.0" from react-transition-group@1.2.1
npm warn     node_modules/react-addons-css-transition-group/node_modules/react-transition-group
npm http fetch GET 200 https://vlt-451504312483.d.codeartifact.us-east-1.amazonaws.com/npm/code-artifact-benchmark-test/hookified 188ms (cache miss)
npm http fetch GET 200 https://vlt-451504312483.d.codeartifact.us-east-1.amazonaws.com/npm/code-artifact-benchmark-test/cacheable 190ms (cache miss)
npm http fetch GET 200 https://vlt-451504312483.d.codeartifact.us-east-1.amazonaws.com/npm/code-artifact-benchmark-test/@cacheable%2fmemory 162ms (cache miss)
npm http fetch GET 200 https://vlt-451504312483.d.codeartifact.us-east-1.amazonaws.com/npm/code-artifact-benchmark-test/keyv 166ms (cache updated)
npm http fetch GET 200 https://vlt-451504312483.d.codeartifact.us-east-1.amazonaws.com/npm/code-artifact-benchmark-test/qified 253ms (cache miss)
npm http fetch GET 200 https://vlt-451504312483.d.codeartifact.us-east-1.amazonaws.com/npm/code-artifact-benchmark-test/@cacheable%2futils 179ms (cache miss)
npm http fetch GET 200 https://vlt-451504312483.d.codeartifact.us-east-1.amazonaws.com/npm/code-artifact-benchmark-test/@keyv%2fserialize 164ms (cache miss)
npm http fetch GET 200 https://vlt-451504312483.d.codeartifact.us-east-1.amazonaws.com/npm/code-artifact-benchmark-test/@keyv%2fbigmap 171ms (cache miss)
npm http fetch GET 200 https://vlt-451504312483.d.codeartifact.us-east-1.amazonaws.com/npm/code-artifact-benchmark-test/hashery 172ms (cache miss)
npm http fetch GET 200 https://vlt-451504312483.d.codeartifact.us-east-1.amazonaws.com/npm/code-artifact-benchmark-test/hookified 195ms (cache updated)
npm http fetch GET 200 https://vlt-451504312483.d.codeartifact.us-east-1.amazonaws.com/npm/code-artifact-benchmark-test/hashery 160ms (cache updated)
npm http fetch GET 200 https://vlt-451504312483.d.codeartifact.us-east-1.amazonaws.com/npm/code-artifact-benchmark-test/which 183ms (cache updated)
npm warn EBADENGINE Unsupported engine {
npm warn EBADENGINE   package: 'react-input-calendar@0.5.4',
npm warn EBADENGINE   required: { npm: '^3.0.0' },
npm warn EBADENGINE   current: { node: 'v24.21.0', npm: '12.2.0' }
npm warn EBADENGINE }
npm http fetch GET 200 https://vlt-451504312483.d.codeartifact.us-east-1.amazonaws.com/npm/code-artifact-benchmark-test/dir-glob/-/dir-glob-3.0.1.tgz 746ms (cache miss)
npm http fetch GET 200 https://vlt-451504312483.d.codeartifact.us-east-1.amazonaws.com/npm/code-artifact-benchmark-test/@keyv/serialize/-/serialize-1.1.1.tgz 745ms (cache miss)
npm http fetch GET 200 https://vlt-451504312483.d.codeartifact.us-east-1.amazonaws.com/npm/code-artifact-benchmark-test/hashery/-/hashery-1.5.1.tgz 749ms (cache miss)
npm http fetch GET 200 https://vlt-451504312483.d.codeartifact.us-east-1.amazonaws.com/npm/code-artifact-benchmark-test/@types/resize-observer-browser/-/resize-observer-browser-0.1.11.tgz 860ms (cache miss)
npm http fetch GET 200 https://vlt-451504312483.d.codeartifact.us-east-1.amazonaws.com/npm/code-artifact-benchmark-test/ajv-keywords/-/ajv-keywords-3.5.2.tgz 873ms (cache miss)
npm http fetch GET 200 https://vlt-451504312483.d.codeartifact.us-east-1.amazonaws.com/npm/code-artifact-benchmark-test/chain-function/-/chain-function-1.0.1.tgz 902ms (cache miss)
npm http fetch GET 200 https://vlt-451504312483.d.codeartifact.us-east-1.amazonaws.com/npm/code-artifact-benchmark-test/path-type/-/path-type-4.0.0.tgz 977ms (cache miss)
npm http fetch GET 200 https://vlt-451504312483.d.codeartifact.us-east-1.amazonaws.com/npm/code-artifact-benchmark-test/@keyv/bigmap/-/bigmap-1.3.1.tgz 990ms (cache miss)
npm http fetch GET 200 https://vlt-451504312483.d.codeartifact.us-east-1.amazonaws.com/npm/code-artifact-benchmark-test/p-try/-/p-try-2.2.0.tgz 989ms (cache miss)
npm http fetch GET 200 https://vlt-451504312483.d.codeartifact.us-east-1.amazonaws.com/npm/code-artifact-benchmark-test/warning/-/warning-3.0.0.tgz 999ms (cache miss)
npm http fetch GET 200 https://vlt-451504312483.d.codeartifact.us-east-1.amazonaws.com/npm/code-artifact-benchmark-test/assign-symbols/-/assign-symbols-1.0.0.tgz 1002ms (cache miss)
npm http fetch GET 200 https://vlt-451504312483.d.codeartifact.us-east-1.amazonaws.com/npm/code-artifact-benchmark-test/keyv/-/keyv-5.6.0.tgz 1014ms (cache miss)
npm http fetch GET 200 https://vlt-451504312483.d.codeartifact.us-east-1.amazonaws.com/npm/code-artifact-benchmark-test/@cacheable/memory/-/memory-2.2.0.tgz 1024ms (cache miss)
npm http fetch GET 200 https://vlt-451504312483.d.codeartifact.us-east-1.amazonaws.com/npm/code-artifact-benchmark-test/is-stream/-/is-stream-1.1.0.tgz 1037ms (cache miss)
npm http fetch GET 200 https://vlt-451504312483.d.codeartifact.us-east-1.amazonaws.com/npm/code-artifact-benchmark-test/keyv/-/keyv-5.6.0.tgz 1040ms (cache miss)
npm http fetch GET 200 https://vlt-451504312483.d.codeartifact.us-east-1.amazonaws.com/npm/code-artifact-benchmark-test/keyv/-/keyv-5.6.0.tgz 1051ms (cache miss)
npm http fetch GET 200 https://vlt-451504312483.d.codeartifact.us-east-1.amazonaws.com/npm/code-artifact-benchmark-test/hookified/-/hookified-1.15.1.tgz 1057ms (cache miss)
npm http fetch GET 200 https://vlt-451504312483.d.codeartifact.us-east-1.amazonaws.com/npm/code-artifact-benchmark-test/qified/-/qified-0.10.1.tgz 1079ms (cache miss)
npm http fetch GET 200 https://vlt-451504312483.d.codeartifact.us-east-1.amazonaws.com/npm/code-artifact-benchmark-test/encoding/-/encoding-0.1.13.tgz 1101ms (cache miss)
npm http fetch GET 200 https://vlt-451504312483.d.codeartifact.us-east-1.amazonaws.com/npm/code-artifact-benchmark-test/csstype/-/csstype-3.2.3.tgz 1106ms (cache miss)
npm http fetch GET 200 https://vlt-451504312483.d.codeartifact.us-east-1.amazonaws.com/npm/code-artifact-benchmark-test/hookified/-/hookified-2.2.0.tgz 1125ms (cache miss)
npm http fetch GET 200 https://vlt-451504312483.d.codeartifact.us-east-1.amazonaws.com/npm/code-artifact-benchmark-test/cacheable/-/cacheable-2.5.0.tgz 1130ms (cache miss)
npm http fetch GET 200 https://vlt-451504312483.d.codeartifact.us-east-1.amazonaws.com/npm/code-artifact-benchmark-test/sprintf-js/-/sprintf-js-1.0.3.tgz 1129ms (cache miss)
npm http fetch GET 200 https://vlt-451504312483.d.codeartifact.us-east-1.amazonaws.com/npm/code-artifact-benchmark-test/isomorphic-fetch/-/isomorphic-fetch-2.2.1.tgz 1138ms (cache miss)
npm http fetch GET 200 https://vlt-451504312483.d.codeartifact.us-east-1.amazonaws.com/npm/code-artifact-benchmark-test/path-is-inside/-/path-is-inside-1.0.2.tgz 1138ms (cache miss)
npm http fetch GET 200 https://vlt-451504312483.d.codeartifact.us-east-1.amazonaws.com/npm/code-artifact-benchmark-test/clap/-/clap-1.2.3.tgz 1169ms (cache miss)
npm http fetch GET 200 https://vlt-451504312483.d.codeartifact.us-east-1.amazonaws.com/npm/code-artifact-benchmark-test/whet.extend/-/whet.extend-0.9.9.tgz 1190ms (cache miss)
npm http fetch GET 200 https://vlt-451504312483.d.codeartifact.us-east-1.amazonaws.com/npm/code-artifact-benchmark-test/colors/-/colors-1.1.2.tgz 1192ms (cache miss)
npm http fetch GET 200 https://vlt-451504312483.d.codeartifact.us-east-1.amazonaws.com/npm/code-artifact-benchmark-test/esprima/-/esprima-2.7.3.tgz 1212ms (cache miss)
npm http fetch GET 200 https://vlt-451504312483.d.codeartifact.us-east-1.amazonaws.com/npm/code-artifact-benchmark-test/q/-/q-1.5.1.tgz 1213ms (cache miss)
npm warn deprecated q@1.5.1: You or someone you depend on is using Q, the JavaScript Promise library that gave JavaScript developers strong feelings about promises. They can almost certainly migrate to the native JavaScript promise now. Thank you literally everyone for joining me in this bet against the odds. Be excellent to each other.
npm warn deprecated
npm warn deprecated (For a CapTP with native promises, see @endo/eventual-send and @endo/captp)
npm http fetch GET 200 https://vlt-451504312483.d.codeartifact.us-east-1.amazonaws.com/npm/code-artifact-benchmark-test/node-fetch/-/node-fetch-1.7.3.tgz 1216ms (cache miss)
npm http fetch GET 200 https://vlt-451504312483.d.codeartifact.us-east-1.amazonaws.com/npm/code-artifact-benchmark-test/is-svg/-/is-svg-2.1.0.tgz 1226ms (cache miss)
npm http fetch GET 200 https://vlt-451504312483.d.codeartifact.us-east-1.amazonaws.com/npm/code-artifact-benchmark-test/html-comment-regex/-/html-comment-regex-1.1.2.tgz 1239ms (cache miss)
npm http fetch GET 200 https://vlt-451504312483.d.codeartifact.us-east-1.amazonaws.com/npm/code-artifact-benchmark-test/flatten/-/flatten-1.0.3.tgz 1250ms (cache miss)
npm warn deprecated flatten@1.0.3: flatten is deprecated in favor of utility frameworks such as lodash.
npm http fetch GET 200 https://vlt-451504312483.d.codeartifact.us-east-1.amazonaws.com/npm/code-artifact-benchmark-test/uniq/-/uniq-1.0.1.tgz 1256ms (cache miss)
npm http fetch GET 200 https://vlt-451504312483.d.codeartifact.us-east-1.amazonaws.com/npm/code-artifact-benchmark-test/is-plain-obj/-/is-plain-obj-1.1.0.tgz 1273ms (cache miss)
npm http fetch GET 200 https://vlt-451504312483.d.codeartifact.us-east-1.amazonaws.com/npm/code-artifact-benchmark-test/indexes-of/-/indexes-of-1.0.1.tgz 1274ms (cache miss)
npm http fetch GET 200 https://vlt-451504312483.d.codeartifact.us-east-1.amazonaws.com/npm/code-artifact-benchmark-test/iconv-lite/-/iconv-lite-0.6.3.tgz 1280ms (cache miss)
npm http fetch GET 200 https://vlt-451504312483.d.codeartifact.us-east-1.amazonaws.com/npm/code-artifact-benchmark-test/coa/-/coa-1.0.4.tgz 1290ms (cache miss)
npm http fetch GET 200 https://vlt-451504312483.d.codeartifact.us-east-1.amazonaws.com/npm/code-artifact-benchmark-test/strict-uri-encode/-/strict-uri-encode-1.1.0.tgz 1302ms (cache miss)
npm http fetch GET 200 https://vlt-451504312483.d.codeartifact.us-east-1.amazonaws.com/npm/code-artifact-benchmark-test/@cacheable/utils/-/utils-2.5.0.tgz 1309ms (cache miss)
npm http fetch GET 200 https://vlt-451504312483.d.codeartifact.us-east-1.amazonaws.com/npm/code-artifact-benchmark-test/prepend-http/-/prepend-http-1.0.4.tgz 1324ms (cache miss)
npm http fetch GET 200 https://vlt-451504312483.d.codeartifact.us-east-1.amazonaws.com/npm/code-artifact-benchmark-test/sort-keys/-/sort-keys-1.1.2.tgz 1327ms (cache miss)
npm http fetch GET 200 https://vlt-451504312483.d.codeartifact.us-east-1.amazonaws.com/npm/code-artifact-benchmark-test/is-absolute-url/-/is-absolute-url-2.1.0.tgz 1329ms (cache miss)
npm http fetch GET 200 https://vlt-451504312483.d.codeartifact.us-east-1.amazonaws.com/npm/code-artifact-benchmark-test/vendors/-/vendors-1.0.4.tgz 1346ms (cache miss)
npm http fetch GET 200 https://vlt-451504312483.d.codeartifact.us-east-1.amazonaws.com/npm/code-artifact-benchmark-test/query-string/-/query-string-4.3.4.tgz 1352ms (cache miss)
npm http fetch GET 200 https://vlt-451504312483.d.codeartifact.us-east-1.amazonaws.com/npm/code-artifact-benchmark-test/css-color-names/-/css-color-names-0.0.4.tgz 1367ms (cache miss)
npm http fetch GET 200 https://vlt-451504312483.d.codeartifact.us-east-1.amazonaws.com/npm/code-artifact-benchmark-test/color-string/-/color-string-0.3.0.tgz 1371ms (cache miss)
npm http fetch GET 200 https://vlt-451504312483.d.codeartifact.us-east-1.amazonaws.com/npm/code-artifact-benchmark-test/alphanum-sort/-/alphanum-sort-1.1.0.tgz 1386ms (cache miss)
npm http fetch GET 200 https://vlt-451504312483.d.codeartifact.us-east-1.amazonaws.com/npm/code-artifact-benchmark-test/normalize-url/-/normalize-url-1.9.1.tgz 1400ms (cache miss)
npm http fetch GET 200 https://vlt-451504312483.d.codeartifact.us-east-1.amazonaws.com/npm/code-artifact-benchmark-test/color-name/-/color-name-1.1.3.tgz 1400ms (cache miss)
npm http fetch GET 200 https://vlt-451504312483.d.codeartifact.us-east-1.amazonaws.com/npm/code-artifact-benchmark-test/color-convert/-/color-convert-1.9.3.tgz 1406ms (cache miss)
npm http fetch GET 200 https://vlt-451504312483.d.codeartifact.us-east-1.amazonaws.com/npm/code-artifact-benchmark-test/clone/-/clone-1.0.4.tgz 1414ms (cache miss)
npm http fetch GET 200 https://vlt-451504312483.d.codeartifact.us-east-1.amazonaws.com/npm/code-artifact-benchmark-test/color/-/color-0.11.4.tgz 1416ms (cache miss)
npm http fetch GET 200 https://vlt-451504312483.d.codeartifact.us-east-1.amazonaws.com/npm/code-artifact-benchmark-test/math-expression-evaluator/-/math-expression-evaluator-1.4.0.tgz 1450ms (cache miss)
npm http fetch GET 200 https://vlt-451504312483.d.codeartifact.us-east-1.amazonaws.com/npm/code-artifact-benchmark-test/colormin/-/colormin-1.1.2.tgz 1451ms (cache miss)
npm http fetch GET 200 https://vlt-451504312483.d.codeartifact.us-east-1.amazonaws.com/npm/code-artifact-benchmark-test/reduce-function-call/-/reduce-function-call-1.0.3.tgz 1451ms (cache miss)
npm http fetch GET 200 https://vlt-451504312483.d.codeartifact.us-east-1.amazonaws.com/npm/code-artifact-benchmark-test/reduce-css-calc/-/reduce-css-calc-1.3.0.tgz 1463ms (cache miss)
npm http fetch GET 200 https://vlt-451504312483.d.codeartifact.us-east-1.amazonaws.com/npm/code-artifact-benchmark-test/postcss-message-helpers/-/postcss-message-helpers-2.0.0.tgz 1464ms (cache miss)
npm http fetch GET 200 https://vlt-451504312483.d.codeartifact.us-east-1.amazonaws.com/npm/code-artifact-benchmark-test/num2fraction/-/num2fraction-1.2.2.tgz 1484ms (cache miss)
npm http fetch GET 200 https://vlt-451504312483.d.codeartifact.us-east-1.amazonaws.com/npm/code-artifact-benchmark-test/normalize-range/-/normalize-range-0.1.2.tgz 1489ms (cache miss)
npm http fetch GET 200 https://vlt-451504312483.d.codeartifact.us-east-1.amazonaws.com/npm/code-artifact-benchmark-test/js-base64/-/js-base64-2.6.4.tgz 1496ms (cache miss)
npm http fetch GET 200 https://vlt-451504312483.d.codeartifact.us-east-1.amazonaws.com/npm/code-artifact-benchmark-test/balanced-match/-/balanced-match-0.4.2.tgz 1505ms (cache miss)
npm http fetch GET 200 https://vlt-451504312483.d.codeartifact.us-east-1.amazonaws.com/npm/code-artifact-benchmark-test/uniqs/-/uniqs-2.0.0.tgz 1526ms (cache miss)
npm http fetch GET 200 https://vlt-451504312483.d.codeartifact.us-east-1.amazonaws.com/npm/code-artifact-benchmark-test/postcss-zindex/-/postcss-zindex-2.2.0.tgz 1535ms (cache miss)
npm http fetch GET 200 https://vlt-451504312483.d.codeartifact.us-east-1.amazonaws.com/npm/code-artifact-benchmark-test/supports-color/-/supports-color-3.2.3.tgz 1538ms (cache miss)
npm http fetch GET 200 https://vlt-451504312483.d.codeartifact.us-east-1.amazonaws.com/npm/code-artifact-benchmark-test/supports-color/-/supports-color-3.2.3.tgz 1562ms (cache miss)
npm http fetch GET 200 https://vlt-451504312483.d.codeartifact.us-east-1.amazonaws.com/npm/code-artifact-benchmark-test/has-flag/-/has-flag-1.0.0.tgz 1562ms (cache miss)
npm http fetch GET 200 https://vlt-451504312483.d.codeartifact.us-east-1.amazonaws.com/npm/code-artifact-benchmark-test/has-flag/-/has-flag-1.0.0.tgz 1570ms (cache miss)
npm http fetch GET 200 https://vlt-451504312483.d.codeartifact.us-east-1.amazonaws.com/npm/code-artifact-benchmark-test/postcss-value-parser/-/postcss-value-parser-3.3.1.tgz 1587ms (cache miss)
npm http fetch GET 200 https://vlt-451504312483.d.codeartifact.us-east-1.amazonaws.com/npm/code-artifact-benchmark-test/postcss-reduce-idents/-/postcss-reduce-idents-2.4.0.tgz 1590ms (cache miss)
npm http fetch GET 200 https://vlt-451504312483.d.codeartifact.us-east-1.amazonaws.com/npm/code-artifact-benchmark-test/postcss-merge-idents/-/postcss-merge-idents-2.1.7.tgz 1601ms (cache miss)
npm http fetch GET 200 https://vlt-451504312483.d.codeartifact.us-east-1.amazonaws.com/npm/code-artifact-benchmark-test/has-flag/-/has-flag-1.0.0.tgz 1602ms (cache miss)
npm http fetch GET 200 https://vlt-451504312483.d.codeartifact.us-east-1.amazonaws.com/npm/code-artifact-benchmark-test/postcss-value-parser/-/postcss-value-parser-3.3.1.tgz 1624ms (cache miss)
npm http fetch GET 200 https://vlt-451504312483.d.codeartifact.us-east-1.amazonaws.com/npm/code-artifact-benchmark-test/supports-color/-/supports-color-3.2.3.tgz 1629ms (cache miss)
npm http fetch GET 200 https://vlt-451504312483.d.codeartifact.us-east-1.amazonaws.com/npm/code-artifact-benchmark-test/postcss/-/postcss-5.2.18.tgz 1654ms (cache miss)
npm http fetch GET 200 https://vlt-451504312483.d.codeartifact.us-east-1.amazonaws.com/npm/code-artifact-benchmark-test/postcss/-/postcss-5.2.18.tgz 1653ms (cache miss)
npm http fetch GET 200 https://vlt-451504312483.d.codeartifact.us-east-1.amazonaws.com/npm/code-artifact-benchmark-test/supports-color/-/supports-color-3.2.3.tgz 1658ms (cache miss)
npm http fetch GET 200 https://vlt-451504312483.d.codeartifact.us-east-1.amazonaws.com/npm/code-artifact-benchmark-test/postcss-filter-plugins/-/postcss-filter-plugins-2.0.3.tgz 1669ms (cache miss)
npm http fetch GET 200 https://vlt-451504312483.d.codeartifact.us-east-1.amazonaws.com/npm/code-artifact-benchmark-test/postcss/-/postcss-5.2.18.tgz 1692ms (cache miss)
npm http fetch GET 200 https://vlt-451504312483.d.codeartifact.us-east-1.amazonaws.com/npm/code-artifact-benchmark-test/has-flag/-/has-flag-1.0.0.tgz 1702ms (cache miss)
npm http fetch GET 200 https://vlt-451504312483.d.codeartifact.us-east-1.amazonaws.com/npm/code-artifact-benchmark-test/supports-color/-/supports-color-3.2.3.tgz 1703ms (cache miss)
npm http fetch GET 200 https://vlt-451504312483.d.codeartifact.us-east-1.amazonaws.com/npm/code-artifact-benchmark-test/postcss-discard-unused/-/postcss-discard-unused-2.2.3.tgz 1703ms (cache miss)
npm http fetch GET 200 https://vlt-451504312483.d.codeartifact.us-east-1.amazonaws.com/npm/code-artifact-benchmark-test/has-flag/-/has-flag-1.0.0.tgz 1717ms (cache miss)
npm http fetch GET 200 https://vlt-451504312483.d.codeartifact.us-east-1.amazonaws.com/npm/code-artifact-benchmark-test/postcss/-/postcss-5.2.18.tgz 1729ms (cache miss)
npm http fetch GET 200 https://vlt-451504312483.d.codeartifact.us-east-1.amazonaws.com/npm/code-artifact-benchmark-test/defined/-/defined-1.0.1.tgz 1741ms (cache miss)
npm http fetch GET 200 https://vlt-451504312483.d.codeartifact.us-east-1.amazonaws.com/npm/code-artifact-benchmark-test/color-convert/-/color-convert-2.0.1.tgz 1759ms (cache miss)
npm http fetch GET 200 https://vlt-451504312483.d.codeartifact.us-east-1.amazonaws.com/npm/code-artifact-benchmark-test/picomatch/-/picomatch-2.3.2.tgz 1767ms (cache miss)
npm http fetch GET 200 https://vlt-451504312483.d.codeartifact.us-east-1.amazonaws.com/npm/code-artifact-benchmark-test/color-name/-/color-name-1.1.4.tgz 1768ms (cache miss)
npm http fetch GET 200 https://vlt-451504312483.d.codeartifact.us-east-1.amazonaws.com/npm/code-artifact-benchmark-test/postcss/-/postcss-5.2.18.tgz 1787ms (cache miss)
npm http fetch GET 200 https://vlt-451504312483.d.codeartifact.us-east-1.amazonaws.com/npm/code-artifact-benchmark-test/has/-/has-1.0.4.tgz 1797ms (cache miss)
npm http fetch GET 200 https://vlt-451504312483.d.codeartifact.us-east-1.amazonaws.com/npm/code-artifact-benchmark-test/amdefine/-/amdefine-1.0.1.tgz 1821ms (cache miss)
npm http fetch GET 200 https://vlt-451504312483.d.codeartifact.us-east-1.amazonaws.com/npm/code-artifact-benchmark-test/code-point-at/-/code-point-at-1.1.0.tgz 1823ms (cache miss)
npm http fetch GET 200 https://vlt-451504312483.d.codeartifact.us-east-1.amazonaws.com/npm/code-artifact-benchmark-test/node-exports-info/-/node-exports-info-1.6.2.tgz 1829ms (cache miss)
npm http fetch GET 200 https://vlt-451504312483.d.codeartifact.us-east-1.amazonaws.com/npm/code-artifact-benchmark-test/number-is-nan/-/number-is-nan-1.0.1.tgz 1835ms (cache miss)
npm http fetch GET 200 https://vlt-451504312483.d.codeartifact.us-east-1.amazonaws.com/npm/code-artifact-benchmark-test/path-dirname/-/path-dirname-1.0.2.tgz 1835ms (cache miss)
npm http fetch GET 200 https://vlt-451504312483.d.codeartifact.us-east-1.amazonaws.com/npm/code-artifact-benchmark-test/inflight/-/inflight-1.0.6.tgz 1835ms (cache miss)
npm warn deprecated inflight@1.0.6: This module is not supported, and leaks memory. Do not use it. Check out lru-cache if you want a good and tested way to coalesce async requests by a key value, which is much more comprehensive and powerful.
npm http fetch GET 200 https://vlt-451504312483.d.codeartifact.us-east-1.amazonaws.com/npm/code-artifact-benchmark-test/stackframe/-/stackframe-0.3.1.tgz 1865ms (cache miss)
npm http fetch GET 200 https://vlt-451504312483.d.codeartifact.us-east-1.amazonaws.com/npm/code-artifact-benchmark-test/fs.realpath/-/fs.realpath-1.0.0.tgz 1869ms (cache miss)
npm http fetch GET 200 https://vlt-451504312483.d.codeartifact.us-east-1.amazonaws.com/npm/code-artifact-benchmark-test/error-stack-parser/-/error-stack-parser-1.3.6.tgz 1872ms (cache miss)
npm http fetch GET 200 https://vlt-451504312483.d.codeartifact.us-east-1.amazonaws.com/npm/code-artifact-benchmark-test/sourcemapped-stacktrace/-/sourcemapped-stacktrace-1.1.11.tgz 1882ms (cache miss)
npm http fetch GET 200 https://vlt-451504312483.d.codeartifact.us-east-1.amazonaws.com/npm/code-artifact-benchmark-test/require-from-string/-/require-from-string-2.0.2.tgz 1905ms (cache miss)
npm http fetch GET 200 https://vlt-451504312483.d.codeartifact.us-east-1.amazonaws.com/npm/code-artifact-benchmark-test/caniuse-db/-/caniuse-db-1.0.30001814.tgz 1940ms (cache miss)
npm http fetch GET 200 https://vlt-451504312483.d.codeartifact.us-east-1.amazonaws.com/npm/code-artifact-benchmark-test/source-map/-/source-map-0.5.6.tgz 1932ms (cache miss)
npm http fetch GET 200 https://vlt-451504312483.d.codeartifact.us-east-1.amazonaws.com/npm/code-artifact-benchmark-test/spdx-correct/-/spdx-correct-3.2.0.tgz 1937ms (cache miss)
npm http fetch GET 200 https://vlt-451504312483.d.codeartifact.us-east-1.amazonaws.com/npm/code-artifact-benchmark-test/type-fest/-/type-fest-0.20.2.tgz 1940ms (cache miss)
npm http fetch GET 200 https://vlt-451504312483.d.codeartifact.us-east-1.amazonaws.com/npm/code-artifact-benchmark-test/fast-uri/-/fast-uri-3.1.8.tgz 1944ms (cache miss)
npm http fetch GET 200 https://vlt-451504312483.d.codeartifact.us-east-1.amazonaws.com/npm/code-artifact-benchmark-test/spdx-expression-parse/-/spdx-expression-parse-3.0.1.tgz 1945ms (cache miss)
npm http fetch GET 200 https://vlt-451504312483.d.codeartifact.us-east-1.amazonaws.com/npm/code-artifact-benchmark-test/validate-npm-package-license/-/validate-npm-package-license-3.0.4.tgz 1948ms (cache miss)
npm http fetch GET 200 https://vlt-451504312483.d.codeartifact.us-east-1.amazonaws.com/npm/code-artifact-benchmark-test/spdx-exceptions/-/spdx-exceptions-2.5.0.tgz 1956ms (cache miss)
npm http fetch GET 200 https://vlt-451504312483.d.codeartifact.us-east-1.amazonaws.com/npm/code-artifact-benchmark-test/hosted-git-info/-/hosted-git-info-2.8.9.tgz 1955ms (cache miss)
npm http fetch GET 200 https://vlt-451504312483.d.codeartifact.us-east-1.amazonaws.com/npm/code-artifact-benchmark-test/spdx-license-ids/-/spdx-license-ids-3.0.24.tgz 1957ms (cache miss)
npm http fetch GET 200 https://vlt-451504312483.d.codeartifact.us-east-1.amazonaws.com/npm/code-artifact-benchmark-test/path-type/-/path-type-1.1.0.tgz 1958ms (cache miss)
npm http fetch GET 200 https://vlt-451504312483.d.codeartifact.us-east-1.amazonaws.com/npm/code-artifact-benchmark-test/normalize-package-data/-/normalize-package-data-2.5.0.tgz 1984ms (cache miss)
npm http fetch GET 200 https://vlt-451504312483.d.codeartifact.us-east-1.amazonaws.com/npm/code-artifact-benchmark-test/semver/-/semver-5.7.2.tgz 1986ms (cache miss)
npm http fetch GET 200 https://vlt-451504312483.d.codeartifact.us-east-1.amazonaws.com/npm/code-artifact-benchmark-test/pify/-/pify-2.3.0.tgz 2001ms (cache miss)
npm http fetch GET 200 https://vlt-451504312483.d.codeartifact.us-east-1.amazonaws.com/npm/code-artifact-benchmark-test/load-json-file/-/load-json-file-1.1.0.tgz 2004ms (cache miss)
npm http fetch GET 200 https://vlt-451504312483.d.codeartifact.us-east-1.amazonaws.com/npm/code-artifact-benchmark-test/strip-bom/-/strip-bom-2.0.0.tgz 2037ms (cache miss)
npm http fetch GET 200 https://vlt-451504312483.d.codeartifact.us-east-1.amazonaws.com/npm/code-artifact-benchmark-test/parse-json/-/parse-json-2.2.0.tgz 2056ms (cache miss)
npm http fetch GET 200 https://vlt-451504312483.d.codeartifact.us-east-1.amazonaws.com/npm/code-artifact-benchmark-test/pify/-/pify-2.3.0.tgz 2058ms (cache miss)
npm http fetch GET 200 https://vlt-451504312483.d.codeartifact.us-east-1.amazonaws.com/npm/code-artifact-benchmark-test/yargs-parser/-/yargs-parser-5.0.1.tgz 2075ms (cache miss)
npm http fetch GET 200 https://vlt-451504312483.d.codeartifact.us-east-1.amazonaws.com/npm/code-artifact-benchmark-test/which-module/-/which-module-1.0.0.tgz 2075ms (cache miss)
npm http fetch GET 200 https://vlt-451504312483.d.codeartifact.us-east-1.amazonaws.com/npm/code-artifact-benchmark-test/set-blocking/-/set-blocking-2.0.0.tgz 2076ms (cache miss)
npm http fetch GET 200 https://vlt-451504312483.d.codeartifact.us-east-1.amazonaws.com/npm/code-artifact-benchmark-test/require-main-filename/-/require-main-filename-1.0.1.tgz 2079ms (cache miss)
npm http fetch GET 200 https://vlt-451504312483.d.codeartifact.us-east-1.amazonaws.com/npm/code-artifact-benchmark-test/y18n/-/y18n-3.2.2.tgz 2081ms (cache miss)
npm http fetch GET 200 https://vlt-451504312483.d.codeartifact.us-east-1.amazonaws.com/npm/code-artifact-benchmark-test/read-pkg/-/read-pkg-1.1.0.tgz 2088ms (cache miss)
npm http fetch GET 200 https://vlt-451504312483.d.codeartifact.us-east-1.amazonaws.com/npm/code-artifact-benchmark-test/invert-kv/-/invert-kv-1.0.0.tgz 2097ms (cache miss)
npm http fetch GET 200 https://vlt-451504312483.d.codeartifact.us-east-1.amazonaws.com/npm/code-artifact-benchmark-test/lcid/-/lcid-1.0.0.tgz 2102ms (cache miss)
npm http fetch GET 200 https://vlt-451504312483.d.codeartifact.us-east-1.amazonaws.com/npm/code-artifact-benchmark-test/require-directory/-/require-directory-2.1.1.tgz 2108ms (cache miss)
npm http fetch GET 200 https://vlt-451504312483.d.codeartifact.us-east-1.amazonaws.com/npm/code-artifact-benchmark-test/read-pkg-up/-/read-pkg-up-1.0.1.tgz 2118ms (cache miss)
npm http fetch GET 200 https://vlt-451504312483.d.codeartifact.us-east-1.amazonaws.com/npm/code-artifact-benchmark-test/path-exists/-/path-exists-2.1.0.tgz 2136ms (cache miss)
npm http fetch GET 200 https://vlt-451504312483.d.codeartifact.us-east-1.amazonaws.com/npm/code-artifact-benchmark-test/find-up/-/find-up-1.1.2.tgz 2137ms (cache miss)
npm http fetch GET 200 https://vlt-451504312483.d.codeartifact.us-east-1.amazonaws.com/npm/code-artifact-benchmark-test/os-locale/-/os-locale-1.4.0.tgz 2170ms (cache miss)
npm http fetch GET 200 https://vlt-451504312483.d.codeartifact.us-east-1.amazonaws.com/npm/code-artifact-benchmark-test/decamelize/-/decamelize-1.2.0.tgz 2184ms (cache miss)
npm http fetch GET 200 https://vlt-451504312483.d.codeartifact.us-east-1.amazonaws.com/npm/code-artifact-benchmark-test/cliui/-/cliui-3.2.0.tgz 2188ms (cache miss)
npm http fetch GET 200 https://vlt-451504312483.d.codeartifact.us-east-1.amazonaws.com/npm/code-artifact-benchmark-test/string-width/-/string-width-1.0.2.tgz 2187ms (cache miss)
npm http fetch GET 200 https://vlt-451504312483.d.codeartifact.us-east-1.amazonaws.com/npm/code-artifact-benchmark-test/get-caller-file/-/get-caller-file-1.0.3.tgz 2197ms (cache miss)
npm http fetch GET 200 https://vlt-451504312483.d.codeartifact.us-east-1.amazonaws.com/npm/code-artifact-benchmark-test/camelcase/-/camelcase-3.0.0.tgz 2190ms (cache miss)
npm http fetch GET 200 https://vlt-451504312483.d.codeartifact.us-east-1.amazonaws.com/npm/code-artifact-benchmark-test/is-fullwidth-code-point/-/is-fullwidth-code-point-1.0.0.tgz 2192ms (cache miss)
npm http fetch GET 200 https://vlt-451504312483.d.codeartifact.us-east-1.amazonaws.com/npm/code-artifact-benchmark-test/wrap-ansi/-/wrap-ansi-2.1.0.tgz 2209ms (cache miss)
npm http fetch GET 200 https://vlt-451504312483.d.codeartifact.us-east-1.amazonaws.com/npm/code-artifact-benchmark-test/is-weakset/-/is-weakset-2.0.4.tgz 2209ms (cache miss)
npm http fetch GET 200 https://vlt-451504312483.d.codeartifact.us-east-1.amazonaws.com/npm/code-artifact-benchmark-test/is-weakmap/-/is-weakmap-2.0.2.tgz 2219ms (cache miss)
npm http fetch GET 200 https://vlt-451504312483.d.codeartifact.us-east-1.amazonaws.com/npm/code-artifact-benchmark-test/async-function/-/async-function-1.0.0.tgz 2226ms (cache miss)
npm http fetch GET 200 https://vlt-451504312483.d.codeartifact.us-east-1.amazonaws.com/npm/code-artifact-benchmark-test/generator-function/-/generator-function-2.0.1.tgz 2239ms (cache miss)
npm http fetch GET 200 https://vlt-451504312483.d.codeartifact.us-east-1.amazonaws.com/npm/code-artifact-benchmark-test/is-map/-/is-map-2.0.3.tgz 2250ms (cache miss)
npm http fetch GET 200 https://vlt-451504312483.d.codeartifact.us-east-1.amazonaws.com/npm/code-artifact-benchmark-test/which-collection/-/which-collection-1.0.2.tgz 2256ms (cache miss)
npm http fetch GET 200 https://vlt-451504312483.d.codeartifact.us-east-1.amazonaws.com/npm/code-artifact-benchmark-test/is-generator-function/-/is-generator-function-1.1.2.tgz 2257ms (cache miss)
npm http fetch GET 200 https://vlt-451504312483.d.codeartifact.us-east-1.amazonaws.com/npm/code-artifact-benchmark-test/is-finalizationregistry/-/is-finalizationregistry-1.1.1.tgz 2294ms (cache miss)
npm http fetch GET 200 https://vlt-451504312483.d.codeartifact.us-east-1.amazonaws.com/npm/code-artifact-benchmark-test/is-number-object/-/is-number-object-1.1.1.tgz 2304ms (cache miss)
npm http fetch GET 200 https://vlt-451504312483.d.codeartifact.us-east-1.amazonaws.com/npm/code-artifact-benchmark-test/is-bigint/-/is-bigint-1.1.0.tgz 2321ms (cache miss)
npm http fetch GET 200 https://vlt-451504312483.d.codeartifact.us-east-1.amazonaws.com/npm/code-artifact-benchmark-test/isexe/-/isexe-2.0.0.tgz 2326ms (cache miss)
npm http fetch GET 200 https://vlt-451504312483.d.codeartifact.us-east-1.amazonaws.com/npm/code-artifact-benchmark-test/websocket-extensions/-/websocket-extensions-0.1.4.tgz 2339ms (cache miss)
npm http fetch GET 200 https://vlt-451504312483.d.codeartifact.us-east-1.amazonaws.com/npm/code-artifact-benchmark-test/is-async-function/-/is-async-function-2.1.1.tgz 2353ms (cache miss)
npm http fetch GET 200 https://vlt-451504312483.d.codeartifact.us-east-1.amazonaws.com/npm/code-artifact-benchmark-test/webidl-conversions/-/webidl-conversions-3.0.1.tgz 2351ms (cache miss)
npm http fetch GET 200 https://vlt-451504312483.d.codeartifact.us-east-1.amazonaws.com/npm/code-artifact-benchmark-test/is-docker/-/is-docker-2.2.1.tgz 2352ms (cache miss)
npm http fetch GET 200 https://vlt-451504312483.d.codeartifact.us-east-1.amazonaws.com/npm/code-artifact-benchmark-test/is-boolean-object/-/is-boolean-object-1.2.2.tgz 2354ms (cache miss)
npm http fetch GET 200 https://vlt-451504312483.d.codeartifact.us-east-1.amazonaws.com/npm/code-artifact-benchmark-test/http-parser-js/-/http-parser-js-0.5.10.tgz 2357ms (cache miss)
npm http fetch GET 200 https://vlt-451504312483.d.codeartifact.us-east-1.amazonaws.com/npm/code-artifact-benchmark-test/tr46/-/tr46-0.0.3.tgz 2364ms (cache miss)
npm http fetch GET 200 https://vlt-451504312483.d.codeartifact.us-east-1.amazonaws.com/npm/code-artifact-benchmark-test/shellwords/-/shellwords-0.1.1.tgz 2367ms (cache miss)
npm http fetch GET 200 https://vlt-451504312483.d.codeartifact.us-east-1.amazonaws.com/npm/code-artifact-benchmark-test/is-wsl/-/is-wsl-2.2.0.tgz 2387ms (cache miss)
npm http fetch GET 200 https://vlt-451504312483.d.codeartifact.us-east-1.amazonaws.com/npm/code-artifact-benchmark-test/ansi-html-community/-/ansi-html-community-0.0.8.tgz 2459ms (cache miss)
npm http fetch GET 200 https://vlt-451504312483.d.codeartifact.us-east-1.amazonaws.com/npm/code-artifact-benchmark-test/growly/-/growly-1.3.0.tgz 2471ms (cache miss)
npm http fetch GET 200 https://vlt-451504312483.d.codeartifact.us-east-1.amazonaws.com/npm/code-artifact-benchmark-test/@polka/url/-/url-1.0.0-next.29.tgz 2472ms (cache miss)
npm http fetch GET 200 https://vlt-451504312483.d.codeartifact.us-east-1.amazonaws.com/npm/code-artifact-benchmark-test/mrmime/-/mrmime-2.0.1.tgz 2473ms (cache miss)
npm http fetch GET 200 https://vlt-451504312483.d.codeartifact.us-east-1.amazonaws.com/npm/code-artifact-benchmark-test/duplexer/-/duplexer-0.1.2.tgz 2485ms (cache miss)
npm http fetch GET 200 https://vlt-451504312483.d.codeartifact.us-east-1.amazonaws.com/npm/code-artifact-benchmark-test/totalist/-/totalist-3.0.1.tgz 2486ms (cache miss)
npm http fetch GET 200 https://vlt-451504312483.d.codeartifact.us-east-1.amazonaws.com/npm/code-artifact-benchmark-test/sirv/-/sirv-2.0.4.tgz 2488ms (cache miss)
npm http fetch GET 200 https://vlt-451504312483.d.codeartifact.us-east-1.amazonaws.com/npm/code-artifact-benchmark-test/uuid/-/uuid-8.3.2.tgz 2500ms (cache miss)
npm http fetch GET 200 https://vlt-451504312483.d.codeartifact.us-east-1.amazonaws.com/npm/code-artifact-benchmark-test/@types/node-notifier/-/node-notifier-8.0.5.tgz 2506ms (cache miss)
npm http fetch GET 200 https://vlt-451504312483.d.codeartifact.us-east-1.amazonaws.com/npm/code-artifact-benchmark-test/html-entities/-/html-entities-2.6.0.tgz 2507ms (cache miss)
npm http fetch GET 200 https://vlt-451504312483.d.codeartifact.us-east-1.amazonaws.com/npm/code-artifact-benchmark-test/opener/-/opener-1.5.2.tgz 2507ms (cache miss)
npm http fetch GET 200 https://vlt-451504312483.d.codeartifact.us-east-1.amazonaws.com/npm/code-artifact-benchmark-test/semver/-/semver-7.8.5.tgz 2511ms (cache miss)
npm http fetch GET 200 https://vlt-451504312483.d.codeartifact.us-east-1.amazonaws.com/npm/code-artifact-benchmark-test/ws/-/ws-7.5.13.tgz 2513ms (cache miss)
npm http fetch GET 200 https://vlt-451504312483.d.codeartifact.us-east-1.amazonaws.com/npm/code-artifact-benchmark-test/html-escaper/-/html-escaper-2.0.2.tgz 2514ms (cache miss)
npm http fetch GET 200 https://vlt-451504312483.d.codeartifact.us-east-1.amazonaws.com/npm/code-artifact-benchmark-test/node-notifier/-/node-notifier-9.0.1.tgz 2536ms (cache miss)
npm http fetch GET 200 https://vlt-451504312483.d.codeartifact.us-east-1.amazonaws.com/npm/code-artifact-benchmark-test/@jridgewell/source-map/-/source-map-0.3.11.tgz 2567ms (cache miss)
npm http fetch GET 200 https://vlt-451504312483.d.codeartifact.us-east-1.amazonaws.com/npm/code-artifact-benchmark-test/gzip-size/-/gzip-size-6.0.0.tgz 2568ms (cache miss)
npm http fetch GET 200 https://vlt-451504312483.d.codeartifact.us-east-1.amazonaws.com/npm/code-artifact-benchmark-test/debounce/-/debounce-1.2.1.tgz 2579ms (cache miss)
npm http fetch GET 200 https://vlt-451504312483.d.codeartifact.us-east-1.amazonaws.com/npm/code-artifact-benchmark-test/@discoveryjs/json-ext/-/json-ext-0.5.7.tgz 2590ms (cache miss)
npm http fetch GET 200 https://vlt-451504312483.d.codeartifact.us-east-1.amazonaws.com/npm/code-artifact-benchmark-test/merge-stream/-/merge-stream-2.0.0.tgz 2602ms (cache miss)
npm http fetch GET 200 https://vlt-451504312483.d.codeartifact.us-east-1.amazonaws.com/npm/code-artifact-benchmark-test/acorn-walk/-/acorn-walk-8.3.5.tgz 2603ms (cache miss)
npm http fetch GET 200 https://vlt-451504312483.d.codeartifact.us-east-1.amazonaws.com/npm/code-artifact-benchmark-test/commander/-/commander-2.20.3.tgz 2611ms (cache miss)
npm http fetch GET 200 https://vlt-451504312483.d.codeartifact.us-east-1.amazonaws.com/npm/code-artifact-benchmark-test/supports-color/-/supports-color-8.1.1.tgz 2616ms (cache miss)
npm http fetch GET 200 https://vlt-451504312483.d.codeartifact.us-east-1.amazonaws.com/npm/code-artifact-benchmark-test/jest-worker/-/jest-worker-27.5.1.tgz 2617ms (cache miss)
npm http fetch GET 200 https://vlt-451504312483.d.codeartifact.us-east-1.amazonaws.com/npm/code-artifact-benchmark-test/source-map-support/-/source-map-support-0.5.21.tgz 2625ms (cache miss)
npm http fetch GET 200 https://vlt-451504312483.d.codeartifact.us-east-1.amazonaws.com/npm/code-artifact-benchmark-test/@webassemblyjs/utf8/-/utf8-1.13.2.tgz 2633ms (cache miss)
npm http fetch GET 200 https://vlt-451504312483.d.codeartifact.us-east-1.amazonaws.com/npm/code-artifact-benchmark-test/@xtuc/ieee754/-/ieee754-1.2.0.tgz 2635ms (cache miss)
npm http fetch GET 200 https://vlt-451504312483.d.codeartifact.us-east-1.amazonaws.com/npm/code-artifact-benchmark-test/source-map/-/source-map-0.6.1.tgz 2647ms (cache miss)
npm http fetch GET 200 https://vlt-451504312483.d.codeartifact.us-east-1.amazonaws.com/npm/code-artifact-benchmark-test/@webassemblyjs/leb128/-/leb128-1.13.2.tgz 2651ms (cache miss)
npm http fetch GET 200 https://vlt-451504312483.d.codeartifact.us-east-1.amazonaws.com/npm/code-artifact-benchmark-test/@webassemblyjs/wasm-opt/-/wasm-opt-1.14.1.tgz 2677ms (cache miss)
npm http fetch GET 200 https://vlt-451504312483.d.codeartifact.us-east-1.amazonaws.com/npm/code-artifact-benchmark-test/@webassemblyjs/wast-printer/-/wast-printer-1.14.1.tgz 2689ms (cache miss)
npm http fetch GET 200 https://vlt-451504312483.d.codeartifact.us-east-1.amazonaws.com/npm/code-artifact-benchmark-test/@webassemblyjs/ieee754/-/ieee754-1.13.2.tgz 2693ms (cache miss)
npm http fetch GET 200 https://vlt-451504312483.d.codeartifact.us-east-1.amazonaws.com/npm/code-artifact-benchmark-test/@webassemblyjs/wasm-gen/-/wasm-gen-1.14.1.tgz 2703ms (cache miss)
npm http fetch GET 200 https://vlt-451504312483.d.codeartifact.us-east-1.amazonaws.com/npm/code-artifact-benchmark-test/@webassemblyjs/helper-buffer/-/helper-buffer-1.14.1.tgz 2708ms (cache miss)
npm http fetch GET 200 https://vlt-451504312483.d.codeartifact.us-east-1.amazonaws.com/npm/code-artifact-benchmark-test/@xtuc/long/-/long-4.2.2.tgz 2717ms (cache miss)
npm http fetch GET 200 https://vlt-451504312483.d.codeartifact.us-east-1.amazonaws.com/npm/code-artifact-benchmark-test/@webassemblyjs/helper-wasm-section/-/helper-wasm-section-1.14.1.tgz 2731ms (cache miss)
npm http fetch GET 200 https://vlt-451504312483.d.codeartifact.us-east-1.amazonaws.com/npm/code-artifact-benchmark-test/terser/-/terser-5.51.2.tgz 2742ms (cache miss)
npm http fetch GET 200 https://vlt-451504312483.d.codeartifact.us-east-1.amazonaws.com/npm/code-artifact-benchmark-test/@webassemblyjs/helper-wasm-bytecode/-/helper-wasm-bytecode-1.13.2.tgz 2738ms (cache miss)
npm http fetch GET 200 https://vlt-451504312483.d.codeartifact.us-east-1.amazonaws.com/npm/code-artifact-benchmark-test/@webassemblyjs/helper-api-error/-/helper-api-error-1.13.2.tgz 2739ms (cache miss)
npm http fetch GET 200 https://vlt-451504312483.d.codeartifact.us-east-1.amazonaws.com/npm/code-artifact-benchmark-test/@webassemblyjs/helper-numbers/-/helper-numbers-1.13.2.tgz 2747ms (cache miss)
npm http fetch GET 200 https://vlt-451504312483.d.codeartifact.us-east-1.amazonaws.com/npm/code-artifact-benchmark-test/@webassemblyjs/floating-point-hex-parser/-/floating-point-hex-parser-1.13.2.tgz 2769ms (cache miss)
npm http fetch GET 200 https://vlt-451504312483.d.codeartifact.us-east-1.amazonaws.com/npm/code-artifact-benchmark-test/watchpack/-/watchpack-2.5.2.tgz 2788ms (cache miss)
npm http fetch GET 200 https://vlt-451504312483.d.codeartifact.us-east-1.amazonaws.com/npm/code-artifact-benchmark-test/minimizer-webpack-plugin/-/minimizer-webpack-plugin-5.12.0.tgz 2804ms (cache miss)
npm http fetch GET 200 https://vlt-451504312483.d.codeartifact.us-east-1.amazonaws.com/npm/code-artifact-benchmark-test/chrome-trace-event/-/chrome-trace-event-1.0.4.tgz 2814ms (cache miss)
npm http fetch GET 200 https://vlt-451504312483.d.codeartifact.us-east-1.amazonaws.com/npm/code-artifact-benchmark-test/@webassemblyjs/wasm-parser/-/wasm-parser-1.14.1.tgz 2818ms (cache miss)
npm http fetch GET 200 https://vlt-451504312483.d.codeartifact.us-east-1.amazonaws.com/npm/code-artifact-benchmark-test/@webassemblyjs/wasm-edit/-/wasm-edit-1.14.1.tgz 2832ms (cache miss)
npm http fetch GET 200 https://vlt-451504312483.d.codeartifact.us-east-1.amazonaws.com/npm/code-artifact-benchmark-test/events/-/events-3.3.0.tgz 2842ms (cache miss)
npm http fetch GET 200 https://vlt-451504312483.d.codeartifact.us-east-1.amazonaws.com/npm/code-artifact-benchmark-test/es-module-lexer/-/es-module-lexer-2.3.2.tgz 2842ms (cache miss)
npm http fetch GET 200 https://vlt-451504312483.d.codeartifact.us-east-1.amazonaws.com/npm/code-artifact-benchmark-test/append-buffer/-/append-buffer-1.0.2.tgz 2861ms (cache miss)
npm http fetch GET 200 https://vlt-451504312483.d.codeartifact.us-east-1.amazonaws.com/npm/code-artifact-benchmark-test/through2-filter/-/through2-filter-3.0.0.tgz 2862ms (cache miss)
npm http fetch GET 200 https://vlt-451504312483.d.codeartifact.us-east-1.amazonaws.com/npm/code-artifact-benchmark-test/is-utf8/-/is-utf8-0.2.1.tgz 2866ms (cache miss)
npm http fetch GET 200 https://vlt-451504312483.d.codeartifact.us-east-1.amazonaws.com/npm/code-artifact-benchmark-test/buffer-equal/-/buffer-equal-1.0.1.tgz 2873ms (cache miss)
npm http fetch GET 200 https://vlt-451504312483.d.codeartifact.us-east-1.amazonaws.com/npm/code-artifact-benchmark-test/@types/estree/-/estree-1.0.9.tgz 2874ms (cache miss)
npm http fetch GET 200 https://vlt-451504312483.d.codeartifact.us-east-1.amazonaws.com/npm/code-artifact-benchmark-test/webpack-sources/-/webpack-sources-3.6.0.tgz 2896ms (cache miss)
npm http fetch GET 200 https://vlt-451504312483.d.codeartifact.us-east-1.amazonaws.com/npm/code-artifact-benchmark-test/@webassemblyjs/ast/-/ast-1.14.1.tgz 2898ms (cache miss)
npm http fetch GET 200 https://vlt-451504312483.d.codeartifact.us-east-1.amazonaws.com/npm/code-artifact-benchmark-test/is-buffer/-/is-buffer-1.1.6.tgz 2900ms (cache miss)
npm http fetch GET 200 https://vlt-451504312483.d.codeartifact.us-east-1.amazonaws.com/npm/code-artifact-benchmark-test/stream-shift/-/stream-shift-1.0.3.tgz 2908ms (cache miss)
npm http fetch GET 200 https://vlt-451504312483.d.codeartifact.us-east-1.amazonaws.com/npm/code-artifact-benchmark-test/flush-write-stream/-/flush-write-stream-1.1.1.tgz 2917ms (cache miss)
npm http fetch GET 200 https://vlt-451504312483.d.codeartifact.us-east-1.amazonaws.com/npm/code-artifact-benchmark-test/to-absolute-glob/-/to-absolute-glob-2.0.2.tgz 2944ms (cache miss)
npm http fetch GET 200 https://vlt-451504312483.d.codeartifact.us-east-1.amazonaws.com/npm/code-artifact-benchmark-test/pump/-/pump-2.0.1.tgz 2945ms (cache miss)
npm http fetch GET 200 https://vlt-451504312483.d.codeartifact.us-east-1.amazonaws.com/npm/code-artifact-benchmark-test/duplexify/-/duplexify-3.7.1.tgz 2961ms (cache miss)
npm http fetch GET 200 https://vlt-451504312483.d.codeartifact.us-east-1.amazonaws.com/npm/code-artifact-benchmark-test/unique-stream/-/unique-stream-2.4.0.tgz 2961ms (cache miss)
npm http fetch GET 200 https://vlt-451504312483.d.codeartifact.us-east-1.amazonaws.com/npm/code-artifact-benchmark-test/ordered-read-streams/-/ordered-read-streams-1.0.1.tgz 2961ms (cache miss)
npm http fetch GET 200 https://vlt-451504312483.d.codeartifact.us-east-1.amazonaws.com/npm/code-artifact-benchmark-test/normalize-path/-/normalize-path-2.1.1.tgz 2976ms (cache miss)
npm http fetch GET 200 https://vlt-451504312483.d.codeartifact.us-east-1.amazonaws.com/npm/code-artifact-benchmark-test/convert-source-map/-/convert-source-map-1.9.0.tgz 2989ms (cache miss)
npm http fetch GET 200 https://vlt-451504312483.d.codeartifact.us-east-1.amazonaws.com/npm/code-artifact-benchmark-test/to-through/-/to-through-2.0.0.tgz 3003ms (cache miss)
npm http fetch GET 200 https://vlt-451504312483.d.codeartifact.us-east-1.amazonaws.com/npm/code-artifact-benchmark-test/vinyl-sourcemap/-/vinyl-sourcemap-1.1.0.tgz 3004ms (cache miss)
npm http fetch GET 200 https://vlt-451504312483.d.codeartifact.us-east-1.amazonaws.com/npm/code-artifact-benchmark-test/value-or-function/-/value-or-function-3.0.0.tgz 3008ms (cache miss)
npm http fetch GET 200 https://vlt-451504312483.d.codeartifact.us-east-1.amazonaws.com/npm/code-artifact-benchmark-test/resolve-options/-/resolve-options-1.1.0.tgz 3024ms (cache miss)
npm http fetch GET 200 https://vlt-451504312483.d.codeartifact.us-east-1.amazonaws.com/npm/code-artifact-benchmark-test/remove-bom-buffer/-/remove-bom-buffer-3.0.0.tgz 3040ms (cache miss)
npm http fetch GET 200 https://vlt-451504312483.d.codeartifact.us-east-1.amazonaws.com/npm/code-artifact-benchmark-test/lead/-/lead-1.0.0.tgz 3043ms (cache miss)
npm http fetch GET 200 https://vlt-451504312483.d.codeartifact.us-east-1.amazonaws.com/npm/code-artifact-benchmark-test/remove-bom-stream/-/remove-bom-stream-1.2.0.tgz 3047ms (cache miss)
npm http fetch GET 200 https://vlt-451504312483.d.codeartifact.us-east-1.amazonaws.com/npm/code-artifact-benchmark-test/is-valid-glob/-/is-valid-glob-1.0.0.tgz 3061ms (cache miss)
npm http fetch GET 200 https://vlt-451504312483.d.codeartifact.us-east-1.amazonaws.com/npm/code-artifact-benchmark-test/pumpify/-/pumpify-1.5.1.tgz 3075ms (cache miss)
npm http fetch GET 200 https://vlt-451504312483.d.codeartifact.us-east-1.amazonaws.com/npm/code-artifact-benchmark-test/is-glob/-/is-glob-3.1.0.tgz 3082ms (cache miss)
npm http fetch GET 200 https://vlt-451504312483.d.codeartifact.us-east-1.amazonaws.com/npm/code-artifact-benchmark-test/glob-parent/-/glob-parent-3.1.0.tgz 3087ms (cache miss)
npm http fetch GET 200 https://vlt-451504312483.d.codeartifact.us-east-1.amazonaws.com/npm/code-artifact-benchmark-test/lazystream/-/lazystream-1.0.1.tgz 3099ms (cache miss)
npm http fetch GET 200 https://vlt-451504312483.d.codeartifact.us-east-1.amazonaws.com/npm/code-artifact-benchmark-test/glob-stream/-/glob-stream-6.1.0.tgz 3102ms (cache miss)
npm http fetch GET 200 https://vlt-451504312483.d.codeartifact.us-east-1.amazonaws.com/npm/code-artifact-benchmark-test/glob/-/glob-7.2.3.tgz 3114ms (cache miss)
npm warn deprecated glob@7.2.3: Old versions of glob are not supported, and contain widely publicized security vulnerabilities, which have been fixed in the current version. Please update. Support for old versions may be purchased (at exorbitant rates) by contacting i@izs.me
npm http fetch GET 200 https://vlt-451504312483.d.codeartifact.us-east-1.amazonaws.com/npm/code-artifact-benchmark-test/fs-mkdirp-stream/-/fs-mkdirp-stream-1.0.0.tgz 3117ms (cache miss)
npm http fetch GET 200 https://vlt-451504312483.d.codeartifact.us-east-1.amazonaws.com/npm/code-artifact-benchmark-test/bufferstreams/-/bufferstreams-1.0.1.tgz 3127ms (cache miss)
npm http fetch GET 200 https://vlt-451504312483.d.codeartifact.us-east-1.amazonaws.com/npm/code-artifact-benchmark-test/string_decoder/-/string_decoder-0.10.31.tgz 3132ms (cache miss)
npm http fetch GET 200 https://vlt-451504312483.d.codeartifact.us-east-1.amazonaws.com/npm/code-artifact-benchmark-test/isarray/-/isarray-0.0.1.tgz 3143ms (cache miss)
npm http fetch GET 200 https://vlt-451504312483.d.codeartifact.us-east-1.amazonaws.com/npm/code-artifact-benchmark-test/readable-stream/-/readable-stream-1.1.14.tgz 3168ms (cache miss)
npm http fetch GET 200 https://vlt-451504312483.d.codeartifact.us-east-1.amazonaws.com/npm/code-artifact-benchmark-test/cloneable-readable/-/cloneable-readable-1.1.3.tgz 3170ms (cache miss)
npm http fetch GET 200 https://vlt-451504312483.d.codeartifact.us-east-1.amazonaws.com/npm/code-artifact-benchmark-test/clone-stats/-/clone-stats-1.0.0.tgz 3176ms (cache miss)
npm http fetch GET 200 https://vlt-451504312483.d.codeartifact.us-east-1.amazonaws.com/npm/code-artifact-benchmark-test/clone-buffer/-/clone-buffer-1.0.0.tgz 3184ms (cache miss)
npm http fetch GET 200 https://vlt-451504312483.d.codeartifact.us-east-1.amazonaws.com/npm/code-artifact-benchmark-test/punycode/-/punycode-2.3.1.tgz 3194ms (cache miss)
npm http fetch GET 200 https://vlt-451504312483.d.codeartifact.us-east-1.amazonaws.com/npm/code-artifact-benchmark-test/escalade/-/escalade-3.2.0.tgz 3203ms (cache miss)
npm http fetch GET 200 https://vlt-451504312483.d.codeartifact.us-east-1.amazonaws.com/npm/code-artifact-benchmark-test/now-and-later/-/now-and-later-2.0.1.tgz 3207ms (cache miss)
npm http fetch GET 200 https://vlt-451504312483.d.codeartifact.us-east-1.amazonaws.com/npm/code-artifact-benchmark-test/array-last/-/array-last-1.3.0.tgz 3215ms (cache miss)
npm http fetch GET 200 https://vlt-451504312483.d.codeartifact.us-east-1.amazonaws.com/npm/code-artifact-benchmark-test/default-resolution/-/default-resolution-2.0.0.tgz 3226ms (cache miss)
npm http fetch GET 200 https://vlt-451504312483.d.codeartifact.us-east-1.amazonaws.com/npm/code-artifact-benchmark-test/async-settle/-/async-settle-1.0.0.tgz 3226ms (cache miss)
npm http fetch GET 200 https://vlt-451504312483.d.codeartifact.us-east-1.amazonaws.com/npm/code-artifact-benchmark-test/is-number/-/is-number-4.0.0.tgz 3248ms (cache miss)
npm http fetch GET 200 https://vlt-451504312483.d.codeartifact.us-east-1.amazonaws.com/npm/code-artifact-benchmark-test/is-number/-/is-number-4.0.0.tgz 3251ms (cache miss)
npm http fetch GET 200 https://vlt-451504312483.d.codeartifact.us-east-1.amazonaws.com/npm/code-artifact-benchmark-test/arr-filter/-/arr-filter-1.1.2.tgz 3254ms (cache miss)
npm http fetch GET 200 https://vlt-451504312483.d.codeartifact.us-east-1.amazonaws.com/npm/code-artifact-benchmark-test/array-initial/-/array-initial-1.1.0.tgz 3260ms (cache miss)
npm http fetch GET 200 https://vlt-451504312483.d.codeartifact.us-east-1.amazonaws.com/npm/code-artifact-benchmark-test/object.reduce/-/object.reduce-1.0.1.tgz 3291ms (cache miss)
npm http fetch GET 200 https://vlt-451504312483.d.codeartifact.us-east-1.amazonaws.com/npm/code-artifact-benchmark-test/last-run/-/last-run-1.1.1.tgz 3299ms (cache miss)
npm http fetch GET 200 https://vlt-451504312483.d.codeartifact.us-east-1.amazonaws.com/npm/code-artifact-benchmark-test/es6-weak-map/-/es6-weak-map-2.0.3.tgz 3307ms (cache miss)
npm http fetch GET 200 https://vlt-451504312483.d.codeartifact.us-east-1.amazonaws.com/npm/code-artifact-benchmark-test/collection-map/-/collection-map-1.0.0.tgz 3331ms (cache miss)
npm http fetch GET 200 https://vlt-451504312483.d.codeartifact.us-east-1.amazonaws.com/npm/code-artifact-benchmark-test/undertaker-registry/-/undertaker-registry-1.0.1.tgz 3333ms (cache miss)
npm http fetch GET 200 https://vlt-451504312483.d.codeartifact.us-east-1.amazonaws.com/npm/code-artifact-benchmark-test/arr-map/-/arr-map-2.0.2.tgz 3340ms (cache miss)
npm http fetch GET 200 https://vlt-451504312483.d.codeartifact.us-east-1.amazonaws.com/npm/code-artifact-benchmark-test/has-bigints/-/has-bigints-1.1.0.tgz 3346ms (cache miss)
npm http fetch GET 200 https://vlt-451504312483.d.codeartifact.us-east-1.amazonaws.com/npm/code-artifact-benchmark-test/which-boxed-primitive/-/which-boxed-primitive-1.1.1.tgz 3348ms (cache miss)
npm http fetch GET 200 https://vlt-451504312483.d.codeartifact.us-east-1.amazonaws.com/npm/code-artifact-benchmark-test/which-builtin-type/-/which-builtin-type-1.2.1.tgz 3356ms (cache miss)
npm http fetch GET 200 https://vlt-451504312483.d.codeartifact.us-east-1.amazonaws.com/npm/code-artifact-benchmark-test/reflect.getprototypeof/-/reflect.getprototypeof-1.0.10.tgz 3359ms (cache miss)
npm http fetch GET 200 https://vlt-451504312483.d.codeartifact.us-east-1.amazonaws.com/npm/code-artifact-benchmark-test/isarray/-/isarray-2.0.5.tgz 3366ms (cache miss)
npm http fetch GET 200 https://vlt-451504312483.d.codeartifact.us-east-1.amazonaws.com/npm/code-artifact-benchmark-test/for-each/-/for-each-0.3.5.tgz 3381ms (cache miss)
npm http fetch GET 200 https://vlt-451504312483.d.codeartifact.us-east-1.amazonaws.com/npm/code-artifact-benchmark-test/media-typer/-/media-typer-0.3.0.tgz 3382ms (cache miss)
npm http fetch GET 200 https://vlt-451504312483.d.codeartifact.us-east-1.amazonaws.com/npm/code-artifact-benchmark-test/strip-bom/-/strip-bom-3.0.0.tgz 3384ms (cache miss)
npm http fetch GET 200 https://vlt-451504312483.d.codeartifact.us-east-1.amazonaws.com/npm/code-artifact-benchmark-test/@types/json5/-/json5-0.0.29.tgz 3430ms (cache miss)
npm http fetch GET 200 https://vlt-451504312483.d.codeartifact.us-east-1.amazonaws.com/npm/code-artifact-benchmark-test/websocket-driver/-/websocket-driver-0.7.5.tgz 3433ms (cache miss)
npm http fetch GET 200 https://vlt-451504312483.d.codeartifact.us-east-1.amazonaws.com/npm/code-artifact-benchmark-test/string-template/-/string-template-0.2.1.tgz 3436ms (cache miss)
npm http fetch GET 200 https://vlt-451504312483.d.codeartifact.us-east-1.amazonaws.com/npm/code-artifact-benchmark-test/error/-/error-7.2.1.tgz 3446ms (cache miss)
npm http fetch GET 200 https://vlt-451504312483.d.codeartifact.us-east-1.amazonaws.com/npm/code-artifact-benchmark-test/continuable-cache/-/continuable-cache-0.3.1.tgz 3468ms (cache miss)
npm http fetch GET 200 https://vlt-451504312483.d.codeartifact.us-east-1.amazonaws.com/npm/code-artifact-benchmark-test/string_decoder/-/string_decoder-0.10.31.tgz 3472ms (cache miss)
npm http fetch GET 200 https://vlt-451504312483.d.codeartifact.us-east-1.amazonaws.com/npm/code-artifact-benchmark-test/safe-json-parse/-/safe-json-parse-1.0.1.tgz 3481ms (cache miss)
npm http fetch GET 200 https://vlt-451504312483.d.codeartifact.us-east-1.amazonaws.com/npm/code-artifact-benchmark-test/faye-websocket/-/faye-websocket-0.10.0.tgz 3486ms (cache miss)
npm http fetch GET 200 https://vlt-451504312483.d.codeartifact.us-east-1.amazonaws.com/npm/code-artifact-benchmark-test/body/-/body-5.1.0.tgz 3488ms (cache miss)
npm http fetch GET 200 https://vlt-451504312483.d.codeartifact.us-east-1.amazonaws.com/npm/code-artifact-benchmark-test/livereload-js/-/livereload-js-2.4.0.tgz 3489ms (cache miss)
npm http fetch GET 200 https://vlt-451504312483.d.codeartifact.us-east-1.amazonaws.com/npm/code-artifact-benchmark-test/raw-body/-/raw-body-1.1.7.tgz 3499ms (cache miss)
npm warn deprecated raw-body@1.1.7: No longer maintained. Please upgrade to a stable version.
npm http fetch GET 200 https://vlt-451504312483.d.codeartifact.us-east-1.amazonaws.com/npm/code-artifact-benchmark-test/bytes/-/bytes-1.0.0.tgz 3509ms (cache miss)
npm http fetch GET 200 https://vlt-451504312483.d.codeartifact.us-east-1.amazonaws.com/npm/code-artifact-benchmark-test/xtend/-/xtend-4.0.2.tgz 3513ms (cache miss)
npm http fetch GET 200 https://vlt-451504312483.d.codeartifact.us-east-1.amazonaws.com/npm/code-artifact-benchmark-test/astral-regex/-/astral-regex-2.0.0.tgz 3513ms (cache miss)
npm http fetch GET 200 https://vlt-451504312483.d.codeartifact.us-east-1.amazonaws.com/npm/code-artifact-benchmark-test/slice-ansi/-/slice-ansi-4.0.0.tgz 3557ms (cache miss)
npm http fetch GET 200 https://vlt-451504312483.d.codeartifact.us-east-1.amazonaws.com/npm/code-artifact-benchmark-test/lodash.truncate/-/lodash.truncate-4.4.2.tgz 3559ms (cache miss)
npm http fetch GET 200 https://vlt-451504312483.d.codeartifact.us-east-1.amazonaws.com/npm/code-artifact-benchmark-test/ansi-styles/-/ansi-styles-4.3.0.tgz 3569ms (cache miss)
npm http fetch GET 200 https://vlt-451504312483.d.codeartifact.us-east-1.amazonaws.com/npm/code-artifact-benchmark-test/bach/-/bach-1.2.0.tgz 3576ms (cache miss)
npm http fetch GET 200 https://vlt-451504312483.d.codeartifact.us-east-1.amazonaws.com/npm/code-artifact-benchmark-test/domelementtype/-/domelementtype-2.3.0.tgz 3600ms (cache miss)
npm http fetch GET 200 https://vlt-451504312483.d.codeartifact.us-east-1.amazonaws.com/npm/code-artifact-benchmark-test/dom-serializer/-/dom-serializer-2.0.0.tgz 3601ms (cache miss)
npm http fetch GET 200 https://vlt-451504312483.d.codeartifact.us-east-1.amazonaws.com/npm/code-artifact-benchmark-test/boolbase/-/boolbase-1.0.0.tgz 3608ms (cache miss)
npm http fetch GET 200 https://vlt-451504312483.d.codeartifact.us-east-1.amazonaws.com/npm/code-artifact-benchmark-test/domhandler/-/domhandler-5.0.3.tgz 3609ms (cache miss)
npm http fetch GET 200 https://vlt-451504312483.d.codeartifact.us-east-1.amazonaws.com/npm/code-artifact-benchmark-test/nth-check/-/nth-check-2.1.1.tgz 3620ms (cache miss)
npm http fetch GET 200 https://vlt-451504312483.d.codeartifact.us-east-1.amazonaws.com/npm/code-artifact-benchmark-test/domutils/-/domutils-3.2.2.tgz 3636ms (cache miss)
npm http fetch GET 200 https://vlt-451504312483.d.codeartifact.us-east-1.amazonaws.com/npm/code-artifact-benchmark-test/css-what/-/css-what-6.2.2.tgz 3642ms (cache miss)
npm http fetch GET 200 https://vlt-451504312483.d.codeartifact.us-east-1.amazonaws.com/npm/code-artifact-benchmark-test/mdn-data/-/mdn-data-2.0.28.tgz 3662ms (cache miss)
npm http fetch GET 200 https://vlt-451504312483.d.codeartifact.us-east-1.amazonaws.com/npm/code-artifact-benchmark-test/csso/-/csso-5.0.5.tgz 3696ms (cache miss)
npm http fetch GET 200 https://vlt-451504312483.d.codeartifact.us-east-1.amazonaws.com/npm/code-artifact-benchmark-test/has-flag/-/has-flag-4.0.0.tgz 3695ms (cache miss)
npm http fetch GET 200 https://vlt-451504312483.d.codeartifact.us-east-1.amazonaws.com/npm/code-artifact-benchmark-test/dezalgo/-/dezalgo-1.0.4.tgz 3718ms (cache miss)
npm http fetch GET 200 https://vlt-451504312483.d.codeartifact.us-east-1.amazonaws.com/npm/code-artifact-benchmark-test/delayed-stream/-/delayed-stream-1.0.0.tgz 3728ms (cache miss)
npm http fetch GET 200 https://vlt-451504312483.d.codeartifact.us-east-1.amazonaws.com/npm/code-artifact-benchmark-test/form-data/-/form-data-4.0.6.tgz 3736ms (cache miss)
npm http fetch GET 200 https://vlt-451504312483.d.codeartifact.us-east-1.amazonaws.com/npm/code-artifact-benchmark-test/asynckit/-/asynckit-0.4.0.tgz 3739ms (cache miss)
npm http fetch GET 200 https://vlt-451504312483.d.codeartifact.us-east-1.amazonaws.com/npm/code-artifact-benchmark-test/entities/-/entities-4.5.0.tgz 3747ms (cache miss)
npm http fetch GET 200 https://vlt-451504312483.d.codeartifact.us-east-1.amazonaws.com/npm/code-artifact-benchmark-test/@paralleldrive/cuid2/-/cuid2-2.3.1.tgz 3756ms (cache miss)
npm http fetch GET 200 https://vlt-451504312483.d.codeartifact.us-east-1.amazonaws.com/npm/code-artifact-benchmark-test/fast-safe-stringify/-/fast-safe-stringify-2.1.1.tgz 3768ms (cache miss)
npm http fetch GET 200 https://vlt-451504312483.d.codeartifact.us-east-1.amazonaws.com/npm/code-artifact-benchmark-test/css-select/-/css-select-5.2.2.tgz 3791ms (cache miss)
npm http fetch GET 200 https://vlt-451504312483.d.codeartifact.us-east-1.amazonaws.com/npm/code-artifact-benchmark-test/cookiejar/-/cookiejar-2.1.4.tgz 3791ms (cache miss)
npm http fetch GET 200 https://vlt-451504312483.d.codeartifact.us-east-1.amazonaws.com/npm/code-artifact-benchmark-test/lines-and-columns/-/lines-and-columns-1.2.4.tgz 3791ms (cache miss)
npm http fetch GET 200 https://vlt-451504312483.d.codeartifact.us-east-1.amazonaws.com/npm/code-artifact-benchmark-test/combined-stream/-/combined-stream-1.0.8.tgz 3796ms (cache miss)
npm http fetch GET 200 https://vlt-451504312483.d.codeartifact.us-east-1.amazonaws.com/npm/code-artifact-benchmark-test/@noble/hashes/-/hashes-1.8.0.tgz 3801ms (cache miss)
npm http fetch GET 200 https://vlt-451504312483.d.codeartifact.us-east-1.amazonaws.com/npm/code-artifact-benchmark-test/css-tree/-/css-tree-2.2.1.tgz 3811ms (cache miss)
npm http fetch GET 200 https://vlt-451504312483.d.codeartifact.us-east-1.amazonaws.com/npm/code-artifact-benchmark-test/is-arrayish/-/is-arrayish-0.2.1.tgz 3818ms (cache miss)
npm http fetch GET 200 https://vlt-451504312483.d.codeartifact.us-east-1.amazonaws.com/npm/code-artifact-benchmark-test/error-ex/-/error-ex-1.3.4.tgz 3818ms (cache miss)
npm http fetch GET 200 https://vlt-451504312483.d.codeartifact.us-east-1.amazonaws.com/npm/code-artifact-benchmark-test/merge2/-/merge2-1.4.1.tgz 3821ms (cache miss)
npm http fetch GET 200 https://vlt-451504312483.d.codeartifact.us-east-1.amazonaws.com/npm/code-artifact-benchmark-test/json-parse-even-better-errors/-/json-parse-even-better-errors-2.3.1.tgz 3826ms (cache miss)
npm http fetch GET 200 https://vlt-451504312483.d.codeartifact.us-east-1.amazonaws.com/npm/code-artifact-benchmark-test/parse-json/-/parse-json-5.2.0.tgz 3841ms (cache miss)
npm http fetch GET 200 https://vlt-451504312483.d.codeartifact.us-east-1.amazonaws.com/npm/code-artifact-benchmark-test/write-file-atomic/-/write-file-atomic-5.0.1.tgz 3873ms (cache miss)
npm http fetch GET 200 https://vlt-451504312483.d.codeartifact.us-east-1.amazonaws.com/npm/code-artifact-benchmark-test/formidable/-/formidable-2.1.5.tgz 3878ms (cache miss)
npm http fetch GET 200 https://vlt-451504312483.d.codeartifact.us-east-1.amazonaws.com/npm/code-artifact-benchmark-test/ansi-regex/-/ansi-regex-5.0.1.tgz 3882ms (cache miss)
npm http fetch GET 200 https://vlt-451504312483.d.codeartifact.us-east-1.amazonaws.com/npm/code-artifact-benchmark-test/env-paths/-/env-paths-2.2.1.tgz 3889ms (cache miss)
npm http fetch GET 200 https://vlt-451504312483.d.codeartifact.us-east-1.amazonaws.com/npm/code-artifact-benchmark-test/mdn-data/-/mdn-data-2.27.1.tgz 3890ms (cache miss)
npm http fetch GET 200 https://vlt-451504312483.d.codeartifact.us-east-1.amazonaws.com/npm/code-artifact-benchmark-test/strip-ansi/-/strip-ansi-6.0.1.tgz 3903ms (cache miss)
npm http fetch GET 200 https://vlt-451504312483.d.codeartifact.us-east-1.amazonaws.com/npm/code-artifact-benchmark-test/json-schema-traverse/-/json-schema-traverse-1.0.0.tgz 3907ms (cache miss)
npm http fetch GET 200 https://vlt-451504312483.d.codeartifact.us-east-1.amazonaws.com/npm/code-artifact-benchmark-test/string-width/-/string-width-4.2.3.tgz 3912ms (cache miss)
npm http fetch GET 200 https://vlt-451504312483.d.codeartifact.us-east-1.amazonaws.com/npm/code-artifact-benchmark-test/emoji-regex/-/emoji-regex-8.0.0.tgz 3929ms (cache miss)
npm http fetch GET 200 https://vlt-451504312483.d.codeartifact.us-east-1.amazonaws.com/npm/code-artifact-benchmark-test/svg-tags/-/svg-tags-1.0.0.tgz 3953ms (cache miss)
npm http fetch GET 200 https://vlt-451504312483.d.codeartifact.us-east-1.amazonaws.com/npm/code-artifact-benchmark-test/table/-/table-6.9.0.tgz 3958ms (cache miss)
npm http fetch GET 200 https://vlt-451504312483.d.codeartifact.us-east-1.amazonaws.com/npm/code-artifact-benchmark-test/supports-color/-/supports-color-7.2.0.tgz 3964ms (cache miss)
npm http fetch GET 200 https://vlt-451504312483.d.codeartifact.us-east-1.amazonaws.com/npm/code-artifact-benchmark-test/supports-hyperlinks/-/supports-hyperlinks-3.2.0.tgz 3965ms (cache miss)
npm http fetch GET 200 https://vlt-451504312483.d.codeartifact.us-east-1.amazonaws.com/npm/code-artifact-benchmark-test/postcss-safe-parser/-/postcss-safe-parser-7.1.0.tgz 3973ms (cache miss)
npm http fetch GET 200 https://vlt-451504312483.d.codeartifact.us-east-1.amazonaws.com/npm/code-artifact-benchmark-test/known-css-properties/-/known-css-properties-0.37.0.tgz 4005ms (cache miss)
npm http fetch GET 200 https://vlt-451504312483.d.codeartifact.us-east-1.amazonaws.com/npm/code-artifact-benchmark-test/mathml-tag-names/-/mathml-tag-names-2.1.3.tgz 4014ms (cache miss)
npm http fetch GET 200 https://vlt-451504312483.d.codeartifact.us-east-1.amazonaws.com/npm/code-artifact-benchmark-test/postcss-resolve-nested-selector/-/postcss-resolve-nested-selector-0.1.6.tgz 4015ms (cache miss)
npm http fetch GET 200 https://vlt-451504312483.d.codeartifact.us-east-1.amazonaws.com/npm/code-artifact-benchmark-test/globjoin/-/globjoin-0.1.4.tgz 4035ms (cache miss)
npm http fetch GET 200 https://vlt-451504312483.d.codeartifact.us-east-1.amazonaws.com/npm/code-artifact-benchmark-test/html-tags/-/html-tags-3.3.1.tgz 4036ms (cache miss)
npm http fetch GET 200 https://vlt-451504312483.d.codeartifact.us-east-1.amazonaws.com/npm/code-artifact-benchmark-test/fastest-levenshtein/-/fastest-levenshtein-1.0.16.tgz 4036ms (cache miss)
npm http fetch GET 200 https://vlt-451504312483.d.codeartifact.us-east-1.amazonaws.com/npm/code-artifact-benchmark-test/is-number/-/is-number-7.0.0.tgz 4053ms (cache miss)
npm http fetch GET 200 https://vlt-451504312483.d.codeartifact.us-east-1.amazonaws.com/npm/code-artifact-benchmark-test/meow/-/meow-13.2.0.tgz 4068ms (cache miss)
npm http fetch GET 200 https://vlt-451504312483.d.codeartifact.us-east-1.amazonaws.com/npm/code-artifact-benchmark-test/fast-glob/-/fast-glob-3.3.3.tgz 4066ms (cache miss)
npm http fetch GET 200 https://vlt-451504312483.d.codeartifact.us-east-1.amazonaws.com/npm/code-artifact-benchmark-test/braces/-/braces-3.0.3.tgz 4076ms (cache miss)
npm http fetch GET 200 https://vlt-451504312483.d.codeartifact.us-east-1.amazonaws.com/npm/code-artifact-benchmark-test/to-regex-range/-/to-regex-range-5.0.1.tgz 4077ms (cache miss)
npm http fetch GET 200 https://vlt-451504312483.d.codeartifact.us-east-1.amazonaws.com/npm/code-artifact-benchmark-test/fill-range/-/fill-range-7.1.1.tgz 4082ms (cache miss)
npm http fetch GET 200 https://vlt-451504312483.d.codeartifact.us-east-1.amazonaws.com/npm/code-artifact-benchmark-test/micromatch/-/micromatch-4.0.8.tgz 4110ms (cache miss)
npm http fetch GET 200 https://vlt-451504312483.d.codeartifact.us-east-1.amazonaws.com/npm/code-artifact-benchmark-test/ajv/-/ajv-8.20.0.tgz 4158ms (cache miss)
npm http fetch GET 200 https://vlt-451504312483.d.codeartifact.us-east-1.amazonaws.com/npm/code-artifact-benchmark-test/css-functions-list/-/css-functions-list-3.3.3.tgz 4162ms (cache miss)
npm http fetch GET 200 https://vlt-451504312483.d.codeartifact.us-east-1.amazonaws.com/npm/code-artifact-benchmark-test/glob-parent/-/glob-parent-5.1.2.tgz 4162ms (cache miss)
npm http fetch GET 200 https://vlt-451504312483.d.codeartifact.us-east-1.amazonaws.com/npm/code-artifact-benchmark-test/@dual-bundle/import-meta-resolve/-/import-meta-resolve-4.2.1.tgz 4163ms (cache miss)
npm http fetch GET 200 https://vlt-451504312483.d.codeartifact.us-east-1.amazonaws.com/npm/code-artifact-benchmark-test/cosmiconfig/-/cosmiconfig-9.0.2.tgz 4163ms (cache miss)
npm http fetch GET 200 https://vlt-451504312483.d.codeartifact.us-east-1.amazonaws.com/npm/code-artifact-benchmark-test/@csstools/css-parser-algorithms/-/css-parser-algorithms-3.0.5.tgz 4164ms (cache miss)
npm http fetch GET 200 https://vlt-451504312483.d.codeartifact.us-east-1.amazonaws.com/npm/code-artifact-benchmark-test/@csstools/css-tokenizer/-/css-tokenizer-3.0.4.tgz 4164ms (cache miss)
npm http fetch GET 200 https://vlt-451504312483.d.codeartifact.us-east-1.amazonaws.com/npm/code-artifact-benchmark-test/is-fullwidth-code-point/-/is-fullwidth-code-point-3.0.0.tgz 4169ms (cache miss)
npm http fetch GET 200 https://vlt-451504312483.d.codeartifact.us-east-1.amazonaws.com/npm/code-artifact-benchmark-test/eastasianwidth/-/eastasianwidth-0.2.0.tgz 4189ms (cache miss)
npm http fetch GET 200 https://vlt-451504312483.d.codeartifact.us-east-1.amazonaws.com/npm/code-artifact-benchmark-test/@csstools/css-syntax-patches-for-csstree/-/css-syntax-patches-for-csstree-1.1.15.tgz 4196ms (cache miss)
npm http fetch GET 200 https://vlt-451504312483.d.codeartifact.us-east-1.amazonaws.com/npm/code-artifact-benchmark-test/copy-descriptor/-/copy-descriptor-0.1.1.tgz 4195ms (cache miss)
npm http fetch GET 200 https://vlt-451504312483.d.codeartifact.us-east-1.amazonaws.com/npm/code-artifact-benchmark-test/object-copy/-/object-copy-0.1.0.tgz 4200ms (cache miss)
npm http fetch GET 200 https://vlt-451504312483.d.codeartifact.us-east-1.amazonaws.com/npm/code-artifact-benchmark-test/@csstools/media-query-list-parser/-/media-query-list-parser-4.0.3.tgz 4208ms (cache miss)
npm http fetch GET 200 https://vlt-451504312483.d.codeartifact.us-east-1.amazonaws.com/npm/code-artifact-benchmark-test/is-descriptor/-/is-descriptor-0.1.8.tgz 4220ms (cache miss)
npm http fetch GET 200 https://vlt-451504312483.d.codeartifact.us-east-1.amazonaws.com/npm/code-artifact-benchmark-test/kind-of/-/kind-of-3.2.2.tgz 4253ms (cache miss)
npm http fetch GET 200 https://vlt-451504312483.d.codeartifact.us-east-1.amazonaws.com/npm/code-artifact-benchmark-test/css-tree/-/css-tree-3.2.1.tgz 4262ms (cache miss)
npm http fetch GET 200 https://vlt-451504312483.d.codeartifact.us-east-1.amazonaws.com/npm/code-artifact-benchmark-test/define-property/-/define-property-0.2.5.tgz 4271ms (cache miss)
npm http fetch GET 200 https://vlt-451504312483.d.codeartifact.us-east-1.amazonaws.com/npm/code-artifact-benchmark-test/resolve-url/-/resolve-url-0.2.1.tgz 4270ms (cache miss)
npm warn deprecated resolve-url@0.2.1: https://github.com/lydell/resolve-url#deprecated
npm http fetch GET 200 https://vlt-451504312483.d.codeartifact.us-east-1.amazonaws.com/npm/code-artifact-benchmark-test/source-map-url/-/source-map-url-0.4.1.tgz 4270ms (cache miss)
npm warn deprecated source-map-url@0.4.1: See https://github.com/lydell/source-map-url#deprecated
npm http fetch GET 200 https://vlt-451504312483.d.codeartifact.us-east-1.amazonaws.com/npm/code-artifact-benchmark-test/decode-uri-component/-/decode-uri-component-0.2.2.tgz 4273ms (cache miss)
npm http fetch GET 200 https://vlt-451504312483.d.codeartifact.us-east-1.amazonaws.com/npm/code-artifact-benchmark-test/atob/-/atob-2.1.2.tgz 4281ms (cache miss)
npm http fetch GET 200 https://vlt-451504312483.d.codeartifact.us-east-1.amazonaws.com/npm/code-artifact-benchmark-test/urix/-/urix-0.1.0.tgz 4296ms (cache miss)
npm warn deprecated urix@0.1.0: Please see https://github.com/lydell/urix#deprecated
npm http fetch GET 200 https://vlt-451504312483.d.codeartifact.us-east-1.amazonaws.com/npm/code-artifact-benchmark-test/snapdragon-util/-/snapdragon-util-3.0.1.tgz 4304ms (cache miss)
npm http fetch GET 200 https://vlt-451504312483.d.codeartifact.us-east-1.amazonaws.com/npm/code-artifact-benchmark-test/object-visit/-/object-visit-1.0.1.tgz 4318ms (cache miss)
npm http fetch GET 200 https://vlt-451504312483.d.codeartifact.us-east-1.amazonaws.com/npm/code-artifact-benchmark-test/kind-of/-/kind-of-4.0.0.tgz 4318ms (cache miss)
npm http fetch GET 200 https://vlt-451504312483.d.codeartifact.us-east-1.amazonaws.com/npm/code-artifact-benchmark-test/map-visit/-/map-visit-1.0.0.tgz 4323ms (cache miss)
npm http fetch GET 200 https://vlt-451504312483.d.codeartifact.us-east-1.amazonaws.com/npm/code-artifact-benchmark-test/has-values/-/has-values-1.0.0.tgz 4330ms (cache miss)
npm http fetch GET 200 https://vlt-451504312483.d.codeartifact.us-east-1.amazonaws.com/npm/code-artifact-benchmark-test/static-extend/-/static-extend-0.1.2.tgz 4337ms (cache miss)
npm http fetch GET 200 https://vlt-451504312483.d.codeartifact.us-east-1.amazonaws.com/npm/code-artifact-benchmark-test/is-descriptor/-/is-descriptor-0.1.8.tgz 4340ms (cache miss)
npm http fetch GET 200 https://vlt-451504312483.d.codeartifact.us-east-1.amazonaws.com/npm/code-artifact-benchmark-test/kind-of/-/kind-of-3.2.2.tgz 4357ms (cache miss)
npm http fetch GET 200 https://vlt-451504312483.d.codeartifact.us-east-1.amazonaws.com/npm/code-artifact-benchmark-test/define-property/-/define-property-0.2.5.tgz 4379ms (cache miss)
npm http fetch GET 200 https://vlt-451504312483.d.codeartifact.us-east-1.amazonaws.com/npm/code-artifact-benchmark-test/union-value/-/union-value-1.0.1.tgz 4385ms (cache miss)
npm http fetch GET 200 https://vlt-451504312483.d.codeartifact.us-east-1.amazonaws.com/npm/code-artifact-benchmark-test/unset-value/-/unset-value-1.0.0.tgz 4390ms (cache miss)
npm http fetch GET 200 https://vlt-451504312483.d.codeartifact.us-east-1.amazonaws.com/npm/code-artifact-benchmark-test/has-values/-/has-values-0.1.4.tgz 4402ms (cache miss)
npm http fetch GET 200 https://vlt-451504312483.d.codeartifact.us-east-1.amazonaws.com/npm/code-artifact-benchmark-test/to-object-path/-/to-object-path-0.3.0.tgz 4401ms (cache miss)
npm http fetch GET 200 https://vlt-451504312483.d.codeartifact.us-east-1.amazonaws.com/npm/code-artifact-benchmark-test/isobject/-/isobject-2.1.0.tgz 4410ms (cache miss)
npm http fetch GET 200 https://vlt-451504312483.d.codeartifact.us-east-1.amazonaws.com/npm/code-artifact-benchmark-test/kind-of/-/kind-of-3.2.2.tgz 4424ms (cache miss)
npm http fetch GET 200 https://vlt-451504312483.d.codeartifact.us-east-1.amazonaws.com/npm/code-artifact-benchmark-test/has-value/-/has-value-0.3.1.tgz 4425ms (cache miss)
npm http fetch GET 200 https://vlt-451504312483.d.codeartifact.us-east-1.amazonaws.com/npm/code-artifact-benchmark-test/set-value/-/set-value-2.0.1.tgz 4434ms (cache miss)
npm http fetch GET 200 https://vlt-451504312483.d.codeartifact.us-east-1.amazonaws.com/npm/code-artifact-benchmark-test/has-value/-/has-value-1.0.0.tgz 4441ms (cache miss)
npm http fetch GET 200 https://vlt-451504312483.d.codeartifact.us-east-1.amazonaws.com/npm/code-artifact-benchmark-test/is-plain-object/-/is-plain-object-2.0.4.tgz 4453ms (cache miss)
npm http fetch GET 200 https://vlt-451504312483.d.codeartifact.us-east-1.amazonaws.com/npm/code-artifact-benchmark-test/pascalcase/-/pascalcase-0.1.1.tgz 4455ms (cache miss)
npm http fetch GET 200 https://vlt-451504312483.d.codeartifact.us-east-1.amazonaws.com/npm/code-artifact-benchmark-test/collection-visit/-/collection-visit-1.0.0.tgz 4461ms (cache miss)
npm http fetch GET 200 https://vlt-451504312483.d.codeartifact.us-east-1.amazonaws.com/npm/code-artifact-benchmark-test/mixin-deep/-/mixin-deep-1.3.2.tgz 4468ms (cache miss)
npm http fetch GET 200 https://vlt-451504312483.d.codeartifact.us-east-1.amazonaws.com/npm/code-artifact-benchmark-test/is-plain-object/-/is-plain-object-2.0.4.tgz 4478ms (cache miss)
npm http fetch GET 200 https://vlt-451504312483.d.codeartifact.us-east-1.amazonaws.com/npm/code-artifact-benchmark-test/class-utils/-/class-utils-0.3.6.tgz 4497ms (cache miss)
npm http fetch GET 200 https://vlt-451504312483.d.codeartifact.us-east-1.amazonaws.com/npm/code-artifact-benchmark-test/is-extendable/-/is-extendable-1.0.1.tgz 4497ms (cache miss)
npm http fetch GET 200 https://vlt-451504312483.d.codeartifact.us-east-1.amazonaws.com/npm/code-artifact-benchmark-test/component-emitter/-/component-emitter-1.3.1.tgz 4507ms (cache miss)
npm http fetch GET 200 https://vlt-451504312483.d.codeartifact.us-east-1.amazonaws.com/npm/code-artifact-benchmark-test/define-property/-/define-property-0.2.5.tgz 4525ms (cache miss)
npm http fetch GET 200 https://vlt-451504312483.d.codeartifact.us-east-1.amazonaws.com/npm/code-artifact-benchmark-test/is-descriptor/-/is-descriptor-0.1.8.tgz 4533ms (cache miss)
npm http fetch GET 200 https://vlt-451504312483.d.codeartifact.us-east-1.amazonaws.com/npm/code-artifact-benchmark-test/cache-base/-/cache-base-1.0.1.tgz 4537ms (cache miss)
npm http fetch GET 200 https://vlt-451504312483.d.codeartifact.us-east-1.amazonaws.com/npm/code-artifact-benchmark-test/use/-/use-3.1.1.tgz 4542ms (cache miss)
npm http fetch GET 200 https://vlt-451504312483.d.codeartifact.us-east-1.amazonaws.com/npm/code-artifact-benchmark-test/source-map-resolve/-/source-map-resolve-0.5.3.tgz 4553ms (cache miss)
npm warn deprecated source-map-resolve@0.5.3: See https://github.com/lydell/source-map-resolve#deprecated
npm http fetch GET 200 https://vlt-451504312483.d.codeartifact.us-east-1.amazonaws.com/npm/code-artifact-benchmark-test/side-channel-weakmap/-/side-channel-weakmap-1.0.2.tgz 4563ms (cache miss)
npm http fetch GET 200 https://vlt-451504312483.d.codeartifact.us-east-1.amazonaws.com/npm/code-artifact-benchmark-test/base/-/base-0.11.2.tgz 4570ms (cache miss)
npm http fetch GET 200 https://vlt-451504312483.d.codeartifact.us-east-1.amazonaws.com/npm/code-artifact-benchmark-test/side-channel-map/-/side-channel-map-1.0.1.tgz 4576ms (cache miss)
npm http fetch GET 200 https://vlt-451504312483.d.codeartifact.us-east-1.amazonaws.com/npm/code-artifact-benchmark-test/define-property/-/define-property-1.0.0.tgz 4578ms (cache miss)
npm http fetch GET 200 https://vlt-451504312483.d.codeartifact.us-east-1.amazonaws.com/npm/code-artifact-benchmark-test/side-channel-list/-/side-channel-list-1.0.1.tgz 4600ms (cache miss)
npm http fetch GET 200 https://vlt-451504312483.d.codeartifact.us-east-1.amazonaws.com/npm/code-artifact-benchmark-test/shebang-regex/-/shebang-regex-3.0.0.tgz 4600ms (cache miss)
npm http fetch GET 200 https://vlt-451504312483.d.codeartifact.us-east-1.amazonaws.com/npm/code-artifact-benchmark-test/sver-compat/-/sver-compat-1.5.0.tgz 4617ms (cache miss)
npm http fetch GET 200 https://vlt-451504312483.d.codeartifact.us-east-1.amazonaws.com/npm/code-artifact-benchmark-test/ajv-formats/-/ajv-formats-3.0.1.tgz 4620ms (cache miss)
npm http fetch GET 200 https://vlt-451504312483.d.codeartifact.us-east-1.amazonaws.com/npm/code-artifact-benchmark-test/json-schema-traverse/-/json-schema-traverse-1.0.0.tgz 4623ms (cache miss)
npm http fetch GET 200 https://vlt-451504312483.d.codeartifact.us-east-1.amazonaws.com/npm/code-artifact-benchmark-test/@types/json-schema/-/json-schema-7.0.15.tgz 4639ms (cache miss)
npm http fetch GET 200 https://vlt-451504312483.d.codeartifact.us-east-1.amazonaws.com/npm/code-artifact-benchmark-test/ret/-/ret-0.1.15.tgz 4662ms (cache miss)
npm http fetch GET 200 https://vlt-451504312483.d.codeartifact.us-east-1.amazonaws.com/npm/code-artifact-benchmark-test/queue-microtask/-/queue-microtask-1.2.3.tgz 4663ms (cache miss)
npm http fetch GET 200 https://vlt-451504312483.d.codeartifact.us-east-1.amazonaws.com/npm/code-artifact-benchmark-test/global-modules/-/global-modules-1.0.0.tgz 4675ms (cache miss)
npm http fetch GET 200 https://vlt-451504312483.d.codeartifact.us-east-1.amazonaws.com/npm/code-artifact-benchmark-test/supports-preserve-symlinks-flag/-/supports-preserve-symlinks-flag-1.0.0.tgz 4691ms (cache miss)
npm http fetch GET 200 https://vlt-451504312483.d.codeartifact.us-east-1.amazonaws.com/npm/code-artifact-benchmark-test/path-parse/-/path-parse-1.0.7.tgz 4697ms (cache miss)
npm http fetch GET 200 https://vlt-451504312483.d.codeartifact.us-east-1.amazonaws.com/npm/code-artifact-benchmark-test/ini/-/ini-1.3.8.tgz 4698ms (cache miss)
npm http fetch GET 200 https://vlt-451504312483.d.codeartifact.us-east-1.amazonaws.com/npm/code-artifact-benchmark-test/global-prefix/-/global-prefix-1.0.2.tgz 4702ms (cache miss)
npm http fetch GET 200 https://vlt-451504312483.d.codeartifact.us-east-1.amazonaws.com/npm/code-artifact-benchmark-test/remove-trailing-separator/-/remove-trailing-separator-1.1.0.tgz 4709ms (cache miss)
npm http fetch GET 200 https://vlt-451504312483.d.codeartifact.us-east-1.amazonaws.com/npm/code-artifact-benchmark-test/regjsparser/-/regjsparser-0.1.5.tgz 4730ms (cache miss)
npm http fetch GET 200 https://vlt-451504312483.d.codeartifact.us-east-1.amazonaws.com/npm/code-artifact-benchmark-test/is-finite/-/is-finite-1.1.0.tgz 4745ms (cache miss)
npm http fetch GET 200 https://vlt-451504312483.d.codeartifact.us-east-1.amazonaws.com/npm/code-artifact-benchmark-test/regenerate/-/regenerate-1.4.2.tgz 4744ms (cache miss)
npm http fetch GET 200 https://vlt-451504312483.d.codeartifact.us-east-1.amazonaws.com/npm/code-artifact-benchmark-test/jsesc/-/jsesc-0.5.0.tgz 4750ms (cache miss)
npm http fetch GET 200 https://vlt-451504312483.d.codeartifact.us-east-1.amazonaws.com/npm/code-artifact-benchmark-test/regjsgen/-/regjsgen-0.2.0.tgz 4754ms (cache miss)
npm http fetch GET 200 https://vlt-451504312483.d.codeartifact.us-east-1.amazonaws.com/npm/code-artifact-benchmark-test/safe-regex/-/safe-regex-1.1.0.tgz 4769ms (cache miss)
npm http fetch GET 200 https://vlt-451504312483.d.codeartifact.us-east-1.amazonaws.com/npm/code-artifact-benchmark-test/string_decoder/-/string_decoder-1.1.1.tgz 4776ms (cache miss)
npm http fetch GET 200 https://vlt-451504312483.d.codeartifact.us-east-1.amazonaws.com/npm/code-artifact-benchmark-test/safe-buffer/-/safe-buffer-5.1.2.tgz 4781ms (cache miss)
npm http fetch GET 200 https://vlt-451504312483.d.codeartifact.us-east-1.amazonaws.com/npm/code-artifact-benchmark-test/isarray/-/isarray-1.0.0.tgz 4794ms (cache miss)
npm http fetch GET 200 https://vlt-451504312483.d.codeartifact.us-east-1.amazonaws.com/npm/code-artifact-benchmark-test/react-deep-force-update/-/react-deep-force-update-1.1.2.tgz 4813ms (cache miss)
npm http fetch GET 200 https://vlt-451504312483.d.codeartifact.us-east-1.amazonaws.com/npm/code-artifact-benchmark-test/consolidated-events/-/consolidated-events-2.0.2.tgz 4818ms (cache miss)
npm http fetch GET 200 https://vlt-451504312483.d.codeartifact.us-east-1.amazonaws.com/npm/code-artifact-benchmark-test/core-util-is/-/core-util-is-1.0.3.tgz 4823ms (cache miss)
npm http fetch GET 200 https://vlt-451504312483.d.codeartifact.us-east-1.amazonaws.com/npm/code-artifact-benchmark-test/dom-helpers/-/dom-helpers-3.4.0.tgz 4828ms (cache miss)
npm http fetch GET 200 https://vlt-451504312483.d.codeartifact.us-east-1.amazonaws.com/npm/code-artifact-benchmark-test/react-proxy/-/react-proxy-1.1.8.tgz 4849ms (cache miss)
npm http fetch GET 200 https://vlt-451504312483.d.codeartifact.us-east-1.amazonaws.com/npm/code-artifact-benchmark-test/@floating-ui/utils/-/utils-0.2.12.tgz 4862ms (cache miss)
npm http fetch GET 200 https://vlt-451504312483.d.codeartifact.us-east-1.amazonaws.com/npm/code-artifact-benchmark-test/ajv/-/ajv-8.20.0.tgz 4879ms (cache miss)
npm http fetch GET 200 https://vlt-451504312483.d.codeartifact.us-east-1.amazonaws.com/npm/code-artifact-benchmark-test/@floating-ui/core/-/core-1.8.0.tgz 4895ms (cache miss)
npm http fetch GET 200 https://vlt-451504312483.d.codeartifact.us-east-1.amazonaws.com/npm/code-artifact-benchmark-test/@floating-ui/dom/-/dom-1.8.0.tgz 4897ms (cache miss)
npm http fetch GET 200 https://vlt-451504312483.d.codeartifact.us-east-1.amazonaws.com/npm/code-artifact-benchmark-test/css-mediaquery/-/css-mediaquery-0.1.2.tgz 4906ms (cache miss)
npm http fetch GET 200 https://vlt-451504312483.d.codeartifact.us-east-1.amazonaws.com/npm/code-artifact-benchmark-test/lodash.throttle/-/lodash.throttle-4.1.1.tgz 4907ms (cache miss)
npm http fetch GET 200 https://vlt-451504312483.d.codeartifact.us-east-1.amazonaws.com/npm/code-artifact-benchmark-test/shallow-equal/-/shallow-equal-1.2.1.tgz 4909ms (cache miss)
npm http fetch GET 200 https://vlt-451504312483.d.codeartifact.us-east-1.amazonaws.com/npm/code-artifact-benchmark-test/matchmediaquery/-/matchmediaquery-0.3.1.tgz 4913ms (cache miss)
npm http fetch GET 200 https://vlt-451504312483.d.codeartifact.us-east-1.amazonaws.com/npm/code-artifact-benchmark-test/hyphenate-style-name/-/hyphenate-style-name-1.1.0.tgz 4922ms (cache miss)
npm http fetch GET 200 https://vlt-451504312483.d.codeartifact.us-east-1.amazonaws.com/npm/code-artifact-benchmark-test/smart-mixin/-/smart-mixin-2.0.0.tgz 4952ms (cache miss)
npm http fetch GET 200 https://vlt-451504312483.d.codeartifact.us-east-1.amazonaws.com/npm/code-artifact-benchmark-test/tiny-invariant/-/tiny-invariant-1.2.0.tgz 4955ms (cache miss)
npm http fetch GET 200 https://vlt-451504312483.d.codeartifact.us-east-1.amazonaws.com/npm/code-artifact-benchmark-test/get-node-dimensions/-/get-node-dimensions-1.2.1.tgz 4960ms (cache miss)
npm http fetch GET 200 https://vlt-451504312483.d.codeartifact.us-east-1.amazonaws.com/npm/code-artifact-benchmark-test/min-document/-/min-document-2.19.2.tgz 4963ms (cache miss)
npm http fetch GET 200 https://vlt-451504312483.d.codeartifact.us-east-1.amazonaws.com/npm/code-artifact-benchmark-test/dom-walk/-/dom-walk-0.1.2.tgz 4971ms (cache miss)
npm http fetch GET 200 https://vlt-451504312483.d.codeartifact.us-east-1.amazonaws.com/npm/code-artifact-benchmark-test/process/-/process-0.11.10.tgz 4979ms (cache miss)
npm http fetch GET 200 https://vlt-451504312483.d.codeartifact.us-east-1.amazonaws.com/npm/code-artifact-benchmark-test/shallowequal/-/shallowequal-1.1.0.tgz 4983ms (cache miss)
npm http fetch GET 200 https://vlt-451504312483.d.codeartifact.us-east-1.amazonaws.com/npm/code-artifact-benchmark-test/global/-/global-4.4.0.tgz 5093ms (cache miss)
npm http fetch GET 200 https://vlt-451504312483.d.codeartifact.us-east-1.amazonaws.com/npm/code-artifact-benchmark-test/react-lifecycles-compat/-/react-lifecycles-compat-3.0.4.tgz 5097ms (cache miss)
npm http fetch GET 200 https://vlt-451504312483.d.codeartifact.us-east-1.amazonaws.com/npm/code-artifact-benchmark-test/clsx/-/clsx-2.1.1.tgz 5102ms (cache miss)
npm http fetch GET 200 https://vlt-451504312483.d.codeartifact.us-east-1.amazonaws.com/npm/code-artifact-benchmark-test/react-resizable/-/react-resizable-3.2.0.tgz 5110ms (cache miss)
npm http fetch GET 200 https://vlt-451504312483.d.codeartifact.us-east-1.amazonaws.com/npm/code-artifact-benchmark-test/attr-accept/-/attr-accept-2.2.5.tgz 5110ms (cache miss)
npm http fetch GET 200 https://vlt-451504312483.d.codeartifact.us-east-1.amazonaws.com/npm/code-artifact-benchmark-test/tslib/-/tslib-2.8.1.tgz 5111ms (cache miss)
npm http fetch GET 200 https://vlt-451504312483.d.codeartifact.us-east-1.amazonaws.com/npm/code-artifact-benchmark-test/uc.micro/-/uc.micro-1.0.6.tgz 5126ms (cache miss)
npm http fetch GET 200 https://vlt-451504312483.d.codeartifact.us-east-1.amazonaws.com/npm/code-artifact-benchmark-test/resize-observer-polyfill/-/resize-observer-polyfill-1.5.1.tgz 5130ms (cache miss)
npm http fetch GET 200 https://vlt-451504312483.d.codeartifact.us-east-1.amazonaws.com/npm/code-artifact-benchmark-test/linkify-it/-/linkify-it-2.2.0.tgz 5131ms (cache miss)
npm http fetch GET 200 https://vlt-451504312483.d.codeartifact.us-east-1.amazonaws.com/npm/code-artifact-benchmark-test/html-to-draftjs/-/html-to-draftjs-1.5.0.tgz 5133ms (cache miss)
npm http fetch GET 200 https://vlt-451504312483.d.codeartifact.us-east-1.amazonaws.com/npm/code-artifact-benchmark-test/draftjs-utils/-/draftjs-utils-0.10.2.tgz 5133ms (cache miss)
npm http fetch GET 200 https://vlt-451504312483.d.codeartifact.us-east-1.amazonaws.com/npm/code-artifact-benchmark-test/fast-equals/-/fast-equals-4.0.3.tgz 5138ms (cache miss)
npm http fetch GET 200 https://vlt-451504312483.d.codeartifact.us-east-1.amazonaws.com/npm/code-artifact-benchmark-test/react-draggable/-/react-draggable-4.7.2.tgz 5139ms (cache miss)
npm http fetch GET 200 https://vlt-451504312483.d.codeartifact.us-east-1.amazonaws.com/npm/code-artifact-benchmark-test/file-selector/-/file-selector-2.1.2.tgz 5141ms (cache miss)
npm http fetch GET 200 https://vlt-451504312483.d.codeartifact.us-east-1.amazonaws.com/npm/code-artifact-benchmark-test/@remix-run/router/-/router-1.23.4.tgz 5152ms (cache miss)
npm http fetch GET 200 https://vlt-451504312483.d.codeartifact.us-east-1.amazonaws.com/npm/code-artifact-benchmark-test/hoist-non-react-statics/-/hoist-non-react-statics-3.3.2.tgz 5166ms (cache miss)
npm http fetch GET 200 https://vlt-451504312483.d.codeartifact.us-east-1.amazonaws.com/npm/code-artifact-benchmark-test/scheduler/-/scheduler-0.23.2.tgz 5169ms (cache miss)
npm http fetch GET 200 https://vlt-451504312483.d.codeartifact.us-east-1.amazonaws.com/npm/code-artifact-benchmark-test/redux/-/redux-4.2.1.tgz 5173ms (cache miss)
npm http fetch GET 200 https://vlt-451504312483.d.codeartifact.us-east-1.amazonaws.com/npm/code-artifact-benchmark-test/@react-dnd/asap/-/asap-5.0.2.tgz 5173ms (cache miss)
npm http fetch GET 200 https://vlt-451504312483.d.codeartifact.us-east-1.amazonaws.com/npm/code-artifact-benchmark-test/lodash.clonedeep/-/lodash.clonedeep-4.5.0.tgz 5206ms (cache miss)
npm http fetch GET 200 https://vlt-451504312483.d.codeartifact.us-east-1.amazonaws.com/npm/code-artifact-benchmark-test/@react-dnd/shallowequal/-/shallowequal-4.0.2.tgz 5212ms (cache miss)
npm http fetch GET 200 https://vlt-451504312483.d.codeartifact.us-east-1.amazonaws.com/npm/code-artifact-benchmark-test/@react-dnd/invariant/-/invariant-4.0.2.tgz 5223ms (cache miss)
npm http fetch GET 200 https://vlt-451504312483.d.codeartifact.us-east-1.amazonaws.com/npm/code-artifact-benchmark-test/react-is/-/react-is-18.3.1.tgz 5224ms (cache miss)
npm http fetch GET 200 https://vlt-451504312483.d.codeartifact.us-east-1.amazonaws.com/npm/code-artifact-benchmark-test/lodash.isobject/-/lodash.isobject-3.0.2.tgz 5230ms (cache miss)
npm http fetch GET 200 https://vlt-451504312483.d.codeartifact.us-east-1.amazonaws.com/npm/code-artifact-benchmark-test/ipaddr.js/-/ipaddr.js-1.9.1.tgz 5241ms (cache miss)
npm http fetch GET 200 https://vlt-451504312483.d.codeartifact.us-east-1.amazonaws.com/npm/code-artifact-benchmark-test/forwarded/-/forwarded-0.2.0.tgz 5254ms (cache miss)
npm http fetch GET 200 https://vlt-451504312483.d.codeartifact.us-east-1.amazonaws.com/npm/code-artifact-benchmark-test/rcfinder/-/rcfinder-0.1.9.tgz 5255ms (cache miss)
npm http fetch GET 200 https://vlt-451504312483.d.codeartifact.us-east-1.amazonaws.com/npm/code-artifact-benchmark-test/classnames/-/classnames-2.5.1.tgz 5260ms (cache miss)
npm http fetch GET 200 https://vlt-451504312483.d.codeartifact.us-east-1.amazonaws.com/npm/code-artifact-benchmark-test/ms/-/ms-2.0.0.tgz 5289ms (cache miss)
npm http fetch GET 200 https://vlt-451504312483.d.codeartifact.us-east-1.amazonaws.com/npm/code-artifact-benchmark-test/stream-parser/-/stream-parser-0.3.1.tgz 5289ms (cache miss)
npm http fetch GET 200 https://vlt-451504312483.d.codeartifact.us-east-1.amazonaws.com/npm/code-artifact-benchmark-test/react-is/-/react-is-16.13.1.tgz 5294ms (cache miss)
npm http fetch GET 200 https://vlt-451504312483.d.codeartifact.us-east-1.amazonaws.com/npm/code-artifact-benchmark-test/asap/-/asap-2.0.6.tgz 5294ms (cache miss)
npm http fetch GET 200 https://vlt-451504312483.d.codeartifact.us-east-1.amazonaws.com/npm/code-artifact-benchmark-test/dnd-core/-/dnd-core-16.0.1.tgz 5314ms (cache miss)
npm http fetch GET 200 https://vlt-451504312483.d.codeartifact.us-east-1.amazonaws.com/npm/code-artifact-benchmark-test/rc-util/-/rc-util-5.44.4.tgz 5314ms (cache miss)
npm http fetch GET 200 https://vlt-451504312483.d.codeartifact.us-east-1.amazonaws.com/npm/code-artifact-benchmark-test/debug/-/debug-2.6.9.tgz 5328ms (cache miss)
npm http fetch GET 200 https://vlt-451504312483.d.codeartifact.us-east-1.amazonaws.com/npm/code-artifact-benchmark-test/commander/-/commander-7.2.0.tgz 5351ms (cache miss)
npm http fetch GET 200 https://vlt-451504312483.d.codeartifact.us-east-1.amazonaws.com/npm/code-artifact-benchmark-test/mdn-data/-/mdn-data-2.0.30.tgz 5359ms (cache miss)
npm http fetch GET 200 https://vlt-451504312483.d.codeartifact.us-east-1.amazonaws.com/npm/code-artifact-benchmark-test/cssesc/-/cssesc-3.0.0.tgz 5363ms (cache miss)
npm http fetch GET 200 https://vlt-451504312483.d.codeartifact.us-east-1.amazonaws.com/npm/code-artifact-benchmark-test/util-deprecate/-/util-deprecate-1.0.2.tgz 5375ms (cache miss)
npm http fetch GET 200 https://vlt-451504312483.d.codeartifact.us-east-1.amazonaws.com/npm/code-artifact-benchmark-test/lodash.uniq/-/lodash.uniq-4.5.0.tgz 5386ms (cache miss)
npm http fetch GET 200 https://vlt-451504312483.d.codeartifact.us-east-1.amazonaws.com/npm/code-artifact-benchmark-test/thenby/-/thenby-1.4.1.tgz 5388ms (cache miss)
npm http fetch GET 200 https://vlt-451504312483.d.codeartifact.us-east-1.amazonaws.com/npm/code-artifact-benchmark-test/svgo/-/svgo-3.3.5.tgz 5395ms (cache miss)
npm http fetch GET 200 https://vlt-451504312483.d.codeartifact.us-east-1.amazonaws.com/npm/code-artifact-benchmark-test/stylehacks/-/stylehacks-6.1.1.tgz 5398ms (cache miss)
npm http fetch GET 200 https://vlt-451504312483.d.codeartifact.us-east-1.amazonaws.com/npm/code-artifact-benchmark-test/lodash.memoize/-/lodash.memoize-4.1.2.tgz 5406ms (cache miss)
npm http fetch GET 200 https://vlt-451504312483.d.codeartifact.us-east-1.amazonaws.com/npm/code-artifact-benchmark-test/caniuse-api/-/caniuse-api-3.0.0.tgz 5411ms (cache miss)
npm http fetch GET 200 https://vlt-451504312483.d.codeartifact.us-east-1.amazonaws.com/npm/code-artifact-benchmark-test/postcss-selector-parser/-/postcss-selector-parser-6.1.4.tgz 5465ms (cache miss)
npm http fetch GET 200 https://vlt-451504312483.d.codeartifact.us-east-1.amazonaws.com/npm/code-artifact-benchmark-test/nanoid/-/nanoid-3.3.19.tgz 5466ms (cache miss)
npm http fetch GET 200 https://vlt-451504312483.d.codeartifact.us-east-1.amazonaws.com/npm/code-artifact-benchmark-test/arr-union/-/arr-union-3.1.0.tgz 5474ms (cache miss)
npm http fetch GET 200 https://vlt-451504312483.d.codeartifact.us-east-1.amazonaws.com/npm/code-artifact-benchmark-test/pinkie/-/pinkie-2.0.4.tgz 5483ms (cache miss)
npm http fetch GET 200 https://vlt-451504312483.d.codeartifact.us-east-1.amazonaws.com/npm/code-artifact-benchmark-test/unc-path-regex/-/unc-path-regex-0.1.2.tgz 5500ms (cache miss)
npm http fetch GET 200 https://vlt-451504312483.d.codeartifact.us-east-1.amazonaws.com/npm/code-artifact-benchmark-test/is-relative/-/is-relative-1.0.0.tgz 5501ms (cache miss)
npm http fetch GET 200 https://vlt-451504312483.d.codeartifact.us-east-1.amazonaws.com/npm/code-artifact-benchmark-test/path-root-regex/-/path-root-regex-0.1.2.tgz 5509ms (cache miss)
npm http fetch GET 200 https://vlt-451504312483.d.codeartifact.us-east-1.amazonaws.com/npm/code-artifact-benchmark-test/is-unc-path/-/is-unc-path-1.0.0.tgz 5510ms (cache miss)
npm http fetch GET 200 https://vlt-451504312483.d.codeartifact.us-east-1.amazonaws.com/npm/code-artifact-benchmark-test/colord/-/colord-2.10.0.tgz 5516ms (cache miss)
npm http fetch GET 200 https://vlt-451504312483.d.codeartifact.us-east-1.amazonaws.com/npm/code-artifact-benchmark-test/yaml/-/yaml-2.9.1.tgz 5521ms (cache miss)
npm http fetch GET 200 https://vlt-451504312483.d.codeartifact.us-east-1.amazonaws.com/npm/code-artifact-benchmark-test/is-absolute/-/is-absolute-1.0.0.tgz 5527ms (cache miss)
npm http fetch GET 200 https://vlt-451504312483.d.codeartifact.us-east-1.amazonaws.com/npm/code-artifact-benchmark-test/path-root/-/path-root-0.1.1.tgz 5527ms (cache miss)
npm http fetch GET 200 https://vlt-451504312483.d.codeartifact.us-east-1.amazonaws.com/npm/code-artifact-benchmark-test/yocto-queue/-/yocto-queue-0.1.0.tgz 5532ms (cache miss)
npm http fetch GET 200 https://vlt-451504312483.d.codeartifact.us-east-1.amazonaws.com/npm/code-artifact-benchmark-test/callsites/-/callsites-3.1.0.tgz 5533ms (cache miss)
npm http fetch GET 200 https://vlt-451504312483.d.codeartifact.us-east-1.amazonaws.com/npm/code-artifact-benchmark-test/word-wrap/-/word-wrap-1.2.5.tgz 5542ms (cache miss)
npm http fetch GET 200 https://vlt-451504312483.d.codeartifact.us-east-1.amazonaws.com/npm/code-artifact-benchmark-test/css-tree/-/css-tree-2.3.1.tgz 5570ms (cache miss)
npm http fetch GET 200 https://vlt-451504312483.d.codeartifact.us-east-1.amazonaws.com/npm/code-artifact-benchmark-test/p-limit/-/p-limit-3.1.0.tgz 5569ms (cache miss)
npm http fetch GET 200 https://vlt-451504312483.d.codeartifact.us-east-1.amazonaws.com/npm/code-artifact-benchmark-test/deep-is/-/deep-is-0.1.4.tgz 5602ms (cache miss)
npm http fetch GET 200 https://vlt-451504312483.d.codeartifact.us-east-1.amazonaws.com/npm/code-artifact-benchmark-test/wrappy/-/wrappy-1.0.2.tgz 5609ms (cache miss)
npm http fetch GET 200 https://vlt-451504312483.d.codeartifact.us-east-1.amazonaws.com/npm/code-artifact-benchmark-test/ee-first/-/ee-first-1.1.1.tgz 5610ms (cache miss)
npm http fetch GET 200 https://vlt-451504312483.d.codeartifact.us-east-1.amazonaws.com/npm/code-artifact-benchmark-test/kind-of/-/kind-of-6.0.3.tgz 5621ms (cache miss)
npm http fetch GET 200 https://vlt-451504312483.d.codeartifact.us-east-1.amazonaws.com/npm/code-artifact-benchmark-test/fast-levenshtein/-/fast-levenshtein-2.0.6.tgz 5623ms (cache miss)
npm http fetch GET 200 https://vlt-451504312483.d.codeartifact.us-east-1.amazonaws.com/npm/code-artifact-benchmark-test/make-iterator/-/make-iterator-1.0.1.tgz 5626ms (cache miss)
npm http fetch GET 200 https://vlt-451504312483.d.codeartifact.us-east-1.amazonaws.com/npm/code-artifact-benchmark-test/array-each/-/array-each-1.0.1.tgz 5645ms (cache miss)
npm http fetch GET 200 https://vlt-451504312483.d.codeartifact.us-east-1.amazonaws.com/npm/code-artifact-benchmark-test/for-own/-/for-own-1.0.0.tgz 5650ms (cache miss)
npm http fetch GET 200 https://vlt-451504312483.d.codeartifact.us-east-1.amazonaws.com/npm/code-artifact-benchmark-test/is-windows/-/is-windows-1.0.2.tgz 5651ms (cache miss)
npm http fetch GET 200 https://vlt-451504312483.d.codeartifact.us-east-1.amazonaws.com/npm/code-artifact-benchmark-test/for-in/-/for-in-1.0.2.tgz 5659ms (cache miss)
npm http fetch GET 200 https://vlt-451504312483.d.codeartifact.us-east-1.amazonaws.com/npm/code-artifact-benchmark-test/sax/-/sax-1.6.1.tgz 5660ms (cache miss)
npm http fetch GET 200 https://vlt-451504312483.d.codeartifact.us-east-1.amazonaws.com/npm/code-artifact-benchmark-test/array-slice/-/array-slice-1.1.0.tgz 5660ms (cache miss)
npm http fetch GET 200 https://vlt-451504312483.d.codeartifact.us-east-1.amazonaws.com/npm/code-artifact-benchmark-test/duplexer2/-/duplexer2-0.0.2.tgz 5666ms (cache miss)
npm http fetch GET 200 https://vlt-451504312483.d.codeartifact.us-east-1.amazonaws.com/npm/code-artifact-benchmark-test/whatwg-url/-/whatwg-url-5.0.0.tgz 5667ms (cache miss)
npm http fetch GET 200 https://vlt-451504312483.d.codeartifact.us-east-1.amazonaws.com/npm/code-artifact-benchmark-test/string_decoder/-/string_decoder-0.10.31.tgz 5688ms (cache miss)
npm http fetch GET 200 https://vlt-451504312483.d.codeartifact.us-east-1.amazonaws.com/npm/code-artifact-benchmark-test/readable-stream/-/readable-stream-1.1.14.tgz 5716ms (cache miss)
npm http fetch GET 200 https://vlt-451504312483.d.codeartifact.us-east-1.amazonaws.com/npm/code-artifact-benchmark-test/event-emitter/-/event-emitter-0.3.5.tgz 5743ms (cache miss)
npm http fetch GET 200 https://vlt-451504312483.d.codeartifact.us-east-1.amazonaws.com/npm/code-artifact-benchmark-test/isarray/-/isarray-0.0.1.tgz 5748ms (cache miss)
npm http fetch GET 200 https://vlt-451504312483.d.codeartifact.us-east-1.amazonaws.com/npm/code-artifact-benchmark-test/next-tick/-/next-tick-1.1.0.tgz 5753ms (cache miss)
npm http fetch GET 200 https://vlt-451504312483.d.codeartifact.us-east-1.amazonaws.com/npm/code-artifact-benchmark-test/es6-iterator/-/es6-iterator-2.0.3.tgz 5786ms (cache miss)
npm http fetch GET 200 https://vlt-451504312483.d.codeartifact.us-east-1.amazonaws.com/npm/code-artifact-benchmark-test/d/-/d-1.0.2.tgz 5802ms (cache miss)
npm http fetch GET 200 https://vlt-451504312483.d.codeartifact.us-east-1.amazonaws.com/npm/code-artifact-benchmark-test/concat-map/-/concat-map-0.0.1.tgz 5812ms (cache miss)
npm http fetch GET 200 https://vlt-451504312483.d.codeartifact.us-east-1.amazonaws.com/npm/code-artifact-benchmark-test/es6-symbol/-/es6-symbol-3.1.4.tgz 5814ms (cache miss)
npm http fetch GET 200 https://vlt-451504312483.d.codeartifact.us-east-1.amazonaws.com/npm/code-artifact-benchmark-test/use-sync-external-store/-/use-sync-external-store-1.7.0.tgz 5817ms (cache miss)
npm http fetch GET 200 https://vlt-451504312483.d.codeartifact.us-east-1.amazonaws.com/npm/code-artifact-benchmark-test/balanced-match/-/balanced-match-1.0.2.tgz 5817ms (cache miss)
npm http fetch GET 200 https://vlt-451504312483.d.codeartifact.us-east-1.amazonaws.com/npm/code-artifact-benchmark-test/esniff/-/esniff-2.0.1.tgz 5824ms (cache miss)
npm http fetch GET 200 https://vlt-451504312483.d.codeartifact.us-east-1.amazonaws.com/npm/code-artifact-benchmark-test/ext/-/ext-1.7.0.tgz 5834ms (cache miss)
npm http fetch GET 200 https://vlt-451504312483.d.codeartifact.us-east-1.amazonaws.com/npm/code-artifact-benchmark-test/brace-expansion/-/brace-expansion-1.1.21.tgz 5853ms (cache miss)
npm http fetch GET 200 https://vlt-451504312483.d.codeartifact.us-east-1.amazonaws.com/npm/code-artifact-benchmark-test/mime-db/-/mime-db-1.52.0.tgz 5865ms (cache miss)
npm http fetch GET 200 https://vlt-451504312483.d.codeartifact.us-east-1.amazonaws.com/npm/code-artifact-benchmark-test/is-data-descriptor/-/is-data-descriptor-1.0.1.tgz 5877ms (cache miss)
npm http fetch GET 200 https://vlt-451504312483.d.codeartifact.us-east-1.amazonaws.com/npm/code-artifact-benchmark-test/is-accessor-descriptor/-/is-accessor-descriptor-1.0.2.tgz 5879ms (cache miss)
npm http fetch GET 200 https://vlt-451504312483.d.codeartifact.us-east-1.amazonaws.com/npm/code-artifact-benchmark-test/mobx-react-lite/-/mobx-react-lite-4.1.1.tgz 5884ms (cache miss)
npm http fetch GET 200 https://vlt-451504312483.d.codeartifact.us-east-1.amazonaws.com/npm/code-artifact-benchmark-test/type/-/type-2.7.3.tgz 5885ms (cache miss)
npm http fetch GET 200 https://vlt-451504312483.d.codeartifact.us-east-1.amazonaws.com/npm/code-artifact-benchmark-test/ms/-/ms-2.0.0.tgz 5908ms (cache miss)
npm http fetch GET 200 https://vlt-451504312483.d.codeartifact.us-east-1.amazonaws.com/npm/code-artifact-benchmark-test/map-cache/-/map-cache-0.2.2.tgz 5909ms (cache miss)
npm http fetch GET 200 https://vlt-451504312483.d.codeartifact.us-east-1.amazonaws.com/npm/code-artifact-benchmark-test/posix-character-classes/-/posix-character-classes-0.1.1.tgz 5924ms (cache miss)
npm http fetch GET 200 https://vlt-451504312483.d.codeartifact.us-east-1.amazonaws.com/npm/code-artifact-benchmark-test/is-descriptor/-/is-descriptor-0.1.8.tgz 5924ms (cache miss)
npm http fetch GET 200 https://vlt-451504312483.d.codeartifact.us-east-1.amazonaws.com/npm/code-artifact-benchmark-test/define-property/-/define-property-0.2.5.tgz 5924ms (cache miss)
npm http fetch GET 200 https://vlt-451504312483.d.codeartifact.us-east-1.amazonaws.com/npm/code-artifact-benchmark-test/debug/-/debug-2.6.9.tgz 5925ms (cache miss)
npm http fetch GET 200 https://vlt-451504312483.d.codeartifact.us-east-1.amazonaws.com/npm/code-artifact-benchmark-test/is-plain-object/-/is-plain-object-2.0.4.tgz 5925ms (cache miss)
npm http fetch GET 200 https://vlt-451504312483.d.codeartifact.us-east-1.amazonaws.com/npm/code-artifact-benchmark-test/expand-brackets/-/expand-brackets-2.1.4.tgz 5929ms (cache miss)
npm http fetch GET 200 https://vlt-451504312483.d.codeartifact.us-east-1.amazonaws.com/npm/code-artifact-benchmark-test/is-descriptor/-/is-descriptor-1.0.4.tgz 5930ms (cache miss)
npm http fetch GET 200 https://vlt-451504312483.d.codeartifact.us-east-1.amazonaws.com/npm/code-artifact-benchmark-test/regex-not/-/regex-not-1.0.2.tgz 5958ms (cache miss)
npm http fetch GET 200 https://vlt-451504312483.d.codeartifact.us-east-1.amazonaws.com/npm/code-artifact-benchmark-test/is-extendable/-/is-extendable-1.0.1.tgz 5958ms (cache miss)
npm http fetch GET 200 https://vlt-451504312483.d.codeartifact.us-east-1.amazonaws.com/npm/code-artifact-benchmark-test/es5-ext/-/es5-ext-0.10.64.tgz 5969ms (cache miss)
npm http fetch GET 200 https://vlt-451504312483.d.codeartifact.us-east-1.amazonaws.com/npm/code-artifact-benchmark-test/extend-shallow/-/extend-shallow-3.0.2.tgz 5977ms (cache miss)
npm http fetch GET 200 https://vlt-451504312483.d.codeartifact.us-east-1.amazonaws.com/npm/code-artifact-benchmark-test/is-plain-object/-/is-plain-object-2.0.4.tgz 5987ms (cache miss)
npm http fetch GET 200 https://vlt-451504312483.d.codeartifact.us-east-1.amazonaws.com/npm/code-artifact-benchmark-test/is-extendable/-/is-extendable-1.0.1.tgz 5987ms (cache miss)
npm http fetch GET 200 https://vlt-451504312483.d.codeartifact.us-east-1.amazonaws.com/npm/code-artifact-benchmark-test/extend-shallow/-/extend-shallow-3.0.2.tgz 6022ms (cache miss)
npm http fetch GET 200 https://vlt-451504312483.d.codeartifact.us-east-1.amazonaws.com/npm/code-artifact-benchmark-test/nanomatch/-/nanomatch-1.2.13.tgz 6024ms (cache miss)
npm http fetch GET 200 https://vlt-451504312483.d.codeartifact.us-east-1.amazonaws.com/npm/code-artifact-benchmark-test/kind-of/-/kind-of-6.0.3.tgz 6026ms (cache miss)
npm http fetch GET 200 https://vlt-451504312483.d.codeartifact.us-east-1.amazonaws.com/npm/code-artifact-benchmark-test/define-property/-/define-property-1.0.0.tgz 6029ms (cache miss)
npm http fetch GET 200 https://vlt-451504312483.d.codeartifact.us-east-1.amazonaws.com/npm/code-artifact-benchmark-test/fragment-cache/-/fragment-cache-0.2.1.tgz 6039ms (cache miss)
npm http fetch GET 200 https://vlt-451504312483.d.codeartifact.us-east-1.amazonaws.com/npm/code-artifact-benchmark-test/define-property/-/define-property-2.0.2.tgz 6039ms (cache miss)
npm http fetch GET 200 https://vlt-451504312483.d.codeartifact.us-east-1.amazonaws.com/npm/code-artifact-benchmark-test/arr-diff/-/arr-diff-4.0.0.tgz 6049ms (cache miss)
npm http fetch GET 200 https://vlt-451504312483.d.codeartifact.us-east-1.amazonaws.com/npm/code-artifact-benchmark-test/stack-trace/-/stack-trace-0.0.10.tgz 6060ms (cache miss)
npm http fetch GET 200 https://vlt-451504312483.d.codeartifact.us-east-1.amazonaws.com/npm/code-artifact-benchmark-test/lodash.isarray/-/lodash.isarray-3.0.4.tgz 6087ms (cache miss)
npm http fetch GET 200 https://vlt-451504312483.d.codeartifact.us-east-1.amazonaws.com/npm/code-artifact-benchmark-test/yallist/-/yallist-3.1.1.tgz 6092ms (cache miss)
npm http fetch GET 200 https://vlt-451504312483.d.codeartifact.us-east-1.amazonaws.com/npm/code-artifact-benchmark-test/lodash.isarguments/-/lodash.isarguments-3.1.0.tgz 6106ms (cache miss)
npm http fetch GET 200 https://vlt-451504312483.d.codeartifact.us-east-1.amazonaws.com/npm/code-artifact-benchmark-test/lodash._getnative/-/lodash._getnative-3.9.1.tgz 6113ms (cache miss)
npm http fetch GET 200 https://vlt-451504312483.d.codeartifact.us-east-1.amazonaws.com/npm/code-artifact-benchmark-test/extglob/-/extglob-2.0.4.tgz 6141ms (cache miss)
npm http fetch GET 200 https://vlt-451504312483.d.codeartifact.us-east-1.amazonaws.com/npm/code-artifact-benchmark-test/react-transition-group/-/react-transition-group-2.9.0.tgz 6142ms (cache miss)
npm http fetch GET 200 https://vlt-451504312483.d.codeartifact.us-east-1.amazonaws.com/npm/code-artifact-benchmark-test/lodash._root/-/lodash._root-3.0.1.tgz 6142ms (cache miss)
npm http fetch GET 200 https://vlt-451504312483.d.codeartifact.us-east-1.amazonaws.com/npm/code-artifact-benchmark-test/lodash.escape/-/lodash.escape-3.2.0.tgz 6154ms (cache miss)
npm http fetch GET 200 https://vlt-451504312483.d.codeartifact.us-east-1.amazonaws.com/npm/code-artifact-benchmark-test/lodash.keys/-/lodash.keys-3.1.2.tgz 6154ms (cache miss)
npm http fetch GET 200 https://vlt-451504312483.d.codeartifact.us-east-1.amazonaws.com/npm/code-artifact-benchmark-test/lodash.restparam/-/lodash.restparam-3.6.1.tgz 6154ms (cache miss)
npm http fetch GET 200 https://vlt-451504312483.d.codeartifact.us-east-1.amazonaws.com/npm/code-artifact-benchmark-test/lodash.templatesettings/-/lodash.templatesettings-3.1.1.tgz 6157ms (cache miss)
npm http fetch GET 200 https://vlt-451504312483.d.codeartifact.us-east-1.amazonaws.com/npm/code-artifact-benchmark-test/lodash._basevalues/-/lodash._basevalues-3.0.0.tgz 6174ms (cache miss)
npm http fetch GET 200 https://vlt-451504312483.d.codeartifact.us-east-1.amazonaws.com/npm/code-artifact-benchmark-test/lodash._basecopy/-/lodash._basecopy-3.0.1.tgz 6184ms (cache miss)
npm http fetch GET 200 https://vlt-451504312483.d.codeartifact.us-east-1.amazonaws.com/npm/code-artifact-benchmark-test/p-locate/-/p-locate-5.0.0.tgz 6210ms (cache miss)
npm http fetch GET 200 https://vlt-451504312483.d.codeartifact.us-east-1.amazonaws.com/npm/code-artifact-benchmark-test/lodash._isiterateecall/-/lodash._isiterateecall-3.0.9.tgz 6211ms (cache miss)
npm http fetch GET 200 https://vlt-451504312483.d.codeartifact.us-east-1.amazonaws.com/npm/code-artifact-benchmark-test/emojis-list/-/emojis-list-2.1.0.tgz 6223ms (cache miss)
npm http fetch GET 200 https://vlt-451504312483.d.codeartifact.us-east-1.amazonaws.com/npm/code-artifact-benchmark-test/big.js/-/big.js-3.2.0.tgz 6260ms (cache miss)
npm http fetch GET 200 https://vlt-451504312483.d.codeartifact.us-east-1.amazonaws.com/npm/code-artifact-benchmark-test/parse-passwd/-/parse-passwd-1.0.0.tgz 6261ms (cache miss)
npm http fetch GET 200 https://vlt-451504312483.d.codeartifact.us-east-1.amazonaws.com/npm/code-artifact-benchmark-test/lodash._basetostring/-/lodash._basetostring-3.0.1.tgz 6264ms (cache miss)
npm http fetch GET 200 https://vlt-451504312483.d.codeartifact.us-east-1.amazonaws.com/npm/code-artifact-benchmark-test/homedir-polyfill/-/homedir-polyfill-1.0.3.tgz 6268ms (cache miss)
npm http fetch GET 200 https://vlt-451504312483.d.codeartifact.us-east-1.amazonaws.com/npm/code-artifact-benchmark-test/object.pick/-/object.pick-1.3.0.tgz 6268ms (cache miss)
npm http fetch GET 200 https://vlt-451504312483.d.codeartifact.us-east-1.amazonaws.com/npm/code-artifact-benchmark-test/parse-filepath/-/parse-filepath-1.0.2.tgz 6272ms (cache miss)
npm http fetch GET 200 https://vlt-451504312483.d.codeartifact.us-east-1.amazonaws.com/npm/code-artifact-benchmark-test/resolve-dir/-/resolve-dir-1.0.1.tgz 6282ms (cache miss)
npm http fetch GET 200 https://vlt-451504312483.d.codeartifact.us-east-1.amazonaws.com/npm/code-artifact-benchmark-test/expand-tilde/-/expand-tilde-2.0.2.tgz 6292ms (cache miss)
npm http fetch GET 200 https://vlt-451504312483.d.codeartifact.us-east-1.amazonaws.com/npm/code-artifact-benchmark-test/rechoir/-/rechoir-0.6.2.tgz 6295ms (cache miss)
npm http fetch GET 200 https://vlt-451504312483.d.codeartifact.us-east-1.amazonaws.com/npm/code-artifact-benchmark-test/detect-file/-/detect-file-1.0.0.tgz 6305ms (cache miss)
npm http fetch GET 200 https://vlt-451504312483.d.codeartifact.us-east-1.amazonaws.com/npm/code-artifact-benchmark-test/object.map/-/object.map-1.0.1.tgz 6329ms (cache miss)
npm http fetch GET 200 https://vlt-451504312483.d.codeartifact.us-east-1.amazonaws.com/npm/code-artifact-benchmark-test/flagged-respawn/-/flagged-respawn-1.0.1.tgz 6329ms (cache miss)
npm http fetch GET 200 https://vlt-451504312483.d.codeartifact.us-east-1.amazonaws.com/npm/code-artifact-benchmark-test/is-plain-object/-/is-plain-object-2.0.4.tgz 6336ms (cache miss)
npm http fetch GET 200 https://vlt-451504312483.d.codeartifact.us-east-1.amazonaws.com/npm/code-artifact-benchmark-test/fined/-/fined-1.2.0.tgz 6352ms (cache miss)
npm http fetch GET 200 https://vlt-451504312483.d.codeartifact.us-east-1.amazonaws.com/npm/code-artifact-benchmark-test/findup-sync/-/findup-sync-3.0.0.tgz 6352ms (cache miss)
npm http fetch GET 200 https://vlt-451504312483.d.codeartifact.us-east-1.amazonaws.com/npm/code-artifact-benchmark-test/type-check/-/type-check-0.4.0.tgz 6383ms (cache miss)
npm http fetch GET 200 https://vlt-451504312483.d.codeartifact.us-east-1.amazonaws.com/npm/code-artifact-benchmark-test/extend/-/extend-3.0.2.tgz 6391ms (cache miss)
npm http fetch GET 200 https://vlt-451504312483.d.codeartifact.us-east-1.amazonaws.com/npm/code-artifact-benchmark-test/is-what/-/is-what-4.1.16.tgz 6390ms (cache miss)
npm http fetch GET 200 https://vlt-451504312483.d.codeartifact.us-east-1.amazonaws.com/npm/code-artifact-benchmark-test/prr/-/prr-1.0.1.tgz 6393ms (cache miss)
npm http fetch GET 200 https://vlt-451504312483.d.codeartifact.us-east-1.amazonaws.com/npm/code-artifact-benchmark-test/prelude-ls/-/prelude-ls-1.2.1.tgz 6397ms (cache miss)
npm http fetch GET 200 https://vlt-451504312483.d.codeartifact.us-east-1.amazonaws.com/npm/code-artifact-benchmark-test/debug/-/debug-3.2.7.tgz 6418ms (cache miss)
npm http fetch GET 200 https://vlt-451504312483.d.codeartifact.us-east-1.amazonaws.com/npm/code-artifact-benchmark-test/probe-image-size/-/probe-image-size-7.4.0.tgz 6436ms (cache miss)
npm http fetch GET 200 https://vlt-451504312483.d.codeartifact.us-east-1.amazonaws.com/npm/code-artifact-benchmark-test/iconv-lite/-/iconv-lite-0.6.3.tgz 6438ms (cache miss)
npm http fetch GET 200 https://vlt-451504312483.d.codeartifact.us-east-1.amazonaws.com/npm/code-artifact-benchmark-test/needle/-/needle-3.5.0.tgz 6464ms (cache miss)
npm http fetch GET 200 https://vlt-451504312483.d.codeartifact.us-east-1.amazonaws.com/npm/code-artifact-benchmark-test/make-dir/-/make-dir-5.1.0.tgz 6467ms (cache miss)
npm http fetch GET 200 https://vlt-451504312483.d.codeartifact.us-east-1.amazonaws.com/npm/code-artifact-benchmark-test/needle/-/needle-2.9.1.tgz 6471ms (cache miss)
npm http fetch GET 200 https://vlt-451504312483.d.codeartifact.us-east-1.amazonaws.com/npm/code-artifact-benchmark-test/errno/-/errno-0.1.8.tgz 6474ms (cache miss)
npm http fetch GET 200 https://vlt-451504312483.d.codeartifact.us-east-1.amazonaws.com/npm/code-artifact-benchmark-test/mime/-/mime-1.6.0.tgz 6476ms (cache miss)
npm http fetch GET 200 https://vlt-451504312483.d.codeartifact.us-east-1.amazonaws.com/npm/code-artifact-benchmark-test/copy-anything/-/copy-anything-3.0.5.tgz 6477ms (cache miss)
npm http fetch GET 200 https://vlt-451504312483.d.codeartifact.us-east-1.amazonaws.com/npm/code-artifact-benchmark-test/json-buffer/-/json-buffer-3.0.1.tgz 6508ms (cache miss)
npm http fetch GET 200 https://vlt-451504312483.d.codeartifact.us-east-1.amazonaws.com/npm/code-artifact-benchmark-test/argparse/-/argparse-2.0.1.tgz 6514ms (cache miss)
npm http fetch GET 200 https://vlt-451504312483.d.codeartifact.us-east-1.amazonaws.com/npm/code-artifact-benchmark-test/brace-expansion/-/brace-expansion-2.1.7.tgz 6535ms (cache miss)
npm http fetch GET 200 https://vlt-451504312483.d.codeartifact.us-east-1.amazonaws.com/npm/code-artifact-benchmark-test/language-subtag-registry/-/language-subtag-registry-0.3.23.tgz 6546ms (cache miss)
npm http fetch GET 200 https://vlt-451504312483.d.codeartifact.us-east-1.amazonaws.com/npm/code-artifact-benchmark-test/filelist/-/filelist-1.0.6.tgz 6546ms (cache miss)
npm http fetch GET 200 https://vlt-451504312483.d.codeartifact.us-east-1.amazonaws.com/npm/code-artifact-benchmark-test/emoji-regex/-/emoji-regex-8.0.0.tgz 6546ms (cache miss)
npm http fetch GET 200 https://vlt-451504312483.d.codeartifact.us-east-1.amazonaws.com/npm/code-artifact-benchmark-test/wrap-ansi/-/wrap-ansi-7.0.0.tgz 6550ms (cache miss)
npm http fetch GET 200 https://vlt-451504312483.d.codeartifact.us-east-1.amazonaws.com/npm/code-artifact-benchmark-test/minimatch/-/minimatch-5.1.9.tgz 6558ms (cache miss)
npm http fetch GET 200 https://vlt-451504312483.d.codeartifact.us-east-1.amazonaws.com/npm/code-artifact-benchmark-test/ansi-regex/-/ansi-regex-5.0.1.tgz 6558ms (cache miss)
npm http fetch GET 200 https://vlt-451504312483.d.codeartifact.us-east-1.amazonaws.com/npm/code-artifact-benchmark-test/strip-ansi/-/strip-ansi-6.0.1.tgz 6568ms (cache miss)
npm http fetch GET 200 https://vlt-451504312483.d.codeartifact.us-east-1.amazonaws.com/npm/code-artifact-benchmark-test/wrap-ansi/-/wrap-ansi-8.1.0.tgz 6581ms (cache miss)
npm http fetch GET 200 https://vlt-451504312483.d.codeartifact.us-east-1.amazonaws.com/npm/code-artifact-benchmark-test/ansi-styles/-/ansi-styles-4.3.0.tgz 6586ms (cache miss)
npm http fetch GET 200 https://vlt-451504312483.d.codeartifact.us-east-1.amazonaws.com/npm/code-artifact-benchmark-test/strip-ansi/-/strip-ansi-7.2.0.tgz 6593ms (cache miss)
npm http fetch GET 200 https://vlt-451504312483.d.codeartifact.us-east-1.amazonaws.com/npm/code-artifact-benchmark-test/ansi-regex/-/ansi-regex-6.4.0.tgz 6599ms (cache miss)
npm http fetch GET 200 https://vlt-451504312483.d.codeartifact.us-east-1.amazonaws.com/npm/code-artifact-benchmark-test/string-width/-/string-width-4.2.3.tgz 6607ms (cache miss)
npm http fetch GET 200 https://vlt-451504312483.d.codeartifact.us-east-1.amazonaws.com/npm/code-artifact-benchmark-test/ansi-styles/-/ansi-styles-6.2.3.tgz 6627ms (cache miss)
npm http fetch GET 200 https://vlt-451504312483.d.codeartifact.us-east-1.amazonaws.com/npm/code-artifact-benchmark-test/strip-ansi/-/strip-ansi-6.0.1.tgz 6630ms (cache miss)
npm http fetch GET 200 https://vlt-451504312483.d.codeartifact.us-east-1.amazonaws.com/npm/code-artifact-benchmark-test/string-width/-/string-width-4.2.3.tgz 6655ms (cache miss)
npm http fetch GET 200 https://vlt-451504312483.d.codeartifact.us-east-1.amazonaws.com/npm/code-artifact-benchmark-test/strip-ansi/-/strip-ansi-6.0.1.tgz 6663ms (cache miss)
npm http fetch GET 200 https://vlt-451504312483.d.codeartifact.us-east-1.amazonaws.com/npm/code-artifact-benchmark-test/ansi-regex/-/ansi-regex-5.0.1.tgz 6665ms (cache miss)
npm http fetch GET 200 https://vlt-451504312483.d.codeartifact.us-east-1.amazonaws.com/npm/code-artifact-benchmark-test/ansi-regex/-/ansi-regex-5.0.1.tgz 6666ms (cache miss)
npm http fetch GET 200 https://vlt-451504312483.d.codeartifact.us-east-1.amazonaws.com/npm/code-artifact-benchmark-test/string-width/-/string-width-5.1.2.tgz 6667ms (cache miss)
npm http fetch GET 200 https://vlt-451504312483.d.codeartifact.us-east-1.amazonaws.com/npm/code-artifact-benchmark-test/strip-ansi/-/strip-ansi-7.2.0.tgz 6688ms (cache miss)
npm http fetch GET 200 https://vlt-451504312483.d.codeartifact.us-east-1.amazonaws.com/npm/code-artifact-benchmark-test/emoji-regex/-/emoji-regex-8.0.0.tgz 6692ms (cache miss)
npm http fetch GET 200 https://vlt-451504312483.d.codeartifact.us-east-1.amazonaws.com/npm/code-artifact-benchmark-test/ansi-regex/-/ansi-regex-6.4.0.tgz 6696ms (cache miss)
npm http fetch GET 200 https://vlt-451504312483.d.codeartifact.us-east-1.amazonaws.com/npm/code-artifact-benchmark-test/ansi-regex/-/ansi-regex-6.4.0.tgz 6699ms (cache miss)
npm http fetch GET 200 https://vlt-451504312483.d.codeartifact.us-east-1.amazonaws.com/npm/code-artifact-benchmark-test/@isaacs/cliui/-/cliui-8.0.2.tgz 6713ms (cache miss)
npm http fetch GET 200 https://vlt-451504312483.d.codeartifact.us-east-1.amazonaws.com/npm/code-artifact-benchmark-test/strip-ansi/-/strip-ansi-7.2.0.tgz 6715ms (cache miss)
npm http fetch GET 200 https://vlt-451504312483.d.codeartifact.us-east-1.amazonaws.com/npm/code-artifact-benchmark-test/@pkgjs/parseargs/-/parseargs-0.11.0.tgz 6725ms (cache miss)
npm http fetch GET 200 https://vlt-451504312483.d.codeartifact.us-east-1.amazonaws.com/npm/code-artifact-benchmark-test/set-function-name/-/set-function-name-2.0.2.tgz 6742ms (cache miss)
npm http fetch GET 200 https://vlt-451504312483.d.codeartifact.us-east-1.amazonaws.com/npm/code-artifact-benchmark-test/binary-extensions/-/binary-extensions-1.13.1.tgz 6756ms (cache miss)
npm http fetch GET 200 https://vlt-451504312483.d.codeartifact.us-east-1.amazonaws.com/npm/code-artifact-benchmark-test/is-extglob/-/is-extglob-2.1.1.tgz 6758ms (cache miss)
npm http fetch GET 200 https://vlt-451504312483.d.codeartifact.us-east-1.amazonaws.com/npm/code-artifact-benchmark-test/resolve-from/-/resolve-from-4.0.0.tgz 6789ms (cache miss)
npm http fetch GET 200 https://vlt-451504312483.d.codeartifact.us-east-1.amazonaws.com/npm/code-artifact-benchmark-test/strip-comments/-/strip-comments-2.0.1.tgz 6799ms (cache miss)
npm http fetch GET 200 https://vlt-451504312483.d.codeartifact.us-east-1.amazonaws.com/npm/code-artifact-benchmark-test/parent-module/-/parent-module-1.0.1.tgz 6800ms (cache miss)
npm http fetch GET 200 https://vlt-451504312483.d.codeartifact.us-east-1.amazonaws.com/npm/code-artifact-benchmark-test/source-map-js/-/source-map-js-1.2.2.tgz 6801ms (cache miss)
npm http fetch GET 200 https://vlt-451504312483.d.codeartifact.us-east-1.amazonaws.com/npm/code-artifact-benchmark-test/side-channel/-/side-channel-1.1.1.tgz 6807ms (cache miss)
npm http fetch GET 200 https://vlt-451504312483.d.codeartifact.us-east-1.amazonaws.com/npm/code-artifact-benchmark-test/safer-buffer/-/safer-buffer-2.1.2.tgz 6820ms (cache miss)
npm http fetch GET 200 https://vlt-451504312483.d.codeartifact.us-east-1.amazonaws.com/npm/code-artifact-benchmark-test/toidentifier/-/toidentifier-1.0.1.tgz 6825ms (cache miss)
npm http fetch GET 200 https://vlt-451504312483.d.codeartifact.us-east-1.amazonaws.com/npm/code-artifact-benchmark-test/os-tmpdir/-/os-tmpdir-1.0.2.tgz 6826ms (cache miss)
npm http fetch GET 200 https://vlt-451504312483.d.codeartifact.us-east-1.amazonaws.com/npm/code-artifact-benchmark-test/os-homedir/-/os-homedir-1.0.2.tgz 6826ms (cache miss)
npm http fetch GET 200 https://vlt-451504312483.d.codeartifact.us-east-1.amazonaws.com/npm/code-artifact-benchmark-test/ansi-regex/-/ansi-regex-2.1.1.tgz 6841ms (cache miss)
npm http fetch GET 200 https://vlt-451504312483.d.codeartifact.us-east-1.amazonaws.com/npm/code-artifact-benchmark-test/loader-utils/-/loader-utils-1.1.0.tgz 6847ms (cache miss)
npm http fetch GET 200 https://vlt-451504312483.d.codeartifact.us-east-1.amazonaws.com/npm/code-artifact-benchmark-test/serialize-error/-/serialize-error-2.1.0.tgz 6861ms (cache miss)
npm http fetch GET 200 https://vlt-451504312483.d.codeartifact.us-east-1.amazonaws.com/npm/code-artifact-benchmark-test/json-stringify-safe/-/json-stringify-safe-5.0.1.tgz 6863ms (cache miss)
npm http fetch GET 200 https://vlt-451504312483.d.codeartifact.us-east-1.amazonaws.com/npm/code-artifact-benchmark-test/json5/-/json5-0.5.1.tgz 6880ms (cache miss)
npm http fetch GET 200 https://vlt-451504312483.d.codeartifact.us-east-1.amazonaws.com/npm/code-artifact-benchmark-test/multipipe/-/multipipe-0.1.2.tgz 6921ms (cache miss)
npm http fetch GET 200 https://vlt-451504312483.d.codeartifact.us-east-1.amazonaws.com/npm/code-artifact-benchmark-test/lodash.template/-/lodash.template-3.6.2.tgz 6925ms (cache miss)
npm warn deprecated lodash.template@3.6.2: This package is deprecated. Use https://socket.dev/npm/package/eta instead.
npm http fetch GET 200 https://vlt-451504312483.d.codeartifact.us-east-1.amazonaws.com/npm/code-artifact-benchmark-test/sparkles/-/sparkles-1.0.1.tgz 6928ms (cache miss)
npm http fetch GET 200 https://vlt-451504312483.d.codeartifact.us-east-1.amazonaws.com/npm/code-artifact-benchmark-test/async/-/async-1.5.0.tgz 6931ms (cache miss)
npm http fetch GET 200 https://vlt-451504312483.d.codeartifact.us-east-1.amazonaws.com/npm/code-artifact-benchmark-test/lodash._reinterpolate/-/lodash._reinterpolate-3.0.0.tgz 6931ms (cache miss)
npm http fetch GET 200 https://vlt-451504312483.d.codeartifact.us-east-1.amazonaws.com/npm/code-artifact-benchmark-test/glogg/-/glogg-1.0.2.tgz 6933ms (cache miss)
npm http fetch GET 200 https://vlt-451504312483.d.codeartifact.us-east-1.amazonaws.com/npm/code-artifact-benchmark-test/lodash._reevaluate/-/lodash._reevaluate-3.0.0.tgz 6956ms (cache miss)
npm http fetch GET 200 https://vlt-451504312483.d.codeartifact.us-east-1.amazonaws.com/npm/code-artifact-benchmark-test/has-gulplog/-/has-gulplog-0.1.0.tgz 6967ms (cache miss)
npm http fetch GET 200 https://vlt-451504312483.d.codeartifact.us-east-1.amazonaws.com/npm/code-artifact-benchmark-test/lodash._reescape/-/lodash._reescape-3.0.0.tgz 6969ms (cache miss)
npm http fetch GET 200 https://vlt-451504312483.d.codeartifact.us-east-1.amazonaws.com/npm/code-artifact-benchmark-test/array-differ/-/array-differ-1.0.0.tgz 6974ms (cache miss)
npm http fetch GET 200 https://vlt-451504312483.d.codeartifact.us-east-1.amazonaws.com/npm/code-artifact-benchmark-test/dateformat/-/dateformat-2.2.0.tgz 6978ms (cache miss)
npm http fetch GET 200 https://vlt-451504312483.d.codeartifact.us-east-1.amazonaws.com/npm/code-artifact-benchmark-test/beeper/-/beeper-1.1.1.tgz 6982ms (cache miss)
npm http fetch GET 200 https://vlt-451504312483.d.codeartifact.us-east-1.amazonaws.com/npm/code-artifact-benchmark-test/graceful-readlink/-/graceful-readlink-1.0.1.tgz 6997ms (cache miss)
npm http fetch GET 200 https://vlt-451504312483.d.codeartifact.us-east-1.amazonaws.com/npm/code-artifact-benchmark-test/postcss-load-config/-/postcss-load-config-5.1.0.tgz 7003ms (cache miss)
npm http fetch GET 200 https://vlt-451504312483.d.codeartifact.us-east-1.amazonaws.com/npm/code-artifact-benchmark-test/commander/-/commander-2.8.1.tgz 7019ms (cache miss)
npm http fetch GET 200 https://vlt-451504312483.d.codeartifact.us-east-1.amazonaws.com/npm/code-artifact-benchmark-test/debug/-/debug-3.2.7.tgz 7050ms (cache miss)
npm http fetch GET 200 https://vlt-451504312483.d.codeartifact.us-east-1.amazonaws.com/npm/code-artifact-benchmark-test/vinyl-bufferstream/-/vinyl-bufferstream-1.0.1.tgz 7052ms (cache miss)
npm http fetch GET 200 https://vlt-451504312483.d.codeartifact.us-east-1.amazonaws.com/npm/code-artifact-benchmark-test/source-map/-/source-map-0.4.4.tgz 7055ms (cache miss)
npm http fetch GET 200 https://vlt-451504312483.d.codeartifact.us-east-1.amazonaws.com/npm/code-artifact-benchmark-test/lodash.assign/-/lodash.assign-4.2.0.tgz 7064ms (cache miss)
npm http fetch GET 200 https://vlt-451504312483.d.codeartifact.us-east-1.amazonaws.com/npm/code-artifact-benchmark-test/tiny-lr/-/tiny-lr-1.1.1.tgz 7075ms (cache miss)
npm http fetch GET 200 https://vlt-451504312483.d.codeartifact.us-east-1.amazonaws.com/npm/code-artifact-benchmark-test/clean-css/-/clean-css-3.4.28.tgz 7085ms (cache miss)
npm http fetch GET 200 https://vlt-451504312483.d.codeartifact.us-east-1.amazonaws.com/npm/code-artifact-benchmark-test/vinyl-sourcemaps-apply/-/vinyl-sourcemaps-apply-0.2.1.tgz 7088ms (cache miss)
npm http fetch GET 200 https://vlt-451504312483.d.codeartifact.us-east-1.amazonaws.com/npm/code-artifact-benchmark-test/replace-ext/-/replace-ext-2.0.0.tgz 7089ms (cache miss)
npm http fetch GET 200 https://vlt-451504312483.d.codeartifact.us-east-1.amazonaws.com/npm/code-artifact-benchmark-test/rcloader/-/rcloader-0.2.2.tgz 7094ms (cache miss)
npm warn deprecated rcloader@0.2.2: Package no longer supported. Contact Support at https://www.npmjs.com/support for more info.
npm http fetch GET 200 https://vlt-451504312483.d.codeartifact.us-east-1.amazonaws.com/npm/code-artifact-benchmark-test/clone/-/clone-2.1.2.tgz 7103ms (cache miss)
npm http fetch GET 200 https://vlt-451504312483.d.codeartifact.us-east-1.amazonaws.com/npm/code-artifact-benchmark-test/parserlib/-/parserlib-1.1.1.tgz 7113ms (cache miss)
npm http fetch GET 200 https://vlt-451504312483.d.codeartifact.us-east-1.amazonaws.com/npm/code-artifact-benchmark-test/is-plain-object/-/is-plain-object-2.0.4.tgz 7120ms (cache miss)
npm http fetch GET 200 https://vlt-451504312483.d.codeartifact.us-east-1.amazonaws.com/npm/code-artifact-benchmark-test/plugin-error/-/plugin-error-1.0.1.tgz 7121ms (cache miss)
npm http fetch GET 200 https://vlt-451504312483.d.codeartifact.us-east-1.amazonaws.com/npm/code-artifact-benchmark-test/extend-shallow/-/extend-shallow-3.0.2.tgz 7121ms (cache miss)
npm http fetch GET 200 https://vlt-451504312483.d.codeartifact.us-east-1.amazonaws.com/npm/code-artifact-benchmark-test/is-extendable/-/is-extendable-1.0.1.tgz 7138ms (cache miss)
npm http fetch GET 200 https://vlt-451504312483.d.codeartifact.us-east-1.amazonaws.com/npm/code-artifact-benchmark-test/which/-/which-1.3.1.tgz 7170ms (cache miss)
npm http fetch GET 200 https://vlt-451504312483.d.codeartifact.us-east-1.amazonaws.com/npm/code-artifact-benchmark-test/csslint/-/csslint-1.0.5.tgz 7173ms (cache miss)
npm http fetch GET 200 https://vlt-451504312483.d.codeartifact.us-east-1.amazonaws.com/npm/code-artifact-benchmark-test/vinyl/-/vinyl-2.2.1.tgz 7182ms (cache miss)
npm http fetch GET 200 https://vlt-451504312483.d.codeartifact.us-east-1.amazonaws.com/npm/code-artifact-benchmark-test/through2/-/through2-2.0.5.tgz 7185ms (cache miss)
npm http fetch GET 200 https://vlt-451504312483.d.codeartifact.us-east-1.amazonaws.com/npm/code-artifact-benchmark-test/replace-ext/-/replace-ext-1.0.1.tgz 7196ms (cache miss)
npm http fetch GET 200 https://vlt-451504312483.d.codeartifact.us-east-1.amazonaws.com/npm/code-artifact-benchmark-test/concat-with-sourcemaps/-/concat-with-sourcemaps-1.1.0.tgz 7204ms (cache miss)
npm http fetch GET 200 https://vlt-451504312483.d.codeartifact.us-east-1.amazonaws.com/npm/code-artifact-benchmark-test/time-stamp/-/time-stamp-1.1.0.tgz 7210ms (cache miss)
npm http fetch GET 200 https://vlt-451504312483.d.codeartifact.us-east-1.amazonaws.com/npm/code-artifact-benchmark-test/parse-node-version/-/parse-node-version-1.0.1.tgz 7220ms (cache miss)
npm http fetch GET 200 https://vlt-451504312483.d.codeartifact.us-east-1.amazonaws.com/npm/code-artifact-benchmark-test/source-map/-/source-map-0.6.1.tgz 7224ms (cache miss)
npm http fetch GET 200 https://vlt-451504312483.d.codeartifact.us-east-1.amazonaws.com/npm/code-artifact-benchmark-test/ansi-gray/-/ansi-gray-0.1.1.tgz 7232ms (cache miss)
npm http fetch GET 200 https://vlt-451504312483.d.codeartifact.us-east-1.amazonaws.com/npm/code-artifact-benchmark-test/is-plain-object/-/is-plain-object-2.0.4.tgz 7240ms (cache miss)
npm http fetch GET 200 https://vlt-451504312483.d.codeartifact.us-east-1.amazonaws.com/npm/code-artifact-benchmark-test/is-plain-object/-/is-plain-object-5.1.0.tgz 7241ms (cache miss)
npm http fetch GET 200 https://vlt-451504312483.d.codeartifact.us-east-1.amazonaws.com/npm/code-artifact-benchmark-test/each-props/-/each-props-1.3.2.tgz 7243ms (cache miss)
npm http fetch GET 200 https://vlt-451504312483.d.codeartifact.us-east-1.amazonaws.com/npm/code-artifact-benchmark-test/readable-stream/-/readable-stream-2.3.8.tgz 7261ms (cache miss)
npm http fetch GET 200 https://vlt-451504312483.d.codeartifact.us-east-1.amazonaws.com/npm/code-artifact-benchmark-test/typedarray/-/typedarray-0.0.6.tgz 7264ms (cache miss)
npm http fetch GET 200 https://vlt-451504312483.d.codeartifact.us-east-1.amazonaws.com/npm/code-artifact-benchmark-test/kind-of/-/kind-of-5.1.0.tgz 7293ms (cache miss)
npm http fetch GET 200 https://vlt-451504312483.d.codeartifact.us-east-1.amazonaws.com/npm/code-artifact-benchmark-test/buffer-from/-/buffer-from-1.1.2.tgz 7298ms (cache miss)
npm http fetch GET 200 https://vlt-451504312483.d.codeartifact.us-east-1.amazonaws.com/npm/code-artifact-benchmark-test/default-compare/-/default-compare-1.0.0.tgz 7304ms (cache miss)
npm http fetch GET 200 https://vlt-451504312483.d.codeartifact.us-east-1.amazonaws.com/npm/code-artifact-benchmark-test/get-value/-/get-value-2.0.6.tgz 7313ms (cache miss)
npm http fetch GET 200 https://vlt-451504312483.d.codeartifact.us-east-1.amazonaws.com/npm/code-artifact-benchmark-test/is-fullwidth-code-point/-/is-fullwidth-code-point-1.0.0.tgz 7320ms (cache miss)
npm http fetch GET 200 https://vlt-451504312483.d.codeartifact.us-east-1.amazonaws.com/npm/code-artifact-benchmark-test/safe-buffer/-/safe-buffer-5.1.2.tgz 7326ms (cache miss)
npm http fetch GET 200 https://vlt-451504312483.d.codeartifact.us-east-1.amazonaws.com/npm/code-artifact-benchmark-test/ansi-wrap/-/ansi-wrap-0.1.0.tgz 7327ms (cache miss)
npm http fetch GET 200 https://vlt-451504312483.d.codeartifact.us-east-1.amazonaws.com/npm/code-artifact-benchmark-test/yargs/-/yargs-7.1.2.tgz 7340ms (cache miss)
npm http fetch GET 200 https://vlt-451504312483.d.codeartifact.us-east-1.amazonaws.com/npm/code-artifact-benchmark-test/string-width/-/string-width-1.0.2.tgz 7341ms (cache miss)
npm http fetch GET 200 https://vlt-451504312483.d.codeartifact.us-east-1.amazonaws.com/npm/code-artifact-benchmark-test/pretty-hrtime/-/pretty-hrtime-1.0.3.tgz 7370ms (cache miss)
npm http fetch GET 200 https://vlt-451504312483.d.codeartifact.us-east-1.amazonaws.com/npm/code-artifact-benchmark-test/replace-homedir/-/replace-homedir-1.0.0.tgz 7372ms (cache miss)
npm http fetch GET 200 https://vlt-451504312483.d.codeartifact.us-east-1.amazonaws.com/npm/code-artifact-benchmark-test/semver-greatest-satisfied-range/-/semver-greatest-satisfied-range-1.1.0.tgz 7375ms (cache miss)
npm http fetch GET 200 https://vlt-451504312483.d.codeartifact.us-east-1.amazonaws.com/npm/code-artifact-benchmark-test/v8flags/-/v8flags-3.2.0.tgz 7375ms (cache miss)
npm http fetch GET 200 https://vlt-451504312483.d.codeartifact.us-east-1.amazonaws.com/npm/code-artifact-benchmark-test/mute-stdout/-/mute-stdout-1.0.1.tgz 7379ms (cache miss)
npm http fetch GET 200 https://vlt-451504312483.d.codeartifact.us-east-1.amazonaws.com/npm/code-artifact-benchmark-test/matchdep/-/matchdep-2.0.0.tgz 7396ms (cache miss)
npm http fetch GET 200 https://vlt-451504312483.d.codeartifact.us-east-1.amazonaws.com/npm/code-artifact-benchmark-test/is-glob/-/is-glob-3.1.0.tgz 7408ms (cache miss)
npm http fetch GET 200 https://vlt-451504312483.d.codeartifact.us-east-1.amazonaws.com/npm/code-artifact-benchmark-test/liftoff/-/liftoff-3.1.0.tgz 7420ms (cache miss)
npm http fetch GET 200 https://vlt-451504312483.d.codeartifact.us-east-1.amazonaws.com/npm/code-artifact-benchmark-test/findup-sync/-/findup-sync-2.0.0.tgz 7422ms (cache miss)
npm http fetch GET 200 https://vlt-451504312483.d.codeartifact.us-east-1.amazonaws.com/npm/code-artifact-benchmark-test/is-plain-object/-/is-plain-object-2.0.4.tgz 7440ms (cache miss)
npm http fetch GET 200 https://vlt-451504312483.d.codeartifact.us-east-1.amazonaws.com/npm/code-artifact-benchmark-test/gulplog/-/gulplog-1.0.0.tgz 7448ms (cache miss)
npm http fetch GET 200 https://vlt-451504312483.d.codeartifact.us-east-1.amazonaws.com/npm/code-artifact-benchmark-test/copy-props/-/copy-props-2.0.5.tgz 7459ms (cache miss)
npm http fetch GET 200 https://vlt-451504312483.d.codeartifact.us-east-1.amazonaws.com/npm/code-artifact-benchmark-test/concat-stream/-/concat-stream-1.6.2.tgz 7460ms (cache miss)
npm http fetch GET 200 https://vlt-451504312483.d.codeartifact.us-east-1.amazonaws.com/npm/code-artifact-benchmark-test/fancy-log/-/fancy-log-1.3.3.tgz 7461ms (cache miss)
npm http fetch GET 200 https://vlt-451504312483.d.codeartifact.us-east-1.amazonaws.com/npm/code-artifact-benchmark-test/to-regex-range/-/to-regex-range-2.1.1.tgz 7496ms (cache miss)
npm http fetch GET 200 https://vlt-451504312483.d.codeartifact.us-east-1.amazonaws.com/npm/code-artifact-benchmark-test/archy/-/archy-1.0.0.tgz 7510ms (cache miss)
npm http fetch GET 200 https://vlt-451504312483.d.codeartifact.us-east-1.amazonaws.com/npm/code-artifact-benchmark-test/array-sort/-/array-sort-1.0.0.tgz 7510ms (cache miss)
npm http fetch GET 200 https://vlt-451504312483.d.codeartifact.us-east-1.amazonaws.com/npm/code-artifact-benchmark-test/ansi-colors/-/ansi-colors-1.1.0.tgz 7511ms (cache miss)
npm http fetch GET 200 https://vlt-451504312483.d.codeartifact.us-east-1.amazonaws.com/npm/code-artifact-benchmark-test/repeat-string/-/repeat-string-1.6.1.tgz 7514ms (cache miss)
npm http fetch GET 200 https://vlt-451504312483.d.codeartifact.us-east-1.amazonaws.com/npm/code-artifact-benchmark-test/is-number/-/is-number-3.0.0.tgz 7516ms (cache miss)
npm http fetch GET 200 https://vlt-451504312483.d.codeartifact.us-east-1.amazonaws.com/npm/code-artifact-benchmark-test/kind-of/-/kind-of-3.2.2.tgz 7530ms (cache miss)
npm http fetch GET 200 https://vlt-451504312483.d.codeartifact.us-east-1.amazonaws.com/npm/code-artifact-benchmark-test/is-extendable/-/is-extendable-0.1.1.tgz 7543ms (cache miss)
npm http fetch GET 200 https://vlt-451504312483.d.codeartifact.us-east-1.amazonaws.com/npm/code-artifact-benchmark-test/is-plain-object/-/is-plain-object-2.0.4.tgz 7552ms (cache miss)
npm http fetch GET 200 https://vlt-451504312483.d.codeartifact.us-east-1.amazonaws.com/npm/code-artifact-benchmark-test/to-regex/-/to-regex-3.0.2.tgz 7562ms (cache miss)
npm http fetch GET 200 https://vlt-451504312483.d.codeartifact.us-east-1.amazonaws.com/npm/code-artifact-benchmark-test/extend-shallow/-/extend-shallow-3.0.2.tgz 7564ms (cache miss)
npm http fetch GET 200 https://vlt-451504312483.d.codeartifact.us-east-1.amazonaws.com/npm/code-artifact-benchmark-test/is-extendable/-/is-extendable-1.0.1.tgz 7568ms (cache miss)
npm http fetch GET 200 https://vlt-451504312483.d.codeartifact.us-east-1.amazonaws.com/npm/code-artifact-benchmark-test/color-support/-/color-support-1.1.3.tgz 7580ms (cache miss)
npm http fetch GET 200 https://vlt-451504312483.d.codeartifact.us-east-1.amazonaws.com/npm/code-artifact-benchmark-test/is-extendable/-/is-extendable-1.0.1.tgz 7578ms (cache miss)
npm http fetch GET 200 https://vlt-451504312483.d.codeartifact.us-east-1.amazonaws.com/npm/code-artifact-benchmark-test/split-string/-/split-string-3.1.0.tgz 7588ms (cache miss)
npm http fetch GET 200 https://vlt-451504312483.d.codeartifact.us-east-1.amazonaws.com/npm/code-artifact-benchmark-test/extend-shallow/-/extend-shallow-3.0.2.tgz 7616ms (cache miss)
npm http fetch GET 200 https://vlt-451504312483.d.codeartifact.us-east-1.amazonaws.com/npm/code-artifact-benchmark-test/is-plain-object/-/is-plain-object-2.0.4.tgz 7617ms (cache miss)
npm http fetch GET 200 https://vlt-451504312483.d.codeartifact.us-east-1.amazonaws.com/npm/code-artifact-benchmark-test/define-property/-/define-property-1.0.0.tgz 7636ms (cache miss)
npm http fetch GET 200 https://vlt-451504312483.d.codeartifact.us-east-1.amazonaws.com/npm/code-artifact-benchmark-test/is-descriptor/-/is-descriptor-0.1.8.tgz 7636ms (cache miss)
npm http fetch GET 200 https://vlt-451504312483.d.codeartifact.us-east-1.amazonaws.com/npm/code-artifact-benchmark-test/ms/-/ms-2.0.0.tgz 7649ms (cache miss)
npm http fetch GET 200 https://vlt-451504312483.d.codeartifact.us-east-1.amazonaws.com/npm/code-artifact-benchmark-test/snapdragon-node/-/snapdragon-node-2.1.1.tgz 7650ms (cache miss)
npm http fetch GET 200 https://vlt-451504312483.d.codeartifact.us-east-1.amazonaws.com/npm/code-artifact-benchmark-test/snapdragon/-/snapdragon-0.8.2.tgz 7650ms (cache miss)
npm http fetch GET 200 https://vlt-451504312483.d.codeartifact.us-east-1.amazonaws.com/npm/code-artifact-benchmark-test/define-property/-/define-property-0.2.5.tgz 7665ms (cache miss)
npm http fetch GET 200 https://vlt-451504312483.d.codeartifact.us-east-1.amazonaws.com/npm/code-artifact-benchmark-test/debug/-/debug-2.6.9.tgz 7669ms (cache miss)
npm http fetch GET 200 https://vlt-451504312483.d.codeartifact.us-east-1.amazonaws.com/npm/code-artifact-benchmark-test/fill-range/-/fill-range-4.0.0.tgz 7689ms (cache miss)
npm http fetch GET 200 https://vlt-451504312483.d.codeartifact.us-east-1.amazonaws.com/npm/code-artifact-benchmark-test/repeat-element/-/repeat-element-1.1.4.tgz 7689ms (cache miss)
npm http fetch GET 200 https://vlt-451504312483.d.codeartifact.us-east-1.amazonaws.com/npm/code-artifact-benchmark-test/isobject/-/isobject-3.0.1.tgz 7695ms (cache miss)
npm http fetch GET 200 https://vlt-451504312483.d.codeartifact.us-east-1.amazonaws.com/npm/code-artifact-benchmark-test/extend-shallow/-/extend-shallow-2.0.1.tgz 7704ms (cache miss)
npm http fetch GET 200 https://vlt-451504312483.d.codeartifact.us-east-1.amazonaws.com/npm/code-artifact-benchmark-test/array-unique/-/array-unique-0.3.2.tgz 7705ms (cache miss)
npm http fetch GET 200 https://vlt-451504312483.d.codeartifact.us-east-1.amazonaws.com/npm/code-artifact-benchmark-test/arr-flatten/-/arr-flatten-1.1.0.tgz 7739ms (cache miss)
npm http fetch GET 200 https://vlt-451504312483.d.codeartifact.us-east-1.amazonaws.com/npm/code-artifact-benchmark-test/is-binary-path/-/is-binary-path-1.0.1.tgz 7758ms (cache miss)
npm http fetch GET 200 https://vlt-451504312483.d.codeartifact.us-east-1.amazonaws.com/npm/code-artifact-benchmark-test/inherits/-/inherits-2.0.4.tgz 7770ms (cache miss)
npm http fetch GET 200 https://vlt-451504312483.d.codeartifact.us-east-1.amazonaws.com/npm/code-artifact-benchmark-test/braces/-/braces-2.3.2.tgz 7770ms (cache miss)
npm http fetch GET 200 https://vlt-451504312483.d.codeartifact.us-east-1.amazonaws.com/npm/code-artifact-benchmark-test/upath/-/upath-1.2.0.tgz 7771ms (cache miss)
npm http fetch GET 200 https://vlt-451504312483.d.codeartifact.us-east-1.amazonaws.com/npm/code-artifact-benchmark-test/async-each/-/async-each-1.0.6.tgz 7773ms (cache miss)
npm http fetch GET 200 https://vlt-451504312483.d.codeartifact.us-east-1.amazonaws.com/npm/code-artifact-benchmark-test/stream-exhaust/-/stream-exhaust-1.0.2.tgz 7775ms (cache miss)
npm http fetch GET 200 https://vlt-451504312483.d.codeartifact.us-east-1.amazonaws.com/npm/code-artifact-benchmark-test/once/-/once-1.4.0.tgz 7790ms (cache miss)
npm http fetch GET 200 https://vlt-451504312483.d.codeartifact.us-east-1.amazonaws.com/npm/code-artifact-benchmark-test/readdirp/-/readdirp-2.2.1.tgz 7801ms (cache miss)
npm http fetch GET 200 https://vlt-451504312483.d.codeartifact.us-east-1.amazonaws.com/npm/code-artifact-benchmark-test/is-plain-object/-/is-plain-object-2.0.4.tgz 7819ms (cache miss)
npm http fetch GET 200 https://vlt-451504312483.d.codeartifact.us-east-1.amazonaws.com/npm/code-artifact-benchmark-test/micromatch/-/micromatch-3.1.10.tgz 7822ms (cache miss)
npm http fetch GET 200 https://vlt-451504312483.d.codeartifact.us-east-1.amazonaws.com/npm/code-artifact-benchmark-test/kind-of/-/kind-of-6.0.3.tgz 7822ms (cache miss)
npm http fetch GET 200 https://vlt-451504312483.d.codeartifact.us-east-1.amazonaws.com/npm/code-artifact-benchmark-test/end-of-stream/-/end-of-stream-1.4.5.tgz 7823ms (cache miss)
npm http fetch GET 200 https://vlt-451504312483.d.codeartifact.us-east-1.amazonaws.com/npm/code-artifact-benchmark-test/is-extendable/-/is-extendable-1.0.1.tgz 7823ms (cache miss)
npm http fetch GET 200 https://vlt-451504312483.d.codeartifact.us-east-1.amazonaws.com/npm/code-artifact-benchmark-test/process-nextick-args/-/process-nextick-args-2.0.1.tgz 7824ms (cache miss)
npm http fetch GET 200 https://vlt-451504312483.d.codeartifact.us-east-1.amazonaws.com/npm/code-artifact-benchmark-test/extend-shallow/-/extend-shallow-3.0.2.tgz 7867ms (cache miss)
npm http fetch GET 200 https://vlt-451504312483.d.codeartifact.us-east-1.amazonaws.com/npm/code-artifact-benchmark-test/object.defaults/-/object.defaults-1.1.0.tgz 7880ms (cache miss)
npm http fetch GET 200 https://vlt-451504312483.d.codeartifact.us-east-1.amazonaws.com/npm/code-artifact-benchmark-test/normalize-path/-/normalize-path-3.0.0.tgz 7888ms (cache miss)
npm http fetch GET 200 https://vlt-451504312483.d.codeartifact.us-east-1.amazonaws.com/npm/code-artifact-benchmark-test/just-debounce/-/just-debounce-1.1.0.tgz 7888ms (cache miss)
npm http fetch GET 200 https://vlt-451504312483.d.codeartifact.us-east-1.amazonaws.com/npm/code-artifact-benchmark-test/is-negated-glob/-/is-negated-glob-1.0.0.tgz 7891ms (cache miss)
npm http fetch GET 200 https://vlt-451504312483.d.codeartifact.us-east-1.amazonaws.com/npm/code-artifact-benchmark-test/glob-parent/-/glob-parent-3.1.0.tgz 7891ms (cache miss)
npm http fetch GET 200 https://vlt-451504312483.d.codeartifact.us-east-1.amazonaws.com/npm/code-artifact-benchmark-test/is-glob/-/is-glob-3.1.0.tgz 7920ms (cache miss)
npm http fetch GET 200 https://vlt-451504312483.d.codeartifact.us-east-1.amazonaws.com/npm/code-artifact-benchmark-test/anymatch/-/anymatch-2.0.0.tgz 7939ms (cache miss)
npm http fetch GET 200 https://vlt-451504312483.d.codeartifact.us-east-1.amazonaws.com/npm/code-artifact-benchmark-test/normalize-path/-/normalize-path-2.1.1.tgz 7940ms (cache miss)
npm http fetch GET 200 https://vlt-451504312483.d.codeartifact.us-east-1.amazonaws.com/npm/code-artifact-benchmark-test/undertaker/-/undertaker-1.3.0.tgz 7949ms (cache miss)
npm http fetch GET 200 https://vlt-451504312483.d.codeartifact.us-east-1.amazonaws.com/npm/code-artifact-benchmark-test/async-done/-/async-done-1.3.2.tgz 7956ms (cache miss)
npm http fetch GET 200 https://vlt-451504312483.d.codeartifact.us-east-1.amazonaws.com/npm/code-artifact-benchmark-test/glob-watcher/-/glob-watcher-5.0.5.tgz 7956ms (cache miss)
npm http fetch GET 200 https://vlt-451504312483.d.codeartifact.us-east-1.amazonaws.com/npm/code-artifact-benchmark-test/chokidar/-/chokidar-2.1.8.tgz 7958ms (cache miss)
npm http fetch GET 200 https://vlt-451504312483.d.codeartifact.us-east-1.amazonaws.com/npm/code-artifact-benchmark-test/vinyl-fs/-/vinyl-fs-3.0.3.tgz 7964ms (cache miss)
npm http fetch GET 200 https://vlt-451504312483.d.codeartifact.us-east-1.amazonaws.com/npm/code-artifact-benchmark-test/gulp-cli/-/gulp-cli-2.3.0.tgz 7967ms (cache miss)
npm http fetch GET 200 https://vlt-451504312483.d.codeartifact.us-east-1.amazonaws.com/npm/code-artifact-benchmark-test/fast-levenshtein/-/fast-levenshtein-1.1.4.tgz 7998ms (cache miss)
npm http fetch GET 200 https://vlt-451504312483.d.codeartifact.us-east-1.amazonaws.com/npm/code-artifact-benchmark-test/array-union/-/array-union-1.0.2.tgz 8008ms (cache miss)
npm http fetch GET 200 https://vlt-451504312483.d.codeartifact.us-east-1.amazonaws.com/npm/code-artifact-benchmark-test/signal-exit/-/signal-exit-4.1.0.tgz 8008ms (cache miss)
npm http fetch GET 200 https://vlt-451504312483.d.codeartifact.us-east-1.amazonaws.com/npm/code-artifact-benchmark-test/path-scurry/-/path-scurry-1.11.1.tgz 8019ms (cache miss)
npm http fetch GET 200 https://vlt-451504312483.d.codeartifact.us-east-1.amazonaws.com/npm/code-artifact-benchmark-test/pinkie-promise/-/pinkie-promise-2.0.1.tgz 8021ms (cache miss)
npm http fetch GET 200 https://vlt-451504312483.d.codeartifact.us-east-1.amazonaws.com/npm/code-artifact-benchmark-test/array-uniq/-/array-uniq-1.0.3.tgz 8048ms (cache miss)
npm http fetch GET 200 https://vlt-451504312483.d.codeartifact.us-east-1.amazonaws.com/npm/code-artifact-benchmark-test/package-json-from-dist/-/package-json-from-dist-1.0.1.tgz 8055ms (cache miss)
npm http fetch GET 200 https://vlt-451504312483.d.codeartifact.us-east-1.amazonaws.com/npm/code-artifact-benchmark-test/dunder-proto/-/dunder-proto-1.0.1.tgz 8061ms (cache miss)
npm http fetch GET 200 https://vlt-451504312483.d.codeartifact.us-east-1.amazonaws.com/npm/code-artifact-benchmark-test/keyv/-/keyv-4.5.4.tgz 8086ms (cache miss)
npm http fetch GET 200 https://vlt-451504312483.d.codeartifact.us-east-1.amazonaws.com/npm/code-artifact-benchmark-test/is-document.all/-/is-document.all-1.0.0.tgz 8127ms (cache miss)
npm http fetch GET 200 https://vlt-451504312483.d.codeartifact.us-east-1.amazonaws.com/npm/code-artifact-benchmark-test/functions-have-names/-/functions-have-names-1.2.3.tgz 8127ms (cache miss)
npm http fetch GET 200 https://vlt-451504312483.d.codeartifact.us-east-1.amazonaws.com/npm/code-artifact-benchmark-test/flatted/-/flatted-3.4.4.tgz 8127ms (cache miss)
npm http fetch GET 200 https://vlt-451504312483.d.codeartifact.us-east-1.amazonaws.com/npm/code-artifact-benchmark-test/path-exists/-/path-exists-4.0.0.tgz 8129ms (cache miss)
npm http fetch GET 200 https://vlt-451504312483.d.codeartifact.us-east-1.amazonaws.com/npm/code-artifact-benchmark-test/pkg-dir/-/pkg-dir-7.0.0.tgz 8129ms (cache miss)
npm http fetch GET 200 https://vlt-451504312483.d.codeartifact.us-east-1.amazonaws.com/npm/code-artifact-benchmark-test/lru-cache/-/lru-cache-10.4.3.tgz 8132ms (cache miss)
npm http fetch GET 200 https://vlt-451504312483.d.codeartifact.us-east-1.amazonaws.com/npm/code-artifact-benchmark-test/jackspeak/-/jackspeak-3.4.3.tgz 8132ms (cache miss)
npm http fetch GET 200 https://vlt-451504312483.d.codeartifact.us-east-1.amazonaws.com/npm/code-artifact-benchmark-test/locate-path/-/locate-path-6.0.0.tgz 8134ms (cache miss)
npm http fetch GET 200 https://vlt-451504312483.d.codeartifact.us-east-1.amazonaws.com/npm/code-artifact-benchmark-test/foreground-child/-/foreground-child-3.3.1.tgz 8139ms (cache miss)
npm http fetch GET 200 https://vlt-451504312483.d.codeartifact.us-east-1.amazonaws.com/npm/code-artifact-benchmark-test/yocto-queue/-/yocto-queue-1.2.2.tgz 8140ms (cache miss)
npm http fetch GET 200 https://vlt-451504312483.d.codeartifact.us-east-1.amazonaws.com/npm/code-artifact-benchmark-test/p-limit/-/p-limit-4.0.0.tgz 8144ms (cache miss)
npm http fetch GET 200 https://vlt-451504312483.d.codeartifact.us-east-1.amazonaws.com/npm/code-artifact-benchmark-test/p-locate/-/p-locate-6.0.0.tgz 8164ms (cache miss)
npm http fetch GET 200 https://vlt-451504312483.d.codeartifact.us-east-1.amazonaws.com/npm/code-artifact-benchmark-test/path-exists/-/path-exists-5.0.0.tgz 8175ms (cache miss)
npm http fetch GET 200 https://vlt-451504312483.d.codeartifact.us-east-1.amazonaws.com/npm/code-artifact-benchmark-test/locate-path/-/locate-path-7.2.0.tgz 8176ms (cache miss)
npm http fetch GET 200 https://vlt-451504312483.d.codeartifact.us-east-1.amazonaws.com/npm/code-artifact-benchmark-test/find-up/-/find-up-6.3.0.tgz 8192ms (cache miss)
npm http fetch GET 200 https://vlt-451504312483.d.codeartifact.us-east-1.amazonaws.com/npm/code-artifact-benchmark-test/common-path-prefix/-/common-path-prefix-3.0.0.tgz 8197ms (cache miss)
npm http fetch GET 200 https://vlt-451504312483.d.codeartifact.us-east-1.amazonaws.com/npm/code-artifact-benchmark-test/flat-cache/-/flat-cache-3.2.0.tgz 8209ms (cache miss)
npm http fetch GET 200 https://vlt-451504312483.d.codeartifact.us-east-1.amazonaws.com/npm/code-artifact-benchmark-test/glob/-/glob-7.2.3.tgz 8212ms (cache miss)
npm warn deprecated glob@7.2.3: Old versions of glob are not supported, and contain widely publicized security vulnerabilities, which have been fixed in the current version. Please update. Support for old versions may be purchased (at exorbitant rates) by contacting i@izs.me
npm http fetch GET 200 https://vlt-451504312483.d.codeartifact.us-east-1.amazonaws.com/npm/code-artifact-benchmark-test/minipass/-/minipass-7.1.3.tgz 8219ms (cache miss)
npm http fetch GET 200 https://vlt-451504312483.d.codeartifact.us-east-1.amazonaws.com/npm/code-artifact-benchmark-test/rimraf/-/rimraf-3.0.2.tgz 8228ms (cache miss)
npm warn deprecated rimraf@3.0.2: Rimraf versions prior to v4 are no longer supported
npm http fetch GET 200 https://vlt-451504312483.d.codeartifact.us-east-1.amazonaws.com/npm/code-artifact-benchmark-test/setimmediate/-/setimmediate-1.0.5.tgz 8247ms (cache miss)
npm http fetch GET 200 https://vlt-451504312483.d.codeartifact.us-east-1.amazonaws.com/npm/code-artifact-benchmark-test/fbjs-css-vars/-/fbjs-css-vars-1.0.2.tgz 8265ms (cache miss)
npm http fetch GET 200 https://vlt-451504312483.d.codeartifact.us-east-1.amazonaws.com/npm/code-artifact-benchmark-test/reusify/-/reusify-1.1.0.tgz 8265ms (cache miss)
npm http fetch GET 200 https://vlt-451504312483.d.codeartifact.us-east-1.amazonaws.com/npm/code-artifact-benchmark-test/promise/-/promise-7.3.1.tgz 8270ms (cache miss)
npm http fetch GET 200 https://vlt-451504312483.d.codeartifact.us-east-1.amazonaws.com/npm/code-artifact-benchmark-test/cross-fetch/-/cross-fetch-3.2.0.tgz 8279ms (cache miss)
npm http fetch GET 200 https://vlt-451504312483.d.codeartifact.us-east-1.amazonaws.com/npm/code-artifact-benchmark-test/unpipe/-/unpipe-1.0.0.tgz 8303ms (cache miss)
npm http fetch GET 200 https://vlt-451504312483.d.codeartifact.us-east-1.amazonaws.com/npm/code-artifact-benchmark-test/es6-promise/-/es6-promise-4.2.8.tgz 8309ms (cache miss)
npm http fetch GET 200 https://vlt-451504312483.d.codeartifact.us-east-1.amazonaws.com/npm/code-artifact-benchmark-test/ua-parser-js/-/ua-parser-js-0.7.41.tgz 8313ms (cache miss)
npm http fetch GET 200 https://vlt-451504312483.d.codeartifact.us-east-1.amazonaws.com/npm/code-artifact-benchmark-test/bytes/-/bytes-3.1.2.tgz 8335ms (cache miss)
npm http fetch GET 200 https://vlt-451504312483.d.codeartifact.us-east-1.amazonaws.com/npm/code-artifact-benchmark-test/negotiator/-/negotiator-0.6.3.tgz 8338ms (cache miss)
npm http fetch GET 200 https://vlt-451504312483.d.codeartifact.us-east-1.amazonaws.com/npm/code-artifact-benchmark-test/destroy/-/destroy-1.2.0.tgz 8340ms (cache miss)
npm http fetch GET 200 https://vlt-451504312483.d.codeartifact.us-east-1.amazonaws.com/npm/code-artifact-benchmark-test/vary/-/vary-1.1.2.tgz 8349ms (cache miss)
npm http fetch GET 200 https://vlt-451504312483.d.codeartifact.us-east-1.amazonaws.com/npm/code-artifact-benchmark-test/raw-body/-/raw-body-2.5.3.tgz 8356ms (cache miss)
npm http fetch GET 200 https://vlt-451504312483.d.codeartifact.us-east-1.amazonaws.com/npm/code-artifact-benchmark-test/iconv-lite/-/iconv-lite-0.4.24.tgz 8361ms (cache miss)
npm http fetch GET 200 https://vlt-451504312483.d.codeartifact.us-east-1.amazonaws.com/npm/code-artifact-benchmark-test/mime-types/-/mime-types-2.1.35.tgz 8373ms (cache miss)
npm http fetch GET 200 https://vlt-451504312483.d.codeartifact.us-east-1.amazonaws.com/npm/code-artifact-benchmark-test/type-is/-/type-is-1.6.18.tgz 8376ms (cache miss)
npm http fetch GET 200 https://vlt-451504312483.d.codeartifact.us-east-1.amazonaws.com/npm/code-artifact-benchmark-test/statuses/-/statuses-2.0.2.tgz 8387ms (cache miss)
npm http fetch GET 200 https://vlt-451504312483.d.codeartifact.us-east-1.amazonaws.com/npm/code-artifact-benchmark-test/setprototypeof/-/setprototypeof-1.2.0.tgz 8386ms (cache miss)
npm http fetch GET 200 https://vlt-451504312483.d.codeartifact.us-east-1.amazonaws.com/npm/code-artifact-benchmark-test/serve-static/-/serve-static-1.16.3.tgz 8397ms (cache miss)
npm http fetch GET 200 https://vlt-451504312483.d.codeartifact.us-east-1.amazonaws.com/npm/code-artifact-benchmark-test/send/-/send-0.19.2.tgz 8426ms (cache miss)
npm http fetch GET 200 https://vlt-451504312483.d.codeartifact.us-east-1.amazonaws.com/npm/code-artifact-benchmark-test/utils-merge/-/utils-merge-1.0.1.tgz 8427ms (cache miss)
npm http fetch GET 200 https://vlt-451504312483.d.codeartifact.us-east-1.amazonaws.com/npm/code-artifact-benchmark-test/debug/-/debug-2.6.9.tgz 8427ms (cache miss)
npm http fetch GET 200 https://vlt-451504312483.d.codeartifact.us-east-1.amazonaws.com/npm/code-artifact-benchmark-test/safe-buffer/-/safe-buffer-5.2.1.tgz 8445ms (cache miss)
npm http fetch GET 200 https://vlt-451504312483.d.codeartifact.us-east-1.amazonaws.com/npm/code-artifact-benchmark-test/ms/-/ms-2.0.0.tgz 8455ms (cache miss)
npm http fetch GET 200 https://vlt-451504312483.d.codeartifact.us-east-1.amazonaws.com/npm/code-artifact-benchmark-test/proxy-addr/-/proxy-addr-2.0.8.tgz 8464ms (cache miss)
npm http fetch GET 200 https://vlt-451504312483.d.codeartifact.us-east-1.amazonaws.com/npm/code-artifact-benchmark-test/range-parser/-/range-parser-1.2.1.tgz 8465ms (cache miss)
npm http fetch GET 200 https://vlt-451504312483.d.codeartifact.us-east-1.amazonaws.com/npm/code-artifact-benchmark-test/on-finished/-/on-finished-2.4.1.tgz 8482ms (cache miss)
npm http fetch GET 200 https://vlt-451504312483.d.codeartifact.us-east-1.amazonaws.com/npm/code-artifact-benchmark-test/path-to-regexp/-/path-to-regexp-0.1.13.tgz 8484ms (cache miss)
npm http fetch GET 200 https://vlt-451504312483.d.codeartifact.us-east-1.amazonaws.com/npm/code-artifact-benchmark-test/methods/-/methods-1.1.2.tgz 8500ms (cache miss)
npm http fetch GET 200 https://vlt-451504312483.d.codeartifact.us-east-1.amazonaws.com/npm/code-artifact-benchmark-test/merge-descriptors/-/merge-descriptors-1.0.3.tgz 8504ms (cache miss)
npm http fetch GET 200 https://vlt-451504312483.d.codeartifact.us-east-1.amazonaws.com/npm/code-artifact-benchmark-test/parseurl/-/parseurl-1.3.3.tgz 8511ms (cache miss)
npm http fetch GET 200 https://vlt-451504312483.d.codeartifact.us-east-1.amazonaws.com/npm/code-artifact-benchmark-test/fresh/-/fresh-0.5.2.tgz 8515ms (cache miss)
npm http fetch GET 200 https://vlt-451504312483.d.codeartifact.us-east-1.amazonaws.com/npm/code-artifact-benchmark-test/http-errors/-/http-errors-2.0.1.tgz 8523ms (cache miss)
npm http fetch GET 200 https://vlt-451504312483.d.codeartifact.us-east-1.amazonaws.com/npm/code-artifact-benchmark-test/ms/-/ms-2.0.0.tgz 8534ms (cache miss)
npm http fetch GET 200 https://vlt-451504312483.d.codeartifact.us-east-1.amazonaws.com/npm/code-artifact-benchmark-test/finalhandler/-/finalhandler-1.3.2.tgz 8537ms (cache miss)
npm http fetch GET 200 https://vlt-451504312483.d.codeartifact.us-east-1.amazonaws.com/npm/code-artifact-benchmark-test/debug/-/debug-2.6.9.tgz 8550ms (cache miss)
npm http fetch GET 200 https://vlt-451504312483.d.codeartifact.us-east-1.amazonaws.com/npm/code-artifact-benchmark-test/etag/-/etag-1.8.1.tgz 8557ms (cache miss)
npm http fetch GET 200 https://vlt-451504312483.d.codeartifact.us-east-1.amazonaws.com/npm/code-artifact-benchmark-test/escape-html/-/escape-html-1.0.3.tgz 8576ms (cache miss)
npm http fetch GET 200 https://vlt-451504312483.d.codeartifact.us-east-1.amazonaws.com/npm/code-artifact-benchmark-test/cookie-signature/-/cookie-signature-1.0.7.tgz 8581ms (cache miss)
npm http fetch GET 200 https://vlt-451504312483.d.codeartifact.us-east-1.amazonaws.com/npm/code-artifact-benchmark-test/depd/-/depd-2.0.0.tgz 8587ms (cache miss)
npm http fetch GET 200 https://vlt-451504312483.d.codeartifact.us-east-1.amazonaws.com/npm/code-artifact-benchmark-test/encodeurl/-/encodeurl-2.0.0.tgz 8599ms (cache miss)
npm http fetch GET 200 https://vlt-451504312483.d.codeartifact.us-east-1.amazonaws.com/npm/code-artifact-benchmark-test/cookie/-/cookie-0.7.2.tgz 8607ms (cache miss)
npm http fetch GET 200 https://vlt-451504312483.d.codeartifact.us-east-1.amazonaws.com/npm/code-artifact-benchmark-test/content-type/-/content-type-1.0.5.tgz 8611ms (cache miss)
npm http fetch GET 200 https://vlt-451504312483.d.codeartifact.us-east-1.amazonaws.com/npm/code-artifact-benchmark-test/ms/-/ms-2.0.0.tgz 8626ms (cache miss)
npm http fetch GET 200 https://vlt-451504312483.d.codeartifact.us-east-1.amazonaws.com/npm/code-artifact-benchmark-test/content-disposition/-/content-disposition-0.5.4.tgz 8641ms (cache miss)
npm http fetch GET 200 https://vlt-451504312483.d.codeartifact.us-east-1.amazonaws.com/npm/code-artifact-benchmark-test/debug/-/debug-2.6.9.tgz 8646ms (cache miss)
npm http fetch GET 200 https://vlt-451504312483.d.codeartifact.us-east-1.amazonaws.com/npm/code-artifact-benchmark-test/body-parser/-/body-parser-1.20.8.tgz 8650ms (cache miss)
npm http fetch GET 200 https://vlt-451504312483.d.codeartifact.us-east-1.amazonaws.com/npm/code-artifact-benchmark-test/accepts/-/accepts-1.3.8.tgz 8659ms (cache miss)
npm http fetch GET 200 https://vlt-451504312483.d.codeartifact.us-east-1.amazonaws.com/npm/code-artifact-benchmark-test/acorn-jsx/-/acorn-jsx-5.3.2.tgz 8676ms (cache miss)
npm http fetch GET 200 https://vlt-451504312483.d.codeartifact.us-east-1.amazonaws.com/npm/code-artifact-benchmark-test/esrecurse/-/esrecurse-4.3.0.tgz 8677ms (cache miss)
npm http fetch GET 200 https://vlt-451504312483.d.codeartifact.us-east-1.amazonaws.com/npm/code-artifact-benchmark-test/iterator.prototype/-/iterator.prototype-1.1.5.tgz 8708ms (cache miss)
npm http fetch GET 200 https://vlt-451504312483.d.codeartifact.us-east-1.amazonaws.com/npm/code-artifact-benchmark-test/string.prototype.repeat/-/string.prototype.repeat-1.0.0.tgz 8714ms (cache miss)
npm http fetch GET 200 https://vlt-451504312483.d.codeartifact.us-east-1.amazonaws.com/npm/code-artifact-benchmark-test/estraverse/-/estraverse-5.3.0.tgz 8722ms (cache miss)
npm http fetch GET 200 https://vlt-451504312483.d.codeartifact.us-east-1.amazonaws.com/npm/code-artifact-benchmark-test/acorn/-/acorn-8.18.0.tgz 8728ms (cache miss)
npm http fetch GET 200 https://vlt-451504312483.d.codeartifact.us-east-1.amazonaws.com/npm/code-artifact-benchmark-test/array.prototype.tosorted/-/array.prototype.tosorted-1.1.4.tgz 8733ms (cache miss)
npm http fetch GET 200 https://vlt-451504312483.d.codeartifact.us-east-1.amazonaws.com/npm/code-artifact-benchmark-test/string.prototype.matchall/-/string.prototype.matchall-4.1.0.tgz 8740ms (cache miss)
npm http fetch GET 200 https://vlt-451504312483.d.codeartifact.us-east-1.amazonaws.com/npm/code-artifact-benchmark-test/array-flatten/-/array-flatten-1.1.1.tgz 8748ms (cache miss)
npm http fetch GET 200 https://vlt-451504312483.d.codeartifact.us-east-1.amazonaws.com/npm/code-artifact-benchmark-test/array.prototype.findlast/-/array.prototype.findlast-1.2.5.tgz 8758ms (cache miss)
npm http fetch GET 200 https://vlt-451504312483.d.codeartifact.us-east-1.amazonaws.com/npm/code-artifact-benchmark-test/es-iterator-helpers/-/es-iterator-helpers-1.4.0.tgz 8765ms (cache miss)
npm http fetch GET 200 https://vlt-451504312483.d.codeartifact.us-east-1.amazonaws.com/npm/code-artifact-benchmark-test/string.prototype.includes/-/string.prototype.includes-2.0.1.tgz 8774ms (cache miss)
npm http fetch GET 200 https://vlt-451504312483.d.codeartifact.us-east-1.amazonaws.com/npm/code-artifact-benchmark-test/language-tags/-/language-tags-1.0.9.tgz 8774ms (cache miss)
npm http fetch GET 200 https://vlt-451504312483.d.codeartifact.us-east-1.amazonaws.com/npm/code-artifact-benchmark-test/damerau-levenshtein/-/damerau-levenshtein-1.0.8.tgz 8806ms (cache miss)
npm http fetch GET 200 https://vlt-451504312483.d.codeartifact.us-east-1.amazonaws.com/npm/code-artifact-benchmark-test/emoji-regex/-/emoji-regex-9.2.2.tgz 8806ms (cache miss)
npm http fetch GET 200 https://vlt-451504312483.d.codeartifact.us-east-1.amazonaws.com/npm/code-artifact-benchmark-test/jsx-ast-utils/-/jsx-ast-utils-3.3.5.tgz 8813ms (cache miss)
npm http fetch GET 200 https://vlt-451504312483.d.codeartifact.us-east-1.amazonaws.com/npm/code-artifact-benchmark-test/axobject-query/-/axobject-query-4.1.0.tgz 8840ms (cache miss)
npm http fetch GET 200 https://vlt-451504312483.d.codeartifact.us-east-1.amazonaws.com/npm/code-artifact-benchmark-test/ast-types-flow/-/ast-types-flow-0.0.8.tgz 8853ms (cache miss)
npm http fetch GET 200 https://vlt-451504312483.d.codeartifact.us-east-1.amazonaws.com/npm/code-artifact-benchmark-test/has-tostringtag/-/has-tostringtag-1.0.2.tgz 8865ms (cache miss)
npm http fetch GET 200 https://vlt-451504312483.d.codeartifact.us-east-1.amazonaws.com/npm/code-artifact-benchmark-test/is-date-object/-/is-date-object-1.1.0.tgz 8867ms (cache miss)
npm http fetch GET 200 https://vlt-451504312483.d.codeartifact.us-east-1.amazonaws.com/npm/code-artifact-benchmark-test/es-abstract-get/-/es-abstract-get-1.0.0.tgz 8870ms (cache miss)
npm http fetch GET 200 https://vlt-451504312483.d.codeartifact.us-east-1.amazonaws.com/npm/code-artifact-benchmark-test/possible-typed-array-names/-/possible-typed-array-names-1.1.0.tgz 8875ms (cache miss)
npm http fetch GET 200 https://vlt-451504312483.d.codeartifact.us-east-1.amazonaws.com/npm/code-artifact-benchmark-test/is-symbol/-/is-symbol-1.1.1.tgz 8877ms (cache miss)
npm http fetch GET 200 https://vlt-451504312483.d.codeartifact.us-east-1.amazonaws.com/npm/code-artifact-benchmark-test/unbox-primitive/-/unbox-primitive-1.1.0.tgz 8904ms (cache miss)
npm http fetch GET 200 https://vlt-451504312483.d.codeartifact.us-east-1.amazonaws.com/npm/code-artifact-benchmark-test/typed-array-byte-offset/-/typed-array-byte-offset-1.0.5.tgz 8912ms (cache miss)
npm http fetch GET 200 https://vlt-451504312483.d.codeartifact.us-east-1.amazonaws.com/npm/code-artifact-benchmark-test/typed-array-length/-/typed-array-length-1.0.8.tgz 8921ms (cache miss)
npm http fetch GET 200 https://vlt-451504312483.d.codeartifact.us-east-1.amazonaws.com/npm/code-artifact-benchmark-test/typed-array-byte-length/-/typed-array-byte-length-1.0.3.tgz 8923ms (cache miss)
npm http fetch GET 200 https://vlt-451504312483.d.codeartifact.us-east-1.amazonaws.com/npm/code-artifact-benchmark-test/aria-query/-/aria-query-5.3.2.tgz 8930ms (cache miss)
npm http fetch GET 200 https://vlt-451504312483.d.codeartifact.us-east-1.amazonaws.com/npm/code-artifact-benchmark-test/typed-array-buffer/-/typed-array-buffer-1.0.3.tgz 8934ms (cache miss)
npm http fetch GET 200 https://vlt-451504312483.d.codeartifact.us-east-1.amazonaws.com/npm/code-artifact-benchmark-test/string.prototype.trimstart/-/string.prototype.trimstart-1.0.8.tgz 8934ms (cache miss)
npm http fetch GET 200 https://vlt-451504312483.d.codeartifact.us-east-1.amazonaws.com/npm/code-artifact-benchmark-test/which-typed-array/-/which-typed-array-1.1.24.tgz 8951ms (cache miss)
npm http fetch GET 200 https://vlt-451504312483.d.codeartifact.us-east-1.amazonaws.com/npm/code-artifact-benchmark-test/string.prototype.trim/-/string.prototype.trim-1.2.11.tgz 8980ms (cache miss)
npm http fetch GET 200 https://vlt-451504312483.d.codeartifact.us-east-1.amazonaws.com/npm/code-artifact-benchmark-test/safe-push-apply/-/safe-push-apply-1.0.0.tgz 8987ms (cache miss)
npm http fetch GET 200 https://vlt-451504312483.d.codeartifact.us-east-1.amazonaws.com/npm/code-artifact-benchmark-test/isarray/-/isarray-2.0.5.tgz 8989ms (cache miss)
npm http fetch GET 200 https://vlt-451504312483.d.codeartifact.us-east-1.amazonaws.com/npm/code-artifact-benchmark-test/set-proto/-/set-proto-1.0.0.tgz 8990ms (cache miss)
npm http fetch GET 200 https://vlt-451504312483.d.codeartifact.us-east-1.amazonaws.com/npm/code-artifact-benchmark-test/safe-regex-test/-/safe-regex-test-1.1.0.tgz 8992ms (cache miss)
npm http fetch GET 200 https://vlt-451504312483.d.codeartifact.us-east-1.amazonaws.com/npm/code-artifact-benchmark-test/safe-array-concat/-/safe-array-concat-1.1.4.tgz 8995ms (cache miss)
npm http fetch GET 200 https://vlt-451504312483.d.codeartifact.us-east-1.amazonaws.com/npm/code-artifact-benchmark-test/stop-iteration-iterator/-/stop-iteration-iterator-1.1.0.tgz 8999ms (cache miss)
npm http fetch GET 200 https://vlt-451504312483.d.codeartifact.us-east-1.amazonaws.com/npm/code-artifact-benchmark-test/isarray/-/isarray-2.0.5.tgz 9015ms (cache miss)
npm http fetch GET 200 https://vlt-451504312483.d.codeartifact.us-east-1.amazonaws.com/npm/code-artifact-benchmark-test/regexp.prototype.flags/-/regexp.prototype.flags-1.5.4.tgz 9040ms (cache miss)
npm http fetch GET 200 https://vlt-451504312483.d.codeartifact.us-east-1.amazonaws.com/npm/code-artifact-benchmark-test/object-inspect/-/object-inspect-1.13.4.tgz 9048ms (cache miss)
npm http fetch GET 200 https://vlt-451504312483.d.codeartifact.us-east-1.amazonaws.com/npm/code-artifact-benchmark-test/is-weakref/-/is-weakref-1.1.1.tgz 9049ms (cache miss)
npm http fetch GET 200 https://vlt-451504312483.d.codeartifact.us-east-1.amazonaws.com/npm/code-artifact-benchmark-test/axe-core/-/axe-core-4.13.0.tgz 9063ms (cache miss)
npm http fetch GET 200 https://vlt-451504312483.d.codeartifact.us-east-1.amazonaws.com/npm/code-artifact-benchmark-test/is-typed-array/-/is-typed-array-1.1.15.tgz 9054ms (cache miss)
npm http fetch GET 200 https://vlt-451504312483.d.codeartifact.us-east-1.amazonaws.com/npm/code-artifact-benchmark-test/own-keys/-/own-keys-1.0.2.tgz 9067ms (cache miss)
npm http fetch GET 200 https://vlt-451504312483.d.codeartifact.us-east-1.amazonaws.com/npm/code-artifact-benchmark-test/is-set/-/is-set-2.0.3.tgz 9102ms (cache miss)
npm http fetch GET 200 https://vlt-451504312483.d.codeartifact.us-east-1.amazonaws.com/npm/code-artifact-benchmark-test/is-shared-array-buffer/-/is-shared-array-buffer-1.0.4.tgz 9103ms (cache miss)
npm http fetch GET 200 https://vlt-451504312483.d.codeartifact.us-east-1.amazonaws.com/npm/code-artifact-benchmark-test/is-array-buffer/-/is-array-buffer-3.0.5.tgz 9117ms (cache miss)
npm http fetch GET 200 https://vlt-451504312483.d.codeartifact.us-east-1.amazonaws.com/npm/code-artifact-benchmark-test/is-negative-zero/-/is-negative-zero-2.0.3.tgz 9119ms (cache miss)
npm http fetch GET 200 https://vlt-451504312483.d.codeartifact.us-east-1.amazonaws.com/npm/code-artifact-benchmark-test/is-callable/-/is-callable-1.2.7.tgz 9118ms (cache miss)
npm http fetch GET 200 https://vlt-451504312483.d.codeartifact.us-east-1.amazonaws.com/npm/code-artifact-benchmark-test/has-symbols/-/has-symbols-1.1.0.tgz 9124ms (cache miss)
npm http fetch GET 200 https://vlt-451504312483.d.codeartifact.us-east-1.amazonaws.com/npm/code-artifact-benchmark-test/internal-slot/-/internal-slot-1.1.0.tgz 9127ms (cache miss)
npm http fetch GET 200 https://vlt-451504312483.d.codeartifact.us-east-1.amazonaws.com/npm/code-artifact-benchmark-test/is-data-view/-/is-data-view-1.0.2.tgz 9132ms (cache miss)
npm http fetch GET 200 https://vlt-451504312483.d.codeartifact.us-east-1.amazonaws.com/npm/code-artifact-benchmark-test/has-proto/-/has-proto-1.2.0.tgz 9140ms (cache miss)
npm http fetch GET 200 https://vlt-451504312483.d.codeartifact.us-east-1.amazonaws.com/npm/code-artifact-benchmark-test/globalthis/-/globalthis-1.0.4.tgz 9162ms (cache miss)
npm http fetch GET 200 https://vlt-451504312483.d.codeartifact.us-east-1.amazonaws.com/npm/code-artifact-benchmark-test/get-symbol-description/-/get-symbol-description-1.1.0.tgz 9168ms (cache miss)
npm http fetch GET 200 https://vlt-451504312483.d.codeartifact.us-east-1.amazonaws.com/npm/code-artifact-benchmark-test/get-proto/-/get-proto-1.0.1.tgz 9173ms (cache miss)
npm http fetch GET 200 https://vlt-451504312483.d.codeartifact.us-east-1.amazonaws.com/npm/code-artifact-benchmark-test/es-set-tostringtag/-/es-set-tostringtag-2.1.0.tgz 9202ms (cache miss)
npm http fetch GET 200 https://vlt-451504312483.d.codeartifact.us-east-1.amazonaws.com/npm/code-artifact-benchmark-test/es-to-primitive/-/es-to-primitive-1.3.4.tgz 9208ms (cache miss)
npm http fetch GET 200 https://vlt-451504312483.d.codeartifact.us-east-1.amazonaws.com/npm/code-artifact-benchmark-test/function.prototype.name/-/function.prototype.name-1.2.0.tgz 9220ms (cache miss)
npm http fetch GET 200 https://vlt-451504312483.d.codeartifact.us-east-1.amazonaws.com/npm/code-artifact-benchmark-test/data-view-byte-offset/-/data-view-byte-offset-1.0.1.tgz 9224ms (cache miss)
npm http fetch GET 200 https://vlt-451504312483.d.codeartifact.us-east-1.amazonaws.com/npm/code-artifact-benchmark-test/data-view-byte-length/-/data-view-byte-length-1.0.2.tgz 9232ms (cache miss)
npm http fetch GET 200 https://vlt-451504312483.d.codeartifact.us-east-1.amazonaws.com/npm/code-artifact-benchmark-test/arraybuffer.prototype.slice/-/arraybuffer.prototype.slice-1.0.4.tgz 9262ms (cache miss)
npm http fetch GET 200 https://vlt-451504312483.d.codeartifact.us-east-1.amazonaws.com/npm/code-artifact-benchmark-test/object-keys/-/object-keys-1.1.1.tgz 9264ms (cache miss)
npm http fetch GET 200 https://vlt-451504312483.d.codeartifact.us-east-1.amazonaws.com/npm/code-artifact-benchmark-test/array-buffer-byte-length/-/array-buffer-byte-length-1.0.2.tgz 9265ms (cache miss)
npm http fetch GET 200 https://vlt-451504312483.d.codeartifact.us-east-1.amazonaws.com/npm/code-artifact-benchmark-test/has-property-descriptors/-/has-property-descriptors-1.0.2.tgz 9265ms (cache miss)
npm http fetch GET 200 https://vlt-451504312483.d.codeartifact.us-east-1.amazonaws.com/npm/code-artifact-benchmark-test/gopd/-/gopd-1.2.0.tgz 9265ms (cache miss)
npm http fetch GET 200 https://vlt-451504312483.d.codeartifact.us-east-1.amazonaws.com/npm/code-artifact-benchmark-test/available-typed-arrays/-/available-typed-arrays-1.0.7.tgz 9267ms (cache miss)
npm http fetch GET 200 https://vlt-451504312483.d.codeartifact.us-east-1.amazonaws.com/npm/code-artifact-benchmark-test/define-data-property/-/define-data-property-1.1.4.tgz 9290ms (cache miss)
npm http fetch GET 200 https://vlt-451504312483.d.codeartifact.us-east-1.amazonaws.com/npm/code-artifact-benchmark-test/set-function-length/-/set-function-length-1.2.2.tgz 9294ms (cache miss)
npm http fetch GET 200 https://vlt-451504312483.d.codeartifact.us-east-1.amazonaws.com/npm/code-artifact-benchmark-test/function-bind/-/function-bind-1.1.2.tgz 9297ms (cache miss)
npm http fetch GET 200 https://vlt-451504312483.d.codeartifact.us-east-1.amazonaws.com/npm/code-artifact-benchmark-test/data-view-buffer/-/data-view-buffer-1.0.2.tgz 9306ms (cache miss)
npm http fetch GET 200 https://vlt-451504312483.d.codeartifact.us-east-1.amazonaws.com/npm/code-artifact-benchmark-test/get-intrinsic/-/get-intrinsic-1.3.0.tgz 9328ms (cache miss)
npm http fetch GET 200 https://vlt-451504312483.d.codeartifact.us-east-1.amazonaws.com/npm/code-artifact-benchmark-test/es-define-property/-/es-define-property-1.0.1.tgz 9333ms (cache miss)
npm http fetch GET 200 https://vlt-451504312483.d.codeartifact.us-east-1.amazonaws.com/npm/code-artifact-benchmark-test/es-errors/-/es-errors-1.3.0.tgz 9348ms (cache miss)
npm http fetch GET 200 https://vlt-451504312483.d.codeartifact.us-east-1.amazonaws.com/npm/code-artifact-benchmark-test/call-bind-apply-helpers/-/call-bind-apply-helpers-1.0.2.tgz 9349ms (cache miss)
npm http fetch GET 200 https://vlt-451504312483.d.codeartifact.us-east-1.amazonaws.com/npm/code-artifact-benchmark-test/math-intrinsics/-/math-intrinsics-1.1.0.tgz 9364ms (cache miss)
npm http fetch GET 200 https://vlt-451504312483.d.codeartifact.us-east-1.amazonaws.com/npm/code-artifact-benchmark-test/is-string/-/is-string-1.1.1.tgz 9394ms (cache miss)
npm http fetch GET 200 https://vlt-451504312483.d.codeartifact.us-east-1.amazonaws.com/npm/code-artifact-benchmark-test/call-bound/-/call-bound-1.0.4.tgz 9397ms (cache miss)
npm http fetch GET 200 https://vlt-451504312483.d.codeartifact.us-east-1.amazonaws.com/npm/code-artifact-benchmark-test/define-properties/-/define-properties-1.2.1.tgz 9400ms (cache miss)
npm http fetch GET 200 https://vlt-451504312483.d.codeartifact.us-east-1.amazonaws.com/npm/code-artifact-benchmark-test/es-object-atoms/-/es-object-atoms-1.1.2.tgz 9404ms (cache miss)
npm http fetch GET 200 https://vlt-451504312483.d.codeartifact.us-east-1.amazonaws.com/npm/code-artifact-benchmark-test/json5/-/json5-1.0.2.tgz 9415ms (cache miss)
npm http fetch GET 200 https://vlt-451504312483.d.codeartifact.us-east-1.amazonaws.com/npm/code-artifact-benchmark-test/es-shim-unscopables/-/es-shim-unscopables-1.1.0.tgz 9418ms (cache miss)
npm http fetch GET 200 https://vlt-451504312483.d.codeartifact.us-east-1.amazonaws.com/npm/code-artifact-benchmark-test/tsconfig-paths/-/tsconfig-paths-3.15.0.tgz 9438ms (cache miss)
npm http fetch GET 200 https://vlt-451504312483.d.codeartifact.us-east-1.amazonaws.com/npm/code-artifact-benchmark-test/call-bind/-/call-bind-1.0.9.tgz 9441ms (cache miss)
npm http fetch GET 200 https://vlt-451504312483.d.codeartifact.us-east-1.amazonaws.com/npm/code-artifact-benchmark-test/string.prototype.trimend/-/string.prototype.trimend-1.0.10.tgz 9442ms (cache miss)
npm http fetch GET 200 https://vlt-451504312483.d.codeartifact.us-east-1.amazonaws.com/npm/code-artifact-benchmark-test/object.values/-/object.values-1.2.1.tgz 9454ms (cache miss)
npm http fetch GET 200 https://vlt-451504312483.d.codeartifact.us-east-1.amazonaws.com/npm/code-artifact-benchmark-test/object.groupby/-/object.groupby-1.0.3.tgz 9463ms (cache miss)
npm http fetch GET 200 https://vlt-451504312483.d.codeartifact.us-east-1.amazonaws.com/npm/code-artifact-benchmark-test/debug/-/debug-3.2.7.tgz 9482ms (cache miss)
npm http fetch GET 200 https://vlt-451504312483.d.codeartifact.us-east-1.amazonaws.com/npm/code-artifact-benchmark-test/eslint-module-utils/-/eslint-module-utils-2.14.0.tgz 9494ms (cache miss)
npm http fetch GET 200 https://vlt-451504312483.d.codeartifact.us-east-1.amazonaws.com/npm/code-artifact-benchmark-test/object.fromentries/-/object.fromentries-2.0.8.tgz 9503ms (cache miss)
npm http fetch GET 200 https://vlt-451504312483.d.codeartifact.us-east-1.amazonaws.com/npm/code-artifact-benchmark-test/debug/-/debug-3.2.7.tgz 9521ms (cache miss)
npm http fetch GET 200 https://vlt-451504312483.d.codeartifact.us-east-1.amazonaws.com/npm/code-artifact-benchmark-test/eslint-import-resolver-node/-/eslint-import-resolver-node-0.3.10.tgz 9525ms (cache miss)
npm http fetch GET 200 https://vlt-451504312483.d.codeartifact.us-east-1.amazonaws.com/npm/code-artifact-benchmark-test/array.prototype.flatmap/-/array.prototype.flatmap-1.3.3.tgz 9528ms (cache miss)
npm http fetch GET 200 https://vlt-451504312483.d.codeartifact.us-east-1.amazonaws.com/npm/code-artifact-benchmark-test/array.prototype.findlastindex/-/array.prototype.findlastindex-1.2.6.tgz 9534ms (cache miss)
npm http fetch GET 200 https://vlt-451504312483.d.codeartifact.us-east-1.amazonaws.com/npm/code-artifact-benchmark-test/array.prototype.flat/-/array.prototype.flat-1.3.3.tgz 9535ms (cache miss)
npm http fetch GET 200 https://vlt-451504312483.d.codeartifact.us-east-1.amazonaws.com/npm/code-artifact-benchmark-test/@rtsao/scc/-/scc-1.1.0.tgz 9538ms (cache miss)
npm http fetch GET 200 https://vlt-451504312483.d.codeartifact.us-east-1.amazonaws.com/npm/code-artifact-benchmark-test/array-includes/-/array-includes-3.2.0.tgz 9546ms (cache miss)
npm http fetch GET 200 https://vlt-451504312483.d.codeartifact.us-east-1.amazonaws.com/npm/code-artifact-benchmark-test/resolve/-/resolve-2.0.0-next.7.tgz 9565ms (cache miss)
npm http fetch GET 200 https://vlt-451504312483.d.codeartifact.us-east-1.amazonaws.com/npm/code-artifact-benchmark-test/is-regex/-/is-regex-1.2.1.tgz 9583ms (cache miss)
npm http fetch GET 200 https://vlt-451504312483.d.codeartifact.us-east-1.amazonaws.com/npm/code-artifact-benchmark-test/graceful-fs/-/graceful-fs-4.2.11.tgz 9593ms (cache miss)
npm http fetch GET 200 https://vlt-451504312483.d.codeartifact.us-east-1.amazonaws.com/npm/code-artifact-benchmark-test/memory-fs/-/memory-fs-0.2.0.tgz 9600ms (cache miss)
npm http fetch GET 200 https://vlt-451504312483.d.codeartifact.us-east-1.amazonaws.com/npm/code-artifact-benchmark-test/tapable/-/tapable-0.1.10.tgz 9600ms (cache miss)
npm http fetch GET 200 https://vlt-451504312483.d.codeartifact.us-east-1.amazonaws.com/npm/code-artifact-benchmark-test/is-core-module/-/is-core-module-2.17.0.tgz 9606ms (cache miss)
npm http fetch GET 200 https://vlt-451504312483.d.codeartifact.us-east-1.amazonaws.com/npm/code-artifact-benchmark-test/interpret/-/interpret-1.4.0.tgz 9628ms (cache miss)
npm http fetch GET 200 https://vlt-451504312483.d.codeartifact.us-east-1.amazonaws.com/npm/code-artifact-benchmark-test/object.entries/-/object.entries-1.1.9.tgz 9654ms (cache miss)
npm http fetch GET 200 https://vlt-451504312483.d.codeartifact.us-east-1.amazonaws.com/npm/code-artifact-benchmark-test/which/-/which-2.0.2.tgz 9658ms (cache miss)
npm http fetch GET 200 https://vlt-451504312483.d.codeartifact.us-east-1.amazonaws.com/npm/code-artifact-benchmark-test/find-root/-/find-root-1.1.0.tgz 9660ms (cache miss)
npm http fetch GET 200 https://vlt-451504312483.d.codeartifact.us-east-1.amazonaws.com/npm/code-artifact-benchmark-test/confusing-browser-globals/-/confusing-browser-globals-1.0.11.tgz 9659ms (cache miss)
npm http fetch GET 200 https://vlt-451504312483.d.codeartifact.us-east-1.amazonaws.com/npm/code-artifact-benchmark-test/hasown/-/hasown-2.0.4.tgz 9661ms (cache miss)
npm http fetch GET 200 https://vlt-451504312483.d.codeartifact.us-east-1.amazonaws.com/npm/code-artifact-benchmark-test/object.assign/-/object.assign-4.1.7.tgz 9661ms (cache miss)
npm http fetch GET 200 https://vlt-451504312483.d.codeartifact.us-east-1.amazonaws.com/npm/code-artifact-benchmark-test/enhanced-resolve/-/enhanced-resolve-0.9.1.tgz 9664ms (cache miss)
npm http fetch GET 200 https://vlt-451504312483.d.codeartifact.us-east-1.amazonaws.com/npm/code-artifact-benchmark-test/eslint-config-airbnb-base/-/eslint-config-airbnb-base-15.0.0.tgz 9675ms (cache miss)
npm http fetch GET 200 https://vlt-451504312483.d.codeartifact.us-east-1.amazonaws.com/npm/code-artifact-benchmark-test/shebang-command/-/shebang-command-2.0.0.tgz 9674ms (cache miss)
npm http fetch GET 200 https://vlt-451504312483.d.codeartifact.us-east-1.amazonaws.com/npm/code-artifact-benchmark-test/path-key/-/path-key-3.1.1.tgz 9713ms (cache miss)
npm http fetch GET 200 https://vlt-451504312483.d.codeartifact.us-east-1.amazonaws.com/npm/code-artifact-benchmark-test/json-schema-traverse/-/json-schema-traverse-0.4.1.tgz 9717ms (cache miss)
npm http fetch GET 200 https://vlt-451504312483.d.codeartifact.us-east-1.amazonaws.com/npm/code-artifact-benchmark-test/fast-json-stable-stringify/-/fast-json-stable-stringify-2.1.0.tgz 9729ms (cache miss)
npm http fetch GET 200 https://vlt-451504312483.d.codeartifact.us-east-1.amazonaws.com/npm/code-artifact-benchmark-test/uri-js/-/uri-js-4.4.1.tgz 9737ms (cache miss)
npm http fetch GET 200 https://vlt-451504312483.d.codeartifact.us-east-1.amazonaws.com/npm/code-artifact-benchmark-test/run-parallel/-/run-parallel-1.2.0.tgz 9749ms (cache miss)
npm http fetch GET 200 https://vlt-451504312483.d.codeartifact.us-east-1.amazonaws.com/npm/code-artifact-benchmark-test/@nodelib/fs.scandir/-/fs.scandir-2.1.5.tgz 9771ms (cache miss)
npm http fetch GET 200 https://vlt-451504312483.d.codeartifact.us-east-1.amazonaws.com/npm/code-artifact-benchmark-test/@humanwhocodes/object-schema/-/object-schema-2.0.3.tgz 9771ms (cache miss)
npm warn deprecated @humanwhocodes/object-schema@2.0.3: Use @eslint/object-schema instead
npm http fetch GET 200 https://vlt-451504312483.d.codeartifact.us-east-1.amazonaws.com/npm/code-artifact-benchmark-test/fastq/-/fastq-1.20.3.tgz 9784ms (cache miss)
npm http fetch GET 200 https://vlt-451504312483.d.codeartifact.us-east-1.amazonaws.com/npm/code-artifact-benchmark-test/import-fresh/-/import-fresh-3.3.1.tgz 9785ms (cache miss)
npm http fetch GET 200 https://vlt-451504312483.d.codeartifact.us-east-1.amazonaws.com/npm/code-artifact-benchmark-test/text-table/-/text-table-0.2.0.tgz 9786ms (cache miss)
npm http fetch GET 200 https://vlt-451504312483.d.codeartifact.us-east-1.amazonaws.com/npm/code-artifact-benchmark-test/strip-json-comments/-/strip-json-comments-3.1.1.tgz 9787ms (cache miss)
npm http fetch GET 200 https://vlt-451504312483.d.codeartifact.us-east-1.amazonaws.com/npm/code-artifact-benchmark-test/@nodelib/fs.stat/-/fs.stat-2.0.5.tgz 9789ms (cache miss)
npm http fetch GET 200 https://vlt-451504312483.d.codeartifact.us-east-1.amazonaws.com/npm/code-artifact-benchmark-test/optionator/-/optionator-0.9.4.tgz 9791ms (cache miss)
npm http fetch GET 200 https://vlt-451504312483.d.codeartifact.us-east-1.amazonaws.com/npm/code-artifact-benchmark-test/natural-compare/-/natural-compare-1.4.0.tgz 9802ms (cache miss)
npm http fetch GET 200 https://vlt-451504312483.d.codeartifact.us-east-1.amazonaws.com/npm/code-artifact-benchmark-test/lodash.merge/-/lodash.merge-4.6.2.tgz 9806ms (cache miss)
npm http fetch GET 200 https://vlt-451504312483.d.codeartifact.us-east-1.amazonaws.com/npm/code-artifact-benchmark-test/json-stable-stringify-without-jsonify/-/json-stable-stringify-without-jsonify-1.0.1.tgz 9835ms (cache miss)
npm http fetch GET 200 https://vlt-451504312483.d.codeartifact.us-east-1.amazonaws.com/npm/code-artifact-benchmark-test/levn/-/levn-0.4.1.tgz 9840ms (cache miss)
npm http fetch GET 200 https://vlt-451504312483.d.codeartifact.us-east-1.amazonaws.com/npm/code-artifact-benchmark-test/is-path-inside/-/is-path-inside-3.0.3.tgz 9869ms (cache miss)
npm http fetch GET 200 https://vlt-451504312483.d.codeartifact.us-east-1.amazonaws.com/npm/code-artifact-benchmark-test/is-glob/-/is-glob-4.0.3.tgz 9872ms (cache miss)
npm http fetch GET 200 https://vlt-451504312483.d.codeartifact.us-east-1.amazonaws.com/npm/code-artifact-benchmark-test/js-yaml/-/js-yaml-4.3.2.tgz 9885ms (cache miss)
npm http fetch GET 200 https://vlt-451504312483.d.codeartifact.us-east-1.amazonaws.com/npm/code-artifact-benchmark-test/find-up/-/find-up-5.0.0.tgz 9890ms (cache miss)
npm http fetch GET 200 https://vlt-451504312483.d.codeartifact.us-east-1.amazonaws.com/npm/code-artifact-benchmark-test/ignore/-/ignore-5.3.2.tgz 9892ms (cache miss)
npm http fetch GET 200 https://vlt-451504312483.d.codeartifact.us-east-1.amazonaws.com/npm/code-artifact-benchmark-test/glob-parent/-/glob-parent-6.0.2.tgz 9897ms (cache miss)
npm http fetch GET 200 https://vlt-451504312483.d.codeartifact.us-east-1.amazonaws.com/npm/code-artifact-benchmark-test/graphemer/-/graphemer-1.4.0.tgz 9904ms (cache miss)
npm http fetch GET 200 https://vlt-451504312483.d.codeartifact.us-east-1.amazonaws.com/npm/code-artifact-benchmark-test/imurmurhash/-/imurmurhash-0.1.4.tgz 9910ms (cache miss)
npm http fetch GET 200 https://vlt-451504312483.d.codeartifact.us-east-1.amazonaws.com/npm/code-artifact-benchmark-test/fast-deep-equal/-/fast-deep-equal-3.1.3.tgz 9912ms (cache miss)
npm http fetch GET 200 https://vlt-451504312483.d.codeartifact.us-east-1.amazonaws.com/npm/code-artifact-benchmark-test/file-entry-cache/-/file-entry-cache-6.0.1.tgz 9915ms (cache miss)
npm http fetch GET 200 https://vlt-451504312483.d.codeartifact.us-east-1.amazonaws.com/npm/code-artifact-benchmark-test/es-abstract/-/es-abstract-1.24.2.tgz 9929ms (cache miss)
npm http fetch GET 200 https://vlt-451504312483.d.codeartifact.us-east-1.amazonaws.com/npm/code-artifact-benchmark-test/esquery/-/esquery-1.7.0.tgz 9927ms (cache miss)
npm http fetch GET 200 https://vlt-451504312483.d.codeartifact.us-east-1.amazonaws.com/npm/code-artifact-benchmark-test/espree/-/espree-9.6.1.tgz 9949ms (cache miss)
npm http fetch GET 200 https://vlt-451504312483.d.codeartifact.us-east-1.amazonaws.com/npm/code-artifact-benchmark-test/eslint-scope/-/eslint-scope-7.2.2.tgz 9974ms (cache miss)
npm http fetch GET 200 https://vlt-451504312483.d.codeartifact.us-east-1.amazonaws.com/npm/code-artifact-benchmark-test/doctrine/-/doctrine-3.0.0.tgz 9974ms (cache miss)
npm http fetch GET 200 https://vlt-451504312483.d.codeartifact.us-east-1.amazonaws.com/npm/code-artifact-benchmark-test/eslint-visitor-keys/-/eslint-visitor-keys-3.4.3.tgz 9976ms (cache miss)
npm http fetch GET 200 https://vlt-451504312483.d.codeartifact.us-east-1.amazonaws.com/npm/code-artifact-benchmark-test/cross-spawn/-/cross-spawn-7.0.6.tgz 9991ms (cache miss)
npm http fetch GET 200 https://vlt-451504312483.d.codeartifact.us-east-1.amazonaws.com/npm/code-artifact-benchmark-test/@humanwhocodes/config-array/-/config-array-0.13.0.tgz 10013ms (cache miss)
npm warn deprecated @humanwhocodes/config-array@0.13.0: Use @eslint/config-array instead
npm http fetch GET 200 https://vlt-451504312483.d.codeartifact.us-east-1.amazonaws.com/npm/code-artifact-benchmark-test/@ungap/structured-clone/-/structured-clone-1.4.0.tgz 10015ms (cache miss)
npm http fetch GET 200 https://vlt-451504312483.d.codeartifact.us-east-1.amazonaws.com/npm/code-artifact-benchmark-test/@humanwhocodes/module-importer/-/module-importer-1.0.1.tgz 10016ms (cache miss)
npm http fetch GET 200 https://vlt-451504312483.d.codeartifact.us-east-1.amazonaws.com/npm/code-artifact-benchmark-test/@nodelib/fs.walk/-/fs.walk-1.2.8.tgz 10018ms (cache miss)
npm http fetch GET 200 https://vlt-451504312483.d.codeartifact.us-east-1.amazonaws.com/npm/code-artifact-benchmark-test/globals/-/globals-13.24.0.tgz 10027ms (cache miss)
npm http fetch GET 200 https://vlt-451504312483.d.codeartifact.us-east-1.amazonaws.com/npm/code-artifact-benchmark-test/ajv/-/ajv-6.15.0.tgz 10041ms (cache miss)
npm http fetch GET 200 https://vlt-451504312483.d.codeartifact.us-east-1.amazonaws.com/npm/code-artifact-benchmark-test/@eslint/js/-/js-8.57.1.tgz 10042ms (cache miss)
npm http fetch GET 200 https://vlt-451504312483.d.codeartifact.us-east-1.amazonaws.com/npm/code-artifact-benchmark-test/@eslint-community/regexpp/-/regexpp-4.12.2.tgz 10045ms (cache miss)
npm http fetch GET 200 https://vlt-451504312483.d.codeartifact.us-east-1.amazonaws.com/npm/code-artifact-benchmark-test/@eslint/eslintrc/-/eslintrc-2.1.4.tgz 10051ms (cache miss)
npm http fetch GET 200 https://vlt-451504312483.d.codeartifact.us-east-1.amazonaws.com/npm/code-artifact-benchmark-test/jake/-/jake-10.9.4.tgz 10070ms (cache miss)
npm http fetch GET 200 https://vlt-451504312483.d.codeartifact.us-east-1.amazonaws.com/npm/code-artifact-benchmark-test/eslint-visitor-keys/-/eslint-visitor-keys-3.4.3.tgz 10093ms (cache miss)
npm http fetch GET 200 https://vlt-451504312483.d.codeartifact.us-east-1.amazonaws.com/npm/code-artifact-benchmark-test/async/-/async-3.2.6.tgz 10110ms (cache miss)
npm http fetch GET 200 https://vlt-451504312483.d.codeartifact.us-east-1.amazonaws.com/npm/code-artifact-benchmark-test/@eslint-community/eslint-utils/-/eslint-utils-4.10.1.tgz 10113ms (cache miss)
npm http fetch GET 200 https://vlt-451504312483.d.codeartifact.us-east-1.amazonaws.com/npm/code-artifact-benchmark-test/repeating/-/repeating-2.0.1.tgz 10131ms (cache miss)
npm http fetch GET 200 https://vlt-451504312483.d.codeartifact.us-east-1.amazonaws.com/npm/code-artifact-benchmark-test/@types/minimatch/-/minimatch-5.1.2.tgz 10137ms (cache miss)
npm http fetch GET 200 https://vlt-451504312483.d.codeartifact.us-east-1.amazonaws.com/npm/code-artifact-benchmark-test/rimraf/-/rimraf-2.7.1.tgz 10161ms (cache miss)
npm warn deprecated rimraf@2.7.1: Rimraf versions prior to v4 are no longer supported
npm http fetch GET 200 https://vlt-451504312483.d.codeartifact.us-east-1.amazonaws.com/npm/code-artifact-benchmark-test/glob/-/glob-7.2.3.tgz 10163ms (cache miss)
npm warn deprecated glob@7.2.3: Old versions of glob are not supported, and contain widely publicized security vulnerabilities, which have been fixed in the current version. Please update. Support for old versions may be purchased (at exorbitant rates) by contacting i@izs.me
npm http fetch GET 200 https://vlt-451504312483.d.codeartifact.us-east-1.amazonaws.com/npm/code-artifact-benchmark-test/pify/-/pify-4.0.1.tgz 10165ms (cache miss)
npm http fetch GET 200 https://vlt-451504312483.d.codeartifact.us-east-1.amazonaws.com/npm/code-artifact-benchmark-test/undici-types/-/undici-types-8.9.0.tgz 10167ms (cache miss)
npm http fetch GET 200 https://vlt-451504312483.d.codeartifact.us-east-1.amazonaws.com/npm/code-artifact-benchmark-test/p-map/-/p-map-2.1.0.tgz 10176ms (cache miss)
npm http fetch GET 200 https://vlt-451504312483.d.codeartifact.us-east-1.amazonaws.com/npm/code-artifact-benchmark-test/fbjs/-/fbjs-2.0.0.tgz 10193ms (cache miss)
npm http fetch GET 200 https://vlt-451504312483.d.codeartifact.us-east-1.amazonaws.com/npm/code-artifact-benchmark-test/is-path-in-cwd/-/is-path-in-cwd-2.1.0.tgz 10204ms (cache miss)
npm http fetch GET 200 https://vlt-451504312483.d.codeartifact.us-east-1.amazonaws.com/npm/code-artifact-benchmark-test/glob/-/glob-7.2.3.tgz 10219ms (cache miss)
npm warn deprecated glob@7.2.3: Old versions of glob are not supported, and contain widely publicized security vulnerabilities, which have been fixed in the current version. Please update. Support for old versions may be purchased (at exorbitant rates) by contacting i@izs.me
npm http fetch GET 200 https://vlt-451504312483.d.codeartifact.us-east-1.amazonaws.com/npm/code-artifact-benchmark-test/is-path-cwd/-/is-path-cwd-2.2.0.tgz 10220ms (cache miss)
npm http fetch GET 200 https://vlt-451504312483.d.codeartifact.us-east-1.amazonaws.com/npm/code-artifact-benchmark-test/is-path-inside/-/is-path-inside-2.1.0.tgz 10220ms (cache miss)
npm http fetch GET 200 https://vlt-451504312483.d.codeartifact.us-east-1.amazonaws.com/npm/code-artifact-benchmark-test/globby/-/globby-6.1.0.tgz 10230ms (cache miss)
npm http fetch GET 200 https://vlt-451504312483.d.codeartifact.us-east-1.amazonaws.com/npm/code-artifact-benchmark-test/pify/-/pify-2.3.0.tgz 10245ms (cache miss)
npm http fetch GET 200 https://vlt-451504312483.d.codeartifact.us-east-1.amazonaws.com/npm/code-artifact-benchmark-test/@babel/runtime/-/runtime-7.29.7.tgz 10250ms (cache miss)
npm http fetch GET 200 https://vlt-451504312483.d.codeartifact.us-east-1.amazonaws.com/npm/code-artifact-benchmark-test/@types/glob/-/glob-7.2.0.tgz 10250ms (cache miss)
npm http fetch GET 200 https://vlt-451504312483.d.codeartifact.us-east-1.amazonaws.com/npm/code-artifact-benchmark-test/ms/-/ms-2.1.3.tgz 10253ms (cache miss)
npm http fetch GET 200 https://vlt-451504312483.d.codeartifact.us-east-1.amazonaws.com/npm/code-artifact-benchmark-test/postcss-unique-selectors/-/postcss-unique-selectors-6.0.4.tgz 10266ms (cache miss)
npm http fetch GET 200 https://vlt-451504312483.d.codeartifact.us-east-1.amazonaws.com/npm/code-artifact-benchmark-test/@types/node/-/node-26.6.3.tgz 10271ms (cache miss)
npm http fetch GET 200 https://vlt-451504312483.d.codeartifact.us-east-1.amazonaws.com/npm/code-artifact-benchmark-test/postcss-svgo/-/postcss-svgo-6.0.3.tgz 10272ms (cache miss)
npm http fetch GET 200 https://vlt-451504312483.d.codeartifact.us-east-1.amazonaws.com/npm/code-artifact-benchmark-test/postcss-reduce-transforms/-/postcss-reduce-transforms-6.0.2.tgz 10276ms (cache miss)
npm http fetch GET 200 https://vlt-451504312483.d.codeartifact.us-east-1.amazonaws.com/npm/code-artifact-benchmark-test/postcss-reduce-initial/-/postcss-reduce-initial-6.1.0.tgz 10283ms (cache miss)
npm http fetch GET 200 https://vlt-451504312483.d.codeartifact.us-east-1.amazonaws.com/npm/code-artifact-benchmark-test/postcss-ordered-values/-/postcss-ordered-values-6.0.2.tgz 10292ms (cache miss)
npm http fetch GET 200 https://vlt-451504312483.d.codeartifact.us-east-1.amazonaws.com/npm/code-artifact-benchmark-test/postcss-normalize-whitespace/-/postcss-normalize-whitespace-6.0.2.tgz 10313ms (cache miss)
npm http fetch GET 200 https://vlt-451504312483.d.codeartifact.us-east-1.amazonaws.com/npm/code-artifact-benchmark-test/postcss-normalize-string/-/postcss-normalize-string-6.0.2.tgz 10343ms (cache miss)
npm http fetch GET 200 https://vlt-451504312483.d.codeartifact.us-east-1.amazonaws.com/npm/code-artifact-benchmark-test/postcss-normalize-url/-/postcss-normalize-url-6.0.2.tgz 10344ms (cache miss)
npm http fetch GET 200 https://vlt-451504312483.d.codeartifact.us-east-1.amazonaws.com/npm/code-artifact-benchmark-test/postcss-normalize-unicode/-/postcss-normalize-unicode-6.1.0.tgz 10345ms (cache miss)
npm http fetch GET 200 https://vlt-451504312483.d.codeartifact.us-east-1.amazonaws.com/npm/code-artifact-benchmark-test/postcss-normalize-repeat-style/-/postcss-normalize-repeat-style-6.0.2.tgz 10358ms (cache miss)
npm http fetch GET 200 https://vlt-451504312483.d.codeartifact.us-east-1.amazonaws.com/npm/code-artifact-benchmark-test/postcss-normalize-timing-functions/-/postcss-normalize-timing-functions-6.0.2.tgz 10374ms (cache miss)
npm http fetch GET 200 https://vlt-451504312483.d.codeartifact.us-east-1.amazonaws.com/npm/code-artifact-benchmark-test/postcss-normalize-positions/-/postcss-normalize-positions-6.0.2.tgz 10381ms (cache miss)
npm http fetch GET 200 https://vlt-451504312483.d.codeartifact.us-east-1.amazonaws.com/npm/code-artifact-benchmark-test/postcss-minify-params/-/postcss-minify-params-6.1.0.tgz 10390ms (cache miss)
npm http fetch GET 200 https://vlt-451504312483.d.codeartifact.us-east-1.amazonaws.com/npm/code-artifact-benchmark-test/postcss-normalize-charset/-/postcss-normalize-charset-6.0.2.tgz 10401ms (cache miss)
npm http fetch GET 200 https://vlt-451504312483.d.codeartifact.us-east-1.amazonaws.com/npm/code-artifact-benchmark-test/postcss-normalize-display-values/-/postcss-normalize-display-values-6.0.2.tgz 10401ms (cache miss)
npm http fetch GET 200 https://vlt-451504312483.d.codeartifact.us-east-1.amazonaws.com/npm/code-artifact-benchmark-test/postcss-minify-gradients/-/postcss-minify-gradients-6.0.3.tgz 10401ms (cache miss)
npm http fetch GET 200 https://vlt-451504312483.d.codeartifact.us-east-1.amazonaws.com/npm/code-artifact-benchmark-test/postcss-merge-rules/-/postcss-merge-rules-6.1.1.tgz 10410ms (cache miss)
npm http fetch GET 200 https://vlt-451504312483.d.codeartifact.us-east-1.amazonaws.com/npm/code-artifact-benchmark-test/postcss-minify-selectors/-/postcss-minify-selectors-6.0.4.tgz 10417ms (cache miss)
npm http fetch GET 200 https://vlt-451504312483.d.codeartifact.us-east-1.amazonaws.com/npm/code-artifact-benchmark-test/postcss-minify-font-values/-/postcss-minify-font-values-6.1.0.tgz 10458ms (cache miss)
npm http fetch GET 200 https://vlt-451504312483.d.codeartifact.us-east-1.amazonaws.com/npm/code-artifact-benchmark-test/postcss-discard-overridden/-/postcss-discard-overridden-6.0.2.tgz 10464ms (cache miss)
npm http fetch GET 200 https://vlt-451504312483.d.codeartifact.us-east-1.amazonaws.com/npm/code-artifact-benchmark-test/postcss-discard-empty/-/postcss-discard-empty-6.0.3.tgz 10471ms (cache miss)
npm http fetch GET 200 https://vlt-451504312483.d.codeartifact.us-east-1.amazonaws.com/npm/code-artifact-benchmark-test/postcss-discard-duplicates/-/postcss-discard-duplicates-6.0.3.tgz 10471ms (cache miss)
npm http fetch GET 200 https://vlt-451504312483.d.codeartifact.us-east-1.amazonaws.com/npm/code-artifact-benchmark-test/postcss-merge-longhand/-/postcss-merge-longhand-6.0.5.tgz 10472ms (cache miss)
npm http fetch GET 200 https://vlt-451504312483.d.codeartifact.us-east-1.amazonaws.com/npm/code-artifact-benchmark-test/postcss-convert-values/-/postcss-convert-values-6.1.0.tgz 10481ms (cache miss)
npm http fetch GET 200 https://vlt-451504312483.d.codeartifact.us-east-1.amazonaws.com/npm/code-artifact-benchmark-test/postcss-discard-comments/-/postcss-discard-comments-6.0.2.tgz 10483ms (cache miss)
npm http fetch GET 200 https://vlt-451504312483.d.codeartifact.us-east-1.amazonaws.com/npm/code-artifact-benchmark-test/postcss-colormin/-/postcss-colormin-6.1.0.tgz 10503ms (cache miss)
npm http fetch GET 200 https://vlt-451504312483.d.codeartifact.us-east-1.amazonaws.com/npm/code-artifact-benchmark-test/cssnano-utils/-/cssnano-utils-4.0.2.tgz 10515ms (cache miss)
npm http fetch GET 200 https://vlt-451504312483.d.codeartifact.us-east-1.amazonaws.com/npm/code-artifact-benchmark-test/lilconfig/-/lilconfig-3.1.3.tgz 10526ms (cache miss)
npm http fetch GET 200 https://vlt-451504312483.d.codeartifact.us-east-1.amazonaws.com/npm/code-artifact-benchmark-test/minimist/-/minimist-1.2.8.tgz 10532ms (cache miss)
npm http fetch GET 200 https://vlt-451504312483.d.codeartifact.us-east-1.amazonaws.com/npm/code-artifact-benchmark-test/postcss-modules-values/-/postcss-modules-values-4.0.0.tgz 10545ms (cache miss)
npm http fetch GET 200 https://vlt-451504312483.d.codeartifact.us-east-1.amazonaws.com/npm/code-artifact-benchmark-test/cssnano-preset-default/-/cssnano-preset-default-6.1.2.tgz 10558ms (cache miss)
npm http fetch GET 200 https://vlt-451504312483.d.codeartifact.us-east-1.amazonaws.com/npm/code-artifact-benchmark-test/css-declaration-sorter/-/css-declaration-sorter-7.4.0.tgz 10563ms (cache miss)
npm http fetch GET 200 https://vlt-451504312483.d.codeartifact.us-east-1.amazonaws.com/npm/code-artifact-benchmark-test/postcss-calc/-/postcss-calc-9.0.1.tgz 10563ms (cache miss)
npm http fetch GET 200 https://vlt-451504312483.d.codeartifact.us-east-1.amazonaws.com/npm/code-artifact-benchmark-test/postcss-modules-scope/-/postcss-modules-scope-3.2.1.tgz 10571ms (cache miss)
npm http fetch GET 200 https://vlt-451504312483.d.codeartifact.us-east-1.amazonaws.com/npm/code-artifact-benchmark-test/postcss-modules-local-by-default/-/postcss-modules-local-by-default-4.2.0.tgz 10592ms (cache miss)
npm http fetch GET 200 https://vlt-451504312483.d.codeartifact.us-east-1.amazonaws.com/npm/code-artifact-benchmark-test/postcss-modules-extract-imports/-/postcss-modules-extract-imports-3.1.0.tgz 10596ms (cache miss)
npm http fetch GET 200 https://vlt-451504312483.d.codeartifact.us-east-1.amazonaws.com/npm/code-artifact-benchmark-test/object-assign/-/object-assign-4.1.1.tgz 10599ms (cache miss)
npm http fetch GET 200 https://vlt-451504312483.d.codeartifact.us-east-1.amazonaws.com/npm/code-artifact-benchmark-test/icss-utils/-/icss-utils-5.1.0.tgz 10605ms (cache miss)
npm http fetch GET 200 https://vlt-451504312483.d.codeartifact.us-east-1.amazonaws.com/npm/code-artifact-benchmark-test/postcss-selector-parser/-/postcss-selector-parser-7.1.6.tgz 10613ms (cache miss)
npm http fetch GET 200 https://vlt-451504312483.d.codeartifact.us-east-1.amazonaws.com/npm/code-artifact-benchmark-test/postcss-selector-parser/-/postcss-selector-parser-7.1.6.tgz 10615ms (cache miss)
npm http fetch GET 200 https://vlt-451504312483.d.codeartifact.us-east-1.amazonaws.com/npm/code-artifact-benchmark-test/loose-envify/-/loose-envify-1.4.0.tgz 10628ms (cache miss)
npm http fetch GET 200 https://vlt-451504312483.d.codeartifact.us-east-1.amazonaws.com/npm/code-artifact-benchmark-test/del/-/del-4.1.1.tgz 10638ms (cache miss)
npm http fetch GET 200 https://vlt-451504312483.d.codeartifact.us-east-1.amazonaws.com/npm/code-artifact-benchmark-test/supports-color/-/supports-color-2.0.0.tgz 10648ms (cache miss)
npm http fetch GET 200 https://vlt-451504312483.d.codeartifact.us-east-1.amazonaws.com/npm/code-artifact-benchmark-test/strip-ansi/-/strip-ansi-3.0.1.tgz 10655ms (cache miss)
npm http fetch GET 200 https://vlt-451504312483.d.codeartifact.us-east-1.amazonaws.com/npm/code-artifact-benchmark-test/update-browserslist-db/-/update-browserslist-db-1.3.3.tgz 10669ms (cache miss)
npm http fetch GET 200 https://vlt-451504312483.d.codeartifact.us-east-1.amazonaws.com/npm/code-artifact-benchmark-test/ansi-styles/-/ansi-styles-2.2.1.tgz 10677ms (cache miss)
npm http fetch GET 200 https://vlt-451504312483.d.codeartifact.us-east-1.amazonaws.com/npm/code-artifact-benchmark-test/escape-string-regexp/-/escape-string-regexp-1.0.5.tgz 10684ms (cache miss)
npm http fetch GET 200 https://vlt-451504312483.d.codeartifact.us-east-1.amazonaws.com/npm/code-artifact-benchmark-test/has-ansi/-/has-ansi-2.0.0.tgz 10706ms (cache miss)
npm http fetch GET 200 https://vlt-451504312483.d.codeartifact.us-east-1.amazonaws.com/npm/code-artifact-benchmark-test/node-releases/-/node-releases-2.0.57.tgz 10717ms (cache miss)
npm http fetch GET 200 https://vlt-451504312483.d.codeartifact.us-east-1.amazonaws.com/npm/code-artifact-benchmark-test/electron-to-chromium/-/electron-to-chromium-1.5.443.tgz 10719ms (cache miss)
npm http fetch GET 200 https://vlt-451504312483.d.codeartifact.us-east-1.amazonaws.com/npm/code-artifact-benchmark-test/source-map-support/-/source-map-support-0.4.18.tgz 10719ms (cache miss)
npm http fetch GET 200 https://vlt-451504312483.d.codeartifact.us-east-1.amazonaws.com/npm/code-artifact-benchmark-test/baseline-browser-mapping/-/baseline-browser-mapping-2.11.26.tgz 10721ms (cache miss)
npm http fetch GET 200 https://vlt-451504312483.d.codeartifact.us-east-1.amazonaws.com/npm/code-artifact-benchmark-test/to-fast-properties/-/to-fast-properties-1.0.3.tgz 10725ms (cache miss)
npm http fetch GET 200 https://vlt-451504312483.d.codeartifact.us-east-1.amazonaws.com/npm/code-artifact-benchmark-test/invariant/-/invariant-2.2.4.tgz 10725ms (cache miss)
npm http fetch GET 200 https://vlt-451504312483.d.codeartifact.us-east-1.amazonaws.com/npm/code-artifact-benchmark-test/globals/-/globals-9.18.0.tgz 10736ms (cache miss)
npm http fetch GET 200 https://vlt-451504312483.d.codeartifact.us-east-1.amazonaws.com/npm/code-artifact-benchmark-test/mkdirp/-/mkdirp-0.5.6.tgz 10760ms (cache miss)
npm http fetch GET 200 https://vlt-451504312483.d.codeartifact.us-east-1.amazonaws.com/npm/code-artifact-benchmark-test/home-or-tmp/-/home-or-tmp-2.0.0.tgz 10761ms (cache miss)
npm http fetch GET 200 https://vlt-451504312483.d.codeartifact.us-east-1.amazonaws.com/npm/code-artifact-benchmark-test/babel-plugin-syntax-object-rest-spread/-/babel-plugin-syntax-object-rest-spread-6.13.0.tgz 10767ms (cache miss)
npm http fetch GET 200 https://vlt-451504312483.d.codeartifact.us-east-1.amazonaws.com/npm/code-artifact-benchmark-test/babel-helper-explode-assignable-expression/-/babel-helper-explode-assignable-expression-6.24.1.tgz 10776ms (cache miss)
npm http fetch GET 200 https://vlt-451504312483.d.codeartifact.us-east-1.amazonaws.com/npm/code-artifact-benchmark-test/babel-plugin-syntax-async-functions/-/babel-plugin-syntax-async-functions-6.13.0.tgz 10808ms (cache miss)
npm http fetch GET 200 https://vlt-451504312483.d.codeartifact.us-east-1.amazonaws.com/npm/code-artifact-benchmark-test/babel-helper-builder-binary-assignment-operator-visitor/-/babel-helper-builder-binary-assignment-operator-visitor-6.24.1.tgz 10811ms (cache miss)
npm http fetch GET 200 https://vlt-451504312483.d.codeartifact.us-east-1.amazonaws.com/npm/code-artifact-benchmark-test/babel-plugin-syntax-exponentiation-operator/-/babel-plugin-syntax-exponentiation-operator-6.13.0.tgz 10818ms (cache miss)
npm http fetch GET 200 https://vlt-451504312483.d.codeartifact.us-east-1.amazonaws.com/npm/code-artifact-benchmark-test/babel-plugin-transform-object-rest-spread/-/babel-plugin-transform-object-rest-spread-6.26.0.tgz 10836ms (cache miss)
npm http fetch GET 200 https://vlt-451504312483.d.codeartifact.us-east-1.amazonaws.com/npm/code-artifact-benchmark-test/babel-plugin-syntax-async-generators/-/babel-plugin-syntax-async-generators-6.13.0.tgz 10837ms (cache miss)
npm http fetch GET 200 https://vlt-451504312483.d.codeartifact.us-east-1.amazonaws.com/npm/code-artifact-benchmark-test/babel-plugin-transform-exponentiation-operator/-/babel-plugin-transform-exponentiation-operator-6.24.1.tgz 10839ms (cache miss)
npm http fetch GET 200 https://vlt-451504312483.d.codeartifact.us-east-1.amazonaws.com/npm/code-artifact-benchmark-test/babel-plugin-syntax-trailing-function-commas/-/babel-plugin-syntax-trailing-function-commas-6.22.0.tgz 10845ms (cache miss)
npm http fetch GET 200 https://vlt-451504312483.d.codeartifact.us-east-1.amazonaws.com/npm/code-artifact-benchmark-test/babel-plugin-transform-async-generator-functions/-/babel-plugin-transform-async-generator-functions-6.24.1.tgz 10857ms (cache miss)
npm http fetch GET 200 https://vlt-451504312483.d.codeartifact.us-east-1.amazonaws.com/npm/code-artifact-benchmark-test/babel-helper-bindify-decorators/-/babel-helper-bindify-decorators-6.24.1.tgz 10862ms (cache miss)
npm http fetch GET 200 https://vlt-451504312483.d.codeartifact.us-east-1.amazonaws.com/npm/code-artifact-benchmark-test/babel-plugin-transform-async-to-generator/-/babel-plugin-transform-async-to-generator-6.24.1.tgz 10866ms (cache miss)
npm http fetch GET 200 https://vlt-451504312483.d.codeartifact.us-east-1.amazonaws.com/npm/code-artifact-benchmark-test/babel-helper-remap-async-to-generator/-/babel-helper-remap-async-to-generator-6.24.1.tgz 10872ms (cache miss)
npm http fetch GET 200 https://vlt-451504312483.d.codeartifact.us-east-1.amazonaws.com/npm/code-artifact-benchmark-test/babel-plugin-syntax-class-properties/-/babel-plugin-syntax-class-properties-6.13.0.tgz 10879ms (cache miss)
npm http fetch GET 200 https://vlt-451504312483.d.codeartifact.us-east-1.amazonaws.com/npm/code-artifact-benchmark-test/babel-helper-explode-class/-/babel-helper-explode-class-6.24.1.tgz 10886ms (cache miss)
npm http fetch GET 200 https://vlt-451504312483.d.codeartifact.us-east-1.amazonaws.com/npm/code-artifact-benchmark-test/babel-plugin-transform-decorators/-/babel-plugin-transform-decorators-6.24.1.tgz 10919ms (cache miss)
npm http fetch GET 200 https://vlt-451504312483.d.codeartifact.us-east-1.amazonaws.com/npm/code-artifact-benchmark-test/babel-plugin-transform-class-properties/-/babel-plugin-transform-class-properties-6.24.1.tgz 10937ms (cache miss)
npm http fetch GET 200 https://vlt-451504312483.d.codeartifact.us-east-1.amazonaws.com/npm/code-artifact-benchmark-test/babel-plugin-syntax-dynamic-import/-/babel-plugin-syntax-dynamic-import-6.18.0.tgz 10940ms (cache miss)
npm http fetch GET 200 https://vlt-451504312483.d.codeartifact.us-east-1.amazonaws.com/npm/code-artifact-benchmark-test/babel-preset-stage-3/-/babel-preset-stage-3-6.24.1.tgz 10950ms (cache miss)
npm http fetch GET 200 https://vlt-451504312483.d.codeartifact.us-east-1.amazonaws.com/npm/code-artifact-benchmark-test/babel-plugin-syntax-class-constructor-call/-/babel-plugin-syntax-class-constructor-call-6.18.0.tgz 10969ms (cache miss)
npm http fetch GET 200 https://vlt-451504312483.d.codeartifact.us-east-1.amazonaws.com/npm/code-artifact-benchmark-test/babel-plugin-transform-export-extensions/-/babel-plugin-transform-export-extensions-6.22.0.tgz 10968ms (cache miss)
npm http fetch GET 200 https://vlt-451504312483.d.codeartifact.us-east-1.amazonaws.com/npm/code-artifact-benchmark-test/babel-preset-stage-2/-/babel-preset-stage-2-6.24.1.tgz 10968ms (cache miss)
npm http fetch GET 200 https://vlt-451504312483.d.codeartifact.us-east-1.amazonaws.com/npm/code-artifact-benchmark-test/babel-plugin-syntax-export-extensions/-/babel-plugin-syntax-export-extensions-6.13.0.tgz 10970ms (cache miss)
npm http fetch GET 200 https://vlt-451504312483.d.codeartifact.us-east-1.amazonaws.com/npm/code-artifact-benchmark-test/react-transform-hmr/-/react-transform-hmr-1.0.4.tgz 10972ms (cache miss)
npm http fetch GET 200 https://vlt-451504312483.d.codeartifact.us-east-1.amazonaws.com/npm/code-artifact-benchmark-test/babel-plugin-transform-class-constructor-call/-/babel-plugin-transform-class-constructor-call-6.24.1.tgz 10976ms (cache miss)
npm http fetch GET 200 https://vlt-451504312483.d.codeartifact.us-east-1.amazonaws.com/npm/code-artifact-benchmark-test/babel-plugin-syntax-flow/-/babel-plugin-syntax-flow-6.18.0.tgz 10991ms (cache miss)
npm http fetch GET 200 https://vlt-451504312483.d.codeartifact.us-east-1.amazonaws.com/npm/code-artifact-benchmark-test/babel-plugin-transform-flow-strip-types/-/babel-plugin-transform-flow-strip-types-6.22.0.tgz 11014ms (cache miss)
npm http fetch GET 200 https://vlt-451504312483.d.codeartifact.us-east-1.amazonaws.com/npm/code-artifact-benchmark-test/babel-plugin-react-transform/-/babel-plugin-react-transform-2.0.2.tgz 11025ms (cache miss)
npm http fetch GET 200 https://vlt-451504312483.d.codeartifact.us-east-1.amazonaws.com/npm/code-artifact-benchmark-test/babel-helper-builder-react-jsx/-/babel-helper-builder-react-jsx-6.26.0.tgz 11027ms (cache miss)
npm http fetch GET 200 https://vlt-451504312483.d.codeartifact.us-east-1.amazonaws.com/npm/code-artifact-benchmark-test/babel-preset-flow/-/babel-preset-flow-6.23.0.tgz 11061ms (cache miss)
npm http fetch GET 200 https://vlt-451504312483.d.codeartifact.us-east-1.amazonaws.com/npm/code-artifact-benchmark-test/babel-plugin-transform-react-jsx-source/-/babel-plugin-transform-react-jsx-source-6.22.0.tgz 11060ms (cache miss)
npm http fetch GET 200 https://vlt-451504312483.d.codeartifact.us-east-1.amazonaws.com/npm/code-artifact-benchmark-test/react-transform-catch-errors/-/react-transform-catch-errors-1.0.2.tgz 11073ms (cache miss)
npm http fetch GET 200 https://vlt-451504312483.d.codeartifact.us-east-1.amazonaws.com/npm/code-artifact-benchmark-test/babel-plugin-transform-react-jsx-self/-/babel-plugin-transform-react-jsx-self-6.22.0.tgz 11072ms (cache miss)
npm http fetch GET 200 https://vlt-451504312483.d.codeartifact.us-east-1.amazonaws.com/npm/code-artifact-benchmark-test/babel-plugin-transform-react-jsx/-/babel-plugin-transform-react-jsx-6.24.1.tgz 11073ms (cache miss)
npm http fetch GET 200 https://vlt-451504312483.d.codeartifact.us-east-1.amazonaws.com/npm/code-artifact-benchmark-test/babel-plugin-syntax-jsx/-/babel-plugin-syntax-jsx-6.18.0.tgz 11092ms (cache miss)
npm http fetch GET 200 https://vlt-451504312483.d.codeartifact.us-east-1.amazonaws.com/npm/code-artifact-benchmark-test/regexpu-core/-/regexpu-core-2.0.0.tgz 11091ms (cache miss)
npm http fetch GET 200 https://vlt-451504312483.d.codeartifact.us-east-1.amazonaws.com/npm/code-artifact-benchmark-test/regenerator-transform/-/regenerator-transform-0.10.1.tgz 11097ms (cache miss)
npm http fetch GET 200 https://vlt-451504312483.d.codeartifact.us-east-1.amazonaws.com/npm/code-artifact-benchmark-test/babel-helper-call-delegate/-/babel-helper-call-delegate-6.24.1.tgz 11102ms (cache miss)
npm http fetch GET 200 https://vlt-451504312483.d.codeartifact.us-east-1.amazonaws.com/npm/code-artifact-benchmark-test/babel-plugin-transform-react-display-name/-/babel-plugin-transform-react-display-name-6.25.0.tgz 11112ms (cache miss)
npm http fetch GET 200 https://vlt-451504312483.d.codeartifact.us-east-1.amazonaws.com/npm/code-artifact-benchmark-test/babel-helper-regex/-/babel-helper-regex-6.26.0.tgz 11111ms (cache miss)
npm http fetch GET 200 https://vlt-451504312483.d.codeartifact.us-east-1.amazonaws.com/npm/code-artifact-benchmark-test/babel-helper-get-function-arity/-/babel-helper-get-function-arity-6.24.1.tgz 11130ms (cache miss)
npm http fetch GET 200 https://vlt-451504312483.d.codeartifact.us-east-1.amazonaws.com/npm/code-artifact-benchmark-test/babel-helper-hoist-variables/-/babel-helper-hoist-variables-6.24.1.tgz 11141ms (cache miss)
npm http fetch GET 200 https://vlt-451504312483.d.codeartifact.us-east-1.amazonaws.com/npm/code-artifact-benchmark-test/babel-helper-replace-supers/-/babel-helper-replace-supers-6.24.1.tgz 11347ms (cache miss)
npm http fetch GET 200 https://vlt-451504312483.d.codeartifact.us-east-1.amazonaws.com/npm/code-artifact-benchmark-test/babel-plugin-transform-strict-mode/-/babel-plugin-transform-strict-mode-6.24.1.tgz 11351ms (cache miss)
npm http fetch GET 200 https://vlt-451504312483.d.codeartifact.us-east-1.amazonaws.com/npm/code-artifact-benchmark-test/babel-helper-optimise-call-expression/-/babel-helper-optimise-call-expression-6.24.1.tgz 11351ms (cache miss)
npm http fetch GET 200 https://vlt-451504312483.d.codeartifact.us-east-1.amazonaws.com/npm/code-artifact-benchmark-test/babel-helper-function-name/-/babel-helper-function-name-6.24.1.tgz 11351ms (cache miss)
npm http fetch GET 200 https://vlt-451504312483.d.codeartifact.us-east-1.amazonaws.com/npm/code-artifact-benchmark-test/babel-plugin-transform-es2015-unicode-regex/-/babel-plugin-transform-es2015-unicode-regex-6.24.1.tgz 11351ms (cache miss)
npm http fetch GET 200 https://vlt-451504312483.d.codeartifact.us-east-1.amazonaws.com/npm/code-artifact-benchmark-test/babel-helper-define-map/-/babel-helper-define-map-6.26.0.tgz 11352ms (cache miss)
npm http fetch GET 200 https://vlt-451504312483.d.codeartifact.us-east-1.amazonaws.com/npm/code-artifact-benchmark-test/babel-plugin-transform-regenerator/-/babel-plugin-transform-regenerator-6.26.0.tgz 11351ms (cache miss)
npm http fetch GET 200 https://vlt-451504312483.d.codeartifact.us-east-1.amazonaws.com/npm/code-artifact-benchmark-test/babel-plugin-transform-es2015-template-literals/-/babel-plugin-transform-es2015-template-literals-6.22.0.tgz 11351ms (cache miss)
npm http fetch GET 200 https://vlt-451504312483.d.codeartifact.us-east-1.amazonaws.com/npm/code-artifact-benchmark-test/babel-plugin-transform-es2015-typeof-symbol/-/babel-plugin-transform-es2015-typeof-symbol-6.23.0.tgz 11351ms (cache miss)
npm http fetch GET 200 https://vlt-451504312483.d.codeartifact.us-east-1.amazonaws.com/npm/code-artifact-benchmark-test/babel-plugin-transform-es2015-sticky-regex/-/babel-plugin-transform-es2015-sticky-regex-6.24.1.tgz 11352ms (cache miss)
npm http fetch GET 200 https://vlt-451504312483.d.codeartifact.us-east-1.amazonaws.com/npm/code-artifact-benchmark-test/babel-plugin-transform-es2015-shorthand-properties/-/babel-plugin-transform-es2015-shorthand-properties-6.24.1.tgz 11351ms (cache miss)
npm http fetch GET 200 https://vlt-451504312483.d.codeartifact.us-east-1.amazonaws.com/npm/code-artifact-benchmark-test/babel-plugin-transform-es2015-parameters/-/babel-plugin-transform-es2015-parameters-6.24.1.tgz 11351ms (cache miss)
npm http fetch GET 200 https://vlt-451504312483.d.codeartifact.us-east-1.amazonaws.com/npm/code-artifact-benchmark-test/babel-plugin-transform-es2015-spread/-/babel-plugin-transform-es2015-spread-6.22.0.tgz 11351ms (cache miss)
npm http fetch GET 200 https://vlt-451504312483.d.codeartifact.us-east-1.amazonaws.com/npm/code-artifact-benchmark-test/babel-plugin-transform-es2015-modules-umd/-/babel-plugin-transform-es2015-modules-umd-6.24.1.tgz 11352ms (cache miss)
npm http fetch GET 200 https://vlt-451504312483.d.codeartifact.us-east-1.amazonaws.com/npm/code-artifact-benchmark-test/babel-plugin-transform-es2015-object-super/-/babel-plugin-transform-es2015-object-super-6.24.1.tgz 11352ms (cache miss)
npm http fetch GET 200 https://vlt-451504312483.d.codeartifact.us-east-1.amazonaws.com/npm/code-artifact-benchmark-test/babel-plugin-transform-es2015-modules-systemjs/-/babel-plugin-transform-es2015-modules-systemjs-6.24.1.tgz 11351ms (cache miss)
npm http fetch GET 200 https://vlt-451504312483.d.codeartifact.us-east-1.amazonaws.com/npm/code-artifact-benchmark-test/babel-plugin-transform-es2015-literals/-/babel-plugin-transform-es2015-literals-6.22.0.tgz 11351ms (cache miss)
npm http fetch GET 200 https://vlt-451504312483.d.codeartifact.us-east-1.amazonaws.com/npm/code-artifact-benchmark-test/babel-plugin-transform-es2015-modules-commonjs/-/babel-plugin-transform-es2015-modules-commonjs-6.26.2.tgz 11351ms (cache miss)
npm http fetch GET 200 https://vlt-451504312483.d.codeartifact.us-east-1.amazonaws.com/npm/code-artifact-benchmark-test/babel-plugin-transform-es2015-function-name/-/babel-plugin-transform-es2015-function-name-6.24.1.tgz 11352ms (cache miss)
npm http fetch GET 200 https://vlt-451504312483.d.codeartifact.us-east-1.amazonaws.com/npm/code-artifact-benchmark-test/babel-plugin-transform-es2015-for-of/-/babel-plugin-transform-es2015-for-of-6.23.0.tgz 11351ms (cache miss)
npm http fetch GET 200 https://vlt-451504312483.d.codeartifact.us-east-1.amazonaws.com/npm/code-artifact-benchmark-test/babel-plugin-transform-es2015-duplicate-keys/-/babel-plugin-transform-es2015-duplicate-keys-6.24.1.tgz 11358ms (cache miss)
npm http fetch GET 200 https://vlt-451504312483.d.codeartifact.us-east-1.amazonaws.com/npm/code-artifact-benchmark-test/babel-plugin-transform-es2015-block-scoping/-/babel-plugin-transform-es2015-block-scoping-6.26.0.tgz 11359ms (cache miss)
npm http fetch GET 200 https://vlt-451504312483.d.codeartifact.us-east-1.amazonaws.com/npm/code-artifact-benchmark-test/babel-plugin-transform-es2015-computed-properties/-/babel-plugin-transform-es2015-computed-properties-6.24.1.tgz 11366ms (cache miss)
npm http fetch GET 200 https://vlt-451504312483.d.codeartifact.us-east-1.amazonaws.com/npm/code-artifact-benchmark-test/babel-plugin-transform-es2015-classes/-/babel-plugin-transform-es2015-classes-6.24.1.tgz 11366ms (cache miss)
npm http fetch GET 200 https://vlt-451504312483.d.codeartifact.us-east-1.amazonaws.com/npm/code-artifact-benchmark-test/babel-plugin-transform-es2015-destructuring/-/babel-plugin-transform-es2015-destructuring-6.23.0.tgz 11367ms (cache miss)
npm http fetch GET 200 https://vlt-451504312483.d.codeartifact.us-east-1.amazonaws.com/npm/code-artifact-benchmark-test/babel-plugin-transform-es2015-block-scoped-functions/-/babel-plugin-transform-es2015-block-scoped-functions-6.22.0.tgz 11366ms (cache miss)
npm http fetch GET 200 https://vlt-451504312483.d.codeartifact.us-east-1.amazonaws.com/npm/code-artifact-benchmark-test/babel-plugin-transform-es2015-modules-amd/-/babel-plugin-transform-es2015-modules-amd-6.24.1.tgz 11369ms (cache miss)
npm http fetch GET 200 https://vlt-451504312483.d.codeartifact.us-east-1.amazonaws.com/npm/code-artifact-benchmark-test/babel-plugin-transform-es2015-arrow-functions/-/babel-plugin-transform-es2015-arrow-functions-6.22.0.tgz 11369ms (cache miss)
npm http fetch GET 200 https://vlt-451504312483.d.codeartifact.us-east-1.amazonaws.com/npm/code-artifact-benchmark-test/core-js/-/core-js-3.50.0.tgz 11399ms (cache miss)
npm http fetch GET 200 https://vlt-451504312483.d.codeartifact.us-east-1.amazonaws.com/npm/code-artifact-benchmark-test/babel-plugin-check-es2015-constants/-/babel-plugin-check-es2015-constants-6.22.0.tgz 11385ms (cache miss)
npm http fetch GET 200 https://vlt-451504312483.d.codeartifact.us-east-1.amazonaws.com/npm/code-artifact-benchmark-test/regenerator-runtime/-/regenerator-runtime-0.10.5.tgz 11390ms (cache miss)
npm http fetch GET 200 https://vlt-451504312483.d.codeartifact.us-east-1.amazonaws.com/npm/code-artifact-benchmark-test/babel-plugin-syntax-decorators/-/babel-plugin-syntax-decorators-6.13.0.tgz 11405ms (cache miss)
npm http fetch GET 200 https://vlt-451504312483.d.codeartifact.us-east-1.amazonaws.com/npm/code-artifact-benchmark-test/pkg-up/-/pkg-up-3.1.0.tgz 11438ms (cache miss)
npm http fetch GET 200 https://vlt-451504312483.d.codeartifact.us-east-1.amazonaws.com/npm/code-artifact-benchmark-test/reselect/-/reselect-4.1.8.tgz 11442ms (cache miss)
npm http fetch GET 200 https://vlt-451504312483.d.codeartifact.us-east-1.amazonaws.com/npm/code-artifact-benchmark-test/p-limit/-/p-limit-2.3.0.tgz 11443ms (cache miss)
npm http fetch GET 200 https://vlt-451504312483.d.codeartifact.us-east-1.amazonaws.com/npm/code-artifact-benchmark-test/path-exists/-/path-exists-3.0.0.tgz 11468ms (cache miss)
npm http fetch GET 200 https://vlt-451504312483.d.codeartifact.us-east-1.amazonaws.com/npm/code-artifact-benchmark-test/find-up/-/find-up-3.0.0.tgz 11480ms (cache miss)
npm http fetch GET 200 https://vlt-451504312483.d.codeartifact.us-east-1.amazonaws.com/npm/code-artifact-benchmark-test/require-package-name/-/require-package-name-2.0.1.tgz 11480ms (cache miss)
npm http fetch GET 200 https://vlt-451504312483.d.codeartifact.us-east-1.amazonaws.com/npm/code-artifact-benchmark-test/p-locate/-/p-locate-3.0.0.tgz 11481ms (cache miss)
npm http fetch GET 200 https://vlt-451504312483.d.codeartifact.us-east-1.amazonaws.com/npm/code-artifact-benchmark-test/find-babel-config/-/find-babel-config-2.1.2.tgz 11489ms (cache miss)
npm http fetch GET 200 https://vlt-451504312483.d.codeartifact.us-east-1.amazonaws.com/npm/code-artifact-benchmark-test/locate-path/-/locate-path-3.0.0.tgz 11490ms (cache miss)
npm http fetch GET 200 https://vlt-451504312483.d.codeartifact.us-east-1.amazonaws.com/npm/code-artifact-benchmark-test/schema-utils/-/schema-utils-4.5.0.tgz 11494ms (cache miss)
npm http fetch GET 200 https://vlt-451504312483.d.codeartifact.us-east-1.amazonaws.com/npm/code-artifact-benchmark-test/json-schema-traverse/-/json-schema-traverse-1.0.0.tgz 11507ms (cache miss)
npm http fetch GET 200 https://vlt-451504312483.d.codeartifact.us-east-1.amazonaws.com/npm/code-artifact-benchmark-test/find-cache-dir/-/find-cache-dir-4.0.0.tgz 11529ms (cache miss)
npm http fetch GET 200 https://vlt-451504312483.d.codeartifact.us-east-1.amazonaws.com/npm/code-artifact-benchmark-test/detect-indent/-/detect-indent-4.0.0.tgz 11558ms (cache miss)
npm http fetch GET 200 https://vlt-451504312483.d.codeartifact.us-east-1.amazonaws.com/npm/code-artifact-benchmark-test/trim-right/-/trim-right-1.0.1.tgz 11587ms (cache miss)
npm http fetch GET 200 https://vlt-451504312483.d.codeartifact.us-east-1.amazonaws.com/npm/code-artifact-benchmark-test/esutils/-/esutils-2.0.3.tgz 11598ms (cache miss)
npm http fetch GET 200 https://vlt-451504312483.d.codeartifact.us-east-1.amazonaws.com/npm/code-artifact-benchmark-test/eslint-visitor-keys/-/eslint-visitor-keys-1.3.0.tgz 11600ms (cache miss)
npm http fetch GET 200 https://vlt-451504312483.d.codeartifact.us-east-1.amazonaws.com/npm/code-artifact-benchmark-test/private/-/private-0.1.8.tgz 11605ms (cache miss)
npm http fetch GET 200 https://vlt-451504312483.d.codeartifact.us-east-1.amazonaws.com/npm/code-artifact-benchmark-test/path-is-absolute/-/path-is-absolute-1.0.1.tgz 11605ms (cache miss)
npm http fetch GET 200 https://vlt-451504312483.d.codeartifact.us-east-1.amazonaws.com/npm/code-artifact-benchmark-test/slash/-/slash-1.0.0.tgz 11607ms (cache miss)
npm http fetch GET 200 https://vlt-451504312483.d.codeartifact.us-east-1.amazonaws.com/npm/code-artifact-benchmark-test/chalk/-/chalk-1.1.3.tgz 11612ms (cache miss)
npm http fetch GET 200 https://vlt-451504312483.d.codeartifact.us-east-1.amazonaws.com/npm/code-artifact-benchmark-test/babylon/-/babylon-6.18.0.tgz 11623ms (cache miss)
npm http fetch GET 200 https://vlt-451504312483.d.codeartifact.us-east-1.amazonaws.com/npm/code-artifact-benchmark-test/ajv-keywords/-/ajv-keywords-5.1.0.tgz 11628ms (cache miss)
npm http fetch GET 200 https://vlt-451504312483.d.codeartifact.us-east-1.amazonaws.com/npm/code-artifact-benchmark-test/source-map/-/source-map-0.5.7.tgz 11627ms (cache miss)
npm http fetch GET 200 https://vlt-451504312483.d.codeartifact.us-east-1.amazonaws.com/npm/code-artifact-benchmark-test/minimatch/-/minimatch-3.1.5.tgz 11627ms (cache miss)
npm http fetch GET 200 https://vlt-451504312483.d.codeartifact.us-east-1.amazonaws.com/npm/code-artifact-benchmark-test/ms/-/ms-2.0.0.tgz 11661ms (cache miss)
npm http fetch GET 200 https://vlt-451504312483.d.codeartifact.us-east-1.amazonaws.com/npm/code-artifact-benchmark-test/resolve/-/resolve-1.22.12.tgz 11667ms (cache miss)
npm http fetch GET 200 https://vlt-451504312483.d.codeartifact.us-east-1.amazonaws.com/npm/code-artifact-benchmark-test/debug/-/debug-2.6.9.tgz 11677ms (cache miss)
npm http fetch GET 200 https://vlt-451504312483.d.codeartifact.us-east-1.amazonaws.com/npm/code-artifact-benchmark-test/babel-traverse/-/babel-traverse-6.26.0.tgz 11684ms (cache miss)
npm http fetch GET 200 https://vlt-451504312483.d.codeartifact.us-east-1.amazonaws.com/npm/code-artifact-benchmark-test/babel-types/-/babel-types-6.26.0.tgz 11687ms (cache miss)
npm http fetch GET 200 https://vlt-451504312483.d.codeartifact.us-east-1.amazonaws.com/npm/code-artifact-benchmark-test/babel-messages/-/babel-messages-6.23.0.tgz 11713ms (cache miss)
npm http fetch GET 200 https://vlt-451504312483.d.codeartifact.us-east-1.amazonaws.com/npm/code-artifact-benchmark-test/babel-template/-/babel-template-6.26.0.tgz 11715ms (cache miss)
npm http fetch GET 200 https://vlt-451504312483.d.codeartifact.us-east-1.amazonaws.com/npm/code-artifact-benchmark-test/js-tokens/-/js-tokens-3.0.2.tgz 11723ms (cache miss)
npm http fetch GET 200 https://vlt-451504312483.d.codeartifact.us-east-1.amazonaws.com/npm/code-artifact-benchmark-test/postcss-value-parser/-/postcss-value-parser-4.2.0.tgz 11726ms (cache miss)
npm http fetch GET 200 https://vlt-451504312483.d.codeartifact.us-east-1.amazonaws.com/npm/code-artifact-benchmark-test/babel-register/-/babel-register-6.26.0.tgz 11729ms (cache miss)
npm http fetch GET 200 https://vlt-451504312483.d.codeartifact.us-east-1.amazonaws.com/npm/code-artifact-benchmark-test/jsesc/-/jsesc-1.3.0.tgz 11731ms (cache miss)
npm http fetch GET 200 https://vlt-451504312483.d.codeartifact.us-east-1.amazonaws.com/npm/code-artifact-benchmark-test/babel-helpers/-/babel-helpers-6.24.1.tgz 11732ms (cache miss)
npm http fetch GET 200 https://vlt-451504312483.d.codeartifact.us-east-1.amazonaws.com/npm/code-artifact-benchmark-test/babel-code-frame/-/babel-code-frame-6.26.0.tgz 11745ms (cache miss)
npm http fetch GET 200 https://vlt-451504312483.d.codeartifact.us-east-1.amazonaws.com/npm/code-artifact-benchmark-test/babel-generator/-/babel-generator-6.26.1.tgz 11757ms (cache miss)
npm http fetch GET 200 https://vlt-451504312483.d.codeartifact.us-east-1.amazonaws.com/npm/code-artifact-benchmark-test/fraction.js/-/fraction.js-5.3.4.tgz 11780ms (cache miss)
npm http fetch GET 200 https://vlt-451504312483.d.codeartifact.us-east-1.amazonaws.com/npm/code-artifact-benchmark-test/@jridgewell/resolve-uri/-/resolve-uri-3.1.2.tgz 11788ms (cache miss)
npm http fetch GET 200 https://vlt-451504312483.d.codeartifact.us-east-1.amazonaws.com/npm/code-artifact-benchmark-test/@jridgewell/sourcemap-codec/-/sourcemap-codec-1.6.0.tgz 11788ms (cache miss)
npm http fetch GET 200 https://vlt-451504312483.d.codeartifact.us-east-1.amazonaws.com/npm/code-artifact-benchmark-test/ajv/-/ajv-8.20.0.tgz 11797ms (cache miss)
npm http fetch GET 200 https://vlt-451504312483.d.codeartifact.us-east-1.amazonaws.com/npm/code-artifact-benchmark-test/@babel/helper-globals/-/helper-globals-7.29.7.tgz 11795ms (cache miss)
npm http fetch GET 200 https://vlt-451504312483.d.codeartifact.us-east-1.amazonaws.com/npm/code-artifact-benchmark-test/@babel/helper-string-parser/-/helper-string-parser-7.29.7.tgz 11796ms (cache miss)
npm http fetch GET 200 https://vlt-451504312483.d.codeartifact.us-east-1.amazonaws.com/npm/code-artifact-benchmark-test/@babel/helper-module-imports/-/helper-module-imports-7.29.7.tgz 11824ms (cache miss)
npm http fetch GET 200 https://vlt-451504312483.d.codeartifact.us-east-1.amazonaws.com/npm/code-artifact-benchmark-test/lru-cache/-/lru-cache-5.1.1.tgz 11830ms (cache miss)
npm http fetch GET 200 https://vlt-451504312483.d.codeartifact.us-east-1.amazonaws.com/npm/code-artifact-benchmark-test/@babel/helper-validator-option/-/helper-validator-option-7.29.7.tgz 11840ms (cache miss)
npm http fetch GET 200 https://vlt-451504312483.d.codeartifact.us-east-1.amazonaws.com/npm/code-artifact-benchmark-test/jsesc/-/jsesc-3.1.0.tgz 11844ms (cache miss)
npm http fetch GET 200 https://vlt-451504312483.d.codeartifact.us-east-1.amazonaws.com/npm/code-artifact-benchmark-test/@babel/compat-data/-/compat-data-7.29.7.tgz 11845ms (cache miss)
npm http fetch GET 200 https://vlt-451504312483.d.codeartifact.us-east-1.amazonaws.com/npm/code-artifact-benchmark-test/browserslist/-/browserslist-4.29.3.tgz 11854ms (cache miss)
npm http fetch GET 200 https://vlt-451504312483.d.codeartifact.us-east-1.amazonaws.com/npm/code-artifact-benchmark-test/picocolors/-/picocolors-1.1.1.tgz 11861ms (cache miss)
npm http fetch GET 200 https://vlt-451504312483.d.codeartifact.us-east-1.amazonaws.com/npm/code-artifact-benchmark-test/@jridgewell/trace-mapping/-/trace-mapping-0.3.31.tgz 11876ms (cache miss)
npm http fetch GET 200 https://vlt-451504312483.d.codeartifact.us-east-1.amazonaws.com/npm/code-artifact-benchmark-test/@jridgewell/gen-mapping/-/gen-mapping-0.3.13.tgz 11883ms (cache miss)
npm http fetch GET 200 https://vlt-451504312483.d.codeartifact.us-east-1.amazonaws.com/npm/code-artifact-benchmark-test/js-tokens/-/js-tokens-4.0.0.tgz 11904ms (cache miss)
npm http fetch GET 200 https://vlt-451504312483.d.codeartifact.us-east-1.amazonaws.com/npm/code-artifact-benchmark-test/semver/-/semver-6.3.1.tgz 11905ms (cache miss)
npm http fetch GET 200 https://vlt-451504312483.d.codeartifact.us-east-1.amazonaws.com/npm/code-artifact-benchmark-test/json5/-/json5-2.2.3.tgz 11913ms (cache miss)
npm http fetch GET 200 https://vlt-451504312483.d.codeartifact.us-east-1.amazonaws.com/npm/code-artifact-benchmark-test/@babel/helper-validator-identifier/-/helper-validator-identifier-7.29.7.tgz 11916ms (cache miss)
npm http fetch GET 200 https://vlt-451504312483.d.codeartifact.us-east-1.amazonaws.com/npm/code-artifact-benchmark-test/gensync/-/gensync-1.0.0-beta.2.tgz 11924ms (cache miss)
npm http fetch GET 200 https://vlt-451504312483.d.codeartifact.us-east-1.amazonaws.com/npm/code-artifact-benchmark-test/debug/-/debug-4.4.3.tgz 11928ms (cache miss)
npm http fetch GET 200 https://vlt-451504312483.d.codeartifact.us-east-1.amazonaws.com/npm/code-artifact-benchmark-test/convert-source-map/-/convert-source-map-2.0.0.tgz 11931ms (cache miss)
npm http fetch GET 200 https://vlt-451504312483.d.codeartifact.us-east-1.amazonaws.com/npm/code-artifact-benchmark-test/@jridgewell/remapping/-/remapping-2.3.5.tgz 11951ms (cache miss)
npm http fetch GET 200 https://vlt-451504312483.d.codeartifact.us-east-1.amazonaws.com/npm/code-artifact-benchmark-test/@babel/template/-/template-7.29.7.tgz 11980ms (cache miss)
npm http fetch GET 200 https://vlt-451504312483.d.codeartifact.us-east-1.amazonaws.com/npm/code-artifact-benchmark-test/@babel/helper-module-transforms/-/helper-module-transforms-7.29.7.tgz 12014ms (cache miss)
npm http fetch GET 200 https://vlt-451504312483.d.codeartifact.us-east-1.amazonaws.com/npm/code-artifact-benchmark-test/@babel/helper-compilation-targets/-/helper-compilation-targets-7.29.7.tgz 12023ms (cache miss)
npm http fetch GET 200 https://vlt-451504312483.d.codeartifact.us-east-1.amazonaws.com/npm/code-artifact-benchmark-test/@babel/code-frame/-/code-frame-7.29.7.tgz 12027ms (cache miss)
npm http fetch GET 200 https://vlt-451504312483.d.codeartifact.us-east-1.amazonaws.com/npm/code-artifact-benchmark-test/@babel/parser/-/parser-7.29.9.tgz 12033ms (cache miss)
npm http fetch GET 200 https://vlt-451504312483.d.codeartifact.us-east-1.amazonaws.com/npm/code-artifact-benchmark-test/webpack-split-by-path/-/webpack-split-by-path-2.0.0.tgz 12039ms (cache miss)
npm http fetch GET 200 https://vlt-451504312483.d.codeartifact.us-east-1.amazonaws.com/npm/code-artifact-benchmark-test/whatwg-fetch/-/whatwg-fetch-3.6.20.tgz 12054ms (cache miss)
npm http fetch GET 200 https://vlt-451504312483.d.codeartifact.us-east-1.amazonaws.com/npm/code-artifact-benchmark-test/ansi-regex/-/ansi-regex-5.0.1.tgz 12056ms (cache miss)
npm http fetch GET 200 https://vlt-451504312483.d.codeartifact.us-east-1.amazonaws.com/npm/code-artifact-benchmark-test/webpack-hot-middleware/-/webpack-hot-middleware-2.26.1.tgz 12056ms (cache miss)
npm http fetch GET 200 https://vlt-451504312483.d.codeartifact.us-east-1.amazonaws.com/npm/code-artifact-benchmark-test/webpack-notifier/-/webpack-notifier-1.17.0.tgz 12068ms (cache miss)
npm http fetch GET 200 https://vlt-451504312483.d.codeartifact.us-east-1.amazonaws.com/npm/code-artifact-benchmark-test/@babel/traverse/-/traverse-7.29.8.tgz 12070ms (cache miss)
npm http fetch GET 200 https://vlt-451504312483.d.codeartifact.us-east-1.amazonaws.com/npm/code-artifact-benchmark-test/strip-ansi/-/strip-ansi-6.0.1.tgz 12090ms (cache miss)
npm http fetch GET 200 https://vlt-451504312483.d.codeartifact.us-east-1.amazonaws.com/npm/code-artifact-benchmark-test/@babel/generator/-/generator-7.29.8.tgz 12097ms (cache miss)
npm http fetch GET 200 https://vlt-451504312483.d.codeartifact.us-east-1.amazonaws.com/npm/code-artifact-benchmark-test/ansi-regex/-/ansi-regex-5.0.1.tgz 12102ms (cache miss)
npm http fetch GET 200 https://vlt-451504312483.d.codeartifact.us-east-1.amazonaws.com/npm/code-artifact-benchmark-test/commander/-/commander-7.2.0.tgz 12110ms (cache miss)
npm http fetch GET 200 https://vlt-451504312483.d.codeartifact.us-east-1.amazonaws.com/npm/code-artifact-benchmark-test/webpack-bundle-analyzer/-/webpack-bundle-analyzer-4.10.2.tgz 12124ms (cache miss)
npm http fetch GET 200 https://vlt-451504312483.d.codeartifact.us-east-1.amazonaws.com/npm/code-artifact-benchmark-test/escape-string-regexp/-/escape-string-regexp-4.0.0.tgz 12134ms (cache miss)
npm http fetch GET 200 https://vlt-451504312483.d.codeartifact.us-east-1.amazonaws.com/npm/code-artifact-benchmark-test/verge/-/verge-1.10.2.tgz 12135ms (cache miss)
npm http fetch GET 200 https://vlt-451504312483.d.codeartifact.us-east-1.amazonaws.com/npm/code-artifact-benchmark-test/ansi-regex/-/ansi-regex-5.0.1.tgz 12171ms (cache miss)
npm http fetch GET 200 https://vlt-451504312483.d.codeartifact.us-east-1.amazonaws.com/npm/code-artifact-benchmark-test/is-number/-/is-number-7.0.0.tgz 12180ms (cache miss)
npm http fetch GET 200 https://vlt-451504312483.d.codeartifact.us-east-1.amazonaws.com/npm/code-artifact-benchmark-test/semver/-/semver-7.8.5.tgz 12202ms (cache miss)
npm http fetch GET 200 https://vlt-451504312483.d.codeartifact.us-east-1.amazonaws.com/npm/code-artifact-benchmark-test/uglify-js/-/uglify-js-3.19.3.tgz 12218ms (cache miss)
npm http fetch GET 200 https://vlt-451504312483.d.codeartifact.us-east-1.amazonaws.com/npm/code-artifact-benchmark-test/strip-ansi/-/strip-ansi-6.0.1.tgz 12221ms (cache miss)
npm http fetch GET 200 https://vlt-451504312483.d.codeartifact.us-east-1.amazonaws.com/npm/code-artifact-benchmark-test/emoji-regex/-/emoji-regex-8.0.0.tgz 12224ms (cache miss)
npm http fetch GET 200 https://vlt-451504312483.d.codeartifact.us-east-1.amazonaws.com/npm/code-artifact-benchmark-test/to-regex-range/-/to-regex-range-5.0.1.tgz 12224ms (cache miss)
npm http fetch GET 200 https://vlt-451504312483.d.codeartifact.us-east-1.amazonaws.com/npm/code-artifact-benchmark-test/mime/-/mime-2.6.0.tgz 12226ms (cache miss)
npm http fetch GET 200 https://vlt-451504312483.d.codeartifact.us-east-1.amazonaws.com/npm/code-artifact-benchmark-test/superagent/-/superagent-8.1.2.tgz 12229ms (cache miss)
npm warn deprecated superagent@8.1.2: Please upgrade to superagent v10.2.2+, see release notes at https://github.com/forwardemail/superagent/releases/tag/v10.2.2 - maintenance is supported by Forward Email @ https://forwardemail.net
npm http fetch GET 200 https://vlt-451504312483.d.codeartifact.us-east-1.amazonaws.com/npm/code-artifact-benchmark-test/strip-ansi/-/strip-ansi-6.0.1.tgz 12233ms (cache miss)
npm http fetch GET 200 https://vlt-451504312483.d.codeartifact.us-east-1.amazonaws.com/npm/code-artifact-benchmark-test/fill-range/-/fill-range-7.1.1.tgz 12231ms (cache miss)
npm http fetch GET 200 https://vlt-451504312483.d.codeartifact.us-east-1.amazonaws.com/npm/code-artifact-benchmark-test/core-js/-/core-js-2.6.12.tgz 12252ms (cache miss)
npm warn deprecated core-js@2.6.12: core-js@<3.23.3 is no longer maintained and not recommended for usage due to the number of issues. Because of the V8 engine whims, feature detection in old core-js versions could cause a slowdown up to 100x even if nothing is polyfilled. Some versions have web compatibility issues. Please, upgrade your dependencies to the actual version of core-js.
npm http fetch GET 200 https://vlt-451504312483.d.codeartifact.us-east-1.amazonaws.com/npm/code-artifact-benchmark-test/uuid/-/uuid-9.0.1.tgz 12243ms (cache miss)
npm http fetch GET 200 https://vlt-451504312483.d.codeartifact.us-east-1.amazonaws.com/npm/code-artifact-benchmark-test/@babel/types/-/types-7.29.8.tgz 12248ms (cache miss)
npm http fetch GET 200 https://vlt-451504312483.d.codeartifact.us-east-1.amazonaws.com/npm/code-artifact-benchmark-test/slash/-/slash-3.0.0.tgz 12243ms (cache miss)
npm http fetch GET 200 https://vlt-451504312483.d.codeartifact.us-east-1.amazonaws.com/npm/code-artifact-benchmark-test/braces/-/braces-3.0.3.tgz 12260ms (cache miss)
npm http fetch GET 200 https://vlt-451504312483.d.codeartifact.us-east-1.amazonaws.com/npm/code-artifact-benchmark-test/array-union/-/array-union-2.1.0.tgz 12262ms (cache miss)
npm http fetch GET 200 https://vlt-451504312483.d.codeartifact.us-east-1.amazonaws.com/npm/code-artifact-benchmark-test/@babel/helpers/-/helpers-7.29.7.tgz 12270ms (cache miss)
npm http fetch GET 200 https://vlt-451504312483.d.codeartifact.us-east-1.amazonaws.com/npm/code-artifact-benchmark-test/kind-of/-/kind-of-6.0.3.tgz 12278ms (cache miss)
npm http fetch GET 200 https://vlt-451504312483.d.codeartifact.us-east-1.amazonaws.com/npm/code-artifact-benchmark-test/caniuse-lite/-/caniuse-lite-1.0.30001814.tgz 12303ms (cache miss)
npm http fetch GET 200 https://vlt-451504312483.d.codeartifact.us-east-1.amazonaws.com/npm/code-artifact-benchmark-test/which/-/which-1.3.1.tgz 12295ms (cache miss)
npm http fetch GET 200 https://vlt-451504312483.d.codeartifact.us-east-1.amazonaws.com/npm/code-artifact-benchmark-test/string-width/-/string-width-4.2.3.tgz 12298ms (cache miss)
npm http fetch GET 200 https://vlt-451504312483.d.codeartifact.us-east-1.amazonaws.com/npm/code-artifact-benchmark-test/resolve-from/-/resolve-from-5.0.0.tgz 12321ms (cache miss)
npm http fetch GET 200 https://vlt-451504312483.d.codeartifact.us-east-1.amazonaws.com/npm/code-artifact-benchmark-test/flat-cache/-/flat-cache-6.1.23.tgz 12330ms (cache miss)
npm http fetch GET 200 https://vlt-451504312483.d.codeartifact.us-east-1.amazonaws.com/npm/code-artifact-benchmark-test/micromatch/-/micromatch-4.0.8.tgz 12331ms (cache miss)
npm http fetch GET 200 https://vlt-451504312483.d.codeartifact.us-east-1.amazonaws.com/npm/code-artifact-benchmark-test/global-modules/-/global-modules-2.0.0.tgz 12334ms (cache miss)
npm http fetch GET 200 https://vlt-451504312483.d.codeartifact.us-east-1.amazonaws.com/npm/code-artifact-benchmark-test/globby/-/globby-11.1.0.tgz 12338ms (cache miss)
npm http fetch GET 200 https://vlt-451504312483.d.codeartifact.us-east-1.amazonaws.com/npm/code-artifact-benchmark-test/ignore/-/ignore-5.3.2.tgz 12350ms (cache miss)
npm http fetch GET 200 https://vlt-451504312483.d.codeartifact.us-east-1.amazonaws.com/npm/code-artifact-benchmark-test/ignore/-/ignore-7.0.11.tgz 12353ms (cache miss)
npm http fetch GET 200 https://vlt-451504312483.d.codeartifact.us-east-1.amazonaws.com/npm/code-artifact-benchmark-test/file-entry-cache/-/file-entry-cache-11.1.5.tgz 12354ms (cache miss)
npm http fetch GET 200 https://vlt-451504312483.d.codeartifact.us-east-1.amazonaws.com/npm/code-artifact-benchmark-test/global-prefix/-/global-prefix-3.0.0.tgz 12362ms (cache miss)
npm http fetch GET 200 https://vlt-451504312483.d.codeartifact.us-east-1.amazonaws.com/npm/code-artifact-benchmark-test/style-loader/-/style-loader-3.3.4.tgz 12379ms (cache miss)
npm http fetch GET 200 https://vlt-451504312483.d.codeartifact.us-east-1.amazonaws.com/npm/code-artifact-benchmark-test/balanced-match/-/balanced-match-2.0.0.tgz 12383ms (cache miss)
npm http fetch GET 200 https://vlt-451504312483.d.codeartifact.us-east-1.amazonaws.com/npm/code-artifact-benchmark-test/postcss-selector-parser/-/postcss-selector-parser-7.1.6.tgz 12397ms (cache miss)
npm http fetch GET 200 https://vlt-451504312483.d.codeartifact.us-east-1.amazonaws.com/npm/code-artifact-benchmark-test/@csstools/selector-specificity/-/selector-specificity-5.0.0.tgz 12417ms (cache miss)
npm http fetch GET 200 https://vlt-451504312483.d.codeartifact.us-east-1.amazonaws.com/npm/code-artifact-benchmark-test/react-is/-/react-is-18.3.1.tgz 12423ms (cache miss)
npm http fetch GET 200 https://vlt-451504312483.d.codeartifact.us-east-1.amazonaws.com/npm/code-artifact-benchmark-test/clsx/-/clsx-1.2.1.tgz 12454ms (cache miss)
npm http fetch GET 200 https://vlt-451504312483.d.codeartifact.us-east-1.amazonaws.com/npm/code-artifact-benchmark-test/stylelint/-/stylelint-16.26.1.tgz 12461ms (cache miss)
npm http fetch GET 200 https://vlt-451504312483.d.codeartifact.us-east-1.amazonaws.com/npm/code-artifact-benchmark-test/create-react-class/-/create-react-class-15.7.0.tgz 12464ms (cache miss)
npm http fetch GET 200 https://vlt-451504312483.d.codeartifact.us-east-1.amazonaws.com/npm/code-artifact-benchmark-test/react-tappable/-/react-tappable-1.0.4.tgz 12475ms (cache miss)
npm http fetch GET 200 https://vlt-451504312483.d.codeartifact.us-east-1.amazonaws.com/npm/code-artifact-benchmark-test/react-tooltip/-/react-tooltip-5.25.2.tgz 12483ms (cache miss)
npm http fetch GET 200 https://vlt-451504312483.d.codeartifact.us-east-1.amazonaws.com/npm/code-artifact-benchmark-test/node-fetch/-/node-fetch-2.7.0.tgz 12486ms (cache miss)
npm http fetch GET 200 https://vlt-451504312483.d.codeartifact.us-east-1.amazonaws.com/npm/code-artifact-benchmark-test/@types/sortablejs/-/sortablejs-1.15.9.tgz 12495ms (cache miss)
npm http fetch GET 200 https://vlt-451504312483.d.codeartifact.us-east-1.amazonaws.com/npm/code-artifact-benchmark-test/react-waypoint/-/react-waypoint-10.3.0.tgz 12497ms (cache miss)
npm http fetch GET 200 https://vlt-451504312483.d.codeartifact.us-east-1.amazonaws.com/npm/code-artifact-benchmark-test/react-sortablejs/-/react-sortablejs-6.1.4.tgz 12496ms (cache miss)
npm http fetch GET 200 https://vlt-451504312483.d.codeartifact.us-east-1.amazonaws.com/npm/code-artifact-benchmark-test/sortablejs/-/sortablejs-1.15.7.tgz 12498ms (cache miss)
npm http fetch GET 200 https://vlt-451504312483.d.codeartifact.us-east-1.amazonaws.com/npm/code-artifact-benchmark-test/classnames/-/classnames-2.3.1.tgz 12510ms (cache miss)
npm http fetch GET 200 https://vlt-451504312483.d.codeartifact.us-east-1.amazonaws.com/npm/code-artifact-benchmark-test/dom-helpers/-/dom-helpers-5.2.1.tgz 12520ms (cache miss)
npm http fetch GET 200 https://vlt-451504312483.d.codeartifact.us-east-1.amazonaws.com/npm/code-artifact-benchmark-test/react-skylight/-/react-skylight-0.5.1.tgz 12528ms (cache miss)
npm http fetch GET 200 https://vlt-451504312483.d.codeartifact.us-east-1.amazonaws.com/npm/code-artifact-benchmark-test/react-input-autosize/-/react-input-autosize-1.1.0.tgz 12550ms (cache miss)
npm http fetch GET 200 https://vlt-451504312483.d.codeartifact.us-east-1.amazonaws.com/npm/code-artifact-benchmark-test/react-select-plus/-/react-select-plus-1.0.0-rc.3.patch12.tgz 12584ms (cache miss)
npm http fetch GET 200 https://vlt-451504312483.d.codeartifact.us-east-1.amazonaws.com/npm/code-artifact-benchmark-test/react-router-dom/-/react-router-dom-6.30.6.tgz 12593ms (cache miss)
npm http fetch GET 200 https://vlt-451504312483.d.codeartifact.us-east-1.amazonaws.com/npm/code-artifact-benchmark-test/react-mixin/-/react-mixin-5.0.0.tgz 12609ms (cache miss)
npm http fetch GET 200 https://vlt-451504312483.d.codeartifact.us-east-1.amazonaws.com/npm/code-artifact-benchmark-test/react-lazyload/-/react-lazyload-3.2.1.tgz 12610ms (cache miss)
npm http fetch GET 200 https://vlt-451504312483.d.codeartifact.us-east-1.amazonaws.com/npm/code-artifact-benchmark-test/react-router/-/react-router-6.30.6.tgz 12620ms (cache miss)
npm http fetch GET 200 https://vlt-451504312483.d.codeartifact.us-east-1.amazonaws.com/npm/code-artifact-benchmark-test/react-resize-detector/-/react-resize-detector-6.7.8.tgz 12627ms (cache miss)
npm http fetch GET 200 https://vlt-451504312483.d.codeartifact.us-east-1.amazonaws.com/npm/code-artifact-benchmark-test/react-measure/-/react-measure-2.5.2.tgz 12630ms (cache miss)
npm http fetch GET 200 https://vlt-451504312483.d.codeartifact.us-east-1.amazonaws.com/npm/code-artifact-benchmark-test/emojis-list/-/emojis-list-3.0.0.tgz 12635ms (cache miss)
npm http fetch GET 200 https://vlt-451504312483.d.codeartifact.us-east-1.amazonaws.com/npm/code-artifact-benchmark-test/react-input-calendar/-/react-input-calendar-0.5.4.tgz 12636ms (cache miss)
npm http fetch GET 200 https://vlt-451504312483.d.codeartifact.us-east-1.amazonaws.com/npm/code-artifact-benchmark-test/react-responsive-tabs/-/react-responsive-tabs-4.4.3.tgz 12653ms (cache miss)
npm http fetch GET 200 https://vlt-451504312483.d.codeartifact.us-east-1.amazonaws.com/npm/code-artifact-benchmark-test/big.js/-/big.js-5.2.2.tgz 12660ms (cache miss)
npm http fetch GET 200 https://vlt-451504312483.d.codeartifact.us-east-1.amazonaws.com/npm/code-artifact-benchmark-test/source-map/-/source-map-0.7.6.tgz 12673ms (cache miss)
npm http fetch GET 200 https://vlt-451504312483.d.codeartifact.us-east-1.amazonaws.com/npm/code-artifact-benchmark-test/loader-utils/-/loader-utils-2.0.4.tgz 12674ms (cache miss)
npm http fetch GET 200 https://vlt-451504312483.d.codeartifact.us-east-1.amazonaws.com/npm/code-artifact-benchmark-test/react-hot-loader/-/react-hot-loader-4.13.1.tgz 12675ms (cache miss)
npm http fetch GET 200 https://vlt-451504312483.d.codeartifact.us-east-1.amazonaws.com/npm/code-artifact-benchmark-test/react-responsive/-/react-responsive-9.0.2.tgz 12677ms (cache miss)
npm http fetch GET 200 https://vlt-451504312483.d.codeartifact.us-east-1.amazonaws.com/npm/code-artifact-benchmark-test/react-virtualized/-/react-virtualized-9.22.6.tgz 12695ms (cache miss)
npm http fetch GET 200 https://vlt-451504312483.d.codeartifact.us-east-1.amazonaws.com/npm/code-artifact-benchmark-test/react-grid-layout/-/react-grid-layout-1.5.4.tgz 12749ms (cache miss)
npm http fetch GET 200 https://vlt-451504312483.d.codeartifact.us-east-1.amazonaws.com/npm/code-artifact-benchmark-test/react-draft-wysiwyg/-/react-draft-wysiwyg-1.15.0.tgz 12752ms (cache miss)
npm http fetch GET 200 https://vlt-451504312483.d.codeartifact.us-east-1.amazonaws.com/npm/code-artifact-benchmark-test/react-dropzone/-/react-dropzone-14.4.1.tgz 12759ms (cache miss)
npm http fetch GET 200 https://vlt-451504312483.d.codeartifact.us-east-1.amazonaws.com/npm/code-artifact-benchmark-test/react-addons-shallow-compare/-/react-addons-shallow-compare-15.6.3.tgz 12765ms (cache miss)
npm http fetch GET 200 https://vlt-451504312483.d.codeartifact.us-east-1.amazonaws.com/npm/code-artifact-benchmark-test/immutable/-/immutable-4.3.9.tgz 12777ms (cache miss)
npm http fetch GET 200 https://vlt-451504312483.d.codeartifact.us-east-1.amazonaws.com/npm/code-artifact-benchmark-test/react-transition-group/-/react-transition-group-1.2.1.tgz 12789ms (cache miss)
npm http fetch GET 200 https://vlt-451504312483.d.codeartifact.us-east-1.amazonaws.com/npm/code-artifact-benchmark-test/react-addons-css-transition-group/-/react-addons-css-transition-group-15.6.2.tgz 12793ms (cache miss)
npm http fetch GET 200 https://vlt-451504312483.d.codeartifact.us-east-1.amazonaws.com/npm/code-artifact-benchmark-test/raw-loader/-/raw-loader-4.0.2.tgz 12792ms (cache miss)
npm http fetch GET 200 https://vlt-451504312483.d.codeartifact.us-east-1.amazonaws.com/npm/code-artifact-benchmark-test/scheduler/-/scheduler-0.19.1.tgz 12793ms (cache miss)
npm http fetch GET 200 https://vlt-451504312483.d.codeartifact.us-east-1.amazonaws.com/npm/code-artifact-benchmark-test/big.js/-/big.js-5.2.2.tgz 12859ms (cache miss)
npm http fetch GET 200 https://vlt-451504312483.d.codeartifact.us-east-1.amazonaws.com/npm/code-artifact-benchmark-test/react-dnd-html5-backend/-/react-dnd-html5-backend-16.0.1.tgz 12874ms (cache miss)
npm http fetch GET 200 https://vlt-451504312483.d.codeartifact.us-east-1.amazonaws.com/npm/code-artifact-benchmark-test/emojis-list/-/emojis-list-3.0.0.tgz 12896ms (cache miss)
npm http fetch GET 200 https://vlt-451504312483.d.codeartifact.us-east-1.amazonaws.com/npm/code-artifact-benchmark-test/schema-utils/-/schema-utils-3.3.0.tgz 12911ms (cache miss)
npm http fetch GET 200 https://vlt-451504312483.d.codeartifact.us-east-1.amazonaws.com/npm/code-artifact-benchmark-test/rc-slider/-/rc-slider-10.6.2.tgz 12919ms (cache miss)
npm http fetch GET 200 https://vlt-451504312483.d.codeartifact.us-east-1.amazonaws.com/npm/code-artifact-benchmark-test/progress/-/progress-2.0.3.tgz 12922ms (cache miss)
npm http fetch GET 200 https://vlt-451504312483.d.codeartifact.us-east-1.amazonaws.com/npm/code-artifact-benchmark-test/password-policy/-/password-policy-0.0.3.tgz 12927ms (cache miss)
npm http fetch GET 200 https://vlt-451504312483.d.codeartifact.us-east-1.amazonaws.com/npm/code-artifact-benchmark-test/loader-utils/-/loader-utils-2.0.4.tgz 12931ms (cache miss)
npm http fetch GET 200 https://vlt-451504312483.d.codeartifact.us-east-1.amazonaws.com/npm/code-artifact-benchmark-test/postcss-reporter/-/postcss-reporter-7.1.0.tgz 12934ms (cache miss)
npm http fetch GET 200 https://vlt-451504312483.d.codeartifact.us-east-1.amazonaws.com/npm/code-artifact-benchmark-test/nan-as/-/nan-as-1.6.1.tgz 12945ms (cache miss)
npm http fetch GET 200 https://vlt-451504312483.d.codeartifact.us-east-1.amazonaws.com/npm/code-artifact-benchmark-test/qs/-/qs-6.16.0.tgz 12950ms (cache miss)
npm http fetch GET 200 https://vlt-451504312483.d.codeartifact.us-east-1.amazonaws.com/npm/code-artifact-benchmark-test/react-dom/-/react-dom-16.14.0.tgz 12954ms (cache miss)
npm http fetch GET 200 https://vlt-451504312483.d.codeartifact.us-east-1.amazonaws.com/npm/code-artifact-benchmark-test/moment-range/-/moment-range-4.0.2.tgz 12958ms (cache miss)
npm http fetch GET 200 https://vlt-451504312483.d.codeartifact.us-east-1.amazonaws.com/npm/code-artifact-benchmark-test/prop-types/-/prop-types-15.8.1.tgz 12983ms (cache miss)
npm http fetch GET 200 https://vlt-451504312483.d.codeartifact.us-east-1.amazonaws.com/npm/code-artifact-benchmark-test/moment-timezone/-/moment-timezone-0.5.48.tgz 12996ms (cache miss)
npm http fetch GET 200 https://vlt-451504312483.d.codeartifact.us-east-1.amazonaws.com/npm/code-artifact-benchmark-test/mobx-react/-/mobx-react-9.2.2.tgz 13041ms (cache miss)
npm http fetch GET 200 https://vlt-451504312483.d.codeartifact.us-east-1.amazonaws.com/npm/code-artifact-benchmark-test/immutable/-/immutable-3.7.6.tgz 13050ms (cache miss)
npm http fetch GET 200 https://vlt-451504312483.d.codeartifact.us-east-1.amazonaws.com/npm/code-artifact-benchmark-test/react-highcharts/-/react-highcharts-16.1.0.tgz 13073ms (cache miss)
npm http fetch GET 200 https://vlt-451504312483.d.codeartifact.us-east-1.amazonaws.com/npm/code-artifact-benchmark-test/draft-convert/-/draft-convert-2.1.13.tgz 13073ms (cache miss)
npm http fetch GET 200 https://vlt-451504312483.d.codeartifact.us-east-1.amazonaws.com/npm/code-artifact-benchmark-test/immutable/-/immutable-3.7.6.tgz 13085ms (cache miss)
npm http fetch GET 200 https://vlt-451504312483.d.codeartifact.us-east-1.amazonaws.com/npm/code-artifact-benchmark-test/immutable/-/immutable-3.8.4.tgz 13114ms (cache miss)
npm http fetch GET 200 https://vlt-451504312483.d.codeartifact.us-east-1.amazonaws.com/npm/code-artifact-benchmark-test/medium-draft/-/medium-draft-0.5.18.tgz 13129ms (cache miss)
npm http fetch GET 200 https://vlt-451504312483.d.codeartifact.us-east-1.amazonaws.com/npm/code-artifact-benchmark-test/lesshat/-/lesshat-4.1.0.tgz 13138ms (cache miss)
npm http fetch GET 200 https://vlt-451504312483.d.codeartifact.us-east-1.amazonaws.com/npm/code-artifact-benchmark-test/leftpad/-/leftpad-0.0.1.tgz 13139ms (cache miss)
npm warn deprecated leftpad@0.0.1: Use the built-in String.padStart function instead
npm http fetch GET 200 https://vlt-451504312483.d.codeartifact.us-east-1.amazonaws.com/npm/code-artifact-benchmark-test/react-dnd/-/react-dnd-16.0.1.tgz 13151ms (cache miss)
npm http fetch GET 200 https://vlt-451504312483.d.codeartifact.us-east-1.amazonaws.com/npm/code-artifact-benchmark-test/json-loader/-/json-loader-0.5.7.tgz 13147ms (cache miss)
npm http fetch GET 200 https://vlt-451504312483.d.codeartifact.us-east-1.amazonaws.com/npm/code-artifact-benchmark-test/source-map/-/source-map-0.6.1.tgz 13155ms (cache miss)
npm http fetch GET 200 https://vlt-451504312483.d.codeartifact.us-east-1.amazonaws.com/npm/code-artifact-benchmark-test/js-cookie/-/js-cookie-3.0.8.tgz 13171ms (cache miss)
npm http fetch GET 200 https://vlt-451504312483.d.codeartifact.us-east-1.amazonaws.com/npm/code-artifact-benchmark-test/imports-loader/-/imports-loader-5.0.0.tgz 13191ms (cache miss)
npm http fetch GET 200 https://vlt-451504312483.d.codeartifact.us-east-1.amazonaws.com/npm/code-artifact-benchmark-test/howler/-/howler-2.2.4.tgz 13208ms (cache miss)
npm http fetch GET 200 https://vlt-451504312483.d.codeartifact.us-east-1.amazonaws.com/npm/code-artifact-benchmark-test/highcharts-solid-gauge/-/highcharts-solid-gauge-0.1.7.tgz 13227ms (cache miss)
npm warn deprecated highcharts-solid-gauge@0.1.7: this package has been deprecated, just import modules from the highcharts folder
npm http fetch GET 200 https://vlt-451504312483.d.codeartifact.us-east-1.amazonaws.com/npm/code-artifact-benchmark-test/history/-/history-5.3.0.tgz 13230ms (cache miss)
npm http fetch GET 200 https://vlt-451504312483.d.codeartifact.us-east-1.amazonaws.com/npm/code-artifact-benchmark-test/gulp-util/-/gulp-util-3.0.8.tgz 13284ms (cache miss)
npm http fetch GET 200 https://vlt-451504312483.d.codeartifact.us-east-1.amazonaws.com/npm/code-artifact-benchmark-test/clone/-/clone-1.0.4.tgz 13289ms (cache miss)
npm http fetch GET 200 https://vlt-451504312483.d.codeartifact.us-east-1.amazonaws.com/npm/code-artifact-benchmark-test/clone-stats/-/clone-stats-0.0.1.tgz 13293ms (cache miss)
npm warn deprecated gulp-util@3.0.8: gulp-util is deprecated - replace it, following the guidelines at https://medium.com/gulpjs/gulp-util-ca3b1f9f9ac5
npm http fetch GET 200 https://vlt-451504312483.d.codeartifact.us-east-1.amazonaws.com/npm/code-artifact-benchmark-test/vinyl/-/vinyl-0.5.3.tgz 13323ms (cache miss)
npm http fetch GET 200 https://vlt-451504312483.d.codeartifact.us-east-1.amazonaws.com/npm/code-artifact-benchmark-test/replace-ext/-/replace-ext-0.0.1.tgz 13329ms (cache miss)
npm http fetch GET 200 https://vlt-451504312483.d.codeartifact.us-east-1.amazonaws.com/npm/code-artifact-benchmark-test/object-assign/-/object-assign-3.0.0.tgz 13330ms (cache miss)
npm http fetch GET 200 https://vlt-451504312483.d.codeartifact.us-east-1.amazonaws.com/npm/code-artifact-benchmark-test/gulp-rename/-/gulp-rename-2.1.0.tgz 13337ms (cache miss)
npm http fetch GET 200 https://vlt-451504312483.d.codeartifact.us-east-1.amazonaws.com/npm/code-artifact-benchmark-test/plugin-error/-/plugin-error-2.0.1.tgz 13340ms (cache miss)
npm http fetch GET 200 https://vlt-451504312483.d.codeartifact.us-east-1.amazonaws.com/npm/code-artifact-benchmark-test/happypack/-/happypack-5.0.1.tgz 13343ms (cache miss)
npm http fetch GET 200 https://vlt-451504312483.d.codeartifact.us-east-1.amazonaws.com/npm/code-artifact-benchmark-test/fancy-log/-/fancy-log-2.0.0.tgz 13343ms (cache miss)
npm http fetch GET 200 https://vlt-451504312483.d.codeartifact.us-east-1.amazonaws.com/npm/code-artifact-benchmark-test/gulp-postcss/-/gulp-postcss-9.1.0.tgz 13345ms (cache miss)
npm warn deprecated gulp-postcss@9.1.0: Republished as 10.0.0 to follow the semver spec
npm http fetch GET 200 https://vlt-451504312483.d.codeartifact.us-east-1.amazonaws.com/npm/code-artifact-benchmark-test/gulp-minify-css/-/gulp-minify-css-1.2.4.tgz 13357ms (cache miss)
npm warn deprecated gulp-minify-css@1.2.4: Please use gulp-clean-css
npm http fetch GET 200 https://vlt-451504312483.d.codeartifact.us-east-1.amazonaws.com/npm/code-artifact-benchmark-test/has-flag/-/has-flag-3.0.0.tgz 13382ms (cache miss)
npm http fetch GET 200 https://vlt-451504312483.d.codeartifact.us-east-1.amazonaws.com/npm/code-artifact-benchmark-test/fbjs/-/fbjs-0.8.18.tgz 13390ms (cache miss)
npm http fetch GET 200 https://vlt-451504312483.d.codeartifact.us-east-1.amazonaws.com/npm/code-artifact-benchmark-test/gulp-livereload/-/gulp-livereload-4.0.2.tgz 13387ms (cache miss)
npm http fetch GET 200 https://vlt-451504312483.d.codeartifact.us-east-1.amazonaws.com/npm/code-artifact-benchmark-test/color-name/-/color-name-1.1.3.tgz 13389ms (cache miss)
npm http fetch GET 200 https://vlt-451504312483.d.codeartifact.us-east-1.amazonaws.com/npm/code-artifact-benchmark-test/color-convert/-/color-convert-1.9.3.tgz 13401ms (cache miss)
npm http fetch GET 200 https://vlt-451504312483.d.codeartifact.us-east-1.amazonaws.com/npm/code-artifact-benchmark-test/supports-color/-/supports-color-5.5.0.tgz 13416ms (cache miss)
npm http fetch GET 200 https://vlt-451504312483.d.codeartifact.us-east-1.amazonaws.com/npm/code-artifact-benchmark-test/ansi-styles/-/ansi-styles-3.2.1.tgz 13438ms (cache miss)
npm http fetch GET 200 https://vlt-451504312483.d.codeartifact.us-east-1.amazonaws.com/npm/code-artifact-benchmark-test/debug/-/debug-3.2.7.tgz 13458ms (cache miss)
npm http fetch GET 200 https://vlt-451504312483.d.codeartifact.us-east-1.amazonaws.com/npm/code-artifact-benchmark-test/through2/-/through2-4.0.2.tgz 13466ms (cache miss)
npm http fetch GET 200 https://vlt-451504312483.d.codeartifact.us-east-1.amazonaws.com/npm/code-artifact-benchmark-test/gulp-less/-/gulp-less-5.0.0.tgz 13468ms (cache miss)
npm http fetch GET 200 https://vlt-451504312483.d.codeartifact.us-east-1.amazonaws.com/npm/code-artifact-benchmark-test/chalk/-/chalk-2.4.2.tgz 13471ms (cache miss)
npm http fetch GET 200 https://vlt-451504312483.d.codeartifact.us-east-1.amazonaws.com/npm/code-artifact-benchmark-test/string_decoder/-/string_decoder-0.10.31.tgz 13483ms (cache miss)
npm http fetch GET 200 https://vlt-451504312483.d.codeartifact.us-east-1.amazonaws.com/npm/code-artifact-benchmark-test/readable-stream/-/readable-stream-3.6.2.tgz 13495ms (cache miss)
npm http fetch GET 200 https://vlt-451504312483.d.codeartifact.us-east-1.amazonaws.com/npm/code-artifact-benchmark-test/readable-stream/-/readable-stream-3.6.2.tgz 13499ms (cache miss)
npm http fetch GET 200 https://vlt-451504312483.d.codeartifact.us-east-1.amazonaws.com/npm/code-artifact-benchmark-test/isarray/-/isarray-0.0.1.tgz 13498ms (cache miss)
npm http fetch GET 200 https://vlt-451504312483.d.codeartifact.us-east-1.amazonaws.com/npm/code-artifact-benchmark-test/object-keys/-/object-keys-0.4.0.tgz 13514ms (cache miss)
npm http fetch GET 200 https://vlt-451504312483.d.codeartifact.us-east-1.amazonaws.com/npm/code-artifact-benchmark-test/gulp-eol/-/gulp-eol-0.2.0.tgz 13516ms (cache miss)
npm http fetch GET 200 https://vlt-451504312483.d.codeartifact.us-east-1.amazonaws.com/npm/code-artifact-benchmark-test/xtend/-/xtend-2.1.2.tgz 13517ms (cache miss)
npm http fetch GET 200 https://vlt-451504312483.d.codeartifact.us-east-1.amazonaws.com/npm/code-artifact-benchmark-test/gulp-cssnano/-/gulp-cssnano-2.1.3.tgz 13532ms (cache miss)
npm http fetch GET 200 https://vlt-451504312483.d.codeartifact.us-east-1.amazonaws.com/npm/code-artifact-benchmark-test/through2/-/through2-0.4.2.tgz 13552ms (cache miss)
npm http fetch GET 200 https://vlt-451504312483.d.codeartifact.us-east-1.amazonaws.com/npm/code-artifact-benchmark-test/readable-stream/-/readable-stream-1.0.34.tgz 13555ms (cache miss)
npm http fetch GET 200 https://vlt-451504312483.d.codeartifact.us-east-1.amazonaws.com/npm/code-artifact-benchmark-test/jquery/-/jquery-3.7.1.tgz 13570ms (cache miss)
npm http fetch GET 200 https://vlt-451504312483.d.codeartifact.us-east-1.amazonaws.com/npm/code-artifact-benchmark-test/sax/-/sax-1.2.4.tgz 13571ms (cache miss)
npm http fetch GET 200 https://vlt-451504312483.d.codeartifact.us-east-1.amazonaws.com/npm/code-artifact-benchmark-test/has-flag/-/has-flag-1.0.0.tgz 13589ms (cache miss)
npm http fetch GET 200 https://vlt-451504312483.d.codeartifact.us-east-1.amazonaws.com/npm/code-artifact-benchmark-test/mobx/-/mobx-6.16.1.tgz 13622ms (cache miss)
npm http fetch GET 200 https://vlt-451504312483.d.codeartifact.us-east-1.amazonaws.com/npm/code-artifact-benchmark-test/argparse/-/argparse-1.0.10.tgz 13614ms (cache miss)
npm http fetch GET 200 https://vlt-451504312483.d.codeartifact.us-east-1.amazonaws.com/npm/code-artifact-benchmark-test/caniuse-api/-/caniuse-api-1.6.1.tgz 13634ms (cache miss)
npm http fetch GET 200 https://vlt-451504312483.d.codeartifact.us-east-1.amazonaws.com/npm/code-artifact-benchmark-test/postcss-value-parser/-/postcss-value-parser-3.3.1.tgz 13634ms (cache miss)
npm http fetch GET 200 https://vlt-451504312483.d.codeartifact.us-east-1.amazonaws.com/npm/code-artifact-benchmark-test/supports-color/-/supports-color-3.2.3.tgz 13635ms (cache miss)
npm http fetch GET 200 https://vlt-451504312483.d.codeartifact.us-east-1.amazonaws.com/npm/code-artifact-benchmark-test/browserslist/-/browserslist-1.7.7.tgz 13639ms (cache miss)
npm warn deprecated browserslist@1.7.7: Browserslist 2 could fail on reading Browserslist >3.0 config used in other tools.
npm http fetch GET 200 https://vlt-451504312483.d.codeartifact.us-east-1.amazonaws.com/npm/code-artifact-benchmark-test/draft-js/-/draft-js-0.10.5.tgz 13654ms (cache miss)
npm http fetch GET 200 https://vlt-451504312483.d.codeartifact.us-east-1.amazonaws.com/npm/code-artifact-benchmark-test/postcss-unique-selectors/-/postcss-unique-selectors-2.0.2.tgz 13655ms (cache miss)
npm http fetch GET 200 https://vlt-451504312483.d.codeartifact.us-east-1.amazonaws.com/npm/code-artifact-benchmark-test/less/-/less-4.9.1.tgz 13678ms (cache miss)
npm http fetch GET 200 https://vlt-451504312483.d.codeartifact.us-east-1.amazonaws.com/npm/code-artifact-benchmark-test/postcss-svgo/-/postcss-svgo-2.1.6.tgz 13671ms (cache miss)
npm http fetch GET 200 https://vlt-451504312483.d.codeartifact.us-east-1.amazonaws.com/npm/code-artifact-benchmark-test/postcss-selector-parser/-/postcss-selector-parser-2.2.3.tgz 13677ms (cache miss)
npm http fetch GET 200 https://vlt-451504312483.d.codeartifact.us-east-1.amazonaws.com/npm/code-artifact-benchmark-test/svgo/-/svgo-0.7.2.tgz 13679ms (cache miss)
npm http fetch GET 200 https://vlt-451504312483.d.codeartifact.us-east-1.amazonaws.com/npm/code-artifact-benchmark-test/js-yaml/-/js-yaml-3.7.0.tgz 13680ms (cache miss)
npm warn deprecated svgo@0.7.2: This SVGO version is no longer supported. Upgrade to v2.x.x.
npm http fetch GET 200 https://vlt-451504312483.d.codeartifact.us-east-1.amazonaws.com/npm/code-artifact-benchmark-test/postcss-reduce-transforms/-/postcss-reduce-transforms-1.0.4.tgz 13691ms (cache miss)
npm http fetch GET 200 https://vlt-451504312483.d.codeartifact.us-east-1.amazonaws.com/npm/code-artifact-benchmark-test/postcss-reduce-initial/-/postcss-reduce-initial-1.0.1.tgz 13693ms (cache miss)
npm http fetch GET 200 https://vlt-451504312483.d.codeartifact.us-east-1.amazonaws.com/npm/code-artifact-benchmark-test/postcss-ordered-values/-/postcss-ordered-values-2.2.3.tgz 13696ms (cache miss)
npm http fetch GET 200 https://vlt-451504312483.d.codeartifact.us-east-1.amazonaws.com/npm/code-artifact-benchmark-test/postcss-minify-params/-/postcss-minify-params-1.2.2.tgz 13714ms (cache miss)
npm http fetch GET 200 https://vlt-451504312483.d.codeartifact.us-east-1.amazonaws.com/npm/code-artifact-benchmark-test/postcss-normalize-charset/-/postcss-normalize-charset-1.1.1.tgz 13716ms (cache miss)
npm http fetch GET 200 https://vlt-451504312483.d.codeartifact.us-east-1.amazonaws.com/npm/code-artifact-benchmark-test/postcss-minify-selectors/-/postcss-minify-selectors-2.1.1.tgz 13718ms (cache miss)
npm http fetch GET 200 https://vlt-451504312483.d.codeartifact.us-east-1.amazonaws.com/npm/code-artifact-benchmark-test/postcss-normalize-url/-/postcss-normalize-url-3.0.8.tgz 13721ms (cache miss)
npm http fetch GET 200 https://vlt-451504312483.d.codeartifact.us-east-1.amazonaws.com/npm/code-artifact-benchmark-test/csso/-/csso-2.3.2.tgz 13726ms (cache miss)
npm http fetch GET 200 https://vlt-451504312483.d.codeartifact.us-east-1.amazonaws.com/npm/code-artifact-benchmark-test/postcss-minify-font-values/-/postcss-minify-font-values-1.0.5.tgz 13744ms (cache miss)
npm http fetch GET 200 https://vlt-451504312483.d.codeartifact.us-east-1.amazonaws.com/npm/code-artifact-benchmark-test/postcss-merge-longhand/-/postcss-merge-longhand-2.0.2.tgz 13757ms (cache miss)
npm http fetch GET 200 https://vlt-451504312483.d.codeartifact.us-east-1.amazonaws.com/npm/code-artifact-benchmark-test/postcss-minify-gradients/-/postcss-minify-gradients-1.0.5.tgz 13758ms (cache miss)
npm http fetch GET 200 https://vlt-451504312483.d.codeartifact.us-east-1.amazonaws.com/npm/code-artifact-benchmark-test/postcss-discard-overridden/-/postcss-discard-overridden-0.1.1.tgz 13760ms (cache miss)
npm http fetch GET 200 https://vlt-451504312483.d.codeartifact.us-east-1.amazonaws.com/npm/code-artifact-benchmark-test/postcss-discard-empty/-/postcss-discard-empty-2.1.0.tgz 13788ms (cache miss)
npm http fetch GET 200 https://vlt-451504312483.d.codeartifact.us-east-1.amazonaws.com/npm/code-artifact-benchmark-test/postcss-merge-rules/-/postcss-merge-rules-2.1.2.tgz 13800ms (cache miss)
npm http fetch GET 200 https://vlt-451504312483.d.codeartifact.us-east-1.amazonaws.com/npm/code-artifact-benchmark-test/postcss-discard-duplicates/-/postcss-discard-duplicates-2.1.0.tgz 13807ms (cache miss)
npm http fetch GET 200 https://vlt-451504312483.d.codeartifact.us-east-1.amazonaws.com/npm/code-artifact-benchmark-test/postcss-convert-values/-/postcss-convert-values-2.6.1.tgz 13814ms (cache miss)
npm http fetch GET 200 https://vlt-451504312483.d.codeartifact.us-east-1.amazonaws.com/npm/code-artifact-benchmark-test/postcss-discard-comments/-/postcss-discard-comments-2.0.4.tgz 13815ms (cache miss)
npm http fetch GET 200 https://vlt-451504312483.d.codeartifact.us-east-1.amazonaws.com/npm/code-artifact-benchmark-test/postcss-colormin/-/postcss-colormin-2.2.2.tgz 13840ms (cache miss)
npm http fetch GET 200 https://vlt-451504312483.d.codeartifact.us-east-1.amazonaws.com/npm/code-artifact-benchmark-test/postcss-calc/-/postcss-calc-5.3.1.tgz 13847ms (cache miss)
npm http fetch GET 200 https://vlt-451504312483.d.codeartifact.us-east-1.amazonaws.com/npm/code-artifact-benchmark-test/cssnano/-/cssnano-3.10.0.tgz 13866ms (cache miss)
npm http fetch GET 200 https://vlt-451504312483.d.codeartifact.us-east-1.amazonaws.com/npm/code-artifact-benchmark-test/gulp-csslint/-/gulp-csslint-1.0.1.tgz 13880ms (cache miss)
npm http fetch GET 200 https://vlt-451504312483.d.codeartifact.us-east-1.amazonaws.com/npm/code-artifact-benchmark-test/postcss/-/postcss-5.2.18.tgz 13887ms (cache miss)
npm http fetch GET 200 https://vlt-451504312483.d.codeartifact.us-east-1.amazonaws.com/npm/code-artifact-benchmark-test/gulp/-/gulp-4.0.2.tgz 13886ms (cache miss)
npm http fetch GET 200 https://vlt-451504312483.d.codeartifact.us-east-1.amazonaws.com/npm/code-artifact-benchmark-test/lodash/-/lodash-4.18.1.tgz 13904ms (cache miss)
npm http fetch GET 200 https://vlt-451504312483.d.codeartifact.us-east-1.amazonaws.com/npm/code-artifact-benchmark-test/gulp-concat/-/gulp-concat-2.6.1.tgz 13891ms (cache miss)
npm http fetch GET 200 https://vlt-451504312483.d.codeartifact.us-east-1.amazonaws.com/npm/code-artifact-benchmark-test/fready/-/fready-1.0.0.tgz 13940ms (cache miss)
npm http fetch GET 200 https://vlt-451504312483.d.codeartifact.us-east-1.amazonaws.com/npm/code-artifact-benchmark-test/brace-expansion/-/brace-expansion-2.1.7.tgz 13950ms (cache miss)
npm http fetch GET 200 https://vlt-451504312483.d.codeartifact.us-east-1.amazonaws.com/npm/code-artifact-benchmark-test/debug/-/debug-3.2.7.tgz 13959ms (cache miss)
npm http fetch GET 200 https://vlt-451504312483.d.codeartifact.us-east-1.amazonaws.com/npm/code-artifact-benchmark-test/ms/-/ms-2.0.0.tgz 13965ms (cache miss)
npm http fetch GET 200 https://vlt-451504312483.d.codeartifact.us-east-1.amazonaws.com/npm/code-artifact-benchmark-test/debug/-/debug-2.6.9.tgz 13974ms (cache miss)
npm http fetch GET 200 https://vlt-451504312483.d.codeartifact.us-east-1.amazonaws.com/npm/code-artifact-benchmark-test/express/-/express-4.22.3.tgz 13996ms (cache miss)
npm http fetch GET 200 https://vlt-451504312483.d.codeartifact.us-east-1.amazonaws.com/npm/code-artifact-benchmark-test/eslint-import-resolver-webpack/-/eslint-import-resolver-webpack-0.13.11.tgz 14013ms (cache miss)
npm http fetch GET 200 https://vlt-451504312483.d.codeartifact.us-east-1.amazonaws.com/npm/code-artifact-benchmark-test/debug/-/debug-3.2.7.tgz 14015ms (cache miss)
npm http fetch GET 200 https://vlt-451504312483.d.codeartifact.us-east-1.amazonaws.com/npm/code-artifact-benchmark-test/semver/-/semver-5.7.2.tgz 14019ms (cache miss)
npm http fetch GET 200 https://vlt-451504312483.d.codeartifact.us-east-1.amazonaws.com/npm/code-artifact-benchmark-test/autoprefixer/-/autoprefixer-6.7.7.tgz 14041ms (cache miss)
npm http fetch GET 200 https://vlt-451504312483.d.codeartifact.us-east-1.amazonaws.com/npm/code-artifact-benchmark-test/eslint-plugin-react-hooks/-/eslint-plugin-react-hooks-4.6.2.tgz 14045ms (cache miss)
npm http fetch GET 200 https://vlt-451504312483.d.codeartifact.us-east-1.amazonaws.com/npm/code-artifact-benchmark-test/debug/-/debug-3.2.7.tgz 14057ms (cache miss)
npm http fetch GET 200 https://vlt-451504312483.d.codeartifact.us-east-1.amazonaws.com/npm/code-artifact-benchmark-test/doctrine/-/doctrine-2.1.0.tgz 14058ms (cache miss)
npm http fetch GET 200 https://vlt-451504312483.d.codeartifact.us-east-1.amazonaws.com/npm/code-artifact-benchmark-test/glob/-/glob-10.5.0.tgz 14083ms (cache miss)
npm warn deprecated glob@10.5.0: Old versions of glob are not supported, and contain widely publicized security vulnerabilities, which have been fixed in the current version. Please update. Support for old versions may be purchased (at exorbitant rates) by contacting i@izs.me
npm http fetch GET 200 https://vlt-451504312483.d.codeartifact.us-east-1.amazonaws.com/npm/code-artifact-benchmark-test/minimatch/-/minimatch-9.0.9.tgz 14086ms (cache miss)
npm http fetch GET 200 https://vlt-451504312483.d.codeartifact.us-east-1.amazonaws.com/npm/code-artifact-benchmark-test/doctrine/-/doctrine-2.1.0.tgz 14092ms (cache miss)
npm http fetch GET 200 https://vlt-451504312483.d.codeartifact.us-east-1.amazonaws.com/npm/code-artifact-benchmark-test/font-awesome/-/font-awesome-4.7.0.tgz 14097ms (cache miss)
npm http fetch GET 200 https://vlt-451504312483.d.codeartifact.us-east-1.amazonaws.com/npm/code-artifact-benchmark-test/express-http-proxy/-/express-http-proxy-2.1.2.tgz 14106ms (cache miss)
npm http fetch GET 200 https://vlt-451504312483.d.codeartifact.us-east-1.amazonaws.com/npm/code-artifact-benchmark-test/eslint-config-airbnb/-/eslint-config-airbnb-19.0.4.tgz 14128ms (cache miss)
npm http fetch GET 200 https://vlt-451504312483.d.codeartifact.us-east-1.amazonaws.com/npm/code-artifact-benchmark-test/ejs/-/ejs-3.1.10.tgz 14130ms (cache miss)
npm http fetch GET 200 https://vlt-451504312483.d.codeartifact.us-east-1.amazonaws.com/npm/code-artifact-benchmark-test/cssnano/-/cssnano-6.1.2.tgz 14134ms (cache miss)
npm http fetch GET 200 https://vlt-451504312483.d.codeartifact.us-east-1.amazonaws.com/npm/code-artifact-benchmark-test/immutable/-/immutable-3.7.6.tgz 14148ms (cache miss)
npm http fetch GET 200 https://vlt-451504312483.d.codeartifact.us-east-1.amazonaws.com/npm/code-artifact-benchmark-test/custom-event-polyfill/-/custom-event-polyfill-1.0.7.tgz 14149ms (cache miss)
npm http fetch GET 200 https://vlt-451504312483.d.codeartifact.us-east-1.amazonaws.com/npm/code-artifact-benchmark-test/react/-/react-18.3.1.tgz 14152ms (cache miss)
npm http fetch GET 200 https://vlt-451504312483.d.codeartifact.us-east-1.amazonaws.com/npm/code-artifact-benchmark-test/picocolors/-/picocolors-0.2.1.tgz 14179ms (cache miss)
npm http fetch GET 200 https://vlt-451504312483.d.codeartifact.us-east-1.amazonaws.com/npm/code-artifact-benchmark-test/css-mqpacker/-/css-mqpacker-7.0.0.tgz 14185ms (cache miss)
npm http fetch GET 200 https://vlt-451504312483.d.codeartifact.us-east-1.amazonaws.com/npm/code-artifact-benchmark-test/source-map/-/source-map-0.6.1.tgz 14229ms (cache miss)
npm http fetch GET 200 https://vlt-451504312483.d.codeartifact.us-east-1.amazonaws.com/npm/code-artifact-benchmark-test/regenerator-runtime/-/regenerator-runtime-0.11.1.tgz 14253ms (cache miss)
npm http fetch GET 200 https://vlt-451504312483.d.codeartifact.us-east-1.amazonaws.com/npm/code-artifact-benchmark-test/css-loader/-/css-loader-6.11.0.tgz 14262ms (cache miss)
npm http fetch GET 200 https://vlt-451504312483.d.codeartifact.us-east-1.amazonaws.com/npm/code-artifact-benchmark-test/babel-preset-react-hmre/-/babel-preset-react-hmre-1.1.1.tgz 14273ms (cache miss)
npm http fetch GET 200 https://vlt-451504312483.d.codeartifact.us-east-1.amazonaws.com/npm/code-artifact-benchmark-test/postcss/-/postcss-7.0.39.tgz 14283ms (cache miss)
npm http fetch GET 200 https://vlt-451504312483.d.codeartifact.us-east-1.amazonaws.com/npm/code-artifact-benchmark-test/clean-webpack-plugin/-/clean-webpack-plugin-4.0.0.tgz 14283ms (cache miss)
npm http fetch GET 200 https://vlt-451504312483.d.codeartifact.us-east-1.amazonaws.com/npm/code-artifact-benchmark-test/babel-preset-stage-1/-/babel-preset-stage-1-6.24.1.tgz 14283ms (cache miss)
npm warn deprecated css-mqpacker@7.0.0: Package no longer supported. Contact support@npmjs.com for more info.
npm http fetch GET 200 https://vlt-451504312483.d.codeartifact.us-east-1.amazonaws.com/npm/code-artifact-benchmark-test/babel-preset-react/-/babel-preset-react-6.24.1.tgz 14319ms (cache miss)
npm http fetch GET 200 https://vlt-451504312483.d.codeartifact.us-east-1.amazonaws.com/npm/code-artifact-benchmark-test/babel-preset-es2015/-/babel-preset-es2015-6.24.1.tgz 14320ms (cache miss)
npm warn deprecated babel-preset-es2015@6.24.1: 🙌  Thanks for using Babel: we recommend using babel-preset-env now: please read https://babeljs.io/env to update!
npm http fetch GET 200 https://vlt-451504312483.d.codeartifact.us-east-1.amazonaws.com/npm/code-artifact-benchmark-test/scheduler/-/scheduler-0.19.1.tgz 14326ms (cache miss)
npm http fetch GET 200 https://vlt-451504312483.d.codeartifact.us-east-1.amazonaws.com/npm/code-artifact-benchmark-test/react/-/react-16.14.0.tgz 14341ms (cache miss)
npm http fetch GET 200 https://vlt-451504312483.d.codeartifact.us-east-1.amazonaws.com/npm/code-artifact-benchmark-test/babel-plugin-transform-runtime/-/babel-plugin-transform-runtime-6.23.0.tgz 14346ms (cache miss)
npm http fetch GET 200 https://vlt-451504312483.d.codeartifact.us-east-1.amazonaws.com/npm/code-artifact-benchmark-test/semver/-/semver-7.8.5.tgz 14355ms (cache miss)
npm http fetch GET 200 https://vlt-451504312483.d.codeartifact.us-east-1.amazonaws.com/npm/code-artifact-benchmark-test/babel-plugin-transform-decorators-legacy/-/babel-plugin-transform-decorators-legacy-1.3.5.tgz 14366ms (cache miss)
npm http fetch GET 200 https://vlt-451504312483.d.codeartifact.us-east-1.amazonaws.com/npm/code-artifact-benchmark-test/resolve/-/resolve-2.0.0-next.7.tgz 14376ms (cache miss)
npm http fetch GET 200 https://vlt-451504312483.d.codeartifact.us-east-1.amazonaws.com/npm/code-artifact-benchmark-test/babel-polyfill/-/babel-polyfill-6.26.0.tgz 14382ms (cache miss)
npm http fetch GET 200 https://vlt-451504312483.d.codeartifact.us-east-1.amazonaws.com/npm/code-artifact-benchmark-test/react-dom/-/react-dom-18.3.1.tgz 14400ms (cache miss)
npm http fetch GET 200 https://vlt-451504312483.d.codeartifact.us-east-1.amazonaws.com/npm/code-artifact-benchmark-test/minipass/-/minipass-4.2.8.tgz 14394ms (cache miss)
npm http fetch GET 200 https://vlt-451504312483.d.codeartifact.us-east-1.amazonaws.com/npm/code-artifact-benchmark-test/babel-plugin-module-resolver/-/babel-plugin-module-resolver-5.0.3.tgz 14396ms (cache miss)
npm http fetch GET 200 https://vlt-451504312483.d.codeartifact.us-east-1.amazonaws.com/npm/code-artifact-benchmark-test/brace-expansion/-/brace-expansion-2.1.7.tgz 14396ms (cache miss)
npm http fetch GET 200 https://vlt-451504312483.d.codeartifact.us-east-1.amazonaws.com/npm/code-artifact-benchmark-test/redbox-react/-/redbox-react-1.6.0.tgz 14410ms (cache miss)
npm http fetch GET 200 https://vlt-451504312483.d.codeartifact.us-east-1.amazonaws.com/npm/code-artifact-benchmark-test/babel-plugin-lodash/-/babel-plugin-lodash-3.3.4.tgz 14413ms (cache miss)
npm http fetch GET 200 https://vlt-451504312483.d.codeartifact.us-east-1.amazonaws.com/npm/code-artifact-benchmark-test/core-decorators/-/core-decorators-0.20.0.tgz 14421ms (cache miss)
npm http fetch GET 200 https://vlt-451504312483.d.codeartifact.us-east-1.amazonaws.com/npm/code-artifact-benchmark-test/glob/-/glob-7.2.3.tgz 14418ms (cache miss)
npm warn deprecated glob@7.2.3: Old versions of glob are not supported, and contain widely publicized security vulnerabilities, which have been fixed in the current version. Please update. Support for old versions may be purchased (at exorbitant rates) by contacting i@izs.me
npm http fetch GET 200 https://vlt-451504312483.d.codeartifact.us-east-1.amazonaws.com/npm/code-artifact-benchmark-test/moment/-/moment-2.31.0.tgz 14473ms (cache miss)
npm http fetch GET 200 https://vlt-451504312483.d.codeartifact.us-east-1.amazonaws.com/npm/code-artifact-benchmark-test/tapable/-/tapable-2.3.3.tgz 14458ms (cache miss)
npm http fetch GET 200 https://vlt-451504312483.d.codeartifact.us-east-1.amazonaws.com/npm/code-artifact-benchmark-test/mime-db/-/mime-db-1.54.0.tgz 14476ms (cache miss)
npm http fetch GET 200 https://vlt-451504312483.d.codeartifact.us-east-1.amazonaws.com/npm/code-artifact-benchmark-test/react-dom/-/react-dom-16.14.0.tgz 14512ms (cache miss)
npm http fetch GET 200 https://vlt-451504312483.d.codeartifact.us-east-1.amazonaws.com/npm/code-artifact-benchmark-test/resolve/-/resolve-2.0.0-next.7.tgz 14518ms (cache miss)
npm http fetch GET 200 https://vlt-451504312483.d.codeartifact.us-east-1.amazonaws.com/npm/code-artifact-benchmark-test/eslint-plugin-import/-/eslint-plugin-import-2.32.0.tgz 14520ms (cache miss)
npm http fetch GET 200 https://vlt-451504312483.d.codeartifact.us-east-1.amazonaws.com/npm/code-artifact-benchmark-test/ansi-regex/-/ansi-regex-5.0.1.tgz 14512ms (cache miss)
npm http fetch GET 200 https://vlt-451504312483.d.codeartifact.us-east-1.amazonaws.com/npm/code-artifact-benchmark-test/ansi-styles/-/ansi-styles-4.3.0.tgz 14513ms (cache miss)
npm http fetch GET 200 https://vlt-451504312483.d.codeartifact.us-east-1.amazonaws.com/npm/code-artifact-benchmark-test/globals/-/globals-13.24.0.tgz 14514ms (cache miss)
npm http fetch GET 200 https://vlt-451504312483.d.codeartifact.us-east-1.amazonaws.com/npm/code-artifact-benchmark-test/babel-loader/-/babel-loader-9.2.1.tgz 14518ms (cache miss)
npm http fetch GET 200 https://vlt-451504312483.d.codeartifact.us-east-1.amazonaws.com/npm/code-artifact-benchmark-test/strip-ansi/-/strip-ansi-6.0.1.tgz 14517ms (cache miss)
npm http fetch GET 200 https://vlt-451504312483.d.codeartifact.us-east-1.amazonaws.com/npm/code-artifact-benchmark-test/eslint-visitor-keys/-/eslint-visitor-keys-3.4.3.tgz 14520ms (cache miss)
npm http fetch GET 200 https://vlt-451504312483.d.codeartifact.us-east-1.amazonaws.com/npm/code-artifact-benchmark-test/supports-color/-/supports-color-7.2.0.tgz 14521ms (cache miss)
npm http fetch GET 200 https://vlt-451504312483.d.codeartifact.us-east-1.amazonaws.com/npm/code-artifact-benchmark-test/escape-string-regexp/-/escape-string-regexp-4.0.0.tgz 14526ms (cache miss)
npm http fetch GET 200 https://vlt-451504312483.d.codeartifact.us-east-1.amazonaws.com/npm/code-artifact-benchmark-test/chalk/-/chalk-4.1.2.tgz 14543ms (cache miss)
npm http fetch GET 200 https://vlt-451504312483.d.codeartifact.us-east-1.amazonaws.com/npm/code-artifact-benchmark-test/minimatch/-/minimatch-8.0.7.tgz 14586ms (cache miss)
npm http fetch GET 200 https://vlt-451504312483.d.codeartifact.us-east-1.amazonaws.com/npm/code-artifact-benchmark-test/json5/-/json5-0.5.1.tgz 14588ms (cache miss)
npm http fetch GET 200 https://vlt-451504312483.d.codeartifact.us-east-1.amazonaws.com/npm/code-artifact-benchmark-test/babel-eslint/-/babel-eslint-10.1.0.tgz 14589ms (cache miss)
npm warn deprecated babel-eslint@10.1.0: babel-eslint is now @babel/eslint-parser. This package will no longer receive updates.
npm http fetch GET 200 https://vlt-451504312483.d.codeartifact.us-east-1.amazonaws.com/npm/code-artifact-benchmark-test/ms/-/ms-2.0.0.tgz 14596ms (cache miss)
npm http fetch GET 200 https://vlt-451504312483.d.codeartifact.us-east-1.amazonaws.com/npm/code-artifact-benchmark-test/glob/-/glob-9.3.5.tgz 14621ms (cache miss)
npm warn deprecated glob@9.3.5: Old versions of glob are not supported, and contain widely publicized security vulnerabilities, which have been fixed in the current version. Please update. Support for old versions may be purchased (at exorbitant rates) by contacting i@izs.me
npm http fetch GET 200 https://vlt-451504312483.d.codeartifact.us-east-1.amazonaws.com/npm/code-artifact-benchmark-test/debug/-/debug-2.6.9.tgz 14621ms (cache miss)
npm http fetch GET 200 https://vlt-451504312483.d.codeartifact.us-east-1.amazonaws.com/npm/code-artifact-benchmark-test/convert-source-map/-/convert-source-map-1.9.0.tgz 14629ms (cache miss)
npm http fetch GET 200 https://vlt-451504312483.d.codeartifact.us-east-1.amazonaws.com/npm/code-artifact-benchmark-test/babel-core/-/babel-core-6.26.3.tgz 14654ms (cache miss)
npm http fetch GET 200 https://vlt-451504312483.d.codeartifact.us-east-1.amazonaws.com/npm/code-artifact-benchmark-test/postcss/-/postcss-8.5.28.tgz 14692ms (cache miss)
npm http fetch GET 200 https://vlt-451504312483.d.codeartifact.us-east-1.amazonaws.com/npm/code-artifact-benchmark-test/enhanced-resolve/-/enhanced-resolve-5.26.0.tgz 14710ms (cache miss)
npm http fetch GET 200 https://vlt-451504312483.d.codeartifact.us-east-1.amazonaws.com/npm/code-artifact-benchmark-test/animate.less/-/animate.less-2.2.0.tgz 14729ms (cache miss)
npm http fetch GET 200 https://vlt-451504312483.d.codeartifact.us-east-1.amazonaws.com/npm/code-artifact-benchmark-test/@babel/core/-/core-7.29.7.tgz 14784ms (cache miss)
npm http fetch GET 200 https://vlt-451504312483.d.codeartifact.us-east-1.amazonaws.com/npm/code-artifact-benchmark-test/eslint-plugin-jsx-a11y/-/eslint-plugin-jsx-a11y-6.10.2.tgz 14795ms (cache miss)
npm http fetch GET 200 https://vlt-451504312483.d.codeartifact.us-east-1.amazonaws.com/npm/code-artifact-benchmark-test/babel-runtime/-/babel-runtime-6.26.0.tgz 14803ms (cache miss)
npm http fetch GET 200 https://vlt-451504312483.d.codeartifact.us-east-1.amazonaws.com/npm/code-artifact-benchmark-test/autoprefixer/-/autoprefixer-10.6.1.tgz 14803ms (cache miss)
npm http fetch GET 200 https://vlt-451504312483.d.codeartifact.us-east-1.amazonaws.com/npm/code-artifact-benchmark-test/draft-js/-/draft-js-0.11.7.tgz 14826ms (cache miss)
npm http fetch GET 200 https://vlt-451504312483.d.codeartifact.us-east-1.amazonaws.com/npm/code-artifact-benchmark-test/core-js/-/core-js-1.2.7.tgz 14920ms (cache miss)
npm warn deprecated core-js@1.2.7: core-js@<3.23.3 is no longer maintained and not recommended for usage due to the number of issues. Because of the V8 engine whims, feature detection in old core-js versions could cause a slowdown up to 100x even if nothing is polyfilled. Some versions have web compatibility issues. Please, upgrade your dependencies to the actual version of core-js.
npm http fetch GET 200 https://vlt-451504312483.d.codeartifact.us-east-1.amazonaws.com/npm/code-artifact-benchmark-test/eslint-plugin-react/-/eslint-plugin-react-7.37.5.tgz 14976ms (cache miss)
npm http fetch GET 200 https://vlt-451504312483.d.codeartifact.us-east-1.amazonaws.com/npm/code-artifact-benchmark-test/eslint/-/eslint-8.57.1.tgz 15106ms (cache miss)
npm warn deprecated eslint@8.57.1: This version is no longer supported. Please see https://eslint.org/version-support for other options.
npm http fetch GET 200 https://vlt-451504312483.d.codeartifact.us-east-1.amazonaws.com/npm/code-artifact-benchmark-test/jquery-ui/-/jquery-ui-1.13.2.tgz 15248ms (cache miss)
npm http fetch GET 200 https://vlt-451504312483.d.codeartifact.us-east-1.amazonaws.com/npm/code-artifact-benchmark-test/highcharts/-/highcharts-6.2.0.tgz 15380ms (cache miss)
npm http fetch GET 200 https://vlt-451504312483.d.codeartifact.us-east-1.amazonaws.com/npm/code-artifact-benchmark-test/webpack/-/webpack-5.111.1.tgz 15378ms (cache miss)
npm http fetch GET 200 https://vlt-451504312483.d.codeartifact.us-east-1.amazonaws.com/npm/code-artifact-benchmark-test/highcharts/-/highcharts-11.4.9.tgz 15643ms (cache miss)

added 1516 packages in 3m
