{
  "results": [
    {
      "command": "npm",
      "mean": 50.298632914479995,
      "stddev": 1.6424666243587844,
      "median": 49.69463301658,
      "user": 28.58766078,
      "system": 10.286298559999997,
      "min": 48.846505022079995,
      "max": 54.445325592079996,
      "times": [
        54.445325592079996,
        49.42805844808,
        49.23037780008,
        51.78166316508,
        48.846505022079995,
        50.65317028208,
        49.15243601708,
        48.90541099408,
        50.58217423908,
        49.96120758508
      ],
      "exit_codes": [
        0,
        0,
        0,
        0,
        0,
        0,
        0,
        0,
        0,
        0
      ]
    },
    {
      "command": "vlt",
      "mean": 34.51808158228,
      "stddev": 0.27698375988524193,
      "median": 34.61621989608,
      "user": 26.79159058,
      "system": 10.143291459999999,
      "min": 33.928341465079995,
      "max": 34.832106420079995,
      "times": [
        34.755533931079995,
        34.658170105079996,
        34.710376893079996,
        34.49620041008,
        34.57426968708,
        34.73308599008,
        34.832106420079995,
        34.31808381008,
        34.17464711108,
        33.928341465079995
      ],
      "exit_codes": [
        0,
        0,
        0,
        0,
        0,
        0,
        0,
        0,
        0,
        0
      ]
    },
    {
      "command": "aws",
      "mean": 174.52676893278,
      "stddev": 2.1187525757839896,
      "median": 175.07180729307998,
      "user": 35.78379158,
      "system": 11.856795859999998,
      "min": 171.00376435508,
      "max": 177.05872338208002,
      "times": [
        171.09269837408002,
        172.89493699708,
        176.25621361408,
        174.57484687708,
        175.92299323508,
        171.00376435508,
        174.05282255208002,
        176.84192223208,
        177.05872338208002,
        175.56876770908
      ],
      "exit_codes": [
        0,
        0,
        0,
        0,
        0,
        0,
        0,
        0,
        0,
        0
      ]
    }
  ]
}