npm warn using --force Recommended protections disabled.
npm http fetch GET 200 https://registry.vlt.io/vlt-benchmarks/npm/animate.less 64ms (cache miss)
npm http fetch GET 200 https://registry.vlt.io/vlt-benchmarks/npm/autoprefixer 21ms (cache miss)
npm http fetch GET 200 https://registry.vlt.io/vlt-benchmarks/npm/postcss 19ms (cache miss)
npm http fetch GET 200 https://registry.vlt.io/vlt-benchmarks/npm/babel-core 19ms (cache miss)
npm http fetch GET 200 https://registry.vlt.io/vlt-benchmarks/npm/babel-eslint 18ms (cache miss)
npm http fetch GET 200 https://registry.vlt.io/vlt-benchmarks/npm/eslint 22ms (cache miss)
npm http fetch GET 200 https://registry.vlt.io/vlt-benchmarks/npm/babel-loader 16ms (cache miss)
npm http fetch GET 200 https://registry.vlt.io/vlt-benchmarks/npm/@babel%2fcore 16ms (cache miss)
npm http fetch GET 200 https://registry.vlt.io/vlt-benchmarks/npm/webpack 35ms (cache miss)
npm http fetch GET 200 https://registry.vlt.io/vlt-benchmarks/npm/babel-plugin-lodash 17ms (cache miss)
npm http fetch GET 200 https://registry.vlt.io/vlt-benchmarks/npm/babel-plugin-module-resolver 17ms (cache miss)
npm http fetch GET 200 https://registry.vlt.io/vlt-benchmarks/npm/babel-plugin-transform-decorators-legacy 16ms (cache miss)
npm http fetch GET 200 https://registry.vlt.io/vlt-benchmarks/npm/babel-plugin-transform-runtime 16ms (cache miss)
npm http fetch GET 200 https://registry.vlt.io/vlt-benchmarks/npm/babel-polyfill 16ms (cache miss)
npm http fetch GET 200 https://registry.vlt.io/vlt-benchmarks/npm/babel-preset-es2015 17ms (cache miss)
npm http fetch GET 200 https://registry.vlt.io/vlt-benchmarks/npm/babel-preset-react 16ms (cache miss)
npm http fetch GET 200 https://registry.vlt.io/vlt-benchmarks/npm/babel-preset-react-hmre 15ms (cache miss)
npm http fetch GET 200 https://registry.vlt.io/vlt-benchmarks/npm/babel-preset-stage-1 16ms (cache miss)
npm http fetch GET 200 https://registry.vlt.io/vlt-benchmarks/npm/babel-runtime 15ms (cache miss)
npm http fetch GET 200 https://registry.vlt.io/vlt-benchmarks/npm/clean-webpack-plugin 16ms (cache miss)
npm http fetch GET 200 https://registry.vlt.io/vlt-benchmarks/npm/webpack 24ms (cache revalidated)
npm http fetch GET 200 https://registry.vlt.io/vlt-benchmarks/npm/core-decorators 17ms (cache miss)
npm http fetch GET 200 https://registry.vlt.io/vlt-benchmarks/npm/css-loader 16ms (cache miss)
npm http fetch GET 200 https://registry.vlt.io/vlt-benchmarks/npm/css-mqpacker 17ms (cache miss)
npm http fetch GET 200 https://registry.vlt.io/vlt-benchmarks/npm/cssnano 17ms (cache miss)
npm http fetch GET 200 https://registry.vlt.io/vlt-benchmarks/npm/postcss 16ms (cache revalidated)
npm http fetch GET 200 https://registry.vlt.io/vlt-benchmarks/npm/custom-event-polyfill 16ms (cache miss)
npm http fetch GET 200 https://registry.vlt.io/vlt-benchmarks/npm/draft-js 15ms (cache miss)
npm http fetch GET 200 https://registry.vlt.io/vlt-benchmarks/npm/react 24ms (cache miss)
npm http fetch GET 200 https://registry.vlt.io/vlt-benchmarks/npm/react-dom 26ms (cache miss)
npm http fetch GET 200 https://registry.vlt.io/vlt-benchmarks/npm/ejs 17ms (cache miss)
npm http fetch GET 200 https://registry.vlt.io/vlt-benchmarks/npm/eslint-config-airbnb 16ms (cache miss)
npm http fetch GET 200 https://registry.vlt.io/vlt-benchmarks/npm/eslint-plugin-import 16ms (cache miss)
npm http fetch GET 200 https://registry.vlt.io/vlt-benchmarks/npm/eslint-plugin-jsx-a11y 16ms (cache miss)
npm http fetch GET 200 https://registry.vlt.io/vlt-benchmarks/npm/eslint-plugin-react 16ms (cache miss)
npm http fetch GET 200 https://registry.vlt.io/vlt-benchmarks/npm/eslint-plugin-react-hooks 29ms (cache miss)
npm http fetch GET 200 https://registry.vlt.io/vlt-benchmarks/npm/eslint-import-resolver-webpack 15ms (cache miss)
npm http fetch GET 200 https://registry.vlt.io/vlt-benchmarks/npm/webpack 21ms (cache revalidated)
npm http fetch GET 200 https://registry.vlt.io/vlt-benchmarks/npm/express 17ms (cache miss)
npm http fetch GET 200 https://registry.vlt.io/vlt-benchmarks/npm/express-http-proxy 21ms (cache miss)
npm http fetch GET 200 https://registry.vlt.io/vlt-benchmarks/npm/font-awesome 16ms (cache miss)
npm http fetch GET 200 https://registry.vlt.io/vlt-benchmarks/npm/fready 14ms (cache miss)
npm http fetch GET 200 https://registry.vlt.io/vlt-benchmarks/npm/glob 16ms (cache miss)
npm http fetch GET 200 https://registry.vlt.io/vlt-benchmarks/npm/gulp 16ms (cache miss)
npm http fetch GET 200 https://registry.vlt.io/vlt-benchmarks/npm/gulp-concat 18ms (cache miss)
npm http fetch GET 200 https://registry.vlt.io/vlt-benchmarks/npm/gulp-csslint 15ms (cache miss)
npm http fetch GET 200 https://registry.vlt.io/vlt-benchmarks/npm/gulp-cssnano 16ms (cache miss)
npm http fetch GET 200 https://registry.vlt.io/vlt-benchmarks/npm/gulp-eol 14ms (cache miss)
npm http fetch GET 200 https://registry.vlt.io/vlt-benchmarks/npm/gulp-less 15ms (cache miss)
npm http fetch GET 200 https://registry.vlt.io/vlt-benchmarks/npm/gulp-livereload 16ms (cache miss)
npm http fetch GET 200 https://registry.vlt.io/vlt-benchmarks/npm/gulp-minify-css 16ms (cache miss)
npm http fetch GET 200 https://registry.vlt.io/vlt-benchmarks/npm/gulp-postcss 15ms (cache miss)
npm http fetch GET 200 https://registry.vlt.io/vlt-benchmarks/npm/gulp-rename 16ms (cache miss)
npm http fetch GET 200 https://registry.vlt.io/vlt-benchmarks/npm/gulp-util 15ms (cache miss)
npm http fetch GET 200 https://registry.vlt.io/vlt-benchmarks/npm/happypack 15ms (cache miss)
npm http fetch GET 200 https://registry.vlt.io/vlt-benchmarks/npm/highcharts 14ms (cache miss)
npm http fetch GET 200 https://registry.vlt.io/vlt-benchmarks/npm/highcharts-solid-gauge 15ms (cache miss)
npm http fetch GET 200 https://registry.vlt.io/vlt-benchmarks/npm/history 15ms (cache miss)
npm http fetch GET 200 https://registry.vlt.io/vlt-benchmarks/npm/howler 15ms (cache miss)
npm http fetch GET 200 https://registry.vlt.io/vlt-benchmarks/npm/imports-loader 15ms (cache miss)
npm http fetch GET 200 https://registry.vlt.io/vlt-benchmarks/npm/webpack 20ms (cache revalidated)
npm http fetch GET 200 https://registry.vlt.io/vlt-benchmarks/npm/jquery 15ms (cache miss)
npm http fetch GET 200 https://registry.vlt.io/vlt-benchmarks/npm/jquery-ui 17ms (cache miss)
npm http fetch GET 200 https://registry.vlt.io/vlt-benchmarks/npm/js-cookie 15ms (cache miss)
npm http fetch GET 200 https://registry.vlt.io/vlt-benchmarks/npm/json-loader 15ms (cache miss)
npm http fetch GET 200 https://registry.vlt.io/vlt-benchmarks/npm/leftpad 16ms (cache miss)
npm http fetch GET 200 https://registry.vlt.io/vlt-benchmarks/npm/less 16ms (cache miss)
npm http fetch GET 200 https://registry.vlt.io/vlt-benchmarks/npm/lesshat 16ms (cache miss)
npm http fetch GET 200 https://registry.vlt.io/vlt-benchmarks/npm/lodash 15ms (cache miss)
npm http fetch GET 200 https://registry.vlt.io/vlt-benchmarks/npm/medium-draft 15ms (cache miss)
npm http fetch GET 200 https://registry.vlt.io/vlt-benchmarks/npm/draft-convert 15ms (cache miss)
npm http fetch GET 200 https://registry.vlt.io/vlt-benchmarks/npm/prop-types 14ms (cache miss)
npm http fetch GET 200 https://registry.vlt.io/vlt-benchmarks/npm/react 20ms (cache revalidated)
npm http fetch GET 200 https://registry.vlt.io/vlt-benchmarks/npm/react-dom 18ms (cache revalidated)
npm http fetch GET 200 https://registry.vlt.io/vlt-benchmarks/npm/mobx 18ms (cache miss)
npm http fetch GET 200 https://registry.vlt.io/vlt-benchmarks/npm/mobx-react 17ms (cache miss)
npm http fetch GET 200 https://registry.vlt.io/vlt-benchmarks/npm/moment 15ms (cache miss)
npm http fetch GET 200 https://registry.vlt.io/vlt-benchmarks/npm/moment-range 15ms (cache miss)
npm http fetch GET 200 https://registry.vlt.io/vlt-benchmarks/npm/moment-timezone 16ms (cache miss)
npm http fetch GET 200 https://registry.vlt.io/vlt-benchmarks/npm/password-policy 15ms (cache miss)
npm http fetch GET 200 https://registry.vlt.io/vlt-benchmarks/npm/postcss-reporter 16ms (cache miss)
npm http fetch GET 200 https://registry.vlt.io/vlt-benchmarks/npm/progress 15ms (cache miss)
npm http fetch GET 200 https://registry.vlt.io/vlt-benchmarks/npm/qs 17ms (cache miss)
npm http fetch GET 200 https://registry.vlt.io/vlt-benchmarks/npm/raw-loader 14ms (cache miss)
npm http fetch GET 200 https://registry.vlt.io/vlt-benchmarks/npm/webpack 23ms (cache revalidated)
npm http fetch GET 200 https://registry.vlt.io/vlt-benchmarks/npm/rc-slider 17ms (cache miss)
npm http fetch GET 200 https://registry.vlt.io/vlt-benchmarks/npm/react-addons-css-transition-group 18ms (cache miss)
npm http fetch GET 200 https://registry.vlt.io/vlt-benchmarks/npm/react 18ms (cache revalidated)
npm http fetch GET 200 https://registry.vlt.io/vlt-benchmarks/npm/react-addons-shallow-compare 16ms (cache miss)
npm http fetch GET 200 https://registry.vlt.io/vlt-benchmarks/npm/react-dnd 16ms (cache miss)
npm http fetch GET 200 https://registry.vlt.io/vlt-benchmarks/npm/react-dnd-html5-backend 15ms (cache miss)
npm http fetch GET 200 https://registry.vlt.io/vlt-benchmarks/npm/react-draft-wysiwyg 18ms (cache miss)
npm http fetch GET 200 https://registry.vlt.io/vlt-benchmarks/npm/immutable 16ms (cache miss)
npm http fetch GET 200 https://registry.vlt.io/vlt-benchmarks/npm/react-dropzone 18ms (cache miss)
npm http fetch GET 200 https://registry.vlt.io/vlt-benchmarks/npm/react-grid-layout 15ms (cache miss)
npm http fetch GET 200 https://registry.vlt.io/vlt-benchmarks/npm/react-highcharts 15ms (cache miss)
npm http fetch GET 200 https://registry.vlt.io/vlt-benchmarks/npm/react 19ms (cache revalidated)
npm http fetch GET 200 https://registry.vlt.io/vlt-benchmarks/npm/react-dom 19ms (cache revalidated)
npm http fetch GET 200 https://registry.vlt.io/vlt-benchmarks/npm/react-hot-loader 17ms (cache miss)
npm http fetch GET 200 https://registry.vlt.io/vlt-benchmarks/npm/react 26ms (cache revalidated)
npm http fetch GET 200 https://registry.vlt.io/vlt-benchmarks/npm/react-dom 32ms (cache revalidated)
npm http fetch GET 200 https://registry.vlt.io/vlt-benchmarks/npm/react-input-calendar 17ms (cache miss)
npm http fetch GET 200 https://registry.vlt.io/vlt-benchmarks/npm/moment-range 16ms (cache revalidated)
npm http fetch GET 200 https://registry.vlt.io/vlt-benchmarks/npm/prop-types 16ms (cache revalidated)
npm http fetch GET 200 https://registry.vlt.io/vlt-benchmarks/npm/react 20ms (cache revalidated)
npm http fetch GET 200 https://registry.vlt.io/vlt-benchmarks/npm/react-lazyload 19ms (cache miss)
npm http fetch GET 200 https://registry.vlt.io/vlt-benchmarks/npm/react-measure 16ms (cache miss)
npm http fetch GET 200 https://registry.vlt.io/vlt-benchmarks/npm/react-mixin 15ms (cache miss)
npm http fetch GET 200 https://registry.vlt.io/vlt-benchmarks/npm/react-responsive 16ms (cache miss)
npm http fetch GET 200 https://registry.vlt.io/vlt-benchmarks/npm/react-responsive-tabs 15ms (cache miss)
npm http fetch GET 200 https://registry.vlt.io/vlt-benchmarks/npm/react 22ms (cache revalidated)
npm http fetch GET 200 https://registry.vlt.io/vlt-benchmarks/npm/react-dom 19ms (cache revalidated)
npm http fetch GET 200 https://registry.vlt.io/vlt-benchmarks/npm/react-router 22ms (cache miss)
npm http fetch GET 200 https://registry.vlt.io/vlt-benchmarks/npm/react-router-dom 20ms (cache miss)
npm http fetch GET 200 https://registry.vlt.io/vlt-benchmarks/npm/react-select-plus 16ms (cache miss)
npm http fetch GET 200 https://registry.vlt.io/vlt-benchmarks/npm/react 18ms (cache revalidated)
npm http fetch GET 200 https://registry.vlt.io/vlt-benchmarks/npm/react-dom 20ms (cache revalidated)
npm http fetch GET 200 https://registry.vlt.io/vlt-benchmarks/npm/react-skylight 15ms (cache miss)
npm http fetch GET 200 https://registry.vlt.io/vlt-benchmarks/npm/react 18ms (cache revalidated)
npm http fetch GET 200 https://registry.vlt.io/vlt-benchmarks/npm/react-sortablejs 16ms (cache miss)
npm http fetch GET 200 https://registry.vlt.io/vlt-benchmarks/npm/@types%2fsortablejs 16ms (cache miss)
npm http fetch GET 200 https://registry.vlt.io/vlt-benchmarks/npm/sortablejs 15ms (cache miss)
npm http fetch GET 200 https://registry.vlt.io/vlt-benchmarks/npm/react-tappable 15ms (cache miss)
npm http fetch GET 200 https://registry.vlt.io/vlt-benchmarks/npm/create-react-class 16ms (cache miss)
npm http fetch GET 200 https://registry.vlt.io/vlt-benchmarks/npm/react 17ms (cache revalidated)
npm http fetch GET 200 https://registry.vlt.io/vlt-benchmarks/npm/react-dom 21ms (cache revalidated)
npm http fetch GET 200 https://registry.vlt.io/vlt-benchmarks/npm/react-tooltip 19ms (cache miss)
npm http fetch GET 200 https://registry.vlt.io/vlt-benchmarks/npm/react-virtualized 20ms (cache miss)
npm http fetch GET 200 https://registry.vlt.io/vlt-benchmarks/npm/react-waypoint 16ms (cache miss)
npm http fetch GET 200 https://registry.vlt.io/vlt-benchmarks/npm/style-loader 17ms (cache miss)
npm http fetch GET 200 https://registry.vlt.io/vlt-benchmarks/npm/stylelint 18ms (cache miss)
npm http fetch GET 200 https://registry.vlt.io/vlt-benchmarks/npm/superagent 17ms (cache miss)
npm http fetch GET 200 https://registry.vlt.io/vlt-benchmarks/npm/uglify-js 17ms (cache miss)
npm http fetch GET 200 https://registry.vlt.io/vlt-benchmarks/npm/uuid 15ms (cache miss)
npm http fetch GET 200 https://registry.vlt.io/vlt-benchmarks/npm/verge 15ms (cache miss)
npm http fetch GET 200 https://registry.vlt.io/vlt-benchmarks/npm/webpack-bundle-analyzer 16ms (cache miss)
npm http fetch GET 200 https://registry.vlt.io/vlt-benchmarks/npm/webpack-hot-middleware 17ms (cache miss)
npm http fetch GET 200 https://registry.vlt.io/vlt-benchmarks/npm/webpack-notifier 16ms (cache miss)
npm http fetch GET 200 https://registry.vlt.io/vlt-benchmarks/npm/webpack-split-by-path 15ms (cache miss)
npm http fetch GET 200 https://registry.vlt.io/vlt-benchmarks/npm/whatwg-fetch 15ms (cache miss)
npm http fetch GET 200 https://registry.vlt.io/vlt-benchmarks/npm/nan-as 15ms (cache miss)
npm http fetch GET 200 https://registry.vlt.io/vlt-benchmarks/npm/picocolors 18ms (cache miss)
npm http fetch GET 200 https://registry.vlt.io/vlt-benchmarks/npm/caniuse-lite 23ms (cache miss)
npm http fetch GET 200 https://registry.vlt.io/vlt-benchmarks/npm/browserslist 47ms (cache miss)
npm http fetch GET 200 https://registry.vlt.io/vlt-benchmarks/npm/fraction.js 50ms (cache miss)
npm http fetch GET 200 https://registry.vlt.io/vlt-benchmarks/npm/postcss-value-parser 16ms (cache miss)
npm http fetch GET 200 https://registry.vlt.io/vlt-benchmarks/npm/nanoid 17ms (cache miss)
npm http fetch GET 200 https://registry.vlt.io/vlt-benchmarks/npm/source-map-js 19ms (cache miss)
npm http fetch GET 200 https://registry.vlt.io/vlt-benchmarks/npm/babel-code-frame 15ms (cache miss)
npm http fetch GET 200 https://registry.vlt.io/vlt-benchmarks/npm/babel-generator 15ms (cache miss)
npm http fetch GET 200 https://registry.vlt.io/vlt-benchmarks/npm/babel-helpers 15ms (cache miss)
npm http fetch GET 200 https://registry.vlt.io/vlt-benchmarks/npm/babel-messages 15ms (cache miss)
npm http fetch GET 200 https://registry.vlt.io/vlt-benchmarks/npm/babel-register 17ms (cache miss)
npm http fetch GET 200 https://registry.vlt.io/vlt-benchmarks/npm/babel-template 16ms (cache miss)
npm http fetch GET 200 https://registry.vlt.io/vlt-benchmarks/npm/babel-traverse 14ms (cache miss)
npm http fetch GET 200 https://registry.vlt.io/vlt-benchmarks/npm/babel-types 17ms (cache miss)
npm http fetch GET 200 https://registry.vlt.io/vlt-benchmarks/npm/babylon 19ms (cache miss)
npm http fetch GET 200 https://registry.vlt.io/vlt-benchmarks/npm/convert-source-map 17ms (cache miss)
npm http fetch GET 200 https://registry.vlt.io/vlt-benchmarks/npm/debug 16ms (cache miss)
npm http fetch GET 200 https://registry.vlt.io/vlt-benchmarks/npm/json5 17ms (cache miss)
npm http fetch GET 200 https://registry.vlt.io/vlt-benchmarks/npm/lodash 17ms (cache revalidated)
npm http fetch GET 200 https://registry.vlt.io/vlt-benchmarks/npm/minimatch 16ms (cache miss)
npm http fetch GET 200 https://registry.vlt.io/vlt-benchmarks/npm/private 15ms (cache miss)
npm http fetch GET 200 https://registry.vlt.io/vlt-benchmarks/npm/path-is-absolute 19ms (cache miss)
npm http fetch GET 200 https://registry.vlt.io/vlt-benchmarks/npm/slash 15ms (cache miss)
npm http fetch GET 200 https://registry.vlt.io/vlt-benchmarks/npm/source-map 15ms (cache miss)
npm http fetch GET 200 https://registry.vlt.io/vlt-benchmarks/npm/resolve 17ms (cache miss)
npm http fetch GET 200 https://registry.vlt.io/vlt-benchmarks/npm/@babel%2ftypes 16ms (cache miss)
npm http fetch GET 200 https://registry.vlt.io/vlt-benchmarks/npm/@babel%2fparser 16ms (cache miss)
npm http fetch GET 200 https://registry.vlt.io/vlt-benchmarks/npm/@babel%2ftraverse 17ms (cache miss)
npm http fetch GET 200 https://registry.vlt.io/vlt-benchmarks/npm/@babel%2fcode-frame 16ms (cache miss)
npm http fetch GET 200 https://registry.vlt.io/vlt-benchmarks/npm/eslint-visitor-keys 17ms (cache miss)
npm http fetch GET 200 https://registry.vlt.io/vlt-benchmarks/npm/ajv 18ms (cache miss)
npm http fetch GET 200 https://registry.vlt.io/vlt-benchmarks/npm/levn 21ms (cache miss)
npm http fetch GET 200 https://registry.vlt.io/vlt-benchmarks/npm/chalk 18ms (cache miss)
npm http fetch GET 200 https://registry.vlt.io/vlt-benchmarks/npm/debug 22ms (cache revalidated)
npm http fetch GET 200 https://registry.vlt.io/vlt-benchmarks/npm/espree 21ms (cache miss)
npm http fetch GET 200 https://registry.vlt.io/vlt-benchmarks/npm/ignore 20ms (cache miss)
npm http fetch GET 200 https://registry.vlt.io/vlt-benchmarks/npm/esquery 15ms (cache miss)
npm http fetch GET 200 https://registry.vlt.io/vlt-benchmarks/npm/esutils 17ms (cache miss)
npm http fetch GET 200 https://registry.vlt.io/vlt-benchmarks/npm/find-up 16ms (cache miss)
npm http fetch GET 200 https://registry.vlt.io/vlt-benchmarks/npm/globals 18ms (cache miss)
npm http fetch GET 200 https://registry.vlt.io/vlt-benchmarks/npm/is-glob 17ms (cache miss)
npm http fetch GET 200 https://registry.vlt.io/vlt-benchmarks/npm/js-yaml 18ms (cache miss)
npm http fetch GET 200 https://registry.vlt.io/vlt-benchmarks/npm/doctrine 16ms (cache miss)
npm http fetch GET 200 https://registry.vlt.io/vlt-benchmarks/npm/graphemer 15ms (cache miss)
npm http fetch GET 200 https://registry.vlt.io/vlt-benchmarks/npm/minimatch 16ms (cache revalidated)
npm http fetch GET 200 https://registry.vlt.io/vlt-benchmarks/npm/@eslint%2fjs 17ms (cache miss)
npm http fetch GET 200 https://registry.vlt.io/vlt-benchmarks/npm/optionator 17ms (cache miss)
npm http fetch GET 200 https://registry.vlt.io/vlt-benchmarks/npm/strip-ansi 15ms (cache miss)
npm http fetch GET 200 https://registry.vlt.io/vlt-benchmarks/npm/text-table 18ms (cache miss)
npm http fetch GET 200 https://registry.vlt.io/vlt-benchmarks/npm/cross-spawn 18ms (cache miss)
npm http fetch GET 200 https://registry.vlt.io/vlt-benchmarks/npm/glob-parent 18ms (cache miss)
npm http fetch GET 200 https://registry.vlt.io/vlt-benchmarks/npm/imurmurhash 22ms (cache miss)
npm http fetch GET 200 https://registry.vlt.io/vlt-benchmarks/npm/lodash.merge 18ms (cache miss)
npm http fetch GET 200 https://registry.vlt.io/vlt-benchmarks/npm/eslint-scope 21ms (cache miss)
npm http fetch GET 200 https://registry.vlt.io/vlt-benchmarks/npm/is-path-inside 22ms (cache miss)
npm http fetch GET 200 https://registry.vlt.io/vlt-benchmarks/npm/fast-deep-equal 20ms (cache miss)
npm http fetch GET 200 https://registry.vlt.io/vlt-benchmarks/npm/natural-compare 20ms (cache miss)
npm http fetch GET 200 https://registry.vlt.io/vlt-benchmarks/npm/@nodelib%2ffs.walk 17ms (cache miss)
npm http fetch GET 200 https://registry.vlt.io/vlt-benchmarks/npm/@eslint%2feslintrc 20ms (cache miss)
npm http fetch GET 200 https://registry.vlt.io/vlt-benchmarks/npm/file-entry-cache 18ms (cache miss)
npm http fetch GET 200 https://registry.vlt.io/vlt-benchmarks/npm/escape-string-regexp 18ms (cache miss)
npm http fetch GET 200 https://registry.vlt.io/vlt-benchmarks/npm/eslint-visitor-keys 22ms (cache revalidated)
npm http fetch GET 200 https://registry.vlt.io/vlt-benchmarks/npm/@ungap%2fstructured-clone 20ms (cache miss)
npm http fetch GET 200 https://registry.vlt.io/vlt-benchmarks/npm/@eslint-community%2fregexpp 17ms (cache miss)
npm http fetch GET 200 https://registry.vlt.io/vlt-benchmarks/npm/@humanwhocodes%2fconfig-array 18ms (cache miss)
npm http fetch GET 200 https://registry.vlt.io/vlt-benchmarks/npm/@eslint-community%2feslint-utils 19ms (cache miss)
npm http fetch GET 200 https://registry.vlt.io/vlt-benchmarks/npm/@humanwhocodes%2fmodule-importer 15ms (cache miss)
npm http fetch GET 200 https://registry.vlt.io/vlt-benchmarks/npm/json-stable-stringify-without-jsonify 16ms (cache miss)
npm http fetch GET 200 https://registry.vlt.io/vlt-benchmarks/npm/schema-utils 18ms (cache miss)
npm http fetch GET 200 https://registry.vlt.io/vlt-benchmarks/npm/find-cache-dir 16ms (cache miss)
npm http fetch GET 200 https://registry.vlt.io/vlt-benchmarks/npm/json5 20ms (cache revalidated)
npm http fetch GET 200 https://registry.vlt.io/vlt-benchmarks/npm/semver 18ms (cache miss)
npm http fetch GET 200 https://registry.vlt.io/vlt-benchmarks/npm/gensync 15ms (cache miss)
npm http fetch GET 200 https://registry.vlt.io/vlt-benchmarks/npm/@babel%2ftypes 17ms (cache revalidated)
npm http fetch GET 200 https://registry.vlt.io/vlt-benchmarks/npm/@babel%2fparser 17ms (cache revalidated)
npm http fetch GET 200 https://registry.vlt.io/vlt-benchmarks/npm/@babel%2fhelpers 18ms (cache miss)
npm http fetch GET 200 https://registry.vlt.io/vlt-benchmarks/npm/@babel%2ftemplate 16ms (cache miss)
npm http fetch GET 200 https://registry.vlt.io/vlt-benchmarks/npm/@babel%2ftraverse 17ms (cache revalidated)
npm http fetch GET 200 https://registry.vlt.io/vlt-benchmarks/npm/@babel%2fgenerator 18ms (cache miss)
npm http fetch GET 200 https://registry.vlt.io/vlt-benchmarks/npm/@babel%2fcode-frame 15ms (cache revalidated)
npm http fetch GET 200 https://registry.vlt.io/vlt-benchmarks/npm/convert-source-map 18ms (cache revalidated)
npm http fetch GET 200 https://registry.vlt.io/vlt-benchmarks/npm/@jridgewell%2fremapping 16ms (cache miss)
npm http fetch GET 200 https://registry.vlt.io/vlt-benchmarks/npm/@babel%2fhelper-module-transforms 16ms (cache miss)
npm http fetch GET 200 https://registry.vlt.io/vlt-benchmarks/npm/@babel%2fhelper-compilation-targets 15ms (cache miss)
npm http fetch GET 200 https://registry.vlt.io/vlt-benchmarks/npm/events 20ms (cache miss)
npm http fetch GET 200 https://registry.vlt.io/vlt-benchmarks/npm/mime-db 16ms (cache miss)
npm http fetch GET 200 https://registry.vlt.io/vlt-benchmarks/npm/tapable 15ms (cache miss)
npm http fetch GET 200 https://registry.vlt.io/vlt-benchmarks/npm/watchpack 16ms (cache miss)
npm http fetch GET 200 https://registry.vlt.io/vlt-benchmarks/npm/graceful-fs 18ms (cache miss)
npm http fetch GET 200 https://registry.vlt.io/vlt-benchmarks/npm/browserslist 19ms (cache revalidated)
npm http fetch GET 200 https://registry.vlt.io/vlt-benchmarks/npm/schema-utils 16ms (cache revalidated)
npm http fetch GET 200 https://registry.vlt.io/vlt-benchmarks/npm/@types%2festree 16ms (cache miss)
npm http fetch GET 200 https://registry.vlt.io/vlt-benchmarks/npm/es-module-lexer 17ms (cache miss)
npm http fetch GET 200 https://registry.vlt.io/vlt-benchmarks/npm/webpack-sources 15ms (cache miss)
npm http fetch GET 200 https://registry.vlt.io/vlt-benchmarks/npm/enhanced-resolve 18ms (cache miss)
npm http fetch GET 200 https://registry.vlt.io/vlt-benchmarks/npm/@types%2fjson-schema 15ms (cache miss)
npm http fetch GET 200 https://registry.vlt.io/vlt-benchmarks/npm/@webassemblyjs%2fast 15ms (cache miss)
npm http fetch GET 200 https://registry.vlt.io/vlt-benchmarks/npm/chrome-trace-event 18ms (cache miss)
npm http fetch GET 200 https://registry.vlt.io/vlt-benchmarks/npm/@webassemblyjs%2fwasm-edit 17ms (cache miss)
npm http fetch GET 200 https://registry.vlt.io/vlt-benchmarks/npm/minimizer-webpack-plugin 16ms (cache miss)
npm http fetch GET 200 https://registry.vlt.io/vlt-benchmarks/npm/@babel%2fhelper-module-imports 16ms (cache miss)
npm http fetch GET 200 https://registry.vlt.io/vlt-benchmarks/npm/@webassemblyjs%2fwasm-parser 22ms (cache miss)
npm http fetch GET 200 https://registry.vlt.io/vlt-benchmarks/npm/glob 16ms (cache revalidated)
npm http fetch GET 200 https://registry.vlt.io/vlt-benchmarks/npm/require-package-name 17ms (cache miss)
npm http fetch GET 200 https://registry.vlt.io/vlt-benchmarks/npm/pkg-up 15ms (cache miss)
npm http fetch GET 200 https://registry.vlt.io/vlt-benchmarks/npm/glob 22ms (cache revalidated)
npm http fetch GET 200 https://registry.vlt.io/vlt-benchmarks/npm/resolve 16ms (cache revalidated)
npm http fetch GET 200 https://registry.vlt.io/vlt-benchmarks/npm/reselect 16ms (cache miss)
npm http fetch GET 200 https://registry.vlt.io/vlt-benchmarks/npm/find-babel-config 16ms (cache miss)
npm http fetch GET 200 https://registry.vlt.io/vlt-benchmarks/npm/babel-plugin-syntax-decorators 19ms (cache miss)
npm http fetch GET 200 https://registry.vlt.io/vlt-benchmarks/npm/babel-runtime 17ms (cache revalidated)
npm http fetch GET 200 https://registry.vlt.io/vlt-benchmarks/npm/babel-template 17ms (cache revalidated)
npm http fetch GET 200 https://registry.vlt.io/vlt-benchmarks/npm/babel-runtime 17ms (cache revalidated)
npm http fetch GET 200 https://registry.vlt.io/vlt-benchmarks/npm/core-js 19ms (cache miss)
npm http fetch GET 200 https://registry.vlt.io/vlt-benchmarks/npm/regenerator-runtime 19ms (cache miss)
npm http fetch GET 200 https://registry.vlt.io/vlt-benchmarks/npm/babel-plugin-check-es2015-constants 16ms (cache miss)
npm http fetch GET 200 https://registry.vlt.io/vlt-benchmarks/npm/babel-plugin-transform-es2015-arrow-functions 16ms (cache miss)
npm http fetch GET 200 https://registry.vlt.io/vlt-benchmarks/npm/babel-plugin-transform-es2015-block-scoped-functions 16ms (cache miss)
npm http fetch GET 200 https://registry.vlt.io/vlt-benchmarks/npm/babel-plugin-transform-es2015-block-scoping 17ms (cache miss)
npm http fetch GET 200 https://registry.vlt.io/vlt-benchmarks/npm/babel-plugin-transform-es2015-classes 16ms (cache miss)
npm http fetch GET 200 https://registry.vlt.io/vlt-benchmarks/npm/babel-plugin-transform-es2015-computed-properties 17ms (cache miss)
npm http fetch GET 200 https://registry.vlt.io/vlt-benchmarks/npm/babel-plugin-transform-es2015-destructuring 17ms (cache miss)
npm http fetch GET 200 https://registry.vlt.io/vlt-benchmarks/npm/babel-plugin-transform-es2015-for-of 14ms (cache miss)
npm http fetch GET 200 https://registry.vlt.io/vlt-benchmarks/npm/babel-plugin-transform-es2015-duplicate-keys 21ms (cache miss)
npm http fetch GET 200 https://registry.vlt.io/vlt-benchmarks/npm/babel-plugin-transform-es2015-function-name 15ms (cache miss)
npm http fetch GET 200 https://registry.vlt.io/vlt-benchmarks/npm/babel-plugin-transform-es2015-literals 15ms (cache miss)
npm http fetch GET 200 https://registry.vlt.io/vlt-benchmarks/npm/babel-plugin-transform-es2015-modules-amd 14ms (cache miss)
npm http fetch GET 200 https://registry.vlt.io/vlt-benchmarks/npm/babel-plugin-transform-es2015-modules-commonjs 15ms (cache miss)
npm http fetch GET 200 https://registry.vlt.io/vlt-benchmarks/npm/babel-plugin-transform-es2015-modules-systemjs 16ms (cache miss)
npm http fetch GET 200 https://registry.vlt.io/vlt-benchmarks/npm/babel-plugin-transform-es2015-modules-umd 15ms (cache miss)
npm http fetch GET 200 https://registry.vlt.io/vlt-benchmarks/npm/babel-plugin-transform-es2015-object-super 16ms (cache miss)
npm http fetch GET 200 https://registry.vlt.io/vlt-benchmarks/npm/babel-plugin-transform-es2015-parameters 17ms (cache miss)
npm http fetch GET 200 https://registry.vlt.io/vlt-benchmarks/npm/babel-plugin-transform-es2015-shorthand-properties 16ms (cache miss)
npm http fetch GET 200 https://registry.vlt.io/vlt-benchmarks/npm/babel-plugin-transform-es2015-spread 16ms (cache miss)
npm http fetch GET 200 https://registry.vlt.io/vlt-benchmarks/npm/babel-plugin-transform-es2015-sticky-regex 16ms (cache miss)
npm http fetch GET 200 https://registry.vlt.io/vlt-benchmarks/npm/babel-plugin-transform-es2015-template-literals 16ms (cache miss)
npm http fetch GET 200 https://registry.vlt.io/vlt-benchmarks/npm/babel-plugin-transform-es2015-typeof-symbol 15ms (cache miss)
npm http fetch GET 200 https://registry.vlt.io/vlt-benchmarks/npm/babel-plugin-transform-es2015-unicode-regex 17ms (cache miss)
npm http fetch GET 200 https://registry.vlt.io/vlt-benchmarks/npm/babel-plugin-transform-regenerator 17ms (cache miss)
npm http fetch GET 200 https://registry.vlt.io/vlt-benchmarks/npm/babel-preset-flow 15ms (cache miss)
npm http fetch GET 200 https://registry.vlt.io/vlt-benchmarks/npm/babel-plugin-syntax-jsx 17ms (cache miss)
npm http fetch GET 200 https://registry.vlt.io/vlt-benchmarks/npm/babel-plugin-transform-react-display-name 16ms (cache miss)
npm http fetch GET 200 https://registry.vlt.io/vlt-benchmarks/npm/babel-plugin-transform-react-jsx 17ms (cache miss)
npm http fetch GET 200 https://registry.vlt.io/vlt-benchmarks/npm/babel-plugin-transform-react-jsx-source 16ms (cache miss)
npm http fetch GET 200 https://registry.vlt.io/vlt-benchmarks/npm/babel-plugin-transform-react-jsx-self 18ms (cache miss)
npm http fetch GET 200 https://registry.vlt.io/vlt-benchmarks/npm/babel-plugin-react-transform 16ms (cache miss)
npm http fetch GET 200 https://registry.vlt.io/vlt-benchmarks/npm/react-transform-catch-errors 15ms (cache miss)
npm http fetch GET 200 https://registry.vlt.io/vlt-benchmarks/npm/react-transform-hmr 15ms (cache miss)
npm http fetch GET 200 https://registry.vlt.io/vlt-benchmarks/npm/redbox-react 17ms (cache miss)
npm http fetch GET 200 https://registry.vlt.io/vlt-benchmarks/npm/babel-plugin-transform-class-constructor-call 14ms (cache miss)
npm http fetch GET 200 https://registry.vlt.io/vlt-benchmarks/npm/babel-plugin-transform-export-extensions 16ms (cache miss)
npm http fetch GET 200 https://registry.vlt.io/vlt-benchmarks/npm/babel-preset-stage-2 16ms (cache miss)
npm http fetch GET 200 https://registry.vlt.io/vlt-benchmarks/npm/core-js 15ms (cache revalidated)
npm http fetch GET 200 https://registry.vlt.io/vlt-benchmarks/npm/regenerator-runtime 16ms (cache revalidated)
npm http fetch GET 200 https://registry.vlt.io/vlt-benchmarks/npm/del 15ms (cache miss)
npm http fetch GET 200 https://registry.vlt.io/vlt-benchmarks/npm/semver 15ms (cache revalidated)
npm http fetch GET 200 https://registry.vlt.io/vlt-benchmarks/npm/icss-utils 16ms (cache miss)
npm http fetch GET 200 https://registry.vlt.io/vlt-benchmarks/npm/postcss-modules-scope 16ms (cache miss)
npm http fetch GET 200 https://registry.vlt.io/vlt-benchmarks/npm/postcss-modules-values 15ms (cache miss)
npm http fetch GET 200 https://registry.vlt.io/vlt-benchmarks/npm/postcss-modules-extract-imports 16ms (cache miss)
npm http fetch GET 200 https://registry.vlt.io/vlt-benchmarks/npm/postcss-modules-local-by-default 16ms (cache miss)
npm http fetch GET 200 https://registry.vlt.io/vlt-benchmarks/npm/minimist 14ms (cache miss)
npm http fetch GET 200 https://registry.vlt.io/vlt-benchmarks/npm/lilconfig 15ms (cache miss)
npm http fetch GET 200 https://registry.vlt.io/vlt-benchmarks/npm/cssnano-preset-default 17ms (cache miss)
npm http fetch GET 200 https://registry.vlt.io/vlt-benchmarks/npm/fbjs 15ms (cache miss)
npm http fetch GET 200 https://registry.vlt.io/vlt-benchmarks/npm/immutable 16ms (cache revalidated)
npm http fetch GET 200 https://registry.vlt.io/vlt-benchmarks/npm/object-assign 18ms (cache miss)
npm http fetch GET 200 https://registry.vlt.io/vlt-benchmarks/npm/scheduler 24ms (cache miss)
npm http fetch GET 200 https://registry.vlt.io/vlt-benchmarks/npm/loose-envify 35ms (cache miss)
npm http fetch GET 200 https://registry.vlt.io/vlt-benchmarks/npm/loose-envify 31ms (cache miss)
npm http fetch GET 200 https://registry.vlt.io/vlt-benchmarks/npm/object.assign 17ms (cache miss)
npm http fetch GET 200 https://registry.vlt.io/vlt-benchmarks/npm/object.entries 18ms (cache miss)
npm http fetch GET 200 https://registry.vlt.io/vlt-benchmarks/npm/jake 29ms (cache miss)
npm http fetch GET 200 https://registry.vlt.io/vlt-benchmarks/npm/eslint-config-airbnb-base 15ms (cache miss)
npm http fetch GET 200 https://registry.vlt.io/vlt-benchmarks/npm/aria-query 15ms (cache miss)
npm http fetch GET 200 https://registry.vlt.io/vlt-benchmarks/npm/array-includes 15ms (cache miss)
npm http fetch GET 200 https://registry.vlt.io/vlt-benchmarks/npm/array.prototype.flatmap 15ms (cache miss)
npm http fetch GET 200 https://registry.vlt.io/vlt-benchmarks/npm/ast-types-flow 15ms (cache miss)
npm http fetch GET 200 https://registry.vlt.io/vlt-benchmarks/npm/axobject-query 17ms (cache miss)
npm http fetch GET 200 https://registry.vlt.io/vlt-benchmarks/npm/damerau-levenshtein 17ms (cache miss)
npm http fetch GET 200 https://registry.vlt.io/vlt-benchmarks/npm/emoji-regex 17ms (cache miss)
npm http fetch GET 200 https://registry.vlt.io/vlt-benchmarks/npm/hasown 17ms (cache miss)
npm http fetch GET 200 https://registry.vlt.io/vlt-benchmarks/npm/axe-core 49ms (cache miss)
npm http fetch GET 200 https://registry.vlt.io/vlt-benchmarks/npm/language-tags 26ms (cache miss)
npm http fetch GET 200 https://registry.vlt.io/vlt-benchmarks/npm/jsx-ast-utils 31ms (cache miss)
npm http fetch GET 200 https://registry.vlt.io/vlt-benchmarks/npm/object.fromentries 15ms (cache miss)
npm http fetch GET 200 https://registry.vlt.io/vlt-benchmarks/npm/safe-regex-test 18ms (cache miss)
npm http fetch GET 200 https://registry.vlt.io/vlt-benchmarks/npm/string.prototype.includes 17ms (cache miss)
npm http fetch GET 200 https://registry.vlt.io/vlt-benchmarks/npm/is-glob 15ms (cache revalidated)
npm http fetch GET 200 https://registry.vlt.io/vlt-benchmarks/npm/doctrine 17ms (cache revalidated)
npm http fetch GET 200 https://registry.vlt.io/vlt-benchmarks/npm/@rtsao%2fscc 18ms (cache miss)
npm http fetch GET 200 https://registry.vlt.io/vlt-benchmarks/npm/object.values 16ms (cache miss)
npm http fetch GET 200 https://registry.vlt.io/vlt-benchmarks/npm/array-includes 15ms (cache revalidated)
npm http fetch GET 200 https://registry.vlt.io/vlt-benchmarks/npm/is-core-module 17ms (cache miss)
npm http fetch GET 200 https://registry.vlt.io/vlt-benchmarks/npm/object.groupby 15ms (cache miss)
npm http fetch GET 200 https://registry.vlt.io/vlt-benchmarks/npm/tsconfig-paths 15ms (cache miss)
npm http fetch GET 200 https://registry.vlt.io/vlt-benchmarks/npm/eslint-module-utils 15ms (cache miss)
npm http fetch GET 200 https://registry.vlt.io/vlt-benchmarks/npm/array.prototype.flat 15ms (cache miss)
npm http fetch GET 200 https://registry.vlt.io/vlt-benchmarks/npm/array.prototype.flatmap 16ms (cache revalidated)
npm http fetch GET 200 https://registry.vlt.io/vlt-benchmarks/npm/string.prototype.trimend 15ms (cache miss)
npm http fetch GET 200 https://registry.vlt.io/vlt-benchmarks/npm/eslint-import-resolver-node 17ms (cache miss)
npm http fetch GET 200 https://registry.vlt.io/vlt-benchmarks/npm/array.prototype.findlastindex 16ms (cache miss)
npm http fetch GET 200 https://registry.vlt.io/vlt-benchmarks/npm/array.prototype.tosorted 15ms (cache miss)
npm http fetch GET 200 https://registry.vlt.io/vlt-benchmarks/npm/array.prototype.findlast 26ms (cache miss)
npm http fetch GET 200 https://registry.vlt.io/vlt-benchmarks/npm/es-iterator-helpers 17ms (cache miss)
npm http fetch GET 200 https://registry.vlt.io/vlt-benchmarks/npm/estraverse 16ms (cache miss)
npm http fetch GET 200 https://registry.vlt.io/vlt-benchmarks/npm/jsx-ast-utils 17ms (cache revalidated)
npm http fetch GET 200 https://registry.vlt.io/vlt-benchmarks/npm/object.entries 16ms (cache revalidated)
npm http fetch GET 200 https://registry.vlt.io/vlt-benchmarks/npm/string.prototype.matchall 15ms (cache miss)
npm http fetch GET 200 https://registry.vlt.io/vlt-benchmarks/npm/string.prototype.repeat 15ms (cache miss)
npm http fetch GET 200 https://registry.vlt.io/vlt-benchmarks/npm/enhanced-resolve 17ms (cache revalidated)
npm http fetch GET 200 https://registry.vlt.io/vlt-benchmarks/npm/find-root 14ms (cache miss)
npm http fetch GET 200 https://registry.vlt.io/vlt-benchmarks/npm/interpret 15ms (cache miss)
npm http fetch GET 200 https://registry.vlt.io/vlt-benchmarks/npm/is-regex 15ms (cache miss)
npm http fetch GET 200 https://registry.vlt.io/vlt-benchmarks/npm/qs 16ms (cache revalidated)
npm http fetch GET 200 https://registry.vlt.io/vlt-benchmarks/npm/depd 17ms (cache miss)
npm http fetch GET 200 https://registry.vlt.io/vlt-benchmarks/npm/etag 15ms (cache miss)
npm http fetch GET 200 https://registry.vlt.io/vlt-benchmarks/npm/send 16ms (cache miss)
npm http fetch GET 200 https://registry.vlt.io/vlt-benchmarks/npm/vary 17ms (cache miss)
npm http fetch GET 200 https://registry.vlt.io/vlt-benchmarks/npm/fresh 16ms (cache miss)
npm http fetch GET 200 https://registry.vlt.io/vlt-benchmarks/npm/cookie 15ms (cache miss)
npm http fetch GET 200 https://registry.vlt.io/vlt-benchmarks/npm/accepts 19ms (cache miss)
npm http fetch GET 200 https://registry.vlt.io/vlt-benchmarks/npm/methods 18ms (cache miss)
npm http fetch GET 200 https://registry.vlt.io/vlt-benchmarks/npm/type-is 18ms (cache miss)
npm http fetch GET 200 https://registry.vlt.io/vlt-benchmarks/npm/parseurl 16ms (cache miss)
npm http fetch GET 200 https://registry.vlt.io/vlt-benchmarks/npm/statuses 16ms (cache miss)
npm http fetch GET 200 https://registry.vlt.io/vlt-benchmarks/npm/encodeurl 16ms (cache miss)
npm http fetch GET 200 https://registry.vlt.io/vlt-benchmarks/npm/proxy-addr 15ms (cache miss)
npm http fetch GET 200 https://registry.vlt.io/vlt-benchmarks/npm/body-parser 17ms (cache miss)
npm http fetch GET 200 https://registry.vlt.io/vlt-benchmarks/npm/escape-html 16ms (cache miss)
npm http fetch GET 200 https://registry.vlt.io/vlt-benchmarks/npm/http-errors 15ms (cache miss)
npm http fetch GET 200 https://registry.vlt.io/vlt-benchmarks/npm/on-finished 17ms (cache miss)
npm http fetch GET 200 https://registry.vlt.io/vlt-benchmarks/npm/safe-buffer 15ms (cache miss)
npm http fetch GET 200 https://registry.vlt.io/vlt-benchmarks/npm/utils-merge 16ms (cache miss)
npm http fetch GET 200 https://registry.vlt.io/vlt-benchmarks/npm/content-type 15ms (cache miss)
npm http fetch GET 200 https://registry.vlt.io/vlt-benchmarks/npm/finalhandler 15ms (cache miss)
npm http fetch GET 200 https://registry.vlt.io/vlt-benchmarks/npm/range-parser 15ms (cache miss)
npm http fetch GET 200 https://registry.vlt.io/vlt-benchmarks/npm/serve-static 16ms (cache miss)
npm http fetch GET 200 https://registry.vlt.io/vlt-benchmarks/npm/array-flatten 17ms (cache miss)
npm http fetch GET 200 https://registry.vlt.io/vlt-benchmarks/npm/path-to-regexp 15ms (cache miss)
npm http fetch GET 200 https://registry.vlt.io/vlt-benchmarks/npm/setprototypeof 14ms (cache miss)
npm http fetch GET 200 https://registry.vlt.io/vlt-benchmarks/npm/cookie-signature 17ms (cache miss)
npm http fetch GET 200 https://registry.vlt.io/vlt-benchmarks/npm/merge-descriptors 17ms (cache miss)
npm http fetch GET 200 https://registry.vlt.io/vlt-benchmarks/npm/content-disposition 15ms (cache miss)
npm http fetch GET 200 https://registry.vlt.io/vlt-benchmarks/npm/es6-promise 15ms (cache miss)
npm http fetch GET 200 https://registry.vlt.io/vlt-benchmarks/npm/raw-body 17ms (cache miss)
npm http fetch GET 200 https://registry.vlt.io/vlt-benchmarks/npm/minipass 17ms (cache miss)
npm http fetch GET 200 https://registry.vlt.io/vlt-benchmarks/npm/jackspeak 16ms (cache miss)
npm http fetch GET 200 https://registry.vlt.io/vlt-benchmarks/npm/path-scurry 16ms (cache miss)
npm http fetch GET 200 https://registry.vlt.io/vlt-benchmarks/npm/foreground-child 16ms (cache miss)
npm http fetch GET 200 https://registry.vlt.io/vlt-benchmarks/npm/package-json-from-dist 16ms (cache miss)
npm http fetch GET 200 https://registry.vlt.io/vlt-benchmarks/npm/gulp-cli 15ms (cache miss)
npm http fetch GET 200 https://registry.vlt.io/vlt-benchmarks/npm/vinyl-fs 16ms (cache miss)
npm http fetch GET 200 https://registry.vlt.io/vlt-benchmarks/npm/undertaker 14ms (cache miss)
npm http fetch GET 200 https://registry.vlt.io/vlt-benchmarks/npm/glob-watcher 16ms (cache miss)
npm http fetch GET 200 https://registry.vlt.io/vlt-benchmarks/npm/vinyl 16ms (cache miss)
npm http fetch GET 200 https://registry.vlt.io/vlt-benchmarks/npm/through2 16ms (cache miss)
npm http fetch GET 200 https://registry.vlt.io/vlt-benchmarks/npm/concat-with-sourcemaps 15ms (cache miss)
npm http fetch GET 200 https://registry.vlt.io/vlt-benchmarks/npm/vinyl 16ms (cache revalidated)
npm http fetch GET 200 https://registry.vlt.io/vlt-benchmarks/npm/csslint 15ms (cache miss)
npm http fetch GET 200 https://registry.vlt.io/vlt-benchmarks/npm/rcloader 15ms (cache miss)
npm http fetch GET 200 https://registry.vlt.io/vlt-benchmarks/npm/through2 16ms (cache revalidated)
npm http fetch GET 200 https://registry.vlt.io/vlt-benchmarks/npm/fancy-log 15ms (cache miss)
npm http fetch GET 200 https://registry.vlt.io/vlt-benchmarks/npm/plugin-error 16ms (cache miss)
npm http fetch GET 200 https://registry.vlt.io/vlt-benchmarks/npm/cssnano 16ms (cache revalidated)
npm http fetch GET 200 https://registry.vlt.io/vlt-benchmarks/npm/buffer-from 17ms (cache miss)
npm http fetch GET 200 https://registry.vlt.io/vlt-benchmarks/npm/object-assign 14ms (cache revalidated)
npm http fetch GET 200 https://registry.vlt.io/vlt-benchmarks/npm/vinyl-sourcemaps-apply 18ms (cache miss)
npm http fetch GET 200 https://registry.vlt.io/vlt-benchmarks/npm/plugin-error 19ms (cache revalidated)
npm http fetch GET 200 https://registry.vlt.io/vlt-benchmarks/npm/less 17ms (cache revalidated)
npm http fetch GET 200 https://registry.vlt.io/vlt-benchmarks/npm/plugin-error 15ms (cache revalidated)
npm http fetch GET 200 https://registry.vlt.io/vlt-benchmarks/npm/replace-ext 16ms (cache miss)
npm http fetch GET 200 https://registry.vlt.io/vlt-benchmarks/npm/vinyl-sourcemaps-apply 16ms (cache revalidated)
npm http fetch GET 200 https://registry.vlt.io/vlt-benchmarks/npm/chalk 17ms (cache revalidated)
npm http fetch GET 200 https://registry.vlt.io/vlt-benchmarks/npm/tiny-lr 16ms (cache miss)
npm http fetch GET 200 https://registry.vlt.io/vlt-benchmarks/npm/lodash.assign 16ms (cache miss)
npm http fetch GET 200 https://registry.vlt.io/vlt-benchmarks/npm/readable-stream 16ms (cache miss)
npm http fetch GET 200 https://registry.vlt.io/vlt-benchmarks/npm/clean-css 18ms (cache miss)
npm http fetch GET 200 https://registry.vlt.io/vlt-benchmarks/npm/gulp-util 19ms (cache revalidated)
npm http fetch GET 200 https://registry.vlt.io/vlt-benchmarks/npm/readable-stream 16ms (cache revalidated)
npm http fetch GET 200 https://registry.vlt.io/vlt-benchmarks/npm/vinyl-bufferstream 18ms (cache miss)
npm http fetch GET 200 https://registry.vlt.io/vlt-benchmarks/npm/fancy-log 16ms (cache revalidated)
npm http fetch GET 200 https://registry.vlt.io/vlt-benchmarks/npm/postcss-load-config 16ms (cache miss)
npm http fetch GET 200 https://registry.vlt.io/vlt-benchmarks/npm/array-differ 15ms (cache miss)
npm http fetch GET 200 https://registry.vlt.io/vlt-benchmarks/npm/array-uniq 17ms (cache miss)
npm http fetch GET 200 https://registry.vlt.io/vlt-benchmarks/npm/beeper 14ms (cache miss)
npm http fetch GET 200 https://registry.vlt.io/vlt-benchmarks/npm/dateformat 15ms (cache miss)
npm http fetch GET 200 https://registry.vlt.io/vlt-benchmarks/npm/gulplog 17ms (cache miss)
npm http fetch GET 200 https://registry.vlt.io/vlt-benchmarks/npm/has-gulplog 16ms (cache miss)
npm http fetch GET 200 https://registry.vlt.io/vlt-benchmarks/npm/lodash._reescape 17ms (cache miss)
npm http fetch GET 200 https://registry.vlt.io/vlt-benchmarks/npm/lodash._reevaluate 14ms (cache miss)
npm http fetch GET 200 https://registry.vlt.io/vlt-benchmarks/npm/lodash._reinterpolate 18ms (cache miss)
npm http fetch GET 200 https://registry.vlt.io/vlt-benchmarks/npm/lodash.template 17ms (cache miss)
npm http fetch GET 200 https://registry.vlt.io/vlt-benchmarks/npm/minimist 16ms (cache revalidated)
npm http fetch GET 200 https://registry.vlt.io/vlt-benchmarks/npm/multipipe 14ms (cache miss)
npm http fetch GET 200 https://registry.vlt.io/vlt-benchmarks/npm/replace-ext 18ms (cache revalidated)
npm http fetch GET 200 https://registry.vlt.io/vlt-benchmarks/npm/async 18ms (cache miss)
npm http fetch GET 200 https://registry.vlt.io/vlt-benchmarks/npm/json-stringify-safe 16ms (cache miss)
npm http fetch GET 200 https://registry.vlt.io/vlt-benchmarks/npm/loader-utils 16ms (cache miss)
npm http fetch GET 200 https://registry.vlt.io/vlt-benchmarks/npm/serialize-error 18ms (cache miss)
npm http fetch GET 200 https://registry.vlt.io/vlt-benchmarks/npm/@babel%2fruntime 18ms (cache miss)
npm http fetch GET 200 https://registry.vlt.io/vlt-benchmarks/npm/source-map-js 17ms (cache revalidated)
npm http fetch GET 200 https://registry.vlt.io/vlt-benchmarks/npm/strip-comments 15ms (cache miss)
npm http fetch GET 200 https://registry.vlt.io/vlt-benchmarks/npm/copy-anything 15ms (cache miss)
npm http fetch GET 200 https://registry.vlt.io/vlt-benchmarks/npm/parse-node-version 15ms (cache miss)
npm http fetch GET 200 https://registry.vlt.io/vlt-benchmarks/npm/mime 14ms (cache miss)
npm http fetch GET 200 https://registry.vlt.io/vlt-benchmarks/npm/errno 14ms (cache miss)
npm http fetch GET 200 https://registry.vlt.io/vlt-benchmarks/npm/needle 14ms (cache miss)
npm http fetch GET 200 https://registry.vlt.io/vlt-benchmarks/npm/make-dir 17ms (cache miss)
npm http fetch GET 200 https://registry.vlt.io/vlt-benchmarks/npm/source-map 16ms (cache revalidated)
npm http fetch GET 200 https://registry.vlt.io/vlt-benchmarks/npm/graceful-fs 16ms (cache revalidated)
npm http fetch GET 200 https://registry.vlt.io/vlt-benchmarks/npm/probe-image-size 16ms (cache miss)
npm http fetch GET 200 https://registry.vlt.io/vlt-benchmarks/npm/draft-js 16ms (cache revalidated)
npm http fetch GET 200 https://registry.vlt.io/vlt-benchmarks/npm/react-transition-group 14ms (cache miss)
npm http fetch GET 200 https://registry.vlt.io/vlt-benchmarks/npm/loose-envify 16ms (cache revalidated)
npm http fetch GET 200 https://registry.vlt.io/vlt-benchmarks/npm/invariant 16ms (cache miss)
npm http fetch GET 200 https://registry.vlt.io/vlt-benchmarks/npm/react-is 35ms (cache miss)
npm http fetch GET 200 https://registry.vlt.io/vlt-benchmarks/npm/@babel%2fruntime 31ms (cache revalidated)
npm http fetch GET 200 https://registry.vlt.io/vlt-benchmarks/npm/mobx-react-lite 29ms (cache miss)
npm http fetch GET 200 https://registry.vlt.io/vlt-benchmarks/npm/es6-symbol 16ms (cache miss)
npm http fetch GET 200 https://registry.vlt.io/vlt-benchmarks/npm/thenby 15ms (cache miss)
npm http fetch GET 200 https://registry.vlt.io/vlt-benchmarks/npm/picocolors 16ms (cache revalidated)
npm http fetch GET 200 https://registry.vlt.io/vlt-benchmarks/npm/side-channel 16ms (cache miss)
npm http fetch GET 200 https://registry.vlt.io/vlt-benchmarks/npm/es-define-property 16ms (cache miss)
npm http fetch GET 200 https://registry.vlt.io/vlt-benchmarks/npm/loader-utils 15ms (cache revalidated)
npm http fetch GET 200 https://registry.vlt.io/vlt-benchmarks/npm/rc-util 19ms (cache miss)
npm http fetch GET 200 https://registry.vlt.io/vlt-benchmarks/npm/classnames 19ms (cache miss)
npm http fetch GET 200 https://registry.vlt.io/vlt-benchmarks/npm/react-transition-group 17ms (cache revalidated)
npm http fetch GET 200 https://registry.vlt.io/vlt-benchmarks/npm/@react-dnd%2finvariant 15ms (cache miss)
npm http fetch GET 200 https://registry.vlt.io/vlt-benchmarks/npm/@react-dnd%2fshallowequal 16ms (cache miss)
npm http fetch GET 200 https://registry.vlt.io/vlt-benchmarks/npm/dnd-core 16ms (cache miss)
npm http fetch GET 200 https://registry.vlt.io/vlt-benchmarks/npm/hoist-non-react-statics 18ms (cache miss)
npm http fetch GET 200 https://registry.vlt.io/vlt-benchmarks/npm/classnames 15ms (cache revalidated)
npm http fetch GET 200 https://registry.vlt.io/vlt-benchmarks/npm/dnd-core 21ms (cache miss)
npm http fetch GET 200 https://registry.vlt.io/vlt-benchmarks/npm/draftjs-utils 15ms (cache miss)
npm http fetch GET 200 https://registry.vlt.io/vlt-benchmarks/npm/linkify-it 15ms (cache miss)
npm http fetch GET 200 https://registry.vlt.io/vlt-benchmarks/npm/html-to-draftjs 18ms (cache miss)
npm http fetch GET 200 https://registry.vlt.io/vlt-benchmarks/npm/attr-accept 15ms (cache miss)
npm http fetch GET 200 https://registry.vlt.io/vlt-benchmarks/npm/clsx 16ms (cache miss)
npm http fetch GET 200 https://registry.vlt.io/vlt-benchmarks/npm/file-selector 18ms (cache miss)
npm http fetch GET 200 https://registry.vlt.io/vlt-benchmarks/npm/fast-equals 16ms (cache miss)
npm http fetch GET 200 https://registry.vlt.io/vlt-benchmarks/npm/react-draggable 16ms (cache miss)
npm http fetch GET 200 https://registry.vlt.io/vlt-benchmarks/npm/react-resizable 18ms (cache miss)
npm http fetch GET 200 https://registry.vlt.io/vlt-benchmarks/npm/resize-observer-polyfill 16ms (cache miss)
npm http fetch GET 200 https://registry.vlt.io/vlt-benchmarks/npm/highcharts 16ms (cache revalidated)
npm http fetch GET 200 https://registry.vlt.io/vlt-benchmarks/npm/fast-levenshtein 16ms (cache miss)
npm http fetch GET 200 https://registry.vlt.io/vlt-benchmarks/npm/global 15ms (cache miss)
npm http fetch GET 200 https://registry.vlt.io/vlt-benchmarks/npm/hoist-non-react-statics 16ms (cache revalidated)
npm http fetch GET 200 https://registry.vlt.io/vlt-benchmarks/npm/react-lifecycles-compat 19ms (cache miss)
npm http fetch GET 200 https://registry.vlt.io/vlt-benchmarks/npm/shallowequal 16ms (cache miss)
npm http fetch GET 200 https://registry.vlt.io/vlt-benchmarks/npm/get-node-dimensions 15ms (cache miss)
npm http fetch GET 200 https://registry.vlt.io/vlt-benchmarks/npm/smart-mixin 15ms (cache miss)
npm http fetch GET 200 https://registry.vlt.io/vlt-benchmarks/npm/resize-observer-polyfill 19ms (cache revalidated)
npm http fetch GET 200 https://registry.vlt.io/vlt-benchmarks/npm/shallow-equal 16ms (cache miss)
npm http fetch GET 200 https://registry.vlt.io/vlt-benchmarks/npm/matchmediaquery 14ms (cache miss)
npm http fetch GET 200 https://registry.vlt.io/vlt-benchmarks/npm/hyphenate-style-name 15ms (cache miss)
npm http fetch GET 200 https://registry.vlt.io/vlt-benchmarks/npm/lodash.throttle 15ms (cache miss)
npm http fetch GET 200 https://registry.vlt.io/vlt-benchmarks/npm/react-resize-detector 16ms (cache miss)
npm http fetch GET 200 https://registry.vlt.io/vlt-benchmarks/npm/@remix-run%2frouter 17ms (cache miss)
npm http fetch GET 200 https://registry.vlt.io/vlt-benchmarks/npm/@remix-run%2frouter 18ms (cache miss)
npm http fetch GET 200 https://registry.vlt.io/vlt-benchmarks/npm/react-input-autosize 19ms (cache miss)
npm http fetch GET 200 https://registry.vlt.io/vlt-benchmarks/npm/tiny-invariant 16ms (cache miss)
npm http fetch GET 200 https://registry.vlt.io/vlt-benchmarks/npm/@floating-ui%2fdom 16ms (cache miss)
npm http fetch GET 200 https://registry.vlt.io/vlt-benchmarks/npm/clsx 17ms (cache revalidated)
npm http fetch GET 200 https://registry.vlt.io/vlt-benchmarks/npm/dom-helpers 18ms (cache miss)
npm http fetch GET 200 https://registry.vlt.io/vlt-benchmarks/npm/consolidated-events 17ms (cache miss)
npm http fetch GET 200 https://registry.vlt.io/vlt-benchmarks/npm/react-is 25ms (cache revalidated)
npm http fetch GET 200 https://registry.vlt.io/vlt-benchmarks/npm/meow 54ms (cache miss)
npm http fetch GET 200 https://registry.vlt.io/vlt-benchmarks/npm/table 48ms (cache miss)
npm http fetch GET 200 https://registry.vlt.io/vlt-benchmarks/npm/colord 23ms (cache miss)
npm http fetch GET 200 https://registry.vlt.io/vlt-benchmarks/npm/globby 15ms (cache miss)
npm http fetch GET 200 https://registry.vlt.io/vlt-benchmarks/npm/ignore 15ms (cache revalidated)
npm http fetch GET 200 https://registry.vlt.io/vlt-benchmarks/npm/css-tree 16ms (cache miss)
npm http fetch GET 200 https://registry.vlt.io/vlt-benchmarks/npm/globjoin 15ms (cache miss)
npm http fetch GET 200 https://registry.vlt.io/vlt-benchmarks/npm/svg-tags 16ms (cache miss)
npm http fetch GET 200 https://registry.vlt.io/vlt-benchmarks/npm/fast-glob 14ms (cache miss)
npm http fetch GET 200 https://registry.vlt.io/vlt-benchmarks/npm/html-tags 15ms (cache miss)
npm http fetch GET 200 https://registry.vlt.io/vlt-benchmarks/npm/micromatch 15ms (cache miss)
npm http fetch GET 200 https://registry.vlt.io/vlt-benchmarks/npm/cosmiconfig 15ms (cache miss)
npm http fetch GET 200 https://registry.vlt.io/vlt-benchmarks/npm/resolve-from 16ms (cache miss)
npm http fetch GET 200 https://registry.vlt.io/vlt-benchmarks/npm/string-width 15ms (cache miss)
npm http fetch GET 200 https://registry.vlt.io/vlt-benchmarks/npm/balanced-match 13ms (cache miss)
npm http fetch GET 200 https://registry.vlt.io/vlt-benchmarks/npm/global-modules 14ms (cache miss)
npm http fetch GET 200 https://registry.vlt.io/vlt-benchmarks/npm/normalize-path 15ms (cache miss)
npm http fetch GET 200 https://registry.vlt.io/vlt-benchmarks/npm/is-plain-object 15ms (cache miss)
npm http fetch GET 200 https://registry.vlt.io/vlt-benchmarks/npm/file-entry-cache 16ms (cache revalidated)
npm http fetch GET 200 https://registry.vlt.io/vlt-benchmarks/npm/mathml-tag-names 15ms (cache miss)
npm http fetch GET 200 https://registry.vlt.io/vlt-benchmarks/npm/write-file-atomic 15ms (cache miss)
npm http fetch GET 200 https://registry.vlt.io/vlt-benchmarks/npm/css-functions-list 14ms (cache miss)
npm http fetch GET 200 https://registry.vlt.io/vlt-benchmarks/npm/fastest-levenshtein 14ms (cache miss)
npm http fetch GET 200 https://registry.vlt.io/vlt-benchmarks/npm/postcss-safe-parser 15ms (cache miss)
npm http fetch GET 200 https://registry.vlt.io/vlt-benchmarks/npm/supports-hyperlinks 14ms (cache miss)
npm http fetch GET 200 https://registry.vlt.io/vlt-benchmarks/npm/known-css-properties 15ms (cache miss)
npm http fetch GET 200 https://registry.vlt.io/vlt-benchmarks/npm/@csstools%2fcss-tokenizer 15ms (cache miss)
npm http fetch GET 200 https://registry.vlt.io/vlt-benchmarks/npm/postcss-selector-parser 15ms (cache miss)
npm http fetch GET 200 https://registry.vlt.io/vlt-benchmarks/npm/@csstools%2fselector-specificity 14ms (cache miss)
npm http fetch GET 200 https://registry.vlt.io/vlt-benchmarks/npm/@csstools%2fcss-parser-algorithms 15ms (cache miss)
npm http fetch GET 200 https://registry.vlt.io/vlt-benchmarks/npm/postcss-resolve-nested-selector 14ms (cache miss)
npm http fetch GET 200 https://registry.vlt.io/vlt-benchmarks/npm/@dual-bundle%2fimport-meta-resolve 16ms (cache miss)
npm http fetch GET 200 https://registry.vlt.io/vlt-benchmarks/npm/@csstools%2fmedia-query-list-parser 13ms (cache miss)
npm http fetch GET 200 https://registry.vlt.io/vlt-benchmarks/npm/@csstools%2fcss-syntax-patches-for-csstree 15ms (cache miss)
npm http fetch GET 200 https://registry.vlt.io/vlt-benchmarks/npm/mime 16ms (cache revalidated)
npm http fetch GET 200 https://registry.vlt.io/vlt-benchmarks/npm/methods 15ms (cache revalidated)
npm http fetch GET 200 https://registry.vlt.io/vlt-benchmarks/npm/cookiejar 14ms (cache miss)
npm http fetch GET 200 https://registry.vlt.io/vlt-benchmarks/npm/form-data 17ms (cache miss)
npm http fetch GET 200 https://registry.vlt.io/vlt-benchmarks/npm/formidable 16ms (cache miss)
npm http fetch GET 200 https://registry.vlt.io/vlt-benchmarks/npm/component-emitter 16ms (cache miss)
npm http fetch GET 200 https://registry.vlt.io/vlt-benchmarks/npm/fast-safe-stringify 15ms (cache miss)
npm http fetch GET 200 https://registry.vlt.io/vlt-benchmarks/npm/ws 16ms (cache miss)
npm http fetch GET 200 https://registry.vlt.io/vlt-benchmarks/npm/sirv 17ms (cache miss)
npm http fetch GET 200 https://registry.vlt.io/vlt-benchmarks/npm/acorn 16ms (cache miss)
npm http fetch GET 200 https://registry.vlt.io/vlt-benchmarks/npm/opener 15ms (cache miss)
npm http fetch GET 200 https://registry.vlt.io/vlt-benchmarks/npm/debounce 16ms (cache miss)
npm http fetch GET 200 https://registry.vlt.io/vlt-benchmarks/npm/commander 16ms (cache miss)
npm http fetch GET 200 https://registry.vlt.io/vlt-benchmarks/npm/gzip-size 15ms (cache miss)
npm http fetch GET 200 https://registry.vlt.io/vlt-benchmarks/npm/acorn-walk 15ms (cache miss)
npm http fetch GET 200 https://registry.vlt.io/vlt-benchmarks/npm/html-escaper 16ms (cache miss)
npm http fetch GET 200 https://registry.vlt.io/vlt-benchmarks/npm/@discoveryjs%2fjson-ext 14ms (cache miss)
npm http fetch GET 200 https://registry.vlt.io/vlt-benchmarks/npm/strip-ansi 16ms (cache revalidated)
npm http fetch GET 200 https://registry.vlt.io/vlt-benchmarks/npm/html-entities 16ms (cache miss)
npm http fetch GET 200 https://registry.vlt.io/vlt-benchmarks/npm/ansi-html-community 15ms (cache miss)
npm http fetch GET 200 https://registry.vlt.io/vlt-benchmarks/npm/node-notifier 14ms (cache miss)
npm http fetch GET 200 https://registry.vlt.io/vlt-benchmarks/npm/@types%2fnode-notifier 16ms (cache miss)
npm http fetch GET 200 https://registry.vlt.io/vlt-benchmarks/npm/@babel%2fcore 17ms (cache revalidated)
npm http fetch GET 200 https://registry.vlt.io/vlt-benchmarks/npm/jsesc 18ms (cache miss)
npm http fetch GET 200 https://registry.vlt.io/vlt-benchmarks/npm/@babel%2fhelper-validator-identifier 21ms (cache miss)
npm http fetch GET 200 https://registry.vlt.io/vlt-benchmarks/npm/js-tokens 25ms (cache miss)
npm http fetch GET 200 https://registry.vlt.io/vlt-benchmarks/npm/@jridgewell%2fgen-mapping 15ms (cache miss)
npm http fetch GET 200 https://registry.vlt.io/vlt-benchmarks/npm/@jridgewell%2ftrace-mapping 20ms (cache miss)
npm http fetch GET 200 https://registry.vlt.io/vlt-benchmarks/npm/lru-cache 18ms (cache miss)
npm http fetch GET 200 https://registry.vlt.io/vlt-benchmarks/npm/@babel%2fcompat-data 15ms (cache miss)
npm http fetch GET 200 https://registry.vlt.io/vlt-benchmarks/npm/@babel%2fhelper-validator-option 15ms (cache miss)
npm http fetch GET 200 https://registry.vlt.io/vlt-benchmarks/npm/@babel%2fhelper-module-imports 16ms (cache revalidated)
npm http fetch GET 200 https://registry.vlt.io/vlt-benchmarks/npm/@babel%2fhelper-globals 14ms (cache miss)
npm http fetch GET 200 https://registry.vlt.io/vlt-benchmarks/npm/@babel%2fhelper-string-parser 15ms (cache miss)
npm http fetch GET 200 https://registry.vlt.io/vlt-benchmarks/npm/@jridgewell%2fgen-mapping 14ms (cache revalidated)
npm http fetch GET 200 https://registry.vlt.io/vlt-benchmarks/npm/@jridgewell%2ftrace-mapping 15ms (cache revalidated)
npm http fetch GET 200 https://registry.vlt.io/vlt-benchmarks/npm/ms 15ms (cache miss)
npm http fetch GET 200 https://registry.vlt.io/vlt-benchmarks/npm/@jridgewell%2fsourcemap-codec 16ms (cache miss)
npm http fetch GET 200 https://registry.vlt.io/vlt-benchmarks/npm/@jridgewell%2fresolve-uri 18ms (cache miss)
npm http fetch GET 200 https://registry.vlt.io/vlt-benchmarks/npm/@jridgewell%2fsourcemap-codec 19ms (cache miss)
npm http fetch GET 200 https://registry.vlt.io/vlt-benchmarks/npm/node-releases 18ms (cache miss)
npm http fetch GET 200 https://registry.vlt.io/vlt-benchmarks/npm/update-browserslist-db 20ms (cache miss)
npm http fetch GET 200 https://registry.vlt.io/vlt-benchmarks/npm/electron-to-chromium 27ms (cache miss)
npm http fetch GET 200 https://registry.vlt.io/vlt-benchmarks/npm/yallist 14ms (cache miss)
npm http fetch GET 200 https://registry.vlt.io/vlt-benchmarks/npm/baseline-browser-mapping 19ms (cache miss)
npm http fetch GET 200 https://registry.vlt.io/vlt-benchmarks/npm/detect-indent 16ms (cache miss)
npm http fetch GET 200 https://registry.vlt.io/vlt-benchmarks/npm/js-tokens 17ms (cache revalidated)
npm http fetch GET 200 https://registry.vlt.io/vlt-benchmarks/npm/jsesc 19ms (cache revalidated)
npm http fetch GET 200 https://registry.vlt.io/vlt-benchmarks/npm/trim-right 17ms (cache miss)
npm http fetch GET 200 https://registry.vlt.io/vlt-benchmarks/npm/home-or-tmp 17ms (cache miss)
npm http fetch GET 200 https://registry.vlt.io/vlt-benchmarks/npm/mkdirp 17ms (cache miss)
npm http fetch GET 200 https://registry.vlt.io/vlt-benchmarks/npm/source-map-support 15ms (cache miss)
npm http fetch GET 200 https://registry.vlt.io/vlt-benchmarks/npm/globals 16ms (cache revalidated)
npm http fetch GET 200 https://registry.vlt.io/vlt-benchmarks/npm/invariant 17ms (cache revalidated)
npm http fetch GET 200 https://registry.vlt.io/vlt-benchmarks/npm/to-fast-properties 15ms (cache miss)
npm http fetch GET 200 https://registry.vlt.io/vlt-benchmarks/npm/ms 17ms (cache revalidated)
npm http fetch GET 200 https://registry.vlt.io/vlt-benchmarks/npm/brace-expansion 16ms (cache miss)
npm http fetch GET 200 https://registry.vlt.io/vlt-benchmarks/npm/has-ansi 19ms (cache miss)
npm http fetch GET 200 https://registry.vlt.io/vlt-benchmarks/npm/ansi-styles 19ms (cache miss)
npm http fetch GET 200 https://registry.vlt.io/vlt-benchmarks/npm/supports-color 19ms (cache miss)
npm http fetch GET 200 https://registry.vlt.io/vlt-benchmarks/npm/escape-string-regexp 17ms (cache revalidated)
npm http fetch GET 200 https://registry.vlt.io/vlt-benchmarks/npm/path-parse 17ms (cache miss)
npm http fetch GET 200 https://registry.vlt.io/vlt-benchmarks/npm/supports-preserve-symlinks-flag 25ms (cache miss)
npm http fetch GET 200 https://registry.vlt.io/vlt-benchmarks/npm/es-errors 26ms (cache miss)
npm http fetch GET 200 https://registry.vlt.io/vlt-benchmarks/npm/repeating 15ms (cache miss)
npm http fetch GET 200 https://registry.vlt.io/vlt-benchmarks/npm/ajv 18ms (cache revalidated)
npm http fetch GET 200 https://registry.vlt.io/vlt-benchmarks/npm/pkg-dir 23ms (cache miss)
npm http fetch GET 200 https://registry.vlt.io/vlt-benchmarks/npm/common-path-prefix 24ms (cache miss)
npm http fetch GET 200 https://registry.vlt.io/vlt-benchmarks/npm/ajv-formats 15ms (cache miss)
npm http fetch GET 200 https://registry.vlt.io/vlt-benchmarks/npm/ajv-keywords 16ms (cache miss)
npm http fetch GET 200 https://registry.vlt.io/vlt-benchmarks/npm/inflight 21ms (cache miss)
npm http fetch GET 200 https://registry.vlt.io/vlt-benchmarks/npm/once 22ms (cache miss)
npm http fetch GET 200 https://registry.vlt.io/vlt-benchmarks/npm/inherits 23ms (cache miss)
npm http fetch GET 200 https://registry.vlt.io/vlt-benchmarks/npm/fs.realpath 15ms (cache miss)
npm http fetch GET 200 https://registry.vlt.io/vlt-benchmarks/npm/find-up 16ms (cache revalidated)
npm http fetch GET 200 https://registry.vlt.io/vlt-benchmarks/npm/path-scurry 18ms (cache revalidated)
npm http fetch GET 200 https://registry.vlt.io/vlt-benchmarks/npm/minipass 20ms (cache revalidated)
npm http fetch GET 200 https://registry.vlt.io/vlt-benchmarks/npm/babel-helper-optimise-call-expression 18ms (cache miss)
npm http fetch GET 200 https://registry.vlt.io/vlt-benchmarks/npm/babel-helper-function-name 19ms (cache miss)
npm http fetch GET 200 https://registry.vlt.io/vlt-benchmarks/npm/babel-helper-replace-supers 20ms (cache miss)
npm http fetch GET 200 https://registry.vlt.io/vlt-benchmarks/npm/babel-plugin-transform-strict-mode 19ms (cache miss)
npm http fetch GET 200 https://registry.vlt.io/vlt-benchmarks/npm/babel-helper-hoist-variables 19ms (cache miss)
npm http fetch GET 200 https://registry.vlt.io/vlt-benchmarks/npm/babel-helper-define-map 22ms (cache miss)
npm http fetch GET 200 https://registry.vlt.io/vlt-benchmarks/npm/babel-helper-call-delegate 18ms (cache miss)
npm http fetch GET 200 https://registry.vlt.io/vlt-benchmarks/npm/babel-helper-get-function-arity 18ms (cache miss)
npm http fetch GET 200 https://registry.vlt.io/vlt-benchmarks/npm/babel-helper-regex 17ms (cache miss)
npm http fetch GET 200 https://registry.vlt.io/vlt-benchmarks/npm/regenerator-transform 16ms (cache miss)
npm http fetch GET 200 https://registry.vlt.io/vlt-benchmarks/npm/regexpu-core 17ms (cache miss)
npm http fetch GET 200 https://registry.vlt.io/vlt-benchmarks/npm/babel-helper-regex 20ms (cache revalidated)
npm http fetch GET 200 https://registry.vlt.io/vlt-benchmarks/npm/regenerate 16ms (cache miss)
npm http fetch GET 200 https://registry.vlt.io/vlt-benchmarks/npm/regjsgen 17ms (cache miss)
npm http fetch GET 200 https://registry.vlt.io/vlt-benchmarks/npm/regjsparser 18ms (cache miss)
npm http fetch GET 200 https://registry.vlt.io/vlt-benchmarks/npm/babel-plugin-transform-flow-strip-types 17ms (cache miss)
npm http fetch GET 200 https://registry.vlt.io/vlt-benchmarks/npm/babel-helper-builder-react-jsx 17ms (cache miss)
npm http fetch GET 200 https://registry.vlt.io/vlt-benchmarks/npm/babel-plugin-syntax-flow 15ms (cache miss)
npm http fetch GET 200 https://registry.vlt.io/vlt-benchmarks/npm/react 16ms (cache revalidated)
npm http fetch GET 200 https://registry.vlt.io/vlt-benchmarks/npm/react-dom 18ms (cache revalidated)
npm http fetch GET 200 https://registry.vlt.io/vlt-benchmarks/npm/sourcemapped-stacktrace 21ms (cache miss)
npm http fetch GET 200 https://registry.vlt.io/vlt-benchmarks/npm/error-stack-parser 23ms (cache miss)
npm http fetch GET 200 https://registry.vlt.io/vlt-benchmarks/npm/react-proxy 24ms (cache miss)
npm http fetch GET 200 https://registry.vlt.io/vlt-benchmarks/npm/scheduler 18ms (cache revalidated)
npm http fetch GET 200 https://registry.vlt.io/vlt-benchmarks/npm/babel-plugin-syntax-class-constructor-call 19ms (cache miss)
npm http fetch GET 200 https://registry.vlt.io/vlt-benchmarks/npm/babel-preset-stage-3 19ms (cache miss)
npm http fetch GET 200 https://registry.vlt.io/vlt-benchmarks/npm/babel-plugin-syntax-export-extensions 20ms (cache miss)
npm http fetch GET 200 https://registry.vlt.io/vlt-benchmarks/npm/babel-plugin-syntax-dynamic-import 18ms (cache miss)
npm http fetch GET 200 https://registry.vlt.io/vlt-benchmarks/npm/babel-plugin-transform-class-properties 17ms (cache miss)
npm http fetch GET 200 https://registry.vlt.io/vlt-benchmarks/npm/babel-plugin-transform-decorators 26ms (cache miss)
npm http fetch GET 200 https://registry.vlt.io/vlt-benchmarks/npm/babel-plugin-syntax-class-properties 17ms (cache miss)
npm http fetch GET 200 https://registry.vlt.io/vlt-benchmarks/npm/babel-plugin-syntax-trailing-function-commas 18ms (cache miss)
npm http fetch GET 200 https://registry.vlt.io/vlt-benchmarks/npm/babel-helper-explode-class 21ms (cache miss)
npm http fetch GET 200 https://registry.vlt.io/vlt-benchmarks/npm/babel-plugin-transform-async-generator-functions 16ms (cache miss)
npm http fetch GET 200 https://registry.vlt.io/vlt-benchmarks/npm/babel-plugin-transform-async-to-generator 16ms (cache miss)
npm http fetch GET 200 https://registry.vlt.io/vlt-benchmarks/npm/babel-plugin-transform-exponentiation-operator 23ms (cache miss)
npm http fetch GET 200 https://registry.vlt.io/vlt-benchmarks/npm/babel-plugin-transform-object-rest-spread 15ms (cache miss)
npm http fetch GET 200 https://registry.vlt.io/vlt-benchmarks/npm/babel-helper-bindify-decorators 14ms (cache miss)
npm http fetch GET 200 https://registry.vlt.io/vlt-benchmarks/npm/babel-plugin-syntax-async-generators 18ms (cache miss)
npm http fetch GET 200 https://registry.vlt.io/vlt-benchmarks/npm/babel-helper-remap-async-to-generator 19ms (cache miss)
npm http fetch GET 200 https://registry.vlt.io/vlt-benchmarks/npm/babel-helper-remap-async-to-generator 19ms (cache miss)
npm http fetch GET 200 https://registry.vlt.io/vlt-benchmarks/npm/babel-plugin-syntax-async-functions 16ms (cache miss)
npm http fetch GET 200 https://registry.vlt.io/vlt-benchmarks/npm/babel-plugin-syntax-exponentiation-operator 18ms (cache miss)
npm http fetch GET 200 https://registry.vlt.io/vlt-benchmarks/npm/babel-helper-builder-binary-assignment-operator-visitor 17ms (cache miss)
npm http fetch GET 200 https://registry.vlt.io/vlt-benchmarks/npm/babel-plugin-syntax-object-rest-spread 15ms (cache miss)
npm http fetch GET 200 https://registry.vlt.io/vlt-benchmarks/npm/babel-helper-explode-assignable-expression 15ms (cache miss)
npm http fetch GET 200 https://registry.vlt.io/vlt-benchmarks/npm/os-homedir 16ms (cache miss)
npm http fetch GET 200 https://registry.vlt.io/vlt-benchmarks/npm/os-tmpdir 17ms (cache miss)
npm http fetch GET 200 https://registry.vlt.io/vlt-benchmarks/npm/escalade 15ms (cache miss)
npm http fetch GET 200 https://registry.vlt.io/vlt-benchmarks/npm/ansi-regex 15ms (cache miss)
npm http fetch GET 200 https://registry.vlt.io/vlt-benchmarks/npm/ansi-regex 18ms (cache miss)
npm http fetch GET 200 https://registry.vlt.io/vlt-benchmarks/npm/pify 16ms (cache miss)
npm http fetch GET 200 https://registry.vlt.io/vlt-benchmarks/npm/p-map 18ms (cache miss)
npm http fetch GET 200 https://registry.vlt.io/vlt-benchmarks/npm/globby 20ms (cache revalidated)
npm http fetch GET 200 https://registry.vlt.io/vlt-benchmarks/npm/rimraf 16ms (cache miss)
npm http fetch GET 200 https://registry.vlt.io/vlt-benchmarks/npm/@types%2fglob 17ms (cache miss)
npm http fetch GET 200 https://registry.vlt.io/vlt-benchmarks/npm/is-path-cwd 16ms (cache miss)
npm http fetch GET 200 https://registry.vlt.io/vlt-benchmarks/npm/is-path-in-cwd 14ms (cache miss)
npm http fetch GET 200 https://registry.vlt.io/vlt-benchmarks/npm/postcss-selector-parser 18ms (cache revalidated)
npm http fetch GET 200 https://registry.vlt.io/vlt-benchmarks/npm/postcss-selector-parser 19ms (cache revalidated)
npm http fetch GET 200 https://registry.vlt.io/vlt-benchmarks/npm/postcss-calc 17ms (cache miss)
npm http fetch GET 200 https://registry.vlt.io/vlt-benchmarks/npm/postcss-svgo 18ms (cache miss)
npm http fetch GET 200 https://registry.vlt.io/vlt-benchmarks/npm/cssnano-utils 20ms (cache miss)
npm http fetch GET 200 https://registry.vlt.io/vlt-benchmarks/npm/postcss-merge-rules 18ms (cache miss)
npm http fetch GET 200 https://registry.vlt.io/vlt-benchmarks/npm/postcss-colormin 24ms (cache miss)
npm http fetch GET 200 https://registry.vlt.io/vlt-benchmarks/npm/postcss-discard-empty 23ms (cache miss)
npm http fetch GET 200 https://registry.vlt.io/vlt-benchmarks/npm/postcss-minify-params 20ms (cache miss)
npm http fetch GET 200 https://registry.vlt.io/vlt-benchmarks/npm/css-declaration-sorter 17ms (cache miss)
npm http fetch GET 200 https://registry.vlt.io/vlt-benchmarks/npm/postcss-normalize-url 20ms (cache miss)
npm http fetch GET 200 https://registry.vlt.io/vlt-benchmarks/npm/postcss-convert-values 14ms (cache miss)
npm http fetch GET 200 https://registry.vlt.io/vlt-benchmarks/npm/postcss-merge-longhand 17ms (cache miss)
npm http fetch GET 200 https://registry.vlt.io/vlt-benchmarks/npm/postcss-ordered-values 18ms (cache miss)
npm http fetch GET 200 https://registry.vlt.io/vlt-benchmarks/npm/postcss-reduce-initial 15ms (cache miss)
npm http fetch GET 200 https://registry.vlt.io/vlt-benchmarks/npm/postcss-discard-comments 16ms (cache miss)
npm http fetch GET 200 https://registry.vlt.io/vlt-benchmarks/npm/postcss-minify-gradients 17ms (cache miss)
npm http fetch GET 200 https://registry.vlt.io/vlt-benchmarks/npm/postcss-minify-selectors 15ms (cache miss)
npm http fetch GET 200 https://registry.vlt.io/vlt-benchmarks/npm/postcss-normalize-string 17ms (cache miss)
npm http fetch GET 200 https://registry.vlt.io/vlt-benchmarks/npm/postcss-unique-selectors 16ms (cache miss)
npm http fetch GET 200 https://registry.vlt.io/vlt-benchmarks/npm/postcss-normalize-charset 14ms (cache miss)
npm http fetch GET 200 https://registry.vlt.io/vlt-benchmarks/npm/postcss-normalize-unicode 16ms (cache miss)
npm http fetch GET 200 https://registry.vlt.io/vlt-benchmarks/npm/postcss-reduce-transforms 17ms (cache miss)
npm http fetch GET 200 https://registry.vlt.io/vlt-benchmarks/npm/postcss-discard-duplicates 15ms (cache miss)
npm http fetch GET 200 https://registry.vlt.io/vlt-benchmarks/npm/postcss-discard-overridden 16ms (cache miss)
npm http fetch GET 200 https://registry.vlt.io/vlt-benchmarks/npm/postcss-minify-font-values 18ms (cache miss)
npm http fetch GET 200 https://registry.vlt.io/vlt-benchmarks/npm/postcss-normalize-positions 16ms (cache miss)
npm http fetch GET 200 https://registry.vlt.io/vlt-benchmarks/npm/postcss-normalize-whitespace 15ms (cache miss)
npm http fetch GET 200 https://registry.vlt.io/vlt-benchmarks/npm/postcss-normalize-repeat-style 14ms (cache miss)
npm http fetch GET 200 https://registry.vlt.io/vlt-benchmarks/npm/postcss-normalize-display-values 14ms (cache miss)
npm http fetch GET 200 https://registry.vlt.io/vlt-benchmarks/npm/postcss-normalize-timing-functions 14ms (cache miss)
npm http fetch GET 200 https://registry.vlt.io/vlt-benchmarks/npm/caniuse-api 17ms (cache miss)
npm http fetch GET 200 https://registry.vlt.io/vlt-benchmarks/npm/stylehacks 20ms (cache miss)
npm http fetch GET 200 https://registry.vlt.io/vlt-benchmarks/npm/caniuse-api 30ms (cache miss)
npm http fetch GET 200 https://registry.vlt.io/vlt-benchmarks/npm/svgo 19ms (cache miss)
npm http fetch GET 200 https://registry.vlt.io/vlt-benchmarks/npm/@types%2fminimatch 17ms (cache miss)
npm http fetch GET 200 https://registry.vlt.io/vlt-benchmarks/npm/pify 19ms (cache revalidated)
npm http fetch GET 200 https://registry.vlt.io/vlt-benchmarks/npm/@types%2fnode 27ms (cache miss)
npm http fetch GET 200 https://registry.vlt.io/vlt-benchmarks/npm/array-union 16ms (cache miss)
npm http fetch GET 200 https://registry.vlt.io/vlt-benchmarks/npm/pinkie-promise 16ms (cache miss)
npm http fetch GET 200 https://registry.vlt.io/vlt-benchmarks/npm/is-path-inside 15ms (cache revalidated)
npm http fetch GET 200 https://registry.vlt.io/vlt-benchmarks/npm/undici-types 15ms (cache miss)
npm http fetch GET 200 https://registry.vlt.io/vlt-benchmarks/npm/is-finite 15ms (cache miss)
npm http fetch GET 200 https://registry.vlt.io/vlt-benchmarks/npm/promise 17ms (cache miss)
npm http fetch GET 200 https://registry.vlt.io/vlt-benchmarks/npm/setimmediate 18ms (cache miss)
npm http fetch GET 200 https://registry.vlt.io/vlt-benchmarks/npm/cross-fetch 20ms (cache miss)
npm http fetch GET 200 https://registry.vlt.io/vlt-benchmarks/npm/ua-parser-js 15ms (cache miss)
npm http fetch GET 200 https://registry.vlt.io/vlt-benchmarks/npm/fbjs-css-vars 16ms (cache miss)
npm http fetch GET 200 https://registry.vlt.io/vlt-benchmarks/npm/filelist 14ms (cache miss)
npm http fetch GET 200 https://registry.vlt.io/vlt-benchmarks/npm/async 16ms (cache revalidated)
npm http fetch GET 200 https://registry.vlt.io/vlt-benchmarks/npm/eslint 16ms (cache revalidated)
npm http fetch GET 200 https://registry.vlt.io/vlt-benchmarks/npm/import-fresh 17ms (cache miss)
npm http fetch GET 200 https://registry.vlt.io/vlt-benchmarks/npm/strip-json-comments 17ms (cache miss)
npm http fetch GET 200 https://registry.vlt.io/vlt-benchmarks/npm/espree 21ms (cache revalidated)
npm http fetch GET 200 https://registry.vlt.io/vlt-benchmarks/npm/@humanwhocodes%2fobject-schema 18ms (cache miss)
npm http fetch GET 200 https://registry.vlt.io/vlt-benchmarks/npm/fastq 19ms (cache miss)
npm http fetch GET 200 https://registry.vlt.io/vlt-benchmarks/npm/@nodelib%2ffs.scandir 17ms (cache miss)
npm http fetch GET 200 https://registry.vlt.io/vlt-benchmarks/npm/uri-js 14ms (cache miss)
npm http fetch GET 200 https://registry.vlt.io/vlt-benchmarks/npm/fast-deep-equal 17ms (cache revalidated)
npm http fetch GET 200 https://registry.vlt.io/vlt-benchmarks/npm/json-schema-traverse 17ms (cache miss)
npm http fetch GET 200 https://registry.vlt.io/vlt-benchmarks/npm/fast-json-stable-stringify 14ms (cache miss)
npm http fetch GET 200 https://registry.vlt.io/vlt-benchmarks/npm/supports-color 16ms (cache revalidated)
npm http fetch GET 200 https://registry.vlt.io/vlt-benchmarks/npm/ansi-styles 19ms (cache revalidated)
npm http fetch GET 200 https://registry.vlt.io/vlt-benchmarks/npm/which 15ms (cache miss)
npm http fetch GET 200 https://registry.vlt.io/vlt-benchmarks/npm/path-key 16ms (cache miss)
npm http fetch GET 200 https://registry.vlt.io/vlt-benchmarks/npm/shebang-command 21ms (cache miss)
npm http fetch GET 200 https://registry.vlt.io/vlt-benchmarks/npm/esrecurse 15ms (cache miss)
npm http fetch GET 200 https://registry.vlt.io/vlt-benchmarks/npm/estraverse 15ms (cache revalidated)
npm http fetch GET 200 https://registry.vlt.io/vlt-benchmarks/npm/acorn 15ms (cache revalidated)
npm http fetch GET 200 https://registry.vlt.io/vlt-benchmarks/npm/acorn-jsx 25ms (cache miss)
npm http fetch GET 200 https://registry.vlt.io/vlt-benchmarks/npm/flat-cache 16ms (cache miss)
npm http fetch GET 200 https://registry.vlt.io/vlt-benchmarks/npm/locate-path 15ms (cache miss)
npm http fetch GET 200 https://registry.vlt.io/vlt-benchmarks/npm/path-exists 15ms (cache miss)
npm http fetch GET 200 https://registry.vlt.io/vlt-benchmarks/npm/is-extglob 14ms (cache miss)
npm http fetch GET 200 https://registry.vlt.io/vlt-benchmarks/npm/type-fest 18ms (cache miss)
npm http fetch GET 200 https://registry.vlt.io/vlt-benchmarks/npm/argparse 15ms (cache miss)
npm http fetch GET 200 https://registry.vlt.io/vlt-benchmarks/npm/type-check 15ms (cache miss)
npm http fetch GET 200 https://registry.vlt.io/vlt-benchmarks/npm/prelude-ls 18ms (cache miss)
npm http fetch GET 200 https://registry.vlt.io/vlt-benchmarks/npm/deep-is 15ms (cache miss)
npm http fetch GET 200 https://registry.vlt.io/vlt-benchmarks/npm/word-wrap 15ms (cache miss)
npm http fetch GET 200 https://registry.vlt.io/vlt-benchmarks/npm/type-check 16ms (cache revalidated)
npm http fetch GET 200 https://registry.vlt.io/vlt-benchmarks/npm/ansi-regex 15ms (cache revalidated)
npm http fetch GET 200 https://registry.vlt.io/vlt-benchmarks/npm/resolve-from 16ms (cache revalidated)
npm http fetch GET 200 https://registry.vlt.io/vlt-benchmarks/npm/parent-module 16ms (cache miss)
npm http fetch GET 200 https://registry.vlt.io/vlt-benchmarks/npm/@nodelib%2ffs.stat 19ms (cache miss)
npm http fetch GET 200 https://registry.vlt.io/vlt-benchmarks/npm/run-parallel 20ms (cache miss)
npm http fetch GET 200 https://registry.vlt.io/vlt-benchmarks/npm/reusify 39ms (cache miss)
npm http fetch GET 200 https://registry.vlt.io/vlt-benchmarks/npm/queue-microtask 16ms (cache miss)
npm http fetch GET 200 https://registry.vlt.io/vlt-benchmarks/npm/punycode 16ms (cache miss)
npm http fetch GET 200 https://registry.vlt.io/vlt-benchmarks/npm/isexe 16ms (cache miss)
npm http fetch GET 200 https://registry.vlt.io/vlt-benchmarks/npm/shebang-regex 16ms (cache miss)
npm http fetch GET 200 https://registry.vlt.io/vlt-benchmarks/npm/eslint 21ms (cache revalidated)
npm http fetch GET 200 https://registry.vlt.io/vlt-benchmarks/npm/eslint-plugin-import 15ms (cache revalidated)
npm http fetch GET 200 https://registry.vlt.io/vlt-benchmarks/npm/confusing-browser-globals 18ms (cache miss)
npm http fetch GET 200 https://registry.vlt.io/vlt-benchmarks/npm/call-bound 18ms (cache miss)
npm http fetch GET 200 https://registry.vlt.io/vlt-benchmarks/npm/call-bind 19ms (cache miss)
npm http fetch GET 200 https://registry.vlt.io/vlt-benchmarks/npm/define-properties 16ms (cache miss)
npm http fetch GET 200 https://registry.vlt.io/vlt-benchmarks/npm/es-object-atoms 18ms (cache miss)
npm http fetch GET 200 https://registry.vlt.io/vlt-benchmarks/npm/has-symbols 17ms (cache miss)
npm http fetch GET 200 https://registry.vlt.io/vlt-benchmarks/npm/object-keys 15ms (cache miss)
npm http fetch GET 200 https://registry.vlt.io/vlt-benchmarks/npm/es-object-atoms 15ms (cache revalidated)
npm http fetch GET 200 https://registry.vlt.io/vlt-benchmarks/npm/call-bound 18ms (cache revalidated)
npm http fetch GET 200 https://registry.vlt.io/vlt-benchmarks/npm/memory-fs 17ms (cache miss)
npm http fetch GET 200 https://registry.vlt.io/vlt-benchmarks/npm/function-bind 18ms (cache miss)
npm http fetch GET 200 https://registry.vlt.io/vlt-benchmarks/npm/tapable 22ms (cache revalidated)
npm http fetch GET 200 https://registry.vlt.io/vlt-benchmarks/npm/has-tostringtag 18ms (cache miss)
npm http fetch GET 200 https://registry.vlt.io/vlt-benchmarks/npm/gopd 19ms (cache miss)
npm http fetch GET 200 https://registry.vlt.io/vlt-benchmarks/npm/node-exports-info 16ms (cache miss)
npm http fetch GET 200 https://registry.vlt.io/vlt-benchmarks/npm/is-string 17ms (cache miss)
npm http fetch GET 200 https://registry.vlt.io/vlt-benchmarks/npm/call-bind 18ms (cache revalidated)
npm http fetch GET 200 https://registry.vlt.io/vlt-benchmarks/npm/es-abstract 21ms (cache miss)
npm http fetch GET 200 https://registry.vlt.io/vlt-benchmarks/npm/math-intrinsics 15ms (cache miss)
npm http fetch GET 200 https://registry.vlt.io/vlt-benchmarks/npm/es-abstract 16ms (cache revalidated)
npm http fetch GET 200 https://registry.vlt.io/vlt-benchmarks/npm/es-shim-unscopables 23ms (cache miss)
npm http fetch GET 200 https://registry.vlt.io/vlt-benchmarks/npm/es-shim-unscopables 14ms (cache miss)
npm http fetch GET 200 https://registry.vlt.io/vlt-benchmarks/npm/es-shim-unscopables 16ms (cache revalidated)
npm http fetch GET 200 https://registry.vlt.io/vlt-benchmarks/npm/es-shim-unscopables 18ms (cache miss)
npm http fetch GET 200 https://registry.vlt.io/vlt-benchmarks/npm/strip-bom 15ms (cache miss)
npm http fetch GET 200 https://registry.vlt.io/vlt-benchmarks/npm/@types%2fjson5 15ms (cache miss)
npm http fetch GET 200 https://registry.vlt.io/vlt-benchmarks/npm/set-function-length 17ms (cache miss)
npm http fetch GET 200 https://registry.vlt.io/vlt-benchmarks/npm/get-intrinsic 18ms (cache miss)
npm http fetch GET 200 https://registry.vlt.io/vlt-benchmarks/npm/call-bind-apply-helpers 20ms (cache miss)
npm http fetch GET 200 https://registry.vlt.io/vlt-benchmarks/npm/call-bind-apply-helpers 14ms (cache miss)
npm http fetch GET 200 https://registry.vlt.io/vlt-benchmarks/npm/get-intrinsic 19ms (cache revalidated)
npm http fetch GET 200 https://registry.vlt.io/vlt-benchmarks/npm/define-data-property 17ms (cache miss)
npm http fetch GET 200 https://registry.vlt.io/vlt-benchmarks/npm/has-property-descriptors 15ms (cache miss)
npm http fetch GET 200 https://registry.vlt.io/vlt-benchmarks/npm/is-set 15ms (cache miss)
npm http fetch GET 200 https://registry.vlt.io/vlt-benchmarks/npm/own-keys 16ms (cache miss)
npm http fetch GET 200 https://registry.vlt.io/vlt-benchmarks/npm/get-proto 15ms (cache miss)
npm http fetch GET 200 https://registry.vlt.io/vlt-benchmarks/npm/has-proto 15ms (cache miss)
npm http fetch GET 200 https://registry.vlt.io/vlt-benchmarks/npm/set-proto 16ms (cache miss)
npm http fetch GET 200 https://registry.vlt.io/vlt-benchmarks/npm/globalthis 15ms (cache miss)
npm http fetch GET 200 https://registry.vlt.io/vlt-benchmarks/npm/is-weakref 14ms (cache miss)
npm http fetch GET 200 https://registry.vlt.io/vlt-benchmarks/npm/is-callable 18ms (cache miss)
npm http fetch GET 200 https://registry.vlt.io/vlt-benchmarks/npm/is-data-view 14ms (cache miss)
npm http fetch GET 200 https://registry.vlt.io/vlt-benchmarks/npm/internal-slot 15ms (cache miss)
npm http fetch GET 200 https://registry.vlt.io/vlt-benchmarks/npm/is-typed-array 21ms (cache miss)
npm http fetch GET 200 https://registry.vlt.io/vlt-benchmarks/npm/object-inspect 20ms (cache miss)
npm http fetch GET 200 https://registry.vlt.io/vlt-benchmarks/npm/es-to-primitive 26ms (cache miss)
npm http fetch GET 200 https://registry.vlt.io/vlt-benchmarks/npm/is-array-buffer 14ms (cache miss)
npm http fetch GET 200 https://registry.vlt.io/vlt-benchmarks/npm/safe-regex-test 16ms (cache revalidated)
npm http fetch GET 200 https://registry.vlt.io/vlt-benchmarks/npm/safe-push-apply 26ms (cache miss)
npm http fetch GET 200 https://registry.vlt.io/vlt-benchmarks/npm/unbox-primitive 16ms (cache miss)
npm http fetch GET 200 https://registry.vlt.io/vlt-benchmarks/npm/data-view-buffer 16ms (cache miss)
npm http fetch GET 200 https://registry.vlt.io/vlt-benchmarks/npm/is-negative-zero 18ms (cache miss)
npm http fetch GET 200 https://registry.vlt.io/vlt-benchmarks/npm/safe-array-concat 16ms (cache miss)
npm http fetch GET 200 https://registry.vlt.io/vlt-benchmarks/npm/which-typed-array 17ms (cache miss)
npm http fetch GET 200 https://registry.vlt.io/vlt-benchmarks/npm/es-set-tostringtag 17ms (cache miss)
npm http fetch GET 200 https://registry.vlt.io/vlt-benchmarks/npm/typed-array-buffer 16ms (cache miss)
npm http fetch GET 200 https://registry.vlt.io/vlt-benchmarks/npm/typed-array-length 15ms (cache miss)
npm http fetch GET 200 https://registry.vlt.io/vlt-benchmarks/npm/data-view-byte-offset 15ms (cache miss)
npm http fetch GET 200 https://registry.vlt.io/vlt-benchmarks/npm/data-view-byte-length 17ms (cache miss)
npm http fetch GET 200 https://registry.vlt.io/vlt-benchmarks/npm/string.prototype.trim 14ms (cache miss)
npm http fetch GET 200 https://registry.vlt.io/vlt-benchmarks/npm/available-typed-arrays 15ms (cache miss)
npm http fetch GET 200 https://registry.vlt.io/vlt-benchmarks/npm/get-symbol-description 16ms (cache miss)
npm http fetch GET 200 https://registry.vlt.io/vlt-benchmarks/npm/is-shared-array-buffer 14ms (cache miss)
npm http fetch GET 200 https://registry.vlt.io/vlt-benchmarks/npm/regexp.prototype.flags 16ms (cache miss)
npm http fetch GET 200 https://registry.vlt.io/vlt-benchmarks/npm/function.prototype.name 16ms (cache miss)
npm http fetch GET 200 https://registry.vlt.io/vlt-benchmarks/npm/stop-iteration-iterator 15ms (cache miss)
npm http fetch GET 200 https://registry.vlt.io/vlt-benchmarks/npm/typed-array-byte-length 16ms (cache miss)
npm http fetch GET 200 https://registry.vlt.io/vlt-benchmarks/npm/typed-array-byte-offset 16ms (cache miss)
npm http fetch GET 200 https://registry.vlt.io/vlt-benchmarks/npm/array-buffer-byte-length 14ms (cache miss)
npm http fetch GET 200 https://registry.vlt.io/vlt-benchmarks/npm/has-property-descriptors 16ms (cache revalidated)
npm http fetch GET 200 https://registry.vlt.io/vlt-benchmarks/npm/string.prototype.trimstart 15ms (cache miss)
npm http fetch GET 200 https://registry.vlt.io/vlt-benchmarks/npm/arraybuffer.prototype.slice 15ms (cache miss)
npm http fetch GET 200 https://registry.vlt.io/vlt-benchmarks/npm/gopd 16ms (cache revalidated)
npm http fetch GET 200 https://registry.vlt.io/vlt-benchmarks/npm/define-data-property 20ms (cache revalidated)
npm http fetch GET 200 https://registry.vlt.io/vlt-benchmarks/npm/possible-typed-array-names 17ms (cache miss)
npm http fetch GET 200 https://registry.vlt.io/vlt-benchmarks/npm/is-data-view 18ms (cache revalidated)
npm http fetch GET 200 https://registry.vlt.io/vlt-benchmarks/npm/is-array-buffer 20ms (cache revalidated)
npm http fetch GET 200 https://registry.vlt.io/vlt-benchmarks/npm/is-date-object 16ms (cache miss)
npm http fetch GET 200 https://registry.vlt.io/vlt-benchmarks/npm/is-symbol 20ms (cache miss)
npm http fetch GET 200 https://registry.vlt.io/vlt-benchmarks/npm/es-abstract-get 19ms (cache miss)
npm http fetch GET 200 https://registry.vlt.io/vlt-benchmarks/npm/is-document.all 20ms (cache miss)
npm http fetch GET 200 https://registry.vlt.io/vlt-benchmarks/npm/functions-have-names 17ms (cache miss)
npm http fetch GET 200 https://registry.vlt.io/vlt-benchmarks/npm/dunder-proto 17ms (cache miss)
npm http fetch GET 200 https://registry.vlt.io/vlt-benchmarks/npm/dunder-proto 15ms (cache miss)
npm http fetch GET 200 https://registry.vlt.io/vlt-benchmarks/npm/is-typed-array 16ms (cache revalidated)
npm http fetch GET 200 https://registry.vlt.io/vlt-benchmarks/npm/side-channel 18ms (cache revalidated)
npm http fetch GET 200 https://registry.vlt.io/vlt-benchmarks/npm/which-typed-array 14ms (cache revalidated)
npm http fetch GET 200 https://registry.vlt.io/vlt-benchmarks/npm/set-function-name 16ms (cache miss)
npm http fetch GET 200 https://registry.vlt.io/vlt-benchmarks/npm/isarray 16ms (cache miss)
npm http fetch GET 200 https://registry.vlt.io/vlt-benchmarks/npm/isarray 16ms (cache miss)
npm http fetch GET 200 https://registry.vlt.io/vlt-benchmarks/npm/for-each 15ms (cache miss)
npm http fetch GET 200 https://registry.vlt.io/vlt-benchmarks/npm/for-each 18ms (cache miss)
npm http fetch GET 200 https://registry.vlt.io/vlt-benchmarks/npm/reflect.getprototypeof 15ms (cache miss)
npm http fetch GET 200 https://registry.vlt.io/vlt-benchmarks/npm/reflect.getprototypeof 14ms (cache miss)
npm http fetch GET 200 https://registry.vlt.io/vlt-benchmarks/npm/possible-typed-array-names 16ms (cache revalidated)
npm http fetch GET 200 https://registry.vlt.io/vlt-benchmarks/npm/has-bigints 15ms (cache miss)
npm http fetch GET 200 https://registry.vlt.io/vlt-benchmarks/npm/which-boxed-primitive 14ms (cache miss)
npm http fetch GET 200 https://registry.vlt.io/vlt-benchmarks/npm/language-subtag-registry 14ms (cache miss)
npm http fetch GET 200 https://registry.vlt.io/vlt-benchmarks/npm/iterator.prototype 16ms (cache miss)
npm http fetch GET 200 https://registry.vlt.io/vlt-benchmarks/npm/bytes 20ms (cache miss)
npm http fetch GET 200 https://registry.vlt.io/vlt-benchmarks/npm/mime-types 22ms (cache miss)
npm http fetch GET 200 https://registry.vlt.io/vlt-benchmarks/npm/negotiator 23ms (cache miss)
npm http fetch GET 200 https://registry.vlt.io/vlt-benchmarks/npm/raw-body 16ms (cache revalidated)
npm http fetch GET 200 https://registry.vlt.io/vlt-benchmarks/npm/unpipe 20ms (cache miss)
npm http fetch GET 200 https://registry.vlt.io/vlt-benchmarks/npm/destroy 20ms (cache miss)
npm http fetch GET 200 https://registry.vlt.io/vlt-benchmarks/npm/iconv-lite 15ms (cache miss)
npm http fetch GET 200 https://registry.vlt.io/vlt-benchmarks/npm/content-type 15ms (cache revalidated)
npm http fetch GET 200 https://registry.vlt.io/vlt-benchmarks/npm/http-errors 19ms (cache revalidated)
npm http fetch GET 200 https://registry.vlt.io/vlt-benchmarks/npm/statuses 18ms (cache revalidated)
npm http fetch GET 200 https://registry.vlt.io/vlt-benchmarks/npm/inherits 19ms (cache revalidated)
npm http fetch GET 200 https://registry.vlt.io/vlt-benchmarks/npm/setprototypeof 18ms (cache revalidated)
npm http fetch GET 200 https://registry.vlt.io/vlt-benchmarks/npm/toidentifier 15ms (cache miss)
npm http fetch GET 200 https://registry.vlt.io/vlt-benchmarks/npm/ee-first 17ms (cache miss)
npm http fetch GET 200 https://registry.vlt.io/vlt-benchmarks/npm/forwarded 16ms (cache miss)
npm http fetch GET 200 https://registry.vlt.io/vlt-benchmarks/npm/ipaddr.js 16ms (cache miss)
npm http fetch GET 200 https://registry.vlt.io/vlt-benchmarks/npm/mime-types 16ms (cache revalidated)
npm http fetch GET 200 https://registry.vlt.io/vlt-benchmarks/npm/destroy 17ms (cache revalidated)
npm http fetch GET 200 https://registry.vlt.io/vlt-benchmarks/npm/media-typer 15ms (cache miss)
npm http fetch GET 200 https://registry.vlt.io/vlt-benchmarks/npm/mime-db 15ms (cache revalidated)
npm http fetch GET 200 https://registry.vlt.io/vlt-benchmarks/npm/safer-buffer 15ms (cache miss)
npm http fetch GET 200 https://registry.vlt.io/vlt-benchmarks/npm/asap 15ms (cache miss)
npm http fetch GET 200 https://registry.vlt.io/vlt-benchmarks/npm/node-fetch 21ms (cache miss)
npm http fetch GET 200 https://registry.vlt.io/vlt-benchmarks/npm/whatwg-url 16ms (cache miss)
npm http fetch GET 200 https://registry.vlt.io/vlt-benchmarks/npm/keyv 16ms (cache miss)
npm http fetch GET 200 https://registry.vlt.io/vlt-benchmarks/npm/flatted 18ms (cache miss)
npm http fetch GET 200 https://registry.vlt.io/vlt-benchmarks/npm/rimraf 19ms (cache revalidated)
npm http fetch GET 200 https://registry.vlt.io/vlt-benchmarks/npm/p-locate 15ms (cache miss)
npm http fetch GET 200 https://registry.vlt.io/vlt-benchmarks/npm/json-buffer 15ms (cache miss)
npm http fetch GET 200 https://registry.vlt.io/vlt-benchmarks/npm/@isaacs%2fcliui 17ms (cache miss)
npm http fetch GET 200 https://registry.vlt.io/vlt-benchmarks/npm/signal-exit 18ms (cache miss)
npm http fetch GET 200 https://registry.vlt.io/vlt-benchmarks/npm/@pkgjs%2fparseargs 19ms (cache miss)
npm http fetch GET 200 https://registry.vlt.io/vlt-benchmarks/npm/brace-expansion 18ms (cache revalidated)
npm http fetch GET 200 https://registry.vlt.io/vlt-benchmarks/npm/lru-cache 19ms (cache revalidated)
npm http fetch GET 200 https://registry.vlt.io/vlt-benchmarks/npm/array-uniq 16ms (cache revalidated)
npm http fetch GET 200 https://registry.vlt.io/vlt-benchmarks/npm/pinkie 17ms (cache miss)
npm http fetch GET 200 https://registry.vlt.io/vlt-benchmarks/npm/anymatch 18ms (cache miss)
npm http fetch GET 200 https://registry.vlt.io/vlt-benchmarks/npm/async-done 19ms (cache miss)
npm http fetch GET 200 https://registry.vlt.io/vlt-benchmarks/npm/chokidar 21ms (cache miss)
npm http fetch GET 200 https://registry.vlt.io/vlt-benchmarks/npm/just-debounce 15ms (cache miss)
npm http fetch GET 200 https://registry.vlt.io/vlt-benchmarks/npm/is-negated-glob 16ms (cache miss)
npm http fetch GET 200 https://registry.vlt.io/vlt-benchmarks/npm/object.defaults 16ms (cache miss)
npm http fetch GET 200 https://registry.vlt.io/vlt-benchmarks/npm/archy 17ms (cache miss)
npm http fetch GET 200 https://registry.vlt.io/vlt-benchmarks/npm/liftoff 16ms (cache miss)
npm http fetch GET 200 https://registry.vlt.io/vlt-benchmarks/npm/yargs 21ms (cache miss)
npm http fetch GET 200 https://registry.vlt.io/vlt-benchmarks/npm/v8flags 14ms (cache miss)
npm http fetch GET 200 https://registry.vlt.io/vlt-benchmarks/npm/isobject 15ms (cache miss)
npm http fetch GET 200 https://registry.vlt.io/vlt-benchmarks/npm/matchdep 16ms (cache miss)
npm http fetch GET 200 https://registry.vlt.io/vlt-benchmarks/npm/array-sort 14ms (cache miss)
npm http fetch GET 200 https://registry.vlt.io/vlt-benchmarks/npm/copy-props 16ms (cache miss)
npm http fetch GET 200 https://registry.vlt.io/vlt-benchmarks/npm/ansi-colors 15ms (cache miss)
npm http fetch GET 200 https://registry.vlt.io/vlt-benchmarks/npm/mute-stdout 14ms (cache miss)
npm http fetch GET 200 https://registry.vlt.io/vlt-benchmarks/npm/color-support 15ms (cache miss)
npm http fetch GET 200 https://registry.vlt.io/vlt-benchmarks/npm/concat-stream 18ms (cache miss)
npm http fetch GET 200 https://registry.vlt.io/vlt-benchmarks/npm/pretty-hrtime 15ms (cache miss)
npm http fetch GET 200 https://registry.vlt.io/vlt-benchmarks/npm/replace-homedir 18ms (cache miss)
npm http fetch GET 200 https://registry.vlt.io/vlt-benchmarks/npm/semver-greatest-satisfied-range 15ms (cache miss)
npm http fetch GET 200 https://registry.vlt.io/vlt-benchmarks/npm/arr-flatten 15ms (cache miss)
npm http fetch GET 200 https://registry.vlt.io/vlt-benchmarks/npm/arr-map 17ms (cache miss)
npm http fetch GET 200 https://registry.vlt.io/vlt-benchmarks/npm/bach 20ms (cache miss)
npm http fetch GET 200 https://registry.vlt.io/vlt-benchmarks/npm/collection-map 18ms (cache miss)
npm http fetch GET 200 https://registry.vlt.io/vlt-benchmarks/npm/es6-weak-map 16ms (cache miss)
npm http fetch GET 200 https://registry.vlt.io/vlt-benchmarks/npm/object.defaults 16ms (cache revalidated)
npm http fetch GET 200 https://registry.vlt.io/vlt-benchmarks/npm/last-run 20ms (cache miss)
npm http fetch GET 200 https://registry.vlt.io/vlt-benchmarks/npm/object.reduce 15ms (cache miss)
npm http fetch GET 200 https://registry.vlt.io/vlt-benchmarks/npm/undertaker-registry 14ms (cache miss)
npm http fetch GET 200 https://registry.vlt.io/vlt-benchmarks/npm/fast-levenshtein 16ms (cache revalidated)
npm http fetch GET 200 https://registry.vlt.io/vlt-benchmarks/npm/lead 14ms (cache miss)
npm http fetch GET 200 https://registry.vlt.io/vlt-benchmarks/npm/pumpify 14ms (cache miss)
npm http fetch GET 200 https://registry.vlt.io/vlt-benchmarks/npm/lazystream 14ms (cache miss)
npm http fetch GET 200 https://registry.vlt.io/vlt-benchmarks/npm/to-through 14ms (cache miss)
npm http fetch GET 200 https://registry.vlt.io/vlt-benchmarks/npm/glob-stream 15ms (cache miss)
npm http fetch GET 200 https://registry.vlt.io/vlt-benchmarks/npm/is-valid-glob 14ms (cache miss)
npm http fetch GET 200 https://registry.vlt.io/vlt-benchmarks/npm/resolve-options 15ms (cache miss)
npm http fetch GET 200 https://registry.vlt.io/vlt-benchmarks/npm/vinyl-sourcemap 15ms (cache miss)
npm http fetch GET 200 https://registry.vlt.io/vlt-benchmarks/npm/fs-mkdirp-stream 15ms (cache miss)
npm http fetch GET 200 https://registry.vlt.io/vlt-benchmarks/npm/remove-bom-buffer 15ms (cache miss)
npm http fetch GET 200 https://registry.vlt.io/vlt-benchmarks/npm/remove-bom-stream 13ms (cache miss)
npm http fetch GET 200 https://registry.vlt.io/vlt-benchmarks/npm/value-or-function 14ms (cache miss)
npm http fetch GET 200 https://registry.vlt.io/vlt-benchmarks/npm/end-of-stream 16ms (cache miss)
npm http fetch GET 200 https://registry.vlt.io/vlt-benchmarks/npm/micromatch 19ms (cache revalidated)
npm http fetch GET 200 https://registry.vlt.io/vlt-benchmarks/npm/normalize-path 21ms (cache revalidated)
npm http fetch GET 200 https://registry.vlt.io/vlt-benchmarks/npm/once 20ms (cache revalidated)
npm http fetch GET 200 https://registry.vlt.io/vlt-benchmarks/npm/stream-exhaust 17ms (cache miss)
npm http fetch GET 200 https://registry.vlt.io/vlt-benchmarks/npm/process-nextick-args 20ms (cache miss)
npm http fetch GET 200 https://registry.vlt.io/vlt-benchmarks/npm/upath 18ms (cache miss)
npm http fetch GET 200 https://registry.vlt.io/vlt-benchmarks/npm/readdirp 17ms (cache miss)
npm http fetch GET 200 https://registry.vlt.io/vlt-benchmarks/npm/braces 22ms (cache miss)
npm http fetch GET 200 https://registry.vlt.io/vlt-benchmarks/npm/async-each 14ms (cache miss)
npm http fetch GET 200 https://registry.vlt.io/vlt-benchmarks/npm/glob-parent 17ms (cache revalidated)
npm http fetch GET 200 https://registry.vlt.io/vlt-benchmarks/npm/is-binary-path 16ms (cache miss)
npm http fetch GET 200 https://registry.vlt.io/vlt-benchmarks/npm/fsevents 14ms (cache miss)
npm http fetch GET 200 https://registry.vlt.io/vlt-benchmarks/npm/array-slice 15ms (cache miss)
npm http fetch GET 200 https://registry.vlt.io/vlt-benchmarks/npm/array-each 18ms (cache miss)
npm http fetch GET 200 https://registry.vlt.io/vlt-benchmarks/npm/for-own 16ms (cache miss)
npm http fetch GET 200 https://registry.vlt.io/vlt-benchmarks/npm/isobject 15ms (cache revalidated)
npm http fetch GET 200 https://registry.vlt.io/vlt-benchmarks/npm/braces 17ms (cache revalidated)
npm http fetch GET 200 https://registry.vlt.io/vlt-benchmarks/npm/extglob 18ms (cache miss)
npm http fetch GET 200 https://registry.vlt.io/vlt-benchmarks/npm/kind-of 19ms (cache miss)
npm http fetch GET 200 https://registry.vlt.io/vlt-benchmarks/npm/arr-diff 16ms (cache miss)
npm http fetch GET 200 https://registry.vlt.io/vlt-benchmarks/npm/nanomatch 17ms (cache miss)
npm http fetch GET 200 https://registry.vlt.io/vlt-benchmarks/npm/to-regex 20ms (cache miss)
npm http fetch GET 200 https://registry.vlt.io/vlt-benchmarks/npm/regex-not 15ms (cache miss)
npm http fetch GET 200 https://registry.vlt.io/vlt-benchmarks/npm/snapdragon 14ms (cache miss)
npm http fetch GET 200 https://registry.vlt.io/vlt-benchmarks/npm/object.pick 15ms (cache miss)
npm http fetch GET 200 https://registry.vlt.io/vlt-benchmarks/npm/array-unique 15ms (cache miss)
npm http fetch GET 200 https://registry.vlt.io/vlt-benchmarks/npm/extend-shallow 15ms (cache miss)
npm http fetch GET 200 https://registry.vlt.io/vlt-benchmarks/npm/fragment-cache 17ms (cache miss)
npm http fetch GET 200 https://registry.vlt.io/vlt-benchmarks/npm/define-property 15ms (cache miss)
npm http fetch GET 200 https://registry.vlt.io/vlt-benchmarks/npm/remove-trailing-separator 15ms (cache miss)
npm http fetch GET 200 https://registry.vlt.io/vlt-benchmarks/npm/wrappy 15ms (cache miss)
npm http fetch GET 200 https://registry.vlt.io/vlt-benchmarks/npm/to-regex 18ms (cache revalidated)
npm http fetch GET 200 https://registry.vlt.io/vlt-benchmarks/npm/arr-flatten 19ms (cache revalidated)
npm http fetch GET 200 https://registry.vlt.io/vlt-benchmarks/npm/fill-range 22ms (cache miss)
npm http fetch GET 200 https://registry.vlt.io/vlt-benchmarks/npm/split-string 16ms (cache miss)
npm http fetch GET 200 https://registry.vlt.io/vlt-benchmarks/npm/extend-shallow 18ms (cache revalidated)
npm http fetch GET 200 https://registry.vlt.io/vlt-benchmarks/npm/repeat-element 17ms (cache miss)
npm http fetch GET 200 https://registry.vlt.io/vlt-benchmarks/npm/snapdragon-node 16ms (cache miss)
npm http fetch GET 200 https://registry.vlt.io/vlt-benchmarks/npm/bindings 19ms (cache miss)
npm http fetch GET 200 https://registry.vlt.io/vlt-benchmarks/npm/nan 21ms (cache miss)
npm http fetch GET 200 https://registry.vlt.io/vlt-benchmarks/npm/path-dirname 15ms (cache miss)
npm http fetch GET 200 https://registry.vlt.io/vlt-benchmarks/npm/binary-extensions 14ms (cache miss)
npm http fetch GET 200 https://registry.vlt.io/vlt-benchmarks/npm/is-number 17ms (cache miss)
npm http fetch GET 200 https://registry.vlt.io/vlt-benchmarks/npm/is-extendable 19ms (cache miss)
npm http fetch GET 200 https://registry.vlt.io/vlt-benchmarks/npm/repeat-string 20ms (cache miss)
npm http fetch GET 200 https://registry.vlt.io/vlt-benchmarks/npm/to-regex-range 14ms (cache miss)
npm http fetch GET 200 https://registry.vlt.io/vlt-benchmarks/npm/base 17ms (cache miss)
npm http fetch GET 200 https://registry.vlt.io/vlt-benchmarks/npm/define-property 17ms (cache revalidated)
npm http fetch GET 200 https://registry.vlt.io/vlt-benchmarks/npm/map-cache 15ms (cache miss)
npm http fetch GET 200 https://registry.vlt.io/vlt-benchmarks/npm/use 15ms (cache miss)
npm http fetch GET 200 https://registry.vlt.io/vlt-benchmarks/npm/source-map-resolve 19ms (cache miss)
npm http fetch GET 200 https://registry.vlt.io/vlt-benchmarks/npm/snapdragon-util 16ms (cache miss)
npm http fetch GET 200 https://registry.vlt.io/vlt-benchmarks/npm/safe-regex 14ms (cache miss)
npm http fetch GET 200 https://registry.vlt.io/vlt-benchmarks/npm/regex-not 17ms (cache revalidated)
npm http fetch GET 200 https://registry.vlt.io/vlt-benchmarks/npm/kind-of 16ms (cache revalidated)
npm http fetch GET 200 https://registry.vlt.io/vlt-benchmarks/npm/file-uri-to-path 16ms (cache miss)
npm http fetch GET 200 https://registry.vlt.io/vlt-benchmarks/npm/default-compare 17ms (cache miss)
npm http fetch GET 200 https://registry.vlt.io/vlt-benchmarks/npm/get-value 19ms (cache miss)
npm http fetch GET 200 https://registry.vlt.io/vlt-benchmarks/npm/ansi-wrap 21ms (cache miss)
npm http fetch GET 200 https://registry.vlt.io/vlt-benchmarks/npm/each-props 17ms (cache miss)
npm http fetch GET 200 https://registry.vlt.io/vlt-benchmarks/npm/ansi-gray 17ms (cache miss)
npm http fetch GET 200 https://registry.vlt.io/vlt-benchmarks/npm/typedarray 19ms (cache miss)
npm http fetch GET 200 https://registry.vlt.io/vlt-benchmarks/npm/parse-node-version 18ms (cache revalidated)
npm http fetch GET 200 https://registry.vlt.io/vlt-benchmarks/npm/glogg 19ms (cache miss)
npm http fetch GET 200 https://registry.vlt.io/vlt-benchmarks/npm/time-stamp 21ms (cache miss)
npm http fetch GET 200 https://registry.vlt.io/vlt-benchmarks/npm/extend 16ms (cache miss)
npm http fetch GET 200 https://registry.vlt.io/vlt-benchmarks/npm/fined 18ms (cache miss)
npm http fetch GET 200 https://registry.vlt.io/vlt-benchmarks/npm/rechoir 17ms (cache miss)
npm http fetch GET 200 https://registry.vlt.io/vlt-benchmarks/npm/object.map 17ms (cache miss)
npm http fetch GET 200 https://registry.vlt.io/vlt-benchmarks/npm/findup-sync 18ms (cache miss)
npm http fetch GET 200 https://registry.vlt.io/vlt-benchmarks/npm/flagged-respawn 17ms (cache miss)
npm http fetch GET 200 https://registry.vlt.io/vlt-benchmarks/npm/findup-sync 18ms (cache revalidated)
npm http fetch GET 200 https://registry.vlt.io/vlt-benchmarks/npm/is-plain-object 20ms (cache revalidated)
npm http fetch GET 200 https://registry.vlt.io/vlt-benchmarks/npm/stack-trace 20ms (cache miss)
npm http fetch GET 200 https://registry.vlt.io/vlt-benchmarks/npm/homedir-polyfill 16ms (cache miss)
npm http fetch GET 200 https://registry.vlt.io/vlt-benchmarks/npm/is-absolute 17ms (cache miss)
npm http fetch GET 200 https://registry.vlt.io/vlt-benchmarks/npm/remove-trailing-separator 17ms (cache revalidated)
npm http fetch GET 200 https://registry.vlt.io/vlt-benchmarks/npm/sver-compat 14ms (cache miss)
npm http fetch GET 200 https://registry.vlt.io/vlt-benchmarks/npm/y18n 16ms (cache miss)
npm http fetch GET 200 https://registry.vlt.io/vlt-benchmarks/npm/cliui 16ms (cache miss)
npm http fetch GET 200 https://registry.vlt.io/vlt-benchmarks/npm/camelcase 14ms (cache miss)
npm http fetch GET 200 https://registry.vlt.io/vlt-benchmarks/npm/os-locale 15ms (cache miss)
npm http fetch GET 200 https://registry.vlt.io/vlt-benchmarks/npm/decamelize 17ms (cache miss)
npm http fetch GET 200 https://registry.vlt.io/vlt-benchmarks/npm/read-pkg-up 17ms (cache miss)
npm http fetch GET 200 https://registry.vlt.io/vlt-benchmarks/npm/set-blocking 16ms (cache miss)
npm http fetch GET 200 https://registry.vlt.io/vlt-benchmarks/npm/string-width 15ms (cache revalidated)
npm http fetch GET 200 https://registry.vlt.io/vlt-benchmarks/npm/which-module 16ms (cache miss)
npm http fetch GET 200 https://registry.vlt.io/vlt-benchmarks/npm/yargs-parser 16ms (cache miss)
npm http fetch GET 200 https://registry.vlt.io/vlt-benchmarks/npm/get-caller-file 15ms (cache miss)
npm http fetch GET 200 https://registry.vlt.io/vlt-benchmarks/npm/require-directory 14ms (cache miss)
npm http fetch GET 200 https://registry.vlt.io/vlt-benchmarks/npm/require-main-filename 15ms (cache miss)
npm http fetch GET 200 https://registry.vlt.io/vlt-benchmarks/npm/safe-buffer 16ms (cache revalidated)
npm http fetch GET 200 https://registry.vlt.io/vlt-benchmarks/npm/isarray 18ms (cache revalidated)
npm http fetch GET 200 https://registry.vlt.io/vlt-benchmarks/npm/core-util-is 19ms (cache miss)
npm http fetch GET 200 https://registry.vlt.io/vlt-benchmarks/npm/string_decoder 15ms (cache miss)
npm http fetch GET 200 https://registry.vlt.io/vlt-benchmarks/npm/util-deprecate 17ms (cache miss)
npm http fetch GET 200 https://registry.vlt.io/vlt-benchmarks/npm/clone 20ms (cache miss)
npm http fetch GET 200 https://registry.vlt.io/vlt-benchmarks/npm/xtend 23ms (cache miss)
npm http fetch GET 200 https://registry.vlt.io/vlt-benchmarks/npm/clone-stats 23ms (cache miss)
npm http fetch GET 200 https://registry.vlt.io/vlt-benchmarks/npm/clone-buffer 16ms (cache miss)
npm http fetch GET 200 https://registry.vlt.io/vlt-benchmarks/npm/cloneable-readable 17ms (cache miss)
npm http fetch GET 200 https://registry.vlt.io/vlt-benchmarks/npm/clone 16ms (cache revalidated)
npm http fetch GET 200 https://registry.vlt.io/vlt-benchmarks/npm/arr-union 18ms (cache miss)
npm http fetch GET 200 https://registry.vlt.io/vlt-benchmarks/npm/parserlib 19ms (cache miss)
npm http fetch GET 200 https://registry.vlt.io/vlt-benchmarks/npm/rcfinder 15ms (cache miss)
npm http fetch GET 200 https://registry.vlt.io/vlt-benchmarks/npm/lodash.isobject 33ms (cache miss)
npm http fetch GET 200 https://registry.vlt.io/vlt-benchmarks/npm/decamelize 17ms (cache revalidated)
npm http fetch GET 200 https://registry.vlt.io/vlt-benchmarks/npm/has 21ms (cache miss)
npm http fetch GET 200 https://registry.vlt.io/vlt-benchmarks/npm/defined 20ms (cache miss)
npm http fetch GET 200 https://registry.vlt.io/vlt-benchmarks/npm/autoprefixer 19ms (cache revalidated)
npm http fetch GET 200 https://registry.vlt.io/vlt-benchmarks/npm/postcss-svgo 20ms (cache revalidated)
npm http fetch GET 200 https://registry.vlt.io/vlt-benchmarks/npm/postcss-calc 22ms (cache revalidated)
npm http fetch GET 200 https://registry.vlt.io/vlt-benchmarks/npm/postcss-merge-rules 18ms (cache revalidated)
npm http fetch GET 200 https://registry.vlt.io/vlt-benchmarks/npm/postcss-colormin 20ms (cache revalidated)
npm http fetch GET 200 https://registry.vlt.io/vlt-benchmarks/npm/postcss-zindex 25ms (cache miss)
npm http fetch GET 200 https://registry.vlt.io/vlt-benchmarks/npm/postcss-merge-idents 16ms (cache miss)
npm http fetch GET 200 https://registry.vlt.io/vlt-benchmarks/npm/postcss-value-parser 18ms (cache revalidated)
npm http fetch GET 200 https://registry.vlt.io/vlt-benchmarks/npm/postcss-discard-empty 17ms (cache revalidated)
npm http fetch GET 200 https://registry.vlt.io/vlt-benchmarks/npm/postcss-minify-params 17ms (cache revalidated)
npm http fetch GET 200 https://registry.vlt.io/vlt-benchmarks/npm/postcss-reduce-idents 17ms (cache miss)
npm http fetch GET 200 https://registry.vlt.io/vlt-benchmarks/npm/postcss-normalize-url 19ms (cache revalidated)
npm http fetch GET 200 https://registry.vlt.io/vlt-benchmarks/npm/postcss-convert-values 17ms (cache revalidated)
npm http fetch GET 200 https://registry.vlt.io/vlt-benchmarks/npm/postcss-discard-unused 17ms (cache miss)
npm http fetch GET 200 https://registry.vlt.io/vlt-benchmarks/npm/postcss-filter-plugins 17ms (cache miss)
npm http fetch GET 200 https://registry.vlt.io/vlt-benchmarks/npm/postcss-merge-longhand 15ms (cache revalidated)
npm http fetch GET 200 https://registry.vlt.io/vlt-benchmarks/npm/postcss-reduce-initial 16ms (cache revalidated)
npm http fetch GET 200 https://registry.vlt.io/vlt-benchmarks/npm/postcss-ordered-values 18ms (cache revalidated)
npm http fetch GET 200 https://registry.vlt.io/vlt-benchmarks/npm/postcss-discard-comments 15ms (cache revalidated)
npm http fetch GET 200 https://registry.vlt.io/vlt-benchmarks/npm/postcss-minify-gradients 16ms (cache revalidated)
npm http fetch GET 200 https://registry.vlt.io/vlt-benchmarks/npm/postcss-minify-selectors 18ms (cache revalidated)
npm http fetch GET 200 https://registry.vlt.io/vlt-benchmarks/npm/postcss-unique-selectors 15ms (cache revalidated)
npm http fetch GET 200 https://registry.vlt.io/vlt-benchmarks/npm/postcss-normalize-charset 17ms (cache revalidated)
npm http fetch GET 200 https://registry.vlt.io/vlt-benchmarks/npm/postcss-reduce-transforms 16ms (cache revalidated)
npm http fetch GET 200 https://registry.vlt.io/vlt-benchmarks/npm/postcss-discard-duplicates 14ms (cache revalidated)
npm http fetch GET 200 https://registry.vlt.io/vlt-benchmarks/npm/postcss-minify-font-values 16ms (cache revalidated)
npm http fetch GET 200 https://registry.vlt.io/vlt-benchmarks/npm/postcss-discard-overridden 19ms (cache revalidated)
npm http fetch GET 200 https://registry.vlt.io/vlt-benchmarks/npm/xtend 16ms (cache revalidated)
npm http fetch GET 200 https://registry.vlt.io/vlt-benchmarks/npm/body 16ms (cache miss)
npm http fetch GET 200 https://registry.vlt.io/vlt-benchmarks/npm/util-deprecate 18ms (cache revalidated)
npm http fetch GET 200 https://registry.vlt.io/vlt-benchmarks/npm/string_decoder 20ms (cache revalidated)
npm http fetch GET 200 https://registry.vlt.io/vlt-benchmarks/npm/faye-websocket 15ms (cache miss)
npm http fetch GET 200 https://registry.vlt.io/vlt-benchmarks/npm/livereload-js 15ms (cache miss)
npm http fetch GET 200 https://registry.vlt.io/vlt-benchmarks/npm/bufferstreams 17ms (cache miss)
npm http fetch GET 200 https://registry.vlt.io/vlt-benchmarks/npm/commander 19ms (cache revalidated)
npm http fetch GET 200 https://registry.vlt.io/vlt-benchmarks/npm/graceful-readlink 16ms (cache miss)
npm http fetch GET 200 https://registry.vlt.io/vlt-benchmarks/npm/amdefine 17ms (cache miss)
npm http fetch GET 200 https://registry.vlt.io/vlt-benchmarks/npm/yaml 16ms (cache miss)
npm http fetch GET 200 https://registry.vlt.io/vlt-benchmarks/npm/sparkles 15ms (cache miss)
npm http fetch GET 200 https://registry.vlt.io/vlt-benchmarks/npm/lodash.keys 16ms (cache miss)
npm http fetch GET 200 https://registry.vlt.io/vlt-benchmarks/npm/lodash.escape 20ms (cache miss)
npm http fetch GET 200 https://registry.vlt.io/vlt-benchmarks/npm/lodash.restparam 15ms (cache miss)
npm http fetch GET 200 https://registry.vlt.io/vlt-benchmarks/npm/lodash._basecopy 16ms (cache miss)
npm http fetch GET 200 https://registry.vlt.io/vlt-benchmarks/npm/lodash._basevalues 14ms (cache miss)
npm http fetch GET 200 https://registry.vlt.io/vlt-benchmarks/npm/lodash._basetostring 17ms (cache miss)
npm http fetch GET 200 https://registry.vlt.io/vlt-benchmarks/npm/lodash._isiterateecall 17ms (cache miss)
npm http fetch GET 200 https://registry.vlt.io/vlt-benchmarks/npm/lodash.templatesettings 18ms (cache miss)
npm http fetch GET 200 https://registry.vlt.io/vlt-benchmarks/npm/duplexer2 15ms (cache miss)
npm http fetch GET 200 https://registry.vlt.io/vlt-benchmarks/npm/clone-stats 17ms (cache revalidated)
npm http fetch GET 200 https://registry.vlt.io/vlt-benchmarks/npm/big.js 16ms (cache miss)
npm http fetch GET 200 https://registry.vlt.io/vlt-benchmarks/npm/emojis-list 17ms (cache miss)
npm http fetch GET 200 https://registry.vlt.io/vlt-benchmarks/npm/callsites 15ms (cache miss)
npm http fetch GET 200 https://registry.vlt.io/vlt-benchmarks/npm/side-channel-weakmap 17ms (cache miss)
npm http fetch GET 200 https://registry.vlt.io/vlt-benchmarks/npm/side-channel-list 18ms (cache miss)
npm http fetch GET 200 https://registry.vlt.io/vlt-benchmarks/npm/side-channel-map 19ms (cache miss)
npm http fetch GET 200 https://registry.vlt.io/vlt-benchmarks/npm/is-buffer 14ms (cache miss)
npm http fetch GET 200 https://registry.vlt.io/vlt-benchmarks/npm/path-is-inside 16ms (cache miss)
npm http fetch GET 200 https://registry.vlt.io/vlt-benchmarks/npm/wrap-ansi 17ms (cache miss)
npm http fetch GET 200 https://registry.vlt.io/vlt-benchmarks/npm/wrap-ansi 118ms (cache miss)
npm http fetch GET 200 https://registry.vlt.io/vlt-benchmarks/npm/emoji-regex 17ms (cache revalidated)
npm http fetch GET 200 https://registry.vlt.io/vlt-benchmarks/npm/eastasianwidth 20ms (cache miss)
npm http fetch GET 200 https://registry.vlt.io/vlt-benchmarks/npm/is-fullwidth-code-point 20ms (cache miss)
npm http fetch GET 200 https://registry.vlt.io/vlt-benchmarks/npm/sax 17ms (cache miss)
npm http fetch GET 200 https://registry.vlt.io/vlt-benchmarks/npm/prr 19ms (cache miss)
npm http fetch GET 200 https://registry.vlt.io/vlt-benchmarks/npm/is-what 21ms (cache miss)
npm http fetch GET 200 https://registry.vlt.io/vlt-benchmarks/npm/iconv-lite 19ms (cache revalidated)
npm http fetch GET 200 https://registry.vlt.io/vlt-benchmarks/npm/needle 20ms (cache revalidated)
npm http fetch GET 200 https://registry.vlt.io/vlt-benchmarks/npm/stream-parser 18ms (cache miss)
npm http fetch GET 200 https://registry.vlt.io/vlt-benchmarks/npm/detect-file 16ms (cache miss)
npm http fetch GET 200 https://registry.vlt.io/vlt-benchmarks/npm/resolve-dir 18ms (cache miss)
npm http fetch GET 200 https://registry.vlt.io/vlt-benchmarks/npm/expand-tilde 18ms (cache miss)
npm http fetch GET 200 https://registry.vlt.io/vlt-benchmarks/npm/object.pick 19ms (cache revalidated)
npm http fetch GET 200 https://registry.vlt.io/vlt-benchmarks/npm/parse-filepath 19ms (cache miss)
npm http fetch GET 200 https://registry.vlt.io/vlt-benchmarks/npm/make-iterator 19ms (cache miss)
npm http fetch GET 200 https://registry.vlt.io/vlt-benchmarks/npm/global-modules 16ms (cache revalidated)
npm http fetch GET 200 https://registry.vlt.io/vlt-benchmarks/npm/expand-tilde 18ms (cache revalidated)
npm http fetch GET 200 https://registry.vlt.io/vlt-benchmarks/npm/map-cache 16ms (cache revalidated)
npm http fetch GET 200 https://registry.vlt.io/vlt-benchmarks/npm/path-root 16ms (cache miss)
npm http fetch GET 200 https://registry.vlt.io/vlt-benchmarks/npm/parse-passwd 14ms (cache miss)
npm http fetch GET 200 https://registry.vlt.io/vlt-benchmarks/npm/p-limit 20ms (cache miss)
npm http fetch GET 200 https://registry.vlt.io/vlt-benchmarks/npm/lodash._root 14ms (cache miss)
npm http fetch GET 200 https://registry.vlt.io/vlt-benchmarks/npm/lodash.isarguments 18ms (cache miss)
npm http fetch GET 200 https://registry.vlt.io/vlt-benchmarks/npm/lodash._getnative 18ms (cache miss)
npm http fetch GET 200 https://registry.vlt.io/vlt-benchmarks/npm/lodash.isarray 15ms (cache miss)
npm warn ERESOLVE overriding peer dependency
npm warn ERESOLVE overriding peer dependency
npm warn ERESOLVE overriding peer dependency
npm warn While resolving: medium-draft@0.5.18
npm warn Found: react@18.3.1
npm warn node_modules/react
npm warn   peer react@"^0.14.0 || ^15.0.0-rc || ^16.0.0-rc || ^16.0.0" from draft-js@0.10.5
npm warn   node_modules/medium-draft/node_modules/draft-js
npm warn     draft-js@"^0.10.0" from medium-draft@0.5.18
npm warn     node_modules/medium-draft
npm warn
npm warn Could not resolve dependency:
npm warn peer react@"^15.0.0 || ^16.0.0" from medium-draft@0.5.18
npm warn node_modules/medium-draft
npm warn   medium-draft@"^0.5.18" from the root project
npm warn
npm warn Conflicting peer dependency: react@16.14.0
npm warn node_modules/react
npm warn   peer react@"^15.0.0 || ^16.0.0" from medium-draft@0.5.18
npm warn   node_modules/medium-draft
npm warn     medium-draft@"^0.5.18" from the root project
npm warn ERESOLVE overriding peer dependency
npm warn While resolving: medium-draft@0.5.18
npm warn Found: react-dom@18.3.1
npm warn node_modules/react-dom
npm warn   peer react-dom@"^0.14.0 || ^15.0.0-rc || ^16.0.0-rc || ^16.0.0" from draft-js@0.10.5
npm warn   node_modules/medium-draft/node_modules/draft-js
npm warn     draft-js@"^0.10.0" from medium-draft@0.5.18
npm warn     node_modules/medium-draft
npm warn
npm warn Could not resolve dependency:
npm warn peer react-dom@"^15.0.0 || ^16.0.0" from medium-draft@0.5.18
npm warn node_modules/medium-draft
npm warn   medium-draft@"^0.5.18" from the root project
npm warn
npm warn Conflicting peer dependency: react-dom@16.14.0
npm warn node_modules/react-dom
npm warn   peer react-dom@"^15.0.0 || ^16.0.0" from medium-draft@0.5.18
npm warn   node_modules/medium-draft
npm warn     medium-draft@"^0.5.18" from the root project
npm http fetch GET 200 https://registry.vlt.io/vlt-benchmarks/npm/fbjs 22ms (cache revalidated)
npm http fetch GET 200 https://registry.vlt.io/vlt-benchmarks/npm/react-dom 25ms (cache revalidated)
npm http fetch GET 200 https://registry.vlt.io/vlt-benchmarks/npm/react 50ms (cache revalidated)
npm http fetch GET 200 https://registry.vlt.io/vlt-benchmarks/npm/dom-helpers 66ms (cache revalidated)
npm http fetch GET 200 https://registry.vlt.io/vlt-benchmarks/npm/is-descriptor 16ms (cache miss)
npm http fetch GET 200 https://registry.vlt.io/vlt-benchmarks/npm/assign-symbols 17ms (cache miss)
npm http fetch GET 200 https://registry.vlt.io/vlt-benchmarks/npm/is-extendable 20ms (cache revalidated)
npm http fetch GET 200 https://registry.vlt.io/vlt-benchmarks/npm/expand-brackets 17ms (cache miss)
npm http fetch GET 200 https://registry.vlt.io/vlt-benchmarks/npm/is-windows 17ms (cache miss)
npm http fetch GET 200 https://registry.vlt.io/vlt-benchmarks/npm/is-data-descriptor 17ms (cache miss)
npm http fetch GET 200 https://registry.vlt.io/vlt-benchmarks/npm/is-accessor-descriptor 17ms (cache miss)
npm http fetch GET 200 https://registry.vlt.io/vlt-benchmarks/npm/posix-character-classes 15ms (cache miss)
npm http fetch GET 200 https://registry.vlt.io/vlt-benchmarks/npm/is-descriptor 16ms (cache revalidated)
npm http fetch GET 200 https://registry.vlt.io/vlt-benchmarks/npm/concat-map 16ms (cache miss)
npm http fetch GET 200 https://registry.vlt.io/vlt-benchmarks/npm/balanced-match 16ms (cache revalidated)
npm http fetch GET 200 https://registry.vlt.io/vlt-benchmarks/npm/mobx 26ms (cache revalidated)
npm http fetch GET 200 https://registry.vlt.io/vlt-benchmarks/npm/react 18ms (cache revalidated)
npm http fetch GET 200 https://registry.vlt.io/vlt-benchmarks/npm/use-sync-external-store 23ms (cache miss)
npm http fetch GET 200 https://registry.vlt.io/vlt-benchmarks/npm/d 16ms (cache miss)
npm http fetch GET 200 https://registry.vlt.io/vlt-benchmarks/npm/ext 17ms (cache miss)
npm http fetch GET 200 https://registry.vlt.io/vlt-benchmarks/npm/type 17ms (cache miss)
npm http fetch GET 200 https://registry.vlt.io/vlt-benchmarks/npm/es5-ext 18ms (cache miss)
npm http fetch GET 200 https://registry.vlt.io/vlt-benchmarks/npm/type 19ms (cache miss)
npm http fetch GET 200 https://registry.vlt.io/vlt-benchmarks/npm/next-tick 17ms (cache miss)
npm http fetch GET 200 https://registry.vlt.io/vlt-benchmarks/npm/esniff 18ms (cache miss)
npm http fetch GET 200 https://registry.vlt.io/vlt-benchmarks/npm/es6-iterator 18ms (cache miss)
npm http fetch GET 200 https://registry.vlt.io/vlt-benchmarks/npm/event-emitter 16ms (cache miss)
npm http fetch GET 200 https://registry.vlt.io/vlt-benchmarks/npm/webidl-conversions 16ms (cache miss)
npm http fetch GET 200 https://registry.vlt.io/vlt-benchmarks/npm/tr46 17ms (cache miss)
npm http fetch GET 200 https://registry.vlt.io/vlt-benchmarks/npm/for-in 14ms (cache miss)
npm http fetch GET 200 https://registry.vlt.io/vlt-benchmarks/npm/yocto-queue 15ms (cache miss)
npm http fetch GET 200 https://registry.vlt.io/vlt-benchmarks/npm/is-relative 16ms (cache miss)
npm http fetch GET 200 https://registry.vlt.io/vlt-benchmarks/npm/path-root-regex 17ms (cache miss)
npm http fetch GET 200 https://registry.vlt.io/vlt-benchmarks/npm/is-unc-path 16ms (cache miss)
npm http fetch GET 200 https://registry.vlt.io/vlt-benchmarks/npm/unc-path-regex 15ms (cache miss)
npm http fetch GET 200 https://registry.vlt.io/vlt-benchmarks/npm/locate-path 15ms (cache revalidated)
npm http fetch GET 200 https://registry.vlt.io/vlt-benchmarks/npm/path-exists 25ms (cache revalidated)
npm http fetch GET 200 https://registry.vlt.io/vlt-benchmarks/npm/cssesc 15ms (cache miss)
npm http fetch GET 200 https://registry.vlt.io/vlt-benchmarks/npm/lodash.uniq 15ms (cache miss)
npm http fetch GET 200 https://registry.vlt.io/vlt-benchmarks/npm/lodash.memoize 16ms (cache miss)
npm http fetch GET 200 https://registry.vlt.io/vlt-benchmarks/npm/csso 17ms (cache miss)
npm http fetch GET 200 https://registry.vlt.io/vlt-benchmarks/npm/css-what 19ms (cache miss)
npm http fetch GET 200 https://registry.vlt.io/vlt-benchmarks/npm/css-select 15ms (cache miss)
npm http fetch GET 200 https://registry.vlt.io/vlt-benchmarks/npm/css-tree 199ms (cache revalidated)
npm http fetch GET 200 https://registry.vlt.io/vlt-benchmarks/npm/ajv-keywords 18ms (cache revalidated)
npm http fetch GET 200 https://registry.vlt.io/vlt-benchmarks/npm/big.js 19ms (cache revalidated)
npm http fetch GET 200 https://registry.vlt.io/vlt-benchmarks/npm/emojis-list 20ms (cache revalidated)
npm http fetch GET 200 https://registry.vlt.io/vlt-benchmarks/npm/@types%2fjson-schema 16ms (cache revalidated)
npm http fetch GET 200 https://registry.vlt.io/vlt-benchmarks/npm/react 18ms (cache revalidated)
npm http fetch GET 200 https://registry.vlt.io/vlt-benchmarks/npm/react-dom 20ms (cache revalidated)
npm http fetch GET 200 https://registry.vlt.io/vlt-benchmarks/npm/react-is 17ms (cache revalidated)
npm http fetch GET 200 https://registry.vlt.io/vlt-benchmarks/npm/lodash.clonedeep 15ms (cache miss)
npm http fetch GET 200 https://registry.vlt.io/vlt-benchmarks/npm/react 17ms (cache revalidated)
npm warn ERESOLVE overriding peer dependency
npm warn While resolving: react-addons-css-transition-group@15.6.2
npm warn Found: react@18.3.1
npm warn node_modules/react
npm warn   peer react@"^0.14.0 || ^15.0.0-rc || ^16.0.0-rc || ^16.0.0" from draft-js@0.10.5
npm warn   node_modules/medium-draft/node_modules/draft-js
npm warn     draft-js@"^0.10.0" from medium-draft@0.5.18
npm warn     node_modules/medium-draft
npm warn
npm warn Could not resolve dependency:
npm warn peer react@"^15.4.2" from react-addons-css-transition-group@15.6.2
npm warn node_modules/react-addons-css-transition-group
npm warn   react-addons-css-transition-group@"^15.6.2" from the root project
npm warn
npm warn Conflicting peer dependency: react@15.7.0
npm warn node_modules/react
npm warn   peer react@"^15.4.2" from react-addons-css-transition-group@15.6.2
npm warn   node_modules/react-addons-css-transition-group
npm warn     react-addons-css-transition-group@"^15.6.2" from the root project
npm warn ERESOLVE overriding peer dependency
npm http fetch GET 200 https://registry.vlt.io/vlt-benchmarks/npm/warning 16ms (cache miss)
npm http fetch GET 200 https://registry.vlt.io/vlt-benchmarks/npm/chain-function 26ms (cache miss)
npm http fetch GET 200 https://registry.vlt.io/vlt-benchmarks/npm/@react-dnd%2fasap 17ms (cache miss)
npm http fetch GET 200 https://registry.vlt.io/vlt-benchmarks/npm/redux 18ms (cache miss)
npm http fetch GET 200 https://registry.vlt.io/vlt-benchmarks/npm/react 18ms (cache revalidated)
npm http fetch GET 200 https://registry.vlt.io/vlt-benchmarks/npm/react-dom 19ms (cache revalidated)
npm http fetch GET 200 https://registry.vlt.io/vlt-benchmarks/npm/uc.micro 16ms (cache miss)
npm http fetch GET 200 https://registry.vlt.io/vlt-benchmarks/npm/tslib 15ms (cache miss)
npm http fetch GET 200 https://registry.vlt.io/vlt-benchmarks/npm/react 18ms (cache revalidated)
npm http fetch GET 200 https://registry.vlt.io/vlt-benchmarks/npm/react-dom 20ms (cache revalidated)
npm warn ERESOLVE overriding peer dependency
npm warn While resolving: react-highcharts@16.1.0
npm warn Found: react@18.3.1
npm warn node_modules/react
npm warn   peer react@"^0.14.0 || ^15.0.0-rc || ^16.0.0-rc || ^16.0.0" from draft-js@0.10.5
npm warn   node_modules/medium-draft/node_modules/draft-js
npm warn     draft-js@"^0.10.0" from medium-draft@0.5.18
npm warn     node_modules/medium-draft
npm warn
npm warn Could not resolve dependency:
npm warn peer react@"~0.14 || ^15.0.0 || ^16.0.0" from react-highcharts@16.1.0
npm warn node_modules/react-highcharts
npm warn   react-highcharts@"^16.1.0" from the root project
npm warn
npm warn Conflicting peer dependency: react@16.14.0
npm warn node_modules/react
npm warn   peer react@"~0.14 || ^15.0.0 || ^16.0.0" from react-highcharts@16.1.0
npm warn   node_modules/react-highcharts
npm warn     react-highcharts@"^16.1.0" from the root project
npm warn ERESOLVE overriding peer dependency
npm warn While resolving: react-highcharts@16.1.0
npm warn Found: react-dom@18.3.1
npm warn node_modules/react-dom
npm warn   peer react-dom@"^0.14.0 || ^15.0.0-rc || ^16.0.0-rc || ^16.0.0" from draft-js@0.10.5
npm warn   node_modules/medium-draft/node_modules/draft-js
npm warn     draft-js@"^0.10.0" from medium-draft@0.5.18
npm warn     node_modules/medium-draft
npm warn
npm warn Could not resolve dependency:
npm warn peer react-dom@"~0.14 || ^15.0.0 || ^16.0.0" from react-highcharts@16.1.0
npm warn node_modules/react-highcharts
npm warn   react-highcharts@"^16.1.0" from the root project
npm warn
npm warn Conflicting peer dependency: react-dom@16.14.0
npm warn node_modules/react-dom
npm warn   peer react-dom@"~0.14 || ^15.0.0 || ^16.0.0" from react-highcharts@16.1.0
npm warn   node_modules/react-highcharts
npm warn     react-highcharts@"^16.1.0" from the root project
npm warn ERESOLVE overriding peer dependency
npm warn While resolving: react-hot-loader@4.13.1
npm warn Found: react@18.3.1
npm warn node_modules/react
npm warn   peer react@"^0.14.0 || ^15.0.0-rc || ^16.0.0-rc || ^16.0.0" from draft-js@0.10.5
npm warn   node_modules/medium-draft/node_modules/draft-js
npm warn     draft-js@"^0.10.0" from medium-draft@0.5.18
npm warn     node_modules/medium-draft
npm warn
npm warn Could not resolve dependency:
npm warn peer react@"^15.0.0 || ^16.0.0 || ^17.0.0" from react-hot-loader@4.13.1
npm warn node_modules/react-hot-loader
npm warn   react-hot-loader@"4.13.1" from the root project
npm warn
npm warn Conflicting peer dependency: react@17.0.2
npm warn node_modules/react
npm warn   peer react@"^15.0.0 || ^16.0.0 || ^17.0.0" from react-hot-loader@4.13.1
npm warn   node_modules/react-hot-loader
npm warn     react-hot-loader@"4.13.1" from the root project
npm warn ERESOLVE overriding peer dependency
npm warn While resolving: react-hot-loader@4.13.1
npm warn Found: react-dom@18.3.1
npm warn node_modules/react-dom
npm warn   peer react-dom@"^0.14.0 || ^15.0.0-rc || ^16.0.0-rc || ^16.0.0" from draft-js@0.10.5
npm warn   node_modules/medium-draft/node_modules/draft-js
npm warn     draft-js@"^0.10.0" from medium-draft@0.5.18
npm warn     node_modules/medium-draft
npm warn
npm warn Could not resolve dependency:
npm warn peer react-dom@"^15.0.0 || ^16.0.0 || ^17.0.0" from react-hot-loader@4.13.1
npm warn node_modules/react-hot-loader
npm warn   react-hot-loader@"4.13.1" from the root project
npm warn
npm warn Conflicting peer dependency: react-dom@17.0.2
npm warn node_modules/react-dom
npm warn   peer react-dom@"^15.0.0 || ^16.0.0 || ^17.0.0" from react-hot-loader@4.13.1
npm warn   node_modules/react-hot-loader
npm warn     react-hot-loader@"4.13.1" from the root project
npm http fetch GET 200 https://registry.vlt.io/vlt-benchmarks/npm/process 17ms (cache miss)
npm http fetch GET 200 https://registry.vlt.io/vlt-benchmarks/npm/min-document 18ms (cache miss)
npm http fetch GET 200 https://registry.vlt.io/vlt-benchmarks/npm/dom-walk 15ms (cache miss)
npm http fetch GET 200 https://registry.vlt.io/vlt-benchmarks/npm/moment 17ms (cache revalidated)
npm warn ERESOLVE overriding peer dependency
npm warn While resolving: react-input-calendar@0.5.4
npm warn Found: moment-range@4.0.2
npm warn node_modules/moment-range
npm warn   moment-range@"^4.0.2" from the root project
npm warn
npm warn Could not resolve dependency:
npm warn peer moment-range@"^2.1.0" from react-input-calendar@0.5.4
npm warn node_modules/react-input-calendar
npm warn   react-input-calendar@"^0.5.4" from the root project
npm warn
npm warn Conflicting peer dependency: moment-range@2.2.0
npm warn node_modules/moment-range
npm warn   peer moment-range@"^2.1.0" from react-input-calendar@0.5.4
npm warn   node_modules/react-input-calendar
npm warn     react-input-calendar@"^0.5.4" from the root project
npm warn ERESOLVE overriding peer dependency
npm warn While resolving: react-input-calendar@0.5.4
npm warn Found: react@18.3.1
npm warn node_modules/react
npm warn   peer react@"^0.14.0 || ^15.0.0-rc || ^16.0.0-rc || ^16.0.0" from draft-js@0.10.5
npm warn   node_modules/medium-draft/node_modules/draft-js
npm warn     draft-js@"^0.10.0" from medium-draft@0.5.18
npm warn     node_modules/medium-draft
npm warn
npm warn Could not resolve dependency:
npm warn peer react@"^0.14.7 || ^15.0.0 || ^16.0.0" from react-input-calendar@0.5.4
npm warn node_modules/react-input-calendar
npm warn   react-input-calendar@"^0.5.4" from the root project
npm warn
npm warn Conflicting peer dependency: react@16.14.0
npm warn node_modules/react
npm warn   peer react@"^0.14.7 || ^15.0.0 || ^16.0.0" from react-input-calendar@0.5.4
npm warn   node_modules/react-input-calendar
npm warn     react-input-calendar@"^0.5.4" from the root project
npm http fetch GET 200 https://registry.vlt.io/vlt-benchmarks/npm/css-mediaquery 16ms (cache miss)
npm warn ERESOLVE overriding peer dependency
npm warn While resolving: react-responsive-tabs@4.4.3
npm warn Found: react@18.3.1
npm warn node_modules/react
npm warn   peer react@"^0.14.0 || ^15.0.0-rc || ^16.0.0-rc || ^16.0.0" from draft-js@0.10.5
npm warn   node_modules/medium-draft/node_modules/draft-js
npm warn     draft-js@"^0.10.0" from medium-draft@0.5.18
npm warn     node_modules/medium-draft
npm warn
npm warn Could not resolve dependency:
npm warn peer react@"^15.1.0 || ^16.0.0 || ^17.0.0" from react-responsive-tabs@4.4.3
npm warn node_modules/react-responsive-tabs
npm warn   react-responsive-tabs@"^4.4.3" from the root project
npm warn
npm warn Conflicting peer dependency: react@17.0.2
npm warn node_modules/react
npm warn   peer react@"^15.1.0 || ^16.0.0 || ^17.0.0" from react-responsive-tabs@4.4.3
npm warn   node_modules/react-responsive-tabs
npm warn     react-responsive-tabs@"^4.4.3" from the root project
npm warn ERESOLVE overriding peer dependency
npm warn While resolving: react-responsive-tabs@4.4.3
npm warn Found: react-dom@18.3.1
npm warn node_modules/react-dom
npm warn   peer react-dom@"^0.14.0 || ^15.0.0-rc || ^16.0.0-rc || ^16.0.0" from draft-js@0.10.5
npm warn   node_modules/medium-draft/node_modules/draft-js
npm warn     draft-js@"^0.10.0" from medium-draft@0.5.18
npm warn     node_modules/medium-draft
npm warn
npm warn Could not resolve dependency:
npm warn peer react-dom@"^15.1.0 || ^16.0.0 || ^17.0.0" from react-responsive-tabs@4.4.3
npm warn node_modules/react-responsive-tabs
npm warn   react-responsive-tabs@"^4.4.3" from the root project
npm warn
npm warn Conflicting peer dependency: react-dom@17.0.2
npm warn node_modules/react-dom
npm warn   peer react-dom@"^15.1.0 || ^16.0.0 || ^17.0.0" from react-responsive-tabs@4.4.3
npm warn   node_modules/react-responsive-tabs
npm warn     react-responsive-tabs@"^4.4.3" from the root project
npm warn ERESOLVE overriding peer dependency
npm warn ERESOLVE overriding peer dependency
npm http fetch GET 200 https://registry.vlt.io/vlt-benchmarks/npm/@types%2fresize-observer-browser 16ms (cache miss)
npm http fetch GET 200 https://registry.vlt.io/vlt-benchmarks/npm/react 21ms (cache revalidated)
npm http fetch GET 200 https://registry.vlt.io/vlt-benchmarks/npm/react-dom 51ms (cache revalidated)
npm warn ERESOLVE overriding peer dependency
npm warn While resolving: react-select-plus@1.0.0-rc.3.patch12
npm warn Found: react@18.3.1
npm warn node_modules/react
npm warn   peer react@"^0.14.0 || ^15.0.0-rc || ^16.0.0-rc || ^16.0.0" from draft-js@0.10.5
npm warn   node_modules/medium-draft/node_modules/draft-js
npm warn     draft-js@"^0.10.0" from medium-draft@0.5.18
npm warn     node_modules/medium-draft
npm warn
npm warn Could not resolve dependency:
npm warn peer react@"^0.14 || ^15.0.0-rc || ^15.0" from react-select-plus@1.0.0-rc.3.patch12
npm warn node_modules/react-select-plus
npm warn   react-select-plus@"1.0.0-rc.3.patch12" from the root project
npm warn
npm warn Conflicting peer dependency: react@15.7.0
npm warn node_modules/react
npm warn   peer react@"^0.14 || ^15.0.0-rc || ^15.0" from react-select-plus@1.0.0-rc.3.patch12
npm warn   node_modules/react-select-plus
npm warn     react-select-plus@"1.0.0-rc.3.patch12" from the root project
npm warn ERESOLVE overriding peer dependency
npm warn While resolving: react-select-plus@1.0.0-rc.3.patch12
npm warn Found: react-dom@18.3.1
npm warn node_modules/react-dom
npm warn   peer react-dom@"^0.14.0 || ^15.0.0-rc || ^16.0.0-rc || ^16.0.0" from draft-js@0.10.5
npm warn   node_modules/medium-draft/node_modules/draft-js
npm warn     draft-js@"^0.10.0" from medium-draft@0.5.18
npm warn     node_modules/medium-draft
npm warn
npm warn Could not resolve dependency:
npm warn peer react-dom@"^0.14 || ^15.0.0-rc || ^15.0" from react-select-plus@1.0.0-rc.3.patch12
npm warn node_modules/react-select-plus
npm warn   react-select-plus@"1.0.0-rc.3.patch12" from the root project
npm warn
npm warn Conflicting peer dependency: react-dom@15.7.0
npm warn node_modules/react-dom
npm warn   peer react-dom@"^0.14 || ^15.0.0-rc || ^15.0" from react-select-plus@1.0.0-rc.3.patch12
npm warn   node_modules/react-select-plus
npm warn     react-select-plus@"1.0.0-rc.3.patch12" from the root project
npm warn ERESOLVE overriding peer dependency
npm warn ERESOLVE overriding peer dependency
npm warn While resolving: react-skylight@0.5.1
npm warn Found: react@18.3.1
npm warn node_modules/react
npm warn   peer react@"^0.14.0 || ^15.0.0-rc || ^16.0.0-rc || ^16.0.0" from draft-js@0.10.5
npm warn   node_modules/medium-draft/node_modules/draft-js
npm warn     draft-js@"^0.10.0" from medium-draft@0.5.18
npm warn     node_modules/medium-draft
npm warn
npm warn Could not resolve dependency:
npm warn peer react@"^0.14.0 || ^15.0.1 || ^16.3.0" from react-skylight@0.5.1
npm warn node_modules/react-skylight
npm warn   react-skylight@"^0.5.1" from the root project
npm warn
npm warn Conflicting peer dependency: react@16.14.0
npm warn node_modules/react
npm warn   peer react@"^0.14.0 || ^15.0.1 || ^16.3.0" from react-skylight@0.5.1
npm warn   node_modules/react-skylight
npm warn     react-skylight@"^0.5.1" from the root project
npm warn ERESOLVE overriding peer dependency
npm warn While resolving: react-tappable@1.0.4
npm warn Found: react@18.3.1
npm warn node_modules/react
npm warn   peer react@"^0.14.0 || ^15.0.0-rc || ^16.0.0-rc || ^16.0.0" from draft-js@0.10.5
npm warn   node_modules/medium-draft/node_modules/draft-js
npm warn     draft-js@"^0.10.0" from medium-draft@0.5.18
npm warn     node_modules/medium-draft
npm warn
npm warn Could not resolve dependency:
npm warn peer react@"^0.14 || ^15.0.0-rc || ^15.0.0 || ^16.0.0" from react-tappable@1.0.4
npm warn node_modules/react-tappable
npm warn   react-tappable@"^1.0.4" from the root project
npm warn
npm warn Conflicting peer dependency: react@16.14.0
npm warn node_modules/react
npm warn   peer react@"^0.14 || ^15.0.0-rc || ^15.0.0 || ^16.0.0" from react-tappable@1.0.4
npm warn   node_modules/react-tappable
npm warn     react-tappable@"^1.0.4" from the root project
npm warn ERESOLVE overriding peer dependency
npm warn While resolving: react-tappable@1.0.4
npm warn Found: react-dom@18.3.1
npm warn node_modules/react-dom
npm warn   peer react-dom@"^0.14.0 || ^15.0.0-rc || ^16.0.0-rc || ^16.0.0" from draft-js@0.10.5
npm warn   node_modules/medium-draft/node_modules/draft-js
npm warn     draft-js@"^0.10.0" from medium-draft@0.5.18
npm warn     node_modules/medium-draft
npm warn
npm warn Could not resolve dependency:
npm warn peer react-dom@"^0.14 || ^15.0.0-rc || ^15.0.0 || ^16.0.0" from react-tappable@1.0.4
npm warn node_modules/react-tappable
npm warn   react-tappable@"^1.0.4" from the root project
npm warn
npm warn Conflicting peer dependency: react-dom@16.14.0
npm warn node_modules/react-dom
npm warn   peer react-dom@"^0.14 || ^15.0.0-rc || ^15.0.0 || ^16.0.0" from react-tappable@1.0.4
npm warn   node_modules/react-tappable
npm warn     react-tappable@"^1.0.4" from the root project
npm http fetch GET 200 https://registry.vlt.io/vlt-benchmarks/npm/@floating-ui%2futils 16ms (cache miss)
npm http fetch GET 200 https://registry.vlt.io/vlt-benchmarks/npm/@floating-ui%2fcore 17ms (cache miss)
npm http fetch GET 200 https://registry.vlt.io/vlt-benchmarks/npm/react-deep-force-update 15ms (cache miss)
npm http fetch GET 200 https://registry.vlt.io/vlt-benchmarks/npm/csstype 16ms (cache miss)
npm http fetch GET 200 https://registry.vlt.io/vlt-benchmarks/npm/ret 14ms (cache miss)
npm http fetch GET 200 https://registry.vlt.io/vlt-benchmarks/npm/global-prefix 15ms (cache miss)
npm http fetch GET 200 https://registry.vlt.io/vlt-benchmarks/npm/ini 15ms (cache miss)
npm http fetch GET 200 https://registry.vlt.io/vlt-benchmarks/npm/which 17ms (cache revalidated)
npm http fetch GET 200 https://registry.vlt.io/vlt-benchmarks/npm/json-schema-traverse 17ms (cache revalidated)
npm http fetch GET 200 https://registry.vlt.io/vlt-benchmarks/npm/fast-uri 19ms (cache miss)
npm http fetch GET 200 https://registry.vlt.io/vlt-benchmarks/npm/require-from-string 20ms (cache miss)
npm http fetch GET 200 https://registry.vlt.io/vlt-benchmarks/npm/component-emitter 17ms (cache revalidated)
npm http fetch GET 200 https://registry.vlt.io/vlt-benchmarks/npm/cache-base 19ms (cache miss)
npm http fetch GET 200 https://registry.vlt.io/vlt-benchmarks/npm/class-utils 21ms (cache miss)
npm http fetch GET 200 https://registry.vlt.io/vlt-benchmarks/npm/mixin-deep 16ms (cache miss)
npm http fetch GET 200 https://registry.vlt.io/vlt-benchmarks/npm/pascalcase 16ms (cache miss)
npm http fetch GET 200 https://registry.vlt.io/vlt-benchmarks/npm/atob 17ms (cache miss)
npm http fetch GET 200 https://registry.vlt.io/vlt-benchmarks/npm/resolve-url 16ms (cache miss)
npm http fetch GET 200 https://registry.vlt.io/vlt-benchmarks/npm/decode-uri-component 18ms (cache miss)
npm http fetch GET 200 https://registry.vlt.io/vlt-benchmarks/npm/source-map-url 17ms (cache miss)
npm http fetch GET 200 https://registry.vlt.io/vlt-benchmarks/npm/urix 18ms (cache miss)
npm http fetch GET 200 https://registry.vlt.io/vlt-benchmarks/npm/collection-visit 16ms (cache miss)
npm http fetch GET 200 https://registry.vlt.io/vlt-benchmarks/npm/has-value 17ms (cache miss)
npm http fetch GET 200 https://registry.vlt.io/vlt-benchmarks/npm/set-value 20ms (cache miss)
npm http fetch GET 200 https://registry.vlt.io/vlt-benchmarks/npm/to-object-path 15ms (cache miss)
npm http fetch GET 200 https://registry.vlt.io/vlt-benchmarks/npm/unset-value 15ms (cache miss)
npm http fetch GET 200 https://registry.vlt.io/vlt-benchmarks/npm/union-value 18ms (cache miss)
npm http fetch GET 200 https://registry.vlt.io/vlt-benchmarks/npm/static-extend 15ms (cache miss)
npm http fetch GET 200 https://registry.vlt.io/vlt-benchmarks/npm/map-visit 17ms (cache miss)
npm http fetch GET 200 https://registry.vlt.io/vlt-benchmarks/npm/has-values 18ms (cache miss)
npm http fetch GET 200 https://registry.vlt.io/vlt-benchmarks/npm/object-visit 19ms (cache miss)
npm http fetch GET 200 https://registry.vlt.io/vlt-benchmarks/npm/has-value 16ms (cache revalidated)
npm http fetch GET 200 https://registry.vlt.io/vlt-benchmarks/npm/object-copy 17ms (cache miss)
npm http fetch GET 200 https://registry.vlt.io/vlt-benchmarks/npm/copy-descriptor 16ms (cache miss)
npm http fetch GET 200 https://registry.vlt.io/vlt-benchmarks/npm/env-paths 18ms (cache miss)
npm http fetch GET 200 https://registry.vlt.io/vlt-benchmarks/npm/mdn-data 19ms (cache miss)
npm http fetch GET 200 https://registry.vlt.io/vlt-benchmarks/npm/parse-json 21ms (cache miss)
npm http fetch GET 200 https://registry.vlt.io/vlt-benchmarks/npm/merge2 14ms (cache miss)
npm http fetch GET 200 https://registry.vlt.io/vlt-benchmarks/npm/flat-cache 16ms (cache revalidated)
npm http fetch GET 200 https://registry.vlt.io/vlt-benchmarks/npm/global-prefix 17ms (cache revalidated)
npm http fetch GET 200 https://registry.vlt.io/vlt-benchmarks/npm/slash 17ms (cache revalidated)
npm http fetch GET 200 https://registry.vlt.io/vlt-benchmarks/npm/merge2 18ms (cache revalidated)
npm http fetch GET 200 https://registry.vlt.io/vlt-benchmarks/npm/dir-glob 17ms (cache miss)
npm http fetch GET 200 https://registry.vlt.io/vlt-benchmarks/npm/array-union 17ms (cache revalidated)
npm http fetch GET 200 https://registry.vlt.io/vlt-benchmarks/npm/has-flag 16ms (cache miss)
npm http fetch GET 200 https://registry.vlt.io/vlt-benchmarks/npm/picomatch 19ms (cache miss)
npm http fetch GET 200 https://registry.vlt.io/vlt-benchmarks/npm/slice-ansi 14ms (cache miss)
npm http fetch GET 200 https://registry.vlt.io/vlt-benchmarks/npm/lodash.truncate 14ms (cache miss)
npm http fetch GET 200 https://registry.vlt.io/vlt-benchmarks/npm/error-ex 16ms (cache miss)
npm http fetch GET 200 https://registry.vlt.io/vlt-benchmarks/npm/lines-and-columns 16ms (cache miss)
npm http fetch GET 200 https://registry.vlt.io/vlt-benchmarks/npm/json-parse-even-better-errors 22ms (cache miss)
npm http fetch GET 200 https://registry.vlt.io/vlt-benchmarks/npm/is-arrayish 14ms (cache miss)
npm http fetch GET 200 https://registry.vlt.io/vlt-benchmarks/npm/combined-stream 17ms (cache miss)
npm http fetch GET 200 https://registry.vlt.io/vlt-benchmarks/npm/asynckit 18ms (cache miss)
npm http fetch GET 200 https://registry.vlt.io/vlt-benchmarks/npm/dezalgo 19ms (cache miss)
npm http fetch GET 200 https://registry.vlt.io/vlt-benchmarks/npm/@paralleldrive%2fcuid2 14ms (cache miss)
npm http fetch GET 200 https://registry.vlt.io/vlt-benchmarks/npm/delayed-stream 15ms (cache miss)
npm http fetch GET 200 https://registry.vlt.io/vlt-benchmarks/npm/@noble%2fhashes 16ms (cache miss)
npm http fetch GET 200 https://registry.vlt.io/vlt-benchmarks/npm/boolbase 18ms (cache miss)
npm http fetch GET 200 https://registry.vlt.io/vlt-benchmarks/npm/nth-check 18ms (cache miss)
npm http fetch GET 200 https://registry.vlt.io/vlt-benchmarks/npm/domutils 19ms (cache miss)
npm http fetch GET 200 https://registry.vlt.io/vlt-benchmarks/npm/domhandler 17ms (cache miss)
npm http fetch GET 200 https://registry.vlt.io/vlt-benchmarks/npm/mdn-data 17ms (cache revalidated)
npm http fetch GET 200 https://registry.vlt.io/vlt-benchmarks/npm/domelementtype 17ms (cache miss)
npm http fetch GET 200 https://registry.vlt.io/vlt-benchmarks/npm/dom-serializer 18ms (cache miss)
npm http fetch GET 200 https://registry.vlt.io/vlt-benchmarks/npm/domelementtype 19ms (cache miss)
npm http fetch GET 200 https://registry.vlt.io/vlt-benchmarks/npm/entities 17ms (cache miss)
npm http fetch GET 200 https://registry.vlt.io/vlt-benchmarks/npm/astral-regex 15ms (cache miss)
npm http fetch GET 200 https://registry.vlt.io/vlt-benchmarks/npm/color-convert 15ms (cache miss)
npm http fetch GET 200 https://registry.vlt.io/vlt-benchmarks/npm/continuable-cache 22ms (cache miss)
npm http fetch GET 200 https://registry.vlt.io/vlt-benchmarks/npm/error 23ms (cache miss)
npm http fetch GET 200 https://registry.vlt.io/vlt-benchmarks/npm/safe-json-parse 23ms (cache miss)
npm http fetch GET 200 https://registry.vlt.io/vlt-benchmarks/npm/websocket-driver 15ms (cache miss)
npm http fetch GET 200 https://registry.vlt.io/vlt-benchmarks/npm/string-template 16ms (cache miss)
npm http fetch GET 200 https://registry.vlt.io/vlt-benchmarks/npm/bytes 20ms (cache revalidated)
npm http fetch GET 200 https://registry.vlt.io/vlt-benchmarks/npm/websocket-extensions 16ms (cache miss)
npm http fetch GET 200 https://registry.vlt.io/vlt-benchmarks/npm/http-parser-js 17ms (cache miss)
npm http fetch GET 200 https://registry.vlt.io/vlt-benchmarks/npm/which-builtin-type 15ms (cache miss)
npm http fetch GET 200 https://registry.vlt.io/vlt-benchmarks/npm/is-async-function 17ms (cache miss)
npm http fetch GET 200 https://registry.vlt.io/vlt-benchmarks/npm/which-collection 18ms (cache miss)
npm http fetch GET 200 https://registry.vlt.io/vlt-benchmarks/npm/is-generator-function 18ms (cache miss)
npm http fetch GET 200 https://registry.vlt.io/vlt-benchmarks/npm/which-boxed-primitive 17ms (cache revalidated)
npm http fetch GET 200 https://registry.vlt.io/vlt-benchmarks/npm/is-finalizationregistry 17ms (cache miss)
npm http fetch GET 200 https://registry.vlt.io/vlt-benchmarks/npm/is-number-object 17ms (cache miss)
npm http fetch GET 200 https://registry.vlt.io/vlt-benchmarks/npm/is-bigint 18ms (cache miss)
npm http fetch GET 200 https://registry.vlt.io/vlt-benchmarks/npm/is-boolean-object 19ms (cache miss)
npm http fetch GET 200 https://registry.vlt.io/vlt-benchmarks/npm/arr-filter 17ms (cache miss)
npm http fetch GET 200 https://registry.vlt.io/vlt-benchmarks/npm/array-last 18ms (cache miss)
npm http fetch GET 200 https://registry.vlt.io/vlt-benchmarks/npm/array-initial 20ms (cache miss)
npm http fetch GET 200 https://registry.vlt.io/vlt-benchmarks/npm/async-settle 15ms (cache miss)
npm http fetch GET 200 https://registry.vlt.io/vlt-benchmarks/npm/default-resolution 16ms (cache miss)
npm http fetch GET 200 https://registry.vlt.io/vlt-benchmarks/npm/now-and-later 18ms (cache miss)
npm http fetch GET 200 https://registry.vlt.io/vlt-benchmarks/npm/is-number 16ms (cache revalidated)
npm http fetch GET 200 https://registry.vlt.io/vlt-benchmarks/npm/is-number 18ms (cache revalidated)
npm http fetch GET 200 https://registry.vlt.io/vlt-benchmarks/npm/has-values 16ms (cache revalidated)
npm http fetch GET 200 https://registry.vlt.io/vlt-benchmarks/npm/unique-stream 16ms (cache miss)
npm http fetch GET 200 https://registry.vlt.io/vlt-benchmarks/npm/to-absolute-glob 17ms (cache miss)
npm http fetch GET 200 https://registry.vlt.io/vlt-benchmarks/npm/ordered-read-streams 20ms (cache miss)
npm http fetch GET 200 https://registry.vlt.io/vlt-benchmarks/npm/flush-write-stream 16ms (cache miss)
npm http fetch GET 200 https://registry.vlt.io/vlt-benchmarks/npm/duplexify 17ms (cache miss)
npm http fetch GET 200 https://registry.vlt.io/vlt-benchmarks/npm/pump 16ms (cache miss)
npm http fetch GET 200 https://registry.vlt.io/vlt-benchmarks/npm/is-utf8 14ms (cache miss)
npm http fetch GET 200 https://registry.vlt.io/vlt-benchmarks/npm/append-buffer 15ms (cache miss)
npm http fetch GET 200 https://registry.vlt.io/vlt-benchmarks/npm/through2-filter 16ms (cache miss)
npm http fetch GET 200 https://registry.vlt.io/vlt-benchmarks/npm/stream-shift 14ms (cache miss)
npm http fetch GET 200 https://registry.vlt.io/vlt-benchmarks/npm/buffer-equal 16ms (cache miss)
npm http fetch GET 200 https://registry.vlt.io/vlt-benchmarks/npm/webpack 19ms (cache revalidated)
npm http fetch GET 200 https://registry.vlt.io/vlt-benchmarks/npm/@webassemblyjs%2fhelper-wasm-bytecode 18ms (cache miss)
npm http fetch GET 200 https://registry.vlt.io/vlt-benchmarks/npm/@webassemblyjs%2fhelper-numbers 19ms (cache miss)
npm http fetch GET 200 https://registry.vlt.io/vlt-benchmarks/npm/@webassemblyjs%2fhelper-buffer 21ms (cache miss)
npm http fetch GET 200 https://registry.vlt.io/vlt-benchmarks/npm/@webassemblyjs%2fwasm-gen 26ms (cache miss)
npm http fetch GET 200 https://registry.vlt.io/vlt-benchmarks/npm/@webassemblyjs%2fhelper-wasm-section 29ms (cache miss)
npm http fetch GET 200 https://registry.vlt.io/vlt-benchmarks/npm/@webassemblyjs%2fwasm-opt 30ms (cache miss)
npm http fetch GET 200 https://registry.vlt.io/vlt-benchmarks/npm/@webassemblyjs%2fwast-printer 14ms (cache miss)
npm http fetch GET 200 https://registry.vlt.io/vlt-benchmarks/npm/@webassemblyjs%2fhelper-api-error 16ms (cache miss)
npm http fetch GET 200 https://registry.vlt.io/vlt-benchmarks/npm/@webassemblyjs%2fwasm-parser 29ms (cache revalidated)
npm http fetch GET 200 https://registry.vlt.io/vlt-benchmarks/npm/@webassemblyjs%2fieee754 14ms (cache miss)
npm http fetch GET 200 https://registry.vlt.io/vlt-benchmarks/npm/@webassemblyjs%2fleb128 15ms (cache miss)
npm http fetch GET 200 https://registry.vlt.io/vlt-benchmarks/npm/@webassemblyjs%2futf8 15ms (cache miss)
npm http fetch GET 200 https://registry.vlt.io/vlt-benchmarks/npm/terser 16ms (cache miss)
npm http fetch GET 200 https://registry.vlt.io/vlt-benchmarks/npm/jest-worker 19ms (cache miss)
npm http fetch GET 200 https://registry.vlt.io/vlt-benchmarks/npm/@webassemblyjs%2ffloating-point-hex-parser 16ms (cache miss)
npm http fetch GET 200 https://registry.vlt.io/vlt-benchmarks/npm/@xtuc%2flong 17ms (cache miss)
npm http fetch GET 200 https://registry.vlt.io/vlt-benchmarks/npm/@xtuc%2fieee754 16ms (cache miss)
npm http fetch GET 200 https://registry.vlt.io/vlt-benchmarks/npm/source-map-support 17ms (cache revalidated)
npm http fetch GET 200 https://registry.vlt.io/vlt-benchmarks/npm/merge-stream 18ms (cache miss)
npm http fetch GET 200 https://registry.vlt.io/vlt-benchmarks/npm/@jridgewell%2fsource-map 18ms (cache miss)
npm http fetch GET 200 https://registry.vlt.io/vlt-benchmarks/npm/duplexer 16ms (cache miss)
npm http fetch GET 200 https://registry.vlt.io/vlt-benchmarks/npm/totalist 18ms (cache miss)
npm http fetch GET 200 https://registry.vlt.io/vlt-benchmarks/npm/mrmime 18ms (cache miss)
npm http fetch GET 200 https://registry.vlt.io/vlt-benchmarks/npm/@polka%2furl 15ms (cache miss)
npm http fetch GET 200 https://registry.vlt.io/vlt-benchmarks/npm/is-wsl 16ms (cache miss)
npm http fetch GET 200 https://registry.vlt.io/vlt-benchmarks/npm/growly 17ms (cache miss)
npm http fetch GET 200 https://registry.vlt.io/vlt-benchmarks/npm/uuid 19ms (cache revalidated)
npm http fetch GET 200 https://registry.vlt.io/vlt-benchmarks/npm/shellwords 15ms (cache miss)
npm http fetch GET 200 https://registry.vlt.io/vlt-benchmarks/npm/is-docker 15ms (cache miss)
npm http fetch GET 200 https://registry.vlt.io/vlt-benchmarks/npm/generator-function 17ms (cache miss)
npm http fetch GET 200 https://registry.vlt.io/vlt-benchmarks/npm/async-function 18ms (cache miss)
npm http fetch GET 200 https://registry.vlt.io/vlt-benchmarks/npm/is-map 19ms (cache miss)
npm http fetch GET 200 https://registry.vlt.io/vlt-benchmarks/npm/is-weakmap 17ms (cache miss)
npm http fetch GET 200 https://registry.vlt.io/vlt-benchmarks/npm/is-weakset 16ms (cache miss)
npm http fetch GET 200 https://registry.vlt.io/vlt-benchmarks/npm/lcid 16ms (cache miss)
npm http fetch GET 200 https://registry.vlt.io/vlt-benchmarks/npm/read-pkg 17ms (cache miss)
npm http fetch GET 200 https://registry.vlt.io/vlt-benchmarks/npm/wrap-ansi 21ms (cache revalidated)
npm http fetch GET 200 https://registry.vlt.io/vlt-benchmarks/npm/code-point-at 15ms (cache miss)
npm http fetch GET 200 https://registry.vlt.io/vlt-benchmarks/npm/is-fullwidth-code-point 16ms (cache revalidated)
npm http fetch GET 200 https://registry.vlt.io/vlt-benchmarks/npm/invert-kv 15ms (cache miss)
npm http fetch GET 200 https://registry.vlt.io/vlt-benchmarks/npm/path-type 17ms (cache miss)
npm http fetch GET 200 https://registry.vlt.io/vlt-benchmarks/npm/load-json-file 19ms (cache miss)
npm http fetch GET 200 https://registry.vlt.io/vlt-benchmarks/npm/normalize-package-data 18ms (cache miss)
npm http fetch GET 200 https://registry.vlt.io/vlt-benchmarks/npm/parse-json 17ms (cache revalidated)
npm http fetch GET 200 https://registry.vlt.io/vlt-benchmarks/npm/hosted-git-info 16ms (cache miss)
npm http fetch GET 200 https://registry.vlt.io/vlt-benchmarks/npm/strip-bom 21ms (cache revalidated)
npm http fetch GET 200 https://registry.vlt.io/vlt-benchmarks/npm/validate-npm-package-license 16ms (cache miss)
npm http fetch GET 200 https://registry.vlt.io/vlt-benchmarks/npm/spdx-correct 16ms (cache miss)
npm http fetch GET 200 https://registry.vlt.io/vlt-benchmarks/npm/spdx-expression-parse 16ms (cache miss)
npm http fetch GET 200 https://registry.vlt.io/vlt-benchmarks/npm/spdx-exceptions 18ms (cache miss)
npm http fetch GET 200 https://registry.vlt.io/vlt-benchmarks/npm/spdx-license-ids 19ms (cache miss)
npm http fetch GET 200 https://registry.vlt.io/vlt-benchmarks/npm/spdx-license-ids 22ms (cache miss)
npm http fetch GET 200 https://registry.vlt.io/vlt-benchmarks/npm/stackframe 15ms (cache miss)
npm http fetch GET 200 https://registry.vlt.io/vlt-benchmarks/npm/number-is-nan 16ms (cache miss)
npm http fetch GET 200 https://registry.vlt.io/vlt-benchmarks/npm/color-name 15ms (cache miss)
npm http fetch GET 200 https://registry.vlt.io/vlt-benchmarks/npm/fill-range 15ms (cache revalidated)
npm http fetch GET 200 https://registry.vlt.io/vlt-benchmarks/npm/to-regex-range 17ms (cache revalidated)
npm http fetch GET 200 https://registry.vlt.io/vlt-benchmarks/npm/normalize-range 18ms (cache miss)
npm http fetch GET 200 https://registry.vlt.io/vlt-benchmarks/npm/num2fraction 19ms (cache miss)
npm http fetch GET 200 https://registry.vlt.io/vlt-benchmarks/npm/caniuse-db 26ms (cache miss)
npm http fetch GET 200 https://registry.vlt.io/vlt-benchmarks/npm/reduce-css-calc 20ms (cache miss)
npm http fetch GET 200 https://registry.vlt.io/vlt-benchmarks/npm/js-base64 24ms (cache miss)
npm http fetch GET 200 https://registry.vlt.io/vlt-benchmarks/npm/postcss-message-helpers 18ms (cache miss)
npm http fetch GET 200 https://registry.vlt.io/vlt-benchmarks/npm/colormin 17ms (cache miss)
npm http fetch GET 200 https://registry.vlt.io/vlt-benchmarks/npm/uniqs 16ms (cache miss)
npm http fetch GET 200 https://registry.vlt.io/vlt-benchmarks/npm/vendors 17ms (cache miss)
npm http fetch GET 200 https://registry.vlt.io/vlt-benchmarks/npm/caniuse-api 19ms (cache revalidated)
npm http fetch GET 200 https://registry.vlt.io/vlt-benchmarks/npm/alphanum-sort 17ms (cache miss)
npm http fetch GET 200 https://registry.vlt.io/vlt-benchmarks/npm/alphanum-sort 16ms (cache miss)
npm http fetch GET 200 https://registry.vlt.io/vlt-benchmarks/npm/normalize-url 15ms (cache miss)
npm http fetch GET 200 https://registry.vlt.io/vlt-benchmarks/npm/is-absolute-url 17ms (cache miss)
npm http fetch GET 200 https://registry.vlt.io/vlt-benchmarks/npm/svgo 17ms (cache revalidated)
npm http fetch GET 200 https://registry.vlt.io/vlt-benchmarks/npm/is-svg 16ms (cache miss)
npm http fetch GET 200 https://registry.vlt.io/vlt-benchmarks/npm/caniuse-db 17ms (cache revalidated)
npm http fetch GET 200 https://registry.vlt.io/vlt-benchmarks/npm/has-flag 14ms (cache revalidated)
npm http fetch GET 200 https://registry.vlt.io/vlt-benchmarks/npm/reduce-function-call 17ms (cache miss)
npm http fetch GET 200 https://registry.vlt.io/vlt-benchmarks/npm/math-expression-evaluator 17ms (cache miss)
npm http fetch GET 200 https://registry.vlt.io/vlt-benchmarks/npm/css-color-names 15ms (cache miss)
npm http fetch GET 200 https://registry.vlt.io/vlt-benchmarks/npm/color 16ms (cache miss)
npm http fetch GET 200 https://registry.vlt.io/vlt-benchmarks/npm/color-convert 15ms (cache revalidated)
npm http fetch GET 200 https://registry.vlt.io/vlt-benchmarks/npm/color-string 16ms (cache miss)
npm http fetch GET 200 https://registry.vlt.io/vlt-benchmarks/npm/color-name 18ms (cache revalidated)
npm http fetch GET 200 https://registry.vlt.io/vlt-benchmarks/npm/indexes-of 17ms (cache miss)
npm http fetch GET 200 https://registry.vlt.io/vlt-benchmarks/npm/flatten 17ms (cache miss)
npm http fetch GET 200 https://registry.vlt.io/vlt-benchmarks/npm/uniq 19ms (cache miss)
npm http fetch GET 200 https://registry.vlt.io/vlt-benchmarks/npm/prepend-http 17ms (cache miss)
npm http fetch GET 200 https://registry.vlt.io/vlt-benchmarks/npm/sort-keys 17ms (cache miss)
npm http fetch GET 200 https://registry.vlt.io/vlt-benchmarks/npm/query-string 18ms (cache miss)
npm http fetch GET 200 https://registry.vlt.io/vlt-benchmarks/npm/is-plain-obj 16ms (cache miss)
npm http fetch GET 200 https://registry.vlt.io/vlt-benchmarks/npm/strict-uri-encode 16ms (cache miss)
npm http fetch GET 200 https://registry.vlt.io/vlt-benchmarks/npm/sax 16ms (cache revalidated)
npm http fetch GET 200 https://registry.vlt.io/vlt-benchmarks/npm/coa 18ms (cache miss)
npm http fetch GET 200 https://registry.vlt.io/vlt-benchmarks/npm/html-comment-regex 19ms (cache miss)
npm http fetch GET 200 https://registry.vlt.io/vlt-benchmarks/npm/colors 14ms (cache miss)
npm http fetch GET 200 https://registry.vlt.io/vlt-benchmarks/npm/js-yaml 17ms (cache revalidated)
npm http fetch GET 200 https://registry.vlt.io/vlt-benchmarks/npm/csso 21ms (cache revalidated)
npm http fetch GET 200 https://registry.vlt.io/vlt-benchmarks/npm/whet.extend 16ms (cache miss)
npm http fetch GET 200 https://registry.vlt.io/vlt-benchmarks/npm/clap 17ms (cache miss)
npm http fetch GET 200 https://registry.vlt.io/vlt-benchmarks/npm/esprima 18ms (cache miss)
npm http fetch GET 200 https://registry.vlt.io/vlt-benchmarks/npm/q 20ms (cache miss)
npm http fetch GET 200 https://registry.vlt.io/vlt-benchmarks/npm/argparse 18ms (cache revalidated)
npm http fetch GET 200 https://registry.vlt.io/vlt-benchmarks/npm/sprintf-js 20ms (cache miss)
npm http fetch GET 200 https://registry.vlt.io/vlt-benchmarks/npm/object-keys 14ms (cache revalidated)
npm http fetch GET 200 https://registry.vlt.io/vlt-benchmarks/npm/isomorphic-fetch 16ms (cache miss)
npm http fetch GET 200 https://registry.vlt.io/vlt-benchmarks/npm/node-fetch 15ms (cache revalidated)
npm http fetch GET 200 https://registry.vlt.io/vlt-benchmarks/npm/is-stream 16ms (cache miss)
npm http fetch GET 200 https://registry.vlt.io/vlt-benchmarks/npm/encoding 17ms (cache miss)
npm http fetch GET 200 https://registry.vlt.io/vlt-benchmarks/npm/p-locate 17ms (cache revalidated)
npm http fetch GET 200 https://registry.vlt.io/vlt-benchmarks/npm/p-limit 13ms (cache revalidated)
npm http fetch GET 200 https://registry.vlt.io/vlt-benchmarks/npm/yocto-queue 16ms (cache revalidated)
npm http fetch GET 200 https://registry.vlt.io/vlt-benchmarks/npm/p-try 15ms (cache miss)
npm warn ERESOLVE overriding peer dependency
npm warn While resolving: react-dom@16.14.0
npm warn Found: react@18.3.1
npm warn node_modules/react
npm warn   peer react@"^0.14.0 || ^15.0.0-rc || ^16.0.0-rc || ^16.0.0" from draft-js@0.10.5
npm warn   node_modules/medium-draft/node_modules/draft-js
npm warn     draft-js@"^0.10.0" from medium-draft@0.5.18
npm warn     node_modules/medium-draft
npm warn
npm warn Could not resolve dependency:
npm warn peer react@"^16.14.0" from react-dom@16.14.0
npm warn node_modules/react-addons-css-transition-group/node_modules/react-dom
npm warn   peer react-dom@"^15.0.0 || ^16.0.0" from react-transition-group@1.2.1
npm warn   node_modules/react-addons-css-transition-group/node_modules/react-transition-group
npm warn
npm warn Conflicting peer dependency: react@16.14.0
npm warn node_modules/react
npm warn   peer react@"^16.14.0" from react-dom@16.14.0
npm warn   node_modules/react-addons-css-transition-group/node_modules/react-dom
npm warn     peer react-dom@"^15.0.0 || ^16.0.0" from react-transition-group@1.2.1
npm warn     node_modules/react-addons-css-transition-group/node_modules/react-transition-group
npm http fetch GET 200 https://registry.vlt.io/vlt-benchmarks/npm/hookified 17ms (cache miss)
npm http fetch GET 200 https://registry.vlt.io/vlt-benchmarks/npm/cacheable 18ms (cache miss)
npm http fetch GET 200 https://registry.vlt.io/vlt-benchmarks/npm/keyv 20ms (cache revalidated)
npm http fetch GET 200 https://registry.vlt.io/vlt-benchmarks/npm/qified 22ms (cache miss)
npm http fetch GET 200 https://registry.vlt.io/vlt-benchmarks/npm/@cacheable%2futils 22ms (cache miss)
npm http fetch GET 200 https://registry.vlt.io/vlt-benchmarks/npm/@cacheable%2fmemory 16ms (cache miss)
npm http fetch GET 200 https://registry.vlt.io/vlt-benchmarks/npm/@keyv%2fbigmap 16ms (cache miss)
npm http fetch GET 200 https://registry.vlt.io/vlt-benchmarks/npm/@keyv%2fserialize 17ms (cache miss)
npm http fetch GET 200 https://registry.vlt.io/vlt-benchmarks/npm/hashery 21ms (cache miss)
npm http fetch GET 200 https://registry.vlt.io/vlt-benchmarks/npm/hookified 17ms (cache revalidated)
npm http fetch GET 200 https://registry.vlt.io/vlt-benchmarks/npm/hashery 15ms (cache revalidated)
npm http fetch GET 200 https://registry.vlt.io/vlt-benchmarks/npm/path-type 16ms (cache revalidated)
npm warn EBADENGINE Unsupported engine {
npm warn EBADENGINE   package: 'react-input-calendar@0.5.4',
npm warn EBADENGINE   required: { npm: '^3.0.0' },
npm warn EBADENGINE   current: { node: 'v24.21.0', npm: '12.1.0' }
npm warn EBADENGINE }
npm http fetch GET 200 https://registry.vlt.io/vlt-benchmarks/npm/dir-glob/-/dir-glob-3.0.1.tgz 602ms (cache miss)
npm http fetch GET 200 https://registry.vlt.io/vlt-benchmarks/npm/path-type/-/path-type-4.0.0.tgz 602ms (cache miss)
npm http fetch GET 200 https://registry.vlt.io/vlt-benchmarks/npm/qified/-/qified-0.10.1.tgz 603ms (cache miss)
npm http fetch GET 200 https://registry.vlt.io/vlt-benchmarks/npm/warning/-/warning-3.0.0.tgz 759ms (cache miss)
npm http fetch GET 200 https://registry.vlt.io/vlt-benchmarks/npm/chain-function/-/chain-function-1.0.1.tgz 772ms (cache miss)
npm http fetch GET 200 https://registry.vlt.io/vlt-benchmarks/npm/@keyv/serialize/-/serialize-1.1.1.tgz 814ms (cache miss)
npm http fetch GET 200 https://registry.vlt.io/vlt-benchmarks/npm/@keyv/bigmap/-/bigmap-1.3.1.tgz 813ms (cache miss)
npm http fetch GET 200 https://registry.vlt.io/vlt-benchmarks/npm/@types/resize-observer-browser/-/resize-observer-browser-0.1.11.tgz 813ms (cache miss)
npm http fetch GET 200 https://registry.vlt.io/vlt-benchmarks/npm/p-try/-/p-try-2.2.0.tgz 828ms (cache miss)
npm http fetch GET 200 https://registry.vlt.io/vlt-benchmarks/npm/keyv/-/keyv-5.6.0.tgz 841ms (cache miss)
npm http fetch GET 200 https://registry.vlt.io/vlt-benchmarks/npm/is-stream/-/is-stream-1.1.0.tgz 839ms (cache miss)
npm http fetch GET 200 https://registry.vlt.io/vlt-benchmarks/npm/encoding/-/encoding-0.1.13.tgz 839ms (cache miss)
npm http fetch GET 200 https://registry.vlt.io/vlt-benchmarks/npm/assign-symbols/-/assign-symbols-1.0.0.tgz 851ms (cache miss)
npm http fetch GET 200 https://registry.vlt.io/vlt-benchmarks/npm/keyv/-/keyv-5.6.0.tgz 864ms (cache miss)
npm http fetch GET 200 https://registry.vlt.io/vlt-benchmarks/npm/@cacheable/memory/-/memory-2.2.0.tgz 865ms (cache miss)
npm http fetch GET 200 https://registry.vlt.io/vlt-benchmarks/npm/isomorphic-fetch/-/isomorphic-fetch-2.2.1.tgz 863ms (cache miss)
npm http fetch GET 200 https://registry.vlt.io/vlt-benchmarks/npm/keyv/-/keyv-5.6.0.tgz 873ms (cache miss)
npm http fetch GET 200 https://registry.vlt.io/vlt-benchmarks/npm/sprintf-js/-/sprintf-js-1.0.3.tgz 871ms (cache miss)
npm http fetch GET 200 https://registry.vlt.io/vlt-benchmarks/npm/clap/-/clap-1.2.3.tgz 872ms (cache miss)
npm http fetch GET 200 https://registry.vlt.io/vlt-benchmarks/npm/path-is-inside/-/path-is-inside-1.0.2.tgz 872ms (cache miss)
npm http fetch GET 200 https://registry.vlt.io/vlt-benchmarks/npm/colors/-/colors-1.1.2.tgz 871ms (cache miss)
npm http fetch GET 200 https://registry.vlt.io/vlt-benchmarks/npm/whet.extend/-/whet.extend-0.9.9.tgz 885ms (cache miss)
npm http fetch GET 200 https://registry.vlt.io/vlt-benchmarks/npm/html-comment-regex/-/html-comment-regex-1.1.2.tgz 884ms (cache miss)
npm http fetch GET 200 https://registry.vlt.io/vlt-benchmarks/npm/is-svg/-/is-svg-2.1.0.tgz 885ms (cache miss)
npm http fetch GET 200 https://registry.vlt.io/vlt-benchmarks/npm/uniq/-/uniq-1.0.1.tgz 885ms (cache miss)
npm http fetch GET 200 https://registry.vlt.io/vlt-benchmarks/npm/indexes-of/-/indexes-of-1.0.1.tgz 885ms (cache miss)
npm http fetch GET 200 https://registry.vlt.io/vlt-benchmarks/npm/esprima/-/esprima-2.7.3.tgz 897ms (cache miss)
npm http fetch GET 200 https://registry.vlt.io/vlt-benchmarks/npm/flatten/-/flatten-1.0.3.tgz 897ms (cache miss)
npm warn deprecated flatten@1.0.3: flatten is deprecated in favor of utility frameworks such as lodash.
npm http fetch GET 200 https://registry.vlt.io/vlt-benchmarks/npm/is-plain-obj/-/is-plain-obj-1.1.0.tgz 897ms (cache miss)
npm http fetch GET 200 https://registry.vlt.io/vlt-benchmarks/npm/query-string/-/query-string-4.3.4.tgz 897ms (cache miss)
npm http fetch GET 200 https://registry.vlt.io/vlt-benchmarks/npm/@cacheable/utils/-/utils-2.5.0.tgz 912ms (cache miss)
npm http fetch GET 200 https://registry.vlt.io/vlt-benchmarks/npm/q/-/q-1.5.1.tgz 909ms (cache miss)
npm warn deprecated q@1.5.1: You or someone you depend on is using Q, the JavaScript Promise library that gave JavaScript developers strong feelings about promises. They can almost certainly migrate to the native JavaScript promise now. Thank you literally everyone for joining me in this bet against the odds. Be excellent to each other.
npm warn deprecated
npm warn deprecated (For a CapTP with native promises, see @endo/eventual-send and @endo/captp)
npm http fetch GET 200 https://registry.vlt.io/vlt-benchmarks/npm/normalize-url/-/normalize-url-1.9.1.tgz 908ms (cache miss)
npm http fetch GET 200 https://registry.vlt.io/vlt-benchmarks/npm/strict-uri-encode/-/strict-uri-encode-1.1.0.tgz 908ms (cache miss)
npm http fetch GET 200 https://registry.vlt.io/vlt-benchmarks/npm/prepend-http/-/prepend-http-1.0.4.tgz 909ms (cache miss)
npm http fetch GET 200 https://registry.vlt.io/vlt-benchmarks/npm/sort-keys/-/sort-keys-1.1.2.tgz 909ms (cache miss)
npm http fetch GET 200 https://registry.vlt.io/vlt-benchmarks/npm/alphanum-sort/-/alphanum-sort-1.1.0.tgz 920ms (cache miss)
npm http fetch GET 200 https://registry.vlt.io/vlt-benchmarks/npm/color/-/color-0.11.4.tgz 919ms (cache miss)
npm http fetch GET 200 https://registry.vlt.io/vlt-benchmarks/npm/vendors/-/vendors-1.0.4.tgz 920ms (cache miss)
npm http fetch GET 200 https://registry.vlt.io/vlt-benchmarks/npm/color-string/-/color-string-0.3.0.tgz 920ms (cache miss)
npm http fetch GET 200 https://registry.vlt.io/vlt-benchmarks/npm/is-absolute-url/-/is-absolute-url-2.1.0.tgz 932ms (cache miss)
npm http fetch GET 200 https://registry.vlt.io/vlt-benchmarks/npm/css-color-names/-/css-color-names-0.0.4.tgz 932ms (cache miss)
npm http fetch GET 200 https://registry.vlt.io/vlt-benchmarks/npm/color-convert/-/color-convert-1.9.3.tgz 932ms (cache miss)
npm http fetch GET 200 https://registry.vlt.io/vlt-benchmarks/npm/colormin/-/colormin-1.1.2.tgz 932ms (cache miss)
npm http fetch GET 200 https://registry.vlt.io/vlt-benchmarks/npm/reduce-function-call/-/reduce-function-call-1.0.3.tgz 932ms (cache miss)
npm http fetch GET 200 https://registry.vlt.io/vlt-benchmarks/npm/math-expression-evaluator/-/math-expression-evaluator-1.4.0.tgz 942ms (cache miss)
npm http fetch GET 200 https://registry.vlt.io/vlt-benchmarks/npm/color-name/-/color-name-1.1.3.tgz 943ms (cache miss)
npm http fetch GET 200 https://registry.vlt.io/vlt-benchmarks/npm/clone/-/clone-1.0.4.tgz 942ms (cache miss)
npm http fetch GET 200 https://registry.vlt.io/vlt-benchmarks/npm/postcss-message-helpers/-/postcss-message-helpers-2.0.0.tgz 943ms (cache miss)
npm http fetch GET 200 https://registry.vlt.io/vlt-benchmarks/npm/reduce-css-calc/-/reduce-css-calc-1.3.0.tgz 943ms (cache miss)
npm http fetch GET 200 https://registry.vlt.io/vlt-benchmarks/npm/balanced-match/-/balanced-match-0.4.2.tgz 942ms (cache miss)
npm http fetch GET 200 https://registry.vlt.io/vlt-benchmarks/npm/js-base64/-/js-base64-2.6.4.tgz 943ms (cache miss)
npm http fetch GET 200 https://registry.vlt.io/vlt-benchmarks/npm/cacheable/-/cacheable-2.5.0.tgz 962ms (cache miss)
npm http fetch GET 200 https://registry.vlt.io/vlt-benchmarks/npm/num2fraction/-/num2fraction-1.2.2.tgz 954ms (cache miss)
npm http fetch GET 200 https://registry.vlt.io/vlt-benchmarks/npm/normalize-range/-/normalize-range-0.1.2.tgz 955ms (cache miss)
npm http fetch GET 200 https://registry.vlt.io/vlt-benchmarks/npm/uniqs/-/uniqs-2.0.0.tgz 955ms (cache miss)
npm http fetch GET 200 https://registry.vlt.io/vlt-benchmarks/npm/postcss-zindex/-/postcss-zindex-2.2.0.tgz 968ms (cache miss)
npm http fetch GET 200 https://registry.vlt.io/vlt-benchmarks/npm/supports-color/-/supports-color-3.2.3.tgz 969ms (cache miss)
npm http fetch GET 200 https://registry.vlt.io/vlt-benchmarks/npm/has-flag/-/has-flag-1.0.0.tgz 980ms (cache miss)
npm http fetch GET 200 https://registry.vlt.io/vlt-benchmarks/npm/postcss-reduce-idents/-/postcss-reduce-idents-2.4.0.tgz 980ms (cache miss)
npm http fetch GET 200 https://registry.vlt.io/vlt-benchmarks/npm/postcss-value-parser/-/postcss-value-parser-3.3.1.tgz 980ms (cache miss)
npm http fetch GET 200 https://registry.vlt.io/vlt-benchmarks/npm/postcss-merge-idents/-/postcss-merge-idents-2.1.7.tgz 1000ms (cache miss)
npm http fetch GET 200 https://registry.vlt.io/vlt-benchmarks/npm/postcss-filter-plugins/-/postcss-filter-plugins-2.0.3.tgz 1000ms (cache miss)
npm http fetch GET 200 https://registry.vlt.io/vlt-benchmarks/npm/has/-/has-1.0.4.tgz 1012ms (cache miss)
npm http fetch GET 200 https://registry.vlt.io/vlt-benchmarks/npm/supports-color/-/supports-color-3.2.3.tgz 1029ms (cache miss)
npm http fetch GET 200 https://registry.vlt.io/vlt-benchmarks/npm/supports-color/-/supports-color-3.2.3.tgz 1028ms (cache miss)
npm http fetch GET 200 https://registry.vlt.io/vlt-benchmarks/npm/supports-color/-/supports-color-3.2.3.tgz 1027ms (cache miss)
npm http fetch GET 200 https://registry.vlt.io/vlt-benchmarks/npm/supports-color/-/supports-color-3.2.3.tgz 1028ms (cache miss)
npm http fetch GET 200 https://registry.vlt.io/vlt-benchmarks/npm/postcss-discard-unused/-/postcss-discard-unused-2.2.3.tgz 1028ms (cache miss)
npm http fetch GET 200 https://registry.vlt.io/vlt-benchmarks/npm/color-name/-/color-name-1.1.4.tgz 1028ms (cache miss)
npm http fetch GET 200 https://registry.vlt.io/vlt-benchmarks/npm/defined/-/defined-1.0.1.tgz 1028ms (cache miss)
npm http fetch GET 200 https://registry.vlt.io/vlt-benchmarks/npm/node-exports-info/-/node-exports-info-1.6.2.tgz 1028ms (cache miss)
npm http fetch GET 200 https://registry.vlt.io/vlt-benchmarks/npm/has-flag/-/has-flag-1.0.0.tgz 1043ms (cache miss)
npm http fetch GET 200 https://registry.vlt.io/vlt-benchmarks/npm/has-flag/-/has-flag-1.0.0.tgz 1044ms (cache miss)
npm http fetch GET 200 https://registry.vlt.io/vlt-benchmarks/npm/has-flag/-/has-flag-1.0.0.tgz 1044ms (cache miss)
npm http fetch GET 200 https://registry.vlt.io/vlt-benchmarks/npm/has-flag/-/has-flag-1.0.0.tgz 1046ms (cache miss)
npm http fetch GET 200 https://registry.vlt.io/vlt-benchmarks/npm/postcss-value-parser/-/postcss-value-parser-3.3.1.tgz 1045ms (cache miss)
npm http fetch GET 200 https://registry.vlt.io/vlt-benchmarks/npm/color-convert/-/color-convert-2.0.1.tgz 1044ms (cache miss)
npm http fetch GET 200 https://registry.vlt.io/vlt-benchmarks/npm/number-is-nan/-/number-is-nan-1.0.1.tgz 1043ms (cache miss)
npm http fetch GET 200 https://registry.vlt.io/vlt-benchmarks/npm/code-point-at/-/code-point-at-1.1.0.tgz 1059ms (cache miss)
npm http fetch GET 200 https://registry.vlt.io/vlt-benchmarks/npm/stackframe/-/stackframe-0.3.1.tgz 1059ms (cache miss)
npm http fetch GET 200 https://registry.vlt.io/vlt-benchmarks/npm/amdefine/-/amdefine-1.0.1.tgz 1059ms (cache miss)
npm http fetch GET 200 https://registry.vlt.io/vlt-benchmarks/npm/path-dirname/-/path-dirname-1.0.2.tgz 1072ms (cache miss)
npm http fetch GET 200 https://registry.vlt.io/vlt-benchmarks/npm/inflight/-/inflight-1.0.6.tgz 1071ms (cache miss)
npm warn deprecated inflight@1.0.6: This module is not supported, and leaks memory. Do not use it. Check out lru-cache if you want a good and tested way to coalesce async requests by a key value, which is much more comprehensive and powerful.
npm http fetch GET 200 https://registry.vlt.io/vlt-benchmarks/npm/spdx-exceptions/-/spdx-exceptions-2.5.0.tgz 1087ms (cache miss)
npm http fetch GET 200 https://registry.vlt.io/vlt-benchmarks/npm/fs.realpath/-/fs.realpath-1.0.0.tgz 1088ms (cache miss)
npm http fetch GET 200 https://registry.vlt.io/vlt-benchmarks/npm/spdx-license-ids/-/spdx-license-ids-3.0.24.tgz 1088ms (cache miss)
npm http fetch GET 200 https://registry.vlt.io/vlt-benchmarks/npm/spdx-correct/-/spdx-correct-3.2.0.tgz 1100ms (cache miss)
npm http fetch GET 200 https://registry.vlt.io/vlt-benchmarks/npm/path-type/-/path-type-1.1.0.tgz 1099ms (cache miss)
npm http fetch GET 200 https://registry.vlt.io/vlt-benchmarks/npm/validate-npm-package-license/-/validate-npm-package-license-3.0.4.tgz 1101ms (cache miss)
npm http fetch GET 200 https://registry.vlt.io/vlt-benchmarks/npm/hosted-git-info/-/hosted-git-info-2.8.9.tgz 1101ms (cache miss)
npm http fetch GET 200 https://registry.vlt.io/vlt-benchmarks/npm/require-from-string/-/require-from-string-2.0.2.tgz 1116ms (cache miss)
npm http fetch GET 200 https://registry.vlt.io/vlt-benchmarks/npm/pify/-/pify-2.3.0.tgz 1114ms (cache miss)
npm http fetch GET 200 https://registry.vlt.io/vlt-benchmarks/npm/load-json-file/-/load-json-file-1.1.0.tgz 1115ms (cache miss)
npm http fetch GET 200 https://registry.vlt.io/vlt-benchmarks/npm/strip-bom/-/strip-bom-2.0.0.tgz 1115ms (cache miss)
npm http fetch GET 200 https://registry.vlt.io/vlt-benchmarks/npm/spdx-expression-parse/-/spdx-expression-parse-3.0.1.tgz 1130ms (cache miss)
npm http fetch GET 200 https://registry.vlt.io/vlt-benchmarks/npm/semver/-/semver-5.7.2.tgz 1130ms (cache miss)
npm http fetch GET 200 https://registry.vlt.io/vlt-benchmarks/npm/parse-json/-/parse-json-2.2.0.tgz 1129ms (cache miss)
npm http fetch GET 200 https://registry.vlt.io/vlt-benchmarks/npm/invert-kv/-/invert-kv-1.0.0.tgz 1129ms (cache miss)
npm http fetch GET 200 https://registry.vlt.io/vlt-benchmarks/npm/yargs-parser/-/yargs-parser-5.0.1.tgz 1130ms (cache miss)
npm http fetch GET 200 https://registry.vlt.io/vlt-benchmarks/npm/read-pkg/-/read-pkg-1.1.0.tgz 1130ms (cache miss)
npm http fetch GET 200 https://registry.vlt.io/vlt-benchmarks/npm/lcid/-/lcid-1.0.0.tgz 1145ms (cache miss)
npm http fetch GET 200 https://registry.vlt.io/vlt-benchmarks/npm/y18n/-/y18n-3.2.2.tgz 1145ms (cache miss)
npm http fetch GET 200 https://registry.vlt.io/vlt-benchmarks/npm/set-blocking/-/set-blocking-2.0.0.tgz 1145ms (cache miss)
npm http fetch GET 200 https://registry.vlt.io/vlt-benchmarks/npm/picomatch/-/picomatch-2.3.2.tgz 1166ms (cache miss)
npm http fetch GET 200 https://registry.vlt.io/vlt-benchmarks/npm/require-directory/-/require-directory-2.1.1.tgz 1161ms (cache miss)
npm http fetch GET 200 https://registry.vlt.io/vlt-benchmarks/npm/which-module/-/which-module-1.0.0.tgz 1162ms (cache miss)
npm http fetch GET 200 https://registry.vlt.io/vlt-benchmarks/npm/require-main-filename/-/require-main-filename-1.0.1.tgz 1161ms (cache miss)
npm http fetch GET 200 https://registry.vlt.io/vlt-benchmarks/npm/read-pkg-up/-/read-pkg-up-1.0.1.tgz 1162ms (cache miss)
npm http fetch GET 200 https://registry.vlt.io/vlt-benchmarks/npm/pify/-/pify-2.3.0.tgz 1178ms (cache miss)
npm http fetch GET 200 https://registry.vlt.io/vlt-benchmarks/npm/path-exists/-/path-exists-2.1.0.tgz 1176ms (cache miss)
npm http fetch GET 200 https://registry.vlt.io/vlt-benchmarks/npm/os-locale/-/os-locale-1.4.0.tgz 1176ms (cache miss)
npm http fetch GET 200 https://registry.vlt.io/vlt-benchmarks/npm/get-caller-file/-/get-caller-file-1.0.3.tgz 1176ms (cache miss)
npm http fetch GET 200 https://registry.vlt.io/vlt-benchmarks/npm/is-fullwidth-code-point/-/is-fullwidth-code-point-1.0.0.tgz 1176ms (cache miss)
npm http fetch GET 200 https://registry.vlt.io/vlt-benchmarks/npm/cliui/-/cliui-3.2.0.tgz 1177ms (cache miss)
npm http fetch GET 200 https://registry.vlt.io/vlt-benchmarks/npm/decamelize/-/decamelize-1.2.0.tgz 1177ms (cache miss)
npm http fetch GET 200 https://registry.vlt.io/vlt-benchmarks/npm/wrap-ansi/-/wrap-ansi-2.1.0.tgz 1177ms (cache miss)
npm http fetch GET 200 https://registry.vlt.io/vlt-benchmarks/npm/find-up/-/find-up-1.1.2.tgz 1193ms (cache miss)
npm http fetch GET 200 https://registry.vlt.io/vlt-benchmarks/npm/string-width/-/string-width-1.0.2.tgz 1193ms (cache miss)
npm http fetch GET 200 https://registry.vlt.io/vlt-benchmarks/npm/is-weakmap/-/is-weakmap-2.0.2.tgz 1193ms (cache miss)
npm http fetch GET 200 https://registry.vlt.io/vlt-benchmarks/npm/is-map/-/is-map-2.0.3.tgz 1209ms (cache miss)
npm http fetch GET 200 https://registry.vlt.io/vlt-benchmarks/npm/generator-function/-/generator-function-2.0.1.tgz 1209ms (cache miss)
npm http fetch GET 200 https://registry.vlt.io/vlt-benchmarks/npm/async-function/-/async-function-1.0.0.tgz 1209ms (cache miss)
npm http fetch GET 200 https://registry.vlt.io/vlt-benchmarks/npm/is-generator-function/-/is-generator-function-1.1.2.tgz 1209ms (cache miss)
npm http fetch GET 200 https://registry.vlt.io/vlt-benchmarks/npm/which-collection/-/which-collection-1.0.2.tgz 1209ms (cache miss)
npm http fetch GET 200 https://registry.vlt.io/vlt-benchmarks/npm/is-weakset/-/is-weakset-2.0.4.tgz 1226ms (cache miss)
npm http fetch GET 200 https://registry.vlt.io/vlt-benchmarks/npm/is-async-function/-/is-async-function-2.1.1.tgz 1225ms (cache miss)
npm http fetch GET 200 https://registry.vlt.io/vlt-benchmarks/npm/is-finalizationregistry/-/is-finalizationregistry-1.1.1.tgz 1225ms (cache miss)
npm http fetch GET 200 https://registry.vlt.io/vlt-benchmarks/npm/is-bigint/-/is-bigint-1.1.0.tgz 1226ms (cache miss)
npm http fetch GET 200 https://registry.vlt.io/vlt-benchmarks/npm/is-number-object/-/is-number-object-1.1.1.tgz 1226ms (cache miss)
npm http fetch GET 200 https://registry.vlt.io/vlt-benchmarks/npm/is-boolean-object/-/is-boolean-object-1.2.2.tgz 1226ms (cache miss)
npm http fetch GET 200 https://registry.vlt.io/vlt-benchmarks/npm/isexe/-/isexe-2.0.0.tgz 1225ms (cache miss)
npm http fetch GET 200 https://registry.vlt.io/vlt-benchmarks/npm/node-fetch/-/node-fetch-1.7.3.tgz 1266ms (cache miss)
npm http fetch GET 200 https://registry.vlt.io/vlt-benchmarks/npm/camelcase/-/camelcase-3.0.0.tgz 1249ms (cache miss)
npm http fetch GET 200 https://registry.vlt.io/vlt-benchmarks/npm/http-parser-js/-/http-parser-js-0.5.10.tgz 1248ms (cache miss)
npm http fetch GET 200 https://registry.vlt.io/vlt-benchmarks/npm/webidl-conversions/-/webidl-conversions-3.0.1.tgz 1248ms (cache miss)
npm http fetch GET 200 https://registry.vlt.io/vlt-benchmarks/npm/websocket-extensions/-/websocket-extensions-0.1.4.tgz 1264ms (cache miss)
npm http fetch GET 200 https://registry.vlt.io/vlt-benchmarks/npm/is-wsl/-/is-wsl-2.2.0.tgz 1263ms (cache miss)
npm http fetch GET 200 https://registry.vlt.io/vlt-benchmarks/npm/shellwords/-/shellwords-0.1.1.tgz 1278ms (cache miss)
npm http fetch GET 200 https://registry.vlt.io/vlt-benchmarks/npm/@types/node-notifier/-/node-notifier-8.0.5.tgz 1277ms (cache miss)
npm http fetch GET 200 https://registry.vlt.io/vlt-benchmarks/npm/is-docker/-/is-docker-2.2.1.tgz 1279ms (cache miss)
npm http fetch GET 200 https://registry.vlt.io/vlt-benchmarks/npm/totalist/-/totalist-3.0.1.tgz 1277ms (cache miss)
npm http fetch GET 200 https://registry.vlt.io/vlt-benchmarks/npm/ansi-html-community/-/ansi-html-community-0.0.8.tgz 1278ms (cache miss)
npm http fetch GET 200 https://registry.vlt.io/vlt-benchmarks/npm/sourcemapped-stacktrace/-/sourcemapped-stacktrace-1.1.11.tgz 1304ms (cache miss)
npm http fetch GET 200 https://registry.vlt.io/vlt-benchmarks/npm/mrmime/-/mrmime-2.0.1.tgz 1294ms (cache miss)
npm http fetch GET 200 https://registry.vlt.io/vlt-benchmarks/npm/@polka/url/-/url-1.0.0-next.29.tgz 1294ms (cache miss)
npm http fetch GET 200 https://registry.vlt.io/vlt-benchmarks/npm/duplexer/-/duplexer-0.1.2.tgz 1295ms (cache miss)
npm http fetch GET 200 https://registry.vlt.io/vlt-benchmarks/npm/opener/-/opener-1.5.2.tgz 1310ms (cache miss)
npm http fetch GET 200 https://registry.vlt.io/vlt-benchmarks/npm/sirv/-/sirv-2.0.4.tgz 1311ms (cache miss)
npm http fetch GET 200 https://registry.vlt.io/vlt-benchmarks/npm/html-escaper/-/html-escaper-2.0.2.tgz 1310ms (cache miss)
npm http fetch GET 200 https://registry.vlt.io/vlt-benchmarks/npm/debounce/-/debounce-1.2.1.tgz 1311ms (cache miss)
npm http fetch GET 200 https://registry.vlt.io/vlt-benchmarks/npm/gzip-size/-/gzip-size-6.0.0.tgz 1311ms (cache miss)
npm http fetch GET 200 https://registry.vlt.io/vlt-benchmarks/npm/@jridgewell/source-map/-/source-map-0.3.11.tgz 1305ms (cache miss)
npm http fetch GET 200 https://registry.vlt.io/vlt-benchmarks/npm/acorn-walk/-/acorn-walk-8.3.5.tgz 1327ms (cache miss)
npm http fetch GET 200 https://registry.vlt.io/vlt-benchmarks/npm/merge-stream/-/merge-stream-2.0.0.tgz 1322ms (cache miss)
npm http fetch GET 200 https://registry.vlt.io/vlt-benchmarks/npm/tr46/-/tr46-0.0.3.tgz 1345ms (cache miss)
npm http fetch GET 200 https://registry.vlt.io/vlt-benchmarks/npm/source-map-support/-/source-map-support-0.5.21.tgz 1337ms (cache miss)
npm http fetch GET 200 https://registry.vlt.io/vlt-benchmarks/npm/commander/-/commander-2.20.3.tgz 1336ms (cache miss)
npm http fetch GET 200 https://registry.vlt.io/vlt-benchmarks/npm/@webassemblyjs/leb128/-/leb128-1.13.2.tgz 1336ms (cache miss)
npm http fetch GET 200 https://registry.vlt.io/vlt-benchmarks/npm/@xtuc/ieee754/-/ieee754-1.2.0.tgz 1337ms (cache miss)
npm http fetch GET 200 https://registry.vlt.io/vlt-benchmarks/npm/supports-color/-/supports-color-8.1.1.tgz 1337ms (cache miss)
npm http fetch GET 200 https://registry.vlt.io/vlt-benchmarks/npm/@webassemblyjs/utf8/-/utf8-1.13.2.tgz 1337ms (cache miss)
npm http fetch GET 200 https://registry.vlt.io/vlt-benchmarks/npm/@webassemblyjs/ieee754/-/ieee754-1.13.2.tgz 1337ms (cache miss)
npm http fetch GET 200 https://registry.vlt.io/vlt-benchmarks/npm/@webassemblyjs/wast-printer/-/wast-printer-1.14.1.tgz 1337ms (cache miss)
npm http fetch GET 200 https://registry.vlt.io/vlt-benchmarks/npm/@webassemblyjs/wasm-opt/-/wasm-opt-1.14.1.tgz 1354ms (cache miss)
npm http fetch GET 200 https://registry.vlt.io/vlt-benchmarks/npm/@webassemblyjs/wasm-gen/-/wasm-gen-1.14.1.tgz 1354ms (cache miss)
npm http fetch GET 200 https://registry.vlt.io/vlt-benchmarks/npm/@webassemblyjs/helper-wasm-section/-/helper-wasm-section-1.14.1.tgz 1354ms (cache miss)
npm http fetch GET 200 https://registry.vlt.io/vlt-benchmarks/npm/@webassemblyjs/helper-buffer/-/helper-buffer-1.14.1.tgz 1355ms (cache miss)
npm http fetch GET 200 https://registry.vlt.io/vlt-benchmarks/npm/normalize-package-data/-/normalize-package-data-2.5.0.tgz 1388ms (cache miss)
npm http fetch GET 200 https://registry.vlt.io/vlt-benchmarks/npm/@webassemblyjs/floating-point-hex-parser/-/floating-point-hex-parser-1.13.2.tgz 1371ms (cache miss)
npm http fetch GET 200 https://registry.vlt.io/vlt-benchmarks/npm/@webassemblyjs/helper-wasm-bytecode/-/helper-wasm-bytecode-1.13.2.tgz 1371ms (cache miss)
npm http fetch GET 200 https://registry.vlt.io/vlt-benchmarks/npm/@webassemblyjs/helper-numbers/-/helper-numbers-1.13.2.tgz 1371ms (cache miss)
npm http fetch GET 200 https://registry.vlt.io/vlt-benchmarks/npm/hookified/-/hookified-1.15.1.tgz 1421ms (cache miss)
npm http fetch GET 200 https://registry.vlt.io/vlt-benchmarks/npm/growly/-/growly-1.3.0.tgz 1399ms (cache miss)
npm http fetch GET 200 https://registry.vlt.io/vlt-benchmarks/npm/@webassemblyjs/helper-api-error/-/helper-api-error-1.13.2.tgz 1389ms (cache miss)
npm http fetch GET 200 https://registry.vlt.io/vlt-benchmarks/npm/chrome-trace-event/-/chrome-trace-event-1.0.4.tgz 1388ms (cache miss)
npm http fetch GET 200 https://registry.vlt.io/vlt-benchmarks/npm/@types/estree/-/estree-1.0.9.tgz 1404ms (cache miss)
npm http fetch GET 200 https://registry.vlt.io/vlt-benchmarks/npm/buffer-equal/-/buffer-equal-1.0.1.tgz 1405ms (cache miss)
npm http fetch GET 200 https://registry.vlt.io/vlt-benchmarks/npm/@webassemblyjs/wasm-edit/-/wasm-edit-1.14.1.tgz 1405ms (cache miss)
npm http fetch GET 200 https://registry.vlt.io/vlt-benchmarks/npm/append-buffer/-/append-buffer-1.0.2.tgz 1405ms (cache miss)
npm http fetch GET 200 https://registry.vlt.io/vlt-benchmarks/npm/through2-filter/-/through2-filter-3.0.0.tgz 1422ms (cache miss)
npm http fetch GET 200 https://registry.vlt.io/vlt-benchmarks/npm/is-utf8/-/is-utf8-0.2.1.tgz 1421ms (cache miss)
npm http fetch GET 200 https://registry.vlt.io/vlt-benchmarks/npm/is-buffer/-/is-buffer-1.1.6.tgz 1421ms (cache miss)
npm http fetch GET 200 https://registry.vlt.io/vlt-benchmarks/npm/pump/-/pump-2.0.1.tgz 1421ms (cache miss)
npm http fetch GET 200 https://registry.vlt.io/vlt-benchmarks/npm/duplexify/-/duplexify-3.7.1.tgz 1422ms (cache miss)
npm http fetch GET 200 https://registry.vlt.io/vlt-benchmarks/npm/stream-shift/-/stream-shift-1.0.3.tgz 1422ms (cache miss)
npm http fetch GET 200 https://registry.vlt.io/vlt-benchmarks/npm/flush-write-stream/-/flush-write-stream-1.1.1.tgz 1438ms (cache miss)
npm http fetch GET 200 https://registry.vlt.io/vlt-benchmarks/npm/to-absolute-glob/-/to-absolute-glob-2.0.2.tgz 1437ms (cache miss)
npm http fetch GET 200 https://registry.vlt.io/vlt-benchmarks/npm/vinyl-sourcemap/-/vinyl-sourcemap-1.1.0.tgz 1438ms (cache miss)
npm http fetch GET 200 https://registry.vlt.io/vlt-benchmarks/npm/unique-stream/-/unique-stream-2.4.0.tgz 1439ms (cache miss)
npm http fetch GET 200 https://registry.vlt.io/vlt-benchmarks/npm/normalize-path/-/normalize-path-2.1.1.tgz 1438ms (cache miss)
npm http fetch GET 200 https://registry.vlt.io/vlt-benchmarks/npm/ordered-read-streams/-/ordered-read-streams-1.0.1.tgz 1439ms (cache miss)
npm http fetch GET 200 https://registry.vlt.io/vlt-benchmarks/npm/to-through/-/to-through-2.0.0.tgz 1456ms (cache miss)
npm http fetch GET 200 https://registry.vlt.io/vlt-benchmarks/npm/convert-source-map/-/convert-source-map-1.9.0.tgz 1456ms (cache miss)
npm http fetch GET 200 https://registry.vlt.io/vlt-benchmarks/npm/value-or-function/-/value-or-function-3.0.0.tgz 1455ms (cache miss)
npm http fetch GET 200 https://registry.vlt.io/vlt-benchmarks/npm/remove-bom-buffer/-/remove-bom-buffer-3.0.0.tgz 1456ms (cache miss)
npm http fetch GET 200 https://registry.vlt.io/vlt-benchmarks/npm/remove-bom-stream/-/remove-bom-stream-1.2.0.tgz 1456ms (cache miss)
npm http fetch GET 200 https://registry.vlt.io/vlt-benchmarks/npm/resolve-options/-/resolve-options-1.1.0.tgz 1456ms (cache miss)
npm http fetch GET 200 https://registry.vlt.io/vlt-benchmarks/npm/pumpify/-/pumpify-1.5.1.tgz 1456ms (cache miss)
npm http fetch GET 200 https://registry.vlt.io/vlt-benchmarks/npm/@xtuc/long/-/long-4.2.2.tgz 1483ms (cache miss)
npm http fetch GET 200 https://registry.vlt.io/vlt-benchmarks/npm/lead/-/lead-1.0.0.tgz 1479ms (cache miss)
npm http fetch GET 200 https://registry.vlt.io/vlt-benchmarks/npm/glob-stream/-/glob-stream-6.1.0.tgz 1477ms (cache miss)
npm http fetch GET 200 https://registry.vlt.io/vlt-benchmarks/npm/glob-parent/-/glob-parent-3.1.0.tgz 1477ms (cache miss)
npm http fetch GET 200 https://registry.vlt.io/vlt-benchmarks/npm/is-glob/-/is-glob-3.1.0.tgz 1477ms (cache miss)
npm http fetch GET 200 https://registry.vlt.io/vlt-benchmarks/npm/is-valid-glob/-/is-valid-glob-1.0.0.tgz 1496ms (cache miss)
npm http fetch GET 200 https://registry.vlt.io/vlt-benchmarks/npm/glob/-/glob-7.2.3.tgz 1495ms (cache miss)
npm warn deprecated glob@7.2.3: Old versions of glob are not supported, and contain widely publicized security vulnerabilities, which have been fixed in the current version. Please update. Support for old versions may be purchased (at exorbitant rates) by contacting i@izs.me
npm http fetch GET 200 https://registry.vlt.io/vlt-benchmarks/npm/fs-mkdirp-stream/-/fs-mkdirp-stream-1.0.0.tgz 1496ms (cache miss)
npm http fetch GET 200 https://registry.vlt.io/vlt-benchmarks/npm/bufferstreams/-/bufferstreams-1.0.1.tgz 1496ms (cache miss)
npm http fetch GET 200 https://registry.vlt.io/vlt-benchmarks/npm/string_decoder/-/string_decoder-0.10.31.tgz 1497ms (cache miss)
npm http fetch GET 200 https://registry.vlt.io/vlt-benchmarks/npm/isarray/-/isarray-0.0.1.tgz 1497ms (cache miss)
npm http fetch GET 200 https://registry.vlt.io/vlt-benchmarks/npm/cloneable-readable/-/cloneable-readable-1.1.3.tgz 1496ms (cache miss)
npm http fetch GET 200 https://registry.vlt.io/vlt-benchmarks/npm/hookified/-/hookified-2.2.0.tgz 1555ms (cache miss)
npm http fetch GET 200 https://registry.vlt.io/vlt-benchmarks/npm/clone-buffer/-/clone-buffer-1.0.0.tgz 1512ms (cache miss)
npm http fetch GET 200 https://registry.vlt.io/vlt-benchmarks/npm/punycode/-/punycode-2.3.1.tgz 1512ms (cache miss)
npm http fetch GET 200 https://registry.vlt.io/vlt-benchmarks/npm/clone-stats/-/clone-stats-1.0.0.tgz 1513ms (cache miss)
npm http fetch GET 200 https://registry.vlt.io/vlt-benchmarks/npm/escalade/-/escalade-3.2.0.tgz 1513ms (cache miss)
npm http fetch GET 200 https://registry.vlt.io/vlt-benchmarks/npm/default-resolution/-/default-resolution-2.0.0.tgz 1513ms (cache miss)
npm http fetch GET 200 https://registry.vlt.io/vlt-benchmarks/npm/now-and-later/-/now-and-later-2.0.1.tgz 1512ms (cache miss)
npm http fetch GET 200 https://registry.vlt.io/vlt-benchmarks/npm/async-settle/-/async-settle-1.0.0.tgz 1529ms (cache miss)
npm http fetch GET 200 https://registry.vlt.io/vlt-benchmarks/npm/array-last/-/array-last-1.3.0.tgz 1530ms (cache miss)
npm http fetch GET 200 https://registry.vlt.io/vlt-benchmarks/npm/arr-filter/-/arr-filter-1.1.2.tgz 1529ms (cache miss)
npm http fetch GET 200 https://registry.vlt.io/vlt-benchmarks/npm/undertaker-registry/-/undertaker-registry-1.0.1.tgz 1529ms (cache miss)
npm http fetch GET 200 https://registry.vlt.io/vlt-benchmarks/npm/array-initial/-/array-initial-1.1.0.tgz 1531ms (cache miss)
npm http fetch GET 200 https://registry.vlt.io/vlt-benchmarks/npm/hashery/-/hashery-1.5.1.tgz 1588ms (cache miss)
npm http fetch GET 200 https://registry.vlt.io/vlt-benchmarks/npm/is-number/-/is-number-4.0.0.tgz 1546ms (cache miss)
npm http fetch GET 200 https://registry.vlt.io/vlt-benchmarks/npm/es6-weak-map/-/es6-weak-map-2.0.3.tgz 1545ms (cache miss)
npm http fetch GET 200 https://registry.vlt.io/vlt-benchmarks/npm/last-run/-/last-run-1.1.1.tgz 1545ms (cache miss)
npm http fetch GET 200 https://registry.vlt.io/vlt-benchmarks/npm/collection-map/-/collection-map-1.0.0.tgz 1545ms (cache miss)
npm http fetch GET 200 https://registry.vlt.io/vlt-benchmarks/npm/bach/-/bach-1.2.0.tgz 1545ms (cache miss)
npm http fetch GET 200 https://registry.vlt.io/vlt-benchmarks/npm/string_decoder/-/string_decoder-0.10.31.tgz 1560ms (cache miss)
npm http fetch GET 200 https://registry.vlt.io/vlt-benchmarks/npm/object.reduce/-/object.reduce-1.0.1.tgz 1563ms (cache miss)
npm http fetch GET 200 https://registry.vlt.io/vlt-benchmarks/npm/for-each/-/for-each-0.3.5.tgz 1563ms (cache miss)
npm http fetch GET 200 https://registry.vlt.io/vlt-benchmarks/npm/has-bigints/-/has-bigints-1.1.0.tgz 1563ms (cache miss)
npm http fetch GET 200 https://registry.vlt.io/vlt-benchmarks/npm/which-builtin-type/-/which-builtin-type-1.2.1.tgz 1563ms (cache miss)
npm http fetch GET 200 https://registry.vlt.io/vlt-benchmarks/npm/strip-bom/-/strip-bom-3.0.0.tgz 1563ms (cache miss)
npm http fetch GET 200 https://registry.vlt.io/vlt-benchmarks/npm/which-boxed-primitive/-/which-boxed-primitive-1.1.1.tgz 1564ms (cache miss)
npm http fetch GET 200 https://registry.vlt.io/vlt-benchmarks/npm/reflect.getprototypeof/-/reflect.getprototypeof-1.0.10.tgz 1564ms (cache miss)
npm http fetch GET 200 https://registry.vlt.io/vlt-benchmarks/npm/media-typer/-/media-typer-0.3.0.tgz 1564ms (cache miss)
npm http fetch GET 200 https://registry.vlt.io/vlt-benchmarks/npm/lazystream/-/lazystream-1.0.1.tgz 1599ms (cache miss)
npm http fetch GET 200 https://registry.vlt.io/vlt-benchmarks/npm/arr-map/-/arr-map-2.0.2.tgz 1594ms (cache miss)
npm http fetch GET 200 https://registry.vlt.io/vlt-benchmarks/npm/string-template/-/string-template-0.2.1.tgz 1596ms (cache miss)
npm http fetch GET 200 https://registry.vlt.io/vlt-benchmarks/npm/isarray/-/isarray-2.0.5.tgz 1596ms (cache miss)
npm http fetch GET 200 https://registry.vlt.io/vlt-benchmarks/npm/safe-json-parse/-/safe-json-parse-1.0.1.tgz 1596ms (cache miss)
npm http fetch GET 200 https://registry.vlt.io/vlt-benchmarks/npm/error/-/error-7.2.1.tgz 1596ms (cache miss)
npm http fetch GET 200 https://registry.vlt.io/vlt-benchmarks/npm/@webassemblyjs/wasm-parser/-/wasm-parser-1.14.1.tgz 1647ms (cache miss)
npm http fetch GET 200 https://registry.vlt.io/vlt-benchmarks/npm/is-number/-/is-number-4.0.0.tgz 1639ms (cache miss)
npm http fetch GET 200 https://registry.vlt.io/vlt-benchmarks/npm/body/-/body-5.1.0.tgz 1635ms (cache miss)
npm http fetch GET 200 https://registry.vlt.io/vlt-benchmarks/npm/bytes/-/bytes-1.0.0.tgz 1636ms (cache miss)
npm http fetch GET 200 https://registry.vlt.io/vlt-benchmarks/npm/raw-body/-/raw-body-1.1.7.tgz 1635ms (cache miss)
npm warn deprecated raw-body@1.1.7: No longer maintained. Please upgrade to a stable version.
npm http fetch GET 200 https://registry.vlt.io/vlt-benchmarks/npm/@types/json5/-/json5-0.0.29.tgz 1652ms (cache miss)
npm http fetch GET 200 https://registry.vlt.io/vlt-benchmarks/npm/continuable-cache/-/continuable-cache-0.3.1.tgz 1651ms (cache miss)
npm http fetch GET 200 https://registry.vlt.io/vlt-benchmarks/npm/astral-regex/-/astral-regex-2.0.0.tgz 1651ms (cache miss)
npm http fetch GET 200 https://registry.vlt.io/vlt-benchmarks/npm/ansi-styles/-/ansi-styles-4.3.0.tgz 1651ms (cache miss)
npm http fetch GET 200 https://registry.vlt.io/vlt-benchmarks/npm/lodash.truncate/-/lodash.truncate-4.4.2.tgz 1651ms (cache miss)
npm http fetch GET 200 https://registry.vlt.io/vlt-benchmarks/npm/slice-ansi/-/slice-ansi-4.0.0.tgz 1652ms (cache miss)
npm http fetch GET 200 https://registry.vlt.io/vlt-benchmarks/npm/xtend/-/xtend-4.0.2.tgz 1652ms (cache miss)
npm http fetch GET 200 https://registry.vlt.io/vlt-benchmarks/npm/faye-websocket/-/faye-websocket-0.10.0.tgz 1669ms (cache miss)
npm http fetch GET 200 https://registry.vlt.io/vlt-benchmarks/npm/domelementtype/-/domelementtype-2.3.0.tgz 1668ms (cache miss)
npm http fetch GET 200 https://registry.vlt.io/vlt-benchmarks/npm/dom-serializer/-/dom-serializer-2.0.0.tgz 1668ms (cache miss)
npm http fetch GET 200 https://registry.vlt.io/vlt-benchmarks/npm/nth-check/-/nth-check-2.1.1.tgz 1668ms (cache miss)
npm http fetch GET 200 https://registry.vlt.io/vlt-benchmarks/npm/domhandler/-/domhandler-5.0.3.tgz 1668ms (cache miss)
npm http fetch GET 200 https://registry.vlt.io/vlt-benchmarks/npm/boolbase/-/boolbase-1.0.0.tgz 1668ms (cache miss)
npm http fetch GET 200 https://registry.vlt.io/vlt-benchmarks/npm/css-what/-/css-what-6.2.2.tgz 1683ms (cache miss)
npm http fetch GET 200 https://registry.vlt.io/vlt-benchmarks/npm/dezalgo/-/dezalgo-1.0.4.tgz 1682ms (cache miss)
npm http fetch GET 200 https://registry.vlt.io/vlt-benchmarks/npm/has-flag/-/has-flag-4.0.0.tgz 1699ms (cache miss)
npm http fetch GET 200 https://registry.vlt.io/vlt-benchmarks/npm/@paralleldrive/cuid2/-/cuid2-2.3.1.tgz 1698ms (cache miss)
npm http fetch GET 200 https://registry.vlt.io/vlt-benchmarks/npm/delayed-stream/-/delayed-stream-1.0.0.tgz 1699ms (cache miss)
npm http fetch GET 200 https://registry.vlt.io/vlt-benchmarks/npm/asynckit/-/asynckit-0.4.0.tgz 1699ms (cache miss)
npm http fetch GET 200 https://registry.vlt.io/vlt-benchmarks/npm/combined-stream/-/combined-stream-1.0.8.tgz 1698ms (cache miss)
npm http fetch GET 200 https://registry.vlt.io/vlt-benchmarks/npm/fast-safe-stringify/-/fast-safe-stringify-2.1.1.tgz 1713ms (cache miss)
npm http fetch GET 200 https://registry.vlt.io/vlt-benchmarks/npm/cookiejar/-/cookiejar-2.1.4.tgz 1713ms (cache miss)
npm http fetch GET 200 https://registry.vlt.io/vlt-benchmarks/npm/form-data/-/form-data-4.0.6.tgz 1713ms (cache miss)
npm http fetch GET 200 https://registry.vlt.io/vlt-benchmarks/npm/lines-and-columns/-/lines-and-columns-1.2.4.tgz 1713ms (cache miss)
npm http fetch GET 200 https://registry.vlt.io/vlt-benchmarks/npm/is-arrayish/-/is-arrayish-0.2.1.tgz 1714ms (cache miss)
npm http fetch GET 200 https://registry.vlt.io/vlt-benchmarks/npm/readable-stream/-/readable-stream-1.1.14.tgz 1741ms (cache miss)
npm http fetch GET 200 https://registry.vlt.io/vlt-benchmarks/npm/json-parse-even-better-errors/-/json-parse-even-better-errors-2.3.1.tgz 1730ms (cache miss)
npm http fetch GET 200 https://registry.vlt.io/vlt-benchmarks/npm/env-paths/-/env-paths-2.2.1.tgz 1730ms (cache miss)
npm http fetch GET 200 https://registry.vlt.io/vlt-benchmarks/npm/parse-json/-/parse-json-5.2.0.tgz 1730ms (cache miss)
npm http fetch GET 200 https://registry.vlt.io/vlt-benchmarks/npm/ansi-regex/-/ansi-regex-5.0.1.tgz 1729ms (cache miss)
npm http fetch GET 200 https://registry.vlt.io/vlt-benchmarks/npm/merge2/-/merge2-1.4.1.tgz 1731ms (cache miss)
npm http fetch GET 200 https://registry.vlt.io/vlt-benchmarks/npm/write-file-atomic/-/write-file-atomic-5.0.1.tgz 1731ms (cache miss)
npm http fetch GET 200 https://registry.vlt.io/vlt-benchmarks/npm/error-ex/-/error-ex-1.3.4.tgz 1746ms (cache miss)
npm http fetch GET 200 https://registry.vlt.io/vlt-benchmarks/npm/emoji-regex/-/emoji-regex-8.0.0.tgz 1745ms (cache miss)
npm http fetch GET 200 https://registry.vlt.io/vlt-benchmarks/npm/json-schema-traverse/-/json-schema-traverse-1.0.0.tgz 1746ms (cache miss)
npm http fetch GET 200 https://registry.vlt.io/vlt-benchmarks/npm/string-width/-/string-width-4.2.3.tgz 1746ms (cache miss)
npm http fetch GET 200 https://registry.vlt.io/vlt-benchmarks/npm/svg-tags/-/svg-tags-1.0.0.tgz 1745ms (cache miss)
npm http fetch GET 200 https://registry.vlt.io/vlt-benchmarks/npm/strip-ansi/-/strip-ansi-6.0.1.tgz 1747ms (cache miss)
npm http fetch GET 200 https://registry.vlt.io/vlt-benchmarks/npm/postcss-safe-parser/-/postcss-safe-parser-7.1.0.tgz 1761ms (cache miss)
npm http fetch GET 200 https://registry.vlt.io/vlt-benchmarks/npm/supports-hyperlinks/-/supports-hyperlinks-3.2.0.tgz 1761ms (cache miss)
npm http fetch GET 200 https://registry.vlt.io/vlt-benchmarks/npm/supports-color/-/supports-color-7.2.0.tgz 1761ms (cache miss)
npm http fetch GET 200 https://registry.vlt.io/vlt-benchmarks/npm/known-css-properties/-/known-css-properties-0.37.0.tgz 1761ms (cache miss)
npm http fetch GET 200 https://registry.vlt.io/vlt-benchmarks/npm/postcss-resolve-nested-selector/-/postcss-resolve-nested-selector-0.1.6.tgz 1762ms (cache miss)
npm http fetch GET 200 https://registry.vlt.io/vlt-benchmarks/npm/mathml-tag-names/-/mathml-tag-names-2.1.3.tgz 1761ms (cache miss)
npm http fetch GET 200 https://registry.vlt.io/vlt-benchmarks/npm/html-tags/-/html-tags-3.3.1.tgz 1777ms (cache miss)
npm http fetch GET 200 https://registry.vlt.io/vlt-benchmarks/npm/is-number/-/is-number-7.0.0.tgz 1777ms (cache miss)
npm http fetch GET 200 https://registry.vlt.io/vlt-benchmarks/npm/to-regex-range/-/to-regex-range-5.0.1.tgz 1778ms (cache miss)
npm http fetch GET 200 https://registry.vlt.io/vlt-benchmarks/npm/fastest-levenshtein/-/fastest-levenshtein-1.0.16.tgz 1779ms (cache miss)
npm http fetch GET 200 https://registry.vlt.io/vlt-benchmarks/npm/globjoin/-/globjoin-0.1.4.tgz 1798ms (cache miss)
npm http fetch GET 200 https://registry.vlt.io/vlt-benchmarks/npm/fill-range/-/fill-range-7.1.1.tgz 1797ms (cache miss)
npm http fetch GET 200 https://registry.vlt.io/vlt-benchmarks/npm/braces/-/braces-3.0.3.tgz 1798ms (cache miss)
npm http fetch GET 200 https://registry.vlt.io/vlt-benchmarks/npm/micromatch/-/micromatch-4.0.8.tgz 1798ms (cache miss)
npm http fetch GET 200 https://registry.vlt.io/vlt-benchmarks/npm/css-functions-list/-/css-functions-list-3.3.3.tgz 1797ms (cache miss)
npm http fetch GET 200 https://registry.vlt.io/vlt-benchmarks/npm/@discoveryjs/json-ext/-/json-ext-0.5.7.tgz 1847ms (cache miss)
npm http fetch GET 200 https://registry.vlt.io/vlt-benchmarks/npm/@csstools/media-query-list-parser/-/media-query-list-parser-4.0.3.tgz 1815ms (cache miss)
npm http fetch GET 200 https://registry.vlt.io/vlt-benchmarks/npm/is-fullwidth-code-point/-/is-fullwidth-code-point-3.0.0.tgz 1814ms (cache miss)
npm http fetch GET 200 https://registry.vlt.io/vlt-benchmarks/npm/object-copy/-/object-copy-0.1.0.tgz 1815ms (cache miss)
npm http fetch GET 200 https://registry.vlt.io/vlt-benchmarks/npm/eastasianwidth/-/eastasianwidth-0.2.0.tgz 1815ms (cache miss)
npm http fetch GET 200 https://registry.vlt.io/vlt-benchmarks/npm/@csstools/css-parser-algorithms/-/css-parser-algorithms-3.0.5.tgz 1815ms (cache miss)
npm http fetch GET 200 https://registry.vlt.io/vlt-benchmarks/npm/es-module-lexer/-/es-module-lexer-2.3.2.tgz 1854ms (cache miss)
npm http fetch GET 200 https://registry.vlt.io/vlt-benchmarks/npm/@csstools/css-tokenizer/-/css-tokenizer-3.0.4.tgz 1832ms (cache miss)
npm http fetch GET 200 https://registry.vlt.io/vlt-benchmarks/npm/@csstools/css-syntax-patches-for-csstree/-/css-syntax-patches-for-csstree-1.1.14.tgz 1832ms (cache miss)
npm http fetch GET 200 https://registry.vlt.io/vlt-benchmarks/npm/copy-descriptor/-/copy-descriptor-0.1.1.tgz 1831ms (cache miss)
npm http fetch GET 200 https://registry.vlt.io/vlt-benchmarks/npm/is-descriptor/-/is-descriptor-0.1.8.tgz 1831ms (cache miss)
npm http fetch GET 200 https://registry.vlt.io/vlt-benchmarks/npm/define-property/-/define-property-0.2.5.tgz 1831ms (cache miss)
npm http fetch GET 200 https://registry.vlt.io/vlt-benchmarks/npm/kind-of/-/kind-of-3.2.2.tgz 1831ms (cache miss)
npm http fetch GET 200 https://registry.vlt.io/vlt-benchmarks/npm/source-map-url/-/source-map-url-0.4.1.tgz 1831ms (cache miss)
npm warn deprecated source-map-url@0.4.1: See https://github.com/lydell/source-map-url#deprecated
npm http fetch GET 200 https://registry.vlt.io/vlt-benchmarks/npm/resolve-url/-/resolve-url-0.2.1.tgz 1832ms (cache miss)
npm warn deprecated resolve-url@0.2.1: https://github.com/lydell/resolve-url#deprecated
npm http fetch GET 200 https://registry.vlt.io/vlt-benchmarks/npm/glob-parent/-/glob-parent-5.1.2.tgz 1835ms (cache miss)
npm http fetch GET 200 https://registry.vlt.io/vlt-benchmarks/npm/urix/-/urix-0.1.0.tgz 1832ms (cache miss)
npm warn deprecated urix@0.1.0: Please see https://github.com/lydell/urix#deprecated
npm http fetch GET 200 https://registry.vlt.io/vlt-benchmarks/npm/snapdragon-util/-/snapdragon-util-3.0.1.tgz 1846ms (cache miss)
npm http fetch GET 200 https://registry.vlt.io/vlt-benchmarks/npm/atob/-/atob-2.1.2.tgz 1847ms (cache miss)
npm http fetch GET 200 https://registry.vlt.io/vlt-benchmarks/npm/has-values/-/has-values-1.0.0.tgz 1846ms (cache miss)
npm http fetch GET 200 https://registry.vlt.io/vlt-benchmarks/npm/decode-uri-component/-/decode-uri-component-0.2.2.tgz 1848ms (cache miss)
npm http fetch GET 200 https://registry.vlt.io/vlt-benchmarks/npm/map-visit/-/map-visit-1.0.0.tgz 1864ms (cache miss)
npm http fetch GET 200 https://registry.vlt.io/vlt-benchmarks/npm/object-visit/-/object-visit-1.0.1.tgz 1864ms (cache miss)
npm http fetch GET 200 https://registry.vlt.io/vlt-benchmarks/npm/static-extend/-/static-extend-0.1.2.tgz 1863ms (cache miss)
npm http fetch GET 200 https://registry.vlt.io/vlt-benchmarks/npm/has-values/-/has-values-0.1.4.tgz 1864ms (cache miss)
npm http fetch GET 200 https://registry.vlt.io/vlt-benchmarks/npm/has-value/-/has-value-0.3.1.tgz 1864ms (cache miss)
npm http fetch GET 200 https://registry.vlt.io/vlt-benchmarks/npm/csstype/-/csstype-3.2.3.tgz 1946ms (cache miss)
npm http fetch GET 200 https://registry.vlt.io/vlt-benchmarks/npm/kind-of/-/kind-of-4.0.0.tgz 1887ms (cache miss)
npm http fetch GET 200 https://registry.vlt.io/vlt-benchmarks/npm/unset-value/-/unset-value-1.0.0.tgz 1887ms (cache miss)
npm http fetch GET 200 https://registry.vlt.io/vlt-benchmarks/npm/to-object-path/-/to-object-path-0.3.0.tgz 1886ms (cache miss)
npm http fetch GET 200 https://registry.vlt.io/vlt-benchmarks/npm/union-value/-/union-value-1.0.1.tgz 1886ms (cache miss)
npm http fetch GET 200 https://registry.vlt.io/vlt-benchmarks/npm/isobject/-/isobject-2.1.0.tgz 1887ms (cache miss)
npm http fetch GET 200 https://registry.vlt.io/vlt-benchmarks/npm/is-plain-object/-/is-plain-object-2.0.4.tgz 1887ms (cache miss)
npm http fetch GET 200 https://registry.vlt.io/vlt-benchmarks/npm/set-value/-/set-value-2.0.1.tgz 1887ms (cache miss)
npm http fetch GET 200 https://registry.vlt.io/vlt-benchmarks/npm/ws/-/ws-7.5.13.tgz 1942ms (cache miss)
npm http fetch GET 200 https://registry.vlt.io/vlt-benchmarks/npm/is-descriptor/-/is-descriptor-0.1.8.tgz 1901ms (cache miss)
npm http fetch GET 200 https://registry.vlt.io/vlt-benchmarks/npm/is-descriptor/-/is-descriptor-0.1.8.tgz 1905ms (cache miss)
npm http fetch GET 200 https://registry.vlt.io/vlt-benchmarks/npm/define-property/-/define-property-0.2.5.tgz 1902ms (cache miss)
npm http fetch GET 200 https://registry.vlt.io/vlt-benchmarks/npm/define-property/-/define-property-0.2.5.tgz 1905ms (cache miss)
npm http fetch GET 200 https://registry.vlt.io/vlt-benchmarks/npm/kind-of/-/kind-of-3.2.2.tgz 1905ms (cache miss)
npm http fetch GET 200 https://registry.vlt.io/vlt-benchmarks/npm/kind-of/-/kind-of-3.2.2.tgz 1907ms (cache miss)
npm http fetch GET 200 https://registry.vlt.io/vlt-benchmarks/npm/mixin-deep/-/mixin-deep-1.3.2.tgz 1904ms (cache miss)
npm http fetch GET 200 https://registry.vlt.io/vlt-benchmarks/npm/collection-visit/-/collection-visit-1.0.0.tgz 1905ms (cache miss)
npm http fetch GET 200 https://registry.vlt.io/vlt-benchmarks/npm/class-utils/-/class-utils-0.3.6.tgz 1905ms (cache miss)
npm http fetch GET 200 https://registry.vlt.io/vlt-benchmarks/npm/is-extendable/-/is-extendable-1.0.1.tgz 1905ms (cache miss)
npm http fetch GET 200 https://registry.vlt.io/vlt-benchmarks/npm/component-emitter/-/component-emitter-1.3.1.tgz 1905ms (cache miss)
npm http fetch GET 200 https://registry.vlt.io/vlt-benchmarks/npm/pascalcase/-/pascalcase-0.1.1.tgz 1905ms (cache miss)
npm http fetch GET 200 https://registry.vlt.io/vlt-benchmarks/npm/has-value/-/has-value-1.0.0.tgz 1925ms (cache miss)
npm http fetch GET 200 https://registry.vlt.io/vlt-benchmarks/npm/source-map-resolve/-/source-map-resolve-0.5.3.tgz 1924ms (cache miss)
npm warn deprecated source-map-resolve@0.5.3: See https://github.com/lydell/source-map-resolve#deprecated
npm http fetch GET 200 https://registry.vlt.io/vlt-benchmarks/npm/define-property/-/define-property-1.0.0.tgz 1924ms (cache miss)
npm http fetch GET 200 https://registry.vlt.io/vlt-benchmarks/npm/cache-base/-/cache-base-1.0.1.tgz 1924ms (cache miss)
npm http fetch GET 200 https://registry.vlt.io/vlt-benchmarks/npm/base/-/base-0.11.2.tgz 1924ms (cache miss)
npm http fetch GET 200 https://registry.vlt.io/vlt-benchmarks/npm/use/-/use-3.1.1.tgz 1941ms (cache miss)
npm http fetch GET 200 https://registry.vlt.io/vlt-benchmarks/npm/shebang-regex/-/shebang-regex-3.0.0.tgz 1940ms (cache miss)
npm http fetch GET 200 https://registry.vlt.io/vlt-benchmarks/npm/side-channel-map/-/side-channel-map-1.0.1.tgz 1940ms (cache miss)
npm http fetch GET 200 https://registry.vlt.io/vlt-benchmarks/npm/sver-compat/-/sver-compat-1.5.0.tgz 1941ms (cache miss)
npm http fetch GET 200 https://registry.vlt.io/vlt-benchmarks/npm/@types/json-schema/-/json-schema-7.0.15.tgz 1940ms (cache miss)
npm http fetch GET 200 https://registry.vlt.io/vlt-benchmarks/npm/json-schema-traverse/-/json-schema-traverse-1.0.0.tgz 1940ms (cache miss)
npm http fetch GET 200 https://registry.vlt.io/vlt-benchmarks/npm/side-channel-list/-/side-channel-list-1.0.1.tgz 1941ms (cache miss)
npm http fetch GET 200 https://registry.vlt.io/vlt-benchmarks/npm/is-plain-object/-/is-plain-object-2.0.4.tgz 1960ms (cache miss)
npm http fetch GET 200 https://registry.vlt.io/vlt-benchmarks/npm/side-channel-weakmap/-/side-channel-weakmap-1.0.2.tgz 1958ms (cache miss)
npm http fetch GET 200 https://registry.vlt.io/vlt-benchmarks/npm/queue-microtask/-/queue-microtask-1.2.3.tgz 1958ms (cache miss)
npm http fetch GET 200 https://registry.vlt.io/vlt-benchmarks/npm/global-modules/-/global-modules-1.0.0.tgz 1957ms (cache miss)
npm http fetch GET 200 https://registry.vlt.io/vlt-benchmarks/npm/global-prefix/-/global-prefix-1.0.2.tgz 1957ms (cache miss)
npm http fetch GET 200 https://registry.vlt.io/vlt-benchmarks/npm/which/-/which-1.3.1.tgz 1957ms (cache miss)
npm http fetch GET 200 https://registry.vlt.io/vlt-benchmarks/npm/ini/-/ini-1.3.8.tgz 1959ms (cache miss)
npm http fetch GET 200 https://registry.vlt.io/vlt-benchmarks/npm/ret/-/ret-0.1.15.tgz 1974ms (cache miss)
npm http fetch GET 200 https://registry.vlt.io/vlt-benchmarks/npm/path-parse/-/path-parse-1.0.7.tgz 1973ms (cache miss)
npm http fetch GET 200 https://registry.vlt.io/vlt-benchmarks/npm/supports-preserve-symlinks-flag/-/supports-preserve-symlinks-flag-1.0.0.tgz 1973ms (cache miss)
npm http fetch GET 200 https://registry.vlt.io/vlt-benchmarks/npm/jsesc/-/jsesc-0.5.0.tgz 1973ms (cache miss)
npm http fetch GET 200 https://registry.vlt.io/vlt-benchmarks/npm/remove-trailing-separator/-/remove-trailing-separator-1.1.0.tgz 1974ms (cache miss)
npm http fetch GET 200 https://registry.vlt.io/vlt-benchmarks/npm/regjsgen/-/regjsgen-0.2.0.tgz 1973ms (cache miss)
npm http fetch GET 200 https://registry.vlt.io/vlt-benchmarks/npm/regenerate/-/regenerate-1.4.2.tgz 1973ms (cache miss)
npm http fetch GET 200 https://registry.vlt.io/vlt-benchmarks/npm/is-finite/-/is-finite-1.1.0.tgz 1974ms (cache miss)
npm http fetch GET 200 https://registry.vlt.io/vlt-benchmarks/npm/regjsparser/-/regjsparser-0.1.5.tgz 1989ms (cache miss)
npm http fetch GET 200 https://registry.vlt.io/vlt-benchmarks/npm/isarray/-/isarray-1.0.0.tgz 1989ms (cache miss)
npm http fetch GET 200 https://registry.vlt.io/vlt-benchmarks/npm/safe-regex/-/safe-regex-1.1.0.tgz 1990ms (cache miss)
npm http fetch GET 200 https://registry.vlt.io/vlt-benchmarks/npm/string_decoder/-/string_decoder-1.1.1.tgz 1989ms (cache miss)
npm http fetch GET 200 https://registry.vlt.io/vlt-benchmarks/npm/core-util-is/-/core-util-is-1.0.3.tgz 1990ms (cache miss)
npm http fetch GET 200 https://registry.vlt.io/vlt-benchmarks/npm/safe-buffer/-/safe-buffer-5.1.2.tgz 1990ms (cache miss)
npm http fetch GET 200 https://registry.vlt.io/vlt-benchmarks/npm/dom-helpers/-/dom-helpers-3.4.0.tgz 2006ms (cache miss)
npm http fetch GET 200 https://registry.vlt.io/vlt-benchmarks/npm/react-deep-force-update/-/react-deep-force-update-1.1.2.tgz 2006ms (cache miss)
npm http fetch GET 200 https://registry.vlt.io/vlt-benchmarks/npm/@floating-ui/utils/-/utils-0.2.12.tgz 2006ms (cache miss)
npm http fetch GET 200 https://registry.vlt.io/vlt-benchmarks/npm/tiny-invariant/-/tiny-invariant-1.2.0.tgz 2022ms (cache miss)
npm http fetch GET 200 https://registry.vlt.io/vlt-benchmarks/npm/lodash.throttle/-/lodash.throttle-4.1.1.tgz 2022ms (cache miss)
npm http fetch GET 200 https://registry.vlt.io/vlt-benchmarks/npm/css-mediaquery/-/css-mediaquery-0.1.2.tgz 2022ms (cache miss)
npm http fetch GET 200 https://registry.vlt.io/vlt-benchmarks/npm/hyphenate-style-name/-/hyphenate-style-name-1.1.0.tgz 2022ms (cache miss)
npm http fetch GET 200 https://registry.vlt.io/vlt-benchmarks/npm/shallow-equal/-/shallow-equal-1.2.1.tgz 2023ms (cache miss)
npm http fetch GET 200 https://registry.vlt.io/vlt-benchmarks/npm/matchmediaquery/-/matchmediaquery-0.3.1.tgz 2023ms (cache miss)
npm http fetch GET 200 https://registry.vlt.io/vlt-benchmarks/npm/get-node-dimensions/-/get-node-dimensions-1.2.1.tgz 2022ms (cache miss)
npm http fetch GET 200 https://registry.vlt.io/vlt-benchmarks/npm/livereload-js/-/livereload-js-2.4.0.tgz 2063ms (cache miss)
npm http fetch GET 200 https://registry.vlt.io/vlt-benchmarks/npm/dom-walk/-/dom-walk-0.1.2.tgz 2039ms (cache miss)
npm http fetch GET 200 https://registry.vlt.io/vlt-benchmarks/npm/process/-/process-0.11.10.tgz 2039ms (cache miss)
npm http fetch GET 200 https://registry.vlt.io/vlt-benchmarks/npm/shallowequal/-/shallowequal-1.1.0.tgz 2039ms (cache miss)
npm http fetch GET 200 https://registry.vlt.io/vlt-benchmarks/npm/min-document/-/min-document-2.19.2.tgz 2039ms (cache miss)
npm http fetch GET 200 https://registry.vlt.io/vlt-benchmarks/npm/react-lifecycles-compat/-/react-lifecycles-compat-3.0.4.tgz 2040ms (cache miss)
npm http fetch GET 200 https://registry.vlt.io/vlt-benchmarks/npm/react-resizable/-/react-resizable-3.2.0.tgz 2039ms (cache miss)
npm http fetch GET 200 https://registry.vlt.io/vlt-benchmarks/npm/global/-/global-4.4.0.tgz 2039ms (cache miss)
npm http fetch GET 200 https://registry.vlt.io/vlt-benchmarks/npm/error-stack-parser/-/error-stack-parser-1.3.6.tgz 2116ms (cache miss)
npm http fetch GET 200 https://registry.vlt.io/vlt-benchmarks/npm/clsx/-/clsx-2.1.1.tgz 2057ms (cache miss)
npm http fetch GET 200 https://registry.vlt.io/vlt-benchmarks/npm/attr-accept/-/attr-accept-2.2.5.tgz 2056ms (cache miss)
npm http fetch GET 200 https://registry.vlt.io/vlt-benchmarks/npm/watchpack/-/watchpack-2.5.2.tgz 2110ms (cache miss)
npm http fetch GET 200 https://registry.vlt.io/vlt-benchmarks/npm/linkify-it/-/linkify-it-2.2.0.tgz 2071ms (cache miss)
npm http fetch GET 200 https://registry.vlt.io/vlt-benchmarks/npm/uc.micro/-/uc.micro-1.0.6.tgz 2071ms (cache miss)
npm http fetch GET 200 https://registry.vlt.io/vlt-benchmarks/npm/hoist-non-react-statics/-/hoist-non-react-statics-3.3.2.tgz 2071ms (cache miss)
npm http fetch GET 200 https://registry.vlt.io/vlt-benchmarks/npm/@react-dnd/invariant/-/invariant-4.0.2.tgz 2095ms (cache miss)
npm http fetch GET 200 https://registry.vlt.io/vlt-benchmarks/npm/@react-dnd/shallowequal/-/shallowequal-4.0.2.tgz 2096ms (cache miss)
npm http fetch GET 200 https://registry.vlt.io/vlt-benchmarks/npm/rcfinder/-/rcfinder-0.1.9.tgz 2096ms (cache miss)
npm http fetch GET 200 https://registry.vlt.io/vlt-benchmarks/npm/lodash.isobject/-/lodash.isobject-3.0.2.tgz 2097ms (cache miss)
npm http fetch GET 200 https://registry.vlt.io/vlt-benchmarks/npm/smart-mixin/-/smart-mixin-2.0.0.tgz 2117ms (cache miss)
npm http fetch GET 200 https://registry.vlt.io/vlt-benchmarks/npm/react-is/-/react-is-18.3.1.tgz 2113ms (cache miss)
npm http fetch GET 200 https://registry.vlt.io/vlt-benchmarks/npm/classnames/-/classnames-2.5.1.tgz 2113ms (cache miss)
npm http fetch GET 200 https://registry.vlt.io/vlt-benchmarks/npm/react-is/-/react-is-16.13.1.tgz 2112ms (cache miss)
npm http fetch GET 200 https://registry.vlt.io/vlt-benchmarks/npm/ipaddr.js/-/ipaddr.js-1.9.1.tgz 2113ms (cache miss)
npm http fetch GET 200 https://registry.vlt.io/vlt-benchmarks/npm/forwarded/-/forwarded-0.2.0.tgz 2113ms (cache miss)
npm http fetch GET 200 https://registry.vlt.io/vlt-benchmarks/npm/asap/-/asap-2.0.6.tgz 2113ms (cache miss)
npm http fetch GET 200 https://registry.vlt.io/vlt-benchmarks/npm/draftjs-utils/-/draftjs-utils-0.10.2.tgz 2132ms (cache miss)
npm http fetch GET 200 https://registry.vlt.io/vlt-benchmarks/npm/stream-parser/-/stream-parser-0.3.1.tgz 2131ms (cache miss)
npm http fetch GET 200 https://registry.vlt.io/vlt-benchmarks/npm/ms/-/ms-2.0.0.tgz 2130ms (cache miss)
npm http fetch GET 200 https://registry.vlt.io/vlt-benchmarks/npm/cssesc/-/cssesc-3.0.0.tgz 2144ms (cache miss)
npm http fetch GET 200 https://registry.vlt.io/vlt-benchmarks/npm/util-deprecate/-/util-deprecate-1.0.2.tgz 2144ms (cache miss)
npm http fetch GET 200 https://registry.vlt.io/vlt-benchmarks/npm/thenby/-/thenby-1.4.1.tgz 2144ms (cache miss)
npm http fetch GET 200 https://registry.vlt.io/vlt-benchmarks/npm/lodash.uniq/-/lodash.uniq-4.5.0.tgz 2144ms (cache miss)
npm http fetch GET 200 https://registry.vlt.io/vlt-benchmarks/npm/lodash.memoize/-/lodash.memoize-4.1.2.tgz 2161ms (cache miss)
npm http fetch GET 200 https://registry.vlt.io/vlt-benchmarks/npm/caniuse-api/-/caniuse-api-3.0.0.tgz 2160ms (cache miss)
npm http fetch GET 200 https://registry.vlt.io/vlt-benchmarks/npm/nanoid/-/nanoid-3.3.19.tgz 2160ms (cache miss)
npm http fetch GET 200 https://registry.vlt.io/vlt-benchmarks/npm/tslib/-/tslib-2.8.1.tgz 2181ms (cache miss)
npm http fetch GET 200 https://registry.vlt.io/vlt-benchmarks/npm/pinkie/-/pinkie-2.0.4.tgz 2175ms (cache miss)
npm http fetch GET 200 https://registry.vlt.io/vlt-benchmarks/npm/path-root-regex/-/path-root-regex-0.1.2.tgz 2176ms (cache miss)
npm http fetch GET 200 https://registry.vlt.io/vlt-benchmarks/npm/arr-union/-/arr-union-3.1.0.tgz 2176ms (cache miss)
npm http fetch GET 200 https://registry.vlt.io/vlt-benchmarks/npm/is-unc-path/-/is-unc-path-1.0.0.tgz 2175ms (cache miss)
npm http fetch GET 200 https://registry.vlt.io/vlt-benchmarks/npm/unc-path-regex/-/unc-path-regex-0.1.2.tgz 2176ms (cache miss)
npm http fetch GET 200 https://registry.vlt.io/vlt-benchmarks/npm/ajv-keywords/-/ajv-keywords-3.5.2.tgz 2272ms (cache miss)
npm http fetch GET 200 https://registry.vlt.io/vlt-benchmarks/npm/html-to-draftjs/-/html-to-draftjs-1.5.0.tgz 2200ms (cache miss)
npm http fetch GET 200 https://registry.vlt.io/vlt-benchmarks/npm/commander/-/commander-7.2.0.tgz 2197ms (cache miss)
npm http fetch GET 200 https://registry.vlt.io/vlt-benchmarks/npm/is-relative/-/is-relative-1.0.0.tgz 2194ms (cache miss)
npm http fetch GET 200 https://registry.vlt.io/vlt-benchmarks/npm/callsites/-/callsites-3.1.0.tgz 2194ms (cache miss)
npm http fetch GET 200 https://registry.vlt.io/vlt-benchmarks/npm/is-absolute/-/is-absolute-1.0.0.tgz 2195ms (cache miss)
npm http fetch GET 200 https://registry.vlt.io/vlt-benchmarks/npm/yocto-queue/-/yocto-queue-0.1.0.tgz 2194ms (cache miss)
npm http fetch GET 200 https://registry.vlt.io/vlt-benchmarks/npm/path-root/-/path-root-0.1.1.tgz 2195ms (cache miss)
npm http fetch GET 200 https://registry.vlt.io/vlt-benchmarks/npm/p-limit/-/p-limit-3.1.0.tgz 2194ms (cache miss)
npm http fetch GET 200 https://registry.vlt.io/vlt-benchmarks/npm/deep-is/-/deep-is-0.1.4.tgz 2209ms (cache miss)
npm http fetch GET 200 https://registry.vlt.io/vlt-benchmarks/npm/word-wrap/-/word-wrap-1.2.5.tgz 2210ms (cache miss)
npm http fetch GET 200 https://registry.vlt.io/vlt-benchmarks/npm/wrappy/-/wrappy-1.0.2.tgz 2210ms (cache miss)
npm http fetch GET 200 https://registry.vlt.io/vlt-benchmarks/npm/kind-of/-/kind-of-6.0.3.tgz 2209ms (cache miss)
npm http fetch GET 200 https://registry.vlt.io/vlt-benchmarks/npm/ee-first/-/ee-first-1.1.1.tgz 2210ms (cache miss)
npm http fetch GET 200 https://registry.vlt.io/vlt-benchmarks/npm/make-iterator/-/make-iterator-1.0.1.tgz 2210ms (cache miss)
npm http fetch GET 200 https://registry.vlt.io/vlt-benchmarks/npm/fast-levenshtein/-/fast-levenshtein-2.0.6.tgz 2228ms (cache miss)
npm http fetch GET 200 https://registry.vlt.io/vlt-benchmarks/npm/for-own/-/for-own-1.0.0.tgz 2228ms (cache miss)
npm http fetch GET 200 https://registry.vlt.io/vlt-benchmarks/npm/for-in/-/for-in-1.0.2.tgz 2227ms (cache miss)
npm http fetch GET 200 https://registry.vlt.io/vlt-benchmarks/npm/array-each/-/array-each-1.0.1.tgz 2227ms (cache miss)
npm http fetch GET 200 https://registry.vlt.io/vlt-benchmarks/npm/array-slice/-/array-slice-1.1.0.tgz 2227ms (cache miss)
npm http fetch GET 200 https://registry.vlt.io/vlt-benchmarks/npm/minimizer-webpack-plugin/-/minimizer-webpack-plugin-5.11.0.tgz 2293ms (cache miss)
npm http fetch GET 200 https://registry.vlt.io/vlt-benchmarks/npm/sax/-/sax-1.6.1.tgz 2244ms (cache miss)
npm http fetch GET 200 https://registry.vlt.io/vlt-benchmarks/npm/whatwg-url/-/whatwg-url-5.0.0.tgz 2245ms (cache miss)
npm http fetch GET 200 https://registry.vlt.io/vlt-benchmarks/npm/string_decoder/-/string_decoder-0.10.31.tgz 2244ms (cache miss)
npm http fetch GET 200 https://registry.vlt.io/vlt-benchmarks/npm/isarray/-/isarray-0.0.1.tgz 2244ms (cache miss)
npm http fetch GET 200 https://registry.vlt.io/vlt-benchmarks/npm/duplexer2/-/duplexer2-0.0.2.tgz 2245ms (cache miss)
npm http fetch GET 200 https://registry.vlt.io/vlt-benchmarks/npm/next-tick/-/next-tick-1.1.0.tgz 2245ms (cache miss)
npm http fetch GET 200 https://registry.vlt.io/vlt-benchmarks/npm/event-emitter/-/event-emitter-0.3.5.tgz 2245ms (cache miss)
npm http fetch GET 200 https://registry.vlt.io/vlt-benchmarks/npm/is-windows/-/is-windows-1.0.2.tgz 2264ms (cache miss)
npm http fetch GET 200 https://registry.vlt.io/vlt-benchmarks/npm/es6-iterator/-/es6-iterator-2.0.3.tgz 2263ms (cache miss)
npm http fetch GET 200 https://registry.vlt.io/vlt-benchmarks/npm/ext/-/ext-1.7.0.tgz 2264ms (cache miss)
npm http fetch GET 200 https://registry.vlt.io/vlt-benchmarks/npm/use-sync-external-store/-/use-sync-external-store-1.7.0.tgz 2264ms (cache miss)
npm http fetch GET 200 https://registry.vlt.io/vlt-benchmarks/npm/es6-symbol/-/es6-symbol-3.1.4.tgz 2264ms (cache miss)
npm http fetch GET 200 https://registry.vlt.io/vlt-benchmarks/npm/concat-map/-/concat-map-0.0.1.tgz 2277ms (cache miss)
npm http fetch GET 200 https://registry.vlt.io/vlt-benchmarks/npm/balanced-match/-/balanced-match-1.0.2.tgz 2277ms (cache miss)
npm http fetch GET 200 https://registry.vlt.io/vlt-benchmarks/npm/d/-/d-1.0.2.tgz 2278ms (cache miss)
npm http fetch GET 200 https://registry.vlt.io/vlt-benchmarks/npm/map-cache/-/map-cache-0.2.2.tgz 2277ms (cache miss)
npm http fetch GET 200 https://registry.vlt.io/vlt-benchmarks/npm/brace-expansion/-/brace-expansion-1.1.21.tgz 2278ms (cache miss)
npm http fetch GET 200 https://registry.vlt.io/vlt-benchmarks/npm/is-accessor-descriptor/-/is-accessor-descriptor-1.0.2.tgz 2295ms (cache miss)
npm http fetch GET 200 https://registry.vlt.io/vlt-benchmarks/npm/expand-brackets/-/expand-brackets-2.1.4.tgz 2296ms (cache miss)
npm http fetch GET 200 https://registry.vlt.io/vlt-benchmarks/npm/is-data-descriptor/-/is-data-descriptor-1.0.1.tgz 2296ms (cache miss)
npm http fetch GET 200 https://registry.vlt.io/vlt-benchmarks/npm/posix-character-classes/-/posix-character-classes-0.1.1.tgz 2296ms (cache miss)
npm http fetch GET 200 https://registry.vlt.io/vlt-benchmarks/npm/is-descriptor/-/is-descriptor-0.1.8.tgz 2297ms (cache miss)
npm http fetch GET 200 https://registry.vlt.io/vlt-benchmarks/npm/ms/-/ms-2.0.0.tgz 2297ms (cache miss)
npm http fetch GET 200 https://registry.vlt.io/vlt-benchmarks/npm/define-property/-/define-property-0.2.5.tgz 2296ms (cache miss)
npm http fetch GET 200 https://registry.vlt.io/vlt-benchmarks/npm/mime-db/-/mime-db-1.52.0.tgz 2319ms (cache miss)
npm http fetch GET 200 https://registry.vlt.io/vlt-benchmarks/npm/is-plain-object/-/is-plain-object-2.0.4.tgz 2317ms (cache miss)
npm http fetch GET 200 https://registry.vlt.io/vlt-benchmarks/npm/is-plain-object/-/is-plain-object-2.0.4.tgz 2316ms (cache miss)
npm http fetch GET 200 https://registry.vlt.io/vlt-benchmarks/npm/is-descriptor/-/is-descriptor-1.0.4.tgz 2318ms (cache miss)
npm http fetch GET 200 https://registry.vlt.io/vlt-benchmarks/npm/extend-shallow/-/extend-shallow-3.0.2.tgz 2318ms (cache miss)
npm http fetch GET 200 https://registry.vlt.io/vlt-benchmarks/npm/is-extendable/-/is-extendable-1.0.1.tgz 2318ms (cache miss)
npm http fetch GET 200 https://registry.vlt.io/vlt-benchmarks/npm/is-extendable/-/is-extendable-1.0.1.tgz 2317ms (cache miss)
npm http fetch GET 200 https://registry.vlt.io/vlt-benchmarks/npm/ajv-formats/-/ajv-formats-3.0.1.tgz 2359ms (cache miss)
npm http fetch GET 200 https://registry.vlt.io/vlt-benchmarks/npm/debug/-/debug-2.6.9.tgz 2348ms (cache miss)
npm http fetch GET 200 https://registry.vlt.io/vlt-benchmarks/npm/regex-not/-/regex-not-1.0.2.tgz 2337ms (cache miss)
npm http fetch GET 200 https://registry.vlt.io/vlt-benchmarks/npm/kind-of/-/kind-of-6.0.3.tgz 2336ms (cache miss)
npm http fetch GET 200 https://registry.vlt.io/vlt-benchmarks/npm/fragment-cache/-/fragment-cache-0.2.1.tgz 2337ms (cache miss)
npm http fetch GET 200 https://registry.vlt.io/vlt-benchmarks/npm/define-property/-/define-property-2.0.2.tgz 2337ms (cache miss)
npm http fetch GET 200 https://registry.vlt.io/vlt-benchmarks/npm/define-property/-/define-property-1.0.0.tgz 2336ms (cache miss)
npm http fetch GET 200 https://registry.vlt.io/vlt-benchmarks/npm/extglob/-/extglob-2.0.4.tgz 2337ms (cache miss)
npm http fetch GET 200 https://registry.vlt.io/vlt-benchmarks/npm/@floating-ui/dom/-/dom-1.8.0.tgz 2371ms (cache miss)
npm http fetch GET 200 https://registry.vlt.io/vlt-benchmarks/npm/yallist/-/yallist-3.1.1.tgz 2352ms (cache miss)
npm http fetch GET 200 https://registry.vlt.io/vlt-benchmarks/npm/stack-trace/-/stack-trace-0.0.10.tgz 2352ms (cache miss)
npm http fetch GET 200 https://registry.vlt.io/vlt-benchmarks/npm/lodash.isarray/-/lodash.isarray-3.0.4.tgz 2352ms (cache miss)
npm http fetch GET 200 https://registry.vlt.io/vlt-benchmarks/npm/lodash._getnative/-/lodash._getnative-3.9.1.tgz 2352ms (cache miss)
npm http fetch GET 200 https://registry.vlt.io/vlt-benchmarks/npm/lodash.isarguments/-/lodash.isarguments-3.1.0.tgz 2353ms (cache miss)
npm http fetch GET 200 https://registry.vlt.io/vlt-benchmarks/npm/arr-diff/-/arr-diff-4.0.0.tgz 2372ms (cache miss)
npm http fetch GET 200 https://registry.vlt.io/vlt-benchmarks/npm/lodash.restparam/-/lodash.restparam-3.6.1.tgz 2372ms (cache miss)
npm http fetch GET 200 https://registry.vlt.io/vlt-benchmarks/npm/lodash.templatesettings/-/lodash.templatesettings-3.1.1.tgz 2372ms (cache miss)
npm http fetch GET 200 https://registry.vlt.io/vlt-benchmarks/npm/lodash.escape/-/lodash.escape-3.2.0.tgz 2372ms (cache miss)
npm http fetch GET 200 https://registry.vlt.io/vlt-benchmarks/npm/lodash.keys/-/lodash.keys-3.1.2.tgz 2373ms (cache miss)
npm http fetch GET 200 https://registry.vlt.io/vlt-benchmarks/npm/lodash._basevalues/-/lodash._basevalues-3.0.0.tgz 2372ms (cache miss)
npm http fetch GET 200 https://registry.vlt.io/vlt-benchmarks/npm/meow/-/meow-13.2.0.tgz 2423ms (cache miss)
npm http fetch GET 200 https://registry.vlt.io/vlt-benchmarks/npm/extend-shallow/-/extend-shallow-3.0.2.tgz 2389ms (cache miss)
npm http fetch GET 200 https://registry.vlt.io/vlt-benchmarks/npm/nanomatch/-/nanomatch-1.2.13.tgz 2389ms (cache miss)
npm http fetch GET 200 https://registry.vlt.io/vlt-benchmarks/npm/lodash._root/-/lodash._root-3.0.1.tgz 2387ms (cache miss)
npm http fetch GET 200 https://registry.vlt.io/vlt-benchmarks/npm/p-locate/-/p-locate-5.0.0.tgz 2387ms (cache miss)
npm http fetch GET 200 https://registry.vlt.io/vlt-benchmarks/npm/lodash._isiterateecall/-/lodash._isiterateecall-3.0.9.tgz 2388ms (cache miss)
npm http fetch GET 200 https://registry.vlt.io/vlt-benchmarks/npm/lodash._basecopy/-/lodash._basecopy-3.0.1.tgz 2387ms (cache miss)
npm http fetch GET 200 https://registry.vlt.io/vlt-benchmarks/npm/big.js/-/big.js-3.2.0.tgz 2388ms (cache miss)
npm http fetch GET 200 https://registry.vlt.io/vlt-benchmarks/npm/homedir-polyfill/-/homedir-polyfill-1.0.3.tgz 2387ms (cache miss)
npm http fetch GET 200 https://registry.vlt.io/vlt-benchmarks/npm/parse-passwd/-/parse-passwd-1.0.0.tgz 2407ms (cache miss)
npm http fetch GET 200 https://registry.vlt.io/vlt-benchmarks/npm/emojis-list/-/emojis-list-2.1.0.tgz 2407ms (cache miss)
npm http fetch GET 200 https://registry.vlt.io/vlt-benchmarks/npm/lodash._basetostring/-/lodash._basetostring-3.0.1.tgz 2408ms (cache miss)
npm http fetch GET 200 https://registry.vlt.io/vlt-benchmarks/npm/parse-filepath/-/parse-filepath-1.0.2.tgz 2407ms (cache miss)
npm http fetch GET 200 https://registry.vlt.io/vlt-benchmarks/npm/expand-tilde/-/expand-tilde-2.0.2.tgz 2407ms (cache miss)
npm http fetch GET 200 https://registry.vlt.io/vlt-benchmarks/npm/detect-file/-/detect-file-1.0.0.tgz 2408ms (cache miss)
npm http fetch GET 200 https://registry.vlt.io/vlt-benchmarks/npm/rechoir/-/rechoir-0.6.2.tgz 2408ms (cache miss)
npm http fetch GET 200 https://registry.vlt.io/vlt-benchmarks/npm/object.pick/-/object.pick-1.3.0.tgz 2408ms (cache miss)
npm http fetch GET 200 https://registry.vlt.io/vlt-benchmarks/npm/resolve-dir/-/resolve-dir-1.0.1.tgz 2408ms (cache miss)
npm http fetch GET 200 https://registry.vlt.io/vlt-benchmarks/npm/object.map/-/object.map-1.0.1.tgz 2408ms (cache miss)
npm http fetch GET 200 https://registry.vlt.io/vlt-benchmarks/npm/flagged-respawn/-/flagged-respawn-1.0.1.tgz 2422ms (cache miss)
npm http fetch GET 200 https://registry.vlt.io/vlt-benchmarks/npm/extend/-/extend-3.0.2.tgz 2422ms (cache miss)
npm http fetch GET 200 https://registry.vlt.io/vlt-benchmarks/npm/fined/-/fined-1.2.0.tgz 2422ms (cache miss)
npm http fetch GET 200 https://registry.vlt.io/vlt-benchmarks/npm/is-plain-object/-/is-plain-object-2.0.4.tgz 2423ms (cache miss)
npm http fetch GET 200 https://registry.vlt.io/vlt-benchmarks/npm/type-check/-/type-check-0.4.0.tgz 2423ms (cache miss)
npm http fetch GET 200 https://registry.vlt.io/vlt-benchmarks/npm/findup-sync/-/findup-sync-3.0.0.tgz 2423ms (cache miss)
npm http fetch GET 200 https://registry.vlt.io/vlt-benchmarks/npm/is-what/-/is-what-4.1.16.tgz 2441ms (cache miss)
npm http fetch GET 200 https://registry.vlt.io/vlt-benchmarks/npm/prelude-ls/-/prelude-ls-1.2.1.tgz 2441ms (cache miss)
npm http fetch GET 200 https://registry.vlt.io/vlt-benchmarks/npm/lodash.clonedeep/-/lodash.clonedeep-4.5.0.tgz 2441ms (cache miss)
npm http fetch GET 200 https://registry.vlt.io/vlt-benchmarks/npm/prr/-/prr-1.0.1.tgz 2442ms (cache miss)
npm http fetch GET 200 https://registry.vlt.io/vlt-benchmarks/npm/@floating-ui/core/-/core-1.8.0.tgz 2480ms (cache miss)
npm http fetch GET 200 https://registry.vlt.io/vlt-benchmarks/npm/readable-stream/-/readable-stream-1.1.14.tgz 2467ms (cache miss)
npm http fetch GET 200 https://registry.vlt.io/vlt-benchmarks/npm/mime/-/mime-1.6.0.tgz 2456ms (cache miss)
npm http fetch GET 200 https://registry.vlt.io/vlt-benchmarks/npm/debug/-/debug-3.2.7.tgz 2456ms (cache miss)
npm http fetch GET 200 https://registry.vlt.io/vlt-benchmarks/npm/copy-anything/-/copy-anything-3.0.5.tgz 2455ms (cache miss)
npm http fetch GET 200 https://registry.vlt.io/vlt-benchmarks/npm/json-buffer/-/json-buffer-3.0.1.tgz 2456ms (cache miss)
npm http fetch GET 200 https://registry.vlt.io/vlt-benchmarks/npm/errno/-/errno-0.1.8.tgz 2457ms (cache miss)
npm http fetch GET 200 https://registry.vlt.io/vlt-benchmarks/npm/make-dir/-/make-dir-5.1.0.tgz 2474ms (cache miss)
npm http fetch GET 200 https://registry.vlt.io/vlt-benchmarks/npm/filelist/-/filelist-1.0.6.tgz 2474ms (cache miss)
npm http fetch GET 200 https://registry.vlt.io/vlt-benchmarks/npm/brace-expansion/-/brace-expansion-2.1.7.tgz 2474ms (cache miss)
npm http fetch GET 200 https://registry.vlt.io/vlt-benchmarks/npm/emoji-regex/-/emoji-regex-8.0.0.tgz 2473ms (cache miss)
npm http fetch GET 200 https://registry.vlt.io/vlt-benchmarks/npm/ansi-regex/-/ansi-regex-5.0.1.tgz 2473ms (cache miss)
npm http fetch GET 200 https://registry.vlt.io/vlt-benchmarks/npm/emoji-regex/-/emoji-regex-8.0.0.tgz 2473ms (cache miss)
npm http fetch GET 200 https://registry.vlt.io/vlt-benchmarks/npm/ansi-regex/-/ansi-regex-5.0.1.tgz 2473ms (cache miss)
npm http fetch GET 200 https://registry.vlt.io/vlt-benchmarks/npm/ansi-regex/-/ansi-regex-5.0.1.tgz 2473ms (cache miss)
npm http fetch GET 200 https://registry.vlt.io/vlt-benchmarks/npm/strip-ansi/-/strip-ansi-6.0.1.tgz 2474ms (cache miss)
npm http fetch GET 200 https://registry.vlt.io/vlt-benchmarks/npm/strip-ansi/-/strip-ansi-6.0.1.tgz 2474ms (cache miss)
npm http fetch GET 200 https://registry.vlt.io/vlt-benchmarks/npm/wrap-ansi/-/wrap-ansi-7.0.0.tgz 2476ms (cache miss)
npm http fetch GET 200 https://registry.vlt.io/vlt-benchmarks/npm/strip-ansi/-/strip-ansi-6.0.1.tgz 2474ms (cache miss)
npm http fetch GET 200 https://registry.vlt.io/vlt-benchmarks/npm/minimatch/-/minimatch-5.1.9.tgz 2476ms (cache miss)
npm http fetch GET 200 https://registry.vlt.io/vlt-benchmarks/npm/string-width/-/string-width-4.2.3.tgz 2490ms (cache miss)
npm http fetch GET 200 https://registry.vlt.io/vlt-benchmarks/npm/string-width/-/string-width-4.2.3.tgz 2490ms (cache miss)
npm http fetch GET 200 https://registry.vlt.io/vlt-benchmarks/npm/ansi-styles/-/ansi-styles-4.3.0.tgz 2491ms (cache miss)
npm http fetch GET 200 https://registry.vlt.io/vlt-benchmarks/npm/strip-ansi/-/strip-ansi-7.2.0.tgz 2491ms (cache miss)
npm http fetch GET 200 https://registry.vlt.io/vlt-benchmarks/npm/@dual-bundle/import-meta-resolve/-/import-meta-resolve-4.2.1.tgz 2548ms (cache miss)
npm http fetch GET 200 https://registry.vlt.io/vlt-benchmarks/npm/debug/-/debug-2.6.9.tgz 2518ms (cache miss)
npm http fetch GET 200 https://registry.vlt.io/vlt-benchmarks/npm/argparse/-/argparse-2.0.1.tgz 2509ms (cache miss)
npm http fetch GET 200 https://registry.vlt.io/vlt-benchmarks/npm/ansi-regex/-/ansi-regex-6.3.0.tgz 2509ms (cache miss)
npm http fetch GET 200 https://registry.vlt.io/vlt-benchmarks/npm/ansi-styles/-/ansi-styles-6.2.3.tgz 2508ms (cache miss)
npm http fetch GET 200 https://registry.vlt.io/vlt-benchmarks/npm/wrap-ansi/-/wrap-ansi-8.1.0.tgz 2509ms (cache miss)
npm http fetch GET 200 https://registry.vlt.io/vlt-benchmarks/npm/string-width/-/string-width-5.1.2.tgz 2507ms (cache miss)
npm http fetch GET 200 https://registry.vlt.io/vlt-benchmarks/npm/events/-/events-3.3.0.tgz 2589ms (cache miss)
npm http fetch GET 200 https://registry.vlt.io/vlt-benchmarks/npm/@isaacs/cliui/-/cliui-8.0.2.tgz 2524ms (cache miss)
npm http fetch GET 200 https://registry.vlt.io/vlt-benchmarks/npm/set-function-name/-/set-function-name-2.0.2.tgz 2540ms (cache miss)
npm http fetch GET 200 https://registry.vlt.io/vlt-benchmarks/npm/is-extglob/-/is-extglob-2.1.1.tgz 2540ms (cache miss)
npm http fetch GET 200 https://registry.vlt.io/vlt-benchmarks/npm/strip-comments/-/strip-comments-2.0.1.tgz 2541ms (cache miss)
npm http fetch GET 200 https://registry.vlt.io/vlt-benchmarks/npm/side-channel/-/side-channel-1.1.1.tgz 2541ms (cache miss)
npm http fetch GET 200 https://registry.vlt.io/vlt-benchmarks/npm/resolve-from/-/resolve-from-4.0.0.tgz 2541ms (cache miss)
npm http fetch GET 200 https://registry.vlt.io/vlt-benchmarks/npm/cosmiconfig/-/cosmiconfig-9.0.2.tgz 2608ms (cache miss)
npm http fetch GET 200 https://registry.vlt.io/vlt-benchmarks/npm/react-proxy/-/react-proxy-1.1.8.tgz 2595ms (cache miss)
npm http fetch GET 200 https://registry.vlt.io/vlt-benchmarks/npm/strip-ansi/-/strip-ansi-7.2.0.tgz 2566ms (cache miss)
npm http fetch GET 200 https://registry.vlt.io/vlt-benchmarks/npm/strip-ansi/-/strip-ansi-7.2.0.tgz 2566ms (cache miss)
npm http fetch GET 200 https://registry.vlt.io/vlt-benchmarks/npm/binary-extensions/-/binary-extensions-1.13.1.tgz 2565ms (cache miss)
npm http fetch GET 200 https://registry.vlt.io/vlt-benchmarks/npm/parent-module/-/parent-module-1.0.1.tgz 2564ms (cache miss)
npm http fetch GET 200 https://registry.vlt.io/vlt-benchmarks/npm/os-tmpdir/-/os-tmpdir-1.0.2.tgz 2565ms (cache miss)
npm http fetch GET 200 https://registry.vlt.io/vlt-benchmarks/npm/safer-buffer/-/safer-buffer-2.1.2.tgz 2565ms (cache miss)
npm http fetch GET 200 https://registry.vlt.io/vlt-benchmarks/npm/os-homedir/-/os-homedir-1.0.2.tgz 2565ms (cache miss)
npm http fetch GET 200 https://registry.vlt.io/vlt-benchmarks/npm/serialize-error/-/serialize-error-2.1.0.tgz 2565ms (cache miss)
npm http fetch GET 200 https://registry.vlt.io/vlt-benchmarks/npm/toidentifier/-/toidentifier-1.0.1.tgz 2566ms (cache miss)
npm http fetch GET 200 https://registry.vlt.io/vlt-benchmarks/npm/consolidated-events/-/consolidated-events-2.0.2.tgz 2614ms (cache miss)
npm http fetch GET 200 https://registry.vlt.io/vlt-benchmarks/npm/scheduler/-/scheduler-0.23.2.tgz 2609ms (cache miss)
npm http fetch GET 200 https://registry.vlt.io/vlt-benchmarks/npm/ansi-regex/-/ansi-regex-6.3.0.tgz 2584ms (cache miss)
npm http fetch GET 200 https://registry.vlt.io/vlt-benchmarks/npm/ansi-regex/-/ansi-regex-6.3.0.tgz 2584ms (cache miss)
npm http fetch GET 200 https://registry.vlt.io/vlt-benchmarks/npm/ansi-regex/-/ansi-regex-2.1.1.tgz 2583ms (cache miss)
npm http fetch GET 200 https://registry.vlt.io/vlt-benchmarks/npm/json5/-/json5-0.5.1.tgz 2582ms (cache miss)
npm http fetch GET 200 https://registry.vlt.io/vlt-benchmarks/npm/loader-utils/-/loader-utils-1.1.0.tgz 2582ms (cache miss)
npm http fetch GET 200 https://registry.vlt.io/vlt-benchmarks/npm/sparkles/-/sparkles-1.0.1.tgz 2583ms (cache miss)
npm http fetch GET 200 https://registry.vlt.io/vlt-benchmarks/npm/lodash._reinterpolate/-/lodash._reinterpolate-3.0.0.tgz 2582ms (cache miss)
npm http fetch GET 200 https://registry.vlt.io/vlt-benchmarks/npm/lodash.template/-/lodash.template-3.6.2.tgz 2582ms (cache miss)
npm warn deprecated lodash.template@3.6.2: This package is deprecated. Use https://socket.dev/npm/package/eta instead.
npm http fetch GET 200 https://registry.vlt.io/vlt-benchmarks/npm/multipipe/-/multipipe-0.1.2.tgz 2584ms (cache miss)
npm http fetch GET 200 https://registry.vlt.io/vlt-benchmarks/npm/glogg/-/glogg-1.0.2.tgz 2598ms (cache miss)
npm http fetch GET 200 https://registry.vlt.io/vlt-benchmarks/npm/json-stringify-safe/-/json-stringify-safe-5.0.1.tgz 2598ms (cache miss)
npm http fetch GET 200 https://registry.vlt.io/vlt-benchmarks/npm/lodash._reescape/-/lodash._reescape-3.0.0.tgz 2598ms (cache miss)
npm http fetch GET 200 https://registry.vlt.io/vlt-benchmarks/npm/beeper/-/beeper-1.1.1.tgz 2598ms (cache miss)
npm http fetch GET 200 https://registry.vlt.io/vlt-benchmarks/npm/has-gulplog/-/has-gulplog-0.1.0.tgz 2599ms (cache miss)
npm http fetch GET 200 https://registry.vlt.io/vlt-benchmarks/npm/lodash._reevaluate/-/lodash._reevaluate-3.0.0.tgz 2599ms (cache miss)
npm http fetch GET 200 https://registry.vlt.io/vlt-benchmarks/npm/array-differ/-/array-differ-1.0.0.tgz 2598ms (cache miss)
npm http fetch GET 200 https://registry.vlt.io/vlt-benchmarks/npm/graceful-readlink/-/graceful-readlink-1.0.1.tgz 2614ms (cache miss)
npm http fetch GET 200 https://registry.vlt.io/vlt-benchmarks/npm/vinyl-bufferstream/-/vinyl-bufferstream-1.0.1.tgz 2614ms (cache miss)
npm http fetch GET 200 https://registry.vlt.io/vlt-benchmarks/npm/postcss-load-config/-/postcss-load-config-5.1.0.tgz 2615ms (cache miss)
npm http fetch GET 200 https://registry.vlt.io/vlt-benchmarks/npm/commander/-/commander-2.8.1.tgz 2615ms (cache miss)
npm http fetch GET 200 https://registry.vlt.io/vlt-benchmarks/npm/lodash.assign/-/lodash.assign-4.2.0.tgz 2614ms (cache miss)
npm http fetch GET 200 https://registry.vlt.io/vlt-benchmarks/npm/source-map/-/source-map-0.5.6.tgz 2723ms (cache miss)
npm http fetch GET 200 https://registry.vlt.io/vlt-benchmarks/npm/async/-/async-1.5.0.tgz 2634ms (cache miss)
npm http fetch GET 200 https://registry.vlt.io/vlt-benchmarks/npm/debug/-/debug-3.2.7.tgz 2631ms (cache miss)
npm http fetch GET 200 https://registry.vlt.io/vlt-benchmarks/npm/vinyl-sourcemaps-apply/-/vinyl-sourcemaps-apply-0.2.1.tgz 2632ms (cache miss)
npm http fetch GET 200 https://registry.vlt.io/vlt-benchmarks/npm/rcloader/-/rcloader-0.2.2.tgz 2632ms (cache miss)
npm http fetch GET 200 https://registry.vlt.io/vlt-benchmarks/npm/plugin-error/-/plugin-error-1.0.1.tgz 2631ms (cache miss)
npm http fetch GET 200 https://registry.vlt.io/vlt-benchmarks/npm/clone/-/clone-2.1.2.tgz 2633ms (cache miss)
npm http fetch GET 200 https://registry.vlt.io/vlt-benchmarks/npm/replace-ext/-/replace-ext-2.0.0.tgz 2648ms (cache miss)
npm http fetch GET 200 https://registry.vlt.io/vlt-benchmarks/npm/is-plain-object/-/is-plain-object-2.0.4.tgz 2648ms (cache miss)
npm http fetch GET 200 https://registry.vlt.io/vlt-benchmarks/npm/is-plain-object/-/is-plain-object-2.0.4.tgz 2646ms (cache miss)
npm http fetch GET 200 https://registry.vlt.io/vlt-benchmarks/npm/is-extendable/-/is-extendable-1.0.1.tgz 2648ms (cache miss)
npm http fetch GET 200 https://registry.vlt.io/vlt-benchmarks/npm/extend-shallow/-/extend-shallow-3.0.2.tgz 2648ms (cache miss)
npm http fetch GET 200 https://registry.vlt.io/vlt-benchmarks/npm/vinyl/-/vinyl-2.2.1.tgz 2649ms (cache miss)
npm http fetch GET 200 https://registry.vlt.io/vlt-benchmarks/npm/concat-with-sourcemaps/-/concat-with-sourcemaps-1.1.0.tgz 2648ms (cache miss)
npm http fetch GET 200 https://registry.vlt.io/vlt-benchmarks/npm/through2/-/through2-2.0.5.tgz 2649ms (cache miss)
npm http fetch GET 200 https://registry.vlt.io/vlt-benchmarks/npm/time-stamp/-/time-stamp-1.1.0.tgz 2648ms (cache miss)
npm http fetch GET 200 https://registry.vlt.io/vlt-benchmarks/npm/replace-ext/-/replace-ext-1.0.1.tgz 2648ms (cache miss)
npm http fetch GET 200 https://registry.vlt.io/vlt-benchmarks/npm/parse-node-version/-/parse-node-version-1.0.1.tgz 2665ms (cache miss)
npm http fetch GET 200 https://registry.vlt.io/vlt-benchmarks/npm/ansi-gray/-/ansi-gray-0.1.1.tgz 2665ms (cache miss)
npm http fetch GET 200 https://registry.vlt.io/vlt-benchmarks/npm/is-plain-object/-/is-plain-object-5.1.0.tgz 2665ms (cache miss)
npm http fetch GET 200 https://registry.vlt.io/vlt-benchmarks/npm/react-transition-group/-/react-transition-group-2.9.0.tgz 2698ms (cache miss)
npm http fetch GET 200 https://registry.vlt.io/vlt-benchmarks/npm/each-props/-/each-props-1.3.2.tgz 2680ms (cache miss)
npm http fetch GET 200 https://registry.vlt.io/vlt-benchmarks/npm/safe-buffer/-/safe-buffer-5.1.2.tgz 2680ms (cache miss)
npm http fetch GET 200 https://registry.vlt.io/vlt-benchmarks/npm/typedarray/-/typedarray-0.0.6.tgz 2680ms (cache miss)
npm http fetch GET 200 https://registry.vlt.io/vlt-benchmarks/npm/buffer-from/-/buffer-from-1.1.2.tgz 2681ms (cache miss)
npm http fetch GET 200 https://registry.vlt.io/vlt-benchmarks/npm/kind-of/-/kind-of-5.1.0.tgz 2681ms (cache miss)
npm http fetch GET 200 https://registry.vlt.io/vlt-benchmarks/npm/default-compare/-/default-compare-1.0.0.tgz 2680ms (cache miss)
npm http fetch GET 200 https://registry.vlt.io/vlt-benchmarks/npm/ansi-wrap/-/ansi-wrap-0.1.0.tgz 2680ms (cache miss)
npm http fetch GET 200 https://registry.vlt.io/vlt-benchmarks/npm/get-value/-/get-value-2.0.6.tgz 2697ms (cache miss)
npm http fetch GET 200 https://registry.vlt.io/vlt-benchmarks/npm/is-fullwidth-code-point/-/is-fullwidth-code-point-1.0.0.tgz 2698ms (cache miss)
npm http fetch GET 200 https://registry.vlt.io/vlt-benchmarks/npm/string-width/-/string-width-1.0.2.tgz 2698ms (cache miss)
npm http fetch GET 200 https://registry.vlt.io/vlt-benchmarks/npm/esniff/-/esniff-2.0.1.tgz 2740ms (cache miss)
npm http fetch GET 200 https://registry.vlt.io/vlt-benchmarks/npm/v8flags/-/v8flags-3.2.0.tgz 2716ms (cache miss)
npm http fetch GET 200 https://registry.vlt.io/vlt-benchmarks/npm/semver-greatest-satisfied-range/-/semver-greatest-satisfied-range-1.1.0.tgz 2716ms (cache miss)
npm http fetch GET 200 https://registry.vlt.io/vlt-benchmarks/npm/replace-homedir/-/replace-homedir-1.0.0.tgz 2716ms (cache miss)
npm http fetch GET 200 https://registry.vlt.io/vlt-benchmarks/npm/mute-stdout/-/mute-stdout-1.0.1.tgz 2716ms (cache miss)
npm http fetch GET 200 https://registry.vlt.io/vlt-benchmarks/npm/gulplog/-/gulplog-1.0.0.tgz 2715ms (cache miss)
npm http fetch GET 200 https://registry.vlt.io/vlt-benchmarks/npm/is-glob/-/is-glob-3.1.0.tgz 2717ms (cache miss)
npm http fetch GET 200 https://registry.vlt.io/vlt-benchmarks/npm/pretty-hrtime/-/pretty-hrtime-1.0.3.tgz 2717ms (cache miss)
npm http fetch GET 200 https://registry.vlt.io/vlt-benchmarks/npm/is-plain-object/-/is-plain-object-2.0.4.tgz 2716ms (cache miss)
npm http fetch GET 200 https://registry.vlt.io/vlt-benchmarks/npm/findup-sync/-/findup-sync-2.0.0.tgz 2716ms (cache miss)
npm http fetch GET 200 https://registry.vlt.io/vlt-benchmarks/npm/matchdep/-/matchdep-2.0.0.tgz 2718ms (cache miss)
npm http fetch GET 200 https://registry.vlt.io/vlt-benchmarks/npm/is-plain-object/-/is-plain-object-2.0.4.tgz 2715ms (cache miss)
npm http fetch GET 200 https://registry.vlt.io/vlt-benchmarks/npm/liftoff/-/liftoff-3.1.0.tgz 2735ms (cache miss)
npm http fetch GET 200 https://registry.vlt.io/vlt-benchmarks/npm/copy-props/-/copy-props-2.0.5.tgz 2734ms (cache miss)
npm http fetch GET 200 https://registry.vlt.io/vlt-benchmarks/npm/fancy-log/-/fancy-log-1.3.3.tgz 2734ms (cache miss)
npm http fetch GET 200 https://registry.vlt.io/vlt-benchmarks/npm/formidable/-/formidable-2.1.5.tgz 2814ms (cache miss)
npm http fetch GET 200 https://registry.vlt.io/vlt-benchmarks/npm/concat-stream/-/concat-stream-1.6.2.tgz 2753ms (cache miss)
npm http fetch GET 200 https://registry.vlt.io/vlt-benchmarks/npm/archy/-/archy-1.0.0.tgz 2752ms (cache miss)
npm http fetch GET 200 https://registry.vlt.io/vlt-benchmarks/npm/color-support/-/color-support-1.1.3.tgz 2753ms (cache miss)
npm http fetch GET 200 https://registry.vlt.io/vlt-benchmarks/npm/array-sort/-/array-sort-1.0.0.tgz 2754ms (cache miss)
npm http fetch GET 200 https://registry.vlt.io/vlt-benchmarks/npm/to-regex-range/-/to-regex-range-2.1.1.tgz 2753ms (cache miss)
npm http fetch GET 200 https://registry.vlt.io/vlt-benchmarks/npm/ansi-colors/-/ansi-colors-1.1.0.tgz 2753ms (cache miss)
npm http fetch GET 200 https://registry.vlt.io/vlt-benchmarks/npm/to-regex/-/to-regex-3.0.2.tgz 2753ms (cache miss)
npm http fetch GET 200 https://registry.vlt.io/vlt-benchmarks/npm/repeat-string/-/repeat-string-1.6.1.tgz 2754ms (cache miss)
npm http fetch GET 200 https://registry.vlt.io/vlt-benchmarks/npm/is-extendable/-/is-extendable-0.1.1.tgz 2753ms (cache miss)
npm http fetch GET 200 https://registry.vlt.io/vlt-benchmarks/npm/is-number/-/is-number-3.0.0.tgz 2754ms (cache miss)
npm http fetch GET 200 https://registry.vlt.io/vlt-benchmarks/npm/kind-of/-/kind-of-3.2.2.tgz 2754ms (cache miss)
npm http fetch GET 200 https://registry.vlt.io/vlt-benchmarks/npm/jest-worker/-/jest-worker-27.5.1.tgz 2854ms (cache miss)
npm http fetch GET 200 https://registry.vlt.io/vlt-benchmarks/npm/is-extendable/-/is-extendable-1.0.1.tgz 2771ms (cache miss)
npm http fetch GET 200 https://registry.vlt.io/vlt-benchmarks/npm/is-extendable/-/is-extendable-1.0.1.tgz 2771ms (cache miss)
npm http fetch GET 200 https://registry.vlt.io/vlt-benchmarks/npm/split-string/-/split-string-3.1.0.tgz 2772ms (cache miss)
npm http fetch GET 200 https://registry.vlt.io/vlt-benchmarks/npm/is-plain-object/-/is-plain-object-2.0.4.tgz 2796ms (cache miss)
npm http fetch GET 200 https://registry.vlt.io/vlt-benchmarks/npm/extend-shallow/-/extend-shallow-3.0.2.tgz 2796ms (cache miss)
npm http fetch GET 200 https://registry.vlt.io/vlt-benchmarks/npm/extend-shallow/-/extend-shallow-3.0.2.tgz 2795ms (cache miss)
npm http fetch GET 200 https://registry.vlt.io/vlt-benchmarks/npm/ms/-/ms-2.0.0.tgz 2796ms (cache miss)
npm http fetch GET 200 https://registry.vlt.io/vlt-benchmarks/npm/snapdragon-node/-/snapdragon-node-2.1.1.tgz 2796ms (cache miss)
npm http fetch GET 200 https://registry.vlt.io/vlt-benchmarks/npm/snapdragon/-/snapdragon-0.8.2.tgz 2796ms (cache miss)
npm http fetch GET 200 https://registry.vlt.io/vlt-benchmarks/npm/is-descriptor/-/is-descriptor-0.1.8.tgz 2796ms (cache miss)
npm http fetch GET 200 https://registry.vlt.io/vlt-benchmarks/npm/define-property/-/define-property-1.0.0.tgz 2810ms (cache miss)
npm http fetch GET 200 https://registry.vlt.io/vlt-benchmarks/npm/define-property/-/define-property-0.2.5.tgz 2811ms (cache miss)
npm http fetch GET 200 https://registry.vlt.io/vlt-benchmarks/npm/fill-range/-/fill-range-4.0.0.tgz 2810ms (cache miss)
npm http fetch GET 200 https://registry.vlt.io/vlt-benchmarks/npm/extend-shallow/-/extend-shallow-2.0.1.tgz 2810ms (cache miss)
npm http fetch GET 200 https://registry.vlt.io/vlt-benchmarks/npm/repeat-element/-/repeat-element-1.1.4.tgz 2828ms (cache miss)
npm http fetch GET 200 https://registry.vlt.io/vlt-benchmarks/npm/isobject/-/isobject-3.0.1.tgz 2829ms (cache miss)
npm http fetch GET 200 https://registry.vlt.io/vlt-benchmarks/npm/array-unique/-/array-unique-0.3.2.tgz 2829ms (cache miss)
npm http fetch GET 200 https://registry.vlt.io/vlt-benchmarks/npm/inherits/-/inherits-2.0.4.tgz 2828ms (cache miss)
npm http fetch GET 200 https://registry.vlt.io/vlt-benchmarks/npm/process-nextick-args/-/process-nextick-args-2.0.1.tgz 2828ms (cache miss)
npm http fetch GET 200 https://registry.vlt.io/vlt-benchmarks/npm/dateformat/-/dateformat-2.2.0.tgz 2855ms (cache miss)
npm http fetch GET 200 https://registry.vlt.io/vlt-benchmarks/npm/upath/-/upath-1.2.0.tgz 2844ms (cache miss)
npm http fetch GET 200 https://registry.vlt.io/vlt-benchmarks/npm/arr-flatten/-/arr-flatten-1.1.0.tgz 2843ms (cache miss)
npm http fetch GET 200 https://registry.vlt.io/vlt-benchmarks/npm/readdirp/-/readdirp-2.2.1.tgz 2843ms (cache miss)
npm http fetch GET 200 https://registry.vlt.io/vlt-benchmarks/npm/stream-exhaust/-/stream-exhaust-1.0.2.tgz 2843ms (cache miss)
npm http fetch GET 200 https://registry.vlt.io/vlt-benchmarks/npm/is-binary-path/-/is-binary-path-1.0.1.tgz 2844ms (cache miss)
npm http fetch GET 200 https://registry.vlt.io/vlt-benchmarks/npm/async-each/-/async-each-1.0.6.tgz 2844ms (cache miss)
npm http fetch GET 200 https://registry.vlt.io/vlt-benchmarks/npm/end-of-stream/-/end-of-stream-1.4.5.tgz 2843ms (cache miss)
npm http fetch GET 200 https://registry.vlt.io/vlt-benchmarks/npm/is-plain-object/-/is-plain-object-2.0.4.tgz 2843ms (cache miss)
npm http fetch GET 200 https://registry.vlt.io/vlt-benchmarks/npm/braces/-/braces-2.3.2.tgz 2864ms (cache miss)
npm http fetch GET 200 https://registry.vlt.io/vlt-benchmarks/npm/once/-/once-1.4.0.tgz 2864ms (cache miss)
npm http fetch GET 200 https://registry.vlt.io/vlt-benchmarks/npm/is-extendable/-/is-extendable-1.0.1.tgz 2864ms (cache miss)
npm http fetch GET 200 https://registry.vlt.io/vlt-benchmarks/npm/object.defaults/-/object.defaults-1.1.0.tgz 2863ms (cache miss)
npm http fetch GET 200 https://registry.vlt.io/vlt-benchmarks/npm/extend-shallow/-/extend-shallow-3.0.2.tgz 2863ms (cache miss)
npm http fetch GET 200 https://registry.vlt.io/vlt-benchmarks/npm/glob-parent/-/glob-parent-3.1.0.tgz 2864ms (cache miss)
npm http fetch GET 200 https://registry.vlt.io/vlt-benchmarks/npm/just-debounce/-/just-debounce-1.1.0.tgz 2864ms (cache miss)
npm http fetch GET 200 https://registry.vlt.io/vlt-benchmarks/npm/normalize-path/-/normalize-path-3.0.0.tgz 2864ms (cache miss)
npm http fetch GET 200 https://registry.vlt.io/vlt-benchmarks/npm/is-negated-glob/-/is-negated-glob-1.0.0.tgz 2864ms (cache miss)
npm http fetch GET 200 https://registry.vlt.io/vlt-benchmarks/npm/chokidar/-/chokidar-2.1.8.tgz 2880ms (cache miss)
npm http fetch GET 200 https://registry.vlt.io/vlt-benchmarks/npm/is-glob/-/is-glob-3.1.0.tgz 2880ms (cache miss)
npm http fetch GET 200 https://registry.vlt.io/vlt-benchmarks/npm/kind-of/-/kind-of-6.0.3.tgz 2882ms (cache miss)
npm http fetch GET 200 https://registry.vlt.io/vlt-benchmarks/npm/async-done/-/async-done-1.3.2.tgz 2880ms (cache miss)
npm http fetch GET 200 https://registry.vlt.io/vlt-benchmarks/npm/anymatch/-/anymatch-2.0.0.tgz 2880ms (cache miss)
npm http fetch GET 200 https://registry.vlt.io/vlt-benchmarks/npm/vinyl-fs/-/vinyl-fs-3.0.3.tgz 2881ms (cache miss)
npm http fetch GET 200 https://registry.vlt.io/vlt-benchmarks/npm/normalize-path/-/normalize-path-2.1.1.tgz 2881ms (cache miss)
npm http fetch GET 200 https://registry.vlt.io/vlt-benchmarks/npm/iconv-lite/-/iconv-lite-0.6.3.tgz 3017ms (cache miss)
npm http fetch GET 200 https://registry.vlt.io/vlt-benchmarks/npm/@pkgjs/parseargs/-/parseargs-0.11.0.tgz 2919ms (cache miss)
npm http fetch GET 200 https://registry.vlt.io/vlt-benchmarks/npm/fast-levenshtein/-/fast-levenshtein-1.1.4.tgz 2899ms (cache miss)
npm http fetch GET 200 https://registry.vlt.io/vlt-benchmarks/npm/pinkie-promise/-/pinkie-promise-2.0.1.tgz 2899ms (cache miss)
npm http fetch GET 200 https://registry.vlt.io/vlt-benchmarks/npm/array-uniq/-/array-uniq-1.0.3.tgz 2899ms (cache miss)
npm http fetch GET 200 https://registry.vlt.io/vlt-benchmarks/npm/signal-exit/-/signal-exit-4.1.0.tgz 2900ms (cache miss)
npm http fetch GET 200 https://registry.vlt.io/vlt-benchmarks/npm/array-union/-/array-union-1.0.2.tgz 2900ms (cache miss)
npm http fetch GET 200 https://registry.vlt.io/vlt-benchmarks/npm/glob-watcher/-/glob-watcher-5.0.5.tgz 2917ms (cache miss)
npm http fetch GET 200 https://registry.vlt.io/vlt-benchmarks/npm/undertaker/-/undertaker-1.3.0.tgz 2917ms (cache miss)
npm http fetch GET 200 https://registry.vlt.io/vlt-benchmarks/npm/package-json-from-dist/-/package-json-from-dist-1.0.1.tgz 2916ms (cache miss)
npm http fetch GET 200 https://registry.vlt.io/vlt-benchmarks/npm/foreground-child/-/foreground-child-3.3.1.tgz 2916ms (cache miss)
npm http fetch GET 200 https://registry.vlt.io/vlt-benchmarks/npm/type-fest/-/type-fest-0.20.2.tgz 3044ms (cache miss)
npm warn deprecated rcloader@0.2.2: Package no longer supported. Contact Support at https://www.npmjs.com/support for more info.
npm http fetch GET 200 https://registry.vlt.io/vlt-benchmarks/npm/micromatch/-/micromatch-3.1.10.tgz 2940ms (cache miss)
npm http fetch GET 200 https://registry.vlt.io/vlt-benchmarks/npm/dunder-proto/-/dunder-proto-1.0.1.tgz 2937ms (cache miss)
npm http fetch GET 200 https://registry.vlt.io/vlt-benchmarks/npm/keyv/-/keyv-4.5.4.tgz 2936ms (cache miss)
npm http fetch GET 200 https://registry.vlt.io/vlt-benchmarks/npm/path-exists/-/path-exists-4.0.0.tgz 2936ms (cache miss)
npm http fetch GET 200 https://registry.vlt.io/vlt-benchmarks/npm/functions-have-names/-/functions-have-names-1.2.3.tgz 2936ms (cache miss)
npm http fetch GET 200 https://registry.vlt.io/vlt-benchmarks/npm/flatted/-/flatted-3.4.4.tgz 2937ms (cache miss)
npm http fetch GET 200 https://registry.vlt.io/vlt-benchmarks/npm/locate-path/-/locate-path-6.0.0.tgz 2937ms (cache miss)
npm http fetch GET 200 https://registry.vlt.io/vlt-benchmarks/npm/pkg-dir/-/pkg-dir-7.0.0.tgz 2937ms (cache miss)
npm http fetch GET 200 https://registry.vlt.io/vlt-benchmarks/npm/is-document.all/-/is-document.all-1.0.0.tgz 2955ms (cache miss)
npm http fetch GET 200 https://registry.vlt.io/vlt-benchmarks/npm/yocto-queue/-/yocto-queue-1.2.2.tgz 2954ms (cache miss)
npm http fetch GET 200 https://registry.vlt.io/vlt-benchmarks/npm/p-locate/-/p-locate-6.0.0.tgz 2954ms (cache miss)
npm http fetch GET 200 https://registry.vlt.io/vlt-benchmarks/npm/p-limit/-/p-limit-4.0.0.tgz 2954ms (cache miss)
npm http fetch GET 200 https://registry.vlt.io/vlt-benchmarks/npm/path-exists/-/path-exists-5.0.0.tgz 2954ms (cache miss)
npm http fetch GET 200 https://registry.vlt.io/vlt-benchmarks/npm/find-up/-/find-up-6.3.0.tgz 2954ms (cache miss)
npm http fetch GET 200 https://registry.vlt.io/vlt-benchmarks/npm/locate-path/-/locate-path-7.2.0.tgz 2955ms (cache miss)
npm http fetch GET 200 https://registry.vlt.io/vlt-benchmarks/npm/common-path-prefix/-/common-path-prefix-3.0.0.tgz 2976ms (cache miss)
npm http fetch GET 200 https://registry.vlt.io/vlt-benchmarks/npm/flat-cache/-/flat-cache-3.2.0.tgz 2976ms (cache miss)
npm http fetch GET 200 https://registry.vlt.io/vlt-benchmarks/npm/rimraf/-/rimraf-3.0.2.tgz 2975ms (cache miss)
npm warn deprecated rimraf@3.0.2: Rimraf versions prior to v4 are no longer supported
npm http fetch GET 200 https://registry.vlt.io/vlt-benchmarks/npm/glob/-/glob-7.2.3.tgz 2977ms (cache miss)
npm warn deprecated glob@7.2.3: Old versions of glob are not supported, and contain widely publicized security vulnerabilities, which have been fixed in the current version. Please update. Support for old versions may be purchased (at exorbitant rates) by contacting i@izs.me
npm http fetch GET 200 https://registry.vlt.io/vlt-benchmarks/npm/setimmediate/-/setimmediate-1.0.5.tgz 2977ms (cache miss)
npm http fetch GET 200 https://registry.vlt.io/vlt-benchmarks/npm/reusify/-/reusify-1.1.0.tgz 2994ms (cache miss)
npm http fetch GET 200 https://registry.vlt.io/vlt-benchmarks/npm/raw-body/-/raw-body-2.5.3.tgz 2994ms (cache miss)
npm http fetch GET 200 https://registry.vlt.io/vlt-benchmarks/npm/source-map/-/source-map-0.6.1.tgz 3115ms (cache miss)
npm http fetch GET 200 https://registry.vlt.io/vlt-benchmarks/npm/debug/-/debug-2.6.9.tgz 3030ms (cache miss)
npm http fetch GET 200 https://registry.vlt.io/vlt-benchmarks/npm/node-fetch/-/node-fetch-2.7.0.tgz 3021ms (cache miss)
npm http fetch GET 200 https://registry.vlt.io/vlt-benchmarks/npm/fbjs-css-vars/-/fbjs-css-vars-1.0.2.tgz 3022ms (cache miss)
npm http fetch GET 200 https://registry.vlt.io/vlt-benchmarks/npm/unpipe/-/unpipe-1.0.0.tgz 3021ms (cache miss)
npm http fetch GET 200 https://registry.vlt.io/vlt-benchmarks/npm/bytes/-/bytes-3.1.2.tgz 3022ms (cache miss)
npm http fetch GET 200 https://registry.vlt.io/vlt-benchmarks/npm/negotiator/-/negotiator-0.6.3.tgz 3022ms (cache miss)
npm http fetch GET 200 https://registry.vlt.io/vlt-benchmarks/npm/utils-merge/-/utils-merge-1.0.1.tgz 3021ms (cache miss)
npm http fetch GET 200 https://registry.vlt.io/vlt-benchmarks/npm/vary/-/vary-1.1.2.tgz 3021ms (cache miss)
npm http fetch GET 200 https://registry.vlt.io/vlt-benchmarks/npm/destroy/-/destroy-1.2.0.tgz 3023ms (cache miss)
npm http fetch GET 200 https://registry.vlt.io/vlt-benchmarks/npm/type-is/-/type-is-1.6.18.tgz 3036ms (cache miss)
npm http fetch GET 200 https://registry.vlt.io/vlt-benchmarks/npm/statuses/-/statuses-2.0.2.tgz 3164ms (cache miss)
npm http fetch GET 200 https://registry.vlt.io/vlt-benchmarks/npm/mime-types/-/mime-types-2.1.35.tgz 3165ms (cache miss)
npm http fetch GET 200 https://registry.vlt.io/vlt-benchmarks/npm/serve-static/-/serve-static-1.16.3.tgz 3165ms (cache miss)
npm http fetch GET 200 https://registry.vlt.io/vlt-benchmarks/npm/setprototypeof/-/setprototypeof-1.2.0.tgz 3165ms (cache miss)
npm http fetch GET 200 https://registry.vlt.io/vlt-benchmarks/npm/send/-/send-0.19.2.tgz 3164ms (cache miss)
npm http fetch GET 200 https://registry.vlt.io/vlt-benchmarks/npm/safe-buffer/-/safe-buffer-5.2.1.tgz 3165ms (cache miss)
npm http fetch GET 200 https://registry.vlt.io/vlt-benchmarks/npm/proxy-addr/-/proxy-addr-2.0.8.tgz 3185ms (cache miss)
npm http fetch GET 200 https://registry.vlt.io/vlt-benchmarks/npm/path-to-regexp/-/path-to-regexp-0.1.13.tgz 3185ms (cache miss)
npm http fetch GET 200 https://registry.vlt.io/vlt-benchmarks/npm/ms/-/ms-2.0.0.tgz 3186ms (cache miss)
npm http fetch GET 200 https://registry.vlt.io/vlt-benchmarks/npm/parseurl/-/parseurl-1.3.3.tgz 3185ms (cache miss)
npm http fetch GET 200 https://registry.vlt.io/vlt-benchmarks/npm/on-finished/-/on-finished-2.4.1.tgz 3185ms (cache miss)
npm http fetch GET 200 https://registry.vlt.io/vlt-benchmarks/npm/ms/-/ms-2.0.0.tgz 3184ms (cache miss)
npm http fetch GET 200 https://registry.vlt.io/vlt-benchmarks/npm/methods/-/methods-1.1.2.tgz 3186ms (cache miss)
npm http fetch GET 200 https://registry.vlt.io/vlt-benchmarks/npm/websocket-driver/-/websocket-driver-0.7.5.tgz 3288ms (cache miss)
npm http fetch GET 200 https://registry.vlt.io/vlt-benchmarks/npm/range-parser/-/range-parser-1.2.1.tgz 3207ms (cache miss)
npm http fetch GET 200 https://registry.vlt.io/vlt-benchmarks/npm/merge-descriptors/-/merge-descriptors-1.0.3.tgz 3206ms (cache miss)
npm http fetch GET 200 https://registry.vlt.io/vlt-benchmarks/npm/finalhandler/-/finalhandler-1.3.2.tgz 3206ms (cache miss)
npm http fetch GET 200 https://registry.vlt.io/vlt-benchmarks/npm/fresh/-/fresh-0.5.2.tgz 3207ms (cache miss)
npm http fetch GET 200 https://registry.vlt.io/vlt-benchmarks/npm/http-errors/-/http-errors-2.0.1.tgz 3207ms (cache miss)
npm http fetch GET 200 https://registry.vlt.io/vlt-benchmarks/npm/encodeurl/-/encodeurl-2.0.0.tgz 3206ms (cache miss)
npm http fetch GET 200 https://registry.vlt.io/vlt-benchmarks/npm/etag/-/etag-1.8.1.tgz 3206ms (cache miss)
npm http fetch GET 200 https://registry.vlt.io/vlt-benchmarks/npm/escape-html/-/escape-html-1.0.3.tgz 3228ms (cache miss)
npm http fetch GET 200 https://registry.vlt.io/vlt-benchmarks/npm/cookie/-/cookie-0.7.2.tgz 3227ms (cache miss)
npm http fetch GET 200 https://registry.vlt.io/vlt-benchmarks/npm/cookie-signature/-/cookie-signature-1.0.7.tgz 3228ms (cache miss)
npm http fetch GET 200 https://registry.vlt.io/vlt-benchmarks/npm/body-parser/-/body-parser-1.20.8.tgz 3228ms (cache miss)
npm http fetch GET 200 https://registry.vlt.io/vlt-benchmarks/npm/depd/-/depd-2.0.0.tgz 3229ms (cache miss)
npm http fetch GET 200 https://registry.vlt.io/vlt-benchmarks/npm/content-type/-/content-type-1.0.5.tgz 3228ms (cache miss)
npm http fetch GET 200 https://registry.vlt.io/vlt-benchmarks/npm/content-disposition/-/content-disposition-0.5.4.tgz 3228ms (cache miss)
npm http fetch GET 200 https://registry.vlt.io/vlt-benchmarks/npm/array-flatten/-/array-flatten-1.1.1.tgz 3257ms (cache miss)
npm http fetch GET 200 https://registry.vlt.io/vlt-benchmarks/npm/esrecurse/-/esrecurse-4.3.0.tgz 3257ms (cache miss)
npm http fetch GET 200 https://registry.vlt.io/vlt-benchmarks/npm/acorn-jsx/-/acorn-jsx-5.3.2.tgz 3257ms (cache miss)
npm http fetch GET 200 https://registry.vlt.io/vlt-benchmarks/npm/accepts/-/accepts-1.3.8.tgz 3258ms (cache miss)
npm http fetch GET 200 https://registry.vlt.io/vlt-benchmarks/npm/ms/-/ms-2.0.0.tgz 3258ms (cache miss)
npm http fetch GET 200 https://registry.vlt.io/vlt-benchmarks/npm/html-entities/-/html-entities-2.6.0.tgz 3403ms (cache miss)
npm http fetch GET 200 https://registry.vlt.io/vlt-benchmarks/npm/ua-parser-js/-/ua-parser-js-0.7.41.tgz 3302ms (cache miss)
npm http fetch GET 200 https://registry.vlt.io/vlt-benchmarks/npm/iterator.prototype/-/iterator.prototype-1.1.5.tgz 3296ms (cache miss)
npm http fetch GET 200 https://registry.vlt.io/vlt-benchmarks/npm/string.prototype.repeat/-/string.prototype.repeat-1.0.0.tgz 3297ms (cache miss)
npm http fetch GET 200 https://registry.vlt.io/vlt-benchmarks/npm/string.prototype.matchall/-/string.prototype.matchall-4.1.0.tgz 3297ms (cache miss)
npm http fetch GET 200 https://registry.vlt.io/vlt-benchmarks/npm/estraverse/-/estraverse-5.3.0.tgz 3297ms (cache miss)
npm http fetch GET 200 https://registry.vlt.io/vlt-benchmarks/npm/array.prototype.findlast/-/array.prototype.findlast-1.2.5.tgz 3297ms (cache miss)
npm http fetch GET 200 https://registry.vlt.io/vlt-benchmarks/npm/string.prototype.includes/-/string.prototype.includes-2.0.1.tgz 3297ms (cache miss)
npm http fetch GET 200 https://registry.vlt.io/vlt-benchmarks/npm/array.prototype.tosorted/-/array.prototype.tosorted-1.1.4.tgz 3297ms (cache miss)
npm http fetch GET 200 https://registry.vlt.io/vlt-benchmarks/npm/source-map-js/-/source-map-js-1.2.1.tgz 3365ms (cache miss)
npm http fetch GET 200 https://registry.vlt.io/vlt-benchmarks/npm/language-tags/-/language-tags-1.0.9.tgz 3335ms (cache miss)
npm http fetch GET 200 https://registry.vlt.io/vlt-benchmarks/npm/damerau-levenshtein/-/damerau-levenshtein-1.0.8.tgz 3334ms (cache miss)
npm http fetch GET 200 https://registry.vlt.io/vlt-benchmarks/npm/emoji-regex/-/emoji-regex-9.2.2.tgz 3335ms (cache miss)
npm http fetch GET 200 https://registry.vlt.io/vlt-benchmarks/npm/mdn-data/-/mdn-data-2.0.28.tgz 3441ms (cache miss)
npm http fetch GET 200 https://registry.vlt.io/vlt-benchmarks/npm/ast-types-flow/-/ast-types-flow-0.0.8.tgz 3359ms (cache miss)
npm http fetch GET 200 https://registry.vlt.io/vlt-benchmarks/npm/is-symbol/-/is-symbol-1.1.1.tgz 3359ms (cache miss)
npm http fetch GET 200 https://registry.vlt.io/vlt-benchmarks/npm/is-date-object/-/is-date-object-1.1.0.tgz 3359ms (cache miss)
npm http fetch GET 200 https://registry.vlt.io/vlt-benchmarks/npm/es-abstract-get/-/es-abstract-get-1.0.0.tgz 3359ms (cache miss)
npm http fetch GET 200 https://registry.vlt.io/vlt-benchmarks/npm/possible-typed-array-names/-/possible-typed-array-names-1.1.0.tgz 3359ms (cache miss)
npm http fetch GET 200 https://registry.vlt.io/vlt-benchmarks/npm/which-typed-array/-/which-typed-array-1.1.24.tgz 3378ms (cache miss)
npm http fetch GET 200 https://registry.vlt.io/vlt-benchmarks/npm/unbox-primitive/-/unbox-primitive-1.1.0.tgz 3378ms (cache miss)
npm http fetch GET 200 https://registry.vlt.io/vlt-benchmarks/npm/typed-array-length/-/typed-array-length-1.0.8.tgz 3378ms (cache miss)
npm http fetch GET 200 https://registry.vlt.io/vlt-benchmarks/npm/typed-array-byte-offset/-/typed-array-byte-offset-1.0.5.tgz 3378ms (cache miss)
npm http fetch GET 200 https://registry.vlt.io/vlt-benchmarks/npm/typed-array-byte-length/-/typed-array-byte-length-1.0.3.tgz 3378ms (cache miss)
npm http fetch GET 200 https://registry.vlt.io/vlt-benchmarks/npm/typed-array-buffer/-/typed-array-buffer-1.0.3.tgz 3378ms (cache miss)
npm http fetch GET 200 https://registry.vlt.io/vlt-benchmarks/npm/resize-observer-polyfill/-/resize-observer-polyfill-1.5.1.tgz 3460ms (cache miss)
npm http fetch GET 200 https://registry.vlt.io/vlt-benchmarks/npm/redux/-/redux-4.2.1.tgz 3459ms (cache miss)
npm http fetch GET 200 https://registry.vlt.io/vlt-benchmarks/npm/stop-iteration-iterator/-/stop-iteration-iterator-1.1.0.tgz 3393ms (cache miss)
npm http fetch GET 200 https://registry.vlt.io/vlt-benchmarks/npm/string.prototype.trim/-/string.prototype.trim-1.2.11.tgz 3399ms (cache miss)
npm http fetch GET 200 https://registry.vlt.io/vlt-benchmarks/npm/string.prototype.trimstart/-/string.prototype.trimstart-1.0.8.tgz 3400ms (cache miss)
npm http fetch GET 200 https://registry.vlt.io/vlt-benchmarks/npm/set-proto/-/set-proto-1.0.0.tgz 3393ms (cache miss)
npm http fetch GET 200 https://registry.vlt.io/vlt-benchmarks/npm/safe-regex-test/-/safe-regex-test-1.1.0.tgz 3393ms (cache miss)
npm http fetch GET 200 https://registry.vlt.io/vlt-benchmarks/npm/safe-array-concat/-/safe-array-concat-1.1.4.tgz 3394ms (cache miss)
npm http fetch GET 200 https://registry.vlt.io/vlt-benchmarks/npm/isarray/-/isarray-2.0.5.tgz 3394ms (cache miss)
npm http fetch GET 200 https://registry.vlt.io/vlt-benchmarks/npm/isarray/-/isarray-2.0.5.tgz 3393ms (cache miss)
npm http fetch GET 200 https://registry.vlt.io/vlt-benchmarks/npm/safe-push-apply/-/safe-push-apply-1.0.0.tgz 3394ms (cache miss)
npm http fetch GET 200 https://registry.vlt.io/vlt-benchmarks/npm/fast-uri/-/fast-uri-3.1.8.tgz 3541ms (cache miss)
npm http fetch GET 200 https://registry.vlt.io/vlt-benchmarks/npm/regexp.prototype.flags/-/regexp.prototype.flags-1.5.4.tgz 3412ms (cache miss)
npm http fetch GET 200 https://registry.vlt.io/vlt-benchmarks/npm/own-keys/-/own-keys-1.0.2.tgz 3430ms (cache miss)
npm http fetch GET 200 https://registry.vlt.io/vlt-benchmarks/npm/is-shared-array-buffer/-/is-shared-array-buffer-1.0.4.tgz 3431ms (cache miss)
npm http fetch GET 200 https://registry.vlt.io/vlt-benchmarks/npm/is-typed-array/-/is-typed-array-1.1.15.tgz 3431ms (cache miss)
npm http fetch GET 200 https://registry.vlt.io/vlt-benchmarks/npm/is-set/-/is-set-2.0.3.tgz 3430ms (cache miss)
npm http fetch GET 200 https://registry.vlt.io/vlt-benchmarks/npm/is-callable/-/is-callable-1.2.7.tgz 3431ms (cache miss)
npm http fetch GET 200 https://registry.vlt.io/vlt-benchmarks/npm/is-negative-zero/-/is-negative-zero-2.0.3.tgz 3431ms (cache miss)
npm http fetch GET 200 https://registry.vlt.io/vlt-benchmarks/npm/is-array-buffer/-/is-array-buffer-3.0.5.tgz 3431ms (cache miss)
npm http fetch GET 200 https://registry.vlt.io/vlt-benchmarks/npm/internal-slot/-/internal-slot-1.1.0.tgz 3431ms (cache miss)
npm http fetch GET 200 https://registry.vlt.io/vlt-benchmarks/npm/debug/-/debug-2.6.9.tgz 3469ms (cache miss)
npm http fetch GET 200 https://registry.vlt.io/vlt-benchmarks/npm/is-weakref/-/is-weakref-1.1.1.tgz 3455ms (cache miss)
npm http fetch GET 200 https://registry.vlt.io/vlt-benchmarks/npm/is-data-view/-/is-data-view-1.0.2.tgz 3454ms (cache miss)
npm http fetch GET 200 https://registry.vlt.io/vlt-benchmarks/npm/has-proto/-/has-proto-1.2.0.tgz 3454ms (cache miss)
npm http fetch GET 200 https://registry.vlt.io/vlt-benchmarks/npm/get-symbol-description/-/get-symbol-description-1.1.0.tgz 3453ms (cache miss)
npm http fetch GET 200 https://registry.vlt.io/vlt-benchmarks/npm/globalthis/-/globalthis-1.0.4.tgz 3475ms (cache miss)
npm http fetch GET 200 https://registry.vlt.io/vlt-benchmarks/npm/has-symbols/-/has-symbols-1.1.0.tgz 3477ms (cache miss)
npm http fetch GET 200 https://registry.vlt.io/vlt-benchmarks/npm/get-proto/-/get-proto-1.0.1.tgz 3476ms (cache miss)
npm http fetch GET 200 https://registry.vlt.io/vlt-benchmarks/npm/es-set-tostringtag/-/es-set-tostringtag-2.1.0.tgz 3476ms (cache miss)
npm http fetch GET 200 https://registry.vlt.io/vlt-benchmarks/npm/function.prototype.name/-/function.prototype.name-1.2.0.tgz 3477ms (cache miss)
npm http fetch GET 200 https://registry.vlt.io/vlt-benchmarks/npm/es-to-primitive/-/es-to-primitive-1.3.4.tgz 3477ms (cache miss)
npm http fetch GET 200 https://registry.vlt.io/vlt-benchmarks/npm/data-view-byte-length/-/data-view-byte-length-1.0.2.tgz 3488ms (cache miss)
npm http fetch GET 200 https://registry.vlt.io/vlt-benchmarks/npm/data-view-byte-offset/-/data-view-byte-offset-1.0.1.tgz 3489ms (cache miss)
npm http fetch GET 200 https://registry.vlt.io/vlt-benchmarks/npm/arraybuffer.prototype.slice/-/arraybuffer.prototype.slice-1.0.4.tgz 3489ms (cache miss)
npm http fetch GET 200 https://registry.vlt.io/vlt-benchmarks/npm/postcss/-/postcss-5.2.18.tgz 3635ms (cache miss)
npm http fetch GET 200 https://registry.vlt.io/vlt-benchmarks/npm/debug/-/debug-2.6.9.tgz 3513ms (cache miss)
npm http fetch GET 200 https://registry.vlt.io/vlt-benchmarks/npm/array-buffer-byte-length/-/array-buffer-byte-length-1.0.2.tgz 3510ms (cache miss)
npm http fetch GET 200 https://registry.vlt.io/vlt-benchmarks/npm/data-view-buffer/-/data-view-buffer-1.0.2.tgz 3510ms (cache miss)
npm http fetch GET 200 https://registry.vlt.io/vlt-benchmarks/npm/define-data-property/-/define-data-property-1.1.4.tgz 3509ms (cache miss)
npm http fetch GET 200 https://registry.vlt.io/vlt-benchmarks/npm/available-typed-arrays/-/available-typed-arrays-1.0.7.tgz 3511ms (cache miss)
npm http fetch GET 200 https://registry.vlt.io/vlt-benchmarks/npm/object-keys/-/object-keys-1.1.1.tgz 3510ms (cache miss)
npm http fetch GET 200 https://registry.vlt.io/vlt-benchmarks/npm/gopd/-/gopd-1.2.0.tgz 3511ms (cache miss)
npm http fetch GET 200 https://registry.vlt.io/vlt-benchmarks/npm/has-property-descriptors/-/has-property-descriptors-1.0.2.tgz 3511ms (cache miss)
npm http fetch GET 200 https://registry.vlt.io/vlt-benchmarks/npm/postcss/-/postcss-5.2.18.tgz 3655ms (cache miss)
npm http fetch GET 200 https://registry.vlt.io/vlt-benchmarks/npm/set-function-length/-/set-function-length-1.2.2.tgz 3530ms (cache miss)
npm http fetch GET 200 https://registry.vlt.io/vlt-benchmarks/npm/function-bind/-/function-bind-1.1.2.tgz 3530ms (cache miss)
npm http fetch GET 200 https://registry.vlt.io/vlt-benchmarks/npm/es-define-property/-/es-define-property-1.0.1.tgz 3531ms (cache miss)
npm http fetch GET 200 https://registry.vlt.io/vlt-benchmarks/npm/call-bind-apply-helpers/-/call-bind-apply-helpers-1.0.2.tgz 3531ms (cache miss)
npm http fetch GET 200 https://registry.vlt.io/vlt-benchmarks/npm/es-errors/-/es-errors-1.3.0.tgz 3530ms (cache miss)
npm http fetch GET 200 https://registry.vlt.io/vlt-benchmarks/npm/is-string/-/is-string-1.1.1.tgz 3531ms (cache miss)
npm http fetch GET 200 https://registry.vlt.io/vlt-benchmarks/npm/postcss/-/postcss-5.2.18.tgz 3674ms (cache miss)
npm http fetch GET 200 https://registry.vlt.io/vlt-benchmarks/npm/webpack-sources/-/webpack-sources-3.5.1.tgz 3652ms (cache miss)
npm http fetch GET 200 https://registry.vlt.io/vlt-benchmarks/npm/csslint/-/csslint-1.0.5.tgz 3578ms (cache miss)
npm http fetch GET 200 https://registry.vlt.io/vlt-benchmarks/npm/debug/-/debug-2.6.9.tgz 3554ms (cache miss)
npm http fetch GET 200 https://registry.vlt.io/vlt-benchmarks/npm/has-tostringtag/-/has-tostringtag-1.0.2.tgz 3551ms (cache miss)
npm http fetch GET 200 https://registry.vlt.io/vlt-benchmarks/npm/get-intrinsic/-/get-intrinsic-1.3.0.tgz 3551ms (cache miss)
npm http fetch GET 200 https://registry.vlt.io/vlt-benchmarks/npm/es-object-atoms/-/es-object-atoms-1.1.2.tgz 3551ms (cache miss)
npm http fetch GET 200 https://registry.vlt.io/vlt-benchmarks/npm/call-bound/-/call-bound-1.0.4.tgz 3551ms (cache miss)
npm http fetch GET 200 https://registry.vlt.io/vlt-benchmarks/npm/call-bind/-/call-bind-1.0.9.tgz 3550ms (cache miss)
npm http fetch GET 200 https://registry.vlt.io/vlt-benchmarks/npm/define-properties/-/define-properties-1.2.1.tgz 3551ms (cache miss)
npm http fetch GET 200 https://registry.vlt.io/vlt-benchmarks/npm/postcss/-/postcss-5.2.18.tgz 3695ms (cache miss)
npm http fetch GET 200 https://registry.vlt.io/vlt-benchmarks/npm/postcss/-/postcss-5.2.18.tgz 3695ms (cache miss)
npm http fetch GET 200 https://registry.vlt.io/vlt-benchmarks/npm/es-shim-unscopables/-/es-shim-unscopables-1.1.0.tgz 3570ms (cache miss)
npm http fetch GET 200 https://registry.vlt.io/vlt-benchmarks/npm/object.groupby/-/object.groupby-1.0.3.tgz 3569ms (cache miss)
npm http fetch GET 200 https://registry.vlt.io/vlt-benchmarks/npm/object.fromentries/-/object.fromentries-2.0.8.tgz 3569ms (cache miss)
npm http fetch GET 200 https://registry.vlt.io/vlt-benchmarks/npm/eslint-import-resolver-node/-/eslint-import-resolver-node-0.3.10.tgz 3569ms (cache miss)
npm http fetch GET 200 https://registry.vlt.io/vlt-benchmarks/npm/string.prototype.trimend/-/string.prototype.trimend-1.0.10.tgz 3571ms (cache miss)
npm http fetch GET 200 https://registry.vlt.io/vlt-benchmarks/npm/@react-dnd/asap/-/asap-5.0.2.tgz 3649ms (cache miss)
npm http fetch GET 200 https://registry.vlt.io/vlt-benchmarks/npm/object.values/-/object.values-1.2.1.tgz 3593ms (cache miss)
npm http fetch GET 200 https://registry.vlt.io/vlt-benchmarks/npm/array.prototype.flatmap/-/array.prototype.flatmap-1.3.3.tgz 3593ms (cache miss)
npm http fetch GET 200 https://registry.vlt.io/vlt-benchmarks/npm/array.prototype.flat/-/array.prototype.flat-1.3.3.tgz 3592ms (cache miss)
npm http fetch GET 200 https://registry.vlt.io/vlt-benchmarks/npm/array.prototype.findlastindex/-/array.prototype.findlastindex-1.2.6.tgz 3592ms (cache miss)
npm http fetch GET 200 https://registry.vlt.io/vlt-benchmarks/npm/cross-fetch/-/cross-fetch-3.2.0.tgz 3623ms (cache miss)
npm http fetch GET 200 https://registry.vlt.io/vlt-benchmarks/npm/debug/-/debug-3.2.7.tgz 3613ms (cache miss)
npm http fetch GET 200 https://registry.vlt.io/vlt-benchmarks/npm/debug/-/debug-3.2.7.tgz 3613ms (cache miss)
npm http fetch GET 200 https://registry.vlt.io/vlt-benchmarks/npm/tapable/-/tapable-0.1.10.tgz 3613ms (cache miss)
npm http fetch GET 200 https://registry.vlt.io/vlt-benchmarks/npm/array-includes/-/array-includes-3.2.0.tgz 3613ms (cache miss)
npm http fetch GET 200 https://registry.vlt.io/vlt-benchmarks/npm/@rtsao/scc/-/scc-1.1.0.tgz 3613ms (cache miss)
npm http fetch GET 200 https://registry.vlt.io/vlt-benchmarks/npm/graceful-fs/-/graceful-fs-4.2.11.tgz 3614ms (cache miss)
npm http fetch GET 200 https://registry.vlt.io/vlt-benchmarks/npm/hasown/-/hasown-2.0.4.tgz 3613ms (cache miss)
npm http fetch GET 200 https://registry.vlt.io/vlt-benchmarks/npm/is-core-module/-/is-core-module-2.17.0.tgz 3613ms (cache miss)
npm http fetch GET 200 https://registry.vlt.io/vlt-benchmarks/npm/interpret/-/interpret-1.4.0.tgz 3614ms (cache miss)
npm http fetch GET 200 https://registry.vlt.io/vlt-benchmarks/npm/memory-fs/-/memory-fs-0.2.0.tgz 3633ms (cache miss)
npm http fetch GET 200 https://registry.vlt.io/vlt-benchmarks/npm/is-regex/-/is-regex-1.2.1.tgz 3632ms (cache miss)
npm http fetch GET 200 https://registry.vlt.io/vlt-benchmarks/npm/enhanced-resolve/-/enhanced-resolve-0.9.1.tgz 3632ms (cache miss)
npm http fetch GET 200 https://registry.vlt.io/vlt-benchmarks/npm/object.entries/-/object.entries-1.1.9.tgz 3632ms (cache miss)
npm http fetch GET 200 https://registry.vlt.io/vlt-benchmarks/npm/confusing-browser-globals/-/confusing-browser-globals-1.0.11.tgz 3633ms (cache miss)
npm http fetch GET 200 https://registry.vlt.io/vlt-benchmarks/npm/shebang-command/-/shebang-command-2.0.0.tgz 3635ms (cache miss)
npm http fetch GET 200 https://registry.vlt.io/vlt-benchmarks/npm/json-schema-traverse/-/json-schema-traverse-0.4.1.tgz 3635ms (cache miss)
npm http fetch GET 200 https://registry.vlt.io/vlt-benchmarks/npm/run-parallel/-/run-parallel-1.2.0.tgz 3635ms (cache miss)
npm http fetch GET 200 https://registry.vlt.io/vlt-benchmarks/npm/@nodelib/fs.stat/-/fs.stat-2.0.5.tgz 3636ms (cache miss)
npm http fetch GET 200 https://registry.vlt.io/vlt-benchmarks/npm/path-key/-/path-key-3.1.1.tgz 3637ms (cache miss)
npm http fetch GET 200 https://registry.vlt.io/vlt-benchmarks/npm/fastq/-/fastq-1.20.3.tgz 3636ms (cache miss)
npm http fetch GET 200 https://registry.vlt.io/vlt-benchmarks/npm/which/-/which-2.0.2.tgz 3637ms (cache miss)
npm http fetch GET 200 https://registry.vlt.io/vlt-benchmarks/npm/find-root/-/find-root-1.1.0.tgz 3655ms (cache miss)
npm http fetch GET 200 https://registry.vlt.io/vlt-benchmarks/npm/fast-json-stable-stringify/-/fast-json-stable-stringify-2.1.0.tgz 3657ms (cache miss)
npm http fetch GET 200 https://registry.vlt.io/vlt-benchmarks/npm/@nodelib/fs.scandir/-/fs.scandir-2.1.5.tgz 3657ms (cache miss)
npm http fetch GET 200 https://registry.vlt.io/vlt-benchmarks/npm/@humanwhocodes/object-schema/-/object-schema-2.0.3.tgz 3657ms (cache miss)
npm http fetch GET 200 https://registry.vlt.io/vlt-benchmarks/npm/strip-json-comments/-/strip-json-comments-3.1.1.tgz 3657ms (cache miss)
npm warn deprecated @humanwhocodes/object-schema@2.0.3: Use @eslint/object-schema instead
npm http fetch GET 200 https://registry.vlt.io/vlt-benchmarks/npm/import-fresh/-/import-fresh-3.3.1.tgz 3658ms (cache miss)
npm http fetch GET 200 https://registry.vlt.io/vlt-benchmarks/npm/text-table/-/text-table-0.2.0.tgz 3658ms (cache miss)
npm http fetch GET 200 https://registry.vlt.io/vlt-benchmarks/npm/optionator/-/optionator-0.9.4.tgz 3658ms (cache miss)
npm http fetch GET 200 https://registry.vlt.io/vlt-benchmarks/npm/natural-compare/-/natural-compare-1.4.0.tgz 3676ms (cache miss)
npm http fetch GET 200 https://registry.vlt.io/vlt-benchmarks/npm/json-stable-stringify-without-jsonify/-/json-stable-stringify-without-jsonify-1.0.1.tgz 3675ms (cache miss)
npm http fetch GET 200 https://registry.vlt.io/vlt-benchmarks/npm/levn/-/levn-0.4.1.tgz 3675ms (cache miss)
npm http fetch GET 200 https://registry.vlt.io/vlt-benchmarks/npm/lodash.merge/-/lodash.merge-4.6.2.tgz 3676ms (cache miss)
npm http fetch GET 200 https://registry.vlt.io/vlt-benchmarks/npm/is-path-inside/-/is-path-inside-3.0.3.tgz 3676ms (cache miss)
npm http fetch GET 200 https://registry.vlt.io/vlt-benchmarks/npm/is-glob/-/is-glob-4.0.3.tgz 3676ms (cache miss)
npm http fetch GET 200 https://registry.vlt.io/vlt-benchmarks/npm/mdn-data/-/mdn-data-2.27.1.tgz 3797ms (cache miss)
npm http fetch GET 200 https://registry.vlt.io/vlt-benchmarks/npm/ignore/-/ignore-5.3.2.tgz 3695ms (cache miss)
npm http fetch GET 200 https://registry.vlt.io/vlt-benchmarks/npm/imurmurhash/-/imurmurhash-0.1.4.tgz 3695ms (cache miss)
npm http fetch GET 200 https://registry.vlt.io/vlt-benchmarks/npm/file-entry-cache/-/file-entry-cache-6.0.1.tgz 3694ms (cache miss)
npm http fetch GET 200 https://registry.vlt.io/vlt-benchmarks/npm/fast-deep-equal/-/fast-deep-equal-3.1.3.tgz 3695ms (cache miss)
npm http fetch GET 200 https://registry.vlt.io/vlt-benchmarks/npm/espree/-/espree-9.6.1.tgz 3695ms (cache miss)
npm http fetch GET 200 https://registry.vlt.io/vlt-benchmarks/npm/find-up/-/find-up-5.0.0.tgz 3712ms (cache miss)
npm http fetch GET 200 https://registry.vlt.io/vlt-benchmarks/npm/cross-spawn/-/cross-spawn-7.0.6.tgz 3711ms (cache miss)
npm http fetch GET 200 https://registry.vlt.io/vlt-benchmarks/npm/eslint-visitor-keys/-/eslint-visitor-keys-3.4.3.tgz 3712ms (cache miss)
npm http fetch GET 200 https://registry.vlt.io/vlt-benchmarks/npm/@ungap/structured-clone/-/structured-clone-1.4.0.tgz 3712ms (cache miss)
npm http fetch GET 200 https://registry.vlt.io/vlt-benchmarks/npm/@nodelib/fs.walk/-/fs.walk-1.2.8.tgz 3712ms (cache miss)
npm http fetch GET 200 https://registry.vlt.io/vlt-benchmarks/npm/@humanwhocodes/module-importer/-/module-importer-1.0.1.tgz 3712ms (cache miss)
npm http fetch GET 200 https://registry.vlt.io/vlt-benchmarks/npm/readable-stream/-/readable-stream-2.3.8.tgz 3778ms (cache miss)
npm http fetch GET 200 https://registry.vlt.io/vlt-benchmarks/npm/@humanwhocodes/config-array/-/config-array-0.13.0.tgz 3729ms (cache miss)
npm warn deprecated @humanwhocodes/config-array@0.13.0: Use @eslint/config-array instead
npm http fetch GET 200 https://registry.vlt.io/vlt-benchmarks/npm/@eslint/js/-/js-8.57.1.tgz 3729ms (cache miss)
npm http fetch GET 200 https://registry.vlt.io/vlt-benchmarks/npm/globals/-/globals-13.24.0.tgz 3730ms (cache miss)
npm http fetch GET 200 https://registry.vlt.io/vlt-benchmarks/npm/repeating/-/repeating-2.0.1.tgz 3747ms (cache miss)
npm http fetch GET 200 https://registry.vlt.io/vlt-benchmarks/npm/rimraf/-/rimraf-2.7.1.tgz 3765ms (cache miss)
npm warn deprecated rimraf@2.7.1: Rimraf versions prior to v4 are no longer supported
npm http fetch GET 200 https://registry.vlt.io/vlt-benchmarks/npm/glob/-/glob-7.2.3.tgz 3765ms (cache miss)
npm warn deprecated glob@7.2.3: Old versions of glob are not supported, and contain widely publicized security vulnerabilities, which have been fixed in the current version. Please update. Support for old versions may be purchased (at exorbitant rates) by contacting i@izs.me
npm http fetch GET 200 https://registry.vlt.io/vlt-benchmarks/npm/glob/-/glob-7.2.3.tgz 3764ms (cache miss)
npm warn deprecated glob@7.2.3: Old versions of glob are not supported, and contain widely publicized security vulnerabilities, which have been fixed in the current version. Please update. Support for old versions may be purchased (at exorbitant rates) by contacting i@izs.me
npm http fetch GET 200 https://registry.vlt.io/vlt-benchmarks/npm/glob-parent/-/glob-parent-6.0.2.tgz 3767ms (cache miss)
npm http fetch GET 200 https://registry.vlt.io/vlt-benchmarks/npm/pify/-/pify-4.0.1.tgz 3767ms (cache miss)
npm http fetch GET 200 https://registry.vlt.io/vlt-benchmarks/npm/fast-equals/-/fast-equals-4.0.3.tgz 3872ms (cache miss)
npm http fetch GET 200 https://registry.vlt.io/vlt-benchmarks/npm/eslint-visitor-keys/-/eslint-visitor-keys-3.4.3.tgz 3786ms (cache miss)
npm http fetch GET 200 https://registry.vlt.io/vlt-benchmarks/npm/@types/minimatch/-/minimatch-5.1.2.tgz 3785ms (cache miss)
npm http fetch GET 200 https://registry.vlt.io/vlt-benchmarks/npm/is-path-in-cwd/-/is-path-in-cwd-2.1.0.tgz 3785ms (cache miss)
npm http fetch GET 200 https://registry.vlt.io/vlt-benchmarks/npm/is-path-inside/-/is-path-inside-2.1.0.tgz 3785ms (cache miss)
npm http fetch GET 200 https://registry.vlt.io/vlt-benchmarks/npm/p-map/-/p-map-2.1.0.tgz 3786ms (cache miss)
npm http fetch GET 200 https://registry.vlt.io/vlt-benchmarks/npm/globby/-/globby-6.1.0.tgz 3786ms (cache miss)
npm http fetch GET 200 https://registry.vlt.io/vlt-benchmarks/npm/pify/-/pify-2.3.0.tgz 3786ms (cache miss)
npm http fetch GET 200 https://registry.vlt.io/vlt-benchmarks/npm/is-path-cwd/-/is-path-cwd-2.2.0.tgz 3786ms (cache miss)
npm http fetch GET 200 https://registry.vlt.io/vlt-benchmarks/npm/@types/glob/-/glob-7.2.0.tgz 3786ms (cache miss)
npm http fetch GET 200 https://registry.vlt.io/vlt-benchmarks/npm/json5/-/json5-1.0.2.tgz 3822ms (cache miss)
npm http fetch GET 200 https://registry.vlt.io/vlt-benchmarks/npm/postcss-svgo/-/postcss-svgo-6.0.3.tgz 3812ms (cache miss)
npm http fetch GET 200 https://registry.vlt.io/vlt-benchmarks/npm/ms/-/ms-2.1.3.tgz 3812ms (cache miss)
npm http fetch GET 200 https://registry.vlt.io/vlt-benchmarks/npm/postcss-reduce-transforms/-/postcss-reduce-transforms-6.0.2.tgz 3812ms (cache miss)
npm http fetch GET 200 https://registry.vlt.io/vlt-benchmarks/npm/postcss-unique-selectors/-/postcss-unique-selectors-6.0.4.tgz 3812ms (cache miss)
npm http fetch GET 200 https://registry.vlt.io/vlt-benchmarks/npm/postcss-ordered-values/-/postcss-ordered-values-6.0.2.tgz 3812ms (cache miss)
npm http fetch GET 200 https://registry.vlt.io/vlt-benchmarks/npm/postcss-reduce-initial/-/postcss-reduce-initial-6.1.0.tgz 3813ms (cache miss)
npm http fetch GET 200 https://registry.vlt.io/vlt-benchmarks/npm/semver/-/semver-7.8.5.tgz 3970ms (cache miss)
npm http fetch GET 200 https://registry.vlt.io/vlt-benchmarks/npm/doctrine/-/doctrine-3.0.0.tgz 3834ms (cache miss)
npm http fetch GET 200 https://registry.vlt.io/vlt-benchmarks/npm/postcss-normalize-whitespace/-/postcss-normalize-whitespace-6.0.2.tgz 3829ms (cache miss)
npm http fetch GET 200 https://registry.vlt.io/vlt-benchmarks/npm/postcss-normalize-url/-/postcss-normalize-url-6.0.2.tgz 3829ms (cache miss)
npm http fetch GET 200 https://registry.vlt.io/vlt-benchmarks/npm/postcss-normalize-timing-functions/-/postcss-normalize-timing-functions-6.0.2.tgz 3829ms (cache miss)
npm http fetch GET 200 https://registry.vlt.io/vlt-benchmarks/npm/postcss-normalize-repeat-style/-/postcss-normalize-repeat-style-6.0.2.tgz 3830ms (cache miss)
npm http fetch GET 200 https://registry.vlt.io/vlt-benchmarks/npm/postcss-normalize-display-values/-/postcss-normalize-display-values-6.0.2.tgz 3829ms (cache miss)
npm http fetch GET 200 https://registry.vlt.io/vlt-benchmarks/npm/postcss-normalize-positions/-/postcss-normalize-positions-6.0.2.tgz 3829ms (cache miss)
npm http fetch GET 200 https://registry.vlt.io/vlt-benchmarks/npm/postcss-normalize-string/-/postcss-normalize-string-6.0.2.tgz 3830ms (cache miss)
npm http fetch GET 200 https://registry.vlt.io/vlt-benchmarks/npm/postcss-normalize-unicode/-/postcss-normalize-unicode-6.1.0.tgz 3847ms (cache miss)
npm http fetch GET 200 https://registry.vlt.io/vlt-benchmarks/npm/postcss-minify-selectors/-/postcss-minify-selectors-6.0.4.tgz 3846ms (cache miss)
npm http fetch GET 200 https://registry.vlt.io/vlt-benchmarks/npm/postcss-minify-gradients/-/postcss-minify-gradients-6.0.3.tgz 3847ms (cache miss)
npm http fetch GET 200 https://registry.vlt.io/vlt-benchmarks/npm/postcss-minify-params/-/postcss-minify-params-6.1.0.tgz 3847ms (cache miss)
npm http fetch GET 200 https://registry.vlt.io/vlt-benchmarks/npm/postcss-merge-rules/-/postcss-merge-rules-6.1.1.tgz 3846ms (cache miss)
npm http fetch GET 200 https://registry.vlt.io/vlt-benchmarks/npm/postcss-normalize-charset/-/postcss-normalize-charset-6.0.2.tgz 3867ms (cache miss)
npm http fetch GET 200 https://registry.vlt.io/vlt-benchmarks/npm/postcss-discard-overridden/-/postcss-discard-overridden-6.0.2.tgz 3866ms (cache miss)
npm http fetch GET 200 https://registry.vlt.io/vlt-benchmarks/npm/postcss-discard-comments/-/postcss-discard-comments-6.0.2.tgz 3867ms (cache miss)
npm http fetch GET 200 https://registry.vlt.io/vlt-benchmarks/npm/postcss-convert-values/-/postcss-convert-values-6.1.0.tgz 3866ms (cache miss)
npm http fetch GET 200 https://registry.vlt.io/vlt-benchmarks/npm/postcss-colormin/-/postcss-colormin-6.1.0.tgz 3866ms (cache miss)
npm http fetch GET 200 https://registry.vlt.io/vlt-benchmarks/npm/postcss-discard-duplicates/-/postcss-discard-duplicates-6.0.3.tgz 3867ms (cache miss)
npm http fetch GET 200 https://registry.vlt.io/vlt-benchmarks/npm/eslint-module-utils/-/eslint-module-utils-2.14.0.tgz 3896ms (cache miss)
npm http fetch GET 200 https://registry.vlt.io/vlt-benchmarks/npm/@webassemblyjs/ast/-/ast-1.14.1.tgz 4015ms (cache miss)
npm http fetch GET 200 https://registry.vlt.io/vlt-benchmarks/npm/postcss-merge-longhand/-/postcss-merge-longhand-6.0.5.tgz 3885ms (cache miss)
npm http fetch GET 200 https://registry.vlt.io/vlt-benchmarks/npm/cssnano-utils/-/cssnano-utils-4.0.2.tgz 3885ms (cache miss)
npm http fetch GET 200 https://registry.vlt.io/vlt-benchmarks/npm/postcss-discard-empty/-/postcss-discard-empty-6.0.3.tgz 3886ms (cache miss)
npm http fetch GET 200 https://registry.vlt.io/vlt-benchmarks/npm/lilconfig/-/lilconfig-3.1.3.tgz 3885ms (cache miss)
npm http fetch GET 200 https://registry.vlt.io/vlt-benchmarks/npm/cssnano-preset-default/-/cssnano-preset-default-6.1.2.tgz 3885ms (cache miss)
npm http fetch GET 200 https://registry.vlt.io/vlt-benchmarks/npm/postcss-modules-values/-/postcss-modules-values-4.0.0.tgz 3885ms (cache miss)
npm http fetch GET 200 https://registry.vlt.io/vlt-benchmarks/npm/minimist/-/minimist-1.2.8.tgz 3885ms (cache miss)
npm http fetch GET 200 https://registry.vlt.io/vlt-benchmarks/npm/postcss-modules-scope/-/postcss-modules-scope-3.2.1.tgz 3903ms (cache miss)
npm http fetch GET 200 https://registry.vlt.io/vlt-benchmarks/npm/postcss-modules-local-by-default/-/postcss-modules-local-by-default-4.2.0.tgz 3903ms (cache miss)
npm http fetch GET 200 https://registry.vlt.io/vlt-benchmarks/npm/object-assign/-/object-assign-4.1.1.tgz 3903ms (cache miss)
npm http fetch GET 200 https://registry.vlt.io/vlt-benchmarks/npm/postcss-modules-extract-imports/-/postcss-modules-extract-imports-3.1.0.tgz 3904ms (cache miss)
npm http fetch GET 200 https://registry.vlt.io/vlt-benchmarks/npm/loose-envify/-/loose-envify-1.4.0.tgz 3903ms (cache miss)
npm http fetch GET 200 https://registry.vlt.io/vlt-benchmarks/npm/strip-ansi/-/strip-ansi-3.0.1.tgz 3918ms (cache miss)
npm http fetch GET 200 https://registry.vlt.io/vlt-benchmarks/npm/del/-/del-4.1.1.tgz 3918ms (cache miss)
npm http fetch GET 200 https://registry.vlt.io/vlt-benchmarks/npm/supports-color/-/supports-color-2.0.0.tgz 3918ms (cache miss)
npm http fetch GET 200 https://registry.vlt.io/vlt-benchmarks/npm/ansi-styles/-/ansi-styles-2.2.1.tgz 3917ms (cache miss)
npm http fetch GET 200 https://registry.vlt.io/vlt-benchmarks/npm/escape-string-regexp/-/escape-string-regexp-1.0.5.tgz 3918ms (cache miss)
npm http fetch GET 200 https://registry.vlt.io/vlt-benchmarks/npm/icss-utils/-/icss-utils-5.1.0.tgz 3919ms (cache miss)
npm http fetch GET 200 https://registry.vlt.io/vlt-benchmarks/npm/has-ansi/-/has-ansi-2.0.0.tgz 3918ms (cache miss)
npm http fetch GET 200 https://registry.vlt.io/vlt-benchmarks/npm/node-releases/-/node-releases-2.0.56.tgz 3937ms (cache miss)
npm http fetch GET 200 https://registry.vlt.io/vlt-benchmarks/npm/to-fast-properties/-/to-fast-properties-1.0.3.tgz 3937ms (cache miss)
npm http fetch GET 200 https://registry.vlt.io/vlt-benchmarks/npm/globals/-/globals-9.18.0.tgz 3937ms (cache miss)
npm http fetch GET 200 https://registry.vlt.io/vlt-benchmarks/npm/update-browserslist-db/-/update-browserslist-db-1.3.3.tgz 3953ms (cache miss)
npm http fetch GET 200 https://registry.vlt.io/vlt-benchmarks/npm/invariant/-/invariant-2.2.4.tgz 3952ms (cache miss)
npm http fetch GET 200 https://registry.vlt.io/vlt-benchmarks/npm/home-or-tmp/-/home-or-tmp-2.0.0.tgz 3953ms (cache miss)
npm http fetch GET 200 https://registry.vlt.io/vlt-benchmarks/npm/babel-plugin-syntax-object-rest-spread/-/babel-plugin-syntax-object-rest-spread-6.13.0.tgz 3953ms (cache miss)
npm http fetch GET 200 https://registry.vlt.io/vlt-benchmarks/npm/babel-plugin-syntax-exponentiation-operator/-/babel-plugin-syntax-exponentiation-operator-6.13.0.tgz 3952ms (cache miss)
npm http fetch GET 200 https://registry.vlt.io/vlt-benchmarks/npm/mkdirp/-/mkdirp-0.5.6.tgz 3954ms (cache miss)
npm http fetch GET 200 https://registry.vlt.io/vlt-benchmarks/npm/babel-helper-builder-binary-assignment-operator-visitor/-/babel-helper-builder-binary-assignment-operator-visitor-6.24.1.tgz 3953ms (cache miss)
npm http fetch GET 200 https://registry.vlt.io/vlt-benchmarks/npm/babel-helper-explode-assignable-expression/-/babel-helper-explode-assignable-expression-6.24.1.tgz 3953ms (cache miss)
npm http fetch GET 200 https://registry.vlt.io/vlt-benchmarks/npm/mdn-data/-/mdn-data-2.0.30.tgz 4062ms (cache miss)
npm http fetch GET 200 https://registry.vlt.io/vlt-benchmarks/npm/source-map-support/-/source-map-support-0.4.18.tgz 3970ms (cache miss)
npm http fetch GET 200 https://registry.vlt.io/vlt-benchmarks/npm/babel-plugin-syntax-async-functions/-/babel-plugin-syntax-async-functions-6.13.0.tgz 3969ms (cache miss)
npm http fetch GET 200 https://registry.vlt.io/vlt-benchmarks/npm/babel-plugin-syntax-async-generators/-/babel-plugin-syntax-async-generators-6.13.0.tgz 3970ms (cache miss)
npm http fetch GET 200 https://registry.vlt.io/vlt-benchmarks/npm/babel-helper-remap-async-to-generator/-/babel-helper-remap-async-to-generator-6.24.1.tgz 3970ms (cache miss)
npm http fetch GET 200 https://registry.vlt.io/vlt-benchmarks/npm/babel-plugin-transform-exponentiation-operator/-/babel-plugin-transform-exponentiation-operator-6.24.1.tgz 3969ms (cache miss)
npm http fetch GET 200 https://registry.vlt.io/vlt-benchmarks/npm/babel-plugin-transform-async-to-generator/-/babel-plugin-transform-async-to-generator-6.24.1.tgz 3969ms (cache miss)
npm http fetch GET 200 https://registry.vlt.io/vlt-benchmarks/npm/babel-plugin-transform-object-rest-spread/-/babel-plugin-transform-object-rest-spread-6.26.0.tgz 3970ms (cache miss)
npm http fetch GET 200 https://registry.vlt.io/vlt-benchmarks/npm/babel-plugin-transform-async-generator-functions/-/babel-plugin-transform-async-generator-functions-6.24.1.tgz 3970ms (cache miss)
npm http fetch GET 200 https://registry.vlt.io/vlt-benchmarks/npm/babel-plugin-syntax-trailing-function-commas/-/babel-plugin-syntax-trailing-function-commas-6.22.0.tgz 3983ms (cache miss)
npm http fetch GET 200 https://registry.vlt.io/vlt-benchmarks/npm/babel-helper-bindify-decorators/-/babel-helper-bindify-decorators-6.24.1.tgz 3982ms (cache miss)
npm http fetch GET 200 https://registry.vlt.io/vlt-benchmarks/npm/babel-plugin-syntax-class-properties/-/babel-plugin-syntax-class-properties-6.13.0.tgz 3982ms (cache miss)
npm http fetch GET 200 https://registry.vlt.io/vlt-benchmarks/npm/babel-helper-explode-class/-/babel-helper-explode-class-6.24.1.tgz 3982ms (cache miss)
npm http fetch GET 200 https://registry.vlt.io/vlt-benchmarks/npm/babel-plugin-syntax-dynamic-import/-/babel-plugin-syntax-dynamic-import-6.18.0.tgz 3982ms (cache miss)
npm http fetch GET 200 https://registry.vlt.io/vlt-benchmarks/npm/babel-plugin-transform-class-properties/-/babel-plugin-transform-class-properties-6.24.1.tgz 3983ms (cache miss)
npm http fetch GET 200 https://registry.vlt.io/vlt-benchmarks/npm/babel-plugin-transform-decorators/-/babel-plugin-transform-decorators-6.24.1.tgz 3983ms (cache miss)
npm http fetch GET 200 https://registry.vlt.io/vlt-benchmarks/npm/babel-preset-stage-3/-/babel-preset-stage-3-6.24.1.tgz 3983ms (cache miss)
npm http fetch GET 200 https://registry.vlt.io/vlt-benchmarks/npm/object.assign/-/object.assign-4.1.7.tgz 4017ms (cache miss)
npm http fetch GET 200 https://registry.vlt.io/vlt-benchmarks/npm/babel-plugin-syntax-export-extensions/-/babel-plugin-syntax-export-extensions-6.13.0.tgz 3999ms (cache miss)
npm http fetch GET 200 https://registry.vlt.io/vlt-benchmarks/npm/babel-plugin-transform-export-extensions/-/babel-plugin-transform-export-extensions-6.22.0.tgz 3999ms (cache miss)
npm http fetch GET 200 https://registry.vlt.io/vlt-benchmarks/npm/babel-plugin-syntax-class-constructor-call/-/babel-plugin-syntax-class-constructor-call-6.18.0.tgz 3999ms (cache miss)
npm http fetch GET 200 https://registry.vlt.io/vlt-benchmarks/npm/babel-plugin-transform-class-constructor-call/-/babel-plugin-transform-class-constructor-call-6.24.1.tgz 4000ms (cache miss)
npm http fetch GET 200 https://registry.vlt.io/vlt-benchmarks/npm/react-transform-catch-errors/-/react-transform-catch-errors-1.0.2.tgz 3999ms (cache miss)
npm http fetch GET 200 https://registry.vlt.io/vlt-benchmarks/npm/babel-preset-stage-2/-/babel-preset-stage-2-6.24.1.tgz 4014ms (cache miss)
npm http fetch GET 200 https://registry.vlt.io/vlt-benchmarks/npm/react-transform-hmr/-/react-transform-hmr-1.0.4.tgz 4015ms (cache miss)
npm http fetch GET 200 https://registry.vlt.io/vlt-benchmarks/npm/babel-plugin-react-transform/-/babel-plugin-react-transform-2.0.2.tgz 4014ms (cache miss)
npm http fetch GET 200 https://registry.vlt.io/vlt-benchmarks/npm/babel-plugin-syntax-flow/-/babel-plugin-syntax-flow-6.18.0.tgz 4014ms (cache miss)
npm http fetch GET 200 https://registry.vlt.io/vlt-benchmarks/npm/babel-helper-builder-react-jsx/-/babel-helper-builder-react-jsx-6.26.0.tgz 4014ms (cache miss)
npm http fetch GET 200 https://registry.vlt.io/vlt-benchmarks/npm/babel-plugin-transform-flow-strip-types/-/babel-plugin-transform-flow-strip-types-6.22.0.tgz 4015ms (cache miss)
npm http fetch GET 200 https://registry.vlt.io/vlt-benchmarks/npm/babel-preset-flow/-/babel-preset-flow-6.23.0.tgz 4015ms (cache miss)
npm http fetch GET 200 https://registry.vlt.io/vlt-benchmarks/npm/babel-plugin-transform-react-jsx-source/-/babel-plugin-transform-react-jsx-source-6.22.0.tgz 4015ms (cache miss)
npm http fetch GET 200 https://registry.vlt.io/vlt-benchmarks/npm/babel-plugin-transform-react-jsx-self/-/babel-plugin-transform-react-jsx-self-6.22.0.tgz 4014ms (cache miss)
npm http fetch GET 200 https://registry.vlt.io/vlt-benchmarks/npm/babel-plugin-transform-react-jsx/-/babel-plugin-transform-react-jsx-6.24.1.tgz 4015ms (cache miss)
npm http fetch GET 200 https://registry.vlt.io/vlt-benchmarks/npm/electron-to-chromium/-/electron-to-chromium-1.5.434.tgz 4046ms (cache miss)
npm http fetch GET 200 https://registry.vlt.io/vlt-benchmarks/npm/babel-plugin-transform-react-display-name/-/babel-plugin-transform-react-display-name-6.25.0.tgz 4040ms (cache miss)
npm http fetch GET 200 https://registry.vlt.io/vlt-benchmarks/npm/babel-plugin-syntax-jsx/-/babel-plugin-syntax-jsx-6.18.0.tgz 4040ms (cache miss)
npm http fetch GET 200 https://registry.vlt.io/vlt-benchmarks/npm/babel-helper-call-delegate/-/babel-helper-call-delegate-6.24.1.tgz 4039ms (cache miss)
npm http fetch GET 200 https://registry.vlt.io/vlt-benchmarks/npm/regexpu-core/-/regexpu-core-2.0.0.tgz 4041ms (cache miss)
npm http fetch GET 200 https://registry.vlt.io/vlt-benchmarks/npm/babel-helper-regex/-/babel-helper-regex-6.26.0.tgz 4040ms (cache miss)
npm http fetch GET 200 https://registry.vlt.io/vlt-benchmarks/npm/babel-helper-hoist-variables/-/babel-helper-hoist-variables-6.24.1.tgz 4040ms (cache miss)
npm http fetch GET 200 https://registry.vlt.io/vlt-benchmarks/npm/babel-helper-get-function-arity/-/babel-helper-get-function-arity-6.24.1.tgz 4054ms (cache miss)
npm http fetch GET 200 https://registry.vlt.io/vlt-benchmarks/npm/babel-helper-replace-supers/-/babel-helper-replace-supers-6.24.1.tgz 4055ms (cache miss)
npm http fetch GET 200 https://registry.vlt.io/vlt-benchmarks/npm/babel-helper-define-map/-/babel-helper-define-map-6.26.0.tgz 4054ms (cache miss)
npm http fetch GET 200 https://registry.vlt.io/vlt-benchmarks/npm/babel-helper-optimise-call-expression/-/babel-helper-optimise-call-expression-6.24.1.tgz 4054ms (cache miss)
npm http fetch GET 200 https://registry.vlt.io/vlt-benchmarks/npm/babel-helper-function-name/-/babel-helper-function-name-6.24.1.tgz 4054ms (cache miss)
npm http fetch GET 200 https://registry.vlt.io/vlt-benchmarks/npm/babel-plugin-transform-es2015-unicode-regex/-/babel-plugin-transform-es2015-unicode-regex-6.24.1.tgz 4055ms (cache miss)
npm http fetch GET 200 https://registry.vlt.io/vlt-benchmarks/npm/babel-plugin-transform-strict-mode/-/babel-plugin-transform-strict-mode-6.24.1.tgz 4056ms (cache miss)
npm http fetch GET 200 https://registry.vlt.io/vlt-benchmarks/npm/babel-plugin-transform-regenerator/-/babel-plugin-transform-regenerator-6.26.0.tgz 4055ms (cache miss)
npm http fetch GET 200 https://registry.vlt.io/vlt-benchmarks/npm/eslint-scope/-/eslint-scope-7.2.2.tgz 4093ms (cache miss)
npm http fetch GET 200 https://registry.vlt.io/vlt-benchmarks/npm/babel-plugin-transform-es2015-sticky-regex/-/babel-plugin-transform-es2015-sticky-regex-6.24.1.tgz 4071ms (cache miss)
npm http fetch GET 200 https://registry.vlt.io/vlt-benchmarks/npm/babel-plugin-transform-es2015-typeof-symbol/-/babel-plugin-transform-es2015-typeof-symbol-6.23.0.tgz 4072ms (cache miss)
npm http fetch GET 200 https://registry.vlt.io/vlt-benchmarks/npm/babel-plugin-transform-es2015-template-literals/-/babel-plugin-transform-es2015-template-literals-6.22.0.tgz 4072ms (cache miss)
npm http fetch GET 200 https://registry.vlt.io/vlt-benchmarks/npm/babel-plugin-transform-es2015-shorthand-properties/-/babel-plugin-transform-es2015-shorthand-properties-6.24.1.tgz 4072ms (cache miss)
npm http fetch GET 200 https://registry.vlt.io/vlt-benchmarks/npm/babel-plugin-transform-es2015-object-super/-/babel-plugin-transform-es2015-object-super-6.24.1.tgz 4072ms (cache miss)
npm http fetch GET 200 https://registry.vlt.io/vlt-benchmarks/npm/babel-plugin-transform-es2015-parameters/-/babel-plugin-transform-es2015-parameters-6.24.1.tgz 4073ms (cache miss)
npm http fetch GET 200 https://registry.vlt.io/vlt-benchmarks/npm/acorn/-/acorn-8.18.0.tgz 4135ms (cache miss)
npm http fetch GET 200 https://registry.vlt.io/vlt-benchmarks/npm/babel-plugin-transform-es2015-spread/-/babel-plugin-transform-es2015-spread-6.22.0.tgz 4088ms (cache miss)
npm http fetch GET 200 https://registry.vlt.io/vlt-benchmarks/npm/babel-plugin-transform-es2015-modules-systemjs/-/babel-plugin-transform-es2015-modules-systemjs-6.24.1.tgz 4087ms (cache miss)
npm http fetch GET 200 https://registry.vlt.io/vlt-benchmarks/npm/babel-plugin-transform-es2015-modules-umd/-/babel-plugin-transform-es2015-modules-umd-6.24.1.tgz 4088ms (cache miss)
npm http fetch GET 200 https://registry.vlt.io/vlt-benchmarks/npm/babel-plugin-transform-es2015-modules-amd/-/babel-plugin-transform-es2015-modules-amd-6.24.1.tgz 4087ms (cache miss)
npm http fetch GET 200 https://registry.vlt.io/vlt-benchmarks/npm/babel-plugin-transform-es2015-modules-commonjs/-/babel-plugin-transform-es2015-modules-commonjs-6.26.2.tgz 4088ms (cache miss)
npm http fetch GET 200 https://registry.vlt.io/vlt-benchmarks/npm/babel-plugin-transform-es2015-function-name/-/babel-plugin-transform-es2015-function-name-6.24.1.tgz 4088ms (cache miss)
npm http fetch GET 200 https://registry.vlt.io/vlt-benchmarks/npm/babel-plugin-transform-es2015-literals/-/babel-plugin-transform-es2015-literals-6.22.0.tgz 4088ms (cache miss)
npm http fetch GET 200 https://registry.vlt.io/vlt-benchmarks/npm/babel-plugin-transform-es2015-destructuring/-/babel-plugin-transform-es2015-destructuring-6.23.0.tgz 4087ms (cache miss)
npm http fetch GET 200 https://registry.vlt.io/vlt-benchmarks/npm/babel-plugin-transform-es2015-for-of/-/babel-plugin-transform-es2015-for-of-6.23.0.tgz 4089ms (cache miss)
npm http fetch GET 200 https://registry.vlt.io/vlt-benchmarks/npm/math-intrinsics/-/math-intrinsics-1.1.0.tgz 4134ms (cache miss)
npm http fetch GET 200 https://registry.vlt.io/vlt-benchmarks/npm/react-draggable/-/react-draggable-4.7.2.tgz 4213ms (cache miss)
npm http fetch GET 200 https://registry.vlt.io/vlt-benchmarks/npm/babel-plugin-transform-es2015-computed-properties/-/babel-plugin-transform-es2015-computed-properties-6.24.1.tgz 4105ms (cache miss)
npm http fetch GET 200 https://registry.vlt.io/vlt-benchmarks/npm/babel-plugin-transform-es2015-classes/-/babel-plugin-transform-es2015-classes-6.24.1.tgz 4105ms (cache miss)
npm http fetch GET 200 https://registry.vlt.io/vlt-benchmarks/npm/babel-plugin-transform-es2015-block-scoping/-/babel-plugin-transform-es2015-block-scoping-6.26.0.tgz 4105ms (cache miss)
npm http fetch GET 200 https://registry.vlt.io/vlt-benchmarks/npm/babel-plugin-transform-es2015-block-scoped-functions/-/babel-plugin-transform-es2015-block-scoped-functions-6.22.0.tgz 4106ms (cache miss)
npm http fetch GET 200 https://registry.vlt.io/vlt-benchmarks/npm/source-map/-/source-map-0.4.4.tgz 4199ms (cache miss)
npm http fetch GET 200 https://registry.vlt.io/vlt-benchmarks/npm/@eslint-community/regexpp/-/regexpp-4.12.2.tgz 4145ms (cache miss)
npm http fetch GET 200 https://registry.vlt.io/vlt-benchmarks/npm/babel-plugin-transform-es2015-duplicate-keys/-/babel-plugin-transform-es2015-duplicate-keys-6.24.1.tgz 4123ms (cache miss)
npm http fetch GET 200 https://registry.vlt.io/vlt-benchmarks/npm/babel-plugin-transform-es2015-arrow-functions/-/babel-plugin-transform-es2015-arrow-functions-6.22.0.tgz 4123ms (cache miss)
npm http fetch GET 200 https://registry.vlt.io/vlt-benchmarks/npm/babel-plugin-check-es2015-constants/-/babel-plugin-check-es2015-constants-6.22.0.tgz 4123ms (cache miss)
npm http fetch GET 200 https://registry.vlt.io/vlt-benchmarks/npm/regenerator-runtime/-/regenerator-runtime-0.10.5.tgz 4123ms (cache miss)
npm http fetch GET 200 https://registry.vlt.io/vlt-benchmarks/npm/pkg-up/-/pkg-up-3.1.0.tgz 4122ms (cache miss)
npm http fetch GET 200 https://registry.vlt.io/vlt-benchmarks/npm/babel-plugin-syntax-decorators/-/babel-plugin-syntax-decorators-6.13.0.tgz 4124ms (cache miss)
npm http fetch GET 200 https://registry.vlt.io/vlt-benchmarks/npm/p-limit/-/p-limit-2.3.0.tgz 4123ms (cache miss)
npm http fetch GET 200 https://registry.vlt.io/vlt-benchmarks/npm/p-locate/-/p-locate-3.0.0.tgz 4123ms (cache miss)
npm http fetch GET 200 https://registry.vlt.io/vlt-benchmarks/npm/@eslint-community/eslint-utils/-/eslint-utils-4.10.1.tgz 4166ms (cache miss)
npm http fetch GET 200 https://registry.vlt.io/vlt-benchmarks/npm/baseline-browser-mapping/-/baseline-browser-mapping-2.11.25.tgz 4155ms (cache miss)
npm http fetch GET 200 https://registry.vlt.io/vlt-benchmarks/npm/path-exists/-/path-exists-3.0.0.tgz 4142ms (cache miss)
npm http fetch GET 200 https://registry.vlt.io/vlt-benchmarks/npm/json-schema-traverse/-/json-schema-traverse-1.0.0.tgz 4141ms (cache miss)
npm http fetch GET 200 https://registry.vlt.io/vlt-benchmarks/npm/find-up/-/find-up-3.0.0.tgz 4142ms (cache miss)
npm http fetch GET 200 https://registry.vlt.io/vlt-benchmarks/npm/find-babel-config/-/find-babel-config-2.1.2.tgz 4143ms (cache miss)
npm http fetch GET 200 https://registry.vlt.io/vlt-benchmarks/npm/require-package-name/-/require-package-name-2.0.1.tgz 4143ms (cache miss)
npm http fetch GET 200 https://registry.vlt.io/vlt-benchmarks/npm/locate-path/-/locate-path-3.0.0.tgz 4157ms (cache miss)
npm http fetch GET 200 https://registry.vlt.io/vlt-benchmarks/npm/find-cache-dir/-/find-cache-dir-4.0.0.tgz 4157ms (cache miss)
npm http fetch GET 200 https://registry.vlt.io/vlt-benchmarks/npm/detect-indent/-/detect-indent-4.0.0.tgz 4157ms (cache miss)
npm http fetch GET 200 https://registry.vlt.io/vlt-benchmarks/npm/trim-right/-/trim-right-1.0.1.tgz 4157ms (cache miss)
npm http fetch GET 200 https://registry.vlt.io/vlt-benchmarks/npm/esutils/-/esutils-2.0.3.tgz 4157ms (cache miss)
npm http fetch GET 200 https://registry.vlt.io/vlt-benchmarks/npm/coa/-/coa-1.0.4.tgz 4358ms (cache miss)
npm http fetch GET 200 https://registry.vlt.io/vlt-benchmarks/npm/eslint-visitor-keys/-/eslint-visitor-keys-1.3.0.tgz 4176ms (cache miss)
npm http fetch GET 200 https://registry.vlt.io/vlt-benchmarks/npm/chalk/-/chalk-1.1.3.tgz 4177ms (cache miss)
npm http fetch GET 200 https://registry.vlt.io/vlt-benchmarks/npm/slash/-/slash-1.0.0.tgz 4177ms (cache miss)
npm http fetch GET 200 https://registry.vlt.io/vlt-benchmarks/npm/private/-/private-0.1.8.tgz 4177ms (cache miss)
npm http fetch GET 200 https://registry.vlt.io/vlt-benchmarks/npm/minimatch/-/minimatch-3.1.5.tgz 4177ms (cache miss)
npm http fetch GET 200 https://registry.vlt.io/vlt-benchmarks/npm/eslint-config-airbnb-base/-/eslint-config-airbnb-base-15.0.0.tgz 4222ms (cache miss)
npm http fetch GET 200 https://registry.vlt.io/vlt-benchmarks/npm/minipass/-/minipass-7.1.3.tgz 4255ms (cache miss)
npm http fetch GET 200 https://registry.vlt.io/vlt-benchmarks/npm/ms/-/ms-2.0.0.tgz 4191ms (cache miss)
npm http fetch GET 200 https://registry.vlt.io/vlt-benchmarks/npm/path-is-absolute/-/path-is-absolute-1.0.1.tgz 4192ms (cache miss)
npm http fetch GET 200 https://registry.vlt.io/vlt-benchmarks/npm/babel-template/-/babel-template-6.26.0.tgz 4210ms (cache miss)
npm http fetch GET 200 https://registry.vlt.io/vlt-benchmarks/npm/babel-register/-/babel-register-6.26.0.tgz 4209ms (cache miss)
npm http fetch GET 200 https://registry.vlt.io/vlt-benchmarks/npm/babel-helpers/-/babel-helpers-6.24.1.tgz 4210ms (cache miss)
npm http fetch GET 200 https://registry.vlt.io/vlt-benchmarks/npm/jsesc/-/jsesc-1.3.0.tgz 4210ms (cache miss)
npm http fetch GET 200 https://registry.vlt.io/vlt-benchmarks/npm/babel-messages/-/babel-messages-6.23.0.tgz 4210ms (cache miss)
npm http fetch GET 200 https://registry.vlt.io/vlt-benchmarks/npm/postcss-value-parser/-/postcss-value-parser-4.2.0.tgz 4209ms (cache miss)
npm http fetch GET 200 https://registry.vlt.io/vlt-benchmarks/npm/babel-code-frame/-/babel-code-frame-6.26.0.tgz 4228ms (cache miss)
npm http fetch GET 200 https://registry.vlt.io/vlt-benchmarks/npm/@jridgewell/resolve-uri/-/resolve-uri-3.1.2.tgz 4228ms (cache miss)
npm http fetch GET 200 https://registry.vlt.io/vlt-benchmarks/npm/js-tokens/-/js-tokens-3.0.2.tgz 4228ms (cache miss)
npm http fetch GET 200 https://registry.vlt.io/vlt-benchmarks/npm/@babel/helper-string-parser/-/helper-string-parser-7.29.7.tgz 4228ms (cache miss)
npm http fetch GET 200 https://registry.vlt.io/vlt-benchmarks/npm/@babel/helper-globals/-/helper-globals-7.29.7.tgz 4243ms (cache miss)
npm http fetch GET 200 https://registry.vlt.io/vlt-benchmarks/npm/@babel/helper-module-imports/-/helper-module-imports-7.29.7.tgz 4244ms (cache miss)
npm http fetch GET 200 https://registry.vlt.io/vlt-benchmarks/npm/jsesc/-/jsesc-3.1.0.tgz 4244ms (cache miss)
npm http fetch GET 200 https://registry.vlt.io/vlt-benchmarks/npm/lru-cache/-/lru-cache-5.1.1.tgz 4244ms (cache miss)
npm http fetch GET 200 https://registry.vlt.io/vlt-benchmarks/npm/@babel/compat-data/-/compat-data-7.29.7.tgz 4245ms (cache miss)
npm http fetch GET 200 https://registry.vlt.io/vlt-benchmarks/npm/@babel/helper-validator-option/-/helper-validator-option-7.29.7.tgz 4245ms (cache miss)
npm http fetch GET 200 https://registry.vlt.io/vlt-benchmarks/npm/browserslist/-/browserslist-4.29.0.tgz 4260ms (cache miss)
npm http fetch GET 200 https://registry.vlt.io/vlt-benchmarks/npm/picocolors/-/picocolors-1.1.1.tgz 4260ms (cache miss)
npm http fetch GET 200 https://registry.vlt.io/vlt-benchmarks/npm/@babel/helper-validator-identifier/-/helper-validator-identifier-7.29.7.tgz 4260ms (cache miss)
npm http fetch GET 200 https://registry.vlt.io/vlt-benchmarks/npm/js-tokens/-/js-tokens-4.0.0.tgz 4261ms (cache miss)
npm http fetch GET 200 https://registry.vlt.io/vlt-benchmarks/npm/semver/-/semver-6.3.1.tgz 4282ms (cache miss)
npm http fetch GET 200 https://registry.vlt.io/vlt-benchmarks/npm/convert-source-map/-/convert-source-map-2.0.0.tgz 4282ms (cache miss)
npm http fetch GET 200 https://registry.vlt.io/vlt-benchmarks/npm/debug/-/debug-4.4.3.tgz 4282ms (cache miss)
npm http fetch GET 200 https://registry.vlt.io/vlt-benchmarks/npm/gensync/-/gensync-1.0.0-beta.2.tgz 4282ms (cache miss)
npm http fetch GET 200 https://registry.vlt.io/vlt-benchmarks/npm/@jridgewell/remapping/-/remapping-2.3.5.tgz 4283ms (cache miss)
npm http fetch GET 200 https://registry.vlt.io/vlt-benchmarks/npm/@babel/helper-compilation-targets/-/helper-compilation-targets-7.29.7.tgz 4299ms (cache miss)
npm http fetch GET 200 https://registry.vlt.io/vlt-benchmarks/npm/@babel/code-frame/-/code-frame-7.29.7.tgz 4318ms (cache miss)
npm http fetch GET 200 https://registry.vlt.io/vlt-benchmarks/npm/webpack-split-by-path/-/webpack-split-by-path-2.0.0.tgz 4317ms (cache miss)
npm http fetch GET 200 https://registry.vlt.io/vlt-benchmarks/npm/ansi-regex/-/ansi-regex-5.0.1.tgz 4317ms (cache miss)
npm http fetch GET 200 https://registry.vlt.io/vlt-benchmarks/npm/ansi-regex/-/ansi-regex-5.0.1.tgz 4317ms (cache miss)
npm http fetch GET 200 https://registry.vlt.io/vlt-benchmarks/npm/strip-ansi/-/strip-ansi-6.0.1.tgz 4318ms (cache miss)
npm http fetch GET 200 https://registry.vlt.io/vlt-benchmarks/npm/strip-ansi/-/strip-ansi-6.0.1.tgz 4318ms (cache miss)
npm http fetch GET 200 https://registry.vlt.io/vlt-benchmarks/npm/webpack-notifier/-/webpack-notifier-1.17.0.tgz 4318ms (cache miss)
npm http fetch GET 200 https://registry.vlt.io/vlt-benchmarks/npm/whatwg-fetch/-/whatwg-fetch-3.6.20.tgz 4337ms (cache miss)
npm http fetch GET 200 https://registry.vlt.io/vlt-benchmarks/npm/webpack-hot-middleware/-/webpack-hot-middleware-2.26.1.tgz 4336ms (cache miss)
npm http fetch GET 200 https://registry.vlt.io/vlt-benchmarks/npm/file-selector/-/file-selector-2.1.2.tgz 4469ms (cache miss)
npm http fetch GET 200 https://registry.vlt.io/vlt-benchmarks/npm/escape-string-regexp/-/escape-string-regexp-4.0.0.tgz 4350ms (cache miss)
npm http fetch GET 200 https://registry.vlt.io/vlt-benchmarks/npm/path-scurry/-/path-scurry-1.11.1.tgz 4442ms (cache miss)
npm http fetch GET 200 https://registry.vlt.io/vlt-benchmarks/npm/commander/-/commander-7.2.0.tgz 4408ms (cache miss)
npm http fetch GET 200 https://registry.vlt.io/vlt-benchmarks/npm/mime/-/mime-2.6.0.tgz 4407ms (cache miss)
npm http fetch GET 200 https://registry.vlt.io/vlt-benchmarks/npm/ansi-regex/-/ansi-regex-5.0.1.tgz 4411ms (cache miss)
npm http fetch GET 200 https://registry.vlt.io/vlt-benchmarks/npm/is-number/-/is-number-7.0.0.tgz 4411ms (cache miss)
npm http fetch GET 200 https://registry.vlt.io/vlt-benchmarks/npm/strip-ansi/-/strip-ansi-6.0.1.tgz 4412ms (cache miss)
npm http fetch GET 200 https://registry.vlt.io/vlt-benchmarks/npm/debug/-/debug-2.6.9.tgz 4452ms (cache miss)
npm http fetch GET 200 https://registry.vlt.io/vlt-benchmarks/npm/to-regex-range/-/to-regex-range-5.0.1.tgz 4445ms (cache miss)
npm http fetch GET 200 https://registry.vlt.io/vlt-benchmarks/npm/fill-range/-/fill-range-7.1.1.tgz 4445ms (cache miss)
npm http fetch GET 200 https://registry.vlt.io/vlt-benchmarks/npm/emoji-regex/-/emoji-regex-8.0.0.tgz 4446ms (cache miss)
npm http fetch GET 200 https://registry.vlt.io/vlt-benchmarks/npm/braces/-/braces-3.0.3.tgz 4462ms (cache miss)
npm http fetch GET 200 https://registry.vlt.io/vlt-benchmarks/npm/which/-/which-1.3.1.tgz 4462ms (cache miss)
npm http fetch GET 200 https://registry.vlt.io/vlt-benchmarks/npm/slash/-/slash-3.0.0.tgz 4463ms (cache miss)
npm http fetch GET 200 https://registry.vlt.io/vlt-benchmarks/npm/global-prefix/-/global-prefix-3.0.0.tgz 4463ms (cache miss)
npm http fetch GET 200 https://registry.vlt.io/vlt-benchmarks/npm/kind-of/-/kind-of-6.0.3.tgz 4463ms (cache miss)
npm http fetch GET 200 https://registry.vlt.io/vlt-benchmarks/npm/flat-cache/-/flat-cache-6.1.23.tgz 4463ms (cache miss)
npm http fetch GET 200 https://registry.vlt.io/vlt-benchmarks/npm/micromatch/-/micromatch-4.0.8.tgz 4479ms (cache miss)
npm http fetch GET 200 https://registry.vlt.io/vlt-benchmarks/npm/resolve-from/-/resolve-from-5.0.0.tgz 4479ms (cache miss)
npm http fetch GET 200 https://registry.vlt.io/vlt-benchmarks/npm/string-width/-/string-width-4.2.3.tgz 4479ms (cache miss)
npm http fetch GET 200 https://registry.vlt.io/vlt-benchmarks/npm/array-union/-/array-union-2.1.0.tgz 4496ms (cache miss)
npm http fetch GET 200 https://registry.vlt.io/vlt-benchmarks/npm/globby/-/globby-11.1.0.tgz 4495ms (cache miss)
npm http fetch GET 200 https://registry.vlt.io/vlt-benchmarks/npm/ignore/-/ignore-5.3.2.tgz 4496ms (cache miss)
npm http fetch GET 200 https://registry.vlt.io/vlt-benchmarks/npm/global-modules/-/global-modules-2.0.0.tgz 4495ms (cache miss)
npm http fetch GET 200 https://registry.vlt.io/vlt-benchmarks/npm/balanced-match/-/balanced-match-2.0.0.tgz 4512ms (cache miss)
npm http fetch GET 200 https://registry.vlt.io/vlt-benchmarks/npm/@csstools/selector-specificity/-/selector-specificity-5.0.0.tgz 4513ms (cache miss)
npm http fetch GET 200 https://registry.vlt.io/vlt-benchmarks/npm/react-waypoint/-/react-waypoint-10.3.0.tgz 4513ms (cache miss)
npm http fetch GET 200 https://registry.vlt.io/vlt-benchmarks/npm/react-is/-/react-is-18.3.1.tgz 4512ms (cache miss)
npm http fetch GET 200 https://registry.vlt.io/vlt-benchmarks/npm/clsx/-/clsx-1.2.1.tgz 4513ms (cache miss)
npm http fetch GET 200 https://registry.vlt.io/vlt-benchmarks/npm/undici-types/-/undici-types-8.9.0.tgz 4567ms (cache miss)
npm http fetch GET 200 https://registry.vlt.io/vlt-benchmarks/npm/ignore/-/ignore-7.0.10.tgz 4531ms (cache miss)
npm http fetch GET 200 https://registry.vlt.io/vlt-benchmarks/npm/@types/sortablejs/-/sortablejs-1.15.9.tgz 4530ms (cache miss)
npm http fetch GET 200 https://registry.vlt.io/vlt-benchmarks/npm/react-tappable/-/react-tappable-1.0.4.tgz 4530ms (cache miss)
npm http fetch GET 200 https://registry.vlt.io/vlt-benchmarks/npm/classnames/-/classnames-2.3.1.tgz 4529ms (cache miss)
npm http fetch GET 200 https://registry.vlt.io/vlt-benchmarks/npm/babylon/-/babylon-6.18.0.tgz 4558ms (cache miss)
npm http fetch GET 200 https://registry.vlt.io/vlt-benchmarks/npm/create-react-class/-/create-react-class-15.7.0.tgz 4547ms (cache miss)
npm http fetch GET 200 https://registry.vlt.io/vlt-benchmarks/npm/react-sortablejs/-/react-sortablejs-6.1.4.tgz 4546ms (cache miss)
npm http fetch GET 200 https://registry.vlt.io/vlt-benchmarks/npm/react-input-autosize/-/react-input-autosize-1.1.0.tgz 4546ms (cache miss)
npm http fetch GET 200 https://registry.vlt.io/vlt-benchmarks/npm/file-entry-cache/-/file-entry-cache-11.1.5.tgz 4566ms (cache miss)
npm http fetch GET 200 https://registry.vlt.io/vlt-benchmarks/npm/react-lazyload/-/react-lazyload-3.2.1.tgz 4564ms (cache miss)
npm http fetch GET 200 https://registry.vlt.io/vlt-benchmarks/npm/react-mixin/-/react-mixin-5.0.0.tgz 4580ms (cache miss)
npm http fetch GET 200 https://registry.vlt.io/vlt-benchmarks/npm/emojis-list/-/emojis-list-3.0.0.tgz 4580ms (cache miss)
npm http fetch GET 200 https://registry.vlt.io/vlt-benchmarks/npm/big.js/-/big.js-5.2.2.tgz 4596ms (cache miss)
npm http fetch GET 200 https://registry.vlt.io/vlt-benchmarks/npm/loader-utils/-/loader-utils-2.0.4.tgz 4612ms (cache miss)
npm http fetch GET 200 https://registry.vlt.io/vlt-benchmarks/npm/react-addons-shallow-compare/-/react-addons-shallow-compare-15.6.3.tgz 4611ms (cache miss)
npm http fetch GET 200 https://registry.vlt.io/vlt-benchmarks/npm/react-addons-css-transition-group/-/react-addons-css-transition-group-15.6.2.tgz 4612ms (cache miss)
npm http fetch GET 200 https://registry.vlt.io/vlt-benchmarks/npm/source-map/-/source-map-0.6.1.tgz 4724ms (cache miss)
npm http fetch GET 200 https://registry.vlt.io/vlt-benchmarks/npm/postcss-calc/-/postcss-calc-9.0.1.tgz 4682ms (cache miss)
npm http fetch GET 200 https://registry.vlt.io/vlt-benchmarks/npm/emojis-list/-/emojis-list-3.0.0.tgz 4646ms (cache miss)
npm http fetch GET 200 https://registry.vlt.io/vlt-benchmarks/npm/raw-loader/-/raw-loader-4.0.2.tgz 4648ms (cache miss)
npm http fetch GET 200 https://registry.vlt.io/vlt-benchmarks/npm/big.js/-/big.js-5.2.2.tgz 4664ms (cache miss)
npm http fetch GET 200 https://registry.vlt.io/vlt-benchmarks/npm/loader-utils/-/loader-utils-2.0.4.tgz 4665ms (cache miss)
npm http fetch GET 200 https://registry.vlt.io/vlt-benchmarks/npm/progress/-/progress-2.0.3.tgz 4665ms (cache miss)
npm http fetch GET 200 https://registry.vlt.io/vlt-benchmarks/npm/postcss-reporter/-/postcss-reporter-7.1.0.tgz 4666ms (cache miss)
npm http fetch GET 200 https://registry.vlt.io/vlt-benchmarks/npm/password-policy/-/password-policy-0.0.3.tgz 4683ms (cache miss)
npm http fetch GET 200 https://registry.vlt.io/vlt-benchmarks/npm/object-inspect/-/object-inspect-1.13.4.tgz 4781ms (cache miss)
npm http fetch GET 200 https://registry.vlt.io/vlt-benchmarks/npm/css-declaration-sorter/-/css-declaration-sorter-7.4.0.tgz 4758ms (cache miss)
npm http fetch GET 200 https://registry.vlt.io/vlt-benchmarks/npm/prop-types/-/prop-types-15.8.1.tgz 4746ms (cache miss)
npm http fetch GET 200 https://registry.vlt.io/vlt-benchmarks/npm/react-transition-group/-/react-transition-group-1.2.1.tgz 4772ms (cache miss)
npm http fetch GET 200 https://registry.vlt.io/vlt-benchmarks/npm/nan-as/-/nan-as-1.6.1.tgz 4771ms (cache miss)
npm http fetch GET 200 https://registry.vlt.io/vlt-benchmarks/npm/lesshat/-/lesshat-4.1.0.tgz 4769ms (cache miss)
npm http fetch GET 200 https://registry.vlt.io/vlt-benchmarks/npm/json-loader/-/json-loader-0.5.7.tgz 4770ms (cache miss)
npm http fetch GET 200 https://registry.vlt.io/vlt-benchmarks/npm/js-cookie/-/js-cookie-3.0.8.tgz 4769ms (cache miss)
npm http fetch GET 200 https://registry.vlt.io/vlt-benchmarks/npm/leftpad/-/leftpad-0.0.1.tgz 4770ms (cache miss)
npm warn deprecated leftpad@0.0.1: Use the built-in String.padStart function instead
npm http fetch GET 200 https://registry.vlt.io/vlt-benchmarks/npm/jackspeak/-/jackspeak-3.4.3.tgz 4895ms (cache miss)
npm http fetch GET 200 https://registry.vlt.io/vlt-benchmarks/npm/postcss-minify-font-values/-/postcss-minify-font-values-6.1.0.tgz 4852ms (cache miss)
npm http fetch GET 200 https://registry.vlt.io/vlt-benchmarks/npm/regenerator-transform/-/regenerator-transform-0.10.1.tgz 4840ms (cache miss)
npm http fetch GET 200 https://registry.vlt.io/vlt-benchmarks/npm/moment-range/-/moment-range-4.0.2.tgz 4814ms (cache miss)
npm http fetch GET 200 https://registry.vlt.io/vlt-benchmarks/npm/imports-loader/-/imports-loader-5.0.0.tgz 4812ms (cache miss)
npm http fetch GET 200 https://registry.vlt.io/vlt-benchmarks/npm/verge/-/verge-1.10.2.tgz 4846ms (cache miss)
npm http fetch GET 200 https://registry.vlt.io/vlt-benchmarks/npm/highcharts-solid-gauge/-/highcharts-solid-gauge-0.1.7.tgz 4834ms (cache miss)
npm warn deprecated highcharts-solid-gauge@0.1.7: this package has been deprecated, just import modules from the highcharts folder
npm http fetch GET 200 https://registry.vlt.io/vlt-benchmarks/npm/gulp-util/-/gulp-util-3.0.8.tgz 4854ms (cache miss)
npm http fetch GET 200 https://registry.vlt.io/vlt-benchmarks/npm/clone/-/clone-1.0.4.tgz 4855ms (cache miss)
npm http fetch GET 200 https://registry.vlt.io/vlt-benchmarks/npm/probe-image-size/-/probe-image-size-7.4.0.tgz 4986ms (cache miss)
npm http fetch GET 200 https://registry.vlt.io/vlt-benchmarks/npm/clone-stats/-/clone-stats-0.0.1.tgz 4875ms (cache miss)
npm http fetch GET 200 https://registry.vlt.io/vlt-benchmarks/npm/object-assign/-/object-assign-3.0.0.tgz 4874ms (cache miss)
npm http fetch GET 200 https://registry.vlt.io/vlt-benchmarks/npm/replace-ext/-/replace-ext-0.0.1.tgz 4876ms (cache miss)
npm http fetch GET 200 https://registry.vlt.io/vlt-benchmarks/npm/vinyl/-/vinyl-0.5.3.tgz 4895ms (cache miss)
npm http fetch GET 200 https://registry.vlt.io/vlt-benchmarks/npm/gulp-rename/-/gulp-rename-2.1.0.tgz 4894ms (cache miss)
npm http fetch GET 200 https://registry.vlt.io/vlt-benchmarks/npm/fancy-log/-/fancy-log-2.0.0.tgz 4895ms (cache miss)
npm http fetch GET 200 https://registry.vlt.io/vlt-benchmarks/npm/plugin-error/-/plugin-error-2.0.1.tgz 4895ms (cache miss)
npm http fetch GET 200 https://registry.vlt.io/vlt-benchmarks/npm/gulp-postcss/-/gulp-postcss-9.1.0.tgz 4895ms (cache miss)
npm warn deprecated gulp-postcss@9.1.0: Republished as 10.0.0 to follow the semver spec
npm http fetch GET 200 https://registry.vlt.io/vlt-benchmarks/npm/gulp-minify-css/-/gulp-minify-css-1.2.4.tgz 4896ms (cache miss)
npm warn deprecated gulp-minify-css@1.2.4: Please use gulp-clean-css
npm http fetch GET 200 https://registry.vlt.io/vlt-benchmarks/npm/has-flag/-/has-flag-3.0.0.tgz 4915ms (cache miss)
npm http fetch GET 200 https://registry.vlt.io/vlt-benchmarks/npm/gulp-livereload/-/gulp-livereload-4.0.2.tgz 4915ms (cache miss)
npm http fetch GET 200 https://registry.vlt.io/vlt-benchmarks/npm/color-convert/-/color-convert-1.9.3.tgz 4914ms (cache miss)
npm http fetch GET 200 https://registry.vlt.io/vlt-benchmarks/npm/iconv-lite/-/iconv-lite-0.6.3.tgz 5047ms (cache miss)
npm http fetch GET 200 https://registry.vlt.io/vlt-benchmarks/npm/color-name/-/color-name-1.1.3.tgz 4934ms (cache miss)
npm http fetch GET 200 https://registry.vlt.io/vlt-benchmarks/npm/supports-color/-/supports-color-5.5.0.tgz 4934ms (cache miss)
npm http fetch GET 200 https://registry.vlt.io/vlt-benchmarks/npm/chalk/-/chalk-2.4.2.tgz 4935ms (cache miss)
npm http fetch GET 200 https://registry.vlt.io/vlt-benchmarks/npm/ansi-styles/-/ansi-styles-3.2.1.tgz 4935ms (cache miss)
npm http fetch GET 200 https://registry.vlt.io/vlt-benchmarks/npm/tiny-lr/-/tiny-lr-1.1.1.tgz 5063ms (cache miss)
npm http fetch GET 200 https://registry.vlt.io/vlt-benchmarks/npm/fraction.js/-/fraction.js-5.3.4.tgz 4980ms (cache miss)
npm http fetch GET 200 https://registry.vlt.io/vlt-benchmarks/npm/react-draft-wysiwyg/-/react-draft-wysiwyg-1.15.0.tgz 4967ms (cache miss)
npm http fetch GET 200 https://registry.vlt.io/vlt-benchmarks/npm/debug/-/debug-3.2.7.tgz 4960ms (cache miss)
npm http fetch GET 200 https://registry.vlt.io/vlt-benchmarks/npm/gulp-less/-/gulp-less-5.0.0.tgz 4959ms (cache miss)
npm http fetch GET 200 https://registry.vlt.io/vlt-benchmarks/npm/gulp-eol/-/gulp-eol-0.2.0.tgz 4959ms (cache miss)
npm http fetch GET 200 https://registry.vlt.io/vlt-benchmarks/npm/through2/-/through2-4.0.2.tgz 4960ms (cache miss)
npm http fetch GET 200 https://registry.vlt.io/vlt-benchmarks/npm/isarray/-/isarray-0.0.1.tgz 4979ms (cache miss)
npm http fetch GET 200 https://registry.vlt.io/vlt-benchmarks/npm/string_decoder/-/string_decoder-0.10.31.tgz 4980ms (cache miss)
npm http fetch GET 200 https://registry.vlt.io/vlt-benchmarks/npm/object-keys/-/object-keys-0.4.0.tgz 4980ms (cache miss)
npm http fetch GET 200 https://registry.vlt.io/vlt-benchmarks/npm/xtend/-/xtend-2.1.2.tgz 4980ms (cache miss)
npm http fetch GET 200 https://registry.vlt.io/vlt-benchmarks/npm/through2/-/through2-0.4.2.tgz 4980ms (cache miss)
npm http fetch GET 200 https://registry.vlt.io/vlt-benchmarks/npm/gulp-cssnano/-/gulp-cssnano-2.1.3.tgz 5000ms (cache miss)
npm http fetch GET 200 https://registry.vlt.io/vlt-benchmarks/npm/sax/-/sax-1.2.4.tgz 5001ms (cache miss)
npm http fetch GET 200 https://registry.vlt.io/vlt-benchmarks/npm/iconv-lite/-/iconv-lite-0.4.24.tgz 5104ms (cache miss)
npm http fetch GET 200 https://registry.vlt.io/vlt-benchmarks/npm/promise/-/promise-7.3.1.tgz 5105ms (cache miss)
npm http fetch GET 200 https://registry.vlt.io/vlt-benchmarks/npm/has-flag/-/has-flag-1.0.0.tgz 5020ms (cache miss)
npm http fetch GET 200 https://registry.vlt.io/vlt-benchmarks/npm/caniuse-api/-/caniuse-api-1.6.1.tgz 5020ms (cache miss)
npm http fetch GET 200 https://registry.vlt.io/vlt-benchmarks/npm/postcss-value-parser/-/postcss-value-parser-3.3.1.tgz 5020ms (cache miss)
npm http fetch GET 200 https://registry.vlt.io/vlt-benchmarks/npm/browserslist/-/browserslist-1.7.7.tgz 5020ms (cache miss)
npm warn deprecated browserslist@1.7.7: Browserslist 2 could fail on reading Browserslist >3.0 config used in other tools.
npm http fetch GET 200 https://registry.vlt.io/vlt-benchmarks/npm/supports-color/-/supports-color-3.2.3.tgz 5050ms (cache miss)
npm http fetch GET 200 https://registry.vlt.io/vlt-benchmarks/npm/postcss-unique-selectors/-/postcss-unique-selectors-2.0.2.tgz 5051ms (cache miss)
npm http fetch GET 200 https://registry.vlt.io/vlt-benchmarks/npm/postcss-svgo/-/postcss-svgo-2.1.6.tgz 5050ms (cache miss)
npm http fetch GET 200 https://registry.vlt.io/vlt-benchmarks/npm/postcss-reduce-transforms/-/postcss-reduce-transforms-1.0.4.tgz 5050ms (cache miss)
npm http fetch GET 200 https://registry.vlt.io/vlt-benchmarks/npm/postcss-reduce-initial/-/postcss-reduce-initial-1.0.1.tgz 5051ms (cache miss)
npm http fetch GET 200 https://registry.vlt.io/vlt-benchmarks/npm/postcss-ordered-values/-/postcss-ordered-values-2.2.3.tgz 5051ms (cache miss)
npm http fetch GET 200 https://registry.vlt.io/vlt-benchmarks/npm/@babel/helper-module-transforms/-/helper-module-transforms-7.29.7.tgz 5089ms (cache miss)
npm http fetch GET 200 https://registry.vlt.io/vlt-benchmarks/npm/postcss-normalize-url/-/postcss-normalize-url-3.0.8.tgz 5070ms (cache miss)
npm http fetch GET 200 https://registry.vlt.io/vlt-benchmarks/npm/postcss-normalize-charset/-/postcss-normalize-charset-1.1.1.tgz 5070ms (cache miss)
npm http fetch GET 200 https://registry.vlt.io/vlt-benchmarks/npm/postcss-minify-params/-/postcss-minify-params-1.2.2.tgz 5069ms (cache miss)
npm http fetch GET 200 https://registry.vlt.io/vlt-benchmarks/npm/postcss-selector-parser/-/postcss-selector-parser-6.1.4.tgz 5218ms (cache miss)
npm http fetch GET 200 https://registry.vlt.io/vlt-benchmarks/npm/yargs/-/yargs-7.1.2.tgz 5187ms (cache miss)
npm http fetch GET 200 https://registry.vlt.io/vlt-benchmarks/npm/@babel/template/-/template-7.29.7.tgz 5107ms (cache miss)
npm http fetch GET 200 https://registry.vlt.io/vlt-benchmarks/npm/postcss-minify-selectors/-/postcss-minify-selectors-2.1.1.tgz 5086ms (cache miss)
npm http fetch GET 200 https://registry.vlt.io/vlt-benchmarks/npm/postcss-minify-gradients/-/postcss-minify-gradients-1.0.5.tgz 5085ms (cache miss)
npm http fetch GET 200 https://registry.vlt.io/vlt-benchmarks/npm/postcss-merge-rules/-/postcss-merge-rules-2.1.2.tgz 5086ms (cache miss)
npm http fetch GET 200 https://registry.vlt.io/vlt-benchmarks/npm/postcss-minify-font-values/-/postcss-minify-font-values-1.0.5.tgz 5086ms (cache miss)
npm http fetch GET 200 https://registry.vlt.io/vlt-benchmarks/npm/postcss-discard-overridden/-/postcss-discard-overridden-0.1.1.tgz 5086ms (cache miss)
npm http fetch GET 200 https://registry.vlt.io/vlt-benchmarks/npm/postcss-discard-empty/-/postcss-discard-empty-2.1.0.tgz 5086ms (cache miss)
npm http fetch GET 200 https://registry.vlt.io/vlt-benchmarks/npm/postcss-merge-longhand/-/postcss-merge-longhand-2.0.2.tgz 5087ms (cache miss)
npm http fetch GET 200 https://registry.vlt.io/vlt-benchmarks/npm/postcss-discard-duplicates/-/postcss-discard-duplicates-2.1.0.tgz 5087ms (cache miss)
npm http fetch GET 200 https://registry.vlt.io/vlt-benchmarks/npm/postcss-discard-comments/-/postcss-discard-comments-2.0.4.tgz 5086ms (cache miss)
npm http fetch GET 200 https://registry.vlt.io/vlt-benchmarks/npm/react-measure/-/react-measure-2.5.2.tgz 5113ms (cache miss)
npm http fetch GET 200 https://registry.vlt.io/vlt-benchmarks/npm/react-hot-loader/-/react-hot-loader-4.13.1.tgz 5112ms (cache miss)
npm http fetch GET 200 https://registry.vlt.io/vlt-benchmarks/npm/postcss-colormin/-/postcss-colormin-2.2.2.tgz 5098ms (cache miss)
npm http fetch GET 200 https://registry.vlt.io/vlt-benchmarks/npm/postcss-calc/-/postcss-calc-5.3.1.tgz 5099ms (cache miss)
npm http fetch GET 200 https://registry.vlt.io/vlt-benchmarks/npm/cssnano/-/cssnano-3.10.0.tgz 5099ms (cache miss)
npm http fetch GET 200 https://registry.vlt.io/vlt-benchmarks/npm/es6-promise/-/es6-promise-4.2.8.tgz 5200ms (cache miss)
npm http fetch GET 200 https://registry.vlt.io/vlt-benchmarks/npm/postcss-convert-values/-/postcss-convert-values-2.6.1.tgz 5111ms (cache miss)
npm http fetch GET 200 https://registry.vlt.io/vlt-benchmarks/npm/gulp-concat/-/gulp-concat-2.6.1.tgz 5110ms (cache miss)
npm http fetch GET 200 https://registry.vlt.io/vlt-benchmarks/npm/gulp-csslint/-/gulp-csslint-1.0.1.tgz 5111ms (cache miss)
npm http fetch GET 200 https://registry.vlt.io/vlt-benchmarks/npm/brace-expansion/-/brace-expansion-2.1.7.tgz 5111ms (cache miss)
npm http fetch GET 200 https://registry.vlt.io/vlt-benchmarks/npm/fready/-/fready-1.0.0.tgz 5111ms (cache miss)
npm http fetch GET 200 https://registry.vlt.io/vlt-benchmarks/npm/gulp/-/gulp-4.0.2.tgz 5123ms (cache miss)
npm http fetch GET 200 https://registry.vlt.io/vlt-benchmarks/npm/readable-stream/-/readable-stream-1.0.34.tgz 5139ms (cache miss)
npm http fetch GET 200 https://registry.vlt.io/vlt-benchmarks/npm/debug/-/debug-3.2.7.tgz 5134ms (cache miss)
npm http fetch GET 200 https://registry.vlt.io/vlt-benchmarks/npm/ms/-/ms-2.0.0.tgz 5134ms (cache miss)
npm http fetch GET 200 https://registry.vlt.io/vlt-benchmarks/npm/eslint-import-resolver-webpack/-/eslint-import-resolver-webpack-0.13.11.tgz 5135ms (cache miss)
npm http fetch GET 200 https://registry.vlt.io/vlt-benchmarks/npm/debug/-/debug-3.2.7.tgz 5134ms (cache miss)
npm warn deprecated gulp-util@3.0.8: gulp-util is deprecated - replace it, following the guidelines at https://medium.com/gulpjs/gulp-util-ca3b1f9f9ac5
npm http fetch GET 200 https://registry.vlt.io/vlt-benchmarks/npm/semver/-/semver-5.7.2.tgz 5147ms (cache miss)
npm http fetch GET 200 https://registry.vlt.io/vlt-benchmarks/npm/eslint-plugin-react-hooks/-/eslint-plugin-react-hooks-4.6.2.tgz 5155ms (cache miss)
npm http fetch GET 200 https://registry.vlt.io/vlt-benchmarks/npm/debug/-/debug-3.2.7.tgz 5164ms (cache miss)
npm http fetch GET 200 https://registry.vlt.io/vlt-benchmarks/npm/doctrine/-/doctrine-2.1.0.tgz 5165ms (cache miss)
npm http fetch GET 200 https://registry.vlt.io/vlt-benchmarks/npm/cssnano/-/cssnano-6.1.2.tgz 5164ms (cache miss)
npm http fetch GET 200 https://registry.vlt.io/vlt-benchmarks/npm/custom-event-polyfill/-/custom-event-polyfill-1.0.7.tgz 5164ms (cache miss)
npm http fetch GET 200 https://registry.vlt.io/vlt-benchmarks/npm/babel-types/-/babel-types-6.26.0.tgz 5206ms (cache miss)
npm http fetch GET 200 https://registry.vlt.io/vlt-benchmarks/npm/css-mqpacker/-/css-mqpacker-7.0.0.tgz 5174ms (cache miss)
npm http fetch GET 200 https://registry.vlt.io/vlt-benchmarks/npm/picocolors/-/picocolors-0.2.1.tgz 5174ms (cache miss)
npm http fetch GET 200 https://registry.vlt.io/vlt-benchmarks/npm/needle/-/needle-2.9.1.tgz 5307ms (cache miss)
npm http fetch GET 200 https://registry.vlt.io/vlt-benchmarks/npm/history/-/history-5.3.0.tgz 5196ms (cache miss)
npm http fetch GET 200 https://registry.vlt.io/vlt-benchmarks/npm/json5/-/json5-2.2.3.tgz 5222ms (cache miss)
npm http fetch GET 200 https://registry.vlt.io/vlt-benchmarks/npm/ejs/-/ejs-3.1.10.tgz 5194ms (cache miss)
npm http fetch GET 200 https://registry.vlt.io/vlt-benchmarks/npm/doctrine/-/doctrine-2.1.0.tgz 5194ms (cache miss)
npm http fetch GET 200 https://registry.vlt.io/vlt-benchmarks/npm/babel-runtime/-/babel-runtime-6.26.0.tgz 5193ms (cache miss)
npm http fetch GET 200 https://registry.vlt.io/vlt-benchmarks/npm/babel-preset-stage-1/-/babel-preset-stage-1-6.24.1.tgz 5193ms (cache miss)
npm http fetch GET 200 https://registry.vlt.io/vlt-benchmarks/npm/regenerator-runtime/-/regenerator-runtime-0.11.1.tgz 5193ms (cache miss)
npm http fetch GET 200 https://registry.vlt.io/vlt-benchmarks/npm/babel-preset-react-hmre/-/babel-preset-react-hmre-1.1.1.tgz 5193ms (cache miss)
npm http fetch GET 200 https://registry.vlt.io/vlt-benchmarks/npm/clean-webpack-plugin/-/clean-webpack-plugin-4.0.0.tgz 5194ms (cache miss)
npm http fetch GET 200 https://registry.vlt.io/vlt-benchmarks/npm/lru-cache/-/lru-cache-10.4.3.tgz 5301ms (cache miss)
npm http fetch GET 200 https://registry.vlt.io/vlt-benchmarks/npm/howler/-/howler-2.2.4.tgz 5217ms (cache miss)
npm http fetch GET 200 https://registry.vlt.io/vlt-benchmarks/npm/babel-preset-react/-/babel-preset-react-6.24.1.tgz 5211ms (cache miss)
npm http fetch GET 200 https://registry.vlt.io/vlt-benchmarks/npm/babel-plugin-transform-runtime/-/babel-plugin-transform-runtime-6.23.0.tgz 5210ms (cache miss)
npm http fetch GET 200 https://registry.vlt.io/vlt-benchmarks/npm/babel-plugin-transform-decorators-legacy/-/babel-plugin-transform-decorators-legacy-1.3.5.tgz 5211ms (cache miss)
npm http fetch GET 200 https://registry.vlt.io/vlt-benchmarks/npm/babel-plugin-module-resolver/-/babel-plugin-module-resolver-5.0.3.tgz 5211ms (cache miss)
npm http fetch GET 200 https://registry.vlt.io/vlt-benchmarks/npm/babel-preset-es2015/-/babel-preset-es2015-6.24.1.tgz 5211ms (cache miss)
npm warn deprecated babel-preset-es2015@6.24.1: 🙌  Thanks for using Babel: we recommend using babel-preset-env now: please read https://babeljs.io/env to update!
npm http fetch GET 200 https://registry.vlt.io/vlt-benchmarks/npm/brace-expansion/-/brace-expansion-2.1.7.tgz 5220ms (cache miss)
npm http fetch GET 200 https://registry.vlt.io/vlt-benchmarks/npm/minipass/-/minipass-4.2.8.tgz 5229ms (cache miss)
npm http fetch GET 200 https://registry.vlt.io/vlt-benchmarks/npm/babel-plugin-lodash/-/babel-plugin-lodash-3.3.4.tgz 5228ms (cache miss)
npm http fetch GET 200 https://registry.vlt.io/vlt-benchmarks/npm/glob/-/glob-7.2.3.tgz 5228ms (cache miss)
npm warn deprecated glob@7.2.3: Old versions of glob are not supported, and contain widely publicized security vulnerabilities, which have been fixed in the current version. Please update. Support for old versions may be purchased (at exorbitant rates) by contacting i@izs.me
npm http fetch GET 200 https://registry.vlt.io/vlt-benchmarks/npm/colord/-/colord-2.10.0.tgz 5383ms (cache miss)
npm http fetch GET 200 https://registry.vlt.io/vlt-benchmarks/npm/react-skylight/-/react-skylight-0.5.1.tgz 5262ms (cache miss)
npm http fetch GET 200 https://registry.vlt.io/vlt-benchmarks/npm/babel-loader/-/babel-loader-9.2.1.tgz 5237ms (cache miss)
npm http fetch GET 200 https://registry.vlt.io/vlt-benchmarks/npm/react-resize-detector/-/react-resize-detector-6.7.8.tgz 5269ms (cache miss)
npm http fetch GET 200 https://registry.vlt.io/vlt-benchmarks/npm/debug/-/debug-2.6.9.tgz 5253ms (cache miss)
npm http fetch GET 200 https://registry.vlt.io/vlt-benchmarks/npm/supports-color/-/supports-color-7.2.0.tgz 5246ms (cache miss)
npm http fetch GET 200 https://registry.vlt.io/vlt-benchmarks/npm/ansi-regex/-/ansi-regex-5.0.1.tgz 5247ms (cache miss)
npm http fetch GET 200 https://registry.vlt.io/vlt-benchmarks/npm/strip-ansi/-/strip-ansi-6.0.1.tgz 5247ms (cache miss)
npm http fetch GET 200 https://registry.vlt.io/vlt-benchmarks/npm/ansi-styles/-/ansi-styles-4.3.0.tgz 5247ms (cache miss)
npm http fetch GET 200 https://registry.vlt.io/vlt-benchmarks/npm/globals/-/globals-13.24.0.tgz 5247ms (cache miss)
npm http fetch GET 200 https://registry.vlt.io/vlt-benchmarks/npm/mime-db/-/mime-db-1.54.0.tgz 5256ms (cache miss)
npm http fetch GET 200 https://registry.vlt.io/vlt-benchmarks/npm/eslint-visitor-keys/-/eslint-visitor-keys-3.4.3.tgz 5255ms (cache miss)
npm http fetch GET 200 https://registry.vlt.io/vlt-benchmarks/npm/escape-string-regexp/-/escape-string-regexp-4.0.0.tgz 5255ms (cache miss)
npm http fetch GET 200 https://registry.vlt.io/vlt-benchmarks/npm/chalk/-/chalk-4.1.2.tgz 5256ms (cache miss)
npm http fetch GET 200 https://registry.vlt.io/vlt-benchmarks/npm/babel-eslint/-/babel-eslint-10.1.0.tgz 5271ms (cache miss)
npm http fetch GET 200 https://registry.vlt.io/vlt-benchmarks/npm/ms/-/ms-2.0.0.tgz 5271ms (cache miss)
npm http fetch GET 200 https://registry.vlt.io/vlt-benchmarks/npm/convert-source-map/-/convert-source-map-1.9.0.tgz 5271ms (cache miss)
npm http fetch GET 200 https://registry.vlt.io/vlt-benchmarks/npm/json5/-/json5-0.5.1.tgz 5271ms (cache miss)
npm http fetch GET 200 https://registry.vlt.io/vlt-benchmarks/npm/source-map/-/source-map-0.7.6.tgz 5313ms (cache miss)
npm http fetch GET 200 https://registry.vlt.io/vlt-benchmarks/npm/esquery/-/esquery-1.7.0.tgz 5402ms (cache miss)
npm http fetch GET 200 https://registry.vlt.io/vlt-benchmarks/npm/language-subtag-registry/-/language-subtag-registry-0.3.23.tgz 5471ms (cache miss)
npm http fetch GET 200 https://registry.vlt.io/vlt-benchmarks/npm/reselect/-/reselect-4.1.8.tgz 5385ms (cache miss)
npm http fetch GET 200 https://registry.vlt.io/vlt-benchmarks/npm/immutable/-/immutable-3.7.6.tgz 5362ms (cache miss)
npm http fetch GET 200 https://registry.vlt.io/vlt-benchmarks/npm/scheduler/-/scheduler-0.19.1.tgz 5380ms (cache miss)
npm http fetch GET 200 https://registry.vlt.io/vlt-benchmarks/npm/immutable/-/immutable-4.3.9.tgz 5381ms (cache miss)
npm http fetch GET 200 https://registry.vlt.io/vlt-benchmarks/npm/schema-utils/-/schema-utils-3.3.0.tgz 5380ms (cache miss)
npm http fetch GET 200 https://registry.vlt.io/vlt-benchmarks/npm/eslint-config-airbnb/-/eslint-config-airbnb-19.0.4.tgz 5372ms (cache miss)
npm http fetch GET 200 https://registry.vlt.io/vlt-benchmarks/npm/schema-utils/-/schema-utils-4.5.0.tgz 5414ms (cache miss)
npm http fetch GET 200 https://registry.vlt.io/vlt-benchmarks/npm/babel-generator/-/babel-generator-6.26.1.tgz 5412ms (cache miss)
npm http fetch GET 200 https://registry.vlt.io/vlt-benchmarks/npm/immutable/-/immutable-3.7.6.tgz 5393ms (cache miss)
npm http fetch GET 200 https://registry.vlt.io/vlt-benchmarks/npm/style-loader/-/style-loader-3.3.4.tgz 5421ms (cache miss)
npm http fetch GET 200 https://registry.vlt.io/vlt-benchmarks/npm/debug/-/debug-2.6.9.tgz 5393ms (cache miss)
npm http fetch GET 200 https://registry.vlt.io/vlt-benchmarks/npm/react-responsive-tabs/-/react-responsive-tabs-4.4.3.tgz 5426ms (cache miss)
npm http fetch GET 200 https://registry.vlt.io/vlt-benchmarks/npm/sortablejs/-/sortablejs-1.15.7.tgz 5434ms (cache miss)
npm http fetch GET 200 https://registry.vlt.io/vlt-benchmarks/npm/qs/-/qs-6.16.0.tgz 5428ms (cache miss)
npm http fetch GET 200 https://registry.vlt.io/vlt-benchmarks/npm/@jridgewell/sourcemap-codec/-/sourcemap-codec-1.6.0.tgz 5456ms (cache miss)
npm http fetch GET 200 https://registry.vlt.io/vlt-benchmarks/npm/source-map/-/source-map-0.5.7.tgz 5477ms (cache miss)
npm http fetch GET 200 https://registry.vlt.io/vlt-benchmarks/npm/immutable/-/immutable-3.8.4.tgz 5457ms (cache miss)
npm http fetch GET 200 https://registry.vlt.io/vlt-benchmarks/npm/@jridgewell/gen-mapping/-/gen-mapping-0.3.13.tgz 5490ms (cache miss)
npm http fetch GET 200 https://registry.vlt.io/vlt-benchmarks/npm/express/-/express-4.22.3.tgz 5499ms (cache miss)
npm http fetch GET 200 https://registry.vlt.io/vlt-benchmarks/npm/react/-/react-16.14.0.tgz 5506ms (cache miss)
npm http fetch GET 200 https://registry.vlt.io/vlt-benchmarks/npm/immutable/-/immutable-3.7.6.tgz 5524ms (cache miss)
npm http fetch GET 200 https://registry.vlt.io/vlt-benchmarks/npm/tapable/-/tapable-2.3.3.tgz 5520ms (cache miss)
npm http fetch GET 200 https://registry.vlt.io/vlt-benchmarks/npm/react-input-calendar/-/react-input-calendar-0.5.4.tgz 5549ms (cache miss)
npm http fetch GET 200 https://registry.vlt.io/vlt-benchmarks/npm/css-loader/-/css-loader-6.11.0.tgz 5530ms (cache miss)
npm http fetch GET 200 https://registry.vlt.io/vlt-benchmarks/npm/react-responsive/-/react-responsive-9.0.2.tgz 5557ms (cache miss)
npm http fetch GET 200 https://registry.vlt.io/vlt-benchmarks/npm/scheduler/-/scheduler-0.19.1.tgz 5541ms (cache miss)
npm warn deprecated react-input-calendar@0.5.4: Package no longer supported. Contact Support at https://www.npmjs.com/support for more info.
npm http fetch GET 200 https://registry.vlt.io/vlt-benchmarks/npm/react/-/react-18.3.1.tgz 5555ms (cache miss)
npm http fetch GET 200 https://registry.vlt.io/vlt-benchmarks/npm/babel-polyfill/-/babel-polyfill-6.26.0.tgz 5557ms (cache miss)
npm warn deprecated babel-eslint@10.1.0: babel-eslint is now @babel/eslint-parser. This package will no longer receive updates.
npm http fetch GET 200 https://registry.vlt.io/vlt-benchmarks/npm/@eslint/eslintrc/-/eslintrc-2.1.4.tgz 5628ms (cache miss)
npm http fetch GET 200 https://registry.vlt.io/vlt-benchmarks/npm/uuid/-/uuid-8.3.2.tgz 5772ms (cache miss)
npm warn deprecated uuid@8.3.2: uuid@10 and below is no longer supported.  For ESM codebases, update to uuid@latest.  For CommonJS codebases, use uuid@11 (but be aware this version will likely be deprecated in 2028).
npm http fetch GET 200 https://registry.vlt.io/vlt-benchmarks/npm/happypack/-/happypack-5.0.1.tgz 5613ms (cache miss)
npm http fetch GET 200 https://registry.vlt.io/vlt-benchmarks/npm/@remix-run/router/-/router-1.23.4.tgz 5758ms (cache miss)
npm http fetch GET 200 https://registry.vlt.io/vlt-benchmarks/npm/superagent/-/superagent-8.1.2.tgz 5653ms (cache miss)
npm http fetch GET 200 https://registry.vlt.io/vlt-benchmarks/npm/needle/-/needle-3.5.0.tgz 5763ms (cache miss)
npm warn deprecated superagent@8.1.2: Please upgrade to superagent v10.2.2+, see release notes at https://github.com/forwardemail/superagent/releases/tag/v10.2.2 - maintenance is supported by Forward Email @ https://forwardemail.net
npm http fetch GET 200 https://registry.vlt.io/vlt-benchmarks/npm/readable-stream/-/readable-stream-3.6.2.tgz 5670ms (cache miss)
npm http fetch GET 200 https://registry.vlt.io/vlt-benchmarks/npm/react-tooltip/-/react-tooltip-5.25.2.tgz 5687ms (cache miss)
npm http fetch GET 200 https://registry.vlt.io/vlt-benchmarks/npm/readable-stream/-/readable-stream-3.6.2.tgz 5674ms (cache miss)
npm http fetch GET 200 https://registry.vlt.io/vlt-benchmarks/npm/react-router-dom/-/react-router-dom-6.30.6.tgz 5696ms (cache miss)
npm http fetch GET 200 https://registry.vlt.io/vlt-benchmarks/npm/react-grid-layout/-/react-grid-layout-1.5.4.tgz 5698ms (cache miss)
npm http fetch GET 200 https://registry.vlt.io/vlt-benchmarks/npm/babel-traverse/-/babel-traverse-6.26.0.tgz 5720ms (cache miss)
npm http fetch GET 200 https://registry.vlt.io/vlt-benchmarks/npm/source-map/-/source-map-0.6.1.tgz 5700ms (cache miss)
npm http fetch GET 200 https://registry.vlt.io/vlt-benchmarks/npm/domutils/-/domutils-3.2.2.tgz 5864ms (cache miss)
npm http fetch GET 200 https://registry.vlt.io/vlt-benchmarks/npm/react-router/-/react-router-6.30.6.tgz 5716ms (cache miss)
npm http fetch GET 200 https://registry.vlt.io/vlt-benchmarks/npm/postcss-selector-parser/-/postcss-selector-parser-7.1.6.tgz 5760ms (cache miss)
npm http fetch GET 200 https://registry.vlt.io/vlt-benchmarks/npm/postcss-selector-parser/-/postcss-selector-parser-7.1.6.tgz 5760ms (cache miss)
npm http fetch GET 200 https://registry.vlt.io/vlt-benchmarks/npm/postcss-selector-parser/-/postcss-selector-parser-2.2.3.tgz 5719ms (cache miss)
npm http fetch GET 200 https://registry.vlt.io/vlt-benchmarks/npm/jake/-/jake-10.9.4.tgz 5792ms (cache miss)
npm http fetch GET 200 https://registry.vlt.io/vlt-benchmarks/npm/fast-glob/-/fast-glob-3.3.3.tgz 5918ms (cache miss)
npm http fetch GET 200 https://registry.vlt.io/vlt-benchmarks/npm/argparse/-/argparse-1.0.10.tgz 5765ms (cache miss)
npm http fetch GET 200 https://registry.vlt.io/vlt-benchmarks/npm/@jridgewell/trace-mapping/-/trace-mapping-0.3.31.tgz 5796ms (cache miss)
npm http fetch GET 200 https://registry.vlt.io/vlt-benchmarks/npm/uglify-js/-/uglify-js-3.19.3.tgz 5793ms (cache miss)
npm http fetch GET 200 https://registry.vlt.io/vlt-benchmarks/npm/semver/-/semver-7.8.5.tgz 5797ms (cache miss)
npm http fetch GET 200 https://registry.vlt.io/vlt-benchmarks/npm/graphemer/-/graphemer-1.4.0.tgz 5777ms (cache miss)
npm http fetch GET 200 https://registry.vlt.io/vlt-benchmarks/npm/redbox-react/-/redbox-react-1.6.0.tgz 5796ms (cache miss)
npm http fetch GET 200 https://registry.vlt.io/vlt-benchmarks/npm/gulp-cli/-/gulp-cli-2.3.0.tgz 5904ms (cache miss)
npm http fetch GET 200 https://registry.vlt.io/vlt-benchmarks/npm/source-map/-/source-map-0.6.1.tgz 5801ms (cache miss)
npm http fetch GET 200 https://registry.vlt.io/vlt-benchmarks/npm/js-yaml/-/js-yaml-4.3.2.tgz 5883ms (cache miss)
npm http fetch GET 200 https://registry.vlt.io/vlt-benchmarks/npm/terser/-/terser-5.51.2.tgz 6016ms (cache miss)
npm http fetch GET 200 https://registry.vlt.io/vlt-benchmarks/npm/parserlib/-/parserlib-1.1.1.tgz 6074ms (cache miss)
npm http fetch GET 200 https://registry.vlt.io/vlt-benchmarks/npm/@babel/parser/-/parser-7.29.9.tgz 6004ms (cache miss)
npm http fetch GET 200 https://registry.vlt.io/vlt-benchmarks/npm/postcss/-/postcss-7.0.39.tgz 5974ms (cache miss)
npm http fetch GET 200 https://registry.vlt.io/vlt-benchmarks/npm/webpack-bundle-analyzer/-/webpack-bundle-analyzer-4.10.2.tgz 6007ms (cache miss)
npm http fetch GET 200 https://registry.vlt.io/vlt-benchmarks/npm/postcss-selector-parser/-/postcss-selector-parser-7.1.6.tgz 6007ms (cache miss)
npm http fetch GET 200 https://registry.vlt.io/vlt-benchmarks/npm/stylehacks/-/stylehacks-6.1.1.tgz 6153ms (cache miss)
npm http fetch GET 200 https://registry.vlt.io/vlt-benchmarks/npm/postcss/-/postcss-5.2.18.tgz 6048ms (cache miss)
npm http fetch GET 200 https://registry.vlt.io/vlt-benchmarks/npm/semver/-/semver-7.8.5.tgz 6058ms (cache miss)
npm http fetch GET 200 https://registry.vlt.io/vlt-benchmarks/npm/entities/-/entities-4.5.0.tgz 6274ms (cache miss)
npm http fetch GET 200 https://registry.vlt.io/vlt-benchmarks/npm/draft-convert/-/draft-convert-2.1.13.tgz 6114ms (cache miss)
npm http fetch GET 200 https://registry.vlt.io/vlt-benchmarks/npm/mobx-react/-/mobx-react-9.2.2.tgz 6122ms (cache miss)
npm warn deprecated css-mqpacker@7.0.0: Package no longer supported. Contact support@npmjs.com for more info.
npm http fetch GET 200 https://registry.vlt.io/vlt-benchmarks/npm/react-dropzone/-/react-dropzone-14.4.1.tgz 6178ms (cache miss)
npm http fetch GET 200 https://registry.vlt.io/vlt-benchmarks/npm/medium-draft/-/medium-draft-0.5.18.tgz 6193ms (cache miss)
npm http fetch GET 200 https://registry.vlt.io/vlt-benchmarks/npm/svgo/-/svgo-3.3.5.tgz 6338ms (cache miss)
npm http fetch GET 200 https://registry.vlt.io/vlt-benchmarks/npm/@babel/generator/-/generator-7.29.8.tgz 6222ms (cache miss)
npm http fetch GET 200 https://registry.vlt.io/vlt-benchmarks/npm/async/-/async-3.2.6.tgz 6258ms (cache miss)
npm http fetch GET 200 https://registry.vlt.io/vlt-benchmarks/npm/axe-core/-/axe-core-4.13.0.tgz 6292ms (cache miss)
npm http fetch GET 200 https://registry.vlt.io/vlt-benchmarks/npm/babel-core/-/babel-core-6.26.3.tgz 6197ms (cache miss)
npm http fetch GET 200 https://registry.vlt.io/vlt-benchmarks/npm/postcss/-/postcss-8.5.28.tgz 6208ms (cache miss)
npm http fetch GET 200 https://registry.vlt.io/vlt-benchmarks/npm/svgo/-/svgo-0.7.2.tgz 6244ms (cache miss)
npm http fetch GET 200 https://registry.vlt.io/vlt-benchmarks/npm/animate.less/-/animate.less-2.2.0.tgz 6234ms (cache miss)
npm http fetch GET 200 https://registry.vlt.io/vlt-benchmarks/npm/clean-css/-/clean-css-3.4.28.tgz 6364ms (cache miss)
npm warn deprecated svgo@0.7.2: This SVGO version is no longer supported. Upgrade to v2.x.x.
npm http fetch GET 200 https://registry.vlt.io/vlt-benchmarks/npm/moment-timezone/-/moment-timezone-0.5.48.tgz 6265ms (cache miss)
npm http fetch GET 200 https://registry.vlt.io/vlt-benchmarks/npm/uri-js/-/uri-js-4.4.1.tgz 6321ms (cache miss)
npm http fetch GET 200 https://registry.vlt.io/vlt-benchmarks/npm/core-decorators/-/core-decorators-0.20.0.tgz 6254ms (cache miss)
npm http fetch GET 200 https://registry.vlt.io/vlt-benchmarks/npm/js-yaml/-/js-yaml-3.7.0.tgz 6266ms (cache miss)
npm http fetch GET 200 https://registry.vlt.io/vlt-benchmarks/npm/express-http-proxy/-/express-http-proxy-2.1.2.tgz 6261ms (cache miss)
npm http fetch GET 200 https://registry.vlt.io/vlt-benchmarks/npm/react-dnd-html5-backend/-/react-dnd-html5-backend-16.0.1.tgz 6289ms (cache miss)
npm http fetch GET 200 https://registry.vlt.io/vlt-benchmarks/npm/tsconfig-paths/-/tsconfig-paths-3.15.0.tgz 6386ms (cache miss)
npm http fetch GET 200 https://registry.vlt.io/vlt-benchmarks/npm/enhanced-resolve/-/enhanced-resolve-5.25.1.tgz 6319ms (cache miss)
npm http fetch GET 200 https://registry.vlt.io/vlt-benchmarks/npm/rc-slider/-/rc-slider-10.6.2.tgz 6359ms (cache miss)
npm http fetch GET 200 https://registry.vlt.io/vlt-benchmarks/npm/font-awesome/-/font-awesome-4.7.0.tgz 6385ms (cache miss)
npm http fetch GET 200 https://registry.vlt.io/vlt-benchmarks/npm/@types/node/-/node-26.6.2.tgz 6492ms (cache miss)
npm http fetch GET 200 https://registry.vlt.io/vlt-benchmarks/npm/uuid/-/uuid-9.0.1.tgz 6458ms (cache miss)
npm warn deprecated uuid@9.0.1: uuid@10 and below is no longer supported.  For ESM codebases, update to uuid@latest.  For CommonJS codebases, use uuid@11 (but be aware this version will likely be deprecated in 2028).
npm http fetch GET 200 https://registry.vlt.io/vlt-benchmarks/npm/autoprefixer/-/autoprefixer-6.7.7.tgz 6452ms (cache miss)
npm http fetch GET 200 https://registry.vlt.io/vlt-benchmarks/npm/minimatch/-/minimatch-9.0.9.tgz 6466ms (cache miss)
npm http fetch GET 200 https://registry.vlt.io/vlt-benchmarks/npm/csso/-/csso-5.0.5.tgz 6674ms (cache miss)
npm http fetch GET 200 https://registry.vlt.io/vlt-benchmarks/npm/react-dom/-/react-dom-16.14.0.tgz 6528ms (cache miss)
npm http fetch GET 200 https://registry.vlt.io/vlt-benchmarks/npm/react-dom/-/react-dom-16.14.0.tgz 6555ms (cache miss)
npm http fetch GET 200 https://registry.vlt.io/vlt-benchmarks/npm/minimatch/-/minimatch-8.0.7.tgz 6537ms (cache miss)
npm http fetch GET 200 https://registry.vlt.io/vlt-benchmarks/npm/mobx-react-lite/-/mobx-react-lite-4.1.1.tgz 6690ms (cache miss)
npm http fetch GET 200 https://registry.vlt.io/vlt-benchmarks/npm/type/-/type-2.7.3.tgz 6693ms (cache miss)
npm http fetch GET 200 https://registry.vlt.io/vlt-benchmarks/npm/csso/-/csso-2.3.2.tgz 6566ms (cache miss)
npm http fetch GET 200 https://registry.vlt.io/vlt-benchmarks/npm/@babel/traverse/-/traverse-7.29.8.tgz 6598ms (cache miss)
npm http fetch GET 200 https://registry.vlt.io/vlt-benchmarks/npm/glob/-/glob-10.5.0.tgz 6615ms (cache miss)
npm warn deprecated glob@10.5.0: Old versions of glob are not supported, and contain widely publicized security vulnerabilities, which have been fixed in the current version. Please update. Support for old versions may be purchased (at exorbitant rates) by contacting i@izs.me
npm http fetch GET 200 https://registry.vlt.io/vlt-benchmarks/npm/es-iterator-helpers/-/es-iterator-helpers-1.4.0.tgz 6713ms (cache miss)
npm http fetch GET 200 https://registry.vlt.io/vlt-benchmarks/npm/react-select-plus/-/react-select-plus-1.0.0-rc.3.patch12.tgz 6651ms (cache miss)
npm http fetch GET 200 https://registry.vlt.io/vlt-benchmarks/npm/glob/-/glob-9.3.5.tgz 6627ms (cache miss)
npm warn deprecated glob@9.3.5: Old versions of glob are not supported, and contain widely publicized security vulnerabilities, which have been fixed in the current version. Please update. Support for old versions may be purchased (at exorbitant rates) by contacting i@izs.me
npm http fetch GET 200 https://registry.vlt.io/vlt-benchmarks/npm/autoprefixer/-/autoprefixer-10.6.1.tgz 6688ms (cache miss)
npm http fetch GET 200 https://registry.vlt.io/vlt-benchmarks/npm/react-dom/-/react-dom-18.3.1.tgz 6702ms (cache miss)
npm http fetch GET 200 https://registry.vlt.io/vlt-benchmarks/npm/ajv/-/ajv-6.15.0.tgz 6775ms (cache miss)
npm http fetch GET 200 https://registry.vlt.io/vlt-benchmarks/npm/table/-/table-6.9.0.tgz 6895ms (cache miss)
npm http fetch GET 200 https://registry.vlt.io/vlt-benchmarks/npm/css-select/-/css-select-5.2.2.tgz 6922ms (cache miss)
npm http fetch GET 200 https://registry.vlt.io/vlt-benchmarks/npm/jsx-ast-utils/-/jsx-ast-utils-3.3.5.tgz 6863ms (cache miss)
npm http fetch GET 200 https://registry.vlt.io/vlt-benchmarks/npm/dnd-core/-/dnd-core-16.0.1.tgz 6929ms (cache miss)
npm http fetch GET 200 https://registry.vlt.io/vlt-benchmarks/npm/@noble/hashes/-/hashes-1.8.0.tgz 6972ms (cache miss)
npm http fetch GET 200 https://registry.vlt.io/vlt-benchmarks/npm/resolve/-/resolve-1.22.12.tgz 6867ms (cache miss)
npm http fetch GET 200 https://registry.vlt.io/vlt-benchmarks/npm/node-notifier/-/node-notifier-9.0.1.tgz 7066ms (cache miss)
npm http fetch GET 200 https://registry.vlt.io/vlt-benchmarks/npm/resolve/-/resolve-2.0.0-next.7.tgz 6950ms (cache miss)
npm http fetch GET 200 https://registry.vlt.io/vlt-benchmarks/npm/resolve/-/resolve-2.0.0-next.7.tgz 6996ms (cache miss)
npm http fetch GET 200 https://registry.vlt.io/vlt-benchmarks/npm/resolve/-/resolve-2.0.0-next.7.tgz 6996ms (cache miss)
npm http fetch GET 200 https://registry.vlt.io/vlt-benchmarks/npm/rc-util/-/rc-util-5.44.4.tgz 7195ms (cache miss)
npm http fetch GET 200 https://registry.vlt.io/vlt-benchmarks/npm/fbjs/-/fbjs-0.8.18.tgz 7079ms (cache miss)
npm http fetch GET 200 https://registry.vlt.io/vlt-benchmarks/npm/jquery/-/jquery-3.7.1.tgz 7128ms (cache miss)
npm http fetch GET 200 https://registry.vlt.io/vlt-benchmarks/npm/fbjs/-/fbjs-2.0.0.tgz 7234ms (cache miss)
npm http fetch GET 200 https://registry.vlt.io/vlt-benchmarks/npm/eslint-plugin-import/-/eslint-plugin-import-2.32.0.tgz 7174ms (cache miss)
npm http fetch GET 200 https://registry.vlt.io/vlt-benchmarks/npm/ajv-keywords/-/ajv-keywords-5.1.0.tgz 7214ms (cache miss)
npm http fetch GET 200 https://registry.vlt.io/vlt-benchmarks/npm/@babel/core/-/core-7.29.7.tgz 7210ms (cache miss)
npm http fetch GET 200 https://registry.vlt.io/vlt-benchmarks/npm/dom-helpers/-/dom-helpers-5.2.1.tgz 7244ms (cache miss)
npm http fetch GET 200 https://registry.vlt.io/vlt-benchmarks/npm/react-highcharts/-/react-highcharts-16.1.0.tgz 7280ms (cache miss)
npm http fetch GET 200 https://registry.vlt.io/vlt-benchmarks/npm/axobject-query/-/axobject-query-4.1.0.tgz 7365ms (cache miss)
npm http fetch GET 200 https://registry.vlt.io/vlt-benchmarks/npm/@babel/runtime/-/runtime-7.29.7.tgz 7457ms (cache miss)
npm http fetch GET 200 https://registry.vlt.io/vlt-benchmarks/npm/less/-/less-4.9.1.tgz 7451ms (cache miss)
npm http fetch GET 200 https://registry.vlt.io/vlt-benchmarks/npm/mobx/-/mobx-6.16.1.tgz 7458ms (cache miss)
npm http fetch GET 200 https://registry.vlt.io/vlt-benchmarks/npm/react-dnd/-/react-dnd-16.0.1.tgz 7501ms (cache miss)
npm http fetch GET 200 https://registry.vlt.io/vlt-benchmarks/npm/@babel/types/-/types-7.29.8.tgz 7558ms (cache miss)
npm http fetch GET 200 https://registry.vlt.io/vlt-benchmarks/npm/draft-js/-/draft-js-0.10.5.tgz 7573ms (cache miss)
npm http fetch GET 200 https://registry.vlt.io/vlt-benchmarks/npm/draft-js/-/draft-js-0.11.7.tgz 7627ms (cache miss)
npm http fetch GET 200 https://registry.vlt.io/vlt-benchmarks/npm/aria-query/-/aria-query-5.3.2.tgz 7764ms (cache miss)
npm http fetch GET 200 https://registry.vlt.io/vlt-benchmarks/npm/yaml/-/yaml-2.9.1.tgz 7829ms (cache miss)
npm http fetch GET 200 https://registry.vlt.io/vlt-benchmarks/npm/@babel/helpers/-/helpers-7.29.7.tgz 7722ms (cache miss)
npm http fetch GET 200 https://registry.vlt.io/vlt-benchmarks/npm/css-tree/-/css-tree-2.2.1.tgz 7921ms (cache miss)
npm http fetch GET 200 https://registry.vlt.io/vlt-benchmarks/npm/eslint-plugin-jsx-a11y/-/eslint-plugin-jsx-a11y-6.10.2.tgz 7774ms (cache miss)
npm http fetch GET 200 https://registry.vlt.io/vlt-benchmarks/npm/css-tree/-/css-tree-2.3.1.tgz 7967ms (cache miss)
npm http fetch GET 200 https://registry.vlt.io/vlt-benchmarks/npm/css-tree/-/css-tree-3.2.1.tgz 8064ms (cache miss)
npm http fetch GET 200 https://registry.vlt.io/vlt-benchmarks/npm/es5-ext/-/es5-ext-0.10.64.tgz 8215ms (cache miss)
npm http fetch GET 200 https://registry.vlt.io/vlt-benchmarks/npm/react-virtualized/-/react-virtualized-9.22.6.tgz 8145ms (cache miss)
npm http fetch GET 200 https://registry.vlt.io/vlt-benchmarks/npm/lodash/-/lodash-4.18.1.tgz 8142ms (cache miss)
npm http fetch GET 200 https://registry.vlt.io/vlt-benchmarks/npm/eslint-plugin-react/-/eslint-plugin-react-7.37.5.tgz 8192ms (cache miss)
npm http fetch GET 200 https://registry.vlt.io/vlt-benchmarks/npm/eslint/-/eslint-8.57.1.tgz 8331ms (cache miss)
npm warn deprecated eslint@8.57.1: This version is no longer supported. Please see https://eslint.org/version-support for other options.
npm http fetch GET 200 https://registry.vlt.io/vlt-benchmarks/npm/ajv/-/ajv-8.20.0.tgz 8715ms (cache miss)
npm http fetch GET 200 https://registry.vlt.io/vlt-benchmarks/npm/ajv/-/ajv-8.20.0.tgz 8708ms (cache miss)
npm http fetch GET 200 https://registry.vlt.io/vlt-benchmarks/npm/ajv/-/ajv-8.20.0.tgz 8636ms (cache miss)
npm http fetch GET 200 https://registry.vlt.io/vlt-benchmarks/npm/moment/-/moment-2.31.0.tgz 8615ms (cache miss)
npm http fetch GET 200 https://registry.vlt.io/vlt-benchmarks/npm/stylelint/-/stylelint-16.26.1.tgz 8923ms (cache miss)
npm http fetch GET 200 https://registry.vlt.io/vlt-benchmarks/npm/core-js/-/core-js-1.2.7.tgz 8968ms (cache miss)
npm warn deprecated core-js@1.2.7: core-js@<3.23.3 is no longer maintained and not recommended for usage due to the number of issues. Because of the V8 engine whims, feature detection in old core-js versions could cause a slowdown up to 100x even if nothing is polyfilled. Some versions have web compatibility issues. Please, upgrade your dependencies to the actual version of core-js.
npm http fetch GET 200 https://registry.vlt.io/vlt-benchmarks/npm/caniuse-lite/-/caniuse-lite-1.0.30001810.tgz 9060ms (cache miss)
npm http fetch GET 200 https://registry.vlt.io/vlt-benchmarks/npm/caniuse-db/-/caniuse-db-1.0.30001810.tgz 9263ms (cache miss)
npm http fetch GET 200 https://registry.vlt.io/vlt-benchmarks/npm/webpack/-/webpack-5.111.1.tgz 9222ms (cache miss)
npm http fetch GET 200 https://registry.vlt.io/vlt-benchmarks/npm/jquery-ui/-/jquery-ui-1.13.2.tgz 9366ms (cache miss)
npm http fetch GET 200 https://registry.vlt.io/vlt-benchmarks/npm/core-js/-/core-js-2.6.12.tgz 9628ms (cache miss)
npm warn deprecated core-js@2.6.12: core-js@<3.23.3 is no longer maintained and not recommended for usage due to the number of issues. Because of the V8 engine whims, feature detection in old core-js versions could cause a slowdown up to 100x even if nothing is polyfilled. Some versions have web compatibility issues. Please, upgrade your dependencies to the actual version of core-js.
npm http fetch GET 200 https://registry.vlt.io/vlt-benchmarks/npm/es-abstract/-/es-abstract-1.24.2.tgz 9734ms (cache miss)
npm http fetch GET 200 https://registry.vlt.io/vlt-benchmarks/npm/highcharts/-/highcharts-6.2.0.tgz 9698ms (cache miss)
npm http fetch GET 200 https://registry.vlt.io/vlt-benchmarks/npm/highcharts/-/highcharts-11.4.8.tgz 10005ms (cache miss)
npm http fetch GET 200 https://registry.vlt.io/vlt-benchmarks/npm/core-js/-/core-js-3.50.0.tgz 10204ms (cache miss)

added 1516 packages in 27s
