{
  "results": [
    {
      "command": "npm",
      "mean": 9.88941200778,
      "stddev": 0.0959136290979581,
      "median": 9.87878823048,
      "user": 10.378791719999999,
      "system": 4.731781840000001,
      "min": 9.79072619498,
      "max": 10.12756217498,
      "times": [
        9.81522479098,
        9.84021613398,
        9.89188248198,
        9.79072619498,
        9.89531729698,
        10.12756217498,
        9.89582615598,
        9.79378754498,
        9.86569397898,
        9.97788332398
      ],
      "exit_codes": [
        0,
        0,
        0,
        0,
        0,
        0,
        0,
        0,
        0,
        0
      ]
    },
    {
      "command": "yarn",
      "mean": 8.500704375279998,
      "stddev": 0.20933917482087883,
      "median": 8.45011618548,
      "user": 5.421423819999999,
      "system": 4.6757351400000005,
      "min": 8.08870108598,
      "max": 8.85308524498,
      "times": [
        8.435075124980001,
        8.08870108598,
        8.41479666198,
        8.40393918698,
        8.57394877198,
        8.70718588998,
        8.34288757698,
        8.85308524498,
        8.46515724598,
        8.722266962980001
      ],
      "exit_codes": [
        0,
        0,
        0,
        0,
        0,
        0,
        0,
        0,
        0,
        0
      ]
    },
    {
      "command": "berry",
      "mean": 5.11122493488,
      "stddev": 0.07647790420427793,
      "median": 5.09729986398,
      "user": 6.21761362,
      "system": 2.41532534,
      "min": 5.00043062898,
      "max": 5.27192174098,
      "times": [
        5.05583756198,
        5.16231203598,
        5.27192174098,
        5.19771610198,
        5.00043062898,
        5.0875611459800005,
        5.04459366798,
        5.11986820998,
        5.10703858198,
        5.06496967298
      ],
      "exit_codes": [
        0,
        0,
        0,
        0,
        0,
        0,
        0,
        0,
        0,
        0
      ]
    },
    {
      "command": "pnpm",
      "mean": 3.6161240914800006,
      "stddev": 0.10800651126218667,
      "median": 3.6166875544800003,
      "user": 4.656521920000001,
      "system": 1.4995586399999998,
      "min": 3.48885302998,
      "max": 3.8503476249800004,
      "times": [
        3.52193990598,
        3.52108272398,
        3.6460373659800003,
        3.8503476249800004,
        3.5975437829800003,
        3.48885302998,
        3.73345409798,
        3.6541839079800003,
        3.51196714898,
        3.6358313259800004
      ],
      "exit_codes": [
        0,
        0,
        0,
        0,
        0,
        0,
        0,
        0,
        0,
        0
      ]
    },
    {
      "command": "vlt",
      "mean": 3.31542683408,
      "stddev": 0.02813694608279203,
      "median": 3.32457123448,
      "user": 3.3959476200000003,
      "system": 2.59609464,
      "min": 3.2706813559800003,
      "max": 3.35445347898,
      "times": [
        3.2706813559800003,
        3.32211231398,
        3.3435674419800003,
        3.3332826419800003,
        3.27254298698,
        3.3382466609800003,
        3.35445347898,
        3.32703015498,
        3.2967230609800002,
        3.29562824398
      ],
      "exit_codes": [
        0,
        0,
        0,
        0,
        0,
        0,
        0,
        0,
        0,
        0
      ]
    },
    {
      "command": "bun",
      "mean": 0.32560336778,
      "stddev": 0.006537592033354123,
      "median": 0.32260712198,
      "user": 0.01675472,
      "system": 0.31474034,
      "min": 0.31852416898,
      "max": 0.33664484698,
      "times": [
        0.31852416898,
        0.32005901198000003,
        0.31874070298,
        0.32312532898,
        0.32208891498000003,
        0.32677045798,
        0.33272751698,
        0.33664484698,
        0.33531117598,
        0.32204155198
      ],
      "exit_codes": [
        0,
        0,
        0,
        0,
        0,
        0,
        0,
        0,
        0,
        0
      ]
    },
    {
      "command": "deno",
      "mean": 1.13983123078,
      "stddev": 0.010149660029575808,
      "median": 1.1417474264799998,
      "user": 1.3151739199999999,
      "system": 0.8616748399999998,
      "min": 1.1189612549799999,
      "max": 1.15217270798,
      "times": [
        1.14745466898,
        1.12551347798,
        1.13943553098,
        1.1189612549799999,
        1.1438076449799999,
        1.14351461998,
        1.13998023298,
        1.15145357798,
        1.13601859098,
        1.15217270798
      ],
      "exit_codes": [
        0,
        0,
        0,
        0,
        0,
        0,
        0,
        0,
        0,
        0
      ]
    }
  ]
}