{
  "results": [
    {
      "command": "npm",
      "mean": 10.969061848740001,
      "stddev": 0.06276079137696995,
      "median": 10.97120006964,
      "user": 11.993033580000002,
      "system": 5.003751879999999,
      "min": 10.87042836064,
      "max": 11.06277160564,
      "times": [
        11.03615502464,
        11.00456314064,
        10.900083585640001,
        11.06277160564,
        11.01984984964,
        10.87042836064,
        10.92439976064,
        10.93783699864,
        10.91825652064,
        11.01627364064
      ],
      "exit_codes": [
        0,
        0,
        0,
        0,
        0,
        0,
        0,
        0,
        0,
        0
      ]
    },
    {
      "command": "yarn",
      "mean": 7.584820475439999,
      "stddev": 0.11543181790376505,
      "median": 7.5157975526400005,
      "user": 7.13579678,
      "system": 5.056329379999999,
      "min": 7.44224982764,
      "max": 7.77841137564,
      "times": [
        7.71535509164,
        7.69371957664,
        7.69901647664,
        7.48577721264,
        7.44224982764,
        7.51548638664,
        7.51610871864,
        7.50897042864,
        7.77841137564,
        7.49310965964
      ],
      "exit_codes": [
        0,
        0,
        0,
        0,
        0,
        0,
        0,
        0,
        0,
        0
      ]
    },
    {
      "command": "berry",
      "mean": 5.94971039894,
      "stddev": 0.07182945403709207,
      "median": 5.934432023639999,
      "user": 7.76989208,
      "system": 2.80813328,
      "min": 5.85203241364,
      "max": 6.08513665364,
      "times": [
        5.93967051664,
        6.08513665364,
        5.92919353064,
        5.85203241364,
        5.85287506164,
        5.92224441664,
        6.03542781564,
        5.90347430964,
        5.97176307064,
        6.00528620064
      ],
      "exit_codes": [
        0,
        0,
        0,
        0,
        0,
        0,
        0,
        0,
        0,
        0
      ]
    },
    {
      "command": "zpm",
      "mean": 2.14865535354,
      "stddev": 0.07034567184418618,
      "median": 2.14329115264,
      "user": 1.52608608,
      "system": 1.10097868,
      "min": 2.03213463964,
      "max": 2.30506543464,
      "times": [
        2.03213463964,
        2.09978587364,
        2.1419968586400002,
        2.20650712964,
        2.16222956564,
        2.30506543464,
        2.1308131656400002,
        2.17952786164,
        2.14458544664,
        2.08390755964
      ],
      "exit_codes": [
        0,
        0,
        0,
        0,
        0,
        0,
        0,
        0,
        0,
        0
      ]
    },
    {
      "command": "pnpm",
      "mean": 3.7496343460399997,
      "stddev": 0.11975550377999841,
      "median": 3.7114824221400005,
      "user": 5.6893405800000005,
      "system": 1.35582218,
      "min": 3.61281760364,
      "max": 4.03013452264,
      "times": [
        3.76487705964,
        3.73918010764,
        3.90415837364,
        4.03013452264,
        3.69583515264,
        3.7216238066400003,
        3.64271637664,
        3.61281760364,
        3.68365941964,
        3.70134103764
      ],
      "exit_codes": [
        0,
        0,
        0,
        0,
        0,
        0,
        0,
        0,
        0,
        0
      ]
    },
    {
      "command": "vlt",
      "mean": 3.9759249600399995,
      "stddev": 0.03670192948930788,
      "median": 3.9803555471400003,
      "user": 4.15399538,
      "system": 2.7440610800000003,
      "min": 3.89663798264,
      "max": 4.03348421264,
      "times": [
        4.00958101064,
        3.98029891864,
        3.96763410964,
        3.89663798264,
        3.99215395064,
        4.03348421264,
        3.96687014564,
        3.93375273464,
        3.99842435964,
        3.98041217564
      ],
      "exit_codes": [
        0,
        0,
        0,
        0,
        0,
        0,
        0,
        0,
        0,
        0
      ]
    },
    {
      "command": "bun",
      "mean": 0.32296404004000007,
      "stddev": 0.013842250807799316,
      "median": 0.31834337064000007,
      "user": 0.026572079999999998,
      "system": 0.30077908,
      "min": 0.31001536764000004,
      "max": 0.35537237764,
      "times": [
        0.31038861264,
        0.31138776064,
        0.31001536764000004,
        0.31432903864000006,
        0.32173441564000005,
        0.33455288364,
        0.31972497264000005,
        0.31696176864000003,
        0.33517320264000006,
        0.35537237764
      ],
      "exit_codes": [
        0,
        0,
        0,
        0,
        0,
        0,
        0,
        0,
        0,
        0
      ]
    },
    {
      "command": "deno",
      "mean": 1.0896221351400002,
      "stddev": 0.012306990147157663,
      "median": 1.08859150114,
      "user": 1.38141888,
      "system": 0.7954127799999999,
      "min": 1.07177287264,
      "max": 1.11368190964,
      "times": [
        1.11368190964,
        1.08750124364,
        1.08968175864,
        1.07940320464,
        1.07655194264,
        1.07177287264,
        1.09129405064,
        1.09571990364,
        1.10609551764,
        1.0845189476400001
      ],
      "exit_codes": [
        0,
        0,
        0,
        0,
        0,
        0,
        0,
        0,
        0,
        0
      ]
    }
  ]
}