{
  "results": [
    {
      "command": "npm",
      "mean": 8.99865148268,
      "stddev": 0.052501406191130015,
      "median": 8.992527658579998,
      "user": 10.52283506,
      "system": 3.50866848,
      "min": 8.91792136058,
      "max": 9.082636640579999,
      "times": [
        8.99260197758,
        8.91792136058,
        8.980843888579999,
        8.992453339579999,
        8.93224615558,
        9.082636640579999,
        8.96819096658,
        8.99480865458,
        9.07013439058,
        9.05467745258
      ],
      "exit_codes": [
        0,
        0,
        0,
        0,
        0,
        0,
        0,
        0,
        0,
        0
      ]
    },
    {
      "command": "yarn",
      "mean": 10.67631768638,
      "stddev": 0.3543989024872427,
      "median": 10.65685791758,
      "user": 5.8699961599999995,
      "system": 5.007854879999999,
      "min": 10.23772163358,
      "max": 11.59670101858,
      "times": [
        10.82016127458,
        10.66543847158,
        10.23772163358,
        10.72216097558,
        10.278716828579999,
        10.64827736358,
        11.59670101858,
        10.69919296958,
        10.56941468658,
        10.525391641579999
      ],
      "exit_codes": [
        0,
        0,
        0,
        0,
        0,
        0,
        0,
        0,
        0,
        0
      ]
    },
    {
      "command": "berry",
      "mean": 5.5289535592800005,
      "stddev": 0.08038096867120625,
      "median": 5.489897302580001,
      "user": 6.20319486,
      "system": 2.59250348,
      "min": 5.43744348458,
      "max": 5.697866422580001,
      "times": [
        5.43744348458,
        5.47501680858,
        5.51725275258,
        5.649964763580001,
        5.697866422580001,
        5.4939316195800005,
        5.47889638158,
        5.485862985580001,
        5.573638976580001,
        5.47966139758
      ],
      "exit_codes": [
        0,
        0,
        0,
        0,
        0,
        0,
        0,
        0,
        0,
        0
      ]
    },
    {
      "command": "pnpm",
      "mean": 4.349797592480001,
      "stddev": 0.1476477199402305,
      "median": 4.38087386708,
      "user": 5.02529486,
      "system": 1.4665841800000001,
      "min": 4.12857002458,
      "max": 4.523835093580001,
      "times": [
        4.144433865580001,
        4.12857002458,
        4.50813955058,
        4.26216981958,
        4.47630553158,
        4.1950440895800005,
        4.523835093580001,
        4.497730215580001,
        4.374778587580001,
        4.38696914658
      ],
      "exit_codes": [
        0,
        0,
        0,
        0,
        0,
        0,
        0,
        0,
        0,
        0
      ]
    },
    {
      "command": "vlt",
      "mean": 5.60833577058,
      "stddev": 0.06094649904820017,
      "median": 5.59647927858,
      "user": 5.994777559999999,
      "system": 3.757269679999999,
      "min": 5.53127713858,
      "max": 5.701144520580001,
      "times": [
        5.701144520580001,
        5.57591793258,
        5.65605168258,
        5.53127713858,
        5.54056760258,
        5.65503735758,
        5.60814805458,
        5.53824619558,
        5.692156718580001,
        5.584810502580001
      ],
      "exit_codes": [
        0,
        0,
        0,
        0,
        0,
        0,
        0,
        0,
        0,
        0
      ]
    },
    {
      "command": "bun",
      "mean": 0.3716331286800001,
      "stddev": 0.003995234129619166,
      "median": 0.37136975208000006,
      "user": 0.04998516000000001,
      "system": 0.33157238,
      "min": 0.3658723225800001,
      "max": 0.37798871358,
      "times": [
        0.3658723225800001,
        0.36946688658000004,
        0.36937201858000007,
        0.36823906858000005,
        0.37459710358000003,
        0.37605450858000006,
        0.37473872658000007,
        0.37798871358,
        0.3732726175800001,
        0.3667293205800001
      ],
      "exit_codes": [
        0,
        0,
        0,
        0,
        0,
        0,
        0,
        0,
        0,
        0
      ]
    },
    {
      "command": "deno",
      "mean": 0.9487025516800001,
      "stddev": 0.014557661746070864,
      "median": 0.95145504558,
      "user": 1.01108536,
      "system": 0.80032548,
      "min": 0.9212892965800001,
      "max": 0.9675484065800001,
      "times": [
        0.95228324358,
        0.9468692335800001,
        0.9631386675800001,
        0.9573257165800001,
        0.9286375235800001,
        0.9675484065800001,
        0.9212892965800001,
        0.9620133765800001,
        0.9372932045800001,
        0.95062684758
      ],
      "exit_codes": [
        0,
        0,
        0,
        0,
        0,
        0,
        0,
        0,
        0,
        0
      ]
    }
  ]
}