{
  "results": [
    {
      "command": "npm",
      "mean": 5.153699250680001,
      "stddev": 0.42415819855314146,
      "median": 5.0701019262800004,
      "user": 5.97667888,
      "system": 2.0160663999999997,
      "min": 4.54651279378,
      "max": 5.733444377780001,
      "times": [
        4.76642891378,
        5.3942586847800005,
        4.73950928778,
        4.54651279378,
        5.69046977078,
        5.67839632378,
        5.733444377780001,
        5.21829306878,
        4.84776850178,
        4.9219107837800005
      ],
      "exit_codes": [
        0,
        0,
        0,
        0,
        0,
        0,
        0,
        0,
        0,
        0
      ]
    },
    {
      "command": "yarn",
      "mean": 5.33641631218,
      "stddev": 0.5091338171896772,
      "median": 5.16544952828,
      "user": 3.19914608,
      "system": 1.9623497999999997,
      "min": 4.8000798727800005,
      "max": 6.67768609078,
      "times": [
        5.25269280278,
        4.8000798727800005,
        6.67768609078,
        5.05757381078,
        5.07820625378,
        4.93207981978,
        5.40050500578,
        5.4380119247800005,
        5.65919208178,
        5.0681354587800005
      ],
      "exit_codes": [
        0,
        0,
        0,
        0,
        0,
        0,
        0,
        0,
        0,
        0
      ]
    },
    {
      "command": "berry",
      "mean": 2.66002484598,
      "stddev": 0.2866635511215766,
      "median": 2.5842084092800004,
      "user": 2.9747581799999994,
      "system": 1.1319437,
      "min": 2.28963734678,
      "max": 3.23656056978,
      "times": [
        2.62233101778,
        3.11704649378,
        2.5460858007800002,
        2.65395075678,
        2.52917254678,
        2.7432541177800003,
        2.28963734678,
        2.43363950178,
        2.4285703077800003,
        3.23656056978
      ],
      "exit_codes": [
        0,
        0,
        0,
        0,
        0,
        0,
        0,
        0,
        0,
        0
      ]
    },
    {
      "command": "pnpm",
      "mean": 2.07308321188,
      "stddev": 0.7301389259374674,
      "median": 1.7810119332800003,
      "user": 2.2848400799999995,
      "system": 0.6133118999999999,
      "min": 1.6828773297800002,
      "max": 4.20389414178,
      "times": [
        2.23366029778,
        1.68469566078,
        4.20389414178,
        1.84311089878,
        1.7356713777800001,
        1.8236143077800002,
        1.6828773297800002,
        1.7257904397800001,
        2.05910810578,
        1.7384095587800001
      ],
      "exit_codes": [
        0,
        0,
        0,
        0,
        0,
        0,
        0,
        0,
        0,
        0
      ]
    },
    {
      "command": "vlt",
      "mean": 1.29013415438,
      "stddev": 0.01519080907514118,
      "median": 1.28468044478,
      "user": 1.2690262799999998,
      "system": 0.7970043999999998,
      "min": 1.27232171978,
      "max": 1.31665779578,
      "times": [
        1.27733602778,
        1.2991672307800002,
        1.27232171978,
        1.2738120567800002,
        1.28684498878,
        1.2820096487800001,
        1.29590840278,
        1.28251590078,
        1.31665779578,
        1.3147677717800001
      ],
      "exit_codes": [
        0,
        0,
        0,
        0,
        0,
        0,
        0,
        0,
        0,
        0
      ]
    },
    {
      "command": "bun",
      "mean": 0.11200190258,
      "stddev": 0.0018896247830451848,
      "median": 0.11171891328,
      "user": 0.008453280000000002,
      "system": 0.1045226,
      "min": 0.10889501578,
      "max": 0.11649919378000001,
      "times": [
        0.11649919378000001,
        0.11182125378,
        0.11065994978,
        0.10889501578,
        0.11117375178000001,
        0.11161657278,
        0.11278547978,
        0.11118782878000001,
        0.11200551078000001,
        0.11337446878
      ],
      "exit_codes": [
        0,
        0,
        0,
        0,
        0,
        0,
        0,
        0,
        0,
        0
      ]
    },
    {
      "command": "deno",
      "mean": 0.47820158298000004,
      "stddev": 0.020484880658751904,
      "median": 0.47670287828,
      "user": 0.56564788,
      "system": 0.2937608,
      "min": 0.44082013878000004,
      "max": 0.51601305778,
      "times": [
        0.49419284478000003,
        0.51601305778,
        0.50327812378,
        0.47711592778000006,
        0.46288309478000006,
        0.44082013878000004,
        0.47685546978000004,
        0.46744812478000003,
        0.47655028678000005,
        0.46685876078000005
      ],
      "exit_codes": [
        0,
        0,
        0,
        0,
        0,
        0,
        0,
        0,
        0,
        0
      ]
    }
  ]
}