{
  "results": [
    {
      "command": "npm",
      "mean": 10.16743184724,
      "stddev": 0.10927673892364588,
      "median": 10.19500362484,
      "user": 10.672975099999999,
      "system": 4.7168444,
      "min": 9.90869534634,
      "max": 10.30044720834,
      "times": [
        10.25804509734,
        10.20117967434,
        10.22026513734,
        10.184315912339999,
        10.18693152734,
        10.19550063734,
        10.30044720834,
        10.19450661234,
        10.02443131934,
        9.90869534634
      ],
      "exit_codes": [
        0,
        0,
        0,
        0,
        0,
        0,
        0,
        0,
        0,
        0
      ]
    },
    {
      "command": "yarn",
      "mean": 7.267733267839999,
      "stddev": 0.23369036239415272,
      "median": 7.18995553034,
      "user": 5.5168912,
      "system": 4.6854317,
      "min": 7.05504652434,
      "max": 7.89001126234,
      "times": [
        7.15791660734,
        7.89001126234,
        7.12258974534,
        7.13711740634,
        7.33119211634,
        7.29645336934,
        7.05504652434,
        7.39687343234,
        7.22199445334,
        7.06813776134
      ],
      "exit_codes": [
        0,
        0,
        0,
        0,
        0,
        0,
        0,
        0,
        0,
        0
      ]
    },
    {
      "command": "berry",
      "mean": 5.201705394039999,
      "stddev": 0.06866577666070696,
      "median": 5.19548936334,
      "user": 6.2158019,
      "system": 2.5200581,
      "min": 5.10063957734,
      "max": 5.35875932034,
      "times": [
        5.162731421339999,
        5.20758764734,
        5.156156386339999,
        5.25288265834,
        5.13699404634,
        5.2316115413399995,
        5.35875932034,
        5.10063957734,
        5.18339107934,
        5.22630026234
      ],
      "exit_codes": [
        0,
        0,
        0,
        0,
        0,
        0,
        0,
        0,
        0,
        0
      ]
    },
    {
      "command": "pnpm",
      "mean": 3.3829825181400004,
      "stddev": 0.06603145438013255,
      "median": 3.3774191463400003,
      "user": 4.5873243,
      "system": 1.4247818,
      "min": 3.2923056383400002,
      "max": 3.4868270213400003,
      "times": [
        3.31819146134,
        3.4816151743400003,
        3.38258079034,
        3.4868270213400003,
        3.37225750234,
        3.3361840493400003,
        3.31677380634,
        3.2923056383400002,
        3.4439756853400003,
        3.3991140523400003
      ],
      "exit_codes": [
        0,
        0,
        0,
        0,
        0,
        0,
        0,
        0,
        0,
        0
      ]
    },
    {
      "command": "vlt",
      "mean": 3.5101472810399996,
      "stddev": 0.05000472386761964,
      "median": 3.51008033634,
      "user": 3.5577400000000003,
      "system": 2.8377835,
      "min": 3.45433493634,
      "max": 3.60372639834,
      "times": [
        3.5712933113400003,
        3.52939494034,
        3.52885147434,
        3.60372639834,
        3.45542916634,
        3.4727643393400003,
        3.5395578803400003,
        3.45433493634,
        3.45481116534,
        3.49130919834
      ],
      "exit_codes": [
        0,
        0,
        0,
        0,
        0,
        0,
        0,
        0,
        0,
        0
      ]
    },
    {
      "command": "bun",
      "mean": 0.31196251304,
      "stddev": 0.006378998840650814,
      "median": 0.30950452284,
      "user": 0.018358600000000003,
      "system": 0.2991278,
      "min": 0.30485761134,
      "max": 0.32715638934,
      "times": [
        0.30620760834000005,
        0.30485761134,
        0.30869052734,
        0.30976144434,
        0.30924760134,
        0.31167676934000005,
        0.31323863434000004,
        0.32715638934,
        0.31968603234000004,
        0.30910251234
      ],
      "exit_codes": [
        0,
        0,
        0,
        0,
        0,
        0,
        0,
        0,
        0,
        0
      ]
    },
    {
      "command": "deno",
      "mean": 1.0622788898400002,
      "stddev": 0.012348011201367772,
      "median": 1.0626414513399998,
      "user": 1.3122220999999996,
      "system": 0.8036256999999999,
      "min": 1.03630786534,
      "max": 1.08062589934,
      "times": [
        1.03630786534,
        1.05160910334,
        1.0541752273399998,
        1.06467800434,
        1.0697694193399998,
        1.08062589934,
        1.0606048983399998,
        1.07809679234,
        1.06632852134,
        1.06059316734
      ],
      "exit_codes": [
        0,
        0,
        0,
        0,
        0,
        0,
        0,
        0,
        0,
        0
      ]
    }
  ]
}