{
  "results": [
    {
      "command": "npm",
      "mean": 4.0388512071000005,
      "stddev": 0.012227133896067574,
      "median": 4.0409800267,
      "user": 4.312379779999999,
      "system": 2.2709696,
      "min": 4.0164818387,
      "max": 4.0571037957,
      "times": [
        4.053041030699999,
        4.0403211877,
        4.047530979699999,
        4.0416388656999995,
        4.0571037957,
        4.0432157297,
        4.0164818387,
        4.0377971547,
        4.0236529367,
        4.027728551699999
      ],
      "exit_codes": [
        0,
        0,
        0,
        0,
        0,
        0,
        0,
        0,
        0,
        0
      ]
    },
    {
      "command": "yarn",
      "mean": 9.141700333700001,
      "stddev": 0.06175349221075766,
      "median": 9.124079240699999,
      "user": 12.77080818,
      "system": 6.5561351000000005,
      "min": 9.0633995767,
      "max": 9.2192007037,
      "times": [
        9.2182536987,
        9.2067275307,
        9.082796952699999,
        9.0633995767,
        9.2192007037,
        9.0939964207,
        9.0988473477,
        9.1493111337,
        9.077936766699999,
        9.2065332057
      ],
      "exit_codes": [
        0,
        0,
        0,
        0,
        0,
        0,
        0,
        0,
        0,
        0
      ]
    },
    {
      "command": "berry",
      "mean": 3.4676889323000006,
      "stddev": 0.039064808093236605,
      "median": 3.4730391337,
      "user": 6.1231114799999995,
      "system": 2.0442153999999997,
      "min": 3.3985134867,
      "max": 3.5195912427000002,
      "times": [
        3.4720054647,
        3.4706623767,
        3.4842398657,
        3.3985134867,
        3.4469341397,
        3.4021619787,
        3.4740728027,
        3.5007384407,
        3.5195912427000002,
        3.5079695247
      ],
      "exit_codes": [
        0,
        0,
        0,
        0,
        0,
        0,
        0,
        0,
        0,
        0
      ]
    },
    {
      "command": "pnpm",
      "mean": 2.0841276126,
      "stddev": 0.031890090050068286,
      "median": 2.0778770312,
      "user": 3.4384613800000006,
      "system": 1.3764359999999998,
      "min": 2.0418221547,
      "max": 2.1629483067,
      "times": [
        2.0676292057,
        2.0641875117,
        2.0897922607,
        2.0970365797,
        2.1037403547,
        2.0881248567,
        2.1629483067,
        2.0646075367,
        2.0418221547,
        2.0613873587000002
      ],
      "exit_codes": [
        0,
        0,
        0,
        0,
        0,
        0,
        0,
        0,
        0,
        0
      ]
    },
    {
      "command": "vlt",
      "mean": 2.1592762107000003,
      "stddev": 0.014368675535218976,
      "median": 2.1594814192000005,
      "user": 2.8305656800000003,
      "system": 1.4423297999999998,
      "min": 2.1312014807,
      "max": 2.1853576757,
      "times": [
        2.1614515937000003,
        2.1466254017,
        2.1501801377,
        2.1709697787,
        2.1726205797,
        2.1853576757,
        2.1545974847,
        2.1312014807,
        2.1622467297,
        2.1575112447
      ],
      "exit_codes": [
        0,
        0,
        0,
        0,
        0,
        0,
        0,
        0,
        0,
        0
      ]
    },
    {
      "command": "bun",
      "mean": 2.2096280122000005,
      "stddev": 5.079005974714027,
      "median": 0.4910493012,
      "user": 0.5550056800000001,
      "system": 0.8660439999999999,
      "min": 0.46586559070000005,
      "max": 17.4447345577,
      "times": [
        0.48845810270000006,
        17.4447345577,
        0.46586559070000005,
        0.48925290870000004,
        0.48590964270000003,
        0.4976331727,
        0.48197423770000003,
        0.7554195787,
        0.49284569370000003,
        0.4941866367
      ],
      "exit_codes": [
        0,
        0,
        0,
        0,
        0,
        0,
        0,
        0,
        0,
        0
      ]
    },
    {
      "command": "deno",
      "mean": 4.1663295911,
      "stddev": 0.3366563340733224,
      "median": 4.0954096327,
      "user": 1.7094009799999998,
      "system": 1.2715248999999997,
      "min": 3.6687784697,
      "max": 4.8197508277,
      "times": [
        3.6687784697,
        3.9846705967,
        3.9745050677,
        4.8197508277,
        3.8698258167,
        4.2061486687,
        4.5975443277,
        4.3266372267,
        3.9064138227000003,
        4.3090210867
      ],
      "exit_codes": [
        0,
        0,
        0,
        0,
        0,
        0,
        0,
        0,
        0,
        0
      ]
    }
  ]
}