{
  "results": [
    {
      "command": "npm",
      "mean": 0.34839214801999996,
      "stddev": 0.005261405476334934,
      "median": 0.34793094861999996,
      "user": 0.37353262000000004,
      "system": 0.08519961999999999,
      "min": 0.34042719512,
      "max": 0.35781983112,
      "times": [
        0.34341388012,
        0.34850693512,
        0.35707842812,
        0.34767258912,
        0.34643026412,
        0.35010387012,
        0.34818930812,
        0.34427917912,
        0.34042719512,
        0.35781983112
      ],
      "exit_codes": [
        0,
        0,
        0,
        0,
        0,
        0,
        0,
        0,
        0,
        0
      ]
    },
    {
      "command": "yarn",
      "mean": 2.3523846711200003,
      "stddev": 0.15730043534475244,
      "median": 2.29951037712,
      "user": 0.97974082,
      "system": 0.33698611999999994,
      "min": 2.19805291512,
      "max": 2.70222765712,
      "times": [
        2.30234317412,
        2.2245217571199998,
        2.40285911312,
        2.19805291512,
        2.40913195512,
        2.54829170312,
        2.22086283112,
        2.21887802512,
        2.29667758012,
        2.70222765712
      ],
      "exit_codes": [
        0,
        0,
        0,
        0,
        0,
        0,
        0,
        0,
        0,
        0
      ]
    },
    {
      "command": "berry",
      "mean": 1.24630760792,
      "stddev": 0.025501928217235095,
      "median": 1.24055147412,
      "user": 1.1536490199999998,
      "system": 0.18856601999999997,
      "min": 1.20983076012,
      "max": 1.30228612112,
      "times": [
        1.27685892612,
        1.20983076012,
        1.22593590012,
        1.23748254312,
        1.25608415112,
        1.24362040512,
        1.22868336812,
        1.24970199012,
        1.30228612112,
        1.23259191412
      ],
      "exit_codes": [
        0,
        0,
        0,
        0,
        0,
        0,
        0,
        0,
        0,
        0
      ]
    },
    {
      "command": "pnpm",
      "mean": 0.7048291779200001,
      "stddev": 0.013450784310696814,
      "median": 0.7056060046200001,
      "user": 0.93424242,
      "system": 0.15829991999999998,
      "min": 0.68245900912,
      "max": 0.73225841112,
      "times": [
        0.7040729371200001,
        0.73225841112,
        0.6982924581200001,
        0.7153499171200001,
        0.69507089512,
        0.71244643512,
        0.6904000891200001,
        0.71080255512,
        0.70713907212,
        0.68245900912
      ],
      "exit_codes": [
        0,
        0,
        0,
        0,
        0,
        0,
        0,
        0,
        0,
        0
      ]
    },
    {
      "command": "vlt",
      "mean": 0.23459327662,
      "stddev": 0.002914327177009445,
      "median": 0.23443544412,
      "user": 0.21339942,
      "system": 0.04959092,
      "min": 0.23069091612,
      "max": 0.24140251612,
      "times": [
        0.23306374512,
        0.23518010112,
        0.24140251612,
        0.23718679712000001,
        0.23413713212,
        0.23069091612,
        0.23473375612,
        0.23269541812,
        0.23533841112,
        0.23150397312
      ],
      "exit_codes": [
        0,
        0,
        0,
        0,
        0,
        0,
        0,
        0,
        0,
        0
      ]
    },
    {
      "command": "bun",
      "mean": 0.01029569462,
      "stddev": 0.0002003994405222979,
      "median": 0.010378039120000002,
      "user": 0.0052701200000000005,
      "system": 0.010483319999999999,
      "min": 0.009939521120000001,
      "max": 0.01055725212,
      "times": [
        0.01027773912,
        0.01001602312,
        0.01048806312,
        0.01038475112,
        0.010371327120000001,
        0.010403025120000001,
        0.009939521120000001,
        0.01055725212,
        0.01043711812,
        0.01008212612
      ],
      "exit_codes": [
        0,
        0,
        0,
        0,
        0,
        0,
        0,
        0,
        0,
        0
      ]
    },
    {
      "command": "deno",
      "mean": 0.17839216861999999,
      "stddev": 0.001083866281276735,
      "median": 0.17836303312000001,
      "user": 0.13913962,
      "system": 0.04146772,
      "min": 0.17636145011999999,
      "max": 0.17994454412,
      "times": [
        0.17926202412,
        0.17636145011999999,
        0.17978870912,
        0.17994454412,
        0.17812563412,
        0.17721698212,
        0.17843581112,
        0.17829025512,
        0.17895563912,
        0.17754063711999998
      ],
      "exit_codes": [
        0,
        0,
        0,
        0,
        0,
        0,
        0,
        0,
        0,
        0
      ]
    }
  ]
}