{
  "results": [
    {
      "command": "npm",
      "mean": 0.53355762976,
      "stddev": 0.015444284273281426,
      "median": 0.52877003316,
      "user": 0.6095780999999999,
      "system": 0.0941546,
      "min": 0.52393092866,
      "max": 0.5790292826600001,
      "times": [
        0.52393092866,
        0.5790292826600001,
        0.52805854866,
        0.52519225666,
        0.52878821566,
        0.5308212906600001,
        0.5287518506600001,
        0.5302469646600001,
        0.52589571566,
        0.5348612436600001
      ],
      "exit_codes": [
        0,
        0,
        0,
        0,
        0,
        0,
        0,
        0,
        0,
        0
      ]
    },
    {
      "command": "yarn",
      "mean": 0.30639439536000007,
      "stddev": 0.002394676949768879,
      "median": 0.3058909511600001,
      "user": 0.33562109999999995,
      "system": 0.061446299999999995,
      "min": 0.30352347266000007,
      "max": 0.31207998566000006,
      "times": [
        0.30582658666000007,
        0.30523461666000007,
        0.30936906066000003,
        0.30515250466000005,
        0.30595531566000006,
        0.30352347266000007,
        0.30428866166000007,
        0.30642041966000005,
        0.30609332966,
        0.31207998566000006
      ],
      "exit_codes": [
        0,
        0,
        0,
        0,
        0,
        0,
        0,
        0,
        0,
        0
      ]
    },
    {
      "command": "berry",
      "mean": 2.8413169999599996,
      "stddev": 0.03939734539104791,
      "median": 2.8421982756599995,
      "user": 5.679303799999999,
      "system": 1.3868161,
      "min": 2.77124512766,
      "max": 2.89562305966,
      "times": [
        2.8865415406599997,
        2.8419455876599997,
        2.87302178266,
        2.83583024566,
        2.78774986566,
        2.77124512766,
        2.81019940966,
        2.8685624166599997,
        2.8424509636599997,
        2.89562305966
      ],
      "exit_codes": [
        0,
        0,
        0,
        0,
        0,
        0,
        0,
        0,
        0,
        0
      ]
    },
    {
      "command": "zpm",
      "mean": 0.8198433098600001,
      "stddev": 0.1237080947409293,
      "median": 0.7590024256600001,
      "user": 0.8256556999999999,
      "system": 0.41765610000000003,
      "min": 0.7181421976600001,
      "max": 1.06946680066,
      "times": [
        0.7555899746600001,
        0.7624148766600001,
        1.06946680066,
        0.75044227366,
        0.8086723046600001,
        0.7181421976600001,
        0.7345550646600001,
        0.7211207206600001,
        0.8327356576600001,
        1.04529322766
      ],
      "exit_codes": [
        0,
        0,
        0,
        0,
        0,
        0,
        0,
        0,
        0,
        0
      ]
    },
    {
      "command": "pnpm",
      "mean": 0.73895721636,
      "stddev": 0.014543008736904959,
      "median": 0.74285622016,
      "user": 0.8562107999999998,
      "system": 0.15578789999999998,
      "min": 0.7102239006600001,
      "max": 0.7572401696600001,
      "times": [
        0.7297699526600001,
        0.73115444766,
        0.7102239006600001,
        0.7467071846600001,
        0.7572401696600001,
        0.75045703466,
        0.74530826766,
        0.74040417266,
        0.7221974296600001,
        0.75610960366
      ],
      "exit_codes": [
        0,
        0,
        0,
        0,
        0,
        0,
        0,
        0,
        0,
        0
      ]
    },
    {
      "command": "vlt",
      "mean": 0.5775114891600002,
      "stddev": 0.008858477510955903,
      "median": 0.57894489166,
      "user": 0.5840622999999999,
      "system": 0.12719209999999997,
      "min": 0.5614955786600001,
      "max": 0.59290093166,
      "times": [
        0.5845289636600001,
        0.5759883066600001,
        0.58344182166,
        0.5614955786600001,
        0.5646450956600001,
        0.59290093166,
        0.57308414066,
        0.5811402696600001,
        0.57789009266,
        0.57999969066
      ],
      "exit_codes": [
        0,
        0,
        0,
        0,
        0,
        0,
        0,
        0,
        0,
        0
      ]
    },
    {
      "command": "bun",
      "mean": 0.011616530060000001,
      "stddev": 0.00034013844847449986,
      "median": 0.011618159160000002,
      "user": 0.0078095,
      "system": 0.009663399999999999,
      "min": 0.01091824666,
      "max": 0.012056841660000001,
      "times": [
        0.01189646266,
        0.01158267066,
        0.011434330660000002,
        0.01091824666,
        0.011209282660000002,
        0.012056841660000001,
        0.011621399660000002,
        0.011820622660000002,
        0.01201052466,
        0.011614918660000001
      ],
      "exit_codes": [
        0,
        0,
        0,
        0,
        0,
        0,
        0,
        0,
        0,
        0
      ]
    },
    {
      "command": "deno",
      "mean": 0.04580964796,
      "stddev": 0.0010773082570539453,
      "median": 0.045953111660000004,
      "user": 0.027931300000000003,
      "system": 0.0230349,
      "min": 0.04363993466,
      "max": 0.04761312766,
      "times": [
        0.04655017266,
        0.04538417066,
        0.04761312766,
        0.04633027466,
        0.04671122666,
        0.04363993466,
        0.04582762766,
        0.04454170866,
        0.04607859566,
        0.04541964066
      ],
      "exit_codes": [
        0,
        0,
        0,
        0,
        0,
        0,
        0,
        0,
        0,
        0
      ]
    }
  ]
}