{
  "results": [
    {
      "command": "npm",
      "mean": 6.5313001966,
      "stddev": 0.032936620727501364,
      "median": 6.531275685200001,
      "user": 7.561833399999999,
      "system": 2.4614281,
      "min": 6.4860928987,
      "max": 6.5967375227,
      "times": [
        6.5967375227,
        6.5370448437,
        6.4935884087,
        6.5718577957,
        6.5337495577,
        6.5491151227,
        6.5099575037,
        6.4860928987,
        6.5060564997,
        6.5288018127
      ],
      "exit_codes": [
        0,
        0,
        0,
        0,
        0,
        0,
        0,
        0,
        0,
        0
      ]
    },
    {
      "command": "yarn",
      "mean": 4.2756364206,
      "stddev": 0.13695406211963881,
      "median": 4.2379554117,
      "user": 2.5665626,
      "system": 2.2372153,
      "min": 4.0999499227,
      "max": 4.5845398477,
      "times": [
        4.1889056237,
        4.3843712447,
        4.0999499227,
        4.2663619347,
        4.5845398477,
        4.2034739857,
        4.4063484847,
        4.1465023387,
        4.2422670597,
        4.2336437637
      ],
      "exit_codes": [
        0,
        0,
        0,
        0,
        0,
        0,
        0,
        0,
        0,
        0
      ]
    },
    {
      "command": "berry",
      "mean": 2.8652011324,
      "stddev": 0.05437540934303072,
      "median": 2.8469638972,
      "user": 2.9155723,
      "system": 1.2115370999999997,
      "min": 2.7833572537,
      "max": 2.9978152327,
      "times": [
        2.8616477147,
        2.8436386847,
        2.8422829757,
        2.8400744197,
        2.8502891097000003,
        2.7833572537,
        2.8367233927,
        2.9978152327,
        2.9131062527,
        2.8830762877
      ],
      "exit_codes": [
        0,
        0,
        0,
        0,
        0,
        0,
        0,
        0,
        0,
        0
      ]
    },
    {
      "command": "pnpm",
      "mean": 2.745874527,
      "stddev": 0.16551976522253084,
      "median": 2.7103531202,
      "user": 2.7775597999999997,
      "system": 0.9047989000000001,
      "min": 2.5946456877,
      "max": 3.1927808136999998,
      "times": [
        2.7601934717,
        3.1927808136999998,
        2.7484296167,
        2.6722766237,
        2.6602286757,
        2.7508379027,
        2.6250625167,
        2.6197035007,
        2.5946456877,
        2.8345864606999998
      ],
      "exit_codes": [
        0,
        0,
        0,
        0,
        0,
        0,
        0,
        0,
        0,
        0
      ]
    },
    {
      "command": "vlt",
      "mean": 1.5289518946,
      "stddev": 0.016215392039746458,
      "median": 1.5230155842,
      "user": 1.5984869000000002,
      "system": 1.3185950999999996,
      "min": 1.5163047787,
      "max": 1.5716488797000001,
      "times": [
        1.5218000677,
        1.5300798767,
        1.5441176817,
        1.5716488797000001,
        1.5199911557,
        1.5258839187,
        1.5174447777,
        1.5242311007,
        1.5163047787,
        1.5180167087
      ],
      "exit_codes": [
        0,
        0,
        0,
        0,
        0,
        0,
        0,
        0,
        0,
        0
      ]
    },
    {
      "command": "bun",
      "mean": 0.21421575920000002,
      "stddev": 0.006698434756959485,
      "median": 0.21105454620000003,
      "user": 0.07365719999999999,
      "system": 0.1916577,
      "min": 0.2091266397,
      "max": 0.23170131870000002,
      "times": [
        0.2153420097,
        0.20954846370000002,
        0.2109421757,
        0.22039702870000002,
        0.2111669167,
        0.21056237770000003,
        0.23170131870000002,
        0.21387862170000002,
        0.2091266397,
        0.20949203970000002
      ],
      "exit_codes": [
        0,
        0,
        0,
        0,
        0,
        0,
        0,
        0,
        0,
        0
      ]
    },
    {
      "command": "deno",
      "mean": 0.5653413371000001,
      "stddev": 0.006968000166073343,
      "median": 0.5667544057,
      "user": 0.5419697000000001,
      "system": 0.4752509999999999,
      "min": 0.5533011497,
      "max": 0.5770505687,
      "times": [
        0.5695146217,
        0.5709695227,
        0.5533011497,
        0.5770505687,
        0.5692612387,
        0.5572385917,
        0.5660387897,
        0.5654921927000001,
        0.5570766737,
        0.5674700217
      ],
      "exit_codes": [
        0,
        0,
        0,
        0,
        0,
        0,
        0,
        0,
        0,
        0
      ]
    }
  ]
}