{
  "results": [
    {
      "command": "npm",
      "mean": 3.19239426988,
      "stddev": 0.018328764826320787,
      "median": 3.1935136253799996,
      "user": 3.48276674,
      "system": 2.18571622,
      "min": 3.16489766088,
      "max": 3.22204117188,
      "times": [
        3.1788757678799997,
        3.22204117188,
        3.21883760888,
        3.20299571988,
        3.18925629088,
        3.16489766088,
        3.1816450708799997,
        3.1691755698799997,
        3.1977709598799997,
        3.19844687788
      ],
      "exit_codes": [
        0,
        0,
        0,
        0,
        0,
        0,
        0,
        0,
        0,
        0
      ]
    },
    {
      "command": "yarn",
      "mean": 2.18184541068,
      "stddev": 0.17370738437476693,
      "median": 2.1260181288799997,
      "user": 2.28903984,
      "system": 2.25766622,
      "min": 2.08231746288,
      "max": 2.69276913488,
      "times": [
        2.69276913488,
        2.1440874118799997,
        2.1079488458799998,
        2.15705349888,
        2.1733488138799997,
        2.17831003388,
        2.08231746288,
        2.09264941988,
        2.10399902688,
        2.08597045788
      ],
      "exit_codes": [
        0,
        0,
        0,
        0,
        0,
        0,
        0,
        0,
        0,
        0
      ]
    },
    {
      "command": "berry",
      "mean": 2.26573894858,
      "stddev": 0.05235724991076343,
      "median": 2.2475020278799995,
      "user": 2.7831437400000003,
      "system": 1.21679112,
      "min": 2.21506920988,
      "max": 2.4075915868799997,
      "times": [
        2.2631136438799997,
        2.2326478008799997,
        2.4075915868799997,
        2.2436593768799997,
        2.27396540788,
        2.23392831988,
        2.2377323208799997,
        2.21506920988,
        2.25134467888,
        2.29833713988
      ],
      "exit_codes": [
        0,
        0,
        0,
        0,
        0,
        0,
        0,
        0,
        0,
        0
      ]
    },
    {
      "command": "zpm",
      "mean": 0.46110097848000003,
      "stddev": 0.0038508064883057604,
      "median": 0.46100098888,
      "user": 0.12695114,
      "system": 0.37542642,
      "min": 0.45656484888000004,
      "max": 0.46966492288,
      "times": [
        0.45705319188000004,
        0.45710935688000004,
        0.46108313488,
        0.46527265388,
        0.46216534188,
        0.46966492288,
        0.46180485988000003,
        0.46091884288,
        0.45937263088,
        0.45656484888000004
      ],
      "exit_codes": [
        0,
        0,
        0,
        0,
        0,
        0,
        0,
        0,
        0,
        0
      ]
    },
    {
      "command": "pnpm",
      "mean": 1.0093154495800003,
      "stddev": 0.01016707265800695,
      "median": 1.0069717048800002,
      "user": 1.58164214,
      "system": 0.5144765199999999,
      "min": 0.99712553688,
      "max": 1.0310290528800001,
      "times": [
        1.01120116688,
        1.0119538278800002,
        1.0035130218800001,
        1.0310290528800001,
        1.0234474368800002,
        0.9994059348800001,
        1.00693673788,
        1.0070066718800001,
        0.99712553688,
        1.00153510788
      ],
      "exit_codes": [
        0,
        0,
        0,
        0,
        0,
        0,
        0,
        0,
        0,
        0
      ]
    },
    {
      "command": "vlt",
      "mean": 1.6073410745800003,
      "stddev": 0.016306392722485904,
      "median": 1.6046378413800002,
      "user": 1.7830987399999998,
      "system": 1.3183974199999997,
      "min": 1.5858144918800001,
      "max": 1.6398927968800001,
      "times": [
        1.6193199498800002,
        1.60289056288,
        1.61232657288,
        1.60638511988,
        1.58612996588,
        1.5940921638800003,
        1.5858144918800001,
        1.6020784338800003,
        1.62448068788,
        1.6398927968800001
      ],
      "exit_codes": [
        0,
        0,
        0,
        0,
        0,
        0,
        0,
        0,
        0,
        0
      ]
    },
    {
      "command": "bun",
      "mean": 0.19736795078000002,
      "stddev": 0.0007684576096548761,
      "median": 0.19720253937999999,
      "user": 0.04821523999999999,
      "system": 0.16683592,
      "min": 0.19644782888,
      "max": 0.19895940888,
      "times": [
        0.19787201888,
        0.19668762788,
        0.19644782888,
        0.19680052588,
        0.19895940888,
        0.19681104788,
        0.19720802488,
        0.19842297388,
        0.19727299688,
        0.19719705388
      ],
      "exit_codes": [
        0,
        0,
        0,
        0,
        0,
        0,
        0,
        0,
        0,
        0
      ]
    },
    {
      "command": "deno",
      "mean": 0.42274986548,
      "stddev": 0.006687313871870764,
      "median": 0.42266955188,
      "user": 0.31650514,
      "system": 0.41893741999999995,
      "min": 0.41195128888000004,
      "max": 0.43788728488,
      "times": [
        0.41544389188,
        0.41855558288,
        0.42750867188,
        0.42338095188,
        0.41195128888000004,
        0.42205512488,
        0.42537675388,
        0.42252624688,
        0.43788728488,
        0.42281285688000003
      ],
      "exit_codes": [
        0,
        0,
        0,
        0,
        0,
        0,
        0,
        0,
        0,
        0
      ]
    }
  ]
}