{
  "results": [
    {
      "command": "npm",
      "mean": 24.429675829639997,
      "stddev": 1.0746809072047585,
      "median": 24.180375239139998,
      "user": 12.365556659999998,
      "system": 3.7864927600000002,
      "min": 22.77441478314,
      "max": 26.19970508714,
      "times": [
        22.77441478314,
        24.36825371314,
        23.68474485014,
        23.23221455514,
        25.35106226714,
        24.98528894414,
        23.86068086614,
        26.19970508714,
        25.84789646514,
        23.99249676514
      ],
      "exit_codes": [
        0,
        0,
        0,
        0,
        0,
        0,
        0,
        0,
        0,
        0
      ]
    },
    {
      "command": "vlt",
      "mean": 11.599538306340001,
      "stddev": 0.20862048651395254,
      "median": 11.59530211864,
      "user": 11.323176259999999,
      "system": 3.86809696,
      "min": 11.30869590314,
      "max": 11.944413538140001,
      "times": [
        11.82024172014,
        11.59997690014,
        11.74502073314,
        11.30953615614,
        11.59062733714,
        11.30869590314,
        11.944413538140001,
        11.37682776114,
        11.75712839914,
        11.54291461514
      ],
      "exit_codes": [
        0,
        0,
        0,
        0,
        0,
        0,
        0,
        0,
        0,
        0
      ]
    },
    {
      "command": "aws",
      "mean": 65.38979652713999,
      "stddev": 0.7204749488844171,
      "median": 65.13755497513999,
      "user": 13.907537459999997,
      "system": 4.02081206,
      "min": 64.70875771813999,
      "max": 66.79064533414,
      "times": [
        66.79064533414,
        65.70956125314,
        64.74271002613999,
        65.12956245614,
        64.94004891814,
        65.14554749413999,
        66.61952052714,
        65.35472618114,
        64.75688536314,
        64.70875771813999
      ],
      "exit_codes": [
        0,
        0,
        0,
        0,
        0,
        0,
        0,
        0,
        0,
        0
      ]
    }
  ]
}