{
  "results": [
    {
      "command": "npm",
      "mean": 38.31740377056,
      "stddev": 0.36816941804965353,
      "median": 38.16817428186,
      "user": 39.22249214,
      "system": 23.207642380000003,
      "min": 37.891499411359995,
      "max": 39.201835865359996,
      "times": [
        38.21393168036,
        38.05959003836,
        38.549983149359996,
        39.201835865359996,
        37.891499411359995,
        38.36804210435999,
        38.62844557036,
        38.122416883359996,
        38.07143967536,
        38.06685332735999
      ],
      "exit_codes": [
        0,
        0,
        0,
        0,
        0,
        0,
        0,
        0,
        0,
        0
      ]
    },
    {
      "command": "vlt",
      "mean": 37.93658151985999,
      "stddev": 0.2997039307768376,
      "median": 37.93218448386,
      "user": 38.89641484,
      "system": 23.37924928,
      "min": 37.483555814359995,
      "max": 38.51577193436,
      "times": [
        37.92774543836,
        37.697999253359995,
        38.294967455359995,
        37.483555814359995,
        37.93662352936,
        38.08179361336,
        37.553478352359996,
        37.98296019535999,
        38.51577193436,
        37.890919612359994
      ],
      "exit_codes": [
        0,
        0,
        0,
        0,
        0,
        0,
        0,
        0,
        0,
        0
      ]
    },
    {
      "command": "aws",
      "mean": 38.12531845125999,
      "stddev": 0.27829542193170154,
      "median": 38.18182955236,
      "user": 37.998037139999994,
      "system": 22.83942448,
      "min": 37.610156192359995,
      "max": 38.49301286636,
      "times": [
        38.49301286636,
        38.178642253359996,
        37.757603829359994,
        37.610156192359995,
        38.33567565136,
        38.49027525635999,
        37.93516007436,
        38.18501685136,
        38.03758588836,
        38.23005564936
      ],
      "exit_codes": [
        0,
        0,
        0,
        0,
        0,
        0,
        0,
        0,
        0,
        0
      ]
    }
  ]
}