{
  "results": [
    {
      "command": "npm",
      "mean": 15.60466089196,
      "stddev": 0.24289309826521177,
      "median": 15.58338302516,
      "user": 14.86835678,
      "system": 5.53754034,
      "min": 15.28834210816,
      "max": 15.97854931316,
      "times": [
        15.75086808316,
        15.422161930160001,
        15.28834210816,
        15.58338302516,
        15.97854931316
      ],
      "exit_codes": [
        0,
        0,
        0,
        0,
        0
      ]
    },
    {
      "command": "vlt",
      "mean": 54.337113685759995,
      "stddev": 10.181718224877017,
      "median": 56.185124495160004,
      "user": 15.036063180000003,
      "system": 5.6708209400000005,
      "min": 37.80358063516,
      "max": 68.20339092216,
      "times": [
        49.79926989816,
        56.185124495160004,
        37.80358063516,
        68.20339092216,
        59.69420247816
      ],
      "exit_codes": [
        0,
        0,
        0,
        0,
        0
      ]
    },
    {
      "command": "aws",
      "mean": 35.625119171159994,
      "stddev": 0.9602837600347753,
      "median": 35.62391158316,
      "user": 15.106164580000002,
      "system": 5.7646757399999995,
      "min": 34.02513593316,
      "max": 36.65932667516,
      "times": [
        35.26812021016,
        36.65932667516,
        36.54910145416,
        35.62391158316,
        34.02513593316
      ],
      "exit_codes": [
        0,
        0,
        0,
        0,
        0
      ]
    },
    {
      "command": "cloudsmith",
      "mean": 17.90648531056,
      "stddev": 0.4763383977620011,
      "median": 17.66498232616,
      "user": 17.396860179999997,
      "system": 6.0882599399999995,
      "min": 17.37279113916,
      "max": 18.66601051716,
      "times": [
        17.58695540316,
        18.66601051716,
        18.241687167160002,
        17.66498232616,
        17.37279113916
      ],
      "exit_codes": [
        0,
        0,
        0,
        0,
        0
      ]
    }
  ]
}