{
  "results": [
    {
      "command": "npm",
      "mean": 8.62475523814,
      "stddev": 0.032420635765495004,
      "median": 8.63965372974,
      "user": 8.47443456,
      "system": 4.99712434,
      "min": 8.569841019739998,
      "max": 8.66221175874,
      "times": [
        8.645111052739999,
        8.569841019739998,
        8.66221175874,
        8.63736972574,
        8.64994592774,
        8.641937733739999,
        8.617207617739998,
        8.656036299739998,
        8.573391011739998,
        8.59450023374
      ],
      "exit_codes": [
        0,
        0,
        0,
        0,
        0,
        0,
        0,
        0,
        0,
        0
      ]
    },
    {
      "command": "vlt",
      "mean": 9.68561261794,
      "stddev": 0.06997035868243397,
      "median": 9.70853371274,
      "user": 10.08615666,
      "system": 5.52769274,
      "min": 9.57224365974,
      "max": 9.780847072739999,
      "times": [
        9.62655553874,
        9.57224365974,
        9.72678300674,
        9.69028441874,
        9.780847072739999,
        9.60931513374,
        9.734936996739998,
        9.615769835739998,
        9.734099755739999,
        9.76529076074
      ],
      "exit_codes": [
        0,
        0,
        0,
        0,
        0,
        0,
        0,
        0,
        0,
        0
      ]
    },
    {
      "command": "aws",
      "mean": 9.22616694854,
      "stddev": 0.0853483466224128,
      "median": 9.19199760474,
      "user": 8.63947446,
      "system": 4.894473339999999,
      "min": 9.139280889739998,
      "max": 9.408226876739999,
      "times": [
        9.26094068874,
        9.16493233574,
        9.15341602174,
        9.139280889739998,
        9.21121015174,
        9.408226876739999,
        9.147212199739998,
        9.277968073739999,
        9.172785057739999,
        9.32569718974
      ],
      "exit_codes": [
        0,
        0,
        0,
        0,
        0,
        0,
        0,
        0,
        0,
        0
      ]
    }
  ]
}