{
  "results": [
    {
      "command": "npm",
      "mean": 3.7852151286,
      "stddev": 0.3510137516774143,
      "median": 3.7398062989,
      "user": 0.7269661,
      "system": 0.10489485999999999,
      "min": 3.3375512044,
      "max": 4.6447220894,
      "times": [
        3.7724415264,
        3.3375512044,
        4.6447220894,
        3.9514427144,
        3.5883852694000002,
        3.5686122484,
        3.4444609714000003,
        3.8145988964,
        4.0227652944,
        3.7071710714
      ],
      "exit_codes": [
        0,
        0,
        0,
        0,
        0,
        0,
        0,
        0,
        0,
        0
      ]
    },
    {
      "command": "yarn",
      "mean": 12.275434483400002,
      "stddev": 1.2766412233341777,
      "median": 11.7853421499,
      "user": 14.0567353,
      "system": 4.06752996,
      "min": 11.0621283074,
      "max": 15.4912587224,
      "times": [
        11.5877545584,
        11.0621283074,
        11.7960603564,
        11.0836359324,
        12.0706513204,
        12.5109487584,
        15.4912587224,
        13.6028923524,
        11.7743905824,
        11.7746239434
      ],
      "exit_codes": [
        0,
        0,
        0,
        0,
        0,
        0,
        0,
        0,
        0,
        0
      ]
    },
    {
      "command": "berry",
      "mean": 3.4190244477999996,
      "stddev": 0.4189858332729386,
      "median": 3.2602700194,
      "user": 5.2572393,
      "system": 1.4741506599999998,
      "min": 3.0448908184000003,
      "max": 4.5681940694,
      "times": [
        3.2586604264,
        4.5681940694,
        3.4113466804,
        3.2618796124,
        3.4991371264,
        3.0448908184000003,
        3.2582095904000004,
        3.2191938924000003,
        3.6153542574000004,
        3.0533780044000003
      ],
      "exit_codes": [
        0,
        0,
        0,
        0,
        0,
        0,
        0,
        0,
        0,
        0
      ]
    },
    {
      "command": "pnpm",
      "mean": 2.8531956522000006,
      "stddev": 0.3883406983824343,
      "median": 2.7272418958999998,
      "user": 3.0562711,
      "system": 0.85390096,
      "min": 2.3416006464000003,
      "max": 3.6202691114000003,
      "times": [
        2.7431338344,
        2.6682672594,
        2.4560534304000003,
        2.3416006464000003,
        3.6202691114000003,
        3.4378825984000003,
        2.7500761434000003,
        2.7059461714000004,
        2.7113499574,
        3.0973773694
      ],
      "exit_codes": [
        0,
        0,
        0,
        0,
        0,
        0,
        0,
        0,
        0,
        0
      ]
    },
    {
      "command": "vlt",
      "mean": 0.1954767717,
      "stddev": 0.035360495143013815,
      "median": 0.18459904540000002,
      "user": 0.2164255,
      "system": 0.04289746,
      "min": 0.1640152904,
      "max": 0.2922251854,
      "times": [
        0.1724147454,
        0.1640152904,
        0.16737607240000002,
        0.19060719140000001,
        0.20898359340000003,
        0.2922251854,
        0.1813808544,
        0.20856669340000003,
        0.18769917540000003,
        0.18149891540000002
      ],
      "exit_codes": [
        0,
        0,
        0,
        0,
        0,
        0,
        0,
        0,
        0,
        0
      ]
    },
    {
      "command": "bun",
      "mean": 1.8597349168000001,
      "stddev": 0.15871073943332042,
      "median": 1.8474861874000001,
      "user": 1.6990589999999997,
      "system": 0.98773666,
      "min": 1.5724328834,
      "max": 2.0772700324,
      "times": [
        2.0238524124,
        1.6711580714000003,
        1.7341219814000002,
        1.5724328834,
        1.9454799394000002,
        1.8538624784000002,
        2.0772700324,
        1.8307639944000003,
        2.0472974784,
        1.8411098964000001
      ],
      "exit_codes": [
        0,
        0,
        0,
        0,
        0,
        0,
        0,
        0,
        0,
        0
      ]
    },
    {
      "command": "deno",
      "mean": 7.951669764299998,
      "stddev": 1.058431184110621,
      "median": 7.9575512254,
      "user": 1.8337678999999993,
      "system": 0.27218586000000006,
      "min": 6.4470494363999995,
      "max": 10.2709494714,
      "times": [
        7.4206178754,
        7.0506544194,
        8.9679072334,
        8.3755780084,
        8.1327256714,
        6.4470494363999995,
        6.8848401493999996,
        7.7823767794,
        8.1839985984,
        10.2709494714
      ],
      "exit_codes": [
        0,
        0,
        0,
        0,
        0,
        0,
        0,
        0,
        0,
        0
      ]
    }
  ]
}