{
  "results": [
    {
      "command": "npm",
      "mean": 0.10155096240000001,
      "stddev": 0.0013802197534547769,
      "median": 0.1016064931,
      "user": 0.09216564,
      "system": 0.025598759999999998,
      "min": 0.0986730166,
      "max": 0.10352564460000001,
      "times": [
        0.1017281676,
        0.10079805060000001,
        0.1008205726,
        0.1014848186,
        0.10241754460000001,
        0.1004242156,
        0.1033171296,
        0.10232046360000001,
        0.10352564460000001,
        0.0986730166
      ],
      "exit_codes": [
        0,
        0,
        0,
        0,
        0,
        0,
        0,
        0,
        0,
        0
      ]
    },
    {
      "command": "yarn",
      "mean": 0.1837904657,
      "stddev": 0.002662303879315298,
      "median": 0.18333501610000003,
      "user": 0.14854684,
      "system": 0.045534460000000006,
      "min": 0.18116657360000002,
      "max": 0.1906287976,
      "times": [
        0.18375939360000001,
        0.18152398860000002,
        0.1828646736,
        0.18116657360000002,
        0.1838779136,
        0.1855732926,
        0.18442950460000002,
        0.1829106386,
        0.1906287976,
        0.1811698806
      ],
      "exit_codes": [
        0,
        0,
        0,
        0,
        0,
        0,
        0,
        0,
        0,
        0
      ]
    },
    {
      "command": "berry",
      "mean": 0.30501783070000005,
      "stddev": 0.007851564344827833,
      "median": 0.3035847131,
      "user": 0.33215964000000003,
      "system": 0.06327205999999999,
      "min": 0.29341283060000006,
      "max": 0.31617967860000007,
      "times": [
        0.31172247560000005,
        0.31188848360000004,
        0.29706297060000003,
        0.29491974960000006,
        0.30394132160000004,
        0.3032053116,
        0.31461738060000005,
        0.31617967860000007,
        0.30322810460000005,
        0.29341283060000006
      ],
      "exit_codes": [
        0,
        0,
        0,
        0,
        0,
        0,
        0,
        0,
        0,
        0
      ]
    },
    {
      "command": "zpm",
      "mean": 0.0190862275,
      "stddev": 0.00021571840214059144,
      "median": 0.019088132100000002,
      "user": 0.007074739999999999,
      "system": 0.01265346,
      "min": 0.0187740526,
      "max": 0.0195848366,
      "times": [
        0.0191817466,
        0.0191020026,
        0.019255614600000002,
        0.0195848366,
        0.0187740526,
        0.0189216686,
        0.0189382386,
        0.0189102266,
        0.0190742616,
        0.019119626600000002
      ],
      "exit_codes": [
        0,
        0,
        0,
        0,
        0,
        0,
        0,
        0,
        0,
        0
      ]
    },
    {
      "command": "pnpm",
      "mean": 0.41644038310000003,
      "stddev": 0.006714758361731514,
      "median": 0.4161145446000001,
      "user": 0.43970844,
      "system": 0.07308396,
      "min": 0.40400238260000004,
      "max": 0.42620300960000007,
      "times": [
        0.42323687060000004,
        0.4120675616000001,
        0.41146912860000007,
        0.41877413160000004,
        0.42620300960000007,
        0.41559927360000004,
        0.40400238260000004,
        0.42522442960000006,
        0.41662981560000006,
        0.41119722760000005
      ],
      "exit_codes": [
        0,
        0,
        0,
        0,
        0,
        0,
        0,
        0,
        0,
        0
      ]
    },
    {
      "command": "vlt",
      "mean": 0.22800364259999997,
      "stddev": 0.002420098207773892,
      "median": 0.22814670310000001,
      "user": 0.22030154,
      "system": 0.058783260000000004,
      "min": 0.2231175706,
      "max": 0.23199654460000002,
      "times": [
        0.2263137326,
        0.2286942136,
        0.23199654460000002,
        0.2313147056,
        0.22879504860000002,
        0.2276882496,
        0.2286051566,
        0.2271113686,
        0.22639983560000002,
        0.2231175706
      ],
      "exit_codes": [
        0,
        0,
        0,
        0,
        0,
        0,
        0,
        0,
        0,
        0
      ]
    },
    {
      "command": "bun",
      "mean": 0.0036269206,
      "stddev": 0.00005866532764248396,
      "median": 0.0036268736,
      "user": 0.000799708,
      "system": 0.0029404599999999998,
      "min": 0.0035287416000000004,
      "max": 0.0037183536,
      "times": [
        0.0036093016,
        0.0035416346000000003,
        0.0035287416000000004,
        0.0036069466,
        0.0037183536,
        0.0036526306,
        0.0036653646,
        0.0037000796000000004,
        0.0036444456,
        0.0036017076
      ],
      "exit_codes": [
        0,
        0,
        0,
        0,
        0,
        0,
        0,
        0,
        0,
        0
      ]
    },
    {
      "command": "deno",
      "mean": 0.05715306950000001,
      "stddev": 0.0005441061473775968,
      "median": 0.057182050100000006,
      "user": 0.033884439999999995,
      "system": 0.02954556,
      "min": 0.056317636600000005,
      "max": 0.05827825560000001,
      "times": [
        0.056800105600000005,
        0.05719669060000001,
        0.056412554600000005,
        0.05703286960000001,
        0.0571674096,
        0.056317636600000005,
        0.0572478786,
        0.05755724660000001,
        0.057520047600000006,
        0.05827825560000001
      ],
      "exit_codes": [
        0,
        0,
        0,
        0,
        0,
        0,
        0,
        0,
        0,
        0
      ]
    },
    {
      "command": "nx",
      "mean": 0.8204898974000001,
      "stddev": 0.007776458290011168,
      "median": 0.8219963101000001,
      "user": 0.61460694,
      "system": 0.15590196,
      "min": 0.8053249176,
      "max": 0.8312141396,
      "times": [
        0.8312141396,
        0.8206498496,
        0.8233427706,
        0.8259885266,
        0.8284996606,
        0.8092794946,
        0.8053249176,
        0.8163923816,
        0.8199218276,
        0.8242854056
      ],
      "exit_codes": [
        0,
        0,
        0,
        0,
        0,
        0,
        0,
        0,
        0,
        0
      ]
    },
    {
      "command": "turbo",
      "mean": 0.25956495110000005,
      "stddev": 0.007376256122775548,
      "median": 0.25874175060000004,
      "user": 0.12552654000000002,
      "system": 0.07309576,
      "min": 0.2491312366,
      "max": 0.27539981560000004,
      "times": [
        0.2611746246,
        0.25154248560000003,
        0.26802601760000005,
        0.2561839516,
        0.2491312366,
        0.2621071716,
        0.25975478560000004,
        0.27539981560000004,
        0.25460070660000006,
        0.25772871560000005
      ],
      "exit_codes": [
        0,
        0,
        0,
        0,
        0,
        0,
        0,
        0,
        0,
        0
      ]
    },
    {
      "command": "node",
      "mean": 0.0052323121,
      "stddev": 0.00008435629765850325,
      "median": 0.0052244870999999995,
      "user": 0.00174814,
      "system": 0.00348456,
      "min": 0.0051323956,
      "max": 0.0053997926,
      "times": [
        0.0052248176,
        0.0051323956,
        0.0051559696,
        0.0051344786,
        0.0052241566,
        0.0053059976,
        0.0053254946,
        0.0053997926,
        0.0052453446,
        0.0051746736000000005
      ],
      "exit_codes": [
        0,
        0,
        0,
        0,
        0,
        0,
        0,
        0,
        0,
        0
      ]
    }
  ]
}