{
  "results": [
    {
      "command": "npm",
      "mean": 0.33803608980000005,
      "stddev": 0.006221723861885193,
      "median": 0.33713036510000005,
      "user": 0.3565896,
      "system": 0.07422822,
      "min": 0.33028215760000007,
      "max": 0.34778152260000006,
      "times": [
        0.34694397960000006,
        0.33185031560000006,
        0.3417714156000001,
        0.33681492060000007,
        0.3430218796,
        0.33046569060000003,
        0.33744580960000004,
        0.3339832066,
        0.34778152260000006,
        0.33028215760000007
      ],
      "exit_codes": [
        0,
        0,
        0,
        0,
        0,
        0,
        0,
        0,
        0,
        0
      ]
    },
    {
      "command": "yarn",
      "mean": 0.24147946189999997,
      "stddev": 0.0044118248772213485,
      "median": 0.2418421051,
      "user": 0.21320379999999997,
      "system": 0.053554519999999994,
      "min": 0.2329118376,
      "max": 0.2497745316,
      "times": [
        0.2414458476,
        0.2497745316,
        0.23810359160000003,
        0.2439534446,
        0.2329118376,
        0.23978810660000002,
        0.2446346356,
        0.24421287860000002,
        0.2422383626,
        0.2377313826
      ],
      "exit_codes": [
        0,
        0,
        0,
        0,
        0,
        0,
        0,
        0,
        0,
        0
      ]
    },
    {
      "command": "berry",
      "mean": 2.1599749889,
      "stddev": 0.057697486845975865,
      "median": 2.1492692595999996,
      "user": 3.3508307000000004,
      "system": 0.8905395199999999,
      "min": 2.0753014415999997,
      "max": 2.2691236625999998,
      "times": [
        2.0753014415999997,
        2.1593973766,
        2.2691236625999998,
        2.1391411425999998,
        2.1111680425999997,
        2.1196460466,
        2.1100950785999997,
        2.1785464705999997,
        2.2232489315999997,
        2.2140816956
      ],
      "exit_codes": [
        0,
        0,
        0,
        0,
        0,
        0,
        0,
        0,
        0,
        0
      ]
    },
    {
      "command": "pnpm",
      "mean": 0.755592392,
      "stddev": 0.06102727637374051,
      "median": 0.7552394171000001,
      "user": 0.7205807,
      "system": 0.13732212000000002,
      "min": 0.6635840156,
      "max": 0.8337107096,
      "times": [
        0.7187672206,
        0.8128281166,
        0.6848218366000001,
        0.8317260546,
        0.6933850166000001,
        0.7356894196,
        0.8337107096,
        0.6635840156,
        0.8066221156,
        0.7747894146000001
      ],
      "exit_codes": [
        0,
        0,
        0,
        0,
        0,
        0,
        0,
        0,
        0,
        0
      ]
    },
    {
      "command": "vlt",
      "mean": 0.23570129990000002,
      "stddev": 0.004042600251983427,
      "median": 0.2354667806,
      "user": 0.2154211,
      "system": 0.05146381999999999,
      "min": 0.2308824646,
      "max": 0.24585059460000003,
      "times": [
        0.23803648360000002,
        0.2322532726,
        0.2335572116,
        0.2373813616,
        0.23581679860000002,
        0.2322306436,
        0.23588740560000002,
        0.24585059460000003,
        0.2308824646,
        0.2351167626
      ],
      "exit_codes": [
        0,
        0,
        0,
        0,
        0,
        0,
        0,
        0,
        0,
        0
      ]
    },
    {
      "command": "bun",
      "mean": 0.005953704600000001,
      "stddev": 0.00037939237441308695,
      "median": 0.005844967600000001,
      "user": 0.0036976,
      "system": 0.00561682,
      "min": 0.0055979276,
      "max": 0.0069955716,
      "times": [
        0.0055979276,
        0.005714795600000001,
        0.005977316600000001,
        0.0069955716,
        0.0059396516,
        0.0057243516,
        0.005750283600000001,
        0.0057449306,
        0.005959961600000001,
        0.006132255600000001
      ],
      "exit_codes": [
        0,
        0,
        0,
        0,
        0,
        0,
        0,
        0,
        0,
        0
      ]
    },
    {
      "command": "deno",
      "mean": 0.038582313,
      "stddev": 0.0009177477494161674,
      "median": 0.038518464599999996,
      "user": 0.0205866,
      "system": 0.021986719999999998,
      "min": 0.0372246456,
      "max": 0.0403747126,
      "times": [
        0.039132258600000004,
        0.0377596386,
        0.0376299016,
        0.039271799600000004,
        0.0386107936,
        0.0372246456,
        0.0403747126,
        0.0380061136,
        0.0393871306,
        0.0384261356
      ],
      "exit_codes": [
        0,
        0,
        0,
        0,
        0,
        0,
        0,
        0,
        0,
        0
      ]
    }
  ]
}