{
  "results": [
    {
      "command": "npm",
      "mean": 0.3253788455800001,
      "stddev": 0.0018931419244481486,
      "median": 0.32501038258000003,
      "user": 0.34034804,
      "system": 0.07565153999999999,
      "min": 0.32219548008000004,
      "max": 0.32857643008000004,
      "times": [
        0.32703673108000003,
        0.32511450008000004,
        0.32818544208,
        0.32475605108,
        0.32857643008000004,
        0.32381367008,
        0.32219548008000004,
        0.32408938608000004,
        0.32492620708000003,
        0.32509455808000004
      ],
      "exit_codes": [
        0,
        0,
        0,
        0,
        0,
        0,
        0,
        0,
        0,
        0
      ]
    },
    {
      "command": "yarn",
      "mean": 0.23548210458000002,
      "stddev": 0.00488583022432919,
      "median": 0.23432222108,
      "user": 0.20998524000000002,
      "system": 0.05123604,
      "min": 0.22960018908000002,
      "max": 0.24725838108,
      "times": [
        0.23190034208000002,
        0.23653090108000002,
        0.23874825608,
        0.23569439808,
        0.23295004408,
        0.22960018908000002,
        0.23128619008,
        0.24725838108,
        0.23832191508,
        0.23253042908000002
      ],
      "exit_codes": [
        0,
        0,
        0,
        0,
        0,
        0,
        0,
        0,
        0,
        0
      ]
    },
    {
      "command": "berry",
      "mean": 2.08104924988,
      "stddev": 0.04524129973971686,
      "median": 2.0805799135800003,
      "user": 3.48381204,
      "system": 0.93967554,
      "min": 2.0057159970800003,
      "max": 2.1731256240800003,
      "times": [
        2.0789523520800004,
        2.08220747508,
        2.08775370808,
        2.1731256240800003,
        2.02097918208,
        2.13076401208,
        2.0687685050800004,
        2.07704399308,
        2.0851816500800004,
        2.0057159970800003
      ],
      "exit_codes": [
        0,
        0,
        0,
        0,
        0,
        0,
        0,
        0,
        0,
        0
      ]
    },
    {
      "command": "pnpm",
      "mean": 0.63666747568,
      "stddev": 0.01947893642669199,
      "median": 0.63397998658,
      "user": 0.73887294,
      "system": 0.14460314,
      "min": 0.6066208430800001,
      "max": 0.66927676008,
      "times": [
        0.64118064608,
        0.64533981308,
        0.62402757408,
        0.63603748808,
        0.63192248508,
        0.66927676008,
        0.66891371308,
        0.6066208430800001,
        0.61617038308,
        0.62718505108
      ],
      "exit_codes": [
        0,
        0,
        0,
        0,
        0,
        0,
        0,
        0,
        0,
        0
      ]
    },
    {
      "command": "vlt",
      "mean": 0.24731057158,
      "stddev": 0.0035387941706373645,
      "median": 0.24662556758000004,
      "user": 0.22693603999999995,
      "system": 0.05255044,
      "min": 0.24240157408000002,
      "max": 0.25476565908,
      "times": [
        0.24598451008000002,
        0.24726662508000002,
        0.25074806608,
        0.24875356908000001,
        0.24568527308000002,
        0.24583841608,
        0.24261324508,
        0.24904877808,
        0.24240157408000002,
        0.25476565908
      ],
      "exit_codes": [
        0,
        0,
        0,
        0,
        0,
        0,
        0,
        0,
        0,
        0
      ]
    },
    {
      "command": "bun",
      "mean": 0.00616463878,
      "stddev": 0.00040622696330697936,
      "median": 0.006002221080000001,
      "user": 0.003668239999999999,
      "system": 0.00609964,
      "min": 0.005799056080000001,
      "max": 0.0069975550800000005,
      "times": [
        0.0069975550800000005,
        0.006088320080000001,
        0.005947121080000001,
        0.006034209080000001,
        0.006899923080000001,
        0.005970233080000001,
        0.0061701240800000005,
        0.005885276080000001,
        0.005799056080000001,
        0.0058545700800000005
      ],
      "exit_codes": [
        0,
        0,
        0,
        0,
        0,
        0,
        0,
        0,
        0,
        0
      ]
    },
    {
      "command": "deno",
      "mean": 0.039035107180000014,
      "stddev": 0.0010598335007382489,
      "median": 0.03870577708,
      "user": 0.022702839999999995,
      "system": 0.02066524,
      "min": 0.03745167608,
      "max": 0.04075871308000001,
      "times": [
        0.03801037308000001,
        0.03816487008,
        0.03745167608,
        0.040487284080000005,
        0.038826856080000006,
        0.03844141208000001,
        0.03968909408000001,
        0.03858469808000001,
        0.039936095080000004,
        0.04075871308000001
      ],
      "exit_codes": [
        0,
        0,
        0,
        0,
        0,
        0,
        0,
        0,
        0,
        0
      ]
    }
  ]
}