{
  "results": [
    {
      "command": "npm",
      "mean": 1.9198276122400002,
      "stddev": 0.15782173567873486,
      "median": 1.8688141858400003,
      "user": 1.95595452,
      "system": 0.6653180999999999,
      "min": 1.8572893088400002,
      "max": 2.39298247784,
      "times": [
        1.8677337448400002,
        2.39298247784,
        1.8687140978400003,
        1.8697073788400003,
        1.8583368418400001,
        1.87875266684,
        1.8692178858400001,
        1.8666274458400003,
        1.8689142738400002,
        1.8572893088400002
      ],
      "exit_codes": [
        0,
        0,
        0,
        0,
        0,
        0,
        0,
        0,
        0,
        0
      ]
    },
    {
      "command": "yarn",
      "mean": 2.73921454394,
      "stddev": 0.15832202721869157,
      "median": 2.71691430734,
      "user": 1.12762822,
      "system": 0.6346926999999999,
      "min": 2.42962982984,
      "max": 3.00105259184,
      "times": [
        2.63658870284,
        2.62928589284,
        2.66339767984,
        2.92812676184,
        3.00105259184,
        2.42962982984,
        2.75249868284,
        2.68132993184,
        2.8470018988400003,
        2.82323346684
      ],
      "exit_codes": [
        0,
        0,
        0,
        0,
        0,
        0,
        0,
        0,
        0,
        0
      ]
    },
    {
      "command": "berry",
      "mean": 1.71305522904,
      "stddev": 0.0583996078332758,
      "median": 1.71612613634,
      "user": 1.67227632,
      "system": 0.45705209999999996,
      "min": 1.61096189084,
      "max": 1.82839257984,
      "times": [
        1.7426947108400002,
        1.6784560818400003,
        1.6776208378400002,
        1.61096189084,
        1.7518880548400002,
        1.68967989184,
        1.74257238084,
        1.7486607738400002,
        1.6596250878400003,
        1.82839257984
      ],
      "exit_codes": [
        0,
        0,
        0,
        0,
        0,
        0,
        0,
        0,
        0,
        0
      ]
    },
    {
      "command": "pnpm",
      "mean": 3.38825003954,
      "stddev": 4.644554577792459,
      "median": 1.3339784353400002,
      "user": 1.65740852,
      "system": 0.40987219999999996,
      "min": 1.2737476928400002,
      "max": 16.44146206784,
      "times": [
        1.34283547284,
        1.3951915218400002,
        16.44146206784,
        1.2737476928400002,
        1.4020005338400001,
        1.30391420684,
        6.7808380578400005,
        1.32512139784,
        1.2927577978400002,
        1.3246316458400003
      ],
      "exit_codes": [
        0,
        0,
        0,
        0,
        0,
        0,
        0,
        0,
        0,
        0
      ]
    },
    {
      "command": "vlt",
      "mean": 1.0964108622400004,
      "stddev": 0.00575276185526584,
      "median": 1.09541537384,
      "user": 1.04471322,
      "system": 0.516071,
      "min": 1.08856556384,
      "max": 1.1072791988400001,
      "times": [
        1.1024785328400002,
        1.0904935318400002,
        1.08856556384,
        1.0905183518400001,
        1.09451274184,
        1.10164911284,
        1.1072791988400001,
        1.0963180058400002,
        1.09874774484,
        1.09354583784
      ],
      "exit_codes": [
        0,
        0,
        0,
        0,
        0,
        0,
        0,
        0,
        0,
        0
      ]
    },
    {
      "command": "bun",
      "mean": 0.07196973164,
      "stddev": 0.0003442990140490675,
      "median": 0.07199319234000001,
      "user": 0.030496719999999998,
      "system": 0.04993089999999999,
      "min": 0.07148661784000002,
      "max": 0.07266594784000001,
      "times": [
        0.07162897284000001,
        0.07175940184000001,
        0.07201985084000001,
        0.07163972184,
        0.07201975984000002,
        0.07213269184000001,
        0.07196662484,
        0.07237772684000002,
        0.07266594784000001,
        0.07148661784000002
      ],
      "exit_codes": [
        0,
        0,
        0,
        0,
        0,
        0,
        0,
        0,
        0,
        0
      ]
    },
    {
      "command": "deno",
      "mean": 0.21394543024000004,
      "stddev": 0.0017746608759339443,
      "median": 0.21353935684,
      "user": 0.21109622,
      "system": 0.1546825,
      "min": 0.21142088184000002,
      "max": 0.21691913584,
      "times": [
        0.21203604084,
        0.21314054384,
        0.21691913584,
        0.21142088184000002,
        0.21481657084,
        0.21283280884,
        0.21393816984,
        0.21448506184000002,
        0.21690072584,
        0.21296436284
      ],
      "exit_codes": [
        0,
        0,
        0,
        0,
        0,
        0,
        0,
        0,
        0,
        0
      ]
    }
  ]
}