{
  "results": [
    {
      "command": "npm",
      "mean": 2.0729163946000004,
      "stddev": 0.0150788748758151,
      "median": 2.0745836151,
      "user": 2.13957372,
      "system": 0.79574202,
      "min": 2.0446367936,
      "max": 2.0918391926,
      "times": [
        2.0763889776,
        2.0487880556,
        2.0918391926,
        2.0691354796000003,
        2.0872631386,
        2.0446367936,
        2.0727782526,
        2.0893483866,
        2.0781367906000003,
        2.0708488786
      ],
      "exit_codes": [
        0,
        0,
        0,
        0,
        0,
        0,
        0,
        0,
        0,
        0
      ]
    },
    {
      "command": "yarn",
      "mean": 2.15464403,
      "stddev": 0.06576395139063776,
      "median": 2.1817171375999997,
      "user": 1.13573712,
      "system": 0.64966362,
      "min": 1.9805136425999998,
      "max": 2.2118084136,
      "times": [
        1.9805136425999998,
        2.1753376506,
        2.2118084136,
        2.1591941646,
        2.1881396336,
        2.1880966246,
        2.1248579866000004,
        2.2117955326,
        2.1158450396000004,
        2.1908516116000003
      ],
      "exit_codes": [
        0,
        0,
        0,
        0,
        0,
        0,
        0,
        0,
        0,
        0
      ]
    },
    {
      "command": "berry",
      "mean": 1.5295759454,
      "stddev": 0.016151620065958695,
      "median": 1.5312998511,
      "user": 1.6797722199999998,
      "system": 0.4637304200000001,
      "min": 1.4896243576,
      "max": 1.5543919795999999,
      "times": [
        1.5368606366,
        1.5234894395999998,
        1.5431254086,
        1.4896243576,
        1.5234184326,
        1.5543919795999999,
        1.5300796215999999,
        1.5371017456,
        1.5325200806000001,
        1.5251477515999998
      ],
      "exit_codes": [
        0,
        0,
        0,
        0,
        0,
        0,
        0,
        0,
        0,
        0
      ]
    },
    {
      "command": "zpm",
      "mean": 1.4623342265,
      "stddev": 0.17491793799341807,
      "median": 1.4413616771,
      "user": 0.4454919200000001,
      "system": 0.46652312000000007,
      "min": 1.1754107586,
      "max": 1.8932519056,
      "times": [
        1.4301376886,
        1.3990098886,
        1.1754107586,
        1.4525856656,
        1.5610155336,
        1.8932519056,
        1.4661290536,
        1.3953591546,
        1.3363019466,
        1.5141406696
      ],
      "exit_codes": [
        0,
        0,
        0,
        0,
        0,
        0,
        0,
        0,
        0,
        0
      ]
    },
    {
      "command": "pnpm",
      "mean": 1.2623450588,
      "stddev": 0.010329836915593915,
      "median": 1.2601760421,
      "user": 1.6249733200000005,
      "system": 0.38849632,
      "min": 1.2479415945999999,
      "max": 1.2894245966,
      "times": [
        1.2894245966,
        1.2650710755999999,
        1.2479415945999999,
        1.2594871256,
        1.2566281136,
        1.2603404286,
        1.2674438986,
        1.2559279546,
        1.2611741446,
        1.2600116555999998
      ],
      "exit_codes": [
        0,
        0,
        0,
        0,
        0,
        0,
        0,
        0,
        0,
        0
      ]
    },
    {
      "command": "vlt",
      "mean": 0.5981418256000002,
      "stddev": 0.0034231749346961254,
      "median": 0.5991058136,
      "user": 0.62759052,
      "system": 0.34926182000000006,
      "min": 0.5924980746,
      "max": 0.6018237236,
      "times": [
        0.6013329576,
        0.6012007156000001,
        0.5985732746000001,
        0.5952540606000001,
        0.6016908326000001,
        0.6018237236,
        0.5996383526000001,
        0.5930870826000001,
        0.5963191816000001,
        0.5924980746
      ],
      "exit_codes": [
        0,
        0,
        0,
        0,
        0,
        0,
        0,
        0,
        0,
        0
      ]
    },
    {
      "command": "bun",
      "mean": 0.03671634180000001,
      "stddev": 0.0002493325340258665,
      "median": 0.036689069600000006,
      "user": 0.00649802,
      "system": 0.03553662,
      "min": 0.0362121056,
      "max": 0.037120377600000004,
      "times": [
        0.036921036600000005,
        0.036547619600000004,
        0.0366727716,
        0.036711457600000004,
        0.037120377600000004,
        0.0370411556,
        0.0362121056,
        0.036694237600000006,
        0.03655875460000001,
        0.036683901600000006
      ],
      "exit_codes": [
        0,
        0,
        0,
        0,
        0,
        0,
        0,
        0,
        0,
        0
      ]
    },
    {
      "command": "deno",
      "mean": 0.24188609340000006,
      "stddev": 0.0036228519939623524,
      "median": 0.2421377856,
      "user": 0.26400782000000006,
      "system": 0.16643751999999998,
      "min": 0.2363618816,
      "max": 0.2464946936,
      "times": [
        0.2363618816,
        0.2379447766,
        0.2418728986,
        0.2464946936,
        0.2464060136,
        0.2408100846,
        0.2369413386,
        0.2453224276,
        0.2443041466,
        0.2424026726
      ],
      "exit_codes": [
        0,
        0,
        0,
        0,
        0,
        0,
        0,
        0,
        0,
        0
      ]
    }
  ]
}