{
  "results": [
    {
      "command": "npm",
      "mean": 0.9686296842000001,
      "stddev": 0.007944950968526378,
      "median": 0.9683582310000001,
      "user": 1.09052894,
      "system": 0.19259075999999994,
      "min": 0.955914016,
      "max": 0.981506306,
      "times": [
        0.964391318,
        0.963250598,
        0.969787622,
        0.975701099,
        0.968286478,
        0.9796082380000001,
        0.955914016,
        0.959421183,
        0.981506306,
        0.968429984
      ],
      "exit_codes": [
        0,
        0,
        0,
        0,
        0,
        0,
        0,
        0,
        0,
        0
      ]
    },
    {
      "command": "yarn",
      "mean": 7.1222154171,
      "stddev": 0.16277337401241512,
      "median": 7.111918626,
      "user": 3.9083591399999995,
      "system": 1.4779761599999997,
      "min": 6.933193243,
      "max": 7.502858577,
      "times": [
        7.180956748,
        7.1934933359999995,
        6.9917190179999995,
        7.2146883939999995,
        7.009681582,
        7.042880503999999,
        7.502858577,
        6.933193243,
        6.960034201,
        7.192648568
      ],
      "exit_codes": [
        0,
        0,
        0,
        0,
        0,
        0,
        0,
        0,
        0,
        0
      ]
    },
    {
      "command": "berry",
      "mean": 2.2265839076,
      "stddev": 0.026303327759069538,
      "median": 2.2285800955,
      "user": 2.55102464,
      "system": 0.40492765999999997,
      "min": 2.171050118,
      "max": 2.2713526660000003,
      "times": [
        2.2219444860000004,
        2.24853805,
        2.243298298,
        2.218044094,
        2.22726461,
        2.237075174,
        2.171050118,
        2.197375999,
        2.2713526660000003,
        2.229895581
      ],
      "exit_codes": [
        0,
        0,
        0,
        0,
        0,
        0,
        0,
        0,
        0,
        0
      ]
    },
    {
      "command": "zpm",
      "mean": 2.3316082632999997,
      "stddev": 0.04610798994131415,
      "median": 2.3290456170000002,
      "user": 1.56364014,
      "system": 1.31180806,
      "min": 2.262100542,
      "max": 2.406555334,
      "times": [
        2.3094351730000002,
        2.3956251340000003,
        2.3601072640000003,
        2.406555334,
        2.353476849,
        2.262100542,
        2.2895818,
        2.3060746080000003,
        2.3486560610000002,
        2.284469868
      ],
      "exit_codes": [
        0,
        0,
        0,
        0,
        0,
        0,
        0,
        0,
        0,
        0
      ]
    },
    {
      "command": "pnpm",
      "mean": 1.3752201866000002,
      "stddev": 0.015908559089538116,
      "median": 1.375084239,
      "user": 1.7888324399999997,
      "system": 0.32730665999999997,
      "min": 1.341151154,
      "max": 1.404479028,
      "times": [
        1.381254257,
        1.373079379,
        1.375334992,
        1.379918253,
        1.3610749070000001,
        1.370685171,
        1.390391239,
        1.404479028,
        1.374833486,
        1.341151154
      ],
      "exit_codes": [
        0,
        0,
        0,
        0,
        0,
        0,
        0,
        0,
        0,
        0
      ]
    },
    {
      "command": "vlt",
      "mean": 0.36427592160000005,
      "stddev": 0.012322007895588745,
      "median": 0.3610994055000001,
      "user": 0.39027964000000004,
      "system": 0.07710275999999999,
      "min": 0.352138347,
      "max": 0.396087369,
      "times": [
        0.358979839,
        0.35878291100000004,
        0.35342399100000005,
        0.362468818,
        0.37669413900000004,
        0.352138347,
        0.36083748000000004,
        0.36198499100000003,
        0.36136133100000006,
        0.396087369
      ],
      "exit_codes": [
        0,
        0,
        0,
        0,
        0,
        0,
        0,
        0,
        0,
        0
      ]
    },
    {
      "command": "bun",
      "mean": 0.0418381093,
      "stddev": 0.002025731431838339,
      "median": 0.041308568500000004,
      "user": 0.008891739999999999,
      "system": 0.038321159999999986,
      "min": 0.040179041000000006,
      "max": 0.047670149,
      "times": [
        0.040946774000000005,
        0.040390174,
        0.041134357,
        0.040179041000000006,
        0.041526855,
        0.041452607,
        0.041164530000000005,
        0.042237881000000005,
        0.04167872500000001,
        0.047670149
      ],
      "exit_codes": [
        0,
        0,
        0,
        0,
        0,
        0,
        0,
        0,
        0,
        0
      ]
    },
    {
      "command": "deno",
      "mean": 0.8165421228000002,
      "stddev": 0.00912402136015974,
      "median": 0.817508526,
      "user": 0.9939714399999999,
      "system": 0.29637605999999994,
      "min": 0.799013618,
      "max": 0.828571667,
      "times": [
        0.815744154,
        0.809816504,
        0.806970329,
        0.811907814,
        0.823233999,
        0.819272898,
        0.823122695,
        0.799013618,
        0.828571667,
        0.82776755
      ],
      "exit_codes": [
        0,
        0,
        0,
        0,
        0,
        0,
        0,
        0,
        0,
        0
      ]
    }
  ]
}