{
  "results": [
    {
      "command": "npm",
      "mean": 3.30025862616,
      "stddev": 0.026932169699759617,
      "median": 3.29069291356,
      "user": 3.726851099999999,
      "system": 2.1288915800000003,
      "min": 3.27215042556,
      "max": 3.36359762456,
      "times": [
        3.36359762456,
        3.2902434045600004,
        3.31670599156,
        3.3253284245600003,
        3.3033805605600004,
        3.27215042556,
        3.28929340656,
        3.2758339275600004,
        3.29114242256,
        3.27491007356
      ],
      "exit_codes": [
        0,
        0,
        0,
        0,
        0,
        0,
        0,
        0,
        0,
        0
      ]
    },
    {
      "command": "yarn",
      "mean": 2.7972622531600004,
      "stddev": 0.04271720761524032,
      "median": 2.8121300180600004,
      "user": 2.9067884,
      "system": 3.06061708,
      "min": 2.72020481256,
      "max": 2.8441063305600003,
      "times": [
        2.8036666075600003,
        2.8342510735600004,
        2.84015481056,
        2.74461840956,
        2.7464763155600003,
        2.72020481256,
        2.8441063305600003,
        2.7907975205600004,
        2.82059342856,
        2.82775322256
      ],
      "exit_codes": [
        0,
        0,
        0,
        0,
        0,
        0,
        0,
        0,
        0,
        0
      ]
    },
    {
      "command": "berry",
      "mean": 3.04350484416,
      "stddev": 0.11688570899556772,
      "median": 2.9930869390600003,
      "user": 3.4613096,
      "system": 1.61206908,
      "min": 2.94746918556,
      "max": 3.3541395625600003,
      "times": [
        2.98871851656,
        2.96127209056,
        3.0862437595600003,
        2.97452665056,
        3.3541395625600003,
        3.03455815556,
        3.1239145775600003,
        2.94746918556,
        2.9667505815600004,
        2.99745536156
      ],
      "exit_codes": [
        0,
        0,
        0,
        0,
        0,
        0,
        0,
        0,
        0,
        0
      ]
    },
    {
      "command": "pnpm",
      "mean": 1.4416791844600003,
      "stddev": 0.10609523442476564,
      "median": 1.38737831606,
      "user": 1.8664030999999999,
      "system": 0.6960915799999998,
      "min": 1.3361372845600001,
      "max": 1.59704145956,
      "times": [
        1.42058971856,
        1.56192765656,
        1.35416691356,
        1.53033135256,
        1.59704145956,
        1.34808430756,
        1.3361372845600001,
        1.34709435156,
        1.57994195356,
        1.34147684656
      ],
      "exit_codes": [
        0,
        0,
        0,
        0,
        0,
        0,
        0,
        0,
        0,
        0
      ]
    },
    {
      "command": "vlt",
      "mean": 2.33907915626,
      "stddev": 0.023410368812852272,
      "median": 2.34384617956,
      "user": 2.6682388999999995,
      "system": 2.6357989799999997,
      "min": 2.3018028965600004,
      "max": 2.3877922115600003,
      "times": [
        2.34254495456,
        2.34193064956,
        2.34590518356,
        2.3452288885600003,
        2.32773716356,
        2.3026451485600004,
        2.3877922115600003,
        2.3500570615600003,
        2.34514740456,
        2.3018028965600004
      ],
      "exit_codes": [
        0,
        0,
        0,
        0,
        0,
        0,
        0,
        0,
        0,
        0
      ]
    },
    {
      "command": "bun",
      "mean": 0.29037301985999997,
      "stddev": 0.004363034542558341,
      "median": 0.28919202755999995,
      "user": 0.18407679999999998,
      "system": 0.2692727800000001,
      "min": 0.28509086256,
      "max": 0.29735579956,
      "times": [
        0.28598214956,
        0.29735579956,
        0.28509086256,
        0.28877296756,
        0.28595135656,
        0.28961108756,
        0.28694647456,
        0.29599803256,
        0.29304098156,
        0.29498048656
      ],
      "exit_codes": [
        0,
        0,
        0,
        0,
        0,
        0,
        0,
        0,
        0,
        0
      ]
    },
    {
      "command": "deno",
      "mean": 0.5286418121600001,
      "stddev": 0.01895709399635984,
      "median": 0.5278310070600001,
      "user": 0.4108214,
      "system": 0.5626831799999998,
      "min": 0.48718685056,
      "max": 0.55494194456,
      "times": [
        0.54446057456,
        0.52812108656,
        0.55494194456,
        0.53519652756,
        0.55098517356,
        0.52754092756,
        0.51046883556,
        0.52134578556,
        0.48718685056,
        0.52617041556
      ],
      "exit_codes": [
        0,
        0,
        0,
        0,
        0,
        0,
        0,
        0,
        0,
        0
      ]
    }
  ]
}