{
  "results": [
    {
      "command": "npm",
      "mean": 4.16687951866,
      "stddev": 3.309816614928957,
      "median": 3.04596446446,
      "user": 1.3994922200000002,
      "system": 0.24482033999999997,
      "min": 2.7235407224599997,
      "max": 14.07389557246,
      "times": [
        3.09253045446,
        3.23034124446,
        2.89663751446,
        3.47182441846,
        2.91979678646,
        3.37737183046,
        2.7235407224599997,
        2.99939847446,
        2.88345816846,
        14.07389557246
      ],
      "exit_codes": [
        0,
        0,
        0,
        0,
        0,
        0,
        0,
        0,
        0,
        0
      ]
    },
    {
      "command": "yarn",
      "mean": 16.170515567259997,
      "stddev": 0.2561823037989931,
      "median": 16.10799784746,
      "user": 20.803880319999998,
      "system": 9.34668524,
      "min": 15.76952564446,
      "max": 16.809119556459997,
      "times": [
        16.809119556459997,
        16.32203140746,
        16.109215898459997,
        16.013675896459997,
        16.10287986546,
        15.76952564446,
        16.022830344459997,
        16.21801153346,
        16.23108572946,
        16.10677979646
      ],
      "exit_codes": [
        0,
        0,
        0,
        0,
        0,
        0,
        0,
        0,
        0,
        0
      ]
    },
    {
      "command": "berry",
      "mean": 4.48455722546,
      "stddev": 0.026504803484610706,
      "median": 4.493009213960001,
      "user": 8.780527119999999,
      "system": 1.90921864,
      "min": 4.43605159246,
      "max": 4.51591509446,
      "times": [
        4.47539268846,
        4.43605159246,
        4.49183156846,
        4.50223649746,
        4.50959191846,
        4.49418685946,
        4.5113001634600005,
        4.453556750460001,
        4.45550912146,
        4.51591509446
      ],
      "exit_codes": [
        0,
        0,
        0,
        0,
        0,
        0,
        0,
        0,
        0,
        0
      ]
    },
    {
      "command": "zpm",
      "mean": 1.7942452099599997,
      "stddev": 0.06186259103239126,
      "median": 1.76791895696,
      "user": 2.2735650200000004,
      "system": 0.7611389399999998,
      "min": 1.72775328546,
      "max": 1.9209034054599998,
      "times": [
        1.76973032646,
        1.74946460446,
        1.76324409946,
        1.76610758746,
        1.8042084214599998,
        1.72775328546,
        1.9209034054599998,
        1.73137433646,
        1.88687574946,
        1.8227902834599998
      ],
      "exit_codes": [
        0,
        0,
        0,
        0,
        0,
        0,
        0,
        0,
        0,
        0
      ]
    },
    {
      "command": "pnpm",
      "mean": 2.37044930386,
      "stddev": 0.056022987251955654,
      "median": 2.3634740164599997,
      "user": 4.327661619999999,
      "system": 1.3718010399999998,
      "min": 2.29670024146,
      "max": 2.48404323446,
      "times": [
        2.38338790746,
        2.35724293346,
        2.29670024146,
        2.31774373246,
        2.36970509946,
        2.34686529446,
        2.37006270846,
        2.48404323446,
        2.4551379074599997,
        2.32360397946
      ],
      "exit_codes": [
        0,
        0,
        0,
        0,
        0,
        0,
        0,
        0,
        0,
        0
      ]
    },
    {
      "command": "vlt",
      "mean": 0.3690577890600001,
      "stddev": 0.004602117738275486,
      "median": 0.36920624146000003,
      "user": 0.4021125199999999,
      "system": 0.08095404,
      "min": 0.36238744946,
      "max": 0.37755281446000005,
      "times": [
        0.36847171646000004,
        0.37119945646,
        0.37329471046,
        0.37755281446000005,
        0.36476502746000006,
        0.36238744946,
        0.36994076646,
        0.36756756446000005,
        0.36284458246,
        0.37255380246
      ],
      "exit_codes": [
        0,
        0,
        0,
        0,
        0,
        0,
        0,
        0,
        0,
        0
      ]
    },
    {
      "command": "bun",
      "mean": 1.0750993522599996,
      "stddev": 0.019519858962851015,
      "median": 1.0672721959599998,
      "user": 2.10271362,
      "system": 1.4331944399999998,
      "min": 1.0527523904599998,
      "max": 1.10857574746,
      "times": [
        1.0885030864599998,
        1.0527523904599998,
        1.0638401574599998,
        1.07070423446,
        1.05571572646,
        1.10857574746,
        1.0634214634599999,
        1.10798623146,
        1.08007951146,
        1.0594149734599998
      ],
      "exit_codes": [
        0,
        0,
        0,
        0,
        0,
        0,
        0,
        0,
        0,
        0
      ]
    },
    {
      "command": "deno",
      "mean": 8.262537105160002,
      "stddev": 1.14120198678299,
      "median": 8.00753489246,
      "user": 3.29789142,
      "system": 0.87752044,
      "min": 7.45241838846,
      "max": 11.59180499246,
      "times": [
        7.89701944846,
        7.97947925346,
        7.49674697846,
        8.15247495146,
        11.59180499246,
        8.14101516546,
        7.45241838846,
        7.6265721094600005,
        8.25224923246,
        8.03559053146
      ],
      "exit_codes": [
        0,
        0,
        0,
        0,
        0,
        0,
        0,
        0,
        0,
        0
      ]
    }
  ]
}