{
  "results": [
    {
      "command": "npm",
      "mean": 0.3494999119800001,
      "stddev": 0.004903681826528109,
      "median": 0.34902186258,
      "user": 0.38740454,
      "system": 0.07781368000000001,
      "min": 0.33994146858,
      "max": 0.35799603258,
      "times": [
        0.34990627058,
        0.34786394758000005,
        0.34650451258000003,
        0.33994146858,
        0.34813745458000006,
        0.35048385758000006,
        0.35086176258,
        0.35799603258,
        0.35670946958000005,
        0.34659434358
      ],
      "exit_codes": [
        0,
        0,
        0,
        0,
        0,
        0,
        0,
        0,
        0,
        0
      ]
    },
    {
      "command": "yarn",
      "mean": 2.95816358408,
      "stddev": 0.34427114120172864,
      "median": 2.90028899708,
      "user": 1.01437694,
      "system": 0.34256168,
      "min": 2.40151059358,
      "max": 3.73304710758,
      "times": [
        2.68746969758,
        3.23144996758,
        2.86732252458,
        3.73304710758,
        2.93325546958,
        2.40151059358,
        3.03596465758,
        3.15643850658,
        2.76116747458,
        2.77400984158
      ],
      "exit_codes": [
        0,
        0,
        0,
        0,
        0,
        0,
        0,
        0,
        0,
        0
      ]
    },
    {
      "command": "berry",
      "mean": 1.43254021168,
      "stddev": 0.17659065391040865,
      "median": 1.39968862108,
      "user": 1.11241164,
      "system": 0.18696688,
      "min": 1.2296002715799998,
      "max": 1.7293822045799998,
      "times": [
        1.25380017358,
        1.26982821058,
        1.72867641358,
        1.2296002715799998,
        1.4049318685799999,
        1.2894956785799998,
        1.53409102458,
        1.4911508975799999,
        1.7293822045799998,
        1.39444537358
      ],
      "exit_codes": [
        0,
        0,
        0,
        0,
        0,
        0,
        0,
        0,
        0,
        0
      ]
    },
    {
      "command": "pnpm",
      "mean": 0.7297533001800001,
      "stddev": 0.028584520081099154,
      "median": 0.7351768110800001,
      "user": 0.9217912399999999,
      "system": 0.14870867999999998,
      "min": 0.66746937258,
      "max": 0.7669065285800001,
      "times": [
        0.69052119058,
        0.7538166445800001,
        0.7448766255800001,
        0.7508815255800001,
        0.72215569158,
        0.7669065285800001,
        0.66746937258,
        0.7357189445800001,
        0.73055180058,
        0.7346346775800001
      ],
      "exit_codes": [
        0,
        0,
        0,
        0,
        0,
        0,
        0,
        0,
        0,
        0
      ]
    },
    {
      "command": "vlt",
      "mean": 0.22991237928000002,
      "stddev": 0.002577479812226009,
      "median": 0.22947485408,
      "user": 0.20973363999999997,
      "system": 0.04908417999999999,
      "min": 0.22521556658,
      "max": 0.23510392958,
      "times": [
        0.22521556658,
        0.22893780858,
        0.23017296558,
        0.22801962358,
        0.22929007058,
        0.23510392958,
        0.22965963758,
        0.23160874358,
        0.22847687958000001,
        0.23263856758
      ],
      "exit_codes": [
        0,
        0,
        0,
        0,
        0,
        0,
        0,
        0,
        0,
        0
      ]
    },
    {
      "command": "bun",
      "mean": 0.01022736468,
      "stddev": 0.00023657524062608488,
      "median": 0.01018918408,
      "user": 0.00637494,
      "system": 0.00970018,
      "min": 0.00990283058,
      "max": 0.01074810458,
      "times": [
        0.01004320558,
        0.010248073580000001,
        0.010286184580000001,
        0.010220952580000001,
        0.01074810458,
        0.01015741558,
        0.01012166658,
        0.010022423580000002,
        0.01052278958,
        0.00990283058
      ],
      "exit_codes": [
        0,
        0,
        0,
        0,
        0,
        0,
        0,
        0,
        0,
        0
      ]
    },
    {
      "command": "deno",
      "mean": 0.15059433798000002,
      "stddev": 0.002701684193887852,
      "median": 0.15125621808,
      "user": 0.17815524,
      "system": 0.09240238000000002,
      "min": 0.14599544658,
      "max": 0.15425539958,
      "times": [
        0.15315324857999998,
        0.15107200958,
        0.15266675758,
        0.15425539958,
        0.14882929958,
        0.15311436358,
        0.14719561958,
        0.15144042658,
        0.14822080858,
        0.14599544658
      ],
      "exit_codes": [
        0,
        0,
        0,
        0,
        0,
        0,
        0,
        0,
        0,
        0
      ]
    }
  ]
}