{
  "results": [
    {
      "command": "npm",
      "mean": 0.60686520018,
      "stddev": 0.006711511097526034,
      "median": 0.60576653598,
      "user": 0.6547070199999999,
      "system": 0.14705120000000002,
      "min": 0.59876643298,
      "max": 0.61665715198,
      "times": [
        0.60216436898,
        0.61040215898,
        0.6149521249800001,
        0.59877618798,
        0.61531542898,
        0.59876643298,
        0.61665715198,
        0.60713447398,
        0.6000850749800001,
        0.6043985979800001
      ],
      "exit_codes": [
        0,
        0,
        0,
        0,
        0,
        0,
        0,
        0,
        0,
        0
      ]
    },
    {
      "command": "yarn",
      "mean": 2.00110306558,
      "stddev": 0.43180229181249,
      "median": 1.85749982148,
      "user": 1.0712433199999996,
      "system": 0.3370451,
      "min": 1.75502661298,
      "max": 3.28466974698,
      "times": [
        1.80810957498,
        1.9367412879800001,
        1.8428937059800001,
        1.9625043479800002,
        1.84182104198,
        1.8149233229800001,
        1.89223507698,
        1.87210593698,
        1.75502661298,
        3.28466974698
      ],
      "exit_codes": [
        0,
        0,
        0,
        0,
        0,
        0,
        0,
        0,
        0,
        0
      ]
    },
    {
      "command": "berry",
      "mean": 1.1122641428800002,
      "stddev": 0.023385508557064352,
      "median": 1.1090230059800001,
      "user": 1.17588822,
      "system": 0.20242,
      "min": 1.07337771098,
      "max": 1.15216252198,
      "times": [
        1.07337771098,
        1.12002004798,
        1.15216252198,
        1.14978000698,
        1.11564781898,
        1.11226224598,
        1.10196095598,
        1.10574738498,
        1.08589896898,
        1.10578376598
      ],
      "exit_codes": [
        0,
        0,
        0,
        0,
        0,
        0,
        0,
        0,
        0,
        0
      ]
    },
    {
      "command": "zpm",
      "mean": 1.19050339598,
      "stddev": 0.09337324920033553,
      "median": 1.1685541229799998,
      "user": 0.43060972,
      "system": 0.1350868,
      "min": 1.06843516998,
      "max": 1.3603713829800002,
      "times": [
        1.21180109998,
        1.13194132598,
        1.10635481798,
        1.11627950998,
        1.3603713829800002,
        1.06843516998,
        1.3402975669800001,
        1.13859034798,
        1.23244483998,
        1.19851789798
      ],
      "exit_codes": [
        0,
        0,
        0,
        0,
        0,
        0,
        0,
        0,
        0,
        0
      ]
    },
    {
      "command": "pnpm",
      "mean": 0.7560499826800002,
      "stddev": 0.008308970683008903,
      "median": 0.7532231529800001,
      "user": 1.0261471199999999,
      "system": 0.1814194,
      "min": 0.7425236859800001,
      "max": 0.77409571298,
      "times": [
        0.7425236859800001,
        0.75146357098,
        0.77409571298,
        0.75112949598,
        0.7514899889800001,
        0.75084703998,
        0.76015927498,
        0.76284889598,
        0.76098584398,
        0.7549563169800001
      ],
      "exit_codes": [
        0,
        0,
        0,
        0,
        0,
        0,
        0,
        0,
        0,
        0
      ]
    },
    {
      "command": "vlt",
      "mean": 0.28433528737999997,
      "stddev": 0.0022976457080967094,
      "median": 0.28406604898,
      "user": 0.28448102,
      "system": 0.056826999999999996,
      "min": 0.27968156298,
      "max": 0.28874604398000003,
      "times": [
        0.28293900098,
        0.28340724698,
        0.28495198298,
        0.28369203098,
        0.28444006698,
        0.28592713298,
        0.28638505898,
        0.28874604398000003,
        0.28318274598000004,
        0.27968156298
      ],
      "exit_codes": [
        0,
        0,
        0,
        0,
        0,
        0,
        0,
        0,
        0,
        0
      ]
    },
    {
      "command": "bun",
      "mean": 0.011475050480000002,
      "stddev": 0.00024414227662748213,
      "median": 0.011463377980000002,
      "user": 0.006142519999999999,
      "system": 0.0111489,
      "min": 0.01104173598,
      "max": 0.01193986298,
      "times": [
        0.011384003980000001,
        0.011624572980000001,
        0.01193986298,
        0.011279078980000001,
        0.011546977980000001,
        0.01104173598,
        0.011435259980000001,
        0.011264471980000001,
        0.01149149598,
        0.011743043980000001
      ],
      "exit_codes": [
        0,
        0,
        0,
        0,
        0,
        0,
        0,
        0,
        0,
        0
      ]
    },
    {
      "command": "deno",
      "mean": 0.18762624307999998,
      "stddev": 0.00406117780827152,
      "median": 0.18825299598,
      "user": 0.25186741999999995,
      "system": 0.09610519999999999,
      "min": 0.18128006598000002,
      "max": 0.19394263498,
      "times": [
        0.18171148898,
        0.18442403098000001,
        0.18976619398,
        0.18562281198,
        0.19394263498,
        0.18807944998,
        0.18128006598000002,
        0.19150307798000002,
        0.19150613398,
        0.18842654198
      ],
      "exit_codes": [
        0,
        0,
        0,
        0,
        0,
        0,
        0,
        0,
        0,
        0
      ]
    }
  ]
}