{
  "results": [
    {
      "command": "npm",
      "mean": 0.3479530135,
      "stddev": 0.004823672795451939,
      "median": 0.34653447020000006,
      "user": 0.38461540000000005,
      "system": 0.07776817999999999,
      "min": 0.34253297320000003,
      "max": 0.35660540520000006,
      "times": [
        0.35447260420000004,
        0.3425886482,
        0.3431417962,
        0.35660540520000006,
        0.34649449720000003,
        0.35241296720000004,
        0.34253297320000003,
        0.34951790920000003,
        0.3465744432,
        0.3451888912
      ],
      "exit_codes": [
        0,
        0,
        0,
        0,
        0,
        0,
        0,
        0,
        0,
        0
      ]
    },
    {
      "command": "yarn",
      "mean": 1.9029068283999997,
      "stddev": 0.09119110844987273,
      "median": 1.8555192892,
      "user": 0.9791498000000001,
      "system": 0.33223887999999996,
      "min": 1.8165434502,
      "max": 2.1151600462,
      "times": [
        1.8237621791999998,
        1.8222206032,
        2.1151600462,
        1.9536782421999999,
        1.8561942582,
        1.8165434502,
        1.9535600372,
        1.8538388872,
        1.8548443202,
        1.9792662602
      ],
      "exit_codes": [
        0,
        0,
        0,
        0,
        0,
        0,
        0,
        0,
        0,
        0
      ]
    },
    {
      "command": "berry",
      "mean": 1.1541734951999998,
      "stddev": 0.07298602555357518,
      "median": 1.1362868921999998,
      "user": 1.1057457,
      "system": 0.18554797999999997,
      "min": 1.0997343242,
      "max": 1.3646808441999998,
      "times": [
        1.0997343242,
        1.3646808441999998,
        1.1146833561999998,
        1.1641115622,
        1.1442316682,
        1.1524477002,
        1.1282529661999998,
        1.1010187461999998,
        1.1293798272,
        1.1431939571999998
      ],
      "exit_codes": [
        0,
        0,
        0,
        0,
        0,
        0,
        0,
        0,
        0,
        0
      ]
    },
    {
      "command": "pnpm",
      "mean": 0.6946342298,
      "stddev": 0.012202930195704453,
      "median": 0.6937217112,
      "user": 0.9372291,
      "system": 0.16179348,
      "min": 0.6772435752,
      "max": 0.7156983792,
      "times": [
        0.7055572992000001,
        0.6772435752,
        0.6943089292000001,
        0.6829653322000001,
        0.7089406842,
        0.6803612042,
        0.7002351122,
        0.6931344932000001,
        0.6878972892,
        0.7156983792
      ],
      "exit_codes": [
        0,
        0,
        0,
        0,
        0,
        0,
        0,
        0,
        0,
        0
      ]
    },
    {
      "command": "vlt",
      "mean": 0.25992717640000007,
      "stddev": 0.002312937953131288,
      "median": 0.2604317802,
      "user": 0.24774639999999998,
      "system": 0.057569179999999984,
      "min": 0.2553194542,
      "max": 0.2634920652,
      "times": [
        0.2587830492,
        0.25793963420000005,
        0.2634920652,
        0.26182528120000004,
        0.2607322462,
        0.2553194542,
        0.2620048662,
        0.25788484520000005,
        0.26115900820000004,
        0.2601313142
      ],
      "exit_codes": [
        0,
        0,
        0,
        0,
        0,
        0,
        0,
        0,
        0,
        0
      ]
    },
    {
      "command": "bun",
      "mean": 0.0102230162,
      "stddev": 0.0003356886650263902,
      "median": 0.0101247917,
      "user": 0.005516399999999999,
      "system": 0.01056528,
      "min": 0.0098470502,
      "max": 0.0109695982,
      "times": [
        0.009891512199999999,
        0.0109695982,
        0.0101741852,
        0.0106031212,
        0.0103502062,
        0.0103505352,
        0.0098470502,
        0.0100239822,
        0.0099445732,
        0.0100753982
      ],
      "exit_codes": [
        0,
        0,
        0,
        0,
        0,
        0,
        0,
        0,
        0,
        0
      ]
    },
    {
      "command": "deno",
      "mean": 0.1552718216,
      "stddev": 0.002444619817374193,
      "median": 0.15534376120000004,
      "user": 0.18309679999999998,
      "system": 0.08905778,
      "min": 0.15159971020000002,
      "max": 0.1597997422,
      "times": [
        0.15486345220000003,
        0.15365939120000002,
        0.1560750522,
        0.15582407020000003,
        0.15681394920000002,
        0.15297985220000002,
        0.1597997422,
        0.1582226982,
        0.15288029820000001,
        0.15159971020000002
      ],
      "exit_codes": [
        0,
        0,
        0,
        0,
        0,
        0,
        0,
        0,
        0,
        0
      ]
    }
  ]
}