{
  "results": [
    {
      "command": "npm",
      "mean": 0.34773842466000005,
      "stddev": 0.008197188567272704,
      "median": 0.34582865266,
      "user": 0.38027567999999995,
      "system": 0.0781043,
      "min": 0.33913019716000004,
      "max": 0.37086002516,
      "times": [
        0.34539135616,
        0.34647936716,
        0.34809944416,
        0.37086002516,
        0.34497126116000004,
        0.34984481516000004,
        0.33913019716000004,
        0.34326627416,
        0.34307555716000004,
        0.34626594916000003
      ],
      "exit_codes": [
        0,
        0,
        0,
        0,
        0,
        0,
        0,
        0,
        0,
        0
      ]
    },
    {
      "command": "yarn",
      "mean": 2.25931635376,
      "stddev": 0.1488021872412356,
      "median": 2.2039968546599997,
      "user": 0.9841150800000001,
      "system": 0.3275896,
      "min": 2.05016449216,
      "max": 2.52854705116,
      "times": [
        2.51454262516,
        2.30915986616,
        2.20006859616,
        2.15774643416,
        2.29379611416,
        2.20507742316,
        2.05016449216,
        2.13114464916,
        2.20291628616,
        2.52854705116
      ],
      "exit_codes": [
        0,
        0,
        0,
        0,
        0,
        0,
        0,
        0,
        0,
        0
      ]
    },
    {
      "command": "berry",
      "mean": 1.23361757586,
      "stddev": 0.02663749864557895,
      "median": 1.2316348546600002,
      "user": 1.1485179799999998,
      "system": 0.1972628,
      "min": 1.20211326316,
      "max": 1.2964928661600001,
      "times": [
        1.23261927016,
        1.2306504391600002,
        1.20211326316,
        1.24295977116,
        1.2533788921600002,
        1.20470085216,
        1.21396115316,
        1.2439344361600002,
        1.21536481516,
        1.2964928661600001
      ],
      "exit_codes": [
        0,
        0,
        0,
        0,
        0,
        0,
        0,
        0,
        0,
        0
      ]
    },
    {
      "command": "pnpm",
      "mean": 0.7126000000600001,
      "stddev": 0.014151212333962463,
      "median": 0.71051167166,
      "user": 0.9304323800000001,
      "system": 0.15534030000000004,
      "min": 0.69355754816,
      "max": 0.74333866416,
      "times": [
        0.7150806391600001,
        0.71018240716,
        0.73004893916,
        0.70854461016,
        0.69355754816,
        0.71084093616,
        0.70207965116,
        0.69706540516,
        0.74333866416,
        0.71526120016
      ],
      "exit_codes": [
        0,
        0,
        0,
        0,
        0,
        0,
        0,
        0,
        0,
        0
      ]
    },
    {
      "command": "vlt",
      "mean": 0.23294699816,
      "stddev": 0.001007561203691566,
      "median": 0.23304825766,
      "user": 0.21236078000000003,
      "system": 0.04922,
      "min": 0.23112916116,
      "max": 0.23498030916,
      "times": [
        0.23351353916,
        0.23325205216,
        0.23370792016000003,
        0.23245432416,
        0.23112916116,
        0.23284446316000001,
        0.23211907816000002,
        0.23498030916,
        0.23332233216,
        0.23214680216000003
      ],
      "exit_codes": [
        0,
        0,
        0,
        0,
        0,
        0,
        0,
        0,
        0,
        0
      ]
    },
    {
      "command": "bun",
      "mean": 0.010554213060000001,
      "stddev": 0.00022401431760735792,
      "median": 0.010563390660000001,
      "user": 0.0057304800000000005,
      "system": 0.010267499999999999,
      "min": 0.01017444016,
      "max": 0.01089022916,
      "times": [
        0.010683895160000002,
        0.010557543160000002,
        0.01089022916,
        0.010800945160000002,
        0.010753857160000001,
        0.01047471116,
        0.010569238160000001,
        0.010249400160000002,
        0.01017444016,
        0.01038787116
      ],
      "exit_codes": [
        0,
        0,
        0,
        0,
        0,
        0,
        0,
        0,
        0,
        0
      ]
    },
    {
      "command": "deno",
      "mean": 0.17624459026,
      "stddev": 0.00289901100274288,
      "median": 0.17693898116,
      "user": 0.23152578,
      "system": 0.095709,
      "min": 0.17195320116,
      "max": 0.18085494616,
      "times": [
        0.18085494616,
        0.17834570016,
        0.17736986616,
        0.17264270716000002,
        0.17434517616,
        0.17946412216000002,
        0.17777322316000002,
        0.17318886416,
        0.17195320116,
        0.17650809616000002
      ],
      "exit_codes": [
        0,
        0,
        0,
        0,
        0,
        0,
        0,
        0,
        0,
        0
      ]
    }
  ]
}