{
  "results": [
    {
      "command": "npm",
      "mean": 0.8540136227800001,
      "stddev": 0.007794210464356665,
      "median": 0.8551280853800001,
      "user": 0.94756772,
      "system": 0.18451784,
      "min": 0.8398392973800001,
      "max": 0.8668354983800001,
      "times": [
        0.8668354983800001,
        0.8479181883800001,
        0.86091961338,
        0.8398392973800001,
        0.8577395343800001,
        0.84891384938,
        0.8531046883800001,
        0.86116205938,
        0.84655201638,
        0.85715148238
      ],
      "exit_codes": [
        0,
        0,
        0,
        0,
        0,
        0,
        0,
        0,
        0,
        0
      ]
    },
    {
      "command": "yarn",
      "mean": 3.5514225709800007,
      "stddev": 0.24637168664162748,
      "median": 3.50334017138,
      "user": 2.0735702199999997,
      "system": 0.8705359400000001,
      "min": 3.3020642833800005,
      "max": 4.18094268838,
      "times": [
        3.52883247338,
        3.65188830238,
        3.47784786938,
        3.3985927533800004,
        3.33103702038,
        4.18094268838,
        3.3540440403800003,
        3.3020642833800005,
        3.5981707283800004,
        3.6908055503800004
      ],
      "exit_codes": [
        0,
        0,
        0,
        0,
        0,
        0,
        0,
        0,
        0,
        0
      ]
    },
    {
      "command": "berry",
      "mean": 1.6881947914800002,
      "stddev": 0.14121374336398604,
      "median": 1.66557520088,
      "user": 1.5527016200000001,
      "system": 0.25306523999999997,
      "min": 1.5257486903800002,
      "max": 2.03368352338,
      "times": [
        1.6670017263799999,
        1.66414867538,
        2.03368352338,
        1.5257486903800002,
        1.65564182738,
        1.6722207423800002,
        1.58291881638,
        1.6686545193800002,
        1.56592292838,
        1.8460064653800001
      ],
      "exit_codes": [
        0,
        0,
        0,
        0,
        0,
        0,
        0,
        0,
        0,
        0
      ]
    },
    {
      "command": "pnpm",
      "mean": 1.08285891618,
      "stddev": 0.028029948449404412,
      "median": 1.08113749088,
      "user": 1.4524887199999998,
      "system": 0.26293594,
      "min": 1.03604462438,
      "max": 1.1271082643800001,
      "times": [
        1.05293584038,
        1.06584575738,
        1.11856256038,
        1.10961460038,
        1.07657205838,
        1.1271082643800001,
        1.08570292338,
        1.06328811238,
        1.09291442038,
        1.03604462438
      ],
      "exit_codes": [
        0,
        0,
        0,
        0,
        0,
        0,
        0,
        0,
        0,
        0
      ]
    },
    {
      "command": "vlt",
      "mean": 0.32612037418,
      "stddev": 0.004165768913053796,
      "median": 0.32639442838,
      "user": 0.34677442,
      "system": 0.06724484,
      "min": 0.31778335038,
      "max": 0.33231325538,
      "times": [
        0.32675090938,
        0.32570817138,
        0.32603794738,
        0.33231325538,
        0.32901274138000003,
        0.32952699838,
        0.32975071238000003,
        0.32162029238,
        0.32269936338,
        0.31778335038
      ],
      "exit_codes": [
        0,
        0,
        0,
        0,
        0,
        0,
        0,
        0,
        0,
        0
      ]
    },
    {
      "command": "bun",
      "mean": 0.01958347948,
      "stddev": 0.000760588880241284,
      "median": 0.019408606880000002,
      "user": 0.00833942,
      "system": 0.017132639999999998,
      "min": 0.01904611038,
      "max": 0.021793767380000002,
      "times": [
        0.021793767380000002,
        0.01904611038,
        0.019328428380000002,
        0.019488785380000002,
        0.019103573380000002,
        0.01915689338,
        0.01951316338,
        0.01950831938,
        0.01925148038,
        0.01964427338
      ],
      "exit_codes": [
        0,
        0,
        0,
        0,
        0,
        0,
        0,
        0,
        0,
        0
      ]
    },
    {
      "command": "deno",
      "mean": 0.36699227948,
      "stddev": 0.004216244122957652,
      "median": 0.36581776938,
      "user": 0.47575012,
      "system": 0.16543114,
      "min": 0.36133542938,
      "max": 0.37549463838,
      "times": [
        0.36444029538,
        0.36452213038000003,
        0.36995007838000005,
        0.36846973938,
        0.36286955038,
        0.36390138738,
        0.36711340838,
        0.37549463838,
        0.37182613738000003,
        0.36133542938
      ],
      "exit_codes": [
        0,
        0,
        0,
        0,
        0,
        0,
        0,
        0,
        0,
        0
      ]
    }
  ]
}