{
  "results": [
    {
      "command": "npm",
      "mean": 4.53498934792,
      "stddev": 0.24707315571840469,
      "median": 4.59680026522,
      "user": 1.5100343599999997,
      "system": 0.30284365999999996,
      "min": 4.14363075372,
      "max": 4.9194052487199995,
      "times": [
        4.29327400772,
        4.44945585472,
        4.14363075372,
        4.73924865772,
        4.17830173272,
        4.57135535472,
        4.62224517572,
        4.71502803272,
        4.71794866072,
        4.9194052487199995
      ],
      "exit_codes": [
        0,
        0,
        0,
        0,
        0,
        0,
        0,
        0,
        0,
        0
      ]
    },
    {
      "command": "yarn",
      "mean": 25.190651969120005,
      "stddev": 0.30752487415428637,
      "median": 25.187449751720003,
      "user": 31.38521376,
      "system": 15.919442960000001,
      "min": 24.60401046172,
      "max": 25.71554281572,
      "times": [
        25.462240564720002,
        25.06369798272,
        25.28329636172,
        25.71554281572,
        25.09797708772,
        24.93934257372,
        24.96245741672,
        24.60401046172,
        25.50103201072,
        25.27692241572
      ],
      "exit_codes": [
        0,
        0,
        0,
        0,
        0,
        0,
        0,
        0,
        0,
        0
      ]
    },
    {
      "command": "berry",
      "mean": 5.95060319492,
      "stddev": 0.11404188693769346,
      "median": 5.987582482220001,
      "user": 11.23262896,
      "system": 3.2357364599999996,
      "min": 5.77524929972,
      "max": 6.09471826272,
      "times": [
        5.97668326272,
        6.06066118672,
        6.0677939067199995,
        6.09471826272,
        5.83167812272,
        6.03179104072,
        5.86625330872,
        5.80272185672,
        5.77524929972,
        5.99848170172
      ],
      "exit_codes": [
        0,
        0,
        0,
        0,
        0,
        0,
        0,
        0,
        0,
        0
      ]
    },
    {
      "command": "pnpm",
      "mean": 4.7569855726200005,
      "stddev": 0.38270196158479847,
      "median": 4.57462877572,
      "user": 6.7086412599999985,
      "system": 2.36938156,
      "min": 4.41297854472,
      "max": 5.56569497472,
      "times": [
        4.41640100372,
        5.56569497472,
        4.80147193872,
        5.32799052872,
        4.92856690872,
        4.52086609972,
        4.41297854472,
        4.58488449472,
        4.44662817572,
        4.56437305672
      ],
      "exit_codes": [
        0,
        0,
        0,
        0,
        0,
        0,
        0,
        0,
        0,
        0
      ]
    },
    {
      "command": "vlt",
      "mean": 0.35516377812,
      "stddev": 0.006113055328100707,
      "median": 0.35419040622,
      "user": 0.39036076,
      "system": 0.07686556,
      "min": 0.34706163972,
      "max": 0.36576026072,
      "times": [
        0.35209779472,
        0.34916826172,
        0.36576026072,
        0.35611057072,
        0.35249868872,
        0.34706163972,
        0.35588212372,
        0.34990124172000003,
        0.35758431672,
        0.36557288272
      ],
      "exit_codes": [
        0,
        0,
        0,
        0,
        0,
        0,
        0,
        0,
        0,
        0
      ]
    },
    {
      "command": "bun",
      "mean": 2.7207359784199996,
      "stddev": 0.19555922773881637,
      "median": 2.70219759322,
      "user": 3.24187846,
      "system": 2.90759556,
      "min": 2.48348635372,
      "max": 3.19647477972,
      "times": [
        2.87121148972,
        2.72726284572,
        2.52039867372,
        2.77109459472,
        2.48348635372,
        3.19647477972,
        2.70044847772,
        2.69412770172,
        2.53890815872,
        2.70394670872
      ],
      "exit_codes": [
        0,
        0,
        0,
        0,
        0,
        0,
        0,
        0,
        0,
        0
      ]
    },
    {
      "command": "deno",
      "mean": 9.35015306692,
      "stddev": 0.37951066767589736,
      "median": 9.37457901422,
      "user": 3.661101959999999,
      "system": 0.8260511600000001,
      "min": 8.52535671272,
      "max": 9.91316595772,
      "times": [
        9.91316595772,
        9.14873912672,
        9.139894341720002,
        8.52535671272,
        9.39795882672,
        9.780159258720001,
        9.35119920172,
        9.116482084720001,
        9.45308167972,
        9.67549347872
      ],
      "exit_codes": [
        0,
        0,
        0,
        0,
        0,
        0,
        0,
        0,
        0,
        0
      ]
    }
  ]
}