{
  "results": [
    {
      "command": "npm",
      "mean": 3.4633709750199997,
      "stddev": 1.0661336698871555,
      "median": 3.20788650892,
      "user": 0.81658356,
      "system": 0.17004434,
      "min": 2.65691847142,
      "max": 6.53943864842,
      "times": [
        6.53943864842,
        2.97925453242,
        3.2264368014200002,
        2.7349085944200002,
        3.54714672542,
        2.65691847142,
        2.87217181842,
        3.18933621642,
        3.43156841642,
        3.45652952542
      ],
      "exit_codes": [
        0,
        0,
        0,
        0,
        0,
        0,
        0,
        0,
        0,
        0
      ]
    },
    {
      "command": "yarn",
      "mean": 6.61609328292,
      "stddev": 0.21303983865977652,
      "median": 6.57298610092,
      "user": 8.067232960000002,
      "system": 3.06185884,
      "min": 6.30685839442,
      "max": 7.16149182242,
      "times": [
        6.59842464042,
        6.30685839442,
        6.52479760442,
        6.54242211042,
        6.71180328142,
        6.44627462342,
        6.65675876442,
        7.16149182242,
        6.66455402642,
        6.54754756142
      ],
      "exit_codes": [
        0,
        0,
        0,
        0,
        0,
        0,
        0,
        0,
        0,
        0
      ]
    },
    {
      "command": "berry",
      "mean": 2.61354671442,
      "stddev": 0.023992603887640348,
      "median": 2.6182501834200003,
      "user": 3.97103466,
      "system": 1.0191483399999999,
      "min": 2.57679628242,
      "max": 2.65031614342,
      "times": [
        2.60632260642,
        2.6215996944200004,
        2.5815044184200002,
        2.65031614342,
        2.63110117042,
        2.57679628242,
        2.63479864042,
        2.63260402142,
        2.61490067242,
        2.5855234944200003
      ],
      "exit_codes": [
        0,
        0,
        0,
        0,
        0,
        0,
        0,
        0,
        0,
        0
      ]
    },
    {
      "command": "zpm",
      "mean": 1.2020400397200004,
      "stddev": 0.091094169118199,
      "median": 1.17874895192,
      "user": 0.7746317599999999,
      "system": 0.28721444000000007,
      "min": 1.12509555942,
      "max": 1.4435069334200001,
      "times": [
        1.4435069334200001,
        1.13568028442,
        1.12509555942,
        1.27067891642,
        1.1434674934200002,
        1.17680501742,
        1.1806928864200001,
        1.21509284042,
        1.1318557394200002,
        1.1975247264200002
      ],
      "exit_codes": [
        0,
        0,
        0,
        0,
        0,
        0,
        0,
        0,
        0,
        0
      ]
    },
    {
      "command": "pnpm",
      "mean": 1.3884034929200002,
      "stddev": 0.025221404996446487,
      "median": 1.3807261779200002,
      "user": 1.7818713599999998,
      "system": 0.44348274000000004,
      "min": 1.35290608642,
      "max": 1.4279026134200001,
      "times": [
        1.3669817154200001,
        1.4279026134200001,
        1.35290608642,
        1.37934478042,
        1.4244582284200002,
        1.4095311404200002,
        1.38119418542,
        1.35817289542,
        1.38025817042,
        1.4032851134200002
      ],
      "exit_codes": [
        0,
        0,
        0,
        0,
        0,
        0,
        0,
        0,
        0,
        0
      ]
    },
    {
      "command": "vlt",
      "mean": 0.28672430842,
      "stddev": 0.004142395088879626,
      "median": 0.28528887792,
      "user": 0.29239346000000005,
      "system": 0.05907834000000001,
      "min": 0.28282308242,
      "max": 0.29525605442,
      "times": [
        0.28337362042,
        0.28645575442,
        0.28312930642,
        0.28367411142,
        0.28878637142,
        0.28558509642,
        0.29316702742,
        0.29525605442,
        0.28499265942,
        0.28282308242
      ],
      "exit_codes": [
        0,
        0,
        0,
        0,
        0,
        0,
        0,
        0,
        0,
        0
      ]
    },
    {
      "command": "bun",
      "mean": 0.49201071162000004,
      "stddev": 0.0353837121789955,
      "median": 0.48911889992,
      "user": 0.49344506,
      "system": 0.33820254000000005,
      "min": 0.44366459142000003,
      "max": 0.55236505842,
      "times": [
        0.47066093342000004,
        0.46383647942,
        0.44841510342,
        0.5004273904200001,
        0.44366459142000003,
        0.48107918742,
        0.53809219942,
        0.52440756042,
        0.49715861242000003,
        0.55236505842
      ],
      "exit_codes": [
        0,
        0,
        0,
        0,
        0,
        0,
        0,
        0,
        0,
        0
      ]
    },
    {
      "command": "deno",
      "mean": 1.9037066287199997,
      "stddev": 0.160259990393097,
      "median": 1.9108527739200003,
      "user": 0.89975986,
      "system": 0.27264034000000004,
      "min": 1.6401024294200002,
      "max": 2.12513454242,
      "times": [
        2.10147267342,
        1.9079361334200002,
        1.7271910044200003,
        2.01845687042,
        2.01051619242,
        1.6401024294200002,
        1.69560980942,
        2.12513454242,
        1.9137694144200001,
        1.8968772174200002
      ],
      "exit_codes": [
        0,
        0,
        0,
        0,
        0,
        0,
        0,
        0,
        0,
        0
      ]
    }
  ]
}