{
  "results": [
    {
      "command": "npm",
      "mean": 1.6929305907200003,
      "stddev": 0.5125246261445138,
      "median": 1.48570368142,
      "user": 1.59477054,
      "system": 0.68406806,
      "min": 1.47745599592,
      "max": 3.1977495429199996,
      "times": [
        1.48040110992,
        1.4987213079200001,
        1.83855991492,
        1.5033356629199999,
        1.47745599592,
        1.48086286392,
        1.48819791892,
        3.1977495429199996,
        1.48320944392,
        1.48081214592
      ],
      "exit_codes": [
        0,
        0,
        0,
        0,
        0,
        0,
        0,
        0,
        0,
        0
      ]
    },
    {
      "command": "vlt",
      "mean": 1.4656335640199998,
      "stddev": 0.022191081771036063,
      "median": 1.46334111492,
      "user": 1.5553735399999995,
      "system": 0.6522573599999999,
      "min": 1.43668604592,
      "max": 1.49979490092,
      "times": [
        1.48682898192,
        1.48602096192,
        1.49979490092,
        1.44952268492,
        1.44224404692,
        1.48496196592,
        1.4491844089200001,
        1.47715954492,
        1.44393209792,
        1.43668604592
      ],
      "exit_codes": [
        0,
        0,
        0,
        0,
        0,
        0,
        0,
        0,
        0,
        0
      ]
    },
    {
      "command": "aws",
      "mean": 1.4625179832200002,
      "stddev": 0.010844150064940043,
      "median": 1.46222291892,
      "user": 1.5116483399999998,
      "system": 0.64621296,
      "min": 1.44738555592,
      "max": 1.48643798592,
      "times": [
        1.48643798592,
        1.46117102092,
        1.47183938092,
        1.46543188192,
        1.44738555592,
        1.45242147092,
        1.45695909092,
        1.45198129792,
        1.46827732992,
        1.46327481692
      ],
      "exit_codes": [
        0,
        0,
        0,
        0,
        0,
        0,
        0,
        0,
        0,
        0
      ]
    }
  ]
}