{
  "results": [
    {
      "command": "npm",
      "mean": 0.5241191212799999,
      "stddev": 0.01443942020772841,
      "median": 0.51953758208,
      "user": 0.5824448999999998,
      "system": 0.10196000000000001,
      "min": 0.51136204158,
      "max": 0.56316682858,
      "times": [
        0.51293648258,
        0.56316682858,
        0.52232915658,
        0.51136204158,
        0.5139147175800001,
        0.51811236658,
        0.52769248258,
        0.52061624158,
        0.51845892258,
        0.53260197258
      ],
      "exit_codes": [
        0,
        0,
        0,
        0,
        0,
        0,
        0,
        0,
        0,
        0
      ]
    },
    {
      "command": "yarn",
      "mean": 0.29360892648000003,
      "stddev": 0.003045058565923436,
      "median": 0.29296234958,
      "user": 0.31434229999999996,
      "system": 0.0638904,
      "min": 0.28841095758,
      "max": 0.30028128458000003,
      "times": [
        0.29290640658,
        0.29471985558,
        0.29301829258,
        0.29625703758,
        0.29510154758,
        0.29189447258,
        0.29183589258000003,
        0.28841095758,
        0.30028128458000003,
        0.29166351758000003
      ],
      "exit_codes": [
        0,
        0,
        0,
        0,
        0,
        0,
        0,
        0,
        0,
        0
      ]
    },
    {
      "command": "berry",
      "mean": 2.46611882758,
      "stddev": 0.04163054736081383,
      "median": 2.4523960900799997,
      "user": 4.9132318,
      "system": 1.1691074000000001,
      "min": 2.40589547258,
      "max": 2.53603310158,
      "times": [
        2.40589547258,
        2.53335517058,
        2.4436851975800002,
        2.44705353558,
        2.41957107458,
        2.53603310158,
        2.45608268258,
        2.44870949758,
        2.47783291558,
        2.49296962758
      ],
      "exit_codes": [
        0,
        0,
        0,
        0,
        0,
        0,
        0,
        0,
        0,
        0
      ]
    },
    {
      "command": "pnpm",
      "mean": 0.7614669944800001,
      "stddev": 0.032802270785115474,
      "median": 0.7572458550800001,
      "user": 0.8059983000000001,
      "system": 0.15097670000000002,
      "min": 0.7228499125800001,
      "max": 0.83888777558,
      "times": [
        0.7228499125800001,
        0.74702904158,
        0.73766460158,
        0.7523530015800001,
        0.7238938005800001,
        0.83888777558,
        0.76867205658,
        0.7700778555800001,
        0.79110319058,
        0.76213870858
      ],
      "exit_codes": [
        0,
        0,
        0,
        0,
        0,
        0,
        0,
        0,
        0,
        0
      ]
    },
    {
      "command": "vlt",
      "mean": 15.68640201018,
      "stddev": 1.053605198725683,
      "median": 15.83167045558,
      "user": 16.9900249,
      "system": 5.3296277,
      "min": 13.392785333580001,
      "max": 17.08913957858,
      "times": [
        15.76259382358,
        15.691763210580001,
        16.90851504158,
        15.900747087580001,
        14.69239857058,
        14.91498911358,
        16.474843852579998,
        16.03624448958,
        17.08913957858,
        13.392785333580001
      ],
      "exit_codes": [
        0,
        0,
        0,
        0,
        0,
        0,
        0,
        0,
        0,
        0
      ]
    },
    {
      "command": "bun",
      "mean": 0.009925875280000001,
      "stddev": 0.00016603663153837422,
      "median": 0.00990603258,
      "user": 0.0074354,
      "system": 0.0082136,
      "min": 0.009721234580000002,
      "max": 0.01026594958,
      "times": [
        0.01026594958,
        0.009794163580000001,
        0.00989849458,
        0.009721234580000002,
        0.00982193458,
        0.00995636058,
        0.010031242580000002,
        0.009731609580000002,
        0.00991357058,
        0.01012419258
      ],
      "exit_codes": [
        0,
        0,
        0,
        0,
        0,
        0,
        0,
        0,
        0,
        0
      ]
    },
    {
      "command": "deno",
      "mean": 0.04260348338,
      "stddev": 0.0007382296464031763,
      "median": 0.042224383080000004,
      "user": 0.022771499999999997,
      "system": 0.0246361,
      "min": 0.04173745458000001,
      "max": 0.04390760458,
      "times": [
        0.04216050658000001,
        0.043889923580000004,
        0.04264565658,
        0.04173745458000001,
        0.042209512580000004,
        0.04390760458,
        0.042239253580000004,
        0.04312276058,
        0.04205035758,
        0.042071803580000004
      ],
      "exit_codes": [
        0,
        0,
        0,
        0,
        0,
        0,
        0,
        0,
        0,
        0
      ]
    }
  ]
}