{
  "results": [
    {
      "command": "npm",
      "mean": 0.5035845234,
      "stddev": 0.004834642848241186,
      "median": 0.5026606132,
      "user": 0.55630204,
      "system": 0.10376904,
      "min": 0.49622944770000005,
      "max": 0.5124897597,
      "times": [
        0.5053447877,
        0.5032311867,
        0.49930663270000003,
        0.5124897597,
        0.5056098767,
        0.5107513867000001,
        0.5010211697,
        0.49622944770000005,
        0.5020900397,
        0.4997709467
      ],
      "exit_codes": [
        0,
        0,
        0,
        0,
        0,
        0,
        0,
        0,
        0,
        0
      ]
    },
    {
      "command": "yarn",
      "mean": 0.2956770662,
      "stddev": 0.004845160978318732,
      "median": 0.29486447120000003,
      "user": 0.31638453999999994,
      "system": 0.06356594,
      "min": 0.2886653617,
      "max": 0.30789448170000006,
      "times": [
        0.2968481087,
        0.30789448170000006,
        0.2923287277,
        0.2984353797,
        0.29503459070000004,
        0.2946943517,
        0.29662532570000005,
        0.29375576270000003,
        0.29248857170000003,
        0.2886653617
      ],
      "exit_codes": [
        0,
        0,
        0,
        0,
        0,
        0,
        0,
        0,
        0,
        0
      ]
    },
    {
      "command": "berry",
      "mean": 2.3477609348,
      "stddev": 0.03718608620510866,
      "median": 2.3501908107,
      "user": 4.799776039999999,
      "system": 1.1731932400000002,
      "min": 2.2935294657,
      "max": 2.4090702277,
      "times": [
        2.3535288517,
        2.4090702277,
        2.3756772307,
        2.3173002037,
        2.3814397427,
        2.3468527697,
        2.2935294657,
        2.2982782967,
        2.3808289407,
        2.3211036187
      ],
      "exit_codes": [
        0,
        0,
        0,
        0,
        0,
        0,
        0,
        0,
        0,
        0
      ]
    },
    {
      "command": "pnpm",
      "mean": 0.7133530175,
      "stddev": 0.02856736594647414,
      "median": 0.7101642317000001,
      "user": 0.81381754,
      "system": 0.14195704,
      "min": 0.6807474797,
      "max": 0.7742057947000001,
      "times": [
        0.7742057947000001,
        0.6889456007000001,
        0.7150862267000001,
        0.7485339657000001,
        0.7278531397000001,
        0.7052422367000001,
        0.6887620167,
        0.6807474797,
        0.6875290387,
        0.7166246757000001
      ],
      "exit_codes": [
        0,
        0,
        0,
        0,
        0,
        0,
        0,
        0,
        0,
        0
      ]
    },
    {
      "command": "vlt",
      "mean": 0.2951006542,
      "stddev": 0.0042968778679782415,
      "median": 0.2950171697,
      "user": 0.30883904,
      "system": 0.06457514,
      "min": 0.2872011687,
      "max": 0.3019658907,
      "times": [
        0.2993772147,
        0.2872011687,
        0.29663156370000004,
        0.3019658907,
        0.2960572967,
        0.2939770427,
        0.2892691157,
        0.2989471267,
        0.29394885270000004,
        0.29363126970000003
      ],
      "exit_codes": [
        0,
        0,
        0,
        0,
        0,
        0,
        0,
        0,
        0,
        0
      ]
    },
    {
      "command": "bun",
      "mean": 0.0104673865,
      "stddev": 0.0006379161486605902,
      "median": 0.010285533200000002,
      "user": 0.007516339999999999,
      "system": 0.008741740000000001,
      "min": 0.0097971987,
      "max": 0.011845911700000001,
      "times": [
        0.0114580687,
        0.0101330767,
        0.0098649757,
        0.011845911700000001,
        0.0097971987,
        0.010186821700000001,
        0.010384244700000001,
        0.010045632700000001,
        0.010479062700000001,
        0.010478871700000001
      ],
      "exit_codes": [
        0,
        0,
        0,
        0,
        0,
        0,
        0,
        0,
        0,
        0
      ]
    },
    {
      "command": "deno",
      "mean": 0.04229333750000001,
      "stddev": 0.0007256382616331374,
      "median": 0.04196717170000001,
      "user": 0.025153539999999995,
      "system": 0.02213014,
      "min": 0.0412766987,
      "max": 0.04385906070000001,
      "times": [
        0.04307100170000001,
        0.041835583700000005,
        0.0412766987,
        0.042044253700000006,
        0.042840644700000007,
        0.042444700700000004,
        0.041844031700000006,
        0.04189008970000001,
        0.04385906070000001,
        0.0418273097
      ],
      "exit_codes": [
        0,
        0,
        0,
        0,
        0,
        0,
        0,
        0,
        0,
        0
      ]
    }
  ]
}