{
  "results": [
    {
      "command": "npm",
      "mean": 0.53171171004,
      "stddev": 0.01405182568298848,
      "median": 0.53022183364,
      "user": 0.59481462,
      "system": 0.10098283999999999,
      "min": 0.51250540564,
      "max": 0.56513782264,
      "times": [
        0.52711335964,
        0.56513782264,
        0.51250540564,
        0.53265721264,
        0.54337821064,
        0.53047865564,
        0.53666370264,
        0.52996501164,
        0.5175897886399999,
        0.52162793064
      ],
      "exit_codes": [
        0,
        0,
        0,
        0,
        0,
        0,
        0,
        0,
        0,
        0
      ]
    },
    {
      "command": "yarn",
      "mean": 0.29404780764,
      "stddev": 0.0032868372663517856,
      "median": 0.29463552514,
      "user": 0.31827422,
      "system": 0.06258824,
      "min": 0.28656561364,
      "max": 0.29846916564000003,
      "times": [
        0.29552796864,
        0.29411867264,
        0.29717342764000004,
        0.29453461564,
        0.28656561364,
        0.29030234564,
        0.29615908564000004,
        0.29289074664000003,
        0.29846916564000003,
        0.29473643464000004
      ],
      "exit_codes": [
        0,
        0,
        0,
        0,
        0,
        0,
        0,
        0,
        0,
        0
      ]
    },
    {
      "command": "berry",
      "mean": 2.61806884394,
      "stddev": 0.3169285779269834,
      "median": 2.5093899566399998,
      "user": 4.920822820000001,
      "system": 1.18670414,
      "min": 2.44605647864,
      "max": 3.5529245446399997,
      "times": [
        3.5529245446399997,
        2.5800401646399997,
        2.45179898164,
        2.45009155464,
        2.53215206464,
        2.61557284764,
        2.57934530864,
        2.48662784864,
        2.44605647864,
        2.48607864564
      ],
      "exit_codes": [
        0,
        0,
        0,
        0,
        0,
        0,
        0,
        0,
        0,
        0
      ]
    },
    {
      "command": "pnpm",
      "mean": 0.78115187234,
      "stddev": 0.03442251744536618,
      "median": 0.77286644214,
      "user": 0.8288492199999998,
      "system": 0.14895854,
      "min": 0.73908632064,
      "max": 0.85923688364,
      "times": [
        0.74647422864,
        0.77005315464,
        0.74979319664,
        0.80749737264,
        0.73908632064,
        0.85923688364,
        0.79517660364,
        0.80340714364,
        0.7651140896399999,
        0.77567972964
      ],
      "exit_codes": [
        0,
        0,
        0,
        0,
        0,
        0,
        0,
        0,
        0,
        0
      ]
    },
    {
      "command": "vlt",
      "mean": 0.28839902704,
      "stddev": 0.005465753294348813,
      "median": 0.28696299364,
      "user": 0.27799812,
      "system": 0.06647654,
      "min": 0.28006493464000004,
      "max": 0.30020390364000005,
      "times": [
        0.28662177364,
        0.28211894564,
        0.28641359464000005,
        0.28730421364000003,
        0.29290296864000004,
        0.28648565064000003,
        0.28929958164,
        0.29257470364000004,
        0.28006493464000004,
        0.30020390364000005
      ],
      "exit_codes": [
        0,
        0,
        0,
        0,
        0,
        0,
        0,
        0,
        0,
        0
      ]
    },
    {
      "command": "bun",
      "mean": 0.010551525239999998,
      "stddev": 0.0005944061504051248,
      "median": 0.01036631364,
      "user": 0.00781222,
      "system": 0.008567439999999999,
      "min": 0.00987160764,
      "max": 0.01182017964,
      "times": [
        0.01019657764,
        0.01182017964,
        0.01138901564,
        0.010408756639999999,
        0.01044745164,
        0.00987160764,
        0.01002294564,
        0.010884352639999999,
        0.01032387064,
        0.01015049464
      ],
      "exit_codes": [
        0,
        0,
        0,
        0,
        0,
        0,
        0,
        0,
        0,
        0
      ]
    },
    {
      "command": "deno",
      "mean": 0.04335959484,
      "stddev": 0.0005487956219123485,
      "median": 0.04308021914,
      "user": 0.025376319999999997,
      "system": 0.022677040000000002,
      "min": 0.04267328664,
      "max": 0.044194782640000006,
      "times": [
        0.042815395640000004,
        0.04302500764,
        0.043837529640000004,
        0.042890981640000006,
        0.04313176464,
        0.04267328664,
        0.043938761640000004,
        0.044059764640000006,
        0.04302867364,
        0.044194782640000006
      ],
      "exit_codes": [
        0,
        0,
        0,
        0,
        0,
        0,
        0,
        0,
        0,
        0
      ]
    }
  ]
}