{
  "results": [
    {
      "command": "npm",
      "mean": 0.51984147012,
      "stddev": 0.005714777282790634,
      "median": 0.5189811019200001,
      "user": 0.57888798,
      "system": 0.10223887999999999,
      "min": 0.5120205159200001,
      "max": 0.5281646279200001,
      "times": [
        0.51772087992,
        0.52068275892,
        0.51855388292,
        0.51502059592,
        0.5281646279200001,
        0.5194083209200001,
        0.5262968819200001,
        0.5124051919200001,
        0.5120205159200001,
        0.52814104492
      ],
      "exit_codes": [
        0,
        0,
        0,
        0,
        0,
        0,
        0,
        0,
        0,
        0
      ]
    },
    {
      "command": "yarn",
      "mean": 0.29424593632,
      "stddev": 0.0045939699469807254,
      "median": 0.29438890192,
      "user": 0.31730307999999996,
      "system": 0.06104837999999999,
      "min": 0.28452152092,
      "max": 0.30335001292,
      "times": [
        0.29138310692,
        0.28452152092,
        0.29528207992,
        0.29684584092,
        0.29557328192,
        0.29349572392,
        0.29250437392,
        0.29233314492,
        0.30335001292,
        0.29717027692000003
      ],
      "exit_codes": [
        0,
        0,
        0,
        0,
        0,
        0,
        0,
        0,
        0,
        0
      ]
    },
    {
      "command": "berry",
      "mean": 2.57173056322,
      "stddev": 0.15949187691355243,
      "median": 2.50736496142,
      "user": 4.9268779799999995,
      "system": 1.2013662799999998,
      "min": 2.4443703279199998,
      "max": 3.00278312792,
      "times": [
        2.45460926492,
        2.69181616692,
        2.47916466092,
        2.4443703279199998,
        2.55883024592,
        3.00278312792,
        2.58194985692,
        2.49616676592,
        2.51856315692,
        2.48905205792
      ],
      "exit_codes": [
        0,
        0,
        0,
        0,
        0,
        0,
        0,
        0,
        0,
        0
      ]
    },
    {
      "command": "pnpm",
      "mean": 0.7756481186200002,
      "stddev": 0.058331443616633914,
      "median": 0.7601666434200001,
      "user": 0.8207841800000001,
      "system": 0.15034828000000003,
      "min": 0.7345963689200001,
      "max": 0.9451513179200001,
      "times": [
        0.7688957089200001,
        0.75569425992,
        0.7839670249200001,
        0.7446128549200001,
        0.74643024292,
        0.9451513179200001,
        0.7704804739200001,
        0.7420139069200001,
        0.7646390269200001,
        0.7345963689200001
      ],
      "exit_codes": [
        0,
        0,
        0,
        0,
        0,
        0,
        0,
        0,
        0,
        0
      ]
    },
    {
      "command": "vlt",
      "mean": 0.28072555682,
      "stddev": 0.002558340746459483,
      "median": 0.28124228242,
      "user": 0.27412687999999996,
      "system": 0.060826479999999995,
      "min": 0.27571264292000003,
      "max": 0.28343208192,
      "times": [
        0.27711860092,
        0.28298884592,
        0.28172798792,
        0.28343208192,
        0.28075657692,
        0.27956709692,
        0.28303100692,
        0.27971092992,
        0.28320979792,
        0.27571264292000003
      ],
      "exit_codes": [
        0,
        0,
        0,
        0,
        0,
        0,
        0,
        0,
        0,
        0
      ]
    },
    {
      "command": "bun",
      "mean": 0.01003689552,
      "stddev": 0.0004449670523416764,
      "median": 0.00996888792,
      "user": 0.0071827800000000015,
      "system": 0.00852558,
      "min": 0.009590171920000001,
      "max": 0.011245605920000002,
      "times": [
        0.009943069920000002,
        0.009825176920000001,
        0.01013492392,
        0.009726877920000002,
        0.00999470592,
        0.011245605920000002,
        0.010012134920000002,
        0.009590171920000001,
        0.00968176192,
        0.010214525920000002
      ],
      "exit_codes": [
        0,
        0,
        0,
        0,
        0,
        0,
        0,
        0,
        0,
        0
      ]
    },
    {
      "command": "deno",
      "mean": 0.04240278852,
      "stddev": 0.00039240888278304774,
      "median": 0.04228790142,
      "user": 0.024871980000000002,
      "system": 0.022353279999999996,
      "min": 0.04197032692,
      "max": 0.04332826092,
      "times": [
        0.04235666392,
        0.04221913892,
        0.04210766992,
        0.04240901592,
        0.04197032692,
        0.04263628092,
        0.04332826092,
        0.042780607920000005,
        0.04215777892,
        0.042062140920000005
      ],
      "exit_codes": [
        0,
        0,
        0,
        0,
        0,
        0,
        0,
        0,
        0,
        0
      ]
    }
  ]
}