{
  "results": [
    {
      "command": "npm",
      "mean": 0.50776608038,
      "stddev": 0.009251212979027547,
      "median": 0.5058878601800001,
      "user": 0.5551288199999999,
      "system": 0.10431003999999999,
      "min": 0.49276780768,
      "max": 0.5225870996800001,
      "times": [
        0.5216891236800001,
        0.5122794156800001,
        0.51421279068,
        0.5062602296800001,
        0.5225870996800001,
        0.49276780768,
        0.5055154906800001,
        0.50179536568,
        0.5006605416800001,
        0.49989293868
      ],
      "exit_codes": [
        0,
        0,
        0,
        0,
        0,
        0,
        0,
        0,
        0,
        0
      ]
    },
    {
      "command": "yarn",
      "mean": 0.29627161577999994,
      "stddev": 0.007918692832892333,
      "median": 0.29443193918,
      "user": 0.32481342,
      "system": 0.05977424,
      "min": 0.28764405868000004,
      "max": 0.31263421768,
      "times": [
        0.28764405868000004,
        0.30561604268000003,
        0.29374358768000003,
        0.29512029068,
        0.28937193968,
        0.31263421768,
        0.30336988368,
        0.29160597868,
        0.29569054468,
        0.28791961368
      ],
      "exit_codes": [
        0,
        0,
        0,
        0,
        0,
        0,
        0,
        0,
        0,
        0
      ]
    },
    {
      "command": "berry",
      "mean": 2.4689757907800005,
      "stddev": 0.03746979548540581,
      "median": 2.4621367251799997,
      "user": 5.23052222,
      "system": 1.22278594,
      "min": 2.41897540868,
      "max": 2.55289773468,
      "times": [
        2.45612313068,
        2.44577844268,
        2.50281455668,
        2.42806466568,
        2.46815031968,
        2.44750858468,
        2.4817735726800003,
        2.41897540868,
        2.55289773468,
        2.48767149168
      ],
      "exit_codes": [
        0,
        0,
        0,
        0,
        0,
        0,
        0,
        0,
        0,
        0
      ]
    },
    {
      "command": "pnpm",
      "mean": 0.6362809130800001,
      "stddev": 0.00915796276477213,
      "median": 0.6383173291800001,
      "user": 0.8049690199999999,
      "system": 0.15062054,
      "min": 0.6227736096800001,
      "max": 0.65136822268,
      "times": [
        0.64118402368,
        0.6379864536800001,
        0.64329902668,
        0.6244618086800001,
        0.6277971036800001,
        0.63864820468,
        0.64575125468,
        0.6227736096800001,
        0.65136822268,
        0.6295394226800001
      ],
      "exit_codes": [
        0,
        0,
        0,
        0,
        0,
        0,
        0,
        0,
        0,
        0
      ]
    },
    {
      "command": "vlt",
      "mean": 0.3097212843800001,
      "stddev": 0.0024020020954706976,
      "median": 0.30987259218,
      "user": 0.32129581999999995,
      "system": 0.06585803999999999,
      "min": 0.30580428268000004,
      "max": 0.31317385968,
      "times": [
        0.31085314768,
        0.31279385268000004,
        0.30580428268000004,
        0.30613504968,
        0.31317385968,
        0.31149826868,
        0.30987866668,
        0.30784545968,
        0.30986651768,
        0.30936373868
      ],
      "exit_codes": [
        0,
        0,
        0,
        0,
        0,
        0,
        0,
        0,
        0,
        0
      ]
    },
    {
      "command": "bun",
      "mean": 0.010364691980000002,
      "stddev": 0.0006068297024531756,
      "median": 0.01013785118,
      "user": 0.008227419999999997,
      "system": 0.00783184,
      "min": 0.009830589680000001,
      "max": 0.01160643368,
      "times": [
        0.01001870568,
        0.010174656680000001,
        0.01160643368,
        0.01146774568,
        0.01003595068,
        0.009844211680000001,
        0.01013967468,
        0.009830589680000001,
        0.01039292368,
        0.010136027680000001
      ],
      "exit_codes": [
        0,
        0,
        0,
        0,
        0,
        0,
        0,
        0,
        0,
        0
      ]
    },
    {
      "command": "deno",
      "mean": 0.04318184588,
      "stddev": 0.0011092051661937754,
      "median": 0.04328847718000001,
      "user": 0.02645772,
      "system": 0.02150914,
      "min": 0.04153454468,
      "max": 0.044866605680000005,
      "times": [
        0.042783639680000006,
        0.044749843680000005,
        0.04380674968,
        0.041729471680000005,
        0.044866605680000005,
        0.04361331468,
        0.04153454468,
        0.04210281768,
        0.043667831680000005,
        0.042963639680000006
      ],
      "exit_codes": [
        0,
        0,
        0,
        0,
        0,
        0,
        0,
        0,
        0,
        0
      ]
    }
  ]
}