{
  "results": [
    {
      "command": "npm",
      "mean": 0.4988941198400001,
      "stddev": 0.0039759137746013095,
      "median": 0.49946345694000005,
      "user": 0.54887736,
      "system": 0.10443506,
      "min": 0.49283429894,
      "max": 0.5079025569400001,
      "times": [
        0.50064936794,
        0.49962305994000006,
        0.5005315199400001,
        0.49990191794,
        0.49385279494,
        0.49283429894,
        0.49930385394000004,
        0.49800001994000004,
        0.49634180794000005,
        0.5079025569400001
      ],
      "exit_codes": [
        0,
        0,
        0,
        0,
        0,
        0,
        0,
        0,
        0,
        0
      ]
    },
    {
      "command": "yarn",
      "mean": 0.29264359434000004,
      "stddev": 0.0037124111007484062,
      "median": 0.29277435994,
      "user": 0.31457416,
      "system": 0.06087626,
      "min": 0.28593132294,
      "max": 0.29740777694,
      "times": [
        0.28778045994,
        0.29348489594,
        0.29608199094,
        0.28593132294,
        0.29186146194,
        0.29456645094,
        0.29740777694,
        0.29732351694000003,
        0.29206382394,
        0.28993424294000003
      ],
      "exit_codes": [
        0,
        0,
        0,
        0,
        0,
        0,
        0,
        0,
        0,
        0
      ]
    },
    {
      "command": "berry",
      "mean": 2.3517344390400003,
      "stddev": 0.049995064763673124,
      "median": 2.34580310794,
      "user": 4.81719496,
      "system": 1.1796054599999999,
      "min": 2.27692234394,
      "max": 2.44413486394,
      "times": [
        2.2865170179399996,
        2.31425232794,
        2.3314834429399998,
        2.44413486394,
        2.34969696894,
        2.27692234394,
        2.3994033339399996,
        2.38639412694,
        2.38663071694,
        2.34190924694
      ],
      "exit_codes": [
        0,
        0,
        0,
        0,
        0,
        0,
        0,
        0,
        0,
        0
      ]
    },
    {
      "command": "pnpm",
      "mean": 0.70826207854,
      "stddev": 0.057213548042035024,
      "median": 0.6928489984400001,
      "user": 0.8002762600000001,
      "system": 0.15153886,
      "min": 0.6466479349400001,
      "max": 0.8300674249400001,
      "times": [
        0.8300674249400001,
        0.7053248509400001,
        0.6938901469400001,
        0.6469185699400001,
        0.6918078499400001,
        0.6466479349400001,
        0.7944736249400001,
        0.6662248579400001,
        0.6861729729400001,
        0.7210925519400001
      ],
      "exit_codes": [
        0,
        0,
        0,
        0,
        0,
        0,
        0,
        0,
        0,
        0
      ]
    },
    {
      "command": "vlt",
      "mean": 0.29669570223999997,
      "stddev": 0.007406438851443442,
      "median": 0.29557330194,
      "user": 0.30753956000000005,
      "system": 0.06779046,
      "min": 0.28535747794,
      "max": 0.31280530494000003,
      "times": [
        0.30020226394,
        0.29578666694,
        0.30069842894,
        0.30284463594,
        0.29169365094,
        0.28965631394,
        0.29255234194,
        0.29535993694,
        0.31280530494000003,
        0.28535747794
      ],
      "exit_codes": [
        0,
        0,
        0,
        0,
        0,
        0,
        0,
        0,
        0,
        0
      ]
    },
    {
      "command": "bun",
      "mean": 0.00990071704,
      "stddev": 0.00044067692097032955,
      "median": 0.00970865444,
      "user": 0.00721986,
      "system": 0.008275359999999999,
      "min": 0.00963053994,
      "max": 0.011152773940000001,
      "times": [
        0.009664173940000001,
        0.009947631940000002,
        0.00963053994,
        0.01007158394,
        0.011152773940000001,
        0.00984022094,
        0.00967619494,
        0.009639541940000001,
        0.009643394940000001,
        0.00974111394
      ],
      "exit_codes": [
        0,
        0,
        0,
        0,
        0,
        0,
        0,
        0,
        0,
        0
      ]
    },
    {
      "command": "deno",
      "mean": 0.040945183440000005,
      "stddev": 0.0005500968295468083,
      "median": 0.04078797244,
      "user": 0.02349036,
      "system": 0.022199860000000002,
      "min": 0.04034889094000001,
      "max": 0.04242366694000001,
      "times": [
        0.04088184394,
        0.040710090940000006,
        0.04135520294,
        0.04068891694000001,
        0.040674117940000004,
        0.04086585394,
        0.04242366694000001,
        0.04088730594000001,
        0.04034889094000001,
        0.04061594394
      ],
      "exit_codes": [
        0,
        0,
        0,
        0,
        0,
        0,
        0,
        0,
        0,
        0
      ]
    }
  ]
}