{
  "results": [
    {
      "command": "npm",
      "mean": 0.50830879146,
      "stddev": 0.011945798597822114,
      "median": 0.5051234648599999,
      "user": 0.5619831200000001,
      "system": 0.09829676000000001,
      "min": 0.49978873636000004,
      "max": 0.54219553936,
      "times": [
        0.5071523433599999,
        0.54219553936,
        0.49978873636000004,
        0.50727244036,
        0.5030945863599999,
        0.51042744136,
        0.50248748436,
        0.5104066523599999,
        0.50012343736,
        0.50013925336
      ],
      "exit_codes": [
        0,
        0,
        0,
        0,
        0,
        0,
        0,
        0,
        0,
        0
      ]
    },
    {
      "command": "yarn",
      "mean": 0.28670064056000005,
      "stddev": 0.00314322438640403,
      "median": 0.28708056736,
      "user": 0.30645782,
      "system": 0.06069196,
      "min": 0.28081849636,
      "max": 0.29108883136,
      "times": [
        0.28885678236,
        0.29108883136,
        0.28487612436000004,
        0.29002474036000003,
        0.28335860536,
        0.28741123336,
        0.28957076736000004,
        0.28674990136,
        0.28425092336,
        0.28081849636
      ],
      "exit_codes": [
        0,
        0,
        0,
        0,
        0,
        0,
        0,
        0,
        0,
        0
      ]
    },
    {
      "command": "berry",
      "mean": 2.3122818353599994,
      "stddev": 0.1298534188169532,
      "median": 2.2682280008599998,
      "user": 4.6992552199999995,
      "system": 1.12291516,
      "min": 2.22620837836,
      "max": 2.69120978736,
      "times": [
        2.24856150336,
        2.33005176536,
        2.23535599636,
        2.26969357736,
        2.25706337136,
        2.30345088936,
        2.22620837836,
        2.69120978736,
        2.26676242436,
        2.29446066036
      ],
      "exit_codes": [
        0,
        0,
        0,
        0,
        0,
        0,
        0,
        0,
        0,
        0
      ]
    },
    {
      "command": "pnpm",
      "mean": 0.68488223856,
      "stddev": 0.03263298988325172,
      "median": 0.66883183736,
      "user": 0.82156562,
      "system": 0.14761416,
      "min": 0.64982140436,
      "max": 0.74851866236,
      "times": [
        0.67082806236,
        0.66255933336,
        0.66306172336,
        0.74851866236,
        0.67987572436,
        0.64982140436,
        0.71363692936,
        0.73381965336,
        0.65986528036,
        0.66683561236
      ],
      "exit_codes": [
        0,
        0,
        0,
        0,
        0,
        0,
        0,
        0,
        0,
        0
      ]
    },
    {
      "command": "vlt",
      "mean": 0.28482011246000005,
      "stddev": 0.00528748000516782,
      "median": 0.28720677286,
      "user": 0.27479992,
      "system": 0.06641126,
      "min": 0.27232087036,
      "max": 0.29019101236,
      "times": [
        0.27232087036,
        0.28097809536,
        0.29019101236,
        0.28743897436000004,
        0.28758192036,
        0.28736170636,
        0.29003685636000004,
        0.28552796036,
        0.28705183936,
        0.27971188936
      ],
      "exit_codes": [
        0,
        0,
        0,
        0,
        0,
        0,
        0,
        0,
        0,
        0
      ]
    },
    {
      "command": "bun",
      "mean": 0.01048722956,
      "stddev": 0.000727552619887359,
      "median": 0.010139696860000002,
      "user": 0.008377119999999998,
      "system": 0.00828266,
      "min": 0.009823486360000001,
      "max": 0.011766105360000001,
      "times": [
        0.01018430536,
        0.009933774360000001,
        0.00991723836,
        0.011553286360000001,
        0.009823486360000001,
        0.011420166360000001,
        0.009994539360000002,
        0.011766105360000001,
        0.010179284360000002,
        0.010100109360000002
      ],
      "exit_codes": [
        0,
        0,
        0,
        0,
        0,
        0,
        0,
        0,
        0,
        0
      ]
    },
    {
      "command": "deno",
      "mean": 0.04287751246,
      "stddev": 0.0005022371594761683,
      "median": 0.04290779686,
      "user": 0.02396102,
      "system": 0.02373906,
      "min": 0.041992738360000004,
      "max": 0.04366691636,
      "times": [
        0.041992738360000004,
        0.04366691636,
        0.04309813136000001,
        0.04264708636,
        0.043639793360000005,
        0.04294560036,
        0.042286096360000004,
        0.04300301236,
        0.04262575636,
        0.042869993360000004
      ],
      "exit_codes": [
        0,
        0,
        0,
        0,
        0,
        0,
        0,
        0,
        0,
        0
      ]
    }
  ]
}