{
  "results": [
    {
      "command": "npm",
      "mean": 0.5277516359400001,
      "stddev": 0.007373222539014579,
      "median": 0.5272122271400002,
      "user": 0.59935384,
      "system": 0.09760403999999999,
      "min": 0.5168209291400001,
      "max": 0.53925999014,
      "times": [
        0.5329145901400001,
        0.5271537341400001,
        0.5272707201400001,
        0.51691604414,
        0.5267912601400001,
        0.5168209291400001,
        0.53925999014,
        0.52872408514,
        0.53877653114,
        0.52288847514
      ],
      "exit_codes": [
        0,
        0,
        0,
        0,
        0,
        0,
        0,
        0,
        0,
        0
      ]
    },
    {
      "command": "yarn",
      "mean": 0.30508101054000003,
      "stddev": 0.003860645803181876,
      "median": 0.30474582764,
      "user": 0.33332194,
      "system": 0.06385913999999998,
      "min": 0.29791140014000006,
      "max": 0.31076297214000004,
      "times": [
        0.30491724414000004,
        0.31076297214000004,
        0.30457441114000006,
        0.30209452314,
        0.30878905014,
        0.30776632514,
        0.30940873314000006,
        0.30296968014000003,
        0.30161576614,
        0.29791140014000006
      ],
      "exit_codes": [
        0,
        0,
        0,
        0,
        0,
        0,
        0,
        0,
        0,
        0
      ]
    },
    {
      "command": "berry",
      "mean": 2.90629090074,
      "stddev": 0.5093364882671456,
      "median": 2.66627899914,
      "user": 5.574908239999999,
      "system": 1.35415874,
      "min": 2.6205836011400003,
      "max": 4.23533316214,
      "times": [
        2.76505042014,
        2.7164666811400004,
        4.23533316214,
        2.63837077214,
        2.6430795591400003,
        3.4965267791400003,
        2.6205836011400003,
        2.68947843914,
        2.6342737671400003,
        2.62374582614
      ],
      "exit_codes": [
        0,
        0,
        0,
        0,
        0,
        0,
        0,
        0,
        0,
        0
      ]
    },
    {
      "command": "zpm",
      "mean": 0.9384469087399999,
      "stddev": 0.21509516310329194,
      "median": 0.86809802664,
      "user": 0.75464944,
      "system": 0.43183494,
      "min": 0.74095377514,
      "max": 1.44768094314,
      "times": [
        0.87663951214,
        0.8195871291400001,
        0.88036657514,
        1.2552287491399998,
        0.8179003771400001,
        0.74095377514,
        0.8595565411400001,
        1.44768094314,
        0.88683858814,
        0.79971689714
      ],
      "exit_codes": [
        0,
        0,
        0,
        0,
        0,
        0,
        0,
        0,
        0,
        0
      ]
    },
    {
      "command": "pnpm",
      "mean": 0.6704255818400001,
      "stddev": 0.012770998409264014,
      "median": 0.6703239116400002,
      "user": 0.8473262400000001,
      "system": 0.15892553999999998,
      "min": 0.64891892514,
      "max": 0.6951845131400001,
      "times": [
        0.6704106191400001,
        0.6639743331400001,
        0.6761571511400001,
        0.6533308991400001,
        0.64891892514,
        0.66683146014,
        0.6815100111400001,
        0.6702372041400001,
        0.6777007021400001,
        0.6951845131400001
      ],
      "exit_codes": [
        0,
        0,
        0,
        0,
        0,
        0,
        0,
        0,
        0,
        0
      ]
    },
    {
      "command": "vlt",
      "mean": 0.5447070790399999,
      "stddev": 0.019438419240224238,
      "median": 0.53700176864,
      "user": 0.57128514,
      "system": 0.13120543999999998,
      "min": 0.5254766831400001,
      "max": 0.58696254914,
      "times": [
        0.54301635914,
        0.53194488914,
        0.57118051914,
        0.58696254914,
        0.5310004461400001,
        0.54205864814,
        0.5288730661400001,
        0.53089068214,
        0.5254766831400001,
        0.5556669481400001
      ],
      "exit_codes": [
        0,
        0,
        0,
        0,
        0,
        0,
        0,
        0,
        0,
        0
      ]
    },
    {
      "command": "bun",
      "mean": 0.01147845424,
      "stddev": 0.0002745079486486506,
      "median": 0.01150329714,
      "user": 0.00849674,
      "system": 0.008694239999999999,
      "min": 0.01108447114,
      "max": 0.01193033314,
      "times": [
        0.01108447114,
        0.01193033314,
        0.01187742814,
        0.01160312914,
        0.01129782914,
        0.01144068814,
        0.01114931814,
        0.01124165514,
        0.01159378414,
        0.01156590614
      ],
      "exit_codes": [
        0,
        0,
        0,
        0,
        0,
        0,
        0,
        0,
        0,
        0
      ]
    },
    {
      "command": "deno",
      "mean": 0.019293806840000004,
      "stddev": 0.0009260142141008475,
      "median": 0.01898037564,
      "user": 0.00983104,
      "system": 0.01255674,
      "min": 0.018249440140000003,
      "max": 0.021274303140000003,
      "times": [
        0.019343359140000002,
        0.018249440140000003,
        0.021274303140000003,
        0.018594108140000003,
        0.01854036414,
        0.01857085014,
        0.019456251140000002,
        0.020292949140000002,
        0.01861739214,
        0.01999905114
      ],
      "exit_codes": [
        0,
        0,
        0,
        0,
        0,
        0,
        0,
        0,
        0,
        0
      ]
    }
  ]
}