{
  "results": [
    {
      "command": "npm",
      "mean": 0.5070281398200001,
      "stddev": 0.003644705109528767,
      "median": 0.5074845188200001,
      "user": 0.57179498,
      "system": 0.09627733999999999,
      "min": 0.49888511332,
      "max": 0.51147508632,
      "times": [
        0.5063193533200001,
        0.50957963632,
        0.5076736423200001,
        0.5058267293200001,
        0.49888511332,
        0.5029080013200001,
        0.51147508632,
        0.5093757443200001,
        0.5072953953200001,
        0.5109426963200001
      ],
      "exit_codes": [
        0,
        0,
        0,
        0,
        0,
        0,
        0,
        0,
        0,
        0
      ]
    },
    {
      "command": "yarn",
      "mean": 0.28702182012,
      "stddev": 0.0030499532813707754,
      "median": 0.28621554282,
      "user": 0.30839367999999995,
      "system": 0.061408739999999996,
      "min": 0.28319374532,
      "max": 0.29373208332,
      "times": [
        0.28319374532,
        0.28733656932,
        0.28492265532,
        0.29373208332,
        0.28445887732,
        0.28942142732000004,
        0.28663845132,
        0.28579263432,
        0.28465715732,
        0.29006460032000003
      ],
      "exit_codes": [
        0,
        0,
        0,
        0,
        0,
        0,
        0,
        0,
        0,
        0
      ]
    },
    {
      "command": "berry",
      "mean": 2.2836826615199994,
      "stddev": 0.026887003293077,
      "median": 2.28009204332,
      "user": 4.758486679999999,
      "system": 1.15713404,
      "min": 2.2434837283199998,
      "max": 2.3304884223199998,
      "times": [
        2.3141355403199997,
        2.3304884223199998,
        2.2434837283199998,
        2.26071924532,
        2.26564735432,
        2.2573839463199996,
        2.28958546232,
        2.27059862432,
        2.29766666932,
        2.30711762232
      ],
      "exit_codes": [
        0,
        0,
        0,
        0,
        0,
        0,
        0,
        0,
        0,
        0
      ]
    },
    {
      "command": "pnpm",
      "mean": 0.6548229211200001,
      "stddev": 0.017198782507495868,
      "median": 0.6531821898200001,
      "user": 0.8048222799999998,
      "system": 0.15052634000000004,
      "min": 0.6292619653200001,
      "max": 0.6859519703200001,
      "times": [
        0.6510094523200001,
        0.6553549273200001,
        0.6292619653200001,
        0.6666775853200001,
        0.6443479993200001,
        0.6416491393200001,
        0.63516137532,
        0.67592581632,
        0.6859519703200001,
        0.6628889803200001
      ],
      "exit_codes": [
        0,
        0,
        0,
        0,
        0,
        0,
        0,
        0,
        0,
        0
      ]
    },
    {
      "command": "vlt",
      "mean": 0.27744721442000003,
      "stddev": 0.0031250082228227957,
      "median": 0.27811075082000003,
      "user": 0.29095978,
      "system": 0.06189823999999999,
      "min": 0.27228270232,
      "max": 0.28102639532,
      "times": [
        0.27836236232,
        0.27785913932,
        0.27999324832,
        0.28056411832,
        0.28102639532,
        0.27228270232,
        0.27562005332,
        0.28048602132,
        0.27594303932,
        0.27233506432
      ],
      "exit_codes": [
        0,
        0,
        0,
        0,
        0,
        0,
        0,
        0,
        0,
        0
      ]
    },
    {
      "command": "bun",
      "mean": 0.010044372420000003,
      "stddev": 0.0005262876071526764,
      "median": 0.009863178320000002,
      "user": 0.00716488,
      "system": 0.00860384,
      "min": 0.009632262320000001,
      "max": 0.01154038532,
      "times": [
        0.009784570320000002,
        0.009823644320000002,
        0.01017456132,
        0.009632262320000001,
        0.010124980320000001,
        0.01154038532,
        0.009832813320000001,
        0.00998076632,
        0.009893543320000002,
        0.00965619732
      ],
      "exit_codes": [
        0,
        0,
        0,
        0,
        0,
        0,
        0,
        0,
        0,
        0
      ]
    },
    {
      "command": "deno",
      "mean": 0.04220284472,
      "stddev": 0.0016600967050209572,
      "median": 0.04184023082,
      "user": 0.02416838,
      "system": 0.02241254,
      "min": 0.04100675232,
      "max": 0.04709038432,
      "times": [
        0.04182086332,
        0.04202216132,
        0.04709038432,
        0.04147295432,
        0.04185959832,
        0.04190482232,
        0.04204401732,
        0.04130521632,
        0.04100675232,
        0.04150167732
      ],
      "exit_codes": [
        0,
        0,
        0,
        0,
        0,
        0,
        0,
        0,
        0,
        0
      ]
    }
  ]
}