{
  "results": [
    {
      "command": "npm",
      "mean": 21.008560261579998,
      "stddev": 2.2148925167565054,
      "median": 20.65406485258,
      "user": 14.718470759999999,
      "system": 4.515157899999999,
      "min": 18.611909261079997,
      "max": 25.729209652079998,
      "times": [
        18.611909261079997,
        21.046948011079998,
        20.590463313079997,
        18.894200085079998,
        25.729209652079998,
        21.248208970079997,
        19.55858166908,
        20.717666392079998,
        19.32021054608,
        24.368204716079997
      ],
      "exit_codes": [
        0,
        0,
        0,
        0,
        0,
        0,
        0,
        0,
        0,
        0
      ]
    },
    {
      "command": "yarn",
      "mean": 25.07039566338,
      "stddev": 1.7361323244248508,
      "median": 24.522346155579996,
      "user": 30.96351616,
      "system": 14.833256500000001,
      "min": 24.149962154079997,
      "max": 30.22170783608,
      "times": [
        24.760252169079997,
        24.149962154079997,
        30.22170783608,
        24.370966329079998,
        24.429922120079997,
        24.228128770079998,
        24.886539753079997,
        24.19841073808,
        24.84329657308,
        24.614770191079998
      ],
      "exit_codes": [
        0,
        0,
        0,
        0,
        0,
        0,
        0,
        0,
        0,
        0
      ]
    },
    {
      "command": "berry",
      "mean": 8.871856064080001,
      "stddev": 0.21156593762653597,
      "median": 8.90638998608,
      "user": 14.595637360000001,
      "system": 5.2822887000000005,
      "min": 8.567116824080001,
      "max": 9.22535918208,
      "times": [
        8.70204522308,
        8.94986814308,
        8.934320252080001,
        8.567116824080001,
        9.22535918208,
        9.12595570108,
        8.64875254608,
        9.03690811308,
        8.87845972008,
        8.64977493608
      ],
      "exit_codes": [
        0,
        0,
        0,
        0,
        0,
        0,
        0,
        0,
        0,
        0
      ]
    },
    {
      "command": "pnpm",
      "mean": 6.396134954880001,
      "stddev": 1.0355882591859105,
      "median": 5.87895667558,
      "user": 10.02535546,
      "system": 3.6561778999999994,
      "min": 5.57698002308,
      "max": 8.96267377608,
      "times": [
        5.79067506108,
        7.47187223508,
        5.57698002308,
        6.21384570008,
        5.60790792508,
        5.69157433008,
        5.79299682308,
        6.88790714708,
        5.96491652808,
        8.96267377608
      ],
      "exit_codes": [
        0,
        0,
        0,
        0,
        0,
        0,
        0,
        0,
        0,
        0
      ]
    },
    {
      "command": "vlt",
      "mean": 11.704053758479999,
      "stddev": 5.349290376095505,
      "median": 9.181485221580001,
      "user": 10.84812436,
      "system": 5.000507499999999,
      "min": 8.68744049608,
      "max": 24.93152392208,
      "times": [
        19.20328047808,
        8.83572623008,
        8.72874276308,
        8.94996084908,
        24.93152392208,
        9.68527411708,
        8.90063831108,
        9.41300959408,
        9.70494082408,
        8.68744049608
      ],
      "exit_codes": [
        0,
        0,
        0,
        0,
        0,
        0,
        0,
        0,
        0,
        0
      ]
    },
    {
      "command": "bun",
      "mean": 3.09790998838,
      "stddev": 0.22480516936153408,
      "median": 3.03514712908,
      "user": 3.4809626599999994,
      "system": 3.1589757,
      "min": 2.78955076308,
      "max": 3.5709196990799996,
      "times": [
        2.78955076308,
        3.27426211508,
        3.0120979380799997,
        3.0343389300799997,
        2.94100315208,
        3.03595532808,
        3.35285624908,
        3.5709196990799996,
        2.8730068850799997,
        3.09510882408
      ],
      "exit_codes": [
        0,
        0,
        0,
        0,
        0,
        0,
        0,
        0,
        0,
        0
      ]
    },
    {
      "command": "deno",
      "mean": 11.889753515279999,
      "stddev": 2.144473319500238,
      "median": 11.71906548658,
      "user": 6.17476056,
      "system": 2.6880941,
      "min": 8.88745045708,
      "max": 15.03589523608,
      "times": [
        15.03589523608,
        8.88745045708,
        10.06089702208,
        14.56076442108,
        10.83623248108,
        9.38549011708,
        13.79975946208,
        13.45498696508,
        10.27416049908,
        12.60189849208
      ],
      "exit_codes": [
        0,
        0,
        0,
        0,
        0,
        0,
        0,
        0,
        0,
        0
      ]
    }
  ]
}