{
  "results": [
    {
      "command": "npm",
      "mean": 3.62144818944,
      "stddev": 0.018880352353521757,
      "median": 3.6186463823399997,
      "user": 4.0030876200000005,
      "system": 2.5708495200000003,
      "min": 3.58837960784,
      "max": 3.65387686984,
      "times": [
        3.63863681484,
        3.61203739584,
        3.60903079684,
        3.60560713384,
        3.64362187984,
        3.65387686984,
        3.58837960784,
        3.61152116684,
        3.62651485984,
        3.62525536884
      ],
      "exit_codes": [
        0,
        0,
        0,
        0,
        0,
        0,
        0,
        0,
        0,
        0
      ]
    },
    {
      "command": "yarn",
      "mean": 2.94091976734,
      "stddev": 0.5161070714518868,
      "median": 2.76723664234,
      "user": 2.8857266200000002,
      "system": 3.00911982,
      "min": 2.72056514384,
      "max": 4.48669835184,
      "times": [
        2.7422430538399998,
        2.76796075984,
        2.82683493984,
        4.48669835184,
        2.72056514384,
        2.7503629468399997,
        2.79861112784,
        2.76651252484,
        2.79748896384,
        2.7519198608399997
      ],
      "exit_codes": [
        0,
        0,
        0,
        0,
        0,
        0,
        0,
        0,
        0,
        0
      ]
    },
    {
      "command": "berry",
      "mean": 2.8586458595399997,
      "stddev": 0.01862115099728037,
      "median": 2.85449792334,
      "user": 3.4563215200000004,
      "system": 1.59364382,
      "min": 2.83419764284,
      "max": 2.90256723184,
      "times": [
        2.83419764284,
        2.8402822678399997,
        2.87006881284,
        2.84892667284,
        2.84669342484,
        2.90256723184,
        2.8719805628399997,
        2.8563151258399997,
        2.85268072084,
        2.86274613284
      ],
      "exit_codes": [
        0,
        0,
        0,
        0,
        0,
        0,
        0,
        0,
        0,
        0
      ]
    },
    {
      "command": "pnpm",
      "mean": 1.2253782841399998,
      "stddev": 0.010583264238013911,
      "median": 1.2243489838400001,
      "user": 1.87442232,
      "system": 0.6681881199999998,
      "min": 1.20811521684,
      "max": 1.24220754284,
      "times": [
        1.21508866884,
        1.22298665084,
        1.20811521684,
        1.21580679984,
        1.22199320684,
        1.23270716384,
        1.22571131684,
        1.24220754284,
        1.22748147584,
        1.24168479884
      ],
      "exit_codes": [
        0,
        0,
        0,
        0,
        0,
        0,
        0,
        0,
        0,
        0
      ]
    },
    {
      "command": "vlt",
      "mean": 1.93129652454,
      "stddev": 0.0069768572198066,
      "median": 1.9316485023399999,
      "user": 2.16335972,
      "system": 1.6642487199999998,
      "min": 1.92080010984,
      "max": 1.94139119584,
      "times": [
        1.93188655184,
        1.94139119584,
        1.92080010984,
        1.92652524084,
        1.93216922384,
        1.93891493484,
        1.94012012184,
        1.92084883584,
        1.92889857784,
        1.93141045284
      ],
      "exit_codes": [
        0,
        0,
        0,
        0,
        0,
        0,
        0,
        0,
        0,
        0
      ]
    },
    {
      "command": "bun",
      "mean": 0.3144093143400001,
      "stddev": 0.012518514376847732,
      "median": 0.31150856884000006,
      "user": 0.14639061999999997,
      "system": 0.26915511999999997,
      "min": 0.30536245784000005,
      "max": 0.35114012684000007,
      "times": [
        0.30536245784000005,
        0.31147340384000005,
        0.31381136884000005,
        0.30569766284000005,
        0.31169094084000004,
        0.31077705284000007,
        0.31254545884000007,
        0.31005093684000007,
        0.35114012684000007,
        0.31154373384000006
      ],
      "exit_codes": [
        0,
        0,
        0,
        0,
        0,
        0,
        0,
        0,
        0,
        0
      ]
    },
    {
      "command": "deno",
      "mean": 0.5632769017400001,
      "stddev": 0.012761168243075516,
      "median": 0.56428032084,
      "user": 0.50778892,
      "system": 0.5763118199999999,
      "min": 0.53517443184,
      "max": 0.5813874308400001,
      "times": [
        0.53517443184,
        0.5608110298400001,
        0.56350752284,
        0.57481668184,
        0.5535797548400001,
        0.57656417684,
        0.5650531188400001,
        0.5813874308400001,
        0.55435160384,
        0.56752326584
      ],
      "exit_codes": [
        0,
        0,
        0,
        0,
        0,
        0,
        0,
        0,
        0,
        0
      ]
    }
  ]
}