{
  "results": [
    {
      "command": "npm",
      "mean": 0.57216822692,
      "stddev": 0.006846827168012514,
      "median": 0.5714845740200001,
      "user": 0.6369986599999999,
      "system": 0.10462804,
      "min": 0.5611510375200001,
      "max": 0.5871262285200001,
      "times": [
        0.57141307752,
        0.5644570105200001,
        0.57523811952,
        0.5785654495200001,
        0.5728319045200001,
        0.5611510375200001,
        0.5715560705200001,
        0.5696096345200001,
        0.56973373652,
        0.5871262285200001
      ],
      "exit_codes": [
        0,
        0,
        0,
        0,
        0,
        0,
        0,
        0,
        0,
        0
      ]
    },
    {
      "command": "yarn",
      "mean": 0.31347065562000004,
      "stddev": 0.003222922349948053,
      "median": 0.31280774602000005,
      "user": 0.35683156,
      "system": 0.06682574,
      "min": 0.31003607552,
      "max": 0.32158035752,
      "times": [
        0.31094640552,
        0.31335756252,
        0.31225792952000003,
        0.31549235352,
        0.32158035752,
        0.31003607552,
        0.31377479652,
        0.31512015752,
        0.31119463252,
        0.31094628552000003
      ],
      "exit_codes": [
        0,
        0,
        0,
        0,
        0,
        0,
        0,
        0,
        0,
        0
      ]
    },
    {
      "command": "berry",
      "mean": 4.7092714437200005,
      "stddev": 0.09841236087737035,
      "median": 4.725852142520001,
      "user": 8.82255416,
      "system": 2.94594224,
      "min": 4.48723755652,
      "max": 4.804575096520001,
      "times": [
        4.804575096520001,
        4.70701159752,
        4.56960806252,
        4.72951377652,
        4.79756915152,
        4.77248618552,
        4.48723755652,
        4.722190508520001,
        4.7121358335200005,
        4.79038666852
      ],
      "exit_codes": [
        0,
        0,
        0,
        0,
        0,
        0,
        0,
        0,
        0,
        0
      ]
    },
    {
      "command": "pnpm",
      "mean": 0.6744769589200001,
      "stddev": 0.017712331707780592,
      "median": 0.6679289410200001,
      "user": 0.8346190599999999,
      "system": 0.15716033999999995,
      "min": 0.6567234595200001,
      "max": 0.7234443925200001,
      "times": [
        0.6648633155200001,
        0.6853821455200001,
        0.6681730255200001,
        0.6665579415200001,
        0.7234443925200001,
        0.6669682535200001,
        0.67261772352,
        0.6567234595200001,
        0.6676848565200001,
        0.67235447552
      ],
      "exit_codes": [
        0,
        0,
        0,
        0,
        0,
        0,
        0,
        0,
        0,
        0
      ]
    },
    {
      "command": "vlt",
      "mean": 0.33573382872,
      "stddev": 0.0036133109570437995,
      "median": 0.33448008202,
      "user": 0.35959936,
      "system": 0.07495954,
      "min": 0.33148559652000004,
      "max": 0.34369250552,
      "times": [
        0.33326696952,
        0.34369250552,
        0.33654142352,
        0.33483551252,
        0.33229600552,
        0.33407560752000004,
        0.33148559652000004,
        0.33412465152000004,
        0.34063785352000003,
        0.33638216152
      ],
      "exit_codes": [
        0,
        0,
        0,
        0,
        0,
        0,
        0,
        0,
        0,
        0
      ]
    },
    {
      "command": "bun",
      "mean": 0.011477452620000002,
      "stddev": 0.00018237793068924204,
      "median": 0.01143585052,
      "user": 0.00787326,
      "system": 0.00919924,
      "min": 0.01128066852,
      "max": 0.01186701752,
      "times": [
        0.01174261752,
        0.01186701752,
        0.01150207952,
        0.01134491552,
        0.01128066852,
        0.01151834252,
        0.01141458652,
        0.01145711452,
        0.01133506752,
        0.01131211652
      ],
      "exit_codes": [
        0,
        0,
        0,
        0,
        0,
        0,
        0,
        0,
        0,
        0
      ]
    },
    {
      "command": "deno",
      "mean": 0.8706717236200001,
      "stddev": 0.08391436428544576,
      "median": 0.8631479335200001,
      "user": 0.31704935999999995,
      "system": 0.13226043999999998,
      "min": 0.73658492752,
      "max": 1.0389109545200002,
      "times": [
        1.0389109545200002,
        0.8558029165200001,
        0.9043454175200001,
        0.9359280645200001,
        0.7911498975200001,
        0.9390588475200001,
        0.8472610375200001,
        0.7871822225200001,
        0.73658492752,
        0.8704929505200001
      ],
      "exit_codes": [
        0,
        0,
        0,
        0,
        0,
        0,
        0,
        0,
        0,
        0
      ]
    }
  ]
}