{
  "results": [
    {
      "command": "npm",
      "mean": 0.5740007201000001,
      "stddev": 0.005962083694084189,
      "median": 0.5736111019000001,
      "user": 0.63852616,
      "system": 0.10438763999999998,
      "min": 0.5652460024,
      "max": 0.5826840464,
      "times": [
        0.5678151394000001,
        0.5823682344000001,
        0.5738256634000001,
        0.5652460024,
        0.5826840464,
        0.5733965404000001,
        0.5696493974000001,
        0.5802372774000001,
        0.5684084144,
        0.5763764854000001
      ],
      "exit_codes": [
        0,
        0,
        0,
        0,
        0,
        0,
        0,
        0,
        0,
        0
      ]
    },
    {
      "command": "yarn",
      "mean": 0.32020306200000004,
      "stddev": 0.004583865942546563,
      "median": 0.31938532090000005,
      "user": 0.36826275999999997,
      "system": 0.06390174,
      "min": 0.31325779740000004,
      "max": 0.32695445440000004,
      "times": [
        0.32695445440000004,
        0.31325779740000004,
        0.31593502440000004,
        0.32092404240000005,
        0.3197681954,
        0.31900244640000003,
        0.31830400740000003,
        0.31558247840000003,
        0.32648239040000004,
        0.32581978340000006
      ],
      "exit_codes": [
        0,
        0,
        0,
        0,
        0,
        0,
        0,
        0,
        0,
        0
      ]
    },
    {
      "command": "berry",
      "mean": 4.768525098599999,
      "stddev": 0.05180566306049738,
      "median": 4.7898677939,
      "user": 9.05657966,
      "system": 3.0133157400000004,
      "min": 4.6667699414,
      "max": 4.8217851054,
      "times": [
        4.6854846114,
        4.7339973963999995,
        4.8197342384,
        4.7805176364,
        4.7938049484,
        4.6667699414,
        4.8217851054,
        4.7940949534,
        4.7859306394,
        4.8031315154
      ],
      "exit_codes": [
        0,
        0,
        0,
        0,
        0,
        0,
        0,
        0,
        0,
        0
      ]
    },
    {
      "command": "zpm",
      "mean": 2.6407024356000006,
      "stddev": 0.1196422624375309,
      "median": 2.6365030679000006,
      "user": 1.95183796,
      "system": 1.4434846399999999,
      "min": 2.4659756184000003,
      "max": 2.8559049804,
      "times": [
        2.7078112594,
        2.7566893564000003,
        2.8559049804,
        2.6964933654000003,
        2.7311962984,
        2.5529518884000004,
        2.5589345914000003,
        2.4659756184000003,
        2.5045542274000003,
        2.5765127704000004
      ],
      "exit_codes": [
        0,
        0,
        0,
        0,
        0,
        0,
        0,
        0,
        0,
        0
      ]
    },
    {
      "command": "pnpm",
      "mean": 0.6857770363,
      "stddev": 0.06234884229964982,
      "median": 0.6646473369000001,
      "user": 0.8539712600000001,
      "system": 0.15627234,
      "min": 0.6483462784,
      "max": 0.8708939954000001,
      "times": [
        0.6581257794,
        0.8708939954000001,
        0.6596686824000001,
        0.6708495384000001,
        0.6642927564000001,
        0.6825551934,
        0.6483462784,
        0.6630986704,
        0.6749375514000001,
        0.6650019174
      ],
      "exit_codes": [
        0,
        0,
        0,
        0,
        0,
        0,
        0,
        0,
        0,
        0
      ]
    },
    {
      "command": "vlt",
      "mean": 0.6183770312000001,
      "stddev": 0.010926067795739963,
      "median": 0.6135711419000001,
      "user": 0.66017076,
      "system": 0.17024874,
      "min": 0.6062651504000001,
      "max": 0.6427308934,
      "times": [
        0.6125581114,
        0.6427308934,
        0.6070042944,
        0.6062651504000001,
        0.6118816684,
        0.6201377714,
        0.6145841724000001,
        0.6122462044000001,
        0.6289819844000001,
        0.6273800614
      ],
      "exit_codes": [
        0,
        0,
        0,
        0,
        0,
        0,
        0,
        0,
        0,
        0
      ]
    },
    {
      "command": "bun",
      "mean": 0.011623196400000002,
      "stddev": 0.00021720881893882668,
      "median": 0.0115774334,
      "user": 0.00867806,
      "system": 0.008256340000000001,
      "min": 0.0113372444,
      "max": 0.0120072484,
      "times": [
        0.0114646364,
        0.0116399404,
        0.0113620144,
        0.0114612384,
        0.0118011424,
        0.0115149264,
        0.0113372444,
        0.0118359464,
        0.0118076264,
        0.0120072484
      ],
      "exit_codes": [
        0,
        0,
        0,
        0,
        0,
        0,
        0,
        0,
        0,
        0
      ]
    },
    {
      "command": "deno",
      "mean": 0.6738592613000002,
      "stddev": 0.02922288184356194,
      "median": 0.6646908289000001,
      "user": 0.33144956,
      "system": 0.13882924,
      "min": 0.6232986814000001,
      "max": 0.7131992524,
      "times": [
        0.6445006754000001,
        0.7110032604000001,
        0.6649416304000001,
        0.6232986814000001,
        0.7000733824,
        0.7021704054000001,
        0.7131992524,
        0.6568408324,
        0.6644400274000001,
        0.6581244654
      ],
      "exit_codes": [
        0,
        0,
        0,
        0,
        0,
        0,
        0,
        0,
        0,
        0
      ]
    }
  ]
}