{
  "results": [
    {
      "command": "npm",
      "mean": 0.58441792902,
      "stddev": 0.009229414352616205,
      "median": 0.58547033402,
      "user": 0.65404678,
      "system": 0.1018858,
      "min": 0.57158717552,
      "max": 0.59843525752,
      "times": [
        0.59843525752,
        0.59350485952,
        0.58164275952,
        0.57690076852,
        0.57629707352,
        0.57158717552,
        0.59021343252,
        0.59357499952,
        0.57272505552,
        0.58929790852
      ],
      "exit_codes": [
        0,
        0,
        0,
        0,
        0,
        0,
        0,
        0,
        0,
        0
      ]
    },
    {
      "command": "yarn",
      "mean": 0.31356408342,
      "stddev": 0.0029225714416313054,
      "median": 0.31387268601999996,
      "user": 0.36286398000000003,
      "system": 0.0630224,
      "min": 0.30950974052,
      "max": 0.31813770252,
      "times": [
        0.31404031152,
        0.31791239952,
        0.31449798852,
        0.31813770252,
        0.31485049752,
        0.30993487352,
        0.30996099152,
        0.30950974052,
        0.31309126851999997,
        0.31370506051999997
      ],
      "exit_codes": [
        0,
        0,
        0,
        0,
        0,
        0,
        0,
        0,
        0,
        0
      ]
    },
    {
      "command": "berry",
      "mean": 4.7681524276200005,
      "stddev": 0.1459511977065753,
      "median": 4.75752117452,
      "user": 8.922284479999998,
      "system": 2.9533564999999995,
      "min": 4.58726286852,
      "max": 5.10844877252,
      "times": [
        4.74852261552,
        4.82747268452,
        4.86168864652,
        4.59066329652,
        4.76651973352,
        4.58726286852,
        4.7123644355200005,
        4.65109119752,
        5.10844877252,
        4.82749002552
      ],
      "exit_codes": [
        0,
        0,
        0,
        0,
        0,
        0,
        0,
        0,
        0,
        0
      ]
    },
    {
      "command": "pnpm",
      "mean": 0.67492553632,
      "stddev": 0.017931029486657677,
      "median": 0.66927971402,
      "user": 0.8241274799999999,
      "system": 0.15269260000000004,
      "min": 0.65614688552,
      "max": 0.70774240652,
      "times": [
        0.66451268952,
        0.68455294152,
        0.66982541152,
        0.6735807325200001,
        0.70650038452,
        0.70774240652,
        0.6601061715200001,
        0.65614688552,
        0.66873401652,
        0.65755372352
      ],
      "exit_codes": [
        0,
        0,
        0,
        0,
        0,
        0,
        0,
        0,
        0,
        0
      ]
    },
    {
      "command": "vlt",
      "mean": 0.30697601042,
      "stddev": 0.0034428809032955657,
      "median": 0.30730142852,
      "user": 0.33304528,
      "system": 0.07203719999999998,
      "min": 0.30100940152,
      "max": 0.31180632252,
      "times": [
        0.31002776651999997,
        0.30100940152,
        0.31180632252,
        0.30775040952,
        0.30319644351999997,
        0.30592342252,
        0.30758868052,
        0.30367162152,
        0.31177185951999997,
        0.30701417652
      ],
      "exit_codes": [
        0,
        0,
        0,
        0,
        0,
        0,
        0,
        0,
        0,
        0
      ]
    },
    {
      "command": "bun",
      "mean": 0.01186811592,
      "stddev": 0.0005826234448377785,
      "median": 0.01156315602,
      "user": 0.008062379999999997,
      "system": 0.009599599999999998,
      "min": 0.01135102252,
      "max": 0.01299498852,
      "times": [
        0.01293020052,
        0.01148146052,
        0.011485304520000001,
        0.01135102252,
        0.01164100752,
        0.011438914520000001,
        0.01206166852,
        0.01147038252,
        0.01182620952,
        0.01299498852
      ],
      "exit_codes": [
        0,
        0,
        0,
        0,
        0,
        0,
        0,
        0,
        0,
        0
      ]
    },
    {
      "command": "deno",
      "mean": 0.18106430802,
      "stddev": 0.012533531463847053,
      "median": 0.17906170652000003,
      "user": 0.04844898,
      "system": 0.036441699999999994,
      "min": 0.16058932752000002,
      "max": 0.20323242352,
      "times": [
        0.18888800552,
        0.18171660052000002,
        0.17581059752,
        0.17404124152,
        0.16058932752000002,
        0.18426037152000002,
        0.17640681252,
        0.19839566652,
        0.16730203352,
        0.20323242352
      ],
      "exit_codes": [
        0,
        0,
        0,
        0,
        0,
        0,
        0,
        0,
        0,
        0
      ]
    }
  ]
}