{
  "results": [
    {
      "command": "npm",
      "mean": 0.5846675077800001,
      "stddev": 0.003683170083761703,
      "median": 0.58499728508,
      "user": 0.6530891000000001,
      "system": 0.10971898,
      "min": 0.57668296758,
      "max": 0.5904669115800001,
      "times": [
        0.5817666045800001,
        0.58866412558,
        0.5844300155800001,
        0.5849366075800001,
        0.5850579625800001,
        0.5820892095800001,
        0.5872088185800001,
        0.57668296758,
        0.5904669115800001,
        0.5853718545800001
      ],
      "exit_codes": [
        0,
        0,
        0,
        0,
        0,
        0,
        0,
        0,
        0,
        0
      ]
    },
    {
      "command": "yarn",
      "mean": 0.32280459398000005,
      "stddev": 0.005016659855851753,
      "median": 0.32170913108000004,
      "user": 0.3714858,
      "system": 0.06610838,
      "min": 0.31585270158000006,
      "max": 0.33140434058000007,
      "times": [
        0.31917888058000005,
        0.32010470958000004,
        0.32477391458000004,
        0.32052846358000003,
        0.33140434058000007,
        0.32529695358000005,
        0.32288979858000005,
        0.31585270158000006,
        0.33074508458000007,
        0.31727109258
      ],
      "exit_codes": [
        0,
        0,
        0,
        0,
        0,
        0,
        0,
        0,
        0,
        0
      ]
    },
    {
      "command": "berry",
      "mean": 4.85704442338,
      "stddev": 0.1276272594902765,
      "median": 4.86137983908,
      "user": 8.9848194,
      "system": 3.00883968,
      "min": 4.64712668158,
      "max": 5.03800037658,
      "times": [
        4.64712668158,
        4.79198825058,
        5.03800037658,
        4.75229386958,
        4.95099534658,
        4.89398508758,
        4.82877459058,
        4.97294318958,
        4.99924324958,
        4.69509359158
      ],
      "exit_codes": [
        0,
        0,
        0,
        0,
        0,
        0,
        0,
        0,
        0,
        0
      ]
    },
    {
      "command": "pnpm",
      "mean": 0.74889158848,
      "stddev": 0.021884229635094888,
      "median": 0.74512150258,
      "user": 0.8585244999999999,
      "system": 0.15645668000000004,
      "min": 0.7189291685800001,
      "max": 0.7940447545800001,
      "times": [
        0.7189291685800001,
        0.7320092595800001,
        0.7940447545800001,
        0.74878849558,
        0.7285477545800001,
        0.7811107975800001,
        0.75410257158,
        0.74511829358,
        0.74512471158,
        0.7411400775800001
      ],
      "exit_codes": [
        0,
        0,
        0,
        0,
        0,
        0,
        0,
        0,
        0,
        0
      ]
    },
    {
      "command": "vlt",
      "mean": 0.35330944748000004,
      "stddev": 0.005169417831601134,
      "median": 0.3523910235800001,
      "user": 0.37268540000000006,
      "system": 0.08118558,
      "min": 0.34608067458,
      "max": 0.36159052658000007,
      "times": [
        0.35701581258000004,
        0.34845717558000006,
        0.35682033358000004,
        0.34881919358,
        0.34902559258000004,
        0.34608067458,
        0.3508354415800001,
        0.3539466055800001,
        0.36159052658000007,
        0.36050311858000006
      ],
      "exit_codes": [
        0,
        0,
        0,
        0,
        0,
        0,
        0,
        0,
        0,
        0
      ]
    },
    {
      "command": "bun",
      "mean": 0.011775185980000002,
      "stddev": 0.0006029982877752141,
      "median": 0.01158391358,
      "user": 0.008104700000000001,
      "system": 0.00936988,
      "min": 0.011381422580000002,
      "max": 0.01355730358,
      "times": [
        0.011619654580000001,
        0.011561378580000002,
        0.011381422580000002,
        0.01180698858,
        0.01160334858,
        0.01152814058,
        0.01355730358,
        0.01163698758,
        0.011492156580000001,
        0.01156447858
      ],
      "exit_codes": [
        0,
        0,
        0,
        0,
        0,
        0,
        0,
        0,
        0,
        0
      ]
    },
    {
      "command": "deno",
      "mean": 1.00111567278,
      "stddev": 0.24105665050702957,
      "median": 0.9104662865800001,
      "user": 0.31703709999999996,
      "system": 0.13944608,
      "min": 0.8157406635800001,
      "max": 1.63738645058,
      "times": [
        1.10427372858,
        0.9387810775800001,
        0.8590631615800001,
        0.8213864105800001,
        0.83602820858,
        0.8157406635800001,
        0.90560236658,
        1.63738645058,
        0.9153302065800001,
        1.1775644535799998
      ],
      "exit_codes": [
        0,
        0,
        0,
        0,
        0,
        0,
        0,
        0,
        0,
        0
      ]
    }
  ]
}