{
  "results": [
    {
      "command": "npm",
      "mean": 0.5814681926799999,
      "stddev": 0.003195335024274882,
      "median": 0.58181761538,
      "user": 0.6614859,
      "system": 0.10099916,
      "min": 0.57664868038,
      "max": 0.58804164438,
      "times": [
        0.57672280038,
        0.57999696838,
        0.58415664138,
        0.58046899738,
        0.57664868038,
        0.58139459438,
        0.58251715838,
        0.58249380538,
        0.58224063638,
        0.58804164438
      ],
      "exit_codes": [
        0,
        0,
        0,
        0,
        0,
        0,
        0,
        0,
        0,
        0
      ]
    },
    {
      "command": "yarn",
      "mean": 0.3203650376800001,
      "stddev": 0.003257029981677915,
      "median": 0.32086458488,
      "user": 0.36357959999999995,
      "system": 0.06729045999999998,
      "min": 0.31520760938000003,
      "max": 0.32519250338000005,
      "times": [
        0.31523174038,
        0.31890891938000004,
        0.31989488938000005,
        0.31520760938000003,
        0.32214403238000006,
        0.32183428038000006,
        0.32268705038,
        0.31852542438000003,
        0.32402392738,
        0.32519250338000005
      ],
      "exit_codes": [
        0,
        0,
        0,
        0,
        0,
        0,
        0,
        0,
        0,
        0
      ]
    },
    {
      "command": "berry",
      "mean": 5.328428347180001,
      "stddev": 0.11551039644884252,
      "median": 5.31857138038,
      "user": 9.681939499999999,
      "system": 3.10047306,
      "min": 5.10132558138,
      "max": 5.54744605738,
      "times": [
        5.280250967380001,
        5.10132558138,
        5.32239986038,
        5.296546585380001,
        5.46777896938,
        5.233984356380001,
        5.314742900380001,
        5.35911556938,
        5.36069262438,
        5.54744605738
      ],
      "exit_codes": [
        0,
        0,
        0,
        0,
        0,
        0,
        0,
        0,
        0,
        0
      ]
    },
    {
      "command": "zpm",
      "mean": 2.1135199579800004,
      "stddev": 0.16288592818933517,
      "median": 2.04232595938,
      "user": 1.9991586000000001,
      "system": 1.01100616,
      "min": 1.96643892938,
      "max": 2.46269912138,
      "times": [
        1.96643892938,
        2.00358426838,
        2.36697770438,
        2.04869021238,
        2.0359617063799997,
        2.46269912138,
        2.14590651238,
        2.1367185803799997,
        1.9759199743800002,
        1.9923025703800001
      ],
      "exit_codes": [
        0,
        0,
        0,
        0,
        0,
        0,
        0,
        0,
        0,
        0
      ]
    },
    {
      "command": "pnpm",
      "mean": 0.68632338498,
      "stddev": 0.024233058602449106,
      "median": 0.67797544688,
      "user": 0.8371945000000001,
      "system": 0.15507116,
      "min": 0.65737593338,
      "max": 0.74599196038,
      "times": [
        0.67285872338,
        0.67310539038,
        0.66742846938,
        0.70041148738,
        0.74599196038,
        0.68375155838,
        0.67522055838,
        0.70635943338,
        0.68073033538,
        0.65737593338
      ],
      "exit_codes": [
        0,
        0,
        0,
        0,
        0,
        0,
        0,
        0,
        0,
        0
      ]
    },
    {
      "command": "vlt",
      "mean": 0.64296347588,
      "stddev": 0.009247473589129205,
      "median": 0.64554756888,
      "user": 0.6779918,
      "system": 0.17012576,
      "min": 0.62778847138,
      "max": 0.65428057738,
      "times": [
        0.65124386838,
        0.62778847138,
        0.65155606538,
        0.65428057738,
        0.65201658238,
        0.64734117238,
        0.63545505538,
        0.63401666838,
        0.64375396538,
        0.63218233238
      ],
      "exit_codes": [
        0,
        0,
        0,
        0,
        0,
        0,
        0,
        0,
        0,
        0
      ]
    },
    {
      "command": "bun",
      "mean": 0.01269892528,
      "stddev": 0.0003617441876366364,
      "median": 0.01258327188,
      "user": 0.0088672,
      "system": 0.009485859999999999,
      "min": 0.01234374038,
      "max": 0.01360425938,
      "times": [
        0.01260756838,
        0.01237813138,
        0.01252666738,
        0.01247652338,
        0.012813812380000001,
        0.01234374038,
        0.01261624438,
        0.01255897538,
        0.01306333038,
        0.01360425938
      ],
      "exit_codes": [
        0,
        0,
        0,
        0,
        0,
        0,
        0,
        0,
        0,
        0
      ]
    },
    {
      "command": "deno",
      "mean": 0.8776515936799999,
      "stddev": 0.08698321999456372,
      "median": 0.8799099023800001,
      "user": 0.34695309999999996,
      "system": 0.13598656000000003,
      "min": 0.77359438938,
      "max": 1.04734061538,
      "times": [
        1.04734061538,
        0.79486850838,
        0.77359438938,
        0.9190369323800001,
        0.9337496173800001,
        0.78603316638,
        0.80043755338,
        0.95972446538,
        0.84078287238,
        0.92094781638
      ],
      "exit_codes": [
        0,
        0,
        0,
        0,
        0,
        0,
        0,
        0,
        0,
        0
      ]
    }
  ]
}