{
  "results": [
    {
      "command": "npm",
      "mean": 0.5926382251599998,
      "stddev": 0.005239592541415331,
      "median": 0.59254401176,
      "user": 0.6611011400000001,
      "system": 0.10736004000000002,
      "min": 0.58437229376,
      "max": 0.60443274476,
      "times": [
        0.59136256576,
        0.59637616476,
        0.59004134276,
        0.59470575976,
        0.59372545776,
        0.59447731376,
        0.58905123176,
        0.60443274476,
        0.58437229376,
        0.58783737676
      ],
      "exit_codes": [
        0,
        0,
        0,
        0,
        0,
        0,
        0,
        0,
        0,
        0
      ]
    },
    {
      "command": "yarn",
      "mean": 0.3196774881600001,
      "stddev": 0.0021638013895228067,
      "median": 0.31932929176,
      "user": 0.36616824,
      "system": 0.06802454,
      "min": 0.31576720176000006,
      "max": 0.32327171776,
      "times": [
        0.32004596276,
        0.31816146876000007,
        0.31780267776000004,
        0.32142749976000007,
        0.31861262076,
        0.32108674076000004,
        0.32198861876000007,
        0.32327171776,
        0.31861037276000004,
        0.31576720176000006
      ],
      "exit_codes": [
        0,
        0,
        0,
        0,
        0,
        0,
        0,
        0,
        0,
        0
      ]
    },
    {
      "command": "berry",
      "mean": 4.806853207660001,
      "stddev": 0.19590447981018466,
      "median": 4.695170711760001,
      "user": 8.847511539999998,
      "system": 3.00447174,
      "min": 4.587235064760001,
      "max": 5.143732523760001,
      "times": [
        4.83853089776,
        5.143732523760001,
        4.667887585760001,
        4.673321892760001,
        5.110662248760001,
        4.683759402760001,
        4.706582020760001,
        5.009358525760001,
        4.587235064760001,
        4.647461913760001
      ],
      "exit_codes": [
        0,
        0,
        0,
        0,
        0,
        0,
        0,
        0,
        0,
        0
      ]
    },
    {
      "command": "pnpm",
      "mean": 0.72402536766,
      "stddev": 0.051395342553487065,
      "median": 0.70666575576,
      "user": 0.8397715400000001,
      "system": 0.15653264,
      "min": 0.65424875276,
      "max": 0.8204251917600001,
      "times": [
        0.70623852076,
        0.71521493476,
        0.68455282776,
        0.8204251917600001,
        0.65424875276,
        0.70709299076,
        0.69439052076,
        0.69143488276,
        0.76051884776,
        0.80613620676
      ],
      "exit_codes": [
        0,
        0,
        0,
        0,
        0,
        0,
        0,
        0,
        0,
        0
      ]
    },
    {
      "command": "vlt",
      "mean": 0.31070939066000003,
      "stddev": 0.004417747288548443,
      "median": 0.31011162576000006,
      "user": 0.33772714000000004,
      "system": 0.07245174,
      "min": 0.30493736776,
      "max": 0.31682758276000006,
      "times": [
        0.30999313776000004,
        0.30599771276000004,
        0.31652190876,
        0.31672828076000004,
        0.31118242676,
        0.30493736776,
        0.30939934076000003,
        0.31682758276000006,
        0.31023011376000004,
        0.30527603476000004
      ],
      "exit_codes": [
        0,
        0,
        0,
        0,
        0,
        0,
        0,
        0,
        0,
        0
      ]
    },
    {
      "command": "bun",
      "mean": 0.012405741860000001,
      "stddev": 0.00069983927624226,
      "median": 0.01200919576,
      "user": 0.00921744,
      "system": 0.00903754,
      "min": 0.01179162576,
      "max": 0.013546112760000001,
      "times": [
        0.01179162576,
        0.012345843760000001,
        0.01184219976,
        0.01335141676,
        0.013546112760000001,
        0.01185493376,
        0.01186113876,
        0.01207472676,
        0.01344575576,
        0.01194366476
      ],
      "exit_codes": [
        0,
        0,
        0,
        0,
        0,
        0,
        0,
        0,
        0,
        0
      ]
    },
    {
      "command": "deno",
      "mean": 0.24138610036000002,
      "stddev": 0.0579127335188402,
      "median": 0.21709581626000002,
      "user": 0.05346004,
      "system": 0.03394884,
      "min": 0.18111444376000002,
      "max": 0.35093678676000006,
      "times": [
        0.26604371076000005,
        0.21749264176000002,
        0.19851183676,
        0.18111444376000002,
        0.18809993776,
        0.23540527776,
        0.35093678676000006,
        0.34479831476000006,
        0.21669899076000002,
        0.21475906276
      ],
      "exit_codes": [
        0,
        0,
        0,
        0,
        0,
        0,
        0,
        0,
        0,
        0
      ]
    }
  ]
}