{
  "results": [
    {
      "command": "npm",
      "mean": 0.5919566890800001,
      "stddev": 0.004884153732630701,
      "median": 0.59064449418,
      "user": 0.6648793199999999,
      "system": 0.10345449999999998,
      "min": 0.58687921168,
      "max": 0.60330752168,
      "times": [
        0.58835644268,
        0.58975927368,
        0.58687921168,
        0.58940805768,
        0.5918533796800001,
        0.58767520068,
        0.60330752168,
        0.59152971468,
        0.59835012268,
        0.59244796568
      ],
      "exit_codes": [
        0,
        0,
        0,
        0,
        0,
        0,
        0,
        0,
        0,
        0
      ]
    },
    {
      "command": "yarn",
      "mean": 0.32184838448,
      "stddev": 0.0035475171089722935,
      "median": 0.32094359168,
      "user": 0.36981862,
      "system": 0.06818129999999999,
      "min": 0.31645487568,
      "max": 0.32756731468,
      "times": [
        0.31903812968,
        0.32063224068,
        0.31645487568,
        0.32125494268,
        0.32023866868,
        0.32756731468,
        0.32470100068,
        0.32618431168,
        0.32466813368,
        0.31774422668
      ],
      "exit_codes": [
        0,
        0,
        0,
        0,
        0,
        0,
        0,
        0,
        0,
        0
      ]
    },
    {
      "command": "berry",
      "mean": 4.90798446038,
      "stddev": 0.12738827780846415,
      "median": 4.885997702179999,
      "user": 9.012673119999999,
      "system": 2.9387689,
      "min": 4.75497266468,
      "max": 5.10665567468,
      "times": [
        4.83890845868,
        5.00252425768,
        4.75497266468,
        4.79809311768,
        4.7993686666799995,
        4.9330869456799995,
        5.09079729068,
        4.99158143668,
        4.76385609068,
        5.10665567468
      ],
      "exit_codes": [
        0,
        0,
        0,
        0,
        0,
        0,
        0,
        0,
        0,
        0
      ]
    },
    {
      "command": "pnpm",
      "mean": 0.72375413168,
      "stddev": 0.02374789338061047,
      "median": 0.7202304851800001,
      "user": 0.8538698200000001,
      "system": 0.1518303,
      "min": 0.6915446096800001,
      "max": 0.7781908846800001,
      "times": [
        0.6915446096800001,
        0.71216921468,
        0.72635804668,
        0.71580378268,
        0.7781908846800001,
        0.7461031636800001,
        0.7246571876800001,
        0.7329679086800001,
        0.6966134416800001,
        0.71313307668
      ],
      "exit_codes": [
        0,
        0,
        0,
        0,
        0,
        0,
        0,
        0,
        0,
        0
      ]
    },
    {
      "command": "vlt",
      "mean": 0.30966736658000005,
      "stddev": 0.0025538813546217287,
      "median": 0.30928446068000004,
      "user": 0.33618142000000006,
      "system": 0.0723793,
      "min": 0.30450880568,
      "max": 0.31348468868,
      "times": [
        0.30889509868000004,
        0.31052391268,
        0.30450880568,
        0.31348468868,
        0.30743194768,
        0.30895819268,
        0.30848289768000003,
        0.31168411968000004,
        0.30961072868,
        0.31309327368
      ],
      "exit_codes": [
        0,
        0,
        0,
        0,
        0,
        0,
        0,
        0,
        0,
        0
      ]
    },
    {
      "command": "bun",
      "mean": 0.012207062780000003,
      "stddev": 0.0007636558822267329,
      "median": 0.011886627180000001,
      "user": 0.00903532,
      "system": 0.009088299999999999,
      "min": 0.011471247680000001,
      "max": 0.01363623168,
      "times": [
        0.01161673068,
        0.01363623168,
        0.012112613680000002,
        0.011471247680000001,
        0.011571785680000002,
        0.01159286968,
        0.011777432680000002,
        0.012913638680000002,
        0.01338225568,
        0.011995821680000001
      ],
      "exit_codes": [
        0,
        0,
        0,
        0,
        0,
        0,
        0,
        0,
        0,
        0
      ]
    },
    {
      "command": "deno",
      "mean": 0.22587008618000004,
      "stddev": 0.03435013948698952,
      "median": 0.22214952318000003,
      "user": 0.051016719999999995,
      "system": 0.0400807,
      "min": 0.17909255368000002,
      "max": 0.29660115768,
      "times": [
        0.19179120968,
        0.24064489668,
        0.29660115768,
        0.19361543668,
        0.25733878168,
        0.20398882768,
        0.17909255368000002,
        0.22680593068000002,
        0.25132895168,
        0.21749311568000002
      ],
      "exit_codes": [
        0,
        0,
        0,
        0,
        0,
        0,
        0,
        0,
        0,
        0
      ]
    }
  ]
}