{
  "results": [
    {
      "command": "npm",
      "mean": 7.930489109259999,
      "stddev": 0.02369252621245714,
      "median": 7.9407432362599994,
      "user": 7.26895668,
      "system": 5.18350534,
      "min": 7.8939509687600005,
      "max": 7.96075487676,
      "times": [
        7.90137379576,
        7.90502845176,
        7.9577558367600005,
        7.96075487676,
        7.9110739287600005,
        7.93882158876,
        7.94266488376,
        7.94623190576,
        7.94723485576,
        7.8939509687600005
      ],
      "exit_codes": [
        0,
        0,
        0,
        0,
        0,
        0,
        0,
        0,
        0,
        0
      ]
    },
    {
      "command": "yarn",
      "mean": 4.13705071286,
      "stddev": 0.5113773983257285,
      "median": 3.9750716752599997,
      "user": 3.5123208799999994,
      "system": 4.421610339999999,
      "min": 3.88710290276,
      "max": 5.66021769476,
      "times": [
        3.92806295776,
        4.11376754376,
        5.66021769476,
        3.91012503576,
        3.99018661376,
        3.98086229876,
        4.00926730676,
        3.96928105176,
        3.88710290276,
        3.92163372276
      ],
      "exit_codes": [
        0,
        0,
        0,
        0,
        0,
        0,
        0,
        0,
        0,
        0
      ]
    },
    {
      "command": "berry",
      "mean": 4.19809023526,
      "stddev": 0.03407737230232415,
      "median": 4.189592596260001,
      "user": 4.33792438,
      "system": 2.4602045400000003,
      "min": 4.1351871967600005,
      "max": 4.25474139776,
      "times": [
        4.1351871967600005,
        4.18052865676,
        4.19303834476,
        4.19016620276,
        4.18901898976,
        4.22991838176,
        4.18370019376,
        4.17807070276,
        4.24653228576,
        4.25474139776
      ],
      "exit_codes": [
        0,
        0,
        0,
        0,
        0,
        0,
        0,
        0,
        0,
        0
      ]
    },
    {
      "command": "zpm",
      "mean": 1.08475247156,
      "stddev": 0.0057843017236172784,
      "median": 1.0843669572599999,
      "user": 0.2966402799999999,
      "system": 0.8620971399999998,
      "min": 1.07274318476,
      "max": 1.09332123576,
      "times": [
        1.08259306576,
        1.08760592876,
        1.07274318476,
        1.08314911376,
        1.0814224777600001,
        1.09282710176,
        1.09332123576,
        1.08759031976,
        1.08068748676,
        1.08558480076
      ],
      "exit_codes": [
        0,
        0,
        0,
        0,
        0,
        0,
        0,
        0,
        0,
        0
      ]
    },
    {
      "command": "pnpm",
      "mean": 1.3064556223600001,
      "stddev": 0.043944837967351325,
      "median": 1.29188674826,
      "user": 1.9765213799999999,
      "system": 0.7729750399999998,
      "min": 1.27900065576,
      "max": 1.43544850976,
      "times": [
        1.28657601376,
        1.28035964376,
        1.29897647976,
        1.2927170217600001,
        1.27900065576,
        1.30767842176,
        1.43544850976,
        1.29105647476,
        1.28754953976,
        1.3051934627600001
      ],
      "exit_codes": [
        0,
        0,
        0,
        0,
        0,
        0,
        0,
        0,
        0,
        0
      ]
    },
    {
      "command": "vlt",
      "mean": 2.95804007536,
      "stddev": 0.03198075937446558,
      "median": 2.96498302626,
      "user": 2.68781538,
      "system": 2.5242478399999997,
      "min": 2.89350281576,
      "max": 3.00354517976,
      "times": [
        2.97202656776,
        2.92560137976,
        2.96008909576,
        2.9257296847600003,
        2.89350281576,
        2.98862026876,
        2.9584602977600003,
        2.98294850676,
        2.9698769567600003,
        3.00354517976
      ],
      "exit_codes": [
        0,
        0,
        0,
        0,
        0,
        0,
        0,
        0,
        0,
        0
      ]
    },
    {
      "command": "bun",
      "mean": 0.28219595776000006,
      "stddev": 0.0037903874582556857,
      "median": 0.28006330626,
      "user": 0.015657280000000003,
      "system": 0.27153163999999996,
      "min": 0.27836861476,
      "max": 0.28855331676,
      "times": [
        0.27903753276000004,
        0.27916204676,
        0.27914461276,
        0.27836861476,
        0.27952204376,
        0.28060456876,
        0.28342855276,
        0.28791096176000003,
        0.28622732676,
        0.28855331676
      ],
      "exit_codes": [
        0,
        0,
        0,
        0,
        0,
        0,
        0,
        0,
        0,
        0
      ]
    },
    {
      "command": "deno",
      "mean": 0.49058422406000013,
      "stddev": 0.007712262960536369,
      "median": 0.49108279676,
      "user": 0.41989708,
      "system": 0.6264393399999999,
      "min": 0.47595727976,
      "max": 0.50507032876,
      "times": [
        0.48357537576000004,
        0.49134632476,
        0.47595727976,
        0.49081926876000004,
        0.48634663176000004,
        0.50507032876,
        0.48722825676000003,
        0.49135928576000004,
        0.49897905076000004,
        0.49516043776
      ],
      "exit_codes": [
        0,
        0,
        0,
        0,
        0,
        0,
        0,
        0,
        0,
        0
      ]
    }
  ]
}