{
  "results": [
    {
      "command": "npm",
      "mean": 3.7500345209800003,
      "stddev": 0.0343895521112747,
      "median": 3.7480793647799997,
      "user": 4.1367156,
      "system": 2.6008219400000003,
      "min": 3.6980495737799997,
      "max": 3.8221459847799997,
      "times": [
        3.7365698087799997,
        3.7644394067799998,
        3.7474386697799997,
        3.8221459847799997,
        3.74872005978,
        3.78492735878,
        3.7570327357799997,
        3.6980495737799997,
        3.73658663978,
        3.70443497178
      ],
      "exit_codes": [
        0,
        0,
        0,
        0,
        0,
        0,
        0,
        0,
        0,
        0
      ]
    },
    {
      "command": "yarn",
      "mean": 2.8462135144799996,
      "stddev": 0.036937056347237776,
      "median": 2.84759397928,
      "user": 3.0043225999999996,
      "system": 3.0211029400000005,
      "min": 2.79631887978,
      "max": 2.91063661878,
      "times": [
        2.91063661878,
        2.88595704878,
        2.87850404278,
        2.8235636297799998,
        2.79781578478,
        2.8505563167799997,
        2.79631887978,
        2.84463164178,
        2.8629377307799997,
        2.81121345078
      ],
      "exit_codes": [
        0,
        0,
        0,
        0,
        0,
        0,
        0,
        0,
        0,
        0
      ]
    },
    {
      "command": "berry",
      "mean": 2.9303938869799997,
      "stddev": 0.027830053350282567,
      "median": 2.93596831178,
      "user": 3.5385777999999997,
      "system": 1.6237532399999999,
      "min": 2.88916814578,
      "max": 2.98410931978,
      "times": [
        2.94056649278,
        2.90690488278,
        2.93744595678,
        2.9405139287799997,
        2.98410931978,
        2.90232225778,
        2.9066500997799998,
        2.96176711878,
        2.88916814578,
        2.93449066678
      ],
      "exit_codes": [
        0,
        0,
        0,
        0,
        0,
        0,
        0,
        0,
        0,
        0
      ]
    },
    {
      "command": "zpm",
      "mean": 0.61810522768,
      "stddev": 0.0031031422085545817,
      "median": 0.6177486382799999,
      "user": 0.147189,
      "system": 0.51418544,
      "min": 0.61328963278,
      "max": 0.62273657878,
      "times": [
        0.6172997877799999,
        0.61374939478,
        0.61593332978,
        0.61328963278,
        0.62273657878,
        0.61766695578,
        0.61961495078,
        0.62251075278,
        0.61783032078,
        0.62042057278
      ],
      "exit_codes": [
        0,
        0,
        0,
        0,
        0,
        0,
        0,
        0,
        0,
        0
      ]
    },
    {
      "command": "pnpm",
      "mean": 1.2428681099799999,
      "stddev": 0.012370002358767283,
      "median": 1.24374237878,
      "user": 1.9009291000000001,
      "system": 0.6849172399999999,
      "min": 1.21972015178,
      "max": 1.26196843778,
      "times": [
        1.24461707278,
        1.23418534778,
        1.24286768478,
        1.21972015178,
        1.24841173178,
        1.22720101378,
        1.24945103778,
        1.26196843778,
        1.24218905878,
        1.25806956278
      ],
      "exit_codes": [
        0,
        0,
        0,
        0,
        0,
        0,
        0,
        0,
        0,
        0
      ]
    },
    {
      "command": "vlt",
      "mean": 1.9625239728800004,
      "stddev": 0.021424539448594404,
      "median": 1.95504867478,
      "user": 2.2151365999999997,
      "system": 1.63424914,
      "min": 1.9396902617800003,
      "max": 2.00232525378,
      "times": [
        1.9396902617800003,
        1.98004272578,
        1.9485620977800002,
        1.95326932678,
        1.9402888717800002,
        1.9417834357800001,
        1.9568280227800001,
        2.00232525378,
        1.99219389478,
        1.9702558377800001
      ],
      "exit_codes": [
        0,
        0,
        0,
        0,
        0,
        0,
        0,
        0,
        0,
        0
      ]
    },
    {
      "command": "bun",
      "mean": 0.27899414118000004,
      "stddev": 0.0015853555801874288,
      "median": 0.27843238128000003,
      "user": 0.1431144,
      "system": 0.24246073999999998,
      "min": 0.27705863478000003,
      "max": 0.28287413678,
      "times": [
        0.28287413678,
        0.27804946578,
        0.27821703978,
        0.27773915878000005,
        0.28018602178,
        0.27919899878000004,
        0.27806887978,
        0.27705863478000003,
        0.27864772278000005,
        0.27990135278
      ],
      "exit_codes": [
        0,
        0,
        0,
        0,
        0,
        0,
        0,
        0,
        0,
        0
      ]
    },
    {
      "command": "deno",
      "mean": 0.5643874078799999,
      "stddev": 0.016149692928648707,
      "median": 0.5653490457799999,
      "user": 0.5093087,
      "system": 0.57429504,
      "min": 0.53395523278,
      "max": 0.59247955678,
      "times": [
        0.53395523278,
        0.57495903578,
        0.5685456007799999,
        0.56122772778,
        0.55863184978,
        0.5786693777799999,
        0.59247955678,
        0.56215249078,
        0.57061320578,
        0.54264000078
      ],
      "exit_codes": [
        0,
        0,
        0,
        0,
        0,
        0,
        0,
        0,
        0,
        0
      ]
    }
  ]
}