{
  "results": [
    {
      "command": "npm",
      "mean": 0.9991902782200001,
      "stddev": 0.010034686551311275,
      "median": 0.9975990301200001,
      "user": 1.1138881999999997,
      "system": 0.20601666000000002,
      "min": 0.9865343581200001,
      "max": 1.02378770312,
      "times": [
        1.0006861111199998,
        0.99404226912,
        1.00680850512,
        1.0028273751199999,
        1.02378770312,
        0.98993808112,
        0.99208031912,
        0.9970893551200001,
        0.99810870512,
        0.9865343581200001
      ],
      "exit_codes": [
        0,
        0,
        0,
        0,
        0,
        0,
        0,
        0,
        0,
        0
      ]
    },
    {
      "command": "yarn",
      "mean": 7.535670577119999,
      "stddev": 0.1696244566995602,
      "median": 7.497750787620001,
      "user": 4.0335644,
      "system": 1.53344426,
      "min": 7.295846769120001,
      "max": 7.891872480120001,
      "times": [
        7.485636400120001,
        7.47523380412,
        7.474761298120001,
        7.509865175120001,
        7.5723659661200005,
        7.891872480120001,
        7.61127006212,
        7.295846769120001,
        7.313480950120001,
        7.72637286612
      ],
      "exit_codes": [
        0,
        0,
        0,
        0,
        0,
        0,
        0,
        0,
        0,
        0
      ]
    },
    {
      "command": "berry",
      "mean": 2.27677581192,
      "stddev": 0.03417814305569013,
      "median": 2.2645981736199996,
      "user": 2.5845631,
      "system": 0.43211615999999997,
      "min": 2.24004972612,
      "max": 2.32960264312,
      "times": [
        2.24412862912,
        2.24898332112,
        2.24514803612,
        2.24004972612,
        2.31941607112,
        2.29785066212,
        2.31575463612,
        2.32960264312,
        2.2802130261199998,
        2.24661136812
      ],
      "exit_codes": [
        0,
        0,
        0,
        0,
        0,
        0,
        0,
        0,
        0,
        0
      ]
    },
    {
      "command": "zpm",
      "mean": 1.6515975532199998,
      "stddev": 0.13866461978632016,
      "median": 1.60376917312,
      "user": 1.375225,
      "system": 0.43761146,
      "min": 1.53658907412,
      "max": 2.03807542912,
      "times": [
        1.6040491181199998,
        1.55911571612,
        1.60348922812,
        1.58072279912,
        1.61930961312,
        1.6645664031199998,
        1.53658907412,
        1.72679616612,
        2.03807542912,
        1.58326198512
      ],
      "exit_codes": [
        0,
        0,
        0,
        0,
        0,
        0,
        0,
        0,
        0,
        0
      ]
    },
    {
      "command": "pnpm",
      "mean": 1.42972930912,
      "stddev": 0.01969616536646636,
      "median": 1.42464765162,
      "user": 1.8011505999999997,
      "system": 0.32869516,
      "min": 1.4079354791199998,
      "max": 1.46122021512,
      "times": [
        1.4170942041199999,
        1.46122021512,
        1.44765118812,
        1.41621123712,
        1.40853573612,
        1.4079354791199998,
        1.45670310312,
        1.4322010991199998,
        1.40876012812,
        1.44098070112
      ],
      "exit_codes": [
        0,
        0,
        0,
        0,
        0,
        0,
        0,
        0,
        0,
        0
      ]
    },
    {
      "command": "vlt",
      "mean": 0.35330572612,
      "stddev": 0.002289943514209296,
      "median": 0.35300784512000005,
      "user": 0.3762954,
      "system": 0.07564776,
      "min": 0.35054899212,
      "max": 0.35902496712000004,
      "times": [
        0.35299344312000003,
        0.35054899212,
        0.35359751412,
        0.35525741212,
        0.35124196412,
        0.35902496712000004,
        0.35237909212,
        0.35339785012,
        0.35159377912,
        0.35302224712
      ],
      "exit_codes": [
        0,
        0,
        0,
        0,
        0,
        0,
        0,
        0,
        0,
        0
      ]
    },
    {
      "command": "bun",
      "mean": 0.04071468252,
      "stddev": 0.0005990324695211771,
      "median": 0.04070229712000001,
      "user": 0.0089065,
      "system": 0.037165359999999995,
      "min": 0.039613288120000006,
      "max": 0.041533852120000006,
      "times": [
        0.040609970120000005,
        0.04083202812,
        0.039613288120000006,
        0.04026653312,
        0.040038624120000005,
        0.04135429912000001,
        0.04149363612,
        0.041533852120000006,
        0.04075463312000001,
        0.04064996112000001
      ],
      "exit_codes": [
        0,
        0,
        0,
        0,
        0,
        0,
        0,
        0,
        0,
        0
      ]
    },
    {
      "command": "deno",
      "mean": 0.81092367592,
      "stddev": 0.019739491693735352,
      "median": 0.81065654662,
      "user": 1.0020010999999998,
      "system": 0.28612756,
      "min": 0.78442567912,
      "max": 0.8560290151200001,
      "times": [
        0.80965220412,
        0.81286389912,
        0.81166088912,
        0.7923537351200001,
        0.7896235181200001,
        0.80949868512,
        0.8295297451200001,
        0.8560290151200001,
        0.78442567912,
        0.8135993891200001
      ],
      "exit_codes": [
        0,
        0,
        0,
        0,
        0,
        0,
        0,
        0,
        0,
        0
      ]
    }
  ]
}