{
  "results": [
    {
      "command": "npm",
      "mean": 0.71060514092,
      "stddev": 0.004760901425374533,
      "median": 0.7090026250200001,
      "user": 0.8038343000000001,
      "system": 0.13638789999999998,
      "min": 0.7048099220200001,
      "max": 0.7201693410200001,
      "times": [
        0.7087144650200001,
        0.70658748002,
        0.7157585200200001,
        0.7049071840200001,
        0.7091849650200001,
        0.7139499290200001,
        0.7131493180200001,
        0.70882028502,
        0.7048099220200001,
        0.7201693410200001
      ],
      "exit_codes": [
        0,
        0,
        0,
        0,
        0,
        0,
        0,
        0,
        0,
        0
      ]
    },
    {
      "command": "yarn",
      "mean": 11.289807404420001,
      "stddev": 1.5176709749748563,
      "median": 11.09132063402,
      "user": 4.0894329,
      "system": 1.5146091,
      "min": 9.869720518020001,
      "max": 15.542359987020001,
      "times": [
        11.09154422602,
        11.68497599202,
        11.428945801020001,
        10.47244379302,
        11.091097042020001,
        15.542359987020001,
        10.47854558502,
        9.869720518020001,
        11.09487135502,
        10.14356974502
      ],
      "exit_codes": [
        0,
        0,
        0,
        0,
        0,
        0,
        0,
        0,
        0,
        0
      ]
    },
    {
      "command": "berry",
      "mean": 2.41386885982,
      "stddev": 0.11148776716412763,
      "median": 2.39482747002,
      "user": 2.5081900999999993,
      "system": 0.421068,
      "min": 2.25610881702,
      "max": 2.68097304002,
      "times": [
        2.35450569902,
        2.38796173402,
        2.30222318202,
        2.37612890702,
        2.41198986502,
        2.68097304002,
        2.47597431702,
        2.25610881702,
        2.49112983102,
        2.40169320602
      ],
      "exit_codes": [
        0,
        0,
        0,
        0,
        0,
        0,
        0,
        0,
        0,
        0
      ]
    },
    {
      "command": "pnpm",
      "mean": 1.4523317858199998,
      "stddev": 0.050095785084422216,
      "median": 1.43264725102,
      "user": 1.7108333000000002,
      "system": 0.29510709999999996,
      "min": 1.4150378530199998,
      "max": 1.58685596802,
      "times": [
        1.42954126302,
        1.42108089302,
        1.58685596802,
        1.4150378530199998,
        1.42074106402,
        1.47363113502,
        1.41703544902,
        1.43991307002,
        1.48372792402,
        1.4357532390199998
      ],
      "exit_codes": [
        0,
        0,
        0,
        0,
        0,
        0,
        0,
        0,
        0,
        0
      ]
    },
    {
      "command": "vlt",
      "mean": 0.32791009181999997,
      "stddev": 0.00129968891094114,
      "median": 0.32822477952000007,
      "user": 0.3522865999999999,
      "system": 0.07776829999999998,
      "min": 0.32525237802,
      "max": 0.32989810502,
      "times": [
        0.32658277502,
        0.32989810502,
        0.32898411202,
        0.32525237802,
        0.32760876602,
        0.32681516702,
        0.32867573702,
        0.32883431902000004,
        0.32809659702000005,
        0.32835296202
      ],
      "exit_codes": [
        0,
        0,
        0,
        0,
        0,
        0,
        0,
        0,
        0,
        0
      ]
    },
    {
      "command": "bun",
      "mean": 0.03993309122000001,
      "stddev": 0.0009207472439853186,
      "median": 0.03987201552,
      "user": 0.008869199999999997,
      "system": 0.0366784,
      "min": 0.03838470702,
      "max": 0.04176076702,
      "times": [
        0.03838470702,
        0.04176076702,
        0.040264523020000005,
        0.03983184502,
        0.03907316202,
        0.04105419802,
        0.039197488020000004,
        0.039912186020000004,
        0.03972383402,
        0.04012820202
      ],
      "exit_codes": [
        0,
        0,
        0,
        0,
        0,
        0,
        0,
        0,
        0,
        0
      ]
    },
    {
      "command": "deno",
      "mean": 0.6968892178200001,
      "stddev": 0.012047604552439662,
      "median": 0.69590078702,
      "user": 0.7944300000000001,
      "system": 0.281211,
      "min": 0.6790330240200001,
      "max": 0.7155347710200001,
      "times": [
        0.6988780480200001,
        0.6906243360200001,
        0.7151751970200001,
        0.6929235260200001,
        0.7155347710200001,
        0.6800316650200001,
        0.7038990190200001,
        0.7017739890200001,
        0.6790330240200001,
        0.6910186030200001
      ],
      "exit_codes": [
        0,
        0,
        0,
        0,
        0,
        0,
        0,
        0,
        0,
        0
      ]
    }
  ]
}