{
  "results": [
    {
      "command": "npm",
      "mean": 24.677627745900004,
      "stddev": 3.2373099272255472,
      "median": 23.727564021600003,
      "user": 14.992158560000002,
      "system": 5.736460539999999,
      "min": 22.391657920100002,
      "max": 34.1926758211,
      "times": [
        23.1414892971,
        24.098709364100003,
        23.7429929281,
        23.7121351151,
        22.9927950281,
        34.1926758211,
        24.938444609100003,
        23.906892320100003,
        22.391657920100002,
        23.6584850561
      ],
      "exit_codes": [
        0,
        0,
        0,
        0,
        0,
        0,
        0,
        0,
        0,
        0
      ]
    },
    {
      "command": "yarn",
      "mean": 25.1366152459,
      "stddev": 0.47081407543671294,
      "median": 25.1541952116,
      "user": 30.765545659999997,
      "system": 14.37844764,
      "min": 24.4559347761,
      "max": 26.0480377401,
      "times": [
        24.7483946941,
        25.1522998671,
        25.205815849100002,
        25.1560905561,
        24.944530306100003,
        25.568124125100002,
        24.4559347761,
        26.0480377401,
        24.530597102100003,
        25.556327443100002
      ],
      "exit_codes": [
        0,
        0,
        0,
        0,
        0,
        0,
        0,
        0,
        0,
        0
      ]
    },
    {
      "command": "berry",
      "mean": 9.0410243402,
      "stddev": 0.2248849991824331,
      "median": 9.030423108099999,
      "user": 14.80953796,
      "system": 5.22753614,
      "min": 8.6804959361,
      "max": 9.3860082361,
      "times": [
        9.0451972551,
        9.1700907951,
        9.0156489611,
        8.6804959361,
        9.0087516201,
        9.364961447099999,
        9.148301781099999,
        8.8205379951,
        9.3860082361,
        8.7702493751
      ],
      "exit_codes": [
        0,
        0,
        0,
        0,
        0,
        0,
        0,
        0,
        0,
        0
      ]
    },
    {
      "command": "pnpm",
      "mean": 5.945667848099999,
      "stddev": 0.6233508044052655,
      "median": 5.6490994956,
      "user": 9.933942159999999,
      "system": 3.5652374399999998,
      "min": 5.4661003170999996,
      "max": 7.2041583591,
      "times": [
        5.4661003170999996,
        5.5012374301,
        7.042570963099999,
        7.2041583591,
        5.7074588041,
        5.7039461821,
        5.5942528090999994,
        5.5390886601,
        6.2014069371,
        5.496458019099999
      ],
      "exit_codes": [
        0,
        0,
        0,
        0,
        0,
        0,
        0,
        0,
        0,
        0
      ]
    },
    {
      "command": "vlt",
      "mean": 8.1474050723,
      "stddev": 0.5334870172527023,
      "median": 7.995320684599999,
      "user": 8.061639459999999,
      "system": 4.10041424,
      "min": 7.519855071099999,
      "max": 9.1003268881,
      "times": [
        8.054178113099999,
        7.519855071099999,
        7.649996595099999,
        7.8196223421,
        8.1691536491,
        7.7166797931,
        9.1003268881,
        8.4263807121,
        9.0813943031,
        7.9364632561
      ],
      "exit_codes": [
        0,
        0,
        0,
        0,
        0,
        0,
        0,
        0,
        0,
        0
      ]
    },
    {
      "command": "bun",
      "mean": 3.6080025045,
      "stddev": 0.6581771251873016,
      "median": 3.4780648811,
      "user": 3.1364320599999997,
      "system": 3.11220154,
      "min": 2.8327428291000003,
      "max": 4.9025978051,
      "times": [
        2.8327428291000003,
        2.9589604671000003,
        2.9575941851,
        4.9025978051,
        4.4822562780999995,
        3.8477450101,
        3.1647074651000002,
        3.5834968741,
        3.9772912431000003,
        3.3726328881
      ],
      "exit_codes": [
        0,
        0,
        0,
        0,
        0,
        0,
        0,
        0,
        0,
        0
      ]
    },
    {
      "command": "deno",
      "mean": 13.479095058199999,
      "stddev": 1.9255948167562644,
      "median": 12.832633718099999,
      "user": 6.3501429599999994,
      "system": 2.5384329400000003,
      "min": 11.3564378611,
      "max": 18.640413448100002,
      "times": [
        12.6889438951,
        13.3774711681,
        11.3564378611,
        12.6741493001,
        12.9476077271,
        12.9825530021,
        18.640413448100002,
        12.7176597091,
        12.390852410099999,
        15.0148620611
      ],
      "exit_codes": [
        0,
        0,
        0,
        0,
        0,
        0,
        0,
        0,
        0,
        0
      ]
    }
  ]
}