{
  "results": [
    {
      "command": "npm",
      "mean": 5.829253856500001,
      "stddev": 0.19550269994657046,
      "median": 5.702021089900001,
      "user": 3.54928182,
      "system": 1.13032854,
      "min": 5.6389592224000005,
      "max": 6.1942287754,
      "times": [
        6.0103715154,
        6.1942287754,
        5.709207209400001,
        5.6948349704000005,
        5.6708786814000005,
        5.6389592224000005,
        5.6553640374,
        6.0442843884,
        5.9885755274,
        5.685834237400001
      ],
      "exit_codes": [
        0,
        0,
        0,
        0,
        0,
        0,
        0,
        0,
        0,
        0
      ]
    },
    {
      "command": "yarn",
      "mean": 6.6231453601,
      "stddev": 0.1602829098593891,
      "median": 6.5557514999,
      "user": 7.97639552,
      "system": 2.9438906400000002,
      "min": 6.4205246874,
      "max": 6.9345060714,
      "times": [
        6.4607413734,
        6.6434346464,
        6.5664500084,
        6.9345060714,
        6.8716540094,
        6.7085031404,
        6.544451238400001,
        6.5361354344,
        6.5450529914,
        6.4205246874
      ],
      "exit_codes": [
        0,
        0,
        0,
        0,
        0,
        0,
        0,
        0,
        0,
        0
      ]
    },
    {
      "command": "berry",
      "mean": 3.0477942668999995,
      "stddev": 0.08934561450767388,
      "median": 3.0247935494,
      "user": 4.25328212,
      "system": 1.22012274,
      "min": 2.9405980564000003,
      "max": 3.1774526514,
      "times": [
        3.0444873223999998,
        2.9504746714,
        2.9405980564000003,
        2.9991261254,
        3.1502458054,
        3.0050997764,
        2.9500481134,
        3.1761229714,
        3.0842871754,
        3.1774526514
      ],
      "exit_codes": [
        0,
        0,
        0,
        0,
        0,
        0,
        0,
        0,
        0,
        0
      ]
    },
    {
      "command": "zpm",
      "mean": 1.244452871,
      "stddev": 0.09850330039392455,
      "median": 1.2072940849,
      "user": 0.40298292,
      "system": 0.21186574,
      "min": 1.1423710854,
      "max": 1.4785722724,
      "times": [
        1.1651185484,
        1.1775499254,
        1.2147195854,
        1.1423710854,
        1.4785722724,
        1.2429299844,
        1.3107812154,
        1.1742363514,
        1.3383811574,
        1.1998685843999999
      ],
      "exit_codes": [
        0,
        0,
        0,
        0,
        0,
        0,
        0,
        0,
        0,
        0
      ]
    },
    {
      "command": "pnpm",
      "mean": 1.7030656164,
      "stddev": 0.0365691321263301,
      "median": 1.7019195044000002,
      "user": 2.3246092199999997,
      "system": 0.6543065399999998,
      "min": 1.6378685994,
      "max": 1.7524941614,
      "times": [
        1.7371695564,
        1.6823811314000001,
        1.6761947804,
        1.6784325444000001,
        1.7524941614,
        1.7224140524,
        1.7214578774,
        1.7493119534,
        1.6729315074,
        1.6378685994
      ],
      "exit_codes": [
        0,
        0,
        0,
        0,
        0,
        0,
        0,
        0,
        0,
        0
      ]
    },
    {
      "command": "vlt",
      "mean": 2.5631703971,
      "stddev": 0.07928631663775887,
      "median": 2.5798820024,
      "user": 2.0774351200000005,
      "system": 0.73149014,
      "min": 2.3698638404,
      "max": 2.6619273634,
      "times": [
        2.6130740333999998,
        2.5145455294,
        2.3698638404,
        2.5841438114,
        2.6245611194,
        2.6136342854,
        2.6619273634,
        2.5733982084,
        2.5009355864000002,
        2.5756201934000003
      ],
      "exit_codes": [
        0,
        0,
        0,
        0,
        0,
        0,
        0,
        0,
        0,
        0
      ]
    },
    {
      "command": "bun",
      "mean": 0.6382853238,
      "stddev": 0.09958161766543104,
      "median": 0.5935856819,
      "user": 0.48105302000000005,
      "system": 0.35701533999999996,
      "min": 0.5537255534,
      "max": 0.9149987334,
      "times": [
        0.6530799483999999,
        0.5537255534,
        0.5842849524,
        0.5788805404,
        0.5908868984,
        0.9149987334,
        0.6437948414,
        0.5850187954,
        0.6818985094,
        0.5962844654
      ],
      "exit_codes": [
        0,
        0,
        0,
        0,
        0,
        0,
        0,
        0,
        0,
        0
      ]
    },
    {
      "command": "deno",
      "mean": 2.2464532503999997,
      "stddev": 0.09435080026785521,
      "median": 2.2438016914,
      "user": 1.2191121199999997,
      "system": 0.47853634000000006,
      "min": 2.1122599694,
      "max": 2.4165524884,
      "times": [
        2.2817406574,
        2.2497824704,
        2.2762808274,
        2.1122599694,
        2.1385842083999997,
        2.4165524884,
        2.3803247744,
        2.2378209124,
        2.1475573924,
        2.2236288034
      ],
      "exit_codes": [
        0,
        0,
        0,
        0,
        0,
        0,
        0,
        0,
        0,
        0
      ]
    }
  ]
}