{
  "results": [
    {
      "command": "npm",
      "mean": 0.58054154226,
      "stddev": 0.0064995803712156975,
      "median": 0.57855989566,
      "user": 0.65229388,
      "system": 0.10779511999999998,
      "min": 0.57207541566,
      "max": 0.59381478166,
      "times": [
        0.58476210566,
        0.59381478166,
        0.57883817766,
        0.58828245866,
        0.58328459566,
        0.57466256966,
        0.57207541566,
        0.57828161366,
        0.57562786366,
        0.5757858406599999
      ],
      "exit_codes": [
        0,
        0,
        0,
        0,
        0,
        0,
        0,
        0,
        0,
        0
      ]
    },
    {
      "command": "yarn",
      "mean": 0.3228452326600001,
      "stddev": 0.007279934427556826,
      "median": 0.32246352516000004,
      "user": 0.37117528,
      "system": 0.06656141999999998,
      "min": 0.31341154266000004,
      "max": 0.33680688066000003,
      "times": [
        0.33680688066000003,
        0.31525266366000004,
        0.32322618266,
        0.32170086766000006,
        0.32534679066000005,
        0.31341154266000004,
        0.33252831566,
        0.32648994666000003,
        0.31774755066000004,
        0.31594158566
      ],
      "exit_codes": [
        0,
        0,
        0,
        0,
        0,
        0,
        0,
        0,
        0,
        0
      ]
    },
    {
      "command": "berry",
      "mean": 4.94894276406,
      "stddev": 0.24019804231124822,
      "median": 4.8844187536599994,
      "user": 9.103343879999999,
      "system": 3.07631912,
      "min": 4.64850923666,
      "max": 5.57887344366,
      "times": [
        5.57887344366,
        4.78622597366,
        4.81625453366,
        4.85108794566,
        5.08659007166,
        4.9131968946599995,
        4.64850923666,
        4.855640612659999,
        4.9228206296599994,
        5.03022829866
      ],
      "exit_codes": [
        0,
        0,
        0,
        0,
        0,
        0,
        0,
        0,
        0,
        0
      ]
    },
    {
      "command": "pnpm",
      "mean": 0.76373932336,
      "stddev": 0.0464774113358347,
      "median": 0.7467211251600001,
      "user": 0.8646667800000001,
      "system": 0.16284592000000003,
      "min": 0.72241687166,
      "max": 0.88953086266,
      "times": [
        0.74490776566,
        0.88953086266,
        0.77336549966,
        0.72241687166,
        0.72962833866,
        0.79219526066,
        0.74853448466,
        0.73173441966,
        0.74406950266,
        0.76101022766
      ],
      "exit_codes": [
        0,
        0,
        0,
        0,
        0,
        0,
        0,
        0,
        0,
        0
      ]
    },
    {
      "command": "vlt",
      "mean": 0.34485233136000004,
      "stddev": 0.006568593728269999,
      "median": 0.34324988716000004,
      "user": 0.36214757999999997,
      "system": 0.07503281999999999,
      "min": 0.33665114966000004,
      "max": 0.35797914266,
      "times": [
        0.34534716266000004,
        0.33789388066000003,
        0.35416776966,
        0.34674730966000006,
        0.34711198066000004,
        0.34115261166000005,
        0.34043726766000004,
        0.33665114966000004,
        0.35797914266,
        0.34103503866
      ],
      "exit_codes": [
        0,
        0,
        0,
        0,
        0,
        0,
        0,
        0,
        0,
        0
      ]
    },
    {
      "command": "bun",
      "mean": 0.012538691560000004,
      "stddev": 0.0005456887302657901,
      "median": 0.012331605660000002,
      "user": 0.00824118,
      "system": 0.010299119999999998,
      "min": 0.011795401660000001,
      "max": 0.013509246660000002,
      "times": [
        0.01281323166,
        0.01205771366,
        0.013509246660000002,
        0.013244228660000001,
        0.013021874660000002,
        0.012312786660000002,
        0.01199513466,
        0.012350424660000001,
        0.012286872660000002,
        0.011795401660000001
      ],
      "exit_codes": [
        0,
        0,
        0,
        0,
        0,
        0,
        0,
        0,
        0,
        0
      ]
    },
    {
      "command": "deno",
      "mean": 1.16651069106,
      "stddev": 0.21428231086783894,
      "median": 1.12960713866,
      "user": 0.33089088,
      "system": 0.13318881999999999,
      "min": 0.87061391666,
      "max": 1.60910743066,
      "times": [
        1.04056477766,
        1.13486358066,
        1.12435069666,
        1.39366047366,
        0.87061391666,
        1.15314082066,
        1.35302800966,
        1.60910743066,
        0.92137920466,
        1.0643979996600001
      ],
      "exit_codes": [
        0,
        0,
        0,
        0,
        0,
        0,
        0,
        0,
        0,
        0
      ]
    }
  ]
}