{
  "results": [
    {
      "command": "npm",
      "mean": 6.50147188976,
      "stddev": 0.2456815169905005,
      "median": 6.51985067756,
      "user": 3.49966254,
      "system": 0.8079428399999999,
      "min": 6.02628856356,
      "max": 6.9268980005600005,
      "times": [
        6.58844760956,
        6.78245268156,
        6.63837982256,
        6.3047985755600005,
        6.29016249856,
        6.9268980005600005,
        6.02628856356,
        6.53573979056,
        6.50396156456,
        6.41758979056
      ],
      "exit_codes": [
        0,
        0,
        0,
        0,
        0,
        0,
        0,
        0,
        0,
        0
      ]
    },
    {
      "command": "yarn",
      "mean": 5.49605708906,
      "stddev": 0.11032560947814349,
      "median": 5.515991698060001,
      "user": 6.16882444,
      "system": 1.6288685399999998,
      "min": 5.25807286856,
      "max": 5.66190234756,
      "times": [
        5.50099196456,
        5.49404792156,
        5.35304097056,
        5.54925595456,
        5.47065912456,
        5.25807286856,
        5.66190234756,
        5.53099143156,
        5.59554713956,
        5.5460611675600004
      ],
      "exit_codes": [
        0,
        0,
        0,
        0,
        0,
        0,
        0,
        0,
        0,
        0
      ]
    },
    {
      "command": "berry",
      "mean": 2.8278374528600003,
      "stddev": 0.05598867705789899,
      "median": 2.83599053006,
      "user": 4.07610234,
      "system": 0.91144484,
      "min": 2.7328425855600003,
      "max": 2.91487536356,
      "times": [
        2.7328425855600003,
        2.88537612056,
        2.75955843356,
        2.83355184956,
        2.8738566695600003,
        2.83842921056,
        2.91487536356,
        2.85641882956,
        2.81506050056,
        2.7684049655600003
      ],
      "exit_codes": [
        0,
        0,
        0,
        0,
        0,
        0,
        0,
        0,
        0,
        0
      ]
    },
    {
      "command": "pnpm",
      "mean": 1.60521352176,
      "stddev": 0.03728267029148675,
      "median": 1.60296884056,
      "user": 2.1736248399999996,
      "system": 0.43953744000000006,
      "min": 1.53814210556,
      "max": 1.6644325105600002,
      "times": [
        1.59264671956,
        1.65964805656,
        1.6644325105600002,
        1.56760236556,
        1.57859062656,
        1.60710408256,
        1.62388795056,
        1.53814210556,
        1.6212472015600001,
        1.5988335985600002
      ],
      "exit_codes": [
        0,
        0,
        0,
        0,
        0,
        0,
        0,
        0,
        0,
        0
      ]
    },
    {
      "command": "vlt",
      "mean": 2.87403388246,
      "stddev": 0.11305266545032548,
      "median": 2.89811462406,
      "user": 2.00029404,
      "system": 0.55895274,
      "min": 2.62752405556,
      "max": 2.99821728156,
      "times": [
        2.99821728156,
        2.80084858556,
        2.97172583456,
        2.75767762256,
        2.99724677756,
        2.62752405556,
        2.86232086656,
        2.9339083815600002,
        2.93643652156,
        2.85443289756
      ],
      "exit_codes": [
        0,
        0,
        0,
        0,
        0,
        0,
        0,
        0,
        0,
        0
      ]
    },
    {
      "command": "bun",
      "mean": 0.61340693266,
      "stddev": 0.036953616981411426,
      "median": 0.61879125556,
      "user": 0.43341224,
      "system": 0.25118234,
      "min": 0.5370796775600001,
      "max": 0.65254450556,
      "times": [
        0.6414091965600001,
        0.65012194156,
        0.5989294875600001,
        0.57336728656,
        0.65254450556,
        0.63865302356,
        0.5955218345600001,
        0.64775003956,
        0.5370796775600001,
        0.5986923335600001
      ],
      "exit_codes": [
        0,
        0,
        0,
        0,
        0,
        0,
        0,
        0,
        0,
        0
      ]
    },
    {
      "command": "deno",
      "mean": 2.7037217157599995,
      "stddev": 0.1959733816064676,
      "median": 2.67522962606,
      "user": 1.1651625399999999,
      "system": 0.31819074,
      "min": 2.31441537656,
      "max": 3.09943840056,
      "times": [
        2.65571818656,
        2.67073484356,
        2.63832625956,
        3.09943840056,
        2.82970674256,
        2.71670840556,
        2.31441537656,
        2.55605637656,
        2.6797244085600003,
        2.87638815756
      ],
      "exit_codes": [
        0,
        0,
        0,
        0,
        0,
        0,
        0,
        0,
        0,
        0
      ]
    }
  ]
}