{
  "results": [
    {
      "command": "npm",
      "mean": 0.0994218466,
      "stddev": 0.0014581861131148508,
      "median": 0.0996045791,
      "user": 0.0891707,
      "system": 0.026527039999999995,
      "min": 0.0971776446,
      "max": 0.1021592686,
      "times": [
        0.09787018160000001,
        0.1021592686,
        0.0978948676,
        0.09990153560000001,
        0.0971776446,
        0.1007632636,
        0.0993076226,
        0.1000281646,
        0.09867858560000001,
        0.1004373316
      ],
      "exit_codes": [
        0,
        0,
        0,
        0,
        0,
        0,
        0,
        0,
        0,
        0
      ]
    },
    {
      "command": "yarn",
      "mean": 0.19103227190000002,
      "stddev": 0.020708717036678367,
      "median": 0.1819013006,
      "user": 0.14956010000000003,
      "system": 0.04357844,
      "min": 0.1794069896,
      "max": 0.24523747260000003,
      "times": [
        0.18018645260000002,
        0.18317200660000002,
        0.1814086286,
        0.18086115160000002,
        0.24523747260000003,
        0.21496618560000003,
        0.1823939726,
        0.18285079060000003,
        0.1798390686,
        0.1794069896
      ],
      "exit_codes": [
        0,
        0,
        0,
        0,
        0,
        0,
        0,
        0,
        0,
        0
      ]
    },
    {
      "command": "berry",
      "mean": 0.3810469569,
      "stddev": 0.012229505243119679,
      "median": 0.3784113161,
      "user": 0.3252136,
      "system": 0.06448583999999999,
      "min": 0.36639787960000003,
      "max": 0.4038772466,
      "times": [
        0.36639787960000003,
        0.38981080260000006,
        0.3699182246,
        0.37045509960000006,
        0.4038772466,
        0.38090404060000005,
        0.38441309360000003,
        0.39829740160000005,
        0.3704771886,
        0.3759185916
      ],
      "exit_codes": [
        0,
        0,
        0,
        0,
        0,
        0,
        0,
        0,
        0,
        0
      ]
    },
    {
      "command": "pnpm",
      "mean": 0.5458343477,
      "stddev": 0.04921003095350616,
      "median": 0.5290031576,
      "user": 0.4137688999999999,
      "system": 0.07411103999999999,
      "min": 0.5066696856,
      "max": 0.6579214826,
      "times": [
        0.5157429336,
        0.6579214826,
        0.5118405016,
        0.5186406676,
        0.5302877746000001,
        0.5066696856,
        0.5303959356000001,
        0.5277185406,
        0.5335475456000001,
        0.6255784096
      ],
      "exit_codes": [
        0,
        0,
        0,
        0,
        0,
        0,
        0,
        0,
        0,
        0
      ]
    },
    {
      "command": "vlt",
      "mean": 0.2215083921,
      "stddev": 0.0011644460855259292,
      "median": 0.22147943260000003,
      "user": 0.21785710000000003,
      "system": 0.05279724,
      "min": 0.21964775660000002,
      "max": 0.22377002860000003,
      "times": [
        0.22241845660000004,
        0.22093925560000002,
        0.22074995160000002,
        0.22190660760000003,
        0.22105225760000002,
        0.22229630860000002,
        0.22377002860000003,
        0.22014839460000002,
        0.22215490360000004,
        0.21964775660000002
      ],
      "exit_codes": [
        0,
        0,
        0,
        0,
        0,
        0,
        0,
        0,
        0,
        0
      ]
    },
    {
      "command": "bun",
      "mean": 0.0033639308,
      "stddev": 0.000024335917910775343,
      "median": 0.0033541105999999998,
      "user": 0.0009936799999999998,
      "system": 0.00243384,
      "min": 0.0033284276,
      "max": 0.0034202385999999997,
      "times": [
        0.0034202385999999997,
        0.0033716676,
        0.0033540246000000004,
        0.0033541756,
        0.0033284276,
        0.0033855946000000002,
        0.0033757766000000002,
        0.0033465516000000003,
        0.0033488056000000005,
        0.0033540455999999997
      ],
      "exit_codes": [
        0,
        0,
        0,
        0,
        0,
        0,
        0,
        0,
        0,
        0
      ]
    },
    {
      "command": "deno",
      "mean": 0.058973074,
      "stddev": 0.0004955469500933691,
      "median": 0.0589070716,
      "user": 0.0362005,
      "system": 0.028869339999999993,
      "min": 0.0583936386,
      "max": 0.0601869826,
      "times": [
        0.0583936386,
        0.0585811796,
        0.0601869826,
        0.0586198376,
        0.0594700846,
        0.0589866996,
        0.058875266600000004,
        0.0590316296,
        0.0586465446,
        0.0589388766
      ],
      "exit_codes": [
        0,
        0,
        0,
        0,
        0,
        0,
        0,
        0,
        0,
        0
      ]
    },
    {
      "command": "nx",
      "mean": 0.8017087569000001,
      "stddev": 0.0077243497289886725,
      "median": 0.8024388991,
      "user": 0.5904944000000001,
      "system": 0.15583144,
      "min": 0.7899878846,
      "max": 0.8166642416000001,
      "times": [
        0.7943160796000001,
        0.8076444596000001,
        0.8166642416000001,
        0.8063272146,
        0.8064273366000001,
        0.7991228726,
        0.7954843006000001,
        0.7899878846,
        0.7953582536,
        0.8057549256000001
      ],
      "exit_codes": [
        0,
        0,
        0,
        0,
        0,
        0,
        0,
        0,
        0,
        0
      ]
    },
    {
      "command": "turbo",
      "mean": 0.4734399465000001,
      "stddev": 0.09589312936530198,
      "median": 0.45316152910000007,
      "user": 0.12321800000000001,
      "system": 0.08317674,
      "min": 0.36007897660000004,
      "max": 0.7208142736,
      "times": [
        0.5307941566000001,
        0.44521747060000005,
        0.49405911760000004,
        0.4532193366,
        0.36007897660000004,
        0.46492175160000004,
        0.7208142736,
        0.3646622386,
        0.45310372160000006,
        0.44752842160000006
      ],
      "exit_codes": [
        0,
        0,
        0,
        0,
        0,
        0,
        0,
        0,
        0,
        0
      ]
    },
    {
      "command": "node",
      "mean": 0.005835319900000001,
      "stddev": 0.00010485360094727323,
      "median": 0.005831764100000001,
      "user": 0.0022871799999999993,
      "system": 0.0035841400000000004,
      "min": 0.0056381466,
      "max": 0.006002873600000001,
      "times": [
        0.006002873600000001,
        0.005821209600000001,
        0.005896599600000001,
        0.005963234600000001,
        0.0057005426000000005,
        0.005842318600000001,
        0.0056381466,
        0.0058833156,
        0.0058021436,
        0.005802814600000001
      ],
      "exit_codes": [
        0,
        0,
        0,
        0,
        0,
        0,
        0,
        0,
        0,
        0
      ]
    }
  ]
}