npm http fetch GET 200 https://npm.pkg.github.com/vltsandbox/canvas 296ms (cache miss)
npm http fetch GET 200 https://npm.pkg.github.com/vltsandbox/@alex_neo%2fjest-expect-message 110ms (cache miss)
npm http fetch GET 200 https://npm.pkg.github.com/vltsandbox/@eslint%2fjs 132ms (cache miss)
npm http fetch GET 200 https://npm.pkg.github.com/vltsandbox/@nrwl%2ftao 276ms (cache miss)
npm http fetch GET 200 https://npm.pkg.github.com/vltsandbox/@nrwl%2fworkspace 280ms (cache miss)
npm http fetch GET 200 https://npm.pkg.github.com/vltsandbox/@playwright%2ftest 369ms (cache miss)
npm http fetch GET 200 https://npm.pkg.github.com/vltsandbox/@types%2fexpect-puppeteer 121ms (cache miss)
npm http fetch GET 200 https://npm.pkg.github.com/vltsandbox/@types%2ffs-extra 120ms (cache miss)
npm http fetch GET 200 https://npm.pkg.github.com/vltsandbox/@types%2fjest 130ms (cache miss)
npm http fetch GET 200 https://npm.pkg.github.com/vltsandbox/@types%2fjest-environment-puppeteer 235ms (cache miss)
npm http fetch GET 200 https://npm.pkg.github.com/vltsandbox/@types%2fjest-expect-message 309ms (cache miss)
npm http fetch GET 200 https://npm.pkg.github.com/vltsandbox/@types%2fpuppeteer 114ms (cache miss)
npm http fetch GET 200 https://npm.pkg.github.com/vltsandbox/@typescript-eslint%2feslint-plugin 468ms (cache miss)
npm http fetch GET 200 https://npm.pkg.github.com/vltsandbox/@typescript-eslint%2fparser 410ms (cache miss)
npm http fetch GET 200 https://npm.pkg.github.com/vltsandbox/eslint 133ms (cache miss)
npm http fetch GET 200 https://npm.pkg.github.com/vltsandbox/typescript 339ms (cache miss)
npm http fetch GET 200 https://npm.pkg.github.com/vltsandbox/ajv 110ms (cache miss)
npm http fetch GET 200 https://npm.pkg.github.com/vltsandbox/chokidar 118ms (cache miss)
npm http fetch GET 200 https://npm.pkg.github.com/vltsandbox/dotenv 111ms (cache miss)
npm http fetch GET 200 https://npm.pkg.github.com/vltsandbox/es-check 108ms (cache miss)
npm http fetch GET 200 https://npm.pkg.github.com/vltsandbox/eslint-config-prettier 99ms (cache miss)
npm http fetch GET 200 https://npm.pkg.github.com/vltsandbox/eslint-formatter-azure-devops 105ms (cache miss)
npm http fetch GET 200 https://npm.pkg.github.com/vltsandbox/eslint-plugin-github 121ms (cache miss)
npm http fetch GET 200 https://npm.pkg.github.com/vltsandbox/eslint-plugin-import 103ms (cache miss)
npm http fetch GET 200 https://npm.pkg.github.com/vltsandbox/eslint-plugin-jest 143ms (cache miss)
npm http fetch GET 200 https://npm.pkg.github.com/vltsandbox/jest 134ms (cache miss)
npm http fetch GET 200 https://npm.pkg.github.com/vltsandbox/eslint-plugin-jsdoc 195ms (cache miss)
npm http fetch GET 200 https://npm.pkg.github.com/vltsandbox/eslint-plugin-prettier 98ms (cache miss)
npm http fetch GET 200 https://npm.pkg.github.com/vltsandbox/prettier 112ms (cache miss)
npm http fetch GET 200 https://npm.pkg.github.com/vltsandbox/eslint-plugin-tsdoc 104ms (cache miss)
npm http fetch GET 200 https://npm.pkg.github.com/vltsandbox/fs-extra 98ms (cache miss)
npm http fetch GET 200 https://npm.pkg.github.com/vltsandbox/glob 101ms (cache miss)
npm http fetch GET 200 https://npm.pkg.github.com/vltsandbox/globals 96ms (cache miss)
npm http fetch GET 200 https://npm.pkg.github.com/vltsandbox/jest-environment-jsdom 122ms (cache miss)
npm http fetch GET 200 https://npm.pkg.github.com/vltsandbox/jest-junit 94ms (cache miss)
npm http fetch GET 200 https://npm.pkg.github.com/vltsandbox/mini-css-extract-plugin 152ms (cache miss)
npm http fetch GET 200 https://npm.pkg.github.com/vltsandbox/webpack 166ms (cache miss)
npm http fetch GET 200 https://npm.pkg.github.com/vltsandbox/nx 342ms (cache miss)
npm http fetch GET 200 https://npm.pkg.github.com/vltsandbox/rimraf 115ms (cache miss)
npm http fetch GET 200 https://npm.pkg.github.com/vltsandbox/ts-jest 122ms (cache miss)
npm http fetch GET 200 https://npm.pkg.github.com/vltsandbox/ts-node 108ms (cache miss)
npm http fetch GET 200 https://npm.pkg.github.com/vltsandbox/@types%2fnode 270ms (cache miss)
npm http fetch GET 200 https://npm.pkg.github.com/vltsandbox/ts-patch 100ms (cache miss)
npm http fetch GET 200 https://npm.pkg.github.com/vltsandbox/tslib 93ms (cache miss)
npm http fetch GET 200 https://npm.pkg.github.com/vltsandbox/typedoc 138ms (cache miss)
npm http fetch GET 200 https://npm.pkg.github.com/vltsandbox/webpack-cli 106ms (cache miss)
npm http fetch GET 200 https://npm.pkg.github.com/vltsandbox/tslib 203ms (cache updated)
npm http fetch GET 200 https://npm.pkg.github.com/vltsandbox/@nx%2fworkspace 251ms (cache miss)
npm http fetch GET 200 https://npm.pkg.github.com/vltsandbox/@types%2fjest 127ms (cache updated)
npm http fetch GET 200 https://npm.pkg.github.com/vltsandbox/@types%2fpuppeteer 108ms (cache updated)
npm http fetch GET 200 https://npm.pkg.github.com/vltsandbox/nx 514ms (cache updated)
npm http fetch GET 200 https://npm.pkg.github.com/vltsandbox/pretty-format 118ms (cache miss)
npm http fetch GET 200 https://npm.pkg.github.com/vltsandbox/jest-matcher-utils 115ms (cache miss)
npm http fetch GET 200 https://npm.pkg.github.com/vltsandbox/playwright 480ms (cache miss)
npm http fetch GET 200 https://npm.pkg.github.com/vltsandbox/@jest%2ftypes 134ms (cache miss)
npm http fetch GET 200 https://npm.pkg.github.com/vltsandbox/jest-environment-node 142ms (cache miss)
npm http fetch GET 200 https://npm.pkg.github.com/vltsandbox/ignore 127ms (cache miss)
npm http fetch GET 200 https://npm.pkg.github.com/vltsandbox/ts-api-utils 107ms (cache miss)
npm http fetch GET 200 https://npm.pkg.github.com/vltsandbox/natural-compare 93ms (cache miss)
npm http fetch GET 200 https://npm.pkg.github.com/vltsandbox/@eslint-community%2fregexpp 131ms (cache miss)
npm http fetch GET 200 https://npm.pkg.github.com/vltsandbox/@typescript-eslint%2futils 347ms (cache miss)
npm http fetch GET 200 https://npm.pkg.github.com/vltsandbox/@typescript-eslint%2ftype-utils 368ms (cache miss)
npm http fetch GET 200 https://npm.pkg.github.com/vltsandbox/@typescript-eslint%2fvisitor-keys 357ms (cache miss)
npm http fetch GET 200 https://npm.pkg.github.com/vltsandbox/debug 104ms (cache miss)
npm http fetch GET 200 https://npm.pkg.github.com/vltsandbox/@typescript-eslint%2fscope-manager 386ms (cache miss)
npm http fetch GET 200 https://npm.pkg.github.com/vltsandbox/@typescript-eslint%2ftypes 372ms (cache miss)
npm http fetch GET 200 https://npm.pkg.github.com/vltsandbox/@typescript-eslint%2fscope-manager 470ms (cache miss)
npm http fetch GET 200 https://npm.pkg.github.com/vltsandbox/ajv 137ms (cache updated)
npm http fetch GET 200 https://npm.pkg.github.com/vltsandbox/debug 111ms (cache updated)
npm http fetch GET 200 https://npm.pkg.github.com/vltsandbox/chalk 153ms (cache miss)
npm http fetch GET 200 https://npm.pkg.github.com/vltsandbox/espree 96ms (cache miss)
npm http fetch GET 200 https://npm.pkg.github.com/vltsandbox/ignore 105ms (cache updated)
npm http fetch GET 200 https://npm.pkg.github.com/vltsandbox/@typescript-eslint%2ftypescript-estree 577ms (cache miss)
npm http fetch GET 200 https://npm.pkg.github.com/vltsandbox/esutils 146ms (cache miss)
npm http fetch GET 200 https://npm.pkg.github.com/vltsandbox/esquery 161ms (cache miss)
npm http fetch GET 200 https://npm.pkg.github.com/vltsandbox/find-up 95ms (cache miss)
npm http fetch GET 200 https://npm.pkg.github.com/vltsandbox/is-glob 93ms (cache miss)
npm http fetch GET 200 https://npm.pkg.github.com/vltsandbox/minimatch 98ms (cache miss)
npm http fetch GET 200 https://npm.pkg.github.com/vltsandbox/optionator 83ms (cache miss)
npm http fetch GET 200 https://npm.pkg.github.com/vltsandbox/cross-spawn 92ms (cache miss)
npm http fetch GET 200 https://npm.pkg.github.com/vltsandbox/glob-parent 96ms (cache miss)
npm http fetch GET 200 https://npm.pkg.github.com/vltsandbox/@eslint%2fcore 100ms (cache miss)
npm http fetch GET 200 https://npm.pkg.github.com/vltsandbox/imurmurhash 116ms (cache miss)
npm http fetch GET 200 https://npm.pkg.github.com/vltsandbox/eslint-scope 107ms (cache miss)
npm http fetch GET 200 https://npm.pkg.github.com/vltsandbox/@humanfs%2fnode 100ms (cache miss)
npm http fetch GET 200 https://npm.pkg.github.com/vltsandbox/lodash.merge 106ms (cache miss)
npm http fetch GET 200 https://npm.pkg.github.com/vltsandbox/@types%2festree 117ms (cache miss)
npm http fetch GET 200 https://npm.pkg.github.com/vltsandbox/fast-deep-equal 88ms (cache miss)
npm http fetch GET 200 https://npm.pkg.github.com/vltsandbox/@eslint%2feslintrc 107ms (cache miss)
npm http fetch GET 200 https://npm.pkg.github.com/vltsandbox/file-entry-cache 104ms (cache miss)
npm http fetch GET 200 https://npm.pkg.github.com/vltsandbox/@eslint%2fplugin-kit 103ms (cache miss)
npm http fetch GET 200 https://npm.pkg.github.com/vltsandbox/eslint-visitor-keys 88ms (cache miss)
npm http fetch GET 200 https://npm.pkg.github.com/vltsandbox/@eslint%2fconfig-array 101ms (cache miss)
npm http fetch GET 200 https://npm.pkg.github.com/vltsandbox/@humanwhocodes%2fretry 107ms (cache miss)
npm http fetch GET 200 https://npm.pkg.github.com/vltsandbox/escape-string-regexp 103ms (cache miss)
npm http fetch GET 200 https://npm.pkg.github.com/vltsandbox/@eslint%2fconfig-helpers 123ms (cache miss)
npm http fetch GET 200 https://npm.pkg.github.com/vltsandbox/@eslint-community%2feslint-utils 96ms (cache miss)
npm http fetch GET 200 https://npm.pkg.github.com/vltsandbox/@eslint-community%2fregexpp 105ms (cache updated)
npm http fetch GET 200 https://npm.pkg.github.com/vltsandbox/@humanwhocodes%2fmodule-importer 101ms (cache miss)
npm http fetch GET 200 https://npm.pkg.github.com/vltsandbox/json-stable-stringify-without-jsonify 89ms (cache miss)
npm http fetch GET 200 https://npm.pkg.github.com/vltsandbox/uri-js 104ms (cache miss)
npm http fetch GET 200 https://npm.pkg.github.com/vltsandbox/fast-deep-equal 102ms (cache updated)
npm http fetch GET 200 https://npm.pkg.github.com/vltsandbox/require-from-string 93ms (cache miss)
npm http fetch GET 200 https://npm.pkg.github.com/vltsandbox/json-schema-traverse 102ms (cache miss)
npm http fetch GET 200 https://npm.pkg.github.com/vltsandbox/node-addon-api 103ms (cache miss)
npm http fetch GET 200 https://npm.pkg.github.com/vltsandbox/prebuild-install 94ms (cache miss)
npm http fetch GET 200 https://npm.pkg.github.com/vltsandbox/braces 133ms (cache miss)
npm http fetch GET 200 https://npm.pkg.github.com/vltsandbox/is-glob 96ms (cache updated)
npm http fetch GET 200 https://npm.pkg.github.com/vltsandbox/anymatch 124ms (cache miss)
npm http fetch GET 200 https://npm.pkg.github.com/vltsandbox/readdirp 96ms (cache miss)
npm http fetch GET 200 https://npm.pkg.github.com/vltsandbox/glob-parent 106ms (cache updated)
npm http fetch GET 200 https://npm.pkg.github.com/vltsandbox/is-binary-path 89ms (cache miss)
npm http fetch GET 200 https://npm.pkg.github.com/vltsandbox/normalize-path 94ms (cache miss)
npm http fetch GET 200 https://npm.pkg.github.com/vltsandbox/fsevents 97ms (cache miss)
npm http fetch GET 200 https://npm.pkg.github.com/vltsandbox/acorn 89ms (cache miss)
npm http fetch GET 200 https://npm.pkg.github.com/vltsandbox/winston 118ms (cache miss)
npm http fetch GET 200 https://npm.pkg.github.com/vltsandbox/fast-glob 101ms (cache miss)
npm http fetch GET 200 https://npm.pkg.github.com/vltsandbox/commander 113ms (cache miss)
npm http fetch GET 200 https://npm.pkg.github.com/vltsandbox/supports-color 96ms (cache miss)
npm http fetch GET 200 https://npm.pkg.github.com/vltsandbox/@github%2fbrowserslist-config 104ms (cache miss)
npm http fetch GET 200 https://npm.pkg.github.com/vltsandbox/@eslint%2fcompat 116ms (cache miss)
npm http fetch GET 200 https://npm.pkg.github.com/vltsandbox/aria-query 94ms (cache miss)
npm http fetch GET 200 https://npm.pkg.github.com/vltsandbox/eslint-plugin-escompat 94ms (cache miss)
npm http fetch GET 200 https://npm.pkg.github.com/vltsandbox/eslint-plugin-eslint-comments 97ms (cache miss)
npm http fetch GET 200 https://npm.pkg.github.com/vltsandbox/eslint-plugin-filenames 91ms (cache miss)
npm http fetch GET 200 https://npm.pkg.github.com/vltsandbox/eslint-plugin-i18n-text 80ms (cache miss)
npm http fetch GET 200 https://npm.pkg.github.com/vltsandbox/eslint-plugin-jsx-a11y 109ms (cache miss)
npm http fetch GET 200 https://npm.pkg.github.com/vltsandbox/eslint-plugin-no-only-tests 97ms (cache miss)
npm http fetch GET 200 https://npm.pkg.github.com/vltsandbox/eslint-plugin-prettier 103ms (cache updated)
npm http fetch GET 200 https://npm.pkg.github.com/vltsandbox/eslint-rule-documentation 98ms (cache miss)
npm http fetch GET 200 https://npm.pkg.github.com/vltsandbox/globals 102ms (cache updated)
npm http fetch GET 200 https://npm.pkg.github.com/vltsandbox/jsx-ast-utils 92ms (cache miss)
npm http fetch GET 200 https://npm.pkg.github.com/vltsandbox/prettier 107ms (cache updated)
npm http fetch GET 200 https://npm.pkg.github.com/vltsandbox/svg-element-attributes 94ms (cache miss)
npm http fetch GET 200 https://npm.pkg.github.com/vltsandbox/@rtsao%2fscc 109ms (cache miss)
npm http fetch GET 200 https://npm.pkg.github.com/vltsandbox/typescript-eslint 194ms (cache miss)
npm http fetch GET 200 https://npm.pkg.github.com/vltsandbox/array-includes 100ms (cache miss)
npm http fetch GET 200 https://npm.pkg.github.com/vltsandbox/array.prototype.findlastindex 107ms (cache miss)
npm http fetch GET 200 https://npm.pkg.github.com/vltsandbox/array.prototype.flat 108ms (cache miss)
npm http fetch GET 200 https://npm.pkg.github.com/vltsandbox/typescript 479ms (cache updated)
npm http fetch GET 200 https://npm.pkg.github.com/vltsandbox/array.prototype.flatmap 182ms (cache miss)
npm http fetch GET 200 https://npm.pkg.github.com/vltsandbox/debug 174ms (cache updated)
npm http fetch GET 200 https://npm.pkg.github.com/vltsandbox/doctrine 94ms (cache miss)
npm http fetch GET 200 https://npm.pkg.github.com/vltsandbox/eslint-import-resolver-node 91ms (cache miss)
npm http fetch GET 200 https://npm.pkg.github.com/vltsandbox/eslint-module-utils 96ms (cache miss)
npm http fetch GET 200 https://npm.pkg.github.com/vltsandbox/hasown 88ms (cache miss)
npm http fetch GET 200 https://npm.pkg.github.com/vltsandbox/is-core-module 92ms (cache miss)
npm http fetch GET 200 https://npm.pkg.github.com/vltsandbox/is-glob 105ms (cache updated)
npm http fetch GET 200 https://npm.pkg.github.com/vltsandbox/minimatch 111ms (cache updated)
npm http fetch GET 200 https://npm.pkg.github.com/vltsandbox/object.fromentries 108ms (cache miss)
npm http fetch GET 200 https://npm.pkg.github.com/vltsandbox/object.groupby 110ms (cache miss)
npm http fetch GET 200 https://npm.pkg.github.com/vltsandbox/object.values 91ms (cache miss)
npm http fetch GET 200 https://npm.pkg.github.com/vltsandbox/semver 102ms (cache miss)
npm http fetch GET 200 https://npm.pkg.github.com/vltsandbox/string.prototype.trimend 101ms (cache miss)
npm http fetch GET 200 https://npm.pkg.github.com/vltsandbox/tsconfig-paths 93ms (cache miss)
npm http fetch GET 200 https://npm.pkg.github.com/vltsandbox/debug 100ms (cache updated)
npm http fetch GET 200 https://npm.pkg.github.com/vltsandbox/espree 96ms (cache updated)
npm http fetch GET 200 https://npm.pkg.github.com/vltsandbox/semver 125ms (cache updated)
npm http fetch GET 200 https://npm.pkg.github.com/vltsandbox/esquery 87ms (cache updated)
npm http fetch GET 200 https://npm.pkg.github.com/vltsandbox/@typescript-eslint%2futils 339ms (cache updated)
npm http fetch GET 200 https://npm.pkg.github.com/vltsandbox/comment-parser 139ms (cache miss)
npm http fetch GET 200 https://npm.pkg.github.com/vltsandbox/@es-joy%2fjsdoccomment 138ms (cache miss)
npm http fetch GET 200 https://npm.pkg.github.com/vltsandbox/are-docs-informative 101ms (cache miss)
npm http fetch GET 200 https://npm.pkg.github.com/vltsandbox/parse-imports-exports 90ms (cache miss)
npm http fetch GET 200 https://npm.pkg.github.com/vltsandbox/spdx-expression-parse 86ms (cache miss)
npm http fetch GET 200 https://npm.pkg.github.com/vltsandbox/prettier-linter-helpers 86ms (cache miss)
npm http fetch GET 200 https://npm.pkg.github.com/vltsandbox/synckit 111ms (cache miss)
npm http fetch GET 200 https://npm.pkg.github.com/vltsandbox/@microsoft%2ftsdoc 109ms (cache miss)
npm http fetch GET 200 https://npm.pkg.github.com/vltsandbox/@microsoft%2ftsdoc-config 111ms (cache miss)
npm http fetch GET 200 https://npm.pkg.github.com/vltsandbox/jsonfile 97ms (cache miss)
npm http fetch GET 200 https://npm.pkg.github.com/vltsandbox/graceful-fs 93ms (cache miss)
npm http fetch GET 200 https://npm.pkg.github.com/vltsandbox/universalify 88ms (cache miss)
npm http fetch GET 200 https://npm.pkg.github.com/vltsandbox/minipass 103ms (cache miss)
npm http fetch GET 200 https://npm.pkg.github.com/vltsandbox/jackspeak 111ms (cache miss)
npm http fetch GET 200 https://npm.pkg.github.com/vltsandbox/@typescript-eslint%2futils 334ms (cache updated)
npm http fetch GET 200 https://npm.pkg.github.com/vltsandbox/minimatch 118ms (cache updated)
npm http fetch GET 200 https://npm.pkg.github.com/vltsandbox/path-scurry 107ms (cache miss)
npm http fetch GET 200 https://npm.pkg.github.com/vltsandbox/foreground-child 97ms (cache miss)
npm http fetch GET 200 https://npm.pkg.github.com/vltsandbox/package-json-from-dist 101ms (cache miss)
npm http fetch GET 200 https://npm.pkg.github.com/vltsandbox/jest-cli 135ms (cache miss)
npm http fetch GET 200 https://npm.pkg.github.com/vltsandbox/@jest%2fcore 122ms (cache miss)
npm http fetch GET 200 https://npm.pkg.github.com/vltsandbox/@jest%2ftypes 105ms (cache updated)
npm http fetch GET 200 https://npm.pkg.github.com/vltsandbox/import-local 97ms (cache miss)
npm http fetch GET 200 https://npm.pkg.github.com/vltsandbox/jsdom 109ms (cache miss)
npm http fetch GET 200 https://npm.pkg.github.com/vltsandbox/@types%2fjsdom 111ms (cache miss)
npm http fetch GET 200 https://npm.pkg.github.com/vltsandbox/@jest%2fenvironment 114ms (cache miss)
npm http fetch GET 200 https://npm.pkg.github.com/vltsandbox/@jest%2fenvironment-jsdom-abstract 97ms (cache miss)
npm http fetch GET 200 https://npm.pkg.github.com/vltsandbox/xml 102ms (cache miss)
npm http fetch GET 200 https://npm.pkg.github.com/vltsandbox/uuid 97ms (cache miss)
npm http fetch GET 200 https://npm.pkg.github.com/vltsandbox/mkdirp 92ms (cache miss)
npm http fetch GET 200 https://npm.pkg.github.com/vltsandbox/strip-ansi 99ms (cache miss)
npm http fetch GET 200 https://npm.pkg.github.com/vltsandbox/schema-utils 100ms (cache miss)
npm http fetch GET 200 https://npm.pkg.github.com/vltsandbox/events 106ms (cache miss)
npm http fetch GET 200 https://npm.pkg.github.com/vltsandbox/mime-db 98ms (cache miss)
npm http fetch GET 200 https://npm.pkg.github.com/vltsandbox/tapable 97ms (cache miss)
npm http fetch GET 200 https://npm.pkg.github.com/vltsandbox/watchpack 97ms (cache miss)
npm http fetch GET 200 https://npm.pkg.github.com/vltsandbox/graceful-fs 98ms (cache updated)
npm http fetch GET 200 https://npm.pkg.github.com/vltsandbox/browserslist 108ms (cache miss)
npm http fetch GET 200 https://npm.pkg.github.com/vltsandbox/schema-utils 106ms (cache updated)
npm http fetch GET 200 https://npm.pkg.github.com/vltsandbox/@types%2festree 120ms (cache updated)
npm http fetch GET 200 https://npm.pkg.github.com/vltsandbox/es-module-lexer 103ms (cache miss)
npm http fetch GET 200 https://npm.pkg.github.com/vltsandbox/webpack-sources 85ms (cache miss)
npm http fetch GET 200 https://npm.pkg.github.com/vltsandbox/enhanced-resolve 99ms (cache miss)
npm http fetch GET 200 https://npm.pkg.github.com/vltsandbox/@webassemblyjs%2fast 98ms (cache miss)
npm http fetch GET 200 https://npm.pkg.github.com/vltsandbox/chrome-trace-event 106ms (cache miss)
npm http fetch GET 200 https://npm.pkg.github.com/vltsandbox/@types%2fjson-schema 209ms (cache miss)
npm http fetch GET 200 https://npm.pkg.github.com/vltsandbox/@webassemblyjs%2fwasm-edit 100ms (cache miss)
npm http fetch GET 200 https://npm.pkg.github.com/vltsandbox/minimizer-webpack-plugin 96ms (cache miss)
npm http fetch GET 200 https://npm.pkg.github.com/vltsandbox/@webassemblyjs%2fwasm-parser 103ms (cache miss)
npm http fetch GET 200 https://npm.pkg.github.com/vltsandbox/bl 102ms (cache miss)
npm http fetch GET 200 https://npm.pkg.github.com/vltsandbox/ms 102ms (cache miss)
npm http fetch GET 200 https://npm.pkg.github.com/vltsandbox/ejs 100ms (cache miss)
npm http fetch GET 200 https://npm.pkg.github.com/vltsandbox/ora 105ms (cache miss)
npm http fetch GET 200 https://npm.pkg.github.com/vltsandbox/tmp 94ms (cache miss)
npm http fetch GET 200 https://npm.pkg.github.com/vltsandbox/flat 100ms (cache miss)
npm http fetch GET 200 https://npm.pkg.github.com/vltsandbox/gopd 95ms (cache miss)
npm http fetch GET 200 https://npm.pkg.github.com/vltsandbox/once 109ms (cache miss)
npm http fetch GET 200 https://npm.pkg.github.com/vltsandbox/open 96ms (cache miss)
npm http fetch GET 200 https://npm.pkg.github.com/vltsandbox/y18n 92ms (cache miss)
npm http fetch GET 200 https://npm.pkg.github.com/vltsandbox/chalk 108ms (cache updated)
npm http fetch GET 200 https://npm.pkg.github.com/vltsandbox/yaml 235ms (cache miss)
npm http fetch GET 200 https://npm.pkg.github.com/vltsandbox/axios 205ms (cache miss)
npm http fetch GET 200 https://npm.pkg.github.com/vltsandbox/cliui 188ms (cache miss)
npm http fetch GET 200 https://npm.pkg.github.com/vltsandbox/clone 110ms (cache miss)
npm http fetch GET 200 https://npm.pkg.github.com/vltsandbox/debug 106ms (cache updated)
npm http fetch GET 200 https://npm.pkg.github.com/vltsandbox/json5 92ms (cache miss)
npm http fetch GET 200 https://npm.pkg.github.com/vltsandbox/tslib 100ms (cache updated)
npm http fetch GET 200 https://npm.pkg.github.com/vltsandbox/yargs 111ms (cache miss)
npm http fetch GET 200 https://npm.pkg.github.com/vltsandbox/buffer 115ms (cache miss)
npm http fetch GET 200 https://npm.pkg.github.com/vltsandbox/hasown 91ms (cache updated)
npm http fetch GET 200 https://npm.pkg.github.com/vltsandbox/dotenv 114ms (cache updated)
npm http fetch GET 200 https://npm.pkg.github.com/vltsandbox/is-wsl 91ms (cache miss)
npm http fetch GET 200 https://npm.pkg.github.com/vltsandbox/ignore 102ms (cache updated)
npm http fetch GET 200 https://npm.pkg.github.com/vltsandbox/semver 112ms (cache updated)
npm http fetch GET 200 https://npm.pkg.github.com/vltsandbox/wrappy 91ms (cache miss)
npm http fetch GET 200 https://npm.pkg.github.com/vltsandbox/figures 94ms (cache miss)
npm http fetch GET 200 https://npm.pkg.github.com/vltsandbox/ieee754 84ms (cache miss)
npm http fetch GET 200 https://npm.pkg.github.com/vltsandbox/mime-db 89ms (cache updated)
npm http fetch GET 200 https://npm.pkg.github.com/vltsandbox/wcwidth 95ms (cache miss)
npm http fetch GET 200 https://npm.pkg.github.com/vltsandbox/onetime 110ms (cache miss)
npm http fetch GET 200 https://npm.pkg.github.com/vltsandbox/argparse 88ms (cache miss)
npm http fetch GET 200 https://npm.pkg.github.com/vltsandbox/asynckit 87ms (cache miss)
npm http fetch GET 200 https://npm.pkg.github.com/vltsandbox/defaults 89ms (cache miss)
npm http fetch GET 200 https://npm.pkg.github.com/vltsandbox/enquirer 92ms (cache miss)
npm http fetch GET 200 https://npm.pkg.github.com/vltsandbox/has-flag 85ms (cache miss)
npm http fetch GET 200 https://npm.pkg.github.com/vltsandbox/escalade 98ms (cache miss)
npm http fetch GET 200 https://npm.pkg.github.com/vltsandbox/inherits 82ms (cache miss)
npm http fetch GET 200 https://npm.pkg.github.com/vltsandbox/mimic-fn 95ms (cache miss)
npm http fetch GET 200 https://npm.pkg.github.com/vltsandbox/minimist 94ms (cache miss)
npm http fetch GET 200 https://npm.pkg.github.com/vltsandbox/path-key 108ms (cache miss)
npm http fetch GET 200 https://npm.pkg.github.com/vltsandbox/es-errors 92ms (cache miss)
npm http fetch GET 200 https://npm.pkg.github.com/vltsandbox/base64-js 102ms (cache miss)
npm http fetch GET 200 https://npm.pkg.github.com/vltsandbox/form-data 93ms (cache miss)
npm http fetch GET 200 https://npm.pkg.github.com/vltsandbox/get-proto 86ms (cache miss)
npm http fetch GET 200 https://npm.pkg.github.com/vltsandbox/is-docker 95ms (cache miss)
npm http fetch GET 200 https://npm.pkg.github.com/vltsandbox/minimatch 110ms (cache updated)
npm http fetch GET 200 https://npm.pkg.github.com/vltsandbox/smol-toml 99ms (cache miss)
npm http fetch GET 200 https://npm.pkg.github.com/vltsandbox/strip-bom 113ms (cache miss)
npm http fetch GET 200 https://npm.pkg.github.com/vltsandbox/tree-kill 96ms (cache miss)
npm http fetch GET 200 https://npm.pkg.github.com/vltsandbox/wrap-ansi 94ms (cache miss)
npm http fetch GET 200 https://npm.pkg.github.com/vltsandbox/agent-base 93ms (cache miss)
npm http fetch GET 200 https://npm.pkg.github.com/vltsandbox/cli-cursor 88ms (cache miss)
npm http fetch GET 200 https://npm.pkg.github.com/vltsandbox/ansi-regex 93ms (cache miss)
npm http fetch GET 200 https://npm.pkg.github.com/vltsandbox/color-name 92ms (cache miss)
npm http fetch GET 200 https://npm.pkg.github.com/vltsandbox/picocolors 94ms (cache miss)
npm http fetch GET 200 https://npm.pkg.github.com/vltsandbox/mime-types 98ms (cache miss)
npm http fetch GET 200 https://npm.pkg.github.com/vltsandbox/strip-ansi 131ms (cache updated)
npm http fetch GET 200 https://npm.pkg.github.com/vltsandbox/ansi-colors 93ms (cache miss)
npm http fetch GET 200 https://npm.pkg.github.com/vltsandbox/tar-stream 118ms (cache miss)
npm http fetch GET 200 https://npm.pkg.github.com/vltsandbox/ansi-styles 106ms (cache miss)
npm http fetch GET 200 https://npm.pkg.github.com/vltsandbox/emoji-regex 97ms (cache miss)
npm http fetch GET 200 https://npm.pkg.github.com/vltsandbox/has-symbols 86ms (cache miss)
npm http fetch GET 200 https://npm.pkg.github.com/vltsandbox/log-symbols 114ms (cache miss)
npm http fetch GET 200 https://npm.pkg.github.com/vltsandbox/safe-buffer 110ms (cache miss)
npm http fetch GET 200 https://npm.pkg.github.com/vltsandbox/signal-exit 123ms (cache miss)
npm http fetch GET 200 https://npm.pkg.github.com/vltsandbox/@emnapi%2fcore 98ms (cache miss)
npm http fetch GET 200 https://npm.pkg.github.com/vltsandbox/cli-spinners 99ms (cache miss)
npm http fetch GET 200 https://npm.pkg.github.com/vltsandbox/dunder-proto 91ms (cache miss)
npm http fetch GET 200 https://npm.pkg.github.com/vltsandbox/fs-constants 107ms (cache miss)
npm http fetch GET 200 https://npm.pkg.github.com/vltsandbox/jsonc-parser 92ms (cache miss)
npm http fetch GET 200 https://npm.pkg.github.com/vltsandbox/npm-run-path 89ms (cache miss)
npm http fetch GET 200 https://npm.pkg.github.com/vltsandbox/string-width 97ms (cache miss)
npm http fetch GET 200 https://npm.pkg.github.com/vltsandbox/yargs-parser 99ms (cache miss)
npm http fetch GET 200 https://npm.pkg.github.com/vltsandbox/color-convert 110ms (cache miss)
npm http fetch GET 200 https://npm.pkg.github.com/vltsandbox/dotenv-expand 100ms (cache miss)
npm http fetch GET 200 https://npm.pkg.github.com/vltsandbox/end-of-stream 95ms (cache miss)
npm http fetch GET 200 https://npm.pkg.github.com/vltsandbox/function-bind 104ms (cache miss)
npm http fetch GET 200 https://npm.pkg.github.com/vltsandbox/get-intrinsic 97ms (cache miss)
npm http fetch GET 200 https://npm.pkg.github.com/vltsandbox/balanced-match 94ms (cache miss)
npm http fetch GET 200 https://npm.pkg.github.com/vltsandbox/delayed-stream 97ms (cache miss)
npm http fetch GET 200 https://npm.pkg.github.com/vltsandbox/proxy-from-env 93ms (cache miss)
npm http fetch GET 200 https://npm.pkg.github.com/vltsandbox/is-interactive 99ms (cache miss)
npm http fetch GET 200 https://npm.pkg.github.com/vltsandbox/restore-cursor 88ms (cache miss)
npm http fetch GET 200 https://npm.pkg.github.com/vltsandbox/supports-color 94ms (cache updated)
npm http fetch GET 200 https://npm.pkg.github.com/vltsandbox/string_decoder 106ms (cache miss)
npm http fetch GET 200 https://npm.pkg.github.com/vltsandbox/tsconfig-paths 105ms (cache updated)
npm http fetch GET 200 https://npm.pkg.github.com/vltsandbox/util-deprecate 96ms (cache miss)
npm http fetch GET 200 https://npm.pkg.github.com/vltsandbox/brace-expansion 91ms (cache miss)
npm http fetch GET 200 https://npm.pkg.github.com/vltsandbox/@emnapi%2fruntime 121ms (cache miss)
npm http fetch GET 200 https://npm.pkg.github.com/vltsandbox/combined-stream 114ms (cache miss)
npm http fetch GET 200 https://npm.pkg.github.com/vltsandbox/get-caller-file 87ms (cache miss)
npm http fetch GET 200 https://npm.pkg.github.com/vltsandbox/es-object-atoms 97ms (cache miss)
npm http fetch GET 200 https://npm.pkg.github.com/vltsandbox/math-intrinsics 89ms (cache miss)
npm http fetch GET 200 https://npm.pkg.github.com/vltsandbox/has-tostringtag 96ms (cache miss)
npm http fetch GET 200 https://npm.pkg.github.com/vltsandbox/readable-stream 101ms (cache miss)
npm http fetch GET 200 https://npm.pkg.github.com/vltsandbox/resolve.exports 90ms (cache miss)
npm http fetch GET 200 https://npm.pkg.github.com/vltsandbox/@tybys%2fwasm-util 114ms (cache miss)
npm http fetch GET 200 https://npm.pkg.github.com/vltsandbox/@zkochan%2fjs-yaml 110ms (cache miss)
npm http fetch GET 200 https://npm.pkg.github.com/vltsandbox/define-lazy-prop 94ms (cache miss)
npm http fetch GET 200 https://npm.pkg.github.com/vltsandbox/follow-redirects 101ms (cache miss)
npm http fetch GET 200 https://npm.pkg.github.com/vltsandbox/@yarnpkg%2flockfile 124ms (cache miss)
npm http fetch GET 200 https://npm.pkg.github.com/vltsandbox/lines-and-columns 92ms (cache miss)
npm http fetch GET 200 https://npm.pkg.github.com/vltsandbox/https-proxy-agent 132ms (cache miss)
npm http fetch GET 200 https://npm.pkg.github.com/vltsandbox/require-directory 95ms (cache miss)
npm http fetch GET 200 https://npm.pkg.github.com/vltsandbox/es-define-property 90ms (cache miss)
npm http fetch GET 200 https://npm.pkg.github.com/vltsandbox/es-set-tostringtag 104ms (cache miss)
npm http fetch GET 200 https://npm.pkg.github.com/vltsandbox/@emnapi%2fwasi-threads 112ms (cache miss)
npm http fetch GET 200 https://npm.pkg.github.com/vltsandbox/escape-string-regexp 88ms (cache updated)
npm http fetch GET 200 https://npm.pkg.github.com/vltsandbox/@jest%2fdiff-sequences 109ms (cache miss)
npm http fetch GET 200 https://npm.pkg.github.com/vltsandbox/is-unicode-supported 96ms (cache miss)
npm http fetch GET 200 https://npm.pkg.github.com/vltsandbox/call-bind-apply-helpers 96ms (cache miss)
npm http fetch GET 200 https://npm.pkg.github.com/vltsandbox/@napi-rs%2fwasm-runtime 116ms (cache miss)
npm http fetch GET 200 https://npm.pkg.github.com/vltsandbox/is-fullwidth-code-point 92ms (cache miss)
npm http fetch GET 200 https://npm.pkg.github.com/vltsandbox/@nx%2fnx-darwin-arm64 221ms (cache miss)
npm http fetch GET 200 https://npm.pkg.github.com/vltsandbox/@nx%2fnx-darwin-x64 283ms (cache miss)
npm http fetch GET 200 https://npm.pkg.github.com/vltsandbox/@nx%2fnx-freebsd-x64 281ms (cache miss)
npm http fetch GET 200 https://npm.pkg.github.com/vltsandbox/@nx%2fnx-linux-x64-gnu 220ms (cache miss)
npm http fetch GET 200 https://npm.pkg.github.com/vltsandbox/@nx%2fnx-linux-x64-musl 236ms (cache miss)
npm http fetch GET 200 https://npm.pkg.github.com/vltsandbox/@nx%2fnx-win32-x64-msvc 238ms (cache miss)
npm http fetch GET 200 https://npm.pkg.github.com/vltsandbox/@nx%2fnx-linux-arm64-gnu 220ms (cache miss)
npm http fetch GET 200 https://npm.pkg.github.com/vltsandbox/@nx%2fnx-win32-arm64-msvc 211ms (cache miss)
npm http fetch GET 200 https://npm.pkg.github.com/vltsandbox/@nx%2fnx-linux-arm64-musl 265ms (cache miss)
npm http fetch GET 200 https://npm.pkg.github.com/vltsandbox/json5 94ms (cache updated)
npm http fetch GET 200 https://npm.pkg.github.com/vltsandbox/glob 157ms (cache updated)
npm http fetch GET 200 https://npm.pkg.github.com/vltsandbox/@nx%2fnx-linux-arm-gnueabihf 212ms (cache miss)
npm http fetch GET 200 https://npm.pkg.github.com/vltsandbox/semver 98ms (cache updated)
npm http fetch GET 200 https://npm.pkg.github.com/vltsandbox/bs-logger 96ms (cache miss)
npm http fetch GET 200 https://npm.pkg.github.com/vltsandbox/jest-util 122ms (cache miss)
npm http fetch GET 200 https://npm.pkg.github.com/vltsandbox/make-error 98ms (cache miss)
npm http fetch GET 200 https://npm.pkg.github.com/vltsandbox/yargs-parser 106ms (cache updated)
npm http fetch GET 200 https://npm.pkg.github.com/vltsandbox/lodash.memoize 90ms (cache miss)
npm http fetch GET 200 https://npm.pkg.github.com/vltsandbox/fast-json-stable-stringify 85ms (cache miss)
npm http fetch GET 200 https://npm.pkg.github.com/vltsandbox/yn 104ms (cache miss)
npm http fetch GET 200 https://npm.pkg.github.com/vltsandbox/arg 102ms (cache miss)
npm http fetch GET 200 https://npm.pkg.github.com/vltsandbox/diff 88ms (cache miss)
npm http fetch GET 200 https://npm.pkg.github.com/vltsandbox/acorn 99ms (cache updated)
npm http fetch GET 200 https://npm.pkg.github.com/vltsandbox/acorn-walk 95ms (cache miss)
npm http fetch GET 200 https://npm.pkg.github.com/vltsandbox/make-error 96ms (cache updated)
npm http fetch GET 200 https://npm.pkg.github.com/vltsandbox/create-require 120ms (cache miss)
npm http fetch GET 200 https://npm.pkg.github.com/vltsandbox/@tsconfig%2fnode10 111ms (cache miss)
npm http fetch GET 200 https://npm.pkg.github.com/vltsandbox/@tsconfig%2fnode12 114ms (cache miss)
npm http fetch GET 200 https://npm.pkg.github.com/vltsandbox/v8-compile-cache-lib 96ms (cache miss)
npm http fetch GET 200 https://npm.pkg.github.com/vltsandbox/@tsconfig%2fnode16 113ms (cache miss)
npm http fetch GET 200 https://npm.pkg.github.com/vltsandbox/undici-types 101ms (cache miss)
npm http fetch GET 200 https://npm.pkg.github.com/vltsandbox/@cspotcode%2fsource-map-support 120ms (cache miss)
npm http fetch GET 200 https://npm.pkg.github.com/vltsandbox/chalk 109ms (cache updated)
npm http fetch GET 200 https://npm.pkg.github.com/vltsandbox/semver 105ms (cache updated)
npm http fetch GET 200 https://npm.pkg.github.com/vltsandbox/@tsconfig%2fnode14 353ms (cache miss)
npm http fetch GET 200 https://npm.pkg.github.com/vltsandbox/minimist 97ms (cache updated)
npm http fetch GET 200 https://npm.pkg.github.com/vltsandbox/global-prefix 94ms (cache miss)
npm http fetch GET 200 https://npm.pkg.github.com/vltsandbox/resolve 110ms (cache miss)
npm http fetch GET 200 https://npm.pkg.github.com/vltsandbox/lunr 95ms (cache miss)
npm http fetch GET 200 https://npm.pkg.github.com/vltsandbox/markdown-it 92ms (cache miss)
npm http fetch GET 200 https://npm.pkg.github.com/vltsandbox/@gerrit0%2fmini-shiki 109ms (cache miss)
npm http fetch GET 200 https://npm.pkg.github.com/vltsandbox/minimatch 107ms (cache updated)
npm http fetch GET 200 https://npm.pkg.github.com/vltsandbox/envinfo 103ms (cache miss)
npm http fetch GET 200 https://npm.pkg.github.com/vltsandbox/yaml 111ms (cache updated)
npm http fetch GET 200 https://npm.pkg.github.com/vltsandbox/colorette 94ms (cache miss)
npm http fetch GET 200 https://npm.pkg.github.com/vltsandbox/commander 113ms (cache updated)
npm http fetch GET 200 https://npm.pkg.github.com/vltsandbox/rechoir 136ms (cache miss)
npm http fetch GET 200 https://npm.pkg.github.com/vltsandbox/interpret 95ms (cache miss)
npm http fetch GET 200 https://npm.pkg.github.com/vltsandbox/cross-spawn 98ms (cache updated)
npm http fetch GET 200 https://npm.pkg.github.com/vltsandbox/webpack-merge 104ms (cache miss)
npm http fetch GET 200 https://npm.pkg.github.com/vltsandbox/@webpack-cli%2finfo 98ms (cache miss)
npm http fetch GET 200 https://npm.pkg.github.com/vltsandbox/fastest-levenshtein 91ms (cache miss)
npm http fetch GET 200 https://npm.pkg.github.com/vltsandbox/@webpack-cli%2fserve 114ms (cache miss)
npm http fetch GET 200 https://npm.pkg.github.com/vltsandbox/@discoveryjs%2fjson-ext 101ms (cache miss)
npm http fetch GET 200 https://npm.pkg.github.com/vltsandbox/@webpack-cli%2fconfigtest 106ms (cache miss)
npm http fetch GET 200 https://npm.pkg.github.com/vltsandbox/open 99ms (cache updated)
npm http fetch GET 200 https://npm.pkg.github.com/vltsandbox/tmp 107ms (cache updated)
npm http fetch GET 200 https://npm.pkg.github.com/vltsandbox/flat 158ms (cache updated)
npm http fetch GET 200 https://npm.pkg.github.com/vltsandbox/chalk 99ms (cache updated)
npm http fetch GET 200 https://npm.pkg.github.com/vltsandbox/cliui 86ms (cache updated)
npm http fetch GET 200 https://npm.pkg.github.com/vltsandbox/axios 144ms (cache updated)
npm http fetch GET 200 https://npm.pkg.github.com/vltsandbox/yargs 120ms (cache updated)
npm http fetch GET 200 https://npm.pkg.github.com/vltsandbox/ignore 106ms (cache updated)
npm http fetch GET 200 https://npm.pkg.github.com/vltsandbox/dotenv 115ms (cache updated)
npm http fetch GET 200 https://npm.pkg.github.com/vltsandbox/enquirer 122ms (cache updated)
npm http fetch GET 200 https://npm.pkg.github.com/vltsandbox/minimatch 117ms (cache updated)
npm http fetch GET 200 https://npm.pkg.github.com/vltsandbox/jest-diff 126ms (cache miss)
npm http fetch GET 200 https://npm.pkg.github.com/vltsandbox/tar-stream 93ms (cache updated)
npm http fetch GET 200 https://npm.pkg.github.com/vltsandbox/npm-run-path 95ms (cache updated)
npm http fetch GET 200 https://npm.pkg.github.com/vltsandbox/string-width 123ms (cache updated)
npm http fetch GET 200 https://npm.pkg.github.com/vltsandbox/dotenv-expand 96ms (cache updated)
npm http fetch GET 200 https://npm.pkg.github.com/vltsandbox/node-machine-id 209ms (cache miss)
npm http fetch GET 200 https://npm.pkg.github.com/vltsandbox/front-matter 413ms (cache miss)
npm http fetch GET 200 https://npm.pkg.github.com/vltsandbox/tsconfig-paths 221ms (cache updated)
npm http fetch GET 200 https://npm.pkg.github.com/vltsandbox/strong-log-transformer 107ms (cache miss)
npm http fetch GET 200 https://npm.pkg.github.com/vltsandbox/@yarnpkg%2fparsers 122ms (cache miss)
npm http fetch GET 200 https://npm.pkg.github.com/vltsandbox/@yarnpkg%2flockfile 137ms (cache updated)
npm http fetch GET 200 https://npm.pkg.github.com/vltsandbox/@nx%2fnx-darwin-x64 219ms (cache updated)
npm http fetch GET 200 https://npm.pkg.github.com/vltsandbox/@nx%2fnx-freebsd-x64 246ms (cache updated)
npm http fetch GET 200 https://npm.pkg.github.com/vltsandbox/@nx%2fnx-darwin-arm64 258ms (cache updated)
npm http fetch GET 200 https://npm.pkg.github.com/vltsandbox/@nx%2fnx-linux-x64-gnu 227ms (cache updated)
npm http fetch GET 200 https://npm.pkg.github.com/vltsandbox/@nx%2fnx-win32-x64-msvc 206ms (cache updated)
npm http fetch GET 200 https://npm.pkg.github.com/vltsandbox/@nx%2fnx-linux-x64-musl 271ms (cache updated)
npm http fetch GET 200 https://npm.pkg.github.com/vltsandbox/@nx%2fnx-linux-arm64-gnu 226ms (cache updated)
npm http fetch GET 200 https://npm.pkg.github.com/vltsandbox/@nx%2fnx-linux-arm64-musl 222ms (cache updated)
npm http fetch GET 200 https://npm.pkg.github.com/vltsandbox/@nx%2fnx-win32-arm64-msvc 224ms (cache updated)
npm http fetch GET 200 https://npm.pkg.github.com/vltsandbox/@nx%2fnx-linux-arm-gnueabihf 229ms (cache updated)
npm http fetch GET 200 https://npm.pkg.github.com/vltsandbox/@nx%2fdevkit 224ms (cache miss)
npm http fetch GET 200 https://npm.pkg.github.com/vltsandbox/ansi-styles 105ms (cache updated)
npm http fetch GET 200 https://npm.pkg.github.com/vltsandbox/ejs 110ms (cache updated)
npm http fetch GET 200 https://npm.pkg.github.com/vltsandbox/@nrwl%2fdevkit 195ms (cache miss)
npm http fetch GET 200 https://npm.pkg.github.com/vltsandbox/supports-color 116ms (cache updated)
npm http fetch GET 200 https://npm.pkg.github.com/vltsandbox/ansi-colors 114ms (cache updated)
npm http fetch GET 200 https://npm.pkg.github.com/vltsandbox/fsevents 100ms (cache updated)
npm http fetch GET 200 https://npm.pkg.github.com/vltsandbox/playwright-core 400ms (cache miss)
npm http fetch GET 200 https://npm.pkg.github.com/vltsandbox/pretty-format 115ms (cache updated)
npm http fetch GET 200 https://npm.pkg.github.com/vltsandbox/jest-get-type 136ms (cache miss)
npm http fetch GET 200 https://npm.pkg.github.com/vltsandbox/jest-diff 148ms (cache updated)
npm http fetch GET 200 https://npm.pkg.github.com/vltsandbox/ansi-regex 103ms (cache updated)
npm http fetch GET 200 https://npm.pkg.github.com/vltsandbox/ansi-styles 94ms (cache updated)
npm http fetch GET 200 https://npm.pkg.github.com/vltsandbox/react-is 231ms (cache miss)
npm http fetch GET 200 https://npm.pkg.github.com/vltsandbox/@types%2fyargs 103ms (cache miss)
npm http fetch GET 200 https://npm.pkg.github.com/vltsandbox/@types%2fistanbul-lib-coverage 108ms (cache miss)
npm http fetch GET 200 https://npm.pkg.github.com/vltsandbox/@types%2fistanbul-reports 142ms (cache miss)
npm http fetch GET 200 https://npm.pkg.github.com/vltsandbox/jest-util 121ms (cache updated)
npm http fetch GET 200 https://npm.pkg.github.com/vltsandbox/jest-mock 131ms (cache miss)
npm http fetch GET 200 https://npm.pkg.github.com/vltsandbox/@jest%2fenvironment 113ms (cache updated)
npm http fetch GET 200 https://npm.pkg.github.com/vltsandbox/@jest%2ffake-timers 117ms (cache miss)
npm http fetch GET 200 https://npm.pkg.github.com/vltsandbox/@types%2fistanbul-lib-report 97ms (cache miss)
npm http fetch GET 200 https://npm.pkg.github.com/vltsandbox/@types%2fyargs-parser 98ms (cache miss)
npm http fetch GET 200 https://npm.pkg.github.com/vltsandbox/typescript 319ms (cache updated)
npm http fetch GET 200 https://npm.pkg.github.com/vltsandbox/eslint 155ms (cache updated)
npm http fetch GET 200 https://npm.pkg.github.com/vltsandbox/eslint-visitor-keys 114ms (cache updated)
npm http fetch GET 200 https://npm.pkg.github.com/vltsandbox/@eslint-community%2feslint-utils 118ms (cache updated)
npm http fetch GET 200 https://npm.pkg.github.com/vltsandbox/semver 96ms (cache updated)
npm http fetch GET 200 https://npm.pkg.github.com/vltsandbox/tinyglobby 100ms (cache miss)
npm http fetch GET 200 https://npm.pkg.github.com/vltsandbox/minimatch 110ms (cache updated)
npm http fetch GET 200 https://npm.pkg.github.com/vltsandbox/ms 93ms (cache updated)
npm http fetch GET 200 https://npm.pkg.github.com/vltsandbox/@typescript-eslint%2fproject-service 137ms (cache miss)
npm http fetch GET 200 https://npm.pkg.github.com/vltsandbox/@typescript-eslint%2ftsconfig-utils 164ms (cache miss)
npm http fetch GET 200 https://npm.pkg.github.com/vltsandbox/brace-expansion 100ms (cache updated)
npm http fetch GET 200 https://npm.pkg.github.com/vltsandbox/fdir 104ms (cache miss)
npm http fetch GET 200 https://npm.pkg.github.com/vltsandbox/@typescript-eslint%2ftsconfig-utils 129ms (cache updated)
npm http fetch GET 200 https://npm.pkg.github.com/vltsandbox/picomatch 108ms (cache miss)
npm http fetch GET 200 https://npm.pkg.github.com/vltsandbox/eslint-visitor-keys 151ms (cache updated)
npm http fetch GET 200 https://npm.pkg.github.com/vltsandbox/punycode 84ms (cache miss)
npm http fetch GET 200 https://npm.pkg.github.com/vltsandbox/rc 93ms (cache miss)
npm http fetch GET 200 https://npm.pkg.github.com/vltsandbox/tar-fs 95ms (cache miss)
npm http fetch GET 200 https://npm.pkg.github.com/vltsandbox/pump 100ms (cache miss)
npm http fetch GET 200 https://npm.pkg.github.com/vltsandbox/minimist 97ms (cache updated)
npm http fetch GET 200 https://npm.pkg.github.com/vltsandbox/node-abi 103ms (cache miss)
npm http fetch GET 200 https://npm.pkg.github.com/vltsandbox/simple-get 105ms (cache miss)
npm http fetch GET 200 https://npm.pkg.github.com/vltsandbox/detect-libc 90ms (cache miss)
npm http fetch GET 200 https://npm.pkg.github.com/vltsandbox/tunnel-agent 85ms (cache miss)
npm http fetch GET 200 https://npm.pkg.github.com/vltsandbox/mkdirp-classic 92ms (cache miss)
npm http fetch GET 200 https://npm.pkg.github.com/vltsandbox/napi-build-utils 83ms (cache miss)
npm http fetch GET 200 https://npm.pkg.github.com/vltsandbox/expand-template 96ms (cache miss)
npm http fetch GET 200 https://npm.pkg.github.com/vltsandbox/github-from-package 86ms (cache miss)
npm http fetch GET 200 https://npm.pkg.github.com/vltsandbox/has-flag 96ms (cache updated)
npm http fetch GET 200 https://npm.pkg.github.com/vltsandbox/color-convert 97ms (cache updated)
npm http fetch GET 200 https://npm.pkg.github.com/vltsandbox/color-name 95ms (cache updated)
npm http fetch GET 200 https://npm.pkg.github.com/vltsandbox/normalize-path 95ms (cache updated)
npm http fetch GET 200 https://npm.pkg.github.com/vltsandbox/picomatch 98ms (cache updated)
npm http fetch GET 200 https://npm.pkg.github.com/vltsandbox/fill-range 120ms (cache miss)
npm http fetch GET 200 https://npm.pkg.github.com/vltsandbox/binary-extensions 92ms (cache miss)
npm http fetch GET 200 https://npm.pkg.github.com/vltsandbox/is-glob 103ms (cache updated)
npm http fetch GET 200 https://npm.pkg.github.com/vltsandbox/is-extglob 114ms (cache miss)
npm http fetch GET 200 https://npm.pkg.github.com/vltsandbox/picomatch 96ms (cache updated)
npm http fetch GET 200 https://npm.pkg.github.com/vltsandbox/to-regex-range 94ms (cache miss)
npm http fetch GET 200 https://npm.pkg.github.com/vltsandbox/merge2 100ms (cache miss)
npm http fetch GET 200 https://npm.pkg.github.com/vltsandbox/@nodelib%2ffs.stat 109ms (cache miss)
npm http fetch GET 200 https://npm.pkg.github.com/vltsandbox/@nodelib%2ffs.walk 120ms (cache miss)
npm http fetch GET 200 https://npm.pkg.github.com/vltsandbox/micromatch 97ms (cache miss)
npm http fetch GET 200 https://npm.pkg.github.com/vltsandbox/async 110ms (cache miss)
npm http fetch GET 200 https://npm.pkg.github.com/vltsandbox/logform 101ms (cache miss)
npm http fetch GET 200 https://npm.pkg.github.com/vltsandbox/one-time 99ms (cache miss)
npm http fetch GET 200 https://npm.pkg.github.com/vltsandbox/is-stream 95ms (cache miss)
npm http fetch GET 200 https://npm.pkg.github.com/vltsandbox/stack-trace 100ms (cache miss)
npm http fetch GET 200 https://npm.pkg.github.com/vltsandbox/triple-beam 92ms (cache miss)
npm http fetch GET 200 https://npm.pkg.github.com/vltsandbox/@colors%2fcolors 107ms (cache miss)
npm http fetch GET 200 https://npm.pkg.github.com/vltsandbox/readable-stream 113ms (cache updated)
npm http fetch GET 200 https://npm.pkg.github.com/vltsandbox/@dabh%2fdiagnostics 91ms (cache miss)
npm http fetch GET 200 https://npm.pkg.github.com/vltsandbox/winston-transport 89ms (cache miss)
npm http fetch GET 200 https://npm.pkg.github.com/vltsandbox/safe-stable-stringify 96ms (cache miss)
npm http fetch GET 200 https://npm.pkg.github.com/vltsandbox/@eslint%2fobject-schema 97ms (cache miss)
npm http fetch GET 200 https://npm.pkg.github.com/vltsandbox/globals 100ms (cache updated)
npm http fetch GET 200 https://npm.pkg.github.com/vltsandbox/espree 108ms (cache updated)
npm http fetch GET 200 https://npm.pkg.github.com/vltsandbox/js-yaml 106ms (cache miss)
npm http fetch GET 200 https://npm.pkg.github.com/vltsandbox/import-fresh 106ms (cache miss)
npm http fetch GET 200 https://npm.pkg.github.com/vltsandbox/strip-json-comments 103ms (cache miss)
npm http fetch GET 200 https://npm.pkg.github.com/vltsandbox/levn 90ms (cache miss)
npm http fetch GET 200 https://npm.pkg.github.com/vltsandbox/@humanfs%2fcore 102ms (cache miss)
npm http fetch GET 200 https://npm.pkg.github.com/vltsandbox/@humanfs%2ftypes 153ms (cache miss)
npm http fetch GET 200 https://npm.pkg.github.com/vltsandbox/@humanwhocodes%2fretry 95ms (cache updated)
npm http fetch GET 200 https://npm.pkg.github.com/vltsandbox/json-schema-traverse 102ms (cache updated)
npm http fetch GET 200 https://npm.pkg.github.com/vltsandbox/fast-json-stable-stringify 90ms (cache updated)
npm http fetch GET 200 https://npm.pkg.github.com/vltsandbox/which 87ms (cache miss)
npm http fetch GET 200 https://npm.pkg.github.com/vltsandbox/path-key 94ms (cache updated)
npm http fetch GET 200 https://npm.pkg.github.com/vltsandbox/shebang-command 99ms (cache miss)
npm http fetch GET 200 https://npm.pkg.github.com/vltsandbox/esrecurse 94ms (cache miss)
npm http fetch GET 200 https://npm.pkg.github.com/vltsandbox/estraverse 109ms (cache miss)
npm http fetch GET 200 https://npm.pkg.github.com/vltsandbox/acorn-jsx 92ms (cache miss)
npm http fetch GET 200 https://npm.pkg.github.com/vltsandbox/acorn 116ms (cache updated)
npm http fetch GET 200 https://npm.pkg.github.com/vltsandbox/estraverse 108ms (cache updated)
npm http fetch GET 200 https://npm.pkg.github.com/vltsandbox/flat-cache 102ms (cache miss)
npm http fetch GET 200 https://npm.pkg.github.com/vltsandbox/locate-path 119ms (cache miss)
npm http fetch GET 200 https://npm.pkg.github.com/vltsandbox/path-exists 87ms (cache miss)
npm http fetch GET 200 https://npm.pkg.github.com/vltsandbox/prelude-ls 89ms (cache miss)
npm http fetch GET 200 https://npm.pkg.github.com/vltsandbox/deep-is 95ms (cache miss)
npm http fetch GET 200 https://npm.pkg.github.com/vltsandbox/brace-expansion 171ms (cache updated)
npm http fetch GET 200 https://npm.pkg.github.com/vltsandbox/word-wrap 91ms (cache miss)
npm http fetch GET 200 https://npm.pkg.github.com/vltsandbox/type-check 106ms (cache miss)
npm http fetch GET 200 https://npm.pkg.github.com/vltsandbox/fast-levenshtein 84ms (cache miss)
npm http fetch GET 200 https://npm.pkg.github.com/vltsandbox/argparse 95ms (cache updated)
npm http fetch GET 200 https://npm.pkg.github.com/vltsandbox/parent-module 106ms (cache miss)
npm http fetch GET 200 https://npm.pkg.github.com/vltsandbox/resolve-from 108ms (cache miss)
npm http fetch GET 200 https://npm.pkg.github.com/vltsandbox/type-check 95ms (cache updated)
npm http fetch GET 200 https://npm.pkg.github.com/vltsandbox/shebang-regex 92ms (cache miss)
npm http fetch GET 200 https://npm.pkg.github.com/vltsandbox/isexe 132ms (cache miss)
npm http fetch GET 200 https://npm.pkg.github.com/vltsandbox/eslint 145ms (cache updated)
npm http fetch GET 200 https://npm.pkg.github.com/vltsandbox/eslint 153ms (cache updated)
npm http fetch GET 200 https://npm.pkg.github.com/vltsandbox/eslint-config-prettier 120ms (cache updated)
npm http fetch GET 200 https://npm.pkg.github.com/vltsandbox/escape-string-regexp 100ms (cache updated)
npm http fetch GET 200 https://npm.pkg.github.com/vltsandbox/browserslist 119ms (cache updated)
npm http fetch GET 200 https://npm.pkg.github.com/vltsandbox/@eslint%2fcore 151ms (cache updated)
npm http fetch GET 200 https://npm.pkg.github.com/vltsandbox/lodash.camelcase 104ms (cache miss)
npm http fetch GET 200 https://npm.pkg.github.com/vltsandbox/ignore 135ms (cache updated)
npm http fetch GET 200 https://npm.pkg.github.com/vltsandbox/lodash.kebabcase 89ms (cache miss)
npm http fetch GET 200 https://npm.pkg.github.com/vltsandbox/array-includes 85ms (cache updated)
npm http fetch GET 200 https://npm.pkg.github.com/vltsandbox/lodash.upperfirst 94ms (cache miss)
npm http fetch GET 200 https://npm.pkg.github.com/vltsandbox/lodash.snakecase 106ms (cache miss)
npm http fetch GET 200 https://npm.pkg.github.com/vltsandbox/ast-types-flow 87ms (cache miss)
npm http fetch GET 200 https://npm.pkg.github.com/vltsandbox/array.prototype.flatmap 108ms (cache updated)
npm http fetch GET 200 https://npm.pkg.github.com/vltsandbox/damerau-levenshtein 95ms (cache miss)
npm http fetch GET 200 https://npm.pkg.github.com/vltsandbox/axobject-query 114ms (cache miss)
npm http fetch GET 200 https://npm.pkg.github.com/vltsandbox/axe-core 226ms (cache miss)
npm http fetch GET 200 https://npm.pkg.github.com/vltsandbox/jsx-ast-utils 90ms (cache updated)
npm http fetch GET 200 https://npm.pkg.github.com/vltsandbox/emoji-regex 102ms (cache updated)
npm http fetch GET 200 https://npm.pkg.github.com/vltsandbox/language-tags 103ms (cache miss)
npm http fetch GET 200 https://npm.pkg.github.com/vltsandbox/safe-regex-test 91ms (cache miss)
npm http fetch GET 200 https://npm.pkg.github.com/vltsandbox/string.prototype.includes 128ms (cache miss)
npm http fetch GET 200 https://npm.pkg.github.com/vltsandbox/prettier-linter-helpers 93ms (cache updated)
npm http fetch GET 200 https://npm.pkg.github.com/vltsandbox/synckit 91ms (cache updated)
npm http fetch GET 200 https://npm.pkg.github.com/vltsandbox/array-includes 101ms (cache updated)
npm http fetch GET 200 https://npm.pkg.github.com/vltsandbox/array.prototype.flat 96ms (cache updated)
npm http fetch GET 200 https://npm.pkg.github.com/vltsandbox/object.assign 99ms (cache miss)
npm http fetch GET 200 https://npm.pkg.github.com/vltsandbox/object.values 103ms (cache updated)
npm http fetch GET 200 https://npm.pkg.github.com/vltsandbox/node-releases 116ms (cache miss)
npm http fetch GET 200 https://npm.pkg.github.com/vltsandbox/caniuse-lite 159ms (cache miss)
npm http fetch GET 200 https://npm.pkg.github.com/vltsandbox/update-browserslist-db 91ms (cache miss)
npm http fetch GET 200 https://npm.pkg.github.com/vltsandbox/electron-to-chromium 212ms (cache miss)
npm http fetch GET 200 https://npm.pkg.github.com/vltsandbox/baseline-browser-mapping 124ms (cache miss)
npm http fetch GET 200 https://npm.pkg.github.com/vltsandbox/browserslist 105ms (cache updated)
npm http fetch GET 200 https://npm.pkg.github.com/vltsandbox/escalade 89ms (cache updated)
npm http fetch GET 200 https://npm.pkg.github.com/vltsandbox/picocolors 113ms (cache updated)
npm http fetch GET 200 https://npm.pkg.github.com/vltsandbox/call-bound 97ms (cache miss)
npm http fetch GET 200 https://npm.pkg.github.com/vltsandbox/is-string 99ms (cache miss)
npm http fetch GET 200 https://npm.pkg.github.com/vltsandbox/es-object-atoms 88ms (cache updated)
npm http fetch GET 200 https://npm.pkg.github.com/vltsandbox/es-abstract 100ms (cache miss)
npm http fetch GET 200 https://npm.pkg.github.com/vltsandbox/math-intrinsics 91ms (cache updated)
npm http fetch GET 200 https://npm.pkg.github.com/vltsandbox/define-properties 91ms (cache miss)
npm http fetch GET 200 https://npm.pkg.github.com/vltsandbox/call-bind 312ms (cache miss)
npm http fetch GET 200 https://npm.pkg.github.com/vltsandbox/es-shim-unscopables 88ms (cache miss)
npm http fetch GET 200 https://npm.pkg.github.com/vltsandbox/call-bind 96ms (cache miss)
npm http fetch GET 200 https://npm.pkg.github.com/vltsandbox/es-abstract 107ms (cache updated)
npm http fetch GET 200 https://npm.pkg.github.com/vltsandbox/es-errors 105ms (cache updated)
npm http fetch GET 200 https://npm.pkg.github.com/vltsandbox/es-object-atoms 102ms (cache updated)
npm http fetch GET 200 https://npm.pkg.github.com/vltsandbox/es-abstract 110ms (cache updated)
npm http fetch GET 200 https://npm.pkg.github.com/vltsandbox/es-shim-unscopables 91ms (cache updated)
npm http fetch GET 200 https://npm.pkg.github.com/vltsandbox/es-abstract 106ms (cache updated)
npm http fetch GET 200 https://npm.pkg.github.com/vltsandbox/es-shim-unscopables 92ms (cache updated)
npm http fetch GET 200 https://npm.pkg.github.com/vltsandbox/resolve 92ms (cache updated)
npm http fetch GET 200 https://npm.pkg.github.com/vltsandbox/function-bind 103ms (cache updated)
npm http fetch GET 200 https://npm.pkg.github.com/vltsandbox/call-bind 108ms (cache updated)
npm http fetch GET 200 https://npm.pkg.github.com/vltsandbox/es-abstract 102ms (cache updated)
npm http fetch GET 200 https://npm.pkg.github.com/vltsandbox/es-object-atoms 90ms (cache updated)
npm http fetch GET 200 https://npm.pkg.github.com/vltsandbox/es-abstract 107ms (cache updated)
npm http fetch GET 200 https://npm.pkg.github.com/vltsandbox/call-bound 85ms (cache updated)
npm http fetch GET 200 https://npm.pkg.github.com/vltsandbox/json5 97ms (cache updated)
npm http fetch GET 200 https://npm.pkg.github.com/vltsandbox/minimist 91ms (cache updated)
npm http fetch GET 200 https://npm.pkg.github.com/vltsandbox/strip-bom 89ms (cache updated)
npm http fetch GET 200 https://npm.pkg.github.com/vltsandbox/@types%2fjson5 91ms (cache miss)
npm http fetch GET 200 https://npm.pkg.github.com/vltsandbox/es-define-property 90ms (cache updated)
npm http fetch GET 200 https://npm.pkg.github.com/vltsandbox/call-bind-apply-helpers 101ms (cache updated)
npm http fetch GET 200 https://npm.pkg.github.com/vltsandbox/get-intrinsic 106ms (cache updated)
npm http fetch GET 200 https://npm.pkg.github.com/vltsandbox/set-function-length 93ms (cache miss)
npm http fetch GET 200 https://npm.pkg.github.com/vltsandbox/get-intrinsic 90ms (cache updated)
npm http fetch GET 200 https://npm.pkg.github.com/vltsandbox/define-data-property 103ms (cache miss)
npm http fetch GET 200 https://npm.pkg.github.com/vltsandbox/has-property-descriptors 89ms (cache miss)
npm http fetch GET 200 https://npm.pkg.github.com/vltsandbox/object-keys 90ms (cache miss)
npm http fetch GET 200 https://npm.pkg.github.com/vltsandbox/array-buffer-byte-length 90ms (cache miss)
npm http fetch GET 200 https://npm.pkg.github.com/vltsandbox/arraybuffer.prototype.slice 96ms (cache miss)
npm http fetch GET 200 https://npm.pkg.github.com/vltsandbox/available-typed-arrays 105ms (cache miss)
npm http fetch GET 200 https://npm.pkg.github.com/vltsandbox/data-view-buffer 90ms (cache miss)
npm http fetch GET 200 https://npm.pkg.github.com/vltsandbox/data-view-byte-length 99ms (cache miss)
npm http fetch GET 200 https://npm.pkg.github.com/vltsandbox/data-view-byte-offset 97ms (cache miss)
npm http fetch GET 200 https://npm.pkg.github.com/vltsandbox/es-set-tostringtag 97ms (cache updated)
npm http fetch GET 200 https://npm.pkg.github.com/vltsandbox/es-to-primitive 91ms (cache miss)
npm http fetch GET 200 https://npm.pkg.github.com/vltsandbox/function.prototype.name 83ms (cache miss)
npm http fetch GET 200 https://npm.pkg.github.com/vltsandbox/get-proto 97ms (cache updated)
npm http fetch GET 200 https://npm.pkg.github.com/vltsandbox/get-symbol-description 107ms (cache miss)
npm http fetch GET 200 https://npm.pkg.github.com/vltsandbox/globalthis 101ms (cache miss)
npm http fetch GET 200 https://npm.pkg.github.com/vltsandbox/gopd 93ms (cache updated)
npm http fetch GET 200 https://npm.pkg.github.com/vltsandbox/has-property-descriptors 96ms (cache updated)
npm http fetch GET 200 https://npm.pkg.github.com/vltsandbox/has-proto 98ms (cache miss)
npm http fetch GET 200 https://npm.pkg.github.com/vltsandbox/has-symbols 119ms (cache updated)
npm http fetch GET 200 https://npm.pkg.github.com/vltsandbox/internal-slot 94ms (cache miss)
npm http fetch GET 200 https://npm.pkg.github.com/vltsandbox/is-callable 102ms (cache miss)
npm http fetch GET 200 https://npm.pkg.github.com/vltsandbox/is-array-buffer 137ms (cache miss)
npm http fetch GET 200 https://npm.pkg.github.com/vltsandbox/is-data-view 87ms (cache miss)
npm http fetch GET 200 https://npm.pkg.github.com/vltsandbox/is-negative-zero 90ms (cache miss)
npm http fetch GET 200 https://npm.pkg.github.com/vltsandbox/is-regex 96ms (cache miss)
npm http fetch GET 200 https://npm.pkg.github.com/vltsandbox/is-set 89ms (cache miss)
npm http fetch GET 200 https://npm.pkg.github.com/vltsandbox/is-shared-array-buffer 99ms (cache miss)
npm http fetch GET 200 https://npm.pkg.github.com/vltsandbox/is-weakref 86ms (cache miss)
npm http fetch GET 200 https://npm.pkg.github.com/vltsandbox/is-typed-array 155ms (cache miss)
npm http fetch GET 200 https://npm.pkg.github.com/vltsandbox/object-inspect 98ms (cache miss)
npm http fetch GET 200 https://npm.pkg.github.com/vltsandbox/object.assign 90ms (cache updated)
npm http fetch GET 200 https://npm.pkg.github.com/vltsandbox/own-keys 88ms (cache miss)
npm http fetch GET 200 https://npm.pkg.github.com/vltsandbox/regexp.prototype.flags 99ms (cache miss)
npm http fetch GET 200 https://npm.pkg.github.com/vltsandbox/safe-array-concat 87ms (cache miss)
npm http fetch GET 200 https://npm.pkg.github.com/vltsandbox/safe-push-apply 87ms (cache miss)
npm http fetch GET 200 https://npm.pkg.github.com/vltsandbox/set-proto 85ms (cache miss)
npm http fetch GET 200 https://npm.pkg.github.com/vltsandbox/safe-regex-test 103ms (cache updated)
npm http fetch GET 200 https://npm.pkg.github.com/vltsandbox/stop-iteration-iterator 92ms (cache miss)
npm http fetch GET 200 https://npm.pkg.github.com/vltsandbox/string.prototype.trim 87ms (cache miss)
npm http fetch GET 200 https://npm.pkg.github.com/vltsandbox/string.prototype.trimstart 100ms (cache miss)
npm http fetch GET 200 https://npm.pkg.github.com/vltsandbox/typed-array-buffer 97ms (cache miss)
npm http fetch GET 200 https://npm.pkg.github.com/vltsandbox/typed-array-byte-length 90ms (cache miss)
npm http fetch GET 200 https://npm.pkg.github.com/vltsandbox/typed-array-byte-offset 107ms (cache miss)
npm http fetch GET 200 https://npm.pkg.github.com/vltsandbox/typed-array-length 109ms (cache miss)
npm http fetch GET 200 https://npm.pkg.github.com/vltsandbox/unbox-primitive 98ms (cache miss)
npm http fetch GET 200 https://npm.pkg.github.com/vltsandbox/which-typed-array 102ms (cache miss)
npm http fetch GET 200 https://npm.pkg.github.com/vltsandbox/has-tostringtag 94ms (cache updated)
npm http fetch GET 200 https://npm.pkg.github.com/vltsandbox/gopd 90ms (cache updated)
npm http fetch GET 200 https://npm.pkg.github.com/vltsandbox/define-data-property 96ms (cache updated)
npm http fetch GET 200 https://npm.pkg.github.com/vltsandbox/possible-typed-array-names 94ms (cache miss)
npm http fetch GET 200 https://npm.pkg.github.com/vltsandbox/is-array-buffer 97ms (cache updated)
npm http fetch GET 200 https://npm.pkg.github.com/vltsandbox/is-data-view 99ms (cache updated)
npm http fetch GET 200 https://npm.pkg.github.com/vltsandbox/is-symbol 99ms (cache miss)
npm http fetch GET 200 https://npm.pkg.github.com/vltsandbox/es-abstract-get 100ms (cache miss)
npm http fetch GET 200 https://npm.pkg.github.com/vltsandbox/is-date-object 106ms (cache miss)
npm http fetch GET 200 https://npm.pkg.github.com/vltsandbox/dunder-proto 89ms (cache updated)
npm http fetch GET 200 https://npm.pkg.github.com/vltsandbox/is-document.all 105ms (cache miss)
npm http fetch GET 200 https://npm.pkg.github.com/vltsandbox/functions-have-names 101ms (cache miss)
npm http fetch GET 200 https://npm.pkg.github.com/vltsandbox/dunder-proto 95ms (cache updated)
npm http fetch GET 200 https://npm.pkg.github.com/vltsandbox/side-channel 96ms (cache miss)
npm http fetch GET 200 https://npm.pkg.github.com/vltsandbox/is-typed-array 102ms (cache updated)
npm http fetch GET 200 https://npm.pkg.github.com/vltsandbox/which-typed-array 92ms (cache updated)
npm http fetch GET 200 https://npm.pkg.github.com/vltsandbox/isarray 96ms (cache miss)
npm http fetch GET 200 https://npm.pkg.github.com/vltsandbox/set-function-name 106ms (cache miss)
npm http fetch GET 200 https://npm.pkg.github.com/vltsandbox/isarray 94ms (cache miss)
npm http fetch GET 200 https://npm.pkg.github.com/vltsandbox/for-each 88ms (cache miss)
npm http fetch GET 200 https://npm.pkg.github.com/vltsandbox/for-each 97ms (cache miss)
npm http fetch GET 200 https://npm.pkg.github.com/vltsandbox/reflect.getprototypeof 84ms (cache miss)
npm http fetch GET 200 https://npm.pkg.github.com/vltsandbox/for-each 95ms (cache updated)
npm http fetch GET 200 https://npm.pkg.github.com/vltsandbox/possible-typed-array-names 92ms (cache updated)
npm http fetch GET 200 https://npm.pkg.github.com/vltsandbox/has-bigints 105ms (cache miss)
npm http fetch GET 200 https://npm.pkg.github.com/vltsandbox/which-boxed-primitive 95ms (cache miss)
npm http fetch GET 200 https://npm.pkg.github.com/vltsandbox/supports-preserve-symlinks-flag 93ms (cache miss)
npm http fetch GET 200 https://npm.pkg.github.com/vltsandbox/path-parse 94ms (cache miss)
npm http fetch GET 200 https://npm.pkg.github.com/vltsandbox/node-exports-info 94ms (cache miss)
npm http fetch GET 200 https://npm.pkg.github.com/vltsandbox/spdx-exceptions 92ms (cache miss)
npm http fetch GET 200 https://npm.pkg.github.com/vltsandbox/jsdoc-type-pratt-parser 98ms (cache miss)
npm http fetch GET 200 https://npm.pkg.github.com/vltsandbox/parse-statements 103ms (cache miss)
npm http fetch GET 200 https://npm.pkg.github.com/vltsandbox/spdx-license-ids 101ms (cache miss)
npm http fetch GET 200 https://npm.pkg.github.com/vltsandbox/language-subtag-registry 96ms (cache miss)
npm http fetch GET 200 https://npm.pkg.github.com/vltsandbox/fast-diff 88ms (cache miss)
npm http fetch GET 200 https://npm.pkg.github.com/vltsandbox/@pkgr%2fcore 97ms (cache miss)
npm http fetch GET 200 https://npm.pkg.github.com/vltsandbox/eslint 128ms (cache updated)
npm http fetch GET 200 https://npm.pkg.github.com/vltsandbox/typescript 397ms (cache updated)
npm http fetch GET 200 https://npm.pkg.github.com/vltsandbox/jju 97ms (cache miss)
npm http fetch GET 200 https://npm.pkg.github.com/vltsandbox/resolve 105ms (cache updated)
npm http fetch GET 200 https://npm.pkg.github.com/vltsandbox/ajv 128ms (cache updated)
npm http fetch GET 200 https://npm.pkg.github.com/vltsandbox/@typescript-eslint%2ftypes 369ms (cache updated)
npm http fetch GET 200 https://npm.pkg.github.com/vltsandbox/@typescript-eslint%2fscope-manager 453ms (cache updated)
npm http fetch GET 200 https://npm.pkg.github.com/vltsandbox/@typescript-eslint%2ftypescript-estree 512ms (cache updated)
npm http fetch GET 200 https://npm.pkg.github.com/vltsandbox/fast-uri 103ms (cache miss)
npm http fetch GET 200 https://npm.pkg.github.com/vltsandbox/fastq 89ms (cache miss)
npm http fetch GET 200 https://npm.pkg.github.com/vltsandbox/@nodelib%2ffs.scandir 101ms (cache miss)
npm http fetch GET 200 https://npm.pkg.github.com/vltsandbox/reusify 86ms (cache miss)
npm http fetch GET 200 https://npm.pkg.github.com/vltsandbox/run-parallel 89ms (cache miss)
npm http fetch GET 200 https://npm.pkg.github.com/vltsandbox/queue-microtask 119ms (cache miss)
npm http fetch GET 200 https://npm.pkg.github.com/vltsandbox/flatted 94ms (cache miss)
npm http fetch GET 200 https://npm.pkg.github.com/vltsandbox/keyv 95ms (cache miss)
npm http fetch GET 200 https://npm.pkg.github.com/vltsandbox/is-number 101ms (cache miss)
npm http fetch GET 200 https://npm.pkg.github.com/vltsandbox/p-locate 105ms (cache miss)
npm http fetch GET 200 https://npm.pkg.github.com/vltsandbox/json-buffer 95ms (cache miss)
npm http fetch GET 200 https://npm.pkg.github.com/vltsandbox/signal-exit 89ms (cache updated)
npm http fetch GET 200 https://npm.pkg.github.com/vltsandbox/@isaacs%2fcliui 106ms (cache miss)
npm http fetch GET 200 https://npm.pkg.github.com/vltsandbox/lru-cache 111ms (cache miss)
npm http fetch GET 200 https://npm.pkg.github.com/vltsandbox/callsites 92ms (cache miss)
npm http fetch GET 200 https://npm.pkg.github.com/vltsandbox/side-channel-weakmap 79ms (cache miss)
npm http fetch GET 200 https://npm.pkg.github.com/vltsandbox/side-channel-list 88ms (cache miss)
npm http fetch GET 200 https://npm.pkg.github.com/vltsandbox/side-channel-map 92ms (cache miss)
npm http fetch GET 200 https://npm.pkg.github.com/vltsandbox/node-notifier 99ms (cache miss)
npm http fetch GET 200 https://npm.pkg.github.com/vltsandbox/exit 100ms (cache miss)
npm http fetch GET 200 https://npm.pkg.github.com/vltsandbox/ci-info 103ms (cache miss)
npm http fetch GET 200 https://npm.pkg.github.com/vltsandbox/slash 106ms (cache miss)
npm http fetch GET 200 https://npm.pkg.github.com/vltsandbox/jest-util 120ms (cache updated)
npm http fetch GET 200 https://npm.pkg.github.com/vltsandbox/strip-ansi 131ms (cache updated)
npm http fetch GET 200 https://npm.pkg.github.com/vltsandbox/jest-config 134ms (cache miss)
npm http fetch GET 200 https://npm.pkg.github.com/vltsandbox/ansi-escapes 93ms (cache miss)
npm http fetch GET 200 https://npm.pkg.github.com/vltsandbox/jest-runner 123ms (cache miss)
npm http fetch GET 200 https://npm.pkg.github.com/vltsandbox/jest-resolve 108ms (cache miss)
npm http fetch GET 200 https://npm.pkg.github.com/vltsandbox/jest-runtime 129ms (cache miss)
npm http fetch GET 200 https://npm.pkg.github.com/vltsandbox/jest-watcher 120ms (cache miss)
npm http fetch GET 200 https://npm.pkg.github.com/vltsandbox/@jest%2fconsole 120ms (cache miss)
npm http fetch GET 200 https://npm.pkg.github.com/vltsandbox/pretty-format 108ms (cache updated)
npm http fetch GET 200 https://npm.pkg.github.com/vltsandbox/jest-snapshot 145ms (cache miss)
npm http fetch GET 200 https://npm.pkg.github.com/vltsandbox/jest-validate 146ms (cache miss)
npm http fetch GET 200 https://npm.pkg.github.com/vltsandbox/jest-haste-map 112ms (cache miss)
npm http fetch GET 200 https://npm.pkg.github.com/vltsandbox/@jest%2ftransform 115ms (cache miss)
npm http fetch GET 200 https://npm.pkg.github.com/vltsandbox/@jest%2freporters 133ms (cache miss)
npm http fetch GET 200 https://npm.pkg.github.com/vltsandbox/jest-regex-util 103ms (cache miss)
npm http fetch GET 200 https://npm.pkg.github.com/vltsandbox/jest-message-util 111ms (cache miss)
npm http fetch GET 200 https://npm.pkg.github.com/vltsandbox/@jest%2ftest-result 134ms (cache miss)
npm http fetch GET 200 https://npm.pkg.github.com/vltsandbox/jest-changed-files 107ms (cache miss)
npm http fetch GET 200 https://npm.pkg.github.com/vltsandbox/jest-resolve-dependencies 128ms (cache miss)
npm http fetch GET 200 https://npm.pkg.github.com/vltsandbox/@jest%2fschemas 97ms (cache miss)
npm http fetch GET 200 https://npm.pkg.github.com/vltsandbox/@types%2fyargs 147ms (cache updated)
npm http fetch GET 200 https://npm.pkg.github.com/vltsandbox/pkg-dir 97ms (cache miss)
npm http fetch GET 200 https://npm.pkg.github.com/vltsandbox/resolve-cwd 98ms (cache miss)
npm http fetch GET 200 https://npm.pkg.github.com/vltsandbox/yargs 152ms (cache updated)
npm http fetch GET 200 https://npm.pkg.github.com/vltsandbox/create-jest 93ms (cache miss)
npm http fetch GET 200 https://npm.pkg.github.com/vltsandbox/string-length 90ms (cache miss)
npm http fetch GET 200 https://npm.pkg.github.com/vltsandbox/jest-worker 111ms (cache miss)
npm http fetch GET 200 https://npm.pkg.github.com/vltsandbox/glob 132ms (cache updated)
npm http fetch GET 200 https://npm.pkg.github.com/vltsandbox/istanbul-reports 99ms (cache miss)
npm http fetch GET 200 https://npm.pkg.github.com/vltsandbox/v8-to-istanbul 127ms (cache miss)
npm http fetch GET 200 https://npm.pkg.github.com/vltsandbox/@bcoe%2fv8-coverage 102ms (cache miss)
npm http fetch GET 200 https://npm.pkg.github.com/vltsandbox/collect-v8-coverage 94ms (cache miss)
npm http fetch GET 200 https://npm.pkg.github.com/vltsandbox/istanbul-lib-report 92ms (cache miss)
npm http fetch GET 200 https://npm.pkg.github.com/vltsandbox/istanbul-lib-coverage 110ms (cache miss)
npm http fetch GET 200 https://npm.pkg.github.com/vltsandbox/istanbul-lib-source-maps 93ms (cache miss)
npm http fetch GET 200 https://npm.pkg.github.com/vltsandbox/istanbul-lib-instrument 112ms (cache miss)
npm http fetch GET 200 https://npm.pkg.github.com/vltsandbox/@jridgewell%2ftrace-mapping 106ms (cache miss)
npm http fetch GET 200 https://npm.pkg.github.com/vltsandbox/pirates 95ms (cache miss)
npm http fetch GET 200 https://npm.pkg.github.com/vltsandbox/@babel%2fcore 119ms (cache miss)
npm http fetch GET 200 https://npm.pkg.github.com/vltsandbox/write-file-atomic 93ms (cache miss)
npm http fetch GET 200 https://npm.pkg.github.com/vltsandbox/convert-source-map 94ms (cache miss)
npm http fetch GET 200 https://npm.pkg.github.com/vltsandbox/fast-json-stable-stringify 107ms (cache updated)
npm http fetch GET 200 https://npm.pkg.github.com/vltsandbox/babel-plugin-istanbul 113ms (cache miss)
npm http fetch GET 200 https://npm.pkg.github.com/vltsandbox/type-fest 117ms (cache miss)
npm http fetch GET 200 https://npm.pkg.github.com/vltsandbox/execa 91ms (cache miss)
npm http fetch GET 200 https://npm.pkg.github.com/vltsandbox/p-limit 96ms (cache miss)
npm http fetch GET 200 https://npm.pkg.github.com/vltsandbox/deepmerge 114ms (cache miss)
npm http fetch GET 200 https://npm.pkg.github.com/vltsandbox/parse-json 86ms (cache miss)
npm http fetch GET 200 https://npm.pkg.github.com/vltsandbox/babel-jest 109ms (cache miss)
npm http fetch GET 200 https://npm.pkg.github.com/vltsandbox/jest-circus 117ms (cache miss)
npm http fetch GET 200 https://npm.pkg.github.com/vltsandbox/jest-get-type 126ms (cache updated)
npm http fetch GET 200 https://npm.pkg.github.com/vltsandbox/@jest%2ftest-sequencer 113ms (cache miss)
npm http fetch GET 200 https://npm.pkg.github.com/vltsandbox/walker 98ms (cache miss)
npm http fetch GET 200 https://npm.pkg.github.com/vltsandbox/fb-watchman 92ms (cache miss)
npm http fetch GET 200 https://npm.pkg.github.com/vltsandbox/jest-environment-node 126ms (cache updated)
npm http fetch GET 200 https://npm.pkg.github.com/vltsandbox/@types%2fgraceful-fs 98ms (cache miss)
npm http fetch GET 200 https://npm.pkg.github.com/vltsandbox/stack-utils 106ms (cache miss)
npm http fetch GET 200 https://npm.pkg.github.com/vltsandbox/@babel%2fcode-frame 105ms (cache miss)
npm http fetch GET 200 https://npm.pkg.github.com/vltsandbox/@types%2fstack-utils 101ms (cache miss)
npm http fetch GET 200 https://npm.pkg.github.com/vltsandbox/resolve 101ms (cache updated)
npm http fetch GET 200 https://npm.pkg.github.com/vltsandbox/resolve.exports 96ms (cache updated)
npm http fetch GET 200 https://npm.pkg.github.com/vltsandbox/jest-pnp-resolver 96ms (cache miss)
npm http fetch GET 200 https://npm.pkg.github.com/vltsandbox/jest-docblock 99ms (cache miss)
npm http fetch GET 200 https://npm.pkg.github.com/vltsandbox/emittery 109ms (cache miss)
npm http fetch GET 200 https://npm.pkg.github.com/vltsandbox/@jest%2fenvironment 115ms (cache updated)
npm http fetch GET 200 https://npm.pkg.github.com/vltsandbox/source-map-support 97ms (cache miss)
npm http fetch GET 200 https://npm.pkg.github.com/vltsandbox/jest-leak-detector 114ms (cache miss)
npm http fetch GET 200 https://npm.pkg.github.com/vltsandbox/strip-bom 95ms (cache updated)
npm http fetch GET 200 https://npm.pkg.github.com/vltsandbox/jest-mock 115ms (cache updated)
npm http fetch GET 200 https://npm.pkg.github.com/vltsandbox/@jest%2fglobals 121ms (cache miss)
npm http fetch GET 200 https://npm.pkg.github.com/vltsandbox/cjs-module-lexer 106ms (cache miss)
npm http fetch GET 200 https://npm.pkg.github.com/vltsandbox/@jest%2fsource-map 141ms (cache miss)
npm http fetch GET 200 https://npm.pkg.github.com/vltsandbox/@jest%2ffake-timers 137ms (cache updated)
npm http fetch GET 200 https://npm.pkg.github.com/vltsandbox/expect 126ms (cache miss)
npm http fetch GET 200 https://npm.pkg.github.com/vltsandbox/jest-diff 125ms (cache updated)
npm http fetch GET 200 https://npm.pkg.github.com/vltsandbox/@babel%2ftypes 165ms (cache miss)
npm http fetch GET 200 https://npm.pkg.github.com/vltsandbox/@jest%2fexpect-utils 126ms (cache miss)
npm http fetch GET 200 https://npm.pkg.github.com/vltsandbox/@babel%2fgenerator 184ms (cache miss)
npm http fetch GET 200 https://npm.pkg.github.com/vltsandbox/jest-matcher-utils 127ms (cache updated)
npm http fetch GET 200 https://npm.pkg.github.com/vltsandbox/@babel%2fplugin-syntax-jsx 111ms (cache miss)
npm http fetch GET 200 https://npm.pkg.github.com/vltsandbox/@babel%2fplugin-syntax-typescript 122ms (cache miss)
npm http fetch GET 200 https://npm.pkg.github.com/vltsandbox/babel-preset-current-node-syntax 124ms (cache miss)
npm http fetch GET 200 https://npm.pkg.github.com/vltsandbox/leven 137ms (cache miss)
npm http fetch GET 200 https://npm.pkg.github.com/vltsandbox/camelcase 115ms (cache miss)
npm http fetch GET 200 https://npm.pkg.github.com/vltsandbox/react-is 276ms (cache updated)
npm http fetch GET 200 https://npm.pkg.github.com/vltsandbox/once 131ms (cache updated)
npm http fetch GET 200 https://npm.pkg.github.com/vltsandbox/@jridgewell%2fsourcemap-codec 133ms (cache miss)
npm http fetch GET 200 https://npm.pkg.github.com/vltsandbox/@jridgewell%2fresolve-uri 134ms (cache miss)
npm http fetch GET 200 https://npm.pkg.github.com/vltsandbox/inherits 110ms (cache updated)
npm http fetch GET 200 https://npm.pkg.github.com/vltsandbox/inflight 124ms (cache miss)
npm http fetch GET 200 https://npm.pkg.github.com/vltsandbox/fs.realpath 104ms (cache miss)
npm http fetch GET 200 https://npm.pkg.github.com/vltsandbox/path-is-absolute 109ms (cache miss)
npm http fetch GET 200 https://npm.pkg.github.com/vltsandbox/minimatch 245ms (cache updated)
npm http fetch GET 200 https://npm.pkg.github.com/vltsandbox/@babel%2fparser 129ms (cache miss)
npm http fetch GET 200 https://npm.pkg.github.com/vltsandbox/@istanbuljs%2fschema 131ms (cache miss)
npm http fetch GET 200 https://npm.pkg.github.com/vltsandbox/@babel%2fcore 175ms (cache updated)
npm http fetch GET 200 https://npm.pkg.github.com/vltsandbox/make-dir 89ms (cache miss)
npm http fetch GET 200 https://npm.pkg.github.com/vltsandbox/html-escaper 103ms (cache miss)
npm http fetch GET 200 https://npm.pkg.github.com/vltsandbox/source-map 185ms (cache miss)
npm http fetch GET 200 https://npm.pkg.github.com/vltsandbox/merge-stream 134ms (cache miss)
npm http fetch GET 200 https://npm.pkg.github.com/vltsandbox/supports-color 116ms (cache updated)
npm http fetch GET 200 https://npm.pkg.github.com/vltsandbox/char-regex 135ms (cache miss)
npm http fetch GET 200 https://npm.pkg.github.com/vltsandbox/gensync 113ms (cache miss)
npm http fetch GET 200 https://npm.pkg.github.com/vltsandbox/@babel%2ftypes 141ms (cache updated)
npm http fetch GET 200 https://npm.pkg.github.com/vltsandbox/@babel%2fparser 201ms (cache updated)
npm http fetch GET 200 https://npm.pkg.github.com/vltsandbox/@babel%2ftemplate 114ms (cache miss)
npm http fetch GET 200 https://npm.pkg.github.com/vltsandbox/@babel%2fhelpers 163ms (cache miss)
npm http fetch GET 200 https://npm.pkg.github.com/vltsandbox/@babel%2ftraverse 137ms (cache miss)
npm http fetch GET 200 https://npm.pkg.github.com/vltsandbox/@babel%2fcode-frame 122ms (cache updated)
npm http fetch GET 200 https://npm.pkg.github.com/vltsandbox/@babel%2fgenerator 148ms (cache updated)
npm http fetch GET 200 https://npm.pkg.github.com/vltsandbox/@jridgewell%2fremapping 106ms (cache miss)
npm http fetch GET 200 https://npm.pkg.github.com/vltsandbox/@babel%2fhelper-compilation-targets 116ms (cache miss)
npm http fetch GET 200 https://npm.pkg.github.com/vltsandbox/@babel%2fhelper-module-transforms 133ms (cache miss)
npm http fetch GET 200 https://npm.pkg.github.com/vltsandbox/test-exclude 103ms (cache miss)
npm http fetch GET 200 https://npm.pkg.github.com/vltsandbox/istanbul-lib-instrument 116ms (cache updated)
npm http fetch GET 200 https://npm.pkg.github.com/vltsandbox/@istanbuljs%2fschema 161ms (cache updated)
npm http fetch GET 200 https://npm.pkg.github.com/vltsandbox/@babel%2fhelper-plugin-utils 145ms (cache miss)
npm http fetch GET 200 https://npm.pkg.github.com/vltsandbox/@istanbuljs%2fload-nyc-config 112ms (cache miss)
npm http fetch GET 200 https://npm.pkg.github.com/vltsandbox/signal-exit 143ms (cache updated)
npm http fetch GET 200 https://npm.pkg.github.com/vltsandbox/@babel%2fcore 161ms (cache updated)
npm http fetch GET 200 https://npm.pkg.github.com/vltsandbox/js-tokens 108ms (cache miss)
npm http fetch GET 200 https://npm.pkg.github.com/vltsandbox/jsesc 112ms (cache miss)
npm http fetch GET 200 https://npm.pkg.github.com/vltsandbox/@babel%2fhelper-validator-identifier 142ms (cache miss)
npm http fetch GET 200 https://npm.pkg.github.com/vltsandbox/@babel%2ftypes 112ms (cache updated)
npm http fetch GET 200 https://npm.pkg.github.com/vltsandbox/@babel%2fparser 193ms (cache updated)
npm http fetch GET 200 https://npm.pkg.github.com/vltsandbox/@jridgewell%2fgen-mapping 176ms (cache miss)
npm http fetch GET 200 https://npm.pkg.github.com/vltsandbox/lru-cache 169ms (cache updated)
npm http fetch GET 200 https://npm.pkg.github.com/vltsandbox/@babel%2fhelper-validator-option 108ms (cache miss)
npm http fetch GET 200 https://npm.pkg.github.com/vltsandbox/@babel%2fhelper-module-imports 147ms (cache miss)
npm http fetch GET 200 https://npm.pkg.github.com/vltsandbox/@babel%2fhelper-globals 141ms (cache miss)
npm http fetch GET 200 https://npm.pkg.github.com/vltsandbox/@babel%2fcompat-data 278ms (cache miss)
npm http fetch GET 200 https://npm.pkg.github.com/vltsandbox/@babel%2fhelper-string-parser 175ms (cache miss)
npm http fetch GET 200 https://npm.pkg.github.com/vltsandbox/@jridgewell%2fgen-mapping 276ms (cache updated)
npm http fetch GET 200 https://npm.pkg.github.com/vltsandbox/@jridgewell%2fsourcemap-codec 129ms (cache updated)
npm http fetch GET 200 https://npm.pkg.github.com/vltsandbox/yallist 164ms (cache miss)
npm http fetch GET 200 https://npm.pkg.github.com/vltsandbox/find-up 121ms (cache updated)
npm http fetch GET 200 https://npm.pkg.github.com/vltsandbox/js-yaml 113ms (cache updated)
npm http fetch GET 200 https://npm.pkg.github.com/vltsandbox/resolve-from 98ms (cache updated)
npm http fetch GET 200 https://npm.pkg.github.com/vltsandbox/semver 121ms (cache updated)
npm http fetch GET 200 https://npm.pkg.github.com/vltsandbox/camelcase 547ms (cache updated)
npm http fetch GET 200 https://npm.pkg.github.com/vltsandbox/get-package-type 588ms (cache miss)
npm http fetch GET 200 https://npm.pkg.github.com/vltsandbox/glob 131ms (cache updated)
npm http fetch GET 200 https://npm.pkg.github.com/vltsandbox/minimatch 105ms (cache updated)
npm http fetch GET 200 https://npm.pkg.github.com/vltsandbox/esprima 98ms (cache miss)
npm http fetch GET 200 https://npm.pkg.github.com/vltsandbox/argparse 107ms (cache updated)
npm http fetch GET 200 https://npm.pkg.github.com/vltsandbox/locate-path 233ms (cache updated)
npm http fetch GET 200 https://npm.pkg.github.com/vltsandbox/find-up 107ms (cache updated)
npm http fetch GET 200 https://npm.pkg.github.com/vltsandbox/onetime 102ms (cache updated)
npm http fetch GET 200 https://npm.pkg.github.com/vltsandbox/signal-exit 117ms (cache updated)
npm http fetch GET 200 https://npm.pkg.github.com/vltsandbox/get-stream 130ms (cache miss)
npm http fetch GET 200 https://npm.pkg.github.com/vltsandbox/human-signals 103ms (cache miss)
npm http fetch GET 200 https://npm.pkg.github.com/vltsandbox/yocto-queue 106ms (cache miss)
npm http fetch GET 200 https://npm.pkg.github.com/vltsandbox/strip-final-newline 143ms (cache miss)
npm http fetch GET 200 https://npm.pkg.github.com/vltsandbox/mimic-fn 161ms (cache updated)
npm http fetch GET 200 https://npm.pkg.github.com/vltsandbox/y18n 99ms (cache updated)
npm http fetch GET 200 https://npm.pkg.github.com/vltsandbox/escalade 103ms (cache updated)
npm http fetch GET 200 https://npm.pkg.github.com/vltsandbox/prompts 124ms (cache miss)
npm http fetch GET 200 https://npm.pkg.github.com/vltsandbox/get-caller-file 117ms (cache updated)
npm http fetch GET 200 https://npm.pkg.github.com/vltsandbox/require-directory 165ms (cache updated)
npm http fetch GET 200 https://npm.pkg.github.com/vltsandbox/sisteransi 95ms (cache miss)
npm http fetch GET 200 https://npm.pkg.github.com/vltsandbox/kleur 150ms (cache miss)
npm http fetch GET 200 https://npm.pkg.github.com/vltsandbox/co 98ms (cache miss)
npm http fetch GET 200 https://npm.pkg.github.com/vltsandbox/@types%2fbabel__core 105ms (cache miss)
npm http fetch GET 200 https://npm.pkg.github.com/vltsandbox/babel-preset-jest 111ms (cache miss)
npm http fetch GET 200 https://npm.pkg.github.com/vltsandbox/dedent 101ms (cache miss)
npm http fetch GET 200 https://npm.pkg.github.com/vltsandbox/pure-rand 117ms (cache miss)
npm http fetch GET 200 https://npm.pkg.github.com/vltsandbox/jest-each 148ms (cache miss)
npm http fetch GET 200 https://npm.pkg.github.com/vltsandbox/@jest%2fexpect 121ms (cache miss)
npm http fetch GET 200 https://npm.pkg.github.com/vltsandbox/error-ex 93ms (cache miss)
npm http fetch GET 200 https://npm.pkg.github.com/vltsandbox/is-generator-fn 122ms (cache miss)
npm http fetch GET 200 https://npm.pkg.github.com/vltsandbox/lines-and-columns 117ms (cache updated)
npm http fetch GET 200 https://npm.pkg.github.com/vltsandbox/json-parse-even-better-errors 130ms (cache miss)
npm http fetch GET 200 https://npm.pkg.github.com/vltsandbox/@babel%2fcore 123ms (cache updated)
npm http fetch GET 200 https://npm.pkg.github.com/vltsandbox/@types%2fbabel__template 107ms (cache miss)
npm http fetch GET 200 https://npm.pkg.github.com/vltsandbox/@types%2fbabel__traverse 115ms (cache miss)
npm http fetch GET 200 https://npm.pkg.github.com/vltsandbox/@types%2fbabel__generator 121ms (cache miss)
npm http fetch GET 200 https://npm.pkg.github.com/vltsandbox/babel-plugin-jest-hoist 117ms (cache miss)
npm http fetch GET 200 https://npm.pkg.github.com/vltsandbox/@babel%2fplugin-syntax-class-properties 111ms (cache miss)
npm http fetch GET 200 https://npm.pkg.github.com/vltsandbox/@babel%2fplugin-syntax-bigint 114ms (cache miss)
npm http fetch GET 200 https://npm.pkg.github.com/vltsandbox/@babel%2fplugin-syntax-async-generators 160ms (cache miss)
npm http fetch GET 200 https://npm.pkg.github.com/vltsandbox/@babel%2fplugin-syntax-class-static-block 113ms (cache miss)
npm http fetch GET 200 https://npm.pkg.github.com/vltsandbox/@babel%2fplugin-syntax-import-attributes 112ms (cache miss)
npm http fetch GET 200 https://npm.pkg.github.com/vltsandbox/@babel%2fplugin-syntax-import-meta 159ms (cache miss)
npm http fetch GET 200 https://npm.pkg.github.com/vltsandbox/@babel%2fplugin-syntax-logical-assignment-operators 121ms (cache miss)
npm http fetch GET 200 https://npm.pkg.github.com/vltsandbox/@babel%2fplugin-syntax-json-strings 129ms (cache miss)
npm http fetch GET 200 https://npm.pkg.github.com/vltsandbox/@babel%2fplugin-syntax-nullish-coalescing-operator 102ms (cache miss)
npm http fetch GET 200 https://npm.pkg.github.com/vltsandbox/@babel%2fplugin-syntax-object-rest-spread 107ms (cache miss)
npm http fetch GET 200 https://npm.pkg.github.com/vltsandbox/@babel%2fplugin-syntax-numeric-separator 114ms (cache miss)
npm http fetch GET 200 https://npm.pkg.github.com/vltsandbox/@babel%2fplugin-syntax-optional-catch-binding 136ms (cache miss)
npm http fetch GET 200 https://npm.pkg.github.com/vltsandbox/@babel%2fplugin-syntax-optional-chaining 138ms (cache miss)
npm http fetch GET 200 https://npm.pkg.github.com/vltsandbox/@babel%2fplugin-syntax-private-property-in-object 153ms (cache miss)
npm http fetch GET 200 https://npm.pkg.github.com/vltsandbox/@babel%2fplugin-syntax-top-level-await 128ms (cache miss)
npm http fetch GET 200 https://npm.pkg.github.com/vltsandbox/@babel%2fcore 132ms (cache updated)
npm http fetch GET 200 https://npm.pkg.github.com/vltsandbox/@babel%2fcore 129ms (cache updated)
npm http fetch GET 200 https://npm.pkg.github.com/vltsandbox/escape-string-regexp 138ms (cache updated)
npm http fetch GET 200 https://npm.pkg.github.com/vltsandbox/@sinonjs%2ffake-timers 116ms (cache miss)
npm http fetch GET 200 https://npm.pkg.github.com/vltsandbox/@sinonjs%2fcommons 112ms (cache miss)
npm http fetch GET 200 https://npm.pkg.github.com/vltsandbox/type-detect 147ms (cache miss)
npm http fetch GET 200 https://npm.pkg.github.com/vltsandbox/canvas 106ms (cache updated)
npm http fetch GET 200 https://npm.pkg.github.com/vltsandbox/@jest%2ftypes 150ms (cache updated)
npm http fetch GET 200 https://npm.pkg.github.com/vltsandbox/@jest%2ffake-timers 157ms (cache updated)
npm http fetch GET 200 https://npm.pkg.github.com/vltsandbox/jest-mock 162ms (cache updated)
npm http fetch GET 200 https://npm.pkg.github.com/vltsandbox/parse5 105ms (cache miss)
npm http fetch GET 200 https://npm.pkg.github.com/vltsandbox/jest-mock 151ms (cache updated)
npm http fetch GET 200 https://npm.pkg.github.com/vltsandbox/jest-util 179ms (cache updated)
npm http fetch GET 200 https://npm.pkg.github.com/vltsandbox/@types%2ftough-cookie 160ms (cache miss)
npm http fetch GET 200 https://npm.pkg.github.com/vltsandbox/ws 142ms (cache miss)
npm http fetch GET 200 https://npm.pkg.github.com/vltsandbox/saxes 157ms (cache miss)
npm http fetch GET 200 https://npm.pkg.github.com/vltsandbox/nwsapi 110ms (cache miss)
npm http fetch GET 200 https://npm.pkg.github.com/vltsandbox/parse5 136ms (cache updated)
npm http fetch GET 200 https://npm.pkg.github.com/vltsandbox/cssstyle 112ms (cache miss)
npm http fetch GET 200 https://npm.pkg.github.com/vltsandbox/data-urls 92ms (cache miss)
npm http fetch GET 200 https://npm.pkg.github.com/vltsandbox/decimal.js 89ms (cache miss)
npm http fetch GET 200 https://npm.pkg.github.com/vltsandbox/whatwg-url 101ms (cache miss)
npm http fetch GET 200 https://npm.pkg.github.com/vltsandbox/rrweb-cssom 107ms (cache miss)
npm http fetch GET 200 https://npm.pkg.github.com/vltsandbox/symbol-tree 96ms (cache miss)
npm http fetch GET 200 https://npm.pkg.github.com/vltsandbox/tough-cookie 100ms (cache miss)
npm http fetch GET 200 https://npm.pkg.github.com/vltsandbox/whatwg-encoding 109ms (cache miss)
npm http fetch GET 200 https://npm.pkg.github.com/vltsandbox/whatwg-mimetype 97ms (cache miss)
npm http fetch GET 200 https://npm.pkg.github.com/vltsandbox/http-proxy-agent 92ms (cache miss)
npm http fetch GET 200 https://npm.pkg.github.com/vltsandbox/w3c-xmlserializer 89ms (cache miss)
npm http fetch GET 200 https://npm.pkg.github.com/vltsandbox/https-proxy-agent 116ms (cache updated)
npm http fetch GET 200 https://npm.pkg.github.com/vltsandbox/webidl-conversions 99ms (cache miss)
npm http fetch GET 200 https://npm.pkg.github.com/vltsandbox/html-encoding-sniffer 95ms (cache miss)
npm http fetch GET 200 https://npm.pkg.github.com/vltsandbox/xml-name-validator 135ms (cache miss)
npm http fetch GET 200 https://npm.pkg.github.com/vltsandbox/is-potential-custom-element-name 126ms (cache miss)
npm http fetch GET 200 https://npm.pkg.github.com/vltsandbox/@sinonjs%2ffake-timers 125ms (cache updated)
npm http fetch GET 200 https://npm.pkg.github.com/vltsandbox/jest-message-util 139ms (cache updated)
npm http fetch GET 200 https://npm.pkg.github.com/vltsandbox/@types%2fyargs 187ms (cache updated)
npm http fetch GET 200 https://npm.pkg.github.com/vltsandbox/@jest%2fpattern 102ms (cache miss)
npm http fetch GET 200 https://npm.pkg.github.com/vltsandbox/@jest%2fschemas 112ms (cache updated)
npm http fetch GET 200 https://npm.pkg.github.com/vltsandbox/@jest%2fexpect-utils 123ms (cache updated)
npm http fetch GET 200 https://npm.pkg.github.com/vltsandbox/ci-info 92ms (cache updated)
npm http fetch GET 200 https://npm.pkg.github.com/vltsandbox/picomatch 100ms (cache updated)
npm http fetch GET 200 https://npm.pkg.github.com/vltsandbox/entities 103ms (cache miss)
npm http fetch GET 200 https://npm.pkg.github.com/vltsandbox/jest-message-util 111ms (cache updated)
npm http fetch GET 200 https://npm.pkg.github.com/vltsandbox/@sinonjs%2ffake-timers 119ms (cache updated)
npm http fetch GET 200 https://npm.pkg.github.com/vltsandbox/bser 112ms (cache miss)
npm http fetch GET 200 https://npm.pkg.github.com/vltsandbox/makeerror 113ms (cache miss)
npm http fetch GET 200 https://npm.pkg.github.com/vltsandbox/node-int64 92ms (cache miss)
npm http fetch GET 200 https://npm.pkg.github.com/vltsandbox/diff-sequences 107ms (cache miss)
npm http fetch GET 200 https://npm.pkg.github.com/vltsandbox/detect-newline 114ms (cache miss)
npm http fetch GET 200 https://npm.pkg.github.com/vltsandbox/buffer-from 250ms (cache miss)
npm http fetch GET 200 https://npm.pkg.github.com/vltsandbox/diff-sequences 101ms (cache updated)
npm http fetch GET 200 https://npm.pkg.github.com/vltsandbox/@asamuzakjp%2fcss-color 99ms (cache miss)
npm http fetch GET 200 https://npm.pkg.github.com/vltsandbox/whatwg-url 116ms (cache updated)
npm http fetch GET 200 https://npm.pkg.github.com/vltsandbox/agent-base 124ms (cache updated)
npm http fetch GET 200 https://npm.pkg.github.com/vltsandbox/agent-base 96ms (cache updated)
npm http fetch GET 200 https://npm.pkg.github.com/vltsandbox/xmlchars 98ms (cache miss)
npm http fetch GET 200 https://npm.pkg.github.com/vltsandbox/iconv-lite 121ms (cache miss)
npm http fetch GET 200 https://npm.pkg.github.com/vltsandbox/tldts 208ms (cache miss)
npm http fetch GET 200 https://npm.pkg.github.com/vltsandbox/tr46 165ms (cache miss)
npm http fetch GET 200 https://npm.pkg.github.com/vltsandbox/@csstools%2fcss-calc 115ms (cache miss)
npm http fetch GET 200 https://npm.pkg.github.com/vltsandbox/@csstools%2fcss-tokenizer 123ms (cache miss)
npm http fetch GET 200 https://npm.pkg.github.com/vltsandbox/lru-cache 127ms (cache updated)
npm http fetch GET 200 https://npm.pkg.github.com/vltsandbox/@csstools%2fcss-color-parser 98ms (cache miss)
npm http fetch GET 200 https://npm.pkg.github.com/vltsandbox/@csstools%2fcss-parser-algorithms 127ms (cache miss)
npm http fetch GET 200 https://npm.pkg.github.com/vltsandbox/@csstools%2fcolor-helpers 114ms (cache miss)
npm http fetch GET 200 https://npm.pkg.github.com/vltsandbox/ajv-formats 101ms (cache miss)
npm http fetch GET 200 https://npm.pkg.github.com/vltsandbox/ajv 120ms (cache updated)
npm http fetch GET 200 https://npm.pkg.github.com/vltsandbox/ajv-keywords 151ms (cache miss)
npm http fetch GET 200 https://npm.pkg.github.com/vltsandbox/balanced-match 99ms (cache updated)
npm http fetch GET 200 https://npm.pkg.github.com/vltsandbox/proxy-from-env 98ms (cache updated)
npm http fetch GET 200 https://npm.pkg.github.com/vltsandbox/@tybys%2fwasm-util 119ms (cache updated)
npm http fetch GET 200 https://npm.pkg.github.com/vltsandbox/form-data 152ms (cache updated)
npm http fetch GET 200 https://npm.pkg.github.com/vltsandbox/https-proxy-agent 105ms (cache updated)
npm http fetch GET 200 https://npm.pkg.github.com/vltsandbox/buffer 99ms (cache updated)
npm http fetch GET 200 https://npm.pkg.github.com/vltsandbox/follow-redirects 204ms (cache updated)
npm http fetch GET 200 https://npm.pkg.github.com/vltsandbox/ieee754 98ms (cache updated)
npm http fetch GET 200 https://npm.pkg.github.com/vltsandbox/inherits 163ms (cache updated)
npm http fetch GET 200 https://npm.pkg.github.com/vltsandbox/restore-cursor 110ms (cache updated)
npm http fetch GET 200 https://npm.pkg.github.com/vltsandbox/wrap-ansi 129ms (cache updated)
npm http fetch GET 200 https://npm.pkg.github.com/vltsandbox/string-width 105ms (cache updated)
npm http fetch GET 200 https://npm.pkg.github.com/vltsandbox/delayed-stream 96ms (cache updated)
npm http fetch GET 200 https://npm.pkg.github.com/vltsandbox/dotenv 110ms (cache updated)
npm http fetch GET 200 https://npm.pkg.github.com/vltsandbox/once 105ms (cache updated)
npm http fetch GET 200 https://npm.pkg.github.com/vltsandbox/mime-types 96ms (cache updated)
npm http fetch GET 200 https://npm.pkg.github.com/vltsandbox/wrappy 108ms (cache updated)
npm http fetch GET 200 https://npm.pkg.github.com/vltsandbox/wcwidth 115ms (cache updated)
npm http fetch GET 200 https://npm.pkg.github.com/vltsandbox/string_decoder 138ms (cache updated)
npm http fetch GET 200 https://npm.pkg.github.com/vltsandbox/util-deprecate 97ms (cache updated)
npm http fetch GET 200 https://npm.pkg.github.com/vltsandbox/signal-exit 98ms (cache updated)
npm http fetch GET 200 https://npm.pkg.github.com/vltsandbox/emoji-regex 95ms (cache updated)
npm http fetch GET 200 https://npm.pkg.github.com/vltsandbox/agent-base 93ms (cache updated)
npm http fetch GET 200 https://npm.pkg.github.com/vltsandbox/is-arrayish 102ms (cache miss)
npm http fetch GET 200 https://npm.pkg.github.com/vltsandbox/deep-extend 97ms (cache miss)
npm http fetch GET 200 https://npm.pkg.github.com/vltsandbox/ini 99ms (cache miss)
npm http fetch GET 200 https://npm.pkg.github.com/vltsandbox/strip-json-comments 123ms (cache updated)
npm http fetch GET 200 https://npm.pkg.github.com/vltsandbox/simple-concat 90ms (cache miss)
npm http fetch GET 200 https://npm.pkg.github.com/vltsandbox/decompress-response 106ms (cache miss)
npm http fetch GET 200 https://npm.pkg.github.com/vltsandbox/chownr 116ms (cache miss)
npm http fetch GET 200 https://npm.pkg.github.com/vltsandbox/object.entries 97ms (cache miss)
npm http fetch GET 200 https://npm.pkg.github.com/vltsandbox/mimic-response 126ms (cache miss)
npm http fetch GET 200 https://npm.pkg.github.com/vltsandbox/tldts-core 182ms (cache miss)
npm http fetch GET 200 https://npm.pkg.github.com/vltsandbox/@sinclair%2ftypebox 147ms (cache miss)
npm http fetch GET 200 https://npm.pkg.github.com/vltsandbox/@jest%2ftypes 119ms (cache updated)
npm http fetch GET 200 https://npm.pkg.github.com/vltsandbox/@jridgewell%2ftrace-mapping 168ms (cache updated)
npm http fetch GET 200 https://npm.pkg.github.com/vltsandbox/kind-of 84ms (cache miss)
npm http fetch GET 200 https://npm.pkg.github.com/vltsandbox/which 106ms (cache updated)
npm http fetch GET 200 https://npm.pkg.github.com/vltsandbox/ini 108ms (cache updated)
npm http fetch GET 200 https://npm.pkg.github.com/vltsandbox/isexe 151ms (cache updated)
npm http fetch GET 200 https://npm.pkg.github.com/vltsandbox/which-builtin-type 113ms (cache miss)
npm http fetch GET 200 https://npm.pkg.github.com/vltsandbox/is-generator-function 96ms (cache miss)
npm http fetch GET 200 https://npm.pkg.github.com/vltsandbox/is-async-function 112ms (cache miss)
npm http fetch GET 200 https://npm.pkg.github.com/vltsandbox/is-finalizationregistry 146ms (cache miss)
npm http fetch GET 200 https://npm.pkg.github.com/vltsandbox/which-boxed-primitive 96ms (cache updated)
npm http fetch GET 200 https://npm.pkg.github.com/vltsandbox/which-collection 94ms (cache miss)
npm http fetch GET 200 https://npm.pkg.github.com/vltsandbox/@shikijs%2flangs 129ms (cache miss)
npm http fetch GET 200 https://npm.pkg.github.com/vltsandbox/@shikijs%2fthemes 139ms (cache miss)
npm http fetch GET 200 https://npm.pkg.github.com/vltsandbox/@shikijs%2fengine-oniguruma 150ms (cache miss)
npm http fetch GET 200 https://npm.pkg.github.com/vltsandbox/mdurl 88ms (cache miss)
npm http fetch GET 200 https://npm.pkg.github.com/vltsandbox/@shikijs%2ftypes 115ms (cache miss)
npm http fetch GET 200 https://npm.pkg.github.com/vltsandbox/@shikijs%2fvscode-textmate 119ms (cache miss)
npm http fetch GET 200 https://npm.pkg.github.com/vltsandbox/entities 100ms (cache updated)
npm http fetch GET 200 https://npm.pkg.github.com/vltsandbox/linkify-it 100ms (cache miss)
npm http fetch GET 200 https://npm.pkg.github.com/vltsandbox/punycode.js 97ms (cache miss)
npm http fetch GET 200 https://npm.pkg.github.com/vltsandbox/uc.micro 189ms (cache miss)
npm http fetch GET 200 https://npm.pkg.github.com/vltsandbox/@shikijs%2ftypes 119ms (cache updated)
npm http fetch GET 200 https://npm.pkg.github.com/vltsandbox/@shikijs%2ftypes 121ms (cache updated)
npm http fetch GET 200 https://npm.pkg.github.com/vltsandbox/@shikijs%2ftypes 149ms (cache updated)
npm http fetch GET 200 https://npm.pkg.github.com/vltsandbox/@types%2fhast 98ms (cache miss)
npm http fetch GET 200 https://npm.pkg.github.com/vltsandbox/@types%2funist 107ms (cache miss)
npm http fetch GET 200 https://npm.pkg.github.com/vltsandbox/uc.micro 154ms (cache updated)
npm http fetch GET 200 https://npm.pkg.github.com/vltsandbox/is-boolean-object 98ms (cache miss)
npm http fetch GET 200 https://npm.pkg.github.com/vltsandbox/is-bigint 100ms (cache miss)
npm http fetch GET 200 https://npm.pkg.github.com/vltsandbox/is-number-object 101ms (cache miss)
npm http fetch GET 200 https://npm.pkg.github.com/vltsandbox/tmpl 117ms (cache miss)
npm http fetch GET 200 https://npm.pkg.github.com/vltsandbox/webpack 171ms (cache updated)
npm http fetch GET 200 https://npm.pkg.github.com/vltsandbox/@webassemblyjs%2fhelper-numbers 106ms (cache miss)
npm http fetch GET 200 https://npm.pkg.github.com/vltsandbox/@webassemblyjs%2fhelper-buffer 116ms (cache miss)
npm http fetch GET 200 https://npm.pkg.github.com/vltsandbox/@webassemblyjs%2fhelper-wasm-bytecode 143ms (cache miss)
npm http fetch GET 200 https://npm.pkg.github.com/vltsandbox/@webassemblyjs%2fhelper-wasm-bytecode 104ms (cache miss)
npm http fetch GET 200 https://npm.pkg.github.com/vltsandbox/@webassemblyjs%2fhelper-wasm-section 118ms (cache miss)
npm http fetch GET 200 https://npm.pkg.github.com/vltsandbox/@webassemblyjs%2fwasm-gen 108ms (cache miss)
npm http fetch GET 200 https://npm.pkg.github.com/vltsandbox/@webassemblyjs%2fwasm-opt 100ms (cache miss)
npm http fetch GET 200 https://npm.pkg.github.com/vltsandbox/@webassemblyjs%2fwast-printer 104ms (cache miss)
npm http fetch GET 200 https://npm.pkg.github.com/vltsandbox/@webassemblyjs%2fwasm-parser 137ms (cache updated)
npm http fetch GET 200 https://npm.pkg.github.com/vltsandbox/@webassemblyjs%2fhelper-api-error 105ms (cache miss)
npm http fetch GET 200 https://npm.pkg.github.com/vltsandbox/@webassemblyjs%2fieee754 115ms (cache miss)
npm http fetch GET 200 https://npm.pkg.github.com/vltsandbox/@webassemblyjs%2fleb128 129ms (cache miss)
npm http fetch GET 200 https://npm.pkg.github.com/vltsandbox/@webassemblyjs%2futf8 100ms (cache miss)
npm http fetch GET 200 https://npm.pkg.github.com/vltsandbox/jest-worker 116ms (cache updated)
npm http fetch GET 200 https://npm.pkg.github.com/vltsandbox/terser 137ms (cache miss)
npm http fetch GET 200 https://npm.pkg.github.com/vltsandbox/tapable 187ms (cache updated)
npm http fetch GET 200 https://npm.pkg.github.com/vltsandbox/@xtuc%2flong 106ms (cache miss)
npm http fetch GET 200 https://npm.pkg.github.com/vltsandbox/@webassemblyjs%2ffloating-point-hex-parser 108ms (cache miss)
npm http fetch GET 200 https://npm.pkg.github.com/vltsandbox/@xtuc%2fieee754 130ms (cache miss)
npm http fetch GET 200 https://npm.pkg.github.com/vltsandbox/source-map-support 108ms (cache updated)
npm http fetch GET 200 https://npm.pkg.github.com/vltsandbox/commander 111ms (cache updated)
npm http fetch GET 200 https://npm.pkg.github.com/vltsandbox/@jridgewell%2fsource-map 133ms (cache miss)
npm http fetch GET 200 https://npm.pkg.github.com/vltsandbox/webpack 197ms (cache updated)
npm http fetch GET 200 https://npm.pkg.github.com/vltsandbox/webpack-cli 138ms (cache updated)
npm http fetch GET 200 https://npm.pkg.github.com/vltsandbox/wildcard 109ms (cache miss)
npm http fetch GET 200 https://npm.pkg.github.com/vltsandbox/clone-deep 112ms (cache miss)
npm http fetch GET 200 https://npm.pkg.github.com/vltsandbox/shallow-clone 95ms (cache miss)
npm http fetch GET 200 https://npm.pkg.github.com/vltsandbox/is-plain-object 104ms (cache miss)
npm http fetch GET 200 https://npm.pkg.github.com/vltsandbox/isobject 148ms (cache miss)
npm http fetch GET 200 https://npm.pkg.github.com/vltsandbox/safer-buffer 127ms (cache miss)
npm http fetch GET 200 https://npm.pkg.github.com/vltsandbox/is-map 92ms (cache miss)
npm http fetch GET 200 https://npm.pkg.github.com/vltsandbox/generator-function 96ms (cache miss)
npm http fetch GET 200 https://npm.pkg.github.com/vltsandbox/async-function 100ms (cache miss)
npm http fetch GET 200 https://npm.pkg.github.com/vltsandbox/is-weakmap 107ms (cache miss)
npm http fetch GET 200 https://npm.pkg.github.com/vltsandbox/is-weakset 158ms (cache miss)
npm http fetch GET 200 https://npm.pkg.github.com/vltsandbox/kuler 91ms (cache miss)
npm http fetch GET 200 https://npm.pkg.github.com/vltsandbox/enabled 95ms (cache miss)
npm http fetch GET 200 https://npm.pkg.github.com/vltsandbox/@so-ric%2fcolorspace 116ms (cache miss)
npm http fetch GET 200 https://npm.pkg.github.com/vltsandbox/@colors%2fcolors 102ms (cache updated)
npm http fetch GET 200 https://npm.pkg.github.com/vltsandbox/@types%2ftriple-beam 118ms (cache miss)
npm http fetch GET 200 https://npm.pkg.github.com/vltsandbox/fecha 110ms (cache miss)
npm http fetch GET 200 https://npm.pkg.github.com/vltsandbox/fn.name 100ms (cache miss)
npm http fetch GET 200 https://npm.pkg.github.com/vltsandbox/color 96ms (cache miss)
npm http fetch GET 200 https://npm.pkg.github.com/vltsandbox/text-hex 121ms (cache miss)
npm http fetch GET 200 https://npm.pkg.github.com/vltsandbox/color-convert 103ms (cache updated)
npm http fetch GET 200 https://npm.pkg.github.com/vltsandbox/color-string 117ms (cache miss)
npm http fetch GET 200 https://npm.pkg.github.com/vltsandbox/color-name 105ms (cache updated)
npm http fetch GET 200 https://npm.pkg.github.com/vltsandbox/color-name 116ms (cache updated)
npm http fetch GET 200 https://npm.pkg.github.com/vltsandbox/concat-map 88ms (cache miss)
npm http fetch GET 200 https://npm.pkg.github.com/vltsandbox/balanced-match 109ms (cache updated)
npm http fetch GET 200 https://npm.pkg.github.com/vltsandbox/p-locate 121ms (cache updated)
npm http fetch GET 200 https://npm.pkg.github.com/vltsandbox/sprintf-js 109ms (cache miss)
npm http fetch GET 200 https://npm.pkg.github.com/vltsandbox/p-limit 102ms (cache updated)
npm http fetch GET 200 https://npm.pkg.github.com/vltsandbox/p-try 123ms (cache miss)
npm http fetch GET 200 https://npm.pkg.github.com/vltsandbox/pretty-format 129ms (cache updated)
npm http fetch GET 200 https://npm.pkg.github.com/vltsandbox/jest-regex-util 104ms (cache updated)
npm http fetch GET 200 https://npm.pkg.github.com/vltsandbox/@sinclair%2ftypebox 168ms (cache updated)
npm http fetch GET 200 https://npm.pkg.github.com/vltsandbox/ansi-styles 194ms (cache updated)
npm http fetch GET 200 https://npm.pkg.github.com/vltsandbox/react-is 290ms (cache updated)
npm http fetch GET 200 https://npm.pkg.github.com/vltsandbox/react-is 333ms (cache updated)
npm http fetch GET 200 https://npm.pkg.github.com/vltsandbox/@jest%2fget-type 125ms (cache miss)
npm http fetch GET 200 https://npm.pkg.github.com/vltsandbox/js-yaml 104ms (cache updated)
npm http fetch GET 200 https://npm.pkg.github.com/vltsandbox/through 117ms (cache miss)
npm http fetch GET 200 https://npm.pkg.github.com/vltsandbox/brace-expansion 120ms (cache updated)
npm http fetch GET 200 https://npm.pkg.github.com/vltsandbox/duplexer 103ms (cache miss)
npm http fetch GET 200 https://npm.pkg.github.com/vltsandbox/jake 109ms (cache miss)
npm http fetch GET 200 https://npm.pkg.github.com/vltsandbox/nx 373ms (cache updated)
npm http fetch GET 200 https://npm.pkg.github.com/vltsandbox/@yarnpkg%2fparsers 126ms (cache updated)
npm http fetch GET 200 https://npm.pkg.github.com/vltsandbox/@nx%2fnx-darwin-x64 207ms (cache updated)
npm http fetch GET 200 https://npm.pkg.github.com/vltsandbox/@nx%2fnx-freebsd-x64 256ms (cache updated)
npm http fetch GET 200 https://npm.pkg.github.com/vltsandbox/@nx%2fnx-darwin-arm64 191ms (cache updated)
npm http fetch GET 200 https://npm.pkg.github.com/vltsandbox/@nx%2fnx-linux-x64-gnu 263ms (cache updated)
npm http fetch GET 200 https://npm.pkg.github.com/vltsandbox/@nx%2fnx-linux-x64-musl 230ms (cache updated)
npm http fetch GET 200 https://npm.pkg.github.com/vltsandbox/@nx%2fnx-win32-x64-msvc 222ms (cache updated)
npm http fetch GET 200 https://npm.pkg.github.com/vltsandbox/@nx%2fnx-linux-arm64-musl 220ms (cache updated)
npm http fetch GET 200 https://npm.pkg.github.com/vltsandbox/@nx%2fnx-linux-arm64-gnu 262ms (cache updated)
npm http fetch GET 200 https://npm.pkg.github.com/vltsandbox/@nx%2fnx-win32-arm64-msvc 279ms (cache updated)
npm http fetch GET 200 https://npm.pkg.github.com/vltsandbox/@nx%2fnx-linux-arm-gnueabihf 179ms (cache updated)
npm http fetch GET 200 https://npm.pkg.github.com/vltsandbox/filelist 103ms (cache miss)
npm http fetch GET 200 https://npm.pkg.github.com/vltsandbox/minimatch 100ms (cache updated)
npm http fetch GET 200 https://npm.pkg.github.com/vltsandbox/@pkgr%2fcore 109ms (cache updated)
npm http fetch GET 200 https://npm.pkg.github.com/vltsandbox/@typescript-eslint%2ftsconfig-utils 149ms (cache updated)
npm http fetch GET 200 https://npm.pkg.github.com/vltsandbox/@typescript-eslint%2fproject-service 193ms (cache updated)
npm http fetch GET 200 https://npm.pkg.github.com/vltsandbox/@typescript-eslint%2fvisitor-keys 394ms (cache updated)
npm http fetch GET 200 https://npm.pkg.github.com/vltsandbox/@typescript-eslint%2fvisitor-keys 472ms (cache updated)
npm http fetch GET 200 https://npm.pkg.github.com/vltsandbox/@sinonjs%2fcommons 129ms (cache updated)
npm http fetch GET 200 https://npm.pkg.github.com/vltsandbox/@recast-navigation%2fcore 298ms (cache miss)
npm http fetch GET 200 https://npm.pkg.github.com/vltsandbox/@recast-navigation%2fgenerators 253ms (cache miss)
npm http fetch GET 200 https://npm.pkg.github.com/vltsandbox/@recast-navigation%2fwasm 255ms (cache miss)
npm http fetch GET 200 https://npm.pkg.github.com/vltsandbox/@recast-navigation%2fwasm 114ms (cache updated)
npm http fetch GET 200 https://npm.pkg.github.com/vltsandbox/@recast-navigation%2fwasm 188ms (cache updated)
npm http fetch GET 200 https://npm.pkg.github.com/vltsandbox/@types%2fmv 152ms (cache miss)
npm http fetch GET 200 https://npm.pkg.github.com/vltsandbox/mv 159ms (cache miss)
npm http fetch GET 200 https://npm.pkg.github.com/vltsandbox/ncp 96ms (cache miss)
npm http fetch GET 200 https://npm.pkg.github.com/vltsandbox/rimraf 100ms (cache updated)
npm http fetch GET 200 https://npm.pkg.github.com/vltsandbox/mkdirp 111ms (cache updated)
npm http fetch GET 200 https://npm.pkg.github.com/vltsandbox/@types%2fdraco3d 153ms (cache miss)
npm http fetch GET 200 https://npm.pkg.github.com/vltsandbox/@types%2fdraco3dgltf 247ms (cache miss)
npm http fetch GET 200 https://npm.pkg.github.com/vltsandbox/@fortawesome%2ffontawesome-svg-core 117ms (cache miss)
npm http fetch GET 200 https://npm.pkg.github.com/vltsandbox/@fortawesome%2ffree-regular-svg-icons 225ms (cache miss)
npm http fetch GET 200 https://npm.pkg.github.com/vltsandbox/@fortawesome%2ffree-solid-svg-icons 109ms (cache miss)
npm http fetch GET 200 https://npm.pkg.github.com/vltsandbox/@fortawesome%2freact-fontawesome 118ms (cache miss)
npm http fetch GET 200 https://npm.pkg.github.com/vltsandbox/react 252ms (cache miss)
npm http fetch GET 200 https://npm.pkg.github.com/vltsandbox/@types%2freact 153ms (cache miss)
npm http fetch GET 200 https://npm.pkg.github.com/vltsandbox/@types%2freact-dom 131ms (cache miss)
npm http fetch GET 200 https://npm.pkg.github.com/vltsandbox/gif.js.optimized 101ms (cache miss)
npm http fetch GET 200 https://npm.pkg.github.com/vltsandbox/re-resizable 97ms (cache miss)
npm http fetch GET 200 https://npm.pkg.github.com/vltsandbox/react-dom 292ms (cache miss)
npm http fetch GET 200 https://npm.pkg.github.com/vltsandbox/sass 138ms (cache miss)
npm http fetch GET 200 https://npm.pkg.github.com/vltsandbox/@fortawesome%2ffontawesome-common-types 116ms (cache miss)
npm http fetch GET 200 https://npm.pkg.github.com/vltsandbox/@fortawesome%2ffontawesome-common-types 121ms (cache miss)
npm http fetch GET 200 https://npm.pkg.github.com/vltsandbox/@fortawesome%2ffontawesome-common-types 145ms (cache miss)
npm http fetch GET 200 https://npm.pkg.github.com/vltsandbox/loose-envify 89ms (cache miss)
npm http fetch GET 200 https://npm.pkg.github.com/vltsandbox/prop-types 118ms (cache miss)
npm http fetch GET 200 https://npm.pkg.github.com/vltsandbox/csstype 104ms (cache miss)
npm http fetch GET 200 https://npm.pkg.github.com/vltsandbox/chokidar 101ms (cache updated)
npm http fetch GET 200 https://npm.pkg.github.com/vltsandbox/@types%2fprop-types 155ms (cache miss)
npm http fetch GET 200 https://npm.pkg.github.com/vltsandbox/immutable 104ms (cache miss)
npm http fetch GET 200 https://npm.pkg.github.com/vltsandbox/source-map-js 110ms (cache miss)
npm http fetch GET 200 https://npm.pkg.github.com/vltsandbox/scheduler 256ms (cache miss)
npm http fetch GET 200 https://npm.pkg.github.com/vltsandbox/@parcel%2fwatcher 164ms (cache miss)
npm http fetch GET 200 https://npm.pkg.github.com/vltsandbox/@babylonjs%2fhavok 296ms (cache miss)
npm http fetch GET 200 https://npm.pkg.github.com/vltsandbox/@fluentui-contrib%2freact-virtualizer 248ms (cache miss)
npm http fetch GET 200 https://npm.pkg.github.com/vltsandbox/@fluentui%2freact-shared-contexts 232ms (cache miss)
npm http fetch GET 200 https://npm.pkg.github.com/vltsandbox/@fluentui%2freact-components 356ms (cache miss)
npm http fetch GET 200 https://npm.pkg.github.com/vltsandbox/@fluentui%2freact-icons 137ms (cache miss)
npm http fetch GET 200 https://npm.pkg.github.com/vltsandbox/@pmmmwh%2freact-refresh-webpack-plugin 280ms (cache miss)
npm http fetch GET 200 https://npm.pkg.github.com/vltsandbox/react-refresh 229ms (cache miss)
npm http fetch GET 200 https://npm.pkg.github.com/vltsandbox/html-webpack-plugin 107ms (cache miss)
npm http fetch GET 200 https://npm.pkg.github.com/vltsandbox/react-refresh-typescript 99ms (cache miss)
npm http fetch GET 200 https://npm.pkg.github.com/vltsandbox/typescript 342ms (cache updated)
npm http fetch GET 200 https://npm.pkg.github.com/vltsandbox/usehooks-ts 106ms (cache miss)
npm http fetch GET 200 https://npm.pkg.github.com/vltsandbox/@griffel%2freact 101ms (cache miss)
npm http fetch GET 200 https://npm.pkg.github.com/vltsandbox/@types%2femscripten 128ms (cache miss)
npm http fetch GET 200 https://npm.pkg.github.com/vltsandbox/@swc%2fhelpers 132ms (cache miss)
npm http fetch GET 200 https://npm.pkg.github.com/vltsandbox/@swc%2fhelpers 129ms (cache updated)
npm http fetch GET 200 https://npm.pkg.github.com/vltsandbox/@fluentui%2freact-utilities 209ms (cache miss)
npm http fetch GET 200 https://npm.pkg.github.com/vltsandbox/@fluentui%2freact-jsx-runtime 204ms (cache miss)
npm http fetch GET 200 https://npm.pkg.github.com/vltsandbox/@griffel%2freact 167ms (cache updated)
npm http fetch GET 200 https://npm.pkg.github.com/vltsandbox/@fluentui%2freact-nav 156ms (cache miss)
npm http fetch GET 200 https://npm.pkg.github.com/vltsandbox/@fluentui%2freact-theme 348ms (cache miss)
npm http fetch GET 200 https://npm.pkg.github.com/vltsandbox/@fluentui%2freact-aria 326ms (cache miss)
npm http fetch GET 200 https://npm.pkg.github.com/vltsandbox/@fluentui%2freact-card 411ms (cache miss)
npm http fetch GET 200 https://npm.pkg.github.com/vltsandbox/@fluentui%2freact-link 318ms (cache miss)
npm http fetch GET 200 https://npm.pkg.github.com/vltsandbox/@fluentui%2freact-list 147ms (cache miss)
npm http fetch GET 200 https://npm.pkg.github.com/vltsandbox/@fluentui%2freact-tags 201ms (cache miss)
npm http fetch GET 200 https://npm.pkg.github.com/vltsandbox/@fluentui%2freact-tabs 258ms (cache miss)
npm http fetch GET 200 https://npm.pkg.github.com/vltsandbox/@fluentui%2freact-menu 388ms (cache miss)
npm http fetch GET 200 https://npm.pkg.github.com/vltsandbox/@fluentui%2freact-text 194ms (cache miss)
npm http fetch GET 200 https://npm.pkg.github.com/vltsandbox/@fluentui%2freact-tree 332ms (cache miss)
npm http fetch GET 200 https://npm.pkg.github.com/vltsandbox/@fluentui%2freact-alert 438ms (cache miss)
npm http fetch GET 200 https://npm.pkg.github.com/vltsandbox/@fluentui%2freact-badge 399ms (cache miss)
npm http fetch GET 200 https://npm.pkg.github.com/vltsandbox/@fluentui%2freact-field 251ms (cache miss)
npm http fetch GET 200 https://npm.pkg.github.com/vltsandbox/@fluentui%2freact-image 388ms (cache miss)
npm http fetch GET 200 https://npm.pkg.github.com/vltsandbox/@fluentui%2freact-input 395ms (cache miss)
npm http fetch GET 200 https://npm.pkg.github.com/vltsandbox/@fluentui%2freact-label 400ms (cache miss)
npm http fetch GET 200 https://npm.pkg.github.com/vltsandbox/@fluentui%2freact-radio 353ms (cache miss)
npm http fetch GET 200 https://npm.pkg.github.com/vltsandbox/@fluentui%2freact-table 396ms (cache miss)
npm http fetch GET 200 https://npm.pkg.github.com/vltsandbox/@fluentui%2freact-toast 406ms (cache miss)
npm http fetch GET 200 https://npm.pkg.github.com/vltsandbox/@fluentui%2freact-avatar 214ms (cache miss)
npm http fetch GET 200 https://npm.pkg.github.com/vltsandbox/@fluentui%2freact-button 410ms (cache miss)
npm http fetch GET 200 https://npm.pkg.github.com/vltsandbox/@fluentui%2freact-drawer 338ms (cache miss)
npm http fetch GET 200 https://npm.pkg.github.com/vltsandbox/@fluentui%2freact-dialog 464ms (cache miss)
npm http fetch GET 200 https://npm.pkg.github.com/vltsandbox/@fluentui%2freact-motion 137ms (cache miss)
npm http fetch GET 200 https://npm.pkg.github.com/vltsandbox/@fluentui%2freact-portal 221ms (cache miss)
npm http fetch GET 200 https://npm.pkg.github.com/vltsandbox/@fluentui%2freact-rating 243ms (cache miss)
npm http fetch GET 200 https://npm.pkg.github.com/vltsandbox/@fluentui%2freact-search 282ms (cache miss)
npm http fetch GET 200 https://npm.pkg.github.com/vltsandbox/@fluentui%2freact-select 190ms (cache miss)
npm http fetch GET 200 https://npm.pkg.github.com/vltsandbox/@fluentui%2freact-slider 355ms (cache miss)
npm http fetch GET 200 https://npm.pkg.github.com/vltsandbox/@fluentui%2freact-switch 333ms (cache miss)
npm http fetch GET 200 https://npm.pkg.github.com/vltsandbox/@fluentui%2freact-divider 360ms (cache miss)
npm http fetch GET 200 https://npm.pkg.github.com/vltsandbox/@fluentui%2freact-popover 213ms (cache miss)
npm http fetch GET 200 https://npm.pkg.github.com/vltsandbox/@fluentui%2freact-persona 338ms (cache miss)
npm http fetch GET 200 https://npm.pkg.github.com/vltsandbox/@fluentui%2freact-spinner 211ms (cache miss)
npm http fetch GET 200 https://npm.pkg.github.com/vltsandbox/@fluentui%2freact-tabster 168ms (cache miss)
npm http fetch GET 200 https://npm.pkg.github.com/vltsandbox/@fluentui%2freact-toolbar 200ms (cache miss)
npm http fetch GET 200 https://npm.pkg.github.com/vltsandbox/@fluentui%2freact-carousel 133ms (cache miss)
npm http fetch GET 200 https://npm.pkg.github.com/vltsandbox/@fluentui%2freact-tooltip 353ms (cache miss)
npm http fetch GET 200 https://npm.pkg.github.com/vltsandbox/@fluentui%2freact-combobox 167ms (cache miss)
npm http fetch GET 200 https://npm.pkg.github.com/vltsandbox/@fluentui%2freact-overflow 198ms (cache miss)
npm http fetch GET 200 https://npm.pkg.github.com/vltsandbox/@fluentui%2freact-checkbox 429ms (cache miss)
npm http fetch GET 200 https://npm.pkg.github.com/vltsandbox/@fluentui%2freact-progress 223ms (cache miss)
npm http fetch GET 200 https://npm.pkg.github.com/vltsandbox/@fluentui%2freact-provider 246ms (cache miss)
npm http fetch GET 200 https://npm.pkg.github.com/vltsandbox/@fluentui%2freact-textarea 267ms (cache miss)
npm http fetch GET 200 https://npm.pkg.github.com/vltsandbox/@fluentui%2freact-skeleton 333ms (cache miss)
npm http fetch GET 200 https://npm.pkg.github.com/vltsandbox/@fluentui%2freact-accordion 200ms (cache miss)
npm http fetch GET 200 https://npm.pkg.github.com/vltsandbox/@fluentui%2freact-infolabel 190ms (cache miss)
npm http fetch GET 200 https://npm.pkg.github.com/vltsandbox/@fluentui%2freact-utilities 194ms (cache updated)
npm http fetch GET 200 https://npm.pkg.github.com/vltsandbox/@fluentui%2freact-breadcrumb 198ms (cache miss)
npm http fetch GET 200 https://npm.pkg.github.com/vltsandbox/@fluentui%2freact-infobutton 156ms (cache miss)
npm http fetch GET 200 https://npm.pkg.github.com/vltsandbox/@fluentui%2freact-tag-picker 215ms (cache miss)
npm http fetch GET 200 https://npm.pkg.github.com/vltsandbox/@fluentui%2freact-spinbutton 339ms (cache miss)
npm http fetch GET 200 https://npm.pkg.github.com/vltsandbox/@fluentui%2freact-message-bar 300ms (cache miss)
npm http fetch GET 200 https://npm.pkg.github.com/vltsandbox/@fluentui%2freact-positioning 209ms (cache miss)
npm http fetch GET 200 https://npm.pkg.github.com/vltsandbox/@fluentui%2freact-virtualizer 199ms (cache miss)
npm http fetch GET 200 https://npm.pkg.github.com/vltsandbox/@fluentui%2freact-color-picker 163ms (cache miss)
npm http fetch GET 200 https://npm.pkg.github.com/vltsandbox/@griffel%2freact 132ms (cache updated)
npm http fetch GET 200 https://npm.pkg.github.com/vltsandbox/@fluentui%2freact-teaching-popover 187ms (cache miss)
npm http fetch GET 200 https://npm.pkg.github.com/vltsandbox/anser 108ms (cache miss)
npm http fetch GET 200 https://npm.pkg.github.com/vltsandbox/source-map 97ms (cache updated)
npm http fetch GET 200 https://npm.pkg.github.com/vltsandbox/html-entities 99ms (cache miss)
npm http fetch GET 200 https://npm.pkg.github.com/vltsandbox/core-js-pure 110ms (cache miss)
npm http fetch GET 200 https://npm.pkg.github.com/vltsandbox/error-stack-parser 96ms (cache miss)
npm http fetch GET 200 https://npm.pkg.github.com/vltsandbox/lodash 96ms (cache miss)
npm http fetch GET 200 https://npm.pkg.github.com/vltsandbox/@fluentui%2freact-swatch-picker 604ms (cache miss)
npm http fetch GET 200 https://npm.pkg.github.com/vltsandbox/pretty-error 110ms (cache miss)
npm http fetch GET 200 https://npm.pkg.github.com/vltsandbox/html-minifier-terser 105ms (cache miss)
npm http fetch GET 200 https://npm.pkg.github.com/vltsandbox/@types%2fhtml-minifier-terser 96ms (cache miss)
npm http fetch GET 200 https://npm.pkg.github.com/vltsandbox/lodash.debounce 93ms (cache miss)
npm http fetch GET 200 https://npm.pkg.github.com/vltsandbox/react-dnd 109ms (cache miss)
npm http fetch GET 200 https://npm.pkg.github.com/vltsandbox/react-dnd-touch-backend 113ms (cache miss)
npm http fetch GET 200 https://npm.pkg.github.com/vltsandbox/@react-dnd%2finvariant 104ms (cache miss)
npm http fetch GET 200 https://npm.pkg.github.com/vltsandbox/dnd-core 107ms (cache miss)
npm http fetch GET 200 https://npm.pkg.github.com/vltsandbox/@react-dnd%2fshallowequal 111ms (cache miss)
npm http fetch GET 200 https://npm.pkg.github.com/vltsandbox/hoist-non-react-statics 82ms (cache miss)
npm http fetch GET 200 https://npm.pkg.github.com/vltsandbox/@rollup%2fplugin-alias 142ms (cache miss)
npm http fetch GET 200 https://npm.pkg.github.com/vltsandbox/rollup 197ms (cache miss)
npm http fetch GET 200 https://npm.pkg.github.com/vltsandbox/@rollup%2fplugin-node-resolve 116ms (cache miss)
npm http fetch GET 200 https://npm.pkg.github.com/vltsandbox/@rollup%2fplugin-typescript 119ms (cache miss)
npm http fetch GET 200 https://npm.pkg.github.com/vltsandbox/typescript 311ms (cache updated)
npm http fetch GET 200 https://npm.pkg.github.com/vltsandbox/rollup-plugin-dts 181ms (cache miss)
npm http fetch GET 200 https://npm.pkg.github.com/vltsandbox/typescript 348ms (cache updated)
npm http fetch GET 200 https://npm.pkg.github.com/vltsandbox/@types%2fresolve 103ms (cache miss)
npm http fetch GET 200 https://npm.pkg.github.com/vltsandbox/is-module 129ms (cache miss)
npm http fetch GET 200 https://npm.pkg.github.com/vltsandbox/resolve 133ms (cache updated)
npm http fetch GET 200 https://npm.pkg.github.com/vltsandbox/@rollup%2fpluginutils 105ms (cache miss)
npm http fetch GET 200 https://npm.pkg.github.com/vltsandbox/resolve 96ms (cache updated)
npm http fetch GET 200 https://npm.pkg.github.com/vltsandbox/@rollup%2fpluginutils 113ms (cache miss)
npm http fetch GET 200 https://npm.pkg.github.com/vltsandbox/@rollup%2frollup-darwin-x64 132ms (cache miss)
npm http fetch GET 200 https://npm.pkg.github.com/vltsandbox/@rollup%2frollup-freebsd-x64 130ms (cache miss)
npm http fetch GET 200 https://npm.pkg.github.com/vltsandbox/@rollup%2frollup-openbsd-x64 148ms (cache miss)
npm http fetch GET 200 https://npm.pkg.github.com/vltsandbox/@napi-rs%2flzma-linux-x64-gnu 101ms (cache miss)
npm http fetch GET 200 https://npm.pkg.github.com/vltsandbox/@rollup%2frollup-android-arm64 131ms (cache miss)
npm http fetch GET 200 https://npm.pkg.github.com/vltsandbox/@rollup%2frollup-darwin-arm64 176ms (cache miss)
npm http fetch GET 200 https://npm.pkg.github.com/vltsandbox/@rollup%2frollup-linux-x64-gnu 116ms (cache miss)
npm http fetch GET 200 https://npm.pkg.github.com/vltsandbox/@rollup%2frollup-win32-x64-gnu 117ms (cache miss)
npm http fetch GET 200 https://npm.pkg.github.com/vltsandbox/@rollup%2frollup-freebsd-arm64 210ms (cache miss)
npm http fetch GET 200 https://npm.pkg.github.com/vltsandbox/@rollup%2frollup-linux-arm64-gnu 127ms (cache miss)
npm http fetch GET 200 https://npm.pkg.github.com/vltsandbox/@rollup%2frollup-linux-x64-musl 141ms (cache miss)
npm http fetch GET 200 https://npm.pkg.github.com/vltsandbox/@rollup%2frollup-win32-x64-msvc 142ms (cache miss)
npm http fetch GET 200 https://npm.pkg.github.com/vltsandbox/@rollup%2frollup-linux-ppc64-gnu 112ms (cache miss)
npm http fetch GET 200 https://npm.pkg.github.com/vltsandbox/@rollup%2frollup-linux-s390x-gnu 118ms (cache miss)
npm http fetch GET 200 https://npm.pkg.github.com/vltsandbox/@rollup%2frollup-win32-ia32-msvc 153ms (cache miss)
npm http fetch GET 200 https://npm.pkg.github.com/vltsandbox/@rollup%2frollup-android-arm-eabi 112ms (cache miss)
npm http fetch GET 200 https://npm.pkg.github.com/vltsandbox/@rollup%2frollup-linux-arm64-musl 120ms (cache miss)
npm http fetch GET 200 https://npm.pkg.github.com/vltsandbox/@rollup%2frollup-linux-ppc64-musl 122ms (cache miss)
npm http fetch GET 200 https://npm.pkg.github.com/vltsandbox/@rollup%2frollup-win32-arm64-msvc 109ms (cache miss)
npm http fetch GET 200 https://npm.pkg.github.com/vltsandbox/@rollup%2frollup-linux-loong64-gnu 113ms (cache miss)
npm http fetch GET 200 https://npm.pkg.github.com/vltsandbox/@rollup%2frollup-linux-riscv64-gnu 131ms (cache miss)
npm http fetch GET 200 https://npm.pkg.github.com/vltsandbox/@rollup%2frollup-openharmony-arm64 108ms (cache miss)
npm http fetch GET 200 https://npm.pkg.github.com/vltsandbox/@rollup%2frollup-linux-loong64-musl 126ms (cache miss)
npm http fetch GET 200 https://npm.pkg.github.com/vltsandbox/@rollup%2frollup-linux-riscv64-musl 132ms (cache miss)
npm http fetch GET 200 https://npm.pkg.github.com/vltsandbox/@rollup%2frollup-linux-arm-musleabihf 108ms (cache miss)
npm http fetch GET 200 https://npm.pkg.github.com/vltsandbox/@rollup%2frollup-linux-arm-gnueabihf 150ms (cache miss)
npm http fetch GET 200 https://npm.pkg.github.com/vltsandbox/magic-string 104ms (cache miss)
npm http fetch GET 200 https://npm.pkg.github.com/vltsandbox/@babel%2fcode-frame 104ms (cache updated)
npm http fetch GET 200 https://npm.pkg.github.com/vltsandbox/@types%2fdagre 97ms (cache miss)
npm http fetch GET 200 https://npm.pkg.github.com/vltsandbox/dagre 99ms (cache miss)
npm http fetch GET 200 https://npm.pkg.github.com/vltsandbox/graphlib 99ms (cache miss)
npm http fetch GET 200 https://npm.pkg.github.com/vltsandbox/lodash 112ms (cache updated)
npm http fetch GET 200 https://npm.pkg.github.com/vltsandbox/jest-puppeteer 98ms (cache miss)
npm http fetch GET 200 https://npm.pkg.github.com/vltsandbox/puppeteer 165ms (cache miss)
npm http fetch GET 200 https://npm.pkg.github.com/vltsandbox/cosmiconfig 98ms (cache miss)
npm http fetch GET 200 https://npm.pkg.github.com/vltsandbox/expect-puppeteer 106ms (cache miss)
npm http fetch GET 200 https://npm.pkg.github.com/vltsandbox/jest-environment-puppeteer 108ms (cache miss)
npm http fetch GET 200 https://npm.pkg.github.com/vltsandbox/@puppeteer%2fbrowsers 112ms (cache miss)
npm http fetch GET 200 https://npm.pkg.github.com/vltsandbox/puppeteer-core 162ms (cache miss)
npm http fetch GET 200 https://npm.pkg.github.com/vltsandbox/devtools-protocol 198ms (cache miss)
npm http fetch GET 200 https://npm.pkg.github.com/vltsandbox/lit 127ms (cache miss)
npm http fetch GET 200 https://npm.pkg.github.com/vltsandbox/@rollup%2fplugin-commonjs 114ms (cache miss)
npm http fetch GET 200 https://npm.pkg.github.com/vltsandbox/@rollup%2fplugin-terser 109ms (cache miss)
npm http fetch GET 200 https://npm.pkg.github.com/vltsandbox/rollup-plugin-minify-template-literals 133ms (cache miss)
npm http fetch GET 200 https://npm.pkg.github.com/vltsandbox/vite 1337ms (cache miss)
npm http fetch GET 200 https://npm.pkg.github.com/vltsandbox/commondir 93ms (cache miss)
npm http fetch GET 200 https://npm.pkg.github.com/vltsandbox/glob 103ms (cache updated)
npm http fetch GET 200 https://npm.pkg.github.com/vltsandbox/is-reference 109ms (cache miss)
npm http fetch GET 200 https://npm.pkg.github.com/vltsandbox/magic-string 104ms (cache updated)
npm http fetch GET 200 https://npm.pkg.github.com/vltsandbox/estree-walker 98ms (cache miss)
npm http fetch GET 200 https://npm.pkg.github.com/vltsandbox/smob 98ms (cache miss)
npm http fetch GET 200 https://npm.pkg.github.com/vltsandbox/serialize-javascript 99ms (cache miss)
npm http fetch GET 200 https://npm.pkg.github.com/vltsandbox/@lit%2freactive-element 104ms (cache miss)
npm http fetch GET 200 https://npm.pkg.github.com/vltsandbox/lit-element 107ms (cache miss)
npm http fetch GET 200 https://npm.pkg.github.com/vltsandbox/minify-literals 93ms (cache miss)
npm http fetch GET 200 https://npm.pkg.github.com/vltsandbox/fdir 124ms (cache updated)
npm http fetch GET 200 https://npm.pkg.github.com/vltsandbox/lit-html 149ms (cache miss)
npm http fetch GET 200 https://npm.pkg.github.com/vltsandbox/esbuild 136ms (cache miss)
npm http fetch GET 200 https://npm.pkg.github.com/vltsandbox/picomatch 128ms (cache updated)
npm http fetch GET 200 https://npm.pkg.github.com/vltsandbox/postcss 144ms (cache miss)
npm http fetch GET 200 https://npm.pkg.github.com/vltsandbox/source-map-loader 108ms (cache miss)
npm http fetch GET 200 https://npm.pkg.github.com/vltsandbox/ts-loader 139ms (cache miss)
npm http fetch GET 200 https://npm.pkg.github.com/vltsandbox/typescript 323ms (cache updated)
npm http fetch GET 200 https://npm.pkg.github.com/vltsandbox/source-map-js 98ms (cache updated)
npm http fetch GET 200 https://npm.pkg.github.com/vltsandbox/source-map 110ms (cache updated)
npm http fetch GET 200 https://npm.pkg.github.com/vltsandbox/picomatch 112ms (cache updated)
npm http fetch GET 200 https://npm.pkg.github.com/vltsandbox/css-loader 163ms (cache miss)
npm http fetch GET 200 https://npm.pkg.github.com/vltsandbox/sass-loader 112ms (cache miss)
npm http fetch GET 200 https://npm.pkg.github.com/vltsandbox/icss-utils 92ms (cache miss)
npm http fetch GET 200 https://npm.pkg.github.com/vltsandbox/postcss-value-parser 104ms (cache miss)
npm http fetch GET 200 https://npm.pkg.github.com/vltsandbox/postcss 115ms (cache updated)
npm http fetch GET 200 https://npm.pkg.github.com/vltsandbox/postcss-modules-scope 93ms (cache miss)
npm http fetch GET 200 https://npm.pkg.github.com/vltsandbox/postcss-modules-values 94ms (cache miss)
npm http fetch GET 200 https://npm.pkg.github.com/vltsandbox/postcss-modules-extract-imports 99ms (cache miss)
npm http fetch GET 200 https://npm.pkg.github.com/vltsandbox/postcss-modules-local-by-default 106ms (cache miss)
npm http fetch GET 200 https://npm.pkg.github.com/vltsandbox/neo-async 94ms (cache miss)
npm http fetch GET 200 https://npm.pkg.github.com/vltsandbox/style-loader 110ms (cache miss)
npm http fetch GET 200 https://npm.pkg.github.com/vltsandbox/webpack-dev-server 153ms (cache miss)
npm http fetch GET 200 https://npm.pkg.github.com/vltsandbox/spdy 102ms (cache miss)
npm http fetch GET 200 https://npm.pkg.github.com/vltsandbox/sockjs 107ms (cache miss)
npm http fetch GET 200 https://npm.pkg.github.com/vltsandbox/open 143ms (cache updated)
npm http fetch GET 200 https://npm.pkg.github.com/vltsandbox/p-retry 100ms (cache miss)
npm http fetch GET 200 https://npm.pkg.github.com/vltsandbox/express 115ms (cache miss)
npm http fetch GET 200 https://npm.pkg.github.com/vltsandbox/@types%2fws 131ms (cache miss)
npm http fetch GET 200 https://npm.pkg.github.com/vltsandbox/ipaddr.js 91ms (cache miss)
npm http fetch GET 200 https://npm.pkg.github.com/vltsandbox/selfsigned 108ms (cache miss)
npm http fetch GET 200 https://npm.pkg.github.com/vltsandbox/compression 98ms (cache miss)
npm http fetch GET 200 https://npm.pkg.github.com/vltsandbox/serve-index 93ms (cache miss)
npm http fetch GET 200 https://npm.pkg.github.com/vltsandbox/@types%2fsockjs 105ms (cache miss)
npm http fetch GET 200 https://npm.pkg.github.com/vltsandbox/launch-editor 92ms (cache miss)
npm http fetch GET 200 https://npm.pkg.github.com/vltsandbox/@types%2fbonjour 101ms (cache miss)
npm http fetch GET 200 https://npm.pkg.github.com/vltsandbox/@types%2fexpress 104ms (cache miss)
npm http fetch GET 200 https://npm.pkg.github.com/vltsandbox/bonjour-service 112ms (cache miss)
npm http fetch GET 200 https://npm.pkg.github.com/vltsandbox/@types%2fserve-index 100ms (cache miss)
npm http fetch GET 200 https://npm.pkg.github.com/vltsandbox/@types%2fserve-static 100ms (cache miss)
npm http fetch GET 200 https://npm.pkg.github.com/vltsandbox/ansi-html-community 89ms (cache miss)
npm http fetch GET 200 https://npm.pkg.github.com/vltsandbox/http-proxy-middleware 104ms (cache miss)
npm http fetch GET 200 https://npm.pkg.github.com/vltsandbox/webpack-dev-middleware 103ms (cache miss)
npm http fetch GET 200 https://npm.pkg.github.com/vltsandbox/connect-history-api-fallback 108ms (cache miss)
npm http fetch GET 200 https://npm.pkg.github.com/vltsandbox/@types%2fexpress-serve-static-core 112ms (cache miss)
npm http fetch GET 200 https://npm.pkg.github.com/vltsandbox/@types%2fconnect-history-api-fallback 177ms (cache miss)
npm http fetch GET 200 https://npm.pkg.github.com/vltsandbox/webpack-bundle-analyzer 106ms (cache miss)
npm http fetch GET 200 https://npm.pkg.github.com/vltsandbox/ws 117ms (cache updated)
npm http fetch GET 200 https://npm.pkg.github.com/vltsandbox/sirv 127ms (cache miss)
npm http fetch GET 200 https://npm.pkg.github.com/vltsandbox/opener 150ms (cache miss)
npm http fetch GET 200 https://npm.pkg.github.com/vltsandbox/debounce 97ms (cache miss)
npm http fetch GET 200 https://npm.pkg.github.com/vltsandbox/commander 108ms (cache updated)
npm http fetch GET 200 https://npm.pkg.github.com/vltsandbox/gzip-size 118ms (cache miss)
npm http fetch GET 200 https://npm.pkg.github.com/vltsandbox/@discoveryjs%2fjson-ext 117ms (cache updated)
npm http fetch GET 200 https://npm.pkg.github.com/vltsandbox/@types%2feslint 121ms (cache miss)
npm http fetch GET 200 https://npm.pkg.github.com/vltsandbox/@svgr%2fwebpack 135ms (cache miss)
npm http fetch GET 200 https://npm.pkg.github.com/vltsandbox/copy-webpack-plugin 108ms (cache miss)
npm http fetch GET 200 https://npm.pkg.github.com/vltsandbox/split.js 163ms (cache miss)
npm http fetch GET 200 https://npm.pkg.github.com/vltsandbox/url-loader 109ms (cache miss)
npm http fetch GET 200 https://npm.pkg.github.com/vltsandbox/@babel%2fplugin-transform-react-constant-elements 118ms (cache miss)
npm http fetch GET 200 https://npm.pkg.github.com/vltsandbox/@babel%2fpreset-react 131ms (cache miss)
npm http fetch GET 200 https://npm.pkg.github.com/vltsandbox/@babel%2fpreset-env 153ms (cache miss)
npm http fetch GET 200 https://npm.pkg.github.com/vltsandbox/@babel%2fpreset-typescript 116ms (cache miss)
npm http fetch GET 200 https://npm.pkg.github.com/vltsandbox/@svgr%2fcore 115ms (cache miss)
npm http fetch GET 200 https://npm.pkg.github.com/vltsandbox/@svgr%2fplugin-jsx 103ms (cache miss)
npm http fetch GET 200 https://npm.pkg.github.com/vltsandbox/@svgr%2fplugin-svgo 112ms (cache miss)
npm http fetch GET 200 https://npm.pkg.github.com/vltsandbox/globby 105ms (cache miss)
npm http fetch GET 200 https://npm.pkg.github.com/vltsandbox/glob-parent 94ms (cache updated)
npm http fetch GET 200 https://npm.pkg.github.com/vltsandbox/serialize-javascript 100ms (cache updated)
npm http fetch GET 200 https://npm.pkg.github.com/vltsandbox/schema-utils 94ms (cache updated)
npm http fetch GET 200 https://npm.pkg.github.com/vltsandbox/loader-utils 104ms (cache miss)
npm http fetch GET 200 https://npm.pkg.github.com/vltsandbox/file-loader 98ms (cache miss)
npm http fetch GET 200 https://npm.pkg.github.com/vltsandbox/@types%2fuuid 125ms (cache miss)
npm http fetch GET 200 https://npm.pkg.github.com/vltsandbox/@typescript%2fata 130ms (cache miss)
npm http fetch GET 200 https://npm.pkg.github.com/vltsandbox/typescript 360ms (cache updated)
npm http fetch GET 200 https://npm.pkg.github.com/vltsandbox/monaco-editor 170ms (cache miss)
npm http fetch GET 200 https://npm.pkg.github.com/vltsandbox/monaco-editor-webpack-plugin 100ms (cache miss)
npm http fetch GET 200 https://npm.pkg.github.com/vltsandbox/ts-debounce 167ms (cache miss)
npm http fetch GET 200 https://npm.pkg.github.com/vltsandbox/loader-utils 100ms (cache updated)
npm http fetch GET 200 https://npm.pkg.github.com/vltsandbox/dompurify 111ms (cache miss)
npm http fetch GET 200 https://npm.pkg.github.com/vltsandbox/marked 138ms (cache miss)
npm http fetch GET 200 https://npm.pkg.github.com/vltsandbox/bufferutil 87ms (cache miss)
npm http fetch GET 200 https://npm.pkg.github.com/vltsandbox/utf-8-validate 95ms (cache miss)
npm http fetch GET 200 https://npm.pkg.github.com/vltsandbox/@types%2fws 108ms (cache updated)
npm http fetch GET 200 https://npm.pkg.github.com/vltsandbox/https 87ms (cache miss)
npm http fetch GET 200 https://npm.pkg.github.com/vltsandbox/node-gyp-build 102ms (cache miss)
npm http fetch GET 200 https://npm.pkg.github.com/vltsandbox/node-gyp-build 104ms (cache miss)
npm http fetch GET 200 https://npm.pkg.github.com/vltsandbox/@types%2fchrome 158ms (cache miss)
npm http fetch GET 200 https://npm.pkg.github.com/vltsandbox/@types%2ffilesystem 102ms (cache miss)
npm http fetch GET 200 https://npm.pkg.github.com/vltsandbox/@types%2fhar-format 112ms (cache miss)
npm http fetch GET 200 https://npm.pkg.github.com/vltsandbox/jest-image-snapshot 99ms (cache miss)
npm http fetch GET 200 https://npm.pkg.github.com/vltsandbox/@types%2fjest-image-snapshot 96ms (cache miss)
npm http fetch GET 200 https://npm.pkg.github.com/vltsandbox/browserstack-local 104ms (cache miss)
npm http fetch GET 200 https://npm.pkg.github.com/vltsandbox/agent-base 103ms (cache updated)
npm http fetch GET 200 https://npm.pkg.github.com/vltsandbox/ssim.js 109ms (cache miss)
npm http fetch GET 200 https://npm.pkg.github.com/vltsandbox/@types%2fpixelmatch 113ms (cache miss)
npm http fetch GET 200 https://npm.pkg.github.com/vltsandbox/is-running 100ms (cache miss)
npm http fetch GET 200 https://npm.pkg.github.com/vltsandbox/get-stdin 104ms (cache miss)
npm http fetch GET 200 https://npm.pkg.github.com/vltsandbox/glur 166ms (cache miss)
npm http fetch GET 200 https://npm.pkg.github.com/vltsandbox/lodash 106ms (cache updated)
npm http fetch GET 200 https://npm.pkg.github.com/vltsandbox/pixelmatch 111ms (cache miss)
npm http fetch GET 200 https://npm.pkg.github.com/vltsandbox/pngjs 97ms (cache miss)
npm http fetch GET 200 https://npm.pkg.github.com/vltsandbox/memlab 170ms (cache miss)
npm http fetch GET 200 https://npm.pkg.github.com/vltsandbox/ansi 111ms (cache miss)
npm http fetch GET 200 https://npm.pkg.github.com/vltsandbox/xvfb 112ms (cache miss)
npm http fetch GET 200 https://npm.pkg.github.com/vltsandbox/babar 167ms (cache miss)
npm http fetch GET 200 https://npm.pkg.github.com/vltsandbox/fs-extra 107ms (cache updated)
npm http fetch GET 200 https://npm.pkg.github.com/vltsandbox/@memlab%2fapi 121ms (cache miss)
npm http fetch GET 200 https://npm.pkg.github.com/vltsandbox/@memlab%2fcli 264ms (cache miss)
npm http fetch GET 200 https://npm.pkg.github.com/vltsandbox/@memlab%2fcore 247ms (cache miss)
npm http fetch GET 200 https://npm.pkg.github.com/vltsandbox/@memlab%2fe2e 281ms (cache miss)
npm http fetch GET 200 https://npm.pkg.github.com/vltsandbox/@memlab%2flens 118ms (cache miss)
npm http fetch GET 200 https://npm.pkg.github.com/vltsandbox/puppeteer-core 112ms (cache updated)
npm http fetch GET 200 https://npm.pkg.github.com/vltsandbox/util.promisify 119ms (cache miss)
npm http fetch GET 200 https://npm.pkg.github.com/vltsandbox/@memlab%2fheap-analysis 279ms (cache miss)
npm http fetch GET 200 https://npm.pkg.github.com/vltsandbox/cross-env 97ms (cache miss)
npm http fetch GET 200 https://npm.pkg.github.com/vltsandbox/nyc 156ms (cache miss)
npm http fetch GET 200 https://npm.pkg.github.com/vltsandbox/rollup-plugin-visualizer 103ms (cache miss)
npm http fetch GET 200 https://npm.pkg.github.com/vltsandbox/p-map 117ms (cache miss)
npm http fetch GET 200 https://npm.pkg.github.com/vltsandbox/glob 125ms (cache updated)
npm http fetch GET 200 https://npm.pkg.github.com/vltsandbox/yargs 135ms (cache updated)
npm http fetch GET 200 https://npm.pkg.github.com/vltsandbox/rimraf 93ms (cache updated)
npm http fetch GET 200 https://npm.pkg.github.com/vltsandbox/make-dir 107ms (cache updated)
npm http fetch GET 200 https://npm.pkg.github.com/vltsandbox/decamelize 106ms (cache miss)
npm http fetch GET 200 https://npm.pkg.github.com/vltsandbox/node-preload 97ms (cache miss)
npm http fetch GET 200 https://npm.pkg.github.com/vltsandbox/spawn-wrap 126ms (cache miss)
npm http fetch GET 200 https://npm.pkg.github.com/vltsandbox/find-cache-dir 104ms (cache miss)
npm http fetch GET 200 https://npm.pkg.github.com/vltsandbox/process-on-spawn 93ms (cache miss)
npm http fetch GET 200 https://npm.pkg.github.com/vltsandbox/caching-transform 90ms (cache miss)
npm http fetch GET 200 https://npm.pkg.github.com/vltsandbox/istanbul-lib-hook 98ms (cache miss)
npm http fetch GET 200 https://npm.pkg.github.com/vltsandbox/convert-source-map 96ms (cache updated)
npm http fetch GET 200 https://npm.pkg.github.com/vltsandbox/istanbul-lib-processinfo 97ms (cache miss)
npm http fetch GET 200 https://npm.pkg.github.com/vltsandbox/@dnd-kit%2fmodifiers 139ms (cache miss)
npm http fetch GET 200 https://npm.pkg.github.com/vltsandbox/@dnd-kit%2fcore 114ms (cache miss)
npm http fetch GET 200 https://npm.pkg.github.com/vltsandbox/@dnd-kit%2fsortable 127ms (cache miss)
npm http fetch GET 200 https://npm.pkg.github.com/vltsandbox/@dnd-kit%2faccessibility 104ms (cache miss)
npm http fetch GET 200 https://npm.pkg.github.com/vltsandbox/@dnd-kit%2futilities 129ms (cache miss)
npm http fetch GET 200 https://npm.pkg.github.com/vltsandbox/@dnd-kit%2futilities 130ms (cache miss)
npm http fetch GET 200 https://npm.pkg.github.com/vltsandbox/@dnd-kit%2futilities 117ms (cache miss)
npm http fetch GET 200 https://npm.pkg.github.com/vltsandbox/react 224ms (cache updated)
npm http fetch GET 200 https://npm.pkg.github.com/vltsandbox/react 287ms (cache updated)
npm http fetch GET 200 https://npm.pkg.github.com/vltsandbox/@types%2freact 169ms (cache updated)
npm http fetch GET 200 https://npm.pkg.github.com/vltsandbox/@griffel%2fcore 129ms (cache miss)
npm http fetch GET 200 https://npm.pkg.github.com/vltsandbox/@fluentui%2fkeyboard-keys 242ms (cache miss)
npm http fetch GET 200 https://npm.pkg.github.com/vltsandbox/@types%2freact 173ms (cache updated)
npm http fetch GET 200 https://npm.pkg.github.com/vltsandbox/react 278ms (cache updated)
npm http fetch GET 200 https://npm.pkg.github.com/vltsandbox/react-dom 275ms (cache updated)
npm http fetch GET 200 https://npm.pkg.github.com/vltsandbox/@fluentui%2freact-motion-components-preview 198ms (cache miss)
npm http fetch GET 200 https://npm.pkg.github.com/vltsandbox/@fluentui%2freact-context-selector 247ms (cache miss)
npm http fetch GET 200 https://npm.pkg.github.com/vltsandbox/@fluentui%2freact-avatar 274ms (cache updated)
npm http fetch GET 200 https://npm.pkg.github.com/vltsandbox/embla-carousel 117ms (cache miss)
npm http fetch GET 200 https://npm.pkg.github.com/vltsandbox/embla-carousel-fade 106ms (cache miss)
npm http fetch GET 200 https://npm.pkg.github.com/vltsandbox/@fluentui%2freact-context-selector 211ms (cache miss)
npm http fetch GET 200 https://npm.pkg.github.com/vltsandbox/embla-carousel-autoplay 98ms (cache miss)
npm http fetch GET 200 https://npm.pkg.github.com/vltsandbox/@floating-ui%2fdom 119ms (cache miss)
npm http fetch GET 200 https://npm.pkg.github.com/vltsandbox/@fluentui%2fpriority-overflow 185ms (cache miss)
npm http fetch GET 200 https://npm.pkg.github.com/vltsandbox/@fluentui%2freact-popover 279ms (cache updated)
npm http fetch GET 200 https://npm.pkg.github.com/vltsandbox/@floating-ui%2fdevtools 136ms (cache miss)
npm http fetch GET 200 https://npm.pkg.github.com/vltsandbox/@griffel%2fcore 119ms (cache updated)
npm http fetch GET 200 https://npm.pkg.github.com/vltsandbox/use-sync-external-store 221ms (cache miss)
npm http fetch GET 200 https://npm.pkg.github.com/vltsandbox/keyborg 166ms (cache miss)
npm http fetch GET 200 https://npm.pkg.github.com/vltsandbox/tabster 135ms (cache miss)
npm http fetch GET 200 https://npm.pkg.github.com/vltsandbox/@fluentui%2ftokens 221ms (cache miss)
npm http fetch GET 200 https://npm.pkg.github.com/vltsandbox/scheduler 373ms (cache updated)
npm http fetch GET 200 https://npm.pkg.github.com/vltsandbox/@floating-ui%2futils 95ms (cache miss)
npm http fetch GET 200 https://npm.pkg.github.com/vltsandbox/@floating-ui%2fcore 121ms (cache miss)
npm http fetch GET 200 https://npm.pkg.github.com/vltsandbox/csstype 106ms (cache updated)
npm http fetch GET 200 https://npm.pkg.github.com/vltsandbox/stylis 118ms (cache miss)
npm http fetch GET 200 https://npm.pkg.github.com/vltsandbox/rtl-css-js 128ms (cache miss)
npm http fetch GET 200 https://npm.pkg.github.com/vltsandbox/@griffel%2fstyle-types 124ms (cache miss)
npm http fetch GET 200 https://npm.pkg.github.com/vltsandbox/@emotion%2fhash 138ms (cache miss)
npm http fetch GET 200 https://npm.pkg.github.com/vltsandbox/keyborg 148ms (cache updated)
npm http fetch GET 200 https://npm.pkg.github.com/vltsandbox/object-assign 95ms (cache miss)
npm http fetch GET 200 https://npm.pkg.github.com/vltsandbox/loose-envify 105ms (cache updated)
npm http fetch GET 200 https://npm.pkg.github.com/vltsandbox/react-is 266ms (cache updated)
npm http fetch GET 200 https://npm.pkg.github.com/vltsandbox/@babel%2fruntime 205ms (cache miss)
npm http fetch GET 200 https://npm.pkg.github.com/vltsandbox/stackframe 88ms (cache miss)
npm http fetch GET 200 https://npm.pkg.github.com/vltsandbox/rollup 215ms (cache updated)
npm http fetch GET 200 https://npm.pkg.github.com/vltsandbox/path-scurry 125ms (cache updated)
npm http fetch GET 200 https://npm.pkg.github.com/vltsandbox/jackspeak 127ms (cache updated)
npm http fetch GET 200 https://npm.pkg.github.com/vltsandbox/minimatch 162ms (cache updated)
npm http fetch GET 200 https://npm.pkg.github.com/vltsandbox/randombytes 93ms (cache miss)
npm http fetch GET 200 https://npm.pkg.github.com/vltsandbox/@babel%2fcore 131ms (cache updated)
npm http fetch GET 200 https://npm.pkg.github.com/vltsandbox/@babel%2fpreset-modules 100ms (cache miss)
npm http fetch GET 200 https://npm.pkg.github.com/vltsandbox/babel-plugin-polyfill-corejs2 123ms (cache miss)
npm http fetch GET 200 https://npm.pkg.github.com/vltsandbox/core-js-compat 132ms (cache miss)
npm http fetch GET 200 https://npm.pkg.github.com/vltsandbox/babel-plugin-polyfill-corejs3 98ms (cache miss)
npm http fetch GET 200 https://npm.pkg.github.com/vltsandbox/@babel%2fplugin-transform-for-of 103ms (cache miss)
npm http fetch GET 200 https://npm.pkg.github.com/vltsandbox/@babel%2fplugin-transform-spread 111ms (cache miss)
npm http fetch GET 200 https://npm.pkg.github.com/vltsandbox/@babel%2fplugin-transform-classes 101ms (cache miss)
npm http fetch GET 200 https://npm.pkg.github.com/vltsandbox/babel-plugin-polyfill-regenerator 100ms (cache miss)
npm http fetch GET 200 https://npm.pkg.github.com/vltsandbox/@babel%2fplugin-transform-literals 124ms (cache miss)
npm http fetch GET 200 https://npm.pkg.github.com/vltsandbox/@babel%2fplugin-transform-new-target 104ms (cache miss)
npm http fetch GET 200 https://npm.pkg.github.com/vltsandbox/@babel%2fplugin-transform-parameters 110ms (cache miss)
npm http fetch GET 200 https://npm.pkg.github.com/vltsandbox/@babel%2fplugin-transform-modules-amd 117ms (cache miss)
npm http fetch GET 200 https://npm.pkg.github.com/vltsandbox/@babel%2fplugin-transform-modules-umd 101ms (cache miss)
npm http fetch GET 200 https://npm.pkg.github.com/vltsandbox/@babel%2fplugin-transform-dotall-regex 115ms (cache miss)
npm http fetch GET 200 https://npm.pkg.github.com/vltsandbox/@babel%2fplugin-transform-json-strings 170ms (cache miss)
npm http fetch GET 200 https://npm.pkg.github.com/vltsandbox/@babel%2fplugin-transform-object-super 109ms (cache miss)
npm http fetch GET 200 https://npm.pkg.github.com/vltsandbox/@babel%2fplugin-transform-regenerator 286ms (cache miss)
npm http fetch GET 200 https://npm.pkg.github.com/vltsandbox/@babel%2fplugin-transform-sticky-regex 116ms (cache miss)
npm http fetch GET 200 https://npm.pkg.github.com/vltsandbox/@babel%2fplugin-transform-block-scoping 146ms (cache miss)
npm http fetch GET 200 https://npm.pkg.github.com/vltsandbox/@babel%2fplugin-transform-destructuring 120ms (cache miss)
npm http fetch GET 200 https://npm.pkg.github.com/vltsandbox/@babel%2fplugin-transform-function-name 117ms (cache miss)
npm http fetch GET 200 https://npm.pkg.github.com/vltsandbox/@babel%2fplugin-transform-typeof-symbol 121ms (cache miss)
npm http fetch GET 200 https://npm.pkg.github.com/vltsandbox/@babel%2fplugin-transform-unicode-regex 122ms (cache miss)
npm http fetch GET 200 https://npm.pkg.github.com/vltsandbox/@babel%2fplugin-syntax-import-assertions 117ms (cache miss)
npm http fetch GET 200 https://npm.pkg.github.com/vltsandbox/@babel%2fplugin-transform-duplicate-keys 108ms (cache miss)
npm http fetch GET 200 https://npm.pkg.github.com/vltsandbox/@babel%2fplugin-transform-dynamic-import 98ms (cache miss)
npm http fetch GET 200 https://npm.pkg.github.com/vltsandbox/@babel%2fplugin-transform-reserved-words 110ms (cache miss)
npm http fetch GET 200 https://npm.pkg.github.com/vltsandbox/@babel%2fplugin-transform-arrow-functions 112ms (cache miss)
npm http fetch GET 200 https://npm.pkg.github.com/vltsandbox/@babel%2fplugin-syntax-unicode-sets-regex 165ms (cache miss)
npm http fetch GET 200 https://npm.pkg.github.com/vltsandbox/@babel%2fplugin-transform-private-methods 102ms (cache miss)
npm http fetch GET 200 https://npm.pkg.github.com/vltsandbox/@babel%2fplugin-transform-unicode-escapes 120ms (cache miss)
npm http fetch GET 200 https://npm.pkg.github.com/vltsandbox/@babel%2fplugin-transform-class-properties 107ms (cache miss)
npm http fetch GET 200 https://npm.pkg.github.com/vltsandbox/@babel%2fplugin-transform-modules-commonjs 111ms (cache miss)
npm http fetch GET 200 https://npm.pkg.github.com/vltsandbox/@babel%2fplugin-transform-modules-systemjs 113ms (cache miss)
npm http fetch GET 200 https://npm.pkg.github.com/vltsandbox/@babel%2fplugin-transform-regexp-modifiers 105ms (cache miss)
npm http fetch GET 200 https://npm.pkg.github.com/vltsandbox/@babel%2fplugin-transform-numeric-separator 105ms (cache miss)
npm http fetch GET 200 https://npm.pkg.github.com/vltsandbox/@babel%2fplugin-transform-optional-chaining 104ms (cache miss)
npm http fetch GET 200 https://npm.pkg.github.com/vltsandbox/@babel%2fplugin-transform-property-literals 122ms (cache miss)
npm http fetch GET 200 https://npm.pkg.github.com/vltsandbox/@babel%2fplugin-transform-template-literals 139ms (cache miss)
npm http fetch GET 200 https://npm.pkg.github.com/vltsandbox/@babel%2fplugin-transform-async-to-generator 120ms (cache miss)
npm http fetch GET 200 https://npm.pkg.github.com/vltsandbox/@babel%2fplugin-transform-class-static-block 102ms (cache miss)
npm http fetch GET 200 https://npm.pkg.github.com/vltsandbox/@babel%2fplugin-transform-object-rest-spread 105ms (cache miss)
npm http fetch GET 200 https://npm.pkg.github.com/vltsandbox/@babel%2fplugin-transform-unicode-sets-regex 106ms (cache miss)
npm http fetch GET 200 https://npm.pkg.github.com/vltsandbox/@babel%2fplugin-transform-computed-properties 106ms (cache miss)
npm http fetch GET 200 https://npm.pkg.github.com/vltsandbox/@babel%2fplugin-transform-shorthand-properties 111ms (cache miss)
npm http fetch GET 200 https://npm.pkg.github.com/vltsandbox/@babel%2fplugin-transform-block-scoped-functions 111ms (cache miss)
npm http fetch GET 200 https://npm.pkg.github.com/vltsandbox/@babel%2fplugin-transform-export-namespace-from 137ms (cache miss)
npm http fetch GET 200 https://npm.pkg.github.com/vltsandbox/@babel%2fplugin-transform-optional-catch-binding 101ms (cache miss)
npm http fetch GET 200 https://npm.pkg.github.com/vltsandbox/@babel%2fplugin-transform-exponentiation-operator 111ms (cache miss)
npm http fetch GET 200 https://npm.pkg.github.com/vltsandbox/@babel%2fplugin-transform-unicode-property-regex 119ms (cache miss)
npm http fetch GET 200 https://npm.pkg.github.com/vltsandbox/@babel%2fplugin-proposal-private-property-in-object 113ms (cache miss)
npm http fetch GET 200 https://npm.pkg.github.com/vltsandbox/@babel%2fplugin-transform-async-generator-functions 102ms (cache miss)
npm http fetch GET 200 https://npm.pkg.github.com/vltsandbox/@babel%2fplugin-transform-member-expression-literals 116ms (cache miss)
npm http fetch GET 200 https://npm.pkg.github.com/vltsandbox/@babel%2fplugin-transform-private-property-in-object 111ms (cache miss)
npm http fetch GET 200 https://npm.pkg.github.com/vltsandbox/@babel%2fplugin-transform-nullish-coalescing-operator 108ms (cache miss)
npm http fetch GET 200 https://npm.pkg.github.com/vltsandbox/@babel%2fplugin-transform-explicit-resource-management 101ms (cache miss)
npm http fetch GET 200 https://npm.pkg.github.com/vltsandbox/@babel%2fplugin-transform-logical-assignment-operators 106ms (cache miss)
npm http fetch GET 200 https://npm.pkg.github.com/vltsandbox/@babel%2fplugin-bugfix-firefox-class-in-computed-class-key 108ms (cache miss)
npm http fetch GET 200 https://npm.pkg.github.com/vltsandbox/@babel%2fplugin-transform-named-capturing-groups-regex 122ms (cache miss)
npm http fetch GET 200 https://npm.pkg.github.com/vltsandbox/@babel%2fplugin-bugfix-safari-rest-destructuring-rhs-array 99ms (cache miss)
npm http fetch GET 200 https://npm.pkg.github.com/vltsandbox/@babel%2fplugin-bugfix-safari-class-field-initializer-scope 98ms (cache miss)
npm http fetch GET 200 https://npm.pkg.github.com/vltsandbox/@babel%2fplugin-bugfix-v8-spread-parameters-in-optional-chaining 100ms (cache miss)
npm http fetch GET 200 https://npm.pkg.github.com/vltsandbox/@babel%2fplugin-bugfix-v8-static-class-fields-redefine-readonly 170ms (cache miss)
npm http fetch GET 200 https://npm.pkg.github.com/vltsandbox/@babel%2fplugin-transform-duplicate-named-capturing-groups-regex 99ms (cache miss)
npm http fetch GET 200 https://npm.pkg.github.com/vltsandbox/@babel%2fplugin-bugfix-safari-id-destructuring-collision-in-function-expression 98ms (cache miss)
npm http fetch GET 200 https://npm.pkg.github.com/vltsandbox/@babel%2fplugin-transform-react-jsx 124ms (cache miss)
npm http fetch GET 200 https://npm.pkg.github.com/vltsandbox/@babel%2fplugin-transform-react-display-name 108ms (cache miss)
npm http fetch GET 200 https://npm.pkg.github.com/vltsandbox/@babel%2fplugin-transform-react-jsx-development 146ms (cache miss)
npm http fetch GET 200 https://npm.pkg.github.com/vltsandbox/@babel%2fplugin-transform-react-pure-annotations 125ms (cache miss)
npm http fetch GET 200 https://npm.pkg.github.com/vltsandbox/@babel%2fplugin-transform-typescript 129ms (cache miss)
npm http fetch GET 200 https://npm.pkg.github.com/vltsandbox/@svgr%2fbabel-preset 113ms (cache miss)
npm http fetch GET 200 https://npm.pkg.github.com/vltsandbox/cosmiconfig 113ms (cache updated)
npm http fetch GET 200 https://npm.pkg.github.com/vltsandbox/@svgr%2fbabel-preset 108ms (cache miss)
npm http fetch GET 200 https://npm.pkg.github.com/vltsandbox/@svgr%2fhast-util-to-babel-ast 102ms (cache miss)
npm http fetch GET 200 https://npm.pkg.github.com/vltsandbox/svg-parser 103ms (cache miss)
npm http fetch GET 200 https://npm.pkg.github.com/vltsandbox/svgo 103ms (cache miss)
npm http fetch GET 200 https://npm.pkg.github.com/vltsandbox/@babel%2fhelper-skip-transparent-expression-wrappers 107ms (cache miss)
npm http fetch GET 200 https://npm.pkg.github.com/vltsandbox/@babel%2fhelper-skip-transparent-expression-wrappers 114ms (cache miss)
npm http fetch GET 200 https://npm.pkg.github.com/vltsandbox/@babel%2fhelper-create-regexp-features-plugin 115ms (cache miss)
npm http fetch GET 200 https://npm.pkg.github.com/vltsandbox/@babel%2fhelper-remap-async-to-generator 110ms (cache miss)
npm http fetch GET 200 https://npm.pkg.github.com/vltsandbox/@babel%2fhelper-remap-async-to-generator 112ms (cache miss)
npm http fetch GET 200 https://npm.pkg.github.com/vltsandbox/@babel%2fhelper-create-class-features-plugin 117ms (cache miss)
npm http fetch GET 200 https://npm.pkg.github.com/vltsandbox/@babel%2fhelper-create-class-features-plugin 104ms (cache miss)
npm http fetch GET 200 https://npm.pkg.github.com/vltsandbox/@babel%2fhelper-annotate-as-pure 97ms (cache miss)
npm http fetch GET 200 https://npm.pkg.github.com/vltsandbox/@babel%2fhelper-replace-supers 112ms (cache miss)
npm http fetch GET 200 https://npm.pkg.github.com/vltsandbox/@babel%2fhelper-create-regexp-features-plugin 110ms (cache updated)
npm http fetch GET 200 https://npm.pkg.github.com/vltsandbox/@babel%2fhelper-create-regexp-features-plugin 115ms (cache updated)
npm http fetch GET 200 https://npm.pkg.github.com/vltsandbox/@babel%2fhelper-create-regexp-features-plugin 111ms (cache updated)
npm http fetch GET 200 https://npm.pkg.github.com/vltsandbox/@babel%2fhelper-define-polyfill-provider 110ms (cache miss)
npm http fetch GET 200 https://npm.pkg.github.com/vltsandbox/@babel%2fhelper-define-polyfill-provider 105ms (cache miss)
npm http fetch GET 200 https://npm.pkg.github.com/vltsandbox/@babel%2fhelper-define-polyfill-provider 104ms (cache miss)
npm http fetch GET 200 https://npm.pkg.github.com/vltsandbox/regexpu-core 99ms (cache miss)
npm http fetch GET 200 https://npm.pkg.github.com/vltsandbox/regenerate 94ms (cache miss)
npm http fetch GET 200 https://npm.pkg.github.com/vltsandbox/regjsgen 110ms (cache miss)
npm http fetch GET 200 https://npm.pkg.github.com/vltsandbox/regjsparser 147ms (cache miss)
npm http fetch GET 200 https://npm.pkg.github.com/vltsandbox/unicode-match-property-ecmascript 96ms (cache miss)
npm http fetch GET 200 https://npm.pkg.github.com/vltsandbox/unicode-match-property-value-ecmascript 107ms (cache miss)
npm http fetch GET 200 https://npm.pkg.github.com/vltsandbox/regenerate-unicode-properties 257ms (cache miss)
npm http fetch GET 200 https://npm.pkg.github.com/vltsandbox/@babel%2fhelper-wrap-function 128ms (cache miss)
npm http fetch GET 200 https://npm.pkg.github.com/vltsandbox/@babel%2fhelper-optimise-call-expression 110ms (cache miss)
npm http fetch GET 200 https://npm.pkg.github.com/vltsandbox/@babel%2fhelper-member-expression-to-functions 126ms (cache miss)
npm http fetch GET 200 https://npm.pkg.github.com/vltsandbox/@svgr%2fbabel-plugin-add-jsx-attribute 106ms (cache miss)
npm http fetch GET 200 https://npm.pkg.github.com/vltsandbox/@svgr%2fbabel-plugin-remove-jsx-empty-expression 113ms (cache miss)
npm http fetch GET 200 https://npm.pkg.github.com/vltsandbox/@svgr%2fbabel-plugin-remove-jsx-attribute 124ms (cache miss)
npm http fetch GET 200 https://npm.pkg.github.com/vltsandbox/@svgr%2fbabel-plugin-svg-em-dimensions 99ms (cache miss)
npm http fetch GET 200 https://npm.pkg.github.com/vltsandbox/@svgr%2fbabel-plugin-replace-jsx-attribute-value 120ms (cache miss)
npm http fetch GET 200 https://npm.pkg.github.com/vltsandbox/@svgr%2fbabel-plugin-svg-dynamic-title 116ms (cache miss)
npm http fetch GET 200 https://npm.pkg.github.com/vltsandbox/path-type 94ms (cache miss)
npm http fetch GET 200 https://npm.pkg.github.com/vltsandbox/@svgr%2fbabel-plugin-transform-svg-component 106ms (cache miss)
npm http fetch GET 200 https://npm.pkg.github.com/vltsandbox/@svgr%2fbabel-plugin-transform-react-native-svg 115ms (cache miss)
npm http fetch GET 200 https://npm.pkg.github.com/vltsandbox/entities 107ms (cache updated)
npm http fetch GET 200 https://npm.pkg.github.com/vltsandbox/sax 89ms (cache miss)
npm http fetch GET 200 https://npm.pkg.github.com/vltsandbox/css-tree 106ms (cache miss)
npm http fetch GET 200 https://npm.pkg.github.com/vltsandbox/csso 167ms (cache miss)
npm http fetch GET 200 https://npm.pkg.github.com/vltsandbox/css-what 118ms (cache miss)
npm http fetch GET 200 https://npm.pkg.github.com/vltsandbox/css-select 103ms (cache miss)
npm http fetch GET 200 https://npm.pkg.github.com/vltsandbox/@types%2ffilewriter 123ms (cache miss)
npm http fetch GET 200 https://npm.pkg.github.com/vltsandbox/@babel%2fcore 120ms (cache updated)
npm http fetch GET 200 https://npm.pkg.github.com/vltsandbox/resolve 126ms (cache updated)
npm http fetch GET 200 https://npm.pkg.github.com/vltsandbox/dir-glob 99ms (cache miss)
npm http fetch GET 200 https://npm.pkg.github.com/vltsandbox/slash 99ms (cache updated)
npm http fetch GET 200 https://npm.pkg.github.com/vltsandbox/ignore 102ms (cache updated)
npm http fetch GET 200 https://npm.pkg.github.com/vltsandbox/postcss-selector-parser 90ms (cache miss)
npm http fetch GET 200 https://npm.pkg.github.com/vltsandbox/source-map-js 97ms (cache updated)
npm http fetch GET 200 https://npm.pkg.github.com/vltsandbox/nanoid 119ms (cache miss)
npm http fetch GET 200 https://npm.pkg.github.com/vltsandbox/postcss-value-parser 112ms (cache updated)
npm http fetch GET 200 https://npm.pkg.github.com/vltsandbox/emojis-list 103ms (cache miss)
npm http fetch GET 200 https://npm.pkg.github.com/vltsandbox/big.js 106ms (cache miss)
npm http fetch GET 200 https://npm.pkg.github.com/vltsandbox/ajv 167ms (cache updated)
npm http fetch GET 200 https://npm.pkg.github.com/vltsandbox/ajv-keywords 178ms (cache updated)
npm http fetch GET 200 https://npm.pkg.github.com/vltsandbox/clean-css 108ms (cache miss)
npm http fetch GET 200 https://npm.pkg.github.com/vltsandbox/commander 118ms (cache updated)
npm http fetch GET 200 https://npm.pkg.github.com/vltsandbox/he 90ms (cache miss)
npm http fetch GET 200 https://npm.pkg.github.com/vltsandbox/param-case 101ms (cache miss)
npm http fetch GET 200 https://npm.pkg.github.com/vltsandbox/camel-case 232ms (cache miss)
npm http fetch GET 200 https://npm.pkg.github.com/vltsandbox/relateurl 87ms (cache miss)
npm http fetch GET 200 https://npm.pkg.github.com/vltsandbox/renderkid 104ms (cache miss)
npm http fetch GET 200 https://npm.pkg.github.com/vltsandbox/dot-case 96ms (cache miss)
npm http fetch GET 200 https://npm.pkg.github.com/vltsandbox/pascal-case 117ms (cache miss)
npm http fetch GET 200 https://npm.pkg.github.com/vltsandbox/no-case 101ms (cache miss)
npm http fetch GET 200 https://npm.pkg.github.com/vltsandbox/pngjs 99ms (cache updated)
npm http fetch GET 200 https://npm.pkg.github.com/vltsandbox/jest-dev-server 98ms (cache miss)
npm http fetch GET 200 https://npm.pkg.github.com/vltsandbox/cwd 97ms (cache miss)
npm http fetch GET 200 https://npm.pkg.github.com/vltsandbox/wait-on 103ms (cache miss)
npm http fetch GET 200 https://npm.pkg.github.com/vltsandbox/spawnd 120ms (cache miss)
npm http fetch GET 200 https://npm.pkg.github.com/vltsandbox/find-process 108ms (cache miss)
npm http fetch GET 200 https://npm.pkg.github.com/vltsandbox/fs-exists-sync 93ms (cache miss)
npm http fetch GET 200 https://npm.pkg.github.com/vltsandbox/loglevel 99ms (cache miss)
npm http fetch GET 200 https://npm.pkg.github.com/vltsandbox/find-pkg 102ms (cache miss)
npm http fetch GET 200 https://npm.pkg.github.com/vltsandbox/joi 104ms (cache miss)
npm http fetch GET 200 https://npm.pkg.github.com/vltsandbox/rxjs 138ms (cache miss)
npm http fetch GET 200 https://npm.pkg.github.com/vltsandbox/find-file-up 102ms (cache miss)
npm http fetch GET 200 https://npm.pkg.github.com/vltsandbox/resolve-dir 87ms (cache miss)
npm http fetch GET 200 https://npm.pkg.github.com/vltsandbox/global-modules 105ms (cache miss)
npm http fetch GET 200 https://npm.pkg.github.com/vltsandbox/expand-tilde 109ms (cache miss)
npm http fetch GET 200 https://npm.pkg.github.com/vltsandbox/@types%2ftrusted-types 113ms (cache miss)
npm http fetch GET 200 https://npm.pkg.github.com/vltsandbox/@lit-labs%2fssr-dom-shim 124ms (cache miss)
npm http fetch GET 200 https://npm.pkg.github.com/vltsandbox/@lit-labs%2fssr-dom-shim 125ms (cache miss)
npm http fetch GET 200 https://npm.pkg.github.com/vltsandbox/colors 98ms (cache miss)
npm http fetch GET 200 https://npm.pkg.github.com/vltsandbox/jsonfile 132ms (cache updated)
npm http fetch GET 200 https://npm.pkg.github.com/vltsandbox/blessed 138ms (cache miss)
npm http fetch GET 200 https://npm.pkg.github.com/vltsandbox/universalify 115ms (cache updated)
npm http fetch GET 200 https://npm.pkg.github.com/vltsandbox/object.getownpropertydescriptors 93ms (cache miss)
npm http fetch GET 200 https://npm.pkg.github.com/vltsandbox/chromium-bidi 125ms (cache miss)
npm http fetch GET 200 https://npm.pkg.github.com/vltsandbox/sleep 106ms (cache miss)
npm http fetch GET 200 https://npm.pkg.github.com/vltsandbox/glob 126ms (cache updated)
npm http fetch GET 200 https://npm.pkg.github.com/vltsandbox/package-hash 98ms (cache miss)
npm http fetch GET 200 https://npm.pkg.github.com/vltsandbox/hasha 102ms (cache miss)
npm http fetch GET 200 https://npm.pkg.github.com/vltsandbox/write-file-atomic 106ms (cache updated)
npm http fetch GET 200 https://npm.pkg.github.com/vltsandbox/append-transform 97ms (cache miss)
npm http fetch GET 200 https://npm.pkg.github.com/vltsandbox/make-dir 104ms (cache updated)
npm http fetch GET 200 https://npm.pkg.github.com/vltsandbox/archy 99ms (cache miss)
npm http fetch GET 200 https://npm.pkg.github.com/vltsandbox/fromentries 93ms (cache miss)
npm http fetch GET 200 https://npm.pkg.github.com/vltsandbox/aggregate-error 101ms (cache miss)
npm http fetch GET 200 https://npm.pkg.github.com/vltsandbox/semver 132ms (cache updated)
npm http fetch GET 200 https://npm.pkg.github.com/vltsandbox/foreground-child 89ms (cache updated)
npm http fetch GET 200 https://npm.pkg.github.com/vltsandbox/is-windows 94ms (cache miss)
npm http fetch GET 200 https://npm.pkg.github.com/vltsandbox/y18n 104ms (cache updated)
npm http fetch GET 200 https://npm.pkg.github.com/vltsandbox/set-blocking 84ms (cache miss)
npm http fetch GET 200 https://npm.pkg.github.com/vltsandbox/cliui 104ms (cache updated)
npm http fetch GET 200 https://npm.pkg.github.com/vltsandbox/which-module 100ms (cache miss)
npm http fetch GET 200 https://npm.pkg.github.com/vltsandbox/yargs-parser 101ms (cache updated)
npm http fetch GET 200 https://npm.pkg.github.com/vltsandbox/require-main-filename 96ms (cache miss)
npm http fetch GET 200 https://npm.pkg.github.com/vltsandbox/lodash.flattendeep 89ms (cache miss)
npm http fetch GET 200 https://npm.pkg.github.com/vltsandbox/release-zalgo 92ms (cache miss)
npm http fetch GET 200 https://npm.pkg.github.com/vltsandbox/type-fest 122ms (cache updated)
npm http fetch GET 200 https://npm.pkg.github.com/vltsandbox/is-typedarray 93ms (cache miss)
npm http fetch GET 200 https://npm.pkg.github.com/vltsandbox/typedarray-to-buffer 106ms (cache miss)
npm http fetch GET 200 https://npm.pkg.github.com/vltsandbox/default-require-extensions 98ms (cache miss)
npm http fetch GET 200 https://npm.pkg.github.com/vltsandbox/indent-string 92ms (cache miss)
npm http fetch GET 200 https://npm.pkg.github.com/vltsandbox/clean-stack 96ms (cache miss)
npm http fetch GET 200 https://npm.pkg.github.com/vltsandbox/es6-error 95ms (cache miss)
npm http fetch GET 200 https://npm.pkg.github.com/vltsandbox/lower-case 103ms (cache miss)
npm http fetch GET 200 https://npm.pkg.github.com/vltsandbox/cssesc 101ms (cache miss)
npm http fetch GET 200 https://npm.pkg.github.com/vltsandbox/htmlparser2 100ms (cache miss)
npm http fetch GET 200 https://npm.pkg.github.com/vltsandbox/dom-converter 104ms (cache miss)
npm http fetch GET 200 https://npm.pkg.github.com/vltsandbox/css-select 126ms (cache updated)
npm http fetch GET 200 https://npm.pkg.github.com/vltsandbox/progress 91ms (cache miss)
npm http fetch GET 200 https://npm.pkg.github.com/vltsandbox/extract-zip 97ms (cache miss)
npm http fetch GET 200 https://npm.pkg.github.com/vltsandbox/tar-fs 104ms (cache updated)
npm http fetch GET 200 https://npm.pkg.github.com/vltsandbox/proxy-agent 119ms (cache miss)
npm http fetch GET 200 https://npm.pkg.github.com/vltsandbox/env-paths 118ms (cache miss)
npm http fetch GET 200 https://npm.pkg.github.com/vltsandbox/unbzip2-stream 128ms (cache miss)
npm http fetch GET 200 https://npm.pkg.github.com/vltsandbox/get-stream 93ms (cache updated)
npm http fetch GET 200 https://npm.pkg.github.com/vltsandbox/@types%2fyauzl 113ms (cache miss)
npm http fetch GET 200 https://npm.pkg.github.com/vltsandbox/yauzl 121ms (cache miss)
npm http fetch GET 200 https://npm.pkg.github.com/vltsandbox/lru-cache 117ms (cache updated)
npm http fetch GET 200 https://npm.pkg.github.com/vltsandbox/pac-proxy-agent 96ms (cache miss)
npm http fetch GET 200 https://npm.pkg.github.com/vltsandbox/proxy-from-env 109ms (cache updated)
npm http fetch GET 200 https://npm.pkg.github.com/vltsandbox/socks-proxy-agent 106ms (cache miss)
npm http fetch GET 200 https://npm.pkg.github.com/vltsandbox/bare-fs 104ms (cache miss)
npm http fetch GET 200 https://npm.pkg.github.com/vltsandbox/tar-stream 140ms (cache updated)
npm http fetch GET 200 https://npm.pkg.github.com/vltsandbox/bare-path 99ms (cache miss)
npm http fetch GET 200 https://npm.pkg.github.com/vltsandbox/buffer-crc32 108ms (cache miss)
npm http fetch GET 200 https://npm.pkg.github.com/vltsandbox/fd-slicer 121ms (cache miss)
npm http fetch GET 200 https://npm.pkg.github.com/vltsandbox/get-uri 99ms (cache miss)
npm http fetch GET 200 https://npm.pkg.github.com/vltsandbox/pac-resolver 108ms (cache miss)
npm http fetch GET 200 https://npm.pkg.github.com/vltsandbox/@tootallnate%2fquickjs-emscripten 141ms (cache miss)
npm http fetch GET 200 https://npm.pkg.github.com/vltsandbox/socks 98ms (cache miss)
npm http fetch GET 200 https://npm.pkg.github.com/vltsandbox/netmask 93ms (cache miss)
npm http fetch GET 200 https://npm.pkg.github.com/vltsandbox/basic-ftp 112ms (cache miss)
npm http fetch GET 200 https://npm.pkg.github.com/vltsandbox/data-uri-to-buffer 115ms (cache miss)
npm http fetch GET 200 https://npm.pkg.github.com/vltsandbox/degenerator 116ms (cache miss)
npm http fetch GET 200 https://npm.pkg.github.com/vltsandbox/escodegen 100ms (cache miss)
npm http fetch GET 200 https://npm.pkg.github.com/vltsandbox/ast-types 104ms (cache miss)
npm http fetch GET 200 https://npm.pkg.github.com/vltsandbox/urlpattern-polyfill 100ms (cache miss)
npm http fetch GET 200 https://npm.pkg.github.com/vltsandbox/mitt 163ms (cache miss)
npm http fetch GET 200 https://npm.pkg.github.com/vltsandbox/zod 173ms (cache miss)
npm http fetch GET 200 https://npm.pkg.github.com/vltsandbox/@react-dnd%2fasap 111ms (cache miss)
npm http fetch GET 200 https://npm.pkg.github.com/vltsandbox/redux 133ms (cache miss)
npm http fetch GET 200 https://npm.pkg.github.com/vltsandbox/react-is 235ms (cache updated)
npm http fetch GET 200 https://npm.pkg.github.com/vltsandbox/@babel%2fruntime 236ms (cache updated)
npm http fetch GET 200 https://npm.pkg.github.com/vltsandbox/unicode-canonical-property-names-ecmascript 91ms (cache miss)
npm http fetch GET 200 https://npm.pkg.github.com/vltsandbox/unicode-property-aliases-ecmascript 99ms (cache miss)
npm http fetch GET 200 https://npm.pkg.github.com/vltsandbox/boolbase 85ms (cache miss)
npm http fetch GET 200 https://npm.pkg.github.com/vltsandbox/css-what 123ms (cache updated)
npm http fetch GET 200 https://npm.pkg.github.com/vltsandbox/domutils 133ms (cache miss)
npm http fetch GET 200 https://npm.pkg.github.com/vltsandbox/nth-check 105ms (cache miss)
npm http fetch GET 200 https://npm.pkg.github.com/vltsandbox/domhandler 94ms (cache miss)
npm http fetch GET 200 https://npm.pkg.github.com/vltsandbox/utila 100ms (cache miss)
npm http fetch GET 200 https://npm.pkg.github.com/vltsandbox/domutils 94ms (cache updated)
npm http fetch GET 200 https://npm.pkg.github.com/vltsandbox/entities 94ms (cache updated)
npm http fetch GET 200 https://npm.pkg.github.com/vltsandbox/domhandler 117ms (cache updated)
npm http fetch GET 200 https://npm.pkg.github.com/vltsandbox/domelementtype 105ms (cache miss)
npm http fetch GET 200 https://npm.pkg.github.com/vltsandbox/domelementtype 102ms (cache updated)
npm http fetch GET 200 https://npm.pkg.github.com/vltsandbox/dom-serializer 102ms (cache miss)
npm http fetch GET 200 https://npm.pkg.github.com/vltsandbox/domelementtype 121ms (cache updated)
npm http fetch GET 200 https://npm.pkg.github.com/vltsandbox/global-prefix 97ms (cache updated)
npm http fetch GET 200 https://npm.pkg.github.com/vltsandbox/is-windows 99ms (cache updated)
npm http fetch GET 200 https://npm.pkg.github.com/vltsandbox/os-homedir 101ms (cache miss)
npm http fetch GET 200 https://npm.pkg.github.com/vltsandbox/which 104ms (cache updated)
npm http fetch GET 200 https://npm.pkg.github.com/vltsandbox/homedir-polyfill 107ms (cache miss)
npm http fetch GET 200 https://npm.pkg.github.com/vltsandbox/js-tokens 101ms (cache updated)
npm http fetch GET 200 https://npm.pkg.github.com/vltsandbox/@babel%2fhelper-validator-identifier 102ms (cache updated)
npm http fetch GET 200 https://npm.pkg.github.com/vltsandbox/parse-literals 96ms (cache miss)
npm http fetch GET 200 https://npm.pkg.github.com/vltsandbox/html-minifier-terser 101ms (cache updated)
npm http fetch GET 200 https://npm.pkg.github.com/vltsandbox/commander 113ms (cache updated)
npm http fetch GET 200 https://npm.pkg.github.com/vltsandbox/typescript 324ms (cache updated)
npm http fetch GET 200 https://npm.pkg.github.com/vltsandbox/@parcel%2fwatcher-darwin-x64 107ms (cache miss)
npm http fetch GET 200 https://npm.pkg.github.com/vltsandbox/@parcel%2fwatcher-win32-x64 121ms (cache miss)
npm http fetch GET 200 https://npm.pkg.github.com/vltsandbox/@parcel%2fwatcher-darwin-arm64 150ms (cache miss)
npm http fetch GET 200 https://npm.pkg.github.com/vltsandbox/@parcel%2fwatcher-win32-arm64 107ms (cache miss)
npm http fetch GET 200 https://npm.pkg.github.com/vltsandbox/@parcel%2fwatcher-linux-x64-glibc 108ms (cache miss)
npm http fetch GET 200 https://npm.pkg.github.com/vltsandbox/@parcel%2fwatcher-linux-x64-musl 133ms (cache miss)
npm http fetch GET 200 https://npm.pkg.github.com/vltsandbox/@parcel%2fwatcher-linux-arm64-glibc 98ms (cache miss)
npm http fetch GET 200 https://npm.pkg.github.com/vltsandbox/@parcel%2fwatcher-linux-arm64-musl 103ms (cache miss)
npm http fetch GET 200 https://npm.pkg.github.com/vltsandbox/@parcel%2fwatcher-linux-arm-glibc 102ms (cache miss)
npm http fetch GET 200 https://npm.pkg.github.com/vltsandbox/@parcel%2fwatcher-linux-arm-musl 105ms (cache miss)
npm http fetch GET 200 https://npm.pkg.github.com/vltsandbox/@parcel%2fwatcher-android-arm64 108ms (cache miss)
npm http fetch GET 200 https://npm.pkg.github.com/vltsandbox/readdirp 91ms (cache updated)
npm http fetch GET 200 https://npm.pkg.github.com/vltsandbox/@parcel%2fwatcher-freebsd-x64 128ms (cache miss)
npm http fetch GET 200 https://npm.pkg.github.com/vltsandbox/ip-address 94ms (cache miss)
npm http fetch GET 200 https://npm.pkg.github.com/vltsandbox/smart-buffer 118ms (cache miss)
npm http fetch GET 200 https://npm.pkg.github.com/vltsandbox/domutils 95ms (cache updated)
npm http fetch GET 200 https://npm.pkg.github.com/vltsandbox/domhandler 100ms (cache updated)
npm http fetch GET 200 https://npm.pkg.github.com/vltsandbox/mdn-data 114ms (cache miss)
npm http fetch GET 200 https://npm.pkg.github.com/vltsandbox/css-tree 103ms (cache updated)
npm http fetch GET 200 https://npm.pkg.github.com/vltsandbox/mdn-data 107ms (cache updated)
npm http fetch GET 200 https://npm.pkg.github.com/vltsandbox/array.prototype.reduce 100ms (cache miss)
npm http fetch GET 200 https://npm.pkg.github.com/vltsandbox/es-array-method-boxes-properly 115ms (cache miss)
npm http fetch GET 200 https://npm.pkg.github.com/vltsandbox/@esbuild%2faix-ppc64 111ms (cache miss)
npm http fetch GET 200 https://npm.pkg.github.com/vltsandbox/@esbuild%2flinux-x64 118ms (cache miss)
npm http fetch GET 200 https://npm.pkg.github.com/vltsandbox/@esbuild%2flinux-arm 134ms (cache miss)
npm http fetch GET 200 https://npm.pkg.github.com/vltsandbox/@esbuild%2fsunos-x64 110ms (cache miss)
npm http fetch GET 200 https://npm.pkg.github.com/vltsandbox/@esbuild%2fwin32-x64 114ms (cache miss)
npm http fetch GET 200 https://npm.pkg.github.com/vltsandbox/@esbuild%2fdarwin-x64 112ms (cache miss)
npm http fetch GET 200 https://npm.pkg.github.com/vltsandbox/@esbuild%2flinux-ia32 97ms (cache miss)
npm http fetch GET 200 https://npm.pkg.github.com/vltsandbox/@esbuild%2fnetbsd-x64 112ms (cache miss)
npm http fetch GET 200 https://npm.pkg.github.com/vltsandbox/@esbuild%2fwin32-ia32 111ms (cache miss)
npm http fetch GET 200 https://npm.pkg.github.com/vltsandbox/@esbuild%2fandroid-arm 107ms (cache miss)
npm http fetch GET 200 https://npm.pkg.github.com/vltsandbox/@esbuild%2fandroid-x64 132ms (cache miss)
npm http fetch GET 200 https://npm.pkg.github.com/vltsandbox/@esbuild%2ffreebsd-x64 121ms (cache miss)
npm http fetch GET 200 https://npm.pkg.github.com/vltsandbox/@esbuild%2flinux-arm64 107ms (cache miss)
npm http fetch GET 200 https://npm.pkg.github.com/vltsandbox/@esbuild%2flinux-ppc64 114ms (cache miss)
npm http fetch GET 200 https://npm.pkg.github.com/vltsandbox/@esbuild%2flinux-s390x 116ms (cache miss)
npm http fetch GET 200 https://npm.pkg.github.com/vltsandbox/@esbuild%2fopenbsd-x64 120ms (cache miss)
npm http fetch GET 200 https://npm.pkg.github.com/vltsandbox/@esbuild%2fdarwin-arm64 116ms (cache miss)
npm http fetch GET 200 https://npm.pkg.github.com/vltsandbox/@esbuild%2fwin32-arm64 130ms (cache miss)
npm http fetch GET 200 https://npm.pkg.github.com/vltsandbox/@esbuild%2fnetbsd-arm64 104ms (cache miss)
npm http fetch GET 200 https://npm.pkg.github.com/vltsandbox/@esbuild%2ffreebsd-arm64 107ms (cache miss)
npm http fetch GET 200 https://npm.pkg.github.com/vltsandbox/@esbuild%2fandroid-arm64 140ms (cache miss)
npm http fetch GET 200 https://npm.pkg.github.com/vltsandbox/@esbuild%2flinux-loong64 139ms (cache miss)
npm http fetch GET 200 https://npm.pkg.github.com/vltsandbox/@esbuild%2flinux-riscv64 127ms (cache miss)
npm http fetch GET 200 https://npm.pkg.github.com/vltsandbox/@esbuild%2fopenbsd-arm64 113ms (cache miss)
npm http fetch GET 200 https://npm.pkg.github.com/vltsandbox/@esbuild%2flinux-mips64el 121ms (cache miss)
npm http fetch GET 200 https://npm.pkg.github.com/vltsandbox/@esbuild%2fopenharmony-arm64 108ms (cache miss)
npm http fetch GET 200 https://npm.pkg.github.com/vltsandbox/@hapi%2ftlds 122ms (cache miss)
npm http fetch GET 200 https://npm.pkg.github.com/vltsandbox/@hapi%2ftopo 129ms (cache miss)
npm http fetch GET 200 https://npm.pkg.github.com/vltsandbox/@hapi%2fhoek 133ms (cache miss)
npm http fetch GET 200 https://npm.pkg.github.com/vltsandbox/@hapi%2faddress 109ms (cache miss)
npm http fetch GET 200 https://npm.pkg.github.com/vltsandbox/@hapi%2fformula 114ms (cache miss)
npm http fetch GET 200 https://npm.pkg.github.com/vltsandbox/@hapi%2fpinpoint 112ms (cache miss)
npm http fetch GET 200 https://npm.pkg.github.com/vltsandbox/@standard-schema%2fspec 97ms (cache miss)
npm http fetch GET 200 https://npm.pkg.github.com/vltsandbox/@hapi%2fhoek 114ms (cache updated)
npm http fetch GET 200 https://npm.pkg.github.com/vltsandbox/totalist 88ms (cache miss)
npm http fetch GET 200 https://npm.pkg.github.com/vltsandbox/mrmime 105ms (cache miss)
npm http fetch GET 200 https://npm.pkg.github.com/vltsandbox/@polka%2furl 108ms (cache miss)
npm http fetch GET 200 https://npm.pkg.github.com/vltsandbox/webpack 160ms (cache updated)
npm http fetch GET 200 https://npm.pkg.github.com/vltsandbox/@types%2fbody-parser 102ms (cache miss)
npm http fetch GET 200 https://npm.pkg.github.com/vltsandbox/@types%2fqs 119ms (cache miss)
npm http fetch GET 200 https://npm.pkg.github.com/vltsandbox/@types%2fexpress-serve-static-core 132ms (cache updated)
npm http fetch GET 200 https://npm.pkg.github.com/vltsandbox/@types%2fserve-static 109ms (cache updated)
npm http fetch GET 200 https://npm.pkg.github.com/vltsandbox/@types%2fexpress-serve-static-core 110ms (cache updated)
npm http fetch GET 200 https://npm.pkg.github.com/vltsandbox/@types%2fsend 115ms (cache miss)
npm http fetch GET 200 https://npm.pkg.github.com/vltsandbox/@types%2frange-parser 111ms (cache miss)
npm http fetch GET 200 https://npm.pkg.github.com/vltsandbox/@types%2fsend 97ms (cache miss)
npm http fetch GET 200 https://npm.pkg.github.com/vltsandbox/@types%2fhttp-errors 106ms (cache miss)
npm http fetch GET 200 https://npm.pkg.github.com/vltsandbox/multicast-dns 100ms (cache miss)
npm http fetch GET 200 https://npm.pkg.github.com/vltsandbox/vary 114ms (cache miss)
npm http fetch GET 200 https://npm.pkg.github.com/vltsandbox/bytes 93ms (cache miss)
npm http fetch GET 200 https://npm.pkg.github.com/vltsandbox/debug 116ms (cache updated)
npm http fetch GET 200 https://npm.pkg.github.com/vltsandbox/negotiator 98ms (cache miss)
npm http fetch GET 200 https://npm.pkg.github.com/vltsandbox/destroy 104ms (cache miss)
npm http fetch GET 200 https://npm.pkg.github.com/vltsandbox/on-headers 98ms (cache miss)
npm http fetch GET 200 https://npm.pkg.github.com/vltsandbox/compressible 108ms (cache miss)
npm http fetch GET 200 https://npm.pkg.github.com/vltsandbox/qs 114ms (cache miss)
npm http fetch GET 200 https://npm.pkg.github.com/vltsandbox/etag 89ms (cache miss)
npm http fetch GET 200 https://npm.pkg.github.com/vltsandbox/depd 110ms (cache miss)
npm http fetch GET 200 https://npm.pkg.github.com/vltsandbox/send 95ms (cache miss)
npm http fetch GET 200 https://npm.pkg.github.com/vltsandbox/fresh 90ms (cache miss)
npm http fetch GET 200 https://npm.pkg.github.com/vltsandbox/cookie 92ms (cache miss)
npm http fetch GET 200 https://npm.pkg.github.com/vltsandbox/accepts 109ms (cache miss)
npm http fetch GET 200 https://npm.pkg.github.com/vltsandbox/methods 86ms (cache miss)
npm http fetch GET 200 https://npm.pkg.github.com/vltsandbox/type-is 91ms (cache miss)
npm http fetch GET 200 https://npm.pkg.github.com/vltsandbox/parseurl 100ms (cache miss)
npm http fetch GET 200 https://npm.pkg.github.com/vltsandbox/encodeurl 101ms (cache miss)
npm http fetch GET 200 https://npm.pkg.github.com/vltsandbox/statuses 116ms (cache miss)
npm http fetch GET 200 https://npm.pkg.github.com/vltsandbox/proxy-addr 99ms (cache miss)
npm http fetch GET 200 https://npm.pkg.github.com/vltsandbox/body-parser 91ms (cache miss)
npm http fetch GET 200 https://npm.pkg.github.com/vltsandbox/escape-html 95ms (cache miss)
npm http fetch GET 200 https://npm.pkg.github.com/vltsandbox/http-errors 142ms (cache miss)
npm http fetch GET 200 https://npm.pkg.github.com/vltsandbox/on-finished 98ms (cache miss)
npm http fetch GET 200 https://npm.pkg.github.com/vltsandbox/utils-merge 106ms (cache miss)
npm http fetch GET 200 https://npm.pkg.github.com/vltsandbox/content-type 90ms (cache miss)
npm http fetch GET 200 https://npm.pkg.github.com/vltsandbox/range-parser 95ms (cache miss)
npm http fetch GET 200 https://npm.pkg.github.com/vltsandbox/finalhandler 113ms (cache miss)
npm http fetch GET 200 https://npm.pkg.github.com/vltsandbox/serve-static 120ms (cache miss)
npm http fetch GET 200 https://npm.pkg.github.com/vltsandbox/path-to-regexp 92ms (cache miss)
npm http fetch GET 200 https://npm.pkg.github.com/vltsandbox/array-flatten 121ms (cache miss)
npm http fetch GET 200 https://npm.pkg.github.com/vltsandbox/cookie-signature 83ms (cache miss)
npm http fetch GET 200 https://npm.pkg.github.com/vltsandbox/setprototypeof 102ms (cache miss)
npm http fetch GET 200 https://npm.pkg.github.com/vltsandbox/merge-descriptors 90ms (cache miss)
npm http fetch GET 200 https://npm.pkg.github.com/vltsandbox/content-disposition 89ms (cache miss)
npm http fetch GET 200 https://npm.pkg.github.com/vltsandbox/is-plain-obj 93ms (cache miss)
npm http fetch GET 200 https://npm.pkg.github.com/vltsandbox/http-proxy 117ms (cache miss)
npm http fetch GET 200 https://npm.pkg.github.com/vltsandbox/@types%2fhttp-proxy 98ms (cache miss)
npm http fetch GET 200 https://npm.pkg.github.com/vltsandbox/shell-quote 86ms (cache miss)
npm http fetch GET 200 https://npm.pkg.github.com/vltsandbox/wsl-utils 92ms (cache miss)
npm http fetch GET 200 https://npm.pkg.github.com/vltsandbox/default-browser 92ms (cache miss)
npm http fetch GET 200 https://npm.pkg.github.com/vltsandbox/define-lazy-prop 92ms (cache updated)
npm http fetch GET 200 https://npm.pkg.github.com/vltsandbox/is-inside-container 94ms (cache miss)
npm http fetch GET 200 https://npm.pkg.github.com/vltsandbox/retry 107ms (cache miss)
npm http fetch GET 200 https://npm.pkg.github.com/vltsandbox/@types%2fretry 101ms (cache miss)
npm http fetch GET 200 https://npm.pkg.github.com/vltsandbox/is-network-error 95ms (cache miss)
npm http fetch GET 200 https://npm.pkg.github.com/vltsandbox/@peculiar%2fx509 124ms (cache miss)
npm http fetch GET 200 https://npm.pkg.github.com/vltsandbox/batch 137ms (cache miss)
npm http fetch GET 200 https://npm.pkg.github.com/vltsandbox/pkijs 146ms (cache miss)
npm http fetch GET 200 https://npm.pkg.github.com/vltsandbox/faye-websocket 90ms (cache miss)
npm http fetch GET 200 https://npm.pkg.github.com/vltsandbox/http-errors 121ms (cache updated)
npm http fetch GET 200 https://npm.pkg.github.com/vltsandbox/websocket-driver 97ms (cache miss)
npm http fetch GET 200 https://npm.pkg.github.com/vltsandbox/handle-thing 90ms (cache miss)
npm http fetch GET 200 https://npm.pkg.github.com/vltsandbox/http-deceiver 95ms (cache miss)
npm http fetch GET 200 https://npm.pkg.github.com/vltsandbox/select-hose 91ms (cache miss)
npm http fetch GET 200 https://npm.pkg.github.com/vltsandbox/spdy-transport 99ms (cache miss)
npm http fetch GET 200 https://npm.pkg.github.com/vltsandbox/mime-types 116ms (cache updated)
npm http fetch GET 200 https://npm.pkg.github.com/vltsandbox/memfs 145ms (cache miss)
npm http fetch GET 200 https://npm.pkg.github.com/vltsandbox/on-finished 96ms (cache updated)
npm http fetch GET 200 https://npm.pkg.github.com/vltsandbox/range-parser 98ms (cache updated)
npm http fetch GET 200 https://npm.pkg.github.com/vltsandbox/@types%2fconnect 93ms (cache miss)
npm http fetch GET 200 https://npm.pkg.github.com/vltsandbox/@types%2fmime 87ms (cache miss)
npm http fetch GET 200 https://npm.pkg.github.com/vltsandbox/dns-packet 95ms (cache miss)
npm http fetch GET 200 https://npm.pkg.github.com/vltsandbox/thunky 112ms (cache miss)
npm http fetch GET 200 https://npm.pkg.github.com/vltsandbox/ms 104ms (cache updated)
npm http fetch GET 200 https://npm.pkg.github.com/vltsandbox/unpipe 102ms (cache miss)
npm http fetch GET 200 https://npm.pkg.github.com/vltsandbox/raw-body 105ms (cache miss)
npm http fetch GET 200 https://npm.pkg.github.com/vltsandbox/negotiator 112ms (cache updated)
npm http fetch GET 200 https://npm.pkg.github.com/vltsandbox/content-type 95ms (cache updated)
npm http fetch GET 200 https://npm.pkg.github.com/vltsandbox/iconv-lite 117ms (cache updated)
npm http fetch GET 200 https://npm.pkg.github.com/vltsandbox/http-errors 123ms (cache updated)
npm http fetch GET 200 https://npm.pkg.github.com/vltsandbox/setprototypeof 101ms (cache updated)
npm http fetch GET 200 https://npm.pkg.github.com/vltsandbox/statuses 118ms (cache updated)
npm http fetch GET 200 https://npm.pkg.github.com/vltsandbox/statuses 106ms (cache updated)
npm http fetch GET 200 https://npm.pkg.github.com/vltsandbox/ee-first 94ms (cache miss)
npm http fetch GET 200 https://npm.pkg.github.com/vltsandbox/toidentifier 100ms (cache miss)
npm http fetch GET 200 https://npm.pkg.github.com/vltsandbox/ipaddr.js 101ms (cache updated)
npm http fetch GET 200 https://npm.pkg.github.com/vltsandbox/forwarded 189ms (cache miss)
npm http fetch GET 200 https://npm.pkg.github.com/vltsandbox/mime 105ms (cache miss)
npm http fetch GET 200 https://npm.pkg.github.com/vltsandbox/media-typer 107ms (cache miss)
npm http fetch GET 200 https://npm.pkg.github.com/vltsandbox/eventemitter3 98ms (cache miss)
npm http fetch GET 200 https://npm.pkg.github.com/vltsandbox/requires-port 101ms (cache miss)
npm http fetch GET 200 https://npm.pkg.github.com/vltsandbox/@leichtgewicht%2fip-codec 122ms (cache miss)
npm http fetch GET 200 https://npm.pkg.github.com/vltsandbox/tsyringe 108ms (cache miss)
npm http fetch GET 200 https://npm.pkg.github.com/vltsandbox/@peculiar%2fasn1-cms 106ms (cache miss)
npm http fetch GET 200 https://npm.pkg.github.com/vltsandbox/reflect-metadata 250ms (cache miss)
npm http fetch GET 200 https://npm.pkg.github.com/vltsandbox/pvtsutils 290ms (cache miss)
npm http fetch GET 200 https://npm.pkg.github.com/vltsandbox/@peculiar%2fasn1-ecc 104ms (cache miss)
npm http fetch GET 200 https://npm.pkg.github.com/vltsandbox/@peculiar%2fasn1-csr 144ms (cache miss)
npm http fetch GET 200 https://npm.pkg.github.com/vltsandbox/@peculiar%2fasn1-rsa 120ms (cache miss)
npm http fetch GET 200 https://npm.pkg.github.com/vltsandbox/@peculiar%2fasn1-pkcs9 111ms (cache miss)
npm http fetch GET 200 https://npm.pkg.github.com/vltsandbox/@peculiar%2fasn1-x509 120ms (cache miss)
npm http fetch GET 200 https://npm.pkg.github.com/vltsandbox/@peculiar%2fasn1-schema 107ms (cache miss)
npm http fetch GET 200 https://npm.pkg.github.com/vltsandbox/asn1js 94ms (cache miss)
npm http fetch GET 200 https://npm.pkg.github.com/vltsandbox/pvutils 109ms (cache miss)
npm http fetch GET 200 https://npm.pkg.github.com/vltsandbox/bytestreamjs 102ms (cache miss)
npm http fetch GET 200 https://npm.pkg.github.com/vltsandbox/@noble%2fhashes 118ms (cache miss)
npm http fetch GET 200 https://npm.pkg.github.com/vltsandbox/asn1js 111ms (cache updated)
npm http fetch GET 200 https://npm.pkg.github.com/vltsandbox/@peculiar%2fasn1-schema 115ms (cache updated)
npm http fetch GET 200 https://npm.pkg.github.com/vltsandbox/@peculiar%2fasn1-x509 122ms (cache updated)
npm http fetch GET 200 https://npm.pkg.github.com/vltsandbox/@peculiar%2fasn1-x509-attr 113ms (cache miss)
npm http fetch GET 200 https://npm.pkg.github.com/vltsandbox/@peculiar%2fasn1-pfx 108ms (cache miss)
npm http fetch GET 200 https://npm.pkg.github.com/vltsandbox/@peculiar%2fasn1-x509 126ms (cache updated)
npm http fetch GET 200 https://npm.pkg.github.com/vltsandbox/@peculiar%2fasn1-pkcs8 111ms (cache miss)
npm http fetch GET 200 https://npm.pkg.github.com/vltsandbox/@peculiar%2futils 101ms (cache miss)
npm http fetch GET 200 https://npm.pkg.github.com/vltsandbox/@peculiar%2futils 140ms (cache miss)
npm http fetch GET 200 https://npm.pkg.github.com/vltsandbox/tslib 96ms (cache updated)
npm http fetch GET 200 https://npm.pkg.github.com/vltsandbox/pvutils 105ms (cache updated)
npm http fetch GET 200 https://npm.pkg.github.com/vltsandbox/statuses 91ms (cache updated)
npm http fetch GET 200 https://npm.pkg.github.com/vltsandbox/depd 104ms (cache updated)
npm http fetch GET 200 https://npm.pkg.github.com/vltsandbox/websocket-extensions 98ms (cache miss)
npm http fetch GET 200 https://npm.pkg.github.com/vltsandbox/websocket-driver 99ms (cache updated)
npm http fetch GET 200 https://npm.pkg.github.com/vltsandbox/http-parser-js 128ms (cache miss)
npm http fetch GET 200 https://npm.pkg.github.com/vltsandbox/hpack.js 102ms (cache miss)
npm http fetch GET 200 https://npm.pkg.github.com/vltsandbox/obuf 120ms (cache miss)
npm http fetch GET 200 https://npm.pkg.github.com/vltsandbox/detect-node 128ms (cache miss)
npm http fetch GET 200 https://npm.pkg.github.com/vltsandbox/wbuf 116ms (cache miss)
npm http fetch GET 200 https://npm.pkg.github.com/vltsandbox/wbuf 97ms (cache updated)
npm http fetch GET 200 https://npm.pkg.github.com/vltsandbox/readable-stream 103ms (cache updated)
npm http fetch GET 200 https://npm.pkg.github.com/vltsandbox/obuf 106ms (cache updated)
npm http fetch GET 200 https://npm.pkg.github.com/vltsandbox/minimalistic-assert 97ms (cache miss)
npm http fetch GET 200 https://npm.pkg.github.com/vltsandbox/safe-buffer 90ms (cache updated)
npm http fetch GET 200 https://npm.pkg.github.com/vltsandbox/core-util-is 99ms (cache miss)
npm http fetch GET 200 https://npm.pkg.github.com/vltsandbox/isarray 102ms (cache updated)
npm http fetch GET 200 https://npm.pkg.github.com/vltsandbox/string_decoder 107ms (cache updated)
npm http fetch GET 200 https://npm.pkg.github.com/vltsandbox/process-nextick-args 228ms (cache miss)
npm http fetch GET 200 https://npm.pkg.github.com/vltsandbox/tree-dump 96ms (cache miss)
npm http fetch GET 200 https://npm.pkg.github.com/vltsandbox/glob-to-regex.js 102ms (cache miss)
npm http fetch GET 200 https://npm.pkg.github.com/vltsandbox/thingies 109ms (cache miss)
npm http fetch GET 200 https://npm.pkg.github.com/vltsandbox/@jsonjoy.com%2futil 116ms (cache miss)
npm http fetch GET 200 https://npm.pkg.github.com/vltsandbox/@jsonjoy.com%2ffs-fsa 116ms (cache miss)
npm http fetch GET 200 https://npm.pkg.github.com/vltsandbox/@jsonjoy.com%2ffs-core 120ms (cache miss)
npm http fetch GET 200 https://npm.pkg.github.com/vltsandbox/@jsonjoy.com%2ffs-node 103ms (cache miss)
npm http fetch GET 200 https://npm.pkg.github.com/vltsandbox/@jsonjoy.com%2ffs-print 109ms (cache miss)
npm http fetch GET 200 https://npm.pkg.github.com/vltsandbox/@jsonjoy.com%2fjson-pack 122ms (cache miss)
npm http fetch GET 200 https://npm.pkg.github.com/vltsandbox/@jsonjoy.com%2ffs-node-utils 103ms (cache miss)
npm http fetch GET 200 https://npm.pkg.github.com/vltsandbox/@jsonjoy.com%2ffs-node-to-fsa 105ms (cache miss)
npm http fetch GET 200 https://npm.pkg.github.com/vltsandbox/@jsonjoy.com%2ffs-snapshot 190ms (cache miss)
npm http fetch GET 200 https://npm.pkg.github.com/vltsandbox/@jsonjoy.com%2ffs-node-builtins 104ms (cache miss)
npm http fetch GET 200 https://npm.pkg.github.com/vltsandbox/tslib 103ms (cache updated)
npm http fetch GET 200 https://npm.pkg.github.com/vltsandbox/tree-dump 108ms (cache updated)
npm http fetch GET 200 https://npm.pkg.github.com/vltsandbox/@jsonjoy.com%2futil 125ms (cache updated)
npm http fetch GET 200 https://npm.pkg.github.com/vltsandbox/@jsonjoy.com%2fbuffers 128ms (cache miss)
npm http fetch GET 200 https://npm.pkg.github.com/vltsandbox/@jsonjoy.com%2fjson-pack 112ms (cache updated)
npm http fetch GET 200 https://npm.pkg.github.com/vltsandbox/hyperdyperid 100ms (cache miss)
npm http fetch GET 200 https://npm.pkg.github.com/vltsandbox/@jsonjoy.com%2fbase64 142ms (cache miss)
npm http fetch GET 200 https://npm.pkg.github.com/vltsandbox/@jsonjoy.com%2fcodegen 102ms (cache miss)
npm http fetch GET 200 https://npm.pkg.github.com/vltsandbox/@jsonjoy.com%2fbuffers 109ms (cache updated)
npm http fetch GET 200 https://npm.pkg.github.com/vltsandbox/@jsonjoy.com%2fjson-pointer 117ms (cache miss)
npm http fetch GET 200 https://npm.pkg.github.com/vltsandbox/@jsonjoy.com%2fbuffers 155ms (cache updated)
npm http fetch GET 200 https://npm.pkg.github.com/vltsandbox/tslib 107ms (cache updated)
npm http fetch GET 200 https://npm.pkg.github.com/vltsandbox/@jsonjoy.com%2fcodegen 105ms (cache updated)
npm http fetch GET 200 https://npm.pkg.github.com/vltsandbox/@jsonjoy.com%2futil 108ms (cache updated)
npm http fetch GET 200 https://npm.pkg.github.com/vltsandbox/@jsonjoy.com%2fbase64 112ms (cache updated)
npm http fetch GET 200 https://npm.pkg.github.com/vltsandbox/@jsonjoy.com%2fjson-pointer 101ms (cache updated)
npm http fetch GET 200 https://npm.pkg.github.com/vltsandbox/nan 103ms (cache miss)
npm http fetch GET 200 https://npm.pkg.github.com/vltsandbox/pend 96ms (cache miss)
npm http fetch GET 200 https://npm.pkg.github.com/vltsandbox/bare-url 91ms (cache miss)
npm http fetch GET 200 https://npm.pkg.github.com/vltsandbox/fast-fifo 96ms (cache miss)
npm http fetch GET 200 https://npm.pkg.github.com/vltsandbox/bare-events 106ms (cache miss)
npm http fetch GET 200 https://npm.pkg.github.com/vltsandbox/bare-stream 89ms (cache miss)
npm http fetch GET 200 https://npm.pkg.github.com/vltsandbox/b4a 93ms (cache miss)
npm http fetch GET 200 https://npm.pkg.github.com/vltsandbox/streamx 107ms (cache miss)
npm http fetch GET 200 https://npm.pkg.github.com/vltsandbox/fast-fifo 87ms (cache updated)
npm http fetch GET 200 https://npm.pkg.github.com/vltsandbox/bare-buffer 95ms (cache miss)
npm http fetch GET 200 https://npm.pkg.github.com/vltsandbox/teex 84ms (cache miss)
npm http fetch GET 200 https://npm.pkg.github.com/vltsandbox/streamx 112ms (cache updated)
npm http fetch GET 200 https://npm.pkg.github.com/vltsandbox/b4a 135ms (cache updated)
npm http fetch GET 200 https://npm.pkg.github.com/vltsandbox/text-decoder 88ms (cache miss)
npm http fetch GET 200 https://npm.pkg.github.com/vltsandbox/events-universal 110ms (cache miss)
npm http fetch GET 200 https://npm.pkg.github.com/vltsandbox/brace-expansion 102ms (cache updated)
npm http fetch GET 200 https://npm.pkg.github.com/vltsandbox/@pkgjs%2fparseargs 110ms (cache miss)
npm http fetch GET 200 https://npm.pkg.github.com/vltsandbox/@isaacs%2fcliui 124ms (cache updated)
npm http fetch GET 200 https://npm.pkg.github.com/vltsandbox/lru-cache 114ms (cache updated)
npm http fetch GET 200 https://npm.pkg.github.com/vltsandbox/strip-ansi 93ms (cache updated)
npm http fetch GET 200 https://npm.pkg.github.com/vltsandbox/wrap-ansi 108ms (cache updated)
npm http fetch GET 200 https://npm.pkg.github.com/vltsandbox/string-width 110ms (cache updated)
npm http fetch GET 200 https://npm.pkg.github.com/vltsandbox/wrap-ansi 92ms (cache updated)
npm http fetch GET 200 https://npm.pkg.github.com/vltsandbox/strip-ansi 96ms (cache updated)
npm http fetch GET 200 https://npm.pkg.github.com/vltsandbox/string-width 102ms (cache updated)
npm http fetch GET 200 https://npm.pkg.github.com/vltsandbox/eastasianwidth 98ms (cache miss)
npm http fetch GET 200 https://npm.pkg.github.com/vltsandbox/ansi-styles 98ms (cache updated)
npm http fetch GET 200 https://npm.pkg.github.com/vltsandbox/ansi-regex 107ms (cache updated)
npm http fetch GET 200 https://npm.pkg.github.com/vltsandbox/parse-passwd 199ms (cache miss)
npm http fetch GET 200 https://npm.pkg.github.com/vltsandbox/minimatch 117ms (cache updated)
npm http fetch GET 200 https://npm.pkg.github.com/vltsandbox/wrap-ansi 109ms (cache updated)
npm http fetch GET 200 https://npm.pkg.github.com/vltsandbox/dom-serializer 96ms (cache updated)
npm http fetch GET 200 https://npm.pkg.github.com/vltsandbox/entities 95ms (cache updated)
npm http fetch GET 200 https://npm.pkg.github.com/vltsandbox/bundle-name 94ms (cache miss)
npm http fetch GET 200 https://npm.pkg.github.com/vltsandbox/is-docker 98ms (cache updated)
npm http fetch GET 200 https://npm.pkg.github.com/vltsandbox/default-browser-id 103ms (cache miss)
npm http fetch GET 200 https://npm.pkg.github.com/vltsandbox/is-wsl 102ms (cache updated)
npm http fetch GET 200 https://npm.pkg.github.com/vltsandbox/run-applescript 94ms (cache miss)
npm http fetch GET 200 https://registry.npmjs.com/default-browser-id/-/default-browser-id-5.0.1.tgz 921ms (cache miss)
npm http fetch GET 200 https://registry.npmjs.com/bundle-name/-/bundle-name-4.1.1.tgz 921ms (cache miss)
npm http fetch GET 200 https://registry.npmjs.com/run-applescript/-/run-applescript-7.1.0.tgz 928ms (cache miss)
npm http fetch GET 200 https://registry.npmjs.com/is-inside-container/-/is-inside-container-1.0.0.tgz 940ms (cache miss)
npm http fetch GET 200 https://registry.npmjs.com/wsl-utils/-/wsl-utils-0.1.0.tgz 942ms (cache miss)
npm http fetch GET 200 https://registry.npmjs.com/@types/mime/-/mime-1.3.5.tgz 940ms (cache miss)
npm http fetch GET 200 https://registry.npmjs.com/is-typedarray/-/is-typedarray-1.0.0.tgz 940ms (cache miss)
npm http fetch GET 200 https://registry.npmjs.com/typedarray-to-buffer/-/typedarray-to-buffer-3.1.5.tgz 945ms (cache miss)
npm http fetch GET 200 https://registry.npmjs.com/eastasianwidth/-/eastasianwidth-0.2.0.tgz 945ms (cache miss)
npm http fetch GET 200 https://registry.npmjs.com/homedir-polyfill/-/homedir-polyfill-1.0.3.tgz 947ms (cache miss)
npm http fetch GET 200 https://registry.npmjs.com/strip-ansi/-/strip-ansi-6.0.1.tgz 986ms (cache miss)
npm http fetch GET 200 https://registry.npmjs.com/string-width/-/string-width-4.2.3.tgz 994ms (cache miss)
npm http fetch GET 200 https://registry.npmjs.com/require-main-filename/-/require-main-filename-2.0.0.tgz 1010ms (cache miss)
npm http fetch GET 200 https://registry.npmjs.com/default-browser/-/default-browser-5.5.1.tgz 1015ms (cache miss)
npm http fetch GET 200 https://registry.npmjs.com/env-paths/-/env-paths-2.2.1.tgz 1018ms (cache miss)
npm http fetch GET 200 https://registry.npmjs.com/set-blocking/-/set-blocking-2.0.0.tgz 1020ms (cache miss)
npm http fetch GET 200 https://registry.npmjs.com/core-util-is/-/core-util-is-1.0.3.tgz 1019ms (cache miss)
npm http fetch GET 200 https://registry.npmjs.com/process-nextick-args/-/process-nextick-args-2.0.1.tgz 1024ms (cache miss)
npm http fetch GET 200 https://registry.npmjs.com/which-module/-/which-module-2.0.1.tgz 1031ms (cache miss)
npm http fetch GET 200 https://registry.npmjs.com/parse-passwd/-/parse-passwd-1.0.0.tgz 1038ms (cache miss)
npm http fetch GET 200 https://registry.npmjs.com/text-decoder/-/text-decoder-1.2.7.tgz 1039ms (cache miss)
npm http fetch GET 200 https://registry.npmjs.com/wrap-ansi/-/wrap-ansi-7.0.0.tgz 1041ms (cache miss)
npm http fetch GET 200 https://registry.npmjs.com/events-universal/-/events-universal-1.0.1.tgz 1043ms (cache miss)
npm http fetch GET 200 https://registry.npmjs.com/buffer-crc32/-/buffer-crc32-0.2.13.tgz 1059ms (cache miss)
npm http fetch GET 200 https://registry.npmjs.com/teex/-/teex-1.0.1.tgz 1061ms (cache miss)
npm http fetch GET 200 https://registry.npmjs.com/fast-fifo/-/fast-fifo-1.3.2.tgz 1061ms (cache miss)
npm http fetch GET 200 https://registry.npmjs.com/streamx/-/streamx-2.28.1.tgz 1062ms (cache miss)
npm http fetch GET 200 https://registry.npmjs.com/pend/-/pend-1.2.0.tgz 1065ms (cache miss)
npm http fetch GET 200 https://registry.npmjs.com/bare-stream/-/bare-stream-2.13.4.tgz 1080ms (cache miss)
npm http fetch GET 200 https://registry.npmjs.com/bare-events/-/bare-events-2.9.2.tgz 1084ms (cache miss)
npm http fetch GET 200 https://registry.npmjs.com/b4a/-/b4a-1.9.0.tgz 1089ms (cache miss)
npm http fetch GET 200 https://registry.npmjs.com/sleep/-/sleep-6.1.0.tgz 1096ms (cache miss)
npm http fetch GET 200 https://registry.npmjs.com/http-parser-js/-/http-parser-js-0.5.10.tgz 1107ms (cache miss)
npm http fetch GET 200 https://registry.npmjs.com/@pkgjs/parseargs/-/parseargs-0.11.0.tgz 1159ms (cache miss)
npm http fetch GET 200 https://registry.npmjs.com/tree-dump/-/tree-dump-1.1.0.tgz 1156ms (cache miss)
npm http fetch GET 200 https://registry.npmjs.com/@jsonjoy.com/fs-print/-/fs-print-4.80.0.tgz 1172ms (cache miss)
npm http fetch GET 200 https://registry.npmjs.com/minimalistic-assert/-/minimalistic-assert-1.0.1.tgz 1205ms (cache miss)
npm http fetch GET 200 https://registry.npmjs.com/media-typer/-/media-typer-0.3.0.tgz 1227ms (cache miss)
npm http fetch GET 200 https://registry.npmjs.com/glob-to-regex.js/-/glob-to-regex.js-1.3.1.tgz 1232ms (cache miss)
npm http fetch GET 200 https://registry.npmjs.com/websocket-extensions/-/websocket-extensions-0.1.4.tgz 1247ms (cache miss)
npm http fetch GET 200 https://registry.npmjs.com/obuf/-/obuf-1.1.2.tgz 1244ms (cache miss)
npm http fetch GET 200 https://registry.npmjs.com/wbuf/-/wbuf-1.7.3.tgz 1271ms (cache miss)
npm http fetch GET 200 https://registry.npmjs.com/detect-node/-/detect-node-2.1.0.tgz 1272ms (cache miss)
npm http fetch GET 200 https://registry.npmjs.com/select-hose/-/select-hose-2.0.0.tgz 1274ms (cache miss)
npm http fetch GET 200 https://registry.npmjs.com/fd-slicer/-/fd-slicer-1.1.0.tgz 1297ms (cache miss)
npm http fetch GET 200 https://registry.npmjs.com/http-deceiver/-/http-deceiver-1.2.7.tgz 1294ms (cache miss)
npm http fetch GET 200 https://registry.npmjs.com/handle-thing/-/handle-thing-2.0.1.tgz 1294ms (cache miss)
npm http fetch GET 200 https://registry.npmjs.com/batch/-/batch-0.6.1.tgz 1304ms (cache miss)
npm http fetch GET 200 https://registry.npmjs.com/pvutils/-/pvutils-1.2.0.tgz 1308ms (cache miss)
npm http fetch GET 200 https://registry.npmjs.com/@peculiar/asn1-pkcs8/-/asn1-pkcs8-2.10.0.tgz 1317ms (cache miss)
npm http fetch GET 200 https://registry.npmjs.com/mime/-/mime-1.6.0.tgz 1322ms (cache miss)
npm http fetch GET 200 https://registry.npmjs.com/pvtsutils/-/pvtsutils-1.3.6.tgz 1378ms (cache miss)
npm http fetch GET 200 https://registry.npmjs.com/@peculiar/asn1-pkcs9/-/asn1-pkcs9-2.10.0.tgz 1394ms (cache miss)
npm http fetch GET 200 https://registry.npmjs.com/is-network-error/-/is-network-error-1.3.2.tgz 1396ms (cache miss)
npm http fetch GET 200 https://registry.npmjs.com/asn1js/-/asn1js-3.0.10.tgz 1405ms (cache miss)
npm http fetch GET 200 https://registry.npmjs.com/forwarded/-/forwarded-0.2.0.tgz 1403ms (cache miss)
npm http fetch GET 200 https://registry.npmjs.com/retry/-/retry-0.13.1.tgz 1417ms (cache miss)
npm http fetch GET 200 https://registry.npmjs.com/ee-first/-/ee-first-1.1.1.tgz 1416ms (cache miss)
npm http fetch GET 200 https://registry.npmjs.com/@jsonjoy.com/fs-snapshot/-/fs-snapshot-4.80.0.tgz 1437ms (cache miss)
npm http fetch GET 200 https://registry.npmjs.com/faye-websocket/-/faye-websocket-0.11.4.tgz 1435ms (cache miss)
npm http fetch GET 200 https://registry.npmjs.com/@peculiar/asn1-ecc/-/asn1-ecc-2.10.0.tgz 1438ms (cache miss)
npm http fetch GET 200 https://registry.npmjs.com/@peculiar/asn1-rsa/-/asn1-rsa-2.10.0.tgz 1438ms (cache miss)
npm http fetch GET 200 https://registry.npmjs.com/@leichtgewicht/ip-codec/-/ip-codec-2.0.5.tgz 1440ms (cache miss)
npm http fetch GET 200 https://registry.npmjs.com/dns-packet/-/dns-packet-5.6.1.tgz 1445ms (cache miss)
npm http fetch GET 200 https://registry.npmjs.com/@types/retry/-/retry-0.12.2.tgz 1446ms (cache miss)
npm http fetch GET 200 https://registry.npmjs.com/shell-quote/-/shell-quote-1.11.0.tgz 1451ms (cache miss)
npm http fetch GET 200 https://registry.npmjs.com/reflect-metadata/-/reflect-metadata-0.2.2.tgz 1459ms (cache miss)
npm http fetch GET 200 https://registry.npmjs.com/thunky/-/thunky-1.1.0.tgz 1457ms (cache miss)
npm http fetch GET 200 https://registry.npmjs.com/unpipe/-/unpipe-1.0.0.tgz 1459ms (cache miss)
npm http fetch GET 200 https://registry.npmjs.com/eventemitter3/-/eventemitter3-4.0.7.tgz 1465ms (cache miss)
npm http fetch GET 200 https://registry.npmjs.com/is-plain-obj/-/is-plain-obj-3.0.0.tgz 1465ms (cache miss)
npm http fetch GET 200 https://registry.npmjs.com/requires-port/-/requires-port-1.0.0.tgz 1470ms (cache miss)
npm http fetch GET 200 https://registry.npmjs.com/raw-body/-/raw-body-2.5.3.tgz 1476ms (cache miss)
npm http fetch GET 200 https://registry.npmjs.com/toidentifier/-/toidentifier-1.0.1.tgz 1477ms (cache miss)
npm http fetch GET 200 https://registry.npmjs.com/utils-merge/-/utils-merge-1.0.1.tgz 1482ms (cache miss)
npm http fetch GET 200 https://registry.npmjs.com/statuses/-/statuses-2.0.2.tgz 1487ms (cache miss)
npm http fetch GET 200 https://registry.npmjs.com/type-is/-/type-is-1.6.18.tgz 1491ms (cache miss)
npm http fetch GET 200 https://registry.npmjs.com/setprototypeof/-/setprototypeof-1.2.0.tgz 1493ms (cache miss)
npm http fetch GET 200 https://registry.npmjs.com/serve-static/-/serve-static-1.16.3.tgz 1501ms (cache miss)
npm http fetch GET 200 https://registry.npmjs.com/@types/http-proxy/-/http-proxy-1.17.17.tgz 1508ms (cache miss)
npm http fetch GET 200 https://registry.npmjs.com/send/-/send-0.19.2.tgz 1510ms (cache miss)
npm http fetch GET 200 https://registry.npmjs.com/path-to-regexp/-/path-to-regexp-0.1.13.tgz 1520ms (cache miss)
npm http fetch GET 200 https://registry.npmjs.com/range-parser/-/range-parser-1.2.1.tgz 1531ms (cache miss)
npm http fetch GET 200 https://registry.npmjs.com/methods/-/methods-1.1.2.tgz 1543ms (cache miss)
npm http fetch GET 200 https://registry.npmjs.com/http-errors/-/http-errors-2.0.1.tgz 1548ms (cache miss)
npm http fetch GET 200 https://registry.npmjs.com/proxy-addr/-/proxy-addr-2.0.8.tgz 1556ms (cache miss)
npm http fetch GET 200 https://registry.npmjs.com/merge-descriptors/-/merge-descriptors-1.0.3.tgz 1556ms (cache miss)
npm http fetch GET 200 https://registry.npmjs.com/parseurl/-/parseurl-1.3.3.tgz 1561ms (cache miss)
npm http fetch GET 200 https://registry.npmjs.com/on-finished/-/on-finished-2.4.1.tgz 1561ms (cache miss)
npm http fetch GET 200 https://registry.npmjs.com/etag/-/etag-1.8.1.tgz 1565ms (cache miss)
npm http fetch GET 200 https://registry.npmjs.com/encodeurl/-/encodeurl-2.0.0.tgz 1565ms (cache miss)
npm http fetch GET 200 https://registry.npmjs.com/fresh/-/fresh-0.5.2.tgz 1566ms (cache miss)
npm http fetch GET 200 https://registry.npmjs.com/bare-path/-/bare-path-3.1.2.tgz 1591ms (cache miss)
npm http fetch GET 200 https://registry.npmjs.com/finalhandler/-/finalhandler-1.3.2.tgz 1576ms (cache miss)
npm http fetch GET 200 https://registry.npmjs.com/depd/-/depd-2.0.0.tgz 1584ms (cache miss)
npm http fetch GET 200 https://registry.npmjs.com/@peculiar/x509/-/x509-1.14.3.tgz 1597ms (cache miss)
npm http fetch GET 200 https://registry.npmjs.com/escape-html/-/escape-html-1.0.3.tgz 1594ms (cache miss)
npm http fetch GET 200 https://registry.npmjs.com/content-type/-/content-type-1.0.5.tgz 1594ms (cache miss)
npm http fetch GET 200 https://registry.npmjs.com/@jsonjoy.com/codegen/-/codegen-1.0.0.tgz 1613ms (cache miss)
npm http fetch GET 200 https://registry.npmjs.com/@peculiar/asn1-csr/-/asn1-csr-2.10.0.tgz 1606ms (cache miss)
npm http fetch GET 200 https://registry.npmjs.com/cookie-signature/-/cookie-signature-1.0.7.tgz 1610ms (cache miss)
npm http fetch GET 200 https://registry.npmjs.com/array-flatten/-/array-flatten-1.1.1.tgz 1615ms (cache miss)
npm http fetch GET 200 https://registry.npmjs.com/compressible/-/compressible-2.0.18.tgz 1622ms (cache miss)
npm http fetch GET 200 https://registry.npmjs.com/content-disposition/-/content-disposition-0.5.4.tgz 1624ms (cache miss)
npm http fetch GET 200 https://registry.npmjs.com/cookie/-/cookie-0.7.2.tgz 1630ms (cache miss)
npm http fetch GET 200 https://registry.npmjs.com/accepts/-/accepts-1.3.8.tgz 1630ms (cache miss)
npm http fetch GET 200 https://registry.npmjs.com/on-headers/-/on-headers-1.1.0.tgz 1629ms (cache miss)
npm http fetch GET 200 https://registry.npmjs.com/bytes/-/bytes-3.1.2.tgz 1630ms (cache miss)
npm http fetch GET 200 https://registry.npmjs.com/memfs/-/memfs-4.80.0.tgz 1649ms (cache miss)
npm http fetch GET 200 https://registry.npmjs.com/hpack.js/-/hpack.js-2.1.6.tgz 1648ms (cache miss)
npm http fetch GET 200 https://registry.npmjs.com/vary/-/vary-1.1.2.tgz 1636ms (cache miss)
npm http fetch GET 200 https://registry.npmjs.com/destroy/-/destroy-1.2.0.tgz 1636ms (cache miss)
npm http fetch GET 200 https://registry.npmjs.com/@types/http-errors/-/http-errors-2.0.5.tgz 1640ms (cache miss)
npm http fetch GET 200 https://registry.npmjs.com/negotiator/-/negotiator-0.6.4.tgz 1641ms (cache miss)
npm http fetch GET 200 https://registry.npmjs.com/nan/-/nan-2.29.0.tgz 1664ms (cache miss)
npm http fetch GET 200 https://registry.npmjs.com/@jsonjoy.com/json-pointer/-/json-pointer-1.0.2.tgz 1667ms (cache miss)
npm http fetch GET 200 https://registry.npmjs.com/multicast-dns/-/multicast-dns-7.2.5.tgz 1655ms (cache miss)
npm http fetch GET 200 https://registry.npmjs.com/@types/body-parser/-/body-parser-1.19.6.tgz 1666ms (cache miss)
npm http fetch GET 200 https://registry.npmjs.com/http-proxy/-/http-proxy-1.18.1.tgz 1679ms (cache miss)
npm http fetch GET 200 https://registry.npmjs.com/body-parser/-/body-parser-1.20.8.tgz 1674ms (cache miss)
npm http fetch GET 200 https://registry.npmjs.com/@types/send/-/send-1.2.1.tgz 1676ms (cache miss)
npm http fetch GET 200 https://registry.npmjs.com/@jsonjoy.com/fs-fsa/-/fs-fsa-4.80.0.tgz 1702ms (cache miss)
npm http fetch GET 200 https://registry.npmjs.com/@types/connect/-/connect-3.4.38.tgz 1688ms (cache miss)
npm http fetch GET 200 https://registry.npmjs.com/@jsonjoy.com/fs-node-to-fsa/-/fs-node-to-fsa-4.80.0.tgz 1708ms (cache miss)
npm http fetch GET 200 https://registry.npmjs.com/p-retry/-/p-retry-6.2.1.tgz 1692ms (cache miss)
npm http fetch GET 200 https://registry.npmjs.com/@jsonjoy.com/fs-node-builtins/-/fs-node-builtins-4.80.0.tgz 1713ms (cache miss)
npm http fetch GET 200 https://registry.npmjs.com/@types/qs/-/qs-6.15.1.tgz 1703ms (cache miss)
npm http fetch GET 200 https://registry.npmjs.com/@types/range-parser/-/range-parser-1.2.7.tgz 1708ms (cache miss)
npm http fetch GET 200 https://registry.npmjs.com/ipaddr.js/-/ipaddr.js-2.5.0.tgz 1711ms (cache miss)
npm http fetch GET 200 https://registry.npmjs.com/launch-editor/-/launch-editor-2.14.1.tgz 1711ms (cache miss)
npm http fetch GET 200 https://registry.npmjs.com/connect-history-api-fallback/-/connect-history-api-fallback-2.0.0.tgz 1723ms (cache miss)
npm http fetch GET 200 https://registry.npmjs.com/ansi-html-community/-/ansi-html-community-0.0.8.tgz 1727ms (cache miss)
npm http fetch GET 200 https://registry.npmjs.com/compression/-/compression-1.8.2.tgz 1729ms (cache miss)
npm http fetch GET 200 https://registry.npmjs.com/@types/serve-index/-/serve-index-1.9.4.tgz 1741ms (cache miss)
npm http fetch GET 200 https://registry.npmjs.com/totalist/-/totalist-3.0.1.tgz 1745ms (cache miss)
npm http fetch GET 200 https://registry.npmjs.com/@types/express/-/express-4.17.25.tgz 1749ms (cache miss)
npm http fetch GET 200 https://registry.npmjs.com/@types/connect-history-api-fallback/-/connect-history-api-fallback-1.5.4.tgz 1756ms (cache miss)
npm http fetch GET 200 https://registry.npmjs.com/hyperdyperid/-/hyperdyperid-1.2.0.tgz 1782ms (cache miss)
npm http fetch GET 200 https://registry.npmjs.com/@types/express-serve-static-core/-/express-serve-static-core-4.19.9.tgz 1763ms (cache miss)
npm http fetch GET 200 https://registry.npmjs.com/mrmime/-/mrmime-2.0.1.tgz 1766ms (cache miss)
npm http fetch GET 200 https://registry.npmjs.com/@types/sockjs/-/sockjs-0.3.36.tgz 1768ms (cache miss)
npm http fetch GET 200 https://registry.npmjs.com/sirv/-/sirv-2.0.4.tgz 1767ms (cache miss)
npm http fetch GET 200 https://registry.npmjs.com/@types/serve-static/-/serve-static-1.15.10.tgz 1774ms (cache miss)
npm http fetch GET 200 https://registry.npmjs.com/websocket-driver/-/websocket-driver-0.7.5.tgz 1805ms (cache miss)
npm http fetch GET 200 https://registry.npmjs.com/@types/bonjour/-/bonjour-3.5.13.tgz 1790ms (cache miss)
npm http fetch GET 200 https://registry.npmjs.com/gzip-size/-/gzip-size-6.0.0.tgz 1805ms (cache miss)
npm http fetch GET 200 https://registry.npmjs.com/opener/-/opener-1.5.2.tgz 1817ms (cache miss)
npm http fetch GET 200 https://registry.npmjs.com/qs/-/qs-6.16.0.tgz 1833ms (cache miss)
npm http fetch GET 200 https://registry.npmjs.com/spdy/-/spdy-4.0.2.tgz 1828ms (cache miss)
npm http fetch GET 200 https://registry.npmjs.com/selfsigned/-/selfsigned-5.5.0.tgz 1828ms (cache miss)
npm http fetch GET 200 https://registry.npmjs.com/bytestreamjs/-/bytestreamjs-2.0.1.tgz 1847ms (cache miss)
npm http fetch GET 200 https://registry.npmjs.com/@standard-schema/spec/-/spec-1.1.0.tgz 1836ms (cache miss)
npm http fetch GET 200 https://registry.npmjs.com/debounce/-/debounce-1.2.1.tgz 1847ms (cache miss)
npm http fetch GET 200 https://registry.npmjs.com/@hapi/pinpoint/-/pinpoint-2.0.1.tgz 1846ms (cache miss)
npm http fetch GET 200 https://registry.npmjs.com/@polka/url/-/url-1.0.0-next.29.tgz 1848ms (cache miss)
npm http fetch GET 200 https://registry.npmjs.com/esbuild/-/esbuild-0.25.12.tgz 1870ms (cache miss)
npm http fetch GET 200 https://registry.npmjs.com/@hapi/formula/-/formula-3.0.2.tgz 1871ms (cache miss)
npm http fetch GET 200 https://registry.npmjs.com/@hapi/topo/-/topo-6.0.2.tgz 1872ms (cache miss)
npm http fetch GET 200 https://registry.npmjs.com/es-array-method-boxes-properly/-/es-array-method-boxes-properly-1.0.0.tgz 1882ms (cache miss)
npm http fetch GET 200 https://registry.npmjs.com/object.getownpropertydescriptors/-/object.getownpropertydescriptors-2.1.9.tgz 1893ms (cache miss)
npm http fetch GET 200 https://registry.npmjs.com/sockjs/-/sockjs-0.3.24.tgz 1903ms (cache miss)
npm http fetch GET 200 https://registry.npmjs.com/unicode-property-aliases-ecmascript/-/unicode-property-aliases-ecmascript-2.2.0.tgz 1900ms (cache miss)
npm http fetch GET 200 https://registry.npmjs.com/unicode-canonical-property-names-ecmascript/-/unicode-canonical-property-names-ecmascript-2.0.1.tgz 1901ms (cache miss)
npm http fetch GET 200 https://registry.npmjs.com/sax/-/sax-1.6.1.tgz 1912ms (cache miss)
npm http fetch GET 200 https://registry.npmjs.com/bare-fs/-/bare-fs-4.8.2.tgz 1948ms (cache miss)
npm http fetch GET 200 https://registry.npmjs.com/randombytes/-/randombytes-2.1.0.tgz 1923ms (cache miss)
npm http fetch GET 200 https://registry.npmjs.com/express/-/express-4.22.3.tgz 1932ms (cache miss)
npm http fetch GET 200 https://registry.npmjs.com/array.prototype.reduce/-/array.prototype.reduce-1.0.8.tgz 1944ms (cache miss)
npm http fetch GET 200 https://registry.npmjs.com/is-windows/-/is-windows-0.2.0.tgz 1975ms (cache miss)
npm http fetch GET 200 https://registry.npmjs.com/os-homedir/-/os-homedir-1.0.2.tgz 1981ms (cache miss)
npm http fetch GET 200 https://registry.npmjs.com/global-modules/-/global-modules-0.2.3.tgz 1980ms (cache miss)
npm http fetch GET 200 https://registry.npmjs.com/expand-tilde/-/expand-tilde-1.2.2.tgz 1987ms (cache miss)
npm http fetch GET 200 https://registry.npmjs.com/dom-serializer/-/dom-serializer-1.4.1.tgz 1995ms (cache miss)
npm http fetch GET 200 https://registry.npmjs.com/nth-check/-/nth-check-2.1.1.tgz 1995ms (cache miss)
npm http fetch GET 200 https://registry.npmjs.com/thingies/-/thingies-2.6.1.tgz 2030ms (cache miss)
npm http fetch GET 200 https://registry.npmjs.com/minify-literals/-/minify-literals-1.0.10.tgz 2015ms (cache miss)
npm http fetch GET 200 https://registry.npmjs.com/pkijs/-/pkijs-3.4.1.tgz 2041ms (cache miss)
npm http fetch GET 200 https://registry.npmjs.com/css-what/-/css-what-6.2.2.tgz 2022ms (cache miss)
npm http fetch GET 200 https://registry.npmjs.com/domelementtype/-/domelementtype-2.3.0.tgz 2039ms (cache miss)
npm http fetch GET 200 https://registry.npmjs.com/smart-buffer/-/smart-buffer-4.2.0.tgz 2050ms (cache miss)
npm http fetch GET 200 https://registry.npmjs.com/boolbase/-/boolbase-1.0.0.tgz 2047ms (cache miss)
npm http fetch GET 200 https://registry.npmjs.com/@jsonjoy.com/fs-core/-/fs-core-4.80.0.tgz 2079ms (cache miss)
npm http fetch GET 200 https://registry.npmjs.com/dom-converter/-/dom-converter-0.2.0.tgz 2061ms (cache miss)
npm http fetch GET 200 https://registry.npmjs.com/unicode-match-property-value-ecmascript/-/unicode-match-property-value-ecmascript-2.2.1.tgz 2064ms (cache miss)
npm http fetch GET 200 https://registry.npmjs.com/@parcel/watcher-linux-arm64-glibc/-/watcher-linux-arm64-glibc-2.6.0.tgz 2080ms (cache miss)
npm http fetch GET 200 https://registry.npmjs.com/unicode-match-property-ecmascript/-/unicode-match-property-ecmascript-2.0.0.tgz 2084ms (cache miss)
npm http fetch GET 200 https://registry.npmjs.com/es6-error/-/es6-error-4.1.1.tgz 2084ms (cache miss)
npm http fetch GET 200 https://registry.npmjs.com/regjsgen/-/regjsgen-0.8.0.tgz 2092ms (cache miss)
npm http fetch GET 200 https://registry.npmjs.com/regenerate/-/regenerate-1.4.2.tgz 2091ms (cache miss)
npm http fetch GET 200 https://registry.npmjs.com/domhandler/-/domhandler-4.3.1.tgz 2103ms (cache miss)
npm http fetch GET 200 https://registry.npmjs.com/regjsparser/-/regjsparser-0.13.3.tgz 2115ms (cache miss)
npm http fetch GET 200 https://registry.npmjs.com/@jsonjoy.com/base64/-/base64-1.1.2.tgz 2151ms (cache miss)
npm http fetch GET 200 https://registry.npmjs.com/hoist-non-react-statics/-/hoist-non-react-statics-3.3.2.tgz 2149ms (cache miss)
npm http fetch GET 200 https://registry.npmjs.com/@react-dnd/shallowequal/-/shallowequal-2.0.0.tgz 2160ms (cache miss)
npm http fetch GET 200 https://registry.npmjs.com/urlpattern-polyfill/-/urlpattern-polyfill-10.0.0.tgz 2161ms (cache miss)
npm http fetch GET 200 https://registry.npmjs.com/mitt/-/mitt-3.0.1.tgz 2167ms (cache miss)
npm http fetch GET 200 https://registry.npmjs.com/data-uri-to-buffer/-/data-uri-to-buffer-6.0.2.tgz 2175ms (cache miss)
npm http fetch GET 200 https://registry.npmjs.com/netmask/-/netmask-2.1.1.tgz 2175ms (cache miss)
npm http fetch GET 200 https://registry.npmjs.com/spdy-transport/-/spdy-transport-3.0.0.tgz 2210ms (cache miss)
npm http fetch GET 200 https://registry.npmjs.com/http-proxy-middleware/-/http-proxy-middleware-2.0.10.tgz 2201ms (cache miss)
npm http fetch GET 200 https://registry.npmjs.com/parse-literals/-/parse-literals-1.2.1.tgz 2200ms (cache miss)
npm http fetch GET 200 https://registry.npmjs.com/utila/-/utila-0.4.0.tgz 2200ms (cache miss)
npm http fetch GET 200 https://registry.npmjs.com/escodegen/-/escodegen-2.1.0.tgz 2208ms (cache miss)
npm http fetch GET 200 https://registry.npmjs.com/get-uri/-/get-uri-6.0.5.tgz 2206ms (cache miss)
npm http fetch GET 200 https://registry.npmjs.com/pac-proxy-agent/-/pac-proxy-agent-7.2.0.tgz 2211ms (cache miss)
npm http fetch GET 200 https://registry.npmjs.com/yauzl/-/yauzl-2.10.0.tgz 2222ms (cache miss)
npm http fetch GET 200 https://registry.npmjs.com/socks-proxy-agent/-/socks-proxy-agent-8.0.5.tgz 2223ms (cache miss)
npm http fetch GET 200 https://registry.npmjs.com/@types/yauzl/-/yauzl-2.10.3.tgz 2236ms (cache miss)
npm http fetch GET 200 https://registry.npmjs.com/object-assign/-/object-assign-4.1.1.tgz 2248ms (cache miss)
npm http fetch GET 200 https://registry.npmjs.com/proxy-agent/-/proxy-agent-6.5.0.tgz 2249ms (cache miss)
npm http fetch GET 200 https://registry.npmjs.com/unbzip2-stream/-/unbzip2-stream-1.4.3.tgz 2256ms (cache miss)
npm http fetch GET 200 https://registry.npmjs.com/fromentries/-/fromentries-1.3.2.tgz 2255ms (cache miss)
npm http fetch GET 200 https://registry.npmjs.com/cssesc/-/cssesc-3.0.0.tgz 2263ms (cache miss)
npm http fetch GET 200 https://registry.npmjs.com/progress/-/progress-2.0.3.tgz 2264ms (cache miss)
npm http fetch GET 200 https://registry.npmjs.com/extract-zip/-/extract-zip-2.0.1.tgz 2271ms (cache miss)
npm http fetch GET 200 https://registry.npmjs.com/no-case/-/no-case-3.0.4.tgz 2275ms (cache miss)
npm http fetch GET 200 https://registry.npmjs.com/nanoid/-/nanoid-3.3.19.tgz 2297ms (cache miss)
npm http fetch GET 200 https://registry.npmjs.com/dot-case/-/dot-case-3.0.4.tgz 2297ms (cache miss)
npm http fetch GET 200 https://registry.npmjs.com/loose-envify/-/loose-envify-1.4.0.tgz 2299ms (cache miss)
npm http fetch GET 200 https://registry.npmjs.com/lower-case/-/lower-case-2.0.2.tgz 2305ms (cache miss)
npm http fetch GET 200 https://registry.npmjs.com/indent-string/-/indent-string-4.0.0.tgz 2309ms (cache miss)
npm http fetch GET 200 https://registry.npmjs.com/lodash.flattendeep/-/lodash.flattendeep-4.4.0.tgz 2316ms (cache miss)
npm http fetch GET 200 https://registry.npmjs.com/immutable/-/immutable-5.1.9.tgz 2331ms (cache miss)
npm http fetch GET 200 https://registry.npmjs.com/@react-dnd/invariant/-/invariant-2.0.0.tgz 2333ms (cache miss)
npm http fetch GET 200 https://registry.npmjs.com/release-zalgo/-/release-zalgo-1.0.0.tgz 2328ms (cache miss)
npm http fetch GET 200 https://registry.npmjs.com/default-require-extensions/-/default-require-extensions-3.0.1.tgz 2328ms (cache miss)
npm http fetch GET 200 https://registry.npmjs.com/degenerator/-/degenerator-5.0.1.tgz 2338ms (cache miss)
npm http fetch GET 200 https://registry.npmjs.com/@jsonjoy.com/fs-node/-/fs-node-4.80.0.tgz 2381ms (cache miss)
npm http fetch GET 200 https://registry.npmjs.com/@hapi/tlds/-/tlds-1.1.7.tgz 2362ms (cache miss)
npm http fetch GET 200 https://registry.npmjs.com/append-transform/-/append-transform-2.0.0.tgz 2348ms (cache miss)
npm http fetch GET 200 https://registry.npmjs.com/aggregate-error/-/aggregate-error-3.1.0.tgz 2348ms (cache miss)
npm http fetch GET 200 https://registry.npmjs.com/webpack-dev-middleware/-/webpack-dev-middleware-7.4.6.tgz 2383ms (cache miss)
npm http fetch GET 200 https://registry.npmjs.com/archy/-/archy-1.0.0.tgz 2365ms (cache miss)
npm http fetch GET 200 https://registry.npmjs.com/hasha/-/hasha-5.2.2.tgz 2364ms (cache miss)
npm http fetch GET 200 https://registry.npmjs.com/clean-stack/-/clean-stack-2.2.0.tgz 2365ms (cache miss)
npm http fetch GET 200 https://registry.npmjs.com/package-hash/-/package-hash-4.0.0.tgz 2370ms (cache miss)
npm http fetch GET 200 https://registry.npmjs.com/domutils/-/domutils-2.8.0.tgz 2389ms (cache miss)
npm http fetch GET 200 https://registry.npmjs.com/istanbul-lib-processinfo/-/istanbul-lib-processinfo-2.0.3.tgz 2384ms (cache miss)
npm http fetch GET 200 https://registry.npmjs.com/p-map/-/p-map-3.0.0.tgz 2386ms (cache miss)
npm http fetch GET 200 https://registry.npmjs.com/process-on-spawn/-/process-on-spawn-1.1.0.tgz 2394ms (cache miss)
npm http fetch GET 200 https://registry.npmjs.com/istanbul-lib-hook/-/istanbul-lib-hook-3.0.0.tgz 2393ms (cache miss)
npm http fetch GET 200 https://registry.npmjs.com/node-preload/-/node-preload-0.2.1.tgz 2405ms (cache miss)
npm http fetch GET 200 https://registry.npmjs.com/find-cache-dir/-/find-cache-dir-3.3.2.tgz 2405ms (cache miss)
npm http fetch GET 200 https://registry.npmjs.com/caching-transform/-/caching-transform-4.0.0.tgz 2413ms (cache miss)
npm http fetch GET 200 https://registry.npmjs.com/ncp/-/ncp-2.0.0.tgz 2420ms (cache miss)
npm http fetch GET 200 https://registry.npmjs.com/decamelize/-/decamelize-1.2.0.tgz 2420ms (cache miss)
npm http fetch GET 200 https://registry.npmjs.com/htmlparser2/-/htmlparser2-6.1.0.tgz 2445ms (cache miss)
npm http fetch GET 200 https://registry.npmjs.com/util.promisify/-/util.promisify-1.1.3.tgz 2454ms (cache miss)
npm http fetch GET 200 https://registry.npmjs.com/xvfb/-/xvfb-0.4.0.tgz 2454ms (cache miss)
npm http fetch GET 200 https://registry.npmjs.com/colors/-/colors-1.4.0.tgz 2455ms (cache miss)
npm http fetch GET 200 https://registry.npmjs.com/ansi/-/ansi-0.3.1.tgz 2478ms (cache miss)
npm http fetch GET 200 https://registry.npmjs.com/emojis-list/-/emojis-list-3.0.0.tgz 2496ms (cache miss)
npm http fetch GET 200 https://registry.npmjs.com/mdn-data/-/mdn-data-2.0.30.tgz 2519ms (cache miss)
npm http fetch GET 200 https://registry.npmjs.com/source-map-js/-/source-map-js-1.2.2.tgz 2520ms (cache miss)
npm http fetch GET 200 https://registry.npmjs.com/big.js/-/big.js-5.2.2.tgz 2515ms (cache miss)
npm http fetch GET 200 https://registry.npmjs.com/@types/trusted-types/-/trusted-types-2.0.7.tgz 2520ms (cache miss)
npm http fetch GET 200 https://registry.npmjs.com/resolve-dir/-/resolve-dir-0.1.1.tgz 2525ms (cache miss)
npm http fetch GET 200 https://registry.npmjs.com/fs-exists-sync/-/fs-exists-sync-0.1.0.tgz 2530ms (cache miss)
npm http fetch GET 200 https://registry.npmjs.com/find-file-up/-/find-file-up-0.1.3.tgz 2597ms (cache miss)
npm http fetch GET 200 https://registry.npmjs.com/spawnd/-/spawnd-10.1.4.tgz 2604ms (cache miss)
npm http fetch GET 200 https://registry.npmjs.com/find-pkg/-/find-pkg-0.1.2.tgz 2605ms (cache miss)
npm http fetch GET 200 https://registry.npmjs.com/wait-on/-/wait-on-8.0.5.tgz 2630ms (cache miss)
npm http fetch GET 200 https://registry.npmjs.com/cwd/-/cwd-0.10.0.tgz 2631ms (cache miss)
npm http fetch GET 200 https://registry.npmjs.com/redux/-/redux-4.2.1.tgz 2649ms (cache miss)
npm http fetch GET 200 https://registry.npmjs.com/jest-dev-server/-/jest-dev-server-10.1.4.tgz 2638ms (cache miss)
npm http fetch GET 200 https://registry.npmjs.com/find-process/-/find-process-1.4.11.tgz 2641ms (cache miss)
npm http fetch GET 200 https://registry.npmjs.com/jest-environment-puppeteer/-/jest-environment-puppeteer-10.1.4.tgz 2645ms (cache miss)
npm http fetch GET 200 https://registry.npmjs.com/babar/-/babar-0.2.3.tgz 2655ms (cache miss)
npm http fetch GET 200 https://registry.npmjs.com/expect-puppeteer/-/expect-puppeteer-10.1.4.tgz 2651ms (cache miss)
npm http fetch GET 200 https://registry.npmjs.com/relateurl/-/relateurl-0.2.7.tgz 2667ms (cache miss)
npm http fetch GET 200 https://registry.npmjs.com/param-case/-/param-case-3.0.4.tgz 2667ms (cache miss)
npm http fetch GET 200 https://registry.npmjs.com/spawn-wrap/-/spawn-wrap-2.0.0.tgz 2698ms (cache miss)
npm http fetch GET 200 https://registry.npmjs.com/pixelmatch/-/pixelmatch-5.3.0.tgz 2690ms (cache miss)
npm http fetch GET 200 https://registry.npmjs.com/get-stdin/-/get-stdin-5.0.1.tgz 2710ms (cache miss)
npm http fetch GET 200 https://registry.npmjs.com/glur/-/glur-1.1.2.tgz 2710ms (cache miss)
npm http fetch GET 200 https://registry.npmjs.com/pascal-case/-/pascal-case-3.1.2.tgz 2731ms (cache miss)
npm http fetch GET 200 https://registry.npmjs.com/he/-/he-1.2.0.tgz 2739ms (cache miss)
npm http fetch GET 200 https://registry.npmjs.com/loglevel/-/loglevel-1.9.2.tgz 2755ms (cache miss)
npm http fetch GET 200 https://registry.npmjs.com/pretty-error/-/pretty-error-4.0.0.tgz 2750ms (cache miss)
npm http fetch GET 200 https://registry.npmjs.com/camel-case/-/camel-case-4.1.2.tgz 2751ms (cache miss)
npm http fetch GET 200 https://registry.npmjs.com/dir-glob/-/dir-glob-3.0.1.tgz 2772ms (cache miss)
npm http fetch GET 200 https://registry.npmjs.com/@peculiar/asn1-pfx/-/asn1-pfx-2.10.0.tgz 2830ms (cache miss)
npm http fetch GET 200 https://registry.npmjs.com/loader-utils/-/loader-utils-2.0.4.tgz 2794ms (cache miss)
npm http fetch GET 200 https://registry.npmjs.com/postcss-value-parser/-/postcss-value-parser-4.2.0.tgz 2794ms (cache miss)
npm http fetch GET 200 https://registry.npmjs.com/html-minifier-terser/-/html-minifier-terser-6.1.0.tgz 2796ms (cache miss)
npm http fetch GET 200 https://registry.npmjs.com/@types/html-minifier-terser/-/html-minifier-terser-6.1.0.tgz 2801ms (cache miss)
npm http fetch GET 200 https://registry.npmjs.com/ip-address/-/ip-address-10.7.3.tgz 2831ms (cache miss)
npm http fetch GET 200 https://registry.npmjs.com/postcss-modules-local-by-default/-/postcss-modules-local-by-default-4.2.0.tgz 2808ms (cache miss)
npm http fetch GET 200 https://registry.npmjs.com/postcss-modules-values/-/postcss-modules-values-4.0.0.tgz 2808ms (cache miss)
npm http fetch GET 200 https://registry.npmjs.com/postcss-modules-extract-imports/-/postcss-modules-extract-imports-3.1.0.tgz 2814ms (cache miss)
npm http fetch GET 200 https://registry.npmjs.com/globby/-/globby-13.2.2.tgz 2813ms (cache miss)
npm http fetch GET 200 https://registry.npmjs.com/stackframe/-/stackframe-1.3.4.tgz 2815ms (cache miss)
npm http fetch GET 200 https://registry.npmjs.com/path-type/-/path-type-4.0.0.tgz 2814ms (cache miss)
npm http fetch GET 200 https://registry.npmjs.com/postcss-modules-scope/-/postcss-modules-scope-3.2.1.tgz 2823ms (cache miss)
npm http fetch GET 200 https://registry.npmjs.com/node-gyp-build/-/node-gyp-build-4.8.4.tgz 2843ms (cache miss)
npm http fetch GET 200 https://registry.npmjs.com/is-running/-/is-running-2.1.0.tgz 2854ms (cache miss)
npm http fetch GET 200 https://registry.npmjs.com/@hapi/hoek/-/hoek-11.0.7.tgz 2889ms (cache miss)
npm http fetch GET 200 https://registry.npmjs.com/@types/har-format/-/har-format-1.2.16.tgz 2861ms (cache miss)
npm http fetch GET 200 https://registry.npmjs.com/icss-utils/-/icss-utils-5.1.0.tgz 2864ms (cache miss)
npm http fetch GET 200 https://registry.npmjs.com/@types/filesystem/-/filesystem-0.0.36.tgz 2862ms (cache miss)
npm http fetch GET 200 https://registry.npmjs.com/lodash.debounce/-/lodash.debounce-4.0.8.tgz 2863ms (cache miss)
npm http fetch GET 200 https://registry.npmjs.com/basic-ftp/-/basic-ftp-5.3.1.tgz 2889ms (cache miss)
npm http fetch GET 200 https://registry.npmjs.com/svg-parser/-/svg-parser-2.1.0.tgz 2870ms (cache miss)
npm http fetch GET 200 https://registry.npmjs.com/@svgr/hast-util-to-babel-ast/-/hast-util-to-babel-ast-7.0.0.tgz 2871ms (cache miss)
npm http fetch GET 200 https://registry.npmjs.com/@types/filewriter/-/filewriter-0.0.33.tgz 2872ms (cache miss)
npm http fetch GET 200 https://registry.npmjs.com/@types/prop-types/-/prop-types-15.7.15.tgz 2873ms (cache miss)
npm http fetch GET 200 https://registry.npmjs.com/socks/-/socks-2.8.10.tgz 2911ms (cache miss)
npm http fetch GET 200 https://registry.npmjs.com/@types/pixelmatch/-/pixelmatch-5.2.6.tgz 2887ms (cache miss)
npm http fetch GET 200 https://registry.npmjs.com/@babel/plugin-transform-react-display-name/-/plugin-transform-react-display-name-7.29.7.tgz 2901ms (cache miss)
npm http fetch GET 200 https://registry.npmjs.com/@svgr/babel-plugin-svg-em-dimensions/-/babel-plugin-svg-em-dimensions-7.0.0.tgz 2904ms (cache miss)
npm http fetch GET 200 https://registry.npmjs.com/@svgr/babel-plugin-svg-dynamic-title/-/babel-plugin-svg-dynamic-title-7.0.0.tgz 2911ms (cache miss)
npm http fetch GET 200 https://registry.npmjs.com/@babel/plugin-transform-react-pure-annotations/-/plugin-transform-react-pure-annotations-7.29.7.tgz 2919ms (cache miss)
npm http fetch GET 200 https://registry.npmjs.com/@svgr/babel-plugin-transform-svg-component/-/babel-plugin-transform-svg-component-7.0.0.tgz 2921ms (cache miss)
npm http fetch GET 200 https://registry.npmjs.com/@svgr/babel-plugin-transform-react-native-svg/-/babel-plugin-transform-react-native-svg-7.0.0.tgz 2921ms (cache miss)
npm http fetch GET 200 https://registry.npmjs.com/@svgr/babel-plugin-remove-jsx-attribute/-/babel-plugin-remove-jsx-attribute-7.0.0.tgz 2928ms (cache miss)
npm http fetch GET 200 https://registry.npmjs.com/@babel/plugin-transform-react-jsx-development/-/plugin-transform-react-jsx-development-7.29.7.tgz 2934ms (cache miss)
npm http fetch GET 200 https://registry.npmjs.com/@svgr/babel-plugin-replace-jsx-attribute-value/-/babel-plugin-replace-jsx-attribute-value-7.0.0.tgz 2941ms (cache miss)
npm http fetch GET 200 https://registry.npmjs.com/@babel/plugin-transform-react-jsx/-/plugin-transform-react-jsx-7.29.7.tgz 2946ms (cache miss)
npm http fetch GET 200 https://registry.npmjs.com/@svgr/babel-plugin-add-jsx-attribute/-/babel-plugin-add-jsx-attribute-7.0.0.tgz 2948ms (cache miss)
npm http fetch GET 200 https://registry.npmjs.com/neo-async/-/neo-async-2.6.2.tgz 2981ms (cache miss)
npm http fetch GET 200 https://registry.npmjs.com/@babel/helper-replace-supers/-/helper-replace-supers-7.29.7.tgz 2957ms (cache miss)
npm http fetch GET 200 https://registry.npmjs.com/@hapi/address/-/address-5.1.1.tgz 2995ms (cache miss)
npm http fetch GET 200 https://registry.npmjs.com/@babel/helper-member-expression-to-functions/-/helper-member-expression-to-functions-7.29.7.tgz 2963ms (cache miss)
npm http fetch GET 200 https://registry.npmjs.com/@babel/helper-wrap-function/-/helper-wrap-function-7.29.7.tgz 2964ms (cache miss)
npm http fetch GET 200 https://registry.npmjs.com/@babel/helper-remap-async-to-generator/-/helper-remap-async-to-generator-7.29.7.tgz 2972ms (cache miss)
npm http fetch GET 200 https://registry.npmjs.com/@babel/helper-annotate-as-pure/-/helper-annotate-as-pure-7.29.7.tgz 2971ms (cache miss)
npm http fetch GET 200 https://registry.npmjs.com/@svgr/babel-preset/-/babel-preset-7.0.0.tgz 2981ms (cache miss)
npm http fetch GET 200 https://registry.npmjs.com/@babel/helper-optimise-call-expression/-/helper-optimise-call-expression-7.29.7.tgz 2981ms (cache miss)
npm http fetch GET 200 https://registry.npmjs.com/@babel/helper-skip-transparent-expression-wrappers/-/helper-skip-transparent-expression-wrappers-7.29.7.tgz 2986ms (cache miss)
npm http fetch GET 200 https://registry.npmjs.com/@babel/helper-create-regexp-features-plugin/-/helper-create-regexp-features-plugin-7.29.7.tgz 2987ms (cache miss)
npm http fetch GET 200 https://registry.npmjs.com/babel-plugin-polyfill-regenerator/-/babel-plugin-polyfill-regenerator-0.6.8.tgz 2987ms (cache miss)
npm http fetch GET 200 https://registry.npmjs.com/@babel/plugin-transform-unicode-regex/-/plugin-transform-unicode-regex-7.29.7.tgz 3004ms (cache miss)
npm http fetch GET 200 https://registry.npmjs.com/@svgr/babel-plugin-remove-jsx-empty-expression/-/babel-plugin-remove-jsx-empty-expression-7.0.0.tgz 3016ms (cache miss)
npm http fetch GET 200 https://registry.npmjs.com/@babel/plugin-transform-unicode-sets-regex/-/plugin-transform-unicode-sets-regex-7.29.7.tgz 3017ms (cache miss)
npm http fetch GET 200 https://registry.npmjs.com/regexpu-core/-/regexpu-core-6.5.2.tgz 3027ms (cache miss)
npm http fetch GET 200 https://registry.npmjs.com/@babel/plugin-transform-sticky-regex/-/plugin-transform-sticky-regex-7.29.7.tgz 3026ms (cache miss)
npm http fetch GET 200 https://registry.npmjs.com/@babel/plugin-transform-typeof-symbol/-/plugin-transform-typeof-symbol-7.29.7.tgz 3026ms (cache miss)
npm http fetch GET 200 https://registry.npmjs.com/css-select/-/css-select-4.3.0.tgz 3061ms (cache miss)
npm http fetch GET 200 https://registry.npmjs.com/@babel/plugin-transform-template-literals/-/plugin-transform-template-literals-7.29.7.tgz 3038ms (cache miss)
npm http fetch GET 200 https://registry.npmjs.com/@babel/plugin-transform-unicode-property-regex/-/plugin-transform-unicode-property-regex-7.29.7.tgz 3040ms (cache miss)
npm http fetch GET 200 https://registry.npmjs.com/babel-plugin-polyfill-corejs2/-/babel-plugin-polyfill-corejs2-0.4.17.tgz 3047ms (cache miss)
npm http fetch GET 200 https://registry.npmjs.com/@babel/plugin-transform-reserved-words/-/plugin-transform-reserved-words-7.29.7.tgz 3046ms (cache miss)
npm http fetch GET 200 https://registry.npmjs.com/@babel/plugin-transform-unicode-escapes/-/plugin-transform-unicode-escapes-7.29.7.tgz 3053ms (cache miss)
npm http fetch GET 200 https://registry.npmjs.com/@babel/plugin-transform-spread/-/plugin-transform-spread-7.29.8.tgz 3053ms (cache miss)
npm http fetch GET 200 https://registry.npmjs.com/@babel/plugin-transform-shorthand-properties/-/plugin-transform-shorthand-properties-7.29.7.tgz 3053ms (cache miss)
npm http fetch GET 200 https://registry.npmjs.com/@parcel/watcher/-/watcher-2.6.0.tgz 3091ms (cache miss)
npm http fetch GET 200 https://registry.npmjs.com/dompurify/-/dompurify-3.2.7.tgz 3078ms (cache miss)
npm http fetch GET 200 https://registry.npmjs.com/@babel/plugin-transform-regexp-modifiers/-/plugin-transform-regexp-modifiers-7.29.7.tgz 3060ms (cache miss)
npm http fetch GET 200 https://registry.npmjs.com/@peculiar/asn1-schema/-/asn1-schema-2.10.0.tgz 3119ms (cache miss)
npm http fetch GET 200 https://registry.npmjs.com/@babel/plugin-transform-property-literals/-/plugin-transform-property-literals-7.29.7.tgz 3074ms (cache miss)
npm http fetch GET 200 https://registry.npmjs.com/@babel/plugin-transform-optional-chaining/-/plugin-transform-optional-chaining-7.29.7.tgz 3079ms (cache miss)
npm http fetch GET 200 https://registry.npmjs.com/@lit-labs/ssr-dom-shim/-/ssr-dom-shim-1.6.0.tgz 3103ms (cache miss)
npm http fetch GET 200 https://registry.npmjs.com/@babel/plugin-transform-optional-catch-binding/-/plugin-transform-optional-catch-binding-7.29.7.tgz 3085ms (cache miss)
npm http fetch GET 200 https://registry.npmjs.com/@babel/plugin-transform-private-methods/-/plugin-transform-private-methods-7.29.7.tgz 3094ms (cache miss)
npm http fetch GET 200 https://registry.npmjs.com/@babel/plugin-transform-object-super/-/plugin-transform-object-super-7.29.7.tgz 3105ms (cache miss)
npm http fetch GET 200 https://registry.npmjs.com/@babel/plugin-transform-numeric-separator/-/plugin-transform-numeric-separator-7.29.7.tgz 3104ms (cache miss)
npm http fetch GET 200 https://registry.npmjs.com/@babel/plugin-transform-named-capturing-groups-regex/-/plugin-transform-named-capturing-groups-regex-7.29.7.tgz 3110ms (cache miss)
npm http fetch GET 200 https://registry.npmjs.com/@babel/plugin-transform-nullish-coalescing-operator/-/plugin-transform-nullish-coalescing-operator-7.29.7.tgz 3111ms (cache miss)
npm http fetch GET 200 https://registry.npmjs.com/@babel/plugin-transform-private-property-in-object/-/plugin-transform-private-property-in-object-7.29.7.tgz 3113ms (cache miss)
npm http fetch GET 200 https://registry.npmjs.com/@rollup/rollup-linux-arm64-gnu/-/rollup-linux-arm64-gnu-4.63.6.tgz 3152ms (cache miss)
npm http fetch GET 200 https://registry.npmjs.com/@babel/plugin-transform-object-rest-spread/-/plugin-transform-object-rest-spread-7.29.7.tgz 3117ms (cache miss)
npm http fetch GET 200 https://registry.npmjs.com/@babel/plugin-transform-modules-umd/-/plugin-transform-modules-umd-7.29.7.tgz 3117ms (cache miss)
npm http fetch GET 200 https://registry.npmjs.com/@babel/plugin-transform-new-target/-/plugin-transform-new-target-7.29.7.tgz 3118ms (cache miss)
npm http fetch GET 200 https://registry.npmjs.com/@babel/plugin-transform-typescript/-/plugin-transform-typescript-7.29.9.tgz 3139ms (cache miss)
npm http fetch GET 200 https://registry.npmjs.com/@babel/plugin-transform-literals/-/plugin-transform-literals-7.29.7.tgz 3137ms (cache miss)
npm http fetch GET 200 https://registry.npmjs.com/@babel/plugin-transform-member-expression-literals/-/plugin-transform-member-expression-literals-7.29.7.tgz 3137ms (cache miss)
npm http fetch GET 200 https://registry.npmjs.com/@babel/plugin-transform-modules-amd/-/plugin-transform-modules-amd-7.29.7.tgz 3137ms (cache miss)
npm http fetch GET 200 https://registry.npmjs.com/@babel/plugin-transform-modules-commonjs/-/plugin-transform-modules-commonjs-7.29.7.tgz 3143ms (cache miss)
npm http fetch GET 200 https://registry.npmjs.com/@jsonjoy.com/fs-node-utils/-/fs-node-utils-4.80.0.tgz 3213ms (cache miss)
npm http fetch GET 200 https://registry.npmjs.com/@babel/plugin-transform-parameters/-/plugin-transform-parameters-7.29.7.tgz 3154ms (cache miss)
npm http fetch GET 200 https://registry.npmjs.com/@babel/plugin-transform-json-strings/-/plugin-transform-json-strings-7.29.7.tgz 3152ms (cache miss)
npm http fetch GET 200 https://registry.npmjs.com/@babel/plugin-transform-logical-assignment-operators/-/plugin-transform-logical-assignment-operators-7.29.7.tgz 3152ms (cache miss)
npm http fetch GET 200 https://registry.npmjs.com/marked/-/marked-14.0.0.tgz 3180ms (cache miss)
npm http fetch GET 200 https://registry.npmjs.com/@babel/plugin-transform-export-namespace-from/-/plugin-transform-export-namespace-from-7.29.7.tgz 3156ms (cache miss)
npm http fetch GET 200 https://registry.npmjs.com/@babel/plugin-transform-for-of/-/plugin-transform-for-of-7.29.7.tgz 3161ms (cache miss)
npm http fetch GET 200 https://registry.npmjs.com/@babel/plugin-transform-explicit-resource-management/-/plugin-transform-explicit-resource-management-7.29.7.tgz 3167ms (cache miss)
npm http fetch GET 200 https://registry.npmjs.com/@babel/plugin-transform-exponentiation-operator/-/plugin-transform-exponentiation-operator-7.29.7.tgz 3167ms (cache miss)
npm http fetch GET 200 https://registry.npmjs.com/@babel/plugin-transform-dynamic-import/-/plugin-transform-dynamic-import-7.29.7.tgz 3173ms (cache miss)
npm http fetch GET 200 https://registry.npmjs.com/@babel/plugin-transform-dotall-regex/-/plugin-transform-dotall-regex-7.29.7.tgz 3173ms (cache miss)
npm http fetch GET 200 https://registry.npmjs.com/@babel/plugin-transform-function-name/-/plugin-transform-function-name-7.29.7.tgz 3180ms (cache miss)
npm http fetch GET 200 https://registry.npmjs.com/bare-url/-/bare-url-2.5.4.tgz 3254ms (cache miss)
npm http fetch GET 200 https://registry.npmjs.com/@babel/plugin-transform-duplicate-named-capturing-groups-regex/-/plugin-transform-duplicate-named-capturing-groups-regex-7.29.7.tgz 3187ms (cache miss)
npm http fetch GET 200 https://registry.npmjs.com/@babel/plugin-transform-modules-systemjs/-/plugin-transform-modules-systemjs-7.29.8.tgz 3189ms (cache miss)
npm http fetch GET 200 https://registry.npmjs.com/bonjour-service/-/bonjour-service-1.4.4.tgz 3239ms (cache miss)
npm http fetch GET 200 https://registry.npmjs.com/@babel/plugin-transform-duplicate-keys/-/plugin-transform-duplicate-keys-7.29.7.tgz 3195ms (cache miss)
npm http fetch GET 200 https://registry.npmjs.com/@babel/plugin-transform-computed-properties/-/plugin-transform-computed-properties-7.29.7.tgz 3194ms (cache miss)
npm http fetch GET 200 https://registry.npmjs.com/@babel/plugin-transform-class-static-block/-/plugin-transform-class-static-block-7.29.7.tgz 3206ms (cache miss)
npm http fetch GET 200 https://registry.npmjs.com/@babel/plugin-transform-class-properties/-/plugin-transform-class-properties-7.29.7.tgz 3211ms (cache miss)
npm http fetch GET 200 https://registry.npmjs.com/babel-plugin-polyfill-corejs3/-/babel-plugin-polyfill-corejs3-0.14.2.tgz 3226ms (cache miss)
npm http fetch GET 200 https://registry.npmjs.com/@babel/plugin-transform-destructuring/-/plugin-transform-destructuring-7.29.7.tgz 3219ms (cache miss)
npm http fetch GET 200 https://registry.npmjs.com/@babel/plugin-transform-block-scoped-functions/-/plugin-transform-block-scoped-functions-7.29.7.tgz 3218ms (cache miss)
npm http fetch GET 200 https://registry.npmjs.com/@babel/plugin-transform-async-to-generator/-/plugin-transform-async-to-generator-7.29.7.tgz 3218ms (cache miss)
npm http fetch GET 200 https://registry.npmjs.com/@peculiar/asn1-x509-attr/-/asn1-x509-attr-2.10.0.tgz 3290ms (cache miss)
npm http fetch GET 200 https://registry.npmjs.com/@babel/plugin-transform-async-generator-functions/-/plugin-transform-async-generator-functions-7.29.7.tgz 3230ms (cache miss)
npm http fetch GET 200 https://registry.npmjs.com/@babel/plugin-transform-arrow-functions/-/plugin-transform-arrow-functions-7.29.7.tgz 3240ms (cache miss)
npm http fetch GET 200 https://registry.npmjs.com/@babel/plugin-syntax-unicode-sets-regex/-/plugin-syntax-unicode-sets-regex-7.18.6.tgz 3239ms (cache miss)
npm http fetch GET 200 https://registry.npmjs.com/@babel/plugin-transform-classes/-/plugin-transform-classes-7.29.7.tgz 3246ms (cache miss)
npm http fetch GET 200 https://registry.npmjs.com/@babel/plugin-bugfix-v8-static-class-fields-redefine-readonly/-/plugin-bugfix-v8-static-class-fields-redefine-readonly-7.29.7.tgz 3244ms (cache miss)
npm http fetch GET 200 https://registry.npmjs.com/@babel/plugin-bugfix-v8-spread-parameters-in-optional-chaining/-/plugin-bugfix-v8-spread-parameters-in-optional-chaining-7.29.7.tgz 3251ms (cache miss)
npm http fetch GET 200 https://registry.npmjs.com/@babel/helper-define-polyfill-provider/-/helper-define-polyfill-provider-0.6.8.tgz 3273ms (cache miss)
npm http fetch GET 200 https://registry.npmjs.com/@babel/plugin-syntax-import-assertions/-/plugin-syntax-import-assertions-7.29.7.tgz 3258ms (cache miss)
npm http fetch GET 200 https://registry.npmjs.com/@babel/plugin-bugfix-safari-class-field-initializer-scope/-/plugin-bugfix-safari-class-field-initializer-scope-7.29.7.tgz 3279ms (cache miss)
npm http fetch GET 200 https://registry.npmjs.com/@babel/plugin-bugfix-safari-id-destructuring-collision-in-function-expression/-/plugin-bugfix-safari-id-destructuring-collision-in-function-expression-7.29.7.tgz 3290ms (cache miss)
npm http fetch GET 200 https://registry.npmjs.com/core-js-compat/-/core-js-compat-3.50.0.tgz 3308ms (cache miss)
npm http fetch GET 200 https://registry.npmjs.com/@svgr/plugin-svgo/-/plugin-svgo-7.0.0.tgz 3296ms (cache miss)
npm http fetch GET 200 https://registry.npmjs.com/@svgr/plugin-jsx/-/plugin-jsx-7.0.0.tgz 3296ms (cache miss)
npm http fetch GET 200 https://registry.npmjs.com/@babel/preset-react/-/preset-react-7.29.7.tgz 3296ms (cache miss)
npm http fetch GET 200 https://registry.npmjs.com/@babel/plugin-bugfix-safari-rest-destructuring-rhs-array/-/plugin-bugfix-safari-rest-destructuring-rhs-array-7.29.7.tgz 3303ms (cache miss)
npm http fetch GET 200 https://registry.npmjs.com/@babel/plugin-proposal-private-property-in-object/-/plugin-proposal-private-property-in-object-7.21.0-placeholder-for-preset-env.2.tgz 3305ms (cache miss)
npm http fetch GET 200 https://registry.npmjs.com/@babel/preset-typescript/-/preset-typescript-7.29.7.tgz 3303ms (cache miss)
npm http fetch GET 200 https://registry.npmjs.com/@babel/plugin-bugfix-firefox-class-in-computed-class-key/-/plugin-bugfix-firefox-class-in-computed-class-key-7.29.7.tgz 3311ms (cache miss)
npm http fetch GET 200 https://registry.npmjs.com/@babel/plugin-transform-block-scoping/-/plugin-transform-block-scoping-7.29.7.tgz 3320ms (cache miss)
npm http fetch GET 200 https://registry.npmjs.com/@babel/plugin-transform-react-constant-elements/-/plugin-transform-react-constant-elements-7.29.7.tgz 3317ms (cache miss)
npm http fetch GET 200 https://registry.npmjs.com/@svgr/core/-/core-7.0.0.tgz 3317ms (cache miss)
npm http fetch GET 200 https://registry.npmjs.com/smob/-/smob-1.6.2.tgz 3316ms (cache miss)
npm http fetch GET 200 https://registry.npmjs.com/serialize-javascript/-/serialize-javascript-6.0.2.tgz 3320ms (cache miss)
npm http fetch GET 200 https://registry.npmjs.com/is-module/-/is-module-1.0.0.tgz 3341ms (cache miss)
npm http fetch GET 200 https://registry.npmjs.com/@babel/helper-create-class-features-plugin/-/helper-create-class-features-plugin-7.29.7.tgz 3362ms (cache miss)
npm http fetch GET 200 https://registry.npmjs.com/estree-walker/-/estree-walker-2.0.2.tgz 3348ms (cache miss)
npm http fetch GET 200 https://registry.npmjs.com/@types/resolve/-/resolve-1.20.2.tgz 3348ms (cache miss)
npm http fetch GET 200 https://registry.npmjs.com/pngjs/-/pngjs-3.4.0.tgz 3377ms (cache miss)
npm http fetch GET 200 https://registry.npmjs.com/anser/-/anser-2.3.5.tgz 3352ms (cache miss)
npm http fetch GET 200 https://registry.npmjs.com/@rollup/pluginutils/-/pluginutils-5.4.0.tgz 3353ms (cache miss)
npm http fetch GET 200 https://registry.npmjs.com/is-reference/-/is-reference-1.2.1.tgz 3357ms (cache miss)
npm http fetch GET 200 https://registry.npmjs.com/cosmiconfig/-/cosmiconfig-8.3.6.tgz 3381ms (cache miss)
npm http fetch GET 200 https://registry.npmjs.com/error-stack-parser/-/error-stack-parser-2.1.4.tgz 3374ms (cache miss)
npm http fetch GET 200 https://registry.npmjs.com/postcss-selector-parser/-/postcss-selector-parser-7.1.6.tgz 3417ms (cache miss)
npm http fetch GET 200 https://registry.npmjs.com/@griffel/style-types/-/style-types-1.4.3.tgz 3392ms (cache miss)
npm http fetch GET 200 https://registry.npmjs.com/@emotion/hash/-/hash-0.9.2.tgz 3396ms (cache miss)
npm http fetch GET 200 https://registry.npmjs.com/prop-types/-/prop-types-15.8.1.tgz 3408ms (cache miss)
npm http fetch GET 200 https://registry.npmjs.com/pac-resolver/-/pac-resolver-7.0.1.tgz 3452ms (cache miss)
npm http fetch GET 200 https://registry.npmjs.com/keyborg/-/keyborg-2.14.1.tgz 3414ms (cache miss)
npm http fetch GET 200 https://registry.npmjs.com/use-sync-external-store/-/use-sync-external-store-1.7.0.tgz 3413ms (cache miss)
npm http fetch GET 200 https://registry.npmjs.com/@fortawesome/fontawesome-common-types/-/fontawesome-common-types-6.7.2.tgz 3419ms (cache miss)
npm http fetch GET 200 https://registry.npmjs.com/ast-types/-/ast-types-0.13.4.tgz 3464ms (cache miss)
npm http fetch GET 200 https://registry.npmjs.com/@babel/preset-modules/-/preset-modules-0.1.6-no-external-plugins.tgz 3445ms (cache miss)
npm http fetch GET 200 https://registry.npmjs.com/@floating-ui/devtools/-/devtools-0.2.3.tgz 3441ms (cache miss)
npm http fetch GET 200 https://registry.npmjs.com/scheduler/-/scheduler-0.28.0.tgz 3458ms (cache miss)
npm http fetch GET 200 https://registry.npmjs.com/@react-dnd/asap/-/asap-4.0.1.tgz 3509ms (cache miss)
npm http fetch GET 200 https://registry.npmjs.com/@babel/plugin-transform-regenerator/-/plugin-transform-regenerator-7.29.8.tgz 3496ms (cache miss)
npm http fetch GET 200 https://registry.npmjs.com/graphlib/-/graphlib-2.1.8.tgz 3540ms (cache miss)
npm http fetch GET 200 https://registry.npmjs.com/@fluentui/react-theme/-/react-theme-9.2.2.tgz 3575ms (cache miss)
npm http fetch GET 200 https://registry.npmjs.com/@floating-ui/core/-/core-1.8.0.tgz 3585ms (cache miss)
npm http fetch GET 200 https://registry.npmjs.com/stylis/-/stylis-4.4.0.tgz 3596ms (cache miss)
npm http fetch GET 200 https://registry.npmjs.com/magic-string/-/magic-string-0.30.21.tgz 3624ms (cache miss)
npm http fetch GET 200 https://registry.npmjs.com/joi/-/joi-18.2.9.tgz 3738ms (cache miss)
npm http fetch GET 200 https://registry.npmjs.com/@floating-ui/utils/-/utils-0.2.12.tgz 3731ms (cache miss)
npm http fetch GET 200 https://registry.npmjs.com/@floating-ui/dom/-/dom-1.8.0.tgz 3815ms (cache miss)
npm http fetch GET 200 https://registry.npmjs.com/embla-carousel-fade/-/embla-carousel-fade-8.6.0.tgz 3835ms (cache miss)
npm http fetch GET 200 https://registry.npmjs.com/embla-carousel-autoplay/-/embla-carousel-autoplay-8.6.0.tgz 3873ms (cache miss)
npm http fetch GET 200 https://registry.npmjs.com/devtools-protocol/-/devtools-protocol-0.0.1312386.tgz 3922ms (cache miss)
npm http fetch GET 200 https://registry.npmjs.com/rtl-css-js/-/rtl-css-js-1.16.1.tgz 3896ms (cache miss)
npm http fetch GET 200 https://registry.npmjs.com/zod/-/zod-3.23.8.tgz 3970ms (cache miss)
npm http fetch GET 200 https://registry.npmjs.com/@griffel/react/-/react-1.7.8.tgz 3918ms (cache miss)
npm http fetch GET 200 https://registry.npmjs.com/@dnd-kit/accessibility/-/accessibility-3.1.1.tgz 3927ms (cache miss)
npm http fetch GET 200 https://registry.npmjs.com/@types/emscripten/-/emscripten-1.41.6.tgz 3936ms (cache miss)
npm http fetch GET 200 https://registry.npmjs.com/cross-env/-/cross-env-7.0.3.tgz 3946ms (cache miss)
npm http fetch GET 200 https://registry.npmjs.com/postcss/-/postcss-8.5.28.tgz 3989ms (cache miss)
npm http fetch GET 200 https://registry.npmjs.com/csstype/-/csstype-3.2.3.tgz 3967ms (cache miss)
npm http fetch GET 200 https://registry.npmjs.com/memlab/-/memlab-1.1.60.tgz 3955ms (cache miss)
npm http fetch GET 200 https://registry.npmjs.com/@dnd-kit/modifiers/-/modifiers-9.0.0.tgz 3956ms (cache miss)
npm http fetch GET 200 https://registry.npmjs.com/commondir/-/commondir-1.0.1.tgz 3964ms (cache miss)
npm http fetch GET 200 https://registry.npmjs.com/@types/jest-image-snapshot/-/jest-image-snapshot-4.3.2.tgz 3963ms (cache miss)
npm http fetch GET 200 https://registry.npmjs.com/https/-/https-1.0.0.tgz 3991ms (cache miss)
npm http fetch GET 200 https://registry.npmjs.com/@types/ws/-/ws-8.18.2.tgz 3992ms (cache miss)
npm http fetch GET 200 https://registry.npmjs.com/@typescript/ata/-/ata-0.9.8.tgz 3991ms (cache miss)
npm http fetch GET 200 https://registry.npmjs.com/ts-debounce/-/ts-debounce-4.0.0.tgz 3992ms (cache miss)
npm http fetch GET 200 https://registry.npmjs.com/monaco-editor-webpack-plugin/-/monaco-editor-webpack-plugin-7.1.1.tgz 4005ms (cache miss)
npm http fetch GET 200 https://registry.npmjs.com/@fluentui/react-context-selector/-/react-context-selector-9.2.20.tgz 4028ms (cache miss)
npm http fetch GET 200 https://registry.npmjs.com/@types/uuid/-/uuid-10.0.0.tgz 4017ms (cache miss)
npm http fetch GET 200 https://registry.npmjs.com/url-loader/-/url-loader-4.1.1.tgz 4041ms (cache miss)
npm http fetch GET 200 https://registry.npmjs.com/file-loader/-/file-loader-6.2.0.tgz 4042ms (cache miss)
npm http fetch GET 200 https://registry.npmjs.com/@svgr/webpack/-/webpack-7.0.0.tgz 4042ms (cache miss)
npm http fetch GET 200 https://registry.npmjs.com/source-map-loader/-/source-map-loader-4.0.2.tgz 4091ms (cache miss)
npm http fetch GET 200 https://registry.npmjs.com/copy-webpack-plugin/-/copy-webpack-plugin-11.0.0.tgz 4134ms (cache miss)
npm http fetch GET 200 https://registry.npmjs.com/sass-loader/-/sass-loader-16.0.8.tgz 4134ms (cache miss)
npm http fetch GET 200 https://registry.npmjs.com/@peculiar/asn1-cms/-/asn1-cms-2.10.0.tgz 4270ms (cache miss)
npm http fetch GET 200 https://registry.npmjs.com/rollup-plugin-minify-template-literals/-/rollup-plugin-minify-template-literals-1.1.7.tgz 4189ms (cache miss)
npm http fetch GET 200 https://registry.npmjs.com/split.js/-/split.js-1.6.5.tgz 4200ms (cache miss)
npm http fetch GET 200 https://registry.npmjs.com/@types/dagre/-/dagre-0.7.54.tgz 4199ms (cache miss)
npm http fetch GET 200 https://registry.npmjs.com/@rollup/plugin-terser/-/plugin-terser-0.4.4.tgz 4216ms (cache miss)
npm http fetch GET 200 https://registry.npmjs.com/jest-puppeteer/-/jest-puppeteer-10.1.4.tgz 4216ms (cache miss)
npm http fetch GET 200 https://registry.npmjs.com/@fluentui/keyboard-keys/-/keyboard-keys-9.0.9.tgz 4245ms (cache miss)
npm http fetch GET 200 https://registry.npmjs.com/jest-image-snapshot/-/jest-image-snapshot-6.5.2.tgz 4262ms (cache miss)
npm http fetch GET 200 https://registry.npmjs.com/react-dnd-touch-backend/-/react-dnd-touch-backend-15.0.1.tgz 4257ms (cache miss)
npm http fetch GET 200 https://registry.npmjs.com/react-refresh/-/react-refresh-0.17.0.tgz 4294ms (cache miss)
npm http fetch GET 200 https://registry.npmjs.com/@rollup/plugin-alias/-/plugin-alias-5.1.1.tgz 4348ms (cache miss)
npm http fetch GET 200 https://registry.npmjs.com/@types/react-dom/-/react-dom-18.3.7.tgz 4371ms (cache miss)
npm http fetch GET 200 https://registry.npmjs.com/@memlab/lens/-/lens-1.0.3.tgz 4437ms (cache miss)
npm http fetch GET 200 https://registry.npmjs.com/@types/draco3dgltf/-/draco3dgltf-1.4.3.tgz 4397ms (cache miss)
npm http fetch GET 200 https://registry.npmjs.com/@types/draco3d/-/draco3d-1.4.10.tgz 4412ms (cache miss)
npm http fetch GET 200 https://registry.npmjs.com/@types/mv/-/mv-2.1.4.tgz 4426ms (cache miss)
npm http fetch GET 200 https://registry.npmjs.com/mv/-/mv-2.1.1.tgz 4427ms (cache miss)
npm http fetch GET 200 https://registry.npmjs.com/html-entities/-/html-entities-2.6.0.tgz 4462ms (cache miss)
npm http fetch GET 200 https://registry.npmjs.com/@fluentui/priority-overflow/-/priority-overflow-9.4.3.tgz 4460ms (cache miss)
npm http fetch GET 200 https://registry.npmjs.com/filelist/-/filelist-1.0.6.tgz 4440ms (cache miss)
npm http fetch GET 200 https://registry.npmjs.com/browserstack-local/-/browserstack-local-1.5.15.tgz 4460ms (cache miss)
npm http fetch GET 200 https://registry.npmjs.com/@types/eslint/-/eslint-9.6.1.tgz 4459ms (cache miss)
npm http fetch GET 200 https://registry.npmjs.com/@rollup/plugin-node-resolve/-/plugin-node-resolve-15.3.1.tgz 4474ms (cache miss)
npm http fetch GET 200 https://registry.npmjs.com/@rollup/plugin-typescript/-/plugin-typescript-11.1.6.tgz 4474ms (cache miss)
npm http fetch GET 200 https://registry.npmjs.com/node-machine-id/-/node-machine-id-1.1.12.tgz 4470ms (cache miss)
npm http fetch GET 200 https://registry.npmjs.com/usehooks-ts/-/usehooks-ts-3.1.1.tgz 4487ms (cache miss)
npm http fetch GET 200 https://registry.npmjs.com/strong-log-transformer/-/strong-log-transformer-2.1.0.tgz 4484ms (cache miss)
npm http fetch GET 200 https://registry.npmjs.com/duplexer/-/duplexer-0.1.2.tgz 4484ms (cache miss)
npm http fetch GET 200 https://registry.npmjs.com/through/-/through-2.3.8.tgz 4485ms (cache miss)
npm http fetch GET 200 https://registry.npmjs.com/front-matter/-/front-matter-4.0.2.tgz 4499ms (cache miss)
npm http fetch GET 200 https://registry.npmjs.com/@fortawesome/react-fontawesome/-/react-fontawesome-0.2.6.tgz 4502ms (cache miss)
npm warn deprecated @fortawesome/react-fontawesome@0.2.6: v0.2.x is no longer supported. Unless you are still using FontAwesome 5, please update to v3.1.1 or greater.
npm http fetch GET 200 https://registry.npmjs.com/@nrwl/devkit/-/devkit-19.8.4.tgz 4517ms (cache miss)
npm http fetch GET 200 https://registry.npmjs.com/path-is-absolute/-/path-is-absolute-1.0.1.tgz 4516ms (cache miss)
npm http fetch GET 200 https://registry.npmjs.com/@types/chrome/-/chrome-0.0.268.tgz 4538ms (cache miss)
npm http fetch GET 200 https://registry.npmjs.com/html-webpack-plugin/-/html-webpack-plugin-5.6.8.tgz 4533ms (cache miss)
npm http fetch GET 200 https://registry.npmjs.com/react-is/-/react-is-19.3.0.tgz 4529ms (cache miss)
npm http fetch GET 200 https://registry.npmjs.com/rollup-plugin-dts/-/rollup-plugin-dts-6.5.1.tgz 4548ms (cache miss)
npm http fetch GET 200 https://registry.npmjs.com/fs.realpath/-/fs.realpath-1.0.0.tgz 4542ms (cache miss)
npm http fetch GET 200 https://registry.npmjs.com/inflight/-/inflight-1.0.6.tgz 4544ms (cache miss)
npm warn deprecated inflight@1.0.6: This module is not supported, and leaks memory. Do not use it. Check out lru-cache if you want a good and tested way to coalesce async requests by a key value, which is much more comprehensive and powerful.
npm http fetch GET 200 https://registry.npmjs.com/react-is/-/react-is-18.3.1.tgz 4544ms (cache miss)
npm http fetch GET 200 https://registry.npmjs.com/fn.name/-/fn.name-1.1.0.tgz 4543ms (cache miss)
npm http fetch GET 200 https://registry.npmjs.com/@rollup/plugin-commonjs/-/plugin-commonjs-26.0.3.tgz 4565ms (cache miss)
npm http fetch GET 200 https://registry.npmjs.com/color-string/-/color-string-2.1.4.tgz 4558ms (cache miss)
npm http fetch GET 200 https://registry.npmjs.com/sprintf-js/-/sprintf-js-1.0.3.tgz 4558ms (cache miss)
npm http fetch GET 200 https://registry.npmjs.com/concat-map/-/concat-map-0.0.1.tgz 4559ms (cache miss)
npm http fetch GET 200 https://registry.npmjs.com/p-try/-/p-try-2.2.0.tgz 4560ms (cache miss)
npm http fetch GET 200 https://registry.npmjs.com/re-resizable/-/re-resizable-6.11.2.tgz 4581ms (cache miss)
npm http fetch GET 200 https://registry.npmjs.com/@jest/get-type/-/get-type-30.5.0.tgz 4578ms (cache miss)
npm http fetch GET 200 https://registry.npmjs.com/text-hex/-/text-hex-1.0.0.tgz 4577ms (cache miss)
npm http fetch GET 200 https://registry.npmjs.com/@jest/pattern/-/pattern-30.5.0.tgz 4579ms (cache miss)
npm http fetch GET 200 https://registry.npmjs.com/enabled/-/enabled-2.0.0.tgz 4591ms (cache miss)
npm http fetch GET 200 https://registry.npmjs.com/utf-8-validate/-/utf-8-validate-5.0.10.tgz 4617ms (cache miss)
npm http fetch GET 200 https://registry.npmjs.com/triple-beam/-/triple-beam-1.4.1.tgz 4605ms (cache miss)
npm http fetch GET 200 https://registry.npmjs.com/color/-/color-5.0.3.tgz 4607ms (cache miss)
npm http fetch GET 200 https://registry.npmjs.com/safe-stable-stringify/-/safe-stable-stringify-2.5.0.tgz 4606ms (cache miss)
npm http fetch GET 200 https://registry.npmjs.com/stack-trace/-/stack-trace-0.0.10.tgz 4606ms (cache miss)
npm http fetch GET 200 https://registry.npmjs.com/kuler/-/kuler-2.0.0.tgz 4607ms (cache miss)
npm http fetch GET 200 https://registry.npmjs.com/@so-ric/colorspace/-/colorspace-1.1.6.tgz 4621ms (cache miss)
npm http fetch GET 200 https://registry.npmjs.com/winston-transport/-/winston-transport-4.9.0.tgz 4633ms (cache miss)
npm http fetch GET 200 https://registry.npmjs.com/one-time/-/one-time-1.0.0.tgz 4633ms (cache miss)
npm http fetch GET 200 https://registry.npmjs.com/is-weakset/-/is-weakset-2.0.4.tgz 4633ms (cache miss)
npm http fetch GET 200 https://registry.npmjs.com/@dabh/diagnostics/-/diagnostics-2.0.9.tgz 4650ms (cache miss)
npm http fetch GET 200 https://registry.npmjs.com/async-function/-/async-function-1.0.0.tgz 4663ms (cache miss)
npm http fetch GET 200 https://registry.npmjs.com/which-collection/-/which-collection-1.0.2.tgz 4663ms (cache miss)
npm http fetch GET 200 https://registry.npmjs.com/@colors/colors/-/colors-1.6.1.tgz 4677ms (cache miss)
npm http fetch GET 200 https://registry.npmjs.com/generator-function/-/generator-function-2.0.1.tgz 4676ms (cache miss)
npm http fetch GET 200 https://registry.npmjs.com/is-map/-/is-map-2.0.3.tgz 4677ms (cache miss)
npm http fetch GET 200 https://registry.npmjs.com/is-async-function/-/is-async-function-2.1.1.tgz 4677ms (cache miss)
npm http fetch GET 200 https://registry.npmjs.com/is-weakmap/-/is-weakmap-2.0.2.tgz 4691ms (cache miss)
npm http fetch GET 200 https://registry.npmjs.com/esprima/-/esprima-4.0.1.tgz 4707ms (cache miss)
npm http fetch GET 200 https://registry.npmjs.com/is-boolean-object/-/is-boolean-object-1.2.2.tgz 4703ms (cache miss)
npm http fetch GET 200 https://registry.npmjs.com/isexe/-/isexe-2.0.0.tgz 4703ms (cache miss)
npm http fetch GET 200 https://registry.npmjs.com/is-number-object/-/is-number-object-1.1.1.tgz 4704ms (cache miss)
npm http fetch GET 200 https://registry.npmjs.com/is-finalizationregistry/-/is-finalizationregistry-1.1.1.tgz 4705ms (cache miss)
npm http fetch GET 200 https://registry.npmjs.com/is-generator-function/-/is-generator-function-1.1.2.tgz 4705ms (cache miss)
npm http fetch GET 200 https://registry.npmjs.com/nyc/-/nyc-17.1.0.tgz 4734ms (cache miss)
npm http fetch GET 200 https://registry.npmjs.com/bufferutil/-/bufferutil-4.1.0.tgz 4733ms (cache miss)
npm http fetch GET 200 https://registry.npmjs.com/is-bigint/-/is-bigint-1.1.0.tgz 4719ms (cache miss)
npm http fetch GET 200 https://registry.npmjs.com/@babel/preset-env/-/preset-env-7.29.7.tgz 4763ms (cache miss)
npm http fetch GET 200 https://registry.npmjs.com/css-loader/-/css-loader-7.1.5.tgz 4743ms (cache miss)
npm http fetch GET 200 https://registry.npmjs.com/safer-buffer/-/safer-buffer-2.1.2.tgz 4732ms (cache miss)
npm http fetch GET 200 https://registry.npmjs.com/@fortawesome/fontawesome-svg-core/-/fontawesome-svg-core-6.7.2.tgz 4754ms (cache miss)
npm http fetch GET 200 https://registry.npmjs.com/is-plain-object/-/is-plain-object-2.0.4.tgz 4745ms (cache miss)
npm http fetch GET 200 https://registry.npmjs.com/isobject/-/isobject-3.0.1.tgz 4770ms (cache miss)
npm http fetch GET 200 https://registry.npmjs.com/clone-deep/-/clone-deep-4.0.1.tgz 4770ms (cache miss)
npm http fetch GET 200 https://registry.npmjs.com/react-refresh-typescript/-/react-refresh-typescript-2.0.12.tgz 4799ms (cache miss)
npm http fetch GET 200 https://registry.npmjs.com/rechoir/-/rechoir-0.8.0.tgz 4789ms (cache miss)
npm http fetch GET 200 https://registry.npmjs.com/shallow-clone/-/shallow-clone-3.0.1.tgz 4789ms (cache miss)
npm http fetch GET 200 https://registry.npmjs.com/interpret/-/interpret-3.1.1.tgz 4801ms (cache miss)
npm http fetch GET 200 https://registry.npmjs.com/colorette/-/colorette-2.0.20.tgz 4802ms (cache miss)
npm http fetch GET 200 https://registry.npmjs.com/fecha/-/fecha-4.2.3.tgz 4819ms (cache miss)
npm http fetch GET 200 https://registry.npmjs.com/fastest-levenshtein/-/fastest-levenshtein-1.0.16.tgz 4814ms (cache miss)
npm http fetch GET 200 https://registry.npmjs.com/@webpack-cli/serve/-/serve-3.0.1.tgz 4815ms (cache miss)
npm http fetch GET 200 https://registry.npmjs.com/wildcard/-/wildcard-2.0.1.tgz 4816ms (cache miss)
npm http fetch GET 200 https://registry.npmjs.com/@webpack-cli/info/-/info-3.0.1.tgz 4828ms (cache miss)
npm http fetch GET 200 https://registry.npmjs.com/envinfo/-/envinfo-7.21.0.tgz 4843ms (cache miss)
npm http fetch GET 200 https://registry.npmjs.com/@jridgewell/source-map/-/source-map-0.3.11.tgz 4842ms (cache miss)
npm http fetch GET 200 https://registry.npmjs.com/@webpack-cli/configtest/-/configtest-3.0.1.tgz 4844ms (cache miss)
npm http fetch GET 200 https://registry.npmjs.com/@recast-navigation/generators/-/generators-0.43.1.tgz 4867ms (cache miss)
npm http fetch GET 200 https://registry.npmjs.com/@webassemblyjs/utf8/-/utf8-1.13.2.tgz 4858ms (cache miss)
npm http fetch GET 200 https://registry.npmjs.com/@webassemblyjs/wasm-opt/-/wasm-opt-1.14.1.tgz 4871ms (cache miss)
npm http fetch GET 200 https://registry.npmjs.com/@webassemblyjs/leb128/-/leb128-1.13.2.tgz 4872ms (cache miss)
npm http fetch GET 200 https://registry.npmjs.com/@webassemblyjs/helper-wasm-section/-/helper-wasm-section-1.14.1.tgz 4872ms (cache miss)
npm http fetch GET 200 https://registry.npmjs.com/@webassemblyjs/ieee754/-/ieee754-1.13.2.tgz 4873ms (cache miss)
npm http fetch GET 200 https://registry.npmjs.com/@webassemblyjs/wasm-gen/-/wasm-gen-1.14.1.tgz 4872ms (cache miss)
npm http fetch GET 200 https://registry.npmjs.com/@webassemblyjs/wast-printer/-/wast-printer-1.14.1.tgz 4885ms (cache miss)
npm http fetch GET 200 https://registry.npmjs.com/@xtuc/ieee754/-/ieee754-1.2.0.tgz 4886ms (cache miss)
npm http fetch GET 200 https://registry.npmjs.com/@webassemblyjs/helper-buffer/-/helper-buffer-1.14.1.tgz 4898ms (cache miss)
npm http fetch GET 200 https://registry.npmjs.com/@webassemblyjs/floating-point-hex-parser/-/floating-point-hex-parser-1.13.2.tgz 4913ms (cache miss)
npm http fetch GET 200 https://registry.npmjs.com/@webassemblyjs/helper-wasm-bytecode/-/helper-wasm-bytecode-1.13.2.tgz 4913ms (cache miss)
npm http fetch GET 200 https://registry.npmjs.com/tr46/-/tr46-5.1.1.tgz 4931ms (cache miss)
npm http fetch GET 200 https://registry.npmjs.com/@webassemblyjs/helper-api-error/-/helper-api-error-1.13.2.tgz 4928ms (cache miss)
npm http fetch GET 200 https://registry.npmjs.com/@types/react/-/react-18.3.31.tgz 4954ms (cache miss)
npm http fetch GET 200 https://registry.npmjs.com/@webassemblyjs/helper-numbers/-/helper-numbers-1.13.2.tgz 4942ms (cache miss)
npm http fetch GET 200 https://registry.npmjs.com/chrome-trace-event/-/chrome-trace-event-1.0.4.tgz 4955ms (cache miss)
npm http fetch GET 200 https://registry.npmjs.com/@webassemblyjs/wasm-edit/-/wasm-edit-1.14.1.tgz 4956ms (cache miss)
npm http fetch GET 200 https://registry.npmjs.com/style-loader/-/style-loader-3.3.4.tgz 5002ms (cache miss)
npm http fetch GET 200 https://registry.npmjs.com/which-boxed-primitive/-/which-boxed-primitive-1.1.1.tgz 4979ms (cache miss)
npm http fetch GET 200 https://registry.npmjs.com/punycode/-/punycode-2.3.1.tgz 4984ms (cache miss)
npm http fetch GET 200 https://registry.npmjs.com/@xtuc/long/-/long-4.2.2.tgz 5001ms (cache miss)
npm http fetch GET 200 https://registry.npmjs.com/tmpl/-/tmpl-1.0.5.tgz 4999ms (cache miss)
npm http fetch GET 200 https://registry.npmjs.com/punycode.js/-/punycode.js-2.3.1.tgz 4993ms (cache miss)
npm http fetch GET 200 https://registry.npmjs.com/has-bigints/-/has-bigints-1.1.0.tgz 5009ms (cache miss)
npm http fetch GET 200 https://registry.npmjs.com/makeerror/-/makeerror-1.0.12.tgz 5011ms (cache miss)
npm http fetch GET 200 https://registry.npmjs.com/@types/unist/-/unist-3.0.3.tgz 5023ms (cache miss)
npm http fetch GET 200 https://registry.npmjs.com/uc.micro/-/uc.micro-2.1.0.tgz 5023ms (cache miss)
npm http fetch GET 200 https://registry.npmjs.com/@types/hast/-/hast-3.0.5.tgz 5036ms (cache miss)
npm http fetch GET 200 https://registry.npmjs.com/linkify-it/-/linkify-it-5.0.2.tgz 5038ms (cache miss)
npm http fetch GET 200 https://registry.npmjs.com/@shikijs/types/-/types-3.23.0.tgz 5051ms (cache miss)
npm http fetch GET 200 https://registry.npmjs.com/react/-/react-18.3.1.tgz 5095ms (cache miss)
npm http fetch GET 200 https://registry.npmjs.com/@shikijs/vscode-textmate/-/vscode-textmate-10.0.2.tgz 5074ms (cache miss)
npm http fetch GET 200 https://registry.npmjs.com/for-each/-/for-each-0.3.5.tgz 5086ms (cache miss)
npm http fetch GET 200 https://registry.npmjs.com/mdurl/-/mdurl-2.1.0.tgz 5105ms (cache miss)
npm http fetch GET 200 https://registry.npmjs.com/which-builtin-type/-/which-builtin-type-1.2.1.tgz 5104ms (cache miss)
npm http fetch GET 200 https://registry.npmjs.com/yn/-/yn-3.1.1.tgz 5116ms (cache miss)
npm http fetch GET 200 https://registry.npmjs.com/global-prefix/-/global-prefix-4.0.0.tgz 5117ms (cache miss)
npm http fetch GET 200 https://registry.npmjs.com/@webassemblyjs/wasm-parser/-/wasm-parser-1.14.1.tgz 5141ms (cache miss)
npm http fetch GET 200 https://registry.npmjs.com/reflect.getprototypeof/-/reflect.getprototypeof-1.0.10.tgz 5133ms (cache miss)
npm http fetch GET 200 https://registry.npmjs.com/v8-compile-cache-lib/-/v8-compile-cache-lib-3.0.1.tgz 5132ms (cache miss)
npm http fetch GET 200 https://registry.npmjs.com/@types/json5/-/json5-0.0.29.tgz 5134ms (cache miss)
npm http fetch GET 200 https://registry.npmjs.com/arg/-/arg-4.1.3.tgz 5133ms (cache miss)
npm http fetch GET 200 https://registry.npmjs.com/create-require/-/create-require-1.1.1.tgz 5133ms (cache miss)
npm http fetch GET 200 https://registry.npmjs.com/kind-of/-/kind-of-6.0.3.tgz 5146ms (cache miss)
npm http fetch GET 200 https://registry.npmjs.com/acorn-walk/-/acorn-walk-8.3.5.tgz 5147ms (cache miss)
npm http fetch GET 200 https://registry.npmjs.com/@tsconfig/node14/-/node14-1.0.3.tgz 5156ms (cache miss)
npm http fetch GET 200 https://registry.npmjs.com/@tsconfig/node16/-/node16-1.0.4.tgz 5157ms (cache miss)
npm http fetch GET 200 https://registry.npmjs.com/@tsconfig/node12/-/node12-1.0.11.tgz 5172ms (cache miss)
npm http fetch GET 200 https://registry.npmjs.com/@types/yargs-parser/-/yargs-parser-21.0.3.tgz 5182ms (cache miss)
npm http fetch GET 200 https://registry.npmjs.com/@cspotcode/source-map-support/-/source-map-support-0.8.1.tgz 5195ms (cache miss)
npm http fetch GET 200 https://registry.npmjs.com/make-error/-/make-error-1.3.6.tgz 5209ms (cache miss)
npm http fetch GET 200 https://registry.npmjs.com/@types/yargs/-/yargs-17.0.35.tgz 5210ms (cache miss)
npm http fetch GET 200 https://registry.npmjs.com/lodash.memoize/-/lodash.memoize-4.1.2.tgz 5210ms (cache miss)
npm http fetch GET 200 https://registry.npmjs.com/@tsconfig/node10/-/node10-1.0.13.tgz 5211ms (cache miss)
npm http fetch GET 200 https://registry.npmjs.com/is-number/-/is-number-7.0.0.tgz 5223ms (cache miss)
npm http fetch GET 200 https://registry.npmjs.com/chownr/-/chownr-1.1.4.tgz 5223ms (cache miss)
npm http fetch GET 200 https://registry.npmjs.com/@jest/types/-/types-29.6.3.tgz 5224ms (cache miss)
npm http fetch GET 200 https://registry.npmjs.com/buffer-from/-/buffer-from-1.1.2.tgz 5247ms (cache miss)
npm http fetch GET 200 https://registry.npmjs.com/spdx-license-ids/-/spdx-license-ids-3.0.24.tgz 5248ms (cache miss)
npm http fetch GET 200 https://registry.npmjs.com/es-module-lexer/-/es-module-lexer-2.3.2.tgz 5271ms (cache miss)
npm http fetch GET 200 https://registry.npmjs.com/spdx-exceptions/-/spdx-exceptions-2.5.0.tgz 5259ms (cache miss)
npm http fetch GET 200 https://registry.npmjs.com/@pkgr/core/-/core-0.1.2.tgz 5259ms (cache miss)
npm http fetch GET 200 https://registry.npmjs.com/char-regex/-/char-regex-1.0.2.tgz 5260ms (cache miss)
npm http fetch GET 200 https://registry.npmjs.com/@jest/schemas/-/schemas-29.6.3.tgz 5261ms (cache miss)
npm http fetch GET 200 https://registry.npmjs.com/decompress-response/-/decompress-response-6.0.0.tgz 5272ms (cache miss)
npm http fetch GET 200 https://registry.npmjs.com/mimic-response/-/mimic-response-3.1.0.tgz 5272ms (cache miss)
npm http fetch GET 200 https://registry.npmjs.com/side-channel-weakmap/-/side-channel-weakmap-1.0.2.tgz 5273ms (cache miss)
npm http fetch GET 200 https://registry.npmjs.com/side-channel-list/-/side-channel-list-1.0.1.tgz 5288ms (cache miss)
npm http fetch GET 200 https://registry.npmjs.com/simple-concat/-/simple-concat-1.0.1.tgz 5288ms (cache miss)
npm http fetch GET 200 https://registry.npmjs.com/side-channel-map/-/side-channel-map-1.0.1.tgz 5289ms (cache miss)
npm http fetch GET 200 https://registry.npmjs.com/shebang-regex/-/shebang-regex-3.0.0.tgz 5288ms (cache miss)
npm http fetch GET 200 https://registry.npmjs.com/isarray/-/isarray-2.0.5.tgz 5312ms (cache miss)
npm http fetch GET 200 https://registry.npmjs.com/queue-microtask/-/queue-microtask-1.2.3.tgz 5313ms (cache miss)
npm http fetch GET 200 https://registry.npmjs.com/path-parse/-/path-parse-1.0.7.tgz 5341ms (cache miss)
npm http fetch GET 200 https://registry.npmjs.com/supports-preserve-symlinks-flag/-/supports-preserve-symlinks-flag-1.0.0.tgz 5343ms (cache miss)
npm http fetch GET 200 https://registry.npmjs.com/object.entries/-/object.entries-1.1.9.tgz 5384ms (cache miss)
npm http fetch GET 200 https://registry.npmjs.com/node-exports-info/-/node-exports-info-1.6.2.tgz 5383ms (cache miss)
npm http fetch GET 200 https://registry.npmjs.com/@yarnpkg/parsers/-/parsers-3.0.0-rc.46.tgz 5444ms (cache miss)
npm http fetch GET 200 https://registry.npmjs.com/webpack-merge/-/webpack-merge-6.0.1.tgz 5438ms (cache miss)
npm http fetch GET 200 https://registry.npmjs.com/ini/-/ini-1.3.8.tgz 5418ms (cache miss)
npm http fetch GET 200 https://registry.npmjs.com/sisteransi/-/sisteransi-1.0.5.tgz 5419ms (cache miss)
npm http fetch GET 200 https://registry.npmjs.com/@recast-navigation/core/-/core-0.43.1.tgz 5463ms (cache miss)
npm http fetch GET 200 https://registry.npmjs.com/deep-extend/-/deep-extend-0.6.0.tgz 5436ms (cache miss)
npm http fetch GET 200 https://registry.npmjs.com/react-is/-/react-is-17.0.2.tgz 5435ms (cache miss)
npm http fetch GET 200 https://registry.npmjs.com/fast-diff/-/fast-diff-1.3.0.tgz 5436ms (cache miss)
npm http fetch GET 200 https://registry.npmjs.com/kleur/-/kleur-3.0.3.tgz 5437ms (cache miss)
npm http fetch GET 200 https://registry.npmjs.com/set-function-name/-/set-function-name-2.0.2.tgz 5437ms (cache miss)
npm http fetch GET 200 https://registry.npmjs.com/tar-fs/-/tar-fs-2.1.5.tgz 5450ms (cache miss)
npm http fetch GET 200 https://registry.npmjs.com/simple-get/-/simple-get-4.0.1.tgz 5450ms (cache miss)
npm http fetch GET 200 https://registry.npmjs.com/rc/-/rc-1.2.8.tgz 5451ms (cache miss)
npm http fetch GET 200 https://registry.npmjs.com/tunnel-agent/-/tunnel-agent-0.6.0.tgz 5462ms (cache miss)
npm http fetch GET 200 https://registry.npmjs.com/napi-build-utils/-/napi-build-utils-2.0.0.tgz 5461ms (cache miss)
npm http fetch GET 200 https://registry.npmjs.com/mkdirp-classic/-/mkdirp-classic-0.5.3.tgz 5473ms (cache miss)
npm http fetch GET 200 https://registry.npmjs.com/node-abi/-/node-abi-3.96.0.tgz 5474ms (cache miss)
npm http fetch GET 200 https://registry.npmjs.com/pump/-/pump-3.0.4.tgz 5475ms (cache miss)
npm http fetch GET 200 https://registry.npmjs.com/tapable/-/tapable-2.3.3.tgz 5520ms (cache miss)
npm http fetch GET 200 https://registry.npmjs.com/detect-libc/-/detect-libc-2.1.2.tgz 5502ms (cache miss)
npm http fetch GET 200 https://registry.npmjs.com/is-arrayish/-/is-arrayish-0.2.1.tgz 5501ms (cache miss)
npm http fetch GET 200 https://registry.npmjs.com/expand-template/-/expand-template-2.0.3.tgz 5516ms (cache miss)
npm http fetch GET 200 https://registry.npmjs.com/github-from-package/-/github-from-package-0.0.0.tgz 5528ms (cache miss)
npm http fetch GET 200 https://registry.npmjs.com/json-parse-even-better-errors/-/json-parse-even-better-errors-2.3.1.tgz 5527ms (cache miss)
npm http fetch GET 200 https://registry.npmjs.com/watchpack/-/watchpack-2.5.2.tgz 5561ms (cache miss)
npm http fetch GET 200 https://registry.npmjs.com/parse-statements/-/parse-statements-1.0.11.tgz 5542ms (cache miss)
npm http fetch GET 200 https://registry.npmjs.com/fast-levenshtein/-/fast-levenshtein-2.0.6.tgz 5541ms (cache miss)
npm http fetch GET 200 https://registry.npmjs.com/error-ex/-/error-ex-1.3.4.tgz 5542ms (cache miss)
npm http fetch GET 200 https://registry.npmjs.com/deep-is/-/deep-is-0.1.4.tgz 5542ms (cache miss)
npm http fetch GET 200 https://registry.npmjs.com/word-wrap/-/word-wrap-1.2.5.tgz 5543ms (cache miss)
npm http fetch GET 200 https://registry.npmjs.com/@discoveryjs/json-ext/-/json-ext-0.6.3.tgz 5575ms (cache miss)
npm http fetch GET 200 https://registry.npmjs.com/y18n/-/y18n-5.0.8.tgz 5554ms (cache miss)
npm http fetch GET 200 https://registry.npmjs.com/yocto-queue/-/yocto-queue-0.1.0.tgz 5555ms (cache miss)
npm http fetch GET 200 https://registry.npmjs.com/@tootallnate/quickjs-emscripten/-/quickjs-emscripten-0.23.0.tgz 5660ms (cache miss)
npm http fetch GET 200 https://registry.npmjs.com/tree-kill/-/tree-kill-1.2.2.tgz 5565ms (cache miss)
npm http fetch GET 200 https://registry.npmjs.com/wcwidth/-/wcwidth-1.0.1.tgz 5579ms (cache miss)
npm http fetch GET 200 https://registry.npmjs.com/wrappy/-/wrappy-1.0.2.tgz 5592ms (cache miss)
npm http fetch GET 200 https://registry.npmjs.com/util-deprecate/-/util-deprecate-1.0.2.tgz 5602ms (cache miss)
npm http fetch GET 200 https://registry.npmjs.com/tar-stream/-/tar-stream-2.2.0.tgz 5602ms (cache miss)
npm http fetch GET 200 https://registry.npmjs.com/restore-cursor/-/restore-cursor-3.1.0.tgz 5614ms (cache miss)
npm http fetch GET 200 https://registry.npmjs.com/require-directory/-/require-directory-2.1.1.tgz 5614ms (cache miss)
npm http fetch GET 200 https://registry.npmjs.com/tmp/-/tmp-0.2.7.tgz 5616ms (cache miss)
npm http fetch GET 200 https://registry.npmjs.com/safe-buffer/-/safe-buffer-5.2.1.tgz 5629ms (cache miss)
npm http fetch GET 200 https://registry.npmjs.com/string_decoder/-/string_decoder-1.3.0.tgz 5631ms (cache miss)
npm http fetch GET 200 https://registry.npmjs.com/proxy-from-env/-/proxy-from-env-2.1.0.tgz 5643ms (cache miss)
npm http fetch GET 200 https://registry.npmjs.com/ora/-/ora-5.3.0.tgz 5660ms (cache miss)
npm http fetch GET 200 https://registry.npmjs.com/open/-/open-8.4.2.tgz 5659ms (cache miss)
npm http fetch GET 200 https://registry.npmjs.com/serve-index/-/serve-index-1.9.2.tgz 5787ms (cache miss)
npm http fetch GET 200 https://registry.npmjs.com/ajv-formats/-/ajv-formats-3.0.1.tgz 5682ms (cache miss)
npm http fetch GET 200 https://registry.npmjs.com/mimic-fn/-/mimic-fn-2.1.0.tgz 5675ms (cache miss)
npm http fetch GET 200 https://registry.npmjs.com/mime-types/-/mime-types-2.1.35.tgz 5675ms (cache miss)
npm http fetch GET 200 https://registry.npmjs.com/once/-/once-1.4.0.tgz 5675ms (cache miss)
npm http fetch GET 200 https://registry.npmjs.com/log-symbols/-/log-symbols-4.1.0.tgz 5687ms (cache miss)
npm http fetch GET 200 https://registry.npmjs.com/is-wsl/-/is-wsl-2.2.0.tgz 5687ms (cache miss)
npm http fetch GET 200 https://registry.npmjs.com/lines-and-columns/-/lines-and-columns-2.0.3.tgz 5688ms (cache miss)
npm http fetch GET 200 https://registry.npmjs.com/wrap-ansi/-/wrap-ansi-7.0.0.tgz 5694ms (cache revalidated)
npm http fetch GET 200 https://registry.npmjs.com/is-fullwidth-code-point/-/is-fullwidth-code-point-3.0.0.tgz 5702ms (cache miss)
npm http fetch GET 200 https://registry.npmjs.com/is-interactive/-/is-interactive-1.0.0.tgz 5703ms (cache miss)
npm http fetch GET 200 https://registry.npmjs.com/is-unicode-supported/-/is-unicode-supported-0.1.0.tgz 5703ms (cache miss)
npm http fetch GET 200 https://registry.npmjs.com/inherits/-/inherits-2.0.4.tgz 5703ms (cache miss)
npm http fetch GET 200 https://registry.npmjs.com/minimizer-webpack-plugin/-/minimizer-webpack-plugin-5.12.0.tgz 5743ms (cache miss)
npm http fetch GET 200 https://registry.npmjs.com/mime-db/-/mime-db-1.52.0.tgz 5720ms (cache miss)
npm http fetch GET 200 https://registry.npmjs.com/ieee754/-/ieee754-1.2.1.tgz 5719ms (cache miss)
npm http fetch GET 200 https://registry.npmjs.com/get-caller-file/-/get-caller-file-2.0.5.tgz 5719ms (cache miss)
npm http fetch GET 200 https://registry.npmjs.com/fs-constants/-/fs-constants-1.0.0.tgz 5734ms (cache miss)
npm http fetch GET 200 https://registry.npmjs.com/is-docker/-/is-docker-2.2.1.tgz 5756ms (cache miss)
npm http fetch GET 200 https://registry.npmjs.com/figures/-/figures-3.2.0.tgz 5755ms (cache miss)
npm http fetch GET 200 https://registry.npmjs.com/@shikijs/engine-oniguruma/-/engine-oniguruma-3.23.0.tgz 5791ms (cache miss)
npm http fetch GET 200 https://registry.npmjs.com/has-flag/-/has-flag-4.0.0.tgz 5775ms (cache miss)
npm http fetch GET 200 https://registry.npmjs.com/flat/-/flat-5.0.2.tgz 5775ms (cache miss)
npm http fetch GET 200 https://registry.npmjs.com/delayed-stream/-/delayed-stream-1.0.0.tgz 5774ms (cache miss)
npm http fetch GET 200 https://registry.npmjs.com/end-of-stream/-/end-of-stream-1.4.5.tgz 5775ms (cache miss)
npm http fetch GET 200 https://registry.npmjs.com/follow-redirects/-/follow-redirects-1.16.0.tgz 5775ms (cache miss)
npm http fetch GET 200 https://registry.npmjs.com/escalade/-/escalade-3.2.0.tgz 5776ms (cache miss)
npm http fetch GET 200 https://registry.npmjs.com/string-width/-/string-width-4.2.3.tgz 5782ms (cache revalidated)
npm http fetch GET 200 https://registry.npmjs.com/form-data/-/form-data-4.0.6.tgz 5791ms (cache miss)
npm http fetch GET 200 https://registry.npmjs.com/defaults/-/defaults-1.0.4.tgz 5791ms (cache miss)
npm http fetch GET 200 https://registry.npmjs.com/dotenv-expand/-/dotenv-expand-12.0.3.tgz 5805ms (cache miss)
npm http fetch GET 200 https://registry.npmjs.com/define-lazy-prop/-/define-lazy-prop-2.0.0.tgz 5806ms (cache miss)
npm http fetch GET 200 https://registry.npmjs.com/combined-stream/-/combined-stream-1.0.8.tgz 5819ms (cache miss)
npm http fetch GET 200 https://registry.npmjs.com/cli-spinners/-/cli-spinners-2.6.1.tgz 5832ms (cache miss)
npm http fetch GET 200 https://registry.npmjs.com/buffer/-/buffer-5.7.1.tgz 5848ms (cache miss)
npm http fetch GET 200 https://registry.npmjs.com/cli-cursor/-/cli-cursor-3.1.0.tgz 5849ms (cache miss)
npm http fetch GET 200 https://registry.npmjs.com/clone/-/clone-1.0.4.tgz 5865ms (cache miss)
npm http fetch GET 200 https://registry.npmjs.com/ansi-regex/-/ansi-regex-5.0.1.tgz 5865ms (cache miss)
npm http fetch GET 200 https://registry.npmjs.com/cliui/-/cliui-8.0.1.tgz 5881ms (cache miss)
npm http fetch GET 200 https://registry.npmjs.com/base64-js/-/base64-js-1.5.1.tgz 5881ms (cache miss)
npm http fetch GET 200 https://registry.npmjs.com/asynckit/-/asynckit-0.4.0.tgz 5881ms (cache miss)
npm http fetch GET 200 https://registry.npmjs.com/logform/-/logform-2.7.0.tgz 6044ms (cache miss)
npm http fetch GET 200 https://registry.npmjs.com/events/-/events-3.3.0.tgz 6036ms (cache miss)
npm http fetch GET 200 https://registry.npmjs.com/bl/-/bl-4.1.0.tgz 6050ms (cache miss)
npm http fetch GET 200 https://registry.npmjs.com/@peculiar/utils/-/utils-2.0.3.tgz 6192ms (cache miss)
npm http fetch GET 200 https://registry.npmjs.com/@yarnpkg/lockfile/-/lockfile-1.1.0.tgz 6116ms (cache miss)
npm http fetch GET 200 https://registry.npmjs.com/balanced-match/-/balanced-match-4.0.4.tgz 6116ms (cache miss)
npm http fetch GET 200 https://registry.npmjs.com/webpack-dev-server/-/webpack-dev-server-5.2.6.tgz 6178ms (cache miss)
npm http fetch GET 200 https://registry.npmjs.com/yallist/-/yallist-3.1.1.tgz 6134ms (cache miss)
npm http fetch GET 200 https://registry.npmjs.com/prelude-ls/-/prelude-ls-1.2.1.tgz 6134ms (cache miss)
npm http fetch GET 200 https://registry.npmjs.com/type-check/-/type-check-0.4.0.tgz 6135ms (cache miss)
npm http fetch GET 200 https://registry.npmjs.com/agent-base/-/agent-base-7.1.4.tgz 6134ms (cache miss)
npm http fetch GET 200 https://registry.npmjs.com/@gerrit0/mini-shiki/-/mini-shiki-3.23.0.tgz 6167ms (cache miss)
npm http fetch GET 200 https://registry.npmjs.com/p-locate/-/p-locate-5.0.0.tgz 6155ms (cache miss)
npm http fetch GET 200 https://registry.npmjs.com/@jest/diff-sequences/-/diff-sequences-30.0.1.tgz 6174ms (cache miss)
npm http fetch GET 200 https://registry.npmjs.com/json-buffer/-/json-buffer-3.0.1.tgz 6204ms (cache miss)
npm http fetch GET 200 https://registry.npmjs.com/@csstools/css-parser-algorithms/-/css-parser-algorithms-3.0.5.tgz 6205ms (cache miss)
npm http fetch GET 200 https://registry.npmjs.com/xmlchars/-/xmlchars-2.2.0.tgz 6229ms (cache miss)
npm http fetch GET 200 https://registry.npmjs.com/@csstools/css-color-parser/-/css-color-parser-3.1.0.tgz 6218ms (cache miss)
npm http fetch GET 200 https://registry.npmjs.com/@csstools/color-helpers/-/color-helpers-5.1.0.tgz 6219ms (cache miss)
npm http fetch GET 200 https://registry.npmjs.com/@csstools/css-calc/-/css-calc-2.1.4.tgz 6218ms (cache miss)
npm http fetch GET 200 https://registry.npmjs.com/xml-name-validator/-/xml-name-validator-5.0.0.tgz 6219ms (cache miss)
npm http fetch GET 200 https://registry.npmjs.com/w3c-xmlserializer/-/w3c-xmlserializer-5.0.0.tgz 6233ms (cache miss)
npm http fetch GET 200 https://registry.npmjs.com/whatwg-mimetype/-/whatwg-mimetype-4.0.0.tgz 6235ms (cache miss)
npm http fetch GET 200 https://registry.npmjs.com/webidl-conversions/-/webidl-conversions-7.0.0.tgz 6234ms (cache miss)
npm http fetch GET 200 https://registry.npmjs.com/@csstools/css-tokenizer/-/css-tokenizer-3.0.4.tgz 6251ms (cache miss)
npm http fetch GET 200 https://registry.npmjs.com/whatwg-encoding/-/whatwg-encoding-3.1.1.tgz 6251ms (cache miss)
npm warn deprecated whatwg-encoding@3.1.1: Use @exodus/bytes instead for a more spec-conformant and faster implementation
npm http fetch GET 200 https://registry.npmjs.com/symbol-tree/-/symbol-tree-3.2.4.tgz 6266ms (cache miss)
npm http fetch GET 200 https://registry.npmjs.com/is-potential-custom-element-name/-/is-potential-custom-element-name-1.0.1.tgz 6285ms (cache miss)
npm http fetch GET 200 https://registry.npmjs.com/https-proxy-agent/-/https-proxy-agent-7.0.6.tgz 6285ms (cache miss)
npm http fetch GET 200 https://registry.npmjs.com/saxes/-/saxes-6.0.0.tgz 6299ms (cache miss)
npm http fetch GET 200 https://registry.npmjs.com/html-encoding-sniffer/-/html-encoding-sniffer-4.0.0.tgz 6300ms (cache miss)
npm http fetch GET 200 https://registry.npmjs.com/data-urls/-/data-urls-5.0.0.tgz 6314ms (cache miss)
npm http fetch GET 200 https://registry.npmjs.com/nwsapi/-/nwsapi-2.2.28.tgz 6328ms (cache miss)
npm http fetch GET 200 https://registry.npmjs.com/leven/-/leven-3.1.0.tgz 6327ms (cache miss)
npm http fetch GET 200 https://registry.npmjs.com/http-proxy-agent/-/http-proxy-agent-7.0.2.tgz 6329ms (cache miss)
npm http fetch GET 200 https://registry.npmjs.com/@babel/plugin-syntax-jsx/-/plugin-syntax-jsx-7.29.7.tgz 6327ms (cache miss)
npm http fetch GET 200 https://registry.npmjs.com/callsites/-/callsites-3.1.0.tgz 6340ms (cache miss)
npm http fetch GET 200 https://registry.npmjs.com/strip-bom/-/strip-bom-4.0.0.tgz 6358ms (cache miss)
npm http fetch GET 200 https://registry.npmjs.com/@babel/plugin-syntax-typescript/-/plugin-syntax-typescript-7.29.7.tgz 6359ms (cache miss)
npm http fetch GET 200 https://registry.npmjs.com/argparse/-/argparse-2.0.1.tgz 6372ms (cache miss)
npm http fetch GET 200 https://registry.npmjs.com/@jest/globals/-/globals-29.7.0.tgz 6371ms (cache miss)
npm http fetch GET 200 https://registry.npmjs.com/detect-newline/-/detect-newline-3.1.0.tgz 6389ms (cache miss)
npm http fetch GET 200 https://registry.npmjs.com/@jest/source-map/-/source-map-29.6.3.tgz 6391ms (cache miss)
npm http fetch GET 200 https://registry.npmjs.com/jest-docblock/-/jest-docblock-29.7.0.tgz 6390ms (cache miss)
npm http fetch GET 200 https://registry.npmjs.com/jest-leak-detector/-/jest-leak-detector-29.7.0.tgz 6390ms (cache miss)
npm http fetch GET 200 https://registry.npmjs.com/diff-sequences/-/diff-sequences-27.5.1.tgz 6390ms (cache miss)
npm http fetch GET 200 https://registry.npmjs.com/resolve.exports/-/resolve.exports-2.0.3.tgz 6391ms (cache miss)
npm http fetch GET 200 https://registry.npmjs.com/@types/triple-beam/-/triple-beam-1.3.5.tgz 6391ms (cache miss)
npm http fetch GET 200 https://registry.npmjs.com/emittery/-/emittery-0.13.1.tgz 6391ms (cache miss)
npm http fetch GET 200 https://registry.npmjs.com/xml/-/xml-1.0.1.tgz 6391ms (cache miss)
npm http fetch GET 200 https://registry.npmjs.com/source-map-support/-/source-map-support-0.5.13.tgz 6404ms (cache miss)
npm http fetch GET 200 https://registry.npmjs.com/cjs-module-lexer/-/cjs-module-lexer-1.4.3.tgz 6406ms (cache miss)
npm http fetch GET 200 https://registry.npmjs.com/mkdirp/-/mkdirp-1.0.4.tgz 6423ms (cache miss)
npm http fetch GET 200 https://registry.npmjs.com/@types/graceful-fs/-/graceful-fs-4.1.9.tgz 6423ms (cache miss)
npm http fetch GET 200 https://registry.npmjs.com/walker/-/walker-1.0.8.tgz 6423ms (cache miss)
npm http fetch GET 200 https://registry.npmjs.com/@types/tough-cookie/-/tough-cookie-4.0.5.tgz 6423ms (cache miss)
npm http fetch GET 200 https://registry.npmjs.com/@types/jsdom/-/jsdom-21.1.7.tgz 6424ms (cache miss)
npm http fetch GET 200 https://registry.npmjs.com/bser/-/bser-2.1.1.tgz 6425ms (cache miss)
npm http fetch GET 200 https://registry.npmjs.com/fb-watchman/-/fb-watchman-2.0.2.tgz 6438ms (cache miss)
npm http fetch GET 200 https://registry.npmjs.com/type-detect/-/type-detect-4.0.8.tgz 6438ms (cache miss)
npm http fetch GET 200 https://registry.npmjs.com/@sinonjs/commons/-/commons-3.0.1.tgz 6438ms (cache miss)
npm http fetch GET 200 https://registry.npmjs.com/decimal.js/-/decimal.js-10.6.0.tgz 6450ms (cache miss)
npm http fetch GET 200 https://registry.npmjs.com/node-int64/-/node-int64-0.4.0.tgz 6452ms (cache miss)
npm http fetch GET 200 https://registry.npmjs.com/minimist/-/minimist-1.2.8.tgz 6476ms (cache miss)
npm http fetch GET 200 https://registry.npmjs.com/jest-pnp-resolver/-/jest-pnp-resolver-1.2.3.tgz 6463ms (cache miss)
npm http fetch GET 200 https://registry.npmjs.com/@types/stack-utils/-/stack-utils-2.0.3.tgz 6463ms (cache miss)
npm http fetch GET 200 https://registry.npmjs.com/jest-mock/-/jest-mock-29.7.0.tgz 6463ms (cache miss)
npm http fetch GET 200 https://registry.npmjs.com/@jest/fake-timers/-/fake-timers-29.7.0.tgz 6464ms (cache miss)
npm http fetch GET 200 https://registry.npmjs.com/stack-utils/-/stack-utils-2.0.6.tgz 6464ms (cache miss)
npm http fetch GET 200 https://registry.npmjs.com/dedent/-/dedent-1.7.2.tgz 6474ms (cache miss)
npm http fetch GET 200 https://registry.npmjs.com/is-generator-fn/-/is-generator-fn-2.1.0.tgz 6475ms (cache miss)
npm http fetch GET 200 https://registry.npmjs.com/co/-/co-4.6.0.tgz 6475ms (cache miss)
npm http fetch GET 200 https://registry.npmjs.com/@jest/expect-utils/-/expect-utils-29.7.0.tgz 6493ms (cache miss)
npm http fetch GET 200 https://registry.npmjs.com/@sinonjs/fake-timers/-/fake-timers-10.3.0.tgz 6494ms (cache miss)
npm http fetch GET 200 https://registry.npmjs.com/@babel/plugin-syntax-top-level-await/-/plugin-syntax-top-level-await-7.14.5.tgz 6491ms (cache miss)
npm http fetch GET 200 https://registry.npmjs.com/@jest/expect/-/expect-29.7.0.tgz 6493ms (cache miss)
npm http fetch GET 200 https://registry.npmjs.com/@jest/environment-jsdom-abstract/-/environment-jsdom-abstract-30.5.2.tgz 6495ms (cache miss)
npm http fetch GET 200 https://registry.npmjs.com/@jest/environment/-/environment-29.7.0.tgz 6493ms (cache miss)
npm http fetch GET 200 https://registry.npmjs.com/fast-uri/-/fast-uri-3.1.8.tgz 6559ms (cache miss)
npm http fetch GET 200 https://registry.npmjs.com/@babel/plugin-syntax-object-rest-spread/-/plugin-syntax-object-rest-spread-7.8.3.tgz 6504ms (cache miss)
npm http fetch GET 200 https://registry.npmjs.com/@babel/plugin-syntax-nullish-coalescing-operator/-/plugin-syntax-nullish-coalescing-operator-7.8.3.tgz 6504ms (cache miss)
npm http fetch GET 200 https://registry.npmjs.com/@babel/plugin-syntax-private-property-in-object/-/plugin-syntax-private-property-in-object-7.14.5.tgz 6505ms (cache miss)
npm http fetch GET 200 https://registry.npmjs.com/@dnd-kit/utilities/-/utilities-3.2.2.tgz 6588ms (cache miss)
npm http fetch GET 200 https://registry.npmjs.com/webpack-bundle-analyzer/-/webpack-bundle-analyzer-4.10.2.tgz 6585ms (cache miss)
npm http fetch GET 200 https://registry.npmjs.com/@babel/plugin-syntax-optional-chaining/-/plugin-syntax-optional-chaining-7.8.3.tgz 6522ms (cache miss)
npm http fetch GET 200 https://registry.npmjs.com/@babel/plugin-syntax-numeric-separator/-/plugin-syntax-numeric-separator-7.10.4.tgz 6535ms (cache miss)
npm http fetch GET 200 https://registry.npmjs.com/@babel/plugin-syntax-class-properties/-/plugin-syntax-class-properties-7.12.13.tgz 6533ms (cache miss)
npm http fetch GET 200 https://registry.npmjs.com/@babel/plugin-syntax-import-attributes/-/plugin-syntax-import-attributes-7.29.7.tgz 6535ms (cache miss)
npm http fetch GET 200 https://registry.npmjs.com/@babel/plugin-syntax-optional-catch-binding/-/plugin-syntax-optional-catch-binding-7.8.3.tgz 6536ms (cache miss)
npm http fetch GET 200 https://registry.npmjs.com/@babel/plugin-syntax-json-strings/-/plugin-syntax-json-strings-7.8.3.tgz 6535ms (cache miss)
npm http fetch GET 200 https://registry.npmjs.com/@babel/plugin-syntax-bigint/-/plugin-syntax-bigint-7.8.3.tgz 6534ms (cache miss)
npm http fetch GET 200 https://registry.npmjs.com/@babel/plugin-syntax-logical-assignment-operators/-/plugin-syntax-logical-assignment-operators-7.10.4.tgz 6549ms (cache miss)
npm http fetch GET 200 https://registry.npmjs.com/@babel/plugin-syntax-class-static-block/-/plugin-syntax-class-static-block-7.14.5.tgz 6549ms (cache miss)
npm http fetch GET 200 https://registry.npmjs.com/babel-plugin-jest-hoist/-/babel-plugin-jest-hoist-29.6.3.tgz 6548ms (cache miss)
npm http fetch GET 200 https://registry.npmjs.com/@babel/plugin-syntax-async-generators/-/plugin-syntax-async-generators-7.8.4.tgz 6549ms (cache miss)
npm http fetch GET 200 https://registry.npmjs.com/@types/babel__traverse/-/babel__traverse-7.28.0.tgz 6566ms (cache miss)
npm http fetch GET 200 https://registry.npmjs.com/@babel/plugin-syntax-import-meta/-/plugin-syntax-import-meta-7.10.4.tgz 6567ms (cache miss)
npm http fetch GET 200 https://registry.npmjs.com/babel-preset-current-node-syntax/-/babel-preset-current-node-syntax-1.2.0.tgz 6566ms (cache miss)
npm http fetch GET 200 https://registry.npmjs.com/@types/babel__template/-/babel__template-7.4.4.tgz 6565ms (cache miss)
npm http fetch GET 200 https://registry.npmjs.com/parse-json/-/parse-json-5.2.0.tgz 6577ms (cache miss)
npm http fetch GET 200 https://registry.npmjs.com/babel-jest/-/babel-jest-29.7.0.tgz 6576ms (cache miss)
npm http fetch GET 200 https://registry.npmjs.com/babel-preset-jest/-/babel-preset-jest-29.6.3.tgz 6577ms (cache miss)
npm http fetch GET 200 https://registry.npmjs.com/@types/babel__generator/-/babel__generator-7.27.0.tgz 6578ms (cache miss)
npm http fetch GET 200 https://registry.npmjs.com/deepmerge/-/deepmerge-4.3.1.tgz 6577ms (cache miss)
npm http fetch GET 200 https://registry.npmjs.com/jest-get-type/-/jest-get-type-29.6.3.tgz 6578ms (cache miss)
npm http fetch GET 200 https://registry.npmjs.com/@types/babel__core/-/babel__core-7.20.5.tgz 6578ms (cache miss)
npm http fetch GET 200 https://registry.npmjs.com/svgo/-/svgo-3.3.5.tgz 6696ms (cache miss)
npm http fetch GET 200 https://registry.npmjs.com/bs-logger/-/bs-logger-0.2.6.tgz 6629ms (cache miss)
npm http fetch GET 200 https://registry.npmjs.com/jest-each/-/jest-each-29.7.0.tgz 6599ms (cache miss)
npm http fetch GET 200 https://registry.npmjs.com/@jest/test-sequencer/-/test-sequencer-29.7.0.tgz 6595ms (cache miss)
npm http fetch GET 200 https://registry.npmjs.com/smol-toml/-/smol-toml-1.6.1.tgz 6630ms (cache miss)
npm http fetch GET 200 https://registry.npmjs.com/merge-stream/-/merge-stream-2.0.0.tgz 6609ms (cache miss)
npm http fetch GET 200 https://registry.npmjs.com/create-jest/-/create-jest-29.7.0.tgz 6611ms (cache miss)
npm http fetch GET 200 https://registry.npmjs.com/npm-run-path/-/npm-run-path-4.0.1.tgz 6610ms (cache miss)
npm http fetch GET 200 https://registry.npmjs.com/ejs/-/ejs-5.0.1.tgz 6640ms (cache miss)
npm http fetch GET 200 https://registry.npmjs.com/@emnapi/wasi-threads/-/wasi-threads-1.0.4.tgz 6637ms (cache miss)
npm http fetch GET 200 https://registry.npmjs.com/is-stream/-/is-stream-2.0.1.tgz 6623ms (cache miss)
npm http fetch GET 200 https://registry.npmjs.com/strip-final-newline/-/strip-final-newline-2.0.0.tgz 6623ms (cache miss)
npm http fetch GET 200 https://registry.npmjs.com/onetime/-/onetime-5.1.2.tgz 6623ms (cache miss)
npm http fetch GET 200 https://registry.npmjs.com/@dnd-kit/sortable/-/sortable-10.0.0.tgz 6707ms (cache miss)
npm http fetch GET 200 https://registry.npmjs.com/brace-expansion/-/brace-expansion-5.0.12.tgz 6660ms (cache miss)
npm http fetch GET 200 https://registry.npmjs.com/execa/-/execa-5.1.1.tgz 6647ms (cache miss)
npm http fetch GET 200 https://registry.npmjs.com/html-escaper/-/html-escaper-2.0.2.tgz 6647ms (cache miss)
npm http fetch GET 200 https://registry.npmjs.com/pkg-dir/-/pkg-dir-4.2.0.tgz 6647ms (cache miss)
npm http fetch GET 200 https://registry.npmjs.com/make-dir/-/make-dir-4.0.0.tgz 6647ms (cache miss)
npm http fetch GET 200 https://registry.npmjs.com/get-stream/-/get-stream-6.0.1.tgz 6649ms (cache miss)
npm http fetch GET 200 https://registry.npmjs.com/p-limit/-/p-limit-3.1.0.tgz 6648ms (cache miss)
npm http fetch GET 200 https://registry.npmjs.com/whatwg-url/-/whatwg-url-14.2.0.tgz 6681ms (cache miss)
npm http fetch GET 200 https://registry.npmjs.com/@recast-navigation/wasm/-/wasm-0.43.1.tgz 6733ms (cache miss)
npm http fetch GET 200 https://registry.npmjs.com/ts-loader/-/ts-loader-9.6.2.tgz 6752ms (cache miss)
npm http fetch GET 200 https://registry.npmjs.com/camelcase/-/camelcase-5.3.1.tgz 6683ms (cache miss)
npm http fetch GET 200 https://registry.npmjs.com/resolve-cwd/-/resolve-cwd-3.0.0.tgz 6684ms (cache miss)
npm http fetch GET 200 https://registry.npmjs.com/get-package-type/-/get-package-type-0.1.0.tgz 6697ms (cache miss)
npm http fetch GET 200 https://registry.npmjs.com/test-exclude/-/test-exclude-6.0.0.tgz 6698ms (cache miss)
npm http fetch GET 200 https://registry.npmjs.com/@istanbuljs/load-nyc-config/-/load-nyc-config-1.1.0.tgz 6698ms (cache miss)
npm http fetch GET 200 https://registry.npmjs.com/@babel/helper-plugin-utils/-/helper-plugin-utils-7.29.7.tgz 6711ms (cache miss)
npm http fetch GET 200 https://registry.npmjs.com/@jridgewell/resolve-uri/-/resolve-uri-3.1.2.tgz 6711ms (cache miss)
npm http fetch GET 200 https://registry.npmjs.com/iconv-lite/-/iconv-lite-0.6.3.tgz 6780ms (cache miss)
npm http fetch GET 200 https://registry.npmjs.com/@istanbuljs/schema/-/schema-0.1.6.tgz 6725ms (cache miss)
npm http fetch GET 200 https://registry.npmjs.com/@babel/helper-validator-option/-/helper-validator-option-7.29.7.tgz 6737ms (cache miss)
npm http fetch GET 200 https://registry.npmjs.com/@babel/helper-string-parser/-/helper-string-parser-7.29.7.tgz 6738ms (cache miss)
npm http fetch GET 200 https://registry.npmjs.com/@babel/helper-globals/-/helper-globals-7.29.7.tgz 6750ms (cache miss)
npm http fetch GET 200 https://registry.npmjs.com/jsesc/-/jsesc-3.1.0.tgz 6750ms (cache miss)
npm http fetch GET 200 https://registry.npmjs.com/lru-cache/-/lru-cache-5.1.1.tgz 6761ms (cache miss)
npm http fetch GET 200 https://registry.npmjs.com/lit-element/-/lit-element-4.2.2.tgz 6891ms (cache miss)
npm http fetch GET 200 https://registry.npmjs.com/js-tokens/-/js-tokens-4.0.0.tgz 6773ms (cache miss)
npm http fetch GET 200 https://registry.npmjs.com/@babel/compat-data/-/compat-data-7.29.7.tgz 6775ms (cache miss)
npm http fetch GET 200 https://registry.npmjs.com/gensync/-/gensync-1.0.0-beta.2.tgz 6774ms (cache miss)
npm http fetch GET 200 https://registry.npmjs.com/picocolors/-/picocolors-1.1.1.tgz 6789ms (cache miss)
npm http fetch GET 200 https://registry.npmjs.com/ws/-/ws-8.22.0.tgz 6817ms (cache miss)
npm http fetch GET 200 https://registry.npmjs.com/@babel/helper-validator-identifier/-/helper-validator-identifier-7.29.7.tgz 6801ms (cache miss)
npm http fetch GET 200 https://registry.npmjs.com/renderkid/-/renderkid-3.0.0.tgz 6943ms (cache miss)
npm http fetch GET 200 https://registry.npmjs.com/@jridgewell/remapping/-/remapping-2.3.5.tgz 6816ms (cache miss)
npm http fetch GET 200 https://registry.npmjs.com/expect/-/expect-29.7.0.tgz 6857ms (cache miss)
npm http fetch GET 200 https://registry.npmjs.com/@babel/helper-compilation-targets/-/helper-compilation-targets-7.29.7.tgz 6844ms (cache miss)
npm http fetch GET 200 https://registry.npmjs.com/fast-json-stable-stringify/-/fast-json-stable-stringify-2.1.0.tgz 6844ms (cache miss)
npm http fetch GET 200 https://registry.npmjs.com/pirates/-/pirates-4.0.7.tgz 6844ms (cache miss)
npm http fetch GET 200 https://registry.npmjs.com/@babel/code-frame/-/code-frame-7.29.7.tgz 6861ms (cache miss)
npm http fetch GET 200 https://registry.npmjs.com/write-file-atomic/-/write-file-atomic-4.0.2.tgz 6861ms (cache miss)
npm http fetch GET 200 https://registry.npmjs.com/convert-source-map/-/convert-source-map-2.0.0.tgz 6862ms (cache miss)
npm http fetch GET 200 https://registry.npmjs.com/babel-plugin-istanbul/-/babel-plugin-istanbul-6.1.1.tgz 6879ms (cache miss)
npm http fetch GET 200 https://registry.npmjs.com/@memlab/heap-analysis/-/heap-analysis-1.0.40.tgz 7015ms (cache miss)
npm http fetch GET 200 https://registry.npmjs.com/@babel/helper-module-imports/-/helper-module-imports-7.29.7.tgz 6896ms (cache miss)
npm http fetch GET 200 https://registry.npmjs.com/istanbul-lib-source-maps/-/istanbul-lib-source-maps-4.0.1.tgz 6892ms (cache miss)
npm http fetch GET 200 https://registry.npmjs.com/string-length/-/string-length-4.0.2.tgz 6903ms (cache miss)
npm http fetch GET 200 https://registry.npmjs.com/dagre/-/dagre-0.8.5.tgz 6989ms (cache miss)
npm http fetch GET 200 https://registry.npmjs.com/istanbul-lib-report/-/istanbul-lib-report-3.0.1.tgz 6916ms (cache miss)
npm http fetch GET 200 https://registry.npmjs.com/istanbul-lib-coverage/-/istanbul-lib-coverage-3.2.2.tgz 6916ms (cache miss)
npm http fetch GET 200 https://registry.npmjs.com/slash/-/slash-3.0.0.tgz 6928ms (cache miss)
npm http fetch GET 200 https://registry.npmjs.com/diff/-/diff-4.0.4.tgz 6998ms (cache miss)
npm http fetch GET 200 https://registry.npmjs.com/collect-v8-coverage/-/collect-v8-coverage-1.0.3.tgz 6951ms (cache miss)
npm http fetch GET 200 https://registry.npmjs.com/jest-validate/-/jest-validate-29.7.0.tgz 6951ms (cache miss)
npm http fetch GET 200 https://registry.npmjs.com/@emnapi/runtime/-/runtime-1.4.5.tgz 6988ms (cache miss)
npm http fetch GET 200 https://registry.npmjs.com/@fluentui/react-search/-/react-search-9.4.7.tgz 7051ms (cache miss)
npm http fetch GET 200 https://registry.npmjs.com/jest-watcher/-/jest-watcher-29.7.0.tgz 6965ms (cache miss)
npm http fetch GET 200 https://registry.npmjs.com/v8-to-istanbul/-/v8-to-istanbul-9.3.0.tgz 6983ms (cache miss)
npm http fetch GET 200 https://registry.npmjs.com/jest-runner/-/jest-runner-29.7.0.tgz 6981ms (cache miss)
npm http fetch GET 200 https://registry.npmjs.com/csso/-/csso-5.0.5.tgz 7137ms (cache miss)
npm http fetch GET 200 https://registry.npmjs.com/jest-runtime/-/jest-runtime-29.7.0.tgz 6995ms (cache miss)
npm http fetch GET 200 https://registry.npmjs.com/jest-regex-util/-/jest-regex-util-29.6.3.tgz 6995ms (cache miss)
npm http fetch GET 200 https://registry.npmjs.com/jest-resolve-dependencies/-/jest-resolve-dependencies-29.7.0.tgz 6995ms (cache miss)
npm http fetch GET 200 https://registry.npmjs.com/jest-resolve/-/jest-resolve-29.7.0.tgz 6995ms (cache miss)
npm http fetch GET 200 https://registry.npmjs.com/@fluentui/react-textarea/-/react-textarea-9.7.7.tgz 7098ms (cache miss)
npm http fetch GET 200 https://registry.npmjs.com/istanbul-lib-instrument/-/istanbul-lib-instrument-6.0.3.tgz 7010ms (cache miss)
npm http fetch GET 200 https://registry.npmjs.com/readable-stream/-/readable-stream-3.6.2.tgz 7058ms (cache miss)
npm http fetch GET 200 https://registry.npmjs.com/jsonc-parser/-/jsonc-parser-3.2.0.tgz 7056ms (cache miss)
npm http fetch GET 200 https://registry.npmjs.com/jest-changed-files/-/jest-changed-files-29.7.0.tgz 7026ms (cache miss)
npm http fetch GET 200 https://registry.npmjs.com/ci-info/-/ci-info-3.9.0.tgz 7041ms (cache miss)
npm http fetch GET 200 https://registry.npmjs.com/strip-ansi/-/strip-ansi-6.0.1.tgz 7046ms (cache revalidated)
npm http fetch GET 200 https://registry.npmjs.com/jest-circus/-/jest-circus-29.7.0.tgz 7069ms (cache miss)
npm http fetch GET 200 https://registry.npmjs.com/human-signals/-/human-signals-2.1.0.tgz 7067ms (cache miss)
npm http fetch GET 200 https://registry.npmjs.com/jest-message-util/-/jest-message-util-29.7.0.tgz 7058ms (cache miss)
npm http fetch GET 200 https://registry.npmjs.com/ansi-escapes/-/ansi-escapes-4.3.2.tgz 7057ms (cache miss)
npm http fetch GET 200 https://registry.npmjs.com/jake/-/jake-10.9.4.tgz 7145ms (cache miss)
npm http fetch GET 200 https://registry.npmjs.com/@webassemblyjs/ast/-/ast-1.14.1.tgz 7132ms (cache miss)
npm http fetch GET 200 https://registry.npmjs.com/@jest/test-result/-/test-result-29.7.0.tgz 7084ms (cache miss)
npm http fetch GET 200 https://registry.npmjs.com/@jest/transform/-/transform-29.7.0.tgz 7085ms (cache miss)
npm http fetch GET 200 https://registry.npmjs.com/binary-extensions/-/binary-extensions-2.3.0.tgz 7083ms (cache miss)
npm http fetch GET 200 https://registry.npmjs.com/@fluentui/react-label/-/react-label-9.4.5.tgz 7185ms (cache miss)
npm http fetch GET 200 https://registry.npmjs.com/@jest/console/-/console-29.7.0.tgz 7098ms (cache miss)
npm http fetch GET 200 https://registry.npmjs.com/@fluentui/react-switch/-/react-switch-9.7.6.tgz 7201ms (cache miss)
npm http fetch GET 200 https://registry.npmjs.com/@fluentui/react-select/-/react-select-9.5.6.tgz 7200ms (cache miss)
npm http fetch GET 200 https://registry.npmjs.com/jest-cli/-/jest-cli-29.7.0.tgz 7111ms (cache miss)
npm http fetch GET 200 https://registry.npmjs.com/resolve-from/-/resolve-from-4.0.0.tgz 7110ms (cache miss)
npm http fetch GET 200 https://registry.npmjs.com/is-extglob/-/is-extglob-2.1.1.tgz 7111ms (cache miss)
npm http fetch GET 200 https://registry.npmjs.com/side-channel/-/side-channel-1.1.1.tgz 7127ms (cache miss)
npm http fetch GET 200 https://registry.npmjs.com/jest-diff/-/jest-diff-27.5.1.tgz 7162ms (cache miss)
npm http fetch GET 200 https://registry.npmjs.com/rollup-plugin-visualizer/-/rollup-plugin-visualizer-5.14.0.tgz 7229ms (cache miss)
npm http fetch GET 200 https://registry.npmjs.com/import-local/-/import-local-3.2.0.tgz 7146ms (cache miss)
npm http fetch GET 200 https://registry.npmjs.com/parent-module/-/parent-module-1.0.1.tgz 7145ms (cache miss)
npm http fetch GET 200 https://registry.npmjs.com/dunder-proto/-/dunder-proto-1.0.1.tgz 7166ms (cache miss)
npm http fetch GET 200 https://registry.npmjs.com/is-document.all/-/is-document.all-1.0.0.tgz 7166ms (cache miss)
npm http fetch GET 200 https://registry.npmjs.com/package-json-from-dist/-/package-json-from-dist-1.0.1.tgz 7167ms (cache miss)
npm http fetch GET 200 https://registry.npmjs.com/@fluentui/react-components/-/react-components-9.74.9.tgz 7259ms (cache miss)
npm http fetch GET 200 https://registry.npmjs.com/universalify/-/universalify-2.0.1.tgz 7179ms (cache miss)
npm http fetch GET 200 https://registry.npmjs.com/jsonfile/-/jsonfile-6.2.1.tgz 7180ms (cache miss)
npm http fetch GET 200 https://registry.npmjs.com/functions-have-names/-/functions-have-names-1.2.3.tgz 7180ms (cache miss)
npm http fetch GET 200 https://registry.npmjs.com/graceful-fs/-/graceful-fs-4.2.11.tgz 7180ms (cache miss)
npm http fetch GET 200 https://registry.npmjs.com/@fluentui/react-image/-/react-image-9.4.5.tgz 7317ms (cache miss)
npm http fetch GET 200 https://registry.npmjs.com/keyv/-/keyv-4.5.4.tgz 7229ms (cache miss)
npm http fetch GET 200 https://registry.npmjs.com/to-regex-range/-/to-regex-range-5.0.1.tgz 7265ms (cache miss)
npm http fetch GET 200 https://registry.npmjs.com/path-exists/-/path-exists-4.0.0.tgz 7265ms (cache miss)
npm http fetch GET 200 https://registry.npmjs.com/schema-utils/-/schema-utils-4.5.0.tgz 7310ms (cache miss)
npm http fetch GET 200 https://registry.npmjs.com/locate-path/-/locate-path-6.0.0.tgz 7280ms (cache miss)
npm http fetch GET 200 https://registry.npmjs.com/flatted/-/flatted-3.4.4.tgz 7282ms (cache miss)
npm http fetch GET 200 https://registry.npmjs.com/flat-cache/-/flat-cache-4.0.1.tgz 7294ms (cache miss)
npm http fetch GET 200 https://registry.npmjs.com/run-parallel/-/run-parallel-1.2.0.tgz 7295ms (cache miss)
npm http fetch GET 200 https://registry.npmjs.com/reusify/-/reusify-1.1.0.tgz 7295ms (cache miss)
npm http fetch GET 200 https://registry.npmjs.com/@nodelib/fs.scandir/-/fs.scandir-2.1.5.tgz 7294ms (cache miss)
npm http fetch GET 200 https://registry.npmjs.com/micromatch/-/micromatch-4.0.8.tgz 7295ms (cache miss)
npm http fetch GET 200 https://registry.npmjs.com/@pmmmwh/react-refresh-webpack-plugin/-/react-refresh-webpack-plugin-0.6.3.tgz 7387ms (cache miss)
npm http fetch GET 200 https://registry.npmjs.com/acorn-jsx/-/acorn-jsx-5.3.2.tgz 7307ms (cache miss)
npm http fetch GET 200 https://registry.npmjs.com/merge2/-/merge2-1.4.1.tgz 7307ms (cache miss)
npm http fetch GET 200 https://registry.npmjs.com/fastq/-/fastq-1.20.3.tgz 7307ms (cache miss)
npm http fetch GET 200 https://registry.npmjs.com/@fluentui/react-persona/-/react-persona-9.7.10.tgz 7415ms (cache miss)
npm http fetch GET 200 https://registry.npmjs.com/@nodelib/fs.stat/-/fs.stat-2.0.5.tgz 7321ms (cache miss)
npm http fetch GET 200 https://registry.npmjs.com/@sinclair/typebox/-/typebox-0.27.12.tgz 7390ms (cache miss)
npm http fetch GET 200 https://registry.npmjs.com/estraverse/-/estraverse-5.3.0.tgz 7335ms (cache miss)
npm http fetch GET 200 https://registry.npmjs.com/@fluentui/react-alert/-/react-alert-9.0.2-beta.1.tgz 7443ms (cache miss)
npm http fetch GET 200 https://registry.npmjs.com/esrecurse/-/esrecurse-4.3.0.tgz 7352ms (cache miss)
npm http fetch GET 200 https://registry.npmjs.com/@nodelib/fs.walk/-/fs.walk-1.2.8.tgz 7353ms (cache miss)
npm http fetch GET 200 https://registry.npmjs.com/prettier-linter-helpers/-/prettier-linter-helpers-1.0.1.tgz 7366ms (cache miss)
npm http fetch GET 200 https://registry.npmjs.com/emoji-regex/-/emoji-regex-9.2.2.tgz 7377ms (cache miss)
npm http fetch GET 200 https://registry.npmjs.com/damerau-levenshtein/-/damerau-levenshtein-1.0.8.tgz 7378ms (cache miss)
npm http fetch GET 200 https://registry.npmjs.com/string.prototype.includes/-/string.prototype.includes-2.0.1.tgz 7378ms (cache miss)
npm http fetch GET 200 https://registry.npmjs.com/language-tags/-/language-tags-1.0.9.tgz 7392ms (cache miss)
npm http fetch GET 200 https://registry.npmjs.com/rrweb-cssom/-/rrweb-cssom-0.8.0.tgz 7433ms (cache miss)
npm http fetch GET 200 https://registry.npmjs.com/are-docs-informative/-/are-docs-informative-0.0.2.tgz 7404ms (cache miss)
npm http fetch GET 200 https://registry.npmjs.com/ast-types-flow/-/ast-types-flow-0.0.8.tgz 7404ms (cache miss)
npm http fetch GET 200 https://registry.npmjs.com/spdx-expression-parse/-/spdx-expression-parse-4.0.0.tgz 7405ms (cache miss)
npm http fetch GET 200 https://registry.npmjs.com/@fluentui/react-input/-/react-input-9.8.7.tgz 7512ms (cache miss)
npm http fetch GET 200 https://registry.npmjs.com/@babel/helper-module-transforms/-/helper-module-transforms-7.29.7.tgz 7431ms (cache miss)
npm http fetch GET 200 https://registry.npmjs.com/@babel/template/-/template-7.29.7.tgz 7446ms (cache miss)
npm http fetch GET 200 https://registry.npmjs.com/is-date-object/-/is-date-object-1.1.0.tgz 7432ms (cache miss)
npm http fetch GET 200 https://registry.npmjs.com/@noble/hashes/-/hashes-1.8.0.tgz 7621ms (cache miss)
npm http fetch GET 200 https://registry.npmjs.com/jest-snapshot/-/jest-snapshot-29.7.0.tgz 7458ms (cache miss)
npm http fetch GET 200 https://registry.npmjs.com/synckit/-/synckit-0.8.8.tgz 7463ms (cache miss)
npm http fetch GET 200 https://registry.npmjs.com/unbox-primitive/-/unbox-primitive-1.1.0.tgz 7460ms (cache miss)
npm http fetch GET 200 https://registry.npmjs.com/possible-typed-array-names/-/possible-typed-array-names-1.1.0.tgz 7461ms (cache miss)
npm http fetch GET 200 https://registry.npmjs.com/blessed/-/blessed-0.1.81.tgz 7611ms (cache miss)
npm http fetch GET 200 https://registry.npmjs.com/jju/-/jju-1.4.0.tgz 7475ms (cache miss)
npm http fetch GET 200 https://registry.npmjs.com/is-symbol/-/is-symbol-1.1.1.tgz 7473ms (cache miss)
npm http fetch GET 200 https://registry.npmjs.com/which-typed-array/-/which-typed-array-1.1.24.tgz 7472ms (cache miss)
npm http fetch GET 200 https://registry.npmjs.com/typed-array-byte-length/-/typed-array-byte-length-1.0.3.tgz 7473ms (cache miss)
npm http fetch GET 200 https://registry.npmjs.com/typed-array-byte-offset/-/typed-array-byte-offset-1.0.5.tgz 7473ms (cache miss)
npm http fetch GET 200 https://registry.npmjs.com/typed-array-length/-/typed-array-length-1.0.8.tgz 7473ms (cache miss)
npm http fetch GET 200 https://registry.npmjs.com/@fluentui/react-divider/-/react-divider-9.7.5.tgz 7584ms (cache miss)
npm http fetch GET 200 https://registry.npmjs.com/json5/-/json5-2.2.3.tgz 7534ms (cache miss)
npm http fetch GET 200 https://registry.npmjs.com/set-proto/-/set-proto-1.0.0.tgz 7517ms (cache miss)
npm http fetch GET 200 https://registry.npmjs.com/safe-array-concat/-/safe-array-concat-1.1.4.tgz 7532ms (cache miss)
npm http fetch GET 200 https://registry.npmjs.com/stop-iteration-iterator/-/stop-iteration-iterator-1.1.0.tgz 7534ms (cache miss)
npm http fetch GET 200 https://registry.npmjs.com/own-keys/-/own-keys-1.0.2.tgz 7533ms (cache miss)
npm http fetch GET 200 https://registry.npmjs.com/typed-array-buffer/-/typed-array-buffer-1.0.3.tgz 7535ms (cache miss)
npm http fetch GET 200 https://registry.npmjs.com/safe-regex-test/-/safe-regex-test-1.1.0.tgz 7545ms (cache miss)
npm http fetch GET 200 https://registry.npmjs.com/safe-push-apply/-/safe-push-apply-1.0.0.tgz 7546ms (cache miss)
npm http fetch GET 200 https://registry.npmjs.com/is-set/-/is-set-2.0.3.tgz 7545ms (cache miss)
npm http fetch GET 200 https://registry.npmjs.com/is-typed-array/-/is-typed-array-1.1.15.tgz 7546ms (cache miss)
npm http fetch GET 200 https://registry.npmjs.com/is-weakref/-/is-weakref-1.1.1.tgz 7566ms (cache miss)
npm http fetch GET 200 https://registry.npmjs.com/string.prototype.trim/-/string.prototype.trim-1.2.11.tgz 7582ms (cache miss)
npm http fetch GET 200 https://registry.npmjs.com/is-shared-array-buffer/-/is-shared-array-buffer-1.0.4.tgz 7581ms (cache miss)
npm http fetch GET 200 https://registry.npmjs.com/has-tostringtag/-/has-tostringtag-1.0.2.tgz 7601ms (cache miss)
npm http fetch GET 200 https://registry.npmjs.com/string.prototype.trimstart/-/string.prototype.trimstart-1.0.8.tgz 7599ms (cache miss)
npm http fetch GET 200 https://registry.npmjs.com/jest-worker/-/jest-worker-29.7.0.tgz 7630ms (cache miss)
npm http fetch GET 200 https://registry.npmjs.com/@microsoft/tsdoc-config/-/tsdoc-config-0.18.3.tgz 7620ms (cache miss)
npm http fetch GET 200 https://registry.npmjs.com/es-abstract-get/-/es-abstract-get-1.0.0.tgz 7617ms (cache miss)
npm http fetch GET 200 https://registry.npmjs.com/internal-slot/-/internal-slot-1.1.0.tgz 7613ms (cache miss)
npm http fetch GET 200 https://registry.npmjs.com/is-data-view/-/is-data-view-1.0.2.tgz 7614ms (cache miss)
npm http fetch GET 200 https://registry.npmjs.com/is-negative-zero/-/is-negative-zero-2.0.3.tgz 7614ms (cache miss)
npm http fetch GET 200 https://registry.npmjs.com/has-proto/-/has-proto-1.2.0.tgz 7614ms (cache miss)
npm http fetch GET 200 https://registry.npmjs.com/is-callable/-/is-callable-1.2.7.tgz 7627ms (cache miss)
npm http fetch GET 200 https://registry.npmjs.com/get-symbol-description/-/get-symbol-description-1.1.0.tgz 7626ms (cache miss)
npm http fetch GET 200 https://registry.npmjs.com/has-symbols/-/has-symbols-1.1.0.tgz 7627ms (cache miss)
npm http fetch GET 200 https://registry.npmjs.com/is-array-buffer/-/is-array-buffer-3.0.5.tgz 7628ms (cache miss)
npm http fetch GET 200 https://registry.npmjs.com/data-view-byte-offset/-/data-view-byte-offset-1.0.1.tgz 7626ms (cache miss)
npm http fetch GET 200 https://registry.npmjs.com/is-regex/-/is-regex-1.2.1.tgz 7642ms (cache miss)
npm http fetch GET 200 https://registry.npmjs.com/function.prototype.name/-/function.prototype.name-1.2.0.tgz 7641ms (cache miss)
npm http fetch GET 200 https://registry.npmjs.com/es-set-tostringtag/-/es-set-tostringtag-2.1.0.tgz 7640ms (cache miss)
npm http fetch GET 200 https://registry.npmjs.com/data-view-byte-length/-/data-view-byte-length-1.0.2.tgz 7641ms (cache miss)
npm http fetch GET 200 https://registry.npmjs.com/regexp.prototype.flags/-/regexp.prototype.flags-1.5.4.tgz 7687ms (cache miss)
npm http fetch GET 200 https://registry.npmjs.com/array-buffer-byte-length/-/array-buffer-byte-length-1.0.2.tgz 7684ms (cache miss)
npm http fetch GET 200 https://registry.npmjs.com/data-view-buffer/-/data-view-buffer-1.0.2.tgz 7684ms (cache miss)
npm http fetch GET 200 https://registry.npmjs.com/available-typed-arrays/-/available-typed-arrays-1.0.7.tgz 7684ms (cache miss)
npm http fetch GET 200 https://registry.npmjs.com/has-property-descriptors/-/has-property-descriptors-1.0.2.tgz 7683ms (cache miss)
npm http fetch GET 200 https://registry.npmjs.com/@fluentui/react-spinner/-/react-spinner-9.8.6.tgz 7805ms (cache miss)
npm http fetch GET 200 https://registry.npmjs.com/arraybuffer.prototype.slice/-/arraybuffer.prototype.slice-1.0.4.tgz 7700ms (cache miss)
npm http fetch GET 200 https://registry.npmjs.com/function-bind/-/function-bind-1.1.2.tgz 7700ms (cache miss)
npm http fetch GET 200 https://registry.npmjs.com/parse-imports-exports/-/parse-imports-exports-0.2.4.tgz 7720ms (cache miss)
npm http fetch GET 200 https://registry.npmjs.com/es-define-property/-/es-define-property-1.0.1.tgz 7711ms (cache miss)
npm http fetch GET 200 https://registry.npmjs.com/object-keys/-/object-keys-1.1.1.tgz 7713ms (cache miss)
npm http fetch GET 200 https://registry.npmjs.com/gopd/-/gopd-1.2.0.tgz 7713ms (cache miss)
npm http fetch GET 200 https://registry.npmjs.com/call-bind-apply-helpers/-/call-bind-apply-helpers-1.0.2.tgz 7727ms (cache miss)
npm http fetch GET 200 https://registry.npmjs.com/get-intrinsic/-/get-intrinsic-1.3.0.tgz 7729ms (cache miss)
npm http fetch GET 200 https://registry.npmjs.com/is-string/-/is-string-1.1.1.tgz 7728ms (cache miss)
npm http fetch GET 200 https://registry.npmjs.com/define-data-property/-/define-data-property-1.1.4.tgz 7743ms (cache miss)
npm http fetch GET 200 https://registry.npmjs.com/set-function-length/-/set-function-length-1.2.2.tgz 7744ms (cache miss)
npm http fetch GET 200 https://registry.npmjs.com/globalthis/-/globalthis-1.0.4.tgz 7760ms (cache miss)
npm http fetch GET 200 https://registry.npmjs.com/es-shim-unscopables/-/es-shim-unscopables-1.1.0.tgz 7773ms (cache miss)
npm http fetch GET 200 https://registry.npmjs.com/jest-config/-/jest-config-29.7.0.tgz 7806ms (cache miss)
npm http fetch GET 200 https://registry.npmjs.com/math-intrinsics/-/math-intrinsics-1.1.0.tgz 7789ms (cache miss)
npm http fetch GET 200 https://registry.npmjs.com/call-bound/-/call-bound-1.0.4.tgz 7788ms (cache miss)
npm http fetch GET 200 https://registry.npmjs.com/es-object-atoms/-/es-object-atoms-1.1.2.tgz 7790ms (cache miss)
npm http fetch GET 200 https://registry.npmjs.com/call-bind/-/call-bind-1.0.9.tgz 7802ms (cache miss)
npm http fetch GET 200 https://registry.npmjs.com/object.groupby/-/object.groupby-1.0.3.tgz 7801ms (cache miss)
npm http fetch GET 200 https://registry.npmjs.com/define-properties/-/define-properties-1.2.1.tgz 7803ms (cache miss)
npm http fetch GET 200 https://registry.npmjs.com/object.values/-/object.values-1.2.1.tgz 7803ms (cache miss)
npm http fetch GET 200 https://registry.npmjs.com/is-core-module/-/is-core-module-2.17.0.tgz 7802ms (cache miss)
npm http fetch GET 200 https://registry.npmjs.com/object.fromentries/-/object.fromentries-2.0.8.tgz 7818ms (cache miss)
npm http fetch GET 200 https://registry.npmjs.com/es-errors/-/es-errors-1.3.0.tgz 7832ms (cache miss)
npm http fetch GET 200 https://registry.npmjs.com/hasown/-/hasown-2.0.4.tgz 7830ms (cache miss)
npm http fetch GET 200 https://registry.npmjs.com/object.assign/-/object.assign-4.1.7.tgz 7860ms (cache miss)
npm http fetch GET 200 https://registry.npmjs.com/jest-util/-/jest-util-29.7.0.tgz 7891ms (cache miss)
npm http fetch GET 200 https://registry.npmjs.com/@es-joy/jsdoccomment/-/jsdoccomment-0.50.2.tgz 7880ms (cache miss)
npm http fetch GET 200 https://registry.npmjs.com/es-to-primitive/-/es-to-primitive-1.3.4.tgz 7876ms (cache miss)
npm http fetch GET 200 https://registry.npmjs.com/string.prototype.trimend/-/string.prototype.trimend-1.0.10.tgz 7872ms (cache miss)
npm http fetch GET 200 https://registry.npmjs.com/array.prototype.flat/-/array.prototype.flat-1.3.3.tgz 7871ms (cache miss)
npm http fetch GET 200 https://registry.npmjs.com/array.prototype.flatmap/-/array.prototype.flatmap-1.3.3.tgz 7872ms (cache miss)
npm http fetch GET 200 https://registry.npmjs.com/eslint-import-resolver-node/-/eslint-import-resolver-node-0.3.10.tgz 7872ms (cache miss)
npm http fetch GET 200 https://registry.npmjs.com/array.prototype.findlastindex/-/array.prototype.findlastindex-1.2.6.tgz 7885ms (cache miss)
npm http fetch GET 200 https://registry.npmjs.com/lodash.snakecase/-/lodash.snakecase-4.1.1.tgz 7884ms (cache miss)
npm http fetch GET 200 https://registry.npmjs.com/update-browserslist-db/-/update-browserslist-db-1.3.3.tgz 7898ms (cache miss)
npm http fetch GET 200 https://registry.npmjs.com/lodash.upperfirst/-/lodash.upperfirst-4.3.1.tgz 7899ms (cache miss)
npm http fetch GET 200 https://registry.npmjs.com/lodash.kebabcase/-/lodash.kebabcase-4.1.1.tgz 7898ms (cache miss)
npm http fetch GET 200 https://registry.npmjs.com/node-releases/-/node-releases-2.0.57.tgz 7899ms (cache miss)
npm http fetch GET 200 https://registry.npmjs.com/lodash.camelcase/-/lodash.camelcase-4.3.0.tgz 7913ms (cache miss)
npm http fetch GET 200 https://registry.npmjs.com/@rtsao/scc/-/scc-1.1.0.tgz 7914ms (cache miss)
npm http fetch GET 200 https://registry.npmjs.com/@jridgewell/sourcemap-codec/-/sourcemap-codec-1.6.0.tgz 7955ms (cache miss)
npm http fetch GET 200 https://registry.npmjs.com/exit/-/exit-0.1.2.tgz 7947ms (cache miss)
npm http fetch GET 200 https://registry.npmjs.com/doctrine/-/doctrine-2.1.0.tgz 7939ms (cache miss)
npm http fetch GET 200 https://registry.npmjs.com/typescript-eslint/-/typescript-eslint-8.71.0.tgz 7938ms (cache miss)
npm http fetch GET 200 https://registry.npmjs.com/browserslist/-/browserslist-4.29.3.tgz 7950ms (cache miss)
npm http fetch GET 200 https://registry.npmjs.com/svg-element-attributes/-/svg-element-attributes-1.3.1.tgz 7951ms (cache miss)
npm http fetch GET 200 https://registry.npmjs.com/eslint-plugin-no-only-tests/-/eslint-plugin-no-only-tests-3.4.0.tgz 7951ms (cache miss)
npm http fetch GET 200 https://registry.npmjs.com/eslint-plugin-filenames/-/eslint-plugin-filenames-1.3.2.tgz 7964ms (cache miss)
npm http fetch GET 200 https://registry.npmjs.com/eslint-plugin-i18n-text/-/eslint-plugin-i18n-text-1.0.1.tgz 7965ms (cache miss)
npm http fetch GET 200 https://registry.npmjs.com/eslint-plugin-eslint-comments/-/eslint-plugin-eslint-comments-3.2.0.tgz 7979ms (cache miss)
npm http fetch GET 200 https://registry.npmjs.com/eslint-rule-documentation/-/eslint-rule-documentation-1.0.23.tgz 7995ms (cache miss)
npm http fetch GET 200 https://registry.npmjs.com/which/-/which-2.0.2.tgz 7993ms (cache miss)
npm http fetch GET 200 https://registry.npmjs.com/eslint-plugin-escompat/-/eslint-plugin-escompat-3.12.0.tgz 7994ms (cache miss)
npm http fetch GET 200 https://registry.npmjs.com/@jridgewell/gen-mapping/-/gen-mapping-0.3.13.tgz 8050ms (cache miss)
npm http fetch GET 200 https://registry.npmjs.com/shebang-command/-/shebang-command-2.0.0.tgz 8019ms (cache miss)
npm http fetch GET 200 https://registry.npmjs.com/path-key/-/path-key-3.1.1.tgz 8019ms (cache miss)
npm http fetch GET 200 https://registry.npmjs.com/@github/browserslist-config/-/browserslist-config-1.0.0.tgz 8020ms (cache miss)
npm http fetch GET 200 https://registry.npmjs.com/@fluentui/react-checkbox/-/react-checkbox-9.6.5.tgz 8143ms (cache miss)
npm http fetch GET 200 https://registry.npmjs.com/eslint-module-utils/-/eslint-module-utils-2.14.0.tgz 8037ms (cache miss)
npm http fetch GET 200 https://registry.npmjs.com/electron-to-chromium/-/electron-to-chromium-1.5.444.tgz 8036ms (cache miss)
npm http fetch GET 200 https://registry.npmjs.com/@humanfs/types/-/types-0.15.0.tgz 8033ms (cache miss)
npm http fetch GET 200 https://registry.npmjs.com/strip-json-comments/-/strip-json-comments-3.1.1.tgz 8033ms (cache miss)
npm http fetch GET 200 https://registry.npmjs.com/@humanfs/core/-/core-0.19.2.tgz 8034ms (cache miss)
npm http fetch GET 200 https://registry.npmjs.com/array-includes/-/array-includes-3.2.0.tgz 8052ms (cache miss)
npm http fetch GET 200 https://registry.npmjs.com/levn/-/levn-0.4.1.tgz 8048ms (cache miss)
npm http fetch GET 200 https://registry.npmjs.com/optionator/-/optionator-0.9.4.tgz 8049ms (cache miss)
npm http fetch GET 200 https://registry.npmjs.com/lodash.merge/-/lodash.merge-4.6.2.tgz 8063ms (cache miss)
npm http fetch GET 200 https://registry.npmjs.com/import-fresh/-/import-fresh-3.3.1.tgz 8064ms (cache miss)
npm http fetch GET 200 https://registry.npmjs.com/@eslint/object-schema/-/object-schema-2.1.7.tgz 8075ms (cache miss)
npm http fetch GET 200 https://registry.npmjs.com/@types/json-schema/-/json-schema-7.0.15.tgz 8076ms (cache miss)
npm http fetch GET 200 https://registry.npmjs.com/json-stable-stringify-without-jsonify/-/json-stable-stringify-without-jsonify-1.0.1.tgz 8087ms (cache miss)
npm http fetch GET 200 https://registry.npmjs.com/@zkochan/js-yaml/-/js-yaml-0.0.7.tgz 8154ms (cache miss)
npm http fetch GET 200 https://registry.npmjs.com/@emnapi/core/-/core-1.4.5.tgz 8154ms (cache miss)
npm http fetch GET 200 https://registry.npmjs.com/source-map/-/source-map-0.6.1.tgz 8137ms (cache miss)
npm http fetch GET 200 https://registry.npmjs.com/minipass/-/minipass-7.1.3.tgz 8124ms (cache miss)
npm http fetch GET 200 https://registry.npmjs.com/imurmurhash/-/imurmurhash-0.1.4.tgz 8102ms (cache miss)
npm http fetch GET 200 https://registry.npmjs.com/escape-string-regexp/-/escape-string-regexp-4.0.0.tgz 8101ms (cache miss)
npm http fetch GET 200 https://registry.npmjs.com/find-up/-/find-up-5.0.0.tgz 8101ms (cache miss)
npm http fetch GET 200 https://registry.npmjs.com/@jsonjoy.com/buffers/-/buffers-17.67.0.tgz 8309ms (cache miss)
npm http fetch GET 200 https://registry.npmjs.com/@fluentui/react-slider/-/react-slider-9.6.6.tgz 8230ms (cache miss)
npm http fetch GET 200 https://registry.npmjs.com/@jest/reporters/-/reporters-29.7.0.tgz 8139ms (cache miss)
npm http fetch GET 200 https://registry.npmjs.com/file-entry-cache/-/file-entry-cache-8.0.0.tgz 8114ms (cache miss)
npm http fetch GET 200 https://registry.npmjs.com/@eslint/compat/-/compat-2.1.1.tgz 8130ms (cache miss)
npm http fetch GET 200 https://registry.npmjs.com/esutils/-/esutils-2.0.3.tgz 8127ms (cache miss)
npm http fetch GET 200 https://registry.npmjs.com/cross-spawn/-/cross-spawn-7.0.6.tgz 8127ms (cache miss)
npm http fetch GET 200 https://registry.npmjs.com/@types/estree/-/estree-1.0.9.tgz 8127ms (cache miss)
npm http fetch GET 200 https://registry.npmjs.com/@humanwhocodes/retry/-/retry-0.4.3.tgz 8150ms (cache miss)
npm http fetch GET 200 https://registry.npmjs.com/@humanfs/node/-/node-0.16.8.tgz 8181ms (cache miss)
npm http fetch GET 200 https://registry.npmjs.com/baseline-browser-mapping/-/baseline-browser-mapping-2.11.27.tgz 8200ms (cache miss)
npm http fetch GET 200 https://registry.npmjs.com/@humanwhocodes/module-importer/-/module-importer-1.0.1.tgz 8194ms (cache miss)
npm http fetch GET 200 https://registry.npmjs.com/@eslint/core/-/core-0.17.0.tgz 8194ms (cache miss)
npm http fetch GET 200 https://registry.npmjs.com/@eslint/config-helpers/-/config-helpers-0.4.2.tgz 8194ms (cache miss)
npm http fetch GET 200 https://registry.npmjs.com/jest-haste-map/-/jest-haste-map-29.7.0.tgz 8236ms (cache miss)
npm http fetch GET 200 https://registry.npmjs.com/path-scurry/-/path-scurry-2.0.2.tgz 8233ms (cache miss)
npm http fetch GET 200 https://registry.npmjs.com/fill-range/-/fill-range-7.1.1.tgz 8204ms (cache miss)
npm http fetch GET 200 https://registry.npmjs.com/color-name/-/color-name-1.1.4.tgz 8205ms (cache miss)
npm http fetch GET 200 https://registry.npmjs.com/@fluentui/react-link/-/react-link-9.8.5.tgz 8336ms (cache miss)
npm http fetch GET 200 https://registry.npmjs.com/espree/-/espree-10.4.0.tgz 8222ms (cache miss)
npm http fetch GET 200 https://registry.npmjs.com/ms/-/ms-2.1.3.tgz 8219ms (cache miss)
npm http fetch GET 200 https://registry.npmjs.com/ansi-colors/-/ansi-colors-4.1.3.tgz 8220ms (cache miss)
npm http fetch GET 200 https://registry.npmjs.com/readdirp/-/readdirp-3.6.0.tgz 8236ms (cache miss)
npm http fetch GET 200 https://registry.npmjs.com/normalize-path/-/normalize-path-3.0.0.tgz 8235ms (cache miss)
npm http fetch GET 200 https://registry.npmjs.com/is-glob/-/is-glob-4.0.3.tgz 8251ms (cache miss)
npm http fetch GET 200 https://registry.npmjs.com/is-binary-path/-/is-binary-path-2.1.0.tgz 8252ms (cache miss)
npm http fetch GET 200 https://registry.npmjs.com/braces/-/braces-3.0.3.tgz 8280ms (cache miss)
npm http fetch GET 200 https://registry.npmjs.com/supports-color/-/supports-color-7.2.0.tgz 8280ms (cache miss)
npm http fetch GET 200 https://registry.npmjs.com/anymatch/-/anymatch-3.1.3.tgz 8281ms (cache miss)
npm http fetch GET 200 https://registry.npmjs.com/picomatch/-/picomatch-2.3.2.tgz 8297ms (cache miss)
npm http fetch GET 200 https://registry.npmjs.com/require-from-string/-/require-from-string-2.0.2.tgz 8295ms (cache miss)
npm http fetch GET 200 https://registry.npmjs.com/prebuild-install/-/prebuild-install-7.1.3.tgz 8296ms (cache miss)
npm http fetch GET 200 https://registry.npmjs.com/json-schema-traverse/-/json-schema-traverse-1.0.0.tgz 8295ms (cache miss)
npm warn deprecated prebuild-install@7.1.3: No longer maintained. Please contact the author of the relevant native addon; alternatives are available.
npm http fetch GET 200 https://registry.npmjs.com/fast-deep-equal/-/fast-deep-equal-3.1.3.tgz 8332ms (cache miss)
npm http fetch GET 200 https://registry.npmjs.com/eslint-visitor-keys/-/eslint-visitor-keys-3.4.3.tgz 8332ms (cache miss)
npm http fetch GET 200 https://registry.npmjs.com/color-convert/-/color-convert-2.0.1.tgz 8334ms (cache miss)
npm http fetch GET 200 https://registry.npmjs.com/ansi-styles/-/ansi-styles-4.3.0.tgz 8334ms (cache miss)
npm http fetch GET 200 https://registry.npmjs.com/@fluentui/react-progress/-/react-progress-9.5.6.tgz 8472ms (cache miss)
npm http fetch GET 200 https://registry.npmjs.com/@fluentui/react-jsx-runtime/-/react-jsx-runtime-9.4.6.tgz 8467ms (cache miss)
npm http fetch GET 200 https://registry.npmjs.com/glob-parent/-/glob-parent-5.1.2.tgz 8354ms (cache miss)
npm http fetch GET 200 https://registry.npmjs.com/ssim.js/-/ssim.js-3.5.0.tgz 8520ms (cache miss)
npm http fetch GET 200 https://registry.npmjs.com/tinyglobby/-/tinyglobby-0.2.17.tgz 8368ms (cache miss)
npm http fetch GET 200 https://registry.npmjs.com/webpack-sources/-/webpack-sources-3.6.0.tgz 8478ms (cache miss)
npm http fetch GET 200 https://registry.npmjs.com/debug/-/debug-4.4.3.tgz 8394ms (cache miss)
npm http fetch GET 200 https://registry.npmjs.com/@typescript-eslint/tsconfig-utils/-/tsconfig-utils-8.71.0.tgz 8395ms (cache miss)
npm http fetch GET 200 https://registry.npmjs.com/@typescript-eslint/project-service/-/project-service-8.71.0.tgz 8411ms (cache miss)
npm http fetch GET 200 https://registry.npmjs.com/language-subtag-registry/-/language-subtag-registry-0.3.23.tgz 8498ms (cache miss)
npm http fetch GET 200 https://registry.npmjs.com/type-fest/-/type-fest-0.21.3.tgz 8485ms (cache miss)
npm http fetch GET 200 https://registry.npmjs.com/natural-compare/-/natural-compare-1.4.0.tgz 8444ms (cache miss)
npm http fetch GET 200 https://registry.npmjs.com/ignore/-/ignore-7.0.11.tgz 8486ms (cache miss)
npm http fetch GET 200 https://registry.npmjs.com/@typescript-eslint/visitor-keys/-/visitor-keys-8.71.0.tgz 8486ms (cache miss)
npm http fetch GET 200 https://registry.npmjs.com/@types/istanbul-lib-report/-/istanbul-lib-report-3.0.3.tgz 8537ms (cache miss)
npm http fetch GET 200 https://registry.npmjs.com/@types/istanbul-reports/-/istanbul-reports-3.0.4.tgz 8537ms (cache miss)
npm http fetch GET 200 https://registry.npmjs.com/jest-environment-node/-/jest-environment-node-27.5.1.tgz 8548ms (cache miss)
npm http fetch GET 200 https://registry.npmjs.com/@types/istanbul-lib-coverage/-/istanbul-lib-coverage-2.0.6.tgz 8549ms (cache miss)
npm http fetch GET 200 https://registry.npmjs.com/async/-/async-3.2.6.tgz 8682ms (cache miss)
npm http fetch GET 200 https://registry.npmjs.com/eslint-scope/-/eslint-scope-8.4.0.tgz 8586ms (cache miss)
npm http fetch GET 200 https://registry.npmjs.com/@eslint/plugin-kit/-/plugin-kit-0.4.1.tgz 8585ms (cache miss)
npm http fetch GET 200 https://registry.npmjs.com/chalk/-/chalk-4.1.2.tgz 8577ms (cache miss)
npm http fetch GET 200 https://registry.npmjs.com/@fluentui/react-provider/-/react-provider-9.22.21.tgz 8735ms (cache miss)
npm http fetch GET 200 https://registry.npmjs.com/commander/-/commander-12.0.0.tgz 8616ms (cache miss)
npm http fetch GET 200 https://registry.npmjs.com/jest-matcher-utils/-/jest-matcher-utils-27.5.1.tgz 8625ms (cache miss)
npm http fetch GET 200 https://registry.npmjs.com/@fluentui/react-tooltip/-/react-tooltip-9.10.7.tgz 8785ms (cache miss)
npm http fetch GET 200 https://registry.npmjs.com/object-inspect/-/object-inspect-1.13.4.tgz 8680ms (cache miss)
npm http fetch GET 200 https://registry.npmjs.com/jest-junit/-/jest-junit-13.2.0.tgz 8652ms (cache miss)
npm http fetch GET 200 https://registry.npmjs.com/jest-environment-jsdom/-/jest-environment-jsdom-30.5.2.tgz 8652ms (cache miss)
npm http fetch GET 200 https://registry.npmjs.com/jest/-/jest-29.7.0.tgz 8680ms (cache miss)
npm http fetch GET 200 https://registry.npmjs.com/tough-cookie/-/tough-cookie-5.1.2.tgz 8762ms (cache miss)
npm http fetch GET 200 https://registry.npmjs.com/vite/-/vite-6.4.3.tgz 8818ms (cache miss)
npm http fetch GET 200 https://registry.npmjs.com/globals/-/globals-16.5.0.tgz 8698ms (cache miss)
npm http fetch GET 200 https://registry.npmjs.com/eslint-plugin-prettier/-/eslint-plugin-prettier-5.0.1.tgz 8698ms (cache miss)
npm http fetch GET 200 https://registry.npmjs.com/eslint-formatter-azure-devops/-/eslint-formatter-azure-devops-1.2.1.tgz 8727ms (cache miss)
npm http fetch GET 200 https://registry.npmjs.com/@fluentui/react-spinbutton/-/react-spinbutton-9.6.7.tgz 8975ms (cache miss)
npm http fetch GET 200 https://registry.npmjs.com/puppeteer/-/puppeteer-22.15.0.tgz 8964ms (cache miss)
npm warn deprecated puppeteer@22.15.0: < 24.15.0 is no longer supported
npm http fetch GET 200 https://registry.npmjs.com/jackspeak/-/jackspeak-4.2.3.tgz 8883ms (cache miss)
npm http fetch GET 200 https://registry.npmjs.com/tslib/-/tslib-2.8.1.tgz 8847ms (cache miss)
npm http fetch GET 200 https://registry.npmjs.com/eslint-config-prettier/-/eslint-config-prettier-9.0.0.tgz 8844ms (cache miss)
npm http fetch GET 200 https://registry.npmjs.com/es-check/-/es-check-7.2.1.tgz 8843ms (cache miss)
npm http fetch GET 200 https://registry.npmjs.com/ts-api-utils/-/ts-api-utils-2.5.0.tgz 8902ms (cache miss)
npm http fetch GET 200 https://registry.npmjs.com/dotenv/-/dotenv-16.0.3.tgz 8894ms (cache miss)
npm http fetch GET 200 https://registry.npmjs.com/chokidar/-/chokidar-3.6.0.tgz 8908ms (cache miss)
npm http fetch GET 200 https://registry.npmjs.com/@eslint-community/eslint-utils/-/eslint-utils-4.10.1.tgz 8935ms (cache miss)
npm http fetch GET 200 https://registry.npmjs.com/@typescript-eslint/parser/-/parser-8.71.0.tgz 8927ms (cache miss)
npm http fetch GET 200 https://registry.npmjs.com/@types/jest-expect-message/-/jest-expect-message-1.0.4.tgz 8918ms (cache miss)
npm http fetch GET 200 https://registry.npmjs.com/@types/jest-environment-puppeteer/-/jest-environment-puppeteer-5.0.6.tgz 8919ms (cache miss)
npm http fetch GET 200 https://registry.npmjs.com/rollup/-/rollup-4.63.6.tgz 9076ms (cache miss)
npm http fetch GET 200 https://registry.npmjs.com/@types/jest/-/jest-27.4.1.tgz 8947ms (cache miss)
npm http fetch GET 200 https://registry.npmjs.com/@types/fs-extra/-/fs-extra-9.0.13.tgz 8948ms (cache miss)
npm http fetch GET 200 https://registry.npmjs.com/@types/expect-puppeteer/-/expect-puppeteer-5.0.6.tgz 8948ms (cache miss)
npm http fetch GET 200 https://registry.npmjs.com/@nrwl/tao/-/tao-19.8.4.tgz 8948ms (cache miss)
npm http fetch GET 200 https://registry.npmjs.com/@types/puppeteer/-/puppeteer-5.4.7.tgz 8975ms (cache miss)
npm http fetch GET 200 https://registry.npmjs.com/is-wsl/-/is-wsl-3.1.1.tgz 8973ms (cache miss)
npm http fetch GET 200 https://registry.npmjs.com/@playwright/test/-/test-1.57.0.tgz 8975ms (cache miss)
npm http fetch GET 200 https://registry.npmjs.com/emoji-regex/-/emoji-regex-8.0.0.tgz 8974ms (cache miss)
npm http fetch GET 200 https://registry.npmjs.com/@typescript-eslint/types/-/types-8.71.0.tgz 9015ms (cache miss)
npm http fetch GET 200 https://registry.npmjs.com/@eslint/js/-/js-9.39.5.tgz 8997ms (cache miss)
npm http fetch GET 200 https://registry.npmjs.com/@nrwl/workspace/-/workspace-19.8.4.tgz 9020ms (cache miss)
npm http fetch GET 200 https://registry.npmjs.com/is-docker/-/is-docker-3.0.0.tgz 9019ms (cache miss)
npm http fetch GET 200 https://registry.npmjs.com/@babel/parser/-/parser-7.29.9.tgz 9098ms (cache miss)
npm http fetch GET 200 https://registry.npmjs.com/@alex_neo/jest-expect-message/-/jest-expect-message-1.0.5.tgz 9039ms (cache miss)
npm http fetch GET 200 https://registry.npmjs.com/yargs-parser/-/yargs-parser-21.1.1.tgz 9080ms (cache miss)
npm http fetch GET 200 https://registry.npmjs.com/string_decoder/-/string_decoder-1.1.1.tgz 9064ms (cache miss)
npm http fetch GET 200 https://registry.npmjs.com/acorn/-/acorn-8.11.3.tgz 9108ms (cache miss)
npm http fetch GET 200 https://registry.npmjs.com/isarray/-/isarray-1.0.0.tgz 9083ms (cache miss)
npm http fetch GET 200 https://registry.npmjs.com/node-addon-api/-/node-addon-api-7.1.1.tgz 9121ms (cache miss)
npm http fetch GET 200 https://registry.npmjs.com/@eslint-community/regexpp/-/regexpp-4.12.2.tgz 9118ms (cache miss)
npm http fetch GET 200 https://registry.npmjs.com/@jsonjoy.com/codegen/-/codegen-17.67.0.tgz 9100ms (cache miss)
npm http fetch GET 200 https://registry.npmjs.com/safe-buffer/-/safe-buffer-5.1.2.tgz 9100ms (cache miss)
npm http fetch GET 200 https://registry.npmjs.com/@jsonjoy.com/base64/-/base64-17.67.0.tgz 9101ms (cache miss)
npm http fetch GET 200 https://registry.npmjs.com/tslib/-/tslib-1.14.1.tgz 9116ms (cache miss)
npm http fetch GET 200 https://registry.npmjs.com/signal-exit/-/signal-exit-4.1.0.tgz 9188ms (cache miss)
npm http fetch GET 200 https://registry.npmjs.com/ms/-/ms-2.0.0.tgz 9133ms (cache miss)
npm http fetch GET 200 https://registry.npmjs.com/ipaddr.js/-/ipaddr.js-1.9.1.tgz 9150ms (cache miss)
npm http fetch GET 200 https://registry.npmjs.com/negotiator/-/negotiator-0.6.3.tgz 9149ms (cache miss)
npm http fetch GET 200 https://registry.npmjs.com/@fluentui/react-field/-/react-field-9.5.5.tgz 9309ms (cache miss)
npm http fetch GET 200 https://registry.npmjs.com/mime-types/-/mime-types-3.0.2.tgz 9164ms (cache miss)
npm http fetch GET 200 https://registry.npmjs.com/ms/-/ms-2.0.0.tgz 9182ms (cache miss)
npm http fetch GET 200 https://registry.npmjs.com/ms/-/ms-2.0.0.tgz 9181ms (cache miss)
npm http fetch GET 200 https://registry.npmjs.com/ms/-/ms-2.0.0.tgz 9181ms (cache miss)
npm http fetch GET 200 https://registry.npmjs.com/ms/-/ms-2.0.0.tgz 9181ms (cache miss)
npm http fetch GET 200 https://registry.npmjs.com/depd/-/depd-1.1.2.tgz 9182ms (cache miss)
npm http fetch GET 200 https://registry.npmjs.com/statuses/-/statuses-1.5.0.tgz 9183ms (cache miss)
npm http fetch GET 200 https://registry.npmjs.com/undici-types/-/undici-types-8.9.0.tgz 9215ms (cache miss)
npm http fetch GET 200 https://registry.npmjs.com/mime-db/-/mime-db-1.54.0.tgz 9195ms (cache miss)
npm http fetch GET 200 https://registry.npmjs.com/http-errors/-/http-errors-1.8.1.tgz 9210ms (cache miss)
npm http fetch GET 200 https://registry.npmjs.com/ms/-/ms-2.0.0.tgz 9226ms (cache miss)
npm http fetch GET 200 https://registry.npmjs.com/@types/send/-/send-0.17.6.tgz 9249ms (cache miss)
npm http fetch GET 200 https://registry.npmjs.com/which/-/which-1.3.1.tgz 9262ms (cache miss)
npm http fetch GET 200 https://registry.npmjs.com/global-prefix/-/global-prefix-0.1.5.tgz 9261ms (cache miss)
npm http fetch GET 200 https://registry.npmjs.com/proxy-from-env/-/proxy-from-env-1.1.0.tgz 9262ms (cache miss)
npm http fetch GET 200 https://registry.npmjs.com/debug/-/debug-2.6.9.tgz 9277ms (cache miss)
npm http fetch GET 200 https://registry.npmjs.com/@jridgewell/trace-mapping/-/trace-mapping-0.3.31.tgz 9348ms (cache miss)
npm http fetch GET 200 https://registry.npmjs.com/react-is/-/react-is-16.13.1.tgz 9285ms (cache miss)
npm http fetch GET 200 https://registry.npmjs.com/tar-fs/-/tar-fs-3.1.3.tgz 9284ms (cache miss)
npm http fetch GET 200 https://registry.npmjs.com/lru-cache/-/lru-cache-7.18.3.tgz 9298ms (cache miss)
npm http fetch GET 200 https://registry.npmjs.com/get-stream/-/get-stream-5.2.0.tgz 9298ms (cache miss)
npm http fetch GET 200 https://registry.npmjs.com/minimatch/-/minimatch-3.1.5.tgz 9298ms (cache miss)
npm http fetch GET 200 https://registry.npmjs.com/brace-expansion/-/brace-expansion-1.1.21.tgz 9298ms (cache miss)
npm http fetch GET 200 https://registry.npmjs.com/balanced-match/-/balanced-match-1.0.2.tgz 9298ms (cache miss)
npm http fetch GET 200 https://registry.npmjs.com/tar-stream/-/tar-stream-3.2.1.tgz 9299ms (cache miss)
npm http fetch GET 200 https://registry.npmjs.com/debug/-/debug-2.6.9.tgz 9318ms (cache miss)
npm http fetch GET 200 https://registry.npmjs.com/semver/-/semver-6.3.1.tgz 9314ms (cache miss)
npm http fetch GET 200 https://registry.npmjs.com/webpack-cli/-/webpack-cli-6.0.1.tgz 9350ms (cache miss)
npm http fetch GET 200 https://registry.npmjs.com/rimraf/-/rimraf-3.0.2.tgz 9329ms (cache miss)
npm warn deprecated rimraf@3.0.2: Rimraf versions prior to v4 are no longer supported
npm http fetch GET 200 https://registry.npmjs.com/is-windows/-/is-windows-1.0.2.tgz 9329ms (cache miss)
npm http fetch GET 200 https://registry.npmjs.com/make-dir/-/make-dir-3.1.0.tgz 9329ms (cache miss)
npm http fetch GET 200 https://registry.npmjs.com/foreground-child/-/foreground-child-2.0.0.tgz 9330ms (cache miss)
npm http fetch GET 200 https://registry.npmjs.com/glob/-/glob-7.2.3.tgz 9331ms (cache miss)
npm warn deprecated glob@7.2.3: Old versions of glob are not supported, and contain widely publicized security vulnerabilities, which have been fixed in the current version. Please update. Support for old versions may be purchased (at exorbitant rates) by contacting i@izs.me
npm http fetch GET 200 https://registry.npmjs.com/mini-css-extract-plugin/-/mini-css-extract-plugin-2.6.1.tgz 9362ms (cache miss)
npm http fetch GET 200 https://registry.npmjs.com/debug/-/debug-2.6.9.tgz 9345ms (cache miss)
npm http fetch GET 200 https://registry.npmjs.com/picomatch/-/picomatch-4.0.7.tgz 9345ms (cache miss)
npm http fetch GET 200 https://registry.npmjs.com/signal-exit/-/signal-exit-3.0.7.tgz 9343ms (cache miss)
npm http fetch GET 200 https://registry.npmjs.com/debug/-/debug-2.6.9.tgz 9359ms (cache miss)
npm http fetch GET 200 https://registry.npmjs.com/debug/-/debug-2.6.9.tgz 9360ms (cache miss)
npm http fetch GET 200 https://registry.npmjs.com/minimatch/-/minimatch-3.1.5.tgz 9354ms (cache miss)
npm http fetch GET 200 https://registry.npmjs.com/balanced-match/-/balanced-match-1.0.2.tgz 9356ms (cache miss)
npm http fetch GET 200 https://registry.npmjs.com/semver/-/semver-6.3.1.tgz 9367ms (cache miss)
npm http fetch GET 200 https://registry.npmjs.com/semver/-/semver-6.3.1.tgz 9367ms (cache miss)
npm http fetch GET 200 https://registry.npmjs.com/jsonfile/-/jsonfile-4.0.0.tgz 9367ms (cache miss)
npm http fetch GET 200 https://registry.npmjs.com/debug/-/debug-2.6.9.tgz 9385ms (cache miss)
npm http fetch GET 200 https://registry.npmjs.com/rimraf/-/rimraf-3.0.2.tgz 9381ms (cache miss)
npm warn deprecated rimraf@3.0.2: Rimraf versions prior to v4 are no longer supported
npm http fetch GET 200 https://registry.npmjs.com/signal-exit/-/signal-exit-3.0.7.tgz 9381ms (cache miss)
npm http fetch GET 200 https://registry.npmjs.com/make-dir/-/make-dir-3.1.0.tgz 9381ms (cache miss)
npm http fetch GET 200 https://registry.npmjs.com/make-dir/-/make-dir-3.1.0.tgz 9381ms (cache miss)
npm http fetch GET 200 https://registry.npmjs.com/glob/-/glob-7.2.3.tgz 9382ms (cache miss)
npm warn deprecated glob@7.2.3: Old versions of glob are not supported, and contain widely publicized security vulnerabilities, which have been fixed in the current version. Please update. Support for old versions may be purchased (at exorbitant rates) by contacting i@izs.me
npm http fetch GET 200 https://registry.npmjs.com/universalify/-/universalify-0.1.2.tgz 9382ms (cache miss)
npm http fetch GET 200 https://registry.npmjs.com/write-file-atomic/-/write-file-atomic-3.0.3.tgz 9383ms (cache miss)
npm http fetch GET 200 https://registry.npmjs.com/jsonfile/-/jsonfile-4.0.0.tgz 9418ms (cache miss)
npm http fetch GET 200 https://registry.npmjs.com/jsonfile/-/jsonfile-4.0.0.tgz 9418ms (cache miss)
npm http fetch GET 200 https://registry.npmjs.com/jsonfile/-/jsonfile-4.0.0.tgz 9419ms (cache miss)
npm http fetch GET 200 https://registry.npmjs.com/jsonfile/-/jsonfile-4.0.0.tgz 9419ms (cache miss)
npm http fetch GET 200 https://registry.npmjs.com/brace-expansion/-/brace-expansion-1.1.21.tgz 9422ms (cache miss)
npm http fetch GET 200 https://registry.npmjs.com/lunr/-/lunr-2.3.9.tgz 9549ms (cache miss)
npm http fetch GET 200 https://registry.npmjs.com/universalify/-/universalify-0.1.2.tgz 9435ms (cache miss)
npm http fetch GET 200 https://registry.npmjs.com/universalify/-/universalify-0.1.2.tgz 9434ms (cache miss)
npm http fetch GET 200 https://registry.npmjs.com/universalify/-/universalify-0.1.2.tgz 9435ms (cache miss)
npm http fetch GET 200 https://registry.npmjs.com/universalify/-/universalify-0.1.2.tgz 9436ms (cache miss)
npm http fetch GET 200 https://registry.npmjs.com/jest-environment-node/-/jest-environment-node-29.7.0.tgz 9435ms (cache miss)
npm http fetch GET 200 https://registry.npmjs.com/ignore/-/ignore-5.3.2.tgz 9462ms (cache miss)
npm http fetch GET 200 https://registry.npmjs.com/slash/-/slash-4.0.0.tgz 9462ms (cache miss)
npm http fetch GET 200 https://registry.npmjs.com/commander/-/commander-10.0.1.tgz 9482ms (cache miss)
npm http fetch GET 200 https://registry.npmjs.com/dom-serializer/-/dom-serializer-2.0.0.tgz 9486ms (cache miss)
npm http fetch GET 200 https://registry.npmjs.com/semver/-/semver-6.3.1.tgz 9498ms (cache miss)
npm http fetch GET 200 https://registry.npmjs.com/semver/-/semver-6.3.1.tgz 9498ms (cache miss)
npm http fetch GET 200 https://registry.npmjs.com/semver/-/semver-6.3.1.tgz 9499ms (cache miss)
npm http fetch GET 200 https://registry.npmjs.com/semver/-/semver-6.3.1.tgz 9498ms (cache miss)
npm http fetch GET 200 https://registry.npmjs.com/camelcase/-/camelcase-6.3.0.tgz 9499ms (cache miss)
npm http fetch GET 200 https://registry.npmjs.com/domhandler/-/domhandler-5.0.3.tgz 9500ms (cache miss)
npm http fetch GET 200 https://registry.npmjs.com/react-is/-/react-is-16.13.1.tgz 9499ms (cache miss)
npm http fetch GET 200 https://registry.npmjs.com/@eslint/config-array/-/config-array-0.21.2.tgz 9572ms (cache miss)
npm http fetch GET 200 https://registry.npmjs.com/commander/-/commander-7.2.0.tgz 9536ms (cache miss)
npm http fetch GET 200 https://registry.npmjs.com/@jest/core/-/core-29.7.0.tgz 9619ms (cache miss)
npm http fetch GET 200 https://registry.npmjs.com/esquery/-/esquery-1.7.0.tgz 9622ms (cache miss)
npm http fetch GET 200 https://registry.npmjs.com/yargs-parser/-/yargs-parser-18.1.3.tgz 9594ms (cache miss)
npm http fetch GET 200 https://registry.npmjs.com/wrap-ansi/-/wrap-ansi-6.2.0.tgz 9607ms (cache miss)
npm http fetch GET 200 https://registry.npmjs.com/p-limit/-/p-limit-2.3.0.tgz 9606ms (cache miss)
npm http fetch GET 200 https://registry.npmjs.com/y18n/-/y18n-4.0.3.tgz 9607ms (cache miss)
npm http fetch GET 200 https://registry.npmjs.com/@babylonjs/havok/-/havok-1.3.14.tgz 9768ms (cache miss)
npm http fetch GET 200 https://registry.npmjs.com/signal-exit/-/signal-exit-3.0.7.tgz 9636ms (cache miss)
npm http fetch GET 200 https://registry.npmjs.com/cliui/-/cliui-6.0.0.tgz 9637ms (cache miss)
npm http fetch GET 200 https://registry.npmjs.com/keyborg/-/keyborg-3.498.0.tgz 9656ms (cache miss)
npm http fetch GET 200 https://registry.npmjs.com/p-locate/-/p-locate-4.1.0.tgz 9654ms (cache miss)
npm http fetch GET 200 https://registry.npmjs.com/eslint-plugin-tsdoc/-/eslint-plugin-tsdoc-0.5.4.tgz 9693ms (cache miss)
npm http fetch GET 200 https://registry.npmjs.com/locate-path/-/locate-path-5.0.0.tgz 9665ms (cache miss)
npm http fetch GET 200 https://registry.npmjs.com/resolve-from/-/resolve-from-5.0.0.tgz 9680ms (cache miss)
npm http fetch GET 200 https://registry.npmjs.com/commander/-/commander-8.3.0.tgz 9698ms (cache miss)
npm http fetch GET 200 https://registry.npmjs.com/convert-source-map/-/convert-source-map-1.9.0.tgz 9693ms (cache miss)
npm http fetch GET 200 https://registry.npmjs.com/find-up/-/find-up-4.1.0.tgz 9694ms (cache miss)
npm http fetch GET 200 https://registry.npmjs.com/picomatch/-/picomatch-4.0.7.tgz 9698ms (cache revalidated)
npm http fetch GET 200 https://registry.npmjs.com/picomatch/-/picomatch-4.0.7.tgz 9710ms (cache miss)
npm http fetch GET 200 https://registry.npmjs.com/agent-base/-/agent-base-6.0.2.tgz 9723ms (cache miss)
npm http fetch GET 200 https://registry.npmjs.com/balanced-match/-/balanced-match-1.0.2.tgz 9727ms (cache revalidated)
npm http fetch GET 200 https://registry.npmjs.com/brace-expansion/-/brace-expansion-1.1.21.tgz 9728ms (cache revalidated)
npm http fetch GET 200 https://registry.npmjs.com/terser/-/terser-5.51.2.tgz 9872ms (cache miss)
npm http fetch GET 200 https://registry.npmjs.com/readable-stream/-/readable-stream-2.3.8.tgz 9752ms (cache miss)
npm http fetch GET 200 https://registry.npmjs.com/type-fest/-/type-fest-0.8.1.tgz 9748ms (cache miss)
npm http fetch GET 200 https://registry.npmjs.com/https-proxy-agent/-/https-proxy-agent-5.0.1.tgz 9739ms (cache miss)
npm http fetch GET 200 https://registry.npmjs.com/json-schema-traverse/-/json-schema-traverse-0.4.1.tgz 9738ms (cache miss)
npm http fetch GET 200 https://registry.npmjs.com/semver/-/semver-6.3.1.tgz 9744ms (cache revalidated)
npm http fetch GET 200 https://registry.npmjs.com/commander/-/commander-12.1.0.tgz 9779ms (cache miss)
npm http fetch GET 200 https://registry.npmjs.com/glob-parent/-/glob-parent-6.0.2.tgz 9771ms (cache miss)
npm http fetch GET 200 https://registry.npmjs.com/minimatch/-/minimatch-3.1.5.tgz 9777ms (cache revalidated)
npm http fetch GET 200 https://registry.npmjs.com/foreground-child/-/foreground-child-3.3.1.tgz 9883ms (cache miss)
npm http fetch GET 200 https://registry.npmjs.com/rimraf/-/rimraf-3.0.2.tgz 9833ms (cache revalidated)
npm http fetch GET 200 https://registry.npmjs.com/json-schema-traverse/-/json-schema-traverse-0.4.1.tgz 9853ms (cache miss)
npm http fetch GET 200 https://registry.npmjs.com/make-dir/-/make-dir-3.1.0.tgz 9857ms (cache revalidated)
npm http fetch GET 200 https://registry.npmjs.com/open/-/open-10.2.0.tgz 9906ms (cache miss)
npm http fetch GET 200 https://registry.npmjs.com/define-lazy-prop/-/define-lazy-prop-3.0.0.tgz 9907ms (cache miss)
npm http fetch GET 200 https://registry.npmjs.com/universalify/-/universalify-0.1.2.tgz 9910ms (cache revalidated)
npm http fetch GET 200 https://registry.npmjs.com/jsonfile/-/jsonfile-4.0.0.tgz 9911ms (cache revalidated)
npm http fetch GET 200 https://registry.npmjs.com/glob/-/glob-7.2.3.tgz 9911ms (cache revalidated)
npm http fetch GET 200 https://registry.npmjs.com/commander/-/commander-7.2.0.tgz 9921ms (cache miss)
npm http fetch GET 200 https://registry.npmjs.com/fdir/-/fdir-6.5.0.tgz 9921ms (cache miss)
npm http fetch GET 200 https://registry.npmjs.com/ansi-styles/-/ansi-styles-6.2.3.tgz 9921ms (cache miss)
npm http fetch GET 200 https://registry.npmjs.com/brace-expansion/-/brace-expansion-2.1.7.tgz 9921ms (cache miss)
npm http fetch GET 200 https://registry.npmjs.com/fs-extra/-/fs-extra-4.0.3.tgz 9928ms (cache revalidated)
npm http fetch GET 200 https://registry.npmjs.com/ansi-regex/-/ansi-regex-6.4.0.tgz 9934ms (cache miss)
npm http fetch GET 200 https://registry.npmjs.com/strip-ansi/-/strip-ansi-7.2.0.tgz 9934ms (cache miss)
npm http fetch GET 200 https://registry.npmjs.com/wrap-ansi/-/wrap-ansi-8.1.0.tgz 9953ms (cache miss)
npm http fetch GET 200 https://registry.npmjs.com/entities/-/entities-2.2.0.tgz 10008ms (cache miss)
npm http fetch GET 200 https://registry.npmjs.com/entities/-/entities-2.2.0.tgz 10009ms (cache miss)
npm http fetch GET 200 https://registry.npmjs.com/string-width/-/string-width-5.1.2.tgz 9994ms (cache miss)
npm http fetch GET 200 https://registry.npmjs.com/js-tokens/-/js-tokens-10.0.0.tgz 10008ms (cache miss)
npm http fetch GET 200 https://registry.npmjs.com/picomatch/-/picomatch-4.0.7.tgz 10014ms (cache revalidated)
npm http fetch GET 200 https://registry.npmjs.com/@babel/helper-validator-identifier/-/helper-validator-identifier-8.0.6.tgz 10023ms (cache miss)
npm http fetch GET 200 https://registry.npmjs.com/@babel/code-frame/-/code-frame-8.0.6.tgz 10038ms (cache miss)
npm http fetch GET 200 https://registry.npmjs.com/@isaacs/cliui/-/cliui-8.0.2.tgz 10040ms (cache miss)
npm http fetch GET 200 https://registry.npmjs.com/picomatch/-/picomatch-4.0.7.tgz 10042ms (cache revalidated)
npm warn deprecated rimraf@3.0.2: Rimraf versions prior to v4 are no longer supported
npm http fetch GET 200 https://registry.npmjs.com/balanced-match/-/balanced-match-1.0.2.tgz 10059ms (cache revalidated)
npm http fetch GET 200 https://registry.npmjs.com/readdirp/-/readdirp-5.1.1.tgz 10102ms (cache miss)
npm http fetch GET 200 https://registry.npmjs.com/@tybys/wasm-util/-/wasm-util-0.9.0.tgz 10223ms (cache miss)
npm http fetch GET 200 https://registry.npmjs.com/brace-expansion/-/brace-expansion-2.1.7.tgz 10116ms (cache miss)
npm http fetch GET 200 https://registry.npmjs.com/rimraf/-/rimraf-2.4.5.tgz 10117ms (cache miss)
npm warn deprecated rimraf@2.4.5: Rimraf versions prior to v4 are no longer supported
npm http fetch GET 200 https://registry.npmjs.com/minimatch/-/minimatch-5.1.9.tgz 10117ms (cache miss)
npm http fetch GET 200 https://registry.npmjs.com/glob/-/glob-6.0.4.tgz 10134ms (cache miss)
npm warn deprecated glob@6.0.4: Old versions of glob are not supported, and contain widely publicized security vulnerabilities, which have been fixed in the current version. Please update. Support for old versions may be purchased (at exorbitant rates) by contacting i@izs.me
npm warn deprecated glob@7.2.3: Old versions of glob are not supported, and contain widely publicized security vulnerabilities, which have been fixed in the current version. Please update. Support for old versions may be purchased (at exorbitant rates) by contacting i@izs.me
npm http fetch GET 200 https://registry.npmjs.com/chokidar/-/chokidar-5.0.0.tgz 10153ms (cache miss)
npm http fetch GET 200 https://registry.npmjs.com/resolve/-/resolve-1.22.12.tgz 10158ms (cache revalidated)
npm http fetch GET 200 https://registry.npmjs.com/resolve/-/resolve-1.22.12.tgz 10159ms (cache revalidated)
npm http fetch GET 200 https://registry.npmjs.com/strip-bom/-/strip-bom-3.0.0.tgz 10170ms (cache miss)
npm http fetch GET 200 https://registry.npmjs.com/mkdirp/-/mkdirp-0.5.6.tgz 10171ms (cache miss)
npm http fetch GET 200 https://registry.npmjs.com/ansi-styles/-/ansi-styles-5.2.0.tgz 10205ms (cache miss)
npm http fetch GET 200 https://registry.npmjs.com/diff-sequences/-/diff-sequences-29.6.3.tgz 10204ms (cache miss)
npm http fetch GET 200 https://registry.npmjs.com/@fluentui/react-portal/-/react-portal-9.8.16.tgz 10210ms (cache revalidated)
npm http fetch GET 200 https://registry.npmjs.com/dotenv-expand/-/dotenv-expand-11.0.7.tgz 10221ms (cache miss)
npm http fetch GET 200 https://registry.npmjs.com/balanced-match/-/balanced-match-1.0.2.tgz 10240ms (cache revalidated)
npm http fetch GET 200 https://registry.npmjs.com/minimatch/-/minimatch-3.1.5.tgz 10240ms (cache revalidated)
npm http fetch GET 200 https://registry.npmjs.com/brace-expansion/-/brace-expansion-1.1.21.tgz 10241ms (cache revalidated)
npm http fetch GET 200 https://registry.npmjs.com/brace-expansion/-/brace-expansion-2.1.7.tgz 10248ms (cache miss)
npm http fetch GET 200 https://registry.npmjs.com/balanced-match/-/balanced-match-1.0.2.tgz 10253ms (cache revalidated)
npm http fetch GET 200 https://registry.npmjs.com/color-name/-/color-name-2.1.1.tgz 10273ms (cache miss)
npm http fetch GET 200 https://registry.npmjs.com/jest-regex-util/-/jest-regex-util-30.5.0.tgz 10274ms (cache miss)
npm http fetch GET 200 https://registry.npmjs.com/dotenv/-/dotenv-16.4.7.tgz 10291ms (cache miss)
npm http fetch GET 200 https://registry.npmjs.com/source-map-support/-/source-map-support-0.5.21.tgz 10289ms (cache miss)
npm http fetch GET 200 https://registry.npmjs.com/@colors/colors/-/colors-1.6.0.tgz 10289ms (cache miss)
npm http fetch GET 200 https://registry.npmjs.com/source-map/-/source-map-0.7.6.tgz 10314ms (cache miss)
npm http fetch GET 200 https://registry.npmjs.com/ejs/-/ejs-3.1.10.tgz 10302ms (cache miss)
npm http fetch GET 200 https://registry.npmjs.com/commander/-/commander-2.20.3.tgz 10301ms (cache miss)
npm http fetch GET 200 https://registry.npmjs.com/color-convert/-/color-convert-3.1.3.tgz 10301ms (cache miss)
npm http fetch GET 200 https://registry.npmjs.com/react-is/-/react-is-18.3.1.tgz 10307ms (cache revalidated)
npm http fetch GET 200 https://registry.npmjs.com/color-name/-/color-name-2.1.1.tgz 10331ms (cache miss)
npm http fetch GET 200 https://registry.npmjs.com/balanced-match/-/balanced-match-1.0.2.tgz 10335ms (cache revalidated)
npm http fetch GET 200 https://registry.npmjs.com/@discoveryjs/json-ext/-/json-ext-0.5.7.tgz 10352ms (cache miss)
npm http fetch GET 200 https://registry.npmjs.com/supports-color/-/supports-color-8.1.1.tgz 10344ms (cache miss)
npm http fetch GET 200 https://registry.npmjs.com/ini/-/ini-4.1.3.tgz 10354ms (cache miss)
npm http fetch GET 200 https://registry.npmjs.com/escape-string-regexp/-/escape-string-regexp-1.0.5.tgz 10354ms (cache miss)
npm http fetch GET 200 https://registry.npmjs.com/which/-/which-4.0.0.tgz 10355ms (cache miss)
npm http fetch GET 200 https://registry.npmjs.com/ignore/-/ignore-5.3.2.tgz 10360ms (cache revalidated)
npm http fetch GET 200 https://registry.npmjs.com/pretty-format/-/pretty-format-27.5.1.tgz 10412ms (cache miss)
npm http fetch GET 200 https://registry.npmjs.com/resolve/-/resolve-1.22.12.tgz 10372ms (cache revalidated)
npm http fetch GET 200 https://registry.npmjs.com/strip-json-comments/-/strip-json-comments-2.0.1.tgz 10371ms (cache miss)
npm http fetch GET 200 https://registry.npmjs.com/react-dom/-/react-dom-18.3.1.tgz 10541ms (cache miss)
npm http fetch GET 200 https://registry.npmjs.com/@babel/generator/-/generator-7.29.8.tgz 10482ms (cache miss)
npm http fetch GET 200 https://registry.npmjs.com/ws/-/ws-7.5.13.tgz 10402ms (cache miss)
npm http fetch GET 200 https://registry.npmjs.com/@peculiar/asn1-x509/-/asn1-x509-2.10.0.tgz 10652ms (cache miss)
npm http fetch GET 200 https://registry.npmjs.com/jest-get-type/-/jest-get-type-27.5.1.tgz 10402ms (cache miss)
npm http fetch GET 200 https://registry.npmjs.com/pretty-format/-/pretty-format-29.7.0.tgz 10415ms (cache miss)
npm http fetch GET 200 https://registry.npmjs.com/ansi-styles/-/ansi-styles-5.2.0.tgz 10416ms (cache miss)
npm http fetch GET 200 https://registry.npmjs.com/ansi-styles/-/ansi-styles-5.2.0.tgz 10416ms (cache miss)
npm http fetch GET 200 https://registry.npmjs.com/yargs/-/yargs-17.7.3.tgz 10526ms (cache miss)
npm http fetch GET 200 https://registry.npmjs.com/ci-info/-/ci-info-4.4.0.tgz 10428ms (cache miss)
npm http fetch GET 200 https://registry.npmjs.com/pretty-format/-/pretty-format-30.5.1.tgz 10427ms (cache miss)
npm http fetch GET 200 https://registry.npmjs.com/@jest/expect-utils/-/expect-utils-30.5.2.tgz 10429ms (cache miss)
npm http fetch GET 200 https://registry.npmjs.com/signal-exit/-/signal-exit-3.0.7.tgz 10442ms (cache revalidated)
npm http fetch GET 200 https://registry.npmjs.com/istanbul-reports/-/istanbul-reports-3.2.0.tgz 10541ms (cache miss)
npm http fetch GET 200 https://registry.npmjs.com/jest-message-util/-/jest-message-util-30.5.1.tgz 10451ms (cache miss)
npm http fetch GET 200 https://registry.npmjs.com/jest-mock/-/jest-mock-30.5.2.tgz 10450ms (cache miss)
npm http fetch GET 200 https://registry.npmjs.com/jest-util/-/jest-util-30.5.1.tgz 10451ms (cache miss)
npm http fetch GET 200 https://registry.npmjs.com/semver/-/semver-6.3.1.tgz 10457ms (cache revalidated)
npm http fetch GET 200 https://registry.npmjs.com/emoji-regex/-/emoji-regex-8.0.0.tgz 10456ms (cache revalidated)
npm http fetch GET 200 https://registry.npmjs.com/agent-base/-/agent-base-6.0.2.tgz 10457ms (cache revalidated)
npm http fetch GET 200 https://registry.npmjs.com/@jest/schemas/-/schemas-30.5.0.tgz 10464ms (cache miss)
npm http fetch GET 200 https://registry.npmjs.com/schema-utils/-/schema-utils-3.3.0.tgz 10492ms (cache miss)
npm http fetch GET 200 https://registry.npmjs.com/dotenv/-/dotenv-16.6.1.tgz 10481ms (cache miss)
npm http fetch GET 200 https://registry.npmjs.com/@sinonjs/fake-timers/-/fake-timers-15.4.0.tgz 10478ms (cache miss)
npm http fetch GET 200 https://registry.npmjs.com/ansi-styles/-/ansi-styles-5.2.0.tgz 10478ms (cache miss)
npm http fetch GET 200 https://registry.npmjs.com/diff-sequences/-/diff-sequences-29.6.3.tgz 10478ms (cache miss)
npm http fetch GET 200 https://registry.npmjs.com/pretty-format/-/pretty-format-29.7.0.tgz 10478ms (cache miss)
npm http fetch GET 200 https://registry.npmjs.com/escape-string-regexp/-/escape-string-regexp-2.0.0.tgz 10500ms (cache miss)
npm http fetch GET 200 https://registry.npmjs.com/jest-matcher-utils/-/jest-matcher-utils-29.7.0.tgz 10500ms (cache miss)
npm http fetch GET 200 https://registry.npmjs.com/@jest/environment/-/environment-30.5.2.tgz 10502ms (cache miss)
npm http fetch GET 200 https://registry.npmjs.com/@jest/types/-/types-30.5.1.tgz 10502ms (cache miss)
npm http fetch GET 200 https://registry.npmjs.com/https-proxy-agent/-/https-proxy-agent-5.0.1.tgz 10507ms (cache revalidated)
npm http fetch GET 200 https://registry.npmjs.com/react-is/-/react-is-18.3.1.tgz 10520ms (cache revalidated)
npm http fetch GET 200 https://registry.npmjs.com/uuid/-/uuid-8.3.2.tgz 10637ms (cache miss)
npm http fetch GET 200 https://registry.npmjs.com/scheduler/-/scheduler-0.23.2.tgz 10537ms (cache miss)
npm http fetch GET 200 https://registry.npmjs.com/@jest/fake-timers/-/fake-timers-30.5.2.tgz 10528ms (cache miss)
npm http fetch GET 200 https://registry.npmjs.com/mdn-data/-/mdn-data-2.0.28.tgz 10579ms (cache miss)
npm http fetch GET 200 https://registry.npmjs.com/jest-diff/-/jest-diff-29.7.0.tgz 10559ms (cache miss)
npm http fetch GET 200 https://registry.npmjs.com/jest-matcher-utils/-/jest-matcher-utils-29.7.0.tgz 10550ms (cache miss)
npm http fetch GET 200 https://registry.npmjs.com/lines-and-columns/-/lines-and-columns-1.2.4.tgz 10551ms (cache miss)
npm http fetch GET 200 https://registry.npmjs.com/picomatch/-/picomatch-4.0.7.tgz 10558ms (cache revalidated)
npm warn deprecated uuid@8.3.2: uuid@10 and below is no longer supported.  For ESM codebases, update to uuid@latest.  For CommonJS codebases, use uuid@11 (but be aware this version will likely be deprecated in 2028).
npm http fetch GET 200 https://registry.npmjs.com/iconv-lite/-/iconv-lite-0.4.24.tgz 10598ms (cache miss)
npm http fetch GET 200 https://registry.npmjs.com/source-map/-/source-map-0.7.6.tgz 10581ms (cache miss)
npm http fetch GET 200 https://registry.npmjs.com/schema-utils/-/schema-utils-3.3.0.tgz 10582ms (cache miss)
npm http fetch GET 200 https://registry.npmjs.com/tldts/-/tldts-6.1.86.tgz 10739ms (cache miss)
npm http fetch GET 200 https://registry.npmjs.com/iconv-lite/-/iconv-lite-0.4.24.tgz 10633ms (cache miss)
npm http fetch GET 200 https://registry.npmjs.com/react-is/-/react-is-18.3.1.tgz 10606ms (cache revalidated)
npm http fetch GET 200 https://registry.npmjs.com/react-is/-/react-is-18.3.1.tgz 10606ms (cache revalidated)
npm http fetch GET 200 https://registry.npmjs.com/semver/-/semver-7.8.5.tgz 10670ms (cache miss)
npm http fetch GET 200 https://registry.npmjs.com/ansi-styles/-/ansi-styles-5.2.0.tgz 10619ms (cache revalidated)
npm http fetch GET 200 https://registry.npmjs.com/cosmiconfig/-/cosmiconfig-9.0.2.tgz 10643ms (cache miss)
npm http fetch GET 200 https://registry.npmjs.com/source-map/-/source-map-0.7.6.tgz 10644ms (cache miss)
npm http fetch GET 200 https://registry.npmjs.com/pretty-format/-/pretty-format-29.7.0.tgz 10635ms (cache revalidated)
npm http fetch GET 200 https://registry.npmjs.com/@esbuild/linux-arm64/-/linux-arm64-0.25.12.tgz 10886ms (cache miss)
npm http fetch GET 200 https://registry.npmjs.com/@fluentui/react-shared-contexts/-/react-shared-contexts-9.26.4.tgz 10814ms (cache miss)
npm http fetch GET 200 https://registry.npmjs.com/fs-extra/-/fs-extra-10.1.0.tgz 10696ms (cache miss)
npm http fetch GET 200 https://registry.npmjs.com/jest-diff/-/jest-diff-29.7.0.tgz 10650ms (cache revalidated)
npm http fetch GET 200 https://registry.npmjs.com/diff-sequences/-/diff-sequences-29.6.3.tgz 10652ms (cache revalidated)
npm http fetch GET 200 https://registry.npmjs.com/ansi-styles/-/ansi-styles-5.2.0.tgz 10652ms (cache revalidated)
npm http fetch GET 200 https://registry.npmjs.com/react-is/-/react-is-18.3.1.tgz 10653ms (cache revalidated)
npm http fetch GET 200 https://registry.npmjs.com/signal-exit/-/signal-exit-3.0.7.tgz 10665ms (cache revalidated)
npm http fetch GET 200 https://registry.npmjs.com/pretty-format/-/pretty-format-29.7.0.tgz 10667ms (cache revalidated)
npm http fetch GET 200 https://registry.npmjs.com/p-limit/-/p-limit-2.3.0.tgz 10681ms (cache revalidated)
npm http fetch GET 200 https://registry.npmjs.com/p-locate/-/p-locate-4.1.0.tgz 10681ms (cache revalidated)
npm http fetch GET 200 https://registry.npmjs.com/resolve-from/-/resolve-from-5.0.0.tgz 10682ms (cache revalidated)
npm http fetch GET 200 https://registry.npmjs.com/find-up/-/find-up-4.1.0.tgz 10696ms (cache revalidated)
npm http fetch GET 200 https://registry.npmjs.com/locate-path/-/locate-path-5.0.0.tgz 10711ms (cache revalidated)
npm http fetch GET 200 https://registry.npmjs.com/balanced-match/-/balanced-match-1.0.2.tgz 10712ms (cache revalidated)
npm http fetch GET 200 https://registry.npmjs.com/@eslint/eslintrc/-/eslintrc-3.3.7.tgz 10788ms (cache miss)
npm http fetch GET 200 https://registry.npmjs.com/@typescript-eslint/type-utils/-/type-utils-8.71.0.tgz 10780ms (cache miss)
npm http fetch GET 200 https://registry.npmjs.com/brace-expansion/-/brace-expansion-1.1.21.tgz 10728ms (cache revalidated)
npm http fetch GET 200 https://registry.npmjs.com/minimatch/-/minimatch-3.1.5.tgz 10745ms (cache revalidated)
npm http fetch GET 200 https://registry.npmjs.com/glob/-/glob-7.2.3.tgz 10746ms (cache revalidated)
npm http fetch GET 200 https://registry.npmjs.com/argparse/-/argparse-1.0.10.tgz 10760ms (cache revalidated)
npm http fetch GET 200 https://registry.npmjs.com/locate-path/-/locate-path-5.0.0.tgz 10761ms (cache revalidated)
npm http fetch GET 200 https://registry.npmjs.com/p-limit/-/p-limit-2.3.0.tgz 10761ms (cache revalidated)
npm http fetch GET 200 https://registry.npmjs.com/jest-matcher-utils/-/jest-matcher-utils-29.7.0.tgz 10770ms (cache miss)
npm http fetch GET 200 https://registry.npmjs.com/semver/-/semver-6.3.1.tgz 10776ms (cache revalidated)
npm http fetch GET 200 https://registry.npmjs.com/p-locate/-/p-locate-4.1.0.tgz 10778ms (cache revalidated)
npm http fetch GET 200 https://registry.npmjs.com/istanbul-lib-instrument/-/istanbul-lib-instrument-5.2.1.tgz 10802ms (cache miss)
npm http fetch GET 200 https://registry.npmjs.com/signal-exit/-/signal-exit-3.0.7.tgz 10805ms (cache revalidated)
npm http fetch GET 200 https://registry.npmjs.com/resolve-from/-/resolve-from-5.0.0.tgz 10807ms (cache revalidated)
npm http fetch GET 200 https://registry.npmjs.com/find-up/-/find-up-4.1.0.tgz 10806ms (cache revalidated)
npm http fetch GET 200 https://registry.npmjs.com/pretty-format/-/pretty-format-29.7.0.tgz 10833ms (cache miss)
npm http fetch GET 200 https://registry.npmjs.com/semver/-/semver-6.3.1.tgz 10824ms (cache revalidated)
npm http fetch GET 200 https://registry.npmjs.com/semver/-/semver-6.3.1.tgz 10839ms (cache revalidated)
npm http fetch GET 200 https://registry.npmjs.com/ansi-styles/-/ansi-styles-5.2.0.tgz 10839ms (cache revalidated)
npm http fetch GET 200 https://registry.npmjs.com/supports-color/-/supports-color-8.1.1.tgz 10840ms (cache revalidated)
npm http fetch GET 200 https://registry.npmjs.com/react-is/-/react-is-18.3.1.tgz 10853ms (cache revalidated)
npm http fetch GET 200 https://registry.npmjs.com/camelcase/-/camelcase-6.3.0.tgz 10854ms (cache revalidated)
npm http fetch GET 200 https://registry.npmjs.com/pretty-format/-/pretty-format-29.7.0.tgz 10855ms (cache revalidated)
npm http fetch GET 200 https://registry.npmjs.com/react-is/-/react-is-18.3.1.tgz 10869ms (cache revalidated)
npm http fetch GET 200 https://registry.npmjs.com/ansi-styles/-/ansi-styles-5.2.0.tgz 10869ms (cache revalidated)
npm http fetch GET 200 https://registry.npmjs.com/jest-diff/-/jest-diff-29.7.0.tgz 10888ms (cache miss)
npm http fetch GET 200 https://registry.npmjs.com/diff-sequences/-/diff-sequences-29.6.3.tgz 10886ms (cache revalidated)
npm http fetch GET 200 https://registry.npmjs.com/jest-diff/-/jest-diff-29.7.0.tgz 10886ms (cache revalidated)
npm http fetch GET 200 https://registry.npmjs.com/@fluentui/react-aria/-/react-aria-9.17.15.tgz 11079ms (cache miss)
npm http fetch GET 200 https://registry.npmjs.com/minimatch/-/minimatch-3.1.5.tgz 10902ms (cache revalidated)
npm http fetch GET 200 https://registry.npmjs.com/pretty-format/-/pretty-format-29.7.0.tgz 10918ms (cache revalidated)
npm http fetch GET 200 https://registry.npmjs.com/brace-expansion/-/brace-expansion-1.1.21.tgz 10918ms (cache revalidated)
npm http fetch GET 200 https://registry.npmjs.com/balanced-match/-/balanced-match-1.0.2.tgz 10918ms (cache revalidated)
npm http fetch GET 200 https://registry.npmjs.com/acorn/-/acorn-8.18.0.tgz 10942ms (cache miss)
npm http fetch GET 200 https://registry.npmjs.com/pngjs/-/pngjs-6.0.0.tgz 10972ms (cache miss)
npm http fetch GET 200 https://registry.npmjs.com/jest-environment-node/-/jest-environment-node-29.7.0.tgz 10948ms (cache revalidated)
npm http fetch GET 200 https://registry.npmjs.com/resolve/-/resolve-1.22.12.tgz 10949ms (cache revalidated)
npm http fetch GET 200 https://registry.npmjs.com/glob/-/glob-7.2.3.tgz 10950ms (cache revalidated)
npm http fetch GET 200 https://registry.npmjs.com/react-is/-/react-is-18.3.1.tgz 10967ms (cache revalidated)
npm http fetch GET 200 https://registry.npmjs.com/ansi-styles/-/ansi-styles-5.2.0.tgz 10968ms (cache revalidated)
npm http fetch GET 200 https://registry.npmjs.com/balanced-match/-/balanced-match-1.0.2.tgz 10969ms (cache revalidated)
npm http fetch GET 200 https://registry.npmjs.com/react-is/-/react-is-18.3.1.tgz 10969ms (cache revalidated)
npm http fetch GET 200 https://registry.npmjs.com/ansi-styles/-/ansi-styles-5.2.0.tgz 10989ms (cache revalidated)
npm http fetch GET 200 https://registry.npmjs.com/pretty-format/-/pretty-format-29.7.0.tgz 10990ms (cache revalidated)
npm http fetch GET 200 https://registry.npmjs.com/pretty-format/-/pretty-format-29.7.0.tgz 10989ms (cache revalidated)
npm warn deprecated glob@7.2.3: Old versions of glob are not supported, and contain widely publicized security vulnerabilities, which have been fixed in the current version. Please update. Support for old versions may be purchased (at exorbitant rates) by contacting i@izs.me
npm http fetch GET 200 https://registry.npmjs.com/minimatch/-/minimatch-3.1.5.tgz 11009ms (cache revalidated)
npm http fetch GET 200 https://registry.npmjs.com/markdown-it/-/markdown-it-14.3.2.tgz 11170ms (cache miss)
npm http fetch GET 200 https://registry.npmjs.com/debug/-/debug-3.2.7.tgz 11018ms (cache miss)
npm http fetch GET 200 https://registry.npmjs.com/brace-expansion/-/brace-expansion-1.1.21.tgz 11023ms (cache revalidated)
npm http fetch GET 200 https://registry.npmjs.com/glob/-/glob-7.2.3.tgz 11035ms (cache revalidated)
npm http fetch GET 200 https://registry.npmjs.com/glob/-/glob-7.2.3.tgz 11036ms (cache revalidated)
npm http fetch GET 200 https://registry.npmjs.com/react-is/-/react-is-18.3.1.tgz 11036ms (cache revalidated)
npm http fetch GET 200 https://registry.npmjs.com/brace-expansion/-/brace-expansion-1.1.21.tgz 11037ms (cache revalidated)
npm http fetch GET 200 https://registry.npmjs.com/jest-environment-node/-/jest-environment-node-29.7.0.tgz 11052ms (cache revalidated)
npm http fetch GET 200 https://registry.npmjs.com/balanced-match/-/balanced-match-1.0.2.tgz 11052ms (cache revalidated)
npm http fetch GET 200 https://registry.npmjs.com/minimatch/-/minimatch-3.1.5.tgz 11053ms (cache revalidated)
npm http fetch GET 200 https://registry.npmjs.com/resolve/-/resolve-1.22.12.tgz 11066ms (cache revalidated)
npm http fetch GET 200 https://registry.npmjs.com/pretty-format/-/pretty-format-29.7.0.tgz 11067ms (cache revalidated)
npm http fetch GET 200 https://registry.npmjs.com/js-yaml/-/js-yaml-4.3.2.tgz 11159ms (cache miss)
npm http fetch GET 200 https://registry.npmjs.com/debug/-/debug-3.2.7.tgz 11087ms (cache miss)
npm http fetch GET 200 https://registry.npmjs.com/@eslint/core/-/core-1.2.1.tgz 11087ms (cache miss)
npm http fetch GET 200 https://registry.npmjs.com/path-scurry/-/path-scurry-1.11.1.tgz 11123ms (cache miss)
npm http fetch GET 200 https://registry.npmjs.com/@jridgewell/trace-mapping/-/trace-mapping-0.3.9.tgz 11115ms (cache miss)
npm http fetch GET 200 https://registry.npmjs.com/globals/-/globals-14.0.0.tgz 11101ms (cache miss)
npm http fetch GET 200 https://registry.npmjs.com/ansi-styles/-/ansi-styles-5.2.0.tgz 11106ms (cache revalidated)
npm http fetch GET 200 https://registry.npmjs.com/jest-message-util/-/jest-message-util-27.5.1.tgz 11115ms (cache miss)
npm http fetch GET 200 https://registry.npmjs.com/minimatch/-/minimatch-3.1.5.tgz 11124ms (cache revalidated)
npm http fetch GET 200 https://registry.npmjs.com/strip-bom/-/strip-bom-3.0.0.tgz 11126ms (cache revalidated)
npm http fetch GET 200 https://registry.npmjs.com/ajv-keywords/-/ajv-keywords-3.5.2.tgz 11162ms (cache miss)
npm http fetch GET 200 https://registry.npmjs.com/eslint-visitor-keys/-/eslint-visitor-keys-4.2.1.tgz 11136ms (cache miss)
npm http fetch GET 200 https://registry.npmjs.com/@sinonjs/commons/-/commons-1.8.6.tgz 11135ms (cache miss)
npm http fetch GET 200 https://registry.npmjs.com/balanced-match/-/balanced-match-1.0.2.tgz 11139ms (cache revalidated)
npm http fetch GET 200 https://registry.npmjs.com/ignore/-/ignore-5.3.2.tgz 11153ms (cache revalidated)
npm http fetch GET 200 https://registry.npmjs.com/brace-expansion/-/brace-expansion-1.1.21.tgz 11154ms (cache revalidated)
npm http fetch GET 200 https://registry.npmjs.com/escape-string-regexp/-/escape-string-regexp-1.0.5.tgz 11154ms (cache revalidated)
npm http fetch GET 200 https://registry.npmjs.com/balanced-match/-/balanced-match-1.0.2.tgz 11154ms (cache revalidated)
npm http fetch GET 200 https://registry.npmjs.com/@types/yargs/-/yargs-16.0.11.tgz 11165ms (cache miss)
npm http fetch GET 200 https://registry.npmjs.com/@bcoe/v8-coverage/-/v8-coverage-0.2.3.tgz 11285ms (cache miss)
npm http fetch GET 200 https://registry.npmjs.com/@yarnpkg/parsers/-/parsers-3.0.2.tgz 11202ms (cache miss)
npm http fetch GET 200 https://registry.npmjs.com/eslint-visitor-keys/-/eslint-visitor-keys-5.0.1.tgz 11183ms (cache miss)
npm http fetch GET 200 https://registry.npmjs.com/jest-mock/-/jest-mock-27.5.1.tgz 11181ms (cache miss)
npm http fetch GET 200 https://registry.npmjs.com/@jest/types/-/types-27.5.1.tgz 11182ms (cache miss)
npm http fetch GET 200 https://registry.npmjs.com/brace-expansion/-/brace-expansion-1.1.21.tgz 11188ms (cache revalidated)
npm http fetch GET 200 https://registry.npmjs.com/json-schema-traverse/-/json-schema-traverse-0.4.1.tgz 11188ms (cache revalidated)
npm http fetch GET 200 https://registry.npmjs.com/json5/-/json5-1.0.2.tgz 11204ms (cache miss)
npm warn deprecated glob@7.2.3: Old versions of glob are not supported, and contain widely publicized security vulnerabilities, which have been fixed in the current version. Please update. Support for old versions may be purchased (at exorbitant rates) by contacting i@izs.me
npm http fetch GET 200 https://registry.npmjs.com/jest-util/-/jest-util-27.5.1.tgz 11201ms (cache miss)
npm http fetch GET 200 https://registry.npmjs.com/@jest/fake-timers/-/fake-timers-27.5.1.tgz 11200ms (cache miss)
npm http fetch GET 200 https://registry.npmjs.com/@sinonjs/fake-timers/-/fake-timers-8.1.0.tgz 11218ms (cache miss)
npm http fetch GET 200 https://registry.npmjs.com/@jest/environment/-/environment-27.5.1.tgz 11216ms (cache miss)
npm http fetch GET 200 https://registry.npmjs.com/balanced-match/-/balanced-match-1.0.2.tgz 11222ms (cache revalidated)
npm http fetch GET 200 https://registry.npmjs.com/fdir/-/fdir-6.5.0.tgz 11222ms (cache revalidated)
npm http fetch GET 200 https://registry.npmjs.com/ignore/-/ignore-5.3.2.tgz 11225ms (cache revalidated)
npm http fetch GET 200 https://registry.npmjs.com/ajv-keywords/-/ajv-keywords-3.5.2.tgz 11266ms (cache miss)
npm http fetch GET 200 https://registry.npmjs.com/minimatch/-/minimatch-3.1.5.tgz 11242ms (cache revalidated)
npm http fetch GET 200 https://registry.npmjs.com/brace-expansion/-/brace-expansion-1.1.21.tgz 11242ms (cache revalidated)
npm http fetch GET 200 https://registry.npmjs.com/@fluentui/react-infolabel/-/react-infolabel-9.4.27.tgz 11443ms (cache miss)
npm http fetch GET 200 https://registry.npmjs.com/picomatch/-/picomatch-4.0.7.tgz 11271ms (cache revalidated)
npm warn deprecated glob@7.2.3: Old versions of glob are not supported, and contain widely publicized security vulnerabilities, which have been fixed in the current version. Please update. Support for old versions may be purchased (at exorbitant rates) by contacting i@izs.me
npm warn deprecated glob@7.2.3: Old versions of glob are not supported, and contain widely publicized security vulnerabilities, which have been fixed in the current version. Please update. Support for old versions may be purchased (at exorbitant rates) by contacting i@izs.me
npm http fetch GET 200 https://registry.npmjs.com/@fluentui/react-infobutton/-/react-infobutton-9.0.1-beta.1.tgz 11497ms (cache miss)
npm http fetch GET 200 https://registry.npmjs.com/minimatch/-/minimatch-3.1.5.tgz 11319ms (cache revalidated)
npm http fetch GET 200 https://registry.npmjs.com/jest-get-type/-/jest-get-type-27.5.1.tgz 11357ms (cache revalidated)
npm http fetch GET 200 https://registry.npmjs.com/react-is/-/react-is-18.3.1.tgz 11395ms (cache revalidated)
npm http fetch GET 200 https://registry.npmjs.com/strip-bom/-/strip-bom-3.0.0.tgz 11396ms (cache revalidated)
npm http fetch GET 200 https://registry.npmjs.com/ansi-styles/-/ansi-styles-5.2.0.tgz 11397ms (cache revalidated)
npm http fetch GET 200 https://registry.npmjs.com/es-object-atoms/-/es-object-atoms-1.1.1.tgz 11405ms (cache miss)
npm http fetch GET 200 https://registry.npmjs.com/tsconfig-paths/-/tsconfig-paths-4.2.0.tgz 11412ms (cache revalidated)
npm http fetch GET 200 https://registry.npmjs.com/diff-sequences/-/diff-sequences-29.6.3.tgz 11412ms (cache revalidated)
npm http fetch GET 200 https://registry.npmjs.com/dotenv-expand/-/dotenv-expand-11.0.7.tgz 11426ms (cache revalidated)
npm http fetch GET 200 https://registry.npmjs.com/jest-diff/-/jest-diff-29.7.0.tgz 11426ms (cache revalidated)
npm http fetch GET 200 https://registry.npmjs.com/pretty-format/-/pretty-format-29.7.0.tgz 11427ms (cache revalidated)
npm http fetch GET 200 https://registry.npmjs.com/ansi-styles/-/ansi-styles-5.2.0.tgz 11429ms (cache revalidated)
npm http fetch GET 200 https://registry.npmjs.com/embla-carousel/-/embla-carousel-8.6.0.tgz 11638ms (cache miss)
npm http fetch GET 200 https://registry.npmjs.com/ignore/-/ignore-7.0.5.tgz 11435ms (cache miss)
npm http fetch GET 200 https://registry.npmjs.com/dotenv/-/dotenv-16.4.7.tgz 11441ms (cache revalidated)
npm http fetch GET 200 https://registry.npmjs.com/brace-expansion/-/brace-expansion-2.1.7.tgz 11441ms (cache revalidated)
npm http fetch GET 200 https://registry.npmjs.com/canvas/-/canvas-3.2.3.tgz 11513ms (cache miss)
npm http fetch GET 200 https://registry.npmjs.com/balanced-match/-/balanced-match-1.0.2.tgz 11455ms (cache revalidated)
npm http fetch GET 200 https://registry.npmjs.com/brace-expansion/-/brace-expansion-5.0.8.tgz 11463ms (cache miss)
npm http fetch GET 200 https://registry.npmjs.com/balanced-match/-/balanced-match-4.0.3.tgz 11463ms (cache miss)
npm http fetch GET 200 https://registry.npmjs.com/ignore/-/ignore-5.3.2.tgz 11468ms (cache revalidated)
npm http fetch GET 200 https://registry.npmjs.com/ejs/-/ejs-3.1.10.tgz 11469ms (cache revalidated)
npm http fetch GET 200 https://registry.npmjs.com/commander/-/commander-12.1.0.tgz 11495ms (cache revalidated)
npm http fetch GET 200 https://registry.npmjs.com/resolve/-/resolve-1.22.12.tgz 11496ms (cache revalidated)
npm http fetch GET 200 https://registry.npmjs.com/@nx/devkit/-/devkit-19.8.4.tgz 11498ms (cache revalidated)
npm http fetch GET 200 https://registry.npmjs.com/tsconfig-paths/-/tsconfig-paths-4.2.0.tgz 11499ms (cache revalidated)
npm http fetch GET 200 https://registry.npmjs.com/signal-exit/-/signal-exit-3.0.7.tgz 11499ms (cache revalidated)
npm http fetch GET 200 https://registry.npmjs.com/jackspeak/-/jackspeak-3.4.3.tgz 11539ms (cache miss)
npm http fetch GET 200 https://registry.npmjs.com/strip-bom/-/strip-bom-3.0.0.tgz 11511ms (cache revalidated)
npm http fetch GET 200 https://registry.npmjs.com/https-proxy-agent/-/https-proxy-agent-5.0.1.tgz 11522ms (cache revalidated)
npm http fetch GET 200 https://registry.npmjs.com/escape-string-regexp/-/escape-string-regexp-1.0.5.tgz 11535ms (cache revalidated)
npm http fetch GET 200 https://registry.npmjs.com/dotenv/-/dotenv-16.4.7.tgz 11536ms (cache revalidated)
npm http fetch GET 200 https://registry.npmjs.com/emoji-regex/-/emoji-regex-8.0.0.tgz 11537ms (cache revalidated)
npm http fetch GET 200 https://registry.npmjs.com/mime-db/-/mime-db-1.54.0.tgz 11536ms (cache revalidated)
npm http fetch GET 200 https://registry.npmjs.com/agent-base/-/agent-base-6.0.2.tgz 11537ms (cache revalidated)
npm http fetch GET 200 https://registry.npmjs.com/ansi-styles/-/ansi-styles-5.2.0.tgz 11537ms (cache revalidated)
npm http fetch GET 200 https://registry.npmjs.com/@fluentui/react-radio/-/react-radio-9.6.6.tgz 11745ms (cache miss)
npm http fetch GET 200 https://registry.npmjs.com/@jest/expect-utils/-/expect-utils-30.5.2.tgz 11550ms (cache revalidated)
npm http fetch GET 200 https://registry.npmjs.com/eslint-visitor-keys/-/eslint-visitor-keys-5.0.1.tgz 11558ms (cache miss)
npm http fetch GET 200 https://registry.npmjs.com/ci-info/-/ci-info-4.4.0.tgz 11661ms (cache revalidated)
npm http fetch GET 200 https://registry.npmjs.com/picomatch/-/picomatch-4.0.7.tgz 11684ms (cache revalidated)
npm http fetch GET 200 https://registry.npmjs.com/pretty-format/-/pretty-format-30.5.1.tgz 11684ms (cache revalidated)
npm http fetch GET 200 https://registry.npmjs.com/prompts/-/prompts-2.4.2.tgz 11814ms (cache miss)
npm http fetch GET 200 https://registry.npmjs.com/jest-util/-/jest-util-30.5.1.tgz 11696ms (cache revalidated)
npm http fetch GET 200 https://registry.npmjs.com/@jest/schemas/-/schemas-30.5.0.tgz 11707ms (cache revalidated)
npm http fetch GET 200 https://registry.npmjs.com/@jest/environment/-/environment-30.5.2.tgz 11706ms (cache revalidated)
npm http fetch GET 200 https://registry.npmjs.com/enquirer/-/enquirer-2.3.6.tgz 11789ms (cache miss)
npm http fetch GET 200 https://registry.npmjs.com/eslint-plugin-prettier/-/eslint-plugin-prettier-5.5.6.tgz 11717ms (cache miss)
npm http fetch GET 200 https://registry.npmjs.com/jest-mock/-/jest-mock-30.5.2.tgz 11723ms (cache revalidated)
npm http fetch GET 200 https://registry.npmjs.com/@sinonjs/fake-timers/-/fake-timers-15.4.0.tgz 11724ms (cache revalidated)
npm http fetch GET 200 https://registry.npmjs.com/jest-message-util/-/jest-message-util-30.5.1.tgz 11725ms (cache revalidated)
npm http fetch GET 200 https://registry.npmjs.com/@fluentui/react-skeleton/-/react-skeleton-9.7.6.tgz 11934ms (cache miss)
npm http fetch GET 200 https://registry.npmjs.com/@typescript-eslint/tsconfig-utils/-/tsconfig-utils-8.56.1.tgz 11735ms (cache miss)
npm http fetch GET 200 https://registry.npmjs.com/@typescript-eslint/project-service/-/project-service-8.56.1.tgz 11736ms (cache miss)
npm http fetch GET 200 https://registry.npmjs.com/@pkgr/core/-/core-0.3.6.tgz 11734ms (cache miss)
npm http fetch GET 200 https://registry.npmjs.com/@jest/fake-timers/-/fake-timers-30.5.2.tgz 11739ms (cache revalidated)
npm http fetch GET 200 https://registry.npmjs.com/@jest/types/-/types-30.5.1.tgz 11740ms (cache revalidated)
npm http fetch GET 200 https://registry.npmjs.com/jest-worker/-/jest-worker-27.5.1.tgz 11775ms (cache miss)
npm http fetch GET 200 https://registry.npmjs.com/balanced-match/-/balanced-match-1.0.2.tgz 11750ms (cache revalidated)
npm http fetch GET 200 https://registry.npmjs.com/winston/-/winston-3.13.0.tgz 11840ms (cache miss)
npm http fetch GET 200 https://registry.npmjs.com/@typescript-eslint/visitor-keys/-/visitor-keys-8.56.1.tgz 11760ms (cache miss)
npm http fetch GET 200 https://registry.npmjs.com/semver/-/semver-6.3.1.tgz 11761ms (cache revalidated)
npm http fetch GET 200 https://registry.npmjs.com/minimatch/-/minimatch-3.1.5.tgz 11762ms (cache revalidated)
npm http fetch GET 200 https://registry.npmjs.com/argparse/-/argparse-1.0.10.tgz 11801ms (cache miss)
npm http fetch GET 200 https://registry.npmjs.com/acorn/-/acorn-8.18.0.tgz 11782ms (cache miss)
npm http fetch GET 200 https://registry.npmjs.com/brace-expansion/-/brace-expansion-1.1.21.tgz 11773ms (cache revalidated)
npm http fetch GET 200 https://registry.npmjs.com/globals/-/globals-17.13.0.tgz 11782ms (cache miss)
npm http fetch GET 200 https://registry.npmjs.com/debug/-/debug-3.2.7.tgz 11785ms (cache revalidated)
npm http fetch GET 200 https://registry.npmjs.com/lru-cache/-/lru-cache-10.4.3.tgz 11828ms (cache miss)
npm http fetch GET 200 https://registry.npmjs.com/argparse/-/argparse-1.0.10.tgz 11830ms (cache miss)
npm http fetch GET 200 https://registry.npmjs.com/brace-expansion/-/brace-expansion-1.1.21.tgz 11801ms (cache revalidated)
npm http fetch GET 200 https://registry.npmjs.com/balanced-match/-/balanced-match-1.0.2.tgz 11802ms (cache revalidated)
npm http fetch GET 200 https://registry.npmjs.com/supports-color/-/supports-color-8.1.1.tgz 11803ms (cache revalidated)
npm http fetch GET 200 https://registry.npmjs.com/json-schema-traverse/-/json-schema-traverse-0.4.1.tgz 11802ms (cache revalidated)
npm http fetch GET 200 https://registry.npmjs.com/minimatch/-/minimatch-3.1.5.tgz 11803ms (cache revalidated)
npm http fetch GET 200 https://registry.npmjs.com/get-proto/-/get-proto-1.0.1.tgz 11814ms (cache miss)
npm http fetch GET 200 https://registry.npmjs.com/axe-core/-/axe-core-4.13.0.tgz 11932ms (cache miss)
npm http fetch GET 200 https://registry.npmjs.com/glob-parent/-/glob-parent-6.0.2.tgz 11840ms (cache revalidated)
npm http fetch GET 200 https://registry.npmjs.com/eslint-visitor-keys/-/eslint-visitor-keys-4.2.1.tgz 11841ms (cache revalidated)
npm http fetch GET 200 https://registry.npmjs.com/react-is/-/react-is-18.3.1.tgz 11841ms (cache revalidated)
npm http fetch GET 200 https://registry.npmjs.com/ignore/-/ignore-5.3.2.tgz 11842ms (cache revalidated)
npm http fetch GET 200 https://registry.npmjs.com/argparse/-/argparse-1.0.10.tgz 11878ms (cache miss)
npm http fetch GET 200 https://registry.npmjs.com/@fluentui/react-motion/-/react-motion-9.16.4.tgz 12060ms (cache miss)
npm http fetch GET 200 https://registry.npmjs.com/strip-bom/-/strip-bom-3.0.0.tgz 11851ms (cache revalidated)
npm http fetch GET 200 https://registry.npmjs.com/ansi-styles/-/ansi-styles-5.2.0.tgz 11851ms (cache revalidated)
npm http fetch GET 200 https://registry.npmjs.com/@types/yargs/-/yargs-16.0.11.tgz 11861ms (cache revalidated)
npm http fetch GET 200 https://registry.npmjs.com/tsconfig-paths/-/tsconfig-paths-4.2.0.tgz 11861ms (cache revalidated)
npm http fetch GET 200 https://registry.npmjs.com/pretty-format/-/pretty-format-29.7.0.tgz 11871ms (cache revalidated)
npm http fetch GET 200 https://registry.npmjs.com/brace-expansion/-/brace-expansion-2.1.7.tgz 11871ms (cache revalidated)
npm http fetch GET 200 https://registry.npmjs.com/dotenv/-/dotenv-16.4.7.tgz 11871ms (cache revalidated)
npm http fetch GET 200 https://registry.npmjs.com/ignore/-/ignore-5.3.2.tgz 11881ms (cache revalidated)
npm http fetch GET 200 https://registry.npmjs.com/jest-diff/-/jest-diff-29.7.0.tgz 11882ms (cache revalidated)
npm http fetch GET 200 https://registry.npmjs.com/@jest/types/-/types-27.5.1.tgz 11891ms (cache revalidated)
npm http fetch GET 200 https://registry.npmjs.com/diff-sequences/-/diff-sequences-29.6.3.tgz 11891ms (cache revalidated)
npm http fetch GET 200 https://registry.npmjs.com/dotenv-expand/-/dotenv-expand-11.0.7.tgz 11891ms (cache revalidated)
npm http fetch GET 200 https://registry.npmjs.com/dnd-core/-/dnd-core-15.0.1.tgz 12185ms (cache miss)
npm http fetch GET 200 https://registry.npmjs.com/enhanced-resolve/-/enhanced-resolve-5.26.0.tgz 12144ms (cache miss)
npm http fetch GET 200 https://registry.npmjs.com/@typescript-eslint/types/-/types-8.56.1.tgz 11973ms (cache miss)
npm http fetch GET 200 https://registry.npmjs.com/@jsonjoy.com/json-pointer/-/json-pointer-17.67.0.tgz 12058ms (cache miss)
npm http fetch GET 200 https://registry.npmjs.com/balanced-match/-/balanced-match-1.0.2.tgz 12053ms (cache revalidated)
npm http fetch GET 200 https://registry.npmjs.com/lru-cache/-/lru-cache-10.4.3.tgz 12088ms (cache miss)
npm http fetch GET 200 https://registry.npmjs.com/tldts-core/-/tldts-core-6.1.86.tgz 12236ms (cache miss)
npm http fetch GET 200 https://registry.npmjs.com/synckit/-/synckit-0.11.13.tgz 12087ms (cache miss)
npm http fetch GET 200 https://registry.npmjs.com/eslint-plugin-github/-/eslint-plugin-github-6.1.2.tgz 12183ms (cache miss)
npm http fetch GET 200 https://registry.npmjs.com/fast-glob/-/fast-glob-3.3.3.tgz 12252ms (cache miss)
npm http fetch GET 200 https://registry.npmjs.com/sass/-/sass-1.105.1.tgz 12410ms (cache miss)
npm http fetch GET 200 https://registry.npmjs.com/@babel/traverse/-/traverse-7.29.8.tgz 12347ms (cache miss)
npm http fetch GET 200 https://registry.npmjs.com/@fluentui/react-overflow/-/react-overflow-9.9.4.tgz 12437ms (cache miss)
npm http fetch GET 200 https://registry.npmjs.com/@fluentui/react-tabs/-/react-tabs-9.12.5.tgz 12453ms (cache miss)
npm http fetch GET 200 https://registry.npmjs.com/parse5/-/parse5-7.3.0.tgz 12399ms (cache miss)
npm http fetch GET 200 https://registry.npmjs.com/gif.js.optimized/-/gif.js.optimized-1.0.1.tgz 12461ms (cache miss)
npm http fetch GET 200 https://registry.npmjs.com/tsconfig-paths/-/tsconfig-paths-3.15.0.tgz 12373ms (cache miss)
npm http fetch GET 200 https://registry.npmjs.com/cssstyle/-/cssstyle-4.6.0.tgz 12445ms (cache miss)
npm http fetch GET 200 https://registry.npmjs.com/fs-extra/-/fs-extra-4.0.3.tgz 12358ms (cache miss)
npm http fetch GET 200 https://registry.npmjs.com/@memlab/api/-/api-1.0.42.tgz 12558ms (cache miss)
npm http fetch GET 200 https://registry.npmjs.com/uri-js/-/uri-js-4.4.1.tgz 12413ms (cache miss)
npm http fetch GET 200 https://registry.npmjs.com/fs-extra/-/fs-extra-4.0.3.tgz 12383ms (cache miss)
npm http fetch GET 200 https://registry.npmjs.com/minimatch/-/minimatch-10.2.6.tgz 12430ms (cache miss)
npm http fetch GET 200 https://registry.npmjs.com/fs-extra/-/fs-extra-4.0.3.tgz 12401ms (cache miss)
npm http fetch GET 200 https://registry.npmjs.com/fs-extra/-/fs-extra-4.0.3.tgz 12413ms (cache miss)
npm http fetch GET 200 https://registry.npmjs.com/fs-extra/-/fs-extra-4.0.3.tgz 12413ms (cache miss)
npm http fetch GET 200 https://registry.npmjs.com/@lit/reactive-element/-/reactive-element-2.1.2.tgz 12642ms (cache miss)
npm http fetch GET 200 https://registry.npmjs.com/entities/-/entities-6.0.1.tgz 12560ms (cache miss)
npm http fetch GET 200 https://registry.npmjs.com/isexe/-/isexe-3.1.5.tgz 12465ms (cache miss)
npm http fetch GET 200 https://registry.npmjs.com/@fluentui/react-tabster/-/react-tabster-9.26.18.tgz 12697ms (cache miss)
npm http fetch GET 200 https://registry.npmjs.com/@fortawesome/free-regular-svg-icons/-/free-regular-svg-icons-6.7.2.tgz 12687ms (cache miss)
npm http fetch GET 200 https://registry.npmjs.com/js-yaml/-/js-yaml-3.15.2.tgz 12535ms (cache miss)
npm http fetch GET 200 https://registry.npmjs.com/@shikijs/themes/-/themes-3.23.0.tgz 12688ms (cache miss)
npm http fetch GET 200 https://registry.npmjs.com/semver/-/semver-7.7.4.tgz 12543ms (cache miss)
npm http fetch GET 200 https://registry.npmjs.com/js-yaml/-/js-yaml-3.15.2.tgz 12575ms (cache miss)
npm http fetch GET 200 https://registry.npmjs.com/js-yaml/-/js-yaml-3.15.2.tgz 12579ms (cache miss)
npm http fetch GET 200 https://registry.npmjs.com/yargs/-/yargs-15.4.1.tgz 12606ms (cache miss)
npm http fetch GET 200 https://registry.npmjs.com/@fluentui/react-portal/-/react-portal-9.8.16.tgz 12719ms (cache miss)
npm http fetch GET 200 https://registry.npmjs.com/@fluentui/react-portal/-/react-portal-9.8.16.tgz 12728ms (cache miss)
npm http fetch GET 200 https://registry.npmjs.com/@fluentui/react-portal/-/react-portal-9.8.16.tgz 12733ms (cache miss)
npm http fetch GET 200 https://registry.npmjs.com/domutils/-/domutils-3.2.2.tgz 12742ms (cache miss)
npm http fetch GET 200 https://registry.npmjs.com/@fluentui/react-portal/-/react-portal-9.8.16.tgz 12740ms (cache miss)
npm http fetch GET 200 https://registry.npmjs.com/js-yaml/-/js-yaml-3.15.2.tgz 12722ms (cache miss)
npm http fetch GET 200 https://registry.npmjs.com/@fluentui/react-badge/-/react-badge-9.5.6.tgz 12908ms (cache miss)
npm http fetch GET 200 https://registry.npmjs.com/@asamuzakjp/css-color/-/css-color-3.2.0.tgz 12850ms (cache miss)
npm http fetch GET 200 https://registry.npmjs.com/pure-rand/-/pure-rand-6.1.0.tgz 12852ms (cache miss)
npm http fetch GET 200 https://registry.npmjs.com/@fluentui/react-portal/-/react-portal-9.8.16.tgz 12762ms (cache miss)
npm http fetch GET 200 https://registry.npmjs.com/@fluentui/react-portal/-/react-portal-9.8.16.tgz 12768ms (cache miss)
npm http fetch GET 200 https://registry.npmjs.com/@fluentui/react-popover/-/react-popover-9.14.9.tgz 12934ms (cache miss)
npm http fetch GET 200 https://registry.npmjs.com/@types/node/-/node-26.6.4.tgz 12825ms (cache miss)
npm http fetch GET 200 https://registry.npmjs.com/@napi-rs/wasm-runtime/-/wasm-runtime-0.2.4.tgz 12921ms (cache miss)
npm http fetch GET 200 https://registry.npmjs.com/glob/-/glob-12.0.0.tgz 12903ms (cache miss)
npm http fetch GET 200 https://registry.npmjs.com/minimatch/-/minimatch-9.0.9.tgz 12870ms (cache miss)
npm http fetch GET 200 https://registry.npmjs.com/html-minifier-terser/-/html-minifier-terser-7.2.0.tgz 12891ms (cache miss)
npm http fetch GET 200 https://registry.npmjs.com/axios/-/axios-1.18.1.tgz 12993ms (cache miss)
npm http fetch GET 200 https://registry.npmjs.com/entities/-/entities-4.5.0.tgz 12920ms (cache miss)
npm http fetch GET 200 https://registry.npmjs.com/minimatch/-/minimatch-9.0.3.tgz 12920ms (cache miss)
npm http fetch GET 200 https://registry.npmjs.com/@typescript-eslint/typescript-estree/-/typescript-estree-8.71.0.tgz 13000ms (cache miss)
npm http fetch GET 200 https://registry.npmjs.com/clean-css/-/clean-css-5.3.3.tgz 13168ms (cache miss)
npm http fetch GET 200 https://registry.npmjs.com/@fluentui/react-list/-/react-list-9.6.19.tgz 13134ms (cache miss)
npm http fetch GET 200 https://registry.npmjs.com/tsyringe/-/tsyringe-4.10.0.tgz 13229ms (cache miss)
npm http fetch GET 200 https://registry.npmjs.com/@puppeteer/browsers/-/browsers-2.3.0.tgz 13199ms (cache miss)
npm http fetch GET 200 https://registry.npmjs.com/tsconfig-paths/-/tsconfig-paths-4.2.0.tgz 12984ms (cache miss)
npm http fetch GET 200 https://registry.npmjs.com/entities/-/entities-4.5.0.tgz 13008ms (cache miss)
npm http fetch GET 200 https://registry.npmjs.com/entities/-/entities-4.5.0.tgz 13012ms (cache miss)
npm http fetch GET 200 https://registry.npmjs.com/@isaacs/cliui/-/cliui-9.0.0.tgz 13097ms (cache miss)
npm http fetch GET 200 https://registry.npmjs.com/yargs/-/yargs-17.7.2.tgz 13034ms (cache miss)
npm http fetch GET 200 https://registry.npmjs.com/@typescript-eslint/utils/-/utils-8.71.0.tgz 13155ms (cache miss)
npm http fetch GET 200 https://registry.npmjs.com/@jsonjoy.com/util/-/util-1.9.0.tgz 13395ms (cache miss)
npm http fetch GET 200 https://registry.npmjs.com/ts-jest/-/ts-jest-29.1.5.tgz 13185ms (cache miss)
npm http fetch GET 200 https://registry.npmjs.com/glob/-/glob-10.5.0.tgz 13171ms (cache miss)
npm http fetch GET 200 https://registry.npmjs.com/ts-node/-/ts-node-10.9.2.tgz 13224ms (cache miss)
npm warn deprecated glob@10.5.0: Old versions of glob are not supported, and contain widely publicized security vulnerabilities, which have been fixed in the current version. Please update. Support for old versions may be purchased (at exorbitant rates) by contacting i@izs.me
npm http fetch GET 200 https://registry.npmjs.com/minimatch/-/minimatch-9.0.3.tgz 13166ms (cache miss)
npm http fetch GET 200 https://registry.npmjs.com/entities/-/entities-4.5.0.tgz 13201ms (cache miss)
npm http fetch GET 200 https://registry.npmjs.com/@fluentui/react-rating/-/react-rating-9.4.6.tgz 13393ms (cache miss)
npm http fetch GET 200 https://registry.npmjs.com/@babel/runtime/-/runtime-7.29.7.tgz 13465ms (cache miss)
npm http fetch GET 200 https://registry.npmjs.com/minimatch/-/minimatch-10.2.5.tgz 13220ms (cache miss)
npm http fetch GET 200 https://registry.npmjs.com/ts-patch/-/ts-patch-3.3.0.tgz 13341ms (cache miss)
npm http fetch GET 200 https://registry.npmjs.com/minimatch/-/minimatch-9.0.3.tgz 13275ms (cache miss)
npm http fetch GET 200 https://registry.npmjs.com/jsx-ast-utils/-/jsx-ast-utils-3.3.5.tgz 13460ms (cache miss)
npm http fetch GET 200 https://registry.npmjs.com/@fluentui/tokens/-/tokens-1.0.0-alpha.24.tgz 13625ms (cache miss)
npm http fetch GET 200 https://registry.npmjs.com/resolve/-/resolve-2.0.0-next.7.tgz 13552ms (cache miss)
npm http fetch GET 200 https://registry.npmjs.com/glob/-/glob-11.1.0.tgz 13481ms (cache miss)
npm warn deprecated glob@11.1.0: Old versions of glob are not supported, and contain widely publicized security vulnerabilities, which have been fixed in the current version. Please update. Support for old versions may be purchased (at exorbitant rates) by contacting i@izs.me
npm http fetch GET 200 https://registry.npmjs.com/@memlab/e2e/-/e2e-1.0.43.tgz 13794ms (cache miss)
npm http fetch GET 200 https://registry.npmjs.com/ajv/-/ajv-6.15.0.tgz 13604ms (cache miss)
npm http fetch GET 200 https://registry.npmjs.com/ajv/-/ajv-6.15.0.tgz 13636ms (cache miss)
npm http fetch GET 200 https://registry.npmjs.com/resolve/-/resolve-1.22.12.tgz 13691ms (cache miss)
npm http fetch GET 200 https://registry.npmjs.com/ajv-keywords/-/ajv-keywords-5.1.0.tgz 13825ms (cache miss)
npm http fetch GET 200 https://registry.npmjs.com/@typescript-eslint/typescript-estree/-/typescript-estree-8.56.1.tgz 13691ms (cache miss)
npm http fetch GET 200 https://registry.npmjs.com/jsdoc-type-pratt-parser/-/jsdoc-type-pratt-parser-4.1.0.tgz 13859ms (cache miss)
npm http fetch GET 200 https://registry.npmjs.com/@jsonjoy.com/util/-/util-17.67.0.tgz 13851ms (cache miss)
npm http fetch GET 200 https://registry.npmjs.com/@typescript-eslint/utils/-/utils-8.56.1.tgz 13825ms (cache miss)
npm http fetch GET 200 https://registry.npmjs.com/ajv/-/ajv-6.15.0.tgz 13876ms (cache miss)
npm http fetch GET 200 https://registry.npmjs.com/@babel/core/-/core-7.29.7.tgz 13994ms (cache miss)
npm http fetch GET 200 https://registry.npmjs.com/@nx/devkit/-/devkit-19.8.4.tgz 13919ms (cache miss)
npm http fetch GET 200 https://registry.npmjs.com/css-select/-/css-select-5.2.2.tgz 13981ms (cache miss)
npm http fetch GET 200 https://registry.npmjs.com/ajv/-/ajv-6.15.0.tgz 13973ms (cache miss)
npm http fetch GET 200 https://registry.npmjs.com/@dnd-kit/core/-/core-6.3.1.tgz 14181ms (cache miss)
npm http fetch GET 200 https://registry.npmjs.com/comment-parser/-/comment-parser-1.4.1.tgz 14095ms (cache miss)
npm http fetch GET 200 https://registry.npmjs.com/@fluentui/react-motion-components-preview/-/react-motion-components-preview-0.15.9.tgz 14205ms (cache miss)
npm http fetch GET 200 https://registry.npmjs.com/@fluentui/react-card/-/react-card-9.7.3.tgz 14257ms (cache miss)
npm http fetch GET 200 https://registry.npmjs.com/@fluentui/react-breadcrumb/-/react-breadcrumb-9.4.6.tgz 14261ms (cache miss)
npm http fetch GET 200 https://registry.npmjs.com/rimraf/-/rimraf-6.0.1.tgz 14365ms (cache miss)
npm http fetch GET 200 https://registry.npmjs.com/@fluentui/react-accordion/-/react-accordion-9.12.4.tgz 14540ms (cache miss)
npm http fetch GET 200 https://registry.npmjs.com/eslint-plugin-jest/-/eslint-plugin-jest-28.11.2.tgz 14420ms (cache miss)
npm http fetch GET 200 https://registry.npmjs.com/eslint-plugin-import/-/eslint-plugin-import-2.32.0.tgz 14443ms (cache miss)
npm http fetch GET 200 https://registry.npmjs.com/@jsonjoy.com/buffers/-/buffers-1.2.1.tgz 14446ms (cache miss)
npm http fetch GET 200 https://registry.npmjs.com/@jsonjoy.com/buffers/-/buffers-1.2.1.tgz 14452ms (cache miss)
npm http fetch GET 200 https://registry.npmjs.com/@fluentui/react-positioning/-/react-positioning-9.23.3.tgz 14688ms (cache miss)
npm http fetch GET 200 https://registry.npmjs.com/@fluentui/react-avatar/-/react-avatar-9.11.8.tgz 14780ms (cache miss)
npm http fetch GET 200 https://registry.npmjs.com/axobject-query/-/axobject-query-4.1.0.tgz 14690ms (cache miss)
npm http fetch GET 200 https://registry.npmjs.com/@nx/nx-linux-arm64-gnu/-/nx-linux-arm64-gnu-19.8.4.tgz 14594ms (cache miss)
npm http fetch GET 200 https://registry.npmjs.com/lit/-/lit-3.3.3.tgz 14797ms (cache miss)
npm http fetch GET 200 https://registry.npmjs.com/prettier/-/prettier-3.9.9.tgz 14740ms (cache miss)
npm http fetch GET 200 https://registry.npmjs.com/@fluentui/react-swatch-picker/-/react-swatch-picker-9.6.2.tgz 14912ms (cache miss)
npm http fetch GET 200 https://registry.npmjs.com/regenerate-unicode-properties/-/regenerate-unicode-properties-10.3.0.tgz 14983ms (cache miss)
npm http fetch GET 200 https://registry.npmjs.com/@nx/nx-linux-arm64-gnu/-/nx-linux-arm64-gnu-19.8.4.tgz 14725ms (cache miss)
npm http fetch GET 200 https://registry.npmjs.com/@fluentui/react-color-picker/-/react-color-picker-9.3.1.tgz 14999ms (cache miss)
npm http fetch GET 200 https://registry.npmjs.com/@fluentui/react-button/-/react-button-9.11.1.tgz 15011ms (cache miss)
npm http fetch GET 200 https://registry.npmjs.com/@fluentui/react-tags/-/react-tags-9.9.7.tgz 15089ms (cache miss)
npm http fetch GET 200 https://registry.npmjs.com/@babel/types/-/types-7.29.8.tgz 15059ms (cache miss)
npm http fetch GET 200 https://registry.npmjs.com/@nx/nx-linux-arm64-gnu/-/nx-linux-arm64-gnu-20.8.4.tgz 14968ms (cache miss)
npm http fetch GET 200 https://registry.npmjs.com/@fluentui/react-toolbar/-/react-toolbar-9.8.5.tgz 15152ms (cache miss)
npm http fetch GET 200 https://registry.npmjs.com/react-dnd/-/react-dnd-15.0.1.tgz 15167ms (cache miss)
npm http fetch GET 200 https://registry.npmjs.com/@fluentui/react-message-bar/-/react-message-bar-9.7.7.tgz 15216ms (cache miss)
npm http fetch GET 200 https://registry.npmjs.com/@fluentui/react-utilities/-/react-utilities-9.26.7.tgz 15275ms (cache miss)
npm http fetch GET 200 https://registry.npmjs.com/css-tree/-/css-tree-2.3.1.tgz 15347ms (cache miss)
npm http fetch GET 200 https://registry.npmjs.com/lru-cache/-/lru-cache-11.5.3.tgz 15186ms (cache miss)
npm http fetch GET 200 https://registry.npmjs.com/@fluentui-contrib/react-virtualizer/-/react-virtualizer-0.5.4.tgz 15421ms (cache miss)
npm http fetch GET 200 https://registry.npmjs.com/@swc/helpers/-/helpers-0.5.23.tgz 15449ms (cache miss)
npm http fetch GET 200 https://registry.npmjs.com/lit-html/-/lit-html-3.3.3.tgz 15523ms (cache miss)
npm http fetch GET 200 https://registry.npmjs.com/eslint-plugin-jsdoc/-/eslint-plugin-jsdoc-50.8.0.tgz 15394ms (cache miss)
npm http fetch GET 200 https://registry.npmjs.com/@babel/helpers/-/helpers-7.29.7.tgz 15469ms (cache miss)
npm http fetch GET 200 https://registry.npmjs.com/@memlab/core/-/core-1.1.43.tgz 15611ms (cache miss)
npm http fetch GET 200 https://registry.npmjs.com/yaml/-/yaml-2.9.0.tgz 15535ms (cache miss)
npm http fetch GET 200 https://registry.npmjs.com/tabster/-/tabster-8.8.1.tgz 15602ms (cache miss)
npm http fetch GET 200 https://registry.npmjs.com/playwright/-/playwright-1.57.0.tgz 15480ms (cache miss)
npm http fetch GET 200 https://registry.npmjs.com/@fluentui/react-virtualizer/-/react-virtualizer-9.0.0-alpha.116.tgz 15503ms (cache miss)
npm http fetch GET 200 https://registry.npmjs.com/aria-query/-/aria-query-5.3.2.tgz 15607ms (cache miss)
npm http fetch GET 200 https://registry.npmjs.com/eslint-plugin-jsx-a11y/-/eslint-plugin-jsx-a11y-6.10.2.tgz 15654ms (cache miss)
npm http fetch GET 200 https://registry.npmjs.com/@nx/workspace/-/workspace-19.8.4.tgz 15651ms (cache miss)
npm http fetch GET 200 https://registry.npmjs.com/@fluentui/react-dialog/-/react-dialog-9.18.5.tgz 15858ms (cache miss)
npm http fetch GET 200 https://registry.npmjs.com/lodash/-/lodash-4.18.1.tgz 16056ms (cache miss)
npm http fetch GET 200 https://registry.npmjs.com/css-tree/-/css-tree-2.2.1.tgz 15926ms (cache miss)
npm http fetch GET 200 https://registry.npmjs.com/@nx/nx-linux-arm64-gnu/-/nx-linux-arm64-gnu-22.7.12.tgz 16039ms (cache miss)
npm http fetch GET 200 https://registry.npmjs.com/@memlab/cli/-/cli-1.0.45.tgz 16227ms (cache miss)
npm http fetch GET 200 https://registry.npmjs.com/@fluentui/react-combobox/-/react-combobox-9.17.7.tgz 16068ms (cache miss)
npm http fetch GET 200 https://registry.npmjs.com/@griffel/core/-/core-1.21.4.tgz 16350ms (cache miss)
npm http fetch GET 200 https://registry.npmjs.com/@typescript-eslint/scope-manager/-/scope-manager-8.71.0.tgz 16251ms (cache miss)
npm http fetch GET 200 https://registry.npmjs.com/@fluentui/react-drawer/-/react-drawer-9.13.4.tgz 16400ms (cache miss)
npm http fetch GET 200 https://registry.npmjs.com/@typescript-eslint/scope-manager/-/scope-manager-8.56.1.tgz 16285ms (cache miss)
npm http fetch GET 200 https://registry.npmjs.com/typedoc/-/typedoc-0.28.20.tgz 16379ms (cache miss)
npm http fetch GET 200 https://registry.npmjs.com/@microsoft/tsdoc/-/tsdoc-0.17.1.tgz 16425ms (cache miss)
npm http fetch GET 200 https://registry.npmjs.com/@fluentui/react-toast/-/react-toast-9.8.4.tgz 16563ms (cache miss)
npm http fetch GET 200 https://registry.npmjs.com/@fluentui/react-tag-picker/-/react-tag-picker-9.10.5.tgz 16401ms (cache miss)
npm http fetch GET 200 https://registry.npmjs.com/typescript/-/typescript-5.9.3.tgz 16493ms (cache miss)
npm http fetch GET 200 https://registry.npmjs.com/@fluentui/react-tree/-/react-tree-9.16.8.tgz 16505ms (cache miss)
npm http fetch GET 200 https://registry.npmjs.com/@fluentui/react-carousel/-/react-carousel-9.9.14.tgz 16744ms (cache miss)
npm http fetch GET 200 https://registry.npmjs.com/chromium-bidi/-/chromium-bidi-0.6.3.tgz 16876ms (cache miss)
npm http fetch GET 200 https://registry.npmjs.com/typescript/-/typescript-6.0.3.tgz 16672ms (cache miss)
npm http fetch GET 200 https://registry.npmjs.com/playwright-core/-/playwright-core-1.57.0.tgz 16985ms (cache miss)
npm http fetch GET 200 https://registry.npmjs.com/@shikijs/langs/-/langs-3.23.0.tgz 17041ms (cache miss)
npm http fetch GET 200 https://registry.npmjs.com/eslint/-/eslint-9.39.5.tgz 16961ms (cache miss)
npm warn deprecated eslint@9.39.5: This version is no longer supported. Please see https://eslint.org/version-support for other options.
npm http fetch GET 200 https://registry.npmjs.com/@jsonjoy.com/json-pack/-/json-pack-1.21.0.tgz 17217ms (cache miss)
npm http fetch GET 200 https://registry.npmjs.com/@fluentui/react-text/-/react-text-9.6.20.tgz 17139ms (cache miss)
npm http fetch GET 200 https://registry.npmjs.com/@typescript-eslint/eslint-plugin/-/eslint-plugin-8.71.0.tgz 17145ms (cache miss)
npm http fetch GET 200 https://registry.npmjs.com/@fluentui/react-menu/-/react-menu-9.25.6.tgz 17390ms (cache miss)
npm http fetch GET 200 https://registry.npmjs.com/ajv/-/ajv-8.12.0.tgz 17368ms (cache miss)
npm http fetch GET 200 https://registry.npmjs.com/@fluentui/react-nav/-/react-nav-9.4.7.tgz 17528ms (cache miss)
npm http fetch GET 200 https://registry.npmjs.com/@fluentui/react-teaching-popover/-/react-teaching-popover-9.7.7.tgz 17534ms (cache miss)
npm http fetch GET 200 https://registry.npmjs.com/ajv/-/ajv-8.20.0.tgz 17377ms (cache miss)
npm http fetch GET 200 https://registry.npmjs.com/ajv/-/ajv-8.18.0.tgz 17396ms (cache miss)
npm http fetch GET 200 https://registry.npmjs.com/@jsonjoy.com/json-pack/-/json-pack-17.67.0.tgz 17497ms (cache miss)
npm http fetch GET 200 https://registry.npmjs.com/@fluentui/react-table/-/react-table-9.19.22.tgz 18028ms (cache miss)
npm http fetch GET 200 https://registry.npmjs.com/@fortawesome/free-solid-svg-icons/-/free-solid-svg-icons-6.7.2.tgz 18080ms (cache miss)
npm http fetch GET 200 https://registry.npmjs.com/caniuse-lite/-/caniuse-lite-1.0.30001814.tgz 18120ms (cache miss)
npm http fetch GET 200 https://registry.npmjs.com/jsdom/-/jsdom-26.1.0.tgz 18274ms (cache miss)
npm http fetch GET 200 https://registry.npmjs.com/typescript/-/typescript-4.9.5.tgz 18280ms (cache miss)
npm http fetch GET 200 https://registry.npmjs.com/webpack/-/webpack-5.111.1.tgz 18420ms (cache miss)
npm http fetch GET 200 https://registry.npmjs.com/nx/-/nx-19.8.4.tgz 18690ms (cache miss)
npm http fetch GET 200 https://registry.npmjs.com/nx/-/nx-19.8.4.tgz 18687ms (cache miss)
npm http fetch GET 200 https://registry.npmjs.com/nx/-/nx-20.8.4.tgz 18764ms (cache miss)
npm http fetch GET 200 https://registry.npmjs.com/es-abstract/-/es-abstract-1.24.2.tgz 19172ms (cache miss)
npm http fetch GET 200 https://registry.npmjs.com/@sinclair/typebox/-/typebox-0.34.52.tgz 19368ms (cache miss)
npm http fetch GET 200 https://registry.npmjs.com/@sinclair/typebox/-/typebox-0.34.52.tgz 19356ms (cache miss)
npm http fetch GET 200 https://registry.npmjs.com/nx/-/nx-22.7.12.tgz 19626ms (cache miss)
npm http fetch GET 200 https://registry.npmjs.com/puppeteer-core/-/puppeteer-core-22.15.0.tgz 20075ms (cache miss)
npm http fetch GET 200 https://registry.npmjs.com/core-js-pure/-/core-js-pure-3.50.0.tgz 20391ms (cache miss)
npm http fetch GET 200 https://registry.npmjs.com/rxjs/-/rxjs-7.8.2.tgz 20664ms (cache miss)
npm http fetch GET 200 https://registry.npmjs.com/monaco-editor/-/monaco-editor-0.55.1.tgz 20825ms (cache miss)
npm http fetch GET 200 https://registry.npmjs.com/@fluentui/react-icons/-/react-icons-2.0.343.tgz 32709ms (cache miss)

added 1951 packages in 3m
