{
  "results": [
    {
      "command": "npm",
      "mean": 0.8597369879600001,
      "stddev": 0.01970295161745157,
      "median": 0.8543804230600001,
      "user": 0.95864768,
      "system": 0.18268617999999998,
      "min": 0.8376603830600001,
      "max": 0.89597992806,
      "times": [
        0.8376603830600001,
        0.86035513606,
        0.8411352000600001,
        0.8395663660600001,
        0.8439404970600001,
        0.8779443010600001,
        0.86998798706,
        0.89597992806,
        0.8823943710600001,
        0.8484057100600001
      ],
      "exit_codes": [
        0,
        0,
        0,
        0,
        0,
        0,
        0,
        0,
        0,
        0
      ]
    },
    {
      "command": "yarn",
      "mean": 3.5784515843599998,
      "stddev": 0.16814566827583316,
      "median": 3.57883646756,
      "user": 2.0695557800000004,
      "system": 0.79346728,
      "min": 3.32160081306,
      "max": 3.86088710906,
      "times": [
        3.86088710906,
        3.7777245050599997,
        3.32160081306,
        3.41060281606,
        3.65463967406,
        3.42545281006,
        3.69411956806,
        3.50303326106,
        3.6697542250599997,
        3.46670106206
      ],
      "exit_codes": [
        0,
        0,
        0,
        0,
        0,
        0,
        0,
        0,
        0,
        0
      ]
    },
    {
      "command": "berry",
      "mean": 1.9750726976600004,
      "stddev": 0.5969567089180896,
      "median": 1.72195534956,
      "user": 1.5794520799999998,
      "system": 0.26554528000000005,
      "min": 1.5052076800599998,
      "max": 3.63068988706,
      "times": [
        3.63068988706,
        1.63687097606,
        1.64347451206,
        1.7352730480599998,
        2.11663373106,
        1.70863765106,
        2.30092217606,
        1.66995254506,
        1.5052076800599998,
        1.80306477006
      ],
      "exit_codes": [
        0,
        0,
        0,
        0,
        0,
        0,
        0,
        0,
        0,
        0
      ]
    },
    {
      "command": "pnpm",
      "mean": 1.06226778506,
      "stddev": 0.03883161569798514,
      "median": 1.0535352115599999,
      "user": 1.4158085799999998,
      "system": 0.26677668,
      "min": 1.00675924206,
      "max": 1.1222331830599999,
      "times": [
        1.0388511840599999,
        1.0624470900599998,
        1.00675924206,
        1.07408357806,
        1.02767237106,
        1.1222331830599999,
        1.1027818590599998,
        1.02476384106,
        1.0446233330599999,
        1.1184621690599998
      ],
      "exit_codes": [
        0,
        0,
        0,
        0,
        0,
        0,
        0,
        0,
        0,
        0
      ]
    },
    {
      "command": "vlt",
      "mean": 0.29914433626000003,
      "stddev": 0.005341369597341746,
      "median": 0.29857976706000006,
      "user": 0.30578708,
      "system": 0.06973438000000001,
      "min": 0.29338155306,
      "max": 0.31173974306,
      "times": [
        0.29956749606000005,
        0.29517000806000004,
        0.29373491406,
        0.29978497506,
        0.30346713206000003,
        0.29338155306,
        0.29490537206000006,
        0.31173974306,
        0.30210013106000005,
        0.29759203806000006
      ],
      "exit_codes": [
        0,
        0,
        0,
        0,
        0,
        0,
        0,
        0,
        0,
        0
      ]
    },
    {
      "command": "bun",
      "mean": 0.01918098016,
      "stddev": 0.0003741802449006226,
      "median": 0.01911977256,
      "user": 0.006202879999999999,
      "system": 0.01858578,
      "min": 0.018559998060000003,
      "max": 0.019852924060000002,
      "times": [
        0.01916994006,
        0.019852924060000002,
        0.018757320060000002,
        0.018979609060000003,
        0.018559998060000003,
        0.01965706806,
        0.019055538060000002,
        0.01923511606,
        0.01906960506,
        0.019472683060000003
      ],
      "exit_codes": [
        0,
        0,
        0,
        0,
        0,
        0,
        0,
        0,
        0,
        0
      ]
    },
    {
      "command": "deno",
      "mean": 0.3702382246600001,
      "stddev": 0.008851006139925116,
      "median": 0.3695503250600001,
      "user": 0.47834617999999984,
      "system": 0.16425088,
      "min": 0.35977374506000004,
      "max": 0.38339345306000006,
      "times": [
        0.37901940706000004,
        0.38339345306000006,
        0.36366390506000007,
        0.35977374506000004,
        0.36572873306000003,
        0.36039163006,
        0.36073496006000005,
        0.37380366506000007,
        0.38250083106000005,
        0.37337191706000006
      ],
      "exit_codes": [
        0,
        0,
        0,
        0,
        0,
        0,
        0,
        0,
        0,
        0
      ]
    }
  ]
}