{
  "results": [
    {
      "command": "npm",
      "mean": 0.32386024186,
      "stddev": 0.0053968733587984475,
      "median": 0.32193526486,
      "user": 0.33037244,
      "system": 0.07564016000000001,
      "min": 0.31758977986000003,
      "max": 0.33610923286000005,
      "times": [
        0.32030203886,
        0.31758977986000003,
        0.32239485486,
        0.32146484886000004,
        0.32710073686,
        0.32410331286000005,
        0.32973428086000006,
        0.32147567486000006,
        0.31832765786000006,
        0.33610923286000005
      ],
      "exit_codes": [
        0,
        0,
        0,
        0,
        0,
        0,
        0,
        0,
        0,
        0
      ]
    },
    {
      "command": "yarn",
      "mean": 0.23339638716,
      "stddev": 0.0015078253295443763,
      "median": 0.23348568236,
      "user": 0.20251824,
      "system": 0.05482636,
      "min": 0.23069684686,
      "max": 0.23668514186,
      "times": [
        0.23668514186,
        0.23069684686,
        0.23355620086,
        0.23257163186000002,
        0.23279788686,
        0.23203278286,
        0.23369611686,
        0.23399115786,
        0.23452094186,
        0.23341516386
      ],
      "exit_codes": [
        0,
        0,
        0,
        0,
        0,
        0,
        0,
        0,
        0,
        0
      ]
    },
    {
      "command": "berry",
      "mean": 2.02784884356,
      "stddev": 0.0548918244766985,
      "median": 2.04171110836,
      "user": 3.38369474,
      "system": 0.9003262600000002,
      "min": 1.9434614758600002,
      "max": 2.1104373328599997,
      "times": [
        2.09617622186,
        2.1104373328599997,
        2.04853117586,
        2.0535205088599997,
        2.06012928886,
        2.03489104086,
        1.9562279748600002,
        1.9434614758600002,
        2.00952865286,
        1.96558476286
      ],
      "exit_codes": [
        0,
        0,
        0,
        0,
        0,
        0,
        0,
        0,
        0,
        0
      ]
    },
    {
      "command": "pnpm",
      "mean": 0.61548103006,
      "stddev": 0.0183209732057703,
      "median": 0.61536936486,
      "user": 0.71760534,
      "system": 0.13414405999999998,
      "min": 0.58735547086,
      "max": 0.64473541686,
      "times": [
        0.60925807886,
        0.58911077886,
        0.58735547086,
        0.60248614186,
        0.62264489586,
        0.64473541686,
        0.62041514286,
        0.63480557186,
        0.61032358686,
        0.63367521586
      ],
      "exit_codes": [
        0,
        0,
        0,
        0,
        0,
        0,
        0,
        0,
        0,
        0
      ]
    },
    {
      "command": "vlt",
      "mean": 0.23330926325999995,
      "stddev": 0.0021565835716758235,
      "median": 0.23310672636000002,
      "user": 0.21238744,
      "system": 0.05062465999999999,
      "min": 0.22952741986,
      "max": 0.23706783886000002,
      "times": [
        0.23338511786000002,
        0.23376910386,
        0.23262652186000002,
        0.23189386386,
        0.23282833486,
        0.23706783886000002,
        0.22952741986,
        0.23118564986,
        0.23637197886,
        0.23443680286000002
      ],
      "exit_codes": [
        0,
        0,
        0,
        0,
        0,
        0,
        0,
        0,
        0,
        0
      ]
    },
    {
      "command": "bun",
      "mean": 0.005981592960000001,
      "stddev": 0.00021335532304934417,
      "median": 0.00597679536,
      "user": 0.004245939999999999,
      "system": 0.005176459999999999,
      "min": 0.005707978860000001,
      "max": 0.006430974860000001,
      "times": [
        0.005828712860000001,
        0.005707978860000001,
        0.00623048386,
        0.005950731860000001,
        0.00572897386,
        0.0060348968600000006,
        0.006430974860000001,
        0.006057486860000001,
        0.006002858860000001,
        0.00584283086
      ],
      "exit_codes": [
        0,
        0,
        0,
        0,
        0,
        0,
        0,
        0,
        0,
        0
      ]
    },
    {
      "command": "deno",
      "mean": 0.037582699059999995,
      "stddev": 0.0010091737780813382,
      "median": 0.03759445286,
      "user": 0.020458539999999997,
      "system": 0.021106259999999998,
      "min": 0.03627159086,
      "max": 0.039108832860000005,
      "times": [
        0.03664548286,
        0.039108832860000005,
        0.03839700286,
        0.03853757386,
        0.03861943586,
        0.03803352886,
        0.03627159086,
        0.03649677086,
        0.03656139486,
        0.03715537686
      ],
      "exit_codes": [
        0,
        0,
        0,
        0,
        0,
        0,
        0,
        0,
        0,
        0
      ]
    }
  ]
}