{
  "results": [
    {
      "command": "npm",
      "mean": 3.6025326290199997,
      "stddev": 0.032337597859869095,
      "median": 3.59091422012,
      "user": 3.9630964200000003,
      "system": 2.5036425600000003,
      "min": 3.5581084511200003,
      "max": 3.67310893512,
      "times": [
        3.6101841671200003,
        3.5581084511200003,
        3.67310893512,
        3.6330571321200003,
        3.57617824312,
        3.59193978412,
        3.5898886561200003,
        3.58836841012,
        3.6281785451200004,
        3.5763139661200003
      ],
      "exit_codes": [
        0,
        0,
        0,
        0,
        0,
        0,
        0,
        0,
        0,
        0
      ]
    },
    {
      "command": "yarn",
      "mean": 2.92486558982,
      "stddev": 0.5227976630186297,
      "median": 2.74500799562,
      "user": 2.90435882,
      "system": 2.9046221599999997,
      "min": 2.7063913681200003,
      "max": 4.48974656912,
      "times": [
        2.7794924611200003,
        2.7759095891200003,
        2.8306095141200003,
        4.48974656912,
        2.7304209361200003,
        2.75423256412,
        2.7121432271200003,
        2.7339262421200003,
        2.7357834271200003,
        2.7063913681200003
      ],
      "exit_codes": [
        0,
        0,
        0,
        0,
        0,
        0,
        0,
        0,
        0,
        0
      ]
    },
    {
      "command": "berry",
      "mean": 2.9201659020200004,
      "stddev": 0.038183867665397594,
      "median": 2.91960772712,
      "user": 3.3935429200000002,
      "system": 1.5900363599999998,
      "min": 2.8559525001200003,
      "max": 2.99207404812,
      "times": [
        2.8828832121200003,
        2.90024303312,
        2.8559525001200003,
        2.99207404812,
        2.93939734412,
        2.96943745612,
        2.89503780112,
        2.9274181711200002,
        2.91670591912,
        2.92250953512
      ],
      "exit_codes": [
        0,
        0,
        0,
        0,
        0,
        0,
        0,
        0,
        0,
        0
      ]
    },
    {
      "command": "pnpm",
      "mean": 1.32252520322,
      "stddev": 0.058880925548639114,
      "median": 1.3106133246199998,
      "user": 1.8650218199999997,
      "system": 0.67528956,
      "min": 1.23981507312,
      "max": 1.43714347312,
      "times": [
        1.32143710412,
        1.41198538812,
        1.33293536212,
        1.29978954512,
        1.23981507312,
        1.28646622112,
        1.43714347312,
        1.27077768212,
        1.28178597512,
        1.3431162081199999
      ],
      "exit_codes": [
        0,
        0,
        0,
        0,
        0,
        0,
        0,
        0,
        0,
        0
      ]
    },
    {
      "command": "vlt",
      "mean": 1.8039827964200001,
      "stddev": 0.020521872115434648,
      "median": 1.81013319962,
      "user": 1.99221052,
      "system": 1.55135226,
      "min": 1.77294647812,
      "max": 1.83925952112,
      "times": [
        1.77294647812,
        1.79701094512,
        1.7755020501199998,
        1.81287121312,
        1.78224101912,
        1.83925952112,
        1.8122821631200001,
        1.81865831212,
        1.80798423612,
        1.82107202612
      ],
      "exit_codes": [
        0,
        0,
        0,
        0,
        0,
        0,
        0,
        0,
        0,
        0
      ]
    },
    {
      "command": "bun",
      "mean": 0.28228131712000004,
      "stddev": 0.001210721922434707,
      "median": 0.28204705912000005,
      "user": 0.18341952,
      "system": 0.26164936,
      "min": 0.28061446512000005,
      "max": 0.28476615012,
      "times": [
        0.28061446512000005,
        0.28476615012,
        0.28351216012,
        0.28108103812,
        0.28195422112,
        0.28188212512000005,
        0.28233999512,
        0.28337049412000004,
        0.28213989712000004,
        0.28115262512
      ],
      "exit_codes": [
        0,
        0,
        0,
        0,
        0,
        0,
        0,
        0,
        0,
        0
      ]
    },
    {
      "command": "deno",
      "mean": 0.55865474592,
      "stddev": 0.014751566283486077,
      "median": 0.56120111962,
      "user": 0.50398732,
      "system": 0.5608482599999999,
      "min": 0.53583976012,
      "max": 0.58312217512,
      "times": [
        0.53753933112,
        0.53583976012,
        0.54586013012,
        0.55957594612,
        0.57252279112,
        0.56976401312,
        0.56719713112,
        0.55229988812,
        0.56282629312,
        0.58312217512
      ],
      "exit_codes": [
        0,
        0,
        0,
        0,
        0,
        0,
        0,
        0,
        0,
        0
      ]
    }
  ]
}