{
  "results": [
    {
      "command": "npm",
      "mean": 5.305599776299999,
      "stddev": 0.03913127204988497,
      "median": 5.305350198499999,
      "user": 5.89039472,
      "system": 2.8755705,
      "min": 5.251383453,
      "max": 5.373853037,
      "times": [
        5.373853037,
        5.270428635999999,
        5.311429652999999,
        5.258124541,
        5.251383453,
        5.2996191779999995,
        5.311081218999999,
        5.356394109,
        5.284768506,
        5.338915430999999
      ],
      "exit_codes": [
        0,
        0,
        0,
        0,
        0,
        0,
        0,
        0,
        0,
        0
      ]
    },
    {
      "command": "yarn",
      "mean": 12.168512818699998,
      "stddev": 0.22995698957560454,
      "median": 12.095880555499999,
      "user": 15.226477019999999,
      "system": 8.222289100000001,
      "min": 11.831506637999999,
      "max": 12.591241226,
      "times": [
        12.266269878,
        12.006299769,
        11.974196413,
        12.090250574999999,
        12.218568632,
        12.101510536,
        12.064105016,
        11.831506637999999,
        12.591241226,
        12.541179504
      ],
      "exit_codes": [
        0,
        0,
        0,
        0,
        0,
        0,
        0,
        0,
        0,
        0
      ]
    },
    {
      "command": "berry",
      "mean": 5.549450198600001,
      "stddev": 0.06591375960016285,
      "median": 5.5558695799999995,
      "user": 9.010691920000001,
      "system": 3.1471109,
      "min": 5.426823014,
      "max": 5.6461782,
      "times": [
        5.555946335,
        5.555792824999999,
        5.559884149999999,
        5.513027856,
        5.587988600999999,
        5.540232906,
        5.6461782,
        5.643524868,
        5.465103231,
        5.426823014
      ],
      "exit_codes": [
        0,
        0,
        0,
        0,
        0,
        0,
        0,
        0,
        0,
        0
      ]
    },
    {
      "command": "pnpm",
      "mean": 3.3084916072999997,
      "stddev": 0.0854431102854099,
      "median": 3.297901261,
      "user": 4.33646042,
      "system": 1.7520453999999996,
      "min": 3.219569132,
      "max": 3.543984731,
      "times": [
        3.219569132,
        3.3095341780000003,
        3.320159841,
        3.272151588,
        3.325005977,
        3.230943825,
        3.543984731,
        3.300527314,
        3.295275208,
        3.267764279
      ],
      "exit_codes": [
        0,
        0,
        0,
        0,
        0,
        0,
        0,
        0,
        0,
        0
      ]
    },
    {
      "command": "vlt",
      "mean": 2.9540477284000004,
      "stddev": 0.027530355839340038,
      "median": 2.946823049,
      "user": 3.8049970200000005,
      "system": 1.8547185,
      "min": 2.9143051620000002,
      "max": 3.008147598,
      "times": [
        2.946178619,
        2.9143051620000002,
        2.946876874,
        2.960450095,
        3.008147598,
        2.915787261,
        2.946769224,
        2.980775735,
        2.977938188,
        2.9432485280000003
      ],
      "exit_codes": [
        0,
        0,
        0,
        0,
        0,
        0,
        0,
        0,
        0,
        0
      ]
    },
    {
      "command": "bun",
      "mean": 0.8207002357000002,
      "stddev": 0.041329504074758036,
      "median": 0.8139281570000001,
      "user": 0.68659272,
      "system": 1.0658715,
      "min": 0.766042101,
      "max": 0.9013634880000001,
      "times": [
        0.812112597,
        0.8637766710000001,
        0.819994702,
        0.766042101,
        0.8637869530000001,
        0.815743717,
        0.7799294330000001,
        0.8076369520000001,
        0.9013634880000001,
        0.776615743
      ],
      "exit_codes": [
        0,
        0,
        0,
        0,
        0,
        0,
        0,
        0,
        0,
        0
      ]
    },
    {
      "command": "deno",
      "mean": 4.922986634299999,
      "stddev": 0.8579136289379238,
      "median": 4.7220885425,
      "user": 2.48727252,
      "system": 1.7637450000000001,
      "min": 3.887766013,
      "max": 7.199050279,
      "times": [
        4.7074162049999995,
        4.648045955,
        4.85156688,
        4.218962072999999,
        7.199050279,
        5.531936371,
        3.887766013,
        4.736760879999999,
        4.7061690689999995,
        4.742192618
      ],
      "exit_codes": [
        0,
        0,
        0,
        0,
        0,
        0,
        0,
        0,
        0,
        0
      ]
    }
  ]
}