{
  "results": [
    {
      "command": "npm",
      "mean": 1.5298356273400002,
      "stddev": 0.007815570884247091,
      "median": 1.52840382034,
      "user": 1.6632379,
      "system": 0.67353578,
      "min": 1.52000355934,
      "max": 1.54543392634,
      "times": [
        1.52563299034,
        1.52961330734,
        1.52938100134,
        1.52489152934,
        1.54543392634,
        1.5274266393400002,
        1.53289776534,
        1.5417239953400002,
        1.5213515593400002,
        1.52000355934
      ],
      "exit_codes": [
        0,
        0,
        0,
        0,
        0,
        0,
        0,
        0,
        0,
        0
      ]
    },
    {
      "command": "vlt",
      "mean": 3.85614307014,
      "stddev": 2.6868060049202946,
      "median": 2.9609547333400004,
      "user": 1.6917021,
      "system": 0.6460007799999999,
      "min": 1.8750387133400002,
      "max": 11.56823047334,
      "times": [
        2.98374684434,
        2.32776624334,
        2.93816262234,
        4.06613900434,
        1.8750387133400002,
        4.35651367034,
        3.55847431934,
        11.56823047334,
        1.95617731934,
        2.9311814913400003
      ],
      "exit_codes": [
        0,
        0,
        0,
        0,
        0,
        0,
        0,
        0,
        0,
        0
      ]
    },
    {
      "command": "aws",
      "mean": 1.5778397008400002,
      "stddev": 0.07211401266114356,
      "median": 1.5553734573400002,
      "user": 1.5571680999999997,
      "system": 0.64115638,
      "min": 1.52417024934,
      "max": 1.7786635993400002,
      "times": [
        1.5667703193400002,
        1.6194032683400001,
        1.5723350473400002,
        1.52417024934,
        1.7786635993400002,
        1.5283329623400002,
        1.56936222134,
        1.5439765953400002,
        1.5408557223400001,
        1.5345270233400001
      ],
      "exit_codes": [
        0,
        0,
        0,
        0,
        0,
        0,
        0,
        0,
        0,
        0
      ]
    }
  ]
}