{
  "results": [
    {
      "command": "npm",
      "mean": 5.1103764492799995,
      "stddev": 0.9473259624922634,
      "median": 4.88788594398,
      "user": 1.2915958399999998,
      "system": 0.27081904,
      "min": 4.16531064548,
      "max": 7.38731048848,
      "times": [
        4.16531064548,
        4.71275555048,
        5.15257197248,
        5.06301633748,
        4.43991930048,
        5.545644011479999,
        4.2275781294799994,
        4.399094926479999,
        6.01056313048,
        7.38731048848
      ],
      "exit_codes": [
        0,
        0,
        0,
        0,
        0,
        0,
        0,
        0,
        0,
        0
      ]
    },
    {
      "command": "yarn",
      "mean": 12.99754201458,
      "stddev": 0.18582676713499713,
      "median": 12.945564940979999,
      "user": 18.57056334,
      "system": 8.22714504,
      "min": 12.80336702548,
      "max": 13.47275227448,
      "times": [
        12.97565122048,
        12.924988985479999,
        12.80336702548,
        13.169222487479999,
        13.47275227448,
        13.03175943148,
        12.966140896479999,
        12.88752918548,
        12.85212075248,
        12.89188788648
      ],
      "exit_codes": [
        0,
        0,
        0,
        0,
        0,
        0,
        0,
        0,
        0,
        0
      ]
    },
    {
      "command": "berry",
      "mean": 3.5150201114800006,
      "stddev": 0.7602023754347464,
      "median": 3.19343108198,
      "user": 5.90646604,
      "system": 1.5147511399999998,
      "min": 3.1005472744800002,
      "max": 5.69535703648,
      "times": [
        5.69535703648,
        3.1005472744800002,
        3.12486493248,
        3.1674489924800002,
        3.15264267948,
        3.88211098248,
        3.27793609548,
        3.21941317148,
        3.41601508348,
        3.11386486648
      ],
      "exit_codes": [
        0,
        0,
        0,
        0,
        0,
        0,
        0,
        0,
        0,
        0
      ]
    },
    {
      "command": "zpm",
      "mean": 2.5234472463800004,
      "stddev": 0.5342153718645405,
      "median": 2.45799946098,
      "user": 1.0881318399999997,
      "system": 0.50839654,
      "min": 1.88812102548,
      "max": 3.27693825848,
      "times": [
        1.88812102548,
        2.27283678648,
        2.6431621354800003,
        3.06548028248,
        2.0732316654800003,
        3.12300416548,
        3.27693825848,
        1.9276541334800001,
        1.93843606448,
        3.02560794648
      ],
      "exit_codes": [
        0,
        0,
        0,
        0,
        0,
        0,
        0,
        0,
        0,
        0
      ]
    },
    {
      "command": "pnpm",
      "mean": 2.31517396418,
      "stddev": 0.2256454545326526,
      "median": 2.2128439694799997,
      "user": 3.3784757400000003,
      "system": 1.0413895399999997,
      "min": 2.13705364448,
      "max": 2.80738716948,
      "times": [
        2.80738716948,
        2.21231466748,
        2.2340471224800003,
        2.16144662648,
        2.17857592848,
        2.16164879148,
        2.21337327148,
        2.13705364448,
        2.68942944448,
        2.35646297548
      ],
      "exit_codes": [
        0,
        0,
        0,
        0,
        0,
        0,
        0,
        0,
        0,
        0
      ]
    },
    {
      "command": "vlt",
      "mean": 0.33702548917999997,
      "stddev": 0.0022106485847094683,
      "median": 0.33692159998,
      "user": 0.34951124000000006,
      "system": 0.08186984000000001,
      "min": 0.33351269048,
      "max": 0.34110467848,
      "times": [
        0.34110467848,
        0.33524279248,
        0.33634568348,
        0.33351269048,
        0.33937977548,
        0.33715965748,
        0.33429168448,
        0.33818045148,
        0.33835393548,
        0.33668354248
      ],
      "exit_codes": [
        0,
        0,
        0,
        0,
        0,
        0,
        0,
        0,
        0,
        0
      ]
    },
    {
      "command": "bun",
      "mean": 1.1444580539799998,
      "stddev": 0.17768124372568325,
      "median": 1.0849134999799999,
      "user": 0.9142983399999999,
      "system": 0.8606401399999999,
      "min": 0.9652897394800001,
      "max": 1.5496567354800002,
      "times": [
        1.1779727044800001,
        1.07623588248,
        0.99678884848,
        1.5496567354800002,
        1.01342082748,
        1.09359111748,
        1.3261094204800001,
        1.26084829248,
        0.98466697148,
        0.9652897394800001
      ],
      "exit_codes": [
        0,
        0,
        0,
        0,
        0,
        0,
        0,
        0,
        0,
        0
      ]
    },
    {
      "command": "deno",
      "mean": 6.304066527279999,
      "stddev": 0.8587814310602172,
      "median": 6.280449536479999,
      "user": 1.6472596400000001,
      "system": 0.42502374000000004,
      "min": 5.17592145948,
      "max": 7.9206383984799995,
      "times": [
        5.17592145948,
        5.2267894324799995,
        7.9206383984799995,
        5.40379516148,
        6.08588226848,
        6.17897125748,
        6.51416673148,
        6.381927815479999,
        7.40180167848,
        6.75077106948
      ],
      "exit_codes": [
        0,
        0,
        0,
        0,
        0,
        0,
        0,
        0,
        0,
        0
      ]
    }
  ]
}