{
  "results": [
    {
      "command": "npm",
      "mean": 0.5621462004000001,
      "stddev": 0.007435070585345332,
      "median": 0.5638047188,
      "user": 0.64280668,
      "system": 0.11130142000000001,
      "min": 0.5514844128,
      "max": 0.5767752158,
      "times": [
        0.5661871348,
        0.5767752158,
        0.5642468608000001,
        0.5664896598000001,
        0.5673143328000001,
        0.5525248028,
        0.5514844128,
        0.5555740358000001,
        0.5575029718000001,
        0.5633625768
      ],
      "exit_codes": [
        0,
        0,
        0,
        0,
        0,
        0,
        0,
        0,
        0,
        0
      ]
    },
    {
      "command": "yarn",
      "mean": 11.0124055722,
      "stddev": 0.29394251451662334,
      "median": 11.0653157898,
      "user": 13.252152080000002,
      "system": 6.97696842,
      "min": 10.552784474800001,
      "max": 11.6137470908,
      "times": [
        11.0373396118,
        11.0932919678,
        11.1942690458,
        10.552784474800001,
        11.153045671800001,
        10.638052224800001,
        11.152676963800001,
        10.930704933800001,
        11.6137470908,
        10.758143736800001
      ],
      "exit_codes": [
        0,
        0,
        0,
        0,
        0,
        0,
        0,
        0,
        0,
        0
      ]
    },
    {
      "command": "berry",
      "mean": 3.0483522342000002,
      "stddev": 0.0911323152500983,
      "median": 3.0274777148,
      "user": 5.63391728,
      "system": 1.2729802199999998,
      "min": 2.9192957678,
      "max": 3.2325849658,
      "times": [
        2.9192957678,
        3.0210338167999997,
        3.0618240518,
        3.0388676138,
        3.0281517198,
        3.1898049498,
        3.0268037098,
        3.2325849658,
        2.9517382028,
        3.0134175437999997
      ],
      "exit_codes": [
        0,
        0,
        0,
        0,
        0,
        0,
        0,
        0,
        0,
        0
      ]
    },
    {
      "command": "pnpm",
      "mean": 2.2218232479999998,
      "stddev": 0.04013947521111524,
      "median": 2.2292959053,
      "user": 3.44872738,
      "system": 1.0936570199999998,
      "min": 2.1699294808,
      "max": 2.3102234958,
      "times": [
        2.2375394178,
        2.2314836278,
        2.1798132528,
        2.2271081828,
        2.2047402668,
        2.1699294808,
        2.1733313638,
        2.2443835938,
        2.2396797978,
        2.3102234958
      ],
      "exit_codes": [
        0,
        0,
        0,
        0,
        0,
        0,
        0,
        0,
        0,
        0
      ]
    },
    {
      "command": "vlt",
      "mean": 0.28860567260000003,
      "stddev": 0.01120294614104784,
      "median": 0.2868362238,
      "user": 0.28172637999999994,
      "system": 0.06341982,
      "min": 0.27710808880000004,
      "max": 0.31940780180000006,
      "times": [
        0.27933623980000005,
        0.28503070980000006,
        0.27710808880000004,
        0.29202897780000003,
        0.31940780180000006,
        0.2885349828,
        0.2885603238,
        0.28944336880000004,
        0.2851374648,
        0.2814687678
      ],
      "exit_codes": [
        0,
        0,
        0,
        0,
        0,
        0,
        0,
        0,
        0,
        0
      ]
    },
    {
      "command": "bun",
      "mean": 1.3369765707,
      "stddev": 0.24303865656788512,
      "median": 1.2790623788,
      "user": 0.89109408,
      "system": 0.8857316200000002,
      "min": 1.0338912977999999,
      "max": 1.8536132028,
      "times": [
        1.0338912977999999,
        1.8536132028,
        1.6047469618,
        1.2191194178,
        1.3264757558,
        1.1218616678,
        1.2442652868,
        1.3138594708,
        1.5387521078,
        1.1131805378
      ],
      "exit_codes": [
        0,
        0,
        0,
        0,
        0,
        0,
        0,
        0,
        0,
        0
      ]
    },
    {
      "command": "deno",
      "mean": 6.695604994999999,
      "stddev": 0.7784230140308028,
      "median": 6.501945553800001,
      "user": 1.4650903799999997,
      "system": 0.36315472,
      "min": 5.6383175308,
      "max": 8.2381335068,
      "times": [
        6.2940678518,
        5.6383175308,
        6.7155530658,
        8.2381335068,
        7.2405241138,
        6.304843438800001,
        7.7215237718,
        5.7991955628000005,
        6.4023355938,
        6.6015555138
      ],
      "exit_codes": [
        0,
        0,
        0,
        0,
        0,
        0,
        0,
        0,
        0,
        0
      ]
    }
  ]
}