{
  "results": [
    {
      "command": "npm",
      "mean": 0.5832691925600001,
      "stddev": 0.004656696974183841,
      "median": 0.58363106716,
      "user": 0.6527587599999999,
      "system": 0.12425139999999998,
      "min": 0.57319587516,
      "max": 0.5923130561600001,
      "times": [
        0.5829095091600001,
        0.58082212816,
        0.58419153716,
        0.58434170616,
        0.58403671116,
        0.5873101631600001,
        0.58034581616,
        0.5923130561600001,
        0.58322542316,
        0.57319587516
      ],
      "exit_codes": [
        0,
        0,
        0,
        0,
        0,
        0,
        0,
        0,
        0,
        0
      ]
    },
    {
      "command": "yarn",
      "mean": 11.53817431206,
      "stddev": 0.1842090605116616,
      "median": 11.56802691166,
      "user": 14.17761026,
      "system": 7.228268500000001,
      "min": 11.23572246016,
      "max": 11.93799683816,
      "times": [
        11.637134495160002,
        11.56336684216,
        11.41668649016,
        11.611365349160002,
        11.430746086160001,
        11.628886641160001,
        11.93799683816,
        11.34715093716,
        11.57268698116,
        11.23572246016
      ],
      "exit_codes": [
        0,
        0,
        0,
        0,
        0,
        0,
        0,
        0,
        0,
        0
      ]
    },
    {
      "command": "berry",
      "mean": 3.2331586430600003,
      "stddev": 0.19420115614419606,
      "median": 3.1743284781600005,
      "user": 5.85090726,
      "system": 1.3050963,
      "min": 3.02438869816,
      "max": 3.77195700216,
      "times": [
        3.12522780416,
        3.31907809616,
        3.77195700216,
        3.18518067416,
        3.02438869816,
        3.1634762821600004,
        3.2248291371600004,
        3.2354155071600004,
        3.13891749716,
        3.14311573216
      ],
      "exit_codes": [
        0,
        0,
        0,
        0,
        0,
        0,
        0,
        0,
        0,
        0
      ]
    },
    {
      "command": "pnpm",
      "mean": 2.35090226796,
      "stddev": 0.07535693615828609,
      "median": 2.35140369266,
      "user": 3.5458583599999995,
      "system": 1.1098348999999998,
      "min": 2.23140254316,
      "max": 2.52596630316,
      "times": [
        2.3861698921600003,
        2.35986226916,
        2.3055774931600004,
        2.28982006416,
        2.23140254316,
        2.3739302701600002,
        2.52596630316,
        2.3920630431600003,
        2.3012856851600003,
        2.34294511616
      ],
      "exit_codes": [
        0,
        0,
        0,
        0,
        0,
        0,
        0,
        0,
        0,
        0
      ]
    },
    {
      "command": "vlt",
      "mean": 0.29464258146,
      "stddev": 0.002762314145084698,
      "median": 0.29553498765999997,
      "user": 0.28238636,
      "system": 0.0690759,
      "min": 0.28861231916,
      "max": 0.29754797616,
      "times": [
        0.29641306116,
        0.29519983816,
        0.29379036916,
        0.29454117916,
        0.29587013716,
        0.29722755816,
        0.28861231916,
        0.29754797616,
        0.29069601916,
        0.29652735716
      ],
      "exit_codes": [
        0,
        0,
        0,
        0,
        0,
        0,
        0,
        0,
        0,
        0
      ]
    },
    {
      "command": "bun",
      "mean": 1.2273157735599998,
      "stddev": 0.08160914058318215,
      "median": 1.21209427816,
      "user": 0.8485716599999998,
      "system": 0.8933449,
      "min": 1.11669645216,
      "max": 1.39296418616,
      "times": [
        1.31448715016,
        1.30370764716,
        1.20724969116,
        1.23355846616,
        1.15526390616,
        1.15462201116,
        1.39296418616,
        1.1776693601600001,
        1.11669645216,
        1.21693886516
      ],
      "exit_codes": [
        0,
        0,
        0,
        0,
        0,
        0,
        0,
        0,
        0,
        0
      ]
    },
    {
      "command": "deno",
      "mean": 7.1275999722600005,
      "stddev": 1.0285667846163182,
      "median": 7.33316421566,
      "user": 1.52947306,
      "system": 0.40643590000000007,
      "min": 5.64894125916,
      "max": 8.53285498116,
      "times": [
        6.53681628816,
        8.05288043916,
        8.43345393216,
        8.53285498116,
        7.64137687616,
        7.17115457616,
        5.64894125916,
        7.49517385516,
        5.91529422416,
        5.84805329116
      ],
      "exit_codes": [
        0,
        0,
        0,
        0,
        0,
        0,
        0,
        0,
        0,
        0
      ]
    }
  ]
}