{
  "results": [
    {
      "command": "npm",
      "mean": 0.5681316137,
      "stddev": 0.0059323845719630765,
      "median": 0.5676631339,
      "user": 0.65253178,
      "system": 0.10905267999999999,
      "min": 0.5561353554,
      "max": 0.5761453054000001,
      "times": [
        0.5651235954,
        0.5561353554,
        0.5667169274,
        0.5726380104000001,
        0.5686093404,
        0.5761453054000001,
        0.5751200384,
        0.5732195214000001,
        0.5636697474000001,
        0.5639382954000001
      ],
      "exit_codes": [
        0,
        0,
        0,
        0,
        0,
        0,
        0,
        0,
        0,
        0
      ]
    },
    {
      "command": "yarn",
      "mean": 11.739643901800001,
      "stddev": 0.18294414667114245,
      "median": 11.704652054900002,
      "user": 13.620421780000004,
      "system": 7.012908779999999,
      "min": 11.5472984444,
      "max": 12.1164785524,
      "times": [
        11.706877503400001,
        11.8800371824,
        11.575352734400001,
        11.964337352400001,
        11.702426606400001,
        11.7574474694,
        11.5472984444,
        11.584055002400001,
        11.562128170400001,
        12.1164785524
      ],
      "exit_codes": [
        0,
        0,
        0,
        0,
        0,
        0,
        0,
        0,
        0,
        0
      ]
    },
    {
      "command": "berry",
      "mean": 3.6515776275999996,
      "stddev": 0.7088672103818066,
      "median": 3.3139187384,
      "user": 5.616778479999999,
      "system": 1.2397736799999999,
      "min": 3.0605030554,
      "max": 5.2035184844,
      "times": [
        3.8617107454,
        5.2035184844,
        3.2857475834,
        4.7896775834,
        3.2072096724,
        3.3420898934,
        3.1365420424,
        3.3771521624,
        3.2516250533999997,
        3.0605030554
      ],
      "exit_codes": [
        0,
        0,
        0,
        0,
        0,
        0,
        0,
        0,
        0,
        0
      ]
    },
    {
      "command": "pnpm",
      "mean": 2.5860311304,
      "stddev": 0.2109654421074265,
      "median": 2.5134469383999996,
      "user": 3.4761170800000003,
      "system": 1.0593818799999999,
      "min": 2.4103441954,
      "max": 3.1074387303999997,
      "times": [
        3.1074387303999997,
        2.5668685564,
        2.4139672564,
        2.4600253203999998,
        2.4307684454,
        2.4227492614,
        2.4103441954,
        2.7572402764,
        2.7137898394,
        2.5771194224
      ],
      "exit_codes": [
        0,
        0,
        0,
        0,
        0,
        0,
        0,
        0,
        0,
        0
      ]
    },
    {
      "command": "vlt",
      "mean": 0.2840378861,
      "stddev": 0.004525126115438776,
      "median": 0.28500875040000007,
      "user": 0.27728558000000003,
      "system": 0.06280818,
      "min": 0.2757208164,
      "max": 0.28962238440000004,
      "times": [
        0.28918727540000005,
        0.28962238440000004,
        0.28481585340000004,
        0.2886632504,
        0.28589970340000004,
        0.27820676140000006,
        0.28520164740000004,
        0.2830299364,
        0.28003123240000005,
        0.2757208164
      ],
      "exit_codes": [
        0,
        0,
        0,
        0,
        0,
        0,
        0,
        0,
        0,
        0
      ]
    },
    {
      "command": "bun",
      "mean": 1.4822552093999999,
      "stddev": 0.22902333008961523,
      "median": 1.3915633424,
      "user": 0.88545108,
      "system": 0.85029808,
      "min": 1.2032300003999998,
      "max": 1.9480870594,
      "times": [
        1.2538417934,
        1.3920540654,
        1.9480870594,
        1.6082147033999998,
        1.3536555953999998,
        1.2032300003999998,
        1.3910726194,
        1.3888199213999999,
        1.8275352273999999,
        1.4560411084
      ],
      "exit_codes": [
        0,
        0,
        0,
        0,
        0,
        0,
        0,
        0,
        0,
        0
      ]
    },
    {
      "command": "deno",
      "mean": 9.938734969700002,
      "stddev": 2.7948162151150084,
      "median": 9.961437227400001,
      "user": 1.45252258,
      "system": 0.33917598,
      "min": 6.0751411424,
      "max": 17.0807635814,
      "times": [
        10.236616551400001,
        11.1371408804,
        9.833602818400001,
        17.0807635814,
        10.089271636400001,
        10.099251111400001,
        6.0751411424,
        7.3930864344,
        7.9646890834,
        9.4777864574
      ],
      "exit_codes": [
        0,
        0,
        0,
        0,
        0,
        0,
        0,
        0,
        0,
        0
      ]
    }
  ]
}