{
  "results": [
    {
      "command": "npm",
      "mean": 4.1848449793,
      "stddev": 0.6612719178442487,
      "median": 4.0800983683,
      "user": 1.0565936599999999,
      "system": 0.21922705999999997,
      "min": 3.3434137002999997,
      "max": 5.4361026353,
      "times": [
        3.3434137002999997,
        4.5567989543000005,
        3.9395324113,
        3.8398798433,
        5.1765104413000005,
        3.5859858233,
        4.2206643253000005,
        4.2255150283,
        3.5240466303,
        5.4361026353
      ],
      "exit_codes": [
        0,
        0,
        0,
        0,
        0,
        0,
        0,
        0,
        0,
        0
      ]
    },
    {
      "command": "yarn",
      "mean": 12.0539529817,
      "stddev": 0.13718709248017324,
      "median": 12.0798018178,
      "user": 15.538719859999997,
      "system": 8.774789859999997,
      "min": 11.836794942300001,
      "max": 12.236300250300001,
      "times": [
        12.106798170300001,
        12.236300250300001,
        12.2232524223,
        11.836794942300001,
        12.0528054653,
        12.145000253300001,
        11.8746661843,
        11.932570440300001,
        12.167888534300001,
        11.9634531543
      ],
      "exit_codes": [
        0,
        0,
        0,
        0,
        0,
        0,
        0,
        0,
        0,
        0
      ]
    },
    {
      "command": "berry",
      "mean": 3.1262049106,
      "stddev": 0.09513291552903488,
      "median": 3.1017112043,
      "user": 6.081005159999999,
      "system": 1.31217456,
      "min": 3.0236075202999997,
      "max": 3.3828065523,
      "times": [
        3.3828065523,
        3.1078668552999997,
        3.0599341822999997,
        3.0955555533,
        3.1194696283,
        3.1904952562999997,
        3.1222553043,
        3.0817603633,
        3.0236075202999997,
        3.0782978903
      ],
      "exit_codes": [
        0,
        0,
        0,
        0,
        0,
        0,
        0,
        0,
        0,
        0
      ]
    },
    {
      "command": "pnpm",
      "mean": 2.3641797837,
      "stddev": 0.15513626040354003,
      "median": 2.3105606808,
      "user": 3.73301046,
      "system": 1.20403476,
      "min": 2.2283896583,
      "max": 2.7346294632999997,
      "times": [
        2.3611929223,
        2.2309622383,
        2.3039789123,
        2.2283896583,
        2.3171424493,
        2.2620002873,
        2.7346294632999997,
        2.2662491513,
        2.3697351792999997,
        2.5675175752999997
      ],
      "exit_codes": [
        0,
        0,
        0,
        0,
        0,
        0,
        0,
        0,
        0,
        0
      ]
    },
    {
      "command": "vlt",
      "mean": 0.3029083683,
      "stddev": 0.003113333998496273,
      "median": 0.3031581028,
      "user": 0.31973925999999997,
      "system": 0.06584246,
      "min": 0.2978081083,
      "max": 0.3079716213,
      "times": [
        0.2983992663,
        0.2978081083,
        0.3034254203,
        0.3024383113,
        0.3028907853,
        0.30028424130000003,
        0.3079716213,
        0.3047937623,
        0.3052134603,
        0.3058587063
      ],
      "exit_codes": [
        0,
        0,
        0,
        0,
        0,
        0,
        0,
        0,
        0,
        0
      ]
    },
    {
      "command": "bun",
      "mean": 1.0416984025,
      "stddev": 0.15212176727503524,
      "median": 0.9884764188,
      "user": 0.8627674599999999,
      "system": 1.01703046,
      "min": 0.9331012933,
      "max": 1.4548810763000002,
      "times": [
        1.4548810763000002,
        0.9412017093,
        0.9361818863000001,
        1.0231526523,
        0.9573619753,
        1.1611827653000002,
        0.9331012933,
        1.0329678293000002,
        0.9787482783,
        0.9982045593000001
      ],
      "exit_codes": [
        0,
        0,
        0,
        0,
        0,
        0,
        0,
        0,
        0,
        0
      ]
    },
    {
      "command": "deno",
      "mean": 5.8047776113000005,
      "stddev": 2.4942744592506707,
      "median": 5.0371594873,
      "user": 1.5956100599999998,
      "system": 0.39310846,
      "min": 4.661474843300001,
      "max": 13.2505976633,
      "times": [
        5.4774380563000005,
        4.733554943300001,
        5.1721669993,
        4.8214718963,
        5.112240986300001,
        5.1723127343,
        13.2505976633,
        4.962077988300001,
        4.661474843300001,
        4.684440002300001
      ],
      "exit_codes": [
        0,
        0,
        0,
        0,
        0,
        0,
        0,
        0,
        0,
        0
      ]
    }
  ]
}