{
  "results": [
    {
      "command": "npm",
      "mean": 0.5411574246,
      "stddev": 0.004110798014631612,
      "median": 0.5418998648000001,
      "user": 0.6166309799999999,
      "system": 0.10659544000000001,
      "min": 0.5329658893000001,
      "max": 0.5468676023000001,
      "times": [
        0.5370893803000001,
        0.5329658893000001,
        0.5444364553000001,
        0.5414087973,
        0.5425744463000001,
        0.5368331493,
        0.5455987963000001,
        0.5468676023000001,
        0.5414642713000001,
        0.5423354583000001
      ],
      "exit_codes": [
        0,
        0,
        0,
        0,
        0,
        0,
        0,
        0,
        0,
        0
      ]
    },
    {
      "command": "yarn",
      "mean": 11.4864211457,
      "stddev": 0.22689628070646317,
      "median": 11.5355146078,
      "user": 13.511849079999996,
      "system": 6.9396200399999985,
      "min": 11.0299053813,
      "max": 11.8297050733,
      "times": [
        11.592479280300001,
        11.8297050733,
        11.631291474300001,
        11.0299053813,
        11.4785499353,
        11.2323742153,
        11.3977525723,
        11.3526753203,
        11.6054118753,
        11.7140663293
      ],
      "exit_codes": [
        0,
        0,
        0,
        0,
        0,
        0,
        0,
        0,
        0,
        0
      ]
    },
    {
      "command": "berry",
      "mean": 3.1347131809999995,
      "stddev": 0.2430784918636466,
      "median": 3.0598179642999996,
      "user": 5.41334268,
      "system": 1.2541738399999995,
      "min": 2.9622902612999997,
      "max": 3.8404001862999997,
      "times": [
        3.1009450892999997,
        3.0856689712999996,
        3.0578496313,
        3.8404001862999997,
        3.0012953403,
        3.0050446742999997,
        3.0617862973,
        3.1967204283,
        2.9622902612999997,
        3.0351309303
      ],
      "exit_codes": [
        0,
        0,
        0,
        0,
        0,
        0,
        0,
        0,
        0,
        0
      ]
    },
    {
      "command": "pnpm",
      "mean": 2.5150957392,
      "stddev": 0.09501745632121648,
      "median": 2.5385505478,
      "user": 3.2714230800000004,
      "system": 1.05893234,
      "min": 2.3734368953,
      "max": 2.6647066023,
      "times": [
        2.6647066023,
        2.6117049072999996,
        2.6095537763,
        2.3980940562999997,
        2.5494963153,
        2.5285961382999997,
        2.4392488713,
        2.5485049573,
        2.4276148723,
        2.3734368953
      ],
      "exit_codes": [
        0,
        0,
        0,
        0,
        0,
        0,
        0,
        0,
        0,
        0
      ]
    },
    {
      "command": "vlt",
      "mean": 0.2746899851,
      "stddev": 0.0016586838032445425,
      "median": 0.2748429893,
      "user": 0.26645808000000004,
      "system": 0.06062324,
      "min": 0.2724381003,
      "max": 0.2785437083,
      "times": [
        0.2756777223,
        0.2752695803,
        0.2734424013,
        0.2751591343,
        0.2724381003,
        0.2785437083,
        0.2751494473,
        0.2727798473,
        0.2745365313,
        0.2739033783
      ],
      "exit_codes": [
        0,
        0,
        0,
        0,
        0,
        0,
        0,
        0,
        0,
        0
      ]
    },
    {
      "command": "bun",
      "mean": 1.8240092046,
      "stddev": 0.4170204325651118,
      "median": 1.6227084813000001,
      "user": 0.78681318,
      "system": 0.83141994,
      "min": 1.3415213923,
      "max": 2.5587833182999997,
      "times": [
        1.8837059003,
        2.3746330302999996,
        1.6218389943000002,
        1.4293832413,
        2.3275091003,
        1.3415213923,
        2.5587833182999997,
        1.6009027693,
        1.4782363313,
        1.6235779683
      ],
      "exit_codes": [
        0,
        0,
        0,
        0,
        0,
        0,
        0,
        0,
        0,
        0
      ]
    },
    {
      "command": "deno",
      "mean": 8.687061508800001,
      "stddev": 1.0786935168994334,
      "median": 8.7784991068,
      "user": 1.40950828,
      "system": 0.34882504000000003,
      "min": 6.9121270273,
      "max": 10.8344318993,
      "times": [
        9.4175609943,
        7.509074996300001,
        8.1201304013,
        10.8344318993,
        8.5163049313,
        6.9121270273,
        9.0406932823,
        9.100789348300001,
        9.517556409300001,
        7.9019457983
      ],
      "exit_codes": [
        0,
        0,
        0,
        0,
        0,
        0,
        0,
        0,
        0,
        0
      ]
    }
  ]
}