{
  "results": [
    {
      "command": "npm",
      "mean": 4.58923306372,
      "stddev": 0.2616561383542897,
      "median": 4.50029936432,
      "user": 1.1217922799999998,
      "system": 0.16565858,
      "min": 4.36761764332,
      "max": 5.22406063632,
      "times": [
        4.37325080732,
        5.22406063632,
        4.45667454932,
        4.40110717532,
        4.60865748532,
        4.56170752332,
        4.91649588132,
        4.36761764332,
        4.4388347563199995,
        4.54392417932
      ],
      "exit_codes": [
        0,
        0,
        0,
        0,
        0,
        0,
        0,
        0,
        0,
        0
      ]
    },
    {
      "command": "yarn",
      "mean": 10.761260300920002,
      "stddev": 0.13122312111678333,
      "median": 10.725152771320001,
      "user": 14.113540180000001,
      "system": 4.619905379999999,
      "min": 10.60213068332,
      "max": 11.026124559320001,
      "times": [
        10.912630020320002,
        10.71437107432,
        10.81760075032,
        10.71798323632,
        10.73232230632,
        11.026124559320001,
        10.844434019320001,
        10.60213068332,
        10.61027881432,
        10.63472754532
      ],
      "exit_codes": [
        0,
        0,
        0,
        0,
        0,
        0,
        0,
        0,
        0,
        0
      ]
    },
    {
      "command": "berry",
      "mean": 2.86859592092,
      "stddev": 0.03818679136224848,
      "median": 2.86894140282,
      "user": 5.27232408,
      "system": 0.9001587799999999,
      "min": 2.80724995432,
      "max": 2.95220571532,
      "times": [
        2.89740882432,
        2.80724995432,
        2.87228118532,
        2.83781969232,
        2.95220571532,
        2.85873493932,
        2.83081548332,
        2.87329628332,
        2.89054551132,
        2.86560162032
      ],
      "exit_codes": [
        0,
        0,
        0,
        0,
        0,
        0,
        0,
        0,
        0,
        0
      ]
    },
    {
      "command": "zpm",
      "mean": 1.8988150580200003,
      "stddev": 0.24310078868838636,
      "median": 1.80412343232,
      "user": 1.15329288,
      "system": 0.69341618,
      "min": 1.7398031613199998,
      "max": 2.50672684132,
      "times": [
        1.74254627932,
        1.7398031613199998,
        1.8066563113199998,
        2.50672684132,
        1.80288842532,
        1.77686905432,
        1.80535843932,
        1.83238820932,
        2.22228779832,
        1.75262606032
      ],
      "exit_codes": [
        0,
        0,
        0,
        0,
        0,
        0,
        0,
        0,
        0,
        0
      ]
    },
    {
      "command": "pnpm",
      "mean": 2.3260773548199998,
      "stddev": 0.03861395409155926,
      "median": 2.32268698832,
      "user": 3.2439677799999997,
      "system": 0.66123398,
      "min": 2.24861507832,
      "max": 2.3920762293199997,
      "times": [
        2.32143943032,
        2.33741203032,
        2.24861507832,
        2.3020591273199997,
        2.35105439232,
        2.32393454632,
        2.2938784013199998,
        2.31837207432,
        2.37193223832,
        2.3920762293199997
      ],
      "exit_codes": [
        0,
        0,
        0,
        0,
        0,
        0,
        0,
        0,
        0,
        0
      ]
    },
    {
      "command": "vlt",
      "mean": 0.30123765202,
      "stddev": 0.005164298969114741,
      "median": 0.30059927132,
      "user": 0.32758087999999996,
      "system": 0.05407658,
      "min": 0.29171533032,
      "max": 0.31021477332,
      "times": [
        0.29171533032,
        0.30347620832000005,
        0.30798306032,
        0.30381668032000003,
        0.29898851132000004,
        0.31021477332,
        0.29821658632000003,
        0.30221003132,
        0.29734686532000004,
        0.29840847332000003
      ],
      "exit_codes": [
        0,
        0,
        0,
        0,
        0,
        0,
        0,
        0,
        0,
        0
      ]
    },
    {
      "command": "bun",
      "mean": 1.0865455842199998,
      "stddev": 0.03697206954720256,
      "median": 1.0834415013199998,
      "user": 0.79270778,
      "system": 0.4979985800000001,
      "min": 1.0258581893199998,
      "max": 1.13903923932,
      "times": [
        1.0772242613199998,
        1.12216404632,
        1.05102079832,
        1.11598645632,
        1.05375423932,
        1.05998016632,
        1.13076970432,
        1.0896587413199998,
        1.13903923932,
        1.0258581893199998
      ],
      "exit_codes": [
        0,
        0,
        0,
        0,
        0,
        0,
        0,
        0,
        0,
        0
      ]
    },
    {
      "command": "deno",
      "mean": 5.9997355920199995,
      "stddev": 0.45183682289365157,
      "median": 5.89745514532,
      "user": 1.66073198,
      "system": 0.27655677999999995,
      "min": 5.47835296932,
      "max": 6.77222125332,
      "times": [
        6.57803272132,
        6.77222125332,
        6.07305263432,
        5.55278712632,
        5.69466144432,
        6.43692362032,
        6.17936297632,
        5.72185765632,
        5.51010351832,
        5.47835296932
      ],
      "exit_codes": [
        0,
        0,
        0,
        0,
        0,
        0,
        0,
        0,
        0,
        0
      ]
    }
  ]
}