{
  "results": [
    {
      "command": "npm",
      "mean": 4.275254961659999,
      "stddev": 0.24419035330827568,
      "median": 4.290281929860001,
      "user": 1.1261155999999999,
      "system": 0.22130098,
      "min": 3.91490293436,
      "max": 4.8383942083600004,
      "times": [
        4.31001666936,
        4.8383942083600004,
        4.27054719036,
        3.91490293436,
        4.35519634636,
        4.39157752736,
        3.95493293736,
        4.35291412436,
        4.14932078436,
        4.21474689436
      ],
      "exit_codes": [
        0,
        0,
        0,
        0,
        0,
        0,
        0,
        0,
        0,
        0
      ]
    },
    {
      "command": "yarn",
      "mean": 11.27483798136,
      "stddev": 0.17778878466457568,
      "median": 11.311703166360001,
      "user": 14.168258999999997,
      "system": 7.106233480000002,
      "min": 10.90602944736,
      "max": 11.53406499936,
      "times": [
        10.90602944736,
        11.07346920636,
        11.53406499936,
        11.30193843736,
        11.32678132436,
        11.32146789536,
        11.50273627936,
        11.35763826436,
        11.21737099436,
        11.20688296536
      ],
      "exit_codes": [
        0,
        0,
        0,
        0,
        0,
        0,
        0,
        0,
        0,
        0
      ]
    },
    {
      "command": "berry",
      "mean": 3.05602155836,
      "stddev": 0.10302713302398937,
      "median": 3.03463881486,
      "user": 5.638246700000001,
      "system": 1.2760337800000001,
      "min": 2.9397347913600003,
      "max": 3.31416522436,
      "times": [
        2.9397347913600003,
        3.0673648023599998,
        3.09285230436,
        3.31416522436,
        3.13376638536,
        2.99082799236,
        2.96801096436,
        2.98421548936,
        3.02069096436,
        3.04858666536
      ],
      "exit_codes": [
        0,
        0,
        0,
        0,
        0,
        0,
        0,
        0,
        0,
        0
      ]
    },
    {
      "command": "pnpm",
      "mean": 2.3240718500599997,
      "stddev": 0.06384090969241965,
      "median": 2.3059614788599996,
      "user": 3.4833619,
      "system": 1.08243468,
      "min": 2.26734135636,
      "max": 2.49104251036,
      "times": [
        2.35943604136,
        2.34692069136,
        2.26734135636,
        2.49104251036,
        2.27573935636,
        2.27151412336,
        2.31706110736,
        2.28199538636,
        2.33480607736,
        2.29486185036
      ],
      "exit_codes": [
        0,
        0,
        0,
        0,
        0,
        0,
        0,
        0,
        0,
        0
      ]
    },
    {
      "command": "vlt",
      "mean": 0.30457907446,
      "stddev": 0.004853021240245218,
      "median": 0.30527134186000005,
      "user": 0.3187723,
      "system": 0.06652778,
      "min": 0.29712518536000004,
      "max": 0.31330008936000003,
      "times": [
        0.29812980736000005,
        0.31330008936000003,
        0.30765608436,
        0.29712518536000004,
        0.30517471336,
        0.30461476636,
        0.30787717836,
        0.30760665536000004,
        0.30536797036,
        0.29893829436
      ],
      "exit_codes": [
        0,
        0,
        0,
        0,
        0,
        0,
        0,
        0,
        0,
        0
      ]
    },
    {
      "command": "bun",
      "mean": 1.2401458081599999,
      "stddev": 0.14281441633970876,
      "median": 1.20600177336,
      "user": 0.8246252000000001,
      "system": 0.8643420799999999,
      "min": 1.09501376236,
      "max": 1.54117535136,
      "times": [
        1.10198001736,
        1.1093438143599998,
        1.38311160036,
        1.54117535136,
        1.20970445636,
        1.09501376236,
        1.35349383636,
        1.10879761436,
        1.20229909036,
        1.29653853836
      ],
      "exit_codes": [
        0,
        0,
        0,
        0,
        0,
        0,
        0,
        0,
        0,
        0
      ]
    },
    {
      "command": "deno",
      "mean": 11.758354037059998,
      "stddev": 6.9096287149552325,
      "median": 7.33705825836,
      "user": 1.5758054,
      "system": 0.38319488,
      "min": 6.99827442036,
      "max": 27.102640825359998,
      "times": [
        9.08816909336,
        19.01615287936,
        27.102640825359998,
        19.27469355336,
        7.31116346536,
        7.36295305136,
        7.18844704636,
        7.22833433036,
        6.99827442036,
        7.01271170536
      ],
      "exit_codes": [
        0,
        0,
        0,
        0,
        0,
        0,
        0,
        0,
        0,
        0
      ]
    }
  ]
}