{
  "results": [
    {
      "command": "npm",
      "mean": 3.1837834413999997,
      "stddev": 0.010571413983238161,
      "median": 3.1835173044999996,
      "user": 3.63318782,
      "system": 2.08126074,
      "min": 3.1667883495,
      "max": 3.2089141784999997,
      "times": [
        3.1880027415,
        3.1855274065,
        3.1826377375,
        3.1842509155,
        3.2089141784999997,
        3.1827836935,
        3.1714414355,
        3.1870194965,
        3.1667883495,
        3.1804684594999997
      ],
      "exit_codes": [
        0,
        0,
        0,
        0,
        0,
        0,
        0,
        0,
        0,
        0
      ]
    },
    {
      "command": "yarn",
      "mean": 2.7433873498,
      "stddev": 0.023020651167065927,
      "median": 2.741614207,
      "user": 2.89043722,
      "system": 2.9637107400000002,
      "min": 2.7144140645,
      "max": 2.7789773104999997,
      "times": [
        2.7508592115,
        2.7442531555,
        2.7757757765,
        2.7789773104999997,
        2.7309896785,
        2.7389752585,
        2.7187957495,
        2.7144140645,
        2.7149976285,
        2.7658356645
      ],
      "exit_codes": [
        0,
        0,
        0,
        0,
        0,
        0,
        0,
        0,
        0,
        0
      ]
    },
    {
      "command": "berry",
      "mean": 2.8873976522,
      "stddev": 0.02857316901136504,
      "median": 2.8814267735,
      "user": 3.4511762200000007,
      "system": 1.5654151400000003,
      "min": 2.8454765655,
      "max": 2.9326698565,
      "times": [
        2.9326698565,
        2.8544318355,
        2.8732601095,
        2.9177423555,
        2.9230126055,
        2.8732151925,
        2.8646340475,
        2.8895934375,
        2.8999405165,
        2.8454765655
      ],
      "exit_codes": [
        0,
        0,
        0,
        0,
        0,
        0,
        0,
        0,
        0,
        0
      ]
    },
    {
      "command": "pnpm",
      "mean": 1.2597069992,
      "stddev": 0.025906410610359552,
      "median": 1.249556359,
      "user": 1.87022092,
      "system": 0.68216354,
      "min": 1.2373973375,
      "max": 1.3256098425000002,
      "times": [
        1.2625061405,
        1.2374538905,
        1.2422153495000001,
        1.3256098425000002,
        1.2442442865,
        1.2373973375,
        1.2474655495,
        1.2838498065000001,
        1.2516471685000001,
        1.2646806205
      ],
      "exit_codes": [
        0,
        0,
        0,
        0,
        0,
        0,
        0,
        0,
        0,
        0
      ]
    },
    {
      "command": "vlt",
      "mean": 6.919890768200001,
      "stddev": 0.028533851163088646,
      "median": 6.917813606500001,
      "user": 7.609466319999998,
      "system": 4.3569004399999995,
      "min": 6.8703972205,
      "max": 6.977883811500001,
      "times": [
        6.8986659255000005,
        6.8703972205,
        6.9071118135,
        6.9267919965,
        6.9522170235,
        6.9319601535,
        6.8982525245,
        6.918013692500001,
        6.917613520500001,
        6.977883811500001
      ],
      "exit_codes": [
        0,
        0,
        0,
        0,
        0,
        0,
        0,
        0,
        0,
        0
      ]
    },
    {
      "command": "bun",
      "mean": 0.2908358649,
      "stddev": 0.002293727655921518,
      "median": 0.29049857,
      "user": 0.17867272000000003,
      "system": 0.27323594,
      "min": 0.2868679095,
      "max": 0.2946598585,
      "times": [
        0.2898934235,
        0.2879816165,
        0.2868679095,
        0.2901367315,
        0.2906267635,
        0.2916132725,
        0.2903703765,
        0.2922201115,
        0.2946598585,
        0.2939885855
      ],
      "exit_codes": [
        0,
        0,
        0,
        0,
        0,
        0,
        0,
        0,
        0,
        0
      ]
    },
    {
      "command": "deno",
      "mean": 0.5012193603,
      "stddev": 0.029397244157738766,
      "median": 0.505028729,
      "user": 0.37778152,
      "system": 0.54018384,
      "min": 0.4461512245,
      "max": 0.5599151295,
      "times": [
        0.5072961605,
        0.5179269445,
        0.5098237825,
        0.4461512245,
        0.5136369475,
        0.5004580405,
        0.4620339055,
        0.4921901705,
        0.5027612975,
        0.5599151295
      ],
      "exit_codes": [
        0,
        0,
        0,
        0,
        0,
        0,
        0,
        0,
        0,
        0
      ]
    }
  ]
}