{
  "results": [
    {
      "command": "npm",
      "mean": 7.41923520032,
      "stddev": 0.025439628400087472,
      "median": 7.42148482642,
      "user": 8.512709580000001,
      "system": 2.87207084,
      "min": 7.38574084692,
      "max": 7.46037720492,
      "times": [
        7.38574084692,
        7.4001092669199995,
        7.38959436692,
        7.44940860292,
        7.42167755192,
        7.46037720492,
        7.39039318692,
        7.42129210092,
        7.43253776392,
        7.44122111092
      ],
      "exit_codes": [
        0,
        0,
        0,
        0,
        0,
        0,
        0,
        0,
        0,
        0
      ]
    },
    {
      "command": "yarn",
      "mean": 4.1222907705199985,
      "stddev": 0.08602155905908755,
      "median": 4.11626141942,
      "user": 2.9800760799999995,
      "system": 2.66156244,
      "min": 3.9767542529199997,
      "max": 4.28200300192,
      "times": [
        4.10832810492,
        3.99259092792,
        4.15624739792,
        4.11337736592,
        3.9767542529199997,
        4.109728609919999,
        4.28200300192,
        4.21128746392,
        4.15344510692,
        4.11914547292
      ],
      "exit_codes": [
        0,
        0,
        0,
        0,
        0,
        0,
        0,
        0,
        0,
        0
      ]
    },
    {
      "command": "berry",
      "mean": 2.98934941412,
      "stddev": 0.05330450912259,
      "median": 2.9734636959199996,
      "user": 3.24289738,
      "system": 1.3711006399999999,
      "min": 2.93482712492,
      "max": 3.1270915109199997,
      "times": [
        2.9645740799199998,
        2.9774251339199997,
        2.96950225792,
        3.01494947492,
        3.1270915109199997,
        2.93482712492,
        2.9920120829199996,
        3.01889043192,
        2.93674429092,
        2.95747775292
      ],
      "exit_codes": [
        0,
        0,
        0,
        0,
        0,
        0,
        0,
        0,
        0,
        0
      ]
    },
    {
      "command": "pnpm",
      "mean": 2.36942091822,
      "stddev": 0.05974186162563787,
      "median": 2.3695632994199998,
      "user": 2.8566323799999997,
      "system": 0.9355956399999998,
      "min": 2.2554864169199997,
      "max": 2.49257199392,
      "times": [
        2.33574736892,
        2.36940222292,
        2.2554864169199997,
        2.38530437892,
        2.49257199392,
        2.3697243759199997,
        2.3488995999199997,
        2.3284948069199998,
        2.3757432649199997,
        2.43283475292
      ],
      "exit_codes": [
        0,
        0,
        0,
        0,
        0,
        0,
        0,
        0,
        0,
        0
      ]
    },
    {
      "command": "vlt",
      "mean": 1.8746123092200002,
      "stddev": 0.019181220434457892,
      "median": 1.8718770559200002,
      "user": 2.06668848,
      "system": 1.4572119399999999,
      "min": 1.83924167292,
      "max": 1.9189912419200001,
      "times": [
        1.8727003479200002,
        1.86987076692,
        1.8848111819200002,
        1.86155243092,
        1.83924167292,
        1.9189912419200001,
        1.8663160929200002,
        1.8806977829200002,
        1.8710537639200002,
        1.8808878099200002
      ],
      "exit_codes": [
        0,
        0,
        0,
        0,
        0,
        0,
        0,
        0,
        0,
        0
      ]
    },
    {
      "command": "bun",
      "mean": 0.18133283432000002,
      "stddev": 0.0007083707524422823,
      "median": 0.18113707992,
      "user": 0.01360698,
      "system": 0.17335114,
      "min": 0.18041760392,
      "max": 0.18244567392000002,
      "times": [
        0.18053527192000002,
        0.18128914192,
        0.18207296592000002,
        0.18220246092,
        0.18078681992,
        0.18098501792000002,
        0.18183430492000002,
        0.18075908192,
        0.18041760392,
        0.18244567392000002
      ],
      "exit_codes": [
        0,
        0,
        0,
        0,
        0,
        0,
        0,
        0,
        0,
        0
      ]
    },
    {
      "command": "deno",
      "mean": 0.59917372832,
      "stddev": 0.014729580345630969,
      "median": 0.59188523492,
      "user": 0.5771345800000001,
      "system": 0.50846624,
      "min": 0.58429387292,
      "max": 0.63102558592,
      "times": [
        0.63102558592,
        0.59293405692,
        0.60224211592,
        0.58664743292,
        0.58429387292,
        0.61369685492,
        0.61357159092,
        0.59083641292,
        0.58918786192,
        0.58730149792
      ],
      "exit_codes": [
        0,
        0,
        0,
        0,
        0,
        0,
        0,
        0,
        0,
        0
      ]
    }
  ]
}