{
  "results": [
    {
      "command": "npm",
      "mean": 4.23771075632,
      "stddev": 0.021552820494059797,
      "median": 4.24350481102,
      "user": 4.514929319999999,
      "system": 2.43462764,
      "min": 4.20542056602,
      "max": 4.26920572802,
      "times": [
        4.20542056602,
        4.24502268302,
        4.25470237302,
        4.26920572802,
        4.262002611020001,
        4.21025822202,
        4.24198693902,
        4.21615418602,
        4.25095989502,
        4.221394360020001
      ],
      "exit_codes": [
        0,
        0,
        0,
        0,
        0,
        0,
        0,
        0,
        0,
        0
      ]
    },
    {
      "command": "yarn",
      "mean": 10.19767489862,
      "stddev": 0.0450621528046181,
      "median": 10.204449450519999,
      "user": 14.43253852,
      "system": 7.405394239999998,
      "min": 10.128377130019999,
      "max": 10.29962687702,
      "times": [
        10.20415310802,
        10.18745413902,
        10.216111677019999,
        10.14309548502,
        10.204745793019999,
        10.20742211102,
        10.219838419019998,
        10.16592424702,
        10.128377130019999,
        10.29962687702
      ],
      "exit_codes": [
        0,
        0,
        0,
        0,
        0,
        0,
        0,
        0,
        0,
        0
      ]
    },
    {
      "command": "berry",
      "mean": 3.695792356420001,
      "stddev": 0.12724527710033642,
      "median": 3.6586135330200005,
      "user": 6.359896219999999,
      "system": 2.1465854399999995,
      "min": 3.6076401670200005,
      "max": 4.06251585802,
      "times": [
        3.64728908502,
        3.73340908202,
        4.06251585802,
        3.67965821302,
        3.63697761002,
        3.6283173250200003,
        3.6699379810200004,
        3.6076401670200005,
        3.6777707270200004,
        3.61440751602
      ],
      "exit_codes": [
        0,
        0,
        0,
        0,
        0,
        0,
        0,
        0,
        0,
        0
      ]
    },
    {
      "command": "pnpm",
      "mean": 2.2747824560200005,
      "stddev": 0.03527550391651106,
      "median": 2.26415381302,
      "user": 3.5438670199999995,
      "system": 1.4727789400000002,
      "min": 2.23785258902,
      "max": 2.32667480902,
      "times": [
        2.23785258902,
        2.24398156802,
        2.23921760902,
        2.30232103802,
        2.2476033710200003,
        2.30884194402,
        2.3216661110200003,
        2.23896126602,
        2.32667480902,
        2.2807042550200003
      ],
      "exit_codes": [
        0,
        0,
        0,
        0,
        0,
        0,
        0,
        0,
        0,
        0
      ]
    },
    {
      "command": "vlt",
      "mean": 2.40805672412,
      "stddev": 0.028613643158782655,
      "median": 2.4056141580200006,
      "user": 3.2022973200000004,
      "system": 1.60627684,
      "min": 2.3751854260200003,
      "max": 2.4749401000200004,
      "times": [
        2.4318849360200003,
        2.4115484910200005,
        2.42121997102,
        2.3751854260200003,
        2.4108996310200004,
        2.3827585140200003,
        2.3956647400200004,
        2.4749401000200004,
        2.4003286850200003,
        2.3761367470200003
      ],
      "exit_codes": [
        0,
        0,
        0,
        0,
        0,
        0,
        0,
        0,
        0,
        0
      ]
    },
    {
      "command": "bun",
      "mean": 0.5983680514199999,
      "stddev": 0.26758705010807504,
      "median": 0.50467862952,
      "user": 0.48800132000000007,
      "system": 0.9161259399999999,
      "min": 0.47222116202000003,
      "max": 1.39840008202,
      "times": [
        1.39840008202,
        0.52341848702,
        0.50430384002,
        0.50505341902,
        0.50395980402,
        0.4953819950200001,
        0.49225190902000004,
        0.55605370302,
        0.53263611302,
        0.47222116202000003
      ],
      "exit_codes": [
        0,
        0,
        0,
        0,
        0,
        0,
        0,
        0,
        0,
        0
      ]
    },
    {
      "command": "deno",
      "mean": 5.37112349172,
      "stddev": 0.707052835895723,
      "median": 5.33581272402,
      "user": 1.77254492,
      "system": 1.31447514,
      "min": 4.48715614502,
      "max": 6.53500054602,
      "times": [
        4.66015879602,
        6.39200635902,
        5.93137835902,
        4.6545502700200005,
        4.48715614502,
        4.73780898802,
        5.26004243502,
        6.53500054602,
        5.41158301302,
        5.64155000602
      ],
      "exit_codes": [
        0,
        0,
        0,
        0,
        0,
        0,
        0,
        0,
        0,
        0
      ]
    }
  ]
}