{
  "results": [
    {
      "command": "npm",
      "mean": 9.23333146114,
      "stddev": 0.06643519394596184,
      "median": 9.242840191340001,
      "user": 10.068957860000001,
      "system": 3.2617213,
      "min": 9.13103113684,
      "max": 9.32397574984,
      "times": [
        9.29524393884,
        9.32397574984,
        9.159704102840001,
        9.13103113684,
        9.286568709840001,
        9.25438815384,
        9.193826647840002,
        9.30385534584,
        9.153428596840001,
        9.231292228840001
      ],
      "exit_codes": [
        0,
        0,
        0,
        0,
        0,
        0,
        0,
        0,
        0,
        0
      ]
    },
    {
      "command": "yarn",
      "mean": 7.78658075604,
      "stddev": 0.18531582742163624,
      "median": 7.81120427034,
      "user": 5.45124666,
      "system": 3.1480618999999996,
      "min": 7.48113831684,
      "max": 8.133525571840002,
      "times": [
        7.8107497958400005,
        7.93628828484,
        7.64744440484,
        7.89402234484,
        8.133525571840002,
        7.90740761484,
        7.48113831684,
        7.67796525984,
        7.81165874484,
        7.56560722184
      ],
      "exit_codes": [
        0,
        0,
        0,
        0,
        0,
        0,
        0,
        0,
        0,
        0
      ]
    },
    {
      "command": "berry",
      "mean": 4.9928497277399995,
      "stddev": 0.0472222975695043,
      "median": 4.977986893340001,
      "user": 6.1051689599999985,
      "system": 1.8226989999999996,
      "min": 4.93959262184,
      "max": 5.11411203884,
      "times": [
        5.11411203884,
        4.97204970684,
        4.93959262184,
        5.03226821984,
        4.98545654984,
        5.00748140184,
        4.96739714384,
        4.98392407984,
        4.9649397338400005,
        4.96127578084
      ],
      "exit_codes": [
        0,
        0,
        0,
        0,
        0,
        0,
        0,
        0,
        0,
        0
      ]
    },
    {
      "command": "pnpm",
      "mean": 3.5193775668400002,
      "stddev": 0.1871457316566796,
      "median": 3.46813881434,
      "user": 4.690638659999999,
      "system": 1.0348019,
      "min": 3.39141654884,
      "max": 4.07391350484,
      "times": [
        3.46995042784,
        3.46958919184,
        3.46668843684,
        4.07391350484,
        3.39141654884,
        3.48187763684,
        3.45588370284,
        3.43582669784,
        3.44135057484,
        3.50727894584
      ],
      "exit_codes": [
        0,
        0,
        0,
        0,
        0,
        0,
        0,
        0,
        0,
        0
      ]
    },
    {
      "command": "vlt",
      "mean": 3.18295600324,
      "stddev": 0.02815255361023408,
      "median": 3.18296708484,
      "user": 3.48439826,
      "system": 1.9203865,
      "min": 3.12508983284,
      "max": 3.21968134784,
      "times": [
        3.20142395484,
        3.21968134784,
        3.2137777288400002,
        3.21089407684,
        3.16387444084,
        3.12508983284,
        3.17096642284,
        3.18628997184,
        3.15791805784,
        3.17964419784
      ],
      "exit_codes": [
        0,
        0,
        0,
        0,
        0,
        0,
        0,
        0,
        0,
        0
      ]
    },
    {
      "command": "bun",
      "mean": 0.16921642214000002,
      "stddev": 0.006796479030905647,
      "median": 0.16579028584,
      "user": 0.01280866,
      "system": 0.161927,
      "min": 0.16175376984,
      "max": 0.18059425884,
      "times": [
        0.16175376984,
        0.16288901284,
        0.16377272584,
        0.16536108384,
        0.16354729184,
        0.16621948784,
        0.17309971184,
        0.17737924984,
        0.17754762884,
        0.18059425884
      ],
      "exit_codes": [
        0,
        0,
        0,
        0,
        0,
        0,
        0,
        0,
        0,
        0
      ]
    },
    {
      "command": "deno",
      "mean": 0.91028178764,
      "stddev": 0.009531841035656127,
      "median": 0.90776157434,
      "user": 1.29311366,
      "system": 0.5103184,
      "min": 0.89400000284,
      "max": 0.9242824648400001,
      "times": [
        0.9211719918400001,
        0.90621022884,
        0.9183179748400001,
        0.90467122984,
        0.9242824648400001,
        0.89400000284,
        0.90020640584,
        0.9050617498400001,
        0.9195829078400001,
        0.9093129198400001
      ],
      "exit_codes": [
        0,
        0,
        0,
        0,
        0,
        0,
        0,
        0,
        0,
        0
      ]
    }
  ]
}