{
  "results": [
    {
      "command": "npm",
      "mean": 1.0321038665000002,
      "stddev": 0.010439764478080097,
      "median": 1.0299804205,
      "user": 1.03464348,
      "system": 0.55753178,
      "min": 1.0152760950000002,
      "max": 1.049776183,
      "times": [
        1.02595313,
        1.0375926070000001,
        1.049776183,
        1.027186541,
        1.0350893,
        1.024328079,
        1.048639812,
        1.024422618,
        1.0152760950000002,
        1.0327743
      ],
      "exit_codes": [
        0,
        0,
        0,
        0,
        0,
        0,
        0,
        0,
        0,
        0
      ]
    },
    {
      "command": "yarn",
      "mean": 0.7064940595,
      "stddev": 0.009719801888145354,
      "median": 0.7038151925,
      "user": 0.66425758,
      "system": 0.51613848,
      "min": 0.696805587,
      "max": 0.725754605,
      "times": [
        0.704530974,
        0.703477924,
        0.704152461,
        0.703212658,
        0.704562966,
        0.698727221,
        0.696805587,
        0.725754605,
        0.724686002,
        0.699030197
      ],
      "exit_codes": [
        0,
        0,
        0,
        0,
        0,
        0,
        0,
        0,
        0,
        0
      ]
    },
    {
      "command": "berry",
      "mean": 0.9934684815999999,
      "stddev": 0.014187625678455685,
      "median": 0.992771515,
      "user": 1.1608897800000002,
      "system": 0.37675597999999993,
      "min": 0.975291783,
      "max": 1.021121758,
      "times": [
        0.986745927,
        0.984945506,
        0.975291783,
        0.976138321,
        1.021121758,
        1.0021581510000002,
        1.007905474,
        1.000089516,
        0.981491277,
        0.998797103
      ],
      "exit_codes": [
        0,
        0,
        0,
        0,
        0,
        0,
        0,
        0,
        0,
        0
      ]
    },
    {
      "command": "pnpm",
      "mean": 0.6903916416,
      "stddev": 0.0640155190138886,
      "median": 0.6693640765,
      "user": 0.9134708799999999,
      "system": 0.20794898,
      "min": 0.658050835,
      "max": 0.879559128,
      "times": [
        0.675772236,
        0.664945715,
        0.676430925,
        0.658050835,
        0.659069598,
        0.695571676,
        0.673782438,
        0.6622029779999999,
        0.879559128,
        0.658530887
      ],
      "exit_codes": [
        0,
        0,
        0,
        0,
        0,
        0,
        0,
        0,
        0,
        0
      ]
    },
    {
      "command": "vlt",
      "mean": 0.5450725203000001,
      "stddev": 0.005929319531880332,
      "median": 0.544174978,
      "user": 0.56052838,
      "system": 0.33469457999999996,
      "min": 0.534035208,
      "max": 0.556886537,
      "times": [
        0.549410921,
        0.556886537,
        0.5427088449999999,
        0.541914425,
        0.549733244,
        0.534035208,
        0.542885912,
        0.545464044,
        0.540229681,
        0.547456386
      ],
      "exit_codes": [
        0,
        0,
        0,
        0,
        0,
        0,
        0,
        0,
        0,
        0
      ]
    },
    {
      "command": "bun",
      "mean": 0.0314035099,
      "stddev": 0.0022107149898238547,
      "median": 0.030704552500000003,
      "user": 0.00747558,
      "system": 0.029449380000000004,
      "min": 0.029841629,
      "max": 0.037774744,
      "times": [
        0.029841629,
        0.031447611,
        0.029978368000000002,
        0.030020213000000004,
        0.030793674000000004,
        0.030615431000000002,
        0.030479265000000002,
        0.031477174999999996,
        0.031606989,
        0.037774744
      ],
      "exit_codes": [
        0,
        0,
        0,
        0,
        0,
        0,
        0,
        0,
        0,
        0
      ]
    },
    {
      "command": "deno",
      "mean": 0.1782172565,
      "stddev": 0.0058642774951014765,
      "median": 0.1794802735,
      "user": 0.15279808,
      "system": 0.13488338,
      "min": 0.16632011400000002,
      "max": 0.18733681800000002,
      "times": [
        0.17881753600000003,
        0.17561073200000002,
        0.180258084,
        0.17485838600000003,
        0.18562122600000003,
        0.18065616700000003,
        0.17255049100000003,
        0.16632011400000002,
        0.18733681800000002,
        0.18014301100000002
      ],
      "exit_codes": [
        0,
        0,
        0,
        0,
        0,
        0,
        0,
        0,
        0,
        0
      ]
    }
  ]
}