{
  "results": [
    {
      "command": "npm",
      "mean": 24.43439046546,
      "stddev": 0.6717918461957999,
      "median": 24.66379906226,
      "user": 15.22790068,
      "system": 4.532181660000001,
      "min": 23.22552118226,
      "max": 25.114014726260002,
      "times": [
        23.38453163126,
        23.97894976526,
        25.114014726260002,
        24.21592496926,
        24.504821907260002,
        24.98715255926,
        25.071021325260002,
        24.82277621726,
        25.039190371260002,
        23.22552118226
      ],
      "exit_codes": [
        0,
        0,
        0,
        0,
        0,
        0,
        0,
        0,
        0,
        0
      ]
    },
    {
      "command": "yarn",
      "mean": 18.65022261776,
      "stddev": 0.5606048669781972,
      "median": 18.614472997260002,
      "user": 18.565736879999996,
      "system": 8.846927659999999,
      "min": 17.99952917126,
      "max": 20.128439909260003,
      "times": [
        18.09189558626,
        18.632964597260003,
        18.62437893926,
        18.604567055260002,
        20.128439909260003,
        18.410021774260002,
        17.99952917126,
        18.80893153426,
        18.85735192826,
        18.344145682260002
      ],
      "exit_codes": [
        0,
        0,
        0,
        0,
        0,
        0,
        0,
        0,
        0,
        0
      ]
    },
    {
      "command": "berry",
      "mean": 6.65152742666,
      "stddev": 0.0996016117468005,
      "median": 6.63565193226,
      "user": 11.304889479999996,
      "system": 3.39944226,
      "min": 6.5135965242600005,
      "max": 6.81455991126,
      "times": [
        6.56507942526,
        6.57150191326,
        6.74817793126,
        6.81455991126,
        6.56376616426,
        6.7145368342600005,
        6.57256871126,
        6.5135965242600005,
        6.69873515326,
        6.75275169826
      ],
      "exit_codes": [
        0,
        0,
        0,
        0,
        0,
        0,
        0,
        0,
        0,
        0
      ]
    },
    {
      "command": "pnpm",
      "mean": 4.85865970336,
      "stddev": 0.05092469443805092,
      "median": 4.86208221576,
      "user": 6.663508279999999,
      "system": 2.4778938599999996,
      "min": 4.74421075426,
      "max": 4.93192289926,
      "times": [
        4.90488535226,
        4.74421075426,
        4.86553309726,
        4.83345004326,
        4.89122498126,
        4.81191353026,
        4.93192289926,
        4.84978926626,
        4.85863133426,
        4.89503577526
      ],
      "exit_codes": [
        0,
        0,
        0,
        0,
        0,
        0,
        0,
        0,
        0,
        0
      ]
    },
    {
      "command": "vlt",
      "mean": 6.59286348256,
      "stddev": 0.24885156350998602,
      "median": 6.5824698907600006,
      "user": 6.759705679999999,
      "system": 2.78631186,
      "min": 6.19984734126,
      "max": 6.97679350426,
      "times": [
        6.653007397260001,
        6.28870005126,
        6.4419854802600005,
        6.5119323842600005,
        6.97679350426,
        6.42342297126,
        6.8616952512600005,
        6.69434111426,
        6.87690933026,
        6.19984734126
      ],
      "exit_codes": [
        0,
        0,
        0,
        0,
        0,
        0,
        0,
        0,
        0,
        0
      ]
    },
    {
      "command": "bun",
      "mean": 1.5667918238600003,
      "stddev": 0.08971510623404169,
      "median": 1.5356149492600002,
      "user": 2.0482151800000006,
      "system": 1.74829346,
      "min": 1.4805275342600002,
      "max": 1.81804193226,
      "times": [
        1.4805275342600002,
        1.5237550892600003,
        1.52233071526,
        1.5358361922600001,
        1.6144723462600001,
        1.56508487126,
        1.5349365162600002,
        1.81804193226,
        1.53753933526,
        1.53539370626
      ],
      "exit_codes": [
        0,
        0,
        0,
        0,
        0,
        0,
        0,
        0,
        0,
        0
      ]
    },
    {
      "command": "deno",
      "mean": 13.51886274796,
      "stddev": 0.5995833978783837,
      "median": 13.358421267259999,
      "user": 4.534725679999999,
      "system": 2.09103726,
      "min": 12.940337500259998,
      "max": 14.89264533626,
      "times": [
        13.25320279426,
        12.940337500259998,
        12.948075791259999,
        13.46363974026,
        14.156484042259999,
        13.78799616726,
        13.07434738526,
        12.99675349426,
        13.67514522826,
        14.89264533626
      ],
      "exit_codes": [
        0,
        0,
        0,
        0,
        0,
        0,
        0,
        0,
        0,
        0
      ]
    }
  ]
}