{
  "results": [
    {
      "command": "npm",
      "mean": 24.638123805280003,
      "stddev": 0.7406144981640698,
      "median": 24.371512359679997,
      "user": 15.253566619999997,
      "system": 4.397795459999999,
      "min": 23.89023494518,
      "max": 26.17006053818,
      "times": [
        24.07478743718,
        26.17006053818,
        24.25154014818,
        24.49148457118,
        25.42832875918,
        24.51207648218,
        23.90029541218,
        25.475948055179998,
        23.89023494518,
        24.18648170418
      ],
      "exit_codes": [
        0,
        0,
        0,
        0,
        0,
        0,
        0,
        0,
        0,
        0
      ]
    },
    {
      "command": "yarn",
      "mean": 19.27808806208,
      "stddev": 0.534951211445884,
      "median": 19.43837762618,
      "user": 17.91853252,
      "system": 8.266180959999998,
      "min": 18.49364983718,
      "max": 19.92435186818,
      "times": [
        18.49364983718,
        18.76635382718,
        19.44833523918,
        18.76950283418,
        18.62173624018,
        19.92435186818,
        19.54429942318,
        19.87105522018,
        19.91317611818,
        19.42842001318
      ],
      "exit_codes": [
        0,
        0,
        0,
        0,
        0,
        0,
        0,
        0,
        0,
        0
      ]
    },
    {
      "command": "berry",
      "mean": 6.46106574498,
      "stddev": 0.0686507569888063,
      "median": 6.46286846468,
      "user": 10.87367172,
      "system": 3.2589234599999997,
      "min": 6.32094645018,
      "max": 6.58683909818,
      "times": [
        6.4316939371799995,
        6.40924324418,
        6.32094645018,
        6.58683909818,
        6.41954561618,
        6.50030771818,
        6.51341659818,
        6.44935486018,
        6.50292785818,
        6.47638206918
      ],
      "exit_codes": [
        0,
        0,
        0,
        0,
        0,
        0,
        0,
        0,
        0,
        0
      ]
    },
    {
      "command": "pnpm",
      "mean": 5.5251700682800005,
      "stddev": 1.131060032089542,
      "median": 5.13582764268,
      "user": 6.7944045200000005,
      "system": 2.4448072599999997,
      "min": 4.96700869818,
      "max": 8.88887842618,
      "times": [
        5.109109131179999,
        5.46475452318,
        5.16254615418,
        5.35785113718,
        5.10170827218,
        5.02961276218,
        4.96700869818,
        5.18116001618,
        4.9890715621799995,
        8.88887842618
      ],
      "exit_codes": [
        0,
        0,
        0,
        0,
        0,
        0,
        0,
        0,
        0,
        0
      ]
    },
    {
      "command": "vlt",
      "mean": 8.69972032318,
      "stddev": 2.5023622269401313,
      "median": 7.48604038418,
      "user": 8.333533319999999,
      "system": 2.96388456,
      "min": 7.00780181018,
      "max": 15.57408487518,
      "times": [
        7.00780181018,
        7.164512376179999,
        15.57408487518,
        7.48689524618,
        7.48518552218,
        7.83778430118,
        10.39246126418,
        9.22075357718,
        7.48147932518,
        7.34624493418
      ],
      "exit_codes": [
        0,
        0,
        0,
        0,
        0,
        0,
        0,
        0,
        0,
        0
      ]
    },
    {
      "command": "bun",
      "mean": 1.6170199438800001,
      "stddev": 0.11033434564796221,
      "median": 1.60511422068,
      "user": 2.1189225200000004,
      "system": 1.7277426599999999,
      "min": 1.4832521951800002,
      "max": 1.8491124471800002,
      "times": [
        1.53473364818,
        1.6521355211800002,
        1.49664705018,
        1.71684284918,
        1.6358023161800002,
        1.52608087418,
        1.4832521951800002,
        1.8491124471800002,
        1.57442612518,
        1.70116641218
      ],
      "exit_codes": [
        0,
        0,
        0,
        0,
        0,
        0,
        0,
        0,
        0,
        0
      ]
    },
    {
      "command": "deno",
      "mean": 12.939767390880002,
      "stddev": 0.8866844504366906,
      "median": 13.10333860818,
      "user": 4.5620448200000006,
      "system": 2.0354073599999998,
      "min": 11.42113423118,
      "max": 14.19703262618,
      "times": [
        13.17965615018,
        13.06053659818,
        14.19703262618,
        12.30588263918,
        11.42113423118,
        13.77078155018,
        13.14614061818,
        12.91678420618,
        11.54825992218,
        13.85146536718
      ],
      "exit_codes": [
        0,
        0,
        0,
        0,
        0,
        0,
        0,
        0,
        0,
        0
      ]
    }
  ]
}