{
  "results": [
    {
      "command": "npm",
      "mean": 23.761153031520003,
      "stddev": 1.1620243626821818,
      "median": 23.80178649902,
      "user": 16.3267086,
      "system": 4.7314457,
      "min": 22.194732908520002,
      "max": 25.52188036852,
      "times": [
        24.94404922652,
        25.52188036852,
        22.498203288520003,
        24.61050351452,
        22.453811907520002,
        24.92196467352,
        23.37368168752,
        24.22989131052,
        22.194732908520002,
        22.86281142952
      ],
      "exit_codes": [
        0,
        0,
        0,
        0,
        0,
        0,
        0,
        0,
        0,
        0
      ]
    },
    {
      "command": "yarn",
      "mean": 19.049474121020005,
      "stddev": 0.4452095909184794,
      "median": 18.88326731502,
      "user": 21.3052627,
      "system": 9.529038,
      "min": 18.42629797952,
      "max": 19.99298408752,
      "times": [
        18.581048600520003,
        18.42629797952,
        19.99298408752,
        18.78871496452,
        19.34218473352,
        18.91748050352,
        19.297025741520002,
        19.45931783552,
        18.849054126520002,
        18.840632637520002
      ],
      "exit_codes": [
        0,
        0,
        0,
        0,
        0,
        0,
        0,
        0,
        0,
        0
      ]
    },
    {
      "command": "berry",
      "mean": 6.73554428702,
      "stddev": 0.06969975986690284,
      "median": 6.72691861952,
      "user": 11.703701200000001,
      "system": 3.4444730999999997,
      "min": 6.65415985852,
      "max": 6.839863626520001,
      "times": [
        6.839863626520001,
        6.80582271952,
        6.67141064552,
        6.82274773652,
        6.6588689395200005,
        6.65415985852,
        6.67293398452,
        6.764665523520001,
        6.68917171552,
        6.77579812052
      ],
      "exit_codes": [
        0,
        0,
        0,
        0,
        0,
        0,
        0,
        0,
        0,
        0
      ]
    },
    {
      "command": "zpm",
      "mean": 2.49980335392,
      "stddev": 0.22298838243525348,
      "median": 2.52244485602,
      "user": 1.3799642999999997,
      "system": 0.7415446,
      "min": 2.19708121252,
      "max": 2.81935398852,
      "times": [
        2.64406558552,
        2.81935398852,
        2.19708121252,
        2.2548984185200003,
        2.59905432152,
        2.24999237752,
        2.32687122952,
        2.65549541852,
        2.44583539052,
        2.80538559652
      ],
      "exit_codes": [
        0,
        0,
        0,
        0,
        0,
        0,
        0,
        0,
        0,
        0
      ]
    },
    {
      "command": "pnpm",
      "mean": 4.7038714959200005,
      "stddev": 0.0752456260222678,
      "median": 4.68829061202,
      "user": 7.1901924999999975,
      "system": 2.4883035,
      "min": 4.59707177652,
      "max": 4.81314414252,
      "times": [
        4.79433428652,
        4.59707177652,
        4.6108622095200005,
        4.64529799252,
        4.67100299252,
        4.8091496105200005,
        4.81314414252,
        4.69354279652,
        4.6830384275200005,
        4.72127072452
      ],
      "exit_codes": [
        0,
        0,
        0,
        0,
        0,
        0,
        0,
        0,
        0,
        0
      ]
    },
    {
      "command": "vlt",
      "mean": 6.73749690442,
      "stddev": 0.22702698223359058,
      "median": 6.75986979302,
      "user": 6.9168903,
      "system": 2.7101044999999995,
      "min": 6.37967427252,
      "max": 7.10868755552,
      "times": [
        6.64504835552,
        6.93997193552,
        7.10868755552,
        6.7659246925200005,
        6.45363976752,
        6.75381489352,
        6.78298388652,
        6.37967427252,
        6.53400586452,
        7.01121782052
      ],
      "exit_codes": [
        0,
        0,
        0,
        0,
        0,
        0,
        0,
        0,
        0,
        0
      ]
    },
    {
      "command": "bun",
      "mean": 1.5480449158200003,
      "stddev": 0.08059479748134292,
      "median": 1.51330393302,
      "user": 2.2280799999999994,
      "system": 1.7495948,
      "min": 1.4480502995200002,
      "max": 1.68978373052,
      "times": [
        1.63506100252,
        1.49543491452,
        1.4480502995200002,
        1.68978373052,
        1.53117295152,
        1.65348280152,
        1.5751048625200001,
        1.4803325425200002,
        1.4934916505200002,
        1.4785344025200002
      ],
      "exit_codes": [
        0,
        0,
        0,
        0,
        0,
        0,
        0,
        0,
        0,
        0
      ]
    },
    {
      "command": "deno",
      "mean": 12.79245209092,
      "stddev": 0.7896466079208145,
      "median": 12.714661117019999,
      "user": 4.6760975,
      "system": 2.0259872,
      "min": 11.56423505752,
      "max": 13.830841783519999,
      "times": [
        12.17800127252,
        11.765422640519999,
        11.56423505752,
        13.64668656652,
        12.523563314519999,
        12.905758919519998,
        13.28714333152,
        13.830841783519999,
        13.80180840752,
        12.421059615519999
      ],
      "exit_codes": [
        0,
        0,
        0,
        0,
        0,
        0,
        0,
        0,
        0,
        0
      ]
    }
  ]
}