{
  "results": [
    {
      "command": "npm",
      "mean": 24.133664408860003,
      "stddev": 0.7186665771646258,
      "median": 24.04838167306,
      "user": 15.73285682,
      "system": 4.635363699999999,
      "min": 23.191669224560002,
      "max": 25.82287712156,
      "times": [
        24.07014101656,
        24.44336693056,
        23.47680317356,
        24.026622329560002,
        23.64662501756,
        24.23506737756,
        25.82287712156,
        23.654301579560002,
        23.191669224560002,
        24.76917031756
      ],
      "exit_codes": [
        0,
        0,
        0,
        0,
        0,
        0,
        0,
        0,
        0,
        0
      ]
    },
    {
      "command": "yarn",
      "mean": 19.07092085456,
      "stddev": 0.8314325192775818,
      "median": 18.861672138560003,
      "user": 21.019861419999994,
      "system": 9.3279524,
      "min": 18.279280195560002,
      "max": 21.31745539756,
      "times": [
        19.368724756560002,
        18.53345871156,
        21.31745539756,
        18.636488456560002,
        18.79538560756,
        18.279280195560002,
        19.44226867256,
        18.995232186560003,
        18.927958669560002,
        18.412955891560003
      ],
      "exit_codes": [
        0,
        0,
        0,
        0,
        0,
        0,
        0,
        0,
        0,
        0
      ]
    },
    {
      "command": "berry",
      "mean": 6.992793335659999,
      "stddev": 0.48486988631644035,
      "median": 6.77111189556,
      "user": 11.434624119999999,
      "system": 3.4042167999999995,
      "min": 6.462106868559999,
      "max": 7.866358197559999,
      "times": [
        6.89787610356,
        6.61034130756,
        6.462106868559999,
        6.56377388656,
        7.4991537265599995,
        7.866358197559999,
        6.64434768756,
        7.43761816356,
        6.53133368956,
        7.415023725559999
      ],
      "exit_codes": [
        0,
        0,
        0,
        0,
        0,
        0,
        0,
        0,
        0,
        0
      ]
    },
    {
      "command": "zpm",
      "mean": 3.75766795336,
      "stddev": 1.2960348179170642,
      "median": 3.5231076845600002,
      "user": 1.35729812,
      "system": 0.7251900000000001,
      "min": 2.2404775485600004,
      "max": 6.6322858795599995,
      "times": [
        4.004456569559999,
        2.2404775485600004,
        2.7502058705600003,
        3.4167589255600004,
        2.7965357355600005,
        3.62945644356,
        5.3306607775599995,
        4.2100275075599995,
        2.56581427556,
        6.6322858795599995
      ],
      "exit_codes": [
        0,
        0,
        0,
        0,
        0,
        0,
        0,
        0,
        0,
        0
      ]
    },
    {
      "command": "pnpm",
      "mean": 5.283295520359999,
      "stddev": 1.4012086434159372,
      "median": 4.56073815406,
      "user": 7.05996302,
      "system": 2.4697431,
      "min": 4.496354397559999,
      "max": 8.31371801056,
      "times": [
        4.496354397559999,
        4.5360469195599995,
        4.62738738056,
        4.85244400456,
        4.521529581559999,
        8.31371801056,
        7.82766127056,
        4.536337330559999,
        4.57919875056,
        4.54227755756
      ],
      "exit_codes": [
        0,
        0,
        0,
        0,
        0,
        0,
        0,
        0,
        0,
        0
      ]
    },
    {
      "command": "vlt",
      "mean": 7.5214888882599995,
      "stddev": 1.1428230249920202,
      "median": 7.33961127806,
      "user": 6.6546726199999995,
      "system": 2.6509526000000005,
      "min": 6.44989686256,
      "max": 10.60113550056,
      "times": [
        6.4761523595599995,
        7.51898429956,
        6.65043455656,
        6.44989686256,
        10.60113550056,
        7.730505905559999,
        7.16023825656,
        7.80811290256,
        7.79384359156,
        7.02558464756
      ],
      "exit_codes": [
        0,
        0,
        0,
        0,
        0,
        0,
        0,
        0,
        0,
        0
      ]
    },
    {
      "command": "bun",
      "mean": 2.01499543676,
      "stddev": 0.5064150274619286,
      "median": 1.81016846756,
      "user": 2.18516042,
      "system": 1.7137165999999997,
      "min": 1.44690244856,
      "max": 2.9381174855600003,
      "times": [
        1.44690244856,
        1.93338185156,
        1.80562344856,
        1.64459734556,
        1.8147134865599999,
        2.6274276745600003,
        2.6985537065600003,
        1.55704191656,
        2.9381174855600003,
        1.68359500356
      ],
      "exit_codes": [
        0,
        0,
        0,
        0,
        0,
        0,
        0,
        0,
        0,
        0
      ]
    },
    {
      "command": "deno",
      "mean": 14.849287294460002,
      "stddev": 2.7862345928081655,
      "median": 15.50127766906,
      "user": 4.51397392,
      "system": 2.016008,
      "min": 11.28466984656,
      "max": 20.06924291056,
      "times": [
        16.825892639560003,
        16.61266260356,
        15.45265038256,
        11.28466984656,
        15.54990495556,
        12.39535501056,
        16.87505634556,
        11.62392716756,
        11.80351108256,
        20.06924291056
      ],
      "exit_codes": [
        0,
        0,
        0,
        0,
        0,
        0,
        0,
        0,
        0,
        0
      ]
    }
  ]
}