{
  "results": [
    {
      "command": "npm",
      "mean": 28.901194603140006,
      "stddev": 2.1254960336557183,
      "median": 27.77689144094,
      "user": 14.739789480000002,
      "system": 3.9492928399999996,
      "min": 26.73798347094,
      "max": 32.60243619394,
      "times": [
        28.00226432994,
        28.962933348940002,
        31.13047703294,
        27.382844275940002,
        26.73798347094,
        32.231789635940004,
        32.60243619394,
        27.55151855194,
        27.349807368940002,
        27.05989182194
      ],
      "exit_codes": [
        0,
        0,
        0,
        0,
        0,
        0,
        0,
        0,
        0,
        0
      ]
    },
    {
      "command": "yarn",
      "mean": 21.20116301454,
      "stddev": 0.6167282537810826,
      "median": 21.215219100440002,
      "user": 17.751934079999995,
      "system": 8.55182734,
      "min": 20.28140576094,
      "max": 22.624612317940002,
      "times": [
        20.71621404394,
        20.58427435794,
        20.28140576094,
        21.36192197694,
        22.624612317940002,
        21.290495907940002,
        21.13994229294,
        21.58902202994,
        20.95946903094,
        21.46427242594
      ],
      "exit_codes": [
        0,
        0,
        0,
        0,
        0,
        0,
        0,
        0,
        0,
        0
      ]
    },
    {
      "command": "berry",
      "mean": 6.502384738639999,
      "stddev": 0.10422102506557272,
      "median": 6.45826289344,
      "user": 10.58863518,
      "system": 3.2432432399999995,
      "min": 6.38775272894,
      "max": 6.71629366294,
      "times": [
        6.46556968094,
        6.538228795939999,
        6.4137837929399995,
        6.66720406494,
        6.51440086794,
        6.45095610594,
        6.38775272894,
        6.71629366294,
        6.44349263494,
        6.42616505094
      ],
      "exit_codes": [
        0,
        0,
        0,
        0,
        0,
        0,
        0,
        0,
        0,
        0
      ]
    },
    {
      "command": "pnpm",
      "mean": 5.53685471114,
      "stddev": 0.10620836979508455,
      "median": 5.52429299694,
      "user": 6.803386380000001,
      "system": 2.49170914,
      "min": 5.3601319179399995,
      "max": 5.70459615394,
      "times": [
        5.67688216994,
        5.43817742594,
        5.53187868494,
        5.5408117059399995,
        5.51670730894,
        5.3601319179399995,
        5.45393110094,
        5.70459615394,
        5.48847009394,
        5.65696054894
      ],
      "exit_codes": [
        0,
        0,
        0,
        0,
        0,
        0,
        0,
        0,
        0,
        0
      ]
    },
    {
      "command": "vlt",
      "mean": 8.020313386340002,
      "stddev": 0.2783127313313575,
      "median": 7.95893665494,
      "user": 8.20495798,
      "system": 3.0062748399999997,
      "min": 7.5712627779399995,
      "max": 8.50295693494,
      "times": [
        7.993358081939999,
        7.84314531594,
        8.43704002494,
        8.03118213794,
        7.92451522794,
        7.5712627779399995,
        8.50295693494,
        7.75143427994,
        7.92109875794,
        8.22714032394
      ],
      "exit_codes": [
        0,
        0,
        0,
        0,
        0,
        0,
        0,
        0,
        0,
        0
      ]
    },
    {
      "command": "bun",
      "mean": 2.42359319874,
      "stddev": 1.404130205748874,
      "median": 1.9817287914400001,
      "user": 2.04706978,
      "system": 1.7346521400000001,
      "min": 1.74627767094,
      "max": 6.60386773994,
      "times": [
        1.80223716794,
        1.92011245094,
        1.74894602394,
        2.0433451319400002,
        2.2823962789400003,
        2.05049789794,
        6.60386773994,
        1.74627767094,
        1.85071145294,
        2.1875401719400003
      ],
      "exit_codes": [
        0,
        0,
        0,
        0,
        0,
        0,
        0,
        0,
        0,
        0
      ]
    },
    {
      "command": "deno",
      "mean": 16.15487840194,
      "stddev": 2.800343321081497,
      "median": 15.19654963144,
      "user": 4.13547618,
      "system": 2.0580024399999997,
      "min": 12.64358564694,
      "max": 23.32439834794,
      "times": [
        17.06639992894,
        23.32439834794,
        12.64358564694,
        18.34027074994,
        15.08101020194,
        15.278151794940001,
        15.824207626940002,
        14.62842296794,
        15.11494746794,
        14.24738928594
      ],
      "exit_codes": [
        0,
        0,
        0,
        0,
        0,
        0,
        0,
        0,
        0,
        0
      ]
    }
  ]
}