{
  "results": [
    {
      "command": "npm",
      "mean": 0.49932244110000007,
      "stddev": 0.0048407355989877445,
      "median": 0.4984514283,
      "user": 0.5521712400000001,
      "system": 0.09430418,
      "min": 0.4923180378,
      "max": 0.5087862788,
      "times": [
        0.5087862788,
        0.5057683058,
        0.5022075928,
        0.4923180378,
        0.49461580180000003,
        0.4991920568,
        0.4998746788,
        0.49507418280000004,
        0.4977107998,
        0.4976766758
      ],
      "exit_codes": [
        0,
        0,
        0,
        0,
        0,
        0,
        0,
        0,
        0,
        0
      ]
    },
    {
      "command": "yarn",
      "mean": 0.28866979419999994,
      "stddev": 0.0031958848461416424,
      "median": 0.2878052518,
      "user": 0.31059213999999996,
      "system": 0.06264158,
      "min": 0.2853019298,
      "max": 0.2956605408,
      "times": [
        0.2854333918,
        0.2881642888,
        0.2875037398,
        0.28704621880000003,
        0.2853019298,
        0.2956605408,
        0.2936940018,
        0.2874280188,
        0.2883590478,
        0.2881067638
      ],
      "exit_codes": [
        0,
        0,
        0,
        0,
        0,
        0,
        0,
        0,
        0,
        0
      ]
    },
    {
      "command": "berry",
      "mean": 2.5119717360000005,
      "stddev": 0.024394272939459602,
      "median": 2.5125557653,
      "user": 5.24032924,
      "system": 1.2279858799999999,
      "min": 2.4730766358,
      "max": 2.5536014818,
      "times": [
        2.5085925907999997,
        2.5536014818,
        2.5249990398,
        2.5012866858,
        2.5436078088,
        2.5025042838,
        2.4730766358,
        2.4766128208,
        2.5189170728,
        2.5165189398
      ],
      "exit_codes": [
        0,
        0,
        0,
        0,
        0,
        0,
        0,
        0,
        0,
        0
      ]
    },
    {
      "command": "pnpm",
      "mean": 0.6764884251000001,
      "stddev": 0.024952672091544396,
      "median": 0.6693736807999999,
      "user": 0.80857674,
      "system": 0.14452588,
      "min": 0.6464183218,
      "max": 0.7295026128000001,
      "times": [
        0.6788550518,
        0.7019109768,
        0.6699220948,
        0.6591233518,
        0.7295026128000001,
        0.6525037538,
        0.6580626268,
        0.6688252668,
        0.6997601938,
        0.6464183218
      ],
      "exit_codes": [
        0,
        0,
        0,
        0,
        0,
        0,
        0,
        0,
        0,
        0
      ]
    },
    {
      "command": "vlt",
      "mean": 0.3156138492000001,
      "stddev": 0.0022654839405709,
      "median": 0.3155839773,
      "user": 0.32672354,
      "system": 0.06669507999999999,
      "min": 0.3122862308,
      "max": 0.3205083248,
      "times": [
        0.3150437598,
        0.3205083248,
        0.3168697438,
        0.3162731448,
        0.3122862308,
        0.3154621798,
        0.3157057748,
        0.3173743538,
        0.3136147988,
        0.3130001808
      ],
      "exit_codes": [
        0,
        0,
        0,
        0,
        0,
        0,
        0,
        0,
        0,
        0
      ]
    },
    {
      "command": "bun",
      "mean": 0.010080896300000001,
      "stddev": 0.00017791694196014622,
      "median": 0.0100122873,
      "user": 0.00790074,
      "system": 0.007662979999999998,
      "min": 0.0098847918,
      "max": 0.010362951800000002,
      "times": [
        0.0099985828,
        0.009963306800000002,
        0.0102970688,
        0.010025991800000002,
        0.0099452368,
        0.0103554568,
        0.010362951800000002,
        0.0098954328,
        0.0100801428,
        0.0098847918
      ],
      "exit_codes": [
        0,
        0,
        0,
        0,
        0,
        0,
        0,
        0,
        0,
        0
      ]
    },
    {
      "command": "deno",
      "mean": 0.041356473600000006,
      "stddev": 0.0006807027411434164,
      "median": 0.0412863983,
      "user": 0.02220064,
      "system": 0.023984879999999997,
      "min": 0.0403471618,
      "max": 0.04236900280000001,
      "times": [
        0.04163990580000001,
        0.04233314480000001,
        0.04236900280000001,
        0.04070139280000001,
        0.04197033680000001,
        0.0403471618,
        0.04067731980000001,
        0.040953674800000006,
        0.0415273748,
        0.0410454218
      ],
      "exit_codes": [
        0,
        0,
        0,
        0,
        0,
        0,
        0,
        0,
        0,
        0
      ]
    }
  ]
}