{
  "results": [
    {
      "command": "npm",
      "mean": 0.49719965524000004,
      "stddev": 0.0032378869775851206,
      "median": 0.49683682424,
      "user": 0.5468713,
      "system": 0.09761771999999999,
      "min": 0.49209148624,
      "max": 0.5028600762400001,
      "times": [
        0.49209148624,
        0.49703950824,
        0.49269739924,
        0.5028600762400001,
        0.49955001824,
        0.49636909924,
        0.49503851624,
        0.49912678024,
        0.49663414024,
        0.50058952824
      ],
      "exit_codes": [
        0,
        0,
        0,
        0,
        0,
        0,
        0,
        0,
        0,
        0
      ]
    },
    {
      "command": "yarn",
      "mean": 0.28725670474,
      "stddev": 0.0034115395001860136,
      "median": 0.28779967974,
      "user": 0.30469929999999995,
      "system": 0.06525932,
      "min": 0.28127690624,
      "max": 0.29419986224,
      "times": [
        0.28674660724,
        0.28888409624,
        0.28553909324,
        0.28523118524,
        0.28885275224,
        0.28363711924,
        0.28900766224,
        0.28919176324,
        0.28127690624,
        0.29419986224
      ],
      "exit_codes": [
        0,
        0,
        0,
        0,
        0,
        0,
        0,
        0,
        0,
        0
      ]
    },
    {
      "command": "berry",
      "mean": 0.71537429594,
      "stddev": 0.010499333382149022,
      "median": 0.71386470024,
      "user": 0.8214653999999999,
      "system": 0.13455471999999996,
      "min": 0.70037566724,
      "max": 0.73901406424,
      "times": [
        0.7219663952400001,
        0.72126415824,
        0.70845269724,
        0.70037566724,
        0.71742509524,
        0.70599372324,
        0.71030430524,
        0.7084327782400001,
        0.73901406424,
        0.72051407524
      ],
      "exit_codes": [
        0,
        0,
        0,
        0,
        0,
        0,
        0,
        0,
        0,
        0
      ]
    },
    {
      "command": "pnpm",
      "mean": 0.6900746333399999,
      "stddev": 0.024210911442485723,
      "median": 0.6790370667400001,
      "user": 0.7623787,
      "system": 0.12116452,
      "min": 0.66182785824,
      "max": 0.73798893824,
      "times": [
        0.67884921224,
        0.72745857924,
        0.67922492124,
        0.67086393824,
        0.6901789042400001,
        0.6724434072400001,
        0.70587612424,
        0.67603445024,
        0.73798893824,
        0.66182785824
      ],
      "exit_codes": [
        0,
        0,
        0,
        0,
        0,
        0,
        0,
        0,
        0,
        0
      ]
    },
    {
      "command": "vlt",
      "mean": 0.29741373444,
      "stddev": 0.002503328767595971,
      "median": 0.29777006124,
      "user": 0.31269089999999994,
      "system": 0.06560582,
      "min": 0.29254969024,
      "max": 0.30116692424,
      "times": [
        0.30038550624,
        0.29754100124,
        0.29483958224,
        0.29254969024,
        0.29956966424,
        0.30116692424,
        0.29799912124,
        0.29581426924,
        0.29620203624,
        0.29806954924
      ],
      "exit_codes": [
        0,
        0,
        0,
        0,
        0,
        0,
        0,
        0,
        0,
        0
      ]
    },
    {
      "command": "bun",
      "mean": 0.01014761834,
      "stddev": 0.00013511129498191461,
      "median": 0.010166150240000001,
      "user": 0.007981199999999999,
      "system": 0.007653520000000001,
      "min": 0.00992578124,
      "max": 0.01039332424,
      "times": [
        0.01022759124,
        0.01000006024,
        0.010281115240000001,
        0.01022287524,
        0.00992578124,
        0.010049413240000001,
        0.01015645624,
        0.01039332424,
        0.01004372224,
        0.01017584424
      ],
      "exit_codes": [
        0,
        0,
        0,
        0,
        0,
        0,
        0,
        0,
        0,
        0
      ]
    },
    {
      "command": "deno",
      "mean": 0.04085318234000001,
      "stddev": 0.0006488335972548666,
      "median": 0.04059845774,
      "user": 0.022496099999999998,
      "system": 0.02202152,
      "min": 0.040170261240000005,
      "max": 0.042514773240000005,
      "times": [
        0.040170261240000005,
        0.04126329724,
        0.040556508240000004,
        0.04064040724,
        0.042514773240000005,
        0.04037677724,
        0.04104202924,
        0.04108515824,
        0.04055395424,
        0.04032865724
      ],
      "exit_codes": [
        0,
        0,
        0,
        0,
        0,
        0,
        0,
        0,
        0,
        0
      ]
    }
  ]
}