{
  "results": [
    {
      "command": "npm",
      "mean": 0.5758070354000001,
      "stddev": 0.004715828926903273,
      "median": 0.5761874274000001,
      "user": 0.6394716200000001,
      "system": 0.10849718,
      "min": 0.5657032679,
      "max": 0.5832826529,
      "times": [
        0.5799009709,
        0.5657032679,
        0.5800886819000001,
        0.5731934639,
        0.5757406869,
        0.5778398679000001,
        0.5832826529,
        0.5766341679000001,
        0.5730750719000001,
        0.5726115219000001
      ],
      "exit_codes": [
        0,
        0,
        0,
        0,
        0,
        0,
        0,
        0,
        0,
        0
      ]
    },
    {
      "command": "yarn",
      "mean": 0.31642811330000004,
      "stddev": 0.003955954897319132,
      "median": 0.3160699509,
      "user": 0.3614580199999999,
      "system": 0.06736307999999999,
      "min": 0.31143919090000005,
      "max": 0.32367499590000004,
      "times": [
        0.31518954990000003,
        0.31309819390000004,
        0.31893264590000003,
        0.31695035190000004,
        0.31418540590000005,
        0.31143919090000005,
        0.31161212890000006,
        0.32200605290000006,
        0.31719261690000006,
        0.32367499590000004
      ],
      "exit_codes": [
        0,
        0,
        0,
        0,
        0,
        0,
        0,
        0,
        0,
        0
      ]
    },
    {
      "command": "berry",
      "mean": 1.1558101036,
      "stddev": 0.01832479184874999,
      "median": 1.1593912384,
      "user": 1.22765572,
      "system": 0.22119798,
      "min": 1.1247153699,
      "max": 1.1913349569,
      "times": [
        1.1506656379,
        1.1608147739,
        1.1357048299,
        1.1579677029,
        1.1377811479,
        1.1677646439,
        1.1247153699,
        1.1913349569,
        1.1639342609,
        1.1674177119
      ],
      "exit_codes": [
        0,
        0,
        0,
        0,
        0,
        0,
        0,
        0,
        0,
        0
      ]
    },
    {
      "command": "pnpm",
      "mean": 0.7796246090000001,
      "stddev": 0.015144104999517438,
      "median": 0.7796744374000001,
      "user": 0.81105222,
      "system": 0.12486738,
      "min": 0.7599836869000001,
      "max": 0.8111388519,
      "times": [
        0.7599836869000001,
        0.7933881059000001,
        0.7795887299,
        0.7843906919000001,
        0.7755923529000001,
        0.7797601449000001,
        0.7599992169,
        0.7879816979,
        0.7644226109000001,
        0.8111388519
      ],
      "exit_codes": [
        0,
        0,
        0,
        0,
        0,
        0,
        0,
        0,
        0,
        0
      ]
    },
    {
      "command": "vlt",
      "mean": 0.3237472964,
      "stddev": 0.004383876437544428,
      "median": 0.32518440290000006,
      "user": 0.3508162199999999,
      "system": 0.07260528000000001,
      "min": 0.31384785190000003,
      "max": 0.3280484229,
      "times": [
        0.3280462329,
        0.32440206890000006,
        0.32285713890000006,
        0.31384785190000003,
        0.31819013590000006,
        0.32723493490000005,
        0.3263175649,
        0.3225618759,
        0.32596673690000005,
        0.3280484229
      ],
      "exit_codes": [
        0,
        0,
        0,
        0,
        0,
        0,
        0,
        0,
        0,
        0
      ]
    },
    {
      "command": "bun",
      "mean": 0.012087576900000003,
      "stddev": 0.0007134254935500973,
      "median": 0.0118735669,
      "user": 0.00730992,
      "system": 0.01058458,
      "min": 0.011383291900000002,
      "max": 0.013536949900000001,
      "times": [
        0.011383291900000002,
        0.012106025900000001,
        0.013536949900000001,
        0.011622914900000001,
        0.011442754900000001,
        0.013292072900000002,
        0.012178830900000001,
        0.012011438900000001,
        0.011735694900000001,
        0.011565793900000001
      ],
      "exit_codes": [
        0,
        0,
        0,
        0,
        0,
        0,
        0,
        0,
        0,
        0
      ]
    },
    {
      "command": "deno",
      "mean": 0.1749350093,
      "stddev": 0.005406740407396827,
      "median": 0.1738510239,
      "user": 0.13917191999999998,
      "system": 0.05474618,
      "min": 0.1697596159,
      "max": 0.1900023839,
      "times": [
        0.1703937259,
        0.1742138009,
        0.1900023839,
        0.1734317649,
        0.1716710009,
        0.1762327919,
        0.1745115559,
        0.1697596159,
        0.1756452059,
        0.1734882469
      ],
      "exit_codes": [
        0,
        0,
        0,
        0,
        0,
        0,
        0,
        0,
        0,
        0
      ]
    }
  ]
}