{
  "results": [
    {
      "command": "npm",
      "mean": 24.86114929664,
      "stddev": 1.0706709372447654,
      "median": 24.86858573464,
      "user": 14.810430100000001,
      "system": 4.316578359999999,
      "min": 23.03022964714,
      "max": 26.89707618414,
      "times": [
        24.97128929314,
        24.76588217614,
        26.89707618414,
        25.19747603614,
        23.65010061914,
        23.03022964714,
        25.10907668814,
        24.24382299814,
        24.53719490514,
        26.20934441914
      ],
      "exit_codes": [
        0,
        0,
        0,
        0,
        0,
        0,
        0,
        0,
        0,
        0
      ]
    },
    {
      "command": "yarn",
      "mean": 18.427748964240003,
      "stddev": 0.7719300264757323,
      "median": 18.34769330764,
      "user": 18.0113973,
      "system": 8.254856660000002,
      "min": 17.56730884914,
      "max": 20.22604508414,
      "times": [
        17.57138322114,
        18.77903250914,
        18.35024223914,
        18.20077085114,
        17.63021819114,
        17.56730884914,
        19.07267904614,
        20.22604508414,
        18.34514437614,
        18.53466527514
      ],
      "exit_codes": [
        0,
        0,
        0,
        0,
        0,
        0,
        0,
        0,
        0,
        0
      ]
    },
    {
      "command": "berry",
      "mean": 6.38825408704,
      "stddev": 0.11526889957767225,
      "median": 6.33527423164,
      "user": 10.977163000000001,
      "system": 3.2523542599999997,
      "min": 6.27264409014,
      "max": 6.62564433114,
      "times": [
        6.33250710114,
        6.33112729014,
        6.49258067414,
        6.54722083114,
        6.28223456214,
        6.27264409014,
        6.33804136214,
        6.32196249814,
        6.62564433114,
        6.33857813014
      ],
      "exit_codes": [
        0,
        0,
        0,
        0,
        0,
        0,
        0,
        0,
        0,
        0
      ]
    },
    {
      "command": "pnpm",
      "mean": 4.710153489840001,
      "stddev": 0.15537408763547822,
      "median": 4.65105207664,
      "user": 6.6083282,
      "system": 2.40740196,
      "min": 4.55900892214,
      "max": 5.09299053214,
      "times": [
        4.65880182414,
        4.89776793514,
        4.58551754414,
        4.55900892214,
        5.09299053214,
        4.67143736814,
        4.62644078214,
        4.64330232914,
        4.7289374331400005,
        4.63733022814
      ],
      "exit_codes": [
        0,
        0,
        0,
        0,
        0,
        0,
        0,
        0,
        0,
        0
      ]
    },
    {
      "command": "vlt",
      "mean": 6.734539033740001,
      "stddev": 0.25802326147921656,
      "median": 6.79332079614,
      "user": 6.5034003,
      "system": 2.63266086,
      "min": 6.30871525114,
      "max": 7.16287382614,
      "times": [
        6.45218558714,
        6.83460892514,
        6.57040125214,
        6.75203266714,
        6.30871525114,
        6.91540592814,
        6.47308560514,
        6.94445209714,
        7.16287382614,
        6.9316291981400004
      ],
      "exit_codes": [
        0,
        0,
        0,
        0,
        0,
        0,
        0,
        0,
        0,
        0
      ]
    },
    {
      "command": "bun",
      "mean": 1.6241927291399996,
      "stddev": 0.09844194707742014,
      "median": 1.6262022601400001,
      "user": 1.9823522999999998,
      "system": 1.6779841599999998,
      "min": 1.49342353814,
      "max": 1.78678450014,
      "times": [
        1.49342353814,
        1.6689976241400002,
        1.5135423511400001,
        1.6339988061400001,
        1.78358187614,
        1.78678450014,
        1.52908593214,
        1.56259473214,
        1.6184057141400001,
        1.65151221714
      ],
      "exit_codes": [
        0,
        0,
        0,
        0,
        0,
        0,
        0,
        0,
        0,
        0
      ]
    },
    {
      "command": "deno",
      "mean": 15.039453120240003,
      "stddev": 1.4815724722104526,
      "median": 15.352525097640001,
      "user": 4.4162326,
      "system": 1.97015706,
      "min": 11.61288926214,
      "max": 16.609551433140002,
      "times": [
        15.14404348114,
        11.61288926214,
        15.08838160614,
        15.85677014014,
        16.124510291140002,
        14.89323145114,
        13.10483953614,
        16.39930728714,
        15.56100671414,
        16.609551433140002
      ],
      "exit_codes": [
        0,
        0,
        0,
        0,
        0,
        0,
        0,
        0,
        0,
        0
      ]
    }
  ]
}