{
  "results": [
    {
      "command": "npm",
      "mean": 0.5817524235800001,
      "stddev": 0.003370678126321538,
      "median": 0.5822425773800001,
      "user": 0.65163148,
      "system": 0.10183161999999998,
      "min": 0.5758170623800001,
      "max": 0.58704694438,
      "times": [
        0.5853068383800001,
        0.58409317138,
        0.5839893323800001,
        0.5797212583800001,
        0.5829028353800001,
        0.58704694438,
        0.5778179883800001,
        0.5758170623800001,
        0.5792464853800001,
        0.58158231938
      ],
      "exit_codes": [
        0,
        0,
        0,
        0,
        0,
        0,
        0,
        0,
        0,
        0
      ]
    },
    {
      "command": "yarn",
      "mean": 0.31546687368000004,
      "stddev": 0.004348470219271991,
      "median": 0.31499069688000003,
      "user": 0.36467237999999996,
      "system": 0.06414852,
      "min": 0.30753210538000003,
      "max": 0.32216923638,
      "times": [
        0.30753210538000003,
        0.31213265638000004,
        0.31661182038,
        0.31286085638,
        0.32216923638,
        0.32133262038000004,
        0.31263781138,
        0.31336957338000004,
        0.31906833438000004,
        0.31695372238
      ],
      "exit_codes": [
        0,
        0,
        0,
        0,
        0,
        0,
        0,
        0,
        0,
        0
      ]
    },
    {
      "command": "berry",
      "mean": 4.98649693238,
      "stddev": 0.23240112654988343,
      "median": 4.99522879438,
      "user": 8.715144479999998,
      "system": 2.8963669199999997,
      "min": 4.68348696138,
      "max": 5.41776837838,
      "times": [
        5.41776837838,
        4.68348696138,
        5.29595628738,
        4.82869077938,
        5.03737225338,
        4.75235232738,
        5.0466282283799995,
        4.73524740038,
        4.95308533538,
        5.11438137238
      ],
      "exit_codes": [
        0,
        0,
        0,
        0,
        0,
        0,
        0,
        0,
        0,
        0
      ]
    },
    {
      "command": "pnpm",
      "mean": 0.7641993721800002,
      "stddev": 0.03686173832721835,
      "median": 0.74911118988,
      "user": 0.83478128,
      "system": 0.14632951999999996,
      "min": 0.7263162863800001,
      "max": 0.8360909013800001,
      "times": [
        0.7445366303800001,
        0.7391512773800001,
        0.8290680843800001,
        0.7662425173800002,
        0.74284313438,
        0.7263162863800001,
        0.7731881303800001,
        0.7536857493800001,
        0.8360909013800001,
        0.7308710103800001
      ],
      "exit_codes": [
        0,
        0,
        0,
        0,
        0,
        0,
        0,
        0,
        0,
        0
      ]
    },
    {
      "command": "vlt",
      "mean": 0.31283065398,
      "stddev": 0.001975209528579912,
      "median": 0.31288436738000003,
      "user": 0.33257968,
      "system": 0.07065411999999999,
      "min": 0.30983601538,
      "max": 0.31575199138000004,
      "times": [
        0.31391172538,
        0.31144896838,
        0.31575199138000004,
        0.31505606538,
        0.30983601538,
        0.31495288438,
        0.31090612938,
        0.31067402538,
        0.31232860038000004,
        0.31344013438
      ],
      "exit_codes": [
        0,
        0,
        0,
        0,
        0,
        0,
        0,
        0,
        0,
        0
      ]
    },
    {
      "command": "bun",
      "mean": 0.011646236280000003,
      "stddev": 0.00009823547539911447,
      "median": 0.011646069880000002,
      "user": 0.00817748,
      "system": 0.00896312,
      "min": 0.01147972138,
      "max": 0.011815962380000001,
      "times": [
        0.01149511338,
        0.01171553438,
        0.011623993380000001,
        0.01162302938,
        0.01174164038,
        0.01147972138,
        0.01167867538,
        0.011668146380000001,
        0.011815962380000001,
        0.011620546380000001
      ],
      "exit_codes": [
        0,
        0,
        0,
        0,
        0,
        0,
        0,
        0,
        0,
        0
      ]
    },
    {
      "command": "deno",
      "mean": 0.25751690048,
      "stddev": 0.02247091548951643,
      "median": 0.25967379438000004,
      "user": 0.05012567999999999,
      "system": 0.03658952,
      "min": 0.21629732838000001,
      "max": 0.28521263938,
      "times": [
        0.28521263938,
        0.27398095438000003,
        0.27544130038000003,
        0.27629343638000003,
        0.21753021738,
        0.21629732838000001,
        0.25878798638,
        0.25227755338,
        0.25893209238000003,
        0.26041549638
      ],
      "exit_codes": [
        0,
        0,
        0,
        0,
        0,
        0,
        0,
        0,
        0,
        0
      ]
    }
  ]
}