{
  "results": [
    {
      "command": "npm",
      "mean": 4.557246162540001,
      "stddev": 0.361596587601808,
      "median": 4.58414273074,
      "user": 1.0707132599999998,
      "system": 0.16240978,
      "min": 4.00768003824,
      "max": 5.19367970724,
      "times": [
        4.66888406624,
        5.19367970724,
        4.83592449124,
        4.1965142682400005,
        4.76615971824,
        4.33761013624,
        4.00768003824,
        4.4994013952400005,
        4.156593888240001,
        4.9100139162400005
      ],
      "exit_codes": [
        0,
        0,
        0,
        0,
        0,
        0,
        0,
        0,
        0,
        0
      ]
    },
    {
      "command": "yarn",
      "mean": 10.96558875664,
      "stddev": 0.49396021996868555,
      "median": 10.94425534274,
      "user": 13.451188359999998,
      "system": 4.85642908,
      "min": 10.32516552624,
      "max": 12.14076231824,
      "times": [
        11.478955336239999,
        10.96172321924,
        10.95613624624,
        10.93237443924,
        10.50922192024,
        10.57484034424,
        10.96303360324,
        12.14076231824,
        10.81367461324,
        10.32516552624
      ],
      "exit_codes": [
        0,
        0,
        0,
        0,
        0,
        0,
        0,
        0,
        0,
        0
      ]
    },
    {
      "command": "berry",
      "mean": 3.00830431774,
      "stddev": 0.44898733159601656,
      "median": 2.8590849392400006,
      "user": 5.618845859999999,
      "system": 0.9426844800000002,
      "min": 2.78511981324,
      "max": 4.3484663362400005,
      "times": [
        2.89367346124,
        2.81748318724,
        2.94679322224,
        2.78511981324,
        2.90919118524,
        2.83226160224,
        2.8318844912400003,
        4.3484663362400005,
        2.8480650312400004,
        2.8701048472400004
      ],
      "exit_codes": [
        0,
        0,
        0,
        0,
        0,
        0,
        0,
        0,
        0,
        0
      ]
    },
    {
      "command": "pnpm",
      "mean": 2.25991640404,
      "stddev": 0.14887050922179204,
      "median": 2.2353437107400005,
      "user": 3.58180446,
      "system": 0.7582812800000001,
      "min": 2.06445521924,
      "max": 2.6190205862400004,
      "times": [
        2.26495803224,
        2.19734221224,
        2.6190205862400004,
        2.2183335572400003,
        2.1736489282400004,
        2.2869371982400004,
        2.2523538642400003,
        2.40346740424,
        2.06445521924,
        2.1186470382400002
      ],
      "exit_codes": [
        0,
        0,
        0,
        0,
        0,
        0,
        0,
        0,
        0,
        0
      ]
    },
    {
      "command": "vlt",
      "mean": 0.30639861894,
      "stddev": 0.0027633970098424826,
      "median": 0.30651335224,
      "user": 0.33589175999999993,
      "system": 0.05274698,
      "min": 0.30074220224000003,
      "max": 0.31048428224,
      "times": [
        0.30991445724,
        0.30744411324000004,
        0.30709916324000003,
        0.30592754124,
        0.31048428224,
        0.30533229424,
        0.30074220224000003,
        0.30342134324000003,
        0.30555167824,
        0.30806911424
      ],
      "exit_codes": [
        0,
        0,
        0,
        0,
        0,
        0,
        0,
        0,
        0,
        0
      ]
    },
    {
      "command": "bun",
      "mean": 1.17847422284,
      "stddev": 0.08780674811866775,
      "median": 1.1538426947399998,
      "user": 0.8319500599999999,
      "system": 0.57657198,
      "min": 1.07234336624,
      "max": 1.3659641122400001,
      "times": [
        1.2118670332400001,
        1.09667911624,
        1.09263672024,
        1.14140420724,
        1.07234336624,
        1.26601229224,
        1.13001867924,
        1.24153551924,
        1.3659641122400001,
        1.1662811822399999
      ],
      "exit_codes": [
        0,
        0,
        0,
        0,
        0,
        0,
        0,
        0,
        0,
        0
      ]
    },
    {
      "command": "deno",
      "mean": 6.88548007114,
      "stddev": 0.8343228665944007,
      "median": 6.607535220740001,
      "user": 1.59463486,
      "system": 0.26851768,
      "min": 6.16505572224,
      "max": 8.90870367324,
      "times": [
        6.69017471424,
        6.9339862422400005,
        8.90870367324,
        7.69316801424,
        6.16505572224,
        6.17595161024,
        6.3044854392400005,
        6.16537028724,
        7.293009281240001,
        6.5248957272400006
      ],
      "exit_codes": [
        0,
        0,
        0,
        0,
        0,
        0,
        0,
        0,
        0,
        0
      ]
    }
  ]
}