{
  "results": [
    {
      "command": "npm",
      "mean": 7.2225880027799985,
      "stddev": 1.0451503615806503,
      "median": 6.754448071280001,
      "user": 3.5493669000000003,
      "system": 1.14032358,
      "min": 6.398722455780001,
      "max": 10.10302519878,
      "times": [
        6.8453884057800005,
        10.10302519878,
        7.187710147780001,
        6.398722455780001,
        7.29089694678,
        7.863646480780001,
        6.663507736780001,
        6.606400116780001,
        6.6633102947800005,
        6.60327224378
      ],
      "exit_codes": [
        0,
        0,
        0,
        0,
        0,
        0,
        0,
        0,
        0,
        0
      ]
    },
    {
      "command": "yarn",
      "mean": 6.1902881053800005,
      "stddev": 0.4692828552264963,
      "median": 6.21904610078,
      "user": 6.6481978,
      "system": 2.50130518,
      "min": 5.69051438378,
      "max": 7.28125147178,
      "times": [
        7.28125147178,
        5.839870219780001,
        5.69845391578,
        6.20232750378,
        6.497324299780001,
        6.42379574878,
        5.69051438378,
        6.32206130878,
        5.711517503780001,
        6.2357646977800005
      ],
      "exit_codes": [
        0,
        0,
        0,
        0,
        0,
        0,
        0,
        0,
        0,
        0
      ]
    },
    {
      "command": "berry",
      "mean": 2.8899564185799997,
      "stddev": 0.11820374839065281,
      "median": 2.8745674062799997,
      "user": 4.2462385000000005,
      "system": 1.2450520799999998,
      "min": 2.76953068478,
      "max": 3.17321589678,
      "times": [
        2.78241343878,
        3.17321589678,
        2.91783222878,
        2.76953068478,
        2.78771336678,
        2.8448818557799997,
        2.79811553078,
        2.9336275657799997,
        2.90425295678,
        2.98798066078
      ],
      "exit_codes": [
        0,
        0,
        0,
        0,
        0,
        0,
        0,
        0,
        0,
        0
      ]
    },
    {
      "command": "pnpm",
      "mean": 1.56161944068,
      "stddev": 0.07159251771628809,
      "median": 1.5500477642800001,
      "user": 2.2528759999999997,
      "system": 0.6420636799999999,
      "min": 1.47502341478,
      "max": 1.68911493478,
      "times": [
        1.53623241678,
        1.5615557907800002,
        1.6801081097800001,
        1.53853973778,
        1.5618590687800002,
        1.4974961497800001,
        1.4786805877800002,
        1.68911493478,
        1.59758419578,
        1.47502341478
      ],
      "exit_codes": [
        0,
        0,
        0,
        0,
        0,
        0,
        0,
        0,
        0,
        0
      ]
    },
    {
      "command": "vlt",
      "mean": 3.2157647942800005,
      "stddev": 0.44068633999228707,
      "median": 3.16875473028,
      "user": 2.0021899000000003,
      "system": 0.75053118,
      "min": 2.5844016227799997,
      "max": 4.26663553178,
      "times": [
        2.84515632478,
        2.5844016227799997,
        3.24459197278,
        4.26663553178,
        3.33670943478,
        3.06482912678,
        2.88185552078,
        3.09291748778,
        3.25707492878,
        3.58347599178
      ],
      "exit_codes": [
        0,
        0,
        0,
        0,
        0,
        0,
        0,
        0,
        0,
        0
      ]
    },
    {
      "command": "bun",
      "mean": 0.5609341077799999,
      "stddev": 0.08033267988629654,
      "median": 0.55944262128,
      "user": 0.4475427999999999,
      "system": 0.36358548,
      "min": 0.47429998378000005,
      "max": 0.75936758678,
      "times": [
        0.53696262278,
        0.58192261978,
        0.59731472378,
        0.5875367137799999,
        0.75936758678,
        0.47551663278000006,
        0.50838795578,
        0.49942912478000007,
        0.47429998378000005,
        0.58860311378
      ],
      "exit_codes": [
        0,
        0,
        0,
        0,
        0,
        0,
        0,
        0,
        0,
        0
      ]
    },
    {
      "command": "deno",
      "mean": 3.2755618412800005,
      "stddev": 0.6155788943712686,
      "median": 3.2826445597799996,
      "user": 1.1755528000000002,
      "system": 0.47108838000000003,
      "min": 2.4446246127799998,
      "max": 4.2711799397800005,
      "times": [
        3.4897674257799998,
        3.4604305957799997,
        4.12387398578,
        3.10485852378,
        2.59305064578,
        4.2711799397800005,
        2.72886898778,
        2.4446246127799998,
        2.76250081778,
        3.77646287778
      ],
      "exit_codes": [
        0,
        0,
        0,
        0,
        0,
        0,
        0,
        0,
        0,
        0
      ]
    }
  ]
}