{
  "results": [
    {
      "command": "npm",
      "mean": 5.007964099800001,
      "stddev": 0.07829165209562192,
      "median": 4.9875485535,
      "user": 5.61426172,
      "system": 2.8307463600000005,
      "min": 4.902766395,
      "max": 5.148633396,
      "times": [
        4.933103595,
        4.935089764,
        5.059859271,
        4.902766395,
        5.048397543,
        4.997808932,
        5.116795377,
        5.148633396,
        4.977288175,
        4.95989855
      ],
      "exit_codes": [
        0,
        0,
        0,
        0,
        0,
        0,
        0,
        0,
        0,
        0
      ]
    },
    {
      "command": "yarn",
      "mean": 11.5598537417,
      "stddev": 0.1634307072226595,
      "median": 11.5903991935,
      "user": 15.857585320000002,
      "system": 8.321586459999999,
      "min": 11.295797618,
      "max": 11.853345254999999,
      "times": [
        11.393178455,
        11.295797618,
        11.354853124,
        11.573559153,
        11.631887551,
        11.853345254999999,
        11.629730320999998,
        11.727525741,
        11.607239234,
        11.531420964999999
      ],
      "exit_codes": [
        0,
        0,
        0,
        0,
        0,
        0,
        0,
        0,
        0,
        0
      ]
    },
    {
      "command": "berry",
      "mean": 5.2287940489,
      "stddev": 0.05827064873330303,
      "median": 5.237074045,
      "user": 8.851337819999998,
      "system": 3.10126066,
      "min": 5.144819222,
      "max": 5.3489775900000005,
      "times": [
        5.290307317,
        5.248290859,
        5.239747078,
        5.3489775900000005,
        5.204047415,
        5.144819222,
        5.2406660480000005,
        5.234401012,
        5.174712544,
        5.161971404
      ],
      "exit_codes": [
        0,
        0,
        0,
        0,
        0,
        0,
        0,
        0,
        0,
        0
      ]
    },
    {
      "command": "pnpm",
      "mean": 2.651306327300001,
      "stddev": 0.04164663854217438,
      "median": 2.6378876745,
      "user": 4.238051619999999,
      "system": 1.76563426,
      "min": 2.606345032,
      "max": 2.7146681160000004,
      "times": [
        2.646024966,
        2.617251437,
        2.614393996,
        2.606345032,
        2.648951772,
        2.7146681160000004,
        2.6151983220000004,
        2.629750383,
        2.7058931090000002,
        2.71458614
      ],
      "exit_codes": [
        0,
        0,
        0,
        0,
        0,
        0,
        0,
        0,
        0,
        0
      ]
    },
    {
      "command": "vlt",
      "mean": 2.8470161061000003,
      "stddev": 0.033964295248900045,
      "median": 2.840688741,
      "user": 3.8138411199999993,
      "system": 1.8831687599999998,
      "min": 2.79705292,
      "max": 2.9101368350000003,
      "times": [
        2.87061967,
        2.8959558000000003,
        2.8410055940000003,
        2.819154788,
        2.79705292,
        2.840371888,
        2.9101368350000003,
        2.8512783510000004,
        2.823991259,
        2.820593956
      ],
      "exit_codes": [
        0,
        0,
        0,
        0,
        0,
        0,
        0,
        0,
        0,
        0
      ]
    },
    {
      "command": "bun",
      "mean": 0.6644316048000001,
      "stddev": 0.0728954461608826,
      "median": 0.632405847,
      "user": 0.62503142,
      "system": 1.0868507600000001,
      "min": 0.6058672620000001,
      "max": 0.8631258940000001,
      "times": [
        0.6493265930000001,
        0.628186248,
        0.627990786,
        0.634782182,
        0.699863856,
        0.609218118,
        0.630029512,
        0.695925597,
        0.6058672620000001,
        0.8631258940000001
      ],
      "exit_codes": [
        0,
        0,
        0,
        0,
        0,
        0,
        0,
        0,
        0,
        0
      ]
    },
    {
      "command": "deno",
      "mean": 3.9211507170999993,
      "stddev": 0.2497329695232773,
      "median": 3.9494680675,
      "user": 2.34548372,
      "system": 1.7308815599999998,
      "min": 3.613840982,
      "max": 4.4037560650000005,
      "times": [
        3.9909470870000003,
        3.975675159,
        3.711259811,
        3.923260976,
        4.4037560650000005,
        3.613840982,
        4.233223010000001,
        3.687188457,
        3.638887382,
        4.0334682420000005
      ],
      "exit_codes": [
        0,
        0,
        0,
        0,
        0,
        0,
        0,
        0,
        0,
        0
      ]
    }
  ]
}