{
  "results": [
    {
      "command": "npm",
      "mean": 4.87166181368,
      "stddev": 1.2845892974307462,
      "median": 4.449134885079999,
      "user": 5.099773900000001,
      "system": 2.38912414,
      "min": 4.41899025858,
      "max": 8.725250689580001,
      "times": [
        4.4624681515799995,
        4.41899025858,
        4.44882021758,
        4.432182185579999,
        4.45015490658,
        4.433456510579999,
        8.725250689580001,
        4.43801186358,
        4.44944955258,
        4.45783380058
      ],
      "exit_codes": [
        0,
        0,
        0,
        0,
        0,
        0,
        0,
        0,
        0,
        0
      ]
    },
    {
      "command": "yarn",
      "mean": 11.21931126758,
      "stddev": 1.4392350463102683,
      "median": 10.74479018808,
      "user": 14.4038275,
      "system": 8.093595140000001,
      "min": 10.53927332158,
      "max": 15.51523376658,
      "times": [
        10.76737590658,
        10.729244748580001,
        10.65158977658,
        15.51523376658,
        11.10040268058,
        10.53927332158,
        10.61767124258,
        10.83893373058,
        10.67305187458,
        10.76033562758
      ],
      "exit_codes": [
        0,
        0,
        0,
        0,
        0,
        0,
        0,
        0,
        0,
        0
      ]
    },
    {
      "command": "berry",
      "mean": 5.222491045479999,
      "stddev": 0.0404710572199957,
      "median": 5.2017714995799995,
      "user": 8.902627299999999,
      "system": 3.08380394,
      "min": 5.185403551579999,
      "max": 5.30072063858,
      "times": [
        5.2169446615799995,
        5.19615771358,
        5.23356663658,
        5.20132745058,
        5.20221554858,
        5.19245982758,
        5.185403551579999,
        5.30072063858,
        5.29790052958,
        5.1982138965799995
      ],
      "exit_codes": [
        0,
        0,
        0,
        0,
        0,
        0,
        0,
        0,
        0,
        0
      ]
    },
    {
      "command": "pnpm",
      "mean": 2.50285821198,
      "stddev": 0.036294521107101976,
      "median": 2.49664075958,
      "user": 4.4335363,
      "system": 1.8316339399999997,
      "min": 2.46243035058,
      "max": 2.5775019875800003,
      "times": [
        2.4628949485800002,
        2.50457682658,
        2.50903582758,
        2.4887046925800003,
        2.48467320458,
        2.5775019875800003,
        2.51986704258,
        2.55080955858,
        2.46243035058,
        2.46808768058
      ],
      "exit_codes": [
        0,
        0,
        0,
        0,
        0,
        0,
        0,
        0,
        0,
        0
      ]
    },
    {
      "command": "vlt",
      "mean": 10.844596256380001,
      "stddev": 0.19738348132628286,
      "median": 10.83980431458,
      "user": 12.7686907,
      "system": 5.564109839999999,
      "min": 10.60846752658,
      "max": 11.276488565580001,
      "times": [
        11.276488565580001,
        10.81879470558,
        10.797197134580001,
        10.614413840580001,
        11.00225831558,
        10.87675371658,
        10.60846752658,
        10.62157596458,
        10.96919887058,
        10.86081392358
      ],
      "exit_codes": [
        0,
        0,
        0,
        0,
        0,
        0,
        0,
        0,
        0,
        0
      ]
    },
    {
      "command": "bun",
      "mean": 0.5872486031800002,
      "stddev": 0.008780062349330587,
      "median": 0.58816417608,
      "user": 0.7552057,
      "system": 1.08543164,
      "min": 0.5718533225800001,
      "max": 0.60223346458,
      "times": [
        0.5808686835800001,
        0.59820476158,
        0.5916573205800001,
        0.59126196758,
        0.5874879445800001,
        0.5718533225800001,
        0.58184240458,
        0.5888404075800001,
        0.60223346458,
        0.5782357545800001
      ],
      "exit_codes": [
        0,
        0,
        0,
        0,
        0,
        0,
        0,
        0,
        0,
        0
      ]
    },
    {
      "command": "deno",
      "mean": 3.09679493468,
      "stddev": 0.24089610820597473,
      "median": 3.0126006920800004,
      "user": 2.2923946,
      "system": 1.7724311399999997,
      "min": 2.93569521958,
      "max": 3.79636947958,
      "times": [
        3.79636947958,
        2.98750672658,
        2.93569521958,
        3.15126420358,
        2.99568066658,
        2.95402796258,
        3.02952071758,
        3.03022421358,
        3.09315723658,
        2.99450292058
      ],
      "exit_codes": [
        0,
        0,
        0,
        0,
        0,
        0,
        0,
        0,
        0,
        0
      ]
    }
  ]
}