{
  "results": [
    {
      "command": "npm",
      "mean": 4.624718532899999,
      "stddev": 0.058738934114432824,
      "median": 4.6232673876,
      "user": 5.36598952,
      "system": 2.4096473400000002,
      "min": 4.554653679099999,
      "max": 4.7732424821,
      "times": [
        4.5848299301,
        4.6280583861,
        4.554653679099999,
        4.6202685001,
        4.5760635331,
        4.6365797331,
        4.7732424821,
        4.664838062099999,
        4.6262662751,
        4.5823847481
      ],
      "exit_codes": [
        0,
        0,
        0,
        0,
        0,
        0,
        0,
        0,
        0,
        0
      ]
    },
    {
      "command": "yarn",
      "mean": 11.123078430900001,
      "stddev": 0.04505417715495186,
      "median": 11.136726737100002,
      "user": 14.87186562,
      "system": 8.202853039999999,
      "min": 11.0057328591,
      "max": 11.1759259611,
      "times": [
        11.0981086441,
        11.1759259611,
        11.119662659100001,
        11.1314344081,
        11.1051406581,
        11.1503564551,
        11.0057328591,
        11.1477007721,
        11.142019066100001,
        11.154702826100001
      ],
      "exit_codes": [
        0,
        0,
        0,
        0,
        0,
        0,
        0,
        0,
        0,
        0
      ]
    },
    {
      "command": "berry",
      "mean": 5.3032976165,
      "stddev": 0.06448364306431288,
      "median": 5.2896543841,
      "user": 8.97180492,
      "system": 3.12479964,
      "min": 5.2171467571,
      "max": 5.448153405099999,
      "times": [
        5.2689771490999995,
        5.2567774820999995,
        5.3018205551,
        5.2171467571,
        5.448153405099999,
        5.3084831030999995,
        5.3449217351,
        5.2774882131,
        5.2437637701,
        5.3654439951
      ],
      "exit_codes": [
        0,
        0,
        0,
        0,
        0,
        0,
        0,
        0,
        0,
        0
      ]
    },
    {
      "command": "pnpm",
      "mean": 2.5952250327,
      "stddev": 0.07266127929115486,
      "median": 2.5826341736,
      "user": 4.39733242,
      "system": 1.84049324,
      "min": 2.4862591951,
      "max": 2.7674535881,
      "times": [
        2.7674535881,
        2.6383275821,
        2.5756769711,
        2.5457121151,
        2.6342397081000004,
        2.5574168951000003,
        2.5895913761,
        2.4862591951,
        2.5397665291,
        2.6178063671
      ],
      "exit_codes": [
        0,
        0,
        0,
        0,
        0,
        0,
        0,
        0,
        0,
        0
      ]
    },
    {
      "command": "vlt",
      "mean": 13.5947541111,
      "stddev": 0.7996611606959939,
      "median": 13.935341366100001,
      "user": 15.409419119999999,
      "system": 6.38293474,
      "min": 12.206622342100001,
      "max": 14.4889142501,
      "times": [
        14.143559553100001,
        13.8596456171,
        14.3868159231,
        13.935341366100001,
        14.4889142501,
        12.578614121100001,
        12.206622342100001,
        14.0036466291,
        12.7496271981
      ],
      "exit_codes": [
        0,
        0,
        0,
        0,
        0,
        0,
        0,
        0,
        0
      ]
    },
    {
      "command": "bun",
      "mean": 0.6279903104000002,
      "stddev": 0.054081289818904574,
      "median": 0.5994377996000001,
      "user": 0.7411671200000001,
      "system": 1.13250764,
      "min": 0.5874772211000001,
      "max": 0.7527668591000001,
      "times": [
        0.5881943851000001,
        0.6004999361000001,
        0.7527668591000001,
        0.6006377931000001,
        0.5983756631000001,
        0.5874772211000001,
        0.5926773021000001,
        0.6790953691000001,
        0.5958104461000001,
        0.6843681291000001
      ],
      "exit_codes": [
        0,
        0,
        0,
        0,
        0,
        0,
        0,
        0,
        0,
        0
      ]
    },
    {
      "command": "deno",
      "mean": 3.4173822391999997,
      "stddev": 0.3360058205491869,
      "median": 3.3407732796,
      "user": 2.15454042,
      "system": 1.7016959399999998,
      "min": 3.0900215811000002,
      "max": 4.1716966011,
      "times": [
        3.3700247211,
        3.1838416001,
        3.4513499081,
        3.3296065101,
        3.0900215811000002,
        3.1946630011000003,
        3.9116496541,
        3.3519400491,
        4.1716966011,
        3.1190287661
      ],
      "exit_codes": [
        0,
        0,
        0,
        0,
        0,
        0,
        0,
        0,
        0,
        0
      ]
    }
  ]
}