{
  "results": [
    {
      "command": "npm",
      "mean": 5.79372722302,
      "stddev": 2.269695631858642,
      "median": 5.0356933359200005,
      "user": 5.685646419999999,
      "system": 2.8164912,
      "min": 4.98810293692,
      "max": 12.602240582919999,
      "times": [
        5.0326584179200005,
        5.0387282539200005,
        5.03955618092,
        5.03094950192,
        5.01314592592,
        5.01671063992,
        12.602240582919999,
        4.98810293692,
        5.09543796592,
        5.07974182392
      ],
      "exit_codes": [
        0,
        0,
        0,
        0,
        0,
        0,
        0,
        0,
        0,
        0
      ]
    },
    {
      "command": "yarn",
      "mean": 11.54840063192,
      "stddev": 0.9672771069268482,
      "median": 11.291116518419999,
      "user": 14.765603719999998,
      "system": 8.035666099999998,
      "min": 10.89341095292,
      "max": 14.417991211919999,
      "times": [
        11.276433793919999,
        11.309650738919999,
        11.33953817692,
        11.30579924292,
        14.417991211919999,
        11.05741881392,
        10.89341095292,
        11.41671832892,
        11.19787007792,
        11.269174980919999
      ],
      "exit_codes": [
        0,
        0,
        0,
        0,
        0,
        0,
        0,
        0,
        0,
        0
      ]
    },
    {
      "command": "berry",
      "mean": 5.23509082092,
      "stddev": 0.1677133707768194,
      "median": 5.17456809492,
      "user": 8.699295019999997,
      "system": 3.0521263999999997,
      "min": 5.09832805792,
      "max": 5.69031134192,
      "times": [
        5.33815997292,
        5.25557577092,
        5.10849509192,
        5.19861353692,
        5.13186778592,
        5.13958053592,
        5.15052265292,
        5.23945346192,
        5.69031134192,
        5.09832805792
      ],
      "exit_codes": [
        0,
        0,
        0,
        0,
        0,
        0,
        0,
        0,
        0,
        0
      ]
    },
    {
      "command": "pnpm",
      "mean": 2.78691669812,
      "stddev": 0.05867690874329491,
      "median": 2.7808067959200002,
      "user": 4.172605719999999,
      "system": 1.7261101,
      "min": 2.70030086692,
      "max": 2.92477357392,
      "times": [
        2.77744778892,
        2.81581472592,
        2.92477357392,
        2.80248944092,
        2.8245778349200004,
        2.73434985392,
        2.70030086692,
        2.76297890592,
        2.74226818692,
        2.78416580292
      ],
      "exit_codes": [
        0,
        0,
        0,
        0,
        0,
        0,
        0,
        0,
        0,
        0
      ]
    },
    {
      "command": "vlt",
      "mean": 2.66896997102,
      "stddev": 0.03055903723810825,
      "median": 2.66473683742,
      "user": 3.5347655200000005,
      "system": 1.7910895999999998,
      "min": 2.62002065992,
      "max": 2.7417295699200004,
      "times": [
        2.66621861392,
        2.62002065992,
        2.66325506092,
        2.64714470892,
        2.7417295699200004,
        2.65422033192,
        2.68337126092,
        2.65525228192,
        2.66683873892,
        2.6916484829200003
      ],
      "exit_codes": [
        0,
        0,
        0,
        0,
        0,
        0,
        0,
        0,
        0,
        0
      ]
    },
    {
      "command": "bun",
      "mean": 1.27453496522,
      "stddev": 1.4293091675995115,
      "median": 0.7615278384199999,
      "user": 0.66336712,
      "system": 1.0608239000000002,
      "min": 0.64510561192,
      "max": 5.53956631192,
      "times": [
        0.64510561192,
        0.91985455292,
        0.68341002992,
        1.18952482692,
        0.76040640192,
        0.72473921092,
        0.79239505192,
        5.53956631192,
        0.76264927492,
        0.72769837892
      ],
      "exit_codes": [
        0,
        0,
        0,
        0,
        0,
        0,
        0,
        0,
        0,
        0
      ]
    },
    {
      "command": "deno",
      "mean": 5.088923289919999,
      "stddev": 0.5558077815446104,
      "median": 4.96384307192,
      "user": 2.35692902,
      "system": 1.7289129999999997,
      "min": 4.24119794792,
      "max": 5.98238450892,
      "times": [
        4.24119794792,
        5.83440300692,
        4.46402974192,
        5.17643809592,
        4.93612378392,
        4.9915623599200005,
        4.88970614692,
        5.98238450892,
        4.67347415792,
        5.69991314892
      ],
      "exit_codes": [
        0,
        0,
        0,
        0,
        0,
        0,
        0,
        0,
        0,
        0
      ]
    }
  ]
}