{
  "results": [
    {
      "command": "npm",
      "mean": 5.08763365454,
      "stddev": 0.020852539720923775,
      "median": 5.08172312854,
      "user": 5.708723999999999,
      "system": 2.8433370600000005,
      "min": 5.06664858104,
      "max": 5.12659032804,
      "times": [
        5.068706253039999,
        5.12115250104,
        5.08320807104,
        5.07201879604,
        5.085894318039999,
        5.12659032804,
        5.06664858104,
        5.08023818604,
        5.10299352904,
        5.068885982039999
      ],
      "exit_codes": [
        0,
        0,
        0,
        0,
        0,
        0,
        0,
        0,
        0,
        0
      ]
    },
    {
      "command": "yarn",
      "mean": 11.22717455644,
      "stddev": 0.047403091142395985,
      "median": 11.24537298504,
      "user": 14.790762599999999,
      "system": 8.11471286,
      "min": 11.125572243039999,
      "max": 11.28782188504,
      "times": [
        11.125572243039999,
        11.16689891904,
        11.23534088504,
        11.256415173039999,
        11.28782188504,
        11.25825465304,
        11.26484284004,
        11.25540508504,
        11.20102935304,
        11.22016452804
      ],
      "exit_codes": [
        0,
        0,
        0,
        0,
        0,
        0,
        0,
        0,
        0,
        0
      ]
    },
    {
      "command": "berry",
      "mean": 5.26221204044,
      "stddev": 0.039394466937064034,
      "median": 5.27522689904,
      "user": 8.864342800000001,
      "system": 3.10489176,
      "min": 5.1729348990399995,
      "max": 5.31587637404,
      "times": [
        5.274800035039999,
        5.31587637404,
        5.22163976604,
        5.29763882504,
        5.25537578604,
        5.275653763039999,
        5.1729348990399995,
        5.24160900304,
        5.28914333904,
        5.27744861404
      ],
      "exit_codes": [
        0,
        0,
        0,
        0,
        0,
        0,
        0,
        0,
        0,
        0
      ]
    },
    {
      "command": "pnpm",
      "mean": 2.82931245744,
      "stddev": 0.11642914114533201,
      "median": 2.8120796820400003,
      "user": 4.1472893,
      "system": 1.7507576599999997,
      "min": 2.69687216904,
      "max": 3.07304595404,
      "times": [
        2.7313144790400004,
        2.80816581304,
        2.75828385804,
        2.81608870704,
        3.07304595404,
        2.69687216904,
        2.87038982804,
        2.81599355104,
        3.00185138804,
        2.72111882704
      ],
      "exit_codes": [
        0,
        0,
        0,
        0,
        0,
        0,
        0,
        0,
        0,
        0
      ]
    },
    {
      "command": "vlt",
      "mean": 2.7327041204400007,
      "stddev": 0.024039759527271203,
      "median": 2.73708056054,
      "user": 3.6177757,
      "system": 1.82175336,
      "min": 2.6879913170400003,
      "max": 2.7738799860400003,
      "times": [
        2.69854340904,
        2.75957069904,
        2.7738799860400003,
        2.74039794204,
        2.73791516104,
        2.72736608104,
        2.72672500004,
        2.73624596004,
        2.73840564904,
        2.6879913170400003
      ],
      "exit_codes": [
        0,
        0,
        0,
        0,
        0,
        0,
        0,
        0,
        0,
        0
      ]
    },
    {
      "command": "bun",
      "mean": 0.66207260664,
      "stddev": 0.055442913910123924,
      "median": 0.65285417954,
      "user": 0.6827501,
      "system": 1.1007668599999998,
      "min": 0.5994520830400001,
      "max": 0.77239230004,
      "times": [
        0.60834062404,
        0.77239230004,
        0.5994520830400001,
        0.68380977304,
        0.63883262704,
        0.61648483004,
        0.67653293804,
        0.74170828404,
        0.6162968750400001,
        0.6668757320400001
      ],
      "exit_codes": [
        0,
        0,
        0,
        0,
        0,
        0,
        0,
        0,
        0,
        0
      ]
    },
    {
      "command": "deno",
      "mean": 4.13615921744,
      "stddev": 0.4883349134614168,
      "median": 4.1101535260399995,
      "user": 2.5107230999999994,
      "system": 1.7663479599999996,
      "min": 3.44495798904,
      "max": 5.211456935039999,
      "times": [
        3.44495798904,
        4.21797726204,
        3.69290636304,
        5.211456935039999,
        4.5415812100399995,
        4.42695988704,
        3.72004676304,
        4.26762268004,
        3.8357532950400004,
        4.002329790039999
      ],
      "exit_codes": [
        0,
        0,
        0,
        0,
        0,
        0,
        0,
        0,
        0,
        0
      ]
    }
  ]
}