{
  "results": [
    {
      "command": "npm",
      "mean": 5.19177574622,
      "stddev": 0.027364445345342193,
      "median": 5.197496795719999,
      "user": 6.032478319999999,
      "system": 2.9950802799999994,
      "min": 5.14319935272,
      "max": 5.24221329772,
      "times": [
        5.14319935272,
        5.21224068272,
        5.19323450872,
        5.20175908272,
        5.1797526847199995,
        5.24221329772,
        5.20895410072,
        5.17774764672,
        5.20296679072,
        5.15568931472
      ],
      "exit_codes": [
        0,
        0,
        0,
        0,
        0,
        0,
        0,
        0,
        0,
        0
      ]
    },
    {
      "command": "yarn",
      "mean": 11.98411625452,
      "stddev": 0.2003029760078877,
      "median": 11.94222000022,
      "user": 16.561385120000004,
      "system": 8.677446080000001,
      "min": 11.78042264872,
      "max": 12.34675045572,
      "times": [
        11.97243638572,
        11.78042264872,
        11.78732310272,
        11.95951824472,
        11.81906057572,
        11.92492175572,
        11.80854194172,
        12.34675045572,
        12.30728770272,
        12.13489973172
      ],
      "exit_codes": [
        0,
        0,
        0,
        0,
        0,
        0,
        0,
        0,
        0,
        0
      ]
    },
    {
      "command": "berry",
      "mean": 5.5711224795200005,
      "stddev": 0.07682084595760874,
      "median": 5.544974101719999,
      "user": 9.412029119999998,
      "system": 3.19409348,
      "min": 5.50490316772,
      "max": 5.78158327372,
      "times": [
        5.52971637272,
        5.56885496372,
        5.5431791407199995,
        5.59192114172,
        5.60544325672,
        5.53140326372,
        5.54676906272,
        5.50745115172,
        5.78158327372,
        5.50490316772
      ],
      "exit_codes": [
        0,
        0,
        0,
        0,
        0,
        0,
        0,
        0,
        0,
        0
      ]
    },
    {
      "command": "zpm",
      "mean": 1.5296493953199999,
      "stddev": 0.1623504596037593,
      "median": 1.4807548817199998,
      "user": 1.07024572,
      "system": 0.9054769799999999,
      "min": 1.25938234772,
      "max": 1.82487110472,
      "times": [
        1.82487110472,
        1.47852622272,
        1.78084585872,
        1.6084513357199999,
        1.25938234772,
        1.39457413072,
        1.54852099472,
        1.4809293827199999,
        1.43981219472,
        1.48058038072
      ],
      "exit_codes": [
        0,
        0,
        0,
        0,
        0,
        0,
        0,
        0,
        0,
        0
      ]
    },
    {
      "command": "pnpm",
      "mean": 3.30987762392,
      "stddev": 0.6844171649125144,
      "median": 2.9916493167200002,
      "user": 4.327956219999999,
      "system": 1.70720228,
      "min": 2.66350279772,
      "max": 4.50195566072,
      "times": [
        2.66350279772,
        3.61702519872,
        2.73659978372,
        3.74494176872,
        2.69991584772,
        2.70499328572,
        4.50195566072,
        2.97342223272,
        4.44654326272,
        3.00987640072
      ],
      "exit_codes": [
        0,
        0,
        0,
        0,
        0,
        0,
        0,
        0,
        0,
        0
      ]
    },
    {
      "command": "vlt",
      "mean": 3.20398307492,
      "stddev": 0.45930639274611795,
      "median": 2.9340756837199997,
      "user": 3.905056319999999,
      "system": 1.8837465799999997,
      "min": 2.87955969872,
      "max": 4.2893105687199995,
      "times": [
        2.94383982872,
        2.90019645672,
        4.2893105687199995,
        2.9012954457199998,
        2.88597176672,
        3.35455953172,
        2.92431153872,
        3.14870693472,
        3.81207897872,
        2.87955969872
      ],
      "exit_codes": [
        0,
        0,
        0,
        0,
        0,
        0,
        0,
        0,
        0,
        0
      ]
    },
    {
      "command": "bun",
      "mean": 1.01058687222,
      "stddev": 0.8149015193330843,
      "median": 0.6489622262200001,
      "user": 0.72994392,
      "system": 1.0460395799999997,
      "min": 0.60309017172,
      "max": 3.34561827872,
      "times": [
        0.6036789547200001,
        0.63071200772,
        1.4425167267199999,
        0.76533986072,
        0.60487450072,
        0.6421688617200001,
        0.6557555907200001,
        3.34561827872,
        0.60309017172,
        0.8121137687200001
      ],
      "exit_codes": [
        0,
        0,
        0,
        0,
        0,
        0,
        0,
        0,
        0,
        0
      ]
    },
    {
      "command": "deno",
      "mean": 2.77500195642,
      "stddev": 0.5590863462025708,
      "median": 2.57669013172,
      "user": 1.2465442199999999,
      "system": 1.42016758,
      "min": 2.12827218372,
      "max": 3.80834455472,
      "times": [
        2.67475065072,
        2.60013657072,
        2.37872611472,
        2.12827218372,
        3.10586842172,
        2.3995721677199997,
        3.7543292517199998,
        2.5532436927199997,
        2.34677595572,
        3.80834455472
      ],
      "exit_codes": [
        0,
        0,
        0,
        0,
        0,
        0,
        0,
        0,
        0,
        0
      ]
    }
  ]
}