{
  "results": [
    {
      "command": "npm",
      "mean": 1.4775411983200002,
      "stddev": 0.022727929093703678,
      "median": 1.4724842314200002,
      "user": 1.5414293999999997,
      "system": 0.6432815799999999,
      "min": 1.45220299592,
      "max": 1.5140056739200003,
      "times": [
        1.4552065899200002,
        1.5140056739200003,
        1.5122087089200003,
        1.46757958892,
        1.48594420292,
        1.4594791899200001,
        1.47738887392,
        1.45220299592,
        1.4979504549200002,
        1.4534457039200002
      ],
      "exit_codes": [
        0,
        0,
        0,
        0,
        0,
        0,
        0,
        0,
        0,
        0
      ]
    },
    {
      "command": "yarn",
      "mean": 4.011057480820001,
      "stddev": 0.05249780202736828,
      "median": 4.008730976920001,
      "user": 5.921916,
      "system": 2.28570128,
      "min": 3.92435175092,
      "max": 4.12231467092,
      "times": [
        4.0142946019200005,
        3.95388536392,
        3.9996319099199997,
        4.03272291892,
        4.12231467092,
        4.04183098992,
        4.00316735192,
        4.04639532392,
        3.92435175092,
        3.9719799259200004
      ],
      "exit_codes": [
        0,
        0,
        0,
        0,
        0,
        0,
        0,
        0,
        0,
        0
      ]
    },
    {
      "command": "berry",
      "mean": 2.4802434299200002,
      "stddev": 0.035889638867575686,
      "median": 2.47702135742,
      "user": 3.708961,
      "system": 1.1531289800000002,
      "min": 2.42301701592,
      "max": 2.5543807659200004,
      "times": [
        2.4702218249200003,
        2.5543807659200004,
        2.52338322692,
        2.47427803192,
        2.45341948592,
        2.49542272392,
        2.4823306509200003,
        2.42301701592,
        2.47976468292,
        2.44621588992
      ],
      "exit_codes": [
        0,
        0,
        0,
        0,
        0,
        0,
        0,
        0,
        0,
        0
      ]
    },
    {
      "command": "pnpm",
      "mean": 1.2385066347200002,
      "stddev": 0.050750069898935726,
      "median": 1.2592306179200001,
      "user": 1.6649531,
      "system": 0.5021000799999998,
      "min": 1.16531157292,
      "max": 1.33531018092,
      "times": [
        1.1782712649200002,
        1.21628553092,
        1.33531018092,
        1.26485132592,
        1.16531157292,
        1.2627977409200002,
        1.17604158692,
        1.2677359079200001,
        1.2575167149200002,
        1.26094452092
      ],
      "exit_codes": [
        0,
        0,
        0,
        0,
        0,
        0,
        0,
        0,
        0,
        0
      ]
    },
    {
      "command": "vlt",
      "mean": 0.9558836675200002,
      "stddev": 0.07396520909963804,
      "median": 0.9354486964200001,
      "user": 1.0982634,
      "system": 0.44127908000000005,
      "min": 0.91523422592,
      "max": 1.1746752629200001,
      "times": [
        0.92433439892,
        0.9354589239200001,
        0.9179846449200001,
        0.91595208992,
        0.93543846892,
        0.95269565592,
        0.94573006892,
        0.94133293492,
        0.91523422592,
        1.1746752629200001
      ],
      "exit_codes": [
        0,
        0,
        0,
        0,
        0,
        0,
        0,
        0,
        0,
        0
      ]
    },
    {
      "command": "bun",
      "mean": 0.38085472462,
      "stddev": 0.0885345263487509,
      "median": 0.35137655692,
      "user": 0.20932559999999997,
      "system": 0.22455108,
      "min": 0.26714179792,
      "max": 0.5501126389200001,
      "times": [
        0.35528745192,
        0.5501126389200001,
        0.26714179792,
        0.29106699392,
        0.29630352792000003,
        0.44618754292,
        0.41120466792,
        0.34746566192,
        0.34682696892000003,
        0.49694999392
      ],
      "exit_codes": [
        0,
        0,
        0,
        0,
        0,
        0,
        0,
        0,
        0,
        0
      ]
    },
    {
      "command": "deno",
      "mean": 3.71024527872,
      "stddev": 0.34987368936468743,
      "median": 3.5949090199200002,
      "user": 0.8255248999999999,
      "system": 0.43233198,
      "min": 3.26477643192,
      "max": 4.4860163569200004,
      "times": [
        3.82175006192,
        3.5319332609200003,
        3.9740331549200003,
        3.41078783292,
        3.6550543169200003,
        3.53476372292,
        4.4860163569200004,
        4.01705510092,
        3.40628254692,
        3.26477643192
      ],
      "exit_codes": [
        0,
        0,
        0,
        0,
        0,
        0,
        0,
        0,
        0,
        0
      ]
    }
  ]
}