{
  "results": [
    {
      "command": "npm",
      "mean": 0.60538525834,
      "stddev": 0.004380146865904446,
      "median": 0.6043064947400001,
      "user": 0.6788264999999999,
      "system": 0.11205348,
      "min": 0.59836081224,
      "max": 0.61389943324,
      "times": [
        0.6020195632399999,
        0.60437877224,
        0.60976925724,
        0.60814934124,
        0.60849377024,
        0.60423421724,
        0.60275904324,
        0.60178837324,
        0.59836081224,
        0.61389943324
      ],
      "exit_codes": [
        0,
        0,
        0,
        0,
        0,
        0,
        0,
        0,
        0,
        0
      ]
    },
    {
      "command": "yarn",
      "mean": 0.30701893414,
      "stddev": 0.006305567184729339,
      "median": 0.30630903774,
      "user": 0.3396566,
      "system": 0.06445827999999999,
      "min": 0.30054476824000004,
      "max": 0.32380038424,
      "times": [
        0.30285335324,
        0.30726944224,
        0.30721849224000003,
        0.30660438624,
        0.30054476824000004,
        0.30206538024,
        0.31083854724000004,
        0.32380038424,
        0.30298089824,
        0.30601368924
      ],
      "exit_codes": [
        0,
        0,
        0,
        0,
        0,
        0,
        0,
        0,
        0,
        0
      ]
    },
    {
      "command": "berry",
      "mean": 3.4473284897399994,
      "stddev": 0.16297279855495103,
      "median": 3.4081559642399997,
      "user": 6.6747688,
      "system": 1.76866438,
      "min": 3.32444969524,
      "max": 3.91056189024,
      "times": [
        3.3285888182399996,
        3.3425934542399998,
        3.3769675382399997,
        3.32444969524,
        3.91056189024,
        3.49481555824,
        3.4245631732399997,
        3.45443284124,
        3.4097405522399997,
        3.40657137624
      ],
      "exit_codes": [
        0,
        0,
        0,
        0,
        0,
        0,
        0,
        0,
        0,
        0
      ]
    },
    {
      "command": "pnpm",
      "mean": 0.7022746128399999,
      "stddev": 0.012156643305726592,
      "median": 0.69908150874,
      "user": 0.877938,
      "system": 0.16184638,
      "min": 0.68721961524,
      "max": 0.72595505424,
      "times": [
        0.72160355424,
        0.70623154824,
        0.69411442324,
        0.69478644224,
        0.70458985424,
        0.72595505424,
        0.70051327724,
        0.68721961524,
        0.69008261924,
        0.69764974024
      ],
      "exit_codes": [
        0,
        0,
        0,
        0,
        0,
        0,
        0,
        0,
        0,
        0
      ]
    },
    {
      "command": "vlt",
      "mean": 0.3299759910400001,
      "stddev": 0.00826395694842837,
      "median": 0.32765337824,
      "user": 0.36252639999999997,
      "system": 0.07651437999999999,
      "min": 0.31918468324000004,
      "max": 0.34055045324000005,
      "times": [
        0.33866137124,
        0.32702985724,
        0.32451220924,
        0.34055045324000005,
        0.32216092024000004,
        0.32827689924000003,
        0.33968257224000004,
        0.33940239224,
        0.31918468324000004,
        0.32029855224000003
      ],
      "exit_codes": [
        0,
        0,
        0,
        0,
        0,
        0,
        0,
        0,
        0,
        0
      ]
    },
    {
      "command": "bun",
      "mean": 0.01410499194,
      "stddev": 0.0004619771299430418,
      "median": 0.01394252924,
      "user": 0.009626299999999999,
      "system": 0.01014558,
      "min": 0.013764567240000001,
      "max": 0.01543690324,
      "times": [
        0.01543690324,
        0.01388608324,
        0.013933674239999999,
        0.013965730240000002,
        0.013764567240000001,
        0.014179298240000002,
        0.014192180240000001,
        0.01395138424,
        0.013853127240000002,
        0.01388697124
      ],
      "exit_codes": [
        0,
        0,
        0,
        0,
        0,
        0,
        0,
        0,
        0,
        0
      ]
    },
    {
      "command": "deno",
      "mean": 0.14146680744,
      "stddev": 0.013632611614886412,
      "median": 0.13639504824,
      "user": 0.0283721,
      "system": 0.028364479999999997,
      "min": 0.12836693024,
      "max": 0.17141954224000003,
      "times": [
        0.16084632224,
        0.13053204324,
        0.14397263824,
        0.13182665524,
        0.17141954224000003,
        0.14039009224000001,
        0.13113881724,
        0.14377502924000002,
        0.12836693024,
        0.13240000424
      ],
      "exit_codes": [
        0,
        0,
        0,
        0,
        0,
        0,
        0,
        0,
        0,
        0
      ]
    }
  ]
}