{
  "results": [
    {
      "command": "npm",
      "mean": 0.31207174684000005,
      "stddev": 0.08160318848581441,
      "median": 0.29083568674000004,
      "user": 0.36128335999999994,
      "system": 0.058808719999999995,
      "min": 0.21763100624000004,
      "max": 0.45080997624,
      "times": [
        0.23046444824000004,
        0.22789078024000003,
        0.21763100624000004,
        0.29034555324000005,
        0.43180346124,
        0.31198381024000005,
        0.39925846724,
        0.45080997624,
        0.26920414524,
        0.29132582024000003
      ],
      "exit_codes": [
        0,
        0,
        0,
        0,
        0,
        0,
        0,
        0,
        0,
        0
      ]
    },
    {
      "command": "yarn",
      "mean": 0.15497822814,
      "stddev": 0.01600892398064358,
      "median": 0.15028810574,
      "user": 0.16627096,
      "system": 0.031698920000000005,
      "min": 0.13710345324000003,
      "max": 0.18209127924000001,
      "times": [
        0.13887807224,
        0.15041434824000002,
        0.17926563424000003,
        0.16064357624000003,
        0.18209127924000001,
        0.16898501424000004,
        0.15016186324000003,
        0.13995804024000003,
        0.14228100024,
        0.13710345324000003
      ],
      "exit_codes": [
        0,
        0,
        0,
        0,
        0,
        0,
        0,
        0,
        0,
        0
      ]
    },
    {
      "command": "berry",
      "mean": 1.10739798454,
      "stddev": 0.06061939588684928,
      "median": 1.08392188974,
      "user": 1.91499956,
      "system": 0.48691812,
      "min": 1.02921929324,
      "max": 1.20829448524,
      "times": [
        1.02921929324,
        1.08869482824,
        1.18410912324,
        1.05700639224,
        1.04858345624,
        1.20829448524,
        1.1837105212399999,
        1.1241475942399999,
        1.0791489512399999,
        1.0710652002399998
      ],
      "exit_codes": [
        0,
        0,
        0,
        0,
        0,
        0,
        0,
        0,
        0,
        0
      ]
    },
    {
      "command": "pnpm",
      "mean": 0.34243462424000004,
      "stddev": 0.028408279814450065,
      "median": 0.33547844024000006,
      "user": 0.36538366,
      "system": 0.06591082000000001,
      "min": 0.30926150024000004,
      "max": 0.40003547724000005,
      "times": [
        0.40003547724000005,
        0.32547568924000003,
        0.34760379724,
        0.31639103824000003,
        0.32036757824,
        0.30926150024000004,
        0.34093691424000006,
        0.34716927424000005,
        0.33001996624,
        0.38708500724000006
      ],
      "exit_codes": [
        0,
        0,
        0,
        0,
        0,
        0,
        0,
        0,
        0,
        0
      ]
    },
    {
      "command": "vlt",
      "mean": 0.29672772974000006,
      "stddev": 0.019471806913091343,
      "median": 0.29202242424,
      "user": 0.28971256,
      "system": 0.055511319999999996,
      "min": 0.26862119024000003,
      "max": 0.33530826724,
      "times": [
        0.28601180024000006,
        0.29366605224000003,
        0.31209253324,
        0.29729725424000003,
        0.33530826724,
        0.28315583724000004,
        0.26862119024000003,
        0.32160239224000003,
        0.29037879624,
        0.27914317424
      ],
      "exit_codes": [
        0,
        0,
        0,
        0,
        0,
        0,
        0,
        0,
        0,
        0
      ]
    },
    {
      "command": "bun",
      "mean": 0.00450815714,
      "stddev": 0.00033318844327030614,
      "median": 0.00445100474,
      "user": 0.005260859999999999,
      "system": 0.00210356,
      "min": 0.00417798024,
      "max": 0.005136857240000001,
      "times": [
        0.00443231324,
        0.00450388824,
        0.00417798024,
        0.005136857240000001,
        0.00446969624,
        0.00418741624,
        0.00456428724,
        0.004290757240000001,
        0.004212138240000001,
        0.00510623724
      ],
      "exit_codes": [
        0,
        0,
        0,
        0,
        0,
        0,
        0,
        0,
        0,
        0
      ]
    },
    {
      "command": "deno",
      "mean": 0.02402568554,
      "stddev": 0.008213279626631155,
      "median": 0.021434142240000002,
      "user": 0.01310586,
      "system": 0.01072332,
      "min": 0.019478216240000002,
      "max": 0.04844583924,
      "times": [
        0.020263007240000002,
        0.04844583924,
        0.021046157240000002,
        0.02257826224,
        0.02284263924,
        0.019478216240000002,
        0.02127684824,
        0.02267293624,
        0.02159143624,
        0.020061513240000002
      ],
      "exit_codes": [
        0,
        0,
        0,
        0,
        0,
        0,
        0,
        0,
        0,
        0
      ]
    }
  ]
}