{
  "results": [
    {
      "command": "npm",
      "mean": 0.2755452553400001,
      "stddev": 0.02337077721813782,
      "median": 0.2700715880400001,
      "user": 0.3185651399999999,
      "system": 0.052606379999999994,
      "min": 0.24876128954,
      "max": 0.33985502454000005,
      "times": [
        0.26026825654,
        0.24876128954,
        0.26982120154000006,
        0.27817066854000005,
        0.27032197454000007,
        0.26825714754,
        0.28483014254000005,
        0.26298065654,
        0.27218619154000007,
        0.33985502454000005
      ],
      "exit_codes": [
        0,
        0,
        0,
        0,
        0,
        0,
        0,
        0,
        0,
        0
      ]
    },
    {
      "command": "yarn",
      "mean": 0.16716823164,
      "stddev": 0.013332984646430953,
      "median": 0.16552785954,
      "user": 0.18007833999999998,
      "system": 0.04827418,
      "min": 0.14967937054,
      "max": 0.19256183654,
      "times": [
        0.16468939854,
        0.19256183654,
        0.18299058754,
        0.15250820754,
        0.17371082554,
        0.16636632054,
        0.17569646254000001,
        0.15343120254,
        0.16004810454,
        0.14967937054
      ],
      "exit_codes": [
        0,
        0,
        0,
        0,
        0,
        0,
        0,
        0,
        0,
        0
      ]
    },
    {
      "command": "berry",
      "mean": 2.7372893164400005,
      "stddev": 0.28528077102796817,
      "median": 2.6553223840399998,
      "user": 3.8980086399999996,
      "system": 1.6240481800000002,
      "min": 2.45238722454,
      "max": 3.41744598754,
      "times": [
        2.60112654754,
        2.71178295654,
        2.5508888055399996,
        3.0533146205399997,
        3.41744598754,
        2.47521742054,
        2.84912602154,
        2.45238722454,
        2.7095182205399997,
        2.55208535954
      ],
      "exit_codes": [
        0,
        0,
        0,
        0,
        0,
        0,
        0,
        0,
        0,
        0
      ]
    },
    {
      "command": "pnpm",
      "mean": 0.37365474584,
      "stddev": 0.04519116801106109,
      "median": 0.36025867304000003,
      "user": 0.3893206399999999,
      "system": 0.06894517999999998,
      "min": 0.33924952254000007,
      "max": 0.50267245654,
      "times": [
        0.38984548354000004,
        0.37264857554,
        0.34362848954,
        0.50267245654,
        0.36485376054000007,
        0.35819850354000005,
        0.3623188425400001,
        0.33924952254000007,
        0.35352939554000007,
        0.34960242854000007
      ],
      "exit_codes": [
        0,
        0,
        0,
        0,
        0,
        0,
        0,
        0,
        0,
        0
      ]
    },
    {
      "command": "vlt",
      "mean": 0.37771926744000006,
      "stddev": 0.05613940303612536,
      "median": 0.36160567854000003,
      "user": 0.34863473999999994,
      "system": 0.08805117999999999,
      "min": 0.34603182154000006,
      "max": 0.5442949785400001,
      "times": [
        0.5442949785400001,
        0.3550003305400001,
        0.35807027854000006,
        0.34794847354,
        0.36514107854000005,
        0.35351150254,
        0.3697389145400001,
        0.36690834054000004,
        0.34603182154000006,
        0.37054695554000006
      ],
      "exit_codes": [
        0,
        0,
        0,
        0,
        0,
        0,
        0,
        0,
        0,
        0
      ]
    },
    {
      "command": "bun",
      "mean": 0.007521524640000001,
      "stddev": 0.002116675512203675,
      "median": 0.006365245540000001,
      "user": 0.00407174,
      "system": 0.006857279999999999,
      "min": 0.005085512540000001,
      "max": 0.01078413054,
      "times": [
        0.00967399054,
        0.01078413054,
        0.005803128540000001,
        0.005992591540000001,
        0.006733913540000001,
        0.005996577540000001,
        0.005618402540000001,
        0.00884693054,
        0.005085512540000001,
        0.01068006854
      ],
      "exit_codes": [
        0,
        0,
        0,
        0,
        0,
        0,
        0,
        0,
        0,
        0
      ]
    },
    {
      "command": "deno",
      "mean": 0.7570791143400001,
      "stddev": 0.10434107121251936,
      "median": 0.74842855504,
      "user": 0.18619244,
      "system": 0.07845028,
      "min": 0.6049433125400001,
      "max": 0.9651704795400001,
      "times": [
        0.7535996345400001,
        0.7432574755400001,
        0.6780180575400001,
        0.71078783054,
        0.9651704795400001,
        0.87202415054,
        0.8282913765400001,
        0.7801400745400001,
        0.6049433125400001,
        0.6345587515400001
      ],
      "exit_codes": [
        0,
        0,
        0,
        0,
        0,
        0,
        0,
        0,
        0,
        0
      ]
    }
  ]
}