{
  "results": [
    {
      "command": "npm",
      "mean": 2.4172661696,
      "stddev": 0.15536266209290256,
      "median": 2.3949954971,
      "user": 2.7310206999999993,
      "system": 0.97507204,
      "min": 2.2142498161,
      "max": 2.7825432691,
      "times": [
        2.7825432691,
        2.5689084741,
        2.3855293681,
        2.2854100151,
        2.4044616261,
        2.4664270511,
        2.3357016661,
        2.2919581251,
        2.2142498161,
        2.4374722851
      ],
      "exit_codes": [
        0,
        0,
        0,
        0,
        0,
        0,
        0,
        0,
        0,
        0
      ]
    },
    {
      "command": "yarn",
      "mean": 6.6548489612,
      "stddev": 1.5213561421070525,
      "median": 5.9629571636000005,
      "user": 8.907458799999997,
      "system": 3.41349374,
      "min": 5.3031457981,
      "max": 10.345129400100001,
      "times": [
        5.5615015411,
        5.3031457981,
        5.9396716801,
        5.7761524961,
        5.5219692791,
        6.2607184761,
        7.7049889291,
        10.345129400100001,
        5.9862426471,
        8.148969365100001
      ],
      "exit_codes": [
        0,
        0,
        0,
        0,
        0,
        0,
        0,
        0,
        0,
        0
      ]
    },
    {
      "command": "berry",
      "mean": 3.2744749620999998,
      "stddev": 0.7399998759311126,
      "median": 2.9635006751,
      "user": 5.0522285,
      "system": 1.7262950399999997,
      "min": 2.4956865371,
      "max": 4.7334051241,
      "times": [
        2.8760129121,
        2.8318065751,
        3.0539227011,
        3.5002697791,
        4.6067994681,
        4.7334051241,
        2.8588748731,
        2.7369832131000003,
        3.0509884381,
        2.4956865371
      ],
      "exit_codes": [
        0,
        0,
        0,
        0,
        0,
        0,
        0,
        0,
        0,
        0
      ]
    },
    {
      "command": "pnpm",
      "mean": 1.617965651,
      "stddev": 0.1433454532572699,
      "median": 1.5520182926,
      "user": 1.9816926999999995,
      "system": 0.59480894,
      "min": 1.4531136471,
      "max": 1.9350864421,
      "times": [
        1.5241369841,
        1.5224882901,
        1.7970673051000001,
        1.4531136471,
        1.5533755631,
        1.7167916531,
        1.6042836091,
        1.5226519940999999,
        1.5506610221,
        1.9350864421
      ],
      "exit_codes": [
        0,
        0,
        0,
        0,
        0,
        0,
        0,
        0,
        0,
        0
      ]
    },
    {
      "command": "vlt",
      "mean": 1.7375944086000001,
      "stddev": 0.30247050444561846,
      "median": 1.6174198070999999,
      "user": 2.2735701,
      "system": 0.8376512399999999,
      "min": 1.3910218781,
      "max": 2.3060243371,
      "times": [
        1.3910218781,
        2.0036387831,
        1.5471838191,
        2.3060243371,
        2.1775111251,
        1.6303778330999998,
        1.7710554451,
        1.4763040351,
        1.6044617811,
        1.4683650491
      ],
      "exit_codes": [
        0,
        0,
        0,
        0,
        0,
        0,
        0,
        0,
        0,
        0
      ]
    },
    {
      "command": "bun",
      "mean": 0.5168954505,
      "stddev": 0.07890750119274215,
      "median": 0.5215404721,
      "user": 0.330966,
      "system": 0.42233573999999996,
      "min": 0.39109876410000005,
      "max": 0.6576428781,
      "times": [
        0.47658011710000003,
        0.4523609631,
        0.4393149551,
        0.5665008270999999,
        0.5679605061,
        0.6576428781,
        0.5784711431,
        0.46498264410000006,
        0.5740417071,
        0.39109876410000005
      ],
      "exit_codes": [
        0,
        0,
        0,
        0,
        0,
        0,
        0,
        0,
        0,
        0
      ]
    },
    {
      "command": "deno",
      "mean": 3.4390766069999996,
      "stddev": 0.46924950838191387,
      "median": 3.5413129866,
      "user": 1.2801478999999998,
      "system": 0.7820645400000001,
      "min": 2.7167655590999997,
      "max": 4.2867552191,
      "times": [
        2.7167655590999997,
        3.7746159911,
        2.8537399711,
        3.4406504511,
        3.6419755221,
        4.2867552191,
        2.9462899511,
        3.7485824161,
        3.7369890961,
        3.2444018931
      ],
      "exit_codes": [
        0,
        0,
        0,
        0,
        0,
        0,
        0,
        0,
        0,
        0
      ]
    }
  ]
}