{
  "results": [
    {
      "command": "npm",
      "mean": 4.382953591600001,
      "stddev": 0.37381940102739275,
      "median": 4.280903245299999,
      "user": 1.46569806,
      "system": 0.29136397999999997,
      "min": 3.9672156658,
      "max": 5.0427157488,
      "times": [
        4.0265166028,
        4.7563641067999995,
        3.9672156658,
        4.0069013648,
        5.0427157488,
        4.5105391208,
        4.0985201748,
        4.1452577208,
        4.8589566408,
        4.416548769799999
      ],
      "exit_codes": [
        0,
        0,
        0,
        0,
        0,
        0,
        0,
        0,
        0,
        0
      ]
    },
    {
      "command": "yarn",
      "mean": 24.767465198099995,
      "stddev": 0.3442837215662402,
      "median": 24.8561971528,
      "user": 31.617302159999998,
      "system": 15.909066679999999,
      "min": 24.0520210358,
      "max": 25.1877624918,
      "times": [
        24.0520210358,
        25.1489274618,
        25.0025611358,
        24.5246971438,
        24.7757233398,
        24.4785770698,
        25.0332452468,
        24.5344660898,
        24.9366709658,
        25.1877624918
      ],
      "exit_codes": [
        0,
        0,
        0,
        0,
        0,
        0,
        0,
        0,
        0,
        0
      ]
    },
    {
      "command": "berry",
      "mean": 6.1551352315,
      "stddev": 0.26295379002453695,
      "median": 6.049440708800001,
      "user": 11.42746546,
      "system": 3.24573688,
      "min": 5.8640309448,
      "max": 6.7609797408,
      "times": [
        6.7609797408,
        6.297405943799999,
        6.4596473558,
        5.9422154958,
        5.8640309448,
        6.0272235138,
        6.0393561778,
        5.9491354678,
        6.0595252398,
        6.1518324348
      ],
      "exit_codes": [
        0,
        0,
        0,
        0,
        0,
        0,
        0,
        0,
        0,
        0
      ]
    },
    {
      "command": "pnpm",
      "mean": 4.5071866815,
      "stddev": 0.06058192316708726,
      "median": 4.507610676800001,
      "user": 6.65911236,
      "system": 2.38254468,
      "min": 4.382845490799999,
      "max": 4.611309653799999,
      "times": [
        4.5490746768,
        4.458314747799999,
        4.4934948818,
        4.382845490799999,
        4.5331627408,
        4.4910761308,
        4.5643553638,
        4.4665066568,
        4.611309653799999,
        4.5217264718
      ],
      "exit_codes": [
        0,
        0,
        0,
        0,
        0,
        0,
        0,
        0,
        0,
        0
      ]
    },
    {
      "command": "vlt",
      "mean": 0.35048302900000006,
      "stddev": 0.003018111513058521,
      "median": 0.35093155930000003,
      "user": 0.36266906,
      "system": 0.08629588,
      "min": 0.34622009880000004,
      "max": 0.3558643758000001,
      "times": [
        0.34741259980000005,
        0.35191982080000006,
        0.35261655480000004,
        0.3503914598,
        0.35346403880000005,
        0.34622009880000004,
        0.35147165880000003,
        0.34894674080000004,
        0.3558643758000001,
        0.34652294180000004
      ],
      "exit_codes": [
        0,
        0,
        0,
        0,
        0,
        0,
        0,
        0,
        0,
        0
      ]
    },
    {
      "command": "bun",
      "mean": 2.4343280019,
      "stddev": 0.11464178074714154,
      "median": 2.4353766828,
      "user": 3.3465964599999998,
      "system": 3.00624708,
      "min": 2.2891951587999997,
      "max": 2.6698434588,
      "times": [
        2.4834421298,
        2.4560628947999996,
        2.3219701018,
        2.3727445917999996,
        2.2891951587999997,
        2.6698434588,
        2.3072019247999997,
        2.5720663928,
        2.4202144627999997,
        2.4505389028
      ],
      "exit_codes": [
        0,
        0,
        0,
        0,
        0,
        0,
        0,
        0,
        0,
        0
      ]
    },
    {
      "command": "deno",
      "mean": 8.6998157545,
      "stddev": 0.424878476558043,
      "median": 8.6326832723,
      "user": 3.9227518600000004,
      "system": 0.92893248,
      "min": 8.1831765788,
      "max": 9.7137485898,
      "times": [
        9.0669084358,
        8.3835789248,
        8.6752273338,
        8.6321140318,
        8.2288047028,
        8.1831765788,
        8.8832736078,
        9.7137485898,
        8.5980728268,
        8.6332525128
      ],
      "exit_codes": [
        0,
        0,
        0,
        0,
        0,
        0,
        0,
        0,
        0,
        0
      ]
    }
  ]
}