{
  "results": [
    {
      "command": "npm",
      "mean": 0.5682628202,
      "stddev": 0.008014988229536371,
      "median": 0.567361949,
      "user": 0.6084238000000001,
      "system": 0.1434941,
      "min": 0.5581729790000001,
      "max": 0.585349533,
      "times": [
        0.585349533,
        0.5696904070000001,
        0.568695362,
        0.566028536,
        0.56264494,
        0.561315321,
        0.576438456,
        0.560354421,
        0.5581729790000001,
        0.5739382470000001
      ],
      "exit_codes": [
        0,
        0,
        0,
        0,
        0,
        0,
        0,
        0,
        0,
        0
      ]
    },
    {
      "command": "yarn",
      "mean": 1.9142119807,
      "stddev": 0.09628008835265607,
      "median": 1.900190027,
      "user": 0.9712597000000001,
      "system": 0.32167789999999996,
      "min": 1.7830570920000002,
      "max": 2.129475378,
      "times": [
        1.9301413260000002,
        1.7830570920000002,
        1.89863631,
        1.901743744,
        1.8437662750000001,
        2.03877771,
        1.8501528890000003,
        2.129475378,
        1.9147964620000002,
        1.8515726210000003
      ],
      "exit_codes": [
        0,
        0,
        0,
        0,
        0,
        0,
        0,
        0,
        0,
        0
      ]
    },
    {
      "command": "berry",
      "mean": 1.0651903256000002,
      "stddev": 0.04199743932550712,
      "median": 1.0530100420000001,
      "user": 1.1188023,
      "system": 0.19253109999999998,
      "min": 1.00562155,
      "max": 1.1396853710000001,
      "times": [
        1.051103429,
        1.0675152170000002,
        1.00562155,
        1.132469171,
        1.0350607710000002,
        1.1396853710000001,
        1.030927404,
        1.0388993240000002,
        1.0957043640000002,
        1.0549166550000002
      ],
      "exit_codes": [
        0,
        0,
        0,
        0,
        0,
        0,
        0,
        0,
        0,
        0
      ]
    },
    {
      "command": "pnpm",
      "mean": 0.6914003863,
      "stddev": 0.008545818276636355,
      "median": 0.687334768,
      "user": 0.9409758,
      "system": 0.16173279999999998,
      "min": 0.6825843500000001,
      "max": 0.7092898900000001,
      "times": [
        0.6837407910000001,
        0.688134484,
        0.6865350520000001,
        0.682907025,
        0.700237383,
        0.69788886,
        0.7092898900000001,
        0.686484532,
        0.696201496,
        0.6825843500000001
      ],
      "exit_codes": [
        0,
        0,
        0,
        0,
        0,
        0,
        0,
        0,
        0,
        0
      ]
    },
    {
      "command": "vlt",
      "mean": 0.2718056152,
      "stddev": 0.0021084883372256493,
      "median": 0.27217354400000004,
      "user": 0.2743626,
      "system": 0.052982899999999986,
      "min": 0.267825335,
      "max": 0.275260924,
      "times": [
        0.272322182,
        0.272961242,
        0.272024906,
        0.269881295,
        0.274250415,
        0.269574963,
        0.275260924,
        0.272371224,
        0.271583666,
        0.267825335
      ],
      "exit_codes": [
        0,
        0,
        0,
        0,
        0,
        0,
        0,
        0,
        0,
        0
      ]
    },
    {
      "command": "bun",
      "mean": 0.010545777100000002,
      "stddev": 0.0002604508331929273,
      "median": 0.0104204455,
      "user": 0.0049235,
      "system": 0.011187899999999999,
      "min": 0.010172802,
      "max": 0.010894502,
      "times": [
        0.010172802,
        0.010431206,
        0.010380802000000001,
        0.010880705000000001,
        0.010308517000000001,
        0.010347757,
        0.010765146000000001,
        0.010409685,
        0.010894502,
        0.010866649
      ],
      "exit_codes": [
        0,
        0,
        0,
        0,
        0,
        0,
        0,
        0,
        0,
        0
      ]
    },
    {
      "command": "deno",
      "mean": 0.17867848210000004,
      "stddev": 0.0028838674459999523,
      "median": 0.179331224,
      "user": 0.23923239999999998,
      "system": 0.0929302,
      "min": 0.172796273,
      "max": 0.182177704,
      "times": [
        0.178665038,
        0.179416012,
        0.177792523,
        0.179246436,
        0.180783518,
        0.174388328,
        0.182177704,
        0.182018964,
        0.179500025,
        0.172796273
      ],
      "exit_codes": [
        0,
        0,
        0,
        0,
        0,
        0,
        0,
        0,
        0,
        0
      ]
    }
  ]
}