{
  "results": [
    {
      "command": "npm",
      "mean": 3.038436885439999,
      "stddev": 0.027092899382569792,
      "median": 3.03097710794,
      "user": 3.6240332399999993,
      "system": 1.58523654,
      "min": 2.99913540294,
      "max": 3.0843715609399998,
      "times": [
        3.01396876394,
        3.03313429394,
        3.07030501794,
        3.00726262794,
        3.0615947209399996,
        3.02869264994,
        3.02881992194,
        3.0843715609399998,
        3.05708389394,
        2.99913540294
      ],
      "exit_codes": [
        0,
        0,
        0,
        0,
        0,
        0,
        0,
        0,
        0,
        0
      ]
    },
    {
      "command": "yarn",
      "mean": 2.4081199821399997,
      "stddev": 0.1078967433579456,
      "median": 2.38466274594,
      "user": 2.6054294399999995,
      "system": 1.84057824,
      "min": 2.30688976594,
      "max": 2.69611959694,
      "times": [
        2.4309208509399998,
        2.4438657299399997,
        2.44407733594,
        2.37276094394,
        2.69611959694,
        2.3965645479399997,
        2.34091918294,
        2.31304057994,
        2.30688976594,
        2.3360412869399996
      ],
      "exit_codes": [
        0,
        0,
        0,
        0,
        0,
        0,
        0,
        0,
        0,
        0
      ]
    },
    {
      "command": "berry",
      "mean": 2.69154505584,
      "stddev": 0.030828290115753335,
      "median": 2.67969532944,
      "user": 3.2914277399999996,
      "system": 1.0827670399999998,
      "min": 2.64968782794,
      "max": 2.75599034794,
      "times": [
        2.64968782794,
        2.6617513539399997,
        2.75599034794,
        2.67444651794,
        2.67721079994,
        2.7267083029399997,
        2.67242430094,
        2.6821798589399997,
        2.7100350769399997,
        2.7050161709399996
      ],
      "exit_codes": [
        0,
        0,
        0,
        0,
        0,
        0,
        0,
        0,
        0,
        0
      ]
    },
    {
      "command": "pnpm",
      "mean": 1.17080408024,
      "stddev": 0.01857586213366214,
      "median": 1.1660895339400001,
      "user": 1.75772474,
      "system": 0.44159064,
      "min": 1.14364587794,
      "max": 1.20918985094,
      "times": [
        1.18451295094,
        1.1605339539400001,
        1.17301784494,
        1.15500128194,
        1.20918985094,
        1.16078461894,
        1.19165240194,
        1.17139444894,
        1.15830757194,
        1.14364587794
      ],
      "exit_codes": [
        0,
        0,
        0,
        0,
        0,
        0,
        0,
        0,
        0,
        0
      ]
    },
    {
      "command": "vlt",
      "mean": 1.59388175324,
      "stddev": 0.014736813138075806,
      "median": 1.5914719804400002,
      "user": 1.85625874,
      "system": 1.0406944399999998,
      "min": 1.56718277594,
      "max": 1.61920088494,
      "times": [
        1.59260861694,
        1.58978395594,
        1.59529400294,
        1.57894699094,
        1.61070298694,
        1.61920088494,
        1.58610339394,
        1.59033534394,
        1.56718277594,
        1.60865857994
      ],
      "exit_codes": [
        0,
        0,
        0,
        0,
        0,
        0,
        0,
        0,
        0,
        0
      ]
    },
    {
      "command": "bun",
      "mean": 0.17893172474000002,
      "stddev": 0.0038016659246911722,
      "median": 0.17899323043999998,
      "user": 0.13863573999999998,
      "system": 0.14178653999999996,
      "min": 0.17271853994,
      "max": 0.18660499594000002,
      "times": [
        0.17855329694,
        0.18289376394,
        0.18660499594000002,
        0.17271853994,
        0.17943316394,
        0.17656422194000002,
        0.17517427594,
        0.17642112394,
        0.18020349394000001,
        0.18075037094000002
      ],
      "exit_codes": [
        0,
        0,
        0,
        0,
        0,
        0,
        0,
        0,
        0,
        0
      ]
    },
    {
      "command": "deno",
      "mean": 0.45570632064000005,
      "stddev": 0.0143018980479963,
      "median": 0.45533845844000004,
      "user": 0.4843264399999999,
      "system": 0.35359484,
      "min": 0.43721870294000004,
      "max": 0.48590555694000004,
      "times": [
        0.44167665294,
        0.46544449294000007,
        0.46009337594000005,
        0.44020078094000004,
        0.43721870294000004,
        0.44791216094,
        0.46793456594000005,
        0.45919694594000005,
        0.45147997094000003,
        0.48590555694000004
      ],
      "exit_codes": [
        0,
        0,
        0,
        0,
        0,
        0,
        0,
        0,
        0,
        0
      ]
    }
  ]
}