{
  "results": [
    {
      "command": "npm",
      "mean": 5.1953770958600005,
      "stddev": 0.25329802053825495,
      "median": 5.18246010746,
      "user": 3.5684882,
      "system": 1.10943278,
      "min": 4.8217353344600005,
      "max": 5.63152823046,
      "times": [
        5.33117148746,
        4.93169428446,
        5.29587517446,
        5.06904504046,
        5.04865158746,
        5.436765819460001,
        4.95082319446,
        4.8217353344600005,
        5.4364808054600005,
        5.63152823046
      ],
      "exit_codes": [
        0,
        0,
        0,
        0,
        0,
        0,
        0,
        0,
        0,
        0
      ]
    },
    {
      "command": "vlt",
      "mean": 2.83735019026,
      "stddev": 0.023929562922003447,
      "median": 2.83715128146,
      "user": 2.9135509999999996,
      "system": 0.9696360800000001,
      "min": 2.80427710346,
      "max": 2.8745965834600002,
      "times": [
        2.8638945724600005,
        2.8049228814600005,
        2.8745965834600002,
        2.8204845894600004,
        2.85541599746,
        2.84961520046,
        2.8546408374600003,
        2.8209667744600004,
        2.80427710346,
        2.82468736246
      ],
      "exit_codes": [
        0,
        0,
        0,
        0,
        0,
        0,
        0,
        0,
        0,
        0
      ]
    },
    {
      "command": "aws",
      "mean": 14.811811814559999,
      "stddev": 0.32436410096642704,
      "median": 14.794880270459998,
      "user": 3.830000599999999,
      "system": 1.1355273799999999,
      "min": 14.24036030846,
      "max": 15.29443282446,
      "times": [
        15.29443282446,
        15.25113430946,
        14.835612594459999,
        14.621455229459999,
        15.133761397459999,
        14.24036030846,
        14.832592135459999,
        14.72473419546,
        14.42686674546,
        14.75716840546
      ],
      "exit_codes": [
        0,
        0,
        0,
        0,
        0,
        0,
        0,
        0,
        0,
        0
      ]
    }
  ]
}