{
  "results": [
    {
      "command": "npm",
      "mean": 26.5035376497,
      "stddev": 1.2667526925079098,
      "median": 25.9357467125,
      "user": 15.300135919999999,
      "system": 6.045546799999999,
      "min": 25.22376848,
      "max": 29.733296959,
      "times": [
        25.724485916,
        25.678318337,
        26.128930509,
        25.22376848,
        27.22532421,
        25.55150896,
        29.733296959,
        26.907508853,
        25.742562916,
        27.119671357
      ],
      "exit_codes": [
        0,
        0,
        0,
        0,
        0,
        0,
        0,
        0,
        0,
        0
      ]
    },
    {
      "command": "yarn",
      "mean": 28.6180329852,
      "stddev": 1.1649922885811266,
      "median": 28.310563838,
      "user": 33.650389219999994,
      "system": 16.0231195,
      "min": 27.297224265,
      "max": 31.636360738,
      "times": [
        27.5381336,
        27.297224265,
        29.018776817,
        28.198968997,
        31.636360738,
        27.886768005,
        28.422158679,
        28.114020984,
        28.889550988,
        29.178366779
      ],
      "exit_codes": [
        0,
        0,
        0,
        0,
        0,
        0,
        0,
        0,
        0,
        0
      ]
    },
    {
      "command": "berry",
      "mean": 10.055204895200001,
      "stddev": 0.21547280125115786,
      "median": 10.0677020365,
      "user": 16.469056919999996,
      "system": 5.783883599999999,
      "min": 9.481420472,
      "max": 10.263346174,
      "times": [
        9.481420472,
        9.926906979,
        10.055933172,
        10.203198482,
        10.063007681,
        10.263346174,
        10.069274475,
        10.066129598,
        10.16565048,
        10.257181439
      ],
      "exit_codes": [
        0,
        0,
        0,
        0,
        0,
        0,
        0,
        0,
        0,
        0
      ]
    },
    {
      "command": "pnpm",
      "mean": 7.188616168700001,
      "stddev": 0.7161248273867826,
      "median": 6.9690927215,
      "user": 11.096647020000002,
      "system": 3.8557396999999995,
      "min": 6.329000869,
      "max": 8.447330444,
      "times": [
        6.602470911,
        6.786417719,
        8.38540116,
        7.390534238,
        6.696111275,
        8.447330444,
        7.151767724,
        6.527265182,
        7.569862165,
        6.329000869
      ],
      "exit_codes": [
        0,
        0,
        0,
        0,
        0,
        0,
        0,
        0,
        0,
        0
      ]
    },
    {
      "command": "vlt",
      "mean": 8.6685028687,
      "stddev": 0.29213902271220116,
      "median": 8.659339827,
      "user": 8.99323282,
      "system": 4.458711599999999,
      "min": 8.241108849,
      "max": 9.145570695,
      "times": [
        8.446936672,
        9.126515314,
        8.790409475,
        8.641700668,
        8.241108849,
        8.676978986,
        9.145570695,
        8.76767355,
        8.283813993,
        8.564320485
      ],
      "exit_codes": [
        0,
        0,
        0,
        0,
        0,
        0,
        0,
        0,
        0,
        0
      ]
    },
    {
      "command": "bun",
      "mean": 3.8140311564999996,
      "stddev": 0.7128108884763632,
      "median": 3.5105621435,
      "user": 3.2377520199999994,
      "system": 3.2431654,
      "min": 3.1577318,
      "max": 5.1463193700000005,
      "times": [
        3.2412435410000002,
        5.003449859,
        4.34107383,
        3.312421139,
        3.717856114,
        3.3850698,
        5.1463193700000005,
        3.636054487,
        3.199091625,
        3.1577318
      ],
      "exit_codes": [
        0,
        0,
        0,
        0,
        0,
        0,
        0,
        0,
        0,
        0
      ]
    },
    {
      "command": "deno",
      "mean": 15.8708049117,
      "stddev": 1.246513087975062,
      "median": 15.714643760000001,
      "user": 6.354437519999999,
      "system": 2.5899358,
      "min": 13.839816754000001,
      "max": 17.687659668,
      "times": [
        15.997806829,
        15.431480691,
        14.452372794,
        15.293970954,
        17.118336507,
        14.875390668,
        16.53896186,
        17.687659668,
        17.472252392,
        13.839816754000001
      ],
      "exit_codes": [
        0,
        0,
        0,
        0,
        0,
        0,
        0,
        0,
        0,
        0
      ]
    }
  ]
}