{
  "results": [
    {
      "command": "npm",
      "mean": 0.9618859705200002,
      "stddev": 0.010558732603869228,
      "median": 0.9611267266200001,
      "user": 1.0854353199999998,
      "system": 0.19387926,
      "min": 0.94385620512,
      "max": 0.98345486612,
      "times": [
        0.98345486612,
        0.94385620512,
        0.9709270921200001,
        0.95218924112,
        0.96160599912,
        0.96724217112,
        0.96013158712,
        0.96658225012,
        0.9606474541200001,
        0.95222283912
      ],
      "exit_codes": [
        0,
        0,
        0,
        0,
        0,
        0,
        0,
        0,
        0,
        0
      ]
    },
    {
      "command": "yarn",
      "mean": 9.093703703420001,
      "stddev": 2.594558816418588,
      "median": 8.282571289620002,
      "user": 3.9600814199999994,
      "system": 1.4659358599999996,
      "min": 7.72435081612,
      "max": 16.85246781312,
      "times": [
        8.56908234412,
        7.72435081612,
        8.115086702120001,
        8.41262222212,
        8.27886683812,
        8.28627574112,
        8.17159133512,
        8.23301646112,
        16.85246781312,
        8.29367676112
      ],
      "exit_codes": [
        0,
        0,
        0,
        0,
        0,
        0,
        0,
        0,
        0,
        0
      ]
    },
    {
      "command": "berry",
      "mean": 2.19270157292,
      "stddev": 0.06370976633325626,
      "median": 2.16796544762,
      "user": 2.4754120199999994,
      "system": 0.40017146,
      "min": 2.12238656812,
      "max": 2.3277917001199997,
      "times": [
        2.3277917001199997,
        2.23037075212,
        2.17097389712,
        2.18716038512,
        2.14470713812,
        2.12238656812,
        2.1399524681199997,
        2.1649569981199996,
        2.1553375191199997,
        2.2833783031199997
      ],
      "exit_codes": [
        0,
        0,
        0,
        0,
        0,
        0,
        0,
        0,
        0,
        0
      ]
    },
    {
      "command": "pnpm",
      "mean": 1.21435057452,
      "stddev": 0.025390282128806733,
      "median": 1.2054860946200001,
      "user": 1.6458847199999997,
      "system": 0.29052686,
      "min": 1.18803004512,
      "max": 1.2790548811200002,
      "times": [
        1.1961146371200002,
        1.22287006112,
        1.20593699712,
        1.18803004512,
        1.23004317712,
        1.1966948771200001,
        1.1956100121200002,
        1.2790548811200002,
        1.2241158651200001,
        1.2050351921200002
      ],
      "exit_codes": [
        0,
        0,
        0,
        0,
        0,
        0,
        0,
        0,
        0,
        0
      ]
    },
    {
      "command": "vlt",
      "mean": 0.32949743582,
      "stddev": 0.0038985229734659313,
      "median": 0.33018926161999995,
      "user": 0.34383701999999994,
      "system": 0.08114645999999998,
      "min": 0.32092541612,
      "max": 0.33494033912,
      "times": [
        0.32807402412,
        0.33120289512,
        0.32727985712,
        0.33058941412,
        0.32978910912,
        0.32634894412,
        0.33441489512,
        0.32092541612,
        0.33494033912,
        0.33140946412
      ],
      "exit_codes": [
        0,
        0,
        0,
        0,
        0,
        0,
        0,
        0,
        0,
        0
      ]
    },
    {
      "command": "bun",
      "mean": 0.041883179720000004,
      "stddev": 0.004351629556544564,
      "median": 0.04069200362,
      "user": 0.00842702,
      "system": 0.037687960000000006,
      "min": 0.039304166120000004,
      "max": 0.05481794712,
      "times": [
        0.039589072120000006,
        0.04101482212,
        0.039304166120000004,
        0.04056030112,
        0.04085062712,
        0.04005650412,
        0.041254350120000005,
        0.05481794712,
        0.04073761312,
        0.040646394120000005
      ],
      "exit_codes": [
        0,
        0,
        0,
        0,
        0,
        0,
        0,
        0,
        0,
        0
      ]
    },
    {
      "command": "deno",
      "mean": 0.7890817506200001,
      "stddev": 0.018287124604131257,
      "median": 0.78544150262,
      "user": 0.97065772,
      "system": 0.28200626,
      "min": 0.76426216912,
      "max": 0.8299317271200001,
      "times": [
        0.77428469412,
        0.80425630512,
        0.78754833612,
        0.80276072612,
        0.79332303512,
        0.76426216912,
        0.7769661171200001,
        0.78333466912,
        0.8299317271200001,
        0.7741497271200001
      ],
      "exit_codes": [
        0,
        0,
        0,
        0,
        0,
        0,
        0,
        0,
        0,
        0
      ]
    }
  ]
}