{
  "results": [
    {
      "command": "npm",
      "mean": 3.7583360510399997,
      "stddev": 0.0880111633375556,
      "median": 3.76578417004,
      "user": 4.155716319999999,
      "system": 1.8411474199999998,
      "min": 3.64685198654,
      "max": 3.88048584554,
      "times": [
        3.69508351454,
        3.64685198654,
        3.65498793054,
        3.81819196854,
        3.8079547535400002,
        3.85367547054,
        3.88048584554,
        3.84869605654,
        3.72361358654,
        3.65381939754
      ],
      "exit_codes": [
        0,
        0,
        0,
        0,
        0,
        0,
        0,
        0,
        0,
        0
      ]
    },
    {
      "command": "yarn",
      "mean": 9.37997972874,
      "stddev": 0.12978323923165352,
      "median": 9.33100938054,
      "user": 12.903675619999998,
      "system": 6.7125023200000005,
      "min": 9.23290866854,
      "max": 9.63263485854,
      "times": [
        9.63263485854,
        9.50141269754,
        9.55901086454,
        9.37579899154,
        9.31558701054,
        9.346431750539999,
        9.28565914154,
        9.23290866854,
        9.27192423054,
        9.27842907354
      ],
      "exit_codes": [
        0,
        0,
        0,
        0,
        0,
        0,
        0,
        0,
        0,
        0
      ]
    },
    {
      "command": "berry",
      "mean": 3.6297674309400003,
      "stddev": 0.07369203918117112,
      "median": 3.63106745404,
      "user": 6.38023602,
      "system": 2.11473062,
      "min": 3.54062976554,
      "max": 3.76115090454,
      "times": [
        3.54062976554,
        3.55096876954,
        3.54096622554,
        3.56972534354,
        3.67872171554,
        3.63037206554,
        3.69219359154,
        3.76115090454,
        3.70118308554,
        3.63176284254
      ],
      "exit_codes": [
        0,
        0,
        0,
        0,
        0,
        0,
        0,
        0,
        0,
        0
      ]
    },
    {
      "command": "pnpm",
      "mean": 2.18147328184,
      "stddev": 0.06566616884346942,
      "median": 2.16744096304,
      "user": 3.6800410199999996,
      "system": 1.4537851199999996,
      "min": 2.1121473165399998,
      "max": 2.30429899154,
      "times": [
        2.1181182555399998,
        2.1121473165399998,
        2.12741519854,
        2.13713951454,
        2.12482268654,
        2.1977424115399997,
        2.20350081354,
        2.21047007954,
        2.30429899154,
        2.27907755054
      ],
      "exit_codes": [
        0,
        0,
        0,
        0,
        0,
        0,
        0,
        0,
        0,
        0
      ]
    },
    {
      "command": "vlt",
      "mean": 4.09733945234,
      "stddev": 0.05911740376033894,
      "median": 4.084773419040001,
      "user": 6.81427612,
      "system": 2.66274242,
      "min": 4.028430435540001,
      "max": 4.212106948540001,
      "times": [
        4.0499860745400005,
        4.096166854540001,
        4.028430435540001,
        4.06396108854,
        4.19618205454,
        4.212106948540001,
        4.100465612540001,
        4.073379983540001,
        4.041453172540001,
        4.111262298540001
      ],
      "exit_codes": [
        0,
        0,
        0,
        0,
        0,
        0,
        0,
        0,
        0,
        0
      ]
    },
    {
      "command": "bun",
      "mean": 0.5334267421400001,
      "stddev": 0.04400443173191172,
      "median": 0.5152012770400001,
      "user": 0.6187477199999999,
      "system": 0.9134475199999998,
      "min": 0.50371975954,
      "max": 0.6580965755400001,
      "times": [
        0.50371975954,
        0.51955996654,
        0.51680694354,
        0.5083999905400001,
        0.51359561054,
        0.5557707245400001,
        0.53496692154,
        0.6580965755400001,
        0.5128689555400001,
        0.51048197354
      ],
      "exit_codes": [
        0,
        0,
        0,
        0,
        0,
        0,
        0,
        0,
        0,
        0
      ]
    },
    {
      "command": "deno",
      "mean": 4.28368958084,
      "stddev": 0.2368372802128621,
      "median": 4.243447680040001,
      "user": 1.7434387199999997,
      "system": 1.32597922,
      "min": 3.90818475354,
      "max": 4.694088129540001,
      "times": [
        4.15199266054,
        3.90818475354,
        4.65103374154,
        4.238287346540001,
        4.24860801354,
        4.08277551854,
        4.35785601454,
        4.09705244554,
        4.694088129540001,
        4.407017184540001
      ],
      "exit_codes": [
        0,
        0,
        0,
        0,
        0,
        0,
        0,
        0,
        0,
        0
      ]
    }
  ]
}