{
  "results": [
    {
      "command": "npm",
      "mean": 6.184054044680002,
      "stddev": 0.5441825350955585,
      "median": 5.96934404808,
      "user": 3.3471950599999998,
      "system": 0.97218228,
      "min": 5.603466447580001,
      "max": 7.32905202758,
      "times": [
        5.876109828580001,
        5.603466447580001,
        5.86126294958,
        6.06257826758,
        5.814072614580001,
        6.1083448135800005,
        6.748047763580001,
        6.782869289580001,
        5.65473644458,
        7.32905202758
      ],
      "exit_codes": [
        0,
        0,
        0,
        0,
        0,
        0,
        0,
        0,
        0,
        0
      ]
    },
    {
      "command": "yarn",
      "mean": 5.81617977648,
      "stddev": 0.4832187384620592,
      "median": 5.704877418080001,
      "user": 6.342913759999999,
      "system": 2.33674088,
      "min": 5.3715579485800005,
      "max": 7.11940173658,
      "times": [
        5.60619481358,
        5.80356002258,
        5.82502129858,
        5.839344279580001,
        5.44195939358,
        5.3715579485800005,
        5.574506165580001,
        6.10177899558,
        7.11940173658,
        5.47847311058
      ],
      "exit_codes": [
        0,
        0,
        0,
        0,
        0,
        0,
        0,
        0,
        0,
        0
      ]
    },
    {
      "command": "berry",
      "mean": 3.0774048046799996,
      "stddev": 0.1160023763250591,
      "median": 3.08894330858,
      "user": 4.23498856,
      "system": 1.20209498,
      "min": 2.89231488258,
      "max": 3.25476798458,
      "times": [
        2.90806639458,
        3.2113587245799997,
        3.13830300958,
        3.1660192545799997,
        3.0299593905799997,
        3.06227387658,
        2.89231488258,
        3.11561274058,
        3.25476798458,
        2.99537178858
      ],
      "exit_codes": [
        0,
        0,
        0,
        0,
        0,
        0,
        0,
        0,
        0,
        0
      ]
    },
    {
      "command": "pnpm",
      "mean": 1.5659780897800002,
      "stddev": 0.02968886478411661,
      "median": 1.56470875758,
      "user": 2.3115986599999996,
      "system": 0.65946828,
      "min": 1.5186954815800002,
      "max": 1.6293732015800002,
      "times": [
        1.5439548785800001,
        1.5675775315800002,
        1.53723873258,
        1.5186954815800002,
        1.58018337558,
        1.5505722485800002,
        1.5800225675800001,
        1.6293732015800002,
        1.5903228965800003,
        1.56183998358
      ],
      "exit_codes": [
        0,
        0,
        0,
        0,
        0,
        0,
        0,
        0,
        0,
        0
      ]
    },
    {
      "command": "vlt",
      "mean": 2.7865406888799997,
      "stddev": 0.18849046403250322,
      "median": 2.8408056435799995,
      "user": 2.08098846,
      "system": 0.73976568,
      "min": 2.35096606158,
      "max": 3.02085244458,
      "times": [
        2.71852765658,
        2.95753524458,
        2.89541135758,
        3.02085244458,
        2.7070647535799996,
        2.88823543958,
        2.6126885235799997,
        2.92074955958,
        2.7933758475799997,
        2.35096606158
      ],
      "exit_codes": [
        0,
        0,
        0,
        0,
        0,
        0,
        0,
        0,
        0,
        0
      ]
    },
    {
      "command": "bun",
      "mean": 0.5722306070800001,
      "stddev": 0.06223876090249961,
      "median": 0.5502708080800001,
      "user": 0.46935376,
      "system": 0.36521618,
      "min": 0.50964106158,
      "max": 0.69641611058,
      "times": [
        0.54853866858,
        0.51736909958,
        0.50964106158,
        0.55200294758,
        0.51470410958,
        0.65494741758,
        0.53269210358,
        0.6324529545800001,
        0.69641611058,
        0.56354159758
      ],
      "exit_codes": [
        0,
        0,
        0,
        0,
        0,
        0,
        0,
        0,
        0,
        0
      ]
    },
    {
      "command": "deno",
      "mean": 2.49846430898,
      "stddev": 0.17424003908014202,
      "median": 2.48862940308,
      "user": 1.08743006,
      "system": 0.48814747999999997,
      "min": 2.23122907158,
      "max": 2.82748363858,
      "times": [
        2.38108674958,
        2.62429175358,
        2.50840485058,
        2.5722847935799997,
        2.4688539555799998,
        2.4486065625799998,
        2.23122907158,
        2.66446116758,
        2.25794054658,
        2.82748363858
      ],
      "exit_codes": [
        0,
        0,
        0,
        0,
        0,
        0,
        0,
        0,
        0,
        0
      ]
    }
  ]
}