{
  "results": [
    {
      "command": "npm",
      "mean": 4.20212396098,
      "stddev": 0.26145451193044045,
      "median": 4.04319170908,
      "user": 1.37186852,
      "system": 0.24312091999999996,
      "min": 3.93229904008,
      "max": 4.64877035708,
      "times": [
        4.05175129708,
        4.01389383708,
        3.93229904008,
        4.0346321210800005,
        4.2898057650800006,
        4.57155909208,
        4.64877035708,
        3.98581154408,
        4.50161821108,
        3.99109834508
      ],
      "exit_codes": [
        0,
        0,
        0,
        0,
        0,
        0,
        0,
        0,
        0,
        0
      ]
    },
    {
      "command": "yarn",
      "mean": 19.23694164988,
      "stddev": 0.3089262242739176,
      "median": 19.192238492579996,
      "user": 21.20273092,
      "system": 9.74382272,
      "min": 18.86502535208,
      "max": 19.87009316108,
      "times": [
        18.86502535208,
        19.87009316108,
        19.69380724708,
        19.01781448208,
        19.183570583079998,
        19.200906402079998,
        19.32654705508,
        19.27547012608,
        18.95842707108,
        18.97775501908
      ],
      "exit_codes": [
        0,
        0,
        0,
        0,
        0,
        0,
        0,
        0,
        0,
        0
      ]
    },
    {
      "command": "berry",
      "mean": 4.79368193368,
      "stddev": 0.12384683703237027,
      "median": 4.74229260558,
      "user": 8.788511319999998,
      "system": 1.9959524199999996,
      "min": 4.68568223108,
      "max": 5.070643313080001,
      "times": [
        5.070643313080001,
        4.68568223108,
        4.7058758140800006,
        4.85667840608,
        4.74586561008,
        4.69741072708,
        4.738719601080001,
        4.709389987080001,
        4.96806934508,
        4.75848430208
      ],
      "exit_codes": [
        0,
        0,
        0,
        0,
        0,
        0,
        0,
        0,
        0,
        0
      ]
    },
    {
      "command": "zpm",
      "mean": 2.2395712596800004,
      "stddev": 0.3774025070752696,
      "median": 2.04554114508,
      "user": 2.2912132199999995,
      "system": 0.75579562,
      "min": 1.94069635408,
      "max": 2.9648764350800003,
      "times": [
        1.9734267190800001,
        2.08638251708,
        2.3488254680800003,
        1.94069635408,
        1.98649746908,
        2.9648764350800003,
        2.18634451508,
        1.95679680108,
        2.00469977308,
        2.94716654508
      ],
      "exit_codes": [
        0,
        0,
        0,
        0,
        0,
        0,
        0,
        0,
        0,
        0
      ]
    },
    {
      "command": "pnpm",
      "mean": 3.10223957748,
      "stddev": 0.08898840180566135,
      "median": 3.0924377100800005,
      "user": 4.69653932,
      "system": 1.4857733200000003,
      "min": 2.97048834008,
      "max": 3.25926679808,
      "times": [
        3.0449906380800003,
        3.1284085850800003,
        2.97048834008,
        3.0931596040800002,
        3.1624375000800002,
        3.0102527880800003,
        3.0917158160800002,
        3.03261136808,
        3.22906433708,
        3.25926679808
      ],
      "exit_codes": [
        0,
        0,
        0,
        0,
        0,
        0,
        0,
        0,
        0,
        0
      ]
    },
    {
      "command": "vlt",
      "mean": 0.40826083127999996,
      "stddev": 0.008806262297141413,
      "median": 0.40713576258000006,
      "user": 0.43996241999999997,
      "system": 0.09316142000000001,
      "min": 0.39787740208,
      "max": 0.42724633308,
      "times": [
        0.39835133508,
        0.40114618508,
        0.42724633308,
        0.41009113408000003,
        0.40275583908,
        0.41642438808,
        0.41443139208,
        0.41010391308,
        0.40418039108000003,
        0.39787740208
      ],
      "exit_codes": [
        0,
        0,
        0,
        0,
        0,
        0,
        0,
        0,
        0,
        0
      ]
    },
    {
      "command": "bun",
      "mean": 1.33057723828,
      "stddev": 0.03692146015726678,
      "median": 1.32668230308,
      "user": 2.1296320200000003,
      "system": 1.4799204199999998,
      "min": 1.28341771708,
      "max": 1.38719056208,
      "times": [
        1.38719056208,
        1.29178908808,
        1.36040224708,
        1.28341771708,
        1.28539855208,
        1.33313223308,
        1.38583876408,
        1.3202323730799999,
        1.3464543710799999,
        1.3119164750799999
      ],
      "exit_codes": [
        0,
        0,
        0,
        0,
        0,
        0,
        0,
        0,
        0,
        0
      ]
    },
    {
      "command": "deno",
      "mean": 11.847767630979998,
      "stddev": 0.570494308613618,
      "median": 11.64204057458,
      "user": 3.2946706199999993,
      "system": 0.88954892,
      "min": 11.202128392079999,
      "max": 13.06081885808,
      "times": [
        11.63292877208,
        11.565626974079999,
        13.06081885808,
        11.86179217608,
        12.81835514708,
        11.65822830608,
        11.51123030808,
        11.515414999079999,
        11.202128392079999,
        11.651152377079999
      ],
      "exit_codes": [
        0,
        0,
        0,
        0,
        0,
        0,
        0,
        0,
        0,
        0
      ]
    }
  ]
}