{
  "results": [
    {
      "command": "npm",
      "mean": 6.4584601627,
      "stddev": 0.35334613938589676,
      "median": 6.5170076973,
      "user": 1.1259218999999998,
      "system": 0.21250898000000001,
      "min": 5.757636521799999,
      "max": 6.8538234637999995,
      "times": [
        6.1997234597999995,
        6.8538234637999995,
        6.4337040588,
        6.7355644588,
        6.7217799008,
        6.4340004798,
        5.757636521799999,
        5.9973278338,
        6.6000149148,
        6.8510265348
      ],
      "exit_codes": [
        0,
        0,
        0,
        0,
        0,
        0,
        0,
        0,
        0,
        0
      ]
    },
    {
      "command": "yarn",
      "mean": 12.971952460800003,
      "stddev": 0.6622896585946472,
      "median": 12.747261943800002,
      "user": 13.9537082,
      "system": 7.09034558,
      "min": 12.588602467800001,
      "max": 14.904836668800002,
      "times": [
        12.6878419678,
        14.904836668800002,
        12.745815546800001,
        12.660322931800001,
        12.7487083408,
        12.588602467800001,
        13.1803171118,
        12.6499967328,
        12.7992074198,
        12.7538754198
      ],
      "exit_codes": [
        0,
        0,
        0,
        0,
        0,
        0,
        0,
        0,
        0,
        0
      ]
    },
    {
      "command": "berry",
      "mean": 3.4288182041000006,
      "stddev": 0.08995821575359525,
      "median": 3.4297023178000003,
      "user": 5.4400428,
      "system": 1.2320276800000003,
      "min": 3.2980150678,
      "max": 3.5702150818000002,
      "times": [
        3.3891492738,
        3.3326139628000004,
        3.5070094578,
        3.5221685118000003,
        3.3686298718,
        3.2980150678,
        3.3361731308,
        3.4939523208,
        3.4702553618,
        3.5702150818000002
      ],
      "exit_codes": [
        0,
        0,
        0,
        0,
        0,
        0,
        0,
        0,
        0,
        0
      ]
    },
    {
      "command": "pnpm",
      "mean": 3.0789122117000005,
      "stddev": 0.15120989621318556,
      "median": 3.0194337208000004,
      "user": 3.3236839,
      "system": 1.0264085800000002,
      "min": 2.8842075048000004,
      "max": 3.3001971028000003,
      "times": [
        3.3001971028000003,
        3.0478107858000003,
        2.8842075048000004,
        2.9406903208000004,
        3.2452079588000005,
        2.9387215488000002,
        2.9676335268000003,
        2.9910566558,
        3.2838594878000005,
        3.1897372248000004
      ],
      "exit_codes": [
        0,
        0,
        0,
        0,
        0,
        0,
        0,
        0,
        0,
        0
      ]
    },
    {
      "command": "vlt",
      "mean": 0.29580585970000006,
      "stddev": 0.004705697502198321,
      "median": 0.29667935730000006,
      "user": 0.3070681,
      "system": 0.06667727999999999,
      "min": 0.2888147098,
      "max": 0.30530673480000003,
      "times": [
        0.29768169780000003,
        0.2987480448,
        0.30530673480000003,
        0.2910195618,
        0.2981129708,
        0.2987058768,
        0.2888147098,
        0.2956770168,
        0.2905077768,
        0.29348420680000004
      ],
      "exit_codes": [
        0,
        0,
        0,
        0,
        0,
        0,
        0,
        0,
        0,
        0
      ]
    },
    {
      "command": "bun",
      "mean": 1.9976406323,
      "stddev": 0.3454345074661297,
      "median": 1.9425276318,
      "user": 0.7801562000000001,
      "system": 0.8148792799999999,
      "min": 1.5406903998,
      "max": 2.7102004838,
      "times": [
        1.5406903998,
        1.5869306537999999,
        1.8232341198000002,
        2.0362529948000003,
        1.7891864488,
        2.7102004838,
        1.8532222788,
        2.0318329848000003,
        2.1909736798000004,
        2.4138822788
      ],
      "exit_codes": [
        0,
        0,
        0,
        0,
        0,
        0,
        0,
        0,
        0,
        0
      ]
    },
    {
      "command": "deno",
      "mean": 11.378816579799999,
      "stddev": 2.1845442882563706,
      "median": 10.238768071800001,
      "user": 1.5113831999999998,
      "system": 0.3338364799999999,
      "min": 9.3548158538,
      "max": 15.1747894468,
      "times": [
        9.481392300800001,
        9.3548158538,
        13.637690515800001,
        15.1747894468,
        12.704745136800002,
        10.7930013458,
        9.3944304098,
        14.1562359888,
        9.684534797800001,
        9.4065300018
      ],
      "exit_codes": [
        0,
        0,
        0,
        0,
        0,
        0,
        0,
        0,
        0,
        0
      ]
    }
  ]
}