{
  "results": [
    {
      "command": "npm",
      "mean": 0.6528611738800001,
      "stddev": 0.007145037089939963,
      "median": 0.65476586938,
      "user": 0.75813632,
      "system": 0.11940738000000002,
      "min": 0.63641730238,
      "max": 0.66199445238,
      "times": [
        0.65637067138,
        0.64802346338,
        0.63641730238,
        0.64761895238,
        0.65392576538,
        0.66199445238,
        0.65891924038,
        0.65560597338,
        0.65039162438,
        0.65934429338
      ],
      "exit_codes": [
        0,
        0,
        0,
        0,
        0,
        0,
        0,
        0,
        0,
        0
      ]
    },
    {
      "command": "yarn",
      "mean": 0.34566055168,
      "stddev": 0.03446648374208961,
      "median": 0.33348848438,
      "user": 0.37628101999999997,
      "system": 0.07572418,
      "min": 0.32501057038000003,
      "max": 0.44737972238,
      "times": [
        0.32822158938,
        0.33408995038,
        0.32968206338,
        0.32501057038000003,
        0.33216325438,
        0.33288701838,
        0.34636069338000003,
        0.33797632138,
        0.34283433338,
        0.44737972238
      ],
      "exit_codes": [
        0,
        0,
        0,
        0,
        0,
        0,
        0,
        0,
        0,
        0
      ]
    },
    {
      "command": "berry",
      "mean": 1.07169176538,
      "stddev": 0.026716200023550164,
      "median": 1.07031683238,
      "user": 1.2720423200000002,
      "system": 0.21798177999999999,
      "min": 1.03787697638,
      "max": 1.11189923138,
      "times": [
        1.03787697638,
        1.0664341233799999,
        1.10013258438,
        1.11189923138,
        1.07783715138,
        1.05148133338,
        1.07419954138,
        1.11008941838,
        1.04684952338,
        1.04011777038
      ],
      "exit_codes": [
        0,
        0,
        0,
        0,
        0,
        0,
        0,
        0,
        0,
        0
      ]
    },
    {
      "command": "pnpm",
      "mean": 0.8300600469799999,
      "stddev": 0.039638938882690294,
      "median": 0.82854858688,
      "user": 0.9009892199999999,
      "system": 0.14991037999999995,
      "min": 0.76487047738,
      "max": 0.90459431638,
      "times": [
        0.83183765838,
        0.8891374603800001,
        0.82612163538,
        0.7923222253800001,
        0.84160137238,
        0.83097553838,
        0.76487047738,
        0.90459431638,
        0.81017378438,
        0.8089660013800001
      ],
      "exit_codes": [
        0,
        0,
        0,
        0,
        0,
        0,
        0,
        0,
        0,
        0
      ]
    },
    {
      "command": "vlt",
      "mean": 0.33138819838000005,
      "stddev": 0.004272339048166684,
      "median": 0.33199731488,
      "user": 0.35775432,
      "system": 0.07695298,
      "min": 0.32315620938,
      "max": 0.33758277038,
      "times": [
        0.32315620938,
        0.33285329738,
        0.33758277038,
        0.32805264438,
        0.32717277738,
        0.33239349438,
        0.32935225338,
        0.33556170338,
        0.33615569838,
        0.33160113538
      ],
      "exit_codes": [
        0,
        0,
        0,
        0,
        0,
        0,
        0,
        0,
        0,
        0
      ]
    },
    {
      "command": "bun",
      "mean": 0.015667337580000003,
      "stddev": 0.0004112437739854061,
      "median": 0.01570704838,
      "user": 0.00924422,
      "system": 0.01229898,
      "min": 0.015128319380000001,
      "max": 0.01629854738,
      "times": [
        0.01629854738,
        0.01605416738,
        0.01570327838,
        0.015296012380000001,
        0.015144586380000002,
        0.01616210238,
        0.01571081838,
        0.015888457380000002,
        0.015128319380000001,
        0.015287086380000002
      ],
      "exit_codes": [
        0,
        0,
        0,
        0,
        0,
        0,
        0,
        0,
        0,
        0
      ]
    },
    {
      "command": "deno",
      "mean": 0.05278207278000001,
      "stddev": 0.0009469711382052989,
      "median": 0.05271847738,
      "user": 0.031540120000000005,
      "system": 0.027561679999999995,
      "min": 0.05162516938,
      "max": 0.054540219380000005,
      "times": [
        0.05209390938,
        0.05162516938,
        0.051702281380000006,
        0.054540219380000005,
        0.05339310638,
        0.05330148538,
        0.05307727338,
        0.051869705380000006,
        0.05235968138000001,
        0.053857896380000006
      ],
      "exit_codes": [
        0,
        0,
        0,
        0,
        0,
        0,
        0,
        0,
        0,
        0
      ]
    }
  ]
}