{
  "results": [
    {
      "command": "npm",
      "mean": 0.56911753064,
      "stddev": 0.005924582084890748,
      "median": 0.56846896664,
      "user": 0.6253024,
      "system": 0.13598986,
      "min": 0.55873501964,
      "max": 0.58355872764,
      "times": [
        0.5702413066400001,
        0.5692259256400001,
        0.5706061856400001,
        0.5676283096400001,
        0.5677120076400001,
        0.5716475496400001,
        0.56587628964,
        0.5659439846400001,
        0.55873501964,
        0.58355872764
      ],
      "exit_codes": [
        0,
        0,
        0,
        0,
        0,
        0,
        0,
        0,
        0,
        0
      ]
    },
    {
      "command": "yarn",
      "mean": 3.11366657044,
      "stddev": 0.20486202647951446,
      "median": 3.13028985414,
      "user": 1.0081341000000001,
      "system": 0.33178536000000003,
      "min": 2.77202028764,
      "max": 3.44138798164,
      "times": [
        3.16821394364,
        3.43924970464,
        3.11786223264,
        3.14271747564,
        2.92000892364,
        2.91179111864,
        3.44138798164,
        3.17276018864,
        2.77202028764,
        3.05065384764
      ],
      "exit_codes": [
        0,
        0,
        0,
        0,
        0,
        0,
        0,
        0,
        0,
        0
      ]
    },
    {
      "command": "berry",
      "mean": 1.53400479784,
      "stddev": 0.043938752067130826,
      "median": 1.5459466226399998,
      "user": 1.2098722,
      "system": 0.19310876,
      "min": 1.43602145664,
      "max": 1.59846777964,
      "times": [
        1.47918843564,
        1.54364636164,
        1.54692545664,
        1.5501693906399998,
        1.55358426464,
        1.59846777964,
        1.56940907364,
        1.54496778864,
        1.5176679706399998,
        1.43602145664
      ],
      "exit_codes": [
        0,
        0,
        0,
        0,
        0,
        0,
        0,
        0,
        0,
        0
      ]
    },
    {
      "command": "pnpm",
      "mean": 0.78219155624,
      "stddev": 0.03687019738826479,
      "median": 0.7668861606400001,
      "user": 0.9379606999999999,
      "system": 0.15282066,
      "min": 0.7376307406400001,
      "max": 0.8517373786400001,
      "times": [
        0.7456506416400001,
        0.7376307406400001,
        0.8517373786400001,
        0.7671376106400001,
        0.7666347106400001,
        0.7588936366400001,
        0.8004592566400001,
        0.7655237876400001,
        0.8439088466400001,
        0.7843389526400001
      ],
      "exit_codes": [
        0,
        0,
        0,
        0,
        0,
        0,
        0,
        0,
        0,
        0
      ]
    },
    {
      "command": "vlt",
      "mean": 0.25613618664,
      "stddev": 0.005037753397628826,
      "median": 0.25637865914,
      "user": 0.2567354,
      "system": 0.05641735999999999,
      "min": 0.24545406364,
      "max": 0.26538197364,
      "times": [
        0.25863789164,
        0.26538197364,
        0.25773999964,
        0.25505663764000003,
        0.25405990564,
        0.25371100864,
        0.24545406364,
        0.26072478364,
        0.25770068064,
        0.25289492164
      ],
      "exit_codes": [
        0,
        0,
        0,
        0,
        0,
        0,
        0,
        0,
        0,
        0
      ]
    },
    {
      "command": "bun",
      "mean": 0.01079786844,
      "stddev": 0.00020643983300409828,
      "median": 0.01082282864,
      "user": 0.0057846,
      "system": 0.010517759999999998,
      "min": 0.010508562640000002,
      "max": 0.011137404640000001,
      "times": [
        0.010888445640000001,
        0.010508562640000002,
        0.010919894640000002,
        0.01093612864,
        0.011137404640000001,
        0.010576294640000001,
        0.011039982640000001,
        0.010757211640000002,
        0.010568381640000001,
        0.010646377640000001
      ],
      "exit_codes": [
        0,
        0,
        0,
        0,
        0,
        0,
        0,
        0,
        0,
        0
      ]
    },
    {
      "command": "deno",
      "mean": 0.17828518063999998,
      "stddev": 0.003206965225064037,
      "median": 0.17886364164000002,
      "user": 0.2339022,
      "system": 0.09577615999999999,
      "min": 0.17348242664,
      "max": 0.18326114864,
      "times": [
        0.17348242664,
        0.17809447164,
        0.17944844164,
        0.17402275764,
        0.17871557164000001,
        0.18326114864,
        0.18204703564,
        0.17430407964,
        0.17901171164000002,
        0.18046416164
      ],
      "exit_codes": [
        0,
        0,
        0,
        0,
        0,
        0,
        0,
        0,
        0,
        0
      ]
    }
  ]
}