{
  "results": [
    {
      "command": "npm",
      "mean": 3.2963372549599996,
      "stddev": 0.49409063836104783,
      "median": 3.12301377906,
      "user": 0.7683167399999998,
      "system": 0.17740287999999999,
      "min": 2.77062542606,
      "max": 4.32044293606,
      "times": [
        3.55598062306,
        3.03775111706,
        2.77062542606,
        3.2264497410599997,
        3.0613956240599998,
        2.9009665020599997,
        4.32044293606,
        4.04590950406,
        2.8592191420599997,
        3.18463193406
      ],
      "exit_codes": [
        0,
        0,
        0,
        0,
        0,
        0,
        0,
        0,
        0,
        0
      ]
    },
    {
      "command": "yarn",
      "mean": 5.725365465059999,
      "stddev": 0.25162916637780575,
      "median": 5.626947016560001,
      "user": 6.409191340000001,
      "system": 2.4471206800000003,
      "min": 5.4547775650600006,
      "max": 6.20304923406,
      "times": [
        5.61542338206,
        5.52724859906,
        5.81718491006,
        6.18524836806,
        5.5318866170600005,
        5.62171820206,
        5.6321758310600005,
        6.20304923406,
        5.4547775650600006,
        5.6649419420600005
      ],
      "exit_codes": [
        0,
        0,
        0,
        0,
        0,
        0,
        0,
        0,
        0,
        0
      ]
    },
    {
      "command": "berry",
      "mean": 2.43607375696,
      "stddev": 0.0584924573085727,
      "median": 2.4315772080599998,
      "user": 3.6518636399999997,
      "system": 0.93876838,
      "min": 2.35993430406,
      "max": 2.5503133020599997,
      "times": [
        2.45667831306,
        2.5503133020599997,
        2.4335644580599998,
        2.35993430406,
        2.3772746850599997,
        2.4295899580599998,
        2.4130752910599997,
        2.52238531606,
        2.4404788220599998,
        2.3774431200599997
      ],
      "exit_codes": [
        0,
        0,
        0,
        0,
        0,
        0,
        0,
        0,
        0,
        0
      ]
    },
    {
      "command": "pnpm",
      "mean": 1.27418131736,
      "stddev": 0.10693512480463443,
      "median": 1.23466747856,
      "user": 1.7097748400000001,
      "system": 0.42754748000000004,
      "min": 1.19591659006,
      "max": 1.54605965406,
      "times": [
        1.54605965406,
        1.19591659006,
        1.25768846206,
        1.20508576506,
        1.23917745906,
        1.19832524406,
        1.21921039606,
        1.24719268706,
        1.23015749806,
        1.40299941806
      ],
      "exit_codes": [
        0,
        0,
        0,
        0,
        0,
        0,
        0,
        0,
        0,
        0
      ]
    },
    {
      "command": "vlt",
      "mean": 0.25701054386000005,
      "stddev": 0.002499472566351664,
      "median": 0.25667799706000005,
      "user": 0.25397734,
      "system": 0.05414927999999999,
      "min": 0.25287863906,
      "max": 0.26182684406000006,
      "times": [
        0.25287863906,
        0.25472870706000006,
        0.25780440106,
        0.26182684406000006,
        0.26056523106,
        0.25567941706,
        0.25622318406000005,
        0.25713281006000005,
        0.25591207906,
        0.25735412606
      ],
      "exit_codes": [
        0,
        0,
        0,
        0,
        0,
        0,
        0,
        0,
        0,
        0
      ]
    },
    {
      "command": "bun",
      "mean": 0.5780677334600001,
      "stddev": 0.12352147680494198,
      "median": 0.5560021980600001,
      "user": 0.42338493999999993,
      "system": 0.32185938,
      "min": 0.43101465206000006,
      "max": 0.8283421580600001,
      "times": [
        0.8283421580600001,
        0.5012020920600001,
        0.50110009606,
        0.7641935160600001,
        0.51798032006,
        0.5940240760600001,
        0.59718439006,
        0.43101465206000006,
        0.44697972206000003,
        0.59865631206
      ],
      "exit_codes": [
        0,
        0,
        0,
        0,
        0,
        0,
        0,
        0,
        0,
        0
      ]
    },
    {
      "command": "deno",
      "mean": 2.6764425031599997,
      "stddev": 0.42237407222392825,
      "median": 2.71462808056,
      "user": 0.8261518399999999,
      "system": 0.25501068,
      "min": 1.85320061206,
      "max": 3.2099536230599997,
      "times": [
        2.3104095880599997,
        2.45626319306,
        3.2099536230599997,
        3.14416159606,
        2.74290208006,
        2.32701826606,
        3.1927731860599997,
        2.84138880606,
        2.6863540810599997,
        1.85320061206
      ],
      "exit_codes": [
        0,
        0,
        0,
        0,
        0,
        0,
        0,
        0,
        0,
        0
      ]
    }
  ]
}