{
  "results": [
    {
      "command": "npm",
      "mean": 2.46421245104,
      "stddev": 0.16323280798054132,
      "median": 2.39170772244,
      "user": 0.7220808400000001,
      "system": 0.16809916,
      "min": 2.33145305044,
      "max": 2.84162472944,
      "times": [
        2.35890150244,
        2.36286397944,
        2.33145305044,
        2.84162472944,
        2.45568533844,
        2.42055146544,
        2.33523982544,
        2.50397587844,
        2.34345819844,
        2.68837054244
      ],
      "exit_codes": [
        0,
        0,
        0,
        0,
        0,
        0,
        0,
        0,
        0,
        0
      ]
    },
    {
      "command": "yarn",
      "mean": 5.72714339394,
      "stddev": 0.11421334457802558,
      "median": 5.75183667894,
      "user": 7.339369440000001,
      "system": 2.7744729599999998,
      "min": 5.501861724439999,
      "max": 5.8939119914399996,
      "times": [
        5.7275467964399995,
        5.80937617844,
        5.69548661144,
        5.65695887444,
        5.58070423744,
        5.81647685144,
        5.81298411244,
        5.501861724439999,
        5.77612656144,
        5.8939119914399996
      ],
      "exit_codes": [
        0,
        0,
        0,
        0,
        0,
        0,
        0,
        0,
        0,
        0
      ]
    },
    {
      "command": "berry",
      "mean": 2.2270150000399997,
      "stddev": 0.024592940269228022,
      "median": 2.23204842794,
      "user": 3.5798773400000004,
      "system": 0.92625636,
      "min": 2.18984466644,
      "max": 2.27014845744,
      "times": [
        2.18984466644,
        2.22827871944,
        2.19499994544,
        2.22658303244,
        2.2377421224400003,
        2.24834786744,
        2.27014845744,
        2.2358181364400003,
        2.1967297504400003,
        2.24165730244
      ],
      "exit_codes": [
        0,
        0,
        0,
        0,
        0,
        0,
        0,
        0,
        0,
        0
      ]
    },
    {
      "command": "zpm",
      "mean": 1.4142676627400002,
      "stddev": 0.14608676725941047,
      "median": 1.3588282499400002,
      "user": 0.80494364,
      "system": 0.64861896,
      "min": 1.27277681744,
      "max": 1.75135199744,
      "times": [
        1.27277681744,
        1.27832654244,
        1.39904774244,
        1.75135199744,
        1.5278986524400002,
        1.5626146384400001,
        1.33668561144,
        1.35338116444,
        1.29631812544,
        1.3642753354400001
      ],
      "exit_codes": [
        0,
        0,
        0,
        0,
        0,
        0,
        0,
        0,
        0,
        0
      ]
    },
    {
      "command": "pnpm",
      "mean": 1.12751813974,
      "stddev": 0.013687046826353981,
      "median": 1.1278219799400002,
      "user": 1.70721154,
      "system": 0.42998085999999996,
      "min": 1.1054283574400001,
      "max": 1.1471248494400001,
      "times": [
        1.1054283574400001,
        1.1471248494400001,
        1.13359555744,
        1.1397067814400001,
        1.1120108854400002,
        1.11759637344,
        1.1172306224400002,
        1.1220484024400001,
        1.1372079724400002,
        1.14323159544
      ],
      "exit_codes": [
        0,
        0,
        0,
        0,
        0,
        0,
        0,
        0,
        0,
        0
      ]
    },
    {
      "command": "vlt",
      "mean": 0.27450987864,
      "stddev": 0.0023736316229520816,
      "median": 0.27449277144,
      "user": 0.27715934,
      "system": 0.053399260000000004,
      "min": 0.27155891344,
      "max": 0.28031593643999997,
      "times": [
        0.27176381344,
        0.27570068244,
        0.27155891344,
        0.28031593643999997,
        0.27479964744,
        0.27424221744,
        0.27474332544,
        0.27373914243999997,
        0.27550534043999997,
        0.27272976744
      ],
      "exit_codes": [
        0,
        0,
        0,
        0,
        0,
        0,
        0,
        0,
        0,
        0
      ]
    },
    {
      "command": "bun",
      "mean": 0.43583656503999996,
      "stddev": 0.1608382789243907,
      "median": 0.39222877893999997,
      "user": 0.44981014,
      "system": 0.29597436,
      "min": 0.33600116244,
      "max": 0.90839688644,
      "times": [
        0.41959052144,
        0.35239699543999997,
        0.90839688644,
        0.38951142444,
        0.39494613344,
        0.40850492244000003,
        0.35392380444,
        0.44213443744,
        0.33600116244,
        0.35295936244
      ],
      "exit_codes": [
        0,
        0,
        0,
        0,
        0,
        0,
        0,
        0,
        0,
        0
      ]
    },
    {
      "command": "deno",
      "mean": 1.6386550988400004,
      "stddev": 0.06823191566662577,
      "median": 1.6354354299400002,
      "user": 0.82030844,
      "system": 0.26712526,
      "min": 1.5415870694400002,
      "max": 1.7557900214400002,
      "times": [
        1.59865237444,
        1.6165189724400002,
        1.7557900214400002,
        1.6890173294400002,
        1.6543518874400003,
        1.7030715494400002,
        1.69568971644,
        1.5491785024400002,
        1.58269356544,
        1.5415870694400002
      ],
      "exit_codes": [
        0,
        0,
        0,
        0,
        0,
        0,
        0,
        0,
        0,
        0
      ]
    }
  ]
}