{
  "results": [
    {
      "command": "npm",
      "mean": 0.33839123944000005,
      "stddev": 0.0023525903057745033,
      "median": 0.33866946914,
      "user": 0.35837016,
      "system": 0.08483353999999999,
      "min": 0.33303661864,
      "max": 0.34215321564,
      "times": [
        0.34215321564,
        0.33996176564,
        0.33794770864,
        0.33303661864,
        0.33890619564,
        0.33843274264,
        0.34051956864,
        0.33912573564,
        0.33663073464,
        0.33719810864
      ],
      "exit_codes": [
        0,
        0,
        0,
        0,
        0,
        0,
        0,
        0,
        0,
        0
      ]
    },
    {
      "command": "yarn",
      "mean": 5.55451593934,
      "stddev": 0.3098836124588798,
      "median": 5.52408083764,
      "user": 6.239030359999999,
      "system": 2.42029944,
      "min": 5.17938834964,
      "max": 6.27407904864,
      "times": [
        5.58143677364,
        5.28190897764,
        5.17938834964,
        5.61874428564,
        5.88428813264,
        5.56298531664,
        5.24988354064,
        6.27407904864,
        5.42726860964,
        5.4851763586399995
      ],
      "exit_codes": [
        0,
        0,
        0,
        0,
        0,
        0,
        0,
        0,
        0,
        0
      ]
    },
    {
      "command": "berry",
      "mean": 2.49272267724,
      "stddev": 0.035253925561426896,
      "median": 2.4916779466400003,
      "user": 3.69682866,
      "system": 0.9608924400000001,
      "min": 2.43035416764,
      "max": 2.54520812264,
      "times": [
        2.43035416764,
        2.47314328264,
        2.4554747376400003,
        2.48482343464,
        2.50426052564,
        2.54520812264,
        2.47135630464,
        2.54290128864,
        2.5211724496400003,
        2.49853245864
      ],
      "exit_codes": [
        0,
        0,
        0,
        0,
        0,
        0,
        0,
        0,
        0,
        0
      ]
    },
    {
      "command": "pnpm",
      "mean": 1.22733755114,
      "stddev": 0.081422795066937,
      "median": 1.18754213764,
      "user": 1.64320366,
      "system": 0.42610983999999996,
      "min": 1.16894364664,
      "max": 1.43026829064,
      "times": [
        1.17975255664,
        1.22130009464,
        1.16894364664,
        1.18841234864,
        1.1866719266399999,
        1.43026829064,
        1.21102666864,
        1.33199020864,
        1.1724293236399999,
        1.1825804466399998
      ],
      "exit_codes": [
        0,
        0,
        0,
        0,
        0,
        0,
        0,
        0,
        0,
        0
      ]
    },
    {
      "command": "vlt",
      "mean": 0.2320221942400001,
      "stddev": 0.002738424635408364,
      "median": 0.23122256314000003,
      "user": 0.21250015999999997,
      "system": 0.049005339999999994,
      "min": 0.22795418964000003,
      "max": 0.23687031564000002,
      "times": [
        0.23335445764,
        0.22972341564,
        0.23687031564000002,
        0.23516272164000002,
        0.22977782164000002,
        0.23035895864000003,
        0.23025208064000002,
        0.23208616764000004,
        0.23468181364000001,
        0.22795418964000003
      ],
      "exit_codes": [
        0,
        0,
        0,
        0,
        0,
        0,
        0,
        0,
        0,
        0
      ]
    },
    {
      "command": "bun",
      "mean": 0.45626017984,
      "stddev": 0.06203262561748116,
      "median": 0.42852588564,
      "user": 0.44210165999999995,
      "system": 0.32458144,
      "min": 0.40322791864,
      "max": 0.5985715366400001,
      "times": [
        0.41271840664,
        0.41088528364,
        0.5985715366400001,
        0.44843808064,
        0.42231256064,
        0.53900958464,
        0.48336362664,
        0.40322791864,
        0.40933558964,
        0.43473921064
      ],
      "exit_codes": [
        0,
        0,
        0,
        0,
        0,
        0,
        0,
        0,
        0,
        0
      ]
    },
    {
      "command": "deno",
      "mean": 2.06871482214,
      "stddev": 0.21293742834675786,
      "median": 2.03436701014,
      "user": 0.8026906599999999,
      "system": 0.27300253999999996,
      "min": 1.8023953206399999,
      "max": 2.45954029164,
      "times": [
        2.04424693664,
        2.1480681336400003,
        1.85554522664,
        2.45954029164,
        1.84334583964,
        2.02448708364,
        1.99369275364,
        2.41193966964,
        1.8023953206399999,
        2.10388696564
      ],
      "exit_codes": [
        0,
        0,
        0,
        0,
        0,
        0,
        0,
        0,
        0,
        0
      ]
    }
  ]
}