{
  "results": [
    {
      "command": "npm",
      "mean": 3.4914748230600003,
      "stddev": 0.2859829454907602,
      "median": 3.4976887755600004,
      "user": 0.72570834,
      "system": 0.19037700000000002,
      "min": 3.01336697606,
      "max": 4.15038327106,
      "times": [
        3.2781559740599997,
        3.57889077206,
        3.53926663406,
        3.26779987706,
        3.56322995606,
        3.01336697606,
        3.39292363606,
        4.15038327106,
        3.45611091706,
        3.67462021706
      ],
      "exit_codes": [
        0,
        0,
        0,
        0,
        0,
        0,
        0,
        0,
        0,
        0
      ]
    },
    {
      "command": "yarn",
      "mean": 6.362238993859999,
      "stddev": 0.2722872152168934,
      "median": 6.36175489156,
      "user": 7.23244794,
      "system": 2.7358881,
      "min": 6.00211365306,
      "max": 6.96551396806,
      "times": [
        6.17908550706,
        6.35748374906,
        6.00211365306,
        6.38027593206,
        6.12822267606,
        6.96551396806,
        6.11501969706,
        6.47402810906,
        6.36602603406,
        6.65462061306
      ],
      "exit_codes": [
        0,
        0,
        0,
        0,
        0,
        0,
        0,
        0,
        0,
        0
      ]
    },
    {
      "command": "berry",
      "mean": 2.3910886066599994,
      "stddev": 0.06686537490103558,
      "median": 2.40032660656,
      "user": 3.4401790399999994,
      "system": 0.9320250999999999,
      "min": 2.26915708906,
      "max": 2.47118938106,
      "times": [
        2.32941954406,
        2.47118938106,
        2.26915708906,
        2.4474164310599997,
        2.43457713506,
        2.33855933606,
        2.44324751106,
        2.34225271506,
        2.36607607806,
        2.46899084606
      ],
      "exit_codes": [
        0,
        0,
        0,
        0,
        0,
        0,
        0,
        0,
        0,
        0
      ]
    },
    {
      "command": "zpm",
      "mean": 1.93683518386,
      "stddev": 0.17162260129099388,
      "median": 1.9253166260599999,
      "user": 0.8567546400000001,
      "system": 0.6911342999999999,
      "min": 1.70749385106,
      "max": 2.25583839506,
      "times": [
        1.88150683506,
        1.70749385106,
        2.04676802006,
        1.78347967406,
        2.25583839506,
        1.88760488206,
        1.96302837006,
        2.15887529506,
        1.96652407206,
        1.71723244406
      ],
      "exit_codes": [
        0,
        0,
        0,
        0,
        0,
        0,
        0,
        0,
        0,
        0
      ]
    },
    {
      "command": "pnpm",
      "mean": 1.3943547670599998,
      "stddev": 0.1465439520968115,
      "median": 1.36617756656,
      "user": 1.64110084,
      "system": 0.4280413,
      "min": 1.23496086306,
      "max": 1.80472214206,
      "times": [
        1.28601149506,
        1.32502001706,
        1.35199693606,
        1.80472214206,
        1.35706203506,
        1.23496086306,
        1.38235007206,
        1.37529309806,
        1.41470113706,
        1.41142987506
      ],
      "exit_codes": [
        0,
        0,
        0,
        0,
        0,
        0,
        0,
        0,
        0,
        0
      ]
    },
    {
      "command": "vlt",
      "mean": 0.2683347635600001,
      "stddev": 0.0015264032075768363,
      "median": 0.26862832606000003,
      "user": 0.26440414,
      "system": 0.05821349999999999,
      "min": 0.26582753206000004,
      "max": 0.27141754306000004,
      "times": [
        0.26775385506000005,
        0.26876096106,
        0.26894320606000005,
        0.26582753206000004,
        0.26893652306000004,
        0.26691063606000004,
        0.27141754306000004,
        0.26671275106000003,
        0.26849569106000004,
        0.26958893706000003
      ],
      "exit_codes": [
        0,
        0,
        0,
        0,
        0,
        0,
        0,
        0,
        0,
        0
      ]
    },
    {
      "command": "bun",
      "mean": 0.5947601200599999,
      "stddev": 0.1906048783644851,
      "median": 0.53794545206,
      "user": 0.43356564,
      "system": 0.2983384,
      "min": 0.48216382106000005,
      "max": 1.1578570470599998,
      "times": [
        0.53242981706,
        0.5434610870600001,
        0.5009181450600001,
        0.49966514106000004,
        0.55808471506,
        0.48216382106000005,
        1.1578570470599998,
        0.51939747806,
        0.60430021806,
        0.5493237310600001
      ],
      "exit_codes": [
        0,
        0,
        0,
        0,
        0,
        0,
        0,
        0,
        0,
        0
      ]
    },
    {
      "command": "deno",
      "mean": 2.61413987716,
      "stddev": 0.36560522716990057,
      "median": 2.5162584830599997,
      "user": 0.8161878399999999,
      "system": 0.2809812,
      "min": 2.0976506590599997,
      "max": 3.24626920606,
      "times": [
        2.25568116506,
        2.44186073706,
        2.31673473606,
        2.53001579806,
        3.19908861906,
        2.84554302306,
        3.24626920606,
        2.50250116806,
        2.70605366006,
        2.0976506590599997
      ],
      "exit_codes": [
        0,
        0,
        0,
        0,
        0,
        0,
        0,
        0,
        0,
        0
      ]
    }
  ]
}