{
  "results": [
    {
      "command": "npm",
      "mean": 0.5369934565200001,
      "stddev": 0.007339082643385419,
      "median": 0.53811835292,
      "user": 0.5954469199999999,
      "system": 0.10366449999999998,
      "min": 0.52215476192,
      "max": 0.54516242892,
      "times": [
        0.52661722392,
        0.52215476192,
        0.53592710692,
        0.54074575592,
        0.54407692692,
        0.53942741092,
        0.54498640992,
        0.54516242892,
        0.53680929492,
        0.53402724492
      ],
      "exit_codes": [
        0,
        0,
        0,
        0,
        0,
        0,
        0,
        0,
        0,
        0
      ]
    },
    {
      "command": "yarn",
      "mean": 0.30728446252,
      "stddev": 0.009997238125585266,
      "median": 0.30297496942,
      "user": 0.33085142,
      "system": 0.062878,
      "min": 0.30068275692,
      "max": 0.33584130792000005,
      "times": [
        0.31117638792,
        0.30726095692000005,
        0.33584130792000005,
        0.30617353992,
        0.30333327992000003,
        0.30150941292000005,
        0.30215501892,
        0.30209530492000003,
        0.30261665892,
        0.30068275692
      ],
      "exit_codes": [
        0,
        0,
        0,
        0,
        0,
        0,
        0,
        0,
        0,
        0
      ]
    },
    {
      "command": "berry",
      "mean": 0.72566349982,
      "stddev": 0.006387914812016694,
      "median": 0.7245118644199999,
      "user": 0.8411115199999999,
      "system": 0.1369274,
      "min": 0.71716668392,
      "max": 0.73702715092,
      "times": [
        0.71862245792,
        0.72156069092,
        0.72421878692,
        0.72480494192,
        0.73203518492,
        0.71716668392,
        0.73298457292,
        0.72849202492,
        0.71972250292,
        0.73702715092
      ],
      "exit_codes": [
        0,
        0,
        0,
        0,
        0,
        0,
        0,
        0,
        0,
        0
      ]
    },
    {
      "command": "zpm",
      "mean": 0.2766587313200001,
      "stddev": 0.0011071125806249547,
      "median": 0.27663507742000004,
      "user": 0.16846212,
      "system": 0.1494017,
      "min": 0.27508375492000003,
      "max": 0.27837292292000004,
      "times": [
        0.27770522892000005,
        0.27508375492000003,
        0.27528280692,
        0.27779152292000003,
        0.27758674692,
        0.27570616492000005,
        0.27677394192000004,
        0.27578800992,
        0.27837292292000004,
        0.27649621292000004
      ],
      "exit_codes": [
        0,
        0,
        0,
        0,
        0,
        0,
        0,
        0,
        0,
        0
      ]
    },
    {
      "command": "pnpm",
      "mean": 0.72529351062,
      "stddev": 0.008009665967828575,
      "median": 0.7234195539199999,
      "user": 0.7955607199999999,
      "system": 0.1319791,
      "min": 0.71593982892,
      "max": 0.73879884992,
      "times": [
        0.73665517492,
        0.71801842092,
        0.72118675892,
        0.71871193192,
        0.72645166192,
        0.71593982892,
        0.73879884992,
        0.72565234892,
        0.71777383992,
        0.73374628992
      ],
      "exit_codes": [
        0,
        0,
        0,
        0,
        0,
        0,
        0,
        0,
        0,
        0
      ]
    },
    {
      "command": "vlt",
      "mean": 0.43615621202000004,
      "stddev": 0.003537431975480383,
      "median": 0.43641467592000005,
      "user": 0.46568851999999994,
      "system": 0.10447139999999999,
      "min": 0.42985200092000003,
      "max": 0.44070281692,
      "times": [
        0.43177469692000003,
        0.43628171292000006,
        0.44070281692,
        0.43922365692000004,
        0.43482163192000006,
        0.44043819292,
        0.43315362992000006,
        0.43876614192,
        0.42985200092000003,
        0.43654763892000004
      ],
      "exit_codes": [
        0,
        0,
        0,
        0,
        0,
        0,
        0,
        0,
        0,
        0
      ]
    },
    {
      "command": "bun",
      "mean": 0.01160918902,
      "stddev": 0.00045032687035628875,
      "median": 0.011389386420000001,
      "user": 0.008634119999999999,
      "system": 0.0088921,
      "min": 0.01115366792,
      "max": 0.01269264392,
      "times": [
        0.01140513492,
        0.01170928892,
        0.01186705892,
        0.01124012992,
        0.01201633292,
        0.01269264392,
        0.01115366792,
        0.01130682392,
        0.01132717092,
        0.01137363792
      ],
      "exit_codes": [
        0,
        0,
        0,
        0,
        0,
        0,
        0,
        0,
        0,
        0
      ]
    },
    {
      "command": "deno",
      "mean": 0.04320044222,
      "stddev": 0.0007882487578766035,
      "median": 0.04321961642000001,
      "user": 0.024593320000000002,
      "system": 0.022768,
      "min": 0.04215702392000001,
      "max": 0.04474371592,
      "times": [
        0.042785008920000006,
        0.04215702392000001,
        0.042512138920000005,
        0.043529911920000004,
        0.043620597920000004,
        0.04474371592,
        0.04216492092000001,
        0.04330191992000001,
        0.04405187092000001,
        0.043137312920000004
      ],
      "exit_codes": [
        0,
        0,
        0,
        0,
        0,
        0,
        0,
        0,
        0,
        0
      ]
    }
  ]
}