{
  "results": [
    {
      "command": "npm",
      "mean": 3.54016591378,
      "stddev": 0.03365975177730299,
      "median": 3.53492976888,
      "user": 3.835070279999999,
      "system": 2.3823809399999996,
      "min": 3.49253224438,
      "max": 3.59209007938,
      "times": [
        3.51008091438,
        3.49253224438,
        3.51373923138,
        3.5487965483800004,
        3.58248980838,
        3.58162127438,
        3.59209007938,
        3.51044949938,
        3.54586092138,
        3.52399861638
      ],
      "exit_codes": [
        0,
        0,
        0,
        0,
        0,
        0,
        0,
        0,
        0,
        0
      ]
    },
    {
      "command": "yarn",
      "mean": 2.50258956128,
      "stddev": 0.5830227565882828,
      "median": 2.3054348223800005,
      "user": 2.45328088,
      "system": 2.4550641399999997,
      "min": 2.2809216503800003,
      "max": 4.2503494363800005,
      "times": [
        4.2503494363800005,
        2.3142370853800003,
        2.28819633338,
        2.28904094538,
        2.32861287038,
        2.3432441653800002,
        2.3455335603800003,
        2.2966325593800003,
        2.28912700638,
        2.2809216503800003
      ],
      "exit_codes": [
        0,
        0,
        0,
        0,
        0,
        0,
        0,
        0,
        0,
        0
      ]
    },
    {
      "command": "berry",
      "mean": 2.21677648388,
      "stddev": 0.021257347827825922,
      "median": 2.21932155938,
      "user": 2.6741801799999996,
      "system": 1.2573632399999997,
      "min": 2.18816484838,
      "max": 2.26406693438,
      "times": [
        2.2207421383800003,
        2.26406693438,
        2.22918194538,
        2.21790098038,
        2.22427829038,
        2.20201768238,
        2.19655669638,
        2.22934046638,
        2.19551485638,
        2.18816484838
      ],
      "exit_codes": [
        0,
        0,
        0,
        0,
        0,
        0,
        0,
        0,
        0,
        0
      ]
    },
    {
      "command": "zpm",
      "mean": 0.4509027797800001,
      "stddev": 0.003334244352398376,
      "median": 0.45136539138000004,
      "user": 0.12644408000000001,
      "system": 0.36745064000000005,
      "min": 0.44583742238,
      "max": 0.45530073138000005,
      "times": [
        0.44957284138000003,
        0.45016602038000003,
        0.45457132238000003,
        0.45268386338000005,
        0.44583742238,
        0.45256476238000004,
        0.45530073138000005,
        0.44605804538000005,
        0.45436805238000005,
        0.44790473638000006
      ],
      "exit_codes": [
        0,
        0,
        0,
        0,
        0,
        0,
        0,
        0,
        0,
        0
      ]
    },
    {
      "command": "pnpm",
      "mean": 1.0650559817799998,
      "stddev": 0.030387946711280336,
      "median": 1.0517194563799999,
      "user": 1.6570933799999998,
      "system": 0.52395964,
      "min": 1.0452784173799998,
      "max": 1.1463328873799998,
      "times": [
        1.05806282738,
        1.0452784173799998,
        1.04814426338,
        1.05845813238,
        1.0459523303799998,
        1.04994372038,
        1.05349519238,
        1.1463328873799998,
        1.04983478338,
        1.09505726338
      ],
      "exit_codes": [
        0,
        0,
        0,
        0,
        0,
        0,
        0,
        0,
        0,
        0
      ]
    },
    {
      "command": "vlt",
      "mean": 1.7201459407799997,
      "stddev": 0.025913315072017527,
      "median": 1.7223611933799998,
      "user": 1.92781928,
      "system": 1.3573301399999997,
      "min": 1.67660343238,
      "max": 1.7538425353799998,
      "times": [
        1.7078686513799999,
        1.74524104538,
        1.7029223863799998,
        1.7538425353799998,
        1.6992353893799998,
        1.73685373538,
        1.74221235238,
        1.7447652133799998,
        1.69191466638,
        1.67660343238
      ],
      "exit_codes": [
        0,
        0,
        0,
        0,
        0,
        0,
        0,
        0,
        0,
        0
      ]
    },
    {
      "command": "bun",
      "mean": 0.19608076548000003,
      "stddev": 0.006479610478778124,
      "median": 0.19490289038000003,
      "user": 0.044449180000000005,
      "system": 0.16187104000000002,
      "min": 0.19127189038000003,
      "max": 0.21459244038000003,
      "times": [
        0.19464735438000003,
        0.19675873738000002,
        0.19269815138000002,
        0.19198607538000004,
        0.19127189038000003,
        0.19151639838000004,
        0.19515842638000003,
        0.21459244038000003,
        0.19518383938000003,
        0.19699434138000002
      ],
      "exit_codes": [
        0,
        0,
        0,
        0,
        0,
        0,
        0,
        0,
        0,
        0
      ]
    },
    {
      "command": "deno",
      "mean": 0.43436724928000003,
      "stddev": 0.008932226041798606,
      "median": 0.43208956088000006,
      "user": 0.32221057999999997,
      "system": 0.41859584000000005,
      "min": 0.42273118538000004,
      "max": 0.45198600738000005,
      "times": [
        0.45198600738000005,
        0.43810798738000006,
        0.43006437638000006,
        0.42910456538,
        0.43411474538000006,
        0.42273118538000004,
        0.42821072038,
        0.44834515438000005,
        0.43428703338,
        0.42672071738000006
      ],
      "exit_codes": [
        0,
        0,
        0,
        0,
        0,
        0,
        0,
        0,
        0,
        0
      ]
    }
  ]
}