{
  "results": [
    {
      "command": "npm",
      "mean": 8.60242296258,
      "stddev": 0.03795191637714831,
      "median": 8.61492044428,
      "user": 8.26102566,
      "system": 5.400734020000001,
      "min": 8.53614225878,
      "max": 8.64216687878,
      "times": [
        8.55120958578,
        8.55209807478,
        8.53614225878,
        8.63468175278,
        8.61459795278,
        8.63647744478,
        8.62738458878,
        8.61524293578,
        8.64216687878,
        8.61422815278
      ],
      "exit_codes": [
        0,
        0,
        0,
        0,
        0,
        0,
        0,
        0,
        0,
        0
      ]
    },
    {
      "command": "yarn",
      "mean": 4.16710104938,
      "stddev": 0.06035111441158316,
      "median": 4.17507585178,
      "user": 3.90412956,
      "system": 4.52442312,
      "min": 4.06417541878,
      "max": 4.28018933678,
      "times": [
        4.11651795478,
        4.28018933678,
        4.06417541878,
        4.17223087178,
        4.14470828778,
        4.17792083178,
        4.18496346678,
        4.10160436678,
        4.2338775467800005,
        4.19482241178
      ],
      "exit_codes": [
        0,
        0,
        0,
        0,
        0,
        0,
        0,
        0,
        0,
        0
      ]
    },
    {
      "command": "berry",
      "mean": 4.3145444908799995,
      "stddev": 0.036971125149236554,
      "median": 4.31696358428,
      "user": 4.67720756,
      "system": 2.45518782,
      "min": 4.23010381778,
      "max": 4.3656144477800005,
      "times": [
        4.3059864907800005,
        4.33630538278,
        4.28983160878,
        4.30202966278,
        4.32794067778,
        4.3656144477800005,
        4.23010381778,
        4.29856086078,
        4.33071142078,
        4.35836053878
      ],
      "exit_codes": [
        0,
        0,
        0,
        0,
        0,
        0,
        0,
        0,
        0,
        0
      ]
    },
    {
      "command": "zpm",
      "mean": 1.0805846946800002,
      "stddev": 0.041236689509762024,
      "median": 1.06808718028,
      "user": 0.32072706,
      "system": 0.82050472,
      "min": 1.0601012117800002,
      "max": 1.2038159667800001,
      "times": [
        1.07065915778,
        1.06513309878,
        1.06199270578,
        1.06594706778,
        1.0664768957800002,
        1.2038159667800001,
        1.07174965978,
        1.0696974647800002,
        1.0601012117800002,
        1.0702737177800001
      ],
      "exit_codes": [
        0,
        0,
        0,
        0,
        0,
        0,
        0,
        0,
        0,
        0
      ]
    },
    {
      "command": "pnpm",
      "mean": 1.31557532788,
      "stddev": 0.007929631791769476,
      "median": 1.31417812628,
      "user": 2.05109186,
      "system": 0.74912762,
      "min": 1.30660175878,
      "max": 1.33443988478,
      "times": [
        1.3191852507800002,
        1.32262990478,
        1.31677218578,
        1.31285447378,
        1.30845983478,
        1.30961814078,
        1.30660175878,
        1.33443988478,
        1.3096900657800001,
        1.31550177878
      ],
      "exit_codes": [
        0,
        0,
        0,
        0,
        0,
        0,
        0,
        0,
        0,
        0
      ]
    },
    {
      "command": "vlt",
      "mean": 3.1307720325800004,
      "stddev": 0.02749487547985639,
      "median": 3.13514795278,
      "user": 2.93853176,
      "system": 2.6047144199999996,
      "min": 3.08542563178,
      "max": 3.17502716978,
      "times": [
        3.14992553678,
        3.14282585278,
        3.15801432178,
        3.08622579078,
        3.12318136978,
        3.08542563178,
        3.1167987467800002,
        3.13240577978,
        3.1378901257800003,
        3.17502716978
      ],
      "exit_codes": [
        0,
        0,
        0,
        0,
        0,
        0,
        0,
        0,
        0,
        0
      ]
    },
    {
      "command": "bun",
      "mean": 0.27968153938,
      "stddev": 0.00819717063245022,
      "median": 0.27614263478,
      "user": 0.025483459999999996,
      "system": 0.26002432,
      "min": 0.27403877978,
      "max": 0.30164403178000004,
      "times": [
        0.27403877978,
        0.27562803978,
        0.27458430778000004,
        0.27609572078,
        0.27455549078,
        0.27633754678,
        0.28089452978,
        0.28684739778,
        0.30164403178000004,
        0.27618954878
      ],
      "exit_codes": [
        0,
        0,
        0,
        0,
        0,
        0,
        0,
        0,
        0,
        0
      ]
    },
    {
      "command": "deno",
      "mean": 0.49637378548000005,
      "stddev": 0.0075924803772603145,
      "median": 0.49758552478000007,
      "user": 0.43656936,
      "system": 0.6041981199999998,
      "min": 0.48363812878000007,
      "max": 0.50849589078,
      "times": [
        0.50101465878,
        0.49689186678,
        0.49827918278000005,
        0.49134025378,
        0.50346141578,
        0.5032054417799999,
        0.48769776178,
        0.48971325378,
        0.48363812878000007,
        0.50849589078
      ],
      "exit_codes": [
        0,
        0,
        0,
        0,
        0,
        0,
        0,
        0,
        0,
        0
      ]
    }
  ]
}