{
  "results": [
    {
      "command": "npm",
      "mean": 0.63799207802,
      "stddev": 0.005763608522373482,
      "median": 0.63748101032,
      "user": 0.7165412,
      "system": 0.12166553999999999,
      "min": 0.63042273582,
      "max": 0.6495540508200001,
      "times": [
        0.63042273582,
        0.64150904382,
        0.6495540508200001,
        0.64121196282,
        0.64293826982,
        0.63704672082,
        0.6379152998200001,
        0.63139876182,
        0.63103270482,
        0.63689122982
      ],
      "exit_codes": [
        0,
        0,
        0,
        0,
        0,
        0,
        0,
        0,
        0,
        0
      ]
    },
    {
      "command": "yarn",
      "mean": 24.634490532420003,
      "stddev": 0.7825591034449515,
      "median": 24.48914016532,
      "user": 31.170983499999995,
      "system": 15.59998684,
      "min": 23.65762090982,
      "max": 26.61893247182,
      "times": [
        24.62068585382,
        25.27287562582,
        26.61893247182,
        24.16489751982,
        24.66239779782,
        23.65762090982,
        24.485446130819998,
        24.49283419982,
        24.46354335082,
        23.90567146382
      ],
      "exit_codes": [
        0,
        0,
        0,
        0,
        0,
        0,
        0,
        0,
        0,
        0
      ]
    },
    {
      "command": "berry",
      "mean": 6.006333304120001,
      "stddev": 0.11304751252205134,
      "median": 6.03178219432,
      "user": 11.325326099999998,
      "system": 3.1851183400000003,
      "min": 5.71780360882,
      "max": 6.16888457282,
      "times": [
        6.03274630882,
        6.03795059082,
        6.07513267782,
        6.00679820582,
        6.03081807982,
        5.71780360882,
        6.16888457282,
        6.08234582282,
        5.94724623582,
        5.96360693782
      ],
      "exit_codes": [
        0,
        0,
        0,
        0,
        0,
        0,
        0,
        0,
        0,
        0
      ]
    },
    {
      "command": "pnpm",
      "mean": 4.44542787912,
      "stddev": 0.16770485855072026,
      "median": 4.42834726832,
      "user": 6.8947637,
      "system": 2.4140180399999998,
      "min": 4.23675833182,
      "max": 4.77982176082,
      "times": [
        4.67095824882,
        4.23675833182,
        4.29637539182,
        4.77982176082,
        4.26930205982,
        4.34618690082,
        4.45097905282,
        4.45031195582,
        4.54720250782,
        4.40638258082
      ],
      "exit_codes": [
        0,
        0,
        0,
        0,
        0,
        0,
        0,
        0,
        0,
        0
      ]
    },
    {
      "command": "vlt",
      "mean": 0.32368859152,
      "stddev": 0.003080712001786569,
      "median": 0.32447426582000005,
      "user": 0.3539579999999999,
      "system": 0.07691153999999999,
      "min": 0.31857934782,
      "max": 0.32858138682000004,
      "times": [
        0.32150050982000006,
        0.32000484982000005,
        0.32476015682000003,
        0.32570364082000003,
        0.32472400482,
        0.31857934782,
        0.32858138682000004,
        0.32422452682,
        0.32747909282000004,
        0.32132839882
      ],
      "exit_codes": [
        0,
        0,
        0,
        0,
        0,
        0,
        0,
        0,
        0,
        0
      ]
    },
    {
      "command": "bun",
      "mean": 2.83093354152,
      "stddev": 0.1685585111975736,
      "median": 2.82254501982,
      "user": 3.476341299999999,
      "system": 2.8696585399999996,
      "min": 2.58476975082,
      "max": 3.22846801882,
      "times": [
        2.87384980082,
        3.22846801882,
        2.77084251082,
        2.58476975082,
        2.66912716182,
        2.86189084182,
        2.8830664068200003,
        2.94510883982,
        2.70901288582,
        2.78319919782
      ],
      "exit_codes": [
        0,
        0,
        0,
        0,
        0,
        0,
        0,
        0,
        0,
        0
      ]
    },
    {
      "command": "deno",
      "mean": 7.17830542552,
      "stddev": 0.5665815682008509,
      "median": 7.0255730968200005,
      "user": 3.2106904999999997,
      "system": 0.82765424,
      "min": 6.43632683282,
      "max": 8.67619219282,
      "times": [
        8.67619219282,
        7.18984534382,
        6.85621457082,
        6.43632683282,
        6.98095256682,
        7.04365625682,
        7.44165709582,
        7.00748993682,
        7.3354249428200005,
        6.81529451582
      ],
      "exit_codes": [
        0,
        0,
        0,
        0,
        0,
        0,
        0,
        0,
        0,
        0
      ]
    }
  ]
}