{
  "results": [
    {
      "command": "npm",
      "mean": 0.10101076270000002,
      "stddev": 0.0029220031280979136,
      "median": 0.1005825947,
      "user": 0.09026325999999998,
      "system": 0.027520679999999992,
      "min": 0.0963889467,
      "max": 0.1068034997,
      "times": [
        0.0963889467,
        0.1018327607,
        0.1012449987,
        0.0995034997,
        0.0999246777,
        0.1001009927,
        0.1068034997,
        0.1010641967,
        0.10513658570000001,
        0.0981074687
      ],
      "exit_codes": [
        0,
        0,
        0,
        0,
        0,
        0,
        0,
        0,
        0,
        0
      ]
    },
    {
      "command": "yarn",
      "mean": 0.19249751529999998,
      "stddev": 0.04050514543171684,
      "median": 0.1789486532,
      "user": 0.14780626000000002,
      "system": 0.042475879999999994,
      "min": 0.1756640597,
      "max": 0.31378936170000005,
      "times": [
        0.1797357697,
        0.1794735557,
        0.1853381547,
        0.1797972247,
        0.1756640597,
        0.1775732957,
        0.1783898477,
        0.31378936170000005,
        0.1767901327,
        0.1784237507
      ],
      "exit_codes": [
        0,
        0,
        0,
        0,
        0,
        0,
        0,
        0,
        0,
        0
      ]
    },
    {
      "command": "berry",
      "mean": 0.32258958570000007,
      "stddev": 0.01632223727371158,
      "median": 0.3173840512,
      "user": 0.30185286,
      "system": 0.05465317999999999,
      "min": 0.3063122247,
      "max": 0.36524122470000003,
      "times": [
        0.31385413770000004,
        0.3371525677,
        0.3233347167,
        0.36524122470000003,
        0.31666773370000006,
        0.32090064770000004,
        0.30936214670000006,
        0.3181003687,
        0.3063122247,
        0.31497008870000004
      ],
      "exit_codes": [
        0,
        0,
        0,
        0,
        0,
        0,
        0,
        0,
        0,
        0
      ]
    },
    {
      "command": "pnpm",
      "mean": 0.4505796247,
      "stddev": 0.04489821203919694,
      "median": 0.4282637872,
      "user": 0.42639785999999996,
      "system": 0.07211748,
      "min": 0.41403759770000004,
      "max": 0.5584941787000001,
      "times": [
        0.45338127270000006,
        0.5015913297000001,
        0.42432443170000006,
        0.5584941787000001,
        0.4682306037,
        0.42087835070000007,
        0.41679384170000006,
        0.4158614977,
        0.41403759770000004,
        0.43220314270000004
      ],
      "exit_codes": [
        0,
        0,
        0,
        0,
        0,
        0,
        0,
        0,
        0,
        0
      ]
    },
    {
      "command": "vlt",
      "mean": 0.18690638750000002,
      "stddev": 0.002281290868945464,
      "median": 0.1876353562,
      "user": 0.18520345999999996,
      "system": 0.044790579999999997,
      "min": 0.1824996717,
      "max": 0.1905874877,
      "times": [
        0.1884484647,
        0.1824996717,
        0.18743542670000002,
        0.1880239417,
        0.18482136470000002,
        0.1858032657,
        0.18471658870000002,
        0.1888923777,
        0.1878352857,
        0.1905874877
      ],
      "exit_codes": [
        0,
        0,
        0,
        0,
        0,
        0,
        0,
        0,
        0,
        0
      ]
    },
    {
      "command": "bun",
      "mean": 0.0034225204999999994,
      "stddev": 0.0000500541729724906,
      "median": 0.0034202022,
      "user": 0.00112776,
      "system": 0.0023204799999999993,
      "min": 0.0033355766999999996,
      "max": 0.0034999267000000002,
      "times": [
        0.0034374157,
        0.0033828417,
        0.0034029887,
        0.0034570727,
        0.0034743987,
        0.0034696657,
        0.0034999267000000002,
        0.0033781997,
        0.0033355766999999996,
        0.0033871187000000004
      ],
      "exit_codes": [
        0,
        0,
        0,
        0,
        0,
        0,
        0,
        0,
        0,
        0
      ]
    },
    {
      "command": "deno",
      "mean": 0.0580184825,
      "stddev": 0.0005889791391964245,
      "median": 0.0581455592,
      "user": 0.03625946,
      "system": 0.028440179999999992,
      "min": 0.0571308197,
      "max": 0.05913820770000001,
      "times": [
        0.05737496970000001,
        0.0576253777,
        0.057436539700000004,
        0.05913820770000001,
        0.0584608807,
        0.058201763700000006,
        0.05851771670000001,
        0.058089354700000005,
        0.0582091947,
        0.0571308197
      ],
      "exit_codes": [
        0,
        0,
        0,
        0,
        0,
        0,
        0,
        0,
        0,
        0
      ]
    },
    {
      "command": "nx",
      "mean": 0.7827440919,
      "stddev": 0.009551982669814203,
      "median": 0.7803891992,
      "user": 0.5984463599999998,
      "system": 0.13696238000000002,
      "min": 0.7699529117,
      "max": 0.8072099087000001,
      "times": [
        0.7795196507000001,
        0.7894666367000001,
        0.8072099087000001,
        0.7847502217000001,
        0.7812587477,
        0.7769365387000001,
        0.7699529117,
        0.7763585947,
        0.7829641207000001,
        0.7790235877
      ],
      "exit_codes": [
        0,
        0,
        0,
        0,
        0,
        0,
        0,
        0,
        0,
        0
      ]
    },
    {
      "command": "turbo",
      "mean": 0.279948504,
      "stddev": 0.02687537017883613,
      "median": 0.2682432262000001,
      "user": 0.12317196,
      "system": 0.08190088,
      "min": 0.25489405770000007,
      "max": 0.34178319770000004,
      "times": [
        0.2820984597,
        0.26792819170000004,
        0.32089871970000006,
        0.2660311477,
        0.26283665370000003,
        0.2655383767,
        0.25489405770000007,
        0.34178319770000004,
        0.26891797470000006,
        0.26855826070000005
      ],
      "exit_codes": [
        0,
        0,
        0,
        0,
        0,
        0,
        0,
        0,
        0,
        0
      ]
    },
    {
      "command": "node",
      "mean": 0.0056730967000000005,
      "stddev": 0.00012968719317110698,
      "median": 0.0056645841999999995,
      "user": 0.00218896,
      "system": 0.00348298,
      "min": 0.0054907287,
      "max": 0.0059663507,
      "times": [
        0.0055084517,
        0.0056625617,
        0.0056666067,
        0.0057602677,
        0.0057276457,
        0.0057177357000000005,
        0.005650128700000001,
        0.0055804897,
        0.0054907287,
        0.0059663507
      ],
      "exit_codes": [
        0,
        0,
        0,
        0,
        0,
        0,
        0,
        0,
        0,
        0
      ]
    }
  ]
}