{
  "results": [
    {
      "command": "npm",
      "mean": 0.35220430620000004,
      "stddev": 0.0049507272269685085,
      "median": 0.35192920540000006,
      "user": 0.38223116,
      "system": 0.08656968,
      "min": 0.34219526840000003,
      "max": 0.3610494374,
      "times": [
        0.3559576734,
        0.3545231974,
        0.35225297040000003,
        0.3499412354,
        0.3516054404,
        0.3485966924,
        0.3566736274,
        0.3610494374,
        0.34219526840000003,
        0.34924751940000004
      ],
      "exit_codes": [
        0,
        0,
        0,
        0,
        0,
        0,
        0,
        0,
        0,
        0
      ]
    },
    {
      "command": "yarn",
      "mean": 2.3384865901000005,
      "stddev": 0.16516840378290623,
      "median": 2.2973653449,
      "user": 0.9579596599999999,
      "system": 0.32820067999999997,
      "min": 2.1139683314,
      "max": 2.7004659714000003,
      "times": [
        2.2643832664,
        2.5070468104,
        2.1139683314,
        2.3273607064,
        2.4604505694000003,
        2.3203046664,
        2.7004659714000003,
        2.2744260234,
        2.1629659164,
        2.2534936394000002
      ],
      "exit_codes": [
        0,
        0,
        0,
        0,
        0,
        0,
        0,
        0,
        0,
        0
      ]
    },
    {
      "command": "berry",
      "mean": 1.2326829423,
      "stddev": 0.080417937157951,
      "median": 1.2093335824000002,
      "user": 1.1139630600000001,
      "system": 0.18423078,
      "min": 1.1172303944000002,
      "max": 1.3724252954000002,
      "times": [
        1.3724252954000002,
        1.2532499304,
        1.3721520044000002,
        1.2624838794000002,
        1.1730040024000001,
        1.2224567874,
        1.1899703214000001,
        1.1962103774000001,
        1.1676464304,
        1.1172303944000002
      ],
      "exit_codes": [
        0,
        0,
        0,
        0,
        0,
        0,
        0,
        0,
        0,
        0
      ]
    },
    {
      "command": "pnpm",
      "mean": 0.6823581868999999,
      "stddev": 0.013331369703620984,
      "median": 0.6836707809,
      "user": 0.9164042599999999,
      "system": 0.15615838,
      "min": 0.6613117444000001,
      "max": 0.7021876044,
      "times": [
        0.6863642894,
        0.6613117444000001,
        0.6648328624000001,
        0.6819906714,
        0.7010301724,
        0.6786451654000001,
        0.6919418134,
        0.6853508904000001,
        0.6699266554000001,
        0.7021876044
      ],
      "exit_codes": [
        0,
        0,
        0,
        0,
        0,
        0,
        0,
        0,
        0,
        0
      ]
    },
    {
      "command": "vlt",
      "mean": 0.2646812399,
      "stddev": 0.0031078457218579,
      "median": 0.2638709294,
      "user": 0.27594526,
      "system": 0.05643297999999999,
      "min": 0.2603880454,
      "max": 0.2716888954,
      "times": [
        0.26286808840000003,
        0.26301199140000003,
        0.2680941964,
        0.2716888954,
        0.2625402194,
        0.2624912304,
        0.2660490794,
        0.2649507854,
        0.2603880454,
        0.2647298674
      ],
      "exit_codes": [
        0,
        0,
        0,
        0,
        0,
        0,
        0,
        0,
        0,
        0
      ]
    },
    {
      "command": "bun",
      "mean": 0.010219426000000002,
      "stddev": 0.00041062325912037673,
      "median": 0.0101372029,
      "user": 0.00647596,
      "system": 0.00969478,
      "min": 0.009812000400000001,
      "max": 0.011283680400000001,
      "times": [
        0.0099256844,
        0.0104113854,
        0.011283680400000001,
        0.0098713324,
        0.010176623400000001,
        0.0099685954,
        0.010470552400000001,
        0.009812000400000001,
        0.0101068214,
        0.0101675844
      ],
      "exit_codes": [
        0,
        0,
        0,
        0,
        0,
        0,
        0,
        0,
        0,
        0
      ]
    },
    {
      "command": "deno",
      "mean": 0.1512877498,
      "stddev": 0.002428672836703708,
      "median": 0.1514892924,
      "user": 0.18304936,
      "system": 0.08426688,
      "min": 0.1466105164,
      "max": 0.1551861124,
      "times": [
        0.1519292484,
        0.1519621414,
        0.1479977784,
        0.1551861124,
        0.1466105164,
        0.1534034534,
        0.1534462584,
        0.1510493364,
        0.1509668634,
        0.1503257894
      ],
      "exit_codes": [
        0,
        0,
        0,
        0,
        0,
        0,
        0,
        0,
        0,
        0
      ]
    }
  ]
}