{
  "results": [
    {
      "command": "npm",
      "mean": 0.9381756953800002,
      "stddev": 0.005571987579532938,
      "median": 0.9381019588800001,
      "user": 0.9650675199999998,
      "system": 0.45964733999999996,
      "min": 0.9297358698800001,
      "max": 0.9461840248800001,
      "times": [
        0.93326348288,
        0.9432562598800001,
        0.9461840248800001,
        0.9324731948800001,
        0.9333439578800001,
        0.9372260398800001,
        0.9297358698800001,
        0.9389778778800001,
        0.9416656968800001,
        0.9456305488800001
      ],
      "exit_codes": [
        0,
        0,
        0,
        0,
        0,
        0,
        0,
        0,
        0,
        0
      ]
    },
    {
      "command": "yarn",
      "mean": 0.7007504550800001,
      "stddev": 0.006468697557312788,
      "median": 0.6997815608800001,
      "user": 0.6664213199999999,
      "system": 0.5149580400000001,
      "min": 0.6925135188800001,
      "max": 0.7155963288800001,
      "times": [
        0.6925135188800001,
        0.7012581558800001,
        0.6979897998800001,
        0.70392463388,
        0.7155963288800001,
        0.69405759988,
        0.6957069528800001,
        0.6986902928800001,
        0.7008728288800001,
        0.70689443888
      ],
      "exit_codes": [
        0,
        0,
        0,
        0,
        0,
        0,
        0,
        0,
        0,
        0
      ]
    },
    {
      "command": "berry",
      "mean": 1.04225775538,
      "stddev": 0.013980754203586618,
      "median": 1.03658409738,
      "user": 1.1647390199999998,
      "system": 0.38125734,
      "min": 1.02544865888,
      "max": 1.0749207568799999,
      "times": [
        1.03733994888,
        1.03431499488,
        1.0358282458799999,
        1.0749207568799999,
        1.05950570388,
        1.03945775888,
        1.04783423888,
        1.03282949288,
        1.03509775388,
        1.02544865888
      ],
      "exit_codes": [
        0,
        0,
        0,
        0,
        0,
        0,
        0,
        0,
        0,
        0
      ]
    },
    {
      "command": "pnpm",
      "mean": 0.6941199369800002,
      "stddev": 0.01656838777640512,
      "median": 0.6958397313800001,
      "user": 0.9276784199999998,
      "system": 0.21059143999999996,
      "min": 0.6668204828800001,
      "max": 0.7235925658800001,
      "times": [
        0.7235925658800001,
        0.6718739048800001,
        0.6951310968800001,
        0.7047005938800001,
        0.7051179628800001,
        0.6965483658800001,
        0.6668204828800001,
        0.7084812198800001,
        0.6830727748800001,
        0.6858604018800001
      ],
      "exit_codes": [
        0,
        0,
        0,
        0,
        0,
        0,
        0,
        0,
        0,
        0
      ]
    },
    {
      "command": "vlt",
      "mean": 2.7559128343799997,
      "stddev": 0.02361468665407528,
      "median": 2.75591315238,
      "user": 2.64824682,
      "system": 1.3621441399999998,
      "min": 2.70399246088,
      "max": 2.7926240348799998,
      "times": [
        2.70399246088,
        2.78739583788,
        2.74348749288,
        2.75153664988,
        2.74091699088,
        2.75442710888,
        2.76062428688,
        2.7926240348799998,
        2.76672428488,
        2.75739919588
      ],
      "exit_codes": [
        0,
        0,
        0,
        0,
        0,
        0,
        0,
        0,
        0,
        0
      ]
    },
    {
      "command": "bun",
      "mean": 0.06703583448,
      "stddev": 0.00035998517581984,
      "median": 0.06710260688,
      "user": 0.032186019999999996,
      "system": 0.04325993999999999,
      "min": 0.06651024688,
      "max": 0.06784951588,
      "times": [
        0.06675129288,
        0.06685045888,
        0.06711567288,
        0.06784951588,
        0.06728348888,
        0.06711323088,
        0.06714763888,
        0.06651024688,
        0.06709198288,
        0.06664481588
      ],
      "exit_codes": [
        0,
        0,
        0,
        0,
        0,
        0,
        0,
        0,
        0,
        0
      ]
    },
    {
      "command": "deno",
      "mean": 0.16104256308,
      "stddev": 0.010805707430133964,
      "median": 0.16515762688000002,
      "user": 0.11778412,
      "system": 0.11912843999999996,
      "min": 0.14212004488000002,
      "max": 0.17867389388000002,
      "times": [
        0.16885631588000002,
        0.17867389388000002,
        0.16835599788000002,
        0.15371354288000003,
        0.15647886088000001,
        0.14542551888000002,
        0.14212004488000002,
        0.16410125088000002,
        0.16621400288000002,
        0.16648620188000002
      ],
      "exit_codes": [
        0,
        0,
        0,
        0,
        0,
        0,
        0,
        0,
        0,
        0
      ]
    }
  ]
}