{
  "results": [
    {
      "command": "npm",
      "mean": 0.5041369075200002,
      "stddev": 0.00491799916207612,
      "median": 0.50316645032,
      "user": 0.55873836,
      "system": 0.09713046,
      "min": 0.49725321082000007,
      "max": 0.51247697382,
      "times": [
        0.49725321082000007,
        0.51171537782,
        0.50348573582,
        0.50748573282,
        0.50586459382,
        0.50006868682,
        0.51247697382,
        0.49912882682000004,
        0.50284716482,
        0.50104277182
      ],
      "exit_codes": [
        0,
        0,
        0,
        0,
        0,
        0,
        0,
        0,
        0,
        0
      ]
    },
    {
      "command": "yarn",
      "mean": 0.29323814592,
      "stddev": 0.007934568540238003,
      "median": 0.2930692583200001,
      "user": 0.31366395999999996,
      "system": 0.06402336,
      "min": 0.28358639382000006,
      "max": 0.31311540982,
      "times": [
        0.28520990882,
        0.29609328082,
        0.28810340982000004,
        0.29080598782000006,
        0.29533252882000005,
        0.28876535382,
        0.29550566182000004,
        0.29586352382000003,
        0.31311540982,
        0.28358639382000006
      ],
      "exit_codes": [
        0,
        0,
        0,
        0,
        0,
        0,
        0,
        0,
        0,
        0
      ]
    },
    {
      "command": "berry",
      "mean": 0.7686031225200001,
      "stddev": 0.014742163979379823,
      "median": 0.76554788182,
      "user": 0.82968926,
      "system": 0.13550075999999997,
      "min": 0.75645704882,
      "max": 0.81150203482,
      "times": [
        0.76264414082,
        0.76015229082,
        0.76805544582,
        0.76657579282,
        0.76831370782,
        0.75645704882,
        0.76123499982,
        0.76628686282,
        0.76480890082,
        0.81150203482
      ],
      "exit_codes": [
        0,
        0,
        0,
        0,
        0,
        0,
        0,
        0,
        0,
        0
      ]
    },
    {
      "command": "pnpm",
      "mean": 0.7603243267199999,
      "stddev": 0.010319012577991699,
      "median": 0.75702639232,
      "user": 0.76756176,
      "system": 0.12004316,
      "min": 0.74840190582,
      "max": 0.78343946082,
      "times": [
        0.74840190582,
        0.78343946082,
        0.77095947182,
        0.75791345182,
        0.75274218082,
        0.76046203882,
        0.75613933282,
        0.75079339482,
        0.75405221982,
        0.76833980982
      ],
      "exit_codes": [
        0,
        0,
        0,
        0,
        0,
        0,
        0,
        0,
        0,
        0
      ]
    },
    {
      "command": "vlt",
      "mean": 0.31536388292000006,
      "stddev": 0.00362142211722269,
      "median": 0.3155056083200001,
      "user": 0.32571516,
      "system": 0.06743536000000001,
      "min": 0.31070264782000007,
      "max": 0.32242556382000004,
      "times": [
        0.31192250882000006,
        0.31607199182000006,
        0.31238359582,
        0.31764077282000003,
        0.31916764982000007,
        0.31699851682,
        0.32242556382000004,
        0.31138635682000004,
        0.31493922482000003,
        0.31070264782000007
      ],
      "exit_codes": [
        0,
        0,
        0,
        0,
        0,
        0,
        0,
        0,
        0,
        0
      ]
    },
    {
      "command": "bun",
      "mean": 0.01027727112,
      "stddev": 0.00020773968347768813,
      "median": 0.01021789532,
      "user": 0.0077976600000000005,
      "system": 0.00805486,
      "min": 0.00998201082,
      "max": 0.01076982682,
      "times": [
        0.01010104082,
        0.01014961482,
        0.00998201082,
        0.01076982682,
        0.01020634682,
        0.01022944382,
        0.01034306182,
        0.01039705282,
        0.010414693820000001,
        0.01017961882
      ],
      "exit_codes": [
        0,
        0,
        0,
        0,
        0,
        0,
        0,
        0,
        0,
        0
      ]
    },
    {
      "command": "deno",
      "mean": 0.04094089972000001,
      "stddev": 0.00046761631240782223,
      "median": 0.04096778182000001,
      "user": 0.025068060000000003,
      "system": 0.02021366,
      "min": 0.04024976182000001,
      "max": 0.041824013820000006,
      "times": [
        0.041115735820000006,
        0.04072526782,
        0.04047265582,
        0.040453703820000006,
        0.040888172820000006,
        0.04104739082,
        0.041539383820000005,
        0.04024976182000001,
        0.041824013820000006,
        0.04109291082
      ],
      "exit_codes": [
        0,
        0,
        0,
        0,
        0,
        0,
        0,
        0,
        0,
        0
      ]
    }
  ]
}