{
  "results": [
    {
      "command": "npm",
      "mean": 0.46390380546000004,
      "stddev": 0.004193956255261077,
      "median": 0.46244440906,
      "user": 0.5071985399999999,
      "system": 0.11018955999999998,
      "min": 0.45906246706000003,
      "max": 0.47185371006000004,
      "times": [
        0.46202391706,
        0.46600694306,
        0.45906246706000003,
        0.47185371006000004,
        0.46489783606,
        0.47061958406000004,
        0.46286490106,
        0.46053197406,
        0.46121016906,
        0.45996655306
      ],
      "exit_codes": [
        0,
        0,
        0,
        0,
        0,
        0,
        0,
        0,
        0,
        0
      ]
    },
    {
      "command": "yarn",
      "mean": 0.28396789856,
      "stddev": 0.002012397241713834,
      "median": 0.28442491256,
      "user": 0.30250153999999996,
      "system": 0.06674036,
      "min": 0.27919006806,
      "max": 0.28641859906,
      "times": [
        0.28534565306,
        0.28404123706,
        0.28641859906,
        0.28485718906,
        0.28246644306,
        0.28318947006,
        0.28320004606,
        0.28480858806000003,
        0.28616169206000003,
        0.27919006806
      ],
      "exit_codes": [
        0,
        0,
        0,
        0,
        0,
        0,
        0,
        0,
        0,
        0
      ]
    },
    {
      "command": "berry",
      "mean": 0.67426432986,
      "stddev": 0.00836449341461012,
      "median": 0.6780738810600001,
      "user": 0.7789349400000001,
      "system": 0.14547706,
      "min": 0.6600960180600001,
      "max": 0.6861214820600001,
      "times": [
        0.6797900490600001,
        0.6626035280600001,
        0.67118943206,
        0.6803218420600001,
        0.6600960180600001,
        0.66562719806,
        0.6807459870600001,
        0.6861214820600001,
        0.6781758000600001,
        0.6779719620600001
      ],
      "exit_codes": [
        0,
        0,
        0,
        0,
        0,
        0,
        0,
        0,
        0,
        0
      ]
    },
    {
      "command": "zpm",
      "mean": 0.24911650776000002,
      "stddev": 0.007267124305766412,
      "median": 0.24708475656,
      "user": 0.11603884,
      "system": 0.15742856,
      "min": 0.24302435406,
      "max": 0.26995022706,
      "times": [
        0.25029879506,
        0.24914947906,
        0.24816384306,
        0.24495943106,
        0.24879011806,
        0.24566475306,
        0.24515840706,
        0.24302435406,
        0.24600567006000001,
        0.26995022706
      ],
      "exit_codes": [
        0,
        0,
        0,
        0,
        0,
        0,
        0,
        0,
        0,
        0
      ]
    },
    {
      "command": "pnpm",
      "mean": 0.69869538396,
      "stddev": 0.040589002440933795,
      "median": 0.69959003856,
      "user": 0.7390373400000001,
      "system": 0.12974956,
      "min": 0.6547464920600001,
      "max": 0.7966770480600001,
      "times": [
        0.6547464920600001,
        0.6680016790600001,
        0.7018248930600001,
        0.7966770480600001,
        0.70157572706,
        0.65814840906,
        0.6976043500600001,
        0.6673150130600001,
        0.70640425506,
        0.7346559730600001
      ],
      "exit_codes": [
        0,
        0,
        0,
        0,
        0,
        0,
        0,
        0,
        0,
        0
      ]
    },
    {
      "command": "vlt",
      "mean": 0.40297347276,
      "stddev": 0.0024185400981372993,
      "median": 0.40309603106,
      "user": 0.41259413999999994,
      "system": 0.10771106,
      "min": 0.39733590006,
      "max": 0.40722818006,
      "times": [
        0.40125406306,
        0.40327717206,
        0.39733590006,
        0.40291489006000003,
        0.40450657106,
        0.40436149206,
        0.40382447106,
        0.40225445306,
        0.40722818006,
        0.40277753506
      ],
      "exit_codes": [
        0,
        0,
        0,
        0,
        0,
        0,
        0,
        0,
        0,
        0
      ]
    },
    {
      "command": "bun",
      "mean": 0.010957560560000001,
      "stddev": 0.00042323919745865924,
      "median": 0.010800175060000002,
      "user": 0.008212939999999998,
      "system": 0.008465959999999998,
      "min": 0.010656019060000002,
      "max": 0.012157483060000002,
      "times": [
        0.010781873060000002,
        0.010794082060000001,
        0.012157483060000002,
        0.010685445060000002,
        0.010806268060000002,
        0.010725816060000002,
        0.010656019060000002,
        0.011168824060000002,
        0.010876903060000002,
        0.010922892060000002
      ],
      "exit_codes": [
        0,
        0,
        0,
        0,
        0,
        0,
        0,
        0,
        0,
        0
      ]
    },
    {
      "command": "deno",
      "mean": 0.04307023326000001,
      "stddev": 0.0002770448173562545,
      "median": 0.04308817806000001,
      "user": 0.02649354,
      "system": 0.02087006,
      "min": 0.042676485060000005,
      "max": 0.04360145606000001,
      "times": [
        0.042757378060000004,
        0.04311854406000001,
        0.043396469060000005,
        0.04316355006000001,
        0.042676485060000005,
        0.042837738060000005,
        0.043219096060000003,
        0.043057812060000006,
        0.042873804060000006,
        0.04360145606000001
      ],
      "exit_codes": [
        0,
        0,
        0,
        0,
        0,
        0,
        0,
        0,
        0,
        0
      ]
    }
  ]
}