{
  "results": [
    {
      "command": "npm",
      "mean": 20.415579802659998,
      "stddev": 0.9072968070954176,
      "median": 20.30693061646,
      "user": 12.235545579999997,
      "system": 4.33024842,
      "min": 19.16471302746,
      "max": 22.76559165946,
      "times": [
        19.16471302746,
        20.372791038459997,
        20.01057237246,
        20.65523302646,
        20.06337718746,
        22.76559165946,
        20.773458921459998,
        19.619745834459998,
        20.48924476446,
        20.24107019446
      ],
      "exit_codes": [
        0,
        0,
        0,
        0,
        0,
        0,
        0,
        0,
        0,
        0
      ]
    },
    {
      "command": "yarn",
      "mean": 11.800056127160001,
      "stddev": 0.09951195836389516,
      "median": 11.795003112460002,
      "user": 15.49611218,
      "system": 8.15440432,
      "min": 11.636280857460001,
      "max": 11.981611609460002,
      "times": [
        11.981611609460002,
        11.88789888546,
        11.636280857460001,
        11.789649069460001,
        11.80035715546,
        11.748332990460002,
        11.73438066746,
        11.87819033146,
        11.86342067546,
        11.68043902946
      ],
      "exit_codes": [
        0,
        0,
        0,
        0,
        0,
        0,
        0,
        0,
        0,
        0
      ]
    },
    {
      "command": "berry",
      "mean": 4.60914844896,
      "stddev": 0.04498613415516118,
      "median": 4.59807180396,
      "user": 7.736674179999999,
      "system": 2.47454402,
      "min": 4.55002371046,
      "max": 4.72885444046,
      "times": [
        4.603372172459999,
        4.59048041046,
        4.72885444046,
        4.58175261246,
        4.61698711546,
        4.58423424046,
        4.618027565459999,
        4.55002371046,
        4.5927714354599996,
        4.62498078646
      ],
      "exit_codes": [
        0,
        0,
        0,
        0,
        0,
        0,
        0,
        0,
        0,
        0
      ]
    },
    {
      "command": "pnpm",
      "mean": 2.8275527263599995,
      "stddev": 0.0388582769077821,
      "median": 2.81443103146,
      "user": 4.86068408,
      "system": 1.8906792199999998,
      "min": 2.7882591554599996,
      "max": 2.91200974846,
      "times": [
        2.7897421264599997,
        2.79839090946,
        2.8237393644599997,
        2.79225732346,
        2.7882591554599996,
        2.91200974846,
        2.85143657746,
        2.86180135446,
        2.80512269846,
        2.8527680054599998
      ],
      "exit_codes": [
        0,
        0,
        0,
        0,
        0,
        0,
        0,
        0,
        0,
        0
      ]
    },
    {
      "command": "vlt",
      "mean": 4.92466433016,
      "stddev": 0.27761784539063733,
      "median": 4.866892034459999,
      "user": 4.813844179999999,
      "system": 2.25740762,
      "min": 4.52414216946,
      "max": 5.48033949046,
      "times": [
        5.48033949046,
        4.82905631346,
        4.78625171946,
        4.90472775546,
        5.01810152446,
        5.14933121046,
        4.76913816646,
        4.52414216946,
        5.1988818194599995,
        4.58667313246
      ],
      "exit_codes": [
        0,
        0,
        0,
        0,
        0,
        0,
        0,
        0,
        0,
        0
      ]
    },
    {
      "command": "bun",
      "mean": 1.15894785436,
      "stddev": 0.05503708135673546,
      "median": 1.1466456269599998,
      "user": 0.8839109799999999,
      "system": 1.1819587199999997,
      "min": 1.09076341046,
      "max": 1.30008564746,
      "times": [
        1.19206060346,
        1.17953169646,
        1.09076341046,
        1.11167786346,
        1.30008564746,
        1.1299497414600002,
        1.15715860946,
        1.13443279246,
        1.15768553446,
        1.13613264446
      ],
      "exit_codes": [
        0,
        0,
        0,
        0,
        0,
        0,
        0,
        0,
        0,
        0
      ]
    },
    {
      "command": "deno",
      "mean": 5.349691888560001,
      "stddev": 0.2770918229219973,
      "median": 5.33814375546,
      "user": 2.6859030799999997,
      "system": 1.51517182,
      "min": 5.03887802946,
      "max": 6.087895029459999,
      "times": [
        5.14992442246,
        5.14281203746,
        6.087895029459999,
        5.43218241446,
        5.35090933846,
        5.32537817246,
        5.03887802946,
        5.17377747946,
        5.38006809646,
        5.41509386546
      ],
      "exit_codes": [
        0,
        0,
        0,
        0,
        0,
        0,
        0,
        0,
        0,
        0
      ]
    }
  ]
}