{
  "results": [
    {
      "command": "npm",
      "mean": 7.101295939319999,
      "stddev": 0.04690277979836572,
      "median": 7.09671089122,
      "user": 8.31480404,
      "system": 2.6321943,
      "min": 7.0382724112199995,
      "max": 7.18177004222,
      "times": [
        7.05289479922,
        7.06827055622,
        7.10011885222,
        7.05700053922,
        7.09330293022,
        7.0382724112199995,
        7.152011090219999,
        7.16007299022,
        7.18177004222,
        7.10924518222
      ],
      "exit_codes": [
        0,
        0,
        0,
        0,
        0,
        0,
        0,
        0,
        0,
        0
      ]
    },
    {
      "command": "yarn",
      "mean": 4.10988986702,
      "stddev": 0.07820817742835141,
      "median": 4.11505018972,
      "user": 2.72244084,
      "system": 2.3076254,
      "min": 3.9669569412200003,
      "max": 4.268392287219999,
      "times": [
        4.12455207722,
        4.10554830222,
        4.17689518922,
        4.09671751122,
        4.07510139722,
        3.9669569412200003,
        4.13220283422,
        4.13434390822,
        4.268392287219999,
        4.01818822222
      ],
      "exit_codes": [
        0,
        0,
        0,
        0,
        0,
        0,
        0,
        0,
        0,
        0
      ]
    },
    {
      "command": "berry",
      "mean": 2.84745004922,
      "stddev": 0.014785882094878921,
      "median": 2.8471828747200005,
      "user": 3.01735384,
      "system": 1.2862958,
      "min": 2.82691097322,
      "max": 2.8692667532200002,
      "times": [
        2.8681448722200003,
        2.8507866402200004,
        2.8409591292200003,
        2.82691097322,
        2.85373094522,
        2.83078117722,
        2.8692667532200002,
        2.86040497922,
        2.8299359132200004,
        2.8435791092200002
      ],
      "exit_codes": [
        0,
        0,
        0,
        0,
        0,
        0,
        0,
        0,
        0,
        0
      ]
    },
    {
      "command": "zpm",
      "mean": 2.1537320381200002,
      "stddev": 0.30717830493621984,
      "median": 2.18686853772,
      "user": 0.5145935399999999,
      "system": 0.4823278999999999,
      "min": 1.66161940322,
      "max": 2.57156656622,
      "times": [
        2.08903130422,
        2.57156656622,
        2.55361910822,
        2.43319109522,
        1.66161940322,
        2.28470577122,
        1.9898999742199999,
        2.30579027622,
        1.82368360922,
        1.82421327322
      ],
      "exit_codes": [
        0,
        0,
        0,
        0,
        0,
        0,
        0,
        0,
        0,
        0
      ]
    },
    {
      "command": "pnpm",
      "mean": 2.4467023628199995,
      "stddev": 0.03483200066204458,
      "median": 2.43281413322,
      "user": 2.72421824,
      "system": 0.8844407000000001,
      "min": 2.4153990112200003,
      "max": 2.53271147822,
      "times": [
        2.53271147822,
        2.44234786222,
        2.42746734322,
        2.42829529222,
        2.4225236852200003,
        2.4153990112200003,
        2.41706854422,
        2.4820169782200003,
        2.4373329742200003,
        2.46186045922
      ],
      "exit_codes": [
        0,
        0,
        0,
        0,
        0,
        0,
        0,
        0,
        0,
        0
      ]
    },
    {
      "command": "vlt",
      "mean": 1.5967375763199998,
      "stddev": 0.008197600539249214,
      "median": 1.59217186072,
      "user": 1.77769914,
      "system": 1.2742562999999998,
      "min": 1.58884100822,
      "max": 1.61429368522,
      "times": [
        1.59256166322,
        1.60544754422,
        1.61429368522,
        1.60000927622,
        1.59064471522,
        1.59021394322,
        1.58996508722,
        1.59178205822,
        1.58884100822,
        1.6036167822199998
      ],
      "exit_codes": [
        0,
        0,
        0,
        0,
        0,
        0,
        0,
        0,
        0,
        0
      ]
    },
    {
      "command": "bun",
      "mean": 0.19952654092,
      "stddev": 0.0006658100223928831,
      "median": 0.19944584022,
      "user": 0.037062639999999994,
      "system": 0.1720989,
      "min": 0.19874701622000002,
      "max": 0.20074667522,
      "times": [
        0.19970736822000001,
        0.19943716322000002,
        0.19961171022000002,
        0.19926201822,
        0.20074667522,
        0.19878631722,
        0.20063949422000002,
        0.19887312922,
        0.19945451722000002,
        0.19874701622000002
      ],
      "exit_codes": [
        0,
        0,
        0,
        0,
        0,
        0,
        0,
        0,
        0,
        0
      ]
    },
    {
      "command": "deno",
      "mean": 0.6141116099200001,
      "stddev": 0.0035937995236788108,
      "median": 0.6127910512200001,
      "user": 0.5970741399999999,
      "system": 0.49363199999999996,
      "min": 0.60859889722,
      "max": 0.6199421782200001,
      "times": [
        0.61740780122,
        0.6199421782200001,
        0.6103857502200001,
        0.6127793812200001,
        0.60859889722,
        0.6128027212200001,
        0.6112510112200001,
        0.6184818502200001,
        0.6126743002200001,
        0.6167922082200001
      ],
      "exit_codes": [
        0,
        0,
        0,
        0,
        0,
        0,
        0,
        0,
        0,
        0
      ]
    }
  ]
}