{
  "results": [
    {
      "command": "npm",
      "mean": 0.32825323812000007,
      "stddev": 0.002175140175894034,
      "median": 0.3285938232200001,
      "user": 0.33977749999999995,
      "system": 0.07803198,
      "min": 0.32512357622000004,
      "max": 0.33173232122000007,
      "times": [
        0.33173232122000007,
        0.32613054222000004,
        0.32558106522,
        0.32791463622000006,
        0.32676228422000003,
        0.33082756422000004,
        0.32930309822000003,
        0.3298842832200001,
        0.32512357622000004,
        0.32927301022000005
      ],
      "exit_codes": [
        0,
        0,
        0,
        0,
        0,
        0,
        0,
        0,
        0,
        0
      ]
    },
    {
      "command": "yarn",
      "mean": 0.23366199742,
      "stddev": 0.002638775584684297,
      "median": 0.23365421272,
      "user": 0.20334519999999995,
      "system": 0.05492547999999999,
      "min": 0.22728926322,
      "max": 0.23695597522,
      "times": [
        0.23340518722,
        0.23663625422,
        0.23390323822,
        0.23176808122,
        0.22728926322,
        0.23481908822000003,
        0.23321304522000003,
        0.23695597522,
        0.23304625422000003,
        0.23558358722
      ],
      "exit_codes": [
        0,
        0,
        0,
        0,
        0,
        0,
        0,
        0,
        0,
        0
      ]
    },
    {
      "command": "berry",
      "mean": 2.00546209482,
      "stddev": 0.022016999875891598,
      "median": 1.9998534887200001,
      "user": 3.3819767999999995,
      "system": 0.9029538799999999,
      "min": 1.96846984222,
      "max": 2.04774512322,
      "times": [
        1.96846984222,
        1.9951400482200001,
        2.00456692922,
        2.02747997622,
        1.98971968222,
        2.01989523422,
        1.99271537522,
        2.0199101222199998,
        2.04774512322,
        1.9889786152200002
      ],
      "exit_codes": [
        0,
        0,
        0,
        0,
        0,
        0,
        0,
        0,
        0,
        0
      ]
    },
    {
      "command": "pnpm",
      "mean": 0.5894736310199999,
      "stddev": 0.007198812515549913,
      "median": 0.58907749172,
      "user": 0.6963400999999998,
      "system": 0.13619547999999998,
      "min": 0.5797813202200001,
      "max": 0.60691959222,
      "times": [
        0.58864088222,
        0.58490722822,
        0.58254600022,
        0.5797813202200001,
        0.59100375722,
        0.58951410122,
        0.60691959222,
        0.59046684622,
        0.59522386322,
        0.58573271922
      ],
      "exit_codes": [
        0,
        0,
        0,
        0,
        0,
        0,
        0,
        0,
        0,
        0
      ]
    },
    {
      "command": "vlt",
      "mean": 0.23199624012000003,
      "stddev": 0.0025171617504315966,
      "median": 0.23260967572000002,
      "user": 0.21324479999999996,
      "system": 0.04795647999999999,
      "min": 0.22786000422000002,
      "max": 0.23529351122,
      "times": [
        0.22786000422000002,
        0.23529351122,
        0.23406708322000003,
        0.23392760022,
        0.23298253622,
        0.22928011022000003,
        0.22844803022000001,
        0.23223681522,
        0.23141548422000002,
        0.23445122622
      ],
      "exit_codes": [
        0,
        0,
        0,
        0,
        0,
        0,
        0,
        0,
        0,
        0
      ]
    },
    {
      "command": "bun",
      "mean": 0.00596872112,
      "stddev": 0.00021878215886559404,
      "median": 0.00593089522,
      "user": 0.0042843000000000004,
      "system": 0.00509998,
      "min": 0.0056473142200000005,
      "max": 0.00635397522,
      "times": [
        0.0056473142200000005,
        0.00570772522,
        0.00591796022,
        0.005943830220000001,
        0.00608680622,
        0.00635397522,
        0.00585668622,
        0.00602307022,
        0.006302530220000001,
        0.00584731322
      ],
      "exit_codes": [
        0,
        0,
        0,
        0,
        0,
        0,
        0,
        0,
        0,
        0
      ]
    },
    {
      "command": "deno",
      "mean": 0.037617115720000004,
      "stddev": 0.0008426598910558468,
      "median": 0.03736675072000001,
      "user": 0.021280399999999998,
      "system": 0.02062368,
      "min": 0.03656621022,
      "max": 0.039170017220000006,
      "times": [
        0.039170017220000006,
        0.037353309220000006,
        0.03855929122,
        0.03660889422,
        0.03788938522,
        0.03850177522,
        0.03684546222,
        0.037380192220000004,
        0.03656621022,
        0.03729662022
      ],
      "exit_codes": [
        0,
        0,
        0,
        0,
        0,
        0,
        0,
        0,
        0,
        0
      ]
    }
  ]
}