{
  "results": [
    {
      "command": "npm",
      "mean": 0.3216363547600001,
      "stddev": 0.002997815351942674,
      "median": 0.32117492756,
      "user": 0.32797679999999996,
      "system": 0.07564962,
      "min": 0.31762053556000003,
      "max": 0.32865470756000004,
      "times": [
        0.32025166656000004,
        0.32188653256000005,
        0.31762053556000003,
        0.32865470756000004,
        0.32118689556,
        0.31855010656000005,
        0.32070371056,
        0.32503871656000005,
        0.32130771656000007,
        0.32116295956
      ],
      "exit_codes": [
        0,
        0,
        0,
        0,
        0,
        0,
        0,
        0,
        0,
        0
      ]
    },
    {
      "command": "yarn",
      "mean": 0.23338588116000003,
      "stddev": 0.00330707925576921,
      "median": 0.23341966356000002,
      "user": 0.2045429,
      "system": 0.053582319999999996,
      "min": 0.22876316056,
      "max": 0.24016907456,
      "times": [
        0.23382695956000002,
        0.24016907456,
        0.23531019156000002,
        0.23536969956,
        0.23540052556000002,
        0.22876316056,
        0.23034517956,
        0.23278692456,
        0.23301236756000002,
        0.22887472856000002
      ],
      "exit_codes": [
        0,
        0,
        0,
        0,
        0,
        0,
        0,
        0,
        0,
        0
      ]
    },
    {
      "command": "berry",
      "mean": 1.91628825996,
      "stddev": 0.021335593014982307,
      "median": 1.91604760506,
      "user": 3.2848979000000007,
      "system": 0.8673527200000001,
      "min": 1.8831246185600001,
      "max": 1.95021931356,
      "times": [
        1.90049447156,
        1.93112315856,
        1.93395000956,
        1.93978291156,
        1.90000341556,
        1.8831246185600001,
        1.90841264156,
        1.95021931356,
        1.89208949056,
        1.9236825685599999
      ],
      "exit_codes": [
        0,
        0,
        0,
        0,
        0,
        0,
        0,
        0,
        0,
        0
      ]
    },
    {
      "command": "pnpm",
      "mean": 0.5844613996600001,
      "stddev": 0.00770220619789905,
      "median": 0.58442407506,
      "user": 0.7073942000000002,
      "system": 0.13624222,
      "min": 0.5730880275600001,
      "max": 0.5977329355600001,
      "times": [
        0.5868562835600001,
        0.58768833456,
        0.5730880275600001,
        0.58199186656,
        0.5977329355600001,
        0.58036378156,
        0.5876753395600001,
        0.59551513056,
        0.57642180056,
        0.57728049656
      ],
      "exit_codes": [
        0,
        0,
        0,
        0,
        0,
        0,
        0,
        0,
        0,
        0
      ]
    },
    {
      "command": "vlt",
      "mean": 0.27255915216000004,
      "stddev": 0.0023242503421981634,
      "median": 0.27156931906000004,
      "user": 0.272628,
      "system": 0.05383941999999999,
      "min": 0.26993351256000003,
      "max": 0.27796780756000006,
      "times": [
        0.27199519356,
        0.27080698256,
        0.27114344456000006,
        0.27388993056000005,
        0.27460011656000005,
        0.27796780756000006,
        0.26993351256000003,
        0.27349734556000005,
        0.27078853956000004,
        0.27096864856
      ],
      "exit_codes": [
        0,
        0,
        0,
        0,
        0,
        0,
        0,
        0,
        0,
        0
      ]
    },
    {
      "command": "bun",
      "mean": 0.0058869490600000005,
      "stddev": 0.00023904987304880553,
      "median": 0.005771060560000001,
      "user": 0.0032982000000000003,
      "system": 0.005966819999999999,
      "min": 0.005651913560000001,
      "max": 0.006419655560000001,
      "times": [
        0.005738301560000001,
        0.00594761756,
        0.00612497656,
        0.0056710065600000005,
        0.005651913560000001,
        0.006082153560000001,
        0.005758902560000001,
        0.00569174456,
        0.006419655560000001,
        0.005783218560000001
      ],
      "exit_codes": [
        0,
        0,
        0,
        0,
        0,
        0,
        0,
        0,
        0,
        0
      ]
    },
    {
      "command": "deno",
      "mean": 0.037144204460000003,
      "stddev": 0.0006675364577548473,
      "median": 0.03686883056,
      "user": 0.020403799999999996,
      "system": 0.020557020000000002,
      "min": 0.03614369856000001,
      "max": 0.038281217560000004,
      "times": [
        0.03678840556000001,
        0.038281217560000004,
        0.036931762560000005,
        0.03779448456000001,
        0.03680589856,
        0.03742334256,
        0.03645370756000001,
        0.036794356560000005,
        0.03802517056,
        0.03614369856000001
      ],
      "exit_codes": [
        0,
        0,
        0,
        0,
        0,
        0,
        0,
        0,
        0,
        0
      ]
    }
  ]
}