{
  "results": [
    {
      "command": "npm",
      "mean": 0.28507256696,
      "stddev": 0.00334094811293455,
      "median": 0.28451682376,
      "user": 0.32481231999999993,
      "system": 0.049297600000000004,
      "min": 0.27887987976,
      "max": 0.29021787776,
      "times": [
        0.28281186176,
        0.28490529376,
        0.27887987976,
        0.28205255676,
        0.28779804476,
        0.28412835376,
        0.28332701676,
        0.28869370976,
        0.29021787776,
        0.28791107476
      ],
      "exit_codes": [
        0,
        0,
        0,
        0,
        0,
        0,
        0,
        0,
        0,
        0
      ]
    },
    {
      "command": "yarn",
      "mean": 0.22470469416000002,
      "stddev": 0.002658387730974629,
      "median": 0.22435197426000003,
      "user": 0.20699262000000002,
      "system": 0.0415325,
      "min": 0.22050897976000003,
      "max": 0.22937723376000002,
      "times": [
        0.22542441276000003,
        0.22744695676,
        0.22937723376000002,
        0.22371425276,
        0.22255479676,
        0.22757714776000001,
        0.22173921276000003,
        0.22396552676,
        0.22050897976000003,
        0.22473842176000003
      ],
      "exit_codes": [
        0,
        0,
        0,
        0,
        0,
        0,
        0,
        0,
        0,
        0
      ]
    },
    {
      "command": "berry",
      "mean": 2.0032187401600003,
      "stddev": 0.036974224486303255,
      "median": 1.98645630476,
      "user": 3.478990820000001,
      "system": 0.7203557999999999,
      "min": 1.96608839876,
      "max": 2.0714371547600003,
      "times": [
        1.96608839876,
        1.96873330276,
        2.0714371547600003,
        2.0621076517600003,
        1.9846815147599999,
        2.03641678576,
        1.98823109476,
        1.9732197527600002,
        1.98376549076,
        1.99750625476
      ],
      "exit_codes": [
        0,
        0,
        0,
        0,
        0,
        0,
        0,
        0,
        0,
        0
      ]
    },
    {
      "command": "zpm",
      "mean": 0.54721295736,
      "stddev": 0.025452603033951877,
      "median": 0.53354659626,
      "user": 0.52615932,
      "system": 0.235692,
      "min": 0.5211363987600001,
      "max": 0.58961595176,
      "times": [
        0.53082827476,
        0.56560905976,
        0.58938351176,
        0.53592966576,
        0.53116352676,
        0.5211363987600001,
        0.5599719387600001,
        0.58961595176,
        0.52673898276,
        0.52175226276
      ],
      "exit_codes": [
        0,
        0,
        0,
        0,
        0,
        0,
        0,
        0,
        0,
        0
      ]
    },
    {
      "command": "pnpm",
      "mean": 0.5520413525600001,
      "stddev": 0.006363799736309149,
      "median": 0.5548776502599999,
      "user": 0.7054060200000001,
      "system": 0.0960935,
      "min": 0.54234239076,
      "max": 0.56202917576,
      "times": [
        0.55617048576,
        0.55552460576,
        0.56202917576,
        0.54280629976,
        0.54234239076,
        0.54852453176,
        0.55423069476,
        0.54581669676,
        0.55567919576,
        0.55728944876
      ],
      "exit_codes": [
        0,
        0,
        0,
        0,
        0,
        0,
        0,
        0,
        0,
        0
      ]
    },
    {
      "command": "vlt",
      "mean": 0.25367563676,
      "stddev": 0.0020998375896191545,
      "median": 0.25336615426,
      "user": 0.27313321999999995,
      "system": 0.0426332,
      "min": 0.25100823476,
      "max": 0.25703463076,
      "times": [
        0.25200246576,
        0.25703463076,
        0.25139271875999997,
        0.25478952876,
        0.25317810675999997,
        0.25100823476,
        0.25552532176,
        0.25165197076,
        0.25661918776,
        0.25355420176
      ],
      "exit_codes": [
        0,
        0,
        0,
        0,
        0,
        0,
        0,
        0,
        0,
        0
      ]
    },
    {
      "command": "bun",
      "mean": 0.00496192966,
      "stddev": 0.00017188477831410785,
      "median": 0.004943878760000001,
      "user": 0.00336692,
      "system": 0.0046140999999999995,
      "min": 0.004751741760000001,
      "max": 0.0052789227600000006,
      "times": [
        0.004751741760000001,
        0.00503314976,
        0.004991498760000001,
        0.00499363376,
        0.00478824976,
        0.004810359760000001,
        0.004844242760000001,
        0.00489625876,
        0.0052789227600000006,
        0.0052312387600000005
      ],
      "exit_codes": [
        0,
        0,
        0,
        0,
        0,
        0,
        0,
        0,
        0,
        0
      ]
    },
    {
      "command": "deno",
      "mean": 0.03200185596,
      "stddev": 0.0007575114088376209,
      "median": 0.032018823259999996,
      "user": 0.020141119999999995,
      "system": 0.0154178,
      "min": 0.030973752760000004,
      "max": 0.033316691759999996,
      "times": [
        0.03224624376,
        0.03210154376,
        0.033316691759999996,
        0.03122597676,
        0.033037874759999995,
        0.031331401759999995,
        0.030973752760000004,
        0.03131552976,
        0.03193610276,
        0.03253344176
      ],
      "exit_codes": [
        0,
        0,
        0,
        0,
        0,
        0,
        0,
        0,
        0,
        0
      ]
    }
  ]
}