{
  "results": [
    {
      "command": "npm",
      "mean": 0.31923720626,
      "stddev": 0.002258042346686622,
      "median": 0.31937050776,
      "user": 0.32324801999999997,
      "system": 0.07674047999999999,
      "min": 0.31629059026,
      "max": 0.32327632826,
      "times": [
        0.31681377026,
        0.31629059026,
        0.32088915926,
        0.31935837726,
        0.31655874526,
        0.31938263826,
        0.32327632826,
        0.32047699926,
        0.31762811426,
        0.32169734026
      ],
      "exit_codes": [
        0,
        0,
        0,
        0,
        0,
        0,
        0,
        0,
        0,
        0
      ]
    },
    {
      "command": "yarn",
      "mean": 0.23352181106000006,
      "stddev": 0.00337768533219052,
      "median": 0.23329454426000001,
      "user": 0.20633052,
      "system": 0.05303338,
      "min": 0.22678538326,
      "max": 0.24017116726,
      "times": [
        0.23041203326,
        0.24017116726,
        0.23330897526,
        0.22678538326,
        0.23328011326,
        0.23300588826000002,
        0.23659406726,
        0.23551971126000001,
        0.23251557026,
        0.23362520126
      ],
      "exit_codes": [
        0,
        0,
        0,
        0,
        0,
        0,
        0,
        0,
        0,
        0
      ]
    },
    {
      "command": "berry",
      "mean": 1.95284280276,
      "stddev": 0.02637641654500715,
      "median": 1.95662146426,
      "user": 3.24207222,
      "system": 0.8841305800000001,
      "min": 1.91202925426,
      "max": 1.98272399826,
      "times": [
        1.94165701426,
        1.97158591426,
        1.92522840826,
        1.98101005726,
        1.92848852526,
        1.98272399826,
        1.9300171452600001,
        1.91202925426,
        1.9768691542599999,
        1.97881855626
      ],
      "exit_codes": [
        0,
        0,
        0,
        0,
        0,
        0,
        0,
        0,
        0,
        0
      ]
    },
    {
      "command": "pnpm",
      "mean": 0.6383499099600001,
      "stddev": 0.027061879398839108,
      "median": 0.62774761176,
      "user": 0.7392215200000001,
      "system": 0.13789698,
      "min": 0.6138219072600001,
      "max": 0.6912994872600001,
      "times": [
        0.63533357026,
        0.6204546072600001,
        0.62657914426,
        0.63139932326,
        0.6138219072600001,
        0.6188553442600001,
        0.62891607926,
        0.6910337192600001,
        0.6912994872600001,
        0.6258059172600001
      ],
      "exit_codes": [
        0,
        0,
        0,
        0,
        0,
        0,
        0,
        0,
        0,
        0
      ]
    },
    {
      "command": "vlt",
      "mean": 0.27135875266,
      "stddev": 0.003132979201255617,
      "median": 0.27105864176,
      "user": 0.27360642,
      "system": 0.05307327999999999,
      "min": 0.26648604626,
      "max": 0.27757097526,
      "times": [
        0.27757097526,
        0.26826458626,
        0.26984429626,
        0.27061247926,
        0.27266047626,
        0.27558995726,
        0.27150480426,
        0.27162092526,
        0.26943298026,
        0.26648604626
      ],
      "exit_codes": [
        0,
        0,
        0,
        0,
        0,
        0,
        0,
        0,
        0,
        0
      ]
    },
    {
      "command": "bun",
      "mean": 0.0061580980600000005,
      "stddev": 0.000318632542132407,
      "median": 0.00603113426,
      "user": 0.0036969199999999994,
      "system": 0.006037279999999999,
      "min": 0.005815162259999999,
      "max": 0.006944076260000001,
      "times": [
        0.005815162259999999,
        0.0060481942600000005,
        0.00647504426,
        0.00601407426,
        0.00592282626,
        0.00613926926,
        0.0059254812600000005,
        0.006944076260000001,
        0.006013114260000001,
        0.0062837382599999995
      ],
      "exit_codes": [
        0,
        0,
        0,
        0,
        0,
        0,
        0,
        0,
        0,
        0
      ]
    },
    {
      "command": "deno",
      "mean": 0.03768315406000001,
      "stddev": 0.0006378094254991534,
      "median": 0.03759730876,
      "user": 0.022244419999999997,
      "system": 0.019849779999999997,
      "min": 0.03675184226000001,
      "max": 0.03860741326000001,
      "times": [
        0.03715349626,
        0.03850832726,
        0.03860741326000001,
        0.03726730726000001,
        0.03758430226000001,
        0.03837227226000001,
        0.036919798260000004,
        0.037610315260000006,
        0.038056466260000005,
        0.03675184226000001
      ],
      "exit_codes": [
        0,
        0,
        0,
        0,
        0,
        0,
        0,
        0,
        0,
        0
      ]
    }
  ]
}