{
  "results": [
    {
      "command": "npm",
      "mean": 0.3230697651,
      "stddev": 0.003619746108545217,
      "median": 0.32203105900000006,
      "user": 0.33192408,
      "system": 0.07494019999999998,
      "min": 0.31966004950000004,
      "max": 0.33220515250000004,
      "times": [
        0.32214423450000007,
        0.32411815950000006,
        0.31996948750000004,
        0.33220515250000004,
        0.3203317835,
        0.32191788350000006,
        0.32470518550000005,
        0.32029730850000004,
        0.3253484065,
        0.31966004950000004
      ],
      "exit_codes": [
        0,
        0,
        0,
        0,
        0,
        0,
        0,
        0,
        0,
        0
      ]
    },
    {
      "command": "yarn",
      "mean": 0.2334543758,
      "stddev": 0.003613555854727754,
      "median": 0.23559539550000003,
      "user": 0.20370338000000002,
      "system": 0.054786600000000005,
      "min": 0.22683499950000002,
      "max": 0.23757136850000002,
      "times": [
        0.23619992150000002,
        0.2303004955,
        0.23097901850000002,
        0.23533501650000002,
        0.2358557745,
        0.23757136850000002,
        0.23660984950000002,
        0.22683499950000002,
        0.2289048115,
        0.23595250250000002
      ],
      "exit_codes": [
        0,
        0,
        0,
        0,
        0,
        0,
        0,
        0,
        0,
        0
      ]
    },
    {
      "command": "berry",
      "mean": 1.9308708944000004,
      "stddev": 0.02749077353978998,
      "median": 1.9229920060000003,
      "user": 3.2682221799999995,
      "system": 0.8811367999999998,
      "min": 1.9040689825000001,
      "max": 1.9955717175000003,
      "times": [
        1.9342812725000003,
        1.9112596385000002,
        1.9597867505000002,
        1.9040689825000001,
        1.9270648405000002,
        1.9078052385000002,
        1.9067868385,
        1.9431644935,
        1.9955717175000003,
        1.9189191715000002
      ],
      "exit_codes": [
        0,
        0,
        0,
        0,
        0,
        0,
        0,
        0,
        0,
        0
      ]
    },
    {
      "command": "pnpm",
      "mean": 0.6081997728,
      "stddev": 0.012423040202818519,
      "median": 0.607621258,
      "user": 0.7122756800000001,
      "system": 0.1361934,
      "min": 0.5951705835,
      "max": 0.6415672565,
      "times": [
        0.6096947875000001,
        0.6085632665,
        0.5951705835,
        0.6118781055,
        0.5961365045,
        0.6415672565,
        0.6092939695,
        0.6066792495,
        0.5998254615,
        0.6031885435
      ],
      "exit_codes": [
        0,
        0,
        0,
        0,
        0,
        0,
        0,
        0,
        0,
        0
      ]
    },
    {
      "command": "vlt",
      "mean": 0.27231746960000003,
      "stddev": 0.0027393617213446802,
      "median": 0.271779632,
      "user": 0.27378968000000004,
      "system": 0.05337109999999999,
      "min": 0.26752598450000004,
      "max": 0.27878010750000004,
      "times": [
        0.27060896250000005,
        0.27349640150000004,
        0.27312311850000004,
        0.27878010750000004,
        0.27143751550000006,
        0.27371023450000004,
        0.27093310750000005,
        0.2720534485,
        0.2715058155,
        0.26752598450000004
      ],
      "exit_codes": [
        0,
        0,
        0,
        0,
        0,
        0,
        0,
        0,
        0,
        0
      ]
    },
    {
      "command": "bun",
      "mean": 0.0060120529,
      "stddev": 0.0002463929877716492,
      "median": 0.005931403,
      "user": 0.00398658,
      "system": 0.005481799999999999,
      "min": 0.0057389605,
      "max": 0.0064804425,
      "times": [
        0.0061810355,
        0.0063920325,
        0.0064804425,
        0.0057389605,
        0.0057604735,
        0.0060297185,
        0.0058226415,
        0.0059646765,
        0.0058981295,
        0.0058524185
      ],
      "exit_codes": [
        0,
        0,
        0,
        0,
        0,
        0,
        0,
        0,
        0,
        0
      ]
    },
    {
      "command": "deno",
      "mean": 0.0372678924,
      "stddev": 0.0007983351618883455,
      "median": 0.037052611000000006,
      "user": 0.020288079999999997,
      "system": 0.0208057,
      "min": 0.036410065500000005,
      "max": 0.039271161500000006,
      "times": [
        0.036410065500000005,
        0.036810852500000005,
        0.039271161500000006,
        0.036815029500000006,
        0.03775246050000001,
        0.0377076105,
        0.037331403500000006,
        0.0366136795,
        0.036676468500000003,
        0.037290192500000006
      ],
      "exit_codes": [
        0,
        0,
        0,
        0,
        0,
        0,
        0,
        0,
        0,
        0
      ]
    }
  ]
}