{
  "results": [
    {
      "command": "npm",
      "mean": 0.99027974994,
      "stddev": 0.017363153295799412,
      "median": 0.98578558664,
      "user": 1.10128946,
      "system": 0.19812013999999997,
      "min": 0.97325210364,
      "max": 1.0354029366400002,
      "times": [
        0.97847971664,
        0.9857340586400001,
        0.98583711464,
        1.0080381546400001,
        0.98186542864,
        0.98614931664,
        0.97325210364,
        1.0354029366400002,
        0.9803112836400001,
        0.9877273856400001
      ],
      "exit_codes": [
        0,
        0,
        0,
        0,
        0,
        0,
        0,
        0,
        0,
        0
      ]
    },
    {
      "command": "yarn",
      "mean": 7.913635416039999,
      "stddev": 0.5717065878793888,
      "median": 7.69719123264,
      "user": 3.88447046,
      "system": 1.4961237400000003,
      "min": 7.298159597640001,
      "max": 9.17969315264,
      "times": [
        7.47045399064,
        7.71766744464,
        7.298159597640001,
        8.77595552764,
        7.5011967336400005,
        9.17969315264,
        7.95482397564,
        7.931114093640001,
        7.6767150206400006,
        7.63057462364
      ],
      "exit_codes": [
        0,
        0,
        0,
        0,
        0,
        0,
        0,
        0,
        0,
        0
      ]
    },
    {
      "command": "berry",
      "mean": 2.17903580324,
      "stddev": 0.048405695793868636,
      "median": 2.17820263764,
      "user": 2.49016316,
      "system": 0.42088133999999994,
      "min": 2.10777524564,
      "max": 2.28125006464,
      "times": [
        2.15056317564,
        2.18425860264,
        2.15911174964,
        2.10777524564,
        2.18135585964,
        2.1750494156399998,
        2.11744211164,
        2.21860187364,
        2.21494993364,
        2.28125006464
      ],
      "exit_codes": [
        0,
        0,
        0,
        0,
        0,
        0,
        0,
        0,
        0,
        0
      ]
    },
    {
      "command": "zpm",
      "mean": 2.49478472934,
      "stddev": 0.15219734661133139,
      "median": 2.42752255714,
      "user": 1.57604376,
      "system": 1.3546503399999998,
      "min": 2.34563623364,
      "max": 2.81267296964,
      "times": [
        2.52820644764,
        2.72269908464,
        2.43120914664,
        2.55603419864,
        2.34563623364,
        2.3774982156399997,
        2.81267296964,
        2.37761258964,
        2.37244243964,
        2.42383596764
      ],
      "exit_codes": [
        0,
        0,
        0,
        0,
        0,
        0,
        0,
        0,
        0,
        0
      ]
    },
    {
      "command": "pnpm",
      "mean": 1.28935129634,
      "stddev": 0.027016761518925535,
      "median": 1.2836936211400003,
      "user": 1.7800327599999999,
      "system": 0.33209653999999994,
      "min": 1.25125274164,
      "max": 1.3369381556400002,
      "times": [
        1.31257752864,
        1.2818616206400002,
        1.3369381556400002,
        1.3292213886400002,
        1.25943751064,
        1.25125274164,
        1.2855256216400002,
        1.2892338016400002,
        1.2732438436400002,
        1.27422075064
      ],
      "exit_codes": [
        0,
        0,
        0,
        0,
        0,
        0,
        0,
        0,
        0,
        0
      ]
    },
    {
      "command": "vlt",
      "mean": 0.35486065734000005,
      "stddev": 0.0038891578990137114,
      "median": 0.35352677864000004,
      "user": 0.37691256000000006,
      "system": 0.07495914000000001,
      "min": 0.35007512464,
      "max": 0.36382508764,
      "times": [
        0.35273575764,
        0.35223194364,
        0.35299550264,
        0.35411793064,
        0.35674470364,
        0.35405805464,
        0.35007512464,
        0.36382508764,
        0.35952621364,
        0.35229625464000003
      ],
      "exit_codes": [
        0,
        0,
        0,
        0,
        0,
        0,
        0,
        0,
        0,
        0
      ]
    },
    {
      "command": "bun",
      "mean": 0.04107858134,
      "stddev": 0.0006097413575656571,
      "median": 0.04110712014,
      "user": 0.008832859999999998,
      "system": 0.03756194,
      "min": 0.03992653064,
      "max": 0.04228812664,
      "times": [
        0.04115523664,
        0.04228812664,
        0.041270449640000005,
        0.04039056764,
        0.04127679764,
        0.04105900364,
        0.03992653064,
        0.04101489364,
        0.04161279064,
        0.04079141664
      ],
      "exit_codes": [
        0,
        0,
        0,
        0,
        0,
        0,
        0,
        0,
        0,
        0
      ]
    },
    {
      "command": "deno",
      "mean": 0.80702474904,
      "stddev": 0.010779317924723896,
      "median": 0.8064468761400001,
      "user": 0.9949412599999998,
      "system": 0.28617764000000007,
      "min": 0.7909960126400001,
      "max": 0.82403365864,
      "times": [
        0.7922495646400001,
        0.81925631564,
        0.82403365864,
        0.79809898564,
        0.80483337564,
        0.7909960126400001,
        0.80749983664,
        0.8053939156400001,
        0.80825443364,
        0.81963139164
      ],
      "exit_codes": [
        0,
        0,
        0,
        0,
        0,
        0,
        0,
        0,
        0,
        0
      ]
    }
  ]
}