{
  "results": [
    {
      "command": "npm",
      "mean": 0.6979253537800001,
      "stddev": 0.005415279370048603,
      "median": 0.6977695369800001,
      "user": 0.8021367999999999,
      "system": 0.12392972000000002,
      "min": 0.68702279448,
      "max": 0.70887862848,
      "times": [
        0.68702279448,
        0.6975266174800001,
        0.6980124564800001,
        0.6996829774800001,
        0.69720795148,
        0.70099148448,
        0.70887862848,
        0.6973737134800001,
        0.6920646704800001,
        0.70049224348
      ],
      "exit_codes": [
        0,
        0,
        0,
        0,
        0,
        0,
        0,
        0,
        0,
        0
      ]
    },
    {
      "command": "yarn",
      "mean": 7.489136793979999,
      "stddev": 0.41110595917325266,
      "median": 7.49128513698,
      "user": 3.8973381,
      "system": 1.49521772,
      "min": 6.9403395754799995,
      "max": 8.42838918248,
      "times": [
        7.8537699524799995,
        8.42838918248,
        7.47710172448,
        7.11483184948,
        7.03894341048,
        7.39207123848,
        6.9403395754799995,
        7.50546854948,
        7.50702906848,
        7.63342338848
      ],
      "exit_codes": [
        0,
        0,
        0,
        0,
        0,
        0,
        0,
        0,
        0,
        0
      ]
    },
    {
      "command": "berry",
      "mean": 2.17751056298,
      "stddev": 0.09237259363552837,
      "median": 2.12609302198,
      "user": 2.4607264,
      "system": 0.41346711999999997,
      "min": 2.0936696724800004,
      "max": 2.3828220414800003,
      "times": [
        2.12414805648,
        2.21998481948,
        2.1097640114800003,
        2.18983814148,
        2.3828220414800003,
        2.30283533548,
        2.11476912948,
        2.0936696724800004,
        2.12803798748,
        2.10923643448
      ],
      "exit_codes": [
        0,
        0,
        0,
        0,
        0,
        0,
        0,
        0,
        0,
        0
      ]
    },
    {
      "command": "pnpm",
      "mean": 1.18069064578,
      "stddev": 0.022332181634283018,
      "median": 1.1712593119799999,
      "user": 1.6796384,
      "system": 0.29825712,
      "min": 1.1564508654799999,
      "max": 1.23800805048,
      "times": [
        1.1982965804799999,
        1.16418713848,
        1.17076353848,
        1.1803868364799999,
        1.1564508654799999,
        1.16965719048,
        1.16811911548,
        1.18928205648,
        1.23800805048,
        1.1717550854799998
      ],
      "exit_codes": [
        0,
        0,
        0,
        0,
        0,
        0,
        0,
        0,
        0,
        0
      ]
    },
    {
      "command": "vlt",
      "mean": 0.3247011807800001,
      "stddev": 0.0036597735246219135,
      "median": 0.3239892789800001,
      "user": 0.3482647,
      "system": 0.07794942,
      "min": 0.31909127348000005,
      "max": 0.33110723448,
      "times": [
        0.32202271148000006,
        0.32595584648000003,
        0.32853680748,
        0.32193827648000006,
        0.32201988348000005,
        0.33110723448,
        0.32829831648,
        0.31909127348000005,
        0.32186642948000005,
        0.32617502848
      ],
      "exit_codes": [
        0,
        0,
        0,
        0,
        0,
        0,
        0,
        0,
        0,
        0
      ]
    },
    {
      "command": "bun",
      "mean": 0.03931302278,
      "stddev": 0.0007964190457270669,
      "median": 0.03898851198,
      "user": 0.008571099999999998,
      "system": 0.036316619999999994,
      "min": 0.03855214448,
      "max": 0.041060563480000006,
      "times": [
        0.03880937148000001,
        0.03855214448,
        0.041060563480000006,
        0.03920686948,
        0.03886240448,
        0.03911461948,
        0.03863369448,
        0.03876801748000001,
        0.03965854648,
        0.04046399648000001
      ],
      "exit_codes": [
        0,
        0,
        0,
        0,
        0,
        0,
        0,
        0,
        0,
        0
      ]
    },
    {
      "command": "deno",
      "mean": 0.6848467570800001,
      "stddev": 0.015386203798403025,
      "median": 0.69184856248,
      "user": 0.7795761,
      "system": 0.28053951999999993,
      "min": 0.6589624294800001,
      "max": 0.70330914148,
      "times": [
        0.70330914148,
        0.67907023548,
        0.69469786948,
        0.70204916748,
        0.69278113348,
        0.66792543148,
        0.6589624294800001,
        0.69091599148,
        0.6949380524800001,
        0.66381811848
      ],
      "exit_codes": [
        0,
        0,
        0,
        0,
        0,
        0,
        0,
        0,
        0,
        0
      ]
    }
  ]
}