{
  "results": [
    {
      "command": "npm",
      "mean": 1.0234410390600002,
      "stddev": 0.019619216691886605,
      "median": 1.02115981796,
      "user": 1.1544014799999998,
      "system": 0.20762773999999995,
      "min": 1.00115989796,
      "max": 1.07167327496,
      "times": [
        1.0066358129600002,
        1.0061772369600002,
        1.0279167499600002,
        1.0269824059600001,
        1.01182796696,
        1.0224087079600002,
        1.00115989796,
        1.07167327496,
        1.03971740896,
        1.01991092796
      ],
      "exit_codes": [
        0,
        0,
        0,
        0,
        0,
        0,
        0,
        0,
        0,
        0
      ]
    },
    {
      "command": "yarn",
      "mean": 8.617549173659999,
      "stddev": 0.5030547196858729,
      "median": 8.537773144460001,
      "user": 4.21962998,
      "system": 1.57202804,
      "min": 8.00423644096,
      "max": 9.575816312959999,
      "times": [
        8.51758832396,
        8.00423644096,
        9.37198903096,
        8.36810913596,
        8.94869399396,
        8.55795796496,
        9.575816312959999,
        8.55866285696,
        8.05023423796,
        8.22220343796
      ],
      "exit_codes": [
        0,
        0,
        0,
        0,
        0,
        0,
        0,
        0,
        0,
        0
      ]
    },
    {
      "command": "berry",
      "mean": 2.29374599096,
      "stddev": 0.036212131702574556,
      "median": 2.2931385409600002,
      "user": 2.6695607800000003,
      "system": 0.43410364,
      "min": 2.23252366596,
      "max": 2.35167286896,
      "times": [
        2.34274688796,
        2.30643101196,
        2.28020811396,
        2.29561830896,
        2.31812319296,
        2.24662520496,
        2.35167286896,
        2.23252366596,
        2.2728518809600002,
        2.29065877296
      ],
      "exit_codes": [
        0,
        0,
        0,
        0,
        0,
        0,
        0,
        0,
        0,
        0
      ]
    },
    {
      "command": "pnpm",
      "mean": 1.3375453824599999,
      "stddev": 0.07851391577829685,
      "median": 1.33084572396,
      "user": 1.77306278,
      "system": 0.31451473999999996,
      "min": 1.25471333596,
      "max": 1.5389527359600002,
      "times": [
        1.27115859396,
        1.3560010099600002,
        1.25471333596,
        1.36548100096,
        1.28732685596,
        1.3334151649600001,
        1.32827628296,
        1.37228521196,
        1.2678436319600002,
        1.5389527359600002
      ],
      "exit_codes": [
        0,
        0,
        0,
        0,
        0,
        0,
        0,
        0,
        0,
        0
      ]
    },
    {
      "command": "vlt",
      "mean": 0.37239211036000003,
      "stddev": 0.0072722994500436814,
      "median": 0.37017094246000004,
      "user": 0.40143737999999995,
      "system": 0.08087594,
      "min": 0.36290447096000006,
      "max": 0.38590626396000005,
      "times": [
        0.38303797896,
        0.37172908196000004,
        0.36856107096,
        0.36585852096000004,
        0.36290447096000006,
        0.37314393696000003,
        0.38590626396000005,
        0.36616579996000004,
        0.36861280296000004,
        0.37800117596000005
      ],
      "exit_codes": [
        0,
        0,
        0,
        0,
        0,
        0,
        0,
        0,
        0,
        0
      ]
    },
    {
      "command": "bun",
      "mean": 0.042757376859999995,
      "stddev": 0.0006696593595534138,
      "median": 0.04285929846,
      "user": 0.009397979999999998,
      "system": 0.038992439999999996,
      "min": 0.04162467796,
      "max": 0.04388884996,
      "times": [
        0.04283563596,
        0.04388884996,
        0.04292428196,
        0.04162467796,
        0.04288296096,
        0.04229932596,
        0.04248891996,
        0.04367737496,
        0.04301655396,
        0.04193518696
      ],
      "exit_codes": [
        0,
        0,
        0,
        0,
        0,
        0,
        0,
        0,
        0,
        0
      ]
    },
    {
      "command": "deno",
      "mean": 0.8426084117600002,
      "stddev": 0.02744045887605881,
      "median": 0.84148006696,
      "user": 1.0384693799999998,
      "system": 0.29448734,
      "min": 0.81584517296,
      "max": 0.91795788896,
      "times": [
        0.84444821696,
        0.84364749996,
        0.81998391396,
        0.83931263396,
        0.81584517296,
        0.84917139996,
        0.91795788896,
        0.8253224649600001,
        0.84405910596,
        0.82633581996
      ],
      "exit_codes": [
        0,
        0,
        0,
        0,
        0,
        0,
        0,
        0,
        0,
        0
      ]
    }
  ]
}