{
  "results": [
    {
      "command": "npm",
      "mean": 1.0311529832600002,
      "stddev": 0.0223335453725165,
      "median": 1.0268969781600001,
      "user": 1.1835799999999999,
      "system": 0.19948256000000003,
      "min": 1.01374857566,
      "max": 1.09277425566,
      "times": [
        1.03037456166,
        1.0267629926600002,
        1.04205606166,
        1.01640775566,
        1.03208737966,
        1.01438899866,
        1.01374857566,
        1.0270309636600001,
        1.09277425566,
        1.01589828766
      ],
      "exit_codes": [
        0,
        0,
        0,
        0,
        0,
        0,
        0,
        0,
        0,
        0
      ]
    },
    {
      "command": "yarn",
      "mean": 5.820232281459999,
      "stddev": 0.19126555402042345,
      "median": 5.77287099966,
      "user": 4.7609103,
      "system": 1.4821208600000002,
      "min": 5.616652835659999,
      "max": 6.23117179266,
      "times": [
        5.861112074659999,
        5.68513022166,
        6.23117179266,
        5.68621383166,
        5.85952816766,
        5.931949415659999,
        6.03057079266,
        5.67642784266,
        5.616652835659999,
        5.6235658396599995
      ],
      "exit_codes": [
        0,
        0,
        0,
        0,
        0,
        0,
        0,
        0,
        0,
        0
      ]
    },
    {
      "command": "berry",
      "mean": 2.70840905426,
      "stddev": 0.057673712621940765,
      "median": 2.69652373866,
      "user": 3.8788943000000002,
      "system": 0.6422667599999999,
      "min": 2.6447543446600004,
      "max": 2.8274271196600003,
      "times": [
        2.65681894566,
        2.66187706566,
        2.6447543446600004,
        2.65701648266,
        2.67844408366,
        2.8274271196600003,
        2.74960670866,
        2.71514396966,
        2.77839842866,
        2.71460339366
      ],
      "exit_codes": [
        0,
        0,
        0,
        0,
        0,
        0,
        0,
        0,
        0,
        0
      ]
    },
    {
      "command": "zpm",
      "mean": 1.46872844426,
      "stddev": 0.026880381134311737,
      "median": 1.4645921556600001,
      "user": 1.4226622000000002,
      "system": 0.44205536,
      "min": 1.42314171966,
      "max": 1.5152991146600001,
      "times": [
        1.49539074566,
        1.45536492966,
        1.4624643316600001,
        1.47546582666,
        1.5152991146600001,
        1.42314171966,
        1.50041932866,
        1.4667199796600001,
        1.4444180536600002,
        1.44860041266
      ],
      "exit_codes": [
        0,
        0,
        0,
        0,
        0,
        0,
        0,
        0,
        0,
        0
      ]
    },
    {
      "command": "pnpm",
      "mean": 1.2642358653599999,
      "stddev": 0.012527277028376959,
      "median": 1.26181889766,
      "user": 1.8773024,
      "system": 0.32869976,
      "min": 1.24976592666,
      "max": 1.28861458666,
      "times": [
        1.26356289766,
        1.25088798966,
        1.28861458666,
        1.24976592666,
        1.2754774016600001,
        1.2558541656600002,
        1.27226267666,
        1.25057545366,
        1.27528265766,
        1.26007489766
      ],
      "exit_codes": [
        0,
        0,
        0,
        0,
        0,
        0,
        0,
        0,
        0,
        0
      ]
    },
    {
      "command": "vlt",
      "mean": 0.37105005836,
      "stddev": 0.004263643503527192,
      "median": 0.36963607966,
      "user": 0.4035550999999999,
      "system": 0.08069196,
      "min": 0.36722668266,
      "max": 0.38199506966,
      "times": [
        0.36848765566,
        0.37474529566000003,
        0.36722668266,
        0.37113119166,
        0.36726408366,
        0.36827460866,
        0.36960469066,
        0.36966746866,
        0.38199506966,
        0.37210383666
      ],
      "exit_codes": [
        0,
        0,
        0,
        0,
        0,
        0,
        0,
        0,
        0,
        0
      ]
    },
    {
      "command": "bun",
      "mean": 0.04442636096,
      "stddev": 0.002412659149241354,
      "median": 0.04368162416,
      "user": 0.0099444,
      "system": 0.040046059999999994,
      "min": 0.042268476660000005,
      "max": 0.051163685660000006,
      "times": [
        0.042988896660000005,
        0.042268476660000005,
        0.04353707666,
        0.051163685660000006,
        0.045259993660000004,
        0.04491704366,
        0.043648359660000004,
        0.04371488866,
        0.042648423660000004,
        0.04411676466
      ],
      "exit_codes": [
        0,
        0,
        0,
        0,
        0,
        0,
        0,
        0,
        0,
        0
      ]
    },
    {
      "command": "deno",
      "mean": 0.38963792986,
      "stddev": 0.008919510611194116,
      "median": 0.38563670516000004,
      "user": 0.7003276,
      "system": 0.24512056,
      "min": 0.38231350666,
      "max": 0.41044951866,
      "times": [
        0.38637579766,
        0.38409716466000005,
        0.38231350666,
        0.38486203966000004,
        0.39176300066,
        0.40235042566,
        0.38635739166000005,
        0.38491601866,
        0.38289443466,
        0.41044951866
      ],
      "exit_codes": [
        0,
        0,
        0,
        0,
        0,
        0,
        0,
        0,
        0,
        0
      ]
    }
  ]
}