{
  "results": [
    {
      "command": "npm",
      "mean": 5.555829085800001,
      "stddev": 0.3043086023214945,
      "median": 5.529575853100001,
      "user": 1.4559512799999998,
      "system": 0.34127896,
      "min": 5.2651278326,
      "max": 6.2956114006,
      "times": [
        5.2861616966,
        5.5368297576000005,
        5.5223219486,
        5.5590376006,
        5.5757152106,
        6.2956114006,
        5.2651278326,
        5.4119991056,
        5.7833210916,
        5.3221652136
      ],
      "exit_codes": [
        1,
        1,
        1,
        1,
        1,
        1,
        1,
        1,
        1,
        1
      ]
    },
    {
      "command": "yarn",
      "mean": 23.4409676186,
      "stddev": 0.1093913696915349,
      "median": 23.4483567506,
      "user": 21.965375079999998,
      "system": 19.689183959999998,
      "min": 23.2900617616,
      "max": 23.6685022896,
      "times": [
        23.3358390366,
        23.2900617616,
        23.4404280716,
        23.3854938216,
        23.5060553586,
        23.547108097600002,
        23.6685022896,
        23.4562854296,
        23.3190700876,
        23.4608322316
      ],
      "exit_codes": [
        0,
        0,
        0,
        0,
        0,
        0,
        0,
        0,
        0,
        0
      ]
    },
    {
      "command": "berry",
      "mean": 10.7487334964,
      "stddev": 0.05876586281777113,
      "median": 10.763397579600001,
      "user": 17.785722479999997,
      "system": 6.964081060000001,
      "min": 10.6293746706,
      "max": 10.815570518600001,
      "times": [
        10.7583208486,
        10.770048302600001,
        10.8085676966,
        10.749573877600001,
        10.6293746706,
        10.764693576600001,
        10.6477515296,
        10.7813323606,
        10.762101582600001,
        10.815570518600001
      ],
      "exit_codes": [
        0,
        0,
        0,
        0,
        0,
        0,
        0,
        0,
        0,
        0
      ]
    },
    {
      "command": "pnpm",
      "mean": 7.3078510935,
      "stddev": 0.2041413231238113,
      "median": 7.3516847826,
      "user": 8.687450680000001,
      "system": 5.2653184600000005,
      "min": 6.8970123296,
      "max": 7.6031182506,
      "times": [
        7.1165013876,
        7.4898902716,
        7.2700545996,
        7.4833961706,
        7.1016929016,
        7.6031182506,
        7.3265103756,
        7.3768591896,
        6.8970123296,
        7.4134754586
      ],
      "exit_codes": [
        0,
        0,
        0,
        0,
        0,
        0,
        0,
        0,
        0,
        0
      ]
    },
    {
      "command": "vlt",
      "mean": 7.0859608337,
      "stddev": 0.05046971232975785,
      "median": 7.0853242601,
      "user": 8.878532279999998,
      "system": 5.39456756,
      "min": 7.0113631426,
      "max": 7.1881320306,
      "times": [
        7.0798545096,
        7.0285276146,
        7.0994309716,
        7.0113631426,
        7.1111441796,
        7.1394595496,
        7.0907940106,
        7.1881320306,
        7.0723255556,
        7.0385767726
      ],
      "exit_codes": [
        0,
        0,
        0,
        0,
        0,
        0,
        0,
        0,
        0,
        0
      ]
    },
    {
      "command": "bun",
      "mean": 1.5764236093000001,
      "stddev": 0.3508569420725982,
      "median": 1.4511806706,
      "user": 0.9399662799999999,
      "system": 2.95740146,
      "min": 1.4021495596,
      "max": 2.6174671756,
      "times": [
        1.5341857536,
        1.4021495596,
        1.4111565446,
        1.5314776476,
        1.4110831356,
        1.5368542245999999,
        2.6174671756,
        1.4175007106,
        1.4408335816,
        1.4615277596
      ],
      "exit_codes": [
        0,
        0,
        0,
        0,
        0,
        0,
        0,
        0,
        0,
        0
      ]
    },
    {
      "command": "deno",
      "mean": 2.8167705183000002,
      "stddev": 0.3715115797563118,
      "median": 2.6828207651,
      "user": 2.91363378,
      "system": 4.026376259999999,
      "min": 2.5497468476,
      "max": 3.8916595956,
      "times": [
        2.6699689556,
        2.7266223205999998,
        2.6597369846000003,
        2.8611177526000002,
        2.6703409826,
        3.8916595956,
        2.5751346476,
        2.5497468476,
        2.8680765486,
        2.6953005476
      ],
      "exit_codes": [
        0,
        0,
        0,
        0,
        0,
        0,
        0,
        0,
        0,
        0
      ]
    }
  ]
}