{
  "results": [
    {
      "command": "npm",
      "mean": 4.2517370343800005,
      "stddev": 0.8136570725319135,
      "median": 3.81610232528,
      "user": 1.4799291599999997,
      "system": 0.33574175999999994,
      "min": 3.57629266928,
      "max": 6.05248719128,
      "times": [
        4.4695587132800005,
        3.57629266928,
        3.90595037728,
        6.05248719128,
        4.9404875202800005,
        4.82721239628,
        3.6099409312799997,
        3.6981438922799996,
        3.71104237928,
        3.72625427328
      ],
      "exit_codes": [
        1,
        1,
        1,
        1,
        1,
        1,
        1,
        1,
        1,
        1
      ]
    },
    {
      "command": "yarn",
      "mean": 34.63943349168,
      "stddev": 1.3125636783497001,
      "median": 34.551770702780004,
      "user": 22.77970236,
      "system": 18.60763596,
      "min": 32.73540094628,
      "max": 37.43099178728,
      "times": [
        34.015042905280005,
        32.73540094628,
        37.43099178728,
        35.51357618528,
        35.02750662828,
        34.38526179528,
        33.88132504728,
        32.986129175280006,
        34.71827961028,
        35.70082083628
      ],
      "exit_codes": [
        0,
        0,
        0,
        0,
        0,
        0,
        0,
        0,
        0,
        0
      ]
    },
    {
      "command": "berry",
      "mean": 11.65480869828,
      "stddev": 0.0537186869281576,
      "median": 11.66148376178,
      "user": 19.846924559999998,
      "system": 6.81130956,
      "min": 11.58477440728,
      "max": 11.73339854528,
      "times": [
        11.73339854528,
        11.64861124028,
        11.707462760279999,
        11.58477440728,
        11.69949414528,
        11.58990739528,
        11.58553521228,
        11.70388845728,
        11.620658536279999,
        11.67435628328
      ],
      "exit_codes": [
        0,
        0,
        0,
        0,
        0,
        0,
        0,
        0,
        0,
        0
      ]
    },
    {
      "command": "pnpm",
      "mean": 9.793118900180001,
      "stddev": 0.41610598886756195,
      "median": 9.69881121428,
      "user": 12.429164859999998,
      "system": 6.18451896,
      "min": 9.42137618328,
      "max": 10.96225571828,
      "times": [
        9.82885783628,
        9.74664747728,
        9.67125759028,
        9.726364838279999,
        9.927644449279999,
        9.516504551279999,
        9.61545930128,
        9.514821056279999,
        9.42137618328,
        10.96225571828
      ],
      "exit_codes": [
        0,
        0,
        0,
        0,
        0,
        0,
        0,
        0,
        0,
        0
      ]
    },
    {
      "command": "vlt",
      "mean": 13.135875134479999,
      "stddev": 0.3368973324569305,
      "median": 13.063890353279998,
      "user": 16.213618059999998,
      "system": 7.237924559999999,
      "min": 12.774710343279999,
      "max": 13.91107237528,
      "times": [
        13.91107237528,
        12.81698717228,
        12.79685397428,
        12.774710343279999,
        13.18592098928,
        12.966883551279999,
        13.069437319279999,
        13.29681698428,
        13.058343387279999,
        13.48172524828
      ],
      "exit_codes": [
        0,
        0,
        0,
        0,
        0,
        0,
        0,
        0,
        0,
        0
      ]
    },
    {
      "command": "bun",
      "mean": 2.78279649038,
      "stddev": 0.35181961582918425,
      "median": 2.65678976428,
      "user": 1.81481936,
      "system": 3.2111605600000006,
      "min": 2.4827447602799997,
      "max": 3.71875591028,
      "times": [
        2.5493945122799997,
        2.4827447602799997,
        2.78672923728,
        2.60979024828,
        2.63364010428,
        3.0852313532799998,
        2.53429635928,
        3.71875591028,
        2.67993942428,
        2.7474429942799996
      ],
      "exit_codes": [
        0,
        0,
        0,
        0,
        0,
        0,
        0,
        0,
        0,
        0
      ]
    },
    {
      "command": "deno",
      "mean": 19.898658133579996,
      "stddev": 1.1601897006090915,
      "median": 19.86988529328,
      "user": 4.846089759999999,
      "system": 4.02825466,
      "min": 18.290103810279998,
      "max": 22.02597296328,
      "times": [
        19.35423422128,
        20.771855380279998,
        20.50999616028,
        19.93959858628,
        19.80017200028,
        21.07693811528,
        18.30227907128,
        18.290103810279998,
        18.91543102728,
        22.02597296328
      ],
      "exit_codes": [
        0,
        0,
        0,
        0,
        0,
        0,
        0,
        0,
        0,
        0
      ]
    }
  ]
}