{
  "results": [
    {
      "command": "npm",
      "mean": 4.31259273124,
      "stddev": 0.3166822714001264,
      "median": 4.2363538597399995,
      "user": 1.5886550999999998,
      "system": 0.31740612,
      "min": 3.8834715232400003,
      "max": 4.94821470824,
      "times": [
        4.545494887239999,
        4.94821470824,
        3.99397491724,
        4.0402479822399995,
        4.12759314724,
        4.31707080324,
        4.50087372724,
        3.8834715232400003,
        4.6133487002399995,
        4.15563691624
      ],
      "exit_codes": [
        0,
        0,
        0,
        0,
        0,
        0,
        0,
        0,
        0,
        0
      ]
    },
    {
      "command": "yarn",
      "mean": 24.53821685114,
      "stddev": 0.4876818833491047,
      "median": 24.58379534874,
      "user": 32.080701600000005,
      "system": 15.62635752,
      "min": 23.73967918524,
      "max": 25.50250891624,
      "times": [
        24.82568715224,
        24.50247277224,
        24.470754541239998,
        24.32764410624,
        25.50250891624,
        23.73967918524,
        24.83936251924,
        24.70734451424,
        24.66511792524,
        23.801596879239998
      ],
      "exit_codes": [
        0,
        0,
        0,
        0,
        0,
        0,
        0,
        0,
        0,
        0
      ]
    },
    {
      "command": "berry",
      "mean": 6.175368713039999,
      "stddev": 0.3112644528401926,
      "median": 6.10062391224,
      "user": 11.532638,
      "system": 3.33424142,
      "min": 5.85427466224,
      "max": 6.73684298224,
      "times": [
        5.85427466224,
        5.85545013224,
        6.13982599524,
        6.0614218292399995,
        5.86629423824,
        6.36899587124,
        6.69043456224,
        5.98749694824,
        6.73684298224,
        6.19264990924
      ],
      "exit_codes": [
        0,
        0,
        0,
        0,
        0,
        0,
        0,
        0,
        0,
        0
      ]
    },
    {
      "command": "pnpm",
      "mean": 4.390022012139999,
      "stddev": 0.12097308883763914,
      "median": 4.3829540502399995,
      "user": 6.8213089,
      "system": 2.38837632,
      "min": 4.183962656239999,
      "max": 4.61279253124,
      "times": [
        4.47696734124,
        4.39704732624,
        4.61279253124,
        4.328155639239999,
        4.391300398239999,
        4.183962656239999,
        4.54463404624,
        4.27586129824,
        4.37460770224,
        4.31489118224
      ],
      "exit_codes": [
        0,
        0,
        0,
        0,
        0,
        0,
        0,
        0,
        0,
        0
      ]
    },
    {
      "command": "vlt",
      "mean": 0.3394845736400001,
      "stddev": 0.006074229785635199,
      "median": 0.33759076274000005,
      "user": 0.3586352,
      "system": 0.07792832,
      "min": 0.33087531724,
      "max": 0.35101945824,
      "times": [
        0.33622491624000006,
        0.33793431324000006,
        0.33724721224000004,
        0.34141413724,
        0.34992035724000004,
        0.33087531724,
        0.33507337924,
        0.33903867824000006,
        0.35101945824,
        0.33609796724
      ],
      "exit_codes": [
        0,
        0,
        0,
        0,
        0,
        0,
        0,
        0,
        0,
        0
      ]
    },
    {
      "command": "bun",
      "mean": 2.50758561904,
      "stddev": 0.12643764017391163,
      "median": 2.51988079924,
      "user": 3.4371275,
      "system": 3.02597032,
      "min": 2.29157915124,
      "max": 2.7497042842400004,
      "times": [
        2.29157915124,
        2.54944032724,
        2.7497042842400004,
        2.5908041062400002,
        2.4746675162400003,
        2.45682099824,
        2.32546574424,
        2.4903212712400005,
        2.5800327912400003,
        2.5670200002400003
      ],
      "exit_codes": [
        0,
        0,
        0,
        0,
        0,
        0,
        0,
        0,
        0,
        0
      ]
    },
    {
      "command": "deno",
      "mean": 8.02612119704,
      "stddev": 0.6356778789265606,
      "median": 7.847243862739999,
      "user": 3.696054899999999,
      "system": 0.8611981199999998,
      "min": 7.3719063472399995,
      "max": 9.516920494239999,
      "times": [
        9.516920494239999,
        7.755234446239999,
        8.15401554324,
        8.09136773724,
        7.62635167024,
        7.497573453239999,
        7.3719063472399995,
        7.51522912024,
        7.93925327924,
        8.79335987924
      ],
      "exit_codes": [
        0,
        0,
        0,
        0,
        0,
        0,
        0,
        0,
        0,
        0
      ]
    }
  ]
}