{
  "results": [
    {
      "command": "npm",
      "mean": 5.51719109888,
      "stddev": 0.038201719640388654,
      "median": 5.5211115500800005,
      "user": 5.41739104,
      "system": 3.34077884,
      "min": 5.44660277158,
      "max": 5.57891101558,
      "times": [
        5.5588682165800005,
        5.57891101558,
        5.49055489558,
        5.44660277158,
        5.47929330358,
        5.53780237558,
        5.50817523058,
        5.54252705858,
        5.53404786958,
        5.495128251580001
      ],
      "exit_codes": [
        0,
        0,
        0,
        0,
        0,
        0,
        0,
        0,
        0,
        0
      ]
    },
    {
      "command": "yarn",
      "mean": 11.453470459379997,
      "stddev": 0.11735421542425489,
      "median": 11.442972822079998,
      "user": 15.55108534,
      "system": 8.794953339999998,
      "min": 11.27138640358,
      "max": 11.739225571579999,
      "times": [
        11.41895274058,
        11.511318894579999,
        11.27138640358,
        11.501856864579999,
        11.472664782579999,
        11.45468430758,
        11.35957158558,
        11.739225571579999,
        11.37378210658,
        11.431261336579999
      ],
      "exit_codes": [
        0,
        0,
        0,
        0,
        0,
        0,
        0,
        0,
        0,
        0
      ]
    },
    {
      "command": "berry",
      "mean": 4.2583879521800005,
      "stddev": 0.03138835171127536,
      "median": 4.266414918080001,
      "user": 7.3543828399999995,
      "system": 2.51544254,
      "min": 4.21106838958,
      "max": 4.31383580858,
      "times": [
        4.269450415580001,
        4.26642411958,
        4.281834179580001,
        4.218102319580001,
        4.31383580858,
        4.2300756365800005,
        4.2382006825800005,
        4.288482253580001,
        4.21106838958,
        4.2664057165800005
      ],
      "exit_codes": [
        0,
        0,
        0,
        0,
        0,
        0,
        0,
        0,
        0,
        0
      ]
    },
    {
      "command": "pnpm",
      "mean": 2.16280591438,
      "stddev": 0.02442020092465065,
      "median": 2.1570599885799995,
      "user": 3.9051936400000002,
      "system": 1.6124336400000001,
      "min": 2.1353549725799996,
      "max": 2.21297755258,
      "times": [
        2.13826063458,
        2.1557313635799997,
        2.18814819258,
        2.21297755258,
        2.13614075258,
        2.1840586695799997,
        2.1583886135799997,
        2.1693447985799996,
        2.1353549725799996,
        2.1496535935799996
      ],
      "exit_codes": [
        0,
        0,
        0,
        0,
        0,
        0,
        0,
        0,
        0,
        0
      ]
    },
    {
      "command": "vlt",
      "mean": 2.75176680538,
      "stddev": 0.051782909967216635,
      "median": 2.74865607808,
      "user": 3.4456871399999995,
      "system": 1.8676299399999998,
      "min": 2.65396051258,
      "max": 2.8254715565799997,
      "times": [
        2.7285112045799997,
        2.7405174345799996,
        2.70885257158,
        2.7924848495799997,
        2.70474535058,
        2.65396051258,
        2.8254715565799997,
        2.75679472158,
        2.8112099155799997,
        2.79511993658
      ],
      "exit_codes": [
        0,
        0,
        0,
        0,
        0,
        0,
        0,
        0,
        0,
        0
      ]
    },
    {
      "command": "bun",
      "mean": 0.57525202028,
      "stddev": 0.15483632583923657,
      "median": 0.51783787408,
      "user": 0.5159884399999999,
      "system": 1.06072624,
      "min": 0.48485963558,
      "max": 1.01050930558,
      "times": [
        0.51425640758,
        0.49206084058,
        0.5325617675800001,
        0.49373947858,
        0.5214193405800001,
        0.48485963558,
        0.48693539058,
        0.6793662225800001,
        0.5368118135800001,
        1.01050930558
      ],
      "exit_codes": [
        0,
        0,
        0,
        0,
        0,
        0,
        0,
        0,
        0,
        0
      ]
    },
    {
      "command": "deno",
      "mean": 4.22157801778,
      "stddev": 0.32845482383251146,
      "median": 4.28524165458,
      "user": 1.80500354,
      "system": 1.50853444,
      "min": 3.59179896558,
      "max": 4.791709060580001,
      "times": [
        4.47929317958,
        4.27486005258,
        4.398582154580001,
        4.791709060580001,
        3.99072982658,
        4.467321896580001,
        4.29562325658,
        4.0054032285800005,
        3.92045855658,
        3.59179896558
      ],
      "exit_codes": [
        0,
        0,
        0,
        0,
        0,
        0,
        0,
        0,
        0,
        0
      ]
    }
  ]
}