{
  "results": [
    {
      "command": "npm",
      "mean": 0.99328566732,
      "stddev": 0.007189406252969801,
      "median": 0.99520162252,
      "user": 1.1236757999999998,
      "system": 0.19995964,
      "min": 0.97589247552,
      "max": 1.00110794352,
      "times": [
        0.97589247552,
        1.00110794352,
        0.99331247652,
        0.99709076852,
        0.99753561552,
        1.0007358105200002,
        0.99086489052,
        0.99203190852,
        0.99738987052,
        0.98689491352
      ],
      "exit_codes": [
        0,
        0,
        0,
        0,
        0,
        0,
        0,
        0,
        0,
        0
      ]
    },
    {
      "command": "yarn",
      "mean": 8.749589930820001,
      "stddev": 0.48047565258201147,
      "median": 8.67753495702,
      "user": 3.9679762000000003,
      "system": 1.4803556400000002,
      "min": 8.10561401452,
      "max": 9.55645745752,
      "times": [
        8.62857898252,
        9.41395621252,
        9.55645745752,
        8.70939156252,
        9.04363387052,
        8.64567835152,
        8.10561401452,
        9.00493903752,
        8.243695177520001,
        8.14395464152
      ],
      "exit_codes": [
        0,
        0,
        0,
        0,
        0,
        0,
        0,
        0,
        0,
        0
      ]
    },
    {
      "command": "berry",
      "mean": 2.3404754562199996,
      "stddev": 0.1829890358615959,
      "median": 2.2838305275199997,
      "user": 2.5633592999999997,
      "system": 0.42121383999999995,
      "min": 2.2333932275199997,
      "max": 2.87956359852,
      "times": [
        2.2333932275199997,
        2.87956359852,
        2.36538852652,
        2.2879608175199997,
        2.25930063852,
        2.3017403165199997,
        2.24913006652,
        2.2797002375199997,
        2.29010022352,
        2.2584769095199997
      ],
      "exit_codes": [
        0,
        0,
        0,
        0,
        0,
        0,
        0,
        0,
        0,
        0
      ]
    },
    {
      "command": "pnpm",
      "mean": 1.33124345712,
      "stddev": 0.019895911754274416,
      "median": 1.3287427270200003,
      "user": 1.6963497,
      "system": 0.29039194,
      "min": 1.3110749245200002,
      "max": 1.37905035152,
      "times": [
        1.3110749245200002,
        1.3170309455200002,
        1.37905035152,
        1.3238056965200002,
        1.3492161285200002,
        1.31389276952,
        1.33704012652,
        1.3336797575200001,
        1.3346646805200002,
        1.3129791905200001
      ],
      "exit_codes": [
        0,
        0,
        0,
        0,
        0,
        0,
        0,
        0,
        0,
        0
      ]
    },
    {
      "command": "vlt",
      "mean": 0.36721505802,
      "stddev": 0.005094150435679755,
      "median": 0.36536065801999995,
      "user": 0.38865340000000004,
      "system": 0.08733114,
      "min": 0.36033107652,
      "max": 0.37864660952,
      "times": [
        0.36648935352,
        0.36410986452,
        0.37246773652,
        0.37864660952,
        0.36546724752,
        0.37129608552,
        0.36033107652,
        0.36396779052,
        0.36525406852,
        0.36412074752
      ],
      "exit_codes": [
        0,
        0,
        0,
        0,
        0,
        0,
        0,
        0,
        0,
        0
      ]
    },
    {
      "command": "bun",
      "mean": 0.04087219232,
      "stddev": 0.0006451994577821353,
      "median": 0.04090518052,
      "user": 0.008390100000000001,
      "system": 0.03804204,
      "min": 0.03992577952,
      "max": 0.041945143520000006,
      "times": [
        0.04072176452,
        0.040413807520000004,
        0.03992577952,
        0.041088596520000006,
        0.04115233552000001,
        0.041194721520000005,
        0.040037409520000004,
        0.04176653752000001,
        0.041945143520000006,
        0.04047582752000001
      ],
      "exit_codes": [
        0,
        0,
        0,
        0,
        0,
        0,
        0,
        0,
        0,
        0
      ]
    },
    {
      "command": "deno",
      "mean": 0.8189009820200001,
      "stddev": 0.017417672132480425,
      "median": 0.82113312652,
      "user": 1.0105908999999997,
      "system": 0.29067344,
      "min": 0.79134059552,
      "max": 0.84128008452,
      "times": [
        0.84128008452,
        0.84055813652,
        0.8088704345200001,
        0.82136669752,
        0.82391884452,
        0.79134059552,
        0.82089955552,
        0.79829499052,
        0.84038319652,
        0.8020972845200001
      ],
      "exit_codes": [
        0,
        0,
        0,
        0,
        0,
        0,
        0,
        0,
        0,
        0
      ]
    }
  ]
}