{
  "results": [
    {
      "command": "npm",
      "mean": 0.5993643965800002,
      "stddev": 0.02996164185628771,
      "median": 0.5923242643800001,
      "user": 0.65743818,
      "system": 0.11535149999999998,
      "min": 0.5707000898800001,
      "max": 0.6852096978800001,
      "times": [
        0.5707000898800001,
        0.6852096978800001,
        0.5946720178800001,
        0.5952809818800001,
        0.5900315958800001,
        0.60476089188,
        0.5936751488800001,
        0.57840317488,
        0.5899369868800001,
        0.5909733798800001
      ],
      "exit_codes": [
        0,
        0,
        0,
        0,
        0,
        0,
        0,
        0,
        0,
        0
      ]
    },
    {
      "command": "yarn",
      "mean": 0.32846784348,
      "stddev": 0.006933113662736229,
      "median": 0.32656572638000003,
      "user": 0.37388467999999997,
      "system": 0.06968130000000002,
      "min": 0.32114416788,
      "max": 0.34665675888,
      "times": [
        0.34665675888,
        0.33456671188000003,
        0.32411466288,
        0.32608304888,
        0.32337804288,
        0.32615123388,
        0.32698021888,
        0.32777791388,
        0.32782567488000003,
        0.32114416788
      ],
      "exit_codes": [
        0,
        0,
        0,
        0,
        0,
        0,
        0,
        0,
        0,
        0
      ]
    },
    {
      "command": "berry",
      "mean": 1.12121542148,
      "stddev": 0.047297546536136284,
      "median": 1.10351874638,
      "user": 1.23761978,
      "system": 0.21918540000000003,
      "min": 1.0777527738800001,
      "max": 1.2482767408800002,
      "times": [
        1.2482767408800002,
        1.10977917388,
        1.09634156688,
        1.0998676438800001,
        1.12224856288,
        1.10065614388,
        1.10638134888,
        1.16044319788,
        1.0777527738800001,
        1.0904070618800001
      ],
      "exit_codes": [
        0,
        0,
        0,
        0,
        0,
        0,
        0,
        0,
        0,
        0
      ]
    },
    {
      "command": "pnpm",
      "mean": 0.7211062998800002,
      "stddev": 0.03960226960413718,
      "median": 0.7078718473800001,
      "user": 0.8206651800000001,
      "system": 0.12777619999999995,
      "min": 0.6955770468800001,
      "max": 0.8351571968800001,
      "times": [
        0.7043042788800001,
        0.6956452928800001,
        0.71117150388,
        0.6975279438800001,
        0.7189103388800001,
        0.6955770468800001,
        0.7156507888800001,
        0.7325464168800001,
        0.8351571968800001,
        0.7045721908800001
      ],
      "exit_codes": [
        0,
        0,
        0,
        0,
        0,
        0,
        0,
        0,
        0,
        0
      ]
    },
    {
      "command": "vlt",
      "mean": 0.32124663128000003,
      "stddev": 0.0066943648845146295,
      "median": 0.32353498238,
      "user": 0.35226038,
      "system": 0.06902559999999999,
      "min": 0.31019525488,
      "max": 0.32882426488,
      "times": [
        0.31552000588,
        0.31477028288000003,
        0.32882426488,
        0.31353000188,
        0.31019525488,
        0.32843473988,
        0.32218904088,
        0.32488092388,
        0.32774336688,
        0.32637843088
      ],
      "exit_codes": [
        0,
        0,
        0,
        0,
        0,
        0,
        0,
        0,
        0,
        0
      ]
    },
    {
      "command": "bun",
      "mean": 0.01175166948,
      "stddev": 0.00021456058323242878,
      "median": 0.01172142938,
      "user": 0.008341479999999998,
      "system": 0.0088852,
      "min": 0.01145715688,
      "max": 0.01220859388,
      "times": [
        0.01157169488,
        0.01161672988,
        0.011571895880000002,
        0.01145715688,
        0.01220859388,
        0.01183948588,
        0.011797362880000002,
        0.01201091588,
        0.011682125880000001,
        0.01176073288
      ],
      "exit_codes": [
        0,
        0,
        0,
        0,
        0,
        0,
        0,
        0,
        0,
        0
      ]
    },
    {
      "command": "deno",
      "mean": 0.06038821918,
      "stddev": 0.006296951148810607,
      "median": 0.058289397379999996,
      "user": 0.03935857999999999,
      "system": 0.026350699999999998,
      "min": 0.05657830788,
      "max": 0.07893514088,
      "times": [
        0.05810543988,
        0.05657830788,
        0.05757025288,
        0.05664458888,
        0.05920723288,
        0.05843972588,
        0.06061251388,
        0.05964991988,
        0.07893514088,
        0.05813906888
      ],
      "exit_codes": [
        0,
        0,
        0,
        0,
        0,
        0,
        0,
        0,
        0,
        0
      ]
    }
  ]
}