{
  "results": [
    {
      "command": "npm",
      "mean": 0.5431178788,
      "stddev": 0.005801559826792517,
      "median": 0.5434796136,
      "user": 0.65516528,
      "system": 0.07659982,
      "min": 0.5321485955999999,
      "max": 0.5513447716,
      "times": [
        0.5321485955999999,
        0.5436785176,
        0.5492339396,
        0.5428914636,
        0.5513447716,
        0.5432807096,
        0.5443486735999999,
        0.5495896506,
        0.5368803956,
        0.5377820705999999
      ],
      "exit_codes": [
        0,
        0,
        0,
        0,
        0,
        0,
        0,
        0,
        0,
        0
      ]
    },
    {
      "command": "yarn",
      "mean": 0.29527387720000003,
      "stddev": 0.005329976476772493,
      "median": 0.29634567310000004,
      "user": 0.34224118000000003,
      "system": 0.05005442,
      "min": 0.2869125226,
      "max": 0.30584681160000005,
      "times": [
        0.29738293460000004,
        0.29093187460000003,
        0.30584681160000005,
        0.2869125226,
        0.2926812616,
        0.29530841160000004,
        0.29785918060000005,
        0.2989285506,
        0.2982197596,
        0.28866746460000003
      ],
      "exit_codes": [
        0,
        0,
        0,
        0,
        0,
        0,
        0,
        0,
        0,
        0
      ]
    },
    {
      "command": "berry",
      "mean": 1.0726869475,
      "stddev": 0.015491197782348472,
      "median": 1.0694260446000001,
      "user": 1.2233389799999999,
      "system": 0.17126351999999997,
      "min": 1.0538097496,
      "max": 1.1005863936,
      "times": [
        1.0548581646,
        1.0628276046,
        1.0593008825999999,
        1.0720635126,
        1.0922682286,
        1.1005863936,
        1.0538097496,
        1.0881757846,
        1.0667885766,
        1.0761905776
      ],
      "exit_codes": [
        0,
        0,
        0,
        0,
        0,
        0,
        0,
        0,
        0,
        0
      ]
    },
    {
      "command": "pnpm",
      "mean": 0.7975236382,
      "stddev": 0.034401111825330476,
      "median": 0.7888822690999999,
      "user": 0.8303147799999999,
      "system": 0.10864441999999999,
      "min": 0.7731118966,
      "max": 0.8972466866,
      "times": [
        0.7825889716,
        0.7945366676,
        0.7910291436,
        0.7870840826,
        0.8043414526,
        0.7731118966,
        0.7773405256,
        0.7772764996,
        0.8972466866,
        0.7906804556
      ],
      "exit_codes": [
        0,
        0,
        0,
        0,
        0,
        0,
        0,
        0,
        0,
        0
      ]
    },
    {
      "command": "vlt",
      "mean": 0.3101750982000001,
      "stddev": 0.005885090742056974,
      "median": 0.3100699431,
      "user": 0.36456468000000003,
      "system": 0.058027720000000005,
      "min": 0.3013617616,
      "max": 0.31925351960000004,
      "times": [
        0.30509219460000003,
        0.3111318946,
        0.30900799160000003,
        0.30646035660000004,
        0.31925351960000004,
        0.31648367460000004,
        0.3013617616,
        0.31278372660000003,
        0.30309796660000005,
        0.31707789560000005
      ],
      "exit_codes": [
        0,
        0,
        0,
        0,
        0,
        0,
        0,
        0,
        0,
        0
      ]
    },
    {
      "command": "bun",
      "mean": 0.0126346536,
      "stddev": 0.0009690807754849953,
      "median": 0.0120096451,
      "user": 0.01051588,
      "system": 0.008480719999999999,
      "min": 0.011676448600000002,
      "max": 0.014030409600000002,
      "times": [
        0.011676448600000002,
        0.011852843600000001,
        0.011745184600000002,
        0.011856840600000002,
        0.013969491600000002,
        0.012010503600000002,
        0.012008786600000002,
        0.0138197326,
        0.014030409600000002,
        0.013376294600000001
      ],
      "exit_codes": [
        0,
        0,
        0,
        0,
        0,
        0,
        0,
        0,
        0,
        0
      ]
    },
    {
      "command": "deno",
      "mean": 0.0439081973,
      "stddev": 0.004989786548597226,
      "median": 0.0424376756,
      "user": 0.028286179999999994,
      "system": 0.02073712,
      "min": 0.0408868776,
      "max": 0.058688356600000005,
      "times": [
        0.0426069576,
        0.058688356600000005,
        0.0432048676,
        0.0422683936,
        0.0430477856,
        0.0422610846,
        0.0432248156,
        0.0408868776,
        0.0419364886,
        0.0409563456
      ],
      "exit_codes": [
        0,
        0,
        0,
        0,
        0,
        0,
        0,
        0,
        0,
        0
      ]
    }
  ]
}