{
  "results": [
    {
      "command": "npm",
      "mean": 6.819710473299999,
      "stddev": 0.03992775851576694,
      "median": 6.8236094652,
      "user": 8.069658239999999,
      "system": 1.8978251399999997,
      "min": 6.7495434707,
      "max": 6.8878158347,
      "times": [
        6.8878158347,
        6.8482962597,
        6.8173725687,
        6.8151624577,
        6.784196951699999,
        6.7705224596999996,
        6.7495434707,
        6.8298463617,
        6.8360995487,
        6.8582488197
      ],
      "exit_codes": [
        0,
        0,
        0,
        0,
        0,
        0,
        0,
        0,
        0,
        0
      ]
    },
    {
      "command": "yarn",
      "mean": 4.829772157,
      "stddev": 0.28659762718191845,
      "median": 4.7374270852,
      "user": 2.6574804399999996,
      "system": 1.5533794399999998,
      "min": 4.6354816727,
      "max": 5.6446331267,
      "times": [
        4.7233972287,
        4.6795012667,
        5.6446331267,
        4.6354816727,
        4.7526226897,
        4.7550522457,
        4.9880441347,
        4.6699110817,
        4.7514569417,
        4.6976211817
      ],
      "exit_codes": [
        0,
        0,
        0,
        0,
        0,
        0,
        0,
        0,
        0,
        0
      ]
    },
    {
      "command": "berry",
      "mean": 3.0306505433000006,
      "stddev": 0.3369646476333708,
      "median": 2.9192385827000003,
      "user": 2.9571178399999996,
      "system": 0.88226114,
      "min": 2.8279919897,
      "max": 4.0299438717,
      "times": [
        2.8279919897,
        2.9106648557000003,
        3.0192415647,
        2.9009885427,
        2.9278123097,
        2.8703353767000004,
        2.9596526417000004,
        2.8921787537,
        2.9676955267000005,
        4.0299438717
      ],
      "exit_codes": [
        0,
        0,
        0,
        0,
        0,
        0,
        0,
        0,
        0,
        0
      ]
    },
    {
      "command": "pnpm",
      "mean": 2.8634636735,
      "stddev": 0.085980036889025,
      "median": 2.8387948182000002,
      "user": 2.8289145399999995,
      "system": 0.6407351400000001,
      "min": 2.7591967907000003,
      "max": 2.9970284737000004,
      "times": [
        2.8402163037,
        2.7814733217,
        2.7813896777000005,
        2.8156672177,
        2.9735428607000003,
        2.9970284737000004,
        2.8583718497,
        2.7591967907000003,
        2.9903769067000003,
        2.8373733327000004
      ],
      "exit_codes": [
        0,
        0,
        0,
        0,
        0,
        0,
        0,
        0,
        0,
        0
      ]
    },
    {
      "command": "vlt",
      "mean": 1.445001985,
      "stddev": 0.026923609123562092,
      "median": 1.4483735916999998,
      "user": 1.63486834,
      "system": 0.8631905400000001,
      "min": 1.3947278966999999,
      "max": 1.4912412697,
      "times": [
        1.4424133697,
        1.3947278966999999,
        1.4743142097,
        1.4388384647,
        1.4912412697,
        1.4543338137,
        1.4580811757,
        1.4233740487,
        1.4563933707,
        1.4163022307
      ],
      "exit_codes": [
        0,
        0,
        0,
        0,
        0,
        0,
        0,
        0,
        0,
        0
      ]
    },
    {
      "command": "bun",
      "mean": 0.0883387669,
      "stddev": 0.0026879597936351578,
      "median": 0.0873187272,
      "user": 0.009412239999999999,
      "system": 0.08451183999999999,
      "min": 0.08677626370000001,
      "max": 0.0962117397,
      "times": [
        0.0870422267,
        0.08677626370000001,
        0.08732380470000001,
        0.08731364970000001,
        0.08691344670000001,
        0.0962117397,
        0.0882236967,
        0.08819937770000001,
        0.0869292967,
        0.0884541667
      ],
      "exit_codes": [
        0,
        0,
        0,
        0,
        0,
        0,
        0,
        0,
        0,
        0
      ]
    },
    {
      "command": "deno",
      "mean": 0.4910909169,
      "stddev": 0.006013445802986214,
      "median": 0.4900236217,
      "user": 0.55580664,
      "system": 0.31667724,
      "min": 0.48214512470000004,
      "max": 0.49955155070000007,
      "times": [
        0.48809619070000004,
        0.49606617270000003,
        0.4971563677,
        0.4981456227,
        0.4911082927,
        0.48893895070000004,
        0.48674880270000004,
        0.48295209370000003,
        0.48214512470000004,
        0.49955155070000007
      ],
      "exit_codes": [
        0,
        0,
        0,
        0,
        0,
        0,
        0,
        0,
        0,
        0
      ]
    }
  ]
}