{
  "results": [
    {
      "command": "npm",
      "mean": 6.679140825439999,
      "stddev": 0.02458897524883034,
      "median": 6.68383656244,
      "user": 7.658248099999999,
      "system": 2.51528328,
      "min": 6.62741769844,
      "max": 6.71605882444,
      "times": [
        6.68419167644,
        6.70529029344,
        6.68957465344,
        6.66805490444,
        6.65174047944,
        6.69442888144,
        6.68348144844,
        6.71605882444,
        6.62741769844,
        6.671169394440001
      ],
      "exit_codes": [
        0,
        0,
        0,
        0,
        0,
        0,
        0,
        0,
        0,
        0
      ]
    },
    {
      "command": "yarn",
      "mean": 4.40959840034,
      "stddev": 0.10840184878501821,
      "median": 4.382499423940001,
      "user": 2.7225218,
      "system": 2.27807318,
      "min": 4.27818250044,
      "max": 4.59133903844,
      "times": [
        4.39828109944,
        4.46288668744,
        4.59133903844,
        4.48359714744,
        4.32899963144,
        4.31016213944,
        4.57744539844,
        4.27818250044,
        4.298372612440001,
        4.36671774844
      ],
      "exit_codes": [
        0,
        0,
        0,
        0,
        0,
        0,
        0,
        0,
        0,
        0
      ]
    },
    {
      "command": "berry",
      "mean": 2.89599303984,
      "stddev": 0.05280778901893779,
      "median": 2.8901295039400003,
      "user": 2.9990406,
      "system": 1.24082818,
      "min": 2.8273776224400002,
      "max": 2.97900815344,
      "times": [
        2.9190887304400004,
        2.9598784304400003,
        2.8823711554400004,
        2.8273776224400002,
        2.97900815344,
        2.8978878524400002,
        2.83509014944,
        2.95365681144,
        2.83387638244,
        2.87169511044
      ],
      "exit_codes": [
        0,
        0,
        0,
        0,
        0,
        0,
        0,
        0,
        0,
        0
      ]
    },
    {
      "command": "pnpm",
      "mean": 2.7817992289400006,
      "stddev": 0.13889948469912827,
      "median": 2.7344235929400003,
      "user": 2.9407430000000003,
      "system": 0.9404583800000001,
      "min": 2.6187055044400003,
      "max": 3.08527553444,
      "times": [
        3.08527553444,
        2.8055101974400003,
        2.67379282544,
        2.7269189704400003,
        2.72316601844,
        2.6303719564400003,
        2.89894814244,
        2.74192821544,
        2.9133749244400002,
        2.6187055044400003
      ],
      "exit_codes": [
        0,
        0,
        0,
        0,
        0,
        0,
        0,
        0,
        0,
        0
      ]
    },
    {
      "command": "vlt",
      "mean": 2.7470649737400006,
      "stddev": 0.019778924515515686,
      "median": 2.74287157594,
      "user": 2.9618381,
      "system": 1.58650548,
      "min": 2.7192847974400003,
      "max": 2.7834133004400003,
      "times": [
        2.7451433514400003,
        2.7192847974400003,
        2.76181831944,
        2.7834133004400003,
        2.74637526544,
        2.7275250464400003,
        2.77630817544,
        2.74059980044,
        2.7390756964400005,
        2.73110598444
      ],
      "exit_codes": [
        0,
        0,
        0,
        0,
        0,
        0,
        0,
        0,
        0,
        0
      ]
    },
    {
      "command": "bun",
      "mean": 0.21857596604000004,
      "stddev": 0.005133474768166723,
      "median": 0.21647146144,
      "user": 0.07326329999999999,
      "system": 0.19773098,
      "min": 0.21182650944000003,
      "max": 0.22772535944000002,
      "times": [
        0.22318641144,
        0.22772535944000002,
        0.21431397144000003,
        0.22143018244,
        0.21707264044000002,
        0.22525099944000002,
        0.21449952744000003,
        0.21587028244000003,
        0.21458377644,
        0.21182650944000003
      ],
      "exit_codes": [
        0,
        0,
        0,
        0,
        0,
        0,
        0,
        0,
        0,
        0
      ]
    },
    {
      "command": "deno",
      "mean": 0.56349461584,
      "stddev": 0.010355021381057967,
      "median": 0.56178219144,
      "user": 0.36509349999999996,
      "system": 0.39066598,
      "min": 0.54950750744,
      "max": 0.58157639844,
      "times": [
        0.56431264044,
        0.57769550844,
        0.55709278044,
        0.56356920644,
        0.54950750744,
        0.55999517644,
        0.55198831244,
        0.57352751644,
        0.55568111144,
        0.58157639844
      ],
      "exit_codes": [
        0,
        0,
        0,
        0,
        0,
        0,
        0,
        0,
        0,
        0
      ]
    }
  ]
}