{
  "results": [
    {
      "command": "npm",
      "mean": 4.49817561444,
      "stddev": 0.2884905649998948,
      "median": 4.498968811639999,
      "user": 4.9792978,
      "system": 1.4243128200000001,
      "min": 4.09710243564,
      "max": 5.00637244364,
      "times": [
        4.52133257364,
        5.00637244364,
        4.66104520364,
        4.90319630964,
        4.23651363564,
        4.09710243564,
        4.47660504964,
        4.14055970764,
        4.57808577264,
        4.36094301264
      ],
      "exit_codes": [
        0,
        0,
        0,
        0,
        0,
        0,
        0,
        0,
        0,
        0
      ]
    },
    {
      "command": "yarn",
      "mean": 2.65956579554,
      "stddev": 0.22865695374337863,
      "median": 2.58779422764,
      "user": 1.4396585,
      "system": 0.81468922,
      "min": 2.3489567236399997,
      "max": 3.0089295206399997,
      "times": [
        2.44382767564,
        2.50870087664,
        3.0089295206399997,
        2.85601210564,
        2.42776279164,
        2.3489567236399997,
        2.93951467464,
        2.55195819964,
        2.62363025564,
        2.88636513164
      ],
      "exit_codes": [
        0,
        0,
        0,
        0,
        0,
        0,
        0,
        0,
        0,
        0
      ]
    },
    {
      "command": "berry",
      "mean": 2.5017172843066664,
      "stddev": 0.6142429890757262,
      "median": 2.41128971664,
      "user": 1.5277607999999998,
      "system": 0.47137722000000004,
      "min": 1.63841841064,
      "max": 3.91220455364,
      "times": [
        1.63841841064,
        1.8187581766399998,
        3.91220455364,
        2.7947785446399998,
        2.5916721426400002,
        2.6850462346399997,
        2.41128971664,
        2.31109790864,
        2.35218987064
      ],
      "exit_codes": [
        0,
        0,
        0,
        0,
        0,
        0,
        0,
        0,
        0
      ]
    },
    {
      "command": "pnpm",
      "mean": 1.69707380384,
      "stddev": 0.16102956179883607,
      "median": 1.69110289864,
      "user": 1.3697404,
      "system": 0.34184291999999994,
      "min": 1.49172645664,
      "max": 2.02595037464,
      "times": [
        1.70802599664,
        1.49172645664,
        1.50857843164,
        1.58359309264,
        1.57630245064,
        1.71067860464,
        2.02595037464,
        1.8668875416400001,
        1.82481528864,
        1.67417980064
      ],
      "exit_codes": [
        0,
        0,
        0,
        0,
        0,
        0,
        0,
        0,
        0,
        0
      ]
    },
    {
      "command": "vlt",
      "mean": 0.64571880144,
      "stddev": 0.012277852587332844,
      "median": 0.64091401664,
      "user": 0.6957457,
      "system": 0.37472222,
      "min": 0.63332062464,
      "max": 0.6697096716400001,
      "times": [
        0.6450501476400001,
        0.64278279664,
        0.63506078064,
        0.6497084756400001,
        0.6672595626400001,
        0.6697096716400001,
        0.6374619666400001,
        0.63778875164,
        0.63332062464,
        0.6390452366400001
      ],
      "exit_codes": [
        0,
        0,
        0,
        0,
        0,
        0,
        0,
        0,
        0,
        0
      ]
    },
    {
      "command": "bun",
      "mean": 0.06698687623999999,
      "stddev": 0.003009882787257908,
      "median": 0.06688545514,
      "user": 0.0059613,
      "system": 0.06385932,
      "min": 0.06255904964,
      "max": 0.07170517064,
      "times": [
        0.06810627164000001,
        0.06967225164,
        0.07170517064,
        0.07049049764,
        0.06416046664,
        0.06410052064,
        0.06566463864,
        0.06891395464,
        0.06255904964,
        0.06449594064
      ],
      "exit_codes": [
        0,
        0,
        0,
        0,
        0,
        0,
        0,
        0,
        0,
        0
      ]
    },
    {
      "command": "deno",
      "mean": 0.29947025774,
      "stddev": 0.014592557605681771,
      "median": 0.29936732763999996,
      "user": 0.2770873,
      "system": 0.16867412,
      "min": 0.27639513464,
      "max": 0.31695076864,
      "times": [
        0.27737127864,
        0.27639513464,
        0.30034418964,
        0.31275102864,
        0.29348933564,
        0.31400545264,
        0.29839046564,
        0.31590567964,
        0.31695076864,
        0.28909924364
      ],
      "exit_codes": [
        0,
        0,
        0,
        0,
        0,
        0,
        0,
        0,
        0,
        0
      ]
    }
  ]
}