{
  "results": [
    {
      "command": "npm",
      "mean": 6.993068431580001,
      "stddev": 0.10907641598832597,
      "median": 6.97793785278,
      "user": 8.177521559999999,
      "system": 2.58505478,
      "min": 6.846810957780001,
      "max": 7.1942003877800005,
      "times": [
        7.005878876780001,
        7.086630539780001,
        7.10699139078,
        6.93434697278,
        7.1942003877800005,
        7.04974650778,
        6.949996828780001,
        6.846810957780001,
        6.866716487780001,
        6.889365365780001
      ],
      "exit_codes": [
        0,
        0,
        0,
        0,
        0,
        0,
        0,
        0,
        0,
        0
      ]
    },
    {
      "command": "yarn",
      "mean": 4.8453189311800005,
      "stddev": 0.3032944602184136,
      "median": 4.722256743280001,
      "user": 2.8768437600000003,
      "system": 2.4150394800000003,
      "min": 4.58797065478,
      "max": 5.68315112478,
      "times": [
        4.64849601678,
        4.90172474378,
        5.68315112478,
        4.73521081578,
        4.58797065478,
        4.916021085780001,
        4.676676808780001,
        4.65397879078,
        4.9406565997800005,
        4.7093026707800005
      ],
      "exit_codes": [
        0,
        0,
        0,
        0,
        0,
        0,
        0,
        0,
        0,
        0
      ]
    },
    {
      "command": "berry",
      "mean": 3.16058944568,
      "stddev": 0.07006476441348412,
      "median": 3.1583815677800002,
      "user": 3.1116910599999996,
      "system": 1.2950014799999998,
      "min": 3.07474712378,
      "max": 3.31071142478,
      "times": [
        3.15374910878,
        3.13890728778,
        3.07474712378,
        3.0964056317799997,
        3.0811948977799997,
        3.16307949578,
        3.25037207278,
        3.16301402678,
        3.17371338678,
        3.31071142478
      ],
      "exit_codes": [
        0,
        0,
        0,
        0,
        0,
        0,
        0,
        0,
        0,
        0
      ]
    },
    {
      "command": "pnpm",
      "mean": 2.7308533153799996,
      "stddev": 0.09797049938668315,
      "median": 2.72935369478,
      "user": 2.7303780600000005,
      "system": 0.88591098,
      "min": 2.6033213967799997,
      "max": 2.89144322578,
      "times": [
        2.80388268778,
        2.74785215378,
        2.71967794578,
        2.60419560278,
        2.63144915978,
        2.69280234978,
        2.73902944378,
        2.87487918778,
        2.89144322578,
        2.6033213967799997
      ],
      "exit_codes": [
        0,
        0,
        0,
        0,
        0,
        0,
        0,
        0,
        0,
        0
      ]
    },
    {
      "command": "vlt",
      "mean": 1.7171546479800004,
      "stddev": 0.006972889646348389,
      "median": 1.71887983478,
      "user": 1.8250040600000002,
      "system": 1.37630178,
      "min": 1.7074613497800002,
      "max": 1.72687275578,
      "times": [
        1.7074613497800002,
        1.70983100278,
        1.72423124978,
        1.7241238577800002,
        1.7179580197800002,
        1.7198016497800002,
        1.7218783947800003,
        1.70823791878,
        1.72687275578,
        1.71115028078
      ],
      "exit_codes": [
        0,
        0,
        0,
        0,
        0,
        0,
        0,
        0,
        0,
        0
      ]
    },
    {
      "command": "bun",
      "mean": 0.16583925248000003,
      "stddev": 0.002565301656044374,
      "median": 0.16466859828000002,
      "user": 0.012701059999999997,
      "system": 0.15863908,
      "min": 0.16324309078000002,
      "max": 0.17036378078,
      "times": [
        0.16548717278000002,
        0.16912720478,
        0.17036378078,
        0.16324309078000002,
        0.16329959778,
        0.16420625578,
        0.16418964578,
        0.16403291378,
        0.16513094078,
        0.16931192178
      ],
      "exit_codes": [
        0,
        0,
        0,
        0,
        0,
        0,
        0,
        0,
        0,
        0
      ]
    },
    {
      "command": "deno",
      "mean": 0.57307343508,
      "stddev": 0.006708364550344615,
      "median": 0.57183849178,
      "user": 0.55387276,
      "system": 0.47737048,
      "min": 0.56043590678,
      "max": 0.58418092378,
      "times": [
        0.58282708878,
        0.58418092378,
        0.57202213478,
        0.57712180578,
        0.5716548487800001,
        0.5686418157800001,
        0.57461689878,
        0.56783116178,
        0.56043590678,
        0.57140176578
      ],
      "exit_codes": [
        0,
        0,
        0,
        0,
        0,
        0,
        0,
        0,
        0,
        0
      ]
    }
  ]
}