{
  "results": [
    {
      "command": "npm",
      "mean": 7.14860694642,
      "stddev": 0.07608222369745284,
      "median": 7.148666953819999,
      "user": 8.1956635,
      "system": 2.5981285599999997,
      "min": 6.99741908682,
      "max": 7.28267095682,
      "times": [
        6.99741908682,
        7.08272946282,
        7.15612063482,
        7.16143131182,
        7.10073666982,
        7.13002085082,
        7.14121327282,
        7.20131143082,
        7.28267095682,
        7.23241578682
      ],
      "exit_codes": [
        0,
        0,
        0,
        0,
        0,
        0,
        0,
        0,
        0,
        0
      ]
    },
    {
      "command": "yarn",
      "mean": 3.4681131140200003,
      "stddev": 0.18808952421380765,
      "median": 3.3799140043199998,
      "user": 2.8283495000000003,
      "system": 2.3295870599999997,
      "min": 3.28520357882,
      "max": 3.83878612582,
      "times": [
        3.50306724982,
        3.38960969482,
        3.83878612582,
        3.81522835882,
        3.32963930882,
        3.35908061082,
        3.28520357882,
        3.35182039182,
        3.43847750682,
        3.37021831382
      ],
      "exit_codes": [
        0,
        0,
        0,
        0,
        0,
        0,
        0,
        0,
        0,
        0
      ]
    },
    {
      "command": "berry",
      "mean": 2.7437485931200003,
      "stddev": 0.06704247509008066,
      "median": 2.71798548782,
      "user": 3.0832447000000003,
      "system": 1.2530260599999998,
      "min": 2.6615230488200003,
      "max": 2.8900008228200003,
      "times": [
        2.73476760282,
        2.69583537682,
        2.76032232282,
        2.69482804982,
        2.69777836082,
        2.7012033728200002,
        2.8900008228200003,
        2.6615230488200003,
        2.7745237668200002,
        2.82670320682
      ],
      "exit_codes": [
        0,
        0,
        0,
        0,
        0,
        0,
        0,
        0,
        0,
        0
      ]
    },
    {
      "command": "zpm",
      "mean": 2.0126886920200002,
      "stddev": 0.27101930635916704,
      "median": 2.00010041682,
      "user": 0.6244860999999998,
      "system": 0.84281486,
      "min": 1.66656592882,
      "max": 2.43430118382,
      "times": [
        1.72851058582,
        1.91278781382,
        2.20279762582,
        2.15313954882,
        2.41054554382,
        1.71965885382,
        2.43430118382,
        2.08741301982,
        1.81116681582,
        1.66656592882
      ],
      "exit_codes": [
        0,
        0,
        0,
        0,
        0,
        0,
        0,
        0,
        0,
        0
      ]
    },
    {
      "command": "pnpm",
      "mean": 2.27030317252,
      "stddev": 0.04129658666237656,
      "median": 2.27961034332,
      "user": 2.9737578,
      "system": 0.9360872599999999,
      "min": 2.20000904282,
      "max": 2.34107206382,
      "times": [
        2.28525024082,
        2.22387678682,
        2.27397044582,
        2.20000904282,
        2.3001338758200003,
        2.22455869782,
        2.29933815482,
        2.29723292182,
        2.25758949482,
        2.34107206382
      ],
      "exit_codes": [
        0,
        0,
        0,
        0,
        0,
        0,
        0,
        0,
        0,
        0
      ]
    },
    {
      "command": "vlt",
      "mean": 1.6908875151200005,
      "stddev": 0.02496444084592434,
      "median": 1.6850206878200003,
      "user": 1.8736000000000002,
      "system": 1.28794176,
      "min": 1.65066099082,
      "max": 1.7357969368200001,
      "times": [
        1.67462247282,
        1.6715747258200002,
        1.6982889378200001,
        1.6922092288200001,
        1.71089904382,
        1.6778321468200001,
        1.7231578408200001,
        1.67383282682,
        1.65066099082,
        1.7357969368200001
      ],
      "exit_codes": [
        0,
        0,
        0,
        0,
        0,
        0,
        0,
        0,
        0,
        0
      ]
    },
    {
      "command": "bun",
      "mean": 0.16935291352000004,
      "stddev": 0.005080219929142752,
      "median": 0.16764962532,
      "user": 0.012354,
      "system": 0.16177646,
      "min": 0.16663809482,
      "max": 0.18438706982,
      "times": [
        0.16707629082,
        0.16755638382000002,
        0.16663809482,
        0.16895891782,
        0.16774286682,
        0.18438706982,
        0.16671900582000002,
        0.16693773482000002,
        0.16859829282,
        0.16891447782000002
      ],
      "exit_codes": [
        0,
        0,
        0,
        0,
        0,
        0,
        0,
        0,
        0,
        0
      ]
    },
    {
      "command": "deno",
      "mean": 0.6066487646200001,
      "stddev": 0.010090209476715087,
      "median": 0.60227614182,
      "user": 0.5854549,
      "system": 0.49977666000000004,
      "min": 0.5985940338200001,
      "max": 0.6342320078200001,
      "times": [
        0.5985940338200001,
        0.6010478208200001,
        0.60441880282,
        0.6098598418200001,
        0.60165122682,
        0.6001901228200001,
        0.6010965138200001,
        0.61249621882,
        0.6342320078200001,
        0.6029010568200001
      ],
      "exit_codes": [
        0,
        0,
        0,
        0,
        0,
        0,
        0,
        0,
        0,
        0
      ]
    }
  ]
}