{
  "results": [
    {
      "command": "npm",
      "mean": 7.89710227162,
      "stddev": 0.06775442660754778,
      "median": 7.88992310842,
      "user": 9.168627439999998,
      "system": 2.5683089199999998,
      "min": 7.786722012919999,
      "max": 7.989697951919999,
      "times": [
        7.97002972392,
        7.83641356692,
        7.9213191169199995,
        7.989697951919999,
        7.97010091692,
        7.83946906992,
        7.95139153792,
        7.84735171892,
        7.85852709992,
        7.786722012919999
      ],
      "exit_codes": [
        0,
        0,
        0,
        0,
        0,
        0,
        0,
        0,
        0,
        0
      ]
    },
    {
      "command": "yarn",
      "mean": 5.22361860162,
      "stddev": 0.4847884405374451,
      "median": 5.1070506374199995,
      "user": 3.16658944,
      "system": 1.95690162,
      "min": 4.689539689919999,
      "max": 6.123372734919999,
      "times": [
        5.91266843792,
        4.689539689919999,
        5.17071171692,
        5.043389557919999,
        5.49961283492,
        4.81362799392,
        5.47177641292,
        6.123372734919999,
        4.7846157719199995,
        4.7268708649199995
      ],
      "exit_codes": [
        0,
        0,
        0,
        0,
        0,
        0,
        0,
        0,
        0,
        0
      ]
    },
    {
      "command": "berry",
      "mean": 3.2134393507200003,
      "stddev": 0.11950836791966327,
      "median": 3.2150810834200003,
      "user": 3.4658356400000003,
      "system": 1.06493162,
      "min": 3.0791804589200003,
      "max": 3.50900219192,
      "times": [
        3.09360198792,
        3.2859338409200003,
        3.2152735159200003,
        3.2148886509200003,
        3.24041769892,
        3.23636753392,
        3.09384663692,
        3.1658809909200003,
        3.0791804589200003,
        3.50900219192
      ],
      "exit_codes": [
        0,
        0,
        0,
        0,
        0,
        0,
        0,
        0,
        0,
        0
      ]
    },
    {
      "command": "pnpm",
      "mean": 2.9520249397200002,
      "stddev": 0.25112080765029005,
      "median": 2.83840159692,
      "user": 2.93365034,
      "system": 0.6849946199999999,
      "min": 2.6669274349200003,
      "max": 3.51376968092,
      "times": [
        2.82568476892,
        3.07481571992,
        3.23504542692,
        2.84008243392,
        2.6846191149200003,
        2.6669274349200003,
        2.83672075992,
        3.51376968092,
        3.0294996319200003,
        2.81308442492
      ],
      "exit_codes": [
        0,
        0,
        0,
        0,
        0,
        0,
        0,
        0,
        0,
        0
      ]
    },
    {
      "command": "vlt",
      "mean": 1.7733292116200001,
      "stddev": 0.016639593857780948,
      "median": 1.7757056059200003,
      "user": 1.93872564,
      "system": 1.10007422,
      "min": 1.7344538869200001,
      "max": 1.7937695639200002,
      "times": [
        1.7841497199200003,
        1.7680219399200001,
        1.76234624692,
        1.7778994379200002,
        1.7909187759200003,
        1.7735117739200001,
        1.7937695639200002,
        1.7631046509200001,
        1.78511611992,
        1.7344538869200001
      ],
      "exit_codes": [
        0,
        0,
        0,
        0,
        0,
        0,
        0,
        0,
        0,
        0
      ]
    },
    {
      "command": "bun",
      "mean": 0.11121781512000002,
      "stddev": 0.0029817954694591896,
      "median": 0.10976371792,
      "user": 0.011874739999999998,
      "system": 0.10486111999999999,
      "min": 0.10803461992,
      "max": 0.11603756692,
      "times": [
        0.10816986092000001,
        0.10814977392000001,
        0.10951327192,
        0.10803461992,
        0.11000505592000001,
        0.10952237992000001,
        0.11331253892000001,
        0.11603756692,
        0.11531845892,
        0.11411462392
      ],
      "exit_codes": [
        0,
        0,
        0,
        0,
        0,
        0,
        0,
        0,
        0,
        0
      ]
    },
    {
      "command": "deno",
      "mean": 0.50133476342,
      "stddev": 0.004376111462234077,
      "median": 0.50122403892,
      "user": 0.55884464,
      "system": 0.34249041999999996,
      "min": 0.49341587592,
      "max": 0.50817577392,
      "times": [
        0.50240965992,
        0.50003841792,
        0.50267101492,
        0.49972435792000003,
        0.49341587592,
        0.49887380092,
        0.50778158092,
        0.49664627392,
        0.50361087792,
        0.50817577392
      ],
      "exit_codes": [
        0,
        0,
        0,
        0,
        0,
        0,
        0,
        0,
        0,
        0
      ]
    }
  ]
}