{
  "results": [
    {
      "command": "npm",
      "mean": 7.51941308582,
      "stddev": 0.016439396010434714,
      "median": 7.5187571557199995,
      "user": 8.790714779999998,
      "system": 2.3365652399999997,
      "min": 7.48817869072,
      "max": 7.54757376372,
      "times": [
        7.50175944172,
        7.51192696372,
        7.534717510719999,
        7.52715250172,
        7.48817869072,
        7.51359968572,
        7.532579677719999,
        7.54757376372,
        7.51272799672,
        7.52391462572
      ],
      "exit_codes": [
        0,
        0,
        0,
        0,
        0,
        0,
        0,
        0,
        0,
        0
      ]
    },
    {
      "command": "yarn",
      "mean": 5.16393104882,
      "stddev": 0.4016037320555854,
      "median": 5.23306670422,
      "user": 3.0025873800000005,
      "system": 1.8307041399999995,
      "min": 4.63252753972,
      "max": 6.00771970672,
      "times": [
        5.24576731972,
        5.60824882672,
        6.00771970672,
        5.256133881719999,
        4.72292273472,
        5.24968582872,
        4.63252753972,
        4.87224843872,
        4.8236901227199995,
        5.22036608872
      ],
      "exit_codes": [
        0,
        0,
        0,
        0,
        0,
        0,
        0,
        0,
        0,
        0
      ]
    },
    {
      "command": "berry",
      "mean": 3.2102060999200006,
      "stddev": 0.22330677077057048,
      "median": 3.14252776722,
      "user": 3.33755728,
      "system": 1.0356666399999999,
      "min": 2.97310926772,
      "max": 3.75659245972,
      "times": [
        3.10703884672,
        3.75659245972,
        3.31221087572,
        3.21361224272,
        3.10478523572,
        3.40922124872,
        3.05155766972,
        2.97310926772,
        3.17801668772,
        2.99591646472
      ],
      "exit_codes": [
        0,
        0,
        0,
        0,
        0,
        0,
        0,
        0,
        0,
        0
      ]
    },
    {
      "command": "pnpm",
      "mean": 2.8183961113200002,
      "stddev": 0.2977031044698347,
      "median": 2.85190025572,
      "user": 2.76188378,
      "system": 0.63873584,
      "min": 2.40089968372,
      "max": 3.44791543772,
      "times": [
        2.94714710072,
        2.89190818672,
        2.9612655927200002,
        2.40089968372,
        3.44791543772,
        2.61405848972,
        2.53150158172,
        2.81189232472,
        3.06017395472,
        2.51719876072
      ],
      "exit_codes": [
        0,
        0,
        0,
        0,
        0,
        0,
        0,
        0,
        0,
        0
      ]
    },
    {
      "command": "vlt",
      "mean": 1.69375791842,
      "stddev": 0.019108407378125365,
      "median": 1.6995998777199999,
      "user": 1.8753327800000001,
      "system": 1.02684264,
      "min": 1.64961488272,
      "max": 1.71522240572,
      "times": [
        1.70660388572,
        1.68513982772,
        1.69802568572,
        1.71522240572,
        1.64961488272,
        1.69943216272,
        1.6705586277200002,
        1.69976759272,
        1.70172058172,
        1.71149353172
      ],
      "exit_codes": [
        0,
        0,
        0,
        0,
        0,
        0,
        0,
        0,
        0,
        0
      ]
    },
    {
      "command": "bun",
      "mean": 0.11058381442000001,
      "stddev": 0.004364844792150898,
      "median": 0.10932268222,
      "user": 0.01343288,
      "system": 0.10271104,
      "min": 0.10707800672000001,
      "max": 0.12224941372,
      "times": [
        0.11112833772,
        0.10728601572,
        0.10840930572,
        0.10707800672000001,
        0.12224941372,
        0.10747336872,
        0.10743668072,
        0.11023605872,
        0.11292293872,
        0.11161801772
      ],
      "exit_codes": [
        0,
        0,
        0,
        0,
        0,
        0,
        0,
        0,
        0,
        0
      ]
    },
    {
      "command": "deno",
      "mean": 0.4918903519200001,
      "stddev": 0.008186528727313734,
      "median": 0.48930857522000004,
      "user": 0.5509495799999999,
      "system": 0.33385773999999996,
      "min": 0.48286403772000003,
      "max": 0.50601970372,
      "times": [
        0.50601970372,
        0.49124136672,
        0.48443571672,
        0.48748769472000003,
        0.49818711272000005,
        0.48650611972,
        0.48286403772000003,
        0.48507124272,
        0.49112945572000005,
        0.50596106872
      ],
      "exit_codes": [
        0,
        0,
        0,
        0,
        0,
        0,
        0,
        0,
        0,
        0
      ]
    }
  ]
}