{
  "results": [
    {
      "command": "npm",
      "mean": 6.78652183484,
      "stddev": 0.044667784544266016,
      "median": 6.7776725334400005,
      "user": 7.9599241,
      "system": 2.5312857799999997,
      "min": 6.71117271194,
      "max": 6.88805415694,
      "times": [
        6.82834566394,
        6.78480755194,
        6.77504926994,
        6.77785037294,
        6.71117271194,
        6.75374757594,
        6.80486317794,
        6.76383317294,
        6.7774946939400005,
        6.88805415694
      ],
      "exit_codes": [
        0,
        0,
        0,
        0,
        0,
        0,
        0,
        0,
        0,
        0
      ]
    },
    {
      "command": "yarn",
      "mean": 4.178299673340001,
      "stddev": 0.5413483711360808,
      "median": 3.9930905029400003,
      "user": 2.6946223999999996,
      "system": 2.2589348799999995,
      "min": 3.89994831494,
      "max": 5.78627336994,
      "times": [
        4.1901330339400005,
        4.00042837694,
        5.78627336994,
        3.89994831494,
        3.9857526289400003,
        4.03530481994,
        3.96453089994,
        3.91216070694,
        4.02763781994,
        3.9808267619400004
      ],
      "exit_codes": [
        0,
        0,
        0,
        0,
        0,
        0,
        0,
        0,
        0,
        0
      ]
    },
    {
      "command": "berry",
      "mean": 2.8691680568400004,
      "stddev": 0.04969839933645598,
      "median": 2.86319698644,
      "user": 3.0565800999999997,
      "system": 1.2513890799999998,
      "min": 2.78850314794,
      "max": 2.97239925394,
      "times": [
        2.8613846249400003,
        2.97239925394,
        2.8196634639400004,
        2.78850314794,
        2.86500934794,
        2.92775036894,
        2.84242622894,
        2.8487370689400002,
        2.87718271194,
        2.8886243509400003
      ],
      "exit_codes": [
        0,
        0,
        0,
        0,
        0,
        0,
        0,
        0,
        0,
        0
      ]
    },
    {
      "command": "pnpm",
      "mean": 2.68428280594,
      "stddev": 0.19849686176939751,
      "median": 2.6436387859400003,
      "user": 2.9665589,
      "system": 0.9173312799999997,
      "min": 2.41742544894,
      "max": 3.1430015249400003,
      "times": [
        2.51419389494,
        2.6289425699400004,
        2.6583350019400003,
        2.41742544894,
        2.8905512839400003,
        3.1430015249400003,
        2.7235703099400004,
        2.74693220394,
        2.54031884894,
        2.57955697194
      ],
      "exit_codes": [
        0,
        0,
        0,
        0,
        0,
        0,
        0,
        0,
        0,
        0
      ]
    },
    {
      "command": "vlt",
      "mean": 2.7526204741400004,
      "stddev": 0.026248444258429527,
      "median": 2.75403966844,
      "user": 2.9603729999999997,
      "system": 1.58672628,
      "min": 2.70339765794,
      "max": 2.7988797089400004,
      "times": [
        2.76723222594,
        2.7988797089400004,
        2.7771997189400004,
        2.7256997909400003,
        2.7477222029400004,
        2.73055126194,
        2.75903297494,
        2.76744283694,
        2.70339765794,
        2.74904636194
      ],
      "exit_codes": [
        0,
        0,
        0,
        0,
        0,
        0,
        0,
        0,
        0,
        0
      ]
    },
    {
      "command": "bun",
      "mean": 0.21465185804000003,
      "stddev": 0.0019449826285223965,
      "median": 0.21409781394,
      "user": 0.06951909999999999,
      "system": 0.19466658,
      "min": 0.21271604494000002,
      "max": 0.21880697094,
      "times": [
        0.21318154294,
        0.21469251994,
        0.21358112894,
        0.21271604494000002,
        0.21312330894,
        0.21521599994,
        0.21305404894000002,
        0.21461449894,
        0.21753251594,
        0.21880697094
      ],
      "exit_codes": [
        0,
        0,
        0,
        0,
        0,
        0,
        0,
        0,
        0,
        0
      ]
    },
    {
      "command": "deno",
      "mean": 0.53864352324,
      "stddev": 0.006040239327385506,
      "median": 0.5378075669400001,
      "user": 0.4716043,
      "system": 0.47473247999999985,
      "min": 0.5287964069400001,
      "max": 0.54897162594,
      "times": [
        0.5287964069400001,
        0.54325276594,
        0.53430276694,
        0.5388806179400001,
        0.54697467694,
        0.54897162594,
        0.5328981179400001,
        0.53520221394,
        0.5404215239400001,
        0.5367345159400001
      ],
      "exit_codes": [
        0,
        0,
        0,
        0,
        0,
        0,
        0,
        0,
        0,
        0
      ]
    }
  ]
}