{
  "results": [
    {
      "command": "npm",
      "mean": 0.6222474720600002,
      "stddev": 0.004685500455202797,
      "median": 0.6239245602600001,
      "user": 0.69996302,
      "system": 0.11770969999999999,
      "min": 0.61473292976,
      "max": 0.6283657567600001,
      "times": [
        0.6245173887600001,
        0.6250046827600001,
        0.6283657567600001,
        0.6277345157600001,
        0.6257118947600001,
        0.61473292976,
        0.61727829176,
        0.6197805047600001,
        0.6160170237600001,
        0.6233317317600001
      ],
      "exit_codes": [
        0,
        0,
        0,
        0,
        0,
        0,
        0,
        0,
        0,
        0
      ]
    },
    {
      "command": "yarn",
      "mean": 0.31799441636000003,
      "stddev": 0.009932792342650466,
      "median": 0.31512625676,
      "user": 0.35310822000000003,
      "system": 0.06360740000000001,
      "min": 0.30987616376,
      "max": 0.34542286576000003,
      "times": [
        0.31091057376,
        0.32022250476,
        0.31080883276,
        0.31220903976,
        0.32043165676,
        0.31981001276,
        0.30987616376,
        0.31623083076,
        0.31402168276,
        0.34542286576000003
      ],
      "exit_codes": [
        0,
        0,
        0,
        0,
        0,
        0,
        0,
        0,
        0,
        0
      ]
    },
    {
      "command": "berry",
      "mean": 1.0408700532600001,
      "stddev": 0.010286738607352843,
      "median": 1.04141146476,
      "user": 1.21616802,
      "system": 0.21247689999999997,
      "min": 1.02272630376,
      "max": 1.06237480176,
      "times": [
        1.03338731676,
        1.04146229076,
        1.05049651876,
        1.04218358176,
        1.02272630376,
        1.03784749776,
        1.04136063876,
        1.03155666376,
        1.06237480176,
        1.04530491876
      ],
      "exit_codes": [
        0,
        0,
        0,
        0,
        0,
        0,
        0,
        0,
        0,
        0
      ]
    },
    {
      "command": "pnpm",
      "mean": 0.7939948034600002,
      "stddev": 0.020059342316635188,
      "median": 0.78493002276,
      "user": 0.88343672,
      "system": 0.14999249999999997,
      "min": 0.7761134497600001,
      "max": 0.8475575467600001,
      "times": [
        0.7761134497600001,
        0.7835344997600001,
        0.78750771076,
        0.78386758176,
        0.78399595176,
        0.7858640937600001,
        0.8475575467600001,
        0.8098039657600001,
        0.7993729607600001,
        0.7823302737600001
      ],
      "exit_codes": [
        0,
        0,
        0,
        0,
        0,
        0,
        0,
        0,
        0,
        0
      ]
    },
    {
      "command": "vlt",
      "mean": 0.36975816086,
      "stddev": 0.005130838316854727,
      "median": 0.36995661076,
      "user": 0.39861632,
      "system": 0.0845815,
      "min": 0.35960802976,
      "max": 0.37896293676,
      "times": [
        0.37137164076,
        0.35960802976,
        0.36538774476,
        0.37896293676,
        0.37080105676,
        0.37309012276000003,
        0.36911216476,
        0.36736538776,
        0.36689982876,
        0.37498269576
      ],
      "exit_codes": [
        0,
        0,
        0,
        0,
        0,
        0,
        0,
        0,
        0,
        0
      ]
    },
    {
      "command": "bun",
      "mean": 0.015028936560000001,
      "stddev": 0.00039986793235937264,
      "median": 0.014984190760000002,
      "user": 0.008744519999999999,
      "system": 0.0119784,
      "min": 0.014384470760000002,
      "max": 0.01579900076,
      "times": [
        0.014384470760000002,
        0.014988650760000001,
        0.014947980760000002,
        0.015004549760000001,
        0.01579900076,
        0.015320332760000001,
        0.014599288760000002,
        0.015512404760000003,
        0.014752955760000002,
        0.014979730760000002
      ],
      "exit_codes": [
        0,
        0,
        0,
        0,
        0,
        0,
        0,
        0,
        0,
        0
      ]
    },
    {
      "command": "deno",
      "mean": 0.04907431536,
      "stddev": 0.0007245706300314976,
      "median": 0.04917274026,
      "user": 0.02880862,
      "system": 0.026448299999999998,
      "min": 0.04780114876,
      "max": 0.05018674276000001,
      "times": [
        0.048946761760000006,
        0.049422784760000005,
        0.048619245760000006,
        0.04921398976000001,
        0.04780114876,
        0.049185334760000005,
        0.05010496976000001,
        0.05018674276000001,
        0.04916014576,
        0.048102029760000005
      ],
      "exit_codes": [
        0,
        0,
        0,
        0,
        0,
        0,
        0,
        0,
        0,
        0
      ]
    }
  ]
}