{
  "results": [
    {
      "command": "npm",
      "mean": 0.63888503572,
      "stddev": 0.005978038457615258,
      "median": 0.6378310437200001,
      "user": 0.7196673399999999,
      "system": 0.11896283999999999,
      "min": 0.6319593557200001,
      "max": 0.64984303972,
      "times": [
        0.63424850072,
        0.63658205172,
        0.63908003572,
        0.64984303972,
        0.6397407527200001,
        0.64890983572,
        0.6319593557200001,
        0.6410475657200001,
        0.63498820572,
        0.63245101372
      ],
      "exit_codes": [
        0,
        0,
        0,
        0,
        0,
        0,
        0,
        0,
        0,
        0
      ]
    },
    {
      "command": "yarn",
      "mean": 0.31705999941999996,
      "stddev": 0.002974235630908665,
      "median": 0.31630276822000003,
      "user": 0.35294514,
      "system": 0.06574624,
      "min": 0.31258298072,
      "max": 0.32358082672000005,
      "times": [
        0.31603167472000004,
        0.31546860372,
        0.31703078972000004,
        0.32358082672000005,
        0.32036807872000006,
        0.31614807272000006,
        0.31429081072000004,
        0.31645746372000005,
        0.31258298072,
        0.31864069272000006
      ],
      "exit_codes": [
        0,
        0,
        0,
        0,
        0,
        0,
        0,
        0,
        0,
        0
      ]
    },
    {
      "command": "berry",
      "mean": 1.10345936662,
      "stddev": 0.008673612007093538,
      "median": 1.10395035522,
      "user": 1.2274570399999998,
      "system": 0.20984164,
      "min": 1.0897556937200001,
      "max": 1.11936004672,
      "times": [
        1.0897556937200001,
        1.10520802272,
        1.10748338972,
        1.09516865872,
        1.0937934387200001,
        1.10036824172,
        1.11386708172,
        1.10269268772,
        1.10689640472,
        1.11936004672
      ],
      "exit_codes": [
        0,
        0,
        0,
        0,
        0,
        0,
        0,
        0,
        0,
        0
      ]
    },
    {
      "command": "pnpm",
      "mean": 0.8869127176199999,
      "stddev": 0.02851703914716539,
      "median": 0.88528437522,
      "user": 0.88562604,
      "system": 0.14625174,
      "min": 0.85117726672,
      "max": 0.93563151872,
      "times": [
        0.85698333672,
        0.89847694172,
        0.89343418472,
        0.9046579247200001,
        0.8514418667200001,
        0.85117726672,
        0.8736994937200001,
        0.87713456572,
        0.93563151872,
        0.92649007672
      ],
      "exit_codes": [
        0,
        0,
        0,
        0,
        0,
        0,
        0,
        0,
        0,
        0
      ]
    },
    {
      "command": "vlt",
      "mean": 0.3283953089200001,
      "stddev": 0.013807008914953692,
      "median": 0.3245300212200001,
      "user": 0.3556812399999999,
      "system": 0.06900613999999998,
      "min": 0.31655596772000005,
      "max": 0.36875653372000006,
      "times": [
        0.36875653372000006,
        0.32315691472,
        0.32456678272000006,
        0.32920346372000003,
        0.32449325972000004,
        0.32475913572000004,
        0.32282840672,
        0.32265663572000003,
        0.32697598872000005,
        0.31655596772000005
      ],
      "exit_codes": [
        0,
        0,
        0,
        0,
        0,
        0,
        0,
        0,
        0,
        0
      ]
    },
    {
      "command": "bun",
      "mean": 0.015529624920000002,
      "stddev": 0.0018425462813427397,
      "median": 0.01484759222,
      "user": 0.009086140000000001,
      "system": 0.01249984,
      "min": 0.014158003720000001,
      "max": 0.02075320772,
      "times": [
        0.01446075972,
        0.02075320772,
        0.01578419072,
        0.014517415720000001,
        0.014962396720000002,
        0.01627486572,
        0.014158003720000001,
        0.014732787720000001,
        0.014983439720000002,
        0.014669181720000002
      ],
      "exit_codes": [
        0,
        0,
        0,
        0,
        0,
        0,
        0,
        0,
        0,
        0
      ]
    },
    {
      "command": "deno",
      "mean": 0.04874671852,
      "stddev": 0.0008254909569216123,
      "median": 0.04869630372,
      "user": 0.028350740000000003,
      "system": 0.026249839999999997,
      "min": 0.047601760720000004,
      "max": 0.05005812572,
      "times": [
        0.04905647572,
        0.04793399972,
        0.048331658720000004,
        0.04833613172,
        0.04909370572,
        0.047601760720000004,
        0.05005812572,
        0.04937715772,
        0.049876244720000004,
        0.04780192472
      ],
      "exit_codes": [
        0,
        0,
        0,
        0,
        0,
        0,
        0,
        0,
        0,
        0
      ]
    }
  ]
}