{
  "results": [
    {
      "command": "npm",
      "mean": 0.6026019585,
      "stddev": 0.008665384049497534,
      "median": 0.6005919876000001,
      "user": 0.6698168400000001,
      "system": 0.11737555999999998,
      "min": 0.5919593716,
      "max": 0.6244299546000001,
      "times": [
        0.6244299546000001,
        0.5919593716,
        0.6017489186,
        0.6014223506,
        0.5997616246,
        0.5985770906000001,
        0.6030528966,
        0.5947923516000001,
        0.5996272886,
        0.6106477376
      ],
      "exit_codes": [
        0,
        0,
        0,
        0,
        0,
        0,
        0,
        0,
        0,
        0
      ]
    },
    {
      "command": "yarn",
      "mean": 0.3090367619,
      "stddev": 0.0059544266518668535,
      "median": 0.30997198310000007,
      "user": 0.34654844000000007,
      "system": 0.061944259999999994,
      "min": 0.29887432360000005,
      "max": 0.3202468726,
      "times": [
        0.31027157060000005,
        0.31138402660000003,
        0.3127075986,
        0.30967239560000004,
        0.31419726060000003,
        0.29887432360000005,
        0.30184576560000004,
        0.3202468726,
        0.30670441760000006,
        0.3044633876
      ],
      "exit_codes": [
        0,
        0,
        0,
        0,
        0,
        0,
        0,
        0,
        0,
        0
      ]
    },
    {
      "command": "berry",
      "mean": 1.0109276699999998,
      "stddev": 0.01486469740041811,
      "median": 1.0134473856,
      "user": 1.1915971399999996,
      "system": 0.19421586000000002,
      "min": 0.9883053586000001,
      "max": 1.0329494816,
      "times": [
        0.9978223406000001,
        1.0302720055999999,
        0.9883053586000001,
        0.9962606786000001,
        1.0232953156,
        0.9960368056000001,
        1.0167629085999998,
        1.0329494816,
        1.0174399425999998,
        1.0101318626
      ],
      "exit_codes": [
        0,
        0,
        0,
        0,
        0,
        0,
        0,
        0,
        0,
        0
      ]
    },
    {
      "command": "pnpm",
      "mean": 0.7727428463000001,
      "stddev": 0.014112596426936483,
      "median": 0.7662928156000001,
      "user": 0.8639763400000001,
      "system": 0.14374116,
      "min": 0.7592502606000001,
      "max": 0.8059017466,
      "times": [
        0.8059017466,
        0.7673826836000001,
        0.7651944716000001,
        0.7629262186000001,
        0.7599837886,
        0.7715189656000001,
        0.7652029476000001,
        0.7834934686,
        0.7592502606000001,
        0.7865739116000001
      ],
      "exit_codes": [
        0,
        0,
        0,
        0,
        0,
        0,
        0,
        0,
        0,
        0
      ]
    },
    {
      "command": "vlt",
      "mean": 0.33825769640000003,
      "stddev": 0.0029570594269031484,
      "median": 0.3380299051,
      "user": 0.36060164,
      "system": 0.07702445999999999,
      "min": 0.3325139796,
      "max": 0.3430375586,
      "times": [
        0.3430375586,
        0.33765868260000004,
        0.3384011276,
        0.3404748356,
        0.33849133160000006,
        0.3362059466,
        0.34234925260000004,
        0.3325139796,
        0.33726456660000004,
        0.33617968260000003
      ],
      "exit_codes": [
        0,
        0,
        0,
        0,
        0,
        0,
        0,
        0,
        0,
        0
      ]
    },
    {
      "command": "bun",
      "mean": 0.0150635662,
      "stddev": 0.001359214236774042,
      "median": 0.0145097821,
      "user": 0.009550239999999998,
      "system": 0.011267759999999998,
      "min": 0.014149465600000001,
      "max": 0.018846460600000003,
      "times": [
        0.015673940600000002,
        0.014216681600000001,
        0.014226057600000001,
        0.014149465600000001,
        0.0147574396,
        0.018846460600000003,
        0.014620213600000001,
        0.014399350600000001,
        0.014267425600000001,
        0.015478626600000002
      ],
      "exit_codes": [
        0,
        0,
        0,
        0,
        0,
        0,
        0,
        0,
        0,
        0
      ]
    },
    {
      "command": "deno",
      "mean": 0.0465570951,
      "stddev": 0.00031661166964508733,
      "median": 0.046572167100000006,
      "user": 0.028488339999999994,
      "system": 0.02352506,
      "min": 0.046004290600000004,
      "max": 0.047020981600000004,
      "times": [
        0.046004290600000004,
        0.046348361600000006,
        0.046896636600000007,
        0.0468470926,
        0.0465463226,
        0.046336470600000006,
        0.04678490960000001,
        0.046187873600000005,
        0.047020981600000004,
        0.0465980116
      ],
      "exit_codes": [
        0,
        0,
        0,
        0,
        0,
        0,
        0,
        0,
        0,
        0
      ]
    }
  ]
}