{
  "results": [
    {
      "command": "npm",
      "mean": 0.7003886636200001,
      "stddev": 0.026125949204956346,
      "median": 0.6909729877200002,
      "user": 0.79352676,
      "system": 0.13578146,
      "min": 0.6742432477200001,
      "max": 0.7733650797200001,
      "times": [
        0.68807939372,
        0.7131777077200001,
        0.68991166272,
        0.6742432477200001,
        0.68618415872,
        0.6914541817200001,
        0.6969222597200001,
        0.7000571507200001,
        0.7733650797200001,
        0.6904917937200001
      ],
      "exit_codes": [
        0,
        0,
        0,
        0,
        0,
        0,
        0,
        0,
        0,
        0
      ]
    },
    {
      "command": "yarn",
      "mean": 0.35092666732,
      "stddev": 0.018101839806843316,
      "median": 0.34659803572000003,
      "user": 0.39178736000000003,
      "system": 0.07549495999999999,
      "min": 0.33572914672,
      "max": 0.40390676472000003,
      "times": [
        0.34624280972,
        0.33572914672,
        0.34925213472,
        0.34715447672,
        0.34336773672,
        0.34262885672,
        0.34330299572,
        0.35072848972,
        0.34695326172,
        0.40390676472000003
      ],
      "exit_codes": [
        0,
        0,
        0,
        0,
        0,
        0,
        0,
        0,
        0,
        0
      ]
    },
    {
      "command": "berry",
      "mean": 1.2233570101199998,
      "stddev": 0.2113455892171972,
      "median": 1.1544904797199997,
      "user": 1.31545636,
      "system": 0.24623995999999998,
      "min": 1.12072020772,
      "max": 1.85248978672,
      "times": [
        1.1615788167199999,
        1.12597259372,
        1.85248978672,
        1.19134057272,
        1.1990692107199998,
        1.12573087072,
        1.17288123572,
        1.1474021427199999,
        1.12072020772,
        1.13638466372
      ],
      "exit_codes": [
        0,
        0,
        0,
        0,
        0,
        0,
        0,
        0,
        0,
        0
      ]
    },
    {
      "command": "pnpm",
      "mean": 0.8787882846200002,
      "stddev": 0.05610608066939326,
      "median": 0.8622613247200002,
      "user": 0.9645299599999999,
      "system": 0.16611545999999996,
      "min": 0.8211304527200001,
      "max": 1.02444297872,
      "times": [
        0.8833994867200001,
        0.83105130672,
        0.8553433387200001,
        1.02444297872,
        0.9207404587200001,
        0.8211304527200001,
        0.8412481427200001,
        0.8520164257200001,
        0.8893309447200001,
        0.8691793107200001
      ],
      "exit_codes": [
        0,
        0,
        0,
        0,
        0,
        0,
        0,
        0,
        0,
        0
      ]
    },
    {
      "command": "vlt",
      "mean": 8.916693700020002,
      "stddev": 0.11216675090969891,
      "median": 8.92778402622,
      "user": 10.539616859999999,
      "system": 2.6913155599999996,
      "min": 8.74987782472,
      "max": 9.07175985572,
      "times": [
        8.85006467672,
        9.02908614172,
        8.74987782472,
        8.99019495972,
        9.01917456072,
        8.86537309272,
        9.07175985572,
        8.770241026719999,
        8.81891014472,
        9.00225471672
      ],
      "exit_codes": [
        0,
        0,
        0,
        0,
        0,
        0,
        0,
        0,
        0,
        0
      ]
    },
    {
      "command": "bun",
      "mean": 0.01735734492,
      "stddev": 0.0007680640511127702,
      "median": 0.01731326672,
      "user": 0.01048756,
      "system": 0.013981659999999998,
      "min": 0.01639586472,
      "max": 0.01895677472,
      "times": [
        0.01771921572,
        0.01770907172,
        0.018018101720000002,
        0.01691458372,
        0.016917461720000002,
        0.01639586472,
        0.01643490072,
        0.01773510772,
        0.01895677472,
        0.01677236672
      ],
      "exit_codes": [
        0,
        0,
        0,
        0,
        0,
        0,
        0,
        0,
        0,
        0
      ]
    },
    {
      "command": "deno",
      "mean": 0.056650249220000004,
      "stddev": 0.0010011658048210837,
      "median": 0.056295299220000004,
      "user": 0.029990059999999995,
      "system": 0.03358695999999999,
      "min": 0.05537837172000001,
      "max": 0.058739684720000004,
      "times": [
        0.05537837172000001,
        0.05619510272,
        0.05589600472,
        0.05689016972,
        0.05827404572,
        0.056174371720000005,
        0.056227103720000005,
        0.058739684720000004,
        0.056363494720000004,
        0.05636414272
      ],
      "exit_codes": [
        0,
        0,
        0,
        0,
        0,
        0,
        0,
        0,
        0,
        0
      ]
    }
  ]
}