{
  "results": [
    {
      "command": "npm",
      "mean": 0.51115681648,
      "stddev": 0.006448845972758493,
      "median": 0.5130240938799999,
      "user": 0.5688226399999999,
      "system": 0.10295497999999999,
      "min": 0.4992791843800001,
      "max": 0.52063992638,
      "times": [
        0.5186170423800001,
        0.4992791843800001,
        0.50309266438,
        0.50449419038,
        0.51230765638,
        0.51286341738,
        0.52063992638,
        0.51368509338,
        0.51340421938,
        0.51318477038
      ],
      "exit_codes": [
        0,
        0,
        0,
        0,
        0,
        0,
        0,
        0,
        0,
        0
      ]
    },
    {
      "command": "yarn",
      "mean": 0.30251385958000004,
      "stddev": 0.007389131375202307,
      "median": 0.30277117888000005,
      "user": 0.32447934,
      "system": 0.06403378,
      "min": 0.28997430138,
      "max": 0.31854558038,
      "times": [
        0.30450585538,
        0.30111743638000005,
        0.29954655438000005,
        0.28997430138,
        0.31854558038,
        0.29756799738000006,
        0.30442492138000005,
        0.30729548138000007,
        0.29551584238000006,
        0.30664462538000004
      ],
      "exit_codes": [
        0,
        0,
        0,
        0,
        0,
        0,
        0,
        0,
        0,
        0
      ]
    },
    {
      "command": "berry",
      "mean": 2.38024620658,
      "stddev": 0.03388185457392051,
      "median": 2.3817488618800002,
      "user": 5.119899539999999,
      "system": 1.2085906800000001,
      "min": 2.32778222038,
      "max": 2.42836699438,
      "times": [
        2.32809593038,
        2.40170836338,
        2.42836699438,
        2.32778222038,
        2.39261737638,
        2.39931210538,
        2.36045937038,
        2.37088034738,
        2.36746945238,
        2.42576990538
      ],
      "exit_codes": [
        0,
        0,
        0,
        0,
        0,
        0,
        0,
        0,
        0,
        0
      ]
    },
    {
      "command": "pnpm",
      "mean": 0.66135286738,
      "stddev": 0.01719612147491927,
      "median": 0.65450414838,
      "user": 0.8003639400000001,
      "system": 0.15013868000000002,
      "min": 0.64379075638,
      "max": 0.70261521338,
      "times": [
        0.65279561338,
        0.66419228138,
        0.64736859638,
        0.64869037638,
        0.66888998638,
        0.65621268338,
        0.65023878338,
        0.67873438338,
        0.64379075638,
        0.70261521338
      ],
      "exit_codes": [
        0,
        0,
        0,
        0,
        0,
        0,
        0,
        0,
        0,
        0
      ]
    },
    {
      "command": "vlt",
      "mean": 0.29823181028000006,
      "stddev": 0.009277831989850363,
      "median": 0.29651484188000005,
      "user": 0.31315894,
      "system": 0.06647267999999999,
      "min": 0.28697651838000005,
      "max": 0.31886082738000004,
      "times": [
        0.29790142338000003,
        0.29136917938000007,
        0.29589998738000006,
        0.28800571638000005,
        0.29592634138000007,
        0.28697651838000005,
        0.31010558038,
        0.30016918638000006,
        0.29710334238,
        0.31886082738000004
      ],
      "exit_codes": [
        0,
        0,
        0,
        0,
        0,
        0,
        0,
        0,
        0,
        0
      ]
    },
    {
      "command": "bun",
      "mean": 0.01072360708,
      "stddev": 0.00046563985048340755,
      "median": 0.01055285188,
      "user": 0.007916240000000001,
      "system": 0.008705679999999999,
      "min": 0.010271883380000001,
      "max": 0.011993460380000001,
      "times": [
        0.01085408638,
        0.01044440038,
        0.010271883380000001,
        0.01073226038,
        0.01053834038,
        0.011993460380000001,
        0.01056736338,
        0.010404351380000001,
        0.01093377438,
        0.010496150380000001
      ],
      "exit_codes": [
        0,
        0,
        0,
        0,
        0,
        0,
        0,
        0,
        0,
        0
      ]
    },
    {
      "command": "deno",
      "mean": 0.043569611880000005,
      "stddev": 0.0006317117740285126,
      "median": 0.04356420838,
      "user": 0.026136939999999997,
      "system": 0.022259079999999997,
      "min": 0.04242022638,
      "max": 0.04479652438,
      "times": [
        0.04330660838,
        0.04378448438,
        0.04479652438,
        0.04242022638,
        0.044298007380000004,
        0.04300561838,
        0.04317572238,
        0.04354806638,
        0.04358035038,
        0.043780510380000005
      ],
      "exit_codes": [
        0,
        0,
        0,
        0,
        0,
        0,
        0,
        0,
        0,
        0
      ]
    }
  ]
}