{
  "results": [
    {
      "command": "npm",
      "mean": 1.0533351400400002,
      "stddev": 0.006069773831061267,
      "median": 1.0535323169400002,
      "user": 1.06568364,
      "system": 0.57311812,
      "min": 1.03996549144,
      "max": 1.06213053744,
      "times": [
        1.05674748244,
        1.05301126944,
        1.0608845794400001,
        1.05405336444,
        1.03996549144,
        1.0518772194400001,
        1.05610741944,
        1.06213053744,
        1.04977205844,
        1.04880197844
      ],
      "exit_codes": [
        0,
        0,
        0,
        0,
        0,
        0,
        0,
        0,
        0,
        0
      ]
    },
    {
      "command": "yarn",
      "mean": 0.72497903034,
      "stddev": 0.013683035493399609,
      "median": 0.72005024694,
      "user": 0.68543544,
      "system": 0.52174792,
      "min": 0.7100478784400001,
      "max": 0.76115807644,
      "times": [
        0.71877490244,
        0.7100478784400001,
        0.71657276644,
        0.71640540144,
        0.71732041544,
        0.73360757544,
        0.76115807644,
        0.72132559144,
        0.72783841044,
        0.72673928544
      ],
      "exit_codes": [
        0,
        0,
        0,
        0,
        0,
        0,
        0,
        0,
        0,
        0
      ]
    },
    {
      "command": "berry",
      "mean": 1.0481050508399998,
      "stddev": 0.010607140897847735,
      "median": 1.0446230384400002,
      "user": 1.20963134,
      "system": 0.39620752,
      "min": 1.03500861344,
      "max": 1.06754086744,
      "times": [
        1.05932778244,
        1.03500861344,
        1.03708336044,
        1.04395625444,
        1.06754086744,
        1.04948745944,
        1.06189635244,
        1.04182258444,
        1.04528982244,
        1.03963741144
      ],
      "exit_codes": [
        0,
        0,
        0,
        0,
        0,
        0,
        0,
        0,
        0,
        0
      ]
    },
    {
      "command": "pnpm",
      "mean": 0.7195239713399999,
      "stddev": 0.040949004115720056,
      "median": 0.7039223539399999,
      "user": 0.9306994399999999,
      "system": 0.21075441999999994,
      "min": 0.68127973244,
      "max": 0.82514029444,
      "times": [
        0.68787276444,
        0.70159211644,
        0.73794140744,
        0.68127973244,
        0.72987992444,
        0.70625259144,
        0.82514029444,
        0.74335840544,
        0.6893623894400001,
        0.69256008744
      ],
      "exit_codes": [
        0,
        0,
        0,
        0,
        0,
        0,
        0,
        0,
        0,
        0
      ]
    },
    {
      "command": "vlt",
      "mean": 0.5371887152399999,
      "stddev": 0.006447801039728004,
      "median": 0.5359805609399999,
      "user": 0.5464811399999999,
      "system": 0.34394211999999996,
      "min": 0.52843035644,
      "max": 0.54819846744,
      "times": [
        0.54756543544,
        0.53342730144,
        0.54181208444,
        0.53192690744,
        0.53591202844,
        0.53604909344,
        0.53796466144,
        0.52843035644,
        0.54819846744,
        0.53060081644
      ],
      "exit_codes": [
        0,
        0,
        0,
        0,
        0,
        0,
        0,
        0,
        0,
        0
      ]
    },
    {
      "command": "bun",
      "mean": 0.032064291040000005,
      "stddev": 0.0006644904427303979,
      "median": 0.031870676439999995,
      "user": 0.006860439999999998,
      "system": 0.030612220000000002,
      "min": 0.03159144344,
      "max": 0.03399507544,
      "times": [
        0.03190504844,
        0.03206274244,
        0.03169418344,
        0.03171067744,
        0.03197272444,
        0.03159144344,
        0.03173242644,
        0.03214228444,
        0.03183630444,
        0.03399507544
      ],
      "exit_codes": [
        0,
        0,
        0,
        0,
        0,
        0,
        0,
        0,
        0,
        0
      ]
    },
    {
      "command": "deno",
      "mean": 0.18850158934,
      "stddev": 0.007964725984937948,
      "median": 0.18513240844,
      "user": 0.16513983999999998,
      "system": 0.13194461999999998,
      "min": 0.17604249144,
      "max": 0.20213909744,
      "times": [
        0.20213909744,
        0.19559333544000002,
        0.19841954844,
        0.18501573844,
        0.18280239144,
        0.18524907844,
        0.19351461844,
        0.17604249144,
        0.18488478944,
        0.18135480444
      ],
      "exit_codes": [
        0,
        0,
        0,
        0,
        0,
        0,
        0,
        0,
        0,
        0
      ]
    }
  ]
}