{
  "results": [
    {
      "command": "npm",
      "mean": 0.50845839862,
      "stddev": 0.003628405652709072,
      "median": 0.50876726092,
      "user": 0.56301214,
      "system": 0.10143070000000001,
      "min": 0.5022547069200001,
      "max": 0.5143794449200001,
      "times": [
        0.50897304192,
        0.5143794449200001,
        0.50856147992,
        0.5098517879200001,
        0.50683020392,
        0.51140554492,
        0.50785913892,
        0.5026956439200001,
        0.51177299292,
        0.5022547069200001
      ],
      "exit_codes": [
        0,
        0,
        0,
        0,
        0,
        0,
        0,
        0,
        0,
        0
      ]
    },
    {
      "command": "yarn",
      "mean": 0.2927561269200001,
      "stddev": 0.00403508860670575,
      "median": 0.29434709292000005,
      "user": 0.3179467399999999,
      "system": 0.0642288,
      "min": 0.28663666992000003,
      "max": 0.29914877492,
      "times": [
        0.28670320992000004,
        0.29701531792,
        0.29483549392,
        0.29914877492,
        0.29460522092,
        0.28946559792000004,
        0.28663666992000003,
        0.29408896492000003,
        0.29037707392000006,
        0.29468494492
      ],
      "exit_codes": [
        0,
        0,
        0,
        0,
        0,
        0,
        0,
        0,
        0,
        0
      ]
    },
    {
      "command": "berry",
      "mean": 0.8018166865199999,
      "stddev": 0.24510680873110388,
      "median": 0.7175596689200001,
      "user": 0.78074514,
      "system": 0.12254159999999999,
      "min": 0.6823880829200001,
      "max": 1.53128606092,
      "times": [
        0.6823880829200001,
        1.53128606092,
        0.7652449869200001,
        0.7450020919200001,
        0.6836268189200001,
        0.7767368089200001,
        0.7027547729200001,
        0.6960079039200001,
        0.7202274069200001,
        0.71489193092
      ],
      "exit_codes": [
        0,
        0,
        0,
        0,
        0,
        0,
        0,
        0,
        0,
        0
      ]
    },
    {
      "command": "pnpm",
      "mean": 0.7051027511200001,
      "stddev": 0.035821080121877014,
      "median": 0.69262625042,
      "user": 0.77282644,
      "system": 0.1165532,
      "min": 0.6727272229200001,
      "max": 0.8004764659200001,
      "times": [
        0.6727272229200001,
        0.69307545692,
        0.6866425379200001,
        0.8004764659200001,
        0.69217704392,
        0.6783150869200001,
        0.7372484329200001,
        0.69606074092,
        0.6910054739200001,
        0.7032990489200001
      ],
      "exit_codes": [
        0,
        0,
        0,
        0,
        0,
        0,
        0,
        0,
        0,
        0
      ]
    },
    {
      "command": "vlt",
      "mean": 6.98513358602,
      "stddev": 0.04565403096202449,
      "median": 6.98645780042,
      "user": 8.95083344,
      "system": 1.2867632,
      "min": 6.91300191592,
      "max": 7.04601607192,
      "times": [
        7.039530655919999,
        6.99820234892,
        6.97839776892,
        6.99451783192,
        6.94716530992,
        6.92922661192,
        6.91300191592,
        7.04441154392,
        6.96086580092,
        7.04601607192
      ],
      "exit_codes": [
        0,
        0,
        0,
        0,
        0,
        0,
        0,
        0,
        0,
        0
      ]
    },
    {
      "command": "bun",
      "mean": 0.01005402652,
      "stddev": 0.00048135795032246007,
      "median": 0.00986145392,
      "user": 0.00806104,
      "system": 0.0078597,
      "min": 0.00978535892,
      "max": 0.01145351992,
      "times": [
        0.00978535892,
        0.00980872592,
        0.00986215992,
        0.01018634392,
        0.00996271592,
        0.01145351992,
        0.01001070892,
        0.009795231920000001,
        0.00981475192,
        0.009860747920000001
      ],
      "exit_codes": [
        0,
        0,
        0,
        0,
        0,
        0,
        0,
        0,
        0,
        0
      ]
    },
    {
      "command": "deno",
      "mean": 0.06264493762,
      "stddev": 0.06084112191107354,
      "median": 0.04224846142,
      "user": 0.02374464,
      "system": 0.0226514,
      "min": 0.04164973192,
      "max": 0.24515869092,
      "times": [
        0.04206354692,
        0.04171650292,
        0.04164973192,
        0.04244556592,
        0.04226826492,
        0.04308160492,
        0.24515869092,
        0.04199231892,
        0.04384449092,
        0.04222865792
      ],
      "exit_codes": [
        0,
        0,
        0,
        0,
        0,
        0,
        0,
        0,
        0,
        0
      ]
    }
  ]
}