{
  "results": [
    {
      "command": "npm",
      "mean": 0.5207252722200001,
      "stddev": 0.00722800186003339,
      "median": 0.51843346022,
      "user": 0.57134614,
      "system": 0.10225281999999998,
      "min": 0.51473847522,
      "max": 0.54111188322,
      "times": [
        0.51897040222,
        0.51576415922,
        0.51995425222,
        0.5244370512200001,
        0.51473847522,
        0.51872413422,
        0.51769959022,
        0.51770998822,
        0.51814278622,
        0.54111188322
      ],
      "exit_codes": [
        0,
        0,
        0,
        0,
        0,
        0,
        0,
        0,
        0,
        0
      ]
    },
    {
      "command": "yarn",
      "mean": 0.30582218532,
      "stddev": 0.0039960228494592106,
      "median": 0.30502534272000004,
      "user": 0.3299085399999999,
      "system": 0.06504952,
      "min": 0.30025658322,
      "max": 0.31277205222,
      "times": [
        0.30338751722,
        0.31277205222,
        0.30981084422,
        0.30528270322,
        0.31118305922,
        0.30364146222,
        0.30615163322,
        0.30025658322,
        0.30476798222,
        0.30096801621999997
      ],
      "exit_codes": [
        0,
        0,
        0,
        0,
        0,
        0,
        0,
        0,
        0,
        0
      ]
    },
    {
      "command": "berry",
      "mean": 2.28536876712,
      "stddev": 0.018263994248918104,
      "median": 2.28698491572,
      "user": 4.963892939999999,
      "system": 1.1846149199999998,
      "min": 2.2423867302200002,
      "max": 2.3107869612200003,
      "times": [
        2.3107869612200003,
        2.29483157822,
        2.2423867302200002,
        2.28478069222,
        2.30092324822,
        2.29738332722,
        2.26678249422,
        2.28184280822,
        2.28577934322,
        2.28819048822
      ],
      "exit_codes": [
        0,
        0,
        0,
        0,
        0,
        0,
        0,
        0,
        0,
        0
      ]
    },
    {
      "command": "zpm",
      "mean": 0.68884807022,
      "stddev": 0.07204341496600436,
      "median": 0.65997773472,
      "user": 0.72969934,
      "system": 0.41406412000000004,
      "min": 0.6298709342200001,
      "max": 0.89024673322,
      "times": [
        0.65921548022,
        0.66073998922,
        0.69081768822,
        0.64758066022,
        0.6298709342200001,
        0.64627721522,
        0.89024673322,
        0.65205144222,
        0.68655246822,
        0.72512809122
      ],
      "exit_codes": [
        0,
        0,
        0,
        0,
        0,
        0,
        0,
        0,
        0,
        0
      ]
    },
    {
      "command": "pnpm",
      "mean": 0.64250548022,
      "stddev": 0.007893115048075857,
      "median": 0.64438347572,
      "user": 0.80242994,
      "system": 0.14717581999999996,
      "min": 0.63099558122,
      "max": 0.6519908452200001,
      "times": [
        0.65099037322,
        0.64304411122,
        0.64572284022,
        0.63503907222,
        0.65097973422,
        0.6519908452200001,
        0.63681208922,
        0.64818572622,
        0.63099558122,
        0.63129442922
      ],
      "exit_codes": [
        0,
        0,
        0,
        0,
        0,
        0,
        0,
        0,
        0,
        0
      ]
    },
    {
      "command": "vlt",
      "mean": 0.52609488902,
      "stddev": 0.01804639264003028,
      "median": 0.51784431822,
      "user": 0.5479065399999999,
      "system": 0.12376182,
      "min": 0.51066895922,
      "max": 0.57192064922,
      "times": [
        0.51867734422,
        0.57192064922,
        0.51596927622,
        0.52436555322,
        0.51066895922,
        0.51228834322,
        0.51513994722,
        0.51701129222,
        0.54476927522,
        0.53013825022
      ],
      "exit_codes": [
        0,
        0,
        0,
        0,
        0,
        0,
        0,
        0,
        0,
        0
      ]
    },
    {
      "command": "bun",
      "mean": 0.01126212612,
      "stddev": 0.00038442201307272946,
      "median": 0.01118587122,
      "user": 0.008763539999999998,
      "system": 0.008461419999999999,
      "min": 0.010916788220000001,
      "max": 0.01234540122,
      "times": [
        0.01097022722,
        0.01103962822,
        0.01116706622,
        0.010916788220000001,
        0.01122391222,
        0.01129812522,
        0.011099483220000001,
        0.01135595322,
        0.01234540122,
        0.011204676220000001
      ],
      "exit_codes": [
        0,
        0,
        0,
        0,
        0,
        0,
        0,
        0,
        0,
        0
      ]
    },
    {
      "command": "deno",
      "mean": 0.04297045302,
      "stddev": 0.000640059840992668,
      "median": 0.04275158972,
      "user": 0.025965339999999996,
      "system": 0.02203602,
      "min": 0.04222362822,
      "max": 0.04454796922,
      "times": [
        0.04222362822,
        0.04282974822,
        0.04454796922,
        0.04371477922,
        0.04284808222,
        0.04266550522,
        0.04256122322,
        0.04300414722,
        0.04263601622,
        0.04267343122
      ],
      "exit_codes": [
        0,
        0,
        0,
        0,
        0,
        0,
        0,
        0,
        0,
        0
      ]
    }
  ]
}