{
  "results": [
    {
      "command": "npm",
      "mean": 1.1141017913,
      "stddev": 0.012312552366402807,
      "median": 1.1122751021000001,
      "user": 1.1441788599999998,
      "system": 0.5911988599999999,
      "min": 1.1001550786,
      "max": 1.1422583216000002,
      "times": [
        1.1001550786,
        1.1255568366000002,
        1.1034203946,
        1.1131506716000001,
        1.1215628666000002,
        1.1113995326000001,
        1.1021929156,
        1.1054645226000002,
        1.1158567726000002,
        1.1422583216000002
      ],
      "exit_codes": [
        0,
        0,
        0,
        0,
        0,
        0,
        0,
        0,
        0,
        0
      ]
    },
    {
      "command": "yarn",
      "mean": 0.760921533,
      "stddev": 0.027984741860674813,
      "median": 0.7504853881,
      "user": 0.74605046,
      "system": 0.5231450599999999,
      "min": 0.7426148646,
      "max": 0.8427085166,
      "times": [
        0.7533781156,
        0.7478350756,
        0.7630924256,
        0.7480813256,
        0.7426148646,
        0.7475257156,
        0.7524654266,
        0.8427085166,
        0.7485053496,
        0.7630085146
      ],
      "exit_codes": [
        0,
        0,
        0,
        0,
        0,
        0,
        0,
        0,
        0,
        0
      ]
    },
    {
      "command": "berry",
      "mean": 1.1076604812,
      "stddev": 0.009932902114311706,
      "median": 1.1084759791,
      "user": 1.24431426,
      "system": 0.39568916,
      "min": 1.0918909646000001,
      "max": 1.1263467426,
      "times": [
        1.1170414096,
        1.1133206036,
        1.1080558236,
        1.1263467426,
        1.1082110696,
        1.0931265076,
        1.1087408886,
        1.1004067486,
        1.1094640536,
        1.0918909646000001
      ],
      "exit_codes": [
        0,
        0,
        0,
        0,
        0,
        0,
        0,
        0,
        0,
        0
      ]
    },
    {
      "command": "zpm",
      "mean": 0.1725550965,
      "stddev": 0.0018196475780379241,
      "median": 0.17200718410000004,
      "user": 0.07301645999999999,
      "system": 0.12193035999999997,
      "min": 0.17034131760000001,
      "max": 0.17576209360000003,
      "times": [
        0.17158153160000003,
        0.17034131760000001,
        0.17202786060000003,
        0.17182651660000003,
        0.17034213660000003,
        0.1757510606,
        0.17576209360000003,
        0.17341127060000003,
        0.17198650760000003,
        0.1725206696
      ],
      "exit_codes": [
        0,
        0,
        0,
        0,
        0,
        0,
        0,
        0,
        0,
        0
      ]
    },
    {
      "command": "pnpm",
      "mean": 0.7815891244,
      "stddev": 0.007405829053150362,
      "median": 0.7800075631000001,
      "user": 0.97156866,
      "system": 0.20895006,
      "min": 0.7670133016,
      "max": 0.7909600906,
      "times": [
        0.7787810666,
        0.7898237346,
        0.7812340596,
        0.7764956246,
        0.7777688036,
        0.7909600906,
        0.7895358796,
        0.7670133016,
        0.7763050306,
        0.7879736526
      ],
      "exit_codes": [
        0,
        0,
        0,
        0,
        0,
        0,
        0,
        0,
        0,
        0
      ]
    },
    {
      "command": "vlt",
      "mean": 0.5995094565,
      "stddev": 0.004184623296983601,
      "median": 0.5999729765999999,
      "user": 0.62936656,
      "system": 0.34918326000000005,
      "min": 0.5929462625999999,
      "max": 0.6056278726,
      "times": [
        0.5929462625999999,
        0.5952445866,
        0.5975893825999999,
        0.6020586656,
        0.6056278726,
        0.5946509876,
        0.6016050276,
        0.5987904686,
        0.6011554846,
        0.6054258266
      ],
      "exit_codes": [
        0,
        0,
        0,
        0,
        0,
        0,
        0,
        0,
        0,
        0
      ]
    },
    {
      "command": "bun",
      "mean": 0.0324763324,
      "stddev": 0.00026310337223182847,
      "median": 0.032498391599999996,
      "user": 0.00707516,
      "system": 0.031147059999999997,
      "min": 0.0320084016,
      "max": 0.0329330816,
      "times": [
        0.0329330816,
        0.0327881156,
        0.0322957806,
        0.0321503606,
        0.0320084016,
        0.0324956316,
        0.0325675956,
        0.0326032106,
        0.0324199946,
        0.0325011516
      ],
      "exit_codes": [
        0,
        0,
        0,
        0,
        0,
        0,
        0,
        0,
        0,
        0
      ]
    },
    {
      "command": "deno",
      "mean": 0.19091388430000003,
      "stddev": 0.006211961047350846,
      "median": 0.1902596346,
      "user": 0.16274075999999998,
      "system": 0.13334216,
      "min": 0.1801636866,
      "max": 0.2034435166,
      "times": [
        0.2034435166,
        0.18920983260000002,
        0.18858496460000002,
        0.19130943660000002,
        0.19838353960000002,
        0.1936649226,
        0.18596330460000002,
        0.1868468316,
        0.1801636866,
        0.19156880760000003
      ],
      "exit_codes": [
        0,
        0,
        0,
        0,
        0,
        0,
        0,
        0,
        0,
        0
      ]
    }
  ]
}