{
  "results": [
    {
      "command": "npm",
      "mean": 0.5811293219600002,
      "stddev": 0.004895927630185856,
      "median": 0.5818093823600001,
      "user": 0.6483819599999999,
      "system": 0.12018507999999999,
      "min": 0.5748705218600001,
      "max": 0.5888824138600001,
      "times": [
        0.5769397918600001,
        0.5877142458600001,
        0.5753097928600001,
        0.57606776286,
        0.5826726348600001,
        0.58181671286,
        0.5888824138600001,
        0.5852172908600001,
        0.5818020518600001,
        0.5748705218600001
      ],
      "exit_codes": [
        0,
        0,
        0,
        0,
        0,
        0,
        0,
        0,
        0,
        0
      ]
    },
    {
      "command": "yarn",
      "mean": 2.9602397306600006,
      "stddev": 0.06201476788666656,
      "median": 2.95286478586,
      "user": 1.9775356600000003,
      "system": 0.81444038,
      "min": 2.85166552386,
      "max": 3.0762286778599996,
      "times": [
        2.9465480298599998,
        3.00272723186,
        2.85166552386,
        2.93040174086,
        3.0762286778599996,
        2.88594819986,
        2.98975753986,
        2.95918154186,
        2.94019887386,
        3.0197399468599997
      ],
      "exit_codes": [
        0,
        0,
        0,
        0,
        0,
        0,
        0,
        0,
        0,
        0
      ]
    },
    {
      "command": "berry",
      "mean": 1.6004010420600001,
      "stddev": 0.05827175536139289,
      "median": 1.5874184433600003,
      "user": 1.61035786,
      "system": 0.28001388,
      "min": 1.5268728148600001,
      "max": 1.73169416886,
      "times": [
        1.6276760188600001,
        1.54546320486,
        1.55131570786,
        1.5986661058600002,
        1.73169416886,
        1.57617078086,
        1.65948160786,
        1.57142904186,
        1.5268728148600001,
        1.61524096886
      ],
      "exit_codes": [
        0,
        0,
        0,
        0,
        0,
        0,
        0,
        0,
        0,
        0
      ]
    },
    {
      "command": "pnpm",
      "mean": 1.0451263134600002,
      "stddev": 0.008382420321121666,
      "median": 1.04550779436,
      "user": 1.4152045599999998,
      "system": 0.26620608,
      "min": 1.02624426386,
      "max": 1.0569317278600001,
      "times": [
        1.03907917386,
        1.04477210886,
        1.04716297986,
        1.0405686518600001,
        1.04624347986,
        1.02624426386,
        1.05457136586,
        1.0433781368600001,
        1.0523112458600001,
        1.0569317278600001
      ],
      "exit_codes": [
        0,
        0,
        0,
        0,
        0,
        0,
        0,
        0,
        0,
        0
      ]
    },
    {
      "command": "vlt",
      "mean": 0.28860690496,
      "stddev": 0.0024639983036664806,
      "median": 0.28777446186,
      "user": 0.27540196000000006,
      "system": 0.06834667999999999,
      "min": 0.28565676086,
      "max": 0.29354226486,
      "times": [
        0.29060307686000003,
        0.28705879586,
        0.29142725786,
        0.28614874086000003,
        0.28565676086,
        0.28677535486,
        0.28951495186000004,
        0.28685171786,
        0.29354226486,
        0.28849012786
      ],
      "exit_codes": [
        0,
        0,
        0,
        0,
        0,
        0,
        0,
        0,
        0,
        0
      ]
    },
    {
      "command": "bun",
      "mean": 0.018940863960000005,
      "stddev": 0.0004107895671607181,
      "median": 0.018907343860000002,
      "user": 0.008006059999999999,
      "system": 0.01638358,
      "min": 0.018380531860000004,
      "max": 0.019891841860000002,
      "times": [
        0.018933818860000003,
        0.01851402086,
        0.019144961860000004,
        0.019159370860000004,
        0.019891841860000002,
        0.01915737786,
        0.018380531860000004,
        0.01871440686,
        0.018880868860000004,
        0.01863143986
      ],
      "exit_codes": [
        0,
        0,
        0,
        0,
        0,
        0,
        0,
        0,
        0,
        0
      ]
    },
    {
      "command": "deno",
      "mean": 0.36237306326,
      "stddev": 0.003875663218280423,
      "median": 0.36216506286000005,
      "user": 0.46358115999999994,
      "system": 0.16472568,
      "min": 0.35635217686000004,
      "max": 0.36958740986,
      "times": [
        0.36174903686000004,
        0.36078758886,
        0.35635217686000004,
        0.35724184186,
        0.36958740986,
        0.36258108886,
        0.36740188386,
        0.36428680186,
        0.36313219086000004,
        0.36061061286
      ],
      "exit_codes": [
        0,
        0,
        0,
        0,
        0,
        0,
        0,
        0,
        0,
        0
      ]
    }
  ]
}