{
  "results": [
    {
      "command": "npm",
      "mean": 0.5912937864200002,
      "stddev": 0.009596684582899374,
      "median": 0.58850989892,
      "user": 0.6576760799999999,
      "system": 0.10792756,
      "min": 0.5797183274200001,
      "max": 0.6088645774200001,
      "times": [
        0.5797183274200001,
        0.6056800564200001,
        0.5985528934200001,
        0.59007671242,
        0.5832933624200001,
        0.5869430854200001,
        0.59300601342,
        0.5852252694200001,
        0.6088645774200001,
        0.58157756642
      ],
      "exit_codes": [
        0,
        0,
        0,
        0,
        0,
        0,
        0,
        0,
        0,
        0
      ]
    },
    {
      "command": "yarn",
      "mean": 0.31637041482,
      "stddev": 0.005592720404531217,
      "median": 0.31662541142,
      "user": 0.36123168,
      "system": 0.06830406,
      "min": 0.30689912842,
      "max": 0.32492954042,
      "times": [
        0.31242333642000003,
        0.32092111542,
        0.30958473642,
        0.31866390342,
        0.32282344442,
        0.32492954042,
        0.31348673742,
        0.31938528642,
        0.30689912842,
        0.31458691942
      ],
      "exit_codes": [
        0,
        0,
        0,
        0,
        0,
        0,
        0,
        0,
        0,
        0
      ]
    },
    {
      "command": "berry",
      "mean": 4.76998367442,
      "stddev": 0.09976433159981653,
      "median": 4.7796501639199995,
      "user": 8.897065179999998,
      "system": 2.9582376599999995,
      "min": 4.658609214419999,
      "max": 5.00201894642,
      "times": [
        4.70736966342,
        5.00201894642,
        4.658609214419999,
        4.67932703642,
        4.78112213042,
        4.86400991542,
        4.78636908842,
        4.778655158419999,
        4.78064516942,
        4.66171042142
      ],
      "exit_codes": [
        0,
        0,
        0,
        0,
        0,
        0,
        0,
        0,
        0,
        0
      ]
    },
    {
      "command": "pnpm",
      "mean": 0.68135558092,
      "stddev": 0.00898563523805372,
      "median": 0.6838170009200001,
      "user": 0.8328214799999998,
      "system": 0.15485816,
      "min": 0.66071634442,
      "max": 0.6946782864200001,
      "times": [
        0.6946782864200001,
        0.6861238224200001,
        0.6890968424200001,
        0.66071634442,
        0.6739100274200001,
        0.6775819134200001,
        0.6849043464200001,
        0.6776345124200001,
        0.6827296554200001,
        0.6861800584200001
      ],
      "exit_codes": [
        0,
        0,
        0,
        0,
        0,
        0,
        0,
        0,
        0,
        0
      ]
    },
    {
      "command": "vlt",
      "mean": 0.30684508462,
      "stddev": 0.0019497064856014966,
      "median": 0.30709426291999997,
      "user": 0.3289941799999999,
      "system": 0.07308226,
      "min": 0.30330145742000003,
      "max": 0.30944875342,
      "times": [
        0.30895746142,
        0.30456964442,
        0.30944875342,
        0.30729635142,
        0.30689217442,
        0.30330145742000003,
        0.30493197142,
        0.30887531242,
        0.30777108642,
        0.30640663342
      ],
      "exit_codes": [
        0,
        0,
        0,
        0,
        0,
        0,
        0,
        0,
        0,
        0
      ]
    },
    {
      "command": "bun",
      "mean": 0.01177837182,
      "stddev": 0.0001678424007414098,
      "median": 0.011710935420000002,
      "user": 0.00784258,
      "system": 0.00934936,
      "min": 0.011592449420000001,
      "max": 0.012171851420000001,
      "times": [
        0.011673125420000001,
        0.011948132420000002,
        0.011903551420000002,
        0.012171851420000001,
        0.011721342420000001,
        0.011745575420000001,
        0.011592449420000001,
        0.011700528420000002,
        0.011665875420000001,
        0.011661286420000002
      ],
      "exit_codes": [
        0,
        0,
        0,
        0,
        0,
        0,
        0,
        0,
        0,
        0
      ]
    },
    {
      "command": "deno",
      "mean": 0.18901788672,
      "stddev": 0.015686531637096084,
      "median": 0.18251860892,
      "user": 0.04822157999999999,
      "system": 0.036841660000000005,
      "min": 0.17093930642,
      "max": 0.22734163742,
      "times": [
        0.18135976442,
        0.18295056242,
        0.18520176342,
        0.18208665542,
        0.20452118642,
        0.17093930642,
        0.22734163742,
        0.19745620342,
        0.17993085642,
        0.17839093142
      ],
      "exit_codes": [
        0,
        0,
        0,
        0,
        0,
        0,
        0,
        0,
        0,
        0
      ]
    }
  ]
}