{
  "results": [
    {
      "command": "npm",
      "mean": 0.10211856290000002,
      "stddev": 0.003877484144766562,
      "median": 0.10049738600000001,
      "user": 0.08870560000000001,
      "system": 0.029578,
      "min": 0.09870216300000001,
      "max": 0.112532213,
      "times": [
        0.10016131600000001,
        0.10192679300000002,
        0.09870216300000001,
        0.10077037900000001,
        0.112532213,
        0.10396180000000001,
        0.09914713600000001,
        0.103955636,
        0.10022439300000001,
        0.09980380000000001
      ],
      "exit_codes": [
        0,
        0,
        0,
        0,
        0,
        0,
        0,
        0,
        0,
        0
      ]
    },
    {
      "command": "yarn",
      "mean": 0.1806066688,
      "stddev": 0.001564293968100682,
      "median": 0.1805182755,
      "user": 0.14139459999999998,
      "system": 0.049526799999999996,
      "min": 0.178791741,
      "max": 0.18400590700000002,
      "times": [
        0.180268755,
        0.178791741,
        0.180767796,
        0.179351438,
        0.18193586700000003,
        0.179174988,
        0.18400590700000002,
        0.181637646,
        0.17896124600000002,
        0.181171304
      ],
      "exit_codes": [
        0,
        0,
        0,
        0,
        0,
        0,
        0,
        0,
        0,
        0
      ]
    },
    {
      "command": "berry",
      "mean": 0.3148418811,
      "stddev": 0.009680380430945382,
      "median": 0.314313066,
      "user": 0.3206622,
      "system": 0.0660377,
      "min": 0.302317366,
      "max": 0.330957809,
      "times": [
        0.319720514,
        0.302654941,
        0.303873137,
        0.319411646,
        0.315358808,
        0.313267324,
        0.31200775599999997,
        0.330957809,
        0.32884951,
        0.302317366
      ],
      "exit_codes": [
        0,
        0,
        0,
        0,
        0,
        0,
        0,
        0,
        0,
        0
      ]
    },
    {
      "command": "pnpm",
      "mean": 0.44619111799999994,
      "stddev": 0.012852863247822626,
      "median": 0.45054219250000005,
      "user": 0.4339548,
      "system": 0.07610219999999998,
      "min": 0.425486505,
      "max": 0.467934914,
      "times": [
        0.451481562,
        0.43536858700000003,
        0.441883454,
        0.457804305,
        0.425486505,
        0.427246881,
        0.453620587,
        0.450589057,
        0.467934914,
        0.45049532800000003
      ],
      "exit_codes": [
        0,
        0,
        0,
        0,
        0,
        0,
        0,
        0,
        0,
        0
      ]
    },
    {
      "command": "vlt",
      "mean": 0.2003552533,
      "stddev": 0.003058344480904992,
      "median": 0.199458443,
      "user": 0.17486599999999997,
      "system": 0.0552847,
      "min": 0.194910204,
      "max": 0.20480350500000002,
      "times": [
        0.198075348,
        0.20478232600000001,
        0.194910204,
        0.20480350500000002,
        0.203620399,
        0.19872768100000002,
        0.20110718500000002,
        0.19883846200000002,
        0.200078424,
        0.198608999
      ],
      "exit_codes": [
        0,
        0,
        0,
        0,
        0,
        0,
        0,
        0,
        0,
        0
      ]
    },
    {
      "command": "bun",
      "mean": 0.0034455159,
      "stddev": 0.00006839194269714805,
      "median": 0.0034394545000000004,
      "user": 0.0013316800000000002,
      "system": 0.0021707000000000002,
      "min": 0.0033353240000000006,
      "max": 0.003564263,
      "times": [
        0.003363968,
        0.0033353240000000006,
        0.0034275770000000002,
        0.003405066,
        0.0034760580000000006,
        0.003564263,
        0.0034044440000000004,
        0.003515672,
        0.003511455,
        0.0034513320000000005
      ],
      "exit_codes": [
        0,
        0,
        0,
        0,
        0,
        0,
        0,
        0,
        0,
        0
      ]
    },
    {
      "command": "deno",
      "mean": 0.058321653499999994,
      "stddev": 0.0006795932605293034,
      "median": 0.0580246535,
      "user": 0.034968900000000004,
      "system": 0.029795499999999996,
      "min": 0.057690346,
      "max": 0.059706691,
      "times": [
        0.05816933,
        0.057862629,
        0.058050611,
        0.057690346,
        0.057998696,
        0.059706691,
        0.059257481,
        0.058946685,
        0.057702709,
        0.057831357
      ],
      "exit_codes": [
        0,
        0,
        0,
        0,
        0,
        0,
        0,
        0,
        0,
        0
      ]
    },
    {
      "command": "nx",
      "mean": 0.7934512830999999,
      "stddev": 0.008135050192408606,
      "median": 0.7920845320000001,
      "user": 0.5864505999999999,
      "system": 0.1529582,
      "min": 0.78442194,
      "max": 0.811956361,
      "times": [
        0.811956361,
        0.78766135,
        0.792230487,
        0.803619023,
        0.795454552,
        0.785698522,
        0.791938577,
        0.7938155020000001,
        0.78442194,
        0.787716517
      ],
      "exit_codes": [
        0,
        0,
        0,
        0,
        0,
        0,
        0,
        0,
        0,
        0
      ]
    },
    {
      "command": "turbo",
      "mean": 0.3724870321,
      "stddev": 0.009267252362251807,
      "median": 0.3691636195,
      "user": 0.12330389999999998,
      "system": 0.084232,
      "min": 0.362423713,
      "max": 0.387245376,
      "times": [
        0.364420853,
        0.387245376,
        0.37878422900000003,
        0.3634102,
        0.362423713,
        0.383321444,
        0.383450002,
        0.37161072,
        0.363487265,
        0.366716519
      ],
      "exit_codes": [
        0,
        0,
        0,
        0,
        0,
        0,
        0,
        0,
        0,
        0
      ]
    },
    {
      "command": "node",
      "mean": 0.005613638999999999,
      "stddev": 0.0000754690235421129,
      "median": 0.005612932500000001,
      "user": 0.0016728999999999997,
      "system": 0.0039328,
      "min": 0.0054980490000000005,
      "max": 0.005750161,
      "times": [
        0.005546383,
        0.0056117450000000004,
        0.00561412,
        0.005655452,
        0.0054980490000000005,
        0.005506415000000001,
        0.005609827,
        0.0056849560000000006,
        0.005750161,
        0.005659282000000001
      ],
      "exit_codes": [
        0,
        0,
        0,
        0,
        0,
        0,
        0,
        0,
        0,
        0
      ]
    }
  ]
}