{
  "results": [
    {
      "command": "npm",
      "mean": 2.0659984652600003,
      "stddev": 0.051673209881404204,
      "median": 2.06905731996,
      "user": 2.29750944,
      "system": 0.7423455999999999,
      "min": 1.99489535696,
      "max": 2.17818556796,
      "times": [
        2.11491437996,
        2.0734439029600003,
        2.0869545669600003,
        2.17818556796,
        2.04949701396,
        2.0719546379600002,
        2.01589705796,
        2.00808216596,
        2.06616000196,
        1.99489535696
      ],
      "exit_codes": [
        0,
        0,
        0,
        0,
        0,
        0,
        0,
        0,
        0,
        0
      ]
    },
    {
      "command": "yarn",
      "mean": 5.81452614936,
      "stddev": 0.9689908103748005,
      "median": 5.45354196446,
      "user": 7.69224134,
      "system": 2.7858948,
      "min": 4.98594017896,
      "max": 8.152733873959999,
      "times": [
        4.98594017896,
        5.17033853996,
        5.24951579396,
        5.37260361496,
        5.53161994396,
        5.50081566596,
        8.152733873959999,
        7.1951598179600005,
        5.58026580096,
        5.40626826296
      ],
      "exit_codes": [
        0,
        0,
        0,
        0,
        0,
        0,
        0,
        0,
        0,
        0
      ]
    },
    {
      "command": "berry",
      "mean": 2.9093387494600007,
      "stddev": 0.6068394875213867,
      "median": 2.66940219196,
      "user": 4.27731104,
      "system": 1.3978844000000001,
      "min": 2.38139375496,
      "max": 4.2388901179600005,
      "times": [
        2.68774707896,
        3.87952408296,
        4.2388901179600005,
        2.84536269996,
        2.95522734796,
        2.65105730496,
        2.63036718596,
        2.40352738796,
        2.42029053296,
        2.38139375496
      ],
      "exit_codes": [
        0,
        0,
        0,
        0,
        0,
        0,
        0,
        0,
        0,
        0
      ]
    },
    {
      "command": "pnpm",
      "mean": 1.5317283939600002,
      "stddev": 0.048055031191737,
      "median": 1.5189532189600001,
      "user": 1.80325044,
      "system": 0.538489,
      "min": 1.4757903139600002,
      "max": 1.6414320509600002,
      "times": [
        1.52613245096,
        1.5181449469600001,
        1.60258061696,
        1.5197614909600001,
        1.5230426939600001,
        1.50721492496,
        1.6414320509600002,
        1.49624894496,
        1.4757903139600002,
        1.50693550496
      ],
      "exit_codes": [
        0,
        0,
        0,
        0,
        0,
        0,
        0,
        0,
        0,
        0
      ]
    },
    {
      "command": "vlt",
      "mean": 1.39384412546,
      "stddev": 0.19857442298355119,
      "median": 1.3307156669600002,
      "user": 1.6639005399999998,
      "system": 0.6044973999999999,
      "min": 1.26339498896,
      "max": 1.9785758429600002,
      "times": [
        1.36269065296,
        1.2874042409600002,
        1.9785758429600002,
        1.40228947096,
        1.32462624096,
        1.30646814596,
        1.3368050929600002,
        1.36179037896,
        1.3143961989600002,
        1.26339498896
      ],
      "exit_codes": [
        0,
        0,
        0,
        0,
        0,
        0,
        0,
        0,
        0,
        0
      ]
    },
    {
      "command": "bun",
      "mean": 0.5408790120600001,
      "stddev": 0.37126092263057897,
      "median": 0.40079589096,
      "user": 0.26159764,
      "system": 0.33665779999999995,
      "min": 0.34474619596000006,
      "max": 1.6434228809600002,
      "times": [
        0.50104335996,
        0.39710997496000006,
        0.38277831096000003,
        0.38462249396000003,
        0.38111321996,
        0.45176685696,
        1.6434228809600002,
        0.34474619596000006,
        0.51770501996,
        0.40448180696
      ],
      "exit_codes": [
        0,
        0,
        0,
        0,
        0,
        0,
        0,
        0,
        0,
        0
      ]
    },
    {
      "command": "deno",
      "mean": 3.01783053076,
      "stddev": 0.2796913910676053,
      "median": 2.98713886946,
      "user": 1.03830004,
      "system": 0.5925815999999999,
      "min": 2.62369001996,
      "max": 3.60924131196,
      "times": [
        2.95592776296,
        3.37054170496,
        2.75706410596,
        3.12419775696,
        2.91720456496,
        3.02793973696,
        3.01834997596,
        2.77414836696,
        2.62369001996,
        3.60924131196
      ],
      "exit_codes": [
        0,
        0,
        0,
        0,
        0,
        0,
        0,
        0,
        0,
        0
      ]
    }
  ]
}