{
  "results": [
    {
      "command": "npm",
      "mean": 2.9111960643000003,
      "stddev": 0.3938453677908385,
      "median": 2.7930397043,
      "user": 0.6498657,
      "system": 0.09584546000000001,
      "min": 2.5135831398,
      "max": 3.9308681948000004,
      "times": [
        2.9185257448,
        2.5135831398,
        2.8015360238,
        2.6553133228,
        3.9308681948000004,
        2.7845433848,
        3.0099695428,
        2.5362243458,
        2.7574302928,
        3.2039666508
      ],
      "exit_codes": [
        0,
        0,
        0,
        0,
        0,
        0,
        0,
        0,
        0,
        0
      ]
    },
    {
      "command": "yarn",
      "mean": 11.9282129875,
      "stddev": 1.416731380184145,
      "median": 11.6388379988,
      "user": 9.3951287,
      "system": 2.95252566,
      "min": 10.5059190948,
      "max": 15.6737681068,
      "times": [
        13.0954849968,
        11.6345007358,
        10.6713352438,
        11.6431752618,
        11.6771213788,
        10.5059190948,
        11.7186261588,
        11.542444164800001,
        15.6737681068,
        11.1197547328
      ],
      "exit_codes": [
        0,
        0,
        0,
        0,
        0,
        0,
        0,
        0,
        0,
        0
      ]
    },
    {
      "command": "berry",
      "mean": 2.4865591691,
      "stddev": 0.09445584557170507,
      "median": 2.4652443893000004,
      "user": 3.8001635,
      "system": 0.90984686,
      "min": 2.3136718558,
      "max": 2.6863437138000004,
      "times": [
        2.6863437138000004,
        2.5147320028,
        2.3136718558,
        2.4455555528,
        2.4522164518,
        2.4678122338,
        2.5254094188000002,
        2.4178396728,
        2.4626765448000003,
        2.5793342438
      ],
      "exit_codes": [
        0,
        0,
        0,
        0,
        0,
        0,
        0,
        0,
        0,
        0
      ]
    },
    {
      "command": "pnpm",
      "mean": 1.6068437356,
      "stddev": 0.08388870701194452,
      "median": 1.5928931758000002,
      "user": 1.8453889,
      "system": 0.46371246,
      "min": 1.5238090318000002,
      "max": 1.8318000778,
      "times": [
        1.5927290538000003,
        1.5238090318000002,
        1.5930572978000002,
        1.5943063838000002,
        1.5240545768000002,
        1.8318000778,
        1.5622724318,
        1.6341871448000003,
        1.5691162488000001,
        1.6431051088000002
      ],
      "exit_codes": [
        0,
        0,
        0,
        0,
        0,
        0,
        0,
        0,
        0,
        0
      ]
    },
    {
      "command": "vlt",
      "mean": 0.1813976448,
      "stddev": 0.007341839422011399,
      "median": 0.18334823130000003,
      "user": 0.19772949999999997,
      "system": 0.03319796,
      "min": 0.1695833398,
      "max": 0.19316710680000002,
      "times": [
        0.1747083258,
        0.17430665380000002,
        0.18629573780000003,
        0.19316710680000002,
        0.18422460980000002,
        0.18885285780000002,
        0.18247185280000003,
        0.1695833398,
        0.1740907368,
        0.18627522680000003
      ],
      "exit_codes": [
        0,
        0,
        0,
        0,
        0,
        0,
        0,
        0,
        0,
        0
      ]
    },
    {
      "command": "bun",
      "mean": 0.8676700380000002,
      "stddev": 0.07478025903276202,
      "median": 0.8459567173,
      "user": 0.9020585999999999,
      "system": 0.55868826,
      "min": 0.7631234098,
      "max": 0.9776734068,
      "times": [
        0.8756744898000001,
        0.8028613908000001,
        0.9776734068,
        0.9426127628000001,
        0.8037600368000001,
        0.7631234098,
        0.9049252228,
        0.9767911158,
        0.8130395998000001,
        0.8162389448
      ],
      "exit_codes": [
        0,
        0,
        0,
        0,
        0,
        0,
        0,
        0,
        0,
        0
      ]
    },
    {
      "command": "deno",
      "mean": 10.9151936287,
      "stddev": 1.3462541390742855,
      "median": 10.5547888583,
      "user": 1.8797061999999998,
      "system": 0.45283065999999994,
      "min": 9.7275434268,
      "max": 14.3063472208,
      "times": [
        10.7820871698,
        14.3063472208,
        9.8380340948,
        9.7413482028,
        10.3274905468,
        11.0381944738,
        11.2201458538,
        10.0494620518,
        9.7275434268,
        12.1212832458
      ],
      "exit_codes": [
        0,
        0,
        0,
        0,
        0,
        0,
        0,
        0,
        0,
        0
      ]
    }
  ]
}