{
  "results": [
    {
      "command": "npm",
      "mean": 0.6795517715000001,
      "stddev": 0.010193735205781491,
      "median": 0.6799501814000001,
      "user": 0.77534694,
      "system": 0.12472292,
      "min": 0.6654227539,
      "max": 0.6960842539000001,
      "times": [
        0.6734733169000001,
        0.6752398529000001,
        0.6670724959000001,
        0.6862061409000001,
        0.6960842539000001,
        0.6654227539,
        0.6700163719000001,
        0.6849782459000001,
        0.6923637729000001,
        0.6846605099
      ],
      "exit_codes": [
        0,
        0,
        0,
        0,
        0,
        0,
        0,
        0,
        0,
        0
      ]
    },
    {
      "command": "yarn",
      "mean": 25.765298295599997,
      "stddev": 0.5792330792301946,
      "median": 25.941880176399998,
      "user": 32.52975814,
      "system": 16.03495402,
      "min": 24.7463238149,
      "max": 26.741239545899997,
      "times": [
        26.2296348539,
        24.7463238149,
        25.416409223899997,
        26.741239545899997,
        25.939737194899998,
        25.676188164899997,
        25.9440231579,
        25.953532438899998,
        26.1288893449,
        24.8770052159
      ],
      "exit_codes": [
        0,
        0,
        0,
        0,
        0,
        0,
        0,
        0,
        0,
        0
      ]
    },
    {
      "command": "berry",
      "mean": 6.1457986233,
      "stddev": 0.16641344725217447,
      "median": 6.1546622839000005,
      "user": 11.46759004,
      "system": 3.2433482199999992,
      "min": 5.8261599899,
      "max": 6.4478385239,
      "times": [
        5.8261599899,
        6.0437210459,
        6.0877397179,
        6.2001984739000005,
        6.1661407789,
        5.979835140900001,
        6.1431837889,
        6.4478385239,
        6.3127879089,
        6.2503808639
      ],
      "exit_codes": [
        0,
        0,
        0,
        0,
        0,
        0,
        0,
        0,
        0,
        0
      ]
    },
    {
      "command": "pnpm",
      "mean": 4.569122940400001,
      "stddev": 0.18291055933744083,
      "median": 4.5244267949,
      "user": 7.06693144,
      "system": 2.49517802,
      "min": 4.3394922779,
      "max": 4.9755314189,
      "times": [
        4.6891976049,
        4.4781860769,
        4.4128880409,
        4.9755314189,
        4.6023582179,
        4.4403589789,
        4.3394922779,
        4.7508041489,
        4.5706675129,
        4.4317451259
      ],
      "exit_codes": [
        0,
        0,
        0,
        0,
        0,
        0,
        0,
        0,
        0,
        0
      ]
    },
    {
      "command": "vlt",
      "mean": 0.32760358860000005,
      "stddev": 0.004628291751080484,
      "median": 0.3271291924,
      "user": 0.36075673999999996,
      "system": 0.07657602,
      "min": 0.3201698349,
      "max": 0.3373321589,
      "times": [
        0.3233137159,
        0.3307579479,
        0.3281102729,
        0.3373321589,
        0.3261481119,
        0.3201698349,
        0.3238516609,
        0.3257239459,
        0.3295163159,
        0.3311119209
      ],
      "exit_codes": [
        0,
        0,
        0,
        0,
        0,
        0,
        0,
        0,
        0,
        0
      ]
    },
    {
      "command": "bun",
      "mean": 2.8782701618000006,
      "stddev": 0.2018654564062796,
      "median": 2.8873532499000003,
      "user": 3.528565139999999,
      "system": 2.98948402,
      "min": 2.5456731129000003,
      "max": 3.2545451819,
      "times": [
        2.7595228919,
        2.6234386709,
        2.5456731129000003,
        3.0245849179,
        3.2545451819,
        2.8245549029,
        2.9659972739000002,
        2.9501515969,
        3.0514268639,
        2.7828062049
      ],
      "exit_codes": [
        0,
        0,
        0,
        0,
        0,
        0,
        0,
        0,
        0,
        0
      ]
    },
    {
      "command": "deno",
      "mean": 8.551662974600001,
      "stddev": 1.3028794600709674,
      "median": 7.988945255399999,
      "user": 3.4273520399999997,
      "system": 0.87084782,
      "min": 7.2266667309,
      "max": 10.9663296279,
      "times": [
        10.2955362849,
        10.9663296279,
        7.5317366839,
        7.2266667309,
        7.4650738999,
        8.1554732839,
        8.2881084529,
        7.8224172269,
        10.1375095079,
        7.6277780469000005
      ],
      "exit_codes": [
        0,
        0,
        0,
        0,
        0,
        0,
        0,
        0,
        0,
        0
      ]
    }
  ]
}