{
  "results": [
    {
      "command": "npm",
      "mean": 0.6186947556400002,
      "stddev": 0.008049251307243285,
      "median": 0.6167649391400001,
      "user": 0.7018200599999999,
      "system": 0.10920421999999999,
      "min": 0.6078268391400001,
      "max": 0.6363510411400001,
      "times": [
        0.6078268391400001,
        0.6219793611400001,
        0.6135811171400001,
        0.6193127771400001,
        0.6173891221400001,
        0.61133318414,
        0.6161407561400001,
        0.61436190014,
        0.6363510411400001,
        0.62867145814
      ],
      "exit_codes": [
        0,
        0,
        0,
        0,
        0,
        0,
        0,
        0,
        0,
        0
      ]
    },
    {
      "command": "yarn",
      "mean": 0.30882626024000004,
      "stddev": 0.01305197295056461,
      "median": 0.30482381814000004,
      "user": 0.33703566,
      "system": 0.06432552,
      "min": 0.29901967414,
      "max": 0.34711929414000003,
      "times": [
        0.30608930314,
        0.30250548914000003,
        0.30391221314,
        0.30386829014,
        0.30882837814,
        0.30291166114,
        0.29901967414,
        0.30573542314,
        0.34711929414000003,
        0.30827287614
      ],
      "exit_codes": [
        0,
        0,
        0,
        0,
        0,
        0,
        0,
        0,
        0,
        0
      ]
    },
    {
      "command": "berry",
      "mean": 1.00568128044,
      "stddev": 0.016647633033281026,
      "median": 1.00799531964,
      "user": 1.1411752599999996,
      "system": 0.18953582,
      "min": 0.9762829241400001,
      "max": 1.03048348114,
      "times": [
        1.00960017914,
        0.9856925191400001,
        1.02320183814,
        1.03048348114,
        1.00639046014,
        0.9953299081400001,
        1.02229584914,
        1.01323158714,
        0.9943040581400001,
        0.9762829241400001
      ],
      "exit_codes": [
        0,
        0,
        0,
        0,
        0,
        0,
        0,
        0,
        0,
        0
      ]
    },
    {
      "command": "pnpm",
      "mean": 0.7739616150399999,
      "stddev": 0.04691027445313153,
      "median": 0.7580932956400002,
      "user": 0.84427966,
      "system": 0.14237822,
      "min": 0.7283634271400001,
      "max": 0.8630501191400001,
      "times": [
        0.8540902451400001,
        0.7546754881400001,
        0.8630501191400001,
        0.7375833901400001,
        0.7735754021400001,
        0.7335713921400001,
        0.7615111031400001,
        0.7351425171400001,
        0.79805306614,
        0.7283634271400001
      ],
      "exit_codes": [
        0,
        0,
        0,
        0,
        0,
        0,
        0,
        0,
        0,
        0
      ]
    },
    {
      "command": "vlt",
      "mean": 0.31531074734,
      "stddev": 0.006187374350159765,
      "median": 0.31318884114,
      "user": 0.35311265999999997,
      "system": 0.07068172,
      "min": 0.30968021014,
      "max": 0.32872991214,
      "times": [
        0.31040605414,
        0.31115670214,
        0.32872991214,
        0.31234890514,
        0.31512977714,
        0.31402877714,
        0.32543218914,
        0.30968021014,
        0.31497597214,
        0.31121897414
      ],
      "exit_codes": [
        0,
        0,
        0,
        0,
        0,
        0,
        0,
        0,
        0,
        0
      ]
    },
    {
      "command": "bun",
      "mean": 0.014093270340000002,
      "stddev": 0.00019856741703149595,
      "median": 0.01408432914,
      "user": 0.00900446,
      "system": 0.010753819999999999,
      "min": 0.013766923140000002,
      "max": 0.014460485140000002,
      "times": [
        0.014125847140000002,
        0.013923101140000001,
        0.014314159140000001,
        0.01386621914,
        0.01409413114,
        0.01424006514,
        0.014460485140000002,
        0.01406724514,
        0.013766923140000002,
        0.014074527140000001
      ],
      "exit_codes": [
        0,
        0,
        0,
        0,
        0,
        0,
        0,
        0,
        0,
        0
      ]
    },
    {
      "command": "deno",
      "mean": 0.047276395740000005,
      "stddev": 0.0004677596371980372,
      "median": 0.04720848064000001,
      "user": 0.027189360000000003,
      "system": 0.02579432,
      "min": 0.04662452114000001,
      "max": 0.04826338614,
      "times": [
        0.046849121140000005,
        0.047396911140000005,
        0.04700754614,
        0.04789568914,
        0.04662452114000001,
        0.04695854514,
        0.04735127614,
        0.04826338614,
        0.047108113140000005,
        0.047308848140000005
      ],
      "exit_codes": [
        0,
        0,
        0,
        0,
        0,
        0,
        0,
        0,
        0,
        0
      ]
    }
  ]
}