{
  "results": [
    {
      "command": "npm",
      "mean": 27.490225857940004,
      "stddev": 1.5412808533074076,
      "median": 27.46426673464,
      "user": 15.19864334,
      "system": 3.9020455799999993,
      "min": 25.26889883514,
      "max": 29.81028186814,
      "times": [
        28.27459298114,
        27.75543642614,
        27.17309704314,
        29.32921491714,
        29.03358718714,
        25.74025007814,
        25.26889883514,
        25.62933581414,
        29.81028186814,
        26.88756342914
      ],
      "exit_codes": [
        0,
        0,
        0,
        0,
        0,
        0,
        0,
        0,
        0,
        0
      ]
    },
    {
      "command": "yarn",
      "mean": 20.16734881744,
      "stddev": 0.4528691411063642,
      "median": 20.225031370639996,
      "user": 17.94824494,
      "system": 8.492266879999999,
      "min": 19.451401418139998,
      "max": 20.92160784714,
      "times": [
        19.61619252814,
        20.92160784714,
        20.359717428139998,
        19.79780914014,
        20.59316536314,
        20.59823039914,
        19.451401418139998,
        20.36245660914,
        20.09034531314,
        19.88256212814
      ],
      "exit_codes": [
        0,
        0,
        0,
        0,
        0,
        0,
        0,
        0,
        0,
        0
      ]
    },
    {
      "command": "berry",
      "mean": 6.652440842739999,
      "stddev": 0.2355708009908808,
      "median": 6.55735321814,
      "user": 10.672473140000001,
      "system": 3.2818083799999997,
      "min": 6.46371834214,
      "max": 7.2763416131400005,
      "times": [
        6.87797273814,
        6.52442648714,
        7.2763416131400005,
        6.537337362140001,
        6.57736907414,
        6.46371834214,
        6.5129162781400005,
        6.50464568714,
        6.648257275140001,
        6.601423570140001
      ],
      "exit_codes": [
        0,
        0,
        0,
        0,
        0,
        0,
        0,
        0,
        0,
        0
      ]
    },
    {
      "command": "pnpm",
      "mean": 5.6811383639400015,
      "stddev": 0.12155067698234542,
      "median": 5.65572817514,
      "user": 7.10671684,
      "system": 2.4785689799999995,
      "min": 5.51220109414,
      "max": 5.93995596514,
      "times": [
        5.73102742914,
        5.68791589914,
        5.59248539814,
        5.80450457514,
        5.62354045114,
        5.51220109414,
        5.93995596514,
        5.74945838914,
        5.57534544514,
        5.59494899314
      ],
      "exit_codes": [
        0,
        0,
        0,
        0,
        0,
        0,
        0,
        0,
        0,
        0
      ]
    },
    {
      "command": "vlt",
      "mean": 8.005740180439998,
      "stddev": 0.4074931987263838,
      "median": 7.9491110771399995,
      "user": 8.346021140000001,
      "system": 3.0076527799999995,
      "min": 7.5240387891400005,
      "max": 9.102872056139999,
      "times": [
        7.68667269514,
        7.90938067014,
        8.179108484139999,
        9.102872056139999,
        7.98884148414,
        7.888682810140001,
        8.006992000139999,
        8.02801900914,
        7.5240387891400005,
        7.74279380614
      ],
      "exit_codes": [
        0,
        0,
        0,
        0,
        0,
        0,
        0,
        0,
        0,
        0
      ]
    },
    {
      "command": "bun",
      "mean": 1.87767216104,
      "stddev": 0.12178315574645696,
      "median": 1.8843782796400002,
      "user": 2.07887274,
      "system": 1.7278575799999998,
      "min": 1.6663142531400001,
      "max": 2.03665811014,
      "times": [
        1.8893287141400001,
        1.82008259014,
        1.8794278451400002,
        2.0258596391399997,
        1.71606342014,
        1.6663142531400001,
        2.01913147414,
        1.80569729814,
        1.91815826614,
        2.03665811014
      ],
      "exit_codes": [
        0,
        0,
        0,
        0,
        0,
        0,
        0,
        0,
        0,
        0
      ]
    },
    {
      "command": "deno",
      "mean": 14.832062788439998,
      "stddev": 1.422878767826859,
      "median": 14.46406506564,
      "user": 4.182809539999999,
      "system": 2.0538519799999997,
      "min": 13.668989034139999,
      "max": 18.79280714414,
      "times": [
        14.43859846214,
        14.09229729514,
        14.48953166914,
        14.933014437139999,
        15.00980396514,
        18.79280714414,
        13.813540914139999,
        15.29522068214,
        13.78682428114,
        13.668989034139999
      ],
      "exit_codes": [
        0,
        0,
        0,
        0,
        0,
        0,
        0,
        0,
        0,
        0
      ]
    }
  ]
}