{
  "results": [
    {
      "command": "npm",
      "mean": 0.52900125054,
      "stddev": 0.0030192528208313383,
      "median": 0.5297349599400001,
      "user": 0.62501274,
      "system": 0.07718218,
      "min": 0.52441221244,
      "max": 0.5331011064400001,
      "times": [
        0.5301820514400001,
        0.5331011064400001,
        0.52863766244,
        0.52471149644,
        0.5292878684400001,
        0.5307573574400001,
        0.5318119704400001,
        0.52441221244,
        0.5318643564400001,
        0.52524642344
      ],
      "exit_codes": [
        0,
        0,
        0,
        0,
        0,
        0,
        0,
        0,
        0,
        0
      ]
    },
    {
      "command": "yarn",
      "mean": 0.28791347683999996,
      "stddev": 0.006325134096471171,
      "median": 0.28471758594,
      "user": 0.33239584,
      "system": 0.04945268,
      "min": 0.28167455244,
      "max": 0.30245011744,
      "times": [
        0.28469945744,
        0.28473571444,
        0.28840834744000005,
        0.28418400444,
        0.28389018544,
        0.28842504844,
        0.28373481044000004,
        0.30245011744,
        0.29693253044,
        0.28167455244
      ],
      "exit_codes": [
        0,
        0,
        0,
        0,
        0,
        0,
        0,
        0,
        0,
        0
      ]
    },
    {
      "command": "berry",
      "mean": 4.04700879174,
      "stddev": 1.320447121287849,
      "median": 3.2474180954400005,
      "user": 6.70626594,
      "system": 1.30692488,
      "min": 3.15087746344,
      "max": 6.62468361544,
      "times": [
        3.2056900984400003,
        3.26447781944,
        3.2389728894400003,
        6.27873647644,
        6.62468361544,
        3.22729813144,
        3.15087746344,
        3.1821132904400002,
        3.2558633014400002,
        5.04137483144
      ],
      "exit_codes": [
        0,
        0,
        0,
        0,
        0,
        0,
        0,
        0,
        0,
        0
      ]
    },
    {
      "command": "zpm",
      "mean": 2.9211324078844445,
      "stddev": 1.752274154077775,
      "median": 2.4603574364400003,
      "user": 1.06475384,
      "system": 0.49741858,
      "min": 0.9800678954400001,
      "max": 6.01998290444,
      "times": [
        0.9800678954400001,
        5.60893639644,
        2.31499879444,
        1.22995828244,
        2.4603574364400003,
        2.5947311724400004,
        6.01998290444,
        3.80614761944,
        1.27501116944
      ],
      "exit_codes": [
        0,
        0,
        0,
        0,
        0,
        0,
        0,
        0,
        0
      ]
    },
    {
      "command": "pnpm",
      "mean": 0.6583258244400001,
      "stddev": 0.02653780972591813,
      "median": 0.65413718544,
      "user": 0.82535754,
      "system": 0.11810958,
      "min": 0.62419760844,
      "max": 0.72620225944,
      "times": [
        0.67123364444,
        0.72620225944,
        0.65851750844,
        0.6543475564400001,
        0.6291269794400001,
        0.62419760844,
        0.65392681444,
        0.66638825044,
        0.6503559264400001,
        0.64896169644
      ],
      "exit_codes": [
        0,
        0,
        0,
        0,
        0,
        0,
        0,
        0,
        0,
        0
      ]
    },
    {
      "command": "vlt",
      "mean": 0.31189236224000005,
      "stddev": 0.003315188422739585,
      "median": 0.31167709244,
      "user": 0.34852824,
      "system": 0.05616188,
      "min": 0.30674905544000003,
      "max": 0.31644109144000004,
      "times": [
        0.31644109144000004,
        0.31130053044,
        0.31603765544,
        0.30901521544000005,
        0.31056323144000003,
        0.30749558544,
        0.31526359444,
        0.31205365444000005,
        0.30674905544000003,
        0.31400400844000004
      ],
      "exit_codes": [
        0,
        0,
        0,
        0,
        0,
        0,
        0,
        0,
        0,
        0
      ]
    },
    {
      "command": "bun",
      "mean": 0.011791961540000001,
      "stddev": 0.000424126028376578,
      "median": 0.011684159940000001,
      "user": 0.00982284,
      "system": 0.00720928,
      "min": 0.01144526744,
      "max": 0.01295619644,
      "times": [
        0.01197520444,
        0.01150825644,
        0.01192728744,
        0.01172342444,
        0.01148966344,
        0.01144526744,
        0.01152599544,
        0.01166482444,
        0.01295619644,
        0.01170349544
      ],
      "exit_codes": [
        0,
        0,
        0,
        0,
        0,
        0,
        0,
        0,
        0,
        0
      ]
    },
    {
      "command": "deno",
      "mean": 0.13915066274000001,
      "stddev": 0.022074334762018335,
      "median": 0.12979778194000002,
      "user": 0.03471894,
      "system": 0.02252198,
      "min": 0.12247858344000001,
      "max": 0.19717585944000002,
      "times": [
        0.13998808244000002,
        0.12247858344000001,
        0.13244788744000002,
        0.13511742344000002,
        0.12546466944,
        0.12467097344,
        0.12714767644000002,
        0.16063925244000002,
        0.12637621944000002,
        0.19717585944000002
      ],
      "exit_codes": [
        0,
        0,
        0,
        0,
        0,
        0,
        0,
        0,
        0,
        0
      ]
    }
  ]
}