{
  "results": [
    {
      "command": "npm",
      "mean": 22.22976918306,
      "stddev": 0.6818347298189358,
      "median": 22.09245227116,
      "user": 12.036622779999998,
      "system": 3.6527456000000003,
      "min": 21.27008825416,
      "max": 23.26279006816,
      "times": [
        22.671014938160003,
        22.43285461316,
        21.53794027716,
        23.26279006816,
        21.27008825416,
        22.81376519216,
        21.752049929160002,
        21.67190042716,
        21.74436704116,
        23.140921090160003
      ],
      "exit_codes": [
        0,
        0,
        0,
        0,
        0,
        0,
        0,
        0,
        0,
        0
      ]
    },
    {
      "command": "yarn",
      "mean": 11.82750065256,
      "stddev": 0.4479071042636215,
      "median": 11.71416551216,
      "user": 14.63506998,
      "system": 7.2161977,
      "min": 11.51058237116,
      "max": 13.120865542159999,
      "times": [
        11.51058237116,
        11.87389654716,
        11.56598258016,
        11.641764093159999,
        11.63799402616,
        11.528852989159999,
        11.78656693116,
        11.798103418159998,
        13.120865542159999,
        11.81039802716
      ],
      "exit_codes": [
        0,
        0,
        0,
        0,
        0,
        0,
        0,
        0,
        0,
        0
      ]
    },
    {
      "command": "berry",
      "mean": 4.4670326869600006,
      "stddev": 0.11021198358924371,
      "median": 4.46240116216,
      "user": 7.34694128,
      "system": 2.296216199999999,
      "min": 4.30818092916,
      "max": 4.69694116616,
      "times": [
        4.34568526216,
        4.51983106616,
        4.52122122816,
        4.38567642216,
        4.49336366916,
        4.30818092916,
        4.5669739721600005,
        4.40101449916,
        4.69694116616,
        4.43143865516
      ],
      "exit_codes": [
        0,
        0,
        0,
        0,
        0,
        0,
        0,
        0,
        0,
        0
      ]
    },
    {
      "command": "pnpm",
      "mean": 3.4891434612600003,
      "stddev": 0.5162370032590742,
      "median": 3.3365093846600002,
      "user": 4.90705228,
      "system": 1.7927252,
      "min": 3.1499173211600002,
      "max": 4.99637546516,
      "times": [
        3.52131058016,
        3.43924499216,
        3.1499173211600002,
        3.24972758416,
        4.99637546516,
        3.21074378916,
        3.46615032016,
        3.18494579116,
        3.34582597016,
        3.32719279916
      ],
      "exit_codes": [
        0,
        0,
        0,
        0,
        0,
        0,
        0,
        0,
        0,
        0
      ]
    },
    {
      "command": "vlt",
      "mean": 5.333416250459999,
      "stddev": 0.08877364148768203,
      "median": 5.332793415159999,
      "user": 5.3348312799999995,
      "system": 2.359585,
      "min": 5.21924796616,
      "max": 5.49540938216,
      "times": [
        5.35333453516,
        5.22358497316,
        5.49540938216,
        5.46548588216,
        5.27008178516,
        5.31413071116,
        5.35145611916,
        5.3686642431600005,
        5.27276690716,
        5.21924796616
      ],
      "exit_codes": [
        0,
        0,
        0,
        0,
        0,
        0,
        0,
        0,
        0,
        0
      ]
    },
    {
      "command": "bun",
      "mean": 1.5326022269600004,
      "stddev": 0.23630011122163466,
      "median": 1.4591183011600002,
      "user": 0.9003572799999999,
      "system": 1.0868896,
      "min": 1.2752663671600002,
      "max": 1.9649465221600002,
      "times": [
        1.53910036116,
        1.9649465221600002,
        1.6153248231600001,
        1.37913624116,
        1.2752663671600002,
        1.7477887811600001,
        1.30731342016,
        1.3275933971600002,
        1.8399857651600002,
        1.32956659116
      ],
      "exit_codes": [
        0,
        0,
        0,
        0,
        0,
        0,
        0,
        0,
        0,
        0
      ]
    },
    {
      "command": "deno",
      "mean": 7.56557271026,
      "stddev": 0.9591524351196637,
      "median": 7.67894323116,
      "user": 2.61588818,
      "system": 1.3139172999999997,
      "min": 5.99294870016,
      "max": 9.361032970159998,
      "times": [
        7.58667816216,
        7.875595097160001,
        8.62039303316,
        9.361032970159998,
        5.99294870016,
        6.50383692516,
        8.09340092616,
        7.03862434616,
        7.7712083001600005,
        6.81200864216
      ],
      "exit_codes": [
        0,
        0,
        0,
        0,
        0,
        0,
        0,
        0,
        0,
        0
      ]
    }
  ]
}