{
  "results": [
    {
      "command": "npm",
      "mean": 0.5026793433,
      "stddev": 0.0036140030923195463,
      "median": 0.5024481288,
      "user": 0.5639331799999998,
      "system": 0.09802765999999999,
      "min": 0.4980406503,
      "max": 0.5098836193,
      "times": [
        0.5006863073,
        0.5055524173,
        0.4980406503,
        0.5052455623000001,
        0.5098836193,
        0.5031418833,
        0.5017543743,
        0.5050233003,
        0.4993082533,
        0.49815706530000003
      ],
      "exit_codes": [
        0,
        0,
        0,
        0,
        0,
        0,
        0,
        0,
        0,
        0
      ]
    },
    {
      "command": "yarn",
      "mean": 0.2941459941,
      "stddev": 0.0046100402551346375,
      "median": 0.2926964083,
      "user": 0.31325778,
      "system": 0.06347326,
      "min": 0.2871627623,
      "max": 0.3024864923,
      "times": [
        0.3009936293,
        0.2928627123,
        0.2911342693,
        0.2899140623,
        0.2948578863,
        0.2925301043,
        0.2871627623,
        0.2974801463,
        0.2920378763,
        0.3024864923
      ],
      "exit_codes": [
        0,
        0,
        0,
        0,
        0,
        0,
        0,
        0,
        0,
        0
      ]
    },
    {
      "command": "berry",
      "mean": 0.6908316496000001,
      "stddev": 0.008461349271532083,
      "median": 0.6896108393,
      "user": 0.81336298,
      "system": 0.13026635999999997,
      "min": 0.6784548663000001,
      "max": 0.7038758483,
      "times": [
        0.6833106303,
        0.6823997123000001,
        0.6998085393,
        0.7033883093000001,
        0.6784548663000001,
        0.6890561143,
        0.7038758483,
        0.6917436283,
        0.6861132833,
        0.6901655643
      ],
      "exit_codes": [
        0,
        0,
        0,
        0,
        0,
        0,
        0,
        0,
        0,
        0
      ]
    },
    {
      "command": "pnpm",
      "mean": 0.6854777406000001,
      "stddev": 0.01206115248798398,
      "median": 0.6803730733,
      "user": 0.78191658,
      "system": 0.12504146,
      "min": 0.6689659443,
      "max": 0.7084428073,
      "times": [
        0.6689659443,
        0.6794494973,
        0.6986770323,
        0.6984489063,
        0.6892120903000001,
        0.6734952873000001,
        0.6803569383,
        0.6803892083,
        0.6773396943000001,
        0.7084428073
      ],
      "exit_codes": [
        0,
        0,
        0,
        0,
        0,
        0,
        0,
        0,
        0,
        0
      ]
    },
    {
      "command": "vlt",
      "mean": 0.29766267329999996,
      "stddev": 0.004867185059474108,
      "median": 0.29803127529999995,
      "user": 0.31091818,
      "system": 0.06665156000000001,
      "min": 0.2892458763,
      "max": 0.3049918243,
      "times": [
        0.2936827133,
        0.2892458763,
        0.3049918243,
        0.2987947263,
        0.3043054783,
        0.2950595943,
        0.3012226843,
        0.2972678243,
        0.2924129253,
        0.2996430863
      ],
      "exit_codes": [
        0,
        0,
        0,
        0,
        0,
        0,
        0,
        0,
        0,
        0
      ]
    },
    {
      "command": "bun",
      "mean": 0.0106091235,
      "stddev": 0.0008144215228977927,
      "median": 0.0101590893,
      "user": 0.008619579999999998,
      "system": 0.007936259999999999,
      "min": 0.0098614953,
      "max": 0.0119723633,
      "times": [
        0.0119723633,
        0.0098614953,
        0.009901420300000002,
        0.0099170183,
        0.010195528300000001,
        0.010122650300000001,
        0.0099305333,
        0.0117850333,
        0.0115769053,
        0.010828287300000001
      ],
      "exit_codes": [
        0,
        0,
        0,
        0,
        0,
        0,
        0,
        0,
        0,
        0
      ]
    },
    {
      "command": "deno",
      "mean": 0.04223997580000001,
      "stddev": 0.0005373486181799019,
      "median": 0.0420493648,
      "user": 0.02441308,
      "system": 0.022175959999999998,
      "min": 0.041660108300000005,
      "max": 0.043126786300000004,
      "times": [
        0.04168913430000001,
        0.042815513300000003,
        0.042249518300000004,
        0.041800641300000003,
        0.04281562530000001,
        0.043126786300000004,
        0.041722716300000004,
        0.0418492113,
        0.041660108300000005,
        0.0426705033
      ],
      "exit_codes": [
        0,
        0,
        0,
        0,
        0,
        0,
        0,
        0,
        0,
        0
      ]
    }
  ]
}