{
  "results": [
    {
      "command": "npm",
      "mean": 3.7779599141999993,
      "stddev": 0.27039023498607734,
      "median": 3.6440780274,
      "user": 1.09298978,
      "system": 0.21788496,
      "min": 3.5361004864,
      "max": 4.2959797204,
      "times": [
        3.6351447844,
        4.2233059894,
        4.000996677400001,
        3.6491830874,
        3.5793499234,
        3.5361004864,
        3.6389729674,
        3.5643721234,
        4.2959797204,
        3.6561933824
      ],
      "exit_codes": [
        0,
        0,
        0,
        0,
        0,
        0,
        0,
        0,
        0,
        0
      ]
    },
    {
      "command": "yarn",
      "mean": 11.462994748000002,
      "stddev": 0.119885578839632,
      "median": 11.4815383834,
      "user": 15.25929448,
      "system": 7.763702359999999,
      "min": 11.261059018400001,
      "max": 11.653056280400001,
      "times": [
        11.4925796314,
        11.4983165114,
        11.6077910144,
        11.527916128400001,
        11.653056280400001,
        11.4076334434,
        11.273970395400001,
        11.4704971354,
        11.4371279214,
        11.261059018400001
      ],
      "exit_codes": [
        0,
        0,
        0,
        0,
        0,
        0,
        0,
        0,
        0,
        0
      ]
    },
    {
      "command": "berry",
      "mean": 2.7425831416999995,
      "stddev": 0.03240576949839193,
      "median": 2.7460112774,
      "user": 5.37667908,
      "system": 1.2212391599999999,
      "min": 2.6798058503999997,
      "max": 2.7948476924,
      "times": [
        2.7214891303999997,
        2.7529999714,
        2.7948476924,
        2.6798058503999997,
        2.7233055704,
        2.7132245033999998,
        2.7437152364,
        2.7776103774,
        2.7483073183999998,
        2.7705257664
      ],
      "exit_codes": [
        0,
        0,
        0,
        0,
        0,
        0,
        0,
        0,
        0,
        0
      ]
    },
    {
      "command": "pnpm",
      "mean": 2.0817131421000004,
      "stddev": 0.03498405960473966,
      "median": 2.0710217909,
      "user": 3.3278222800000004,
      "system": 1.06353846,
      "min": 2.0346139854,
      "max": 2.1485122274,
      "times": [
        2.1485122274,
        2.0346139854,
        2.0653661824,
        2.0718289144,
        2.0430681944,
        2.1177267424,
        2.0554417254,
        2.0702146674,
        2.1206605334,
        2.0896982484
      ],
      "exit_codes": [
        0,
        0,
        0,
        0,
        0,
        0,
        0,
        0,
        0,
        0
      ]
    },
    {
      "command": "vlt",
      "mean": 0.31661360680000006,
      "stddev": 0.0034662482410232572,
      "median": 0.31712001740000006,
      "user": 0.32539767999999997,
      "system": 0.06906606,
      "min": 0.3115871994,
      "max": 0.3224722654,
      "times": [
        0.31790841840000006,
        0.31357088340000006,
        0.3143789994,
        0.3115871994,
        0.3163316164,
        0.31993483840000003,
        0.31204787040000004,
        0.3224722654,
        0.31988468340000004,
        0.3180192934
      ],
      "exit_codes": [
        0,
        0,
        0,
        0,
        0,
        0,
        0,
        0,
        0,
        0
      ]
    },
    {
      "command": "bun",
      "mean": 0.9613075668000001,
      "stddev": 0.07705718136929747,
      "median": 0.9421420509,
      "user": 0.79099518,
      "system": 0.8667110599999999,
      "min": 0.8850761614,
      "max": 1.1531582874,
      "times": [
        0.9534239904,
        0.9321654984000001,
        0.9097896274,
        0.8990998924,
        0.8850761614,
        0.9729039514,
        0.9122080004,
        1.1531582874,
        0.9521186034,
        1.0431316553999999
      ],
      "exit_codes": [
        0,
        0,
        0,
        0,
        0,
        0,
        0,
        0,
        0,
        0
      ]
    },
    {
      "command": "deno",
      "mean": 4.8954792998,
      "stddev": 0.5455987697504686,
      "median": 4.653616875900001,
      "user": 1.5809941799999998,
      "system": 0.3806174600000001,
      "min": 4.1374852414,
      "max": 5.795127256400001,
      "times": [
        4.4876234754,
        5.5109346374,
        4.5538323914,
        5.2079975874,
        4.6355592534,
        4.1374852414,
        5.795127256400001,
        4.671674498400001,
        5.5698615134,
        4.3846971434
      ],
      "exit_codes": [
        0,
        0,
        0,
        0,
        0,
        0,
        0,
        0,
        0,
        0
      ]
    }
  ]
}