{
  "results": [
    {
      "command": "npm",
      "mean": 0.92793751046,
      "stddev": 0.013212053081343707,
      "median": 0.9240916615600001,
      "user": 1.03615616,
      "system": 0.19787732,
      "min": 0.9123483925600001,
      "max": 0.9637733925600002,
      "times": [
        0.9637733925600002,
        0.9336673805600001,
        0.9249818925600001,
        0.9310408865600001,
        0.9204457695600001,
        0.9272372835600001,
        0.9232014305600001,
        0.9123483925600001,
        0.9220589495600001,
        0.9206197265600001
      ],
      "exit_codes": [
        0,
        0,
        0,
        0,
        0,
        0,
        0,
        0,
        0,
        0
      ]
    },
    {
      "command": "yarn",
      "mean": 2.4518270634599997,
      "stddev": 0.03316060670009584,
      "median": 2.4563767925599995,
      "user": 2.2087246599999997,
      "system": 0.8724005199999999,
      "min": 2.38057407756,
      "max": 2.49960350956,
      "times": [
        2.4751831905599997,
        2.44338252756,
        2.40798702656,
        2.47491434656,
        2.4579789925599997,
        2.38057407756,
        2.49960350956,
        2.4547745925599997,
        2.4744655185599997,
        2.4494068525599997
      ],
      "exit_codes": [
        0,
        0,
        0,
        0,
        0,
        0,
        0,
        0,
        0,
        0
      ]
    },
    {
      "command": "berry",
      "mean": 1.74632839086,
      "stddev": 0.045885475973130946,
      "median": 1.73697340756,
      "user": 2.24776326,
      "system": 0.43170082,
      "min": 1.7019390405600001,
      "max": 1.87178857756,
      "times": [
        1.7019390405600001,
        1.7463097815600002,
        1.71338092256,
        1.71496216856,
        1.7617605385600001,
        1.7539201725600002,
        1.75006818756,
        1.72763703356,
        1.72151748556,
        1.87178857756
      ],
      "exit_codes": [
        0,
        0,
        0,
        0,
        0,
        0,
        0,
        0,
        0,
        0
      ]
    },
    {
      "command": "zpm",
      "mean": 1.4014977746600001,
      "stddev": 0.12727337768484073,
      "median": 1.3378585475600002,
      "user": 0.5864714599999999,
      "system": 0.25709112,
      "min": 1.25452496856,
      "max": 1.63563997456,
      "times": [
        1.25452496856,
        1.63563997456,
        1.30647210756,
        1.36300925456,
        1.52652168056,
        1.3127078405600001,
        1.28549420756,
        1.29951866456,
        1.54440444056,
        1.4866846075600002
      ],
      "exit_codes": [
        0,
        0,
        0,
        0,
        0,
        0,
        0,
        0,
        0,
        0
      ]
    },
    {
      "command": "pnpm",
      "mean": 1.1138326785600001,
      "stddev": 0.010976329043285856,
      "median": 1.10710197106,
      "user": 1.58265446,
      "system": 0.28042242,
      "min": 1.10027817656,
      "max": 1.13102976256,
      "times": [
        1.10738379756,
        1.10682014456,
        1.1304654515600001,
        1.1051736085600001,
        1.1213261515600002,
        1.12395243656,
        1.10612652656,
        1.13102976256,
        1.10577072956,
        1.10027817656
      ],
      "exit_codes": [
        0,
        0,
        0,
        0,
        0,
        0,
        0,
        0,
        0,
        0
      ]
    },
    {
      "command": "vlt",
      "mean": 0.33685048876,
      "stddev": 0.0018319784631910204,
      "median": 0.33678800256,
      "user": 0.35413666000000005,
      "system": 0.07641392000000001,
      "min": 0.33387091656,
      "max": 0.33970380056,
      "times": [
        0.33686918556,
        0.33705989356,
        0.33662528556000004,
        0.33387091656,
        0.33970380056,
        0.33398688256000003,
        0.33939017956,
        0.33670681956000004,
        0.33804088556,
        0.33625103856
      ],
      "exit_codes": [
        0,
        0,
        0,
        0,
        0,
        0,
        0,
        0,
        0,
        0
      ]
    },
    {
      "command": "bun",
      "mean": 0.020266401460000003,
      "stddev": 0.00026220804748613253,
      "median": 0.02017038156,
      "user": 0.00849066,
      "system": 0.017397020000000003,
      "min": 0.01999104956,
      "max": 0.02079832756,
      "times": [
        0.01999104956,
        0.02006066056,
        0.02001076756,
        0.02023883556,
        0.020034743560000002,
        0.02045336956,
        0.02079832756,
        0.02010192756,
        0.02042724956,
        0.020547083560000002
      ],
      "exit_codes": [
        0,
        0,
        0,
        0,
        0,
        0,
        0,
        0,
        0,
        0
      ]
    },
    {
      "command": "deno",
      "mean": 0.17865056626000003,
      "stddev": 0.0041116789407998336,
      "median": 0.17771441156,
      "user": 0.26040596,
      "system": 0.10025371999999999,
      "min": 0.17372280756,
      "max": 0.18685157256,
      "times": [
        0.17372280756,
        0.17863876256,
        0.17575536456000002,
        0.17712281656,
        0.18496050856000001,
        0.18060441056,
        0.17494126056,
        0.17560215256,
        0.18685157256,
        0.17830600656
      ],
      "exit_codes": [
        0,
        0,
        0,
        0,
        0,
        0,
        0,
        0,
        0,
        0
      ]
    }
  ]
}