{
  "results": [
    {
      "command": "npm",
      "mean": 0.80694568532,
      "stddev": 0.005879634133329601,
      "median": 0.8065217131200001,
      "user": 0.8705030600000001,
      "system": 0.20354488,
      "min": 0.7957055126200001,
      "max": 0.8143271686200001,
      "times": [
        0.8009551296200002,
        0.8040151856200001,
        0.8049696136200001,
        0.8139052056200001,
        0.8121824216200001,
        0.8120396576200001,
        0.8032831456200001,
        0.8143271686200001,
        0.7957055126200001,
        0.8080738126200001
      ],
      "exit_codes": [
        0,
        0,
        0,
        0,
        0,
        0,
        0,
        0,
        0,
        0
      ]
    },
    {
      "command": "yarn",
      "mean": 3.5765813367200003,
      "stddev": 0.10175118505100234,
      "median": 3.57816466162,
      "user": 1.8225027599999997,
      "system": 0.7760602799999999,
      "min": 3.4308250786200003,
      "max": 3.79001337562,
      "times": [
        3.57812221062,
        3.4308250786200003,
        3.45618448362,
        3.68309496062,
        3.50232564462,
        3.52519222962,
        3.59721758562,
        3.57820711262,
        3.62463068562,
        3.79001337562
      ],
      "exit_codes": [
        0,
        0,
        0,
        0,
        0,
        0,
        0,
        0,
        0,
        0
      ]
    },
    {
      "command": "berry",
      "mean": 1.53771907492,
      "stddev": 0.03833205514209541,
      "median": 1.53219742262,
      "user": 1.4387230599999998,
      "system": 0.27829808,
      "min": 1.45103123762,
      "max": 1.58938927662,
      "times": [
        1.5238364566200002,
        1.53374305462,
        1.45103123762,
        1.58938927662,
        1.5199332386200002,
        1.5215362806200001,
        1.57212511662,
        1.54852609362,
        1.5306517906200001,
        1.58641820362
      ],
      "exit_codes": [
        0,
        0,
        0,
        0,
        0,
        0,
        0,
        0,
        0,
        0
      ]
    },
    {
      "command": "zpm",
      "mean": 2.44538498172,
      "stddev": 0.3757587678206253,
      "median": 2.3112149306200003,
      "user": 0.6183258599999999,
      "system": 0.56161578,
      "min": 1.9460612726200002,
      "max": 3.14678640762,
      "times": [
        2.14743462162,
        2.94304924362,
        1.9460612726200002,
        2.1422814526200002,
        2.7662429306200003,
        2.33743841262,
        2.28499144862,
        3.14678640762,
        2.15696458362,
        2.58259944362
      ],
      "exit_codes": [
        0,
        0,
        0,
        0,
        0,
        0,
        0,
        0,
        0,
        0
      ]
    },
    {
      "command": "pnpm",
      "mean": 1.12261575012,
      "stddev": 0.0437622426587614,
      "median": 1.1028387311199999,
      "user": 1.4552178599999999,
      "system": 0.29287768,
      "min": 1.08040562262,
      "max": 1.2300465576200001,
      "times": [
        1.08760749162,
        1.09558476162,
        1.1685584716200001,
        1.2300465576200001,
        1.13075442362,
        1.13316961362,
        1.0943530966200001,
        1.08040562262,
        1.10169443762,
        1.10398302462
      ],
      "exit_codes": [
        0,
        0,
        0,
        0,
        0,
        0,
        0,
        0,
        0,
        0
      ]
    },
    {
      "command": "vlt",
      "mean": 0.31613670402000005,
      "stddev": 0.0018060716450910951,
      "median": 0.31649020161999997,
      "user": 0.31840416000000005,
      "system": 0.07327088,
      "min": 0.31346544962,
      "max": 0.31891584662,
      "times": [
        0.31418082962,
        0.31346544962,
        0.31863621062,
        0.31747888062,
        0.31640009762,
        0.31891584662,
        0.31669352462,
        0.31446674262,
        0.31454915262,
        0.31658030562
      ],
      "exit_codes": [
        0,
        0,
        0,
        0,
        0,
        0,
        0,
        0,
        0,
        0
      ]
    },
    {
      "command": "bun",
      "mean": 0.01971809352,
      "stddev": 0.0003282553387576355,
      "median": 0.019711247120000004,
      "user": 0.00810316,
      "system": 0.01730918,
      "min": 0.019174367620000004,
      "max": 0.020292423620000003,
      "times": [
        0.01973840362,
        0.020292423620000003,
        0.01929229462,
        0.020130480620000002,
        0.019625974620000004,
        0.019863710620000002,
        0.019873675620000003,
        0.01950551362,
        0.019684090620000004,
        0.019174367620000004
      ],
      "exit_codes": [
        0,
        0,
        0,
        0,
        0,
        0,
        0,
        0,
        0,
        0
      ]
    },
    {
      "command": "deno",
      "mean": 0.38442147852,
      "stddev": 0.0029193459646305923,
      "median": 0.38451919412,
      "user": 0.47877046000000006,
      "system": 0.18352567999999997,
      "min": 0.37777564162,
      "max": 0.38880833862,
      "times": [
        0.38496284662,
        0.38880833862,
        0.38333770062,
        0.38470849662,
        0.38213764362,
        0.38759001162,
        0.38432989162000003,
        0.38660853662,
        0.37777564162,
        0.38395567762
      ],
      "exit_codes": [
        0,
        0,
        0,
        0,
        0,
        0,
        0,
        0,
        0,
        0
      ]
    }
  ]
}