{
  "results": [
    {
      "command": "npm",
      "mean": 0.8345336844400002,
      "stddev": 0.0031485628874514775,
      "median": 0.8346963485400001,
      "user": 0.9071190999999998,
      "system": 0.19003414000000002,
      "min": 0.8274963530400001,
      "max": 0.83851430804,
      "times": [
        0.8325941950400001,
        0.8367188690400001,
        0.83851430804,
        0.8361321610400001,
        0.8331953900400001,
        0.8370685970400001,
        0.8327282440400001,
        0.8376281910400001,
        0.8274963530400001,
        0.83326053604
      ],
      "exit_codes": [
        0,
        0,
        0,
        0,
        0,
        0,
        0,
        0,
        0,
        0
      ]
    },
    {
      "command": "yarn",
      "mean": 3.3326571634399995,
      "stddev": 0.0463592130862764,
      "median": 3.3395788165399996,
      "user": 1.9373496,
      "system": 0.8029099399999998,
      "min": 3.27045585304,
      "max": 3.43685082204,
      "times": [
        3.43685082204,
        3.3400198300399997,
        3.27045585304,
        3.2976145090399998,
        3.2860724710399998,
        3.2939506980399997,
        3.3678422270399997,
        3.3546043970399997,
        3.3400230240399997,
        3.33913780304
      ],
      "exit_codes": [
        0,
        0,
        0,
        0,
        0,
        0,
        0,
        0,
        0,
        0
      ]
    },
    {
      "command": "berry",
      "mean": 1.53545001684,
      "stddev": 0.054871618725574986,
      "median": 1.51363076054,
      "user": 1.4836699,
      "system": 0.24870083999999998,
      "min": 1.46966508904,
      "max": 1.64605119804,
      "times": [
        1.50190062104,
        1.52244656504,
        1.46966508904,
        1.58832907304,
        1.5004054960400002,
        1.5463400680400001,
        1.50481495604,
        1.59713151604,
        1.47741558604,
        1.64605119804
      ],
      "exit_codes": [
        0,
        0,
        0,
        0,
        0,
        0,
        0,
        0,
        0,
        0
      ]
    },
    {
      "command": "pnpm",
      "mean": 1.0094374193400002,
      "stddev": 0.012072766949164829,
      "median": 1.00750831604,
      "user": 1.3719436,
      "system": 0.24866973999999997,
      "min": 0.9957538780400002,
      "max": 1.0334439690400001,
      "times": [
        0.9957538780400002,
        1.0334439690400001,
        0.9990740540400002,
        1.02810992704,
        1.00626233904,
        1.00875429304,
        1.0000921170400001,
        0.9985640830400001,
        1.01029333404,
        1.0140261990400001
      ],
      "exit_codes": [
        0,
        0,
        0,
        0,
        0,
        0,
        0,
        0,
        0,
        0
      ]
    },
    {
      "command": "vlt",
      "mean": 0.31779372614,
      "stddev": 0.0023748961411683427,
      "median": 0.31831539253999996,
      "user": 0.3270594,
      "system": 0.07020723999999999,
      "min": 0.31335073804,
      "max": 0.32087505604,
      "times": [
        0.31335073804,
        0.31824067804,
        0.31755035804,
        0.31924377004,
        0.31398448104,
        0.31677109904,
        0.31901799404000003,
        0.32051298004,
        0.31839010704,
        0.32087505604
      ],
      "exit_codes": [
        0,
        0,
        0,
        0,
        0,
        0,
        0,
        0,
        0,
        0
      ]
    },
    {
      "command": "bun",
      "mean": 0.01903009174,
      "stddev": 0.00033901262953230804,
      "median": 0.01905996854,
      "user": 0.006967999999999999,
      "system": 0.017562039999999998,
      "min": 0.01844386504,
      "max": 0.01944020204,
      "times": [
        0.019050833040000003,
        0.018531572040000003,
        0.01944020204,
        0.01881296004,
        0.01935708904,
        0.01888519604,
        0.01844386504,
        0.01906910404,
        0.01933623304,
        0.01937386304
      ],
      "exit_codes": [
        0,
        0,
        0,
        0,
        0,
        0,
        0,
        0,
        0,
        0
      ]
    },
    {
      "command": "deno",
      "mean": 0.36106706824,
      "stddev": 0.0038680633415464813,
      "median": 0.35928831154,
      "user": 0.47578380000000003,
      "system": 0.16472373999999998,
      "min": 0.35751799304,
      "max": 0.36921679704,
      "times": [
        0.35918199404,
        0.36921679704,
        0.35939462904,
        0.35795277304,
        0.36074573304,
        0.36762740604,
        0.35852170204,
        0.35751799304,
        0.36160106604000003,
        0.35891058904
      ],
      "exit_codes": [
        0,
        0,
        0,
        0,
        0,
        0,
        0,
        0,
        0,
        0
      ]
    }
  ]
}