{
  "results": [
    {
      "command": "npm",
      "mean": 0.56070805548,
      "stddev": 0.004614571051299548,
      "median": 0.5622740982800001,
      "user": 0.64001826,
      "system": 0.1112485,
      "min": 0.5525748032800001,
      "max": 0.56798044028,
      "times": [
        0.56272296028,
        0.56798044028,
        0.5630235642800001,
        0.56451054828,
        0.5630985442800001,
        0.5611250632800001,
        0.5547893382800001,
        0.56182523628,
        0.5554300562800001,
        0.5525748032800001
      ],
      "exit_codes": [
        0,
        0,
        0,
        0,
        0,
        0,
        0,
        0,
        0,
        0
      ]
    },
    {
      "command": "yarn",
      "mean": 3.46903395048,
      "stddev": 0.19128518218774,
      "median": 3.43999604028,
      "user": 1.9274114599999996,
      "system": 0.7708109999999999,
      "min": 3.28040537128,
      "max": 3.97569804428,
      "times": [
        3.33401744828,
        3.57305472928,
        3.4853361942800003,
        3.44731709028,
        3.30558563428,
        3.34925995628,
        3.4326749902800002,
        3.28040537128,
        3.5069900462800003,
        3.97569804428
      ],
      "exit_codes": [
        0,
        0,
        0,
        0,
        0,
        0,
        0,
        0,
        0,
        0
      ]
    },
    {
      "command": "berry",
      "mean": 1.62402668508,
      "stddev": 0.05183528786732986,
      "median": 1.63340712228,
      "user": 1.5480271599999997,
      "system": 0.2615579,
      "min": 1.55264675328,
      "max": 1.68956038828,
      "times": [
        1.6870185052800002,
        1.61980329328,
        1.68956038828,
        1.56666438428,
        1.55264675328,
        1.59424923528,
        1.55272766128,
        1.65307287628,
        1.67751280228,
        1.64701095128
      ],
      "exit_codes": [
        0,
        0,
        0,
        0,
        0,
        0,
        0,
        0,
        0,
        0
      ]
    },
    {
      "command": "pnpm",
      "mean": 1.0421232877800002,
      "stddev": 0.03224308408445986,
      "median": 1.03936827578,
      "user": 1.39230846,
      "system": 0.2504754,
      "min": 1.00049740128,
      "max": 1.1162713932800001,
      "times": [
        1.04016645628,
        1.04394049828,
        1.03857009528,
        1.00049740128,
        1.01679230728,
        1.05862791528,
        1.0226584382800001,
        1.07228990228,
        1.1162713932800001,
        1.01141847028
      ],
      "exit_codes": [
        0,
        0,
        0,
        0,
        0,
        0,
        0,
        0,
        0,
        0
      ]
    },
    {
      "command": "vlt",
      "mean": 0.28435793857999997,
      "stddev": 0.004056046960800136,
      "median": 0.28316691427999996,
      "user": 0.27467606000000006,
      "system": 0.0654366,
      "min": 0.27907413828,
      "max": 0.29034583728,
      "times": [
        0.28453211728,
        0.28970591328,
        0.28052558428,
        0.28721096828,
        0.28860864527999996,
        0.28034435628,
        0.28180171128,
        0.28143011428,
        0.27907413828,
        0.29034583728
      ],
      "exit_codes": [
        0,
        0,
        0,
        0,
        0,
        0,
        0,
        0,
        0,
        0
      ]
    },
    {
      "command": "bun",
      "mean": 0.018340480680000004,
      "stddev": 0.0007203167206601826,
      "median": 0.018165823780000003,
      "user": 0.00846306,
      "system": 0.015554500000000002,
      "min": 0.01763907128,
      "max": 0.02031348528,
      "times": [
        0.01763907128,
        0.018125963280000004,
        0.018205684280000002,
        0.017728660280000003,
        0.018019314280000004,
        0.01803181028,
        0.01839786628,
        0.02031348528,
        0.018217222280000004,
        0.018725729280000002
      ],
      "exit_codes": [
        0,
        0,
        0,
        0,
        0,
        0,
        0,
        0,
        0,
        0
      ]
    },
    {
      "command": "deno",
      "mean": 0.31422780017999996,
      "stddev": 0.0026510676386548655,
      "median": 0.31342140078,
      "user": 0.37631596,
      "system": 0.15843729999999998,
      "min": 0.31113697528,
      "max": 0.31984607128,
      "times": [
        0.31138357728,
        0.31366169828,
        0.31318110328,
        0.31702861828,
        0.31626165328,
        0.31487830528,
        0.31176723627999997,
        0.31984607128,
        0.31313276328,
        0.31113697528
      ],
      "exit_codes": [
        0,
        0,
        0,
        0,
        0,
        0,
        0,
        0,
        0,
        0
      ]
    }
  ]
}