{
  "results": [
    {
      "command": "npm",
      "mean": 0.5792833926400001,
      "stddev": 0.0036139716879441458,
      "median": 0.5789564942400001,
      "user": 0.6623728200000001,
      "system": 0.11293299999999999,
      "min": 0.57107707724,
      "max": 0.58504492624,
      "times": [
        0.58504492624,
        0.58318927824,
        0.57885658524,
        0.57843569124,
        0.57994120624,
        0.57107707724,
        0.5820473042400001,
        0.57740275624,
        0.5790564032400001,
        0.5777826982400001
      ],
      "exit_codes": [
        0,
        0,
        0,
        0,
        0,
        0,
        0,
        0,
        0,
        0
      ]
    },
    {
      "command": "yarn",
      "mean": 4.41991337494,
      "stddev": 0.18311540426697126,
      "median": 4.397989433739999,
      "user": 2.01067882,
      "system": 0.7990134999999999,
      "min": 4.10634667324,
      "max": 4.80602741624,
      "times": [
        4.3157377302399995,
        4.48242394624,
        4.49523370624,
        4.34078912924,
        4.10634667324,
        4.60123246824,
        4.80602741624,
        4.41015409324,
        4.38582477424,
        4.25536381224
      ],
      "exit_codes": [
        0,
        0,
        0,
        0,
        0,
        0,
        0,
        0,
        0,
        0
      ]
    },
    {
      "command": "berry",
      "mean": 1.9416944712400004,
      "stddev": 0.11137509989964028,
      "median": 1.90258408424,
      "user": 1.54631762,
      "system": 0.27047309999999997,
      "min": 1.84662998724,
      "max": 2.23149220224,
      "times": [
        1.95846631324,
        1.84662998724,
        1.87943317124,
        1.85664328924,
        2.23149220224,
        1.85331614524,
        1.87407812724,
        2.0199576342400003,
        1.92573499724,
        1.97119284524
      ],
      "exit_codes": [
        0,
        0,
        0,
        0,
        0,
        0,
        0,
        0,
        0,
        0
      ]
    },
    {
      "command": "pnpm",
      "mean": 1.15028617894,
      "stddev": 0.049071889492429924,
      "median": 1.12916752824,
      "user": 1.40917652,
      "system": 0.26380139999999996,
      "min": 1.09962623424,
      "max": 1.2734677402399999,
      "times": [
        1.1825954352399999,
        1.11369571424,
        1.09962623424,
        1.11750286924,
        1.11869607924,
        1.2734677402399999,
        1.18079822224,
        1.12883999324,
        1.12949506324,
        1.15814443824
      ],
      "exit_codes": [
        0,
        0,
        0,
        0,
        0,
        0,
        0,
        0,
        0,
        0
      ]
    },
    {
      "command": "vlt",
      "mean": 0.29439900494,
      "stddev": 0.006936200483462352,
      "median": 0.29314709874,
      "user": 0.30498672,
      "system": 0.0690435,
      "min": 0.28828728524,
      "max": 0.31339208924,
      "times": [
        0.28860015924,
        0.28828728524,
        0.29725849624,
        0.31339208924,
        0.29285648524,
        0.29428582124,
        0.29556023624,
        0.29343771224,
        0.29067655524,
        0.28963520924
      ],
      "exit_codes": [
        0,
        0,
        0,
        0,
        0,
        0,
        0,
        0,
        0,
        0
      ]
    },
    {
      "command": "bun",
      "mean": 0.018749517540000003,
      "stddev": 0.0003649480472108466,
      "median": 0.01875594774,
      "user": 0.00909122,
      "system": 0.0154917,
      "min": 0.01818888224,
      "max": 0.019574656240000002,
      "times": [
        0.01818888224,
        0.01831361524,
        0.018533194240000002,
        0.01904512024,
        0.01882154224,
        0.01874185124,
        0.01877004424,
        0.019574656240000002,
        0.018694724240000002,
        0.01881154524
      ],
      "exit_codes": [
        0,
        0,
        0,
        0,
        0,
        0,
        0,
        0,
        0,
        0
      ]
    },
    {
      "command": "deno",
      "mean": 0.31869798514000003,
      "stddev": 0.0032602377226117183,
      "median": 0.31840910524,
      "user": 0.38055271999999996,
      "system": 0.15960699999999997,
      "min": 0.31482423524,
      "max": 0.32593329024,
      "times": [
        0.31985741324,
        0.32593329024,
        0.31804854324,
        0.31482423524,
        0.31876966724,
        0.32162869324,
        0.31585859524,
        0.32043107524,
        0.31515191524,
        0.31647642324
      ],
      "exit_codes": [
        0,
        0,
        0,
        0,
        0,
        0,
        0,
        0,
        0,
        0
      ]
    }
  ]
}