{
  "results": [
    {
      "command": "npm",
      "mean": 0.36091365028,
      "stddev": 0.0031969045344878194,
      "median": 0.36101022278,
      "user": 0.4044138199999999,
      "system": 0.08346508,
      "min": 0.35572192828,
      "max": 0.36460133428,
      "times": [
        0.36398869227999997,
        0.36013097228,
        0.35649359128,
        0.36442453728,
        0.36062724528,
        0.36399219728,
        0.36139320028,
        0.35776280428,
        0.36460133428,
        0.35572192828
      ],
      "exit_codes": [
        0,
        0,
        0,
        0,
        0,
        0,
        0,
        0,
        0,
        0
      ]
    },
    {
      "command": "yarn",
      "mean": 2.1840009466800003,
      "stddev": 0.12485317017709774,
      "median": 2.16470576378,
      "user": 0.87064842,
      "system": 0.25410557999999994,
      "min": 2.03234535328,
      "max": 2.39889486528,
      "times": [
        2.03674848028,
        2.03234535328,
        2.28789696928,
        2.39889486528,
        2.29955502528,
        2.06532801528,
        2.08270274228,
        2.14703077728,
        2.30712648828,
        2.18238075028
      ],
      "exit_codes": [
        0,
        0,
        0,
        0,
        0,
        0,
        0,
        0,
        0,
        0
      ]
    },
    {
      "command": "berry",
      "mean": 0.9041647579800001,
      "stddev": 0.16349215049578913,
      "median": 0.8531252227800001,
      "user": 0.71172942,
      "system": 0.10196367999999997,
      "min": 0.7518710352800001,
      "max": 1.33437689128,
      "times": [
        0.93080423028,
        0.8061236712800001,
        0.8963718542800001,
        0.9237246732800001,
        0.7518710352800001,
        0.7741848932800001,
        1.01311199128,
        0.8098785912800001,
        1.33437689128,
        0.8011997482800001
      ],
      "exit_codes": [
        0,
        0,
        0,
        0,
        0,
        0,
        0,
        0,
        0,
        0
      ]
    },
    {
      "command": "pnpm",
      "mean": 0.4852716812800001,
      "stddev": 0.009336710704575717,
      "median": 0.48430890378,
      "user": 0.73194682,
      "system": 0.14102838,
      "min": 0.47153381628,
      "max": 0.5014691222800001,
      "times": [
        0.48984356428,
        0.48010712228,
        0.49980417928000004,
        0.5014691222800001,
        0.48602573028,
        0.47305665528,
        0.48507723428,
        0.48354057328,
        0.47153381628,
        0.48225881528000003
      ],
      "exit_codes": [
        0,
        0,
        0,
        0,
        0,
        0,
        0,
        0,
        0,
        0
      ]
    },
    {
      "command": "vlt",
      "mean": 0.16076987438,
      "stddev": 0.002521827948474376,
      "median": 0.16006303978,
      "user": 0.16780002,
      "system": 0.03006748,
      "min": 0.15723723828000002,
      "max": 0.16437985428000002,
      "times": [
        0.16053163928,
        0.15854502828,
        0.15954158828,
        0.16077245828,
        0.16427932228,
        0.15959444028,
        0.15848835428000002,
        0.16437985428000002,
        0.16432882028,
        0.15723723828000002
      ],
      "exit_codes": [
        0,
        0,
        0,
        0,
        0,
        0,
        0,
        0,
        0,
        0
      ]
    },
    {
      "command": "bun",
      "mean": 0.009973173679999999,
      "stddev": 0.0007548564252023297,
      "median": 0.00970393278,
      "user": 0.005108518,
      "system": 0.0076881799999999985,
      "min": 0.00922295828,
      "max": 0.01178031428,
      "times": [
        0.00964500228,
        0.00955318228,
        0.00949747528,
        0.00976286328,
        0.009289198279999999,
        0.00993002728,
        0.00922295828,
        0.01018228728,
        0.01086842828,
        0.01178031428
      ],
      "exit_codes": [
        0,
        0,
        0,
        0,
        0,
        0,
        0,
        0,
        0,
        0
      ]
    },
    {
      "command": "deno",
      "mean": 0.16975406127999998,
      "stddev": 0.006684513623864687,
      "median": 0.16905946328,
      "user": 0.21679192,
      "system": 0.07149098000000001,
      "min": 0.15990375228,
      "max": 0.18355539028,
      "times": [
        0.17751616728000003,
        0.17310642228,
        0.16879888528,
        0.16678858328,
        0.16560327828000002,
        0.15990375228,
        0.17090081428,
        0.16932004128,
        0.18355539028,
        0.16204727828
      ],
      "exit_codes": [
        0,
        0,
        0,
        0,
        0,
        0,
        0,
        0,
        0,
        0
      ]
    }
  ]
}