{
  "results": [
    {
      "command": "npm",
      "mean": 0.8705806643,
      "stddev": 0.009918348061177027,
      "median": 0.8692926154,
      "user": 0.95302966,
      "system": 0.2008108,
      "min": 0.8563111704,
      "max": 0.8937880244,
      "times": [
        0.8706546094000001,
        0.8666905494000001,
        0.8679306214000001,
        0.8789638804000001,
        0.8563111704,
        0.8742508764000001,
        0.8613498054000001,
        0.8636672224,
        0.8937880244,
        0.8721998834000001
      ],
      "exit_codes": [
        0,
        0,
        0,
        0,
        0,
        0,
        0,
        0,
        0,
        0
      ]
    },
    {
      "command": "yarn",
      "mean": 3.3734471977999996,
      "stddev": 0.1423299002635433,
      "median": 3.3443592013999996,
      "user": 2.17594666,
      "system": 0.9193413999999999,
      "min": 3.2027748664,
      "max": 3.7436569823999997,
      "times": [
        3.3852060863999998,
        3.4117084944,
        3.2992437353999997,
        3.7436569823999997,
        3.3017395104,
        3.3608945414,
        3.2027748664,
        3.3278238613999997,
        3.2485589023999997,
        3.4528649974
      ],
      "exit_codes": [
        0,
        0,
        0,
        0,
        0,
        0,
        0,
        0,
        0,
        0
      ]
    },
    {
      "command": "berry",
      "mean": 1.5664920703,
      "stddev": 0.034523936152899115,
      "median": 1.5659557164,
      "user": 1.58159156,
      "system": 0.2726918,
      "min": 1.5087171724000001,
      "max": 1.6116720054000002,
      "times": [
        1.5942980354,
        1.5942486864,
        1.6116720054000002,
        1.5131784444,
        1.5087171724000001,
        1.5735553214,
        1.5567490254,
        1.5583561114,
        1.6063901114,
        1.5477557894
      ],
      "exit_codes": [
        0,
        0,
        0,
        0,
        0,
        0,
        0,
        0,
        0,
        0
      ]
    },
    {
      "command": "pnpm",
      "mean": 1.0937938248,
      "stddev": 0.01312318490377179,
      "median": 1.0898486654000001,
      "user": 1.4940965599999998,
      "system": 0.26512259999999993,
      "min": 1.0763229974,
      "max": 1.1138390564,
      "times": [
        1.0763229974,
        1.1137682604,
        1.1138390564,
        1.0924580374000001,
        1.0872392934000001,
        1.0787432064,
        1.0979449334,
        1.0854631894,
        1.1072109494,
        1.0849483244
      ],
      "exit_codes": [
        0,
        0,
        0,
        0,
        0,
        0,
        0,
        0,
        0,
        0
      ]
    },
    {
      "command": "vlt",
      "mean": 0.33479644919999996,
      "stddev": 0.003092111435476014,
      "median": 0.3350216304,
      "user": 0.34434186,
      "system": 0.0766107,
      "min": 0.3290145194,
      "max": 0.3418973834,
      "times": [
        0.3290145194,
        0.3363564474,
        0.3328737224,
        0.3348051214,
        0.3329122084,
        0.3355327194,
        0.3418973834,
        0.3354752004,
        0.3338590304,
        0.3352381394
      ],
      "exit_codes": [
        0,
        0,
        0,
        0,
        0,
        0,
        0,
        0,
        0,
        0
      ]
    },
    {
      "command": "bun",
      "mean": 0.019551095400000003,
      "stddev": 0.0006254930883755635,
      "median": 0.0193955014,
      "user": 0.008763459999999999,
      "system": 0.016435599999999998,
      "min": 0.0190551264,
      "max": 0.021340108400000002,
      "times": [
        0.021340108400000002,
        0.0196840104,
        0.019384755400000002,
        0.0191209144,
        0.0195400554,
        0.0190551264,
        0.0195142414,
        0.0191609134,
        0.0193045814,
        0.0194062474
      ],
      "exit_codes": [
        0,
        0,
        0,
        0,
        0,
        0,
        0,
        0,
        0,
        0
      ]
    },
    {
      "command": "deno",
      "mean": 0.3751991781,
      "stddev": 0.015673615377601553,
      "median": 0.37122221590000004,
      "user": 0.48439015999999996,
      "system": 0.1709521,
      "min": 0.3593065174,
      "max": 0.4203641604,
      "times": [
        0.36967401440000003,
        0.3692653344,
        0.3708156574,
        0.4203641604,
        0.3677225154,
        0.37162877440000003,
        0.3593065174,
        0.3743461044,
        0.3723521904,
        0.3765165124
      ],
      "exit_codes": [
        0,
        0,
        0,
        0,
        0,
        0,
        0,
        0,
        0,
        0
      ]
    }
  ]
}