{
  "results": [
    {
      "command": "npm",
      "mean": 0.8336337318000002,
      "stddev": 0.005581916714120554,
      "median": 0.8343197243000001,
      "user": 0.9136723200000001,
      "system": 0.18566163999999996,
      "min": 0.8251795178000001,
      "max": 0.8444949928000001,
      "times": [
        0.8334249318000001,
        0.8307234478000001,
        0.8251795178000001,
        0.8253788608000001,
        0.8384540508000001,
        0.8352145168000001,
        0.8363182498000001,
        0.8444949928000001,
        0.8360776658000001,
        0.8310710838
      ],
      "exit_codes": [
        0,
        0,
        0,
        0,
        0,
        0,
        0,
        0,
        0,
        0
      ]
    },
    {
      "command": "yarn",
      "mean": 3.5157892567000006,
      "stddev": 0.06996562266641264,
      "median": 3.5265347783000003,
      "user": 2.05235342,
      "system": 0.8751227399999999,
      "min": 3.3735990998000003,
      "max": 3.6070915758,
      "times": [
        3.5487497428,
        3.5399893308,
        3.3735990998000003,
        3.5643827248,
        3.4742192218000003,
        3.6010327358,
        3.5130802258,
        3.6070915758,
        3.4306532798,
        3.5050946298000003
      ],
      "exit_codes": [
        0,
        0,
        0,
        0,
        0,
        0,
        0,
        0,
        0,
        0
      ]
    },
    {
      "command": "berry",
      "mean": 1.6899211265999998,
      "stddev": 0.07036009387815262,
      "median": 1.6767796248,
      "user": 1.5244479199999996,
      "system": 0.25840124,
      "min": 1.6099067908,
      "max": 1.8641971367999999,
      "times": [
        1.7634840738,
        1.6099067908,
        1.6793291848,
        1.6219069408,
        1.6742300648,
        1.6555196118,
        1.8641971367999999,
        1.6857851088,
        1.6562636628,
        1.6885886907999998
      ],
      "exit_codes": [
        0,
        0,
        0,
        0,
        0,
        0,
        0,
        0,
        0,
        0
      ]
    },
    {
      "command": "pnpm",
      "mean": 1.1002496043999999,
      "stddev": 0.012807429592994744,
      "median": 1.1019289893,
      "user": 1.4095871199999999,
      "system": 0.25846053999999996,
      "min": 1.0825838968,
      "max": 1.1295977778,
      "times": [
        1.1031808498,
        1.0905610228,
        1.0948788448,
        1.0825838968,
        1.1006771288,
        1.1051733888,
        1.1295977778,
        1.0843995678,
        1.1055420958,
        1.1059014708
      ],
      "exit_codes": [
        0,
        0,
        0,
        0,
        0,
        0,
        0,
        0,
        0,
        0
      ]
    },
    {
      "command": "vlt",
      "mean": 0.3016256762,
      "stddev": 0.005249601705105823,
      "median": 0.3004944758,
      "user": 0.3192448199999999,
      "system": 0.06706833999999999,
      "min": 0.2959042858,
      "max": 0.3128863568,
      "times": [
        0.29612090480000003,
        0.3077769858,
        0.2959042858,
        0.3026930608,
        0.2982958908,
        0.3027877808,
        0.2975231768,
        0.3040508258,
        0.3128863568,
        0.2982174938
      ],
      "exit_codes": [
        0,
        0,
        0,
        0,
        0,
        0,
        0,
        0,
        0,
        0
      ]
    },
    {
      "command": "bun",
      "mean": 0.019233953499999998,
      "stddev": 0.0005809009700012648,
      "median": 0.0189915878,
      "user": 0.007375120000000001,
      "system": 0.01749974,
      "min": 0.0186200848,
      "max": 0.0207222858,
      "times": [
        0.0196369718,
        0.0186200848,
        0.0189166238,
        0.0188451408,
        0.0193986288,
        0.0190657978,
        0.0194091508,
        0.0188074728,
        0.0189173778,
        0.0207222858
      ],
      "exit_codes": [
        0,
        0,
        0,
        0,
        0,
        0,
        0,
        0,
        0,
        0
      ]
    },
    {
      "command": "deno",
      "mean": 0.3636453863,
      "stddev": 0.004003768547872021,
      "median": 0.3627443638,
      "user": 0.47795621999999993,
      "system": 0.16254764,
      "min": 0.3587544158,
      "max": 0.3721897758,
      "times": [
        0.36277266680000003,
        0.3721897758,
        0.3692167998,
        0.3635638778,
        0.3653589758,
        0.3603565898,
        0.3587544158,
        0.3627160608,
        0.3611651528,
        0.3603595478
      ],
      "exit_codes": [
        0,
        0,
        0,
        0,
        0,
        0,
        0,
        0,
        0,
        0
      ]
    }
  ]
}