{
  "results": [
    {
      "command": "npm",
      "mean": 6.1686365225,
      "stddev": 1.408282592195918,
      "median": 5.8319321552000005,
      "user": 1.5720467399999998,
      "system": 0.34870136,
      "min": 4.8866332637,
      "max": 9.9077043477,
      "times": [
        5.9423378197000005,
        5.7081455207000005,
        5.327203934700001,
        6.0776756147,
        5.944255910700001,
        5.384893000700001,
        9.9077043477,
        4.8866332637,
        6.785989321700001,
        5.7215264907000005
      ],
      "exit_codes": [
        1,
        1,
        1,
        1,
        1,
        1,
        1,
        1,
        1,
        1
      ]
    },
    {
      "command": "yarn",
      "mean": 43.42501646059999,
      "stddev": 1.838906193749725,
      "median": 43.5341479077,
      "user": 24.211930739999996,
      "system": 19.096348860000003,
      "min": 40.6030230027,
      "max": 46.5986579787,
      "times": [
        40.7169139897,
        40.6030230027,
        42.0016073117,
        43.2459781397,
        43.0306955907,
        43.8223176757,
        43.9926489087,
        45.0405806487,
        46.5986579787,
        45.1977413597
      ],
      "exit_codes": [
        0,
        0,
        0,
        0,
        0,
        0,
        0,
        0,
        0,
        0
      ]
    },
    {
      "command": "berry",
      "mean": 12.8516118153,
      "stddev": 0.3342516166743016,
      "median": 12.766470713699999,
      "user": 20.23283614,
      "system": 6.91938696,
      "min": 12.548189470699999,
      "max": 13.6420100377,
      "times": [
        12.6352551797,
        12.5646869047,
        12.548189470699999,
        12.7349852337,
        12.5494938567,
        13.0176301907,
        13.2178081987,
        13.6420100377,
        12.7979561937,
        12.808102886699999
      ],
      "exit_codes": [
        0,
        0,
        0,
        0,
        0,
        0,
        0,
        0,
        0,
        0
      ]
    },
    {
      "command": "pnpm",
      "mean": 12.8511439118,
      "stddev": 0.30938875209202155,
      "median": 12.7685739552,
      "user": 12.902421339999998,
      "system": 6.165734259999999,
      "min": 12.5561240497,
      "max": 13.6218997977,
      "times": [
        12.6335055847,
        12.955553884699999,
        12.5731133287,
        13.0943351337,
        12.5561240497,
        12.6162201947,
        12.7080101287,
        12.9235392337,
        13.6218997977,
        12.8291377817
      ],
      "exit_codes": [
        0,
        0,
        0,
        0,
        0,
        0,
        0,
        0,
        0,
        0
      ]
    },
    {
      "command": "vlt",
      "mean": 13.720135700099998,
      "stddev": 0.3596096367158341,
      "median": 13.598091988699998,
      "user": 16.48369184,
      "system": 7.4240951599999985,
      "min": 13.3331136547,
      "max": 14.5293293687,
      "times": [
        14.2894992127,
        13.3331136547,
        13.6536202717,
        13.5818285117,
        13.6143554657,
        13.5764459727,
        14.5293293687,
        13.633158224699999,
        13.502481871699999,
        13.4875244467
      ],
      "exit_codes": [
        0,
        0,
        0,
        0,
        0,
        0,
        0,
        0,
        0,
        0
      ]
    },
    {
      "command": "bun",
      "mean": 3.6493878074999997,
      "stddev": 0.11727613237469443,
      "median": 3.6007638967,
      "user": 1.74737594,
      "system": 3.19105426,
      "min": 3.4737849287,
      "max": 3.8588936287,
      "times": [
        3.5773289196999998,
        3.7700610057,
        3.6200429547,
        3.8588936287,
        3.5577537207,
        3.6817031077,
        3.7991038257,
        3.5814848387000002,
        3.5737211447,
        3.4737849287
      ],
      "exit_codes": [
        0,
        0,
        0,
        0,
        0,
        0,
        0,
        0,
        0,
        0
      ]
    },
    {
      "command": "deno",
      "mean": 32.4019549285,
      "stddev": 2.2812987093915336,
      "median": 32.0197645692,
      "user": 4.769877740000001,
      "system": 4.06834946,
      "min": 29.6389332567,
      "max": 37.0547227567,
      "times": [
        34.4985332337,
        31.7210826167,
        34.0706262507,
        29.7444325377,
        30.2169837477,
        33.657025391699996,
        32.3184465217,
        37.0547227567,
        29.6389332567,
        31.0987629717
      ],
      "exit_codes": [
        0,
        0,
        0,
        0,
        0,
        0,
        0,
        0,
        0,
        0
      ]
    }
  ]
}