{
  "results": [
    {
      "command": "npm",
      "mean": 9.95904768162,
      "stddev": 0.059940996298711476,
      "median": 9.940618491719999,
      "user": 10.370226939999998,
      "system": 4.6711303200000005,
      "min": 9.889780583219999,
      "max": 10.10786582522,
      "times": [
        9.889780583219999,
        9.937719526219999,
        9.943517457219999,
        9.96407321722,
        10.02545131222,
        9.93369567522,
        9.914903065219999,
        9.925191522219999,
        9.94827863222,
        10.10786582522
      ],
      "exit_codes": [
        0,
        0,
        0,
        0,
        0,
        0,
        0,
        0,
        0,
        0
      ]
    },
    {
      "command": "yarn",
      "mean": 7.2652913127200005,
      "stddev": 0.4407888866016946,
      "median": 7.20274585622,
      "user": 5.53389734,
      "system": 4.67386842,
      "min": 6.89310301622,
      "max": 8.439846747219999,
      "times": [
        7.199693727220001,
        8.439846747219999,
        6.89310301622,
        7.5997443142200005,
        6.976748408220001,
        7.25126223222,
        6.91947902422,
        7.21795568922,
        7.20579798522,
        6.949281983220001
      ],
      "exit_codes": [
        0,
        0,
        0,
        0,
        0,
        0,
        0,
        0,
        0,
        0
      ]
    },
    {
      "command": "berry",
      "mean": 5.141491528820001,
      "stddev": 0.04403909808308475,
      "median": 5.13513647472,
      "user": 6.23954074,
      "system": 2.4994467199999995,
      "min": 5.0767002452200005,
      "max": 5.211206441220001,
      "times": [
        5.12426747922,
        5.13486619622,
        5.07685950622,
        5.211206441220001,
        5.14032096022,
        5.19975423022,
        5.1273054602200006,
        5.0767002452200005,
        5.18822801622,
        5.135406753220001
      ],
      "exit_codes": [
        0,
        0,
        0,
        0,
        0,
        0,
        0,
        0,
        0,
        0
      ]
    },
    {
      "command": "pnpm",
      "mean": 3.3751589554200003,
      "stddev": 0.049902866174264746,
      "median": 3.3698982197199996,
      "user": 4.55757064,
      "system": 1.4130770199999998,
      "min": 3.27135381522,
      "max": 3.47844865822,
      "times": [
        3.35629002022,
        3.47844865822,
        3.3873385102199998,
        3.3653820832199997,
        3.36205889222,
        3.27135381522,
        3.37441435622,
        3.3515967562199998,
        3.4204131952199996,
        3.38429326722
      ],
      "exit_codes": [
        0,
        0,
        0,
        0,
        0,
        0,
        0,
        0,
        0,
        0
      ]
    },
    {
      "command": "vlt",
      "mean": 3.1179143403199996,
      "stddev": 0.030673751375230186,
      "median": 3.12764716972,
      "user": 2.57757684,
      "system": 2.76544782,
      "min": 3.06493808922,
      "max": 3.16135748922,
      "times": [
        3.06493808922,
        3.12524628022,
        3.0778241242199997,
        3.16135748922,
        3.0856392432199997,
        3.11069196022,
        3.13004805922,
        3.13133377622,
        3.1409509992199998,
        3.1511133822199997
      ],
      "exit_codes": [
        0,
        0,
        0,
        0,
        0,
        0,
        0,
        0,
        0,
        0
      ]
    },
    {
      "command": "bun",
      "mean": 0.31422209422,
      "stddev": 0.012899563291285535,
      "median": 0.31072351322,
      "user": 0.018900939999999998,
      "system": 0.2973548199999999,
      "min": 0.30453708222,
      "max": 0.35113708922,
      "times": [
        0.30453708222,
        0.30597848222,
        0.30652522722,
        0.30765687922,
        0.30856950722,
        0.31486377022,
        0.31287751922,
        0.31595101022,
        0.31412437522,
        0.35113708922
      ],
      "exit_codes": [
        0,
        0,
        0,
        0,
        0,
        0,
        0,
        0,
        0,
        0
      ]
    },
    {
      "command": "deno",
      "mean": 1.06098923882,
      "stddev": 0.033505216891572584,
      "median": 1.05601399572,
      "user": 1.3031271400000002,
      "system": 0.80373812,
      "min": 1.0231986502200001,
      "max": 1.14063611822,
      "times": [
        1.02495153522,
        1.0231986502200001,
        1.0391259752200002,
        1.05093702222,
        1.0610909692200001,
        1.08692213522,
        1.14063611822,
        1.03647478222,
        1.0739791952200002,
        1.0725760052200002
      ],
      "exit_codes": [
        0,
        0,
        0,
        0,
        0,
        0,
        0,
        0,
        0,
        0
      ]
    }
  ]
}