{
  "results": [
    {
      "command": "npm",
      "mean": 2.9045850116,
      "stddev": 0.20312189267303804,
      "median": 2.8005521704000005,
      "user": 1.43122214,
      "system": 0.24463223999999997,
      "min": 2.7350193909000002,
      "max": 3.2897731449000003,
      "times": [
        2.7387125099000005,
        2.7653155539000003,
        3.1740492659000004,
        2.7390653359000003,
        3.1412944339,
        2.7387254369000003,
        2.7350193909000002,
        3.2897731449000003,
        2.8357887869000002,
        2.8881062569
      ],
      "exit_codes": [
        0,
        0,
        0,
        0,
        0,
        0,
        0,
        0,
        0,
        0
      ]
    },
    {
      "command": "yarn",
      "mean": 15.907132482399998,
      "stddev": 0.2758398813009274,
      "median": 15.811860153400001,
      "user": 21.02045294,
      "system": 9.285203739999998,
      "min": 15.5494564789,
      "max": 16.3646708419,
      "times": [
        16.2400007679,
        16.1490198109,
        15.7240713479,
        15.8477444939,
        15.7759758129,
        15.5790887299,
        15.706086260900001,
        16.3646708419,
        16.135210278899997,
        15.5494564789
      ],
      "exit_codes": [
        0,
        0,
        0,
        0,
        0,
        0,
        0,
        0,
        0,
        0
      ]
    },
    {
      "command": "berry",
      "mean": 5.2413394104,
      "stddev": 0.6778531390754077,
      "median": 5.0078183444,
      "user": 9.89421904,
      "system": 2.16426924,
      "min": 4.9166048769,
      "max": 7.2584605059,
      "times": [
        5.0646056539,
        5.2415089189,
        4.9820632129,
        7.2584605059,
        5.0226584159,
        4.9873301839,
        4.9939880769,
        5.0216486119,
        4.9166048769,
        4.9245256469
      ],
      "exit_codes": [
        0,
        0,
        0,
        0,
        0,
        0,
        0,
        0,
        0,
        0
      ]
    },
    {
      "command": "zpm",
      "mean": 1.8149026783,
      "stddev": 0.027808327517685992,
      "median": 1.8125946443999998,
      "user": 2.2849976400000003,
      "system": 0.78711284,
      "min": 1.7632769029000002,
      "max": 1.8561572729,
      "times": [
        1.7886013269,
        1.8037549539,
        1.7967691919,
        1.8458266149,
        1.8214343349,
        1.8015904859,
        1.8561572729,
        1.8450488759,
        1.7632769029000002,
        1.8265668229
      ],
      "exit_codes": [
        0,
        0,
        0,
        0,
        0,
        0,
        0,
        0,
        0,
        0
      ]
    },
    {
      "command": "pnpm",
      "mean": 2.4027110333,
      "stddev": 0.054632667649426044,
      "median": 2.3954992624000004,
      "user": 4.46855294,
      "system": 1.4031421399999997,
      "min": 2.3249173649,
      "max": 2.4803930469,
      "times": [
        2.4359389199000003,
        2.4803930469,
        2.3938834979,
        2.4741716219,
        2.3712982419000004,
        2.4612714779,
        2.3971150269000003,
        2.3249173649,
        2.3355417239,
        2.3525794109000002
      ],
      "exit_codes": [
        0,
        0,
        0,
        0,
        0,
        0,
        0,
        0,
        0,
        0
      ]
    },
    {
      "command": "vlt",
      "mean": 0.3620544137,
      "stddev": 0.0015940905850922,
      "median": 0.3616340039,
      "user": 0.39622264000000007,
      "system": 0.07582984000000001,
      "min": 0.3596744759,
      "max": 0.36476098390000006,
      "times": [
        0.3613229109,
        0.36144682190000005,
        0.3603172229,
        0.3637547379,
        0.3596744759,
        0.36476098390000006,
        0.36420616990000004,
        0.3618211859,
        0.3610972149,
        0.36214241290000004
      ],
      "exit_codes": [
        0,
        0,
        0,
        0,
        0,
        0,
        0,
        0,
        0,
        0
      ]
    },
    {
      "command": "bun",
      "mean": 1.0567512976,
      "stddev": 0.026107640619254302,
      "median": 1.0556406588999998,
      "user": 2.12166864,
      "system": 1.4456645399999999,
      "min": 1.0239872059,
      "max": 1.1058284378999998,
      "times": [
        1.0563586879,
        1.0689277429,
        1.0289220048999999,
        1.0400746469,
        1.0239872059,
        1.1058284378999998,
        1.0853870549,
        1.0766084918999999,
        1.0549226298999999,
        1.0264960729
      ],
      "exit_codes": [
        0,
        0,
        0,
        0,
        0,
        0,
        0,
        0,
        0,
        0
      ]
    },
    {
      "command": "deno",
      "mean": 1.3426696491999999,
      "stddev": 0.050899691823725106,
      "median": 1.3491692704,
      "user": 1.77234144,
      "system": 0.5530455400000001,
      "min": 1.2533335249,
      "max": 1.4035678029,
      "times": [
        1.3733765359,
        1.3067836829,
        1.2533335249,
        1.4017867209,
        1.4035678029,
        1.3548057019,
        1.2879048418999999,
        1.2997474628999999,
        1.4018573789,
        1.3435328389
      ],
      "exit_codes": [
        0,
        0,
        0,
        0,
        0,
        0,
        0,
        0,
        0,
        0
      ]
    }
  ]
}