{
  "results": [
    {
      "command": "npm",
      "mean": 0.5111349849400001,
      "stddev": 0.006079365471412792,
      "median": 0.51044617774,
      "user": 0.56574886,
      "system": 0.09998076,
      "min": 0.50208989374,
      "max": 0.5244493757400001,
      "times": [
        0.50208989374,
        0.5244493757400001,
        0.5149130377400001,
        0.50748510974,
        0.50804725874,
        0.50479774474,
        0.5127035627400001,
        0.51345519074,
        0.5081887927400001,
        0.5152198827400001
      ],
      "exit_codes": [
        0,
        0,
        0,
        0,
        0,
        0,
        0,
        0,
        0,
        0
      ]
    },
    {
      "command": "yarn",
      "mean": 0.3017416807400001,
      "stddev": 0.009984848323643054,
      "median": 0.29934011824000006,
      "user": 0.32743646,
      "system": 0.06239455999999999,
      "min": 0.29161109574000005,
      "max": 0.32671699974,
      "times": [
        0.29621893574,
        0.30117722974000005,
        0.29161109574000005,
        0.30263805274000005,
        0.29238119474,
        0.29750300674,
        0.32671699974,
        0.29481675274,
        0.31080539074,
        0.30354814874
      ],
      "exit_codes": [
        0,
        0,
        0,
        0,
        0,
        0,
        0,
        0,
        0,
        0
      ]
    },
    {
      "command": "berry",
      "mean": 0.77134764654,
      "stddev": 0.0196556667865018,
      "median": 0.76767393924,
      "user": 0.8332924599999998,
      "system": 0.14596366,
      "min": 0.74525340874,
      "max": 0.81832349674,
      "times": [
        0.75528925574,
        0.7645739707400001,
        0.7544482087400001,
        0.7707739077400001,
        0.76429978474,
        0.77501837074,
        0.81832349674,
        0.7883629107400001,
        0.74525340874,
        0.7771331507400001
      ],
      "exit_codes": [
        0,
        0,
        0,
        0,
        0,
        0,
        0,
        0,
        0,
        0
      ]
    },
    {
      "command": "pnpm",
      "mean": 0.7562021832400001,
      "stddev": 0.0067869893382954665,
      "median": 0.7556946577400001,
      "user": 0.7788430599999998,
      "system": 0.12387216000000001,
      "min": 0.74686932374,
      "max": 0.7670445897400001,
      "times": [
        0.7654447217400001,
        0.7480680767400001,
        0.74686932374,
        0.75788074374,
        0.7491949027400001,
        0.7563043367400001,
        0.76276960374,
        0.7533605547400001,
        0.7670445897400001,
        0.75508497874
      ],
      "exit_codes": [
        0,
        0,
        0,
        0,
        0,
        0,
        0,
        0,
        0,
        0
      ]
    },
    {
      "command": "vlt",
      "mean": 0.29937435734,
      "stddev": 0.0066653669170222436,
      "median": 0.30029046724,
      "user": 0.31594736,
      "system": 0.06836116,
      "min": 0.28972211574000006,
      "max": 0.31241786374,
      "times": [
        0.29216197174,
        0.29280467974,
        0.28972211574000006,
        0.30424862474000003,
        0.29459233574000004,
        0.30065601074000003,
        0.30443872674000005,
        0.31241786374,
        0.30277632074000005,
        0.29992492374
      ],
      "exit_codes": [
        0,
        0,
        0,
        0,
        0,
        0,
        0,
        0,
        0,
        0
      ]
    },
    {
      "command": "bun",
      "mean": 0.010366420240000002,
      "stddev": 0.00008590350781109014,
      "median": 0.01039836874,
      "user": 0.007367760000000001,
      "system": 0.00871996,
      "min": 0.010196085740000001,
      "max": 0.010475376740000002,
      "times": [
        0.010382784740000001,
        0.010475376740000002,
        0.010325287740000001,
        0.010426215740000001,
        0.010196085740000001,
        0.010361984740000002,
        0.010232213740000001,
        0.01041553874,
        0.010413952740000001,
        0.010434761740000001
      ],
      "exit_codes": [
        0,
        0,
        0,
        0,
        0,
        0,
        0,
        0,
        0,
        0
      ]
    },
    {
      "command": "deno",
      "mean": 0.04147805914,
      "stddev": 0.000393765245723947,
      "median": 0.04149578524,
      "user": 0.02456656,
      "system": 0.02099336,
      "min": 0.04083749274,
      "max": 0.042023354740000005,
      "times": [
        0.04100070774,
        0.04145527574,
        0.041641921740000004,
        0.04183355874,
        0.04132262374,
        0.04153629474,
        0.04110715174,
        0.042022209740000004,
        0.04083749274,
        0.042023354740000005
      ],
      "exit_codes": [
        0,
        0,
        0,
        0,
        0,
        0,
        0,
        0,
        0,
        0
      ]
    }
  ]
}