{
  "results": [
    {
      "command": "npm",
      "mean": 3.7676601483599996,
      "stddev": 0.013578359232256634,
      "median": 3.7691447574600003,
      "user": 3.8016796800000003,
      "system": 2.05622134,
      "min": 3.74971438846,
      "max": 3.78760066146,
      "times": [
        3.77595844346,
        3.76324235646,
        3.75703562446,
        3.77504715846,
        3.75409716546,
        3.78760066146,
        3.7855452864599997,
        3.74971438846,
        3.7511386454599998,
        3.77722175346
      ],
      "exit_codes": [
        0,
        0,
        0,
        0,
        0,
        0,
        0,
        0,
        0,
        0
      ]
    },
    {
      "command": "yarn",
      "mean": 2.3152374984599997,
      "stddev": 0.3435829950093683,
      "median": 2.2477105584599997,
      "user": 2.34356678,
      "system": 1.8246734400000002,
      "min": 2.08119942446,
      "max": 3.31825461746,
      "times": [
        2.3061122634599998,
        2.2900085574599998,
        2.2851290084599998,
        2.2509544894599998,
        3.31825461746,
        2.10335414046,
        2.14287027546,
        2.08119942446,
        2.13002558046,
        2.24446662746
      ],
      "exit_codes": [
        0,
        0,
        0,
        0,
        0,
        0,
        0,
        0,
        0,
        0
      ]
    },
    {
      "command": "berry",
      "mean": 2.25479324476,
      "stddev": 0.028820387085119043,
      "median": 2.24561893946,
      "user": 2.65026988,
      "system": 0.9746524400000001,
      "min": 2.21749138846,
      "max": 2.3245584884599997,
      "times": [
        2.24177934646,
        2.24668420346,
        2.2445536754599997,
        2.23877057146,
        2.2309248784599998,
        2.21749138846,
        2.27184514446,
        2.27896828146,
        2.3245584884599997,
        2.25235646946
      ],
      "exit_codes": [
        0,
        0,
        0,
        0,
        0,
        0,
        0,
        0,
        0,
        0
      ]
    },
    {
      "command": "pnpm",
      "mean": 1.0451325749599998,
      "stddev": 0.06029821037620175,
      "median": 1.02398850846,
      "user": 1.6699790799999998,
      "system": 0.38102734000000005,
      "min": 0.99909586446,
      "max": 1.2042156584600001,
      "times": [
        1.03513180446,
        1.05169521946,
        0.99909586446,
        1.00562962746,
        1.00792952346,
        1.0265475454600002,
        1.0992876954600002,
        1.2042156584600001,
        1.02142947146,
        1.00036333946
      ],
      "exit_codes": [
        0,
        0,
        0,
        0,
        0,
        0,
        0,
        0,
        0,
        0
      ]
    },
    {
      "command": "vlt",
      "mean": 1.5570934283600002,
      "stddev": 0.014912103792103457,
      "median": 1.5525992089600003,
      "user": 1.6757040799999998,
      "system": 1.05094294,
      "min": 1.53556165346,
      "max": 1.5818455424600002,
      "times": [
        1.5510826284600001,
        1.5650473564600003,
        1.58036787746,
        1.54457839946,
        1.54168377746,
        1.5818455424600002,
        1.5524970134600002,
        1.56556863046,
        1.53556165346,
        1.55270140446
      ],
      "exit_codes": [
        0,
        0,
        0,
        0,
        0,
        0,
        0,
        0,
        0,
        0
      ]
    },
    {
      "command": "bun",
      "mean": 0.10787172976,
      "stddev": 0.0034166754594319613,
      "median": 0.10651414196,
      "user": 0.01187008,
      "system": 0.10193193999999998,
      "min": 0.10421707346,
      "max": 0.11320871846,
      "times": [
        0.10421707346,
        0.11320871846,
        0.10448102846,
        0.10511730546,
        0.10555168646,
        0.10450849146,
        0.10747659746,
        0.11033269346,
        0.11155030546,
        0.11227339746000001
      ],
      "exit_codes": [
        0,
        0,
        0,
        0,
        0,
        0,
        0,
        0,
        0,
        0
      ]
    },
    {
      "command": "deno",
      "mean": 0.32777215216000005,
      "stddev": 0.007385801839933491,
      "median": 0.32988827596000003,
      "user": 0.2938790799999999,
      "system": 0.31295993999999994,
      "min": 0.31420965546,
      "max": 0.34121380646000005,
      "times": [
        0.33381974146000004,
        0.32040862846,
        0.32346594146,
        0.34121380646000005,
        0.32943637846,
        0.32188272046000005,
        0.31420965546,
        0.33034017346000005,
        0.33123562146,
        0.33170885446000004
      ],
      "exit_codes": [
        0,
        0,
        0,
        0,
        0,
        0,
        0,
        0,
        0,
        0
      ]
    }
  ]
}