{
  "results": [
    {
      "command": "npm",
      "mean": 8.04774852268,
      "stddev": 0.03860190037500243,
      "median": 8.046104651179999,
      "user": 7.441274519999999,
      "system": 5.2095781599999995,
      "min": 7.98497408118,
      "max": 8.119729266179998,
      "times": [
        8.031554502179999,
        8.04626566618,
        8.001919017179999,
        7.98497408118,
        8.02391565318,
        8.052916243179999,
        8.045943636179999,
        8.081880374179999,
        8.119729266179998,
        8.08838678718
      ],
      "exit_codes": [
        0,
        0,
        0,
        0,
        0,
        0,
        0,
        0,
        0,
        0
      ]
    },
    {
      "command": "yarn",
      "mean": 4.00773877278,
      "stddev": 0.055667307972754196,
      "median": 3.99545028918,
      "user": 3.5600138200000004,
      "system": 4.47153296,
      "min": 3.94099210218,
      "max": 4.14322461618,
      "times": [
        3.96767262918,
        4.00780201418,
        4.02983015718,
        4.01891661718,
        3.97952958218,
        3.94099210218,
        3.98309856418,
        3.95565350618,
        4.14322461618,
        4.05066793918
      ],
      "exit_codes": [
        0,
        0,
        0,
        0,
        0,
        0,
        0,
        0,
        0,
        0
      ]
    },
    {
      "command": "berry",
      "mean": 4.2411239399800005,
      "stddev": 0.03132446217853619,
      "median": 4.24455984368,
      "user": 4.45433042,
      "system": 2.4563951599999996,
      "min": 4.1877847501800005,
      "max": 4.28537591418,
      "times": [
        4.25724973418,
        4.28537591418,
        4.27213304918,
        4.26424815818,
        4.23186995318,
        4.21602774518,
        4.2710303961800005,
        4.21686367318,
        4.1877847501800005,
        4.20865602618
      ],
      "exit_codes": [
        0,
        0,
        0,
        0,
        0,
        0,
        0,
        0,
        0,
        0
      ]
    },
    {
      "command": "pnpm",
      "mean": 1.37155682088,
      "stddev": 0.06159566541424473,
      "median": 1.34109195368,
      "user": 2.0080243199999996,
      "system": 0.81153686,
      "min": 1.31752681718,
      "max": 1.48364981918,
      "times": [
        1.31847498918,
        1.48364981918,
        1.34051035818,
        1.3317057891800002,
        1.35601877718,
        1.47580941418,
        1.42539033618,
        1.34167354918,
        1.3248083591800002,
        1.31752681718
      ],
      "exit_codes": [
        0,
        0,
        0,
        0,
        0,
        0,
        0,
        0,
        0,
        0
      ]
    },
    {
      "command": "vlt",
      "mean": 2.88420235118,
      "stddev": 0.036971874366231866,
      "median": 2.8861303881800002,
      "user": 2.6178767200000004,
      "system": 2.79192546,
      "min": 2.80969974018,
      "max": 2.92749161518,
      "times": [
        2.91563021818,
        2.87602416118,
        2.9191347601800004,
        2.91659066518,
        2.83213302418,
        2.87305855118,
        2.8798897121800002,
        2.80969974018,
        2.8923710641800002,
        2.92749161518
      ],
      "exit_codes": [
        0,
        0,
        0,
        0,
        0,
        0,
        0,
        0,
        0,
        0
      ]
    },
    {
      "command": "bun",
      "mean": 0.27918521198000007,
      "stddev": 0.0012001841474621859,
      "median": 0.27863966118000005,
      "user": 0.019745119999999998,
      "system": 0.26527496,
      "min": 0.27765624018000007,
      "max": 0.28159272818000003,
      "times": [
        0.28159272818000003,
        0.28120399618,
        0.27870753218000005,
        0.27852206718000005,
        0.27765624018000007,
        0.27839149918000006,
        0.27933564118000004,
        0.27857179018000006,
        0.27936734718000006,
        0.27850327818000004
      ],
      "exit_codes": [
        0,
        0,
        0,
        0,
        0,
        0,
        0,
        0,
        0,
        0
      ]
    },
    {
      "command": "deno",
      "mean": 0.5024749835800001,
      "stddev": 0.022110542666355038,
      "median": 0.49632674668000004,
      "user": 0.41397352000000004,
      "system": 0.62779926,
      "min": 0.48138470318000004,
      "max": 0.55480596318,
      "times": [
        0.48954073018000005,
        0.50050203918,
        0.49540672418000004,
        0.48138470318000004,
        0.50115861418,
        0.53268506718,
        0.49724676918000005,
        0.48642723818000005,
        0.55480596318,
        0.4855919871800001
      ],
      "exit_codes": [
        0,
        0,
        0,
        0,
        0,
        0,
        0,
        0,
        0,
        0
      ]
    }
  ]
}