{
  "results": [
    {
      "command": "npm",
      "mean": 0.9936647140200001,
      "stddev": 0.014094223056483472,
      "median": 0.99554832462,
      "user": 1.0087277000000001,
      "system": 0.3317231199999999,
      "min": 0.9722141901200001,
      "max": 1.01897205812,
      "times": [
        1.0022993041200001,
        0.99020860712,
        1.00088804212,
        0.97716571912,
        1.01897205812,
        0.9722141901200001,
        1.00362801312,
        0.9785625761200001,
        1.00451460512,
        0.9881940251200001
      ],
      "exit_codes": [
        0,
        0,
        0,
        0,
        0,
        0,
        0,
        0,
        0,
        0
      ]
    },
    {
      "command": "yarn",
      "mean": 2.09236023892,
      "stddev": 0.5220339563363422,
      "median": 1.90804492362,
      "user": 0.61496,
      "system": 0.24851571999999994,
      "min": 1.67771189112,
      "max": 3.51638382012,
      "times": [
        3.51638382012,
        1.92483421912,
        1.79504838412,
        2.14037859612,
        2.35286568212,
        1.67771189112,
        2.19773673512,
        1.69842924812,
        1.7289581851200002,
        1.8912556281200001
      ],
      "exit_codes": [
        0,
        0,
        0,
        0,
        0,
        0,
        0,
        0,
        0,
        0
      ]
    },
    {
      "command": "berry",
      "mean": 0.9855954304200003,
      "stddev": 0.14700689243959875,
      "median": 0.93458267612,
      "user": 0.8494854000000001,
      "system": 0.22432722,
      "min": 0.8481906401200001,
      "max": 1.32427599812,
      "times": [
        0.85330806012,
        0.9392015461200001,
        0.92115943712,
        0.9945337901200001,
        0.90420441112,
        0.8481906401200001,
        0.9315708451200001,
        0.93759450712,
        1.32427599812,
        1.20191506912
      ],
      "exit_codes": [
        0,
        0,
        0,
        0,
        0,
        0,
        0,
        0,
        0,
        0
      ]
    },
    {
      "command": "pnpm",
      "mean": 0.77810264002,
      "stddev": 0.09699413802908222,
      "median": 0.76431247062,
      "user": 0.7971098,
      "system": 0.18157442,
      "min": 0.6341388411200001,
      "max": 0.9102603011200001,
      "times": [
        0.76594635412,
        0.90195800512,
        0.6341388411200001,
        0.69376212812,
        0.9102603011200001,
        0.6928738471200001,
        0.9084714661200001,
        0.69316409012,
        0.8177727801200001,
        0.76267858712
      ],
      "exit_codes": [
        0,
        0,
        0,
        0,
        0,
        0,
        0,
        0,
        0,
        0
      ]
    },
    {
      "command": "vlt",
      "mean": 0.25496588722,
      "stddev": 0.005953528849281449,
      "median": 0.25465875362,
      "user": 0.2826301,
      "system": 0.12371572,
      "min": 0.24434150012000003,
      "max": 0.26670010412,
      "times": [
        0.25117951712000003,
        0.25606830612000003,
        0.25403565312000004,
        0.24434150012000003,
        0.24975230912000002,
        0.25629717412,
        0.26670010412,
        0.25353030912,
        0.25528185412000004,
        0.26247214512000006
      ],
      "exit_codes": [
        0,
        0,
        0,
        0,
        0,
        0,
        0,
        0,
        0,
        0
      ]
    },
    {
      "command": "bun",
      "mean": 0.016596349820000002,
      "stddev": 0.002457519284020943,
      "median": 0.01571899262,
      "user": 0.0031320000000000002,
      "system": 0.016124219999999998,
      "min": 0.015180794120000002,
      "max": 0.02377200812,
      "times": [
        0.015250171120000001,
        0.015180794120000002,
        0.01687647312,
        0.01567819812,
        0.01660739212,
        0.01575978712,
        0.016224718120000002,
        0.015348473120000003,
        0.02377200812,
        0.015265483120000001
      ],
      "exit_codes": [
        0,
        0,
        0,
        0,
        0,
        0,
        0,
        0,
        0,
        0
      ]
    },
    {
      "command": "deno",
      "mean": 0.11007278492000001,
      "stddev": 0.003636324621196184,
      "median": 0.10932654312000001,
      "user": 0.12113250000000002,
      "system": 0.05953192,
      "min": 0.10554699412,
      "max": 0.11735968712,
      "times": [
        0.11458864812000001,
        0.10554699412,
        0.11166531512000001,
        0.11173825012000001,
        0.11056395812,
        0.10605807012,
        0.11735968712,
        0.10763159812,
        0.10748620012,
        0.10808912812
      ],
      "exit_codes": [
        0,
        0,
        0,
        0,
        0,
        0,
        0,
        0,
        0,
        0
      ]
    }
  ]
}