{
  "results": [
    {
      "command": "npm",
      "mean": 0.9940102750600002,
      "stddev": 0.019858437828026435,
      "median": 0.9862144207600001,
      "user": 1.0740650399999998,
      "system": 0.19572136,
      "min": 0.9787303962600001,
      "max": 1.04310461126,
      "times": [
        0.9884724992600001,
        0.9839563422600001,
        0.9790671152600001,
        0.9787303962600001,
        0.9806203162600001,
        0.9932752652600001,
        0.9806522582600001,
        0.99399524126,
        1.04310461126,
        1.01822870526
      ],
      "exit_codes": [
        0,
        0,
        0,
        0,
        0,
        0,
        0,
        0,
        0,
        0
      ]
    },
    {
      "command": "yarn",
      "mean": 6.24039581846,
      "stddev": 0.3090214095803559,
      "median": 6.09215457176,
      "user": 3.888434339999999,
      "system": 1.50022846,
      "min": 5.91717621426,
      "max": 6.946674644260001,
      "times": [
        6.61517213026,
        6.1056423972600005,
        6.35890601126,
        6.00602153226,
        6.946674644260001,
        6.078666746260001,
        6.03271884126,
        5.91717621426,
        6.02104417226,
        6.32193549526
      ],
      "exit_codes": [
        0,
        0,
        0,
        0,
        0,
        0,
        0,
        0,
        0,
        0
      ]
    },
    {
      "command": "berry",
      "mean": 2.21742787096,
      "stddev": 0.037717497344021744,
      "median": 2.21029425976,
      "user": 2.4990251399999996,
      "system": 0.41951555999999995,
      "min": 2.16032282626,
      "max": 2.2856406152599997,
      "times": [
        2.1882562322599997,
        2.2856406152599997,
        2.16032282626,
        2.2557037002599998,
        2.21605920326,
        2.25339427226,
        2.23902874226,
        2.19071168826,
        2.20452931626,
        2.1806321132599997
      ],
      "exit_codes": [
        0,
        0,
        0,
        0,
        0,
        0,
        0,
        0,
        0,
        0
      ]
    },
    {
      "command": "pnpm",
      "mean": 1.19945534406,
      "stddev": 0.043383383895812325,
      "median": 1.19780377476,
      "user": 1.7291324399999997,
      "system": 0.33975495999999994,
      "min": 1.14080368726,
      "max": 1.3116849212600001,
      "times": [
        1.17508183426,
        1.16396684226,
        1.2115080172600001,
        1.20708963526,
        1.19245087126,
        1.20315667826,
        1.21193929026,
        1.17687166326,
        1.14080368726,
        1.3116849212600001
      ],
      "exit_codes": [
        0,
        0,
        0,
        0,
        0,
        0,
        0,
        0,
        0,
        0
      ]
    },
    {
      "command": "vlt",
      "mean": 0.3307630243600001,
      "stddev": 0.007673460881445371,
      "median": 0.33248534876,
      "user": 0.35843314,
      "system": 0.07585866,
      "min": 0.32028781726000005,
      "max": 0.34120244726000004,
      "times": [
        0.33352027926000005,
        0.33914351726,
        0.32107710326000005,
        0.32032221126000004,
        0.33355333526000003,
        0.32780059926000005,
        0.33927251526,
        0.32028781726000005,
        0.34120244726000004,
        0.33145041826000005
      ],
      "exit_codes": [
        0,
        0,
        0,
        0,
        0,
        0,
        0,
        0,
        0,
        0
      ]
    },
    {
      "command": "bun",
      "mean": 0.040005273359999996,
      "stddev": 0.0014307700713641898,
      "median": 0.039964995260000004,
      "user": 0.00812424,
      "system": 0.03741475999999999,
      "min": 0.03752546426,
      "max": 0.04245994526,
      "times": [
        0.03879818126,
        0.040290584260000005,
        0.03898184426,
        0.03752546426,
        0.039023091260000003,
        0.04041338026,
        0.04245994526,
        0.04113615226,
        0.04178468426,
        0.03963940626
      ],
      "exit_codes": [
        0,
        0,
        0,
        0,
        0,
        0,
        0,
        0,
        0,
        0
      ]
    },
    {
      "command": "deno",
      "mean": 0.75951164876,
      "stddev": 0.01835254000190395,
      "median": 0.75420915426,
      "user": 1.20099564,
      "system": 0.33985205999999996,
      "min": 0.7333157302600001,
      "max": 0.7834619942600001,
      "times": [
        0.7834619942600001,
        0.7803739192600001,
        0.77770750426,
        0.7550871972600001,
        0.73623823726,
        0.7432166772600001,
        0.7801165012600001,
        0.7533311112600001,
        0.7333157302600001,
        0.7522676152600001
      ],
      "exit_codes": [
        0,
        0,
        0,
        0,
        0,
        0,
        0,
        0,
        0,
        0
      ]
    }
  ]
}