{
  "results": [
    {
      "command": "npm",
      "mean": 0.5014201563199999,
      "stddev": 0.0033348614995834516,
      "median": 0.50243567042,
      "user": 0.5554332799999999,
      "system": 0.09335074000000002,
      "min": 0.49466991792000004,
      "max": 0.50686075292,
      "times": [
        0.50058938692,
        0.50353470092,
        0.50270857792,
        0.5021627629200001,
        0.49466991792000004,
        0.5032643679200001,
        0.50686075292,
        0.49887558492,
        0.50376333692,
        0.49777217392
      ],
      "exit_codes": [
        0,
        0,
        0,
        0,
        0,
        0,
        0,
        0,
        0,
        0
      ]
    },
    {
      "command": "yarn",
      "mean": 0.28982128601999996,
      "stddev": 0.002745878476033251,
      "median": 0.28999766042,
      "user": 0.30982648,
      "system": 0.06364554,
      "min": 0.28654577392,
      "max": 0.29559856292000003,
      "times": [
        0.29054180192,
        0.28706429592,
        0.28672411192,
        0.28805207692,
        0.29081621192,
        0.28980478992,
        0.29287470392,
        0.28654577392,
        0.29019053092,
        0.29559856292000003
      ],
      "exit_codes": [
        0,
        0,
        0,
        0,
        0,
        0,
        0,
        0,
        0,
        0
      ]
    },
    {
      "command": "berry",
      "mean": 2.24846149822,
      "stddev": 0.03032126104840679,
      "median": 2.2469028144200003,
      "user": 4.94657988,
      "system": 1.1527731399999999,
      "min": 2.19737542292,
      "max": 2.29637763892,
      "times": [
        2.26825284292,
        2.29637763892,
        2.23474921092,
        2.27124039692,
        2.25360301792,
        2.19737542292,
        2.24020261092,
        2.28118417892,
        2.23655249292,
        2.20507716892
      ],
      "exit_codes": [
        0,
        0,
        0,
        0,
        0,
        0,
        0,
        0,
        0,
        0
      ]
    },
    {
      "command": "pnpm",
      "mean": 0.65181292662,
      "stddev": 0.016501643148504434,
      "median": 0.6487092559200001,
      "user": 0.81500878,
      "system": 0.15576304000000002,
      "min": 0.62959464392,
      "max": 0.67892637192,
      "times": [
        0.65248150492,
        0.63735344192,
        0.63563441792,
        0.67892637192,
        0.6455794299200001,
        0.66946715992,
        0.64160306692,
        0.67565014692,
        0.62959464392,
        0.6518390819200001
      ],
      "exit_codes": [
        0,
        0,
        0,
        0,
        0,
        0,
        0,
        0,
        0,
        0
      ]
    },
    {
      "command": "vlt",
      "mean": 0.31132189632000007,
      "stddev": 0.003675240212305295,
      "median": 0.31117451941999996,
      "user": 0.32065288000000003,
      "system": 0.06529974,
      "min": 0.30703195992,
      "max": 0.32020379292,
      "times": [
        0.31154881192,
        0.30985146392,
        0.31407375092,
        0.30714875292,
        0.30838045592,
        0.31080022692,
        0.30703195992,
        0.31257822992,
        0.32020379292,
        0.31160151792
      ],
      "exit_codes": [
        0,
        0,
        0,
        0,
        0,
        0,
        0,
        0,
        0,
        0
      ]
    },
    {
      "command": "bun",
      "mean": 0.010251233920000002,
      "stddev": 0.0005503347968297115,
      "median": 0.009984476920000002,
      "user": 0.008373179999999997,
      "system": 0.007710840000000001,
      "min": 0.009849098920000002,
      "max": 0.011337550920000002,
      "times": [
        0.009849098920000002,
        0.009910904920000001,
        0.00996990292,
        0.010334870920000001,
        0.00987361492,
        0.011337550920000002,
        0.01129655692,
        0.009851469920000001,
        0.010089317920000002,
        0.009999050920000002
      ],
      "exit_codes": [
        0,
        0,
        0,
        0,
        0,
        0,
        0,
        0,
        0,
        0
      ]
    },
    {
      "command": "deno",
      "mean": 0.04094094591999999,
      "stddev": 0.0008226557695281799,
      "median": 0.04071367042,
      "user": 0.02492368,
      "system": 0.02069924,
      "min": 0.03991885092,
      "max": 0.042474133920000004,
      "times": [
        0.04059368992,
        0.04232031692,
        0.042474133920000004,
        0.04059639592,
        0.04104273892,
        0.04083094492,
        0.03991885092,
        0.04123011392,
        0.04032279392,
        0.04007947992
      ],
      "exit_codes": [
        0,
        0,
        0,
        0,
        0,
        0,
        0,
        0,
        0,
        0
      ]
    }
  ]
}