{
  "results": [
    {
      "command": "npm",
      "mean": 1.07855336072,
      "stddev": 0.011338246352365165,
      "median": 1.07336328222,
      "user": 1.08387636,
      "system": 0.58361186,
      "min": 1.06663214572,
      "max": 1.10579630372,
      "times": [
        1.07369632872,
        1.0873816947200001,
        1.0859803407200002,
        1.06663214572,
        1.07234808772,
        1.07148270072,
        1.08145580772,
        1.0730302357200001,
        1.06772996172,
        1.10579630372
      ],
      "exit_codes": [
        0,
        0,
        0,
        0,
        0,
        0,
        0,
        0,
        0,
        0
      ]
    },
    {
      "command": "yarn",
      "mean": 0.74721810952,
      "stddev": 0.06768441217152207,
      "median": 0.72332428222,
      "user": 0.6848994599999998,
      "system": 0.5354839599999999,
      "min": 0.71382968972,
      "max": 0.94874583072,
      "times": [
        0.71814399272,
        0.72036704672,
        0.71382968972,
        0.71907933472,
        0.74279701872,
        0.72008717672,
        0.72628151772,
        0.73546688372,
        0.94874583072,
        0.72738260372
      ],
      "exit_codes": [
        0,
        0,
        0,
        0,
        0,
        0,
        0,
        0,
        0,
        0
      ]
    },
    {
      "command": "berry",
      "mean": 1.0638989228200002,
      "stddev": 0.0262391396974168,
      "median": 1.0530233832200002,
      "user": 1.2089733599999999,
      "system": 0.40238845999999995,
      "min": 1.03811917772,
      "max": 1.1347327927200002,
      "times": [
        1.03811917772,
        1.04865738672,
        1.0616851657200002,
        1.1347327927200002,
        1.06874924572,
        1.0813217827200001,
        1.05034818672,
        1.05127160672,
        1.0547751597200001,
        1.04932872372
      ],
      "exit_codes": [
        0,
        0,
        0,
        0,
        0,
        0,
        0,
        0,
        0,
        0
      ]
    },
    {
      "command": "pnpm",
      "mean": 0.7087690760199999,
      "stddev": 0.022737768285981015,
      "median": 0.6980605817200001,
      "user": 0.9397742599999999,
      "system": 0.21567025999999995,
      "min": 0.69078161972,
      "max": 0.76568587472,
      "times": [
        0.69086932272,
        0.73603283772,
        0.69763674372,
        0.69778351072,
        0.69833765272,
        0.76568587472,
        0.70440656072,
        0.71036013172,
        0.69579650572,
        0.69078161972
      ],
      "exit_codes": [
        0,
        0,
        0,
        0,
        0,
        0,
        0,
        0,
        0,
        0
      ]
    },
    {
      "command": "vlt",
      "mean": 0.5778177548199999,
      "stddev": 0.006288210165326597,
      "median": 0.57678761872,
      "user": 0.58904186,
      "system": 0.36010055999999996,
      "min": 0.56771582372,
      "max": 0.58733400672,
      "times": [
        0.57360599572,
        0.57316264972,
        0.57434303772,
        0.58699144872,
        0.58733400672,
        0.58042822372,
        0.58308192172,
        0.57228224072,
        0.56771582372,
        0.57923219972
      ],
      "exit_codes": [
        0,
        0,
        0,
        0,
        0,
        0,
        0,
        0,
        0,
        0
      ]
    },
    {
      "command": "bun",
      "mean": 0.032035793820000005,
      "stddev": 0.00030605262574121065,
      "median": 0.031998856219999997,
      "user": 0.006124059999999999,
      "system": 0.031538359999999994,
      "min": 0.03167291272,
      "max": 0.03260478372,
      "times": [
        0.03260478372,
        0.03197030372,
        0.03202740872,
        0.03167291272,
        0.03217972272,
        0.03186651972,
        0.03178275172,
        0.032517247719999996,
        0.03206241172,
        0.03167387572
      ],
      "exit_codes": [
        0,
        0,
        0,
        0,
        0,
        0,
        0,
        0,
        0,
        0
      ]
    },
    {
      "command": "deno",
      "mean": 0.19336822902,
      "stddev": 0.007804617348801171,
      "median": 0.19331672672000003,
      "user": 0.17358766,
      "system": 0.14101256,
      "min": 0.18209873372000002,
      "max": 0.20403377972000003,
      "times": [
        0.18209873372000002,
        0.18447225372000003,
        0.19221008072000004,
        0.19793746672,
        0.19421022572000002,
        0.20204621672000003,
        0.20403377972000003,
        0.20179488572,
        0.18245541972,
        0.19242322772000003
      ],
      "exit_codes": [
        0,
        0,
        0,
        0,
        0,
        0,
        0,
        0,
        0,
        0
      ]
    }
  ]
}