{
  "results": [
    {
      "command": "npm",
      "mean": 6.0863986762,
      "stddev": 0.27853009187212446,
      "median": 6.0637499455,
      "user": 3.4335013399999994,
      "system": 1.0752906399999997,
      "min": 5.716389383,
      "max": 6.650879257,
      "times": [
        6.397045446,
        6.243960324,
        6.158756155,
        6.650879257,
        5.7304983929999995,
        6.007594698999999,
        6.119905192,
        5.963976562,
        5.716389383,
        5.874981351
      ],
      "exit_codes": [
        0,
        0,
        0,
        0,
        0,
        0,
        0,
        0,
        0,
        0
      ]
    },
    {
      "command": "yarn",
      "mean": 5.5232203881,
      "stddev": 0.18705792560206252,
      "median": 5.4505605915,
      "user": 6.31437604,
      "system": 2.37390304,
      "min": 5.332134406,
      "max": 5.960321742,
      "times": [
        5.960321742,
        5.399664786,
        5.70001002,
        5.457789504,
        5.3678600439999995,
        5.510094421,
        5.332134406,
        5.387781807,
        5.673215472,
        5.443331679
      ],
      "exit_codes": [
        0,
        0,
        0,
        0,
        0,
        0,
        0,
        0,
        0,
        0
      ]
    },
    {
      "command": "berry",
      "mean": 2.7523191252,
      "stddev": 0.1208091258859357,
      "median": 2.7057291670000003,
      "user": 4.03401604,
      "system": 1.17272574,
      "min": 2.66070952,
      "max": 3.0872680960000003,
      "times": [
        2.7344416180000004,
        2.66070952,
        2.833446329,
        2.6914539680000003,
        2.711468399,
        2.682471726,
        3.0872680960000003,
        2.699989935,
        2.6789210860000003,
        2.743020575
      ],
      "exit_codes": [
        0,
        0,
        0,
        0,
        0,
        0,
        0,
        0,
        0,
        0
      ]
    },
    {
      "command": "pnpm",
      "mean": 1.4929165171,
      "stddev": 0.04603699992973493,
      "median": 1.4877601855000002,
      "user": 2.27971184,
      "system": 0.6490658399999999,
      "min": 1.4314470760000002,
      "max": 1.5814785330000003,
      "times": [
        1.5493742260000003,
        1.5814785330000003,
        1.4314470760000002,
        1.5114245050000001,
        1.4940191560000002,
        1.471906245,
        1.4353910920000001,
        1.5185057410000002,
        1.4541173820000002,
        1.4815012150000002
      ],
      "exit_codes": [
        0,
        0,
        0,
        0,
        0,
        0,
        0,
        0,
        0,
        0
      ]
    },
    {
      "command": "vlt",
      "mean": 2.967795061900001,
      "stddev": 0.18236185081096218,
      "median": 2.929529526,
      "user": 1.9646878399999999,
      "system": 0.73038154,
      "min": 2.695817812,
      "max": 3.3381933,
      "times": [
        3.3381933,
        3.246853476,
        2.9953183630000004,
        2.7962389250000004,
        2.695817812,
        2.8884199570000004,
        2.92911627,
        2.929942782,
        2.905638749,
        2.952410985
      ],
      "exit_codes": [
        0,
        0,
        0,
        0,
        0,
        0,
        0,
        0,
        0,
        0
      ]
    },
    {
      "command": "bun",
      "mean": 0.4917733958,
      "stddev": 0.0573399207779437,
      "median": 0.494442515,
      "user": 0.4390981399999999,
      "system": 0.3612484399999999,
      "min": 0.422606825,
      "max": 0.603647864,
      "times": [
        0.518644231,
        0.422606825,
        0.508469099,
        0.515501132,
        0.559110049,
        0.443041564,
        0.440332849,
        0.425964414,
        0.480415931,
        0.603647864
      ],
      "exit_codes": [
        0,
        0,
        0,
        0,
        0,
        0,
        0,
        0,
        0,
        0
      ]
    },
    {
      "command": "deno",
      "mean": 2.6542361209000003,
      "stddev": 0.26713370817548815,
      "median": 2.5881197050000004,
      "user": 1.17826794,
      "system": 0.49912164,
      "min": 2.281880672,
      "max": 3.3331186760000002,
      "times": [
        2.531029882,
        2.5167932840000002,
        2.5005755410000003,
        2.69564801,
        2.5369781880000004,
        3.3331186760000002,
        2.8559632140000004,
        2.639261222,
        2.281880672,
        2.6511125200000003
      ],
      "exit_codes": [
        0,
        0,
        0,
        0,
        0,
        0,
        0,
        0,
        0,
        0
      ]
    }
  ]
}