{
  "results": [
    {
      "command": "npm",
      "mean": 2.54788697318,
      "stddev": 0.03478927193509983,
      "median": 2.53486881988,
      "user": 2.8433565599999997,
      "system": 1.3640723,
      "min": 2.51176445938,
      "max": 2.63122513238,
      "times": [
        2.54717337038,
        2.53201120138,
        2.63122513238,
        2.58202080438,
        2.52227603138,
        2.51176445938,
        2.53772643838,
        2.5162424103800003,
        2.53089664938,
        2.56753323438
      ],
      "exit_codes": [
        0,
        0,
        0,
        0,
        0,
        0,
        0,
        0,
        0,
        0
      ]
    },
    {
      "command": "yarn",
      "mean": 1.90296932268,
      "stddev": 0.33423969658061375,
      "median": 1.83206225188,
      "user": 1.8647905599999994,
      "system": 1.4413683999999998,
      "min": 1.69331247038,
      "max": 2.89125730638,
      "times": [
        1.84378927738,
        2.89125730638,
        1.72430478138,
        1.71625566238,
        1.80476498738,
        1.83323139138,
        1.84536260738,
        1.84652163038,
        1.83089311238,
        1.69331247038
      ],
      "exit_codes": [
        0,
        0,
        0,
        0,
        0,
        0,
        0,
        0,
        0,
        0
      ]
    },
    {
      "command": "berry",
      "mean": 2.01836385378,
      "stddev": 0.03604281819179851,
      "median": 2.00538658488,
      "user": 2.46953666,
      "system": 0.8271735999999998,
      "min": 1.97980644438,
      "max": 2.11212629138,
      "times": [
        1.9997480353800001,
        2.00185714638,
        2.03494018738,
        1.99927376138,
        2.11212629138,
        2.00891602338,
        2.0101241823800002,
        1.97980644438,
        2.04389274038,
        1.99295372538
      ],
      "exit_codes": [
        0,
        0,
        0,
        0,
        0,
        0,
        0,
        0,
        0,
        0
      ]
    },
    {
      "command": "zpm",
      "mean": 0.30939049398,
      "stddev": 0.0032849812252049478,
      "median": 0.3100711258800001,
      "user": 0.11455156,
      "system": 0.23944010000000002,
      "min": 0.30295886338000005,
      "max": 0.31460008238000003,
      "times": [
        0.31063012438000004,
        0.30295886338000005,
        0.31093005338,
        0.30955592738000004,
        0.31058632438000006,
        0.31460008238000003,
        0.31328579638000004,
        0.30815901638000004,
        0.30565851738000005,
        0.30754023438000005
      ],
      "exit_codes": [
        0,
        0,
        0,
        0,
        0,
        0,
        0,
        0,
        0,
        0
      ]
    },
    {
      "command": "pnpm",
      "mean": 0.90690440648,
      "stddev": 0.009353130034173481,
      "median": 0.9029521203800001,
      "user": 1.4313546599999998,
      "system": 0.32530770000000003,
      "min": 0.89808624938,
      "max": 0.9252507683800001,
      "times": [
        0.8982072913800001,
        0.9101030413800001,
        0.9252507683800001,
        0.89808624938,
        0.90213548038,
        0.89972247538,
        0.90086702638,
        0.9037687603800001,
        0.9227958813800001,
        0.90810709038
      ],
      "exit_codes": [
        0,
        0,
        0,
        0,
        0,
        0,
        0,
        0,
        0,
        0
      ]
    },
    {
      "command": "vlt",
      "mean": 1.2529809987799998,
      "stddev": 0.014038514687746266,
      "median": 1.25159667188,
      "user": 1.39930216,
      "system": 0.8015296,
      "min": 1.23614614038,
      "max": 1.28448302638,
      "times": [
        1.25023744738,
        1.23882411338,
        1.25295589638,
        1.24213565138,
        1.27122611138,
        1.25317486138,
        1.28448302638,
        1.24697511638,
        1.23614614038,
        1.2536516233800001
      ],
      "exit_codes": [
        0,
        0,
        0,
        0,
        0,
        0,
        0,
        0,
        0,
        0
      ]
    },
    {
      "command": "bun",
      "mean": 0.11376973798000001,
      "stddev": 0.0012090804418680497,
      "median": 0.11336890088000001,
      "user": 0.04328506,
      "system": 0.0858053,
      "min": 0.11296383138,
      "max": 0.11718395738000001,
      "times": [
        0.11429690238000001,
        0.11718395738000001,
        0.11296383138,
        0.11379300238000001,
        0.11359552638,
        0.11357992938000001,
        0.11304894138000002,
        0.11315787238000001,
        0.11298962038000002,
        0.11308779638000001
      ],
      "exit_codes": [
        0,
        0,
        0,
        0,
        0,
        0,
        0,
        0,
        0,
        0
      ]
    },
    {
      "command": "deno",
      "mean": 0.23618481548000006,
      "stddev": 0.005531865318682884,
      "median": 0.23414911388,
      "user": 0.13085346000000003,
      "system": 0.2227945,
      "min": 0.23015431538,
      "max": 0.24892628238,
      "times": [
        0.23279648338,
        0.24892628238,
        0.23458184338000002,
        0.24345046538,
        0.23140127138,
        0.23730358838,
        0.23371638438,
        0.23651504638,
        0.23015431538,
        0.23300247438000002
      ],
      "exit_codes": [
        0,
        0,
        0,
        0,
        0,
        0,
        0,
        0,
        0,
        0
      ]
    }
  ]
}