{
  "results": [
    {
      "command": "npm",
      "mean": 1.0879484239000001,
      "stddev": 0.009765059221291998,
      "median": 1.0855552290000001,
      "user": 1.2358889999999998,
      "system": 0.20567404000000003,
      "min": 1.077390734,
      "max": 1.110324774,
      "times": [
        1.077390734,
        1.091871974,
        1.082954204,
        1.080197266,
        1.088156254,
        1.08921628,
        1.081201894,
        1.110324774,
        1.079307159,
        1.0988637
      ],
      "exit_codes": [
        0,
        0,
        0,
        0,
        0,
        0,
        0,
        0,
        0,
        0
      ]
    },
    {
      "command": "yarn",
      "mean": 5.115612989900002,
      "stddev": 0.07946076071729842,
      "median": 5.0923044850000005,
      "user": 5.118162,
      "system": 1.6321281399999996,
      "min": 5.004410533000001,
      "max": 5.271544363,
      "times": [
        5.179899329,
        5.06247088,
        5.17675405,
        5.059831412,
        5.183973768,
        5.004410533000001,
        5.0902965710000005,
        5.271544363,
        5.0943123990000005,
        5.032636594
      ],
      "exit_codes": [
        0,
        0,
        0,
        0,
        0,
        0,
        0,
        0,
        0,
        0
      ]
    },
    {
      "command": "berry",
      "mean": 2.87992073,
      "stddev": 0.053251094731161824,
      "median": 2.871366474,
      "user": 3.8743448999999996,
      "system": 0.70089364,
      "min": 2.80792231,
      "max": 2.964123382,
      "times": [
        2.823790859,
        2.80792231,
        2.823469688,
        2.8875276629999997,
        2.964123382,
        2.8476808,
        2.939544751,
        2.91042155,
        2.9395210119999997,
        2.855205285
      ],
      "exit_codes": [
        0,
        0,
        0,
        0,
        0,
        0,
        0,
        0,
        0,
        0
      ]
    },
    {
      "command": "zpm",
      "mean": 1.8336972183,
      "stddev": 0.02681654707379221,
      "median": 1.834353856,
      "user": 1.6933198,
      "system": 0.6240442399999999,
      "min": 1.7740516810000002,
      "max": 1.881959382,
      "times": [
        1.822973531,
        1.8549133830000002,
        1.83646631,
        1.843284683,
        1.8219226730000002,
        1.8503500880000001,
        1.881959382,
        1.832241402,
        1.7740516810000002,
        1.81880905
      ],
      "exit_codes": [
        0,
        0,
        0,
        0,
        0,
        0,
        0,
        0,
        0,
        0
      ]
    },
    {
      "command": "pnpm",
      "mean": 1.3616689060999998,
      "stddev": 0.06320510534334202,
      "median": 1.339356586,
      "user": 1.9757838999999997,
      "system": 0.37055724,
      "min": 1.298665295,
      "max": 1.522840206,
      "times": [
        1.377781274,
        1.32874077,
        1.394455089,
        1.328439159,
        1.310337734,
        1.394851204,
        1.522840206,
        1.3499724020000001,
        1.298665295,
        1.310605928
      ],
      "exit_codes": [
        0,
        0,
        0,
        0,
        0,
        0,
        0,
        0,
        0,
        0
      ]
    },
    {
      "command": "vlt",
      "mean": 0.3633057698,
      "stddev": 0.004624051218187772,
      "median": 0.36098736900000006,
      "user": 0.3942392,
      "system": 0.08138454,
      "min": 0.35765708900000004,
      "max": 0.37157909000000006,
      "times": [
        0.36117979200000006,
        0.36057925800000007,
        0.35765708900000004,
        0.36035728000000006,
        0.36079494600000006,
        0.35863306300000003,
        0.37157909000000006,
        0.36554322800000005,
        0.36631276400000007,
        0.37042118800000007
      ],
      "exit_codes": [
        0,
        0,
        0,
        0,
        0,
        0,
        0,
        0,
        0,
        0
      ]
    },
    {
      "command": "bun",
      "mean": 0.0443470159,
      "stddev": 0.0007018062463676777,
      "median": 0.0444154475,
      "user": 0.0097324,
      "system": 0.04043374,
      "min": 0.043150103,
      "max": 0.045396111,
      "times": [
        0.044176666,
        0.044654229000000004,
        0.045103988000000005,
        0.043150103,
        0.04360427100000001,
        0.044021989000000004,
        0.04364337100000001,
        0.044953425000000005,
        0.045396111,
        0.044766006000000004
      ],
      "exit_codes": [
        0,
        0,
        0,
        0,
        0,
        0,
        0,
        0,
        0,
        0
      ]
    },
    {
      "command": "deno",
      "mean": 0.5848818627,
      "stddev": 0.019432927574205592,
      "median": 0.579309539,
      "user": 0.9127595,
      "system": 0.2903745399999999,
      "min": 0.5603571060000001,
      "max": 0.6310542400000001,
      "times": [
        0.5700075240000001,
        0.6003995740000001,
        0.5786927390000001,
        0.6310542400000001,
        0.579926339,
        0.587365836,
        0.5721191400000001,
        0.5603571060000001,
        0.571244026,
        0.597652103
      ],
      "exit_codes": [
        0,
        0,
        0,
        0,
        0,
        0,
        0,
        0,
        0,
        0
      ]
    }
  ]
}