{
  "results": [
    {
      "command": "npm",
      "mean": 8.89436830826,
      "stddev": 0.036807706674749,
      "median": 8.88719126616,
      "user": 8.741019739999999,
      "system": 5.11909354,
      "min": 8.82594992566,
      "max": 8.95347602166,
      "times": [
        8.89046804466,
        8.943997018660001,
        8.859325162660001,
        8.95347602166,
        8.88035135366,
        8.91497532466,
        8.88391448766,
        8.87400814466,
        8.91721759866,
        8.82594992566
      ],
      "exit_codes": [
        0,
        0,
        0,
        0,
        0,
        0,
        0,
        0,
        0,
        0
      ]
    },
    {
      "command": "vlt",
      "mean": 16.765426076359997,
      "stddev": 2.989826598407818,
      "median": 17.12305263116,
      "user": 11.30755014,
      "system": 5.722223939999999,
      "min": 12.18888819766,
      "max": 22.200841463659998,
      "times": [
        14.802445455660001,
        17.41218130266,
        20.969750701659997,
        22.200841463659998,
        14.08711903666,
        12.18888819766,
        17.212316793659998,
        17.86318979366,
        17.03378846866,
        13.88373954966
      ],
      "exit_codes": [
        0,
        0,
        0,
        0,
        0,
        0,
        0,
        0,
        0,
        0
      ]
    },
    {
      "command": "aws",
      "mean": 9.534388694259999,
      "stddev": 0.08712882185454146,
      "median": 9.506480743160001,
      "user": 8.94575524,
      "system": 5.05285924,
      "min": 9.414715964660001,
      "max": 9.70962644366,
      "times": [
        9.66638642466,
        9.70962644366,
        9.56330859866,
        9.49994453466,
        9.542064120660001,
        9.44673617366,
        9.50626513566,
        9.414715964660001,
        9.48814319566,
        9.50669635066
      ],
      "exit_codes": [
        0,
        0,
        0,
        0,
        0,
        0,
        0,
        0,
        0,
        0
      ]
    }
  ]
}