{
  "results": [
    {
      "command": "npm",
      "mean": 17.220934531399998,
      "stddev": 0.34503169376939274,
      "median": 17.241137698499998,
      "user": 14.594908959999998,
      "system": 5.68602296,
      "min": 16.5965693215,
      "max": 17.7894306785,
      "times": [
        16.7919124145,
        17.7894306785,
        17.161929669499997,
        17.5782436565,
        17.320345727499998,
        16.5965693215,
        17.095093351499997,
        17.4306446945,
        17.0074889195,
        17.4376868805
      ],
      "exit_codes": [
        0,
        0,
        0,
        0,
        0,
        0,
        0,
        0,
        0,
        0
      ]
    },
    {
      "command": "yarn",
      "mean": 22.5982875286,
      "stddev": 0.6363134848020507,
      "median": 22.37401253,
      "user": 30.901018360000002,
      "system": 14.11548216,
      "min": 22.0485574055,
      "max": 24.3441334205,
      "times": [
        22.7979827775,
        22.6176886735,
        22.137108236499998,
        24.3441334205,
        22.2314690625,
        22.2159192335,
        22.0485574055,
        22.841991416499997,
        22.4243863895,
        22.3236386705
      ],
      "exit_codes": [
        0,
        0,
        0,
        0,
        0,
        0,
        0,
        0,
        0,
        0
      ]
    },
    {
      "command": "berry",
      "mean": 8.664407429799999,
      "stddev": 0.07654111814574957,
      "median": 8.6512979245,
      "user": 14.68582296,
      "system": 5.203756059999999,
      "min": 8.5545879675,
      "max": 8.8371228115,
      "times": [
        8.7664032075,
        8.6191081505,
        8.6110044595,
        8.6621360905,
        8.6511842995,
        8.6327524985,
        8.6514115495,
        8.5545879675,
        8.6583632635,
        8.8371228115
      ],
      "exit_codes": [
        0,
        0,
        0,
        0,
        0,
        0,
        0,
        0,
        0,
        0
      ]
    },
    {
      "command": "zpm",
      "mean": 2.9640403719000004,
      "stddev": 0.04084195805136283,
      "median": 2.9496060825000003,
      "user": 1.74407156,
      "system": 1.96488376,
      "min": 2.9182180555,
      "max": 3.0506332815,
      "times": [
        2.9759389535000005,
        2.9460432455000003,
        3.0222136605000003,
        2.9386935705000004,
        2.9748140365,
        3.0506332815,
        2.9368547245000003,
        2.9238252715,
        2.9182180555,
        2.9531689195000004
      ],
      "exit_codes": [
        0,
        0,
        0,
        0,
        0,
        0,
        0,
        0,
        0,
        0
      ]
    },
    {
      "command": "pnpm",
      "mean": 4.6656988634,
      "stddev": 0.039847926242206,
      "median": 4.653155420499999,
      "user": 8.58791856,
      "system": 3.2142118600000003,
      "min": 4.6139699685,
      "max": 4.7525723905,
      "times": [
        4.6918014354999995,
        4.6798411215,
        4.614537792499999,
        4.7525723905,
        4.7009972365,
        4.6495983645,
        4.6537346815,
        4.6139699685,
        4.6473594835,
        4.6525761595
      ],
      "exit_codes": [
        0,
        0,
        0,
        0,
        0,
        0,
        0,
        0,
        0,
        0
      ]
    },
    {
      "command": "vlt",
      "mean": 7.755800023500001,
      "stddev": 0.26473248026975105,
      "median": 7.6540796795,
      "user": 8.838301659999999,
      "system": 4.15624076,
      "min": 7.4216963105,
      "max": 8.358143059500001,
      "times": [
        7.7023704565,
        8.358143059500001,
        7.620381796499999,
        7.6085657655,
        7.9321240135,
        7.6877775625,
        8.055357244500001,
        7.4216963105,
        7.5972487775,
        7.5743352485
      ],
      "exit_codes": [
        0,
        0,
        0,
        0,
        0,
        0,
        0,
        0,
        0,
        0
      ]
    },
    {
      "command": "bun",
      "mean": 2.2722659279000004,
      "stddev": 0.06822509935476578,
      "median": 2.2526258820000002,
      "user": 3.4622363599999995,
      "system": 2.5699138599999998,
      "min": 2.2041059205000004,
      "max": 2.4197048965000003,
      "times": [
        2.4197048965000003,
        2.2804946945,
        2.2093248005,
        2.2188284305000003,
        2.3027593575000003,
        2.3633974655000003,
        2.2041059205000004,
        2.2669786855000003,
        2.2187919495000004,
        2.2382730785000002
      ],
      "exit_codes": [
        0,
        0,
        0,
        0,
        0,
        0,
        0,
        0,
        0,
        0
      ]
    },
    {
      "command": "deno",
      "mean": 7.6186912294999996,
      "stddev": 0.1805315231735472,
      "median": 7.605638032,
      "user": 6.76486946,
      "system": 2.6607528599999997,
      "min": 7.3706592245,
      "max": 7.910652424499999,
      "times": [
        7.910652424499999,
        7.4493573865,
        7.3706592245,
        7.7902261815,
        7.5616685375,
        7.6229251325,
        7.5909307075,
        7.8764004615,
        7.3937468824999995,
        7.6203453565
      ],
      "exit_codes": [
        0,
        0,
        0,
        0,
        0,
        0,
        0,
        0,
        0,
        0
      ]
    }
  ]
}