{
  "results": [
    {
      "command": "npm",
      "mean": 6.03231552532,
      "stddev": 0.3513722800063639,
      "median": 5.91668391282,
      "user": 3.35475578,
      "system": 1.0840925399999999,
      "min": 5.63217673982,
      "max": 6.94021645682,
      "times": [
        6.15300037282,
        5.63217673982,
        5.80936523982,
        6.15861699782,
        5.94851521882,
        5.88485260682,
        5.81007454882,
        5.78247671182,
        6.94021645682,
        6.20386035982
      ],
      "exit_codes": [
        0,
        0,
        0,
        0,
        0,
        0,
        0,
        0,
        0,
        0
      ]
    },
    {
      "command": "yarn",
      "mean": 6.343875775819999,
      "stddev": 0.21429512029508518,
      "median": 6.303531853819999,
      "user": 7.28785188,
      "system": 2.7237901399999997,
      "min": 6.09507645582,
      "max": 6.73269724082,
      "times": [
        6.2790256188199995,
        6.12634539882,
        6.19946221482,
        6.09507645582,
        6.73269724082,
        6.35246032582,
        6.32803808882,
        6.13324757982,
        6.62564928782,
        6.5667555468200005
      ],
      "exit_codes": [
        0,
        0,
        0,
        0,
        0,
        0,
        0,
        0,
        0,
        0
      ]
    },
    {
      "command": "berry",
      "mean": 2.74687910162,
      "stddev": 0.04781280448596347,
      "median": 2.7524010268200003,
      "user": 3.988087079999999,
      "system": 1.17512884,
      "min": 2.65724683782,
      "max": 2.8269219898199998,
      "times": [
        2.71694106582,
        2.8269219898199998,
        2.70421449082,
        2.75354439082,
        2.75125766282,
        2.75820099082,
        2.77988234182,
        2.7152209748200002,
        2.65724683782,
        2.80536027082
      ],
      "exit_codes": [
        0,
        0,
        0,
        0,
        0,
        0,
        0,
        0,
        0,
        0
      ]
    },
    {
      "command": "zpm",
      "mean": 1.6367089698200001,
      "stddev": 0.26892129229968476,
      "median": 1.51561890382,
      "user": 0.4537258800000001,
      "system": 0.45933104,
      "min": 1.43920061382,
      "max": 2.32801103782,
      "times": [
        1.5106621898200001,
        1.52057561782,
        1.60195782882,
        1.9531287048200001,
        1.43920061382,
        1.55983306382,
        1.47224830382,
        2.32801103782,
        1.49155625082,
        1.48991608682
      ],
      "exit_codes": [
        0,
        0,
        0,
        0,
        0,
        0,
        0,
        0,
        0,
        0
      ]
    },
    {
      "command": "pnpm",
      "mean": 1.48846608622,
      "stddev": 0.023749099134999774,
      "median": 1.48208097832,
      "user": 2.23109478,
      "system": 0.64399794,
      "min": 1.44473603482,
      "max": 1.52893877582,
      "times": [
        1.50896476082,
        1.47872931382,
        1.4837697968199999,
        1.48039215982,
        1.46875730282,
        1.5130534738199999,
        1.44473603482,
        1.50438454782,
        1.52893877582,
        1.47293469582
      ],
      "exit_codes": [
        0,
        0,
        0,
        0,
        0,
        0,
        0,
        0,
        0,
        0
      ]
    },
    {
      "command": "vlt",
      "mean": 2.84711097292,
      "stddev": 0.1553309540147088,
      "median": 2.86758004732,
      "user": 1.9739915799999999,
      "system": 0.6960502399999999,
      "min": 2.59278105982,
      "max": 3.16467740582,
      "times": [
        2.88568399082,
        2.86671592282,
        2.89374233782,
        3.01329490282,
        3.16467740582,
        2.75394190982,
        2.86844417182,
        2.59278105982,
        2.73204210082,
        2.69978592682
      ],
      "exit_codes": [
        0,
        0,
        0,
        0,
        0,
        0,
        0,
        0,
        0,
        0
      ]
    },
    {
      "command": "bun",
      "mean": 0.51417391412,
      "stddev": 0.043558300621192994,
      "median": 0.52082689132,
      "user": 0.43503688,
      "system": 0.31845303999999997,
      "min": 0.44321986882000003,
      "max": 0.60976942382,
      "times": [
        0.44321986882000003,
        0.53946672882,
        0.53202509282,
        0.52781684982,
        0.49186228482,
        0.49155049482,
        0.5145965448200001,
        0.52705723782,
        0.46437461482000003,
        0.60976942382
      ],
      "exit_codes": [
        0,
        0,
        0,
        0,
        0,
        0,
        0,
        0,
        0,
        0
      ]
    },
    {
      "command": "deno",
      "mean": 2.40338543882,
      "stddev": 0.2793459423311449,
      "median": 2.28113915432,
      "user": 1.14128928,
      "system": 0.46425063999999994,
      "min": 2.15261844082,
      "max": 3.18167934982,
      "times": [
        2.45709465482,
        2.40464704482,
        2.51243402782,
        2.26797326482,
        2.28498050582,
        2.23970096582,
        2.27729780282,
        2.25542833082,
        3.18167934982,
        2.15261844082
      ],
      "exit_codes": [
        0,
        0,
        0,
        0,
        0,
        0,
        0,
        0,
        0,
        0
      ]
    }
  ]
}