{
  "results": [
    {
      "command": "npm",
      "mean": 0.3231937111,
      "stddev": 0.004373513455267234,
      "median": 0.3227017749,
      "user": 0.3343301199999999,
      "system": 0.07608543999999998,
      "min": 0.31575198790000003,
      "max": 0.3311029359,
      "times": [
        0.31575198790000003,
        0.32943875390000005,
        0.32526640290000003,
        0.3311029359,
        0.3207500079,
        0.3215498249,
        0.32385372490000003,
        0.31984872090000005,
        0.32022262890000003,
        0.3241521229
      ],
      "exit_codes": [
        0,
        0,
        0,
        0,
        0,
        0,
        0,
        0,
        0,
        0
      ]
    },
    {
      "command": "yarn",
      "mean": 0.24008244680000002,
      "stddev": 0.00489805912524501,
      "median": 0.2388685639,
      "user": 0.21193362000000002,
      "system": 0.05521493999999999,
      "min": 0.23459133290000003,
      "max": 0.24995271290000004,
      "times": [
        0.2391914179,
        0.23459133290000003,
        0.24995271290000004,
        0.23573468690000002,
        0.2472454749,
        0.24161202690000003,
        0.2385457099,
        0.23510332690000002,
        0.23708196490000003,
        0.24176581390000002
      ],
      "exit_codes": [
        0,
        0,
        0,
        0,
        0,
        0,
        0,
        0,
        0,
        0
      ]
    },
    {
      "command": "berry",
      "mean": 0.6183154097000001,
      "stddev": 0.009680907227904989,
      "median": 0.6166854844,
      "user": 0.7159506199999999,
      "system": 0.12415874,
      "min": 0.6024863999,
      "max": 0.6353145919,
      "times": [
        0.6061123919,
        0.6152297389,
        0.6144951868999999,
        0.6308424249,
        0.6141742899,
        0.6244493499,
        0.6024863999,
        0.6219084928999999,
        0.6353145919,
        0.6181412299
      ],
      "exit_codes": [
        0,
        0,
        0,
        0,
        0,
        0,
        0,
        0,
        0,
        0
      ]
    },
    {
      "command": "pnpm",
      "mean": 0.6243155858999998,
      "stddev": 0.028680504256402638,
      "median": 0.6106670719,
      "user": 0.64745952,
      "system": 0.10701933999999999,
      "min": 0.5946362559,
      "max": 0.6718304629,
      "times": [
        0.5946362559,
        0.6374925899,
        0.6521175189,
        0.5951942728999999,
        0.6673371929,
        0.6065211239,
        0.6718304629,
        0.6003088319,
        0.6148130199,
        0.6029045899
      ],
      "exit_codes": [
        0,
        0,
        0,
        0,
        0,
        0,
        0,
        0,
        0,
        0
      ]
    },
    {
      "command": "vlt",
      "mean": 0.2558522379,
      "stddev": 0.004170216872786255,
      "median": 0.2551499534,
      "user": 0.26205272,
      "system": 0.05152424,
      "min": 0.24998643990000002,
      "max": 0.2645195199,
      "times": [
        0.24998643990000002,
        0.2510007219,
        0.2577777599,
        0.2645195199,
        0.2587357609,
        0.2560647579,
        0.25952759490000005,
        0.2533243539,
        0.25423514890000004,
        0.25335032090000004
      ],
      "exit_codes": [
        0,
        0,
        0,
        0,
        0,
        0,
        0,
        0,
        0,
        0
      ]
    },
    {
      "command": "bun",
      "mean": 0.006508144399999999,
      "stddev": 0.0002280831525059446,
      "median": 0.0065726029,
      "user": 0.00438142,
      "system": 0.00565384,
      "min": 0.0061659369,
      "max": 0.0067954539,
      "times": [
        0.006686771900000001,
        0.0063045129,
        0.006166963900000001,
        0.0061659369,
        0.0067954539,
        0.0064977569,
        0.0067110689000000005,
        0.0066474489,
        0.0067345819,
        0.0063709479
      ],
      "exit_codes": [
        0,
        0,
        0,
        0,
        0,
        0,
        0,
        0,
        0,
        0
      ]
    },
    {
      "command": "deno",
      "mean": 0.0372135461,
      "stddev": 0.0007963997310892069,
      "median": 0.0368937184,
      "user": 0.02124832,
      "system": 0.019142339999999997,
      "min": 0.0362774259,
      "max": 0.0385801429,
      "times": [
        0.0385801429,
        0.0382962789,
        0.036550672900000004,
        0.0376623419,
        0.0368866249,
        0.0364129769,
        0.036900811900000004,
        0.0379659809,
        0.0366022039,
        0.0362774259
      ],
      "exit_codes": [
        0,
        0,
        0,
        0,
        0,
        0,
        0,
        0,
        0,
        0
      ]
    }
  ]
}