{
  "results": [
    {
      "command": "npm",
      "mean": 29.27858232732,
      "stddev": 1.6082991760830536,
      "median": 29.44852145422,
      "user": 13.208691240000002,
      "system": 4.572344339999999,
      "min": 26.63595003372,
      "max": 31.25585842172,
      "times": [
        28.42898273772,
        27.26642266172,
        30.71266090272,
        31.16797918572,
        30.042499150719998,
        28.85454375772,
        30.58949735172,
        26.63595003372,
        27.83142906972,
        31.25585842172
      ],
      "exit_codes": [
        0,
        0,
        0,
        0,
        0,
        0,
        0,
        0,
        0,
        0
      ]
    },
    {
      "command": "yarn",
      "mean": 13.611831065419997,
      "stddev": 0.36608149202802137,
      "median": 13.68056770722,
      "user": 16.43186014,
      "system": 8.63959384,
      "min": 13.01160671972,
      "max": 14.108632176719999,
      "times": [
        13.70833725172,
        13.416139146719999,
        13.01160671972,
        13.403352479719999,
        13.88790954972,
        13.04713569572,
        14.06006510472,
        13.82233436672,
        14.108632176719999,
        13.65279816272
      ],
      "exit_codes": [
        0,
        0,
        0,
        0,
        0,
        0,
        0,
        0,
        0,
        0
      ]
    },
    {
      "command": "berry",
      "mean": 5.078670307720001,
      "stddev": 0.0646315388456119,
      "median": 5.09126332972,
      "user": 8.10011744,
      "system": 2.55266214,
      "min": 4.97684821972,
      "max": 5.21787235772,
      "times": [
        5.093061292720001,
        5.09294142172,
        5.21787235772,
        5.05031206872,
        5.02434806972,
        4.97684821972,
        5.01006017372,
        5.10416836272,
        5.089585237720001,
        5.1275058727200005
      ],
      "exit_codes": [
        0,
        0,
        0,
        0,
        0,
        0,
        0,
        0,
        0,
        0
      ]
    },
    {
      "command": "pnpm",
      "mean": 3.5727940935199998,
      "stddev": 0.1235467474501756,
      "median": 3.51652005672,
      "user": 5.04672294,
      "system": 1.9165233400000001,
      "min": 3.44395793472,
      "max": 3.86514054372,
      "times": [
        3.52723704372,
        3.5058030697199998,
        3.86514054372,
        3.48606091672,
        3.44395793472,
        3.66914036872,
        3.6957515217199997,
        3.53539595172,
        3.50190432972,
        3.49754925472
      ],
      "exit_codes": [
        0,
        0,
        0,
        0,
        0,
        0,
        0,
        0,
        0,
        0
      ]
    },
    {
      "command": "vlt",
      "mean": 6.06232783312,
      "stddev": 0.36558502052024533,
      "median": 5.95722694172,
      "user": 4.995580240000001,
      "system": 2.36749474,
      "min": 5.58077901472,
      "max": 6.58320873072,
      "times": [
        5.58077901472,
        6.2368330407200006,
        5.77970818072,
        6.5752050757200005,
        5.82863992572,
        5.67437406672,
        6.487504539720001,
        6.08581395772,
        6.58320873072,
        5.79121179872
      ],
      "exit_codes": [
        0,
        0,
        0,
        0,
        0,
        0,
        0,
        0,
        0,
        0
      ]
    },
    {
      "command": "bun",
      "mean": 1.5758620452200003,
      "stddev": 0.1536266685114771,
      "median": 1.6017586977200002,
      "user": 0.86769714,
      "system": 1.2078144400000002,
      "min": 1.3529605687200001,
      "max": 1.84562836272,
      "times": [
        1.6097150127200002,
        1.84562836272,
        1.59380238272,
        1.6388929487200001,
        1.43185498072,
        1.4570260777200001,
        1.3940827927200001,
        1.3529605687200001,
        1.7268811077200001,
        1.70777621772
      ],
      "exit_codes": [
        0,
        0,
        0,
        0,
        0,
        0,
        0,
        0,
        0,
        0
      ]
    },
    {
      "command": "deno",
      "mean": 9.25556059412,
      "stddev": 1.1259216206159979,
      "median": 9.09025775772,
      "user": 2.6715160399999998,
      "system": 1.4568819400000002,
      "min": 7.4528303107200005,
      "max": 11.147929053719999,
      "times": [
        9.05454869972,
        9.327890800719999,
        8.37760340172,
        8.87846037072,
        11.147929053719999,
        7.4528303107200005,
        8.058731306719999,
        9.12596681572,
        10.517442039719999,
        10.61420314172
      ],
      "exit_codes": [
        0,
        0,
        0,
        0,
        0,
        0,
        0,
        0,
        0,
        0
      ]
    }
  ]
}