{
  "results": [
    {
      "command": "npm",
      "mean": 0.09892347457999999,
      "stddev": 0.002011630694816761,
      "median": 0.09911767378000001,
      "user": 0.08416958000000001,
      "system": 0.030489099999999998,
      "min": 0.09573224078,
      "max": 0.10196016878000001,
      "times": [
        0.09573224078,
        0.09711854678000001,
        0.10196016878000001,
        0.10019506078000001,
        0.09634578778000001,
        0.09803137178000002,
        0.10115082378000001,
        0.10046539778000001,
        0.09993377578000001,
        0.09830157178000001
      ],
      "exit_codes": [
        0,
        0,
        0,
        0,
        0,
        0,
        0,
        0,
        0,
        0
      ]
    },
    {
      "command": "yarn",
      "mean": 0.17878998808000002,
      "stddev": 0.007782223453724986,
      "median": 0.17597017028,
      "user": 0.14201098,
      "system": 0.044413499999999995,
      "min": 0.17511542978000003,
      "max": 0.20194357678000002,
      "times": [
        0.17511542978000003,
        0.17563825578,
        0.17616169878000001,
        0.17618033778,
        0.17838488878,
        0.20194357678000002,
        0.17521172678000002,
        0.17575068878000003,
        0.17577864178000002,
        0.17773463578
      ],
      "exit_codes": [
        0,
        0,
        0,
        0,
        0,
        0,
        0,
        0,
        0,
        0
      ]
    },
    {
      "command": "berry",
      "mean": 0.33308074978,
      "stddev": 0.050198584683591736,
      "median": 0.31723355428,
      "user": 0.31886588,
      "system": 0.0649184,
      "min": 0.30279363578,
      "max": 0.48072565978000004,
      "times": [
        0.32863733978000004,
        0.48072565978000004,
        0.32412985678,
        0.32021625278000004,
        0.31047219978,
        0.31425085578,
        0.31163402178000005,
        0.30279363578,
        0.33468385278,
        0.30326382278
      ],
      "exit_codes": [
        0,
        0,
        0,
        0,
        0,
        0,
        0,
        0,
        0,
        0
      ]
    },
    {
      "command": "pnpm",
      "mean": 0.45392458348,
      "stddev": 0.03161361786514339,
      "median": 0.44464148478000004,
      "user": 0.41841348,
      "system": 0.0707709,
      "min": 0.42174257078000005,
      "max": 0.52050381478,
      "times": [
        0.43317004478000004,
        0.52050381478,
        0.46126018078000003,
        0.42705414778,
        0.44684773978000003,
        0.44243522978000005,
        0.43083903478,
        0.42174257078000005,
        0.50484344378,
        0.45054962778
      ],
      "exit_codes": [
        0,
        0,
        0,
        0,
        0,
        0,
        0,
        0,
        0,
        0
      ]
    },
    {
      "command": "vlt",
      "mean": 0.21448396718,
      "stddev": 0.003968781707926079,
      "median": 0.21432612878,
      "user": 0.19993898,
      "system": 0.05222159999999999,
      "min": 0.20802058278000002,
      "max": 0.22025199278000002,
      "times": [
        0.21697281178000002,
        0.21098238778,
        0.22025199278000002,
        0.21785861278000002,
        0.21664305978,
        0.21174148478000002,
        0.21926312278,
        0.20802058278000002,
        0.21109641878000002,
        0.21200919778000002
      ],
      "exit_codes": [
        0,
        0,
        0,
        0,
        0,
        0,
        0,
        0,
        0,
        0
      ]
    },
    {
      "command": "bun",
      "mean": 0.00326045518,
      "stddev": 0.000058174603804753106,
      "median": 0.00323603178,
      "user": 0.0009733819999999998,
      "system": 0.0023504,
      "min": 0.00321751678,
      "max": 0.00341122578,
      "times": [
        0.00327480378,
        0.00323245478,
        0.0032194007800000002,
        0.0032203927800000002,
        0.00341122578,
        0.00321751678,
        0.00322622378,
        0.0032461207800000003,
        0.00323960878,
        0.0033168037800000005
      ],
      "exit_codes": [
        0,
        0,
        0,
        0,
        0,
        0,
        0,
        0,
        0,
        0
      ]
    },
    {
      "command": "deno",
      "mean": 0.05662545658000001,
      "stddev": 0.00039222087385752436,
      "median": 0.05656063528000001,
      "user": 0.034951779999999995,
      "system": 0.027840899999999995,
      "min": 0.056220575780000004,
      "max": 0.057681516780000004,
      "times": [
        0.056425684780000006,
        0.056676409780000006,
        0.05678084078000001,
        0.05649589378000001,
        0.057681516780000004,
        0.05662537678000001,
        0.056220575780000004,
        0.05666799278000001,
        0.056265567780000005,
        0.056414706780000004
      ],
      "exit_codes": [
        0,
        0,
        0,
        0,
        0,
        0,
        0,
        0,
        0,
        0
      ]
    },
    {
      "command": "nx",
      "mean": 0.79125836148,
      "stddev": 0.007586988146629053,
      "median": 0.79051859278,
      "user": 0.58930648,
      "system": 0.14964170000000002,
      "min": 0.77818339478,
      "max": 0.80354101678,
      "times": [
        0.80169501578,
        0.78958011978,
        0.7866388237799999,
        0.78332534978,
        0.77818339478,
        0.79151758078,
        0.78836462878,
        0.79828061878,
        0.80354101678,
        0.79145706578
      ],
      "exit_codes": [
        0,
        0,
        0,
        0,
        0,
        0,
        0,
        0,
        0,
        0
      ]
    },
    {
      "command": "turbo",
      "mean": 0.24792524748000005,
      "stddev": 0.037199310827513925,
      "median": 0.23235254128000002,
      "user": 0.11987428000000003,
      "system": 0.07970459999999999,
      "min": 0.22433223678000003,
      "max": 0.34727213278,
      "times": [
        0.23267147978000002,
        0.22433223678000003,
        0.23634118978000002,
        0.23229830778000002,
        0.34727213278,
        0.28659540378000004,
        0.23027880378,
        0.23240677478000002,
        0.22890403178000002,
        0.22815211378000003
      ],
      "exit_codes": [
        0,
        0,
        0,
        0,
        0,
        0,
        0,
        0,
        0,
        0
      ]
    },
    {
      "command": "node",
      "mean": 0.00518261298,
      "stddev": 0.00006476902721640968,
      "median": 0.005158805780000001,
      "user": 0.0020662799999999998,
      "system": 0.0030951,
      "min": 0.00509373978,
      "max": 0.005283661780000001,
      "times": [
        0.0051601827800000005,
        0.005283661780000001,
        0.005268293780000001,
        0.00509373978,
        0.005157428780000001,
        0.00521801978,
        0.00513553678,
        0.00525574778,
        0.00511441778,
        0.00513910078
      ],
      "exit_codes": [
        0,
        0,
        0,
        0,
        0,
        0,
        0,
        0,
        0,
        0
      ]
    }
  ]
}