{
  "results": [
    {
      "command": "npm",
      "mean": 3.0807859992999997,
      "stddev": 0.023452650585290762,
      "median": 3.0806233067999997,
      "user": 3.2088585199999997,
      "system": 2.1082642,
      "min": 3.0368506208,
      "max": 3.1194423258,
      "times": [
        3.0958980478,
        3.0555184498,
        3.0802345278,
        3.1194423258,
        3.1019647318,
        3.1004642568,
        3.0628635878,
        3.0736113588,
        3.0810120858,
        3.0368506208
      ],
      "exit_codes": [
        0,
        0,
        0,
        0,
        0,
        0,
        0,
        0,
        0,
        0
      ]
    },
    {
      "command": "yarn",
      "mean": 1.9916280613000001,
      "stddev": 0.0128776253096687,
      "median": 1.9900202418,
      "user": 1.93922692,
      "system": 2.1669283,
      "min": 1.9660332138,
      "max": 2.0146053118,
      "times": [
        2.0094126198,
        1.9890500488,
        1.9940544058,
        1.9953939118,
        1.9660332138,
        1.9821348858,
        1.9909904348,
        1.9887752137999999,
        1.9858305668,
        2.0146053118
      ],
      "exit_codes": [
        0,
        0,
        0,
        0,
        0,
        0,
        0,
        0,
        0,
        0
      ]
    },
    {
      "command": "berry",
      "mean": 2.0737582049,
      "stddev": 0.18253319675191493,
      "median": 2.0075711118,
      "user": 2.2721739199999997,
      "system": 1.1378685999999998,
      "min": 1.9781978968,
      "max": 2.6119480398,
      "times": [
        2.0171254858,
        1.9781978968,
        1.9825928968,
        2.0555578728,
        2.0113684468,
        2.0930525228,
        2.0037737768,
        2.6119480398,
        1.9948887038,
        1.9890764068000002
      ],
      "exit_codes": [
        0,
        0,
        0,
        0,
        0,
        0,
        0,
        0,
        0,
        0
      ]
    },
    {
      "command": "zpm",
      "mean": 0.5408896706,
      "stddev": 0.01271012286259693,
      "median": 0.5379111863,
      "user": 0.12811592,
      "system": 0.4395023,
      "min": 0.5279718738,
      "max": 0.5737574658,
      "times": [
        0.5279718738,
        0.5400794258,
        0.5317718818,
        0.5497184788,
        0.5417725948,
        0.5325026018,
        0.5310911468,
        0.5444882898,
        0.5357429468,
        0.5737574658
      ],
      "exit_codes": [
        0,
        0,
        0,
        0,
        0,
        0,
        0,
        0,
        0,
        0
      ]
    },
    {
      "command": "pnpm",
      "mean": 1.0227569183,
      "stddev": 0.009608899508544712,
      "median": 1.0218597212999998,
      "user": 1.5619198200000002,
      "system": 0.5190877999999999,
      "min": 1.0091440398,
      "max": 1.0415397607999999,
      "times": [
        1.0260423297999999,
        1.0146817188,
        1.0091440398,
        1.0114193888,
        1.0415397607999999,
        1.0330719287999999,
        1.0204504948,
        1.0297072788,
        1.0232689477999999,
        1.0182432948
      ],
      "exit_codes": [
        0,
        0,
        0,
        0,
        0,
        0,
        0,
        0,
        0,
        0
      ]
    },
    {
      "command": "vlt",
      "mean": 1.4985641425,
      "stddev": 0.01851622439249491,
      "median": 1.4923771557999999,
      "user": 1.5840378200000003,
      "system": 1.2359951,
      "min": 1.4729544758,
      "max": 1.5378027348,
      "times": [
        1.4965307458,
        1.5241958328,
        1.5378027348,
        1.4729544758,
        1.5080347668,
        1.4853499578,
        1.4864290578000001,
        1.4895895418,
        1.4911129358,
        1.4936413758
      ],
      "exit_codes": [
        0,
        0,
        0,
        0,
        0,
        0,
        0,
        0,
        0,
        0
      ]
    },
    {
      "command": "bun",
      "mean": 0.16124831030000003,
      "stddev": 0.008024516534356452,
      "median": 0.1588146823,
      "user": 0.013252619999999998,
      "system": 0.1531742,
      "min": 0.1564630038,
      "max": 0.1851444418,
      "times": [
        0.1578602128,
        0.1584317858,
        0.1586107698,
        0.1602396898,
        0.1591954618,
        0.1594824078,
        0.1851444418,
        0.1590185948,
        0.1580367348,
        0.1564630038
      ],
      "exit_codes": [
        0,
        0,
        0,
        0,
        0,
        0,
        0,
        0,
        0,
        0
      ]
    },
    {
      "command": "deno",
      "mean": 0.3755311818000001,
      "stddev": 0.0071195718866202615,
      "median": 0.37778576630000005,
      "user": 0.29463872,
      "system": 0.41280700000000004,
      "min": 0.36015886880000003,
      "max": 0.38357485980000006,
      "times": [
        0.38357485980000006,
        0.36884433980000003,
        0.37803142780000004,
        0.3820366968000001,
        0.37754010480000005,
        0.3826075198000001,
        0.3719834068,
        0.38005013880000005,
        0.36015886880000003,
        0.37048445480000003
      ],
      "exit_codes": [
        0,
        0,
        0,
        0,
        0,
        0,
        0,
        0,
        0,
        0
      ]
    }
  ]
}