{
  "results": [
    {
      "command": "npm",
      "mean": 0.9178698771,
      "stddev": 0.015243526880295422,
      "median": 0.9115102748000001,
      "user": 1.0138710199999998,
      "system": 0.19935208,
      "min": 0.9020396628,
      "max": 0.9492810498,
      "times": [
        0.9020396628,
        0.9074967608000001,
        0.9102742968,
        0.9156314848000001,
        0.9106361878000001,
        0.9115918648000001,
        0.9492810498,
        0.9114286848,
        0.9456641628000001,
        0.9146546158000001
      ],
      "exit_codes": [
        0,
        0,
        0,
        0,
        0,
        0,
        0,
        0,
        0,
        0
      ]
    },
    {
      "command": "yarn",
      "mean": 3.2207875002,
      "stddev": 0.054650919932355435,
      "median": 3.2022027518,
      "user": 2.12841142,
      "system": 0.83156378,
      "min": 3.1498847968,
      "max": 3.3246156028000002,
      "times": [
        3.1970702778,
        3.1968906388000002,
        3.2148528788,
        3.2019589118,
        3.3114346248,
        3.2024465918000002,
        3.3246156028000002,
        3.1628665638,
        3.2458541148,
        3.1498847968
      ],
      "exit_codes": [
        0,
        0,
        0,
        0,
        0,
        0,
        0,
        0,
        0,
        0
      ]
    },
    {
      "command": "berry",
      "mean": 1.6592380507000002,
      "stddev": 0.030139424496529753,
      "median": 1.6571182708,
      "user": 1.52010372,
      "system": 0.25809438,
      "min": 1.6130130668000002,
      "max": 1.7249104108000002,
      "times": [
        1.6437401068000002,
        1.6232577568000002,
        1.6569255618,
        1.6757655788,
        1.6573109798,
        1.6765938038000001,
        1.6764500708,
        1.6130130668000002,
        1.6444131708,
        1.7249104108000002
      ],
      "exit_codes": [
        0,
        0,
        0,
        0,
        0,
        0,
        0,
        0,
        0,
        0
      ]
    },
    {
      "command": "zpm",
      "mean": 1.8209445855000002,
      "stddev": 0.25981781239529994,
      "median": 1.6733136463,
      "user": 0.5858014199999999,
      "system": 0.24262118,
      "min": 1.5666594428,
      "max": 2.2585475708000002,
      "times": [
        1.5666594428,
        2.0586703358,
        1.6635684448,
        2.1980239678,
        1.6038206258,
        1.5804257558,
        1.6107200518,
        2.2585475708000002,
        1.6830588478,
        1.9859508118
      ],
      "exit_codes": [
        0,
        0,
        0,
        0,
        0,
        0,
        0,
        0,
        0,
        0
      ]
    },
    {
      "command": "pnpm",
      "mean": 1.2151846032,
      "stddev": 0.026281319719695193,
      "median": 1.2079969643,
      "user": 1.5780548200000002,
      "system": 0.27378768000000003,
      "min": 1.1848357208,
      "max": 1.2852691288,
      "times": [
        1.2079605038,
        1.1985445448,
        1.1848357208,
        1.2285848068,
        1.2165746858,
        1.1957469848,
        1.2051998328,
        1.2852691288,
        1.2080334248,
        1.2210963988
      ],
      "exit_codes": [
        0,
        0,
        0,
        0,
        0,
        0,
        0,
        0,
        0,
        0
      ]
    },
    {
      "command": "vlt",
      "mean": 0.3332926833,
      "stddev": 0.005017013518868403,
      "median": 0.3324383583,
      "user": 0.3491121199999999,
      "system": 0.06878508,
      "min": 0.3269666888,
      "max": 0.3439485418,
      "times": [
        0.3289898448,
        0.32933874879999997,
        0.3439485418,
        0.3332755508,
        0.3331296558,
        0.3269666888,
        0.3409605438,
        0.3320658158,
        0.3314405418,
        0.3328109008
      ],
      "exit_codes": [
        0,
        0,
        0,
        0,
        0,
        0,
        0,
        0,
        0,
        0
      ]
    },
    {
      "command": "bun",
      "mean": 0.0201500935,
      "stddev": 0.0003477845952479927,
      "median": 0.0200570973,
      "user": 0.00932082,
      "system": 0.01648498,
      "min": 0.0196094738,
      "max": 0.0208788198,
      "times": [
        0.0202246898,
        0.0196094738,
        0.0200089988,
        0.0208788198,
        0.0205463598,
        0.0200314618,
        0.0199365558,
        0.0198335128,
        0.0203483298,
        0.0200827328
      ],
      "exit_codes": [
        0,
        0,
        0,
        0,
        0,
        0,
        0,
        0,
        0,
        0
      ]
    },
    {
      "command": "deno",
      "mean": 0.37593465779999996,
      "stddev": 0.007565916433007453,
      "median": 0.3785396238,
      "user": 0.50074162,
      "system": 0.16647508,
      "min": 0.3602501308,
      "max": 0.38547167179999997,
      "times": [
        0.3802694338,
        0.3795159588,
        0.3712861468,
        0.3845362178,
        0.3730130408,
        0.3775632888,
        0.3602501308,
        0.38547167179999997,
        0.3803258628,
        0.3671148258
      ],
      "exit_codes": [
        0,
        0,
        0,
        0,
        0,
        0,
        0,
        0,
        0,
        0
      ]
    }
  ]
}