{
  "results": [
    {
      "command": "npm",
      "mean": 4.10321912134,
      "stddev": 0.425664062613079,
      "median": 4.03691400574,
      "user": 1.45523652,
      "system": 0.30508878,
      "min": 3.7736502922399997,
      "max": 5.32193118324,
      "times": [
        4.10813529124,
        4.123698222240001,
        3.99897249724,
        3.7736502922399997,
        4.07485551424,
        3.82707429824,
        3.8581078242399998,
        5.32193118324,
        4.106296551240001,
        3.83946953924
      ],
      "exit_codes": [
        0,
        0,
        0,
        0,
        0,
        0,
        0,
        0,
        0,
        0
      ]
    },
    {
      "command": "yarn",
      "mean": 25.161155221239998,
      "stddev": 0.5527866182724391,
      "median": 24.93840518424,
      "user": 33.32865712,
      "system": 16.03536368,
      "min": 24.511685622239998,
      "max": 26.46986362524,
      "times": [
        24.511685622239998,
        25.48404554024,
        25.74778305924,
        26.46986362524,
        24.84843321924,
        24.73845673424,
        24.96246687424,
        24.865401510239998,
        25.06907253324,
        24.91434349424
      ],
      "exit_codes": [
        0,
        0,
        0,
        0,
        0,
        0,
        0,
        0,
        0,
        0
      ]
    },
    {
      "command": "berry",
      "mean": 6.178259299640001,
      "stddev": 0.2106439239543279,
      "median": 6.14980711574,
      "user": 11.59468542,
      "system": 3.14329838,
      "min": 5.89095879524,
      "max": 6.64434614524,
      "times": [
        6.64434614524,
        6.06341433924,
        6.056496490240001,
        6.42274510724,
        5.96311756424,
        6.238244964240001,
        6.10512499924,
        6.1944892322400005,
        6.20365535924,
        5.89095879524
      ],
      "exit_codes": [
        0,
        0,
        0,
        0,
        0,
        0,
        0,
        0,
        0,
        0
      ]
    },
    {
      "command": "zpm",
      "mean": 3.72945922144,
      "stddev": 0.5898390225416223,
      "median": 3.5307333742399996,
      "user": 3.10636832,
      "system": 1.1614775800000001,
      "min": 2.91085999824,
      "max": 4.59965899324,
      "times": [
        3.7236455892399998,
        4.46291975024,
        2.91085999824,
        4.06622913524,
        3.32003727024,
        4.45913070224,
        3.18180309024,
        4.59965899324,
        3.33782115924,
        3.2324865262399998
      ],
      "exit_codes": [
        0,
        0,
        0,
        0,
        0,
        0,
        0,
        0,
        0,
        0
      ]
    },
    {
      "command": "pnpm",
      "mean": 3.8859036743399997,
      "stddev": 0.09763098422982422,
      "median": 3.86585892424,
      "user": 5.593589120000001,
      "system": 1.9992262800000002,
      "min": 3.77889993924,
      "max": 4.12497173724,
      "times": [
        4.12497173724,
        3.87242802824,
        3.88087417424,
        3.77889993924,
        3.81291816124,
        3.91299386324,
        3.80805348524,
        3.82367801324,
        3.85928982024,
        3.9849295212399998
      ],
      "exit_codes": [
        0,
        0,
        0,
        0,
        0,
        0,
        0,
        0,
        0,
        0
      ]
    },
    {
      "command": "vlt",
      "mean": 0.35225379424000003,
      "stddev": 0.0032339260031040654,
      "median": 0.3513010562400001,
      "user": 0.37491662,
      "system": 0.07398858,
      "min": 0.34649872424000006,
      "max": 0.35847545924000007,
      "times": [
        0.35532776824000006,
        0.34649872424000006,
        0.34964515724000006,
        0.35096485424000007,
        0.35042527524000006,
        0.3548777912400001,
        0.35379409324000005,
        0.35089156124000004,
        0.35847545924000007,
        0.35163725824000003
      ],
      "exit_codes": [
        0,
        0,
        0,
        0,
        0,
        0,
        0,
        0,
        0,
        0
      ]
    },
    {
      "command": "bun",
      "mean": 2.4825853423399997,
      "stddev": 0.11766228599000923,
      "median": 2.4713566062399996,
      "user": 3.68685162,
      "system": 2.9588165799999997,
      "min": 2.31286821524,
      "max": 2.69010257024,
      "times": [
        2.31286821524,
        2.64612278224,
        2.56567879324,
        2.51658057624,
        2.34739580424,
        2.4616502742399997,
        2.48106293824,
        2.41026904124,
        2.69010257024,
        2.3941224282399998
      ],
      "exit_codes": [
        0,
        0,
        0,
        0,
        0,
        0,
        0,
        0,
        0,
        0
      ]
    },
    {
      "command": "deno",
      "mean": 8.799601521139998,
      "stddev": 0.9739070701706061,
      "median": 8.822415616239999,
      "user": 3.8052148199999998,
      "system": 0.8537216799999999,
      "min": 7.577695949240001,
      "max": 10.13842839424,
      "times": [
        9.74962335124,
        10.13842839424,
        8.47011791224,
        10.05019990224,
        9.174713320239999,
        7.58179587424,
        7.93881194524,
        7.87656704724,
        9.43806151524,
        7.577695949240001
      ],
      "exit_codes": [
        0,
        0,
        0,
        0,
        0,
        0,
        0,
        0,
        0,
        0
      ]
    }
  ]
}