{
  "results": [
    {
      "command": "npm",
      "mean": 3.33745861574,
      "stddev": 0.18710317651249891,
      "median": 3.3047976076400003,
      "user": 1.37041626,
      "system": 0.24978567999999995,
      "min": 3.10148487914,
      "max": 3.67932378914,
      "times": [
        3.12860274914,
        3.20638316614,
        3.57795216314,
        3.22143213714,
        3.67932378914,
        3.19049332814,
        3.3881630781400003,
        3.44613163914,
        3.43461922814,
        3.10148487914
      ],
      "exit_codes": [
        0,
        0,
        0,
        0,
        0,
        0,
        0,
        0,
        0,
        0
      ]
    },
    {
      "command": "yarn",
      "mean": 17.41718850924,
      "stddev": 0.21104770740786383,
      "median": 17.45280865364,
      "user": 20.26719866,
      "system": 9.40618498,
      "min": 17.083335537139998,
      "max": 17.76463655614,
      "times": [
        17.46482332014,
        17.60766262914,
        17.21842296814,
        17.76463655614,
        17.61230008114,
        17.12961503414,
        17.34230652314,
        17.083335537139998,
        17.507988456139998,
        17.440793987139998
      ],
      "exit_codes": [
        0,
        0,
        0,
        0,
        0,
        0,
        0,
        0,
        0,
        0
      ]
    },
    {
      "command": "berry",
      "mean": 4.537173474239999,
      "stddev": 0.05646499217940041,
      "median": 4.5198437171400005,
      "user": 8.62983416,
      "system": 1.93562078,
      "min": 4.49104438814,
      "max": 4.68245027314,
      "times": [
        4.68245027314,
        4.50156232114,
        4.49104438814,
        4.52958509914,
        4.59124032714,
        4.49608206014,
        4.493339804140001,
        4.53287038114,
        4.51010233514,
        4.54345775314
      ],
      "exit_codes": [
        0,
        0,
        0,
        0,
        0,
        0,
        0,
        0,
        0,
        0
      ]
    },
    {
      "command": "zpm",
      "mean": 2.61842845994,
      "stddev": 0.47397152253532865,
      "median": 2.45044844064,
      "user": 2.25687356,
      "system": 0.7593180800000001,
      "min": 2.1955020911400003,
      "max": 3.73866671514,
      "times": [
        2.39677623114,
        3.73866671514,
        2.79226124914,
        2.53613590014,
        2.25118698614,
        2.1955020911400003,
        2.50412065014,
        2.27906871414,
        3.20965798114,
        2.28090808114
      ],
      "exit_codes": [
        0,
        0,
        0,
        0,
        0,
        0,
        0,
        0,
        0,
        0
      ]
    },
    {
      "command": "pnpm",
      "mean": 2.5003588561400005,
      "stddev": 0.043849963033855466,
      "median": 2.50866703064,
      "user": 4.294796559999999,
      "system": 1.38230788,
      "min": 2.42209883114,
      "max": 2.58078536314,
      "times": [
        2.47906940014,
        2.50505604514,
        2.5462640151400002,
        2.5180620411400003,
        2.45772355414,
        2.46276363514,
        2.5122780161400002,
        2.42209883114,
        2.5194876601400003,
        2.58078536314
      ],
      "exit_codes": [
        0,
        0,
        0,
        0,
        0,
        0,
        0,
        0,
        0,
        0
      ]
    },
    {
      "command": "vlt",
      "mean": 0.35910055324000006,
      "stddev": 0.0032037941835334083,
      "median": 0.35861357914,
      "user": 0.38238256,
      "system": 0.07514678,
      "min": 0.35420931114000004,
      "max": 0.36404409214000005,
      "times": [
        0.36118692714000006,
        0.35655820014000006,
        0.35420931114000004,
        0.35673912314000006,
        0.35892055114000004,
        0.35830660714,
        0.35589269014,
        0.36404409214000005,
        0.36138989814000005,
        0.36375813214
      ],
      "exit_codes": [
        0,
        0,
        0,
        0,
        0,
        0,
        0,
        0,
        0,
        0
      ]
    },
    {
      "command": "bun",
      "mean": 1.15389526814,
      "stddev": 0.0491730039413202,
      "median": 1.13580960564,
      "user": 2.05931376,
      "system": 1.46337578,
      "min": 1.08687786614,
      "max": 1.2568329011400001,
      "times": [
        1.17351194014,
        1.2568329011400001,
        1.13748462714,
        1.08687786614,
        1.10917581414,
        1.20317651314,
        1.11604511314,
        1.12853236514,
        1.1341345841400001,
        1.19318095714
      ],
      "exit_codes": [
        0,
        0,
        0,
        0,
        0,
        0,
        0,
        0,
        0,
        0
      ]
    },
    {
      "command": "deno",
      "mean": 10.23565771054,
      "stddev": 0.6523104965962223,
      "median": 10.04267766714,
      "user": 3.2384561599999997,
      "system": 0.86782868,
      "min": 9.250725210139999,
      "max": 11.79755803514,
      "times": [
        10.01884473014,
        10.83665432014,
        10.06183618914,
        11.79755803514,
        10.172480987139998,
        10.489333966139998,
        9.250725210139999,
        10.02351914514,
        9.83608679214,
        9.86953773014
      ],
      "exit_codes": [
        0,
        0,
        0,
        0,
        0,
        0,
        0,
        0,
        0,
        0
      ]
    }
  ]
}