{
  "results": [
    {
      "command": "npm",
      "mean": 0.53719805976,
      "stddev": 0.007037344259589489,
      "median": 0.5384767274600001,
      "user": 0.5899848799999999,
      "system": 0.11363202000000001,
      "min": 0.5195804649600001,
      "max": 0.5454167099600001,
      "times": [
        0.5353654269600001,
        0.5195804649600001,
        0.53828040996,
        0.5411071489600001,
        0.53111722796,
        0.5386730449600001,
        0.53739311996,
        0.54341628196,
        0.5454167099600001,
        0.54163076196
      ],
      "exit_codes": [
        0,
        0,
        0,
        0,
        0,
        0,
        0,
        0,
        0,
        0
      ]
    },
    {
      "command": "yarn",
      "mean": 0.30554797606000006,
      "stddev": 0.009028556793991133,
      "median": 0.30345209096000003,
      "user": 0.32035848,
      "system": 0.07109541999999999,
      "min": 0.29751300196,
      "max": 0.33167583796,
      "times": [
        0.30419721496,
        0.30199588096,
        0.30333189396,
        0.30329694796,
        0.30650851296000003,
        0.30357228796,
        0.29957613396,
        0.33167583796,
        0.30381204796,
        0.29751300196
      ],
      "exit_codes": [
        0,
        0,
        0,
        0,
        0,
        0,
        0,
        0,
        0,
        0
      ]
    },
    {
      "command": "berry",
      "mean": 0.7725872691600001,
      "stddev": 0.01771234626217738,
      "median": 0.7680508454600001,
      "user": 0.83411938,
      "system": 0.14018372,
      "min": 0.7568782559600001,
      "max": 0.8233878269600001,
      "times": [
        0.7770189779600001,
        0.76878949096,
        0.7568782559600001,
        0.7709838299600001,
        0.7618478629600001,
        0.76365574296,
        0.7700160549600001,
        0.7673121999600001,
        0.7659824489600001,
        0.8233878269600001
      ],
      "exit_codes": [
        0,
        0,
        0,
        0,
        0,
        0,
        0,
        0,
        0,
        0
      ]
    },
    {
      "command": "pnpm",
      "mean": 0.7610120556600001,
      "stddev": 0.016749890084087785,
      "median": 0.76567017646,
      "user": 0.7986296800000001,
      "system": 0.12393812000000001,
      "min": 0.7335612649600001,
      "max": 0.7885402819600001,
      "times": [
        0.76437732296,
        0.7669630299600001,
        0.7575562829600001,
        0.7690463429600001,
        0.7340827009600001,
        0.7702910689600001,
        0.7761355789600001,
        0.7885402819600001,
        0.7335612649600001,
        0.7495666819600001
      ],
      "exit_codes": [
        0,
        0,
        0,
        0,
        0,
        0,
        0,
        0,
        0,
        0
      ]
    },
    {
      "command": "vlt",
      "mean": 0.29072585356,
      "stddev": 0.005319529754495572,
      "median": 0.29087966996000003,
      "user": 0.28252568,
      "system": 0.06537711999999998,
      "min": 0.28066159296,
      "max": 0.30016094896,
      "times": [
        0.29058860996,
        0.28399466396,
        0.29015019896,
        0.29484894696,
        0.29425042796,
        0.30016094896,
        0.29117072996,
        0.29366441496,
        0.28776800096,
        0.28066159296
      ],
      "exit_codes": [
        0,
        0,
        0,
        0,
        0,
        0,
        0,
        0,
        0,
        0
      ]
    },
    {
      "command": "bun",
      "mean": 0.010627435260000002,
      "stddev": 0.0005729172290518151,
      "median": 0.01041948946,
      "user": 0.007312880000000001,
      "system": 0.008877119999999999,
      "min": 0.009942889960000001,
      "max": 0.01165609396,
      "times": [
        0.011106271960000002,
        0.010117736960000002,
        0.01033153296,
        0.009942889960000001,
        0.01050003296,
        0.01165609396,
        0.011362746960000001,
        0.010338945960000002,
        0.009968072960000001,
        0.01095002796
      ],
      "exit_codes": [
        0,
        0,
        0,
        0,
        0,
        0,
        0,
        0,
        0,
        0
      ]
    },
    {
      "command": "deno",
      "mean": 0.04448979326,
      "stddev": 0.0012600318031240367,
      "median": 0.04427171946,
      "user": 0.023261079999999996,
      "system": 0.025254319999999997,
      "min": 0.04246079396,
      "max": 0.04708106296,
      "times": [
        0.04418073096,
        0.04511388296,
        0.04310624496,
        0.04246079396,
        0.04599393396,
        0.04410804196,
        0.04401925696,
        0.04708106296,
        0.04436270796,
        0.04447127596
      ],
      "exit_codes": [
        0,
        0,
        0,
        0,
        0,
        0,
        0,
        0,
        0,
        0
      ]
    }
  ]
}