{
  "results": [
    {
      "command": "npm",
      "mean": 4.386748122159999,
      "stddev": 0.4435923023511738,
      "median": 4.32988182946,
      "user": 1.58769186,
      "system": 0.30424626,
      "min": 3.7672643524600002,
      "max": 5.08134947446,
      "times": [
        4.81049050746,
        4.61902480646,
        4.93421492246,
        4.18864420046,
        3.7672643524600002,
        5.08134947446,
        4.1657061324599995,
        3.79725298646,
        4.03241438046,
        4.47111945846
      ],
      "exit_codes": [
        0,
        0,
        0,
        0,
        0,
        0,
        0,
        0,
        0,
        0
      ]
    },
    {
      "command": "yarn",
      "mean": 24.379838576659996,
      "stddev": 0.4168165632001225,
      "median": 24.46853959196,
      "user": 31.803558760000005,
      "system": 15.742577260000001,
      "min": 23.39179038846,
      "max": 24.85273029546,
      "times": [
        23.39179038846,
        23.925990527459998,
        24.398756303459997,
        24.537002497459998,
        24.822629996459998,
        24.52220438346,
        24.273874511459997,
        24.658532062459997,
        24.85273029546,
        24.414874800459998
      ],
      "exit_codes": [
        0,
        0,
        0,
        0,
        0,
        0,
        0,
        0,
        0,
        0
      ]
    },
    {
      "command": "berry",
      "mean": 6.0164778193599995,
      "stddev": 0.09516901930922361,
      "median": 6.02383640496,
      "user": 11.453840260000002,
      "system": 3.24523036,
      "min": 5.849938691459999,
      "max": 6.17132707946,
      "times": [
        5.94653393446,
        6.170443789459999,
        5.9412833224599995,
        6.01836369946,
        6.02930911046,
        6.03972260446,
        5.95842207846,
        6.03943388346,
        5.849938691459999,
        6.17132707946
      ],
      "exit_codes": [
        0,
        0,
        0,
        0,
        0,
        0,
        0,
        0,
        0,
        0
      ]
    },
    {
      "command": "pnpm",
      "mean": 4.448626195459999,
      "stddev": 0.10609937022093018,
      "median": 4.444311219459999,
      "user": 6.90026766,
      "system": 2.4469950600000003,
      "min": 4.224553172459999,
      "max": 4.56903487346,
      "times": [
        4.32573548646,
        4.55542806646,
        4.403299104459999,
        4.54050987346,
        4.45065787546,
        4.224553172459999,
        4.43796456346,
        4.55033536846,
        4.56903487346,
        4.42874357046
      ],
      "exit_codes": [
        0,
        0,
        0,
        0,
        0,
        0,
        0,
        0,
        0,
        0
      ]
    },
    {
      "command": "vlt",
      "mean": 0.32773782436000004,
      "stddev": 0.0027087905501928114,
      "median": 0.32816859496000006,
      "user": 0.35060786,
      "system": 0.07911966000000001,
      "min": 0.32273270546000005,
      "max": 0.33113460946000006,
      "times": [
        0.33068949746000004,
        0.32803382446000007,
        0.32922158346,
        0.32273270546000005,
        0.32370073946000005,
        0.33113460946000006,
        0.32830336546000005,
        0.32728359046000005,
        0.32606091946000004,
        0.33021740846000003
      ],
      "exit_codes": [
        0,
        0,
        0,
        0,
        0,
        0,
        0,
        0,
        0,
        0
      ]
    },
    {
      "command": "bun",
      "mean": 2.87694526356,
      "stddev": 1.140398310384715,
      "median": 2.49657421396,
      "user": 3.3352090600000004,
      "system": 3.00692616,
      "min": 2.3777606914600002,
      "max": 6.28456876646,
      "times": [
        2.4600533874600004,
        2.48098013646,
        2.52273490446,
        2.7378522324600003,
        2.59187610146,
        6.28456876646,
        2.38188214146,
        2.51216829146,
        2.3777606914600002,
        2.41957598246
      ],
      "exit_codes": [
        0,
        0,
        0,
        0,
        0,
        0,
        0,
        0,
        0,
        0
      ]
    },
    {
      "command": "deno",
      "mean": 8.32488734806,
      "stddev": 1.1314540891555451,
      "median": 8.06860182896,
      "user": 3.7121307599999995,
      "system": 0.86963836,
      "min": 7.22044124246,
      "max": 11.37568029546,
      "times": [
        8.09572050046,
        11.37568029546,
        7.640008465459999,
        8.04541798146,
        8.378989475460001,
        7.56327641346,
        7.7045918564599996,
        9.132961573460001,
        7.22044124246,
        8.09178567646
      ],
      "exit_codes": [
        0,
        0,
        0,
        0,
        0,
        0,
        0,
        0,
        0,
        0
      ]
    }
  ]
}