{
  "results": [
    {
      "command": "npm",
      "mean": 0.6309228573600001,
      "stddev": 0.003862002525645418,
      "median": 0.6319251727600002,
      "user": 0.71130122,
      "system": 0.11763768,
      "min": 0.62475302076,
      "max": 0.6350575357600001,
      "times": [
        0.62762386276,
        0.6350575357600001,
        0.6303054207600001,
        0.63384712076,
        0.6348746487600001,
        0.62475302076,
        0.6346449127600001,
        0.6248999967600001,
        0.6335449247600001,
        0.6296771297600001
      ],
      "exit_codes": [
        0,
        0,
        0,
        0,
        0,
        0,
        0,
        0,
        0,
        0
      ]
    },
    {
      "command": "yarn",
      "mean": 24.853197362959996,
      "stddev": 0.8965058828326591,
      "median": 24.584201849259998,
      "user": 31.04934922,
      "system": 15.612070179999998,
      "min": 23.725338562759998,
      "max": 27.09687381776,
      "times": [
        24.01035911576,
        25.19421026076,
        24.99367109876,
        24.525498152759997,
        23.725338562759998,
        27.09687381776,
        25.47088208376,
        24.393547386759998,
        24.642905545759998,
        24.478687604759997
      ],
      "exit_codes": [
        0,
        0,
        0,
        0,
        0,
        0,
        0,
        0,
        0,
        0
      ]
    },
    {
      "command": "berry",
      "mean": 5.987699073060001,
      "stddev": 0.14434976209731612,
      "median": 5.980196792760001,
      "user": 11.16461792,
      "system": 3.15795478,
      "min": 5.74597431976,
      "max": 6.28295406576,
      "times": [
        6.10419546376,
        5.962515934760001,
        5.74597431976,
        5.936361806760001,
        5.88034565476,
        5.9978776507600005,
        6.28295406576,
        6.03647793276,
        6.08943363776,
        5.840854263760001
      ],
      "exit_codes": [
        0,
        0,
        0,
        0,
        0,
        0,
        0,
        0,
        0,
        0
      ]
    },
    {
      "command": "pnpm",
      "mean": 4.48756307216,
      "stddev": 0.2606947105933315,
      "median": 4.387541590260001,
      "user": 6.897456119999999,
      "system": 2.3890747799999996,
      "min": 4.24929318876,
      "max": 5.06947663376,
      "times": [
        4.84691654976,
        4.29867820676,
        4.391863836760001,
        4.29073824476,
        5.06947663376,
        4.2727318297600005,
        4.60603053376,
        4.24929318876,
        4.4666823537600004,
        4.38321934376
      ],
      "exit_codes": [
        0,
        0,
        0,
        0,
        0,
        0,
        0,
        0,
        0,
        0
      ]
    },
    {
      "command": "vlt",
      "mean": 0.32330338916,
      "stddev": 0.004011500759702263,
      "median": 0.32421232426,
      "user": 0.35199001999999996,
      "system": 0.07778427999999998,
      "min": 0.31726285576,
      "max": 0.32980990876,
      "times": [
        0.31791075776,
        0.31726285576,
        0.32446132376,
        0.32396332476,
        0.32108356476,
        0.32827126076,
        0.31972037576,
        0.32456117276,
        0.32980990876,
        0.32598934676
      ],
      "exit_codes": [
        0,
        0,
        0,
        0,
        0,
        0,
        0,
        0,
        0,
        0
      ]
    },
    {
      "command": "bun",
      "mean": 2.8500423357599995,
      "stddev": 0.5818304098412888,
      "median": 2.65216018876,
      "user": 3.46516782,
      "system": 2.89735738,
      "min": 2.41036875976,
      "max": 4.50374399076,
      "times": [
        4.50374399076,
        2.99586927876,
        2.54269830176,
        2.74078971276,
        2.63489187276,
        2.47267783176,
        2.54844213776,
        2.98151296676,
        2.41036875976,
        2.66942850476
      ],
      "exit_codes": [
        0,
        0,
        0,
        0,
        0,
        0,
        0,
        0,
        0,
        0
      ]
    },
    {
      "command": "deno",
      "mean": 8.047279768760001,
      "stddev": 0.8402044949689312,
      "median": 7.945781051260001,
      "user": 3.1689474200000003,
      "system": 0.82056918,
      "min": 6.67761234876,
      "max": 9.57565151076,
      "times": [
        8.08821206676,
        7.80335003576,
        6.67761234876,
        7.32118234176,
        7.4273413037600005,
        7.447126846760001,
        8.55943663176,
        9.57565151076,
        8.50395523076,
        9.06892937076
      ],
      "exit_codes": [
        0,
        0,
        0,
        0,
        0,
        0,
        0,
        0,
        0,
        0
      ]
    }
  ]
}