{
  "results": [
    {
      "command": "npm",
      "mean": 0.6565266705800001,
      "stddev": 0.006448235292522901,
      "median": 0.6568093717800001,
      "user": 0.7440437200000001,
      "system": 0.11707327999999997,
      "min": 0.6484194462800001,
      "max": 0.6674110882800001,
      "times": [
        0.6590962372800001,
        0.6516060752800001,
        0.6674110882800001,
        0.6501897412800001,
        0.6489153242800001,
        0.6565795052800001,
        0.6570392382800001,
        0.6660457392800001,
        0.6599643102800001,
        0.6484194462800001
      ],
      "exit_codes": [
        0,
        0,
        0,
        0,
        0,
        0,
        0,
        0,
        0,
        0
      ]
    },
    {
      "command": "yarn",
      "mean": 26.714575720779997,
      "stddev": 0.5596382495229372,
      "median": 26.80765303028,
      "user": 32.730728420000005,
      "system": 16.46857558,
      "min": 25.606046723280002,
      "max": 27.42047207928,
      "times": [
        27.13856581028,
        27.42047207928,
        25.606046723280002,
        26.40213514528,
        26.42451274228,
        27.29798559728,
        26.04357632228,
        26.84287929628,
        27.19715672728,
        26.772426764280002
      ],
      "exit_codes": [
        0,
        0,
        0,
        0,
        0,
        0,
        0,
        0,
        0,
        0
      ]
    },
    {
      "command": "berry",
      "mean": 6.506622274980001,
      "stddev": 0.3141553043592421,
      "median": 6.44095908028,
      "user": 11.538493119999996,
      "system": 3.2701290799999994,
      "min": 6.18111729428,
      "max": 7.06271672728,
      "times": [
        6.92578540528,
        6.22599816428,
        6.201597094279999,
        6.207537826279999,
        7.06271672728,
        6.35903659128,
        6.53867172128,
        6.84088035628,
        6.18111729428,
        6.52288156928
      ],
      "exit_codes": [
        0,
        0,
        0,
        0,
        0,
        0,
        0,
        0,
        0,
        0
      ]
    },
    {
      "command": "pnpm",
      "mean": 5.23333931668,
      "stddev": 0.5617955317918385,
      "median": 5.049510376779999,
      "user": 7.03577542,
      "system": 2.4667357799999996,
      "min": 4.80119174628,
      "max": 6.82280245828,
      "times": [
        4.80119174628,
        5.080031196279999,
        4.9248088682799995,
        5.50250999028,
        5.018989557279999,
        4.9448595932799995,
        4.89707235828,
        5.19994848828,
        6.82280245828,
        5.14117891028
      ],
      "exit_codes": [
        0,
        0,
        0,
        0,
        0,
        0,
        0,
        0,
        0,
        0
      ]
    },
    {
      "command": "vlt",
      "mean": 0.32118125597999997,
      "stddev": 0.003593554590666683,
      "median": 0.32175088028,
      "user": 0.34760351999999994,
      "system": 0.07385937999999999,
      "min": 0.31560353428000004,
      "max": 0.32597094428,
      "times": [
        0.31835515328,
        0.32113152328,
        0.32597094428,
        0.32237023728,
        0.31627672128,
        0.32365946628000003,
        0.32497670128,
        0.31560353428000004,
        0.31853503828,
        0.32493324028000004
      ],
      "exit_codes": [
        0,
        0,
        0,
        0,
        0,
        0,
        0,
        0,
        0,
        0
      ]
    },
    {
      "command": "bun",
      "mean": 2.6237966184800006,
      "stddev": 0.20744652171701025,
      "median": 2.5381940397800005,
      "user": 3.3164814199999997,
      "system": 3.0359970799999996,
      "min": 2.42234225928,
      "max": 3.02931313928,
      "times": [
        2.42234225928,
        3.02931313928,
        2.5445132332800005,
        2.6246522542800004,
        2.53187484628,
        3.01280281928,
        2.52179690228,
        2.46645896928,
        2.61540400928,
        2.46880775228
      ],
      "exit_codes": [
        0,
        0,
        0,
        0,
        0,
        0,
        0,
        0,
        0,
        0
      ]
    },
    {
      "command": "deno",
      "mean": 8.67908585598,
      "stddev": 1.1879422852001174,
      "median": 8.32142182978,
      "user": 3.3216914200000005,
      "system": 0.8331532799999998,
      "min": 7.69077432028,
      "max": 11.993151343280001,
      "times": [
        8.69747709728,
        11.993151343280001,
        8.597311898280001,
        9.23515321128,
        8.167541702280001,
        8.15743790428,
        7.69077432028,
        7.95980042428,
        7.81690870128,
        8.475301957280001
      ],
      "exit_codes": [
        0,
        0,
        0,
        0,
        0,
        0,
        0,
        0,
        0,
        0
      ]
    }
  ]
}