{
  "results": [
    {
      "command": "npm",
      "mean": 0.6434039894000001,
      "stddev": 0.007504085443742519,
      "median": 0.6413724366000001,
      "user": 0.7278937799999999,
      "system": 0.12277458,
      "min": 0.6345945131,
      "max": 0.6640356971000001,
      "times": [
        0.6446638871000001,
        0.6640356971000001,
        0.6404848601,
        0.6408564561000001,
        0.6380837231,
        0.6435211091,
        0.6404835541000001,
        0.6345945131,
        0.6418884171000001,
        0.6454276771
      ],
      "exit_codes": [
        0,
        0,
        0,
        0,
        0,
        0,
        0,
        0,
        0,
        0
      ]
    },
    {
      "command": "yarn",
      "mean": 24.6274436464,
      "stddev": 0.4029973732566636,
      "median": 24.5291478451,
      "user": 31.579085180000003,
      "system": 16.06368648,
      "min": 24.1217974211,
      "max": 25.4890698701,
      "times": [
        24.6029252861,
        24.3155524011,
        25.2273988161,
        24.1217974211,
        24.3682955841,
        24.684316860099997,
        25.4890698701,
        24.455370404099998,
        24.3668150761,
        24.642894745099998
      ],
      "exit_codes": [
        0,
        0,
        0,
        0,
        0,
        0,
        0,
        0,
        0,
        0
      ]
    },
    {
      "command": "berry",
      "mean": 6.028098400999999,
      "stddev": 0.16184195473185306,
      "median": 6.020941666100001,
      "user": 11.098485979999998,
      "system": 3.17426108,
      "min": 5.8167216001,
      "max": 6.3096531871,
      "times": [
        6.1357852431,
        6.1760258071,
        6.0545019771,
        5.8579350481,
        5.9873813551,
        5.8970631681,
        5.8167216001,
        6.3096531871,
        6.1902339731,
        5.8556826511
      ],
      "exit_codes": [
        0,
        0,
        0,
        0,
        0,
        0,
        0,
        0,
        0,
        0
      ]
    },
    {
      "command": "pnpm",
      "mean": 4.5657923212,
      "stddev": 0.3474568233406471,
      "median": 4.4631936046,
      "user": 6.896511479999999,
      "system": 2.4191033799999997,
      "min": 4.2636990761,
      "max": 5.5502536951,
      "times": [
        4.4706541511,
        4.4423012401,
        4.6102217841,
        5.5502536951,
        4.4557330581,
        4.4183265541,
        4.2636990761,
        4.5287145821,
        4.2821995521,
        4.6358195191
      ],
      "exit_codes": [
        0,
        0,
        0,
        0,
        0,
        0,
        0,
        0,
        0,
        0
      ]
    },
    {
      "command": "vlt",
      "mean": 0.33184341180000004,
      "stddev": 0.005140593866844605,
      "median": 0.33232733560000005,
      "user": 0.37749798,
      "system": 0.08071998,
      "min": 0.32353118210000004,
      "max": 0.3385324381,
      "times": [
        0.32353118210000004,
        0.3357686451,
        0.3319798071,
        0.3261810491,
        0.3368932311,
        0.3385324381,
        0.3369831441,
        0.3326748641,
        0.3247884211,
        0.33110133610000003
      ],
      "exit_codes": [
        0,
        0,
        0,
        0,
        0,
        0,
        0,
        0,
        0,
        0
      ]
    },
    {
      "command": "bun",
      "mean": 3.0061246066000007,
      "stddev": 0.3730568133703628,
      "median": 2.8970070231,
      "user": 3.469155679999999,
      "system": 2.9138280799999996,
      "min": 2.5614838131,
      "max": 3.7631233641,
      "times": [
        2.5614838131,
        2.8894011341,
        2.6899062021,
        2.7231093731000002,
        2.9046129121,
        3.3698559751,
        2.6261935061,
        3.2198219081,
        3.7631233641,
        3.3137378781
      ],
      "exit_codes": [
        0,
        0,
        0,
        0,
        0,
        0,
        0,
        0,
        0,
        0
      ]
    },
    {
      "command": "deno",
      "mean": 8.0418601039,
      "stddev": 0.44562510792734766,
      "median": 7.9940089406,
      "user": 3.275572580000001,
      "system": 0.8289357799999999,
      "min": 7.4478155831,
      "max": 9.1037935761,
      "times": [
        9.1037935761,
        7.7676108891,
        8.326854515099999,
        7.5892380641,
        7.8924640601,
        8.1512882191,
        8.252163225099999,
        7.4478155831,
        7.7918190861,
        8.0955538211
      ],
      "exit_codes": [
        0,
        0,
        0,
        0,
        0,
        0,
        0,
        0,
        0,
        0
      ]
    }
  ]
}