{
  "results": [
    {
      "command": "npm",
      "mean": 3.3427446950400004,
      "stddev": 0.25243510314836437,
      "median": 3.35110471834,
      "user": 1.5300745,
      "system": 0.32871273999999995,
      "min": 2.97699724534,
      "max": 3.75862994934,
      "times": [
        3.5092831913399998,
        3.16221260234,
        3.19292624534,
        2.97699724534,
        3.5183480723400002,
        3.06762894734,
        3.75862994934,
        3.51003740334,
        3.12887378434,
        3.60250950934
      ],
      "exit_codes": [
        0,
        0,
        0,
        0,
        0,
        0,
        0,
        0,
        0,
        0
      ]
    },
    {
      "command": "yarn",
      "mean": 24.24535780654,
      "stddev": 0.2923621864837955,
      "median": 24.33391897234,
      "user": 32.9396308,
      "system": 16.033292139999997,
      "min": 23.72597491734,
      "max": 24.61862064334,
      "times": [
        24.327796401340002,
        23.95661280634,
        23.89486756434,
        23.72597491734,
        24.10741710534,
        24.381584173340002,
        24.54357053834,
        24.34004154334,
        24.61862064334,
        24.55709237234
      ],
      "exit_codes": [
        0,
        0,
        0,
        0,
        0,
        0,
        0,
        0,
        0,
        0
      ]
    },
    {
      "command": "berry",
      "mean": 6.21112444164,
      "stddev": 0.10485924617756602,
      "median": 6.18734531284,
      "user": 12.219755399999999,
      "system": 3.3307432399999994,
      "min": 6.08231803534,
      "max": 6.41720167634,
      "times": [
        6.41720167634,
        6.30204844834,
        6.26349462634,
        6.08231803534,
        6.09048150634,
        6.13624028734,
        6.17688849234,
        6.12719961234,
        6.31756959834,
        6.19780213334
      ],
      "exit_codes": [
        0,
        0,
        0,
        0,
        0,
        0,
        0,
        0,
        0,
        0
      ]
    },
    {
      "command": "zpm",
      "mean": 2.7372644658399996,
      "stddev": 0.12783414617174252,
      "median": 2.69328506084,
      "user": 3.1083729999999994,
      "system": 1.27046094,
      "min": 2.60869898834,
      "max": 3.03968877834,
      "times": [
        3.03968877834,
        2.76122995834,
        2.87094677334,
        2.62052735134,
        2.72648507134,
        2.60869898834,
        2.66008505034,
        2.64425730234,
        2.78384006834,
        2.65688531634
      ],
      "exit_codes": [
        0,
        0,
        0,
        0,
        0,
        0,
        0,
        0,
        0,
        0
      ]
    },
    {
      "command": "pnpm",
      "mean": 3.8230785819400004,
      "stddev": 0.04534432785912633,
      "median": 3.8203189223400003,
      "user": 5.857361,
      "system": 2.11762914,
      "min": 3.76562851934,
      "max": 3.91676862934,
      "times": [
        3.91676862934,
        3.84862640534,
        3.87501503834,
        3.76693511634,
        3.81979609434,
        3.82779050034,
        3.80755619034,
        3.82084175034,
        3.76562851934,
        3.78182757534
      ],
      "exit_codes": [
        0,
        0,
        0,
        0,
        0,
        0,
        0,
        0,
        0,
        0
      ]
    },
    {
      "command": "vlt",
      "mean": 0.3716630724400001,
      "stddev": 0.004519326052235394,
      "median": 0.37258051084000005,
      "user": 0.3986598,
      "system": 0.08057344,
      "min": 0.36457996734000003,
      "max": 0.38027827634000005,
      "times": [
        0.37427087134000003,
        0.37355872134,
        0.37296350734000006,
        0.38027827634000005,
        0.36457996734000003,
        0.36636839434,
        0.37565598934000005,
        0.36739653934000005,
        0.36936094334,
        0.37219751434000004
      ],
      "exit_codes": [
        0,
        0,
        0,
        0,
        0,
        0,
        0,
        0,
        0,
        0
      ]
    },
    {
      "command": "bun",
      "mean": 2.250165611040001,
      "stddev": 0.06335624510187288,
      "median": 2.2889439738400004,
      "user": 3.6215927,
      "system": 3.03914154,
      "min": 2.14080788934,
      "max": 2.31986622134,
      "times": [
        2.29306493234,
        2.29683913134,
        2.14080788934,
        2.28482301534,
        2.31986622134,
        2.20160854534,
        2.30156039134,
        2.16043843034,
        2.30157357734,
        2.20107397634
      ],
      "exit_codes": [
        0,
        0,
        0,
        0,
        0,
        0,
        0,
        0,
        0,
        0
      ]
    },
    {
      "command": "deno",
      "mean": 6.14071091784,
      "stddev": 0.4349986452208619,
      "median": 6.00233488434,
      "user": 4.062541999999999,
      "system": 0.90260544,
      "min": 5.74399550834,
      "max": 7.12516458734,
      "times": [
        6.11265901234,
        5.76960119034,
        5.74399550834,
        6.81348521434,
        5.83752975834,
        5.95452940534,
        6.01998879934,
        7.12516458734,
        6.04547473334,
        5.98468096934
      ],
      "exit_codes": [
        0,
        0,
        0,
        0,
        0,
        0,
        0,
        0,
        0,
        0
      ]
    }
  ]
}