{
  "results": [
    {
      "command": "npm",
      "mean": 3.8725265088999996,
      "stddev": 0.3104447191365844,
      "median": 3.8902523762,
      "user": 1.42928262,
      "system": 0.30118324,
      "min": 3.3753281312,
      "max": 4.3176912652,
      "times": [
        3.9337225181999997,
        3.4136309691999998,
        3.3753281312,
        4.1927862252,
        4.1927553612,
        4.3176912652,
        3.7516722492,
        4.0537889672,
        3.6471071682,
        3.8467822342
      ],
      "exit_codes": [
        0,
        0,
        0,
        0,
        0,
        0,
        0,
        0,
        0,
        0
      ]
    },
    {
      "command": "yarn",
      "mean": 23.854189833099998,
      "stddev": 0.8711064240916476,
      "median": 23.5659923232,
      "user": 31.273116119999997,
      "system": 15.08700964,
      "min": 23.0271827502,
      "max": 25.7010462322,
      "times": [
        23.5364506702,
        23.595533976200002,
        23.0271827502,
        23.2671528212,
        23.3041972752,
        25.7010462322,
        23.8119610542,
        23.814847709200002,
        25.3314240112,
        23.1521018312
      ],
      "exit_codes": [
        0,
        0,
        0,
        0,
        0,
        0,
        0,
        0,
        0,
        0
      ]
    },
    {
      "command": "berry",
      "mean": 5.9405202204,
      "stddev": 0.11880268105735109,
      "median": 5.9474597667,
      "user": 11.318343320000002,
      "system": 3.195575539999999,
      "min": 5.7265186782,
      "max": 6.206128136199999,
      "times": [
        6.206128136199999,
        5.9819519062,
        5.9735525362,
        6.0181336301999995,
        5.8657341292,
        5.8661954712,
        5.9417212292,
        5.8720681832,
        5.7265186782,
        5.9531983042
      ],
      "exit_codes": [
        0,
        0,
        0,
        0,
        0,
        0,
        0,
        0,
        0,
        0
      ]
    },
    {
      "command": "pnpm",
      "mean": 4.2910360799,
      "stddev": 0.050201037350785876,
      "median": 4.2860685647,
      "user": 6.824980819999999,
      "system": 2.3888522400000003,
      "min": 4.2325082652,
      "max": 4.3643764902,
      "times": [
        4.2495802752,
        4.3225568542,
        4.3643764902,
        4.2325082652,
        4.3405810532,
        4.2476168022,
        4.2368305972,
        4.2443871312,
        4.3261111722,
        4.3458121582
      ],
      "exit_codes": [
        0,
        0,
        0,
        0,
        0,
        0,
        0,
        0,
        0,
        0
      ]
    },
    {
      "command": "vlt",
      "mean": 0.36043222610000003,
      "stddev": 0.0053538612065326015,
      "median": 0.35990418870000007,
      "user": 0.3825528199999999,
      "system": 0.08140704,
      "min": 0.3500058502,
      "max": 0.37016399720000004,
      "times": [
        0.35774786020000005,
        0.3559322502,
        0.3500058502,
        0.36224040620000003,
        0.36000165920000005,
        0.35938743320000005,
        0.36747104620000004,
        0.37016399720000004,
        0.3615650402,
        0.35980671820000004
      ],
      "exit_codes": [
        0,
        0,
        0,
        0,
        0,
        0,
        0,
        0,
        0,
        0
      ]
    },
    {
      "command": "bun",
      "mean": 2.4721253993,
      "stddev": 0.17683383484778226,
      "median": 2.4040500487,
      "user": 3.42530232,
      "system": 2.94117774,
      "min": 2.2846010981999996,
      "max": 2.8692914662,
      "times": [
        2.4767864692,
        2.5788029712,
        2.8692914662,
        2.4430279211999997,
        2.3449319812,
        2.3390276982,
        2.6821154182,
        2.3650721762,
        2.2846010981999996,
        2.3375967932
      ],
      "exit_codes": [
        0,
        0,
        0,
        0,
        0,
        0,
        0,
        0,
        0,
        0
      ]
    },
    {
      "command": "deno",
      "mean": 7.6662382870000005,
      "stddev": 0.46716998184421854,
      "median": 7.5148017212,
      "user": 3.9094870200000003,
      "system": 0.8828214400000001,
      "min": 7.0058169172,
      "max": 8.376712129200001,
      "times": [
        7.3634630382,
        7.2452107802,
        8.104747380200001,
        7.8923165762,
        7.3826798852,
        8.376712129200001,
        7.2746487092,
        7.0058169172,
        8.3698638972,
        7.6469235572
      ],
      "exit_codes": [
        0,
        0,
        0,
        0,
        0,
        0,
        0,
        0,
        0,
        0
      ]
    }
  ]
}