{
  "results": [
    {
      "command": "npm",
      "mean": 6.739392028540001,
      "stddev": 1.5965632295790546,
      "median": 6.8793570415400005,
      "user": 1.6731886599999999,
      "system": 0.30587274,
      "min": 4.90454251354,
      "max": 10.44549956854,
      "times": [
        6.78948320154,
        10.44549956854,
        7.29089759854,
        4.90454251354,
        6.96923088154,
        4.95716020654,
        5.95356427754,
        7.75161136754,
        5.03622148254,
        7.29570918754
      ],
      "exit_codes": [
        0,
        0,
        0,
        0,
        0,
        0,
        0,
        0,
        0,
        0
      ]
    },
    {
      "command": "yarn",
      "mean": 28.92000008614,
      "stddev": 2.170599420690348,
      "median": 28.915767478539998,
      "user": 32.10221435999999,
      "system": 16.09151594,
      "min": 25.970047110539998,
      "max": 31.72307460054,
      "times": [
        25.970047110539998,
        30.080357172539998,
        26.203873794539998,
        26.15633626854,
        28.677687133539997,
        31.711451500539997,
        28.20096296154,
        29.153847823539998,
        31.72307460054,
        31.32236249554
      ],
      "exit_codes": [
        0,
        0,
        0,
        0,
        0,
        0,
        0,
        0,
        0,
        0
      ]
    },
    {
      "command": "berry",
      "mean": 7.33535324164,
      "stddev": 2.156037660232067,
      "median": 6.45440463654,
      "user": 11.247712259999998,
      "system": 3.1963627399999996,
      "min": 6.10636963554,
      "max": 13.42758499454,
      "times": [
        6.33207384354,
        6.57673542954,
        6.78889252454,
        8.69346237054,
        6.1775627775399995,
        6.32811187854,
        6.10636963554,
        6.10680208154,
        6.81593688054,
        13.42758499454
      ],
      "exit_codes": [
        0,
        0,
        0,
        0,
        0,
        0,
        0,
        0,
        0,
        0
      ]
    },
    {
      "command": "pnpm",
      "mean": 5.70227888034,
      "stddev": 1.3203920174584707,
      "median": 5.10295660154,
      "user": 6.77168686,
      "system": 2.37016904,
      "min": 4.64704343954,
      "max": 9.20464831354,
      "times": [
        6.23255876454,
        5.66239051754,
        5.06125663754,
        5.14465656554,
        6.56694869654,
        4.64704343954,
        4.86158559454,
        4.96462942254,
        9.20464831354,
        4.67707085154
      ],
      "exit_codes": [
        0,
        0,
        0,
        0,
        0,
        0,
        0,
        0,
        0,
        0
      ]
    },
    {
      "command": "vlt",
      "mean": 0.32547075124,
      "stddev": 0.012396002266602976,
      "median": 0.32208052104,
      "user": 0.34732646,
      "system": 0.07735454,
      "min": 0.31792931654,
      "max": 0.36229167854,
      "times": [
        0.32307673554,
        0.36229167854,
        0.32122164654,
        0.32369993154,
        0.31958831354,
        0.32078844154,
        0.31792931654,
        0.32298526954,
        0.32293939554,
        0.32018678354
      ],
      "exit_codes": [
        0,
        0,
        0,
        0,
        0,
        0,
        0,
        0,
        0,
        0
      ]
    },
    {
      "command": "bun",
      "mean": 3.8115069475400007,
      "stddev": 0.9266497809174687,
      "median": 3.41219127254,
      "user": 3.2073975600000004,
      "system": 2.93234714,
      "min": 2.9907528915399997,
      "max": 5.87117027954,
      "times": [
        5.87117027954,
        2.9907528915399997,
        3.17819078954,
        3.89760121854,
        3.2789317265399998,
        3.3519226185399997,
        3.1660405905399998,
        5.29376712054,
        3.47245992654,
        3.61423231354
      ],
      "exit_codes": [
        0,
        0,
        0,
        0,
        0,
        0,
        0,
        0,
        0,
        0
      ]
    },
    {
      "command": "deno",
      "mean": 11.905801742140003,
      "stddev": 1.8722266058836843,
      "median": 10.98160576754,
      "user": 3.5292242600000003,
      "system": 0.82102914,
      "min": 9.99168508254,
      "max": 14.88623297554,
      "times": [
        14.88623297554,
        14.446424718540001,
        11.14648047754,
        10.44232828454,
        10.81673105754,
        9.99168508254,
        10.80338296454,
        14.644005235540002,
        10.05460848254,
        11.826138142540001
      ],
      "exit_codes": [
        0,
        0,
        0,
        0,
        0,
        0,
        0,
        0,
        0,
        0
      ]
    }
  ]
}