{
  "results": [
    {
      "command": "npm",
      "mean": 3.029486254519999,
      "stddev": 0.20812754491090735,
      "median": 2.92108983422,
      "user": 1.6445475799999998,
      "system": 0.2851741,
      "min": 2.7845302842199997,
      "max": 3.3850508422199996,
      "times": [
        2.7845302842199997,
        3.22344359522,
        2.92156543722,
        2.87751365922,
        3.3850508422199996,
        2.9206142312199996,
        2.8756851322199997,
        3.19391229322,
        3.29122053122,
        2.8213265392199998
      ],
      "exit_codes": [
        0,
        0,
        0,
        0,
        0,
        0,
        0,
        0,
        0,
        0
      ]
    },
    {
      "command": "yarn",
      "mean": 24.37609240492,
      "stddev": 0.29313395639165446,
      "median": 24.44782678822,
      "user": 35.069439980000006,
      "system": 15.6318072,
      "min": 23.88982374022,
      "max": 24.87742793522,
      "times": [
        24.519726998219998,
        24.62119064222,
        24.52764201622,
        24.87742793522,
        24.26839829222,
        24.01848322822,
        24.37592657822,
        24.08186561522,
        23.88982374022,
        24.58043900322
      ],
      "exit_codes": [
        0,
        0,
        0,
        0,
        0,
        0,
        0,
        0,
        0,
        0
      ]
    },
    {
      "command": "berry",
      "mean": 6.50870021692,
      "stddev": 0.07341926737059515,
      "median": 6.515707104720001,
      "user": 12.67010118,
      "system": 3.3412296000000006,
      "min": 6.3830461542200005,
      "max": 6.60929725222,
      "times": [
        6.58284949222,
        6.60008385322,
        6.468467818220001,
        6.49156751122,
        6.60929725222,
        6.51454582822,
        6.3830461542200005,
        6.39924277522,
        6.521033103220001,
        6.51686838122
      ],
      "exit_codes": [
        0,
        0,
        0,
        0,
        0,
        0,
        0,
        0,
        0,
        0
      ]
    },
    {
      "command": "zpm",
      "mean": 2.71668535452,
      "stddev": 0.1290163641997566,
      "median": 2.6590603007199998,
      "user": 3.1369168800000002,
      "system": 1.1724329,
      "min": 2.6105643282199997,
      "max": 3.0070069032199997,
      "times": [
        2.6215660052199996,
        2.71150284422,
        3.0070069032199997,
        2.63305614822,
        2.62624733822,
        2.6105643282199997,
        2.72467071722,
        2.91411865922,
        2.63701998522,
        2.6811006162199997
      ],
      "exit_codes": [
        0,
        0,
        0,
        0,
        0,
        0,
        0,
        0,
        0,
        0
      ]
    },
    {
      "command": "pnpm",
      "mean": 3.6755414447199994,
      "stddev": 0.08121860638785244,
      "median": 3.65082518022,
      "user": 5.804756280000001,
      "system": 1.9744770000000003,
      "min": 3.57328151622,
      "max": 3.8279558672199996,
      "times": [
        3.6772957972199998,
        3.62392888122,
        3.63432659922,
        3.7486516762199997,
        3.57328151622,
        3.6173909272199998,
        3.8279558672199996,
        3.78889402522,
        3.59636539622,
        3.66732376122
      ],
      "exit_codes": [
        0,
        0,
        0,
        0,
        0,
        0,
        0,
        0,
        0,
        0
      ]
    },
    {
      "command": "vlt",
      "mean": 0.35710720082,
      "stddev": 0.010597877068918418,
      "median": 0.35292812522000006,
      "user": 0.38447668,
      "system": 0.0805015,
      "min": 0.34701889022000004,
      "max": 0.38219789522000003,
      "times": [
        0.35089936922000003,
        0.35039562622000003,
        0.38219789522000003,
        0.35571614622000003,
        0.34701889022000004,
        0.34959349822,
        0.35439115822000006,
        0.37160493122000005,
        0.35778940122,
        0.35146509222000005
      ],
      "exit_codes": [
        0,
        0,
        0,
        0,
        0,
        0,
        0,
        0,
        0,
        0
      ]
    },
    {
      "command": "bun",
      "mean": 2.2468594179199997,
      "stddev": 0.05183306078336807,
      "median": 2.25120015072,
      "user": 3.8575778799999996,
      "system": 2.8654043,
      "min": 2.13771755222,
      "max": 2.33884236322,
      "times": [
        2.2213617912199997,
        2.33884236322,
        2.25691650822,
        2.27082196122,
        2.13771755222,
        2.2716917462199997,
        2.2454837932199996,
        2.1940227162199997,
        2.2431139882199997,
        2.2886217592199998
      ],
      "exit_codes": [
        0,
        0,
        0,
        0,
        0,
        0,
        0,
        0,
        0,
        0
      ]
    },
    {
      "command": "deno",
      "mean": 1.69050957942,
      "stddev": 0.06706623203187215,
      "median": 1.67307144622,
      "user": 2.09618578,
      "system": 0.5908950999999998,
      "min": 1.59301762722,
      "max": 1.81555061222,
      "times": [
        1.78919022522,
        1.65327210122,
        1.63344935622,
        1.67171030622,
        1.81555061222,
        1.6768819412200002,
        1.67443258622,
        1.7463537832200002,
        1.59301762722,
        1.65123725522
      ],
      "exit_codes": [
        0,
        0,
        0,
        0,
        0,
        0,
        0,
        0,
        0,
        0
      ]
    }
  ]
}