{
  "results": [
    {
      "command": "npm",
      "mean": 3.2397439090999995,
      "stddev": 0.15405766703946255,
      "median": 3.2840064853,
      "user": 1.4693807,
      "system": 0.31620983999999996,
      "min": 2.9375247562999998,
      "max": 3.4171142333,
      "times": [
        3.3468346933,
        3.0353144923,
        3.4171142333,
        2.9375247562999998,
        3.3462390543,
        3.3322120773,
        3.4143614553,
        3.1635736782999997,
        3.2358008933,
        3.1684637573
      ],
      "exit_codes": [
        0,
        0,
        0,
        0,
        0,
        0,
        0,
        0,
        0,
        0
      ]
    },
    {
      "command": "yarn",
      "mean": 23.7098863236,
      "stddev": 0.8603870280394699,
      "median": 23.3923782453,
      "user": 31.718015799999996,
      "system": 15.52628034,
      "min": 22.8289788133,
      "max": 25.4880207983,
      "times": [
        25.1440462603,
        23.0988287783,
        23.0289793123,
        23.4200797213,
        23.9970665613,
        23.3646767693,
        25.4880207983,
        22.8289788133,
        23.5162145073,
        23.2119717143
      ],
      "exit_codes": [
        0,
        0,
        0,
        0,
        0,
        0,
        0,
        0,
        0,
        0
      ]
    },
    {
      "command": "berry",
      "mean": 5.967403063500001,
      "stddev": 0.09185589343094755,
      "median": 5.9661049518,
      "user": 11.671961499999998,
      "system": 3.2397646399999998,
      "min": 5.747760271300001,
      "max": 6.0695095783,
      "times": [
        5.956733548300001,
        6.047801568300001,
        5.9723259483,
        5.9552180933,
        6.0257629033,
        5.8815272143,
        5.9598839553000005,
        6.0695095783,
        6.057507554300001,
        5.747760271300001
      ],
      "exit_codes": [
        0,
        0,
        0,
        0,
        0,
        0,
        0,
        0,
        0,
        0
      ]
    },
    {
      "command": "zpm",
      "mean": 4.095893202600001,
      "stddev": 0.06280978632877213,
      "median": 4.0735776113,
      "user": 3.2529317,
      "system": 2.32685714,
      "min": 4.014637700300001,
      "max": 4.2053944413,
      "times": [
        4.1568865633000005,
        4.0408156773,
        4.0552061493,
        4.1174995473000005,
        4.0919490733,
        4.1812003223000005,
        4.014637700300001,
        4.043303719300001,
        4.2053944413,
        4.0520388323
      ],
      "exit_codes": [
        0,
        0,
        0,
        0,
        0,
        0,
        0,
        0,
        0,
        0
      ]
    },
    {
      "command": "pnpm",
      "mean": 3.7215302257000005,
      "stddev": 0.05149225341346858,
      "median": 3.7003157768,
      "user": 5.6612667000000005,
      "system": 2.1082303399999995,
      "min": 3.6492319923,
      "max": 3.8124469883,
      "times": [
        3.6910968563,
        3.6796928912999998,
        3.7385808333,
        3.7063062102999997,
        3.8074907243,
        3.7469551493,
        3.6891752683,
        3.6492319923,
        3.6943253433,
        3.8124469883
      ],
      "exit_codes": [
        0,
        0,
        0,
        0,
        0,
        0,
        0,
        0,
        0,
        0
      ]
    },
    {
      "command": "vlt",
      "mean": 0.3565966326,
      "stddev": 0.0032601782764628,
      "median": 0.3569410918,
      "user": 0.37327849999999996,
      "system": 0.08313193999999999,
      "min": 0.3504855033,
      "max": 0.3630453393,
      "times": [
        0.35414453830000003,
        0.35462957030000003,
        0.3504855033,
        0.3630453393,
        0.3578026223,
        0.3600490353,
        0.3547286713,
        0.3570154023,
        0.3568667813,
        0.35719886230000003
      ],
      "exit_codes": [
        0,
        0,
        0,
        0,
        0,
        0,
        0,
        0,
        0,
        0
      ]
    },
    {
      "command": "bun",
      "mean": 1.9672420467999998,
      "stddev": 0.057119647368327316,
      "median": 1.9721585593000002,
      "user": 3.5506789000000003,
      "system": 2.3426759400000003,
      "min": 1.8766690663,
      "max": 2.0461311243,
      "times": [
        2.0461311243,
        2.0382869633,
        1.9779605643000002,
        2.0254726953,
        1.9673703133000002,
        1.9617723153000002,
        1.8819148833000001,
        1.8766690663,
        1.9198957373000003,
        1.9769468053
      ],
      "exit_codes": [
        0,
        0,
        0,
        0,
        0,
        0,
        0,
        0,
        0,
        0
      ]
    },
    {
      "command": "deno",
      "mean": 6.028055499000001,
      "stddev": 1.031760586871722,
      "median": 5.4999213383,
      "user": 3.9341930000000005,
      "system": 0.85586284,
      "min": 5.3162956733,
      "max": 8.5988012043,
      "times": [
        5.346471317300001,
        6.321115815300001,
        5.473546911300001,
        8.5988012043,
        5.3162956733,
        7.258500525300001,
        5.5353471373000005,
        5.5262957653,
        5.4571568233,
        5.447023817300001
      ],
      "exit_codes": [
        0,
        0,
        0,
        0,
        0,
        0,
        0,
        0,
        0,
        0
      ]
    }
  ]
}