{
  "results": [
    {
      "command": "npm",
      "mean": 3.9685797927000004,
      "stddev": 0.11614969891225327,
      "median": 3.9338629281,
      "user": 1.4409540799999998,
      "system": 0.28781555999999997,
      "min": 3.8034754386,
      "max": 4.253341354600001,
      "times": [
        3.9505164126,
        4.253341354600001,
        3.9172094436,
        3.8874857036,
        4.0554649276,
        3.9986890836,
        3.9030216216,
        3.9132828716,
        3.8034754386,
        4.0033110696000005
      ],
      "exit_codes": [
        0,
        0,
        0,
        0,
        0,
        0,
        0,
        0,
        0,
        0
      ]
    },
    {
      "command": "yarn",
      "mean": 23.905189386700002,
      "stddev": 0.6491253107242375,
      "median": 23.739786560600002,
      "user": 30.925748079999998,
      "system": 14.99149666,
      "min": 23.4481713466,
      "max": 25.7676484026,
      "times": [
        23.7545567206,
        23.5376907616,
        23.7250164006,
        25.7676484026,
        23.7694355826,
        23.7972753206,
        23.4481713466,
        24.138061061600002,
        23.4593946896,
        23.654643580600002
      ],
      "exit_codes": [
        0,
        0,
        0,
        0,
        0,
        0,
        0,
        0,
        0,
        0
      ]
    },
    {
      "command": "berry",
      "mean": 5.8750543003,
      "stddev": 0.10252989989279021,
      "median": 5.8781058981,
      "user": 11.054597779999998,
      "system": 3.16531706,
      "min": 5.7268750256,
      "max": 6.035675497600001,
      "times": [
        5.775235702600001,
        5.9033492876,
        5.9590367426,
        5.912703958600001,
        5.7268750256,
        5.797322446600001,
        6.035675497600001,
        5.8528625086,
        5.7694438226,
        6.018038010600001
      ],
      "exit_codes": [
        0,
        0,
        0,
        0,
        0,
        0,
        0,
        0,
        0,
        0
      ]
    },
    {
      "command": "pnpm",
      "mean": 4.425530026400001,
      "stddev": 0.0736312667236396,
      "median": 4.4443036531,
      "user": 6.69412318,
      "system": 2.2929480599999996,
      "min": 4.3062670246,
      "max": 4.5510335066000005,
      "times": [
        4.377106284600001,
        4.442530346600001,
        4.343589858600001,
        4.3512282596,
        4.486427018600001,
        4.4460769596,
        4.3062670246,
        4.5510335066000005,
        4.486550425600001,
        4.4644905796000005
      ],
      "exit_codes": [
        0,
        0,
        0,
        0,
        0,
        0,
        0,
        0,
        0,
        0
      ]
    },
    {
      "command": "vlt",
      "mean": 0.33673965980000004,
      "stddev": 0.004495633376469101,
      "median": 0.3357746531000001,
      "user": 0.35722417999999995,
      "system": 0.07316015999999999,
      "min": 0.33167845860000006,
      "max": 0.34780141960000005,
      "times": [
        0.3342933256,
        0.34780141960000005,
        0.33394328460000006,
        0.33349856460000005,
        0.33167845860000006,
        0.33622334760000006,
        0.33574382860000007,
        0.3364170946,
        0.33580547760000007,
        0.34199179660000006
      ],
      "exit_codes": [
        0,
        0,
        0,
        0,
        0,
        0,
        0,
        0,
        0,
        0
      ]
    },
    {
      "command": "bun",
      "mean": 2.430750836,
      "stddev": 0.10832954242791308,
      "median": 2.4065308266,
      "user": 3.3387405799999996,
      "system": 2.8896158599999997,
      "min": 2.2417479856,
      "max": 2.5940804556,
      "times": [
        2.3596966195999998,
        2.5494774116,
        2.3603759535999997,
        2.4403165796,
        2.3613983676,
        2.3951707706,
        2.5873533336,
        2.5940804556,
        2.4178908826,
        2.2417479856
      ],
      "exit_codes": [
        0,
        0,
        0,
        0,
        0,
        0,
        0,
        0,
        0,
        0
      ]
    },
    {
      "command": "deno",
      "mean": 8.817704206,
      "stddev": 0.7520201259308055,
      "median": 8.7791181961,
      "user": 3.7531001799999992,
      "system": 0.8290156599999999,
      "min": 7.8561474356000005,
      "max": 10.0711314886,
      "times": [
        8.8704727776,
        9.3675688526,
        7.8561474356000005,
        8.5348127666,
        8.6877636146,
        9.0736364076,
        7.8919276506000005,
        7.9585446176,
        9.8650364486,
        10.0711314886
      ],
      "exit_codes": [
        0,
        0,
        0,
        0,
        0,
        0,
        0,
        0,
        0,
        0
      ]
    }
  ]
}