{
  "results": [
    {
      "command": "npm",
      "mean": 4.564269788,
      "stddev": 0.505326742499739,
      "median": 4.7961314952,
      "user": 1.45104692,
      "system": 0.29932398,
      "min": 3.6463823342,
      "max": 5.1426553442,
      "times": [
        4.9556891242,
        4.0640513082,
        4.9822555051999995,
        4.7140404652,
        3.6463823342,
        5.1426553442,
        5.006314242199999,
        3.9043332572000002,
        4.8782225252,
        4.3487537741999995
      ],
      "exit_codes": [
        0,
        0,
        0,
        0,
        0,
        0,
        0,
        0,
        0,
        0
      ]
    },
    {
      "command": "yarn",
      "mean": 25.5677617483,
      "stddev": 0.5146857292969941,
      "median": 25.4790595147,
      "user": 32.34861602,
      "system": 15.932183379999998,
      "min": 24.999101286200002,
      "max": 26.3485322382,
      "times": [
        25.157902712200002,
        25.0756807452,
        26.2640981812,
        26.2708411532,
        24.999101286200002,
        26.3485322382,
        25.5660055542,
        25.5793755882,
        25.392113475200002,
        25.0239665492
      ],
      "exit_codes": [
        0,
        0,
        0,
        0,
        0,
        0,
        0,
        0,
        0,
        0
      ]
    },
    {
      "command": "berry",
      "mean": 6.265001282400001,
      "stddev": 0.3633684330926564,
      "median": 6.1364790882,
      "user": 11.521245219999997,
      "system": 3.1770736799999995,
      "min": 5.8995819742,
      "max": 7.1330116972,
      "times": [
        7.1330116972,
        6.1247775712,
        6.148180605199999,
        6.2597336352,
        5.9082995092,
        5.8995819742,
        6.6661639992,
        6.4057955122,
        6.0798469352,
        6.0246213852
      ],
      "exit_codes": [
        0,
        0,
        0,
        0,
        0,
        0,
        0,
        0,
        0,
        0
      ]
    },
    {
      "command": "zpm",
      "mean": 3.5098521159000002,
      "stddev": 0.35784285926794157,
      "median": 3.4884756772000003,
      "user": 3.1075748199999995,
      "system": 1.17245318,
      "min": 2.8986123892,
      "max": 4.153963528199999,
      "times": [
        3.5268028262000004,
        3.3291470412,
        2.8986123892,
        3.7081690412,
        3.5761935362000004,
        3.2774369352000003,
        3.1735531122,
        4.0044942212,
        3.4501485282,
        4.153963528199999
      ],
      "exit_codes": [
        0,
        0,
        0,
        0,
        0,
        0,
        0,
        0,
        0,
        0
      ]
    },
    {
      "command": "pnpm",
      "mean": 3.9920883223,
      "stddev": 0.13323093422523968,
      "median": 3.9941080977,
      "user": 5.55081452,
      "system": 1.91930718,
      "min": 3.7681414722000004,
      "max": 4.2347062322,
      "times": [
        4.0305961382,
        3.9879680282000005,
        3.9711281982,
        3.7681414722000004,
        3.8304626912,
        4.0002481672,
        3.8832632642000005,
        4.138992003199999,
        4.2347062322,
        4.0753770282
      ],
      "exit_codes": [
        0,
        0,
        0,
        0,
        0,
        0,
        0,
        0,
        0,
        0
      ]
    },
    {
      "command": "vlt",
      "mean": 0.34786771650000003,
      "stddev": 0.0040180323477663985,
      "median": 0.3471657817,
      "user": 0.37180292000000004,
      "system": 0.07314808,
      "min": 0.3431461572,
      "max": 0.3577023182,
      "times": [
        0.3431461572,
        0.3521570312,
        0.3577023182,
        0.3477954202,
        0.3476091082,
        0.34782971619999997,
        0.3462778352,
        0.3467224552,
        0.3443391812,
        0.3450979422
      ],
      "exit_codes": [
        0,
        0,
        0,
        0,
        0,
        0,
        0,
        0,
        0,
        0
      ]
    },
    {
      "command": "bun",
      "mean": 2.6075945789,
      "stddev": 0.16962777299880835,
      "median": 2.5939336897,
      "user": 3.6413290199999997,
      "system": 2.9699416800000003,
      "min": 2.3951549132000003,
      "max": 2.9946526692,
      "times": [
        2.7681662342,
        2.9946526692,
        2.4809917082000004,
        2.6071870662000003,
        2.3951549132000003,
        2.6634806542000002,
        2.4717225552000004,
        2.6654488992000003,
        2.5806803132000002,
        2.4484607762
      ],
      "exit_codes": [
        0,
        0,
        0,
        0,
        0,
        0,
        0,
        0,
        0,
        0
      ]
    },
    {
      "command": "deno",
      "mean": 9.1929406404,
      "stddev": 1.0698793033830583,
      "median": 9.0778030677,
      "user": 3.6821792199999996,
      "system": 0.8112813800000002,
      "min": 7.7068643122,
      "max": 11.4947398132,
      "times": [
        8.098690834200001,
        9.0494115442,
        9.2547914632,
        11.4947398132,
        7.7068643122,
        10.6738660892,
        8.598872315200001,
        8.7891870432,
        9.1567883982,
        9.106194591200001
      ],
      "exit_codes": [
        0,
        0,
        0,
        0,
        0,
        0,
        0,
        0,
        0,
        0
      ]
    }
  ]
}