{
  "results": [
    {
      "command": "npm",
      "mean": 0.6611626664000001,
      "stddev": 0.011802711347752494,
      "median": 0.6588037590000001,
      "user": 0.75113504,
      "system": 0.12095001999999999,
      "min": 0.6464635055000001,
      "max": 0.6835546075000001,
      "times": [
        0.6630903225000001,
        0.6656751085000001,
        0.6793524565000001,
        0.6528254915000001,
        0.6541815445000001,
        0.6487524175000001,
        0.6464635055000001,
        0.6632140145000001,
        0.6835546075000001,
        0.6545171955000001
      ],
      "exit_codes": [
        0,
        0,
        0,
        0,
        0,
        0,
        0,
        0,
        0,
        0
      ]
    },
    {
      "command": "yarn",
      "mean": 27.741959106199992,
      "stddev": 0.8375173775488991,
      "median": 27.4697888085,
      "user": 32.635856340000004,
      "system": 16.176552519999998,
      "min": 26.6282107825,
      "max": 29.4668751555,
      "times": [
        27.1780780155,
        29.4668751555,
        27.4393965875,
        26.895724494499998,
        28.2468573255,
        27.5001810295,
        27.237746231499997,
        28.0938372515,
        26.6282107825,
        28.7326841885
      ],
      "exit_codes": [
        0,
        0,
        0,
        0,
        0,
        0,
        0,
        0,
        0,
        0
      ]
    },
    {
      "command": "berry",
      "mean": 6.643770509099999,
      "stddev": 0.5696649262737673,
      "median": 6.423271436,
      "user": 11.35693184,
      "system": 3.2588428199999995,
      "min": 6.1772019475,
      "max": 8.1747433065,
      "times": [
        8.1747433065,
        6.3583490255,
        6.2574610075,
        6.8804225005,
        6.9390091395,
        6.1772019475,
        6.488193846500001,
        6.611950049500001,
        6.3552584665000005,
        6.1951158015
      ],
      "exit_codes": [
        0,
        0,
        0,
        0,
        0,
        0,
        0,
        0,
        0,
        0
      ]
    },
    {
      "command": "pnpm",
      "mean": 5.622228696500001,
      "stddev": 0.6628066944547234,
      "median": 5.3970455575,
      "user": 6.82424144,
      "system": 2.36565162,
      "min": 4.823238288500001,
      "max": 6.9562137555,
      "times": [
        5.1394368395,
        6.9562137555,
        6.1697685645,
        4.9614592025,
        5.1613918425000005,
        5.4032775625000005,
        5.7772527555,
        4.823238288500001,
        6.4394346015,
        5.3908135525
      ],
      "exit_codes": [
        0,
        0,
        0,
        0,
        0,
        0,
        0,
        0,
        0,
        0
      ]
    },
    {
      "command": "vlt",
      "mean": 0.3178905432,
      "stddev": 0.00509995684219023,
      "median": 0.31645712150000005,
      "user": 0.34832624,
      "system": 0.07459851999999999,
      "min": 0.3137014335,
      "max": 0.3319844575,
      "times": [
        0.3185435225,
        0.3182593545,
        0.3319844575,
        0.3147792655,
        0.3199656575,
        0.3137014335,
        0.3144947375,
        0.3169854615,
        0.31592878150000003,
        0.3142627605
      ],
      "exit_codes": [
        0,
        0,
        0,
        0,
        0,
        0,
        0,
        0,
        0,
        0
      ]
    },
    {
      "command": "bun",
      "mean": 3.3192827937,
      "stddev": 0.2772350840201767,
      "median": 3.4144415649999997,
      "user": 3.35649334,
      "system": 2.88544962,
      "min": 2.8630922615,
      "max": 3.7832612465,
      "times": [
        3.2618795214999996,
        2.8630922615,
        3.7832612465,
        3.4592388224999997,
        3.5279078655,
        3.4345735595,
        3.4678331275,
        3.3943095705,
        2.8692251805,
        3.1315067814999997
      ],
      "exit_codes": [
        0,
        0,
        0,
        0,
        0,
        0,
        0,
        0,
        0,
        0
      ]
    },
    {
      "command": "deno",
      "mean": 11.9687164493,
      "stddev": 1.4395302728474453,
      "median": 12.2884724575,
      "user": 3.1800007399999997,
      "system": 0.8155142200000001,
      "min": 9.3979422285,
      "max": 14.2188000705,
      "times": [
        13.3200909345,
        12.7869690545,
        10.2442040695,
        11.1623758555,
        9.3979422285,
        13.1413225995,
        12.4808138235,
        14.2188000705,
        10.838514765500001,
        12.0961310915
      ],
      "exit_codes": [
        0,
        0,
        0,
        0,
        0,
        0,
        0,
        0,
        0,
        0
      ]
    }
  ]
}