{
  "results": [
    {
      "command": "npm",
      "mean": 7.8085718099,
      "stddev": 0.028832950972512945,
      "median": 7.806176147,
      "user": 7.290735100000001,
      "system": 5.028560779999999,
      "min": 7.770021358,
      "max": 7.860542896,
      "times": [
        7.805169949000001,
        7.807684441,
        7.7856332130000006,
        7.807182345,
        7.822706666,
        7.860542896,
        7.771774215000001,
        7.770021358,
        7.8531458590000005,
        7.801857157000001
      ],
      "exit_codes": [
        0,
        0,
        0,
        0,
        0,
        0,
        0,
        0,
        0,
        0
      ]
    },
    {
      "command": "yarn",
      "mean": 3.9389957184999993,
      "stddev": 0.03764677521959599,
      "median": 3.9482226705,
      "user": 3.5072012999999997,
      "system": 4.3777336799999995,
      "min": 3.8670441199999996,
      "max": 3.986572052,
      "times": [
        3.907935208,
        3.986572052,
        3.923879404,
        3.980665632,
        3.962957776,
        3.965141122,
        3.8670441199999996,
        3.896561145,
        3.965713161,
        3.9334875649999996
      ],
      "exit_codes": [
        0,
        0,
        0,
        0,
        0,
        0,
        0,
        0,
        0,
        0
      ]
    },
    {
      "command": "berry",
      "mean": 4.1356505504,
      "stddev": 0.03510180844225522,
      "median": 4.1436821925,
      "user": 4.317370800000001,
      "system": 2.36500868,
      "min": 4.086072184000001,
      "max": 4.202528219,
      "times": [
        4.086072184000001,
        4.144089474,
        4.094883167,
        4.147869962000001,
        4.202528219,
        4.129754932,
        4.1502675280000005,
        4.143274911000001,
        4.0894486500000005,
        4.168316477
      ],
      "exit_codes": [
        0,
        0,
        0,
        0,
        0,
        0,
        0,
        0,
        0,
        0
      ]
    },
    {
      "command": "pnpm",
      "mean": 1.4133769982,
      "stddev": 0.03539260639697492,
      "median": 1.3989906105000003,
      "user": 1.9691254999999999,
      "system": 0.78289868,
      "min": 1.3708991480000001,
      "max": 1.4901233120000001,
      "times": [
        1.382121683,
        1.4901233120000001,
        1.3975351720000002,
        1.396124758,
        1.4373349690000001,
        1.4505395060000001,
        1.4004460490000001,
        1.3708991480000001,
        1.381736228,
        1.426909157
      ],
      "exit_codes": [
        0,
        0,
        0,
        0,
        0,
        0,
        0,
        0,
        0,
        0
      ]
    },
    {
      "command": "vlt",
      "mean": 2.8454184835,
      "stddev": 0.04534306456507227,
      "median": 2.8332822259999997,
      "user": 2.6076811999999996,
      "system": 2.77370958,
      "min": 2.7646537629999997,
      "max": 2.924564083,
      "times": [
        2.830387489,
        2.802685015,
        2.7646537629999997,
        2.902312218,
        2.819444403,
        2.8361769629999998,
        2.924564083,
        2.876242333,
        2.82949249,
        2.8682260779999997
      ],
      "exit_codes": [
        0,
        0,
        0,
        0,
        0,
        0,
        0,
        0,
        0,
        0
      ]
    },
    {
      "command": "bun",
      "mean": 0.3352726053,
      "stddev": 0.009556489908287646,
      "median": 0.33108355050000005,
      "user": 0.0494313,
      "system": 0.29488738,
      "min": 0.328467031,
      "max": 0.35790933100000005,
      "times": [
        0.33032976000000003,
        0.33061048200000004,
        0.32949686800000005,
        0.328467031,
        0.33155512200000004,
        0.33193032100000003,
        0.33183058400000004,
        0.349984575,
        0.33061197900000006,
        0.35790933100000005
      ],
      "exit_codes": [
        0,
        0,
        0,
        0,
        0,
        0,
        0,
        0,
        0,
        0
      ]
    },
    {
      "command": "deno",
      "mean": 0.5080663851,
      "stddev": 0.019856790296069442,
      "median": 0.500044315,
      "user": 0.4038043,
      "system": 0.65396258,
      "min": 0.49229855100000003,
      "max": 0.5484113939999999,
      "times": [
        0.49406652800000006,
        0.513124377,
        0.494868817,
        0.49229855100000003,
        0.501140607,
        0.500951284,
        0.543647665,
        0.49301728200000006,
        0.5484113939999999,
        0.49913734600000004
      ],
      "exit_codes": [
        0,
        0,
        0,
        0,
        0,
        0,
        0,
        0,
        0,
        0
      ]
    }
  ]
}