{
  "results": [
    {
      "command": "npm",
      "mean": 3.6296969401399997,
      "stddev": 0.02502189720225851,
      "median": 3.6234409225400004,
      "user": 4.06069482,
      "system": 2.5039511999999995,
      "min": 3.5826616070400004,
      "max": 3.67315834404,
      "times": [
        3.61912498504,
        3.60924632204,
        3.62482837704,
        3.64593670204,
        3.6215691960400003,
        3.6220534680400003,
        3.63407132404,
        3.5826616070400004,
        3.67315834404,
        3.6643190760400004
      ],
      "exit_codes": [
        0,
        0,
        0,
        0,
        0,
        0,
        0,
        0,
        0,
        0
      ]
    },
    {
      "command": "yarn",
      "mean": 2.75198309204,
      "stddev": 0.03162533615219308,
      "median": 2.7583125120400003,
      "user": 2.92100772,
      "system": 2.9067795999999992,
      "min": 2.6862688240400003,
      "max": 2.8087327170400003,
      "times": [
        2.76726902104,
        2.7603793910400003,
        2.73857757704,
        2.7624381720400004,
        2.8087327170400003,
        2.6862688240400003,
        2.7450928130400003,
        2.7770962960400003,
        2.7177304760400003,
        2.7562456330400003
      ],
      "exit_codes": [
        0,
        0,
        0,
        0,
        0,
        0,
        0,
        0,
        0,
        0
      ]
    },
    {
      "command": "berry",
      "mean": 2.90266869934,
      "stddev": 0.02012956035585681,
      "median": 2.90276534904,
      "user": 3.479339520000001,
      "system": 1.5744611000000002,
      "min": 2.8641476200400002,
      "max": 2.93413473804,
      "times": [
        2.89018605504,
        2.90007958304,
        2.88227759904,
        2.93413473804,
        2.9201179030400004,
        2.8641476200400002,
        2.8918897070400003,
        2.90545111504,
        2.9227106490400003,
        2.91569202404
      ],
      "exit_codes": [
        0,
        0,
        0,
        0,
        0,
        0,
        0,
        0,
        0,
        0
      ]
    },
    {
      "command": "pnpm",
      "mean": 1.2639317789399998,
      "stddev": 0.036225595559655585,
      "median": 1.24955673604,
      "user": 1.8871350199999999,
      "system": 0.6778048,
      "min": 1.23408095604,
      "max": 1.36379440504,
      "times": [
        1.24504083604,
        1.24889970904,
        1.24822699204,
        1.29140076104,
        1.2502137630399999,
        1.24487719504,
        1.36379440504,
        1.25866487804,
        1.23408095604,
        1.25411829404
      ],
      "exit_codes": [
        0,
        0,
        0,
        0,
        0,
        0,
        0,
        0,
        0,
        0
      ]
    },
    {
      "command": "vlt",
      "mean": 1.79000123454,
      "stddev": 0.01722070160724263,
      "median": 1.7806861600400001,
      "user": 2.03341042,
      "system": 1.5731928,
      "min": 1.76531093804,
      "max": 1.8224805580399999,
      "times": [
        1.76531093804,
        1.80431676204,
        1.77921723904,
        1.77860202404,
        1.78098911204,
        1.77934753404,
        1.7803832080400002,
        1.8224805580399999,
        1.79657282404,
        1.81279214604
      ],
      "exit_codes": [
        0,
        0,
        0,
        0,
        0,
        0,
        0,
        0,
        0,
        0
      ]
    },
    {
      "command": "bun",
      "mean": 0.28610792403999996,
      "stddev": 0.001367815790703846,
      "median": 0.28668129954,
      "user": 0.18517031999999997,
      "system": 0.26758350000000003,
      "min": 0.28366989604,
      "max": 0.28771421803999997,
      "times": [
        0.28522119804,
        0.28716418604,
        0.28673273004,
        0.28771421803999997,
        0.28397658904,
        0.28555963104,
        0.28662986904,
        0.28763433604,
        0.28366989604,
        0.28677658704
      ],
      "exit_codes": [
        0,
        0,
        0,
        0,
        0,
        0,
        0,
        0,
        0,
        0
      ]
    },
    {
      "command": "deno",
      "mean": 0.58023347354,
      "stddev": 0.029453388620083582,
      "median": 0.5732034670399999,
      "user": 0.52555762,
      "system": 0.5671728,
      "min": 0.54563062104,
      "max": 0.65578576904,
      "times": [
        0.57749986404,
        0.60459927904,
        0.65578576904,
        0.56935079804,
        0.54563062104,
        0.5813095070400001,
        0.55097325004,
        0.57077871304,
        0.57172638804,
        0.57468054604
      ],
      "exit_codes": [
        0,
        0,
        0,
        0,
        0,
        0,
        0,
        0,
        0,
        0
      ]
    }
  ]
}