{
  "results": [
    {
      "command": "npm",
      "mean": 5.674835181040001,
      "stddev": 1.1490545251983357,
      "median": 5.33209615924,
      "user": 1.34189918,
      "system": 0.19347862,
      "min": 4.56108733174,
      "max": 8.33215444374,
      "times": [
        5.05043489674,
        4.84247751074,
        4.56108733174,
        4.597846597739999,
        5.45261704374,
        5.2115752747399995,
        8.33215444374,
        7.1893568407399995,
        5.54547774974,
        5.96532412074
      ],
      "exit_codes": [
        0,
        0,
        0,
        0,
        0,
        0,
        0,
        0,
        0,
        0
      ]
    },
    {
      "command": "yarn",
      "mean": 13.447676709140001,
      "stddev": 1.446915755718544,
      "median": 12.82813859974,
      "user": 18.000447679999997,
      "system": 5.52767652,
      "min": 12.37671962674,
      "max": 16.44617653474,
      "times": [
        13.31289501474,
        13.04925369274,
        16.10427524174,
        12.44401033874,
        12.522104156740001,
        12.607023506740001,
        12.37671962674,
        12.51388581674,
        16.44617653474,
        13.10042316174
      ],
      "exit_codes": [
        0,
        0,
        0,
        0,
        0,
        0,
        0,
        0,
        0,
        0
      ]
    },
    {
      "command": "berry",
      "mean": 3.62454478784,
      "stddev": 1.213569617134648,
      "median": 2.93508833824,
      "user": 5.72450818,
      "system": 1.0342582200000003,
      "min": 2.8584285767399997,
      "max": 6.79855854874,
      "times": [
        2.9004012797399996,
        3.20050302174,
        2.8584285767399997,
        4.56330181874,
        2.9360741677399997,
        6.79855854874,
        2.89611615674,
        2.87354060874,
        4.28442119074,
        2.9341025087399997
      ],
      "exit_codes": [
        0,
        0,
        0,
        0,
        0,
        0,
        0,
        0,
        0,
        0
      ]
    },
    {
      "command": "zpm",
      "mean": 3.3585965027399993,
      "stddev": 0.9509336503477965,
      "median": 3.0239116497399996,
      "user": 1.08434568,
      "system": 0.43992822,
      "min": 2.4633887137399997,
      "max": 5.79954687274,
      "times": [
        2.53637774674,
        2.85447032174,
        3.04119954374,
        5.79954687274,
        3.4889145077399997,
        4.3016416487399995,
        3.0066237557399997,
        2.4633887137399997,
        2.9292687107399997,
        3.1645332057399997
      ],
      "exit_codes": [
        0,
        0,
        0,
        0,
        0,
        0,
        0,
        0,
        0,
        0
      ]
    },
    {
      "command": "pnpm",
      "mean": 2.40728823054,
      "stddev": 0.2331654501414443,
      "median": 2.3818745772399996,
      "user": 3.4024113799999993,
      "system": 0.6974098200000001,
      "min": 2.10416440874,
      "max": 2.81842470374,
      "times": [
        2.81842470374,
        2.4122439827399997,
        2.10416440874,
        2.1829307607399997,
        2.26169468874,
        2.51457382474,
        2.14843178374,
        2.74374670374,
        2.35150517174,
        2.53516627674
      ],
      "exit_codes": [
        0,
        0,
        0,
        0,
        0,
        0,
        0,
        0,
        0,
        0
      ]
    },
    {
      "command": "vlt",
      "mean": 0.32007239003999993,
      "stddev": 0.010368272447504443,
      "median": 0.31466517124,
      "user": 0.3510933799999999,
      "system": 0.058876719999999994,
      "min": 0.30913011974,
      "max": 0.34210197774,
      "times": [
        0.30913011974,
        0.34210197774,
        0.33572411374,
        0.31510341474,
        0.31380433273999997,
        0.31422692774,
        0.32394142174,
        0.32118564074,
        0.31407456474,
        0.31143138674
      ],
      "exit_codes": [
        0,
        0,
        0,
        0,
        0,
        0,
        0,
        0,
        0,
        0
      ]
    },
    {
      "command": "bun",
      "mean": 1.9185695805399998,
      "stddev": 1.0135867212544458,
      "median": 1.4833708887400001,
      "user": 0.8364769799999999,
      "system": 0.57680612,
      "min": 1.00785119374,
      "max": 4.48115443874,
      "times": [
        1.47354338374,
        4.48115443874,
        1.00785119374,
        2.76979174974,
        1.44501009874,
        1.49319839374,
        2.22307044674,
        1.0681181367400001,
        2.13424353474,
        1.08971442874
      ],
      "exit_codes": [
        0,
        0,
        0,
        0,
        0,
        0,
        0,
        0,
        0,
        0
      ]
    },
    {
      "command": "deno",
      "mean": 8.60761306004,
      "stddev": 2.151661804954662,
      "median": 8.52670628024,
      "user": 1.64368868,
      "system": 0.2787363199999999,
      "min": 5.52883032074,
      "max": 11.61388971474,
      "times": [
        11.61388971474,
        7.62540333474,
        6.07887300074,
        11.07777160874,
        8.252119549740002,
        10.568399042740001,
        10.50924569774,
        6.020305319739999,
        8.80129301074,
        5.52883032074
      ],
      "exit_codes": [
        0,
        0,
        0,
        0,
        0,
        0,
        0,
        0,
        0,
        0
      ]
    }
  ]
}