{
  "results": [
    {
      "command": "npm",
      "mean": 0.51554646346,
      "stddev": 0.0070139885829900925,
      "median": 0.51353907886,
      "user": 0.6138928600000001,
      "system": 0.07460754,
      "min": 0.5043237738599999,
      "max": 0.52760401086,
      "times": [
        0.52760401086,
        0.52155314686,
        0.51172038186,
        0.51095274486,
        0.51775278486,
        0.51184341386,
        0.5043237738599999,
        0.51523474386,
        0.50935333286,
        0.52512630086
      ],
      "exit_codes": [
        0,
        0,
        0,
        0,
        0,
        0,
        0,
        0,
        0,
        0
      ]
    },
    {
      "command": "yarn",
      "mean": 0.31434425166,
      "stddev": 0.007514234222161167,
      "median": 0.31141523986,
      "user": 0.37116366,
      "system": 0.05668884,
      "min": 0.30591955786,
      "max": 0.33193812386000004,
      "times": [
        0.31225637586000005,
        0.31057410386,
        0.30591955786,
        0.30964185686,
        0.32425881886,
        0.33193812386000004,
        0.31012235786000003,
        0.30964321586000004,
        0.31294264886,
        0.31614545686
      ],
      "exit_codes": [
        0,
        0,
        0,
        0,
        0,
        0,
        0,
        0,
        0,
        0
      ]
    },
    {
      "command": "berry",
      "mean": 4.67591300746,
      "stddev": 0.136673607850857,
      "median": 4.675372986359999,
      "user": 9.10321536,
      "system": 2.379473339999999,
      "min": 4.4554813188599995,
      "max": 4.93904399886,
      "times": [
        4.93904399886,
        4.653225399859999,
        4.7494311718599995,
        4.64204928786,
        4.697520572859999,
        4.51642472886,
        4.76493123886,
        4.4554813188599995,
        4.55215514686,
        4.788867209859999
      ],
      "exit_codes": [
        0,
        0,
        0,
        0,
        0,
        0,
        0,
        0,
        0,
        0
      ]
    },
    {
      "command": "zpm",
      "mean": 2.2293223950822227,
      "stddev": 0.08472513378935446,
      "median": 2.19592136986,
      "user": 1.9915742599999997,
      "system": 1.00392104,
      "min": 2.1310941528600003,
      "max": 2.3510375158600003,
      "times": [
        2.19592136986,
        2.32318658486,
        2.33257075986,
        2.1552859198600003,
        2.15697356786,
        2.14564329786,
        2.1310941528600003,
        2.27218838686,
        2.3510375158600003
      ],
      "exit_codes": [
        0,
        0,
        0,
        0,
        0,
        0,
        0,
        0,
        0
      ]
    },
    {
      "command": "pnpm",
      "mean": 0.7125103849600001,
      "stddev": 0.019893294867279764,
      "median": 0.70821905036,
      "user": 0.8032938599999999,
      "system": 0.11843434,
      "min": 0.69512376986,
      "max": 0.76532747386,
      "times": [
        0.72319948586,
        0.69781350886,
        0.76532747386,
        0.69658808286,
        0.70930901586,
        0.70962602186,
        0.72112519086,
        0.70712908486,
        0.69512376986,
        0.69986221486
      ],
      "exit_codes": [
        0,
        0,
        0,
        0,
        0,
        0,
        0,
        0,
        0,
        0
      ]
    },
    {
      "command": "vlt",
      "mean": 0.6512260417599999,
      "stddev": 0.003992245106239763,
      "median": 0.65087730086,
      "user": 0.63548046,
      "system": 0.13109594,
      "min": 0.64380996786,
      "max": 0.65770063386,
      "times": [
        0.65051860386,
        0.64380996786,
        0.65360406786,
        0.65770063386,
        0.64701517286,
        0.64991518986,
        0.65123599786,
        0.65496668386,
        0.64840630986,
        0.65508778986
      ],
      "exit_codes": [
        0,
        0,
        0,
        0,
        0,
        0,
        0,
        0,
        0,
        0
      ]
    },
    {
      "command": "bun",
      "mean": 0.010316837460000002,
      "stddev": 0.00047069657061555057,
      "median": 0.01016533486,
      "user": 0.00829106,
      "system": 0.007478839999999999,
      "min": 0.009872206860000001,
      "max": 0.011609683860000001,
      "times": [
        0.010041394860000002,
        0.009872206860000001,
        0.010379160860000002,
        0.01002394686,
        0.01008279486,
        0.01002561786,
        0.010491679860000002,
        0.01039401386,
        0.011609683860000001,
        0.01024787486
      ],
      "exit_codes": [
        0,
        0,
        0,
        0,
        0,
        0,
        0,
        0,
        0,
        0
      ]
    },
    {
      "command": "deno",
      "mean": 0.71549023426,
      "stddev": 0.036387952817189914,
      "median": 0.70938156736,
      "user": 0.32474146,
      "system": 0.10072213999999999,
      "min": 0.66186680086,
      "max": 0.77449087186,
      "times": [
        0.71873534886,
        0.68111392886,
        0.68739778186,
        0.76287083886,
        0.70002778586,
        0.66186680086,
        0.72210639186,
        0.77449087186,
        0.75674557586,
        0.6895470178599999
      ],
      "exit_codes": [
        0,
        0,
        0,
        0,
        0,
        0,
        0,
        0,
        0,
        0
      ]
    }
  ]
}