{
  "results": [
    {
      "command": "npm",
      "mean": 0.09609328660000001,
      "stddev": 0.0035216599360570378,
      "median": 0.09513466810000001,
      "user": 0.09264138,
      "system": 0.0218661,
      "min": 0.09163930410000001,
      "max": 0.10425282510000002,
      "times": [
        0.09163930410000001,
        0.0945275371,
        0.10425282510000002,
        0.0930279831,
        0.1002885351,
        0.09375716610000001,
        0.09544600710000001,
        0.0968885111,
        0.09628166810000001,
        0.0948233291
      ],
      "exit_codes": [
        0,
        0,
        0,
        0,
        0,
        0,
        0,
        0,
        0,
        0
      ]
    },
    {
      "command": "yarn",
      "mean": 0.1901239985,
      "stddev": 0.01769945273306225,
      "median": 0.1845525676,
      "user": 0.15749567999999997,
      "system": 0.0384006,
      "min": 0.1824002731,
      "max": 0.2431211591,
      "times": [
        0.2431211591,
        0.18505482210000002,
        0.18327195610000002,
        0.18419574910000003,
        0.1851866661,
        0.18277961310000002,
        0.1861246111,
        0.1848407491,
        0.1842643861,
        0.1824002731
      ],
      "exit_codes": [
        0,
        0,
        0,
        0,
        0,
        0,
        0,
        0,
        0,
        0
      ]
    },
    {
      "command": "berry",
      "mean": 0.36279382229999996,
      "stddev": 0.006453198180135104,
      "median": 0.3627679116,
      "user": 0.36169887999999994,
      "system": 0.05148069999999999,
      "min": 0.3495076041,
      "max": 0.3721557251,
      "times": [
        0.3673264991,
        0.3597731601,
        0.3656856441,
        0.3721557251,
        0.3495076041,
        0.3598501791,
        0.3587133891,
        0.3685692091,
        0.3579214691,
        0.3684353441
      ],
      "exit_codes": [
        0,
        0,
        0,
        0,
        0,
        0,
        0,
        0,
        0,
        0
      ]
    },
    {
      "command": "zpm",
      "mean": 0.014917243200000003,
      "stddev": 0.00029727485322490695,
      "median": 0.0149123671,
      "user": 0.00674748,
      "system": 0.013291799999999998,
      "min": 0.014540222100000002,
      "max": 0.015529312100000001,
      "times": [
        0.015529312100000001,
        0.014540222100000002,
        0.014611795100000002,
        0.0146687341,
        0.0149329221,
        0.0151644711,
        0.015221103100000001,
        0.0146779421,
        0.0148918121,
        0.014934118100000001
      ],
      "exit_codes": [
        0,
        0,
        0,
        0,
        0,
        0,
        0,
        0,
        0,
        0
      ]
    },
    {
      "command": "pnpm",
      "mean": 0.49863047530000004,
      "stddev": 0.012806794654418483,
      "median": 0.49818513810000004,
      "user": 0.4301834799999999,
      "system": 0.06546349999999998,
      "min": 0.4803911011,
      "max": 0.5162392171000001,
      "times": [
        0.48386420010000003,
        0.5126697821,
        0.5162392171000001,
        0.4803911011,
        0.4942374851,
        0.5104949821000001,
        0.4834174401,
        0.4924060541,
        0.5021327911000001,
        0.5104517001000001
      ],
      "exit_codes": [
        0,
        0,
        0,
        0,
        0,
        0,
        0,
        0,
        0,
        0
      ]
    },
    {
      "command": "vlt",
      "mean": 0.2148040611,
      "stddev": 0.002483683555042633,
      "median": 0.21521633560000003,
      "user": 0.22453098,
      "system": 0.04492229999999999,
      "min": 0.2102896311,
      "max": 0.21844280410000003,
      "times": [
        0.21476214810000002,
        0.21680607110000003,
        0.2156705231,
        0.2102896311,
        0.21750920710000002,
        0.21336893110000002,
        0.21263948610000002,
        0.21844280410000003,
        0.2163597781,
        0.2121920311
      ],
      "exit_codes": [
        0,
        0,
        0,
        0,
        0,
        0,
        0,
        0,
        0,
        0
      ]
    },
    {
      "command": "bun",
      "mean": 0.0030090761000000008,
      "stddev": 0.00023301081962089225,
      "median": 0.0029277236000000003,
      "user": 0.0008346239999999997,
      "system": 0.0022248999999999997,
      "min": 0.0027851651000000005,
      "max": 0.0035428511,
      "times": [
        0.0029304061000000005,
        0.0028150641000000004,
        0.0027851651000000005,
        0.0029250411000000002,
        0.0028692461000000002,
        0.0029428901,
        0.0035428511,
        0.0029210981000000005,
        0.0033628511000000005,
        0.0029961481
      ],
      "exit_codes": [
        0,
        0,
        0,
        0,
        0,
        0,
        0,
        0,
        0,
        0
      ]
    },
    {
      "command": "deno",
      "mean": 0.0531397927,
      "stddev": 0.0005454751553288568,
      "median": 0.0529637146,
      "user": 0.036311979999999994,
      "system": 0.023183899999999997,
      "min": 0.0525794671,
      "max": 0.0542414061,
      "times": [
        0.0536114991,
        0.0525794671,
        0.0530393581,
        0.0526301071,
        0.0526897521,
        0.0532046471,
        0.0538304161,
        0.0542414061,
        0.0528880711,
        0.0526832031
      ],
      "exit_codes": [
        0,
        0,
        0,
        0,
        0,
        0,
        0,
        0,
        0,
        0
      ]
    },
    {
      "command": "nx",
      "mean": 0.7317182259000001,
      "stddev": 0.009944622498625042,
      "median": 0.7284156026000002,
      "user": 0.59055318,
      "system": 0.11275139999999997,
      "min": 0.7182779151,
      "max": 0.7538154451000001,
      "times": [
        0.7249606731000001,
        0.7235674431000001,
        0.7338793871000001,
        0.7272152301000001,
        0.7272883321000001,
        0.7538154451000001,
        0.7439610401000001,
        0.7295428731000001,
        0.7182779151,
        0.7346739201000001
      ],
      "exit_codes": [
        0,
        0,
        0,
        0,
        0,
        0,
        0,
        0,
        0,
        0
      ]
    },
    {
      "command": "turbo",
      "mean": 0.3880560092,
      "stddev": 0.013971952988205884,
      "median": 0.3814085711,
      "user": 0.13556508,
      "system": 0.05384479999999999,
      "min": 0.3734984931,
      "max": 0.4140461901,
      "times": [
        0.3787951891,
        0.4138601161,
        0.3734984931,
        0.4140461901,
        0.3797135851,
        0.3783332201,
        0.3776339101,
        0.3901071151,
        0.3831035571,
        0.3914687161
      ],
      "exit_codes": [
        0,
        0,
        0,
        0,
        0,
        0,
        0,
        0,
        0,
        0
      ]
    },
    {
      "command": "node",
      "mean": 0.0046721948000000004,
      "stddev": 0.00012920765453412568,
      "median": 0.004678890600000001,
      "user": 0.00285908,
      "system": 0.0017933,
      "min": 0.004507421100000001,
      "max": 0.0049930091,
      "times": [
        0.0047044071,
        0.0045799721,
        0.0046426111,
        0.004507421100000001,
        0.0045202631000000005,
        0.0049930091,
        0.004700659100000001,
        0.0047158241,
        0.0046620161,
        0.004695765100000001
      ],
      "exit_codes": [
        0,
        0,
        0,
        0,
        0,
        0,
        0,
        0,
        0,
        0
      ]
    }
  ]
}