{
  "results": [
    {
      "command": "npm",
      "mean": 0.09910227936,
      "stddev": 0.0016702266266601699,
      "median": 0.09848588606,
      "user": 0.09107758,
      "system": 0.023661319999999996,
      "min": 0.09672760706000001,
      "max": 0.10247542806000001,
      "times": [
        0.09917105306000001,
        0.10001829306000001,
        0.10151535206000001,
        0.09672760706000001,
        0.09823268606,
        0.09865079406,
        0.09788094806000001,
        0.09802965406000001,
        0.10247542806000001,
        0.09832097806000001
      ],
      "exit_codes": [
        0,
        0,
        0,
        0,
        0,
        0,
        0,
        0,
        0,
        0
      ]
    },
    {
      "command": "yarn",
      "mean": 0.17981148706,
      "stddev": 0.003091932171238464,
      "median": 0.17899665906,
      "user": 0.14430598,
      "system": 0.04576341999999999,
      "min": 0.17660155606000003,
      "max": 0.18578739206000003,
      "times": [
        0.17752063406000002,
        0.17806566306000002,
        0.17678981306000002,
        0.18578739206000003,
        0.18289881606000002,
        0.18339382806,
        0.17673828606000003,
        0.18039122706000002,
        0.17992765506000002,
        0.17660155606000003
      ],
      "exit_codes": [
        0,
        0,
        0,
        0,
        0,
        0,
        0,
        0,
        0,
        0
      ]
    },
    {
      "command": "berry",
      "mean": 0.31903929766,
      "stddev": 0.010384176251053263,
      "median": 0.31514387456000004,
      "user": 0.32275618,
      "system": 0.06258862,
      "min": 0.30984888305999997,
      "max": 0.34136866906,
      "times": [
        0.32309157806,
        0.32138176306,
        0.33358176206,
        0.30984888305999997,
        0.31000369606,
        0.31585406206,
        0.31021525506,
        0.31443368706,
        0.34136866906,
        0.31061362106
      ],
      "exit_codes": [
        0,
        0,
        0,
        0,
        0,
        0,
        0,
        0,
        0,
        0
      ]
    },
    {
      "command": "pnpm",
      "mean": 0.43783618506,
      "stddev": 0.010524356221697239,
      "median": 0.43599071456,
      "user": 0.43186617999999993,
      "system": 0.07686341999999999,
      "min": 0.42237478406,
      "max": 0.46084797506,
      "times": [
        0.44097343706000003,
        0.44636684506,
        0.46084797506,
        0.42788505606,
        0.43624187006,
        0.43297886106,
        0.44543267806000003,
        0.42237478406,
        0.43573955906,
        0.42952078506
      ],
      "exit_codes": [
        0,
        0,
        0,
        0,
        0,
        0,
        0,
        0,
        0,
        0
      ]
    },
    {
      "command": "vlt",
      "mean": 0.22348392596000002,
      "stddev": 0.0021814279544904716,
      "median": 0.22291045006000004,
      "user": 0.21836118,
      "system": 0.05427662,
      "min": 0.22050683806000002,
      "max": 0.22712830506,
      "times": [
        0.22457227406000002,
        0.22627828506000003,
        0.22332947906000003,
        0.22185724306000001,
        0.22086323806000002,
        0.22557481806000002,
        0.22050683806000002,
        0.22712830506,
        0.22249142106000003,
        0.22223735806000003
      ],
      "exit_codes": [
        0,
        0,
        0,
        0,
        0,
        0,
        0,
        0,
        0,
        0
      ]
    },
    {
      "command": "bun",
      "mean": 0.0032780488599999996,
      "stddev": 0.00004970521742392843,
      "median": 0.00326368206,
      "user": 0.000726916,
      "system": 0.00270242,
      "min": 0.0032297390600000003,
      "max": 0.00337941506,
      "times": [
        0.00337941506,
        0.0033679450600000004,
        0.0032724990599999997,
        0.0032582220599999996,
        0.0032297390600000003,
        0.0032420420600000003,
        0.00326719906,
        0.0032360630600000006,
        0.00326470406,
        0.0032626600600000003
      ],
      "exit_codes": [
        0,
        0,
        0,
        0,
        0,
        0,
        0,
        0,
        0,
        0
      ]
    },
    {
      "command": "deno",
      "mean": 0.05771716526,
      "stddev": 0.0008825077107582465,
      "median": 0.05762954656,
      "user": 0.03372458,
      "system": 0.030213820000000002,
      "min": 0.05660279906,
      "max": 0.05922294006,
      "times": [
        0.058309252060000004,
        0.05838944706,
        0.05660279906,
        0.05779116806,
        0.05880317406,
        0.05922294006,
        0.05746792506,
        0.05693158506,
        0.05671173206,
        0.05694163006
      ],
      "exit_codes": [
        0,
        0,
        0,
        0,
        0,
        0,
        0,
        0,
        0,
        0
      ]
    },
    {
      "command": "nx",
      "mean": 0.8133709746600001,
      "stddev": 0.00975493861211709,
      "median": 0.8130866805600001,
      "user": 0.60410958,
      "system": 0.15829192,
      "min": 0.7954032540600001,
      "max": 0.83580644806,
      "times": [
        0.81709955306,
        0.7954032540600001,
        0.80978873106,
        0.81222457006,
        0.83580644806,
        0.8139487910600001,
        0.8103148520600001,
        0.8188225080600001,
        0.8058369260600001,
        0.8144641130600001
      ],
      "exit_codes": [
        0,
        0,
        0,
        0,
        0,
        0,
        0,
        0,
        0,
        0
      ]
    },
    {
      "command": "turbo",
      "mean": 0.24482962416,
      "stddev": 0.016324003598891024,
      "median": 0.23808394956,
      "user": 0.12195727999999997,
      "system": 0.08608371999999999,
      "min": 0.23185662206000002,
      "max": 0.28799920006,
      "times": [
        0.24282639806000003,
        0.28799920006,
        0.23412084606000003,
        0.26071405406,
        0.23185662206000002,
        0.23737223406000002,
        0.24307760406,
        0.23687445806000001,
        0.23465916006,
        0.23879566506000002
      ],
      "exit_codes": [
        0,
        0,
        0,
        0,
        0,
        0,
        0,
        0,
        0,
        0
      ]
    },
    {
      "command": "node",
      "mean": 0.005512119559999999,
      "stddev": 0.0002739475015871653,
      "median": 0.00540338256,
      "user": 0.00251218,
      "system": 0.00301582,
      "min": 0.00521766106,
      "max": 0.00621068106,
      "times": [
        0.00539646506,
        0.00530028606,
        0.00621068106,
        0.00567850906,
        0.00539188606,
        0.0054103000600000005,
        0.00570260406,
        0.00546289606,
        0.00534990706,
        0.00521766106
      ],
      "exit_codes": [
        0,
        0,
        0,
        0,
        0,
        0,
        0,
        0,
        0,
        0
      ]
    }
  ]
}