{
  "results": [
    {
      "command": "npm",
      "mean": 0.10065837596,
      "stddev": 0.0013202935555503145,
      "median": 0.10024753736,
      "user": 0.08968617999999999,
      "system": 0.026832719999999997,
      "min": 0.09877405186000002,
      "max": 0.10253340186000001,
      "times": [
        0.10037347186000001,
        0.09916422886000001,
        0.10006000786000001,
        0.10253340186000001,
        0.10244082986000001,
        0.09945387486000001,
        0.09877405186000002,
        0.10171539286000002,
        0.10194689686000001,
        0.10012160286
      ],
      "exit_codes": [
        0,
        0,
        0,
        0,
        0,
        0,
        0,
        0,
        0,
        0
      ]
    },
    {
      "command": "yarn",
      "mean": 0.17909116096000002,
      "stddev": 0.0015916351100716802,
      "median": 0.17898287086,
      "user": 0.14682228,
      "system": 0.04220201999999999,
      "min": 0.17633443486,
      "max": 0.18294064686,
      "times": [
        0.17830593186000002,
        0.17899205786,
        0.18294064686,
        0.17926263386,
        0.17897368386,
        0.17800385686,
        0.18001575486000002,
        0.17936009686,
        0.17633443486,
        0.17872251186000002
      ],
      "exit_codes": [
        0,
        0,
        0,
        0,
        0,
        0,
        0,
        0,
        0,
        0
      ]
    },
    {
      "command": "berry",
      "mean": 0.36198183136000006,
      "stddev": 0.02496867768992437,
      "median": 0.3528489168600001,
      "user": 0.31874718,
      "system": 0.06071042,
      "min": 0.33019663286000006,
      "max": 0.4091128478600001,
      "times": [
        0.40668054086000005,
        0.4091128478600001,
        0.33019663286000006,
        0.34594758986,
        0.36541106886,
        0.35298716986000006,
        0.36569602586000005,
        0.34285222586,
        0.34822354786000004,
        0.35271066386000005
      ],
      "exit_codes": [
        0,
        0,
        0,
        0,
        0,
        0,
        0,
        0,
        0,
        0
      ]
    },
    {
      "command": "pnpm",
      "mean": 0.4809724791600001,
      "stddev": 0.019774990484832985,
      "median": 0.47857736386000005,
      "user": 0.4180278800000001,
      "system": 0.07173912,
      "min": 0.45474415986000005,
      "max": 0.53070360686,
      "times": [
        0.53070360686,
        0.45474415986000005,
        0.47200134786000003,
        0.46213212886000005,
        0.49034572986,
        0.49068476686000007,
        0.48170203786000004,
        0.48014645986000004,
        0.47025628586000007,
        0.47700826786000006
      ],
      "exit_codes": [
        0,
        0,
        0,
        0,
        0,
        0,
        0,
        0,
        0,
        0
      ]
    },
    {
      "command": "vlt",
      "mean": 0.19610304076,
      "stddev": 0.0013583858525507695,
      "median": 0.19619315335999998,
      "user": 0.17689808,
      "system": 0.04979891999999999,
      "min": 0.19357189886,
      "max": 0.19795052986,
      "times": [
        0.19357189886,
        0.19581306486,
        0.19450979186,
        0.19795052986,
        0.19657324186,
        0.19657698586,
        0.19543495886,
        0.19791669286,
        0.19726749286,
        0.19541574986000002
      ],
      "exit_codes": [
        0,
        0,
        0,
        0,
        0,
        0,
        0,
        0,
        0,
        0
      ]
    },
    {
      "command": "bun",
      "mean": 0.00332288416,
      "stddev": 0.000039211035939005686,
      "median": 0.00333385886,
      "user": 0.000633226,
      "system": 0.00280742,
      "min": 0.00326273686,
      "max": 0.0033751758600000003,
      "times": [
        0.00335460786,
        0.0033751758600000003,
        0.0032833848600000003,
        0.00326273686,
        0.00330709986,
        0.0032639698600000003,
        0.0033482198600000004,
        0.00333443986,
        0.00336592886,
        0.00333327786
      ],
      "exit_codes": [
        0,
        0,
        0,
        0,
        0,
        0,
        0,
        0,
        0,
        0
      ]
    },
    {
      "command": "deno",
      "mean": 0.05773630866,
      "stddev": 0.0005499709363640584,
      "median": 0.05772642486,
      "user": 0.03480888,
      "system": 0.029291119999999993,
      "min": 0.05697258886,
      "max": 0.05912948186,
      "times": [
        0.05735558886,
        0.05781003886,
        0.05778682486,
        0.05792029386,
        0.057241019860000006,
        0.05912948186,
        0.05791866686,
        0.057666024860000005,
        0.05697258886,
        0.05756255786
      ],
      "exit_codes": [
        0,
        0,
        0,
        0,
        0,
        0,
        0,
        0,
        0,
        0
      ]
    },
    {
      "command": "nx",
      "mean": 0.7810631261600001,
      "stddev": 0.007421632837224346,
      "median": 0.7792586018600001,
      "user": 0.58925858,
      "system": 0.13779252,
      "min": 0.77150115686,
      "max": 0.79595894586,
      "times": [
        0.78837462686,
        0.77938419186,
        0.78454786786,
        0.79595894586,
        0.77477523386,
        0.77213768386,
        0.77779848586,
        0.78702005686,
        0.7791330118600001,
        0.77150115686
      ],
      "exit_codes": [
        0,
        0,
        0,
        0,
        0,
        0,
        0,
        0,
        0,
        0
      ]
    },
    {
      "command": "turbo",
      "mean": 0.31590489056000004,
      "stddev": 0.025832649253287373,
      "median": 0.31318694286000004,
      "user": 0.12719207999999999,
      "system": 0.07451432000000001,
      "min": 0.28445310786000005,
      "max": 0.38349994586,
      "times": [
        0.28445310786000005,
        0.28776663886000003,
        0.31185068986000003,
        0.31322166386000005,
        0.31638635886000005,
        0.31315222186,
        0.30261490686000003,
        0.32559806086000004,
        0.32050531086000006,
        0.38349994586
      ],
      "exit_codes": [
        0,
        0,
        0,
        0,
        0,
        0,
        0,
        0,
        0,
        0
      ]
    },
    {
      "command": "node",
      "mean": 0.0057715779600000005,
      "stddev": 0.0001032035447166907,
      "median": 0.00575108986,
      "user": 0.0021317619999999997,
      "system": 0.0036597199999999996,
      "min": 0.005587386860000001,
      "max": 0.00597404986,
      "times": [
        0.00597404986,
        0.005587386860000001,
        0.00578693186,
        0.00575701586,
        0.005665707860000001,
        0.00573283086,
        0.00585772286,
        0.00574516386,
        0.00586830686,
        0.005740662860000001
      ],
      "exit_codes": [
        0,
        0,
        0,
        0,
        0,
        0,
        0,
        0,
        0,
        0
      ]
    }
  ]
}