{
  "results": [
    {
      "command": "npm",
      "mean": 0.10262026192,
      "stddev": 0.0020172741694435507,
      "median": 0.10281105872,
      "user": 0.09291540000000001,
      "system": 0.0276061,
      "min": 0.09975578872,
      "max": 0.10544580572000001,
      "times": [
        0.10456288572,
        0.10166549072,
        0.10490679372,
        0.10021795972,
        0.10544580572000001,
        0.09975578872,
        0.10239635672,
        0.10397067072,
        0.10005510672,
        0.10322576072
      ],
      "exit_codes": [
        0,
        0,
        0,
        0,
        0,
        0,
        0,
        0,
        0,
        0
      ]
    },
    {
      "command": "yarn",
      "mean": 0.18845043232000003,
      "stddev": 0.008190923379897781,
      "median": 0.18621415722,
      "user": 0.15222819999999998,
      "system": 0.04692349999999999,
      "min": 0.18323547472,
      "max": 0.21275149572000002,
      "times": [
        0.18669428672000002,
        0.18637795572000002,
        0.18484075172,
        0.18479445572,
        0.18323547472,
        0.18795649072,
        0.18623810572000002,
        0.18619020872,
        0.21275149572000002,
        0.18542509772000002
      ],
      "exit_codes": [
        0,
        0,
        0,
        0,
        0,
        0,
        0,
        0,
        0,
        0
      ]
    },
    {
      "command": "berry",
      "mean": 0.31686075992000007,
      "stddev": 0.014492460485890967,
      "median": 0.31656676272000006,
      "user": 0.34371450000000003,
      "system": 0.0611753,
      "min": 0.29752491372000006,
      "max": 0.35077562172000004,
      "times": [
        0.32049645472000005,
        0.32950946572000006,
        0.31655639472,
        0.31657713072000004,
        0.30818289472000004,
        0.29999531472,
        0.29752491372000006,
        0.31848814672000003,
        0.31050126172000003,
        0.35077562172000004
      ],
      "exit_codes": [
        0,
        0,
        0,
        0,
        0,
        0,
        0,
        0,
        0,
        0
      ]
    },
    {
      "command": "zpm",
      "mean": 0.019566941220000002,
      "stddev": 0.0002707966989703715,
      "median": 0.01966481222,
      "user": 0.0074796,
      "system": 0.012797599999999998,
      "min": 0.018967290720000002,
      "max": 0.019852534720000002,
      "times": [
        0.019194153720000003,
        0.018967290720000002,
        0.01975874672,
        0.019822257720000003,
        0.019852534720000002,
        0.01969353072,
        0.019446248720000003,
        0.019605024720000003,
        0.019661781720000004,
        0.019667842720000002
      ],
      "exit_codes": [
        0,
        0,
        0,
        0,
        0,
        0,
        0,
        0,
        0,
        0
      ]
    },
    {
      "command": "pnpm",
      "mean": 0.43641815612000007,
      "stddev": 0.010638384683899963,
      "median": 0.43437393822000003,
      "user": 0.44879759999999996,
      "system": 0.07958159999999999,
      "min": 0.42221097172000005,
      "max": 0.45907312172000003,
      "times": [
        0.43666908672000004,
        0.43188800172,
        0.42221097172000005,
        0.43207878972,
        0.44568888372000004,
        0.45907312172000003,
        0.42430813672000006,
        0.44300039172000005,
        0.42774222272000006,
        0.44152195472000005
      ],
      "exit_codes": [
        0,
        0,
        0,
        0,
        0,
        0,
        0,
        0,
        0,
        0
      ]
    },
    {
      "command": "vlt",
      "mean": 0.23260560712,
      "stddev": 0.003699374091872357,
      "median": 0.23299930772,
      "user": 0.22692989999999996,
      "system": 0.056106699999999995,
      "min": 0.22519040772,
      "max": 0.23876125972,
      "times": [
        0.23251460872000002,
        0.23348400672,
        0.22835205272,
        0.22519040772,
        0.23103130272,
        0.23679397072,
        0.23393975672,
        0.23176943872,
        0.23876125972,
        0.23421926672
      ],
      "exit_codes": [
        0,
        0,
        0,
        0,
        0,
        0,
        0,
        0,
        0,
        0
      ]
    },
    {
      "command": "bun",
      "mean": 0.003584117220000001,
      "stddev": 0.00007006012398540261,
      "median": 0.003576654720000001,
      "user": 0.00120692,
      "system": 0.0024376,
      "min": 0.0035051427200000007,
      "max": 0.00373257672,
      "times": [
        0.003617460720000001,
        0.00373257672,
        0.003617521720000001,
        0.0035308297200000007,
        0.0036365467200000006,
        0.0036277707200000004,
        0.003535848720000001,
        0.0035051427200000007,
        0.0035085787200000006,
        0.0035288957200000004
      ],
      "exit_codes": [
        0,
        0,
        0,
        0,
        0,
        0,
        0,
        0,
        0,
        0
      ]
    },
    {
      "command": "deno",
      "mean": 0.06069900602,
      "stddev": 0.0007334596062020122,
      "median": 0.060635463220000005,
      "user": 0.03651719999999999,
      "system": 0.030906299999999998,
      "min": 0.05975121072,
      "max": 0.061780926720000004,
      "times": [
        0.05998050372,
        0.061511719720000003,
        0.06058017772,
        0.061565316720000006,
        0.061780926720000004,
        0.06120685572,
        0.05985406472,
        0.05975121072,
        0.06006853572,
        0.06069074872000001
      ],
      "exit_codes": [
        0,
        0,
        0,
        0,
        0,
        0,
        0,
        0,
        0,
        0
      ]
    },
    {
      "command": "nx",
      "mean": 0.83416215632,
      "stddev": 0.004350185274858476,
      "median": 0.83401534172,
      "user": 0.6344183,
      "system": 0.1579052,
      "min": 0.82818730272,
      "max": 0.84148918572,
      "times": [
        0.83780385272,
        0.82818730272,
        0.8327164487200001,
        0.83135367872,
        0.84148918572,
        0.82907190172,
        0.83636153772,
        0.83935441472,
        0.83531423472,
        0.82996900572
      ],
      "exit_codes": [
        0,
        0,
        0,
        0,
        0,
        0,
        0,
        0,
        0,
        0
      ]
    },
    {
      "command": "turbo",
      "mean": 0.25802103992000003,
      "stddev": 0.0057187481886694985,
      "median": 0.25780469722,
      "user": 0.12629210000000002,
      "system": 0.0741147,
      "min": 0.24404491672,
      "max": 0.26640346072000004,
      "times": [
        0.25667347172000005,
        0.26640346072000004,
        0.25830208972,
        0.26436801472000004,
        0.26030917372000006,
        0.24404491672,
        0.26041573272,
        0.25693563372000006,
        0.25545060072000003,
        0.25730730472
      ],
      "exit_codes": [
        0,
        0,
        0,
        0,
        0,
        0,
        0,
        0,
        0,
        0
      ]
    },
    {
      "command": "node",
      "mean": 0.00547711072,
      "stddev": 0.000165272597955015,
      "median": 0.005445861220000001,
      "user": 0.0020955199999999996,
      "system": 0.0034066,
      "min": 0.005229104720000001,
      "max": 0.005877666720000001,
      "times": [
        0.005877666720000001,
        0.005610828720000001,
        0.005515443720000001,
        0.00535358972,
        0.005458404720000001,
        0.00539049872,
        0.005229104720000001,
        0.005503428720000001,
        0.00539882372,
        0.005433317720000001
      ],
      "exit_codes": [
        0,
        0,
        0,
        0,
        0,
        0,
        0,
        0,
        0,
        0
      ]
    }
  ]
}