{
  "results": [
    {
      "command": "npm",
      "mean": 9.79818968038,
      "stddev": 0.03410513252103311,
      "median": 9.801412205079998,
      "user": 9.934710279999996,
      "system": 5.42400162,
      "min": 9.75243917358,
      "max": 9.864779321579999,
      "times": [
        9.77122083958,
        9.79381875058,
        9.809005659579999,
        9.83801747958,
        9.77106458358,
        9.75243917358,
        9.811372104579998,
        9.864779321579999,
        9.75861427258,
        9.811564618579999
      ],
      "exit_codes": [
        0,
        0,
        0,
        0,
        0,
        0,
        0,
        0,
        0,
        0
      ]
    },
    {
      "command": "yarn",
      "mean": 19.80426292188,
      "stddev": 0.2317769154222309,
      "median": 19.798545256079997,
      "user": 26.491671380000003,
      "system": 14.49914182,
      "min": 19.32149568358,
      "max": 20.11907040658,
      "times": [
        20.11907040658,
        19.942213733579997,
        20.104724758579998,
        19.95721049458,
        19.66404397658,
        19.728573977579998,
        19.86851653458,
        19.72268086158,
        19.61409879158,
        19.32149568358
      ],
      "exit_codes": [
        0,
        0,
        0,
        0,
        0,
        0,
        0,
        0,
        0,
        0
      ]
    },
    {
      "command": "berry",
      "mean": 7.52812440378,
      "stddev": 0.10011958942923621,
      "median": 7.53276095308,
      "user": 11.834825380000002,
      "system": 5.054228719999999,
      "min": 7.30105813758,
      "max": 7.64493406258,
      "times": [
        7.63421806458,
        7.54910077858,
        7.56129005958,
        7.51642112758,
        7.51142046458,
        7.44109871958,
        7.30105813758,
        7.64493406258,
        7.6386598695800005,
        7.48304275358
      ],
      "exit_codes": [
        0,
        0,
        0,
        0,
        0,
        0,
        0,
        0,
        0,
        0
      ]
    },
    {
      "command": "pnpm",
      "mean": 3.6251248276799997,
      "stddev": 0.031669438783102986,
      "median": 3.62557620858,
      "user": 7.158217379999998,
      "system": 3.0655330199999997,
      "min": 3.58205256758,
      "max": 3.67516381858,
      "times": [
        3.66384066558,
        3.66203662558,
        3.59049037158,
        3.58205256758,
        3.63209437758,
        3.59805347558,
        3.59636395758,
        3.62604683658,
        3.62510558058,
        3.67516381858
      ],
      "exit_codes": [
        0,
        0,
        0,
        0,
        0,
        0,
        0,
        0,
        0,
        0
      ]
    },
    {
      "command": "vlt",
      "mean": 4.999898758780001,
      "stddev": 0.0364063789039165,
      "median": 5.01201574358,
      "user": 6.676318879999999,
      "system": 3.52095322,
      "min": 4.91986633158,
      "max": 5.04544789458,
      "times": [
        4.91986633158,
        5.01891830958,
        4.96896645358,
        4.98339553358,
        5.03804780958,
        5.00511317758,
        5.02200034358,
        4.97402814758,
        5.02320358658,
        5.04544789458
      ],
      "exit_codes": [
        0,
        0,
        0,
        0,
        0,
        0,
        0,
        0,
        0,
        0
      ]
    },
    {
      "command": "bun",
      "mean": 1.6251457140799999,
      "stddev": 0.07607734407128888,
      "median": 1.60923960458,
      "user": 1.7617631800000002,
      "system": 2.52934852,
      "min": 1.5129810035800002,
      "max": 1.8028597395800001,
      "times": [
        1.5660449005800001,
        1.61137482558,
        1.67458708558,
        1.60710438358,
        1.57747313258,
        1.8028597395800001,
        1.5833332635800001,
        1.5129810035800002,
        1.63437681558,
        1.68132199058
      ],
      "exit_codes": [
        0,
        0,
        0,
        0,
        0,
        0,
        0,
        0,
        0,
        0
      ]
    },
    {
      "command": "deno",
      "mean": 3.86218808218,
      "stddev": 0.10433296277225453,
      "median": 3.8510095785800003,
      "user": 3.98197858,
      "system": 2.31299432,
      "min": 3.69766119258,
      "max": 3.98785442458,
      "times": [
        3.9714868345800003,
        3.86205715158,
        3.96818063758,
        3.69766119258,
        3.97830137358,
        3.74087369158,
        3.8399620055800003,
        3.74878460158,
        3.98785442458,
        3.82671890858
      ],
      "exit_codes": [
        0,
        0,
        0,
        0,
        0,
        0,
        0,
        0,
        0,
        0
      ]
    }
  ]
}