{
  "results": [
    {
      "command": "npm",
      "mean": 10.390256215840001,
      "stddev": 0.048963611565440164,
      "median": 10.39359130014,
      "user": 10.64940488,
      "system": 5.80142938,
      "min": 10.310436903140001,
      "max": 10.450195503140002,
      "times": [
        10.375928785140001,
        10.441525180140001,
        10.44124302514,
        10.341474167140001,
        10.41125381514,
        10.434986930140001,
        10.356232745140002,
        10.339285104140002,
        10.450195503140002,
        10.310436903140001
      ],
      "exit_codes": [
        0,
        0,
        0,
        0,
        0,
        0,
        0,
        0,
        0,
        0
      ]
    },
    {
      "command": "yarn",
      "mean": 21.09194229564,
      "stddev": 0.6096537514261083,
      "median": 20.96604430664,
      "user": 28.169206779999996,
      "system": 15.561211080000001,
      "min": 20.55954172014,
      "max": 22.716541941139997,
      "times": [
        20.97607764314,
        20.55954172014,
        20.99499626314,
        20.57497832914,
        20.80384379014,
        20.73923194514,
        20.95601097014,
        22.716541941139997,
        20.98908707214,
        21.609113282139997
      ],
      "exit_codes": [
        0,
        0,
        0,
        0,
        0,
        0,
        0,
        0,
        0,
        0
      ]
    },
    {
      "command": "berry",
      "mean": 7.89790255044,
      "stddev": 0.1784961043715655,
      "median": 7.914786621139999,
      "user": 12.346974679999999,
      "system": 5.109234379999998,
      "min": 7.64684679714,
      "max": 8.251933350140002,
      "times": [
        8.02326257614,
        7.92522327714,
        7.64684679714,
        7.71894071414,
        8.251933350140002,
        7.64692801314,
        7.90434996514,
        7.92616948014,
        7.9037140931400005,
        8.031657238140001
      ],
      "exit_codes": [
        0,
        0,
        0,
        0,
        0,
        0,
        0,
        0,
        0,
        0
      ]
    },
    {
      "command": "zpm",
      "mean": 2.6983211648400003,
      "stddev": 0.25866149028119434,
      "median": 2.71001059414,
      "user": 1.7869372799999996,
      "system": 1.47731318,
      "min": 2.29975560114,
      "max": 3.11673610914,
      "times": [
        2.50484931514,
        2.63857736614,
        3.11673610914,
        3.06706839114,
        2.29975560114,
        2.83138823814,
        2.78144382214,
        2.5144725451400003,
        2.82143236614,
        2.40748789414
      ],
      "exit_codes": [
        0,
        0,
        0,
        0,
        0,
        0,
        0,
        0,
        0,
        0
      ]
    },
    {
      "command": "pnpm",
      "mean": 3.3707275655399997,
      "stddev": 0.5799365639758634,
      "median": 3.16654544064,
      "user": 5.8802173799999995,
      "system": 2.58384738,
      "min": 3.07942111214,
      "max": 5.09690069314,
      "times": [
        5.09690069314,
        3.15177816414,
        3.24386556314,
        3.12866725614,
        3.26862625314,
        3.31917108214,
        3.18131271714,
        3.12813337714,
        3.07942111214,
        3.10939943714
      ],
      "exit_codes": [
        0,
        0,
        0,
        0,
        0,
        0,
        0,
        0,
        0,
        0
      ]
    },
    {
      "command": "vlt",
      "mean": 4.84987334584,
      "stddev": 0.02972165098921487,
      "median": 4.85693234864,
      "user": 5.89947088,
      "system": 3.19242928,
      "min": 4.79147706814,
      "max": 4.88742697014,
      "times": [
        4.83088458214,
        4.88102991714,
        4.8166613191400005,
        4.86100392914,
        4.87856050414,
        4.88742697014,
        4.83176721214,
        4.79147706814,
        4.85286076814,
        4.86706118814
      ],
      "exit_codes": [
        0,
        0,
        0,
        0,
        0,
        0,
        0,
        0,
        0,
        0
      ]
    },
    {
      "command": "bun",
      "mean": 1.8549047179399998,
      "stddev": 0.23848790553639673,
      "median": 1.7949852801400001,
      "user": 1.87743568,
      "system": 2.42202838,
      "min": 1.53981202814,
      "max": 2.36496758514,
      "times": [
        1.77429532614,
        2.36496758514,
        1.81567523414,
        2.22107839714,
        1.67675145214,
        1.53981202814,
        1.82833430214,
        1.6984111421399999,
        1.87425553314,
        1.75546617914
      ],
      "exit_codes": [
        0,
        0,
        0,
        0,
        0,
        0,
        0,
        0,
        0,
        0
      ]
    },
    {
      "command": "deno",
      "mean": 5.19998495644,
      "stddev": 1.2433119461033904,
      "median": 4.80993649164,
      "user": 3.9737748799999997,
      "system": 2.31121168,
      "min": 4.23667948314,
      "max": 8.803625146140002,
      "times": [
        5.35636278514,
        8.803625146140002,
        4.80763235814,
        4.68127436014,
        4.23667948314,
        4.66097403414,
        4.8512018361400004,
        4.81224062514,
        4.47781747814,
        5.31204145814
      ],
      "exit_codes": [
        0,
        0,
        0,
        0,
        0,
        0,
        0,
        0,
        0,
        0
      ]
    }
  ]
}