{
  "results": [
    {
      "command": "npm",
      "mean": 9.913225439820001,
      "stddev": 0.13352665240201433,
      "median": 9.936647415420001,
      "user": 9.97759458,
      "system": 5.5528593,
      "min": 9.698718404920001,
      "max": 10.084995985920001,
      "times": [
        9.85772409092,
        9.698718404920001,
        9.80473387792,
        9.77994815792,
        9.79004293292,
        10.015570739920001,
        10.01681856992,
        10.02324135192,
        10.06046028592,
        10.084995985920001
      ],
      "exit_codes": [
        0,
        0,
        0,
        0,
        0,
        0,
        0,
        0,
        0,
        0
      ]
    },
    {
      "command": "yarn",
      "mean": 19.796486630719997,
      "stddev": 0.17700967566546522,
      "median": 19.80680967392,
      "user": 25.847455579999995,
      "system": 14.984345799999996,
      "min": 19.451461767919998,
      "max": 20.203816576919998,
      "times": [
        19.870095712919998,
        19.826383350919997,
        19.76302359492,
        19.791343469919997,
        19.82932687592,
        19.67278532692,
        19.451461767919998,
        19.82227587792,
        19.734353752919997,
        20.203816576919998
      ],
      "exit_codes": [
        0,
        0,
        0,
        0,
        0,
        0,
        0,
        0,
        0,
        0
      ]
    },
    {
      "command": "berry",
      "mean": 7.79262435702,
      "stddev": 0.16130866113457842,
      "median": 7.77956568842,
      "user": 11.70195478,
      "system": 5.1010211,
      "min": 7.39946896992,
      "max": 8.05147219392,
      "times": [
        7.755587229920001,
        7.798863020920001,
        7.75674516092,
        8.05147219392,
        7.83088724092,
        7.76026835592,
        7.39946896992,
        7.9572981489200005,
        7.75377637292,
        7.86187687592
      ],
      "exit_codes": [
        0,
        0,
        0,
        0,
        0,
        0,
        0,
        0,
        0,
        0
      ]
    },
    {
      "command": "pnpm",
      "mean": 3.7295381919199997,
      "stddev": 0.05539910389663281,
      "median": 3.7066237479199997,
      "user": 7.023086179999998,
      "system": 3.0508438,
      "min": 3.66902439692,
      "max": 3.83232823492,
      "times": [
        3.72083317292,
        3.83232823492,
        3.66902439692,
        3.7790192129199998,
        3.81570989792,
        3.67515190592,
        3.7128501369199998,
        3.7003973589199997,
        3.69021043792,
        3.69985716392
      ],
      "exit_codes": [
        0,
        0,
        0,
        0,
        0,
        0,
        0,
        0,
        0,
        0
      ]
    },
    {
      "command": "vlt",
      "mean": 5.16606568762,
      "stddev": 0.040813423775072875,
      "median": 5.147835238920001,
      "user": 6.79744888,
      "system": 3.672647299999999,
      "min": 5.10860605892,
      "max": 5.23230929092,
      "times": [
        5.19393981392,
        5.14674087692,
        5.14242042492,
        5.119845879920001,
        5.23230929092,
        5.20581901492,
        5.14360414492,
        5.21844176992,
        5.10860605892,
        5.148929600920001
      ],
      "exit_codes": [
        0,
        0,
        0,
        0,
        0,
        0,
        0,
        0,
        0,
        0
      ]
    },
    {
      "command": "bun",
      "mean": 1.92337011852,
      "stddev": 0.25126437437154614,
      "median": 1.8028632129200002,
      "user": 1.71759758,
      "system": 2.4797862999999998,
      "min": 1.66071281192,
      "max": 2.43660422992,
      "times": [
        2.31617082092,
        1.7306158469200001,
        2.04795928292,
        1.81747621192,
        1.7145312199200002,
        1.9349484849200003,
        1.66071281192,
        2.43660422992,
        1.7882502139200003,
        1.78643206192
      ],
      "exit_codes": [
        0,
        0,
        0,
        0,
        0,
        0,
        0,
        0,
        0,
        0
      ]
    },
    {
      "command": "deno",
      "mean": 5.14105144582,
      "stddev": 0.46162957502957824,
      "median": 4.91252254542,
      "user": 3.8679122799999996,
      "system": 2.2396778,
      "min": 4.63898572092,
      "max": 6.14880884092,
      "times": [
        5.5057597649200005,
        4.75667339392,
        4.86009458892,
        4.815104140920001,
        4.964950501920001,
        5.56224578692,
        6.14880884092,
        5.380032405920001,
        4.77785931292,
        4.63898572092
      ],
      "exit_codes": [
        0,
        0,
        0,
        0,
        0,
        0,
        0,
        0,
        0,
        0
      ]
    }
  ]
}