{
  "results": [
    {
      "command": "npm",
      "mean": 9.81714371262,
      "stddev": 0.06112364111410658,
      "median": 9.81569657162,
      "user": 9.955796699999999,
      "system": 5.52791018,
      "min": 9.736415909120002,
      "max": 9.91321091612,
      "times": [
        9.83877824312,
        9.736415909120002,
        9.78004533912,
        9.79261490012,
        9.87863307912,
        9.75657510712,
        9.73913413712,
        9.91321091612,
        9.88315390012,
        9.85287559512
      ],
      "exit_codes": [
        0,
        0,
        0,
        0,
        0,
        0,
        0,
        0,
        0,
        0
      ]
    },
    {
      "command": "yarn",
      "mean": 20.14430411752,
      "stddev": 0.3461522156486165,
      "median": 20.06615234762,
      "user": 26.883830099999994,
      "system": 14.90943968,
      "min": 19.83274529812,
      "max": 21.07390514612,
      "times": [
        20.04712620312,
        20.08517849212,
        21.07390514612,
        20.41583769112,
        19.873928122120002,
        20.11533605312,
        19.93336180512,
        20.09204119712,
        19.83274529812,
        19.97358116712
      ],
      "exit_codes": [
        0,
        0,
        0,
        0,
        0,
        0,
        0,
        0,
        0,
        0
      ]
    },
    {
      "command": "berry",
      "mean": 7.619894432920001,
      "stddev": 0.13546368240885975,
      "median": 7.65671585512,
      "user": 11.782660499999999,
      "system": 5.09572608,
      "min": 7.4149484891199995,
      "max": 7.81979523112,
      "times": [
        7.7076629711199995,
        7.81979523112,
        7.62629534712,
        7.7154305461199995,
        7.488186466119999,
        7.4149484891199995,
        7.68713636312,
        7.76899150412,
        7.5316822091199995,
        7.43881520212
      ],
      "exit_codes": [
        0,
        0,
        0,
        0,
        0,
        0,
        0,
        0,
        0,
        0
      ]
    },
    {
      "command": "pnpm",
      "mean": 3.6956642223200005,
      "stddev": 0.03918353643066023,
      "median": 3.6951515761200002,
      "user": 7.1956807,
      "system": 3.0683712799999996,
      "min": 3.6470508141200004,
      "max": 3.7886112771200002,
      "times": [
        3.7046948361200003,
        3.6621343741200003,
        3.71182124612,
        3.6470508141200004,
        3.68337945712,
        3.6868468041200004,
        3.65013565012,
        3.7886112771200002,
        3.70345634812,
        3.71851141612
      ],
      "exit_codes": [
        0,
        0,
        0,
        0,
        0,
        0,
        0,
        0,
        0,
        0
      ]
    },
    {
      "command": "vlt",
      "mean": 4.733217558120001,
      "stddev": 0.036778853911779104,
      "median": 4.726299990619999,
      "user": 5.713732799999999,
      "system": 3.1470209799999997,
      "min": 4.67465510112,
      "max": 4.78572164912,
      "times": [
        4.71889482012,
        4.76819237112,
        4.73370516112,
        4.6989707761199995,
        4.69780986512,
        4.76400166212,
        4.67465510112,
        4.77868898712,
        4.78572164912,
        4.71153518812
      ],
      "exit_codes": [
        0,
        0,
        0,
        0,
        0,
        0,
        0,
        0,
        0,
        0
      ]
    },
    {
      "command": "bun",
      "mean": 1.8356434517199998,
      "stddev": 0.20226327818750423,
      "median": 1.7808307816199997,
      "user": 1.7347054999999998,
      "system": 2.4874741799999995,
      "min": 1.5205792251199999,
      "max": 2.1918763551200002,
      "times": [
        1.9543170211199998,
        1.72063128112,
        1.6993357891199998,
        2.14605357212,
        1.72137257712,
        2.1918763551200002,
        1.8850045331199998,
        1.6769751771199999,
        1.8402889861199998,
        1.5205792251199999
      ],
      "exit_codes": [
        0,
        0,
        0,
        0,
        0,
        0,
        0,
        0,
        0,
        0
      ]
    },
    {
      "command": "deno",
      "mean": 4.29954599032,
      "stddev": 0.22212530836289687,
      "median": 4.27533831112,
      "user": 4.0863372,
      "system": 2.30217108,
      "min": 3.91841423712,
      "max": 4.61300656312,
      "times": [
        4.37268595412,
        4.161098079119999,
        3.91841423712,
        4.61300656312,
        4.150279226119999,
        4.4974616331199995,
        4.44909793912,
        4.577893651119999,
        4.077531952119999,
        4.17799066812
      ],
      "exit_codes": [
        0,
        0,
        0,
        0,
        0,
        0,
        0,
        0,
        0,
        0
      ]
    }
  ]
}