npm http fetch GET 200 https://vlt-451504312483.d.codeartifact.us-east-1.amazonaws.com/npm/code-artifact-benchmark-test/next 2605ms (cache miss)
npm http fetch GET 200 https://vlt-451504312483.d.codeartifact.us-east-1.amazonaws.com/npm/code-artifact-benchmark-test/react 688ms (cache miss)
npm http fetch GET 200 https://vlt-451504312483.d.codeartifact.us-east-1.amazonaws.com/npm/code-artifact-benchmark-test/react-dom 711ms (cache miss)
npm http fetch GET 200 https://vlt-451504312483.d.codeartifact.us-east-1.amazonaws.com/npm/code-artifact-benchmark-test/@types%2fnode 958ms (cache miss)
npm http fetch GET 200 https://vlt-451504312483.d.codeartifact.us-east-1.amazonaws.com/npm/code-artifact-benchmark-test/@types%2freact 331ms (cache miss)
npm http fetch GET 200 https://vlt-451504312483.d.codeartifact.us-east-1.amazonaws.com/npm/code-artifact-benchmark-test/@types%2freact-dom 188ms (cache miss)
npm http fetch GET 200 https://vlt-451504312483.d.codeartifact.us-east-1.amazonaws.com/npm/code-artifact-benchmark-test/eslint 289ms (cache miss)
npm http fetch GET 200 https://vlt-451504312483.d.codeartifact.us-east-1.amazonaws.com/npm/code-artifact-benchmark-test/eslint-config-next 790ms (cache miss)
npm http fetch GET 200 https://vlt-451504312483.d.codeartifact.us-east-1.amazonaws.com/npm/code-artifact-benchmark-test/typescript 1341ms (cache miss)
npm http fetch GET 200 https://vlt-451504312483.d.codeartifact.us-east-1.amazonaws.com/npm/code-artifact-benchmark-test/postcss 220ms (cache miss)
npm http fetch GET 200 https://vlt-451504312483.d.codeartifact.us-east-1.amazonaws.com/npm/code-artifact-benchmark-test/tailwindcss 1001ms (cache miss)
npm http fetch GET 200 https://vlt-451504312483.d.codeartifact.us-east-1.amazonaws.com/npm/code-artifact-benchmark-test/undici-types 148ms (cache miss)
npm http fetch GET 200 https://vlt-451504312483.d.codeartifact.us-east-1.amazonaws.com/npm/code-artifact-benchmark-test/@types%2fprop-types 278ms (cache miss)
npm http fetch GET 200 https://vlt-451504312483.d.codeartifact.us-east-1.amazonaws.com/npm/code-artifact-benchmark-test/csstype 345ms (cache miss)
npm http fetch GET 200 https://vlt-451504312483.d.codeartifact.us-east-1.amazonaws.com/npm/code-artifact-benchmark-test/ajv 276ms (cache miss)
npm http fetch GET 200 https://vlt-451504312483.d.codeartifact.us-east-1.amazonaws.com/npm/code-artifact-benchmark-test/levn 163ms (cache miss)
npm http fetch GET 200 https://vlt-451504312483.d.codeartifact.us-east-1.amazonaws.com/npm/code-artifact-benchmark-test/chalk 145ms (cache miss)
npm http fetch GET 200 https://vlt-451504312483.d.codeartifact.us-east-1.amazonaws.com/npm/code-artifact-benchmark-test/debug 147ms (cache miss)
npm http fetch GET 200 https://vlt-451504312483.d.codeartifact.us-east-1.amazonaws.com/npm/code-artifact-benchmark-test/ignore 144ms (cache miss)
npm http fetch GET 200 https://vlt-451504312483.d.codeartifact.us-east-1.amazonaws.com/npm/code-artifact-benchmark-test/espree 211ms (cache miss)
npm http fetch GET 200 https://vlt-451504312483.d.codeartifact.us-east-1.amazonaws.com/npm/code-artifact-benchmark-test/esquery 163ms (cache miss)
npm http fetch GET 200 https://vlt-451504312483.d.codeartifact.us-east-1.amazonaws.com/npm/code-artifact-benchmark-test/esutils 146ms (cache miss)
npm http fetch GET 200 https://vlt-451504312483.d.codeartifact.us-east-1.amazonaws.com/npm/code-artifact-benchmark-test/find-up 139ms (cache miss)
npm http fetch GET 200 https://vlt-451504312483.d.codeartifact.us-east-1.amazonaws.com/npm/code-artifact-benchmark-test/is-glob 138ms (cache miss)
npm http fetch GET 200 https://vlt-451504312483.d.codeartifact.us-east-1.amazonaws.com/npm/code-artifact-benchmark-test/globals 184ms (cache miss)
npm http fetch GET 200 https://vlt-451504312483.d.codeartifact.us-east-1.amazonaws.com/npm/code-artifact-benchmark-test/js-yaml 184ms (cache miss)
npm http fetch GET 200 https://vlt-451504312483.d.codeartifact.us-east-1.amazonaws.com/npm/code-artifact-benchmark-test/graphemer 153ms (cache miss)
npm http fetch GET 200 https://vlt-451504312483.d.codeartifact.us-east-1.amazonaws.com/npm/code-artifact-benchmark-test/doctrine 168ms (cache miss)
npm http fetch GET 200 https://vlt-451504312483.d.codeartifact.us-east-1.amazonaws.com/npm/code-artifact-benchmark-test/minimatch 231ms (cache miss)
npm http fetch GET 200 https://vlt-451504312483.d.codeartifact.us-east-1.amazonaws.com/npm/code-artifact-benchmark-test/@eslint%2fjs 159ms (cache miss)
npm http fetch GET 200 https://vlt-451504312483.d.codeartifact.us-east-1.amazonaws.com/npm/code-artifact-benchmark-test/optionator 181ms (cache miss)
npm http fetch GET 200 https://vlt-451504312483.d.codeartifact.us-east-1.amazonaws.com/npm/code-artifact-benchmark-test/strip-ansi 132ms (cache miss)
npm http fetch GET 200 https://vlt-451504312483.d.codeartifact.us-east-1.amazonaws.com/npm/code-artifact-benchmark-test/cross-spawn 152ms (cache miss)
npm http fetch GET 200 https://vlt-451504312483.d.codeartifact.us-east-1.amazonaws.com/npm/code-artifact-benchmark-test/text-table 209ms (cache miss)
npm http fetch GET 200 https://vlt-451504312483.d.codeartifact.us-east-1.amazonaws.com/npm/code-artifact-benchmark-test/glob-parent 147ms (cache miss)
npm http fetch GET 200 https://vlt-451504312483.d.codeartifact.us-east-1.amazonaws.com/npm/code-artifact-benchmark-test/imurmurhash 142ms (cache miss)
npm http fetch GET 200 https://vlt-451504312483.d.codeartifact.us-east-1.amazonaws.com/npm/code-artifact-benchmark-test/eslint-scope 161ms (cache miss)
npm http fetch GET 200 https://vlt-451504312483.d.codeartifact.us-east-1.amazonaws.com/npm/code-artifact-benchmark-test/lodash.merge 140ms (cache miss)
npm http fetch GET 200 https://vlt-451504312483.d.codeartifact.us-east-1.amazonaws.com/npm/code-artifact-benchmark-test/is-path-inside 172ms (cache miss)
npm http fetch GET 200 https://vlt-451504312483.d.codeartifact.us-east-1.amazonaws.com/npm/code-artifact-benchmark-test/fast-deep-equal 133ms (cache miss)
npm http fetch GET 200 https://vlt-451504312483.d.codeartifact.us-east-1.amazonaws.com/npm/code-artifact-benchmark-test/natural-compare 125ms (cache miss)
npm http fetch GET 200 https://vlt-451504312483.d.codeartifact.us-east-1.amazonaws.com/npm/code-artifact-benchmark-test/@eslint%2feslintrc 159ms (cache miss)
npm http fetch GET 200 https://vlt-451504312483.d.codeartifact.us-east-1.amazonaws.com/npm/code-artifact-benchmark-test/@nodelib%2ffs.walk 163ms (cache miss)
npm http fetch GET 200 https://vlt-451504312483.d.codeartifact.us-east-1.amazonaws.com/npm/code-artifact-benchmark-test/file-entry-cache 173ms (cache miss)
npm http fetch GET 200 https://vlt-451504312483.d.codeartifact.us-east-1.amazonaws.com/npm/code-artifact-benchmark-test/eslint-visitor-keys 137ms (cache miss)
npm http fetch GET 200 https://vlt-451504312483.d.codeartifact.us-east-1.amazonaws.com/npm/code-artifact-benchmark-test/escape-string-regexp 189ms (cache miss)
npm http fetch GET 200 https://vlt-451504312483.d.codeartifact.us-east-1.amazonaws.com/npm/code-artifact-benchmark-test/@ungap%2fstructured-clone 199ms (cache miss)
npm http fetch GET 200 https://vlt-451504312483.d.codeartifact.us-east-1.amazonaws.com/npm/code-artifact-benchmark-test/@eslint-community%2fregexpp 153ms (cache miss)
npm http fetch GET 200 https://vlt-451504312483.d.codeartifact.us-east-1.amazonaws.com/npm/code-artifact-benchmark-test/@humanwhocodes%2fconfig-array 177ms (cache miss)
npm http fetch GET 200 https://vlt-451504312483.d.codeartifact.us-east-1.amazonaws.com/npm/code-artifact-benchmark-test/@eslint-community%2feslint-utils 164ms (cache miss)
npm http fetch GET 200 https://vlt-451504312483.d.codeartifact.us-east-1.amazonaws.com/npm/code-artifact-benchmark-test/@humanwhocodes%2fmodule-importer 132ms (cache miss)
npm http fetch GET 200 https://vlt-451504312483.d.codeartifact.us-east-1.amazonaws.com/npm/code-artifact-benchmark-test/json-stable-stringify-without-jsonify 147ms (cache miss)
npm http fetch GET 200 https://vlt-451504312483.d.codeartifact.us-east-1.amazonaws.com/npm/code-artifact-benchmark-test/eslint-plugin-react 216ms (cache miss)
npm http fetch GET 200 https://vlt-451504312483.d.codeartifact.us-east-1.amazonaws.com/npm/code-artifact-benchmark-test/eslint-plugin-import 211ms (cache miss)
npm http fetch GET 200 https://vlt-451504312483.d.codeartifact.us-east-1.amazonaws.com/npm/code-artifact-benchmark-test/eslint-plugin-jsx-a11y 135ms (cache miss)
npm http fetch GET 200 https://vlt-451504312483.d.codeartifact.us-east-1.amazonaws.com/npm/code-artifact-benchmark-test/@rushstack%2feslint-patch 173ms (cache miss)
npm http fetch GET 200 https://vlt-451504312483.d.codeartifact.us-east-1.amazonaws.com/npm/code-artifact-benchmark-test/@next%2feslint-plugin-next 785ms (cache miss)
npm http fetch GET 200 https://vlt-451504312483.d.codeartifact.us-east-1.amazonaws.com/npm/code-artifact-benchmark-test/eslint-plugin-react-hooks 803ms (cache miss)
npm http fetch GET 200 https://vlt-451504312483.d.codeartifact.us-east-1.amazonaws.com/npm/code-artifact-benchmark-test/eslint-import-resolver-node 186ms (cache miss)
npm http fetch GET 200 https://vlt-451504312483.d.codeartifact.us-east-1.amazonaws.com/npm/code-artifact-benchmark-test/eslint-import-resolver-typescript 187ms (cache miss)
npm http fetch GET 200 https://vlt-451504312483.d.codeartifact.us-east-1.amazonaws.com/npm/code-artifact-benchmark-test/busboy 169ms (cache miss)
npm http fetch GET 200 https://vlt-451504312483.d.codeartifact.us-east-1.amazonaws.com/npm/code-artifact-benchmark-test/@typescript-eslint%2fparser 1439ms (cache miss)
npm http fetch GET 200 https://vlt-451504312483.d.codeartifact.us-east-1.amazonaws.com/npm/code-artifact-benchmark-test/postcss 163ms (cache updated)
npm http fetch GET 200 https://vlt-451504312483.d.codeartifact.us-east-1.amazonaws.com/npm/code-artifact-benchmark-test/styled-jsx 273ms (cache miss)
npm http fetch GET 200 https://vlt-451504312483.d.codeartifact.us-east-1.amazonaws.com/npm/code-artifact-benchmark-test/@swc%2fcounter 157ms (cache miss)
npm http fetch GET 200 https://vlt-451504312483.d.codeartifact.us-east-1.amazonaws.com/npm/code-artifact-benchmark-test/@swc%2fhelpers 267ms (cache miss)
npm http fetch GET 200 https://vlt-451504312483.d.codeartifact.us-east-1.amazonaws.com/npm/code-artifact-benchmark-test/@next%2fenv 901ms (cache miss)
npm http fetch GET 200 https://vlt-451504312483.d.codeartifact.us-east-1.amazonaws.com/npm/code-artifact-benchmark-test/@typescript-eslint%2feslint-plugin 1475ms (cache miss)
npm http fetch GET 200 https://vlt-451504312483.d.codeartifact.us-east-1.amazonaws.com/npm/code-artifact-benchmark-test/sharp 217ms (cache miss)
npm http fetch GET 200 https://vlt-451504312483.d.codeartifact.us-east-1.amazonaws.com/npm/code-artifact-benchmark-test/caniuse-lite 435ms (cache miss)
npm http fetch GET 200 https://vlt-451504312483.d.codeartifact.us-east-1.amazonaws.com/npm/code-artifact-benchmark-test/@next%2fswc-darwin-x64 639ms (cache miss)
npm http fetch GET 200 https://vlt-451504312483.d.codeartifact.us-east-1.amazonaws.com/npm/code-artifact-benchmark-test/@next%2fswc-darwin-arm64 701ms (cache miss)
npm http fetch GET 200 https://vlt-451504312483.d.codeartifact.us-east-1.amazonaws.com/npm/code-artifact-benchmark-test/@next%2fswc-linux-x64-gnu 716ms (cache miss)
npm http fetch GET 200 https://vlt-451504312483.d.codeartifact.us-east-1.amazonaws.com/npm/code-artifact-benchmark-test/@next%2fswc-linux-x64-musl 736ms (cache miss)
npm http fetch GET 200 https://vlt-451504312483.d.codeartifact.us-east-1.amazonaws.com/npm/code-artifact-benchmark-test/@next%2fswc-win32-x64-msvc 660ms (cache miss)
npm http fetch GET 200 https://vlt-451504312483.d.codeartifact.us-east-1.amazonaws.com/npm/code-artifact-benchmark-test/@next%2fswc-linux-arm64-gnu 775ms (cache miss)
npm http fetch GET 200 https://vlt-451504312483.d.codeartifact.us-east-1.amazonaws.com/npm/code-artifact-benchmark-test/@next%2fswc-linux-arm64-musl 705ms (cache miss)
npm http fetch GET 200 https://vlt-451504312483.d.codeartifact.us-east-1.amazonaws.com/npm/code-artifact-benchmark-test/@next%2fswc-win32-arm64-msvc 638ms (cache miss)
npm http fetch GET 200 https://vlt-451504312483.d.codeartifact.us-east-1.amazonaws.com/npm/code-artifact-benchmark-test/nanoid 176ms (cache miss)
npm http fetch GET 200 https://vlt-451504312483.d.codeartifact.us-east-1.amazonaws.com/npm/code-artifact-benchmark-test/picocolors 129ms (cache miss)
npm http fetch GET 200 https://vlt-451504312483.d.codeartifact.us-east-1.amazonaws.com/npm/code-artifact-benchmark-test/scheduler 661ms (cache miss)
npm http fetch GET 200 https://vlt-451504312483.d.codeartifact.us-east-1.amazonaws.com/npm/code-artifact-benchmark-test/source-map-js 152ms (cache miss)
npm http fetch GET 200 https://vlt-451504312483.d.codeartifact.us-east-1.amazonaws.com/npm/code-artifact-benchmark-test/dlv 147ms (cache miss)
npm http fetch GET 200 https://vlt-451504312483.d.codeartifact.us-east-1.amazonaws.com/npm/code-artifact-benchmark-test/arg 204ms (cache miss)
npm http fetch GET 200 https://vlt-451504312483.d.codeartifact.us-east-1.amazonaws.com/npm/code-artifact-benchmark-test/is-glob 151ms (cache updated)
npm http fetch GET 200 https://vlt-451504312483.d.codeartifact.us-east-1.amazonaws.com/npm/code-artifact-benchmark-test/resolve 157ms (cache miss)
npm http fetch GET 200 https://vlt-451504312483.d.codeartifact.us-east-1.amazonaws.com/npm/code-artifact-benchmark-test/jiti 228ms (cache miss)
npm http fetch GET 200 https://vlt-451504312483.d.codeartifact.us-east-1.amazonaws.com/npm/code-artifact-benchmark-test/fast-glob 141ms (cache miss)
npm http fetch GET 200 https://vlt-451504312483.d.codeartifact.us-east-1.amazonaws.com/npm/code-artifact-benchmark-test/chokidar 157ms (cache miss)
npm http fetch GET 200 https://vlt-451504312483.d.codeartifact.us-east-1.amazonaws.com/npm/code-artifact-benchmark-test/sucrase 196ms (cache miss)
npm http fetch GET 200 https://vlt-451504312483.d.codeartifact.us-east-1.amazonaws.com/npm/code-artifact-benchmark-test/didyoumean 138ms (cache miss)
npm http fetch GET 200 https://vlt-451504312483.d.codeartifact.us-east-1.amazonaws.com/npm/code-artifact-benchmark-test/lilconfig 152ms (cache miss)
npm http fetch GET 200 https://vlt-451504312483.d.codeartifact.us-east-1.amazonaws.com/npm/code-artifact-benchmark-test/micromatch 181ms (cache miss)
npm http fetch GET 200 https://vlt-451504312483.d.codeartifact.us-east-1.amazonaws.com/npm/code-artifact-benchmark-test/postcss-js 184ms (cache miss)
npm http fetch GET 200 https://vlt-451504312483.d.codeartifact.us-east-1.amazonaws.com/npm/code-artifact-benchmark-test/normalize-path 134ms (cache miss)
npm http fetch GET 200 https://vlt-451504312483.d.codeartifact.us-east-1.amazonaws.com/npm/code-artifact-benchmark-test/object-hash 204ms (cache miss)
npm http fetch GET 200 https://vlt-451504312483.d.codeartifact.us-east-1.amazonaws.com/npm/code-artifact-benchmark-test/postcss-import 182ms (cache miss)
npm http fetch GET 200 https://vlt-451504312483.d.codeartifact.us-east-1.amazonaws.com/npm/code-artifact-benchmark-test/postcss-nested 191ms (cache miss)
npm http fetch GET 200 https://vlt-451504312483.d.codeartifact.us-east-1.amazonaws.com/npm/code-artifact-benchmark-test/@alloc%2fquick-lru 195ms (cache miss)
npm http fetch GET 200 https://vlt-451504312483.d.codeartifact.us-east-1.amazonaws.com/npm/code-artifact-benchmark-test/postcss-selector-parser 176ms (cache miss)
npm http fetch GET 200 https://vlt-451504312483.d.codeartifact.us-east-1.amazonaws.com/npm/code-artifact-benchmark-test/postcss-load-config 274ms (cache miss)
npm http fetch GET 200 https://vlt-451504312483.d.codeartifact.us-east-1.amazonaws.com/npm/code-artifact-benchmark-test/eslint 264ms (cache updated)
npm http fetch GET 200 https://vlt-451504312483.d.codeartifact.us-east-1.amazonaws.com/npm/code-artifact-benchmark-test/strip-json-comments 151ms (cache miss)
npm http fetch GET 200 https://vlt-451504312483.d.codeartifact.us-east-1.amazonaws.com/npm/code-artifact-benchmark-test/espree 176ms (cache updated)
npm http fetch GET 200 https://vlt-451504312483.d.codeartifact.us-east-1.amazonaws.com/npm/code-artifact-benchmark-test/import-fresh 182ms (cache miss)
npm http fetch GET 200 https://vlt-451504312483.d.codeartifact.us-east-1.amazonaws.com/npm/code-artifact-benchmark-test/debug 147ms (cache updated)
npm http fetch GET 200 https://vlt-451504312483.d.codeartifact.us-east-1.amazonaws.com/npm/code-artifact-benchmark-test/minimatch 203ms (cache updated)
npm http fetch GET 200 https://vlt-451504312483.d.codeartifact.us-east-1.amazonaws.com/npm/code-artifact-benchmark-test/@humanwhocodes%2fobject-schema 222ms (cache miss)
npm http fetch GET 200 https://vlt-451504312483.d.codeartifact.us-east-1.amazonaws.com/npm/code-artifact-benchmark-test/fastq 194ms (cache miss)
npm http fetch GET 200 https://vlt-451504312483.d.codeartifact.us-east-1.amazonaws.com/npm/code-artifact-benchmark-test/@nodelib%2ffs.scandir 130ms (cache miss)
npm http fetch GET 200 https://vlt-451504312483.d.codeartifact.us-east-1.amazonaws.com/npm/code-artifact-benchmark-test/fast-deep-equal 120ms (cache updated)
npm http fetch GET 200 https://vlt-451504312483.d.codeartifact.us-east-1.amazonaws.com/npm/code-artifact-benchmark-test/json-schema-traverse 160ms (cache miss)
npm http fetch GET 200 https://vlt-451504312483.d.codeartifact.us-east-1.amazonaws.com/npm/code-artifact-benchmark-test/fast-json-stable-stringify 181ms (cache miss)
npm http fetch GET 200 https://vlt-451504312483.d.codeartifact.us-east-1.amazonaws.com/npm/code-artifact-benchmark-test/uri-js 155ms (cache miss)
npm http fetch GET 200 https://vlt-451504312483.d.codeartifact.us-east-1.amazonaws.com/npm/code-artifact-benchmark-test/ansi-styles 164ms (cache miss)
npm http fetch GET 200 https://vlt-451504312483.d.codeartifact.us-east-1.amazonaws.com/npm/code-artifact-benchmark-test/which 161ms (cache miss)
npm http fetch GET 200 https://vlt-451504312483.d.codeartifact.us-east-1.amazonaws.com/npm/code-artifact-benchmark-test/supports-color 178ms (cache miss)
npm http fetch GET 200 https://vlt-451504312483.d.codeartifact.us-east-1.amazonaws.com/npm/code-artifact-benchmark-test/shebang-command 128ms (cache miss)
npm http fetch GET 200 https://vlt-451504312483.d.codeartifact.us-east-1.amazonaws.com/npm/code-artifact-benchmark-test/path-key 134ms (cache miss)
npm http fetch GET 200 https://vlt-451504312483.d.codeartifact.us-east-1.amazonaws.com/npm/code-artifact-benchmark-test/ms 139ms (cache miss)
npm http fetch GET 200 https://vlt-451504312483.d.codeartifact.us-east-1.amazonaws.com/npm/code-artifact-benchmark-test/estraverse 132ms (cache miss)
npm http fetch GET 200 https://vlt-451504312483.d.codeartifact.us-east-1.amazonaws.com/npm/code-artifact-benchmark-test/esrecurse 147ms (cache miss)
npm http fetch GET 200 https://vlt-451504312483.d.codeartifact.us-east-1.amazonaws.com/npm/code-artifact-benchmark-test/acorn 170ms (cache miss)
npm http fetch GET 200 https://vlt-451504312483.d.codeartifact.us-east-1.amazonaws.com/npm/code-artifact-benchmark-test/estraverse 114ms (cache updated)
npm http fetch GET 200 https://vlt-451504312483.d.codeartifact.us-east-1.amazonaws.com/npm/code-artifact-benchmark-test/acorn-jsx 143ms (cache miss)
npm http fetch GET 200 https://vlt-451504312483.d.codeartifact.us-east-1.amazonaws.com/npm/code-artifact-benchmark-test/flat-cache 151ms (cache miss)
npm http fetch GET 200 https://vlt-451504312483.d.codeartifact.us-east-1.amazonaws.com/npm/code-artifact-benchmark-test/path-exists 173ms (cache miss)
npm http fetch GET 200 https://vlt-451504312483.d.codeartifact.us-east-1.amazonaws.com/npm/code-artifact-benchmark-test/locate-path 196ms (cache miss)
npm http fetch GET 200 https://vlt-451504312483.d.codeartifact.us-east-1.amazonaws.com/npm/code-artifact-benchmark-test/type-fest 193ms (cache miss)
npm http fetch GET 200 https://vlt-451504312483.d.codeartifact.us-east-1.amazonaws.com/npm/code-artifact-benchmark-test/argparse 125ms (cache miss)
npm http fetch GET 200 https://vlt-451504312483.d.codeartifact.us-east-1.amazonaws.com/npm/code-artifact-benchmark-test/is-extglob 153ms (cache miss)
npm http fetch GET 200 https://vlt-451504312483.d.codeartifact.us-east-1.amazonaws.com/npm/code-artifact-benchmark-test/prelude-ls 163ms (cache miss)
npm http fetch GET 200 https://vlt-451504312483.d.codeartifact.us-east-1.amazonaws.com/npm/code-artifact-benchmark-test/brace-expansion 163ms (cache miss)
npm http fetch GET 200 https://vlt-451504312483.d.codeartifact.us-east-1.amazonaws.com/npm/code-artifact-benchmark-test/type-check 198ms (cache miss)
npm http fetch GET 200 https://vlt-451504312483.d.codeartifact.us-east-1.amazonaws.com/npm/code-artifact-benchmark-test/deep-is 138ms (cache miss)
npm http fetch GET 200 https://vlt-451504312483.d.codeartifact.us-east-1.amazonaws.com/npm/code-artifact-benchmark-test/word-wrap 141ms (cache miss)
npm http fetch GET 200 https://vlt-451504312483.d.codeartifact.us-east-1.amazonaws.com/npm/code-artifact-benchmark-test/fast-levenshtein 180ms (cache miss)
npm http fetch GET 200 https://vlt-451504312483.d.codeartifact.us-east-1.amazonaws.com/npm/code-artifact-benchmark-test/ansi-regex 190ms (cache miss)
npm http fetch GET 200 https://vlt-451504312483.d.codeartifact.us-east-1.amazonaws.com/npm/code-artifact-benchmark-test/parent-module 148ms (cache miss)
npm http fetch GET 200 https://vlt-451504312483.d.codeartifact.us-east-1.amazonaws.com/npm/code-artifact-benchmark-test/resolve-from 152ms (cache miss)
npm http fetch GET 200 https://vlt-451504312483.d.codeartifact.us-east-1.amazonaws.com/npm/code-artifact-benchmark-test/run-parallel 167ms (cache miss)
npm http fetch GET 200 https://vlt-451504312483.d.codeartifact.us-east-1.amazonaws.com/npm/code-artifact-benchmark-test/reusify 188ms (cache miss)
npm http fetch GET 200 https://vlt-451504312483.d.codeartifact.us-east-1.amazonaws.com/npm/code-artifact-benchmark-test/@nodelib%2ffs.stat 189ms (cache miss)
npm http fetch GET 200 https://vlt-451504312483.d.codeartifact.us-east-1.amazonaws.com/npm/code-artifact-benchmark-test/queue-microtask 148ms (cache miss)
npm http fetch GET 200 https://vlt-451504312483.d.codeartifact.us-east-1.amazonaws.com/npm/code-artifact-benchmark-test/punycode 180ms (cache miss)
npm http fetch GET 200 https://vlt-451504312483.d.codeartifact.us-east-1.amazonaws.com/npm/code-artifact-benchmark-test/color-convert 150ms (cache miss)
npm http fetch GET 200 https://vlt-451504312483.d.codeartifact.us-east-1.amazonaws.com/npm/code-artifact-benchmark-test/has-flag 159ms (cache miss)
npm http fetch GET 200 https://vlt-451504312483.d.codeartifact.us-east-1.amazonaws.com/npm/code-artifact-benchmark-test/color-name 222ms (cache miss)
npm http fetch GET 200 https://vlt-451504312483.d.codeartifact.us-east-1.amazonaws.com/npm/code-artifact-benchmark-test/isexe 151ms (cache miss)
npm http fetch GET 200 https://vlt-451504312483.d.codeartifact.us-east-1.amazonaws.com/npm/code-artifact-benchmark-test/shebang-regex 162ms (cache miss)
npm http fetch GET 200 https://vlt-451504312483.d.codeartifact.us-east-1.amazonaws.com/npm/code-artifact-benchmark-test/eslint 272ms (cache updated)
npm http fetch GET 200 https://vlt-451504312483.d.codeartifact.us-east-1.amazonaws.com/npm/code-artifact-benchmark-test/typescript 1308ms (cache updated)
npm http fetch GET 200 https://vlt-451504312483.d.codeartifact.us-east-1.amazonaws.com/npm/code-artifact-benchmark-test/typescript 1310ms (cache updated)
npm http fetch GET 200 https://vlt-451504312483.d.codeartifact.us-east-1.amazonaws.com/npm/code-artifact-benchmark-test/fast-glob 155ms (cache updated)
npm http fetch GET 200 https://vlt-451504312483.d.codeartifact.us-east-1.amazonaws.com/npm/code-artifact-benchmark-test/ignore 183ms (cache updated)
npm http fetch GET 200 https://vlt-451504312483.d.codeartifact.us-east-1.amazonaws.com/npm/code-artifact-benchmark-test/ts-api-utils 187ms (cache miss)
npm http fetch GET 200 https://vlt-451504312483.d.codeartifact.us-east-1.amazonaws.com/npm/code-artifact-benchmark-test/@typescript-eslint%2ftype-utils 879ms (cache miss)
npm http fetch GET 200 https://vlt-451504312483.d.codeartifact.us-east-1.amazonaws.com/npm/code-artifact-benchmark-test/@typescript-eslint%2futils 977ms (cache miss)
npm http fetch GET 200 https://vlt-451504312483.d.codeartifact.us-east-1.amazonaws.com/npm/code-artifact-benchmark-test/@typescript-eslint%2fvisitor-keys 1146ms (cache miss)
npm http fetch GET 200 https://vlt-451504312483.d.codeartifact.us-east-1.amazonaws.com/npm/code-artifact-benchmark-test/@typescript-eslint%2fscope-manager 1233ms (cache miss)
npm http fetch GET 200 https://vlt-451504312483.d.codeartifact.us-east-1.amazonaws.com/npm/code-artifact-benchmark-test/@typescript-eslint%2ftypes 1218ms (cache miss)
npm http fetch GET 200 https://vlt-451504312483.d.codeartifact.us-east-1.amazonaws.com/npm/code-artifact-benchmark-test/@typescript-eslint%2fscope-manager 1198ms (cache miss)
npm http fetch GET 200 https://vlt-451504312483.d.codeartifact.us-east-1.amazonaws.com/npm/code-artifact-benchmark-test/debug 195ms (cache updated)
npm http fetch GET 200 https://vlt-451504312483.d.codeartifact.us-east-1.amazonaws.com/npm/code-artifact-benchmark-test/is-core-module 193ms (cache miss)
npm http fetch GET 200 https://vlt-451504312483.d.codeartifact.us-east-1.amazonaws.com/npm/code-artifact-benchmark-test/resolve 195ms (cache updated)
npm http fetch GET 200 https://vlt-451504312483.d.codeartifact.us-east-1.amazonaws.com/npm/code-artifact-benchmark-test/tinyglobby 123ms (cache miss)
npm http fetch GET 200 https://vlt-451504312483.d.codeartifact.us-east-1.amazonaws.com/npm/code-artifact-benchmark-test/stable-hash 170ms (cache miss)
npm http fetch GET 200 https://vlt-451504312483.d.codeartifact.us-east-1.amazonaws.com/npm/code-artifact-benchmark-test/get-tsconfig 218ms (cache miss)
npm http fetch GET 200 https://vlt-451504312483.d.codeartifact.us-east-1.amazonaws.com/npm/code-artifact-benchmark-test/is-bun-module 219ms (cache miss)
npm http fetch GET 200 https://vlt-451504312483.d.codeartifact.us-east-1.amazonaws.com/npm/code-artifact-benchmark-test/unrs-resolver 158ms (cache miss)
npm http fetch GET 200 https://vlt-451504312483.d.codeartifact.us-east-1.amazonaws.com/npm/code-artifact-benchmark-test/@nolyfill%2fis-core-module 223ms (cache miss)
npm http fetch GET 200 https://vlt-451504312483.d.codeartifact.us-east-1.amazonaws.com/npm/code-artifact-benchmark-test/@rtsao%2fscc 230ms (cache miss)
npm http fetch GET 200 https://vlt-451504312483.d.codeartifact.us-east-1.amazonaws.com/npm/code-artifact-benchmark-test/array-includes 182ms (cache miss)
npm http fetch GET 200 https://vlt-451504312483.d.codeartifact.us-east-1.amazonaws.com/npm/code-artifact-benchmark-test/array.prototype.findlastindex 169ms (cache miss)
npm http fetch GET 200 https://vlt-451504312483.d.codeartifact.us-east-1.amazonaws.com/npm/code-artifact-benchmark-test/array.prototype.flat 147ms (cache miss)
npm http fetch GET 200 https://vlt-451504312483.d.codeartifact.us-east-1.amazonaws.com/npm/code-artifact-benchmark-test/@typescript-eslint%2ftypescript-estree 1454ms (cache miss)
npm http fetch GET 200 https://vlt-451504312483.d.codeartifact.us-east-1.amazonaws.com/npm/code-artifact-benchmark-test/array.prototype.flatmap 179ms (cache miss)
npm http fetch GET 200 https://vlt-451504312483.d.codeartifact.us-east-1.amazonaws.com/npm/code-artifact-benchmark-test/doctrine 153ms (cache updated)
npm http fetch GET 200 https://vlt-451504312483.d.codeartifact.us-east-1.amazonaws.com/npm/code-artifact-benchmark-test/hasown 149ms (cache miss)
npm http fetch GET 200 https://vlt-451504312483.d.codeartifact.us-east-1.amazonaws.com/npm/code-artifact-benchmark-test/eslint-module-utils 190ms (cache miss)
npm http fetch GET 200 https://vlt-451504312483.d.codeartifact.us-east-1.amazonaws.com/npm/code-artifact-benchmark-test/object.fromentries 143ms (cache miss)
npm http fetch GET 200 https://vlt-451504312483.d.codeartifact.us-east-1.amazonaws.com/npm/code-artifact-benchmark-test/object.groupby 143ms (cache miss)
npm http fetch GET 200 https://vlt-451504312483.d.codeartifact.us-east-1.amazonaws.com/npm/code-artifact-benchmark-test/semver 150ms (cache miss)
npm http fetch GET 200 https://vlt-451504312483.d.codeartifact.us-east-1.amazonaws.com/npm/code-artifact-benchmark-test/object.values 159ms (cache miss)
npm http fetch GET 200 https://vlt-451504312483.d.codeartifact.us-east-1.amazonaws.com/npm/code-artifact-benchmark-test/string.prototype.trimend 162ms (cache miss)
npm http fetch GET 200 https://vlt-451504312483.d.codeartifact.us-east-1.amazonaws.com/npm/code-artifact-benchmark-test/aria-query 166ms (cache miss)
npm http fetch GET 200 https://vlt-451504312483.d.codeartifact.us-east-1.amazonaws.com/npm/code-artifact-benchmark-test/tsconfig-paths 208ms (cache miss)
npm http fetch GET 200 https://vlt-451504312483.d.codeartifact.us-east-1.amazonaws.com/npm/code-artifact-benchmark-test/array-includes 160ms (cache updated)
npm http fetch GET 200 https://vlt-451504312483.d.codeartifact.us-east-1.amazonaws.com/npm/code-artifact-benchmark-test/array.prototype.flatmap 158ms (cache updated)
npm http fetch GET 200 https://vlt-451504312483.d.codeartifact.us-east-1.amazonaws.com/npm/code-artifact-benchmark-test/ast-types-flow 166ms (cache miss)
npm http fetch GET 200 https://vlt-451504312483.d.codeartifact.us-east-1.amazonaws.com/npm/code-artifact-benchmark-test/axobject-query 144ms (cache miss)
npm http fetch GET 200 https://vlt-451504312483.d.codeartifact.us-east-1.amazonaws.com/npm/code-artifact-benchmark-test/damerau-levenshtein 142ms (cache miss)
npm http fetch GET 200 https://vlt-451504312483.d.codeartifact.us-east-1.amazonaws.com/npm/code-artifact-benchmark-test/emoji-regex 146ms (cache miss)
npm http fetch GET 200 https://vlt-451504312483.d.codeartifact.us-east-1.amazonaws.com/npm/code-artifact-benchmark-test/jsx-ast-utils 124ms (cache miss)
npm http fetch GET 200 https://vlt-451504312483.d.codeartifact.us-east-1.amazonaws.com/npm/code-artifact-benchmark-test/safe-regex-test 159ms (cache miss)
npm http fetch GET 200 https://vlt-451504312483.d.codeartifact.us-east-1.amazonaws.com/npm/code-artifact-benchmark-test/language-tags 185ms (cache miss)
npm http fetch GET 200 https://vlt-451504312483.d.codeartifact.us-east-1.amazonaws.com/npm/code-artifact-benchmark-test/array.prototype.findlast 143ms (cache miss)
npm http fetch GET 200 https://vlt-451504312483.d.codeartifact.us-east-1.amazonaws.com/npm/code-artifact-benchmark-test/string.prototype.includes 154ms (cache miss)
npm http fetch GET 200 https://vlt-451504312483.d.codeartifact.us-east-1.amazonaws.com/npm/code-artifact-benchmark-test/array.prototype.tosorted 166ms (cache miss)
npm http fetch GET 200 https://vlt-451504312483.d.codeartifact.us-east-1.amazonaws.com/npm/code-artifact-benchmark-test/axe-core 857ms (cache miss)
npm http fetch GET 200 https://vlt-451504312483.d.codeartifact.us-east-1.amazonaws.com/npm/code-artifact-benchmark-test/es-iterator-helpers 227ms (cache miss)
npm http fetch GET 200 https://vlt-451504312483.d.codeartifact.us-east-1.amazonaws.com/npm/code-artifact-benchmark-test/estraverse 161ms (cache updated)
npm http fetch GET 200 https://vlt-451504312483.d.codeartifact.us-east-1.amazonaws.com/npm/code-artifact-benchmark-test/jsx-ast-utils 139ms (cache updated)
npm http fetch GET 200 https://vlt-451504312483.d.codeartifact.us-east-1.amazonaws.com/npm/code-artifact-benchmark-test/object.entries 151ms (cache miss)
npm http fetch GET 200 https://vlt-451504312483.d.codeartifact.us-east-1.amazonaws.com/npm/code-artifact-benchmark-test/prop-types 148ms (cache miss)
npm http fetch GET 200 https://vlt-451504312483.d.codeartifact.us-east-1.amazonaws.com/npm/code-artifact-benchmark-test/resolve 163ms (cache updated)
npm http fetch GET 200 https://vlt-451504312483.d.codeartifact.us-east-1.amazonaws.com/npm/code-artifact-benchmark-test/string.prototype.matchall 178ms (cache miss)
npm http fetch GET 200 https://vlt-451504312483.d.codeartifact.us-east-1.amazonaws.com/npm/code-artifact-benchmark-test/string.prototype.repeat 155ms (cache miss)
npm http fetch GET 200 https://vlt-451504312483.d.codeartifact.us-east-1.amazonaws.com/npm/code-artifact-benchmark-test/glob-parent 132ms (cache updated)
npm http fetch GET 200 https://vlt-451504312483.d.codeartifact.us-east-1.amazonaws.com/npm/code-artifact-benchmark-test/merge2 152ms (cache miss)
npm http fetch GET 200 https://vlt-451504312483.d.codeartifact.us-east-1.amazonaws.com/npm/code-artifact-benchmark-test/micromatch 159ms (cache updated)
npm http fetch GET 200 https://vlt-451504312483.d.codeartifact.us-east-1.amazonaws.com/npm/code-artifact-benchmark-test/eslint 286ms (cache updated)
npm http fetch GET 200 https://vlt-451504312483.d.codeartifact.us-east-1.amazonaws.com/npm/code-artifact-benchmark-test/eslint-visitor-keys 129ms (cache updated)
npm http fetch GET 200 https://vlt-451504312483.d.codeartifact.us-east-1.amazonaws.com/npm/code-artifact-benchmark-test/tinyglobby 145ms (cache updated)
npm http fetch GET 200 https://vlt-451504312483.d.codeartifact.us-east-1.amazonaws.com/npm/code-artifact-benchmark-test/semver 167ms (cache updated)
npm http fetch GET 200 https://vlt-451504312483.d.codeartifact.us-east-1.amazonaws.com/npm/code-artifact-benchmark-test/minimatch 170ms (cache updated)
npm http fetch GET 200 https://vlt-451504312483.d.codeartifact.us-east-1.amazonaws.com/npm/code-artifact-benchmark-test/@typescript-eslint%2ftsconfig-utils 288ms (cache miss)
npm http fetch GET 200 https://vlt-451504312483.d.codeartifact.us-east-1.amazonaws.com/npm/code-artifact-benchmark-test/@typescript-eslint%2fproject-service 303ms (cache miss)
npm http fetch GET 200 https://vlt-451504312483.d.codeartifact.us-east-1.amazonaws.com/npm/code-artifact-benchmark-test/fdir 145ms (cache miss)
npm http fetch GET 200 https://vlt-451504312483.d.codeartifact.us-east-1.amazonaws.com/npm/code-artifact-benchmark-test/brace-expansion 159ms (cache updated)
npm http fetch GET 200 https://vlt-451504312483.d.codeartifact.us-east-1.amazonaws.com/npm/code-artifact-benchmark-test/picomatch 128ms (cache miss)
npm http fetch GET 200 https://vlt-451504312483.d.codeartifact.us-east-1.amazonaws.com/npm/code-artifact-benchmark-test/@typescript-eslint%2ftsconfig-utils 277ms (cache updated)
npm http fetch GET 200 https://vlt-451504312483.d.codeartifact.us-east-1.amazonaws.com/npm/code-artifact-benchmark-test/es-errors 154ms (cache miss)
npm http fetch GET 200 https://vlt-451504312483.d.codeartifact.us-east-1.amazonaws.com/npm/code-artifact-benchmark-test/node-exports-info 157ms (cache miss)
npm http fetch GET 200 https://vlt-451504312483.d.codeartifact.us-east-1.amazonaws.com/npm/code-artifact-benchmark-test/object-keys 166ms (cache miss)
npm http fetch GET 200 https://vlt-451504312483.d.codeartifact.us-east-1.amazonaws.com/npm/code-artifact-benchmark-test/supports-preserve-symlinks-flag 141ms (cache miss)
npm http fetch GET 200 https://vlt-451504312483.d.codeartifact.us-east-1.amazonaws.com/npm/code-artifact-benchmark-test/path-parse 176ms (cache miss)
npm http fetch GET 200 https://vlt-451504312483.d.codeartifact.us-east-1.amazonaws.com/npm/code-artifact-benchmark-test/resolve-pkg-maps 157ms (cache miss)
npm http fetch GET 200 https://vlt-451504312483.d.codeartifact.us-east-1.amazonaws.com/npm/code-artifact-benchmark-test/napi-postinstall 166ms (cache miss)
npm http fetch GET 200 https://vlt-451504312483.d.codeartifact.us-east-1.amazonaws.com/npm/code-artifact-benchmark-test/@unrs%2fresolver-binding-darwin-arm64 171ms (cache miss)
npm http fetch GET 200 https://vlt-451504312483.d.codeartifact.us-east-1.amazonaws.com/npm/code-artifact-benchmark-test/@unrs%2fresolver-binding-win32-arm64-msvc 131ms (cache miss)
npm http fetch GET 200 https://vlt-451504312483.d.codeartifact.us-east-1.amazonaws.com/npm/code-artifact-benchmark-test/@unrs%2fresolver-binding-linux-arm64-gnu 173ms (cache miss)
npm http fetch GET 200 https://vlt-451504312483.d.codeartifact.us-east-1.amazonaws.com/npm/code-artifact-benchmark-test/@unrs%2fresolver-binding-android-arm64 191ms (cache miss)
npm http fetch GET 200 https://vlt-451504312483.d.codeartifact.us-east-1.amazonaws.com/npm/code-artifact-benchmark-test/@unrs%2fresolver-binding-linux-arm64-musl 162ms (cache miss)
npm http fetch GET 200 https://vlt-451504312483.d.codeartifact.us-east-1.amazonaws.com/npm/code-artifact-benchmark-test/@unrs%2fresolver-binding-android-arm-eabi 136ms (cache miss)
npm http fetch GET 200 https://vlt-451504312483.d.codeartifact.us-east-1.amazonaws.com/npm/code-artifact-benchmark-test/@unrs%2fresolver-binding-openharmony-arm64 142ms (cache miss)
npm http fetch GET 200 https://vlt-451504312483.d.codeartifact.us-east-1.amazonaws.com/npm/code-artifact-benchmark-test/@unrs%2fresolver-binding-linux-arm-musleabihf 153ms (cache miss)
npm http fetch GET 200 https://vlt-451504312483.d.codeartifact.us-east-1.amazonaws.com/npm/code-artifact-benchmark-test/@unrs%2fresolver-binding-win32-ia32-msvc 150ms (cache miss)
npm http fetch GET 200 https://vlt-451504312483.d.codeartifact.us-east-1.amazonaws.com/npm/code-artifact-benchmark-test/@unrs%2fresolver-binding-linux-arm-gnueabihf 209ms (cache miss)
npm http fetch GET 200 https://vlt-451504312483.d.codeartifact.us-east-1.amazonaws.com/npm/code-artifact-benchmark-test/@unrs%2fresolver-binding-linux-loong64-gnu 136ms (cache miss)
npm http fetch GET 200 https://vlt-451504312483.d.codeartifact.us-east-1.amazonaws.com/npm/code-artifact-benchmark-test/@unrs%2fresolver-binding-linux-loong64-musl 150ms (cache miss)
npm http fetch GET 200 https://vlt-451504312483.d.codeartifact.us-east-1.amazonaws.com/npm/code-artifact-benchmark-test/@unrs%2fresolver-binding-linux-ppc64-gnu 145ms (cache miss)
npm http fetch GET 200 https://vlt-451504312483.d.codeartifact.us-east-1.amazonaws.com/npm/code-artifact-benchmark-test/@unrs%2fresolver-binding-linux-riscv64-gnu 159ms (cache miss)
npm http fetch GET 200 https://vlt-451504312483.d.codeartifact.us-east-1.amazonaws.com/npm/code-artifact-benchmark-test/@unrs%2fresolver-binding-linux-s390x-gnu 168ms (cache miss)
npm http fetch GET 200 https://vlt-451504312483.d.codeartifact.us-east-1.amazonaws.com/npm/code-artifact-benchmark-test/@unrs%2fresolver-binding-linux-riscv64-musl 242ms (cache miss)
npm http fetch GET 200 https://vlt-451504312483.d.codeartifact.us-east-1.amazonaws.com/npm/code-artifact-benchmark-test/@unrs%2fresolver-binding-wasm32-wasi 129ms (cache miss)
npm http fetch GET 200 https://vlt-451504312483.d.codeartifact.us-east-1.amazonaws.com/npm/code-artifact-benchmark-test/@unrs%2fresolver-binding-darwin-x64 149ms (cache miss)
npm http fetch GET 200 https://vlt-451504312483.d.codeartifact.us-east-1.amazonaws.com/npm/code-artifact-benchmark-test/@unrs%2fresolver-binding-win32-x64-msvc 138ms (cache miss)
npm http fetch GET 200 https://vlt-451504312483.d.codeartifact.us-east-1.amazonaws.com/npm/code-artifact-benchmark-test/@unrs%2fresolver-binding-freebsd-x64 136ms (cache miss)
npm http fetch GET 200 https://vlt-451504312483.d.codeartifact.us-east-1.amazonaws.com/npm/code-artifact-benchmark-test/@unrs%2fresolver-binding-linux-x64-musl 147ms (cache miss)
npm http fetch GET 200 https://vlt-451504312483.d.codeartifact.us-east-1.amazonaws.com/npm/code-artifact-benchmark-test/@unrs%2fresolver-binding-linux-x64-gnu 199ms (cache miss)
npm http fetch GET 200 https://vlt-451504312483.d.codeartifact.us-east-1.amazonaws.com/npm/code-artifact-benchmark-test/call-bind 149ms (cache miss)
npm http fetch GET 200 https://vlt-451504312483.d.codeartifact.us-east-1.amazonaws.com/npm/code-artifact-benchmark-test/call-bound 157ms (cache miss)
npm http fetch GET 200 https://vlt-451504312483.d.codeartifact.us-east-1.amazonaws.com/npm/code-artifact-benchmark-test/is-string 198ms (cache miss)
npm http fetch GET 200 https://vlt-451504312483.d.codeartifact.us-east-1.amazonaws.com/npm/code-artifact-benchmark-test/math-intrinsics 144ms (cache miss)
npm http fetch GET 200 https://vlt-451504312483.d.codeartifact.us-east-1.amazonaws.com/npm/code-artifact-benchmark-test/es-object-atoms 193ms (cache miss)
npm http fetch GET 200 https://vlt-451504312483.d.codeartifact.us-east-1.amazonaws.com/npm/code-artifact-benchmark-test/es-abstract 208ms (cache miss)
npm http fetch GET 200 https://vlt-451504312483.d.codeartifact.us-east-1.amazonaws.com/npm/code-artifact-benchmark-test/define-properties 129ms (cache miss)
npm http fetch GET 200 https://vlt-451504312483.d.codeartifact.us-east-1.amazonaws.com/npm/code-artifact-benchmark-test/es-shim-unscopables 140ms (cache miss)
npm http fetch GET 200 https://vlt-451504312483.d.codeartifact.us-east-1.amazonaws.com/npm/code-artifact-benchmark-test/define-properties 178ms (cache miss)
npm http fetch GET 200 https://vlt-451504312483.d.codeartifact.us-east-1.amazonaws.com/npm/code-artifact-benchmark-test/es-abstract 80ms (cache updated)
npm http fetch GET 200 https://vlt-451504312483.d.codeartifact.us-east-1.amazonaws.com/npm/code-artifact-benchmark-test/es-abstract 171ms (cache updated)
npm http fetch GET 200 https://vlt-451504312483.d.codeartifact.us-east-1.amazonaws.com/npm/code-artifact-benchmark-test/es-abstract 185ms (cache updated)
npm http fetch GET 200 https://vlt-451504312483.d.codeartifact.us-east-1.amazonaws.com/npm/code-artifact-benchmark-test/function-bind 159ms (cache miss)
npm http fetch GET 200 https://vlt-451504312483.d.codeartifact.us-east-1.amazonaws.com/npm/code-artifact-benchmark-test/es-abstract 158ms (cache updated)
npm http fetch GET 200 https://vlt-451504312483.d.codeartifact.us-east-1.amazonaws.com/npm/code-artifact-benchmark-test/json5 131ms (cache miss)
npm http fetch GET 200 https://vlt-451504312483.d.codeartifact.us-east-1.amazonaws.com/npm/code-artifact-benchmark-test/es-abstract 172ms (cache updated)
npm http fetch GET 200 https://vlt-451504312483.d.codeartifact.us-east-1.amazonaws.com/npm/code-artifact-benchmark-test/minimist 172ms (cache miss)
npm http fetch GET 200 https://vlt-451504312483.d.codeartifact.us-east-1.amazonaws.com/npm/code-artifact-benchmark-test/strip-bom 151ms (cache miss)
npm http fetch GET 200 https://vlt-451504312483.d.codeartifact.us-east-1.amazonaws.com/npm/code-artifact-benchmark-test/@types%2fjson5 150ms (cache miss)
npm http fetch GET 200 https://vlt-451504312483.d.codeartifact.us-east-1.amazonaws.com/npm/code-artifact-benchmark-test/get-intrinsic 134ms (cache miss)
npm http fetch GET 200 https://vlt-451504312483.d.codeartifact.us-east-1.amazonaws.com/npm/code-artifact-benchmark-test/call-bind-apply-helpers 140ms (cache miss)
npm http fetch GET 200 https://vlt-451504312483.d.codeartifact.us-east-1.amazonaws.com/npm/code-artifact-benchmark-test/es-define-property 154ms (cache miss)
npm http fetch GET 200 https://vlt-451504312483.d.codeartifact.us-east-1.amazonaws.com/npm/code-artifact-benchmark-test/define-data-property 134ms (cache miss)
npm http fetch GET 200 https://vlt-451504312483.d.codeartifact.us-east-1.amazonaws.com/npm/code-artifact-benchmark-test/set-function-length 150ms (cache miss)
npm http fetch GET 200 https://vlt-451504312483.d.codeartifact.us-east-1.amazonaws.com/npm/code-artifact-benchmark-test/has-property-descriptors 141ms (cache miss)
npm http fetch GET 200 https://vlt-451504312483.d.codeartifact.us-east-1.amazonaws.com/npm/code-artifact-benchmark-test/arraybuffer.prototype.slice 149ms (cache miss)
npm http fetch GET 200 https://vlt-451504312483.d.codeartifact.us-east-1.amazonaws.com/npm/code-artifact-benchmark-test/available-typed-arrays 141ms (cache miss)
npm http fetch GET 200 https://vlt-451504312483.d.codeartifact.us-east-1.amazonaws.com/npm/code-artifact-benchmark-test/array-buffer-byte-length 166ms (cache miss)
npm http fetch GET 200 https://vlt-451504312483.d.codeartifact.us-east-1.amazonaws.com/npm/code-artifact-benchmark-test/data-view-byte-offset 130ms (cache miss)
npm http fetch GET 200 https://vlt-451504312483.d.codeartifact.us-east-1.amazonaws.com/npm/code-artifact-benchmark-test/data-view-byte-length 135ms (cache miss)
npm http fetch GET 200 https://vlt-451504312483.d.codeartifact.us-east-1.amazonaws.com/npm/code-artifact-benchmark-test/data-view-buffer 213ms (cache miss)
npm http fetch GET 200 https://vlt-451504312483.d.codeartifact.us-east-1.amazonaws.com/npm/code-artifact-benchmark-test/es-set-tostringtag 137ms (cache miss)
npm http fetch GET 200 https://vlt-451504312483.d.codeartifact.us-east-1.amazonaws.com/npm/code-artifact-benchmark-test/es-to-primitive 210ms (cache miss)
npm http fetch GET 200 https://vlt-451504312483.d.codeartifact.us-east-1.amazonaws.com/npm/code-artifact-benchmark-test/function.prototype.name 193ms (cache miss)
npm http fetch GET 200 https://vlt-451504312483.d.codeartifact.us-east-1.amazonaws.com/npm/code-artifact-benchmark-test/get-proto 146ms (cache miss)
npm http fetch GET 200 https://vlt-451504312483.d.codeartifact.us-east-1.amazonaws.com/npm/code-artifact-benchmark-test/get-symbol-description 160ms (cache miss)
npm http fetch GET 200 https://vlt-451504312483.d.codeartifact.us-east-1.amazonaws.com/npm/code-artifact-benchmark-test/globalthis 120ms (cache miss)
npm http fetch GET 200 https://vlt-451504312483.d.codeartifact.us-east-1.amazonaws.com/npm/code-artifact-benchmark-test/gopd 142ms (cache miss)
npm http fetch GET 200 https://vlt-451504312483.d.codeartifact.us-east-1.amazonaws.com/npm/code-artifact-benchmark-test/has-proto 157ms (cache miss)
npm http fetch GET 200 https://vlt-451504312483.d.codeartifact.us-east-1.amazonaws.com/npm/code-artifact-benchmark-test/has-symbols 166ms (cache miss)
npm http fetch GET 200 https://vlt-451504312483.d.codeartifact.us-east-1.amazonaws.com/npm/code-artifact-benchmark-test/internal-slot 150ms (cache miss)
npm http fetch GET 200 https://vlt-451504312483.d.codeartifact.us-east-1.amazonaws.com/npm/code-artifact-benchmark-test/is-array-buffer 146ms (cache miss)
npm http fetch GET 200 https://vlt-451504312483.d.codeartifact.us-east-1.amazonaws.com/npm/code-artifact-benchmark-test/is-callable 138ms (cache miss)
npm http fetch GET 200 https://vlt-451504312483.d.codeartifact.us-east-1.amazonaws.com/npm/code-artifact-benchmark-test/is-data-view 148ms (cache miss)
npm http fetch GET 200 https://vlt-451504312483.d.codeartifact.us-east-1.amazonaws.com/npm/code-artifact-benchmark-test/is-negative-zero 154ms (cache miss)
npm http fetch GET 200 https://vlt-451504312483.d.codeartifact.us-east-1.amazonaws.com/npm/code-artifact-benchmark-test/is-regex 155ms (cache miss)
npm http fetch GET 200 https://vlt-451504312483.d.codeartifact.us-east-1.amazonaws.com/npm/code-artifact-benchmark-test/is-set 150ms (cache miss)
npm http fetch GET 200 https://vlt-451504312483.d.codeartifact.us-east-1.amazonaws.com/npm/code-artifact-benchmark-test/is-shared-array-buffer 115ms (cache miss)
npm http fetch GET 200 https://vlt-451504312483.d.codeartifact.us-east-1.amazonaws.com/npm/code-artifact-benchmark-test/is-weakref 141ms (cache miss)
npm http fetch GET 200 https://vlt-451504312483.d.codeartifact.us-east-1.amazonaws.com/npm/code-artifact-benchmark-test/is-typed-array 202ms (cache miss)
npm http fetch GET 200 https://vlt-451504312483.d.codeartifact.us-east-1.amazonaws.com/npm/code-artifact-benchmark-test/object-inspect 159ms (cache miss)
npm http fetch GET 200 https://vlt-451504312483.d.codeartifact.us-east-1.amazonaws.com/npm/code-artifact-benchmark-test/object.assign 160ms (cache miss)
npm http fetch GET 200 https://vlt-451504312483.d.codeartifact.us-east-1.amazonaws.com/npm/code-artifact-benchmark-test/own-keys 183ms (cache miss)
npm http fetch GET 200 https://vlt-451504312483.d.codeartifact.us-east-1.amazonaws.com/npm/code-artifact-benchmark-test/regexp.prototype.flags 142ms (cache miss)
npm http fetch GET 200 https://vlt-451504312483.d.codeartifact.us-east-1.amazonaws.com/npm/code-artifact-benchmark-test/safe-array-concat 157ms (cache miss)
npm http fetch GET 200 https://vlt-451504312483.d.codeartifact.us-east-1.amazonaws.com/npm/code-artifact-benchmark-test/safe-push-apply 135ms (cache miss)
npm http fetch GET 200 https://vlt-451504312483.d.codeartifact.us-east-1.amazonaws.com/npm/code-artifact-benchmark-test/set-proto 141ms (cache miss)
npm http fetch GET 200 https://vlt-451504312483.d.codeartifact.us-east-1.amazonaws.com/npm/code-artifact-benchmark-test/stop-iteration-iterator 146ms (cache miss)
npm http fetch GET 200 https://vlt-451504312483.d.codeartifact.us-east-1.amazonaws.com/npm/code-artifact-benchmark-test/string.prototype.trim 124ms (cache miss)
npm http fetch GET 200 https://vlt-451504312483.d.codeartifact.us-east-1.amazonaws.com/npm/code-artifact-benchmark-test/string.prototype.trimstart 125ms (cache miss)
npm http fetch GET 200 https://vlt-451504312483.d.codeartifact.us-east-1.amazonaws.com/npm/code-artifact-benchmark-test/typed-array-buffer 137ms (cache miss)
npm http fetch GET 200 https://vlt-451504312483.d.codeartifact.us-east-1.amazonaws.com/npm/code-artifact-benchmark-test/typed-array-byte-length 156ms (cache miss)
npm http fetch GET 200 https://vlt-451504312483.d.codeartifact.us-east-1.amazonaws.com/npm/code-artifact-benchmark-test/typed-array-byte-offset 156ms (cache miss)
npm http fetch GET 200 https://vlt-451504312483.d.codeartifact.us-east-1.amazonaws.com/npm/code-artifact-benchmark-test/typed-array-length 167ms (cache miss)
npm http fetch GET 200 https://vlt-451504312483.d.codeartifact.us-east-1.amazonaws.com/npm/code-artifact-benchmark-test/unbox-primitive 163ms (cache miss)
npm http fetch GET 200 https://vlt-451504312483.d.codeartifact.us-east-1.amazonaws.com/npm/code-artifact-benchmark-test/which-typed-array 189ms (cache miss)
npm http fetch GET 200 https://vlt-451504312483.d.codeartifact.us-east-1.amazonaws.com/npm/code-artifact-benchmark-test/has-tostringtag 131ms (cache miss)
npm http fetch GET 200 https://vlt-451504312483.d.codeartifact.us-east-1.amazonaws.com/npm/code-artifact-benchmark-test/is-array-buffer 153ms (cache updated)
npm http fetch GET 200 https://vlt-451504312483.d.codeartifact.us-east-1.amazonaws.com/npm/code-artifact-benchmark-test/possible-typed-array-names 163ms (cache miss)
npm http fetch GET 200 https://vlt-451504312483.d.codeartifact.us-east-1.amazonaws.com/npm/code-artifact-benchmark-test/is-symbol 164ms (cache miss)
npm http fetch GET 200 https://vlt-451504312483.d.codeartifact.us-east-1.amazonaws.com/npm/code-artifact-benchmark-test/is-date-object 158ms (cache miss)
npm http fetch GET 200 https://vlt-451504312483.d.codeartifact.us-east-1.amazonaws.com/npm/code-artifact-benchmark-test/es-abstract-get 167ms (cache miss)
npm http fetch GET 200 https://vlt-451504312483.d.codeartifact.us-east-1.amazonaws.com/npm/code-artifact-benchmark-test/is-document.all 193ms (cache miss)
npm http fetch GET 200 https://vlt-451504312483.d.codeartifact.us-east-1.amazonaws.com/npm/code-artifact-benchmark-test/functions-have-names 127ms (cache miss)
npm http fetch GET 200 https://vlt-451504312483.d.codeartifact.us-east-1.amazonaws.com/npm/code-artifact-benchmark-test/dunder-proto 113ms (cache miss)
npm http fetch GET 200 https://vlt-451504312483.d.codeartifact.us-east-1.amazonaws.com/npm/code-artifact-benchmark-test/dunder-proto 152ms (cache miss)
npm http fetch GET 200 https://vlt-451504312483.d.codeartifact.us-east-1.amazonaws.com/npm/code-artifact-benchmark-test/is-typed-array 140ms (cache updated)
npm http fetch GET 200 https://vlt-451504312483.d.codeartifact.us-east-1.amazonaws.com/npm/code-artifact-benchmark-test/which-typed-array 151ms (cache updated)
npm http fetch GET 200 https://vlt-451504312483.d.codeartifact.us-east-1.amazonaws.com/npm/code-artifact-benchmark-test/side-channel 265ms (cache miss)
npm http fetch GET 200 https://vlt-451504312483.d.codeartifact.us-east-1.amazonaws.com/npm/code-artifact-benchmark-test/set-function-name 126ms (cache miss)
npm http fetch GET 200 https://vlt-451504312483.d.codeartifact.us-east-1.amazonaws.com/npm/code-artifact-benchmark-test/isarray 163ms (cache miss)
npm http fetch GET 200 https://vlt-451504312483.d.codeartifact.us-east-1.amazonaws.com/npm/code-artifact-benchmark-test/isarray 148ms (cache miss)
npm http fetch GET 200 https://vlt-451504312483.d.codeartifact.us-east-1.amazonaws.com/npm/code-artifact-benchmark-test/for-each 129ms (cache miss)
npm http fetch GET 200 https://vlt-451504312483.d.codeartifact.us-east-1.amazonaws.com/npm/code-artifact-benchmark-test/for-each 115ms (cache miss)
npm http fetch GET 200 https://vlt-451504312483.d.codeartifact.us-east-1.amazonaws.com/npm/code-artifact-benchmark-test/reflect.getprototypeof 128ms (cache miss)
npm http fetch GET 200 https://vlt-451504312483.d.codeartifact.us-east-1.amazonaws.com/npm/code-artifact-benchmark-test/reflect.getprototypeof 138ms (cache miss)
npm http fetch GET 200 https://vlt-451504312483.d.codeartifact.us-east-1.amazonaws.com/npm/code-artifact-benchmark-test/has-bigints 152ms (cache miss)
npm http fetch GET 200 https://vlt-451504312483.d.codeartifact.us-east-1.amazonaws.com/npm/code-artifact-benchmark-test/which-boxed-primitive 140ms (cache miss)
npm http fetch GET 200 https://vlt-451504312483.d.codeartifact.us-east-1.amazonaws.com/npm/code-artifact-benchmark-test/language-subtag-registry 145ms (cache miss)
npm http fetch GET 200 https://vlt-451504312483.d.codeartifact.us-east-1.amazonaws.com/npm/code-artifact-benchmark-test/loose-envify 139ms (cache miss)
npm http fetch GET 200 https://vlt-451504312483.d.codeartifact.us-east-1.amazonaws.com/npm/code-artifact-benchmark-test/object-assign 143ms (cache miss)
npm http fetch GET 200 https://vlt-451504312483.d.codeartifact.us-east-1.amazonaws.com/npm/code-artifact-benchmark-test/iterator.prototype 167ms (cache miss)
npm http fetch GET 200 https://vlt-451504312483.d.codeartifact.us-east-1.amazonaws.com/npm/code-artifact-benchmark-test/react-is 631ms (cache miss)
npm http fetch GET 200 https://vlt-451504312483.d.codeartifact.us-east-1.amazonaws.com/npm/code-artifact-benchmark-test/braces 145ms (cache miss)
npm http fetch GET 200 https://vlt-451504312483.d.codeartifact.us-east-1.amazonaws.com/npm/code-artifact-benchmark-test/picomatch 159ms (cache updated)
npm http fetch GET 200 https://vlt-451504312483.d.codeartifact.us-east-1.amazonaws.com/npm/code-artifact-benchmark-test/flatted 175ms (cache miss)
npm http fetch GET 200 https://vlt-451504312483.d.codeartifact.us-east-1.amazonaws.com/npm/code-artifact-benchmark-test/keyv 177ms (cache miss)
npm http fetch GET 200 https://vlt-451504312483.d.codeartifact.us-east-1.amazonaws.com/npm/code-artifact-benchmark-test/rimraf 201ms (cache miss)
npm http fetch GET 200 https://vlt-451504312483.d.codeartifact.us-east-1.amazonaws.com/npm/code-artifact-benchmark-test/p-locate 141ms (cache miss)
npm http fetch GET 200 https://vlt-451504312483.d.codeartifact.us-east-1.amazonaws.com/npm/code-artifact-benchmark-test/json-buffer 183ms (cache miss)
npm http fetch GET 200 https://vlt-451504312483.d.codeartifact.us-east-1.amazonaws.com/npm/code-artifact-benchmark-test/glob 219ms (cache miss)
npm http fetch GET 200 https://vlt-451504312483.d.codeartifact.us-east-1.amazonaws.com/npm/code-artifact-benchmark-test/callsites 119ms (cache miss)
npm http fetch GET 200 https://vlt-451504312483.d.codeartifact.us-east-1.amazonaws.com/npm/code-artifact-benchmark-test/side-channel-map 122ms (cache miss)
npm http fetch GET 200 https://vlt-451504312483.d.codeartifact.us-east-1.amazonaws.com/npm/code-artifact-benchmark-test/side-channel-list 153ms (cache miss)
npm http fetch GET 200 https://vlt-451504312483.d.codeartifact.us-east-1.amazonaws.com/npm/code-artifact-benchmark-test/side-channel-weakmap 284ms (cache miss)
npm http fetch GET 200 https://vlt-451504312483.d.codeartifact.us-east-1.amazonaws.com/npm/code-artifact-benchmark-test/p-limit 120ms (cache miss)
npm http fetch GET 200 https://vlt-451504312483.d.codeartifact.us-east-1.amazonaws.com/npm/code-artifact-benchmark-test/fill-range 136ms (cache miss)
npm http fetch GET 200 https://vlt-451504312483.d.codeartifact.us-east-1.amazonaws.com/npm/code-artifact-benchmark-test/to-regex-range 146ms (cache miss)
npm http fetch GET 200 https://vlt-451504312483.d.codeartifact.us-east-1.amazonaws.com/npm/code-artifact-benchmark-test/is-number 164ms (cache miss)
npm http fetch GET 200 https://vlt-451504312483.d.codeartifact.us-east-1.amazonaws.com/npm/code-artifact-benchmark-test/balanced-match 150ms (cache miss)
npm http fetch GET 200 https://vlt-451504312483.d.codeartifact.us-east-1.amazonaws.com/npm/code-artifact-benchmark-test/concat-map 173ms (cache miss)
npm http fetch GET 200 https://vlt-451504312483.d.codeartifact.us-east-1.amazonaws.com/npm/code-artifact-benchmark-test/react 737ms (cache updated)
npm http fetch GET 200 https://vlt-451504312483.d.codeartifact.us-east-1.amazonaws.com/npm/code-artifact-benchmark-test/streamsearch 135ms (cache miss)
npm http fetch GET 200 https://vlt-451504312483.d.codeartifact.us-east-1.amazonaws.com/npm/code-artifact-benchmark-test/tslib 144ms (cache miss)
npm http fetch GET 200 https://vlt-451504312483.d.codeartifact.us-east-1.amazonaws.com/npm/code-artifact-benchmark-test/nanoid 154ms (cache updated)
npm http fetch GET 200 https://vlt-451504312483.d.codeartifact.us-east-1.amazonaws.com/npm/code-artifact-benchmark-test/source-map-js 153ms (cache updated)
npm http fetch GET 200 https://vlt-451504312483.d.codeartifact.us-east-1.amazonaws.com/npm/code-artifact-benchmark-test/detect-libc 174ms (cache miss)
npm http fetch GET 200 https://vlt-451504312483.d.codeartifact.us-east-1.amazonaws.com/npm/code-artifact-benchmark-test/color 220ms (cache miss)
npm http fetch GET 200 https://vlt-451504312483.d.codeartifact.us-east-1.amazonaws.com/npm/code-artifact-benchmark-test/@img%2fsharp-wasm32 144ms (cache miss)
npm http fetch GET 200 https://vlt-451504312483.d.codeartifact.us-east-1.amazonaws.com/npm/code-artifact-benchmark-test/@img%2fsharp-linux-arm 144ms (cache miss)
npm http fetch GET 200 https://vlt-451504312483.d.codeartifact.us-east-1.amazonaws.com/npm/code-artifact-benchmark-test/@img%2fsharp-linux-x64 130ms (cache miss)
npm http fetch GET 200 https://vlt-451504312483.d.codeartifact.us-east-1.amazonaws.com/npm/code-artifact-benchmark-test/@img%2fsharp-win32-x64 149ms (cache miss)
npm http fetch GET 200 https://vlt-451504312483.d.codeartifact.us-east-1.amazonaws.com/npm/code-artifact-benchmark-test/@img%2fsharp-darwin-x64 152ms (cache miss)
npm http fetch GET 200 https://vlt-451504312483.d.codeartifact.us-east-1.amazonaws.com/npm/code-artifact-benchmark-test/@img%2fsharp-win32-ia32 142ms (cache miss)
npm http fetch GET 200 https://vlt-451504312483.d.codeartifact.us-east-1.amazonaws.com/npm/code-artifact-benchmark-test/@img%2fsharp-linux-arm64 169ms (cache miss)
npm http fetch GET 200 https://vlt-451504312483.d.codeartifact.us-east-1.amazonaws.com/npm/code-artifact-benchmark-test/@img%2fsharp-linux-s390x 142ms (cache miss)
npm http fetch GET 200 https://vlt-451504312483.d.codeartifact.us-east-1.amazonaws.com/npm/code-artifact-benchmark-test/@img%2fsharp-darwin-arm64 141ms (cache miss)
npm http fetch GET 200 https://vlt-451504312483.d.codeartifact.us-east-1.amazonaws.com/npm/code-artifact-benchmark-test/@img%2fsharp-linuxmusl-x64 156ms (cache miss)
npm http fetch GET 200 https://vlt-451504312483.d.codeartifact.us-east-1.amazonaws.com/npm/code-artifact-benchmark-test/@img%2fsharp-linuxmusl-arm64 141ms (cache miss)
npm http fetch GET 200 https://vlt-451504312483.d.codeartifact.us-east-1.amazonaws.com/npm/code-artifact-benchmark-test/@img%2fsharp-libvips-linux-arm 155ms (cache miss)
npm http fetch GET 200 https://vlt-451504312483.d.codeartifact.us-east-1.amazonaws.com/npm/code-artifact-benchmark-test/@img%2fsharp-libvips-linux-x64 128ms (cache miss)
npm http fetch GET 200 https://vlt-451504312483.d.codeartifact.us-east-1.amazonaws.com/npm/code-artifact-benchmark-test/@img%2fsharp-libvips-linux-arm64 137ms (cache miss)
npm http fetch GET 200 https://vlt-451504312483.d.codeartifact.us-east-1.amazonaws.com/npm/code-artifact-benchmark-test/@img%2fsharp-libvips-darwin-x64 172ms (cache miss)
npm http fetch GET 200 https://vlt-451504312483.d.codeartifact.us-east-1.amazonaws.com/npm/code-artifact-benchmark-test/@img%2fsharp-libvips-linux-s390x 167ms (cache miss)
npm http fetch GET 200 https://vlt-451504312483.d.codeartifact.us-east-1.amazonaws.com/npm/code-artifact-benchmark-test/@img%2fsharp-libvips-linuxmusl-x64 141ms (cache miss)
npm http fetch GET 200 https://vlt-451504312483.d.codeartifact.us-east-1.amazonaws.com/npm/code-artifact-benchmark-test/@img%2fsharp-libvips-darwin-arm64 162ms (cache miss)
npm http fetch GET 200 https://vlt-451504312483.d.codeartifact.us-east-1.amazonaws.com/npm/code-artifact-benchmark-test/@img%2fsharp-libvips-linuxmusl-arm64 150ms (cache miss)
npm http fetch GET 200 https://vlt-451504312483.d.codeartifact.us-east-1.amazonaws.com/npm/code-artifact-benchmark-test/client-only 148ms (cache miss)
npm http fetch GET 200 https://vlt-451504312483.d.codeartifact.us-east-1.amazonaws.com/npm/code-artifact-benchmark-test/yocto-queue 115ms (cache miss)
npm http fetch GET 200 https://vlt-451504312483.d.codeartifact.us-east-1.amazonaws.com/npm/code-artifact-benchmark-test/js-tokens 164ms (cache miss)
npm http fetch GET 200 https://vlt-451504312483.d.codeartifact.us-east-1.amazonaws.com/npm/code-artifact-benchmark-test/once 124ms (cache miss)
npm http fetch GET 200 https://vlt-451504312483.d.codeartifact.us-east-1.amazonaws.com/npm/code-artifact-benchmark-test/inflight 124ms (cache miss)
npm http fetch GET 200 https://vlt-451504312483.d.codeartifact.us-east-1.amazonaws.com/npm/code-artifact-benchmark-test/inherits 159ms (cache miss)
npm http fetch GET 200 https://vlt-451504312483.d.codeartifact.us-east-1.amazonaws.com/npm/code-artifact-benchmark-test/fs.realpath 133ms (cache miss)
npm http fetch GET 200 https://vlt-451504312483.d.codeartifact.us-east-1.amazonaws.com/npm/code-artifact-benchmark-test/path-is-absolute 143ms (cache miss)
npm http fetch GET 200 https://vlt-451504312483.d.codeartifact.us-east-1.amazonaws.com/npm/code-artifact-benchmark-test/wrappy 129ms (cache miss)
npm http fetch GET 200 https://vlt-451504312483.d.codeartifact.us-east-1.amazonaws.com/npm/code-artifact-benchmark-test/wrappy 141ms (cache miss)
npm http fetch GET 200 https://vlt-451504312483.d.codeartifact.us-east-1.amazonaws.com/npm/code-artifact-benchmark-test/@emnapi%2fruntime 170ms (cache miss)
npm http fetch GET 200 https://vlt-451504312483.d.codeartifact.us-east-1.amazonaws.com/npm/code-artifact-benchmark-test/color-string 211ms (cache miss)
npm http fetch GET 200 https://vlt-451504312483.d.codeartifact.us-east-1.amazonaws.com/npm/code-artifact-benchmark-test/simple-swizzle 171ms (cache miss)
npm http fetch GET 200 https://vlt-451504312483.d.codeartifact.us-east-1.amazonaws.com/npm/code-artifact-benchmark-test/is-arrayish 222ms (cache miss)
npm http fetch GET 200 https://vlt-451504312483.d.codeartifact.us-east-1.amazonaws.com/npm/code-artifact-benchmark-test/postcss 220ms (cache updated)
npm http fetch GET 200 https://vlt-451504312483.d.codeartifact.us-east-1.amazonaws.com/npm/code-artifact-benchmark-test/anymatch 132ms (cache miss)
npm http fetch GET 200 https://vlt-451504312483.d.codeartifact.us-east-1.amazonaws.com/npm/code-artifact-benchmark-test/glob-parent 160ms (cache updated)
npm http fetch GET 200 https://vlt-451504312483.d.codeartifact.us-east-1.amazonaws.com/npm/code-artifact-benchmark-test/readdirp 187ms (cache miss)
npm http fetch GET 200 https://vlt-451504312483.d.codeartifact.us-east-1.amazonaws.com/npm/code-artifact-benchmark-test/is-binary-path 153ms (cache miss)
npm http fetch GET 200 https://vlt-451504312483.d.codeartifact.us-east-1.amazonaws.com/npm/code-artifact-benchmark-test/fsevents 161ms (cache miss)
npm http fetch GET 200 https://vlt-451504312483.d.codeartifact.us-east-1.amazonaws.com/npm/code-artifact-benchmark-test/resolve 143ms (cache updated)
npm http fetch GET 200 https://vlt-451504312483.d.codeartifact.us-east-1.amazonaws.com/npm/code-artifact-benchmark-test/read-cache 173ms (cache miss)
npm http fetch GET 200 https://vlt-451504312483.d.codeartifact.us-east-1.amazonaws.com/npm/code-artifact-benchmark-test/camelcase-css 143ms (cache miss)
npm http fetch GET 200 https://vlt-451504312483.d.codeartifact.us-east-1.amazonaws.com/npm/code-artifact-benchmark-test/postcss-value-parser 162ms (cache miss)
npm http fetch GET 200 https://vlt-451504312483.d.codeartifact.us-east-1.amazonaws.com/npm/code-artifact-benchmark-test/util-deprecate 113ms (cache miss)
npm http fetch GET 200 https://vlt-451504312483.d.codeartifact.us-east-1.amazonaws.com/npm/code-artifact-benchmark-test/cssesc 125ms (cache miss)
npm http fetch GET 200 https://vlt-451504312483.d.codeartifact.us-east-1.amazonaws.com/npm/code-artifact-benchmark-test/postcss-selector-parser 164ms (cache updated)
npm http fetch GET 200 https://vlt-451504312483.d.codeartifact.us-east-1.amazonaws.com/npm/code-artifact-benchmark-test/@jridgewell%2fgen-mapping 153ms (cache miss)
npm http fetch GET 200 https://vlt-451504312483.d.codeartifact.us-east-1.amazonaws.com/npm/code-artifact-benchmark-test/lines-and-columns 163ms (cache miss)
npm http fetch GET 200 https://vlt-451504312483.d.codeartifact.us-east-1.amazonaws.com/npm/code-artifact-benchmark-test/commander 204ms (cache miss)
npm http fetch GET 200 https://vlt-451504312483.d.codeartifact.us-east-1.amazonaws.com/npm/code-artifact-benchmark-test/mz 145ms (cache miss)
npm http fetch GET 200 https://vlt-451504312483.d.codeartifact.us-east-1.amazonaws.com/npm/code-artifact-benchmark-test/ts-interface-checker 138ms (cache miss)
npm http fetch GET 200 https://vlt-451504312483.d.codeartifact.us-east-1.amazonaws.com/npm/code-artifact-benchmark-test/pirates 182ms (cache miss)
npm http fetch GET 200 https://vlt-451504312483.d.codeartifact.us-east-1.amazonaws.com/npm/code-artifact-benchmark-test/binary-extensions 148ms (cache miss)
npm http fetch GET 200 https://vlt-451504312483.d.codeartifact.us-east-1.amazonaws.com/npm/code-artifact-benchmark-test/@jridgewell%2fsourcemap-codec 145ms (cache miss)
npm http fetch GET 200 https://vlt-451504312483.d.codeartifact.us-east-1.amazonaws.com/npm/code-artifact-benchmark-test/@jridgewell%2ftrace-mapping 179ms (cache miss)
npm http fetch GET 200 https://vlt-451504312483.d.codeartifact.us-east-1.amazonaws.com/npm/code-artifact-benchmark-test/any-promise 186ms (cache miss)
npm http fetch GET 200 https://vlt-451504312483.d.codeartifact.us-east-1.amazonaws.com/npm/code-artifact-benchmark-test/thenify-all 233ms (cache miss)
npm http fetch GET 200 https://vlt-451504312483.d.codeartifact.us-east-1.amazonaws.com/npm/code-artifact-benchmark-test/@jridgewell%2fresolve-uri 140ms (cache miss)
npm http fetch GET 200 https://vlt-451504312483.d.codeartifact.us-east-1.amazonaws.com/npm/code-artifact-benchmark-test/thenify 156ms (cache miss)
npm http fetch GET 200 https://vlt-451504312483.d.codeartifact.us-east-1.amazonaws.com/npm/code-artifact-benchmark-test/minimist 136ms (cache updated)
npm http fetch GET 200 https://vlt-451504312483.d.codeartifact.us-east-1.amazonaws.com/npm/code-artifact-benchmark-test/which-builtin-type 154ms (cache miss)
npm http fetch GET 200 https://vlt-451504312483.d.codeartifact.us-east-1.amazonaws.com/npm/code-artifact-benchmark-test/is-generator-function 149ms (cache miss)
npm http fetch GET 200 https://vlt-451504312483.d.codeartifact.us-east-1.amazonaws.com/npm/code-artifact-benchmark-test/is-finalizationregistry 181ms (cache miss)
npm http fetch GET 200 https://vlt-451504312483.d.codeartifact.us-east-1.amazonaws.com/npm/code-artifact-benchmark-test/is-async-function 233ms (cache miss)
npm http fetch GET 200 https://vlt-451504312483.d.codeartifact.us-east-1.amazonaws.com/npm/code-artifact-benchmark-test/which-collection 128ms (cache miss)
npm http fetch GET 200 https://vlt-451504312483.d.codeartifact.us-east-1.amazonaws.com/npm/code-artifact-benchmark-test/is-bigint 125ms (cache miss)
npm http fetch GET 200 https://vlt-451504312483.d.codeartifact.us-east-1.amazonaws.com/npm/code-artifact-benchmark-test/is-number-object 142ms (cache miss)
npm http fetch GET 200 https://vlt-451504312483.d.codeartifact.us-east-1.amazonaws.com/npm/code-artifact-benchmark-test/is-boolean-object 180ms (cache miss)
npm http fetch GET 200 https://vlt-451504312483.d.codeartifact.us-east-1.amazonaws.com/npm/code-artifact-benchmark-test/@emnapi%2fruntime 153ms (cache updated)
npm http fetch GET 200 https://vlt-451504312483.d.codeartifact.us-east-1.amazonaws.com/npm/code-artifact-benchmark-test/@emnapi%2fcore 182ms (cache miss)
npm http fetch GET 200 https://vlt-451504312483.d.codeartifact.us-east-1.amazonaws.com/npm/code-artifact-benchmark-test/@napi-rs%2fwasm-runtime 224ms (cache miss)
npm http fetch GET 200 https://vlt-451504312483.d.codeartifact.us-east-1.amazonaws.com/npm/code-artifact-benchmark-test/@tybys%2fwasm-util 163ms (cache miss)
npm http fetch GET 200 https://vlt-451504312483.d.codeartifact.us-east-1.amazonaws.com/npm/code-artifact-benchmark-test/@emnapi%2fwasi-threads 170ms (cache miss)
npm http fetch GET 200 https://vlt-451504312483.d.codeartifact.us-east-1.amazonaws.com/npm/code-artifact-benchmark-test/is-map 156ms (cache miss)
npm http fetch GET 200 https://vlt-451504312483.d.codeartifact.us-east-1.amazonaws.com/npm/code-artifact-benchmark-test/async-function 157ms (cache miss)
npm http fetch GET 200 https://vlt-451504312483.d.codeartifact.us-east-1.amazonaws.com/npm/code-artifact-benchmark-test/generator-function 238ms (cache miss)
npm http fetch GET 200 https://vlt-451504312483.d.codeartifact.us-east-1.amazonaws.com/npm/code-artifact-benchmark-test/is-weakmap 118ms (cache miss)
npm http fetch GET 200 https://vlt-451504312483.d.codeartifact.us-east-1.amazonaws.com/npm/code-artifact-benchmark-test/is-weakset 130ms (cache miss)
npm http fetch GET 200 https://vlt-451504312483.d.codeartifact.us-east-1.amazonaws.com/npm/code-artifact-benchmark-test/balanced-match 174ms (cache updated)
npm http fetch GET 200 https://vlt-451504312483.d.codeartifact.us-east-1.amazonaws.com/npm/code-artifact-benchmark-test/generator-function/-/generator-function-2.0.1.tgz 232ms (cache miss)
npm http fetch GET 200 https://vlt-451504312483.d.codeartifact.us-east-1.amazonaws.com/npm/code-artifact-benchmark-test/is-weakset/-/is-weakset-2.0.4.tgz 254ms (cache miss)
npm http fetch GET 200 https://vlt-451504312483.d.codeartifact.us-east-1.amazonaws.com/npm/code-artifact-benchmark-test/is-map/-/is-map-2.0.3.tgz 276ms (cache miss)
npm http fetch GET 200 https://vlt-451504312483.d.codeartifact.us-east-1.amazonaws.com/npm/code-artifact-benchmark-test/async-function/-/async-function-1.0.0.tgz 367ms (cache miss)
npm http fetch GET 200 https://vlt-451504312483.d.codeartifact.us-east-1.amazonaws.com/npm/code-artifact-benchmark-test/isexe/-/isexe-2.0.0.tgz 371ms (cache miss)
npm http fetch GET 200 https://vlt-451504312483.d.codeartifact.us-east-1.amazonaws.com/npm/code-artifact-benchmark-test/punycode/-/punycode-2.3.1.tgz 375ms (cache miss)
npm http fetch GET 200 https://vlt-451504312483.d.codeartifact.us-east-1.amazonaws.com/npm/code-artifact-benchmark-test/is-weakmap/-/is-weakmap-2.0.2.tgz 398ms (cache miss)
npm http fetch GET 200 https://vlt-451504312483.d.codeartifact.us-east-1.amazonaws.com/npm/code-artifact-benchmark-test/which-boxed-primitive/-/which-boxed-primitive-1.1.1.tgz 397ms (cache miss)
npm http fetch GET 200 https://vlt-451504312483.d.codeartifact.us-east-1.amazonaws.com/npm/code-artifact-benchmark-test/is-number-object/-/is-number-object-1.1.1.tgz 417ms (cache miss)
npm http fetch GET 200 https://vlt-451504312483.d.codeartifact.us-east-1.amazonaws.com/npm/code-artifact-benchmark-test/has-bigints/-/has-bigints-1.1.0.tgz 421ms (cache miss)
npm http fetch GET 200 https://vlt-451504312483.d.codeartifact.us-east-1.amazonaws.com/npm/code-artifact-benchmark-test/is-boolean-object/-/is-boolean-object-1.2.2.tgz 425ms (cache miss)
npm http fetch GET 200 https://vlt-451504312483.d.codeartifact.us-east-1.amazonaws.com/npm/code-artifact-benchmark-test/which-collection/-/which-collection-1.0.2.tgz 430ms (cache miss)
npm http fetch GET 200 https://vlt-451504312483.d.codeartifact.us-east-1.amazonaws.com/npm/code-artifact-benchmark-test/is-async-function/-/is-async-function-2.1.1.tgz 433ms (cache miss)
npm http fetch GET 200 https://vlt-451504312483.d.codeartifact.us-east-1.amazonaws.com/npm/code-artifact-benchmark-test/is-bigint/-/is-bigint-1.1.0.tgz 434ms (cache miss)
npm http fetch GET 200 https://vlt-451504312483.d.codeartifact.us-east-1.amazonaws.com/npm/code-artifact-benchmark-test/is-finalizationregistry/-/is-finalizationregistry-1.1.1.tgz 435ms (cache miss)
npm http fetch GET 200 https://vlt-451504312483.d.codeartifact.us-east-1.amazonaws.com/npm/code-artifact-benchmark-test/is-generator-function/-/is-generator-function-1.1.2.tgz 436ms (cache miss)
npm http fetch GET 200 https://vlt-451504312483.d.codeartifact.us-east-1.amazonaws.com/npm/code-artifact-benchmark-test/napi-postinstall/-/napi-postinstall-0.3.4.tgz 437ms (cache miss)
npm http fetch GET 200 https://vlt-451504312483.d.codeartifact.us-east-1.amazonaws.com/npm/code-artifact-benchmark-test/strip-bom/-/strip-bom-3.0.0.tgz 483ms (cache miss)
npm http fetch GET 200 https://vlt-451504312483.d.codeartifact.us-east-1.amazonaws.com/npm/code-artifact-benchmark-test/for-each/-/for-each-0.3.5.tgz 508ms (cache miss)
npm http fetch GET 200 https://vlt-451504312483.d.codeartifact.us-east-1.amazonaws.com/npm/code-artifact-benchmark-test/@unrs/resolver-binding-linux-arm64-gnu/-/resolver-binding-linux-arm64-gnu-1.12.2.tgz 514ms (cache miss)
npm http fetch GET 200 https://vlt-451504312483.d.codeartifact.us-east-1.amazonaws.com/npm/code-artifact-benchmark-test/json5/-/json5-1.0.2.tgz 515ms (cache miss)
npm http fetch GET 200 https://vlt-451504312483.d.codeartifact.us-east-1.amazonaws.com/npm/code-artifact-benchmark-test/which-builtin-type/-/which-builtin-type-1.2.1.tgz 520ms (cache miss)
npm http fetch GET 200 https://vlt-451504312483.d.codeartifact.us-east-1.amazonaws.com/npm/code-artifact-benchmark-test/@jridgewell/resolve-uri/-/resolve-uri-3.1.2.tgz 526ms (cache miss)
npm http fetch GET 200 https://vlt-451504312483.d.codeartifact.us-east-1.amazonaws.com/npm/code-artifact-benchmark-test/thenify/-/thenify-3.3.1.tgz 527ms (cache miss)
npm http fetch GET 200 https://vlt-451504312483.d.codeartifact.us-east-1.amazonaws.com/npm/code-artifact-benchmark-test/minimist/-/minimist-1.2.8.tgz 529ms (cache miss)
npm http fetch GET 200 https://vlt-451504312483.d.codeartifact.us-east-1.amazonaws.com/npm/code-artifact-benchmark-test/reflect.getprototypeof/-/reflect.getprototypeof-1.0.10.tgz 541ms (cache miss)
npm http fetch GET 200 https://vlt-451504312483.d.codeartifact.us-east-1.amazonaws.com/npm/code-artifact-benchmark-test/@types/json5/-/json5-0.0.29.tgz 552ms (cache miss)
npm http fetch GET 200 https://vlt-451504312483.d.codeartifact.us-east-1.amazonaws.com/npm/code-artifact-benchmark-test/any-promise/-/any-promise-1.3.0.tgz 557ms (cache miss)
npm http fetch GET 200 https://vlt-451504312483.d.codeartifact.us-east-1.amazonaws.com/npm/code-artifact-benchmark-test/is-number/-/is-number-7.0.0.tgz 560ms (cache miss)
npm http fetch GET 200 https://vlt-451504312483.d.codeartifact.us-east-1.amazonaws.com/npm/code-artifact-benchmark-test/thenify-all/-/thenify-all-1.6.0.tgz 565ms (cache miss)
npm http fetch GET 200 https://vlt-451504312483.d.codeartifact.us-east-1.amazonaws.com/npm/code-artifact-benchmark-test/@jridgewell/trace-mapping/-/trace-mapping-0.3.31.tgz 567ms (cache miss)
npm http fetch GET 200 https://vlt-451504312483.d.codeartifact.us-east-1.amazonaws.com/npm/code-artifact-benchmark-test/@jridgewell/sourcemap-codec/-/sourcemap-codec-1.6.0.tgz 577ms (cache miss)
npm http fetch GET 200 https://vlt-451504312483.d.codeartifact.us-east-1.amazonaws.com/npm/code-artifact-benchmark-test/cssesc/-/cssesc-3.0.0.tgz 618ms (cache miss)
npm http fetch GET 200 https://vlt-451504312483.d.codeartifact.us-east-1.amazonaws.com/npm/code-artifact-benchmark-test/pirates/-/pirates-4.0.7.tgz 629ms (cache miss)
npm http fetch GET 200 https://vlt-451504312483.d.codeartifact.us-east-1.amazonaws.com/npm/code-artifact-benchmark-test/@jridgewell/gen-mapping/-/gen-mapping-0.3.13.tgz 633ms (cache miss)
npm http fetch GET 200 https://vlt-451504312483.d.codeartifact.us-east-1.amazonaws.com/npm/code-artifact-benchmark-test/util-deprecate/-/util-deprecate-1.0.2.tgz 656ms (cache miss)
npm http fetch GET 200 https://vlt-451504312483.d.codeartifact.us-east-1.amazonaws.com/npm/code-artifact-benchmark-test/ts-interface-checker/-/ts-interface-checker-0.1.13.tgz 656ms (cache miss)
npm http fetch GET 200 https://vlt-451504312483.d.codeartifact.us-east-1.amazonaws.com/npm/code-artifact-benchmark-test/lines-and-columns/-/lines-and-columns-1.2.4.tgz 661ms (cache miss)
npm http fetch GET 200 https://vlt-451504312483.d.codeartifact.us-east-1.amazonaws.com/npm/code-artifact-benchmark-test/mz/-/mz-2.7.0.tgz 674ms (cache miss)
npm http fetch GET 200 https://vlt-451504312483.d.codeartifact.us-east-1.amazonaws.com/npm/code-artifact-benchmark-test/anymatch/-/anymatch-3.1.3.tgz 672ms (cache miss)
npm http fetch GET 200 https://vlt-451504312483.d.codeartifact.us-east-1.amazonaws.com/npm/code-artifact-benchmark-test/is-binary-path/-/is-binary-path-2.1.0.tgz 690ms (cache miss)
npm http fetch GET 200 https://vlt-451504312483.d.codeartifact.us-east-1.amazonaws.com/npm/code-artifact-benchmark-test/commander/-/commander-4.1.1.tgz 693ms (cache miss)
npm http fetch GET 200 https://vlt-451504312483.d.codeartifact.us-east-1.amazonaws.com/npm/code-artifact-benchmark-test/readdirp/-/readdirp-3.6.0.tgz 695ms (cache miss)
npm http fetch GET 200 https://vlt-451504312483.d.codeartifact.us-east-1.amazonaws.com/npm/code-artifact-benchmark-test/postcss-value-parser/-/postcss-value-parser-4.2.0.tgz 704ms (cache miss)
npm http fetch GET 200 https://vlt-451504312483.d.codeartifact.us-east-1.amazonaws.com/npm/code-artifact-benchmark-test/camelcase-css/-/camelcase-css-2.0.1.tgz 714ms (cache miss)
npm http fetch GET 200 https://vlt-451504312483.d.codeartifact.us-east-1.amazonaws.com/npm/code-artifact-benchmark-test/binary-extensions/-/binary-extensions-2.3.0.tgz 713ms (cache miss)
npm http fetch GET 200 https://vlt-451504312483.d.codeartifact.us-east-1.amazonaws.com/npm/code-artifact-benchmark-test/read-cache/-/read-cache-1.0.2.tgz 731ms (cache miss)
npm http fetch GET 200 https://vlt-451504312483.d.codeartifact.us-east-1.amazonaws.com/npm/code-artifact-benchmark-test/postcss-load-config/-/postcss-load-config-6.0.1.tgz 792ms (cache miss)
npm http fetch GET 200 https://vlt-451504312483.d.codeartifact.us-east-1.amazonaws.com/npm/code-artifact-benchmark-test/postcss-import/-/postcss-import-15.1.0.tgz 793ms (cache miss)
npm http fetch GET 200 https://vlt-451504312483.d.codeartifact.us-east-1.amazonaws.com/npm/code-artifact-benchmark-test/normalize-path/-/normalize-path-3.0.0.tgz 797ms (cache miss)
npm http fetch GET 200 https://vlt-451504312483.d.codeartifact.us-east-1.amazonaws.com/npm/code-artifact-benchmark-test/postcss-js/-/postcss-js-4.1.0.tgz 802ms (cache miss)
npm http fetch GET 200 https://vlt-451504312483.d.codeartifact.us-east-1.amazonaws.com/npm/code-artifact-benchmark-test/postcss-nested/-/postcss-nested-6.2.0.tgz 821ms (cache miss)
npm http fetch GET 200 https://vlt-451504312483.d.codeartifact.us-east-1.amazonaws.com/npm/code-artifact-benchmark-test/dlv/-/dlv-1.1.3.tgz 821ms (cache miss)
npm http fetch GET 200 https://vlt-451504312483.d.codeartifact.us-east-1.amazonaws.com/npm/code-artifact-benchmark-test/didyoumean/-/didyoumean-1.2.2.tgz 825ms (cache miss)
npm http fetch GET 200 https://vlt-451504312483.d.codeartifact.us-east-1.amazonaws.com/npm/code-artifact-benchmark-test/object-hash/-/object-hash-3.0.0.tgz 834ms (cache miss)
npm http fetch GET 200 https://vlt-451504312483.d.codeartifact.us-east-1.amazonaws.com/npm/code-artifact-benchmark-test/lilconfig/-/lilconfig-3.1.3.tgz 834ms (cache miss)
npm http fetch GET 200 https://vlt-451504312483.d.codeartifact.us-east-1.amazonaws.com/npm/code-artifact-benchmark-test/arg/-/arg-5.0.2.tgz 848ms (cache miss)
npm http fetch GET 200 https://vlt-451504312483.d.codeartifact.us-east-1.amazonaws.com/npm/code-artifact-benchmark-test/@alloc/quick-lru/-/quick-lru-5.3.0.tgz 891ms (cache miss)
npm http fetch GET 200 https://vlt-451504312483.d.codeartifact.us-east-1.amazonaws.com/npm/code-artifact-benchmark-test/has-flag/-/has-flag-4.0.0.tgz 892ms (cache miss)
npm http fetch GET 200 https://vlt-451504312483.d.codeartifact.us-east-1.amazonaws.com/npm/code-artifact-benchmark-test/client-only/-/client-only-0.0.1.tgz 897ms (cache miss)
npm http fetch GET 200 https://vlt-451504312483.d.codeartifact.us-east-1.amazonaws.com/npm/code-artifact-benchmark-test/chokidar/-/chokidar-3.6.0.tgz 902ms (cache miss)
npm http fetch GET 200 https://vlt-451504312483.d.codeartifact.us-east-1.amazonaws.com/npm/code-artifact-benchmark-test/postcss-selector-parser/-/postcss-selector-parser-6.1.4.tgz 905ms (cache miss)
npm http fetch GET 200 https://vlt-451504312483.d.codeartifact.us-east-1.amazonaws.com/npm/code-artifact-benchmark-test/jiti/-/jiti-1.21.7.tgz 913ms (cache miss)
npm http fetch GET 200 https://vlt-451504312483.d.codeartifact.us-east-1.amazonaws.com/npm/code-artifact-benchmark-test/ansi-regex/-/ansi-regex-5.0.1.tgz 918ms (cache miss)
npm http fetch GET 200 https://vlt-451504312483.d.codeartifact.us-east-1.amazonaws.com/npm/code-artifact-benchmark-test/sucrase/-/sucrase-3.35.1.tgz 925ms (cache miss)
npm http fetch GET 200 https://vlt-451504312483.d.codeartifact.us-east-1.amazonaws.com/npm/code-artifact-benchmark-test/side-channel-weakmap/-/side-channel-weakmap-1.0.2.tgz 924ms (cache miss)
npm http fetch GET 200 https://vlt-451504312483.d.codeartifact.us-east-1.amazonaws.com/npm/code-artifact-benchmark-test/is-arrayish/-/is-arrayish-0.3.4.tgz 931ms (cache miss)
npm http fetch GET 200 https://vlt-451504312483.d.codeartifact.us-east-1.amazonaws.com/npm/code-artifact-benchmark-test/side-channel-map/-/side-channel-map-1.0.1.tgz 930ms (cache miss)
npm http fetch GET 200 https://vlt-451504312483.d.codeartifact.us-east-1.amazonaws.com/npm/code-artifact-benchmark-test/shebang-regex/-/shebang-regex-3.0.0.tgz 940ms (cache miss)
npm http fetch GET 200 https://vlt-451504312483.d.codeartifact.us-east-1.amazonaws.com/npm/code-artifact-benchmark-test/simple-swizzle/-/simple-swizzle-0.2.4.tgz 953ms (cache miss)
npm http fetch GET 200 https://vlt-451504312483.d.codeartifact.us-east-1.amazonaws.com/npm/code-artifact-benchmark-test/detect-libc/-/detect-libc-2.1.2.tgz 954ms (cache miss)
npm http fetch GET 200 https://vlt-451504312483.d.codeartifact.us-east-1.amazonaws.com/npm/code-artifact-benchmark-test/side-channel-list/-/side-channel-list-1.0.1.tgz 983ms (cache miss)
npm http fetch GET 200 https://vlt-451504312483.d.codeartifact.us-east-1.amazonaws.com/npm/code-artifact-benchmark-test/color-string/-/color-string-1.9.1.tgz 984ms (cache miss)
npm http fetch GET 200 https://vlt-451504312483.d.codeartifact.us-east-1.amazonaws.com/npm/code-artifact-benchmark-test/color/-/color-4.2.3.tgz 999ms (cache miss)
npm http fetch GET 200 https://vlt-451504312483.d.codeartifact.us-east-1.amazonaws.com/npm/code-artifact-benchmark-test/isarray/-/isarray-2.0.5.tgz 1003ms (cache miss)
npm http fetch GET 200 https://vlt-451504312483.d.codeartifact.us-east-1.amazonaws.com/npm/code-artifact-benchmark-test/queue-microtask/-/queue-microtask-1.2.3.tgz 1005ms (cache miss)
npm http fetch GET 200 https://vlt-451504312483.d.codeartifact.us-east-1.amazonaws.com/npm/code-artifact-benchmark-test/wrappy/-/wrappy-1.0.2.tgz 1005ms (cache miss)
npm http fetch GET 200 https://vlt-451504312483.d.codeartifact.us-east-1.amazonaws.com/npm/code-artifact-benchmark-test/inherits/-/inherits-2.0.4.tgz 1049ms (cache miss)
npm http fetch GET 200 https://vlt-451504312483.d.codeartifact.us-east-1.amazonaws.com/npm/code-artifact-benchmark-test/path-is-absolute/-/path-is-absolute-1.0.1.tgz 1051ms (cache miss)
npm http fetch GET 200 https://vlt-451504312483.d.codeartifact.us-east-1.amazonaws.com/npm/code-artifact-benchmark-test/inflight/-/inflight-1.0.6.tgz 1054ms (cache miss)
npm warn deprecated inflight@1.0.6: This module is not supported, and leaks memory. Do not use it. Check out lru-cache if you want a good and tested way to coalesce async requests by a key value, which is much more comprehensive and powerful.
npm http fetch GET 200 https://vlt-451504312483.d.codeartifact.us-east-1.amazonaws.com/npm/code-artifact-benchmark-test/fs.realpath/-/fs.realpath-1.0.0.tgz 1057ms (cache miss)
npm http fetch GET 200 https://vlt-451504312483.d.codeartifact.us-east-1.amazonaws.com/npm/code-artifact-benchmark-test/supports-preserve-symlinks-flag/-/supports-preserve-symlinks-flag-1.0.0.tgz 1083ms (cache miss)
npm http fetch GET 200 https://vlt-451504312483.d.codeartifact.us-east-1.amazonaws.com/npm/code-artifact-benchmark-test/once/-/once-1.4.0.tgz 1085ms (cache miss)
npm http fetch GET 200 https://vlt-451504312483.d.codeartifact.us-east-1.amazonaws.com/npm/code-artifact-benchmark-test/js-tokens/-/js-tokens-4.0.0.tgz 1102ms (cache miss)
npm http fetch GET 200 https://vlt-451504312483.d.codeartifact.us-east-1.amazonaws.com/npm/code-artifact-benchmark-test/path-parse/-/path-parse-1.0.7.tgz 1109ms (cache miss)
npm http fetch GET 200 https://vlt-451504312483.d.codeartifact.us-east-1.amazonaws.com/npm/code-artifact-benchmark-test/@img/sharp-linux-arm64/-/sharp-linux-arm64-0.33.5.tgz 1120ms (cache miss)
npm http fetch GET 200 https://vlt-451504312483.d.codeartifact.us-east-1.amazonaws.com/npm/code-artifact-benchmark-test/glob/-/glob-7.2.3.tgz 1125ms (cache miss)
npm warn deprecated glob@7.2.3: Old versions of glob are not supported, and contain widely publicized security vulnerabilities, which have been fixed in the current version. Please update. Support for old versions may be purchased (at exorbitant rates) by contacting i@izs.me
npm http fetch GET 200 https://vlt-451504312483.d.codeartifact.us-east-1.amazonaws.com/npm/code-artifact-benchmark-test/object-assign/-/object-assign-4.1.1.tgz 1141ms (cache miss)
npm http fetch GET 200 https://vlt-451504312483.d.codeartifact.us-east-1.amazonaws.com/npm/code-artifact-benchmark-test/loose-envify/-/loose-envify-1.4.0.tgz 1176ms (cache miss)
npm http fetch GET 200 https://vlt-451504312483.d.codeartifact.us-east-1.amazonaws.com/npm/code-artifact-benchmark-test/scheduler/-/scheduler-0.25.0-rc-66855b96-20241106.tgz 1178ms (cache miss)
npm http fetch GET 200 https://vlt-451504312483.d.codeartifact.us-east-1.amazonaws.com/npm/code-artifact-benchmark-test/react-is/-/react-is-16.13.1.tgz 1196ms (cache miss)
npm http fetch GET 200 https://vlt-451504312483.d.codeartifact.us-east-1.amazonaws.com/npm/code-artifact-benchmark-test/nanoid/-/nanoid-3.3.19.tgz 1197ms (cache miss)
npm http fetch GET 200 https://vlt-451504312483.d.codeartifact.us-east-1.amazonaws.com/npm/code-artifact-benchmark-test/picocolors/-/picocolors-1.1.1.tgz 1199ms (cache miss)
npm http fetch GET 200 https://vlt-451504312483.d.codeartifact.us-east-1.amazonaws.com/npm/code-artifact-benchmark-test/yocto-queue/-/yocto-queue-0.1.0.tgz 1200ms (cache miss)
npm http fetch GET 200 https://vlt-451504312483.d.codeartifact.us-east-1.amazonaws.com/npm/code-artifact-benchmark-test/source-map-js/-/source-map-js-1.2.2.tgz 1206ms (cache miss)
npm http fetch GET 200 https://vlt-451504312483.d.codeartifact.us-east-1.amazonaws.com/npm/code-artifact-benchmark-test/callsites/-/callsites-3.1.0.tgz 1208ms (cache miss)
npm http fetch GET 200 https://vlt-451504312483.d.codeartifact.us-east-1.amazonaws.com/npm/code-artifact-benchmark-test/node-exports-info/-/node-exports-info-1.6.2.tgz 1212ms (cache miss)
npm http fetch GET 200 https://vlt-451504312483.d.codeartifact.us-east-1.amazonaws.com/npm/code-artifact-benchmark-test/p-limit/-/p-limit-3.1.0.tgz 1235ms (cache miss)
npm http fetch GET 200 https://vlt-451504312483.d.codeartifact.us-east-1.amazonaws.com/npm/code-artifact-benchmark-test/word-wrap/-/word-wrap-1.2.5.tgz 1236ms (cache miss)
npm http fetch GET 200 https://vlt-451504312483.d.codeartifact.us-east-1.amazonaws.com/npm/code-artifact-benchmark-test/fast-levenshtein/-/fast-levenshtein-2.0.6.tgz 1236ms (cache miss)
npm http fetch GET 200 https://vlt-451504312483.d.codeartifact.us-east-1.amazonaws.com/npm/code-artifact-benchmark-test/deep-is/-/deep-is-0.1.4.tgz 1239ms (cache miss)
npm http fetch GET 200 https://vlt-451504312483.d.codeartifact.us-east-1.amazonaws.com/npm/code-artifact-benchmark-test/streamsearch/-/streamsearch-1.1.0.tgz 1272ms (cache miss)
npm http fetch GET 200 https://vlt-451504312483.d.codeartifact.us-east-1.amazonaws.com/npm/code-artifact-benchmark-test/@swc/counter/-/counter-0.1.3.tgz 1305ms (cache miss)
npm http fetch GET 200 https://vlt-451504312483.d.codeartifact.us-east-1.amazonaws.com/npm/code-artifact-benchmark-test/tslib/-/tslib-2.8.1.tgz 1320ms (cache miss)
npm http fetch GET 200 https://vlt-451504312483.d.codeartifact.us-east-1.amazonaws.com/npm/code-artifact-benchmark-test/balanced-match/-/balanced-match-1.0.2.tgz 1327ms (cache miss)
npm http fetch GET 200 https://vlt-451504312483.d.codeartifact.us-east-1.amazonaws.com/npm/code-artifact-benchmark-test/busboy/-/busboy-1.6.0.tgz 1339ms (cache miss)
npm http fetch GET 200 https://vlt-451504312483.d.codeartifact.us-east-1.amazonaws.com/npm/code-artifact-benchmark-test/@next/env/-/env-15.0.3.tgz 1347ms (cache miss)
npm http fetch GET 200 https://vlt-451504312483.d.codeartifact.us-east-1.amazonaws.com/npm/code-artifact-benchmark-test/@img/sharp-libvips-linux-arm64/-/sharp-libvips-linux-arm64-1.0.4.tgz 1355ms (cache miss)
npm http fetch GET 200 https://vlt-451504312483.d.codeartifact.us-east-1.amazonaws.com/npm/code-artifact-benchmark-test/brace-expansion/-/brace-expansion-1.1.21.tgz 1366ms (cache miss)
npm http fetch GET 200 https://vlt-451504312483.d.codeartifact.us-east-1.amazonaws.com/npm/code-artifact-benchmark-test/to-regex-range/-/to-regex-range-5.0.1.tgz 1393ms (cache miss)
npm http fetch GET 200 https://vlt-451504312483.d.codeartifact.us-east-1.amazonaws.com/npm/code-artifact-benchmark-test/fill-range/-/fill-range-7.1.1.tgz 1397ms (cache miss)
npm http fetch GET 200 https://vlt-451504312483.d.codeartifact.us-east-1.amazonaws.com/npm/code-artifact-benchmark-test/sharp/-/sharp-0.33.5.tgz 1413ms (cache miss)
npm http fetch GET 200 https://vlt-451504312483.d.codeartifact.us-east-1.amazonaws.com/npm/code-artifact-benchmark-test/styled-jsx/-/styled-jsx-5.1.6.tgz 1448ms (cache miss)
npm http fetch GET 200 https://vlt-451504312483.d.codeartifact.us-east-1.amazonaws.com/npm/code-artifact-benchmark-test/p-locate/-/p-locate-5.0.0.tgz 1449ms (cache miss)
npm http fetch GET 200 https://vlt-451504312483.d.codeartifact.us-east-1.amazonaws.com/npm/code-artifact-benchmark-test/type-check/-/type-check-0.4.0.tgz 1452ms (cache miss)
npm http fetch GET 200 https://vlt-451504312483.d.codeartifact.us-east-1.amazonaws.com/npm/code-artifact-benchmark-test/braces/-/braces-3.0.3.tgz 1461ms (cache miss)
npm http fetch GET 200 https://vlt-451504312483.d.codeartifact.us-east-1.amazonaws.com/npm/code-artifact-benchmark-test/json-buffer/-/json-buffer-3.0.1.tgz 1480ms (cache miss)
npm http fetch GET 200 https://vlt-451504312483.d.codeartifact.us-east-1.amazonaws.com/npm/code-artifact-benchmark-test/argparse/-/argparse-2.0.1.tgz 1482ms (cache miss)
npm http fetch GET 200 https://vlt-451504312483.d.codeartifact.us-east-1.amazonaws.com/npm/code-artifact-benchmark-test/picomatch/-/picomatch-2.3.2.tgz 1484ms (cache miss)
npm http fetch GET 200 https://vlt-451504312483.d.codeartifact.us-east-1.amazonaws.com/npm/code-artifact-benchmark-test/prelude-ls/-/prelude-ls-1.2.1.tgz 1486ms (cache miss)
npm http fetch GET 200 https://vlt-451504312483.d.codeartifact.us-east-1.amazonaws.com/npm/code-artifact-benchmark-test/resolve-from/-/resolve-from-4.0.0.tgz 1497ms (cache miss)
npm http fetch GET 200 https://vlt-451504312483.d.codeartifact.us-east-1.amazonaws.com/npm/code-artifact-benchmark-test/@swc/helpers/-/helpers-0.5.13.tgz 1503ms (cache miss)
npm http fetch GET 200 https://vlt-451504312483.d.codeartifact.us-east-1.amazonaws.com/npm/code-artifact-benchmark-test/is-extglob/-/is-extglob-2.1.1.tgz 1522ms (cache miss)
npm http fetch GET 200 https://vlt-451504312483.d.codeartifact.us-east-1.amazonaws.com/npm/code-artifact-benchmark-test/set-function-name/-/set-function-name-2.0.2.tgz 1529ms (cache miss)
npm http fetch GET 200 https://vlt-451504312483.d.codeartifact.us-east-1.amazonaws.com/npm/code-artifact-benchmark-test/parent-module/-/parent-module-1.0.1.tgz 1545ms (cache miss)
npm http fetch GET 200 https://vlt-451504312483.d.codeartifact.us-east-1.amazonaws.com/npm/code-artifact-benchmark-test/side-channel/-/side-channel-1.1.1.tgz 1564ms (cache miss)
npm http fetch GET 200 https://vlt-451504312483.d.codeartifact.us-east-1.amazonaws.com/npm/code-artifact-benchmark-test/rimraf/-/rimraf-3.0.2.tgz 1588ms (cache miss)
npm warn deprecated rimraf@3.0.2: Rimraf versions prior to v4 are no longer supported
npm http fetch GET 200 https://vlt-451504312483.d.codeartifact.us-east-1.amazonaws.com/npm/code-artifact-benchmark-test/functions-have-names/-/functions-have-names-1.2.3.tgz 1590ms (cache miss)
npm http fetch GET 200 https://vlt-451504312483.d.codeartifact.us-east-1.amazonaws.com/npm/code-artifact-benchmark-test/type-fest/-/type-fest-0.20.2.tgz 1618ms (cache miss)
npm http fetch GET 200 https://vlt-451504312483.d.codeartifact.us-east-1.amazonaws.com/npm/code-artifact-benchmark-test/resolve-pkg-maps/-/resolve-pkg-maps-1.0.0.tgz 1618ms (cache miss)
npm http fetch GET 200 https://vlt-451504312483.d.codeartifact.us-east-1.amazonaws.com/npm/code-artifact-benchmark-test/language-subtag-registry/-/language-subtag-registry-0.3.23.tgz 1623ms (cache miss)
npm http fetch GET 200 https://vlt-451504312483.d.codeartifact.us-east-1.amazonaws.com/npm/code-artifact-benchmark-test/is-document.all/-/is-document.all-1.0.0.tgz 1625ms (cache miss)
npm http fetch GET 200 https://vlt-451504312483.d.codeartifact.us-east-1.amazonaws.com/npm/code-artifact-benchmark-test/keyv/-/keyv-4.5.4.tgz 1630ms (cache miss)
npm http fetch GET 200 https://vlt-451504312483.d.codeartifact.us-east-1.amazonaws.com/npm/code-artifact-benchmark-test/dunder-proto/-/dunder-proto-1.0.1.tgz 1638ms (cache miss)
npm http fetch GET 200 https://vlt-451504312483.d.codeartifact.us-east-1.amazonaws.com/npm/code-artifact-benchmark-test/concat-map/-/concat-map-0.0.1.tgz 1659ms (cache miss)
npm http fetch GET 200 https://vlt-451504312483.d.codeartifact.us-east-1.amazonaws.com/npm/code-artifact-benchmark-test/flatted/-/flatted-3.4.4.tgz 1670ms (cache miss)
npm http fetch GET 200 https://vlt-451504312483.d.codeartifact.us-east-1.amazonaws.com/npm/code-artifact-benchmark-test/locate-path/-/locate-path-6.0.0.tgz 1676ms (cache miss)
npm http fetch GET 200 https://vlt-451504312483.d.codeartifact.us-east-1.amazonaws.com/npm/code-artifact-benchmark-test/merge2/-/merge2-1.4.1.tgz 1688ms (cache miss)
npm http fetch GET 200 https://vlt-451504312483.d.codeartifact.us-east-1.amazonaws.com/npm/code-artifact-benchmark-test/reusify/-/reusify-1.1.0.tgz 1691ms (cache miss)
npm http fetch GET 200 https://vlt-451504312483.d.codeartifact.us-east-1.amazonaws.com/npm/code-artifact-benchmark-test/flat-cache/-/flat-cache-3.2.0.tgz 1693ms (cache miss)
npm http fetch GET 200 https://vlt-451504312483.d.codeartifact.us-east-1.amazonaws.com/npm/code-artifact-benchmark-test/path-exists/-/path-exists-4.0.0.tgz 1694ms (cache miss)
npm http fetch GET 200 https://vlt-451504312483.d.codeartifact.us-east-1.amazonaws.com/npm/code-artifact-benchmark-test/caniuse-lite/-/caniuse-lite-1.0.30001814.tgz 1723ms (cache miss)
npm http fetch GET 200 https://vlt-451504312483.d.codeartifact.us-east-1.amazonaws.com/npm/code-artifact-benchmark-test/string.prototype.repeat/-/string.prototype.repeat-1.0.0.tgz 1727ms (cache miss)
npm http fetch GET 200 https://vlt-451504312483.d.codeartifact.us-east-1.amazonaws.com/npm/code-artifact-benchmark-test/acorn-jsx/-/acorn-jsx-5.3.2.tgz 1730ms (cache miss)
npm http fetch GET 200 https://vlt-451504312483.d.codeartifact.us-east-1.amazonaws.com/npm/code-artifact-benchmark-test/esrecurse/-/esrecurse-4.3.0.tgz 1732ms (cache miss)
npm http fetch GET 200 https://vlt-451504312483.d.codeartifact.us-east-1.amazonaws.com/npm/code-artifact-benchmark-test/iterator.prototype/-/iterator.prototype-1.1.5.tgz 1762ms (cache miss)
npm http fetch GET 200 https://vlt-451504312483.d.codeartifact.us-east-1.amazonaws.com/npm/code-artifact-benchmark-test/micromatch/-/micromatch-4.0.8.tgz 1773ms (cache miss)
npm http fetch GET 200 https://vlt-451504312483.d.codeartifact.us-east-1.amazonaws.com/npm/code-artifact-benchmark-test/acorn/-/acorn-8.18.0.tgz 1780ms (cache miss)
npm http fetch GET 200 https://vlt-451504312483.d.codeartifact.us-east-1.amazonaws.com/npm/code-artifact-benchmark-test/object.entries/-/object.entries-1.1.9.tgz 1789ms (cache miss)
npm http fetch GET 200 https://vlt-451504312483.d.codeartifact.us-east-1.amazonaws.com/npm/code-artifact-benchmark-test/string.prototype.includes/-/string.prototype.includes-2.0.1.tgz 1809ms (cache miss)
npm http fetch GET 200 https://vlt-451504312483.d.codeartifact.us-east-1.amazonaws.com/npm/code-artifact-benchmark-test/estraverse/-/estraverse-5.3.0.tgz 1810ms (cache miss)
npm http fetch GET 200 https://vlt-451504312483.d.codeartifact.us-east-1.amazonaws.com/npm/code-artifact-benchmark-test/string.prototype.matchall/-/string.prototype.matchall-4.1.0.tgz 1818ms (cache miss)
npm http fetch GET 200 https://vlt-451504312483.d.codeartifact.us-east-1.amazonaws.com/npm/code-artifact-benchmark-test/array.prototype.tosorted/-/array.prototype.tosorted-1.1.4.tgz 1829ms (cache miss)
npm http fetch GET 200 https://vlt-451504312483.d.codeartifact.us-east-1.amazonaws.com/npm/code-artifact-benchmark-test/prop-types/-/prop-types-15.8.1.tgz 1844ms (cache miss)
npm http fetch GET 200 https://vlt-451504312483.d.codeartifact.us-east-1.amazonaws.com/npm/code-artifact-benchmark-test/emoji-regex/-/emoji-regex-9.2.2.tgz 1844ms (cache miss)
npm http fetch GET 200 https://vlt-451504312483.d.codeartifact.us-east-1.amazonaws.com/npm/code-artifact-benchmark-test/array.prototype.findlast/-/array.prototype.findlast-1.2.5.tgz 1865ms (cache miss)
npm http fetch GET 200 https://vlt-451504312483.d.codeartifact.us-east-1.amazonaws.com/npm/code-artifact-benchmark-test/damerau-levenshtein/-/damerau-levenshtein-1.0.8.tgz 1880ms (cache miss)
npm http fetch GET 200 https://vlt-451504312483.d.codeartifact.us-east-1.amazonaws.com/npm/code-artifact-benchmark-test/ast-types-flow/-/ast-types-flow-0.0.8.tgz 1929ms (cache miss)
npm http fetch GET 200 https://vlt-451504312483.d.codeartifact.us-east-1.amazonaws.com/npm/code-artifact-benchmark-test/is-date-object/-/is-date-object-1.1.0.tgz 1938ms (cache miss)
npm http fetch GET 200 https://vlt-451504312483.d.codeartifact.us-east-1.amazonaws.com/npm/code-artifact-benchmark-test/language-tags/-/language-tags-1.0.9.tgz 1959ms (cache miss)
npm http fetch GET 200 https://vlt-451504312483.d.codeartifact.us-east-1.amazonaws.com/npm/code-artifact-benchmark-test/is-symbol/-/is-symbol-1.1.1.tgz 1977ms (cache miss)
npm http fetch GET 200 https://vlt-451504312483.d.codeartifact.us-east-1.amazonaws.com/npm/code-artifact-benchmark-test/es-abstract-get/-/es-abstract-get-1.0.0.tgz 2013ms (cache miss)
npm http fetch GET 200 https://vlt-451504312483.d.codeartifact.us-east-1.amazonaws.com/npm/code-artifact-benchmark-test/has-tostringtag/-/has-tostringtag-1.0.2.tgz 2014ms (cache miss)
npm http fetch GET 200 https://vlt-451504312483.d.codeartifact.us-east-1.amazonaws.com/npm/code-artifact-benchmark-test/possible-typed-array-names/-/possible-typed-array-names-1.1.0.tgz 2014ms (cache miss)
npm http fetch GET 200 https://vlt-451504312483.d.codeartifact.us-east-1.amazonaws.com/npm/code-artifact-benchmark-test/unbox-primitive/-/unbox-primitive-1.1.0.tgz 2016ms (cache miss)
npm http fetch GET 200 https://vlt-451504312483.d.codeartifact.us-east-1.amazonaws.com/npm/code-artifact-benchmark-test/typed-array-byte-length/-/typed-array-byte-length-1.0.3.tgz 2024ms (cache miss)
npm http fetch GET 200 https://vlt-451504312483.d.codeartifact.us-east-1.amazonaws.com/npm/code-artifact-benchmark-test/es-iterator-helpers/-/es-iterator-helpers-1.4.0.tgz 2028ms (cache miss)
npm http fetch GET 200 https://vlt-451504312483.d.codeartifact.us-east-1.amazonaws.com/npm/code-artifact-benchmark-test/string.prototype.trimstart/-/string.prototype.trimstart-1.0.8.tgz 2047ms (cache miss)
npm http fetch GET 200 https://vlt-451504312483.d.codeartifact.us-east-1.amazonaws.com/npm/code-artifact-benchmark-test/jsx-ast-utils/-/jsx-ast-utils-3.3.5.tgz 2062ms (cache miss)
npm http fetch GET 200 https://vlt-451504312483.d.codeartifact.us-east-1.amazonaws.com/npm/code-artifact-benchmark-test/typed-array-byte-offset/-/typed-array-byte-offset-1.0.5.tgz 2080ms (cache miss)
npm http fetch GET 200 https://vlt-451504312483.d.codeartifact.us-east-1.amazonaws.com/npm/code-artifact-benchmark-test/string.prototype.trim/-/string.prototype.trim-1.2.11.tgz 2080ms (cache miss)
npm http fetch GET 200 https://vlt-451504312483.d.codeartifact.us-east-1.amazonaws.com/npm/code-artifact-benchmark-test/stop-iteration-iterator/-/stop-iteration-iterator-1.1.0.tgz 2092ms (cache miss)
npm http fetch GET 200 https://vlt-451504312483.d.codeartifact.us-east-1.amazonaws.com/npm/code-artifact-benchmark-test/typed-array-buffer/-/typed-array-buffer-1.0.3.tgz 2095ms (cache miss)
npm http fetch GET 200 https://vlt-451504312483.d.codeartifact.us-east-1.amazonaws.com/npm/code-artifact-benchmark-test/typed-array-length/-/typed-array-length-1.0.8.tgz 2097ms (cache miss)
npm http fetch GET 200 https://vlt-451504312483.d.codeartifact.us-east-1.amazonaws.com/npm/code-artifact-benchmark-test/safe-regex-test/-/safe-regex-test-1.1.0.tgz 2144ms (cache miss)
npm http fetch GET 200 https://vlt-451504312483.d.codeartifact.us-east-1.amazonaws.com/npm/code-artifact-benchmark-test/regexp.prototype.flags/-/regexp.prototype.flags-1.5.4.tgz 2145ms (cache miss)
npm http fetch GET 200 https://vlt-451504312483.d.codeartifact.us-east-1.amazonaws.com/npm/code-artifact-benchmark-test/safe-push-apply/-/safe-push-apply-1.0.0.tgz 2149ms (cache miss)
npm http fetch GET 200 https://vlt-451504312483.d.codeartifact.us-east-1.amazonaws.com/npm/code-artifact-benchmark-test/set-proto/-/set-proto-1.0.0.tgz 2161ms (cache miss)
npm http fetch GET 200 https://vlt-451504312483.d.codeartifact.us-east-1.amazonaws.com/npm/code-artifact-benchmark-test/safe-array-concat/-/safe-array-concat-1.1.4.tgz 2162ms (cache miss)
npm http fetch GET 200 https://vlt-451504312483.d.codeartifact.us-east-1.amazonaws.com/npm/code-artifact-benchmark-test/which-typed-array/-/which-typed-array-1.1.24.tgz 2192ms (cache miss)
npm http fetch GET 200 https://vlt-451504312483.d.codeartifact.us-east-1.amazonaws.com/npm/code-artifact-benchmark-test/object.assign/-/object.assign-4.1.7.tgz 2192ms (cache miss)
npm http fetch GET 200 https://vlt-451504312483.d.codeartifact.us-east-1.amazonaws.com/npm/code-artifact-benchmark-test/axe-core/-/axe-core-4.13.0.tgz 2202ms (cache miss)
npm http fetch GET 200 https://vlt-451504312483.d.codeartifact.us-east-1.amazonaws.com/npm/code-artifact-benchmark-test/object-inspect/-/object-inspect-1.13.4.tgz 2204ms (cache miss)
npm http fetch GET 200 https://vlt-451504312483.d.codeartifact.us-east-1.amazonaws.com/npm/code-artifact-benchmark-test/is-weakref/-/is-weakref-1.1.1.tgz 2211ms (cache miss)
npm http fetch GET 200 https://vlt-451504312483.d.codeartifact.us-east-1.amazonaws.com/npm/code-artifact-benchmark-test/axobject-query/-/axobject-query-4.1.0.tgz 2229ms (cache miss)
npm http fetch GET 200 https://vlt-451504312483.d.codeartifact.us-east-1.amazonaws.com/npm/code-artifact-benchmark-test/own-keys/-/own-keys-1.0.2.tgz 2226ms (cache miss)
npm http fetch GET 200 https://vlt-451504312483.d.codeartifact.us-east-1.amazonaws.com/npm/code-artifact-benchmark-test/is-data-view/-/is-data-view-1.0.2.tgz 2251ms (cache miss)
npm http fetch GET 200 https://vlt-451504312483.d.codeartifact.us-east-1.amazonaws.com/npm/code-artifact-benchmark-test/is-set/-/is-set-2.0.3.tgz 2253ms (cache miss)
npm http fetch GET 200 https://vlt-451504312483.d.codeartifact.us-east-1.amazonaws.com/npm/code-artifact-benchmark-test/is-shared-array-buffer/-/is-shared-array-buffer-1.0.4.tgz 2255ms (cache miss)
npm http fetch GET 200 https://vlt-451504312483.d.codeartifact.us-east-1.amazonaws.com/npm/code-artifact-benchmark-test/is-regex/-/is-regex-1.2.1.tgz 2261ms (cache miss)
npm http fetch GET 200 https://vlt-451504312483.d.codeartifact.us-east-1.amazonaws.com/npm/code-artifact-benchmark-test/is-typed-array/-/is-typed-array-1.1.15.tgz 2264ms (cache miss)
npm http fetch GET 200 https://vlt-451504312483.d.codeartifact.us-east-1.amazonaws.com/npm/code-artifact-benchmark-test/is-array-buffer/-/is-array-buffer-3.0.5.tgz 2275ms (cache miss)
npm http fetch GET 200 https://vlt-451504312483.d.codeartifact.us-east-1.amazonaws.com/npm/code-artifact-benchmark-test/internal-slot/-/internal-slot-1.1.0.tgz 2275ms (cache miss)
npm http fetch GET 200 https://vlt-451504312483.d.codeartifact.us-east-1.amazonaws.com/npm/code-artifact-benchmark-test/is-negative-zero/-/is-negative-zero-2.0.3.tgz 2279ms (cache miss)
npm http fetch GET 200 https://vlt-451504312483.d.codeartifact.us-east-1.amazonaws.com/npm/code-artifact-benchmark-test/is-callable/-/is-callable-1.2.7.tgz 2295ms (cache miss)
npm http fetch GET 200 https://vlt-451504312483.d.codeartifact.us-east-1.amazonaws.com/npm/code-artifact-benchmark-test/aria-query/-/aria-query-5.3.2.tgz 2303ms (cache miss)
npm http fetch GET 200 https://vlt-451504312483.d.codeartifact.us-east-1.amazonaws.com/npm/code-artifact-benchmark-test/get-symbol-description/-/get-symbol-description-1.1.0.tgz 2300ms (cache miss)
npm http fetch GET 200 https://vlt-451504312483.d.codeartifact.us-east-1.amazonaws.com/npm/code-artifact-benchmark-test/has-symbols/-/has-symbols-1.1.0.tgz 2311ms (cache miss)
npm http fetch GET 200 https://vlt-451504312483.d.codeartifact.us-east-1.amazonaws.com/npm/code-artifact-benchmark-test/get-proto/-/get-proto-1.0.1.tgz 2314ms (cache miss)
npm http fetch GET 200 https://vlt-451504312483.d.codeartifact.us-east-1.amazonaws.com/npm/code-artifact-benchmark-test/has-proto/-/has-proto-1.2.0.tgz 2322ms (cache miss)
npm http fetch GET 200 https://vlt-451504312483.d.codeartifact.us-east-1.amazonaws.com/npm/code-artifact-benchmark-test/globalthis/-/globalthis-1.0.4.tgz 2323ms (cache miss)
npm http fetch GET 200 https://vlt-451504312483.d.codeartifact.us-east-1.amazonaws.com/npm/code-artifact-benchmark-test/function.prototype.name/-/function.prototype.name-1.2.0.tgz 2338ms (cache miss)
npm http fetch GET 200 https://vlt-451504312483.d.codeartifact.us-east-1.amazonaws.com/npm/code-artifact-benchmark-test/es-set-tostringtag/-/es-set-tostringtag-2.1.0.tgz 2356ms (cache miss)
npm http fetch GET 200 https://vlt-451504312483.d.codeartifact.us-east-1.amazonaws.com/npm/code-artifact-benchmark-test/available-typed-arrays/-/available-typed-arrays-1.0.7.tgz 2372ms (cache miss)
npm http fetch GET 200 https://vlt-451504312483.d.codeartifact.us-east-1.amazonaws.com/npm/code-artifact-benchmark-test/array-buffer-byte-length/-/array-buffer-byte-length-1.0.2.tgz 2388ms (cache miss)
npm http fetch GET 200 https://vlt-451504312483.d.codeartifact.us-east-1.amazonaws.com/npm/code-artifact-benchmark-test/data-view-byte-offset/-/data-view-byte-offset-1.0.1.tgz 2390ms (cache miss)
npm http fetch GET 200 https://vlt-451504312483.d.codeartifact.us-east-1.amazonaws.com/npm/code-artifact-benchmark-test/es-to-primitive/-/es-to-primitive-1.3.4.tgz 2392ms (cache miss)
npm http fetch GET 200 https://vlt-451504312483.d.codeartifact.us-east-1.amazonaws.com/npm/code-artifact-benchmark-test/data-view-byte-length/-/data-view-byte-length-1.0.2.tgz 2396ms (cache miss)
npm http fetch GET 200 https://vlt-451504312483.d.codeartifact.us-east-1.amazonaws.com/npm/code-artifact-benchmark-test/data-view-buffer/-/data-view-buffer-1.0.2.tgz 2402ms (cache miss)
npm http fetch GET 200 https://vlt-451504312483.d.codeartifact.us-east-1.amazonaws.com/npm/code-artifact-benchmark-test/arraybuffer.prototype.slice/-/arraybuffer.prototype.slice-1.0.4.tgz 2435ms (cache miss)
npm http fetch GET 200 https://vlt-451504312483.d.codeartifact.us-east-1.amazonaws.com/npm/code-artifact-benchmark-test/gopd/-/gopd-1.2.0.tgz 2451ms (cache miss)
npm http fetch GET 200 https://vlt-451504312483.d.codeartifact.us-east-1.amazonaws.com/npm/code-artifact-benchmark-test/has-property-descriptors/-/has-property-descriptors-1.0.2.tgz 2453ms (cache miss)
npm http fetch GET 200 https://vlt-451504312483.d.codeartifact.us-east-1.amazonaws.com/npm/code-artifact-benchmark-test/define-data-property/-/define-data-property-1.1.4.tgz 2453ms (cache miss)
npm http fetch GET 200 https://vlt-451504312483.d.codeartifact.us-east-1.amazonaws.com/npm/code-artifact-benchmark-test/object-keys/-/object-keys-1.1.1.tgz 2453ms (cache miss)
npm http fetch GET 200 https://vlt-451504312483.d.codeartifact.us-east-1.amazonaws.com/npm/code-artifact-benchmark-test/set-function-length/-/set-function-length-1.2.2.tgz 2453ms (cache miss)
npm http fetch GET 200 https://vlt-451504312483.d.codeartifact.us-east-1.amazonaws.com/npm/code-artifact-benchmark-test/function-bind/-/function-bind-1.1.2.tgz 2467ms (cache miss)
npm http fetch GET 200 https://vlt-451504312483.d.codeartifact.us-east-1.amazonaws.com/npm/code-artifact-benchmark-test/es-define-property/-/es-define-property-1.0.1.tgz 2476ms (cache miss)
npm http fetch GET 200 https://vlt-451504312483.d.codeartifact.us-east-1.amazonaws.com/npm/code-artifact-benchmark-test/get-intrinsic/-/get-intrinsic-1.3.0.tgz 2498ms (cache miss)
npm http fetch GET 200 https://vlt-451504312483.d.codeartifact.us-east-1.amazonaws.com/npm/code-artifact-benchmark-test/is-string/-/is-string-1.1.1.tgz 2501ms (cache miss)
npm http fetch GET 200 https://vlt-451504312483.d.codeartifact.us-east-1.amazonaws.com/npm/code-artifact-benchmark-test/call-bind-apply-helpers/-/call-bind-apply-helpers-1.0.2.tgz 2510ms (cache miss)
npm http fetch GET 200 https://vlt-451504312483.d.codeartifact.us-east-1.amazonaws.com/npm/code-artifact-benchmark-test/math-intrinsics/-/math-intrinsics-1.1.0.tgz 2517ms (cache miss)
npm http fetch GET 200 https://vlt-451504312483.d.codeartifact.us-east-1.amazonaws.com/npm/code-artifact-benchmark-test/es-errors/-/es-errors-1.3.0.tgz 2524ms (cache miss)
npm http fetch GET 200 https://vlt-451504312483.d.codeartifact.us-east-1.amazonaws.com/npm/code-artifact-benchmark-test/es-shim-unscopables/-/es-shim-unscopables-1.1.0.tgz 2534ms (cache miss)
npm http fetch GET 200 https://vlt-451504312483.d.codeartifact.us-east-1.amazonaws.com/npm/code-artifact-benchmark-test/es-object-atoms/-/es-object-atoms-1.1.2.tgz 2534ms (cache miss)
npm http fetch GET 200 https://vlt-451504312483.d.codeartifact.us-east-1.amazonaws.com/npm/code-artifact-benchmark-test/call-bound/-/call-bound-1.0.4.tgz 2543ms (cache miss)
npm http fetch GET 200 https://vlt-451504312483.d.codeartifact.us-east-1.amazonaws.com/npm/code-artifact-benchmark-test/string.prototype.trimend/-/string.prototype.trimend-1.0.10.tgz 2590ms (cache miss)
npm http fetch GET 200 https://vlt-451504312483.d.codeartifact.us-east-1.amazonaws.com/npm/code-artifact-benchmark-test/object.groupby/-/object.groupby-1.0.3.tgz 2603ms (cache miss)
npm http fetch GET 200 https://vlt-451504312483.d.codeartifact.us-east-1.amazonaws.com/npm/code-artifact-benchmark-test/define-properties/-/define-properties-1.2.1.tgz 2611ms (cache miss)
npm http fetch GET 200 https://vlt-451504312483.d.codeartifact.us-east-1.amazonaws.com/npm/code-artifact-benchmark-test/call-bind/-/call-bind-1.0.9.tgz 2614ms (cache miss)
npm http fetch GET 200 https://vlt-451504312483.d.codeartifact.us-east-1.amazonaws.com/npm/code-artifact-benchmark-test/object.values/-/object.values-1.2.1.tgz 2614ms (cache miss)
npm http fetch GET 200 https://vlt-451504312483.d.codeartifact.us-east-1.amazonaws.com/npm/code-artifact-benchmark-test/object.fromentries/-/object.fromentries-2.0.8.tgz 2644ms (cache miss)
npm http fetch GET 200 https://vlt-451504312483.d.codeartifact.us-east-1.amazonaws.com/npm/code-artifact-benchmark-test/@rtsao/scc/-/scc-1.1.0.tgz 2644ms (cache miss)
npm http fetch GET 200 https://vlt-451504312483.d.codeartifact.us-east-1.amazonaws.com/npm/code-artifact-benchmark-test/array.prototype.flatmap/-/array.prototype.flatmap-1.3.3.tgz 2652ms (cache miss)
npm http fetch GET 200 https://vlt-451504312483.d.codeartifact.us-east-1.amazonaws.com/npm/code-artifact-benchmark-test/array.prototype.findlastindex/-/array.prototype.findlastindex-1.2.6.tgz 2652ms (cache miss)
npm http fetch GET 200 https://vlt-451504312483.d.codeartifact.us-east-1.amazonaws.com/npm/code-artifact-benchmark-test/array.prototype.flat/-/array.prototype.flat-1.3.3.tgz 2655ms (cache miss)
npm http fetch GET 200 https://vlt-451504312483.d.codeartifact.us-east-1.amazonaws.com/npm/code-artifact-benchmark-test/tsconfig-paths/-/tsconfig-paths-3.15.0.tgz 2670ms (cache miss)
npm http fetch GET 200 https://vlt-451504312483.d.codeartifact.us-east-1.amazonaws.com/npm/code-artifact-benchmark-test/hasown/-/hasown-2.0.4.tgz 2673ms (cache miss)
npm http fetch GET 200 https://vlt-451504312483.d.codeartifact.us-east-1.amazonaws.com/npm/code-artifact-benchmark-test/array-includes/-/array-includes-3.2.0.tgz 2689ms (cache miss)
npm http fetch GET 200 https://vlt-451504312483.d.codeartifact.us-east-1.amazonaws.com/npm/code-artifact-benchmark-test/unrs-resolver/-/unrs-resolver-1.12.2.tgz 2707ms (cache miss)
npm http fetch GET 200 https://vlt-451504312483.d.codeartifact.us-east-1.amazonaws.com/npm/code-artifact-benchmark-test/eslint-module-utils/-/eslint-module-utils-2.14.0.tgz 2726ms (cache miss)
npm http fetch GET 200 https://vlt-451504312483.d.codeartifact.us-east-1.amazonaws.com/npm/code-artifact-benchmark-test/is-bun-module/-/is-bun-module-2.0.0.tgz 2749ms (cache miss)
npm http fetch GET 200 https://vlt-451504312483.d.codeartifact.us-east-1.amazonaws.com/npm/code-artifact-benchmark-test/tinyglobby/-/tinyglobby-0.2.17.tgz 2750ms (cache miss)
npm http fetch GET 200 https://vlt-451504312483.d.codeartifact.us-east-1.amazonaws.com/npm/code-artifact-benchmark-test/is-core-module/-/is-core-module-2.17.0.tgz 2760ms (cache miss)
npm http fetch GET 200 https://vlt-451504312483.d.codeartifact.us-east-1.amazonaws.com/npm/code-artifact-benchmark-test/@nolyfill/is-core-module/-/is-core-module-1.0.39.tgz 2765ms (cache miss)
npm http fetch GET 200 https://vlt-451504312483.d.codeartifact.us-east-1.amazonaws.com/npm/code-artifact-benchmark-test/stable-hash/-/stable-hash-0.0.5.tgz 2771ms (cache miss)
npm http fetch GET 200 https://vlt-451504312483.d.codeartifact.us-east-1.amazonaws.com/npm/code-artifact-benchmark-test/get-tsconfig/-/get-tsconfig-4.14.3.tgz 2784ms (cache miss)
npm http fetch GET 200 https://vlt-451504312483.d.codeartifact.us-east-1.amazonaws.com/npm/code-artifact-benchmark-test/semver/-/semver-7.8.5.tgz 2785ms (cache miss)
npm http fetch GET 200 https://vlt-451504312483.d.codeartifact.us-east-1.amazonaws.com/npm/code-artifact-benchmark-test/@typescript-eslint/tsconfig-utils/-/tsconfig-utils-8.71.0.tgz 2826ms (cache miss)
npm http fetch GET 200 https://vlt-451504312483.d.codeartifact.us-east-1.amazonaws.com/npm/code-artifact-benchmark-test/@typescript-eslint/project-service/-/project-service-8.71.0.tgz 2826ms (cache miss)
npm http fetch GET 200 https://vlt-451504312483.d.codeartifact.us-east-1.amazonaws.com/npm/code-artifact-benchmark-test/@typescript-eslint/types/-/types-8.71.0.tgz 2826ms (cache miss)
npm http fetch GET 200 https://vlt-451504312483.d.codeartifact.us-east-1.amazonaws.com/npm/code-artifact-benchmark-test/@typescript-eslint/visitor-keys/-/visitor-keys-8.71.0.tgz 2838ms (cache miss)
npm http fetch GET 200 https://vlt-451504312483.d.codeartifact.us-east-1.amazonaws.com/npm/code-artifact-benchmark-test/ts-api-utils/-/ts-api-utils-2.5.0.tgz 2919ms (cache miss)
npm http fetch GET 200 https://vlt-451504312483.d.codeartifact.us-east-1.amazonaws.com/npm/code-artifact-benchmark-test/@typescript-eslint/typescript-estree/-/typescript-estree-8.71.0.tgz 2934ms (cache miss)
npm http fetch GET 200 https://vlt-451504312483.d.codeartifact.us-east-1.amazonaws.com/npm/code-artifact-benchmark-test/eslint-import-resolver-typescript/-/eslint-import-resolver-typescript-3.10.1.tgz 2935ms (cache miss)
npm http fetch GET 200 https://vlt-451504312483.d.codeartifact.us-east-1.amazonaws.com/npm/code-artifact-benchmark-test/eslint-import-resolver-node/-/eslint-import-resolver-node-0.3.10.tgz 2944ms (cache miss)
npm http fetch GET 200 https://vlt-451504312483.d.codeartifact.us-east-1.amazonaws.com/npm/code-artifact-benchmark-test/@typescript-eslint/type-utils/-/type-utils-8.71.0.tgz 2967ms (cache miss)
npm http fetch GET 200 https://vlt-451504312483.d.codeartifact.us-east-1.amazonaws.com/npm/code-artifact-benchmark-test/@typescript-eslint/parser/-/parser-8.71.0.tgz 2965ms (cache miss)
npm http fetch GET 200 https://vlt-451504312483.d.codeartifact.us-east-1.amazonaws.com/npm/code-artifact-benchmark-test/@next/eslint-plugin-next/-/eslint-plugin-next-15.0.3.tgz 2967ms (cache miss)
npm http fetch GET 200 https://vlt-451504312483.d.codeartifact.us-east-1.amazonaws.com/npm/code-artifact-benchmark-test/eslint-plugin-react-hooks/-/eslint-plugin-react-hooks-5.2.0.tgz 2977ms (cache miss)
npm http fetch GET 200 https://vlt-451504312483.d.codeartifact.us-east-1.amazonaws.com/npm/code-artifact-benchmark-test/@typescript-eslint/utils/-/utils-8.71.0.tgz 2987ms (cache miss)
npm http fetch GET 200 https://vlt-451504312483.d.codeartifact.us-east-1.amazonaws.com/npm/code-artifact-benchmark-test/ms/-/ms-2.1.3.tgz 2982ms (cache miss)
npm http fetch GET 200 https://vlt-451504312483.d.codeartifact.us-east-1.amazonaws.com/npm/code-artifact-benchmark-test/resolve/-/resolve-2.0.0-next.7.tgz 3012ms (cache miss)
npm http fetch GET 200 https://vlt-451504312483.d.codeartifact.us-east-1.amazonaws.com/npm/code-artifact-benchmark-test/shebang-command/-/shebang-command-2.0.0.tgz 3024ms (cache miss)
npm http fetch GET 200 https://vlt-451504312483.d.codeartifact.us-east-1.amazonaws.com/npm/code-artifact-benchmark-test/color-name/-/color-name-1.1.4.tgz 3025ms (cache miss)
npm http fetch GET 200 https://vlt-451504312483.d.codeartifact.us-east-1.amazonaws.com/npm/code-artifact-benchmark-test/path-key/-/path-key-3.1.1.tgz 3028ms (cache miss)
npm http fetch GET 200 https://vlt-451504312483.d.codeartifact.us-east-1.amazonaws.com/npm/code-artifact-benchmark-test/fast-glob/-/fast-glob-3.3.1.tgz 3060ms (cache miss)
npm http fetch GET 200 https://vlt-451504312483.d.codeartifact.us-east-1.amazonaws.com/npm/code-artifact-benchmark-test/ansi-styles/-/ansi-styles-4.3.0.tgz 3053ms (cache miss)
npm http fetch GET 200 https://vlt-451504312483.d.codeartifact.us-east-1.amazonaws.com/npm/code-artifact-benchmark-test/which/-/which-2.0.2.tgz 3064ms (cache miss)
npm http fetch GET 200 https://vlt-451504312483.d.codeartifact.us-east-1.amazonaws.com/npm/code-artifact-benchmark-test/supports-color/-/supports-color-7.2.0.tgz 3067ms (cache miss)
npm http fetch GET 200 https://vlt-451504312483.d.codeartifact.us-east-1.amazonaws.com/npm/code-artifact-benchmark-test/color-convert/-/color-convert-2.0.1.tgz 3068ms (cache miss)
npm http fetch GET 200 https://vlt-451504312483.d.codeartifact.us-east-1.amazonaws.com/npm/code-artifact-benchmark-test/json-schema-traverse/-/json-schema-traverse-0.4.1.tgz 3079ms (cache miss)
npm http fetch GET 200 https://vlt-451504312483.d.codeartifact.us-east-1.amazonaws.com/npm/code-artifact-benchmark-test/fast-json-stable-stringify/-/fast-json-stable-stringify-2.1.0.tgz 3092ms (cache miss)
npm http fetch GET 200 https://vlt-451504312483.d.codeartifact.us-east-1.amazonaws.com/npm/code-artifact-benchmark-test/run-parallel/-/run-parallel-1.2.0.tgz 3093ms (cache miss)
npm http fetch GET 200 https://vlt-451504312483.d.codeartifact.us-east-1.amazonaws.com/npm/code-artifact-benchmark-test/@nodelib/fs.stat/-/fs.stat-2.0.5.tgz 3142ms (cache miss)
npm http fetch GET 200 https://vlt-451504312483.d.codeartifact.us-east-1.amazonaws.com/npm/code-artifact-benchmark-test/import-fresh/-/import-fresh-3.3.1.tgz 3159ms (cache miss)
npm http fetch GET 200 https://vlt-451504312483.d.codeartifact.us-east-1.amazonaws.com/npm/code-artifact-benchmark-test/strip-json-comments/-/strip-json-comments-3.1.1.tgz 3161ms (cache miss)
npm http fetch GET 200 https://vlt-451504312483.d.codeartifact.us-east-1.amazonaws.com/npm/code-artifact-benchmark-test/@nodelib/fs.scandir/-/fs.scandir-2.1.5.tgz 3165ms (cache miss)
npm http fetch GET 200 https://vlt-451504312483.d.codeartifact.us-east-1.amazonaws.com/npm/code-artifact-benchmark-test/@humanwhocodes/object-schema/-/object-schema-2.0.3.tgz 3168ms (cache miss)
npm warn deprecated @humanwhocodes/object-schema@2.0.3: Use @eslint/object-schema instead
npm http fetch GET 200 https://vlt-451504312483.d.codeartifact.us-east-1.amazonaws.com/npm/code-artifact-benchmark-test/minimatch/-/minimatch-3.1.5.tgz 3175ms (cache miss)
npm http fetch GET 200 https://vlt-451504312483.d.codeartifact.us-east-1.amazonaws.com/npm/code-artifact-benchmark-test/fastq/-/fastq-1.20.3.tgz 3187ms (cache miss)
npm http fetch GET 200 https://vlt-451504312483.d.codeartifact.us-east-1.amazonaws.com/npm/code-artifact-benchmark-test/natural-compare/-/natural-compare-1.4.0.tgz 3190ms (cache miss)
npm http fetch GET 200 https://vlt-451504312483.d.codeartifact.us-east-1.amazonaws.com/npm/code-artifact-benchmark-test/optionator/-/optionator-0.9.4.tgz 3197ms (cache miss)
npm http fetch GET 200 https://vlt-451504312483.d.codeartifact.us-east-1.amazonaws.com/npm/code-artifact-benchmark-test/levn/-/levn-0.4.1.tgz 3198ms (cache miss)
npm http fetch GET 200 https://vlt-451504312483.d.codeartifact.us-east-1.amazonaws.com/npm/code-artifact-benchmark-test/json-stable-stringify-without-jsonify/-/json-stable-stringify-without-jsonify-1.0.1.tgz 3216ms (cache miss)
npm http fetch GET 200 https://vlt-451504312483.d.codeartifact.us-east-1.amazonaws.com/npm/code-artifact-benchmark-test/text-table/-/text-table-0.2.0.tgz 3218ms (cache miss)
npm http fetch GET 200 https://vlt-451504312483.d.codeartifact.us-east-1.amazonaws.com/npm/code-artifact-benchmark-test/lodash.merge/-/lodash.merge-4.6.2.tgz 3245ms (cache miss)
npm http fetch GET 200 https://vlt-451504312483.d.codeartifact.us-east-1.amazonaws.com/npm/code-artifact-benchmark-test/strip-ansi/-/strip-ansi-6.0.1.tgz 3262ms (cache miss)
npm http fetch GET 200 https://vlt-451504312483.d.codeartifact.us-east-1.amazonaws.com/npm/code-artifact-benchmark-test/uri-js/-/uri-js-4.4.1.tgz 3270ms (cache miss)
npm http fetch GET 200 https://vlt-451504312483.d.codeartifact.us-east-1.amazonaws.com/npm/code-artifact-benchmark-test/eslint-plugin-import/-/eslint-plugin-import-2.32.0.tgz 3290ms (cache miss)
npm http fetch GET 200 https://vlt-451504312483.d.codeartifact.us-east-1.amazonaws.com/npm/code-artifact-benchmark-test/js-yaml/-/js-yaml-4.3.2.tgz 3290ms (cache miss)
npm http fetch GET 200 https://vlt-451504312483.d.codeartifact.us-east-1.amazonaws.com/npm/code-artifact-benchmark-test/imurmurhash/-/imurmurhash-0.1.4.tgz 3293ms (cache miss)
npm http fetch GET 200 https://vlt-451504312483.d.codeartifact.us-east-1.amazonaws.com/npm/code-artifact-benchmark-test/glob-parent/-/glob-parent-6.0.2.tgz 3307ms (cache miss)
npm http fetch GET 200 https://vlt-451504312483.d.codeartifact.us-east-1.amazonaws.com/npm/code-artifact-benchmark-test/is-path-inside/-/is-path-inside-3.0.3.tgz 3309ms (cache miss)
npm http fetch GET 200 https://vlt-451504312483.d.codeartifact.us-east-1.amazonaws.com/npm/code-artifact-benchmark-test/find-up/-/find-up-5.0.0.tgz 3308ms (cache miss)
npm http fetch GET 200 https://vlt-451504312483.d.codeartifact.us-east-1.amazonaws.com/npm/code-artifact-benchmark-test/@rushstack/eslint-patch/-/eslint-patch-1.16.1.tgz 3324ms (cache miss)
npm http fetch GET 200 https://vlt-451504312483.d.codeartifact.us-east-1.amazonaws.com/npm/code-artifact-benchmark-test/is-glob/-/is-glob-4.0.3.tgz 3323ms (cache miss)
npm http fetch GET 200 https://vlt-451504312483.d.codeartifact.us-east-1.amazonaws.com/npm/code-artifact-benchmark-test/globals/-/globals-13.24.0.tgz 3330ms (cache miss)
npm http fetch GET 200 https://vlt-451504312483.d.codeartifact.us-east-1.amazonaws.com/npm/code-artifact-benchmark-test/fast-deep-equal/-/fast-deep-equal-3.1.3.tgz 3367ms (cache miss)
npm http fetch GET 200 https://vlt-451504312483.d.codeartifact.us-east-1.amazonaws.com/npm/code-artifact-benchmark-test/file-entry-cache/-/file-entry-cache-6.0.1.tgz 3370ms (cache miss)
npm http fetch GET 200 https://vlt-451504312483.d.codeartifact.us-east-1.amazonaws.com/npm/code-artifact-benchmark-test/esutils/-/esutils-2.0.3.tgz 3376ms (cache miss)
npm http fetch GET 200 https://vlt-451504312483.d.codeartifact.us-east-1.amazonaws.com/npm/code-artifact-benchmark-test/ignore/-/ignore-5.3.2.tgz 3380ms (cache miss)
npm http fetch GET 200 https://vlt-451504312483.d.codeartifact.us-east-1.amazonaws.com/npm/code-artifact-benchmark-test/eslint-visitor-keys/-/eslint-visitor-keys-3.4.3.tgz 3392ms (cache miss)
npm http fetch GET 200 https://vlt-451504312483.d.codeartifact.us-east-1.amazonaws.com/npm/code-artifact-benchmark-test/eslint-scope/-/eslint-scope-7.2.2.tgz 3396ms (cache miss)
npm http fetch GET 200 https://vlt-451504312483.d.codeartifact.us-east-1.amazonaws.com/npm/code-artifact-benchmark-test/escape-string-regexp/-/escape-string-regexp-4.0.0.tgz 3403ms (cache miss)
npm http fetch GET 200 https://vlt-451504312483.d.codeartifact.us-east-1.amazonaws.com/npm/code-artifact-benchmark-test/espree/-/espree-9.6.1.tgz 3411ms (cache miss)
npm http fetch GET 200 https://vlt-451504312483.d.codeartifact.us-east-1.amazonaws.com/npm/code-artifact-benchmark-test/cross-spawn/-/cross-spawn-7.0.6.tgz 3410ms (cache miss)
npm http fetch GET 200 https://vlt-451504312483.d.codeartifact.us-east-1.amazonaws.com/npm/code-artifact-benchmark-test/graphemer/-/graphemer-1.4.0.tgz 3417ms (cache miss)
npm http fetch GET 200 https://vlt-451504312483.d.codeartifact.us-east-1.amazonaws.com/npm/code-artifact-benchmark-test/debug/-/debug-4.4.3.tgz 3418ms (cache miss)
npm http fetch GET 200 https://vlt-451504312483.d.codeartifact.us-east-1.amazonaws.com/npm/code-artifact-benchmark-test/esquery/-/esquery-1.7.0.tgz 3424ms (cache miss)
npm http fetch GET 200 https://vlt-451504312483.d.codeartifact.us-east-1.amazonaws.com/npm/code-artifact-benchmark-test/doctrine/-/doctrine-3.0.0.tgz 3444ms (cache miss)
npm http fetch GET 200 https://vlt-451504312483.d.codeartifact.us-east-1.amazonaws.com/npm/code-artifact-benchmark-test/chalk/-/chalk-4.1.2.tgz 3456ms (cache miss)
npm http fetch GET 200 https://vlt-451504312483.d.codeartifact.us-east-1.amazonaws.com/npm/code-artifact-benchmark-test/@ungap/structured-clone/-/structured-clone-1.4.0.tgz 3481ms (cache miss)
npm http fetch GET 200 https://vlt-451504312483.d.codeartifact.us-east-1.amazonaws.com/npm/code-artifact-benchmark-test/@eslint/js/-/js-8.57.1.tgz 3485ms (cache miss)
npm http fetch GET 200 https://vlt-451504312483.d.codeartifact.us-east-1.amazonaws.com/npm/code-artifact-benchmark-test/@nodelib/fs.walk/-/fs.walk-1.2.8.tgz 3485ms (cache miss)
npm http fetch GET 200 https://vlt-451504312483.d.codeartifact.us-east-1.amazonaws.com/npm/code-artifact-benchmark-test/eslint-plugin-jsx-a11y/-/eslint-plugin-jsx-a11y-6.10.2.tgz 3508ms (cache miss)
npm http fetch GET 200 https://vlt-451504312483.d.codeartifact.us-east-1.amazonaws.com/npm/code-artifact-benchmark-test/@humanwhocodes/module-importer/-/module-importer-1.0.1.tgz 3520ms (cache miss)
npm http fetch GET 200 https://vlt-451504312483.d.codeartifact.us-east-1.amazonaws.com/npm/code-artifact-benchmark-test/@humanwhocodes/config-array/-/config-array-0.13.0.tgz 3533ms (cache miss)
npm warn deprecated @humanwhocodes/config-array@0.13.0: Use @eslint/config-array instead
npm http fetch GET 200 https://vlt-451504312483.d.codeartifact.us-east-1.amazonaws.com/npm/code-artifact-benchmark-test/@eslint-community/regexpp/-/regexpp-4.12.2.tgz 3535ms (cache miss)
npm http fetch GET 200 https://vlt-451504312483.d.codeartifact.us-east-1.amazonaws.com/npm/code-artifact-benchmark-test/@types/prop-types/-/prop-types-15.7.15.tgz 3560ms (cache miss)
npm http fetch GET 200 https://vlt-451504312483.d.codeartifact.us-east-1.amazonaws.com/npm/code-artifact-benchmark-test/undici-types/-/undici-types-6.21.0.tgz 3585ms (cache miss)
npm http fetch GET 200 https://vlt-451504312483.d.codeartifact.us-east-1.amazonaws.com/npm/code-artifact-benchmark-test/csstype/-/csstype-3.2.3.tgz 3589ms (cache miss)
npm http fetch GET 200 https://vlt-451504312483.d.codeartifact.us-east-1.amazonaws.com/npm/code-artifact-benchmark-test/@eslint-community/eslint-utils/-/eslint-utils-4.10.1.tgz 3591ms (cache miss)
npm http fetch GET 200 https://vlt-451504312483.d.codeartifact.us-east-1.amazonaws.com/npm/code-artifact-benchmark-test/@eslint/eslintrc/-/eslintrc-2.1.4.tgz 3623ms (cache miss)
npm http fetch GET 200 https://vlt-451504312483.d.codeartifact.us-east-1.amazonaws.com/npm/code-artifact-benchmark-test/eslint-config-next/-/eslint-config-next-15.0.3.tgz 3644ms (cache miss)
npm http fetch GET 200 https://vlt-451504312483.d.codeartifact.us-east-1.amazonaws.com/npm/code-artifact-benchmark-test/postcss/-/postcss-8.5.28.tgz 3666ms (cache miss)
npm http fetch GET 200 https://vlt-451504312483.d.codeartifact.us-east-1.amazonaws.com/npm/code-artifact-benchmark-test/@typescript-eslint/scope-manager/-/scope-manager-8.71.0.tgz 3690ms (cache miss)
npm http fetch GET 200 https://vlt-451504312483.d.codeartifact.us-east-1.amazonaws.com/npm/code-artifact-benchmark-test/glob-parent/-/glob-parent-5.1.2.tgz 3684ms (cache miss)
npm http fetch GET 200 https://vlt-451504312483.d.codeartifact.us-east-1.amazonaws.com/npm/code-artifact-benchmark-test/@types/react-dom/-/react-dom-18.3.7.tgz 3697ms (cache miss)
npm http fetch GET 200 https://vlt-451504312483.d.codeartifact.us-east-1.amazonaws.com/npm/code-artifact-benchmark-test/picomatch/-/picomatch-4.0.7.tgz 3696ms (cache miss)
npm http fetch GET 200 https://vlt-451504312483.d.codeartifact.us-east-1.amazonaws.com/npm/code-artifact-benchmark-test/semver/-/semver-6.3.1.tgz 3714ms (cache miss)
npm http fetch GET 200 https://vlt-451504312483.d.codeartifact.us-east-1.amazonaws.com/npm/code-artifact-benchmark-test/debug/-/debug-3.2.7.tgz 3722ms (cache miss)
npm http fetch GET 200 https://vlt-451504312483.d.codeartifact.us-east-1.amazonaws.com/npm/code-artifact-benchmark-test/react/-/react-19.0.0-rc-66855b96-20241106.tgz 3733ms (cache miss)
npm http fetch GET 200 https://vlt-451504312483.d.codeartifact.us-east-1.amazonaws.com/npm/code-artifact-benchmark-test/fdir/-/fdir-6.5.0.tgz 3746ms (cache miss)
npm http fetch GET 200 https://vlt-451504312483.d.codeartifact.us-east-1.amazonaws.com/npm/code-artifact-benchmark-test/@types/react/-/react-18.3.31.tgz 3768ms (cache miss)
npm http fetch GET 200 https://vlt-451504312483.d.codeartifact.us-east-1.amazonaws.com/npm/code-artifact-benchmark-test/ajv/-/ajv-6.15.0.tgz 3786ms (cache miss)
npm http fetch GET 200 https://vlt-451504312483.d.codeartifact.us-east-1.amazonaws.com/npm/code-artifact-benchmark-test/glob-parent/-/glob-parent-5.1.2.tgz 3805ms (cache miss)
npm http fetch GET 200 https://vlt-451504312483.d.codeartifact.us-east-1.amazonaws.com/npm/code-artifact-benchmark-test/balanced-match/-/balanced-match-4.0.4.tgz 3811ms (cache miss)
npm http fetch GET 200 https://vlt-451504312483.d.codeartifact.us-east-1.amazonaws.com/npm/code-artifact-benchmark-test/brace-expansion/-/brace-expansion-5.0.12.tgz 3815ms (cache miss)
npm http fetch GET 200 https://vlt-451504312483.d.codeartifact.us-east-1.amazonaws.com/npm/code-artifact-benchmark-test/eslint-visitor-keys/-/eslint-visitor-keys-5.0.1.tgz 3827ms (cache miss)
npm http fetch GET 200 https://vlt-451504312483.d.codeartifact.us-east-1.amazonaws.com/npm/code-artifact-benchmark-test/semver/-/semver-6.3.1.tgz 3826ms (cache miss)
npm http fetch GET 200 https://vlt-451504312483.d.codeartifact.us-east-1.amazonaws.com/npm/code-artifact-benchmark-test/semver/-/semver-6.3.1.tgz 3842ms (cache miss)
npm http fetch GET 200 https://vlt-451504312483.d.codeartifact.us-east-1.amazonaws.com/npm/code-artifact-benchmark-test/doctrine/-/doctrine-2.1.0.tgz 3844ms (cache miss)
npm http fetch GET 200 https://vlt-451504312483.d.codeartifact.us-east-1.amazonaws.com/npm/code-artifact-benchmark-test/eslint-plugin-react/-/eslint-plugin-react-7.37.5.tgz 3905ms (cache miss)
npm http fetch GET 200 https://vlt-451504312483.d.codeartifact.us-east-1.amazonaws.com/npm/code-artifact-benchmark-test/doctrine/-/doctrine-2.1.0.tgz 3884ms (cache miss)
npm http fetch GET 200 https://vlt-451504312483.d.codeartifact.us-east-1.amazonaws.com/npm/code-artifact-benchmark-test/debug/-/debug-3.2.7.tgz 3889ms (cache miss)
npm http fetch GET 200 https://vlt-451504312483.d.codeartifact.us-east-1.amazonaws.com/npm/code-artifact-benchmark-test/@types/node/-/node-20.19.43.tgz 3913ms (cache miss)
npm http fetch GET 200 https://vlt-451504312483.d.codeartifact.us-east-1.amazonaws.com/npm/code-artifact-benchmark-test/glob-parent/-/glob-parent-5.1.2.tgz 3921ms (cache miss)
npm http fetch GET 200 https://vlt-451504312483.d.codeartifact.us-east-1.amazonaws.com/npm/code-artifact-benchmark-test/debug/-/debug-3.2.7.tgz 3927ms (cache miss)
npm http fetch GET 200 https://vlt-451504312483.d.codeartifact.us-east-1.amazonaws.com/npm/code-artifact-benchmark-test/react-dom/-/react-dom-19.0.0-rc-66855b96-20241106.tgz 3945ms (cache miss)
npm http fetch GET 200 https://vlt-451504312483.d.codeartifact.us-east-1.amazonaws.com/npm/code-artifact-benchmark-test/@next/swc-linux-arm64-gnu/-/swc-linux-arm64-gnu-15.0.3.tgz 4007ms (cache miss)
npm http fetch GET 200 https://vlt-451504312483.d.codeartifact.us-east-1.amazonaws.com/npm/code-artifact-benchmark-test/ignore/-/ignore-7.0.11.tgz 3960ms (cache miss)
npm http fetch GET 200 https://vlt-451504312483.d.codeartifact.us-east-1.amazonaws.com/npm/code-artifact-benchmark-test/resolve/-/resolve-1.22.12.tgz 3969ms (cache miss)
npm http fetch GET 200 https://vlt-451504312483.d.codeartifact.us-east-1.amazonaws.com/npm/code-artifact-benchmark-test/minimatch/-/minimatch-10.2.6.tgz 3999ms (cache miss)
npm http fetch GET 200 https://vlt-451504312483.d.codeartifact.us-east-1.amazonaws.com/npm/code-artifact-benchmark-test/postcss/-/postcss-8.4.31.tgz 4035ms (cache miss)
npm http fetch GET 200 https://vlt-451504312483.d.codeartifact.us-east-1.amazonaws.com/npm/code-artifact-benchmark-test/fast-glob/-/fast-glob-3.3.3.tgz 4055ms (cache miss)
npm http fetch GET 200 https://vlt-451504312483.d.codeartifact.us-east-1.amazonaws.com/npm/code-artifact-benchmark-test/resolve/-/resolve-1.22.12.tgz 4112ms (cache miss)
npm http fetch GET 200 https://vlt-451504312483.d.codeartifact.us-east-1.amazonaws.com/npm/code-artifact-benchmark-test/@typescript-eslint/eslint-plugin/-/eslint-plugin-8.71.0.tgz 4157ms (cache miss)
npm http fetch GET 200 https://vlt-451504312483.d.codeartifact.us-east-1.amazonaws.com/npm/code-artifact-benchmark-test/tailwindcss/-/tailwindcss-3.4.19.tgz 4194ms (cache miss)
npm http fetch GET 200 https://vlt-451504312483.d.codeartifact.us-east-1.amazonaws.com/npm/code-artifact-benchmark-test/typescript/-/typescript-5.9.3.tgz 4265ms (cache miss)
npm http fetch GET 200 https://vlt-451504312483.d.codeartifact.us-east-1.amazonaws.com/npm/code-artifact-benchmark-test/eslint/-/eslint-8.57.1.tgz 4333ms (cache miss)
npm warn deprecated eslint@8.57.1: This version is no longer supported. Please see https://eslint.org/version-support for other options.
npm http fetch GET 200 https://vlt-451504312483.d.codeartifact.us-east-1.amazonaws.com/npm/code-artifact-benchmark-test/es-abstract/-/es-abstract-1.24.2.tgz 4572ms (cache miss)
npm http fetch GET 200 https://vlt-451504312483.d.codeartifact.us-east-1.amazonaws.com/npm/code-artifact-benchmark-test/next/-/next-15.0.3.tgz 7149ms (cache miss)
npm warn deprecated next@15.0.3: This version has a security vulnerability. Please upgrade to a patched version. See https://nextjs.org/blog/CVE-2025-66478 for more details.

added 362 packages in 56s
