npm warn using --force Recommended protections disabled.
npm http fetch GET 200 https://registry.npmjs.org/animate.less 604ms (cache miss)
npm http fetch GET 200 https://registry.npmjs.org/autoprefixer 313ms (cache miss)
npm http fetch GET 200 https://registry.npmjs.org/postcss 287ms (cache miss)
npm http fetch GET 200 https://registry.npmjs.org/babel-core 178ms (cache miss)
npm http fetch GET 200 https://registry.npmjs.org/babel-eslint 227ms (cache miss)
npm http fetch GET 200 https://registry.npmjs.org/eslint 246ms (cache miss)
npm http fetch GET 200 https://registry.npmjs.org/babel-loader 163ms (cache miss)
npm http fetch GET 200 https://registry.npmjs.org/@babel%2fcore 207ms (cache miss)
npm http fetch GET 200 https://registry.npmjs.org/webpack 301ms (cache miss)
npm http fetch GET 200 https://registry.npmjs.org/babel-plugin-lodash 156ms (cache miss)
npm http fetch GET 200 https://registry.npmjs.org/babel-plugin-module-resolver 148ms (cache miss)
npm http fetch GET 200 https://registry.npmjs.org/babel-plugin-transform-decorators-legacy 200ms (cache miss)
npm http fetch GET 200 https://registry.npmjs.org/babel-plugin-transform-runtime 214ms (cache miss)
npm http fetch GET 200 https://registry.npmjs.org/babel-polyfill 148ms (cache miss)
npm http fetch GET 200 https://registry.npmjs.org/babel-preset-es2015 150ms (cache miss)
npm http fetch GET 200 https://registry.npmjs.org/babel-preset-react 209ms (cache miss)
npm http fetch GET 200 https://registry.npmjs.org/babel-preset-react-hmre 197ms (cache miss)
npm http fetch GET 200 https://registry.npmjs.org/babel-preset-stage-1 199ms (cache miss)
npm http fetch GET 200 https://registry.npmjs.org/babel-runtime 150ms (cache miss)
npm http fetch GET 200 https://registry.npmjs.org/clean-webpack-plugin 150ms (cache miss)
npm http fetch GET 200 https://registry.npmjs.org/webpack 155ms (cache revalidated)
npm http fetch GET 200 https://registry.npmjs.org/core-decorators 209ms (cache miss)
npm http fetch GET 200 https://registry.npmjs.org/css-loader 163ms (cache miss)
npm http fetch GET 200 https://registry.npmjs.org/css-mqpacker 198ms (cache miss)
npm http fetch GET 200 https://registry.npmjs.org/cssnano 165ms (cache miss)
npm http fetch GET 200 https://registry.npmjs.org/postcss 145ms (cache revalidated)
npm http fetch GET 200 https://registry.npmjs.org/custom-event-polyfill 203ms (cache miss)
npm http fetch GET 200 https://registry.npmjs.org/draft-js 204ms (cache miss)
npm http fetch GET 200 https://registry.npmjs.org/react 351ms (cache miss)
npm http fetch GET 200 https://registry.npmjs.org/react-dom 309ms (cache miss)
npm http fetch GET 200 https://registry.npmjs.org/ejs 150ms (cache miss)
npm http fetch GET 200 https://registry.npmjs.org/eslint-config-airbnb 148ms (cache miss)
npm http fetch GET 200 https://registry.npmjs.org/eslint-plugin-import 154ms (cache miss)
npm http fetch GET 200 https://registry.npmjs.org/eslint-plugin-jsx-a11y 152ms (cache miss)
npm http fetch GET 200 https://registry.npmjs.org/eslint-plugin-react 158ms (cache miss)
npm http fetch GET 200 https://registry.npmjs.org/eslint-plugin-react-hooks 264ms (cache miss)
npm http fetch GET 200 https://registry.npmjs.org/eslint-import-resolver-webpack 149ms (cache miss)
npm http fetch GET 200 https://registry.npmjs.org/webpack 152ms (cache revalidated)
npm http fetch GET 200 https://registry.npmjs.org/express 164ms (cache miss)
npm http fetch GET 200 https://registry.npmjs.org/express-http-proxy 147ms (cache miss)
npm http fetch GET 200 https://registry.npmjs.org/font-awesome 146ms (cache miss)
npm http fetch GET 200 https://registry.npmjs.org/fready 207ms (cache miss)
npm http fetch GET 200 https://registry.npmjs.org/glob 152ms (cache miss)
npm http fetch GET 200 https://registry.npmjs.org/gulp 153ms (cache miss)
npm http fetch GET 200 https://registry.npmjs.org/gulp-concat 204ms (cache miss)
npm http fetch GET 200 https://registry.npmjs.org/gulp-csslint 213ms (cache miss)
npm http fetch GET 200 https://registry.npmjs.org/gulp-cssnano 207ms (cache miss)
npm http fetch GET 200 https://registry.npmjs.org/gulp-eol 241ms (cache miss)
npm http fetch GET 200 https://registry.npmjs.org/gulp-less 203ms (cache miss)
npm http fetch GET 200 https://registry.npmjs.org/gulp-livereload 230ms (cache miss)
npm http fetch GET 200 https://registry.npmjs.org/gulp-minify-css 197ms (cache miss)
npm http fetch GET 200 https://registry.npmjs.org/gulp-postcss 197ms (cache miss)
npm http fetch GET 200 https://registry.npmjs.org/gulp-rename 148ms (cache miss)
npm http fetch GET 200 https://registry.npmjs.org/gulp-util 147ms (cache miss)
npm http fetch GET 200 https://registry.npmjs.org/happypack 297ms (cache miss)
npm http fetch GET 200 https://registry.npmjs.org/highcharts 152ms (cache miss)
npm http fetch GET 200 https://registry.npmjs.org/highcharts-solid-gauge 206ms (cache miss)
npm http fetch GET 200 https://registry.npmjs.org/history 151ms (cache miss)
npm http fetch GET 200 https://registry.npmjs.org/howler 209ms (cache miss)
npm http fetch GET 200 https://registry.npmjs.org/imports-loader 215ms (cache miss)
npm http fetch GET 200 https://registry.npmjs.org/webpack 179ms (cache revalidated)
npm http fetch GET 200 https://registry.npmjs.org/jquery 148ms (cache miss)
npm http fetch GET 200 https://registry.npmjs.org/jquery-ui 236ms (cache miss)
npm http fetch GET 200 https://registry.npmjs.org/js-cookie 146ms (cache miss)
npm http fetch GET 200 https://registry.npmjs.org/json-loader 253ms (cache miss)
npm http fetch GET 200 https://registry.npmjs.org/leftpad 196ms (cache miss)
npm http fetch GET 200 https://registry.npmjs.org/less 155ms (cache miss)
npm http fetch GET 200 https://registry.npmjs.org/lesshat 203ms (cache miss)
npm http fetch GET 200 https://registry.npmjs.org/lodash 149ms (cache miss)
npm http fetch GET 200 https://registry.npmjs.org/medium-draft 210ms (cache miss)
npm http fetch GET 200 https://registry.npmjs.org/draft-convert 303ms (cache miss)
npm http fetch GET 200 https://registry.npmjs.org/prop-types 147ms (cache miss)
npm http fetch GET 200 https://registry.npmjs.org/react 151ms (cache revalidated)
npm http fetch GET 200 https://registry.npmjs.org/react-dom 164ms (cache revalidated)
npm http fetch GET 200 https://registry.npmjs.org/mobx 207ms (cache miss)
npm http fetch GET 200 https://registry.npmjs.org/mobx-react 156ms (cache miss)
npm http fetch GET 200 https://registry.npmjs.org/moment 152ms (cache miss)
npm http fetch GET 200 https://registry.npmjs.org/moment-range 164ms (cache miss)
npm http fetch GET 200 https://registry.npmjs.org/moment-timezone 157ms (cache miss)
npm http fetch GET 200 https://registry.npmjs.org/password-policy 201ms (cache miss)
npm http fetch GET 200 https://registry.npmjs.org/postcss-reporter 143ms (cache miss)
npm http fetch GET 200 https://registry.npmjs.org/progress 148ms (cache miss)
npm http fetch GET 200 https://registry.npmjs.org/qs 152ms (cache miss)
npm http fetch GET 200 https://registry.npmjs.org/raw-loader 147ms (cache miss)
npm http fetch GET 200 https://registry.npmjs.org/webpack 152ms (cache revalidated)
npm http fetch GET 200 https://registry.npmjs.org/rc-slider 225ms (cache miss)
npm http fetch GET 200 https://registry.npmjs.org/react-addons-css-transition-group 202ms (cache miss)
npm http fetch GET 200 https://registry.npmjs.org/react 156ms (cache revalidated)
npm http fetch GET 200 https://registry.npmjs.org/react-addons-shallow-compare 203ms (cache miss)
npm http fetch GET 200 https://registry.npmjs.org/react-dnd 154ms (cache miss)
npm http fetch GET 200 https://registry.npmjs.org/react-dnd-html5-backend 150ms (cache miss)
npm http fetch GET 200 https://registry.npmjs.org/react-draft-wysiwyg 211ms (cache miss)
npm http fetch GET 200 https://registry.npmjs.org/immutable 155ms (cache miss)
npm http fetch GET 200 https://registry.npmjs.org/react-dropzone 160ms (cache miss)
npm http fetch GET 200 https://registry.npmjs.org/react-grid-layout 156ms (cache miss)
npm http fetch GET 200 https://registry.npmjs.org/react-highcharts 208ms (cache miss)
npm http fetch GET 200 https://registry.npmjs.org/react 151ms (cache revalidated)
npm http fetch GET 200 https://registry.npmjs.org/react-dom 161ms (cache revalidated)
npm http fetch GET 200 https://registry.npmjs.org/react-hot-loader 165ms (cache miss)
npm http fetch GET 200 https://registry.npmjs.org/react 164ms (cache revalidated)
npm http fetch GET 200 https://registry.npmjs.org/react-dom 164ms (cache revalidated)
npm http fetch GET 200 https://registry.npmjs.org/react-input-calendar 201ms (cache miss)
npm http fetch GET 200 https://registry.npmjs.org/moment-range 144ms (cache revalidated)
npm http fetch GET 200 https://registry.npmjs.org/prop-types 143ms (cache revalidated)
npm http fetch GET 200 https://registry.npmjs.org/react 149ms (cache revalidated)
npm http fetch GET 200 https://registry.npmjs.org/react-lazyload 204ms (cache miss)
npm http fetch GET 200 https://registry.npmjs.org/react-measure 213ms (cache miss)
npm http fetch GET 200 https://registry.npmjs.org/react-mixin 207ms (cache miss)
npm http fetch GET 200 https://registry.npmjs.org/react-responsive 149ms (cache miss)
npm http fetch GET 200 https://registry.npmjs.org/react-responsive-tabs 194ms (cache miss)
npm http fetch GET 200 https://registry.npmjs.org/react 152ms (cache revalidated)
npm http fetch GET 200 https://registry.npmjs.org/react-dom 165ms (cache revalidated)
npm http fetch GET 200 https://registry.npmjs.org/react-router 211ms (cache miss)
npm http fetch GET 200 https://registry.npmjs.org/react-router-dom 210ms (cache miss)
npm http fetch GET 200 https://registry.npmjs.org/react-select-plus 231ms (cache miss)
npm http fetch GET 200 https://registry.npmjs.org/react 154ms (cache revalidated)
npm http fetch GET 200 https://registry.npmjs.org/react-dom 163ms (cache revalidated)
npm http fetch GET 200 https://registry.npmjs.org/react-skylight 199ms (cache miss)
npm http fetch GET 200 https://registry.npmjs.org/react 150ms (cache revalidated)
npm http fetch GET 200 https://registry.npmjs.org/react-sortablejs 201ms (cache miss)
npm http fetch GET 200 https://registry.npmjs.org/@types%2fsortablejs 278ms (cache miss)
npm http fetch GET 200 https://registry.npmjs.org/sortablejs 148ms (cache miss)
npm http fetch GET 200 https://registry.npmjs.org/react-tappable 197ms (cache miss)
npm http fetch GET 200 https://registry.npmjs.org/create-react-class 209ms (cache miss)
npm http fetch GET 200 https://registry.npmjs.org/react 154ms (cache revalidated)
npm http fetch GET 200 https://registry.npmjs.org/react-dom 164ms (cache revalidated)
npm http fetch GET 200 https://registry.npmjs.org/react-tooltip 227ms (cache miss)
npm http fetch GET 200 https://registry.npmjs.org/react-virtualized 176ms (cache miss)
npm http fetch GET 200 https://registry.npmjs.org/react-waypoint 206ms (cache miss)
npm http fetch GET 200 https://registry.npmjs.org/style-loader 148ms (cache miss)
npm http fetch GET 200 https://registry.npmjs.org/stylelint 167ms (cache miss)
npm http fetch GET 200 https://registry.npmjs.org/superagent 154ms (cache miss)
npm http fetch GET 200 https://registry.npmjs.org/uglify-js 162ms (cache miss)
npm http fetch GET 200 https://registry.npmjs.org/uuid 149ms (cache miss)
npm http fetch GET 200 https://registry.npmjs.org/verge 198ms (cache miss)
npm http fetch GET 200 https://registry.npmjs.org/webpack-bundle-analyzer 157ms (cache miss)
npm http fetch GET 200 https://registry.npmjs.org/webpack-hot-middleware 146ms (cache miss)
npm http fetch GET 200 https://registry.npmjs.org/webpack-notifier 146ms (cache miss)
npm http fetch GET 200 https://registry.npmjs.org/webpack-split-by-path 198ms (cache miss)
npm http fetch GET 200 https://registry.npmjs.org/whatwg-fetch 146ms (cache miss)
npm http fetch GET 200 https://registry.npmjs.org/nan-as 203ms (cache miss)
npm http fetch GET 200 https://registry.npmjs.org/picocolors 145ms (cache miss)
npm http fetch GET 200 https://registry.npmjs.org/caniuse-lite 189ms (cache miss)
npm http fetch GET 200 https://registry.npmjs.org/postcss-value-parser 144ms (cache miss)
npm http fetch GET 200 https://registry.npmjs.org/fraction.js 525ms (cache miss)
npm http fetch GET 200 https://registry.npmjs.org/nanoid 153ms (cache miss)
npm http fetch GET 200 https://registry.npmjs.org/source-map-js 144ms (cache miss)
npm http fetch GET 200 https://registry.npmjs.org/browserslist 705ms (cache miss)
npm http fetch GET 200 https://registry.npmjs.org/babel-code-frame 152ms (cache miss)
npm http fetch GET 200 https://registry.npmjs.org/babel-generator 158ms (cache miss)
npm http fetch GET 200 https://registry.npmjs.org/babel-helpers 147ms (cache miss)
npm http fetch GET 200 https://registry.npmjs.org/babel-messages 145ms (cache miss)
npm http fetch GET 200 https://registry.npmjs.org/babel-register 147ms (cache miss)
npm http fetch GET 200 https://registry.npmjs.org/babel-template 148ms (cache miss)
npm http fetch GET 200 https://registry.npmjs.org/babel-types 152ms (cache miss)
npm http fetch GET 200 https://registry.npmjs.org/babel-traverse 213ms (cache miss)
npm http fetch GET 200 https://registry.npmjs.org/babylon 171ms (cache miss)
npm http fetch GET 200 https://registry.npmjs.org/convert-source-map 143ms (cache miss)
npm http fetch GET 200 https://registry.npmjs.org/debug 159ms (cache miss)
npm http fetch GET 200 https://registry.npmjs.org/json5 151ms (cache miss)
npm http fetch GET 200 https://registry.npmjs.org/lodash 139ms (cache revalidated)
npm http fetch GET 200 https://registry.npmjs.org/path-is-absolute 138ms (cache miss)
npm http fetch GET 200 https://registry.npmjs.org/minimatch 155ms (cache miss)
npm http fetch GET 200 https://registry.npmjs.org/private 147ms (cache miss)
npm http fetch GET 200 https://registry.npmjs.org/slash 144ms (cache miss)
npm http fetch GET 200 https://registry.npmjs.org/source-map 152ms (cache miss)
npm http fetch GET 200 https://registry.npmjs.org/resolve 167ms (cache miss)
npm http fetch GET 200 https://registry.npmjs.org/@babel%2fparser 170ms (cache miss)
npm http fetch GET 200 https://registry.npmjs.org/@babel%2ftypes 218ms (cache miss)
npm http fetch GET 200 https://registry.npmjs.org/@babel%2fcode-frame 158ms (cache miss)
npm http fetch GET 200 https://registry.npmjs.org/eslint-visitor-keys 161ms (cache miss)
npm http fetch GET 200 https://registry.npmjs.org/@babel%2ftraverse 299ms (cache miss)
npm http fetch GET 200 https://registry.npmjs.org/ajv 160ms (cache miss)
npm http fetch GET 200 https://registry.npmjs.org/levn 146ms (cache miss)
npm http fetch GET 200 https://registry.npmjs.org/chalk 160ms (cache miss)
npm http fetch GET 200 https://registry.npmjs.org/debug 145ms (cache revalidated)
npm http fetch GET 200 https://registry.npmjs.org/espree 172ms (cache miss)
npm http fetch GET 200 https://registry.npmjs.org/ignore 171ms (cache miss)
npm http fetch GET 200 https://registry.npmjs.org/esquery 144ms (cache miss)
npm http fetch GET 200 https://registry.npmjs.org/esutils 145ms (cache miss)
npm http fetch GET 200 https://registry.npmjs.org/find-up 147ms (cache miss)
npm http fetch GET 200 https://registry.npmjs.org/globals 152ms (cache miss)
npm http fetch GET 200 https://registry.npmjs.org/is-glob 146ms (cache miss)
npm http fetch GET 200 https://registry.npmjs.org/js-yaml 152ms (cache miss)
npm http fetch GET 200 https://registry.npmjs.org/doctrine 145ms (cache miss)
npm http fetch GET 200 https://registry.npmjs.org/graphemer 143ms (cache miss)
npm http fetch GET 200 https://registry.npmjs.org/minimatch 136ms (cache revalidated)
npm http fetch GET 200 https://registry.npmjs.org/@eslint%2fjs 164ms (cache miss)
npm http fetch GET 200 https://registry.npmjs.org/optionator 148ms (cache miss)
npm http fetch GET 200 https://registry.npmjs.org/strip-ansi 140ms (cache miss)
npm http fetch GET 200 https://registry.npmjs.org/text-table 144ms (cache miss)
npm http fetch GET 200 https://registry.npmjs.org/cross-spawn 151ms (cache miss)
npm http fetch GET 200 https://registry.npmjs.org/glob-parent 143ms (cache miss)
npm http fetch GET 200 https://registry.npmjs.org/imurmurhash 144ms (cache miss)
npm http fetch GET 200 https://registry.npmjs.org/eslint-scope 150ms (cache miss)
npm http fetch GET 200 https://registry.npmjs.org/lodash.merge 140ms (cache miss)
npm http fetch GET 200 https://registry.npmjs.org/is-path-inside 145ms (cache miss)
npm http fetch GET 200 https://registry.npmjs.org/fast-deep-equal 146ms (cache miss)
npm http fetch GET 200 https://registry.npmjs.org/natural-compare 145ms (cache miss)
npm http fetch GET 200 https://registry.npmjs.org/@eslint%2feslintrc 161ms (cache miss)
npm http fetch GET 200 https://registry.npmjs.org/@nodelib%2ffs.walk 153ms (cache miss)
npm http fetch GET 200 https://registry.npmjs.org/file-entry-cache 155ms (cache miss)
npm http fetch GET 200 https://registry.npmjs.org/eslint-visitor-keys 141ms (cache revalidated)
npm http fetch GET 200 https://registry.npmjs.org/escape-string-regexp 148ms (cache miss)
npm http fetch GET 200 https://registry.npmjs.org/@ungap%2fstructured-clone 156ms (cache miss)
npm http fetch GET 200 https://registry.npmjs.org/@eslint-community%2fregexpp 164ms (cache miss)
npm http fetch GET 200 https://registry.npmjs.org/@humanwhocodes%2fconfig-array 172ms (cache miss)
npm http fetch GET 200 https://registry.npmjs.org/@eslint-community%2feslint-utils 155ms (cache miss)
npm http fetch GET 200 https://registry.npmjs.org/@humanwhocodes%2fmodule-importer 158ms (cache miss)
npm http fetch GET 200 https://registry.npmjs.org/json-stable-stringify-without-jsonify 143ms (cache miss)
npm http fetch GET 200 https://registry.npmjs.org/schema-utils 163ms (cache miss)
npm http fetch GET 200 https://registry.npmjs.org/find-cache-dir 146ms (cache miss)
npm http fetch GET 200 https://registry.npmjs.org/json5 145ms (cache revalidated)
npm http fetch GET 200 https://registry.npmjs.org/semver 168ms (cache miss)
npm http fetch GET 200 https://registry.npmjs.org/gensync 143ms (cache miss)
npm http fetch GET 200 https://registry.npmjs.org/@babel%2ftypes 145ms (cache revalidated)
npm http fetch GET 200 https://registry.npmjs.org/@babel%2fparser 148ms (cache revalidated)
npm http fetch GET 200 https://registry.npmjs.org/@babel%2fhelpers 159ms (cache miss)
npm http fetch GET 200 https://registry.npmjs.org/@babel%2ftemplate 179ms (cache miss)
npm http fetch GET 200 https://registry.npmjs.org/@babel%2ftraverse 141ms (cache revalidated)
npm http fetch GET 200 https://registry.npmjs.org/@babel%2fgenerator 166ms (cache miss)
npm http fetch GET 200 https://registry.npmjs.org/@babel%2fcode-frame 148ms (cache revalidated)
npm http fetch GET 200 https://registry.npmjs.org/convert-source-map 137ms (cache revalidated)
npm http fetch GET 200 https://registry.npmjs.org/@jridgewell%2fremapping 157ms (cache miss)
npm http fetch GET 200 https://registry.npmjs.org/@babel%2fhelper-compilation-targets 166ms (cache miss)
npm http fetch GET 200 https://registry.npmjs.org/@babel%2fhelper-module-transforms 205ms (cache miss)
npm http fetch GET 200 https://registry.npmjs.org/events 148ms (cache miss)
npm http fetch GET 200 https://registry.npmjs.org/mime-db 155ms (cache miss)
npm http fetch GET 200 https://registry.npmjs.org/tapable 165ms (cache miss)
npm http fetch GET 200 https://registry.npmjs.org/watchpack 149ms (cache miss)
npm http fetch GET 200 https://registry.npmjs.org/graceful-fs 151ms (cache miss)
npm http fetch GET 200 https://registry.npmjs.org/browserslist 146ms (cache revalidated)
npm http fetch GET 200 https://registry.npmjs.org/schema-utils 144ms (cache revalidated)
npm http fetch GET 200 https://registry.npmjs.org/@types%2festree 162ms (cache miss)
npm http fetch GET 200 https://registry.npmjs.org/es-module-lexer 178ms (cache miss)
npm http fetch GET 200 https://registry.npmjs.org/webpack-sources 147ms (cache miss)
npm http fetch GET 200 https://registry.npmjs.org/enhanced-resolve 185ms (cache miss)
npm http fetch GET 200 https://registry.npmjs.org/@types%2fjson-schema 160ms (cache miss)
npm http fetch GET 200 https://registry.npmjs.org/@webassemblyjs%2fast 157ms (cache miss)
npm http fetch GET 200 https://registry.npmjs.org/chrome-trace-event 140ms (cache miss)
npm http fetch GET 200 https://registry.npmjs.org/@webassemblyjs%2fwasm-edit 184ms (cache miss)
npm http fetch GET 200 https://registry.npmjs.org/minimizer-webpack-plugin 165ms (cache miss)
npm http fetch GET 200 https://registry.npmjs.org/@webassemblyjs%2fwasm-parser 175ms (cache miss)
npm http fetch GET 200 https://registry.npmjs.org/glob 140ms (cache revalidated)
npm http fetch GET 200 https://registry.npmjs.org/require-package-name 137ms (cache miss)
npm http fetch GET 200 https://registry.npmjs.org/pkg-up 146ms (cache miss)
npm http fetch GET 200 https://registry.npmjs.org/@babel%2fhelper-module-imports 351ms (cache miss)
npm http fetch GET 200 https://registry.npmjs.org/resolve 146ms (cache revalidated)
npm http fetch GET 200 https://registry.npmjs.org/reselect 153ms (cache miss)
npm http fetch GET 200 https://registry.npmjs.org/find-babel-config 145ms (cache miss)
npm http fetch GET 200 https://registry.npmjs.org/babel-runtime 143ms (cache revalidated)
npm http fetch GET 200 https://registry.npmjs.org/babel-template 144ms (cache revalidated)
npm http fetch GET 200 https://registry.npmjs.org/babel-plugin-syntax-decorators 289ms (cache miss)
npm http fetch GET 200 https://registry.npmjs.org/core-js 163ms (cache miss)
npm http fetch GET 200 https://registry.npmjs.org/regenerator-runtime 148ms (cache miss)
npm http fetch GET 200 https://registry.npmjs.org/babel-plugin-check-es2015-constants 140ms (cache miss)
npm http fetch GET 200 https://registry.npmjs.org/babel-plugin-transform-es2015-arrow-functions 147ms (cache miss)
npm http fetch GET 200 https://registry.npmjs.org/babel-plugin-transform-es2015-block-scoped-functions 153ms (cache miss)
npm http fetch GET 200 https://registry.npmjs.org/babel-plugin-transform-es2015-block-scoping 144ms (cache miss)
npm http fetch GET 200 https://registry.npmjs.org/babel-plugin-transform-es2015-classes 148ms (cache miss)
npm http fetch GET 200 https://registry.npmjs.org/babel-plugin-transform-es2015-computed-properties 150ms (cache miss)
npm http fetch GET 200 https://registry.npmjs.org/babel-plugin-transform-es2015-destructuring 144ms (cache miss)
npm http fetch GET 200 https://registry.npmjs.org/babel-plugin-transform-es2015-duplicate-keys 150ms (cache miss)
npm http fetch GET 200 https://registry.npmjs.org/babel-plugin-transform-es2015-for-of 145ms (cache miss)
npm http fetch GET 200 https://registry.npmjs.org/babel-plugin-transform-es2015-function-name 144ms (cache miss)
npm http fetch GET 200 https://registry.npmjs.org/babel-plugin-transform-es2015-literals 148ms (cache miss)
npm http fetch GET 200 https://registry.npmjs.org/babel-plugin-transform-es2015-modules-amd 144ms (cache miss)
npm http fetch GET 200 https://registry.npmjs.org/babel-plugin-transform-es2015-modules-commonjs 145ms (cache miss)
npm http fetch GET 200 https://registry.npmjs.org/babel-plugin-transform-es2015-modules-systemjs 152ms (cache miss)
npm http fetch GET 200 https://registry.npmjs.org/babel-plugin-transform-es2015-modules-umd 152ms (cache miss)
npm http fetch GET 200 https://registry.npmjs.org/babel-plugin-transform-es2015-object-super 142ms (cache miss)
npm http fetch GET 200 https://registry.npmjs.org/babel-plugin-transform-es2015-parameters 151ms (cache miss)
npm http fetch GET 200 https://registry.npmjs.org/babel-plugin-transform-es2015-shorthand-properties 148ms (cache miss)
npm http fetch GET 200 https://registry.npmjs.org/babel-plugin-transform-es2015-spread 138ms (cache miss)
npm http fetch GET 200 https://registry.npmjs.org/babel-plugin-transform-es2015-sticky-regex 148ms (cache miss)
npm http fetch GET 200 https://registry.npmjs.org/babel-plugin-transform-es2015-template-literals 145ms (cache miss)
npm http fetch GET 200 https://registry.npmjs.org/babel-plugin-transform-es2015-typeof-symbol 206ms (cache miss)
npm http fetch GET 200 https://registry.npmjs.org/babel-plugin-transform-es2015-unicode-regex 151ms (cache miss)
npm http fetch GET 200 https://registry.npmjs.org/babel-plugin-transform-regenerator 158ms (cache miss)
npm http fetch GET 200 https://registry.npmjs.org/babel-preset-flow 141ms (cache miss)
npm http fetch GET 200 https://registry.npmjs.org/babel-plugin-syntax-jsx 151ms (cache miss)
npm http fetch GET 200 https://registry.npmjs.org/babel-plugin-transform-react-display-name 148ms (cache miss)
npm http fetch GET 200 https://registry.npmjs.org/babel-plugin-transform-react-jsx 190ms (cache miss)
npm http fetch GET 200 https://registry.npmjs.org/babel-plugin-transform-react-jsx-source 215ms (cache miss)
npm http fetch GET 200 https://registry.npmjs.org/babel-plugin-transform-react-jsx-self 210ms (cache miss)
npm http fetch GET 200 https://registry.npmjs.org/babel-plugin-react-transform 206ms (cache miss)
npm http fetch GET 200 https://registry.npmjs.org/react-transform-hmr 142ms (cache miss)
npm http fetch GET 200 https://registry.npmjs.org/react-transform-catch-errors 200ms (cache miss)
npm http fetch GET 200 https://registry.npmjs.org/babel-plugin-transform-class-constructor-call 145ms (cache miss)
npm http fetch GET 200 https://registry.npmjs.org/redbox-react 204ms (cache miss)
npm http fetch GET 200 https://registry.npmjs.org/babel-plugin-transform-export-extensions 148ms (cache miss)
npm http fetch GET 200 https://registry.npmjs.org/babel-preset-stage-2 148ms (cache miss)
npm http fetch GET 200 https://registry.npmjs.org/core-js 139ms (cache revalidated)
npm http fetch GET 200 https://registry.npmjs.org/regenerator-runtime 146ms (cache revalidated)
npm http fetch GET 200 https://registry.npmjs.org/semver 137ms (cache revalidated)
npm http fetch GET 200 https://registry.npmjs.org/del 159ms (cache miss)
npm http fetch GET 200 https://registry.npmjs.org/icss-utils 152ms (cache miss)
npm http fetch GET 200 https://registry.npmjs.org/postcss-modules-values 147ms (cache miss)
npm http fetch GET 200 https://registry.npmjs.org/postcss-modules-scope 155ms (cache miss)
npm http fetch GET 200 https://registry.npmjs.org/postcss-modules-extract-imports 149ms (cache miss)
npm http fetch GET 200 https://registry.npmjs.org/minimist 150ms (cache miss)
npm http fetch GET 200 https://registry.npmjs.org/postcss-modules-local-by-default 156ms (cache miss)
npm http fetch GET 200 https://registry.npmjs.org/lilconfig 150ms (cache miss)
npm http fetch GET 200 https://registry.npmjs.org/fbjs 169ms (cache miss)
npm http fetch GET 200 https://registry.npmjs.org/cssnano-preset-default 177ms (cache miss)
npm http fetch GET 200 https://registry.npmjs.org/immutable 146ms (cache revalidated)
npm http fetch GET 200 https://registry.npmjs.org/object-assign 148ms (cache miss)
npm http fetch GET 200 https://registry.npmjs.org/loose-envify 143ms (cache miss)
npm http fetch GET 200 https://registry.npmjs.org/loose-envify 139ms (cache miss)
npm http fetch GET 200 https://registry.npmjs.org/jake 149ms (cache miss)
npm http fetch GET 200 https://registry.npmjs.org/object.assign 162ms (cache miss)
npm http fetch GET 200 https://registry.npmjs.org/object.entries 150ms (cache miss)
npm http fetch GET 200 https://registry.npmjs.org/aria-query 144ms (cache miss)
npm http fetch GET 200 https://registry.npmjs.org/eslint-config-airbnb-base 176ms (cache miss)
npm http fetch GET 200 https://registry.npmjs.org/scheduler 683ms (cache miss)
npm http fetch GET 200 https://registry.npmjs.org/array-includes 152ms (cache miss)
npm http fetch GET 200 https://registry.npmjs.org/array.prototype.flatmap 150ms (cache miss)
npm http fetch GET 200 https://registry.npmjs.org/ast-types-flow 137ms (cache miss)
npm http fetch GET 200 https://registry.npmjs.org/axobject-query 163ms (cache miss)
npm http fetch GET 200 https://registry.npmjs.org/damerau-levenshtein 138ms (cache miss)
npm http fetch GET 200 https://registry.npmjs.org/axe-core 267ms (cache miss)
npm http fetch GET 200 https://registry.npmjs.org/emoji-regex 163ms (cache miss)
npm http fetch GET 200 https://registry.npmjs.org/hasown 135ms (cache miss)
npm http fetch GET 200 https://registry.npmjs.org/jsx-ast-utils 147ms (cache miss)
npm http fetch GET 200 https://registry.npmjs.org/language-tags 149ms (cache miss)
npm http fetch GET 200 https://registry.npmjs.org/object.fromentries 137ms (cache miss)
npm http fetch GET 200 https://registry.npmjs.org/safe-regex-test 144ms (cache miss)
npm http fetch GET 200 https://registry.npmjs.org/string.prototype.includes 142ms (cache miss)
npm http fetch GET 200 https://registry.npmjs.org/@rtsao%2fscc 183ms (cache miss)
npm http fetch GET 200 https://registry.npmjs.org/array-includes 143ms (cache revalidated)
npm http fetch GET 200 https://registry.npmjs.org/array.prototype.findlastindex 144ms (cache miss)
npm http fetch GET 200 https://registry.npmjs.org/array.prototype.flat 135ms (cache miss)
npm http fetch GET 200 https://registry.npmjs.org/array.prototype.flatmap 143ms (cache revalidated)
npm http fetch GET 200 https://registry.npmjs.org/doctrine 146ms (cache revalidated)
npm http fetch GET 200 https://registry.npmjs.org/eslint-import-resolver-node 139ms (cache miss)
npm http fetch GET 200 https://registry.npmjs.org/eslint-module-utils 149ms (cache miss)
npm http fetch GET 200 https://registry.npmjs.org/is-core-module 147ms (cache miss)
npm http fetch GET 200 https://registry.npmjs.org/is-glob 140ms (cache revalidated)
npm http fetch GET 200 https://registry.npmjs.org/object.groupby 144ms (cache miss)
npm http fetch GET 200 https://registry.npmjs.org/object.values 147ms (cache miss)
npm http fetch GET 200 https://registry.npmjs.org/string.prototype.trimend 137ms (cache miss)
npm http fetch GET 200 https://registry.npmjs.org/tsconfig-paths 151ms (cache miss)
npm http fetch GET 200 https://registry.npmjs.org/array.prototype.tosorted 135ms (cache miss)
npm http fetch GET 200 https://registry.npmjs.org/array.prototype.findlast 152ms (cache miss)
npm http fetch GET 200 https://registry.npmjs.org/es-iterator-helpers 147ms (cache miss)
npm http fetch GET 200 https://registry.npmjs.org/estraverse 137ms (cache miss)
npm http fetch GET 200 https://registry.npmjs.org/jsx-ast-utils 157ms (cache revalidated)
npm http fetch GET 200 https://registry.npmjs.org/object.entries 144ms (cache revalidated)
npm http fetch GET 200 https://registry.npmjs.org/string.prototype.matchall 138ms (cache miss)
npm http fetch GET 200 https://registry.npmjs.org/string.prototype.repeat 141ms (cache miss)
npm http fetch GET 200 https://registry.npmjs.org/enhanced-resolve 145ms (cache revalidated)
npm http fetch GET 200 https://registry.npmjs.org/find-root 136ms (cache miss)
npm http fetch GET 200 https://registry.npmjs.org/interpret 154ms (cache miss)
npm http fetch GET 200 https://registry.npmjs.org/is-regex 146ms (cache miss)
npm http fetch GET 200 https://registry.npmjs.org/qs 132ms (cache revalidated)
npm http fetch GET 200 https://registry.npmjs.org/depd 145ms (cache miss)
npm http fetch GET 200 https://registry.npmjs.org/etag 145ms (cache miss)
npm http fetch GET 200 https://registry.npmjs.org/send 138ms (cache miss)
npm http fetch GET 200 https://registry.npmjs.org/vary 145ms (cache miss)
npm http fetch GET 200 https://registry.npmjs.org/fresh 143ms (cache miss)
npm http fetch GET 200 https://registry.npmjs.org/cookie 137ms (cache miss)
npm http fetch GET 200 https://registry.npmjs.org/accepts 161ms (cache miss)
npm http fetch GET 200 https://registry.npmjs.org/type-is 136ms (cache miss)
npm http fetch GET 200 https://registry.npmjs.org/methods 147ms (cache miss)
npm http fetch GET 200 https://registry.npmjs.org/parseurl 140ms (cache miss)
npm http fetch GET 200 https://registry.npmjs.org/statuses 135ms (cache miss)
npm http fetch GET 200 https://registry.npmjs.org/encodeurl 142ms (cache miss)
npm http fetch GET 200 https://registry.npmjs.org/proxy-addr 146ms (cache miss)
npm http fetch GET 200 https://registry.npmjs.org/body-parser 141ms (cache miss)
npm http fetch GET 200 https://registry.npmjs.org/escape-html 146ms (cache miss)
npm http fetch GET 200 https://registry.npmjs.org/http-errors 148ms (cache miss)
npm http fetch GET 200 https://registry.npmjs.org/on-finished 136ms (cache miss)
npm http fetch GET 200 https://registry.npmjs.org/safe-buffer 145ms (cache miss)
npm http fetch GET 200 https://registry.npmjs.org/utils-merge 141ms (cache miss)
npm http fetch GET 200 https://registry.npmjs.org/content-type 135ms (cache miss)
npm http fetch GET 200 https://registry.npmjs.org/finalhandler 144ms (cache miss)
npm http fetch GET 200 https://registry.npmjs.org/range-parser 148ms (cache miss)
npm http fetch GET 200 https://registry.npmjs.org/serve-static 136ms (cache miss)
npm http fetch GET 200 https://registry.npmjs.org/array-flatten 145ms (cache miss)
npm http fetch GET 200 https://registry.npmjs.org/setprototypeof 135ms (cache miss)
npm http fetch GET 200 https://registry.npmjs.org/path-to-regexp 161ms (cache miss)
npm http fetch GET 200 https://registry.npmjs.org/cookie-signature 146ms (cache miss)
npm http fetch GET 200 https://registry.npmjs.org/merge-descriptors 135ms (cache miss)
npm http fetch GET 200 https://registry.npmjs.org/content-disposition 151ms (cache miss)
npm http fetch GET 200 https://registry.npmjs.org/es6-promise 146ms (cache miss)
npm http fetch GET 200 https://registry.npmjs.org/raw-body 155ms (cache miss)
npm http fetch GET 200 https://registry.npmjs.org/minipass 184ms (cache miss)
npm http fetch GET 200 https://registry.npmjs.org/jackspeak 153ms (cache miss)
npm http fetch GET 200 https://registry.npmjs.org/path-scurry 139ms (cache miss)
npm http fetch GET 200 https://registry.npmjs.org/package-json-from-dist 143ms (cache miss)
npm http fetch GET 200 https://registry.npmjs.org/gulp-cli 139ms (cache miss)
npm http fetch GET 200 https://registry.npmjs.org/vinyl-fs 149ms (cache miss)
npm http fetch GET 200 https://registry.npmjs.org/undertaker 138ms (cache miss)
npm http fetch GET 200 https://registry.npmjs.org/foreground-child 390ms (cache miss)
npm http fetch GET 200 https://registry.npmjs.org/glob-watcher 148ms (cache miss)
npm http fetch GET 200 https://registry.npmjs.org/vinyl 145ms (cache miss)
npm http fetch GET 200 https://registry.npmjs.org/through2 161ms (cache miss)
npm http fetch GET 200 https://registry.npmjs.org/concat-with-sourcemaps 147ms (cache miss)
npm http fetch GET 200 https://registry.npmjs.org/vinyl 149ms (cache revalidated)
npm http fetch GET 200 https://registry.npmjs.org/csslint 203ms (cache miss)
npm http fetch GET 200 https://registry.npmjs.org/rcloader 200ms (cache miss)
npm http fetch GET 200 https://registry.npmjs.org/through2 139ms (cache revalidated)
npm http fetch GET 200 https://registry.npmjs.org/fancy-log 145ms (cache miss)
npm http fetch GET 200 https://registry.npmjs.org/cssnano 139ms (cache revalidated)
npm http fetch GET 200 https://registry.npmjs.org/plugin-error 203ms (cache miss)
npm http fetch GET 200 https://registry.npmjs.org/buffer-from 155ms (cache miss)
npm http fetch GET 200 https://registry.npmjs.org/plugin-error 137ms (cache miss)
npm http fetch GET 200 https://registry.npmjs.org/object-assign 144ms (cache revalidated)
npm http fetch GET 200 https://registry.npmjs.org/plugin-error 138ms (cache revalidated)
npm http fetch GET 200 https://registry.npmjs.org/vinyl-sourcemaps-apply 202ms (cache miss)
npm http fetch GET 200 https://registry.npmjs.org/less 146ms (cache revalidated)
npm http fetch GET 200 https://registry.npmjs.org/replace-ext 145ms (cache miss)
npm http fetch GET 200 https://registry.npmjs.org/vinyl-sourcemaps-apply 140ms (cache revalidated)
npm http fetch GET 200 https://registry.npmjs.org/chalk 155ms (cache revalidated)
npm http fetch GET 200 https://registry.npmjs.org/tiny-lr 139ms (cache miss)
npm http fetch GET 200 https://registry.npmjs.org/lodash.assign 142ms (cache miss)
npm http fetch GET 200 https://registry.npmjs.org/readable-stream 154ms (cache miss)
npm http fetch GET 200 https://registry.npmjs.org/clean-css 151ms (cache miss)
npm http fetch GET 200 https://registry.npmjs.org/gulp-util 188ms (cache revalidated)
npm http fetch GET 200 https://registry.npmjs.org/readable-stream 149ms (cache revalidated)
npm http fetch GET 200 https://registry.npmjs.org/vinyl-bufferstream 140ms (cache miss)
npm http fetch GET 200 https://registry.npmjs.org/fancy-log 138ms (cache revalidated)
npm http fetch GET 200 https://registry.npmjs.org/postcss-load-config 153ms (cache miss)
npm http fetch GET 200 https://registry.npmjs.org/array-differ 138ms (cache miss)
npm http fetch GET 200 https://registry.npmjs.org/array-uniq 141ms (cache miss)
npm http fetch GET 200 https://registry.npmjs.org/beeper 145ms (cache miss)
npm http fetch GET 200 https://registry.npmjs.org/dateformat 141ms (cache miss)
npm http fetch GET 200 https://registry.npmjs.org/gulplog 141ms (cache miss)
npm http fetch GET 200 https://registry.npmjs.org/has-gulplog 144ms (cache miss)
npm http fetch GET 200 https://registry.npmjs.org/lodash._reescape 192ms (cache miss)
npm http fetch GET 200 https://registry.npmjs.org/lodash._reinterpolate 146ms (cache miss)
npm http fetch GET 200 https://registry.npmjs.org/lodash._reevaluate 200ms (cache miss)
npm http fetch GET 200 https://registry.npmjs.org/lodash.template 141ms (cache miss)
npm http fetch GET 200 https://registry.npmjs.org/multipipe 144ms (cache miss)
npm http fetch GET 200 https://registry.npmjs.org/minimist 148ms (cache revalidated)
npm http fetch GET 200 https://registry.npmjs.org/replace-ext 137ms (cache revalidated)
npm http fetch GET 200 https://registry.npmjs.org/json-stringify-safe 142ms (cache miss)
npm http fetch GET 200 https://registry.npmjs.org/async 171ms (cache miss)
npm http fetch GET 200 https://registry.npmjs.org/loader-utils 146ms (cache miss)
npm http fetch GET 200 https://registry.npmjs.org/serialize-error 145ms (cache miss)
npm http fetch GET 200 https://registry.npmjs.org/source-map-js 135ms (cache revalidated)
npm http fetch GET 200 https://registry.npmjs.org/strip-comments 144ms (cache miss)
npm http fetch GET 200 https://registry.npmjs.org/copy-anything 167ms (cache miss)
npm http fetch GET 200 https://registry.npmjs.org/@babel%2fruntime 351ms (cache miss)
npm http fetch GET 200 https://registry.npmjs.org/parse-node-version 143ms (cache miss)
npm http fetch GET 200 https://registry.npmjs.org/mime 161ms (cache miss)
npm http fetch GET 200 https://registry.npmjs.org/needle 152ms (cache miss)
npm http fetch GET 200 https://registry.npmjs.org/errno 206ms (cache miss)
npm http fetch GET 200 https://registry.npmjs.org/make-dir 135ms (cache miss)
npm http fetch GET 200 https://registry.npmjs.org/source-map 143ms (cache revalidated)
npm http fetch GET 200 https://registry.npmjs.org/graceful-fs 148ms (cache revalidated)
npm http fetch GET 200 https://registry.npmjs.org/probe-image-size 138ms (cache miss)
npm http fetch GET 200 https://registry.npmjs.org/draft-js 143ms (cache revalidated)
npm http fetch GET 200 https://registry.npmjs.org/react-transition-group 151ms (cache miss)
npm http fetch GET 200 https://registry.npmjs.org/loose-envify 139ms (cache revalidated)
npm http fetch GET 200 https://registry.npmjs.org/invariant 149ms (cache miss)
npm http fetch GET 200 https://registry.npmjs.org/@babel%2fruntime 146ms (cache revalidated)
npm http fetch GET 200 https://registry.npmjs.org/react-is 267ms (cache miss)
npm http fetch GET 200 https://registry.npmjs.org/mobx-react-lite 179ms (cache miss)
npm http fetch GET 200 https://registry.npmjs.org/es6-symbol 142ms (cache miss)
npm http fetch GET 200 https://registry.npmjs.org/thenby 161ms (cache miss)
npm http fetch GET 200 https://registry.npmjs.org/picocolors 151ms (cache revalidated)
npm http fetch GET 200 https://registry.npmjs.org/side-channel 138ms (cache miss)
npm http fetch GET 200 https://registry.npmjs.org/es-define-property 139ms (cache miss)
npm http fetch GET 200 https://registry.npmjs.org/loader-utils 141ms (cache revalidated)
npm http fetch GET 200 https://registry.npmjs.org/classnames 144ms (cache miss)
npm http fetch GET 200 https://registry.npmjs.org/rc-util 234ms (cache miss)
npm http fetch GET 200 https://registry.npmjs.org/@babel%2fruntime 144ms (cache revalidated)
npm http fetch GET 200 https://registry.npmjs.org/react-transition-group 157ms (cache revalidated)
npm http fetch GET 200 https://registry.npmjs.org/@react-dnd%2finvariant 157ms (cache miss)
npm http fetch GET 200 https://registry.npmjs.org/@react-dnd%2fshallowequal 153ms (cache miss)
npm http fetch GET 200 https://registry.npmjs.org/hoist-non-react-statics 144ms (cache miss)
npm http fetch GET 200 https://registry.npmjs.org/dnd-core 149ms (cache miss)
npm http fetch GET 200 https://registry.npmjs.org/dnd-core 221ms (cache miss)
npm http fetch GET 200 https://registry.npmjs.org/classnames 140ms (cache revalidated)
npm http fetch GET 200 https://registry.npmjs.org/draftjs-utils 193ms (cache miss)
npm http fetch GET 200 https://registry.npmjs.org/html-to-draftjs 196ms (cache miss)
npm http fetch GET 200 https://registry.npmjs.org/linkify-it 228ms (cache miss)
npm http fetch GET 200 https://registry.npmjs.org/attr-accept 138ms (cache miss)
npm http fetch GET 200 https://registry.npmjs.org/file-selector 211ms (cache miss)
npm http fetch GET 200 https://registry.npmjs.org/clsx 143ms (cache miss)
npm http fetch GET 200 https://registry.npmjs.org/fast-equals 145ms (cache miss)
npm http fetch GET 200 https://registry.npmjs.org/react-draggable 159ms (cache miss)
npm http fetch GET 200 https://registry.npmjs.org/react-resizable 148ms (cache miss)
npm http fetch GET 200 https://registry.npmjs.org/resize-observer-polyfill 138ms (cache miss)
npm http fetch GET 200 https://registry.npmjs.org/fast-levenshtein 144ms (cache miss)
npm http fetch GET 200 https://registry.npmjs.org/highcharts 192ms (cache revalidated)
npm http fetch GET 200 https://registry.npmjs.org/global 184ms (cache miss)
npm http fetch GET 200 https://registry.npmjs.org/hoist-non-react-statics 147ms (cache revalidated)
npm http fetch GET 200 https://registry.npmjs.org/shallowequal 136ms (cache miss)
npm http fetch GET 200 https://registry.npmjs.org/react-lifecycles-compat 200ms (cache miss)
npm http fetch GET 200 https://registry.npmjs.org/@babel%2fruntime 157ms (cache revalidated)
npm http fetch GET 200 https://registry.npmjs.org/resize-observer-polyfill 140ms (cache revalidated)
npm http fetch GET 200 https://registry.npmjs.org/get-node-dimensions 190ms (cache miss)
npm http fetch GET 200 https://registry.npmjs.org/shallow-equal 146ms (cache miss)
npm http fetch GET 200 https://registry.npmjs.org/smart-mixin 219ms (cache miss)
npm http fetch GET 200 https://registry.npmjs.org/matchmediaquery 185ms (cache miss)
npm http fetch GET 200 https://registry.npmjs.org/hyphenate-style-name 164ms (cache miss)
npm http fetch GET 200 https://registry.npmjs.org/lodash.throttle 149ms (cache miss)
npm http fetch GET 200 https://registry.npmjs.org/react-resize-detector 204ms (cache miss)
npm http fetch GET 200 https://registry.npmjs.org/@remix-run%2frouter 178ms (cache miss)
npm http fetch GET 200 https://registry.npmjs.org/@remix-run%2frouter 202ms (cache miss)
npm http fetch GET 200 https://registry.npmjs.org/react-input-autosize 194ms (cache miss)
npm http fetch GET 200 https://registry.npmjs.org/tiny-invariant 147ms (cache miss)
npm http fetch GET 200 https://registry.npmjs.org/@floating-ui%2fdom 185ms (cache miss)
npm http fetch GET 200 https://registry.npmjs.org/clsx 137ms (cache revalidated)
npm http fetch GET 200 https://registry.npmjs.org/dom-helpers 153ms (cache miss)
npm http fetch GET 200 https://registry.npmjs.org/@babel%2fruntime 150ms (cache revalidated)
npm http fetch GET 200 https://registry.npmjs.org/@babel%2fruntime 154ms (cache revalidated)
npm http fetch GET 200 https://registry.npmjs.org/consolidated-events 208ms (cache miss)
npm http fetch GET 200 https://registry.npmjs.org/react-is 164ms (cache revalidated)
npm http fetch GET 200 https://registry.npmjs.org/meow 175ms (cache miss)
npm http fetch GET 200 https://registry.npmjs.org/table 152ms (cache miss)
npm http fetch GET 200 https://registry.npmjs.org/globby 141ms (cache miss)
npm http fetch GET 200 https://registry.npmjs.org/colord 167ms (cache miss)
npm http fetch GET 200 https://registry.npmjs.org/ignore 143ms (cache revalidated)
npm http fetch GET 200 https://registry.npmjs.org/css-tree 141ms (cache miss)
npm http fetch GET 200 https://registry.npmjs.org/globjoin 147ms (cache miss)
npm http fetch GET 200 https://registry.npmjs.org/svg-tags 146ms (cache miss)
npm http fetch GET 200 https://registry.npmjs.org/fast-glob 143ms (cache miss)
npm http fetch GET 200 https://registry.npmjs.org/html-tags 141ms (cache miss)
npm http fetch GET 200 https://registry.npmjs.org/micromatch 154ms (cache miss)
npm http fetch GET 200 https://registry.npmjs.org/cosmiconfig 141ms (cache miss)
npm http fetch GET 200 https://registry.npmjs.org/resolve-from 140ms (cache miss)
npm http fetch GET 200 https://registry.npmjs.org/string-width 144ms (cache miss)
npm http fetch GET 200 https://registry.npmjs.org/balanced-match 138ms (cache miss)
npm http fetch GET 200 https://registry.npmjs.org/global-modules 140ms (cache miss)
npm http fetch GET 200 https://registry.npmjs.org/normalize-path 147ms (cache miss)
npm http fetch GET 200 https://registry.npmjs.org/is-plain-object 135ms (cache miss)
npm http fetch GET 200 https://registry.npmjs.org/file-entry-cache 139ms (cache revalidated)
npm http fetch GET 200 https://registry.npmjs.org/mathml-tag-names 148ms (cache miss)
npm http fetch GET 200 https://registry.npmjs.org/write-file-atomic 135ms (cache miss)
npm http fetch GET 200 https://registry.npmjs.org/css-functions-list 153ms (cache miss)
npm http fetch GET 200 https://registry.npmjs.org/postcss-safe-parser 137ms (cache miss)
npm http fetch GET 200 https://registry.npmjs.org/fastest-levenshtein 176ms (cache miss)
npm http fetch GET 200 https://registry.npmjs.org/supports-hyperlinks 149ms (cache miss)
npm http fetch GET 200 https://registry.npmjs.org/known-css-properties 140ms (cache miss)
npm http fetch GET 200 https://registry.npmjs.org/@csstools%2fcss-tokenizer 161ms (cache miss)
npm http fetch GET 200 https://registry.npmjs.org/postcss-selector-parser 163ms (cache miss)
npm http fetch GET 200 https://registry.npmjs.org/@csstools%2fselector-specificity 151ms (cache miss)
npm http fetch GET 200 https://registry.npmjs.org/@csstools%2fcss-parser-algorithms 161ms (cache miss)
npm http fetch GET 200 https://registry.npmjs.org/postcss-resolve-nested-selector 139ms (cache miss)
npm http fetch GET 200 https://registry.npmjs.org/@dual-bundle%2fimport-meta-resolve 209ms (cache miss)
npm http fetch GET 200 https://registry.npmjs.org/@csstools%2fcss-syntax-patches-for-csstree 160ms (cache miss)
npm http fetch GET 200 https://registry.npmjs.org/@csstools%2fmedia-query-list-parser 177ms (cache miss)
npm http fetch GET 200 https://registry.npmjs.org/mime 138ms (cache revalidated)
npm http fetch GET 200 https://registry.npmjs.org/methods 137ms (cache revalidated)
npm http fetch GET 200 https://registry.npmjs.org/cookiejar 144ms (cache miss)
npm http fetch GET 200 https://registry.npmjs.org/form-data 142ms (cache miss)
npm http fetch GET 200 https://registry.npmjs.org/formidable 165ms (cache miss)
npm http fetch GET 200 https://registry.npmjs.org/component-emitter 153ms (cache miss)
npm http fetch GET 200 https://registry.npmjs.org/fast-safe-stringify 139ms (cache miss)
npm http fetch GET 200 https://registry.npmjs.org/sirv 147ms (cache miss)
npm http fetch GET 200 https://registry.npmjs.org/ws 182ms (cache miss)
npm http fetch GET 200 https://registry.npmjs.org/acorn 147ms (cache miss)
npm http fetch GET 200 https://registry.npmjs.org/opener 147ms (cache miss)
npm http fetch GET 200 https://registry.npmjs.org/debounce 141ms (cache miss)
npm http fetch GET 200 https://registry.npmjs.org/commander 149ms (cache miss)
npm http fetch GET 200 https://registry.npmjs.org/gzip-size 148ms (cache miss)
npm http fetch GET 200 https://registry.npmjs.org/acorn-walk 151ms (cache miss)
npm http fetch GET 200 https://registry.npmjs.org/html-escaper 143ms (cache miss)
npm http fetch GET 200 https://registry.npmjs.org/@discoveryjs%2fjson-ext 157ms (cache miss)
npm http fetch GET 200 https://registry.npmjs.org/strip-ansi 138ms (cache revalidated)
npm http fetch GET 200 https://registry.npmjs.org/html-entities 139ms (cache miss)
npm http fetch GET 200 https://registry.npmjs.org/ansi-html-community 146ms (cache miss)
npm http fetch GET 200 https://registry.npmjs.org/node-notifier 155ms (cache miss)
npm http fetch GET 200 https://registry.npmjs.org/@types%2fnode-notifier 250ms (cache miss)
npm http fetch GET 200 https://registry.npmjs.org/@babel%2fcore 153ms (cache revalidated)
npm http fetch GET 200 https://registry.npmjs.org/js-tokens 146ms (cache miss)
npm http fetch GET 200 https://registry.npmjs.org/@babel%2fhelper-validator-identifier 150ms (cache miss)
npm http fetch GET 200 https://registry.npmjs.org/jsesc 152ms (cache miss)
npm http fetch GET 200 https://registry.npmjs.org/@jridgewell%2ftrace-mapping 150ms (cache miss)
npm http fetch GET 200 https://registry.npmjs.org/@jridgewell%2fgen-mapping 159ms (cache miss)
npm http fetch GET 200 https://registry.npmjs.org/lru-cache 156ms (cache miss)
npm http fetch GET 200 https://registry.npmjs.org/@babel%2fcompat-data 155ms (cache miss)
npm http fetch GET 200 https://registry.npmjs.org/@babel%2fhelper-validator-option 156ms (cache miss)
npm http fetch GET 200 https://registry.npmjs.org/@babel%2fhelper-module-imports 175ms (cache revalidated)
npm http fetch GET 200 https://registry.npmjs.org/@babel%2fhelper-globals 144ms (cache miss)
npm http fetch GET 200 https://registry.npmjs.org/@babel%2fhelper-string-parser 149ms (cache miss)
npm http fetch GET 200 https://registry.npmjs.org/@jridgewell%2fgen-mapping 158ms (cache revalidated)
npm http fetch GET 200 https://registry.npmjs.org/@jridgewell%2ftrace-mapping 150ms (cache revalidated)
npm http fetch GET 200 https://registry.npmjs.org/ms 147ms (cache miss)
npm http fetch GET 200 https://registry.npmjs.org/@jridgewell%2fresolve-uri 149ms (cache miss)
npm http fetch GET 200 https://registry.npmjs.org/@jridgewell%2fsourcemap-codec 156ms (cache miss)
npm http fetch GET 200 https://registry.npmjs.org/@jridgewell%2fsourcemap-codec 157ms (cache miss)
npm http fetch GET 200 https://registry.npmjs.org/caniuse-lite 142ms (cache revalidated)
npm http fetch GET 200 https://registry.npmjs.org/node-releases 162ms (cache miss)
npm http fetch GET 200 https://registry.npmjs.org/electron-to-chromium 240ms (cache miss)
npm http fetch GET 200 https://registry.npmjs.org/update-browserslist-db 146ms (cache miss)
npm http fetch GET 200 https://registry.npmjs.org/baseline-browser-mapping 152ms (cache miss)
npm http fetch GET 200 https://registry.npmjs.org/yallist 147ms (cache miss)
npm http fetch GET 200 https://registry.npmjs.org/js-tokens 138ms (cache revalidated)
npm http fetch GET 200 https://registry.npmjs.org/jsesc 149ms (cache revalidated)
npm http fetch GET 200 https://registry.npmjs.org/detect-indent 157ms (cache miss)
npm http fetch GET 200 https://registry.npmjs.org/trim-right 137ms (cache miss)
npm http fetch GET 200 https://registry.npmjs.org/home-or-tmp 144ms (cache miss)
npm http fetch GET 200 https://registry.npmjs.org/mkdirp 153ms (cache miss)
npm http fetch GET 200 https://registry.npmjs.org/source-map-support 141ms (cache miss)
npm http fetch GET 200 https://registry.npmjs.org/globals 146ms (cache revalidated)
npm http fetch GET 200 https://registry.npmjs.org/invariant 143ms (cache revalidated)
npm http fetch GET 200 https://registry.npmjs.org/to-fast-properties 137ms (cache miss)
npm http fetch GET 200 https://registry.npmjs.org/ms 153ms (cache revalidated)
npm http fetch GET 200 https://registry.npmjs.org/brace-expansion 162ms (cache miss)
npm http fetch GET 200 https://registry.npmjs.org/has-ansi 137ms (cache miss)
npm http fetch GET 200 https://registry.npmjs.org/ansi-styles 150ms (cache miss)
npm http fetch GET 200 https://registry.npmjs.org/supports-color 152ms (cache miss)
npm http fetch GET 200 https://registry.npmjs.org/escape-string-regexp 140ms (cache revalidated)
npm http fetch GET 200 https://registry.npmjs.org/supports-preserve-symlinks-flag 138ms (cache miss)
npm http fetch GET 200 https://registry.npmjs.org/es-errors 144ms (cache miss)
npm http fetch GET 200 https://registry.npmjs.org/path-parse 148ms (cache miss)
npm http fetch GET 200 https://registry.npmjs.org/repeating 138ms (cache miss)
npm http fetch GET 200 https://registry.npmjs.org/ajv 138ms (cache revalidated)
npm http fetch GET 200 https://registry.npmjs.org/common-path-prefix 149ms (cache miss)
npm http fetch GET 200 https://registry.npmjs.org/pkg-dir 150ms (cache miss)
npm http fetch GET 200 https://registry.npmjs.org/ajv-formats 142ms (cache miss)
npm http fetch GET 200 https://registry.npmjs.org/ajv-keywords 158ms (cache miss)
npm http fetch GET 200 https://registry.npmjs.org/inflight 138ms (cache miss)
npm http fetch GET 200 https://registry.npmjs.org/inherits 146ms (cache miss)
npm http fetch GET 200 https://registry.npmjs.org/once 147ms (cache miss)
npm http fetch GET 200 https://registry.npmjs.org/fs.realpath 136ms (cache miss)
npm http fetch GET 200 https://registry.npmjs.org/find-up 138ms (cache revalidated)
npm http fetch GET 200 https://registry.npmjs.org/minipass 145ms (cache revalidated)
npm http fetch GET 200 https://registry.npmjs.org/path-scurry 149ms (cache revalidated)
npm http fetch GET 200 https://registry.npmjs.org/babel-helper-optimise-call-expression 140ms (cache miss)
npm http fetch GET 200 https://registry.npmjs.org/babel-helper-replace-supers 148ms (cache miss)
npm http fetch GET 200 https://registry.npmjs.org/babel-helper-function-name 152ms (cache miss)
npm http fetch GET 200 https://registry.npmjs.org/babel-helper-define-map 139ms (cache miss)
npm http fetch GET 200 https://registry.npmjs.org/babel-helper-function-name 148ms (cache miss)
npm http fetch GET 200 https://registry.npmjs.org/babel-plugin-transform-strict-mode 148ms (cache miss)
npm http fetch GET 200 https://registry.npmjs.org/babel-helper-hoist-variables 140ms (cache miss)
npm http fetch GET 200 https://registry.npmjs.org/babel-helper-get-function-arity 143ms (cache miss)
npm http fetch GET 200 https://registry.npmjs.org/babel-helper-call-delegate 150ms (cache miss)
npm http fetch GET 200 https://registry.npmjs.org/babel-helper-regex 145ms (cache miss)
npm http fetch GET 200 https://registry.npmjs.org/babel-helper-regex 145ms (cache miss)
npm http fetch GET 200 https://registry.npmjs.org/regexpu-core 153ms (cache miss)
npm http fetch GET 200 https://registry.npmjs.org/regenerator-transform 139ms (cache miss)
npm http fetch GET 200 https://registry.npmjs.org/regjsparser 140ms (cache miss)
npm http fetch GET 200 https://registry.npmjs.org/regjsgen 145ms (cache miss)
npm http fetch GET 200 https://registry.npmjs.org/regenerate 150ms (cache miss)
npm http fetch GET 200 https://registry.npmjs.org/babel-helper-builder-react-jsx 137ms (cache miss)
npm http fetch GET 200 https://registry.npmjs.org/babel-plugin-transform-flow-strip-types 148ms (cache miss)
npm http fetch GET 200 https://registry.npmjs.org/babel-plugin-syntax-flow 151ms (cache miss)
npm http fetch GET 200 https://registry.npmjs.org/react 143ms (cache revalidated)
npm http fetch GET 200 https://registry.npmjs.org/react-dom 177ms (cache revalidated)
npm http fetch GET 200 https://registry.npmjs.org/error-stack-parser 142ms (cache miss)
npm http fetch GET 200 https://registry.npmjs.org/react-proxy 211ms (cache miss)
npm http fetch GET 200 https://registry.npmjs.org/sourcemapped-stacktrace 295ms (cache miss)
npm http fetch GET 200 https://registry.npmjs.org/scheduler 158ms (cache revalidated)
npm http fetch GET 200 https://registry.npmjs.org/babel-preset-stage-3 140ms (cache miss)
npm http fetch GET 200 https://registry.npmjs.org/babel-plugin-syntax-class-constructor-call 200ms (cache miss)
npm http fetch GET 200 https://registry.npmjs.org/babel-plugin-transform-decorators 139ms (cache miss)
npm http fetch GET 200 https://registry.npmjs.org/babel-plugin-syntax-export-extensions 282ms (cache miss)
npm http fetch GET 200 https://registry.npmjs.org/babel-plugin-syntax-dynamic-import 145ms (cache miss)
npm http fetch GET 200 https://registry.npmjs.org/babel-plugin-transform-class-properties 145ms (cache miss)
npm http fetch GET 200 https://registry.npmjs.org/babel-plugin-syntax-trailing-function-commas 137ms (cache miss)
npm http fetch GET 200 https://registry.npmjs.org/babel-plugin-syntax-class-properties 151ms (cache miss)
npm http fetch GET 200 https://registry.npmjs.org/babel-helper-explode-class 151ms (cache miss)
npm http fetch GET 200 https://registry.npmjs.org/babel-plugin-transform-async-generator-functions 136ms (cache miss)
npm http fetch GET 200 https://registry.npmjs.org/babel-plugin-transform-exponentiation-operator 143ms (cache miss)
npm http fetch GET 200 https://registry.npmjs.org/babel-plugin-transform-async-to-generator 148ms (cache miss)
npm http fetch GET 200 https://registry.npmjs.org/babel-plugin-transform-object-rest-spread 136ms (cache miss)
npm http fetch GET 200 https://registry.npmjs.org/babel-helper-bindify-decorators 148ms (cache miss)
npm http fetch GET 200 https://registry.npmjs.org/babel-plugin-syntax-async-generators 138ms (cache miss)
npm http fetch GET 200 https://registry.npmjs.org/babel-helper-remap-async-to-generator 151ms (cache miss)
npm http fetch GET 200 https://registry.npmjs.org/babel-helper-remap-async-to-generator 154ms (cache miss)
npm http fetch GET 200 https://registry.npmjs.org/babel-plugin-syntax-async-functions 138ms (cache miss)
npm http fetch GET 200 https://registry.npmjs.org/babel-plugin-syntax-exponentiation-operator 143ms (cache miss)
npm http fetch GET 200 https://registry.npmjs.org/babel-helper-builder-binary-assignment-operator-visitor 204ms (cache miss)
npm http fetch GET 200 https://registry.npmjs.org/babel-plugin-syntax-object-rest-spread 137ms (cache miss)
npm http fetch GET 200 https://registry.npmjs.org/babel-helper-explode-assignable-expression 145ms (cache miss)
npm http fetch GET 200 https://registry.npmjs.org/os-tmpdir 141ms (cache miss)
npm http fetch GET 200 https://registry.npmjs.org/os-homedir 147ms (cache miss)
npm http fetch GET 200 https://registry.npmjs.org/escalade 147ms (cache miss)
npm http fetch GET 200 https://registry.npmjs.org/ansi-regex 138ms (cache miss)
npm http fetch GET 200 https://registry.npmjs.org/ansi-regex 145ms (cache miss)
npm http fetch GET 200 https://registry.npmjs.org/p-map 140ms (cache miss)
npm http fetch GET 200 https://registry.npmjs.org/globby 147ms (cache revalidated)
npm http fetch GET 200 https://registry.npmjs.org/pify 150ms (cache miss)
npm http fetch GET 200 https://registry.npmjs.org/rimraf 144ms (cache miss)
npm http fetch GET 200 https://registry.npmjs.org/is-path-cwd 139ms (cache miss)
npm http fetch GET 200 https://registry.npmjs.org/@types%2fglob 153ms (cache miss)
npm http fetch GET 200 https://registry.npmjs.org/is-path-in-cwd 138ms (cache miss)
npm http fetch GET 200 https://registry.npmjs.org/postcss-selector-parser 141ms (cache revalidated)
npm http fetch GET 200 https://registry.npmjs.org/postcss-selector-parser 148ms (cache revalidated)
npm http fetch GET 200 https://registry.npmjs.org/postcss-calc 146ms (cache miss)
npm http fetch GET 200 https://registry.npmjs.org/cssnano-utils 151ms (cache miss)
npm http fetch GET 200 https://registry.npmjs.org/postcss-svgo 171ms (cache miss)
npm http fetch GET 200 https://registry.npmjs.org/postcss-colormin 144ms (cache miss)
npm http fetch GET 200 https://registry.npmjs.org/postcss-merge-rules 151ms (cache miss)
npm http fetch GET 200 https://registry.npmjs.org/postcss-discard-empty 157ms (cache miss)
npm http fetch GET 200 https://registry.npmjs.org/postcss-minify-params 141ms (cache miss)
npm http fetch GET 200 https://registry.npmjs.org/postcss-normalize-url 148ms (cache miss)
npm http fetch GET 200 https://registry.npmjs.org/css-declaration-sorter 165ms (cache miss)
npm http fetch GET 200 https://registry.npmjs.org/postcss-convert-values 145ms (cache miss)
npm http fetch GET 200 https://registry.npmjs.org/postcss-merge-longhand 149ms (cache miss)
npm http fetch GET 200 https://registry.npmjs.org/postcss-ordered-values 159ms (cache miss)
npm http fetch GET 200 https://registry.npmjs.org/postcss-reduce-initial 142ms (cache miss)
npm http fetch GET 200 https://registry.npmjs.org/postcss-discard-comments 152ms (cache miss)
npm http fetch GET 200 https://registry.npmjs.org/postcss-minify-gradients 156ms (cache miss)
npm http fetch GET 200 https://registry.npmjs.org/postcss-minify-selectors 162ms (cache miss)
npm http fetch GET 200 https://registry.npmjs.org/postcss-normalize-string 156ms (cache miss)
npm http fetch GET 200 https://registry.npmjs.org/postcss-unique-selectors 156ms (cache miss)
npm http fetch GET 200 https://registry.npmjs.org/postcss-normalize-charset 142ms (cache miss)
npm http fetch GET 200 https://registry.npmjs.org/postcss-normalize-unicode 148ms (cache miss)
npm http fetch GET 200 https://registry.npmjs.org/postcss-reduce-transforms 161ms (cache miss)
npm http fetch GET 200 https://registry.npmjs.org/postcss-discard-duplicates 145ms (cache miss)
npm http fetch GET 200 https://registry.npmjs.org/postcss-discard-overridden 147ms (cache miss)
npm http fetch GET 200 https://registry.npmjs.org/postcss-minify-font-values 160ms (cache miss)
npm http fetch GET 200 https://registry.npmjs.org/postcss-normalize-positions 139ms (cache miss)
npm http fetch GET 200 https://registry.npmjs.org/postcss-normalize-whitespace 147ms (cache miss)
npm http fetch GET 200 https://registry.npmjs.org/postcss-normalize-repeat-style 163ms (cache miss)
npm http fetch GET 200 https://registry.npmjs.org/postcss-normalize-display-values 142ms (cache miss)
npm http fetch GET 200 https://registry.npmjs.org/postcss-normalize-timing-functions 150ms (cache miss)
npm http fetch GET 200 https://registry.npmjs.org/caniuse-api 142ms (cache miss)
npm http fetch GET 200 https://registry.npmjs.org/caniuse-api 145ms (cache miss)
npm http fetch GET 200 https://registry.npmjs.org/stylehacks 157ms (cache miss)
npm http fetch GET 200 https://registry.npmjs.org/svgo 147ms (cache miss)
npm http fetch GET 200 https://registry.npmjs.org/pify 149ms (cache revalidated)
npm http fetch GET 200 https://registry.npmjs.org/@types%2fminimatch 165ms (cache miss)
npm http fetch GET 200 https://registry.npmjs.org/array-union 136ms (cache miss)
npm http fetch GET 200 https://registry.npmjs.org/pinkie-promise 141ms (cache miss)
npm http fetch GET 200 https://registry.npmjs.org/@types%2fnode 323ms (cache miss)
npm http fetch GET 200 https://registry.npmjs.org/is-path-inside 134ms (cache revalidated)
npm http fetch GET 200 https://registry.npmjs.org/undici-types 151ms (cache miss)
npm http fetch GET 200 https://registry.npmjs.org/is-finite 141ms (cache miss)
npm http fetch GET 200 https://registry.npmjs.org/promise 142ms (cache miss)
npm http fetch GET 200 https://registry.npmjs.org/setimmediate 145ms (cache miss)
npm http fetch GET 200 https://registry.npmjs.org/cross-fetch 149ms (cache miss)
npm http fetch GET 200 https://registry.npmjs.org/fbjs-css-vars 142ms (cache miss)
npm http fetch GET 200 https://registry.npmjs.org/ua-parser-js 153ms (cache miss)
npm http fetch GET 200 https://registry.npmjs.org/async 141ms (cache revalidated)
npm http fetch GET 200 https://registry.npmjs.org/filelist 146ms (cache miss)
npm http fetch GET 200 https://registry.npmjs.org/eslint 139ms (cache revalidated)
npm http fetch GET 200 https://registry.npmjs.org/espree 139ms (cache revalidated)
npm http fetch GET 200 https://registry.npmjs.org/import-fresh 147ms (cache miss)
npm http fetch GET 200 https://registry.npmjs.org/strip-json-comments 147ms (cache miss)
npm http fetch GET 200 https://registry.npmjs.org/fastq 147ms (cache miss)
npm http fetch GET 200 https://registry.npmjs.org/@humanwhocodes%2fobject-schema 162ms (cache miss)
npm http fetch GET 200 https://registry.npmjs.org/@nodelib%2ffs.scandir 160ms (cache miss)
npm http fetch GET 200 https://registry.npmjs.org/fast-deep-equal 137ms (cache revalidated)
npm http fetch GET 200 https://registry.npmjs.org/uri-js 150ms (cache miss)
npm http fetch GET 200 https://registry.npmjs.org/json-schema-traverse 141ms (cache miss)
npm http fetch GET 200 https://registry.npmjs.org/ansi-styles 134ms (cache revalidated)
npm http fetch GET 200 https://registry.npmjs.org/fast-json-stable-stringify 148ms (cache miss)
npm http fetch GET 200 https://registry.npmjs.org/supports-color 148ms (cache revalidated)
npm http fetch GET 200 https://registry.npmjs.org/which 137ms (cache miss)
npm http fetch GET 200 https://registry.npmjs.org/shebang-command 143ms (cache miss)
npm http fetch GET 200 https://registry.npmjs.org/path-key 153ms (cache miss)
npm http fetch GET 200 https://registry.npmjs.org/esrecurse 139ms (cache miss)
npm http fetch GET 200 https://registry.npmjs.org/estraverse 141ms (cache revalidated)
npm http fetch GET 200 https://registry.npmjs.org/acorn 144ms (cache revalidated)
npm http fetch GET 200 https://registry.npmjs.org/acorn-jsx 137ms (cache miss)
npm http fetch GET 200 https://registry.npmjs.org/flat-cache 150ms (cache miss)
npm http fetch GET 200 https://registry.npmjs.org/locate-path 150ms (cache miss)
npm http fetch GET 200 https://registry.npmjs.org/path-exists 134ms (cache miss)
npm http fetch GET 200 https://registry.npmjs.org/is-extglob 143ms (cache miss)
npm http fetch GET 200 https://registry.npmjs.org/type-fest 211ms (cache miss)
npm http fetch GET 200 https://registry.npmjs.org/argparse 137ms (cache miss)
npm http fetch GET 200 https://registry.npmjs.org/prelude-ls 145ms (cache miss)
npm http fetch GET 200 https://registry.npmjs.org/type-check 143ms (cache miss)
npm http fetch GET 200 https://registry.npmjs.org/prelude-ls 134ms (cache miss)
npm http fetch GET 200 https://registry.npmjs.org/deep-is 141ms (cache miss)
npm http fetch GET 200 https://registry.npmjs.org/type-check 139ms (cache revalidated)
npm http fetch GET 200 https://registry.npmjs.org/word-wrap 148ms (cache miss)
npm http fetch GET 200 https://registry.npmjs.org/ansi-regex 145ms (cache revalidated)
npm http fetch GET 200 https://registry.npmjs.org/parent-module 139ms (cache miss)
npm http fetch GET 200 https://registry.npmjs.org/resolve-from 142ms (cache revalidated)
npm http fetch GET 200 https://registry.npmjs.org/reusify 145ms (cache miss)
npm http fetch GET 200 https://registry.npmjs.org/@nodelib%2ffs.stat 146ms (cache miss)
npm http fetch GET 200 https://registry.npmjs.org/run-parallel 147ms (cache miss)
npm http fetch GET 200 https://registry.npmjs.org/queue-microtask 148ms (cache miss)
npm http fetch GET 200 https://registry.npmjs.org/punycode 147ms (cache miss)
npm http fetch GET 200 https://registry.npmjs.org/shebang-regex 138ms (cache miss)
npm http fetch GET 200 https://registry.npmjs.org/isexe 152ms (cache miss)
npm http fetch GET 200 https://registry.npmjs.org/eslint 142ms (cache revalidated)
npm http fetch GET 200 https://registry.npmjs.org/eslint-plugin-import 160ms (cache revalidated)
npm http fetch GET 200 https://registry.npmjs.org/call-bound 138ms (cache miss)
npm http fetch GET 200 https://registry.npmjs.org/call-bind 146ms (cache miss)
npm http fetch GET 200 https://registry.npmjs.org/confusing-browser-globals 151ms (cache miss)
npm http fetch GET 200 https://registry.npmjs.org/define-properties 139ms (cache miss)
npm http fetch GET 200 https://registry.npmjs.org/es-object-atoms 145ms (cache miss)
npm http fetch GET 200 https://registry.npmjs.org/has-symbols 147ms (cache miss)
npm http fetch GET 200 https://registry.npmjs.org/call-bound 141ms (cache revalidated)
npm http fetch GET 200 https://registry.npmjs.org/es-object-atoms 148ms (cache revalidated)
npm http fetch GET 200 https://registry.npmjs.org/object-keys 252ms (cache miss)
npm http fetch GET 200 https://registry.npmjs.org/tapable 136ms (cache revalidated)
npm http fetch GET 200 https://registry.npmjs.org/function-bind 146ms (cache miss)
npm http fetch GET 200 https://registry.npmjs.org/memory-fs 148ms (cache miss)
npm http fetch GET 200 https://registry.npmjs.org/gopd 137ms (cache miss)
npm http fetch GET 200 https://registry.npmjs.org/has-tostringtag 143ms (cache miss)
npm http fetch GET 200 https://registry.npmjs.org/node-exports-info 227ms (cache miss)
npm http fetch GET 200 https://registry.npmjs.org/is-string 136ms (cache miss)
npm http fetch GET 200 https://registry.npmjs.org/call-bind 140ms (cache revalidated)
npm http fetch GET 200 https://registry.npmjs.org/es-abstract 151ms (cache miss)
npm http fetch GET 200 https://registry.npmjs.org/math-intrinsics 137ms (cache miss)
npm http fetch GET 200 https://registry.npmjs.org/es-shim-unscopables 141ms (cache miss)
npm http fetch GET 200 https://registry.npmjs.org/es-abstract 196ms (cache revalidated)
npm http fetch GET 200 https://registry.npmjs.org/es-shim-unscopables 137ms (cache miss)
npm http fetch GET 200 https://registry.npmjs.org/es-abstract 148ms (cache revalidated)
npm http fetch GET 200 https://registry.npmjs.org/es-shim-unscopables 146ms (cache revalidated)
npm http fetch GET 200 https://registry.npmjs.org/es-shim-unscopables 135ms (cache revalidated)
npm http fetch GET 200 https://registry.npmjs.org/strip-bom 150ms (cache miss)
npm http fetch GET 200 https://registry.npmjs.org/@types%2fjson5 153ms (cache miss)
npm http fetch GET 200 https://registry.npmjs.org/call-bind-apply-helpers 144ms (cache miss)
npm http fetch GET 200 https://registry.npmjs.org/set-function-length 146ms (cache miss)
npm http fetch GET 200 https://registry.npmjs.org/get-intrinsic 154ms (cache miss)
npm http fetch GET 200 https://registry.npmjs.org/get-intrinsic 142ms (cache miss)
npm http fetch GET 200 https://registry.npmjs.org/define-data-property 144ms (cache miss)
npm http fetch GET 200 https://registry.npmjs.org/has-property-descriptors 141ms (cache miss)
npm http fetch GET 200 https://registry.npmjs.org/array-buffer-byte-length 141ms (cache miss)
npm http fetch GET 200 https://registry.npmjs.org/arraybuffer.prototype.slice 147ms (cache miss)
npm http fetch GET 200 https://registry.npmjs.org/available-typed-arrays 143ms (cache miss)
npm http fetch GET 200 https://registry.npmjs.org/data-view-buffer 137ms (cache miss)
npm http fetch GET 200 https://registry.npmjs.org/data-view-byte-offset 139ms (cache miss)
npm http fetch GET 200 https://registry.npmjs.org/data-view-byte-length 149ms (cache miss)
npm http fetch GET 200 https://registry.npmjs.org/es-set-tostringtag 143ms (cache miss)
npm http fetch GET 200 https://registry.npmjs.org/es-to-primitive 142ms (cache miss)
npm http fetch GET 200 https://registry.npmjs.org/function.prototype.name 146ms (cache miss)
npm http fetch GET 200 https://registry.npmjs.org/get-proto 137ms (cache miss)
npm http fetch GET 200 https://registry.npmjs.org/get-symbol-description 138ms (cache miss)
npm http fetch GET 200 https://registry.npmjs.org/globalthis 145ms (cache miss)
npm http fetch GET 200 https://registry.npmjs.org/has-property-descriptors 138ms (cache revalidated)
npm http fetch GET 200 https://registry.npmjs.org/has-proto 143ms (cache miss)
npm http fetch GET 200 https://registry.npmjs.org/internal-slot 148ms (cache miss)
npm http fetch GET 200 https://registry.npmjs.org/is-array-buffer 136ms (cache miss)
npm http fetch GET 200 https://registry.npmjs.org/is-callable 148ms (cache miss)
npm http fetch GET 200 https://registry.npmjs.org/is-data-view 141ms (cache miss)
npm http fetch GET 200 https://registry.npmjs.org/is-negative-zero 137ms (cache miss)
npm http fetch GET 200 https://registry.npmjs.org/is-set 141ms (cache miss)
npm http fetch GET 200 https://registry.npmjs.org/is-shared-array-buffer 143ms (cache miss)
npm http fetch GET 200 https://registry.npmjs.org/is-typed-array 138ms (cache miss)
npm http fetch GET 200 https://registry.npmjs.org/is-weakref 144ms (cache miss)
npm http fetch GET 200 https://registry.npmjs.org/object-inspect 152ms (cache miss)
npm http fetch GET 200 https://registry.npmjs.org/own-keys 135ms (cache miss)
npm http fetch GET 200 https://registry.npmjs.org/regexp.prototype.flags 158ms (cache miss)
npm http fetch GET 200 https://registry.npmjs.org/safe-array-concat 145ms (cache miss)
npm http fetch GET 200 https://registry.npmjs.org/safe-push-apply 134ms (cache miss)
npm http fetch GET 200 https://registry.npmjs.org/safe-regex-test 142ms (cache revalidated)
npm http fetch GET 200 https://registry.npmjs.org/set-proto 146ms (cache miss)
npm http fetch GET 200 https://registry.npmjs.org/stop-iteration-iterator 133ms (cache miss)
npm http fetch GET 200 https://registry.npmjs.org/string.prototype.trim 153ms (cache miss)
npm http fetch GET 200 https://registry.npmjs.org/string.prototype.trimstart 146ms (cache miss)
npm http fetch GET 200 https://registry.npmjs.org/typed-array-buffer 135ms (cache miss)
npm http fetch GET 200 https://registry.npmjs.org/typed-array-byte-offset 144ms (cache miss)
npm http fetch GET 200 https://registry.npmjs.org/typed-array-length 139ms (cache miss)
npm http fetch GET 200 https://registry.npmjs.org/typed-array-byte-length 296ms (cache miss)
npm http fetch GET 200 https://registry.npmjs.org/unbox-primitive 144ms (cache miss)
npm http fetch GET 200 https://registry.npmjs.org/which-typed-array 138ms (cache miss)
npm http fetch GET 200 https://registry.npmjs.org/define-data-property 140ms (cache revalidated)
npm http fetch GET 200 https://registry.npmjs.org/gopd 147ms (cache revalidated)
npm http fetch GET 200 https://registry.npmjs.org/possible-typed-array-names 135ms (cache miss)
npm http fetch GET 200 https://registry.npmjs.org/is-array-buffer 141ms (cache revalidated)
npm http fetch GET 200 https://registry.npmjs.org/is-data-view 146ms (cache revalidated)
npm http fetch GET 200 https://registry.npmjs.org/is-symbol 138ms (cache miss)
npm http fetch GET 200 https://registry.npmjs.org/is-date-object 142ms (cache miss)
npm http fetch GET 200 https://registry.npmjs.org/es-abstract-get 148ms (cache miss)
npm http fetch GET 200 https://registry.npmjs.org/is-document.all 137ms (cache miss)
npm http fetch GET 200 https://registry.npmjs.org/functions-have-names 144ms (cache miss)
npm http fetch GET 200 https://registry.npmjs.org/dunder-proto 142ms (cache miss)
npm http fetch GET 200 https://registry.npmjs.org/dunder-proto 136ms (cache miss)
npm http fetch GET 200 https://registry.npmjs.org/side-channel 142ms (cache revalidated)
npm http fetch GET 200 https://registry.npmjs.org/is-typed-array 142ms (cache revalidated)
npm http fetch GET 200 https://registry.npmjs.org/which-typed-array 135ms (cache revalidated)
npm http fetch GET 200 https://registry.npmjs.org/set-function-name 148ms (cache miss)
npm http fetch GET 200 https://registry.npmjs.org/isarray 142ms (cache miss)
npm http fetch GET 200 https://registry.npmjs.org/isarray 135ms (cache miss)
npm http fetch GET 200 https://registry.npmjs.org/for-each 139ms (cache miss)
npm http fetch GET 200 https://registry.npmjs.org/for-each 147ms (cache miss)
npm http fetch GET 200 https://registry.npmjs.org/reflect.getprototypeof 137ms (cache miss)
npm http fetch GET 200 https://registry.npmjs.org/for-each 147ms (cache revalidated)
npm http fetch GET 200 https://registry.npmjs.org/possible-typed-array-names 160ms (cache revalidated)
npm http fetch GET 200 https://registry.npmjs.org/has-bigints 143ms (cache miss)
npm http fetch GET 200 https://registry.npmjs.org/which-boxed-primitive 150ms (cache miss)
npm http fetch GET 200 https://registry.npmjs.org/language-subtag-registry 145ms (cache miss)
npm http fetch GET 200 https://registry.npmjs.org/iterator.prototype 137ms (cache miss)
npm http fetch GET 200 https://registry.npmjs.org/bytes 141ms (cache miss)
npm http fetch GET 200 https://registry.npmjs.org/negotiator 148ms (cache miss)
npm http fetch GET 200 https://registry.npmjs.org/mime-types 157ms (cache miss)
npm http fetch GET 200 https://registry.npmjs.org/unpipe 136ms (cache miss)
npm http fetch GET 200 https://registry.npmjs.org/raw-body 140ms (cache revalidated)
npm http fetch GET 200 https://registry.npmjs.org/destroy 155ms (cache miss)
npm http fetch GET 200 https://registry.npmjs.org/iconv-lite 139ms (cache miss)
npm http fetch GET 200 https://registry.npmjs.org/http-errors 140ms (cache revalidated)
npm http fetch GET 200 https://registry.npmjs.org/content-type 161ms (cache revalidated)
npm http fetch GET 200 https://registry.npmjs.org/statuses 135ms (cache revalidated)
npm http fetch GET 200 https://registry.npmjs.org/inherits 167ms (cache revalidated)
npm http fetch GET 200 https://registry.npmjs.org/setprototypeof 148ms (cache revalidated)
npm http fetch GET 200 https://registry.npmjs.org/toidentifier 138ms (cache miss)
npm http fetch GET 200 https://registry.npmjs.org/ee-first 151ms (cache miss)
npm http fetch GET 200 https://registry.npmjs.org/forwarded 147ms (cache miss)
npm http fetch GET 200 https://registry.npmjs.org/ipaddr.js 138ms (cache miss)
npm http fetch GET 200 https://registry.npmjs.org/destroy 195ms (cache revalidated)
npm http fetch GET 200 https://registry.npmjs.org/media-typer 133ms (cache miss)
npm http fetch GET 200 https://registry.npmjs.org/mime-types 210ms (cache revalidated)
npm http fetch GET 200 https://registry.npmjs.org/mime-db 147ms (cache revalidated)
npm http fetch GET 200 https://registry.npmjs.org/safer-buffer 135ms (cache miss)
npm http fetch GET 200 https://registry.npmjs.org/asap 146ms (cache miss)
npm http fetch GET 200 https://registry.npmjs.org/node-fetch 173ms (cache miss)
npm http fetch GET 200 https://registry.npmjs.org/whatwg-url 144ms (cache miss)
npm http fetch GET 200 https://registry.npmjs.org/rimraf 139ms (cache revalidated)
npm http fetch GET 200 https://registry.npmjs.org/flatted 147ms (cache miss)
npm http fetch GET 200 https://registry.npmjs.org/keyv 158ms (cache miss)
npm http fetch GET 200 https://registry.npmjs.org/p-locate 137ms (cache miss)
npm http fetch GET 200 https://registry.npmjs.org/json-buffer 145ms (cache miss)
npm http fetch GET 200 https://registry.npmjs.org/@isaacs%2fcliui 147ms (cache miss)
npm http fetch GET 200 https://registry.npmjs.org/signal-exit 149ms (cache miss)
npm http fetch GET 200 https://registry.npmjs.org/@pkgjs%2fparseargs 158ms (cache miss)
npm http fetch GET 200 https://registry.npmjs.org/lru-cache 142ms (cache revalidated)
npm http fetch GET 200 https://registry.npmjs.org/brace-expansion 160ms (cache revalidated)
npm http fetch GET 200 https://registry.npmjs.org/array-uniq 146ms (cache revalidated)
npm http fetch GET 200 https://registry.npmjs.org/pinkie 149ms (cache miss)
npm http fetch GET 200 https://registry.npmjs.org/async-done 140ms (cache miss)
npm http fetch GET 200 https://registry.npmjs.org/chokidar 148ms (cache miss)
npm http fetch GET 200 https://registry.npmjs.org/anymatch 153ms (cache miss)
npm http fetch GET 200 https://registry.npmjs.org/is-negated-glob 137ms (cache miss)
npm http fetch GET 200 https://registry.npmjs.org/object.defaults 138ms (cache miss)
npm http fetch GET 200 https://registry.npmjs.org/just-debounce 144ms (cache miss)
npm http fetch GET 200 https://registry.npmjs.org/archy 137ms (cache miss)
npm http fetch GET 200 https://registry.npmjs.org/liftoff 145ms (cache miss)
npm http fetch GET 200 https://registry.npmjs.org/yargs 206ms (cache miss)
npm http fetch GET 200 https://registry.npmjs.org/v8flags 193ms (cache miss)
npm http fetch GET 200 https://registry.npmjs.org/isobject 171ms (cache miss)
npm http fetch GET 200 https://registry.npmjs.org/matchdep 139ms (cache miss)
npm http fetch GET 200 https://registry.npmjs.org/array-sort 140ms (cache miss)
npm http fetch GET 200 https://registry.npmjs.org/copy-props 149ms (cache miss)
npm http fetch GET 200 https://registry.npmjs.org/ansi-colors 150ms (cache miss)
npm http fetch GET 200 https://registry.npmjs.org/mute-stdout 138ms (cache miss)
npm http fetch GET 200 https://registry.npmjs.org/color-support 144ms (cache miss)
npm http fetch GET 200 https://registry.npmjs.org/concat-stream 144ms (cache miss)
npm http fetch GET 200 https://registry.npmjs.org/pretty-hrtime 137ms (cache miss)
npm http fetch GET 200 https://registry.npmjs.org/replace-homedir 146ms (cache miss)
npm http fetch GET 200 https://registry.npmjs.org/semver-greatest-satisfied-range 140ms (cache miss)
npm http fetch GET 200 https://registry.npmjs.org/arr-flatten 136ms (cache miss)
npm http fetch GET 200 https://registry.npmjs.org/arr-map 149ms (cache miss)
npm http fetch GET 200 https://registry.npmjs.org/bach 146ms (cache miss)
npm http fetch GET 200 https://registry.npmjs.org/collection-map 158ms (cache miss)
npm http fetch GET 200 https://registry.npmjs.org/es6-weak-map 144ms (cache miss)
npm http fetch GET 200 https://registry.npmjs.org/last-run 160ms (cache miss)
npm http fetch GET 200 https://registry.npmjs.org/object.defaults 137ms (cache revalidated)
npm http fetch GET 200 https://registry.npmjs.org/object.reduce 146ms (cache miss)
npm http fetch GET 200 https://registry.npmjs.org/undertaker-registry 142ms (cache miss)
npm http fetch GET 200 https://registry.npmjs.org/fast-levenshtein 137ms (cache revalidated)
npm http fetch GET 200 https://registry.npmjs.org/lead 143ms (cache miss)
npm http fetch GET 200 https://registry.npmjs.org/pumpify 142ms (cache miss)
npm http fetch GET 200 https://registry.npmjs.org/lazystream 139ms (cache miss)
npm http fetch GET 200 https://registry.npmjs.org/to-through 146ms (cache miss)
npm http fetch GET 200 https://registry.npmjs.org/glob-stream 146ms (cache miss)
npm http fetch GET 200 https://registry.npmjs.org/is-valid-glob 141ms (cache miss)
npm http fetch GET 200 https://registry.npmjs.org/resolve-options 148ms (cache miss)
npm http fetch GET 200 https://registry.npmjs.org/vinyl-sourcemap 142ms (cache miss)
npm http fetch GET 200 https://registry.npmjs.org/fs-mkdirp-stream 137ms (cache miss)
npm http fetch GET 200 https://registry.npmjs.org/remove-bom-buffer 150ms (cache miss)
npm http fetch GET 200 https://registry.npmjs.org/remove-bom-stream 140ms (cache miss)
npm http fetch GET 200 https://registry.npmjs.org/value-or-function 140ms (cache miss)
npm http fetch GET 200 https://registry.npmjs.org/normalize-path 140ms (cache revalidated)
npm http fetch GET 200 https://registry.npmjs.org/micromatch 145ms (cache revalidated)
npm http fetch GET 200 https://registry.npmjs.org/end-of-stream 148ms (cache miss)
npm http fetch GET 200 https://registry.npmjs.org/once 143ms (cache revalidated)
npm http fetch GET 200 https://registry.npmjs.org/stream-exhaust 144ms (cache miss)
npm http fetch GET 200 https://registry.npmjs.org/process-nextick-args 231ms (cache miss)
npm http fetch GET 200 https://registry.npmjs.org/upath 137ms (cache miss)
npm http fetch GET 200 https://registry.npmjs.org/braces 147ms (cache miss)
npm http fetch GET 200 https://registry.npmjs.org/readdirp 148ms (cache miss)
npm http fetch GET 200 https://registry.npmjs.org/async-each 137ms (cache miss)
npm http fetch GET 200 https://registry.npmjs.org/glob-parent 144ms (cache revalidated)
npm http fetch GET 200 https://registry.npmjs.org/is-binary-path 142ms (cache miss)
npm http fetch GET 200 https://registry.npmjs.org/fsevents 142ms (cache miss)
npm http fetch GET 200 https://registry.npmjs.org/array-each 158ms (cache miss)
npm http fetch GET 200 https://registry.npmjs.org/array-slice 140ms (cache miss)
npm http fetch GET 200 https://registry.npmjs.org/for-own 139ms (cache miss)
npm http fetch GET 200 https://registry.npmjs.org/isobject 143ms (cache revalidated)
npm http fetch GET 200 https://registry.npmjs.org/kind-of 140ms (cache miss)
npm http fetch GET 200 https://registry.npmjs.org/braces 144ms (cache revalidated)
npm http fetch GET 200 https://registry.npmjs.org/extglob 202ms (cache miss)
npm http fetch GET 200 https://registry.npmjs.org/arr-diff 138ms (cache miss)
npm http fetch GET 200 https://registry.npmjs.org/to-regex 143ms (cache miss)
npm http fetch GET 200 https://registry.npmjs.org/nanomatch 157ms (cache miss)
npm http fetch GET 200 https://registry.npmjs.org/regex-not 136ms (cache miss)
npm http fetch GET 200 https://registry.npmjs.org/snapdragon 146ms (cache miss)
npm http fetch GET 200 https://registry.npmjs.org/object.pick 141ms (cache miss)
npm http fetch GET 200 https://registry.npmjs.org/array-unique 137ms (cache miss)
npm http fetch GET 200 https://registry.npmjs.org/extend-shallow 145ms (cache miss)
npm http fetch GET 200 https://registry.npmjs.org/fragment-cache 145ms (cache miss)
npm http fetch GET 200 https://registry.npmjs.org/define-property 140ms (cache miss)
npm http fetch GET 200 https://registry.npmjs.org/remove-trailing-separator 145ms (cache miss)
npm http fetch GET 200 https://registry.npmjs.org/wrappy 139ms (cache miss)
npm http fetch GET 200 https://registry.npmjs.org/fill-range 140ms (cache miss)
npm http fetch GET 200 https://registry.npmjs.org/arr-flatten 142ms (cache revalidated)
npm http fetch GET 200 https://registry.npmjs.org/to-regex 144ms (cache revalidated)
npm http fetch GET 200 https://registry.npmjs.org/split-string 138ms (cache miss)
npm http fetch GET 200 https://registry.npmjs.org/repeat-element 139ms (cache miss)
npm http fetch GET 200 https://registry.npmjs.org/extend-shallow 145ms (cache revalidated)
npm http fetch GET 200 https://registry.npmjs.org/snapdragon-node 140ms (cache miss)
npm http fetch GET 200 https://registry.npmjs.org/bindings 145ms (cache miss)
npm http fetch GET 200 https://registry.npmjs.org/nan 159ms (cache miss)
npm http fetch GET 200 https://registry.npmjs.org/path-dirname 136ms (cache miss)
npm http fetch GET 200 https://registry.npmjs.org/binary-extensions 143ms (cache miss)
npm http fetch GET 200 https://registry.npmjs.org/is-number 137ms (cache miss)
npm http fetch GET 200 https://registry.npmjs.org/is-extendable 139ms (cache miss)
npm http fetch GET 200 https://registry.npmjs.org/repeat-string 143ms (cache miss)
npm http fetch GET 200 https://registry.npmjs.org/to-regex-range 136ms (cache miss)
npm http fetch GET 200 https://registry.npmjs.org/base 147ms (cache miss)
npm http fetch GET 200 https://registry.npmjs.org/define-property 150ms (cache revalidated)
npm http fetch GET 200 https://registry.npmjs.org/map-cache 136ms (cache miss)
npm http fetch GET 200 https://registry.npmjs.org/source-map-resolve 143ms (cache miss)
npm http fetch GET 200 https://registry.npmjs.org/use 148ms (cache miss)
npm http fetch GET 200 https://registry.npmjs.org/snapdragon-util 135ms (cache miss)
npm http fetch GET 200 https://registry.npmjs.org/regex-not 139ms (cache revalidated)
npm http fetch GET 200 https://registry.npmjs.org/safe-regex 144ms (cache miss)
npm http fetch GET 200 https://registry.npmjs.org/kind-of 138ms (cache revalidated)
npm http fetch GET 200 https://registry.npmjs.org/file-uri-to-path 139ms (cache miss)
npm http fetch GET 200 https://registry.npmjs.org/default-compare 137ms (cache miss)
npm http fetch GET 200 https://registry.npmjs.org/ansi-wrap 146ms (cache miss)
npm http fetch GET 200 https://registry.npmjs.org/get-value 148ms (cache miss)
npm http fetch GET 200 https://registry.npmjs.org/typedarray 137ms (cache miss)
npm http fetch GET 200 https://registry.npmjs.org/each-props 144ms (cache miss)
npm http fetch GET 200 https://registry.npmjs.org/ansi-gray 156ms (cache miss)
npm http fetch GET 200 https://registry.npmjs.org/parse-node-version 137ms (cache revalidated)
npm http fetch GET 200 https://registry.npmjs.org/time-stamp 145ms (cache miss)
npm http fetch GET 200 https://registry.npmjs.org/glogg 141ms (cache miss)
npm http fetch GET 200 https://registry.npmjs.org/fined 138ms (cache miss)
npm http fetch GET 200 https://registry.npmjs.org/extend 143ms (cache miss)
npm http fetch GET 200 https://registry.npmjs.org/rechoir 147ms (cache miss)
npm http fetch GET 200 https://registry.npmjs.org/object.map 143ms (cache miss)
npm http fetch GET 200 https://registry.npmjs.org/findup-sync 144ms (cache miss)
npm http fetch GET 200 https://registry.npmjs.org/flagged-respawn 150ms (cache miss)
npm http fetch GET 200 https://registry.npmjs.org/is-plain-object 136ms (cache revalidated)
npm http fetch GET 200 https://registry.npmjs.org/findup-sync 149ms (cache revalidated)
npm http fetch GET 200 https://registry.npmjs.org/stack-trace 145ms (cache miss)
npm http fetch GET 200 https://registry.npmjs.org/homedir-polyfill 135ms (cache miss)
npm http fetch GET 200 https://registry.npmjs.org/is-absolute 143ms (cache miss)
npm http fetch GET 200 https://registry.npmjs.org/remove-trailing-separator 139ms (cache revalidated)
npm http fetch GET 200 https://registry.npmjs.org/sver-compat 135ms (cache miss)
npm http fetch GET 200 https://registry.npmjs.org/y18n 151ms (cache miss)
npm http fetch GET 200 https://registry.npmjs.org/cliui 149ms (cache miss)
npm http fetch GET 200 https://registry.npmjs.org/camelcase 138ms (cache miss)
npm http fetch GET 200 https://registry.npmjs.org/os-locale 147ms (cache miss)
npm http fetch GET 200 https://registry.npmjs.org/decamelize 150ms (cache miss)
npm http fetch GET 200 https://registry.npmjs.org/read-pkg-up 138ms (cache miss)
npm http fetch GET 200 https://registry.npmjs.org/set-blocking 140ms (cache miss)
npm http fetch GET 200 https://registry.npmjs.org/string-width 145ms (cache revalidated)
npm http fetch GET 200 https://registry.npmjs.org/which-module 134ms (cache miss)
npm http fetch GET 200 https://registry.npmjs.org/yargs-parser 150ms (cache miss)
npm http fetch GET 200 https://registry.npmjs.org/get-caller-file 149ms (cache miss)
npm http fetch GET 200 https://registry.npmjs.org/require-directory 136ms (cache miss)
npm http fetch GET 200 https://registry.npmjs.org/require-main-filename 146ms (cache miss)
npm http fetch GET 200 https://registry.npmjs.org/core-util-is 141ms (cache miss)
npm http fetch GET 200 https://registry.npmjs.org/isarray 144ms (cache revalidated)
npm http fetch GET 200 https://registry.npmjs.org/safe-buffer 150ms (cache revalidated)
npm http fetch GET 200 https://registry.npmjs.org/util-deprecate 138ms (cache miss)
npm http fetch GET 200 https://registry.npmjs.org/string_decoder 142ms (cache miss)
npm http fetch GET 200 https://registry.npmjs.org/clone 138ms (cache miss)
npm http fetch GET 200 https://registry.npmjs.org/xtend 142ms (cache miss)
npm http fetch GET 200 https://registry.npmjs.org/clone-stats 148ms (cache miss)
npm http fetch GET 200 https://registry.npmjs.org/clone-buffer 137ms (cache miss)
npm http fetch GET 200 https://registry.npmjs.org/cloneable-readable 150ms (cache miss)
npm http fetch GET 200 https://registry.npmjs.org/arr-union 139ms (cache miss)
npm http fetch GET 200 https://registry.npmjs.org/parserlib 199ms (cache miss)
npm http fetch GET 200 https://registry.npmjs.org/lodash.isobject 136ms (cache miss)
npm http fetch GET 200 https://registry.npmjs.org/rcfinder 273ms (cache miss)
npm http fetch GET 200 https://registry.npmjs.org/clone 520ms (cache revalidated)
npm http fetch GET 200 https://registry.npmjs.org/has 138ms (cache miss)
npm http fetch GET 200 https://registry.npmjs.org/defined 143ms (cache miss)
npm http fetch GET 200 https://registry.npmjs.org/autoprefixer 139ms (cache revalidated)
npm http fetch GET 200 https://registry.npmjs.org/decamelize 286ms (cache revalidated)
npm http fetch GET 200 https://registry.npmjs.org/postcss-calc 145ms (cache revalidated)
npm http fetch GET 200 https://registry.npmjs.org/postcss-colormin 153ms (cache revalidated)
npm http fetch GET 200 https://registry.npmjs.org/postcss-zindex 171ms (cache miss)
npm http fetch GET 200 https://registry.npmjs.org/postcss-svgo 198ms (cache revalidated)
npm http fetch GET 200 https://registry.npmjs.org/postcss-merge-rules 152ms (cache revalidated)
npm http fetch GET 200 https://registry.npmjs.org/postcss-merge-idents 146ms (cache miss)
npm http fetch GET 200 https://registry.npmjs.org/postcss-value-parser 147ms (cache revalidated)
npm http fetch GET 200 https://registry.npmjs.org/postcss-discard-empty 138ms (cache revalidated)
npm http fetch GET 200 https://registry.npmjs.org/postcss-minify-params 139ms (cache revalidated)
npm http fetch GET 200 https://registry.npmjs.org/postcss-normalize-url 156ms (cache revalidated)
npm http fetch GET 200 https://registry.npmjs.org/postcss-convert-values 135ms (cache revalidated)
npm http fetch GET 200 https://registry.npmjs.org/postcss-reduce-idents 154ms (cache miss)
npm http fetch GET 200 https://registry.npmjs.org/postcss-discard-unused 222ms (cache miss)
npm http fetch GET 200 https://registry.npmjs.org/postcss-filter-plugins 136ms (cache miss)
npm http fetch GET 200 https://registry.npmjs.org/postcss-merge-longhand 156ms (cache revalidated)
npm http fetch GET 200 https://registry.npmjs.org/postcss-reduce-initial 136ms (cache revalidated)
npm http fetch GET 200 https://registry.npmjs.org/postcss-discard-comments 144ms (cache revalidated)
npm http fetch GET 200 https://registry.npmjs.org/postcss-ordered-values 229ms (cache revalidated)
npm http fetch GET 200 https://registry.npmjs.org/postcss-minify-gradients 138ms (cache revalidated)
npm http fetch GET 200 https://registry.npmjs.org/postcss-minify-selectors 143ms (cache revalidated)
npm http fetch GET 200 https://registry.npmjs.org/postcss-unique-selectors 162ms (cache revalidated)
npm http fetch GET 200 https://registry.npmjs.org/postcss-normalize-charset 136ms (cache revalidated)
npm http fetch GET 200 https://registry.npmjs.org/postcss-reduce-transforms 140ms (cache revalidated)
npm http fetch GET 200 https://registry.npmjs.org/postcss-discard-overridden 137ms (cache revalidated)
npm http fetch GET 200 https://registry.npmjs.org/postcss-discard-duplicates 197ms (cache revalidated)
npm http fetch GET 200 https://registry.npmjs.org/postcss-minify-font-values 151ms (cache revalidated)
npm http fetch GET 200 https://registry.npmjs.org/xtend 138ms (cache revalidated)
npm http fetch GET 200 https://registry.npmjs.org/util-deprecate 140ms (cache revalidated)
npm http fetch GET 200 https://registry.npmjs.org/body 147ms (cache miss)
npm http fetch GET 200 https://registry.npmjs.org/string_decoder 151ms (cache revalidated)
npm http fetch GET 200 https://registry.npmjs.org/faye-websocket 140ms (cache miss)
npm http fetch GET 200 https://registry.npmjs.org/livereload-js 153ms (cache miss)
npm http fetch GET 200 https://registry.npmjs.org/commander 141ms (cache revalidated)
npm http fetch GET 200 https://registry.npmjs.org/bufferstreams 148ms (cache miss)
npm http fetch GET 200 https://registry.npmjs.org/amdefine 142ms (cache miss)
npm http fetch GET 200 https://registry.npmjs.org/graceful-readlink 146ms (cache miss)
npm http fetch GET 200 https://registry.npmjs.org/yaml 171ms (cache miss)
npm http fetch GET 200 https://registry.npmjs.org/sparkles 140ms (cache miss)
npm http fetch GET 200 https://registry.npmjs.org/lodash.keys 152ms (cache miss)
npm http fetch GET 200 https://registry.npmjs.org/lodash.escape 154ms (cache miss)
npm http fetch GET 200 https://registry.npmjs.org/lodash._basecopy 137ms (cache miss)
npm http fetch GET 200 https://registry.npmjs.org/lodash._basevalues 139ms (cache miss)
npm http fetch GET 200 https://registry.npmjs.org/lodash.restparam 148ms (cache miss)
npm http fetch GET 200 https://registry.npmjs.org/lodash._basetostring 155ms (cache miss)
npm http fetch GET 200 https://registry.npmjs.org/lodash._isiterateecall 152ms (cache miss)
npm http fetch GET 200 https://registry.npmjs.org/lodash.templatesettings 146ms (cache miss)
npm http fetch GET 200 https://registry.npmjs.org/duplexer2 141ms (cache miss)
npm http fetch GET 200 https://registry.npmjs.org/clone-stats 150ms (cache revalidated)
npm http fetch GET 200 https://registry.npmjs.org/emojis-list 139ms (cache miss)
npm http fetch GET 200 https://registry.npmjs.org/big.js 145ms (cache miss)
npm http fetch GET 200 https://registry.npmjs.org/callsites 146ms (cache miss)
npm http fetch GET 200 https://registry.npmjs.org/side-channel-list 137ms (cache miss)
npm http fetch GET 200 https://registry.npmjs.org/side-channel-map 142ms (cache miss)
npm http fetch GET 200 https://registry.npmjs.org/side-channel-weakmap 148ms (cache miss)
npm http fetch GET 200 https://registry.npmjs.org/is-buffer 136ms (cache miss)
npm http fetch GET 200 https://registry.npmjs.org/path-is-inside 147ms (cache miss)
npm http fetch GET 200 https://registry.npmjs.org/wrap-ansi 139ms (cache miss)
npm http fetch GET 200 https://registry.npmjs.org/wrap-ansi 146ms (cache miss)
npm http fetch GET 200 https://registry.npmjs.org/eastasianwidth 138ms (cache miss)
npm http fetch GET 200 https://registry.npmjs.org/is-fullwidth-code-point 139ms (cache miss)
npm http fetch GET 200 https://registry.npmjs.org/emoji-regex 144ms (cache revalidated)
npm http fetch GET 200 https://registry.npmjs.org/prr 143ms (cache miss)
npm http fetch GET 200 https://registry.npmjs.org/is-what 144ms (cache miss)
npm http fetch GET 200 https://registry.npmjs.org/sax 161ms (cache miss)
npm http fetch GET 200 https://registry.npmjs.org/iconv-lite 148ms (cache revalidated)
npm http fetch GET 200 https://registry.npmjs.org/needle 147ms (cache revalidated)
npm http fetch GET 200 https://registry.npmjs.org/stream-parser 144ms (cache miss)
npm http fetch GET 200 https://registry.npmjs.org/resolve-dir 135ms (cache miss)
npm http fetch GET 200 https://registry.npmjs.org/expand-tilde 144ms (cache miss)
npm http fetch GET 200 https://registry.npmjs.org/detect-file 147ms (cache miss)
npm http fetch GET 200 https://registry.npmjs.org/object.pick 137ms (cache revalidated)
npm http fetch GET 200 https://registry.npmjs.org/parse-filepath 146ms (cache miss)
npm http fetch GET 200 https://registry.npmjs.org/make-iterator 149ms (cache miss)
npm http fetch GET 200 https://registry.npmjs.org/expand-tilde 140ms (cache revalidated)
npm http fetch GET 200 https://registry.npmjs.org/global-modules 144ms (cache revalidated)
npm http fetch GET 200 https://registry.npmjs.org/map-cache 138ms (cache revalidated)
npm http fetch GET 200 https://registry.npmjs.org/path-root 153ms (cache miss)
npm http fetch GET 200 https://registry.npmjs.org/parse-passwd 146ms (cache miss)
npm http fetch GET 200 https://registry.npmjs.org/p-limit 140ms (cache miss)
npm http fetch GET 200 https://registry.npmjs.org/lodash.isarguments 137ms (cache miss)
npm http fetch GET 200 https://registry.npmjs.org/lodash._root 145ms (cache miss)
npm http fetch GET 200 https://registry.npmjs.org/lodash._getnative 148ms (cache miss)
npm http fetch GET 200 https://registry.npmjs.org/lodash.isarray 136ms (cache miss)
npm warn ERESOLVE overriding peer dependency
npm warn ERESOLVE overriding peer dependency
npm warn ERESOLVE overriding peer dependency
npm warn While resolving: medium-draft@0.5.18
npm warn Found: react@18.3.1
npm warn node_modules/react
npm warn   peer react@"^0.14.0 || ^15.0.0-rc || ^16.0.0-rc || ^16.0.0" from draft-js@0.10.5
npm warn   node_modules/medium-draft/node_modules/draft-js
npm warn     draft-js@"^0.10.0" from medium-draft@0.5.18
npm warn     node_modules/medium-draft
npm warn
npm warn Could not resolve dependency:
npm warn peer react@"^15.0.0 || ^16.0.0" from medium-draft@0.5.18
npm warn node_modules/medium-draft
npm warn   medium-draft@"^0.5.18" from the root project
npm warn
npm warn Conflicting peer dependency: react@16.14.0
npm warn node_modules/react
npm warn   peer react@"^15.0.0 || ^16.0.0" from medium-draft@0.5.18
npm warn   node_modules/medium-draft
npm warn     medium-draft@"^0.5.18" from the root project
npm warn ERESOLVE overriding peer dependency
npm warn While resolving: medium-draft@0.5.18
npm warn Found: react-dom@18.3.1
npm warn node_modules/react-dom
npm warn   peer react-dom@"^0.14.0 || ^15.0.0-rc || ^16.0.0-rc || ^16.0.0" from draft-js@0.10.5
npm warn   node_modules/medium-draft/node_modules/draft-js
npm warn     draft-js@"^0.10.0" from medium-draft@0.5.18
npm warn     node_modules/medium-draft
npm warn
npm warn Could not resolve dependency:
npm warn peer react-dom@"^15.0.0 || ^16.0.0" from medium-draft@0.5.18
npm warn node_modules/medium-draft
npm warn   medium-draft@"^0.5.18" from the root project
npm warn
npm warn Conflicting peer dependency: react-dom@16.14.0
npm warn node_modules/react-dom
npm warn   peer react-dom@"^15.0.0 || ^16.0.0" from medium-draft@0.5.18
npm warn   node_modules/medium-draft
npm warn     medium-draft@"^0.5.18" from the root project
npm http fetch GET 200 https://registry.npmjs.org/fbjs 139ms (cache revalidated)
npm http fetch GET 200 https://registry.npmjs.org/react 151ms (cache revalidated)
npm http fetch GET 200 https://registry.npmjs.org/react-dom 207ms (cache revalidated)
npm http fetch GET 200 https://registry.npmjs.org/dom-helpers 145ms (cache revalidated)
npm http fetch GET 200 https://registry.npmjs.org/is-extendable 137ms (cache revalidated)
npm http fetch GET 200 https://registry.npmjs.org/is-descriptor 142ms (cache miss)
npm http fetch GET 200 https://registry.npmjs.org/assign-symbols 146ms (cache miss)
npm http fetch GET 200 https://registry.npmjs.org/expand-brackets 137ms (cache miss)
npm http fetch GET 200 https://registry.npmjs.org/is-windows 138ms (cache miss)
npm http fetch GET 200 https://registry.npmjs.org/is-accessor-descriptor 138ms (cache miss)
npm http fetch GET 200 https://registry.npmjs.org/is-data-descriptor 143ms (cache miss)
npm http fetch GET 200 https://registry.npmjs.org/posix-character-classes 145ms (cache miss)
npm http fetch GET 200 https://registry.npmjs.org/is-descriptor 137ms (cache revalidated)
npm http fetch GET 200 https://registry.npmjs.org/concat-map 145ms (cache miss)
npm http fetch GET 200 https://registry.npmjs.org/balanced-match 147ms (cache revalidated)
npm http fetch GET 200 https://registry.npmjs.org/mobx 141ms (cache revalidated)
npm http fetch GET 200 https://registry.npmjs.org/react 153ms (cache revalidated)
npm http fetch GET 200 https://registry.npmjs.org/use-sync-external-store 454ms (cache miss)
npm http fetch GET 200 https://registry.npmjs.org/ext 147ms (cache miss)
npm http fetch GET 200 https://registry.npmjs.org/d 189ms (cache miss)
npm http fetch GET 200 https://registry.npmjs.org/type 141ms (cache miss)
npm http fetch GET 200 https://registry.npmjs.org/type 147ms (cache miss)
npm http fetch GET 200 https://registry.npmjs.org/es5-ext 158ms (cache miss)
npm http fetch GET 200 https://registry.npmjs.org/es6-iterator 138ms (cache miss)
npm http fetch GET 200 https://registry.npmjs.org/next-tick 146ms (cache miss)
npm http fetch GET 200 https://registry.npmjs.org/esniff 203ms (cache miss)
npm http fetch GET 200 https://registry.npmjs.org/event-emitter 200ms (cache miss)
npm http fetch GET 200 https://registry.npmjs.org/tr46 141ms (cache miss)
npm http fetch GET 200 https://registry.npmjs.org/webidl-conversions 144ms (cache miss)
npm http fetch GET 200 https://registry.npmjs.org/for-in 138ms (cache miss)
npm http fetch GET 200 https://registry.npmjs.org/yocto-queue 144ms (cache miss)
npm http fetch GET 200 https://registry.npmjs.org/path-root-regex 137ms (cache miss)
npm http fetch GET 200 https://registry.npmjs.org/is-relative 143ms (cache miss)
npm http fetch GET 200 https://registry.npmjs.org/is-unc-path 142ms (cache miss)
npm http fetch GET 200 https://registry.npmjs.org/unc-path-regex 138ms (cache miss)
npm http fetch GET 200 https://registry.npmjs.org/path-exists 139ms (cache revalidated)
npm http fetch GET 200 https://registry.npmjs.org/locate-path 144ms (cache revalidated)
npm http fetch GET 200 https://registry.npmjs.org/cssesc 139ms (cache miss)
npm http fetch GET 200 https://registry.npmjs.org/lodash.uniq 142ms (cache miss)
npm http fetch GET 200 https://registry.npmjs.org/lodash.memoize 150ms (cache miss)
npm http fetch GET 200 https://registry.npmjs.org/csso 143ms (cache miss)
npm http fetch GET 200 https://registry.npmjs.org/css-tree 147ms (cache revalidated)
npm http fetch GET 200 https://registry.npmjs.org/css-what 151ms (cache miss)
npm http fetch GET 200 https://registry.npmjs.org/css-select 140ms (cache miss)
npm http fetch GET 200 https://registry.npmjs.org/big.js 138ms (cache revalidated)
npm http fetch GET 200 https://registry.npmjs.org/emojis-list 141ms (cache revalidated)
npm http fetch GET 200 https://registry.npmjs.org/ajv-keywords 146ms (cache revalidated)
npm http fetch GET 200 https://registry.npmjs.org/@types%2fjson-schema 141ms (cache revalidated)
npm http fetch GET 200 https://registry.npmjs.org/react 148ms (cache revalidated)
npm http fetch GET 200 https://registry.npmjs.org/react-dom 158ms (cache revalidated)
npm http fetch GET 200 https://registry.npmjs.org/react-is 179ms (cache revalidated)
npm http fetch GET 200 https://registry.npmjs.org/lodash.clonedeep 147ms (cache miss)
npm http fetch GET 200 https://registry.npmjs.org/react 151ms (cache revalidated)
npm warn ERESOLVE overriding peer dependency
npm warn While resolving: react-addons-css-transition-group@15.6.2
npm warn Found: react@18.3.1
npm warn node_modules/react
npm warn   peer react@"^0.14.0 || ^15.0.0-rc || ^16.0.0-rc || ^16.0.0" from draft-js@0.10.5
npm warn   node_modules/medium-draft/node_modules/draft-js
npm warn     draft-js@"^0.10.0" from medium-draft@0.5.18
npm warn     node_modules/medium-draft
npm warn
npm warn Could not resolve dependency:
npm warn peer react@"^15.4.2" from react-addons-css-transition-group@15.6.2
npm warn node_modules/react-addons-css-transition-group
npm warn   react-addons-css-transition-group@"^15.6.2" from the root project
npm warn
npm warn Conflicting peer dependency: react@15.7.0
npm warn node_modules/react
npm warn   peer react@"^15.4.2" from react-addons-css-transition-group@15.6.2
npm warn   node_modules/react-addons-css-transition-group
npm warn     react-addons-css-transition-group@"^15.6.2" from the root project
npm warn ERESOLVE overriding peer dependency
npm http fetch GET 200 https://registry.npmjs.org/chain-function 138ms (cache miss)
npm http fetch GET 200 https://registry.npmjs.org/warning 144ms (cache miss)
npm http fetch GET 200 https://registry.npmjs.org/redux 148ms (cache miss)
npm http fetch GET 200 https://registry.npmjs.org/@react-dnd%2fasap 161ms (cache miss)
npm http fetch GET 200 https://registry.npmjs.org/react 162ms (cache revalidated)
npm http fetch GET 200 https://registry.npmjs.org/react-dom 175ms (cache revalidated)
npm http fetch GET 200 https://registry.npmjs.org/uc.micro 146ms (cache miss)
npm http fetch GET 200 https://registry.npmjs.org/tslib 152ms (cache miss)
npm http fetch GET 200 https://registry.npmjs.org/react 143ms (cache revalidated)
npm http fetch GET 200 https://registry.npmjs.org/react-dom 152ms (cache revalidated)
npm warn ERESOLVE overriding peer dependency
npm warn While resolving: react-highcharts@16.1.0
npm warn Found: react@18.3.1
npm warn node_modules/react
npm warn   peer react@"^0.14.0 || ^15.0.0-rc || ^16.0.0-rc || ^16.0.0" from draft-js@0.10.5
npm warn   node_modules/medium-draft/node_modules/draft-js
npm warn     draft-js@"^0.10.0" from medium-draft@0.5.18
npm warn     node_modules/medium-draft
npm warn
npm warn Could not resolve dependency:
npm warn peer react@"~0.14 || ^15.0.0 || ^16.0.0" from react-highcharts@16.1.0
npm warn node_modules/react-highcharts
npm warn   react-highcharts@"^16.1.0" from the root project
npm warn
npm warn Conflicting peer dependency: react@16.14.0
npm warn node_modules/react
npm warn   peer react@"~0.14 || ^15.0.0 || ^16.0.0" from react-highcharts@16.1.0
npm warn   node_modules/react-highcharts
npm warn     react-highcharts@"^16.1.0" from the root project
npm warn ERESOLVE overriding peer dependency
npm warn While resolving: react-highcharts@16.1.0
npm warn Found: react-dom@18.3.1
npm warn node_modules/react-dom
npm warn   peer react-dom@"^0.14.0 || ^15.0.0-rc || ^16.0.0-rc || ^16.0.0" from draft-js@0.10.5
npm warn   node_modules/medium-draft/node_modules/draft-js
npm warn     draft-js@"^0.10.0" from medium-draft@0.5.18
npm warn     node_modules/medium-draft
npm warn
npm warn Could not resolve dependency:
npm warn peer react-dom@"~0.14 || ^15.0.0 || ^16.0.0" from react-highcharts@16.1.0
npm warn node_modules/react-highcharts
npm warn   react-highcharts@"^16.1.0" from the root project
npm warn
npm warn Conflicting peer dependency: react-dom@16.14.0
npm warn node_modules/react-dom
npm warn   peer react-dom@"~0.14 || ^15.0.0 || ^16.0.0" from react-highcharts@16.1.0
npm warn   node_modules/react-highcharts
npm warn     react-highcharts@"^16.1.0" from the root project
npm warn ERESOLVE overriding peer dependency
npm warn While resolving: react-hot-loader@4.13.1
npm warn Found: react@18.3.1
npm warn node_modules/react
npm warn   peer react@"^0.14.0 || ^15.0.0-rc || ^16.0.0-rc || ^16.0.0" from draft-js@0.10.5
npm warn   node_modules/medium-draft/node_modules/draft-js
npm warn     draft-js@"^0.10.0" from medium-draft@0.5.18
npm warn     node_modules/medium-draft
npm warn
npm warn Could not resolve dependency:
npm warn peer react@"^15.0.0 || ^16.0.0 || ^17.0.0" from react-hot-loader@4.13.1
npm warn node_modules/react-hot-loader
npm warn   react-hot-loader@"4.13.1" from the root project
npm warn
npm warn Conflicting peer dependency: react@17.0.2
npm warn node_modules/react
npm warn   peer react@"^15.0.0 || ^16.0.0 || ^17.0.0" from react-hot-loader@4.13.1
npm warn   node_modules/react-hot-loader
npm warn     react-hot-loader@"4.13.1" from the root project
npm warn ERESOLVE overriding peer dependency
npm warn While resolving: react-hot-loader@4.13.1
npm warn Found: react-dom@18.3.1
npm warn node_modules/react-dom
npm warn   peer react-dom@"^0.14.0 || ^15.0.0-rc || ^16.0.0-rc || ^16.0.0" from draft-js@0.10.5
npm warn   node_modules/medium-draft/node_modules/draft-js
npm warn     draft-js@"^0.10.0" from medium-draft@0.5.18
npm warn     node_modules/medium-draft
npm warn
npm warn Could not resolve dependency:
npm warn peer react-dom@"^15.0.0 || ^16.0.0 || ^17.0.0" from react-hot-loader@4.13.1
npm warn node_modules/react-hot-loader
npm warn   react-hot-loader@"4.13.1" from the root project
npm warn
npm warn Conflicting peer dependency: react-dom@17.0.2
npm warn node_modules/react-dom
npm warn   peer react-dom@"^15.0.0 || ^16.0.0 || ^17.0.0" from react-hot-loader@4.13.1
npm warn   node_modules/react-hot-loader
npm warn     react-hot-loader@"4.13.1" from the root project
npm http fetch GET 200 https://registry.npmjs.org/process 137ms (cache miss)
npm http fetch GET 200 https://registry.npmjs.org/min-document 146ms (cache miss)
npm http fetch GET 200 https://registry.npmjs.org/dom-walk 144ms (cache miss)
npm http fetch GET 200 https://registry.npmjs.org/moment 139ms (cache revalidated)
npm warn ERESOLVE overriding peer dependency
npm warn While resolving: react-input-calendar@0.5.4
npm warn Found: moment-range@4.0.2
npm warn node_modules/moment-range
npm warn   moment-range@"^4.0.2" from the root project
npm warn
npm warn Could not resolve dependency:
npm warn peer moment-range@"^2.1.0" from react-input-calendar@0.5.4
npm warn node_modules/react-input-calendar
npm warn   react-input-calendar@"^0.5.4" from the root project
npm warn
npm warn Conflicting peer dependency: moment-range@2.2.0
npm warn node_modules/moment-range
npm warn   peer moment-range@"^2.1.0" from react-input-calendar@0.5.4
npm warn   node_modules/react-input-calendar
npm warn     react-input-calendar@"^0.5.4" from the root project
npm warn ERESOLVE overriding peer dependency
npm warn While resolving: react-input-calendar@0.5.4
npm warn Found: react@18.3.1
npm warn node_modules/react
npm warn   peer react@"^0.14.0 || ^15.0.0-rc || ^16.0.0-rc || ^16.0.0" from draft-js@0.10.5
npm warn   node_modules/medium-draft/node_modules/draft-js
npm warn     draft-js@"^0.10.0" from medium-draft@0.5.18
npm warn     node_modules/medium-draft
npm warn
npm warn Could not resolve dependency:
npm warn peer react@"^0.14.7 || ^15.0.0 || ^16.0.0" from react-input-calendar@0.5.4
npm warn node_modules/react-input-calendar
npm warn   react-input-calendar@"^0.5.4" from the root project
npm warn
npm warn Conflicting peer dependency: react@16.14.0
npm warn node_modules/react
npm warn   peer react@"^0.14.7 || ^15.0.0 || ^16.0.0" from react-input-calendar@0.5.4
npm warn   node_modules/react-input-calendar
npm warn     react-input-calendar@"^0.5.4" from the root project
npm http fetch GET 200 https://registry.npmjs.org/css-mediaquery 142ms (cache miss)
npm warn ERESOLVE overriding peer dependency
npm warn While resolving: react-responsive-tabs@4.4.3
npm warn Found: react@18.3.1
npm warn node_modules/react
npm warn   peer react@"^0.14.0 || ^15.0.0-rc || ^16.0.0-rc || ^16.0.0" from draft-js@0.10.5
npm warn   node_modules/medium-draft/node_modules/draft-js
npm warn     draft-js@"^0.10.0" from medium-draft@0.5.18
npm warn     node_modules/medium-draft
npm warn
npm warn Could not resolve dependency:
npm warn peer react@"^15.1.0 || ^16.0.0 || ^17.0.0" from react-responsive-tabs@4.4.3
npm warn node_modules/react-responsive-tabs
npm warn   react-responsive-tabs@"^4.4.3" from the root project
npm warn
npm warn Conflicting peer dependency: react@17.0.2
npm warn node_modules/react
npm warn   peer react@"^15.1.0 || ^16.0.0 || ^17.0.0" from react-responsive-tabs@4.4.3
npm warn   node_modules/react-responsive-tabs
npm warn     react-responsive-tabs@"^4.4.3" from the root project
npm warn ERESOLVE overriding peer dependency
npm warn While resolving: react-responsive-tabs@4.4.3
npm warn Found: react-dom@18.3.1
npm warn node_modules/react-dom
npm warn   peer react-dom@"^0.14.0 || ^15.0.0-rc || ^16.0.0-rc || ^16.0.0" from draft-js@0.10.5
npm warn   node_modules/medium-draft/node_modules/draft-js
npm warn     draft-js@"^0.10.0" from medium-draft@0.5.18
npm warn     node_modules/medium-draft
npm warn
npm warn Could not resolve dependency:
npm warn peer react-dom@"^15.1.0 || ^16.0.0 || ^17.0.0" from react-responsive-tabs@4.4.3
npm warn node_modules/react-responsive-tabs
npm warn   react-responsive-tabs@"^4.4.3" from the root project
npm warn
npm warn Conflicting peer dependency: react-dom@17.0.2
npm warn node_modules/react-dom
npm warn   peer react-dom@"^15.1.0 || ^16.0.0 || ^17.0.0" from react-responsive-tabs@4.4.3
npm warn   node_modules/react-responsive-tabs
npm warn     react-responsive-tabs@"^4.4.3" from the root project
npm warn ERESOLVE overriding peer dependency
npm warn ERESOLVE overriding peer dependency
npm http fetch GET 200 https://registry.npmjs.org/react 146ms (cache revalidated)
npm http fetch GET 200 https://registry.npmjs.org/react-dom 203ms (cache revalidated)
npm http fetch GET 200 https://registry.npmjs.org/@types%2fresize-observer-browser 270ms (cache miss)
npm warn ERESOLVE overriding peer dependency
npm warn While resolving: react-select-plus@1.0.0-rc.3.patch12
npm warn Found: react@18.3.1
npm warn node_modules/react
npm warn   peer react@"^0.14.0 || ^15.0.0-rc || ^16.0.0-rc || ^16.0.0" from draft-js@0.10.5
npm warn   node_modules/medium-draft/node_modules/draft-js
npm warn     draft-js@"^0.10.0" from medium-draft@0.5.18
npm warn     node_modules/medium-draft
npm warn
npm warn Could not resolve dependency:
npm warn peer react@"^0.14 || ^15.0.0-rc || ^15.0" from react-select-plus@1.0.0-rc.3.patch12
npm warn node_modules/react-select-plus
npm warn   react-select-plus@"1.0.0-rc.3.patch12" from the root project
npm warn
npm warn Conflicting peer dependency: react@15.7.0
npm warn node_modules/react
npm warn   peer react@"^0.14 || ^15.0.0-rc || ^15.0" from react-select-plus@1.0.0-rc.3.patch12
npm warn   node_modules/react-select-plus
npm warn     react-select-plus@"1.0.0-rc.3.patch12" from the root project
npm warn ERESOLVE overriding peer dependency
npm warn While resolving: react-select-plus@1.0.0-rc.3.patch12
npm warn Found: react-dom@18.3.1
npm warn node_modules/react-dom
npm warn   peer react-dom@"^0.14.0 || ^15.0.0-rc || ^16.0.0-rc || ^16.0.0" from draft-js@0.10.5
npm warn   node_modules/medium-draft/node_modules/draft-js
npm warn     draft-js@"^0.10.0" from medium-draft@0.5.18
npm warn     node_modules/medium-draft
npm warn
npm warn Could not resolve dependency:
npm warn peer react-dom@"^0.14 || ^15.0.0-rc || ^15.0" from react-select-plus@1.0.0-rc.3.patch12
npm warn node_modules/react-select-plus
npm warn   react-select-plus@"1.0.0-rc.3.patch12" from the root project
npm warn
npm warn Conflicting peer dependency: react-dom@15.7.0
npm warn node_modules/react-dom
npm warn   peer react-dom@"^0.14 || ^15.0.0-rc || ^15.0" from react-select-plus@1.0.0-rc.3.patch12
npm warn   node_modules/react-select-plus
npm warn     react-select-plus@"1.0.0-rc.3.patch12" from the root project
npm warn ERESOLVE overriding peer dependency
npm warn ERESOLVE overriding peer dependency
npm warn While resolving: react-skylight@0.5.1
npm warn Found: react@18.3.1
npm warn node_modules/react
npm warn   peer react@"^0.14.0 || ^15.0.0-rc || ^16.0.0-rc || ^16.0.0" from draft-js@0.10.5
npm warn   node_modules/medium-draft/node_modules/draft-js
npm warn     draft-js@"^0.10.0" from medium-draft@0.5.18
npm warn     node_modules/medium-draft
npm warn
npm warn Could not resolve dependency:
npm warn peer react@"^0.14.0 || ^15.0.1 || ^16.3.0" from react-skylight@0.5.1
npm warn node_modules/react-skylight
npm warn   react-skylight@"^0.5.1" from the root project
npm warn
npm warn Conflicting peer dependency: react@16.14.0
npm warn node_modules/react
npm warn   peer react@"^0.14.0 || ^15.0.1 || ^16.3.0" from react-skylight@0.5.1
npm warn   node_modules/react-skylight
npm warn     react-skylight@"^0.5.1" from the root project
npm warn ERESOLVE overriding peer dependency
npm warn While resolving: react-tappable@1.0.4
npm warn Found: react@18.3.1
npm warn node_modules/react
npm warn   peer react@"^0.14.0 || ^15.0.0-rc || ^16.0.0-rc || ^16.0.0" from draft-js@0.10.5
npm warn   node_modules/medium-draft/node_modules/draft-js
npm warn     draft-js@"^0.10.0" from medium-draft@0.5.18
npm warn     node_modules/medium-draft
npm warn
npm warn Could not resolve dependency:
npm warn peer react@"^0.14 || ^15.0.0-rc || ^15.0.0 || ^16.0.0" from react-tappable@1.0.4
npm warn node_modules/react-tappable
npm warn   react-tappable@"^1.0.4" from the root project
npm warn
npm warn Conflicting peer dependency: react@16.14.0
npm warn node_modules/react
npm warn   peer react@"^0.14 || ^15.0.0-rc || ^15.0.0 || ^16.0.0" from react-tappable@1.0.4
npm warn   node_modules/react-tappable
npm warn     react-tappable@"^1.0.4" from the root project
npm warn ERESOLVE overriding peer dependency
npm warn While resolving: react-tappable@1.0.4
npm warn Found: react-dom@18.3.1
npm warn node_modules/react-dom
npm warn   peer react-dom@"^0.14.0 || ^15.0.0-rc || ^16.0.0-rc || ^16.0.0" from draft-js@0.10.5
npm warn   node_modules/medium-draft/node_modules/draft-js
npm warn     draft-js@"^0.10.0" from medium-draft@0.5.18
npm warn     node_modules/medium-draft
npm warn
npm warn Could not resolve dependency:
npm warn peer react-dom@"^0.14 || ^15.0.0-rc || ^15.0.0 || ^16.0.0" from react-tappable@1.0.4
npm warn node_modules/react-tappable
npm warn   react-tappable@"^1.0.4" from the root project
npm warn
npm warn Conflicting peer dependency: react-dom@16.14.0
npm warn node_modules/react-dom
npm warn   peer react-dom@"^0.14 || ^15.0.0-rc || ^15.0.0 || ^16.0.0" from react-tappable@1.0.4
npm warn   node_modules/react-tappable
npm warn     react-tappable@"^1.0.4" from the root project
npm http fetch GET 200 https://registry.npmjs.org/@floating-ui%2fcore 154ms (cache miss)
npm http fetch GET 200 https://registry.npmjs.org/@floating-ui%2futils 156ms (cache miss)
npm http fetch GET 200 https://registry.npmjs.org/react-deep-force-update 204ms (cache miss)
npm http fetch GET 200 https://registry.npmjs.org/csstype 147ms (cache miss)
npm http fetch GET 200 https://registry.npmjs.org/ret 142ms (cache miss)
npm http fetch GET 200 https://registry.npmjs.org/global-prefix 144ms (cache miss)
npm http fetch GET 200 https://registry.npmjs.org/which 137ms (cache revalidated)
npm http fetch GET 200 https://registry.npmjs.org/ini 138ms (cache miss)
npm http fetch GET 200 https://registry.npmjs.org/require-from-string 135ms (cache miss)
npm http fetch GET 200 https://registry.npmjs.org/json-schema-traverse 143ms (cache revalidated)
npm http fetch GET 200 https://registry.npmjs.org/fast-uri 148ms (cache miss)
npm http fetch GET 200 https://registry.npmjs.org/ajv 137ms (cache revalidated)
npm http fetch GET 200 https://registry.npmjs.org/component-emitter 140ms (cache revalidated)
npm http fetch GET 200 https://registry.npmjs.org/cache-base 144ms (cache miss)
npm http fetch GET 200 https://registry.npmjs.org/class-utils 146ms (cache miss)
npm http fetch GET 200 https://registry.npmjs.org/mixin-deep 138ms (cache miss)
npm http fetch GET 200 https://registry.npmjs.org/pascalcase 139ms (cache miss)
npm http fetch GET 200 https://registry.npmjs.org/atob 148ms (cache miss)
npm http fetch GET 200 https://registry.npmjs.org/decode-uri-component 137ms (cache miss)
npm http fetch GET 200 https://registry.npmjs.org/resolve-url 143ms (cache miss)
npm http fetch GET 200 https://registry.npmjs.org/source-map-url 142ms (cache miss)
npm http fetch GET 200 https://registry.npmjs.org/urix 142ms (cache miss)
npm http fetch GET 200 https://registry.npmjs.org/set-value 140ms (cache miss)
npm http fetch GET 200 https://registry.npmjs.org/has-value 146ms (cache miss)
npm http fetch GET 200 https://registry.npmjs.org/collection-visit 149ms (cache miss)
npm http fetch GET 200 https://registry.npmjs.org/to-object-path 139ms (cache miss)
npm http fetch GET 200 https://registry.npmjs.org/unset-value 150ms (cache miss)
npm http fetch GET 200 https://registry.npmjs.org/union-value 156ms (cache miss)
npm http fetch GET 200 https://registry.npmjs.org/static-extend 137ms (cache miss)
npm http fetch GET 200 https://registry.npmjs.org/has-values 137ms (cache miss)
npm http fetch GET 200 https://registry.npmjs.org/map-visit 142ms (cache miss)
npm http fetch GET 200 https://registry.npmjs.org/object-visit 148ms (cache miss)
npm http fetch GET 200 https://registry.npmjs.org/has-value 138ms (cache revalidated)
npm http fetch GET 200 https://registry.npmjs.org/object-copy 140ms (cache miss)
npm http fetch GET 200 https://registry.npmjs.org/copy-descriptor 145ms (cache miss)
npm http fetch GET 200 https://registry.npmjs.org/env-paths 137ms (cache miss)
npm http fetch GET 200 https://registry.npmjs.org/parse-json 141ms (cache miss)
npm http fetch GET 200 https://registry.npmjs.org/mdn-data 147ms (cache miss)
npm http fetch GET 200 https://registry.npmjs.org/merge2 137ms (cache miss)
npm http fetch GET 200 https://registry.npmjs.org/global-prefix 142ms (cache revalidated)
npm http fetch GET 200 https://registry.npmjs.org/flat-cache 164ms (cache revalidated)
npm http fetch GET 200 https://registry.npmjs.org/slash 138ms (cache revalidated)
npm http fetch GET 200 https://registry.npmjs.org/merge2 141ms (cache revalidated)
npm http fetch GET 200 https://registry.npmjs.org/dir-glob 138ms (cache miss)
npm http fetch GET 200 https://registry.npmjs.org/array-union 139ms (cache revalidated)
npm http fetch GET 200 https://registry.npmjs.org/picomatch 147ms (cache miss)
npm http fetch GET 200 https://registry.npmjs.org/has-flag 143ms (cache miss)
npm http fetch GET 200 https://registry.npmjs.org/ajv 136ms (cache revalidated)
npm http fetch GET 200 https://registry.npmjs.org/slice-ansi 144ms (cache miss)
npm http fetch GET 200 https://registry.npmjs.org/lodash.truncate 139ms (cache miss)
npm http fetch GET 200 https://registry.npmjs.org/error-ex 137ms (cache miss)
npm http fetch GET 200 https://registry.npmjs.org/json-parse-even-better-errors 141ms (cache miss)
npm http fetch GET 200 https://registry.npmjs.org/lines-and-columns 146ms (cache miss)
npm http fetch GET 200 https://registry.npmjs.org/is-arrayish 138ms (cache miss)
npm http fetch GET 200 https://registry.npmjs.org/dezalgo 138ms (cache miss)
npm http fetch GET 200 https://registry.npmjs.org/combined-stream 142ms (cache miss)
npm http fetch GET 200 https://registry.npmjs.org/asynckit 156ms (cache miss)
npm http fetch GET 200 https://registry.npmjs.org/@paralleldrive%2fcuid2 151ms (cache miss)
npm http fetch GET 200 https://registry.npmjs.org/delayed-stream 144ms (cache miss)
npm http fetch GET 200 https://registry.npmjs.org/@noble%2fhashes 157ms (cache miss)
npm http fetch GET 200 https://registry.npmjs.org/boolbase 138ms (cache miss)
npm http fetch GET 200 https://registry.npmjs.org/nth-check 140ms (cache miss)
npm http fetch GET 200 https://registry.npmjs.org/domutils 145ms (cache miss)
npm http fetch GET 200 https://registry.npmjs.org/domhandler 136ms (cache miss)
npm http fetch GET 200 https://registry.npmjs.org/mdn-data 144ms (cache revalidated)
npm http fetch GET 200 https://registry.npmjs.org/dom-serializer 138ms (cache miss)
npm http fetch GET 200 https://registry.npmjs.org/domelementtype 142ms (cache miss)
npm http fetch GET 200 https://registry.npmjs.org/domelementtype 148ms (cache miss)
npm http fetch GET 200 https://registry.npmjs.org/entities 138ms (cache miss)
npm http fetch GET 200 https://registry.npmjs.org/astral-regex 141ms (cache miss)
npm http fetch GET 200 https://registry.npmjs.org/color-convert 144ms (cache miss)
npm http fetch GET 200 https://registry.npmjs.org/continuable-cache 136ms (cache miss)
npm http fetch GET 200 https://registry.npmjs.org/safe-json-parse 146ms (cache miss)
npm http fetch GET 200 https://registry.npmjs.org/error 156ms (cache miss)
npm http fetch GET 200 https://registry.npmjs.org/websocket-driver 137ms (cache miss)
npm http fetch GET 200 https://registry.npmjs.org/bytes 145ms (cache revalidated)
npm http fetch GET 200 https://registry.npmjs.org/string-template 146ms (cache miss)
npm http fetch GET 200 https://registry.npmjs.org/http-parser-js 140ms (cache miss)
npm http fetch GET 200 https://registry.npmjs.org/websocket-extensions 146ms (cache miss)
npm http fetch GET 200 https://registry.npmjs.org/which-builtin-type 150ms (cache miss)
npm http fetch GET 200 https://registry.npmjs.org/is-generator-function 142ms (cache miss)
npm http fetch GET 200 https://registry.npmjs.org/is-finalizationregistry 148ms (cache miss)
npm http fetch GET 200 https://registry.npmjs.org/is-async-function 149ms (cache miss)
npm http fetch GET 200 https://registry.npmjs.org/which-collection 145ms (cache miss)
npm http fetch GET 200 https://registry.npmjs.org/which-boxed-primitive 152ms (cache revalidated)
npm http fetch GET 200 https://registry.npmjs.org/is-bigint 138ms (cache miss)
npm http fetch GET 200 https://registry.npmjs.org/is-number-object 143ms (cache miss)
npm http fetch GET 200 https://registry.npmjs.org/is-boolean-object 144ms (cache miss)
npm http fetch GET 200 https://registry.npmjs.org/arr-filter 138ms (cache miss)
npm http fetch GET 200 https://registry.npmjs.org/array-initial 141ms (cache miss)
npm http fetch GET 200 https://registry.npmjs.org/array-last 145ms (cache miss)
npm http fetch GET 200 https://registry.npmjs.org/async-settle 140ms (cache miss)
npm http fetch GET 200 https://registry.npmjs.org/now-and-later 142ms (cache miss)
npm http fetch GET 200 https://registry.npmjs.org/default-resolution 142ms (cache miss)
npm http fetch GET 200 https://registry.npmjs.org/is-number 137ms (cache revalidated)
npm http fetch GET 200 https://registry.npmjs.org/is-number 141ms (cache revalidated)
npm http fetch GET 200 https://registry.npmjs.org/has-values 178ms (cache revalidated)
npm http fetch GET 200 https://registry.npmjs.org/unique-stream 140ms (cache miss)
npm http fetch GET 200 https://registry.npmjs.org/to-absolute-glob 144ms (cache miss)
npm http fetch GET 200 https://registry.npmjs.org/ordered-read-streams 146ms (cache miss)
npm http fetch GET 200 https://registry.npmjs.org/flush-write-stream 138ms (cache miss)
npm http fetch GET 200 https://registry.npmjs.org/duplexify 141ms (cache miss)
npm http fetch GET 200 https://registry.npmjs.org/pump 145ms (cache miss)
npm http fetch GET 200 https://registry.npmjs.org/is-utf8 139ms (cache miss)
npm http fetch GET 200 https://registry.npmjs.org/append-buffer 138ms (cache miss)
npm http fetch GET 200 https://registry.npmjs.org/through2-filter 145ms (cache miss)
npm http fetch GET 200 https://registry.npmjs.org/stream-shift 139ms (cache miss)
npm http fetch GET 200 https://registry.npmjs.org/buffer-equal 139ms (cache miss)
npm http fetch GET 200 https://registry.npmjs.org/webpack 152ms (cache revalidated)
npm http fetch GET 200 https://registry.npmjs.org/@webassemblyjs%2fhelper-numbers 145ms (cache miss)
npm http fetch GET 200 https://registry.npmjs.org/@webassemblyjs%2fhelper-buffer 159ms (cache miss)
npm http fetch GET 200 https://registry.npmjs.org/@webassemblyjs%2fhelper-wasm-bytecode 163ms (cache miss)
npm http fetch GET 200 https://registry.npmjs.org/@webassemblyjs%2fhelper-wasm-bytecode 145ms (cache miss)
npm http fetch GET 200 https://registry.npmjs.org/@webassemblyjs%2fwasm-gen 154ms (cache miss)
npm http fetch GET 200 https://registry.npmjs.org/@webassemblyjs%2fhelper-wasm-section 160ms (cache miss)
npm http fetch GET 200 https://registry.npmjs.org/@webassemblyjs%2fwasm-opt 148ms (cache miss)
npm http fetch GET 200 https://registry.npmjs.org/@webassemblyjs%2fwasm-parser 157ms (cache revalidated)
npm http fetch GET 200 https://registry.npmjs.org/@webassemblyjs%2fwast-printer 159ms (cache miss)
npm http fetch GET 200 https://registry.npmjs.org/@webassemblyjs%2fhelper-api-error 144ms (cache miss)
npm http fetch GET 200 https://registry.npmjs.org/@webassemblyjs%2fieee754 156ms (cache miss)
npm http fetch GET 200 https://registry.npmjs.org/@webassemblyjs%2fleb128 155ms (cache miss)
npm http fetch GET 200 https://registry.npmjs.org/@webassemblyjs%2futf8 149ms (cache miss)
npm http fetch GET 200 https://registry.npmjs.org/jest-worker 165ms (cache miss)
npm http fetch GET 200 https://registry.npmjs.org/terser 172ms (cache miss)
npm http fetch GET 200 https://registry.npmjs.org/@xtuc%2flong 164ms (cache miss)
npm http fetch GET 200 https://registry.npmjs.org/@webassemblyjs%2ffloating-point-hex-parser 165ms (cache miss)
npm http fetch GET 200 https://registry.npmjs.org/@xtuc%2fieee754 147ms (cache miss)
npm http fetch GET 200 https://registry.npmjs.org/merge-stream 144ms (cache miss)
npm http fetch GET 200 https://registry.npmjs.org/@jridgewell%2fsource-map 147ms (cache miss)
npm http fetch GET 200 https://registry.npmjs.org/source-map-support 152ms (cache revalidated)
npm http fetch GET 200 https://registry.npmjs.org/mrmime 140ms (cache miss)
npm http fetch GET 200 https://registry.npmjs.org/totalist 144ms (cache miss)
npm http fetch GET 200 https://registry.npmjs.org/duplexer 146ms (cache miss)
npm http fetch GET 200 https://registry.npmjs.org/@polka%2furl 150ms (cache miss)
npm http fetch GET 200 https://registry.npmjs.org/growly 141ms (cache miss)
npm http fetch GET 200 https://registry.npmjs.org/uuid 145ms (cache revalidated)
npm http fetch GET 200 https://registry.npmjs.org/is-wsl 149ms (cache miss)
npm http fetch GET 200 https://registry.npmjs.org/shellwords 144ms (cache miss)
npm http fetch GET 200 https://registry.npmjs.org/is-docker 137ms (cache miss)
npm http fetch GET 200 https://registry.npmjs.org/is-map 139ms (cache miss)
npm http fetch GET 200 https://registry.npmjs.org/async-function 144ms (cache miss)
npm http fetch GET 200 https://registry.npmjs.org/generator-function 151ms (cache miss)
npm http fetch GET 200 https://registry.npmjs.org/is-weakmap 138ms (cache miss)
npm http fetch GET 200 https://registry.npmjs.org/is-weakset 142ms (cache miss)
npm http fetch GET 200 https://registry.npmjs.org/lcid 142ms (cache miss)
npm http fetch GET 200 https://registry.npmjs.org/wrap-ansi 146ms (cache revalidated)
npm http fetch GET 200 https://registry.npmjs.org/read-pkg 147ms (cache miss)
npm http fetch GET 200 https://registry.npmjs.org/is-fullwidth-code-point 137ms (cache revalidated)
npm http fetch GET 200 https://registry.npmjs.org/code-point-at 143ms (cache miss)
npm http fetch GET 200 https://registry.npmjs.org/invert-kv 142ms (cache miss)
npm http fetch GET 200 https://registry.npmjs.org/path-type 138ms (cache miss)
npm http fetch GET 200 https://registry.npmjs.org/load-json-file 139ms (cache miss)
npm http fetch GET 200 https://registry.npmjs.org/normalize-package-data 146ms (cache miss)
npm http fetch GET 200 https://registry.npmjs.org/parse-json 147ms (cache revalidated)
npm http fetch GET 200 https://registry.npmjs.org/strip-bom 149ms (cache revalidated)
npm http fetch GET 200 https://registry.npmjs.org/hosted-git-info 149ms (cache miss)
npm http fetch GET 200 https://registry.npmjs.org/validate-npm-package-license 143ms (cache miss)
npm http fetch GET 200 https://registry.npmjs.org/spdx-expression-parse 142ms (cache miss)
npm http fetch GET 200 https://registry.npmjs.org/spdx-correct 146ms (cache miss)
npm http fetch GET 200 https://registry.npmjs.org/spdx-exceptions 140ms (cache miss)
npm http fetch GET 200 https://registry.npmjs.org/spdx-license-ids 143ms (cache miss)
npm http fetch GET 200 https://registry.npmjs.org/spdx-license-ids 149ms (cache miss)
npm http fetch GET 200 https://registry.npmjs.org/stackframe 139ms (cache miss)
npm http fetch GET 200 https://registry.npmjs.org/number-is-nan 148ms (cache miss)
npm http fetch GET 200 https://registry.npmjs.org/color-name 141ms (cache miss)
npm http fetch GET 200 https://registry.npmjs.org/fill-range 137ms (cache revalidated)
npm http fetch GET 200 https://registry.npmjs.org/to-regex-range 145ms (cache revalidated)
npm http fetch GET 200 https://registry.npmjs.org/normalize-range 145ms (cache miss)
npm http fetch GET 200 https://registry.npmjs.org/num2fraction 194ms (cache miss)
npm http fetch GET 200 https://registry.npmjs.org/caniuse-db 300ms (cache miss)
npm http fetch GET 200 https://registry.npmjs.org/js-base64 171ms (cache miss)
npm http fetch GET 200 https://registry.npmjs.org/reduce-css-calc 140ms (cache miss)
npm http fetch GET 200 https://registry.npmjs.org/postcss-message-helpers 190ms (cache miss)
npm http fetch GET 200 https://registry.npmjs.org/uniqs 186ms (cache miss)
npm http fetch GET 200 https://registry.npmjs.org/colormin 294ms (cache miss)
npm http fetch GET 200 https://registry.npmjs.org/caniuse-api 137ms (cache revalidated)
npm http fetch GET 200 https://registry.npmjs.org/vendors 207ms (cache miss)
npm http fetch GET 200 https://registry.npmjs.org/alphanum-sort 146ms (cache miss)
npm http fetch GET 200 https://registry.npmjs.org/alphanum-sort 136ms (cache miss)
npm http fetch GET 200 https://registry.npmjs.org/normalize-url 142ms (cache miss)
npm http fetch GET 200 https://registry.npmjs.org/is-absolute-url 144ms (cache miss)
npm http fetch GET 200 https://registry.npmjs.org/svgo 137ms (cache revalidated)
npm http fetch GET 200 https://registry.npmjs.org/is-svg 146ms (cache miss)
npm http fetch GET 200 https://registry.npmjs.org/caniuse-db 149ms (cache revalidated)
npm http fetch GET 200 https://registry.npmjs.org/has-flag 140ms (cache revalidated)
npm http fetch GET 200 https://registry.npmjs.org/math-expression-evaluator 147ms (cache miss)
npm http fetch GET 200 https://registry.npmjs.org/reduce-function-call 199ms (cache miss)
npm http fetch GET 200 https://registry.npmjs.org/color 139ms (cache miss)
npm http fetch GET 200 https://registry.npmjs.org/css-color-names 143ms (cache miss)
npm http fetch GET 200 https://registry.npmjs.org/color-convert 136ms (cache revalidated)
npm http fetch GET 200 https://registry.npmjs.org/color-string 141ms (cache miss)
npm http fetch GET 200 https://registry.npmjs.org/color-name 143ms (cache revalidated)
npm http fetch GET 200 https://registry.npmjs.org/uniq 136ms (cache miss)
npm http fetch GET 200 https://registry.npmjs.org/indexes-of 145ms (cache miss)
npm http fetch GET 200 https://registry.npmjs.org/flatten 202ms (cache miss)
npm http fetch GET 200 https://registry.npmjs.org/sort-keys 142ms (cache miss)
npm http fetch GET 200 https://registry.npmjs.org/prepend-http 147ms (cache miss)
npm http fetch GET 200 https://registry.npmjs.org/query-string 148ms (cache miss)
npm http fetch GET 200 https://registry.npmjs.org/strict-uri-encode 141ms (cache miss)
npm http fetch GET 200 https://registry.npmjs.org/is-plain-obj 146ms (cache miss)
npm http fetch GET 200 https://registry.npmjs.org/coa 140ms (cache miss)
npm http fetch GET 200 https://registry.npmjs.org/sax 147ms (cache revalidated)
npm http fetch GET 200 https://registry.npmjs.org/csso 136ms (cache revalidated)
npm http fetch GET 200 https://registry.npmjs.org/html-comment-regex 285ms (cache miss)
npm http fetch GET 200 https://registry.npmjs.org/colors 146ms (cache miss)
npm http fetch GET 200 https://registry.npmjs.org/js-yaml 141ms (cache revalidated)
npm http fetch GET 200 https://registry.npmjs.org/whet.extend 203ms (cache miss)
npm http fetch GET 200 https://registry.npmjs.org/esprima 152ms (cache miss)
npm http fetch GET 200 https://registry.npmjs.org/q 154ms (cache miss)
npm http fetch GET 200 https://registry.npmjs.org/clap 195ms (cache miss)
npm http fetch GET 200 https://registry.npmjs.org/argparse 151ms (cache revalidated)
npm http fetch GET 200 https://registry.npmjs.org/sprintf-js 145ms (cache miss)
npm http fetch GET 200 https://registry.npmjs.org/object-keys 140ms (cache revalidated)
npm http fetch GET 200 https://registry.npmjs.org/isomorphic-fetch 144ms (cache miss)
npm http fetch GET 200 https://registry.npmjs.org/node-fetch 142ms (cache revalidated)
npm http fetch GET 200 https://registry.npmjs.org/encoding 139ms (cache miss)
npm http fetch GET 200 https://registry.npmjs.org/is-stream 140ms (cache miss)
npm http fetch GET 200 https://registry.npmjs.org/p-locate 145ms (cache revalidated)
npm http fetch GET 200 https://registry.npmjs.org/p-limit 144ms (cache revalidated)
npm http fetch GET 200 https://registry.npmjs.org/yocto-queue 141ms (cache revalidated)
npm http fetch GET 200 https://registry.npmjs.org/p-try 145ms (cache miss)
npm http fetch GET 200 https://registry.npmjs.org/ajv 139ms (cache revalidated)
npm warn ERESOLVE overriding peer dependency
npm warn While resolving: react-dom@16.14.0
npm warn Found: react@18.3.1
npm warn node_modules/react
npm warn   peer react@"^0.14.0 || ^15.0.0-rc || ^16.0.0-rc || ^16.0.0" from draft-js@0.10.5
npm warn   node_modules/medium-draft/node_modules/draft-js
npm warn     draft-js@"^0.10.0" from medium-draft@0.5.18
npm warn     node_modules/medium-draft
npm warn
npm warn Could not resolve dependency:
npm warn peer react@"^16.14.0" from react-dom@16.14.0
npm warn node_modules/react-addons-css-transition-group/node_modules/react-dom
npm warn   peer react-dom@"^15.0.0 || ^16.0.0" from react-transition-group@1.2.1
npm warn   node_modules/react-addons-css-transition-group/node_modules/react-transition-group
npm warn
npm warn Conflicting peer dependency: react@16.14.0
npm warn node_modules/react
npm warn   peer react@"^16.14.0" from react-dom@16.14.0
npm warn   node_modules/react-addons-css-transition-group/node_modules/react-dom
npm warn     peer react-dom@"^15.0.0 || ^16.0.0" from react-transition-group@1.2.1
npm warn     node_modules/react-addons-css-transition-group/node_modules/react-transition-group
npm http fetch GET 200 https://registry.npmjs.org/hookified 154ms (cache miss)
npm http fetch GET 200 https://registry.npmjs.org/cacheable 196ms (cache miss)
npm http fetch GET 200 https://registry.npmjs.org/keyv 145ms (cache revalidated)
npm http fetch GET 200 https://registry.npmjs.org/qified 147ms (cache miss)
npm http fetch GET 200 https://registry.npmjs.org/@cacheable%2futils 157ms (cache miss)
npm http fetch GET 200 https://registry.npmjs.org/@cacheable%2fmemory 154ms (cache miss)
npm http fetch GET 200 https://registry.npmjs.org/hashery 146ms (cache miss)
npm http fetch GET 200 https://registry.npmjs.org/@keyv%2fserialize 160ms (cache miss)
npm http fetch GET 200 https://registry.npmjs.org/@keyv%2fbigmap 183ms (cache miss)
npm http fetch GET 200 https://registry.npmjs.org/hookified 144ms (cache revalidated)
npm http fetch GET 200 https://registry.npmjs.org/hashery 135ms (cache revalidated)
npm http fetch GET 200 https://registry.npmjs.org/path-type 148ms (cache revalidated)
npm warn EBADENGINE Unsupported engine {
npm warn EBADENGINE   package: 'react-input-calendar@0.5.4',
npm warn EBADENGINE   required: { npm: '^3.0.0' },
npm warn EBADENGINE   current: { node: 'v24.21.0', npm: '12.2.0' }
npm warn EBADENGINE }
npm http fetch GET 200 https://registry.npmjs.org/path-type/-/path-type-4.0.0.tgz 657ms (cache miss)
npm http fetch GET 200 https://registry.npmjs.org/qified/-/qified-0.10.1.tgz 657ms (cache miss)
npm http fetch GET 200 https://registry.npmjs.org/hashery/-/hashery-1.5.1.tgz 661ms (cache miss)
npm http fetch GET 200 https://registry.npmjs.org/p-try/-/p-try-2.2.0.tgz 785ms (cache miss)
npm http fetch GET 200 https://registry.npmjs.org/chain-function/-/chain-function-1.0.1.tgz 786ms (cache miss)
npm http fetch GET 200 https://registry.npmjs.org/ajv-keywords/-/ajv-keywords-3.5.2.tgz 791ms (cache miss)
npm http fetch GET 200 https://registry.npmjs.org/is-stream/-/is-stream-1.1.0.tgz 917ms (cache miss)
npm http fetch GET 200 https://registry.npmjs.org/assign-symbols/-/assign-symbols-1.0.0.tgz 917ms (cache miss)
npm http fetch GET 200 https://registry.npmjs.org/encoding/-/encoding-0.1.13.tgz 924ms (cache miss)
npm http fetch GET 200 https://registry.npmjs.org/keyv/-/keyv-5.6.0.tgz 1040ms (cache miss)
npm http fetch GET 200 https://registry.npmjs.org/keyv/-/keyv-5.6.0.tgz 1067ms (cache miss)
npm http fetch GET 200 https://registry.npmjs.org/isomorphic-fetch/-/isomorphic-fetch-2.2.1.tgz 1080ms (cache miss)
npm http fetch GET 200 https://registry.npmjs.org/warning/-/warning-3.0.0.tgz 1090ms (cache miss)
npm http fetch GET 200 https://registry.npmjs.org/@types/resize-observer-browser/-/resize-observer-browser-0.1.11.tgz 1091ms (cache miss)
npm http fetch GET 200 https://registry.npmjs.org/hookified/-/hookified-1.15.1.tgz 1096ms (cache miss)
npm http fetch GET 200 https://registry.npmjs.org/keyv/-/keyv-5.6.0.tgz 1097ms (cache miss)
npm http fetch GET 200 https://registry.npmjs.org/@cacheable/memory/-/memory-2.2.0.tgz 1103ms (cache miss)
npm http fetch GET 200 https://registry.npmjs.org/@keyv/bigmap/-/bigmap-1.3.1.tgz 1104ms (cache miss)
npm http fetch GET 200 https://registry.npmjs.org/hookified/-/hookified-2.2.0.tgz 1107ms (cache miss)
npm http fetch GET 200 https://registry.npmjs.org/node-fetch/-/node-fetch-1.7.3.tgz 1105ms (cache miss)
npm http fetch GET 200 https://registry.npmjs.org/cacheable/-/cacheable-2.5.0.tgz 1110ms (cache miss)
npm http fetch GET 200 https://registry.npmjs.org/@cacheable/utils/-/utils-2.5.0.tgz 1111ms (cache miss)
npm http fetch GET 200 https://registry.npmjs.org/iconv-lite/-/iconv-lite-0.6.3.tgz 1115ms (cache miss)
npm http fetch GET 200 https://registry.npmjs.org/path-is-inside/-/path-is-inside-1.0.2.tgz 1169ms (cache miss)
npm http fetch GET 200 https://registry.npmjs.org/clap/-/clap-1.2.3.tgz 1188ms (cache miss)
npm http fetch GET 200 https://registry.npmjs.org/sprintf-js/-/sprintf-js-1.0.3.tgz 1194ms (cache miss)
npm http fetch GET 200 https://registry.npmjs.org/whet.extend/-/whet.extend-0.9.9.tgz 1207ms (cache miss)
npm http fetch GET 200 https://registry.npmjs.org/html-comment-regex/-/html-comment-regex-1.1.2.tgz 1210ms (cache miss)
npm http fetch GET 200 https://registry.npmjs.org/esprima/-/esprima-2.7.3.tgz 1227ms (cache miss)
npm http fetch GET 200 https://registry.npmjs.org/q/-/q-1.5.1.tgz 1236ms (cache miss)
npm warn deprecated q@1.5.1: You or someone you depend on is using Q, the JavaScript Promise library that gave JavaScript developers strong feelings about promises. They can almost certainly migrate to the native JavaScript promise now. Thank you literally everyone for joining me in this bet against the odds. Be excellent to each other.
npm warn deprecated
npm warn deprecated (For a CapTP with native promises, see @endo/eventual-send and @endo/captp)
npm http fetch GET 200 https://registry.npmjs.org/csstype/-/csstype-3.2.3.tgz 1240ms (cache miss)
npm http fetch GET 200 https://registry.npmjs.org/is-svg/-/is-svg-2.1.0.tgz 1238ms (cache miss)
npm http fetch GET 200 https://registry.npmjs.org/flatten/-/flatten-1.0.3.tgz 1237ms (cache miss)
npm warn deprecated flatten@1.0.3: flatten is deprecated in favor of utility frameworks such as lodash.
npm http fetch GET 200 https://registry.npmjs.org/uniq/-/uniq-1.0.1.tgz 1238ms (cache miss)
npm http fetch GET 200 https://registry.npmjs.org/indexes-of/-/indexes-of-1.0.1.tgz 1238ms (cache miss)
npm http fetch GET 200 https://registry.npmjs.org/@keyv/serialize/-/serialize-1.1.1.tgz 1240ms (cache miss)
npm http fetch GET 200 https://registry.npmjs.org/colors/-/colors-1.1.2.tgz 1243ms (cache miss)
npm http fetch GET 200 https://registry.npmjs.org/coa/-/coa-1.0.4.tgz 1260ms (cache miss)
npm http fetch GET 200 https://registry.npmjs.org/is-plain-obj/-/is-plain-obj-1.1.0.tgz 1302ms (cache miss)
npm http fetch GET 200 https://registry.npmjs.org/strict-uri-encode/-/strict-uri-encode-1.1.0.tgz 1316ms (cache miss)
npm http fetch GET 200 https://registry.npmjs.org/sort-keys/-/sort-keys-1.1.2.tgz 1338ms (cache miss)
npm http fetch GET 200 https://registry.npmjs.org/prepend-http/-/prepend-http-1.0.4.tgz 1337ms (cache miss)
npm http fetch GET 200 https://registry.npmjs.org/query-string/-/query-string-4.3.4.tgz 1338ms (cache miss)
npm http fetch GET 200 https://registry.npmjs.org/is-absolute-url/-/is-absolute-url-2.1.0.tgz 1347ms (cache miss)
npm http fetch GET 200 https://registry.npmjs.org/normalize-url/-/normalize-url-1.9.1.tgz 1355ms (cache miss)
npm http fetch GET 200 https://registry.npmjs.org/alphanum-sort/-/alphanum-sort-1.1.0.tgz 1360ms (cache miss)
npm http fetch GET 200 https://registry.npmjs.org/color/-/color-0.11.4.tgz 1360ms (cache miss)
npm http fetch GET 200 https://registry.npmjs.org/vendors/-/vendors-1.0.4.tgz 1371ms (cache miss)
npm http fetch GET 200 https://registry.npmjs.org/css-color-names/-/css-color-names-0.0.4.tgz 1371ms (cache miss)
npm http fetch GET 200 https://registry.npmjs.org/clone/-/clone-1.0.4.tgz 1371ms (cache miss)
npm http fetch GET 200 https://registry.npmjs.org/color-name/-/color-name-1.1.3.tgz 1371ms (cache miss)
npm http fetch GET 200 https://registry.npmjs.org/color-string/-/color-string-0.3.0.tgz 1375ms (cache miss)
npm http fetch GET 200 https://registry.npmjs.org/color-convert/-/color-convert-1.9.3.tgz 1408ms (cache miss)
npm http fetch GET 200 https://registry.npmjs.org/colormin/-/colormin-1.1.2.tgz 1437ms (cache miss)
npm http fetch GET 200 https://registry.npmjs.org/reduce-function-call/-/reduce-function-call-1.0.3.tgz 1454ms (cache miss)
npm http fetch GET 200 https://registry.npmjs.org/balanced-match/-/balanced-match-0.4.2.tgz 1479ms (cache miss)
npm http fetch GET 200 https://registry.npmjs.org/reduce-css-calc/-/reduce-css-calc-1.3.0.tgz 1480ms (cache miss)
npm http fetch GET 200 https://registry.npmjs.org/math-expression-evaluator/-/math-expression-evaluator-1.4.0.tgz 1481ms (cache miss)
npm http fetch GET 200 https://registry.npmjs.org/postcss-message-helpers/-/postcss-message-helpers-2.0.0.tgz 1491ms (cache miss)
npm http fetch GET 200 https://registry.npmjs.org/js-base64/-/js-base64-2.6.4.tgz 1492ms (cache miss)
npm http fetch GET 200 https://registry.npmjs.org/normalize-range/-/normalize-range-0.1.2.tgz 1504ms (cache miss)
npm http fetch GET 200 https://registry.npmjs.org/uniqs/-/uniqs-2.0.0.tgz 1505ms (cache miss)
npm http fetch GET 200 https://registry.npmjs.org/num2fraction/-/num2fraction-1.2.2.tgz 1505ms (cache miss)
npm http fetch GET 200 https://registry.npmjs.org/has-flag/-/has-flag-1.0.0.tgz 1509ms (cache miss)
npm http fetch GET 200 https://registry.npmjs.org/postcss-zindex/-/postcss-zindex-2.2.0.tgz 1510ms (cache miss)
npm http fetch GET 200 https://registry.npmjs.org/supports-color/-/supports-color-3.2.3.tgz 1528ms (cache miss)
npm http fetch GET 200 https://registry.npmjs.org/postcss-reduce-idents/-/postcss-reduce-idents-2.4.0.tgz 1574ms (cache miss)
npm http fetch GET 200 https://registry.npmjs.org/has-flag/-/has-flag-1.0.0.tgz 1586ms (cache miss)
npm http fetch GET 200 https://registry.npmjs.org/supports-color/-/supports-color-3.2.3.tgz 1610ms (cache miss)
npm http fetch GET 200 https://registry.npmjs.org/postcss-value-parser/-/postcss-value-parser-3.3.1.tgz 1629ms (cache miss)
npm http fetch GET 200 https://registry.npmjs.org/has-flag/-/has-flag-1.0.0.tgz 1630ms (cache miss)
npm http fetch GET 200 https://registry.npmjs.org/supports-color/-/supports-color-3.2.3.tgz 1641ms (cache miss)
npm http fetch GET 200 https://registry.npmjs.org/postcss-merge-idents/-/postcss-merge-idents-2.1.7.tgz 1643ms (cache miss)
npm http fetch GET 200 https://registry.npmjs.org/postcss-value-parser/-/postcss-value-parser-3.3.1.tgz 1646ms (cache miss)
npm http fetch GET 200 https://registry.npmjs.org/postcss-filter-plugins/-/postcss-filter-plugins-2.0.3.tgz 1655ms (cache miss)
npm http fetch GET 200 https://registry.npmjs.org/supports-color/-/supports-color-3.2.3.tgz 1656ms (cache miss)
npm http fetch GET 200 https://registry.npmjs.org/postcss/-/postcss-5.2.18.tgz 1667ms (cache miss)
npm http fetch GET 200 https://registry.npmjs.org/has-flag/-/has-flag-1.0.0.tgz 1681ms (cache miss)
npm http fetch GET 200 https://registry.npmjs.org/postcss-discard-unused/-/postcss-discard-unused-2.2.3.tgz 1720ms (cache miss)
npm http fetch GET 200 https://registry.npmjs.org/postcss/-/postcss-5.2.18.tgz 1727ms (cache miss)
npm http fetch GET 200 https://registry.npmjs.org/has-flag/-/has-flag-1.0.0.tgz 1746ms (cache miss)
npm http fetch GET 200 https://registry.npmjs.org/supports-color/-/supports-color-3.2.3.tgz 1775ms (cache miss)
npm http fetch GET 200 https://registry.npmjs.org/has/-/has-1.0.4.tgz 1775ms (cache miss)
npm http fetch GET 200 https://registry.npmjs.org/picomatch/-/picomatch-2.3.2.tgz 1787ms (cache miss)
npm http fetch GET 200 https://registry.npmjs.org/color-name/-/color-name-1.1.4.tgz 1788ms (cache miss)
npm http fetch GET 200 https://registry.npmjs.org/defined/-/defined-1.0.1.tgz 1789ms (cache miss)
npm http fetch GET 200 https://registry.npmjs.org/color-convert/-/color-convert-2.0.1.tgz 1795ms (cache miss)
npm http fetch GET 200 https://registry.npmjs.org/code-point-at/-/code-point-at-1.1.0.tgz 1797ms (cache miss)
npm http fetch GET 200 https://registry.npmjs.org/number-is-nan/-/number-is-nan-1.0.1.tgz 1828ms (cache miss)
npm http fetch GET 200 https://registry.npmjs.org/amdefine/-/amdefine-1.0.1.tgz 1855ms (cache miss)
npm http fetch GET 200 https://registry.npmjs.org/postcss/-/postcss-5.2.18.tgz 1864ms (cache miss)
npm http fetch GET 200 https://registry.npmjs.org/path-dirname/-/path-dirname-1.0.2.tgz 1873ms (cache miss)
npm warn deprecated path-dirname@1.0.2: Package no longer supported. Contact Support at https://www.npmjs.com/support for more info.
npm http fetch GET 200 https://registry.npmjs.org/node-exports-info/-/node-exports-info-1.6.2.tgz 1890ms (cache miss)
npm http fetch GET 200 https://registry.npmjs.org/stackframe/-/stackframe-0.3.1.tgz 1912ms (cache miss)
npm http fetch GET 200 https://registry.npmjs.org/inflight/-/inflight-1.0.6.tgz 1933ms (cache miss)
npm warn deprecated inflight@1.0.6: This module is not supported, and leaks memory. Do not use it. Check out lru-cache if you want a good and tested way to coalesce async requests by a key value, which is much more comprehensive and powerful.
npm http fetch GET 200 https://registry.npmjs.org/sourcemapped-stacktrace/-/sourcemapped-stacktrace-1.1.11.tgz 1936ms (cache miss)
npm http fetch GET 200 https://registry.npmjs.org/error-stack-parser/-/error-stack-parser-1.3.6.tgz 1945ms (cache miss)
npm http fetch GET 200 https://registry.npmjs.org/require-from-string/-/require-from-string-2.0.2.tgz 1946ms (cache miss)
npm http fetch GET 200 https://registry.npmjs.org/fs.realpath/-/fs.realpath-1.0.0.tgz 1947ms (cache miss)
npm http fetch GET 200 https://registry.npmjs.org/postcss/-/postcss-5.2.18.tgz 1952ms (cache miss)
npm http fetch GET 200 https://registry.npmjs.org/type-fest/-/type-fest-0.20.2.tgz 1999ms (cache miss)
npm http fetch GET 200 https://registry.npmjs.org/fast-uri/-/fast-uri-3.1.8.tgz 2004ms (cache miss)
npm http fetch GET 200 https://registry.npmjs.org/spdx-exceptions/-/spdx-exceptions-2.5.0.tgz 2010ms (cache miss)
npm http fetch GET 200 https://registry.npmjs.org/postcss/-/postcss-5.2.18.tgz 2013ms (cache miss)
npm http fetch GET 200 https://registry.npmjs.org/spdx-license-ids/-/spdx-license-ids-3.0.24.tgz 2021ms (cache miss)
npm http fetch GET 200 https://registry.npmjs.org/spdx-expression-parse/-/spdx-expression-parse-3.0.1.tgz 2028ms (cache miss)
npm http fetch GET 200 https://registry.npmjs.org/spdx-correct/-/spdx-correct-3.2.0.tgz 2052ms (cache miss)
npm http fetch GET 200 https://registry.npmjs.org/validate-npm-package-license/-/validate-npm-package-license-3.0.4.tgz 2064ms (cache miss)
npm http fetch GET 200 https://registry.npmjs.org/path-type/-/path-type-1.1.0.tgz 2080ms (cache miss)
npm http fetch GET 200 https://registry.npmjs.org/hosted-git-info/-/hosted-git-info-2.8.9.tgz 2080ms (cache miss)
npm http fetch GET 200 https://registry.npmjs.org/semver/-/semver-5.7.2.tgz 2088ms (cache miss)
npm http fetch GET 200 https://registry.npmjs.org/normalize-package-data/-/normalize-package-data-2.5.0.tgz 2092ms (cache miss)
npm http fetch GET 200 https://registry.npmjs.org/pify/-/pify-2.3.0.tgz 2094ms (cache miss)
npm http fetch GET 200 https://registry.npmjs.org/load-json-file/-/load-json-file-1.1.0.tgz 2125ms (cache miss)
npm http fetch GET 200 https://registry.npmjs.org/pify/-/pify-2.3.0.tgz 2152ms (cache miss)
npm http fetch GET 200 https://registry.npmjs.org/strip-bom/-/strip-bom-2.0.0.tgz 2153ms (cache miss)
npm http fetch GET 200 https://registry.npmjs.org/parse-json/-/parse-json-2.2.0.tgz 2153ms (cache miss)
npm http fetch GET 200 https://registry.npmjs.org/invert-kv/-/invert-kv-1.0.0.tgz 2165ms (cache miss)
npm http fetch GET 200 https://registry.npmjs.org/read-pkg/-/read-pkg-1.1.0.tgz 2182ms (cache miss)
npm http fetch GET 200 https://registry.npmjs.org/source-map/-/source-map-0.5.6.tgz 2195ms (cache miss)
npm http fetch GET 200 https://registry.npmjs.org/lcid/-/lcid-1.0.0.tgz 2192ms (cache miss)
npm http fetch GET 200 https://registry.npmjs.org/yargs-parser/-/yargs-parser-5.0.1.tgz 2201ms (cache miss)
npm http fetch GET 200 https://registry.npmjs.org/y18n/-/y18n-3.2.2.tgz 2224ms (cache miss)
npm http fetch GET 200 https://registry.npmjs.org/set-blocking/-/set-blocking-2.0.0.tgz 2224ms (cache miss)
npm http fetch GET 200 https://registry.npmjs.org/which-module/-/which-module-1.0.0.tgz 2226ms (cache miss)
npm http fetch GET 200 https://registry.npmjs.org/require-directory/-/require-directory-2.1.1.tgz 2229ms (cache miss)
npm http fetch GET 200 https://registry.npmjs.org/require-main-filename/-/require-main-filename-1.0.1.tgz 2241ms (cache miss)
npm http fetch GET 200 https://registry.npmjs.org/read-pkg-up/-/read-pkg-up-1.0.1.tgz 2257ms (cache miss)
npm http fetch GET 200 https://registry.npmjs.org/os-locale/-/os-locale-1.4.0.tgz 2287ms (cache miss)
npm http fetch GET 200 https://registry.npmjs.org/path-exists/-/path-exists-2.1.0.tgz 2295ms (cache miss)
npm http fetch GET 200 https://registry.npmjs.org/find-up/-/find-up-1.1.2.tgz 2304ms (cache miss)
npm http fetch GET 200 https://registry.npmjs.org/cliui/-/cliui-3.2.0.tgz 2321ms (cache miss)
npm http fetch GET 200 https://registry.npmjs.org/get-caller-file/-/get-caller-file-1.0.3.tgz 2321ms (cache miss)
npm http fetch GET 200 https://registry.npmjs.org/decamelize/-/decamelize-1.2.0.tgz 2327ms (cache miss)
npm http fetch GET 200 https://registry.npmjs.org/is-fullwidth-code-point/-/is-fullwidth-code-point-1.0.0.tgz 2333ms (cache miss)
npm http fetch GET 200 https://registry.npmjs.org/wrap-ansi/-/wrap-ansi-2.1.0.tgz 2350ms (cache miss)
npm http fetch GET 200 https://registry.npmjs.org/string-width/-/string-width-1.0.2.tgz 2353ms (cache miss)
npm http fetch GET 200 https://registry.npmjs.org/camelcase/-/camelcase-3.0.0.tgz 2360ms (cache miss)
npm http fetch GET 200 https://registry.npmjs.org/is-weakmap/-/is-weakmap-2.0.2.tgz 2371ms (cache miss)
npm http fetch GET 200 https://registry.npmjs.org/is-weakset/-/is-weakset-2.0.4.tgz 2373ms (cache miss)
npm http fetch GET 200 https://registry.npmjs.org/is-map/-/is-map-2.0.3.tgz 2393ms (cache miss)
npm http fetch GET 200 https://registry.npmjs.org/generator-function/-/generator-function-2.0.1.tgz 2394ms (cache miss)
npm http fetch GET 200 https://registry.npmjs.org/async-function/-/async-function-1.0.0.tgz 2427ms (cache miss)
npm http fetch GET 200 https://registry.npmjs.org/which-collection/-/which-collection-1.0.2.tgz 2433ms (cache miss)
npm http fetch GET 200 https://registry.npmjs.org/is-finalizationregistry/-/is-finalizationregistry-1.1.1.tgz 2457ms (cache miss)
npm http fetch GET 200 https://registry.npmjs.org/is-generator-function/-/is-generator-function-1.1.2.tgz 2461ms (cache miss)
npm http fetch GET 200 https://registry.npmjs.org/is-async-function/-/is-async-function-2.1.1.tgz 2464ms (cache miss)
npm http fetch GET 200 https://registry.npmjs.org/is-number-object/-/is-number-object-1.1.1.tgz 2476ms (cache miss)
npm http fetch GET 200 https://registry.npmjs.org/is-boolean-object/-/is-boolean-object-1.2.2.tgz 2476ms (cache miss)
npm http fetch GET 200 https://registry.npmjs.org/caniuse-db/-/caniuse-db-1.0.30001814.tgz 2504ms (cache miss)
npm http fetch GET 200 https://registry.npmjs.org/isexe/-/isexe-2.0.0.tgz 2492ms (cache miss)
npm http fetch GET 200 https://registry.npmjs.org/webidl-conversions/-/webidl-conversions-3.0.1.tgz 2501ms (cache miss)
npm http fetch GET 200 https://registry.npmjs.org/websocket-extensions/-/websocket-extensions-0.1.4.tgz 2524ms (cache miss)
npm http fetch GET 200 https://registry.npmjs.org/http-parser-js/-/http-parser-js-0.5.10.tgz 2524ms (cache miss)
npm http fetch GET 200 https://registry.npmjs.org/is-docker/-/is-docker-2.2.1.tgz 2534ms (cache miss)
npm http fetch GET 200 https://registry.npmjs.org/tr46/-/tr46-0.0.3.tgz 2548ms (cache miss)
npm http fetch GET 200 https://registry.npmjs.org/is-wsl/-/is-wsl-2.2.0.tgz 2563ms (cache miss)
npm http fetch GET 200 https://registry.npmjs.org/shellwords/-/shellwords-0.1.1.tgz 2564ms (cache miss)
npm http fetch GET 200 https://registry.npmjs.org/is-bigint/-/is-bigint-1.1.0.tgz 2585ms (cache miss)
npm http fetch GET 200 https://registry.npmjs.org/growly/-/growly-1.3.0.tgz 2585ms (cache miss)
npm http fetch GET 200 https://registry.npmjs.org/semver/-/semver-7.8.5.tgz 2614ms (cache miss)
npm http fetch GET 200 https://registry.npmjs.org/totalist/-/totalist-3.0.1.tgz 2629ms (cache miss)
npm http fetch GET 200 https://registry.npmjs.org/uuid/-/uuid-8.3.2.tgz 2636ms (cache miss)
npm warn deprecated uuid@8.3.2: uuid@10 and below is no longer supported.  For ESM codebases, update to uuid@latest.  For CommonJS codebases, use uuid@11 (but be aware this version will likely be deprecated in 2028).
npm http fetch GET 200 https://registry.npmjs.org/@types/node-notifier/-/node-notifier-8.0.5.tgz 2639ms (cache miss)
npm http fetch GET 200 https://registry.npmjs.org/html-entities/-/html-entities-2.6.0.tgz 2641ms (cache miss)
npm http fetch GET 200 https://registry.npmjs.org/ansi-html-community/-/ansi-html-community-0.0.8.tgz 2643ms (cache miss)
npm http fetch GET 200 https://registry.npmjs.org/mrmime/-/mrmime-2.0.1.tgz 2656ms (cache miss)
npm http fetch GET 200 https://registry.npmjs.org/duplexer/-/duplexer-0.1.2.tgz 2671ms (cache miss)
npm http fetch GET 200 https://registry.npmjs.org/@polka/url/-/url-1.0.0-next.29.tgz 2690ms (cache miss)
npm http fetch GET 200 https://registry.npmjs.org/sirv/-/sirv-2.0.4.tgz 2704ms (cache miss)
npm http fetch GET 200 https://registry.npmjs.org/opener/-/opener-1.5.2.tgz 2704ms (cache miss)
npm http fetch GET 200 https://registry.npmjs.org/ws/-/ws-7.5.13.tgz 2707ms (cache miss)
npm http fetch GET 200 https://registry.npmjs.org/gzip-size/-/gzip-size-6.0.0.tgz 2722ms (cache miss)
npm http fetch GET 200 https://registry.npmjs.org/html-escaper/-/html-escaper-2.0.2.tgz 2727ms (cache miss)
npm http fetch GET 200 https://registry.npmjs.org/debounce/-/debounce-1.2.1.tgz 2751ms (cache miss)
npm http fetch GET 200 https://registry.npmjs.org/acorn-walk/-/acorn-walk-8.3.5.tgz 2770ms (cache miss)
npm http fetch GET 200 https://registry.npmjs.org/merge-stream/-/merge-stream-2.0.0.tgz 2780ms (cache miss)
npm http fetch GET 200 https://registry.npmjs.org/@discoveryjs/json-ext/-/json-ext-0.5.7.tgz 2782ms (cache miss)
npm http fetch GET 200 https://registry.npmjs.org/source-map/-/source-map-0.6.1.tgz 2803ms (cache miss)
npm http fetch GET 200 https://registry.npmjs.org/terser/-/terser-5.51.2.tgz 2816ms (cache miss)
npm http fetch GET 200 https://registry.npmjs.org/@jridgewell/source-map/-/source-map-0.3.11.tgz 2817ms (cache miss)
npm http fetch GET 200 https://registry.npmjs.org/commander/-/commander-2.20.3.tgz 2822ms (cache miss)
npm http fetch GET 200 https://registry.npmjs.org/supports-color/-/supports-color-8.1.1.tgz 2841ms (cache miss)
npm http fetch GET 200 https://registry.npmjs.org/source-map-support/-/source-map-support-0.5.21.tgz 2853ms (cache miss)
npm http fetch GET 200 https://registry.npmjs.org/jest-worker/-/jest-worker-27.5.1.tgz 2855ms (cache miss)
npm http fetch GET 200 https://registry.npmjs.org/@webassemblyjs/utf8/-/utf8-1.13.2.tgz 2867ms (cache miss)
npm http fetch GET 200 https://registry.npmjs.org/@webassemblyjs/leb128/-/leb128-1.13.2.tgz 2869ms (cache miss)
npm http fetch GET 200 https://registry.npmjs.org/@xtuc/ieee754/-/ieee754-1.2.0.tgz 2872ms (cache miss)
npm http fetch GET 200 https://registry.npmjs.org/@webassemblyjs/ieee754/-/ieee754-1.13.2.tgz 2894ms (cache miss)
npm http fetch GET 200 https://registry.npmjs.org/@webassemblyjs/wasm-gen/-/wasm-gen-1.14.1.tgz 2927ms (cache miss)
npm http fetch GET 200 https://registry.npmjs.org/@webassemblyjs/wasm-opt/-/wasm-opt-1.14.1.tgz 2927ms (cache miss)
npm http fetch GET 200 https://registry.npmjs.org/@webassemblyjs/wast-printer/-/wast-printer-1.14.1.tgz 2934ms (cache miss)
npm http fetch GET 200 https://registry.npmjs.org/@webassemblyjs/helper-buffer/-/helper-buffer-1.14.1.tgz 2946ms (cache miss)
npm http fetch GET 200 https://registry.npmjs.org/@webassemblyjs/helper-wasm-section/-/helper-wasm-section-1.14.1.tgz 2948ms (cache miss)
npm http fetch GET 200 https://registry.npmjs.org/@webassemblyjs/helper-api-error/-/helper-api-error-1.13.2.tgz 2976ms (cache miss)
npm http fetch GET 200 https://registry.npmjs.org/@webassemblyjs/floating-point-hex-parser/-/floating-point-hex-parser-1.13.2.tgz 2988ms (cache miss)
npm http fetch GET 200 https://registry.npmjs.org/@xtuc/long/-/long-4.2.2.tgz 2996ms (cache miss)
npm http fetch GET 200 https://registry.npmjs.org/@webassemblyjs/helper-numbers/-/helper-numbers-1.13.2.tgz 2998ms (cache miss)
npm http fetch GET 200 https://registry.npmjs.org/watchpack/-/watchpack-2.5.2.tgz 3013ms (cache miss)
npm http fetch GET 200 https://registry.npmjs.org/events/-/events-3.3.0.tgz 3040ms (cache miss)
npm http fetch GET 200 https://registry.npmjs.org/webpack-sources/-/webpack-sources-3.6.0.tgz 3047ms (cache miss)
npm http fetch GET 200 https://registry.npmjs.org/es-module-lexer/-/es-module-lexer-2.3.2.tgz 3064ms (cache miss)
npm http fetch GET 200 https://registry.npmjs.org/chrome-trace-event/-/chrome-trace-event-1.0.4.tgz 3067ms (cache miss)
npm http fetch GET 200 https://registry.npmjs.org/minimizer-webpack-plugin/-/minimizer-webpack-plugin-5.12.0.tgz 3076ms (cache miss)
npm http fetch GET 200 https://registry.npmjs.org/@webassemblyjs/wasm-edit/-/wasm-edit-1.14.1.tgz 3080ms (cache miss)
npm http fetch GET 200 https://registry.npmjs.org/@webassemblyjs/ast/-/ast-1.14.1.tgz 3098ms (cache miss)
npm http fetch GET 200 https://registry.npmjs.org/@webassemblyjs/wasm-parser/-/wasm-parser-1.14.1.tgz 3101ms (cache miss)
npm http fetch GET 200 https://registry.npmjs.org/@webassemblyjs/helper-wasm-bytecode/-/helper-wasm-bytecode-1.13.2.tgz 3111ms (cache miss)
npm http fetch GET 200 https://registry.npmjs.org/buffer-equal/-/buffer-equal-1.0.1.tgz 3130ms (cache miss)
npm http fetch GET 200 https://registry.npmjs.org/@types/estree/-/estree-1.0.9.tgz 3131ms (cache miss)
npm http fetch GET 200 https://registry.npmjs.org/append-buffer/-/append-buffer-1.0.2.tgz 3143ms (cache miss)
npm http fetch GET 200 https://registry.npmjs.org/is-utf8/-/is-utf8-0.2.1.tgz 3145ms (cache miss)
npm http fetch GET 200 https://registry.npmjs.org/through2-filter/-/through2-filter-3.0.0.tgz 3148ms (cache miss)
npm http fetch GET 200 https://registry.npmjs.org/is-buffer/-/is-buffer-1.1.6.tgz 3175ms (cache miss)
npm http fetch GET 200 https://registry.npmjs.org/stream-shift/-/stream-shift-1.0.3.tgz 3189ms (cache miss)
npm http fetch GET 200 https://registry.npmjs.org/pump/-/pump-2.0.1.tgz 3206ms (cache miss)
npm http fetch GET 200 https://registry.npmjs.org/unique-stream/-/unique-stream-2.4.0.tgz 3215ms (cache miss)
npm http fetch GET 200 https://registry.npmjs.org/duplexify/-/duplexify-3.7.1.tgz 3223ms (cache miss)
npm http fetch GET 200 https://registry.npmjs.org/flush-write-stream/-/flush-write-stream-1.1.1.tgz 3230ms (cache miss)
npm http fetch GET 200 https://registry.npmjs.org/to-absolute-glob/-/to-absolute-glob-2.0.2.tgz 3230ms (cache miss)
npm http fetch GET 200 https://registry.npmjs.org/ordered-read-streams/-/ordered-read-streams-1.0.1.tgz 3249ms (cache miss)
npm http fetch GET 200 https://registry.npmjs.org/vinyl-sourcemap/-/vinyl-sourcemap-1.1.0.tgz 3250ms (cache miss)
npm http fetch GET 200 https://registry.npmjs.org/value-or-function/-/value-or-function-3.0.0.tgz 3268ms (cache miss)
npm http fetch GET 200 https://registry.npmjs.org/normalize-path/-/normalize-path-2.1.1.tgz 3272ms (cache miss)
npm http fetch GET 200 https://registry.npmjs.org/to-through/-/to-through-2.0.0.tgz 3277ms (cache miss)
npm http fetch GET 200 https://registry.npmjs.org/convert-source-map/-/convert-source-map-1.9.0.tgz 3281ms (cache miss)
npm http fetch GET 200 https://registry.npmjs.org/remove-bom-stream/-/remove-bom-stream-1.2.0.tgz 3300ms (cache miss)
npm http fetch GET 200 https://registry.npmjs.org/resolve-options/-/resolve-options-1.1.0.tgz 3315ms (cache miss)
npm http fetch GET 200 https://registry.npmjs.org/remove-bom-buffer/-/remove-bom-buffer-3.0.0.tgz 3338ms (cache miss)
npm http fetch GET 200 https://registry.npmjs.org/node-notifier/-/node-notifier-9.0.1.tgz 3350ms (cache miss)
npm http fetch GET 200 https://registry.npmjs.org/pumpify/-/pumpify-1.5.1.tgz 3346ms (cache miss)
npm http fetch GET 200 https://registry.npmjs.org/lead/-/lead-1.0.0.tgz 3352ms (cache miss)
npm http fetch GET 200 https://registry.npmjs.org/lazystream/-/lazystream-1.0.1.tgz 3366ms (cache miss)
npm http fetch GET 200 https://registry.npmjs.org/glob-stream/-/glob-stream-6.1.0.tgz 3370ms (cache miss)
npm http fetch GET 200 https://registry.npmjs.org/is-valid-glob/-/is-valid-glob-1.0.0.tgz 3370ms (cache miss)
npm http fetch GET 200 https://registry.npmjs.org/glob-parent/-/glob-parent-3.1.0.tgz 3386ms (cache miss)
npm http fetch GET 200 https://registry.npmjs.org/is-glob/-/is-glob-3.1.0.tgz 3390ms (cache miss)
npm http fetch GET 200 https://registry.npmjs.org/glob/-/glob-7.2.3.tgz 3405ms (cache miss)
npm warn deprecated glob@7.2.3: Old versions of glob are not supported, and contain widely publicized security vulnerabilities, which have been fixed in the current version. Please update. Support for old versions may be purchased (at exorbitant rates) by contacting i@izs.me
npm http fetch GET 200 https://registry.npmjs.org/bufferstreams/-/bufferstreams-1.0.1.tgz 3416ms (cache miss)
npm http fetch GET 200 https://registry.npmjs.org/fs-mkdirp-stream/-/fs-mkdirp-stream-1.0.0.tgz 3417ms (cache miss)
npm http fetch GET 200 https://registry.npmjs.org/string_decoder/-/string_decoder-0.10.31.tgz 3425ms (cache miss)
npm http fetch GET 200 https://registry.npmjs.org/isarray/-/isarray-0.0.1.tgz 3452ms (cache miss)
npm http fetch GET 200 https://registry.npmjs.org/readable-stream/-/readable-stream-1.1.14.tgz 3456ms (cache miss)
npm http fetch GET 200 https://registry.npmjs.org/cloneable-readable/-/cloneable-readable-1.1.3.tgz 3473ms (cache miss)
npm http fetch GET 200 https://registry.npmjs.org/clone-stats/-/clone-stats-1.0.0.tgz 3477ms (cache miss)
npm http fetch GET 200 https://registry.npmjs.org/punycode/-/punycode-2.3.1.tgz 3483ms (cache miss)
npm http fetch GET 200 https://registry.npmjs.org/clone-buffer/-/clone-buffer-1.0.0.tgz 3497ms (cache miss)
npm warn deprecated clone-buffer@1.0.0: Package no longer supported. Contact Support at https://www.npmjs.com/support for more info.
npm http fetch GET 200 https://registry.npmjs.org/escalade/-/escalade-3.2.0.tgz 3506ms (cache miss)
npm http fetch GET 200 https://registry.npmjs.org/default-resolution/-/default-resolution-2.0.0.tgz 3514ms (cache miss)
npm warn deprecated default-resolution@2.0.0: Package no longer supported. Contact Support at https://www.npmjs.com/support for more info.
npm http fetch GET 200 https://registry.npmjs.org/now-and-later/-/now-and-later-2.0.1.tgz 3517ms (cache miss)
npm http fetch GET 200 https://registry.npmjs.org/async-settle/-/async-settle-1.0.0.tgz 3525ms (cache miss)
npm http fetch GET 200 https://registry.npmjs.org/array-last/-/array-last-1.3.0.tgz 3533ms (cache miss)
npm http fetch GET 200 https://registry.npmjs.org/array-initial/-/array-initial-1.1.0.tgz 3547ms (cache miss)
npm http fetch GET 200 https://registry.npmjs.org/is-number/-/is-number-4.0.0.tgz 3547ms (cache miss)
npm http fetch GET 200 https://registry.npmjs.org/is-number/-/is-number-4.0.0.tgz 3557ms (cache miss)
npm http fetch GET 200 https://registry.npmjs.org/arr-filter/-/arr-filter-1.1.2.tgz 3572ms (cache miss)
npm http fetch GET 200 https://registry.npmjs.org/undertaker-registry/-/undertaker-registry-1.0.1.tgz 3591ms (cache miss)
npm http fetch GET 200 https://registry.npmjs.org/object.reduce/-/object.reduce-1.0.1.tgz 3602ms (cache miss)
npm http fetch GET 200 https://registry.npmjs.org/es6-weak-map/-/es6-weak-map-2.0.3.tgz 3609ms (cache miss)
npm http fetch GET 200 https://registry.npmjs.org/last-run/-/last-run-1.1.1.tgz 3616ms (cache miss)
npm http fetch GET 200 https://registry.npmjs.org/collection-map/-/collection-map-1.0.0.tgz 3616ms (cache miss)
npm http fetch GET 200 https://registry.npmjs.org/bach/-/bach-1.2.0.tgz 3649ms (cache miss)
npm http fetch GET 200 https://registry.npmjs.org/arr-map/-/arr-map-2.0.2.tgz 3650ms (cache miss)
npm http fetch GET 200 https://registry.npmjs.org/which-boxed-primitive/-/which-boxed-primitive-1.1.1.tgz 3653ms (cache miss)
npm http fetch GET 200 https://registry.npmjs.org/which-builtin-type/-/which-builtin-type-1.2.1.tgz 3664ms (cache miss)
npm http fetch GET 200 https://registry.npmjs.org/has-bigints/-/has-bigints-1.1.0.tgz 3670ms (cache miss)
npm http fetch GET 200 https://registry.npmjs.org/isarray/-/isarray-2.0.5.tgz 3676ms (cache miss)
npm http fetch GET 200 https://registry.npmjs.org/for-each/-/for-each-0.3.5.tgz 3683ms (cache miss)
npm http fetch GET 200 https://registry.npmjs.org/reflect.getprototypeof/-/reflect.getprototypeof-1.0.10.tgz 3686ms (cache miss)
npm http fetch GET 200 https://registry.npmjs.org/media-typer/-/media-typer-0.3.0.tgz 3708ms (cache miss)
npm http fetch GET 200 https://registry.npmjs.org/strip-bom/-/strip-bom-3.0.0.tgz 3712ms (cache miss)
npm http fetch GET 200 https://registry.npmjs.org/@types/json5/-/json5-0.0.29.tgz 3732ms (cache miss)
npm http fetch GET 200 https://registry.npmjs.org/error/-/error-7.2.1.tgz 3747ms (cache miss)
npm http fetch GET 200 https://registry.npmjs.org/safe-json-parse/-/safe-json-parse-1.0.1.tgz 3761ms (cache miss)
npm http fetch GET 200 https://registry.npmjs.org/string-template/-/string-template-0.2.1.tgz 3762ms (cache miss)
npm http fetch GET 200 https://registry.npmjs.org/websocket-driver/-/websocket-driver-0.7.5.tgz 3765ms (cache miss)
npm http fetch GET 200 https://registry.npmjs.org/continuable-cache/-/continuable-cache-0.3.1.tgz 3790ms (cache miss)
npm http fetch GET 200 https://registry.npmjs.org/livereload-js/-/livereload-js-2.4.0.tgz 3796ms (cache miss)
npm http fetch GET 200 https://registry.npmjs.org/faye-websocket/-/faye-websocket-0.10.0.tgz 3800ms (cache miss)
npm http fetch GET 200 https://registry.npmjs.org/body/-/body-5.1.0.tgz 3804ms (cache miss)
npm http fetch GET 200 https://registry.npmjs.org/string_decoder/-/string_decoder-0.10.31.tgz 3808ms (cache miss)
npm http fetch GET 200 https://registry.npmjs.org/bytes/-/bytes-1.0.0.tgz 3817ms (cache miss)
npm http fetch GET 200 https://registry.npmjs.org/raw-body/-/raw-body-1.1.7.tgz 3818ms (cache miss)
npm warn deprecated raw-body@1.1.7: No longer maintained. Please upgrade to a stable version.
npm http fetch GET 200 https://registry.npmjs.org/xtend/-/xtend-4.0.2.tgz 3823ms (cache miss)
npm http fetch GET 200 https://registry.npmjs.org/slice-ansi/-/slice-ansi-4.0.0.tgz 3856ms (cache miss)
npm http fetch GET 200 https://registry.npmjs.org/ansi-styles/-/ansi-styles-4.3.0.tgz 3869ms (cache miss)
npm http fetch GET 200 https://registry.npmjs.org/lodash.truncate/-/lodash.truncate-4.4.2.tgz 3875ms (cache miss)
npm http fetch GET 200 https://registry.npmjs.org/astral-regex/-/astral-regex-2.0.0.tgz 3889ms (cache miss)
npm http fetch GET 200 https://registry.npmjs.org/domelementtype/-/domelementtype-2.3.0.tgz 3895ms (cache miss)
npm http fetch GET 200 https://registry.npmjs.org/dom-serializer/-/dom-serializer-2.0.0.tgz 3900ms (cache miss)
npm http fetch GET 200 https://registry.npmjs.org/entities/-/entities-4.5.0.tgz 3931ms (cache miss)
npm http fetch GET 200 https://registry.npmjs.org/domhandler/-/domhandler-5.0.3.tgz 3941ms (cache miss)
npm http fetch GET 200 https://registry.npmjs.org/boolbase/-/boolbase-1.0.0.tgz 3942ms (cache miss)
npm http fetch GET 200 https://registry.npmjs.org/nth-check/-/nth-check-2.1.1.tgz 3942ms (cache miss)
npm http fetch GET 200 https://registry.npmjs.org/domutils/-/domutils-3.2.2.tgz 3967ms (cache miss)
npm http fetch GET 200 https://registry.npmjs.org/css-what/-/css-what-6.2.2.tgz 3971ms (cache miss)
npm http fetch GET 200 https://registry.npmjs.org/mdn-data/-/mdn-data-2.0.28.tgz 3982ms (cache miss)
npm http fetch GET 200 https://registry.npmjs.org/has-flag/-/has-flag-4.0.0.tgz 4006ms (cache miss)
npm http fetch GET 200 https://registry.npmjs.org/delayed-stream/-/delayed-stream-1.0.0.tgz 4033ms (cache miss)
npm http fetch GET 200 https://registry.npmjs.org/dezalgo/-/dezalgo-1.0.4.tgz 4038ms (cache miss)
npm http fetch GET 200 https://registry.npmjs.org/combined-stream/-/combined-stream-1.0.8.tgz 4051ms (cache miss)
npm http fetch GET 200 https://registry.npmjs.org/csso/-/csso-5.0.5.tgz 4078ms (cache miss)
npm http fetch GET 200 https://registry.npmjs.org/@paralleldrive/cuid2/-/cuid2-2.3.1.tgz 4084ms (cache miss)
npm http fetch GET 200 https://registry.npmjs.org/asynckit/-/asynckit-0.4.0.tgz 4086ms (cache miss)
npm http fetch GET 200 https://registry.npmjs.org/form-data/-/form-data-4.0.6.tgz 4086ms (cache miss)
npm http fetch GET 200 https://registry.npmjs.org/css-select/-/css-select-5.2.2.tgz 4093ms (cache miss)
npm http fetch GET 200 https://registry.npmjs.org/formidable/-/formidable-2.1.5.tgz 4100ms (cache miss)
npm http fetch GET 200 https://registry.npmjs.org/fast-safe-stringify/-/fast-safe-stringify-2.1.1.tgz 4102ms (cache miss)
npm http fetch GET 200 https://registry.npmjs.org/is-arrayish/-/is-arrayish-0.2.1.tgz 4112ms (cache miss)
npm http fetch GET 200 https://registry.npmjs.org/cookiejar/-/cookiejar-2.1.4.tgz 4114ms (cache miss)
npm http fetch GET 200 https://registry.npmjs.org/@noble/hashes/-/hashes-1.8.0.tgz 4124ms (cache miss)
npm http fetch GET 200 https://registry.npmjs.org/css-tree/-/css-tree-2.2.1.tgz 4139ms (cache miss)
npm http fetch GET 200 https://registry.npmjs.org/lines-and-columns/-/lines-and-columns-1.2.4.tgz 4146ms (cache miss)
npm http fetch GET 200 https://registry.npmjs.org/error-ex/-/error-ex-1.3.4.tgz 4164ms (cache miss)
npm http fetch GET 200 https://registry.npmjs.org/merge2/-/merge2-1.4.1.tgz 4167ms (cache miss)
npm http fetch GET 200 https://registry.npmjs.org/json-parse-even-better-errors/-/json-parse-even-better-errors-2.3.1.tgz 4171ms (cache miss)
npm http fetch GET 200 https://registry.npmjs.org/write-file-atomic/-/write-file-atomic-5.0.1.tgz 4194ms (cache miss)
npm http fetch GET 200 https://registry.npmjs.org/parse-json/-/parse-json-5.2.0.tgz 4196ms (cache miss)
npm http fetch GET 200 https://registry.npmjs.org/env-paths/-/env-paths-2.2.1.tgz 4220ms (cache miss)
npm http fetch GET 200 https://registry.npmjs.org/emoji-regex/-/emoji-regex-8.0.0.tgz 4221ms (cache miss)
npm http fetch GET 200 https://registry.npmjs.org/ansi-regex/-/ansi-regex-5.0.1.tgz 4222ms (cache miss)
npm http fetch GET 200 https://registry.npmjs.org/json-schema-traverse/-/json-schema-traverse-1.0.0.tgz 4252ms (cache miss)
npm http fetch GET 200 https://registry.npmjs.org/strip-ansi/-/strip-ansi-6.0.1.tgz 4253ms (cache miss)
npm http fetch GET 200 https://registry.npmjs.org/string-width/-/string-width-4.2.3.tgz 4255ms (cache miss)
npm http fetch GET 200 https://registry.npmjs.org/table/-/table-6.9.0.tgz 4273ms (cache miss)
npm http fetch GET 200 https://registry.npmjs.org/svg-tags/-/svg-tags-1.0.0.tgz 4284ms (cache miss)
npm http fetch GET 200 https://registry.npmjs.org/supports-color/-/supports-color-7.2.0.tgz 4297ms (cache miss)
npm http fetch GET 200 https://registry.npmjs.org/supports-hyperlinks/-/supports-hyperlinks-3.2.0.tgz 4300ms (cache miss)
npm http fetch GET 200 https://registry.npmjs.org/mdn-data/-/mdn-data-2.27.1.tgz 4312ms (cache miss)
npm http fetch GET 200 https://registry.npmjs.org/postcss-safe-parser/-/postcss-safe-parser-7.1.0.tgz 4318ms (cache miss)
npm http fetch GET 200 https://registry.npmjs.org/postcss-resolve-nested-selector/-/postcss-resolve-nested-selector-0.1.6.tgz 4333ms (cache miss)
npm http fetch GET 200 https://registry.npmjs.org/mathml-tag-names/-/mathml-tag-names-2.1.3.tgz 4354ms (cache miss)
npm http fetch GET 200 https://registry.npmjs.org/html-tags/-/html-tags-3.3.1.tgz 4361ms (cache miss)
npm http fetch GET 200 https://registry.npmjs.org/known-css-properties/-/known-css-properties-0.37.0.tgz 4361ms (cache miss)
npm http fetch GET 200 https://registry.npmjs.org/meow/-/meow-13.2.0.tgz 4377ms (cache miss)
npm http fetch GET 200 https://registry.npmjs.org/globjoin/-/globjoin-0.1.4.tgz 4387ms (cache miss)
npm http fetch GET 200 https://registry.npmjs.org/fastest-levenshtein/-/fastest-levenshtein-1.0.16.tgz 4390ms (cache miss)
npm http fetch GET 200 https://registry.npmjs.org/is-number/-/is-number-7.0.0.tgz 4397ms (cache miss)
npm http fetch GET 200 https://registry.npmjs.org/fast-glob/-/fast-glob-3.3.3.tgz 4411ms (cache miss)
npm http fetch GET 200 https://registry.npmjs.org/fill-range/-/fill-range-7.1.1.tgz 4428ms (cache miss)
npm http fetch GET 200 https://registry.npmjs.org/braces/-/braces-3.0.3.tgz 4431ms (cache miss)
npm http fetch GET 200 https://registry.npmjs.org/to-regex-range/-/to-regex-range-5.0.1.tgz 4438ms (cache miss)
npm http fetch GET 200 https://registry.npmjs.org/micromatch/-/micromatch-4.0.8.tgz 4439ms (cache miss)
npm http fetch GET 200 https://registry.npmjs.org/ajv/-/ajv-8.20.0.tgz 4447ms (cache miss)
npm http fetch GET 200 https://registry.npmjs.org/glob-parent/-/glob-parent-5.1.2.tgz 4452ms (cache miss)
npm http fetch GET 200 https://registry.npmjs.org/css-functions-list/-/css-functions-list-3.3.3.tgz 4475ms (cache miss)
npm http fetch GET 200 https://registry.npmjs.org/cosmiconfig/-/cosmiconfig-9.0.2.tgz 4496ms (cache miss)
npm http fetch GET 200 https://registry.npmjs.org/@csstools/media-query-list-parser/-/media-query-list-parser-4.0.3.tgz 4513ms (cache miss)
npm http fetch GET 200 https://registry.npmjs.org/@dual-bundle/import-meta-resolve/-/import-meta-resolve-4.2.1.tgz 4527ms (cache miss)
npm http fetch GET 200 https://registry.npmjs.org/is-fullwidth-code-point/-/is-fullwidth-code-point-3.0.0.tgz 4531ms (cache miss)
npm http fetch GET 200 https://registry.npmjs.org/eastasianwidth/-/eastasianwidth-0.2.0.tgz 4539ms (cache miss)
npm http fetch GET 200 https://registry.npmjs.org/@csstools/css-parser-algorithms/-/css-parser-algorithms-3.0.5.tgz 4539ms (cache miss)
npm http fetch GET 200 https://registry.npmjs.org/@csstools/css-tokenizer/-/css-tokenizer-3.0.4.tgz 4548ms (cache miss)
npm http fetch GET 200 https://registry.npmjs.org/@csstools/css-syntax-patches-for-csstree/-/css-syntax-patches-for-csstree-1.1.15.tgz 4549ms (cache miss)
npm http fetch GET 200 https://registry.npmjs.org/copy-descriptor/-/copy-descriptor-0.1.1.tgz 4560ms (cache miss)
npm http fetch GET 200 https://registry.npmjs.org/object-copy/-/object-copy-0.1.0.tgz 4563ms (cache miss)
npm http fetch GET 200 https://registry.npmjs.org/kind-of/-/kind-of-3.2.2.tgz 4575ms (cache miss)
npm http fetch GET 200 https://registry.npmjs.org/is-descriptor/-/is-descriptor-0.1.8.tgz 4576ms (cache miss)
npm http fetch GET 200 https://registry.npmjs.org/define-property/-/define-property-0.2.5.tgz 4596ms (cache miss)
npm http fetch GET 200 https://registry.npmjs.org/source-map-url/-/source-map-url-0.4.1.tgz 4614ms (cache miss)
npm warn deprecated source-map-url@0.4.1: See https://github.com/lydell/source-map-url#deprecated
npm http fetch GET 200 https://registry.npmjs.org/urix/-/urix-0.1.0.tgz 4627ms (cache miss)
npm warn deprecated urix@0.1.0: Please see https://github.com/lydell/urix#deprecated
npm http fetch GET 200 https://registry.npmjs.org/resolve-url/-/resolve-url-0.2.1.tgz 4653ms (cache miss)
npm warn deprecated resolve-url@0.2.1: https://github.com/lydell/resolve-url#deprecated
npm http fetch GET 200 https://registry.npmjs.org/decode-uri-component/-/decode-uri-component-0.2.2.tgz 4666ms (cache miss)
npm http fetch GET 200 https://registry.npmjs.org/atob/-/atob-2.1.2.tgz 4672ms (cache miss)
npm http fetch GET 200 https://registry.npmjs.org/snapdragon-util/-/snapdragon-util-3.0.1.tgz 4677ms (cache miss)
npm http fetch GET 200 https://registry.npmjs.org/has-values/-/has-values-1.0.0.tgz 4683ms (cache miss)
npm http fetch GET 200 https://registry.npmjs.org/kind-of/-/kind-of-3.2.2.tgz 4693ms (cache miss)
npm http fetch GET 200 https://registry.npmjs.org/object-visit/-/object-visit-1.0.1.tgz 4697ms (cache miss)
npm http fetch GET 200 https://registry.npmjs.org/kind-of/-/kind-of-4.0.0.tgz 4697ms (cache miss)
npm http fetch GET 200 https://registry.npmjs.org/static-extend/-/static-extend-0.1.2.tgz 4697ms (cache miss)
npm http fetch GET 200 https://registry.npmjs.org/map-visit/-/map-visit-1.0.0.tgz 4711ms (cache miss)
npm http fetch GET 200 https://registry.npmjs.org/is-descriptor/-/is-descriptor-0.1.8.tgz 4712ms (cache miss)
npm http fetch GET 200 https://registry.npmjs.org/unset-value/-/unset-value-1.0.0.tgz 4747ms (cache miss)
npm http fetch GET 200 https://registry.npmjs.org/has-values/-/has-values-0.1.4.tgz 4755ms (cache miss)
npm http fetch GET 200 https://registry.npmjs.org/has-value/-/has-value-0.3.1.tgz 4767ms (cache miss)
npm http fetch GET 200 https://registry.npmjs.org/isobject/-/isobject-2.1.0.tgz 4794ms (cache miss)
npm http fetch GET 200 https://registry.npmjs.org/css-tree/-/css-tree-3.2.1.tgz 4801ms (cache miss)
npm http fetch GET 200 https://registry.npmjs.org/union-value/-/union-value-1.0.1.tgz 4800ms (cache miss)
npm http fetch GET 200 https://registry.npmjs.org/define-property/-/define-property-0.2.5.tgz 4814ms (cache miss)
npm http fetch GET 200 https://registry.npmjs.org/to-object-path/-/to-object-path-0.3.0.tgz 4815ms (cache miss)
npm http fetch GET 200 https://registry.npmjs.org/set-value/-/set-value-2.0.1.tgz 4827ms (cache miss)
npm http fetch GET 200 https://registry.npmjs.org/is-plain-object/-/is-plain-object-2.0.4.tgz 4834ms (cache miss)
npm http fetch GET 200 https://registry.npmjs.org/collection-visit/-/collection-visit-1.0.0.tgz 4835ms (cache miss)
npm http fetch GET 200 https://registry.npmjs.org/kind-of/-/kind-of-3.2.2.tgz 4835ms (cache miss)
npm http fetch GET 200 https://registry.npmjs.org/has-value/-/has-value-1.0.0.tgz 4840ms (cache miss)
npm http fetch GET 200 https://registry.npmjs.org/mixin-deep/-/mixin-deep-1.3.2.tgz 4845ms (cache miss)
npm http fetch GET 200 https://registry.npmjs.org/pascalcase/-/pascalcase-0.1.1.tgz 4852ms (cache miss)
npm http fetch GET 200 https://registry.npmjs.org/is-plain-object/-/is-plain-object-2.0.4.tgz 4896ms (cache miss)
npm http fetch GET 200 https://registry.npmjs.org/component-emitter/-/component-emitter-1.3.1.tgz 4906ms (cache miss)
npm http fetch GET 200 https://registry.npmjs.org/class-utils/-/class-utils-0.3.6.tgz 4906ms (cache miss)
npm http fetch GET 200 https://registry.npmjs.org/cache-base/-/cache-base-1.0.1.tgz 4937ms (cache miss)
npm http fetch GET 200 https://registry.npmjs.org/is-descriptor/-/is-descriptor-0.1.8.tgz 4941ms (cache miss)
npm http fetch GET 200 https://registry.npmjs.org/is-extendable/-/is-extendable-1.0.1.tgz 4946ms (cache miss)
npm http fetch GET 200 https://registry.npmjs.org/define-property/-/define-property-0.2.5.tgz 4950ms (cache miss)
npm http fetch GET 200 https://registry.npmjs.org/use/-/use-3.1.1.tgz 4960ms (cache miss)
npm http fetch GET 200 https://registry.npmjs.org/base/-/base-0.11.2.tgz 4969ms (cache miss)
npm http fetch GET 200 https://registry.npmjs.org/side-channel-map/-/side-channel-map-1.0.1.tgz 4970ms (cache miss)
npm http fetch GET 200 https://registry.npmjs.org/side-channel-weakmap/-/side-channel-weakmap-1.0.2.tgz 4978ms (cache miss)
npm http fetch GET 200 https://registry.npmjs.org/source-map-resolve/-/source-map-resolve-0.5.3.tgz 4978ms (cache miss)
npm warn deprecated source-map-resolve@0.5.3: See https://github.com/lydell/source-map-resolve#deprecated
npm http fetch GET 200 https://registry.npmjs.org/side-channel-list/-/side-channel-list-1.0.1.tgz 4983ms (cache miss)
npm http fetch GET 200 https://registry.npmjs.org/define-property/-/define-property-1.0.0.tgz 4989ms (cache miss)
npm http fetch GET 200 https://registry.npmjs.org/shebang-regex/-/shebang-regex-3.0.0.tgz 4989ms (cache miss)
npm http fetch GET 200 https://registry.npmjs.org/sver-compat/-/sver-compat-1.5.0.tgz 5047ms (cache miss)
npm http fetch GET 200 https://registry.npmjs.org/@types/json-schema/-/json-schema-7.0.15.tgz 5046ms (cache miss)
npm http fetch GET 200 https://registry.npmjs.org/ajv-formats/-/ajv-formats-3.0.1.tgz 5051ms (cache miss)
npm http fetch GET 200 https://registry.npmjs.org/json-schema-traverse/-/json-schema-traverse-1.0.0.tgz 5076ms (cache miss)
npm http fetch GET 200 https://registry.npmjs.org/ret/-/ret-0.1.15.tgz 5095ms (cache miss)
npm http fetch GET 200 https://registry.npmjs.org/queue-microtask/-/queue-microtask-1.2.3.tgz 5096ms (cache miss)
npm http fetch GET 200 https://registry.npmjs.org/global-prefix/-/global-prefix-1.0.2.tgz 5099ms (cache miss)
npm http fetch GET 200 https://registry.npmjs.org/which/-/which-1.3.1.tgz 5104ms (cache miss)
npm http fetch GET 200 https://registry.npmjs.org/ini/-/ini-1.3.8.tgz 5105ms (cache miss)
npm http fetch GET 200 https://registry.npmjs.org/global-modules/-/global-modules-1.0.0.tgz 5117ms (cache miss)
npm http fetch GET 200 https://registry.npmjs.org/path-parse/-/path-parse-1.0.7.tgz 5120ms (cache miss)
npm http fetch GET 200 https://registry.npmjs.org/is-finite/-/is-finite-1.1.0.tgz 5127ms (cache miss)
npm http fetch GET 200 https://registry.npmjs.org/supports-preserve-symlinks-flag/-/supports-preserve-symlinks-flag-1.0.0.tgz 5128ms (cache miss)
npm http fetch GET 200 https://registry.npmjs.org/remove-trailing-separator/-/remove-trailing-separator-1.1.0.tgz 5136ms (cache miss)
npm http fetch GET 200 https://registry.npmjs.org/jsesc/-/jsesc-0.5.0.tgz 5189ms (cache miss)
npm http fetch GET 200 https://registry.npmjs.org/regjsgen/-/regjsgen-0.2.0.tgz 5191ms (cache miss)
npm http fetch GET 200 https://registry.npmjs.org/regjsparser/-/regjsparser-0.1.5.tgz 5193ms (cache miss)
npm http fetch GET 200 https://registry.npmjs.org/regenerate/-/regenerate-1.4.2.tgz 5217ms (cache miss)
npm http fetch GET 200 https://registry.npmjs.org/string_decoder/-/string_decoder-1.1.1.tgz 5231ms (cache miss)
npm http fetch GET 200 https://registry.npmjs.org/safe-buffer/-/safe-buffer-5.1.2.tgz 5232ms (cache miss)
npm http fetch GET 200 https://registry.npmjs.org/isarray/-/isarray-1.0.0.tgz 5236ms (cache miss)
npm http fetch GET 200 https://registry.npmjs.org/safe-regex/-/safe-regex-1.1.0.tgz 5238ms (cache miss)
npm http fetch GET 200 https://registry.npmjs.org/core-util-is/-/core-util-is-1.0.3.tgz 5243ms (cache miss)
npm http fetch GET 200 https://registry.npmjs.org/consolidated-events/-/consolidated-events-2.0.2.tgz 5260ms (cache miss)
npm http fetch GET 200 https://registry.npmjs.org/react-deep-force-update/-/react-deep-force-update-1.1.2.tgz 5269ms (cache miss)
npm http fetch GET 200 https://registry.npmjs.org/dom-helpers/-/dom-helpers-3.4.0.tgz 5274ms (cache miss)
npm http fetch GET 200 https://registry.npmjs.org/ajv/-/ajv-8.20.0.tgz 5288ms (cache miss)
npm http fetch GET 200 https://registry.npmjs.org/react-proxy/-/react-proxy-1.1.8.tgz 5293ms (cache miss)
npm http fetch GET 200 https://registry.npmjs.org/@floating-ui/utils/-/utils-0.2.12.tgz 5306ms (cache miss)
npm http fetch GET 200 https://registry.npmjs.org/tiny-invariant/-/tiny-invariant-1.2.0.tgz 5328ms (cache miss)
npm http fetch GET 200 https://registry.npmjs.org/@floating-ui/core/-/core-1.8.0.tgz 5361ms (cache miss)
npm http fetch GET 200 https://registry.npmjs.org/shallow-equal/-/shallow-equal-1.2.1.tgz 5372ms (cache miss)
npm http fetch GET 200 https://registry.npmjs.org/css-mediaquery/-/css-mediaquery-0.1.2.tgz 5373ms (cache miss)
npm http fetch GET 200 https://registry.npmjs.org/matchmediaquery/-/matchmediaquery-0.3.1.tgz 5376ms (cache miss)
npm http fetch GET 200 https://registry.npmjs.org/lodash.throttle/-/lodash.throttle-4.1.1.tgz 5378ms (cache miss)
npm http fetch GET 200 https://registry.npmjs.org/@floating-ui/dom/-/dom-1.8.0.tgz 5380ms (cache miss)
npm http fetch GET 200 https://registry.npmjs.org/smart-mixin/-/smart-mixin-2.0.0.tgz 5388ms (cache miss)
npm http fetch GET 200 https://registry.npmjs.org/hyphenate-style-name/-/hyphenate-style-name-1.1.0.tgz 5389ms (cache miss)
npm http fetch GET 200 https://registry.npmjs.org/dom-walk/-/dom-walk-0.1.2.tgz 5394ms (cache miss)
npm http fetch GET 200 https://registry.npmjs.org/get-node-dimensions/-/get-node-dimensions-1.2.1.tgz 5405ms (cache miss)
npm http fetch GET 200 https://registry.npmjs.org/process/-/process-0.11.10.tgz 5406ms (cache miss)
npm http fetch GET 200 https://registry.npmjs.org/@remix-run/router/-/router-1.23.4.tgz 5411ms (cache miss)
npm http fetch GET 200 https://registry.npmjs.org/min-document/-/min-document-2.19.2.tgz 5449ms (cache miss)
npm http fetch GET 200 https://registry.npmjs.org/shallowequal/-/shallowequal-1.1.0.tgz 5454ms (cache miss)
npm http fetch GET 200 https://registry.npmjs.org/react-lifecycles-compat/-/react-lifecycles-compat-3.0.4.tgz 5469ms (cache miss)
npm http fetch GET 200 https://registry.npmjs.org/global/-/global-4.4.0.tgz 5500ms (cache miss)
npm http fetch GET 200 https://registry.npmjs.org/resize-observer-polyfill/-/resize-observer-polyfill-1.5.1.tgz 5511ms (cache miss)
npm http fetch GET 200 https://registry.npmjs.org/react-resizable/-/react-resizable-3.2.0.tgz 5530ms (cache miss)
npm http fetch GET 200 https://registry.npmjs.org/clsx/-/clsx-2.1.1.tgz 5532ms (cache miss)
npm http fetch GET 200 https://registry.npmjs.org/tslib/-/tslib-2.8.1.tgz 5533ms (cache miss)
npm http fetch GET 200 https://registry.npmjs.org/attr-accept/-/attr-accept-2.2.5.tgz 5533ms (cache miss)
npm http fetch GET 200 https://registry.npmjs.org/react-draggable/-/react-draggable-4.7.2.tgz 5538ms (cache miss)
npm http fetch GET 200 https://registry.npmjs.org/uc.micro/-/uc.micro-1.0.6.tgz 5541ms (cache miss)
npm http fetch GET 200 https://registry.npmjs.org/fast-equals/-/fast-equals-4.0.3.tgz 5543ms (cache miss)
npm http fetch GET 200 https://registry.npmjs.org/linkify-it/-/linkify-it-2.2.0.tgz 5548ms (cache miss)
npm http fetch GET 200 https://registry.npmjs.org/file-selector/-/file-selector-2.1.2.tgz 5578ms (cache miss)
npm http fetch GET 200 https://registry.npmjs.org/html-to-draftjs/-/html-to-draftjs-1.5.0.tgz 5578ms (cache miss)
npm http fetch GET 200 https://registry.npmjs.org/scheduler/-/scheduler-0.23.2.tgz 5612ms (cache miss)
npm http fetch GET 200 https://registry.npmjs.org/redux/-/redux-4.2.1.tgz 5625ms (cache miss)
npm http fetch GET 200 https://registry.npmjs.org/draftjs-utils/-/draftjs-utils-0.10.2.tgz 5632ms (cache miss)
npm http fetch GET 200 https://registry.npmjs.org/hoist-non-react-statics/-/hoist-non-react-statics-3.3.2.tgz 5641ms (cache miss)
npm http fetch GET 200 https://registry.npmjs.org/@react-dnd/asap/-/asap-5.0.2.tgz 5660ms (cache miss)
npm http fetch GET 200 https://registry.npmjs.org/lodash.clonedeep/-/lodash.clonedeep-4.5.0.tgz 5666ms (cache miss)
npm http fetch GET 200 https://registry.npmjs.org/rcfinder/-/rcfinder-0.1.9.tgz 5675ms (cache miss)
npm http fetch GET 200 https://registry.npmjs.org/@react-dnd/invariant/-/invariant-4.0.2.tgz 5676ms (cache miss)
npm http fetch GET 200 https://registry.npmjs.org/lodash.isobject/-/lodash.isobject-3.0.2.tgz 5676ms (cache miss)
npm http fetch GET 200 https://registry.npmjs.org/@react-dnd/shallowequal/-/shallowequal-4.0.2.tgz 5681ms (cache miss)
npm http fetch GET 200 https://registry.npmjs.org/react-is/-/react-is-18.3.1.tgz 5700ms (cache miss)
npm http fetch GET 200 https://registry.npmjs.org/dnd-core/-/dnd-core-16.0.1.tgz 5702ms (cache miss)
npm http fetch GET 200 https://registry.npmjs.org/ipaddr.js/-/ipaddr.js-1.9.1.tgz 5724ms (cache miss)
npm http fetch GET 200 https://registry.npmjs.org/classnames/-/classnames-2.5.1.tgz 5728ms (cache miss)
npm http fetch GET 200 https://registry.npmjs.org/rc-util/-/rc-util-5.44.4.tgz 5730ms (cache miss)
npm http fetch GET 200 https://registry.npmjs.org/forwarded/-/forwarded-0.2.0.tgz 5759ms (cache miss)
npm http fetch GET 200 https://registry.npmjs.org/react-is/-/react-is-16.13.1.tgz 5768ms (cache miss)
npm http fetch GET 200 https://registry.npmjs.org/stream-parser/-/stream-parser-0.3.1.tgz 5776ms (cache miss)
npm http fetch GET 200 https://registry.npmjs.org/asap/-/asap-2.0.6.tgz 5782ms (cache miss)
npm http fetch GET 200 https://registry.npmjs.org/ms/-/ms-2.0.0.tgz 5784ms (cache miss)
npm http fetch GET 200 https://registry.npmjs.org/debug/-/debug-2.6.9.tgz 5791ms (cache miss)
npm http fetch GET 200 https://registry.npmjs.org/commander/-/commander-7.2.0.tgz 5824ms (cache miss)
npm http fetch GET 200 https://registry.npmjs.org/cssesc/-/cssesc-3.0.0.tgz 5827ms (cache miss)
npm http fetch GET 200 https://registry.npmjs.org/util-deprecate/-/util-deprecate-1.0.2.tgz 5830ms (cache miss)
npm http fetch GET 200 https://registry.npmjs.org/svgo/-/svgo-3.3.5.tgz 5860ms (cache miss)
npm http fetch GET 200 https://registry.npmjs.org/mdn-data/-/mdn-data-2.0.30.tgz 5861ms (cache miss)
npm http fetch GET 200 https://registry.npmjs.org/thenby/-/thenby-1.4.1.tgz 5861ms (cache miss)
npm http fetch GET 200 https://registry.npmjs.org/stylehacks/-/stylehacks-6.1.1.tgz 5871ms (cache miss)
npm http fetch GET 200 https://registry.npmjs.org/lodash.memoize/-/lodash.memoize-4.1.2.tgz 5903ms (cache miss)
npm http fetch GET 200 https://registry.npmjs.org/lodash.uniq/-/lodash.uniq-4.5.0.tgz 5910ms (cache miss)
npm http fetch GET 200 https://registry.npmjs.org/nanoid/-/nanoid-3.3.19.tgz 5920ms (cache miss)
npm http fetch GET 200 https://registry.npmjs.org/caniuse-api/-/caniuse-api-3.0.0.tgz 5932ms (cache miss)
npm http fetch GET 200 https://registry.npmjs.org/colord/-/colord-2.10.0.tgz 5945ms (cache miss)
npm http fetch GET 200 https://registry.npmjs.org/postcss-selector-parser/-/postcss-selector-parser-6.1.4.tgz 5950ms (cache miss)
npm http fetch GET 200 https://registry.npmjs.org/arr-union/-/arr-union-3.1.0.tgz 5966ms (cache miss)
npm http fetch GET 200 https://registry.npmjs.org/unc-path-regex/-/unc-path-regex-0.1.2.tgz 5968ms (cache miss)
npm http fetch GET 200 https://registry.npmjs.org/is-unc-path/-/is-unc-path-1.0.0.tgz 5968ms (cache miss)
npm http fetch GET 200 https://registry.npmjs.org/pinkie/-/pinkie-2.0.4.tgz 5970ms (cache miss)
npm http fetch GET 200 https://registry.npmjs.org/path-root-regex/-/path-root-regex-0.1.2.tgz 5976ms (cache miss)
npm http fetch GET 200 https://registry.npmjs.org/css-tree/-/css-tree-2.3.1.tgz 5992ms (cache miss)
npm http fetch GET 200 https://registry.npmjs.org/is-relative/-/is-relative-1.0.0.tgz 5995ms (cache miss)
npm http fetch GET 200 https://registry.npmjs.org/path-root/-/path-root-0.1.1.tgz 5999ms (cache miss)
npm http fetch GET 200 https://registry.npmjs.org/yaml/-/yaml-2.9.1.tgz 6006ms (cache miss)
npm http fetch GET 200 https://registry.npmjs.org/is-absolute/-/is-absolute-1.0.0.tgz 6012ms (cache miss)
npm http fetch GET 200 https://registry.npmjs.org/callsites/-/callsites-3.1.0.tgz 6051ms (cache miss)
npm http fetch GET 200 https://registry.npmjs.org/yocto-queue/-/yocto-queue-0.1.0.tgz 6051ms (cache miss)
npm http fetch GET 200 https://registry.npmjs.org/p-limit/-/p-limit-3.1.0.tgz 6051ms (cache miss)
npm http fetch GET 200 https://registry.npmjs.org/word-wrap/-/word-wrap-1.2.5.tgz 6052ms (cache miss)
npm http fetch GET 200 https://registry.npmjs.org/fast-levenshtein/-/fast-levenshtein-2.0.6.tgz 6061ms (cache miss)
npm http fetch GET 200 https://registry.npmjs.org/deep-is/-/deep-is-0.1.4.tgz 6073ms (cache miss)
npm http fetch GET 200 https://registry.npmjs.org/wrappy/-/wrappy-1.0.2.tgz 6096ms (cache miss)
npm http fetch GET 200 https://registry.npmjs.org/ee-first/-/ee-first-1.1.1.tgz 6102ms (cache miss)
npm http fetch GET 200 https://registry.npmjs.org/make-iterator/-/make-iterator-1.0.1.tgz 6103ms (cache miss)
npm http fetch GET 200 https://registry.npmjs.org/kind-of/-/kind-of-6.0.3.tgz 6107ms (cache miss)
npm http fetch GET 200 https://registry.npmjs.org/for-in/-/for-in-1.0.2.tgz 6112ms (cache miss)
npm http fetch GET 200 https://registry.npmjs.org/for-own/-/for-own-1.0.0.tgz 6123ms (cache miss)
npm http fetch GET 200 https://registry.npmjs.org/array-slice/-/array-slice-1.1.0.tgz 6137ms (cache miss)
npm http fetch GET 200 https://registry.npmjs.org/array-each/-/array-each-1.0.1.tgz 6141ms (cache miss)
npm http fetch GET 200 https://registry.npmjs.org/whatwg-url/-/whatwg-url-5.0.0.tgz 6160ms (cache miss)
npm http fetch GET 200 https://registry.npmjs.org/duplexer2/-/duplexer2-0.0.2.tgz 6182ms (cache miss)
npm http fetch GET 200 https://registry.npmjs.org/string_decoder/-/string_decoder-0.10.31.tgz 6183ms (cache miss)
npm http fetch GET 200 https://registry.npmjs.org/is-windows/-/is-windows-1.0.2.tgz 6190ms (cache miss)
npm http fetch GET 200 https://registry.npmjs.org/sax/-/sax-1.6.1.tgz 6198ms (cache miss)
npm http fetch GET 200 https://registry.npmjs.org/readable-stream/-/readable-stream-1.1.14.tgz 6199ms (cache miss)
npm http fetch GET 200 https://registry.npmjs.org/isarray/-/isarray-0.0.1.tgz 6213ms (cache miss)
npm http fetch GET 200 https://registry.npmjs.org/event-emitter/-/event-emitter-0.3.5.tgz 6237ms (cache miss)
npm http fetch GET 200 https://registry.npmjs.org/next-tick/-/next-tick-1.1.0.tgz 6241ms (cache miss)
npm http fetch GET 200 https://registry.npmjs.org/esniff/-/esniff-2.0.1.tgz 6241ms (cache miss)
npm http fetch GET 200 https://registry.npmjs.org/es6-iterator/-/es6-iterator-2.0.3.tgz 6249ms (cache miss)
npm http fetch GET 200 https://registry.npmjs.org/d/-/d-1.0.2.tgz 6323ms (cache miss)
npm http fetch GET 200 https://registry.npmjs.org/es6-symbol/-/es6-symbol-3.1.4.tgz 6329ms (cache miss)
npm http fetch GET 200 https://registry.npmjs.org/concat-map/-/concat-map-0.0.1.tgz 6333ms (cache miss)
npm http fetch GET 200 https://registry.npmjs.org/balanced-match/-/balanced-match-1.0.2.tgz 6338ms (cache miss)
npm http fetch GET 200 https://registry.npmjs.org/ext/-/ext-1.7.0.tgz 6342ms (cache miss)
npm http fetch GET 200 https://registry.npmjs.org/use-sync-external-store/-/use-sync-external-store-1.7.0.tgz 6348ms (cache miss)
npm http fetch GET 200 https://registry.npmjs.org/brace-expansion/-/brace-expansion-1.1.21.tgz 6349ms (cache miss)
npm http fetch GET 200 https://registry.npmjs.org/type/-/type-2.7.3.tgz 6358ms (cache miss)
npm http fetch GET 200 https://registry.npmjs.org/mime-db/-/mime-db-1.52.0.tgz 6378ms (cache miss)
npm http fetch GET 200 https://registry.npmjs.org/is-data-descriptor/-/is-data-descriptor-1.0.1.tgz 6379ms (cache miss)
npm http fetch GET 200 https://registry.npmjs.org/is-accessor-descriptor/-/is-accessor-descriptor-1.0.2.tgz 6380ms (cache miss)
npm http fetch GET 200 https://registry.npmjs.org/map-cache/-/map-cache-0.2.2.tgz 6381ms (cache miss)
npm http fetch GET 200 https://registry.npmjs.org/mobx-react-lite/-/mobx-react-lite-4.1.1.tgz 6386ms (cache miss)
npm http fetch GET 200 https://registry.npmjs.org/posix-character-classes/-/posix-character-classes-0.1.1.tgz 6389ms (cache miss)
npm http fetch GET 200 https://registry.npmjs.org/expand-brackets/-/expand-brackets-2.1.4.tgz 6397ms (cache miss)
npm http fetch GET 200 https://registry.npmjs.org/is-descriptor/-/is-descriptor-0.1.8.tgz 6411ms (cache miss)
npm http fetch GET 200 https://registry.npmjs.org/ms/-/ms-2.0.0.tgz 6429ms (cache miss)
npm http fetch GET 200 https://registry.npmjs.org/define-property/-/define-property-0.2.5.tgz 6429ms (cache miss)
npm http fetch GET 200 https://registry.npmjs.org/regex-not/-/regex-not-1.0.2.tgz 6453ms (cache miss)
npm http fetch GET 200 https://registry.npmjs.org/es5-ext/-/es5-ext-0.10.64.tgz 6457ms (cache miss)
npm http fetch GET 200 https://registry.npmjs.org/debug/-/debug-2.6.9.tgz 6454ms (cache miss)
npm http fetch GET 200 https://registry.npmjs.org/is-plain-object/-/is-plain-object-2.0.4.tgz 6464ms (cache miss)
npm http fetch GET 200 https://registry.npmjs.org/is-descriptor/-/is-descriptor-1.0.4.tgz 6472ms (cache miss)
npm http fetch GET 200 https://registry.npmjs.org/is-extendable/-/is-extendable-1.0.1.tgz 6473ms (cache miss)
npm http fetch GET 200 https://registry.npmjs.org/extend-shallow/-/extend-shallow-3.0.2.tgz 6495ms (cache miss)
npm http fetch GET 200 https://registry.npmjs.org/kind-of/-/kind-of-6.0.3.tgz 6511ms (cache miss)
npm http fetch GET 200 https://registry.npmjs.org/is-extendable/-/is-extendable-1.0.1.tgz 6511ms (cache miss)
npm http fetch GET 200 https://registry.npmjs.org/extend-shallow/-/extend-shallow-3.0.2.tgz 6516ms (cache miss)
npm http fetch GET 200 https://registry.npmjs.org/fragment-cache/-/fragment-cache-0.2.1.tgz 6528ms (cache miss)
npm http fetch GET 200 https://registry.npmjs.org/nanomatch/-/nanomatch-1.2.13.tgz 6530ms (cache miss)
npm http fetch GET 200 https://registry.npmjs.org/extglob/-/extglob-2.0.4.tgz 6537ms (cache miss)
npm http fetch GET 200 https://registry.npmjs.org/define-property/-/define-property-1.0.0.tgz 6547ms (cache miss)
npm http fetch GET 200 https://registry.npmjs.org/define-property/-/define-property-2.0.2.tgz 6568ms (cache miss)
npm http fetch GET 200 https://registry.npmjs.org/arr-diff/-/arr-diff-4.0.0.tgz 6570ms (cache miss)
npm http fetch GET 200 https://registry.npmjs.org/react-transition-group/-/react-transition-group-2.9.0.tgz 6589ms (cache miss)
npm http fetch GET 200 https://registry.npmjs.org/is-plain-object/-/is-plain-object-2.0.4.tgz 6594ms (cache miss)
npm http fetch GET 200 https://registry.npmjs.org/stack-trace/-/stack-trace-0.0.10.tgz 6600ms (cache miss)
npm http fetch GET 200 https://registry.npmjs.org/yallist/-/yallist-3.1.1.tgz 6610ms (cache miss)
npm http fetch GET 200 https://registry.npmjs.org/lodash.isarguments/-/lodash.isarguments-3.1.0.tgz 6611ms (cache miss)
npm http fetch GET 200 https://registry.npmjs.org/lodash.isarray/-/lodash.isarray-3.0.4.tgz 6644ms (cache miss)
npm http fetch GET 200 https://registry.npmjs.org/lodash._getnative/-/lodash._getnative-3.9.1.tgz 6649ms (cache miss)
npm http fetch GET 200 https://registry.npmjs.org/lodash._root/-/lodash._root-3.0.1.tgz 6649ms (cache miss)
npm http fetch GET 200 https://registry.npmjs.org/lodash.templatesettings/-/lodash.templatesettings-3.1.1.tgz 6654ms (cache miss)
npm http fetch GET 200 https://registry.npmjs.org/lodash.restparam/-/lodash.restparam-3.6.1.tgz 6668ms (cache miss)
npm http fetch GET 200 https://registry.npmjs.org/lodash.escape/-/lodash.escape-3.2.0.tgz 6676ms (cache miss)
npm http fetch GET 200 https://registry.npmjs.org/lodash.keys/-/lodash.keys-3.1.2.tgz 6676ms (cache miss)
npm http fetch GET 200 https://registry.npmjs.org/lodash._isiterateecall/-/lodash._isiterateecall-3.0.9.tgz 6682ms (cache miss)
npm http fetch GET 200 https://registry.npmjs.org/lodash._basevalues/-/lodash._basevalues-3.0.0.tgz 6711ms (cache miss)
npm http fetch GET 200 https://registry.npmjs.org/lodash._basetostring/-/lodash._basetostring-3.0.1.tgz 6710ms (cache miss)
npm http fetch GET 200 https://registry.npmjs.org/lodash._basecopy/-/lodash._basecopy-3.0.1.tgz 6721ms (cache miss)
npm http fetch GET 200 https://registry.npmjs.org/emojis-list/-/emojis-list-2.1.0.tgz 6735ms (cache miss)
npm http fetch GET 200 https://registry.npmjs.org/p-locate/-/p-locate-5.0.0.tgz 6738ms (cache miss)
npm http fetch GET 200 https://registry.npmjs.org/big.js/-/big.js-3.2.0.tgz 6750ms (cache miss)
npm http fetch GET 200 https://registry.npmjs.org/parse-passwd/-/parse-passwd-1.0.0.tgz 6764ms (cache miss)
npm http fetch GET 200 https://registry.npmjs.org/object.pick/-/object.pick-1.3.0.tgz 6785ms (cache miss)
npm http fetch GET 200 https://registry.npmjs.org/parse-filepath/-/parse-filepath-1.0.2.tgz 6785ms (cache miss)
npm http fetch GET 200 https://registry.npmjs.org/homedir-polyfill/-/homedir-polyfill-1.0.3.tgz 6791ms (cache miss)
npm http fetch GET 200 https://registry.npmjs.org/expand-tilde/-/expand-tilde-2.0.2.tgz 6793ms (cache miss)
npm http fetch GET 200 https://registry.npmjs.org/resolve-dir/-/resolve-dir-1.0.1.tgz 6808ms (cache miss)
npm http fetch GET 200 https://registry.npmjs.org/detect-file/-/detect-file-1.0.0.tgz 6814ms (cache miss)
npm http fetch GET 200 https://registry.npmjs.org/object.map/-/object.map-1.0.1.tgz 6819ms (cache miss)
npm http fetch GET 200 https://registry.npmjs.org/rechoir/-/rechoir-0.6.2.tgz 6823ms (cache miss)
npm http fetch GET 200 https://registry.npmjs.org/fined/-/fined-1.2.0.tgz 6851ms (cache miss)
npm http fetch GET 200 https://registry.npmjs.org/flagged-respawn/-/flagged-respawn-1.0.1.tgz 6855ms (cache miss)
npm http fetch GET 200 https://registry.npmjs.org/is-plain-object/-/is-plain-object-2.0.4.tgz 6855ms (cache miss)
npm http fetch GET 200 https://registry.npmjs.org/findup-sync/-/findup-sync-3.0.0.tgz 6874ms (cache miss)
npm http fetch GET 200 https://registry.npmjs.org/extend/-/extend-3.0.2.tgz 6880ms (cache miss)
npm http fetch GET 200 https://registry.npmjs.org/type-check/-/type-check-0.4.0.tgz 6889ms (cache miss)
npm http fetch GET 200 https://registry.npmjs.org/prelude-ls/-/prelude-ls-1.2.1.tgz 6898ms (cache miss)
npm http fetch GET 200 https://registry.npmjs.org/prr/-/prr-1.0.1.tgz 6923ms (cache miss)
npm http fetch GET 200 https://registry.npmjs.org/is-what/-/is-what-4.1.16.tgz 6924ms (cache miss)
npm http fetch GET 200 https://registry.npmjs.org/debug/-/debug-3.2.7.tgz 6938ms (cache miss)
npm http fetch GET 200 https://registry.npmjs.org/probe-image-size/-/probe-image-size-7.4.0.tgz 6954ms (cache miss)
npm http fetch GET 200 https://registry.npmjs.org/mime/-/mime-1.6.0.tgz 6962ms (cache miss)
npm http fetch GET 200 https://registry.npmjs.org/needle/-/needle-2.9.1.tgz 6967ms (cache miss)
npm http fetch GET 200 https://registry.npmjs.org/needle/-/needle-3.5.0.tgz 6983ms (cache miss)
npm http fetch GET 200 https://registry.npmjs.org/copy-anything/-/copy-anything-3.0.5.tgz 6989ms (cache miss)
npm http fetch GET 200 https://registry.npmjs.org/make-dir/-/make-dir-5.1.0.tgz 6991ms (cache miss)
npm http fetch GET 200 https://registry.npmjs.org/errno/-/errno-0.1.8.tgz 6999ms (cache miss)
npm http fetch GET 200 https://registry.npmjs.org/json-buffer/-/json-buffer-3.0.1.tgz 7004ms (cache miss)
npm http fetch GET 200 https://registry.npmjs.org/filelist/-/filelist-1.0.6.tgz 7036ms (cache miss)
npm http fetch GET 200 https://registry.npmjs.org/argparse/-/argparse-2.0.1.tgz 7048ms (cache miss)
npm http fetch GET 200 https://registry.npmjs.org/brace-expansion/-/brace-expansion-2.1.7.tgz 7059ms (cache miss)
npm http fetch GET 200 https://registry.npmjs.org/minimatch/-/minimatch-5.1.9.tgz 7060ms (cache miss)
npm http fetch GET 200 https://registry.npmjs.org/wrap-ansi/-/wrap-ansi-7.0.0.tgz 7075ms (cache miss)
npm http fetch GET 200 https://registry.npmjs.org/emoji-regex/-/emoji-regex-8.0.0.tgz 7091ms (cache miss)
npm http fetch GET 200 https://registry.npmjs.org/language-subtag-registry/-/language-subtag-registry-0.3.23.tgz 7094ms (cache miss)
npm http fetch GET 200 https://registry.npmjs.org/string-width/-/string-width-4.2.3.tgz 7096ms (cache miss)
npm http fetch GET 200 https://registry.npmjs.org/strip-ansi/-/strip-ansi-6.0.1.tgz 7102ms (cache miss)
npm http fetch GET 200 https://registry.npmjs.org/ansi-regex/-/ansi-regex-5.0.1.tgz 7105ms (cache miss)
npm http fetch GET 200 https://registry.npmjs.org/ansi-styles/-/ansi-styles-4.3.0.tgz 7117ms (cache miss)
npm http fetch GET 200 https://registry.npmjs.org/iconv-lite/-/iconv-lite-0.6.3.tgz 7126ms (cache miss)
npm http fetch GET 200 https://registry.npmjs.org/wrap-ansi/-/wrap-ansi-8.1.0.tgz 7133ms (cache miss)
npm http fetch GET 200 https://registry.npmjs.org/strip-ansi/-/strip-ansi-7.2.0.tgz 7138ms (cache miss)
npm http fetch GET 200 https://registry.npmjs.org/ansi-regex/-/ansi-regex-6.4.0.tgz 7139ms (cache miss)
npm http fetch GET 200 https://registry.npmjs.org/ansi-styles/-/ansi-styles-6.2.3.tgz 7170ms (cache miss)
npm http fetch GET 200 https://registry.npmjs.org/ansi-regex/-/ansi-regex-5.0.1.tgz 7195ms (cache miss)
npm http fetch GET 200 https://registry.npmjs.org/string-width/-/string-width-4.2.3.tgz 7195ms (cache miss)
npm http fetch GET 200 https://registry.npmjs.org/strip-ansi/-/strip-ansi-6.0.1.tgz 7196ms (cache miss)
npm http fetch GET 200 https://registry.npmjs.org/ansi-regex/-/ansi-regex-5.0.1.tgz 7213ms (cache miss)
npm http fetch GET 200 https://registry.npmjs.org/strip-ansi/-/strip-ansi-6.0.1.tgz 7229ms (cache miss)
npm http fetch GET 200 https://registry.npmjs.org/emoji-regex/-/emoji-regex-8.0.0.tgz 7237ms (cache miss)
npm http fetch GET 200 https://registry.npmjs.org/strip-ansi/-/strip-ansi-7.2.0.tgz 7238ms (cache miss)
npm http fetch GET 200 https://registry.npmjs.org/string-width/-/string-width-5.1.2.tgz 7244ms (cache miss)
npm http fetch GET 200 https://registry.npmjs.org/@pkgjs/parseargs/-/parseargs-0.11.0.tgz 7266ms (cache miss)
npm http fetch GET 200 https://registry.npmjs.org/ansi-regex/-/ansi-regex-6.4.0.tgz 7268ms (cache miss)
npm http fetch GET 200 https://registry.npmjs.org/ansi-regex/-/ansi-regex-6.4.0.tgz 7273ms (cache miss)
npm http fetch GET 200 https://registry.npmjs.org/set-function-name/-/set-function-name-2.0.2.tgz 7275ms (cache miss)
npm http fetch GET 200 https://registry.npmjs.org/@isaacs/cliui/-/cliui-8.0.2.tgz 7278ms (cache miss)
npm http fetch GET 200 https://registry.npmjs.org/is-extglob/-/is-extglob-2.1.1.tgz 7282ms (cache miss)
npm http fetch GET 200 https://registry.npmjs.org/binary-extensions/-/binary-extensions-1.13.1.tgz 7314ms (cache miss)
npm http fetch GET 200 https://registry.npmjs.org/strip-ansi/-/strip-ansi-7.2.0.tgz 7330ms (cache miss)
npm http fetch GET 200 https://registry.npmjs.org/side-channel/-/side-channel-1.1.1.tgz 7333ms (cache miss)
npm http fetch GET 200 https://registry.npmjs.org/strip-comments/-/strip-comments-2.0.1.tgz 7339ms (cache miss)
npm http fetch GET 200 https://registry.npmjs.org/resolve-from/-/resolve-from-4.0.0.tgz 7369ms (cache miss)
npm http fetch GET 200 https://registry.npmjs.org/safer-buffer/-/safer-buffer-2.1.2.tgz 7379ms (cache miss)
npm http fetch GET 200 https://registry.npmjs.org/parent-module/-/parent-module-1.0.1.tgz 7380ms (cache miss)
npm http fetch GET 200 https://registry.npmjs.org/source-map-js/-/source-map-js-1.2.2.tgz 7381ms (cache miss)
npm http fetch GET 200 https://registry.npmjs.org/toidentifier/-/toidentifier-1.0.1.tgz 7394ms (cache miss)
npm http fetch GET 200 https://registry.npmjs.org/os-tmpdir/-/os-tmpdir-1.0.2.tgz 7404ms (cache miss)
npm http fetch GET 200 https://registry.npmjs.org/serialize-error/-/serialize-error-2.1.0.tgz 7405ms (cache miss)
npm http fetch GET 200 https://registry.npmjs.org/ansi-regex/-/ansi-regex-2.1.1.tgz 7413ms (cache miss)
npm http fetch GET 200 https://registry.npmjs.org/os-homedir/-/os-homedir-1.0.2.tgz 7424ms (cache miss)
npm http fetch GET 200 https://registry.npmjs.org/loader-utils/-/loader-utils-1.1.0.tgz 7425ms (cache miss)
npm http fetch GET 200 https://registry.npmjs.org/dir-glob/-/dir-glob-3.0.1.tgz 7436ms (cache miss)
npm http fetch GET 200 https://registry.npmjs.org/json5/-/json5-0.5.1.tgz 7452ms (cache miss)
npm http fetch GET 200 https://registry.npmjs.org/json-stringify-safe/-/json-stringify-safe-5.0.1.tgz 7464ms (cache miss)
npm http fetch GET 200 https://registry.npmjs.org/sparkles/-/sparkles-1.0.1.tgz 7475ms (cache miss)
npm http fetch GET 200 https://registry.npmjs.org/async/-/async-1.5.0.tgz 7478ms (cache miss)
npm http fetch GET 200 https://registry.npmjs.org/glogg/-/glogg-1.0.2.tgz 7517ms (cache miss)
npm http fetch GET 200 https://registry.npmjs.org/multipipe/-/multipipe-0.1.2.tgz 7517ms (cache miss)
npm http fetch GET 200 https://registry.npmjs.org/lodash._reinterpolate/-/lodash._reinterpolate-3.0.0.tgz 7522ms (cache miss)
npm http fetch GET 200 https://registry.npmjs.org/lodash.template/-/lodash.template-3.6.2.tgz 7530ms (cache miss)
npm warn deprecated lodash.template@3.6.2: This package is deprecated. Use https://socket.dev/npm/package/eta instead.
npm http fetch GET 200 https://registry.npmjs.org/lodash._reescape/-/lodash._reescape-3.0.0.tgz 7537ms (cache miss)
npm http fetch GET 200 https://registry.npmjs.org/lodash._reevaluate/-/lodash._reevaluate-3.0.0.tgz 7537ms (cache miss)
npm http fetch GET 200 https://registry.npmjs.org/has-gulplog/-/has-gulplog-0.1.0.tgz 7538ms (cache miss)
npm http fetch GET 200 https://registry.npmjs.org/array-differ/-/array-differ-1.0.0.tgz 7567ms (cache miss)
npm http fetch GET 200 https://registry.npmjs.org/dateformat/-/dateformat-2.2.0.tgz 7568ms (cache miss)
npm http fetch GET 200 https://registry.npmjs.org/beeper/-/beeper-1.1.1.tgz 7573ms (cache miss)
npm http fetch GET 200 https://registry.npmjs.org/postcss-load-config/-/postcss-load-config-5.1.0.tgz 7578ms (cache miss)
npm http fetch GET 200 https://registry.npmjs.org/graceful-readlink/-/graceful-readlink-1.0.1.tgz 7594ms (cache miss)
npm http fetch GET 200 https://registry.npmjs.org/commander/-/commander-2.8.1.tgz 7599ms (cache miss)
npm http fetch GET 200 https://registry.npmjs.org/vinyl-bufferstream/-/vinyl-bufferstream-1.0.1.tgz 7626ms (cache miss)
npm http fetch GET 200 https://registry.npmjs.org/clean-css/-/clean-css-3.4.28.tgz 7640ms (cache miss)
npm http fetch GET 200 https://registry.npmjs.org/lodash.assign/-/lodash.assign-4.2.0.tgz 7663ms (cache miss)
npm http fetch GET 200 https://registry.npmjs.org/vinyl-sourcemaps-apply/-/vinyl-sourcemaps-apply-0.2.1.tgz 7676ms (cache miss)
npm http fetch GET 200 https://registry.npmjs.org/source-map/-/source-map-0.4.4.tgz 7679ms (cache miss)
npm http fetch GET 200 https://registry.npmjs.org/replace-ext/-/replace-ext-2.0.0.tgz 7679ms (cache miss)
npm http fetch GET 200 https://registry.npmjs.org/debug/-/debug-3.2.7.tgz 7681ms (cache miss)
npm http fetch GET 200 https://registry.npmjs.org/tiny-lr/-/tiny-lr-1.1.1.tgz 7682ms (cache miss)
npm http fetch GET 200 https://registry.npmjs.org/parserlib/-/parserlib-1.1.1.tgz 7693ms (cache miss)
npm http fetch GET 200 https://registry.npmjs.org/plugin-error/-/plugin-error-1.0.1.tgz 7708ms (cache miss)
npm http fetch GET 200 https://registry.npmjs.org/rcloader/-/rcloader-0.2.2.tgz 7719ms (cache miss)
npm http fetch GET 200 https://registry.npmjs.org/is-plain-object/-/is-plain-object-2.0.4.tgz 7718ms (cache miss)
npm warn deprecated rcloader@0.2.2: Package no longer supported. Contact Support at https://www.npmjs.com/support for more info.
npm http fetch GET 200 https://registry.npmjs.org/clone/-/clone-2.1.2.tgz 7727ms (cache miss)
npm http fetch GET 200 https://registry.npmjs.org/is-extendable/-/is-extendable-1.0.1.tgz 7736ms (cache miss)
npm http fetch GET 200 https://registry.npmjs.org/extend-shallow/-/extend-shallow-3.0.2.tgz 7737ms (cache miss)
npm http fetch GET 200 https://registry.npmjs.org/vinyl/-/vinyl-2.2.1.tgz 7769ms (cache miss)
npm http fetch GET 200 https://registry.npmjs.org/through2/-/through2-2.0.5.tgz 7805ms (cache miss)
npm http fetch GET 200 https://registry.npmjs.org/replace-ext/-/replace-ext-1.0.1.tgz 7805ms (cache miss)
npm http fetch GET 200 https://registry.npmjs.org/time-stamp/-/time-stamp-1.1.0.tgz 7807ms (cache miss)
npm http fetch GET 200 https://registry.npmjs.org/concat-with-sourcemaps/-/concat-with-sourcemaps-1.1.0.tgz 7807ms (cache miss)
npm http fetch GET 200 https://registry.npmjs.org/csslint/-/csslint-1.0.5.tgz 7810ms (cache miss)
npm http fetch GET 200 https://registry.npmjs.org/parse-node-version/-/parse-node-version-1.0.1.tgz 7816ms (cache miss)
npm http fetch GET 200 https://registry.npmjs.org/ansi-gray/-/ansi-gray-0.1.1.tgz 7822ms (cache miss)
npm http fetch GET 200 https://registry.npmjs.org/is-plain-object/-/is-plain-object-5.1.0.tgz 7884ms (cache miss)
npm http fetch GET 200 https://registry.npmjs.org/typedarray/-/typedarray-0.0.6.tgz 7885ms (cache miss)
npm http fetch GET 200 https://registry.npmjs.org/each-props/-/each-props-1.3.2.tgz 7885ms (cache miss)
npm http fetch GET 200 https://registry.npmjs.org/kind-of/-/kind-of-5.1.0.tgz 7886ms (cache miss)
npm http fetch GET 200 https://registry.npmjs.org/is-plain-object/-/is-plain-object-2.0.4.tgz 7887ms (cache miss)
npm http fetch GET 200 https://registry.npmjs.org/source-map/-/source-map-0.6.1.tgz 7889ms (cache miss)
npm http fetch GET 200 https://registry.npmjs.org/readable-stream/-/readable-stream-2.3.8.tgz 7890ms (cache miss)
npm http fetch GET 200 https://registry.npmjs.org/buffer-from/-/buffer-from-1.1.2.tgz 7907ms (cache miss)
npm http fetch GET 200 https://registry.npmjs.org/safe-buffer/-/safe-buffer-5.1.2.tgz 7938ms (cache miss)
npm http fetch GET 200 https://registry.npmjs.org/ansi-wrap/-/ansi-wrap-0.1.0.tgz 7940ms (cache miss)
npm http fetch GET 200 https://registry.npmjs.org/is-fullwidth-code-point/-/is-fullwidth-code-point-1.0.0.tgz 7940ms (cache miss)
npm http fetch GET 200 https://registry.npmjs.org/string-width/-/string-width-1.0.2.tgz 7941ms (cache miss)
npm http fetch GET 200 https://registry.npmjs.org/yargs/-/yargs-7.1.2.tgz 7949ms (cache miss)
npm http fetch GET 200 https://registry.npmjs.org/v8flags/-/v8flags-3.2.0.tgz 7949ms (cache miss)
npm http fetch GET 200 https://registry.npmjs.org/semver-greatest-satisfied-range/-/semver-greatest-satisfied-range-1.1.0.tgz 7951ms (cache miss)
npm http fetch GET 200 https://registry.npmjs.org/pretty-hrtime/-/pretty-hrtime-1.0.3.tgz 8002ms (cache miss)
npm http fetch GET 200 https://registry.npmjs.org/replace-homedir/-/replace-homedir-1.0.0.tgz 8002ms (cache miss)
npm http fetch GET 200 https://registry.npmjs.org/mute-stdout/-/mute-stdout-1.0.1.tgz 8008ms (cache miss)
npm http fetch GET 200 https://registry.npmjs.org/get-value/-/get-value-2.0.6.tgz 8008ms (cache miss)
npm http fetch GET 200 https://registry.npmjs.org/liftoff/-/liftoff-3.1.0.tgz 8010ms (cache miss)
npm http fetch GET 200 https://registry.npmjs.org/findup-sync/-/findup-sync-2.0.0.tgz 8024ms (cache miss)
npm http fetch GET 200 https://registry.npmjs.org/matchdep/-/matchdep-2.0.0.tgz 8028ms (cache miss)
npm http fetch GET 200 https://registry.npmjs.org/is-glob/-/is-glob-3.1.0.tgz 8035ms (cache miss)
npm http fetch GET 200 https://registry.npmjs.org/is-plain-object/-/is-plain-object-2.0.4.tgz 8070ms (cache miss)
npm http fetch GET 200 https://registry.npmjs.org/fancy-log/-/fancy-log-1.3.3.tgz 8073ms (cache miss)
npm http fetch GET 200 https://registry.npmjs.org/gulplog/-/gulplog-1.0.0.tgz 8076ms (cache miss)
npm http fetch GET 200 https://registry.npmjs.org/copy-props/-/copy-props-2.0.5.tgz 8076ms (cache miss)
npm http fetch GET 200 https://registry.npmjs.org/concat-stream/-/concat-stream-1.6.2.tgz 8081ms (cache miss)
npm http fetch GET 200 https://registry.npmjs.org/array-sort/-/array-sort-1.0.0.tgz 8086ms (cache miss)
npm http fetch GET 200 https://registry.npmjs.org/color-support/-/color-support-1.1.3.tgz 8087ms (cache miss)
npm http fetch GET 200 https://registry.npmjs.org/to-regex-range/-/to-regex-range-2.1.1.tgz 8147ms (cache miss)
npm http fetch GET 200 https://registry.npmjs.org/archy/-/archy-1.0.0.tgz 8148ms (cache miss)
npm http fetch GET 200 https://registry.npmjs.org/ansi-colors/-/ansi-colors-1.1.0.tgz 8148ms (cache miss)
npm http fetch GET 200 https://registry.npmjs.org/repeat-string/-/repeat-string-1.6.1.tgz 8152ms (cache miss)
npm http fetch GET 200 https://registry.npmjs.org/is-number/-/is-number-3.0.0.tgz 8159ms (cache miss)
npm http fetch GET 200 https://registry.npmjs.org/kind-of/-/kind-of-3.2.2.tgz 8168ms (cache miss)
npm http fetch GET 200 https://registry.npmjs.org/to-regex/-/to-regex-3.0.2.tgz 8176ms (cache miss)
npm http fetch GET 200 https://registry.npmjs.org/is-extendable/-/is-extendable-0.1.1.tgz 8191ms (cache miss)
npm http fetch GET 200 https://registry.npmjs.org/is-plain-object/-/is-plain-object-2.0.4.tgz 8208ms (cache miss)
npm http fetch GET 200 https://registry.npmjs.org/is-extendable/-/is-extendable-1.0.1.tgz 8209ms (cache miss)
npm http fetch GET 200 https://registry.npmjs.org/is-plain-object/-/is-plain-object-2.0.4.tgz 8215ms (cache miss)
npm http fetch GET 200 https://registry.npmjs.org/split-string/-/split-string-3.1.0.tgz 8215ms (cache miss)
npm http fetch GET 200 https://registry.npmjs.org/extend-shallow/-/extend-shallow-3.0.2.tgz 8215ms (cache miss)
npm http fetch GET 200 https://registry.npmjs.org/is-extendable/-/is-extendable-1.0.1.tgz 8218ms (cache miss)
npm http fetch GET 200 https://registry.npmjs.org/extend-shallow/-/extend-shallow-3.0.2.tgz 8230ms (cache miss)
npm http fetch GET 200 https://registry.npmjs.org/snapdragon-node/-/snapdragon-node-2.1.1.tgz 8280ms (cache miss)
npm http fetch GET 200 https://registry.npmjs.org/define-property/-/define-property-1.0.0.tgz 8283ms (cache miss)
npm http fetch GET 200 https://registry.npmjs.org/snapdragon/-/snapdragon-0.8.2.tgz 8291ms (cache miss)
npm http fetch GET 200 https://registry.npmjs.org/ms/-/ms-2.0.0.tgz 8299ms (cache miss)
npm http fetch GET 200 https://registry.npmjs.org/is-descriptor/-/is-descriptor-0.1.8.tgz 8299ms (cache miss)
npm http fetch GET 200 https://registry.npmjs.org/define-property/-/define-property-0.2.5.tgz 8312ms (cache miss)
npm http fetch GET 200 https://registry.npmjs.org/debug/-/debug-2.6.9.tgz 8318ms (cache miss)
npm http fetch GET 200 https://registry.npmjs.org/isobject/-/isobject-3.0.1.tgz 8352ms (cache miss)
npm http fetch GET 200 https://registry.npmjs.org/fill-range/-/fill-range-4.0.0.tgz 8351ms (cache miss)
npm http fetch GET 200 https://registry.npmjs.org/array-unique/-/array-unique-0.3.2.tgz 8353ms (cache miss)
npm http fetch GET 200 https://registry.npmjs.org/extend-shallow/-/extend-shallow-2.0.1.tgz 8355ms (cache miss)
npm http fetch GET 200 https://registry.npmjs.org/repeat-element/-/repeat-element-1.1.4.tgz 8357ms (cache miss)
npm http fetch GET 200 https://registry.npmjs.org/arr-flatten/-/arr-flatten-1.1.0.tgz 8356ms (cache miss)
npm http fetch GET 200 https://registry.npmjs.org/upath/-/upath-1.2.0.tgz 8357ms (cache miss)
npm http fetch GET 200 https://registry.npmjs.org/readdirp/-/readdirp-2.2.1.tgz 8372ms (cache miss)
npm http fetch GET 200 https://registry.npmjs.org/is-binary-path/-/is-binary-path-1.0.1.tgz 8413ms (cache miss)
npm http fetch GET 200 https://registry.npmjs.org/inherits/-/inherits-2.0.4.tgz 8422ms (cache miss)
npm http fetch GET 200 https://registry.npmjs.org/braces/-/braces-2.3.2.tgz 8440ms (cache miss)
npm http fetch GET 200 https://registry.npmjs.org/async-each/-/async-each-1.0.6.tgz 8443ms (cache miss)
npm http fetch GET 200 https://registry.npmjs.org/stream-exhaust/-/stream-exhaust-1.0.2.tgz 8445ms (cache miss)
npm http fetch GET 200 https://registry.npmjs.org/process-nextick-args/-/process-nextick-args-2.0.1.tgz 8454ms (cache miss)
npm http fetch GET 200 https://registry.npmjs.org/once/-/once-1.4.0.tgz 8457ms (cache miss)
npm http fetch GET 200 https://registry.npmjs.org/is-plain-object/-/is-plain-object-2.0.4.tgz 8477ms (cache miss)
npm http fetch GET 200 https://registry.npmjs.org/end-of-stream/-/end-of-stream-1.4.5.tgz 8481ms (cache miss)
npm http fetch GET 200 https://registry.npmjs.org/is-extendable/-/is-extendable-1.0.1.tgz 8490ms (cache miss)
npm http fetch GET 200 https://registry.npmjs.org/micromatch/-/micromatch-3.1.10.tgz 8491ms (cache miss)
npm http fetch GET 200 https://registry.npmjs.org/extend-shallow/-/extend-shallow-3.0.2.tgz 8491ms (cache miss)
npm http fetch GET 200 https://registry.npmjs.org/kind-of/-/kind-of-6.0.3.tgz 8498ms (cache miss)
npm http fetch GET 200 https://registry.npmjs.org/object.defaults/-/object.defaults-1.1.0.tgz 8498ms (cache miss)
npm http fetch GET 200 https://registry.npmjs.org/normalize-path/-/normalize-path-3.0.0.tgz 8510ms (cache miss)
npm http fetch GET 200 https://registry.npmjs.org/just-debounce/-/just-debounce-1.1.0.tgz 8551ms (cache miss)
npm http fetch GET 200 https://registry.npmjs.org/is-negated-glob/-/is-negated-glob-1.0.0.tgz 8564ms (cache miss)
npm http fetch GET 200 https://registry.npmjs.org/glob-parent/-/glob-parent-3.1.0.tgz 8577ms (cache miss)
npm http fetch GET 200 https://registry.npmjs.org/anymatch/-/anymatch-2.0.0.tgz 8592ms (cache miss)
npm http fetch GET 200 https://registry.npmjs.org/async-done/-/async-done-1.3.2.tgz 8598ms (cache miss)
npm http fetch GET 200 https://registry.npmjs.org/chokidar/-/chokidar-2.1.8.tgz 8598ms (cache miss)
npm http fetch GET 200 https://registry.npmjs.org/is-glob/-/is-glob-3.1.0.tgz 8601ms (cache miss)
npm http fetch GET 200 https://registry.npmjs.org/vinyl-fs/-/vinyl-fs-3.0.3.tgz 8621ms (cache miss)
npm http fetch GET 200 https://registry.npmjs.org/normalize-path/-/normalize-path-2.1.1.tgz 8626ms (cache miss)
npm http fetch GET 200 https://registry.npmjs.org/fast-levenshtein/-/fast-levenshtein-1.1.4.tgz 8626ms (cache miss)
npm http fetch GET 200 https://registry.npmjs.org/undertaker/-/undertaker-1.3.0.tgz 8627ms (cache miss)
npm http fetch GET 200 https://registry.npmjs.org/glob-watcher/-/glob-watcher-5.0.5.tgz 8637ms (cache miss)
npm http fetch GET 200 https://registry.npmjs.org/array-uniq/-/array-uniq-1.0.3.tgz 8653ms (cache miss)
npm http fetch GET 200 https://registry.npmjs.org/pinkie-promise/-/pinkie-promise-2.0.1.tgz 8654ms (cache miss)
npm http fetch GET 200 https://registry.npmjs.org/gulp-cli/-/gulp-cli-2.3.0.tgz 8657ms (cache miss)
npm http fetch GET 200 https://registry.npmjs.org/array-union/-/array-union-1.0.2.tgz 8687ms (cache miss)
npm http fetch GET 200 https://registry.npmjs.org/signal-exit/-/signal-exit-4.1.0.tgz 8712ms (cache miss)
npm http fetch GET 200 https://registry.npmjs.org/path-scurry/-/path-scurry-1.11.1.tgz 8719ms (cache miss)
npm http fetch GET 200 https://registry.npmjs.org/package-json-from-dist/-/package-json-from-dist-1.0.1.tgz 8747ms (cache miss)
npm http fetch GET 200 https://registry.npmjs.org/functions-have-names/-/functions-have-names-1.2.3.tgz 8792ms (cache miss)
npm http fetch GET 200 https://registry.npmjs.org/dunder-proto/-/dunder-proto-1.0.1.tgz 8795ms (cache miss)
npm http fetch GET 200 https://registry.npmjs.org/is-document.all/-/is-document.all-1.0.0.tgz 8796ms (cache miss)
npm http fetch GET 200 https://registry.npmjs.org/minipass/-/minipass-7.1.3.tgz 8813ms (cache miss)
npm http fetch GET 200 https://registry.npmjs.org/keyv/-/keyv-4.5.4.tgz 8813ms (cache miss)
npm http fetch GET 200 https://registry.npmjs.org/locate-path/-/locate-path-6.0.0.tgz 8817ms (cache miss)
npm http fetch GET 200 https://registry.npmjs.org/flatted/-/flatted-3.4.4.tgz 8818ms (cache miss)
npm http fetch GET 200 https://registry.npmjs.org/path-exists/-/path-exists-4.0.0.tgz 8818ms (cache miss)
npm http fetch GET 200 https://registry.npmjs.org/lru-cache/-/lru-cache-10.4.3.tgz 8822ms (cache miss)
npm http fetch GET 200 https://registry.npmjs.org/jackspeak/-/jackspeak-3.4.3.tgz 8825ms (cache miss)
npm http fetch GET 200 https://registry.npmjs.org/pkg-dir/-/pkg-dir-7.0.0.tgz 8825ms (cache miss)
npm http fetch GET 200 https://registry.npmjs.org/foreground-child/-/foreground-child-3.3.1.tgz 8829ms (cache miss)
npm http fetch GET 200 https://registry.npmjs.org/yocto-queue/-/yocto-queue-1.2.2.tgz 8851ms (cache miss)
npm http fetch GET 200 https://registry.npmjs.org/p-limit/-/p-limit-4.0.0.tgz 8855ms (cache miss)
npm http fetch GET 200 https://registry.npmjs.org/path-exists/-/path-exists-5.0.0.tgz 8884ms (cache miss)
npm http fetch GET 200 https://registry.npmjs.org/locate-path/-/locate-path-7.2.0.tgz 8887ms (cache miss)
npm http fetch GET 200 https://registry.npmjs.org/p-locate/-/p-locate-6.0.0.tgz 8904ms (cache miss)
npm http fetch GET 200 https://registry.npmjs.org/common-path-prefix/-/common-path-prefix-3.0.0.tgz 8917ms (cache miss)
npm http fetch GET 200 https://registry.npmjs.org/find-up/-/find-up-6.3.0.tgz 8917ms (cache miss)
npm http fetch GET 200 https://registry.npmjs.org/glob/-/glob-7.2.3.tgz 8918ms (cache miss)
npm warn deprecated glob@7.2.3: Old versions of glob are not supported, and contain widely publicized security vulnerabilities, which have been fixed in the current version. Please update. Support for old versions may be purchased (at exorbitant rates) by contacting i@izs.me
npm http fetch GET 200 https://registry.npmjs.org/rimraf/-/rimraf-3.0.2.tgz 8918ms (cache miss)
npm warn deprecated rimraf@3.0.2: Rimraf versions prior to v4 are no longer supported
npm http fetch GET 200 https://registry.npmjs.org/flat-cache/-/flat-cache-3.2.0.tgz 8920ms (cache miss)
npm http fetch GET 200 https://registry.npmjs.org/node-fetch/-/node-fetch-2.7.0.tgz 8925ms (cache miss)
npm http fetch GET 200 https://registry.npmjs.org/ua-parser-js/-/ua-parser-js-0.7.41.tgz 8945ms (cache miss)
npm http fetch GET 200 https://registry.npmjs.org/setimmediate/-/setimmediate-1.0.5.tgz 8954ms (cache miss)
npm http fetch GET 200 https://registry.npmjs.org/fbjs-css-vars/-/fbjs-css-vars-1.0.2.tgz 8962ms (cache miss)
npm http fetch GET 200 https://registry.npmjs.org/promise/-/promise-7.3.1.tgz 8979ms (cache miss)
npm http fetch GET 200 https://registry.npmjs.org/reusify/-/reusify-1.1.0.tgz 8999ms (cache miss)
npm http fetch GET 200 https://registry.npmjs.org/cross-fetch/-/cross-fetch-3.2.0.tgz 9001ms (cache miss)
npm http fetch GET 200 https://registry.npmjs.org/unpipe/-/unpipe-1.0.0.tgz 9023ms (cache miss)
npm http fetch GET 200 https://registry.npmjs.org/es6-promise/-/es6-promise-4.2.8.tgz 9038ms (cache miss)
npm http fetch GET 200 https://registry.npmjs.org/bytes/-/bytes-3.1.2.tgz 9051ms (cache miss)
npm http fetch GET 200 https://registry.npmjs.org/raw-body/-/raw-body-2.5.3.tgz 9051ms (cache miss)
npm http fetch GET 200 https://registry.npmjs.org/negotiator/-/negotiator-0.6.3.tgz 9052ms (cache miss)
npm http fetch GET 200 https://registry.npmjs.org/destroy/-/destroy-1.2.0.tgz 9057ms (cache miss)
npm http fetch GET 200 https://registry.npmjs.org/mime-types/-/mime-types-2.1.35.tgz 9060ms (cache miss)
npm http fetch GET 200 https://registry.npmjs.org/vary/-/vary-1.1.2.tgz 9064ms (cache miss)
npm http fetch GET 200 https://registry.npmjs.org/utils-merge/-/utils-merge-1.0.1.tgz 9085ms (cache miss)
npm http fetch GET 200 https://registry.npmjs.org/type-is/-/type-is-1.6.18.tgz 9098ms (cache miss)
npm http fetch GET 200 https://registry.npmjs.org/statuses/-/statuses-2.0.2.tgz 9099ms (cache miss)
npm http fetch GET 200 https://registry.npmjs.org/setprototypeof/-/setprototypeof-1.2.0.tgz 9126ms (cache miss)
npm http fetch GET 200 https://registry.npmjs.org/serve-static/-/serve-static-1.16.3.tgz 9137ms (cache miss)
npm http fetch GET 200 https://registry.npmjs.org/send/-/send-0.19.2.tgz 9148ms (cache miss)
npm http fetch GET 200 https://registry.npmjs.org/safe-buffer/-/safe-buffer-5.2.1.tgz 9160ms (cache miss)
npm http fetch GET 200 https://registry.npmjs.org/debug/-/debug-2.6.9.tgz 9173ms (cache miss)
npm http fetch GET 200 https://registry.npmjs.org/iconv-lite/-/iconv-lite-0.4.24.tgz 9175ms (cache miss)
npm http fetch GET 200 https://registry.npmjs.org/ms/-/ms-2.0.0.tgz 9182ms (cache miss)
npm http fetch GET 200 https://registry.npmjs.org/proxy-addr/-/proxy-addr-2.0.8.tgz 9184ms (cache miss)
npm http fetch GET 200 https://registry.npmjs.org/range-parser/-/range-parser-1.2.1.tgz 9188ms (cache miss)
npm http fetch GET 200 https://registry.npmjs.org/path-to-regexp/-/path-to-regexp-0.1.13.tgz 9198ms (cache miss)
npm http fetch GET 200 https://registry.npmjs.org/parseurl/-/parseurl-1.3.3.tgz 9205ms (cache miss)
npm http fetch GET 200 https://registry.npmjs.org/on-finished/-/on-finished-2.4.1.tgz 9209ms (cache miss)
npm http fetch GET 200 https://registry.npmjs.org/methods/-/methods-1.1.2.tgz 9228ms (cache miss)
npm http fetch GET 200 https://registry.npmjs.org/http-errors/-/http-errors-2.0.1.tgz 9236ms (cache miss)
npm http fetch GET 200 https://registry.npmjs.org/merge-descriptors/-/merge-descriptors-1.0.3.tgz 9240ms (cache miss)
npm http fetch GET 200 https://registry.npmjs.org/fresh/-/fresh-0.5.2.tgz 9271ms (cache miss)
npm http fetch GET 200 https://registry.npmjs.org/finalhandler/-/finalhandler-1.3.2.tgz 9275ms (cache miss)
npm http fetch GET 200 https://registry.npmjs.org/etag/-/etag-1.8.1.tgz 9293ms (cache miss)
npm http fetch GET 200 https://registry.npmjs.org/ms/-/ms-2.0.0.tgz 9298ms (cache miss)
npm http fetch GET 200 https://registry.npmjs.org/debug/-/debug-2.6.9.tgz 9308ms (cache miss)
npm http fetch GET 200 https://registry.npmjs.org/escape-html/-/escape-html-1.0.3.tgz 9313ms (cache miss)
npm http fetch GET 200 https://registry.npmjs.org/encodeurl/-/encodeurl-2.0.0.tgz 9321ms (cache miss)
npm http fetch GET 200 https://registry.npmjs.org/depd/-/depd-2.0.0.tgz 9322ms (cache miss)
npm http fetch GET 200 https://registry.npmjs.org/cookie-signature/-/cookie-signature-1.0.7.tgz 9328ms (cache miss)
npm http fetch GET 200 https://registry.npmjs.org/cookie/-/cookie-0.7.2.tgz 9344ms (cache miss)
npm http fetch GET 200 https://registry.npmjs.org/content-disposition/-/content-disposition-0.5.4.tgz 9348ms (cache miss)
npm http fetch GET 200 https://registry.npmjs.org/content-type/-/content-type-1.0.5.tgz 9348ms (cache miss)
npm http fetch GET 200 https://registry.npmjs.org/ms/-/ms-2.0.0.tgz 9369ms (cache miss)
npm http fetch GET 200 https://registry.npmjs.org/body-parser/-/body-parser-1.20.8.tgz 9373ms (cache miss)
npm http fetch GET 200 https://registry.npmjs.org/debug/-/debug-2.6.9.tgz 9382ms (cache miss)
npm http fetch GET 200 https://registry.npmjs.org/array-flatten/-/array-flatten-1.1.1.tgz 9420ms (cache miss)
npm http fetch GET 200 https://registry.npmjs.org/accepts/-/accepts-1.3.8.tgz 9424ms (cache miss)
npm http fetch GET 200 https://registry.npmjs.org/acorn-jsx/-/acorn-jsx-5.3.2.tgz 9428ms (cache miss)
npm http fetch GET 200 https://registry.npmjs.org/esrecurse/-/esrecurse-4.3.0.tgz 9443ms (cache miss)
npm http fetch GET 200 https://registry.npmjs.org/iterator.prototype/-/iterator.prototype-1.1.5.tgz 9453ms (cache miss)
npm http fetch GET 200 https://registry.npmjs.org/string.prototype.repeat/-/string.prototype.repeat-1.0.0.tgz 9457ms (cache miss)
npm http fetch GET 200 https://registry.npmjs.org/string.prototype.matchall/-/string.prototype.matchall-4.1.0.tgz 9461ms (cache miss)
npm http fetch GET 200 https://registry.npmjs.org/estraverse/-/estraverse-5.3.0.tgz 9473ms (cache miss)
npm http fetch GET 200 https://registry.npmjs.org/array.prototype.findlast/-/array.prototype.findlast-1.2.5.tgz 9491ms (cache miss)
npm http fetch GET 200 https://registry.npmjs.org/array.prototype.tosorted/-/array.prototype.tosorted-1.1.4.tgz 9496ms (cache miss)
npm http fetch GET 200 https://registry.npmjs.org/string.prototype.includes/-/string.prototype.includes-2.0.1.tgz 9507ms (cache miss)
npm http fetch GET 200 https://registry.npmjs.org/acorn/-/acorn-8.18.0.tgz 9512ms (cache miss)
npm http fetch GET 200 https://registry.npmjs.org/language-tags/-/language-tags-1.0.9.tgz 9512ms (cache miss)
npm http fetch GET 200 https://registry.npmjs.org/es-iterator-helpers/-/es-iterator-helpers-1.4.0.tgz 9526ms (cache miss)
npm http fetch GET 200 https://registry.npmjs.org/jsx-ast-utils/-/jsx-ast-utils-3.3.5.tgz 9542ms (cache miss)
npm http fetch GET 200 https://registry.npmjs.org/damerau-levenshtein/-/damerau-levenshtein-1.0.8.tgz 9567ms (cache miss)
npm http fetch GET 200 https://registry.npmjs.org/emoji-regex/-/emoji-regex-9.2.2.tgz 9569ms (cache miss)
npm http fetch GET 200 https://registry.npmjs.org/ast-types-flow/-/ast-types-flow-0.0.8.tgz 9601ms (cache miss)
npm http fetch GET 200 https://registry.npmjs.org/is-symbol/-/is-symbol-1.1.1.tgz 9605ms (cache miss)
npm http fetch GET 200 https://registry.npmjs.org/is-date-object/-/is-date-object-1.1.0.tgz 9619ms (cache miss)
npm http fetch GET 200 https://registry.npmjs.org/axobject-query/-/axobject-query-4.1.0.tgz 9626ms (cache miss)
npm http fetch GET 200 https://registry.npmjs.org/es-abstract-get/-/es-abstract-get-1.0.0.tgz 9630ms (cache miss)
npm http fetch GET 200 https://registry.npmjs.org/has-tostringtag/-/has-tostringtag-1.0.2.tgz 9636ms (cache miss)
npm http fetch GET 200 https://registry.npmjs.org/which-typed-array/-/which-typed-array-1.1.24.tgz 9641ms (cache miss)
npm http fetch GET 200 https://registry.npmjs.org/unbox-primitive/-/unbox-primitive-1.1.0.tgz 9648ms (cache miss)
npm http fetch GET 200 https://registry.npmjs.org/typed-array-length/-/typed-array-length-1.0.8.tgz 9651ms (cache miss)
npm http fetch GET 200 https://registry.npmjs.org/possible-typed-array-names/-/possible-typed-array-names-1.1.0.tgz 9661ms (cache miss)
npm http fetch GET 200 https://registry.npmjs.org/typed-array-byte-offset/-/typed-array-byte-offset-1.0.5.tgz 9661ms (cache miss)
npm http fetch GET 200 https://registry.npmjs.org/aria-query/-/aria-query-5.3.2.tgz 9688ms (cache miss)
npm http fetch GET 200 https://registry.npmjs.org/typed-array-byte-length/-/typed-array-byte-length-1.0.3.tgz 9699ms (cache miss)
npm http fetch GET 200 https://registry.npmjs.org/typed-array-buffer/-/typed-array-buffer-1.0.3.tgz 9700ms (cache miss)
npm http fetch GET 200 https://registry.npmjs.org/string.prototype.trimstart/-/string.prototype.trimstart-1.0.8.tgz 9710ms (cache miss)
npm http fetch GET 200 https://registry.npmjs.org/string.prototype.trim/-/string.prototype.trim-1.2.11.tgz 9737ms (cache miss)
npm http fetch GET 200 https://registry.npmjs.org/set-proto/-/set-proto-1.0.0.tgz 9738ms (cache miss)
npm http fetch GET 200 https://registry.npmjs.org/axe-core/-/axe-core-4.13.0.tgz 9743ms (cache miss)
npm http fetch GET 200 https://registry.npmjs.org/stop-iteration-iterator/-/stop-iteration-iterator-1.1.0.tgz 9749ms (cache miss)
npm http fetch GET 200 https://registry.npmjs.org/safe-regex-test/-/safe-regex-test-1.1.0.tgz 9763ms (cache miss)
npm http fetch GET 200 https://registry.npmjs.org/safe-push-apply/-/safe-push-apply-1.0.0.tgz 9767ms (cache miss)
npm http fetch GET 200 https://registry.npmjs.org/safe-array-concat/-/safe-array-concat-1.1.4.tgz 9773ms (cache miss)
npm http fetch GET 200 https://registry.npmjs.org/isarray/-/isarray-2.0.5.tgz 9778ms (cache miss)
npm http fetch GET 200 https://registry.npmjs.org/isarray/-/isarray-2.0.5.tgz 9790ms (cache miss)
npm http fetch GET 200 https://registry.npmjs.org/object-inspect/-/object-inspect-1.13.4.tgz 9800ms (cache miss)
npm http fetch GET 200 https://registry.npmjs.org/own-keys/-/own-keys-1.0.2.tgz 9804ms (cache miss)
npm http fetch GET 200 https://registry.npmjs.org/regexp.prototype.flags/-/regexp.prototype.flags-1.5.4.tgz 9815ms (cache miss)
npm http fetch GET 200 https://registry.npmjs.org/is-weakref/-/is-weakref-1.1.1.tgz 9829ms (cache miss)
npm http fetch GET 200 https://registry.npmjs.org/is-typed-array/-/is-typed-array-1.1.15.tgz 9835ms (cache miss)
npm http fetch GET 200 https://registry.npmjs.org/is-shared-array-buffer/-/is-shared-array-buffer-1.0.4.tgz 9859ms (cache miss)
npm http fetch GET 200 https://registry.npmjs.org/is-set/-/is-set-2.0.3.tgz 9878ms (cache miss)
npm http fetch GET 200 https://registry.npmjs.org/is-data-view/-/is-data-view-1.0.2.tgz 9878ms (cache miss)
npm http fetch GET 200 https://registry.npmjs.org/is-negative-zero/-/is-negative-zero-2.0.3.tgz 9878ms (cache miss)
npm http fetch GET 200 https://registry.npmjs.org/is-callable/-/is-callable-1.2.7.tgz 9888ms (cache miss)
npm http fetch GET 200 https://registry.npmjs.org/has-symbols/-/has-symbols-1.1.0.tgz 9909ms (cache miss)
npm http fetch GET 200 https://registry.npmjs.org/is-array-buffer/-/is-array-buffer-3.0.5.tgz 9910ms (cache miss)
npm http fetch GET 200 https://registry.npmjs.org/internal-slot/-/internal-slot-1.1.0.tgz 9910ms (cache miss)
npm http fetch GET 200 https://registry.npmjs.org/has-proto/-/has-proto-1.2.0.tgz 9926ms (cache miss)
npm http fetch GET 200 https://registry.npmjs.org/globalthis/-/globalthis-1.0.4.tgz 9933ms (cache miss)
npm http fetch GET 200 https://registry.npmjs.org/get-proto/-/get-proto-1.0.1.tgz 9941ms (cache miss)
npm http fetch GET 200 https://registry.npmjs.org/get-symbol-description/-/get-symbol-description-1.1.0.tgz 9945ms (cache miss)
npm http fetch GET 200 https://registry.npmjs.org/function.prototype.name/-/function.prototype.name-1.2.0.tgz 9959ms (cache miss)
npm http fetch GET 200 https://registry.npmjs.org/es-to-primitive/-/es-to-primitive-1.3.4.tgz 9960ms (cache miss)
npm http fetch GET 200 https://registry.npmjs.org/es-set-tostringtag/-/es-set-tostringtag-2.1.0.tgz 9989ms (cache miss)
npm http fetch GET 200 https://registry.npmjs.org/data-view-byte-offset/-/data-view-byte-offset-1.0.1.tgz 10003ms (cache miss)
npm http fetch GET 200 https://registry.npmjs.org/data-view-byte-length/-/data-view-byte-length-1.0.2.tgz 10007ms (cache miss)
npm http fetch GET 200 https://registry.npmjs.org/data-view-buffer/-/data-view-buffer-1.0.2.tgz 10012ms (cache miss)
npm http fetch GET 200 https://registry.npmjs.org/available-typed-arrays/-/available-typed-arrays-1.0.7.tgz 10013ms (cache miss)
npm http fetch GET 200 https://registry.npmjs.org/arraybuffer.prototype.slice/-/arraybuffer.prototype.slice-1.0.4.tgz 10029ms (cache miss)
npm http fetch GET 200 https://registry.npmjs.org/array-buffer-byte-length/-/array-buffer-byte-length-1.0.2.tgz 10040ms (cache miss)
npm http fetch GET 200 https://registry.npmjs.org/gopd/-/gopd-1.2.0.tgz 10048ms (cache miss)
npm http fetch GET 200 https://registry.npmjs.org/object-keys/-/object-keys-1.1.1.tgz 10048ms (cache miss)
npm http fetch GET 200 https://registry.npmjs.org/has-property-descriptors/-/has-property-descriptors-1.0.2.tgz 10068ms (cache miss)
npm http fetch GET 200 https://registry.npmjs.org/define-data-property/-/define-data-property-1.1.4.tgz 10077ms (cache miss)
npm http fetch GET 200 https://registry.npmjs.org/function-bind/-/function-bind-1.1.2.tgz 10080ms (cache miss)
npm http fetch GET 200 https://registry.npmjs.org/set-function-length/-/set-function-length-1.2.2.tgz 10087ms (cache miss)
npm http fetch GET 200 https://registry.npmjs.org/es-define-property/-/es-define-property-1.0.1.tgz 10090ms (cache miss)
npm http fetch GET 200 https://registry.npmjs.org/get-intrinsic/-/get-intrinsic-1.3.0.tgz 10106ms (cache miss)
npm http fetch GET 200 https://registry.npmjs.org/call-bind-apply-helpers/-/call-bind-apply-helpers-1.0.2.tgz 10124ms (cache miss)
npm http fetch GET 200 https://registry.npmjs.org/math-intrinsics/-/math-intrinsics-1.1.0.tgz 10138ms (cache miss)
npm http fetch GET 200 https://registry.npmjs.org/is-string/-/is-string-1.1.1.tgz 10151ms (cache miss)
npm http fetch GET 200 https://registry.npmjs.org/es-errors/-/es-errors-1.3.0.tgz 10152ms (cache miss)
npm http fetch GET 200 https://registry.npmjs.org/es-shim-unscopables/-/es-shim-unscopables-1.1.0.tgz 10152ms (cache miss)
npm http fetch GET 200 https://registry.npmjs.org/es-object-atoms/-/es-object-atoms-1.1.2.tgz 10179ms (cache miss)
npm http fetch GET 200 https://registry.npmjs.org/define-properties/-/define-properties-1.2.1.tgz 10186ms (cache miss)
npm http fetch GET 200 https://registry.npmjs.org/call-bound/-/call-bound-1.0.4.tgz 10189ms (cache miss)
npm http fetch GET 200 https://registry.npmjs.org/call-bind/-/call-bind-1.0.9.tgz 10213ms (cache miss)
npm http fetch GET 200 https://registry.npmjs.org/object.values/-/object.values-1.2.1.tgz 10229ms (cache miss)
npm http fetch GET 200 https://registry.npmjs.org/string.prototype.trimend/-/string.prototype.trimend-1.0.10.tgz 10230ms (cache miss)
npm http fetch GET 200 https://registry.npmjs.org/json5/-/json5-1.0.2.tgz 10237ms (cache miss)
npm http fetch GET 200 https://registry.npmjs.org/object.groupby/-/object.groupby-1.0.3.tgz 10241ms (cache miss)
npm http fetch GET 200 https://registry.npmjs.org/tsconfig-paths/-/tsconfig-paths-3.15.0.tgz 10256ms (cache miss)
npm http fetch GET 200 https://registry.npmjs.org/object.fromentries/-/object.fromentries-2.0.8.tgz 10263ms (cache miss)
npm http fetch GET 200 https://registry.npmjs.org/eslint-module-utils/-/eslint-module-utils-2.14.0.tgz 10274ms (cache miss)
npm http fetch GET 200 https://registry.npmjs.org/eslint-import-resolver-node/-/eslint-import-resolver-node-0.3.10.tgz 10283ms (cache miss)
npm http fetch GET 200 https://registry.npmjs.org/debug/-/debug-3.2.7.tgz 10302ms (cache miss)
npm http fetch GET 200 https://registry.npmjs.org/debug/-/debug-3.2.7.tgz 10316ms (cache miss)
npm http fetch GET 200 https://registry.npmjs.org/array.prototype.flat/-/array.prototype.flat-1.3.3.tgz 10331ms (cache miss)
npm http fetch GET 200 https://registry.npmjs.org/array.prototype.findlastindex/-/array.prototype.findlastindex-1.2.6.tgz 10331ms (cache miss)
npm http fetch GET 200 https://registry.npmjs.org/resolve/-/resolve-2.0.0-next.7.tgz 10337ms (cache miss)
npm http fetch GET 200 https://registry.npmjs.org/array.prototype.flatmap/-/array.prototype.flatmap-1.3.3.tgz 10345ms (cache miss)
npm http fetch GET 200 https://registry.npmjs.org/array-includes/-/array-includes-3.2.0.tgz 10360ms (cache miss)
npm http fetch GET 200 https://registry.npmjs.org/tapable/-/tapable-0.1.10.tgz 10360ms (cache miss)
npm http fetch GET 200 https://registry.npmjs.org/graceful-fs/-/graceful-fs-4.2.11.tgz 10377ms (cache miss)
npm http fetch GET 200 https://registry.npmjs.org/memory-fs/-/memory-fs-0.2.0.tgz 10386ms (cache miss)
npm http fetch GET 200 https://registry.npmjs.org/@rtsao/scc/-/scc-1.1.0.tgz 10393ms (cache miss)
npm http fetch GET 200 https://registry.npmjs.org/is-regex/-/is-regex-1.2.1.tgz 10393ms (cache miss)
npm http fetch GET 200 https://registry.npmjs.org/is-core-module/-/is-core-module-2.17.0.tgz 10399ms (cache miss)
npm http fetch GET 200 https://registry.npmjs.org/hasown/-/hasown-2.0.4.tgz 10406ms (cache miss)
npm http fetch GET 200 https://registry.npmjs.org/interpret/-/interpret-1.4.0.tgz 10417ms (cache miss)
npm http fetch GET 200 https://registry.npmjs.org/enhanced-resolve/-/enhanced-resolve-0.9.1.tgz 10444ms (cache miss)
npm http fetch GET 200 https://registry.npmjs.org/find-root/-/find-root-1.1.0.tgz 10447ms (cache miss)
npm http fetch GET 200 https://registry.npmjs.org/confusing-browser-globals/-/confusing-browser-globals-1.0.11.tgz 10467ms (cache miss)
npm http fetch GET 200 https://registry.npmjs.org/object.entries/-/object.entries-1.1.9.tgz 10468ms (cache miss)
npm http fetch GET 200 https://registry.npmjs.org/object.assign/-/object.assign-4.1.7.tgz 10474ms (cache miss)
npm http fetch GET 200 https://registry.npmjs.org/shebang-command/-/shebang-command-2.0.0.tgz 10489ms (cache miss)
npm http fetch GET 200 https://registry.npmjs.org/eslint-config-airbnb-base/-/eslint-config-airbnb-base-15.0.0.tgz 10500ms (cache miss)
npm http fetch GET 200 https://registry.npmjs.org/which/-/which-2.0.2.tgz 10499ms (cache miss)
npm http fetch GET 200 https://registry.npmjs.org/path-key/-/path-key-3.1.1.tgz 10525ms (cache miss)
npm http fetch GET 200 https://registry.npmjs.org/json-schema-traverse/-/json-schema-traverse-0.4.1.tgz 10530ms (cache miss)
npm http fetch GET 200 https://registry.npmjs.org/fast-json-stable-stringify/-/fast-json-stable-stringify-2.1.0.tgz 10537ms (cache miss)
npm http fetch GET 200 https://registry.npmjs.org/run-parallel/-/run-parallel-1.2.0.tgz 10540ms (cache miss)
npm http fetch GET 200 https://registry.npmjs.org/@nodelib/fs.stat/-/fs.stat-2.0.5.tgz 10547ms (cache miss)
npm http fetch GET 200 https://registry.npmjs.org/fastq/-/fastq-1.20.3.tgz 10555ms (cache miss)
npm http fetch GET 200 https://registry.npmjs.org/uri-js/-/uri-js-4.4.1.tgz 10584ms (cache miss)
npm http fetch GET 200 https://registry.npmjs.org/@nodelib/fs.scandir/-/fs.scandir-2.1.5.tgz 10598ms (cache miss)
npm http fetch GET 200 https://registry.npmjs.org/strip-json-comments/-/strip-json-comments-3.1.1.tgz 10598ms (cache miss)
npm http fetch GET 200 https://registry.npmjs.org/import-fresh/-/import-fresh-3.3.1.tgz 10598ms (cache miss)
npm http fetch GET 200 https://registry.npmjs.org/@humanwhocodes/object-schema/-/object-schema-2.0.3.tgz 10612ms (cache miss)
npm warn deprecated @humanwhocodes/object-schema@2.0.3: Use @eslint/object-schema instead
npm http fetch GET 200 https://registry.npmjs.org/text-table/-/text-table-0.2.0.tgz 10612ms (cache miss)
npm http fetch GET 200 https://registry.npmjs.org/optionator/-/optionator-0.9.4.tgz 10621ms (cache miss)
npm http fetch GET 200 https://registry.npmjs.org/natural-compare/-/natural-compare-1.4.0.tgz 10638ms (cache miss)
npm http fetch GET 200 https://registry.npmjs.org/lodash.merge/-/lodash.merge-4.6.2.tgz 10643ms (cache miss)
npm http fetch GET 200 https://registry.npmjs.org/levn/-/levn-0.4.1.tgz 10666ms (cache miss)
npm http fetch GET 200 https://registry.npmjs.org/json-stable-stringify-without-jsonify/-/json-stable-stringify-without-jsonify-1.0.1.tgz 10670ms (cache miss)
npm http fetch GET 200 https://registry.npmjs.org/is-path-inside/-/is-path-inside-3.0.3.tgz 10678ms (cache miss)
npm http fetch GET 200 https://registry.npmjs.org/is-glob/-/is-glob-4.0.3.tgz 10679ms (cache miss)
npm http fetch GET 200 https://registry.npmjs.org/es-abstract/-/es-abstract-1.24.2.tgz 10696ms (cache miss)
npm http fetch GET 200 https://registry.npmjs.org/imurmurhash/-/imurmurhash-0.1.4.tgz 10700ms (cache miss)
npm http fetch GET 200 https://registry.npmjs.org/ignore/-/ignore-5.3.2.tgz 10723ms (cache miss)
npm http fetch GET 200 https://registry.npmjs.org/find-up/-/find-up-5.0.0.tgz 10732ms (cache miss)
npm http fetch GET 200 https://registry.npmjs.org/glob-parent/-/glob-parent-6.0.2.tgz 10733ms (cache miss)
npm http fetch GET 200 https://registry.npmjs.org/fast-deep-equal/-/fast-deep-equal-3.1.3.tgz 10752ms (cache miss)
npm http fetch GET 200 https://registry.npmjs.org/graphemer/-/graphemer-1.4.0.tgz 10757ms (cache miss)
npm http fetch GET 200 https://registry.npmjs.org/file-entry-cache/-/file-entry-cache-6.0.1.tgz 10761ms (cache miss)
npm http fetch GET 200 https://registry.npmjs.org/js-yaml/-/js-yaml-4.3.2.tgz 10783ms (cache miss)
npm http fetch GET 200 https://registry.npmjs.org/espree/-/espree-9.6.1.tgz 10788ms (cache miss)
npm http fetch GET 200 https://registry.npmjs.org/eslint-scope/-/eslint-scope-7.2.2.tgz 10790ms (cache miss)
npm http fetch GET 200 https://registry.npmjs.org/doctrine/-/doctrine-3.0.0.tgz 10818ms (cache miss)
npm http fetch GET 200 https://registry.npmjs.org/cross-spawn/-/cross-spawn-7.0.6.tgz 10819ms (cache miss)
npm http fetch GET 200 https://registry.npmjs.org/eslint-visitor-keys/-/eslint-visitor-keys-3.4.3.tgz 10820ms (cache miss)
npm http fetch GET 200 https://registry.npmjs.org/ajv/-/ajv-6.15.0.tgz 10842ms (cache miss)
npm http fetch GET 200 https://registry.npmjs.org/@ungap/structured-clone/-/structured-clone-1.4.0.tgz 10848ms (cache miss)
npm http fetch GET 200 https://registry.npmjs.org/@nodelib/fs.walk/-/fs.walk-1.2.8.tgz 10872ms (cache miss)
npm http fetch GET 200 https://registry.npmjs.org/@humanwhocodes/config-array/-/config-array-0.13.0.tgz 10883ms (cache miss)
npm warn deprecated @humanwhocodes/config-array@0.13.0: Use @eslint/config-array instead
npm http fetch GET 200 https://registry.npmjs.org/@humanwhocodes/module-importer/-/module-importer-1.0.1.tgz 10884ms (cache miss)
npm http fetch GET 200 https://registry.npmjs.org/esquery/-/esquery-1.7.0.tgz 10887ms (cache miss)
npm http fetch GET 200 https://registry.npmjs.org/@eslint/js/-/js-8.57.1.tgz 10899ms (cache miss)
npm http fetch GET 200 https://registry.npmjs.org/globals/-/globals-13.24.0.tgz 10916ms (cache miss)
npm http fetch GET 200 https://registry.npmjs.org/@eslint/eslintrc/-/eslintrc-2.1.4.tgz 10951ms (cache miss)
npm http fetch GET 200 https://registry.npmjs.org/eslint-visitor-keys/-/eslint-visitor-keys-3.4.3.tgz 10951ms (cache miss)
npm http fetch GET 200 https://registry.npmjs.org/@eslint-community/eslint-utils/-/eslint-utils-4.10.1.tgz 10981ms (cache miss)
npm http fetch GET 200 https://registry.npmjs.org/@eslint-community/regexpp/-/regexpp-4.12.2.tgz 10986ms (cache miss)
npm http fetch GET 200 https://registry.npmjs.org/jake/-/jake-10.9.4.tgz 10986ms (cache miss)
npm http fetch GET 200 https://registry.npmjs.org/repeating/-/repeating-2.0.1.tgz 10990ms (cache miss)
npm http fetch GET 200 https://registry.npmjs.org/async/-/async-3.2.6.tgz 11003ms (cache miss)
npm http fetch GET 200 https://registry.npmjs.org/@types/minimatch/-/minimatch-5.1.2.tgz 11024ms (cache miss)
npm http fetch GET 200 https://registry.npmjs.org/undici-types/-/undici-types-8.9.0.tgz 11041ms (cache miss)
npm http fetch GET 200 https://registry.npmjs.org/rimraf/-/rimraf-2.7.1.tgz 11043ms (cache miss)
npm warn deprecated rimraf@2.7.1: Rimraf versions prior to v4 are no longer supported
npm http fetch GET 200 https://registry.npmjs.org/pify/-/pify-4.0.1.tgz 11077ms (cache miss)
npm http fetch GET 200 https://registry.npmjs.org/fbjs/-/fbjs-2.0.0.tgz 11085ms (cache miss)
npm http fetch GET 200 https://registry.npmjs.org/glob/-/glob-7.2.3.tgz 11086ms (cache miss)
npm warn deprecated glob@7.2.3: Old versions of glob are not supported, and contain widely publicized security vulnerabilities, which have been fixed in the current version. Please update. Support for old versions may be purchased (at exorbitant rates) by contacting i@izs.me
npm http fetch GET 200 https://registry.npmjs.org/is-path-in-cwd/-/is-path-in-cwd-2.1.0.tgz 11098ms (cache miss)
npm http fetch GET 200 https://registry.npmjs.org/p-map/-/p-map-2.1.0.tgz 11098ms (cache miss)
npm http fetch GET 200 https://registry.npmjs.org/is-path-cwd/-/is-path-cwd-2.2.0.tgz 11100ms (cache miss)
npm http fetch GET 200 https://registry.npmjs.org/is-path-inside/-/is-path-inside-2.1.0.tgz 11117ms (cache miss)
npm http fetch GET 200 https://registry.npmjs.org/globby/-/globby-6.1.0.tgz 11119ms (cache miss)
npm http fetch GET 200 https://registry.npmjs.org/pify/-/pify-2.3.0.tgz 11121ms (cache miss)
npm http fetch GET 200 https://registry.npmjs.org/glob/-/glob-7.2.3.tgz 11124ms (cache miss)
npm warn deprecated glob@7.2.3: Old versions of glob are not supported, and contain widely publicized security vulnerabilities, which have been fixed in the current version. Please update. Support for old versions may be purchased (at exorbitant rates) by contacting i@izs.me
npm http fetch GET 200 https://registry.npmjs.org/@babel/runtime/-/runtime-7.29.7.tgz 11139ms (cache miss)
npm http fetch GET 200 https://registry.npmjs.org/@types/glob/-/glob-7.2.0.tgz 11143ms (cache miss)
npm http fetch GET 200 https://registry.npmjs.org/ms/-/ms-2.1.3.tgz 11152ms (cache miss)
npm http fetch GET 200 https://registry.npmjs.org/postcss-unique-selectors/-/postcss-unique-selectors-6.0.4.tgz 11156ms (cache miss)
npm http fetch GET 200 https://registry.npmjs.org/postcss-svgo/-/postcss-svgo-6.0.3.tgz 11179ms (cache miss)
npm http fetch GET 200 https://registry.npmjs.org/postcss-reduce-transforms/-/postcss-reduce-transforms-6.0.2.tgz 11180ms (cache miss)
npm http fetch GET 200 https://registry.npmjs.org/@types/node/-/node-26.6.4.tgz 11188ms (cache miss)
npm http fetch GET 200 https://registry.npmjs.org/postcss-ordered-values/-/postcss-ordered-values-6.0.2.tgz 11225ms (cache miss)
npm http fetch GET 200 https://registry.npmjs.org/postcss-normalize-whitespace/-/postcss-normalize-whitespace-6.0.2.tgz 11234ms (cache miss)
npm http fetch GET 200 https://registry.npmjs.org/postcss-normalize-url/-/postcss-normalize-url-6.0.2.tgz 11244ms (cache miss)
npm http fetch GET 200 https://registry.npmjs.org/postcss-normalize-unicode/-/postcss-normalize-unicode-6.1.0.tgz 11247ms (cache miss)
npm http fetch GET 200 https://registry.npmjs.org/postcss-reduce-initial/-/postcss-reduce-initial-6.1.0.tgz 11250ms (cache miss)
npm http fetch GET 200 https://registry.npmjs.org/postcss-normalize-string/-/postcss-normalize-string-6.0.2.tgz 11253ms (cache miss)
npm http fetch GET 200 https://registry.npmjs.org/postcss-normalize-timing-functions/-/postcss-normalize-timing-functions-6.0.2.tgz 11259ms (cache miss)
npm http fetch GET 200 https://registry.npmjs.org/postcss-normalize-repeat-style/-/postcss-normalize-repeat-style-6.0.2.tgz 11258ms (cache miss)
npm http fetch GET 200 https://registry.npmjs.org/postcss-normalize-display-values/-/postcss-normalize-display-values-6.0.2.tgz 11264ms (cache miss)
npm http fetch GET 200 https://registry.npmjs.org/postcss-normalize-positions/-/postcss-normalize-positions-6.0.2.tgz 11283ms (cache miss)
npm http fetch GET 200 https://registry.npmjs.org/postcss-normalize-charset/-/postcss-normalize-charset-6.0.2.tgz 11290ms (cache miss)
npm http fetch GET 200 https://registry.npmjs.org/postcss-minify-selectors/-/postcss-minify-selectors-6.0.4.tgz 11292ms (cache miss)
npm http fetch GET 200 https://registry.npmjs.org/postcss-minify-gradients/-/postcss-minify-gradients-6.0.3.tgz 11320ms (cache miss)
npm http fetch GET 200 https://registry.npmjs.org/postcss-minify-font-values/-/postcss-minify-font-values-6.1.0.tgz 11320ms (cache miss)
npm http fetch GET 200 https://registry.npmjs.org/postcss-minify-params/-/postcss-minify-params-6.1.0.tgz 11322ms (cache miss)
npm http fetch GET 200 https://registry.npmjs.org/postcss-merge-rules/-/postcss-merge-rules-6.1.1.tgz 11364ms (cache miss)
npm http fetch GET 200 https://registry.npmjs.org/postcss-merge-longhand/-/postcss-merge-longhand-6.0.5.tgz 11381ms (cache miss)
npm http fetch GET 200 https://registry.npmjs.org/postcss-discard-empty/-/postcss-discard-empty-6.0.3.tgz 11382ms (cache miss)
npm http fetch GET 200 https://registry.npmjs.org/postcss-discard-overridden/-/postcss-discard-overridden-6.0.2.tgz 11385ms (cache miss)
npm http fetch GET 200 https://registry.npmjs.org/postcss-discard-comments/-/postcss-discard-comments-6.0.2.tgz 11389ms (cache miss)
npm http fetch GET 200 https://registry.npmjs.org/postcss-colormin/-/postcss-colormin-6.1.0.tgz 11394ms (cache miss)
npm http fetch GET 200 https://registry.npmjs.org/postcss-discard-duplicates/-/postcss-discard-duplicates-6.0.3.tgz 11407ms (cache miss)
npm http fetch GET 200 https://registry.npmjs.org/postcss-convert-values/-/postcss-convert-values-6.1.0.tgz 11407ms (cache miss)
npm http fetch GET 200 https://registry.npmjs.org/postcss-calc/-/postcss-calc-9.0.1.tgz 11409ms (cache miss)
npm http fetch GET 200 https://registry.npmjs.org/cssnano-utils/-/cssnano-utils-4.0.2.tgz 11428ms (cache miss)
npm http fetch GET 200 https://registry.npmjs.org/lilconfig/-/lilconfig-3.1.3.tgz 11432ms (cache miss)
npm http fetch GET 200 https://registry.npmjs.org/css-declaration-sorter/-/css-declaration-sorter-7.4.0.tgz 11435ms (cache miss)
npm http fetch GET 200 https://registry.npmjs.org/cssnano-preset-default/-/cssnano-preset-default-6.1.2.tgz 11452ms (cache miss)
npm http fetch GET 200 https://registry.npmjs.org/minimist/-/minimist-1.2.8.tgz 11459ms (cache miss)
npm http fetch GET 200 https://registry.npmjs.org/postcss-modules-values/-/postcss-modules-values-4.0.0.tgz 11466ms (cache miss)
npm http fetch GET 200 https://registry.npmjs.org/postcss-modules-scope/-/postcss-modules-scope-3.2.1.tgz 11503ms (cache miss)
npm http fetch GET 200 https://registry.npmjs.org/postcss-modules-local-by-default/-/postcss-modules-local-by-default-4.2.0.tgz 11521ms (cache miss)
npm http fetch GET 200 https://registry.npmjs.org/postcss-modules-extract-imports/-/postcss-modules-extract-imports-3.1.0.tgz 11532ms (cache miss)
npm http fetch GET 200 https://registry.npmjs.org/object-assign/-/object-assign-4.1.1.tgz 11534ms (cache miss)
npm http fetch GET 200 https://registry.npmjs.org/icss-utils/-/icss-utils-5.1.0.tgz 11536ms (cache miss)
npm http fetch GET 200 https://registry.npmjs.org/del/-/del-4.1.1.tgz 11545ms (cache miss)
npm http fetch GET 200 https://registry.npmjs.org/postcss-selector-parser/-/postcss-selector-parser-7.1.6.tgz 11549ms (cache miss)
npm http fetch GET 200 https://registry.npmjs.org/postcss-selector-parser/-/postcss-selector-parser-7.1.6.tgz 11549ms (cache miss)
npm http fetch GET 200 https://registry.npmjs.org/loose-envify/-/loose-envify-1.4.0.tgz 11558ms (cache miss)
npm http fetch GET 200 https://registry.npmjs.org/strip-ansi/-/strip-ansi-3.0.1.tgz 11559ms (cache miss)
npm http fetch GET 200 https://registry.npmjs.org/has-ansi/-/has-ansi-2.0.0.tgz 11560ms (cache miss)
npm http fetch GET 200 https://registry.npmjs.org/supports-color/-/supports-color-2.0.0.tgz 11564ms (cache miss)
npm http fetch GET 200 https://registry.npmjs.org/escape-string-regexp/-/escape-string-regexp-1.0.5.tgz 11585ms (cache miss)
npm http fetch GET 200 https://registry.npmjs.org/ansi-styles/-/ansi-styles-2.2.1.tgz 11596ms (cache miss)
npm http fetch GET 200 https://registry.npmjs.org/update-browserslist-db/-/update-browserslist-db-1.3.3.tgz 11606ms (cache miss)
npm http fetch GET 200 https://registry.npmjs.org/node-releases/-/node-releases-2.0.57.tgz 11643ms (cache miss)
npm http fetch GET 200 https://registry.npmjs.org/electron-to-chromium/-/electron-to-chromium-1.5.443.tgz 11659ms (cache miss)
npm http fetch GET 200 https://registry.npmjs.org/invariant/-/invariant-2.2.4.tgz 11669ms (cache miss)
npm http fetch GET 200 https://registry.npmjs.org/to-fast-properties/-/to-fast-properties-1.0.3.tgz 11670ms (cache miss)
npm http fetch GET 200 https://registry.npmjs.org/globals/-/globals-9.18.0.tgz 11671ms (cache miss)
npm http fetch GET 200 https://registry.npmjs.org/baseline-browser-mapping/-/baseline-browser-mapping-2.11.27.tgz 11672ms (cache miss)
npm http fetch GET 200 https://registry.npmjs.org/source-map-support/-/source-map-support-0.4.18.tgz 11682ms (cache miss)
npm http fetch GET 200 https://registry.npmjs.org/mkdirp/-/mkdirp-0.5.6.tgz 11683ms (cache miss)
npm http fetch GET 200 https://registry.npmjs.org/babel-helper-explode-assignable-expression/-/babel-helper-explode-assignable-expression-6.24.1.tgz 11692ms (cache miss)
npm http fetch GET 200 https://registry.npmjs.org/babel-plugin-syntax-object-rest-spread/-/babel-plugin-syntax-object-rest-spread-6.13.0.tgz 11692ms (cache miss)
npm http fetch GET 200 https://registry.npmjs.org/home-or-tmp/-/home-or-tmp-2.0.0.tgz 11711ms (cache miss)
npm http fetch GET 200 https://registry.npmjs.org/babel-plugin-syntax-exponentiation-operator/-/babel-plugin-syntax-exponentiation-operator-6.13.0.tgz 11714ms (cache miss)
npm http fetch GET 200 https://registry.npmjs.org/babel-helper-builder-binary-assignment-operator-visitor/-/babel-helper-builder-binary-assignment-operator-visitor-6.24.1.tgz 11723ms (cache miss)
npm http fetch GET 200 https://registry.npmjs.org/babel-plugin-syntax-async-generators/-/babel-plugin-syntax-async-generators-6.13.0.tgz 11739ms (cache miss)
npm http fetch GET 200 https://registry.npmjs.org/babel-plugin-syntax-async-functions/-/babel-plugin-syntax-async-functions-6.13.0.tgz 11743ms (cache miss)
npm http fetch GET 200 https://registry.npmjs.org/babel-helper-remap-async-to-generator/-/babel-helper-remap-async-to-generator-6.24.1.tgz 11779ms (cache miss)
npm http fetch GET 200 https://registry.npmjs.org/babel-plugin-transform-exponentiation-operator/-/babel-plugin-transform-exponentiation-operator-6.24.1.tgz 11799ms (cache miss)
npm http fetch GET 200 https://registry.npmjs.org/babel-plugin-transform-object-rest-spread/-/babel-plugin-transform-object-rest-spread-6.26.0.tgz 11802ms (cache miss)
npm http fetch GET 200 https://registry.npmjs.org/babel-plugin-syntax-trailing-function-commas/-/babel-plugin-syntax-trailing-function-commas-6.22.0.tgz 11805ms (cache miss)
npm http fetch GET 200 https://registry.npmjs.org/babel-plugin-transform-async-generator-functions/-/babel-plugin-transform-async-generator-functions-6.24.1.tgz 11806ms (cache miss)
npm http fetch GET 200 https://registry.npmjs.org/babel-plugin-transform-async-to-generator/-/babel-plugin-transform-async-to-generator-6.24.1.tgz 11808ms (cache miss)
npm http fetch GET 200 https://registry.npmjs.org/babel-helper-explode-class/-/babel-helper-explode-class-6.24.1.tgz 11827ms (cache miss)
npm http fetch GET 200 https://registry.npmjs.org/babel-helper-bindify-decorators/-/babel-helper-bindify-decorators-6.24.1.tgz 11828ms (cache miss)
npm http fetch GET 200 https://registry.npmjs.org/babel-plugin-syntax-class-properties/-/babel-plugin-syntax-class-properties-6.13.0.tgz 11829ms (cache miss)
npm http fetch GET 200 https://registry.npmjs.org/babel-preset-stage-3/-/babel-preset-stage-3-6.24.1.tgz 11828ms (cache miss)
npm http fetch GET 200 https://registry.npmjs.org/babel-plugin-syntax-dynamic-import/-/babel-plugin-syntax-dynamic-import-6.18.0.tgz 11858ms (cache miss)
npm http fetch GET 200 https://registry.npmjs.org/babel-plugin-transform-class-properties/-/babel-plugin-transform-class-properties-6.24.1.tgz 11861ms (cache miss)
npm http fetch GET 200 https://registry.npmjs.org/babel-plugin-transform-decorators/-/babel-plugin-transform-decorators-6.24.1.tgz 11867ms (cache miss)
npm http fetch GET 200 https://registry.npmjs.org/babel-plugin-syntax-export-extensions/-/babel-plugin-syntax-export-extensions-6.13.0.tgz 11878ms (cache miss)
npm http fetch GET 200 https://registry.npmjs.org/babel-plugin-syntax-class-constructor-call/-/babel-plugin-syntax-class-constructor-call-6.18.0.tgz 11886ms (cache miss)
npm http fetch GET 200 https://registry.npmjs.org/babel-preset-stage-2/-/babel-preset-stage-2-6.24.1.tgz 11922ms (cache miss)
npm http fetch GET 200 https://registry.npmjs.org/babel-plugin-transform-export-extensions/-/babel-plugin-transform-export-extensions-6.22.0.tgz 11931ms (cache miss)
npm http fetch GET 200 https://registry.npmjs.org/babel-plugin-transform-class-constructor-call/-/babel-plugin-transform-class-constructor-call-6.24.1.tgz 11937ms (cache miss)
npm http fetch GET 200 https://registry.npmjs.org/react-transform-catch-errors/-/react-transform-catch-errors-1.0.2.tgz 11942ms (cache miss)
npm http fetch GET 200 https://registry.npmjs.org/react-transform-hmr/-/react-transform-hmr-1.0.4.tgz 11943ms (cache miss)
npm http fetch GET 200 https://registry.npmjs.org/babel-plugin-react-transform/-/babel-plugin-react-transform-2.0.2.tgz 11953ms (cache miss)
npm http fetch GET 200 https://registry.npmjs.org/babel-helper-builder-react-jsx/-/babel-helper-builder-react-jsx-6.26.0.tgz 11958ms (cache miss)
npm http fetch GET 200 https://registry.npmjs.org/babel-plugin-syntax-flow/-/babel-plugin-syntax-flow-6.18.0.tgz 11966ms (cache miss)
npm http fetch GET 200 https://registry.npmjs.org/babel-preset-flow/-/babel-preset-flow-6.23.0.tgz 11967ms (cache miss)
npm http fetch GET 200 https://registry.npmjs.org/babel-plugin-transform-flow-strip-types/-/babel-plugin-transform-flow-strip-types-6.22.0.tgz 11968ms (cache miss)
npm http fetch GET 200 https://registry.npmjs.org/babel-plugin-transform-react-jsx-source/-/babel-plugin-transform-react-jsx-source-6.22.0.tgz 12006ms (cache miss)
npm http fetch GET 200 https://registry.npmjs.org/babel-plugin-transform-react-jsx-self/-/babel-plugin-transform-react-jsx-self-6.22.0.tgz 12005ms (cache miss)
npm http fetch GET 200 https://registry.npmjs.org/core-js/-/core-js-3.50.0.tgz 12029ms (cache miss)
npm http fetch GET 200 https://registry.npmjs.org/babel-plugin-transform-react-display-name/-/babel-plugin-transform-react-display-name-6.25.0.tgz 12015ms (cache miss)
npm http fetch GET 200 https://registry.npmjs.org/babel-plugin-syntax-jsx/-/babel-plugin-syntax-jsx-6.18.0.tgz 12024ms (cache miss)
npm http fetch GET 200 https://registry.npmjs.org/babel-plugin-transform-react-jsx/-/babel-plugin-transform-react-jsx-6.24.1.tgz 12027ms (cache miss)
npm http fetch GET 200 https://registry.npmjs.org/regexpu-core/-/regexpu-core-2.0.0.tgz 12065ms (cache miss)
npm http fetch GET 200 https://registry.npmjs.org/regenerator-transform/-/regenerator-transform-0.10.1.tgz 12070ms (cache miss)
npm http fetch GET 200 https://registry.npmjs.org/babel-helper-regex/-/babel-helper-regex-6.26.0.tgz 12073ms (cache miss)
npm http fetch GET 200 https://registry.npmjs.org/babel-helper-call-delegate/-/babel-helper-call-delegate-6.24.1.tgz 12082ms (cache miss)
npm http fetch GET 200 https://registry.npmjs.org/babel-helper-hoist-variables/-/babel-helper-hoist-variables-6.24.1.tgz 12083ms (cache miss)
npm http fetch GET 200 https://registry.npmjs.org/babel-plugin-transform-strict-mode/-/babel-plugin-transform-strict-mode-6.24.1.tgz 12088ms (cache miss)
npm http fetch GET 200 https://registry.npmjs.org/babel-helper-get-function-arity/-/babel-helper-get-function-arity-6.24.1.tgz 12092ms (cache miss)
npm http fetch GET 200 https://registry.npmjs.org/babel-helper-optimise-call-expression/-/babel-helper-optimise-call-expression-6.24.1.tgz 12097ms (cache miss)
npm http fetch GET 200 https://registry.npmjs.org/babel-helper-replace-supers/-/babel-helper-replace-supers-6.24.1.tgz 12105ms (cache miss)
npm http fetch GET 200 https://registry.npmjs.org/babel-helper-function-name/-/babel-helper-function-name-6.24.1.tgz 12106ms (cache miss)
npm http fetch GET 200 https://registry.npmjs.org/babel-helper-define-map/-/babel-helper-define-map-6.26.0.tgz 12140ms (cache miss)
npm http fetch GET 200 https://registry.npmjs.org/babel-plugin-transform-regenerator/-/babel-plugin-transform-regenerator-6.26.0.tgz 12150ms (cache miss)
npm http fetch GET 200 https://registry.npmjs.org/babel-plugin-transform-es2015-unicode-regex/-/babel-plugin-transform-es2015-unicode-regex-6.24.1.tgz 12155ms (cache miss)
npm http fetch GET 200 https://registry.npmjs.org/babel-plugin-transform-es2015-typeof-symbol/-/babel-plugin-transform-es2015-typeof-symbol-6.23.0.tgz 12166ms (cache miss)
npm http fetch GET 200 https://registry.npmjs.org/babel-plugin-transform-es2015-template-literals/-/babel-plugin-transform-es2015-template-literals-6.22.0.tgz 12191ms (cache miss)
npm http fetch GET 200 https://registry.npmjs.org/babel-plugin-transform-es2015-sticky-regex/-/babel-plugin-transform-es2015-sticky-regex-6.24.1.tgz 12196ms (cache miss)
npm http fetch GET 200 https://registry.npmjs.org/babel-plugin-transform-es2015-spread/-/babel-plugin-transform-es2015-spread-6.22.0.tgz 12205ms (cache miss)
npm http fetch GET 200 https://registry.npmjs.org/babel-plugin-transform-es2015-shorthand-properties/-/babel-plugin-transform-es2015-shorthand-properties-6.24.1.tgz 12213ms (cache miss)
npm http fetch GET 200 https://registry.npmjs.org/babel-plugin-transform-es2015-parameters/-/babel-plugin-transform-es2015-parameters-6.24.1.tgz 12217ms (cache miss)
npm http fetch GET 200 https://registry.npmjs.org/babel-plugin-transform-es2015-object-super/-/babel-plugin-transform-es2015-object-super-6.24.1.tgz 12218ms (cache miss)
npm http fetch GET 200 https://registry.npmjs.org/babel-plugin-transform-es2015-modules-systemjs/-/babel-plugin-transform-es2015-modules-systemjs-6.24.1.tgz 12223ms (cache miss)
npm http fetch GET 200 https://registry.npmjs.org/babel-plugin-transform-es2015-modules-umd/-/babel-plugin-transform-es2015-modules-umd-6.24.1.tgz 12226ms (cache miss)
npm http fetch GET 200 https://registry.npmjs.org/babel-plugin-transform-es2015-modules-commonjs/-/babel-plugin-transform-es2015-modules-commonjs-6.26.2.tgz 12233ms (cache miss)
npm http fetch GET 200 https://registry.npmjs.org/babel-plugin-transform-es2015-modules-amd/-/babel-plugin-transform-es2015-modules-amd-6.24.1.tgz 12253ms (cache miss)
npm http fetch GET 200 https://registry.npmjs.org/babel-plugin-transform-es2015-function-name/-/babel-plugin-transform-es2015-function-name-6.24.1.tgz 12275ms (cache miss)
npm http fetch GET 200 https://registry.npmjs.org/babel-plugin-transform-es2015-for-of/-/babel-plugin-transform-es2015-for-of-6.23.0.tgz 12295ms (cache miss)
npm http fetch GET 200 https://registry.npmjs.org/babel-plugin-transform-es2015-duplicate-keys/-/babel-plugin-transform-es2015-duplicate-keys-6.24.1.tgz 12296ms (cache miss)
npm http fetch GET 200 https://registry.npmjs.org/babel-plugin-transform-es2015-destructuring/-/babel-plugin-transform-es2015-destructuring-6.23.0.tgz 12305ms (cache miss)
npm http fetch GET 200 https://registry.npmjs.org/babel-plugin-transform-es2015-classes/-/babel-plugin-transform-es2015-classes-6.24.1.tgz 12330ms (cache miss)
npm http fetch GET 200 https://registry.npmjs.org/babel-plugin-transform-es2015-block-scoping/-/babel-plugin-transform-es2015-block-scoping-6.26.0.tgz 12350ms (cache miss)
npm http fetch GET 200 https://registry.npmjs.org/babel-plugin-transform-es2015-block-scoped-functions/-/babel-plugin-transform-es2015-block-scoped-functions-6.22.0.tgz 12351ms (cache miss)
npm http fetch GET 200 https://registry.npmjs.org/regenerator-runtime/-/regenerator-runtime-0.10.5.tgz 12361ms (cache miss)
npm http fetch GET 200 https://registry.npmjs.org/babel-plugin-transform-es2015-computed-properties/-/babel-plugin-transform-es2015-computed-properties-6.24.1.tgz 12362ms (cache miss)
npm http fetch GET 200 https://registry.npmjs.org/babel-plugin-transform-es2015-arrow-functions/-/babel-plugin-transform-es2015-arrow-functions-6.22.0.tgz 12362ms (cache miss)
npm http fetch GET 200 https://registry.npmjs.org/babel-plugin-transform-es2015-literals/-/babel-plugin-transform-es2015-literals-6.22.0.tgz 12364ms (cache miss)
npm http fetch GET 200 https://registry.npmjs.org/babel-plugin-check-es2015-constants/-/babel-plugin-check-es2015-constants-6.22.0.tgz 12362ms (cache miss)
npm http fetch GET 200 https://registry.npmjs.org/babel-plugin-syntax-decorators/-/babel-plugin-syntax-decorators-6.13.0.tgz 12372ms (cache miss)
npm http fetch GET 200 https://registry.npmjs.org/reselect/-/reselect-4.1.8.tgz 12410ms (cache miss)
npm http fetch GET 200 https://registry.npmjs.org/pkg-up/-/pkg-up-3.1.0.tgz 12411ms (cache miss)
npm http fetch GET 200 https://registry.npmjs.org/path-exists/-/path-exists-3.0.0.tgz 12438ms (cache miss)
npm http fetch GET 200 https://registry.npmjs.org/p-limit/-/p-limit-2.3.0.tgz 12438ms (cache miss)
npm http fetch GET 200 https://registry.npmjs.org/p-locate/-/p-locate-3.0.0.tgz 12444ms (cache miss)
npm http fetch GET 200 https://registry.npmjs.org/locate-path/-/locate-path-3.0.0.tgz 12461ms (cache miss)
npm http fetch GET 200 https://registry.npmjs.org/find-up/-/find-up-3.0.0.tgz 12492ms (cache miss)
npm http fetch GET 200 https://registry.npmjs.org/find-babel-config/-/find-babel-config-2.1.2.tgz 12493ms (cache miss)
npm http fetch GET 200 https://registry.npmjs.org/require-package-name/-/require-package-name-2.0.1.tgz 12493ms (cache miss)
npm http fetch GET 200 https://registry.npmjs.org/json-schema-traverse/-/json-schema-traverse-1.0.0.tgz 12495ms (cache miss)
npm http fetch GET 200 https://registry.npmjs.org/find-cache-dir/-/find-cache-dir-4.0.0.tgz 12509ms (cache miss)
npm http fetch GET 200 https://registry.npmjs.org/trim-right/-/trim-right-1.0.1.tgz 12524ms (cache miss)
npm http fetch GET 200 https://registry.npmjs.org/detect-indent/-/detect-indent-4.0.0.tgz 12552ms (cache miss)
npm http fetch GET 200 https://registry.npmjs.org/schema-utils/-/schema-utils-4.5.0.tgz 12560ms (cache miss)
npm http fetch GET 200 https://registry.npmjs.org/eslint-visitor-keys/-/eslint-visitor-keys-1.3.0.tgz 12578ms (cache miss)
npm http fetch GET 200 https://registry.npmjs.org/esutils/-/esutils-2.0.3.tgz 12584ms (cache miss)
npm http fetch GET 200 https://registry.npmjs.org/chalk/-/chalk-1.1.3.tgz 12585ms (cache miss)
npm http fetch GET 200 https://registry.npmjs.org/ajv-keywords/-/ajv-keywords-5.1.0.tgz 12615ms (cache miss)
npm http fetch GET 200 https://registry.npmjs.org/source-map/-/source-map-0.5.7.tgz 12614ms (cache miss)
npm http fetch GET 200 https://registry.npmjs.org/resolve/-/resolve-1.22.12.tgz 12626ms (cache miss)
npm http fetch GET 200 https://registry.npmjs.org/slash/-/slash-1.0.0.tgz 12626ms (cache miss)
npm http fetch GET 200 https://registry.npmjs.org/path-is-absolute/-/path-is-absolute-1.0.1.tgz 12629ms (cache miss)
npm http fetch GET 200 https://registry.npmjs.org/minimatch/-/minimatch-3.1.5.tgz 12630ms (cache miss)
npm http fetch GET 200 https://registry.npmjs.org/private/-/private-0.1.8.tgz 12637ms (cache miss)
npm http fetch GET 200 https://registry.npmjs.org/babylon/-/babylon-6.18.0.tgz 12647ms (cache miss)
npm http fetch GET 200 https://registry.npmjs.org/babel-types/-/babel-types-6.26.0.tgz 12669ms (cache miss)
npm http fetch GET 200 https://registry.npmjs.org/babel-traverse/-/babel-traverse-6.26.0.tgz 12675ms (cache miss)
npm http fetch GET 200 https://registry.npmjs.org/babel-template/-/babel-template-6.26.0.tgz 12690ms (cache miss)
npm http fetch GET 200 https://registry.npmjs.org/debug/-/debug-2.6.9.tgz 12692ms (cache miss)
npm http fetch GET 200 https://registry.npmjs.org/ms/-/ms-2.0.0.tgz 12697ms (cache miss)
npm http fetch GET 200 https://registry.npmjs.org/babel-register/-/babel-register-6.26.0.tgz 12709ms (cache miss)
npm http fetch GET 200 https://registry.npmjs.org/babel-messages/-/babel-messages-6.23.0.tgz 12715ms (cache miss)
npm http fetch GET 200 https://registry.npmjs.org/babel-helpers/-/babel-helpers-6.24.1.tgz 12729ms (cache miss)
npm http fetch GET 200 https://registry.npmjs.org/babel-generator/-/babel-generator-6.26.1.tgz 12740ms (cache miss)
npm http fetch GET 200 https://registry.npmjs.org/babel-code-frame/-/babel-code-frame-6.26.0.tgz 12746ms (cache miss)
npm http fetch GET 200 https://registry.npmjs.org/js-tokens/-/js-tokens-3.0.2.tgz 12756ms (cache miss)
npm http fetch GET 200 https://registry.npmjs.org/jsesc/-/jsesc-1.3.0.tgz 12761ms (cache miss)
npm http fetch GET 200 https://registry.npmjs.org/postcss-value-parser/-/postcss-value-parser-4.2.0.tgz 12766ms (cache miss)
npm http fetch GET 200 https://registry.npmjs.org/fraction.js/-/fraction.js-5.3.4.tgz 12776ms (cache miss)
npm http fetch GET 200 https://registry.npmjs.org/ajv/-/ajv-8.20.0.tgz 12782ms (cache miss)
npm http fetch GET 200 https://registry.npmjs.org/@jridgewell/resolve-uri/-/resolve-uri-3.1.2.tgz 12823ms (cache miss)
npm http fetch GET 200 https://registry.npmjs.org/@jridgewell/sourcemap-codec/-/sourcemap-codec-1.6.0.tgz 12833ms (cache miss)
npm http fetch GET 200 https://registry.npmjs.org/@babel/helper-string-parser/-/helper-string-parser-7.29.7.tgz 12843ms (cache miss)
npm http fetch GET 200 https://registry.npmjs.org/@babel/helper-globals/-/helper-globals-7.29.7.tgz 12844ms (cache miss)
npm http fetch GET 200 https://registry.npmjs.org/lru-cache/-/lru-cache-5.1.1.tgz 12854ms (cache miss)
npm http fetch GET 200 https://registry.npmjs.org/browserslist/-/browserslist-4.29.3.tgz 12854ms (cache miss)
npm http fetch GET 200 https://registry.npmjs.org/@babel/helper-module-imports/-/helper-module-imports-7.29.7.tgz 12858ms (cache miss)
npm http fetch GET 200 https://registry.npmjs.org/@babel/helper-validator-option/-/helper-validator-option-7.29.7.tgz 12875ms (cache miss)
npm http fetch GET 200 https://registry.npmjs.org/jsesc/-/jsesc-3.1.0.tgz 12879ms (cache miss)
npm http fetch GET 200 https://registry.npmjs.org/@babel/compat-data/-/compat-data-7.29.7.tgz 12885ms (cache miss)
npm http fetch GET 200 https://registry.npmjs.org/picocolors/-/picocolors-1.1.1.tgz 12908ms (cache miss)
npm http fetch GET 200 https://registry.npmjs.org/js-tokens/-/js-tokens-4.0.0.tgz 12910ms (cache miss)
npm http fetch GET 200 https://registry.npmjs.org/core-js/-/core-js-2.6.12.tgz 12921ms (cache miss)
npm warn deprecated core-js@2.6.12: core-js@<3.23.3 is no longer maintained and not recommended for usage due to the number of issues. Because of the V8 engine whims, feature detection in old core-js versions could cause a slowdown up to 100x even if nothing is polyfilled. Some versions have web compatibility issues. Please, upgrade your dependencies to the actual version of core-js.
npm http fetch GET 200 https://registry.npmjs.org/@jridgewell/trace-mapping/-/trace-mapping-0.3.31.tgz 12917ms (cache miss)
npm http fetch GET 200 https://registry.npmjs.org/@jridgewell/gen-mapping/-/gen-mapping-0.3.13.tgz 12928ms (cache miss)
npm http fetch GET 200 https://registry.npmjs.org/@babel/helper-validator-identifier/-/helper-validator-identifier-7.29.7.tgz 12950ms (cache miss)
npm http fetch GET 200 https://registry.npmjs.org/semver/-/semver-6.3.1.tgz 12962ms (cache miss)
npm http fetch GET 200 https://registry.npmjs.org/json5/-/json5-2.2.3.tgz 12968ms (cache miss)
npm http fetch GET 200 https://registry.npmjs.org/gensync/-/gensync-1.0.0-beta.2.tgz 12974ms (cache miss)
npm http fetch GET 200 https://registry.npmjs.org/convert-source-map/-/convert-source-map-2.0.0.tgz 12990ms (cache miss)
npm http fetch GET 200 https://registry.npmjs.org/debug/-/debug-4.4.3.tgz 13000ms (cache miss)
npm http fetch GET 200 https://registry.npmjs.org/@jridgewell/remapping/-/remapping-2.3.5.tgz 13004ms (cache miss)
npm http fetch GET 200 https://registry.npmjs.org/@babel/template/-/template-7.29.7.tgz 13022ms (cache miss)
npm http fetch GET 200 https://registry.npmjs.org/@babel/helper-compilation-targets/-/helper-compilation-targets-7.29.7.tgz 13062ms (cache miss)
npm http fetch GET 200 https://registry.npmjs.org/@babel/helper-module-transforms/-/helper-module-transforms-7.29.7.tgz 13063ms (cache miss)
npm http fetch GET 200 https://registry.npmjs.org/@babel/code-frame/-/code-frame-7.29.7.tgz 13092ms (cache miss)
npm http fetch GET 200 https://registry.npmjs.org/@babel/traverse/-/traverse-7.29.8.tgz 13107ms (cache miss)
npm http fetch GET 200 https://registry.npmjs.org/whatwg-fetch/-/whatwg-fetch-3.6.20.tgz 13119ms (cache miss)
npm http fetch GET 200 https://registry.npmjs.org/webpack-notifier/-/webpack-notifier-1.17.0.tgz 13123ms (cache miss)
npm http fetch GET 200 https://registry.npmjs.org/webpack-split-by-path/-/webpack-split-by-path-2.0.0.tgz 13128ms (cache miss)
npm http fetch GET 200 https://registry.npmjs.org/@babel/generator/-/generator-7.29.8.tgz 13130ms (cache miss)
npm http fetch GET 200 https://registry.npmjs.org/ansi-regex/-/ansi-regex-5.0.1.tgz 13129ms (cache miss)
npm http fetch GET 200 https://registry.npmjs.org/strip-ansi/-/strip-ansi-6.0.1.tgz 13138ms (cache miss)
npm http fetch GET 200 https://registry.npmjs.org/webpack-hot-middleware/-/webpack-hot-middleware-2.26.1.tgz 13143ms (cache miss)
npm http fetch GET 200 https://registry.npmjs.org/ansi-regex/-/ansi-regex-5.0.1.tgz 13146ms (cache miss)
npm http fetch GET 200 https://registry.npmjs.org/caniuse-lite/-/caniuse-lite-1.0.30001814.tgz 13167ms (cache miss)
npm http fetch GET 200 https://registry.npmjs.org/strip-ansi/-/strip-ansi-6.0.1.tgz 13182ms (cache miss)
npm http fetch GET 200 https://registry.npmjs.org/escape-string-regexp/-/escape-string-regexp-4.0.0.tgz 13190ms (cache miss)
npm http fetch GET 200 https://registry.npmjs.org/@babel/types/-/types-7.29.8.tgz 13197ms (cache miss)
npm http fetch GET 200 https://registry.npmjs.org/@babel/parser/-/parser-7.29.9.tgz 13214ms (cache miss)
npm http fetch GET 200 https://registry.npmjs.org/webpack-bundle-analyzer/-/webpack-bundle-analyzer-4.10.2.tgz 13215ms (cache miss)
npm http fetch GET 200 https://registry.npmjs.org/@babel/helpers/-/helpers-7.29.7.tgz 13218ms (cache miss)
npm http fetch GET 200 https://registry.npmjs.org/verge/-/verge-1.10.2.tgz 13230ms (cache miss)
npm http fetch GET 200 https://registry.npmjs.org/commander/-/commander-7.2.0.tgz 13244ms (cache miss)
npm http fetch GET 200 https://registry.npmjs.org/uuid/-/uuid-9.0.1.tgz 13267ms (cache miss)
npm warn deprecated uuid@9.0.1: uuid@10 and below is no longer supported.  For ESM codebases, update to uuid@latest.  For CommonJS codebases, use uuid@11 (but be aware this version will likely be deprecated in 2028).
npm http fetch GET 200 https://registry.npmjs.org/ansi-regex/-/ansi-regex-5.0.1.tgz 13283ms (cache miss)
npm http fetch GET 200 https://registry.npmjs.org/is-number/-/is-number-7.0.0.tgz 13285ms (cache miss)
npm http fetch GET 200 https://registry.npmjs.org/superagent/-/superagent-8.1.2.tgz 13303ms (cache miss)
npm warn deprecated superagent@8.1.2: Please upgrade to superagent v10.2.2+, see release notes at https://github.com/forwardemail/superagent/releases/tag/v10.2.2 - maintenance is supported by Forward Email @ https://forwardemail.net
npm http fetch GET 200 https://registry.npmjs.org/mime/-/mime-2.6.0.tgz 13309ms (cache miss)
npm http fetch GET 200 https://registry.npmjs.org/strip-ansi/-/strip-ansi-6.0.1.tgz 13311ms (cache miss)
npm http fetch GET 200 https://registry.npmjs.org/emoji-regex/-/emoji-regex-8.0.0.tgz 13319ms (cache miss)
npm http fetch GET 200 https://registry.npmjs.org/to-regex-range/-/to-regex-range-5.0.1.tgz 13336ms (cache miss)
npm http fetch GET 200 https://registry.npmjs.org/semver/-/semver-7.8.5.tgz 13338ms (cache miss)
npm http fetch GET 200 https://registry.npmjs.org/uglify-js/-/uglify-js-3.19.3.tgz 13340ms (cache miss)
npm http fetch GET 200 https://registry.npmjs.org/slash/-/slash-3.0.0.tgz 13352ms (cache miss)
npm http fetch GET 200 https://registry.npmjs.org/braces/-/braces-3.0.3.tgz 13358ms (cache miss)
npm http fetch GET 200 https://registry.npmjs.org/array-union/-/array-union-2.1.0.tgz 13363ms (cache miss)
npm http fetch GET 200 https://registry.npmjs.org/kind-of/-/kind-of-6.0.3.tgz 13387ms (cache miss)
npm http fetch GET 200 https://registry.npmjs.org/which/-/which-1.3.1.tgz 13845ms (cache miss)
npm http fetch GET 200 https://registry.npmjs.org/string-width/-/string-width-4.2.3.tgz 13857ms (cache miss)
npm http fetch GET 200 https://registry.npmjs.org/flat-cache/-/flat-cache-6.1.23.tgz 13858ms (cache miss)
npm http fetch GET 200 https://registry.npmjs.org/fill-range/-/fill-range-7.1.1.tgz 13858ms (cache miss)
npm http fetch GET 200 https://registry.npmjs.org/micromatch/-/micromatch-4.0.8.tgz 13858ms (cache miss)
npm http fetch GET 200 https://registry.npmjs.org/global-prefix/-/global-prefix-3.0.0.tgz 13859ms (cache miss)
npm http fetch GET 200 https://registry.npmjs.org/resolve-from/-/resolve-from-5.0.0.tgz 13859ms (cache miss)
npm http fetch GET 200 https://registry.npmjs.org/globby/-/globby-11.1.0.tgz 13858ms (cache miss)
npm http fetch GET 200 https://registry.npmjs.org/global-modules/-/global-modules-2.0.0.tgz 13858ms (cache miss)
npm http fetch GET 200 https://registry.npmjs.org/balanced-match/-/balanced-match-2.0.0.tgz 13859ms (cache miss)
npm http fetch GET 200 https://registry.npmjs.org/react-is/-/react-is-18.3.1.tgz 13858ms (cache miss)
npm http fetch GET 200 https://registry.npmjs.org/react-waypoint/-/react-waypoint-10.3.0.tgz 13858ms (cache miss)
npm http fetch GET 200 https://registry.npmjs.org/clsx/-/clsx-1.2.1.tgz 13858ms (cache miss)
npm http fetch GET 200 https://registry.npmjs.org/react-tappable/-/react-tappable-1.0.4.tgz 13858ms (cache miss)
npm http fetch GET 200 https://registry.npmjs.org/@types/sortablejs/-/sortablejs-1.15.9.tgz 13858ms (cache miss)
npm http fetch GET 200 https://registry.npmjs.org/classnames/-/classnames-2.3.1.tgz 13858ms (cache miss)
npm http fetch GET 200 https://registry.npmjs.org/react-input-autosize/-/react-input-autosize-1.1.0.tgz 13859ms (cache miss)
npm http fetch GET 200 https://registry.npmjs.org/react-mixin/-/react-mixin-5.0.0.tgz 13858ms (cache miss)
npm http fetch GET 200 https://registry.npmjs.org/ignore/-/ignore-5.3.2.tgz 13863ms (cache miss)
npm http fetch GET 200 https://registry.npmjs.org/@csstools/selector-specificity/-/selector-specificity-5.0.0.tgz 13862ms (cache miss)
npm http fetch GET 200 https://registry.npmjs.org/create-react-class/-/create-react-class-15.7.0.tgz 13862ms (cache miss)
npm http fetch GET 200 https://registry.npmjs.org/react-sortablejs/-/react-sortablejs-6.1.4.tgz 13861ms (cache miss)
npm http fetch GET 200 https://registry.npmjs.org/emojis-list/-/emojis-list-3.0.0.tgz 13861ms (cache miss)
npm http fetch GET 200 https://registry.npmjs.org/big.js/-/big.js-5.2.2.tgz 13862ms (cache miss)
npm http fetch GET 200 https://registry.npmjs.org/ignore/-/ignore-7.0.11.tgz 13867ms (cache miss)
npm http fetch GET 200 https://registry.npmjs.org/file-entry-cache/-/file-entry-cache-11.1.5.tgz 13872ms (cache miss)
npm http fetch GET 200 https://registry.npmjs.org/react-lazyload/-/react-lazyload-3.2.1.tgz 13888ms (cache miss)
npm http fetch GET 200 https://registry.npmjs.org/react-measure/-/react-measure-2.5.2.tgz 13908ms (cache miss)
npm http fetch GET 200 https://registry.npmjs.org/react-hot-loader/-/react-hot-loader-4.13.1.tgz 13908ms (cache miss)
npm http fetch GET 200 https://registry.npmjs.org/react-resize-detector/-/react-resize-detector-6.7.8.tgz 13929ms (cache miss)
npm http fetch GET 200 https://registry.npmjs.org/react-skylight/-/react-skylight-0.5.1.tgz 13931ms (cache miss)
npm http fetch GET 200 https://registry.npmjs.org/loader-utils/-/loader-utils-2.0.4.tgz 13937ms (cache miss)
npm http fetch GET 200 https://registry.npmjs.org/react-draft-wysiwyg/-/react-draft-wysiwyg-1.15.0.tgz 13947ms (cache miss)
npm http fetch GET 200 https://registry.npmjs.org/sortablejs/-/sortablejs-1.15.7.tgz 13955ms (cache miss)
npm http fetch GET 200 https://registry.npmjs.org/react-responsive-tabs/-/react-responsive-tabs-4.4.3.tgz 13956ms (cache miss)
npm http fetch GET 200 https://registry.npmjs.org/react-addons-css-transition-group/-/react-addons-css-transition-group-15.6.2.tgz 13954ms (cache miss)
npm http fetch GET 200 https://registry.npmjs.org/style-loader/-/style-loader-3.3.4.tgz 13961ms (cache miss)
npm http fetch GET 200 https://registry.npmjs.org/react-addons-shallow-compare/-/react-addons-shallow-compare-15.6.3.tgz 13955ms (cache miss)
npm http fetch GET 200 https://registry.npmjs.org/source-map/-/source-map-0.7.6.tgz 13958ms (cache miss)
npm http fetch GET 200 https://registry.npmjs.org/react-responsive/-/react-responsive-9.0.2.tgz 13971ms (cache miss)
npm http fetch GET 200 https://registry.npmjs.org/react-input-calendar/-/react-input-calendar-0.5.4.tgz 13971ms (cache miss)
npm http fetch GET 200 https://registry.npmjs.org/react-transition-group/-/react-transition-group-1.2.1.tgz 13969ms (cache miss)
npm http fetch GET 200 https://registry.npmjs.org/immutable/-/immutable-4.3.9.tgz 13971ms (cache miss)
npm warn deprecated react-input-calendar@0.5.4: Package no longer supported. Contact Support at https://www.npmjs.com/support for more info.
npm http fetch GET 200 https://registry.npmjs.org/react-tooltip/-/react-tooltip-5.25.2.tgz 13998ms (cache miss)
npm http fetch GET 200 https://registry.npmjs.org/scheduler/-/scheduler-0.19.1.tgz 13997ms (cache miss)
npm http fetch GET 200 https://registry.npmjs.org/raw-loader/-/raw-loader-4.0.2.tgz 13997ms (cache miss)
npm http fetch GET 200 https://registry.npmjs.org/react-router-dom/-/react-router-dom-6.30.6.tgz 14004ms (cache miss)
npm http fetch GET 200 https://registry.npmjs.org/react-router/-/react-router-6.30.6.tgz 14004ms (cache miss)
npm http fetch GET 200 https://registry.npmjs.org/react-grid-layout/-/react-grid-layout-1.5.4.tgz 14013ms (cache miss)
npm http fetch GET 200 https://registry.npmjs.org/emojis-list/-/emojis-list-3.0.0.tgz 14013ms (cache miss)
npm http fetch GET 200 https://registry.npmjs.org/big.js/-/big.js-5.2.2.tgz 14018ms (cache miss)
npm http fetch GET 200 https://registry.npmjs.org/postcss-selector-parser/-/postcss-selector-parser-7.1.6.tgz 14041ms (cache miss)
npm http fetch GET 200 https://registry.npmjs.org/loader-utils/-/loader-utils-2.0.4.tgz 14052ms (cache miss)
npm http fetch GET 200 https://registry.npmjs.org/progress/-/progress-2.0.3.tgz 14073ms (cache miss)
npm http fetch GET 200 https://registry.npmjs.org/react-dropzone/-/react-dropzone-14.4.1.tgz 14080ms (cache miss)
npm http fetch GET 200 https://registry.npmjs.org/postcss-reporter/-/postcss-reporter-7.1.0.tgz 14080ms (cache miss)
npm http fetch GET 200 https://registry.npmjs.org/password-policy/-/password-policy-0.0.3.tgz 14081ms (cache miss)
npm http fetch GET 200 https://registry.npmjs.org/schema-utils/-/schema-utils-3.3.0.tgz 14082ms (cache miss)
npm http fetch GET 200 https://registry.npmjs.org/qs/-/qs-6.16.0.tgz 14097ms (cache miss)
npm http fetch GET 200 https://registry.npmjs.org/react-dnd-html5-backend/-/react-dnd-html5-backend-16.0.1.tgz 14107ms (cache miss)
npm http fetch GET 200 https://registry.npmjs.org/nan-as/-/nan-as-1.6.1.tgz 14111ms (cache miss)
npm http fetch GET 200 https://registry.npmjs.org/moment-range/-/moment-range-4.0.2.tgz 14142ms (cache miss)
npm http fetch GET 200 https://registry.npmjs.org/prop-types/-/prop-types-15.8.1.tgz 14169ms (cache miss)
npm http fetch GET 200 https://registry.npmjs.org/react-dom/-/react-dom-16.14.0.tgz 14182ms (cache miss)
npm http fetch GET 200 https://registry.npmjs.org/rc-slider/-/rc-slider-10.6.2.tgz 14184ms (cache miss)
npm http fetch GET 200 https://registry.npmjs.org/react-select-plus/-/react-select-plus-1.0.0-rc.3.patch12.tgz 14207ms (cache miss)
npm http fetch GET 200 https://registry.npmjs.org/immutable/-/immutable-3.7.6.tgz 14234ms (cache miss)
npm http fetch GET 200 https://registry.npmjs.org/immutable/-/immutable-3.8.4.tgz 14278ms (cache miss)
npm http fetch GET 200 https://registry.npmjs.org/moment-timezone/-/moment-timezone-0.5.48.tgz 14298ms (cache miss)
npm http fetch GET 200 https://registry.npmjs.org/lesshat/-/lesshat-4.1.0.tgz 14307ms (cache miss)
npm http fetch GET 200 https://registry.npmjs.org/mobx-react/-/mobx-react-9.2.2.tgz 14310ms (cache miss)
npm http fetch GET 200 https://registry.npmjs.org/leftpad/-/leftpad-0.0.1.tgz 14316ms (cache miss)
npm warn deprecated leftpad@0.0.1: Use the built-in String.padStart function instead
npm http fetch GET 200 https://registry.npmjs.org/immutable/-/immutable-3.7.6.tgz 14328ms (cache miss)
npm http fetch GET 200 https://registry.npmjs.org/js-cookie/-/js-cookie-3.0.8.tgz 14342ms (cache miss)
npm http fetch GET 200 https://registry.npmjs.org/json-loader/-/json-loader-0.5.7.tgz 14346ms (cache miss)
npm http fetch GET 200 https://registry.npmjs.org/draft-convert/-/draft-convert-2.1.13.tgz 14355ms (cache miss)
npm http fetch GET 200 https://registry.npmjs.org/medium-draft/-/medium-draft-0.5.18.tgz 14371ms (cache miss)
npm http fetch GET 200 https://registry.npmjs.org/imports-loader/-/imports-loader-5.0.0.tgz 14392ms (cache miss)
npm http fetch GET 200 https://registry.npmjs.org/source-map/-/source-map-0.6.1.tgz 14440ms (cache miss)
npm http fetch GET 200 https://registry.npmjs.org/howler/-/howler-2.2.4.tgz 14446ms (cache miss)
npm http fetch GET 200 https://registry.npmjs.org/history/-/history-5.3.0.tgz 14449ms (cache miss)
npm http fetch GET 200 https://registry.npmjs.org/highcharts-solid-gauge/-/highcharts-solid-gauge-0.1.7.tgz 14464ms (cache miss)
npm warn deprecated highcharts-solid-gauge@0.1.7: this package has been deprecated, just import modules from the highcharts folder
npm http fetch GET 200 https://registry.npmjs.org/gulp-util/-/gulp-util-3.0.8.tgz 14465ms (cache miss)
npm http fetch GET 200 https://registry.npmjs.org/clone-stats/-/clone-stats-0.0.1.tgz 14468ms (cache miss)
npm http fetch GET 200 https://registry.npmjs.org/clone/-/clone-1.0.4.tgz 14477ms (cache miss)
npm warn deprecated gulp-util@3.0.8: gulp-util is deprecated - replace it, following the guidelines at https://medium.com/gulpjs/gulp-util-ca3b1f9f9ac5
npm http fetch GET 200 https://registry.npmjs.org/object-assign/-/object-assign-3.0.0.tgz 14487ms (cache miss)
npm http fetch GET 200 https://registry.npmjs.org/vinyl/-/vinyl-0.5.3.tgz 14488ms (cache miss)
npm http fetch GET 200 https://registry.npmjs.org/replace-ext/-/replace-ext-0.0.1.tgz 14490ms (cache miss)
npm http fetch GET 200 https://registry.npmjs.org/gulp-rename/-/gulp-rename-2.1.0.tgz 14527ms (cache miss)
npm http fetch GET 200 https://registry.npmjs.org/happypack/-/happypack-5.0.1.tgz 14531ms (cache miss)
npm http fetch GET 200 https://registry.npmjs.org/gulp-postcss/-/gulp-postcss-9.1.0.tgz 14541ms (cache miss)
npm warn deprecated gulp-postcss@9.1.0: Republished as 10.0.0 to follow the semver spec
npm http fetch GET 200 https://registry.npmjs.org/plugin-error/-/plugin-error-2.0.1.tgz 14562ms (cache miss)
npm http fetch GET 200 https://registry.npmjs.org/gulp-minify-css/-/gulp-minify-css-1.2.4.tgz 14573ms (cache miss)
npm warn deprecated gulp-minify-css@1.2.4: Please use gulp-clean-css
npm http fetch GET 200 https://registry.npmjs.org/dom-helpers/-/dom-helpers-5.2.1.tgz 14594ms (cache miss)
npm http fetch GET 200 https://registry.npmjs.org/color-name/-/color-name-1.1.3.tgz 14603ms (cache miss)
npm http fetch GET 200 https://registry.npmjs.org/fancy-log/-/fancy-log-2.0.0.tgz 14605ms (cache miss)
npm http fetch GET 200 https://registry.npmjs.org/has-flag/-/has-flag-3.0.0.tgz 14608ms (cache miss)
npm http fetch GET 200 https://registry.npmjs.org/color-convert/-/color-convert-1.9.3.tgz 14608ms (cache miss)
npm http fetch GET 200 https://registry.npmjs.org/react-highcharts/-/react-highcharts-16.1.0.tgz 14632ms (cache miss)
npm http fetch GET 200 https://registry.npmjs.org/supports-color/-/supports-color-5.5.0.tgz 14623ms (cache miss)
npm http fetch GET 200 https://registry.npmjs.org/ansi-styles/-/ansi-styles-3.2.1.tgz 14628ms (cache miss)
npm http fetch GET 200 https://registry.npmjs.org/gulp-livereload/-/gulp-livereload-4.0.2.tgz 14630ms (cache miss)
npm http fetch GET 200 https://registry.npmjs.org/debug/-/debug-3.2.7.tgz 14664ms (cache miss)
npm http fetch GET 200 https://registry.npmjs.org/chalk/-/chalk-2.4.2.tgz 14677ms (cache miss)
npm http fetch GET 200 https://registry.npmjs.org/gulp-less/-/gulp-less-5.0.0.tgz 14690ms (cache miss)
npm http fetch GET 200 https://registry.npmjs.org/readable-stream/-/readable-stream-3.6.2.tgz 14691ms (cache miss)
npm http fetch GET 200 https://registry.npmjs.org/object-keys/-/object-keys-0.4.0.tgz 14746ms (cache miss)
npm http fetch GET 200 https://registry.npmjs.org/gulp-eol/-/gulp-eol-0.2.0.tgz 14747ms (cache miss)
npm http fetch GET 200 https://registry.npmjs.org/string_decoder/-/string_decoder-0.10.31.tgz 14752ms (cache miss)
npm http fetch GET 200 https://registry.npmjs.org/xtend/-/xtend-2.1.2.tgz 14756ms (cache miss)
npm http fetch GET 200 https://registry.npmjs.org/through2/-/through2-4.0.2.tgz 14759ms (cache miss)
npm http fetch GET 200 https://registry.npmjs.org/isarray/-/isarray-0.0.1.tgz 14767ms (cache miss)
npm http fetch GET 200 https://registry.npmjs.org/readable-stream/-/readable-stream-1.0.34.tgz 14774ms (cache miss)
npm http fetch GET 200 https://registry.npmjs.org/through2/-/through2-0.4.2.tgz 14781ms (cache miss)
npm http fetch GET 200 https://registry.npmjs.org/readable-stream/-/readable-stream-3.6.2.tgz 14800ms (cache miss)
npm http fetch GET 200 https://registry.npmjs.org/fbjs/-/fbjs-0.8.18.tgz 14806ms (cache miss)
npm http fetch GET 200 https://registry.npmjs.org/gulp-cssnano/-/gulp-cssnano-2.1.3.tgz 14807ms (cache miss)
npm http fetch GET 200 https://registry.npmjs.org/react-dnd/-/react-dnd-16.0.1.tgz 14831ms (cache miss)
npm http fetch GET 200 https://registry.npmjs.org/sax/-/sax-1.2.4.tgz 14824ms (cache miss)
npm http fetch GET 200 https://registry.npmjs.org/argparse/-/argparse-1.0.10.tgz 14878ms (cache miss)
npm http fetch GET 200 https://registry.npmjs.org/has-flag/-/has-flag-1.0.0.tgz 14872ms (cache miss)
npm http fetch GET 200 https://registry.npmjs.org/caniuse-api/-/caniuse-api-1.6.1.tgz 14900ms (cache miss)
npm http fetch GET 200 https://registry.npmjs.org/supports-color/-/supports-color-3.2.3.tgz 14904ms (cache miss)
npm http fetch GET 200 https://registry.npmjs.org/browserslist/-/browserslist-1.7.7.tgz 14906ms (cache miss)
npm warn deprecated browserslist@1.7.7: Browserslist 2 could fail on reading Browserslist >3.0 config used in other tools.
npm http fetch GET 200 https://registry.npmjs.org/mobx/-/mobx-6.16.1.tgz 14928ms (cache miss)
npm http fetch GET 200 https://registry.npmjs.org/postcss-value-parser/-/postcss-value-parser-3.3.1.tgz 14912ms (cache miss)
npm http fetch GET 200 https://registry.npmjs.org/jquery/-/jquery-3.7.1.tgz 14936ms (cache miss)
npm http fetch GET 200 https://registry.npmjs.org/postcss-unique-selectors/-/postcss-unique-selectors-2.0.2.tgz 14932ms (cache miss)
npm http fetch GET 200 https://registry.npmjs.org/postcss-svgo/-/postcss-svgo-2.1.6.tgz 14939ms (cache miss)
npm http fetch GET 200 https://registry.npmjs.org/postcss-selector-parser/-/postcss-selector-parser-2.2.3.tgz 14943ms (cache miss)
npm http fetch GET 200 https://registry.npmjs.org/postcss-reduce-transforms/-/postcss-reduce-transforms-1.0.4.tgz 14947ms (cache miss)
npm http fetch GET 200 https://registry.npmjs.org/js-yaml/-/js-yaml-3.7.0.tgz 14992ms (cache miss)
npm http fetch GET 200 https://registry.npmjs.org/svgo/-/svgo-0.7.2.tgz 14999ms (cache miss)
npm warn deprecated svgo@0.7.2: This SVGO version is no longer supported. Upgrade to v2.x.x.
npm http fetch GET 200 https://registry.npmjs.org/postcss-ordered-values/-/postcss-ordered-values-2.2.3.tgz 15001ms (cache miss)
npm http fetch GET 200 https://registry.npmjs.org/postcss-reduce-initial/-/postcss-reduce-initial-1.0.1.tgz 15004ms (cache miss)
npm http fetch GET 200 https://registry.npmjs.org/postcss-normalize-url/-/postcss-normalize-url-3.0.8.tgz 15025ms (cache miss)
npm http fetch GET 200 https://registry.npmjs.org/postcss-normalize-charset/-/postcss-normalize-charset-1.1.1.tgz 15025ms (cache miss)
npm http fetch GET 200 https://registry.npmjs.org/postcss-minify-selectors/-/postcss-minify-selectors-2.1.1.tgz 15026ms (cache miss)
npm http fetch GET 200 https://registry.npmjs.org/postcss-minify-font-values/-/postcss-minify-font-values-1.0.5.tgz 15034ms (cache miss)
npm http fetch GET 200 https://registry.npmjs.org/less/-/less-4.9.1.tgz 15069ms (cache miss)
npm http fetch GET 200 https://registry.npmjs.org/postcss-merge-rules/-/postcss-merge-rules-2.1.2.tgz 15054ms (cache miss)
npm http fetch GET 200 https://registry.npmjs.org/postcss-minify-gradients/-/postcss-minify-gradients-1.0.5.tgz 15056ms (cache miss)
npm http fetch GET 200 https://registry.npmjs.org/csso/-/csso-2.3.2.tgz 15073ms (cache miss)
npm http fetch GET 200 https://registry.npmjs.org/postcss-discard-overridden/-/postcss-discard-overridden-0.1.1.tgz 15069ms (cache miss)
npm http fetch GET 200 https://registry.npmjs.org/draft-js/-/draft-js-0.10.5.tgz 15089ms (cache miss)
npm http fetch GET 200 https://registry.npmjs.org/postcss-discard-empty/-/postcss-discard-empty-2.1.0.tgz 15073ms (cache miss)
npm http fetch GET 200 https://registry.npmjs.org/postcss-discard-duplicates/-/postcss-discard-duplicates-2.1.0.tgz 15077ms (cache miss)
npm http fetch GET 200 https://registry.npmjs.org/postcss-merge-longhand/-/postcss-merge-longhand-2.0.2.tgz 15100ms (cache miss)
npm http fetch GET 200 https://registry.npmjs.org/postcss-minify-params/-/postcss-minify-params-1.2.2.tgz 15105ms (cache miss)
npm http fetch GET 200 https://registry.npmjs.org/postcss-discard-comments/-/postcss-discard-comments-2.0.4.tgz 15125ms (cache miss)
npm http fetch GET 200 https://registry.npmjs.org/postcss-convert-values/-/postcss-convert-values-2.6.1.tgz 15131ms (cache miss)
npm http fetch GET 200 https://registry.npmjs.org/postcss-colormin/-/postcss-colormin-2.2.2.tgz 15135ms (cache miss)
npm http fetch GET 200 https://registry.npmjs.org/postcss-calc/-/postcss-calc-5.3.1.tgz 15165ms (cache miss)
npm http fetch GET 200 https://registry.npmjs.org/gulp-concat/-/gulp-concat-2.6.1.tgz 15191ms (cache miss)
npm http fetch GET 200 https://registry.npmjs.org/gulp-csslint/-/gulp-csslint-1.0.1.tgz 15193ms (cache miss)
npm http fetch GET 200 https://registry.npmjs.org/brace-expansion/-/brace-expansion-2.1.7.tgz 15208ms (cache miss)
npm http fetch GET 200 https://registry.npmjs.org/gulp/-/gulp-4.0.2.tgz 15208ms (cache miss)
npm http fetch GET 200 https://registry.npmjs.org/fready/-/fready-1.0.0.tgz 15210ms (cache miss)
npm http fetch GET 200 https://registry.npmjs.org/cssnano/-/cssnano-3.10.0.tgz 15213ms (cache miss)
npm http fetch GET 200 https://registry.npmjs.org/postcss/-/postcss-5.2.18.tgz 15230ms (cache miss)
npm http fetch GET 200 https://registry.npmjs.org/react-virtualized/-/react-virtualized-9.22.6.tgz 15266ms (cache miss)
npm http fetch GET 200 https://registry.npmjs.org/debug/-/debug-3.2.7.tgz 15278ms (cache miss)
npm http fetch GET 200 https://registry.npmjs.org/autoprefixer/-/autoprefixer-6.7.7.tgz 15291ms (cache miss)
npm http fetch GET 200 https://registry.npmjs.org/ms/-/ms-2.0.0.tgz 15310ms (cache miss)
npm http fetch GET 200 https://registry.npmjs.org/debug/-/debug-2.6.9.tgz 15328ms (cache miss)
npm http fetch GET 200 https://registry.npmjs.org/eslint-import-resolver-webpack/-/eslint-import-resolver-webpack-0.13.11.tgz 15356ms (cache miss)
npm http fetch GET 200 https://registry.npmjs.org/semver/-/semver-5.7.2.tgz 15362ms (cache miss)
npm http fetch GET 200 https://registry.npmjs.org/express/-/express-4.22.3.tgz 15363ms (cache miss)
npm http fetch GET 200 https://registry.npmjs.org/debug/-/debug-3.2.7.tgz 15363ms (cache miss)
npm http fetch GET 200 https://registry.npmjs.org/eslint-plugin-react-hooks/-/eslint-plugin-react-hooks-4.6.2.tgz 15366ms (cache miss)
npm http fetch GET 200 https://registry.npmjs.org/doctrine/-/doctrine-2.1.0.tgz 15369ms (cache miss)
npm http fetch GET 200 https://registry.npmjs.org/glob/-/glob-10.5.0.tgz 15387ms (cache miss)
npm warn deprecated glob@10.5.0: Old versions of glob are not supported, and contain widely publicized security vulnerabilities, which have been fixed in the current version. Please update. Support for old versions may be purchased (at exorbitant rates) by contacting i@izs.me
npm http fetch GET 200 https://registry.npmjs.org/express-http-proxy/-/express-http-proxy-2.1.2.tgz 15401ms (cache miss)
npm http fetch GET 200 https://registry.npmjs.org/font-awesome/-/font-awesome-4.7.0.tgz 15401ms (cache miss)
npm http fetch GET 200 https://registry.npmjs.org/debug/-/debug-3.2.7.tgz 15416ms (cache miss)
npm http fetch GET 200 https://registry.npmjs.org/minimatch/-/minimatch-9.0.9.tgz 15424ms (cache miss)
npm http fetch GET 200 https://registry.npmjs.org/eslint-config-airbnb/-/eslint-config-airbnb-19.0.4.tgz 15433ms (cache miss)
npm http fetch GET 200 https://registry.npmjs.org/doctrine/-/doctrine-2.1.0.tgz 15455ms (cache miss)
npm http fetch GET 200 https://registry.npmjs.org/ejs/-/ejs-3.1.10.tgz 15464ms (cache miss)
npm http fetch GET 200 https://registry.npmjs.org/cssnano/-/cssnano-6.1.2.tgz 15503ms (cache miss)
npm http fetch GET 200 https://registry.npmjs.org/custom-event-polyfill/-/custom-event-polyfill-1.0.7.tgz 15504ms (cache miss)
npm http fetch GET 200 https://registry.npmjs.org/picocolors/-/picocolors-0.2.1.tgz 15508ms (cache miss)
npm http fetch GET 200 https://registry.npmjs.org/css-mqpacker/-/css-mqpacker-7.0.0.tgz 15513ms (cache miss)
npm http fetch GET 200 https://registry.npmjs.org/immutable/-/immutable-3.7.6.tgz 15532ms (cache miss)
npm http fetch GET 200 https://registry.npmjs.org/react/-/react-18.3.1.tgz 15537ms (cache miss)
npm http fetch GET 200 https://registry.npmjs.org/lodash/-/lodash-4.18.1.tgz 15568ms (cache miss)
npm http fetch GET 200 https://registry.npmjs.org/source-map/-/source-map-0.6.1.tgz 15583ms (cache miss)
npm http fetch GET 200 https://registry.npmjs.org/css-loader/-/css-loader-6.11.0.tgz 15624ms (cache miss)
npm http fetch GET 200 https://registry.npmjs.org/clean-webpack-plugin/-/clean-webpack-plugin-4.0.0.tgz 15657ms (cache miss)
npm http fetch GET 200 https://registry.npmjs.org/babel-runtime/-/babel-runtime-6.26.0.tgz 15663ms (cache miss)
npm http fetch GET 200 https://registry.npmjs.org/regenerator-runtime/-/regenerator-runtime-0.11.1.tgz 15666ms (cache miss)
npm http fetch GET 200 https://registry.npmjs.org/babel-preset-stage-1/-/babel-preset-stage-1-6.24.1.tgz 15668ms (cache miss)
npm http fetch GET 200 https://registry.npmjs.org/babel-preset-react-hmre/-/babel-preset-react-hmre-1.1.1.tgz 15670ms (cache miss)
npm http fetch GET 200 https://registry.npmjs.org/babel-preset-react/-/babel-preset-react-6.24.1.tgz 15673ms (cache miss)
npm warn deprecated css-mqpacker@7.0.0: Package no longer supported. Contact support@npmjs.com for more info.
npm http fetch GET 200 https://registry.npmjs.org/babel-preset-es2015/-/babel-preset-es2015-6.24.1.tgz 15699ms (cache miss)
npm warn deprecated babel-preset-es2015@6.24.1: 🙌  Thanks for using Babel: we recommend using babel-preset-env now: please read https://babeljs.io/env to update!
npm http fetch GET 200 https://registry.npmjs.org/react/-/react-16.14.0.tgz 15704ms (cache miss)
npm http fetch GET 200 https://registry.npmjs.org/postcss/-/postcss-7.0.39.tgz 15716ms (cache miss)
npm http fetch GET 200 https://registry.npmjs.org/scheduler/-/scheduler-0.19.1.tgz 15719ms (cache miss)
npm http fetch GET 200 https://registry.npmjs.org/babel-plugin-transform-runtime/-/babel-plugin-transform-runtime-6.23.0.tgz 15720ms (cache miss)
npm http fetch GET 200 https://registry.npmjs.org/babel-plugin-transform-decorators-legacy/-/babel-plugin-transform-decorators-legacy-1.3.5.tgz 15748ms (cache miss)
npm http fetch GET 200 https://registry.npmjs.org/babel-polyfill/-/babel-polyfill-6.26.0.tgz 15751ms (cache miss)
npm http fetch GET 200 https://registry.npmjs.org/redbox-react/-/redbox-react-1.6.0.tgz 15755ms (cache miss)
npm http fetch GET 200 https://registry.npmjs.org/babel-plugin-module-resolver/-/babel-plugin-module-resolver-5.0.3.tgz 15763ms (cache miss)
npm http fetch GET 200 https://registry.npmjs.org/brace-expansion/-/brace-expansion-2.1.7.tgz 15768ms (cache miss)
npm http fetch GET 200 https://registry.npmjs.org/minipass/-/minipass-4.2.8.tgz 15773ms (cache miss)
npm http fetch GET 200 https://registry.npmjs.org/semver/-/semver-7.8.5.tgz 15790ms (cache miss)
npm http fetch GET 200 https://registry.npmjs.org/babel-plugin-lodash/-/babel-plugin-lodash-3.3.4.tgz 15789ms (cache miss)
npm http fetch GET 200 https://registry.npmjs.org/core-decorators/-/core-decorators-0.20.0.tgz 15796ms (cache miss)
npm http fetch GET 200 https://registry.npmjs.org/glob/-/glob-7.2.3.tgz 15797ms (cache miss)
npm warn deprecated glob@7.2.3: Old versions of glob are not supported, and contain widely publicized security vulnerabilities, which have been fixed in the current version. Please update. Support for old versions may be purchased (at exorbitant rates) by contacting i@izs.me
npm http fetch GET 200 https://registry.npmjs.org/resolve/-/resolve-2.0.0-next.7.tgz 15846ms (cache miss)
npm http fetch GET 200 https://registry.npmjs.org/mime-db/-/mime-db-1.54.0.tgz 15850ms (cache miss)
npm http fetch GET 200 https://registry.npmjs.org/stylelint/-/stylelint-16.26.1.tgz 15904ms (cache miss)
npm http fetch GET 200 https://registry.npmjs.org/tapable/-/tapable-2.3.3.tgz 15862ms (cache miss)
npm http fetch GET 200 https://registry.npmjs.org/react-dom/-/react-dom-18.3.1.tgz 15869ms (cache miss)
npm http fetch GET 200 https://registry.npmjs.org/babel-loader/-/babel-loader-9.2.1.tgz 15887ms (cache miss)
npm http fetch GET 200 https://registry.npmjs.org/supports-color/-/supports-color-7.2.0.tgz 15911ms (cache miss)
npm http fetch GET 200 https://registry.npmjs.org/ansi-regex/-/ansi-regex-5.0.1.tgz 15913ms (cache miss)
npm http fetch GET 200 https://registry.npmjs.org/ansi-styles/-/ansi-styles-4.3.0.tgz 15913ms (cache miss)
npm http fetch GET 200 https://registry.npmjs.org/globals/-/globals-13.24.0.tgz 15923ms (cache miss)
npm http fetch GET 200 https://registry.npmjs.org/strip-ansi/-/strip-ansi-6.0.1.tgz 15924ms (cache miss)
npm http fetch GET 200 https://registry.npmjs.org/eslint-visitor-keys/-/eslint-visitor-keys-3.4.3.tgz 15926ms (cache miss)
npm http fetch GET 200 https://registry.npmjs.org/react-dom/-/react-dom-16.14.0.tgz 15931ms (cache miss)
npm http fetch GET 200 https://registry.npmjs.org/escape-string-regexp/-/escape-string-regexp-4.0.0.tgz 15937ms (cache miss)
npm http fetch GET 200 https://registry.npmjs.org/resolve/-/resolve-2.0.0-next.7.tgz 15964ms (cache miss)
npm http fetch GET 200 https://registry.npmjs.org/eslint-plugin-import/-/eslint-plugin-import-2.32.0.tgz 15966ms (cache miss)
npm http fetch GET 200 https://registry.npmjs.org/chalk/-/chalk-4.1.2.tgz 15969ms (cache miss)
npm http fetch GET 200 https://registry.npmjs.org/babel-eslint/-/babel-eslint-10.1.0.tgz 15980ms (cache miss)
npm http fetch GET 200 https://registry.npmjs.org/ms/-/ms-2.0.0.tgz 16006ms (cache miss)
npm warn deprecated babel-eslint@10.1.0: babel-eslint is now @babel/eslint-parser. This package will no longer receive updates.
npm http fetch GET 200 https://registry.npmjs.org/minimatch/-/minimatch-8.0.7.tgz 16016ms (cache miss)
npm http fetch GET 200 https://registry.npmjs.org/json5/-/json5-0.5.1.tgz 16016ms (cache miss)
npm http fetch GET 200 https://registry.npmjs.org/convert-source-map/-/convert-source-map-1.9.0.tgz 16024ms (cache miss)
npm http fetch GET 200 https://registry.npmjs.org/debug/-/debug-2.6.9.tgz 16034ms (cache miss)
npm http fetch GET 200 https://registry.npmjs.org/glob/-/glob-9.3.5.tgz 16056ms (cache miss)
npm warn deprecated glob@9.3.5: Old versions of glob are not supported, and contain widely publicized security vulnerabilities, which have been fixed in the current version. Please update. Support for old versions may be purchased (at exorbitant rates) by contacting i@izs.me
npm http fetch GET 200 https://registry.npmjs.org/default-compare/-/default-compare-1.0.0.tgz 16057ms (cache miss)
npm http fetch GET 200 https://registry.npmjs.org/babel-core/-/babel-core-6.26.3.tgz 16084ms (cache miss)
npm http fetch GET 200 https://registry.npmjs.org/enhanced-resolve/-/enhanced-resolve-5.26.0.tgz 16128ms (cache miss)
npm http fetch GET 200 https://registry.npmjs.org/postcss/-/postcss-8.5.28.tgz 16127ms (cache miss)
npm http fetch GET 200 https://registry.npmjs.org/animate.less/-/animate.less-2.2.0.tgz 16136ms (cache miss)
npm http fetch GET 200 https://registry.npmjs.org/moment/-/moment-2.31.0.tgz 16205ms (cache miss)
npm http fetch GET 200 https://registry.npmjs.org/autoprefixer/-/autoprefixer-10.6.1.tgz 16195ms (cache miss)
npm http fetch GET 200 https://registry.npmjs.org/@babel/core/-/core-7.29.7.tgz 16217ms (cache miss)
npm http fetch GET 200 https://registry.npmjs.org/eslint-plugin-jsx-a11y/-/eslint-plugin-jsx-a11y-6.10.2.tgz 16247ms (cache miss)
npm http fetch GET 200 https://registry.npmjs.org/draft-js/-/draft-js-0.11.7.tgz 16257ms (cache miss)
npm http fetch GET 200 https://registry.npmjs.org/eslint-plugin-react/-/eslint-plugin-react-7.37.5.tgz 16421ms (cache miss)
npm http fetch GET 200 https://registry.npmjs.org/core-js/-/core-js-1.2.7.tgz 16464ms (cache miss)
npm warn deprecated core-js@1.2.7: core-js@<3.23.3 is no longer maintained and not recommended for usage due to the number of issues. Because of the V8 engine whims, feature detection in old core-js versions could cause a slowdown up to 100x even if nothing is polyfilled. Some versions have web compatibility issues. Please, upgrade your dependencies to the actual version of core-js.
npm http fetch GET 200 https://registry.npmjs.org/eslint/-/eslint-8.57.1.tgz 16535ms (cache miss)
npm warn deprecated eslint@8.57.1: This version is no longer supported. Please see https://eslint.org/version-support for other options.
npm http fetch GET 200 https://registry.npmjs.org/jquery-ui/-/jquery-ui-1.13.2.tgz 16734ms (cache miss)
npm http fetch GET 200 https://registry.npmjs.org/webpack/-/webpack-5.111.1.tgz 16843ms (cache miss)
npm http fetch GET 200 https://registry.npmjs.org/highcharts/-/highcharts-6.2.0.tgz 16915ms (cache miss)
npm http fetch GET 200 https://registry.npmjs.org/highcharts/-/highcharts-11.4.9.tgz 17145ms (cache miss)

added 1516 packages in 2m
