{
  "results": [
    {
      "command": "npm",
      "mean": 0.5601120404400001,
      "stddev": 0.005196965806748745,
      "median": 0.56040481084,
      "user": 0.6158178999999999,
      "system": 0.10832097999999998,
      "min": 0.54880220034,
      "max": 0.56988682634,
      "times": [
        0.56274471934,
        0.54880220034,
        0.55964694534,
        0.56170093034,
        0.55980856834,
        0.5637438313400001,
        0.55585520934,
        0.55793012034,
        0.56988682634,
        0.56100105334
      ],
      "exit_codes": [
        0,
        0,
        0,
        0,
        0,
        0,
        0,
        0,
        0,
        0
      ]
    },
    {
      "command": "yarn",
      "mean": 0.30861524894000003,
      "stddev": 0.0029505849693394065,
      "median": 0.30996651684,
      "user": 0.351284,
      "system": 0.06392287999999999,
      "min": 0.30218510434,
      "max": 0.31156287834,
      "times": [
        0.30604731534,
        0.31096830134,
        0.30987549034,
        0.31144551634,
        0.30615943634,
        0.31079505034,
        0.30705585334,
        0.31005754334,
        0.31156287834,
        0.30218510434
      ],
      "exit_codes": [
        0,
        0,
        0,
        0,
        0,
        0,
        0,
        0,
        0,
        0
      ]
    },
    {
      "command": "berry",
      "mean": 4.818228299139999,
      "stddev": 0.16960491012604345,
      "median": 4.83415417134,
      "user": 8.797575599999998,
      "system": 2.91811098,
      "min": 4.44569785834,
      "max": 5.09285496934,
      "times": [
        4.83161152234,
        5.00237714934,
        4.44569785834,
        5.09285496934,
        4.83669682034,
        4.81144221834,
        4.75154852834,
        4.65573427434,
        4.90151266634,
        4.85280698434
      ],
      "exit_codes": [
        0,
        0,
        0,
        0,
        0,
        0,
        0,
        0,
        0,
        0
      ]
    },
    {
      "command": "pnpm",
      "mean": 0.6725118312399999,
      "stddev": 0.009436944424829036,
      "median": 0.6745176848400001,
      "user": 0.8296416999999998,
      "system": 0.15148378,
      "min": 0.6558600733400001,
      "max": 0.68699257234,
      "times": [
        0.6640471973400001,
        0.67647039434,
        0.68699257234,
        0.67364330234,
        0.68233518934,
        0.6558600733400001,
        0.65920519034,
        0.67291951934,
        0.67539206734,
        0.6782528063400001
      ],
      "exit_codes": [
        0,
        0,
        0,
        0,
        0,
        0,
        0,
        0,
        0,
        0
      ]
    },
    {
      "command": "vlt",
      "mean": 0.33134458883999995,
      "stddev": 0.0018591976942817143,
      "median": 0.33110633284,
      "user": 0.35267299999999996,
      "system": 0.07177537999999997,
      "min": 0.32912373934,
      "max": 0.33551252834,
      "times": [
        0.33202310634,
        0.32912373934,
        0.33551252834,
        0.32957691334,
        0.32966801734,
        0.33091726834,
        0.33129539734,
        0.33154180334,
        0.33030615934,
        0.33348095534
      ],
      "exit_codes": [
        0,
        0,
        0,
        0,
        0,
        0,
        0,
        0,
        0,
        0
      ]
    },
    {
      "command": "bun",
      "mean": 0.011724182040000001,
      "stddev": 0.0007098201000679045,
      "median": 0.011298022340000002,
      "user": 0.008678599999999998,
      "system": 0.008968779999999999,
      "min": 0.011138934340000002,
      "max": 0.012938644340000001,
      "times": [
        0.011196062340000002,
        0.012938644340000001,
        0.01129708234,
        0.011298962340000001,
        0.011243682340000002,
        0.01120572134,
        0.012687326340000001,
        0.011468922340000002,
        0.011138934340000002,
        0.012766482340000001
      ],
      "exit_codes": [
        0,
        0,
        0,
        0,
        0,
        0,
        0,
        0,
        0,
        0
      ]
    },
    {
      "command": "deno",
      "mean": 0.8485926900399999,
      "stddev": 0.07644777889379553,
      "median": 0.84647048634,
      "user": 0.32619019999999993,
      "system": 0.13007887999999998,
      "min": 0.75751192834,
      "max": 1.0465564033399999,
      "times": [
        0.85425195834,
        1.0465564033399999,
        0.87479088934,
        0.76105949634,
        0.83868901434,
        0.85773882934,
        0.8623016453400001,
        0.80788135934,
        0.8251453763400001,
        0.75751192834
      ],
      "exit_codes": [
        0,
        0,
        0,
        0,
        0,
        0,
        0,
        0,
        0,
        0
      ]
    }
  ]
}