{
  "results": [
    {
      "command": "npm",
      "mean": 6.10450975788,
      "stddev": 0.04753942825479235,
      "median": 6.08999866578,
      "user": 7.064235939999999,
      "system": 2.04315398,
      "min": 6.03679956278,
      "max": 6.20799250078,
      "times": [
        6.08943541778,
        6.09056191378,
        6.12666136978,
        6.20799250078,
        6.03679956278,
        6.13363387478,
        6.14920331778,
        6.06931731578,
        6.06687618678,
        6.07461611878
      ],
      "exit_codes": [
        0,
        0,
        0,
        0,
        0,
        0,
        0,
        0,
        0,
        0
      ]
    },
    {
      "command": "yarn",
      "mean": 3.8957101120800006,
      "stddev": 0.20883482936658515,
      "median": 3.83095515578,
      "user": 2.59977994,
      "system": 2.19739008,
      "min": 3.68477066078,
      "max": 4.40286865078,
      "times": [
        3.74505740578,
        3.84245447878,
        3.73671284978,
        3.81945583278,
        3.68477066078,
        3.87812132578,
        4.15996408678,
        4.40286865078,
        3.8101694677799998,
        3.87752636178
      ],
      "exit_codes": [
        0,
        0,
        0,
        0,
        0,
        0,
        0,
        0,
        0,
        0
      ]
    },
    {
      "command": "berry",
      "mean": 2.7908917405800002,
      "stddev": 0.061639547020535555,
      "median": 2.78341097778,
      "user": 2.8887988399999998,
      "system": 1.18956248,
      "min": 2.71800596778,
      "max": 2.90946618978,
      "times": [
        2.78615937278,
        2.7323966457799997,
        2.80241134478,
        2.85174072878,
        2.78066258278,
        2.90946618978,
        2.71800596778,
        2.85926464378,
        2.74393723578,
        2.72487269378
      ],
      "exit_codes": [
        0,
        0,
        0,
        0,
        0,
        0,
        0,
        0,
        0,
        0
      ]
    },
    {
      "command": "pnpm",
      "mean": 2.75101706728,
      "stddev": 0.2222410225083046,
      "median": 2.7417899757799997,
      "user": 2.9138410400000003,
      "system": 0.8874290799999999,
      "min": 2.37105904678,
      "max": 3.23916984878,
      "times": [
        2.74408524478,
        2.65890943378,
        2.49934653578,
        2.92537224078,
        3.23916984878,
        2.73949470678,
        2.76979331778,
        2.72385182078,
        2.8390884767799998,
        2.37105904678
      ],
      "exit_codes": [
        0,
        0,
        0,
        0,
        0,
        0,
        0,
        0,
        0,
        0
      ]
    },
    {
      "command": "vlt",
      "mean": 2.70590081198,
      "stddev": 0.01740342040788677,
      "median": 2.70043834428,
      "user": 2.90431014,
      "system": 1.57322218,
      "min": 2.68437722978,
      "max": 2.73797214678,
      "times": [
        2.69391893178,
        2.71211132178,
        2.69862749178,
        2.73558020078,
        2.73797214678,
        2.68811959078,
        2.70915042178,
        2.70224919678,
        2.68437722978,
        2.69690158778
      ],
      "exit_codes": [
        0,
        0,
        0,
        0,
        0,
        0,
        0,
        0,
        0,
        0
      ]
    },
    {
      "command": "bun",
      "mean": 0.21316634828,
      "stddev": 0.005414753508342908,
      "median": 0.21136806628,
      "user": 0.07040484,
      "system": 0.19476307999999998,
      "min": 0.20881146878,
      "max": 0.22739582978,
      "times": [
        0.22739582978,
        0.21310605578,
        0.20899516478000002,
        0.21706308078,
        0.20939845278,
        0.21454620978,
        0.21277464678,
        0.20881146878,
        0.20961108778,
        0.20996148578
      ],
      "exit_codes": [
        0,
        0,
        0,
        0,
        0,
        0,
        0,
        0,
        0,
        0
      ]
    },
    {
      "command": "deno",
      "mean": 0.51918584288,
      "stddev": 0.006227760192585618,
      "median": 0.5173934897800001,
      "user": 0.45231634,
      "system": 0.46735778000000006,
      "min": 0.50939806478,
      "max": 0.53062899978,
      "times": [
        0.50939806478,
        0.53062899978,
        0.5159007427800001,
        0.52845106978,
        0.52134222178,
        0.5128257967800001,
        0.5217541557800001,
        0.5168878237800001,
        0.51677039778,
        0.51789915578
      ],
      "exit_codes": [
        0,
        0,
        0,
        0,
        0,
        0,
        0,
        0,
        0,
        0
      ]
    }
  ]
}