{
  "results": [
    {
      "command": "npm",
      "mean": 2.96629205526,
      "stddev": 0.02518363099049932,
      "median": 2.96291729386,
      "user": 3.07803858,
      "system": 2.0179475200000003,
      "min": 2.93153642786,
      "max": 3.0204160068599997,
      "times": [
        2.96606140886,
        2.93153642786,
        2.95862467786,
        2.94702611486,
        2.95977317886,
        2.94277740186,
        2.9677695848599996,
        3.00053709986,
        3.0204160068599997,
        2.9683986508599998
      ],
      "exit_codes": [
        0,
        0,
        0,
        0,
        0,
        0,
        0,
        0,
        0,
        0
      ]
    },
    {
      "command": "yarn",
      "mean": 1.9315346144599999,
      "stddev": 0.023795286320237065,
      "median": 1.9253497623600002,
      "user": 1.8716696800000001,
      "system": 2.14079732,
      "min": 1.89178120686,
      "max": 1.9675495468600002,
      "times": [
        1.92084511186,
        1.9675495468600002,
        1.9200694038600001,
        1.9298544128600001,
        1.9541530498600002,
        1.9488344878600001,
        1.9076933688600002,
        1.9606370188600002,
        1.89178120686,
        1.91392853686
      ],
      "exit_codes": [
        0,
        0,
        0,
        0,
        0,
        0,
        0,
        0,
        0,
        0
      ]
    },
    {
      "command": "berry",
      "mean": 2.16103591236,
      "stddev": 0.0927724390751763,
      "median": 2.18500927336,
      "user": 2.2923827799999996,
      "system": 1.0983245199999998,
      "min": 2.02883701186,
      "max": 2.32990832186,
      "times": [
        2.2399016168599997,
        2.32990832186,
        2.18699669986,
        2.07079161986,
        2.03910191986,
        2.2066529288599996,
        2.1009371468599998,
        2.22421001086,
        2.02883701186,
        2.18302184686
      ],
      "exit_codes": [
        0,
        0,
        0,
        0,
        0,
        0,
        0,
        0,
        0,
        0
      ]
    },
    {
      "command": "pnpm",
      "mean": 1.0737629421600001,
      "stddev": 0.05168010776635542,
      "median": 1.0527846218599999,
      "user": 1.47106808,
      "system": 0.51158882,
      "min": 1.0253298208600001,
      "max": 1.20796414486,
      "times": [
        1.04405748886,
        1.05633422086,
        1.04923502286,
        1.06410671786,
        1.09122370286,
        1.0366125428600002,
        1.0253298208600001,
        1.11792335286,
        1.04484240686,
        1.20796414486
      ],
      "exit_codes": [
        0,
        0,
        0,
        0,
        0,
        0,
        0,
        0,
        0,
        0
      ]
    },
    {
      "command": "vlt",
      "mean": 1.38204201546,
      "stddev": 0.012225116967569897,
      "median": 1.38537071886,
      "user": 1.4824056799999998,
      "system": 1.2231497199999999,
      "min": 1.3571835538600001,
      "max": 1.4004178868600001,
      "times": [
        1.3665109718600001,
        1.39405451486,
        1.38627755786,
        1.3571835538600001,
        1.3765331838600001,
        1.38949811486,
        1.38736002286,
        1.38446387986,
        1.37812046786,
        1.4004178868600001
      ],
      "exit_codes": [
        0,
        0,
        0,
        0,
        0,
        0,
        0,
        0,
        0,
        0
      ]
    },
    {
      "command": "bun",
      "mean": 0.15730161616,
      "stddev": 0.005772817129074867,
      "median": 0.15539309286000003,
      "user": 0.011625779999999999,
      "system": 0.15060952000000002,
      "min": 0.15415020286000003,
      "max": 0.17448527086,
      "times": [
        0.15583570286,
        0.15601255286000001,
        0.15522194986,
        0.15556423586,
        0.15692357286000003,
        0.17448527086,
        0.15415020286000003,
        0.15507338686000002,
        0.15484017086000001,
        0.15490911586000003
      ],
      "exit_codes": [
        0,
        0,
        0,
        0,
        0,
        0,
        0,
        0,
        0,
        0
      ]
    },
    {
      "command": "deno",
      "mean": 0.36504634686,
      "stddev": 0.00765301764026254,
      "median": 0.36609228536,
      "user": 0.28216968,
      "system": 0.40397992,
      "min": 0.35046633886,
      "max": 0.37799457586,
      "times": [
        0.36159403686,
        0.37799457586,
        0.37126724386,
        0.35968887286,
        0.35046633886,
        0.36749293686,
        0.35728280586,
        0.36715237986,
        0.37249208686,
        0.36503219086
      ],
      "exit_codes": [
        0,
        0,
        0,
        0,
        0,
        0,
        0,
        0,
        0,
        0
      ]
    }
  ]
}