{
  "results": [
    {
      "command": "npm",
      "mean": 0.50421829836,
      "stddev": 0.006275474158921758,
      "median": 0.50331090126,
      "user": 0.55504558,
      "system": 0.1050033,
      "min": 0.49728803576,
      "max": 0.52054808976,
      "times": [
        0.49728803576,
        0.50128361476,
        0.49807312876000004,
        0.52054808976,
        0.50308321776,
        0.50448841576,
        0.50786725176,
        0.50353858476,
        0.50029766576,
        0.50571497876
      ],
      "exit_codes": [
        0,
        0,
        0,
        0,
        0,
        0,
        0,
        0,
        0,
        0
      ]
    },
    {
      "command": "yarn",
      "mean": 0.29439488686000004,
      "stddev": 0.005182276683091254,
      "median": 0.29333028126000005,
      "user": 0.31710757999999994,
      "system": 0.0633848,
      "min": 0.28705389876,
      "max": 0.30320579376,
      "times": [
        0.29211282576,
        0.29362204576,
        0.30320579376,
        0.29283716076,
        0.29303851676000003,
        0.28705389876,
        0.29531432776,
        0.30264973076,
        0.29690753176,
        0.28720703676000003
      ],
      "exit_codes": [
        0,
        0,
        0,
        0,
        0,
        0,
        0,
        0,
        0,
        0
      ]
    },
    {
      "command": "berry",
      "mean": 0.71759505776,
      "stddev": 0.010564649152110191,
      "median": 0.71376729926,
      "user": 0.8073708799999999,
      "system": 0.1352658,
      "min": 0.70489067376,
      "max": 0.73656461976,
      "times": [
        0.70489067376,
        0.73656461976,
        0.71209970176,
        0.73556399376,
        0.7226353037600001,
        0.71024184376,
        0.71049229776,
        0.70762816376,
        0.71543489676,
        0.7203990827600001
      ],
      "exit_codes": [
        0,
        0,
        0,
        0,
        0,
        0,
        0,
        0,
        0,
        0
      ]
    },
    {
      "command": "pnpm",
      "mean": 0.8196568446600001,
      "stddev": 0.14509343479190384,
      "median": 0.73702297126,
      "user": 0.75988458,
      "system": 0.12492439999999998,
      "min": 0.6980352897600001,
      "max": 1.13087074876,
      "times": [
        0.83241049976,
        0.91980357276,
        1.13087074876,
        1.01398615076,
        0.70947788176,
        0.7530825387600001,
        0.6980352897600001,
        0.70176522476,
        0.7161731357600001,
        0.72096340376
      ],
      "exit_codes": [
        0,
        0,
        0,
        0,
        0,
        0,
        0,
        0,
        0,
        0
      ]
    },
    {
      "command": "vlt",
      "mean": 0.29380094566000003,
      "stddev": 0.0029439288508461424,
      "median": 0.29344977676,
      "user": 0.31083658,
      "system": 0.061327599999999996,
      "min": 0.28917768376,
      "max": 0.29963409776,
      "times": [
        0.29267078576,
        0.29303240976,
        0.29436652776,
        0.29696726076,
        0.29243740776,
        0.29963409776,
        0.29012930476,
        0.28917768376,
        0.29572683476,
        0.29386714376
      ],
      "exit_codes": [
        0,
        0,
        0,
        0,
        0,
        0,
        0,
        0,
        0,
        0
      ]
    },
    {
      "command": "bun",
      "mean": 0.010566352860000001,
      "stddev": 0.0006696893677558946,
      "median": 0.010336598260000001,
      "user": 0.007622080000000001,
      "system": 0.0086102,
      "min": 0.00983737376,
      "max": 0.011871712760000002,
      "times": [
        0.01015252376,
        0.00983737376,
        0.011871712760000002,
        0.010061226760000002,
        0.01174514576,
        0.010365375760000002,
        0.010307820760000001,
        0.010009958760000002,
        0.010672861760000001,
        0.010639528760000001
      ],
      "exit_codes": [
        0,
        0,
        0,
        0,
        0,
        0,
        0,
        0,
        0,
        0
      ]
    },
    {
      "command": "deno",
      "mean": 0.04253106386,
      "stddev": 0.0022269140488080557,
      "median": 0.041754656759999995,
      "user": 0.022705479999999997,
      "system": 0.024075199999999998,
      "min": 0.04129220476,
      "max": 0.04910291676,
      "times": [
        0.04134824076,
        0.04168797076,
        0.04177850976,
        0.04910291676,
        0.04129220476,
        0.04196363576,
        0.04234454076,
        0.04261986076,
        0.04173080376,
        0.04144195476
      ],
      "exit_codes": [
        0,
        0,
        0,
        0,
        0,
        0,
        0,
        0,
        0,
        0
      ]
    }
  ]
}