{
  "results": [
    {
      "command": "npm",
      "mean": 6.726327276339999,
      "stddev": 0.04044712194871943,
      "median": 6.72473575774,
      "user": 7.96355446,
      "system": 2.47264716,
      "min": 6.67966159174,
      "max": 6.78948169674,
      "times": [
        6.68603104474,
        6.73390086874,
        6.68658269374,
        6.721752990740001,
        6.68429345074,
        6.7803014067400005,
        6.72771852474,
        6.67966159174,
        6.77354849474,
        6.78948169674
      ],
      "exit_codes": [
        0,
        0,
        0,
        0,
        0,
        0,
        0,
        0,
        0,
        0
      ]
    },
    {
      "command": "yarn",
      "mean": 5.00037593684,
      "stddev": 1.2568349095516085,
      "median": 4.62857427124,
      "user": 2.6954630600000002,
      "system": 2.2314514599999997,
      "min": 4.25475745874,
      "max": 8.71270238074,
      "times": [
        8.71270238074,
        4.75267991974,
        4.55650329874,
        4.25475745874,
        4.4257632547400005,
        4.70064524374,
        4.32123347774,
        4.51927987374,
        4.70832839874,
        5.05186606174
      ],
      "exit_codes": [
        0,
        0,
        0,
        0,
        0,
        0,
        0,
        0,
        0,
        0
      ]
    },
    {
      "command": "berry",
      "mean": 3.22294551074,
      "stddev": 0.5742467639911829,
      "median": 3.0567505937400004,
      "user": 3.0604169600000004,
      "system": 1.21559516,
      "min": 2.88614558174,
      "max": 4.91501000274,
      "times": [
        2.9349930097400003,
        2.9949244427400004,
        2.8961802097400002,
        2.88614558174,
        3.07997008174,
        3.09054262074,
        3.2459921187400003,
        3.0335311057400003,
        4.91501000274,
        3.15216593374
      ],
      "exit_codes": [
        0,
        0,
        0,
        0,
        0,
        0,
        0,
        0,
        0,
        0
      ]
    },
    {
      "command": "pnpm",
      "mean": 2.90443633624,
      "stddev": 0.32615773015413296,
      "median": 2.83302074974,
      "user": 2.6981354600000005,
      "system": 0.8942322599999999,
      "min": 2.5414863917400004,
      "max": 3.71939174374,
      "times": [
        2.5414863917400004,
        2.9492690497400003,
        2.65593097574,
        3.71939174374,
        2.9083095407400004,
        3.0691003987400003,
        2.75773195874,
        2.73145089474,
        3.10165241874,
        2.61003998974
      ],
      "exit_codes": [
        0,
        0,
        0,
        0,
        0,
        0,
        0,
        0,
        0,
        0
      ]
    },
    {
      "command": "vlt",
      "mean": 1.64311912904,
      "stddev": 0.007310350606475967,
      "median": 1.6422166922399999,
      "user": 1.7677221599999995,
      "system": 1.30255736,
      "min": 1.63198911374,
      "max": 1.65505282074,
      "times": [
        1.65491419074,
        1.64293705274,
        1.6465032237400001,
        1.64149633174,
        1.63561976174,
        1.63198911374,
        1.6377409597400001,
        1.6386696377399999,
        1.64626819774,
        1.65505282074
      ],
      "exit_codes": [
        0,
        0,
        0,
        0,
        0,
        0,
        0,
        0,
        0,
        0
      ]
    },
    {
      "command": "bun",
      "mean": 0.16608244804,
      "stddev": 0.002254648669997965,
      "median": 0.16498940374000004,
      "user": 0.012243859999999999,
      "system": 0.15933915999999998,
      "min": 0.16390785574000002,
      "max": 0.17111212174,
      "times": [
        0.16508301474000003,
        0.16390785574000002,
        0.16426248674000002,
        0.16802800974,
        0.16837063374000003,
        0.16449412874000002,
        0.17111212174,
        0.16489579274000002,
        0.16643707874000002,
        0.16423335774000003
      ],
      "exit_codes": [
        0,
        0,
        0,
        0,
        0,
        0,
        0,
        0,
        0,
        0
      ]
    },
    {
      "command": "deno",
      "mean": 0.56784567764,
      "stddev": 0.0046387437780084076,
      "median": 0.56701910524,
      "user": 0.54667826,
      "system": 0.4765663599999999,
      "min": 0.56225530574,
      "max": 0.5798756887400001,
      "times": [
        0.56545970174,
        0.5798756887400001,
        0.5644120597400001,
        0.5651408427400001,
        0.56731784374,
        0.5674018407400001,
        0.5713368737400001,
        0.5685362527400001,
        0.56672036674,
        0.56225530574
      ],
      "exit_codes": [
        0,
        0,
        0,
        0,
        0,
        0,
        0,
        0,
        0,
        0
      ]
    }
  ]
}