{
  "results": [
    {
      "command": "npm",
      "mean": 6.1110613984999995,
      "stddev": 2.483859055308713,
      "median": 5.1846330333,
      "user": 5.77965974,
      "system": 2.93364118,
      "min": 5.1078303768,
      "max": 13.4947361758,
      "times": [
        5.2600168607999995,
        5.1498240628,
        5.1637193468,
        13.4947361758,
        6.2788877508,
        5.2118491017999995,
        5.2055467198,
        5.1078303768,
        5.1240211337999995,
        5.1141824558
      ],
      "exit_codes": [
        0,
        0,
        0,
        0,
        0,
        0,
        0,
        0,
        0,
        0
      ]
    },
    {
      "command": "yarn",
      "mean": 12.088846583899999,
      "stddev": 0.192318429717301,
      "median": 12.070632153799998,
      "user": 15.407311639999998,
      "system": 8.32106038,
      "min": 11.7555265278,
      "max": 12.4967099928,
      "times": [
        12.1745073738,
        12.0545883058,
        12.086676001799999,
        11.9687092118,
        11.7555265278,
        11.9958676838,
        11.9241052308,
        12.4967099928,
        12.2423089218,
        12.1894665888
      ],
      "exit_codes": [
        0,
        0,
        0,
        0,
        0,
        0,
        0,
        0,
        0,
        0
      ]
    },
    {
      "command": "berry",
      "mean": 5.5544272128,
      "stddev": 0.07796565671501149,
      "median": 5.5561244313,
      "user": 9.07014054,
      "system": 3.19371478,
      "min": 5.4510961178,
      "max": 5.7360226538,
      "times": [
        5.5652609078,
        5.5469879548,
        5.5366643388,
        5.5902841668,
        5.4510961178,
        5.4632934908,
        5.4864283458,
        5.5658675908,
        5.6023665608,
        5.7360226538
      ],
      "exit_codes": [
        0,
        0,
        0,
        0,
        0,
        0,
        0,
        0,
        0,
        0
      ]
    },
    {
      "command": "pnpm",
      "mean": 5.5211834893,
      "stddev": 2.161070571961126,
      "median": 5.0199727513,
      "user": 4.36209154,
      "system": 1.7356651800000003,
      "min": 3.6509484278,
      "max": 10.8554575238,
      "times": [
        6.8235842928,
        10.8554575238,
        7.1625607298,
        5.2215284478,
        5.5291421678,
        4.8184170548,
        3.7783174248,
        3.6537408227999997,
        3.6509484278,
        3.7181380008
      ],
      "exit_codes": [
        0,
        0,
        0,
        0,
        0,
        0,
        0,
        0,
        0,
        0
      ]
    },
    {
      "command": "vlt",
      "mean": 4.8547184886,
      "stddev": 2.621055196924543,
      "median": 3.8336162448,
      "user": 4.00209364,
      "system": 1.9869299799999998,
      "min": 3.2131729497999997,
      "max": 12.3889509628,
      "times": [
        4.8855017067999995,
        5.6167237658,
        12.3889509628,
        4.6002300708,
        3.8818428668,
        3.7853896228,
        3.2357181818,
        3.3171041708,
        3.6225505877999997,
        3.2131729497999997
      ],
      "exit_codes": [
        0,
        0,
        0,
        0,
        0,
        0,
        0,
        0,
        0,
        0
      ]
    },
    {
      "command": "bun",
      "mean": 1.1509027787000001,
      "stddev": 0.33999688616551466,
      "median": 1.0629433448,
      "user": 0.6374139400000001,
      "system": 1.1145045799999997,
      "min": 0.7034474838,
      "max": 1.8004168068000002,
      "times": [
        1.1755906578000002,
        1.0824742268,
        0.9967622938,
        1.8004168068000002,
        0.8621611278,
        1.0434124628,
        1.2328199698000002,
        1.7273465018000003,
        0.8845962558,
        0.7034474838
      ],
      "exit_codes": [
        0,
        0,
        0,
        0,
        0,
        0,
        0,
        0,
        0,
        0
      ]
    },
    {
      "command": "deno",
      "mean": 4.586640021199999,
      "stddev": 0.7962810518869629,
      "median": 4.316687806299999,
      "user": 2.5132679399999995,
      "system": 1.80610638,
      "min": 4.0379585188,
      "max": 6.9139850478,
      "times": [
        6.9139850478,
        4.3878872478,
        4.3259375767999995,
        4.2774649438,
        4.3976288748,
        4.1497675558,
        4.0379585188,
        4.7686312328,
        4.3074380358,
        4.2997011778
      ],
      "exit_codes": [
        0,
        0,
        0,
        0,
        0,
        0,
        0,
        0,
        0,
        0
      ]
    }
  ]
}