{
  "results": [
    {
      "command": "npm",
      "mean": 6.973708328299999,
      "stddev": 0.03984300817729238,
      "median": 6.9768939834,
      "user": 8.0027635,
      "system": 2.58616024,
      "min": 6.8912870859,
      "max": 7.0382608359,
      "times": [
        6.9696542009,
        6.988590332899999,
        6.8912870859,
        6.9291685768999995,
        6.9706821399,
        6.9530758109,
        6.983105826899999,
        7.0076095819,
        7.0382608359,
        7.0056488909
      ],
      "exit_codes": [
        0,
        0,
        0,
        0,
        0,
        0,
        0,
        0,
        0,
        0
      ]
    },
    {
      "command": "yarn",
      "mean": 3.4719339014,
      "stddev": 0.3776914996800373,
      "median": 3.3673171419,
      "user": 2.6591493999999996,
      "system": 2.2611986400000004,
      "min": 3.2593338609,
      "max": 4.5948804109,
      "times": [
        3.4098649039,
        3.2606686339,
        3.3589546239000003,
        4.5948804109,
        3.3846253019000003,
        3.4058339259,
        3.3259510599,
        3.3756796599000003,
        3.3435466329000003,
        3.2593338609
      ],
      "exit_codes": [
        0,
        0,
        0,
        0,
        0,
        0,
        0,
        0,
        0,
        0
      ]
    },
    {
      "command": "berry",
      "mean": 2.5881944381,
      "stddev": 0.025419637882716683,
      "median": 2.5841113899000003,
      "user": 2.9130559000000003,
      "system": 1.2247049399999999,
      "min": 2.5443534679,
      "max": 2.6438499699,
      "times": [
        2.5831707889,
        2.5850519909000003,
        2.5992766029000003,
        2.5806260109,
        2.6438499699,
        2.5628875069,
        2.5443534679,
        2.5998709329,
        2.5767809749,
        2.6060761349
      ],
      "exit_codes": [
        0,
        0,
        0,
        0,
        0,
        0,
        0,
        0,
        0,
        0
      ]
    },
    {
      "command": "zpm",
      "mean": 2.0803559388,
      "stddev": 0.24606104593453906,
      "median": 2.0393372159,
      "user": 0.5842082,
      "system": 0.80807144,
      "min": 1.6736565829,
      "max": 2.4361505759,
      "times": [
        1.9786960669,
        2.4361505759,
        1.7694531849000001,
        2.2952828059,
        2.0482343879,
        2.0304400439,
        1.6736565829,
        2.4293422409,
        2.2030477679000002,
        1.9392557309000003
      ],
      "exit_codes": [
        0,
        0,
        0,
        0,
        0,
        0,
        0,
        0,
        0,
        0
      ]
    },
    {
      "command": "pnpm",
      "mean": 2.1481890434,
      "stddev": 0.03647499163222143,
      "median": 2.1435831284000004,
      "user": 2.7513372,
      "system": 0.8856513399999999,
      "min": 2.0859960449,
      "max": 2.2022651459,
      "times": [
        2.1198611759,
        2.1252359689,
        2.1883800989,
        2.1731540509,
        2.1832647849,
        2.1619302879,
        2.0859960449,
        2.2022651459,
        2.1251332049,
        2.1166696709
      ],
      "exit_codes": [
        0,
        0,
        0,
        0,
        0,
        0,
        0,
        0,
        0,
        0
      ]
    },
    {
      "command": "vlt",
      "mean": 1.5851250454,
      "stddev": 0.019012414704136962,
      "median": 1.5798026874000002,
      "user": 1.7167634,
      "system": 1.26952604,
      "min": 1.5690111079000002,
      "max": 1.6389381569,
      "times": [
        1.5784723379,
        1.5829931759,
        1.6389381569,
        1.5690111079000002,
        1.5777836589,
        1.5902278179000002,
        1.5862069179000002,
        1.5771764089000002,
        1.5811330369000003,
        1.5693078349
      ],
      "exit_codes": [
        0,
        0,
        0,
        0,
        0,
        0,
        0,
        0,
        0,
        0
      ]
    },
    {
      "command": "bun",
      "mean": 0.1656667994,
      "stddev": 0.000556757298746635,
      "median": 0.16560715590000002,
      "user": 0.013190499999999999,
      "system": 0.15775664,
      "min": 0.16502917590000002,
      "max": 0.16690837190000002,
      "times": [
        0.16690837190000002,
        0.16555432790000002,
        0.16519210890000002,
        0.16618757990000002,
        0.16591036890000002,
        0.1658905069,
        0.16530022190000002,
        0.16503534790000002,
        0.16565998390000003,
        0.16502917590000002
      ],
      "exit_codes": [
        0,
        0,
        0,
        0,
        0,
        0,
        0,
        0,
        0,
        0
      ]
    },
    {
      "command": "deno",
      "mean": 0.5834748933999999,
      "stddev": 0.007115981151254737,
      "median": 0.5812564149,
      "user": 0.5667524,
      "system": 0.48534794000000003,
      "min": 0.5769789059,
      "max": 0.6008824639,
      "times": [
        0.5917080859,
        0.5840480809,
        0.5837027899,
        0.5820988629,
        0.5804139669,
        0.5791932229,
        0.5774347969,
        0.5782877579,
        0.5769789059,
        0.6008824639
      ],
      "exit_codes": [
        0,
        0,
        0,
        0,
        0,
        0,
        0,
        0,
        0,
        0
      ]
    }
  ]
}