{
  "results": [
    {
      "command": "npm",
      "mean": 8.873358951559998,
      "stddev": 0.0584954209203758,
      "median": 8.894511958559999,
      "user": 9.81449654,
      "system": 4.35027268,
      "min": 8.76337490456,
      "max": 8.98096861556,
      "times": [
        8.81901046756,
        8.83016313056,
        8.90715412156,
        8.90045921156,
        8.98096861556,
        8.83335013556,
        8.76337490456,
        8.89417300256,
        8.89485091456,
        8.91008501156
      ],
      "exit_codes": [
        0,
        0,
        0,
        0,
        0,
        0,
        0,
        0,
        0,
        0
      ]
    },
    {
      "command": "yarn",
      "mean": 21.39656090876,
      "stddev": 0.20113883520337825,
      "median": 21.407070266060003,
      "user": 28.122042240000003,
      "system": 15.87436888,
      "min": 21.098738844560003,
      "max": 21.79313312856,
      "times": [
        21.61081218256,
        21.223339430560003,
        21.79313312856,
        21.390012915560003,
        21.44379275556,
        21.13265552456,
        21.48950147756,
        21.098738844560003,
        21.359495211560002,
        21.424127616560003
      ],
      "exit_codes": [
        0,
        0,
        0,
        0,
        0,
        0,
        0,
        0,
        0,
        0
      ]
    },
    {
      "command": "berry",
      "mean": 8.08974008746,
      "stddev": 0.16222732063847553,
      "median": 8.11050673606,
      "user": 12.535731739999997,
      "system": 5.36372918,
      "min": 7.85124378356,
      "max": 8.33605093456,
      "times": [
        8.23859471556,
        8.00882075856,
        8.29659368956,
        8.13069037756,
        8.33605093456,
        8.09032309456,
        7.88292939856,
        8.13785448356,
        7.85124378356,
        7.92429963856
      ],
      "exit_codes": [
        0,
        0,
        0,
        0,
        0,
        0,
        0,
        0,
        0,
        0
      ]
    },
    {
      "command": "pnpm",
      "mean": 3.8359512748599998,
      "stddev": 0.0473714263743993,
      "median": 3.82696253156,
      "user": 7.39655094,
      "system": 3.29597908,
      "min": 3.77063598456,
      "max": 3.91809094656,
      "times": [
        3.80693525756,
        3.79845885756,
        3.85266514356,
        3.91809094656,
        3.77063598456,
        3.80923031956,
        3.84469474356,
        3.91590398056,
        3.84691446656,
        3.79598304856
      ],
      "exit_codes": [
        0,
        0,
        0,
        0,
        0,
        0,
        0,
        0,
        0,
        0
      ]
    },
    {
      "command": "vlt",
      "mean": 8.79382548646,
      "stddev": 0.15314254270081495,
      "median": 8.73023517356,
      "user": 13.182535139999999,
      "system": 6.00797008,
      "min": 8.64433795956,
      "max": 9.16257504756,
      "times": [
        8.73287597256,
        8.69907244856,
        8.91278948956,
        8.66242125556,
        8.83586607356,
        8.89344203856,
        9.16257504756,
        8.64433795956,
        8.72759437456,
        8.667280204559999
      ],
      "exit_codes": [
        0,
        0,
        0,
        0,
        0,
        0,
        0,
        0,
        0,
        0
      ]
    },
    {
      "command": "bun",
      "mean": 1.9279086142599997,
      "stddev": 0.15602627320668436,
      "median": 1.91404914506,
      "user": 1.76339254,
      "system": 2.6417399799999997,
      "min": 1.6873404835599999,
      "max": 2.16392532856,
      "times": [
        2.00090662256,
        1.93612486956,
        2.04542286156,
        1.8919734205599998,
        1.78211659956,
        1.84484292056,
        1.76482373256,
        2.16392532856,
        1.6873404835599999,
        2.1616093035599997
      ],
      "exit_codes": [
        0,
        0,
        0,
        0,
        0,
        0,
        0,
        0,
        0,
        0
      ]
    },
    {
      "command": "deno",
      "mean": 4.82366203556,
      "stddev": 0.3437892945618729,
      "median": 4.71565715056,
      "user": 4.019073039999999,
      "system": 2.46423238,
      "min": 4.46047014856,
      "max": 5.53393005156,
      "times": [
        4.48669522656,
        4.54785866756,
        4.59069747656,
        4.87635433456,
        5.53393005156,
        4.46047014856,
        4.67947105356,
        4.99063246056,
        5.31866768856,
        4.75184324756
      ],
      "exit_codes": [
        0,
        0,
        0,
        0,
        0,
        0,
        0,
        0,
        0,
        0
      ]
    }
  ]
}