{
  "results": [
    {
      "command": "npm",
      "mean": 2.0951038400600006,
      "stddev": 0.031106989821068087,
      "median": 2.09273607886,
      "user": 2.1512341200000002,
      "system": 0.80390408,
      "min": 2.05672253086,
      "max": 2.1760820878600002,
      "times": [
        2.10754370686,
        2.0977062988600004,
        2.0605328918600003,
        2.09223382986,
        2.05672253086,
        2.1760820878600002,
        2.08735603986,
        2.09323832786,
        2.08082784286,
        2.0987948438600004
      ],
      "exit_codes": [
        0,
        0,
        0,
        0,
        0,
        0,
        0,
        0,
        0,
        0
      ]
    },
    {
      "command": "yarn",
      "mean": 1.95164662876,
      "stddev": 0.07260238082942913,
      "median": 1.94643541236,
      "user": 1.14909342,
      "system": 0.63390378,
      "min": 1.82776828486,
      "max": 2.0927385168600003,
      "times": [
        1.82776828486,
        1.98262851686,
        1.90953255786,
        1.97915706886,
        1.94680799986,
        2.0927385168600003,
        2.03894437786,
        1.88664027286,
        1.90618586686,
        1.94606282486
      ],
      "exit_codes": [
        0,
        0,
        0,
        0,
        0,
        0,
        0,
        0,
        0,
        0
      ]
    },
    {
      "command": "berry",
      "mean": 1.5237255996599999,
      "stddev": 0.10367851741062013,
      "median": 1.47962222436,
      "user": 1.68584312,
      "system": 0.46091207999999995,
      "min": 1.4172225028599998,
      "max": 1.7314224868599999,
      "times": [
        1.4370218638599999,
        1.47863787386,
        1.4172225028599998,
        1.49353850786,
        1.46919773586,
        1.53895708686,
        1.48059963386,
        1.7120134898600001,
        1.7314224868599999,
        1.47864481486
      ],
      "exit_codes": [
        0,
        0,
        0,
        0,
        0,
        0,
        0,
        0,
        0,
        0
      ]
    },
    {
      "command": "zpm",
      "mean": 1.32927757006,
      "stddev": 0.08933332126148902,
      "median": 1.29627034086,
      "user": 0.44960491999999996,
      "system": 0.46255498,
      "min": 1.22717506286,
      "max": 1.5395259908599999,
      "times": [
        1.28760788286,
        1.34835525986,
        1.23772740686,
        1.34430183886,
        1.28479571786,
        1.22717506286,
        1.2989365338599999,
        1.29360414786,
        1.5395259908599999,
        1.43074585886
      ],
      "exit_codes": [
        0,
        0,
        0,
        0,
        0,
        0,
        0,
        0,
        0,
        0
      ]
    },
    {
      "command": "pnpm",
      "mean": 1.32637232596,
      "stddev": 0.30545848072540754,
      "median": 1.22313167736,
      "user": 1.62520292,
      "system": 0.39210347999999995,
      "min": 1.20900155586,
      "max": 2.2422007188600004,
      "times": [
        1.23499900086,
        1.2126210848599999,
        1.20900155586,
        1.22417307086,
        1.2220902838599998,
        1.24573434686,
        1.21761333386,
        1.22063667286,
        2.2422007188600004,
        1.23465319086
      ],
      "exit_codes": [
        0,
        0,
        0,
        0,
        0,
        0,
        0,
        0,
        0,
        0
      ]
    },
    {
      "command": "vlt",
      "mean": 0.6020728501600001,
      "stddev": 0.002695002347021672,
      "median": 0.6023658918600001,
      "user": 0.62618242,
      "system": 0.35906047999999996,
      "min": 0.5974932828600001,
      "max": 0.6067126248600001,
      "times": [
        0.5986402438600001,
        0.6015156758600001,
        0.60507415086,
        0.6034672628600001,
        0.6012309108600001,
        0.6067126248600001,
        0.60323421186,
        0.6032161078600001,
        0.60014402986,
        0.5974932828600001
      ],
      "exit_codes": [
        0,
        0,
        0,
        0,
        0,
        0,
        0,
        0,
        0,
        0
      ]
    },
    {
      "command": "bun",
      "mean": 0.03737368435999999,
      "stddev": 0.0012756188428576349,
      "median": 0.03702127936,
      "user": 0.00666582,
      "system": 0.03606298000000001,
      "min": 0.03648939586,
      "max": 0.04102585786,
      "times": [
        0.03722070886,
        0.04102585786,
        0.03648939586,
        0.03655493886,
        0.03765972686,
        0.03735271286,
        0.03660456786,
        0.03668290286,
        0.03682184986,
        0.03732418186
      ],
      "exit_codes": [
        0,
        0,
        0,
        0,
        0,
        0,
        0,
        0,
        0,
        0
      ]
    },
    {
      "command": "deno",
      "mean": 0.24373655496000005,
      "stddev": 0.003072442753354548,
      "median": 0.24400008086000002,
      "user": 0.26982922,
      "system": 0.16024078,
      "min": 0.23913170286000002,
      "max": 0.24887861086000002,
      "times": [
        0.23913170286000002,
        0.24764539986,
        0.24151490286000002,
        0.24070837886000002,
        0.24357799786,
        0.24519420386000002,
        0.24579673186,
        0.24887861086000002,
        0.24049545686,
        0.24442216386
      ],
      "exit_codes": [
        0,
        0,
        0,
        0,
        0,
        0,
        0,
        0,
        0,
        0
      ]
    }
  ]
}