{
  "results": [
    {
      "command": "npm",
      "mean": 3.6727598903200005,
      "stddev": 0.02663841808389948,
      "median": 3.67123835692,
      "user": 4.059209,
      "system": 1.5795153800000001,
      "min": 3.6296898429200004,
      "max": 3.7162860279200003,
      "times": [
        3.7162860279200003,
        3.69359466192,
        3.6296898429200004,
        3.66073361892,
        3.6817430949200003,
        3.69764031392,
        3.6548280769200003,
        3.65575884092,
        3.69534441292,
        3.6419800119200003
      ],
      "exit_codes": [
        0,
        0,
        0,
        0,
        0,
        0,
        0,
        0,
        0,
        0
      ]
    },
    {
      "command": "yarn",
      "mean": 10.483637503619999,
      "stddev": 0.062321579765875525,
      "median": 10.450273205919999,
      "user": 16.415090600000003,
      "system": 5.23048488,
      "min": 10.42282946692,
      "max": 10.59649266192,
      "times": [
        10.58848792692,
        10.482042819919998,
        10.43837297392,
        10.43366221292,
        10.439834468919999,
        10.53410609292,
        10.441021441919998,
        10.42282946692,
        10.459524969919999,
        10.59649266192
      ],
      "exit_codes": [
        0,
        0,
        0,
        0,
        0,
        0,
        0,
        0,
        0,
        0
      ]
    },
    {
      "command": "berry",
      "mean": 3.34469267562,
      "stddev": 0.03194279801840443,
      "median": 3.35928591142,
      "user": 5.9843105,
      "system": 1.5705577799999997,
      "min": 3.28830358992,
      "max": 3.38200399292,
      "times": [
        3.36450299892,
        3.31210553692,
        3.38200399292,
        3.28830358992,
        3.35807415992,
        3.3604976629200003,
        3.3163784829200003,
        3.37473383992,
        3.31319670192,
        3.37712978992
      ],
      "exit_codes": [
        0,
        0,
        0,
        0,
        0,
        0,
        0,
        0,
        0,
        0
      ]
    },
    {
      "command": "zpm",
      "mean": 0.8204117162200001,
      "stddev": 0.025557221820012816,
      "median": 0.8126142059200001,
      "user": 0.7272079999999999,
      "system": 0.43661348,
      "min": 0.7945189959200001,
      "max": 0.8872747789200001,
      "times": [
        0.8026162319200001,
        0.7945189959200001,
        0.81063379692,
        0.8106050649200001,
        0.8872747789200001,
        0.8352830089200001,
        0.8297780959200001,
        0.8145946149200001,
        0.79721624292,
        0.8215963309200001
      ],
      "exit_codes": [
        0,
        0,
        0,
        0,
        0,
        0,
        0,
        0,
        0,
        0
      ]
    },
    {
      "command": "pnpm",
      "mean": 2.13860613942,
      "stddev": 0.22963705833275455,
      "median": 2.0775758894200003,
      "user": 3.2818835,
      "system": 0.84694048,
      "min": 2.01746769592,
      "max": 2.82325804492,
      "times": [
        2.02178559292,
        2.0854986809200002,
        2.04194833792,
        2.82325804492,
        2.08527484392,
        2.0653630299200003,
        2.01746769592,
        2.08894552692,
        2.08664270592,
        2.06987693492
      ],
      "exit_codes": [
        0,
        0,
        0,
        0,
        0,
        0,
        0,
        0,
        0,
        0
      ]
    },
    {
      "command": "vlt",
      "mean": 2.0267682216200003,
      "stddev": 0.014745119375781745,
      "median": 2.03119544592,
      "user": 2.7619726000000004,
      "system": 0.9989813799999998,
      "min": 1.9898921629200002,
      "max": 2.04699193192,
      "times": [
        2.04699193192,
        2.01942611592,
        2.03510081392,
        2.03199635792,
        2.0174120229200003,
        2.0350330159200003,
        2.03039453392,
        2.03593683492,
        2.02549842592,
        1.9898921629200002
      ],
      "exit_codes": [
        0,
        0,
        0,
        0,
        0,
        0,
        0,
        0,
        0,
        0
      ]
    },
    {
      "command": "bun",
      "mean": 0.55400330082,
      "stddev": 0.1887706733683206,
      "median": 0.47867036542,
      "user": 0.5173236999999998,
      "system": 0.5493034799999998,
      "min": 0.44380436292000003,
      "max": 1.09932911892,
      "times": [
        0.46646562692000004,
        0.47434486492,
        0.5444731809200001,
        0.62379645092,
        1.09932911892,
        0.47212797492,
        0.44380436292000003,
        0.44715410292,
        0.48554145892,
        0.48299586592000004
      ],
      "exit_codes": [
        0,
        0,
        0,
        0,
        0,
        0,
        0,
        0,
        0,
        0
      ]
    },
    {
      "command": "deno",
      "mean": 3.77470073022,
      "stddev": 0.18763647769331895,
      "median": 3.8351700719200004,
      "user": 1.7313309000000001,
      "system": 0.7634734799999999,
      "min": 3.48842466792,
      "max": 3.98451557592,
      "times": [
        3.97531723092,
        3.49781412792,
        3.48842466792,
        3.88589636892,
        3.6340922459200002,
        3.9362863479200003,
        3.98451557592,
        3.62075586692,
        3.9394610949200004,
        3.78444377492
      ],
      "exit_codes": [
        0,
        0,
        0,
        0,
        0,
        0,
        0,
        0,
        0,
        0
      ]
    }
  ]
}