{
  "results": [
    {
      "command": "npm",
      "mean": 0.57396098226,
      "stddev": 0.0048749174226110845,
      "median": 0.5723539466600001,
      "user": 0.63858416,
      "system": 0.1066589,
      "min": 0.56761963916,
      "max": 0.58313472516,
      "times": [
        0.58313472516,
        0.57197207716,
        0.57273581616,
        0.56761963916,
        0.57186284116,
        0.57621668116,
        0.5819052651600001,
        0.56937604616,
        0.57454775016,
        0.57023898116
      ],
      "exit_codes": [
        0,
        0,
        0,
        0,
        0,
        0,
        0,
        0,
        0,
        0
      ]
    },
    {
      "command": "yarn",
      "mean": 0.32865556246000005,
      "stddev": 0.021910563075274662,
      "median": 0.32429250115999997,
      "user": 0.37063546,
      "system": 0.06667569999999998,
      "min": 0.30766280116,
      "max": 0.39037477316,
      "times": [
        0.32363941016000003,
        0.31183867916,
        0.30766280116,
        0.32479321616,
        0.32644229716,
        0.33371119916,
        0.32882694616,
        0.32379178616,
        0.39037477316,
        0.31547451616
      ],
      "exit_codes": [
        0,
        0,
        0,
        0,
        0,
        0,
        0,
        0,
        0,
        0
      ]
    },
    {
      "command": "berry",
      "mean": 1.16591513646,
      "stddev": 0.0254358286403802,
      "median": 1.1554862326600002,
      "user": 1.2291777599999998,
      "system": 0.21855929999999998,
      "min": 1.1387228361600001,
      "max": 1.2170090071600002,
      "times": [
        1.1469603751600002,
        1.1480520921600001,
        1.1605168541600002,
        1.1473153391600002,
        1.17387869616,
        1.1504556111600002,
        1.16839983016,
        1.2078407231600001,
        1.1387228361600001,
        1.2170090071600002
      ],
      "exit_codes": [
        0,
        0,
        0,
        0,
        0,
        0,
        0,
        0,
        0,
        0
      ]
    },
    {
      "command": "pnpm",
      "mean": 0.81532617446,
      "stddev": 0.018784025508535154,
      "median": 0.8132862386599999,
      "user": 0.8252394599999999,
      "system": 0.13050179999999997,
      "min": 0.7882440161600001,
      "max": 0.84890167116,
      "times": [
        0.81495960116,
        0.84890167116,
        0.8069420471600001,
        0.81291754216,
        0.82450449616,
        0.8028927691600001,
        0.81365493516,
        0.84565445916,
        0.7945902071600001,
        0.7882440161600001
      ],
      "exit_codes": [
        0,
        0,
        0,
        0,
        0,
        0,
        0,
        0,
        0,
        0
      ]
    },
    {
      "command": "vlt",
      "mean": 0.32436741155999993,
      "stddev": 0.004937156622526717,
      "median": 0.32563849216,
      "user": 0.35395296,
      "system": 0.07186279999999999,
      "min": 0.31377345516,
      "max": 0.33132528116,
      "times": [
        0.32011202916,
        0.32619812316,
        0.32554249016000003,
        0.31919281716000003,
        0.32519935016,
        0.32816843716,
        0.32573449416,
        0.32842763816,
        0.31377345516,
        0.33132528116
      ],
      "exit_codes": [
        0,
        0,
        0,
        0,
        0,
        0,
        0,
        0,
        0,
        0
      ]
    },
    {
      "command": "bun",
      "mean": 0.011795236160000002,
      "stddev": 0.00032706314519615344,
      "median": 0.01172844366,
      "user": 0.009357359999999999,
      "system": 0.0079508,
      "min": 0.011423585160000001,
      "max": 0.012449656160000001,
      "times": [
        0.012074830160000001,
        0.01158508716,
        0.011951000160000001,
        0.012449656160000001,
        0.01208826416,
        0.01156363616,
        0.011871800160000001,
        0.01150906516,
        0.01143543716,
        0.011423585160000001
      ],
      "exit_codes": [
        0,
        0,
        0,
        0,
        0,
        0,
        0,
        0,
        0,
        0
      ]
    },
    {
      "command": "deno",
      "mean": 0.05606808446,
      "stddev": 0.0007518088093781633,
      "median": 0.05610656116,
      "user": 0.03504146,
      "system": 0.026084299999999998,
      "min": 0.05487967816,
      "max": 0.05734367716,
      "times": [
        0.05533258416,
        0.05531043316,
        0.056936400160000004,
        0.056716983160000005,
        0.05602988716,
        0.05734367716,
        0.05635493716,
        0.05487967816,
        0.05559302916,
        0.056183235160000004
      ],
      "exit_codes": [
        0,
        0,
        0,
        0,
        0,
        0,
        0,
        0,
        0,
        0
      ]
    }
  ]
}