{
  "results": [
    {
      "command": "npm",
      "mean": 0.59532686076,
      "stddev": 0.012306340774590599,
      "median": 0.5913908299599999,
      "user": 0.6605831799999999,
      "system": 0.11215223999999999,
      "min": 0.58122948746,
      "max": 0.6182046034600001,
      "times": [
        0.61351351446,
        0.60481993646,
        0.59690947846,
        0.58867256646,
        0.58122948746,
        0.58938056946,
        0.59340109046,
        0.6182046034600001,
        0.58143567346,
        0.58570168746
      ],
      "exit_codes": [
        0,
        0,
        0,
        0,
        0,
        0,
        0,
        0,
        0,
        0
      ]
    },
    {
      "command": "yarn",
      "mean": 0.32481268766000004,
      "stddev": 0.020031472144363682,
      "median": 0.31899734746,
      "user": 0.3668947799999999,
      "system": 0.06774593999999998,
      "min": 0.30847090946000005,
      "max": 0.38260958646000004,
      "times": [
        0.32416522846000007,
        0.31404010146000005,
        0.31735288846000004,
        0.32249144046000006,
        0.32064180646,
        0.30847090946000005,
        0.31587027746,
        0.31400695746,
        0.38260958646000004,
        0.32847768046000003
      ],
      "exit_codes": [
        0,
        0,
        0,
        0,
        0,
        0,
        0,
        0,
        0,
        0
      ]
    },
    {
      "command": "berry",
      "mean": 1.14819407116,
      "stddev": 0.022378113411074575,
      "median": 1.1451166549599998,
      "user": 1.23349338,
      "system": 0.21497923999999996,
      "min": 1.10186539546,
      "max": 1.19139468346,
      "times": [
        1.1365995494599999,
        1.16267369046,
        1.14339296846,
        1.14093840346,
        1.14684034146,
        1.10186539546,
        1.13614570246,
        1.19139468346,
        1.15404195446,
        1.16804802246
      ],
      "exit_codes": [
        0,
        0,
        0,
        0,
        0,
        0,
        0,
        0,
        0,
        0
      ]
    },
    {
      "command": "pnpm",
      "mean": 0.76682170776,
      "stddev": 0.016984173131017802,
      "median": 0.76932574346,
      "user": 0.81058728,
      "system": 0.12782524,
      "min": 0.73549582346,
      "max": 0.79056948246,
      "times": [
        0.79056948246,
        0.78279252046,
        0.77183683746,
        0.77929866046,
        0.73549582346,
        0.76681464946,
        0.76552741846,
        0.73734189746,
        0.7660497134600001,
        0.7724900744600001
      ],
      "exit_codes": [
        0,
        0,
        0,
        0,
        0,
        0,
        0,
        0,
        0,
        0
      ]
    },
    {
      "command": "vlt",
      "mean": 0.31762141246000003,
      "stddev": 0.0029176229426734744,
      "median": 0.31766077246,
      "user": 0.33766687999999995,
      "system": 0.07254503999999999,
      "min": 0.31310270746,
      "max": 0.32193805946000004,
      "times": [
        0.31314339946,
        0.31953493246000003,
        0.32193805946000004,
        0.31754064546000005,
        0.32065006246000005,
        0.31778089946000004,
        0.31310270746,
        0.31737053246,
        0.32013449646000003,
        0.31501838946000005
      ],
      "exit_codes": [
        0,
        0,
        0,
        0,
        0,
        0,
        0,
        0,
        0,
        0
      ]
    },
    {
      "command": "bun",
      "mean": 0.012176248760000003,
      "stddev": 0.0001496058574388381,
      "median": 0.012158903460000002,
      "user": 0.00800118,
      "system": 0.009682240000000002,
      "min": 0.011929818460000002,
      "max": 0.01248303046,
      "times": [
        0.01232341546,
        0.011929818460000002,
        0.01207503946,
        0.012044810460000001,
        0.012275757460000002,
        0.01209144246,
        0.012164709460000001,
        0.01222136646,
        0.012153097460000001,
        0.01248303046
      ],
      "exit_codes": [
        0,
        0,
        0,
        0,
        0,
        0,
        0,
        0,
        0,
        0
      ]
    },
    {
      "command": "deno",
      "mean": 0.05914960726,
      "stddev": 0.0004978259229664127,
      "median": 0.05924484246,
      "user": 0.03815478,
      "system": 0.026388639999999998,
      "min": 0.05848969946,
      "max": 0.05996353846,
      "times": [
        0.05848969946,
        0.059530657460000004,
        0.059748874460000004,
        0.05996353846,
        0.05918273946,
        0.05930694546,
        0.05868801046,
        0.059358410460000004,
        0.05851641446,
        0.05871078246
      ],
      "exit_codes": [
        0,
        0,
        0,
        0,
        0,
        0,
        0,
        0,
        0,
        0
      ]
    }
  ]
}