{
  "results": [
    {
      "command": "npm",
      "mean": 0.6220665390600002,
      "stddev": 0.012348210899438718,
      "median": 0.6220393852600001,
      "user": 0.69842962,
      "system": 0.1122576,
      "min": 0.6075756082600001,
      "max": 0.6538410012600001,
      "times": [
        0.6141512572600001,
        0.6075756082600001,
        0.6205365972600001,
        0.6136521772600001,
        0.62354217326,
        0.6244102932600001,
        0.6263651262600001,
        0.6258717542600001,
        0.6538410012600001,
        0.6107194022600001
      ],
      "exit_codes": [
        0,
        0,
        0,
        0,
        0,
        0,
        0,
        0,
        0,
        0
      ]
    },
    {
      "command": "yarn",
      "mean": 0.32383698926,
      "stddev": 0.007374774984068822,
      "median": 0.32268920875999996,
      "user": 0.37292872000000005,
      "system": 0.06801990000000001,
      "min": 0.31420824126,
      "max": 0.34276423226,
      "times": [
        0.32304988226,
        0.32281078826,
        0.32256762926,
        0.32423261326,
        0.31420824126,
        0.32903416726,
        0.32172190026,
        0.34276423226,
        0.32133678126,
        0.31664365726
      ],
      "exit_codes": [
        0,
        0,
        0,
        0,
        0,
        0,
        0,
        0,
        0,
        0
      ]
    },
    {
      "command": "berry",
      "mean": 1.20207933286,
      "stddev": 0.019114011237263685,
      "median": 1.20209654976,
      "user": 1.2473919199999999,
      "system": 0.2146927,
      "min": 1.17328324326,
      "max": 1.2459031442600002,
      "times": [
        1.19035810926,
        1.20747946726,
        1.20743333126,
        1.18724006726,
        1.19675976826,
        1.2116440692600001,
        1.2459031442600002,
        1.17328324326,
        1.21380906926,
        1.18688305926
      ],
      "exit_codes": [
        0,
        0,
        0,
        0,
        0,
        0,
        0,
        0,
        0,
        0
      ]
    },
    {
      "command": "pnpm",
      "mean": 0.8395866641600002,
      "stddev": 0.010832064704516529,
      "median": 0.83849391076,
      "user": 0.82787732,
      "system": 0.13264479999999998,
      "min": 0.8230368022600001,
      "max": 0.8629995602600001,
      "times": [
        0.8441005152600001,
        0.8478881542600001,
        0.8449989902600001,
        0.83325291426,
        0.8230368022600001,
        0.8629995602600001,
        0.8317211232600001,
        0.8437349072600001,
        0.8316167672600001,
        0.83251690726
      ],
      "exit_codes": [
        0,
        0,
        0,
        0,
        0,
        0,
        0,
        0,
        0,
        0
      ]
    },
    {
      "command": "vlt",
      "mean": 0.31614317426,
      "stddev": 0.004441394616223532,
      "median": 0.31448589776,
      "user": 0.34375212,
      "system": 0.073345,
      "min": 0.31124304526,
      "max": 0.32376187726,
      "times": [
        0.32376187726,
        0.31163017126,
        0.31365632826,
        0.31531546726,
        0.31307653826,
        0.32186245626,
        0.32063916125999997,
        0.31855546426,
        0.31124304526,
        0.31169123326
      ],
      "exit_codes": [
        0,
        0,
        0,
        0,
        0,
        0,
        0,
        0,
        0,
        0
      ]
    },
    {
      "command": "bun",
      "mean": 0.011971716760000002,
      "stddev": 0.00021430343121109875,
      "median": 0.011881596760000002,
      "user": 0.00887312,
      "system": 0.008467599999999999,
      "min": 0.01173372026,
      "max": 0.012412402260000002,
      "times": [
        0.012155231260000001,
        0.01181435026,
        0.01178552226,
        0.011770349260000002,
        0.01173372026,
        0.012412402260000002,
        0.01213763026,
        0.011858824260000001,
        0.012144768260000001,
        0.01190436926
      ],
      "exit_codes": [
        0,
        0,
        0,
        0,
        0,
        0,
        0,
        0,
        0,
        0
      ]
    },
    {
      "command": "deno",
      "mean": 0.7717619438600001,
      "stddev": 0.005864193896551311,
      "median": 0.7703329087600002,
      "user": 0.64056782,
      "system": 0.13345579999999999,
      "min": 0.7619884752600001,
      "max": 0.7840654032600001,
      "times": [
        0.77831119126,
        0.7747150232600001,
        0.7705998852600001,
        0.7696447912600001,
        0.7663574012600001,
        0.7726813572600001,
        0.7691899782600001,
        0.7840654032600001,
        0.7700659322600001,
        0.7619884752600001
      ],
      "exit_codes": [
        0,
        0,
        0,
        0,
        0,
        0,
        0,
        0,
        0,
        0
      ]
    }
  ]
}