{
  "results": [
    {
      "command": "npm",
      "mean": 0.56534078406,
      "stddev": 0.005184268778530183,
      "median": 0.5641973542600001,
      "user": 0.6258042599999999,
      "system": 0.1067256,
      "min": 0.5583138202600001,
      "max": 0.5754373502600001,
      "times": [
        0.56396813826,
        0.5666001582600001,
        0.56356650226,
        0.5739861042600001,
        0.5647691862600001,
        0.56091073826,
        0.5583138202600001,
        0.5644265702600001,
        0.5614292722600001,
        0.5754373502600001
      ],
      "exit_codes": [
        0,
        0,
        0,
        0,
        0,
        0,
        0,
        0,
        0,
        0
      ]
    },
    {
      "command": "yarn",
      "mean": 0.31147219556,
      "stddev": 0.0024420657889496875,
      "median": 0.31153070975999997,
      "user": 0.35533226000000007,
      "system": 0.0659844,
      "min": 0.30652492226,
      "max": 0.31544929926000004,
      "times": [
        0.31045897526,
        0.30652492226,
        0.31330900026,
        0.31544929926000004,
        0.30950740326000004,
        0.31227528826,
        0.31313989326,
        0.31352402626000003,
        0.30974701626,
        0.31078613126
      ],
      "exit_codes": [
        0,
        0,
        0,
        0,
        0,
        0,
        0,
        0,
        0,
        0
      ]
    },
    {
      "command": "berry",
      "mean": 1.14477987106,
      "stddev": 0.020881387972481142,
      "median": 1.14545077726,
      "user": 1.21044696,
      "system": 0.21819819999999995,
      "min": 1.11820655526,
      "max": 1.19912016126,
      "times": [
        1.14578827926,
        1.14620115426,
        1.14205560826,
        1.11820655526,
        1.12994092426,
        1.15076770726,
        1.14659537226,
        1.19912016126,
        1.14511327526,
        1.12400967326
      ],
      "exit_codes": [
        0,
        0,
        0,
        0,
        0,
        0,
        0,
        0,
        0,
        0
      ]
    },
    {
      "command": "pnpm",
      "mean": 0.7876875399600001,
      "stddev": 0.028392440350550004,
      "median": 0.77465553876,
      "user": 0.8007074599999999,
      "system": 0.1287467,
      "min": 0.76907111526,
      "max": 0.8563040292600002,
      "times": [
        0.76907111526,
        0.7858010992600001,
        0.7710145652600001,
        0.8278367712600001,
        0.7696968742600001,
        0.7693937182600001,
        0.7708118902600001,
        0.8563040292600002,
        0.7782965122600001,
        0.7786488242600001
      ],
      "exit_codes": [
        0,
        0,
        0,
        0,
        0,
        0,
        0,
        0,
        0,
        0
      ]
    },
    {
      "command": "vlt",
      "mean": 0.33343727816,
      "stddev": 0.0040933222461982735,
      "median": 0.33286514126,
      "user": 0.35245876000000004,
      "system": 0.07366940000000001,
      "min": 0.32779796226,
      "max": 0.34131558726,
      "times": [
        0.33530508926,
        0.33029735226,
        0.33100745026,
        0.33692749626,
        0.32779796226,
        0.33715857726000004,
        0.33467448126,
        0.34131558726,
        0.33105580126,
        0.32883298426
      ],
      "exit_codes": [
        0,
        0,
        0,
        0,
        0,
        0,
        0,
        0,
        0,
        0
      ]
    },
    {
      "command": "bun",
      "mean": 0.011727902960000001,
      "stddev": 0.0005477904280892557,
      "median": 0.011531466260000001,
      "user": 0.00769486,
      "system": 0.0096693,
      "min": 0.011344567260000002,
      "max": 0.013293892260000002,
      "times": [
        0.011450025260000002,
        0.011399644260000001,
        0.011446307260000002,
        0.013293892260000002,
        0.011344567260000002,
        0.011841213260000002,
        0.011651580260000002,
        0.011612907260000001,
        0.011417215260000002,
        0.011821677260000002
      ],
      "exit_codes": [
        0,
        0,
        0,
        0,
        0,
        0,
        0,
        0,
        0,
        0
      ]
    },
    {
      "command": "deno",
      "mean": 0.17284964436,
      "stddev": 0.0024365326120778007,
      "median": 0.17258256076,
      "user": 0.13847206,
      "system": 0.05241300000000001,
      "min": 0.16997461726000002,
      "max": 0.17754997726,
      "times": [
        0.17034493526,
        0.17217709526,
        0.17079013226,
        0.17328637126000002,
        0.17298802626,
        0.17754997726,
        0.17566771626,
        0.17063516926,
        0.16997461726000002,
        0.17508240326
      ],
      "exit_codes": [
        0,
        0,
        0,
        0,
        0,
        0,
        0,
        0,
        0,
        0
      ]
    }
  ]
}