{
  "results": [
    {
      "command": "npm",
      "mean": 0.5795812426400001,
      "stddev": 0.005095322690155646,
      "median": 0.5786599947400001,
      "user": 0.65023122,
      "system": 0.10269377999999998,
      "min": 0.5688730847400001,
      "max": 0.5892103147400001,
      "times": [
        0.5787157327400001,
        0.5782409127400001,
        0.5799546107400001,
        0.58497455574,
        0.5892103147400001,
        0.5779615037400001,
        0.5688730847400001,
        0.5767333897400001,
        0.5825440647400001,
        0.57860425674
      ],
      "exit_codes": [
        0,
        0,
        0,
        0,
        0,
        0,
        0,
        0,
        0,
        0
      ]
    },
    {
      "command": "yarn",
      "mean": 0.31575786924,
      "stddev": 0.004513478314414695,
      "median": 0.31597901574,
      "user": 0.36466582000000003,
      "system": 0.06469327999999999,
      "min": 0.30994474973999997,
      "max": 0.32470303474,
      "times": [
        0.32470303474,
        0.31870664974,
        0.31021328174,
        0.31699749074,
        0.31817865774,
        0.31029308774,
        0.30994474973999997,
        0.31496054074,
        0.31907524974,
        0.31450594974
      ],
      "exit_codes": [
        0,
        0,
        0,
        0,
        0,
        0,
        0,
        0,
        0,
        0
      ]
    },
    {
      "command": "berry",
      "mean": 1.16282748964,
      "stddev": 0.02301533233166034,
      "median": 1.1553643192399998,
      "user": 1.22393852,
      "system": 0.20671747999999995,
      "min": 1.1412651187399998,
      "max": 1.22238405474,
      "times": [
        1.1464306467399998,
        1.14177932574,
        1.15394913774,
        1.17467180374,
        1.1777334907399999,
        1.15677950074,
        1.15970895074,
        1.22238405474,
        1.1535728667399998,
        1.1412651187399998
      ],
      "exit_codes": [
        0,
        0,
        0,
        0,
        0,
        0,
        0,
        0,
        0,
        0
      ]
    },
    {
      "command": "pnpm",
      "mean": 0.8152931351400001,
      "stddev": 0.03315736628248548,
      "median": 0.8079397317400001,
      "user": 0.79541482,
      "system": 0.13262797999999998,
      "min": 0.77938722274,
      "max": 0.8794371687400001,
      "times": [
        0.78437764074,
        0.80059920374,
        0.78328199874,
        0.8231546147400001,
        0.80756382274,
        0.77938722274,
        0.8720689627400001,
        0.8147450757400001,
        0.8794371687400001,
        0.8083156407400001
      ],
      "exit_codes": [
        0,
        0,
        0,
        0,
        0,
        0,
        0,
        0,
        0,
        0
      ]
    },
    {
      "command": "vlt",
      "mean": 0.30675115164,
      "stddev": 0.006971935680120081,
      "median": 0.30558110823999995,
      "user": 0.33493632,
      "system": 0.06958187999999998,
      "min": 0.29899291974,
      "max": 0.32663791874,
      "times": [
        0.32663791874,
        0.30581205174,
        0.30667365273999997,
        0.30596158874,
        0.30427994274,
        0.29899291974,
        0.30615311774,
        0.30511790674,
        0.30535016474,
        0.30253225274
      ],
      "exit_codes": [
        0,
        0,
        0,
        0,
        0,
        0,
        0,
        0,
        0,
        0
      ]
    },
    {
      "command": "bun",
      "mean": 0.01198636524,
      "stddev": 0.0004382298689772868,
      "median": 0.01185205024,
      "user": 0.00816602,
      "system": 0.00946558,
      "min": 0.01139502874,
      "max": 0.01308849074,
      "times": [
        0.01164888874,
        0.01195105274,
        0.01139502874,
        0.01178283074,
        0.01221623074,
        0.01189006674,
        0.01181237074,
        0.01181403374,
        0.01226465874,
        0.01308849074
      ],
      "exit_codes": [
        0,
        0,
        0,
        0,
        0,
        0,
        0,
        0,
        0,
        0
      ]
    },
    {
      "command": "deno",
      "mean": 0.05610587874000002,
      "stddev": 0.0006662641527382376,
      "median": 0.05594270624000001,
      "user": 0.03584492,
      "system": 0.02513328,
      "min": 0.05543763874,
      "max": 0.05786346474000001,
      "times": [
        0.05786346474000001,
        0.05600513774000001,
        0.05549283974000001,
        0.055746180740000005,
        0.05638918074000001,
        0.05543763874,
        0.055880274740000006,
        0.056180277740000006,
        0.055685169740000005,
        0.05637862274000001
      ],
      "exit_codes": [
        0,
        0,
        0,
        0,
        0,
        0,
        0,
        0,
        0,
        0
      ]
    }
  ]
}