{
  "results": [
    {
      "command": "npm",
      "mean": 0.57606028694,
      "stddev": 0.004041916985863822,
      "median": 0.5758291336400001,
      "user": 0.6394537,
      "system": 0.10267134,
      "min": 0.56920305814,
      "max": 0.58215247914,
      "times": [
        0.5733983541400001,
        0.57765242114,
        0.5702689361400001,
        0.58215247914,
        0.56920305814,
        0.58009780714,
        0.5757042481400001,
        0.5759540191400001,
        0.5804762961400001,
        0.57569525014
      ],
      "exit_codes": [
        0,
        0,
        0,
        0,
        0,
        0,
        0,
        0,
        0,
        0
      ]
    },
    {
      "command": "yarn",
      "mean": 0.32627639104000006,
      "stddev": 0.005767409923063021,
      "median": 0.32581776364000004,
      "user": 0.37200029999999995,
      "system": 0.06541084,
      "min": 0.31630553814000006,
      "max": 0.33480249014,
      "times": [
        0.31630553814000006,
        0.32501095614000003,
        0.33313143114000004,
        0.32515847614000004,
        0.32647705114000003,
        0.33218796214,
        0.33480249014,
        0.31767642014,
        0.32689658514000003,
        0.32511700014000006
      ],
      "exit_codes": [
        0,
        0,
        0,
        0,
        0,
        0,
        0,
        0,
        0,
        0
      ]
    },
    {
      "command": "berry",
      "mean": 1.1761517209399999,
      "stddev": 0.008197600314031451,
      "median": 1.17842782014,
      "user": 1.2394309,
      "system": 0.22263603999999998,
      "min": 1.1561261191399999,
      "max": 1.1853146751399999,
      "times": [
        1.16853993714,
        1.1561261191399999,
        1.1853146751399999,
        1.17486767414,
        1.18073943914,
        1.18414629114,
        1.17998490214,
        1.18091486014,
        1.17401257314,
        1.1768707381399999
      ],
      "exit_codes": [
        0,
        0,
        0,
        0,
        0,
        0,
        0,
        0,
        0,
        0
      ]
    },
    {
      "command": "zpm",
      "mean": 0.71251442004,
      "stddev": 0.006296229804075867,
      "median": 0.7126401366400001,
      "user": 0.42806359999999993,
      "system": 0.35981984,
      "min": 0.7033219041400001,
      "max": 0.72210021014,
      "times": [
        0.7171616551400001,
        0.7189223811400001,
        0.7160393191400001,
        0.7181389251400001,
        0.7055091831400001,
        0.7092409541400001,
        0.7033219041400001,
        0.72210021014,
        0.70697729614,
        0.7077323721400001
      ],
      "exit_codes": [
        0,
        0,
        0,
        0,
        0,
        0,
        0,
        0,
        0,
        0
      ]
    },
    {
      "command": "pnpm",
      "mean": 0.8084581423399999,
      "stddev": 0.018951399330015703,
      "median": 0.8089245221400001,
      "user": 0.8094992,
      "system": 0.13288983999999998,
      "min": 0.77884830114,
      "max": 0.8409989041400001,
      "times": [
        0.79039526814,
        0.8220117211400001,
        0.8409989041400001,
        0.7859654501400001,
        0.82089454514,
        0.7998283471400001,
        0.77884830114,
        0.8277898421400001,
        0.80463871714,
        0.8132103271400001
      ],
      "exit_codes": [
        0,
        0,
        0,
        0,
        0,
        0,
        0,
        0,
        0,
        0
      ]
    },
    {
      "command": "vlt",
      "mean": 0.4705057505400001,
      "stddev": 0.012439997338119495,
      "median": 0.46687904514000006,
      "user": 0.5042771,
      "system": 0.12828683999999999,
      "min": 0.46197506114000003,
      "max": 0.50624784014,
      "times": [
        0.46849407114,
        0.46466345814000004,
        0.46983601514000006,
        0.46214118714,
        0.46721303914000006,
        0.46654505114000006,
        0.46197506114000003,
        0.46361219114,
        0.47432959114000006,
        0.50624784014
      ],
      "exit_codes": [
        0,
        0,
        0,
        0,
        0,
        0,
        0,
        0,
        0,
        0
      ]
    },
    {
      "command": "bun",
      "mean": 0.012133145039999998,
      "stddev": 0.0005333965215487349,
      "median": 0.01187813514,
      "user": 0.0085607,
      "system": 0.009379039999999998,
      "min": 0.01159313614,
      "max": 0.01301661714,
      "times": [
        0.01191984714,
        0.01166052914,
        0.01282165214,
        0.01301661714,
        0.01159313614,
        0.01165305114,
        0.01284937314,
        0.01227131914,
        0.011709502140000001,
        0.01183642314
      ],
      "exit_codes": [
        0,
        0,
        0,
        0,
        0,
        0,
        0,
        0,
        0,
        0
      ]
    },
    {
      "command": "deno",
      "mean": 0.17716466834,
      "stddev": 0.0028195684283505457,
      "median": 0.17751310214,
      "user": 0.14205589999999998,
      "system": 0.05429904,
      "min": 0.17309439514,
      "max": 0.18289155914,
      "times": [
        0.17309439514,
        0.17351820914,
        0.17783900614,
        0.17772954414,
        0.17729666014,
        0.17877214014,
        0.17574000014,
        0.17976362814,
        0.17500154114,
        0.18289155914
      ],
      "exit_codes": [
        0,
        0,
        0,
        0,
        0,
        0,
        0,
        0,
        0,
        0
      ]
    }
  ]
}