{
  "results": [
    {
      "command": "npm",
      "mean": 0.9500069701799999,
      "stddev": 0.007822656768294061,
      "median": 0.94706094368,
      "user": 1.0655287799999997,
      "system": 0.19390723999999998,
      "min": 0.9419861861800001,
      "max": 0.96965100118,
      "times": [
        0.9419861861800001,
        0.94743928718,
        0.9449497471800001,
        0.9574581861800001,
        0.94645574318,
        0.94672049418,
        0.9535763471800001,
        0.96965100118,
        0.94740139318,
        0.9444313161800001
      ],
      "exit_codes": [
        0,
        0,
        0,
        0,
        0,
        0,
        0,
        0,
        0,
        0
      ]
    },
    {
      "command": "yarn",
      "mean": 9.258137156179998,
      "stddev": 0.2504259817641257,
      "median": 9.17714710218,
      "user": 3.86187818,
      "system": 1.43011104,
      "min": 8.94560376218,
      "max": 9.76946353618,
      "times": [
        9.16046724318,
        9.16426649418,
        8.94560376218,
        9.31418836018,
        9.76946353618,
        9.190027710179999,
        8.963519541179998,
        9.135971975179999,
        9.30881302718,
        9.62904991218
      ],
      "exit_codes": [
        0,
        0,
        0,
        0,
        0,
        0,
        0,
        0,
        0,
        0
      ]
    },
    {
      "command": "berry",
      "mean": 2.26209756728,
      "stddev": 0.11080831451374826,
      "median": 2.20600033568,
      "user": 2.4520352799999996,
      "system": 0.39203833999999993,
      "min": 2.1864035571800002,
      "max": 2.54692733218,
      "times": [
        2.54692733218,
        2.1864035571800002,
        2.32399429618,
        2.1903111761800003,
        2.35738719918,
        2.19203456518,
        2.2034530671800003,
        2.21907023818,
        2.19284663718,
        2.20854760418
      ],
      "exit_codes": [
        0,
        0,
        0,
        0,
        0,
        0,
        0,
        0,
        0,
        0
      ]
    },
    {
      "command": "pnpm",
      "mean": 1.3281098679799999,
      "stddev": 0.023178291170740387,
      "median": 1.33527577718,
      "user": 1.6305376799999998,
      "system": 0.28924823999999993,
      "min": 1.2842451851799999,
      "max": 1.3529959461799999,
      "times": [
        1.31658904418,
        1.34615837818,
        1.3529959461799999,
        1.3504939221799999,
        1.33572616818,
        1.34157887018,
        1.2842451851799999,
        1.3301346891799999,
        1.33482538618,
        1.28835109018
      ],
      "exit_codes": [
        0,
        0,
        0,
        0,
        0,
        0,
        0,
        0,
        0,
        0
      ]
    },
    {
      "command": "vlt",
      "mean": 0.3277372451800001,
      "stddev": 0.004727152231273068,
      "median": 0.32792623518,
      "user": 0.34722568,
      "system": 0.07594384000000001,
      "min": 0.32156311218000005,
      "max": 0.33630213918,
      "times": [
        0.32167817618000005,
        0.33630213918,
        0.32195112718,
        0.33359526918000004,
        0.32853423718,
        0.33032167018,
        0.32775019518000004,
        0.32810227518,
        0.32757425018,
        0.32156311218000005
      ],
      "exit_codes": [
        0,
        0,
        0,
        0,
        0,
        0,
        0,
        0,
        0,
        0
      ]
    },
    {
      "command": "bun",
      "mean": 0.03984236438,
      "stddev": 0.0004316160656872743,
      "median": 0.03983630018,
      "user": 0.00879288,
      "system": 0.03648604,
      "min": 0.03912377818,
      "max": 0.04054865618,
      "times": [
        0.03927611918,
        0.03993346718,
        0.03989783518,
        0.04054865618,
        0.03955229018,
        0.03977476518,
        0.03974859418,
        0.03912377818,
        0.04016577318,
        0.040402365180000004
      ],
      "exit_codes": [
        0,
        0,
        0,
        0,
        0,
        0,
        0,
        0,
        0,
        0
      ]
    },
    {
      "command": "deno",
      "mean": 0.7908824175800001,
      "stddev": 0.013580385324924341,
      "median": 0.7903170721800001,
      "user": 0.97328198,
      "system": 0.28019794,
      "min": 0.7694756101800001,
      "max": 0.81292965118,
      "times": [
        0.78508042018,
        0.7989859771800001,
        0.7694756101800001,
        0.7701701191800001,
        0.7883197281800001,
        0.81292965118,
        0.79598482018,
        0.80877611118,
        0.78678732218,
        0.7923144161800001
      ],
      "exit_codes": [
        0,
        0,
        0,
        0,
        0,
        0,
        0,
        0,
        0,
        0
      ]
    }
  ]
}