{
  "results": [
    {
      "command": "npm",
      "mean": 0.64247033562,
      "stddev": 0.0054325921377169385,
      "median": 0.64095533662,
      "user": 0.7284880399999999,
      "system": 0.11547314000000002,
      "min": 0.6341761396200001,
      "max": 0.6545510276200001,
      "times": [
        0.6341761396200001,
        0.6391133896200001,
        0.6545510276200001,
        0.6494912766200001,
        0.6427090906200001,
        0.6411517976200001,
        0.6431833976200001,
        0.6407588756200001,
        0.6394951206200001,
        0.64007324062
      ],
      "exit_codes": [
        0,
        0,
        0,
        0,
        0,
        0,
        0,
        0,
        0,
        0
      ]
    },
    {
      "command": "yarn",
      "mean": 7.276226266819999,
      "stddev": 0.3253450983160401,
      "median": 7.23547975862,
      "user": 4.0968170399999995,
      "system": 1.53199674,
      "min": 6.6253117046200005,
      "max": 7.76448258862,
      "times": [
        6.99698962362,
        6.6253117046200005,
        7.51032516962,
        7.27162480662,
        7.1993347106200005,
        7.76448258862,
        7.03376534362,
        7.59547382462,
        7.57537186662,
        7.1895830296200005
      ],
      "exit_codes": [
        0,
        0,
        0,
        0,
        0,
        0,
        0,
        0,
        0,
        0
      ]
    },
    {
      "command": "berry",
      "mean": 2.38120307602,
      "stddev": 0.06974300043959376,
      "median": 2.40031329312,
      "user": 2.5352817399999994,
      "system": 0.40991324,
      "min": 2.2573863056200003,
      "max": 2.46732786862,
      "times": [
        2.3602657856200002,
        2.43013276762,
        2.4585748186200003,
        2.46732786862,
        2.4019568656200003,
        2.4375076696200004,
        2.30274470762,
        2.29746425062,
        2.2573863056200003,
        2.39866972062
      ],
      "exit_codes": [
        0,
        0,
        0,
        0,
        0,
        0,
        0,
        0,
        0,
        0
      ]
    },
    {
      "command": "pnpm",
      "mean": 1.34192760532,
      "stddev": 0.07224398082124064,
      "median": 1.3210540796199999,
      "user": 1.7726679399999998,
      "system": 0.32965293999999995,
      "min": 1.2689432836199999,
      "max": 1.50954011562,
      "times": [
        1.36710681362,
        1.29869503462,
        1.29392673562,
        1.3434131246199998,
        1.2689432836199999,
        1.4236856786199998,
        1.50954011562,
        1.34984119962,
        1.27720693362,
        1.28691713362
      ],
      "exit_codes": [
        0,
        0,
        0,
        0,
        0,
        0,
        0,
        0,
        0,
        0
      ]
    },
    {
      "command": "vlt",
      "mean": 0.31911921892,
      "stddev": 0.006450362409389801,
      "median": 0.31768040662,
      "user": 0.34434224,
      "system": 0.07190614,
      "min": 0.31434536562000004,
      "max": 0.33750737062,
      "times": [
        0.31434536562000004,
        0.31816262062,
        0.31461422762,
        0.31858076662,
        0.31502640062000004,
        0.31719819262000004,
        0.31856207062,
        0.32108373662,
        0.33750737062,
        0.31611143762
      ],
      "exit_codes": [
        0,
        0,
        0,
        0,
        0,
        0,
        0,
        0,
        0,
        0
      ]
    },
    {
      "command": "bun",
      "mean": 0.03939326942,
      "stddev": 0.0006620901348205995,
      "median": 0.039163880119999994,
      "user": 0.007959739999999998,
      "system": 0.03689854,
      "min": 0.03854504862,
      "max": 0.04031579562,
      "times": [
        0.03854504862,
        0.03935287562,
        0.03859172962,
        0.03893779862,
        0.03897488462,
        0.04006053962,
        0.04015606162,
        0.04010604362,
        0.04031579562,
        0.03889191662
      ],
      "exit_codes": [
        0,
        0,
        0,
        0,
        0,
        0,
        0,
        0,
        0,
        0
      ]
    },
    {
      "command": "deno",
      "mean": 0.65026346662,
      "stddev": 0.019995648102617468,
      "median": 0.6436870281200001,
      "user": 0.93338404,
      "system": 0.31769164,
      "min": 0.6342503306200001,
      "max": 0.7080506536200001,
      "times": [
        0.6342503306200001,
        0.64778069662,
        0.6554593166200001,
        0.6424670936200001,
        0.7080506536200001,
        0.6449069626200001,
        0.6393410196200001,
        0.6472310526200001,
        0.6411698396200001,
        0.6419777006200001
      ],
      "exit_codes": [
        0,
        0,
        0,
        0,
        0,
        0,
        0,
        0,
        0,
        0
      ]
    }
  ]
}