{
  "results": [
    {
      "command": "npm",
      "mean": 4.12846717842,
      "stddev": 0.012993656264600719,
      "median": 4.1294546060199995,
      "user": 4.33961814,
      "system": 2.3918863200000002,
      "min": 4.10958965752,
      "max": 4.15229439952,
      "times": [
        4.10958965752,
        4.12668743152,
        4.10961809152,
        4.13267317252,
        4.13222178052,
        4.15229439952,
        4.13857903452,
        4.11875064652,
        4.12345308852,
        4.14080448152
      ],
      "exit_codes": [
        0,
        0,
        0,
        0,
        0,
        0,
        0,
        0,
        0,
        0
      ]
    },
    {
      "command": "yarn",
      "mean": 10.13105709092,
      "stddev": 0.061041508305291425,
      "median": 10.12867515002,
      "user": 14.233203739999999,
      "system": 7.378301019999999,
      "min": 10.04893978752,
      "max": 10.23478458752,
      "times": [
        10.17913099452,
        10.16973930052,
        10.15220677152,
        10.10514352852,
        10.23478458752,
        10.07652965052,
        10.05525270552,
        10.04893978752,
        10.09077945752,
        10.19806412552
      ],
      "exit_codes": [
        0,
        0,
        0,
        0,
        0,
        0,
        0,
        0,
        0,
        0
      ]
    },
    {
      "command": "berry",
      "mean": 3.4003828241200003,
      "stddev": 0.037841003863321086,
      "median": 3.4025485610199997,
      "user": 5.99350284,
      "system": 2.0501367200000002,
      "min": 3.33942900652,
      "max": 3.45505735952,
      "times": [
        3.43853499452,
        3.33942900652,
        3.43321758052,
        3.35071252052,
        3.40016708852,
        3.4040276285199997,
        3.42556741052,
        3.40106949352,
        3.3560451585199997,
        3.45505735952
      ],
      "exit_codes": [
        0,
        0,
        0,
        0,
        0,
        0,
        0,
        0,
        0,
        0
      ]
    },
    {
      "command": "zpm",
      "mean": 9.959536372120002,
      "stddev": 0.059768156632840484,
      "median": 9.962563290519999,
      "user": 13.74218154,
      "system": 7.420258420000001,
      "min": 9.85882717652,
      "max": 10.03227411852,
      "times": [
        9.98479742052,
        9.94032916052,
        10.01858887452,
        9.85882717652,
        10.03152251352,
        9.89638824052,
        10.00230897652,
        9.93587471652,
        9.89445252352,
        10.03227411852
      ],
      "exit_codes": [
        0,
        0,
        0,
        0,
        0,
        0,
        0,
        0,
        0,
        0
      ]
    },
    {
      "command": "pnpm",
      "mean": 1.97141656722,
      "stddev": 0.04126741186427638,
      "median": 1.95906490652,
      "user": 3.2307716400000004,
      "system": 1.3420522199999998,
      "min": 1.9365217775199999,
      "max": 2.08551995552,
      "times": [
        1.94673739652,
        1.95974084652,
        1.93721819852,
        2.08551995552,
        1.9365217775199999,
        1.98912336752,
        1.95209884352,
        1.97573632552,
        1.95838896652,
        1.97307999452
      ],
      "exit_codes": [
        0,
        0,
        0,
        0,
        0,
        0,
        0,
        0,
        0,
        0
      ]
    },
    {
      "command": "vlt",
      "mean": 2.21679482452,
      "stddev": 0.020102796603179304,
      "median": 2.21682871502,
      "user": 2.8224686400000003,
      "system": 1.48345112,
      "min": 2.17093823052,
      "max": 2.25048659952,
      "times": [
        2.23290854052,
        2.2096028525199998,
        2.21700607152,
        2.20112523252,
        2.25048659952,
        2.17093823052,
        2.22335254852,
        2.21665135852,
        2.23093192952,
        2.21494488152
      ],
      "exit_codes": [
        0,
        0,
        0,
        0,
        0,
        0,
        0,
        0,
        0,
        0
      ]
    },
    {
      "command": "bun",
      "mean": 0.59136684062,
      "stddev": 0.5195043888768583,
      "median": 0.41748667102000003,
      "user": 0.47360644,
      "system": 0.82981152,
      "min": 0.40224560652,
      "max": 2.14969292552,
      "times": [
        0.42402557852,
        0.41477348652,
        0.43469002752,
        0.41438511052000004,
        0.41547663452000005,
        0.42439201452,
        0.40224560652,
        0.41449031452,
        0.41949670752,
        2.14969292552
      ],
      "exit_codes": [
        0,
        0,
        0,
        0,
        0,
        0,
        0,
        0,
        0,
        0
      ]
    },
    {
      "command": "deno",
      "mean": 3.0244351730200005,
      "stddev": 0.24186773063433167,
      "median": 3.0275294535199997,
      "user": 1.65322374,
      "system": 1.2647472199999998,
      "min": 2.61440628552,
      "max": 3.5030407325199997,
      "times": [
        2.70208080552,
        3.5030407325199997,
        2.98954893852,
        3.03991776852,
        3.30457019052,
        3.02738563652,
        2.9739166685200003,
        3.02767327052,
        3.06181143352,
        2.61440628552
      ],
      "exit_codes": [
        0,
        0,
        0,
        0,
        0,
        0,
        0,
        0,
        0,
        0
      ]
    }
  ]
}