{
  "results": [
    {
      "command": "npm",
      "mean": 2.05651076284,
      "stddev": 0.014738823302255363,
      "median": 2.06207432594,
      "user": 2.1101407599999997,
      "system": 0.7819848,
      "min": 2.03192389994,
      "max": 2.07965524394,
      "times": [
        2.03192389994,
        2.06366663694,
        2.06441906394,
        2.06948155494,
        2.07965524394,
        2.06747619094,
        2.0382904699399997,
        2.04256341294,
        2.0471491399399997,
        2.06048201494
      ],
      "exit_codes": [
        0,
        0,
        0,
        0,
        0,
        0,
        0,
        0,
        0,
        0
      ]
    },
    {
      "command": "yarn",
      "mean": 2.81514348174,
      "stddev": 0.33112951735536417,
      "median": 2.7180840004399998,
      "user": 1.13809866,
      "system": 0.6402976,
      "min": 2.48496640294,
      "max": 3.7194684149399997,
      "times": [
        2.79102310694,
        2.7190489799399997,
        2.48496640294,
        2.71711902094,
        2.5956348399399998,
        2.8879289509399997,
        2.96958256694,
        3.7194684149399997,
        2.5751170869399997,
        2.6915454469399998
      ],
      "exit_codes": [
        0,
        0,
        0,
        0,
        0,
        0,
        0,
        0,
        0,
        0
      ]
    },
    {
      "command": "berry",
      "mean": 1.71415176434,
      "stddev": 0.034856262259094536,
      "median": 1.7162087754400002,
      "user": 1.69138546,
      "system": 0.46132760000000006,
      "min": 1.66185708294,
      "max": 1.7842608939400002,
      "times": [
        1.73143012594,
        1.66634105594,
        1.69310358394,
        1.66185708294,
        1.72999317094,
        1.7372899479400001,
        1.70242437994,
        1.73364234494,
        1.7842608939400002,
        1.7011750569400002
      ],
      "exit_codes": [
        0,
        0,
        0,
        0,
        0,
        0,
        0,
        0,
        0,
        0
      ]
    },
    {
      "command": "pnpm",
      "mean": 1.39052514564,
      "stddev": 0.015047704090249397,
      "median": 1.38642851044,
      "user": 1.61869036,
      "system": 0.3981567999999999,
      "min": 1.37475450194,
      "max": 1.42754512194,
      "times": [
        1.37475450194,
        1.37964323694,
        1.37912241994,
        1.38495573594,
        1.42754512194,
        1.40152221894,
        1.37760096094,
        1.39817738694,
        1.38790128494,
        1.39402858794
      ],
      "exit_codes": [
        0,
        0,
        0,
        0,
        0,
        0,
        0,
        0,
        0,
        0
      ]
    },
    {
      "command": "vlt",
      "mean": 0.5966955458400001,
      "stddev": 0.005099165329734152,
      "median": 0.59632319844,
      "user": 0.62704316,
      "system": 0.3477892000000001,
      "min": 0.58811255594,
      "max": 0.60453410994,
      "times": [
        0.59509112994,
        0.59303230594,
        0.6030510709400001,
        0.60453410994,
        0.59755526694,
        0.59304659394,
        0.5999490899400001,
        0.60095815094,
        0.58811255594,
        0.5916251839400001
      ],
      "exit_codes": [
        0,
        0,
        0,
        0,
        0,
        0,
        0,
        0,
        0,
        0
      ]
    },
    {
      "command": "bun",
      "mean": 0.036581773740000004,
      "stddev": 0.0004293024357868931,
      "median": 0.03645364894,
      "user": 0.0067091600000000005,
      "system": 0.0352079,
      "min": 0.036153173940000005,
      "max": 0.03767676494,
      "times": [
        0.036269906940000006,
        0.036350193940000004,
        0.036153173940000005,
        0.03647376194,
        0.03767676494,
        0.036433535940000004,
        0.03617024994,
        0.036692921940000005,
        0.03679500194,
        0.03680222594
      ],
      "exit_codes": [
        0,
        0,
        0,
        0,
        0,
        0,
        0,
        0,
        0,
        0
      ]
    },
    {
      "command": "deno",
      "mean": 0.24064729874000004,
      "stddev": 0.0019480746484719133,
      "median": 0.24068335294000004,
      "user": 0.26759296000000005,
      "system": 0.16410669999999997,
      "min": 0.23705215194,
      "max": 0.24302902494000003,
      "times": [
        0.23998862194000004,
        0.24137808394000002,
        0.24162962094,
        0.23983366894000002,
        0.23813521194000004,
        0.24269448994000004,
        0.24298200794000002,
        0.23975010494000001,
        0.23705215194,
        0.24302902494000003
      ],
      "exit_codes": [
        0,
        0,
        0,
        0,
        0,
        0,
        0,
        0,
        0,
        0
      ]
    }
  ]
}