{
  "results": [
    {
      "command": "npm",
      "mean": 0.57949282052,
      "stddev": 0.006803370461758225,
      "median": 0.57757609822,
      "user": 0.6209794200000001,
      "system": 0.14533419999999997,
      "min": 0.57255298472,
      "max": 0.5966212297200001,
      "times": [
        0.57255298472,
        0.58302146972,
        0.58239197172,
        0.5966212297200001,
        0.5789294247200001,
        0.5821048687200001,
        0.5729415437200001,
        0.57622277172,
        0.5745231777200001,
        0.57561876272
      ],
      "exit_codes": [
        0,
        0,
        0,
        0,
        0,
        0,
        0,
        0,
        0,
        0
      ]
    },
    {
      "command": "yarn",
      "mean": 2.3365147199200003,
      "stddev": 0.19036570767273914,
      "median": 2.31204054122,
      "user": 1.02407332,
      "system": 0.34526659999999987,
      "min": 2.08207236372,
      "max": 2.78060362972,
      "times": [
        2.18724655372,
        2.08207236372,
        2.34943998572,
        2.55966774572,
        2.19587145472,
        2.33052034072,
        2.78060362972,
        2.29421730672,
        2.2556440427199997,
        2.32986377572
      ],
      "exit_codes": [
        0,
        0,
        0,
        0,
        0,
        0,
        0,
        0,
        0,
        0
      ]
    },
    {
      "command": "berry",
      "mean": 1.10616420912,
      "stddev": 0.028390277379288884,
      "median": 1.10848762722,
      "user": 1.10516162,
      "system": 0.19221519999999997,
      "min": 1.0583241587199999,
      "max": 1.15697780772,
      "times": [
        1.11711075572,
        1.07048648672,
        1.0583241587199999,
        1.09100940872,
        1.13236847872,
        1.10127002872,
        1.08986905872,
        1.12852068172,
        1.11570522572,
        1.15697780772
      ],
      "exit_codes": [
        0,
        0,
        0,
        0,
        0,
        0,
        0,
        0,
        0,
        0
      ]
    },
    {
      "command": "pnpm",
      "mean": 0.73843502842,
      "stddev": 0.012744614226885389,
      "median": 0.7372000057200001,
      "user": 0.9899383199999999,
      "system": 0.1724655,
      "min": 0.71452996172,
      "max": 0.75899211172,
      "times": [
        0.75899211172,
        0.7361715727200001,
        0.7540162877200001,
        0.7487118127200001,
        0.71452996172,
        0.74389007772,
        0.7267676877200001,
        0.7342747837200001,
        0.7382284387200001,
        0.7287675497200001
      ],
      "exit_codes": [
        0,
        0,
        0,
        0,
        0,
        0,
        0,
        0,
        0,
        0
      ]
    },
    {
      "command": "vlt",
      "mean": 0.27373203711999994,
      "stddev": 0.001549234685103275,
      "median": 0.27328592322,
      "user": 0.27492312,
      "system": 0.05281860000000001,
      "min": 0.27157520172,
      "max": 0.27661605272,
      "times": [
        0.27661605272,
        0.27488290072,
        0.27526509072,
        0.27157520172,
        0.27246504872,
        0.27309815472,
        0.27347369171999997,
        0.27274555872,
        0.27213733572,
        0.27506133571999997
      ],
      "exit_codes": [
        0,
        0,
        0,
        0,
        0,
        0,
        0,
        0,
        0,
        0
      ]
    },
    {
      "command": "bun",
      "mean": 0.01082835142,
      "stddev": 0.00022087643283250023,
      "median": 0.01086431672,
      "user": 0.00569902,
      "system": 0.0104216,
      "min": 0.01038626072,
      "max": 0.01115222672,
      "times": [
        0.01056142772,
        0.01084505572,
        0.01112321372,
        0.01071988272,
        0.01038626072,
        0.01092375272,
        0.01079587472,
        0.01088357772,
        0.01089224172,
        0.01115222672
      ],
      "exit_codes": [
        0,
        0,
        0,
        0,
        0,
        0,
        0,
        0,
        0,
        0
      ]
    },
    {
      "command": "deno",
      "mean": 0.17843401092000002,
      "stddev": 0.00468861530030212,
      "median": 0.17688524472,
      "user": 0.23427601999999997,
      "system": 0.09798939999999999,
      "min": 0.17284149272000002,
      "max": 0.18636055472000002,
      "times": [
        0.17669774472000002,
        0.17865856672000002,
        0.17707274472,
        0.17336052972000002,
        0.18294700272,
        0.17284149272000002,
        0.17666965372000001,
        0.18636055472000002,
        0.18567477172000002,
        0.17405704772000002
      ],
      "exit_codes": [
        0,
        0,
        0,
        0,
        0,
        0,
        0,
        0,
        0,
        0
      ]
    }
  ]
}