{
  "results": [
    {
      "command": "npm",
      "mean": 8.383845604700001,
      "stddev": 0.06987918722707731,
      "median": 8.364104235900001,
      "user": 9.173534839999999,
      "system": 4.156034780000001,
      "min": 8.2868749844,
      "max": 8.5460781284,
      "times": [
        8.362842971400001,
        8.3634575314,
        8.2868749844,
        8.318400907400001,
        8.4482890274,
        8.4290304464,
        8.3491004184,
        8.3647509404,
        8.3696306914,
        8.5460781284
      ],
      "exit_codes": [
        0,
        0,
        0,
        0,
        0,
        0,
        0,
        0,
        0,
        0
      ]
    },
    {
      "command": "yarn",
      "mean": 20.215065358400004,
      "stddev": 0.5975808835143999,
      "median": 20.0175412614,
      "user": 26.17003464,
      "system": 14.96825068,
      "min": 19.5359240884,
      "max": 21.4796555314,
      "times": [
        19.7862750614,
        21.0761189054,
        20.2728817144,
        20.0681978164,
        20.4673509654,
        19.5359240884,
        21.4796555314,
        19.7574294394,
        19.966884706400002,
        19.7399353554
      ],
      "exit_codes": [
        0,
        0,
        0,
        0,
        0,
        0,
        0,
        0,
        0,
        0
      ]
    },
    {
      "command": "berry",
      "mean": 7.940176625000001,
      "stddev": 0.18097520568828854,
      "median": 7.943167240900001,
      "user": 12.140507539999998,
      "system": 5.08358928,
      "min": 7.6882968654,
      "max": 8.2429183244,
      "times": [
        7.8001923134,
        8.0771384704,
        7.8678663464000005,
        8.018468135400001,
        8.2429183244,
        8.1561558674,
        7.8109261844,
        7.7126091224,
        8.0271946204,
        7.6882968654
      ],
      "exit_codes": [
        0,
        0,
        0,
        0,
        0,
        0,
        0,
        0,
        0,
        0
      ]
    },
    {
      "command": "pnpm",
      "mean": 4.0742530978,
      "stddev": 0.11136352827298357,
      "median": 4.0686203714,
      "user": 7.173785939999999,
      "system": 3.07254398,
      "min": 3.9486324934000003,
      "max": 4.3626244234,
      "times": [
        4.1332806944,
        4.003197789400001,
        4.1023764894,
        3.9486324934000003,
        4.0050054024,
        4.0672137284000005,
        3.9700483604000003,
        4.0801245824,
        4.0700270144,
        4.3626244234
      ],
      "exit_codes": [
        0,
        0,
        0,
        0,
        0,
        0,
        0,
        0,
        0,
        0
      ]
    },
    {
      "command": "vlt",
      "mean": 10.625281399299999,
      "stddev": 0.19928391646964752,
      "median": 10.639891649900001,
      "user": 12.804160139999999,
      "system": 5.730332580000001,
      "min": 10.2378352594,
      "max": 10.8895316644,
      "times": [
        10.6197984024,
        10.8350542554,
        10.5172060654,
        10.850932266400001,
        10.8895316644,
        10.3660937764,
        10.6685944594,
        10.659984897400001,
        10.2378352594,
        10.6077829464
      ],
      "exit_codes": [
        0,
        0,
        0,
        0,
        0,
        0,
        0,
        0,
        0,
        0
      ]
    },
    {
      "command": "bun",
      "mean": 2.1049515863000003,
      "stddev": 0.17927487820856045,
      "median": 2.0357300039000004,
      "user": 2.0693149399999995,
      "system": 2.49512218,
      "min": 1.9163580144,
      "max": 2.4995937044000005,
      "times": [
        1.9898690104,
        2.0418793564000004,
        2.4995937044000005,
        2.0295806514000003,
        2.0141155744000003,
        2.3791533874,
        2.0732073924,
        1.9598378124,
        1.9163580144,
        2.1459209594
      ],
      "exit_codes": [
        0,
        0,
        0,
        0,
        0,
        0,
        0,
        0,
        0,
        0
      ]
    },
    {
      "command": "deno",
      "mean": 5.635554944499999,
      "stddev": 0.5536036062327719,
      "median": 5.3780461574,
      "user": 3.7493059399999993,
      "system": 2.2597829799999998,
      "min": 5.131299712400001,
      "max": 6.6655856524,
      "times": [
        5.2573406524,
        5.4420726914,
        5.2689260904,
        5.8824383804,
        5.131299712400001,
        5.1329863084000005,
        5.3140196234,
        6.644200999400001,
        6.6655856524,
        5.616679334400001
      ],
      "exit_codes": [
        0,
        0,
        0,
        0,
        0,
        0,
        0,
        0,
        0,
        0
      ]
    }
  ]
}