{
  "results": [
    {
      "command": "npm",
      "mean": 0.5122988512200001,
      "stddev": 0.009139333718900763,
      "median": 0.51322631322,
      "user": 0.5686731400000001,
      "system": 0.09831515999999998,
      "min": 0.49911281272,
      "max": 0.53001734272,
      "times": [
        0.52387021672,
        0.51243214772,
        0.53001734272,
        0.5098227897200001,
        0.51402047872,
        0.51475271572,
        0.50330964572,
        0.51405389672,
        0.49911281272,
        0.50159646572
      ],
      "exit_codes": [
        0,
        0,
        0,
        0,
        0,
        0,
        0,
        0,
        0,
        0
      ]
    },
    {
      "command": "yarn",
      "mean": 0.30096231922000005,
      "stddev": 0.030487214993147525,
      "median": 0.29019190622,
      "user": 0.31942224,
      "system": 0.05856596000000001,
      "min": 0.28495044972000005,
      "max": 0.39156226172,
      "times": [
        0.29091274472000006,
        0.29446957072,
        0.28846800272000006,
        0.28495044972000005,
        0.28947106772000003,
        0.29563510572,
        0.29929152172,
        0.28662025272,
        0.39156226172,
        0.28824221472000006
      ],
      "exit_codes": [
        0,
        0,
        0,
        0,
        0,
        0,
        0,
        0,
        0,
        0
      ]
    },
    {
      "command": "berry",
      "mean": 0.72181045342,
      "stddev": 0.011278764462990485,
      "median": 0.7191518032200002,
      "user": 0.8333191399999998,
      "system": 0.13500025999999998,
      "min": 0.7130795777200001,
      "max": 0.7544321257200001,
      "times": [
        0.7130795777200001,
        0.7190626067200001,
        0.7220189247200001,
        0.7151689397200001,
        0.72276505172,
        0.7192409997200001,
        0.72036982772,
        0.71486561372,
        0.7171008667200001,
        0.7544321257200001
      ],
      "exit_codes": [
        0,
        0,
        0,
        0,
        0,
        0,
        0,
        0,
        0,
        0
      ]
    },
    {
      "command": "pnpm",
      "mean": 0.7317167573200002,
      "stddev": 0.05285321589933477,
      "median": 0.7166668462200001,
      "user": 0.7746057399999999,
      "system": 0.11976405999999999,
      "min": 0.6678402947200001,
      "max": 0.82809082172,
      "times": [
        0.8231676467200001,
        0.69071661772,
        0.7055064107200001,
        0.7259075997200001,
        0.82809082172,
        0.7604593207200001,
        0.6821451687200001,
        0.6678402947200001,
        0.7223668177200001,
        0.7109668747200001
      ],
      "exit_codes": [
        0,
        0,
        0,
        0,
        0,
        0,
        0,
        0,
        0,
        0
      ]
    },
    {
      "command": "vlt",
      "mean": 0.2962037137200001,
      "stddev": 0.004096578255704091,
      "median": 0.29535860672,
      "user": 0.31825274,
      "system": 0.06480166000000001,
      "min": 0.29117473472000005,
      "max": 0.30394522572000005,
      "times": [
        0.29117473472000005,
        0.30394522572000005,
        0.30103650972,
        0.29274050772000004,
        0.29984237672,
        0.29417027972000004,
        0.29389511072,
        0.29138473272000004,
        0.29654693372,
        0.29730072572000005
      ],
      "exit_codes": [
        0,
        0,
        0,
        0,
        0,
        0,
        0,
        0,
        0,
        0
      ]
    },
    {
      "command": "bun",
      "mean": 0.01036165822,
      "stddev": 0.00040517870230140466,
      "median": 0.01018476372,
      "user": 0.007785739999999999,
      "system": 0.008177559999999999,
      "min": 0.01002859872,
      "max": 0.011473883720000001,
      "times": [
        0.01013671272,
        0.01002859872,
        0.01057126972,
        0.01008777072,
        0.01016231972,
        0.010491122720000001,
        0.01029537672,
        0.011473883720000001,
        0.01016607772,
        0.01020344972
      ],
      "exit_codes": [
        0,
        0,
        0,
        0,
        0,
        0,
        0,
        0,
        0,
        0
      ]
    },
    {
      "command": "deno",
      "mean": 0.041824752019999994,
      "stddev": 0.0005394197450611263,
      "median": 0.04158683022,
      "user": 0.022621239999999994,
      "system": 0.022999259999999997,
      "min": 0.04096512472,
      "max": 0.042628381720000004,
      "times": [
        0.041456722720000005,
        0.04096512472,
        0.042566064720000005,
        0.04187083172,
        0.041515386720000005,
        0.042628381720000004,
        0.041519352720000006,
        0.04255199472000001,
        0.04152863972,
        0.04164502072
      ],
      "exit_codes": [
        0,
        0,
        0,
        0,
        0,
        0,
        0,
        0,
        0,
        0
      ]
    }
  ]
}