{
  "results": [
    {
      "command": "npm",
      "mean": 0.31539756784,
      "stddev": 0.003298400673068664,
      "median": 0.31482529833999995,
      "user": 0.32463348000000003,
      "system": 0.07263668,
      "min": 0.31056778784,
      "max": 0.32368999084,
      "times": [
        0.31751457884,
        0.31603549484,
        0.31056778784,
        0.31450120584,
        0.31442454084,
        0.31470848283999997,
        0.31525356684,
        0.32368999084,
        0.31494211384,
        0.31233791584
      ],
      "exit_codes": [
        0,
        0,
        0,
        0,
        0,
        0,
        0,
        0,
        0,
        0
      ]
    },
    {
      "command": "yarn",
      "mean": 0.22775644474,
      "stddev": 0.0016856243407290025,
      "median": 0.22759257534,
      "user": 0.20297677999999997,
      "system": 0.050196580000000005,
      "min": 0.22541204784000002,
      "max": 0.23130521884000002,
      "times": [
        0.22541204784000002,
        0.22760655184,
        0.22963902984,
        0.22769172984000002,
        0.22757859884,
        0.22641520284000002,
        0.23130521884000002,
        0.22604371284000002,
        0.22891696784,
        0.22695538684000002
      ],
      "exit_codes": [
        0,
        0,
        0,
        0,
        0,
        0,
        0,
        0,
        0,
        0
      ]
    },
    {
      "command": "berry",
      "mean": 1.88403534074,
      "stddev": 0.013216437613197594,
      "median": 1.88620063534,
      "user": 3.19884118,
      "system": 0.8501511799999999,
      "min": 1.8619907008399998,
      "max": 1.9011408998400001,
      "times": [
        1.8619907008399998,
        1.8831875818400001,
        1.88921368884,
        1.88967122284,
        1.89660165584,
        1.87158196884,
        1.9011408998400001,
        1.90079309484,
        1.86695055784,
        1.87922203584
      ],
      "exit_codes": [
        0,
        0,
        0,
        0,
        0,
        0,
        0,
        0,
        0,
        0
      ]
    },
    {
      "command": "pnpm",
      "mean": 0.57545598894,
      "stddev": 0.012608763293477359,
      "median": 0.5712033893400001,
      "user": 0.68648098,
      "system": 0.13278208,
      "min": 0.5629260638400001,
      "max": 0.60925452684,
      "times": [
        0.5734843848400001,
        0.5774488358400001,
        0.5678256558400001,
        0.5712081748400001,
        0.56622478084,
        0.5629260638400001,
        0.58437532284,
        0.5706135398400001,
        0.60925452684,
        0.5711986038400001
      ],
      "exit_codes": [
        0,
        0,
        0,
        0,
        0,
        0,
        0,
        0,
        0,
        0
      ]
    },
    {
      "command": "vlt",
      "mean": 0.24899062993999999,
      "stddev": 0.00309662262830265,
      "median": 0.24797933784,
      "user": 0.24707668,
      "system": 0.05411878,
      "min": 0.24401535184,
      "max": 0.25432306983999997,
      "times": [
        0.25128376984,
        0.24793879084,
        0.24647026684,
        0.25432306983999997,
        0.24401535184,
        0.24801988484,
        0.25338750384,
        0.24707997884000002,
        0.25040902684,
        0.24697865584
      ],
      "exit_codes": [
        0,
        0,
        0,
        0,
        0,
        0,
        0,
        0,
        0,
        0
      ]
    },
    {
      "command": "bun",
      "mean": 0.005747467140000001,
      "stddev": 0.0002136363292219047,
      "median": 0.00566193684,
      "user": 0.00348668,
      "system": 0.005600880000000001,
      "min": 0.0055374948400000006,
      "max": 0.006235119840000001,
      "times": [
        0.00556712484,
        0.00556715484,
        0.00566440684,
        0.0055929818400000005,
        0.00585794884,
        0.00598118284,
        0.006235119840000001,
        0.0055374948400000006,
        0.00565946684,
        0.00581178984
      ],
      "exit_codes": [
        0,
        0,
        0,
        0,
        0,
        0,
        0,
        0,
        0,
        0
      ]
    },
    {
      "command": "deno",
      "mean": 0.03595092124,
      "stddev": 0.000781508649498033,
      "median": 0.03591137584000001,
      "user": 0.021709379999999997,
      "system": 0.018034179999999993,
      "min": 0.03496440084000001,
      "max": 0.037307626840000004,
      "times": [
        0.035813643840000006,
        0.03523004884,
        0.03648653084,
        0.037307626840000004,
        0.035395301840000004,
        0.03496440084000001,
        0.036009107840000006,
        0.03610018084,
        0.03712313684,
        0.03507923384
      ],
      "exit_codes": [
        0,
        0,
        0,
        0,
        0,
        0,
        0,
        0,
        0,
        0
      ]
    }
  ]
}