{
  "results": [
    {
      "command": "npm",
      "mean": 1.08673246136,
      "stddev": 0.011138483518819282,
      "median": 1.08676458636,
      "user": 1.0994586800000001,
      "system": 0.58457672,
      "min": 1.0649002803599998,
      "max": 1.1027156163599998,
      "times": [
        1.08516441836,
        1.08854101836,
        1.1027156163599998,
        1.0649002803599998,
        1.08836475436,
        1.0738321443599999,
        1.08090723736,
        1.0850655413599999,
        1.09867968936,
        1.09915391336
      ],
      "exit_codes": [
        0,
        0,
        0,
        0,
        0,
        0,
        0,
        0,
        0,
        0
      ]
    },
    {
      "command": "yarn",
      "mean": 0.75688801426,
      "stddev": 0.009701664109469642,
      "median": 0.75861568936,
      "user": 0.7202336799999999,
      "system": 0.54928362,
      "min": 0.73633227536,
      "max": 0.7665417263600001,
      "times": [
        0.73633227536,
        0.7665417263600001,
        0.76448252736,
        0.7663022193600001,
        0.75541685636,
        0.7436219203600001,
        0.7554722583600001,
        0.76503931536,
        0.76175912036,
        0.75391192336
      ],
      "exit_codes": [
        0,
        0,
        0,
        0,
        0,
        0,
        0,
        0,
        0,
        0
      ]
    },
    {
      "command": "berry",
      "mean": 1.0797349301599999,
      "stddev": 0.019342736700904785,
      "median": 1.0770332098599997,
      "user": 1.24372808,
      "system": 0.41140472,
      "min": 1.04635594236,
      "max": 1.11273874236,
      "times": [
        1.0946267773599998,
        1.0782268173599998,
        1.0758396023599999,
        1.04635594236,
        1.0647814573599998,
        1.06439900336,
        1.0715753073599998,
        1.08130472836,
        1.11273874236,
        1.10750092336
      ],
      "exit_codes": [
        0,
        0,
        0,
        0,
        0,
        0,
        0,
        0,
        0,
        0
      ]
    },
    {
      "command": "pnpm",
      "mean": 0.74580336386,
      "stddev": 0.040649113048973264,
      "median": 0.7391265948600001,
      "user": 0.97944198,
      "system": 0.22096011999999998,
      "min": 0.69593123436,
      "max": 0.8441813653600001,
      "times": [
        0.7385817063600001,
        0.73616480736,
        0.7439596153600001,
        0.8441813653600001,
        0.78746664036,
        0.71550052736,
        0.7396714833600001,
        0.7495523313600001,
        0.7070239273600001,
        0.69593123436
      ],
      "exit_codes": [
        0,
        0,
        0,
        0,
        0,
        0,
        0,
        0,
        0,
        0
      ]
    },
    {
      "command": "vlt",
      "mean": 0.55882874956,
      "stddev": 0.0049483919891359284,
      "median": 0.55759849236,
      "user": 0.56160458,
      "system": 0.36175702,
      "min": 0.55171816036,
      "max": 0.56694701136,
      "times": [
        0.56248520136,
        0.56694701136,
        0.55717481036,
        0.55268437236,
        0.56063536436,
        0.55713156836,
        0.55524867936,
        0.56624015336,
        0.55171816036,
        0.55802217436
      ],
      "exit_codes": [
        0,
        0,
        0,
        0,
        0,
        0,
        0,
        0,
        0,
        0
      ]
    },
    {
      "command": "bun",
      "mean": 0.03219461596,
      "stddev": 0.000618128200878297,
      "median": 0.03207293736,
      "user": 0.006814579999999999,
      "system": 0.031024620000000003,
      "min": 0.031156618360000003,
      "max": 0.03372095036,
      "times": [
        0.03372095036,
        0.03231553636,
        0.03195257236,
        0.03257538136,
        0.03204893736,
        0.032053997359999996,
        0.03209187736,
        0.03221455436,
        0.03181573436,
        0.031156618360000003
      ],
      "exit_codes": [
        0,
        0,
        0,
        0,
        0,
        0,
        0,
        0,
        0,
        0
      ]
    },
    {
      "command": "deno",
      "mean": 0.19065808186000005,
      "stddev": 0.011072986477388278,
      "median": 0.19405416536000003,
      "user": 0.16537157999999996,
      "system": 0.13496481999999999,
      "min": 0.16416303536000001,
      "max": 0.20790851836000002,
      "times": [
        0.20790851836000002,
        0.19690929236000002,
        0.18479604636000002,
        0.19087489736000002,
        0.19619043536000003,
        0.16416303536000001,
        0.19294864636,
        0.19515968436000003,
        0.19552878036000002,
        0.18210148236
      ],
      "exit_codes": [
        0,
        0,
        0,
        0,
        0,
        0,
        0,
        0,
        0,
        0
      ]
    }
  ]
}