{
  "results": [
    {
      "command": "npm",
      "mean": 7.558415973900002,
      "stddev": 0.017219875314662347,
      "median": 7.5620862192,
      "user": 7.058963179999999,
      "system": 4.894932899999999,
      "min": 7.5278183077000005,
      "max": 7.5811373367,
      "times": [
        7.5800573327,
        7.5594752416999995,
        7.5631949337,
        7.5640651527,
        7.5811373367,
        7.5609775047,
        7.5278183077000005,
        7.5291019917,
        7.5669616547,
        7.5513702827
      ],
      "exit_codes": [
        0,
        0,
        0,
        0,
        0,
        0,
        0,
        0,
        0,
        0
      ]
    },
    {
      "command": "yarn",
      "mean": 3.9104092535,
      "stddev": 0.5092965288177036,
      "median": 3.7380111822,
      "user": 3.33924658,
      "system": 4.1696138,
      "min": 3.7013161807,
      "max": 5.4357639277,
      "times": [
        3.7150723417,
        3.7650695017,
        5.4357639277,
        3.8084701597,
        3.7396020177000002,
        3.7600115067,
        3.7262498997,
        3.7161166527000002,
        3.7364203467,
        3.7013161807
      ],
      "exit_codes": [
        0,
        0,
        0,
        0,
        0,
        0,
        0,
        0,
        0,
        0
      ]
    },
    {
      "command": "berry",
      "mean": 3.985181479799999,
      "stddev": 0.03542782013169307,
      "median": 3.9766654147,
      "user": 4.18748248,
      "system": 2.3341084,
      "min": 3.9422605867,
      "max": 4.0533250787,
      "times": [
        3.9627775997,
        3.9579558357,
        3.9717661407,
        4.0177637537,
        3.9422605867,
        3.9463587187,
        3.9875287157,
        4.0533250787,
        4.0305136797,
        3.9815646887
      ],
      "exit_codes": [
        0,
        0,
        0,
        0,
        0,
        0,
        0,
        0,
        0,
        0
      ]
    },
    {
      "command": "pnpm",
      "mean": 1.2894785379,
      "stddev": 0.026362848077745544,
      "median": 1.2870943716999999,
      "user": 1.9401692799999999,
      "system": 0.7647148,
      "min": 1.2498958947,
      "max": 1.3376895017,
      "times": [
        1.2880926777,
        1.3376895017,
        1.2592174427,
        1.2626316837,
        1.2860960657,
        1.3135036037,
        1.2805300867,
        1.3051538367,
        1.2498958947,
        1.3119745857
      ],
      "exit_codes": [
        0,
        0,
        0,
        0,
        0,
        0,
        0,
        0,
        0,
        0
      ]
    },
    {
      "command": "vlt",
      "mean": 2.859568835,
      "stddev": 0.023024402786554064,
      "median": 2.8555102952,
      "user": 2.6089380799999997,
      "system": 2.796677,
      "min": 2.8220422217000003,
      "max": 2.9084245597000002,
      "times": [
        2.9084245597000002,
        2.8734553147,
        2.8506341147,
        2.8459690197,
        2.8526265167,
        2.8625776377000003,
        2.8385686017,
        2.8220422217000003,
        2.8583940737,
        2.8829962897
      ],
      "exit_codes": [
        0,
        0,
        0,
        0,
        0,
        0,
        0,
        0,
        0,
        0
      ]
    },
    {
      "command": "bun",
      "mean": 0.2926328025,
      "stddev": 0.026556030813352248,
      "median": 0.2838434352,
      "user": 0.01894688,
      "system": 0.27110599999999996,
      "min": 0.2791838527,
      "max": 0.3716682257,
      "times": [
        0.2816780037,
        0.2815307187,
        0.28264134469999996,
        0.2797891747,
        0.2791838527,
        0.28504552569999997,
        0.2875761087,
        0.2878456317,
        0.2893694387,
        0.3716682257
      ],
      "exit_codes": [
        0,
        0,
        0,
        0,
        0,
        0,
        0,
        0,
        0,
        0
      ]
    },
    {
      "command": "deno",
      "mean": 0.48485136729999995,
      "stddev": 0.007994917964867898,
      "median": 0.48625088120000004,
      "user": 0.41310687999999995,
      "system": 0.6280395000000001,
      "min": 0.4682784817,
      "max": 0.4939144497,
      "times": [
        0.4682784817,
        0.4920552607,
        0.4864312947,
        0.4939132267,
        0.4939144497,
        0.4897333387,
        0.4817395907,
        0.4860704677,
        0.4748650427,
        0.48151251970000003
      ],
      "exit_codes": [
        0,
        0,
        0,
        0,
        0,
        0,
        0,
        0,
        0,
        0
      ]
    }
  ]
}