{
  "results": [
    {
      "command": "npm",
      "mean": 8.02559896286,
      "stddev": 0.0333296140351994,
      "median": 8.02512777386,
      "user": 7.40860768,
      "system": 5.152858579999999,
      "min": 7.96585517786,
      "max": 8.06505710186,
      "times": [
        8.05901858786,
        7.96585517786,
        8.00131606786,
        8.04277774286,
        7.9973694898600005,
        8.06178907986,
        7.999940731860001,
        8.00747780486,
        8.05538784386,
        8.06505710186
      ],
      "exit_codes": [
        0,
        0,
        0,
        0,
        0,
        0,
        0,
        0,
        0,
        0
      ]
    },
    {
      "command": "yarn",
      "mean": 4.07741533706,
      "stddev": 0.35896903541190883,
      "median": 3.96122262986,
      "user": 3.5296725799999997,
      "system": 4.4256842800000005,
      "min": 3.89358132786,
      "max": 5.14296030186,
      "times": [
        3.91099393786,
        3.96215354886,
        5.14296030186,
        4.08404279886,
        3.96029171086,
        3.90596991586,
        3.89358132786,
        3.97020512586,
        3.9997400998600003,
        3.9442146028600003
      ],
      "exit_codes": [
        0,
        0,
        0,
        0,
        0,
        0,
        0,
        0,
        0,
        0
      ]
    },
    {
      "command": "berry",
      "mean": 4.175169433959999,
      "stddev": 0.057737116246167244,
      "median": 4.17212950486,
      "user": 4.347265780000001,
      "system": 2.4197486800000005,
      "min": 4.08687984886,
      "max": 4.26783889486,
      "times": [
        4.14906740586,
        4.10563128486,
        4.08687984886,
        4.26329792786,
        4.14148816386,
        4.26783889486,
        4.14403086686,
        4.20196451886,
        4.19630382386,
        4.19519160386
      ],
      "exit_codes": [
        0,
        0,
        0,
        0,
        0,
        0,
        0,
        0,
        0,
        0
      ]
    },
    {
      "command": "pnpm",
      "mean": 1.3735526282600001,
      "stddev": 0.04556346192128675,
      "median": 1.37621124436,
      "user": 2.0233407799999994,
      "system": 0.7908238799999998,
      "min": 1.3168472258600001,
      "max": 1.47441619486,
      "times": [
        1.32566606786,
        1.3168472258600001,
        1.33002906686,
        1.40076670286,
        1.39333448886,
        1.34265254286,
        1.47441619486,
        1.39939150386,
        1.39062267586,
        1.3617998128600002
      ],
      "exit_codes": [
        0,
        0,
        0,
        0,
        0,
        0,
        0,
        0,
        0,
        0
      ]
    },
    {
      "command": "vlt",
      "mean": 2.9106149352600004,
      "stddev": 0.04112531889990597,
      "median": 2.90931645086,
      "user": 2.6341947799999996,
      "system": 2.7879766800000003,
      "min": 2.83212143786,
      "max": 2.96669379186,
      "times": [
        2.90002413786,
        2.96669379186,
        2.91860876386,
        2.89485666686,
        2.92260265786,
        2.8732487298600002,
        2.95987319586,
        2.95826144686,
        2.8798585238600003,
        2.83212143786
      ],
      "exit_codes": [
        0,
        0,
        0,
        0,
        0,
        0,
        0,
        0,
        0,
        0
      ]
    },
    {
      "command": "bun",
      "mean": 0.28203948216,
      "stddev": 0.012160156559066831,
      "median": 0.27822459736,
      "user": 0.017847180000000004,
      "system": 0.26864327999999993,
      "min": 0.27650106386,
      "max": 0.31839150586,
      "times": [
        0.27737511886,
        0.27671089386,
        0.27650106386,
        0.27739106086,
        0.27893670786,
        0.27751898186,
        0.27895383786,
        0.27893021285999997,
        0.31839150586,
        0.27968543786
      ],
      "exit_codes": [
        0,
        0,
        0,
        0,
        0,
        0,
        0,
        0,
        0,
        0
      ]
    },
    {
      "command": "deno",
      "mean": 0.54560501736,
      "stddev": 0.14925216989368537,
      "median": 0.49634578836,
      "user": 0.40969538000000005,
      "system": 0.6302834799999999,
      "min": 0.48680486786,
      "max": 0.9928992808600001,
      "times": [
        0.49900451486,
        0.49355404986,
        0.49172954886000003,
        0.49662607286,
        0.48680486786,
        0.49654027486,
        0.49615130186,
        0.51327819486,
        0.9928992808600001,
        0.48946206686
      ],
      "exit_codes": [
        0,
        0,
        0,
        0,
        0,
        0,
        0,
        0,
        0,
        0
      ]
    }
  ]
}