{
  "results": [
    {
      "command": "npm",
      "mean": 6.867752720899999,
      "stddev": 0.04134575689133836,
      "median": 6.8658280534,
      "user": 6.725560979999999,
      "system": 3.4523951999999993,
      "min": 6.810432704899999,
      "max": 6.965476306899999,
      "times": [
        6.965476306899999,
        6.8976180098999995,
        6.847043760899999,
        6.8716347029,
        6.810432704899999,
        6.8795129539,
        6.8346709309,
        6.860021403899999,
        6.8297369729,
        6.8813794619
      ],
      "exit_codes": [
        0,
        0,
        0,
        0,
        0,
        0,
        0,
        0,
        0,
        0
      ]
    },
    {
      "command": "yarn",
      "mean": 3.4640702092999995,
      "stddev": 0.10135195003678808,
      "median": 3.4342597649,
      "user": 3.10194578,
      "system": 2.8828547999999996,
      "min": 3.3186338759000003,
      "max": 3.6507358099,
      "times": [
        3.6034322209000003,
        3.5491375139000003,
        3.6507358099,
        3.4340584139000003,
        3.4209179829000003,
        3.3632019949000003,
        3.3865255739,
        3.4795975909,
        3.4344611159,
        3.3186338759000003
      ],
      "exit_codes": [
        0,
        0,
        0,
        0,
        0,
        0,
        0,
        0,
        0,
        0
      ]
    },
    {
      "command": "berry",
      "mean": 3.6871874083000002,
      "stddev": 0.02302086398284788,
      "median": 3.6913194709000003,
      "user": 4.010501979999999,
      "system": 1.6485162,
      "min": 3.6402341439000003,
      "max": 3.7250174609,
      "times": [
        3.6927567799000003,
        3.7250174609,
        3.6747131279,
        3.6982173949,
        3.7000505549000002,
        3.6880676989,
        3.7050963779,
        3.6898821619000004,
        3.6402341439000003,
        3.6578383819
      ],
      "exit_codes": [
        0,
        0,
        0,
        0,
        0,
        0,
        0,
        0,
        0,
        0
      ]
    },
    {
      "command": "zpm",
      "mean": 0.7707912807,
      "stddev": 0.00654805724363209,
      "median": 0.7700377179,
      "user": 0.29232978,
      "system": 0.5571396999999999,
      "min": 0.7588996689,
      "max": 0.7836059089,
      "times": [
        0.7640034419,
        0.7701229689,
        0.7684504479,
        0.7699524669000001,
        0.7783771489,
        0.7836059089,
        0.7731666349,
        0.7588996689,
        0.7725673679,
        0.7687667519
      ],
      "exit_codes": [
        0,
        0,
        0,
        0,
        0,
        0,
        0,
        0,
        0,
        0
      ]
    },
    {
      "command": "pnpm",
      "mean": 1.1980103339,
      "stddev": 0.13111004633636927,
      "median": 1.1316182384000002,
      "user": 1.88463498,
      "system": 0.47400200000000003,
      "min": 1.1216119919,
      "max": 1.5395757399,
      "times": [
        1.1229513789,
        1.1385419329000002,
        1.1227271559,
        1.1467559889,
        1.1246945439,
        1.1966079939,
        1.1236382499000002,
        1.5395757399,
        1.3429983629000002,
        1.1216119919
      ],
      "exit_codes": [
        0,
        0,
        0,
        0,
        0,
        0,
        0,
        0,
        0,
        0
      ]
    },
    {
      "command": "vlt",
      "mean": 2.4385166220000003,
      "stddev": 0.028076621715246775,
      "median": 2.4439496709000004,
      "user": 2.38798578,
      "system": 1.6095217000000002,
      "min": 2.3884721309,
      "max": 2.4799974919000003,
      "times": [
        2.4015531799,
        2.4248437899,
        2.4494683309000003,
        2.4718952009,
        2.4596797779000004,
        2.3884721309,
        2.4212107939000003,
        2.4799974919000003,
        2.4384310109,
        2.4496145129
      ],
      "exit_codes": [
        0,
        0,
        0,
        0,
        0,
        0,
        0,
        0,
        0,
        0
      ]
    },
    {
      "command": "bun",
      "mean": 0.13921209440000004,
      "stddev": 0.0008271651201317983,
      "median": 0.1390613504,
      "user": 0.014166079999999998,
      "system": 0.1304337,
      "min": 0.1381620909,
      "max": 0.1411337179,
      "times": [
        0.1381620909,
        0.1386401699,
        0.1395720729,
        0.1393725389,
        0.13846731790000003,
        0.1386524299,
        0.1389317539,
        0.13999790490000003,
        0.1391909469,
        0.1411337179
      ],
      "exit_codes": [
        0,
        0,
        0,
        0,
        0,
        0,
        0,
        0,
        0,
        0
      ]
    },
    {
      "command": "deno",
      "mean": 0.4231460659,
      "stddev": 0.10917367900010073,
      "median": 0.39107506140000003,
      "user": 0.37990808000000004,
      "system": 0.3811654,
      "min": 0.3602669379,
      "max": 0.7485995579,
      "times": [
        0.3962015409,
        0.3972054129,
        0.4029287079,
        0.3909012329,
        0.3863208759,
        0.3883199599,
        0.3912488899,
        0.3694675429,
        0.3602669379,
        0.7485995579
      ],
      "exit_codes": [
        0,
        0,
        0,
        0,
        0,
        0,
        0,
        0,
        0,
        0
      ]
    }
  ]
}