{
  "results": [
    {
      "command": "npm",
      "mean": 0.6462186026400001,
      "stddev": 0.005570160815832017,
      "median": 0.64425948934,
      "user": 0.7326785800000001,
      "system": 0.11959089999999997,
      "min": 0.63893213784,
      "max": 0.65688655384,
      "times": [
        0.64184639384,
        0.64451311584,
        0.64400586284,
        0.64119636484,
        0.6481508098400001,
        0.64325085484,
        0.64865650484,
        0.6547474278400001,
        0.65688655384,
        0.63893213784
      ],
      "exit_codes": [
        0,
        0,
        0,
        0,
        0,
        0,
        0,
        0,
        0,
        0
      ]
    },
    {
      "command": "yarn",
      "mean": 7.416290343140001,
      "stddev": 0.7017876108627829,
      "median": 7.37767343234,
      "user": 4.03430318,
      "system": 1.5711309,
      "min": 6.1645765068400005,
      "max": 8.56139281584,
      "times": [
        7.41068650184,
        7.92203789084,
        7.75813304884,
        6.9878640158400005,
        6.1645765068400005,
        8.56139281584,
        7.34466036284,
        6.92313298884,
        6.76764345884,
        8.32277584084
      ],
      "exit_codes": [
        0,
        0,
        0,
        0,
        0,
        0,
        0,
        0,
        0,
        0
      ]
    },
    {
      "command": "berry",
      "mean": 2.36294595564,
      "stddev": 0.07589702718075969,
      "median": 2.3325401898400004,
      "user": 2.4567810799999994,
      "system": 0.4091378,
      "min": 2.2610406858400003,
      "max": 2.4849534498400003,
      "times": [
        2.4849534498400003,
        2.2960851678400003,
        2.3164197838400002,
        2.2610406858400003,
        2.4192176668400003,
        2.4279723218400004,
        2.4672082568400002,
        2.34866059584,
        2.2923849408400003,
        2.31551668684
      ],
      "exit_codes": [
        0,
        0,
        0,
        0,
        0,
        0,
        0,
        0,
        0,
        0
      ]
    },
    {
      "command": "pnpm",
      "mean": 1.5473670426400001,
      "stddev": 0.18340773385672535,
      "median": 1.48106406084,
      "user": 1.7664962799999997,
      "system": 0.3445753,
      "min": 1.35683856784,
      "max": 1.9244028448400001,
      "times": [
        1.7280952978400002,
        1.37494469584,
        1.40556580284,
        1.4560490508400001,
        1.7308325478400002,
        1.50607907084,
        1.61016836684,
        1.35683856784,
        1.9244028448400001,
        1.38069418084
      ],
      "exit_codes": [
        0,
        0,
        0,
        0,
        0,
        0,
        0,
        0,
        0,
        0
      ]
    },
    {
      "command": "vlt",
      "mean": 0.33525035254,
      "stddev": 0.010885139580688869,
      "median": 0.33005200734,
      "user": 0.37358547999999997,
      "system": 0.07623079999999999,
      "min": 0.32276172984,
      "max": 0.35461002684,
      "times": [
        0.34751176884,
        0.35461002684,
        0.35161053384,
        0.32887092684,
        0.32590776384000003,
        0.32840377384,
        0.33068928684,
        0.32941472784000003,
        0.33272298684,
        0.32276172984
      ],
      "exit_codes": [
        0,
        0,
        0,
        0,
        0,
        0,
        0,
        0,
        0,
        0
      ]
    },
    {
      "command": "bun",
      "mean": 0.03942985594,
      "stddev": 0.0015394820074305818,
      "median": 0.03930007784,
      "user": 0.00830948,
      "system": 0.03687410000000001,
      "min": 0.03734759984,
      "max": 0.042650954840000005,
      "times": [
        0.03740932484,
        0.03734759984,
        0.042650954840000005,
        0.04075050184,
        0.03827537884,
        0.039107829840000004,
        0.03949232584,
        0.04064563084,
        0.03898191584,
        0.039637096840000004
      ],
      "exit_codes": [
        0,
        0,
        0,
        0,
        0,
        0,
        0,
        0,
        0,
        0
      ]
    },
    {
      "command": "deno",
      "mean": 0.66241680874,
      "stddev": 0.09449733412269141,
      "median": 0.63352849334,
      "user": 0.9110986799999999,
      "system": 0.3100977,
      "min": 0.61800911784,
      "max": 0.94524419284,
      "times": [
        0.62843535984,
        0.63105675084,
        0.62363385784,
        0.63600023584,
        0.63658339184,
        0.62815875784,
        0.64088511484,
        0.63616130784,
        0.61800911784,
        0.94524419284
      ],
      "exit_codes": [
        0,
        0,
        0,
        0,
        0,
        0,
        0,
        0,
        0,
        0
      ]
    }
  ]
}