{
  "results": [
    {
      "command": "npm",
      "mean": 1.31582238242,
      "stddev": 0.0064533762049244475,
      "median": 1.31478655942,
      "user": 1.4107418,
      "system": 0.5489581999999998,
      "min": 1.30688252292,
      "max": 1.32765182892,
      "times": [
        1.31235378092,
        1.32354669192,
        1.30900352692,
        1.32765182892,
        1.32108896692,
        1.30983867892,
        1.31828470792,
        1.30688252292,
        1.31296169192,
        1.31661142692
      ],
      "exit_codes": [
        0,
        0,
        0,
        0,
        0,
        0,
        0,
        0,
        0,
        0
      ]
    },
    {
      "command": "yarn",
      "mean": 3.8460035328199993,
      "stddev": 0.07741731478854416,
      "median": 3.87290486942,
      "user": 5.7407070000000004,
      "system": 2.2900462999999998,
      "min": 3.73531176192,
      "max": 3.94063756192,
      "times": [
        3.94063756192,
        3.85650552792,
        3.93563975992,
        3.88930421092,
        3.73531176192,
        3.7591629749199997,
        3.91526537192,
        3.73718817592,
        3.79793641192,
        3.89308357092
      ],
      "exit_codes": [
        0,
        0,
        0,
        0,
        0,
        0,
        0,
        0,
        0,
        0
      ]
    },
    {
      "command": "berry",
      "mean": 2.4393377345199996,
      "stddev": 0.042918435718581845,
      "median": 2.4379368139199995,
      "user": 3.7678532999999996,
      "system": 1.1634170999999998,
      "min": 2.37912830192,
      "max": 2.52927599092,
      "times": [
        2.48470273592,
        2.4359062739199997,
        2.45722714892,
        2.4350255059199997,
        2.37912830192,
        2.3967692659199997,
        2.38987080192,
        2.4399673539199997,
        2.52927599092,
        2.44550396592
      ],
      "exit_codes": [
        0,
        0,
        0,
        0,
        0,
        0,
        0,
        0,
        0,
        0
      ]
    },
    {
      "command": "pnpm",
      "mean": 1.2360112808200001,
      "stddev": 0.15361494538329434,
      "median": 1.18132550192,
      "user": 1.6825929999999996,
      "system": 0.49768160000000006,
      "min": 1.11188218492,
      "max": 1.6066407239200002,
      "times": [
        1.14626498092,
        1.6066407239200002,
        1.11326616292,
        1.4478068379200002,
        1.1986239249200001,
        1.2112801259200001,
        1.11188218492,
        1.21010504892,
        1.15021573892,
        1.16402707892
      ],
      "exit_codes": [
        0,
        0,
        0,
        0,
        0,
        0,
        0,
        0,
        0,
        0
      ]
    },
    {
      "command": "vlt",
      "mean": 4.68135685842,
      "stddev": 0.1250999121602031,
      "median": 4.68531801392,
      "user": 3.8412297999999994,
      "system": 1.6217726,
      "min": 4.39156837092,
      "max": 4.83862566792,
      "times": [
        4.65312179492,
        4.8159497909199995,
        4.67188594992,
        4.61230874592,
        4.83862566792,
        4.59175770392,
        4.39156837092,
        4.76509802492,
        4.77450245692,
        4.69875007792
      ],
      "exit_codes": [
        0,
        0,
        0,
        0,
        0,
        0,
        0,
        0,
        0,
        0
      ]
    },
    {
      "command": "bun",
      "mean": 0.33987635252000004,
      "stddev": 0.09225459273021447,
      "median": 0.32241927892,
      "user": 0.23295530000000003,
      "system": 0.2344991,
      "min": 0.23232214792000003,
      "max": 0.49280199992,
      "times": [
        0.32375092692,
        0.28351362992,
        0.23232214792000003,
        0.37322025092,
        0.24250936392000003,
        0.42368173792,
        0.47211937392000003,
        0.23375646292000002,
        0.49280199992,
        0.32108763092000003
      ],
      "exit_codes": [
        0,
        0,
        0,
        0,
        0,
        0,
        0,
        0,
        0,
        0
      ]
    },
    {
      "command": "deno",
      "mean": 2.35562371212,
      "stddev": 0.3186856072624825,
      "median": 2.39043650292,
      "user": 0.7349161,
      "system": 0.4297485,
      "min": 1.92611209692,
      "max": 2.8613617419199997,
      "times": [
        2.36597956492,
        2.8613617419199997,
        2.47770244192,
        1.99919364792,
        2.09382281092,
        2.0115243389199997,
        2.41489344092,
        2.73239316092,
        2.67325387592,
        1.92611209692
      ],
      "exit_codes": [
        0,
        0,
        0,
        0,
        0,
        0,
        0,
        0,
        0,
        0
      ]
    }
  ]
}