{
  "results": [
    {
      "command": "npm",
      "mean": 33.86087025932001,
      "stddev": 0.9620661822537151,
      "median": 33.99929151902,
      "user": 11.66831728,
      "system": 3.44247868,
      "min": 31.95820647152,
      "max": 35.277731722519995,
      "times": [
        31.95820647152,
        32.85974939352,
        33.34046326652,
        35.277731722519995,
        33.622232851519996,
        34.72403787152,
        34.47594303552,
        34.37635018652,
        34.64925008252,
        33.324737711519994
      ],
      "exit_codes": [
        0,
        0,
        0,
        0,
        0,
        0,
        0,
        0,
        0,
        0
      ]
    },
    {
      "command": "yarn",
      "mean": 14.07711467402,
      "stddev": 0.21273110821017463,
      "median": 14.067606510520001,
      "user": 13.90482638,
      "system": 6.74125018,
      "min": 13.76757891752,
      "max": 14.41511977152,
      "times": [
        13.97595832652,
        14.41511977152,
        14.13317969552,
        14.15218955552,
        13.81627572652,
        13.76757891752,
        13.88198162452,
        14.002033325520001,
        14.31824282652,
        14.30858697052
      ],
      "exit_codes": [
        0,
        0,
        0,
        0,
        0,
        0,
        0,
        0,
        0,
        0
      ]
    },
    {
      "command": "berry",
      "mean": 5.043795209420001,
      "stddev": 0.07695048939279397,
      "median": 5.06655156352,
      "user": 6.916773679999999,
      "system": 2.15127298,
      "min": 4.903381764520001,
      "max": 5.12937949752,
      "times": [
        5.128947767520001,
        5.08158800052,
        4.903381764520001,
        4.999040675520001,
        5.0839770165200004,
        5.11811849552,
        5.05151512652,
        5.01398493052,
        5.12937949752,
        4.92801881952
      ],
      "exit_codes": [
        0,
        0,
        0,
        0,
        0,
        0,
        0,
        0,
        0,
        0
      ]
    },
    {
      "command": "pnpm",
      "mean": 4.93612293652,
      "stddev": 0.22561499815356104,
      "median": 4.87029950402,
      "user": 4.307417279999999,
      "system": 1.6272751800000003,
      "min": 4.69636801952,
      "max": 5.431602343520001,
      "times": [
        4.72565766852,
        4.69636801952,
        4.839221425520001,
        4.87087056152,
        5.214971862520001,
        5.03588012352,
        4.974304070520001,
        5.431602343520001,
        4.869728446520001,
        4.702624843520001
      ],
      "exit_codes": [
        0,
        0,
        0,
        0,
        0,
        0,
        0,
        0,
        0,
        0
      ]
    },
    {
      "command": "vlt",
      "mean": 5.8535294890200005,
      "stddev": 0.40611336173061674,
      "median": 5.785130669020001,
      "user": 5.02172868,
      "system": 2.2575492799999997,
      "min": 5.26714707052,
      "max": 6.650289590520001,
      "times": [
        5.93908484452,
        6.650289590520001,
        5.487350059520001,
        5.535333377520001,
        5.26714707052,
        6.354009324520001,
        5.59545314252,
        5.8888536915200005,
        6.13636614252,
        5.68140764652
      ],
      "exit_codes": [
        0,
        0,
        0,
        0,
        0,
        0,
        0,
        0,
        0,
        0
      ]
    },
    {
      "command": "bun",
      "mean": 2.3176400290199997,
      "stddev": 0.23699966860993996,
      "median": 2.30778428702,
      "user": 0.78679028,
      "system": 0.96198218,
      "min": 2.01681384152,
      "max": 2.91396744552,
      "times": [
        2.13159124052,
        2.01681384152,
        2.30766656752,
        2.91396744552,
        2.4357149265199998,
        2.39800351852,
        2.30790200652,
        2.22959165152,
        2.34524307252,
        2.08990601952
      ],
      "exit_codes": [
        0,
        0,
        0,
        0,
        0,
        0,
        0,
        0,
        0,
        0
      ]
    },
    {
      "command": "deno",
      "mean": 20.525958655019995,
      "stddev": 23.758578795323913,
      "median": 12.71946148152,
      "user": 2.4581155800000003,
      "system": 1.17775278,
      "min": 11.08392934952,
      "max": 91.70924228551999,
      "times": [
        11.807500924520001,
        15.70481432052,
        91.70924228551999,
        12.05687128852,
        13.01922911952,
        13.01957464752,
        12.69343637352,
        12.74548658952,
        11.419501651520001,
        11.08392934952
      ],
      "exit_codes": [
        0,
        0,
        0,
        0,
        0,
        0,
        0,
        0,
        0,
        0
      ]
    }
  ]
}