{
  "results": [
    {
      "command": "npm",
      "mean": 23.397404915739997,
      "stddev": 0.8941789679716052,
      "median": 23.39443569294,
      "user": 12.806522699999999,
      "system": 3.93541848,
      "min": 21.99224610144,
      "max": 24.94483040244,
      "times": [
        23.88141707844,
        21.99224610144,
        24.53700945944,
        23.12226523244,
        23.47585763644,
        23.31301374944,
        23.78394642944,
        24.94483040244,
        22.23343916944,
        22.69002389844
      ],
      "exit_codes": [
        0,
        0,
        0,
        0,
        0,
        0,
        0,
        0,
        0,
        0
      ]
    },
    {
      "command": "yarn",
      "mean": 14.350215871839998,
      "stddev": 0.4607903679248463,
      "median": 14.181102618939999,
      "user": 19.9069836,
      "system": 8.748456479999998,
      "min": 14.06726522444,
      "max": 15.69910129444,
      "times": [
        14.37740283444,
        14.12391896744,
        14.15310297544,
        14.09216925644,
        14.20910226244,
        14.27185303744,
        14.06726522444,
        14.14969049144,
        15.69910129444,
        14.35855237444
      ],
      "exit_codes": [
        0,
        0,
        0,
        0,
        0,
        0,
        0,
        0,
        0,
        0
      ]
    },
    {
      "command": "berry",
      "mean": 4.559462894540001,
      "stddev": 0.05310280054823918,
      "median": 4.56257316994,
      "user": 7.7452511999999984,
      "system": 2.39272288,
      "min": 4.47634209644,
      "max": 4.63303173644,
      "times": [
        4.54988690844,
        4.61075648844,
        4.52965262844,
        4.606329064440001,
        4.47634209644,
        4.47669227444,
        4.53084430344,
        4.60583401344,
        4.57525943144,
        4.63303173644
      ],
      "exit_codes": [
        0,
        0,
        0,
        0,
        0,
        0,
        0,
        0,
        0,
        0
      ]
    },
    {
      "command": "zpm",
      "mean": 2.2583824984399996,
      "stddev": 0.41014810599747137,
      "median": 2.41758219994,
      "user": 0.562171,
      "system": 0.4782264799999999,
      "min": 1.67114883444,
      "max": 2.71340608244,
      "times": [
        1.90188488644,
        1.67114883444,
        1.76351035844,
        2.6267904194400002,
        2.54494258744,
        2.6986434524400003,
        2.59612384944,
        1.7771527014400001,
        2.71340608244,
        2.29022181244
      ],
      "exit_codes": [
        0,
        0,
        0,
        0,
        0,
        0,
        0,
        0,
        0,
        0
      ]
    },
    {
      "command": "pnpm",
      "mean": 3.1256149707400005,
      "stddev": 0.1291199106935805,
      "median": 3.08102675544,
      "user": 4.679806499999999,
      "system": 1.6755287799999998,
      "min": 2.99657851044,
      "max": 3.4519666414400003,
      "times": [
        2.99657851044,
        3.08633686144,
        3.0249023254400003,
        3.16939593944,
        3.07615744644,
        3.05202224544,
        3.08589606444,
        3.05995751844,
        3.25293615444,
        3.4519666414400003
      ],
      "exit_codes": [
        0,
        0,
        0,
        0,
        0,
        0,
        0,
        0,
        0,
        0
      ]
    },
    {
      "command": "vlt",
      "mean": 5.2243713104400005,
      "stddev": 0.2767419477508492,
      "median": 5.21020987294,
      "user": 4.7195123,
      "system": 2.09797808,
      "min": 4.86563223844,
      "max": 5.7436450394400005,
      "times": [
        5.7436450394400005,
        4.89094936644,
        4.86563223844,
        5.10630237044,
        4.91101753544,
        5.21816919144,
        5.35284311144,
        5.46941337044,
        5.48349032644,
        5.20225055444
      ],
      "exit_codes": [
        0,
        0,
        0,
        0,
        0,
        0,
        0,
        0,
        0,
        0
      ]
    },
    {
      "command": "bun",
      "mean": 1.46042126634,
      "stddev": 0.3188655058016411,
      "median": 1.33395199794,
      "user": 0.9690252000000001,
      "system": 1.0293132799999998,
      "min": 1.23866227444,
      "max": 2.35710088844,
      "times": [
        1.5556356874400001,
        1.28922952144,
        1.25227049744,
        1.58119131644,
        2.35710088844,
        1.32254582644,
        1.34535816944,
        1.30314665344,
        1.23866227444,
        1.35907182844
      ],
      "exit_codes": [
        0,
        0,
        0,
        0,
        0,
        0,
        0,
        0,
        0,
        0
      ]
    },
    {
      "command": "deno",
      "mean": 2.3376075399399996,
      "stddev": 0.4128661401493699,
      "median": 2.27949663994,
      "user": 1.5849919,
      "system": 1.1885965799999998,
      "min": 1.71205040644,
      "max": 3.02881750144,
      "times": [
        1.97979033444,
        2.96776948644,
        3.02881750144,
        2.61454565444,
        1.95686507944,
        1.71205040644,
        2.22517862244,
        2.4644732624400003,
        2.33381465744,
        2.09277039444
      ],
      "exit_codes": [
        0,
        0,
        0,
        0,
        0,
        0,
        0,
        0,
        0,
        0
      ]
    }
  ]
}