{
  "results": [
    {
      "command": "npm",
      "mean": 32.91829796588,
      "stddev": 1.8342290174563283,
      "median": 32.904238137280004,
      "user": 12.58017884,
      "system": 3.33107572,
      "min": 30.315305982279998,
      "max": 36.32277551828,
      "times": [
        31.97426955628,
        33.95393067028,
        32.97870238128,
        30.85443141428,
        33.21573979728,
        35.43643778028,
        30.315305982279998,
        32.82977389328,
        36.32277551828,
        31.30161266528
      ],
      "exit_codes": [
        0,
        0,
        0,
        0,
        0,
        0,
        0,
        0,
        0,
        0
      ]
    },
    {
      "command": "yarn",
      "mean": 13.581861650479997,
      "stddev": 0.286347120824503,
      "median": 13.46201168078,
      "user": 14.45253904,
      "system": 7.134046719999999,
      "min": 13.24617536528,
      "max": 14.09591102228,
      "times": [
        13.73357986928,
        13.45507164428,
        14.07421689728,
        13.24617536528,
        13.46895171728,
        13.44486729628,
        13.38870225928,
        13.28124125228,
        13.629899181279999,
        14.09591102228
      ],
      "exit_codes": [
        0,
        0,
        0,
        0,
        0,
        0,
        0,
        0,
        0,
        0
      ]
    },
    {
      "command": "berry",
      "mean": 5.287680656179999,
      "stddev": 0.550137092836993,
      "median": 5.0333265017799995,
      "user": 7.363671439999999,
      "system": 2.2559996200000003,
      "min": 4.86938315628,
      "max": 6.69007214528,
      "times": [
        5.05365527628,
        5.01299772728,
        4.86938315628,
        4.94615685928,
        4.92697490728,
        5.91124913728,
        5.26010599628,
        4.9447801692799995,
        5.2614311872799995,
        6.69007214528
      ],
      "exit_codes": [
        0,
        0,
        0,
        0,
        0,
        0,
        0,
        0,
        0,
        0
      ]
    },
    {
      "command": "pnpm",
      "mean": 4.4593583486799995,
      "stddev": 0.16803250554098192,
      "median": 4.471703850779999,
      "user": 4.95454784,
      "system": 1.76513912,
      "min": 4.11179964728,
      "max": 4.77511691228,
      "times": [
        4.48417510428,
        4.47341712928,
        4.34647406428,
        4.77511691228,
        4.41118599728,
        4.539502929279999,
        4.4699905722799995,
        4.11179964728,
        4.6277782392799995,
        4.3541428912799995
      ],
      "exit_codes": [
        0,
        0,
        0,
        0,
        0,
        0,
        0,
        0,
        0,
        0
      ]
    },
    {
      "command": "vlt",
      "mean": 6.747990724379998,
      "stddev": 0.6514441926872163,
      "median": 6.57768022528,
      "user": 5.44364044,
      "system": 2.2474997199999995,
      "min": 6.00149225728,
      "max": 8.36743276928,
      "times": [
        6.331486358279999,
        6.55572038528,
        7.12465930428,
        6.59964006528,
        7.244071874279999,
        6.24070920128,
        6.00149225728,
        6.31978073128,
        8.36743276928,
        6.6949142972799995
      ],
      "exit_codes": [
        0,
        0,
        0,
        0,
        0,
        0,
        0,
        0,
        0,
        0
      ]
    },
    {
      "command": "bun",
      "mean": 2.30270052808,
      "stddev": 0.5749688324015323,
      "median": 2.1075016667799997,
      "user": 0.86397914,
      "system": 1.0455925199999998,
      "min": 1.91941249328,
      "max": 3.94275853128,
      "times": [
        3.94275853128,
        1.91941249328,
        2.3095751022799997,
        2.2508163462799997,
        2.10060424328,
        1.96606707928,
        1.9856679992800002,
        2.50368482828,
        2.1143990902799996,
        1.93401956728
      ],
      "exit_codes": [
        0,
        0,
        0,
        0,
        0,
        0,
        0,
        0,
        0,
        0
      ]
    },
    {
      "command": "deno",
      "mean": 11.583633986379997,
      "stddev": 1.2279437649625127,
      "median": 11.39736638528,
      "user": 2.49740634,
      "system": 1.29371182,
      "min": 9.93766525028,
      "max": 13.76023857028,
      "times": [
        10.75074832728,
        12.98115504828,
        13.03227783328,
        9.93766525028,
        10.12350151528,
        11.46996170328,
        13.76023857028,
        10.76896180828,
        11.68705874028,
        11.32477106728
      ],
      "exit_codes": [
        0,
        0,
        0,
        0,
        0,
        0,
        0,
        0,
        0,
        0
      ]
    }
  ]
}