{
  "results": [
    {
      "command": "npm",
      "mean": 9.27014675952,
      "stddev": 0.46090090437194975,
      "median": 9.10572212342,
      "user": 3.5272901600000006,
      "system": 0.7952867200000001,
      "min": 8.75215537592,
      "max": 10.268923877919999,
      "times": [
        9.20486781792,
        8.91619317292,
        8.75215537592,
        8.93472749292,
        9.51839319792,
        9.006576428919999,
        9.24041383592,
        9.89519358392,
        10.268923877919999,
        8.96402281092
      ],
      "exit_codes": [
        0,
        0,
        0,
        0,
        0,
        0,
        0,
        0,
        0,
        0
      ]
    },
    {
      "command": "yarn",
      "mean": 6.680605250619999,
      "stddev": 0.45968752177170175,
      "median": 6.49648291542,
      "user": 6.02138446,
      "system": 1.56726492,
      "min": 6.14499499192,
      "max": 7.50323286192,
      "times": [
        6.52763893392,
        7.01107205492,
        6.659757195919999,
        6.32255709792,
        6.284248593919999,
        6.420877249919999,
        7.466346628919999,
        6.14499499192,
        7.50323286192,
        6.46532689692
      ],
      "exit_codes": [
        0,
        0,
        0,
        0,
        0,
        0,
        0,
        0,
        0,
        0
      ]
    },
    {
      "command": "berry",
      "mean": 3.2805765156200004,
      "stddev": 0.11302516451730484,
      "median": 3.26119487992,
      "user": 4.083809560000001,
      "system": 0.8903283200000001,
      "min": 3.12567486292,
      "max": 3.5066146219200003,
      "times": [
        3.5066146219200003,
        3.35797398792,
        3.31721888192,
        3.25222409692,
        3.41054996592,
        3.19883458692,
        3.15246655392,
        3.12567486292,
        3.21404193492,
        3.27016566292
      ],
      "exit_codes": [
        0,
        0,
        0,
        0,
        0,
        0,
        0,
        0,
        0,
        0
      ]
    },
    {
      "command": "pnpm",
      "mean": 1.9606415180200003,
      "stddev": 0.19916787978437778,
      "median": 1.92921314792,
      "user": 2.1431498600000003,
      "system": 0.43690971999999995,
      "min": 1.7597131729200002,
      "max": 2.46555742092,
      "times": [
        1.84495470392,
        1.7597131729200002,
        2.08424549992,
        2.04360891992,
        1.94330453192,
        1.7614148899200002,
        1.9151217639200002,
        2.46555742092,
        1.80781535692,
        1.9806789199200001
      ],
      "exit_codes": [
        0,
        0,
        0,
        0,
        0,
        0,
        0,
        0,
        0,
        0
      ]
    },
    {
      "command": "vlt",
      "mean": 3.46451751322,
      "stddev": 0.3069101859211915,
      "median": 3.4699736209200003,
      "user": 2.14862486,
      "system": 0.57636872,
      "min": 3.0296171209200002,
      "max": 4.094183707919999,
      "times": [
        3.4336686219200003,
        3.16279308492,
        3.0296171209200002,
        3.08405427892,
        3.56334506092,
        3.3911193549200003,
        3.71178705192,
        3.5062786199200002,
        4.094183707919999,
        3.66832822992
      ],
      "exit_codes": [
        0,
        0,
        0,
        0,
        0,
        0,
        0,
        0,
        0,
        0
      ]
    },
    {
      "command": "bun",
      "mean": 0.93022190332,
      "stddev": 0.10864748802498479,
      "median": 0.88975385442,
      "user": 0.42632706000000004,
      "system": 0.25633932000000004,
      "min": 0.80525052292,
      "max": 1.10399251792,
      "times": [
        1.10399251792,
        0.88173599992,
        0.98773458892,
        0.80525052292,
        0.83476795692,
        0.81033389792,
        1.03620367592,
        0.85543721092,
        0.89777170892,
        1.0889909529200001
      ],
      "exit_codes": [
        0,
        0,
        0,
        0,
        0,
        0,
        0,
        0,
        0,
        0
      ]
    },
    {
      "command": "deno",
      "mean": 4.251737722220001,
      "stddev": 0.6432070598006017,
      "median": 4.183637506419999,
      "user": 1.1964261600000001,
      "system": 0.3015213199999999,
      "min": 3.20540948392,
      "max": 5.661210541919999,
      "times": [
        4.544669003919999,
        4.2617561859199995,
        4.102206531919999,
        3.20540948392,
        3.71304804192,
        5.661210541919999,
        4.253864506919999,
        4.89019044392,
        3.77161197592,
        4.113410505919999
      ],
      "exit_codes": [
        0,
        0,
        0,
        0,
        0,
        0,
        0,
        0,
        0,
        0
      ]
    }
  ]
}