{
  "results": [
    {
      "command": "npm",
      "mean": 27.014902374899997,
      "stddev": 1.3293077603232695,
      "median": 27.384027807000002,
      "user": 13.569377679999999,
      "system": 4.21359372,
      "min": 25.018384497,
      "max": 28.593072435,
      "times": [
        28.593072435,
        26.439175691,
        25.018384497,
        27.554423522,
        28.053178141,
        28.085399483,
        28.559267222,
        27.213632092,
        25.591866595,
        25.040624071
      ],
      "exit_codes": [
        0,
        0,
        0,
        0,
        0,
        0,
        0,
        0,
        0,
        0
      ]
    },
    {
      "command": "yarn",
      "mean": 15.022374042300001,
      "stddev": 0.5714410840994245,
      "median": 14.831267767,
      "user": 20.117439279999996,
      "system": 8.769830719999998,
      "min": 14.432393307,
      "max": 16.293314375,
      "times": [
        14.685930934,
        14.59635952,
        14.432393307,
        14.433949369,
        15.470743664,
        16.293314375,
        14.579335049,
        15.446243012,
        15.308866593,
        14.9766046
      ],
      "exit_codes": [
        0,
        0,
        0,
        0,
        0,
        0,
        0,
        0,
        0,
        0
      ]
    },
    {
      "command": "berry",
      "mean": 4.6675475867000005,
      "stddev": 0.20564480231747823,
      "median": 4.5927656685,
      "user": 7.6154240799999995,
      "system": 2.44922862,
      "min": 4.489274913,
      "max": 5.173350919,
      "times": [
        4.615443701,
        4.489274913,
        4.542267116,
        4.570087636,
        4.550171536,
        4.669563318,
        4.630714706,
        5.173350919,
        4.926205976,
        4.508396046
      ],
      "exit_codes": [
        0,
        0,
        0,
        0,
        0,
        0,
        0,
        0,
        0,
        0
      ]
    },
    {
      "command": "zpm",
      "mean": 2.6185651012,
      "stddev": 0.596800615032863,
      "median": 2.3971510499999997,
      "user": 0.55120988,
      "system": 0.52067362,
      "min": 2.097230758,
      "max": 4.13542101,
      "times": [
        4.13542101,
        3.01637001,
        3.043020407,
        2.175042689,
        2.241826024,
        2.376307754,
        2.097230758,
        2.417994346,
        2.513343844,
        2.16909417
      ],
      "exit_codes": [
        0,
        0,
        0,
        0,
        0,
        0,
        0,
        0,
        0,
        0
      ]
    },
    {
      "command": "pnpm",
      "mean": 3.8563332936999997,
      "stddev": 0.7798083957120117,
      "median": 3.4409385805,
      "user": 4.9266606799999995,
      "system": 1.8223782199999996,
      "min": 3.101318659,
      "max": 5.414675621,
      "times": [
        3.101318659,
        3.293052635,
        5.048218008,
        3.362699219,
        3.292558788,
        3.395508072,
        3.486369089,
        5.414675621,
        3.678375288,
        4.490557558
      ],
      "exit_codes": [
        0,
        0,
        0,
        0,
        0,
        0,
        0,
        0,
        0,
        0
      ]
    },
    {
      "command": "vlt",
      "mean": 5.8210681662,
      "stddev": 0.7261870312697045,
      "median": 5.7482137275,
      "user": 4.94334948,
      "system": 2.12564742,
      "min": 5.056839497,
      "max": 7.492429694,
      "times": [
        5.056839497,
        6.25105826,
        5.265887414,
        5.692720335,
        7.492429694,
        5.80370712,
        5.074517408,
        5.153678165,
        6.411078082,
        6.008765687
      ],
      "exit_codes": [
        0,
        0,
        0,
        0,
        0,
        0,
        0,
        0,
        0,
        0
      ]
    },
    {
      "command": "bun",
      "mean": 2.1233601323,
      "stddev": 1.5391329915907985,
      "median": 1.558386127,
      "user": 0.9160096799999998,
      "system": 1.0886614199999998,
      "min": 1.42879699,
      "max": 6.719065503,
      "times": [
        1.5163469950000001,
        1.539721256,
        1.553947199,
        1.503070747,
        1.42879699,
        1.908454238,
        1.562825055,
        1.873433183,
        6.719065503,
        1.627940157
      ],
      "exit_codes": [
        0,
        0,
        0,
        0,
        0,
        0,
        0,
        0,
        0,
        0
      ]
    },
    {
      "command": "deno",
      "mean": 8.9063780119,
      "stddev": 1.816512788246373,
      "median": 8.448522571,
      "user": 2.7853691800000004,
      "system": 1.39870822,
      "min": 6.833684111,
      "max": 13.608295404,
      "times": [
        9.129880485,
        13.608295404,
        8.158559019,
        7.617613927,
        8.81292165,
        8.738486123,
        7.715586354,
        10.378899759,
        6.833684111,
        8.069853287
      ],
      "exit_codes": [
        0,
        0,
        0,
        0,
        0,
        0,
        0,
        0,
        0,
        0
      ]
    }
  ]
}